step,il,kind,route_us,readback_us,load_wall_us,pread_us,pread_wall_us,repack_us,placement_us,sync_us,load_other_us,load_hidden_us,compute_us,lookups,hits,misses,n_slots
0,-2,pre,360,0,0,0,0,0,0,0,0,0,0,0,0,0,0
0,0,dense,6138,143,0,0,0,0,0,0,0,0,0,0,0,0,0
0,1,moe,8905,109,50308,27814,27815,22268,0,0,225,0,1281,0,0,0,16
0,2,moe,4288,56,37445,18386,18387,14528,4320,1,209,0,1303,16,0,16,16
0,3,moe,13537,56,39097,21335,21336,13408,4195,0,158,0,1293,15,0,15,15
0,4,moe,8287,55,41125,20912,20912,16090,3952,0,171,0,1087,16,0,16,16
0,5,moe,4240,54,36581,20289,20290,12277,3881,1,132,0,1097,16,0,16,16
0,6,moe,8477,56,45525,22670,22671,18228,4455,0,171,0,1292,16,0,16,16
0,7,moe,8743,49,34663,19131,19131,11574,3778,0,180,0,1081,15,0,15,15
0,8,moe,8554,53,40913,20714,20715,15959,4097,0,142,0,1096,16,0,16,16
0,9,moe,6163,58,39848,21708,21710,13499,4489,0,150,0,1287,15,0,15,15
0,10,moe,7545,54,41696,21432,21432,16231,3828,1,204,0,1094,16,0,16,16
0,11,moe,14323,50,34146,18697,18698,11526,3790,1,131,0,1094,15,0,15,15
0,12,moe,7247,55,46829,24034,24038,18296,4301,1,193,0,1476,16,0,16,16
0,13,moe,5984,56,43338,18760,18760,21059,3339,1,179,0,1168,15,0,15,15
0,14,moe,4141,59,36539,20234,20234,12457,3712,0,136,0,1129,16,0,16,16
0,15,moe,12591,51,43816,21090,21092,18442,4097,0,185,0,1298,15,0,15,15
0,16,moe,4779,50,40967,20741,20742,16090,3938,1,196,0,1119,16,0,16,16
0,17,moe,9586,54,40213,20329,20329,16021,3720,0,143,0,1114,16,0,16,16
0,18,moe,1845,55,39660,17163,17163,18265,4076,0,156,0,1299,15,0,15,15
0,19,moe,1386,48,29100,8880,8880,16192,3865,0,163,0,1101,16,0,16,16
0,20,moe,1207,55,26130,6159,6160,16047,3788,0,135,0,1111,16,0,16,16
0,21,moe,1327,57,34628,5254,5254,24812,4374,0,188,0,1299,16,0,16,16
0,22,moe,1339,57,20787,4447,4449,12304,3848,0,186,0,1115,16,0,16,16
0,23,moe,829,35,26611,4817,4818,17311,4304,0,178,0,1296,15,0,15,15
0,24,moe,1326,40,27444,5292,5293,17728,4279,0,144,0,1314,16,0,16,16
0,25,moe,1333,38,33007,5252,5254,23065,4554,0,134,0,1302,16,0,16,16
0,26,moe,802,36,11982,2638,2638,7093,2161,0,90,0,788,8,0,8,8
0,-1,epi,0,0,0,0,0,0,0,0,5430,0,0,0,0,0,0
1,-2,pre,80,0,0,0,0,0,0,0,0,0,0,0,0,0,0
1,0,dense,2556,48,0,0,0,0,0,0,0,0,0,0,0,0,0
1,1,moe,1344,40,34697,18113,18113,13264,3205,0,115,0,1305,12,0,12,12
1,2,moe,1133,39,34549,19271,19273,11572,3579,0,125,0,1292,13,0,13,13
1,3,moe,675,36,37746,19174,19175,14897,3552,0,122,0,1328,14,1,13,14
1,4,moe,1136,40,32597,18268,18270,10845,3279,0,203,0,1102,15,1,14,15
1,5,moe,1271,41,30597,17171,17172,10493,2826,0,106,0,1119,14,2,12,14
1,6,moe,1140,39,31922,17585,17586,10817,3372,0,147,0,1286,14,2,12,14
1,7,moe,678,35,41507,21212,21213,16195,3941,0,158,0,1104,16,0,16,16
1,8,moe,1134,39,28301,15936,15938,9206,3049,0,108,0,1111,13,1,12,13
1,9,moe,1260,39,38383,19089,19090,15395,3753,0,145,0,1366,15,2,13,15
1,10,moe,1133,39,27440,15247,15248,9282,2773,0,137,0,1102,15,3,12,15
1,11,moe,675,34,31409,17333,17336,10725,3236,0,112,0,1135,15,1,14,15
1,12,moe,1128,41,40302,20015,20015,16535,3603,0,149,0,1332,16,2,14,16
1,13,moe,1261,47,30007,16936,16937,10028,2908,0,134,0,1112,14,1,13,14
1,14,moe,1129,39,34274,18040,18041,13152,2964,0,117,0,1134,16,2,14,16
1,15,moe,681,34,40416,21581,21581,15127,3569,0,139,0,1325,15,2,13,15
1,16,moe,1154,46,34995,20170,20170,10841,3797,0,187,0,1134,16,2,14,16
1,17,moe,1263,45,34979,17555,17555,13687,3627,1,109,0,1117,14,1,13,14
1,18,moe,6778,39,41433,22951,22955,13488,4826,0,164,0,1330,15,0,15,15
1,19,moe,10177,32,40699,23173,23173,13627,3752,0,147,0,1108,15,1,14,15
1,20,moe,1128,43,34108,19277,19279,10732,3971,0,126,0,1109,15,1,14,15
1,21,moe,1249,42,25608,9957,9957,12185,3308,0,158,0,1300,15,5,10,15
1,22,moe,1258,41,17000,5275,5275,8489,3077,0,159,0,1102,15,4,11,15
1,23,moe,688,34,24900,5199,5201,15418,4124,0,157,0,1329,16,3,13,16
1,24,moe,1259,37,16981,3589,3589,9799,3493,0,100,0,1297,14,3,11,14
1,25,moe,1260,41,28882,4581,4582,19490,4695,0,115,0,1319,16,2,14,16
1,26,moe,673,34,12347,2645,2645,7125,2498,1,78,0,740,8,0,8,8
1,-1,epi,0,0,0,0,0,0,0,0,5475,0,0,0,0,0,0
2,-2,pre,7563,0,0,0,0,0,0,0,0,0,0,0,0,0,0
2,0,dense,119050,71,0,0,0,0,0,0,0,0,0,0,0,0,0
2,1,moe,59960,215,824028,441400,441408,329432,49916,0,3272,0,173591,0,0,0,216
2,2,moe,62339,177,645351,315578,315587,300772,11584,0,17408,0,136453,0,0,0,224
2,3,moe,43328,164,535979,258417,258428,246292,28880,0,2379,0,160374,0,0,0,200
2,4,moe,54947,178,434539,211657,211665,200737,19766,0,2371,0,110580,0,0,0,185
2,5,moe,55800,184,425494,186937,186949,211350,25050,0,2145,0,111241,0,0,0,164
2,6,moe,55411,1240,504363,199615,199622,268340,31406,0,4995,0,146521,0,0,0,171
2,7,moe,34480,173,406510,179551,179554,210500,14196,0,2260,0,104110,0,0,0,167
2,8,moe,54513,173,384219,192262,192266,173805,15887,0,2261,0,108531,0,0,0,179
2,9,moe,57396,220,442518,209354,209360,195364,35555,1,2238,0,135790,0,0,0,172
2,10,moe,51133,196,428236,214892,214903,189057,21953,1,2322,0,110824,0,0,0,189
2,11,moe,34852,180,451964,210971,210976,211356,27344,1,2287,0,111241,0,0,0,187
2,12,moe,53381,186,473968,217637,217644,219551,34508,0,2265,0,137468,0,0,0,178
2,13,moe,52292,399,415784,205792,205797,181898,25711,0,2378,0,108586,0,0,0,185
2,14,moe,52973,180,425109,200242,200247,196814,25305,0,2743,0,104975,0,0,0,181
2,15,moe,33132,160,496984,231912,231917,231762,30883,0,2422,0,139777,0,0,0,189
2,16,moe,49288,223,451842,216649,216657,212140,20724,1,2320,0,107981,0,0,0,190
2,17,moe,55842,182,437811,210805,210811,203221,21486,1,2292,0,113243,0,0,0,187
2,18,moe,54294,178,507041,233072,233086,238251,33340,0,2364,0,146476,0,0,0,192
2,19,moe,34745,155,495116,218730,218740,240738,33235,0,2403,0,108346,0,0,0,198
2,20,moe,66690,172,490309,216371,216378,240289,31295,0,2347,0,116612,0,0,0,192
2,21,moe,69669,157,569400,237206,237220,259776,69912,2,2490,0,195868,0,0,0,180
2,22,moe,63839,328,449524,222009,222019,198480,26209,1,2815,0,111534,0,0,0,193
2,23,moe,47473,168,458719,223313,223322,208816,24245,1,2335,0,146780,0,0,0,184
2,24,moe,66816,201,491821,235259,235266,218812,35322,1,2420,0,150516,0,0,0,193
2,25,moe,64889,158,471962,214322,214330,218701,36729,0,2202,0,145440,0,0,0,175
2,26,moe,43045,30,5,0,0,0,0,0,5,0,6,0,0,0,0
2,-1,epi,0,0,0,0,0,0,0,0,5,0,0,0,0,0,0
3,-2,pre,283,0,0,0,0,0,0,0,0,0,0,0,0,0,0
3,0,dense,12947,51,0,0,0,0,0,0,0,0,0,0,0,0,0
3,1,moe,8813,47,67774,27108,27109,27941,12520,0,204,0,5166,26,3,23,26
3,2,moe,8660,50,63387,25947,25949,25367,11871,0,200,0,3956,23,1,22,23
3,3,moe,11385,50,58974,24523,24525,22267,12009,1,172,0,3535,22,1,21,22
3,4,moe,8551,61,37103,17109,17110,12259,7545,0,189,0,2649,18,2,16,18
3,5,moe,8859,42,44314,20230,20232,14726,9196,1,159,0,3129,20,1,19,20
3,6,moe,8646,43,61198,27059,27059,20682,13233,0,224,0,3801,24,1,23,24
3,7,moe,10884,40,41229,18983,18984,13825,8227,0,193,0,2652,19,1,18,19
3,8,moe,8545,44,36863,16772,16772,12261,7685,0,145,0,2698,17,1,16,17
3,9,moe,11095,43,61889,25253,25254,19034,17396,0,205,0,4528,23,2,21,23
3,10,moe,10673,45,51644,25913,25916,18400,7094,0,234,0,2686,25,1,24,25
3,11,moe,17937,39,36185,16063,16063,11599,8369,1,153,0,3129,19,4,15,19
3,12,moe,10428,48,46251,21451,21455,16282,8315,0,199,0,3435,19,1,18,19
3,13,moe,11281,41,48596,23800,23800,16866,7719,1,210,0,2678,22,0,22,22
3,14,moe,8085,47,41991,20468,20469,15200,6162,0,160,0,2733,21,2,19,21
3,15,moe,13787,43,59162,24880,24881,24891,9183,0,207,0,3459,21,0,21,21
3,16,moe,8159,40,45658,21767,21768,16668,7004,0,218,0,2763,22,2,20,22
3,17,moe,7566,40,57896,25517,25519,25801,6376,0,200,0,2030,25,2,23,25
3,18,moe,6355,41,52881,25818,25818,19652,7204,1,206,0,3087,25,3,22,25
3,19,moe,12669,39,31998,6865,6866,19637,5258,0,237,0,2023,24,0,24,24
3,20,moe,1430,34,36315,7507,7508,21138,7491,1,177,0,2022,23,0,23,23
3,21,moe,1462,36,48000,11371,11372,25254,11138,1,235,0,2465,24,2,22,24
3,22,moe,1471,34,33965,7332,7333,17088,9330,0,214,0,2595,24,2,22,24
3,23,moe,1316,35,44046,8846,8847,24879,10113,1,206,0,2584,22,1,21,22
3,24,moe,1538,95,47125,10825,10826,27355,8755,0,189,0,2471,26,2,24,26
3,25,moe,1468,37,37164,13259,13259,20470,3252,0,183,0,2463,24,1,23,24
3,26,moe,5214,34,9645,4860,4860,3566,1167,0,52,0,5589,8,4,4,8
3,-1,epi,0,0,0,0,0,0,0,0,39595,0,0,0,0,0,0
4,-2,pre,118,0,0,0,0,0,0,0,0,0,0,0,0,0,0
4,0,dense,1433,51,0,0,0,0,0,0,0,0,0,0,0,0,0
4,1,moe,809,38,14040,5354,5354,6439,2191,0,56,0,1258,8,4,4,8
4,2,moe,728,36,6766,2449,2449,3218,1064,0,35,0,734,8,6,2,8
4,3,moe,553,32,13647,4967,4967,6463,2168,0,49,0,742,8,4,4,8
4,4,moe,744,35,9193,3530,3530,4185,1406,0,72,0,622,8,5,3,8
4,5,moe,812,37,7306,3542,3542,2283,1442,0,39,0,627,8,5,3,8
4,6,moe,731,34,8112,3604,3605,2756,1687,0,64,0,742,8,5,3,8
4,7,moe,552,31,8965,3279,3279,4190,1434,0,62,0,614,8,5,3,8
4,8,moe,736,32,8909,3239,3239,4147,1483,0,40,0,612,8,5,3,8
4,9,moe,791,33,9968,3601,3601,4918,1387,0,62,0,737,8,5,3,8
4,10,moe,720,34,10192,4343,4344,5579,196,1,72,0,613,8,4,4,8
4,11,moe,549,33,2576,1116,1116,1392,48,0,20,0,612,8,7,1,8
4,12,moe,717,32,14418,5912,5912,8145,280,0,81,0,733,8,3,5,8
4,13,moe,794,32,5201,2220,2220,2832,96,0,53,0,602,8,6,2,8
4,14,moe,718,30,4975,2092,2092,2758,98,0,27,0,603,8,6,2,8
4,15,moe,546,28,8664,3511,3512,4928,166,0,58,0,730,8,5,3,8
4,16,moe,718,30,8112,3286,3286,4185,592,0,49,0,616,8,5,3,8
4,17,moe,790,32,5641,3181,3181,2275,146,0,39,0,1096,8,5,3,8
4,18,moe,735,32,7130,3603,3603,2769,701,0,57,0,736,8,5,3,8
4,19,moe,553,45,4213,1660,1660,2337,150,0,66,0,614,8,5,3,8
4,20,moe,743,29,3067,1417,1417,1523,101,0,26,0,614,8,6,2,8
4,21,moe,792,30,3872,912,912,2737,171,0,52,0,737,8,5,3,8
4,22,moe,789,30,4310,1745,1745,2351,152,0,62,0,615,8,5,3,8
4,23,moe,562,29,3866,889,889,2751,169,0,57,0,745,8,5,3,8
4,24,moe,811,29,6313,1554,1555,4414,283,0,61,0,748,8,3,5,8
4,25,moe,810,29,7601,1890,1890,5312,344,0,55,0,741,8,2,6,8
4,26,moe,562,32,11871,6181,6181,4433,1212,0,45,0,1250,8,3,5,8
4,-1,epi,0,0,0,0,0,0,0,0,5730,0,0,0,0,0,0
5,-2,pre,231,0,0,0,0,0,0,0,0,0,0,0,0,0,0
5,0,dense,1446,32,0,0,0,0,0,0,0,0,0,0,0,0,0
5,1,moe,820,36,13302,5971,5971,4445,2834,0,52,0,745,8,3,5,8
5,2,moe,727,35,18403,8056,8057,6259,4009,1,77,0,746,8,1,7,8
5,3,moe,558,33,16903,8181,8183,6226,2421,0,73,0,745,8,1,7,8
5,4,moe,737,39,14333,6673,6673,4637,2927,0,96,0,623,8,2,6,8
5,5,moe,800,34,11264,5424,5424,3826,1958,0,56,0,635,8,3,5,8
5,6,moe,725,34,9261,4768,4768,3638,777,0,78,0,742,8,4,4,8
5,7,moe,549,33,7257,3402,3402,2353,1440,0,62,0,619,8,5,3,8
5,8,moe,730,33,7308,3276,3276,2340,1651,0,41,0,675,8,5,3,8
5,9,moe,792,34,17110,6997,6998,9668,344,0,100,0,748,8,2,6,8
5,10,moe,744,34,5792,3217,3217,2342,148,0,85,0,618,8,5,3,8
5,11,moe,559,216,18071,12310,12310,5346,345,0,70,0,621,8,1,7,8
5,12,moe,751,39,13027,7212,7212,5399,336,0,80,0,734,8,2,6,8
5,13,moe,791,40,9647,5448,5448,3876,248,0,75,0,615,8,3,5,8
5,14,moe,720,34,7702,4419,4419,3040,196,0,47,0,616,8,4,4,8
5,15,moe,550,32,10717,5830,5830,4531,284,0,72,0,737,8,3,5,8
5,16,moe,716,34,7843,4470,4470,3109,195,0,69,0,622,8,4,4,8
5,17,moe,791,35,7676,4388,4388,3037,197,0,54,0,615,8,4,4,8
5,18,moe,727,36,15215,8464,8465,6268,395,0,87,0,732,8,1,7,8
5,19,moe,554,36,8032,2189,2189,5569,198,0,76,0,611,8,4,4,8
5,20,moe,720,35,5126,809,809,4132,146,0,39,0,607,8,5,3,8
5,21,moe,792,34,6419,1551,1552,4517,281,0,69,0,749,8,3,5,8
5,22,moe,793,59,5173,775,775,4190,147,0,61,0,617,8,5,3,8
5,23,moe,554,29,2610,585,585,1871,115,0,39,0,747,8,6,2,8
5,24,moe,807,32,7943,1243,1243,6428,229,0,43,0,738,8,4,4,8
5,25,moe,804,31,5114,1275,1275,3562,231,0,46,0,735,8,4,4,8
5,26,moe,561,31,7370,3920,3920,2657,763,0,30,0,1268,8,5,3,8
5,-1,epi,0,0,0,0,0,0,0,0,5720,0,0,0,0,0,0
6,-2,pre,237,0,0,0,0,0,0,0,0,0,0,0,0,0,0
6,0,dense,1450,39,0,0,0,0,0,0,0,0,0,0,0,0,0
6,1,moe,820,35,12604,6171,6171,4441,1942,0,50,0,753,8,3,5,8
6,2,moe,729,35,10845,4872,4872,3561,2359,1,52,0,745,8,4,4,8
6,3,moe,560,32,10708,5921,5921,4437,294,0,56,0,749,8,3,5,8
6,4,moe,735,38,9612,5407,5407,3873,247,0,85,0,622,8,3,5,8
6,5,moe,791,31,5726,3262,3262,2281,147,0,36,0,618,8,5,3,8
6,6,moe,748,31,4521,2497,2498,1849,114,0,60,0,740,8,6,2,8
6,7,moe,553,30,8699,4435,4435,3102,1095,1,66,0,629,8,4,4,8
6,8,moe,733,36,11312,5316,5316,3810,2130,0,56,0,624,8,3,5,8
6,9,moe,801,40,9134,4685,4686,3625,750,0,73,0,748,8,4,4,8
6,10,moe,738,35,10104,5426,5426,3863,722,0,93,0,618,8,3,5,8
6,11,moe,550,30,3847,2186,2186,1532,101,0,28,0,613,8,6,2,8
6,12,moe,728,29,6495,3543,3543,2728,168,0,56,0,738,8,5,3,8
6,13,moe,797,36,5780,3221,3221,2347,148,0,64,0,622,8,5,3,8
6,14,moe,734,37,5688,3226,3226,2281,147,0,34,0,617,8,5,3,8
6,15,moe,558,28,11184,5802,5803,4517,787,0,77,0,741,8,3,5,8
6,16,moe,734,34,12262,6683,6683,4650,297,0,632,0,620,8,2,6,8
6,17,moe,790,33,9663,5518,5519,3810,247,0,87,0,617,8,3,5,8
6,18,moe,720,33,2365,1255,1255,1004,63,0,43,0,736,8,7,1,8
6,19,moe,556,30,7658,2644,2644,3917,994,0,103,0,677,8,3,5,8
6,20,moe,772,39,4448,1133,1133,3053,197,0,65,0,643,8,4,4,8
6,21,moe,827,34,2693,641,641,1876,116,0,60,0,741,8,6,2,8
6,22,moe,833,31,3378,812,812,2349,149,0,68,0,630,8,5,3,8
6,23,moe,580,34,3862,900,900,2734,170,0,58,0,743,8,5,3,8
6,24,moe,813,30,3794,918,918,2660,173,0,43,0,754,8,5,3,8
6,25,moe,806,29,3810,930,930,2663,172,0,45,0,745,8,5,3,8
6,26,moe,565,28,9813,4972,4973,3554,1240,0,46,0,1278,8,4,4,8
6,-1,epi,0,0,0,0,0,0,0,0,5765,0,0,0,0,0,0
7,-2,pre,222,0,0,0,0,0,0,0,0,0,0,0,0,0,0
7,0,dense,1452,33,0,0,0,0,0,0,0,0,0,0,0,0,0
7,1,moe,830,29,11488,6498,6498,4440,491,0,59,0,747,8,3,5,8
7,2,moe,737,60,5451,2426,2426,1779,1213,0,33,0,754,8,6,2,8
7,3,moe,559,33,2157,1175,1175,896,62,0,24,0,742,8,7,1,8
7,4,moe,731,31,6442,3874,3874,2342,146,0,80,0,628,8,5,3,8
7,5,moe,796,32,5692,2271,2271,1527,1861,0,33,0,616,8,6,2,8
7,6,moe,726,32,2296,1212,1212,985,56,0,43,0,742,8,7,1,8
7,7,moe,559,29,7796,4414,4414,3108,197,0,77,0,627,8,4,4,8
7,8,moe,734,33,8167,4378,4378,3060,677,0,52,0,628,8,4,4,8
7,9,moe,797,36,4476,2408,2408,1893,115,0,60,0,746,8,6,2,8
7,10,moe,725,32,2071,1150,1150,827,48,0,46,0,620,8,7,1,8
7,11,moe,557,28,3968,2319,2320,1520,98,0,30,0,630,8,6,2,8
7,12,moe,729,29,11007,6001,6001,4605,308,0,93,0,801,8,3,5,8
7,13,moe,810,42,8005,3541,3541,4232,153,0,79,0,635,8,5,3,8
7,14,moe,733,34,5933,3453,3453,2292,146,0,42,0,627,8,5,3,8
7,15,moe,560,29,10911,5995,5995,4550,280,0,86,0,747,8,3,5,8
7,16,moe,725,37,3921,2156,2156,1611,101,0,53,0,620,8,6,2,8
7,17,moe,797,32,5784,3281,3282,2309,152,1,40,0,632,8,5,3,8
7,18,moe,737,32,6556,3533,3533,2789,171,0,63,0,741,8,5,3,8
7,19,moe,565,30,4837,2267,2267,2356,148,0,66,0,632,8,5,3,8
7,20,moe,728,31,2222,561,562,1527,98,0,35,0,628,8,6,2,8
7,21,moe,811,31,5210,1268,1268,3637,234,0,71,0,748,8,4,4,8
7,22,moe,812,32,4485,1075,1075,3133,201,0,76,0,635,8,4,4,8
7,23,moe,567,30,4054,611,611,3287,113,0,43,0,736,8,6,2,8
7,24,moe,814,36,1251,291,291,885,57,0,18,0,750,8,7,1,8
7,25,moe,819,34,4931,2041,2041,2663,173,0,54,0,748,8,5,3,8
7,26,moe,578,32,4908,2593,2593,1771,516,0,28,0,743,8,6,2,8
7,-1,epi,0,0,0,0,0,0,0,0,5814,0,0,0,0,0,0
8,-2,pre,212,0,0,0,0,0,0,0,0,0,0,0,0,0,0
8,0,dense,1452,33,0,0,0,0,0,0,0,0,0,0,0,0,0
8,1,moe,819,35,6415,3522,3522,2678,171,0,44,0,757,8,5,3,8
8,2,moe,747,30,5236,2574,2574,1783,847,0,32,0,758,8,6,2,8
8,3,moe,571,30,8511,4670,4670,3564,229,0,48,0,755,8,4,4,8
8,4,moe,731,30,3972,2227,2227,1587,97,0,61,0,625,8,6,2,8
8,5,moe,800,43,5757,3286,3287,2283,146,0,41,0,625,8,5,3,8
8,6,moe,729,31,13150,7287,7288,5439,336,0,87,0,746,8,2,6,8
8,7,moe,564,31,4555,2179,2179,1607,720,0,49,0,624,8,6,2,8
8,8,moe,736,30,3889,2241,2241,1521,100,0,27,0,625,8,6,2,8
8,9,moe,826,33,10838,7300,7300,2761,715,0,62,0,737,8,5,3,8
8,10,moe,724,33,5982,3416,3416,2350,149,0,67,0,617,8,5,3,8
8,11,moe,557,32,7498,4206,4206,3048,196,0,48,0,621,8,4,4,8
8,12,moe,722,33,6611,3627,3628,2750,172,0,61,0,737,8,5,3,8
8,13,moe,794,33,5952,3376,3377,2360,147,1,67,0,615,8,5,3,8
8,14,moe,723,36,5704,3231,3231,2281,146,1,45,0,618,8,5,3,8
8,15,moe,559,33,4536,2465,2465,1884,125,0,62,0,789,8,6,2,8
8,16,moe,742,40,7898,4474,4474,3137,199,0,88,0,628,8,4,4,8
8,17,moe,798,37,4922,2443,2443,2287,152,0,40,0,625,8,5,3,8
8,18,moe,726,36,6862,3655,3655,2767,374,0,66,0,741,8,5,3,8
8,19,moe,557,33,4082,2342,2342,1588,97,0,55,0,614,8,6,2,8
8,20,moe,721,30,2229,574,574,1531,97,0,27,0,629,8,6,2,8
8,21,moe,797,30,2521,1429,1429,994,57,0,41,0,736,8,7,1,8
8,22,moe,799,42,2438,535,536,1573,274,0,55,0,629,8,6,2,8
8,23,moe,577,34,9,0,0,0,0,1,8,0,750,8,8,0,8
8,24,moe,816,31,1402,312,312,994,56,0,40,0,756,8,7,1,8
8,25,moe,819,31,5017,1194,1194,3550,226,0,47,0,758,8,4,4,8
8,26,moe,588,29,7297,3749,3749,2663,849,0,36,0,748,8,5,3,8
8,-1,epi,0,0,0,0,0,0,0,0,5804,0,0,0,0,0,0
9,-2,pre,212,0,0,0,0,0,0,0,0,0,0,0,0,0,0
9,0,dense,1460,34,0,0,0,0,0,0,0,0,0,0,0,0,0
9,1,moe,837,33,6969,3876,3876,2676,373,0,44,0,756,8,5,3,8
9,2,moe,733,31,6617,3758,3758,2648,168,0,43,0,759,8,5,3,8
9,3,moe,562,28,4381,2462,2462,1772,112,0,35,0,748,8,6,2,8
9,4,moe,728,29,5989,3408,3411,2357,147,0,74,0,630,8,5,3,8
9,5,moe,800,34,8133,4370,4370,3044,672,0,47,0,632,8,4,4,8
9,6,moe,734,30,10,0,0,0,0,0,10,0,738,8,8,0,8
9,7,moe,562,27,5782,3317,3317,2280,145,0,40,0,629,8,5,3,8
9,8,moe,730,30,3820,2171,2171,1523,98,0,28,0,624,8,6,2,8
9,9,moe,799,30,5958,2902,2902,2808,176,0,72,0,752,8,5,3,8
9,10,moe,725,34,8,0,0,0,0,0,8,0,622,8,8,0,8
9,11,moe,578,28,2122,1207,1207,819,50,0,46,0,624,8,7,1,8
9,12,moe,729,32,1422,326,327,994,57,0,44,0,753,8,7,1,8
9,13,moe,801,30,2083,1169,1169,820,50,0,44,0,639,8,7,1,8
9,14,moe,737,33,2031,1190,1190,766,51,0,24,0,635,8,7,1,8
9,15,moe,567,49,2689,628,628,1892,117,0,52,0,746,8,6,2,8
9,16,moe,727,32,6008,3418,3418,2365,149,0,76,0,630,8,5,3,8
9,17,moe,797,32,3100,1440,1440,1531,100,0,29,0,629,8,6,2,8
9,18,moe,725,30,4430,2396,2396,1871,111,0,52,0,749,8,6,2,8
9,19,moe,565,32,1627,688,688,842,49,1,47,0,629,8,7,1,8
9,20,moe,730,30,1102,277,277,758,48,0,19,0,633,8,7,1,8
9,21,moe,799,31,2618,610,610,1843,113,0,52,0,756,8,6,2,8
9,22,moe,829,33,5571,1353,1353,3878,255,0,85,0,642,8,3,5,8
9,23,moe,567,29,1379,302,302,985,57,0,35,0,748,8,7,1,8
9,24,moe,809,49,2529,614,614,1773,116,0,26,0,756,8,6,2,8
9,25,moe,814,33,3876,944,944,2667,222,0,43,0,757,8,5,3,8
9,26,moe,577,29,5139,2486,2486,1781,842,0,30,0,761,8,6,2,8
9,-1,epi,0,0,0,0,0,0,0,0,5879,0,0,0,0,0,0
10,-2,pre,226,0,0,0,0,0,0,0,0,0,0,0,0,0,0
10,0,dense,1485,37,0,0,0,0,0,0,0,0,0,0,0,0,0
10,1,moe,834,33,17836,9990,9991,7097,658,0,90,0,755,8,0,8,8
10,2,moe,728,41,4543,2632,2632,1766,115,0,30,0,741,8,6,2,8
10,3,moe,565,29,8713,4881,4882,3550,230,0,51,0,757,8,4,4,8
10,4,moe,725,29,7767,4365,4366,3114,201,0,86,0,630,8,4,4,8
10,5,moe,807,31,3929,2277,2277,1523,99,0,30,0,630,8,6,2,8
10,6,moe,724,34,4494,2440,2442,1888,115,0,49,0,747,8,6,2,8
10,7,moe,562,27,5791,3219,3220,2362,147,0,62,0,621,8,5,3,8
10,8,moe,721,29,5821,3346,3346,2288,146,0,41,0,624,8,5,3,8
10,9,moe,804,28,10518,5305,5306,4598,530,1,83,0,786,8,3,5,8
10,10,moe,709,40,7807,4356,4356,3153,214,0,84,0,639,8,4,4,8
10,11,moe,567,31,9611,5438,5439,3861,247,0,64,0,636,8,3,5,8
10,12,moe,734,34,7807,3843,3843,3661,226,0,77,0,758,8,4,4,8
10,13,moe,800,32,5814,3246,3246,2351,148,0,69,0,632,8,5,3,8
10,14,moe,729,31,7628,4337,4338,3041,199,0,50,0,632,8,4,4,8
10,15,moe,562,30,14158,7317,7317,6334,402,0,105,0,757,8,1,7,8
10,16,moe,736,30,10996,6001,6001,4610,294,1,90,0,630,8,2,6,8
10,17,moe,799,32,10705,5753,5753,4578,294,0,80,0,627,8,2,6,8
10,18,moe,732,31,13078,7215,7215,5435,339,0,89,0,742,8,2,6,8
10,19,moe,555,29,11796,6780,6780,4633,294,0,89,0,624,8,2,6,8
10,20,moe,726,30,8394,4303,4303,3793,247,0,51,0,626,8,3,5,8
10,21,moe,797,31,6433,1535,1536,4534,282,0,81,0,743,8,3,5,8
10,22,moe,800,31,4438,1047,1047,3119,197,0,75,0,633,8,4,4,8
10,23,moe,575,34,8032,1178,1178,6560,229,0,65,0,735,8,4,4,8
10,24,moe,804,30,7511,1800,1801,5303,344,1,62,0,754,8,2,6,8
10,25,moe,805,30,7411,2651,2651,4421,284,0,55,0,735,8,3,5,8
10,26,moe,563,34,13558,6261,6262,4446,2793,0,57,0,740,8,3,5,8
10,-1,epi,0,0,0,0,0,0,0,0,5761,0,0,0,0,0,0
11,-2,pre,214,0,0,0,0,0,0,0,0,0,0,0,0,0,0
11,0,dense,1446,36,0,0,0,0,0,0,0,0,0,0,0,0,0
11,1,moe,820,34,3155,1265,1265,1608,256,0,26,0,751,8,7,1,8
11,2,moe,745,32,4448,2534,2534,1767,115,0,32,0,742,8,6,2,8
11,3,moe,571,34,5876,2495,2495,3229,122,0,30,0,743,8,6,2,8
11,4,moe,734,38,4037,2266,2266,1598,101,0,72,0,623,8,6,2,8
11,5,moe,800,31,3807,2154,2154,1521,98,0,34,0,625,8,6,2,8
11,6,moe,774,35,8796,5285,5285,3338,119,0,54,0,734,8,6,2,8
11,7,moe,558,33,4055,2305,2306,1597,97,0,55,0,621,8,6,2,8
11,8,moe,727,34,5862,3386,3386,2287,148,0,41,0,622,8,5,3,8
11,9,moe,796,34,5830,2824,2824,2766,174,0,66,0,747,8,5,3,8
11,10,moe,729,33,7897,3413,3413,4265,151,0,68,0,621,8,5,3,8
11,11,moe,563,35,3892,2235,2235,1528,98,0,31,0,629,8,6,2,8
11,12,moe,727,42,8802,4869,4870,3631,225,0,76,0,739,8,4,4,8
11,13,moe,801,37,3924,2176,2176,1594,99,0,55,0,627,8,6,2,8
11,14,moe,731,33,11422,6498,6498,4568,292,0,64,0,633,8,2,6,8
11,15,moe,567,38,8688,4747,4747,3644,224,0,73,0,749,8,4,4,8
11,16,moe,725,42,11827,6811,6811,4626,294,0,96,0,626,8,2,6,8
11,17,moe,793,30,7990,3877,3877,3808,246,0,59,0,630,8,3,5,8
11,18,moe,725,31,10236,5346,5346,4530,284,0,76,0,750,8,3,5,8
11,19,moe,574,34,7636,4227,4227,3129,199,0,81,0,622,8,4,4,8
11,20,moe,721,32,3892,2246,2247,1518,100,0,27,0,619,8,6,2,8
11,21,moe,798,32,6814,2839,2840,3670,228,0,76,0,749,8,4,4,8
11,22,moe,795,31,3349,790,790,2349,147,0,63,0,625,8,5,3,8
11,23,moe,561,28,2667,590,590,1919,113,0,45,0,742,8,6,2,8
11,24,moe,812,35,7945,1239,1239,6431,231,0,44,0,751,8,4,4,8
11,25,moe,812,33,6330,1523,1524,4455,297,0,54,0,743,8,3,5,8
11,26,moe,565,28,15111,7583,7583,5323,2137,0,68,0,746,8,2,6,8
11,-1,epi,0,0,0,0,0,0,0,0,5742,0,0,0,0,0,0
12,-2,pre,213,0,0,0,0,0,0,0,0,0,0,0,0,0,0
12,0,dense,1452,37,0,0,0,0,0,0,0,0,0,0,0,0,0
12,1,moe,825,37,9085,5272,5273,3537,224,0,51,0,750,8,4,4,8
12,2,moe,745,37,6449,3563,3564,2663,172,0,50,0,742,8,5,3,8
12,3,moe,560,30,4377,2462,2462,1770,114,0,31,0,744,8,6,2,8
12,4,moe,729,29,5876,3307,3307,2348,148,0,73,0,620,8,5,3,8
12,5,moe,797,40,5077,2451,2451,2277,309,0,40,0,626,8,5,3,8
12,6,moe,748,30,4389,2359,2359,1859,114,0,57,0,746,8,6,2,8
12,7,moe,564,29,2112,1147,1148,869,51,0,44,0,620,8,7,1,8
12,8,moe,728,30,3934,2277,2277,1529,97,0,31,0,625,8,6,2,8
12,9,moe,801,32,10780,5836,5836,4571,286,0,87,0,748,8,3,5,8
12,10,moe,727,31,3162,1387,1388,1617,103,0,54,0,621,8,6,2,8
12,11,moe,558,29,7793,4310,4310,3052,383,0,48,0,626,8,4,4,8
12,12,moe,728,30,10821,5918,5918,4540,280,0,83,0,748,8,3,5,8
12,13,moe,798,33,7044,3619,3619,3136,214,0,75,0,634,8,4,4,8
12,14,moe,719,35,5775,3243,3243,2333,157,0,42,0,678,8,5,3,8
12,15,moe,610,36,8649,4713,4713,3626,229,0,81,0,758,8,4,4,8
12,16,moe,738,32,10947,5908,5908,4645,294,0,100,0,639,8,2,6,8
12,17,moe,807,40,6066,2751,2751,3053,201,0,61,0,630,8,4,4,8
12,18,moe,730,33,10786,5885,5885,4539,283,0,79,0,744,8,3,5,8
12,19,moe,565,35,5752,3187,3187,2346,147,0,72,0,625,8,5,3,8
12,20,moe,731,34,3113,1444,1444,1537,101,0,31,0,628,8,6,2,8
12,21,moe,799,37,5041,2049,2049,2756,172,0,64,0,746,8,5,3,8
12,22,moe,806,30,3393,809,809,2363,150,0,71,0,631,8,5,3,8
12,23,moe,567,29,8,0,0,0,0,0,8,0,758,8,8,0,8
12,24,moe,830,31,5191,1239,1240,3647,224,0,80,0,751,8,4,4,8
12,25,moe,814,34,2535,619,620,1775,116,0,24,0,764,8,6,2,8
12,26,moe,589,29,5692,2817,2817,2670,172,0,33,0,739,8,5,3,8
12,-1,epi,0,0,0,0,0,0,0,0,5841,0,0,0,0,0,0
13,-2,pre,221,0,0,0,0,0,0,0,0,0,0,0,0,0,0
13,0,dense,1469,32,0,0,0,0,0,0,0,0,0,0,0,0,0
13,1,moe,821,32,10061,3336,3337,6445,238,0,41,0,752,8,4,4,8
13,2,moe,755,30,2977,1286,1286,1613,59,0,19,0,744,8,7,1,8
13,3,moe,568,30,2159,1200,1200,883,58,1,17,0,756,8,7,1,8
13,4,moe,743,31,11,0,0,0,0,0,11,0,652,8,8,0,8
13,5,moe,820,30,2730,1131,1131,1491,52,0,56,0,627,8,7,1,8
13,6,moe,744,30,3142,1253,1253,1795,59,0,35,0,762,8,7,1,8
13,7,moe,573,34,2115,1178,1178,844,52,0,41,0,630,8,7,1,8
13,8,moe,735,29,1982,1143,1143,767,52,0,20,0,634,8,7,1,8
13,9,moe,814,30,2521,1412,1412,999,61,0,49,0,755,8,7,1,8
13,10,moe,735,37,2693,1125,1125,1471,50,0,47,0,630,8,7,1,8
13,11,moe,578,28,3898,2244,2244,1524,100,0,30,0,637,8,6,2,8
13,12,moe,728,30,2699,617,617,1918,114,0,50,0,761,8,6,2,8
13,13,moe,805,31,2063,1117,1117,850,51,0,45,0,638,8,7,1,8
13,14,moe,734,30,3309,1643,1643,1538,102,0,26,0,645,8,6,2,8
13,15,moe,570,38,7501,2630,2630,4512,283,0,76,0,755,8,3,5,8
13,16,moe,730,30,7595,3376,3377,3894,248,0,76,0,631,8,3,5,8
13,17,moe,805,34,4190,1734,1734,2275,149,1,31,0,633,8,5,3,8
13,18,moe,749,32,7171,3205,3205,3663,228,0,75,0,740,8,4,4,8
13,19,moe,570,28,6741,3370,3370,3095,196,0,80,0,629,8,4,4,8
13,20,moe,738,30,1995,1160,1160,766,51,0,18,0,638,8,7,1,8
13,21,moe,799,30,4167,2113,2114,1890,113,0,50,0,735,8,6,2,8
13,22,moe,806,28,2266,534,534,1583,100,0,49,0,634,8,6,2,8
13,23,moe,568,32,8,0,0,0,0,0,8,0,747,8,8,0,8
13,24,moe,806,29,5119,1192,1194,3626,228,0,71,0,761,8,4,4,8
13,25,moe,817,31,1989,301,301,1611,59,0,18,0,772,8,7,1,8
13,26,moe,583,30,2645,575,575,1767,280,0,23,0,753,8,6,2,8
13,-1,epi,0,0,0,0,0,0,0,0,5928,0,0,0,0,0,0
14,-2,pre,46,0,0,0,0,0,0,0,0,0,0,0,0,0,0
14,0,dense,1500,34,0,0,0,0,0,0,0,0,0,0,0,0,0
14,1,moe,834,32,6366,1591,1592,4439,288,1,46,0,791,8,3,5,8
14,2,moe,742,31,10,0,0,0,0,0,10,0,760,8,8,0,8
14,3,moe,619,37,9,0,0,0,0,0,9,0,774,8,8,0,8
14,4,moe,753,34,9,0,1,0,0,0,8,0,648,8,8,0,8
14,5,moe,832,33,4057,2466,2466,1468,52,0,71,0,636,8,7,1,8
14,6,moe,742,35,2450,1364,1364,990,57,0,39,0,758,8,7,1,8
14,7,moe,574,31,2718,1148,1148,1475,50,0,45,0,636,8,7,1,8
14,8,moe,741,33,2007,1172,1172,765,51,0,19,0,645,8,7,1,8
14,9,moe,807,35,9,0,0,0,0,0,9,0,747,8,8,0,8
14,10,moe,745,33,8,0,0,0,0,0,8,0,646,8,8,0,8
14,11,moe,573,32,2648,1200,1200,1378,49,0,21,0,661,8,7,1,8
14,12,moe,761,36,9353,2443,2443,6609,230,0,71,0,754,8,4,4,8
14,13,moe,809,33,4038,2297,2297,1581,101,0,59,0,635,8,6,2,8
14,14,moe,744,41,3883,2233,2233,1522,99,0,29,0,635,8,6,2,8
14,15,moe,569,27,9658,3807,3807,5432,335,0,84,0,755,8,2,6,8
14,16,moe,729,29,5498,2096,2096,3132,197,0,73,0,635,8,4,4,8
14,17,moe,809,32,6566,1662,1663,4554,293,0,56,0,648,8,2,6,8
14,18,moe,740,37,5198,1227,1227,3671,227,0,73,0,752,8,4,4,8
14,19,moe,574,29,12143,4831,4832,6991,247,0,73,0,622,8,3,5,8
14,20,moe,746,33,10,0,0,0,0,0,10,0,622,8,8,0,8
14,21,moe,808,30,6180,955,955,4976,172,0,77,0,748,8,5,3,8
14,22,moe,815,32,6913,1077,1077,5563,200,0,73,0,624,8,4,4,8
14,23,moe,569,29,2122,312,312,1710,66,0,34,0,749,8,7,1,8
14,24,moe,805,35,3806,938,938,2659,172,0,37,0,747,8,5,3,8
14,25,moe,815,32,1991,304,304,1608,59,0,20,0,751,8,7,1,8
14,26,moe,576,31,5935,2871,2871,2660,372,0,32,0,746,8,5,3,8
14,-1,epi,0,0,0,0,0,0,0,0,5885,0,0,0,0,0,0
15,-2,pre,195,0,0,0,0,0,0,0,0,0,0,0,0,0,0
15,0,dense,1481,34,0,0,0,0,0,0,0,0,0,0,0,0,0
15,1,moe,834,34,8928,3232,3232,5302,336,0,58,0,762,8,2,6,8
15,2,moe,750,34,9,0,0,0,0,0,9,0,750,8,8,0,8
15,3,moe,576,29,8,0,0,0,0,0,8,0,762,8,8,0,8
15,4,moe,745,29,8,0,0,0,0,0,8,0,664,8,8,0,8
15,5,moe,821,31,8,0,0,0,0,0,8,0,660,8,8,0,8
15,6,moe,763,31,3556,1623,1624,1784,117,0,31,0,778,8,6,2,8
15,7,moe,590,32,2178,1240,1240,838,50,0,50,0,642,8,7,1,8
15,8,moe,750,30,2036,1206,1206,762,49,0,19,0,635,8,7,1,8
15,9,moe,819,30,2344,1243,1244,996,61,0,43,0,758,8,7,1,8
15,10,moe,742,30,8,0,0,0,0,0,8,0,640,8,8,0,8
15,11,moe,577,28,5850,3245,3245,2377,153,0,75,0,651,8,5,3,8
15,12,moe,741,32,3656,1594,1594,1894,115,0,53,0,757,8,6,2,8
15,13,moe,809,31,2008,1070,1070,832,52,0,54,0,639,8,7,1,8
15,14,moe,752,31,2000,1165,1165,766,52,0,17,0,646,8,7,1,8
15,15,moe,576,27,7079,3138,3139,3647,225,0,68,0,764,8,4,4,8
15,16,moe,740,31,3429,855,855,2362,152,0,60,0,646,8,5,3,8
15,17,moe,810,34,10216,5120,5120,4568,473,0,55,0,636,8,2,6,8
15,18,moe,734,33,9967,4084,4084,5444,347,0,92,0,752,8,2,6,8
15,19,moe,566,31,5568,2988,2988,2364,148,0,68,0,628,8,5,3,8
15,20,moe,733,32,7730,4413,4413,3075,197,0,45,0,631,8,4,4,8
15,21,moe,804,31,3545,1496,1496,1878,113,0,58,0,748,8,6,2,8
15,22,moe,805,30,4429,1064,1064,3096,197,0,72,0,636,8,4,4,8
15,23,moe,573,35,2622,601,601,1858,116,0,47,0,759,8,6,2,8
15,24,moe,816,33,8262,1329,1330,6623,260,0,49,0,792,8,4,4,8
15,25,moe,803,44,1327,326,326,906,71,0,24,0,834,8,7,1,8
15,26,moe,585,36,8889,4874,4874,3545,423,0,47,0,760,8,4,4,8
15,-1,epi,0,0,0,0,0,0,0,0,5919,0,0,0,0,0,0
16,-2,pre,228,0,0,0,0,0,0,0,0,0,0,0,0,0,0
16,0,dense,1475,37,0,0,0,0,0,0,0,0,0,0,0,0,0
16,1,moe,827,36,10115,5343,5343,4435,283,1,53,0,768,8,3,5,8
16,2,moe,740,33,11195,4463,4463,6455,230,0,47,0,749,8,4,4,8
16,3,moe,577,34,7946,4113,4114,3554,232,0,46,0,745,8,4,4,8
16,4,moe,735,33,8284,4862,4862,3134,197,1,90,0,635,8,4,4,8
16,5,moe,806,33,10348,6239,6239,3809,244,0,56,0,626,8,3,5,8
16,6,moe,732,31,6853,3648,3648,2761,375,1,68,0,741,8,5,3,8
16,7,moe,573,32,4032,2294,2294,1585,99,0,54,0,622,8,6,2,8
16,8,moe,726,29,4060,2414,2414,1522,97,0,27,0,618,8,6,2,8
16,9,moe,805,30,6548,3562,3562,2756,168,0,62,0,743,8,5,3,8
16,10,moe,729,29,10,0,0,0,0,0,10,0,623,8,8,0,8
16,11,moe,576,29,11988,4682,4683,6982,246,0,77,0,615,8,3,5,8
16,12,moe,729,36,5936,2940,2940,2761,173,0,62,0,741,8,5,3,8
16,13,moe,800,30,2134,1185,1185,846,51,0,52,0,621,8,7,1,8
16,14,moe,730,29,7046,3746,3748,3054,194,0,50,0,633,8,4,4,8
16,15,moe,564,29,7142,3164,3164,3676,231,0,71,0,742,8,4,4,8
16,16,moe,724,29,8905,4704,4704,3867,249,0,85,0,632,8,3,5,8
16,17,moe,815,36,7681,3347,3347,4145,151,0,38,0,613,8,5,3,8
16,18,moe,745,30,7937,4006,4007,3634,228,0,68,0,747,8,4,4,8
16,19,moe,559,28,2012,1088,1088,829,50,0,45,0,620,8,7,1,8
16,20,moe,4935,31,1718,265,266,1384,51,0,17,0,618,8,7,1,8
16,21,moe,798,32,3073,1238,1238,1732,63,0,40,0,740,8,7,1,8
16,22,moe,808,31,1202,266,266,833,57,0,46,0,626,8,7,1,8
16,23,moe,584,35,1412,300,301,1011,61,0,39,0,745,8,7,1,8
16,24,moe,814,35,2640,646,647,1832,133,0,28,0,752,8,6,2,8
16,25,moe,851,36,2633,651,651,1822,131,0,29,0,794,8,6,2,8
16,26,moe,591,31,8,0,0,0,0,0,8,0,746,8,8,0,8
16,-1,epi,0,0,0,0,0,0,0,0,5601,0,0,0,0,0,0
17,-2,pre,57,0,0,0,0,0,0,0,0,0,0,0,0,0,0
17,0,dense,1495,38,0,0,0,0,0,0,0,0,0,0,0,0,0
17,1,moe,813,54,2472,1464,1464,921,63,0,24,0,769,8,7,1,8
17,2,moe,730,38,2318,1307,1307,914,69,0,28,0,747,8,7,1,8
17,3,moe,590,33,3469,1528,1528,1791,121,0,29,0,761,8,6,2,8
17,4,moe,744,45,5162,2552,2552,2383,147,1,79,0,639,8,5,3,8
17,5,moe,808,37,10,0,0,0,0,0,10,0,626,8,8,0,8
17,6,moe,738,34,2353,1246,1246,1000,56,0,51,0,761,8,7,1,8
17,7,moe,581,39,2324,570,570,1597,101,0,56,0,633,8,6,2,8
17,8,moe,738,37,3913,2257,2257,1528,100,0,28,0,637,8,6,2,8
17,9,moe,828,36,10,0,0,0,0,0,10,0,748,8,8,0,8
17,10,moe,741,33,3826,2161,2161,1536,101,0,28,0,633,8,6,2,8
17,11,moe,578,35,4945,2470,2470,2288,149,0,38,0,630,8,5,3,8
17,12,moe,735,30,6583,3595,3595,2753,170,0,65,0,747,8,5,3,8
17,13,moe,813,31,3128,1373,1373,1594,101,0,60,0,623,8,6,2,8
17,14,moe,737,35,9,0,0,0,0,0,9,0,624,8,8,0,8
17,15,moe,575,28,4433,2385,2385,1883,113,0,52,0,750,8,6,2,8
17,16,moe,748,32,3928,2181,2181,1593,98,0,56,0,626,8,6,2,8
17,17,moe,806,31,1116,277,277,771,51,0,17,0,639,8,7,1,8
17,18,moe,759,30,4507,2463,2464,1881,114,0,48,0,750,8,6,2,8
17,19,moe,575,29,2103,1179,1179,834,50,0,40,0,619,8,7,1,8
17,20,moe,3601,33,1955,1110,1114,767,50,0,24,0,621,8,7,1,8
17,21,moe,802,30,3593,1551,1551,1872,113,0,57,0,746,8,6,2,8
17,22,moe,803,33,9,0,0,0,0,0,9,0,619,8,8,0,8
17,23,moe,590,32,1280,317,317,884,59,0,20,0,754,8,7,1,8
17,24,moe,806,30,2531,624,624,1766,112,0,29,0,750,8,6,2,8
17,25,moe,814,36,3783,925,925,2654,168,0,36,0,767,8,5,3,8
17,26,moe,582,30,8,0,0,0,0,0,8,0,750,8,8,0,8
17,-1,epi,0,0,0,0,0,0,0,0,6064,0,0,0,0,0,0
18,-2,pre,221,0,0,0,0,0,0,0,0,0,0,0,0,0,0
18,0,dense,1497,36,0,0,0,0,0,0,0,0,0,0,0,0,0
18,1,moe,832,33,6693,3831,3832,2655,169,0,37,0,750,8,5,3,8
18,2,moe,743,29,4345,2431,2431,1771,116,0,27,0,755,8,6,2,8
18,3,moe,591,29,9901,5105,5106,4457,292,0,46,0,744,8,3,5,8
18,4,moe,735,30,5958,3379,3379,2361,149,0,69,0,626,8,5,3,8
18,5,moe,812,37,3961,2291,2292,1543,101,0,25,0,631,8,6,2,8
18,6,moe,727,30,5862,2838,2838,2788,172,0,64,0,746,8,5,3,8
18,7,moe,568,28,4191,2437,2437,1600,99,0,55,0,619,8,6,2,8
18,8,moe,728,28,3810,2158,2158,1525,97,0,30,0,623,8,6,2,8
18,9,moe,803,29,4395,2352,2353,1875,113,0,54,0,742,8,6,2,8
18,10,moe,729,28,5807,3230,3230,2363,149,0,65,0,626,8,5,3,8
18,11,moe,575,27,7646,4362,4362,3042,199,0,43,0,628,8,4,4,8
18,12,moe,725,28,4396,2333,2333,1890,115,0,58,0,738,8,6,2,8
18,13,moe,799,29,2117,1178,1178,844,51,0,44,0,619,8,7,1,8
18,14,moe,727,30,7795,4500,4500,3057,197,0,41,0,619,8,4,4,8
18,15,moe,572,34,13377,6560,6560,6323,403,0,91,0,746,8,1,7,8
18,16,moe,727,30,7876,4494,4494,3112,194,0,76,0,620,8,4,4,8
18,17,moe,796,29,9730,5603,5603,3817,246,0,64,0,629,8,3,5,8
18,18,moe,724,30,11089,6175,6176,4547,287,0,79,0,740,8,3,5,8
18,19,moe,565,27,9922,5717,5717,3880,244,0,81,0,622,8,3,5,8
18,20,moe,724,29,7622,4338,4339,3043,197,0,43,0,614,8,4,4,8
18,21,moe,791,31,8704,4754,4754,3654,227,0,69,0,736,8,4,4,8
18,22,moe,797,35,9294,4999,5000,3935,261,0,98,0,667,8,3,5,8
18,23,moe,596,30,5193,1207,1207,3673,238,0,75,0,753,8,4,4,8
18,24,moe,824,38,7520,1814,1814,5309,337,0,60,0,746,8,2,6,8
18,25,moe,811,39,7604,1874,1874,5321,341,0,68,0,762,8,2,6,8
18,26,moe,580,32,17901,9876,9879,7093,861,0,68,0,738,8,0,8,8
18,-1,epi,0,0,0,0,0,0,0,0,5831,0,0,0,0,0,0
19,-2,pre,214,0,0,0,0,0,0,0,0,0,0,0,0,0,0
19,0,dense,1458,39,0,0,0,0,0,0,0,0,0,0,0,0,0
19,1,moe,823,35,10914,6161,6161,4418,282,0,53,0,743,8,3,5,8
19,2,moe,729,34,4346,2434,2434,1766,114,0,32,0,736,8,6,2,8
19,3,moe,573,29,4302,2380,2380,1780,114,0,28,0,740,8,6,2,8
19,4,moe,726,30,2193,1256,1256,834,51,0,52,0,620,8,7,1,8
19,5,moe,801,33,3857,2200,2200,1532,98,0,27,0,623,8,6,2,8
19,6,moe,732,29,1357,301,301,964,57,0,35,0,734,8,7,1,8
19,7,moe,569,28,2069,1123,1123,840,51,0,55,0,630,8,7,1,8
19,8,moe,749,33,6046,3575,3575,2292,145,0,34,0,622,8,5,3,8
19,9,moe,799,31,2356,1259,1259,995,57,0,45,0,739,8,7,1,8
19,10,moe,724,28,5014,2443,2443,2353,148,0,70,0,633,8,5,3,8
19,11,moe,573,28,6806,3502,3502,3061,195,0,48,0,626,8,4,4,8
19,12,moe,726,32,5804,2789,2789,2783,170,0,62,0,738,8,5,3,8
19,13,moe,813,37,1201,272,272,829,52,0,48,0,626,8,7,1,8
19,14,moe,722,32,3104,1452,1453,1522,102,0,27,0,624,8,6,2,8
19,15,moe,580,31,4836,2775,2775,1892,116,0,53,0,744,8,6,2,8
19,16,moe,726,29,5303,2675,2675,2388,160,0,80,0,626,8,5,3,8
19,17,moe,795,31,3904,2243,2243,1534,101,0,26,0,622,8,6,2,8
19,18,moe,728,30,4411,2366,2366,1875,118,0,52,0,742,8,6,2,8
19,19,moe,570,30,9,0,0,0,0,0,9,0,621,8,8,0,8
19,20,moe,740,29,1529,604,604,819,52,0,54,0,627,8,7,1,8
19,21,moe,807,30,6708,3708,3708,2763,177,0,60,0,743,8,5,3,8
19,22,moe,814,43,2064,1121,1122,846,51,0,45,0,620,8,7,1,8
19,23,moe,580,28,1803,718,718,994,58,0,33,0,748,8,7,1,8
19,24,moe,802,30,8,0,0,0,0,0,8,0,751,8,8,0,8
19,25,moe,816,32,3795,923,923,2671,168,0,33,0,757,8,5,3,8
19,26,moe,583,31,2257,1296,1296,883,58,0,20,0,742,8,7,1,8
19,-1,epi,0,0,0,0,0,0,0,0,5981,0,0,0,0,0,0
20,-2,pre,1118,0,0,0,0,0,0,0,0,0,0,0,0,0,0
20,0,dense,1471,37,0,0,0,0,0,0,0,0,0,0,0,0,0
20,1,moe,827,36,3625,1708,1708,1772,116,0,29,0,758,8,6,2,8
20,2,moe,736,34,6609,3746,3746,2654,171,0,38,0,747,8,5,3,8
20,3,moe,575,32,4328,2403,2403,1782,116,0,27,0,745,8,6,2,8
20,4,moe,734,33,2120,1164,1164,849,49,0,58,0,630,8,7,1,8
20,5,moe,806,34,7642,4317,4318,3077,205,1,41,0,640,8,4,4,8
20,6,moe,734,34,2516,1387,1387,1021,60,0,48,0,746,8,7,1,8
20,7,moe,584,39,3966,2224,2224,1583,100,0,59,0,622,8,6,2,8
20,8,moe,728,39,1962,1130,1130,763,51,0,18,0,622,8,7,1,8
20,9,moe,801,30,6549,3531,3531,2791,168,0,59,0,745,8,5,3,8
20,10,moe,737,33,2225,1284,1284,845,51,0,45,0,626,8,7,1,8
20,11,moe,577,29,8,0,0,0,0,0,8,0,622,8,8,0,8
20,12,moe,731,28,2312,1208,1208,1004,57,0,43,0,743,8,7,1,8
20,13,moe,816,32,2083,1149,1149,842,50,0,42,0,649,8,7,1,8
20,14,moe,731,29,1988,1152,1152,767,49,0,20,0,628,8,7,1,8
20,15,moe,576,29,3558,1496,1496,1900,113,0,49,0,749,8,6,2,8
20,16,moe,730,30,4041,2262,2262,1618,98,0,63,0,629,8,6,2,8
20,17,moe,808,38,5692,3217,3217,2289,149,0,37,0,629,8,5,3,8
20,18,moe,730,34,5686,2680,2681,2765,176,0,64,0,749,8,5,3,8
20,19,moe,573,30,5759,3184,3184,2362,151,0,62,0,628,8,5,3,8
20,20,moe,736,37,3393,1726,1726,1534,103,0,30,0,628,8,6,2,8
20,21,moe,800,35,6540,3531,3531,2770,167,0,72,0,739,8,5,3,8
20,22,moe,784,35,5037,2450,2450,2372,146,0,69,0,624,8,5,3,8
20,23,moe,596,33,3868,1802,1802,1898,115,0,53,0,740,8,6,2,8
20,24,moe,810,34,5069,1237,1237,3557,231,0,44,0,752,8,4,4,8
20,25,moe,803,33,2538,606,607,1787,116,1,27,0,751,8,6,2,8
20,26,moe,584,30,2237,1273,1274,886,57,0,20,0,743,8,7,1,8
20,-1,epi,0,0,0,0,0,0,0,0,5961,0,0,0,0,0,0
21,-2,pre,166,0,0,0,0,0,0,0,0,0,0,0,0,0,0
21,0,dense,1477,38,0,0,0,0,0,0,0,0,0,0,0,0,0
21,1,moe,834,31,10695,4962,4964,5333,337,0,61,0,750,8,2,6,8
21,2,moe,732,32,6547,3678,3678,2653,172,0,44,0,747,8,5,3,8
21,3,moe,581,31,9744,4951,4951,4454,288,0,51,0,744,8,3,5,8
21,4,moe,728,32,4250,1652,1652,2378,148,0,72,0,623,8,5,3,8
21,5,moe,802,31,2995,1337,1339,1532,99,0,25,0,621,8,6,2,8
21,6,moe,731,29,7858,3908,3908,3647,225,0,78,0,745,8,4,4,8
21,7,moe,574,30,6112,2720,2720,3121,196,0,75,0,621,8,4,4,8
21,8,moe,762,28,3157,1503,1503,1528,98,0,28,0,622,8,6,2,8
21,9,moe,798,32,2336,1218,1218,1016,60,0,42,0,741,8,7,1,8
21,10,moe,731,29,6301,2906,2906,3125,197,0,73,0,628,8,4,4,8
21,11,moe,576,32,5791,3327,3329,2282,149,0,31,0,626,8,5,3,8
21,12,moe,740,33,5841,2851,2851,2756,172,0,62,0,744,8,5,3,8
21,13,moe,802,31,5045,2474,2474,2362,147,0,62,0,633,8,5,3,8
21,14,moe,732,35,6974,3680,3682,3047,199,1,45,0,625,8,4,4,8
21,15,moe,571,34,7820,3895,3895,3631,223,0,71,0,738,8,4,4,8
21,16,moe,724,27,8001,4594,4594,3139,198,1,69,0,623,8,4,4,8
21,17,moe,799,34,4950,2489,2489,2280,147,0,34,0,618,8,5,3,8
21,18,moe,733,30,7901,3923,3923,3682,225,0,71,0,738,8,4,4,8
21,19,moe,574,31,9621,5414,5414,3876,244,0,87,0,625,8,3,5,8
21,20,moe,724,30,9138,4967,4967,3862,265,0,44,0,662,8,3,5,8
21,21,moe,826,32,9007,4962,4962,3710,251,0,84,0,780,8,4,4,8
21,22,moe,791,38,6974,3532,3533,3147,206,1,87,0,643,8,4,4,8
21,23,moe,571,31,4432,2388,2388,1870,119,0,55,0,756,8,6,2,8
21,24,moe,827,37,5074,1255,1255,3545,230,0,44,0,762,8,4,4,8
21,25,moe,813,32,5099,1262,1262,3562,230,0,45,0,768,8,4,4,8
21,26,moe,575,34,6003,2925,2925,2668,371,0,39,0,749,8,5,3,8
21,-1,epi,0,0,0,0,0,0,0,0,5886,0,0,0,0,0,0
22,-2,pre,230,0,0,0,0,0,0,0,0,0,0,0,0,0,0
22,0,dense,1475,36,0,0,0,0,0,0,0,0,0,0,0,0,0
22,1,moe,831,32,6547,3691,3691,2651,170,0,35,0,759,8,5,3,8
22,2,moe,743,35,3574,1648,1648,1785,114,0,27,0,756,8,6,2,8
22,3,moe,593,33,6845,3041,3041,3533,226,0,45,0,761,8,4,4,8
22,4,moe,736,31,7016,3621,3621,3110,195,0,90,0,639,8,4,4,8
22,5,moe,801,32,4965,2481,2481,2288,151,0,45,0,641,8,5,3,8
22,6,moe,740,31,11227,4354,4354,6568,227,0,78,0,745,8,4,4,8
22,7,moe,565,30,9,0,0,0,0,0,9,0,634,8,8,0,8
22,8,moe,736,37,10335,4460,4460,5599,194,0,82,0,630,8,4,4,8
22,9,moe,800,37,11646,4766,4766,6581,224,0,75,0,742,8,4,4,8
22,10,moe,735,30,7818,4428,4428,3116,196,0,78,0,626,8,4,4,8
22,11,moe,564,28,1108,273,273,760,49,0,26,0,623,8,7,1,8
22,12,moe,741,36,6796,3798,3798,2764,170,0,64,0,752,8,5,3,8
22,13,moe,800,30,6900,2454,2454,4234,144,0,68,0,628,8,5,3,8
22,14,moe,741,28,3771,2128,2128,1519,100,0,24,0,632,8,6,2,8
22,15,moe,573,28,3080,1250,1250,1729,56,0,45,0,750,8,7,1,8
22,16,moe,732,30,6210,1776,1777,4214,149,0,70,0,625,8,5,3,8
22,17,moe,807,31,5881,3403,3404,2289,147,0,41,0,633,8,5,3,8
22,18,moe,730,31,3588,1517,1518,1902,113,0,55,0,753,8,6,2,8
22,19,moe,568,29,5827,3244,3244,2364,149,0,70,0,633,8,5,3,8
22,20,moe,736,30,8,0,0,0,0,0,8,0,630,8,8,0,8
22,21,moe,799,30,3593,1542,1542,1883,115,0,53,0,755,8,6,2,8
22,22,moe,807,29,3952,2201,2201,1599,97,0,55,0,637,8,6,2,8
22,23,moe,573,26,8,0,0,0,0,0,8,0,756,8,8,0,8
22,24,moe,807,29,4843,1843,1843,2765,168,0,67,0,757,8,5,3,8
22,25,moe,807,29,7,0,0,0,0,0,7,0,758,8,8,0,8
22,26,moe,577,27,8,0,0,0,0,0,8,0,757,8,8,0,8
22,-1,epi,0,0,0,0,0,0,0,0,6012,0,0,0,0,0,0
23,-2,pre,1921,0,0,0,0,0,0,0,0,0,0,0,0,0,0
23,0,dense,1484,37,0,0,0,0,0,0,0,0,0,0,0,0,0
23,1,moe,835,36,11972,7194,7194,4443,283,0,52,0,763,8,3,5,8
23,2,moe,733,33,4511,2594,2594,1778,112,0,27,0,755,8,6,2,8
23,3,moe,664,31,6610,3754,3754,2654,169,0,33,0,749,8,5,3,8
23,4,moe,736,39,1207,286,286,816,52,0,53,0,639,8,7,1,8
23,5,moe,804,34,7914,3797,3797,3815,245,0,57,0,634,8,3,5,8
23,6,moe,740,30,2305,1208,1208,996,57,0,44,0,750,8,7,1,8
23,7,moe,643,33,5799,3234,3235,2355,148,0,61,0,635,8,5,3,8
23,8,moe,734,29,6879,3594,3594,3042,201,0,42,0,633,8,4,4,8
23,9,moe,800,29,4750,2715,2715,1867,112,0,56,0,761,8,6,2,8
23,10,moe,743,35,6946,3564,3564,3109,196,0,77,0,632,8,4,4,8
23,11,moe,661,29,6837,3560,3560,3039,195,0,43,0,633,8,4,4,8
23,12,moe,747,30,6526,3545,3545,2750,171,0,60,0,747,8,5,3,8
23,13,moe,796,31,5963,3412,3412,2340,148,0,63,0,628,8,5,3,8
23,14,moe,748,34,4840,2361,2361,2294,144,0,41,0,631,8,5,3,8
23,15,moe,642,32,7903,3931,3931,3669,228,0,75,0,752,8,4,4,8
23,16,moe,731,30,9277,4235,4236,4652,296,0,93,0,637,8,2,6,8
23,17,moe,797,30,3175,1518,1518,1530,99,0,28,0,631,8,6,2,8
23,18,moe,735,35,7028,3060,3060,3675,227,0,66,0,757,8,4,4,8
23,19,moe,647,28,3915,2173,2173,1586,99,0,57,0,625,8,6,2,8
23,20,moe,737,35,2011,1179,1179,763,50,0,19,0,636,8,7,1,8
23,21,moe,808,35,7121,3188,3188,3638,223,0,72,0,752,8,4,4,8
23,22,moe,810,32,5879,3288,3288,2369,152,0,70,0,631,8,5,3,8
23,23,moe,649,29,6796,3778,3778,2778,173,0,67,0,742,8,5,3,8
23,24,moe,804,32,8469,3701,3701,4438,280,0,50,0,753,8,3,5,8
23,25,moe,801,31,6344,1567,1567,4436,293,0,48,0,755,8,3,5,8
23,26,moe,661,30,7767,3946,3946,3551,231,0,39,0,751,8,4,4,8
23,-1,epi,0,0,0,0,0,0,0,0,5838,0,0,0,0,0,0
24,-2,pre,211,0,0,0,0,0,0,0,0,0,0,0,0,0,0
24,0,dense,1455,33,0,0,0,0,0,0,0,0,0,0,0,0,0
24,1,moe,824,31,10242,5480,5481,4433,283,0,45,0,756,8,3,5,8
24,2,moe,737,30,10986,6212,6213,4445,279,0,49,0,756,8,3,5,8
24,3,moe,648,35,3504,1591,1591,1772,112,0,29,0,760,8,6,2,8
24,4,moe,730,29,7711,4297,4297,3124,200,0,90,0,649,8,4,4,8
24,5,moe,809,34,6467,2357,2357,3814,249,0,47,0,637,8,3,5,8
24,6,moe,732,29,8713,2854,2854,5428,341,0,90,0,753,8,2,6,8
24,7,moe,645,30,5481,2095,2095,3115,201,0,70,0,633,8,4,4,8
24,8,moe,728,29,8618,2891,2891,5325,342,0,60,0,637,8,1,7,8
24,9,moe,811,35,12076,5207,5207,6345,424,0,100,0,807,8,1,7,8
24,10,moe,740,40,4349,1740,1740,2366,161,0,82,0,674,8,5,3,8
24,11,moe,670,35,9159,4183,4183,4615,301,0,60,0,646,8,2,6,8
24,12,moe,738,33,12920,7028,7028,5452,342,0,98,0,761,8,2,6,8
24,13,moe,815,37,7749,2683,2684,4669,297,0,99,0,640,8,2,6,8
24,14,moe,733,34,9851,4919,4920,4570,292,1,68,0,643,8,2,6,8
24,15,moe,647,31,12719,5906,5906,6317,394,0,102,0,752,8,1,7,8
24,16,moe,733,37,11488,4824,4825,6163,390,0,110,0,683,8,0,8,8
24,17,moe,821,34,5370,2089,2089,3045,195,0,41,0,636,8,4,4,8
24,18,moe,738,34,9308,4365,4365,4574,293,1,75,0,747,8,3,5,8
24,19,moe,655,33,7579,4182,4182,3130,199,0,68,0,620,8,4,4,8
24,20,moe,731,31,10744,5800,5800,4585,300,1,58,0,627,8,2,6,8
24,21,moe,799,33,8416,3437,3437,4608,289,0,82,0,745,8,3,5,8
24,22,moe,810,39,9047,4813,4813,3903,246,0,85,0,630,8,3,5,8
24,23,moe,645,29,9005,4110,4112,4534,282,0,77,0,747,8,3,5,8
24,24,moe,796,31,7797,3997,3997,3534,226,0,40,0,748,8,4,4,8
24,25,moe,802,34,3124,1206,1206,1773,113,0,32,0,743,8,6,2,8
24,26,moe,643,30,14309,7609,7609,6238,393,0,69,0,754,8,1,7,8
24,-1,epi,0,0,0,0,0,0,0,0,5813,0,0,0,0,0,0
25,-2,pre,212,0,0,0,0,0,0,0,0,0,0,0,0,0,0
25,0,dense,1459,37,0,0,0,0,0,0,0,0,0,0,0,0,0
25,1,moe,818,36,11,0,0,0,0,0,11,0,769,8,8,0,8
25,2,moe,742,44,1311,313,314,918,59,0,20,0,766,8,7,1,8
25,3,moe,661,33,6571,3706,3706,2665,167,0,33,0,758,8,5,3,8
25,4,moe,741,34,2136,1189,1189,827,50,0,70,0,631,8,7,1,8
25,5,moe,806,36,10,0,0,0,0,0,10,0,640,8,8,0,8
25,6,moe,732,32,3074,1211,1212,1758,58,0,46,0,750,8,7,1,8
25,7,moe,657,29,2781,1194,1194,1492,50,0,45,0,627,8,7,1,8
25,8,moe,734,32,4289,1393,1393,2764,100,0,32,0,634,8,6,2,8
25,9,moe,806,31,1400,316,316,987,59,1,37,0,751,8,7,1,8
25,10,moe,737,30,5978,3397,3397,2364,151,0,66,0,635,8,5,3,8
25,11,moe,652,32,9,0,0,0,0,0,9,0,639,8,8,0,8
25,12,moe,738,30,8,0,0,0,0,0,8,0,765,8,8,0,8
25,13,moe,810,31,2604,1145,1145,1391,49,0,19,0,637,8,7,1,8
25,14,moe,747,33,3115,1468,1468,1518,102,0,27,0,662,8,6,2,8
25,15,moe,634,32,5049,2015,2015,2791,174,0,69,0,759,8,5,3,8
25,16,moe,737,31,3146,1399,1399,1587,102,0,58,0,644,8,6,2,8
25,17,moe,810,33,5861,3380,3380,2296,151,0,34,0,637,8,5,3,8
25,18,moe,737,31,4463,2392,2392,1897,116,0,58,0,754,8,6,2,8
25,19,moe,652,28,5836,3227,3227,2389,150,0,70,0,632,8,5,3,8
25,20,moe,743,31,1964,1131,1131,764,49,0,20,0,631,8,7,1,8
25,21,moe,817,34,6519,3517,3517,2771,168,0,63,0,750,8,5,3,8
25,22,moe,808,32,2057,1101,1101,854,53,0,49,0,631,8,7,1,8
25,23,moe,653,28,2329,1234,1234,998,57,0,40,0,750,8,7,1,8
25,24,moe,802,30,3522,1608,1608,1771,114,0,29,0,757,8,6,2,8
25,25,moe,808,34,1286,323,323,884,59,0,20,0,756,8,7,1,8
25,26,moe,657,236,1328,352,352,898,60,0,18,0,766,8,7,1,8
25,-1,epi,0,0,0,0,0,0,0,0,5999,0,0,0,0,0,0
26,-2,pre,330,0,0,0,0,0,0,0,0,0,0,0,0,0,0
26,0,dense,1486,39,0,0,0,0,0,0,0,0,0,0,0,0,0
26,1,moe,841,37,3760,902,903,2654,169,0,34,0,770,8,5,3,8
26,2,moe,756,35,6756,3893,3893,2658,171,0,34,0,754,8,5,3,8
26,3,moe,652,32,2565,661,661,1766,112,0,26,0,772,8,6,2,8
26,4,moe,740,33,2101,1165,1165,827,50,0,59,0,640,8,7,1,8
26,5,moe,815,33,9,0,0,0,0,0,9,0,649,8,8,0,8
26,6,moe,750,35,2345,1241,1241,997,58,0,49,0,763,8,7,1,8
26,7,moe,654,34,9,0,0,0,0,0,9,0,643,8,8,0,8
26,8,moe,741,34,2047,1097,1097,845,51,0,54,0,647,8,7,1,8
26,9,moe,810,34,8,0,0,0,0,0,8,0,762,8,8,0,8
26,10,moe,752,32,3893,2246,2246,1517,101,0,29,0,639,8,6,2,8
26,11,moe,651,33,3018,1361,1362,1522,101,0,33,0,651,8,6,2,8
26,12,moe,747,33,2301,1201,1201,996,58,0,46,0,764,8,7,1,8
26,13,moe,814,33,3953,2208,2209,1587,99,0,58,0,637,8,6,2,8
26,14,moe,740,33,4937,2473,2473,2282,147,0,35,0,637,8,5,3,8
26,15,moe,653,31,5662,2677,2677,2755,168,0,62,0,759,8,5,3,8
26,16,moe,735,32,3400,837,837,2354,148,0,61,0,647,8,5,3,8
26,17,moe,813,36,1936,1097,1097,770,49,1,19,0,646,8,7,1,8
26,18,moe,744,37,5098,2099,2099,2766,167,0,66,0,759,8,5,3,8
26,19,moe,641,31,5481,2079,2079,3139,195,0,68,0,639,8,4,4,8
26,20,moe,740,32,3709,2061,2061,1525,98,0,25,0,632,8,6,2,8
26,21,moe,812,39,3640,1542,1542,1926,117,0,55,0,760,8,6,2,8
26,22,moe,810,38,4222,1657,1657,2351,147,0,67,0,635,8,5,3,8
26,23,moe,641,30,8,0,0,0,0,0,8,0,751,8,8,0,8
26,24,moe,811,32,11295,2751,2751,8175,282,1,86,0,751,8,3,5,8
26,25,moe,812,36,2905,1211,1211,1610,61,0,23,0,756,8,7,1,8
26,26,moe,644,49,5653,2778,2778,2657,182,0,36,0,752,8,5,3,8
26,-1,epi,0,0,0,0,0,0,0,0,5906,0,0,0,0,0,0
27,-2,pre,217,0,0,0,0,0,0,0,0,0,0,0,0,0,0
27,0,dense,1490,39,0,0,0,0,0,0,0,0,0,0,0,0,0
27,1,moe,830,35,10179,5386,5387,4441,301,0,50,0,760,8,3,5,8
27,2,moe,741,34,7912,4083,4083,3546,242,0,41,0,753,8,4,4,8
27,3,moe,645,33,13420,6714,6716,6222,415,0,67,0,767,8,1,7,8
27,4,moe,736,39,6736,3336,3336,3111,202,0,87,0,637,8,4,4,8
27,5,moe,801,37,6945,3646,3648,3050,198,0,49,0,635,8,4,4,8
27,6,moe,735,34,4327,2289,2289,1869,113,0,56,0,747,8,6,2,8
27,7,moe,632,34,4043,2276,2276,1601,108,1,57,0,916,8,6,2,8
27,8,moe,736,42,3830,2955,2955,779,56,0,40,0,681,8,7,1,8
27,9,moe,793,40,6655,3649,3650,2761,177,0,67,0,767,8,5,3,8
27,10,moe,747,37,9811,3850,3852,5656,197,0,106,0,641,8,4,4,8
27,11,moe,640,38,9448,3679,3679,5529,193,0,47,0,633,8,4,4,8
27,12,moe,735,38,5050,1532,1532,3350,113,0,55,0,750,8,6,2,8
27,13,moe,804,36,7007,3599,3599,3128,201,0,79,0,637,8,4,4,8
27,14,moe,735,36,8941,4809,4809,3824,254,1,53,0,643,8,3,5,8
27,15,moe,644,33,13984,6228,6228,7194,453,0,109,0,757,8,0,8,8
27,16,moe,729,36,11178,3865,3865,6989,246,0,78,0,636,8,3,5,8
27,17,moe,797,37,5947,1629,1630,4134,147,0,36,0,621,8,5,3,8
27,18,moe,730,34,17975,6078,6078,11415,393,0,89,0,737,8,1,7,8
27,19,moe,657,38,12031,4700,4701,7005,247,0,78,0,623,8,3,5,8
27,20,moe,730,37,8562,2802,2802,5519,195,0,46,0,622,8,4,4,8
27,21,moe,805,38,7059,3065,3065,3692,230,0,72,0,741,8,4,4,8
27,22,moe,793,34,6132,2723,2724,3128,197,0,83,0,630,8,4,4,8
27,23,moe,647,40,5254,1716,1716,3376,113,0,49,0,734,8,6,2,8
27,24,moe,803,43,8630,2913,2914,5313,347,0,56,0,750,8,2,6,8
27,25,moe,803,33,12328,3956,3956,8037,282,0,53,0,745,8,3,5,8
27,26,moe,653,34,13861,3839,3840,9625,337,0,59,0,737,8,2,6,8
27,-1,epi,0,0,0,0,0,0,0,0,5766,0,0,0,0,0,0
28,-2,pre,215,0,0,0,0,0,0,0,0,0,0,0,0,0,0
28,0,dense,1465,37,0,0,0,0,0,0,0,0,0,0,0,0,0
28,1,moe,825,35,12568,6830,6831,5331,347,0,59,0,763,8,2,6,8
28,2,moe,738,36,10056,5267,5268,4449,290,0,49,0,754,8,3,5,8
28,3,moe,648,35,17164,6167,6167,10526,398,0,73,0,743,8,1,7,8
28,4,moe,724,36,3990,2225,2225,1596,101,0,68,0,628,8,6,2,8
28,5,moe,805,37,10096,4332,4332,5528,194,0,42,0,609,8,4,4,8
28,6,moe,726,53,5750,2729,2729,2777,173,0,71,0,741,8,5,3,8
28,7,moe,639,33,9694,3760,3762,5655,194,0,83,0,608,8,4,4,8
28,8,moe,732,35,6911,2594,2594,4130,152,0,35,0,618,8,5,3,8
28,9,moe,807,37,10969,6044,6044,4557,289,0,79,0,732,8,3,5,8
28,10,moe,731,36,12802,5456,5456,7017,243,0,86,0,604,8,3,5,8
28,11,moe,639,36,5955,1641,1641,4135,146,0,33,0,610,8,5,3,8
28,12,moe,725,34,3064,1209,1209,1755,57,0,43,0,720,8,7,1,8
28,13,moe,791,34,9504,3591,3591,5636,196,0,81,0,612,8,4,4,8
28,14,moe,725,40,6068,2763,2763,3060,202,0,43,0,620,8,4,4,8
28,15,moe,661,33,8691,3505,3505,4954,168,0,64,0,722,8,5,3,8
28,16,moe,724,33,13745,4992,4992,8365,297,0,91,0,613,8,2,6,8
28,17,moe,798,37,10343,4567,4567,5539,197,0,40,0,608,8,4,4,8
28,18,moe,715,33,7355,2149,2149,4976,170,0,60,0,720,8,5,3,8
28,19,moe,654,31,10153,4288,4288,5600,195,0,70,0,601,8,4,4,8
28,20,moe,729,32,7554,3229,3229,4142,148,0,35,0,601,8,5,3,8
28,21,moe,790,35,8002,2798,2798,4971,170,0,63,0,733,8,5,3,8
28,22,moe,795,33,6395,2999,2999,3117,201,0,78,0,610,8,4,4,8
28,23,moe,643,192,9517,6016,6016,3338,113,0,50,0,721,8,6,2,8
28,24,moe,786,34,8749,3694,3694,4850,171,0,34,0,721,8,5,3,8
28,25,moe,790,33,7775,2738,2738,4826,173,0,38,0,730,8,5,3,8
28,26,moe,645,34,6706,3830,3830,2658,178,0,40,0,723,8,5,3,8
28,-1,epi,0,0,0,0,0,0,0,0,5750,0,0,0,0,0,0
29,-2,pre,217,0,0,0,0,0,0,0,0,0,0,0,0,0,0
29,0,dense,1443,38,0,0,0,0,0,0,0,0,0,0,0,0,0
29,1,moe,821,38,7076,3251,3251,3547,233,0,45,0,745,8,4,4,8
29,2,moe,744,39,9721,4947,4947,4438,290,1,45,0,741,8,3,5,8
29,3,moe,646,33,8767,4899,4900,3581,243,0,43,0,790,8,4,4,8
29,4,moe,698,38,5803,3176,3176,2378,164,0,85,0,686,8,5,3,8
29,5,moe,812,37,7899,3506,3506,4184,162,1,46,0,625,8,5,3,8
29,6,moe,735,38,17556,7423,7424,9689,344,0,99,0,742,8,2,6,8
29,7,moe,646,36,5940,3360,3360,2349,150,0,81,0,625,8,5,3,8
29,8,moe,750,37,9607,5493,5494,3811,246,0,56,0,625,8,3,5,8
29,9,moe,800,40,3605,1517,1517,1913,115,0,60,0,737,8,6,2,8
29,10,moe,730,34,7150,2706,2706,4221,148,0,75,0,613,8,5,3,8
29,11,moe,651,37,6807,2493,2493,4129,152,0,33,0,610,8,5,3,8
29,12,moe,729,35,3076,1207,1207,1765,57,0,47,0,726,8,7,1,8
29,13,moe,796,45,7004,2537,2538,4249,148,0,69,0,612,8,5,3,8
29,14,moe,739,39,5180,831,831,4157,154,0,38,0,610,8,5,3,8
29,15,moe,631,32,5132,1630,1630,3332,112,0,58,0,731,8,6,2,8
29,16,moe,727,36,6393,1973,1973,4214,147,0,59,0,598,8,5,3,8
29,17,moe,806,35,8437,2680,2680,5512,201,0,44,0,617,8,4,4,8
29,18,moe,720,36,7180,3195,3195,3670,233,0,82,0,729,8,4,4,8
29,19,moe,643,36,5838,3242,3242,2373,151,0,72,0,617,8,5,3,8
29,20,moe,730,38,5918,3429,3429,2303,151,0,35,0,620,8,5,3,8
29,21,moe,804,36,7457,3459,3459,3682,232,0,84,0,741,8,4,4,8
29,22,moe,798,34,5178,2163,2163,2855,97,0,63,0,617,8,6,2,8
29,23,moe,657,35,13515,5032,5032,8122,278,0,83,0,738,8,3,5,8
29,24,moe,796,33,8037,4201,4201,3544,229,0,63,0,734,8,4,4,8
29,25,moe,798,38,8120,4284,4284,3562,231,0,43,0,735,8,4,4,8
29,26,moe,668,31,12705,4312,4312,8045,284,0,64,0,722,8,3,5,8
29,-1,epi,0,0,0,0,0,0,0,0,5736,0,0,0,0,0,0
30,-2,pre,215,0,0,0,0,0,0,0,0,0,0,0,0,0,0
30,0,dense,1466,32,0,0,0,0,0,0,0,0,0,0,0,0,0
30,1,moe,812,32,15824,5708,5709,9669,337,0,109,0,733,8,2,6,8
30,2,moe,732,44,6971,4080,4081,2678,173,0,39,0,729,8,5,3,8
30,3,moe,641,31,11393,5648,5648,5332,343,0,70,0,735,8,2,6,8
30,4,moe,731,32,10030,4108,4108,5623,198,0,101,0,615,8,4,4,8
30,5,moe,796,32,3474,592,592,2751,99,0,32,0,611,8,6,2,8
30,6,moe,739,33,3104,1243,1243,1755,57,0,49,0,730,8,7,1,8
30,7,moe,636,29,7815,3338,3338,4258,150,0,69,0,612,8,5,3,8
30,8,moe,718,32,4301,1389,1389,2784,99,0,29,0,611,8,6,2,8
30,9,moe,809,34,7264,2050,2050,4975,168,0,71,0,730,8,5,3,8
30,10,moe,725,31,13163,4373,4373,8392,292,0,106,0,609,8,2,6,8
30,11,moe,636,29,7684,3367,3367,4130,147,0,40,0,606,8,5,3,8
30,12,moe,725,30,14498,5925,5925,8195,281,0,97,0,731,8,3,5,8
30,13,moe,785,29,6316,2922,2922,3113,197,0,84,0,608,8,4,4,8
30,14,moe,736,30,11714,4517,4517,6896,246,0,55,0,603,8,3,5,8
30,15,moe,636,32,6434,2473,2473,3649,231,0,81,0,733,8,4,4,8
30,16,moe,724,32,9474,3608,3608,5586,197,0,83,0,604,8,4,4,8
30,17,moe,812,32,10273,3043,3044,6920,247,0,62,0,598,8,3,5,8
30,18,moe,736,38,14365,3389,3389,10455,397,0,124,0,736,8,1,7,8
30,19,moe,636,34,15315,6536,6536,8385,293,0,101,0,607,8,2,6,8
30,20,moe,721,33,13542,7774,7774,5351,348,1,68,0,607,8,1,7,8
30,21,moe,9785,32,12131,3506,3506,8241,283,0,101,0,721,8,3,5,8
30,22,moe,786,31,13415,4589,4589,8435,293,0,98,0,601,8,2,6,8
30,23,moe,644,32,9379,4416,4416,4562,289,0,112,0,735,8,3,5,8
30,24,moe,792,31,11631,4935,4936,6222,401,0,72,0,741,8,1,7,8
30,25,moe,797,31,8523,3732,3732,4435,294,0,62,0,732,8,3,5,8
30,26,moe,659,32,18723,6761,6761,11445,442,0,75,0,798,8,1,7,8
30,-1,epi,0,0,0,0,0,0,0,0,5677,0,0,0,0,0,0
31,-2,pre,216,0,0,0,0,0,0,0,0,0,0,0,0,0,0
31,0,dense,1446,37,0,0,0,0,0,0,0,0,0,0,0,0,0
31,1,moe,820,36,14730,8019,8019,6224,408,1,78,0,744,8,1,7,8
31,2,moe,727,31,18749,8710,8711,9610,347,0,81,0,733,8,2,6,8
31,3,moe,639,36,17779,6792,6793,10504,401,0,81,0,731,8,1,7,8
31,4,moe,719,33,9786,3843,3843,5648,198,0,97,0,612,8,4,4,8
31,5,moe,797,36,4836,2348,2348,2298,149,0,41,0,605,8,5,3,8
31,6,moe,732,34,7968,3975,3975,3674,229,0,90,0,732,8,4,4,8
31,7,moe,640,30,9409,3477,3477,5651,196,0,85,0,605,8,4,4,8
31,8,moe,716,31,10281,4527,4527,5508,198,0,48,0,606,8,4,4,8
31,9,moe,803,33,12118,3551,3553,8195,283,0,87,0,726,8,3,5,8
31,10,moe,768,34,8209,3978,3979,3892,247,0,91,0,638,8,3,5,8
31,11,moe,651,32,11256,5471,5471,5365,347,0,73,0,625,8,1,7,8
31,12,moe,726,32,6534,3502,3502,2778,173,0,81,0,733,8,5,3,8
31,13,moe,797,33,8951,4709,4709,3889,250,0,103,0,622,8,3,5,8
31,14,moe,727,60,6057,2736,2736,3068,202,0,51,0,627,8,4,4,8
31,15,moe,641,30,16335,6168,6168,9714,341,0,112,0,724,8,2,6,8
31,16,moe,722,32,10721,4057,4058,6152,395,0,116,0,617,8,0,8,8
31,17,moe,803,32,16371,6400,6400,9560,341,0,70,0,600,8,1,7,8
31,18,moe,716,32,12282,5429,5430,6344,401,0,107,0,732,8,1,7,8
31,19,moe,640,29,12761,4003,4003,8362,293,0,103,0,598,8,2,6,8
31,20,moe,730,32,11181,3967,3967,6917,242,1,54,0,604,8,3,5,8
31,21,moe,823,35,9103,5149,5149,3637,231,0,86,0,729,8,4,4,8
31,22,moe,785,34,8359,4129,4130,3888,251,0,90,0,608,8,3,5,8
31,23,moe,634,33,12220,6319,6319,5463,342,0,96,0,733,8,2,6,8
31,24,moe,795,34,17976,6158,6158,11274,453,0,91,0,747,8,0,8,8
31,25,moe,800,34,17268,6355,6355,10444,396,0,73,0,716,8,1,7,8
31,26,moe,639,34,11972,5267,5268,6226,402,1,75,0,726,8,1,7,8
31,-1,epi,0,0,0,0,0,0,0,0,5706,0,0,0,0,0,0
32,-2,pre,201,0,0,0,0,0,0,0,0,0,0,0,0,0,0
32,0,dense,1439,39,0,0,0,0,0,0,0,0,0,0,0,0,0
32,1,moe,825,37,9143,4344,4345,4455,285,0,58,0,739,8,3,5,8
32,2,moe,728,35,7800,2753,2753,4835,169,0,43,0,727,8,5,3,8
32,3,moe,668,33,10683,4915,4915,5350,349,0,69,0,736,8,2,6,8
32,4,moe,733,37,6207,2764,2765,3143,202,0,97,0,616,8,4,4,8
32,5,moe,807,35,5960,1630,1631,4143,149,0,37,0,603,8,5,3,8
32,6,moe,727,36,5402,1808,1808,3414,114,0,66,0,804,8,6,2,8
32,7,moe,673,79,6451,3835,3835,2356,154,0,106,0,678,8,5,3,8
32,8,moe,782,101,6357,3657,3658,2499,156,0,44,0,634,8,5,3,8
32,9,moe,868,83,5936,2880,2881,2772,179,0,104,0,786,8,5,3,8
32,10,moe,770,89,7424,4007,4007,3127,201,0,89,0,617,8,4,4,8
32,11,moe,632,34,10315,3083,3083,6921,244,0,67,0,608,8,3,5,8
32,12,moe,720,35,7316,3336,3336,3663,231,0,86,0,731,8,4,4,8
32,13,moe,793,36,6018,3439,3439,2355,150,0,74,0,608,8,5,3,8
32,14,moe,727,36,5240,2758,2758,2295,149,1,37,0,618,8,5,3,8
32,15,moe,641,32,7109,3094,3094,3700,230,0,85,0,731,8,4,4,8
32,16,moe,721,34,7456,3255,3256,3860,249,0,91,0,622,8,3,5,8
32,17,moe,800,38,10320,3122,3122,6895,243,0,60,0,611,8,3,5,8
32,18,moe,763,39,10697,4673,4673,5524,376,1,123,0,794,8,2,6,8
32,19,moe,640,38,11538,6425,6425,4691,297,1,124,0,627,8,2,6,8
32,20,moe,732,40,7808,3430,3430,4181,154,0,43,0,621,8,5,3,8
32,21,moe,800,38,14026,5361,5361,8257,288,0,120,0,728,8,3,5,8
32,22,moe,862,2565,11929,6863,6863,4645,297,0,124,0,609,8,2,6,8
32,23,moe,640,34,11669,4771,4772,6586,227,0,84,0,723,8,4,4,8
32,24,moe,790,38,12948,2967,2968,9572,337,0,71,0,722,8,2,6,8
32,25,moe,792,36,8437,3655,3655,4435,288,0,59,0,734,8,3,5,8
32,26,moe,639,40,7993,3979,3979,3560,405,0,49,0,791,8,4,4,8
32,-1,epi,0,0,0,0,0,0,0,0,5729,0,0,0,0,0,0
33,-2,pre,236,0,0,0,0,0,0,0,0,0,0,0,0,0,0
33,0,dense,1443,39,0,0,0,0,0,0,0,0,0,0,0,0,0
33,1,moe,818,39,9218,4439,4439,4430,290,0,59,0,741,8,3,5,8
33,2,moe,741,36,6686,3811,3811,2663,171,0,41,0,734,8,5,3,8
33,3,moe,643,35,4337,2419,2419,1771,118,0,29,0,735,8,6,2,8
33,4,moe,731,35,4036,2273,2273,1581,102,0,80,0,624,8,6,2,8
33,5,moe,803,37,3053,1387,1387,1533,98,0,35,0,622,8,6,2,8
33,6,moe,727,35,6614,3596,3596,2767,172,0,79,0,734,8,5,3,8
33,7,moe,648,35,1816,268,268,1457,48,0,43,0,610,8,7,1,8
33,8,moe,754,38,6796,2473,2473,4139,146,1,37,0,628,8,5,3,8
33,9,moe,794,35,3746,1675,1675,1895,116,0,60,0,734,8,6,2,8
33,10,moe,742,35,9522,3633,3634,5609,193,0,86,0,613,8,4,4,8
33,11,moe,630,33,4213,1729,1729,2294,152,0,38,0,615,8,5,3,8
33,12,moe,738,37,11338,7388,7389,3638,229,0,82,0,743,8,4,4,8
33,13,moe,792,38,2313,550,550,1592,102,0,69,0,613,8,6,2,8
33,14,moe,723,35,6242,2933,2934,3060,201,0,47,0,613,8,4,4,8
33,15,moe,637,35,5267,1302,1302,3646,234,0,85,0,737,8,4,4,8
33,16,moe,727,34,6274,1863,1863,4187,150,0,74,0,609,8,5,3,8
33,17,moe,812,38,8170,2405,2405,5524,194,0,47,0,602,8,4,4,8
33,18,moe,723,34,7166,1976,1976,4944,168,0,78,0,722,8,5,3,8
33,19,moe,650,35,4516,1937,1937,2357,151,0,71,0,617,8,5,3,8
33,20,moe,730,34,16255,6236,6236,9599,343,0,77,0,606,8,1,7,8
33,21,moe,794,36,13646,5042,5042,8237,280,0,87,0,725,8,3,5,8
33,22,moe,805,34,6165,1727,1727,4218,145,0,75,0,616,8,5,3,8
33,23,moe,635,33,4493,2439,2439,1879,118,0,57,0,723,8,6,2,8
33,24,moe,790,34,1289,321,321,887,59,0,22,0,731,8,7,1,8
33,25,moe,805,38,4498,2578,2578,1776,116,0,28,0,730,8,6,2,8
33,26,moe,637,34,10,0,0,0,0,0,10,0,824,8,8,0,8
33,-1,epi,0,0,0,0,0,0,0,0,5801,0,0,0,0,0,0
34,-2,pre,218,0,0,0,0,0,0,0,0,0,0,0,0,0,0
34,0,dense,1455,39,0,0,0,0,0,0,0,0,0,0,0,0,0
34,1,moe,824,36,7391,2615,2615,4431,288,0,57,0,749,8,3,5,8
34,2,moe,735,33,6149,2324,2324,3547,229,0,49,0,744,8,4,4,8
34,3,moe,655,31,7250,3365,3365,3585,240,0,60,0,748,8,4,4,8
34,4,moe,735,34,6252,1741,1741,4272,148,0,91,0,610,8,5,3,8
34,5,moe,807,33,5119,2232,2232,2757,96,0,34,0,611,8,6,2,8
34,6,moe,724,34,4865,1833,1833,2783,175,0,74,0,734,8,5,3,8
34,7,moe,646,32,6263,1791,1791,4253,148,0,71,0,610,8,5,3,8
34,8,moe,741,35,1105,270,270,765,51,0,19,0,619,8,7,1,8
34,9,moe,811,36,9,0,0,0,0,0,9,0,742,8,8,0,8
34,10,moe,735,45,3443,553,553,2758,98,0,34,0,613,8,6,2,8
34,11,moe,640,32,5591,2285,2285,3061,201,0,44,0,621,8,4,4,8
34,12,moe,729,35,7457,2494,2495,4581,287,0,94,0,740,8,3,5,8
34,13,moe,805,33,1216,278,278,834,51,0,53,0,623,8,7,1,8
34,14,moe,744,38,6464,3156,3157,3059,199,0,49,0,618,8,4,4,8
34,15,moe,659,32,7391,2190,2190,4962,171,0,68,0,729,8,5,3,8
34,16,moe,731,33,8980,3080,3080,5619,194,0,87,0,614,8,4,4,8
34,17,moe,811,37,10965,3769,3769,6896,244,0,56,0,605,8,3,5,8
34,18,moe,807,34,13319,4750,4750,8183,284,0,102,0,733,8,3,5,8
34,19,moe,641,45,8237,2342,2342,5610,199,0,86,0,609,8,4,4,8
34,20,moe,728,36,7346,3015,3015,4148,148,0,35,0,595,8,5,3,8
34,21,moe,796,35,7803,3848,3848,3640,232,0,83,0,731,8,4,4,8
34,22,moe,795,34,8872,2968,2968,5622,195,0,87,0,611,8,4,4,8
34,23,moe,637,37,5992,2433,2433,3387,114,0,58,0,729,8,6,2,8
34,24,moe,806,35,12019,3585,3585,8083,297,0,54,0,772,8,3,5,8
34,25,moe,810,38,7847,2686,2686,4920,191,0,50,0,787,8,5,3,8
34,26,moe,675,39,10001,3062,3062,6472,407,1,59,0,837,8,4,4,8
34,-1,epi,0,0,0,0,0,0,0,0,5785,0,0,0,0,0,0
35,-2,pre,220,0,0,0,0,0,0,0,0,0,0,0,0,0,0
35,0,dense,1470,41,0,0,0,0,0,0,0,0,0,0,0,0,0
35,1,moe,825,37,9191,4399,4399,4437,287,0,68,0,753,8,3,5,8
35,2,moe,755,41,11141,4415,4415,6441,226,0,59,0,738,8,4,4,8
35,3,moe,647,37,8673,3580,3581,4873,183,0,36,0,741,8,5,3,8
35,4,moe,730,35,5179,2597,2597,2364,150,0,68,0,633,8,5,3,8
35,5,moe,797,38,3153,1507,1507,1518,100,0,28,0,614,8,6,2,8
35,6,moe,748,36,2299,1188,1188,1000,59,0,52,0,736,8,7,1,8
35,7,moe,640,32,2280,536,536,1587,97,0,60,0,620,8,6,2,8
35,8,moe,733,34,2166,521,521,1523,97,0,25,0,620,8,6,2,8
35,9,moe,824,33,5854,2807,2807,2807,172,1,67,0,739,8,5,3,8
35,10,moe,739,33,10167,4279,4279,5618,195,1,74,0,612,8,4,4,8
35,11,moe,637,31,3906,2253,2253,1525,98,0,30,0,607,8,6,2,8
35,12,moe,738,33,6353,2362,2362,3683,231,0,77,0,766,8,4,4,8
35,13,moe,808,41,3146,1377,1377,1602,103,0,64,0,622,8,6,2,8
35,14,moe,742,35,7284,3165,3166,3812,249,0,57,0,629,8,3,5,8
35,15,moe,652,34,5017,1962,1962,2799,175,0,81,0,740,8,5,3,8
35,16,moe,733,36,5014,2440,2440,2355,146,0,73,0,619,8,5,3,8
35,17,moe,806,35,6078,2793,2794,3046,196,0,42,0,624,8,4,4,8
35,18,moe,733,33,6324,2365,2365,3656,223,0,80,0,734,8,4,4,8
35,19,moe,641,32,6885,3504,3504,3116,193,0,72,0,620,8,4,4,8
35,20,moe,742,33,7893,3787,3787,3815,243,0,48,0,3017,8,3,5,8
35,21,moe,791,38,3643,1610,1611,1855,117,0,60,0,742,8,6,2,8
35,22,moe,856,35,7404,3074,3074,3986,251,0,93,0,626,8,3,5,8
35,23,moe,647,37,9908,4963,4963,4572,288,0,85,0,738,8,3,5,8
35,24,moe,814,35,6747,3883,3883,2652,174,0,38,0,735,8,5,3,8
35,25,moe,798,44,7818,4010,4010,3533,225,0,50,0,735,8,4,4,8
35,26,moe,642,29,16085,7739,7740,7194,1072,0,79,0,780,8,0,8,8
35,-1,epi,0,0,0,0,0,0,0,0,5812,0,0,0,0,0,0
36,-2,pre,220,0,0,0,0,0,0,0,0,0,0,0,0,0,0
36,0,dense,1448,32,0,0,0,0,0,0,0,0,0,0,0,0,0
36,1,moe,827,32,12370,5570,5570,6324,408,0,68,0,765,8,1,7,8
36,2,moe,756,38,2133,1161,1161,888,61,0,23,0,740,8,7,1,8
36,3,moe,677,29,7881,4057,4058,3547,231,0,45,0,738,8,4,4,8
36,4,moe,731,30,3246,1440,1440,1635,103,0,68,0,621,8,6,2,8
36,5,moe,803,32,3981,2323,2323,1527,102,0,29,0,623,8,6,2,8
36,6,moe,761,32,3931,1865,1865,1889,115,0,62,0,734,8,6,2,8
36,7,moe,656,28,6202,2783,2783,3131,197,0,91,0,617,8,4,4,8
36,8,moe,723,30,9,0,0,0,0,0,9,0,611,8,8,0,8
36,9,moe,812,33,4517,2466,2466,1874,116,0,61,0,742,8,6,2,8
36,10,moe,725,29,4107,2322,2322,1616,103,0,66,0,618,8,6,2,8
36,11,moe,654,28,1111,281,281,760,51,0,19,0,620,8,7,1,8
36,12,moe,726,29,7897,3923,3923,3665,226,0,83,0,742,8,4,4,8
36,13,moe,824,32,3954,2193,2193,1594,102,0,65,0,617,8,6,2,8
36,14,moe,724,30,5846,3371,3371,2290,152,0,33,0,620,8,5,3,8
36,15,moe,647,28,5701,2685,2685,2777,169,0,70,0,734,8,5,3,8
36,16,moe,729,30,4429,1831,1831,2374,153,0,71,0,617,8,5,3,8
36,17,moe,798,29,7258,3141,3141,3817,250,0,50,0,630,8,3,5,8
36,18,moe,726,30,5767,2753,2753,2770,171,0,73,0,741,8,5,3,8
36,19,moe,653,27,7139,3730,3730,3125,200,0,84,0,628,8,4,4,8
36,20,moe,729,31,7399,4112,4112,3048,196,0,43,0,626,8,4,4,8
36,21,moe,793,30,8187,4233,4233,3653,225,0,76,0,735,8,4,4,8
36,22,moe,810,30,9551,5278,5278,3930,258,0,85,0,623,8,3,5,8
36,23,moe,656,29,9317,5299,5300,3695,244,0,78,0,782,8,4,4,8
36,24,moe,802,31,8642,4712,4713,3613,269,0,47,0,740,8,4,4,8
36,25,moe,808,33,10101,5100,5100,4633,305,0,63,0,821,8,3,5,8
36,26,moe,718,31,5890,2581,2582,2718,549,0,41,0,739,8,5,3,8
36,-1,epi,0,0,0,0,0,0,0,0,5905,0,0,0,0,0,0
37,-2,pre,220,0,0,0,0,0,0,0,0,0,0,0,0,0,0
37,0,dense,1477,37,0,0,0,0,0,0,0,0,0,0,0,0,0
37,1,moe,853,97,6273,2316,2316,3658,241,1,57,0,785,8,4,4,8
37,2,moe,745,32,5611,2734,2734,2668,169,0,40,0,755,8,5,3,8
37,3,moe,666,31,5679,2814,2814,2661,167,0,37,0,747,8,5,3,8
37,4,moe,734,31,6232,2835,2835,3113,196,0,88,0,649,8,4,4,8
37,5,moe,798,31,5847,3385,3385,2277,149,1,35,0,622,8,5,3,8
37,6,moe,728,32,10,0,0,0,0,0,10,0,729,8,8,0,8
37,7,moe,656,28,3999,2343,2343,1525,102,0,29,0,621,8,6,2,8
37,8,moe,731,31,5784,3312,3312,2284,153,0,35,0,623,8,5,3,8
37,9,moe,806,31,4436,2348,2349,1899,118,0,70,0,749,8,6,2,8
37,10,moe,741,31,2118,1165,1165,844,52,0,57,0,623,8,7,1,8
37,11,moe,652,28,6061,2689,2690,3096,222,0,53,0,637,8,4,4,8
37,12,moe,711,35,8587,4547,4547,3699,254,1,86,0,768,8,4,4,8
37,13,moe,811,33,4412,1377,1377,2857,102,0,76,0,632,8,6,2,8
37,14,moe,738,30,4991,2512,2512,2289,149,0,41,0,632,8,5,3,8
37,15,moe,659,257,13990,7150,7150,6533,226,0,81,0,737,8,4,4,8
37,16,moe,728,37,7541,4129,4129,3125,200,0,87,0,626,8,4,4,8
37,17,moe,795,36,8820,4719,4719,3806,242,0,53,0,625,8,3,5,8
37,18,moe,731,38,3677,1627,1627,1874,114,0,62,0,738,8,6,2,8
37,19,moe,651,35,8788,2806,2806,5664,228,1,89,0,670,8,4,4,8
37,20,moe,726,40,1502,651,652,775,55,0,20,0,654,8,7,1,8
37,21,moe,829,40,3605,1556,1557,1875,120,0,53,0,758,8,6,2,8
37,22,moe,801,35,5254,2690,2690,2348,153,1,62,0,626,8,5,3,8
37,23,moe,656,32,8826,4844,4844,3667,230,0,85,0,765,8,4,4,8
37,24,moe,828,43,12831,7091,7091,5337,339,0,64,0,747,8,2,6,8
37,25,moe,796,36,10875,6101,6103,4441,282,0,49,0,741,8,3,5,8
37,26,moe,654,37,13085,6619,6619,5349,1028,0,89,0,741,8,2,6,8
37,-1,epi,0,0,0,0,0,0,0,0,5816,0,0,0,0,0,0
38,-2,pre,228,0,0,0,0,0,0,0,0,0,0,0,0,0,0
38,0,dense,1457,40,0,0,0,0,0,0,0,0,0,0,0,0,0
38,1,moe,823,39,7898,4071,4071,3551,225,0,51,0,746,8,4,4,8
38,2,moe,733,38,10,0,0,0,0,0,10,0,741,8,8,0,8
38,3,moe,657,44,5785,2909,2909,2665,172,0,39,0,748,8,5,3,8
38,4,moe,731,35,2127,1166,1166,836,52,1,72,0,630,8,7,1,8
38,5,moe,801,35,1982,1143,1144,769,49,0,20,0,626,8,7,1,8
38,6,moe,729,35,2432,1309,1309,1010,59,0,54,0,749,8,7,1,8
38,7,moe,656,44,12,0,0,0,0,0,12,0,628,8,8,0,8
38,8,moe,736,33,3228,1455,1455,1601,100,0,72,0,633,8,6,2,8
38,9,moe,818,34,2347,1199,1199,1038,60,0,50,0,758,8,7,1,8
38,10,moe,751,41,2200,1268,1268,827,51,0,54,0,628,8,7,1,8
38,11,moe,649,35,6418,3887,3887,2345,151,0,35,0,632,8,5,3,8
38,12,moe,732,37,9,0,0,0,0,0,9,0,738,8,8,0,8
38,13,moe,807,42,9,0,0,0,0,0,9,0,625,8,8,0,8
38,14,moe,736,36,2006,1152,1152,780,53,0,21,0,666,8,7,1,8
38,15,moe,649,35,5693,2687,2688,2752,176,0,77,0,752,8,5,3,8
38,16,moe,733,41,7202,3778,3778,3133,196,0,95,0,631,8,4,4,8
38,17,moe,800,37,6182,2890,2890,3044,198,0,50,0,627,8,4,4,8
38,18,moe,731,36,10,0,0,0,0,0,10,0,733,8,8,0,8
38,19,moe,658,33,3965,2307,2307,1530,100,0,28,0,621,8,6,2,8
38,20,moe,734,38,5924,3447,3447,2290,149,0,38,0,623,8,5,3,8
38,21,moe,801,35,8226,4264,4264,3650,228,0,84,0,746,8,4,4,8
38,22,moe,4109,38,4962,2353,2353,2378,145,0,86,0,623,8,5,3,8
38,23,moe,644,38,9885,4988,4988,4533,280,0,84,0,748,8,3,5,8
38,24,moe,803,36,7828,3993,3993,3567,226,0,42,0,747,8,4,4,8
38,25,moe,802,36,3469,1491,1491,1803,142,0,33,0,738,8,6,2,8
38,26,moe,676,39,9166,5037,5038,3641,441,0,46,0,780,8,4,4,8
38,-1,epi,0,0,0,0,0,0,0,0,5838,0,0,0,0,0,0
39,-2,pre,214,0,0,0,0,0,0,0,0,0,0,0,0,0,0
39,0,dense,1490,41,0,0,0,0,0,0,0,0,0,0,0,0,0
39,1,moe,795,38,4459,2482,2483,1812,124,0,40,0,772,8,6,2,8
39,2,moe,739,36,8752,4910,4911,3560,228,0,53,0,751,8,4,4,8
39,3,moe,668,37,7720,3906,3906,3537,227,0,50,0,753,8,4,4,8
39,4,moe,735,36,7919,4493,4493,3136,197,0,93,0,627,8,4,4,8
39,5,moe,815,40,1125,283,283,771,51,0,20,0,620,8,7,1,8
39,6,moe,742,35,1430,305,306,1010,56,0,58,0,740,8,7,1,8
39,7,moe,641,33,6059,3467,3467,2366,154,0,72,0,624,8,5,3,8
39,8,moe,740,34,5755,3280,3280,2292,148,0,35,0,622,8,5,3,8
39,9,moe,802,34,9236,4342,4342,4525,281,0,88,0,742,8,3,5,8
39,10,moe,755,41,4608,2799,2799,1619,109,0,81,0,661,8,6,2,8
39,11,moe,672,37,6947,3587,3587,3097,202,0,61,0,662,8,4,4,8
39,12,moe,755,37,6706,3576,3576,2866,175,0,89,0,797,8,5,3,8
39,13,moe,800,37,3428,820,820,2381,149,0,78,0,664,8,5,3,8
39,14,moe,753,35,2546,1693,1693,781,51,0,21,0,680,8,7,1,8
39,15,moe,747,33,14213,8223,8223,5531,353,0,106,0,799,8,2,6,8
39,16,moe,803,40,5757,3145,3145,2387,156,0,69,0,679,8,5,3,8
39,17,moe,850,38,6782,3456,3456,3081,201,0,44,0,634,8,4,4,8
39,18,moe,751,36,5185,1216,1216,3672,227,0,70,0,763,8,4,4,8
39,19,moe,655,33,9574,5260,5260,3947,256,0,111,0,655,8,3,5,8
39,20,moe,739,60,7921,4566,4567,3097,206,0,51,0,633,8,4,4,8
39,21,moe,812,41,10196,5218,5219,4591,288,0,98,0,750,8,3,5,8
39,22,moe,817,45,8135,3836,3836,3937,260,0,102,0,657,8,3,5,8
39,23,moe,670,38,13024,7060,7060,5512,356,0,96,0,809,8,2,6,8
39,24,moe,841,39,12127,6199,6199,5440,404,0,84,0,801,8,2,6,8
39,25,moe,983,42,14111,7260,7261,6331,442,0,77,0,907,8,1,7,8
39,26,moe,735,35,8685,4632,4632,3759,237,0,57,0,769,8,4,4,8
39,-1,epi,0,0,0,0,0,0,0,0,6199,0,0,0,0,0,0
40,-2,pre,132,0,0,0,0,0,0,0,0,0,0,0,0,0,0
40,0,dense,1549,45,0,0,0,0,0,0,0,0,0,0,0,0,0
40,1,moe,865,37,4414,2449,2449,1810,121,0,34,0,851,8,6,2,8
40,2,moe,795,38,4344,2369,2369,1817,123,0,35,0,760,8,6,2,8
40,3,moe,760,39,12974,6381,6381,6114,419,0,60,0,749,8,2,6,8
40,4,moe,722,42,6018,3397,3397,2387,154,0,80,0,673,8,5,3,8
40,5,moe,837,39,4327,1809,1809,2324,153,0,41,0,659,8,5,3,8
40,6,moe,761,38,3758,1644,1644,1911,134,0,69,0,785,8,6,2,8
40,7,moe,672,35,7551,4104,4104,3154,201,0,92,0,647,8,4,4,8
40,8,moe,743,42,2008,1165,1165,769,51,0,23,0,648,8,7,1,8
40,9,moe,837,38,2265,1164,1164,982,60,0,59,0,765,8,7,1,8
40,10,moe,775,41,7526,4063,4063,3172,205,0,86,0,686,8,4,4,8
40,11,moe,740,40,3848,2167,2167,1548,102,0,31,0,706,8,6,2,8
40,12,moe,785,216,4749,3646,3646,986,59,0,58,0,753,8,7,1,8
40,13,moe,858,40,8877,5419,5419,3167,201,0,90,0,708,8,4,4,8
40,14,moe,819,39,5894,3302,3302,2399,152,0,41,0,727,8,5,3,8
40,15,moe,779,35,8445,3865,3865,4237,254,0,89,0,739,8,4,4,8
40,16,moe,725,43,4285,1650,1650,2396,153,0,86,0,704,8,5,3,8
40,17,moe,849,48,3572,1785,1785,1645,106,0,36,0,648,8,6,2,8
40,18,moe,730,41,8114,4069,4071,3698,251,0,94,0,775,8,4,4,8
40,19,moe,713,38,5076,2453,2453,2391,152,0,80,0,683,8,5,3,8
40,20,moe,761,36,8009,4667,4667,3096,201,0,45,0,659,8,4,4,8
40,21,moe,822,41,7085,3982,3982,2841,175,1,86,0,772,8,5,3,8
40,22,moe,826,40,4010,2220,2220,1608,101,0,81,0,686,8,6,2,8
40,23,moe,707,33,11943,6825,6826,4727,305,0,85,0,795,8,3,5,8
40,24,moe,758,49,10250,6335,6335,3619,245,0,51,0,828,8,4,4,8
40,25,moe,868,40,10035,5047,5048,4617,309,0,61,0,806,8,3,5,8
40,26,moe,680,40,9256,4123,4124,4763,302,0,67,0,756,8,3,5,8
40,-1,epi,0,0,0,0,0,0,0,0,5790,0,0,0,0,0,0
41,-2,pre,65,0,0,0,0,0,0,0,0,0,0,0,0,0,0
41,0,dense,1490,44,0,0,0,0,0,0,0,0,0,0,0,0,0
41,1,moe,859,42,7010,3893,3893,2868,206,0,43,0,734,8,5,3,8
41,2,moe,740,39,9838,6002,6003,3559,227,0,49,0,781,8,4,4,8
41,3,moe,676,35,6950,4045,4045,2699,171,0,35,0,759,8,5,3,8
41,4,moe,749,34,5968,3360,3360,2366,148,0,94,0,643,8,5,3,8
41,5,moe,823,35,7835,4542,4542,3052,196,0,45,0,647,8,4,4,8
41,6,moe,740,36,5969,2948,2948,2784,173,0,64,0,754,8,5,3,8
41,7,moe,660,33,9,0,0,0,0,0,9,0,630,8,8,0,8
41,8,moe,753,35,9,0,1,0,0,0,8,0,634,8,8,0,8
41,9,moe,814,32,1277,311,311,888,59,0,19,0,759,8,7,1,8
41,10,moe,743,34,5194,2599,2599,2357,147,0,91,0,638,8,5,3,8
41,11,moe,669,33,3247,1592,1592,1522,102,0,31,0,632,8,6,2,8
41,12,moe,741,36,8,0,0,0,0,0,8,0,751,8,8,0,8
41,13,moe,820,36,3925,2268,2269,1526,101,0,29,0,642,8,6,2,8
41,14,moe,740,38,6985,3682,3682,3062,198,0,43,0,640,8,4,4,8
41,15,moe,664,26,1402,296,296,991,59,0,56,0,753,8,7,1,8
41,16,moe,738,28,6012,3426,3426,2360,146,0,80,0,634,8,5,3,8
41,17,moe,806,29,10,0,0,0,0,0,10,0,628,8,8,0,8
41,18,moe,762,32,1450,318,318,1022,56,0,54,0,753,8,7,1,8
41,19,moe,662,27,3245,1492,1492,1586,102,0,65,0,642,8,6,2,8
41,20,moe,749,28,3990,2342,2342,1523,101,0,24,0,629,8,6,2,8
41,21,moe,809,29,4430,2343,2343,1901,113,0,73,0,756,8,6,2,8
41,22,moe,810,31,2134,1158,1158,870,51,0,55,0,637,8,7,1,8
41,23,moe,664,31,6558,3568,3568,2749,173,0,68,0,758,8,5,3,8
41,24,moe,869,59,5671,2797,2797,2661,167,0,46,0,754,8,5,3,8
41,25,moe,808,33,5564,2697,2697,2654,169,0,44,0,755,8,5,3,8
41,26,moe,653,30,4958,3046,3046,1772,114,0,26,0,746,8,6,2,8
41,-1,epi,0,0,0,0,0,0,0,0,6015,0,0,0,0,0,0
42,-2,pre,256,0,0,0,0,0,0,0,0,0,0,0,0,0,0
42,0,dense,1494,35,0,0,0,0,0,0,0,0,0,0,0,0,0
42,1,moe,835,30,7805,3994,3994,3542,227,0,42,0,757,8,4,4,8
42,2,moe,751,33,8634,4814,4814,3546,229,0,45,0,752,8,4,4,8
42,3,moe,658,30,5533,2667,2667,2660,171,0,35,0,755,8,5,3,8
42,4,moe,735,32,9218,4937,4937,3921,251,0,109,0,643,8,3,5,8
42,5,moe,807,32,9647,5524,5525,3822,249,0,51,0,635,8,3,5,8
42,6,moe,736,30,4505,2435,2435,1888,117,0,65,0,764,8,6,2,8
42,7,moe,657,30,8897,5490,5490,3119,196,0,92,0,626,8,4,4,8
42,8,moe,742,31,7613,4319,4319,3054,197,0,43,0,627,8,4,4,8
42,9,moe,803,30,6775,3774,3774,2772,168,0,61,0,746,8,5,3,8
42,10,moe,733,33,5070,2473,2473,2366,156,0,75,0,628,8,5,3,8
42,11,moe,645,27,5723,3256,3256,2284,150,0,33,0,629,8,5,3,8
42,12,moe,727,29,6713,3692,3693,2778,168,0,74,0,741,8,5,3,8
42,13,moe,827,28,4262,2467,2467,1610,105,0,80,0,678,8,6,2,8
42,14,moe,716,31,7712,4323,4323,3117,220,0,52,0,673,8,4,4,8
42,15,moe,654,29,7041,3085,3085,3634,225,0,97,0,773,8,4,4,8
42,16,moe,738,31,4150,2365,2365,1608,102,0,75,0,667,8,6,2,8
42,17,moe,810,36,7760,4456,4457,3048,197,0,58,0,638,8,4,4,8
42,18,moe,736,33,6791,3749,3749,2810,170,0,62,0,753,8,5,3,8
42,19,moe,662,33,6532,3131,3131,3118,194,0,89,0,629,8,4,4,8
42,20,moe,736,32,3995,2332,2332,1530,100,0,33,0,630,8,6,2,8
42,21,moe,810,33,3565,1515,1515,1868,113,0,69,0,746,8,6,2,8
42,22,moe,807,31,6163,3561,3561,2368,152,0,82,0,652,8,5,3,8
42,23,moe,651,30,4516,2430,2430,1911,117,0,58,0,755,8,6,2,8
42,24,moe,804,32,1299,335,335,884,60,0,20,0,759,8,7,1,8
42,25,moe,808,30,7751,3943,3943,3536,227,0,45,0,751,8,4,4,8
42,26,moe,658,33,2542,617,617,1781,117,0,27,0,753,8,6,2,8
42,-1,epi,0,0,0,0,0,0,0,0,5985,0,0,0,0,0,0
43,-2,pre,197,0,0,0,0,0,0,0,0,0,0,0,0,0,0
43,0,dense,1492,32,0,0,0,0,0,0,0,0,0,0,0,0,0
43,1,moe,832,32,6613,3735,3735,2658,176,0,44,0,762,8,5,3,8
43,2,moe,745,29,2315,1339,1339,894,60,0,22,0,754,8,7,1,8
43,3,moe,650,28,2175,1200,1200,896,58,0,21,0,758,8,7,1,8
43,4,moe,743,29,5537,2946,2946,2369,152,0,70,0,644,8,5,3,8
43,5,moe,807,31,11,0,0,0,0,0,11,0,647,8,8,0,8
43,6,moe,740,27,6004,2954,2954,2804,173,0,73,0,756,8,5,3,8
43,7,moe,652,30,5922,3324,3324,2371,150,0,77,0,638,8,5,3,8
43,8,moe,737,30,1968,1123,1123,775,52,0,18,0,641,8,7,1,8
43,9,moe,811,28,4530,2469,2469,1878,117,0,66,0,757,8,6,2,8
43,10,moe,761,33,7261,5480,5480,1615,100,0,66,0,629,8,6,2,8
43,11,moe,658,30,3174,1518,1518,1524,100,0,32,0,630,8,6,2,8
43,12,moe,736,36,8811,4827,4827,3669,228,0,87,0,751,8,4,4,8
43,13,moe,803,34,2129,1161,1162,862,50,0,55,0,644,8,7,1,8
43,14,moe,735,36,2002,1163,1163,769,52,0,18,0,641,8,7,1,8
43,15,moe,666,32,4568,2466,2466,1923,113,0,66,0,750,8,6,2,8
43,16,moe,733,32,6228,3644,3644,2354,146,0,84,0,629,8,5,3,8
43,17,moe,804,31,7854,4566,4566,3048,193,0,47,0,635,8,4,4,8
43,18,moe,736,37,9,0,0,0,0,0,9,0,748,8,8,0,8
43,19,moe,655,32,3162,1502,1503,1528,100,0,31,0,641,8,6,2,8
43,20,moe,747,32,3074,1417,1417,1532,97,0,28,0,634,8,6,2,8
43,21,moe,807,36,3818,1762,1762,1875,115,0,66,0,748,8,6,2,8
43,22,moe,808,36,2079,1134,1135,837,49,0,58,0,628,8,7,1,8
43,23,moe,649,32,6756,3742,3743,2771,168,0,74,0,750,8,5,3,8
43,24,moe,805,31,5597,2718,2718,2674,169,0,36,0,749,8,5,3,8
43,25,moe,805,33,4422,2511,2511,1772,111,1,27,0,753,8,6,2,8
43,26,moe,655,31,2171,1206,1206,889,58,0,18,0,747,8,7,1,8
43,-1,epi,0,0,0,0,0,0,0,0,6010,0,0,0,0,0,0
44,-2,pre,203,0,0,0,0,0,0,0,0,0,0,0,0,0,0
44,0,dense,1486,39,0,0,0,0,0,0,0,0,0,0,0,0,0
44,1,moe,825,35,2294,1330,1330,887,57,0,20,0,769,8,7,1,8
44,2,moe,758,31,3535,1621,1621,1772,114,1,27,0,756,8,6,2,8
44,3,moe,661,32,6484,3618,3618,2657,169,0,40,0,755,8,5,3,8
44,4,moe,742,31,7843,4417,4417,3130,196,0,100,0,645,8,4,4,8
44,5,moe,812,35,6897,3606,3606,3051,196,0,44,0,635,8,4,4,8
44,6,moe,731,34,2341,1244,1244,985,57,0,55,0,760,8,7,1,8
44,7,moe,660,36,6157,3574,3574,2358,149,0,76,0,633,8,5,3,8
44,8,moe,735,32,3905,2256,2256,1526,100,0,23,0,637,8,6,2,8
44,9,moe,801,33,2346,1253,1253,982,57,0,54,0,754,8,7,1,8
44,10,moe,736,34,5031,2446,2446,2355,146,0,84,0,632,8,5,3,8
44,11,moe,656,31,5779,3306,3306,2291,148,0,34,0,637,8,5,3,8
44,12,moe,736,34,6667,3656,3656,2766,171,0,74,0,747,8,5,3,8
44,13,moe,800,33,5915,3327,3327,2363,150,0,75,0,634,8,5,3,8
44,14,moe,729,34,8797,4680,4680,3810,254,1,52,0,644,8,3,5,8
44,15,moe,667,36,5727,2723,2723,2764,167,0,73,0,749,8,5,3,8
44,16,moe,733,32,5230,2659,2659,2349,149,0,73,0,634,8,5,3,8
44,17,moe,799,34,5425,2138,2138,3047,199,0,41,0,631,8,4,4,8
44,18,moe,727,33,4535,2493,2493,1880,113,0,49,0,746,8,6,2,8
44,19,moe,645,33,7820,4406,4406,3130,199,0,85,0,634,8,4,4,8
44,20,moe,742,32,1984,1145,1145,768,51,0,20,0,639,8,7,1,8
44,21,moe,805,34,14541,7727,7727,6316,390,0,108,0,755,8,1,7,8
44,22,moe,793,34,8770,4559,4559,3867,244,0,100,0,635,8,3,5,8
44,23,moe,647,32,12085,6235,6237,5423,338,0,87,0,749,8,2,6,8
44,24,moe,800,32,7627,3826,3826,3531,226,0,44,0,746,8,4,4,8
44,25,moe,799,32,10814,6026,6026,4453,286,0,49,0,751,8,3,5,8
44,26,moe,644,34,10630,5872,5873,4425,281,0,51,0,742,8,3,5,8
44,-1,epi,0,0,0,0,0,0,0,0,5856,0,0,0,0,0,0
45,-2,pre,214,0,0,0,0,0,0,0,0,0,0,0,0,0,0
45,0,dense,1455,42,0,0,0,0,0,0,0,0,0,0,0,0,0
45,1,moe,825,39,10,0,1,0,0,0,9,0,776,8,8,0,8
45,2,moe,749,33,3474,1564,1564,1769,112,0,29,0,761,8,6,2,8
45,3,moe,680,35,2331,1373,1373,882,58,0,18,0,753,8,7,1,8
45,4,moe,742,34,4030,2247,2247,1609,100,0,74,0,633,8,6,2,8
45,5,moe,807,36,3839,2181,2181,1529,102,0,27,0,638,8,6,2,8
45,6,moe,732,34,4436,2351,2351,1896,120,0,69,0,748,8,6,2,8
45,7,moe,660,34,1206,262,263,842,51,0,50,0,640,8,7,1,8
45,8,moe,733,33,3895,2241,2241,1527,101,0,26,0,631,8,6,2,8
45,9,moe,805,35,4512,2391,2391,1910,143,0,68,0,813,8,6,2,8
45,10,moe,717,39,9,0,0,0,0,0,9,0,644,8,8,0,8
45,11,moe,673,32,3945,2152,2152,1595,110,0,88,0,679,8,6,2,8
45,12,moe,748,40,8727,4716,4717,3679,245,1,85,0,768,8,4,4,8
45,13,moe,820,41,5292,2308,2308,2806,103,0,75,0,631,8,6,2,8
45,14,moe,753,37,5272,2390,2390,2753,100,0,29,0,634,8,6,2,8
45,15,moe,661,41,2372,1274,1274,988,59,0,51,0,755,8,7,1,8
45,16,moe,736,36,5139,2546,2546,2365,150,0,78,0,631,8,5,3,8
45,17,moe,809,36,3930,2272,2273,1528,100,0,29,0,637,8,6,2,8
45,18,moe,746,37,3620,1534,1534,1892,116,0,78,0,753,8,6,2,8
45,19,moe,671,35,4991,2415,2415,2352,147,0,77,0,633,8,5,3,8
45,20,moe,739,34,7773,4458,4458,3058,199,0,58,0,637,8,4,4,8
45,21,moe,806,34,4471,2406,2407,1882,117,0,65,0,750,8,6,2,8
45,22,moe,816,37,6236,2829,2829,3123,202,0,82,0,643,8,4,4,8
45,23,moe,670,35,11142,6240,6241,4532,281,0,88,0,753,8,3,5,8
45,24,moe,808,37,6728,3876,3876,2647,171,0,34,0,743,8,5,3,8
45,25,moe,805,35,8979,4218,4218,4429,283,0,49,0,753,8,3,5,8
45,26,moe,660,40,10721,4001,4002,6450,228,0,41,0,744,8,4,4,8
45,-1,epi,0,0,0,0,0,0,0,0,5865,0,0,0,0,0,0
46,-2,pre,44,0,0,0,0,0,0,0,0,0,0,0,0,0,0
46,0,dense,1506,39,0,0,0,0,0,0,0,0,0,0,0,0,0
46,1,moe,827,34,4500,2585,2585,1770,113,0,32,0,754,8,6,2,8
46,2,moe,745,33,8887,5056,5056,3555,224,0,52,0,751,8,4,4,8
46,3,moe,657,32,4275,2364,2364,1771,113,0,27,0,745,8,6,2,8
46,4,moe,741,36,11450,4112,4112,6999,248,0,91,0,633,8,3,5,8
46,5,moe,802,37,5803,3336,3336,2288,147,0,32,0,626,8,5,3,8
46,6,moe,732,37,6634,3618,3618,2771,168,0,77,0,747,8,5,3,8
46,7,moe,717,31,4335,3382,3382,851,48,0,54,0,614,8,7,1,8
46,8,moe,737,33,6846,3544,3544,3060,198,0,44,0,625,8,4,4,8
46,9,moe,809,33,7929,3954,3955,3661,224,1,88,0,750,8,4,4,8
46,10,moe,729,32,6084,3500,3500,2356,150,0,78,0,631,8,5,3,8
46,11,moe,657,40,5756,3283,3283,2286,148,0,39,0,629,8,5,3,8
46,12,moe,736,33,4493,2413,2413,1895,114,0,71,0,750,8,6,2,8
46,13,moe,805,33,3188,1438,1438,1588,99,0,63,0,646,8,6,2,8
46,14,moe,731,35,5766,3281,3281,2302,148,0,35,0,628,8,5,3,8
46,15,moe,640,31,4472,2426,2426,1871,114,0,61,0,750,8,6,2,8
46,16,moe,731,33,4293,1704,1704,2366,147,0,76,0,628,8,5,3,8
46,17,moe,804,32,3025,1375,1375,1528,97,0,25,0,632,8,6,2,8
46,18,moe,735,34,2377,1262,1262,1007,57,0,51,0,756,8,7,1,8
46,19,moe,651,33,9,0,0,0,0,0,9,0,625,8,8,0,8
46,20,moe,740,35,9,0,0,0,0,0,9,0,637,8,8,0,8
46,21,moe,810,33,9,0,0,0,0,0,9,0,751,8,8,0,8
46,22,moe,814,32,2212,1236,1236,856,50,0,70,0,646,8,7,1,8
46,23,moe,7736,35,6508,3506,3506,2763,172,0,67,0,753,8,5,3,8
46,24,moe,810,43,18,0,0,0,0,0,18,0,757,8,8,0,8
46,25,moe,804,35,2189,1224,1224,888,58,0,19,0,755,8,7,1,8
46,26,moe,658,34,6840,3958,3958,2675,169,0,38,0,755,8,5,3,8
46,-1,epi,0,0,0,0,0,0,0,0,5960,0,0,0,0,0,0
47,-2,pre,210,0,0,0,0,0,0,0,0,0,0,0,0,0,0
47,0,dense,1488,44,0,0,0,0,0,0,0,0,0,0,0,0,0
47,1,moe,834,35,7723,3900,3900,3550,230,0,43,0,760,8,4,4,8
47,2,moe,740,34,6463,3578,3578,2671,172,0,42,0,758,8,5,3,8
47,3,moe,667,32,6505,3639,3639,2658,168,0,40,0,754,8,5,3,8
47,4,moe,732,33,6017,3444,3444,2356,146,0,71,0,630,8,5,3,8
47,5,moe,805,33,6032,2737,2737,3058,197,0,40,0,627,8,4,4,8
47,6,moe,738,32,2336,1229,1229,996,57,0,54,0,755,8,7,1,8
47,7,moe,656,36,5869,3284,3284,2365,149,0,71,0,627,8,5,3,8
47,8,moe,744,36,5900,3431,3431,2288,147,0,34,0,626,8,5,3,8
47,9,moe,806,29,4527,2458,2458,1891,112,0,66,0,756,8,6,2,8
47,10,moe,735,30,6068,3489,3489,2350,147,0,82,0,636,8,5,3,8
47,11,moe,658,34,1720,273,273,1376,50,0,21,0,627,8,7,1,8
47,12,moe,734,28,6732,3716,3716,2776,170,0,70,0,746,8,5,3,8
47,13,moe,799,29,2089,1168,1169,826,50,0,44,0,637,8,7,1,8
47,14,moe,742,30,6847,3552,3552,3052,196,0,47,0,639,8,4,4,8
47,15,moe,641,27,5076,2055,2056,2780,168,0,72,0,750,8,5,3,8
47,16,moe,733,28,5048,2460,2460,2358,148,0,82,0,629,8,5,3,8
47,17,moe,807,29,4959,2494,2495,2286,144,0,34,0,636,8,5,3,8
47,18,moe,734,27,1422,312,312,1002,57,0,51,0,752,8,7,1,8
47,19,moe,659,28,6882,3478,3478,3131,196,0,77,0,629,8,4,4,8
47,20,moe,743,31,4970,2494,2494,2289,151,0,36,0,625,8,5,3,8
47,21,moe,811,29,4106,2057,2057,1874,113,0,62,0,745,8,6,2,8
47,22,moe,802,27,4039,2272,2272,1603,96,0,68,0,625,8,6,2,8
47,23,moe,651,26,9269,4342,4342,4549,281,1,96,0,747,8,3,5,8
47,24,moe,801,29,5569,2692,2692,2672,171,0,34,0,763,8,5,3,8
47,25,moe,805,27,2134,1167,1167,893,57,0,17,0,746,8,7,1,8
47,26,moe,654,32,2533,615,615,1775,118,0,25,0,745,8,6,2,8
47,-1,epi,0,0,0,0,0,0,0,0,5954,0,0,0,0,0,0
48,-2,pre,229,0,0,0,0,0,0,0,0,0,0,0,0,0,0
48,0,dense,1481,34,0,0,0,0,0,0,0,0,0,0,0,0,0
48,1,moe,830,28,2961,1268,1268,1612,59,0,22,0,753,8,7,1,8
48,2,moe,752,29,1982,298,298,1605,59,0,20,0,753,8,7,1,8
48,3,moe,667,28,4410,2489,2489,1777,117,0,27,0,749,8,6,2,8
48,4,moe,734,30,6001,3390,3390,2374,147,0,90,0,630,8,5,3,8
48,5,moe,808,29,2014,1178,1178,767,52,0,17,0,636,8,7,1,8
48,6,moe,737,28,2304,1177,1177,1020,57,0,50,0,752,8,7,1,8
48,7,moe,653,28,2362,567,567,1614,117,0,64,0,664,8,6,2,8
48,8,moe,730,30,1948,1097,1097,777,54,0,20,0,663,8,7,1,8
48,9,moe,823,31,3623,1528,1528,1893,124,0,78,0,818,8,6,2,8
48,10,moe,756,31,5070,2460,2460,2372,152,0,86,0,644,8,5,3,8
48,11,moe,655,38,3904,2240,2240,1537,101,0,26,0,637,8,6,2,8
48,12,moe,744,31,2299,1182,1182,1002,59,0,56,0,757,8,7,1,8
48,13,moe,816,31,10,0,0,0,0,0,10,0,636,8,8,0,8
48,14,moe,748,29,2238,1271,1271,855,49,0,63,0,642,8,7,1,8
48,15,moe,665,28,4407,2351,2351,1877,113,0,66,0,756,8,6,2,8
48,16,moe,749,30,2275,1347,1347,825,48,0,55,0,638,8,7,1,8
48,17,moe,826,29,1967,1127,1127,768,50,0,22,0,636,8,7,1,8
48,18,moe,744,28,2360,1243,1243,1003,58,0,56,0,763,8,7,1,8
48,19,moe,669,27,3163,1396,1396,1603,100,0,64,0,644,8,6,2,8
48,20,moe,745,33,5815,3349,3349,2283,148,0,35,0,643,8,5,3,8
48,21,moe,817,29,10,0,0,0,0,0,10,0,752,8,8,0,8
48,22,moe,824,30,6943,3640,3640,3063,197,0,43,0,642,8,4,4,8
48,23,moe,664,27,4532,2446,2446,1907,113,0,66,0,758,8,6,2,8
48,24,moe,811,30,4417,2499,2499,1774,115,0,29,0,756,8,6,2,8
48,25,moe,811,30,4494,2572,2573,1777,116,0,28,0,756,8,6,2,8
48,26,moe,669,28,9,0,0,0,0,0,9,0,751,8,8,0,8
48,-1,epi,0,0,0,0,0,0,0,0,6069,0,0,0,0,0,0
49,-2,pre,204,0,0,0,0,0,0,0,0,0,0,0,0,0,0
49,0,dense,1520,35,0,0,0,0,0,0,0,0,0,0,0,0,0
49,1,moe,841,33,6845,3959,3959,2675,175,0,36,0,764,8,5,3,8
49,2,moe,748,31,1279,318,318,885,59,0,17,0,763,8,7,1,8
49,3,moe,662,28,6606,3732,3732,2668,173,0,33,0,759,8,5,3,8
49,4,moe,791,34,9407,6821,6822,2349,146,0,90,0,636,8,5,3,8
49,5,moe,817,35,3940,2266,2266,1538,98,0,38,0,629,8,6,2,8
49,6,moe,750,38,2395,1291,1292,991,57,0,55,0,756,8,7,1,8
49,7,moe,655,42,3207,1459,1459,1581,100,0,67,0,631,8,6,2,8
49,8,moe,744,31,2003,1170,1170,764,49,0,20,0,634,8,7,1,8
49,9,moe,820,34,8828,4857,4858,3655,224,0,91,0,756,8,4,4,8
49,10,moe,734,30,6026,3447,3447,2359,148,0,72,0,634,8,5,3,8
49,11,moe,668,36,2044,1211,1211,765,49,0,19,0,635,8,7,1,8
49,12,moe,736,33,2374,1252,1252,1012,57,0,53,0,752,8,7,1,8
49,13,moe,807,31,5791,3213,3213,2358,147,0,73,0,637,8,5,3,8
49,14,moe,741,38,3823,2176,2176,1523,98,0,26,0,632,8,6,2,8
49,15,moe,657,33,3566,1509,1509,1887,114,0,56,0,753,8,6,2,8
49,16,moe,740,35,3286,1547,1547,1579,98,0,62,0,636,8,6,2,8
49,17,moe,811,33,7646,4327,4327,3081,196,0,42,0,639,8,4,4,8
49,18,moe,734,31,2354,1235,1235,1009,59,0,51,0,759,8,7,1,8
49,19,moe,651,31,10836,5813,5813,4626,293,0,104,0,634,8,2,6,8
49,20,moe,741,39,4888,2429,2429,2276,151,0,32,0,632,8,5,3,8
49,21,moe,817,35,7711,3760,3760,3641,228,0,82,0,754,8,4,4,8
49,22,moe,806,38,8451,4232,4232,3884,246,0,89,0,631,8,3,5,8
49,23,moe,655,31,7523,2609,2610,4552,280,0,81,0,751,8,3,5,8
49,24,moe,7096,34,8044,3289,3290,4427,279,0,48,0,753,8,3,5,8
49,25,moe,805,33,10701,4985,4987,5319,340,0,55,0,750,8,2,6,8
49,26,moe,669,31,5048,1228,1228,3555,224,0,41,0,754,8,4,4,8
49,-1,epi,0,0,0,0,0,0,0,0,5928,0,0,0,0,0,0
50,-2,pre,47,0,0,0,0,0,0,0,0,0,0,0,0,0,0
50,0,dense,1495,40,0,0,0,0,0,0,0,0,0,0,0,0,0
50,1,moe,833,33,5074,1711,1711,3218,115,0,30,0,756,8,6,2,8
50,2,moe,752,34,6651,3777,3777,2666,173,0,35,0,749,8,5,3,8
50,3,moe,652,33,2961,1259,1259,1621,60,0,21,0,744,8,7,1,8
50,4,moe,735,31,5319,849,849,4250,152,0,68,0,636,8,5,3,8
50,5,moe,817,37,6205,2921,2922,3046,196,0,41,0,642,8,4,4,8
50,6,moe,764,34,2378,1269,1270,1003,58,0,47,0,744,8,7,1,8
50,7,moe,659,36,10,0,0,0,0,0,10,0,632,8,8,0,8
50,8,moe,746,35,1851,286,286,1445,51,0,69,0,624,8,7,1,8
50,9,moe,826,36,2357,1254,1254,1001,59,0,43,0,745,8,7,1,8
50,10,moe,763,35,2134,1192,1192,832,53,0,57,0,633,8,7,1,8
50,11,moe,652,32,1996,1152,1152,774,51,0,19,0,633,8,7,1,8
50,12,moe,738,39,2328,1205,1205,1008,59,0,56,0,741,8,7,1,8
50,13,moe,811,33,8,0,0,0,0,0,8,0,626,8,8,0,8
50,14,moe,747,33,9,0,0,0,0,0,9,0,642,8,8,0,8
50,15,moe,668,32,4855,1991,1991,2657,170,0,37,0,760,8,5,3,8
50,16,moe,746,37,6964,3543,3543,3134,195,0,92,0,636,8,4,4,8
50,17,moe,811,33,7066,3781,3781,3054,193,0,38,0,644,8,4,4,8
50,18,moe,736,32,6655,3650,3650,2763,169,0,73,0,763,8,5,3,8
50,19,moe,655,36,8,0,0,0,0,0,8,0,629,8,8,0,8
50,20,moe,739,32,5219,2610,2610,2373,151,0,85,0,635,8,5,3,8
50,21,moe,806,34,8015,4060,4060,3650,227,1,77,0,753,8,4,4,8
50,22,moe,817,32,4199,1617,1618,2359,146,0,76,0,636,8,5,3,8
50,23,moe,659,36,7330,3347,3347,3673,228,0,82,0,774,8,4,4,8
50,24,moe,803,35,5667,1840,1840,3551,224,0,52,0,756,8,4,4,8
50,25,moe,811,33,4480,2564,2564,1773,116,0,27,0,744,8,6,2,8
50,26,moe,659,34,4372,2448,2448,1781,112,0,31,0,747,8,6,2,8
50,-1,epi,0,0,0,0,0,0,0,0,5947,0,0,0,0,0,0
51,-2,pre,48,0,0,0,0,0,0,0,0,0,0,0,0,0,0
51,0,dense,1476,37,0,0,0,0,0,0,0,0,0,0,0,0,0
51,1,moe,824,34,10,0,0,0,0,0,10,0,780,8,8,0,8
51,2,moe,754,31,2227,1252,1252,894,58,0,23,0,771,8,7,1,8
51,3,moe,694,40,3562,1640,1640,1775,117,0,30,0,758,8,6,2,8
51,4,moe,750,35,8733,2784,2784,5639,203,0,107,0,633,8,4,4,8
51,5,moe,818,33,10,0,0,0,0,0,10,0,638,8,8,0,8
51,6,moe,748,35,8949,4992,4992,3662,226,0,69,0,750,8,4,4,8
51,7,moe,653,32,7780,4374,4374,3118,199,0,89,0,634,8,4,4,8
51,8,moe,739,35,3860,2214,2214,1520,99,0,27,0,631,8,6,2,8
51,9,moe,811,33,5925,2353,2354,3380,117,0,74,0,746,8,6,2,8
51,10,moe,737,35,5406,2340,2340,2892,102,0,72,0,627,8,6,2,8
51,11,moe,658,33,3844,2149,2149,1560,110,0,25,0,699,8,6,2,8
51,12,moe,734,41,4396,2323,2323,1882,123,0,68,0,771,8,6,2,8
51,13,moe,813,36,7676,3209,3210,4217,156,1,92,0,638,8,5,3,8
51,14,moe,741,38,10,0,0,0,0,0,10,0,629,8,8,0,8
51,15,moe,667,31,3075,1256,1256,1700,58,0,61,0,761,8,7,1,8
51,16,moe,755,38,12765,5460,5460,6957,251,0,97,0,633,8,3,5,8
51,17,moe,822,37,3893,2240,2240,1523,97,0,33,0,635,8,6,2,8
51,18,moe,763,38,8768,4779,4779,3672,223,0,94,0,754,8,4,4,8
51,19,moe,666,32,4064,2295,2295,1602,100,0,67,0,626,8,6,2,8
51,20,moe,736,34,8804,4692,4692,3822,242,0,48,0,633,8,3,5,8
51,21,moe,810,34,12358,6478,6478,5426,336,0,118,0,754,8,2,6,8
51,22,moe,804,32,5874,3296,3296,2354,145,0,79,0,630,8,5,3,8
51,23,moe,653,32,6642,3632,3632,2766,168,0,76,0,763,8,5,3,8
51,24,moe,805,34,4312,2400,2400,1769,114,0,29,0,746,8,6,2,8
51,25,moe,804,43,13800,5393,5393,8057,291,0,59,0,767,8,3,5,8
51,26,moe,658,32,7632,3816,3816,3544,229,0,43,0,755,8,4,4,8
51,-1,epi,0,0,0,0,0,0,0,0,5877,0,0,0,0,0,0
52,-2,pre,44,0,0,0,0,0,0,0,0,0,0,0,0,0,0
52,0,dense,1513,36,0,0,0,0,0,0,0,0,0,0,0,0,0
52,1,moe,820,209,4810,3844,3844,886,58,0,22,0,747,8,7,1,8
52,2,moe,752,35,1248,287,287,883,56,0,22,0,748,8,7,1,8
52,3,moe,668,31,6045,2678,2678,3221,116,0,30,0,741,8,6,2,8
52,4,moe,752,34,9870,3952,3952,5626,202,0,90,0,624,8,4,4,8
52,5,moe,803,34,9,0,0,0,0,0,9,0,624,8,8,0,8
52,6,moe,741,33,2361,1241,1241,1003,57,0,60,0,752,8,7,1,8
52,7,moe,664,35,6064,3484,3484,2348,150,0,82,0,627,8,5,3,8
52,8,moe,732,31,1926,1093,1094,764,50,0,18,0,624,8,7,1,8
52,9,moe,811,37,4439,2390,2390,1874,113,0,62,0,747,8,6,2,8
52,10,moe,733,30,2198,1259,1260,835,50,1,52,0,629,8,7,1,8
52,11,moe,653,30,1903,1071,1071,761,50,0,21,0,634,8,7,1,8
52,12,moe,739,33,2374,1253,1253,1005,58,0,58,0,749,8,7,1,8
52,13,moe,810,31,3951,2201,2201,1585,99,0,66,0,631,8,6,2,8
52,14,moe,744,37,8,0,0,0,0,0,8,0,633,8,8,0,8
52,15,moe,656,31,3037,1164,1165,1759,60,0,53,0,751,8,7,1,8
52,16,moe,734,34,7730,3264,3264,4240,152,0,74,0,632,8,5,3,8
52,17,moe,809,33,5628,2337,2338,3051,198,0,41,0,625,8,4,4,8
52,18,moe,746,34,9,0,0,0,0,0,9,0,741,8,8,0,8
52,19,moe,661,33,1985,1149,1149,768,51,0,17,0,639,8,7,1,8
52,20,moe,737,33,2186,538,538,1524,101,0,23,0,638,8,6,2,8
52,21,moe,813,33,9720,4757,4757,4587,285,0,91,0,749,8,3,5,8
52,22,moe,805,30,2674,906,907,1603,98,0,66,0,631,8,6,2,8
52,23,moe,667,37,6324,2359,2360,3661,224,0,79,0,744,8,4,4,8
52,24,moe,809,35,3486,1552,1552,1785,120,0,29,0,747,8,6,2,8
52,25,moe,809,37,4769,1905,1905,2657,172,0,35,0,746,8,5,3,8
52,26,moe,648,30,1278,319,319,882,59,0,18,0,747,8,7,1,8
52,-1,epi,0,0,0,0,0,0,0,0,5996,0,0,0,0,0,0
53,-2,pre,225,0,0,0,0,0,0,0,0,0,0,0,0,0,0
53,0,dense,1499,39,0,0,0,0,0,0,0,0,0,0,0,0,0
53,1,moe,853,35,2934,1239,1239,1613,60,0,22,0,762,8,7,1,8
53,2,moe,754,33,9,0,0,0,0,0,9,0,767,8,8,0,8
53,3,moe,681,29,8633,3596,3596,4825,175,0,37,0,750,8,5,3,8
53,4,moe,757,30,1844,278,278,1445,52,0,69,0,628,8,7,1,8
53,5,moe,815,29,2662,1218,1218,1375,51,0,18,0,623,8,7,1,8
53,6,moe,744,31,9,0,0,0,0,0,9,0,755,8,8,0,8
53,7,moe,674,32,2660,1215,1215,1376,52,0,17,0,637,8,7,1,8
53,8,moe,752,31,3980,2332,2332,1522,98,0,28,0,628,8,6,2,8
53,9,moe,809,28,7942,2701,2701,4989,171,0,81,0,749,8,5,3,8
53,10,moe,750,30,5307,843,843,4234,148,1,81,0,631,8,5,3,8
53,11,moe,663,29,9,0,0,0,0,0,9,0,636,8,8,0,8
53,12,moe,745,29,5891,2372,2372,3336,117,0,66,0,745,8,6,2,8
53,13,moe,822,32,2141,1173,1173,863,49,0,56,0,625,8,7,1,8
53,14,moe,738,29,5662,3177,3180,2300,148,0,34,0,626,8,5,3,8
53,15,moe,650,31,8,0,0,0,0,0,8,0,743,8,8,0,8
53,16,moe,740,29,6254,1926,1926,4137,152,0,39,0,636,8,5,3,8
53,17,moe,809,29,3465,579,579,2756,103,0,27,0,632,8,6,2,8
53,18,moe,750,30,9,0,0,0,0,0,9,0,755,8,8,0,8
53,19,moe,665,27,1983,1153,1153,761,49,0,20,0,631,8,7,1,8
53,20,moe,747,29,3447,571,571,2750,102,0,24,0,633,8,6,2,8
53,21,moe,821,31,4905,1887,1887,2766,170,0,82,0,744,8,5,3,8
53,22,moe,811,28,1188,257,257,821,51,0,59,0,631,8,7,1,8
53,23,moe,677,32,3681,1630,1630,1882,115,0,54,0,746,8,6,2,8
53,24,moe,823,31,6251,2450,2451,3534,226,0,40,0,748,8,4,4,8
53,25,moe,814,29,5798,2929,2929,2666,172,0,31,0,746,8,5,3,8
53,26,moe,668,32,7828,4021,4021,3542,228,0,37,0,748,8,4,4,8
53,-1,epi,0,0,0,0,0,0,0,0,5922,0,0,0,0,0,0
54,-2,pre,44,0,0,0,0,0,0,0,0,0,0,0,0,0,0
54,0,dense,1504,32,0,0,0,0,0,0,0,0,0,0,0,0,0
54,1,moe,842,30,9,0,0,0,0,0,9,0,777,8,8,0,8
54,2,moe,771,33,9,0,0,0,0,0,9,0,772,8,8,0,8
54,3,moe,691,27,7144,2094,2094,4840,172,0,38,0,755,8,5,3,8
54,4,moe,753,29,8836,2934,2935,5583,199,0,119,0,628,8,4,4,8
54,5,moe,804,30,4168,2494,2494,1543,99,0,32,0,629,8,6,2,8
54,6,moe,734,29,1421,324,324,981,57,0,59,0,750,8,7,1,8
54,7,moe,662,26,7075,3680,3680,3114,197,0,84,0,639,8,4,4,8
54,8,moe,737,29,2575,1105,1105,1395,53,0,22,0,628,8,7,1,8
54,9,moe,807,31,7950,2693,2693,5007,171,0,79,0,753,8,5,3,8
54,10,moe,736,31,8,0,0,0,0,0,8,0,623,8,8,0,8
54,11,moe,653,26,2753,1134,1134,1497,51,0,71,0,628,8,7,1,8
54,12,moe,739,30,3090,1222,1222,1753,59,0,56,0,749,8,7,1,8
54,13,moe,812,31,5922,3320,3320,2361,149,0,92,0,631,8,5,3,8
54,14,moe,740,32,3847,2189,2189,1530,98,0,30,0,626,8,6,2,8
54,15,moe,648,27,2367,1258,1258,995,59,0,55,0,752,8,7,1,8
54,16,moe,734,29,1225,286,286,835,49,0,55,0,635,8,7,1,8
54,17,moe,815,28,1108,276,276,763,50,0,19,0,641,8,7,1,8
54,18,moe,736,28,2336,1232,1232,993,56,0,55,0,750,8,7,1,8
54,19,moe,660,27,1225,255,255,861,57,0,52,0,692,8,7,1,8
54,20,moe,744,41,9,0,0,0,0,0,9,0,623,8,8,0,8
54,21,moe,814,35,3645,1541,1542,1894,123,0,86,0,786,8,6,2,8
54,22,moe,818,34,4052,2249,2249,1607,106,0,90,0,647,8,6,2,8
54,23,moe,667,29,7752,3803,3803,3620,225,1,103,0,764,8,4,4,8
54,24,moe,816,34,5764,2880,2880,2669,171,0,44,0,759,8,5,3,8
54,25,moe,830,36,6320,2497,2497,3543,227,0,53,0,757,8,4,4,8
54,26,moe,663,31,5073,1253,1253,3546,226,0,48,0,759,8,4,4,8
54,-1,epi,0,0,0,0,0,0,0,0,6022,0,0,0,0,0,0
55,-2,pre,1266,0,0,0,0,0,0,0,0,0,0,0,0,0,0
55,0,dense,1483,42,0,0,0,0,0,0,0,0,0,0,0,0,0
55,1,moe,842,34,4613,1239,1240,3224,115,0,34,0,765,8,6,2,8
55,2,moe,761,33,8027,2953,2953,4860,173,0,41,0,768,8,5,3,8
55,3,moe,654,33,6477,3588,3588,2677,168,0,44,0,754,8,5,3,8
55,4,moe,749,33,1225,278,278,824,48,0,75,0,634,8,7,1,8
55,5,moe,825,32,7638,4324,4324,3065,197,0,52,0,637,8,4,4,8
55,6,moe,747,34,4547,2494,2495,1861,111,0,80,0,752,8,6,2,8
55,7,moe,656,33,9726,5478,5478,3891,245,0,112,0,634,8,3,5,8
55,8,moe,743,33,1967,1129,1129,766,49,1,22,0,630,8,7,1,8
55,9,moe,811,33,2362,1227,1228,1019,58,0,57,0,749,8,7,1,8
55,10,moe,736,33,3984,2235,2235,1582,99,1,67,0,636,8,6,2,8
55,11,moe,661,33,6066,2781,2781,3041,196,0,48,0,639,8,4,4,8
55,12,moe,744,34,3090,1259,1259,1719,59,0,53,0,746,8,7,1,8
55,13,moe,807,34,6537,3106,3106,3140,198,0,93,0,646,8,4,4,8
55,14,moe,733,33,4882,2407,2407,2286,149,0,40,0,630,8,5,3,8
55,15,moe,654,33,5770,2741,2741,2777,171,0,81,0,751,8,5,3,8
55,16,moe,754,32,6179,2742,2743,3148,194,0,94,0,633,8,4,4,8
55,17,moe,813,33,6670,2553,2553,3813,245,0,59,0,646,8,3,5,8
55,18,moe,735,34,3562,1488,1488,1881,112,0,81,0,749,8,6,2,8
55,19,moe,657,31,5190,2610,2610,2348,149,0,83,0,633,8,5,3,8
55,20,moe,745,33,3961,2308,2308,1525,98,0,30,0,632,8,6,2,8
55,21,moe,808,33,4985,1968,1968,2766,170,0,81,0,753,8,5,3,8
55,22,moe,818,33,7270,3840,3840,3138,196,0,96,0,632,8,4,4,8
55,23,moe,663,34,8026,2832,2832,4945,173,0,76,0,745,8,5,3,8
55,24,moe,797,33,5468,2606,2606,2654,171,0,37,0,758,8,5,3,8
55,25,moe,814,34,3561,1636,1636,1779,117,0,29,0,755,8,6,2,8
55,26,moe,655,32,13517,5108,5108,8060,287,0,62,0,746,8,3,5,8
55,-1,epi,0,0,0,0,0,0,0,0,5899,0,0,0,0,0,0
56,-2,pre,235,0,0,0,0,0,0,0,0,0,0,0,0,0,0
56,0,dense,1476,37,0,0,0,0,0,0,0,0,0,0,0,0,0
56,1,moe,835,36,8843,3776,3776,4847,175,0,45,0,750,8,5,3,8
56,2,moe,739,39,5821,2446,2446,3230,115,0,30,0,747,8,6,2,8
56,3,moe,664,32,6377,3505,3505,2660,171,0,41,0,749,8,5,3,8
56,4,moe,740,32,9,0,0,0,0,0,9,0,625,8,8,0,8
56,5,moe,817,33,2029,1080,1080,829,50,0,70,0,636,8,7,1,8
56,6,moe,741,32,9,0,0,0,0,0,9,0,758,8,8,0,8
56,7,moe,664,36,1986,1151,1151,765,49,0,21,0,629,8,7,1,8
56,8,moe,754,34,1928,1090,1090,765,51,0,22,0,662,8,7,1,8
56,9,moe,821,33,2700,617,617,1896,113,0,74,0,755,8,6,2,8
56,10,moe,748,32,3150,1400,1400,1586,98,0,66,0,643,8,6,2,8
56,11,moe,667,33,5094,2196,2196,2768,103,0,27,0,629,8,6,2,8
56,12,moe,739,37,2368,1272,1272,982,57,0,57,0,749,8,7,1,8
56,13,moe,804,33,4083,2335,2335,1582,99,0,67,0,639,8,6,2,8
56,14,moe,735,32,3755,2092,2092,1526,100,0,37,0,638,8,6,2,8
56,15,moe,654,31,3122,1258,1258,1757,59,0,48,0,753,8,7,1,8
56,16,moe,737,36,2329,539,539,1617,99,0,74,0,632,8,6,2,8
56,17,moe,817,34,1944,1101,1104,772,49,0,19,0,633,8,7,1,8
56,18,moe,741,32,3192,1365,1365,1703,58,0,66,0,750,8,7,1,8
56,19,moe,659,32,6301,1834,1835,4248,147,0,71,0,635,8,5,3,8
56,20,moe,735,34,3043,1396,1396,1518,100,0,29,0,632,8,6,2,8
56,21,moe,824,34,3932,902,902,2779,170,0,81,0,753,8,5,3,8
56,22,moe,810,32,2760,1148,1148,1501,51,0,60,0,633,8,7,1,8
56,23,moe,653,33,7326,2099,2099,4980,171,0,76,0,743,8,5,3,8
56,24,moe,806,34,6160,1106,1106,4837,174,0,43,0,751,8,5,3,8
56,25,moe,828,34,5626,2758,2758,2661,168,0,39,0,751,8,5,3,8
56,26,moe,662,34,8803,4027,4027,4435,283,0,58,0,751,8,3,5,8
56,-1,epi,0,0,0,0,0,0,0,0,5921,0,0,0,0,0,0
57,-2,pre,47,0,0,0,0,0,0,0,0,0,0,0,0,0,0
57,0,dense,1478,38,0,0,0,0,0,0,0,0,0,0,0,0,0
57,1,moe,832,32,3596,1675,1675,1766,113,0,42,0,756,8,6,2,8
57,2,moe,759,33,9,0,0,0,0,0,9,0,761,8,8,0,8
57,3,moe,673,30,7347,3519,3519,3548,226,0,54,0,753,8,4,4,8
57,4,moe,743,37,8,0,0,0,0,0,8,0,641,8,8,0,8
57,5,moe,817,35,4589,1984,1984,2361,148,0,96,0,640,8,5,3,8
57,6,moe,754,32,3140,1235,1235,1794,59,0,52,0,751,8,7,1,8
57,7,moe,660,34,7051,2554,2554,4266,150,0,81,0,628,8,5,3,8
57,8,moe,744,38,2561,1104,1104,1386,51,0,20,0,623,8,7,1,8
57,9,moe,807,34,9,0,0,0,0,0,9,0,746,8,8,0,8
57,10,moe,736,32,9,0,0,0,0,0,9,0,639,8,8,0,8
57,11,moe,663,35,7725,3401,3401,4132,150,0,42,0,633,8,5,3,8
57,12,moe,750,32,9,0,0,0,0,0,9,0,754,8,8,0,8
57,13,moe,817,32,1957,1123,1123,765,49,0,20,0,645,8,7,1,8
57,14,moe,741,37,1947,1107,1107,767,51,0,22,0,634,8,7,1,8
57,15,moe,665,31,6268,2550,2551,3381,116,0,220,0,745,8,6,2,8
57,16,moe,742,36,1864,295,295,1447,50,0,72,0,634,8,7,1,8
57,17,moe,813,39,1741,281,281,1389,51,0,20,0,631,8,7,1,8
57,18,moe,748,34,3184,1320,1320,1745,59,0,60,0,745,8,7,1,8
57,19,moe,671,35,1231,279,279,848,49,0,55,0,638,8,7,1,8
57,20,moe,754,37,9,0,0,0,0,0,9,0,645,8,8,0,8
57,21,moe,833,40,4549,2460,2460,1903,114,0,72,0,756,8,6,2,8
57,22,moe,823,80,4422,1392,1392,2854,104,0,72,0,632,8,6,2,8
57,23,moe,654,34,4077,612,613,3288,115,0,61,0,747,8,6,2,8
57,24,moe,804,32,5005,1611,1611,3246,116,0,32,0,757,8,6,2,8
57,25,moe,816,37,2281,1316,1316,885,57,0,23,0,747,8,7,1,8
57,26,moe,654,31,7704,1893,1894,5381,361,0,68,0,789,8,2,6,8
57,-1,epi,0,0,0,0,0,0,0,0,5983,0,0,0,0,0,0
58,-2,pre,2414,0,0,0,0,0,0,0,0,0,0,0,0,0,0
58,0,dense,1428,43,0,0,0,0,0,0,0,0,0,0,0,0,0
58,1,moe,846,41,3305,1552,1552,1659,70,1,23,0,826,8,7,1,8
58,2,moe,748,38,11,0,1,0,0,0,10,0,770,8,8,0,8
58,3,moe,694,34,6112,3231,3231,2668,167,0,46,0,762,8,5,3,8
58,4,moe,750,38,6076,1617,1617,4201,151,0,107,0,636,8,5,3,8
58,5,moe,838,42,2011,1176,1176,762,51,0,22,0,650,8,7,1,8
58,6,moe,763,38,9,0,0,0,0,0,9,0,763,8,8,0,8
58,7,moe,676,36,2621,1170,1170,1377,52,0,22,0,640,8,7,1,8
58,8,moe,739,35,3013,1557,1557,1383,52,0,21,0,633,8,7,1,8
58,9,moe,819,35,3154,1266,1266,1764,58,1,65,0,752,8,7,1,8
58,10,moe,755,33,9,0,0,0,0,0,9,0,649,8,8,0,8
58,11,moe,669,33,9,0,0,0,0,0,9,0,642,8,8,0,8
58,12,moe,756,33,9,0,0,0,0,0,9,0,781,8,8,0,8
58,13,moe,846,36,3158,1395,1395,1574,101,0,88,0,647,8,6,2,8
58,14,moe,755,36,10,0,0,0,0,0,10,0,650,8,8,0,8
58,15,moe,677,34,6169,2617,2617,3366,116,0,70,0,760,8,6,2,8
58,16,moe,747,34,2756,1132,1132,1512,51,0,61,0,647,8,7,1,8
58,17,moe,812,34,2571,1115,1115,1384,51,0,21,0,640,8,7,1,8
58,18,moe,748,34,8,0,0,0,0,0,8,0,758,8,8,0,8
58,19,moe,677,41,6449,3978,3978,2285,146,0,40,0,639,8,5,3,8
58,20,moe,751,34,1125,286,286,769,50,0,20,0,636,8,7,1,8
58,21,moe,830,36,1444,321,321,996,58,1,68,0,757,8,7,1,8
58,22,moe,821,32,3250,1483,1483,1594,99,0,74,0,653,8,6,2,8
58,23,moe,670,32,2653,622,622,1865,113,0,53,0,758,8,6,2,8
58,24,moe,832,33,2938,1247,1247,1609,60,0,22,0,755,8,7,1,8
58,25,moe,822,34,4022,653,653,3222,115,0,32,0,753,8,6,2,8
58,26,moe,677,40,7144,2093,2093,4837,174,0,40,0,753,8,5,3,8
58,-1,epi,0,0,0,0,0,0,0,0,6016,0,0,0,0,0,0
59,-2,pre,51,0,0,0,0,0,0,0,0,0,0,0,0,0,0
59,0,dense,1520,30,0,0,0,0,0,0,0,0,0,0,0,0,0
59,1,moe,851,32,9,0,0,0,0,0,9,0,780,8,8,0,8
59,2,moe,781,30,2219,1253,1253,885,59,0,22,0,775,8,7,1,8
59,3,moe,691,30,4029,644,644,3237,118,0,30,0,764,8,6,2,8
59,4,moe,761,31,9,0,0,0,0,0,9,0,648,8,8,0,8
59,5,moe,850,30,8,0,0,0,0,0,8,0,653,8,8,0,8
59,6,moe,765,27,2300,1335,1335,885,60,0,20,0,763,8,7,1,8
59,7,moe,673,28,2574,1624,1624,824,50,0,76,0,642,8,7,1,8
59,8,moe,759,29,8,0,0,0,0,0,8,0,652,8,8,0,8
59,9,moe,848,34,1428,314,314,994,56,0,64,0,766,8,7,1,8
59,10,moe,760,30,2126,1177,1177,841,48,1,59,0,646,8,7,1,8
59,11,moe,678,29,2032,1198,1198,764,50,0,20,0,647,8,7,1,8
59,12,moe,761,29,1421,301,301,1006,58,0,56,0,773,8,7,1,8
59,13,moe,828,29,4100,2341,2341,1580,98,0,81,0,639,8,6,2,8
59,14,moe,741,30,3083,1418,1418,1536,100,0,29,0,648,8,6,2,8
59,15,moe,663,28,1411,325,325,976,57,0,53,0,764,8,7,1,8
59,16,moe,747,28,3180,1412,1412,1604,100,0,64,0,645,8,6,2,8
59,17,moe,816,31,1973,1127,1127,774,50,0,22,0,638,8,7,1,8
59,18,moe,750,28,2364,1218,1218,1029,60,0,57,0,757,8,7,1,8
59,19,moe,675,32,3979,2218,2219,1596,99,0,65,0,646,8,6,2,8
59,20,moe,773,31,4273,1803,1804,2282,146,0,41,0,645,8,5,3,8
59,21,moe,816,29,9215,2265,2265,6634,232,0,84,0,756,8,4,4,8
59,22,moe,816,30,12402,3622,3622,8376,298,0,106,0,646,8,2,6,8
59,23,moe,671,30,7630,2712,2712,4552,277,0,89,0,760,8,3,5,8
59,24,moe,810,30,6274,2465,2465,3537,226,0,46,0,761,8,4,4,8
59,25,moe,825,31,13059,2994,2995,9657,342,0,65,0,743,8,2,6,8
59,26,moe,663,29,13021,2997,2997,9610,340,0,74,0,740,8,2,6,8
59,-1,epi,0,0,0,0,0,0,0,0,5934,0,0,0,0,0,0
60,-2,pre,46,0,0,0,0,0,0,0,0,0,0,0,0,0,0
60,0,dense,1163,31,0,0,0,0,0,0,0,0,0,0,0,0,0
60,1,moe,853,33,2339,1360,1360,895,62,0,22,0,760,8,7,1,8
60,2,moe,757,32,2209,1249,1249,881,58,0,21,0,759,8,7,1,8
60,3,moe,662,29,7483,3665,3667,3544,223,0,49,0,755,8,4,4,8
60,4,moe,737,32,2805,1198,1198,1476,51,0,80,0,636,8,7,1,8
60,5,moe,818,31,2260,1425,1425,763,51,0,21,0,648,8,7,1,8
60,6,moe,762,31,9,0,0,0,0,0,9,0,752,8,8,0,8
60,7,moe,668,29,8,0,0,0,0,0,8,0,632,8,8,0,8
60,8,moe,759,33,3856,2186,2186,1532,101,0,37,0,634,8,6,2,8
60,9,moe,819,30,2366,1214,1214,1030,61,0,61,0,759,8,7,1,8
60,10,moe,741,29,2071,1115,1116,841,51,0,63,0,642,8,7,1,8
60,11,moe,663,27,1293,458,458,765,50,0,20,0,654,8,7,1,8
60,12,moe,741,28,2569,678,678,1784,59,0,48,0,758,8,7,1,8
60,13,moe,822,30,9,0,0,0,0,0,9,0,646,8,8,0,8
60,14,moe,745,33,2314,527,527,1603,99,0,85,0,640,8,6,2,8
60,15,moe,669,29,3903,907,907,2742,177,0,77,0,767,8,5,3,8
60,16,moe,759,31,8,0,0,0,0,0,8,0,642,8,8,0,8
60,17,moe,826,30,2193,1237,1237,831,50,0,75,0,642,8,7,1,8
60,18,moe,769,32,8,0,0,0,0,0,8,0,763,8,8,0,8
60,19,moe,689,31,4366,1480,1480,2756,102,0,28,0,637,8,6,2,8
60,20,moe,753,28,2648,1197,1197,1379,51,1,20,0,642,8,7,1,8
60,21,moe,819,31,6215,959,959,4993,173,0,90,0,760,8,5,3,8
60,22,moe,827,29,4441,1463,1463,2807,99,1,71,0,633,8,6,2,8
60,23,moe,674,29,9336,2455,2457,6560,233,0,86,0,755,8,4,4,8
60,24,moe,833,32,10502,3757,3758,6463,235,0,46,0,750,8,4,4,8
60,25,moe,819,33,2560,633,634,1778,121,0,27,0,747,8,6,2,8
60,26,moe,672,34,4015,625,625,3234,118,0,38,0,756,8,6,2,8
60,-1,epi,0,0,0,0,0,0,0,0,5984,0,0,0,0,0,0
61,-2,pre,45,0,0,0,0,0,0,0,0,0,0,0,0,0,0
61,0,dense,1519,38,0,0,0,0,0,0,0,0,0,0,0,0,0
61,1,moe,838,37,2519,1539,1539,897,62,0,21,0,763,8,7,1,8
61,2,moe,755,34,4509,2588,2588,1770,119,0,32,0,758,8,6,2,8
61,3,moe,660,32,3803,940,941,2648,176,0,38,0,775,8,5,3,8
61,4,moe,753,32,3244,1475,1475,1590,99,0,80,0,658,8,6,2,8
61,5,moe,826,38,2000,1166,1166,764,50,0,20,0,668,8,7,1,8
61,6,moe,735,34,9,0,0,0,0,1,8,0,750,8,8,0,8
61,7,moe,675,35,1966,1133,1133,765,49,0,19,0,638,8,7,1,8
61,8,moe,752,33,9,0,0,0,0,0,9,0,653,8,8,0,8
61,9,moe,832,33,8,0,0,0,0,0,8,0,760,8,8,0,8
61,10,moe,763,32,9,0,0,0,0,0,9,0,650,8,8,0,8
61,11,moe,692,32,2005,1171,1171,758,50,0,26,0,642,8,7,1,8
61,12,moe,770,34,8,0,0,0,0,0,8,0,776,8,8,0,8
61,13,moe,836,33,8,0,0,0,0,0,8,0,662,8,8,0,8
61,14,moe,769,35,2076,1237,1237,768,49,0,22,0,655,8,7,1,8
61,15,moe,681,34,3170,1268,1268,1773,59,0,70,0,757,8,7,1,8
61,16,moe,747,33,12,0,0,0,0,0,12,0,648,8,8,0,8
61,17,moe,825,32,5361,2343,2343,2825,103,0,90,0,636,8,6,2,8
61,18,moe,757,37,8918,3721,3722,4943,172,0,81,0,765,8,5,3,8
61,19,moe,718,36,4422,1331,1331,2900,107,0,84,0,639,8,6,2,8
61,20,moe,750,36,6621,3322,3322,3049,198,0,52,0,640,8,4,4,8
61,21,moe,822,38,16640,6514,6514,9658,344,0,124,0,757,8,2,6,8
61,22,moe,829,43,10119,4098,4098,5684,218,0,119,0,684,8,4,4,8
61,23,moe,656,34,10024,3161,3161,6553,229,0,81,0,756,8,4,4,8
61,24,moe,826,39,10080,3331,3331,6463,226,0,60,0,752,8,4,4,8
61,25,moe,806,38,9162,4380,4380,4433,284,0,65,0,748,8,3,5,8
61,26,moe,661,36,8885,3157,3158,5322,337,0,68,0,754,8,2,6,8
61,-1,epi,0,0,0,0,0,0,0,0,5935,0,0,0,0,0,0
62,-2,pre,40,0,0,0,0,0,0,0,0,0,0,0,0,0,0
62,0,dense,1519,35,0,0,0,0,0,0,0,0,0,0,0,0,0
62,1,moe,850,33,9,0,1,0,0,0,8,0,782,8,8,0,8
62,2,moe,763,33,9,0,0,0,0,0,9,0,788,8,8,0,8
62,3,moe,691,32,7236,2176,2176,4838,176,0,46,0,756,8,5,3,8
62,4,moe,748,34,1863,273,273,1462,51,0,77,0,637,8,7,1,8
62,5,moe,823,37,8,0,0,0,0,0,8,0,654,8,8,0,8
62,6,moe,773,38,3143,1264,1264,1757,59,0,63,0,764,8,7,1,8
62,7,moe,669,34,8,0,0,0,0,0,8,0,641,8,8,0,8
62,8,moe,771,37,1892,287,287,1485,50,0,70,0,633,8,7,1,8
62,9,moe,834,36,9,0,0,0,0,0,9,0,774,8,8,0,8
62,10,moe,761,33,8,0,0,0,0,0,8,0,656,8,8,0,8
62,11,moe,683,31,4469,1570,1570,2764,104,1,30,0,644,8,6,2,8
62,12,moe,788,34,2166,328,328,1714,58,0,66,0,756,8,7,1,8
62,13,moe,827,36,1213,266,266,834,50,0,63,0,640,8,7,1,8
62,14,moe,765,37,1717,256,256,1388,51,0,22,0,644,8,7,1,8
62,15,moe,673,34,8,0,0,0,0,0,8,0,764,8,8,0,8
62,16,moe,765,32,8,0,0,0,0,0,8,0,659,8,8,0,8
62,17,moe,833,35,8,0,0,0,0,0,8,0,654,8,8,0,8
62,18,moe,767,38,3178,1293,1293,1759,59,0,67,0,763,8,7,1,8
62,19,moe,681,42,4278,1697,1697,2349,148,0,84,0,643,8,5,3,8
62,20,moe,760,34,2640,1193,1193,1374,50,0,23,0,637,8,7,1,8
62,21,moe,827,38,7339,2095,2095,4981,173,0,90,0,760,8,5,3,8
62,22,moe,824,33,4715,1730,1730,2823,99,0,63,0,632,8,6,2,8
62,23,moe,675,36,6173,933,933,4985,177,0,78,0,752,8,5,3,8
62,24,moe,823,34,7810,2779,2779,4825,170,0,36,0,742,8,5,3,8
62,25,moe,806,33,6018,974,974,4840,167,1,36,0,752,8,5,3,8
62,26,moe,672,35,7285,2228,2228,4847,172,0,38,0,750,8,5,3,8
62,-1,epi,0,0,0,0,0,0,0,0,5952,0,0,0,0,0,0
63,-2,pre,215,0,0,0,0,0,0,0,0,0,0,0,0,0,0
63,0,dense,1493,36,0,0,0,0,0,0,0,0,0,0,0,0,0
63,1,moe,839,33,2911,1215,1215,1612,59,0,25,0,763,8,7,1,8
63,2,moe,753,35,7853,2813,2813,4826,177,0,37,0,753,8,5,3,8
63,3,moe,669,35,4593,2684,2684,1764,118,0,27,0,746,8,6,2,8
63,4,moe,748,37,1852,279,279,1466,49,0,58,0,633,8,7,1,8
63,5,moe,819,35,3103,1455,1455,1519,100,0,29,0,633,8,6,2,8
63,6,moe,754,33,8,0,0,0,0,0,8,0,753,8,8,0,8
63,7,moe,677,36,4328,1445,1445,2754,100,0,29,0,643,8,6,2,8
63,8,moe,743,33,9,0,0,0,0,0,9,0,628,8,8,0,8
63,9,moe,813,32,2205,322,322,1760,59,0,64,0,756,8,7,1,8
63,10,moe,738,33,8,0,0,0,0,0,8,0,633,8,8,0,8
63,11,moe,672,31,9,0,0,0,0,0,9,0,644,8,8,0,8
63,12,moe,751,31,8972,3922,3922,4832,173,0,45,0,751,8,5,3,8
63,13,moe,827,34,1890,275,275,1486,53,0,76,0,645,8,7,1,8
63,14,moe,751,36,4218,1735,1735,2294,150,0,39,0,636,8,5,3,8
63,15,moe,660,32,5272,1696,1696,3390,116,0,70,0,751,8,6,2,8
63,16,moe,747,34,4003,957,958,2870,100,0,75,0,639,8,6,2,8
63,17,moe,816,33,3129,1476,1476,1525,97,0,31,0,634,8,6,2,8
63,18,moe,746,32,3079,1238,1238,1722,58,0,61,0,755,8,7,1,8
63,19,moe,647,31,4284,1691,1691,2362,147,1,83,0,629,8,5,3,8
63,20,moe,747,33,1103,273,273,763,49,0,18,0,646,8,7,1,8
63,21,moe,825,35,5116,1593,1593,3334,117,0,72,0,745,8,6,2,8
63,22,moe,834,36,8810,2921,2921,5604,196,0,89,0,640,8,4,4,8
63,23,moe,659,32,8,0,0,0,0,1,7,0,745,8,8,0,8
63,24,moe,804,202,15775,7146,7146,8238,286,0,105,0,754,8,3,5,8
63,25,moe,808,34,7001,3188,3189,3531,226,0,55,0,746,8,4,4,8
63,26,moe,666,32,3398,1484,1484,1770,114,0,30,0,749,8,6,2,8
63,-1,epi,0,0,0,0,0,0,0,0,5940,0,0,0,0,0,0
64,-2,pre,49,0,0,0,0,0,0,0,0,0,0,0,0,0,0
64,0,dense,1517,36,0,0,0,0,0,0,0,0,0,0,0,0,0
64,1,moe,843,38,9,0,0,0,0,0,9,0,783,8,8,0,8
64,2,moe,765,34,9,0,0,0,0,0,9,0,778,8,8,0,8
64,3,moe,696,33,9540,2825,2825,6435,229,0,51,0,762,8,4,4,8
64,4,moe,740,34,8,0,0,0,0,0,8,0,637,8,8,0,8
64,5,moe,816,34,1904,290,290,1483,51,0,80,0,641,8,7,1,8
64,6,moe,744,34,8,0,0,0,0,0,8,0,756,8,8,0,8
64,7,moe,674,31,3431,542,542,2762,100,0,27,0,648,8,6,2,8
64,8,moe,764,34,5242,2356,2356,2760,98,0,28,0,632,8,6,2,8
64,9,moe,827,37,8041,2791,2791,4988,174,0,88,0,749,8,5,3,8
64,10,moe,733,33,8,0,0,0,0,0,8,0,626,8,8,0,8
64,11,moe,662,33,1864,277,278,1469,52,0,65,0,636,8,7,1,8
64,12,moe,740,33,2491,1370,1370,1008,59,0,54,0,746,8,7,1,8
64,13,moe,835,35,1826,280,280,1437,51,0,58,0,641,8,7,1,8
64,14,moe,737,32,3424,548,548,2751,97,0,28,0,630,8,6,2,8
64,15,moe,661,32,8,0,0,0,0,0,8,0,750,8,8,0,8
64,16,moe,739,32,8,0,0,0,0,0,8,0,644,8,8,0,8
64,17,moe,825,36,2685,1226,1226,1385,51,0,23,0,642,8,7,1,8
64,18,moe,749,34,9,0,0,0,0,0,9,0,762,8,8,0,8
64,19,moe,685,36,3425,544,544,2751,101,0,29,0,646,8,6,2,8
64,20,moe,796,39,9,0,0,0,0,0,9,0,662,8,8,0,8
64,21,moe,843,37,9500,2547,2547,6623,230,0,100,0,762,8,4,4,8
64,22,moe,816,36,5228,805,805,4192,148,0,83,0,631,8,5,3,8
64,23,moe,662,34,2105,291,291,1698,59,0,57,0,746,8,7,1,8
64,24,moe,824,37,8016,2938,2938,4867,174,0,37,0,752,8,5,3,8
64,25,moe,827,34,3622,1689,1689,1769,120,0,44,0,750,8,6,2,8
64,26,moe,668,39,7946,1237,1237,6428,234,0,47,0,752,8,4,4,8
64,-1,epi,0,0,0,0,0,0,0,0,5977,0,0,0,0,0,0
65,-2,pre,228,0,0,0,0,0,0,0,0,0,0,0,0,0,0
65,0,dense,1504,37,0,0,0,0,0,0,0,0,0,0,0,0,0
65,1,moe,848,32,8698,3637,3637,4850,168,0,43,0,759,8,5,3,8
65,2,moe,770,31,8982,3909,3909,4858,173,0,42,0,748,8,5,3,8
65,3,moe,667,29,2336,637,637,1619,60,0,20,0,747,8,7,1,8
65,4,moe,736,29,4539,1477,1477,2877,98,0,87,0,636,8,6,2,8
65,5,moe,816,32,10,0,0,0,0,0,10,0,635,8,8,0,8
65,6,moe,759,33,4619,2561,2562,1868,114,0,75,0,758,8,6,2,8
65,7,moe,667,33,3971,2186,2187,1611,100,0,73,0,631,8,6,2,8
65,8,moe,747,28,8,0,0,0,0,0,8,0,629,8,8,0,8
65,9,moe,815,29,9,0,0,0,0,0,9,0,754,8,8,0,8
65,10,moe,753,33,3884,2225,2225,1526,98,0,35,0,643,8,6,2,8
65,11,moe,686,34,7877,3463,3463,4199,168,0,47,0,694,8,5,3,8
65,12,moe,727,34,3074,1212,1212,1726,63,0,73,0,747,8,7,1,8
65,13,moe,814,32,2728,1139,1139,1460,48,0,81,0,638,8,7,1,8
65,14,moe,744,34,4271,1379,1379,2754,101,0,37,0,635,8,6,2,8
65,15,moe,667,31,10042,3086,3086,6622,229,0,105,0,765,8,4,4,8
65,16,moe,740,34,5268,2230,2230,2850,99,0,89,0,628,8,6,2,8
65,17,moe,830,32,6831,2508,2508,4135,148,0,40,0,637,8,5,3,8
65,18,moe,760,32,11000,4098,4098,6584,224,0,94,0,753,8,4,4,8
65,19,moe,662,29,14176,3906,3906,9801,343,0,126,0,626,8,1,7,8
65,20,moe,733,31,5144,2252,2252,2761,100,0,31,0,633,8,6,2,8
65,21,moe,803,30,8865,3616,3616,4988,173,0,88,0,754,8,5,3,8
65,22,moe,799,30,13556,4766,4767,8373,298,0,118,0,625,8,2,6,8
65,23,moe,661,28,6001,2430,2430,3391,114,0,66,0,740,8,6,2,8
65,24,moe,810,34,10287,3567,3568,6443,229,0,47,0,735,8,4,4,8
65,25,moe,7272,32,8593,3554,3554,4826,169,0,44,0,738,8,5,3,8
65,26,moe,956,32,2955,1266,1266,1606,62,0,21,0,733,8,7,1,8
65,-1,epi,0,0,0,0,0,0,0,0,5878,0,0,0,0,0,0
66,-2,pre,48,0,0,0,0,0,0,0,0,0,0,0,0,0,0
66,0,dense,1469,36,0,0,0,0,0,0,0,0,0,0,0,0,0
66,1,moe,824,30,7900,2833,2834,4855,170,0,41,0,751,8,5,3,8
66,2,moe,759,30,10,0,0,0,0,0,10,0,742,8,8,0,8
66,3,moe,659,29,4940,1580,1580,3216,116,0,28,0,757,8,6,2,8
66,4,moe,751,30,3600,537,537,2877,97,0,89,0,625,8,6,2,8
66,5,moe,829,29,8,0,0,0,0,0,8,0,640,8,8,0,8
66,6,moe,773,34,9,0,0,0,0,0,9,0,765,8,8,0,8
66,7,moe,671,28,8,0,0,0,0,0,8,0,642,8,8,0,8
66,8,moe,756,30,2637,1185,1186,1378,51,0,22,0,629,8,7,1,8
66,9,moe,822,30,2206,317,317,1757,59,0,73,0,753,8,7,1,8
66,10,moe,752,31,9,0,0,0,0,0,9,0,649,8,8,0,8
66,11,moe,676,28,8044,2140,2140,5601,195,0,108,0,637,8,4,4,8
66,12,moe,764,34,2148,337,337,1694,56,0,61,0,754,8,7,1,8
66,13,moe,821,30,1831,290,290,1431,50,0,60,0,638,8,7,1,8
66,14,moe,748,31,9,0,0,0,0,0,9,0,636,8,8,0,8
66,15,moe,679,29,5112,1617,1617,3308,116,0,71,0,758,8,6,2,8
66,16,moe,744,31,3607,572,572,2868,99,0,68,0,629,8,6,2,8
66,17,moe,841,34,3433,547,547,2753,100,1,32,0,650,8,6,2,8
66,18,moe,752,30,3065,1235,1235,1713,58,0,59,0,744,8,7,1,8
66,19,moe,657,29,3502,517,518,2818,98,0,68,0,631,8,6,2,8
66,20,moe,750,32,9,0,0,0,0,0,9,0,639,8,8,0,8
66,21,moe,829,30,4120,618,618,3316,114,0,72,0,744,8,6,2,8
66,22,moe,856,39,3844,2246,2246,1481,51,1,65,0,625,8,7,1,8
66,23,moe,665,33,5287,1799,1799,3310,113,0,65,0,742,8,6,2,8
66,24,moe,820,37,5850,2462,2462,3241,118,0,29,0,748,8,6,2,8
66,25,moe,829,36,5035,1646,1646,3245,115,0,29,0,737,8,6,2,8
66,26,moe,658,32,4884,1508,1508,3225,116,0,35,0,748,8,6,2,8
66,-1,epi,0,0,0,0,0,0,0,0,5959,0,0,0,0,0,0
67,-2,pre,207,0,0,0,0,0,0,0,0,0,0,0,0,0,0
67,0,dense,1490,35,0,0,0,0,0,0,0,0,0,0,0,0,0
67,1,moe,834,34,9988,3238,3239,6458,239,0,52,0,761,8,4,4,8
67,2,moe,747,35,3003,1310,1310,1608,59,0,26,0,751,8,7,1,8
67,3,moe,668,34,11601,4876,4876,6450,225,0,50,0,744,8,4,4,8
67,4,moe,741,33,4511,1466,1466,2858,98,1,88,0,624,8,6,2,8
67,5,moe,817,33,7824,3494,3494,4139,151,0,40,0,633,8,5,3,8
67,6,moe,729,33,9,0,0,0,0,0,9,0,734,8,8,0,8
67,7,moe,654,35,2572,1115,1115,1382,52,0,23,0,626,8,7,1,8
67,8,moe,742,33,5288,2387,2387,2768,99,0,34,0,631,8,6,2,8
67,9,moe,815,32,9,0,0,0,0,0,9,0,738,8,8,0,8
67,10,moe,741,32,9274,3524,3524,5505,195,0,50,0,633,8,4,4,8
67,11,moe,652,32,8478,2706,2706,5527,195,0,50,0,624,8,4,4,8
67,12,moe,744,34,2170,316,316,1726,58,0,70,0,741,8,7,1,8
67,13,moe,823,38,5246,2247,2248,2819,97,0,82,0,621,8,6,2,8
67,14,moe,729,34,2533,1075,1075,1381,51,0,26,0,622,8,7,1,8
67,15,moe,653,33,10096,3179,3179,6596,224,0,97,0,739,8,4,4,8
67,16,moe,732,34,4481,1475,1475,2823,98,0,85,0,621,8,6,2,8
67,17,moe,821,37,6862,2536,2536,4132,147,0,47,0,628,8,5,3,8
67,18,moe,737,36,3105,1202,1202,1774,59,0,70,0,738,8,7,1,8
67,19,moe,659,38,7920,2033,2033,5590,202,0,95,0,618,8,4,4,8
67,20,moe,732,35,5265,2380,2380,2748,103,0,34,0,621,8,6,2,8
67,21,moe,799,35,12271,3631,3631,8249,284,0,107,0,744,8,3,5,8
67,22,moe,813,34,6524,2044,2044,4241,147,0,92,0,622,8,5,3,8
67,23,moe,645,33,10731,3862,3863,6552,225,0,91,0,739,8,4,4,8
67,24,moe,798,33,12394,3990,3990,8069,279,0,56,0,736,8,3,5,8
67,25,moe,805,34,8624,3573,3574,4840,167,0,43,0,734,8,5,3,8
67,26,moe,647,31,13605,5216,5216,8052,283,0,54,0,738,8,3,5,8
67,-1,epi,0,0,0,0,0,0,0,0,5825,0,0,0,0,0,0
68,-2,pre,232,0,0,0,0,0,0,0,0,0,0,0,0,0,0
68,0,dense,1460,41,0,0,0,0,0,0,0,0,0,0,0,0,0
68,1,moe,851,38,13036,4384,4385,8271,314,0,66,0,802,8,3,5,8
68,2,moe,751,40,5827,2461,2461,3214,120,0,32,0,759,8,6,2,8
68,3,moe,665,36,5869,2492,2492,3225,116,0,36,0,739,8,6,2,8
68,4,moe,730,37,10613,4655,4655,5643,201,0,114,0,627,8,4,4,8
68,5,moe,805,38,9,0,0,0,0,0,9,0,618,8,8,0,8
68,6,moe,732,36,3078,1209,1209,1745,56,1,67,0,742,8,7,1,8
68,7,moe,646,34,8,0,0,0,0,0,8,0,629,8,8,0,8
68,8,moe,764,32,8,0,0,0,0,0,8,0,635,8,8,0,8
68,9,moe,821,37,3017,1327,1327,1608,58,0,24,0,745,8,7,1,8
68,10,moe,744,52,4710,1665,1665,2860,98,0,87,0,623,8,6,2,8
68,11,moe,639,32,6020,1685,1685,4137,154,0,44,0,629,8,5,3,8
68,12,moe,732,34,2151,335,335,1692,59,0,65,0,748,8,7,1,8
68,13,moe,824,35,2731,1117,1117,1493,50,0,71,0,623,8,7,1,8
68,14,moe,779,44,1735,283,283,1382,50,0,20,0,629,8,7,1,8
68,15,moe,662,36,5128,1588,1588,3357,115,0,68,0,739,8,6,2,8
68,16,moe,731,36,8,0,0,0,0,0,8,0,628,8,8,0,8
68,17,moe,806,34,1895,267,267,1492,52,0,84,0,639,8,7,1,8
68,18,moe,766,33,8,0,0,0,0,0,8,0,759,8,8,0,8
68,19,moe,669,31,6105,1773,1773,4142,147,0,43,0,627,8,5,3,8
68,20,moe,754,35,1715,269,269,1380,48,0,18,0,626,8,7,1,8
68,21,moe,831,33,9,0,0,0,0,0,9,0,759,8,8,0,8
68,22,moe,816,34,3406,525,525,2752,102,0,27,0,629,8,6,2,8
68,23,moe,678,37,2151,302,302,1725,57,0,67,0,751,8,7,1,8
68,24,moe,816,33,6000,2637,2637,3224,111,0,28,0,740,8,6,2,8
68,25,moe,805,33,6022,972,972,4840,170,0,40,0,752,8,5,3,8
68,26,moe,657,33,7274,2234,2234,4829,169,0,42,0,740,8,5,3,8
68,-1,epi,0,0,0,0,0,0,0,0,5928,0,0,0,0,0,0
69,-2,pre,43,0,0,0,0,0,0,0,0,0,0,0,0,0,0
69,0,dense,1163,35,0,0,0,0,0,0,0,0,0,0,0,0,0
69,1,moe,850,34,4967,1607,1608,3212,116,0,31,0,764,8,6,2,8
69,2,moe,750,32,10,0,0,0,0,0,10,0,758,8,8,0,8
69,3,moe,672,33,8008,2955,2955,4839,172,0,42,0,744,8,5,3,8
69,4,moe,743,32,2744,1114,1115,1500,51,0,78,0,628,8,7,1,8
69,5,moe,825,33,8,0,0,0,0,0,8,0,636,8,8,0,8
69,6,moe,761,39,9,0,0,0,0,0,9,0,759,8,8,0,8
69,7,moe,677,32,5382,2493,2493,2758,101,0,30,0,640,8,6,2,8
69,8,moe,745,34,1714,267,267,1380,48,1,18,0,634,8,7,1,8
69,9,moe,815,35,8,0,0,0,0,0,8,0,764,8,8,0,8
69,10,moe,763,34,5150,2251,2251,2761,103,0,35,0,636,8,6,2,8
69,11,moe,666,34,4344,1458,1458,2755,98,0,33,0,627,8,6,2,8
69,12,moe,764,33,8,0,0,0,0,0,8,0,748,8,8,0,8
69,13,moe,836,34,9,0,0,0,0,0,9,0,649,8,8,0,8
69,14,moe,752,34,1736,289,289,1377,49,0,21,0,631,8,7,1,8
69,15,moe,674,37,2169,320,320,1723,59,0,67,0,777,8,7,1,8
69,16,moe,764,33,8,0,0,0,0,0,8,0,640,8,8,0,8
69,17,moe,843,38,9,0,0,0,0,0,9,0,641,8,8,0,8
69,18,moe,760,42,8,0,0,0,0,0,8,0,772,8,8,0,8
69,19,moe,691,33,8,0,0,0,0,0,8,0,646,8,8,0,8
69,20,moe,767,39,3387,1792,1792,1461,51,0,83,0,641,8,7,1,8
69,21,moe,827,39,3165,1293,1293,1754,58,0,60,0,786,8,7,1,8
69,22,moe,840,36,9,0,0,0,0,0,9,0,644,8,8,0,8
69,23,moe,678,34,7,0,0,0,0,0,7,0,765,8,8,0,8
69,24,moe,817,32,2184,485,485,1619,59,0,21,0,766,8,7,1,8
69,25,moe,821,35,2416,726,726,1607,59,0,24,0,756,8,7,1,8
69,26,moe,677,36,2966,1281,1281,1604,60,0,21,0,754,8,7,1,8
69,-1,epi,0,0,0,0,0,0,0,0,6096,0,0,0,0,0,0
70,-2,pre,55,0,0,0,0,0,0,0,0,0,0,0,0,0,0
70,0,dense,1529,37,0,0,0,0,0,0,0,0,0,0,0,0,0
70,1,moe,858,36,4967,1583,1584,3240,113,1,29,0,763,8,6,2,8
70,2,moe,785,40,9,0,0,0,0,0,9,0,766,8,8,0,8
70,3,moe,690,34,6976,1935,1935,4828,175,0,38,0,763,8,5,3,8
70,4,moe,771,35,1864,268,268,1469,49,0,78,0,643,8,7,1,8
70,5,moe,822,34,2677,1230,1230,1377,49,0,21,0,642,8,7,1,8
70,6,moe,751,35,9,0,0,0,0,0,9,0,766,8,8,0,8
70,7,moe,676,34,2628,1180,1180,1377,52,0,19,0,636,8,7,1,8
70,8,moe,753,35,2633,1177,1177,1375,52,0,29,0,638,8,7,1,8
70,9,moe,820,34,8,0,0,0,0,0,8,0,763,8,8,0,8
70,10,moe,752,33,5183,2285,2285,2764,102,0,32,0,643,8,6,2,8
70,11,moe,667,32,4264,1360,1360,2772,104,0,28,0,638,8,6,2,8
70,12,moe,743,34,5084,1534,1534,3347,115,0,88,0,754,8,6,2,8
70,13,moe,809,34,5252,2235,2235,2841,99,0,77,0,630,8,6,2,8
70,14,moe,748,37,2566,1108,1108,1383,51,0,24,0,629,8,7,1,8
70,15,moe,657,35,2530,628,628,1756,60,0,86,0,755,8,7,1,8
70,16,moe,751,34,13,0,0,0,0,0,13,0,633,8,8,0,8
70,17,moe,813,34,9,0,0,0,0,0,9,0,643,8,8,0,8
70,18,moe,748,33,2035,335,335,1620,59,0,21,0,763,8,7,1,8
70,19,moe,680,31,9,0,0,0,0,0,9,0,658,8,8,0,8
70,20,moe,756,33,2782,1185,1185,1468,51,0,78,0,640,8,7,1,8
70,21,moe,828,32,9,0,1,0,0,0,8,0,772,8,8,0,8
70,22,moe,823,30,1727,272,272,1385,51,0,19,0,652,8,7,1,8
70,23,moe,678,29,5260,1694,1694,3383,121,0,62,0,762,8,6,2,8
70,24,moe,820,30,4181,822,822,3216,116,0,27,0,757,8,6,2,8
70,25,moe,826,33,5509,2146,2146,3217,114,0,32,0,750,8,6,2,8
70,26,moe,659,28,1989,304,304,1605,58,0,22,0,762,8,7,1,8
70,-1,epi,0,0,0,0,0,0,0,0,6059,0,0,0,0,0,0
71,-2,pre,47,0,0,0,0,0,0,0,0,0,0,0,0,0,0
71,0,dense,1528,33,0,0,0,0,0,0,0,0,0,0,0,0,0
71,1,moe,867,33,9,0,0,0,0,0,9,0,789,8,8,0,8
71,2,moe,793,28,1989,305,305,1603,59,0,22,0,770,8,7,1,8
71,3,moe,698,32,5977,2601,2601,3224,117,0,35,0,758,8,6,2,8
71,4,moe,756,29,9,0,0,0,0,0,9,0,642,8,8,0,8
71,5,moe,830,32,4498,1458,1458,2848,104,0,88,0,642,8,6,2,8
71,6,moe,751,30,8,0,0,0,0,0,8,0,778,8,8,0,8
71,7,moe,681,28,2635,1187,1187,1377,51,0,20,0,644,8,7,1,8
71,8,moe,758,32,9,0,0,0,0,0,9,0,646,8,8,0,8
71,9,moe,850,33,2151,311,311,1711,59,0,70,0,758,8,7,1,8
71,10,moe,748,28,2842,1241,1241,1482,52,0,67,0,652,8,7,1,8
71,11,moe,685,28,1714,271,271,1377,48,0,18,0,648,8,7,1,8
71,12,moe,751,30,9,0,0,0,0,0,9,0,765,8,8,0,8
71,13,moe,834,32,2580,1135,1135,1374,49,0,22,0,638,8,7,1,8
71,14,moe,755,33,11167,3967,3967,6902,245,0,53,0,632,8,3,5,8
71,15,moe,655,28,2174,309,309,1734,57,0,74,0,750,8,7,1,8
71,16,moe,762,33,2906,1332,1332,1457,50,0,67,0,631,8,7,1,8
71,17,moe,832,29,1738,294,294,1377,48,0,19,0,631,8,7,1,8
71,18,moe,771,33,3113,1224,1224,1764,58,0,67,0,749,8,7,1,8
71,19,moe,666,27,2738,1196,1196,1430,50,0,62,0,631,8,7,1,8
71,20,moe,736,28,8,0,0,0,0,0,8,0,636,8,8,0,8
71,21,moe,818,29,9,0,0,0,0,0,9,0,758,8,8,0,8
71,22,moe,828,32,8,0,0,0,0,0,8,0,653,8,8,0,8
71,23,moe,688,33,7382,2197,2198,4924,174,0,86,0,766,8,5,3,8
71,24,moe,820,31,2954,1262,1262,1613,59,0,20,0,754,8,7,1,8
71,25,moe,823,30,2175,484,484,1611,59,0,21,0,758,8,7,1,8
71,26,moe,677,30,5837,2464,2464,3227,118,0,28,0,757,8,6,2,8
71,-1,epi,0,0,0,0,0,0,0,0,6070,0,0,0,0,0,0
72,-2,pre,212,0,0,0,0,0,0,0,0,0,0,0,0,0,0
72,0,dense,1509,32,0,0,0,0,0,0,0,0,0,0,0,0,0
72,1,moe,866,34,9284,2531,2531,6474,231,0,48,0,765,8,4,4,8
72,2,moe,764,30,8777,3714,3714,4846,170,0,47,0,752,8,5,3,8
72,3,moe,661,27,7150,2072,2072,4860,175,0,43,0,745,8,5,3,8
72,4,moe,736,29,1912,297,297,1481,50,0,84,0,640,8,7,1,8
72,5,moe,821,34,2073,620,620,1381,54,0,18,0,633,8,7,1,8
72,6,moe,749,32,3176,1238,1238,1800,72,0,66,0,789,8,7,1,8
72,7,moe,693,32,2730,1146,1146,1465,59,1,59,0,674,8,7,1,8
72,8,moe,740,40,5193,2220,2220,2813,126,0,34,0,671,8,6,2,8
72,9,moe,822,35,5854,2345,2345,3313,115,0,81,0,761,8,6,2,8
72,10,moe,762,37,8,0,0,0,0,1,7,0,630,8,8,0,8
72,11,moe,671,28,6273,1811,1811,4214,150,0,98,0,637,8,5,3,8
72,12,moe,746,35,5976,2403,2404,3367,118,0,87,0,751,8,6,2,8
72,13,moe,819,46,1838,278,278,1438,50,0,72,0,647,8,7,1,8
72,14,moe,743,34,4282,1389,1389,2759,102,0,32,0,639,8,6,2,8
72,15,moe,663,29,7920,2694,2694,4966,178,0,82,0,760,8,5,3,8
72,16,moe,747,243,8912,5921,5922,2809,100,0,81,0,620,8,6,2,8
72,17,moe,820,34,2676,1228,1228,1378,49,0,21,0,622,8,7,1,8
72,18,moe,749,36,3117,1309,1309,1690,56,0,62,0,746,8,7,1,8
72,19,moe,655,33,4354,1378,1379,2802,100,0,73,0,625,8,6,2,8
72,20,moe,754,35,4297,1412,1412,2751,104,0,30,0,662,8,6,2,8
72,21,moe,845,36,7230,2036,2036,4938,169,0,87,0,743,8,5,3,8
72,22,moe,840,36,3259,1691,1691,1446,49,0,73,0,623,8,7,1,8
72,23,moe,668,36,4694,1199,1199,3312,117,0,66,0,748,8,6,2,8
72,24,moe,817,35,5031,1627,1627,3234,121,0,49,0,760,8,6,2,8
72,25,moe,822,35,10261,3490,3490,6466,240,0,65,0,749,8,4,4,8
72,26,moe,677,39,10910,4159,4159,6465,233,0,53,0,744,8,4,4,8
72,-1,epi,0,0,0,0,0,0,0,0,5908,0,0,0,0,0,0
73,-2,pre,241,0,0,0,0,0,0,0,0,0,0,0,0,0,0
73,0,dense,1504,38,0,0,0,0,0,0,0,0,0,0,0,0,0
73,1,moe,838,38,11724,4992,4993,6454,229,0,48,0,749,8,4,4,8
73,2,moe,751,32,8120,3057,3058,4842,179,0,41,0,746,8,5,3,8
73,3,moe,668,32,7005,1946,1946,4846,175,0,38,0,743,8,5,3,8
73,4,moe,742,35,4516,1474,1474,2845,103,0,94,0,630,8,6,2,8
73,5,moe,799,35,22,0,0,0,0,0,22,0,647,8,8,0,8
73,6,moe,734,34,9,0,0,0,0,0,9,0,744,8,8,0,8
73,7,moe,667,36,2618,1172,1172,1376,49,0,21,0,631,8,7,1,8
73,8,moe,763,34,5351,2448,2448,2766,99,0,38,0,633,8,6,2,8
73,9,moe,825,34,3224,1261,1261,1835,57,0,71,0,740,8,7,1,8
73,10,moe,754,33,7239,2765,2765,4231,146,0,97,0,627,8,5,3,8
73,11,moe,652,33,4292,1411,1411,2754,98,0,29,0,630,8,6,2,8
73,12,moe,752,35,3119,1251,1251,1749,57,0,62,0,744,8,7,1,8
73,13,moe,822,44,2710,1118,1118,1477,49,0,66,0,625,8,7,1,8
73,14,moe,749,33,7683,3346,3346,4150,146,0,41,0,637,8,5,3,8
73,15,moe,655,33,5135,1567,1568,3367,117,0,83,0,794,8,6,2,8
73,16,moe,745,33,2837,1226,1226,1497,50,0,64,0,624,8,7,1,8
73,17,moe,817,41,9,0,0,0,0,0,9,0,626,8,8,0,8
73,18,moe,746,32,8019,2783,2783,4974,169,0,93,0,755,8,5,3,8
73,19,moe,658,32,6223,1770,1770,4230,149,0,74,0,632,8,5,3,8
73,20,moe,737,36,5187,2287,2287,2757,102,0,41,0,626,8,6,2,8
73,21,moe,801,33,8827,3570,3570,4992,173,0,92,0,750,8,5,3,8
73,22,moe,804,33,6865,2394,2394,4229,153,0,89,0,628,8,5,3,8
73,23,moe,663,33,9160,3968,3968,4940,172,1,79,0,741,8,5,3,8
73,24,moe,815,33,10914,4179,4179,6459,228,0,48,0,744,8,4,4,8
73,25,moe,823,33,7952,2910,2910,4828,175,0,39,0,739,8,5,3,8
73,26,moe,9578,35,1989,301,301,1607,60,0,21,0,735,8,7,1,8
73,-1,epi,0,0,0,0,0,0,0,0,5907,0,0,0,0,0,0
74,-2,pre,49,0,0,0,0,0,0,0,0,0,0,0,0,0,0
74,0,dense,5290,36,0,0,0,0,0,0,0,0,0,0,0,0,0
74,1,moe,3158,37,2052,332,332,1630,60,0,30,0,752,8,7,1,8
74,2,moe,745,37,2026,333,333,1612,59,0,22,0,750,8,7,1,8
74,3,moe,665,34,2989,1287,1287,1619,61,0,22,0,745,8,7,1,8
74,4,moe,753,35,5317,2274,2274,2850,98,1,94,0,633,8,6,2,8
74,5,moe,814,36,9,0,1,0,0,0,8,0,635,8,8,0,8
74,6,moe,748,34,3145,1232,1232,1782,58,0,73,0,749,8,7,1,8
74,7,moe,668,31,8,0,0,0,0,0,8,0,631,8,8,0,8
74,8,moe,748,34,2740,1170,1170,1446,51,0,73,0,638,8,7,1,8
74,9,moe,810,36,3018,1199,1199,1703,57,0,59,0,782,8,7,1,8
74,10,moe,744,34,9,0,0,0,0,0,9,0,626,8,8,0,8
74,11,moe,660,34,9,0,0,0,0,0,9,0,635,8,8,0,8
74,12,moe,748,33,4031,627,627,3249,118,0,37,0,760,8,6,2,8
74,13,moe,831,37,2783,1200,1200,1458,51,0,74,0,638,8,7,1,8
74,14,moe,753,34,6893,2562,2562,4135,157,0,39,0,630,8,5,3,8
74,15,moe,676,35,5479,1968,1968,3323,114,0,74,0,756,8,6,2,8
74,16,moe,756,37,6225,1774,1774,4210,147,0,94,0,628,8,5,3,8
74,17,moe,810,33,4248,1357,1357,2765,97,0,29,0,621,8,6,2,8
74,18,moe,740,33,5957,2385,2385,3378,113,0,81,0,749,8,6,2,8
74,19,moe,656,34,6979,2491,2491,4250,150,0,88,0,622,8,5,3,8
74,20,moe,735,33,4309,1403,1403,2774,100,0,32,0,623,8,6,2,8
74,21,moe,815,34,7104,1848,1848,4991,173,0,92,0,749,8,5,3,8
74,22,moe,818,36,6308,1796,1796,4279,148,0,85,0,631,8,5,3,8
74,23,moe,669,33,5983,2447,2448,3356,114,0,65,0,739,8,6,2,8
74,24,moe,802,34,5364,1989,1989,3232,115,0,28,0,747,8,6,2,8
74,25,moe,805,36,2012,328,328,1606,59,0,19,0,745,8,7,1,8
74,26,moe,663,33,3960,609,609,3213,111,0,27,0,749,8,6,2,8
74,-1,epi,0,0,0,0,0,0,0,0,5941,0,0,0,0,0,0
75,-2,pre,50,0,0,0,0,0,0,0,0,0,0,0,0,0,0
75,0,dense,1474,37,0,0,0,0,0,0,0,0,0,0,0,0,0
75,1,moe,4542,36,4899,1503,1503,3251,114,0,31,0,762,8,6,2,8
75,2,moe,740,34,9,0,0,0,0,0,9,0,753,8,8,0,8
75,3,moe,669,31,9,0,0,0,0,0,9,0,750,8,8,0,8
75,4,moe,749,32,9,0,0,0,0,0,9,0,649,8,8,0,8
75,5,moe,821,33,2830,1176,1177,1517,51,0,85,0,633,8,7,1,8
75,6,moe,751,36,9,0,0,0,0,0,9,0,765,8,8,0,8
75,7,moe,678,32,2669,1115,1115,1474,58,0,22,0,701,8,7,1,8
75,8,moe,781,37,1741,271,271,1393,57,0,20,0,686,8,7,1,8
75,9,moe,819,36,10,0,0,0,0,0,10,0,740,8,8,0,8
75,10,moe,734,39,8,0,0,0,0,0,8,0,635,8,8,0,8
75,11,moe,721,33,4450,1452,1452,2853,109,0,36,0,692,8,6,2,8
75,12,moe,737,36,8,0,0,0,0,0,8,0,771,8,8,0,8
75,13,moe,843,232,12484,8128,8128,4160,150,0,46,0,631,8,5,3,8
75,14,moe,746,34,9,0,0,0,0,0,9,0,623,8,8,0,8
75,15,moe,666,38,8,0,0,0,0,0,8,0,758,8,8,0,8
75,16,moe,741,35,7816,3459,3459,4164,147,0,46,0,636,8,5,3,8
75,17,moe,820,38,6419,2082,2082,4146,148,0,43,0,629,8,5,3,8
75,18,moe,748,35,3197,1314,1314,1747,58,0,78,0,751,8,7,1,8
75,19,moe,667,35,6212,1730,1731,4242,149,0,90,0,624,8,5,3,8
75,20,moe,753,33,3098,1648,1648,1378,50,0,22,0,635,8,7,1,8
75,21,moe,816,34,5227,1653,1653,3377,116,0,81,0,744,8,6,2,8
75,22,moe,806,33,8,0,0,0,0,0,8,0,637,8,8,0,8
75,23,moe,671,31,4914,1547,1547,3224,113,0,30,0,746,8,6,2,8
75,24,moe,824,33,2984,1287,1287,1617,59,0,21,0,754,8,7,1,8
75,25,moe,809,36,11642,4914,4915,6442,231,0,54,0,747,8,4,4,8
75,26,moe,668,33,4841,1472,1472,3222,117,0,30,0,744,8,6,2,8
75,-1,epi,0,0,0,0,0,0,0,0,5952,0,0,0,0,0,0
76,-2,pre,49,0,0,0,0,0,0,0,0,0,0,0,0,0,0
76,0,dense,1497,38,0,0,0,0,0,0,0,0,0,0,0,0,0
76,1,moe,3497,38,9,0,0,0,0,0,9,0,763,8,8,0,8
76,2,moe,7651,46,2807,1109,1109,1618,57,0,23,0,755,8,7,1,8
76,3,moe,984,35,9,0,0,0,0,1,8,0,748,8,8,0,8
76,4,moe,748,31,4743,1705,1705,2842,103,0,93,0,638,8,6,2,8
76,5,moe,815,34,2636,1178,1178,1383,51,0,24,0,634,8,7,1,8
76,6,moe,740,34,10,0,0,0,0,0,10,0,763,8,8,0,8
76,7,moe,667,33,24,0,0,0,0,0,24,0,647,8,8,0,8
76,8,moe,756,31,8,0,0,0,0,0,8,0,648,8,8,0,8
76,9,moe,849,36,5996,2478,2479,3319,116,0,82,0,752,8,6,2,8
76,10,moe,742,32,4430,1406,1407,2863,98,0,62,0,631,8,6,2,8
76,11,moe,654,31,7,0,0,0,0,0,7,0,627,8,8,0,8
76,12,moe,753,38,9,0,0,0,0,0,9,0,762,8,8,0,8
76,13,moe,819,33,5234,2336,2336,2764,98,0,36,0,639,8,6,2,8
76,14,moe,746,34,9,0,0,0,0,0,9,0,637,8,8,0,8
76,15,moe,665,39,6075,2462,2463,3418,113,0,81,0,755,8,6,2,8
76,16,moe,757,32,4544,1493,1493,2869,96,0,86,0,634,8,6,2,8
76,17,moe,814,28,2557,1090,1090,1393,49,1,24,0,635,8,7,1,8
76,18,moe,749,33,8,0,0,0,0,0,8,0,752,8,8,0,8
76,19,moe,678,31,4278,1381,1381,2764,103,0,30,0,643,8,6,2,8
76,20,moe,758,33,1718,271,272,1378,49,0,19,0,634,8,7,1,8
76,21,moe,827,30,9,0,0,0,0,0,9,0,752,8,8,0,8
76,22,moe,826,29,5138,2251,2251,2758,98,0,31,0,639,8,6,2,8
76,23,moe,685,28,8002,2741,2741,4991,171,0,99,0,756,8,5,3,8
76,24,moe,810,29,9723,2991,2991,6445,225,0,62,0,748,8,4,4,8
76,25,moe,830,29,4959,1591,1591,3218,113,0,37,0,745,8,6,2,8
76,26,moe,676,34,8002,4036,4036,3664,251,0,51,0,791,8,4,4,8
76,-1,epi,0,0,0,0,0,0,0,0,5913,0,0,0,0,0,0
77,-2,pre,204,0,0,0,0,0,0,0,0,0,0,0,0,0,0
77,0,dense,1526,36,0,0,0,0,0,0,0,0,0,0,0,0,0
77,1,moe,826,32,10,0,0,0,0,0,10,0,730,8,8,0,8
77,2,moe,764,32,2989,1222,1223,1676,65,0,25,0,788,8,7,1,8
77,3,moe,771,35,2114,1121,1121,905,64,0,24,0,729,8,7,1,8
77,4,moe,768,33,10,0,0,0,0,0,10,0,612,8,8,0,8
77,5,moe,831,34,10,0,0,0,0,0,10,0,645,8,8,0,8
77,6,moe,743,35,2203,1209,1209,906,63,0,25,0,828,8,7,1,8
77,7,moe,747,28,2449,1509,1509,831,53,0,56,0,654,8,7,1,8
77,8,moe,738,33,3873,2178,2178,1558,105,1,31,0,682,8,6,2,8
77,9,moe,937,46,3607,1528,1528,1865,115,0,99,0,770,8,6,2,8
77,10,moe,766,34,3287,1516,1516,1588,99,0,84,0,643,8,6,2,8
77,11,moe,680,31,3839,2169,2170,1532,99,0,38,0,640,8,6,2,8
77,12,moe,745,32,4649,2547,2547,1898,118,0,86,0,753,8,6,2,8
77,13,moe,826,33,5424,2815,2815,2358,154,0,97,0,642,8,5,3,8
77,14,moe,745,32,4079,2424,2424,1523,99,0,33,0,635,8,6,2,8
77,15,moe,662,29,4931,1908,1908,2764,170,0,89,0,752,8,5,3,8
77,16,moe,741,32,4155,2368,2368,1608,99,0,80,0,641,8,6,2,8
77,17,moe,810,33,1985,1145,1145,766,51,0,23,0,639,8,7,1,8
77,18,moe,750,32,6257,2299,2299,3650,224,0,84,0,755,8,4,4,8
77,19,moe,667,30,1202,256,256,846,48,0,52,0,639,8,7,1,8
77,20,moe,738,28,2138,1291,1291,777,50,0,20,0,635,8,7,1,8
77,21,moe,816,32,2453,1321,1321,1006,59,0,67,0,754,8,7,1,8
77,22,moe,829,35,1240,276,276,849,51,0,64,0,638,8,7,1,8
77,23,moe,679,28,2294,1205,1205,976,59,0,54,0,756,8,7,1,8
77,24,moe,818,30,6480,3582,3582,2673,172,0,53,0,757,8,5,3,8
77,25,moe,812,31,4284,1390,1390,2668,172,0,54,0,764,8,5,3,8
77,26,moe,669,29,1305,332,332,887,68,0,18,0,767,8,7,1,8
77,-1,epi,0,0,0,0,0,0,0,0,6128,0,0,0,0,0,0
78,-2,pre,44,0,0,0,0,0,0,0,0,0,0,0,0,0,0
78,0,dense,1545,33,0,0,0,0,0,0,0,0,0,0,0,0,0
78,1,moe,856,29,2301,1334,1334,887,59,0,21,0,772,8,7,1,8
78,2,moe,764,30,8,0,0,0,0,0,8,0,770,8,8,0,8
78,3,moe,12506,31,1541,570,570,890,57,0,24,0,752,8,7,1,8
78,4,moe,760,30,4001,2197,2197,1615,97,0,92,0,636,8,6,2,8
78,5,moe,811,29,3921,2240,2240,1544,103,0,34,0,644,8,6,2,8
78,6,moe,742,32,9,0,0,0,0,0,9,0,755,8,8,0,8
78,7,moe,681,29,3035,1382,1383,1522,99,0,31,0,638,8,6,2,8
78,8,moe,746,29,9,0,0,0,0,0,9,0,636,8,8,0,8
78,9,moe,824,29,8,0,0,0,0,0,8,0,763,8,8,0,8
78,10,moe,748,29,1996,1158,1158,766,49,0,23,0,646,8,7,1,8
78,11,moe,729,31,8,0,0,0,0,0,8,0,644,8,8,0,8
78,12,moe,771,33,3313,2183,2183,995,59,0,76,0,761,8,7,1,8
78,13,moe,823,40,9,0,0,0,0,0,9,0,643,8,8,0,8
78,14,moe,753,34,1268,283,283,864,51,0,70,0,653,8,7,1,8
78,15,moe,685,32,7,0,0,0,0,0,7,0,770,8,8,0,8
78,16,moe,752,33,9,0,0,0,0,0,9,0,652,8,8,0,8
78,17,moe,833,34,9,0,0,0,0,0,9,0,663,8,8,0,8
78,18,moe,780,39,1489,323,323,1035,56,0,75,0,771,8,7,1,8
78,19,moe,696,32,4143,2371,2371,1594,100,0,78,0,648,8,6,2,8
78,20,moe,759,35,2026,1184,1184,765,54,0,23,0,648,8,7,1,8
78,21,moe,821,36,2389,1264,1264,996,61,0,68,0,767,8,7,1,8
78,22,moe,830,34,9787,5531,5531,3899,245,0,112,0,639,8,3,5,8
78,23,moe,670,32,5157,1219,1219,3634,225,0,79,0,765,8,4,4,8
78,24,moe,813,32,5700,2828,2829,2658,169,0,44,0,770,8,5,3,8
78,25,moe,819,37,8,0,0,0,0,0,8,0,763,8,8,0,8
78,26,moe,688,32,2561,636,636,1783,114,0,28,0,763,8,6,2,8
78,-1,epi,0,0,0,0,0,0,0,0,6178,0,0,0,0,0,0
79,-2,pre,49,0,0,0,0,0,0,0,0,0,0,0,0,0,0
79,0,dense,1564,40,0,0,0,0,0,0,0,0,0,0,0,0,0
79,1,moe,847,36,6011,1429,1429,4272,258,0,52,0,813,8,4,4,8
79,2,moe,797,37,6672,3796,3797,2664,173,0,38,0,761,8,5,3,8
79,3,moe,705,35,7328,3393,3393,3632,256,0,47,0,806,8,4,4,8
79,4,moe,3360,42,3481,850,850,2386,160,0,85,0,679,8,5,3,8
79,5,moe,840,42,1145,281,282,785,55,0,23,0,639,8,7,1,8
79,6,moe,754,37,3059,1208,1208,1732,60,0,59,0,778,8,7,1,8
79,7,moe,694,39,10,0,0,0,0,0,10,0,652,8,8,0,8
79,8,moe,754,36,4504,1485,1485,2823,99,0,97,0,647,8,6,2,8
79,9,moe,832,37,5796,2758,2759,2768,171,0,98,0,770,8,5,3,8
79,10,moe,754,36,2676,901,901,1586,103,0,86,0,650,8,6,2,8
79,11,moe,682,44,1695,246,246,1381,48,0,20,0,636,8,7,1,8
79,12,moe,761,33,3707,1614,1614,1901,115,0,77,0,767,8,6,2,8
79,13,moe,825,36,9,0,0,0,0,0,9,0,658,8,8,0,8
79,14,moe,762,37,5255,2644,2644,2357,152,0,102,0,646,8,5,3,8
79,15,moe,678,32,8018,2766,2766,4992,176,0,84,0,757,8,5,3,8
79,16,moe,739,33,10594,3289,3290,6944,245,0,115,0,640,8,3,5,8
79,17,moe,814,35,9881,2484,2484,7094,246,0,57,0,638,8,3,5,8
79,18,moe,745,35,8500,3549,3549,4550,287,0,114,0,758,8,3,5,8
79,19,moe,673,33,12568,3744,3745,8414,291,0,118,0,627,8,2,6,8
79,20,moe,758,36,7001,2881,2881,3809,251,0,60,0,637,8,3,5,8
79,21,moe,822,40,12071,3554,3555,8133,284,0,99,0,743,8,3,5,8
79,22,moe,803,35,11352,4028,4028,6966,244,0,114,0,633,8,3,5,8
79,23,moe,665,34,11191,1941,1941,8769,364,0,117,0,755,8,2,6,8
79,24,moe,816,40,9807,4729,4729,4713,309,0,56,0,770,8,3,5,8
79,25,moe,814,41,12094,5065,5065,6533,421,0,75,0,761,8,1,7,8
79,26,moe,669,32,14345,4019,4019,9914,346,0,66,0,756,8,2,6,8
79,-1,epi,0,0,0,0,0,0,0,0,5954,0,0,0,0,0,0
80,-2,pre,57,0,0,0,0,0,0,0,0,0,0,0,0,0,0
80,0,dense,1486,43,0,0,0,0,0,0,0,0,0,0,0,0,0
80,1,moe,834,35,6555,2501,2501,3773,230,0,51,0,762,8,4,4,8
80,2,moe,766,35,3569,1561,1561,1851,125,0,32,0,767,8,6,2,8
80,3,moe,684,33,3671,1629,1629,1898,116,0,28,0,760,8,6,2,8
80,4,moe,2601,41,3932,2090,2090,1664,107,0,71,0,639,8,6,2,8
80,5,moe,819,34,1141,281,282,786,53,0,20,0,637,8,7,1,8
80,6,moe,756,36,3460,1495,1495,1833,57,0,75,0,755,8,7,1,8
80,7,moe,679,33,1941,277,277,1523,71,0,70,0,632,8,7,1,8
80,8,moe,769,36,9,0,0,0,0,0,9,0,649,8,8,0,8
80,9,moe,828,39,4160,622,622,3344,113,0,81,0,751,8,6,2,8
80,10,moe,774,59,1850,272,272,1451,50,0,77,0,631,8,7,1,8
80,11,moe,682,33,3428,546,546,2755,97,0,30,0,639,8,6,2,8
80,12,moe,751,38,2695,634,635,1862,116,0,82,0,756,8,6,2,8
80,13,moe,820,37,2329,544,544,1594,102,0,89,0,641,8,6,2,8
80,14,moe,762,36,4479,1989,1989,2296,152,0,42,0,641,8,5,3,8
80,15,moe,673,34,9566,2659,2659,6580,230,0,97,0,745,8,4,4,8
80,16,moe,755,39,2312,548,548,1580,100,1,83,0,642,8,6,2,8
80,17,moe,820,39,5028,2550,2550,2291,149,0,38,0,631,8,5,3,8
80,18,moe,748,38,5110,1527,1527,3389,112,0,82,0,739,8,6,2,8
80,19,moe,671,34,7945,2077,2078,5565,201,0,101,0,634,8,4,4,8
80,20,moe,736,35,2645,1187,1187,1386,51,0,21,0,625,8,7,1,8
80,21,moe,818,39,6369,2360,2360,3698,230,0,81,0,752,8,4,4,8
80,22,moe,805,37,1595,653,653,819,51,0,72,0,630,8,7,1,8
80,23,moe,674,33,4080,596,596,3296,123,0,65,0,748,8,6,2,8
80,24,moe,828,37,2569,625,625,1772,136,0,36,0,753,8,6,2,8
80,25,moe,816,37,7333,2445,2445,4493,333,0,62,0,758,8,3,5,8
80,26,moe,673,34,6046,969,969,4835,184,0,58,0,747,8,5,3,8
80,-1,epi,0,0,0,0,0,0,0,0,5966,0,0,0,0,0,0
81,-2,pre,46,0,0,0,0,0,0,0,0,0,0,0,0,0,0
81,0,dense,1527,38,0,0,0,0,0,0,0,0,0,0,0,0,0
81,1,moe,837,35,7269,2196,2196,4849,185,0,39,0,759,8,5,3,8
81,2,moe,756,38,7061,2002,2002,4838,181,0,40,0,752,8,5,3,8
81,3,moe,672,37,6434,1609,1610,4433,332,0,59,0,771,8,3,5,8
81,4,moe,746,38,3421,826,826,2344,150,0,101,0,640,8,5,3,8
81,5,moe,1669,35,1988,1153,1153,765,51,0,19,0,643,8,7,1,8
81,6,moe,747,37,8,0,0,0,0,0,8,0,755,8,8,0,8
81,7,moe,674,32,8,0,0,0,0,0,8,0,646,8,8,0,8
81,8,moe,803,33,1719,263,263,1389,48,0,19,0,641,8,7,1,8
81,9,moe,842,36,1414,312,312,992,60,0,50,0,765,8,7,1,8
81,10,moe,739,33,2504,1538,1538,843,52,0,71,0,641,8,7,1,8
81,11,moe,667,31,2217,568,568,1519,100,0,30,0,643,8,6,2,8
81,12,moe,753,34,1450,328,328,995,58,0,69,0,767,8,7,1,8
81,13,moe,835,34,6451,2007,2007,4204,147,0,93,0,649,8,5,3,8
81,14,moe,749,33,3424,544,544,2754,101,0,25,0,630,8,6,2,8
81,15,moe,667,31,7963,2778,2778,4937,170,0,78,0,754,8,5,3,8
81,16,moe,735,34,5299,817,817,4257,149,1,75,0,629,8,5,3,8
81,17,moe,826,42,4578,2085,2085,2302,151,0,40,0,631,8,5,3,8
81,18,moe,747,34,5876,2852,2852,2765,171,0,88,0,753,8,5,3,8
81,19,moe,668,35,5521,2107,2107,3121,199,0,94,0,638,8,4,4,8
81,20,moe,740,37,9541,2329,2330,6911,243,0,57,0,622,8,3,5,8
81,21,moe,805,34,6039,3016,3016,2753,173,0,97,0,746,8,5,3,8
81,22,moe,809,35,7920,2035,2036,5587,197,0,100,0,634,8,4,4,8
81,23,moe,663,33,9288,4361,4361,4542,287,0,98,0,745,8,3,5,8
81,24,moe,807,33,5234,1405,1405,3551,228,0,50,0,750,8,4,4,8
81,25,moe,809,35,7843,2995,2997,4479,315,0,52,0,766,8,3,5,8
81,26,moe,668,34,6520,1627,1627,4510,318,0,65,0,777,8,3,5,8
81,-1,epi,0,0,0,0,0,0,0,0,6043,0,0,0,0,0,0
82,-2,pre,65,0,0,0,0,0,0,0,0,0,0,0,0,0,0
82,0,dense,1484,43,0,0,0,0,0,0,0,0,0,0,0,0,0
82,1,moe,852,38,2782,858,858,1768,117,0,39,0,783,8,6,2,8
82,2,moe,762,40,2979,1054,1055,1771,116,0,37,0,769,8,6,2,8
82,3,moe,679,33,6494,1422,1423,4853,171,0,47,0,773,8,5,3,8
82,4,moe,745,37,7098,1087,1087,5682,216,0,113,0,647,8,4,4,8
82,5,moe,3941,36,2201,545,546,1523,101,0,31,0,637,8,6,2,8
82,6,moe,1098,37,10,0,0,0,0,0,10,0,746,8,8,0,8
82,7,moe,666,37,2036,1202,1202,762,51,0,21,0,637,8,7,1,8
82,8,moe,751,36,8,0,0,0,0,0,8,0,647,8,8,0,8
82,9,moe,822,38,9,0,0,0,0,0,9,0,755,8,8,0,8
82,10,moe,756,33,2254,586,586,1534,103,0,31,0,646,8,6,2,8
82,11,moe,679,29,3030,1369,1370,1524,99,0,37,0,647,8,6,2,8
82,12,moe,758,33,2138,311,311,1697,56,0,74,0,752,8,7,1,8
82,13,moe,826,32,3527,538,538,2826,98,0,65,0,648,8,6,2,8
82,14,moe,743,31,1730,283,284,1379,49,0,18,0,640,8,7,1,8
82,15,moe,677,27,5703,1715,1715,3655,231,0,102,0,757,8,4,4,8
82,16,moe,745,28,2350,575,575,1590,100,0,85,0,640,8,6,2,8
82,17,moe,826,32,6777,2652,2652,3820,250,0,55,0,640,8,3,5,8
82,18,moe,752,33,3136,1300,1300,1712,58,0,66,0,747,8,7,1,8
82,19,moe,666,28,1809,257,257,1435,51,0,66,0,639,8,7,1,8
82,20,moe,743,31,1114,284,284,761,51,0,18,0,641,8,7,1,8
82,21,moe,823,32,6103,929,929,4921,169,0,84,0,749,8,5,3,8
82,22,moe,816,30,5252,823,823,4198,146,0,85,0,635,8,5,3,8
82,23,moe,683,28,3768,608,608,2981,117,0,62,0,764,8,6,2,8
82,24,moe,814,32,1304,331,331,887,67,0,19,0,750,8,7,1,8
82,25,moe,818,32,2752,832,832,1775,115,0,30,0,755,8,6,2,8
82,26,moe,678,30,5984,935,936,4835,173,0,40,0,748,8,5,3,8
82,-1,epi,0,0,0,0,0,0,0,0,6011,0,0,0,0,0,0
83,-2,pre,215,0,0,0,0,0,0,0,0,0,0,0,0,0,0
83,0,dense,1499,32,0,0,0,0,0,0,0,0,0,0,0,0,0
83,1,moe,836,32,3635,1698,1698,1788,117,0,32,0,765,8,6,2,8
83,2,moe,752,30,2466,1500,1500,885,59,0,22,0,763,8,7,1,8
83,3,moe,680,30,4998,2109,2109,2667,172,0,50,0,764,8,5,3,8
83,4,moe,748,30,10042,4128,4128,5606,197,0,111,0,638,8,4,4,8
83,5,moe,803,30,2614,1159,1159,1384,49,0,22,0,630,8,7,1,8
83,6,moe,6330,30,5921,2343,2343,3376,115,0,87,0,749,8,6,2,8
83,7,moe,837,34,9619,3676,3677,5639,197,0,106,0,633,8,4,4,8
83,8,moe,739,29,2609,1159,1159,1380,50,0,20,0,625,8,7,1,8
83,9,moe,806,29,3103,1217,1217,1762,57,0,67,0,743,8,7,1,8
83,10,moe,744,29,2104,1140,1140,846,50,0,68,0,629,8,7,1,8
83,11,moe,673,27,1966,1121,1121,770,52,0,23,0,639,8,7,1,8
83,12,moe,736,30,4820,2750,2750,1875,118,0,77,0,753,8,6,2,8
83,13,moe,806,29,2700,1127,1127,1460,48,0,65,0,635,8,7,1,8
83,14,moe,736,31,5118,793,794,4142,146,0,36,0,634,8,5,3,8
83,15,moe,667,32,4191,614,614,3393,113,0,71,0,745,8,6,2,8
83,16,moe,745,31,9,0,0,0,0,0,9,0,641,8,8,0,8
83,17,moe,821,31,3264,1471,1471,1601,101,0,91,0,639,8,6,2,8
83,18,moe,749,30,4631,2564,2564,1879,115,0,73,0,754,8,6,2,8
83,19,moe,673,29,6479,3055,3055,3121,198,0,105,0,638,8,4,4,8
83,20,moe,738,30,4380,1481,1481,2766,98,0,35,0,630,8,6,2,8
83,21,moe,806,29,4193,633,633,3371,113,0,76,0,746,8,6,2,8
83,22,moe,812,27,3515,519,519,2817,98,0,81,0,632,8,6,2,8
83,23,moe,669,27,2330,1238,1238,979,59,0,54,0,745,8,7,1,8
83,24,moe,809,31,3846,960,960,2676,172,0,38,0,767,8,5,3,8
83,25,moe,820,30,1276,314,315,883,60,0,18,0,764,8,7,1,8
83,26,moe,689,32,3987,628,628,3217,113,0,29,0,751,8,6,2,8
83,-1,epi,0,0,0,0,0,0,0,0,6035,0,0,0,0,0,0
84,-2,pre,237,0,0,0,0,0,0,0,0,0,0,0,0,0,0
84,0,dense,1506,32,0,0,0,0,0,0,0,0,0,0,0,0,0
84,1,moe,853,31,3090,1361,1361,1612,57,0,60,0,762,8,7,1,8
84,2,moe,753,30,2289,1318,1318,886,60,0,25,0,764,8,7,1,8
84,3,moe,693,31,4467,2554,2554,1767,115,0,31,0,758,8,6,2,8
84,4,moe,739,30,7193,2719,2720,4220,147,0,106,0,633,8,5,3,8
84,5,moe,848,34,1736,275,275,1390,50,0,21,0,624,8,7,1,8
84,6,moe,4788,37,4455,2333,2333,1920,117,0,85,0,760,8,6,2,8
84,7,moe,3141,34,4188,2401,2401,1602,101,0,84,0,642,8,6,2,8
84,8,moe,757,35,1932,1086,1087,773,51,0,21,0,630,8,7,1,8
84,9,moe,819,37,5138,1558,1558,3383,117,0,80,0,751,8,6,2,8
84,10,moe,736,36,7949,3482,3482,4223,146,0,98,0,628,8,5,3,8
84,11,moe,663,36,2556,892,892,1529,102,0,33,0,636,8,6,2,8
84,12,moe,738,35,3153,1290,1290,1740,58,0,65,0,741,8,7,1,8
84,13,moe,819,34,1877,265,265,1496,50,0,66,0,638,8,7,1,8
84,14,moe,743,35,5050,2572,2572,2292,149,0,37,0,633,8,5,3,8
84,15,moe,660,43,2464,1345,1345,998,59,0,62,0,752,8,7,1,8
84,16,moe,735,34,2075,1124,1124,837,52,0,62,0,642,8,7,1,8
84,17,moe,827,36,1937,1094,1094,770,51,0,22,0,641,8,7,1,8
84,18,moe,741,33,4573,2508,2508,1872,117,0,76,0,768,8,6,2,8
84,19,moe,672,34,6187,2779,2779,3109,200,0,99,0,634,8,4,4,8
84,20,moe,743,33,4361,1447,1447,2780,101,0,33,0,629,8,6,2,8
84,21,moe,814,33,8370,3406,3406,4565,290,0,109,0,761,8,3,5,8
84,22,moe,815,38,4390,1408,1408,2806,97,0,79,0,638,8,6,2,8
84,23,moe,661,33,5050,1507,1507,3356,114,0,73,0,749,8,6,2,8
84,24,moe,807,33,6230,2393,2393,3556,232,0,49,0,758,8,4,4,8
84,25,moe,804,34,7824,2785,2785,4826,169,0,44,0,752,8,5,3,8
84,26,moe,663,31,3527,1608,1608,1773,117,0,29,0,748,8,6,2,8
84,-1,epi,0,0,0,0,0,0,0,0,5984,0,0,0,0,0,0
85,-2,pre,45,0,0,0,0,0,0,0,0,0,0,0,0,0,0
85,0,dense,1519,38,0,0,0,0,0,0,0,0,0,0,0,0,0
85,1,moe,842,37,2228,1254,1254,891,60,0,23,0,766,8,7,1,8
85,2,moe,755,33,4616,2687,2687,1783,118,0,28,0,771,8,6,2,8
85,3,moe,669,33,7028,1971,1972,4847,170,0,39,0,759,8,5,3,8
85,4,moe,752,34,6441,3027,3027,3126,204,0,84,0,635,8,4,4,8
85,5,moe,818,34,1113,283,283,760,51,0,19,0,638,8,7,1,8
85,6,moe,743,33,10,0,0,0,0,0,10,0,757,8,8,0,8
85,7,moe,9372,33,1708,263,263,1377,48,0,20,0,630,8,7,1,8
85,8,moe,6940,42,1390,529,529,775,54,0,32,0,692,8,7,1,8
85,9,moe,1994,37,10,0,0,0,0,0,10,0,758,8,8,0,8
85,10,moe,749,35,9,0,0,0,0,0,9,0,648,8,8,0,8
85,11,moe,688,40,10,0,0,0,0,0,10,0,648,8,8,0,8
85,12,moe,735,36,5504,1961,1962,3333,113,1,95,0,767,8,6,2,8
85,13,moe,831,37,10,0,0,0,0,0,10,0,645,8,8,0,8
85,14,moe,751,35,4371,1741,1741,2369,148,0,113,0,647,8,5,3,8
85,15,moe,671,37,1421,303,304,988,61,0,68,0,809,8,7,1,8
85,16,moe,809,39,1834,271,271,1445,50,0,68,0,636,8,7,1,8
85,17,moe,825,34,8,0,0,0,0,0,8,0,651,8,8,0,8
85,18,moe,769,39,9,0,0,0,0,0,9,0,779,8,8,0,8
85,19,moe,695,35,1088,256,256,762,50,0,20,0,648,8,7,1,8
85,20,moe,764,34,2072,1237,1237,762,52,0,21,0,646,8,7,1,8
85,21,moe,830,35,3728,1659,1659,1889,115,0,65,0,764,8,6,2,8
85,22,moe,841,33,2124,1157,1157,840,50,0,77,0,637,8,7,1,8
85,23,moe,680,36,6014,2491,2491,3334,112,0,77,0,753,8,6,2,8
85,24,moe,820,37,2280,1301,1301,898,58,0,23,0,757,8,7,1,8
85,25,moe,817,37,2248,1278,1278,892,57,0,21,0,756,8,7,1,8
85,26,moe,680,38,9,0,0,0,0,0,9,0,761,8,8,0,8
85,-1,epi,0,0,0,0,0,0,0,0,6202,0,0,0,0,0,0
86,-2,pre,49,0,0,0,0,0,0,0,0,0,0,0,0,0,0
86,0,dense,1539,43,0,0,0,0,0,0,0,0,0,0,0,0,0
86,1,moe,853,37,9,0,0,0,0,0,9,0,805,8,8,0,8
86,2,moe,800,37,2559,633,633,1776,117,0,33,0,796,8,6,2,8
86,3,moe,698,34,22,0,0,0,0,0,22,0,786,8,8,0,8
86,4,moe,778,33,2352,567,567,1585,102,0,98,0,663,8,6,2,8
86,5,moe,845,39,5164,834,834,4139,149,0,42,0,647,8,5,3,8
86,6,moe,763,38,9,0,0,0,0,0,9,0,769,8,8,0,8
86,7,moe,688,33,1523,684,684,765,51,0,23,0,649,8,7,1,8
86,8,moe,767,36,9,0,0,0,0,0,9,0,655,8,8,0,8
86,9,moe,4758,36,1435,312,312,989,59,0,75,0,769,8,7,1,8
86,10,moe,755,36,8,0,0,0,0,0,8,0,648,8,8,0,8
86,11,moe,692,34,2150,1157,1157,859,52,0,82,0,649,8,7,1,8
86,12,moe,760,35,9,0,0,0,0,0,9,0,779,8,8,0,8
86,13,moe,832,37,1481,646,646,762,51,0,22,0,661,8,7,1,8
86,14,moe,776,35,2029,1194,1194,761,52,0,22,0,666,8,7,1,8
86,15,moe,696,34,2146,314,314,1702,56,0,74,0,765,8,7,1,8
86,16,moe,762,37,1223,284,284,822,50,0,67,0,652,8,7,1,8
86,17,moe,846,35,8,0,0,0,0,0,8,0,667,8,8,0,8
86,18,moe,782,35,2484,1297,1297,1053,60,0,74,0,767,8,7,1,8
86,19,moe,695,36,5216,2610,2610,2363,151,0,92,0,650,8,5,3,8
86,20,moe,749,35,2201,548,548,1527,97,0,29,0,656,8,6,2,8
86,21,moe,829,36,9,0,0,0,0,0,9,0,778,8,8,0,8
86,22,moe,842,37,3089,1436,1436,1522,100,0,31,0,651,8,6,2,8
86,23,moe,689,33,4570,2467,2467,1890,118,0,95,0,775,8,6,2,8
86,24,moe,825,39,3514,1576,1576,1785,112,0,41,0,765,8,6,2,8
86,25,moe,822,37,2202,1222,1222,898,61,0,21,0,769,8,7,1,8
86,26,moe,682,35,2227,1250,1250,895,57,0,25,0,761,8,7,1,8
86,-1,epi,0,0,0,0,0,0,0,0,6199,0,0,0,0,0,0
87,-2,pre,48,0,0,0,0,0,0,0,0,0,0,0,0,0,0
87,0,dense,1537,41,0,0,0,0,0,0,0,0,0,0,0,0,0
87,1,moe,859,36,9,0,0,0,0,0,9,0,803,8,8,0,8
87,2,moe,808,226,10,0,0,0,0,0,10,0,853,8,8,0,8
87,3,moe,729,36,1271,301,301,887,59,0,24,0,805,8,7,1,8
87,4,moe,792,35,3239,2270,2270,827,52,0,90,0,656,8,7,1,8
87,5,moe,837,35,2069,1235,1235,760,53,0,21,0,659,8,7,1,8
87,6,moe,767,36,2151,313,313,1712,56,0,70,0,767,8,7,1,8
87,7,moe,684,39,9,0,0,0,0,0,9,0,662,8,8,0,8
87,8,moe,763,33,8,0,0,0,0,0,8,0,657,8,8,0,8
87,9,moe,861,37,3975,603,603,3230,112,0,30,0,776,8,6,2,8
87,10,moe,764,34,8,0,0,0,0,0,8,0,675,8,8,0,8
87,11,moe,690,34,2211,1208,1208,868,51,0,84,0,654,8,7,1,8
87,12,moe,769,35,9,0,0,0,0,0,9,0,789,8,8,0,8
87,13,moe,853,35,1120,279,279,768,52,0,21,0,661,8,7,1,8
87,14,moe,780,36,9,0,0,0,0,0,9,0,666,8,8,0,8
87,15,moe,713,32,8,0,0,0,0,0,8,0,796,8,8,0,8
87,16,moe,781,33,2016,1183,1183,760,51,0,22,0,660,8,7,1,8
87,17,moe,845,34,1118,282,282,767,50,0,19,0,670,8,7,1,8
87,18,moe,773,37,2163,275,275,1754,58,0,76,0,843,8,7,1,8
87,19,moe,698,47,3187,1411,1411,1583,102,0,91,0,656,8,6,2,8
87,20,moe,763,49,1986,1149,1149,763,51,1,22,0,658,8,7,1,8
87,21,moe,838,52,2423,1288,1288,1001,61,0,73,0,773,8,7,1,8
87,22,moe,829,47,9,0,0,0,0,0,9,0,651,8,8,0,8
87,23,moe,702,43,1268,300,301,886,59,0,22,0,801,8,7,1,8
87,24,moe,854,44,6074,3153,3153,2697,174,0,50,0,767,8,5,3,8
87,25,moe,828,50,2562,638,638,1773,115,0,36,0,775,8,6,2,8
87,26,moe,692,43,2187,1201,1201,903,58,0,25,0,768,8,7,1,8
87,-1,epi,0,0,0,0,0,0,0,0,6262,0,0,0,0,0,0
88,-2,pre,218,0,0,0,0,0,0,0,0,0,0,0,0,0,0
88,0,dense,1549,52,0,0,0,0,0,0,0,0,0,0,0,0,0
88,1,moe,865,61,4774,2826,2826,1792,119,0,37,0,1459,8,6,2,8
88,2,moe,798,117,7854,2784,2784,4841,170,0,59,0,772,8,5,3,8
88,3,moe,681,47,3866,1940,1940,1774,116,0,36,0,766,8,6,2,8
88,4,moe,758,47,9,0,0,0,0,0,9,0,655,8,8,0,8
88,5,moe,838,46,3291,1492,1492,1594,103,0,102,0,652,8,6,2,8
88,6,moe,758,43,2408,1284,1284,992,59,0,73,0,781,8,7,1,8
88,7,moe,677,36,3570,1805,1805,1581,102,0,82,0,648,8,6,2,8
88,8,moe,750,43,9483,3714,3714,5515,194,0,60,0,646,8,4,4,8
88,9,moe,2110,43,4519,2420,2420,1886,117,0,96,0,765,8,6,2,8
88,10,moe,7495,33,3180,1370,1370,1613,102,0,95,0,649,8,6,2,8
88,11,moe,805,1031,6172,1338,1338,1644,105,0,3085,0,728,8,6,2,8
88,12,moe,744,33,10966,6970,6970,3660,230,0,106,0,762,8,4,4,8
88,13,moe,816,39,5123,2522,2522,2355,145,0,101,0,641,8,5,3,8
88,14,moe,742,31,3041,1386,1387,1528,98,0,28,0,644,8,6,2,8
88,15,moe,663,27,3564,1502,1502,1872,113,0,77,0,765,8,6,2,8
88,16,moe,740,30,5159,2545,2545,2360,148,0,106,0,648,8,5,3,8
88,17,moe,818,31,4016,2345,2345,1536,100,0,35,0,646,8,6,2,8
88,18,moe,747,31,1758,642,642,982,59,0,75,0,762,8,7,1,8
88,19,moe,677,30,2312,537,537,1598,101,0,76,0,645,8,6,2,8
88,20,moe,758,31,7084,3776,3776,3057,195,0,56,0,645,8,4,4,8
88,21,moe,810,30,4607,2496,2496,1914,113,0,84,0,755,8,6,2,8
88,22,moe,824,33,3175,1414,1414,1578,100,0,83,0,636,8,6,2,8
88,23,moe,667,29,7043,3055,3055,3668,225,1,94,0,758,8,4,4,8
88,24,moe,815,31,1307,327,327,900,61,0,19,0,756,8,7,1,8
88,25,moe,813,31,7457,3608,3608,3565,233,0,51,0,762,8,4,4,8
88,26,moe,670,32,5623,2726,2726,2678,180,0,39,0,759,8,5,3,8
88,-1,epi,0,0,0,0,0,0,0,0,6077,0,0,0,0,0,0
89,-2,pre,49,0,0,0,0,0,0,0,0,0,0,0,0,0,0
89,0,dense,1512,34,0,0,0,0,0,0,0,0,0,0,0,0,0
89,1,moe,848,31,7314,2230,2231,4854,178,0,51,0,759,8,5,3,8
89,2,moe,759,32,6024,2654,2654,3221,116,0,33,0,752,8,6,2,8
89,3,moe,674,30,4895,2022,2024,2657,173,0,41,0,756,8,5,3,8
89,4,moe,740,28,4795,2174,2174,2364,150,0,107,0,638,8,5,3,8
89,5,moe,811,30,5279,2809,2809,2284,147,0,39,0,645,8,5,3,8
89,6,moe,740,30,8,0,0,0,0,0,8,0,752,8,8,0,8
89,7,moe,681,28,7355,3231,3231,3814,252,0,58,0,683,8,3,5,8
89,8,moe,749,30,3873,2199,2199,1543,100,0,31,0,640,8,6,2,8
89,9,moe,818,30,3632,1522,1522,1906,113,0,91,0,758,8,6,2,8
89,10,moe,1952,29,3211,1368,1368,1616,118,0,109,0,647,8,6,2,8
89,11,moe,10405,39,6572,2226,2226,4148,153,0,45,0,647,8,5,3,8
89,12,moe,4027,35,9196,2290,2292,6574,229,1,100,0,760,8,4,4,8
89,13,moe,9133,33,3590,555,555,2842,98,0,95,0,636,8,6,2,8
89,14,moe,743,30,1756,293,293,1394,49,0,20,0,631,8,7,1,8
89,15,moe,667,32,4183,637,638,3349,113,0,83,0,760,8,6,2,8
89,16,moe,745,29,8230,2358,2358,5569,195,0,108,0,662,8,4,4,8
89,17,moe,834,34,1717,271,271,1379,49,0,18,0,630,8,7,1,8
89,18,moe,753,32,4187,644,644,3347,114,0,82,0,751,8,6,2,8
89,19,moe,663,37,5249,795,795,4214,149,0,91,0,638,8,5,3,8
89,20,moe,750,32,2650,1191,1191,1384,52,0,23,0,632,8,7,1,8
89,21,moe,838,33,6148,968,968,4930,175,0,75,0,754,8,5,3,8
89,22,moe,826,30,4487,1440,1440,2859,101,0,87,0,631,8,6,2,8
89,23,moe,677,31,2128,302,302,1711,58,0,57,0,745,8,7,1,8
89,24,moe,815,30,9114,2395,2395,6441,226,0,52,0,751,8,4,4,8
89,25,moe,818,29,4377,1014,1014,3212,116,0,35,0,749,8,6,2,8
89,26,moe,682,29,9094,2363,2363,6455,230,0,46,0,751,8,4,4,8
89,-1,epi,0,0,0,0,0,0,0,0,5960,0,0,0,0,0,0
90,-2,pre,205,0,0,0,0,0,0,0,0,0,0,0,0,0,0
90,0,dense,1503,31,0,0,0,0,0,0,0,0,0,0,0,0,0
90,1,moe,852,33,8449,3400,3401,4835,167,0,46,0,752,8,5,3,8
90,2,moe,738,31,2931,1230,1230,1617,58,0,26,0,752,8,7,1,8
90,3,moe,680,31,7119,2020,2020,4881,174,0,44,0,756,8,5,3,8
90,4,moe,747,30,2804,1151,1151,1500,52,0,101,0,643,8,7,1,8
90,5,moe,821,29,9,0,0,0,0,0,9,0,634,8,8,0,8
90,6,moe,738,30,8,0,0,0,0,0,8,0,755,8,8,0,8
90,7,moe,681,30,6933,2599,2599,4145,145,1,43,0,630,8,5,3,8
90,8,moe,753,29,2621,1166,1167,1381,51,0,22,0,637,8,7,1,8
90,9,moe,825,32,9,0,0,0,0,1,8,0,755,8,8,0,8
90,10,moe,742,28,5237,2342,2342,2763,97,0,35,0,635,8,6,2,8
90,11,moe,662,28,9325,3572,3572,5508,201,0,44,0,630,8,4,4,8
90,12,moe,749,29,7944,2678,2678,4991,170,0,105,0,747,8,5,3,8
90,13,moe,1925,34,1864,281,281,1462,50,0,71,0,627,8,7,1,8
90,14,moe,7084,39,2491,1043,1043,1380,49,0,19,0,630,8,7,1,8
90,15,moe,966,28,5919,2420,2420,3306,114,0,79,0,750,8,6,2,8
90,16,moe,766,33,7699,4675,4675,2840,99,0,85,0,622,8,6,2,8
90,17,moe,808,32,2758,1298,1298,1387,51,0,22,0,636,8,7,1,8
90,18,moe,740,36,5096,1538,1539,3362,115,0,80,0,745,8,6,2,8
90,19,moe,666,37,7968,2090,2090,5577,200,0,101,0,628,8,4,4,8
90,20,moe,742,34,8953,3177,3178,5525,203,0,47,0,631,8,4,4,8
90,21,moe,801,35,11121,4230,4230,6551,231,0,109,0,758,8,4,4,8
90,22,moe,813,33,13732,4937,4938,8370,298,1,125,0,629,8,2,6,8
90,23,moe,664,31,5081,1549,1549,3348,119,0,65,0,744,8,6,2,8
90,24,moe,805,34,7756,2716,2716,4825,172,0,43,0,745,8,5,3,8
90,25,moe,811,34,9,0,0,0,0,0,9,0,742,8,8,0,8
90,26,moe,672,38,13166,3056,3056,9691,346,0,73,0,752,8,2,6,8
90,-1,epi,0,0,0,0,0,0,0,0,5912,0,0,0,0,0,0
91,-2,pre,50,0,0,0,0,0,0,0,0,0,0,0,0,0,0
91,0,dense,1489,38,0,0,0,0,0,0,0,0,0,0,0,0,0
91,1,moe,833,36,7604,2545,2545,4839,175,0,45,0,755,8,5,3,8
91,2,moe,746,34,4015,648,648,3219,115,0,33,0,751,8,6,2,8
91,3,moe,683,37,10979,4243,4244,6461,229,0,45,0,747,8,4,4,8
91,4,moe,743,35,5794,1275,1275,4263,147,0,109,0,624,8,5,3,8
91,5,moe,814,35,1729,278,278,1374,56,0,21,0,631,8,7,1,8
91,6,moe,748,36,9,0,0,0,0,0,9,0,749,8,8,0,8
91,7,moe,676,36,4364,1424,1424,2804,108,0,28,0,635,8,6,2,8
91,8,moe,746,37,1709,257,257,1377,55,0,20,0,623,8,7,1,8
91,9,moe,816,37,8026,2823,2824,4953,173,0,76,0,752,8,5,3,8
91,10,moe,743,34,1888,287,287,1465,49,0,87,0,630,8,7,1,8
91,11,moe,678,36,5122,801,801,4127,148,0,46,0,632,8,5,3,8
91,12,moe,750,37,10,0,0,0,0,0,10,0,749,8,8,0,8
91,13,moe,822,37,1724,274,274,1376,51,0,23,0,626,8,7,1,8
91,14,moe,3615,33,1727,274,274,1377,51,0,25,0,631,8,7,1,8
91,15,moe,676,32,3189,1287,1287,1767,60,0,75,0,750,8,7,1,8
91,16,moe,735,35,1897,294,294,1476,53,0,74,0,634,8,7,1,8
91,17,moe,811,33,3430,536,537,2759,104,0,30,0,636,8,6,2,8
91,18,moe,741,34,9,0,0,0,0,0,9,0,751,8,8,0,8
91,19,moe,699,32,4330,1420,1420,2778,103,0,29,0,623,8,6,2,8
91,20,moe,747,34,3478,563,563,2785,102,0,28,0,635,8,6,2,8
91,21,moe,822,34,2168,315,315,1718,57,0,78,0,754,8,7,1,8
91,22,moe,827,35,8,0,0,0,0,0,8,0,633,8,8,0,8
91,23,moe,680,34,1992,309,309,1605,58,0,20,0,760,8,7,1,8
91,24,moe,820,33,7283,2226,2226,4847,172,0,38,0,750,8,5,3,8
91,25,moe,824,33,9,0,0,0,0,0,9,0,757,8,8,0,8
91,26,moe,680,32,11106,2710,2712,8055,282,0,57,0,753,8,3,5,8
91,-1,epi,0,0,0,0,0,0,0,0,5963,0,0,0,0,0,0
92,-2,pre,216,0,0,0,0,0,0,0,0,0,0,0,0,0,0
92,0,dense,1503,41,0,0,0,0,0,0,0,0,0,0,0,0,0
92,1,moe,847,35,7428,2379,2380,4838,171,0,39,0,755,8,5,3,8
92,2,moe,762,31,2912,1219,1219,1613,59,0,21,0,752,8,7,1,8
92,3,moe,671,32,10803,4088,4088,6438,226,0,51,0,749,8,4,4,8
92,4,moe,739,36,3567,548,548,2821,99,0,99,0,628,8,6,2,8
92,5,moe,817,34,9,0,0,0,0,0,9,0,630,8,8,0,8
92,6,moe,763,41,9,0,0,0,0,0,9,0,758,8,8,0,8
92,7,moe,688,39,5164,2218,2218,2796,113,1,36,0,683,8,6,2,8
92,8,moe,739,38,11,0,0,0,0,0,11,0,634,8,8,0,8
92,9,moe,787,40,10,0,0,0,0,0,10,0,770,8,8,0,8
92,10,moe,751,35,4730,1720,1720,2858,116,0,36,0,640,8,6,2,8
92,11,moe,687,36,9697,3906,3906,5534,208,0,49,0,643,8,4,4,8
92,12,moe,750,39,5164,1564,1564,3388,112,0,100,0,755,8,6,2,8
92,13,moe,819,37,1868,273,273,1472,49,0,74,0,642,8,7,1,8
92,14,moe,752,43,8002,3678,3679,4132,149,0,42,0,633,8,5,3,8
92,15,moe,657,33,8185,2963,2965,4957,169,0,94,0,744,8,5,3,8
92,16,moe,739,37,5232,2228,2228,2837,101,0,66,0,627,8,6,2,8
92,17,moe,825,36,5129,2226,2227,2773,99,0,30,0,640,8,6,2,8
92,18,moe,739,34,8364,3169,3169,4943,174,0,78,0,748,8,5,3,8
92,19,moe,664,33,12228,4858,4858,7000,245,0,125,0,626,8,3,5,8
92,20,moe,728,34,2628,1177,1177,1380,48,0,23,0,622,8,7,1,8
92,21,moe,807,33,10099,3162,3162,6614,228,0,95,0,745,8,4,4,8
92,22,moe,814,34,7142,2646,2646,4245,148,0,103,0,632,8,5,3,8
92,23,moe,659,32,2126,307,307,1704,56,0,59,0,746,8,7,1,8
92,24,moe,811,46,6011,945,945,4850,173,0,43,0,762,8,5,3,8
92,25,moe,810,34,2004,319,319,1605,57,0,23,0,750,8,7,1,8
92,26,moe,666,32,4980,1590,1590,3243,118,0,29,0,752,8,6,2,8
92,-1,epi,0,0,0,0,0,0,0,0,6063,0,0,0,0,0,0
93,-2,pre,245,0,0,0,0,0,0,0,0,0,0,0,0,0,0
93,0,dense,1502,42,0,0,0,0,0,0,0,0,0,0,0,0,0
93,1,moe,834,36,2027,339,339,1607,58,0,23,0,776,8,7,1,8
93,2,moe,767,38,3086,1392,1392,1615,59,0,20,0,757,8,7,1,8
93,3,moe,673,33,9313,4262,4262,4840,169,0,42,0,749,8,5,3,8
93,4,moe,740,35,3642,581,581,2863,98,0,100,0,636,8,6,2,8
93,5,moe,821,38,9,0,0,0,0,0,9,0,646,8,8,0,8
93,6,moe,750,37,8,0,0,0,0,0,8,0,762,8,8,0,8
93,7,moe,678,39,4295,1394,1394,2770,100,0,31,0,635,8,6,2,8
93,8,moe,762,35,2592,1143,1143,1379,50,0,20,0,625,8,7,1,8
93,9,moe,814,33,2456,1329,1329,1012,60,0,55,0,762,8,7,1,8
93,10,moe,737,34,9,0,0,0,0,0,9,0,634,8,8,0,8
93,11,moe,680,31,9,0,0,0,0,0,9,0,640,8,8,0,8
93,12,moe,751,33,7876,2822,2822,4842,166,0,46,0,746,8,5,3,8
93,13,moe,864,36,1843,273,273,1436,49,0,85,0,634,8,7,1,8
93,14,moe,743,37,8457,4120,4120,4146,148,0,43,0,631,8,5,3,8
93,15,moe,11968,35,4766,2650,2650,1911,114,0,91,0,750,8,6,2,8
93,16,moe,738,34,6989,2523,2523,4214,147,0,105,0,635,8,5,3,8
93,17,moe,808,46,3429,544,544,2755,99,0,31,0,634,8,6,2,8
93,18,moe,734,34,6044,2474,2474,3368,113,0,89,0,746,8,6,2,8
93,19,moe,666,34,8861,2938,2939,5618,197,0,107,0,626,8,4,4,8
93,20,moe,742,36,2203,544,544,1530,100,0,29,0,637,8,6,2,8
93,21,moe,809,33,10054,3160,3160,6569,227,0,98,0,747,8,4,4,8
93,22,moe,809,35,10615,3221,3221,7028,249,0,117,0,627,8,3,5,8
93,23,moe,664,37,10807,3877,3877,6603,224,0,103,0,748,8,4,4,8
93,24,moe,812,34,7075,2032,2032,4833,169,0,41,0,734,8,5,3,8
93,25,moe,800,34,6572,3694,3694,2663,174,0,41,0,747,8,5,3,8
93,26,moe,655,33,9044,2268,2268,6488,234,0,54,0,741,8,4,4,8
93,-1,epi,0,0,0,0,0,0,0,0,5896,0,0,0,0,0,0
94,-2,pre,203,0,0,0,0,0,0,0,0,0,0,0,0,0,0
94,0,dense,1474,33,0,0,0,0,0,0,0,0,0,0,0,0,0
94,1,moe,829,30,13584,5170,5170,8071,280,0,63,0,747,8,3,5,8
94,2,moe,735,28,14798,6395,6395,8061,285,0,57,0,750,8,3,5,8
94,3,moe,670,29,9955,3244,3244,6438,227,0,46,0,746,8,4,4,8
94,4,moe,729,29,11022,5080,5080,5623,196,0,123,0,620,8,4,4,8
94,5,moe,808,28,12725,5534,5534,6891,244,0,56,0,630,8,3,5,8
94,6,moe,728,28,2179,314,314,1737,56,0,72,0,749,8,7,1,8
94,7,moe,663,26,10732,4800,4800,5636,197,0,99,0,621,8,4,4,8
94,8,moe,735,28,9360,3600,3601,5513,196,0,50,0,627,8,4,4,8
94,9,moe,800,29,10969,4029,4029,6613,226,0,101,0,744,8,4,4,8
94,10,moe,727,27,11505,4116,4116,7025,245,0,119,0,624,8,3,5,8
94,11,moe,666,31,5824,3354,3354,2286,149,0,35,0,623,8,5,3,8
94,12,moe,731,28,11939,4998,4998,6603,223,1,114,0,727,8,4,4,8
94,13,moe,794,29,6888,2398,2398,4245,146,0,99,0,617,8,5,3,8
94,14,moe,730,28,9361,3610,3610,5510,195,0,46,0,626,8,4,4,8
94,15,moe,650,26,10928,4008,4008,6588,230,0,102,0,731,8,4,4,8
94,16,moe,5086,36,9703,3675,3675,5679,213,0,136,0,631,8,4,4,8
94,17,moe,3969,32,8741,4600,4600,3824,247,0,70,0,629,8,3,5,8
94,18,moe,745,34,9026,3749,3749,4995,171,0,111,0,741,8,5,3,8
94,19,moe,660,39,9635,3699,3701,5621,198,0,115,0,621,8,4,4,8
94,20,moe,751,31,2694,1226,1226,1396,50,0,22,0,617,8,7,1,8
94,21,moe,829,30,15883,5563,5563,9856,339,0,125,0,737,8,2,6,8
94,22,moe,805,35,11373,3991,3991,7015,251,0,116,0,623,8,3,5,8
94,23,moe,668,27,6387,2396,2397,3665,242,0,83,0,742,8,4,4,8
94,24,moe,801,31,10854,6002,6002,4456,339,0,57,0,749,8,3,5,8
94,25,moe,813,33,10769,4043,4043,6442,238,0,46,0,742,8,4,4,8
94,26,moe,679,31,13484,5063,5063,8058,299,1,63,0,738,8,3,5,8
94,-1,epi,0,0,0,0,0,0,0,0,5817,0,0,0,0,0,0
95,-2,pre,212,0,0,0,0,0,0,0,0,0,0,0,0,0,0
95,0,dense,1465,35,0,0,0,0,0,0,0,0,0,0,0,0,0
95,1,moe,822,29,14720,6303,6303,8058,299,0,60,0,737,8,3,5,8
95,2,moe,744,32,4442,2496,2497,1777,135,0,33,0,743,8,6,2,8
95,3,moe,680,30,10019,5212,5212,4430,319,0,58,0,751,8,3,5,8
95,4,moe,742,31,3279,1464,1464,1618,100,0,97,0,624,8,6,2,8
95,5,moe,803,31,5780,3305,3305,2285,151,0,39,0,650,8,5,3,8
95,6,moe,732,29,4483,2403,2403,1878,116,0,86,0,747,8,6,2,8
95,7,moe,662,28,3997,2219,2219,1609,100,0,69,0,625,8,6,2,8
95,8,moe,742,28,4354,1874,1874,2286,150,0,44,0,631,8,5,3,8
95,9,moe,807,30,5709,2698,2698,2767,171,0,73,0,745,8,5,3,8
95,10,moe,732,28,9053,4816,4817,3867,248,0,121,0,632,8,3,5,8
95,11,moe,660,29,3079,1415,1415,1529,100,0,35,0,626,8,6,2,8
95,12,moe,742,29,4629,2538,2538,1894,114,0,83,0,740,8,6,2,8
95,13,moe,807,29,3994,2179,2179,1626,99,0,90,0,626,8,6,2,8
95,14,moe,743,30,6249,2958,2958,3044,197,0,50,0,631,8,4,4,8
95,15,moe,669,28,6024,2989,2989,2760,167,0,108,0,746,8,5,3,8
95,16,moe,741,28,7049,3607,3607,3137,193,0,112,0,625,8,4,4,8
95,17,moe,1699,33,5716,3229,3229,2297,151,0,39,0,627,8,5,3,8
95,18,moe,7218,31,8721,4749,4749,3636,226,0,110,0,746,8,4,4,8
95,19,moe,10301,40,7018,2526,2526,4264,146,0,82,0,621,8,5,3,8
95,20,moe,732,30,1128,293,293,763,51,0,21,0,622,8,7,1,8
95,21,moe,803,29,5904,2875,2875,2757,173,0,99,0,744,8,5,3,8
95,22,moe,809,30,5222,2192,2192,2861,97,0,72,0,616,8,6,2,8
95,23,moe,666,28,10187,3249,3249,6609,225,0,104,0,742,8,4,4,8
95,24,moe,809,30,8641,4807,4807,3558,231,0,45,0,741,8,4,4,8
95,25,moe,800,31,8924,5094,5094,3553,229,0,48,0,746,8,4,4,8
95,26,moe,3648,29,9828,5057,5057,4426,285,0,60,0,745,8,3,5,8
95,-1,epi,0,0,0,0,0,0,0,0,6022,0,0,0,0,0,0
96,-2,pre,79,0,0,0,0,0,0,0,0,0,0,0,0,0,0
96,0,dense,1470,33,0,0,0,0,0,0,0,0,0,0,0,0,0
96,1,moe,870,36,12516,6769,6769,5338,341,0,68,0,750,8,2,6,8
96,2,moe,732,30,2881,951,951,1772,117,0,41,0,748,8,6,2,8
96,3,moe,677,29,9948,3191,3191,6483,224,0,50,0,737,8,4,4,8
96,4,moe,725,31,4440,1817,1817,2361,149,0,113,0,625,8,5,3,8
96,5,moe,807,29,8161,4023,4023,3834,249,0,55,0,637,8,3,5,8
96,6,moe,736,30,3580,1492,1492,1886,114,0,88,0,750,8,6,2,8
96,7,moe,665,26,6170,2760,2760,3111,194,0,105,0,625,8,4,4,8
96,8,moe,730,29,3960,2302,2302,1528,98,0,32,0,624,8,6,2,8
96,9,moe,803,27,6571,3520,3520,2784,172,1,94,0,742,8,5,3,8
96,10,moe,731,250,4132,3172,3172,832,52,0,76,0,618,8,7,1,8
96,11,moe,665,38,6040,3564,3564,2288,147,0,41,0,627,8,5,3,8
96,12,moe,740,31,10043,5086,5086,4559,281,0,117,0,751,8,3,5,8
96,13,moe,798,43,6279,2854,2854,3125,195,0,105,0,626,8,4,4,8
96,14,moe,738,33,1115,273,273,773,50,0,19,0,637,8,7,1,8
96,15,moe,659,34,3756,1660,1660,1902,115,0,79,0,742,8,6,2,8
96,16,moe,749,35,11414,4005,4005,7046,247,0,116,0,630,8,3,5,8
96,17,moe,794,32,9369,3601,3601,5526,194,0,48,0,621,8,4,4,8
96,18,moe,725,34,5145,1554,1554,3398,112,0,81,0,735,8,6,2,8
96,19,moe,659,31,4436,1368,1369,2872,106,0,89,0,632,8,6,2,8
96,20,moe,746,35,3846,2154,2154,1545,107,0,40,0,682,8,6,2,8
96,21,moe,803,43,8810,4770,4770,3683,239,0,118,0,765,8,4,4,8
96,22,moe,807,36,1243,271,271,838,51,0,83,0,636,8,7,1,8
96,23,moe,664,36,2326,1215,1215,987,59,0,65,0,753,8,7,1,8
96,24,moe,810,35,4414,2488,2489,1774,117,0,34,0,755,8,6,2,8
96,25,moe,812,40,3429,1493,1493,1784,115,0,37,0,753,8,6,2,8
96,26,moe,676,38,3559,1635,1635,1779,114,0,31,0,749,8,6,2,8
96,-1,epi,0,0,0,0,0,0,0,0,5993,0,0,0,0,0,0
97,-2,pre,46,0,0,0,0,0,0,0,0,0,0,0,0,0,0
97,0,dense,1493,41,0,0,0,0,0,0,0,0,0,0,0,0,0
97,1,moe,835,35,9667,3912,3913,5345,340,0,69,0,768,8,2,6,8
97,2,moe,738,35,9132,5280,5280,3571,232,0,49,0,757,8,4,4,8
97,3,moe,669,34,7471,2668,2669,4448,286,0,68,0,750,8,3,5,8
97,4,moe,741,35,6507,3045,3045,3135,201,0,126,0,638,8,4,4,8
97,5,moe,808,35,5852,3371,3371,2288,152,0,41,0,631,8,5,3,8
97,6,moe,733,34,6160,2582,2582,3378,112,0,88,0,746,8,6,2,8
97,7,moe,666,36,8720,2816,2816,5600,198,0,106,0,622,8,4,4,8
97,8,moe,728,33,7726,3404,3405,4136,146,0,39,0,619,8,5,3,8
97,9,moe,805,45,6177,971,971,4948,168,0,90,0,740,8,5,3,8
97,10,moe,739,33,7157,3738,3738,3115,199,0,105,0,622,8,4,4,8
97,11,moe,662,33,3023,1358,1358,1529,101,0,35,0,628,8,6,2,8
97,12,moe,755,35,3611,1528,1528,1880,115,0,88,0,745,8,6,2,8
97,13,moe,815,33,3193,1405,1405,1612,105,0,71,0,628,8,6,2,8
97,14,moe,742,34,3100,1432,1432,1530,102,0,36,0,631,8,6,2,8
97,15,moe,658,32,5624,1639,1639,3661,232,0,92,0,751,8,4,4,8
97,16,moe,738,34,7066,3633,3633,3121,201,0,111,0,634,8,4,4,8
97,17,moe,810,38,5580,2273,2273,3054,202,0,51,0,634,8,4,4,8
97,18,moe,743,36,6730,3711,3711,2747,172,0,100,0,748,8,5,3,8
97,19,moe,668,32,9973,2596,2596,7003,244,0,130,0,622,8,3,5,8
97,20,moe,736,34,5085,2615,2615,2282,151,0,37,0,628,8,5,3,8
97,21,moe,807,32,6582,3535,3535,2770,173,0,104,0,747,8,5,3,8
97,22,moe,806,36,4042,2265,2265,1589,98,0,90,0,625,8,6,2,8
97,23,moe,673,32,1427,301,301,1006,57,0,63,0,745,8,7,1,8
97,24,moe,822,33,8978,4217,4217,4422,280,1,58,0,745,8,3,5,8
97,25,moe,816,33,1275,305,306,888,62,0,19,0,752,8,7,1,8
97,26,moe,666,36,8790,4953,4953,3554,230,0,53,0,750,8,4,4,8
97,-1,epi,0,0,0,0,0,0,0,0,5907,0,0,0,0,0,0
98,-2,pre,47,0,0,0,0,0,0,0,0,0,0,0,0,0,0
98,0,dense,1478,39,0,0,0,0,0,0,0,0,0,0,0,0,0
98,1,moe,856,34,10021,5232,5232,4446,286,0,57,0,794,8,3,5,8
98,2,moe,738,33,7881,2850,2850,4824,168,0,39,0,745,8,5,3,8
98,3,moe,667,32,2523,614,614,1766,114,0,29,0,744,8,6,2,8
98,4,moe,751,33,2149,1164,1164,842,53,0,90,0,629,8,7,1,8
98,5,moe,830,34,1111,283,283,762,49,0,17,0,632,8,7,1,8
98,6,moe,764,36,2523,1391,1391,996,60,0,76,0,752,8,7,1,8
98,7,moe,670,33,3157,1372,1372,1600,99,0,86,0,631,8,6,2,8
98,8,moe,744,35,2076,1233,1233,770,53,0,20,0,630,8,7,1,8
98,9,moe,810,34,1435,317,317,986,59,0,73,0,761,8,7,1,8
98,10,moe,751,35,3411,1627,1628,1599,103,0,81,0,638,8,6,2,8
98,11,moe,679,32,1128,284,284,766,48,0,30,0,639,8,7,1,8
98,12,moe,745,38,10207,3307,3307,6564,227,0,109,0,745,8,4,4,8
98,13,moe,813,36,4997,2361,2361,2390,151,0,95,0,639,8,5,3,8
98,14,moe,744,35,6183,2866,2866,3067,200,0,50,0,631,8,4,4,8
98,15,moe,673,34,8042,4056,4056,3654,231,0,101,0,749,8,4,4,8
98,16,moe,734,33,8870,4618,4618,3883,252,0,117,0,636,8,3,5,8
98,17,moe,801,33,11316,4101,4101,6911,245,0,59,0,629,8,3,5,8
98,18,moe,743,39,10575,4684,4685,5419,337,0,134,0,742,8,2,6,8
98,19,moe,656,32,6846,3431,3431,3114,199,0,102,0,621,8,4,4,8
98,20,moe,732,34,7205,3904,3904,3049,199,0,53,0,629,8,4,4,8
98,21,moe,812,36,7027,3026,3026,3662,233,0,106,0,743,8,4,4,8
98,22,moe,815,37,3161,1380,1380,1587,101,0,93,0,625,8,6,2,8
98,23,moe,656,33,4710,2656,2656,1866,112,0,76,0,741,8,6,2,8
98,24,moe,819,32,7620,3799,3799,3546,227,0,48,0,746,8,4,4,8
98,25,moe,821,33,4702,1843,1843,2652,170,0,37,0,751,8,5,3,8
98,26,moe,670,31,9978,5181,5181,4438,298,0,61,0,750,8,3,5,8
98,-1,epi,0,0,0,0,0,0,0,0,5902,0,0,0,0,0,0
99,-2,pre,47,0,0,0,0,0,0,0,0,0,0,0,0,0,0
99,0,dense,1477,39,0,0,0,0,0,0,0,0,0,0,0,0,0
99,1,moe,836,35,10957,6180,6180,4434,284,0,59,0,752,8,3,5,8
99,2,moe,751,33,7117,3287,3287,3555,226,0,49,0,751,8,4,4,8
99,3,moe,677,31,5847,2974,2974,2664,171,0,38,0,745,8,5,3,8
99,4,moe,750,33,10905,5792,5793,4678,296,0,138,0,628,8,2,6,8
99,5,moe,818,34,8885,4764,4764,3819,248,0,54,0,630,8,3,5,8
99,6,moe,736,38,4437,2322,2322,1913,116,0,86,0,742,8,6,2,8
99,7,moe,663,204,9976,6910,6910,2878,101,0,87,0,678,8,6,2,8
99,8,moe,701,38,3241,1541,1541,1549,107,0,44,0,686,8,6,2,8
99,9,moe,795,37,7205,3110,3110,3716,259,0,120,0,742,8,4,4,8
99,10,moe,750,36,9983,5693,5693,3925,256,0,109,0,636,8,3,5,8
99,11,moe,667,38,7682,4301,4301,3113,213,0,55,0,654,8,4,4,8
99,12,moe,755,37,6860,3736,3737,2835,176,0,112,0,773,8,5,3,8
99,13,moe,816,45,9919,5550,5551,3977,253,0,138,0,639,8,3,5,8
99,14,moe,754,40,6843,3531,3532,3050,200,0,61,0,646,8,4,4,8
99,15,moe,671,35,6668,3612,3612,2766,175,0,115,0,748,8,5,3,8
99,16,moe,739,38,9116,4834,4834,3911,244,0,127,0,632,8,3,5,8
99,17,moe,807,36,8974,4845,4845,3824,244,1,60,0,628,8,3,5,8
99,18,moe,740,35,6746,3713,3713,2764,168,0,101,0,745,8,5,3,8
99,19,moe,664,38,8446,3370,3370,4672,296,1,107,0,631,8,2,6,8
99,20,moe,736,40,7635,4343,4344,3048,193,0,50,0,629,8,4,4,8
99,21,moe,800,37,7000,3025,3025,3641,227,0,107,0,744,8,4,4,8
99,22,moe,838,39,2089,1131,1131,828,48,0,82,0,620,8,7,1,8
99,23,moe,685,36,3601,1533,1533,1872,113,0,83,0,739,8,6,2,8
99,24,moe,812,34,7682,3866,3867,3537,228,0,50,0,750,8,4,4,8
99,25,moe,815,39,7730,3924,3924,3532,228,0,46,0,741,8,4,4,8
99,26,moe,662,33,5652,2790,2791,2654,168,0,39,0,742,8,5,3,8
99,-1,epi,0,0,0,0,0,0,0,0,5935,0,0,0,0,0,0
100,-2,pre,206,0,0,0,0,0,0,0,0,0,0,0,0,0,0
100,0,dense,1502,37,0,0,0,0,0,0,0,0,0,0,0,0,0
100,1,moe,830,31,8042,4217,4218,3549,225,0,50,0,759,8,4,4,8
100,2,moe,754,34,7862,4021,4023,3559,224,0,56,0,751,8,4,4,8
100,3,moe,663,31,9092,4319,4319,4432,283,1,57,0,764,8,3,5,8
100,4,moe,747,33,6007,3343,3343,2399,150,0,115,0,633,8,5,3,8
100,5,moe,807,34,4960,2443,2443,2319,151,0,47,0,632,8,5,3,8
100,6,moe,739,35,8624,4613,4614,3682,239,0,89,0,753,8,4,4,8
100,7,moe,673,40,11607,6501,6501,4680,292,0,134,0,626,8,2,6,8
100,8,moe,727,34,2055,1213,1213,768,51,0,23,0,626,8,7,1,8
100,9,moe,810,32,4897,1877,1877,2748,173,1,98,0,761,8,5,3,8
100,10,moe,745,32,7829,4297,4298,3215,198,0,118,0,637,8,4,4,8
100,11,moe,718,33,7603,4272,4272,3079,201,0,51,0,650,8,4,4,8
100,12,moe,766,31,8834,4710,4711,3782,228,0,113,0,775,8,4,4,8
100,13,moe,849,33,5201,2516,2516,2428,148,0,109,0,634,8,5,3,8
100,14,moe,740,38,9548,5383,5383,3858,247,0,60,0,635,8,3,5,8
100,15,moe,680,30,5802,2759,2759,2764,170,0,109,0,743,8,5,3,8
100,16,moe,745,31,11564,5668,5668,5415,343,0,138,0,628,8,1,7,8
100,17,moe,814,30,5767,3287,3287,2287,151,0,42,0,615,8,5,3,8
100,18,moe,740,29,7915,3919,3919,3676,230,0,90,0,740,8,4,4,8
100,19,moe,663,28,9986,4920,4920,4640,294,0,132,0,621,8,2,6,8
100,20,moe,741,34,11919,6150,6150,5358,340,0,71,0,621,8,1,7,8
100,21,moe,818,33,5671,2643,2643,2762,171,0,95,0,738,8,5,3,8
100,22,moe,810,28,8089,3821,3821,3906,246,0,116,0,617,8,3,5,8
100,23,moe,659,27,4983,1970,1970,2775,166,0,72,0,734,8,5,3,8
100,24,moe,797,29,8454,3669,3669,4450,278,0,57,0,738,8,3,5,8
100,25,moe,809,29,9764,5001,5001,4416,282,0,65,0,737,8,3,5,8
100,26,moe,671,31,6987,3165,3165,3547,229,0,46,0,739,8,4,4,8
100,-1,epi,0,0,0,0,0,0,0,0,5906,0,0,0,0,0,0
101,-2,pre,44,0,0,0,0,0,0,0,0,0,0,0,0,0,0
101,0,dense,1505,31,0,0,0,0,0,0,0,0,0,0,0,0,0
101,1,moe,822,30,11256,5519,5519,5322,347,0,68,0,752,8,2,6,8
101,2,moe,729,30,6542,3652,3653,2664,170,0,55,0,739,8,5,3,8
101,3,moe,665,28,9051,4272,4272,4444,280,0,55,0,749,8,3,5,8
101,4,moe,735,31,3263,1472,1473,1587,105,0,98,0,620,8,6,2,8
101,5,moe,808,30,1108,273,273,761,51,0,23,0,627,8,7,1,8
101,6,moe,729,30,2503,1391,1391,978,57,0,77,0,737,8,7,1,8
101,7,moe,660,27,3199,1425,1425,1597,97,0,80,0,622,8,6,2,8
101,8,moe,737,37,1876,1042,1042,764,50,0,20,0,639,8,7,1,8
101,9,moe,806,29,1434,307,307,997,57,0,73,0,743,8,7,1,8
101,10,moe,737,28,8,0,0,0,0,0,8,0,634,8,8,0,8
101,11,moe,674,27,3794,1214,1214,2348,146,0,86,0,650,8,5,3,8
101,12,moe,744,30,4794,2759,2759,1862,116,0,57,0,742,8,6,2,8
101,13,moe,807,32,5193,2582,2582,2364,148,0,99,0,624,8,5,3,8
101,14,moe,735,28,8005,4711,4711,3047,197,0,50,0,630,8,4,4,8
101,15,moe,670,29,7044,3037,3037,3666,233,0,108,0,747,8,4,4,8
101,16,moe,726,30,9170,4007,4007,4711,311,0,141,0,660,8,2,6,8
101,17,moe,800,37,5434,2064,2065,3101,210,1,57,0,686,8,4,4,8
101,18,moe,734,33,8880,3671,3672,4919,173,0,116,0,750,8,5,3,8
101,19,moe,662,31,7048,3601,3601,3124,197,0,126,0,631,8,4,4,8
101,20,moe,735,32,9504,4579,4579,4565,292,0,68,0,629,8,2,6,8
101,21,moe,803,31,6999,2986,2986,3674,223,0,116,0,742,8,4,4,8
101,22,moe,804,31,2323,1365,1365,834,50,0,74,0,629,8,7,1,8
101,23,moe,672,27,4572,2510,2510,1865,118,0,79,0,743,8,6,2,8
101,24,moe,802,29,5652,2766,2766,2672,175,0,39,0,739,8,5,3,8
101,25,moe,810,30,10801,6028,6028,4430,288,0,55,0,739,8,3,5,8
101,26,moe,663,28,8352,3575,3575,4436,285,0,56,0,749,8,3,5,8
101,-1,epi,0,0,0,0,0,0,0,0,5917,0,0,0,0,0,0
102,-2,pre,218,0,0,0,0,0,0,0,0,0,0,0,0,0,0
102,0,dense,1497,33,0,0,0,0,0,0,0,0,0,0,0,0,0
102,1,moe,832,32,6645,3759,3759,2666,176,0,44,0,747,8,5,3,8
102,2,moe,740,29,10732,5945,5945,4441,289,0,57,0,747,8,3,5,8
102,3,moe,666,29,14477,6059,6059,8064,290,0,64,0,741,8,3,5,8
102,4,moe,739,30,10,0,0,0,0,0,10,0,624,8,8,0,8
102,5,moe,855,35,5006,4030,4031,829,52,0,94,0,622,8,7,1,8
102,6,moe,745,34,6833,3805,3805,2758,170,0,100,0,743,8,5,3,8
102,7,moe,664,35,4305,1706,1707,2356,147,0,95,0,621,8,5,3,8
102,8,moe,732,34,1992,1155,1155,768,48,0,21,0,624,8,7,1,8
102,9,moe,812,35,6712,3662,3662,2783,171,0,96,0,744,8,5,3,8
102,10,moe,739,71,10845,5747,5747,4677,292,0,129,0,625,8,2,6,8
102,11,moe,673,31,4953,2466,2466,2294,146,0,47,0,622,8,5,3,8
102,12,moe,732,33,5914,2872,2872,2777,171,0,94,0,743,8,5,3,8
102,13,moe,802,32,1233,280,280,830,50,0,73,0,627,8,7,1,8
102,14,moe,741,33,7663,4364,4364,3056,196,0,47,0,622,8,4,4,8
102,15,moe,654,32,7943,3970,3970,3648,226,0,99,0,740,8,4,4,8
102,16,moe,734,31,5935,3351,3351,2343,147,0,94,0,629,8,5,3,8
102,17,moe,807,32,5820,3335,3335,2297,148,0,40,0,621,8,5,3,8
102,18,moe,739,36,6599,3550,3551,2779,175,0,94,0,742,8,5,3,8
102,19,moe,658,33,9062,5617,5617,3133,200,0,112,0,621,8,4,4,8
102,20,moe,740,35,6242,2958,2959,3038,196,0,49,0,624,8,4,4,8
102,21,moe,805,33,8067,4098,4098,3640,227,0,102,0,734,8,4,4,8
102,22,moe,799,33,10976,5896,5897,4644,303,0,132,0,619,8,2,6,8
102,23,moe,678,36,6018,2382,2382,3436,118,0,82,0,733,8,6,2,8
102,24,moe,809,34,9965,5192,5192,4434,283,0,56,0,743,8,3,5,8
102,25,moe,801,33,9322,4563,4563,4423,280,0,56,0,745,8,3,5,8
102,26,moe,661,32,8387,3604,3604,4437,284,0,62,0,745,8,3,5,8
102,-1,epi,0,0,0,0,0,0,0,0,5882,0,0,0,0,0,0
103,-2,pre,52,0,0,0,0,0,0,0,0,0,0,0,0,0,0
103,0,dense,1468,37,0,0,0,0,0,0,0,0,0,0,0,0,0
103,1,moe,835,38,10972,4233,4234,6463,228,0,47,0,741,8,4,4,8
103,2,moe,738,35,5994,2612,2612,3236,115,0,31,0,738,8,6,2,8
103,3,moe,676,36,7877,4053,4053,3554,225,0,45,0,738,8,4,4,8
103,4,moe,742,33,6183,3583,3583,2344,147,0,109,0,624,8,5,3,8
103,5,moe,804,34,3798,2143,2143,1528,98,0,29,0,620,8,6,2,8
103,6,moe,732,33,2366,1222,1222,1009,58,0,77,0,740,8,7,1,8
103,7,moe,672,30,2308,545,545,1580,98,0,85,0,619,8,6,2,8
103,8,moe,741,32,2007,1176,1176,763,48,0,20,0,621,8,7,1,8
103,9,moe,806,36,4486,2401,2401,1884,114,0,87,0,743,8,6,2,8
103,10,moe,738,32,5198,2589,2589,2357,149,0,103,0,626,8,5,3,8
103,11,moe,668,31,3849,2183,2183,1533,104,0,29,0,625,8,6,2,8
103,12,moe,733,32,2309,1188,1188,996,58,0,67,0,745,8,7,1,8
103,13,moe,802,33,4090,2312,2312,1590,100,0,88,0,628,8,6,2,8
103,14,moe,746,37,3084,1423,1423,1527,105,0,29,0,631,8,6,2,8
103,15,moe,658,32,4554,2455,2455,1908,115,0,76,0,752,8,6,2,8
103,16,moe,733,34,3346,1558,1558,1605,99,0,84,0,636,8,6,2,8
103,17,moe,807,34,8,0,0,0,0,0,8,0,624,8,8,0,8
103,18,moe,744,36,9,0,0,0,0,0,9,0,744,8,8,0,8
103,19,moe,678,32,1718,270,270,1375,51,0,22,0,624,8,7,1,8
103,20,moe,749,33,3933,2284,2284,1520,98,0,31,0,627,8,6,2,8
103,21,moe,815,33,5731,2685,2685,2755,168,0,123,0,750,8,5,3,8
103,22,moe,804,32,3997,2206,2206,1603,100,0,88,0,634,8,6,2,8
103,23,moe,669,31,5791,2770,2770,2756,172,0,93,0,740,8,5,3,8
103,24,moe,810,33,6274,2454,2454,3553,224,0,43,0,757,8,4,4,8
103,25,moe,806,33,2142,1176,1176,889,58,0,19,0,743,8,7,1,8
103,26,moe,680,32,3622,1702,1703,1771,115,0,33,0,746,8,6,2,8
103,-1,epi,0,0,0,0,0,0,0,0,5983,0,0,0,0,0,0
104,-2,pre,203,0,0,0,0,0,0,0,0,0,0,0,0,0,0
104,0,dense,1493,39,0,0,0,0,0,0,0,0,0,0,0,0,0
104,1,moe,842,36,7431,3610,3610,3538,226,0,57,0,751,8,4,4,8
104,2,moe,745,31,3480,1553,1553,1778,116,0,33,0,756,8,6,2,8
104,3,moe,678,31,7759,3923,3924,3553,234,0,48,0,752,8,4,4,8
104,4,moe,737,33,2131,1147,1147,837,52,0,95,0,633,8,7,1,8
104,5,moe,810,34,7760,4469,4470,3044,196,0,50,0,633,8,4,4,8
104,6,moe,761,38,2333,1199,1199,991,62,0,81,0,809,8,7,1,8
104,7,moe,671,35,6214,3552,3553,2377,157,0,127,0,658,8,5,3,8
104,8,moe,768,39,7680,3293,3293,4187,153,0,47,0,644,8,5,3,8
104,9,moe,842,42,6779,3701,3702,2786,174,0,117,0,752,8,5,3,8
104,10,moe,737,36,5211,2583,2583,2371,152,0,105,0,634,8,5,3,8
104,11,moe,675,35,6825,3514,3515,3062,197,0,51,0,639,8,4,4,8
104,12,moe,739,35,6843,3791,3791,2778,169,0,105,0,755,8,5,3,8
104,13,moe,817,35,9572,5328,5328,3876,248,0,120,0,640,8,3,5,8
104,14,moe,736,35,7753,4457,4457,3049,197,0,50,0,640,8,4,4,8
104,15,moe,670,34,4544,2475,2475,1870,114,1,84,0,743,8,6,2,8
104,16,moe,737,32,9842,4767,4767,4643,294,0,138,0,636,8,2,6,8
104,17,moe,807,37,4968,2485,2486,2287,153,0,42,0,635,8,5,3,8
104,18,moe,733,35,4505,2402,2402,1906,113,0,84,0,743,8,6,2,8
104,19,moe,672,33,3213,1429,1429,1586,99,0,99,0,633,8,6,2,8
104,20,moe,733,33,4146,2496,2497,1522,98,0,29,0,636,8,6,2,8
104,21,moe,816,37,5994,2472,2472,3318,113,0,91,0,742,8,6,2,8
104,22,moe,811,35,6990,3560,3560,3118,195,0,117,0,631,8,4,4,8
104,23,moe,674,32,7810,3833,3833,3649,226,0,102,0,750,8,4,4,8
104,24,moe,807,34,9074,4299,4299,4427,284,0,64,0,752,8,3,5,8
104,25,moe,811,34,6499,3616,3617,2663,171,0,48,0,747,8,5,3,8
104,26,moe,668,31,6251,2416,2419,3558,229,0,45,0,748,8,4,4,8
104,-1,epi,0,0,0,0,0,0,0,0,5926,0,0,0,0,0,0
105,-2,pre,68,0,0,0,0,0,0,0,0,0,0,0,0,0,0
105,0,dense,1479,36,0,0,0,0,0,0,0,0,0,0,0,0,0
105,1,moe,832,35,10211,5417,5417,4452,284,0,58,0,762,8,3,5,8
105,2,moe,809,33,12061,6981,6981,4859,170,0,51,0,742,8,5,3,8
105,3,moe,663,32,5873,2507,2507,3220,114,0,32,0,743,8,6,2,8
105,4,moe,739,34,4278,1631,1631,2380,150,0,117,0,623,8,5,3,8
105,5,moe,805,33,3138,1481,1481,1525,99,0,33,0,625,8,6,2,8
105,6,moe,733,36,7014,3036,3036,3643,231,0,104,0,746,8,4,4,8
105,7,moe,667,32,5092,2495,2495,2355,149,0,93,0,625,8,5,3,8
105,8,moe,735,32,5088,2599,2600,2301,146,0,41,0,632,8,5,3,8
105,9,moe,817,34,5706,2684,2684,2760,168,0,94,0,745,8,5,3,8
105,10,moe,740,34,7009,3587,3588,3116,196,0,109,0,634,8,4,4,8
105,11,moe,670,32,8843,4734,4736,3805,247,0,55,0,633,8,3,5,8
105,12,moe,729,33,4478,2393,2393,1882,114,0,89,0,746,8,6,2,8
105,13,moe,811,34,4044,2261,2261,1599,98,0,86,0,627,8,6,2,8
105,14,moe,741,37,7614,4326,4326,3048,195,0,45,0,633,8,4,4,8
105,15,moe,665,31,2297,1184,1184,987,56,0,70,0,754,8,7,1,8
105,16,moe,744,37,5200,2607,2607,2351,149,0,93,0,635,8,5,3,8
105,17,moe,805,34,5783,3302,3302,2286,154,0,41,0,626,8,5,3,8
105,18,moe,734,33,6109,3016,3016,2819,171,0,103,0,752,8,5,3,8
105,19,moe,668,32,4014,2226,2226,1604,98,0,86,0,630,8,6,2,8
105,20,moe,745,35,3870,2198,2199,1540,101,0,30,0,628,8,6,2,8
105,21,moe,805,34,2750,627,627,1898,116,0,109,0,745,8,6,2,8
105,22,moe,810,31,2121,1159,1159,838,48,0,76,0,625,8,7,1,8
105,23,moe,663,27,2344,1240,1240,990,55,0,59,0,748,8,7,1,8
105,24,moe,809,27,6289,2456,2456,3553,224,0,56,0,754,8,4,4,8
105,25,moe,801,28,3539,1608,1608,1785,116,0,30,0,777,8,6,2,8
105,26,moe,683,30,4531,1654,1655,2665,171,0,40,0,750,8,5,3,8
105,-1,epi,0,0,0,0,0,0,0,0,5961,0,0,0,0,0,0
106,-2,pre,200,0,0,0,0,0,0,0,0,0,0,0,0,0,0
106,0,dense,1502,40,0,0,0,0,0,0,0,0,0,0,0,0,0
106,1,moe,836,33,5919,3030,3031,2673,177,0,38,0,769,8,5,3,8
106,2,moe,762,32,7931,4104,4104,3550,227,0,50,0,755,8,4,4,8
106,3,moe,683,31,13596,5160,5160,8096,286,0,54,0,747,8,3,5,8
106,4,moe,743,28,2826,1180,1180,1500,48,0,98,0,628,8,7,1,8
106,5,moe,819,31,5910,3423,3423,2297,149,0,41,0,622,8,5,3,8
106,6,moe,732,29,9,0,0,0,0,0,9,0,742,8,8,0,8
106,7,moe,672,27,8676,2904,2904,5528,197,0,47,0,632,8,4,4,8
106,8,moe,735,31,5251,2773,2773,2287,152,0,39,0,631,8,5,3,8
106,9,moe,806,29,6852,3802,3802,2766,167,0,117,0,749,8,5,3,8
106,10,moe,742,32,6295,2881,2881,3101,197,0,116,0,632,8,4,4,8
106,11,moe,668,28,6779,3491,3491,3038,200,0,50,0,634,8,4,4,8
106,12,moe,748,29,1443,317,317,996,58,0,72,0,754,8,7,1,8
106,13,moe,810,28,5931,3324,3324,2356,148,0,103,0,625,8,5,3,8
106,14,moe,733,28,5094,2619,2620,2288,150,0,36,0,629,8,5,3,8
106,15,moe,670,28,10742,4835,4836,5444,339,1,122,0,754,8,2,6,8
106,16,moe,734,27,2739,961,961,1591,100,0,87,0,635,8,6,2,8
106,17,moe,830,32,5062,2583,2583,2292,148,0,39,0,629,8,5,3,8
106,18,moe,737,30,3732,1667,1667,1859,113,0,93,0,751,8,6,2,8
106,19,moe,682,28,6058,2625,2625,3127,198,0,108,0,631,8,4,4,8
106,20,moe,736,28,3210,1561,1562,1519,98,0,31,0,624,8,6,2,8
106,21,moe,807,27,5100,2079,2079,2755,170,1,95,0,751,8,5,3,8
106,22,moe,808,29,2688,874,874,1619,102,0,93,0,627,8,6,2,8
106,23,moe,673,30,5059,2019,2020,2775,174,0,90,0,748,8,5,3,8
106,24,moe,829,33,15674,5507,5508,9712,377,0,77,0,768,8,2,6,8
106,25,moe,828,39,7014,3175,3175,3553,228,0,58,0,764,8,4,4,8
106,26,moe,678,31,5039,2151,2151,2672,174,0,42,0,754,8,5,3,8
106,-1,epi,0,0,0,0,0,0,0,0,5961,0,0,0,0,0,0
107,-2,pre,212,0,0,0,0,0,0,0,0,0,0,0,0,0,0
107,0,dense,1485,35,0,0,0,0,0,0,0,0,0,0,0,0,0
107,1,moe,827,30,14250,4097,4099,9736,343,0,72,0,755,8,2,6,8
107,2,moe,767,33,10889,4173,4173,6439,224,0,53,0,747,8,4,4,8
107,3,moe,669,30,3680,1744,1744,1784,117,0,35,0,752,8,6,2,8
107,4,moe,761,31,5256,2633,2633,2379,152,0,92,0,627,8,5,3,8
107,5,moe,804,32,2692,1227,1229,1385,53,0,25,0,629,8,7,1,8
107,6,moe,750,29,3150,1228,1229,1777,57,0,87,0,740,8,7,1,8
107,7,moe,669,28,8,0,0,0,0,0,8,0,633,8,8,0,8
107,8,moe,755,29,1897,265,265,1498,49,0,85,0,626,8,7,1,8
107,9,moe,828,34,7990,2746,2746,4971,175,0,98,0,751,8,5,3,8
107,10,moe,758,31,5480,2405,2405,2880,99,0,96,0,626,8,6,2,8
107,11,moe,664,27,7024,3729,3729,3049,200,0,46,0,632,8,4,4,8
107,12,moe,757,31,4520,2403,2403,1909,117,0,91,0,754,8,6,2,8
107,13,moe,812,30,2743,1138,1138,1469,51,0,85,0,630,8,7,1,8
107,14,moe,749,30,10134,4382,4382,5507,199,0,46,0,623,8,4,4,8
107,15,moe,670,30,4503,2419,2419,1877,118,0,89,0,739,8,6,2,8
107,16,moe,740,30,6248,1767,1767,4237,145,0,99,0,625,8,5,3,8
107,17,moe,814,28,4222,1736,1736,2287,161,0,38,0,637,8,5,3,8
107,18,moe,750,29,13760,5151,5151,8180,280,0,149,0,746,8,3,5,8
107,19,moe,660,28,5247,2637,2637,2355,150,0,105,0,624,8,5,3,8
107,20,moe,736,33,5301,2400,2400,2768,99,0,34,0,621,8,6,2,8
107,21,moe,824,33,3657,1560,1560,1896,116,0,85,0,784,8,6,2,8
107,22,moe,858,50,3248,1580,1580,1502,51,0,115,0,633,8,7,1,8
107,23,moe,674,28,2207,320,320,1767,57,0,63,0,746,8,7,1,8
107,24,moe,822,28,5699,2811,2811,2659,175,0,54,0,749,8,5,3,8
107,25,moe,812,29,5346,1966,1966,3234,112,0,34,0,741,8,6,2,8
107,26,moe,665,28,8,0,0,0,0,0,8,0,735,8,8,0,8
107,-1,epi,0,0,0,0,0,0,0,0,5980,0,0,0,0,0,0
108,-2,pre,774,0,0,0,0,0,0,0,0,0,0,0,0,0,0
108,0,dense,1488,41,0,0,0,0,0,0,0,0,0,0,0,0,0
108,1,moe,846,33,6927,4021,4021,2684,179,0,43,0,762,8,5,3,8
108,2,moe,752,35,8880,3834,3834,4839,167,0,40,0,757,8,5,3,8
108,3,moe,680,37,11633,5895,5895,5328,343,0,67,0,753,8,2,6,8
108,4,moe,735,35,2811,1160,1160,1497,52,0,102,0,630,8,7,1,8
108,5,moe,802,34,4192,1708,1708,2291,155,1,37,0,642,8,5,3,8
108,6,moe,738,34,8,0,0,0,0,1,7,0,747,8,8,0,8
108,7,moe,674,32,3189,1525,1525,1530,103,0,31,0,636,8,6,2,8
108,8,moe,738,35,3851,2190,2190,1528,104,0,29,0,634,8,6,2,8
108,9,moe,827,35,4226,2133,2133,1903,118,0,72,0,754,8,6,2,8
108,10,moe,736,34,7959,4506,4506,3128,204,0,121,0,637,8,4,4,8
108,11,moe,670,36,10033,4252,4252,5537,193,0,51,0,632,8,4,4,8
108,12,moe,741,34,6139,2545,2545,3391,116,0,87,0,741,8,6,2,8
108,13,moe,814,33,8133,3646,3646,4231,147,0,109,0,624,8,5,3,8
108,14,moe,752,36,6836,2512,2512,4138,147,0,39,0,618,8,5,3,8
108,15,moe,674,34,10814,3907,3907,6567,225,0,115,0,745,8,4,4,8
108,16,moe,738,33,4462,1414,1414,2856,102,0,90,0,618,8,6,2,8
108,17,moe,820,34,10980,3740,3740,6935,247,0,58,0,623,8,3,5,8
108,18,moe,741,33,7146,4087,4087,2772,175,0,112,0,745,8,5,3,8
108,19,moe,667,34,7198,3737,3737,3134,199,0,128,0,627,8,4,4,8
108,20,moe,736,35,6382,3894,3894,2296,152,0,40,0,627,8,5,3,8
108,21,moe,799,35,8541,3552,3553,4574,291,0,123,0,749,8,3,5,8
108,22,moe,805,34,7763,3262,3262,4252,148,0,101,0,623,8,5,3,8
108,23,moe,673,33,5923,2336,2336,3392,112,0,83,0,730,8,6,2,8
108,24,moe,814,37,13963,5543,5543,8075,289,0,56,0,735,8,3,5,8
108,25,moe,812,33,7889,2804,2804,4871,174,0,40,0,733,8,5,3,8
108,26,moe,678,36,2541,608,608,1783,121,0,29,0,738,8,6,2,8
108,-1,epi,0,0,0,0,0,0,0,0,5895,0,0,0,0,0,0
109,-2,pre,218,0,0,0,0,0,0,0,0,0,0,0,0,0,0
109,0,dense,1470,36,0,0,0,0,0,0,0,0,0,0,0,0,0
109,1,moe,831,34,12674,5953,5954,6230,411,0,79,0,758,8,1,7,8
109,2,moe,757,32,13716,5324,5324,8052,283,0,57,0,739,8,3,5,8
109,3,moe,655,32,16571,6501,6501,9669,339,0,62,0,732,8,2,6,8
109,4,moe,730,33,7861,4444,4444,3128,198,0,91,0,623,8,4,4,8
109,5,moe,798,33,10686,4829,4829,5591,216,0,50,0,666,8,4,4,8
109,6,moe,711,40,4558,2459,2460,1875,121,0,102,0,760,8,6,2,8
109,7,moe,667,35,7977,4525,4525,3127,201,0,124,0,627,8,4,4,8
109,8,moe,746,36,4504,2017,2017,2294,151,0,42,0,669,8,5,3,8
109,9,moe,835,90,11798,6800,6800,4573,288,0,137,0,753,8,3,5,8
109,10,moe,749,40,7788,3245,3245,4285,146,0,112,0,625,8,5,3,8
109,11,moe,659,34,17128,7019,7019,9670,340,1,98,0,619,8,1,7,8
109,12,moe,745,69,14089,4003,4004,9627,339,0,119,0,736,8,2,6,8
109,13,moe,795,36,7130,3691,3691,3114,203,0,122,0,619,8,4,4,8
109,14,moe,727,37,8504,3513,3514,4590,298,0,102,0,629,8,2,6,8
109,15,moe,663,36,15578,5497,5497,9607,342,0,132,0,738,8,2,6,8
109,16,moe,738,39,17769,6856,6856,10368,394,0,151,0,616,8,0,8,8
109,17,moe,802,38,9171,4208,4209,4602,299,0,61,0,629,8,2,6,8
109,18,moe,739,39,11467,4537,4537,6600,224,0,106,0,735,8,4,4,8
109,19,moe,651,37,14733,4441,4441,9808,341,0,143,0,608,8,1,7,8
109,20,moe,8338,35,13831,5203,5203,8269,295,0,64,0,611,8,2,6,8
109,21,moe,795,35,16012,5708,5709,9828,338,0,137,0,730,8,2,6,8
109,22,moe,809,33,11535,2768,2768,8340,297,0,130,0,610,8,2,6,8
109,23,moe,672,33,9322,2405,2405,6590,225,0,102,0,731,8,4,4,8
109,24,moe,792,35,11163,2785,2785,8033,280,0,65,0,736,8,3,5,8
109,25,moe,806,34,11861,2248,2249,9144,398,0,70,0,735,8,1,7,8
109,26,moe,668,34,10048,4313,4313,5329,341,0,65,0,734,8,2,6,8
109,-1,epi,0,0,0,0,0,0,0,0,5790,0,0,0,0,0,0
110,-2,pre,222,0,0,0,0,0,0,0,0,0,0,0,0,0,0
110,0,dense,1459,41,0,0,0,0,0,0,0,0,0,0,0,0,0
110,1,moe,830,34,5022,2149,2149,2657,172,0,44,0,757,8,5,3,8
110,2,moe,741,33,6238,2406,2407,3552,229,0,50,0,743,8,4,4,8
110,3,moe,662,33,9810,3096,3096,6439,224,0,51,0,737,8,4,4,8
110,4,moe,731,33,10230,2828,2828,7015,245,0,142,0,614,8,3,5,8
110,5,moe,804,34,3098,1441,1441,1524,102,0,31,0,620,8,6,2,8
110,6,moe,749,35,4515,2429,2429,1881,117,0,88,0,743,8,6,2,8
110,7,moe,666,36,5941,3304,3304,2377,150,0,110,0,632,8,5,3,8
110,8,moe,747,36,9389,3629,3629,5508,199,1,52,0,620,8,4,4,8
110,9,moe,807,35,11654,4718,4718,6591,228,0,117,0,732,8,4,4,8
110,10,moe,726,33,7291,2794,2794,4248,146,0,103,0,612,8,5,3,8
110,11,moe,660,34,10471,3241,3241,6933,245,0,52,0,612,8,3,5,8
110,12,moe,727,33,2226,313,313,1779,55,0,79,0,728,8,7,1,8
110,13,moe,809,38,4791,1741,1742,2858,98,0,93,0,617,8,6,2,8
110,14,moe,738,33,2628,1176,1176,1377,51,0,24,0,621,8,7,1,8
110,15,moe,662,32,9512,2573,2573,6609,224,0,106,0,735,8,4,4,8
110,16,moe,740,34,3232,1436,1436,1601,102,0,93,0,615,8,6,2,8
110,17,moe,814,39,1104,269,269,764,51,0,20,0,629,8,7,1,8
110,18,moe,747,39,5207,2132,2132,2801,176,0,98,0,748,8,5,3,8
110,19,moe,682,38,11785,5891,5892,5408,352,0,133,0,624,8,1,7,8
110,20,moe,737,35,8801,4669,4669,3820,248,0,64,0,623,8,3,5,8
110,21,moe,798,34,9293,4336,4336,4549,286,0,122,0,742,8,3,5,8
110,22,moe,809,35,8912,2942,2942,5644,199,0,127,0,612,8,4,4,8
110,23,moe,658,32,7813,2625,2625,4927,170,0,91,0,730,8,5,3,8
110,24,moe,793,33,10861,4145,4145,6444,226,0,46,0,729,8,4,4,8
110,25,moe,800,35,8095,4263,4263,3553,229,0,50,0,736,8,4,4,8
110,26,moe,662,36,10168,5269,5269,4515,326,0,58,0,784,8,3,5,8
110,-1,epi,0,0,0,0,0,0,0,0,5777,0,0,0,0,0,0
111,-2,pre,73,0,0,0,0,0,0,0,0,0,0,0,0,0,0
111,0,dense,1410,40,0,0,0,0,0,0,0,0,0,0,0,0,0
111,1,moe,825,40,4442,1475,1475,2736,184,0,47,0,768,8,5,3,8
111,2,moe,755,44,11802,5049,5051,6468,226,0,57,0,745,8,4,4,8
111,3,moe,673,40,6905,1865,1866,4826,169,0,44,0,744,8,5,3,8
111,4,moe,746,37,2953,1318,1318,1484,50,0,101,0,620,8,7,1,8
111,5,moe,814,39,3954,2291,2291,1526,103,0,34,0,619,8,6,2,8
111,6,moe,734,35,3274,1355,1356,1780,57,0,81,0,739,8,7,1,8
111,7,moe,665,33,4586,1532,1532,2862,98,0,94,0,628,8,6,2,8
111,8,moe,731,34,1101,266,266,763,51,0,21,0,624,8,7,1,8
111,9,moe,809,35,3189,1263,1263,1789,57,0,80,0,743,8,7,1,8
111,10,moe,729,34,1889,283,283,1481,50,0,75,0,620,8,7,1,8
111,11,moe,663,31,3054,1394,1394,1529,103,0,28,0,628,8,6,2,8
111,12,moe,738,35,3113,1232,1232,1748,58,0,75,0,741,8,7,1,8
111,13,moe,800,34,4194,2418,2418,1583,101,0,92,0,631,8,6,2,8
111,14,moe,730,33,1132,287,287,772,54,0,19,0,651,8,7,1,8
111,15,moe,671,32,8,0,0,0,0,0,8,0,753,8,8,0,8
111,16,moe,742,41,5201,2314,2314,2758,99,0,30,0,622,8,6,2,8
111,17,moe,807,30,6772,2450,2450,4134,149,0,39,0,637,8,5,3,8
111,18,moe,735,29,6260,2653,2653,3394,115,0,98,0,744,8,6,2,8
111,19,moe,669,31,4261,2472,2472,1594,102,0,93,0,627,8,6,2,8
111,20,moe,742,28,8759,3001,3002,5508,197,0,52,0,630,8,4,4,8
111,21,moe,799,32,9824,2914,2914,6593,225,0,92,0,736,8,4,4,8
111,22,moe,795,31,7017,2544,2544,4219,146,0,108,0,613,8,5,3,8
111,23,moe,664,33,4484,2411,2411,1875,116,0,82,0,739,8,6,2,8
111,24,moe,806,30,10149,5348,5348,4457,287,0,57,0,748,8,3,5,8
111,25,moe,815,31,7952,2866,2866,4878,169,0,39,0,738,8,5,3,8
111,26,moe,667,29,15356,5316,5316,9639,338,0,63,0,737,8,2,6,8
111,-1,epi,0,0,0,0,0,0,0,0,5804,0,0,0,0,0,0
112,-2,pre,225,0,0,0,0,0,0,0,0,0,0,0,0,0,0
112,0,dense,1459,33,0,0,0,0,0,0,0,0,0,0,0,0,0
112,1,moe,834,32,7933,4103,4104,3549,233,0,47,0,750,8,4,4,8
112,2,moe,738,29,13427,5037,5037,8050,282,1,57,0,744,8,3,5,8
112,3,moe,664,29,7991,4170,4170,3546,227,0,48,0,745,8,4,4,8
112,4,moe,737,35,4509,1923,1923,2344,153,0,89,0,630,8,5,3,8
112,5,moe,818,31,6877,3553,3553,3077,200,0,47,0,623,8,4,4,8
112,6,moe,744,32,9114,5072,5072,3670,237,0,135,0,746,8,4,4,8
112,7,moe,668,30,6980,2466,2466,4265,148,0,101,0,616,8,5,3,8
112,8,moe,730,36,2008,1171,1171,762,51,0,24,0,629,8,7,1,8
112,9,moe,814,37,9183,5141,5141,3682,233,0,127,0,742,8,4,4,8
112,10,moe,746,32,6270,1799,1799,4210,148,0,113,0,620,8,5,3,8
112,11,moe,664,30,7857,3536,3536,4123,149,0,49,0,618,8,5,3,8
112,12,moe,729,29,3590,1505,1505,1871,119,0,95,0,738,8,6,2,8
112,13,moe,810,34,7358,2911,2911,4194,148,0,105,0,634,8,5,3,8
112,14,moe,726,30,7806,2052,2052,5508,197,0,49,0,616,8,4,4,8
112,15,moe,653,30,8516,4496,4496,3673,232,1,114,0,738,8,4,4,8
112,16,moe,739,30,9198,4931,4932,3889,251,0,126,0,643,8,3,5,8
112,17,moe,803,33,13767,5117,5117,8285,295,0,70,0,619,8,2,6,8
112,18,moe,737,35,11832,4883,4883,6609,225,0,115,0,731,8,4,4,8
112,19,moe,654,29,10075,4147,4147,5613,195,0,120,0,608,8,4,4,8
112,20,moe,725,28,6933,2610,2610,4139,146,0,38,0,606,8,5,3,8
112,21,moe,795,31,7965,2699,2699,4990,169,0,107,0,749,8,5,3,8
112,22,moe,796,32,7133,3689,3689,3128,201,1,114,0,616,8,4,4,8
112,23,moe,654,28,6733,3677,3677,2791,175,0,90,0,742,8,5,3,8
112,24,moe,797,30,7911,2883,2883,4820,172,0,36,0,730,8,5,3,8
112,25,moe,796,30,6014,2641,2641,3224,117,0,32,0,735,8,6,2,8
112,26,moe,664,31,9821,3108,3109,6439,227,0,46,0,737,8,4,4,8
112,-1,epi,0,0,0,0,0,0,0,0,5795,0,0,0,0,0,0
113,-2,pre,46,0,0,0,0,0,0,0,0,0,0,0,0,0,0
113,0,dense,1451,40,0,0,0,0,0,0,0,0,0,0,0,0,0
113,1,moe,814,32,9132,2415,2417,6432,234,0,49,0,736,8,4,4,8
113,2,moe,731,29,3679,1735,1735,1788,122,0,34,0,741,8,6,2,8
113,3,moe,672,32,4976,1616,1616,3213,115,0,32,0,736,8,6,2,8
113,4,moe,727,29,2765,1131,1131,1493,50,0,91,0,621,8,7,1,8
113,5,moe,814,34,5210,2331,2331,2755,97,0,27,0,612,8,6,2,8
113,6,moe,727,27,11917,4984,4984,6593,228,0,112,0,739,8,4,4,8
113,7,moe,657,34,2761,1133,1133,1499,49,0,80,0,611,8,7,1,8
113,8,moe,739,32,2632,1189,1189,1374,49,0,20,0,618,8,7,1,8
113,9,moe,806,30,8739,3465,3468,4976,190,0,105,0,781,8,5,3,8
113,10,moe,736,31,6440,1896,1896,4260,164,0,120,0,633,8,5,3,8
113,11,moe,675,32,2425,702,702,1585,107,0,31,0,660,8,6,2,8
113,12,moe,749,33,2398,1261,1261,981,61,0,95,0,749,8,7,1,8
113,13,moe,834,35,2157,1195,1195,825,52,0,85,0,627,8,7,1,8
113,14,moe,782,34,5093,2598,2599,2296,154,0,44,0,626,8,5,3,8
113,15,moe,661,30,4571,2486,2486,1867,116,0,102,0,760,8,6,2,8
113,16,moe,732,33,5420,2778,2779,2377,151,0,113,0,624,8,5,3,8
113,17,moe,809,33,7034,3720,3720,3063,200,0,51,0,634,8,4,4,8
113,18,moe,734,34,8939,4931,4931,3660,229,0,119,0,748,8,4,4,8
113,19,moe,668,31,9530,3601,3601,5619,195,0,115,0,619,8,4,4,8
113,20,moe,729,30,9438,3670,3670,5522,197,0,49,0,625,8,4,4,8
113,21,moe,798,33,5158,1575,1576,3373,113,0,96,0,731,8,6,2,8
113,22,moe,796,29,5351,2303,2303,2857,99,0,92,0,631,8,6,2,8
113,23,moe,663,28,7986,2752,2752,4975,168,0,91,0,737,8,5,3,8
113,24,moe,797,29,9003,2292,2292,6431,229,0,51,0,729,8,4,4,8
113,25,moe,808,31,11891,5162,5163,6458,225,0,45,0,727,8,4,4,8
113,26,moe,652,29,6601,3712,3712,2678,171,0,40,0,726,8,5,3,8
113,-1,epi,0,0,0,0,0,0,0,0,5817,0,0,0,0,0,0
114,-2,pre,1102,0,0,0,0,0,0,0,0,0,0,0,0,0,0
114,0,dense,1460,37,0,0,0,0,0,0,0,0,0,0,0,0,0
114,1,moe,821,37,9778,5944,5945,3555,229,0,49,0,749,8,4,4,8
114,2,moe,729,35,4361,2437,2437,1777,117,0,30,0,746,8,6,2,8
114,3,moe,670,33,2230,1261,1261,888,59,0,22,0,747,8,7,1,8
114,4,moe,736,33,5475,2385,2385,2878,98,0,114,0,626,8,6,2,8
114,5,moe,806,33,4026,2368,2369,1527,99,0,31,0,633,8,6,2,8
114,6,moe,736,35,2401,1296,1296,995,58,0,52,0,747,8,7,1,8
114,7,moe,678,32,2730,1105,1105,1490,50,0,85,0,631,8,7,1,8
114,8,moe,744,33,3086,1403,1403,1548,102,0,33,0,632,8,6,2,8
114,9,moe,811,36,5772,2721,2721,2779,172,0,100,0,747,8,5,3,8
114,10,moe,730,32,1256,287,287,835,52,0,82,0,631,8,7,1,8
114,11,moe,681,33,7739,4432,4432,3052,200,0,55,0,627,8,4,4,8
114,12,moe,737,35,10900,3998,3998,6566,226,0,110,0,741,8,4,4,8
114,13,moe,817,34,2749,1129,1129,1492,49,0,79,0,625,8,7,1,8
114,14,moe,729,32,6131,2826,2826,3061,200,0,44,0,630,8,4,4,8
114,15,moe,662,31,11798,4927,4929,6324,412,0,133,0,748,8,1,7,8
114,16,moe,729,34,13051,4245,4246,8387,293,0,125,0,615,8,2,6,8
114,17,moe,795,34,6943,3651,3651,3039,202,0,51,0,619,8,4,4,8
114,18,moe,728,34,15418,5128,5128,9818,337,0,135,0,734,8,2,6,8
114,19,moe,673,36,3213,1421,1421,1600,101,0,91,0,614,8,6,2,8
114,20,moe,738,34,5490,2187,2187,3050,204,0,49,0,634,8,4,4,8
114,21,moe,807,34,5477,1486,1487,3643,233,0,114,0,754,8,4,4,8
114,22,moe,807,33,4089,2295,2295,1596,101,0,97,0,618,8,6,2,8
114,23,moe,666,33,1428,336,336,965,58,0,69,0,738,8,7,1,8
114,24,moe,806,33,9794,3052,3052,6467,224,0,51,0,735,8,4,4,8
114,25,moe,795,34,7705,3874,3874,3554,229,0,48,0,742,8,4,4,8
114,26,moe,665,35,8929,3851,3851,4862,168,0,48,0,736,8,5,3,8
114,-1,epi,0,0,0,0,0,0,0,0,5838,0,0,0,0,0,0
115,-2,pre,204,0,0,0,0,0,0,0,0,0,0,0,0,0,0
115,0,dense,1463,39,0,0,0,0,0,0,0,0,0,0,0,0,0
115,1,moe,826,34,7933,4105,4105,3550,228,1,49,0,755,8,4,4,8
115,2,moe,745,38,7946,4097,4097,3566,227,0,56,0,750,8,4,4,8
115,3,moe,668,33,17573,6553,6553,10541,392,0,87,0,746,8,1,7,8
115,4,moe,737,34,4101,2310,2310,1580,102,0,109,0,617,8,6,2,8
115,5,moe,810,36,8765,2987,2987,5531,198,0,49,0,618,8,4,4,8
115,6,moe,724,32,7980,2767,2767,4932,170,0,111,0,730,8,5,3,8
115,7,moe,670,36,4294,2471,2471,1629,102,0,92,0,620,8,6,2,8
115,8,moe,727,35,1965,1117,1117,772,52,0,24,0,616,8,7,1,8
115,9,moe,813,34,5785,2737,2737,2757,175,0,116,0,740,8,5,3,8
115,10,moe,735,34,6180,2738,2739,3130,199,0,112,0,623,8,4,4,8
115,11,moe,666,31,8666,2884,2884,5541,193,0,48,0,626,8,4,4,8
115,12,moe,739,34,13107,4495,4495,8203,282,0,127,0,743,8,3,5,8
115,13,moe,809,37,3310,1510,1510,1603,101,0,96,0,616,8,6,2,8
115,14,moe,738,35,9513,3751,3751,5515,198,0,49,0,622,8,4,4,8
115,15,moe,666,34,18781,6819,6819,11383,455,0,124,0,731,8,0,8,8
115,16,moe,722,36,10854,5810,5810,4608,300,0,136,0,614,8,2,6,8
115,17,moe,803,39,16011,5738,5739,9817,376,1,78,0,629,8,1,7,8
115,18,moe,734,35,16659,6506,6506,9665,344,0,144,0,748,8,2,6,8
115,19,moe,661,34,9234,4946,4946,3902,252,0,134,0,619,8,3,5,8
115,20,moe,731,37,7654,4337,4337,3060,199,0,58,0,619,8,4,4,8
115,21,moe,805,38,10316,5325,5325,4567,287,0,137,0,745,8,3,5,8
115,22,moe,801,35,5654,2190,2190,3148,197,1,118,0,622,8,4,4,8
115,23,moe,674,35,13689,5116,5116,8167,286,1,119,0,734,8,3,5,8
115,24,moe,792,34,16892,6860,6860,9633,338,0,61,0,732,8,2,6,8
115,25,moe,799,38,10016,4283,4283,5327,343,0,63,0,742,8,2,6,8
115,26,moe,651,33,16201,5222,5223,10508,393,0,77,0,736,8,1,7,8
115,-1,epi,0,0,0,0,0,0,0,0,5765,0,0,0,0,0,0
116,-2,pre,294,0,0,0,0,0,0,0,0,0,0,0,0,0,0
116,0,dense,1460,38,0,0,0,0,0,0,0,0,0,0,0,0,0
116,1,moe,825,36,11816,5081,5082,6458,227,0,49,0,738,8,4,4,8
116,2,moe,741,37,4959,1610,1610,3206,114,0,29,0,735,8,6,2,8
116,3,moe,668,37,5621,2751,2752,2658,173,0,38,0,741,8,5,3,8
116,4,moe,735,34,7113,2622,2622,4228,146,0,117,0,612,8,5,3,8
116,5,moe,799,33,6147,1817,1817,4141,147,0,42,0,608,8,5,3,8
116,6,moe,725,34,6191,2589,2589,3390,114,0,98,0,733,8,6,2,8
116,7,moe,662,32,9211,3254,3255,5640,195,1,120,0,611,8,4,4,8
116,8,moe,731,33,4345,2674,2674,1535,103,0,33,0,621,8,6,2,8
116,9,moe,818,36,9068,3808,3808,4987,170,0,103,0,729,8,5,3,8
116,10,moe,726,33,9516,3585,3586,5612,197,0,121,0,599,8,4,4,8
116,11,moe,654,37,5075,2187,2187,2761,98,0,29,0,615,8,6,2,8
116,12,moe,731,38,2196,312,312,1746,57,0,81,0,727,8,7,1,8
116,13,moe,804,37,4146,2359,2359,1595,102,1,89,0,625,8,6,2,8
116,14,moe,747,35,6897,3573,3573,3073,200,0,51,0,628,8,4,4,8
116,15,moe,666,34,5835,2777,2777,2777,175,0,106,0,738,8,5,3,8
116,16,moe,746,33,2357,562,562,1601,101,0,93,0,647,8,6,2,8
116,17,moe,801,33,7091,3801,3801,3043,203,0,44,0,622,8,4,4,8
116,18,moe,728,32,10890,4016,4016,6541,226,0,107,0,740,8,4,4,8
116,19,moe,663,36,8852,2943,2943,5594,198,0,117,0,606,8,4,4,8
116,20,moe,722,34,4254,1774,1774,2293,149,0,38,0,626,8,5,3,8
116,21,moe,818,37,8065,4037,4037,3688,231,0,109,0,735,8,4,4,8
116,22,moe,807,35,6446,3012,3012,3122,199,0,113,0,617,8,4,4,8
116,23,moe,655,35,8124,2923,2923,4944,171,0,86,0,730,8,5,3,8
116,24,moe,800,32,11166,2780,2780,8050,282,0,54,0,733,8,3,5,8
116,25,moe,856,39,12867,8068,8068,4453,287,0,59,0,743,8,3,5,8
116,26,moe,654,35,10476,4704,4704,5355,348,0,69,0,737,8,2,6,8
116,-1,epi,0,0,0,0,0,0,0,0,5796,0,0,0,0,0,0
117,-2,pre,201,0,0,0,0,0,0,0,0,0,0,0,0,0,0
117,0,dense,1455,38,0,0,0,0,0,0,0,0,0,0,0,0,0
117,1,moe,824,36,11152,6338,6338,4461,288,0,65,0,747,8,3,5,8
117,2,moe,752,33,11487,4771,4771,6441,225,0,50,0,736,8,4,4,8
117,3,moe,659,32,10836,6055,6055,4437,288,0,56,0,753,8,3,5,8
117,4,moe,742,34,11233,3828,3828,7009,244,0,152,0,610,8,3,5,8
117,5,moe,797,33,5308,2423,2423,2757,99,0,29,0,603,8,6,2,8
117,6,moe,737,32,6067,2487,2487,3371,112,0,97,0,736,8,6,2,8
117,7,moe,648,34,5221,2181,2181,2850,99,0,91,0,617,8,6,2,8
117,8,moe,728,33,5146,2232,2232,2788,98,0,28,0,616,8,6,2,8
117,9,moe,798,33,13204,4590,4591,8201,284,0,128,0,729,8,3,5,8
117,10,moe,727,45,7738,3252,3253,4235,145,0,105,0,609,8,5,3,8
117,11,moe,653,27,11880,4679,4681,6903,244,1,51,0,606,8,3,5,8
117,12,moe,735,29,8947,3706,3706,4964,172,0,105,0,727,8,5,3,8
117,13,moe,793,28,10398,4433,4433,5639,210,0,116,0,646,8,4,4,8
117,14,moe,728,31,7966,3551,3551,4208,163,0,44,0,626,8,5,3,8
117,15,moe,661,31,10237,3258,3258,6623,223,0,133,0,741,8,4,4,8
117,16,moe,731,33,12255,4923,4923,6948,245,0,139,0,617,8,3,5,8
117,17,moe,804,32,5166,2267,2267,2770,99,0,30,0,613,8,6,2,8
117,18,moe,727,31,15605,5475,5476,9660,336,0,133,0,734,8,2,6,8
117,19,moe,661,31,7076,2623,2623,4197,147,0,109,0,611,8,5,3,8
117,20,moe,728,30,5052,2169,2169,2756,98,0,29,0,608,8,6,2,8
117,21,moe,7445,36,5864,2286,2286,3368,114,0,96,0,731,8,6,2,8
117,22,moe,813,31,7313,2862,2862,4198,147,0,106,0,609,8,5,3,8
117,23,moe,655,28,9087,3798,3798,5029,172,0,88,0,725,8,5,3,8
117,24,moe,793,29,14448,6058,6058,8053,282,0,55,0,735,8,3,5,8
117,25,moe,802,34,6844,3949,3949,2672,173,0,50,0,730,8,5,3,8
117,26,moe,661,29,10954,6159,6159,4451,286,0,58,0,740,8,3,5,8
117,-1,epi,0,0,0,0,0,0,0,0,5776,0,0,0,0,0,0
118,-2,pre,230,0,0,0,0,0,0,0,0,0,0,0,0,0,0
118,0,dense,1455,33,0,0,0,0,0,0,0,0,0,0,0,0,0
118,1,moe,823,29,16848,6717,6717,9717,348,0,66,0,732,8,2,6,8
118,2,moe,727,32,10772,4064,4064,6434,224,0,50,0,730,8,4,4,8
118,3,moe,651,28,9173,4379,4379,4442,289,0,63,0,743,8,3,5,8
118,4,moe,739,30,7467,2944,2944,4254,148,0,121,0,611,8,5,3,8
118,5,moe,796,30,9305,5173,5173,3827,246,0,59,0,616,8,3,5,8
118,6,moe,724,29,10827,3932,3932,6575,228,0,92,0,733,8,4,4,8
118,7,moe,667,29,13924,5081,5082,8404,291,0,147,0,612,8,2,6,8
118,8,moe,718,31,7731,3402,3402,4137,150,0,42,0,608,8,5,3,8
118,9,moe,805,31,9321,2376,2376,6599,226,0,120,0,728,8,4,4,8
118,10,moe,738,30,7973,3456,3456,4261,148,0,108,0,607,8,5,3,8
118,11,moe,654,28,6805,2483,2483,4134,153,0,35,0,600,8,5,3,8
118,12,moe,726,31,6099,2513,2513,3382,111,0,93,0,728,8,6,2,8
118,13,moe,791,34,2052,1113,1113,826,51,0,62,0,623,8,7,1,8
118,14,moe,738,31,5517,2215,2215,3050,199,0,53,0,643,8,4,4,8
118,15,moe,657,34,14031,5426,5426,8206,279,0,120,0,730,8,3,5,8
118,16,moe,722,30,17720,7482,7482,9761,341,0,136,0,606,8,1,7,8
118,17,moe,791,30,10976,6042,6042,4574,296,0,64,0,613,8,2,6,8
118,18,moe,740,30,7485,3469,3469,3668,233,0,115,0,741,8,4,4,8
118,19,moe,658,29,10352,4416,4416,5626,194,0,116,0,611,8,4,4,8
118,20,moe,719,30,7020,2693,2693,4137,148,0,42,0,607,8,5,3,8
118,21,moe,794,30,6179,2598,2598,3376,114,0,91,0,725,8,6,2,8
118,22,moe,797,30,7020,2491,2491,4273,147,0,109,0,612,8,5,3,8
118,23,moe,655,31,12830,4226,4226,8208,281,0,115,0,728,8,3,5,8
118,24,moe,802,30,8810,3749,3750,4849,172,0,39,0,727,8,5,3,8
118,25,moe,804,32,8065,3031,3031,4820,170,0,44,0,727,8,5,3,8
118,26,moe,650,35,7867,2807,2808,4849,171,0,39,0,724,8,5,3,8
118,-1,epi,0,0,0,0,0,0,0,0,5746,0,0,0,0,0,0
119,-2,pre,209,0,0,0,0,0,0,0,0,0,0,0,0,0,0
119,0,dense,1461,34,0,0,0,0,0,0,0,0,0,0,0,0,0
119,1,moe,812,32,9990,3248,3248,6463,227,0,52,0,741,8,4,4,8
119,2,moe,726,31,10076,5272,5272,4458,283,0,63,0,740,8,3,5,8
119,3,moe,659,29,7168,3346,3346,3541,227,0,54,0,742,8,4,4,8
119,4,moe,736,34,5334,2292,2292,2833,98,0,111,0,617,8,6,2,8
119,5,moe,788,32,6158,1824,1824,4146,146,0,42,0,613,8,5,3,8
119,6,moe,735,32,3110,1245,1245,1721,58,0,86,0,726,8,7,1,8
119,7,moe,654,28,5292,833,833,4210,145,0,104,0,608,8,5,3,8
119,8,moe,738,34,5402,2507,2507,2761,101,0,33,0,612,8,6,2,8
119,9,moe,807,30,7977,2687,2687,4990,193,0,107,0,738,8,5,3,8
119,10,moe,728,33,16712,6274,6275,9899,368,0,170,0,614,8,1,7,8
119,11,moe,674,33,10871,5904,5904,4589,297,0,81,0,641,8,2,6,8
119,12,moe,739,34,7946,2669,2669,4985,171,0,121,0,733,8,5,3,8
119,13,moe,819,37,6313,1868,1868,4188,150,0,107,0,614,8,5,3,8
119,14,moe,739,35,8760,3001,3001,5514,196,0,49,0,611,8,4,4,8
119,15,moe,658,28,11088,4158,4158,6591,227,0,112,0,736,8,4,4,8
119,16,moe,722,29,1883,287,287,1470,49,0,77,0,608,8,7,1,8
119,17,moe,792,30,5181,2287,2287,2760,101,0,33,0,615,8,6,2,8
119,18,moe,732,31,5802,2770,2770,2777,178,0,77,0,733,8,5,3,8
119,19,moe,659,29,5406,2787,2787,2361,150,0,108,0,625,8,5,3,8
119,20,moe,734,31,9666,2472,2472,6888,244,0,62,0,610,8,3,5,8
119,21,moe,797,35,4425,830,830,3386,113,0,96,0,735,8,6,2,8
119,22,moe,810,255,8393,5336,5336,2860,99,0,98,0,613,8,6,2,8
119,23,moe,655,35,3359,1488,1488,1742,58,0,71,0,730,8,7,1,8
119,24,moe,799,33,6478,1424,1424,4841,174,0,39,0,732,8,5,3,8
119,25,moe,803,33,9093,2366,2366,6445,231,0,51,0,729,8,4,4,8
119,26,moe,665,33,7910,2862,2862,4837,174,0,37,0,726,8,5,3,8
119,-1,epi,0,0,0,0,0,0,0,0,5759,0,0,0,0,0,0
120,-2,pre,235,0,0,0,0,0,0,0,0,0,0,0,0,0,0
120,0,dense,1465,38,0,0,0,0,0,0,0,0,0,0,0,0,0
120,1,moe,826,34,3693,1760,1760,1781,118,0,34,0,757,8,6,2,8
120,2,moe,753,38,11129,4417,4417,6439,226,0,47,0,743,8,4,4,8
120,3,moe,660,33,10065,5274,5274,4447,291,0,53,0,744,8,3,5,8
120,4,moe,738,35,4798,1692,1692,2888,102,0,116,0,616,8,6,2,8
120,5,moe,811,32,9526,3768,3769,5513,195,0,49,0,611,8,4,4,8
120,6,moe,743,41,10884,3948,3948,6589,228,0,119,0,732,8,4,4,8
120,7,moe,655,38,4116,2313,2313,1605,101,0,97,0,619,8,6,2,8
120,8,moe,734,35,7584,4291,4291,3046,199,0,48,0,623,8,4,4,8
120,9,moe,811,34,9,0,0,0,0,0,9,0,753,8,8,0,8
120,10,moe,739,35,3120,1452,1452,1532,103,0,33,0,627,8,6,2,8
120,11,moe,657,33,6774,2450,2450,4138,146,0,40,0,617,8,5,3,8
120,12,moe,725,33,3325,1413,1413,1768,57,0,87,0,731,8,7,1,8
120,13,moe,794,33,7999,2084,2084,5601,195,0,119,0,609,8,4,4,8
120,14,moe,730,39,1114,280,280,763,51,0,20,0,617,8,7,1,8
120,15,moe,671,33,10328,3448,3449,6547,223,0,109,0,732,8,4,4,8
120,16,moe,722,33,10042,2638,2638,7035,247,0,122,0,617,8,3,5,8
120,17,moe,817,36,6021,1705,1705,4129,148,0,39,0,611,8,5,3,8
120,18,moe,745,35,18551,6547,6548,11472,393,0,138,0,729,8,1,7,8
120,19,moe,663,31,8928,2964,2965,5645,204,0,114,0,600,8,4,4,8
120,20,moe,735,35,6220,1893,1893,4139,146,0,42,0,608,8,5,3,8
120,21,moe,799,35,2915,818,818,1886,117,0,94,0,731,8,6,2,8
120,22,moe,832,37,13209,4422,4422,8356,295,0,136,0,610,8,2,6,8
120,23,moe,657,32,8092,4106,4106,3652,232,1,101,0,730,8,4,4,8
120,24,moe,805,36,6550,2682,2682,3592,230,0,46,0,735,8,4,4,8
120,25,moe,796,35,9967,3259,3259,6436,225,0,47,0,737,8,4,4,8
120,26,moe,661,35,6466,1400,1401,4849,173,0,43,0,739,8,5,3,8
120,-1,epi,0,0,0,0,0,0,0,0,5782,0,0,0,0,0,0
121,-2,pre,211,0,0,0,0,0,0,0,0,0,0,0,0,0,0
121,0,dense,1453,38,0,0,0,0,0,0,0,0,0,0,0,0,0
121,1,moe,827,36,15605,5527,5528,9674,339,1,63,0,737,8,2,6,8
121,2,moe,729,34,12032,3630,3630,8055,288,0,59,0,741,8,3,5,8
121,3,moe,663,32,19590,7676,7676,11364,455,0,95,0,735,8,0,8,8
121,4,moe,742,37,5567,2105,2105,3125,203,0,134,0,615,8,4,4,8
121,5,moe,801,36,3045,1387,1387,1528,101,0,29,0,621,8,6,2,8
121,6,moe,740,35,6678,3627,3627,2769,171,1,110,0,740,8,5,3,8
121,7,moe,656,33,8865,2954,2954,5594,194,0,123,0,610,8,4,4,8
121,8,moe,734,32,9369,3588,3590,5523,203,0,53,0,615,8,4,4,8
121,9,moe,805,35,8013,2761,2761,4981,167,0,104,0,728,8,5,3,8
121,10,moe,726,33,7381,3132,3132,3867,245,0,137,0,611,8,3,5,8
121,11,moe,653,34,9926,4046,4047,5436,368,0,75,0,679,8,1,7,8
121,12,moe,723,36,12915,4289,4289,8197,284,1,144,0,743,8,3,5,8
121,13,moe,817,41,7002,2500,2500,4258,150,0,94,0,610,8,5,3,8
121,14,moe,748,38,11150,3935,3936,6899,250,0,65,0,618,8,3,5,8
121,15,moe,658,35,14831,4679,4679,9671,337,0,144,0,728,8,2,6,8
121,16,moe,739,36,9080,3144,3144,5439,345,0,152,0,616,8,1,7,8
121,17,moe,818,44,8718,2946,2947,5528,193,0,50,0,614,8,4,4,8
121,18,moe,733,35,12066,3457,3457,8201,282,0,126,0,726,8,3,5,8
121,19,moe,665,33,9710,4642,4642,4641,299,0,128,0,619,8,2,6,8
121,20,moe,738,36,8017,3074,3074,4576,301,0,66,0,626,8,2,6,8
121,21,moe,807,39,12109,3463,3464,8227,287,1,130,0,732,8,3,5,8
121,22,moe,791,35,14197,3932,3932,9782,340,0,143,0,610,8,1,7,8
121,23,moe,664,36,16467,6125,6125,9874,345,0,123,0,719,8,2,6,8
121,24,moe,815,38,11814,5112,5112,6227,400,0,75,0,728,8,1,7,8
121,25,moe,807,37,10894,4191,4193,6219,401,0,81,0,739,8,1,7,8
121,26,moe,669,33,5066,1229,1229,3559,230,0,48,0,740,8,4,4,8
121,-1,epi,0,0,0,0,0,0,0,0,5803,0,0,0,0,0,0
122,-2,pre,44,0,0,0,0,0,0,0,0,0,0,0,0,0,0
122,0,dense,1452,39,0,0,0,0,0,0,0,0,0,0,0,0,0
122,1,moe,821,35,11393,3010,3011,8046,281,0,55,0,739,8,3,5,8
122,2,moe,744,35,4956,1594,1594,3209,119,0,34,0,730,8,6,2,8
122,3,moe,671,36,13590,5194,5194,8050,289,0,57,0,736,8,3,5,8
122,4,moe,730,35,12291,4919,4919,6994,243,0,135,0,608,8,3,5,8
122,5,moe,809,39,4449,1561,1561,2758,99,0,31,0,605,8,6,2,8
122,6,moe,736,38,2240,335,336,1760,58,0,86,0,732,8,7,1,8
122,7,moe,673,36,7674,3212,3212,4214,147,0,101,0,604,8,5,3,8
122,8,moe,730,35,1991,1157,1157,761,52,0,21,0,616,8,7,1,8
122,9,moe,802,35,3774,1669,1669,1888,117,0,100,0,730,8,6,2,8
122,10,moe,752,35,7086,2546,2546,4278,156,0,106,0,611,8,5,3,8
122,11,moe,660,32,6009,2702,2702,3063,199,0,45,0,623,8,4,4,8
122,12,moe,736,36,9,0,0,0,0,0,9,0,738,8,8,0,8
122,13,moe,812,34,2715,1256,1256,1385,53,0,21,0,620,8,7,1,8
122,14,moe,751,44,6007,1674,1675,4143,150,0,39,0,606,8,5,3,8
122,15,moe,678,34,4202,620,620,3368,113,0,101,0,734,8,6,2,8
122,16,moe,748,34,2169,1193,1193,841,50,0,85,0,614,8,7,1,8
122,17,moe,818,36,6168,2870,2870,3041,201,0,56,0,625,8,4,4,8
122,18,moe,735,35,4185,638,638,3333,114,0,100,0,732,8,6,2,8
122,19,moe,667,199,9632,5178,5178,4205,146,0,103,0,619,8,5,3,8
122,20,moe,732,34,7234,3918,3918,3059,200,0,57,0,612,8,4,4,8
122,21,moe,806,35,9439,2513,2513,6573,231,0,122,0,735,8,4,4,8
122,22,moe,804,35,13147,4332,4333,8377,299,0,138,0,609,8,2,6,8
122,23,moe,661,38,5146,1645,1645,3300,113,0,88,0,726,8,6,2,8
122,24,moe,789,35,13772,3871,3871,9490,340,0,71,0,729,8,2,6,8
122,25,moe,800,42,13922,5528,5528,8049,278,0,67,0,727,8,3,5,8
122,26,moe,654,34,9900,3188,3189,6433,224,0,54,0,733,8,4,4,8
122,-1,epi,0,0,0,0,0,0,0,0,5740,0,0,0,0,0,0
123,-2,pre,195,0,0,0,0,0,0,0,0,0,0,0,0,0,0
123,0,dense,1450,41,0,0,0,0,0,0,0,0,0,0,0,0,0
123,1,moe,821,38,4580,2651,2651,1776,116,0,37,0,744,8,6,2,8
123,2,moe,749,35,12696,4300,4300,8053,282,0,61,0,734,8,3,5,8
123,3,moe,666,42,6944,3094,3095,3572,230,0,47,0,738,8,4,4,8
123,4,moe,746,35,5209,2558,2558,2381,151,0,119,0,639,8,5,3,8
123,5,moe,812,43,5016,2511,2511,2315,151,0,39,0,619,8,5,3,8
123,6,moe,743,34,5100,1520,1520,3371,112,0,97,0,729,8,6,2,8
123,7,moe,658,28,10506,4594,4594,5594,197,0,121,0,621,8,4,4,8
123,8,moe,732,30,2727,1276,1276,1381,49,0,21,0,608,8,7,1,8
123,9,moe,798,31,10,0,1,0,0,0,9,0,727,8,8,0,8
123,10,moe,736,30,3432,534,534,2771,98,0,29,0,620,8,6,2,8
123,11,moe,667,29,13187,5805,5806,7046,274,0,61,0,678,8,3,5,8
123,12,moe,720,43,5872,2728,2729,2826,190,0,127,0,761,8,5,3,8
123,13,moe,823,36,7813,3328,3328,4212,149,0,124,0,626,8,5,3,8
123,14,moe,734,34,2591,1139,1139,1379,49,0,24,0,618,8,7,1,8
123,15,moe,660,31,6023,2397,2397,3400,114,0,112,0,731,8,6,2,8
123,16,moe,726,32,4518,1439,1439,2875,102,0,102,0,614,8,6,2,8
123,17,moe,805,31,8472,2704,2704,5527,193,0,48,0,615,8,4,4,8
123,18,moe,729,31,5920,2387,2387,3323,112,0,98,0,732,8,6,2,8
123,19,moe,659,28,4633,1598,1598,2837,101,0,97,0,620,8,6,2,8
123,20,moe,746,32,4187,1692,1692,2299,151,0,45,0,635,8,5,3,8
123,21,moe,812,32,1418,315,315,986,61,0,56,0,736,8,7,1,8
123,22,moe,813,30,5390,2306,2306,2879,101,0,104,0,613,8,6,2,8
123,23,moe,659,29,8074,2792,2793,5012,169,0,100,0,736,8,5,3,8
123,24,moe,800,31,4910,2035,2035,2652,177,0,46,0,738,8,5,3,8
123,25,moe,803,31,7811,3983,3983,3546,235,1,46,0,738,8,4,4,8
123,26,moe,661,30,11366,2963,2964,8057,286,0,59,0,735,8,3,5,8
123,-1,epi,0,0,0,0,0,0,0,0,5803,0,0,0,0,0,0
124,-2,pre,48,0,0,0,0,0,0,0,0,0,0,0,0,0,0
124,0,dense,1456,32,0,0,0,0,0,0,0,0,0,0,0,0,0
124,1,moe,827,35,5006,2099,2099,2688,174,0,45,0,752,8,5,3,8
124,2,moe,756,31,12191,3795,3795,8054,280,0,62,0,740,8,3,5,8
124,3,moe,657,30,10322,5528,5528,4443,295,0,56,0,737,8,3,5,8
124,4,moe,738,31,5329,2219,2219,2897,99,0,114,0,611,8,6,2,8
124,5,moe,799,34,6229,1891,1891,4148,146,0,44,0,613,8,5,3,8
124,6,moe,724,29,5946,2395,2395,3342,112,0,97,0,730,8,6,2,8
124,7,moe,659,29,4519,1473,1473,2858,98,0,90,0,625,8,6,2,8
124,8,moe,728,29,7110,2775,2776,4146,146,0,42,0,614,8,5,3,8
124,9,moe,797,31,8892,3664,3664,4957,168,0,103,0,732,8,5,3,8
124,10,moe,728,30,6174,1705,1705,4213,144,0,112,0,613,8,5,3,8
124,11,moe,662,30,7808,2056,2056,5509,196,0,47,0,613,8,4,4,8
124,12,moe,728,30,7231,2004,2005,4948,170,0,108,0,730,8,5,3,8
124,13,moe,794,35,7953,3466,3466,4234,146,0,107,0,611,8,5,3,8
124,14,moe,730,39,6760,2440,2440,4135,146,0,39,0,611,8,5,3,8
124,15,moe,647,28,8770,3511,3511,4983,169,0,107,0,727,8,5,3,8
124,16,moe,724,28,8966,3025,3025,5620,198,0,123,0,624,8,4,4,8
124,17,moe,807,32,9373,3599,3599,5527,195,0,52,0,609,8,4,4,8
124,18,moe,725,30,13158,4476,4476,8269,282,0,131,0,723,8,3,5,8
124,19,moe,650,31,7461,4029,4029,3138,203,0,91,0,611,8,4,4,8
124,20,moe,735,31,7075,3765,3765,3049,214,0,47,0,613,8,4,4,8
124,21,moe,808,33,5168,1599,1599,3355,113,0,101,0,724,8,6,2,8
124,22,moe,792,29,5260,2197,2197,2864,103,0,96,0,610,8,6,2,8
124,23,moe,650,30,13852,5247,5247,8191,288,0,126,0,732,8,3,5,8
124,24,moe,798,31,10346,3618,3618,6448,235,0,45,0,731,8,4,4,8
124,25,moe,802,30,8593,3545,3545,4835,171,0,42,0,734,8,5,3,8
124,26,moe,671,32,13149,4751,4751,8053,287,0,58,0,725,8,3,5,8
124,-1,epi,0,0,0,0,0,0,0,0,5753,0,0,0,0,0,0
125,-2,pre,211,0,0,0,0,0,0,0,0,0,0,0,0,0,0
125,0,dense,1455,33,0,0,0,0,0,0,0,0,0,0,0,0,0
125,1,moe,835,34,10858,4128,4128,6452,226,0,52,0,740,8,4,4,8
125,2,moe,783,35,14644,6252,6253,8051,284,0,56,0,728,8,3,5,8
125,3,moe,654,29,3924,1987,1987,1780,123,0,34,0,737,8,6,2,8
125,4,moe,736,34,9835,3849,3849,5646,198,0,142,0,607,8,4,4,8
125,5,moe,795,34,6759,2426,2426,4136,153,0,44,0,610,8,5,3,8
125,6,moe,728,31,3179,1280,1280,1741,57,0,101,0,724,8,7,1,8
125,7,moe,659,33,7155,2647,2647,4247,149,0,112,0,616,8,5,3,8
125,8,moe,726,29,10118,4343,4343,5525,197,0,53,0,613,8,4,4,8
125,9,moe,791,30,5246,1619,1619,3408,117,0,102,0,724,8,6,2,8
125,10,moe,722,29,7884,3393,3393,4233,147,0,111,0,603,8,5,3,8
125,11,moe,649,27,6849,2511,2511,4148,150,0,40,0,606,8,5,3,8
125,12,moe,728,29,5078,1523,1523,3345,111,1,98,0,723,8,6,2,8
125,13,moe,790,30,6961,2478,2479,4228,148,0,106,0,606,8,5,3,8
125,14,moe,724,29,8508,2743,2743,5522,196,0,47,0,615,8,4,4,8
125,15,moe,651,28,3680,1598,1598,1892,118,0,72,0,745,8,6,2,8
125,16,moe,732,32,6336,1755,1755,4286,162,0,133,0,678,8,5,3,8
125,17,moe,824,44,10342,4503,4503,5570,211,0,58,0,625,8,4,4,8
125,18,moe,753,38,13242,4639,4639,8181,281,0,141,0,727,8,3,5,8
125,19,moe,656,33,3207,1447,1447,1576,107,0,77,0,622,8,6,2,8
125,20,moe,738,37,6848,1094,1094,5510,197,0,47,0,611,8,4,4,8
125,21,moe,805,36,8083,2845,2845,4962,169,0,107,0,729,8,5,3,8
125,22,moe,804,34,5679,3086,3087,2355,153,0,84,0,615,8,5,3,8
125,23,moe,668,34,4902,1831,1831,2791,175,0,105,0,737,8,5,3,8
125,24,moe,810,34,10004,3272,3273,6456,223,0,52,0,734,8,4,4,8
125,25,moe,801,35,9093,2362,2362,6456,226,0,49,0,734,8,4,4,8
125,26,moe,658,33,4002,639,639,3219,112,0,32,0,728,8,6,2,8
125,-1,epi,0,0,0,0,0,0,0,0,5785,0,0,0,0,0,0
126,-2,pre,211,0,0,0,0,0,0,0,0,0,0,0,0,0,0
126,0,dense,1451,41,0,0,0,0,0,0,0,0,0,0,0,0,0
126,1,moe,829,57,16160,6017,6017,9738,338,0,67,0,731,8,2,6,8
126,2,moe,733,36,5962,2590,2591,3226,112,1,32,0,728,8,6,2,8
126,3,moe,666,34,12661,4265,4265,8054,289,0,53,0,731,8,3,5,8
126,4,moe,733,33,10726,4741,4741,5655,199,0,131,0,604,8,4,4,8
126,5,moe,792,34,8641,2843,2843,5553,195,0,50,0,608,8,4,4,8
126,6,moe,721,34,3041,1161,1161,1733,57,0,90,0,735,8,7,1,8
126,7,moe,654,31,8094,2156,2156,5620,198,0,120,0,610,8,4,4,8
126,8,moe,722,35,5108,2629,2629,2286,150,0,43,0,611,8,5,3,8
126,9,moe,794,36,11,0,0,0,0,0,11,0,729,8,8,0,8
126,10,moe,723,33,5125,2228,2228,2763,100,0,34,0,610,8,6,2,8
126,11,moe,666,36,9422,3652,3653,5526,194,1,48,0,606,8,4,4,8
126,12,moe,738,34,5121,1554,1554,3386,113,0,68,0,727,8,6,2,8
126,13,moe,791,36,2158,1182,1182,829,51,0,96,0,607,8,7,1,8
126,14,moe,733,35,7794,3472,3473,4137,146,0,38,0,615,8,5,3,8
126,15,moe,663,33,13993,5353,5354,8224,290,0,125,0,726,8,3,5,8
126,16,moe,736,34,10323,4350,4350,5652,196,0,125,0,606,8,4,4,8
126,17,moe,791,36,10222,4427,4427,5547,197,0,51,0,604,8,4,4,8
126,18,moe,719,35,13188,4504,4504,8273,286,1,124,0,747,8,3,5,8
126,19,moe,681,35,8634,5167,5167,3109,207,0,151,0,621,8,4,4,8
126,20,moe,725,37,7191,3880,3880,3056,201,0,54,0,620,8,4,4,8
126,21,moe,796,36,11794,4890,4890,6552,225,0,127,0,726,8,4,4,8
126,22,moe,792,36,6021,3391,3391,2362,152,0,116,0,613,8,5,3,8
126,23,moe,661,33,12757,5876,5876,6539,226,0,116,0,731,8,4,4,8
126,24,moe,792,38,13148,4723,4723,8076,288,0,61,0,732,8,3,5,8
126,25,moe,804,41,13249,4786,4787,8118,286,0,58,0,729,8,3,5,8
126,26,moe,674,34,12146,6374,6375,5351,353,0,67,0,734,8,2,6,8
126,-1,epi,0,0,0,0,0,0,0,0,5732,0,0,0,0,0,0
127,-2,pre,72,0,0,0,0,0,0,0,0,0,0,0,0,0,0
127,0,dense,1451,39,0,0,0,0,0,0,0,0,0,0,0,0,0
127,1,moe,819,38,16574,6483,6483,9677,343,0,71,0,759,8,2,6,8
127,2,moe,730,51,16926,6801,6801,9711,344,0,70,0,732,8,2,6,8
127,3,moe,660,35,9208,2474,2474,6445,232,0,57,0,744,8,4,4,8
127,4,moe,728,35,9876,5631,5631,3894,252,0,99,0,611,8,3,5,8
127,5,moe,788,36,2288,605,605,1545,107,0,31,0,613,8,6,2,8
127,6,moe,728,34,2488,1367,1367,1004,59,0,58,0,735,8,7,1,8
127,7,moe,674,32,5275,2224,2224,2843,100,0,108,0,601,8,6,2,8
127,8,moe,729,35,9303,3520,3520,5529,200,0,54,0,643,8,4,4,8
127,9,moe,807,37,3170,1292,1292,1730,57,0,91,0,731,8,7,1,8
127,10,moe,735,35,6972,2463,2463,4247,149,0,113,0,610,8,5,3,8
127,11,moe,657,35,3450,563,563,2753,101,0,33,0,607,8,6,2,8
127,12,moe,733,34,3675,1590,1590,1874,118,1,92,0,733,8,6,2,8
127,13,moe,812,35,3284,1459,1459,1623,102,0,100,0,615,8,6,2,8
127,14,moe,727,33,10258,3051,3051,6900,243,0,64,0,614,8,3,5,8
127,15,moe,664,33,7118,1873,1873,4972,170,0,103,0,731,8,5,3,8
127,16,moe,727,34,6472,1875,1876,4303,163,0,130,0,678,8,5,3,8
127,17,moe,792,46,6170,1737,1738,4217,164,0,51,0,654,8,5,3,8
127,18,moe,757,40,8558,3599,3599,4555,297,1,106,0,752,8,3,5,8
127,19,moe,667,35,8786,2850,2850,5601,195,0,140,0,612,8,4,4,8
127,20,moe,731,36,9388,3616,3616,5523,197,0,52,0,607,8,4,4,8
127,21,moe,791,38,11563,2962,2963,8178,285,0,137,0,733,8,3,5,8
127,22,moe,800,36,7009,4402,4402,2368,153,0,86,0,609,8,5,3,8
127,23,moe,660,32,7872,4823,4823,2769,171,0,109,0,733,8,5,3,8
127,24,moe,794,37,15771,5720,5721,9632,347,0,71,0,721,8,2,6,8
127,25,moe,791,38,10012,5222,5222,4446,285,0,59,0,730,8,3,5,8
127,26,moe,659,33,13079,7334,7336,5331,345,0,67,0,737,8,2,6,8
127,-1,epi,0,0,0,0,0,0,0,0,5779,0,0,0,0,0,0
128,-2,pre,168,0,0,0,0,0,0,0,0,0,0,0,0,0,0
128,0,dense,1454,41,0,0,0,0,0,0,0,0,0,0,0,0,0
128,1,moe,816,34,12713,4303,4304,8069,282,0,58,0,732,8,3,5,8
128,2,moe,723,34,7970,2909,2912,4843,171,0,44,0,731,8,5,3,8
128,3,moe,663,33,3698,1778,1778,1772,118,0,30,0,736,8,6,2,8
128,4,moe,727,35,5985,3316,3316,2390,152,0,127,0,615,8,5,3,8
128,5,moe,818,35,2600,1141,1141,1387,51,0,21,0,620,8,7,1,8
128,6,moe,724,35,3691,1573,1573,1899,116,0,103,0,767,8,6,2,8
128,7,moe,663,32,4400,1349,1349,2856,99,0,96,0,619,8,6,2,8
128,8,moe,731,33,5015,2120,2121,2764,98,0,32,0,612,8,6,2,8
128,9,moe,798,34,8885,3643,3643,4963,170,0,109,0,728,8,5,3,8
128,10,moe,724,33,2781,1165,1165,1485,49,0,82,0,618,8,7,1,8
128,11,moe,659,32,8443,2683,2683,5511,196,0,53,0,613,8,4,4,8
128,12,moe,729,33,3691,1612,1612,1861,120,0,98,0,727,8,6,2,8
128,13,moe,803,34,4430,1387,1388,2835,100,0,107,0,621,8,6,2,8
128,14,moe,747,38,10123,6808,6808,3059,201,0,55,0,611,8,4,4,8
128,15,moe,659,33,11036,4090,4090,6594,233,0,119,0,733,8,4,4,8
128,16,moe,728,35,8782,2841,2841,5630,197,0,114,0,608,8,4,4,8
128,17,moe,790,35,8363,4253,4254,3805,246,0,58,0,618,8,3,5,8
128,18,moe,740,35,5142,1604,1604,3323,114,0,101,0,733,8,6,2,8
128,19,moe,676,34,4498,1881,1882,2362,150,0,104,0,623,8,5,3,8
128,20,moe,731,34,4298,1381,1381,2781,101,0,35,0,619,8,6,2,8
128,21,moe,792,36,2216,337,337,1721,61,0,97,0,738,8,7,1,8
128,22,moe,6122,34,5691,2662,2662,2828,99,0,102,0,607,8,6,2,8
128,23,moe,660,34,4896,1849,1849,2769,175,0,103,0,739,8,5,3,8
128,24,moe,801,35,3422,1481,1481,1788,115,0,38,0,741,8,6,2,8
128,25,moe,800,37,11960,3552,3552,8052,282,0,74,0,732,8,3,5,8
128,26,moe,661,33,5801,2434,2434,3223,113,0,31,0,726,8,6,2,8
128,-1,epi,0,0,0,0,0,0,0,0,5784,0,0,0,0,0,0
129,-2,pre,265,0,0,0,0,0,0,0,0,0,0,0,0,0,0
129,0,dense,1461,31,0,0,0,0,0,0,0,0,0,0,0,0,0
129,1,moe,813,30,5953,922,922,4821,169,0,41,0,741,8,5,3,8
129,2,moe,737,29,14243,4166,4166,9667,337,0,73,0,738,8,2,6,8
129,3,moe,661,33,7701,2646,2646,4844,173,0,38,0,730,8,5,3,8
129,4,moe,736,33,5677,2988,2988,2364,149,0,176,0,614,8,5,3,8
129,5,moe,800,63,3043,1383,1383,1526,101,0,33,0,621,8,6,2,8
129,6,moe,749,34,2375,1229,1229,996,59,0,91,0,738,8,7,1,8
129,7,moe,659,29,5918,2479,2479,3113,201,0,125,0,630,8,4,4,8
129,8,moe,731,32,3882,2184,2184,1556,103,0,39,0,629,8,6,2,8
129,9,moe,805,33,11008,4050,4050,6605,225,0,128,0,737,8,4,4,8
129,10,moe,728,31,8003,2091,2092,5580,201,0,130,0,611,8,4,4,8
129,11,moe,661,29,6870,2535,2535,4129,151,0,55,0,613,8,5,3,8
129,12,moe,727,30,8134,2914,2915,4934,171,0,114,0,735,8,5,3,8
129,13,moe,794,31,10277,4347,4348,5598,200,0,131,0,612,8,4,4,8
129,14,moe,730,32,4316,1428,1428,2757,98,0,33,0,612,8,6,2,8
129,15,moe,657,28,9361,4369,4369,4576,288,0,128,0,732,8,3,5,8
129,16,moe,723,31,4641,1171,1171,3149,201,0,120,0,618,8,4,4,8
129,17,moe,804,29,5476,1142,1142,4149,148,0,37,0,610,8,5,3,8
129,18,moe,744,31,13056,4472,4472,8175,286,0,123,0,732,8,3,5,8
129,19,moe,660,29,9281,3367,3367,5597,202,0,115,0,609,8,4,4,8
129,20,moe,735,30,8710,3767,3767,4584,298,0,61,0,614,8,2,6,8
129,21,moe,797,30,7182,3041,3041,3756,251,0,134,0,818,8,4,4,8
129,22,moe,809,35,10775,3297,3297,7051,262,0,165,0,620,8,3,5,8
129,23,moe,676,33,7353,2135,2135,4929,174,0,115,0,734,8,5,3,8
129,24,moe,807,35,10150,3425,3426,6445,230,0,49,0,735,8,4,4,8
129,25,moe,804,37,14187,4041,4041,9732,343,0,71,0,727,8,2,6,8
129,26,moe,666,31,12618,4190,4190,8089,282,0,57,0,731,8,3,5,8
129,-1,epi,0,0,0,0,0,0,0,0,5736,0,0,0,0,0,0
130,-2,pre,189,0,0,0,0,0,0,0,0,0,0,0,0,0,0
130,0,dense,1452,35,0,0,0,0,0,0,0,0,0,0,0,0,0
130,1,moe,814,32,7123,2088,2088,4826,167,0,42,0,733,8,5,3,8
130,2,moe,751,35,10741,4017,4018,6449,229,0,45,0,729,8,4,4,8
130,3,moe,670,29,9992,3263,3263,6456,228,0,45,0,736,8,4,4,8
130,4,moe,739,30,7942,3634,3635,3901,251,1,154,0,620,8,3,5,8
130,5,moe,798,31,7684,3362,3362,4138,145,0,39,0,607,8,5,3,8
130,6,moe,729,35,3152,1297,1297,1700,61,0,94,0,739,8,7,1,8
130,7,moe,666,31,2791,1174,1174,1475,51,0,91,0,616,8,7,1,8
130,8,moe,738,30,4390,1485,1485,2771,102,0,32,0,620,8,6,2,8
130,9,moe,804,30,8138,2912,2912,4928,177,0,121,0,737,8,5,3,8
130,10,moe,728,32,7044,2522,2522,4256,147,0,119,0,615,8,5,3,8
130,11,moe,656,29,6127,1790,1790,4152,145,0,40,0,627,8,5,3,8
130,12,moe,728,32,8946,3618,3619,5028,169,0,130,0,730,8,5,3,8
130,13,moe,807,31,2758,1143,1143,1481,49,0,85,0,608,8,7,1,8
130,14,moe,754,32,6819,2503,2503,4131,147,0,38,0,603,8,5,3,8
130,15,moe,677,30,10137,3251,3251,6540,225,0,121,0,735,8,4,4,8
130,16,moe,734,32,5546,2933,2934,2352,150,0,110,0,607,8,5,3,8
130,17,moe,796,32,4428,1530,1530,2770,97,0,31,0,608,8,6,2,8
130,18,moe,735,29,5991,2919,2919,2781,177,0,114,0,726,8,5,3,8
130,19,moe,668,30,13741,4927,4927,8412,293,0,109,0,609,8,2,6,8
130,20,moe,722,32,11685,4471,4471,6914,246,0,54,0,607,8,3,5,8
130,21,moe,797,30,7928,2698,2698,4943,169,0,118,0,731,8,5,3,8
130,22,moe,799,31,8878,2979,2979,5576,201,0,122,0,605,8,4,4,8
130,23,moe,661,30,4876,1849,1849,2756,173,0,98,0,746,8,5,3,8
130,24,moe,803,33,10818,3927,3927,6574,272,0,45,0,932,8,4,4,8
130,25,moe,837,42,11442,6577,6577,4464,297,0,104,0,746,8,3,5,8
130,26,moe,675,30,7877,4030,4033,3555,230,0,59,0,754,8,4,4,8
130,-1,epi,0,0,0,0,0,0,0,0,5801,0,0,0,0,0,0
