step,il,kind,route_us,readback_us,load_wall_us,pread_us,pread_wall_us,repack_us,placement_us,sync_us,load_other_us,load_hidden_us,compute_us,lookups,hits,misses,n_slots
0,-2,pre,707,0,0,0,0,0,0,0,0,0,0,0,0,0,0
0,0,dense,6644,122,0,0,0,0,0,0,0,0,0,0,0,0,0
0,1,moe,8435,2165,49155,29849,29850,19062,0,0,243,0,1281,0,0,0,16
0,2,moe,4138,54,42050,18666,18667,18173,5001,1,208,0,1298,16,0,16,16
0,3,moe,8578,53,40524,22002,22002,13355,5014,0,153,0,1288,15,0,15,15
0,4,moe,8358,57,42786,21675,21676,16031,4888,1,190,0,1094,16,0,16,16
0,5,moe,4323,61,36779,19983,19983,12226,4441,1,128,0,1121,16,0,16,16
0,6,moe,6786,53,46832,23763,23764,18079,4809,0,180,0,1291,16,0,16,16
0,7,moe,13460,55,43949,22316,22317,17699,3776,0,157,0,1088,15,0,15,15
0,8,moe,5217,54,37157,20742,20742,12261,4015,0,139,0,1102,16,0,16,16
0,9,moe,5248,53,44242,22447,22447,17398,4238,0,159,0,1286,15,0,15,15
0,10,moe,4422,65,40902,20573,20573,16225,3909,0,195,0,1093,16,0,16,16
0,11,moe,14042,50,39874,20764,20764,15166,3817,0,127,0,1091,15,0,15,15
0,12,moe,7347,51,47751,24889,24890,18148,4552,0,161,0,1284,16,0,16,16
0,13,moe,4690,55,38020,18818,18819,15282,3752,0,167,0,1087,15,0,15,15
0,14,moe,7683,77,40872,21446,21447,15891,3404,1,129,0,1097,16,0,16,16
0,15,moe,10499,51,41200,19631,19633,17236,4166,0,165,0,1284,15,0,15,15
0,16,moe,9221,51,38105,21437,21437,12313,4166,0,189,0,1091,16,0,16,16
0,17,moe,9769,52,40737,20266,20269,16182,4150,0,136,0,1100,16,0,16,16
0,18,moe,1472,52,28888,10959,10959,13427,4346,0,156,0,1287,15,0,15,15
0,19,moe,1367,48,29178,8899,8899,16096,4012,0,171,0,1254,16,0,16,16
0,20,moe,1199,54,23686,7394,7398,12413,3730,0,145,0,1336,16,0,16,16
0,21,moe,1408,106,26305,4828,4828,16293,5014,0,170,0,1318,16,0,16,16
0,22,moe,1335,57,21154,4505,4508,12366,4104,0,176,0,1102,16,0,16,16
0,23,moe,821,39,23022,4928,4929,13472,4439,0,182,0,1298,15,0,15,15
0,24,moe,1332,38,24162,5212,5213,14223,4578,0,148,0,1303,16,0,16,16
0,25,moe,1360,41,24179,5241,5242,14231,4572,1,133,0,1302,16,0,16,16
0,26,moe,805,35,12299,2643,2645,7123,2437,0,94,0,710,8,0,8,8
0,-1,epi,0,0,0,0,0,0,0,0,5508,0,0,0,0,0,0
1,-2,pre,48,0,0,0,0,0,0,0,0,0,0,0,0,0,0
1,0,dense,2444,45,0,0,0,0,0,0,0,0,0,0,0,0,0
1,1,moe,1292,36,31984,17772,17772,10676,3420,1,115,0,1270,12,0,12,12
1,2,moe,1136,51,34360,19229,19229,11575,3431,0,125,0,1308,13,0,13,13
1,3,moe,692,35,34886,19284,19285,11576,3908,0,117,0,1311,14,1,13,14
1,4,moe,1127,39,31769,17236,17236,10799,3566,0,168,0,1094,15,1,14,15
1,5,moe,1266,43,29150,16902,16903,9214,2930,0,103,0,1087,14,2,12,14
1,6,moe,1129,45,31869,17374,17374,10788,3539,0,168,0,1306,14,2,12,14
1,7,moe,681,35,38627,21960,21961,12282,4225,0,159,0,1096,16,0,16,16
1,8,moe,1135,43,28510,16174,16174,9189,3038,1,108,0,1078,13,1,12,13
1,9,moe,1246,40,34809,19285,19287,11700,3643,0,179,0,1284,15,2,13,15
1,10,moe,1131,41,31711,19296,19296,9291,2980,0,144,0,1115,15,3,12,15
1,11,moe,676,37,36539,19621,19621,13486,3307,0,125,0,1120,15,1,14,15
1,12,moe,1140,36,39782,23271,23272,12594,3736,0,180,0,1329,16,2,14,16
1,13,moe,1266,48,32455,16965,16966,12046,3295,0,148,0,1105,14,1,13,14
1,14,moe,1124,42,32628,18263,18265,10776,3466,0,121,0,1112,16,2,14,16
1,15,moe,684,36,39358,20045,20045,15475,3666,0,172,0,1331,15,2,13,15
1,16,moe,1138,41,33166,18947,18948,10788,3284,1,145,0,1141,16,2,14,16
1,17,moe,1259,42,30514,17095,17095,9992,3315,0,112,0,1111,14,1,13,14
1,18,moe,5520,39,39563,21538,21539,13493,4332,0,199,0,1324,15,0,15,15
1,19,moe,7141,34,36071,17905,17906,14551,3456,0,158,0,1127,15,1,14,15
1,20,moe,1132,46,36148,18149,18150,14508,3367,0,123,0,1143,15,1,14,15
1,21,moe,1258,43,18076,5883,5883,9061,3022,0,110,0,1314,15,5,10,15
1,22,moe,1252,37,16319,5116,5116,8496,2582,0,125,0,1119,15,4,11,15
1,23,moe,685,33,20480,4793,4794,11712,3842,0,132,0,1332,16,3,13,16
1,24,moe,1264,39,20705,3612,3613,13910,3076,0,106,0,1301,14,3,11,14
1,25,moe,1262,37,23025,4584,4584,14483,3841,0,117,0,1349,16,2,14,16
1,26,moe,672,36,12122,2598,2598,7156,2284,0,84,0,752,8,0,8,8
1,-1,epi,0,0,0,0,0,0,0,0,5491,0,0,0,0,0,0
2,-2,pre,4122,0,0,0,0,0,0,0,0,0,0,0,0,0,0
2,0,dense,125462,80,0,0,0,0,0,0,0,0,0,0,0,0,0
2,1,moe,56551,164,899586,390386,390394,454512,51238,1,3441,0,173426,0,0,0,216
2,2,moe,57809,180,682487,309228,309242,328818,27795,1,16631,0,146095,0,0,0,224
2,3,moe,39617,165,555771,255943,255951,269432,27770,0,2618,0,157856,0,0,0,200
2,4,moe,53592,189,447558,209400,209410,217095,18796,0,2257,0,107528,0,0,0,185
2,5,moe,56176,186,422479,177405,177414,227245,15716,0,2104,0,105149,0,0,0,164
2,6,moe,53868,186,479858,207654,207660,239454,30612,0,2132,0,149927,0,0,0,171
2,7,moe,34491,230,405920,183610,183618,203423,16558,1,2320,0,106798,0,0,0,167
2,8,moe,55215,212,427367,188019,188030,217747,19364,0,2226,0,109479,0,0,0,179
2,9,moe,55047,180,480493,198277,198287,252211,27798,0,2197,0,133849,0,0,0,172
2,10,moe,52981,197,476810,209141,209147,251085,14263,1,2314,0,109124,0,0,0,189
2,11,moe,34796,174,492558,210296,210305,259617,20396,0,2240,0,104917,0,0,0,187
2,12,moe,54032,188,535694,213597,213609,291463,28427,1,2194,0,140351,0,0,0,178
2,13,moe,55642,193,512063,209075,209085,271348,29346,0,2284,0,107610,0,0,0,185
2,14,moe,52469,182,488387,199364,199375,262531,24199,0,2282,0,107667,0,0,0,181
2,15,moe,33406,192,530085,227641,227647,267507,32391,1,2539,0,143429,0,0,0,189
2,16,moe,52028,249,420278,211045,211060,184804,21792,0,2622,0,108224,0,0,0,190
2,17,moe,56496,181,415377,204207,204221,182998,25777,1,2380,0,111965,0,0,0,187
2,18,moe,52629,187,483436,230896,230903,219687,30490,0,2356,0,140437,0,0,0,192
2,19,moe,37372,155,450524,215499,215508,208744,23862,1,2409,0,114460,0,0,0,198
2,20,moe,61919,152,444695,214599,214613,202787,24966,0,2329,0,109669,0,0,0,192
2,21,moe,63121,163,474545,213908,213922,225328,32859,1,2435,0,142862,0,0,0,180
2,22,moe,65821,180,419941,209040,209049,186403,21862,1,2626,0,113885,0,0,0,193
2,23,moe,45838,171,459910,219981,219989,208456,29054,0,2411,0,150350,0,0,0,184
2,24,moe,65670,166,484120,230312,230318,217584,33737,0,2481,0,141915,0,0,0,193
2,25,moe,60916,168,457207,209882,209892,218434,26658,0,2223,0,174042,0,0,0,175
2,26,moe,36759,29,7,0,0,0,0,0,7,0,7,0,0,0,0
2,-1,epi,0,0,0,0,0,0,0,0,6,0,0,0,0,0,0
3,-2,pre,236,0,0,0,0,0,0,0,0,0,0,0,0,0,0
3,0,dense,5551,44,0,0,0,0,0,0,0,0,0,0,0,0,0
3,1,moe,5274,44,60833,26927,26927,21165,12533,0,208,0,4071,26,3,23,26
3,2,moe,5857,47,61014,25419,25422,23052,12359,0,181,0,3025,23,1,22,23
3,3,moe,10116,46,58451,24347,24347,22019,11906,1,178,0,3679,22,1,21,22
3,4,moe,8203,41,37683,17351,17351,12391,7749,0,192,0,2561,18,2,16,18
3,5,moe,8295,38,50490,20276,20277,21182,8866,1,164,0,2938,20,1,19,20
3,6,moe,8208,40,60866,26843,26844,20535,13264,0,223,0,3872,24,1,23,24
3,7,moe,11185,36,44874,18874,18874,17110,8707,1,182,0,2608,19,1,18,19
3,8,moe,8620,40,36510,17035,17035,12219,7111,0,145,0,2582,17,1,16,17
3,9,moe,12628,41,65943,30215,30217,19125,16385,0,216,0,4371,23,2,21,23
3,10,moe,12567,46,57988,26343,26345,18618,12795,1,229,0,2716,25,1,24,25
3,11,moe,14547,40,38953,16375,16375,11697,10734,0,147,0,4732,19,4,15,19
3,12,moe,10185,53,53896,22231,22234,16159,15289,0,214,0,4056,19,1,18,19
3,13,moe,11086,41,50825,25448,25449,16942,8199,0,235,0,2733,22,0,22,22
3,14,moe,13626,39,46068,23571,23572,14675,7651,0,170,0,2751,21,2,19,21
3,15,moe,11420,36,59737,27713,27714,19054,12743,0,226,0,3910,21,0,21,21
3,16,moe,9731,44,47554,23689,23690,15563,8082,0,219,0,2789,22,2,20,22
3,17,moe,9363,44,50327,25430,25431,17593,7104,0,199,0,2755,25,2,23,25
3,18,moe,12693,40,40099,11757,11758,20056,7982,0,303,0,4045,25,3,22,25
3,19,moe,10076,70,30722,6581,6583,18359,5503,0,277,0,2667,24,0,24,24
3,20,moe,4583,56,30426,7397,7397,17585,5224,0,220,0,2709,23,0,23,23
3,21,moe,4598,45,40971,8224,8225,19896,12609,0,241,0,3327,24,2,22,24
3,22,moe,1468,39,30643,7025,7025,16816,6550,0,252,0,2486,24,2,22,24
3,23,moe,1316,34,39893,9904,9905,18971,10750,0,267,0,2469,22,1,21,22
3,24,moe,1473,40,41865,11290,11291,21268,9069,0,237,0,2471,26,2,24,26
3,25,moe,1462,38,43940,15548,15549,20470,7692,0,229,0,2443,24,1,23,24
3,26,moe,5325,34,12676,7744,7744,3563,1309,0,60,0,8948,8,4,4,8
3,-1,epi,0,0,0,0,0,0,0,0,35056,0,0,0,0,0,0
4,-2,pre,86,0,0,0,0,0,0,0,0,0,0,0,0,0,0
4,0,dense,1438,49,0,0,0,0,0,0,0,0,0,0,0,0,0
4,1,moe,821,40,11300,5411,5411,3563,2266,1,59,0,1276,8,4,4,8
4,2,moe,744,42,5319,2405,2405,1774,1102,0,38,0,728,8,6,2,8
4,3,moe,556,33,10846,4914,4916,3587,2282,0,61,0,741,8,4,4,8
4,4,moe,726,36,7330,3336,3336,2368,1538,0,88,0,616,8,5,3,8
4,5,moe,797,35,7248,3424,3424,2299,1480,0,45,0,626,8,5,3,8
4,6,moe,728,35,8332,3632,3632,2809,1819,0,72,0,737,8,5,3,8
4,7,moe,558,33,7467,3366,3366,2378,1649,1,73,0,616,8,5,3,8
4,8,moe,723,39,7231,3291,3292,2297,1593,0,49,0,643,8,5,3,8
4,9,moe,853,40,8154,3625,3626,2755,1701,0,72,0,737,8,5,3,8
4,10,moe,720,36,9152,4320,4321,3137,1609,1,84,0,617,8,4,4,8
4,11,moe,551,35,2417,1118,1118,769,501,0,29,0,608,8,7,1,8
4,12,moe,734,38,13682,5996,5996,4610,2981,0,95,0,779,8,3,5,8
4,13,moe,828,38,3869,2122,2123,1585,100,0,61,0,635,8,6,2,8
4,14,moe,744,33,3709,2040,2040,1535,101,0,33,0,633,8,6,2,8
4,15,moe,551,32,6505,3440,3440,2807,195,0,63,0,806,8,5,3,8
4,16,moe,736,36,6312,3214,3215,2373,648,0,76,0,678,8,5,3,8
4,17,moe,804,35,5713,3199,3199,2320,150,0,44,0,1087,8,5,3,8
4,18,moe,726,36,5270,1774,1774,2734,694,0,68,0,742,8,5,3,8
4,19,moe,557,37,3374,789,789,2365,149,0,71,0,621,8,5,3,8
4,20,moe,724,34,3078,1420,1422,1529,98,1,28,0,621,8,6,2,8
4,21,moe,808,37,3905,915,915,2751,170,0,69,0,737,8,5,3,8
4,22,moe,807,34,4212,1644,1644,2343,152,0,73,0,619,8,5,3,8
4,23,moe,569,30,3899,901,901,2765,173,0,60,0,738,8,5,3,8
4,24,moe,797,32,6342,1560,1560,4435,289,0,58,0,747,8,3,5,8
4,25,moe,803,31,7585,1862,1862,5315,341,0,67,0,739,8,2,6,8
4,26,moe,562,32,12062,6316,6316,4456,1231,0,59,0,1315,8,3,5,8
4,-1,epi,0,0,0,0,0,0,0,0,5787,0,0,0,0,0,0
5,-2,pre,210,0,0,0,0,0,0,0,0,0,0,0,0,0,0
5,0,dense,1455,38,0,0,0,0,0,0,0,0,0,0,0,0,0
5,1,moe,818,34,13641,6026,6026,4444,3112,0,59,0,752,8,3,5,8
5,2,moe,732,43,18233,8100,8102,6212,3832,0,87,0,735,8,1,7,8
5,3,moe,556,36,18935,8292,8292,6248,4311,0,84,0,752,8,1,7,8
5,4,moe,736,40,14225,6555,6556,4645,2917,0,107,0,628,8,2,6,8
5,5,moe,789,41,11375,5483,5484,3806,2021,0,64,0,617,8,3,5,8
5,6,moe,754,39,9200,4748,4748,3630,744,0,78,0,739,8,4,4,8
5,7,moe,552,32,7204,3285,3286,2331,1518,0,69,0,609,8,5,3,8
5,8,moe,719,34,7033,3216,3216,2294,1481,0,42,0,611,8,5,3,8
5,9,moe,789,34,12800,6967,6968,5394,339,0,99,0,729,8,2,6,8
5,10,moe,718,32,5805,3236,3236,2355,150,0,64,0,604,8,5,3,8
5,11,moe,546,30,15939,7566,7567,5340,2955,0,77,0,626,8,1,7,8
5,12,moe,715,38,12878,7046,7046,5400,337,0,95,0,722,8,2,6,8
5,13,moe,780,33,12802,8581,8584,3886,244,0,88,0,600,8,3,5,8
5,14,moe,710,34,7711,4406,4406,3057,195,0,53,0,610,8,4,4,8
5,15,moe,547,30,11019,5944,5944,4701,282,0,92,0,736,8,3,5,8
5,16,moe,736,49,7863,4417,4417,3175,201,0,70,0,603,8,4,4,8
5,17,moe,797,42,11092,4388,4389,3073,200,0,3430,0,605,8,4,4,8
5,18,moe,713,37,10806,4039,4039,6274,394,0,99,0,730,8,1,7,8
5,19,moe,546,31,4373,1015,1017,3087,194,0,75,0,606,8,4,4,8
5,20,moe,724,34,3265,792,792,2283,151,0,39,0,604,8,5,3,8
5,21,moe,788,32,6406,1529,1529,4517,290,0,70,0,730,8,3,5,8
5,22,moe,789,37,3427,777,777,2437,157,0,56,0,708,8,5,3,8
5,23,moe,564,33,2603,578,578,1870,112,0,43,0,749,8,6,2,8
5,24,moe,698,33,5089,1228,1229,3593,225,0,42,0,804,8,4,4,8
5,25,moe,848,39,5269,1297,1297,3583,225,0,164,0,734,8,4,4,8
5,26,moe,561,36,7722,4319,4319,2662,708,0,33,0,1343,8,5,3,8
5,-1,epi,0,0,0,0,0,0,0,0,5747,0,0,0,0,0,0
6,-2,pre,1169,0,0,0,0,0,0,0,0,0,0,0,0,0,0
6,0,dense,1436,42,0,0,0,0,0,0,0,0,0,0,0,0,0
6,1,moe,810,36,13678,7272,7273,4448,1908,0,49,0,741,8,3,5,8
6,2,moe,726,36,10745,4875,4875,3546,2274,0,50,0,741,8,4,4,8
6,3,moe,554,35,13416,5965,5966,4440,2954,0,56,0,742,8,3,5,8
6,4,moe,717,38,9592,5407,5407,3849,248,0,88,0,610,8,3,5,8
6,5,moe,784,36,5771,3312,3312,2277,146,0,36,0,614,8,5,3,8
6,6,moe,719,33,4316,2324,2324,1840,113,0,39,0,729,8,6,2,8
6,7,moe,548,30,9265,4943,4943,3106,1148,0,68,0,610,8,4,4,8
6,8,moe,719,32,11393,5386,5387,3793,2161,0,52,0,621,8,3,5,8
6,9,moe,790,37,9148,4710,4710,3623,742,0,73,0,732,8,4,4,8
6,10,moe,719,34,11063,5456,5456,3860,1599,0,148,0,613,8,3,5,8
6,11,moe,555,38,4132,2471,2471,1527,103,0,31,0,607,8,6,2,8
6,12,moe,716,36,6504,3530,3530,2741,174,0,59,0,727,8,5,3,8
6,13,moe,786,40,5983,3356,3356,2392,158,1,76,0,695,8,5,3,8
6,14,moe,715,34,5752,3201,3202,2335,160,0,55,0,674,8,5,3,8
6,15,moe,567,30,13470,8013,8013,4573,806,0,78,0,741,8,3,5,8
6,16,moe,719,38,13560,8514,8515,4646,303,0,96,0,676,8,2,6,8
6,17,moe,843,35,10813,6695,6695,3810,250,0,58,0,615,8,3,5,8
6,18,moe,717,34,1717,643,643,976,57,0,41,0,726,8,7,1,8
6,19,moe,551,30,6125,1286,1286,3867,887,0,85,0,623,8,3,5,8
6,20,moe,743,37,4399,1107,1108,3051,196,0,44,0,625,8,4,4,8
6,21,moe,810,37,2779,684,684,1897,143,0,55,0,820,8,6,2,8
6,22,moe,810,37,3407,810,811,2377,155,0,64,0,623,8,5,3,8
6,23,moe,564,33,3888,906,906,2751,173,0,58,0,742,8,5,3,8
6,24,moe,803,34,3788,920,920,2660,174,0,34,0,742,8,5,3,8
6,25,moe,808,36,3794,929,930,2659,171,0,34,0,737,8,5,3,8
6,26,moe,564,33,9469,4828,4828,3543,1054,0,44,0,1452,8,4,4,8
6,-1,epi,0,0,0,0,0,0,0,0,5792,0,0,0,0,0,0
7,-2,pre,209,0,0,0,0,0,0,0,0,0,0,0,0,0,0
7,0,dense,1447,35,0,0,0,0,0,0,0,0,0,0,0,0,0
7,1,moe,815,35,12503,7425,7425,4539,484,0,55,0,738,8,3,5,8
7,2,moe,726,36,6799,3888,3888,1767,1112,0,32,0,730,8,6,2,8
7,3,moe,558,38,2686,1213,1214,888,559,0,25,0,730,8,7,1,8
7,4,moe,720,32,6335,3756,3756,2355,153,0,71,0,614,8,5,3,8
7,5,moe,795,35,4432,2319,2319,1529,554,0,30,0,616,8,6,2,8
7,6,moe,721,31,2292,1219,1219,976,56,0,41,0,764,8,7,1,8
7,7,moe,584,36,10002,6611,6611,3114,198,0,79,0,610,8,4,4,8
7,8,moe,718,35,8218,4378,4378,3080,713,0,47,0,615,8,4,4,8
7,9,moe,789,38,6487,4446,4446,1870,112,0,59,0,730,8,6,2,8
7,10,moe,723,35,2043,1137,1137,813,50,0,43,0,607,8,7,1,8
7,11,moe,552,29,3895,2241,2241,1525,100,0,29,0,613,8,6,2,8
7,12,moe,726,33,10815,5935,5935,4524,281,0,75,0,730,8,3,5,8
7,13,moe,794,33,5861,3311,3311,2336,150,0,64,0,611,8,5,3,8
7,14,moe,731,35,5845,3376,3376,2288,147,1,33,0,616,8,5,3,8
7,15,moe,553,30,10765,5896,5896,4516,282,0,71,0,729,8,3,5,8
7,16,moe,715,36,4155,2436,2436,1571,97,0,51,0,606,8,6,2,8
7,17,moe,796,33,5765,3302,3302,2283,148,0,32,0,605,8,5,3,8
7,18,moe,714,29,5584,2635,2635,2725,169,0,55,0,731,8,5,3,8
7,19,moe,552,30,3275,751,751,2324,146,0,54,0,616,8,5,3,8
7,20,moe,718,31,2159,521,521,1513,98,0,27,0,611,8,6,2,8
7,21,moe,801,36,5145,1226,1226,3629,231,0,59,0,738,8,4,4,8
7,22,moe,792,30,4371,1026,1026,3087,195,0,63,0,621,8,4,4,8
7,23,moe,563,30,2611,608,608,1852,112,0,39,0,731,8,6,2,8
7,24,moe,797,29,1253,292,292,885,58,0,18,0,738,8,7,1,8
7,25,moe,801,29,4809,1948,1948,2655,172,0,34,0,740,8,5,3,8
7,26,moe,568,31,4810,2529,2530,1770,485,0,25,0,740,8,6,2,8
7,-1,epi,0,0,0,0,0,0,0,0,5826,0,0,0,0,0,0
8,-2,pre,206,0,0,0,0,0,0,0,0,0,0,0,0,0,0
8,0,dense,1444,35,0,0,0,0,0,0,0,0,0,0,0,0,0
8,1,moe,806,32,6387,3498,3498,2683,169,0,37,0,753,8,5,3,8
8,2,moe,768,40,5292,2483,2483,1772,1007,0,30,0,740,8,6,2,8
8,3,moe,561,33,8728,4911,4912,3548,224,0,44,0,738,8,4,4,8
8,4,moe,719,34,3951,2201,2201,1591,97,0,62,0,621,8,6,2,8
8,5,moe,793,34,5765,3291,3291,2289,148,0,37,0,615,8,5,3,8
8,6,moe,721,33,13262,7435,7436,5407,337,0,82,0,882,8,2,6,8
8,7,moe,555,35,4619,2207,2207,1579,776,0,57,0,612,8,6,2,8
8,8,moe,732,39,4096,2447,2447,1521,98,0,30,0,613,8,6,2,8
8,9,moe,905,37,7334,3619,3620,2756,898,0,60,0,735,8,5,3,8
8,10,moe,734,40,6067,3498,3498,2346,153,0,70,0,612,8,5,3,8
8,11,moe,558,32,7706,4399,4399,3063,203,0,41,0,619,8,4,4,8
8,12,moe,726,35,7250,3754,3754,2758,677,1,60,0,732,8,5,3,8
8,13,moe,791,35,5939,3390,3390,2336,148,0,65,0,614,8,5,3,8
8,14,moe,720,33,5862,3384,3384,2283,154,0,41,0,617,8,5,3,8
8,15,moe,557,33,4454,2419,2419,1869,117,0,49,0,730,8,6,2,8
8,16,moe,717,32,7808,4448,4448,3091,198,0,71,0,617,8,4,4,8
8,17,moe,785,31,6946,4480,4480,2286,146,0,34,0,611,8,5,3,8
8,18,moe,715,32,6928,3730,3731,2747,394,0,56,0,729,8,5,3,8
8,19,moe,555,29,2232,507,507,1574,98,0,53,0,620,8,6,2,8
8,20,moe,719,30,2197,544,544,1527,101,0,25,0,613,8,6,2,8
8,21,moe,790,33,2428,1348,1348,980,59,0,41,0,733,8,7,1,8
8,22,moe,799,31,2415,504,504,1575,285,0,51,0,613,8,6,2,8
8,23,moe,570,32,9,0,0,0,0,0,9,0,739,8,8,0,8
8,24,moe,797,243,1422,343,343,969,59,0,51,0,744,8,7,1,8
8,25,moe,803,38,5020,1222,1222,3532,227,0,39,0,735,8,4,4,8
8,26,moe,574,35,7512,4042,4042,2663,775,0,32,0,730,8,5,3,8
8,-1,epi,0,0,0,0,0,0,0,0,5819,0,0,0,0,0,0
9,-2,pre,205,0,0,0,0,0,0,0,0,0,0,0,0,0,0
9,0,dense,1446,34,0,0,0,0,0,0,0,0,0,0,0,0,0
9,1,moe,809,32,6751,3678,3678,2651,382,0,40,0,737,8,5,3,8
9,2,moe,723,31,6479,3601,3601,2668,174,0,36,0,740,8,5,3,8
9,3,moe,557,31,4537,2560,2560,1815,132,0,30,0,788,8,6,2,8
9,4,moe,718,34,5895,3283,3283,2379,155,0,78,0,678,8,5,3,8
9,5,moe,787,40,8027,4286,4286,3052,645,1,43,0,636,8,4,4,8
9,6,moe,733,35,12,0,0,0,0,0,12,0,733,8,8,0,8
9,7,moe,567,30,5884,3406,3406,2292,149,0,37,0,626,8,5,3,8
9,8,moe,730,34,3810,2153,2154,1524,101,0,31,0,624,8,6,2,8
9,9,moe,800,34,5801,2821,2821,2743,173,0,64,0,740,8,5,3,8
9,10,moe,732,38,9,0,0,0,0,0,9,0,621,8,8,0,8
9,11,moe,564,29,2208,1298,1298,818,51,0,41,0,625,8,7,1,8
9,12,moe,733,32,1397,330,330,971,59,0,37,0,746,8,7,1,8
9,13,moe,803,40,2033,1121,1121,822,52,0,38,0,626,8,7,1,8
9,14,moe,734,30,1921,1089,1089,764,49,0,19,0,631,8,7,1,8
9,15,moe,567,28,4108,649,649,3301,113,1,44,0,737,8,6,2,8
9,16,moe,727,30,7912,3528,3528,4179,147,0,58,0,607,8,5,3,8
9,17,moe,791,29,3085,1436,1436,1519,103,0,27,0,622,8,6,2,8
9,18,moe,737,31,4501,2471,2472,1871,114,0,44,0,736,8,6,2,8
9,19,moe,557,29,1165,257,257,818,51,0,39,0,619,8,7,1,8
9,20,moe,728,31,1088,261,261,761,50,0,16,0,627,8,7,1,8
9,21,moe,801,30,2636,614,614,1865,112,1,44,0,742,8,6,2,8
9,22,moe,808,31,5461,1293,1294,3851,243,0,73,0,623,8,3,5,8
9,23,moe,571,32,2075,301,301,1684,58,0,32,0,738,8,7,1,8
9,24,moe,806,32,2522,614,614,1769,114,0,25,0,741,8,6,2,8
9,25,moe,811,32,5944,926,926,4813,170,0,35,0,733,8,5,3,8
9,26,moe,568,31,5117,2450,2450,1767,875,0,25,0,735,8,6,2,8
9,-1,epi,0,0,0,0,0,0,0,0,5876,0,0,0,0,0,0
10,-2,pre,208,0,0,0,0,0,0,0,0,0,0,0,0,0,0
10,0,dense,1472,38,0,0,0,0,0,0,0,0,0,0,0,0,0
10,1,moe,826,33,17648,9801,9801,7095,666,0,86,0,740,8,0,8,8
10,2,moe,728,34,4270,2361,2361,1770,113,0,26,0,737,8,6,2,8
10,3,moe,560,28,8806,4789,4790,3540,434,0,42,0,739,8,4,4,8
10,4,moe,733,29,7849,4481,4481,3100,196,0,72,0,618,8,4,4,8
10,5,moe,796,36,3900,2240,2240,1533,102,0,25,0,618,8,6,2,8
10,6,moe,724,29,4483,2470,2470,1851,117,0,45,0,736,8,6,2,8
10,7,moe,559,29,5851,3284,3284,2360,148,0,59,0,619,8,5,3,8
10,8,moe,725,31,5773,3310,3310,2281,146,0,36,0,615,8,5,3,8
10,9,moe,796,30,10119,5040,5040,4502,507,0,70,0,732,8,3,5,8
10,10,moe,722,30,7689,4327,4327,3097,196,0,69,0,614,8,4,4,8
10,11,moe,562,31,9684,5584,5585,3807,243,0,49,0,613,8,3,5,8
10,12,moe,722,32,7933,4031,4031,3614,228,0,60,0,730,8,4,4,8
10,13,moe,790,30,5774,3215,3215,2339,146,0,74,0,609,8,5,3,8
10,14,moe,721,28,7640,4357,4357,3045,197,0,41,0,614,8,4,4,8
10,15,moe,561,30,14476,7715,7715,6284,394,0,83,0,730,8,1,7,8
10,16,moe,722,30,10793,5808,5808,4611,297,0,77,0,608,8,2,6,8
10,17,moe,791,31,10623,5722,5722,4551,294,0,56,0,619,8,2,6,8
10,18,moe,723,29,13208,7400,7400,5395,337,0,76,0,738,8,2,6,8
10,19,moe,554,29,9419,4412,4413,4631,295,0,80,0,615,8,2,6,8
10,20,moe,720,31,5415,1320,1320,3800,249,0,46,0,612,8,3,5,8
10,21,moe,795,32,6380,1523,1523,4507,280,0,70,0,737,8,3,5,8
10,22,moe,800,33,4406,1039,1040,3100,198,0,68,0,617,8,4,4,8
10,23,moe,564,31,5038,1147,1147,3607,226,0,58,0,732,8,4,4,8
10,24,moe,802,32,7567,1861,1863,5303,345,0,56,0,738,8,2,6,8
10,25,moe,805,33,7431,2648,2648,4440,293,0,50,0,733,8,3,5,8
10,26,moe,564,38,17123,5966,5967,8042,3069,0,45,0,731,8,3,5,8
10,-1,epi,0,0,0,0,0,0,0,0,5747,0,0,0,0,0,0
11,-2,pre,208,0,0,0,0,0,0,0,0,0,0,0,0,0,0
11,0,dense,1445,34,0,0,0,0,0,0,0,0,0,0,0,0,0
11,1,moe,818,35,2431,1271,1271,887,250,0,23,0,746,8,7,1,8
11,2,moe,735,33,4426,2506,2507,1780,112,0,27,0,744,8,6,2,8
11,3,moe,562,29,4487,2577,2579,1767,115,0,26,0,737,8,6,2,8
11,4,moe,722,36,4012,2242,2242,1609,98,0,63,0,619,8,6,2,8
11,5,moe,830,32,3815,2162,2163,1525,99,0,28,0,624,8,6,2,8
11,6,moe,728,33,4606,2540,2540,1894,115,0,57,0,735,8,6,2,8
11,7,moe,560,32,4052,2296,2296,1595,98,0,63,0,614,8,6,2,8
11,8,moe,729,33,5841,3364,3364,2292,149,0,36,0,623,8,5,3,8
11,9,moe,797,33,5920,2898,2898,2791,168,0,63,0,738,8,5,3,8
11,10,moe,730,41,5814,3233,3233,2367,148,0,66,0,623,8,5,3,8
11,11,moe,560,35,3882,2220,2220,1529,102,0,31,0,626,8,6,2,8
11,12,moe,730,33,8983,4970,4970,3708,236,0,69,0,736,8,4,4,8
11,13,moe,795,35,3913,2164,2164,1600,98,1,50,0,621,8,6,2,8
11,14,moe,727,31,11374,6457,6457,4563,292,0,62,0,621,8,2,6,8
11,15,moe,560,29,8841,4902,4903,3643,227,0,68,0,744,8,4,4,8
11,16,moe,724,30,11571,6553,6553,4631,298,0,89,0,608,8,2,6,8
11,17,moe,792,31,8792,4660,4660,3837,245,0,50,0,617,8,3,5,8
11,18,moe,736,38,10890,5860,5861,4624,308,0,97,0,807,8,3,5,8
11,19,moe,572,32,7030,3582,3582,3153,207,0,88,0,637,8,4,4,8
11,20,moe,743,39,3431,549,549,2753,97,0,32,0,628,8,6,2,8
11,21,moe,806,35,6386,2318,2318,3757,232,0,79,0,803,8,4,4,8
11,22,moe,815,37,3378,785,785,2377,152,0,64,0,633,8,5,3,8
11,23,moe,569,40,2679,644,644,1868,120,1,46,0,747,8,6,2,8
11,24,moe,805,38,5065,1242,1242,3552,223,0,48,0,746,8,4,4,8
11,25,moe,817,37,9904,1524,1525,8043,282,0,54,0,748,8,3,5,8
11,26,moe,568,37,15345,7810,7811,5346,2130,0,58,0,755,8,2,6,8
11,-1,epi,0,0,0,0,0,0,0,0,5795,0,0,0,0,0,0
12,-2,pre,231,0,0,0,0,0,0,0,0,0,0,0,0,0,0
12,0,dense,1452,35,0,0,0,0,0,0,0,0,0,0,0,0,0
12,1,moe,820,34,11734,5012,5012,6453,223,0,46,0,741,8,4,4,8
12,2,moe,726,33,6529,3644,3645,2666,175,0,43,0,742,8,5,3,8
12,3,moe,561,32,4491,2571,2571,1772,116,0,32,0,743,8,6,2,8
12,4,moe,730,33,5915,3316,3316,2378,154,1,66,0,628,8,5,3,8
12,5,moe,798,32,5097,2442,2442,2297,322,0,36,0,627,8,5,3,8
12,6,moe,734,34,5824,2281,2281,3381,113,0,49,0,736,8,6,2,8
12,7,moe,555,30,2745,1224,1224,1429,49,0,43,0,617,8,7,1,8
12,8,moe,726,31,3932,2277,2277,1528,98,0,29,0,623,8,6,2,8
12,9,moe,797,42,10738,5798,5798,4575,280,0,85,0,746,8,3,5,8
12,10,moe,730,32,3151,1413,1413,1587,98,0,53,0,628,8,6,2,8
12,11,moe,556,27,8018,4385,4386,3042,546,0,44,0,624,8,4,4,8
12,12,moe,732,34,10861,5942,5943,4550,283,0,85,0,745,8,3,5,8
12,13,moe,797,30,7039,3637,3638,3127,199,0,75,0,630,8,4,4,8
12,14,moe,724,30,5978,3514,3515,2281,147,0,35,0,626,8,5,3,8
12,15,moe,555,29,8631,4690,4690,3647,227,0,67,0,741,8,4,4,8
12,16,moe,732,29,10826,5792,5792,4649,293,0,92,0,621,8,2,6,8
12,17,moe,798,30,6062,2781,2781,3045,196,0,40,0,624,8,4,4,8
12,18,moe,722,32,10711,5802,5802,4554,280,0,75,0,737,8,3,5,8
12,19,moe,554,29,5144,2599,2600,2335,146,0,63,0,624,8,5,3,8
12,20,moe,727,34,3806,929,929,2754,97,0,26,0,611,8,6,2,8
12,21,moe,804,34,3930,940,940,2760,172,0,58,0,739,8,5,3,8
12,22,moe,800,32,3358,792,792,2356,148,0,62,0,628,8,5,3,8
12,23,moe,570,32,9,0,0,0,0,0,9,0,742,8,8,0,8
12,24,moe,812,31,8114,1252,1252,6562,224,0,76,0,727,8,4,4,8
12,25,moe,815,35,2547,642,642,1765,112,0,28,0,733,8,6,2,8
12,26,moe,567,28,5773,2906,2906,2666,166,0,35,0,726,8,5,3,8
12,-1,epi,0,0,0,0,0,0,0,0,5823,0,0,0,0,0,0
13,-2,pre,226,0,0,0,0,0,0,0,0,0,0,0,0,0,0
13,0,dense,1464,35,0,0,0,0,0,0,0,0,0,0,0,0,0
13,1,moe,818,31,6902,3091,3092,3543,224,1,42,0,742,8,4,4,8
13,2,moe,735,29,2190,1232,1232,884,57,0,17,0,737,8,7,1,8
13,3,moe,571,32,2180,1208,1208,894,59,0,19,0,739,8,7,1,8
13,4,moe,731,28,9,0,0,0,0,0,9,0,632,8,8,0,8
13,5,moe,804,29,2121,1164,1164,849,52,0,56,0,635,8,7,1,8
13,6,moe,732,30,2353,1254,1254,1006,56,0,37,0,749,8,7,1,8
13,7,moe,569,30,2804,1221,1221,1492,50,0,41,0,617,8,7,1,8
13,8,moe,733,30,1992,1148,1148,769,54,0,21,0,621,8,7,1,8
13,9,moe,803,29,2301,1199,1199,999,57,0,46,0,740,8,7,1,8
13,10,moe,734,29,2084,1163,1163,832,49,0,40,0,631,8,7,1,8
13,11,moe,570,27,3862,2216,2216,1523,99,0,24,0,617,8,6,2,8
13,12,moe,735,29,2695,635,635,1898,116,0,46,0,744,8,6,2,8
13,13,moe,801,30,2036,1106,1106,841,49,0,40,0,630,8,7,1,8
13,14,moe,737,31,4362,1487,1487,2750,98,0,27,0,614,8,6,2,8
13,15,moe,562,34,7457,2532,2532,4574,278,0,73,0,739,8,3,5,8
13,16,moe,742,31,7530,3309,3309,3902,246,0,73,0,630,8,3,5,8
13,17,moe,804,31,4120,1657,1658,2277,149,0,36,0,613,8,5,3,8
13,18,moe,738,32,7930,3966,3966,3669,226,0,69,0,733,8,4,4,8
13,19,moe,555,32,4431,1042,1042,3118,196,0,75,0,621,8,4,4,8
13,20,moe,725,32,4296,3460,3460,760,54,0,22,0,634,8,7,1,8
13,21,moe,824,33,2700,625,625,1912,114,0,49,0,732,8,6,2,8
13,22,moe,809,32,3518,512,512,2856,97,0,53,0,614,8,6,2,8
13,23,moe,570,39,8,0,0,0,0,0,8,0,747,8,8,0,8
13,24,moe,803,31,5187,1217,1217,3674,228,0,68,0,740,8,4,4,8
13,25,moe,806,31,1976,296,296,1605,57,0,18,0,733,8,7,1,8
13,26,moe,566,30,4147,611,611,3218,293,0,25,0,739,8,6,2,8
13,-1,epi,0,0,0,0,0,0,0,0,5891,0,0,0,0,0,0
14,-2,pre,37,0,0,0,0,0,0,0,0,0,0,0,0,0,0
14,0,dense,1465,30,0,0,0,0,0,0,0,0,0,0,0,0,0
14,1,moe,823,32,6303,1547,1547,4424,284,0,48,0,757,8,3,5,8
14,2,moe,745,31,9,0,0,0,0,0,9,0,753,8,8,0,8
14,3,moe,586,32,11,0,0,0,0,0,11,0,760,8,8,0,8
14,4,moe,742,30,9,0,0,0,0,0,9,0,639,8,8,0,8
14,5,moe,824,32,2151,1202,1202,845,51,0,53,0,631,8,7,1,8
14,6,moe,755,30,2418,1313,1313,1008,59,0,38,0,752,8,7,1,8
14,7,moe,584,31,2195,1260,1260,841,52,0,42,0,628,8,7,1,8
14,8,moe,749,31,2044,1203,1203,766,52,0,23,0,626,8,7,1,8
14,9,moe,804,31,9,0,0,0,0,0,9,0,737,8,8,0,8
14,10,moe,750,29,9,0,0,0,0,0,9,0,631,8,8,0,8
14,11,moe,587,28,2003,1157,1157,775,51,0,20,0,640,8,7,1,8
14,12,moe,737,31,6307,2326,2326,3672,236,0,73,0,754,8,4,4,8
14,13,moe,805,30,4004,2263,2263,1588,100,0,53,0,628,8,6,2,8
14,14,moe,737,34,5095,2171,2171,2771,99,0,54,0,617,8,6,2,8
14,15,moe,564,28,11977,6129,6130,5419,338,0,90,0,741,8,2,6,8
14,16,moe,742,30,5575,2184,2184,3114,201,3,73,0,623,8,4,4,8
14,17,moe,807,32,10173,1655,1655,8158,304,0,56,0,621,8,2,6,8
14,18,moe,729,31,7524,3405,3405,3790,269,0,60,0,772,8,4,4,8
14,19,moe,596,37,9002,4702,4702,3938,269,0,93,0,675,8,3,5,8
14,20,moe,718,39,11,0,0,0,0,0,11,0,632,8,8,0,8
14,21,moe,805,36,4003,973,973,2775,175,0,80,0,763,8,5,3,8
14,22,moe,822,42,6910,1054,1054,5575,197,0,84,0,624,8,4,4,8
14,23,moe,571,34,2089,305,305,1688,61,1,34,0,749,8,7,1,8
14,24,moe,813,36,3830,934,935,2657,202,0,36,0,752,8,5,3,8
14,25,moe,820,40,1289,312,312,884,72,0,21,0,757,8,7,1,8
14,26,moe,576,39,6083,2961,2961,2677,411,0,34,0,747,8,5,3,8
14,-1,epi,0,0,0,0,0,0,0,0,5893,0,0,0,0,0,0
15,-2,pre,217,0,0,0,0,0,0,0,0,0,0,0,0,0,0
15,0,dense,1477,34,0,0,0,0,0,0,0,0,0,0,0,0,0
15,1,moe,836,33,8986,3198,3198,5334,396,0,58,0,763,8,2,6,8
15,2,moe,741,32,10,0,0,0,0,0,10,0,763,8,8,0,8
15,3,moe,584,31,10,0,0,0,0,0,10,0,769,8,8,0,8
15,4,moe,747,30,8,0,0,0,0,0,8,0,655,8,8,0,8
15,5,moe,823,34,9,0,0,0,0,0,9,0,657,8,8,0,8
15,6,moe,759,32,3726,1787,1787,1770,138,0,31,0,761,8,6,2,8
15,7,moe,578,30,2172,1234,1234,833,52,0,53,0,642,8,7,1,8
15,8,moe,744,32,2069,1236,1236,761,52,0,20,0,642,8,7,1,8
15,9,moe,815,31,2513,1391,1391,1018,58,0,46,0,754,8,7,1,8
15,10,moe,739,28,10,0,0,0,0,0,10,0,630,8,8,0,8
15,11,moe,578,28,6065,3483,3484,2360,151,0,70,0,645,8,5,3,8
15,12,moe,735,30,3648,1582,1583,1899,117,0,49,0,752,8,6,2,8
15,13,moe,802,30,1994,1080,1080,815,51,0,48,0,635,8,7,1,8
15,14,moe,732,30,1968,1133,1133,761,51,0,23,0,653,8,7,1,8
15,15,moe,570,31,6955,2998,2999,3663,225,1,67,0,756,8,4,4,8
15,16,moe,731,33,3446,869,869,2364,148,0,65,0,640,8,5,3,8
15,17,moe,807,34,10014,4919,4919,4579,463,0,53,0,638,8,2,6,8
15,18,moe,739,35,11043,5193,5193,5431,338,0,81,0,750,8,2,6,8
15,19,moe,569,29,5045,2461,2461,2379,145,0,60,0,633,8,5,3,8
15,20,moe,726,29,7653,4380,4380,3038,196,0,39,0,632,8,4,4,8
15,21,moe,803,32,2657,607,607,1884,112,0,54,0,747,8,6,2,8
15,22,moe,802,30,4408,1037,1037,3108,196,0,67,0,635,8,4,4,8
15,23,moe,574,32,2665,606,606,1900,114,0,45,0,746,8,6,2,8
15,24,moe,813,30,5040,1235,1235,3536,229,0,40,0,757,8,4,4,8
15,25,moe,810,31,1269,306,306,885,59,0,19,0,751,8,7,1,8
15,26,moe,576,28,8928,4920,4920,3542,425,0,41,0,753,8,4,4,8
15,-1,epi,0,0,0,0,0,0,0,0,5895,0,0,0,0,0,0
16,-2,pre,215,0,0,0,0,0,0,0,0,0,0,0,0,0,0
16,0,dense,1468,34,0,0,0,0,0,0,0,0,0,0,0,0,0
16,1,moe,829,31,10079,5297,5297,4445,290,0,47,0,769,8,3,5,8
16,2,moe,741,31,7867,4045,4045,3551,226,0,45,0,752,8,4,4,8
16,3,moe,562,30,7800,3972,3972,3562,225,0,41,0,744,8,4,4,8
16,4,moe,724,31,7799,4412,4412,3114,195,0,78,0,631,8,4,4,8
16,5,moe,800,28,9695,5595,5595,3808,246,0,46,0,633,8,3,5,8
16,6,moe,730,30,9346,6149,6149,2762,370,0,65,0,741,8,5,3,8
16,7,moe,559,28,3961,2215,2215,1591,101,0,54,0,637,8,6,2,8
16,8,moe,731,30,5143,2244,2244,2771,100,0,28,0,619,8,6,2,8
16,9,moe,799,29,8760,3570,3571,4960,171,0,58,0,737,8,5,3,8
16,10,moe,723,29,8,0,0,0,0,0,8,0,624,8,8,0,8
16,11,moe,563,27,11881,4568,4568,6982,246,0,85,0,627,8,3,5,8
16,12,moe,735,33,6153,2941,2941,2784,372,0,56,0,737,8,5,3,8
16,13,moe,795,30,2096,1162,1162,843,50,0,41,0,625,8,7,1,8
16,14,moe,733,31,7056,3760,3761,3050,197,0,48,0,630,8,4,4,8
16,15,moe,561,28,7183,3222,3222,3664,224,0,73,0,747,8,4,4,8
16,16,moe,730,33,8985,4789,4789,3868,252,0,76,0,632,8,3,5,8
16,17,moe,794,30,5731,3256,3256,2286,152,0,37,0,630,8,5,3,8
16,18,moe,729,33,8425,4482,4482,3647,223,0,73,0,744,8,4,4,8
16,19,moe,556,29,2151,1239,1239,820,49,0,43,0,625,8,7,1,8
16,20,moe,723,31,1095,265,265,762,48,0,20,0,627,8,7,1,8
16,21,moe,804,31,2032,937,937,998,56,0,41,0,747,8,7,1,8
16,22,moe,798,29,1203,266,266,845,51,0,41,0,636,8,7,1,8
16,23,moe,577,34,2116,313,313,1710,58,0,35,0,749,8,7,1,8
16,24,moe,815,32,3976,619,619,3212,114,0,31,0,744,8,6,2,8
16,25,moe,812,31,2530,625,625,1765,113,0,27,0,752,8,6,2,8
16,26,moe,581,30,9,0,0,0,0,0,9,0,753,8,8,0,8
16,-1,epi,0,0,0,0,0,0,0,0,5971,0,0,0,0,0,0
17,-2,pre,40,0,0,0,0,0,0,0,0,0,0,0,0,0,0
17,0,dense,1508,33,0,0,0,0,0,0,0,0,0,0,0,0,0
17,1,moe,830,31,2343,1376,1376,886,59,0,22,0,763,8,7,1,8
17,2,moe,764,31,2200,1232,1232,885,60,0,23,0,761,8,7,1,8
17,3,moe,582,29,3428,1519,1519,1765,114,1,29,0,768,8,6,2,8
17,4,moe,734,29,5112,2534,2534,2358,148,0,72,0,635,8,5,3,8
17,5,moe,818,31,9,0,0,0,0,0,9,0,637,8,8,0,8
17,6,moe,738,31,2360,1240,1240,1017,57,0,46,0,760,8,7,1,8
17,7,moe,573,31,3535,537,537,2852,98,0,48,0,635,8,6,2,8
17,8,moe,742,30,4015,2362,2362,1526,98,0,29,0,635,8,6,2,8
17,9,moe,808,32,9,0,0,0,0,0,9,0,751,8,8,0,8
17,10,moe,740,28,3952,2298,2298,1522,102,0,30,0,632,8,6,2,8
17,11,moe,576,32,4980,2514,2514,2281,152,0,33,0,634,8,5,3,8
17,12,moe,732,29,6865,3864,3864,2761,175,0,65,0,754,8,5,3,8
17,13,moe,803,32,4364,2611,2611,1595,101,0,57,0,632,8,6,2,8
17,14,moe,731,29,9,0,0,0,0,0,9,0,630,8,8,0,8
17,15,moe,572,27,4596,2537,2537,1890,118,0,51,0,758,8,6,2,8
17,16,moe,733,226,7893,6158,6158,1583,99,0,53,0,624,8,6,2,8
17,17,moe,800,33,1117,273,273,775,52,0,17,0,635,8,7,1,8
17,18,moe,733,34,4690,2639,2639,1886,114,0,51,0,757,8,6,2,8
17,19,moe,599,31,2093,1176,1176,827,49,0,41,0,623,8,7,1,8
17,20,moe,730,33,2062,1224,1224,761,49,0,28,0,629,8,7,1,8
17,21,moe,805,38,3252,1209,1209,1881,112,0,50,0,752,8,6,2,8
17,22,moe,803,34,10,0,0,0,0,0,10,0,631,8,8,0,8
17,23,moe,578,31,1267,306,306,887,56,0,18,0,761,8,7,1,8
17,24,moe,805,29,2558,648,648,1770,115,0,25,0,760,8,6,2,8
17,25,moe,815,29,5953,936,937,4814,169,0,33,0,751,8,5,3,8
17,26,moe,572,29,8,0,0,0,0,0,8,0,752,8,8,0,8
17,-1,epi,0,0,0,0,0,0,0,0,5925,0,0,0,0,0,0
18,-2,pre,201,0,0,0,0,0,0,0,0,0,0,0,0,0,0
18,0,dense,1516,36,0,0,0,0,0,0,0,0,0,0,0,0,0
18,1,moe,838,35,8903,3748,3749,4914,194,0,46,0,811,8,5,3,8
18,2,moe,748,34,4317,2375,2375,1791,116,3,32,0,766,8,6,2,8
18,3,moe,577,32,13449,5012,5012,8090,287,0,60,0,763,8,3,5,8
18,4,moe,750,35,9241,6618,6618,2399,150,0,74,0,630,8,5,3,8
18,5,moe,805,33,3964,2313,2313,1522,99,1,29,0,628,8,6,2,8
18,6,moe,739,30,5733,2712,2713,2786,169,0,65,0,750,8,5,3,8
18,7,moe,568,31,4109,2351,2351,1605,98,0,55,0,625,8,6,2,8
18,8,moe,738,31,5054,2161,2161,2756,103,0,34,0,621,8,6,2,8
18,9,moe,804,30,5912,2408,2408,3341,113,0,50,0,745,8,6,2,8
18,10,moe,727,29,7732,3313,3313,4204,148,0,67,0,622,8,5,3,8
18,11,moe,564,28,7866,4387,4387,3048,385,0,46,0,632,8,4,4,8
18,12,moe,730,31,4529,2482,2482,1877,111,0,59,0,743,8,6,2,8
18,13,moe,798,33,2163,1239,1239,827,50,0,47,0,624,8,7,1,8
18,14,moe,739,30,7645,4367,4368,3032,196,0,49,0,634,8,4,4,8
18,15,moe,561,30,13429,6643,6643,6293,394,0,99,0,751,8,1,7,8
18,16,moe,731,30,7715,4342,4342,3105,194,0,74,0,646,8,4,4,8
18,17,moe,800,30,9540,5442,5442,3799,245,0,54,0,625,8,3,5,8
18,18,moe,735,32,10980,6094,6094,4526,281,0,79,0,748,8,3,5,8
18,19,moe,564,28,8839,4647,4647,3870,247,0,75,0,624,8,3,5,8
18,20,moe,727,29,7638,4354,4355,3046,194,0,43,0,627,8,4,4,8
18,21,moe,803,29,11429,4545,4545,6587,228,0,69,0,740,8,4,4,8
18,22,moe,803,32,8621,1314,1315,6970,249,0,87,0,622,8,3,5,8
18,23,moe,566,31,8003,1189,1189,6512,231,0,71,0,739,8,4,4,8
18,24,moe,810,31,11057,1822,1822,8832,345,0,58,0,746,8,2,6,8
18,25,moe,821,37,7594,1883,1883,5311,342,0,58,0,744,8,2,6,8
18,26,moe,567,30,19123,11105,11106,7069,884,0,64,0,744,8,0,8,8
18,-1,epi,0,0,0,0,0,0,0,0,5760,0,0,0,0,0,0
19,-2,pre,289,0,0,0,0,0,0,0,0,0,0,0,0,0,0
19,0,dense,1451,34,0,0,0,0,0,0,0,0,0,0,0,0,0
19,1,moe,821,32,10905,6121,6121,4447,289,0,48,0,746,8,3,5,8
19,2,moe,740,30,4433,2513,2513,1773,114,0,33,0,738,8,6,2,8
19,3,moe,561,28,4318,2411,2411,1766,112,0,29,0,743,8,6,2,8
19,4,moe,742,31,2022,1088,1088,827,50,0,57,0,631,8,7,1,8
19,5,moe,806,36,3851,2198,2198,1526,99,0,28,0,642,8,6,2,8
19,6,moe,729,29,1405,294,294,1014,57,0,40,0,748,8,7,1,8
19,7,moe,569,27,2052,1129,1129,829,51,0,43,0,632,8,7,1,8
19,8,moe,745,30,5771,3316,3316,2274,148,0,33,0,625,8,5,3,8
19,9,moe,803,30,2365,1253,1253,1010,56,1,45,0,744,8,7,1,8
19,10,moe,729,29,5017,2464,2464,2343,146,0,64,0,641,8,5,3,8
19,11,moe,572,34,6810,3521,3521,3040,200,0,49,0,632,8,4,4,8
19,12,moe,725,33,5784,2804,2804,2749,168,0,63,0,748,8,5,3,8
19,13,moe,798,32,1188,267,267,826,50,0,45,0,633,8,7,1,8
19,14,moe,730,30,3087,1443,1443,1520,98,0,26,0,643,8,6,2,8
19,15,moe,576,33,5886,2351,2351,3365,116,0,54,0,745,8,6,2,8
19,16,moe,740,30,5070,2472,2472,2377,148,1,72,0,621,8,5,3,8
19,17,moe,824,30,3875,2225,2225,1520,100,0,30,0,645,8,6,2,8
19,18,moe,728,29,4562,2505,2505,1893,112,0,52,0,741,8,6,2,8
19,19,moe,3219,28,9,0,0,0,0,0,9,0,625,8,8,0,8
19,20,moe,729,31,1816,269,269,1447,49,0,51,0,628,8,7,1,8
19,21,moe,814,30,6731,3756,3756,2746,169,0,60,0,748,8,5,3,8
19,22,moe,805,29,2163,588,588,1470,51,0,54,0,635,8,7,1,8
19,23,moe,564,28,2116,308,308,1715,58,0,35,0,746,8,7,1,8
19,24,moe,811,29,10,0,0,0,0,0,10,0,743,8,8,0,8
19,25,moe,831,32,3822,949,949,2662,175,0,36,0,754,8,5,3,8
19,26,moe,583,30,2295,1325,1325,890,61,0,19,0,743,8,7,1,8
19,-1,epi,0,0,0,0,0,0,0,0,5932,0,0,0,0,0,0
20,-2,pre,188,0,0,0,0,0,0,0,0,0,0,0,0,0,0
20,0,dense,1484,35,0,0,0,0,0,0,0,0,0,0,0,0,0
20,1,moe,849,33,3488,1564,1564,1776,118,0,30,0,758,8,6,2,8
20,2,moe,756,33,8655,3609,3609,4839,173,0,34,0,739,8,5,3,8
20,3,moe,562,30,4488,2562,2562,1774,119,0,33,0,746,8,6,2,8
20,4,moe,729,29,2088,1150,1150,830,51,0,57,0,643,8,7,1,8
20,5,moe,806,31,10053,4294,4294,5513,201,0,45,0,623,8,4,4,8
20,6,moe,736,32,3107,1225,1225,1779,58,0,45,0,735,8,7,1,8
20,7,moe,566,33,5273,2235,2235,2876,97,0,65,0,615,8,6,2,8
20,8,moe,728,34,2596,1131,1131,1397,50,0,18,0,622,8,7,1,8
20,9,moe,813,29,8704,3502,3502,4970,169,0,63,0,732,8,5,3,8
20,10,moe,723,30,2135,1183,1183,850,50,0,52,0,626,8,7,1,8
20,11,moe,575,30,9,0,0,0,0,0,9,0,623,8,8,0,8
20,12,moe,718,31,2242,1154,1154,988,55,0,45,0,745,8,7,1,8
20,13,moe,805,230,4433,3485,3485,852,51,0,45,0,617,8,7,1,8
20,14,moe,728,33,3245,2390,2390,782,53,0,20,0,611,8,7,1,8
20,15,moe,568,47,3579,1527,1527,1890,113,0,49,0,744,8,6,2,8
20,16,moe,747,35,5163,2146,2146,2854,101,0,62,0,622,8,6,2,8
20,17,moe,811,35,5692,3229,3229,2278,148,0,37,0,620,8,5,3,8
20,18,moe,727,34,7913,2642,2642,5012,191,0,68,0,787,8,5,3,8
20,19,moe,2932,37,6869,2397,2397,4237,162,0,73,0,647,8,5,3,8
20,20,moe,754,40,5836,4157,4157,1546,102,0,31,0,623,8,6,2,8
20,21,moe,806,32,6725,3737,3737,2748,175,0,65,0,740,8,5,3,8
20,22,moe,797,32,4528,1956,1956,2350,150,0,72,0,624,8,5,3,8
20,23,moe,571,30,2656,622,622,1871,119,0,44,0,742,8,6,2,8
20,24,moe,804,30,5064,1235,1235,3546,239,0,44,0,748,8,4,4,8
20,25,moe,814,30,2548,625,625,1773,121,3,26,0,746,8,6,2,8
20,26,moe,586,37,2242,1270,1270,889,63,0,20,0,738,8,7,1,8
20,-1,epi,0,0,0,0,0,0,0,0,5922,0,0,0,0,0,0
21,-2,pre,232,0,0,0,0,0,0,0,0,0,0,0,0,0,0
21,0,dense,1470,32,0,0,0,0,0,0,0,0,0,0,0,0,0
21,1,moe,833,34,14851,4788,4788,9662,343,0,58,0,755,8,2,6,8
21,2,moe,734,31,8776,3738,3738,4819,181,0,38,0,734,8,5,3,8
21,3,moe,567,30,13727,5329,5329,8059,293,0,46,0,734,8,3,5,8
21,4,moe,725,31,4208,1638,1638,2350,147,0,73,0,619,8,5,3,8
21,5,moe,804,31,4304,1421,1421,2758,99,0,26,0,613,8,6,2,8
21,6,moe,724,31,10765,3886,3886,6584,225,0,70,0,726,8,4,4,8
21,7,moe,560,29,6201,2802,2802,3129,200,0,70,0,619,8,4,4,8
21,8,moe,724,31,3089,1433,1433,1530,98,0,28,0,621,8,6,2,8
21,9,moe,797,29,2340,1236,1237,999,57,3,44,0,732,8,7,1,8
21,10,moe,724,31,6202,2815,2815,3109,199,0,79,0,613,8,4,4,8
21,11,moe,576,29,5748,3295,3295,2274,146,0,33,0,621,8,5,3,8
21,12,moe,730,30,5866,2875,2875,2761,172,0,58,0,736,8,5,3,8
21,13,moe,793,31,5018,2468,2468,2336,148,0,66,0,641,8,5,3,8
21,14,moe,725,32,6886,3600,3600,3040,204,0,42,0,619,8,4,4,8
21,15,moe,564,32,7810,3867,3867,3642,228,0,73,0,735,8,4,4,8
21,16,moe,724,28,7770,4384,4384,3116,195,0,75,0,617,8,4,4,8
21,17,moe,795,29,5155,2693,2693,2281,146,0,35,0,617,8,5,3,8
21,18,moe,723,30,8487,4499,4499,3678,240,0,70,0,740,8,4,4,8
21,19,moe,564,30,12993,5681,5682,6982,243,0,86,0,601,8,3,5,8
21,20,moe,727,31,11976,4777,4777,6894,246,0,59,0,606,8,3,5,8
21,21,moe,793,31,11738,4892,4892,6545,231,0,70,0,729,8,4,4,8
21,22,moe,794,31,7181,3768,3768,3132,206,0,75,0,616,8,4,4,8
21,23,moe,557,29,4292,743,743,3381,112,0,56,0,725,8,6,2,8
21,24,moe,797,34,7895,1204,1204,6426,224,1,40,0,730,8,4,4,8
21,25,moe,803,31,7959,1257,1257,6436,223,0,43,0,729,8,4,4,8
21,26,moe,568,35,5880,2780,2780,2683,380,0,37,0,729,8,5,3,8
21,-1,epi,0,0,0,0,0,0,0,0,5803,0,0,0,0,0,0
22,-2,pre,193,0,0,0,0,0,0,0,0,0,0,0,0,0,0
22,0,dense,1449,37,0,0,0,0,0,0,0,0,0,0,0,0,0
22,1,moe,827,38,7773,4867,4867,2692,174,0,40,0,745,8,5,3,8
22,2,moe,727,37,5050,1642,1642,3252,126,0,30,0,730,8,6,2,8
22,3,moe,563,30,7092,3236,3236,3578,237,0,41,0,740,8,4,4,8
22,4,moe,724,31,7022,3537,3537,3191,202,0,92,0,618,8,4,4,8
22,5,moe,863,34,5062,2519,2519,2353,149,0,41,0,633,8,5,3,8
22,6,moe,801,36,8094,4117,4121,3670,228,0,75,0,744,8,4,4,8
22,7,moe,582,37,10,0,0,0,0,0,10,0,627,8,8,0,8
22,8,moe,799,33,7856,4393,4393,3180,203,0,80,0,629,8,4,4,8
22,9,moe,813,36,8712,4731,4731,3683,226,0,72,0,753,8,4,4,8
22,10,moe,736,33,7833,4411,4411,3150,194,0,78,0,617,8,4,4,8
22,11,moe,564,30,1115,275,275,771,49,0,20,0,624,8,7,1,8
22,12,moe,738,31,6692,3688,3688,2767,170,0,67,0,739,8,5,3,8
22,13,moe,793,34,5141,2548,2548,2378,147,0,68,0,617,8,5,3,8
22,14,moe,724,32,3738,2091,2091,1527,97,0,23,0,616,8,6,2,8
22,15,moe,561,27,4254,3155,3155,998,57,3,41,0,727,8,7,1,8
22,16,moe,721,29,4388,1814,1814,2355,150,0,69,0,617,8,5,3,8
22,17,moe,797,31,5792,3329,3331,2278,147,0,36,0,620,8,5,3,8
22,18,moe,724,31,4193,2149,2149,1878,112,0,54,0,735,8,6,2,8
22,19,moe,567,35,5834,3243,3243,2368,144,0,79,0,616,8,5,3,8
22,20,moe,724,31,9,0,0,0,0,0,9,0,621,8,8,0,8
22,21,moe,802,30,3557,1497,1497,1890,113,0,57,0,738,8,6,2,8
22,22,moe,795,29,3990,2248,2248,1586,98,0,58,0,615,8,6,2,8
22,23,moe,568,28,9,0,0,0,0,0,9,0,732,8,8,0,8
22,24,moe,802,34,6085,897,897,4953,170,0,65,0,741,8,5,3,8
22,25,moe,811,35,10,0,1,0,0,0,9,0,736,8,8,0,8
22,26,moe,576,29,9,0,0,0,0,0,9,0,753,8,8,0,8
22,-1,epi,0,0,0,0,0,0,0,0,5968,0,0,0,0,0,0
23,-2,pre,225,0,0,0,0,0,0,0,0,0,0,0,0,0,0
23,0,dense,1485,34,0,0,0,0,0,0,0,0,0,0,0,0,0
23,1,moe,829,32,10894,6136,6136,4425,283,0,50,0,746,8,3,5,8
23,2,moe,734,31,4442,2530,2530,1768,115,0,29,0,741,8,6,2,8
23,3,moe,654,32,6521,3642,3642,2668,175,0,36,0,741,8,5,3,8
23,4,moe,727,30,1219,275,275,832,51,0,61,0,627,8,7,1,8
23,5,moe,801,42,7961,3839,3839,3814,250,0,58,0,627,8,3,5,8
23,6,moe,733,33,2316,1197,1197,1014,58,0,47,0,737,8,7,1,8
23,7,moe,632,29,7948,3424,3424,4285,162,0,77,0,676,8,5,3,8
23,8,moe,723,35,7001,3592,3592,3137,221,0,51,0,637,8,4,4,8
23,9,moe,804,34,4468,2403,2403,1881,116,0,68,0,750,8,6,2,8
23,10,moe,739,32,9503,3647,3647,5578,195,0,83,0,608,8,4,4,8
23,11,moe,700,33,10046,6737,6737,3069,195,0,45,0,622,8,4,4,8
23,12,moe,722,37,6621,3636,3636,2748,170,0,67,0,735,8,5,3,8
23,13,moe,800,35,5850,3288,3288,2349,146,0,67,0,619,8,5,3,8
23,14,moe,722,34,5048,2582,2582,2280,147,0,39,0,616,8,5,3,8
23,15,moe,648,37,7990,4059,4059,3634,226,0,71,0,739,8,4,4,8
23,16,moe,728,33,9296,4260,4263,4651,294,0,88,0,619,8,2,6,8
23,17,moe,799,43,5346,3693,3693,1526,97,0,30,0,619,8,6,2,8
23,18,moe,759,53,8150,4186,4186,3662,229,0,73,0,756,8,4,4,8
23,19,moe,649,37,4336,1334,1334,2836,102,0,64,0,625,8,6,2,8
23,20,moe,730,59,2616,1157,1157,1388,50,0,21,0,618,8,7,1,8
23,21,moe,795,34,9936,3034,3034,6599,226,0,77,0,729,8,4,4,8
23,22,moe,790,33,5874,3297,3297,2360,147,0,70,0,615,8,5,3,8
23,23,moe,629,32,6053,3071,3072,2745,170,0,66,0,737,8,5,3,8
23,24,moe,796,32,6292,1534,1534,4424,284,0,50,0,745,8,3,5,8
23,25,moe,811,34,6305,1567,1567,4408,282,0,48,0,747,8,3,5,8
23,26,moe,664,31,10647,3919,3919,6451,229,0,48,0,730,8,4,4,8
23,-1,epi,0,0,0,0,0,0,0,0,5798,0,0,0,0,0,0
24,-2,pre,220,0,0,0,0,0,0,0,0,0,0,0,0,0,0
24,0,dense,1450,33,0,0,0,0,0,0,0,0,0,0,0,0,0
24,1,moe,816,32,13741,5349,5349,8051,290,0,51,0,731,8,3,5,8
24,2,moe,724,32,11124,6361,6363,4426,287,0,48,0,737,8,3,5,8
24,3,moe,635,29,3493,1577,1577,1776,114,0,26,0,734,8,6,2,8
24,4,moe,724,29,7738,4342,4342,3108,197,0,91,0,627,8,4,4,8
24,5,moe,795,30,6454,2351,2351,3810,246,0,47,0,619,8,3,5,8
24,6,moe,723,135,8747,2868,2868,5452,338,0,89,0,745,8,2,6,8
24,7,moe,646,28,5542,2155,2155,3111,198,3,75,0,617,8,4,4,8
24,8,moe,727,30,8663,2941,2941,5318,342,0,62,0,625,8,1,7,8
24,9,moe,815,33,11975,5162,5163,6314,399,0,99,0,734,8,1,7,8
24,10,moe,724,31,4211,1637,1637,2354,152,0,68,0,622,8,5,3,8
24,11,moe,655,29,9295,4353,4353,4587,299,0,56,0,622,8,2,6,8
24,12,moe,730,38,13167,7311,7312,5435,335,0,85,0,730,8,2,6,8
24,13,moe,792,31,7639,2619,2619,4622,292,0,106,0,618,8,2,6,8
24,14,moe,733,37,10013,5076,5076,4583,295,0,59,0,614,8,2,6,8
24,15,moe,631,31,12788,5987,5987,6303,393,0,105,0,734,8,1,7,8
24,16,moe,722,32,16647,4975,4975,11162,396,1,113,0,608,8,0,8,8
24,17,moe,794,32,5625,2153,2153,3226,204,0,42,0,608,8,4,4,8
24,18,moe,753,31,10818,5694,5695,4741,301,0,81,0,742,8,3,5,8
24,19,moe,638,30,7069,3489,3489,3300,205,0,75,0,612,8,4,4,8
24,20,moe,747,33,9366,4119,4120,4880,308,0,58,0,621,8,2,6,8
24,21,moe,787,31,15378,6640,6640,8370,285,0,83,0,727,8,3,5,8
24,22,moe,815,32,9296,4770,4770,4192,254,0,80,0,623,8,3,5,8
24,23,moe,661,30,9690,4342,4342,4964,297,0,87,0,750,8,3,5,8
24,24,moe,821,32,6196,2040,2041,3851,249,0,55,0,745,8,4,4,8
24,25,moe,821,36,4329,667,667,3505,124,0,33,0,736,8,6,2,8
24,26,moe,673,38,19618,7849,7849,11306,398,0,65,0,734,8,1,7,8
24,-1,epi,0,0,0,0,0,0,0,0,5726,0,0,0,0,0,0
25,-2,pre,218,0,0,0,0,0,0,0,0,0,0,0,0,0,0
25,0,dense,1447,31,0,0,0,0,0,0,0,0,0,0,0,0,0
25,1,moe,811,36,10,0,0,0,0,0,10,0,752,8,8,0,8
25,2,moe,742,31,1982,300,300,1604,59,0,19,0,745,8,7,1,8
25,3,moe,656,30,6608,3751,3753,2654,169,0,32,0,738,8,5,3,8
25,4,moe,731,29,2157,1213,1213,837,50,0,57,0,611,8,7,1,8
25,5,moe,808,34,10,0,0,0,0,0,10,0,627,8,8,0,8
25,6,moe,743,31,3116,1298,1298,1716,57,0,45,0,729,8,7,1,8
25,7,moe,650,32,2769,1184,1184,1491,48,0,46,0,607,8,7,1,8
25,8,moe,727,30,4267,1387,1387,2756,98,0,26,0,615,8,6,2,8
25,9,moe,795,33,1441,311,311,1026,58,0,46,0,733,8,7,1,8
25,10,moe,726,29,5870,3272,3272,2383,148,0,67,0,617,8,5,3,8
25,11,moe,627,29,8,0,0,0,0,0,8,0,612,8,8,0,8
25,12,moe,728,28,9,0,0,0,0,0,9,0,753,8,8,0,8
25,13,moe,789,31,2659,1176,1176,1404,58,0,21,0,670,8,7,1,8
25,14,moe,722,36,4309,1373,1374,2791,113,1,30,0,674,8,6,2,8
25,15,moe,714,32,7224,2003,2003,4967,179,0,75,0,746,8,5,3,8
25,16,moe,732,34,4383,1410,1410,2814,97,0,62,0,627,8,6,2,8
25,17,moe,809,40,5719,3241,3241,2288,149,0,41,0,620,8,5,3,8
25,18,moe,727,33,4469,2368,2368,1908,113,0,80,0,741,8,6,2,8
25,19,moe,645,34,4738,2157,2157,2365,149,0,67,0,621,8,5,3,8
25,20,moe,733,31,1967,1131,1131,766,49,0,21,0,615,8,7,1,8
25,21,moe,817,32,6688,3690,3690,2767,167,0,64,0,739,8,5,3,8
25,22,moe,798,34,2183,1247,1247,839,50,0,47,0,621,8,7,1,8
25,23,moe,639,29,2297,1205,1205,997,58,0,37,0,740,8,7,1,8
25,24,moe,802,30,3118,1213,1213,1762,114,0,29,0,740,8,6,2,8
25,25,moe,807,30,1261,302,302,883,57,0,19,0,742,8,7,1,8
25,26,moe,645,34,1989,311,311,1603,57,0,18,0,736,8,7,1,8
25,-1,epi,0,0,0,0,0,0,0,0,5944,0,0,0,0,0,0
26,-2,pre,220,0,0,0,0,0,0,0,0,0,0,0,0,0,0
26,0,dense,1480,31,0,0,0,0,0,0,0,0,0,0,0,0,0
26,1,moe,827,31,5908,884,884,4815,171,0,38,0,746,8,5,3,8
26,2,moe,742,30,6567,3720,3720,2642,171,0,34,0,744,8,5,3,8
26,3,moe,644,29,2522,622,622,1762,114,0,24,0,745,8,6,2,8
26,4,moe,744,33,2160,1212,1212,840,51,0,57,0,627,8,7,1,8
26,5,moe,808,30,9,0,0,0,0,0,9,0,630,8,8,0,8
26,6,moe,744,30,2367,1268,1268,993,60,0,46,0,742,8,7,1,8
26,7,moe,640,28,9,0,0,0,0,0,9,0,626,8,8,0,8
26,8,moe,795,33,4599,3647,3647,849,51,0,52,0,625,8,7,1,8
26,9,moe,809,39,10,0,0,0,0,0,10,0,739,8,8,0,8
26,10,moe,730,34,4043,2365,2365,1547,101,0,30,0,627,8,6,2,8
26,11,moe,651,37,3101,1450,1450,1522,98,0,31,0,624,8,6,2,8
26,12,moe,732,35,2280,1200,1200,977,58,0,45,0,746,8,7,1,8
26,13,moe,804,35,4127,2390,2390,1581,99,1,56,0,625,8,6,2,8
26,14,moe,733,36,4987,2513,2514,2281,145,0,47,0,627,8,5,3,8
26,15,moe,658,36,7816,2610,2610,4971,173,0,62,0,740,8,5,3,8
26,16,moe,727,35,5273,837,837,4216,151,0,69,0,621,8,5,3,8
26,17,moe,808,34,3325,2483,2483,769,52,0,21,0,620,8,7,1,8
26,18,moe,733,37,5169,2161,2161,2771,174,0,63,0,764,8,5,3,8
26,19,moe,648,33,6018,2629,2630,3123,194,0,71,0,612,8,4,4,8
26,20,moe,734,34,3165,1511,1511,1524,103,0,27,0,619,8,6,2,8
26,21,moe,799,34,3611,1572,1572,1868,114,0,57,0,736,8,6,2,8
26,22,moe,797,34,4435,1870,1870,2356,148,0,61,0,616,8,5,3,8
26,23,moe,647,33,8,0,0,0,0,0,8,0,735,8,8,0,8
26,24,moe,808,33,7742,2816,2816,4554,290,0,82,0,741,8,3,5,8
26,25,moe,798,34,1280,316,316,884,61,0,19,0,745,8,7,1,8
26,26,moe,644,32,7753,2716,2716,4832,168,0,37,0,735,8,5,3,8
26,-1,epi,0,0,0,0,0,0,0,0,5878,0,0,0,0,0,0
27,-2,pre,213,0,0,0,0,0,0,0,0,0,0,0,0,0,0
27,0,dense,1470,38,0,0,0,0,0,0,0,0,0,0,0,0,0
27,1,moe,841,37,13562,5184,5184,8035,289,0,54,0,738,8,3,5,8
27,2,moe,728,35,7873,4044,4045,3554,228,0,46,0,743,8,4,4,8
27,3,moe,658,33,18408,6598,6598,11306,399,0,105,0,737,8,1,7,8
27,4,moe,727,89,10313,4390,4390,5637,200,0,86,0,607,8,4,4,8
27,5,moe,795,37,7083,3783,3783,3047,202,0,51,0,619,8,4,4,8
27,6,moe,735,36,4446,2398,2399,1873,114,0,60,0,720,8,6,2,8
27,7,moe,639,34,4072,2319,2319,1596,99,0,58,0,613,8,6,2,8
27,8,moe,722,34,1986,1155,1155,759,51,0,21,0,616,8,7,1,8
27,9,moe,796,35,6528,3517,3517,2764,173,0,74,0,737,8,5,3,8
27,10,moe,724,33,7190,3810,3810,3097,197,0,86,0,616,8,4,4,8
27,11,moe,639,33,6900,3621,3622,3040,195,0,43,0,630,8,4,4,8
27,12,moe,729,38,3628,1579,1579,1874,114,0,61,0,736,8,6,2,8
27,13,moe,802,33,7005,3625,3625,3101,195,0,84,0,619,8,4,4,8
27,14,moe,721,35,8791,4677,4677,3806,248,0,60,0,613,8,3,5,8
27,15,moe,628,32,14113,6364,6365,7182,448,0,118,0,742,8,0,8,8
27,16,moe,726,33,8050,3825,3825,3887,245,0,93,0,617,8,3,5,8
27,17,moe,791,36,4153,1668,1669,2300,145,0,39,0,617,8,5,3,8
27,18,moe,727,34,12762,5903,5903,6348,398,0,113,0,736,8,1,7,8
27,19,moe,636,35,9100,4861,4861,3904,247,0,88,0,614,8,3,5,8
27,20,moe,720,35,7755,1999,1999,5509,194,0,53,0,601,8,4,4,8
27,21,moe,793,34,7216,3250,3250,3661,226,0,79,0,734,8,4,4,8
27,22,moe,794,34,6233,2850,2850,3103,198,0,82,0,616,8,4,4,8
27,23,moe,641,34,5023,1531,1531,3327,112,0,53,0,727,8,6,2,8
27,24,moe,799,37,8696,2961,2962,5321,350,0,63,0,736,8,2,6,8
27,25,moe,808,38,10449,2069,2070,8036,285,0,58,0,733,8,3,5,8
27,26,moe,656,34,11945,6223,6223,5313,345,0,64,0,736,8,2,6,8
27,-1,epi,0,0,0,0,0,0,0,0,5765,0,0,0,0,0,0
28,-2,pre,210,0,0,0,0,0,0,0,0,0,0,0,0,0,0
28,0,dense,1445,39,0,0,0,0,0,0,0,0,0,0,0,0,0
28,1,moe,823,38,16580,6474,6474,9695,349,0,62,0,722,8,2,6,8
28,2,moe,726,34,13727,5248,5248,8115,309,0,55,0,774,8,3,5,8
28,3,moe,660,38,12518,5726,5727,6280,421,0,90,0,760,8,1,7,8
28,4,moe,756,41,5317,2327,2327,2817,98,0,75,0,605,8,6,2,8
28,5,moe,804,37,7808,4512,4512,3048,196,0,52,0,621,8,4,4,8
28,6,moe,730,41,5692,2700,2700,2746,171,0,75,0,734,8,5,3,8
28,7,moe,650,36,6950,3554,3554,3116,195,4,81,0,617,8,4,4,8
28,8,moe,728,34,5006,2536,2536,2277,150,0,43,0,619,8,5,3,8
28,9,moe,798,35,14522,5944,5944,8199,285,0,94,0,726,8,3,5,8
28,10,moe,721,35,9792,5554,5554,3896,245,0,97,0,617,8,3,5,8
28,11,moe,626,35,4114,1653,1654,2272,149,0,39,0,618,8,5,3,8
28,12,moe,724,34,2324,1222,1222,996,56,0,50,0,734,8,7,1,8
28,13,moe,792,35,6992,3605,3605,3106,195,0,86,0,611,8,4,4,8
28,14,moe,731,35,5985,2694,2694,3047,195,0,49,0,624,8,4,4,8
28,15,moe,633,35,6564,3545,3545,2775,172,0,72,0,750,8,5,3,8
28,16,moe,724,37,10171,5150,5150,4625,291,0,105,0,615,8,2,6,8
28,17,moe,790,36,7899,4604,4604,3044,196,0,55,0,611,8,4,4,8
28,18,moe,720,36,5255,2269,2269,2741,170,0,75,0,731,8,5,3,8
28,19,moe,644,35,7861,4473,4473,3110,195,0,83,0,608,8,4,4,8
28,20,moe,724,36,5721,3243,3243,2293,148,0,37,0,608,8,5,3,8
28,21,moe,793,35,5824,2824,2825,2754,169,0,76,0,732,8,5,3,8
28,22,moe,792,36,6140,2709,2709,3138,207,0,86,0,616,8,4,4,8
28,23,moe,633,33,5854,2360,2360,3324,113,0,57,0,731,8,6,2,8
28,24,moe,790,35,8604,3557,3558,4834,170,0,42,0,727,8,5,3,8
28,25,moe,801,38,5412,2536,2536,2659,172,0,45,0,730,8,5,3,8
28,26,moe,642,34,6386,3518,3518,2659,170,0,39,0,728,8,5,3,8
28,-1,epi,0,0,0,0,0,0,0,0,5792,0,0,0,0,0,0
29,-2,pre,230,0,0,0,0,0,0,0,0,0,0,0,0,0,0
29,0,dense,1441,39,0,0,0,0,0,0,0,0,0,0,0,0,0
29,1,moe,807,36,10138,3387,3387,6470,232,0,49,0,751,8,4,4,8
29,2,moe,731,35,12637,4226,4226,8075,280,0,56,0,730,8,3,5,8
29,3,moe,633,34,12261,5526,5526,6457,231,0,47,0,720,8,4,4,8
29,4,moe,720,34,5921,3331,3331,2357,149,0,84,0,610,8,5,3,8
29,5,moe,873,35,9419,6945,6945,2281,147,0,46,0,605,8,5,3,8
29,6,moe,731,35,13265,7319,7319,5492,345,1,108,0,821,8,2,6,8
29,7,moe,695,39,7253,3813,3813,3074,232,0,134,0,761,8,5,3,8
29,8,moe,982,120,10190,5616,5616,4174,311,0,89,0,670,8,3,5,8
29,9,moe,863,41,3598,1502,1502,1894,128,0,74,0,784,8,6,2,8
29,10,moe,768,42,5286,2531,2531,2492,186,0,77,0,656,8,5,3,8
29,11,moe,880,46,5699,2609,2609,2771,252,0,67,0,703,8,5,3,8
29,12,moe,891,51,3100,1188,1188,1683,113,1,115,0,893,8,7,1,8
29,13,moe,934,49,5292,2526,2528,2468,174,0,122,0,739,8,5,3,8
29,14,moe,822,41,3672,910,910,2512,185,0,65,0,624,8,5,3,8
29,15,moe,671,50,5320,2074,2074,2954,203,0,89,0,846,8,6,2,8
29,16,moe,1000,42,5329,2269,2269,2710,229,0,121,0,979,8,5,3,8
29,17,moe,912,57,8830,4392,4393,3933,401,0,103,0,1072,8,4,4,8
29,18,moe,763,43,8104,3652,3652,4071,267,0,114,0,814,8,4,4,8
29,19,moe,913,47,6115,3317,3317,2536,177,0,85,0,672,8,5,3,8
29,20,moe,712,47,5611,2933,2934,2465,166,0,46,0,658,8,5,3,8
29,21,moe,771,44,8076,2968,2969,4710,306,0,91,0,763,8,4,4,8
29,22,moe,859,50,4413,2266,2266,1869,125,0,153,0,658,8,6,2,8
29,23,moe,663,40,11189,5204,5204,5038,394,1,552,0,765,8,3,5,8
29,24,moe,819,45,8257,4125,4126,3815,263,0,53,0,767,8,4,4,8
29,25,moe,736,51,8718,4725,4725,3673,262,1,57,0,808,8,4,4,8
29,26,moe,746,40,9761,4247,4248,5112,340,0,61,0,795,8,3,5,8
29,-1,epi,0,0,0,0,0,0,0,0,5703,0,0,0,0,0,0
30,-2,pre,212,0,0,0,0,0,0,0,0,0,0,0,0,0,0
30,0,dense,1303,48,0,0,0,0,0,0,0,0,0,0,0,0,0
30,1,moe,782,40,11891,5477,5478,5953,386,1,73,0,764,8,2,6,8
30,2,moe,653,35,6731,3528,3528,2965,194,0,44,0,773,8,5,3,8
30,3,moe,633,41,11730,5459,5461,5821,378,0,70,0,754,8,2,6,8
30,4,moe,1104,176,7518,3821,3821,3370,215,0,112,0,631,8,4,4,8
30,5,moe,775,41,2342,550,550,1641,110,3,38,0,646,8,6,2,8
30,6,moe,691,41,2391,1220,1221,1055,67,0,48,0,761,8,7,1,8
30,7,moe,811,35,5797,2970,2970,2550,188,0,89,0,666,8,5,3,8
30,8,moe,724,47,3325,1476,1476,1690,116,0,43,0,664,8,6,2,8
30,9,moe,772,40,4363,971,972,3103,212,0,76,0,778,8,5,3,8
30,10,moe,651,36,10847,5432,5432,4995,313,0,107,0,776,8,2,6,8
30,11,moe,834,43,5695,2582,2582,2878,187,0,48,0,651,8,5,3,8
30,12,moe,708,46,11038,5456,5456,5023,433,0,126,0,795,8,3,5,8
30,13,moe,878,41,5942,2061,2061,3518,266,0,97,0,651,8,4,4,8
30,14,moe,705,126,7630,2702,2703,4479,349,0,99,0,653,8,3,5,8
30,15,moe,687,37,6871,2346,2346,4069,373,0,83,0,838,8,4,4,8
30,16,moe,795,118,7865,3828,3829,3683,241,0,112,0,653,8,4,4,8
30,17,moe,720,46,8549,4077,4077,4118,291,0,63,0,673,8,3,5,8
30,18,moe,710,43,13589,5994,5994,6997,483,0,115,0,810,8,1,7,8
30,19,moe,672,47,13060,6537,6537,5994,392,0,137,0,622,8,2,6,8
30,20,moe,673,43,11787,4594,4594,6649,468,0,76,0,732,8,1,7,8
30,21,moe,759,63,9530,4109,4109,4977,316,1,127,0,775,8,3,5,8
30,22,moe,778,47,9911,4283,4284,5165,347,0,115,0,648,8,2,6,8
30,23,moe,624,43,10306,4394,4395,5375,419,0,117,0,811,8,3,5,8
30,24,moe,729,44,13031,5143,5143,7195,608,0,85,0,781,8,1,7,8
30,25,moe,717,46,9204,3693,3693,5049,384,0,78,0,772,8,3,5,8
30,26,moe,718,41,15285,6969,6969,7669,557,0,90,0,847,8,1,7,8
30,-1,epi,0,0,0,0,0,0,0,0,4691,0,0,0,0,0,0
31,-2,pre,304,0,0,0,0,0,0,0,0,0,0,0,0,0,0
31,0,dense,10766,59,0,0,0,0,0,0,0,0,0,0,0,0,0
31,1,moe,1764,65,17285,9807,9808,6950,445,0,82,0,647,8,1,7,8
31,2,moe,674,48,17469,11266,11267,5747,372,0,83,0,638,8,2,6,8
31,3,moe,616,39,13967,6752,6752,6716,423,0,76,0,669,8,1,7,8
31,4,moe,735,37,7238,3803,3803,3139,197,0,99,0,622,8,4,4,8
31,5,moe,800,34,4350,1834,1834,2320,156,0,40,0,620,8,5,3,8
31,6,moe,743,37,8022,4038,4038,3676,227,0,81,0,745,8,4,4,8
31,7,moe,640,31,6995,3533,3533,3176,197,0,89,0,628,8,4,4,8
31,8,moe,728,32,7988,4558,4558,3182,207,0,41,0,563,8,4,4,8
31,9,moe,713,34,8573,3592,3592,4603,288,0,90,0,744,8,3,5,8
31,10,moe,729,32,7972,3775,3775,3867,247,0,83,0,627,8,3,5,8
31,11,moe,650,30,11145,5341,5341,5388,349,0,67,0,627,8,1,7,8
31,12,moe,681,38,6512,3447,3447,2819,173,0,73,0,741,8,5,3,8
31,13,moe,796,32,9294,5076,5076,3887,252,0,79,0,620,8,3,5,8
31,14,moe,733,33,6328,3019,3020,3059,200,0,49,0,620,8,4,4,8
31,15,moe,645,30,12418,6541,6541,5448,340,0,89,0,740,8,2,6,8
31,16,moe,737,35,10744,4069,4070,6168,391,0,115,0,622,8,0,8,8
31,17,moe,800,33,12590,6826,6826,5348,347,0,69,0,622,8,1,7,8
31,18,moe,726,33,12716,5894,5895,6318,398,0,105,0,744,8,1,7,8
31,19,moe,650,31,10422,5375,5375,4654,297,0,96,0,621,8,2,6,8
31,20,moe,5147,33,8238,4120,4120,3817,249,0,52,0,626,8,3,5,8
31,21,moe,792,34,6204,2261,2261,3642,226,0,75,0,737,8,4,4,8
31,22,moe,794,34,7503,3254,3254,3903,251,0,95,0,627,8,3,5,8
31,23,moe,636,35,11901,6050,6050,5419,338,0,94,0,735,8,2,6,8
31,24,moe,789,33,12172,4557,4558,7085,447,0,82,0,740,8,0,8,8
31,25,moe,799,32,14219,7357,7358,6352,436,0,73,0,789,8,1,7,8
31,26,moe,661,2851,16026,6340,6341,6224,401,0,3060,0,745,8,1,7,8
31,-1,epi,0,0,0,0,0,0,0,0,5852,0,0,0,0,0,0
32,-2,pre,218,0,0,0,0,0,0,0,0,0,0,0,0,0,0
32,0,dense,1466,39,0,0,0,0,0,0,0,0,0,0,0,0,0
32,1,moe,826,41,9141,4337,4337,4464,282,0,58,0,748,8,3,5,8
32,2,moe,741,273,9211,6328,6328,2667,172,0,44,0,737,8,5,3,8
32,3,moe,652,37,10532,4810,4811,5314,343,0,64,0,741,8,2,6,8
32,4,moe,724,37,6169,2750,2750,3134,203,1,81,0,614,8,4,4,8
32,5,moe,797,37,4300,1825,1825,2292,148,0,35,0,622,8,5,3,8
32,6,moe,732,34,3871,1806,1808,1887,117,0,59,0,738,8,6,2,8
32,7,moe,650,35,5912,3339,3339,2351,153,0,69,0,617,8,5,3,8
32,8,moe,728,35,5197,2694,2694,2313,154,0,36,0,616,8,5,3,8
32,9,moe,793,38,5001,2013,2013,2745,170,0,73,0,736,8,5,3,8
32,10,moe,726,36,6248,2857,2857,3115,196,0,80,0,624,8,4,4,8
32,11,moe,640,34,7154,3046,3046,3809,243,0,56,0,619,8,3,5,8
32,12,moe,744,36,7461,3519,3520,3644,223,0,74,0,730,8,4,4,8
32,13,moe,791,36,6070,3494,3494,2351,148,0,77,0,614,8,5,3,8
32,14,moe,745,33,5028,2545,2545,2297,147,0,39,0,617,8,5,3,8
32,15,moe,645,34,6989,3005,3005,3674,229,0,81,0,736,8,4,4,8
32,16,moe,723,39,7304,3096,3097,3873,246,0,88,0,616,8,3,5,8
32,17,moe,804,40,7262,3133,3133,3827,253,0,49,0,647,8,3,5,8
32,18,moe,714,37,10660,4675,4675,5517,367,0,101,0,742,8,2,6,8
32,19,moe,643,37,12764,7610,7610,4737,308,0,109,0,659,8,2,6,8
32,20,moe,709,43,5882,3332,3332,2347,160,0,43,0,632,8,5,3,8
32,21,moe,811,41,10762,5725,5725,4629,287,0,121,0,755,8,3,5,8
32,22,moe,798,42,10240,5203,5203,4635,294,1,107,0,641,8,2,6,8
32,23,moe,647,35,9410,5430,5430,3664,226,0,90,0,744,8,4,4,8
32,24,moe,805,43,8622,2899,2899,5321,336,0,66,0,739,8,2,6,8
32,25,moe,796,36,8836,4059,4061,4424,282,0,69,0,737,8,3,5,8
32,26,moe,642,34,9083,5265,5265,3549,225,0,44,0,732,8,4,4,8
32,-1,epi,0,0,0,0,0,0,0,0,5844,0,0,0,0,0,0
33,-2,pre,218,0,0,0,0,0,0,0,0,0,0,0,0,0,0
33,0,dense,1455,43,0,0,0,0,0,0,0,0,0,0,0,0,0
33,1,moe,861,42,9441,4684,4685,4417,284,0,55,0,744,8,3,5,8
33,2,moe,727,38,10058,7179,7179,2660,177,1,41,0,778,8,5,3,8
33,3,moe,701,85,4930,2993,2993,1782,120,0,35,0,778,8,6,2,8
33,4,moe,789,80,4641,2822,2822,1608,105,0,106,0,664,8,6,2,8
33,5,moe,822,87,3642,1980,1981,1523,106,1,31,0,650,8,6,2,8
33,6,moe,727,36,6602,3589,3589,2756,173,0,84,0,733,8,5,3,8
33,7,moe,641,36,1238,276,276,861,49,0,52,0,617,8,7,1,8
33,8,moe,730,36,5064,2589,2590,2284,151,0,39,0,617,8,5,3,8
33,9,moe,807,37,3623,1574,1575,1870,116,0,62,0,744,8,6,2,8
33,10,moe,724,35,7468,4061,4062,3112,194,0,100,0,618,8,4,4,8
33,11,moe,649,33,4102,1628,1628,2284,151,2,37,0,625,8,5,3,8
33,12,moe,726,35,7873,3918,3918,3640,230,1,84,0,742,8,4,4,8
33,13,moe,792,36,2316,562,562,1590,102,0,62,0,625,8,6,2,8
33,14,moe,726,35,6162,2877,2877,3042,199,0,44,0,620,8,4,4,8
33,15,moe,650,35,5271,1294,1295,3675,232,0,69,0,737,8,4,4,8
33,16,moe,723,37,4354,1771,1771,2356,151,0,76,0,619,8,5,3,8
33,17,moe,800,35,6067,2760,2761,3055,202,0,49,0,627,8,4,4,8
33,18,moe,727,35,5510,2489,2490,2777,173,0,70,0,731,8,5,3,8
33,19,moe,644,33,5305,2698,2699,2383,150,0,73,0,628,8,5,3,8
33,20,moe,722,39,11291,5569,5570,5315,343,1,62,0,622,8,1,7,8
33,21,moe,790,36,8414,3529,3529,4522,286,0,77,0,734,8,3,5,8
33,22,moe,791,38,3308,766,766,2327,146,0,69,0,618,8,5,3,8
33,23,moe,639,57,4572,2501,2501,1891,118,0,62,0,735,8,6,2,8
33,24,moe,800,37,1303,322,322,898,62,0,21,0,741,8,7,1,8
33,25,moe,804,40,4436,2528,2528,1765,114,0,29,0,735,8,6,2,8
33,26,moe,656,37,10,0,0,0,0,1,9,0,731,8,8,0,8
33,-1,epi,0,0,0,0,0,0,0,0,5955,0,0,0,0,0,0
34,-2,pre,216,0,0,0,0,0,0,0,0,0,0,0,0,0,0
34,0,dense,1469,39,0,0,0,0,0,0,0,0,0,0,0,0,0
34,1,moe,823,37,7396,2649,2650,4415,281,0,50,0,747,8,3,5,8
34,2,moe,741,37,6180,2345,2345,3558,230,0,47,0,749,8,4,4,8
34,3,moe,655,37,7389,3560,3560,3559,230,0,40,0,739,8,4,4,8
34,4,moe,727,33,4266,1659,1660,2377,146,0,83,0,634,8,5,3,8
34,5,moe,808,35,3904,2259,2259,1519,99,0,27,0,621,8,6,2,8
34,6,moe,727,35,5033,2012,2012,2783,171,0,67,0,745,8,5,3,8
34,7,moe,662,36,4239,1669,1669,2356,146,0,68,0,615,8,5,3,8
34,8,moe,729,34,1107,278,278,762,49,0,18,0,631,8,7,1,8
34,9,moe,814,37,9,0,0,0,0,0,9,0,756,8,8,0,8
34,10,moe,742,38,2336,585,585,1593,116,0,42,0,644,8,6,2,8
34,11,moe,665,35,5404,2037,2037,3095,218,0,54,0,689,8,4,4,8
34,12,moe,728,42,7123,2057,2058,4661,302,0,102,0,770,8,3,5,8
34,13,moe,831,43,1884,309,309,1463,48,0,64,0,630,8,7,1,8
34,14,moe,744,38,6541,3235,3235,3063,198,0,45,0,639,8,4,4,8
34,15,moe,646,35,5706,2662,2662,2777,178,0,89,0,754,8,5,3,8
34,16,moe,743,46,6512,3094,3094,3128,200,0,90,0,674,8,4,4,8
34,17,moe,813,39,8129,4011,4012,3809,255,0,53,0,633,8,3,5,8
34,18,moe,745,38,7685,2769,2769,4526,294,0,96,0,780,8,3,5,8
34,19,moe,657,35,12826,6843,6843,5683,210,0,90,0,669,8,4,4,8
34,20,moe,706,41,5226,2652,2652,2373,160,0,41,0,639,8,5,3,8
34,21,moe,770,39,7114,3011,3011,3776,243,0,84,0,754,8,4,4,8
34,22,moe,803,42,6311,2899,2900,3118,198,0,95,0,625,8,4,4,8
34,23,moe,646,36,4424,2363,2363,1883,112,0,66,0,746,8,6,2,8
34,24,moe,799,39,8316,3531,3531,4443,285,0,57,0,748,8,3,5,8
34,25,moe,799,38,5811,2906,2906,2691,176,0,38,0,740,8,5,3,8
34,26,moe,647,34,6935,3090,3090,3559,229,0,57,0,744,8,4,4,8
34,-1,epi,0,0,0,0,0,0,0,0,5929,0,0,0,0,0,0
35,-2,pre,1150,0,0,0,0,0,0,0,0,0,0,0,0,0,0
35,0,dense,1463,43,0,0,0,0,0,0,0,0,0,0,0,0,0
35,1,moe,822,36,10138,5369,5369,4433,283,0,53,0,748,8,3,5,8
35,2,moe,736,39,8043,4195,4195,3567,227,0,54,0,751,8,4,4,8
35,3,moe,646,33,6389,3503,3503,2675,172,0,39,0,749,8,5,3,8
35,4,moe,729,36,5104,2529,2529,2357,148,0,70,0,621,8,5,3,8
35,5,moe,795,36,3643,1978,1978,1526,99,0,40,0,622,8,6,2,8
35,6,moe,727,33,2350,1239,1239,1004,56,0,51,0,739,8,7,1,8
35,7,moe,645,33,2275,535,535,1571,98,3,68,0,632,8,6,2,8
35,8,moe,741,40,2181,529,529,1522,102,0,28,0,632,8,6,2,8
35,9,moe,820,40,5819,2789,2789,2790,168,0,72,0,747,8,5,3,8
35,10,moe,738,35,7755,4363,4363,3104,197,0,91,0,622,8,4,4,8
35,11,moe,647,34,3891,2250,2250,1515,101,0,25,0,625,8,6,2,8
35,12,moe,725,34,6245,2296,2296,3644,226,0,79,0,742,8,4,4,8
35,13,moe,797,33,3321,1556,1556,1604,98,0,63,0,620,8,6,2,8
35,14,moe,725,32,7207,3110,3110,3797,250,0,50,0,628,8,3,5,8
35,15,moe,651,34,4926,1898,1898,2795,173,0,60,0,738,8,5,3,8
35,16,moe,721,34,5042,2450,2450,2369,151,0,72,0,618,8,5,3,8
35,17,moe,798,37,6051,2743,2743,3059,203,0,46,0,621,8,4,4,8
35,18,moe,723,37,7186,3205,3205,3660,234,0,87,0,739,8,4,4,8
35,19,moe,658,37,7508,4126,4126,3110,196,0,76,0,619,8,4,4,8
35,20,moe,722,29,8272,4176,4176,3799,245,0,52,0,625,8,3,5,8
35,21,moe,796,30,2634,611,611,1849,114,0,60,0,738,8,6,2,8
35,22,moe,796,30,7487,3281,3281,3866,252,0,88,0,619,8,3,5,8
35,23,moe,638,30,9898,4946,4946,4585,283,0,84,0,741,8,3,5,8
35,24,moe,795,33,6576,3705,3705,2662,174,0,35,0,739,8,5,3,8
35,25,moe,800,45,7917,4088,4088,3550,225,0,54,0,734,8,4,4,8
35,26,moe,633,29,15550,7950,7950,7080,448,0,72,0,736,8,0,8,8
35,-1,epi,0,0,0,0,0,0,0,0,5863,0,0,0,0,0,0
36,-2,pre,218,0,0,0,0,0,0,0,0,0,0,0,0,0,0
36,0,dense,1463,36,0,0,0,0,0,0,0,0,0,0,0,0,0
36,1,moe,815,31,12128,5452,5454,6211,401,0,62,0,781,8,1,7,8
36,2,moe,767,47,4272,3300,3301,889,59,0,23,0,736,8,7,1,8
36,3,moe,657,33,9021,5203,5203,3546,228,0,44,0,738,8,4,4,8
36,4,moe,728,33,3172,1415,1415,1584,99,0,74,0,613,8,6,2,8
36,5,moe,805,34,3925,2264,2264,1534,99,0,28,0,610,8,6,2,8
36,6,moe,726,28,3605,1558,1558,1880,113,0,54,0,737,8,6,2,8
36,7,moe,651,31,6102,2727,2727,3099,197,0,79,0,615,8,4,4,8
36,8,moe,727,28,10,0,0,0,0,0,10,0,612,8,8,0,8
36,9,moe,801,29,4564,2499,2499,1887,113,0,65,0,735,8,6,2,8
36,10,moe,727,29,3968,2199,2199,1606,97,0,66,0,619,8,6,2,8
36,11,moe,652,58,1165,322,322,775,50,0,18,0,615,8,7,1,8
36,12,moe,724,28,8018,4017,4017,3658,232,0,111,0,739,8,4,4,8
36,13,moe,797,31,3248,1494,1494,1587,101,0,66,0,625,8,6,2,8
36,14,moe,726,29,6202,3500,3500,2518,148,0,36,0,621,8,5,3,8
36,15,moe,635,29,6125,2863,2864,3026,173,0,62,0,737,8,5,3,8
36,16,moe,724,29,4605,2013,2013,2369,150,0,73,0,616,8,5,3,8
36,17,moe,799,31,7898,3704,3704,3901,244,0,49,0,619,8,3,5,8
36,18,moe,723,29,5911,2907,2907,2761,171,0,72,0,738,8,5,3,8
36,19,moe,648,28,7860,4458,4458,3116,198,0,88,0,621,8,4,4,8
36,20,moe,732,28,8423,5120,5120,3058,198,0,47,0,613,8,4,4,8
36,21,moe,7407,33,8003,4037,4037,3657,229,0,80,0,733,8,4,4,8
36,22,moe,792,30,9837,5617,5617,3884,244,0,92,0,614,8,3,5,8
36,23,moe,651,28,9235,5204,5204,3699,245,0,87,0,782,8,4,4,8
36,24,moe,795,41,7777,3894,3895,3589,245,0,48,0,759,8,4,4,8
36,25,moe,811,33,10236,5425,5425,4454,291,0,66,0,748,8,3,5,8
36,26,moe,666,32,5054,1852,1852,2654,503,0,45,0,895,8,5,3,8
36,-1,epi,0,0,0,0,0,0,0,0,5922,0,0,0,0,0,0
37,-2,pre,253,0,0,0,0,0,0,0,0,0,0,0,0,0,0
37,0,dense,1467,39,0,0,0,0,0,0,0,0,0,0,0,0,0
37,1,moe,825,36,6403,2572,2572,3550,233,0,48,0,756,8,4,4,8
37,2,moe,732,31,5516,2625,2625,2677,170,0,44,0,747,8,5,3,8
37,3,moe,657,31,5611,2743,2743,2655,176,0,37,0,746,8,5,3,8
37,4,moe,727,28,6172,2765,2765,3127,195,0,85,0,637,8,4,4,8
37,5,moe,801,31,5802,3317,3317,2296,147,0,42,0,622,8,5,3,8
37,6,moe,747,28,10,0,0,0,0,0,10,0,736,8,8,0,8
37,7,moe,661,27,3838,2191,2191,1523,98,0,26,0,625,8,6,2,8
37,8,moe,744,33,5840,3367,3367,2287,151,0,35,0,635,8,5,3,8
37,9,moe,801,31,4510,2418,2418,1904,117,3,68,0,746,8,6,2,8
37,10,moe,729,30,2096,1151,1152,833,52,0,59,0,626,8,7,1,8
37,11,moe,644,28,6038,2727,2727,3057,199,0,55,0,627,8,4,4,8
37,12,moe,732,29,7390,3395,3396,3666,231,0,97,0,749,8,4,4,8
37,13,moe,797,29,3179,1411,1411,1601,102,0,65,0,626,8,6,2,8
37,14,moe,726,29,4975,2500,2500,2285,153,0,37,0,634,8,5,3,8
37,15,moe,640,34,7034,3054,3054,3673,226,0,81,0,746,8,4,4,8
37,16,moe,723,29,7231,3832,3832,3120,197,0,82,0,627,8,4,4,8
37,17,moe,794,29,8893,4787,4787,3805,251,0,50,0,632,8,3,5,8
37,18,moe,723,29,3711,1649,1649,1888,116,0,58,0,736,8,6,2,8
37,19,moe,665,31,6155,2739,2739,3110,200,0,106,0,628,8,4,4,8
37,20,moe,729,29,2045,1187,1187,785,51,0,22,0,618,8,7,1,8
37,21,moe,794,31,3692,1630,1630,1884,113,0,65,0,743,8,6,2,8
37,22,moe,796,28,5007,2437,2437,2353,144,0,73,0,627,8,5,3,8
37,23,moe,661,31,8759,4801,4801,3662,226,0,70,0,738,8,4,4,8
37,24,moe,795,29,12779,7082,7082,5300,338,0,59,0,739,8,2,6,8
37,25,moe,795,31,10821,6050,6051,4430,284,0,56,0,739,8,3,5,8
37,26,moe,652,28,12527,6161,6161,5295,1004,0,67,0,739,8,2,6,8
37,-1,epi,0,0,0,0,0,0,0,0,5871,0,0,0,0,0,0
38,-2,pre,1158,0,0,0,0,0,0,0,0,0,0,0,0,0,0
38,0,dense,1453,41,0,0,0,0,0,0,0,0,0,0,0,0,0
38,1,moe,833,35,8889,5067,5067,3550,226,0,46,0,738,8,4,4,8
38,2,moe,732,36,10,0,0,0,0,0,10,0,739,8,8,0,8
38,3,moe,645,31,5784,2901,2901,2675,172,0,36,0,743,8,5,3,8
38,4,moe,725,34,2218,1258,1258,846,49,0,65,0,618,8,7,1,8
38,5,moe,800,35,1974,1140,1140,762,50,0,22,0,635,8,7,1,8
38,6,moe,731,33,2292,1179,1179,1003,58,0,52,0,756,8,7,1,8
38,7,moe,645,32,9,0,0,0,0,0,9,0,630,8,8,0,8
38,8,moe,735,33,3227,1448,1448,1614,102,0,63,0,636,8,6,2,8
38,9,moe,799,32,1403,300,300,997,57,0,49,0,749,8,7,1,8
38,10,moe,740,33,2040,1104,1104,834,51,0,51,0,638,8,7,1,8
38,11,moe,651,32,5695,3227,3228,2280,149,0,38,0,640,8,5,3,8
38,12,moe,736,36,10,0,0,0,0,0,10,0,742,8,8,0,8
38,13,moe,806,39,9,0,0,0,0,0,9,0,641,8,8,0,8
38,14,moe,745,34,2032,1183,1183,779,49,0,21,0,632,8,7,1,8
38,15,moe,656,32,5704,2686,2686,2771,168,0,79,0,749,8,5,3,8
38,16,moe,737,38,6906,3516,3517,3111,195,0,83,0,644,8,4,4,8
38,17,moe,798,32,5346,2040,2040,3054,200,0,52,0,629,8,4,4,8
38,18,moe,730,34,9,0,0,0,0,0,9,0,746,8,8,0,8
38,19,moe,655,36,5082,3434,3434,1517,102,0,29,0,628,8,6,2,8
38,20,moe,736,34,5755,3275,3275,2292,152,0,36,0,628,8,5,3,8
38,21,moe,802,33,7927,3970,3971,3653,232,0,71,0,743,8,4,4,8
38,22,moe,799,34,4288,1686,1686,2366,150,3,83,0,625,8,5,3,8
38,23,moe,656,35,10259,5331,5331,4553,291,0,84,0,746,8,3,5,8
38,24,moe,796,36,7729,3924,3925,3536,224,0,44,0,742,8,4,4,8
38,25,moe,796,34,3512,1606,1606,1767,113,1,25,0,745,8,6,2,8
38,26,moe,649,33,9095,4948,4949,3553,546,0,47,0,744,8,4,4,8
38,-1,epi,0,0,0,0,0,0,0,0,5894,0,0,0,0,0,0
39,-2,pre,220,0,0,0,0,0,0,0,0,0,0,0,0,0,0
39,0,dense,1481,40,0,0,0,0,0,0,0,0,0,0,0,0,0
39,1,moe,831,36,4388,2455,2455,1780,117,0,36,0,755,8,6,2,8
39,2,moe,747,34,8831,4992,4994,3562,230,0,45,0,755,8,4,4,8
39,3,moe,648,33,7792,3969,3969,3551,229,0,43,0,748,8,4,4,8
39,4,moe,732,34,9877,6460,6460,3122,200,0,95,0,625,8,4,4,8
39,5,moe,801,33,1094,264,264,760,51,0,19,0,636,8,7,1,8
39,6,moe,734,33,1418,305,305,1002,58,0,53,0,749,8,7,1,8
39,7,moe,670,32,6024,3456,3456,2345,150,0,73,0,626,8,5,3,8
39,8,moe,732,33,5957,3493,3493,2282,148,0,34,0,630,8,5,3,8
39,9,moe,801,34,9249,4321,4321,4551,284,0,93,0,748,8,3,5,8
39,10,moe,723,35,3255,1497,1498,1593,99,0,65,0,625,8,6,2,8
39,11,moe,650,31,6725,3438,3438,3042,202,0,43,0,630,8,4,4,8
39,12,moe,729,33,6716,3703,3704,2768,174,0,70,0,742,8,5,3,8
39,13,moe,806,35,3417,830,830,2361,154,0,72,0,628,8,5,3,8
39,14,moe,735,35,2031,1200,1200,762,50,0,19,0,621,8,7,1,8
39,15,moe,657,31,11900,6045,6045,5422,336,0,97,0,740,8,2,6,8
39,16,moe,720,33,5873,3242,3242,2389,165,0,77,0,635,8,5,3,8
39,17,moe,807,36,6870,3503,3503,3093,220,0,54,0,681,8,4,4,8
39,18,moe,745,41,8998,2029,2029,6648,240,0,81,0,756,8,4,4,8
39,19,moe,668,34,8833,4596,4596,3883,252,0,102,0,626,8,3,5,8
39,20,moe,750,44,7722,4423,4423,3050,201,0,48,0,627,8,4,4,8
39,21,moe,801,39,10051,5157,5157,4522,284,0,88,0,744,8,3,5,8
39,22,moe,796,37,7955,3734,3734,3867,251,0,103,0,620,8,3,5,8
39,23,moe,636,33,13009,7147,7147,5419,338,1,104,0,742,8,2,6,8
39,24,moe,797,35,11343,5590,5590,5354,333,0,66,0,748,8,2,6,8
39,25,moe,807,34,13251,6588,6590,6200,397,0,64,0,751,8,1,7,8
39,26,moe,655,41,10615,3913,3913,6428,228,0,46,0,741,8,4,4,8
39,-1,epi,0,0,0,0,0,0,0,0,5844,0,0,0,0,0,0
40,-2,pre,221,0,0,0,0,0,0,0,0,0,0,0,0,0,0
40,0,dense,1464,41,0,0,0,0,0,0,0,0,0,0,0,0,0
40,1,moe,827,37,4446,2527,2528,1766,118,0,34,0,751,8,6,2,8
40,2,moe,733,45,4322,2393,2393,1785,114,0,30,0,751,8,6,2,8
40,3,moe,653,38,12044,6330,6330,5311,343,0,60,0,745,8,2,6,8
40,4,moe,734,39,5873,3292,3292,2347,146,0,88,0,621,8,5,3,8
40,5,moe,797,39,4236,1744,1744,2304,150,0,38,0,625,8,5,3,8
40,6,moe,756,36,3507,1465,1466,1863,113,0,65,0,745,8,6,2,8
40,7,moe,652,33,6915,3536,3536,3094,197,0,88,0,644,8,4,4,8
40,8,moe,733,36,2002,1168,1168,765,49,0,20,0,620,8,7,1,8
40,9,moe,813,40,3010,1207,1207,1692,57,0,54,0,737,8,7,1,8
40,10,moe,733,34,9374,3523,3523,5576,195,0,80,0,616,8,4,4,8
40,11,moe,643,32,5276,2368,2368,2774,100,0,34,0,629,8,6,2,8
40,12,moe,738,41,3045,1231,1231,1707,56,0,51,0,736,8,7,1,8
40,13,moe,818,39,7921,4502,4502,3123,195,0,101,0,623,8,4,4,8
40,14,moe,736,39,5909,3416,3416,2300,148,0,45,0,624,8,5,3,8
40,15,moe,638,35,8491,4518,4518,3646,227,0,100,0,744,8,4,4,8
40,16,moe,729,36,4392,1819,1819,2342,148,0,83,0,626,8,5,3,8
40,17,moe,802,36,3093,1440,1440,1522,98,0,33,0,633,8,6,2,8
40,18,moe,728,36,7955,4006,4006,3646,225,0,78,0,746,8,4,4,8
40,19,moe,648,33,5026,2435,2435,2376,144,0,71,0,628,8,5,3,8
40,20,moe,733,39,7879,4598,4598,3041,199,0,41,0,628,8,4,4,8
40,21,moe,796,34,6746,3725,3725,2770,176,0,75,0,780,8,5,3,8
40,22,moe,803,35,3978,2210,2210,1593,102,0,73,0,625,8,6,2,8
40,23,moe,656,36,10813,5893,5893,4547,279,0,94,0,744,8,3,5,8
40,24,moe,794,33,8855,5033,5033,3548,228,0,46,0,745,8,4,4,8
40,25,moe,807,34,10995,6222,6222,4438,280,0,55,0,735,8,3,5,8
40,26,moe,655,35,8836,3575,3575,4425,790,0,46,0,738,8,3,5,8
40,-1,epi,0,0,0,0,0,0,0,0,5856,0,0,0,0,0,0
41,-2,pre,53,0,0,0,0,0,0,0,0,0,0,0,0,0,0
41,0,dense,1468,38,0,0,0,0,0,0,0,0,0,0,0,0,0
41,1,moe,822,37,6851,3976,3976,2664,174,0,37,0,742,8,5,3,8
41,2,moe,755,34,7029,3107,3107,3548,230,0,144,0,748,8,4,4,8
41,3,moe,657,41,6941,4071,4071,2660,171,0,39,0,743,8,5,3,8
41,4,moe,740,37,5902,3334,3335,2353,146,0,68,0,618,8,5,3,8
41,5,moe,800,37,7625,4340,4340,3044,199,0,42,0,624,8,4,4,8
41,6,moe,728,35,5915,2930,2930,2751,170,0,64,0,743,8,5,3,8
41,7,moe,645,31,9,0,0,0,0,0,9,0,615,8,8,0,8
41,8,moe,729,32,9,0,0,0,0,0,9,0,620,8,8,0,8
41,9,moe,807,40,1273,304,304,888,59,0,22,0,751,8,7,1,8
41,10,moe,733,34,5225,2646,2646,2341,146,3,89,0,624,8,5,3,8
41,11,moe,650,34,3254,1612,1613,1515,100,0,26,0,624,8,6,2,8
41,12,moe,739,33,19,0,0,0,0,0,19,0,741,8,8,0,8
41,13,moe,802,33,3892,2242,2242,1519,101,0,30,0,626,8,6,2,8
41,14,moe,730,35,6942,3659,3659,3041,197,0,45,0,627,8,4,4,8
41,15,moe,643,34,2149,312,312,1728,57,0,52,0,738,8,7,1,8
41,16,moe,736,29,5934,3363,3363,2349,151,0,71,0,626,8,5,3,8
41,17,moe,797,29,9,0,0,0,0,0,9,0,625,8,8,0,8
41,18,moe,730,27,1408,295,295,1000,57,0,56,0,745,8,7,1,8
41,19,moe,652,27,3267,1515,1515,1595,99,0,58,0,627,8,6,2,8
41,20,moe,734,29,3859,2222,2222,1514,100,0,23,0,627,8,6,2,8
41,21,moe,802,29,4364,2308,2308,1881,113,0,62,0,746,8,6,2,8
41,22,moe,798,30,2060,1113,1113,846,50,0,51,0,636,8,7,1,8
41,23,moe,658,29,6703,3722,3722,2750,168,0,63,0,744,8,5,3,8
41,24,moe,805,34,5577,2724,2724,2649,169,1,34,0,743,8,5,3,8
41,25,moe,810,31,5578,2705,2705,2659,168,0,46,0,746,8,5,3,8
41,26,moe,646,27,4609,2531,2531,1779,270,0,29,0,737,8,6,2,8
41,-1,epi,0,0,0,0,0,0,0,0,5931,0,0,0,0,0,0
42,-2,pre,199,0,0,0,0,0,0,0,0,0,0,0,0,0,0
42,0,dense,1485,34,0,0,0,0,0,0,0,0,0,0,0,0,0
42,1,moe,837,29,7791,3966,3967,3548,231,0,45,0,753,8,4,4,8
42,2,moe,735,29,8703,4886,4886,3546,230,0,41,0,750,8,4,4,8
42,3,moe,651,31,5556,2704,2704,2651,167,0,34,0,745,8,5,3,8
42,4,moe,732,29,9641,5364,5364,3926,265,0,86,0,674,8,3,5,8
42,5,moe,787,34,12713,5446,5446,6954,252,0,61,0,634,8,3,5,8
42,6,moe,745,37,6121,2577,2577,3354,114,0,76,0,748,8,6,2,8
42,7,moe,652,30,10457,4502,4503,5654,197,0,103,0,619,8,4,4,8
42,8,moe,729,32,9980,4225,4225,5513,196,0,46,0,622,8,4,4,8
42,9,moe,801,32,8679,3534,3535,4896,171,0,77,0,738,8,5,3,8
42,10,moe,737,32,6948,2471,2471,4250,146,0,81,0,616,8,5,3,8
42,11,moe,646,29,7725,3393,3393,4146,149,0,37,0,613,8,5,3,8
42,12,moe,725,31,7930,4917,4917,2768,172,0,73,0,736,8,5,3,8
42,13,moe,798,30,5259,2253,2253,2841,98,0,67,0,614,8,6,2,8
42,14,moe,723,31,10101,4344,4344,5513,197,0,47,0,620,8,4,4,8
42,15,moe,643,29,7095,3128,3128,3647,234,0,86,0,740,8,4,4,8
42,16,moe,722,31,4000,2222,2222,1606,102,0,70,0,621,8,6,2,8
42,17,moe,806,30,10184,4432,4432,5509,195,0,48,0,619,8,4,4,8
42,18,moe,728,29,8782,3601,3601,4933,168,0,80,0,730,8,5,3,8
42,19,moe,646,32,9413,3534,3534,5613,195,0,71,0,607,8,4,4,8
42,20,moe,733,33,5149,2271,2271,2754,98,0,26,0,605,8,6,2,8
42,21,moe,794,29,5142,1586,1587,3383,113,0,59,0,731,8,6,2,8
42,22,moe,6793,31,5911,3333,3333,2358,152,0,68,0,627,8,5,3,8
42,23,moe,797,34,5973,2473,2473,3328,115,0,57,0,729,8,6,2,8
42,24,moe,807,33,2010,300,300,1616,58,0,36,0,736,8,7,1,8
42,25,moe,796,36,7149,3320,3321,3545,234,0,49,0,736,8,4,4,8
42,26,moe,639,30,2535,611,611,1781,115,0,28,0,742,8,6,2,8
42,-1,epi,0,0,0,0,0,0,0,0,5886,0,0,0,0,0,0
43,-2,pre,191,0,0,0,0,0,0,0,0,0,0,0,0,0,0
43,0,dense,1471,37,0,0,0,0,0,0,0,0,0,0,0,0,0
43,1,moe,821,34,7740,4865,4866,2655,175,0,44,0,751,8,5,3,8
43,2,moe,734,32,3000,1316,1317,1605,57,0,21,0,736,8,7,1,8
43,3,moe,643,30,2857,1158,1158,1622,57,0,20,0,736,8,7,1,8
43,4,moe,727,32,7177,2767,2767,4184,146,0,80,0,613,8,5,3,8
43,5,moe,798,31,10,0,0,0,0,0,10,0,614,8,8,0,8
43,6,moe,728,39,8115,2979,2979,4893,167,0,76,0,746,8,5,3,8
43,7,moe,653,30,8036,3546,3547,4263,145,0,81,0,614,8,5,3,8
43,8,moe,731,30,2565,1115,1115,1380,50,0,20,0,622,8,7,1,8
43,9,moe,796,30,5974,2434,2434,3362,114,0,64,0,734,8,6,2,8
43,10,moe,725,31,5152,2153,2153,2840,97,0,62,0,615,8,6,2,8
43,11,moe,636,27,6699,3816,3817,2755,100,0,27,0,615,8,6,2,8
43,12,moe,728,33,11867,4992,4992,6566,223,0,86,0,750,8,4,4,8
43,13,moe,793,30,2723,1132,1132,1487,50,0,54,0,612,8,7,1,8
43,14,moe,724,29,2612,1169,1169,1377,48,1,17,0,616,8,7,1,8
43,15,moe,647,28,4492,2448,2448,1865,115,0,64,0,736,8,6,2,8
43,16,moe,727,30,5890,3296,3296,2352,152,0,90,0,619,8,5,3,8
43,17,moe,802,32,10187,4422,4422,5519,195,0,51,0,635,8,4,4,8
43,18,moe,745,31,10,0,0,0,0,0,10,0,730,8,8,0,8
43,19,moe,643,27,3933,2271,2271,1531,100,0,31,0,622,8,6,2,8
43,20,moe,735,32,4305,1426,1426,2753,99,0,27,0,624,8,6,2,8
43,21,moe,807,33,5332,1767,1767,3385,111,0,69,0,731,8,6,2,8
43,22,moe,798,32,2158,1232,1232,818,51,0,57,0,630,8,7,1,8
43,23,moe,659,31,8833,3653,3653,4943,167,0,70,0,730,8,5,3,8
43,24,moe,810,31,7784,2747,2747,4833,167,0,37,0,729,8,5,3,8
43,25,moe,795,252,8004,6084,6084,1771,117,0,32,0,725,8,6,2,8
43,26,moe,636,32,2530,1562,1562,889,59,0,20,0,796,8,7,1,8
43,-1,epi,0,0,0,0,0,0,0,0,5834,0,0,0,0,0,0
44,-2,pre,197,0,0,0,0,0,0,0,0,0,0,0,0,0,0
44,0,dense,1456,36,0,0,0,0,0,0,0,0,0,0,0,0,0
44,1,moe,813,34,2232,1265,1265,887,59,0,21,0,756,8,7,1,8
44,2,moe,746,34,3536,1618,1618,1776,117,0,25,0,753,8,6,2,8
44,3,moe,666,36,6441,3559,3559,2670,177,0,35,0,750,8,5,3,8
44,4,moe,736,34,7875,4455,4455,3120,200,0,100,0,630,8,4,4,8
44,5,moe,806,33,9419,3660,3660,5521,197,0,41,0,620,8,4,4,8
44,6,moe,727,36,2324,1202,1202,1005,62,0,55,0,739,8,7,1,8
44,7,moe,650,32,7866,3419,3419,4223,151,0,73,0,622,8,5,3,8
44,8,moe,730,32,5108,2212,2212,2767,98,0,31,0,612,8,6,2,8
44,9,moe,795,33,3152,1291,1291,1752,57,1,51,0,739,8,7,1,8
44,10,moe,728,34,6936,2445,2445,4256,149,0,86,0,623,8,5,3,8
44,11,moe,640,32,7774,3466,3466,4129,148,0,31,0,612,8,5,3,8
44,12,moe,726,34,10615,5360,5360,5013,169,0,73,0,723,8,5,3,8
44,13,moe,795,40,8016,3565,3565,4223,148,0,80,0,610,8,5,3,8
44,14,moe,719,34,9007,4887,4887,3809,256,0,55,0,614,8,3,5,8
44,15,moe,639,32,8015,2710,2710,5034,196,0,75,0,782,8,5,3,8
44,16,moe,709,48,6173,1654,1654,4263,163,0,93,0,631,8,5,3,8
44,17,moe,772,39,7892,2075,2075,5575,198,0,44,0,628,8,4,4,8
44,18,moe,739,36,5041,1555,1555,3300,114,0,72,0,741,8,6,2,8
44,19,moe,655,41,7878,4470,4470,3121,199,0,88,0,631,8,4,4,8
44,20,moe,736,38,1961,1117,1117,773,52,0,19,0,629,8,7,1,8
44,21,moe,809,39,14644,7806,7808,6324,397,0,115,0,747,8,1,7,8
44,22,moe,803,38,11866,4527,4527,6994,242,0,103,0,625,8,3,5,8
44,23,moe,638,34,15998,5684,5684,9881,345,0,88,0,732,8,2,6,8
44,24,moe,793,37,10910,4206,4206,6434,224,0,46,0,738,8,4,4,8
44,25,moe,790,34,14595,6205,6206,8047,288,0,54,0,737,8,3,5,8
44,26,moe,645,32,14955,6257,6257,8060,589,0,49,0,729,8,3,5,8
44,-1,epi,0,0,0,0,0,0,0,0,5762,0,0,0,0,0,0
45,-2,pre,205,0,0,0,0,0,0,0,0,0,0,0,0,0,0
45,0,dense,1452,40,0,0,0,0,0,0,0,0,0,0,0,0,0
45,1,moe,814,36,9,0,0,0,0,0,9,0,776,8,8,0,8
45,2,moe,744,33,3484,1554,1555,1778,120,0,31,0,762,8,6,2,8
45,3,moe,661,35,2217,1254,1254,885,60,0,18,0,753,8,7,1,8
45,4,moe,757,36,5498,2439,2439,2885,98,0,76,0,626,8,6,2,8
45,5,moe,801,36,6239,3342,3342,2766,102,1,28,0,622,8,6,2,8
45,6,moe,724,34,6092,2519,2519,3386,115,0,72,0,738,8,6,2,8
45,7,moe,631,32,1860,267,267,1490,50,1,52,0,627,8,7,1,8
45,8,moe,736,37,4313,1426,1426,2759,97,0,31,0,620,8,6,2,8
45,9,moe,814,38,6138,2622,2622,3343,113,0,60,0,751,8,6,2,8
45,10,moe,729,33,9,0,0,0,0,0,9,0,623,8,8,0,8
45,11,moe,658,30,5241,2210,2210,2864,98,0,69,0,625,8,6,2,8
45,12,moe,735,35,9805,2944,2944,6552,225,0,84,0,735,8,4,4,8
45,13,moe,796,34,5503,2469,2470,2868,99,0,66,0,629,8,6,2,8
45,14,moe,726,34,5105,2226,2226,2757,96,0,26,0,623,8,6,2,8
45,15,moe,644,35,3061,1211,1211,1738,60,0,52,0,737,8,7,1,8
45,16,moe,726,33,7057,2585,2585,4248,148,0,76,0,629,8,5,3,8
45,17,moe,794,36,5173,2288,2288,2758,101,0,26,0,629,8,6,2,8
45,18,moe,723,34,5065,1527,1527,3363,113,0,62,0,733,8,6,2,8
45,19,moe,642,32,6854,2387,2387,4245,150,0,72,0,617,8,5,3,8
45,20,moe,725,33,10123,4366,4367,5518,194,0,44,0,626,8,4,4,8
45,21,moe,796,40,4572,2466,2466,1923,117,0,66,0,742,8,6,2,8
45,22,moe,797,37,6056,2653,2653,3113,200,0,90,0,640,8,4,4,8
45,23,moe,646,37,14440,5861,5862,8212,279,0,87,0,740,8,3,5,8
45,24,moe,791,33,8681,3643,3643,4829,170,0,39,0,734,8,5,3,8
45,25,moe,800,38,12986,4577,4577,8074,283,0,52,0,728,8,3,5,8
45,26,moe,649,33,10884,4039,4041,6570,230,0,43,0,732,8,4,4,8
45,-1,epi,0,0,0,0,0,0,0,0,5768,0,0,0,0,0,0
46,-2,pre,64,0,0,0,0,0,0,0,0,0,0,0,0,0,0
46,0,dense,1452,40,0,0,0,0,0,0,0,0,0,0,0,0,0
46,1,moe,820,36,5935,2586,2586,3207,115,0,27,0,743,8,6,2,8
46,2,moe,736,34,12857,6149,6149,6440,226,0,42,0,738,8,4,4,8
46,3,moe,649,33,5751,2398,2398,3211,112,0,30,0,735,8,6,2,8
46,4,moe,723,32,11355,4012,4012,6997,245,0,101,0,620,8,3,5,8
46,5,moe,794,35,7608,3298,3298,4131,145,0,34,0,622,8,5,3,8
46,6,moe,728,34,6892,3875,3875,2769,175,0,73,0,742,8,5,3,8
46,7,moe,642,33,2066,1133,1133,824,52,0,57,0,618,8,7,1,8
46,8,moe,741,35,9465,3708,3708,5511,197,0,49,0,622,8,4,4,8
46,9,moe,790,34,7999,3993,3993,3686,230,0,90,0,765,8,4,4,8
46,10,moe,768,39,7779,3300,3301,4263,145,0,70,0,616,8,5,3,8
46,11,moe,650,35,5954,3477,3477,2288,148,0,41,0,620,8,5,3,8
46,12,moe,721,35,4521,2425,2425,1916,115,0,65,0,739,8,6,2,8
46,13,moe,799,35,4438,1425,1425,2855,99,0,59,0,615,8,6,2,8
46,14,moe,722,34,10029,5715,5715,4131,147,0,36,0,615,8,5,3,8
46,15,moe,642,35,4466,2372,2372,1910,120,0,64,0,742,8,6,2,8
46,16,moe,725,33,6197,1763,1763,4216,144,0,74,0,613,8,5,3,8
46,17,moe,789,34,4277,1392,1392,2759,98,0,28,0,621,8,6,2,8
46,18,moe,724,33,3266,1356,1356,1801,57,0,52,0,743,8,7,1,8
46,19,moe,648,35,10,0,0,0,0,0,10,0,626,8,8,0,8
46,20,moe,741,36,9,0,0,0,0,0,9,0,632,8,8,0,8
46,21,moe,803,34,9,0,0,0,0,0,9,0,754,8,8,0,8
46,22,moe,809,33,2791,1167,1167,1506,49,0,69,0,626,8,7,1,8
46,23,moe,715,32,11556,6364,6364,4949,175,0,68,0,788,8,5,3,8
46,24,moe,769,35,9,0,0,0,0,0,9,0,751,8,8,0,8
46,25,moe,780,35,2938,1216,1216,1630,67,0,25,0,809,8,7,1,8
46,26,moe,668,40,8897,3746,3746,4917,193,1,40,0,755,8,5,3,8
46,-1,epi,0,0,0,0,0,0,0,0,5907,0,0,0,0,0,0
47,-2,pre,208,0,0,0,0,0,0,0,0,0,0,0,0,0,0
47,0,dense,1481,41,0,0,0,0,0,0,0,0,0,0,0,0,0
47,1,moe,833,41,10621,3898,3899,6442,231,0,49,0,756,8,4,4,8
47,2,moe,734,39,6621,3730,3730,2670,172,0,49,0,757,8,5,3,8
47,3,moe,661,34,8823,3789,3790,4827,169,0,37,0,739,8,5,3,8
47,4,moe,728,35,6098,3506,3506,2354,148,0,90,0,635,8,5,3,8
47,5,moe,806,38,8679,2917,2917,5519,194,0,49,0,621,8,4,4,8
47,6,moe,732,35,2398,1267,1267,1015,59,0,57,0,753,8,7,1,8
47,7,moe,663,38,5915,3328,3329,2358,151,0,77,0,630,8,5,3,8
47,8,moe,726,37,7629,3316,3316,4129,147,1,36,0,622,8,5,3,8
47,9,moe,799,30,6003,2497,2497,3319,115,3,69,0,742,8,6,2,8
47,10,moe,725,29,7787,3332,3332,4235,147,0,73,0,621,8,5,3,8
47,11,moe,646,33,1124,289,289,761,51,0,23,0,629,8,7,1,8
47,12,moe,738,30,6706,3680,3680,2771,175,0,80,0,748,8,5,3,8
47,13,moe,801,31,2142,1195,1195,836,52,0,59,0,632,8,7,1,8
47,14,moe,732,30,9441,3663,3663,5526,199,0,53,0,623,8,4,4,8
47,15,moe,651,30,7283,2070,2070,4977,169,0,67,0,738,8,5,3,8
47,16,moe,731,30,7042,2558,2558,4262,149,0,73,0,620,8,5,3,8
47,17,moe,810,32,6915,2608,2608,4123,149,0,35,0,623,8,5,3,8
47,18,moe,724,29,2447,589,589,1750,58,0,50,0,743,8,7,1,8
47,19,moe,660,31,10167,4283,4283,5602,202,0,80,0,615,8,4,4,8
47,20,moe,736,32,4996,2526,2527,2280,153,0,36,0,627,8,5,3,8
47,21,moe,795,30,6068,2515,2515,3372,112,0,69,0,738,8,6,2,8
47,22,moe,800,30,5024,2007,2007,2845,98,0,74,0,620,8,6,2,8
47,23,moe,649,28,12124,3558,3558,8185,285,0,96,0,731,8,3,5,8
47,24,moe,788,28,5661,2789,2789,2664,173,0,35,0,742,8,5,3,8
47,25,moe,796,30,2168,1203,1203,889,59,0,17,0,749,8,7,1,8
47,26,moe,641,26,3940,587,587,3212,116,0,25,0,742,8,6,2,8
47,-1,epi,0,0,0,0,0,0,0,0,5824,0,0,0,0,0,0
48,-2,pre,249,0,0,0,0,0,0,0,0,0,0,0,0,0,0
48,0,dense,1456,33,0,0,0,0,0,0,0,0,0,0,0,0,0
48,1,moe,827,31,2908,1229,1229,1602,58,0,19,0,751,8,7,1,8
48,2,moe,746,28,1973,297,297,1601,56,0,19,0,753,8,7,1,8
48,3,moe,664,28,4460,2543,2543,1766,117,0,34,0,758,8,6,2,8
48,4,moe,744,30,7875,3398,3398,4238,149,0,90,0,624,8,5,3,8
48,5,moe,806,28,2616,1170,1170,1379,50,0,17,0,623,8,7,1,8
48,6,moe,741,28,3100,1200,1200,1786,59,0,55,0,747,8,7,1,8
48,7,moe,654,30,3602,555,555,2881,98,0,68,0,629,8,6,2,8
48,8,moe,740,29,2645,1198,1198,1378,52,0,17,0,634,8,7,1,8
48,9,moe,805,28,5057,1591,1591,3288,118,0,60,0,742,8,6,2,8
48,10,moe,745,30,6841,2439,2439,4180,149,0,73,0,629,8,5,3,8
48,11,moe,650,31,5060,2166,2166,2766,100,0,28,0,618,8,6,2,8
48,12,moe,730,30,3079,1185,1185,1781,59,0,54,0,743,8,7,1,8
48,13,moe,797,32,9,0,0,0,0,0,9,0,627,8,8,0,8
48,14,moe,726,30,2860,1268,1268,1476,50,0,66,0,630,8,7,1,8
48,15,moe,643,27,5932,2378,2378,3374,112,0,68,0,747,8,6,2,8
48,16,moe,728,30,2701,1115,1115,1484,49,0,53,0,628,8,7,1,8
48,17,moe,804,31,2602,1138,1138,1386,53,0,25,0,633,8,7,1,8
48,18,moe,734,29,3098,1215,1215,1772,58,0,53,0,757,8,7,1,8
48,19,moe,652,31,4616,1577,1577,2870,99,0,70,0,625,8,6,2,8
48,20,moe,728,27,8411,4062,4064,4161,148,0,38,0,625,8,5,3,8
48,21,moe,798,29,9,0,0,0,0,0,9,0,742,8,8,0,8
48,22,moe,799,27,9578,3826,3826,5512,196,0,44,0,623,8,4,4,8
48,23,moe,642,30,6053,2507,2507,3363,116,0,67,0,741,8,6,2,8
48,24,moe,804,29,5801,2432,2432,3229,113,0,27,0,737,8,6,2,8
48,25,moe,798,30,5859,2498,2498,3222,113,0,26,0,735,8,6,2,8
48,26,moe,651,30,9,0,0,0,0,0,9,0,743,8,8,0,8
48,-1,epi,0,0,0,0,0,0,0,0,5899,0,0,0,0,0,0
49,-2,pre,214,0,0,0,0,0,0,0,0,0,0,0,0,0,0
49,0,dense,1470,31,0,0,0,0,0,0,0,0,0,0,0,0,0
49,1,moe,826,34,8844,3818,3818,4819,172,0,35,0,748,8,5,3,8
49,2,moe,759,34,1981,303,303,1601,57,0,20,0,750,8,7,1,8
49,3,moe,656,30,8781,3756,3756,4819,171,0,35,0,741,8,5,3,8
49,4,moe,730,29,7942,3458,3458,4247,145,0,92,0,622,8,5,3,8
49,5,moe,797,29,5137,2250,2250,2755,97,0,35,0,628,8,6,2,8
49,6,moe,729,28,2390,1269,1269,1005,58,0,58,0,743,8,7,1,8
49,7,moe,670,28,4167,2404,2405,1596,101,0,65,0,625,8,6,2,8
49,8,moe,736,29,2631,1182,1183,1379,49,0,20,0,624,8,7,1,8
49,9,moe,798,29,11882,4978,4978,6599,227,0,78,0,740,8,4,4,8
49,10,moe,728,28,7821,3345,3346,4248,149,0,78,0,616,8,5,3,8
49,11,moe,646,32,2609,1162,1162,1378,51,0,18,0,622,8,7,1,8
49,12,moe,730,29,3199,1301,1301,1788,57,1,52,0,739,8,7,1,8
49,13,moe,808,29,7789,3338,3338,4229,147,0,75,0,624,8,5,3,8
49,14,moe,723,29,5068,2184,2184,2753,100,0,31,0,619,8,6,2,8
49,15,moe,645,26,5065,1505,1505,3385,116,0,59,0,737,8,6,2,8
49,16,moe,722,31,3271,1496,1496,1598,102,0,75,0,631,8,6,2,8
49,17,moe,812,34,10146,4385,4385,5516,199,0,46,0,627,8,4,4,8
49,18,moe,724,29,3067,1229,1229,1726,64,0,48,0,800,8,7,1,8
49,19,moe,638,29,14676,5762,5762,8478,320,0,116,0,638,8,2,6,8
49,20,moe,771,36,14701,10371,10372,4141,147,0,41,0,617,8,5,3,8
49,21,moe,789,38,10761,3830,3830,6605,226,0,100,0,736,8,4,4,8
49,22,moe,792,37,11233,3855,3855,6997,244,0,137,0,622,8,3,5,8
49,23,moe,644,82,7511,2581,2581,4551,284,0,95,0,740,8,3,5,8
49,24,moe,793,37,8335,3543,3543,4449,290,0,53,0,747,8,3,5,8
49,25,moe,794,35,14227,4133,4134,9679,346,0,68,0,741,8,2,6,8
49,26,moe,650,33,7947,1227,1227,6441,229,0,50,0,740,8,4,4,8
49,-1,epi,0,0,0,0,0,0,0,0,5796,0,0,0,0,0,0
50,-2,pre,65,0,0,0,0,0,0,0,0,0,0,0,0,0,0
50,0,dense,1458,39,0,0,0,0,0,0,0,0,0,0,0,0,0
50,1,moe,821,34,4970,1605,1606,3217,114,0,33,0,756,8,6,2,8
50,2,moe,737,33,8832,3800,3800,4821,172,0,39,0,738,8,5,3,8
50,3,moe,646,31,2457,1489,1489,887,59,0,22,0,737,8,7,1,8
50,4,moe,735,37,5263,822,822,4216,150,0,75,0,627,8,5,3,8
50,5,moe,809,36,8731,2956,2956,5519,196,0,60,0,621,8,4,4,8
50,6,moe,735,36,2374,1241,1241,1014,60,0,59,0,735,8,7,1,8
50,7,moe,654,34,10,0,0,0,0,0,10,0,629,8,8,0,8
50,8,moe,747,35,1879,295,296,1470,50,0,63,0,627,8,7,1,8
50,9,moe,808,33,2435,1291,1291,1031,59,0,54,0,739,8,7,1,8
50,10,moe,736,33,2266,1329,1329,826,51,0,60,0,627,8,7,1,8
50,11,moe,659,32,2580,1131,1131,1378,50,0,21,0,634,8,7,1,8
50,12,moe,728,34,3104,1230,1230,1761,59,0,54,0,740,8,7,1,8
50,13,moe,802,34,8,0,0,0,0,0,8,0,628,8,8,0,8
50,14,moe,742,37,9,0,0,0,0,0,9,0,634,8,8,0,8
50,15,moe,650,32,7084,2053,2053,4811,170,0,50,0,743,8,5,3,8
50,16,moe,729,39,9560,3663,3663,5593,197,0,107,0,624,8,4,4,8
50,17,moe,795,38,6836,3538,3538,3047,198,0,53,0,629,8,4,4,8
50,18,moe,727,43,6825,3822,3822,2746,173,0,84,0,747,8,5,3,8
50,19,moe,643,34,11,0,0,0,0,0,11,0,622,8,8,0,8
50,20,moe,731,39,10178,5757,5759,4187,146,0,86,0,620,8,5,3,8
50,21,moe,791,36,10608,3786,3786,6509,226,0,87,0,735,8,4,4,8
50,22,moe,797,40,6169,1742,1742,4195,147,1,84,0,613,8,5,3,8
50,23,moe,1744,35,10196,3302,3302,6566,230,0,98,0,738,8,4,4,8
50,24,moe,797,35,8016,1300,1300,6428,229,0,59,0,740,8,4,4,8
50,25,moe,807,37,5920,2557,2558,3221,112,0,29,0,737,8,6,2,8
50,26,moe,640,33,5798,2396,2396,3257,112,0,33,0,736,8,6,2,8
50,-1,epi,0,0,0,0,0,0,0,0,5803,0,0,0,0,0,0
51,-2,pre,97,0,0,0,0,0,0,0,0,0,0,0,0,0,0
51,0,dense,1463,40,0,0,0,0,0,0,0,0,0,0,0,0,0
51,1,moe,821,37,10,0,0,0,0,0,10,0,773,8,8,0,8
51,2,moe,751,34,2219,1252,1252,885,60,0,22,0,764,8,7,1,8
51,3,moe,662,34,3988,627,627,3217,115,0,29,0,748,8,6,2,8
51,4,moe,737,34,8140,2198,2198,5650,194,0,98,0,627,8,4,4,8
51,5,moe,811,36,9,0,0,0,0,0,9,0,627,8,8,0,8
51,6,moe,740,35,9040,5031,5031,3686,234,0,89,0,743,8,4,4,8
51,7,moe,650,32,7929,4532,4532,3110,201,0,86,0,624,8,4,4,8
51,8,moe,725,33,5183,2291,2291,2759,103,0,30,0,619,8,6,2,8
51,9,moe,799,37,5906,2329,2329,3387,116,0,74,0,740,8,6,2,8
51,10,moe,730,35,3958,2184,2184,1604,101,0,69,0,615,8,6,2,8
51,11,moe,671,33,5006,2127,2128,2751,98,0,29,0,625,8,6,2,8
51,12,moe,731,32,5886,2361,2361,3344,112,0,69,0,739,8,6,2,8
51,13,moe,799,34,5969,3369,3369,2364,150,0,86,0,633,8,5,3,8
51,14,moe,730,33,18,0,0,0,0,0,18,0,620,8,8,0,8
51,15,moe,652,31,3060,1218,1218,1728,58,0,56,0,744,8,7,1,8
51,16,moe,725,34,9820,5585,5585,3882,249,0,104,0,629,8,3,5,8
51,17,moe,802,34,5021,2125,2125,2768,98,0,30,0,625,8,6,2,8
51,18,moe,724,34,11724,4819,4820,6582,229,0,93,0,740,8,4,4,8
51,19,moe,653,33,5621,3836,3836,1612,100,0,73,0,618,8,6,2,8
51,20,moe,736,33,8935,4817,4817,3814,249,0,55,0,627,8,3,5,8
51,21,moe,800,35,16760,6497,6497,9798,350,0,115,0,730,8,2,6,8
51,22,moe,788,36,7898,3453,3453,4218,145,0,82,0,606,8,5,3,8
51,23,moe,6941,36,8794,3582,3582,4966,170,0,76,0,741,8,5,3,8
51,24,moe,796,37,5847,2471,2472,3232,114,1,28,0,738,8,6,2,8
51,25,moe,793,34,13757,5365,5365,8052,280,0,60,0,741,8,3,5,8
51,26,moe,655,40,10672,3936,3936,6456,224,0,56,0,735,8,4,4,8
51,-1,epi,0,0,0,0,0,0,0,0,5762,0,0,0,0,0,0
52,-2,pre,61,0,0,0,0,0,0,0,0,0,0,0,0,0,0
52,0,dense,1443,41,0,0,0,0,0,0,0,0,0,0,0,0,0
52,1,moe,808,37,2297,1293,1293,910,68,0,26,0,793,8,7,1,8
52,2,moe,729,42,2019,299,299,1626,67,0,27,0,783,8,7,1,8
52,3,moe,693,36,4371,2401,2401,1811,130,0,29,0,741,8,6,2,8
52,4,moe,736,39,9484,3602,3602,5596,198,0,88,0,630,8,4,4,8
52,5,moe,804,37,11,0,0,0,0,0,11,0,623,8,8,0,8
52,6,moe,738,36,3099,1207,1207,1765,57,0,70,0,742,8,7,1,8
52,7,moe,651,34,7797,3307,3307,4244,149,1,96,0,625,8,5,3,8
52,8,moe,732,36,2534,1087,1087,1377,49,1,20,0,626,8,7,1,8
52,9,moe,801,36,5845,2337,2337,3327,113,0,68,0,742,8,6,2,8
52,10,moe,732,34,2800,1207,1207,1481,49,0,63,0,627,8,7,1,8
52,11,moe,645,33,2568,1122,1122,1378,50,0,18,0,619,8,7,1,8
52,12,moe,731,38,2382,1266,1266,1003,58,0,55,0,745,8,7,1,8
52,13,moe,801,35,5366,2329,2329,2879,98,0,60,0,633,8,6,2,8
52,14,moe,723,34,8,0,0,0,0,0,8,0,623,8,8,0,8
52,15,moe,647,37,3171,1289,1289,1783,56,0,43,0,746,8,7,1,8
52,16,moe,730,34,5861,3268,3268,2360,151,0,82,0,635,8,5,3,8
52,17,moe,799,211,10050,6754,6754,3050,201,0,45,0,623,8,4,4,8
52,18,moe,727,36,9,0,0,0,0,0,9,0,750,8,8,0,8
52,19,moe,649,33,4907,4059,4059,774,51,1,22,0,623,8,7,1,8
52,20,moe,733,35,2182,537,537,1520,101,0,24,0,628,8,6,2,8
52,21,moe,804,34,9558,4624,4624,4550,289,0,95,0,744,8,3,5,8
52,22,moe,801,35,2729,944,944,1611,102,0,72,0,628,8,6,2,8
52,23,moe,659,35,8819,1935,1935,6575,224,0,85,0,743,8,4,4,8
52,24,moe,803,35,5001,1647,1647,3212,113,0,29,0,749,8,6,2,8
52,25,moe,798,33,6918,1885,1885,4824,169,0,40,0,736,8,5,3,8
52,26,moe,643,34,1272,308,308,884,59,0,21,0,755,8,7,1,8
52,-1,epi,0,0,0,0,0,0,0,0,5884,0,0,0,0,0,0
53,-2,pre,199,0,0,0,0,0,0,0,0,0,0,0,0,0,0
53,0,dense,1474,36,0,0,0,0,0,0,0,0,0,0,0,0,0
53,1,moe,823,34,2195,1227,1227,888,58,1,21,0,759,8,7,1,8
53,2,moe,741,34,10,0,0,0,0,0,10,0,769,8,8,0,8
53,3,moe,673,31,6553,3674,3674,2672,174,0,33,0,755,8,5,3,8
53,4,moe,730,29,1233,271,271,839,51,0,72,0,639,8,7,1,8
53,5,moe,824,30,2639,1189,1189,1376,50,0,24,0,630,8,7,1,8
53,6,moe,737,29,9,0,0,0,0,0,9,0,760,8,8,0,8
53,7,moe,662,29,2089,1255,1255,761,52,0,21,0,638,8,7,1,8
53,8,moe,732,29,5145,2241,2241,2778,98,0,28,0,626,8,6,2,8
53,9,moe,802,30,8002,2759,2759,4992,171,0,80,0,752,8,5,3,8
53,10,moe,730,29,5281,819,819,4233,147,0,82,0,628,8,5,3,8
53,11,moe,644,31,7,0,0,0,0,0,7,0,639,8,8,0,8
53,12,moe,742,34,4423,2358,2358,1883,118,0,64,0,746,8,6,2,8
53,13,moe,811,31,2159,1222,1222,829,51,0,57,0,637,8,7,1,8
53,14,moe,740,28,5805,3317,3317,2300,151,0,37,0,635,8,5,3,8
53,15,moe,644,31,10,0,0,0,0,0,10,0,743,8,8,0,8
53,16,moe,734,31,4516,2027,2027,2294,152,0,43,0,636,8,5,3,8
53,17,moe,806,28,2556,909,909,1522,101,0,24,0,638,8,6,2,8
53,18,moe,732,29,9,0,0,0,0,0,9,0,752,8,8,0,8
53,19,moe,660,30,1956,1120,1120,764,52,0,20,0,636,8,7,1,8
53,20,moe,738,29,2206,555,555,1524,101,0,26,0,635,8,6,2,8
53,21,moe,803,30,5073,2049,2049,2769,171,0,84,0,755,8,5,3,8
53,22,moe,806,33,2347,773,773,1460,50,0,64,0,634,8,7,1,8
53,23,moe,644,30,3679,1623,1623,1876,116,0,64,0,754,8,6,2,8
53,24,moe,805,31,9001,2292,2292,6442,223,0,44,0,747,8,4,4,8
53,25,moe,808,31,5740,2872,2872,2657,173,0,38,0,754,8,5,3,8
53,26,moe,649,30,10593,3876,3876,6449,223,0,45,0,745,8,4,4,8
53,-1,epi,0,0,0,0,0,0,0,0,5865,0,0,0,0,0,0
54,-2,pre,44,0,0,0,0,0,0,0,0,0,0,0,0,0,0
54,0,dense,1491,34,0,0,0,0,0,0,0,0,0,0,0,0,0
54,1,moe,822,32,10,0,0,0,0,0,10,0,775,8,8,0,8
54,2,moe,759,32,9,0,0,0,0,0,9,0,777,8,8,0,8
54,3,moe,681,32,5096,2226,2227,2656,174,0,39,0,764,8,5,3,8
54,4,moe,761,30,6324,2896,2897,3125,202,0,100,0,636,8,4,4,8
54,5,moe,804,31,4217,2556,2556,1531,102,0,28,0,636,8,6,2,8
54,6,moe,736,30,1441,326,326,995,59,0,61,0,774,8,7,1,8
54,7,moe,656,32,9561,3643,3643,5648,194,0,76,0,637,8,4,4,8
54,8,moe,733,29,2557,1106,1106,1381,50,0,20,0,632,8,7,1,8
54,9,moe,808,30,7906,2685,2685,4977,169,0,75,0,749,8,5,3,8
54,10,moe,729,29,9,0,0,0,0,0,9,0,638,8,8,0,8
54,11,moe,655,31,2685,1098,1098,1477,51,0,59,0,637,8,7,1,8
54,12,moe,732,30,2309,1221,1221,975,60,0,53,0,752,8,7,1,8
54,13,moe,824,30,5927,3351,3351,2354,151,0,71,0,639,8,5,3,8
54,14,moe,732,30,3802,2144,2144,1530,103,0,25,0,640,8,6,2,8
54,15,moe,653,29,2340,1226,1226,1005,60,0,49,0,764,8,7,1,8
54,16,moe,735,28,1221,286,286,831,51,0,53,0,648,8,7,1,8
54,17,moe,811,30,1732,282,282,1383,49,0,18,0,637,8,7,1,8
54,18,moe,732,38,2444,1316,1316,1013,59,0,56,0,759,8,7,1,8
54,19,moe,665,29,1181,243,243,828,56,0,54,0,640,8,7,1,8
54,20,moe,733,29,11,0,0,0,0,0,11,0,637,8,8,0,8
54,21,moe,820,36,5133,1618,1618,3335,113,0,67,0,751,8,6,2,8
54,22,moe,804,30,5385,2349,2349,2868,97,0,71,0,630,8,6,2,8
54,23,moe,648,28,10943,4012,4012,6620,224,0,87,0,750,8,4,4,8
54,24,moe,797,44,7771,2736,2736,4829,168,0,38,0,744,8,5,3,8
54,25,moe,813,35,6469,2637,2637,3549,241,0,42,0,753,8,4,4,8
54,26,moe,666,29,5100,1239,1239,3579,238,0,44,0,747,8,4,4,8
54,-1,epi,0,0,0,0,0,0,0,0,5912,0,0,0,0,0,0
55,-2,pre,211,0,0,0,0,0,0,0,0,0,0,0,0,0,0
55,0,dense,1473,32,0,0,0,0,0,0,0,0,0,0,0,0,0
55,1,moe,823,32,4369,994,994,3230,113,0,32,0,761,8,6,2,8
55,2,moe,748,28,7850,2821,2821,4822,172,0,35,0,746,8,5,3,8
55,3,moe,651,29,6672,3802,3802,2661,174,0,35,0,746,8,5,3,8
55,4,moe,730,29,1273,293,293,856,51,0,73,0,640,8,7,1,8
55,5,moe,809,31,7632,4317,4317,3070,200,1,44,0,646,8,4,4,8
55,6,moe,736,30,6156,2555,2555,3406,114,0,81,0,745,8,6,2,8
55,7,moe,652,30,12931,5567,5568,7019,244,0,100,0,626,8,3,5,8
55,8,moe,727,29,2589,1132,1132,1388,50,0,19,0,619,8,7,1,8
55,9,moe,804,31,3124,1276,1276,1729,61,0,58,0,743,8,7,1,8
55,10,moe,725,33,4165,2357,2357,1625,106,1,76,0,678,8,6,2,8
55,11,moe,665,31,8630,2768,2768,5595,218,0,49,0,630,8,4,4,8
55,12,moe,723,35,3044,1226,1226,1705,62,0,51,0,760,8,7,1,8
55,13,moe,813,37,6425,3007,3007,3110,199,0,109,0,641,8,4,4,8
55,14,moe,745,247,8633,6148,6148,2293,150,0,42,0,632,8,5,3,8
55,15,moe,652,35,8063,2800,2800,5009,172,0,82,0,745,8,5,3,8
55,16,moe,736,36,8663,2789,2789,5588,194,0,92,0,626,8,4,4,8
55,17,moe,806,37,9914,2709,2709,6909,244,0,52,0,638,8,3,5,8
55,18,moe,724,35,5004,1488,1488,3323,117,0,76,0,745,8,6,2,8
55,19,moe,658,35,5170,2591,2591,2343,152,0,84,0,625,8,5,3,8
55,20,moe,738,33,5273,2365,2365,2780,100,0,28,0,622,8,6,2,8
55,21,moe,797,36,5045,2022,2022,2769,178,0,76,0,745,8,5,3,8
55,22,moe,799,34,9757,3817,3817,5650,200,0,90,0,629,8,4,4,8
55,23,moe,648,33,8107,2903,2903,4968,168,0,68,0,747,8,5,3,8
55,24,moe,5274,35,7151,2122,2123,4823,169,0,36,0,738,8,5,3,8
55,25,moe,794,35,4932,1550,1551,3237,117,0,27,0,741,8,6,2,8
55,26,moe,649,33,13603,5228,5229,8041,281,0,52,0,738,8,3,5,8
55,-1,epi,0,0,0,0,0,0,0,0,5796,0,0,0,0,0,0
56,-2,pre,207,0,0,0,0,0,0,0,0,0,0,0,0,0,0
56,0,dense,1458,40,0,0,0,0,0,0,0,0,0,0,0,0,0
56,1,moe,823,35,6519,3642,3642,2669,175,1,32,0,753,8,5,3,8
56,2,moe,735,33,5888,2500,2500,3230,116,0,42,0,740,8,6,2,8
56,3,moe,654,43,8584,3530,3531,4832,173,0,48,0,745,8,5,3,8
56,4,moe,730,34,9,0,0,0,0,0,9,0,627,8,8,0,8
56,5,moe,808,34,2692,1081,1081,1487,51,0,73,0,640,8,7,1,8
56,6,moe,731,34,10,0,0,0,0,0,10,0,747,8,8,0,8
56,7,moe,658,31,2617,1155,1155,1391,50,0,21,0,635,8,7,1,8
56,8,moe,732,35,2563,1111,1111,1381,52,0,19,0,632,8,7,1,8
56,9,moe,805,34,4236,636,636,3418,112,0,70,0,742,8,6,2,8
56,10,moe,733,33,4463,1440,1440,2857,96,0,70,0,628,8,6,2,8
56,11,moe,653,47,3898,2254,2254,1516,102,0,26,0,628,8,6,2,8
56,12,moe,732,36,3032,1223,1223,1695,57,0,57,0,743,8,7,1,8
56,13,moe,813,35,5199,2217,2217,2809,98,2,73,0,628,8,6,2,8
56,14,moe,734,36,5013,2121,2121,2762,99,0,31,0,622,8,6,2,8
56,15,moe,651,38,3153,1273,1273,1766,59,0,55,0,743,8,7,1,8
56,16,moe,743,35,3559,570,570,2817,103,0,69,0,634,8,6,2,8
56,17,moe,806,34,2607,1153,1153,1386,50,0,18,0,624,8,7,1,8
56,18,moe,748,36,2471,1360,1360,992,59,0,60,0,745,8,7,1,8
56,19,moe,645,32,6118,1653,1653,4241,148,0,76,0,628,8,5,3,8
56,20,moe,727,33,3077,1426,1426,1521,100,0,30,0,628,8,6,2,8
56,21,moe,809,35,3963,934,934,2782,171,0,76,0,760,8,5,3,8
56,22,moe,817,36,2918,1353,1353,1455,51,0,59,0,631,8,7,1,8
56,23,moe,660,33,7295,2105,2105,4958,171,0,61,0,748,8,5,3,8
56,24,moe,798,35,5949,919,919,4817,170,0,43,0,746,8,5,3,8
56,25,moe,803,33,5615,2755,2755,2655,171,0,34,0,755,8,5,3,8
56,26,moe,657,31,12176,3784,3785,8060,281,0,50,0,736,8,3,5,8
56,-1,epi,0,0,0,0,0,0,0,0,5826,0,0,0,0,0,0
57,-2,pre,40,0,0,0,0,0,0,0,0,0,0,0,0,0,0
57,0,dense,1469,37,0,0,0,0,0,0,0,0,0,0,0,0,0
57,1,moe,843,36,3454,1527,1527,1784,116,0,27,0,763,8,6,2,8
57,2,moe,751,50,10,0,0,0,0,0,10,0,765,8,8,0,8
57,3,moe,667,34,9067,2342,2342,6450,227,0,48,0,746,8,4,4,8
57,4,moe,740,46,11,0,0,0,0,0,11,0,641,8,8,0,8
57,5,moe,811,33,6471,1976,1976,4251,151,0,93,0,632,8,5,3,8
57,6,moe,750,34,3058,1243,1243,1701,59,0,55,0,749,8,7,1,8
57,7,moe,657,33,6977,2511,2511,4242,150,0,74,0,622,8,5,3,8
57,8,moe,734,33,2574,1109,1109,1398,49,0,18,0,622,8,7,1,8
57,9,moe,801,35,10,0,0,0,0,0,10,0,750,8,8,0,8
57,10,moe,730,32,9,0,0,0,0,0,9,0,631,8,8,0,8
57,11,moe,660,38,7610,3277,3277,4145,150,0,38,0,638,8,5,3,8
57,12,moe,734,35,9,0,0,0,0,0,9,0,746,8,8,0,8
57,13,moe,803,34,2590,1128,1128,1392,51,0,19,0,634,8,7,1,8
57,14,moe,744,35,2015,1182,1182,762,51,0,20,0,633,8,7,1,8
57,15,moe,650,31,4472,2397,2397,1885,117,0,73,0,755,8,6,2,8
57,16,moe,732,34,1243,282,282,848,52,0,61,0,643,8,7,1,8
57,17,moe,807,33,1722,270,270,1383,51,0,18,0,637,8,7,1,8
57,18,moe,744,36,2330,1218,1218,997,58,0,57,0,757,8,7,1,8
57,19,moe,659,33,1852,264,264,1490,49,0,49,0,633,8,7,1,8
57,20,moe,740,36,12,0,0,0,0,0,12,0,633,8,8,0,8
57,21,moe,806,33,6191,2607,2607,3397,115,0,72,0,757,8,6,2,8
57,22,moe,814,33,3110,1351,1352,1586,101,0,71,0,638,8,6,2,8
57,23,moe,655,33,4237,738,738,3331,112,0,56,0,754,8,6,2,8
57,24,moe,818,35,5008,1642,1642,3225,114,0,27,0,755,8,6,2,8
57,25,moe,809,34,2267,1294,1294,895,59,0,19,0,752,8,7,1,8
57,26,moe,652,32,7596,1866,1867,5318,344,0,67,0,758,8,2,6,8
57,-1,epi,0,0,0,0,0,0,0,0,5950,0,0,0,0,0,0
58,-2,pre,269,0,0,0,0,0,0,0,0,0,0,0,0,0,0
58,0,dense,1488,35,0,0,0,0,0,0,0,0,0,0,0,0,0
58,1,moe,829,34,2910,1215,1215,1615,57,0,23,0,766,8,7,1,8
58,2,moe,746,35,10,0,0,0,0,1,9,0,772,8,8,0,8
58,3,moe,677,38,8144,3100,3102,4835,173,0,34,0,751,8,5,3,8
58,4,moe,743,35,8910,4392,4393,4278,151,0,88,0,632,8,5,3,8
58,5,moe,803,34,2618,1149,1149,1397,54,0,18,0,629,8,7,1,8
58,6,moe,737,33,9,0,0,0,0,0,9,0,747,8,8,0,8
58,7,moe,659,34,2569,1118,1118,1380,52,0,19,0,634,8,7,1,8
58,8,moe,740,32,2591,1137,1137,1383,51,0,20,0,636,8,7,1,8
58,9,moe,808,35,3156,1235,1235,1797,59,0,65,0,751,8,7,1,8
58,10,moe,737,38,9,0,1,0,0,0,8,0,634,8,8,0,8
58,11,moe,663,32,8,0,0,0,0,0,8,0,647,8,8,0,8
58,12,moe,841,36,8,0,0,0,0,0,8,0,770,8,8,0,8
58,13,moe,822,34,4996,1949,1949,2868,98,0,81,0,636,8,6,2,8
58,14,moe,750,33,8,0,0,0,0,0,8,0,636,8,8,0,8
58,15,moe,664,37,6022,2477,2477,3362,112,0,71,0,748,8,6,2,8
58,16,moe,749,34,2736,1135,1135,1467,59,0,75,0,684,8,7,1,8
58,17,moe,804,37,1953,1097,1098,774,55,0,26,0,652,8,7,1,8
58,18,moe,759,40,9,0,0,0,0,0,9,0,752,8,8,0,8
58,19,moe,678,36,7091,2676,2676,4217,159,0,39,0,666,8,5,3,8
58,20,moe,750,35,1727,276,276,1382,48,0,21,0,665,8,7,1,8
58,21,moe,817,36,1429,302,302,1013,59,0,55,0,771,8,7,1,8
58,22,moe,830,41,3313,1531,1531,1599,101,0,82,0,646,8,6,2,8
58,23,moe,668,34,2696,634,635,1883,116,0,62,0,765,8,6,2,8
58,24,moe,821,35,2217,1253,1254,884,60,0,19,0,766,8,7,1,8
58,25,moe,831,39,4023,660,661,3222,114,0,26,0,765,8,6,2,8
58,26,moe,678,52,4950,2085,2085,2653,173,0,39,0,767,8,5,3,8
58,-1,epi,0,0,0,0,0,0,0,0,6026,0,0,0,0,0,0
59,-2,pre,42,0,0,0,0,0,0,0,0,0,0,0,0,0,0
59,0,dense,1519,34,0,0,0,0,0,0,0,0,0,0,0,0,0
59,1,moe,845,38,10,0,0,0,0,0,10,0,786,8,8,0,8
59,2,moe,782,32,2946,1260,1260,1607,57,1,21,0,800,8,7,1,8
59,3,moe,673,29,3992,639,639,3208,115,0,30,0,761,8,6,2,8
59,4,moe,764,35,9,0,0,0,0,0,9,0,652,8,8,0,8
59,5,moe,838,30,9,0,0,0,0,0,9,0,659,8,8,0,8
59,6,moe,767,31,3019,1338,1338,1603,57,0,21,0,767,8,7,1,8
59,7,moe,668,28,2773,1185,1185,1462,50,0,76,0,643,8,7,1,8
59,8,moe,754,30,10,0,0,0,0,0,10,0,650,8,8,0,8
59,9,moe,830,34,1434,310,310,999,60,0,65,0,767,8,7,1,8
59,10,moe,753,30,2104,1149,1149,845,51,0,59,0,645,8,7,1,8
59,11,moe,671,30,2080,1229,1229,779,51,0,21,0,653,8,7,1,8
59,12,moe,747,33,2136,313,313,1712,56,0,55,0,765,8,7,1,8
59,13,moe,829,31,5347,2300,2300,2886,101,0,60,0,642,8,6,2,8
59,14,moe,741,29,3123,1446,1447,1545,100,0,31,0,640,8,6,2,8
59,15,moe,668,28,1469,324,324,1015,66,0,64,0,774,8,7,1,8
59,16,moe,755,31,4567,1535,1535,2865,100,0,67,0,643,8,6,2,8
59,17,moe,831,33,2603,1153,1153,1382,50,0,18,0,636,8,7,1,8
59,18,moe,757,31,3182,1283,1283,1787,56,0,56,0,758,8,7,1,8
59,19,moe,652,28,5427,2353,2353,2913,99,0,62,0,633,8,6,2,8
59,20,moe,743,30,6176,1851,1852,4136,150,0,38,0,633,8,5,3,8
59,21,moe,809,32,7196,3188,3188,3682,232,0,94,0,760,8,4,4,8
59,22,moe,809,29,12501,3749,3750,8353,291,0,107,0,632,8,2,6,8
59,23,moe,670,33,11341,2813,2813,8166,282,0,80,0,745,8,3,5,8
59,24,moe,803,31,9261,2549,2549,6439,231,0,42,0,753,8,4,4,8
59,25,moe,801,32,8747,3020,3020,5322,349,0,56,0,752,8,2,6,8
59,26,moe,662,31,12983,2969,2969,9608,345,0,61,0,748,8,2,6,8
59,-1,epi,0,0,0,0,0,0,0,0,5866,0,0,0,0,0,0
60,-2,pre,44,0,0,0,0,0,0,0,0,0,0,0,0,0,0
60,0,dense,1466,34,0,0,0,0,0,0,0,0,0,0,0,0,0
60,1,moe,821,32,2344,1373,1373,890,59,0,22,0,773,8,7,1,8
60,2,moe,758,29,2906,1223,1223,1605,57,0,21,0,759,8,7,1,8
60,3,moe,670,31,7051,3244,3244,3539,228,0,40,0,758,8,4,4,8
60,4,moe,744,30,2954,1345,1345,1484,50,0,75,0,636,8,7,1,8
60,5,moe,814,34,2660,1208,1208,1383,49,0,20,0,627,8,7,1,8
60,6,moe,752,33,10,0,0,0,0,0,10,0,759,8,8,0,8
60,7,moe,664,29,8,0,0,0,0,0,8,0,635,8,8,0,8
60,8,moe,749,29,5165,2287,2287,2753,96,0,29,0,653,8,6,2,8
60,9,moe,805,30,3135,1227,1227,1786,57,0,65,0,752,8,7,1,8
60,10,moe,740,30,2075,1146,1146,831,51,0,47,0,643,8,7,1,8
60,11,moe,661,32,1715,270,270,1377,51,0,17,0,641,8,7,1,8
60,12,moe,749,27,2510,625,625,1766,57,0,62,0,752,8,7,1,8
60,13,moe,821,30,8,0,0,0,0,0,8,0,653,8,8,0,8
60,14,moe,756,29,3532,540,540,2813,99,0,80,0,637,8,6,2,8
60,15,moe,667,31,6124,889,889,4998,167,1,69,0,750,8,5,3,8
60,16,moe,749,29,9,0,0,0,0,0,9,0,644,8,8,0,8
60,17,moe,822,32,2876,1277,1277,1487,51,0,61,0,636,8,7,1,8
60,18,moe,747,30,8,0,0,0,0,0,8,0,762,8,8,0,8
60,19,moe,667,27,3168,1500,1500,1538,103,0,27,0,639,8,6,2,8
60,20,moe,750,28,2019,1179,1179,769,51,1,19,0,643,8,7,1,8
60,21,moe,808,30,3970,928,929,2781,174,0,86,0,777,8,5,3,8
60,22,moe,826,28,4462,1458,1458,2828,101,0,75,0,641,8,6,2,8
60,23,moe,660,29,9294,2393,2393,6593,232,0,76,0,751,8,4,4,8
60,24,moe,815,32,9726,3025,3025,6438,223,0,40,0,747,8,4,4,8
60,25,moe,807,30,3968,616,616,3215,113,0,24,0,748,8,6,2,8
60,26,moe,656,31,3791,606,606,3042,120,0,23,0,752,8,6,2,8
60,-1,epi,0,0,0,0,0,0,0,0,5927,0,0,0,0,0,0
61,-2,pre,65,0,0,0,0,0,0,0,0,0,0,0,0,0,0
61,0,dense,1490,32,0,0,0,0,0,0,0,0,0,0,0,0,0
61,1,moe,834,32,2483,1515,1515,889,59,0,20,0,765,8,7,1,8
61,2,moe,770,29,4485,2572,2572,1773,116,0,24,0,758,8,6,2,8
61,3,moe,671,29,3858,983,983,2668,173,0,34,0,762,8,5,3,8
61,4,moe,750,32,3256,1471,1471,1605,100,0,80,0,650,8,6,2,8
61,5,moe,817,32,2671,1219,1219,1379,53,0,20,0,635,8,7,1,8
61,6,moe,751,32,9,0,0,0,0,0,9,0,754,8,8,0,8
61,7,moe,664,28,2687,1240,1240,1374,52,0,21,0,642,8,7,1,8
61,8,moe,745,32,10,0,0,0,0,0,10,0,645,8,8,0,8
61,9,moe,839,35,10,0,0,0,0,0,10,0,775,8,8,0,8
61,10,moe,755,31,9,0,0,0,0,1,8,0,657,8,8,0,8
61,11,moe,675,32,3817,2367,2367,1375,54,0,21,0,640,8,7,1,8
61,12,moe,754,38,9,0,0,0,0,0,9,0,753,8,8,0,8
61,13,moe,816,34,8,0,0,0,0,0,8,0,647,8,8,0,8
61,14,moe,744,33,2647,1179,1179,1379,50,0,39,0,642,8,7,1,8
61,15,moe,680,32,3143,1253,1253,1763,59,0,68,0,761,8,7,1,8
61,16,moe,746,33,9,0,1,0,0,0,8,0,645,8,8,0,8
61,17,moe,819,32,5196,2171,2171,2842,101,0,82,0,641,8,6,2,8
61,18,moe,752,33,9027,3826,3826,4953,170,0,78,0,753,8,5,3,8
61,19,moe,662,35,3161,1413,1414,1580,101,0,66,0,635,8,6,2,8
61,20,moe,743,35,6615,3325,3325,3048,201,0,41,0,642,8,4,4,8
61,21,moe,808,34,12332,6397,6397,5478,345,0,112,0,758,8,2,6,8
61,22,moe,811,37,9768,3860,3860,5617,196,0,95,0,630,8,4,4,8
61,23,moe,639,36,9970,3073,3073,6578,231,0,88,0,744,8,4,4,8
61,24,moe,809,39,8377,1647,1647,6450,231,0,49,0,761,8,4,4,8
61,25,moe,823,36,12948,4522,4523,8087,291,0,47,0,741,8,3,5,8
61,26,moe,665,40,13233,3149,3150,9672,340,0,71,0,746,8,2,6,8
61,-1,epi,0,0,0,0,0,0,0,0,5825,0,0,0,0,0,0
62,-2,pre,42,0,0,0,0,0,0,0,0,0,0,0,0,0,0
62,0,dense,1516,41,0,0,0,0,0,0,0,0,0,0,0,0,0
62,1,moe,768,35,10,0,0,0,0,0,10,0,763,8,8,0,8
62,2,moe,744,35,9,0,0,0,0,0,9,0,762,8,8,0,8
62,3,moe,694,42,7126,1973,1973,4915,197,0,41,0,807,8,5,3,8
62,4,moe,759,42,1902,285,285,1492,60,0,65,0,649,8,7,1,8
62,5,moe,825,43,11,0,0,0,0,0,11,0,652,8,8,0,8
62,6,moe,763,34,4293,2467,2467,1710,57,0,59,0,765,8,7,1,8
62,7,moe,662,37,11,0,1,0,0,0,10,0,642,8,8,0,8
62,8,moe,754,38,1859,289,289,1445,51,0,74,0,652,8,7,1,8
62,9,moe,844,37,11,0,0,0,0,0,11,0,765,8,8,0,8
62,10,moe,753,33,9,0,0,0,0,1,8,0,663,8,8,0,8
62,11,moe,678,35,3120,1467,1467,1521,102,0,30,0,649,8,6,2,8
62,12,moe,750,35,2141,306,306,1711,59,0,65,0,757,8,7,1,8
62,13,moe,824,35,1811,264,264,1431,52,1,63,0,647,8,7,1,8
62,14,moe,759,37,1699,254,254,1376,50,0,19,0,647,8,7,1,8
62,15,moe,669,34,9,0,0,0,0,0,9,0,772,8,8,0,8
62,16,moe,765,35,9,0,0,0,0,0,9,0,649,8,8,0,8
62,17,moe,839,37,9,0,0,0,0,0,9,0,661,8,8,0,8
62,18,moe,767,36,3175,1323,1323,1714,58,0,80,0,770,8,7,1,8
62,19,moe,667,56,4411,1826,1826,2348,151,0,86,0,649,8,5,3,8
62,20,moe,747,35,2607,1154,1154,1382,49,0,22,0,639,8,7,1,8
62,21,moe,816,33,5072,2041,2041,2766,172,0,93,0,767,8,5,3,8
62,22,moe,812,34,3321,1544,1544,1606,101,0,70,0,648,8,6,2,8
62,23,moe,659,32,6446,1203,1203,5001,172,0,70,0,763,8,5,3,8
62,24,moe,817,33,7931,2890,2890,4829,176,0,36,0,748,8,5,3,8
62,25,moe,825,37,6000,951,951,4828,177,0,44,0,755,8,5,3,8
62,26,moe,668,35,4915,2036,2037,2662,181,0,35,0,753,8,5,3,8
62,-1,epi,0,0,0,0,0,0,0,0,5965,0,0,0,0,0,0
63,-2,pre,210,0,0,0,0,0,0,0,0,0,0,0,0,0,0
63,0,dense,1496,39,0,0,0,0,0,0,0,0,0,0,0,0,0
63,1,moe,829,35,4672,3694,3694,891,64,0,23,0,761,8,7,1,8
63,2,moe,749,35,8071,3026,3026,4830,179,0,36,0,757,8,5,3,8
63,3,moe,651,47,4382,2437,2437,1788,127,0,30,0,760,8,6,2,8
63,4,moe,736,33,1226,268,268,853,52,0,53,0,647,8,7,1,8
63,5,moe,811,34,4300,1399,1399,2769,103,0,29,0,640,8,6,2,8
63,6,moe,736,33,9,0,0,0,0,0,9,0,753,8,8,0,8
63,7,moe,665,33,3056,1393,1393,1532,103,0,28,0,641,8,6,2,8
63,8,moe,749,36,9,0,0,0,0,0,9,0,642,8,8,0,8
63,9,moe,816,32,1460,310,310,1023,60,1,66,0,774,8,7,1,8
63,10,moe,747,33,9,0,0,0,0,0,9,0,638,8,8,0,8
63,11,moe,684,33,9,0,0,0,0,0,9,0,665,8,8,0,8
63,12,moe,761,35,8755,3688,3689,4833,174,0,59,0,761,8,5,3,8
63,13,moe,808,34,1840,263,263,1473,51,0,53,0,641,8,7,1,8
63,14,moe,741,33,4361,1887,1887,2286,148,0,40,0,639,8,5,3,8
63,15,moe,672,31,5207,1664,1664,3364,112,0,67,0,748,8,6,2,8
63,16,moe,737,31,3950,913,913,2861,99,0,77,0,644,8,6,2,8
63,17,moe,818,38,4352,1477,1477,2750,98,0,27,0,635,8,6,2,8
63,18,moe,749,33,3139,1256,1256,1765,59,0,59,0,745,8,7,1,8
63,19,moe,659,32,4211,1618,1618,2360,149,0,84,0,642,8,5,3,8
63,20,moe,739,43,1729,272,272,1386,52,0,19,0,635,8,7,1,8
63,21,moe,809,37,5141,1613,1613,3345,117,0,66,0,753,8,6,2,8
63,22,moe,805,35,8920,3023,3023,5612,193,0,92,0,628,8,4,4,8
63,23,moe,654,34,9,0,0,0,0,0,9,0,745,8,8,0,8
63,24,moe,821,37,7957,3020,3021,4539,288,0,109,0,762,8,3,5,8
63,25,moe,828,33,7217,3378,3378,3566,230,0,43,0,752,8,4,4,8
63,26,moe,660,35,4860,1473,1473,3245,116,0,26,0,747,8,6,2,8
63,-1,epi,0,0,0,0,0,0,0,0,5965,0,0,0,0,0,0
64,-2,pre,51,0,0,0,0,0,0,0,0,0,0,0,0,0,0
64,0,dense,1489,35,0,0,0,0,0,0,0,0,0,0,0,0,0
64,1,moe,828,34,9,0,0,0,0,0,9,0,779,8,8,0,8
64,2,moe,774,32,9,0,0,0,0,0,9,0,791,8,8,0,8
64,3,moe,683,36,9069,2351,2351,6444,229,0,45,0,756,8,4,4,8
64,4,moe,747,34,9,0,0,0,0,0,9,0,643,8,8,0,8
64,5,moe,819,33,1862,266,266,1464,51,0,81,0,643,8,7,1,8
64,6,moe,820,36,9,0,0,0,0,0,9,0,765,8,8,0,8
64,7,moe,678,36,3398,523,523,2746,101,0,28,0,643,8,6,2,8
64,8,moe,759,36,5491,2612,2612,2755,98,0,26,0,631,8,6,2,8
64,9,moe,820,33,5834,2804,2804,2768,172,0,90,0,759,8,5,3,8
64,10,moe,749,34,9,0,0,0,0,0,9,0,641,8,8,0,8
64,11,moe,662,31,1885,278,278,1488,50,0,69,0,639,8,7,1,8
64,12,moe,746,32,3215,1372,1372,1732,55,0,56,0,759,8,7,1,8
64,13,moe,824,34,1874,272,272,1498,49,0,55,0,646,8,7,1,8
64,14,moe,755,32,3746,858,858,2766,96,0,26,0,634,8,6,2,8
64,15,moe,664,31,9,0,0,0,0,0,9,0,760,8,8,0,8
64,16,moe,757,34,8,0,0,0,0,0,8,0,646,8,8,0,8
64,17,moe,832,33,2181,1345,1345,761,52,0,23,0,643,8,7,1,8
64,18,moe,746,34,9,0,0,0,0,0,9,0,772,8,8,0,8
64,19,moe,684,43,3412,526,526,2761,98,0,27,0,648,8,6,2,8
64,20,moe,747,35,8,0,0,0,0,0,8,0,649,8,8,0,8
64,21,moe,820,34,9572,2665,2665,6575,231,0,101,0,761,8,4,4,8
64,22,moe,813,34,5238,751,752,4254,146,0,86,0,629,8,5,3,8
64,23,moe,667,35,2179,292,292,1777,56,0,54,0,755,8,7,1,8
64,24,moe,813,32,7939,2918,2918,4820,170,0,31,0,779,8,5,3,8
64,25,moe,812,35,5021,1669,1669,3213,113,0,26,0,749,8,6,2,8
64,26,moe,665,39,7964,1251,1251,6445,226,0,42,0,750,8,4,4,8
64,-1,epi,0,0,0,0,0,0,0,0,5934,0,0,0,0,0,0
65,-2,pre,206,0,0,0,0,0,0,0,0,0,0,0,0,0,0
65,0,dense,1481,33,0,0,0,0,0,0,0,0,0,0,0,0,0
65,1,moe,832,33,8737,3706,3707,4824,169,0,37,0,753,8,5,3,8
65,2,moe,742,31,8653,3628,3628,4815,171,0,39,0,753,8,5,3,8
65,3,moe,657,28,2346,663,663,1608,57,0,18,0,752,8,7,1,8
65,4,moe,738,28,3459,1653,1653,1616,103,0,87,0,638,8,6,2,8
65,5,moe,808,31,10,0,0,0,0,0,10,0,630,8,8,0,8
65,6,moe,743,32,6205,2612,2612,3408,112,0,73,0,751,8,6,2,8
65,7,moe,656,31,5298,2239,2239,2888,100,0,71,0,629,8,6,2,8
65,8,moe,737,29,9,0,0,0,0,0,9,0,630,8,8,0,8
65,9,moe,813,29,8,0,0,0,0,0,8,0,752,8,8,0,8
65,10,moe,735,29,5087,2200,2201,2755,100,0,31,0,637,8,6,2,8
65,11,moe,668,31,7581,3254,3254,4138,147,0,42,0,637,8,5,3,8
65,12,moe,741,36,3105,1221,1221,1759,58,0,67,0,754,8,7,1,8
65,13,moe,804,30,2679,1109,1109,1456,52,0,62,0,641,8,7,1,8
65,14,moe,739,29,4270,1368,1368,2771,100,3,28,0,634,8,6,2,8
65,15,moe,653,33,9898,3004,3004,6578,227,0,89,0,749,8,4,4,8
65,16,moe,731,30,5259,2215,2215,2874,100,0,70,0,629,8,6,2,8
65,17,moe,806,30,6814,2498,2498,4132,150,0,34,0,637,8,5,3,8
65,18,moe,731,30,10865,3996,3997,6547,226,0,95,0,750,8,4,4,8
65,19,moe,656,30,16938,6568,6568,9867,372,1,130,0,664,8,1,7,8
65,20,moe,744,38,5124,2224,2224,2762,101,0,37,0,659,8,6,2,8
65,21,moe,813,39,8959,3768,3768,4925,175,0,91,0,749,8,5,3,8
65,22,moe,807,31,14666,5869,5869,8382,299,0,116,0,631,8,2,6,8
65,23,moe,655,29,6015,2493,2493,3341,112,0,69,0,743,8,6,2,8
65,24,moe,812,35,10186,3439,3439,6480,225,0,42,0,743,8,4,4,8
65,25,moe,821,39,8813,3770,3770,4830,175,0,38,0,737,8,5,3,8
65,26,moe,659,34,2960,1275,1275,1608,59,0,18,0,746,8,7,1,8
65,-1,epi,0,0,0,0,0,0,0,0,5864,0,0,0,0,0,0
66,-2,pre,38,0,0,0,0,0,0,0,0,0,0,0,0,0,0
66,0,dense,1486,32,0,0,0,0,0,0,0,0,0,0,0,0,0
66,1,moe,818,34,7763,2735,2735,4822,168,0,38,0,751,8,5,3,8
66,2,moe,739,32,19,0,0,0,0,0,19,0,746,8,8,0,8
66,3,moe,657,30,4985,1623,1623,3219,115,0,28,0,755,8,6,2,8
66,4,moe,763,31,3579,536,536,2859,102,0,82,0,639,8,6,2,8
66,5,moe,817,31,10,0,0,0,0,0,10,0,639,8,8,0,8
66,6,moe,747,35,10,0,0,0,0,0,10,0,760,8,8,0,8
66,7,moe,671,31,9,0,0,0,0,0,9,0,649,8,8,0,8
66,8,moe,747,29,2702,1252,1252,1380,48,1,21,0,644,8,7,1,8
66,9,moe,843,31,2197,320,320,1753,59,0,65,0,761,8,7,1,8
66,10,moe,754,33,9,0,0,0,0,0,9,0,651,8,8,0,8
66,11,moe,668,27,8050,2150,2150,5605,198,0,97,0,639,8,4,4,8
66,12,moe,735,31,2204,320,320,1766,60,0,58,0,758,8,7,1,8
66,13,moe,822,33,1194,274,274,812,50,0,58,0,637,8,7,1,8
66,14,moe,746,33,10,0,1,0,0,0,9,0,641,8,8,0,8
66,15,moe,663,30,5086,1598,1598,3303,116,0,69,0,757,8,6,2,8
66,16,moe,757,32,2309,546,546,1587,97,0,79,0,643,8,6,2,8
66,17,moe,823,33,2202,556,556,1516,102,0,28,0,647,8,6,2,8
66,18,moe,752,32,3089,1263,1263,1705,61,0,60,0,756,8,7,1,8
66,19,moe,666,30,3536,543,544,2818,100,0,74,0,644,8,6,2,8
66,20,moe,746,32,9,0,0,0,0,0,9,0,653,8,8,0,8
66,21,moe,829,32,4157,646,646,3318,116,0,77,0,753,8,6,2,8
66,22,moe,826,33,2103,538,538,1449,51,0,65,0,637,8,7,1,8
66,23,moe,667,30,5070,1572,1572,3324,117,0,57,0,756,8,6,2,8
66,24,moe,817,32,5483,2126,2126,3212,115,3,27,0,748,8,6,2,8
66,25,moe,822,31,5157,1804,1804,3206,118,0,29,0,747,8,6,2,8
66,26,moe,666,32,4926,1560,1560,3227,110,0,29,0,751,8,6,2,8
66,-1,epi,0,0,0,0,0,0,0,0,5933,0,0,0,0,0,0
67,-2,pre,212,0,0,0,0,0,0,0,0,0,0,0,0,0,0
67,0,dense,1481,32,0,0,0,0,0,0,0,0,0,0,0,0,0
67,1,moe,838,35,9759,3047,3047,6438,228,1,45,0,757,8,4,4,8
67,2,moe,745,29,2977,1290,1290,1606,56,0,25,0,756,8,7,1,8
67,3,moe,671,244,16165,9459,9459,6438,225,0,43,0,744,8,4,4,8
67,4,moe,740,33,4526,1460,1460,2875,98,1,92,0,627,8,6,2,8
67,5,moe,807,34,7733,3373,3373,4166,149,1,44,0,632,8,5,3,8
67,6,moe,755,35,9,0,0,0,0,0,9,0,743,8,8,0,8
67,7,moe,659,46,1954,1118,1118,766,50,0,20,0,640,8,7,1,8
67,8,moe,742,34,3927,2270,2270,1533,96,1,27,0,639,8,6,2,8
67,9,moe,806,33,10,0,0,0,0,0,10,0,746,8,8,0,8
67,10,moe,735,37,9548,3784,3784,5523,201,0,40,0,639,8,4,4,8
67,11,moe,644,33,8603,2856,2856,5507,199,0,41,0,634,8,4,4,8
67,12,moe,742,37,2179,300,300,1754,57,0,68,0,751,8,7,1,8
67,13,moe,810,34,5495,2442,2442,2880,101,0,72,0,635,8,6,2,8
67,14,moe,754,36,2576,1127,1127,1380,50,0,19,0,624,8,7,1,8
67,15,moe,655,33,10303,3394,3394,6593,232,0,84,0,758,8,4,4,8
67,16,moe,750,40,4487,1453,1453,2846,103,0,85,0,627,8,6,2,8
67,17,moe,811,38,6926,2610,2610,4126,152,0,38,0,627,8,5,3,8
67,18,moe,725,37,3099,1185,1186,1788,59,0,66,0,745,8,7,1,8
67,19,moe,664,39,8048,2114,2114,5634,200,0,100,0,633,8,4,4,8
67,20,moe,730,35,4018,2364,2364,1527,97,0,30,0,640,8,6,2,8
67,21,moe,817,36,12068,3479,3479,8191,291,0,107,0,744,8,3,5,8
67,22,moe,806,36,7084,2650,2650,4208,148,0,78,0,623,8,5,3,8
67,23,moe,662,33,10932,4041,4042,6596,224,0,70,0,735,8,4,4,8
67,24,moe,812,37,12370,3978,3980,8050,285,0,55,0,741,8,3,5,8
67,25,moe,795,34,8723,3671,3671,4839,171,0,42,0,740,8,5,3,8
67,26,moe,651,33,13716,5310,5310,8065,291,0,50,0,738,8,3,5,8
67,-1,epi,0,0,0,0,0,0,0,0,5806,0,0,0,0,0,0
68,-2,pre,217,0,0,0,0,0,0,0,0,0,0,0,0,0,0
68,0,dense,1457,42,0,0,0,0,0,0,0,0,0,0,0,0,0
68,1,moe,814,37,12308,3928,3928,8038,291,0,51,0,754,8,3,5,8
68,2,moe,752,37,4350,2441,2441,1765,115,0,29,0,749,8,6,2,8
68,3,moe,675,36,4454,2541,2542,1772,114,0,26,0,739,8,6,2,8
68,4,moe,733,39,7887,4470,4470,3113,196,0,108,0,632,8,4,4,8
68,5,moe,801,36,10,0,0,0,0,0,10,0,620,8,8,0,8
68,6,moe,729,32,3103,1238,1238,1737,58,0,70,0,747,8,7,1,8
68,7,moe,651,34,8,0,0,0,0,0,8,0,635,8,8,0,8
68,8,moe,738,33,9,0,0,0,0,0,9,0,635,8,8,0,8
68,9,moe,809,36,3001,1313,1313,1609,59,0,20,0,761,8,7,1,8
68,10,moe,734,33,3232,1451,1451,1598,98,0,85,0,638,8,6,2,8
68,11,moe,653,35,4304,1826,1826,2289,147,0,42,0,636,8,5,3,8
68,12,moe,734,34,1428,301,301,1001,60,0,66,0,756,8,7,1,8
68,13,moe,823,37,2772,1202,1202,1443,50,0,77,0,638,8,7,1,8
68,14,moe,737,34,1109,283,283,758,50,0,18,0,635,8,7,1,8
68,15,moe,671,36,5169,1658,1658,3328,116,0,67,0,747,8,6,2,8
68,16,moe,738,34,8,0,0,0,0,0,8,0,647,8,8,0,8
68,17,moe,825,39,1270,274,274,858,60,0,78,0,645,8,7,1,8
68,18,moe,751,36,10,0,0,0,0,0,10,0,836,8,8,0,8
68,19,moe,656,35,6072,1683,1683,4183,165,0,41,0,688,8,5,3,8
68,20,moe,746,36,1130,257,257,789,64,0,20,0,671,8,7,1,8
68,21,moe,812,37,10,0,0,0,0,0,10,0,763,8,8,0,8
68,22,moe,836,41,3478,538,538,2800,101,0,39,0,660,8,6,2,8
68,23,moe,674,36,2136,298,298,1694,57,0,87,0,768,8,7,1,8
68,24,moe,822,35,5926,2563,2564,3215,115,0,32,0,755,8,6,2,8
68,25,moe,816,38,6033,989,989,4830,174,0,40,0,763,8,5,3,8
68,26,moe,656,35,7299,2266,2266,4825,175,0,33,0,749,8,5,3,8
68,-1,epi,0,0,0,0,0,0,0,0,5943,0,0,0,0,0,0
69,-2,pre,39,0,0,0,0,0,0,0,0,0,0,0,0,0,0
69,0,dense,1512,41,0,0,0,0,0,0,0,0,0,0,0,0,0
69,1,moe,845,41,4966,1603,1603,3217,116,0,30,0,763,8,6,2,8
69,2,moe,751,34,10,0,0,0,0,0,10,0,775,8,8,0,8
69,3,moe,674,33,7793,2774,2774,4811,171,0,37,0,759,8,5,3,8
69,4,moe,748,37,2823,1191,1191,1500,54,1,77,0,632,8,7,1,8
69,5,moe,812,35,9,0,0,0,0,0,9,0,650,8,8,0,8
69,6,moe,745,35,11,0,0,0,0,0,11,0,765,8,8,0,8
69,7,moe,673,33,5066,2182,2182,2759,98,0,27,0,634,8,6,2,8
69,8,moe,757,33,1711,271,271,1372,50,0,18,0,635,8,7,1,8
69,9,moe,824,34,9,0,0,0,0,0,9,0,771,8,8,0,8
69,10,moe,758,37,5181,2297,2297,2751,99,0,34,0,637,8,6,2,8
69,11,moe,667,35,4349,1466,1466,2756,102,0,25,0,640,8,6,2,8
69,12,moe,766,42,10,0,0,0,0,0,10,0,762,8,8,0,8
69,13,moe,818,34,9,0,0,0,0,0,9,0,653,8,8,0,8
69,14,moe,756,36,1736,275,275,1389,50,0,22,0,646,8,7,1,8
69,15,moe,664,34,2153,283,283,1726,56,0,88,0,762,8,7,1,8
69,16,moe,749,37,9,0,0,0,0,0,9,0,648,8,8,0,8
69,17,moe,831,35,9,0,0,0,0,0,9,0,652,8,8,0,8
69,18,moe,749,34,9,0,0,0,0,0,9,0,777,8,8,0,8
69,19,moe,674,38,8,0,0,0,0,0,8,0,660,8,8,0,8
69,20,moe,760,37,2751,1190,1190,1431,51,0,79,0,647,8,7,1,8
69,21,moe,839,37,3192,1346,1346,1727,59,0,60,0,767,8,7,1,8
69,22,moe,826,36,8,0,0,0,0,0,8,0,648,8,8,0,8
69,23,moe,674,32,8,0,0,0,0,0,8,0,771,8,8,0,8
69,24,moe,822,32,2273,579,579,1609,63,0,22,0,775,8,7,1,8
69,25,moe,836,35,2009,324,324,1608,59,0,18,0,764,8,7,1,8
69,26,moe,663,32,2966,1276,1276,1613,58,0,19,0,763,8,7,1,8
69,-1,epi,0,0,0,0,0,0,0,0,6109,0,0,0,0,0,0
70,-2,pre,67,0,0,0,0,0,0,0,0,0,0,0,0,0,0
70,0,dense,1526,37,0,0,0,0,0,0,0,0,0,0,0,0,0
70,1,moe,847,33,5399,2042,2042,3207,115,0,35,0,766,8,6,2,8
70,2,moe,760,38,9,0,0,0,0,0,9,0,779,8,8,0,8
70,3,moe,685,33,7088,2061,2061,4819,172,0,36,0,766,8,5,3,8
70,4,moe,764,32,1901,290,290,1505,51,0,55,0,648,8,7,1,8
70,5,moe,832,35,5048,3601,3601,1374,51,0,22,0,641,8,7,1,8
70,6,moe,757,34,8,0,0,0,0,0,8,0,760,8,8,0,8
70,7,moe,677,36,2039,1212,1212,757,51,0,19,0,645,8,7,1,8
70,8,moe,744,34,2069,1229,1229,772,49,1,18,0,643,8,7,1,8
70,9,moe,827,34,10,0,0,0,0,0,10,0,758,8,8,0,8
70,10,moe,761,35,5044,2163,2163,2756,98,0,27,0,640,8,6,2,8
70,11,moe,657,33,3201,1557,1557,1518,100,0,26,0,638,8,6,2,8
70,12,moe,739,34,5087,1488,1488,3400,117,0,82,0,757,8,6,2,8
70,13,moe,809,33,5325,2294,2294,2868,101,0,62,0,640,8,6,2,8
70,14,moe,747,34,2564,1110,1110,1382,51,0,21,0,643,8,7,1,8
70,15,moe,659,33,2231,319,319,1790,58,0,64,0,760,8,7,1,8
70,16,moe,758,38,8,0,0,0,0,0,8,0,638,8,8,0,8
70,17,moe,821,38,9,0,0,0,0,0,9,0,646,8,8,0,8
70,18,moe,755,32,1978,295,295,1605,58,0,20,0,764,8,7,1,8
70,19,moe,689,36,8,0,0,0,0,0,8,0,654,8,8,0,8
70,20,moe,755,34,2748,1162,1162,1459,52,0,75,0,649,8,7,1,8
70,21,moe,826,29,9,0,0,0,0,0,9,0,768,8,8,0,8
70,22,moe,826,28,1716,275,275,1372,51,0,18,0,683,8,7,1,8
70,23,moe,689,31,5241,1685,1685,3362,115,0,79,0,763,8,6,2,8
70,24,moe,821,32,2538,623,623,1778,111,0,26,0,764,8,6,2,8
70,25,moe,818,31,4854,1491,1491,3215,118,0,30,0,759,8,6,2,8
70,26,moe,665,29,1996,306,306,1611,59,0,20,0,760,8,7,1,8
70,-1,epi,0,0,0,0,0,0,0,0,6083,0,0,0,0,0,0
71,-2,pre,44,0,0,0,0,0,0,0,0,0,0,0,0,0,0
71,0,dense,1529,34,0,0,0,0,0,0,0,0,0,0,0,0,0
71,1,moe,853,32,10,0,0,0,0,0,10,0,796,8,8,0,8
71,2,moe,777,29,1988,300,300,1609,59,0,20,0,772,8,7,1,8
71,3,moe,686,29,5913,2546,2546,3227,113,0,27,0,760,8,6,2,8
71,4,moe,751,29,9,0,0,0,0,0,9,0,658,8,8,0,8
71,5,moe,837,29,4472,1457,1457,2844,102,0,69,0,645,8,6,2,8
71,6,moe,762,29,9,0,0,0,0,0,9,0,764,8,8,0,8
71,7,moe,684,27,2794,1339,1339,1378,58,0,19,0,645,8,7,1,8
71,8,moe,762,29,8,0,0,0,0,0,8,0,662,8,8,0,8
71,9,moe,828,29,2175,315,315,1755,58,0,47,0,767,8,7,1,8
71,10,moe,751,28,2786,1169,1169,1499,49,0,69,0,645,8,7,1,8
71,11,moe,670,28,1733,280,280,1387,48,0,18,0,642,8,7,1,8
71,12,moe,743,28,8,0,0,0,0,0,8,0,777,8,8,0,8
71,13,moe,825,29,2571,1118,1118,1384,49,1,19,0,649,8,7,1,8
71,14,moe,746,33,8230,4112,4112,3821,250,0,47,0,646,8,3,5,8
71,15,moe,657,28,1427,304,304,996,59,0,68,0,766,8,7,1,8
71,16,moe,746,31,2046,1100,1100,829,51,0,66,0,647,8,7,1,8
71,17,moe,835,30,1723,284,284,1372,50,0,17,0,644,8,7,1,8
71,18,moe,748,28,3172,1306,1306,1760,58,0,48,0,763,8,7,1,8
71,19,moe,682,29,2791,1204,1204,1475,50,0,62,0,663,8,7,1,8
71,20,moe,738,27,8,0,0,0,0,0,8,0,684,8,8,0,8
71,21,moe,812,30,8,0,0,0,0,0,8,0,767,8,8,0,8
71,22,moe,818,29,8,0,0,0,0,0,8,0,659,8,8,0,8
71,23,moe,691,28,5203,2188,2188,2756,168,0,91,0,766,8,5,3,8
71,24,moe,830,31,2974,1288,1288,1608,59,0,19,0,766,8,7,1,8
71,25,moe,828,31,1278,316,316,884,57,0,21,0,765,8,7,1,8
71,26,moe,679,30,5407,3492,3492,1771,117,0,27,0,762,8,6,2,8
71,-1,epi,0,0,0,0,0,0,0,0,6080,0,0,0,0,0,0
72,-2,pre,207,0,0,0,0,0,0,0,0,0,0,0,0,0,0
72,0,dense,1508,32,0,0,0,0,0,0,0,0,0,0,0,0,0
72,1,moe,844,28,9333,2606,2606,6452,230,0,45,0,774,8,4,4,8
72,2,moe,750,33,8808,3774,3774,4824,173,0,37,0,758,8,5,3,8
72,3,moe,687,31,4218,1350,1350,2657,176,0,35,0,761,8,5,3,8
72,4,moe,747,31,1248,262,262,854,52,0,80,0,647,8,7,1,8
72,5,moe,829,29,1462,628,628,764,52,0,18,0,642,8,7,1,8
72,6,moe,754,33,3135,1242,1242,1767,60,0,66,0,760,8,7,1,8
72,7,moe,664,29,2732,1162,1162,1456,53,0,61,0,636,8,7,1,8
72,8,moe,747,30,4014,2357,2357,1527,101,0,29,0,638,8,6,2,8
72,9,moe,820,31,5905,2399,2399,3324,111,1,70,0,751,8,6,2,8
72,10,moe,736,29,8,0,0,0,0,0,8,0,637,8,8,0,8
72,11,moe,672,27,6279,1782,1782,4249,149,0,99,0,640,8,5,3,8
72,12,moe,735,31,4476,2373,2373,1909,117,0,77,0,758,8,6,2,8
72,13,moe,811,30,1251,290,290,836,52,0,73,0,644,8,7,1,8
72,14,moe,745,33,4274,1390,1390,2756,98,0,30,0,635,8,6,2,8
72,15,moe,656,28,7197,2017,2017,4928,175,0,77,0,755,8,5,3,8
72,16,moe,737,31,6065,3010,3010,2886,100,0,69,0,625,8,6,2,8
72,17,moe,802,30,1907,1073,1073,762,52,0,20,0,636,8,7,1,8
72,18,moe,735,29,3153,1271,1271,1769,56,0,57,0,752,8,7,1,8
72,19,moe,668,30,3226,1438,1439,1618,102,0,67,0,643,8,6,2,8
72,20,moe,740,29,3084,1428,1429,1524,105,0,26,0,642,8,6,2,8
72,21,moe,814,29,7198,1944,1944,5012,173,0,69,0,758,8,5,3,8
72,22,moe,806,30,2751,1194,1194,1456,51,0,50,0,642,8,7,1,8
72,23,moe,658,32,5500,1930,1930,3390,114,0,66,0,757,8,6,2,8
72,24,moe,808,29,3569,1643,1643,1779,117,0,30,0,755,8,6,2,8
72,25,moe,801,35,7245,3338,3338,3607,256,0,44,0,842,8,4,4,8
72,26,moe,687,38,7169,3232,3232,3607,277,0,53,0,774,8,4,4,8
72,-1,epi,0,0,0,0,0,0,0,0,6112,0,0,0,0,0,0
73,-2,pre,1021,0,0,0,0,0,0,0,0,0,0,0,0,0,0
73,0,dense,1474,42,0,0,0,0,0,0,0,0,0,0,0,0,0
73,1,moe,829,37,8344,4509,4509,3552,224,0,59,0,769,8,4,4,8
73,2,moe,747,36,7653,2608,2609,4834,171,0,39,0,762,8,5,3,8
73,3,moe,662,37,4804,1944,1944,2654,170,0,36,0,755,8,5,3,8
73,4,moe,738,37,3268,1507,1507,1590,99,0,72,0,641,8,6,2,8
73,5,moe,820,36,9,0,0,0,0,0,9,0,646,8,8,0,8
73,6,moe,751,38,11,0,0,0,0,0,11,0,763,8,8,0,8
73,7,moe,668,33,1982,1134,1134,774,51,0,23,0,656,8,7,1,8
73,8,moe,743,35,5213,2325,2325,2761,99,0,28,0,642,8,6,2,8
73,9,moe,817,34,3154,1227,1227,1798,59,0,70,0,763,8,7,1,8
73,10,moe,739,34,7084,2609,2609,4235,151,0,89,0,641,8,5,3,8
73,11,moe,663,35,3052,1400,1400,1525,101,0,26,0,641,8,6,2,8
73,12,moe,739,34,1385,300,301,982,56,0,46,0,761,8,7,1,8
73,13,moe,810,35,2059,1145,1145,817,48,0,49,0,655,8,7,1,8
73,14,moe,760,37,5879,3393,3394,2299,151,0,35,0,645,8,5,3,8
73,15,moe,662,34,3660,1570,1570,1887,120,0,83,0,759,8,6,2,8
73,16,moe,751,33,2110,1152,1153,841,51,0,65,0,645,8,7,1,8
73,17,moe,827,40,10,0,0,0,0,0,10,0,638,8,8,0,8
73,18,moe,740,35,5815,2781,2782,2763,177,0,93,0,768,8,5,3,8
73,19,moe,669,36,6231,1749,1749,4252,149,0,81,0,642,8,5,3,8
73,20,moe,743,33,3914,2240,2240,1526,98,0,50,0,636,8,6,2,8
73,21,moe,806,35,6689,3688,3688,2743,171,0,87,0,756,8,5,3,8
73,22,moe,813,33,6106,3512,3512,2357,147,0,90,0,633,8,5,3,8
73,23,moe,655,33,6605,3592,3592,2764,170,0,79,0,756,8,5,3,8
73,24,moe,809,34,8079,4251,4251,3564,223,0,41,0,754,8,4,4,8
73,25,moe,806,34,5557,2680,2681,2670,171,0,35,0,761,8,5,3,8
73,26,moe,658,33,1247,288,288,884,57,1,17,0,760,8,7,1,8
73,-1,epi,0,0,0,0,0,0,0,0,6033,0,0,0,0,0,0
74,-2,pre,65,0,0,0,0,0,0,0,0,0,0,0,0,0,0
74,0,dense,1493,36,0,0,0,0,0,0,0,0,0,0,0,0,0
74,1,moe,846,40,1288,316,316,889,58,0,25,0,787,8,7,1,8
74,2,moe,758,34,1278,308,308,894,58,0,18,0,774,8,7,1,8
74,3,moe,680,35,2267,1307,1307,883,57,0,20,0,779,8,7,1,8
74,4,moe,758,34,3408,1606,1606,1617,97,0,88,0,644,8,6,2,8
74,5,moe,820,32,8,0,0,0,0,0,8,0,651,8,8,0,8
74,6,moe,743,32,2421,1289,1289,1007,57,0,68,0,767,8,7,1,8
74,7,moe,669,32,9,0,0,0,0,0,9,0,649,8,8,0,8
74,8,moe,750,33,2099,1122,1122,856,50,0,71,0,651,8,7,1,8
74,9,moe,820,34,3156,1270,1270,1769,61,0,56,0,760,8,7,1,8
74,10,moe,745,33,9,0,0,0,0,0,9,0,648,8,8,0,8
74,11,moe,675,32,9,0,0,0,0,0,9,0,652,8,8,0,8
74,12,moe,753,32,3997,636,636,3213,117,0,31,0,772,8,6,2,8
74,13,moe,825,38,2134,1172,1172,840,49,0,73,0,662,8,7,1,8
74,14,moe,756,32,5245,2777,2777,2287,145,0,36,0,645,8,5,3,8
74,15,moe,658,31,3875,1798,1798,1887,114,0,76,0,763,8,6,2,8
74,16,moe,746,32,4638,2022,2022,2377,155,0,84,0,644,8,5,3,8
74,17,moe,823,35,3134,1486,1486,1524,99,0,25,0,640,8,6,2,8
74,18,moe,758,34,4658,2588,2589,1890,114,0,65,0,765,8,6,2,8
74,19,moe,669,34,6953,2501,2501,4216,151,0,85,0,638,8,5,3,8
74,20,moe,737,33,3078,1433,1433,1521,98,0,26,0,646,8,6,2,8
74,21,moe,808,34,5124,2128,2128,2737,172,0,87,0,756,8,5,3,8
74,22,moe,808,36,6398,1904,1904,4259,150,0,85,0,639,8,5,3,8
74,23,moe,652,32,4483,2446,2446,1863,113,0,61,0,754,8,6,2,8
74,24,moe,804,34,3794,1880,1880,1774,114,0,26,0,753,8,6,2,8
74,25,moe,807,34,1270,308,308,887,56,0,19,0,766,8,7,1,8
74,26,moe,659,32,4020,644,644,3235,116,0,25,0,762,8,6,2,8
74,-1,epi,0,0,0,0,0,0,0,0,6049,0,0,0,0,0,0
75,-2,pre,42,0,0,0,0,0,0,0,0,0,0,0,0,0,0
75,0,dense,1532,37,0,0,0,0,0,0,0,0,0,0,0,0,0
75,1,moe,838,35,3765,1848,1848,1776,113,0,28,0,766,8,6,2,8
75,2,moe,761,37,10,0,0,0,0,0,10,0,775,8,8,0,8
75,3,moe,682,33,9,0,0,0,0,0,9,0,773,8,8,0,8
75,4,moe,771,34,9,0,0,0,0,0,9,0,669,8,8,0,8
75,5,moe,842,34,2223,1242,1242,850,51,0,80,0,657,8,7,1,8
75,6,moe,760,48,9,0,0,0,0,0,9,0,782,8,8,0,8
75,7,moe,696,31,2003,1169,1169,765,51,0,18,0,657,8,7,1,8
75,8,moe,763,36,1117,283,283,764,49,1,20,0,656,8,7,1,8
75,9,moe,827,35,9,0,0,0,0,0,9,0,768,8,8,0,8
75,10,moe,763,35,9,0,0,0,0,0,9,0,676,8,8,0,8
75,11,moe,692,34,3145,1494,1494,1520,104,0,27,0,651,8,6,2,8
75,12,moe,766,34,9,0,0,0,0,0,9,0,785,8,8,0,8
75,13,moe,842,35,5976,3502,3502,2292,148,0,34,0,656,8,5,3,8
75,14,moe,743,36,9,0,0,0,0,0,9,0,649,8,8,0,8
75,15,moe,684,32,8,0,0,0,0,0,8,0,776,8,8,0,8
75,16,moe,762,34,5927,3449,3449,2287,154,0,37,0,651,8,5,3,8
75,17,moe,834,36,4521,2053,2053,2284,147,0,37,0,650,8,5,3,8
75,18,moe,754,38,2423,1303,1303,993,57,0,70,0,764,8,7,1,8
75,19,moe,676,34,4567,1973,1973,2352,150,0,92,0,645,8,5,3,8
75,20,moe,754,34,2002,1162,1162,766,55,0,19,0,651,8,7,1,8
75,21,moe,832,36,3651,1590,1590,1868,122,0,71,0,775,8,6,2,8
75,22,moe,819,33,9,0,0,0,0,0,9,0,642,8,8,0,8
75,23,moe,682,37,4905,1526,1526,3233,116,0,30,0,764,8,6,2,8
75,24,moe,812,32,3003,1313,1313,1612,58,0,20,0,769,8,7,1,8
75,25,moe,7232,34,8657,4841,4841,3549,224,0,43,0,760,8,4,4,8
75,26,moe,841,36,4902,1539,1540,3217,115,0,30,0,760,8,6,2,8
75,-1,epi,0,0,0,0,0,0,0,0,6033,0,0,0,0,0,0
76,-2,pre,43,0,0,0,0,0,0,0,0,0,0,0,0,0,0
76,0,dense,1528,40,0,0,0,0,0,0,0,0,0,0,0,0,0
76,1,moe,853,42,10,0,0,0,0,0,10,0,791,8,8,0,8
76,2,moe,767,36,3518,2548,2548,889,59,0,22,0,771,8,7,1,8
76,3,moe,719,37,8,0,0,0,0,0,8,0,787,8,8,0,8
76,4,moe,771,39,3180,1414,1414,1580,102,0,84,0,655,8,6,2,8
76,5,moe,826,37,2039,1194,1194,773,51,0,21,0,648,8,7,1,8
76,6,moe,756,38,9,0,0,0,0,0,9,0,777,8,8,0,8
76,7,moe,706,34,9,0,0,0,0,0,9,0,672,8,8,0,8
76,8,moe,762,33,8,0,0,0,0,0,8,0,655,8,8,0,8
76,9,moe,842,34,4481,2419,2419,1885,114,0,63,0,775,8,6,2,8
76,10,moe,746,37,3194,1393,1393,1614,101,0,86,0,648,8,6,2,8
76,11,moe,666,35,9,0,0,0,0,0,9,0,653,8,8,0,8
76,12,moe,752,34,9,0,0,0,0,0,9,0,772,8,8,0,8
76,13,moe,827,33,3863,2183,2183,1551,99,0,30,0,662,8,6,2,8
76,14,moe,796,35,8,0,0,0,0,0,8,0,660,8,8,0,8
76,15,moe,719,33,4607,2479,2479,1922,124,0,82,0,773,8,6,2,8
76,16,moe,752,32,3211,1429,1429,1603,98,0,81,0,691,8,6,2,8
76,17,moe,862,32,1968,1128,1128,765,50,0,25,0,658,8,7,1,8
76,18,moe,782,32,8,0,0,0,0,0,8,0,807,8,8,0,8
76,19,moe,728,30,4245,1333,1333,2783,104,0,25,0,656,8,6,2,8
76,20,moe,754,36,1172,289,289,803,49,0,31,0,655,8,7,1,8
76,21,moe,832,36,9,0,0,0,0,0,9,0,783,8,8,0,8
76,22,moe,826,33,3883,2216,2216,1527,102,2,36,0,659,8,6,2,8
76,23,moe,675,30,6073,2956,2956,2832,194,0,91,0,797,8,5,3,8
76,24,moe,806,39,10092,3217,3217,6569,255,0,51,0,778,8,4,4,8
76,25,moe,846,35,2765,834,834,1776,118,0,37,0,783,8,6,2,8
76,26,moe,696,32,10768,4034,4034,6447,241,0,46,0,765,8,4,4,8
76,-1,epi,0,0,0,0,0,0,0,0,6094,0,0,0,0,0,0
77,-2,pre,248,0,0,0,0,0,0,0,0,0,0,0,0,0,0
77,0,dense,1527,35,0,0,0,0,0,0,0,0,0,0,0,0,0
77,1,moe,862,32,9,0,0,0,0,0,9,0,803,8,8,0,8
77,2,moe,778,35,2456,1482,1482,888,61,0,25,0,780,8,7,1,8
77,3,moe,694,27,2248,1280,1280,885,62,0,21,0,788,8,7,1,8
77,4,moe,771,31,10,0,0,0,0,0,10,0,666,8,8,0,8
77,5,moe,841,32,10,0,0,0,0,0,10,0,678,8,8,0,8
77,6,moe,765,30,1310,335,335,894,62,0,19,0,788,8,7,1,8
77,7,moe,691,29,2142,1173,1173,856,52,0,61,0,654,8,7,1,8
77,8,moe,764,31,4138,2489,2489,1519,102,0,28,0,620,8,6,2,8
77,9,moe,736,36,5318,1606,1606,3510,121,0,81,0,770,8,6,2,8
77,10,moe,750,29,3220,1451,1451,1588,98,0,83,0,646,8,6,2,8
77,11,moe,676,31,3840,2190,2190,1521,102,0,27,0,650,8,6,2,8
77,12,moe,745,30,4506,2427,2427,1887,116,0,76,0,765,8,6,2,8
77,13,moe,813,30,6448,1933,1933,4263,159,0,93,0,643,8,5,3,8
77,14,moe,756,34,3941,2282,2282,1532,98,0,29,0,645,8,6,2,8
77,15,moe,664,28,4947,1908,1909,2780,174,0,84,0,767,8,5,3,8
77,16,moe,744,29,4027,2244,2244,1610,99,0,74,0,642,8,6,2,8
77,17,moe,810,31,1944,1109,1109,767,50,0,18,0,653,8,7,1,8
77,18,moe,741,31,6306,2344,2344,3660,226,0,76,0,766,8,4,4,8
77,19,moe,662,29,1192,256,256,825,48,0,63,0,653,8,7,1,8
77,20,moe,743,28,2020,1186,1186,763,52,0,19,0,653,8,7,1,8
77,21,moe,835,32,2370,1266,1266,984,59,0,61,0,764,8,7,1,8
77,22,moe,818,29,1205,271,271,831,48,0,55,0,648,8,7,1,8
77,23,moe,675,27,2390,1290,1290,993,57,0,50,0,766,8,7,1,8
77,24,moe,828,30,6435,3540,3540,2669,180,0,46,0,767,8,5,3,8
77,25,moe,826,32,4082,1219,1220,2653,171,0,38,0,774,8,5,3,8
77,26,moe,675,32,1286,319,319,889,61,0,17,0,776,8,7,1,8
77,-1,epi,0,0,0,0,0,0,0,0,6155,0,0,0,0,0,0
78,-2,pre,39,0,0,0,0,0,0,0,0,0,0,0,0,0,0
78,0,dense,1531,32,0,0,0,0,0,0,0,0,0,0,0,0,0
78,1,moe,864,31,2252,1278,1278,886,57,0,31,0,778,8,7,1,8
78,2,moe,760,28,10,0,0,0,0,0,10,0,796,8,8,0,8
78,3,moe,710,31,1664,692,692,893,59,0,20,0,788,8,7,1,8
78,4,moe,758,30,4178,2391,2391,1594,101,0,92,0,652,8,6,2,8
78,5,moe,824,31,5124,2225,2226,2770,101,0,27,0,652,8,6,2,8
78,6,moe,749,28,9,0,0,0,0,0,9,0,762,8,8,0,8
78,7,moe,689,27,4294,1384,1384,2780,102,0,28,0,650,8,6,2,8
78,8,moe,744,30,8,0,0,0,0,0,8,0,649,8,8,0,8
78,9,moe,834,29,9,0,0,0,0,0,9,0,785,8,8,0,8
78,10,moe,760,27,2044,1202,1202,770,51,0,21,0,660,8,7,1,8
78,11,moe,687,29,9,0,0,0,0,0,9,0,672,8,8,0,8
78,12,moe,768,30,2393,1264,1264,1000,58,0,71,0,779,8,7,1,8
78,13,moe,835,30,9,0,0,0,0,0,9,0,662,8,8,0,8
78,14,moe,755,29,1236,286,286,824,49,0,77,0,665,8,7,1,8
78,15,moe,702,33,9,0,0,0,0,0,9,0,790,8,8,0,8
78,16,moe,774,29,8,0,0,0,0,0,8,0,679,8,8,0,8
78,17,moe,852,30,8,0,0,0,0,0,8,0,682,8,8,0,8
78,18,moe,780,28,1452,314,314,1010,57,0,71,0,790,8,7,1,8
78,19,moe,707,27,4039,2276,2276,1582,102,0,79,0,665,8,6,2,8
78,20,moe,759,30,1973,1130,1130,771,52,0,20,0,657,8,7,1,8
78,21,moe,832,31,1609,461,461,1025,58,0,65,0,769,8,7,1,8
78,22,moe,828,29,10008,5776,5777,3887,244,0,100,0,653,8,3,5,8
78,23,moe,675,32,8175,1247,1249,6605,234,0,87,0,766,8,4,4,8
78,24,moe,810,30,5807,2923,2923,2660,169,0,55,0,764,8,5,3,8
78,25,moe,836,33,9,0,0,0,0,0,9,0,769,8,8,0,8
78,26,moe,685,242,2569,661,661,1768,113,0,27,0,778,8,6,2,8
78,-1,epi,0,0,0,0,0,0,0,0,6160,0,0,0,0,0,0
79,-2,pre,42,0,0,0,0,0,0,0,0,0,0,0,0,0,0
79,0,dense,1555,37,0,0,0,0,0,0,0,0,0,0,0,0,0
79,1,moe,855,37,5077,1230,1230,3570,234,0,43,0,793,8,4,4,8
79,2,moe,774,34,6977,4103,4103,2667,170,0,37,0,770,8,5,3,8
79,3,moe,680,30,7131,3287,3287,3569,230,0,45,0,774,8,4,4,8
79,4,moe,741,34,3457,828,828,2400,151,0,78,0,657,8,5,3,8
79,5,moe,822,32,1128,284,284,775,52,0,17,0,649,8,7,1,8
79,6,moe,751,36,2361,1246,1246,989,57,0,69,0,768,8,7,1,8
79,7,moe,683,31,8,0,0,0,0,0,8,0,662,8,8,0,8
79,8,moe,765,33,4494,1488,1489,2819,101,0,85,0,651,8,6,2,8
79,9,moe,837,35,9391,4134,4134,4998,175,0,84,0,757,8,5,3,8
79,10,moe,741,31,2639,872,873,1589,102,0,75,0,649,8,6,2,8
79,11,moe,676,34,1079,253,253,760,49,0,17,0,645,8,7,1,8
79,12,moe,747,34,3723,1639,1640,1889,113,0,81,0,765,8,6,2,8
79,13,moe,817,33,8,0,0,0,0,0,8,0,659,8,8,0,8
79,14,moe,750,33,5214,2627,2628,2347,147,0,92,0,648,8,5,3,8
79,15,moe,682,32,5955,2939,2939,2767,173,0,76,0,767,8,5,3,8
79,16,moe,734,33,10569,3275,3275,6945,249,0,100,0,645,8,3,5,8
79,17,moe,814,32,5917,1818,1818,3810,245,0,44,0,644,8,3,5,8
79,18,moe,751,32,8529,3605,3605,4545,283,1,95,0,760,8,3,5,8
79,19,moe,679,36,8557,3499,3499,4660,300,0,98,0,638,8,2,6,8
79,20,moe,734,34,9730,2529,2530,6899,245,0,56,0,637,8,3,5,8
79,21,moe,818,34,8500,3567,3568,4551,282,0,99,0,756,8,3,5,8
79,22,moe,804,34,8304,4095,4095,3867,255,0,87,0,638,8,3,5,8
79,23,moe,674,31,7730,1859,1859,5422,336,0,113,0,754,8,2,6,8
79,24,moe,821,35,13265,4892,4892,8039,286,0,48,0,750,8,3,5,8
79,25,moe,806,34,10737,4060,4062,6206,403,0,66,0,755,8,1,7,8
79,26,moe,665,36,9511,3807,3808,5304,344,0,55,0,757,8,2,6,8
79,-1,epi,0,0,0,0,0,0,0,0,5935,0,0,0,0,0,0
80,-2,pre,45,0,0,0,0,0,0,0,0,0,0,0,0,0,0
80,0,dense,1486,40,0,0,0,0,0,0,0,0,0,0,0,0,0
80,1,moe,833,35,7929,1236,1236,6421,230,0,42,0,760,8,4,4,8
80,2,moe,746,32,3511,1598,1598,1764,117,0,32,0,765,8,6,2,8
80,3,moe,668,33,3532,1618,1618,1768,115,0,31,0,754,8,6,2,8
80,4,moe,743,33,3373,1579,1579,1606,98,1,89,0,641,8,6,2,8
80,5,moe,818,40,1106,272,272,764,52,0,18,0,642,8,7,1,8
80,6,moe,754,39,2431,1305,1305,995,62,0,69,0,758,8,7,1,8
80,7,moe,699,36,1260,271,271,863,59,0,67,0,642,8,7,1,8
80,8,moe,758,39,12,0,0,0,0,0,12,0,642,8,8,0,8
80,9,moe,850,37,2742,643,643,1903,124,0,72,0,807,8,6,2,8
80,10,moe,735,40,1245,267,267,831,57,0,90,0,687,8,7,1,8
80,11,moe,744,41,3522,538,538,2844,111,0,29,0,669,8,6,2,8
80,12,moe,753,43,4166,638,638,3323,113,0,92,0,770,8,6,2,8
80,13,moe,840,40,3574,574,574,2813,99,0,88,0,648,8,6,2,8
80,14,moe,757,39,4711,2234,2234,2291,149,0,37,0,648,8,5,3,8
80,15,moe,670,35,5695,1728,1728,3647,226,0,94,0,774,8,4,4,8
80,16,moe,749,39,3555,563,563,2818,100,0,74,0,666,8,6,2,8
80,17,moe,824,37,7075,2747,2747,4144,149,0,35,0,634,8,5,3,8
80,18,moe,744,35,5002,1512,1512,3300,114,0,76,0,751,8,6,2,8
80,19,moe,659,32,5416,2016,2016,3121,195,0,84,0,646,8,4,4,8
80,20,moe,735,34,2056,1214,1214,772,51,0,19,0,642,8,7,1,8
80,21,moe,812,37,6261,2293,2293,3647,225,0,96,0,761,8,4,4,8
80,22,moe,805,35,2094,1141,1141,839,50,0,64,0,640,8,7,1,8
80,23,moe,662,33,2622,578,579,1867,114,0,62,0,760,8,6,2,8
80,24,moe,817,37,2699,762,762,1782,117,0,38,0,763,8,6,2,8
80,25,moe,812,34,10643,2264,2265,8041,288,0,49,0,756,8,3,5,8
80,26,moe,666,33,5967,927,927,4835,172,0,33,0,761,8,5,3,8
80,-1,epi,0,0,0,0,0,0,0,0,6002,0,0,0,0,0,0
81,-2,pre,41,0,0,0,0,0,0,0,0,0,0,0,0,0,0
81,0,dense,1521,35,0,0,0,0,0,0,0,0,0,0,0,0,0
81,1,moe,838,34,3763,905,905,2655,169,0,34,0,775,8,5,3,8
81,2,moe,754,34,4807,1925,1925,2670,173,0,39,0,769,8,5,3,8
81,3,moe,672,33,6346,1561,1561,4447,290,0,48,0,776,8,3,5,8
81,4,moe,754,37,5280,817,817,4214,150,0,99,0,645,8,5,3,8
81,5,moe,823,35,2593,1151,1151,1373,50,0,19,0,640,8,7,1,8
81,6,moe,757,33,9,0,0,0,0,0,9,0,761,8,8,0,8
81,7,moe,694,31,8,0,1,0,0,0,7,0,652,8,8,0,8
81,8,moe,761,33,1710,261,261,1380,48,0,21,0,641,8,7,1,8
81,9,moe,842,39,1515,329,329,1050,59,0,77,0,769,8,7,1,8
81,10,moe,751,37,2152,1183,1183,848,50,0,71,0,644,8,7,1,8
81,11,moe,674,34,2180,533,533,1520,101,0,26,0,654,8,6,2,8
81,12,moe,753,34,1415,314,314,981,59,0,61,0,780,8,7,1,8
81,13,moe,816,38,4492,1893,1894,2366,148,0,84,0,653,8,5,3,8
81,14,moe,748,35,2203,557,557,1516,103,0,27,0,656,8,6,2,8
81,15,moe,672,31,5857,2797,2797,2814,169,0,77,0,768,8,5,3,8
81,16,moe,751,33,5302,813,813,4258,148,0,83,0,638,8,5,3,8
81,17,moe,830,35,6437,2130,2130,4125,150,0,32,0,636,8,5,3,8
81,18,moe,755,36,9116,6081,6081,2783,169,0,83,0,754,8,5,3,8
81,19,moe,682,34,7934,2042,2042,5601,197,0,94,0,641,8,4,4,8
81,20,moe,744,36,6497,2391,2392,3812,246,0,47,0,634,8,3,5,8
81,21,moe,823,40,8219,2957,2957,5002,173,0,87,0,751,8,5,3,8
81,22,moe,820,34,5578,2139,2139,3154,198,0,87,0,638,8,4,4,8
81,23,moe,660,34,13131,4576,4577,8177,288,0,89,0,749,8,3,5,8
81,24,moe,875,37,12768,6070,6070,6425,230,0,43,0,743,8,4,4,8
81,25,moe,805,34,10379,2003,2004,8041,284,0,50,0,751,8,3,5,8
81,26,moe,657,33,9939,1559,1559,8038,291,0,51,0,749,8,3,5,8
81,-1,epi,0,0,0,0,0,0,0,0,5885,0,0,0,0,0,0
82,-2,pre,43,0,0,0,0,0,0,0,0,0,0,0,0,0,0
82,0,dense,1493,37,0,0,0,0,0,0,0,0,0,0,0,0,0
82,1,moe,844,38,2947,1023,1023,1778,115,0,31,0,767,8,6,2,8
82,2,moe,768,35,2536,624,624,1770,117,0,25,0,776,8,6,2,8
82,3,moe,678,34,4300,1437,1437,2655,173,0,35,0,757,8,5,3,8
82,4,moe,742,33,4531,1103,1103,3122,202,0,104,0,644,8,4,4,8
82,5,moe,820,33,2222,564,564,1533,101,0,24,0,648,8,6,2,8
82,6,moe,752,34,9,0,0,0,0,0,9,0,767,8,8,0,8
82,7,moe,684,36,2094,1262,1262,765,51,0,16,0,645,8,7,1,8
82,8,moe,760,40,10,0,0,0,0,0,10,0,648,8,8,0,8
82,9,moe,825,85,11,0,0,0,0,0,11,0,769,8,8,0,8
82,10,moe,768,33,2238,586,586,1516,101,0,35,0,648,8,6,2,8
82,11,moe,690,39,3088,1444,1444,1515,99,0,30,0,640,8,6,2,8
82,12,moe,755,33,2175,331,331,1711,57,0,76,0,761,8,7,1,8
82,13,moe,824,31,3558,553,553,2823,99,0,83,0,642,8,6,2,8
82,14,moe,750,32,1100,265,265,762,51,0,22,0,643,8,7,1,8
82,15,moe,679,30,8080,1220,1220,6523,237,0,100,0,763,8,4,4,8
82,16,moe,755,33,2347,580,580,1581,104,0,82,0,641,8,6,2,8
82,17,moe,818,33,9929,2739,2739,6881,248,0,61,0,637,8,3,5,8
82,18,moe,742,34,3148,1315,1315,1706,58,0,69,0,746,8,7,1,8
82,19,moe,657,29,1796,254,254,1430,49,0,63,0,634,8,7,1,8
82,20,moe,754,31,1742,283,283,1389,51,0,19,0,637,8,7,1,8
82,21,moe,814,32,6112,933,933,4923,170,0,86,0,763,8,5,3,8
82,22,moe,823,30,5237,784,784,4210,147,0,96,0,638,8,5,3,8
82,23,moe,658,29,2607,581,581,1842,114,0,70,0,751,8,6,2,8
82,24,moe,817,31,2205,501,501,1621,60,0,23,0,755,8,7,1,8
82,25,moe,826,30,3965,614,614,3211,112,0,28,0,755,8,6,2,8
82,26,moe,670,31,3779,904,904,2664,174,0,37,0,791,8,5,3,8
82,-1,epi,0,0,0,0,0,0,0,0,6020,0,0,0,0,0,0
83,-2,pre,229,0,0,0,0,0,0,0,0,0,0,0,0,0,0
83,0,dense,1496,33,0,0,0,0,0,0,0,0,0,0,0,0,0
83,1,moe,838,59,3822,1854,1854,1781,118,1,68,0,774,8,6,2,8
83,2,moe,761,29,2253,1284,1284,885,62,0,22,0,767,8,7,1,8
83,3,moe,678,33,4981,2088,2088,2671,178,0,44,0,766,8,5,3,8
83,4,moe,742,30,7064,3649,3649,3104,194,0,117,0,650,8,4,4,8
83,5,moe,814,30,1980,1146,1146,763,49,0,22,0,647,8,7,1,8
83,6,moe,747,29,5952,2387,2387,3370,114,0,81,0,758,8,6,2,8
83,7,moe,660,29,7112,3662,3662,3142,201,0,107,0,639,8,4,4,8
83,8,moe,736,31,2007,1173,1173,764,49,0,21,0,642,8,7,1,8
83,9,moe,814,31,3062,1184,1184,1753,58,0,67,0,760,8,7,1,8
83,10,moe,748,29,2132,1183,1183,840,53,0,56,0,640,8,7,1,8
83,11,moe,664,28,1956,1112,1112,763,50,0,31,0,639,8,7,1,8
83,12,moe,737,29,4635,2546,2546,1890,118,0,81,0,759,8,6,2,8
83,13,moe,811,31,2098,1150,1150,834,49,0,65,0,641,8,7,1,8
83,14,moe,737,36,3284,816,816,2282,146,0,40,0,648,8,5,3,8
83,15,moe,670,32,2686,618,618,1879,116,0,73,0,758,8,6,2,8
83,16,moe,740,31,18,0,0,0,0,0,18,0,642,8,8,0,8
83,17,moe,820,28,3322,1469,1469,1643,113,0,97,0,649,8,6,2,8
83,18,moe,742,32,5205,1606,1607,3377,125,0,96,0,806,8,6,2,8
83,19,moe,695,37,6498,2939,2939,3229,216,0,114,0,645,8,4,4,8
83,20,moe,745,31,3127,1462,1462,1536,97,0,32,0,648,8,6,2,8
83,21,moe,818,34,2684,623,624,1866,112,0,82,0,766,8,6,2,8
83,22,moe,823,35,3551,539,539,2824,99,0,89,0,645,8,6,2,8
83,23,moe,682,35,3072,1265,1265,1688,58,0,61,0,757,8,7,1,8
83,24,moe,829,32,6316,1279,1279,4824,173,0,40,0,765,8,5,3,8
83,25,moe,832,34,2005,313,313,1609,59,0,24,0,760,8,7,1,8
83,26,moe,685,30,3968,602,602,3211,114,0,41,0,757,8,6,2,8
83,-1,epi,0,0,0,0,0,0,0,0,6072,0,0,0,0,0,0
84,-2,pre,220,0,0,0,0,0,0,0,0,0,0,0,0,0,0
84,0,dense,1513,34,0,0,0,0,0,0,0,0,0,0,0,0,0
84,1,moe,843,31,2985,1289,1289,1615,59,0,22,0,773,8,7,1,8
84,2,moe,753,30,2273,1304,1305,887,58,0,23,0,782,8,7,1,8
84,3,moe,682,29,6006,2641,2641,3220,117,0,28,0,755,8,6,2,8
84,4,moe,742,29,8941,4486,4486,4201,150,0,104,0,642,8,5,3,8
84,5,moe,812,34,1716,260,260,1381,53,0,22,0,640,8,7,1,8
84,6,moe,740,32,3583,1537,1538,1867,114,0,64,0,766,8,6,2,8
84,7,moe,674,34,5164,2162,2162,2812,101,0,89,0,645,8,6,2,8
84,8,moe,738,32,1976,1134,1134,768,50,0,24,0,652,8,7,1,8
84,9,moe,808,35,3601,1537,1537,1865,114,0,85,0,756,8,6,2,8
84,10,moe,739,32,5879,3301,3301,2338,147,0,93,0,640,8,5,3,8
84,11,moe,674,30,2552,881,882,1538,101,0,31,0,651,8,6,2,8
84,12,moe,764,33,3054,1227,1227,1698,59,0,70,0,752,8,7,1,8
84,13,moe,812,32,1850,280,280,1441,51,0,78,0,641,8,7,1,8
84,14,moe,750,39,7029,2678,2678,4156,147,0,48,0,635,8,5,3,8
84,15,moe,667,35,3092,1262,1262,1699,57,0,74,0,752,8,7,1,8
84,16,moe,746,34,2730,1142,1142,1461,49,0,78,0,634,8,7,1,8
84,17,moe,819,31,2539,1083,1084,1384,49,0,22,0,639,8,7,1,8
84,18,moe,750,29,4508,2435,2436,1870,112,3,87,0,759,8,6,2,8
84,19,moe,665,31,8712,2788,2788,5614,204,0,106,0,643,8,4,4,8
84,20,moe,732,32,4453,1552,1552,2764,105,0,32,0,641,8,6,2,8
84,21,moe,840,36,12055,7111,7111,4544,285,0,115,0,757,8,3,5,8
84,22,moe,805,35,3222,1448,1448,1589,99,0,86,0,632,8,6,2,8
84,23,moe,672,34,5097,1570,1570,3353,117,0,57,0,750,8,6,2,8
84,24,moe,801,33,9307,2572,2572,6455,228,0,52,0,761,8,4,4,8
84,25,moe,804,35,7962,2893,2894,4847,172,0,49,0,745,8,5,3,8
84,26,moe,666,35,4960,1602,1602,3210,116,0,32,0,748,8,6,2,8
84,-1,epi,0,0,0,0,0,0,0,0,5966,0,0,0,0,0,0
85,-2,pre,41,0,0,0,0,0,0,0,0,0,0,0,0,0,0
85,0,dense,1508,35,0,0,0,0,0,0,0,0,0,0,0,0,0
85,1,moe,843,38,3036,1337,1337,1616,60,0,23,0,774,8,7,1,8
85,2,moe,751,33,6064,2669,2669,3242,122,0,31,0,754,8,6,2,8
85,3,moe,660,32,7026,2004,2004,4816,171,0,35,0,762,8,5,3,8
85,4,moe,746,32,8638,2714,2715,5610,196,0,117,0,635,8,4,4,8
85,5,moe,809,34,1726,281,281,1376,49,0,20,0,636,8,7,1,8
85,6,moe,748,41,9,0,0,0,0,0,9,0,751,8,8,0,8
85,7,moe,667,33,1729,284,284,1380,48,0,17,0,642,8,7,1,8
85,8,moe,756,31,4964,3518,3519,1371,53,0,21,0,638,8,7,1,8
85,9,moe,825,33,9,0,0,0,0,0,9,0,754,8,8,0,8
85,10,moe,765,31,8,0,0,0,0,0,8,0,648,8,8,0,8
85,11,moe,686,32,8,0,0,0,0,0,8,0,646,8,8,0,8
85,12,moe,767,33,5269,1679,1680,3385,114,0,90,0,762,8,6,2,8
85,13,moe,825,42,10,0,0,0,0,0,10,0,654,8,8,0,8
85,14,moe,749,34,5292,832,832,4210,149,0,101,0,642,8,5,3,8
85,15,moe,682,38,1445,290,290,1032,58,0,65,0,764,8,7,1,8
85,16,moe,750,33,1837,263,263,1455,51,0,68,0,643,8,7,1,8
85,17,moe,826,32,8,0,0,0,0,0,8,0,654,8,8,0,8
85,18,moe,771,35,8,0,0,0,0,0,8,0,778,8,8,0,8
85,19,moe,697,32,1096,265,265,760,50,0,21,0,674,8,7,1,8
85,20,moe,756,34,2051,1218,1218,761,52,0,20,0,660,8,7,1,8
85,21,moe,831,35,3670,1589,1589,1876,117,0,88,0,771,8,6,2,8
85,22,moe,831,38,2139,1193,1193,820,48,0,78,0,639,8,7,1,8
85,23,moe,665,35,5992,2448,2448,3351,115,0,78,0,758,8,6,2,8
85,24,moe,819,33,2952,1257,1257,1616,59,0,20,0,762,8,7,1,8
85,25,moe,818,35,2951,1257,1257,1614,58,0,22,0,761,8,7,1,8
85,26,moe,668,33,9,0,0,0,0,0,9,0,761,8,8,0,8
85,-1,epi,0,0,0,0,0,0,0,0,6170,0,0,0,0,0,0
86,-2,pre,46,0,0,0,0,0,0,0,0,0,0,0,0,0,0
86,0,dense,1519,37,0,0,0,0,0,0,0,0,0,0,0,0,0
86,1,moe,849,35,9,0,0,0,0,0,9,0,809,8,8,0,8
86,2,moe,778,35,2555,621,621,1785,116,0,33,0,792,8,6,2,8
86,3,moe,698,33,8,0,0,0,0,0,8,0,783,8,8,0,8
86,4,moe,765,33,3589,551,551,2837,101,0,100,0,663,8,6,2,8
86,5,moe,835,35,5241,841,841,4208,152,0,40,0,647,8,5,3,8
86,6,moe,755,33,10,0,0,0,0,1,9,0,780,8,8,0,8
86,7,moe,692,34,1505,670,670,763,51,0,21,0,650,8,7,1,8
86,8,moe,764,36,9,0,0,0,0,0,9,0,669,8,8,0,8
86,9,moe,851,34,1440,300,300,1004,56,0,80,0,778,8,7,1,8
86,10,moe,760,36,8,0,0,0,0,0,8,0,669,8,8,0,8
86,11,moe,703,53,2151,1189,1189,833,52,0,77,0,657,8,7,1,8
86,12,moe,760,34,8,0,0,0,0,0,8,0,787,8,8,0,8
86,13,moe,848,34,1472,638,638,759,53,0,22,0,651,8,7,1,8
86,14,moe,784,494,1942,1083,1083,768,48,0,43,0,650,8,7,1,8
86,15,moe,687,35,2147,317,317,1697,57,0,76,0,770,8,7,1,8
86,16,moe,750,36,1250,291,291,835,51,0,73,0,653,8,7,1,8
86,17,moe,840,38,9,0,0,0,0,0,9,0,658,8,8,0,8
86,18,moe,781,37,3365,1504,1504,1733,57,0,71,0,774,8,7,1,8
86,19,moe,683,33,7221,2772,2772,4201,151,0,97,0,644,8,5,3,8
86,20,moe,747,34,3461,564,564,2748,99,0,50,0,649,8,6,2,8
86,21,moe,828,35,9,0,0,0,0,0,9,0,766,8,8,0,8
86,22,moe,824,35,3154,1498,1498,1524,98,0,34,0,643,8,6,2,8
86,23,moe,676,34,4574,2446,2446,1917,116,0,95,0,763,8,6,2,8
86,24,moe,815,33,3500,1575,1575,1778,112,0,35,0,762,8,6,2,8
86,25,moe,824,34,2169,1202,1202,890,56,0,21,0,763,8,7,1,8
86,26,moe,677,32,2216,1248,1248,890,57,0,21,0,769,8,7,1,8
86,-1,epi,0,0,0,0,0,0,0,0,6163,0,0,0,0,0,0
87,-2,pre,37,0,0,0,0,0,0,0,0,0,0,0,0,0,0
87,0,dense,1532,38,0,0,0,0,0,0,0,0,0,0,0,0,0
87,1,moe,844,34,9,0,0,0,0,0,9,0,798,8,8,0,8
87,2,moe,781,38,9,0,0,0,0,0,9,0,807,8,8,0,8
87,3,moe,710,35,1276,311,311,884,58,0,23,0,795,8,7,1,8
87,4,moe,775,35,2188,1211,1211,838,51,0,88,0,663,8,7,1,8
87,5,moe,849,35,2000,1159,1159,770,50,0,21,0,671,8,7,1,8
87,6,moe,767,35,1425,305,306,994,56,0,69,0,776,8,7,1,8
87,7,moe,697,37,9,0,0,0,0,0,9,0,665,8,8,0,8
87,8,moe,772,34,8,0,0,0,0,0,8,0,672,8,8,0,8
87,9,moe,849,35,2553,620,620,1773,128,0,32,0,790,8,6,2,8
87,10,moe,782,34,8,0,0,0,0,0,8,0,676,8,8,0,8
87,11,moe,703,32,2314,1349,1349,830,51,0,84,0,662,8,7,1,8
87,12,moe,771,38,9,0,0,0,0,0,9,0,785,8,8,0,8
87,13,moe,852,34,1100,271,271,761,49,0,19,0,667,8,7,1,8
87,14,moe,768,33,10,0,0,0,0,0,10,0,670,8,8,0,8
87,15,moe,702,33,8,0,0,0,0,0,8,0,799,8,8,0,8
87,16,moe,782,37,2086,1247,1247,764,51,0,24,0,664,8,7,1,8
87,17,moe,734,38,1716,272,272,1376,49,0,19,0,672,8,7,1,8
87,18,moe,784,224,2244,338,338,1774,57,0,75,0,785,8,7,1,8
87,19,moe,706,33,5729,2687,2687,2862,101,0,79,0,644,8,6,2,8
87,20,moe,754,41,2026,1145,1146,801,56,0,23,0,656,8,7,1,8
87,21,moe,842,39,3137,1271,1271,1717,66,0,83,0,806,8,7,1,8
87,22,moe,841,44,11,0,0,0,0,0,11,0,635,8,8,0,8
87,23,moe,712,35,1310,309,309,906,69,0,26,0,808,8,7,1,8
87,24,moe,826,37,6066,3109,3109,2730,182,0,45,0,788,8,5,3,8
87,25,moe,836,39,3006,1073,1073,1779,117,0,37,0,792,8,6,2,8
87,26,moe,692,34,2937,1230,1230,1626,57,0,24,0,772,8,7,1,8
87,-1,epi,0,0,0,0,0,0,0,0,6245,0,0,0,0,0,0
88,-2,pre,207,0,0,0,0,0,0,0,0,0,0,0,0,0,0
88,0,dense,1541,39,0,0,0,0,0,0,0,0,0,0,0,0,0
88,1,moe,850,36,5765,2396,2396,3220,116,0,33,0,786,8,6,2,8
88,2,moe,763,37,7912,2837,2837,4860,169,0,46,0,770,8,5,3,8
88,3,moe,684,34,5294,1908,1908,3240,117,0,29,0,764,8,6,2,8
88,4,moe,749,29,10,0,1,0,0,0,9,0,655,8,8,0,8
88,5,moe,839,32,3342,1544,1544,1601,102,0,95,0,654,8,6,2,8
88,6,moe,764,38,2412,1299,1299,986,60,0,67,0,771,8,7,1,8
88,7,moe,684,29,3187,1402,1402,1597,98,0,90,0,646,8,6,2,8
88,8,moe,742,29,7005,3709,3709,3049,197,0,50,0,647,8,4,4,8
88,9,moe,816,30,4587,2507,2508,1883,112,0,84,0,769,8,6,2,8
88,10,moe,748,30,3281,1503,1503,1599,99,0,80,0,648,8,6,2,8
88,11,moe,692,38,3048,1392,1392,1522,98,0,36,0,649,8,6,2,8
88,12,moe,746,30,7875,3927,3927,3621,229,0,98,0,776,8,4,4,8
88,13,moe,812,30,7012,2499,2499,4267,148,0,98,0,643,8,5,3,8
88,14,moe,746,33,4281,1393,1393,2756,102,0,30,0,643,8,6,2,8
88,15,moe,666,31,5059,1491,1491,3388,117,0,63,0,757,8,6,2,8
88,16,moe,738,29,5255,2645,2645,2364,149,0,97,0,645,8,5,3,8
88,17,moe,831,29,3935,2276,2276,1530,101,0,28,0,639,8,6,2,8
88,18,moe,741,30,1749,638,638,987,58,0,66,0,762,8,7,1,8
88,19,moe,675,31,3548,528,528,2847,100,0,73,0,640,8,6,2,8
88,20,moe,751,29,8324,4997,4997,3080,201,0,46,0,642,8,4,4,8
88,21,moe,814,31,3802,1709,1709,1898,116,0,79,0,765,8,6,2,8
88,22,moe,813,30,3242,1463,1463,1594,100,0,85,0,638,8,6,2,8
88,23,moe,661,31,6956,3001,3001,3637,224,0,94,0,761,8,4,4,8
88,24,moe,818,34,1285,319,319,887,56,0,23,0,760,8,7,1,8
88,25,moe,814,31,7126,3302,3302,3544,228,0,52,0,779,8,4,4,8
88,26,moe,1347,31,5546,2676,2676,2658,170,0,42,0,767,8,5,3,8
88,-1,epi,0,0,0,0,0,0,0,0,6059,0,0,0,0,0,0
89,-2,pre,75,0,0,0,0,0,0,0,0,0,0,0,0,0,0
89,0,dense,1507,33,0,0,0,0,0,0,0,0,0,0,0,0,0
89,1,moe,859,34,7118,2090,2090,4812,168,0,48,0,770,8,5,3,8
89,2,moe,744,31,5733,2348,2348,3236,117,0,32,0,767,8,6,2,8
89,3,moe,672,29,7123,2081,2081,4837,167,0,38,0,773,8,5,3,8
89,4,moe,737,31,6261,1755,1756,4248,149,0,108,0,645,8,5,3,8
89,5,moe,822,31,5062,2592,2592,2277,149,0,44,0,639,8,5,3,8
89,6,moe,739,30,9,0,0,0,0,0,9,0,752,8,8,0,8
89,7,moe,673,31,7404,3284,3284,3817,247,0,56,0,642,8,3,5,8
89,8,moe,770,29,6588,4924,4925,1529,105,0,29,0,644,8,6,2,8
89,9,moe,810,31,3609,1519,1520,1884,118,0,87,0,761,8,6,2,8
89,10,moe,744,30,3548,1753,1753,1612,101,0,82,0,646,8,6,2,8
89,11,moe,657,30,4294,1822,1822,2285,149,0,38,0,650,8,5,3,8
89,12,moe,739,30,9279,2368,2368,6582,224,0,105,0,760,8,4,4,8
89,13,moe,831,32,3533,531,531,2818,102,0,82,0,636,8,6,2,8
89,14,moe,744,30,1730,287,287,1372,52,0,19,0,643,8,7,1,8
89,15,moe,672,30,2691,642,642,1863,112,0,74,0,753,8,6,2,8
89,16,moe,759,33,5772,2387,2387,3105,193,0,87,0,643,8,4,4,8
89,17,moe,821,30,1100,271,271,759,53,0,17,0,642,8,7,1,8
89,18,moe,744,30,2687,637,637,1849,115,0,86,0,771,8,6,2,8
89,19,moe,686,29,5240,789,789,4213,149,0,89,0,636,8,5,3,8
89,20,moe,751,33,2605,1157,1157,1375,51,0,22,0,634,8,7,1,8
89,21,moe,825,30,6168,932,932,4978,170,0,88,0,754,8,5,3,8
89,22,moe,820,30,3202,1421,1421,1596,100,0,85,0,646,8,6,2,8
89,23,moe,677,29,2116,315,315,1688,58,0,55,0,756,8,7,1,8
89,24,moe,829,32,6649,2812,2812,3545,234,0,58,0,761,8,4,4,8
89,25,moe,817,31,4391,1028,1028,3211,117,0,35,0,755,8,6,2,8
89,26,moe,8845,32,9037,2327,2327,6436,222,0,52,0,751,8,4,4,8
89,-1,epi,0,0,0,0,0,0,0,0,5954,0,0,0,0,0,0
90,-2,pre,207,0,0,0,0,0,0,0,0,0,0,0,0,0,0
90,0,dense,3612,32,0,0,0,0,0,0,0,0,0,0,0,0,0
90,1,moe,7218,33,7883,2835,2835,4836,167,0,45,0,757,8,5,3,8
90,2,moe,7447,32,2863,1152,1152,1628,60,0,23,0,754,8,7,1,8
90,3,moe,843,29,4915,2017,2017,2680,175,1,42,0,759,8,5,3,8
90,4,moe,736,30,1257,264,264,853,49,0,91,0,646,8,7,1,8
90,5,moe,808,30,9,0,0,0,0,0,9,0,638,8,8,0,8
90,6,moe,740,29,8,0,0,0,0,0,8,0,758,8,8,0,8
90,7,moe,676,28,6967,2604,2604,4173,148,1,41,0,643,8,5,3,8
90,8,moe,749,29,2032,1199,1199,761,50,0,22,0,647,8,7,1,8
90,9,moe,824,32,8,0,0,0,0,0,8,0,771,8,8,0,8
90,10,moe,765,33,4063,2417,2417,1515,99,0,32,0,640,8,6,2,8
90,11,moe,668,27,6825,3541,3541,3038,195,0,51,0,644,8,4,4,8
90,12,moe,737,30,8637,5584,5584,2784,171,0,98,0,751,8,5,3,8
90,13,moe,806,32,1240,268,268,849,49,0,74,0,636,8,7,1,8
90,14,moe,738,40,2033,1195,1195,764,51,0,23,0,637,8,7,1,8
90,15,moe,691,255,9111,7000,7000,1915,115,0,81,0,747,8,6,2,8
90,16,moe,730,34,4118,2340,2340,1595,99,0,84,0,638,8,6,2,8
90,17,moe,805,35,2579,1121,1121,1383,51,0,24,0,631,8,7,1,8
90,18,moe,733,33,3557,1504,1504,1859,114,0,80,0,753,8,6,2,8
90,19,moe,662,31,5455,2076,2076,3088,196,0,95,0,639,8,4,4,8
90,20,moe,734,32,6041,2744,2744,3055,194,0,48,0,644,8,4,4,8
90,21,moe,807,35,7916,3908,3909,3678,224,0,105,0,760,8,4,4,8
90,22,moe,807,42,10413,5205,5205,4717,322,0,169,0,713,8,2,6,8
90,23,moe,675,42,5074,1514,1514,3338,125,0,97,0,763,8,6,2,8
90,24,moe,824,39,7834,2777,2778,4839,171,0,46,0,756,8,5,3,8
90,25,moe,827,38,11,0,0,0,0,0,11,0,752,8,8,0,8
90,26,moe,679,34,8682,2948,2948,5317,338,0,79,0,767,8,2,6,8
90,-1,epi,0,0,0,0,0,0,0,0,6034,0,0,0,0,0,0
91,-2,pre,52,0,0,0,0,0,0,0,0,0,0,0,0,0,0
91,0,dense,1516,41,0,0,0,0,0,0,0,0,0,0,0,0,0
91,1,moe,854,38,7211,2145,2146,4852,171,0,42,0,767,8,5,3,8
91,2,moe,759,37,2546,640,640,1760,115,0,31,0,766,8,6,2,8
91,3,moe,7855,34,10779,4023,4023,6483,224,0,49,0,756,8,4,4,8
91,4,moe,745,35,5298,842,842,4219,154,0,83,0,637,8,5,3,8
91,5,moe,833,38,1726,276,276,1379,51,0,20,0,644,8,7,1,8
91,6,moe,749,47,9,0,0,0,0,0,9,0,764,8,8,0,8
91,7,moe,681,32,4357,1474,1475,2751,101,0,30,0,632,8,6,2,8
91,8,moe,752,33,1711,253,253,1387,51,0,20,0,646,8,7,1,8
91,9,moe,817,33,8219,2964,2964,4977,174,0,104,0,763,8,5,3,8
91,10,moe,738,33,1867,284,284,1459,52,0,72,0,639,8,7,1,8
91,11,moe,664,35,3271,807,807,2279,146,0,39,0,639,8,5,3,8
91,12,moe,750,35,9,0,0,0,0,0,9,0,766,8,8,0,8
91,13,moe,825,35,1707,261,261,1374,51,0,21,0,648,8,7,1,8
91,14,moe,755,33,1748,281,281,1389,52,0,26,0,647,8,7,1,8
91,15,moe,694,32,5348,3444,3444,1766,59,0,79,0,755,8,7,1,8
91,16,moe,754,36,1840,281,281,1435,51,0,73,0,641,8,7,1,8
91,17,moe,828,63,2217,561,562,1520,99,0,36,0,645,8,6,2,8
91,18,moe,748,33,9,0,0,0,0,0,9,0,772,8,8,0,8
91,19,moe,684,31,3124,1475,1475,1519,101,0,29,0,645,8,6,2,8
91,20,moe,753,36,2199,558,558,1512,99,0,30,0,654,8,6,2,8
91,21,moe,819,34,1457,314,314,1014,57,0,72,0,765,8,7,1,8
91,22,moe,829,40,8,0,0,0,0,0,8,0,658,8,8,0,8
91,23,moe,694,31,2175,492,492,1605,58,0,20,0,767,8,7,1,8
91,24,moe,822,33,7017,1976,1976,4825,173,0,43,0,760,8,5,3,8
91,25,moe,824,35,9,0,0,0,0,0,9,0,763,8,8,0,8
91,26,moe,678,30,6820,2028,2028,4442,290,0,60,0,771,8,3,5,8
91,-1,epi,0,0,0,0,0,0,0,0,6079,0,0,0,0,0,0
92,-2,pre,204,0,0,0,0,0,0,0,0,0,0,0,0,0,0
92,0,dense,1512,38,0,0,0,0,0,0,0,0,0,0,0,0,0
92,1,moe,842,35,7270,2219,2219,4843,168,0,40,0,763,8,5,3,8
92,2,moe,761,33,2167,1195,1195,891,57,0,24,0,772,8,7,1,8
92,3,moe,3646,36,9705,2979,2979,6447,226,0,53,0,756,8,4,4,8
92,4,moe,758,34,3568,525,526,2849,97,0,96,0,637,8,6,2,8
92,5,moe,831,37,9,0,0,0,0,0,9,0,669,8,8,0,8
92,6,moe,753,35,9,0,0,0,0,0,9,0,768,8,8,0,8
92,7,moe,688,32,3990,2337,2337,1518,103,0,32,0,646,8,6,2,8
92,8,moe,748,43,9,0,0,0,0,0,9,0,651,8,8,0,8
92,9,moe,831,34,9,0,0,0,0,0,9,0,780,8,8,0,8
92,10,moe,750,33,3537,1883,1885,1519,101,0,32,0,644,8,6,2,8
92,11,moe,685,31,8566,2804,2804,5516,199,0,47,0,654,8,4,4,8
92,12,moe,751,34,5339,1791,1791,3346,116,0,86,0,762,8,6,2,8
92,13,moe,830,34,1902,292,292,1480,50,0,80,0,647,8,7,1,8
92,14,moe,747,34,5936,3461,3461,2283,148,0,44,0,640,8,5,3,8
92,15,moe,666,31,5706,2693,2693,2748,169,0,96,0,765,8,5,3,8
92,16,moe,734,63,5325,2264,2264,2864,99,0,98,0,630,8,6,2,8
92,17,moe,822,35,3888,2219,2220,1533,101,0,34,0,639,8,6,2,8
92,18,moe,735,35,8405,3155,3155,4986,172,0,92,0,749,8,5,3,8
92,19,moe,660,34,8906,4659,4659,3880,246,0,121,0,637,8,3,5,8
92,20,moe,734,33,2586,1131,1131,1383,50,0,22,0,637,8,7,1,8
92,21,moe,814,34,10210,3311,3311,6566,230,0,103,0,753,8,4,4,8
92,22,moe,806,34,5210,2631,2631,2341,146,0,92,0,635,8,5,3,8
92,23,moe,664,37,1431,313,313,997,59,0,62,0,748,8,7,1,8
92,24,moe,824,33,3840,973,973,2653,172,0,42,0,766,8,5,3,8
92,25,moe,869,33,1675,708,708,886,59,0,22,0,762,8,7,1,8
92,26,moe,682,31,5067,1699,1699,3224,115,0,29,0,757,8,6,2,8
92,-1,epi,0,0,0,0,0,0,0,0,6001,0,0,0,0,0,0
93,-2,pre,220,0,0,0,0,0,0,0,0,0,0,0,0,0,0
93,0,dense,1503,41,0,0,0,0,0,0,0,0,0,0,0,0,0
93,1,moe,838,35,1275,311,311,883,59,0,22,0,795,8,7,1,8
93,2,moe,775,40,2352,1378,1378,893,60,0,21,0,774,8,7,1,8
93,3,moe,2897,33,8695,3629,3629,4851,175,0,40,0,762,8,5,3,8
93,4,moe,741,34,3643,558,558,2878,99,3,105,0,639,8,6,2,8
93,5,moe,814,34,9,0,0,0,0,0,9,0,645,8,8,0,8
93,6,moe,770,36,9,0,1,0,0,0,8,0,769,8,8,0,8
93,7,moe,680,35,4359,1478,1478,2750,100,0,31,0,649,8,6,2,8
93,8,moe,760,34,2002,1168,1168,763,51,0,20,0,643,8,7,1,8
93,9,moe,825,35,3203,1351,1351,1717,57,0,78,0,768,8,7,1,8
93,10,moe,745,32,8,0,0,0,0,0,8,0,638,8,8,0,8
93,11,moe,681,35,9,0,0,0,0,0,9,0,651,8,8,0,8
93,12,moe,759,34,5814,2934,2934,2660,174,0,46,0,767,8,5,3,8
93,13,moe,871,33,1256,268,268,853,52,0,83,0,653,8,7,1,8
93,14,moe,749,33,6173,3683,3684,2299,148,0,42,0,644,8,5,3,8
93,15,moe,662,34,4499,2417,2417,1888,113,0,81,0,761,8,6,2,8
93,16,moe,740,33,5153,2531,2531,2371,148,0,103,0,642,8,5,3,8
93,17,moe,809,32,2161,511,511,1522,98,0,30,0,642,8,6,2,8
93,18,moe,741,34,6107,2492,2492,3414,113,0,88,0,759,8,6,2,8
93,19,moe,666,31,8837,2948,2948,5586,197,0,106,0,632,8,4,4,8
93,20,moe,753,35,3446,565,566,2749,101,0,30,0,634,8,6,2,8
93,21,moe,804,34,10096,3141,3141,6621,232,0,102,0,755,8,4,4,8
93,22,moe,805,33,10421,3106,3107,6956,249,0,109,0,635,8,3,5,8
93,23,moe,676,37,8102,4125,4125,3641,231,0,105,0,755,8,4,4,8
93,24,moe,804,35,4846,1976,1976,2660,169,0,41,0,754,8,5,3,8
93,25,moe,812,36,6640,3748,3748,2684,170,0,38,0,751,8,5,3,8
93,26,moe,668,33,6058,2234,2234,3547,227,0,50,0,761,8,4,4,8
93,-1,epi,0,0,0,0,0,0,0,0,5812,0,0,0,0,0,0
94,-2,pre,219,0,0,0,0,0,0,0,0,0,0,0,0,0,0
94,0,dense,1432,50,0,0,0,0,0,0,0,0,0,0,0,0,0
94,1,moe,805,40,10212,5280,5280,4544,315,0,73,0,770,8,3,5,8
94,2,moe,739,31,14617,6204,6204,8067,283,0,63,0,761,8,3,5,8
94,3,moe,666,31,6877,3043,3043,3545,231,0,58,0,756,8,4,4,8
94,4,moe,3966,31,7818,4368,4368,3123,200,0,127,0,631,8,4,4,8
94,5,moe,7100,33,9521,5391,5391,3817,246,0,67,0,633,8,3,5,8
94,6,moe,2361,33,2205,327,327,1737,57,0,84,0,743,8,7,1,8
94,7,moe,667,34,7900,4469,4470,3123,198,0,109,0,626,8,4,4,8
94,8,moe,739,31,7055,3769,3769,3036,195,0,55,0,628,8,4,4,8
94,9,moe,802,31,7846,3868,3869,3644,227,0,106,0,744,8,4,4,8
94,10,moe,737,29,13345,5989,5991,6986,252,0,116,0,622,8,3,5,8
94,11,moe,670,33,7672,3336,3336,4144,146,0,46,0,622,8,5,3,8
94,12,moe,736,30,8889,4868,4869,3680,232,0,108,0,741,8,4,4,8
94,13,moe,812,34,7016,2495,2496,4273,148,0,99,0,622,8,5,3,8
94,14,moe,741,31,9378,3617,3617,5516,197,0,48,0,621,8,4,4,8
94,15,moe,657,28,8222,4198,4198,3686,231,0,107,0,746,8,4,4,8
94,16,moe,733,31,9565,3652,3652,5613,198,0,102,0,616,8,4,4,8
94,17,moe,795,28,8871,4753,4753,3811,248,0,59,0,646,8,3,5,8
94,18,moe,744,30,8882,3605,3605,5007,172,0,98,0,737,8,5,3,8
94,19,moe,663,29,7234,3804,3804,3119,202,0,109,0,621,8,4,4,8
94,20,moe,745,30,5349,3903,3903,1377,48,0,21,0,613,8,7,1,8
94,21,moe,808,32,16031,5703,5703,9866,343,0,119,0,741,8,2,6,8
94,22,moe,808,33,8282,4041,4041,3875,250,0,116,0,622,8,3,5,8
94,23,moe,658,28,6288,2315,2316,3641,230,0,101,0,735,8,4,4,8
94,24,moe,801,33,10634,5854,5855,4437,280,0,62,0,762,8,3,5,8
94,25,moe,802,27,7972,4155,4156,3543,224,0,49,0,737,8,4,4,8
94,26,moe,663,29,9881,5103,5103,4431,286,0,61,0,748,8,3,5,8
94,-1,epi,0,0,0,0,0,0,0,0,5874,0,0,0,0,0,0
95,-2,pre,212,0,0,0,0,0,0,0,0,0,0,0,0,0,0
95,0,dense,1474,36,0,0,0,0,0,0,0,0,0,0,0,0,0
95,1,moe,831,30,11190,6406,6406,4442,284,0,58,0,742,8,3,5,8
95,2,moe,729,29,5759,2380,2380,3231,113,0,35,0,739,8,6,2,8
95,3,moe,653,28,9979,5185,5185,4449,287,0,58,0,743,8,3,5,8
95,4,moe,736,30,2366,552,552,1611,101,0,102,0,624,8,6,2,8
95,5,moe,2911,32,5083,2609,2609,2287,147,0,40,0,629,8,5,3,8
95,6,moe,4415,29,4375,2297,2297,1877,112,0,89,0,742,8,6,2,8
95,7,moe,12036,33,3349,1579,1579,1586,100,0,84,0,623,8,6,2,8
95,8,moe,7112,30,6102,1778,1778,4132,148,0,44,0,624,8,5,3,8
95,9,moe,7672,31,5808,2766,2767,2767,169,0,105,0,748,8,5,3,8
95,10,moe,736,28,8945,4688,4688,3883,246,0,128,0,626,8,3,5,8
95,11,moe,978,28,3015,1364,1365,1521,99,0,30,0,627,8,6,2,8
95,12,moe,733,27,4875,2810,2810,1875,111,1,78,0,739,8,6,2,8
95,13,moe,803,28,4086,2313,2313,1594,97,0,82,0,619,8,6,2,8
95,14,moe,732,29,6027,2752,2752,3029,196,0,50,0,623,8,4,4,8
95,15,moe,654,28,5862,2831,2831,2774,169,0,88,0,744,8,5,3,8
95,16,moe,733,28,6989,3586,3586,3106,194,0,103,0,622,8,4,4,8
95,17,moe,801,29,5751,3283,3283,2278,147,0,43,0,627,8,5,3,8
95,18,moe,725,29,8910,4929,4929,3658,224,0,99,0,754,8,4,4,8
95,19,moe,663,30,5135,2526,2526,2363,148,0,98,0,625,8,5,3,8
95,20,moe,731,29,1109,282,282,758,49,0,20,0,623,8,7,1,8
95,21,moe,809,29,8027,2804,2804,4963,168,0,92,0,746,8,5,3,8
95,22,moe,807,29,5257,2222,2222,2846,102,0,87,0,625,8,6,2,8
95,23,moe,658,26,10060,3107,3107,6622,229,0,102,0,735,8,4,4,8
95,24,moe,796,30,11465,4722,4722,6458,235,0,50,0,737,8,4,4,8
95,25,moe,801,29,10629,6799,6800,3546,235,0,48,0,749,8,4,4,8
95,26,moe,653,29,14164,5592,5592,8182,325,0,65,0,776,8,3,5,8
95,-1,epi,0,0,0,0,0,0,0,0,5900,0,0,0,0,0,0
96,-2,pre,57,0,0,0,0,0,0,0,0,0,0,0,0,0,0
96,0,dense,1461,37,0,0,0,0,0,0,0,0,0,0,0,0,0
96,1,moe,833,33,16924,6875,6875,9616,351,0,82,0,748,8,2,6,8
96,2,moe,731,34,4322,957,957,3212,116,0,37,0,740,8,6,2,8
96,3,moe,677,33,7074,3221,3222,3554,239,0,59,0,751,8,4,4,8
96,4,moe,737,31,6354,1875,1876,4220,148,0,110,0,620,8,5,3,8
96,5,moe,811,34,7513,3387,3387,3822,247,0,57,0,622,8,3,5,8
96,6,moe,733,30,5010,1506,1506,3326,115,0,63,0,732,8,6,2,8
96,7,moe,655,28,4881,1419,1419,3146,204,0,112,0,625,8,4,4,8
96,8,moe,747,30,3953,2294,2294,1526,100,0,33,0,624,8,6,2,8
96,9,moe,812,30,9017,3829,3829,4927,170,0,91,0,735,8,5,3,8
96,10,moe,8864,36,2133,537,537,1474,49,0,73,0,617,8,7,1,8
96,11,moe,8083,36,7290,2941,2941,4158,147,0,44,0,615,8,5,3,8
96,12,moe,7358,36,12890,4265,4265,8224,286,0,115,0,735,8,3,5,8
96,13,moe,1245,36,8731,2794,2794,5638,196,0,103,0,614,8,4,4,8
96,14,moe,720,37,1717,268,268,1374,49,0,26,0,610,8,7,1,8
96,15,moe,654,37,2719,634,634,1881,120,0,84,0,748,8,6,2,8
96,16,moe,769,65,13278,5933,5933,6960,246,0,139,0,606,8,3,5,8
96,17,moe,794,35,11803,6036,6036,5507,203,0,57,0,611,8,4,4,8
96,18,moe,749,38,3825,1750,1750,1872,116,0,87,0,735,8,6,2,8
96,19,moe,667,37,4566,1544,1544,2835,103,0,84,0,620,8,6,2,8
96,20,moe,724,34,5082,2170,2170,2776,101,0,35,0,616,8,6,2,8
96,21,moe,799,36,11788,4861,4861,6598,225,0,104,0,728,8,4,4,8
96,22,moe,795,36,1857,268,268,1465,50,0,74,0,619,8,7,1,8
96,23,moe,650,32,3083,1247,1247,1718,58,0,60,0,732,8,7,1,8
96,24,moe,807,36,4549,2631,2631,1770,116,0,32,0,734,8,6,2,8
96,25,moe,810,34,4925,1549,1549,3227,113,3,33,0,737,8,6,2,8
96,26,moe,659,31,4981,1624,1624,3216,113,0,28,0,731,8,6,2,8
96,-1,epi,0,0,0,0,0,0,0,0,5879,0,0,0,0,0,0
97,-2,pre,53,0,0,0,0,0,0,0,0,0,0,0,0,0,0
97,0,dense,1511,35,0,0,0,0,0,0,0,0,0,0,0,0,0
97,1,moe,824,34,14014,4060,4060,9546,340,1,67,0,749,8,2,6,8
97,2,moe,752,37,8089,4237,4238,3563,239,0,49,0,745,8,4,4,8
97,3,moe,662,32,7467,2682,2682,4442,290,0,53,0,747,8,3,5,8
97,4,moe,731,34,8055,2115,2115,5613,196,0,131,0,627,8,4,4,8
97,5,moe,806,34,6164,1842,1843,4134,149,0,38,0,616,8,5,3,8
97,6,moe,743,34,6050,2482,2482,3361,117,0,90,0,747,8,6,2,8
97,7,moe,652,34,8090,2148,2148,5637,198,0,107,0,612,8,4,4,8
97,8,moe,735,36,7172,2837,2837,4146,149,0,40,0,611,8,5,3,8
97,9,moe,790,34,6193,921,921,5008,172,0,92,0,738,8,5,3,8
97,10,moe,730,37,9643,3728,3728,5617,196,0,102,0,623,8,4,4,8
97,11,moe,661,32,3115,1462,1462,1523,103,0,27,0,617,8,6,2,8
97,12,moe,735,34,3688,1621,1621,1875,116,0,76,0,736,8,6,2,8
97,13,moe,7089,36,4368,1345,1346,2831,101,0,90,0,614,8,6,2,8
97,14,moe,9289,34,4636,1738,1738,2762,97,0,39,0,628,8,6,2,8
97,15,moe,657,32,8584,1649,1649,6591,230,0,114,0,744,8,4,4,8
97,16,moe,735,34,6887,3454,3454,3129,199,0,105,0,616,8,4,4,8
97,17,moe,792,34,5501,2193,2193,3059,203,0,46,0,626,8,4,4,8
97,18,moe,726,35,6710,3699,3699,2744,175,0,92,0,736,8,5,3,8
97,19,moe,652,34,10092,2761,2761,6970,246,0,115,0,617,8,3,5,8
97,20,moe,725,35,6890,2565,2567,4137,146,0,40,0,613,8,5,3,8
97,21,moe,800,35,9071,3834,3835,4966,174,0,96,0,726,8,5,3,8
97,22,moe,800,33,4386,1360,1360,2839,96,0,91,0,617,8,6,2,8
97,23,moe,662,33,2180,296,296,1764,58,0,62,0,730,8,7,1,8
97,24,moe,806,36,12838,4451,4451,8037,288,0,62,0,733,8,3,5,8
97,25,moe,797,33,1990,305,305,1603,58,0,24,0,737,8,7,1,8
97,26,moe,665,32,11778,5033,5034,6472,227,0,45,0,733,8,4,4,8
97,-1,epi,0,0,0,0,0,0,0,0,5814,0,0,0,0,0,0
98,-2,pre,42,0,0,0,0,0,0,0,0,0,0,0,0,0,0
98,0,dense,1481,38,0,0,0,0,0,0,0,0,0,0,0,0,0
98,1,moe,824,34,13995,5590,5590,8062,288,0,55,0,733,8,3,5,8
98,2,moe,728,33,7854,2703,2703,4915,196,0,40,0,793,8,5,3,8
98,3,moe,686,44,4036,598,598,3277,125,1,35,0,771,8,6,2,8
98,4,moe,724,40,2236,1198,1198,864,63,1,110,0,619,8,7,1,8
98,5,moe,831,40,1732,283,283,1373,53,0,23,0,625,8,7,1,8
98,6,moe,736,35,3206,1343,1343,1722,59,0,82,0,750,8,7,1,8
98,7,moe,659,34,3363,1546,1546,1624,102,1,90,0,628,8,6,2,8
98,8,moe,735,36,2008,1167,1167,767,52,0,22,0,635,8,7,1,8
98,9,moe,810,37,2228,299,299,1796,58,0,75,0,743,8,7,1,8
98,10,moe,731,34,4803,1786,1787,2823,99,0,94,0,623,8,6,2,8
98,11,moe,668,36,1718,267,267,1378,49,0,24,0,622,8,7,1,8
98,12,moe,765,36,7481,3525,3525,3645,229,0,82,0,741,8,4,4,8
98,13,moe,807,36,9932,5436,5436,4248,152,0,96,0,617,8,5,3,8
98,14,moe,727,34,6159,2850,2850,3055,200,0,54,0,626,8,4,4,8
98,15,moe,10069,35,10929,3978,3978,6609,230,0,112,0,739,8,4,4,8
98,16,moe,729,34,9029,4785,4785,3874,253,0,117,0,619,8,3,5,8
98,17,moe,796,36,11039,3833,3833,6899,248,0,59,0,621,8,3,5,8
98,18,moe,726,35,9835,3921,3921,5439,349,0,126,0,738,8,2,6,8
98,19,moe,661,31,8777,2847,2847,5634,195,0,101,0,620,8,4,4,8
98,20,moe,737,36,9491,3725,3725,5521,197,0,48,0,611,8,4,4,8
98,21,moe,790,36,10026,3162,3162,6560,224,0,80,0,730,8,4,4,8
98,22,moe,801,37,4437,1424,1424,2823,98,0,92,0,610,8,6,2,8
98,23,moe,660,33,6140,2620,2620,3329,115,0,76,0,728,8,6,2,8
98,24,moe,794,34,10693,3958,3958,6447,238,0,50,0,735,8,4,4,8
98,25,moe,798,36,6986,1913,1913,4859,172,0,42,0,727,8,5,3,8
98,26,moe,655,36,13555,5152,5153,8057,286,0,59,0,754,8,3,5,8
98,-1,epi,0,0,0,0,0,0,0,0,5798,0,0,0,0,0,0
99,-2,pre,44,0,0,0,0,0,0,0,0,0,0,0,0,0,0
99,0,dense,1458,42,0,0,0,0,0,0,0,0,0,0,0,0,0
99,1,moe,928,44,11403,6612,6613,4435,295,0,60,0,741,8,3,5,8
99,2,moe,729,38,7378,3552,3552,3541,233,0,52,0,745,8,4,4,8
99,3,moe,669,38,7857,2821,2821,4825,173,0,38,0,731,8,5,3,8
99,4,moe,720,35,17454,8663,8664,8357,295,1,137,0,609,8,2,6,8
99,5,moe,793,38,12089,4842,4843,6936,248,0,62,0,615,8,3,5,8
99,6,moe,721,36,5968,2421,2421,3337,113,0,97,0,739,8,6,2,8
99,7,moe,727,31,8753,5714,5714,2872,100,0,67,0,601,8,6,2,8
99,8,moe,738,38,4357,1470,1470,2750,99,0,38,0,607,8,6,2,8
99,9,moe,803,35,10096,3191,3191,6591,227,0,87,0,730,8,4,4,8
99,10,moe,739,37,13138,5758,5758,7015,243,0,122,0,605,8,3,5,8
99,11,moe,645,34,10055,4273,4273,5538,194,0,50,0,607,8,4,4,8
99,12,moe,723,35,6909,3893,3893,2771,172,0,73,0,731,8,5,3,8
99,13,moe,790,34,9748,5501,5502,3865,253,0,128,0,618,8,3,5,8
99,14,moe,720,35,9283,3531,3532,5507,194,0,50,0,620,8,4,4,8
99,15,moe,3347,34,8348,3060,3060,5014,172,0,102,0,734,8,5,3,8
99,16,moe,4763,35,11533,4117,4118,7048,244,0,123,0,609,8,3,5,8
99,17,moe,7731,34,11294,4089,4089,6892,249,0,64,0,609,8,3,5,8
99,18,moe,1569,34,8065,2796,2796,4993,180,0,96,0,726,8,5,3,8
99,19,moe,652,37,8674,3578,3578,4666,303,0,127,0,689,8,2,6,8
99,20,moe,721,38,6902,3586,3586,3061,201,0,54,0,635,8,4,4,8
99,21,moe,812,38,7161,3138,3138,3680,232,0,111,0,744,8,4,4,8
99,22,moe,793,36,2078,1109,1110,836,51,0,81,0,620,8,7,1,8
99,23,moe,651,32,3584,1517,1517,1878,115,0,74,0,741,8,6,2,8
99,24,moe,803,35,7817,3981,3981,3554,226,0,56,0,739,8,4,4,8
99,25,moe,796,33,8753,4914,4915,3562,223,0,53,0,735,8,4,4,8
99,26,moe,658,38,5890,2990,2990,2688,169,0,43,0,738,8,5,3,8
99,-1,epi,0,0,0,0,0,0,0,0,5855,0,0,0,0,0,0
100,-2,pre,207,0,0,0,0,0,0,0,0,0,0,0,0,0,0
100,0,dense,1454,31,0,0,0,0,0,0,0,0,0,0,0,0,0
100,1,moe,819,33,7785,3961,3961,3550,224,0,50,0,741,8,4,4,8
100,2,moe,752,30,7716,3791,3793,3612,254,0,57,0,795,8,4,4,8
100,3,moe,686,39,9291,4430,4430,4509,287,0,65,0,763,8,3,5,8
100,4,moe,739,31,5938,3332,3332,2357,149,0,100,0,633,8,5,3,8
100,5,moe,810,35,4975,2471,2471,2302,151,0,51,0,645,8,5,3,8
100,6,moe,742,31,8683,4677,4679,3659,225,0,120,0,748,8,4,4,8
100,7,moe,664,34,11540,6462,6463,4638,300,0,139,0,629,8,2,6,8
100,8,moe,730,31,1989,1145,1146,770,52,0,21,0,622,8,7,1,8
100,9,moe,799,31,4946,1886,1886,2786,172,0,102,0,742,8,5,3,8
100,10,moe,727,29,7880,4465,4465,3109,199,0,107,0,622,8,4,4,8
100,11,moe,659,28,7632,4344,4345,3038,199,0,50,0,623,8,4,4,8
100,12,moe,727,29,8983,5003,5003,3652,222,0,106,0,742,8,4,4,8
100,13,moe,791,30,5142,2535,2535,2356,148,0,103,0,635,8,5,3,8
100,14,moe,723,28,9516,5396,5396,3808,245,0,67,0,628,8,3,5,8
100,15,moe,659,28,5773,2733,2733,2772,170,0,98,0,737,8,5,3,8
100,16,moe,722,30,11226,5333,5335,5414,344,0,133,0,629,8,1,7,8
100,17,moe,799,29,8082,5612,5612,2281,148,0,41,0,627,8,5,3,8
100,18,moe,6378,30,7948,3976,3976,3656,229,0,87,0,739,8,4,4,8
100,19,moe,9482,29,10096,4902,4902,4736,317,1,140,0,656,8,2,6,8
100,20,moe,773,33,12123,6126,6126,5540,374,0,83,0,662,8,1,7,8
100,21,moe,800,33,6722,3618,3618,2841,180,0,83,0,771,8,5,3,8
100,22,moe,808,30,8201,3887,3887,3928,255,0,131,0,628,8,3,5,8
100,23,moe,664,38,5107,2020,2021,2792,178,0,116,0,754,8,5,3,8
100,24,moe,816,39,8669,3797,3797,4493,317,0,62,0,751,8,3,5,8
100,25,moe,805,33,10000,5197,5198,4455,281,0,66,0,749,8,3,5,8
100,26,moe,3593,32,7244,3401,3401,3561,228,0,54,0,746,8,4,4,8
100,-1,epi,0,0,0,0,0,0,0,0,6089,0,0,0,0,0,0
101,-2,pre,54,0,0,0,0,0,0,0,0,0,0,0,0,0,0
101,0,dense,1480,35,0,0,0,0,0,0,0,0,0,0,0,0,0
101,1,moe,819,32,11620,5878,5878,5336,341,0,65,0,746,8,2,6,8
101,2,moe,731,31,6455,3581,3581,2663,168,0,43,0,739,8,5,3,8
101,3,moe,661,33,8968,4190,4190,4434,283,0,61,0,734,8,3,5,8
101,4,moe,734,30,3166,1407,1407,1593,97,0,69,0,623,8,6,2,8
101,5,moe,799,29,1091,261,261,760,50,0,20,0,627,8,7,1,8
101,6,moe,734,28,2404,1266,1266,1000,57,0,81,0,747,8,7,1,8
101,7,moe,661,27,3522,1741,1741,1597,100,0,84,0,623,8,6,2,8
101,8,moe,725,29,1979,1143,1143,767,49,0,20,0,623,8,7,1,8
101,9,moe,802,29,2330,1203,1203,999,56,1,71,0,762,8,7,1,8
101,10,moe,738,28,9,0,0,0,0,0,9,0,622,8,8,0,8
101,11,moe,677,26,3836,1210,1212,2363,151,0,110,0,636,8,5,3,8
101,12,moe,735,29,4561,2511,2511,1872,117,0,61,0,743,8,6,2,8
101,13,moe,800,33,7660,5042,5042,2360,149,0,109,0,618,8,5,3,8
101,14,moe,727,34,7738,4418,4418,3068,198,0,54,0,624,8,4,4,8
101,15,moe,656,29,6273,2278,2278,3674,222,0,99,0,759,8,4,4,8
101,16,moe,729,28,8955,3893,3893,4629,295,0,138,0,625,8,2,6,8
101,17,moe,803,32,5512,2183,2183,3074,204,0,51,0,658,8,4,4,8
101,18,moe,746,37,8517,5424,5425,2798,185,0,109,0,774,8,5,3,8
101,19,moe,667,29,7225,3745,3745,3155,204,0,121,0,625,8,4,4,8
101,20,moe,730,31,9504,4553,4553,4576,299,0,76,0,627,8,2,6,8
101,21,moe,802,31,6976,2952,2952,3679,231,0,114,0,745,8,4,4,8
101,22,moe,809,35,2108,1135,1135,845,50,0,78,0,621,8,7,1,8
101,23,moe,667,29,4547,2472,2472,1892,113,0,70,0,731,8,6,2,8
101,24,moe,795,30,5673,2790,2790,2663,177,0,43,0,743,8,5,3,8
101,25,moe,799,28,11030,6249,6249,4440,288,0,53,0,739,8,3,5,8
101,26,moe,659,28,8320,3538,3538,4434,286,0,62,0,737,8,3,5,8
101,-1,epi,0,0,0,0,0,0,0,0,5825,0,0,0,0,0,0
102,-2,pre,185,0,0,0,0,0,0,0,0,0,0,0,0,0,0
102,0,dense,1467,34,0,0,0,0,0,0,0,0,0,0,0,0,0
102,1,moe,829,32,6615,3733,3733,2661,176,0,45,0,748,8,5,3,8
102,2,moe,733,32,10998,6204,6204,4440,288,0,66,0,744,8,3,5,8
102,3,moe,668,28,11124,6332,6332,4443,291,0,58,0,745,8,3,5,8
102,4,moe,728,231,10,0,0,0,0,0,10,0,667,8,8,0,8
102,5,moe,802,33,3785,2835,2835,831,51,0,68,0,625,8,7,1,8
102,6,moe,726,34,6874,3856,3856,2778,171,0,69,0,733,8,5,3,8
102,7,moe,661,32,4318,1714,1714,2355,146,0,103,0,617,8,5,3,8
102,8,moe,728,33,2052,1218,1218,764,50,0,20,0,619,8,7,1,8
102,9,moe,801,35,6616,3570,3570,2770,171,0,105,0,748,8,5,3,8
102,10,moe,718,37,10960,5770,5770,4709,312,0,169,0,671,8,2,6,8
102,11,moe,674,36,4981,2465,2466,2310,156,1,48,0,639,8,5,3,8
102,12,moe,738,40,5981,2957,2957,2739,170,0,115,0,744,8,5,3,8
102,13,moe,830,45,1907,308,308,1465,51,0,83,0,627,8,7,1,8
102,14,moe,737,35,8005,4706,4707,3046,197,0,55,0,628,8,4,4,8
102,15,moe,664,35,7019,3006,3006,3662,238,0,113,0,800,8,4,4,8
102,16,moe,737,39,5945,3298,3298,2388,151,0,108,0,675,8,5,3,8
102,17,moe,809,35,5745,3204,3206,2337,159,0,43,0,632,8,5,3,8
102,18,moe,756,37,6644,3555,3556,2801,181,0,106,0,756,8,5,3,8
102,19,moe,681,35,7008,3566,3566,3115,199,0,128,0,634,8,4,4,8
102,20,moe,741,39,6344,3026,3026,3055,201,0,62,0,632,8,4,4,8
102,21,moe,805,44,8224,4217,4217,3679,239,0,89,0,748,8,4,4,8
102,22,moe,809,43,11255,6206,6206,4625,291,0,133,0,622,8,2,6,8
102,23,moe,654,33,4475,2388,2388,1887,114,0,86,0,736,8,6,2,8
102,24,moe,800,34,9894,5116,5116,4434,282,0,62,0,743,8,3,5,8
102,25,moe,806,35,9356,4427,4427,4544,327,0,58,0,761,8,3,5,8
102,26,moe,709,240,8470,3513,3514,4595,296,0,65,0,795,8,3,5,8
102,-1,epi,0,0,0,0,0,0,0,0,6093,0,0,0,0,0,0
103,-2,pre,60,0,0,0,0,0,0,0,0,0,0,0,0,0,0
103,0,dense,1540,40,0,0,0,0,0,0,0,0,0,0,0,0,0
103,1,moe,878,38,7687,3763,3765,3624,240,0,58,0,820,8,4,4,8
103,2,moe,789,37,4244,2282,2282,1804,122,0,36,0,805,8,6,2,8
103,3,moe,707,35,8142,4257,4258,3601,233,0,50,0,794,8,4,4,8
103,4,moe,742,40,6017,3370,3370,2381,150,0,116,0,632,8,5,3,8
103,5,moe,815,49,3874,2203,2203,1539,100,0,32,0,640,8,6,2,8
103,6,moe,754,36,2304,1181,1181,984,61,0,78,0,765,8,7,1,8
103,7,moe,676,33,2319,558,558,1593,102,0,66,0,633,8,6,2,8
103,8,moe,739,37,3303,2456,2456,773,53,1,20,0,632,8,7,1,8
103,9,moe,814,38,4541,2484,2484,1881,115,0,61,0,769,8,6,2,8
103,10,moe,745,40,5172,2559,2559,2382,152,0,79,0,637,8,5,3,8
103,11,moe,676,34,3906,2222,2222,1547,105,0,32,0,642,8,6,2,8
103,12,moe,743,36,2278,1182,1182,984,61,0,51,0,767,8,7,1,8
103,13,moe,819,38,4067,2264,2265,1601,100,0,101,0,654,8,6,2,8
103,14,moe,741,37,3107,1417,1418,1552,106,0,31,0,663,8,6,2,8
103,15,moe,716,33,4422,2324,2325,1888,121,0,88,0,797,8,6,2,8
103,16,moe,753,36,3414,1606,1606,1611,107,0,90,0,666,8,6,2,8
103,17,moe,837,39,10,0,1,0,0,0,9,0,630,8,8,0,8
103,18,moe,763,34,10,0,0,0,0,0,10,0,749,8,8,0,8
103,19,moe,707,33,1108,260,260,777,50,0,21,0,670,8,7,1,8
103,20,moe,776,35,3860,2165,2165,1557,105,0,33,0,677,8,6,2,8
103,21,moe,945,36,5945,2844,2844,2811,181,0,109,0,812,8,5,3,8
103,22,moe,823,40,3115,1278,1278,1639,103,0,95,0,713,8,6,2,8
103,23,moe,814,36,5809,2750,2750,2789,177,0,93,0,866,8,5,3,8
103,24,moe,919,40,6004,2106,2106,3608,242,0,48,0,898,8,4,4,8
103,25,moe,912,39,2152,1161,1161,900,65,0,26,0,749,8,7,1,8
103,26,moe,727,33,3640,1684,1684,1800,124,0,32,0,779,8,6,2,8
103,-1,epi,0,0,0,0,0,0,0,0,5726,0,0,0,0,0,0
104,-2,pre,227,0,0,0,0,0,0,0,0,0,0,0,0,0,0
104,0,dense,1307,40,0,0,0,0,0,0,0,0,0,0,0,0,0
104,1,moe,776,45,7514,3441,3441,3762,251,0,60,0,739,8,4,4,8
104,2,moe,695,44,3530,1537,1537,1820,136,0,37,0,782,8,6,2,8
104,3,moe,700,34,8093,4221,4221,3588,231,0,53,0,770,8,4,4,8
104,4,moe,747,38,2182,1167,1167,860,55,0,100,0,673,8,7,1,8
104,5,moe,824,41,7815,4480,4480,3081,200,0,54,0,653,8,4,4,8
104,6,moe,748,36,2407,1276,1276,990,59,0,82,0,806,8,7,1,8
104,7,moe,711,34,6035,3285,3286,2473,161,0,115,0,602,8,5,3,8
104,8,moe,708,41,6023,3484,3484,2341,155,0,43,0,705,8,5,3,8
104,9,moe,851,39,6790,3680,3680,2838,190,0,82,0,819,8,5,3,8
104,10,moe,779,43,5788,2544,2544,2993,161,0,90,0,667,8,5,3,8
104,11,moe,722,33,7019,3609,3609,3154,203,0,53,0,661,8,4,4,8
104,12,moe,741,38,6833,3688,3688,2851,174,0,120,0,812,8,5,3,8
104,13,moe,870,40,10245,5654,5654,4189,266,0,136,0,675,8,3,5,8
104,14,moe,779,35,8642,4344,4344,4032,214,0,52,0,671,8,4,4,8
104,15,moe,1409,34,5883,2734,2734,2832,191,0,126,0,918,8,6,2,8
104,16,moe,888,59,10149,4952,4952,4752,299,0,146,0,643,8,2,6,8
104,17,moe,757,41,5153,2555,2555,2392,161,0,45,0,734,8,5,3,8
104,18,moe,793,40,4568,2327,2327,2015,125,0,101,0,795,8,6,2,8
104,19,moe,678,35,3322,1433,1433,1691,107,3,88,0,635,8,6,2,8
104,20,moe,741,39,3923,2234,2234,1552,105,0,32,0,699,8,6,2,8
104,21,moe,762,39,4665,2416,2416,2019,127,0,103,0,743,8,6,2,8
104,22,moe,757,43,7000,3534,3534,3152,201,0,113,0,665,8,4,4,8
104,23,moe,712,34,8250,4151,4151,3747,249,0,103,0,780,8,4,4,8
104,24,moe,800,46,9701,4531,4531,4792,309,1,68,0,712,8,3,5,8
104,25,moe,757,40,8523,5535,5535,2750,193,0,45,0,767,8,5,3,8
104,26,moe,710,37,6423,2386,2386,3700,277,0,60,0,790,8,4,4,8
104,-1,epi,0,0,0,0,0,0,0,0,5800,0,0,0,0,0,0
105,-2,pre,74,0,0,0,0,0,0,0,0,0,0,0,0,0,0
105,0,dense,1221,45,0,0,0,0,0,0,0,0,0,0,0,0,0
105,1,moe,729,237,14928,9874,9874,4676,310,0,68,0,675,8,3,5,8
105,2,moe,683,38,6663,3661,3661,2771,174,0,57,0,757,8,5,3,8
105,3,moe,678,35,4543,2612,2612,1789,112,0,30,0,758,8,6,2,8
105,4,moe,738,35,4259,1628,1628,2364,147,0,120,0,641,8,5,3,8
105,5,moe,815,41,3048,1379,1379,1536,98,0,35,0,637,8,6,2,8
105,6,moe,744,34,7282,3163,3164,3773,232,0,113,0,655,8,4,4,8
105,7,moe,601,44,5077,2484,2484,2341,145,0,107,0,632,8,5,3,8
105,8,moe,737,33,5040,2524,2524,2330,148,1,37,0,559,8,5,3,8
105,9,moe,723,35,5869,2804,2804,2812,176,0,77,0,747,8,5,3,8
105,10,moe,736,34,7203,3706,3707,3173,204,0,119,0,591,8,4,4,8
105,11,moe,645,33,8729,4601,4602,3823,248,0,56,0,630,8,3,5,8
105,12,moe,736,37,4492,2393,2393,1893,113,0,93,0,751,8,6,2,8
105,13,moe,807,38,3355,1584,1584,1586,97,0,88,0,628,8,6,2,8
105,14,moe,734,38,7558,4264,4264,3048,195,0,51,0,643,8,4,4,8
105,15,moe,667,33,2357,1244,1244,988,59,0,66,0,746,8,7,1,8
105,16,moe,737,36,5175,2580,2580,2360,153,0,82,0,626,8,5,3,8
105,17,moe,808,40,5819,3344,3344,2286,148,1,40,0,627,8,5,3,8
105,18,moe,733,36,5827,2769,2769,2778,174,0,106,0,750,8,5,3,8
105,19,moe,674,32,4157,2355,2355,1607,102,0,93,0,625,8,6,2,8
105,20,moe,728,34,3858,2208,2208,1518,99,0,33,0,635,8,6,2,8
105,21,moe,799,34,3047,949,949,1892,116,0,90,0,746,8,6,2,8
105,22,moe,810,29,2105,1123,1123,851,51,1,79,0,629,8,7,1,8
105,23,moe,669,31,2329,1209,1209,998,60,0,62,0,746,8,7,1,8
105,24,moe,809,29,6156,2323,2324,3546,230,2,54,0,750,8,4,4,8
105,25,moe,814,33,3503,1593,1593,1765,114,0,31,0,756,8,6,2,8
105,26,moe,688,43,6269,3386,3386,2670,172,0,41,0,747,8,5,3,8
105,-1,epi,0,0,0,0,0,0,0,0,6036,0,0,0,0,0,0
106,-2,pre,221,0,0,0,0,0,0,0,0,0,0,0,0,0,0
106,0,dense,1497,32,0,0,0,0,0,0,0,0,0,0,0,0,0
106,1,moe,832,31,5900,3034,3034,2652,172,0,42,0,760,8,5,3,8
106,2,moe,743,30,7945,4118,4119,3550,226,0,50,0,750,8,4,4,8
106,3,moe,673,27,9349,4576,4576,4442,278,0,53,0,753,8,3,5,8
106,4,moe,733,28,2149,1158,1158,851,49,0,91,0,628,8,7,1,8
106,5,moe,806,28,5816,3345,3345,2278,155,0,38,0,631,8,5,3,8
106,6,moe,733,29,9,0,0,0,0,0,9,0,746,8,8,0,8
106,7,moe,676,27,6038,2739,2739,3054,195,0,50,0,638,8,4,4,8
106,8,moe,734,28,5271,2782,2782,2301,149,0,39,0,638,8,5,3,8
106,9,moe,809,27,6846,3779,3779,2782,173,0,112,0,756,8,5,3,8
106,10,moe,738,32,6276,2826,2826,3131,202,0,117,0,630,8,4,4,8
106,11,moe,676,29,6930,3575,3575,3097,205,0,53,0,628,8,4,4,8
106,12,moe,737,33,1488,330,330,1018,60,0,80,0,747,8,7,1,8
106,13,moe,809,35,5169,2557,2557,2358,148,0,106,0,632,8,5,3,8
106,14,moe,730,32,4963,2493,2493,2281,149,0,40,0,626,8,5,3,8
106,15,moe,661,28,10873,4836,4836,5550,358,0,129,0,758,8,2,6,8
106,16,moe,778,203,2625,788,788,1635,101,0,101,0,624,8,6,2,8
106,17,moe,851,37,6012,3511,3511,2313,147,0,41,0,645,8,5,3,8
106,18,moe,737,31,3809,1710,1711,1881,117,0,100,0,746,8,6,2,8
106,19,moe,671,31,5468,2064,2064,3101,199,0,104,0,637,8,4,4,8
106,20,moe,765,48,3142,1488,1488,1517,101,0,36,0,622,8,6,2,8
106,21,moe,801,35,5190,2165,2165,2748,177,0,100,0,751,8,5,3,8
106,22,moe,801,31,2451,670,670,1589,101,0,91,0,627,8,6,2,8
106,23,moe,689,28,5022,2030,2030,2727,171,0,94,0,747,8,5,3,8
106,24,moe,811,30,11309,5528,5528,5373,339,0,69,0,747,8,2,6,8
106,25,moe,806,31,7187,3341,3341,3573,225,0,48,0,745,8,4,4,8
106,26,moe,674,33,4839,1960,1960,2670,169,0,40,0,748,8,5,3,8
106,-1,epi,0,0,0,0,0,0,0,0,6000,0,0,0,0,0,0
107,-2,pre,791,0,0,0,0,0,0,0,0,0,0,0,0,0,0
107,0,dense,1487,30,0,0,0,0,0,0,0,0,0,0,0,0,0
107,1,moe,833,28,10030,4294,4294,5324,342,0,70,0,751,8,2,6,8
107,2,moe,732,30,7154,3333,3333,3542,226,0,53,0,748,8,4,4,8
107,3,moe,682,27,3447,1531,1531,1770,118,0,28,0,748,8,6,2,8
107,4,moe,743,33,5207,2597,2597,2342,148,0,120,0,629,8,5,3,8
107,5,moe,808,33,2061,1218,1218,764,51,0,28,0,628,8,7,1,8
107,6,moe,736,29,2382,1247,1247,996,59,0,80,0,750,8,7,1,8
107,7,moe,680,27,9,0,0,0,0,0,9,0,625,8,8,0,8
107,8,moe,738,30,1242,260,260,848,50,0,84,0,645,8,7,1,8
107,9,moe,813,29,5007,1997,1997,2762,170,0,78,0,758,8,5,3,8
107,10,moe,744,27,3205,1422,1422,1593,101,0,89,0,626,8,6,2,8
107,11,moe,674,28,7312,4014,4014,3048,202,0,48,0,628,8,4,4,8
107,12,moe,730,29,4552,2451,2451,1893,116,0,92,0,746,8,6,2,8
107,13,moe,805,29,2119,1138,1138,851,50,0,80,0,626,8,7,1,8
107,14,moe,734,27,6969,3676,3676,3046,197,0,50,0,626,8,4,4,8
107,15,moe,678,26,3598,1511,1511,1893,115,0,79,0,747,8,6,2,8
107,16,moe,733,27,4267,1682,1682,2338,149,0,98,0,633,8,5,3,8
107,17,moe,805,30,4269,1810,1810,2273,146,0,40,0,632,8,5,3,8
107,18,moe,735,35,9289,4315,4315,4565,287,0,122,0,745,8,3,5,8
107,19,moe,674,29,5194,2618,2619,2332,147,0,96,0,630,8,5,3,8
107,20,moe,736,31,3826,2166,2166,1528,100,0,32,0,623,8,6,2,8
107,21,moe,804,33,3593,1527,1528,1859,114,0,92,0,740,8,6,2,8
107,22,moe,802,35,2108,1131,1131,842,49,2,84,0,628,8,7,1,8
107,23,moe,667,28,1433,321,321,990,60,0,62,0,786,8,7,1,8
107,24,moe,850,36,5844,2866,2866,2730,186,0,62,0,828,8,5,3,8
107,25,moe,950,41,5178,3192,3192,1812,123,0,51,0,893,8,6,2,8
107,26,moe,733,37,11,0,0,0,0,0,11,0,747,8,8,0,8
107,-1,epi,0,0,0,0,0,0,0,0,6090,0,0,0,0,0,0
108,-2,pre,1909,0,0,0,0,0,0,0,0,0,0,0,0,0,0
108,0,dense,1519,44,0,0,0,0,0,0,0,0,0,0,0,0,0
108,1,moe,842,38,5868,3000,3000,2649,170,3,46,0,763,8,5,3,8
108,2,moe,743,38,6851,3964,3964,2671,174,0,42,0,756,8,5,3,8
108,3,moe,683,38,15567,5594,5594,9562,340,0,71,0,754,8,2,6,8
108,4,moe,740,36,4237,3242,3242,843,51,0,101,0,623,8,7,1,8
108,5,moe,807,35,4291,1820,1820,2284,148,0,39,0,623,8,5,3,8
108,6,moe,736,40,9,0,1,0,0,0,8,0,739,8,8,0,8
108,7,moe,677,32,3023,1372,1372,1522,98,0,31,0,627,8,6,2,8
108,8,moe,744,34,3896,2220,2220,1550,99,0,27,0,624,8,6,2,8
108,9,moe,806,34,3650,1518,1518,1918,120,0,94,0,746,8,6,2,8
108,10,moe,741,33,7046,3617,3617,3117,196,0,116,0,635,8,4,4,8
108,11,moe,680,32,7598,4281,4281,3039,199,0,79,0,626,8,4,4,8
108,12,moe,732,58,4624,2510,2510,1910,113,0,91,0,753,8,6,2,8
108,13,moe,809,36,6427,3814,3814,2357,148,0,108,0,628,8,5,3,8
108,14,moe,746,39,4911,2435,2435,2284,147,0,45,0,633,8,5,3,8
108,15,moe,675,34,7049,3033,3034,3679,227,0,109,0,750,8,4,4,8
108,16,moe,733,36,3191,1410,1410,1595,98,0,88,0,632,8,6,2,8
108,17,moe,809,40,8222,4100,4100,3810,245,0,67,0,629,8,3,5,8
108,18,moe,738,34,5811,2753,2753,2786,170,0,102,0,747,8,5,3,8
108,19,moe,676,31,6108,2674,2675,3123,196,0,114,0,625,8,4,4,8
108,20,moe,729,35,4375,1893,1893,2287,153,0,42,0,626,8,5,3,8
108,21,moe,804,35,8186,3254,3255,4531,284,0,116,0,746,8,3,5,8
108,22,moe,801,34,6030,3428,3429,2351,148,0,102,0,628,8,5,3,8
108,23,moe,674,39,5921,2352,2354,3385,116,0,66,0,750,8,6,2,8
108,24,moe,807,34,10166,5377,5377,4452,282,0,55,0,749,8,3,5,8
108,25,moe,805,34,5689,2820,2820,2657,172,0,40,0,745,8,5,3,8
108,26,moe,678,32,2537,614,614,1779,115,0,29,0,743,8,6,2,8
108,-1,epi,0,0,0,0,0,0,0,0,6014,0,0,0,0,0,0
109,-2,pre,209,0,0,0,0,0,0,0,0,0,0,0,0,0,0
109,0,dense,1489,38,0,0,0,0,0,0,0,0,0,0,0,0,0
109,1,moe,830,35,16806,5810,5811,10511,403,0,81,0,746,8,1,7,8
109,2,moe,735,37,10131,5364,5364,4428,287,0,52,0,752,8,3,5,8
109,3,moe,667,33,12511,6792,6792,5315,334,0,70,0,742,8,2,6,8
109,4,moe,727,33,8021,4548,4550,3134,203,0,134,0,625,8,4,4,8
109,5,moe,802,34,7813,4484,4484,3080,203,0,46,0,637,8,4,4,8
109,6,moe,744,45,4560,2435,2435,1914,113,0,98,0,737,8,6,2,8
109,7,moe,659,32,7950,4540,4542,3124,193,0,91,0,626,8,4,4,8
109,8,moe,740,34,6417,2087,2087,4139,150,0,41,0,638,8,5,3,8
109,9,moe,799,36,13915,5250,5250,8249,288,0,128,0,744,8,3,5,8
109,10,moe,738,33,6007,3390,3390,2357,149,0,111,0,620,8,5,3,8
109,11,moe,665,33,12847,7096,7096,5334,343,0,74,0,619,8,1,7,8
109,12,moe,733,35,9773,3873,3873,5432,343,0,125,0,741,8,2,6,8
109,13,moe,798,34,6994,3540,3540,3135,202,0,117,0,629,8,4,4,8
109,14,moe,745,37,7639,2710,2711,4567,296,0,65,0,627,8,2,6,8
109,15,moe,671,33,10750,4833,4834,5439,347,0,130,0,739,8,2,6,8
109,16,moe,733,33,13837,7152,7152,6153,391,0,141,0,616,8,0,8,8
109,17,moe,806,38,9325,4422,4423,4546,294,0,62,0,620,8,2,6,8
109,18,moe,739,38,8213,4224,4224,3657,227,0,105,0,731,8,4,4,8
109,19,moe,667,32,9649,3771,3771,5397,345,0,136,0,619,8,1,7,8
109,20,moe,731,32,9920,4964,4964,4597,297,0,62,0,614,8,2,6,8
109,21,moe,794,47,12658,6774,6774,5413,337,0,134,0,743,8,2,6,8
109,22,moe,812,33,7722,2650,2651,4648,295,0,128,0,630,8,2,6,8
109,23,moe,681,38,6366,2395,2396,3649,224,0,97,0,741,8,4,4,8
109,24,moe,805,34,11184,2773,2773,8061,292,0,58,0,740,8,3,5,8
109,25,moe,802,38,9623,2945,2946,6196,404,0,77,0,746,8,1,7,8
109,26,moe,666,37,9808,4086,4086,5309,341,0,72,0,735,8,2,6,8
109,-1,epi,0,0,0,0,0,0,0,0,5872,0,0,0,0,0,0
110,-2,pre,228,0,0,0,0,0,0,0,0,0,0,0,0,0,0
110,0,dense,1474,37,0,0,0,0,0,0,0,0,0,0,0,0,0
110,1,moe,824,34,5111,2247,2247,2653,170,0,41,0,748,8,5,3,8
110,2,moe,748,35,6242,2305,2305,3634,252,0,51,0,775,8,4,4,8
110,3,moe,681,40,6213,2294,2294,3607,257,0,55,0,738,8,4,4,8
110,4,moe,768,60,10689,3277,3277,7011,248,0,153,0,634,8,3,5,8
110,5,moe,810,43,3140,1485,1485,1519,102,0,34,0,628,8,6,2,8
110,6,moe,765,36,4710,2632,2632,1869,116,0,93,0,743,8,6,2,8
110,7,moe,662,33,6108,3491,3491,2359,153,0,105,0,626,8,5,3,8
110,8,moe,736,35,7120,3835,3835,3042,194,0,49,0,640,8,4,4,8
110,9,moe,811,41,8180,4166,4166,3669,227,0,118,0,748,8,4,4,8
110,10,moe,732,34,5113,2486,2486,2372,150,0,105,0,625,8,5,3,8
110,11,moe,662,33,7260,3145,3146,3810,244,0,60,0,627,8,3,5,8
110,12,moe,735,40,1416,309,309,994,57,0,56,0,737,8,7,1,8
110,13,moe,803,34,2338,545,545,1601,100,0,92,0,643,8,6,2,8
110,14,moe,762,40,2110,1268,1268,766,50,0,26,0,626,8,7,1,8
110,15,moe,675,31,6620,2617,2617,3665,231,0,107,0,746,8,4,4,8
110,16,moe,733,34,4834,1778,1778,2862,101,0,93,0,620,8,6,2,8
110,17,moe,824,36,1732,276,276,1386,51,0,19,0,636,8,7,1,8
110,18,moe,737,35,5024,1973,1973,2782,173,0,96,0,757,8,5,3,8
110,19,moe,681,36,15875,5733,5733,9653,351,0,138,0,626,8,1,7,8
110,20,moe,729,35,8945,4844,4844,3801,246,0,54,0,617,8,3,5,8
110,21,moe,800,33,9222,4291,4291,4528,281,0,122,0,738,8,3,5,8
110,22,moe,796,34,6373,2924,2924,3124,199,0,126,0,625,8,4,4,8
110,23,moe,657,32,5732,2700,2700,2775,167,0,90,0,742,8,5,3,8
110,24,moe,799,33,7754,3943,3943,3534,226,0,51,0,748,8,4,4,8
110,25,moe,797,33,7886,4067,4067,3549,225,0,45,0,751,8,4,4,8
110,26,moe,660,33,9170,4405,4405,4425,280,0,60,0,746,8,3,5,8
110,-1,epi,0,0,0,0,0,0,0,0,5890,0,0,0,0,0,0
111,-2,pre,60,0,0,0,0,0,0,0,0,0,0,0,0,0,0
111,0,dense,1481,39,0,0,0,0,0,0,0,0,0,0,0,0,0
111,1,moe,836,37,4498,1627,1627,2655,178,0,38,0,757,8,5,3,8
111,2,moe,749,35,11866,5126,5126,6457,233,0,50,0,752,8,4,4,8
111,3,moe,666,34,6008,967,967,4827,174,0,40,0,747,8,5,3,8
111,4,moe,738,38,2162,1206,1206,829,51,0,76,0,618,8,7,1,8
111,5,moe,812,42,4081,2423,2423,1524,102,0,32,0,624,8,6,2,8
111,6,moe,734,33,2367,1228,1228,994,58,0,87,0,738,8,7,1,8
111,7,moe,669,32,3222,1434,1434,1600,97,0,91,0,624,8,6,2,8
111,8,moe,731,34,1093,263,263,761,48,0,21,0,625,8,7,1,8
111,9,moe,827,47,2499,1336,1337,1019,61,0,82,0,756,8,7,1,8
111,10,moe,749,33,1226,275,275,828,49,0,74,0,631,8,7,1,8
111,11,moe,674,34,3026,1364,1364,1531,102,0,29,0,637,8,6,2,8
111,12,moe,745,37,2382,1282,1282,966,59,0,75,0,743,8,7,1,8
111,13,moe,801,35,4023,2256,2256,1579,103,0,85,0,629,8,6,2,8
111,14,moe,736,33,1143,294,294,778,52,0,19,0,630,8,7,1,8
111,15,moe,675,37,9,0,0,0,0,0,9,0,749,8,8,0,8
111,16,moe,742,34,4015,2348,2348,1527,102,3,35,0,639,8,6,2,8
111,17,moe,831,32,5219,2738,2738,2292,151,0,38,0,633,8,5,3,8
111,18,moe,735,31,4506,2403,2403,1887,116,0,100,0,753,8,6,2,8
111,19,moe,670,29,4166,2373,2373,1597,99,0,97,0,626,8,6,2,8
111,20,moe,732,28,6426,3124,3124,3059,194,0,49,0,629,8,4,4,8
111,21,moe,805,31,7171,3107,3107,3716,224,0,124,0,748,8,4,4,8
111,22,moe,809,35,5064,2445,2445,2355,153,0,111,0,628,8,5,3,8
111,23,moe,663,50,4870,2749,2750,1915,114,0,91,0,742,8,6,2,8
111,24,moe,801,33,9850,5076,5076,4429,281,0,64,0,753,8,3,5,8
111,25,moe,806,36,5536,2673,2673,2650,169,0,44,0,743,8,5,3,8
111,26,moe,663,28,14545,4461,4462,9671,343,0,69,0,742,8,2,6,8
111,-1,epi,0,0,0,0,0,0,0,0,5915,0,0,0,0,0,0
112,-2,pre,207,0,0,0,0,0,0,0,0,0,0,0,0,0,0
112,0,dense,1476,33,0,0,0,0,0,0,0,0,0,0,0,0,0
112,1,moe,832,30,7987,4175,4176,3539,224,0,48,0,750,8,4,4,8
112,2,moe,744,32,9952,5144,5145,4457,286,0,64,0,755,8,3,5,8
112,3,moe,669,30,9965,3236,3236,6452,230,1,46,0,747,8,4,4,8
112,4,moe,743,28,4544,1906,1907,2377,147,0,113,0,620,8,5,3,8
112,5,moe,808,31,7727,4434,4434,3045,199,0,49,0,625,8,4,4,8
112,6,moe,728,28,9129,5109,5109,3677,229,0,114,0,737,8,4,4,8
112,7,moe,665,30,5072,2450,2450,2372,146,0,104,0,626,8,5,3,8
112,8,moe,734,30,1946,1112,1112,764,50,0,20,0,622,8,7,1,8
112,9,moe,798,28,8750,4770,4770,3640,223,0,117,0,741,8,4,4,8
112,10,moe,730,28,4502,1860,1860,2384,148,0,110,0,626,8,5,3,8
112,11,moe,665,28,5682,3208,3208,2288,145,0,41,0,619,8,5,3,8
112,12,moe,733,30,5051,1481,1481,3360,117,0,93,0,738,8,6,2,8
112,13,moe,816,30,5134,2509,2509,2365,151,0,109,0,627,8,5,3,8
112,14,moe,730,30,7813,2052,2052,5509,204,0,48,0,627,8,4,4,8
112,15,moe,669,32,8087,4071,4071,3675,233,0,108,0,738,8,4,4,8
112,16,moe,727,30,8955,4697,4697,3894,243,0,121,0,622,8,3,5,8
112,17,moe,800,33,10137,5217,5217,4560,297,0,63,0,622,8,2,6,8
112,18,moe,736,35,11989,4937,4937,6662,251,0,139,0,774,8,4,4,8
112,19,moe,684,34,9508,3590,3590,5593,202,0,123,0,631,8,4,4,8
112,20,moe,756,33,5233,2740,2741,2292,149,0,51,0,624,8,5,3,8
112,21,moe,804,33,5974,2942,2943,2747,170,0,114,0,743,8,5,3,8
112,22,moe,801,32,7048,3608,3608,3114,198,1,127,0,631,8,4,4,8
112,23,moe,673,29,6959,3926,3927,2768,169,0,95,0,747,8,5,3,8
112,24,moe,817,32,5770,2894,2894,2666,168,0,42,0,748,8,5,3,8
112,25,moe,801,32,4365,2422,2422,1797,114,0,32,0,757,8,6,2,8
112,26,moe,670,32,7001,3172,3172,3553,225,0,51,0,744,8,4,4,8
112,-1,epi,0,0,0,0,0,0,0,0,5929,0,0,0,0,0,0
113,-2,pre,44,0,0,0,0,0,0,0,0,0,0,0,0,0,0
113,0,dense,1500,33,0,0,0,0,0,0,0,0,0,0,0,0,0
113,1,moe,833,30,7332,3512,3512,3542,229,0,49,0,754,8,4,4,8
113,2,moe,746,33,6132,4218,4218,1769,116,0,29,0,746,8,6,2,8
113,3,moe,675,32,3684,1754,1754,1782,115,0,33,0,744,8,6,2,8
113,4,moe,745,34,2142,1149,1149,845,51,0,97,0,627,8,7,1,8
113,5,moe,813,32,4018,2371,2372,1518,100,0,28,0,624,8,6,2,8
113,6,moe,731,28,9043,5070,5070,3628,228,0,117,0,760,8,4,4,8
113,7,moe,661,27,2089,1127,1127,835,50,0,77,0,622,8,7,1,8
113,8,moe,732,27,1955,1124,1124,763,49,0,19,0,626,8,7,1,8
113,9,moe,801,30,6651,3625,3625,2743,172,0,111,0,747,8,5,3,8
113,10,moe,747,32,4539,1933,1933,2345,149,0,112,0,627,8,5,3,8
113,11,moe,668,29,2575,929,929,1519,97,0,30,0,632,8,6,2,8
113,12,moe,732,27,2346,1204,1204,1010,57,0,75,0,748,8,7,1,8
113,13,moe,806,33,2775,1151,1151,1494,52,0,78,0,625,8,7,1,8
113,14,moe,747,31,5087,2617,2617,2282,147,0,41,0,627,8,5,3,8
113,15,moe,668,33,4571,2480,2480,1879,115,0,97,0,745,8,6,2,8
113,16,moe,732,30,5062,2433,2433,2373,147,0,109,0,626,8,5,3,8
113,17,moe,806,29,9621,3812,3812,5559,200,0,50,0,622,8,4,4,8
113,18,moe,743,31,11744,4842,4842,6566,228,0,108,0,739,8,4,4,8
113,19,moe,660,29,6970,3520,3520,3139,196,0,115,0,620,8,4,4,8
113,20,moe,725,30,7005,3703,3703,3056,202,0,44,0,624,8,4,4,8
113,21,moe,795,30,3638,1550,1550,1883,116,0,89,0,743,8,6,2,8
113,22,moe,806,31,4017,2228,2228,1596,97,0,96,0,624,8,6,2,8
113,23,moe,660,28,5772,2734,2734,2770,175,0,93,0,747,8,5,3,8
113,24,moe,805,30,6159,2315,2317,3556,233,0,53,0,749,8,4,4,8
113,25,moe,801,32,8810,4994,4995,3531,227,0,57,0,741,8,4,4,8
113,26,moe,666,33,5548,2682,2682,2660,169,0,37,0,745,8,5,3,8
113,-1,epi,0,0,0,0,0,0,0,0,5943,0,0,0,0,0,0
114,-2,pre,1203,0,0,0,0,0,0,0,0,0,0,0,0,0,0
114,0,dense,1464,38,0,0,0,0,0,0,0,0,0,0,0,0,0
114,1,moe,820,36,12479,5727,5727,6466,232,0,54,0,746,8,4,4,8
114,2,moe,742,32,5925,2539,2540,3241,115,0,29,0,743,8,6,2,8
114,3,moe,673,32,2972,1280,1280,1612,59,0,21,0,736,8,7,1,8
114,4,moe,738,35,5232,2200,2200,2825,98,0,109,0,629,8,6,2,8
114,5,moe,821,35,5061,2170,2170,2763,101,0,27,0,620,8,6,2,8
114,6,moe,751,33,3166,1276,1276,1749,59,0,82,0,742,8,7,1,8
114,7,moe,662,33,2768,1137,1137,1508,51,0,72,0,627,8,7,1,8
114,8,moe,738,34,4302,1399,1399,2772,102,0,29,0,625,8,6,2,8
114,9,moe,821,39,5872,2838,2838,2761,173,0,100,0,739,8,5,3,8
114,10,moe,733,33,1228,278,278,828,49,0,73,0,623,8,7,1,8
114,11,moe,678,40,6854,3554,3555,3051,195,0,53,0,629,8,4,4,8
114,12,moe,733,33,7986,4006,4006,3642,228,0,110,0,742,8,4,4,8
114,13,moe,807,33,2110,1147,1147,831,49,1,82,0,623,8,7,1,8
114,14,moe,744,35,6048,2766,2766,3040,197,0,45,0,629,8,4,4,8
114,15,moe,665,31,12472,5640,5640,6306,394,1,131,0,748,8,1,7,8
114,16,moe,732,34,9200,4140,4140,4635,295,0,130,0,628,8,2,6,8
114,17,moe,810,36,8933,5625,5625,3061,198,0,49,0,623,8,4,4,8
114,18,moe,740,39,11253,5345,5345,5429,347,0,132,0,746,8,2,6,8
114,19,moe,658,34,3195,1428,1428,1583,98,0,86,0,620,8,6,2,8
114,20,moe,732,36,5442,2136,2136,3053,200,0,53,0,629,8,4,4,8
114,21,moe,802,36,5244,1269,1270,3638,229,0,107,0,742,8,4,4,8
114,22,moe,803,34,4183,2380,2380,1619,98,0,86,0,631,8,6,2,8
114,23,moe,669,32,1420,316,316,988,55,0,61,0,753,8,7,1,8
114,24,moe,801,33,7225,3360,3360,3591,224,0,50,0,748,8,4,4,8
114,25,moe,800,34,7783,3945,3945,3566,226,0,46,0,742,8,4,4,8
114,26,moe,666,33,6538,3676,3676,2652,170,0,40,0,746,8,5,3,8
114,-1,epi,0,0,0,0,0,0,0,0,5944,0,0,0,0,0,0
115,-2,pre,206,0,0,0,0,0,0,0,0,0,0,0,0,0,0
115,0,dense,1468,37,0,0,0,0,0,0,0,0,0,0,0,0,0
115,1,moe,822,34,7841,4015,4016,3547,225,0,53,0,751,8,4,4,8
115,2,moe,744,36,8178,4305,4305,3597,228,0,48,0,745,8,4,4,8
115,3,moe,667,33,13165,6342,6342,6326,424,0,73,0,773,8,1,7,8
115,4,moe,760,41,4189,2289,2289,1637,133,0,130,0,627,8,6,2,8
115,5,moe,799,40,6357,2929,2929,3134,236,0,58,0,700,8,4,4,8
115,6,moe,736,37,5939,2808,2808,2820,195,1,115,0,788,8,5,3,8
115,7,moe,684,40,4264,2407,2407,1637,108,0,112,0,640,8,6,2,8
115,8,moe,739,38,1968,1113,1113,775,53,0,27,0,640,8,7,1,8
115,9,moe,818,43,5972,2888,2888,2789,173,0,122,0,757,8,5,3,8
115,10,moe,737,39,6360,2938,2938,3124,199,0,99,0,646,8,4,4,8
115,11,moe,679,35,6291,2973,2973,3058,202,0,58,0,641,8,4,4,8
115,12,moe,736,36,9244,4290,4291,4532,284,0,137,0,757,8,3,5,8
115,13,moe,804,37,3243,1435,1435,1604,101,0,103,0,635,8,6,2,8
115,14,moe,735,34,6804,3502,3503,3052,199,0,50,0,631,8,4,4,8
115,15,moe,671,37,17546,9714,9714,7232,453,0,147,0,752,8,0,8,8
115,16,moe,732,35,11095,6029,6029,4627,302,0,137,0,621,8,2,6,8
115,17,moe,794,36,10684,4911,4911,5347,348,0,78,0,621,8,1,7,8
115,18,moe,723,36,12234,6366,6366,5424,337,0,107,0,740,8,2,6,8
115,19,moe,3357,34,9097,4844,4844,3878,246,0,129,0,622,8,3,5,8
115,20,moe,724,34,7755,4477,4477,3035,194,0,49,0,622,8,4,4,8
115,21,moe,794,35,10106,5173,5175,4521,286,0,124,0,742,8,3,5,8
115,22,moe,795,34,4502,1078,1078,3113,197,0,114,0,623,8,4,4,8
115,23,moe,666,33,10291,5374,5374,4540,285,1,91,0,734,8,3,5,8
115,24,moe,805,38,12252,6537,6537,5305,341,0,69,0,740,8,2,6,8
115,25,moe,815,36,9920,4207,4208,5304,341,0,67,0,736,8,2,6,8
115,26,moe,669,33,12030,5373,5373,6187,393,0,77,0,733,8,1,7,8
115,-1,epi,0,0,0,0,0,0,0,0,5979,0,0,0,0,0,0
116,-2,pre,231,0,0,0,0,0,0,0,0,0,0,0,0,0,0
116,0,dense,1462,42,0,0,0,0,0,0,0,0,0,0,0,0,0
116,1,moe,825,38,8775,4936,4936,3557,229,0,53,0,746,8,4,4,8
116,2,moe,732,35,3524,1594,1594,1775,116,0,39,0,743,8,6,2,8
116,3,moe,664,34,5650,2772,2772,2665,169,0,44,0,753,8,5,3,8
116,4,moe,726,33,5699,3065,3065,2361,147,0,126,0,627,8,5,3,8
116,5,moe,804,36,4201,1716,1717,2291,153,0,40,0,621,8,5,3,8
116,6,moe,736,34,4480,2413,2414,1886,115,0,65,0,743,8,6,2,8
116,7,moe,672,50,8622,5208,5208,3125,198,0,91,0,616,8,4,4,8
116,8,moe,734,34,4016,2353,2353,1533,101,0,29,0,615,8,6,2,8
116,9,moe,810,34,6636,3593,3593,2768,168,0,107,0,733,8,5,3,8
116,10,moe,729,34,7017,3581,3581,3115,196,0,125,0,616,8,4,4,8
116,11,moe,666,33,3829,2165,2165,1537,98,0,29,0,625,8,6,2,8
116,12,moe,730,38,1480,332,332,1010,60,0,78,0,738,8,7,1,8
116,13,moe,796,34,4109,2301,2301,1614,98,0,96,0,621,8,6,2,8
116,14,moe,722,34,6817,3526,3526,3051,196,0,44,0,626,8,4,4,8
116,15,moe,666,31,5840,2789,2789,2779,170,0,102,0,744,8,5,3,8
116,16,moe,725,33,2371,562,562,1622,97,0,90,0,622,8,6,2,8
116,17,moe,803,32,7657,4374,4374,3041,196,0,46,0,620,8,4,4,8
116,18,moe,729,35,7940,3957,3957,3649,224,0,110,0,737,8,4,4,8
116,19,moe,2496,35,6080,2657,2657,3114,196,1,112,0,621,8,4,4,8
116,20,moe,726,33,4246,1774,1774,2287,146,0,39,0,621,8,5,3,8
116,21,moe,800,35,8308,4359,4359,3640,229,0,80,0,736,8,4,4,8
116,22,moe,792,33,6634,3192,3193,3115,204,0,122,0,617,8,4,4,8
116,23,moe,670,32,6049,3001,3001,2775,168,0,105,0,740,8,5,3,8
116,24,moe,795,32,7732,2851,2852,4511,310,0,59,0,772,8,3,5,8
116,25,moe,805,37,12201,7294,7294,4524,318,0,65,0,776,8,3,5,8
116,26,moe,672,37,10389,4620,4620,5331,346,0,92,0,758,8,2,6,8
116,-1,epi,0,0,0,0,0,0,0,0,5973,0,0,0,0,0,0
117,-2,pre,47,0,0,0,0,0,0,0,0,0,0,0,0,0,0
117,0,dense,1505,40,0,0,0,0,0,0,0,0,0,0,0,0,0
117,1,moe,828,36,10061,5286,5286,4432,282,0,61,0,750,8,3,5,8
117,2,moe,745,45,7731,3889,3889,3558,230,0,54,0,745,8,4,4,8
117,3,moe,668,35,10785,5947,5947,4490,288,0,60,0,747,8,3,5,8
117,4,moe,728,37,8117,3849,3849,3878,245,0,145,0,625,8,3,5,8
117,5,moe,799,36,3903,2232,2232,1534,101,3,33,0,624,8,6,2,8
117,6,moe,731,34,4522,2422,2422,1889,114,0,97,0,742,8,6,2,8
117,7,moe,669,33,4017,2214,2214,1615,97,0,91,0,619,8,6,2,8
117,8,moe,730,37,3881,2211,2211,1537,100,0,33,0,622,8,6,2,8
117,9,moe,802,41,9387,4441,4441,4530,284,0,132,0,748,8,3,5,8
117,10,moe,729,39,6019,3359,3359,2402,172,0,86,0,664,8,5,3,8
117,11,moe,688,36,9031,4792,4792,3887,281,0,71,0,637,8,3,5,8
117,12,moe,749,33,6622,3569,3569,2788,177,0,88,0,770,8,5,3,8
117,13,moe,820,35,7872,4423,4423,3145,202,0,102,0,640,8,4,4,8
117,14,moe,737,33,5991,3499,3500,2298,147,0,46,0,648,8,5,3,8
117,15,moe,675,40,7251,3236,3236,3657,227,0,131,0,750,8,4,4,8
117,16,moe,733,31,10166,5889,5889,3891,245,0,141,0,632,8,3,5,8
117,17,moe,801,32,3913,2253,2253,1533,97,0,30,0,629,8,6,2,8
117,18,moe,733,33,11351,5426,5428,5441,340,0,142,0,751,8,2,6,8
117,19,moe,662,29,5053,2448,2448,2346,148,0,111,0,629,8,5,3,8
117,20,moe,730,30,3832,2180,2180,1524,99,0,29,0,630,8,6,2,8
117,21,moe,809,30,4485,2409,2409,1866,114,0,96,0,748,8,6,2,8
117,22,moe,803,29,5376,2764,2765,2344,146,0,121,0,629,8,5,3,8
117,23,moe,663,27,6653,3622,3623,2763,171,0,96,0,745,8,5,3,8
117,24,moe,801,29,9933,5125,5125,4447,303,0,58,0,743,8,3,5,8
117,25,moe,802,35,6620,3726,3726,2663,184,0,47,0,745,8,5,3,8
117,26,moe,671,34,11011,6186,6186,4461,303,0,61,0,751,8,3,5,8
117,-1,epi,0,0,0,0,0,0,0,0,5932,0,0,0,0,0,0
118,-2,pre,69,0,0,0,0,0,0,0,0,0,0,0,0,0,0
118,0,dense,1479,32,0,0,0,0,0,0,0,0,0,0,0,0,0
118,1,moe,842,33,15540,5450,5450,9666,349,0,75,0,737,8,2,6,8
118,2,moe,730,30,7810,3979,3979,3539,243,0,49,0,737,8,4,4,8
118,3,moe,668,30,9387,4597,4597,4434,303,0,53,0,743,8,3,5,8
118,4,moe,730,30,7284,2810,2810,4202,146,0,126,0,611,8,5,3,8
118,5,moe,797,31,9712,5583,5584,3818,249,0,61,0,617,8,3,5,8
118,6,moe,742,46,8065,4086,4086,3628,229,0,122,0,745,8,4,4,8
118,7,moe,666,29,14088,5245,5245,8404,297,0,142,0,617,8,2,6,8
118,8,moe,720,28,5995,3523,3523,2282,150,0,40,0,615,8,5,3,8
118,9,moe,800,30,6394,2387,2388,3670,226,0,110,0,744,8,4,4,8
118,10,moe,735,32,8605,6001,6001,2352,146,0,106,0,607,8,5,3,8
118,11,moe,664,27,4941,2479,2479,2280,147,0,35,0,621,8,5,3,8
118,12,moe,725,29,3686,1598,1599,1883,114,0,90,0,733,8,6,2,8
118,13,moe,797,31,2058,1103,1103,830,50,0,75,0,619,8,7,1,8
118,14,moe,730,30,5385,2083,2083,3053,198,0,51,0,619,8,4,4,8
118,15,moe,664,29,9356,4419,4419,4533,281,0,123,0,739,8,3,5,8
118,16,moe,728,28,12954,7053,7053,5409,350,0,142,0,617,8,1,7,8
118,17,moe,800,28,10503,5589,5589,4557,292,0,65,0,616,8,2,6,8
118,18,moe,729,29,7164,3157,3157,3668,226,0,113,0,735,8,4,4,8
118,19,moe,665,28,7980,4556,4556,3133,200,0,91,0,608,8,4,4,8
118,20,moe,731,31,5233,2751,2752,2284,147,0,50,0,616,8,5,3,8
118,21,moe,795,34,4527,2440,2440,1880,114,0,93,0,733,8,6,2,8
118,22,moe,798,31,5113,2467,2467,2386,154,0,106,0,615,8,5,3,8
118,23,moe,667,31,9068,4149,4150,4521,279,0,118,0,740,8,3,5,8
118,24,moe,798,32,6449,3587,3587,2651,170,0,41,0,746,8,5,3,8
118,25,moe,795,31,5812,2959,2959,2645,168,1,39,0,734,8,5,3,8
118,26,moe,673,28,4662,1808,1808,2648,170,0,36,0,741,8,5,3,8
118,-1,epi,0,0,0,0,0,0,0,0,5916,0,0,0,0,0,0
119,-2,pre,203,0,0,0,0,0,0,0,0,0,0,0,0,0,0
119,0,dense,1468,32,0,0,0,0,0,0,0,0,0,0,0,0,0
119,1,moe,825,30,7038,3219,3219,3540,232,0,47,0,750,8,4,4,8
119,2,moe,742,29,13541,5150,5150,8053,281,0,57,0,743,8,3,5,8
119,3,moe,662,27,6939,3128,3128,3540,226,0,45,0,751,8,4,4,8
119,4,moe,732,32,4076,2253,2253,1608,101,0,114,0,611,8,6,2,8
119,5,moe,799,30,4224,1746,1747,2288,151,1,37,0,626,8,5,3,8
119,6,moe,728,29,2406,1240,1240,1017,59,0,90,0,754,8,7,1,8
119,7,moe,666,33,6334,3695,3695,2370,152,0,117,0,614,8,5,3,8
119,8,moe,735,32,4172,2515,2515,1526,102,0,29,0,623,8,6,2,8
119,9,moe,807,33,6027,2958,2958,2784,175,0,110,0,736,8,5,3,8
119,10,moe,729,31,12173,6279,6280,5393,340,0,160,0,621,8,1,7,8
119,11,moe,664,32,10570,5615,5615,4583,300,0,72,0,626,8,2,6,8
119,12,moe,726,30,5744,2690,2690,2784,170,0,100,0,736,8,5,3,8
119,13,moe,797,31,4528,1920,1920,2349,148,0,111,0,618,8,5,3,8
119,14,moe,739,32,6128,2821,2821,3057,199,0,51,0,620,8,4,4,8
119,15,moe,665,29,8211,4125,4125,3708,250,0,128,0,781,8,4,4,8
119,16,moe,709,40,1291,286,286,837,56,0,112,0,672,8,7,1,8
119,17,moe,793,33,3914,2204,2204,1556,120,1,33,0,627,8,6,2,8
119,18,moe,744,34,5792,2742,2742,2759,168,0,123,0,752,8,5,3,8
119,19,moe,669,41,5889,3273,3273,2353,151,0,112,0,623,8,5,3,8
119,20,moe,732,32,9733,2520,2520,6900,245,0,68,0,621,8,3,5,8
119,21,moe,826,35,2678,630,630,1861,118,0,69,0,739,8,6,2,8
119,22,moe,890,35,5985,4166,4169,1614,100,1,101,0,622,8,6,2,8
119,23,moe,684,36,3370,1491,1491,1745,58,0,76,0,727,8,7,1,8
119,24,moe,811,36,4125,1243,1243,2659,178,3,42,0,752,8,5,3,8
119,25,moe,821,36,6193,2379,2379,3530,234,0,50,0,736,8,4,4,8
119,26,moe,675,35,5804,2918,2918,2668,179,0,39,0,750,8,5,3,8
119,-1,epi,0,0,0,0,0,0,0,0,5921,0,0,0,0,0,0
120,-2,pre,69,0,0,0,0,0,0,0,0,0,0,0,0,0,0
120,0,dense,1476,37,0,0,0,0,0,0,0,0,0,0,0,0,0
120,1,moe,833,36,3579,1650,1650,1777,119,0,33,0,755,8,6,2,8
120,2,moe,752,34,10957,4204,4204,6476,228,0,49,0,743,8,4,4,8
120,3,moe,668,32,10110,5337,5337,4425,290,0,58,0,746,8,3,5,8
120,4,moe,729,32,3555,1741,1741,1597,99,0,118,0,621,8,6,2,8
120,5,moe,800,34,6863,3582,3582,3038,195,0,48,0,626,8,4,4,8
120,6,moe,732,33,10505,6495,6496,3661,228,0,120,0,736,8,4,4,8
120,7,moe,661,33,4069,2269,2269,1593,103,0,104,0,617,8,6,2,8
120,8,moe,728,34,7814,4500,4500,3060,201,0,53,0,628,8,4,4,8
120,9,moe,799,35,10,0,0,0,0,0,10,0,734,8,8,0,8
120,10,moe,743,34,3144,1480,1480,1533,101,0,30,0,631,8,6,2,8
120,11,moe,675,31,4962,2481,2481,2292,151,0,38,0,624,8,5,3,8
120,12,moe,740,34,2345,1217,1217,979,59,0,90,0,745,8,7,1,8
120,13,moe,803,34,5510,2081,2081,3107,198,0,124,0,632,8,4,4,8
120,14,moe,728,33,1098,267,267,763,49,0,19,0,625,8,7,1,8
120,15,moe,667,31,10169,3257,3257,6565,223,1,123,0,742,8,4,4,8
120,16,moe,734,33,7117,2855,2855,3887,248,0,127,0,617,8,3,5,8
120,17,moe,813,37,6009,1693,1693,4129,148,0,39,0,619,8,5,3,8
120,18,moe,736,34,13429,6548,6548,6341,402,0,138,0,742,8,1,7,8
120,19,moe,676,32,6250,2816,2816,3115,198,0,121,0,623,8,4,4,8
120,20,moe,730,37,6266,1950,1950,4130,149,0,37,0,618,8,5,3,8
120,21,moe,800,34,2697,629,629,1865,113,0,90,0,739,8,6,2,8
120,22,moe,810,33,9172,4086,4086,4653,304,0,129,0,619,8,2,6,8
120,23,moe,663,33,10865,3969,3969,6567,227,0,102,0,728,8,4,4,8
120,24,moe,822,34,6346,2522,2522,3547,231,0,46,0,735,8,4,4,8
120,25,moe,801,33,6928,3076,3076,3568,232,0,52,0,740,8,4,4,8
120,26,moe,666,33,3826,958,958,2656,174,0,38,0,739,8,5,3,8
120,-1,epi,0,0,0,0,0,0,0,0,5937,0,0,0,0,0,0
121,-2,pre,216,0,0,0,0,0,0,0,0,0,0,0,0,0,0
121,0,dense,1478,37,0,0,0,0,0,0,0,0,0,0,0,0,0
121,1,moe,824,36,10399,4658,4658,5326,348,0,67,0,754,8,2,6,8
121,2,moe,738,34,8342,3570,3571,4430,284,0,57,0,741,8,3,5,8
121,3,moe,672,36,20472,8607,8607,11321,458,0,86,0,736,8,0,8,8
121,4,moe,731,38,5540,2085,2085,3119,201,0,135,0,618,8,4,4,8
121,5,moe,795,37,3303,1645,1645,1528,99,0,31,0,615,8,6,2,8
121,6,moe,725,36,6733,3688,3688,2764,174,0,107,0,739,8,5,3,8
121,7,moe,662,37,6297,2842,2843,3128,199,0,127,0,620,8,4,4,8
121,8,moe,734,36,6882,3582,3582,3053,197,0,50,0,623,8,4,4,8
121,9,moe,812,34,7887,2659,2659,4945,172,0,111,0,728,8,5,3,8
121,10,moe,741,38,7358,3116,3116,3872,243,0,127,0,618,8,3,5,8
121,11,moe,661,33,9335,3589,3590,5333,341,0,71,0,631,8,1,7,8
121,12,moe,730,35,9484,4514,4514,4555,291,0,124,0,735,8,3,5,8
121,13,moe,801,43,5150,2543,2543,2351,147,0,109,0,623,8,5,3,8
121,14,moe,739,35,10761,6621,6621,3829,251,0,60,0,614,8,3,5,8
121,15,moe,665,35,14843,4718,4718,9645,339,0,141,0,723,8,2,6,8
121,16,moe,722,35,7891,1989,1989,5411,347,0,144,0,617,8,1,7,8
121,17,moe,800,35,5439,2149,2149,3042,202,0,46,0,611,8,4,4,8
121,18,moe,733,37,8628,3651,3651,4542,299,0,136,0,740,8,3,5,8
121,19,moe,666,35,9322,4180,4180,4699,295,1,147,0,621,8,2,6,8
121,20,moe,727,38,7995,3071,3072,4558,294,0,71,0,616,8,2,6,8
121,21,moe,795,36,12210,3595,3595,8196,285,0,134,0,724,8,3,5,8
121,22,moe,805,36,9899,3898,3898,5493,362,0,146,0,650,8,1,7,8
121,23,moe,674,38,10414,4298,4298,5567,374,0,175,0,798,8,2,6,8
121,24,moe,778,41,10776,4073,4073,6222,398,1,82,0,756,8,1,7,8
121,25,moe,805,39,16107,4369,4369,11261,392,0,85,0,738,8,1,7,8
121,26,moe,664,34,7961,1244,1244,6437,226,0,54,0,735,8,4,4,8
121,-1,epi,0,0,0,0,0,0,0,0,5863,0,0,0,0,0,0
122,-2,pre,45,0,0,0,0,0,0,0,0,0,0,0,0,0,0
122,0,dense,1495,41,0,0,0,0,0,0,0,0,0,0,0,0,0
122,1,moe,827,38,7951,3160,3160,4445,288,1,57,0,752,8,3,5,8
122,2,moe,758,34,3785,1850,1850,1789,115,0,31,0,743,8,6,2,8
122,3,moe,684,32,9902,5090,5090,4466,289,0,57,0,747,8,3,5,8
122,4,moe,727,32,8965,4677,4677,3885,251,0,152,0,630,8,3,5,8
122,5,moe,798,36,3819,2165,2165,1529,97,1,27,0,617,8,6,2,8
122,6,moe,732,34,1462,316,316,1005,56,0,85,0,739,8,7,1,8
122,7,moe,672,37,5843,3259,3259,2349,150,0,85,0,622,8,5,3,8
122,8,moe,740,34,1129,288,288,768,53,0,20,0,619,8,7,1,8
122,9,moe,806,35,3694,1579,1579,1893,117,0,105,0,744,8,6,2,8
122,10,moe,744,35,5165,2552,2553,2361,148,0,103,0,615,8,5,3,8
122,11,moe,663,32,6057,2768,2768,3049,196,0,44,0,628,8,4,4,8
122,12,moe,726,32,10,0,0,0,0,0,10,0,730,8,8,0,8
122,13,moe,805,32,2079,1237,1237,763,51,2,26,0,619,8,7,1,8
122,14,moe,753,37,4161,1698,1698,2279,148,0,36,0,622,8,5,3,8
122,15,moe,663,61,2709,636,636,1845,113,0,115,0,744,8,6,2,8
122,16,moe,747,34,2067,1135,1135,817,53,0,62,0,622,8,7,1,8
122,17,moe,810,35,6239,2932,2932,3043,216,0,48,0,625,8,4,4,8
122,18,moe,738,35,2763,655,655,1891,116,0,101,0,744,8,6,2,8
122,19,moe,679,217,6319,3692,3693,2372,151,0,103,0,640,8,5,3,8
122,20,moe,740,36,9693,3919,3919,5522,196,0,56,0,615,8,4,4,8
122,21,moe,830,38,6404,2395,2395,3660,232,0,117,0,743,8,4,4,8
122,22,moe,802,36,14416,5590,5591,8395,294,0,136,0,604,8,2,6,8
122,23,moe,667,32,5140,1580,1580,3365,113,0,82,0,735,8,6,2,8
122,24,moe,813,36,9746,4012,4012,5322,346,0,66,0,743,8,2,6,8
122,25,moe,816,34,10166,5375,5375,4442,290,0,59,0,732,8,3,5,8
122,26,moe,672,33,6845,3016,3016,3557,225,0,47,0,730,8,4,4,8
122,-1,epi,0,0,0,0,0,0,0,0,5862,0,0,0,0,0,0
123,-2,pre,204,0,0,0,0,0,0,0,0,0,0,0,0,0,0
123,0,dense,1476,34,0,0,0,0,0,0,0,0,0,0,0,0,0
123,1,moe,826,37,4401,2488,2488,1766,114,0,33,0,742,8,6,2,8
123,2,moe,742,33,9069,4292,4292,4434,286,0,57,0,743,8,3,5,8
123,3,moe,680,36,6849,3015,3016,3557,227,0,49,0,739,8,4,4,8
123,4,moe,747,33,5166,2523,2523,2371,150,0,122,0,619,8,5,3,8
123,5,moe,811,30,6924,2602,2602,4132,150,0,40,0,615,8,5,3,8
123,6,moe,748,27,4675,2578,2578,1880,115,0,102,0,734,8,6,2,8
123,7,moe,669,30,10498,4560,4561,5631,195,0,111,0,610,8,4,4,8
123,8,moe,731,30,2215,1369,1370,769,52,0,24,0,613,8,7,1,8
123,9,moe,806,31,10,0,0,0,0,0,10,0,731,8,8,0,8
123,10,moe,737,31,2364,701,701,1527,101,0,35,0,634,8,6,2,8
123,11,moe,673,27,9979,5850,5852,3818,252,0,57,0,612,8,3,5,8
123,12,moe,724,29,5788,2782,2782,2760,169,1,76,0,727,8,5,3,8
123,13,moe,796,30,6063,3461,3461,2341,149,0,112,0,615,8,5,3,8
123,14,moe,732,32,1968,1127,1127,774,49,0,18,0,611,8,7,1,8
123,15,moe,661,27,4429,2364,2364,1856,112,0,97,0,742,8,6,2,8
123,16,moe,738,28,3223,1439,1439,1585,99,0,100,0,623,8,6,2,8
123,17,moe,800,29,6103,2801,2801,3039,196,0,67,0,623,8,4,4,8
123,18,moe,727,30,4487,2409,2409,1871,113,0,94,0,739,8,6,2,8
123,19,moe,669,33,3230,1443,1443,1595,96,0,96,0,618,8,6,2,8
123,20,moe,729,27,4126,1672,1672,2271,147,0,36,0,620,8,5,3,8
123,21,moe,804,27,1446,316,316,994,58,0,78,0,741,8,7,1,8
123,22,moe,813,28,4104,2292,2292,1619,98,0,95,0,616,8,6,2,8
123,23,moe,667,28,9042,6015,6015,2765,170,0,92,0,733,8,5,3,8
123,24,moe,799,33,5099,2215,2215,2666,171,0,47,0,736,8,5,3,8
123,25,moe,802,28,7714,3916,3916,3529,225,0,44,0,739,8,4,4,8
123,26,moe,665,28,7799,3018,3019,4429,291,0,60,0,740,8,3,5,8
123,-1,epi,0,0,0,0,0,0,0,0,5897,0,0,0,0,0,0
124,-2,pre,41,0,0,0,0,0,0,0,0,0,0,0,0,0,0
124,0,dense,1473,29,0,0,0,0,0,0,0,0,0,0,0,0,0
124,1,moe,838,33,4868,1973,1973,2679,177,1,38,0,749,8,5,3,8
124,2,moe,756,30,8583,3775,3775,4457,292,0,59,0,747,8,3,5,8
124,3,moe,672,31,13843,5445,5445,8058,283,0,57,0,732,8,3,5,8
124,4,moe,734,42,4052,2242,2242,1598,100,0,112,0,615,8,6,2,8
124,5,moe,805,32,4170,1686,1687,2294,148,0,41,0,620,8,5,3,8
124,6,moe,727,30,4485,2387,2387,1888,114,0,96,0,734,8,6,2,8
124,7,moe,668,29,3357,1593,1593,1571,101,0,92,0,612,8,6,2,8
124,8,moe,728,29,5206,2736,2736,2280,150,0,40,0,623,8,5,3,8
124,9,moe,808,34,5914,2877,2877,2779,176,0,82,0,736,8,5,3,8
124,10,moe,738,30,4394,1756,1756,2368,153,0,117,0,618,8,5,3,8
124,11,moe,667,29,5347,2046,2046,3052,195,0,54,0,624,8,4,4,8
124,12,moe,741,31,5178,2058,2058,2819,188,0,113,0,808,8,5,3,8
124,13,moe,796,36,6001,3317,3317,2380,161,0,143,0,664,8,5,3,8
124,14,moe,733,31,4916,2397,2397,2324,153,0,42,0,643,8,5,3,8
124,15,moe,679,30,6752,3673,3673,2779,176,0,124,0,751,8,5,3,8
124,16,moe,737,30,6351,2892,2892,3143,193,0,123,0,629,8,4,4,8
124,17,moe,802,31,6713,3422,3422,3044,196,0,51,0,642,8,4,4,8
124,18,moe,734,36,9360,4387,4387,4559,281,0,133,0,749,8,3,5,8
124,19,moe,669,29,7470,4041,4041,3112,199,0,118,0,617,8,4,4,8
124,20,moe,5636,32,6143,2830,2830,3062,199,0,52,0,625,8,4,4,8
124,21,moe,808,32,3622,1549,1549,1877,124,1,71,0,742,8,6,2,8
124,22,moe,802,29,3987,2211,2211,1597,102,0,77,0,627,8,6,2,8
124,23,moe,666,28,13838,5264,5264,8187,282,0,105,0,739,8,3,5,8
124,24,moe,808,32,7598,3749,3749,3565,236,0,48,0,731,8,4,4,8
124,25,moe,815,32,6701,3833,3833,2658,173,0,37,0,731,8,5,3,8
124,26,moe,664,31,9491,4712,4712,4435,288,0,56,0,741,8,3,5,8
124,-1,epi,0,0,0,0,0,0,0,0,5883,0,0,0,0,0,0
125,-2,pre,193,0,0,0,0,0,0,0,0,0,0,0,0,0,0
125,0,dense,1466,33,0,0,0,0,0,0,0,0,0,0,0,0,0
125,1,moe,829,32,9998,3273,3273,6447,225,0,53,0,737,8,4,4,8
125,2,moe,760,32,9374,4589,4589,4440,287,0,58,0,742,8,3,5,8
125,3,moe,667,28,3732,1814,1814,1771,117,0,30,0,739,8,6,2,8
125,4,moe,739,28,7143,3715,3715,3122,200,0,106,0,630,8,4,4,8
125,5,moe,822,30,4384,1899,1899,2287,150,0,48,0,630,8,5,3,8
125,6,moe,747,30,2235,313,313,1775,57,0,90,0,741,8,7,1,8
125,7,moe,677,28,6514,2042,2042,4226,145,0,101,0,632,8,5,3,8
125,8,moe,742,34,9829,4069,4070,5518,194,0,47,0,609,8,4,4,8
125,9,moe,804,29,3740,1626,1626,1898,114,0,102,0,729,8,6,2,8
125,10,moe,744,31,5238,2628,2628,2345,154,0,111,0,616,8,5,3,8
125,11,moe,662,28,5030,2547,2547,2287,151,0,45,0,621,8,5,3,8
125,12,moe,728,30,3651,1523,1523,1914,116,0,98,0,740,8,6,2,8
125,13,moe,798,29,5086,2453,2453,2377,153,0,103,0,620,8,5,3,8
125,14,moe,740,30,6289,2975,2975,3068,199,0,47,0,621,8,4,4,8
125,15,moe,659,29,3600,1536,1536,1863,114,0,87,0,738,8,6,2,8
125,16,moe,737,236,6383,3780,3780,2347,148,0,108,0,616,8,5,3,8
125,17,moe,806,37,5665,2368,2369,3048,199,3,46,0,622,8,4,4,8
125,18,moe,740,38,7882,2929,2929,4550,283,0,120,0,743,8,3,5,8
125,19,moe,658,32,6050,4256,4256,1608,100,0,86,0,610,8,6,2,8
125,20,moe,744,37,6857,1099,1099,5517,196,0,45,0,615,8,4,4,8
125,21,moe,818,35,5118,2080,2080,2760,175,0,103,0,740,8,5,3,8
125,22,moe,820,37,5636,2992,2992,2387,151,0,106,0,614,8,5,3,8
125,23,moe,667,33,5077,1979,1979,2826,175,0,97,0,730,8,5,3,8
125,24,moe,803,34,7306,3410,3410,3594,244,0,58,0,762,8,4,4,8
125,25,moe,834,37,6219,2385,2386,3552,231,0,50,0,741,8,4,4,8
125,26,moe,668,34,2569,633,633,1789,117,0,30,0,746,8,6,2,8
125,-1,epi,0,0,0,0,0,0,0,0,5952,0,0,0,0,0,0
126,-2,pre,192,0,0,0,0,0,0,0,0,0,0,0,0,0,0
126,0,dense,1490,41,0,0,0,0,0,0,0,0,0,0,0,0,0
126,1,moe,828,36,16115,6033,6033,9668,350,0,64,0,742,8,2,6,8
126,2,moe,744,35,4482,2574,2574,1764,115,0,29,0,734,8,6,2,8
126,3,moe,672,42,9069,4311,4311,4421,282,0,55,0,742,8,3,5,8
126,4,moe,730,32,7757,4300,4300,3125,197,0,135,0,617,8,4,4,8
126,5,moe,805,37,6121,2825,2825,3049,198,0,49,0,626,8,4,4,8
126,6,moe,732,32,2489,1333,1333,1008,56,0,92,0,734,8,7,1,8
126,7,moe,677,35,5703,2276,2277,3109,199,0,118,0,623,8,4,4,8
126,8,moe,729,34,5119,2640,2641,2287,153,0,38,0,625,8,5,3,8
126,9,moe,801,36,10,0,0,0,0,0,10,0,734,8,8,0,8
126,10,moe,744,31,3841,2185,2185,1524,99,0,33,0,622,8,6,2,8
126,11,moe,676,33,6840,3549,3549,3045,201,0,45,0,621,8,4,4,8
126,12,moe,738,34,5149,1567,1567,3364,114,0,104,0,737,8,6,2,8
126,13,moe,803,33,2103,1117,1117,845,52,0,89,0,623,8,7,1,8
126,14,moe,726,32,5769,3272,3272,2303,151,0,43,0,621,8,5,3,8
126,15,moe,671,33,10138,5181,5181,4536,293,0,128,0,736,8,3,5,8
126,16,moe,723,33,6502,3060,3060,3126,197,0,119,0,621,8,4,4,8
126,17,moe,798,35,7789,4500,4500,3040,198,0,51,0,621,8,4,4,8
126,18,moe,748,32,12387,7378,7378,4579,293,0,137,0,732,8,3,5,8
126,19,moe,659,32,9459,3515,3515,5626,196,0,122,0,616,8,4,4,8
126,20,moe,720,33,6857,3564,3564,3053,195,0,45,0,615,8,4,4,8
126,21,moe,799,37,8908,4902,4902,3664,224,0,118,0,732,8,4,4,8
126,22,moe,794,34,5923,3315,3315,2349,146,0,113,0,614,8,5,3,8
126,23,moe,657,33,12075,5025,5026,6659,248,0,142,0,787,8,4,4,8
126,24,moe,816,46,9263,4429,4430,4459,288,0,86,0,754,8,3,5,8
126,25,moe,810,42,9299,4494,4494,4451,285,0,69,0,760,8,3,5,8
126,26,moe,673,41,12108,6282,6282,5407,349,1,69,0,765,8,2,6,8
126,-1,epi,0,0,0,0,0,0,0,0,5929,0,0,0,0,0,0
127,-2,pre,151,0,0,0,0,0,0,0,0,0,0,0,0,0,0
127,0,dense,1495,42,0,0,0,0,0,0,0,0,0,0,0,0,0
127,1,moe,831,40,16918,6723,6724,9784,338,0,72,0,784,8,2,6,8
127,2,moe,764,40,11408,5593,5594,5395,351,0,68,0,759,8,2,6,8
127,3,moe,667,36,9019,2265,2265,6467,230,0,57,0,745,8,4,4,8
127,4,moe,735,37,13104,5696,5698,7014,242,0,150,0,626,8,3,5,8
127,5,moe,812,36,3470,592,592,2749,97,0,32,0,636,8,6,2,8
127,6,moe,734,37,3232,1368,1368,1752,56,0,56,0,750,8,7,1,8
127,7,moe,670,35,5368,2283,2283,2889,100,0,96,0,622,8,6,2,8
127,8,moe,724,37,9363,3578,3579,5537,196,0,51,0,622,8,4,4,8
127,9,moe,800,35,3112,1214,1214,1750,57,0,91,0,743,8,7,1,8
127,10,moe,732,33,9604,5104,5104,4242,147,0,111,0,622,8,5,3,8
127,11,moe,653,32,3588,710,710,2748,101,0,29,0,619,8,6,2,8
127,12,moe,748,43,3642,1563,1564,1893,117,0,68,0,747,8,6,2,8
127,13,moe,825,36,3478,1682,1682,1591,102,0,103,0,632,8,6,2,8
127,14,moe,744,45,7350,3212,3212,3829,248,0,61,0,636,8,3,5,8
127,15,moe,668,37,5028,1989,1989,2785,174,0,80,0,749,8,5,3,8
127,16,moe,732,36,4502,1894,1895,2345,152,0,110,0,642,8,5,3,8
127,17,moe,814,37,6444,2103,2103,4156,147,0,38,0,627,8,5,3,8
127,18,moe,737,32,12070,3441,3442,8222,283,0,123,0,741,8,3,5,8
127,19,moe,669,32,6312,2873,2873,3141,208,0,90,0,627,8,4,4,8
127,20,moe,746,34,9470,3704,3704,5523,195,0,48,0,624,8,4,4,8
127,21,moe,801,33,11516,2882,2882,8215,289,0,130,0,740,8,3,5,8
127,22,moe,816,39,7089,2559,2559,4269,148,0,113,0,615,8,5,3,8
127,23,moe,672,35,6737,3701,3701,2768,174,0,94,0,737,8,5,3,8
127,24,moe,810,36,15592,5530,5530,9653,339,0,70,0,734,8,2,6,8
127,25,moe,797,34,9997,5181,5182,4458,290,0,67,0,744,8,3,5,8
127,26,moe,668,37,12862,7117,7118,5331,349,0,64,0,765,8,2,6,8
127,-1,epi,0,0,0,0,0,0,0,0,5831,0,0,0,0,0,0
128,-2,pre,208,0,0,0,0,0,0,0,0,0,0,0,0,0,0
128,0,dense,1469,39,0,0,0,0,0,0,0,0,0,0,0,0,0
128,1,moe,832,38,12759,4365,4365,8055,283,0,56,0,748,8,3,5,8
128,2,moe,739,33,5763,2880,2880,2666,177,0,40,0,757,8,5,3,8
128,3,moe,674,33,3783,1868,1868,1772,115,0,28,0,747,8,6,2,8
128,4,moe,744,34,6158,3521,3521,2358,150,0,129,0,636,8,5,3,8
128,5,moe,796,38,1977,1134,1134,769,52,0,22,0,630,8,7,1,8
128,6,moe,738,34,3725,1616,1617,1892,117,0,99,0,748,8,6,2,8
128,7,moe,679,33,4535,1443,1443,2893,100,0,99,0,622,8,6,2,8
128,8,moe,732,33,3771,2114,2115,1525,101,0,30,0,631,8,6,2,8
128,9,moe,811,35,6614,3570,3570,2763,173,0,108,0,752,8,5,3,8
128,10,moe,745,36,2159,1185,1185,838,51,0,85,0,630,8,7,1,8
128,11,moe,665,33,8408,2655,2656,5502,198,0,52,0,625,8,4,4,8
128,12,moe,733,32,3639,1535,1535,1891,115,0,98,0,751,8,6,2,8
128,13,moe,804,213,5484,3680,3680,1608,100,0,96,0,636,8,6,2,8
128,14,moe,736,35,7255,3957,3957,3047,198,0,53,0,632,8,4,4,8
128,15,moe,660,36,8131,4068,4069,3715,230,0,117,0,758,8,4,4,8
128,16,moe,743,35,6435,2924,2925,3182,202,0,126,0,631,8,4,4,8
128,17,moe,802,35,11876,4278,4279,7293,249,0,55,0,639,8,3,5,8
128,18,moe,749,34,5862,3651,3651,1964,118,0,129,0,742,8,6,2,8
128,19,moe,674,32,4625,1865,1865,2512,146,0,102,0,631,8,5,3,8
128,20,moe,751,36,4524,1576,1577,2812,99,0,36,0,620,8,6,2,8
128,21,moe,813,36,2152,300,300,1708,57,0,87,0,741,8,7,1,8
128,22,moe,805,33,5378,2215,2215,2958,113,0,92,0,635,8,6,2,8
128,23,moe,675,33,5249,2135,2135,2837,175,0,102,0,747,8,5,3,8
128,24,moe,808,35,5120,1534,1534,3425,126,0,35,0,745,8,6,2,8
128,25,moe,834,43,12787,3878,3879,8540,307,0,61,0,758,8,3,5,8
128,26,moe,705,35,5981,2390,2390,3450,115,0,26,0,761,8,6,2,8
128,-1,epi,0,0,0,0,0,0,0,0,5907,0,0,0,0,0,0
129,-2,pre,294,0,0,0,0,0,0,0,0,0,0,0,0,0,0
129,0,dense,1387,34,0,0,0,0,0,0,0,0,0,0,0,0,0
129,1,moe,808,42,6282,1107,1107,4940,188,0,47,0,788,8,5,3,8
129,2,moe,737,36,9172,3303,3304,5433,362,0,73,0,767,8,2,6,8
129,3,moe,684,35,5560,2692,2692,2650,173,0,45,0,757,8,5,3,8
129,4,moe,749,32,6089,3443,3443,2345,151,0,150,0,642,8,5,3,8
129,5,moe,809,32,4382,1458,1458,2793,98,0,33,0,628,8,6,2,8
129,6,moe,731,30,3541,2389,2389,996,59,0,97,0,754,8,7,1,8
129,7,moe,669,30,5750,2284,2284,3143,199,0,124,0,634,8,4,4,8
129,8,moe,741,32,3912,2246,2246,1522,109,0,35,0,635,8,6,2,8
129,9,moe,818,33,7873,3831,3834,3688,228,0,123,0,756,8,4,4,8
129,10,moe,742,33,5619,2169,2172,3122,200,0,125,0,633,8,4,4,8
129,11,moe,664,29,5001,2515,2515,2299,150,0,37,0,635,8,5,3,8
129,12,moe,739,34,8137,2898,2898,4983,171,0,85,0,744,8,5,3,8
129,13,moe,796,30,10421,4490,4490,5616,195,0,120,0,624,8,4,4,8
129,14,moe,737,31,3086,1427,1428,1530,97,0,31,0,623,8,6,2,8
129,15,moe,669,28,9288,4391,4391,4524,280,0,93,0,746,8,3,5,8
129,16,moe,729,29,4773,1301,1301,3132,205,0,135,0,630,8,4,4,8
129,17,moe,807,32,3316,853,853,2275,149,0,39,0,637,8,5,3,8
129,18,moe,744,32,11857,6934,6934,4513,288,0,122,0,745,8,3,5,8
129,19,moe,665,31,9047,3168,3168,5571,196,0,112,0,614,8,4,4,8
129,20,moe,735,32,8734,3801,3801,4575,299,0,59,0,625,8,2,6,8
129,21,moe,812,32,7159,3181,3181,3629,230,0,119,0,748,8,4,4,8
129,22,moe,797,31,7500,3264,3264,3857,245,0,134,0,634,8,3,5,8
129,23,moe,669,30,4996,2019,2019,2726,171,0,80,0,744,8,5,3,8
129,24,moe,808,33,6859,3014,3014,3569,223,0,53,0,747,8,4,4,8
129,25,moe,810,34,9788,4048,4048,5330,339,0,71,0,748,8,2,6,8
129,26,moe,676,33,9565,4788,4788,4436,284,0,57,0,740,8,3,5,8
129,-1,epi,0,0,0,0,0,0,0,0,5851,0,0,0,0,0,0
130,-2,pre,211,0,0,0,0,0,0,0,0,0,0,0,0,0,0
130,0,dense,1459,34,0,0,0,0,0,0,0,0,0,0,0,0,0
130,1,moe,821,32,7247,2175,2175,4856,175,0,41,0,748,8,5,3,8
130,2,moe,730,31,7916,4041,4041,3596,232,0,47,0,760,8,4,4,8
130,3,moe,729,29,7204,3362,3362,3560,232,0,50,0,755,8,4,4,8
130,4,moe,739,31,7736,3464,3464,3872,254,0,146,0,633,8,3,5,8
130,5,moe,844,34,5776,3282,3282,2305,150,0,39,0,628,8,5,3,8
130,6,moe,726,31,2299,1206,1206,976,58,0,59,0,746,8,7,1,8
130,7,moe,666,29,2064,1107,1107,819,50,0,88,0,629,8,7,1,8
130,8,moe,734,33,4321,1442,1442,2751,99,0,29,0,626,8,6,2,8
130,9,moe,799,29,6033,3006,3006,2748,171,0,108,0,742,8,5,3,8
130,10,moe,726,29,5200,2611,2611,2334,147,0,108,0,633,8,5,3,8
130,11,moe,662,28,4187,1728,1729,2275,147,0,36,0,633,8,5,3,8
130,12,moe,741,35,6611,3598,3599,2731,171,0,110,0,751,8,5,3,8
130,13,moe,797,29,2063,1110,1110,814,51,0,88,0,635,8,7,1,8
130,14,moe,732,31,4891,2409,2409,2296,149,1,36,0,633,8,5,3,8
130,15,moe,676,33,7178,3205,3205,3628,228,0,117,0,752,8,4,4,8
130,16,moe,728,30,5137,2528,2529,2353,147,0,108,0,628,8,5,3,8
130,17,moe,800,29,3129,1486,1486,1516,99,0,28,0,632,8,6,2,8
130,18,moe,732,28,5856,2846,2846,2738,170,0,102,0,753,8,5,3,8
130,19,moe,669,27,9975,4921,4922,4627,291,0,135,0,638,8,2,6,8
130,20,moe,729,29,8358,4196,4197,3862,245,0,54,0,635,8,3,5,8
130,21,moe,811,32,5806,2738,2738,2786,171,0,111,0,746,8,5,3,8
130,22,moe,801,33,6194,2716,2716,3146,195,0,137,0,634,8,4,4,8
130,23,moe,671,30,4941,1878,1878,2762,171,0,130,0,751,8,5,3,8
130,24,moe,803,55,7794,3954,3955,3553,233,0,53,0,756,8,4,4,8
130,25,moe,804,31,9595,4801,4801,4443,291,0,60,0,754,8,3,5,8
130,26,moe,665,29,7957,4122,4122,3559,228,0,48,0,752,8,4,4,8
130,-1,epi,0,0,0,0,0,0,0,0,5908,0,0,0,0,0,0
