step,il,kind,route_us,readback_us,load_wall_us,pread_us,pread_wall_us,repack_us,placement_us,sync_us,load_other_us,load_hidden_us,compute_us,lookups,hits,misses,n_slots
0,-2,pre,2772,0,0,0,0,0,0,0,0,0,0,0,0,0,0
0,0,dense,6225,140,0,0,0,0,0,0,0,0,0,0,0,0,0
0,1,moe,8220,128,50894,31624,31625,19014,0,0,255,0,1281,0,0,0,16
0,2,moe,4085,61,39705,19882,19883,14574,5051,0,197,0,1296,16,0,16,16
0,3,moe,9572,50,39450,21594,21596,13352,4348,0,154,0,1288,15,0,15,15
0,4,moe,5587,53,37763,21073,21073,12348,4166,0,176,0,1090,16,0,16,16
0,5,moe,7518,54,37456,20958,20960,12252,4116,0,128,0,1094,16,0,16,16
0,6,moe,4186,51,43486,24053,24053,14340,4927,1,165,0,1285,16,0,16,16
0,7,moe,9177,51,34024,18311,18312,11639,3912,0,161,0,1086,15,0,15,15
0,8,moe,8329,52,37176,20527,20529,12271,4223,0,153,0,1095,16,0,16,16
0,9,moe,8098,53,40229,22244,22245,13488,4344,1,151,0,1276,15,0,15,15
0,10,moe,4412,53,37484,20970,20972,12335,3991,1,185,0,1104,16,0,16,16
0,11,moe,11456,51,34996,19538,19538,11503,3824,1,130,0,1152,15,0,15,15
0,12,moe,6121,56,44009,24922,24923,14371,4545,0,170,0,1289,16,0,16,16
0,13,moe,8213,50,35143,19621,19623,11569,3760,0,191,0,1086,15,0,15,15
0,14,moe,7965,56,36744,20282,20283,12259,4071,0,131,0,1095,16,0,16,16
0,15,moe,11895,52,39475,21703,21703,13498,4091,0,183,0,1278,15,0,15,15
0,16,moe,9007,52,37153,20629,20629,12311,4044,0,169,0,1099,16,0,16,16
0,17,moe,9346,51,37662,21069,21069,12208,4245,0,140,0,1100,16,0,16,16
0,18,moe,1536,51,28834,10881,10883,13485,4309,0,157,0,1296,15,0,15,15
0,19,moe,1366,50,25451,9002,9004,12324,3960,0,163,0,1115,16,0,16,16
0,20,moe,1195,61,22428,5965,5968,12263,4065,0,132,0,1100,16,0,16,16
0,21,moe,1318,57,23862,4569,4571,14408,4706,0,177,0,1318,16,0,16,16
0,22,moe,1318,58,21149,4502,4505,12321,4151,0,172,0,1099,16,0,16,16
0,23,moe,809,51,22639,4814,4815,13486,4185,0,153,0,1288,15,0,15,15
0,24,moe,1326,51,24272,5183,5183,14281,4668,1,139,0,1295,16,0,16,16
0,25,moe,1325,38,24242,5250,5250,14287,4580,0,125,0,1299,16,0,16,16
0,26,moe,808,33,12153,2579,2579,7121,2358,0,95,0,727,8,0,8,8
0,-1,epi,0,0,0,0,0,0,0,0,5478,0,0,0,0,0,0
1,-2,pre,75,0,0,0,0,0,0,0,0,0,0,0,0,0,0
1,0,dense,2647,45,0,0,0,0,0,0,0,0,0,0,0,0,0
1,1,moe,1285,35,32747,18420,18423,10721,3498,0,105,0,1281,12,0,12,12
1,2,moe,1165,44,34349,18827,18827,11575,3829,0,118,0,1308,13,0,13,13
1,3,moe,690,39,33761,18350,18351,11605,3684,0,121,0,1297,14,1,13,14
1,4,moe,1136,43,33244,18644,18644,10804,3599,0,197,0,1093,15,1,14,15
1,5,moe,1262,41,28580,16218,16218,9177,3085,1,99,0,1090,14,2,12,14
1,6,moe,1122,40,32233,17835,17835,10822,3402,0,174,0,1308,14,2,12,14
1,7,moe,685,34,37465,21042,21042,12335,3901,0,187,0,1093,16,0,16,16
1,8,moe,1140,39,28312,15907,15908,9183,3118,0,103,0,1098,13,1,12,13
1,9,moe,1251,41,33908,18315,18316,11705,3710,0,177,0,1297,15,2,13,15
1,10,moe,1117,37,28986,16666,16668,9292,2888,0,138,0,1089,15,3,12,15
1,11,moe,676,33,33490,18911,18911,10752,3711,0,116,0,1119,15,1,14,15
1,12,moe,1132,38,38504,21681,21683,12584,4086,0,151,0,1289,16,2,14,16
1,13,moe,1250,41,30538,17125,17125,10036,3222,0,155,0,1116,14,1,13,14
1,14,moe,1126,43,32578,18320,18321,10730,3409,0,118,0,1109,16,2,14,16
1,15,moe,682,38,34664,19160,19160,11757,3610,1,136,0,1624,15,2,13,15
1,16,moe,1188,42,31886,17597,17597,10806,3328,0,155,0,1108,16,2,14,16
1,17,moe,1250,40,30739,17265,17265,9918,3447,0,109,0,1117,14,1,13,14
1,18,moe,8580,36,38738,20735,20736,13563,4258,1,180,0,1291,15,0,15,15
1,19,moe,10937,37,32477,18110,18111,10808,3378,0,180,0,1118,15,1,14,15
1,20,moe,1118,47,33018,18967,18967,10720,3203,0,128,0,1096,15,1,14,15
1,21,moe,1237,37,20361,8382,8383,9019,2846,0,113,0,1307,15,5,10,15
1,22,moe,1251,38,14569,3067,3067,8504,2838,1,159,0,1091,15,4,11,15
1,23,moe,687,37,19511,4206,4206,11668,3496,0,141,0,1323,16,3,13,16
1,24,moe,1257,40,16333,3614,3614,9786,2832,0,101,0,1304,14,3,11,14
1,25,moe,1251,39,20913,4517,4517,12490,3778,0,128,0,1334,16,2,14,16
1,26,moe,672,35,12145,2674,2675,7116,2273,0,81,0,742,8,0,8,8
1,-1,epi,0,0,0,0,0,0,0,0,5482,0,0,0,0,0,0
2,-2,pre,8525,0,0,0,0,0,0,0,0,0,0,0,0,0,0
2,0,dense,117459,49,0,0,0,0,0,0,0,0,0,0,0,0,0
2,1,moe,62145,172,816946,381935,381946,382173,49406,1,3420,0,171290,0,0,0,216
2,2,moe,59966,186,639545,317162,317173,276091,26731,1,19549,0,149027,0,0,0,224
2,3,moe,37477,166,517670,261186,261198,226948,26987,0,2537,0,163124,0,0,0,200
2,4,moe,54555,176,444143,244137,244150,179572,18180,1,2240,0,107417,0,0,0,185
2,5,moe,57550,178,384015,195274,195290,159282,27316,0,2127,0,109039,0,0,0,164
2,6,moe,53611,178,443270,213448,213457,198004,29680,0,2129,0,142181,0,0,0,171
2,7,moe,34393,157,375862,185752,185760,165206,22771,1,2124,0,105885,0,0,0,167
2,8,moe,44915,175,394252,189806,189817,184175,17952,1,2307,0,95371,0,0,0,179
2,9,moe,42913,390,439273,202018,202029,210543,24364,1,2336,0,122726,0,0,0,172
2,10,moe,38617,200,434629,213328,213338,203704,15078,1,2508,0,99260,0,0,0,189
2,11,moe,26514,178,427245,213736,213746,192554,17280,1,3664,0,90941,0,0,0,187
2,12,moe,42120,185,466041,217061,217068,212533,33831,0,2609,0,123553,0,0,0,178
2,13,moe,44448,204,424402,211475,211487,187916,22363,0,2636,0,100560,0,0,0,185
2,14,moe,43142,182,416882,203145,203153,184351,27018,0,2360,0,103641,0,0,0,181
2,15,moe,27719,170,488663,236748,236757,218520,31046,1,2339,0,142206,0,0,0,189
2,16,moe,46406,185,427321,215323,215336,188022,21602,0,2361,0,105334,0,0,0,190
2,17,moe,47151,189,429431,211382,211392,189548,26121,0,2370,0,104540,0,0,0,187
2,18,moe,43290,191,497981,238597,238605,226510,30433,0,2433,0,135326,0,0,0,192
2,19,moe,32594,189,444284,222329,222341,196533,22982,1,2427,0,103385,0,0,0,198
2,20,moe,54544,171,436510,217846,217858,190146,25996,0,2510,0,111047,0,0,0,192
2,21,moe,59721,174,480565,217365,217373,228216,32670,1,2305,0,138064,0,0,0,180
2,22,moe,58746,181,469073,212120,212132,225540,28978,0,2423,0,111249,0,0,0,193
2,23,moe,41666,175,473759,222708,222716,213795,34894,0,2354,0,129130,0,0,0,184
2,24,moe,52499,184,524395,237905,237914,243072,40762,0,2647,0,114715,0,0,0,193
2,25,moe,52174,197,457358,216263,216275,212563,26031,1,2488,0,108260,0,0,0,175
2,26,moe,36225,44,10,0,0,0,0,0,10,0,10,0,0,0,0
2,-1,epi,0,0,0,0,0,0,0,0,5,0,0,0,0,0,0
3,-2,pre,256,0,0,0,0,0,0,0,0,0,0,0,0,0,0
3,0,dense,13290,56,0,0,0,0,0,0,0,0,0,0,0,0,0
3,1,moe,9367,52,64776,27270,27272,23482,13796,0,226,0,4916,26,3,23,26
3,2,moe,8803,52,60524,25903,25904,21802,12618,0,200,0,3452,23,1,22,23
3,3,moe,6158,51,56903,24376,24378,20538,11800,1,186,0,3523,22,1,21,22
3,4,moe,6254,48,38885,17590,17592,13195,7901,0,197,0,2390,18,2,16,18
3,5,moe,6903,61,44555,20427,20430,15059,8907,0,159,0,3003,20,1,19,20
3,6,moe,6113,109,60994,26858,26861,20894,13006,0,233,0,3880,24,1,23,24
3,7,moe,3963,45,42010,19148,19150,14036,8630,0,194,0,2624,19,1,18,19
3,8,moe,8023,55,37839,17349,17349,12376,7969,1,144,0,3313,17,1,16,17
3,9,moe,8894,58,60785,25004,25006,18874,16700,0,205,0,4573,23,2,21,23
3,10,moe,7871,83,62475,27049,27052,18763,16423,1,236,0,2731,25,1,24,25
3,11,moe,4056,44,36009,16038,16039,11452,8381,1,136,0,3598,19,4,15,19
3,12,moe,6938,51,44766,21175,21175,16104,7298,0,189,0,3720,19,1,18,19
3,13,moe,8422,50,49189,24168,24168,16887,7915,0,219,0,2691,22,0,22,22
3,14,moe,7264,48,43261,20853,20854,14674,7576,1,156,0,3099,21,2,19,21
3,15,moe,5080,58,52522,25596,25597,18754,7951,0,220,0,4762,21,0,21,21
3,16,moe,7349,53,44225,22456,22459,15338,6209,0,219,0,2699,22,2,20,22
3,17,moe,4869,48,50530,25541,25542,17633,6874,0,481,0,2649,25,2,23,25
3,18,moe,4359,43,41628,13682,13686,19793,7876,0,273,0,3931,25,3,22,25
3,19,moe,3193,40,30435,6403,6403,18406,5361,0,265,0,2661,24,0,24,24
3,20,moe,1396,43,37274,12964,12965,17754,6347,0,208,0,2116,23,0,23,23
3,21,moe,1515,63,38182,9208,9208,19781,8927,0,266,0,2433,24,2,22,24
3,22,moe,1459,37,30391,7119,7119,16790,6233,0,249,0,2478,24,2,22,24
3,23,moe,1299,36,40020,8723,8725,19042,12018,0,235,0,2438,22,1,21,22
3,24,moe,1451,36,39534,10783,10783,21393,7139,0,219,0,2436,26,2,24,26
3,25,moe,1447,38,36791,12882,12885,20534,3157,1,214,0,2419,24,1,23,24
3,26,moe,5319,34,9304,4708,4708,3546,996,0,54,0,7288,8,4,4,8
3,-1,epi,0,0,0,0,0,0,0,0,42787,0,0,0,0,0,0
4,-2,pre,77,0,0,0,0,0,0,0,0,0,0,0,0,0,0
4,0,dense,1423,45,0,0,0,0,0,0,0,0,0,0,0,0,0
4,1,moe,808,54,11075,5250,5251,3545,2218,1,60,0,1206,8,4,4,8
4,2,moe,731,42,5509,2588,2589,1772,1112,0,36,0,719,8,6,2,8
4,3,moe,5366,33,10841,4982,4982,3564,2238,0,57,0,724,8,4,4,8
4,4,moe,2957,35,7202,3271,3271,2352,1500,0,79,0,618,8,5,3,8
4,5,moe,3017,36,7133,3328,3328,2297,1462,0,46,0,604,8,5,3,8
4,6,moe,3124,33,8016,3485,3485,2765,1695,0,71,0,726,8,5,3,8
4,7,moe,6650,33,7059,3223,3223,2344,1419,0,73,0,601,8,5,3,8
4,8,moe,1472,35,6920,3168,3169,2286,1420,0,45,0,606,8,5,3,8
4,9,moe,802,38,8037,3604,3604,2750,1613,0,70,0,740,8,5,3,8
4,10,moe,725,34,9121,4384,4384,3128,1529,0,80,0,608,8,4,4,8
4,11,moe,552,32,2224,1087,1087,764,351,0,22,0,602,8,7,1,8
4,12,moe,717,32,10685,5780,5781,4527,285,0,92,0,737,8,3,5,8
4,13,moe,782,32,4062,2340,2340,1569,100,0,53,0,603,8,6,2,8
4,14,moe,725,30,3741,2074,2074,1534,98,0,35,0,601,8,6,2,8
4,15,moe,554,27,6473,3481,3481,2764,172,0,56,0,719,8,5,3,8
4,16,moe,721,33,6236,3223,3224,2340,599,0,73,0,603,8,5,3,8
4,17,moe,785,32,5718,3236,3236,2293,150,0,39,0,1087,8,5,3,8
4,18,moe,717,30,6090,2581,2581,2742,701,0,66,0,723,8,5,3,8
4,19,moe,550,32,3335,786,786,2331,152,0,66,0,603,8,5,3,8
4,20,moe,719,33,3108,1454,1454,1521,101,0,32,0,600,8,6,2,8
4,21,moe,791,37,3903,914,914,2754,173,0,62,0,728,8,5,3,8
4,22,moe,790,32,4295,1736,1736,2347,152,1,59,0,608,8,5,3,8
4,23,moe,556,29,3844,873,873,2737,172,0,62,0,728,8,5,3,8
4,24,moe,799,32,6268,1518,1518,4412,283,0,55,0,722,8,3,5,8
4,25,moe,800,35,7582,1872,1872,5304,337,0,69,0,736,8,2,6,8
4,26,moe,555,30,11915,6167,6167,4435,1260,0,53,0,1222,8,3,5,8
4,-1,epi,0,0,0,0,0,0,0,0,5522,0,0,0,0,0,0
5,-2,pre,229,0,0,0,0,0,0,0,0,0,0,0,0,0,0
5,0,dense,1429,41,0,0,0,0,0,0,0,0,0,0,0,0,0
5,1,moe,801,40,13373,5852,5852,4541,2910,0,70,0,744,8,3,5,8
5,2,moe,726,38,18694,8451,8451,6245,3905,0,93,0,735,8,1,7,8
5,3,moe,558,37,18765,8687,8687,6223,3777,0,78,0,725,8,1,7,8
5,4,moe,711,38,14344,6801,6802,4635,2804,0,103,0,608,8,2,6,8
5,5,moe,789,38,11876,5443,5444,3826,2540,0,66,0,612,8,3,5,8
5,6,moe,713,37,9217,4731,4732,3636,762,1,86,0,726,8,4,4,8
5,7,moe,545,32,7196,3259,3259,2347,1526,0,64,0,602,8,5,3,8
5,8,moe,718,35,7001,3211,3212,2289,1452,0,48,0,604,8,5,3,8
5,9,moe,789,38,12874,6990,6990,5446,337,0,101,0,740,8,2,6,8
5,10,moe,709,32,5885,3338,3338,2336,148,0,63,0,597,8,5,3,8
5,11,moe,543,30,14826,7363,7363,5363,2025,0,75,0,612,8,1,7,8
5,12,moe,718,33,12966,7138,7138,5389,341,0,98,0,716,8,2,6,8
5,13,moe,780,29,9596,5397,5397,3868,245,0,86,0,594,8,3,5,8
5,14,moe,706,31,7671,4371,4371,3052,195,0,53,0,610,8,4,4,8
5,15,moe,540,29,10917,6053,6053,4509,280,0,75,0,714,8,3,5,8
5,16,moe,713,30,7698,4334,4334,3097,195,0,72,0,602,8,4,4,8
5,17,moe,783,30,7703,4411,4413,3043,196,0,51,0,601,8,4,4,8
5,18,moe,710,29,12330,5556,5556,6289,388,0,97,0,720,8,1,7,8
5,19,moe,540,29,4386,1020,1020,3096,195,0,75,0,598,8,4,4,8
5,20,moe,708,30,3281,808,808,2290,145,0,38,0,602,8,5,3,8
5,21,moe,797,35,6385,1526,1526,4504,283,0,72,0,718,8,3,5,8
5,22,moe,791,34,3370,784,784,2378,150,0,58,0,609,8,5,3,8
5,23,moe,558,31,2606,596,597,1850,117,0,42,0,725,8,6,2,8
5,24,moe,791,35,5034,1234,1234,3533,225,0,42,0,719,8,4,4,8
5,25,moe,788,30,5032,1245,1246,3524,225,0,37,0,724,8,4,4,8
5,26,moe,577,30,7063,3616,3616,2655,760,1,31,0,1262,8,5,3,8
5,-1,epi,0,0,0,0,0,0,0,0,5695,0,0,0,0,0,0
6,-2,pre,39,0,0,0,0,0,0,0,0,0,0,0,0,0,0
6,0,dense,1429,38,0,0,0,0,0,0,0,0,0,0,0,0,0
6,1,moe,801,38,12453,6144,6145,4463,1791,0,54,0,730,8,3,5,8
6,2,moe,728,41,10959,5069,5070,3560,2281,0,48,0,730,8,4,4,8
6,3,moe,552,36,13029,5897,5898,4457,2621,0,53,0,733,8,3,5,8
6,4,moe,754,50,13724,9496,9496,3886,247,0,95,0,599,8,3,5,8
6,5,moe,777,36,5791,3317,3317,2290,147,0,37,0,595,8,5,3,8
6,6,moe,715,36,4277,2264,2264,1846,116,0,51,0,713,8,6,2,8
6,7,moe,551,37,8552,4251,4252,3138,1101,0,61,0,600,8,4,4,8
6,8,moe,714,37,11196,5333,5333,3826,1983,0,54,0,611,8,3,5,8
6,9,moe,789,38,9131,4652,4654,3625,770,1,81,0,723,8,4,4,8
6,10,moe,715,37,10810,5431,5431,3863,1431,0,85,0,607,8,3,5,8
6,11,moe,544,35,3868,2200,2202,1538,99,0,29,0,597,8,6,2,8
6,12,moe,711,35,6547,3573,3573,2744,171,0,59,0,718,8,5,3,8
6,13,moe,788,35,5794,3250,3252,2336,148,0,58,0,591,8,5,3,8
6,14,moe,716,34,5655,3178,3178,2296,147,0,34,0,601,8,5,3,8
6,15,moe,543,43,11235,5870,5871,4500,791,0,73,0,729,8,3,5,8
6,16,moe,710,32,11431,6433,6434,4618,296,0,83,0,601,8,2,6,8
6,17,moe,779,30,9489,5389,5389,3797,250,0,53,0,596,8,3,5,8
6,18,moe,707,34,1968,895,896,976,56,0,40,0,713,8,7,1,8
6,19,moe,550,29,6053,1287,1287,3864,828,0,74,0,610,8,3,5,8
6,20,moe,712,34,4389,1100,1100,3042,201,0,46,0,608,8,4,4,8
6,21,moe,793,34,2679,646,646,1867,116,0,50,0,723,8,6,2,8
6,22,moe,800,34,3420,867,867,2343,148,0,62,0,640,8,5,3,8
6,23,moe,597,35,3903,908,908,2761,172,0,62,0,725,8,5,3,8
6,24,moe,799,33,3793,936,936,2649,169,0,39,0,728,8,5,3,8
6,25,moe,795,44,3809,942,942,2657,175,1,34,0,724,8,5,3,8
6,26,moe,559,31,9677,4933,4934,3619,1078,0,46,0,1361,8,4,4,8
6,-1,epi,0,0,0,0,0,0,0,0,5785,0,0,0,0,0,0
7,-2,pre,225,0,0,0,0,0,0,0,0,0,0,0,0,0,0
7,0,dense,1449,37,0,0,0,0,0,0,0,0,0,0,0,0,0
7,1,moe,818,35,10955,5934,5934,4443,517,0,61,0,740,8,3,5,8
7,2,moe,737,35,5328,2363,2363,1779,1155,0,31,0,736,8,6,2,8
7,3,moe,556,33,2444,1170,1171,891,360,0,22,0,731,8,7,1,8
7,4,moe,721,33,6287,3708,3708,2356,147,0,76,0,599,8,5,3,8
7,5,moe,790,32,4419,2260,2260,1526,604,0,29,0,604,8,6,2,8
7,6,moe,723,30,2339,1202,1202,1029,59,0,49,0,723,8,7,1,8
7,7,moe,553,30,7720,4337,4337,3112,199,0,72,0,606,8,4,4,8
7,8,moe,4751,32,8131,4373,4373,3048,667,0,43,0,611,8,4,4,8
7,9,moe,5273,34,4417,2342,2342,1898,117,0,60,0,728,8,6,2,8
7,10,moe,722,31,2236,1301,1301,838,51,0,46,0,603,8,7,1,8
7,11,moe,551,32,3967,2314,2314,1524,103,0,26,0,601,8,6,2,8
7,12,moe,717,30,10813,5908,5908,4536,289,0,80,0,726,8,3,5,8
7,13,moe,788,30,5851,3267,3267,2376,145,0,63,0,611,8,5,3,8
7,14,moe,720,33,5909,3441,3442,2285,146,0,36,0,605,8,5,3,8
7,15,moe,548,31,10808,5903,5903,4548,283,0,74,0,717,8,3,5,8
7,16,moe,720,29,3873,2130,2131,1595,97,0,50,0,599,8,6,2,8
7,17,moe,793,32,5813,3351,3351,2276,149,0,37,0,610,8,5,3,8
7,18,moe,713,35,6682,3673,3673,2783,171,0,55,0,723,8,5,3,8
7,19,moe,550,30,3306,761,761,2343,146,0,56,0,601,8,5,3,8
7,20,moe,723,32,2199,546,546,1523,101,0,29,0,606,8,6,2,8
7,21,moe,798,30,5150,1196,1198,3649,229,0,74,0,730,8,4,4,8
7,22,moe,794,33,4453,1066,1066,3121,196,0,70,0,614,8,4,4,8
7,23,moe,555,31,2613,597,597,1861,114,0,41,0,736,8,6,2,8
7,24,moe,804,36,1267,310,310,882,57,0,18,0,724,8,7,1,8
7,25,moe,798,33,4851,1998,1998,2651,168,0,34,0,724,8,5,3,8
7,26,moe,560,30,4846,2465,2465,1785,566,0,30,0,719,8,6,2,8
7,-1,epi,0,0,0,0,0,0,0,0,5739,0,0,0,0,0,0
8,-2,pre,195,0,0,0,0,0,0,0,0,0,0,0,0,0,0
8,0,dense,1431,31,0,0,0,0,0,0,0,0,0,0,0,0,0
8,1,moe,798,30,6401,3531,3531,2652,173,0,45,0,738,8,5,3,8
8,2,moe,723,31,5212,2536,2536,1783,863,0,30,0,740,8,6,2,8
8,3,moe,570,34,8591,4777,4777,3533,236,0,45,0,723,8,4,4,8
8,4,moe,718,30,3932,2165,2166,1607,102,0,57,0,600,8,6,2,8
8,5,moe,788,31,5715,3241,3241,2291,146,0,37,0,612,8,5,3,8
8,6,moe,720,31,13115,7259,7259,5438,333,0,85,0,721,8,2,6,8
8,7,moe,551,29,4604,2424,2424,1586,542,0,52,0,600,8,6,2,8
8,8,moe,1272,30,3839,2187,2187,1524,102,0,26,0,601,8,6,2,8
8,9,moe,3599,35,7055,3561,3561,2762,670,0,62,0,724,8,5,3,8
8,10,moe,4135,33,5893,3312,3313,2369,150,0,61,0,603,8,5,3,8
8,11,moe,11104,30,7824,4510,4510,3069,199,0,46,0,601,8,4,4,8
8,12,moe,3101,32,6555,3562,3562,2763,170,0,60,0,718,8,5,3,8
8,13,moe,5438,32,5919,3356,3356,2350,148,0,65,0,603,8,5,3,8
8,14,moe,6079,34,5703,3217,3218,2296,148,0,41,0,606,8,5,3,8
8,15,moe,4949,30,4469,2416,2416,1888,119,0,46,0,719,8,6,2,8
8,16,moe,717,32,7727,4345,4345,3112,196,0,74,0,600,8,4,4,8
8,17,moe,790,30,4956,2483,2483,2290,149,0,34,0,604,8,5,3,8
8,18,moe,715,31,6774,3583,3583,2771,367,0,53,0,716,8,5,3,8
8,19,moe,557,27,2582,832,832,1601,101,0,48,0,596,8,6,2,8
8,20,moe,716,34,2207,555,555,1520,102,0,30,0,611,8,6,2,8
8,21,moe,787,30,2424,1320,1320,1007,57,0,40,0,719,8,7,1,8
8,22,moe,794,34,2513,531,531,1635,294,0,53,0,605,8,6,2,8
8,23,moe,560,45,9,0,0,0,0,0,9,0,724,8,8,0,8
8,24,moe,792,30,1392,312,312,984,56,0,40,0,736,8,7,1,8
8,25,moe,803,48,5040,1225,1225,3549,225,0,41,0,737,8,4,4,8
8,26,moe,565,30,7177,3657,3658,2650,833,0,36,0,733,8,5,3,8
8,-1,epi,0,0,0,0,0,0,0,0,5758,0,0,0,0,0,0
9,-2,pre,209,0,0,0,0,0,0,0,0,0,0,0,0,0,0
9,0,dense,1442,245,0,0,0,0,0,0,0,0,0,0,0,0,0
9,1,moe,832,35,10699,7609,7609,2676,369,1,44,0,724,8,5,3,8
9,2,moe,712,34,6421,3562,3562,2654,171,0,34,0,724,8,5,3,8
9,3,moe,551,34,4408,2501,2501,1769,112,0,26,0,727,8,6,2,8
9,4,moe,716,34,5807,3259,3259,2337,148,0,63,0,608,8,5,3,8
9,5,moe,788,36,8018,4268,4268,3047,657,0,46,0,608,8,4,4,8
9,6,moe,726,37,12,0,0,0,0,0,12,0,722,8,8,0,8
9,7,moe,557,31,5950,3470,3470,2297,149,0,34,0,606,8,5,3,8
9,8,moe,714,35,3804,2151,2152,1525,101,0,26,0,607,8,6,2,8
9,9,moe,790,34,5677,2677,2677,2769,169,0,62,0,725,8,5,3,8
9,10,moe,719,34,9,0,0,0,0,0,9,0,610,8,8,0,8
9,11,moe,555,30,2115,1179,1179,836,49,0,51,0,608,8,7,1,8
9,12,moe,726,49,1388,307,307,983,57,0,41,0,726,8,7,1,8
9,13,moe,790,29,2066,1132,1132,846,50,0,38,0,606,8,7,1,8
9,14,moe,3288,32,1856,1011,1011,777,51,0,17,0,612,8,7,1,8
9,15,moe,556,28,2712,649,649,1907,112,0,44,0,729,8,6,2,8
9,16,moe,719,30,5911,3347,3347,2355,146,0,63,0,615,8,5,3,8
9,17,moe,789,30,3183,1531,1531,1520,103,0,29,0,614,8,6,2,8
9,18,moe,724,38,4569,2471,2472,1913,133,0,51,0,732,8,6,2,8
9,19,moe,577,30,1214,255,255,858,56,0,45,0,682,8,7,1,8
9,20,moe,734,35,1112,265,265,769,53,0,25,0,648,8,7,1,8
9,21,moe,794,33,2683,616,616,1887,123,0,57,0,765,8,6,2,8
9,22,moe,826,39,5651,1334,1335,3965,266,0,85,0,631,8,3,5,8
9,23,moe,575,35,1399,321,321,982,57,0,39,0,741,8,7,1,8
9,24,moe,805,32,2533,626,627,1766,113,0,27,0,739,8,6,2,8
9,25,moe,801,32,3781,930,930,2643,173,0,35,0,747,8,5,3,8
9,26,moe,567,32,5237,2547,2547,1784,880,0,26,0,773,8,6,2,8
9,-1,epi,0,0,0,0,0,0,0,0,5824,0,0,0,0,0,0
10,-2,pre,199,0,0,0,0,0,0,0,0,0,0,0,0,0,0
10,0,dense,1448,34,0,0,0,0,0,0,0,0,0,0,0,0,0
10,1,moe,816,31,17755,9895,9895,7115,669,0,76,0,743,8,0,8,8
10,2,moe,724,34,4279,2361,2361,1775,116,0,27,0,729,8,6,2,8
10,3,moe,566,34,8700,4669,4669,3559,425,0,47,0,741,8,4,4,8
10,4,moe,714,31,7661,4255,4255,3137,196,1,72,0,608,8,4,4,8
10,5,moe,791,32,3899,2242,2242,1532,100,0,25,0,605,8,6,2,8
10,6,moe,724,31,4423,2377,2377,1883,113,0,50,0,726,8,6,2,8
10,7,moe,555,27,5901,3320,3320,2376,145,0,60,0,615,8,5,3,8
10,8,moe,719,33,5726,3243,3243,2298,147,0,38,0,618,8,5,3,8
10,9,moe,792,31,10385,5288,5290,4535,481,0,79,0,730,8,3,5,8
10,10,moe,713,28,7853,4464,4466,3121,196,0,70,0,608,8,4,4,8
10,11,moe,558,27,9505,5403,5404,3799,246,1,55,0,601,8,3,5,8
10,12,moe,721,31,7910,3994,3994,3627,225,0,64,0,725,8,4,4,8
10,13,moe,785,28,5994,3436,3436,2349,149,0,60,0,604,8,5,3,8
10,14,moe,715,29,7613,4324,4324,3050,197,0,42,0,615,8,4,4,8
10,15,moe,3307,34,14052,7264,7264,6309,391,0,88,0,723,8,1,7,8
10,16,moe,7536,32,10974,5934,5934,4649,299,0,92,0,607,8,2,6,8
10,17,moe,6646,35,10662,5718,5718,4568,310,0,66,0,601,8,2,6,8
10,18,moe,4800,33,13185,7343,7343,5415,343,0,84,0,733,8,2,6,8
10,19,moe,9222,31,10861,5849,5849,4634,291,0,87,0,602,8,2,6,8
10,20,moe,707,33,5425,1331,1332,3799,245,0,49,0,605,8,3,5,8
10,21,moe,780,31,6394,1496,1496,4541,282,0,75,0,726,8,3,5,8
10,22,moe,789,31,4442,1037,1037,3133,197,0,75,0,605,8,4,4,8
10,23,moe,557,29,5154,1163,1163,3702,232,0,57,0,729,8,4,4,8
10,24,moe,791,39,7587,1864,1864,5323,345,0,55,0,727,8,2,6,8
10,25,moe,812,33,7453,2701,2701,4420,280,0,52,0,727,8,3,5,8
10,26,moe,554,29,13402,6092,6092,4432,2828,0,50,0,727,8,3,5,8
10,-1,epi,0,0,0,0,0,0,0,0,5690,0,0,0,0,0,0
11,-2,pre,207,0,0,0,0,0,0,0,0,0,0,0,0,0,0
11,0,dense,1434,35,0,0,0,0,0,0,0,0,0,0,0,0,0
11,1,moe,809,36,2428,1269,1270,884,250,0,24,0,734,8,7,1,8
11,2,moe,730,33,4354,2439,2441,1773,111,0,29,0,724,8,6,2,8
11,3,moe,563,31,4548,2634,2634,1771,113,0,30,0,733,8,6,2,8
11,4,moe,717,31,4038,2282,2282,1590,102,0,64,0,607,8,6,2,8
11,5,moe,785,30,3849,2193,2193,1529,98,0,29,0,611,8,6,2,8
11,6,moe,720,37,4378,2322,2322,1883,124,0,49,0,722,8,6,2,8
11,7,moe,553,30,4006,2275,2275,1584,98,0,49,0,603,8,6,2,8
11,8,moe,721,31,5762,3296,3296,2285,147,0,34,0,613,8,5,3,8
11,9,moe,786,30,5769,2747,2747,2787,171,0,64,0,729,8,5,3,8
11,10,moe,715,30,5966,3395,3396,2357,147,0,66,0,609,8,5,3,8
11,11,moe,551,30,3956,2296,2296,1530,102,0,28,0,611,8,6,2,8
11,12,moe,720,31,8769,4789,4789,3681,230,0,69,0,727,8,4,4,8
11,13,moe,792,50,3906,2167,2167,1577,104,0,58,0,601,8,6,2,8
11,14,moe,718,31,11377,6416,6416,4605,298,0,58,0,624,8,2,6,8
11,15,moe,555,29,8654,4684,4684,3671,226,0,73,0,728,8,4,4,8
11,16,moe,714,31,11603,6555,6556,4663,296,0,88,0,603,8,2,6,8
11,17,moe,779,31,7975,3866,3867,3812,245,0,51,0,608,8,3,5,8
11,18,moe,710,31,10059,5130,5131,4573,283,0,72,0,720,8,3,5,8
11,19,moe,552,28,6823,3428,3428,3130,194,0,71,0,607,8,4,4,8
11,20,moe,714,31,3058,1410,1410,1525,96,0,27,0,599,8,6,2,8
11,21,moe,783,32,6155,2210,2210,3649,227,0,69,0,726,8,4,4,8
11,22,moe,790,29,3389,818,819,2357,148,0,65,0,599,8,5,3,8
11,23,moe,554,30,2654,608,608,1893,112,0,41,0,719,8,6,2,8
11,24,moe,792,31,5050,1254,1254,3530,225,0,41,0,727,8,4,4,8
11,25,moe,794,32,6429,1546,1546,4503,333,0,47,0,728,8,3,5,8
11,26,moe,563,35,15084,7329,7329,5466,2219,0,70,0,736,8,2,6,8
11,-1,epi,0,0,0,0,0,0,0,0,5787,0,0,0,0,0,0
12,-2,pre,2423,0,0,0,0,0,0,0,0,0,0,0,0,0,0
12,0,dense,1434,45,0,0,0,0,0,0,0,0,0,0,0,0,0
12,1,moe,811,36,9778,5948,5948,3555,231,0,44,0,734,8,4,4,8
12,2,moe,719,36,6391,3512,3512,2668,168,0,43,0,727,8,5,3,8
12,3,moe,557,33,4372,2459,2459,1770,113,0,30,0,730,8,6,2,8
12,4,moe,722,34,5839,3269,3269,2353,148,0,69,0,616,8,5,3,8
12,5,moe,790,34,5128,2443,2443,2315,331,0,39,0,620,8,5,3,8
12,6,moe,725,33,4385,2321,2321,1903,114,0,47,0,722,8,6,2,8
12,7,moe,555,32,2054,1133,1133,834,48,0,39,0,612,8,7,1,8
12,8,moe,717,36,3851,2203,2203,1522,98,0,28,0,608,8,6,2,8
12,9,moe,790,35,10740,5806,5806,4553,293,0,88,0,723,8,3,5,8
12,10,moe,715,29,3165,1429,1429,1584,101,0,51,0,604,8,6,2,8
12,11,moe,554,30,7808,4253,4253,3046,469,0,40,0,604,8,4,4,8
12,12,moe,719,34,10779,5877,5877,4539,278,0,85,0,724,8,3,5,8
12,13,moe,781,30,6894,3514,3514,3113,196,1,70,0,605,8,4,4,8
12,14,moe,717,28,5789,3329,3329,2271,149,0,40,0,598,8,5,3,8
12,15,moe,551,29,9171,5215,5215,3660,227,0,69,0,724,8,4,4,8
12,16,moe,711,31,11118,6066,6066,4664,292,0,96,0,604,8,2,6,8
12,17,moe,795,34,6138,2852,2852,3043,198,0,45,0,606,8,4,4,8
12,18,moe,713,31,11052,6147,6147,4539,289,0,77,0,728,8,3,5,8
12,19,moe,552,29,5298,2725,2725,2352,153,0,68,0,603,8,5,3,8
12,20,moe,713,31,3103,1453,1453,1523,98,1,28,0,603,8,6,2,8
12,21,moe,784,30,3944,914,914,2800,171,0,59,0,721,8,5,3,8
12,22,moe,781,35,3345,784,784,2351,148,0,62,0,609,8,5,3,8
12,23,moe,570,30,7,0,0,0,0,0,7,0,735,8,8,0,8
12,24,moe,795,33,5154,1225,1225,3631,224,0,74,0,736,8,4,4,8
12,25,moe,793,34,2521,613,613,1766,116,0,26,0,729,8,6,2,8
12,26,moe,598,31,9303,6429,6430,2670,171,0,32,0,730,8,5,3,8
12,-1,epi,0,0,0,0,0,0,0,0,5732,0,0,0,0,0,0
13,-2,pre,223,0,0,0,0,0,0,0,0,0,0,0,0,0,0
13,0,dense,1429,33,0,0,0,0,0,0,0,0,0,0,0,0,0
13,1,moe,827,34,7047,3228,3229,3543,231,0,44,0,733,8,4,4,8
13,2,moe,722,31,2266,1284,1284,902,59,0,21,0,732,8,7,1,8
13,3,moe,561,32,2144,1177,1177,890,59,0,18,0,736,8,7,1,8
13,4,moe,722,30,10,0,0,0,0,0,10,0,616,8,8,0,8
13,5,moe,792,30,2128,1176,1176,837,52,0,63,0,619,8,7,1,8
13,6,moe,724,34,2372,1283,1284,989,59,0,40,0,734,8,7,1,8
13,7,moe,563,28,2075,1151,1151,832,51,0,41,0,617,8,7,1,8
13,8,moe,726,30,1996,1160,1160,764,51,1,20,0,614,8,7,1,8
13,9,moe,796,33,2296,1207,1207,985,56,0,48,0,736,8,7,1,8
13,10,moe,721,32,2038,1114,1114,831,48,0,45,0,626,8,7,1,8
13,11,moe,560,29,3882,2235,2235,1522,99,0,26,0,618,8,6,2,8
13,12,moe,729,29,2676,628,628,1878,113,0,57,0,734,8,6,2,8
13,13,moe,794,30,2103,1155,1155,850,52,0,46,0,617,8,7,1,8
13,14,moe,727,30,3118,1460,1460,1528,102,0,28,0,614,8,6,2,8
13,15,moe,563,31,7637,2723,2723,4553,287,0,74,0,739,8,3,5,8
13,16,moe,743,31,7433,3246,3246,3867,247,0,73,0,615,8,3,5,8
13,17,moe,795,30,4305,1845,1845,2279,148,0,33,0,618,8,5,3,8
13,18,moe,719,29,7413,3452,3452,3659,226,1,75,0,737,8,4,4,8
13,19,moe,553,29,4436,1056,1056,3112,196,0,72,0,612,8,4,4,8
13,20,moe,717,30,2042,1211,1211,762,51,0,18,0,620,8,7,1,8
13,21,moe,792,32,2654,602,602,1890,115,1,46,0,726,8,6,2,8
13,22,moe,795,31,2270,527,527,1592,100,0,51,0,613,8,6,2,8
13,23,moe,571,29,8,0,0,0,0,0,8,0,738,8,8,0,8
13,24,moe,802,32,5185,1230,1231,3668,223,0,63,0,736,8,4,4,8
13,25,moe,805,38,1276,315,315,885,59,0,17,0,733,8,7,1,8
13,26,moe,568,30,2683,593,593,1765,300,0,25,0,742,8,6,2,8
13,-1,epi,0,0,0,0,0,0,0,0,5866,0,0,0,0,0,0
14,-2,pre,233,0,0,0,0,0,0,0,0,0,0,0,0,0,0
14,0,dense,1450,31,0,0,0,0,0,0,0,0,0,0,0,0,0
14,1,moe,816,29,6528,1747,1748,4439,289,0,52,0,749,8,3,5,8
14,2,moe,733,31,10,0,0,0,0,0,10,0,740,8,8,0,8
14,3,moe,579,29,9,0,0,0,0,0,9,0,751,8,8,0,8
14,4,moe,742,30,9,0,0,0,0,0,9,0,631,8,8,0,8
14,5,moe,823,35,2114,1181,1181,823,51,0,59,0,625,8,7,1,8
14,6,moe,741,34,2377,1291,1291,987,58,0,41,0,745,8,7,1,8
14,7,moe,571,27,2075,1127,1127,856,51,0,41,0,620,8,7,1,8
14,8,moe,737,30,2012,1176,1176,770,48,0,18,0,613,8,7,1,8
14,9,moe,797,29,9,0,0,0,0,0,9,0,735,8,8,0,8
14,10,moe,730,28,15,0,0,0,0,0,15,0,626,8,8,0,8
14,11,moe,573,28,1937,1095,1095,769,52,0,21,0,626,8,7,1,8
14,12,moe,738,35,6381,2407,2407,3674,225,0,75,0,742,8,4,4,8
14,13,moe,813,33,3945,2188,2188,1598,103,0,56,0,626,8,6,2,8
14,14,moe,725,30,3863,2206,2206,1525,98,0,34,0,618,8,6,2,8
14,15,moe,565,30,9709,3846,3846,5439,337,0,87,0,739,8,2,6,8
14,16,moe,720,35,5334,1942,1942,3123,194,0,75,0,618,8,4,4,8
14,17,moe,790,31,6477,1560,1562,4566,293,0,56,0,628,8,2,6,8
14,18,moe,725,31,6582,2624,2624,3665,223,0,70,0,731,8,4,4,8
14,19,moe,555,29,6477,2248,2250,3894,252,0,81,0,614,8,3,5,8
14,20,moe,722,31,9,0,0,0,0,0,9,0,615,8,8,0,8
14,21,moe,797,30,3941,926,926,2780,174,0,61,0,735,8,5,3,8
14,22,moe,796,31,4476,1078,1079,3124,202,0,71,0,626,8,4,4,8
14,23,moe,569,28,1377,310,310,972,59,0,36,0,736,8,7,1,8
14,24,moe,805,29,3812,950,950,2658,171,0,33,0,744,8,5,3,8
14,25,moe,799,31,1267,308,308,882,59,0,18,0,742,8,7,1,8
14,26,moe,579,34,5872,2797,2797,2655,385,0,35,0,732,8,5,3,8
14,-1,epi,0,0,0,0,0,0,0,0,5846,0,0,0,0,0,0
15,-2,pre,856,0,0,0,0,0,0,0,0,0,0,0,0,0,0
15,0,dense,1441,37,0,0,0,0,0,0,0,0,0,0,0,0,0
15,1,moe,813,34,8968,3257,3257,5317,336,0,58,0,747,8,2,6,8
15,2,moe,741,36,9,0,0,0,0,0,9,0,743,8,8,0,8
15,3,moe,575,32,9,0,0,0,0,0,9,0,743,8,8,0,8
15,4,moe,742,32,9,0,0,0,0,0,9,0,633,8,8,0,8
15,5,moe,806,36,9,0,0,0,0,0,9,0,633,8,8,0,8
15,6,moe,740,32,3721,1691,1691,1865,136,0,29,0,793,8,6,2,8
15,7,moe,575,29,2192,1253,1253,831,54,0,54,0,672,8,7,1,8
15,8,moe,725,40,1997,1149,1149,771,54,0,23,0,672,8,7,1,8
15,9,moe,825,36,2346,1250,1250,983,69,0,44,0,763,8,7,1,8
15,10,moe,720,32,9,0,0,0,0,0,9,0,641,8,8,0,8
15,11,moe,598,27,5899,3326,3327,2353,148,0,71,0,638,8,5,3,8
15,12,moe,735,34,3625,1545,1545,1900,116,0,64,0,750,8,6,2,8
15,13,moe,809,34,2076,1123,1123,847,51,0,55,0,621,8,7,1,8
15,14,moe,727,30,1950,1116,1116,766,49,0,19,0,621,8,7,1,8
15,15,moe,576,31,7223,3263,3264,3662,225,0,72,0,747,8,4,4,8
15,16,moe,727,32,3391,807,807,2361,149,0,74,0,625,8,5,3,8
15,17,moe,807,35,9991,4900,4900,4571,461,0,59,0,626,8,2,6,8
15,18,moe,728,31,10022,4156,4156,5431,344,0,91,0,745,8,2,6,8
15,19,moe,569,35,5257,2688,2689,2351,152,0,65,0,619,8,5,3,8
15,20,moe,727,31,7738,4425,4426,3069,198,0,45,0,618,8,4,4,8
15,21,moe,788,31,2988,951,951,1871,114,0,52,0,727,8,6,2,8
15,22,moe,797,28,4444,1058,1058,3123,196,0,67,0,625,8,4,4,8
15,23,moe,569,30,2653,597,597,1896,117,0,43,0,759,8,6,2,8
15,24,moe,801,28,5045,1239,1239,3537,226,0,43,0,743,8,4,4,8
15,25,moe,804,30,1269,312,312,883,58,0,16,0,743,8,7,1,8
15,26,moe,580,33,9003,4994,4994,3544,425,0,40,0,734,8,4,4,8
15,-1,epi,0,0,0,0,0,0,0,0,5811,0,0,0,0,0,0
16,-2,pre,221,0,0,0,0,0,0,0,0,0,0,0,0,0,0
16,0,dense,1453,32,0,0,0,0,0,0,0,0,0,0,0,0,0
16,1,moe,815,35,10216,5431,5431,4448,286,0,51,0,740,8,3,5,8
16,2,moe,736,31,7973,4139,4139,3560,231,0,43,0,745,8,4,4,8
16,3,moe,562,33,7932,4119,4119,3542,229,0,42,0,735,8,4,4,8
16,4,moe,723,30,7793,4368,4368,3141,202,0,82,0,618,8,4,4,8
16,5,moe,789,31,9789,5691,5692,3801,245,0,51,0,609,8,3,5,8
16,6,moe,718,30,8609,5413,5413,2767,369,0,60,0,725,8,5,3,8
16,7,moe,560,30,3898,2140,2140,1606,102,0,50,0,616,8,6,2,8
16,8,moe,727,30,3937,2191,2191,1608,109,0,29,0,616,8,6,2,8
16,9,moe,793,31,6936,3783,3783,2922,175,0,56,0,732,8,5,3,8
16,10,moe,738,38,11,0,0,0,0,0,11,0,612,8,8,0,8
16,11,moe,572,28,9018,4491,4492,4196,250,0,80,0,624,8,3,5,8
16,12,moe,729,29,6027,2813,2813,2981,176,0,57,0,738,8,5,3,8
16,13,moe,800,30,2163,1178,1179,887,54,1,42,0,622,8,7,1,8
16,14,moe,734,29,6923,3504,3504,3167,207,0,45,0,615,8,4,4,8
16,15,moe,572,30,7271,3240,3241,3719,231,0,80,0,742,8,4,4,8
16,16,moe,726,31,8900,4614,4614,3952,248,0,86,0,620,8,3,5,8
16,17,moe,802,31,5735,3219,3221,2327,153,0,34,0,626,8,5,3,8
16,18,moe,745,30,8592,4329,4329,3962,226,0,75,0,728,8,4,4,8
16,19,moe,580,33,2048,1104,1104,847,52,0,45,0,621,8,7,1,8
16,20,moe,726,32,1073,244,244,761,51,0,17,0,615,8,7,1,8
16,21,moe,828,33,2383,1225,1225,1055,65,0,38,0,739,8,7,1,8
16,22,moe,802,35,1278,291,291,882,60,0,45,0,619,8,7,1,8
16,23,moe,581,35,1466,300,300,1068,62,0,36,0,751,8,7,1,8
16,24,moe,807,30,2743,679,679,1919,117,0,28,0,760,8,6,2,8
16,25,moe,812,31,2705,656,656,1896,127,0,26,0,736,8,6,2,8
16,26,moe,579,28,10,0,0,0,0,0,10,0,747,8,8,0,8
16,-1,epi,0,0,0,0,0,0,0,0,5991,0,0,0,0,0,0
17,-2,pre,93,0,0,0,0,0,0,0,0,0,0,0,0,0,0
17,0,dense,1485,63,0,0,0,0,0,0,0,0,0,0,0,0,0
17,1,moe,823,29,2385,1350,1350,952,63,0,20,0,772,8,7,1,8
17,2,moe,758,32,2240,1212,1212,931,64,0,33,0,798,8,7,1,8
17,3,moe,618,32,3567,1560,1560,1865,118,0,24,0,753,8,6,2,8
17,4,moe,743,32,5202,2561,2561,2419,154,0,68,0,646,8,5,3,8
17,5,moe,816,29,8,0,0,0,0,0,8,0,638,8,8,0,8
17,6,moe,741,28,2332,1221,1221,1004,60,0,47,0,749,8,7,1,8
17,7,moe,580,32,2324,541,541,1630,104,0,49,0,634,8,6,2,8
17,8,moe,735,29,3984,2249,2249,1609,100,0,26,0,632,8,6,2,8
17,9,moe,809,33,10,0,0,0,0,0,10,0,762,8,8,0,8
17,10,moe,742,31,3920,2216,2216,1571,104,0,29,0,634,8,6,2,8
17,11,moe,590,34,4995,2460,2460,2341,156,0,38,0,642,8,5,3,8
17,12,moe,734,32,6685,3619,3619,2821,179,0,66,0,749,8,5,3,8
17,13,moe,808,37,3162,1400,1400,1605,101,0,56,0,667,8,6,2,8
17,14,moe,726,30,10,0,0,0,0,0,10,0,649,8,8,0,8
17,15,moe,603,32,4488,2402,2402,1914,121,0,51,0,711,8,6,2,8
17,16,moe,715,34,4010,2213,2213,1642,99,0,56,0,580,8,6,2,8
17,17,moe,791,33,1120,259,259,788,50,0,23,0,585,8,7,1,8
17,18,moe,724,30,4487,2382,2383,1932,118,0,54,0,704,8,6,2,8
17,19,moe,544,29,2249,1305,1305,850,51,0,43,0,578,8,7,1,8
17,20,moe,709,31,2051,1189,1189,788,51,0,23,0,583,8,7,1,8
17,21,moe,768,32,3758,1635,1635,1952,116,0,55,0,700,8,6,2,8
17,22,moe,770,29,9,0,0,0,0,0,9,0,581,8,8,0,8
17,23,moe,543,27,1299,307,307,915,58,0,19,0,700,8,7,1,8
17,24,moe,774,35,2615,634,634,1833,119,0,29,0,710,8,6,2,8
17,25,moe,775,31,3918,952,952,2748,180,0,38,0,710,8,5,3,8
17,26,moe,559,32,9,0,0,0,0,0,9,0,710,8,8,0,8
17,-1,epi,0,0,0,0,0,0,0,0,5628,0,0,0,0,0,0
18,-2,pre,276,0,0,0,0,0,0,0,0,0,0,0,0,0,0
18,0,dense,1405,40,0,0,0,0,0,0,0,0,0,0,0,0,0
18,1,moe,791,34,7053,3977,3978,2856,181,0,38,0,655,8,5,3,8
18,2,moe,676,40,4473,2417,2417,1904,121,0,31,0,646,8,6,2,8
18,3,moe,493,33,10305,5188,5190,4763,298,0,54,0,661,8,3,5,8
18,4,moe,663,30,6091,3338,3339,2529,157,0,66,0,565,8,5,3,8
18,5,moe,720,32,4065,2285,2285,1645,106,0,29,0,559,8,6,2,8
18,6,moe,669,29,6501,3286,3287,2972,179,0,63,0,653,8,5,3,8
18,7,moe,487,31,7121,5249,5249,1715,106,0,51,0,567,8,6,2,8
18,8,moe,670,31,3948,2175,2175,1634,105,0,34,0,577,8,6,2,8
18,9,moe,769,30,4484,2364,2364,1952,115,0,53,0,699,8,6,2,8
18,10,moe,711,29,6063,3412,3412,2436,152,0,63,0,586,8,5,3,8
18,11,moe,541,30,7873,4379,4379,3161,287,0,46,0,585,8,4,4,8
18,12,moe,699,30,4655,2535,2535,1932,130,0,58,0,747,8,6,2,8
18,13,moe,792,34,2127,1168,1169,846,57,0,55,0,662,8,7,1,8
18,14,moe,715,33,7871,4382,4382,3219,224,0,46,0,573,8,4,4,8
18,15,moe,498,31,13955,6627,6627,6781,433,0,114,0,667,8,1,7,8
18,16,moe,670,36,8446,4799,4799,3361,206,0,80,0,568,8,4,4,8
18,17,moe,708,33,9928,5513,5513,4098,257,0,60,0,565,8,3,5,8
18,18,moe,667,33,11013,5925,5925,4711,287,0,90,0,731,8,3,5,8
18,19,moe,532,29,9008,4672,4672,4009,248,0,79,0,602,8,3,5,8
18,20,moe,700,31,7710,4322,4322,3149,198,0,41,0,587,8,4,4,8
18,21,moe,766,33,8920,4837,4837,3780,228,0,75,0,694,8,4,4,8
18,22,moe,766,34,6909,2558,2558,4018,247,0,86,0,584,8,3,5,8
18,23,moe,528,31,5274,1202,1203,3772,228,0,71,0,691,8,4,4,8
18,24,moe,762,30,7768,1880,1880,5489,344,0,55,0,705,8,2,6,8
18,25,moe,773,35,7837,1917,1917,5510,356,0,54,0,712,8,2,6,8
18,26,moe,539,31,18164,9890,9890,7337,869,0,68,0,695,8,0,8,8
18,-1,epi,0,0,0,0,0,0,0,0,5110,0,0,0,0,0,0
19,-2,pre,222,0,0,0,0,0,0,0,0,0,0,0,0,0,0
19,0,dense,1252,34,0,0,0,0,0,0,0,0,0,0,0,0,0
19,1,moe,738,34,11753,6628,6628,4773,297,0,55,0,654,8,3,5,8
19,2,moe,662,31,4605,2551,2551,1900,121,0,33,0,654,8,6,2,8
19,3,moe,499,33,4584,2523,2523,1905,130,0,26,0,646,8,6,2,8
19,4,moe,664,35,2115,1104,1104,896,53,0,62,0,551,8,7,1,8
19,5,moe,711,34,4150,2369,2370,1641,109,0,30,0,559,8,6,2,8
19,6,moe,672,35,1462,280,280,1075,61,0,46,0,646,8,7,1,8
19,7,moe,497,35,2144,1153,1153,892,54,0,45,0,556,8,7,1,8
19,8,moe,666,33,5900,3252,3252,2454,158,0,36,0,558,8,5,3,8
19,9,moe,715,34,2427,1268,1268,1054,61,0,44,0,648,8,7,1,8
19,10,moe,674,33,5323,2582,2583,2519,155,1,65,0,560,8,5,3,8
19,11,moe,494,30,7028,3504,3505,3274,207,0,42,0,565,8,4,4,8
19,12,moe,662,32,6065,2847,2847,2975,182,0,61,0,652,8,5,3,8
19,13,moe,707,33,1307,283,283,922,53,0,49,0,563,8,7,1,8
19,14,moe,670,30,3229,1446,1446,1634,107,0,42,0,555,8,6,2,8
19,15,moe,486,31,4575,2386,2386,2016,122,0,51,0,650,8,6,2,8
19,16,moe,666,31,5216,2450,2451,2540,154,0,71,0,573,8,5,3,8
19,17,moe,707,31,3948,2157,2157,1643,107,0,41,0,560,8,6,2,8
19,18,moe,670,30,4520,2319,2319,2031,121,0,49,0,646,8,6,2,8
19,19,moe,486,30,8,0,0,0,0,0,8,0,561,8,8,0,8
19,20,moe,653,29,1288,285,285,891,52,0,60,0,565,8,7,1,8
19,21,moe,711,32,10040,6831,6831,2951,181,0,77,0,645,8,5,3,8
19,22,moe,711,35,2172,1199,1199,878,53,0,42,0,555,8,7,1,8
19,23,moe,488,32,1447,312,312,1037,61,0,37,0,639,8,7,1,8
19,24,moe,705,31,9,0,0,0,0,0,9,0,669,8,8,0,8
19,25,moe,706,32,4052,978,978,2855,180,0,39,0,650,8,5,3,8
19,26,moe,493,31,2305,1264,1264,953,64,0,24,0,660,8,7,1,8
19,-1,epi,0,0,0,0,0,0,0,0,4523,0,0,0,0,0,0
20,-2,pre,133,0,0,0,0,0,0,0,0,0,0,0,0,0,0
20,0,dense,1241,37,0,0,0,0,0,0,0,0,0,0,0,0,0
20,1,moe,718,36,3616,1534,1534,1925,125,0,32,0,688,8,6,2,8
20,2,moe,667,38,6820,3698,3698,2896,188,0,38,0,654,8,5,3,8
20,3,moe,497,33,4529,2462,2462,1911,125,0,31,0,657,8,6,2,8
20,4,moe,698,35,2127,1121,1121,890,53,0,63,0,551,8,7,1,8
20,5,moe,789,39,7906,4330,4331,3322,208,0,45,0,587,8,4,4,8
20,6,moe,689,37,2488,1282,1282,1093,60,0,53,0,652,8,7,1,8
20,7,moe,498,30,4090,2209,2209,1710,104,0,67,0,572,8,6,2,8
20,8,moe,708,31,2020,1115,1115,823,56,0,26,0,553,8,7,1,8
20,9,moe,716,35,6930,3707,3708,2960,195,0,67,0,675,8,5,3,8
20,10,moe,709,46,2108,1104,1104,898,54,0,52,0,565,8,7,1,8
20,11,moe,501,31,9,0,0,0,0,0,9,0,559,8,8,0,8
20,12,moe,678,34,2404,1196,1197,1098,65,0,44,0,634,8,7,1,8
20,13,moe,687,35,2203,1148,1148,948,59,0,48,0,553,8,7,1,8
20,14,moe,667,34,2030,1100,1100,853,57,0,20,0,553,8,7,1,8
20,15,moe,481,33,3782,1486,1486,2108,130,0,58,0,629,8,6,2,8
20,16,moe,654,34,4177,2235,2235,1768,109,0,65,0,559,8,6,2,8
20,17,moe,682,33,5986,3242,3242,2545,162,1,36,0,562,8,5,3,8
20,18,moe,653,33,6017,2655,2656,3108,186,0,67,0,629,8,5,3,8
20,19,moe,484,32,5355,2514,2514,2614,164,0,63,0,561,8,5,3,8
20,20,moe,649,34,3171,1404,1404,1632,106,0,29,0,556,8,6,2,8
20,21,moe,702,32,6907,3697,3697,2966,179,0,65,0,649,8,5,3,8
20,22,moe,709,31,5296,2521,2522,2541,158,0,75,0,558,8,5,3,8
20,23,moe,494,32,2812,619,620,2025,121,0,46,0,650,8,6,2,8
20,24,moe,707,246,5436,1319,1319,3822,246,0,49,0,657,8,4,4,8
20,25,moe,710,36,2710,649,649,1907,126,0,28,0,655,8,6,2,8
20,26,moe,500,38,2571,1534,1534,953,64,0,20,0,643,8,7,1,8
20,-1,epi,0,0,0,0,0,0,0,0,4387,0,0,0,0,0,0
21,-2,pre,223,0,0,0,0,0,0,0,0,0,0,0,0,0,0
21,0,dense,1163,38,0,0,0,0,0,0,0,0,0,0,0,0,0
21,1,moe,683,47,11600,5197,5197,5959,385,0,59,0,636,8,2,6,8
21,2,moe,641,32,10309,7127,7127,2960,187,0,35,0,623,8,5,3,8
21,3,moe,477,30,10591,5285,5285,4936,315,0,55,0,625,8,3,5,8
21,4,moe,656,35,4477,1703,1703,2543,156,1,74,0,552,8,5,3,8
21,5,moe,708,31,3146,1372,1372,1646,104,0,24,0,555,8,6,2,8
21,6,moe,667,35,8212,3964,3964,3924,242,0,82,0,648,8,4,4,8
21,7,moe,491,30,6411,2776,2777,3346,216,0,72,0,564,8,4,4,8
21,8,moe,685,31,3235,1459,1459,1642,105,0,29,0,555,8,6,2,8
21,9,moe,707,32,2452,1283,1283,1063,61,0,45,0,643,8,7,1,8
21,10,moe,671,29,6489,2832,2833,3361,220,0,75,0,612,8,4,4,8
21,11,moe,538,35,5862,3199,3199,2458,164,0,41,0,658,8,5,3,8
21,12,moe,658,34,6060,2834,2834,2964,188,0,74,0,634,8,5,3,8
21,13,moe,682,35,5436,2576,2578,2617,169,0,72,0,564,8,5,3,8
21,14,moe,658,33,7527,3843,3844,3411,222,0,50,0,565,8,4,4,8
21,15,moe,520,33,8407,4010,4010,4068,245,0,84,0,630,8,4,4,8
21,16,moe,657,31,8339,4685,4685,3360,215,0,79,0,562,8,4,4,8
21,17,moe,710,34,5171,2494,2494,2475,164,0,38,0,563,8,5,3,8
21,18,moe,665,34,8315,4057,4057,3937,248,1,72,0,651,8,4,4,8
21,19,moe,3451,31,9867,5358,5358,4159,260,0,90,0,571,8,3,5,8
21,20,moe,679,32,9140,4699,4700,4112,269,0,59,0,570,8,3,5,8
21,21,moe,708,39,9153,4905,4905,3932,240,0,76,0,650,8,4,4,8
21,22,moe,720,35,7361,3719,3719,3349,213,0,80,0,566,8,4,4,8
21,23,moe,495,35,3581,1400,1400,2007,124,0,50,0,642,8,6,2,8
21,24,moe,713,32,5406,1298,1298,3817,247,0,44,0,652,8,4,4,8
21,25,moe,711,32,5369,1261,1262,3813,250,0,44,0,658,8,4,4,8
21,26,moe,497,36,7064,3795,3795,2853,380,0,36,0,643,8,5,3,8
21,-1,epi,0,0,0,0,0,0,0,0,4422,0,0,0,0,0,0
22,-2,pre,210,0,0,0,0,0,0,0,0,0,0,0,0,0,0
22,0,dense,1246,34,0,0,0,0,0,0,0,0,0,0,0,0,0
22,1,moe,727,33,6807,3733,3734,2856,181,0,36,0,651,8,5,3,8
22,2,moe,659,30,3624,1558,1558,1906,129,0,31,0,642,8,6,2,8
22,3,moe,492,30,7271,3163,3163,3817,244,0,47,0,651,8,4,4,8
22,4,moe,660,35,7199,3537,3538,3368,211,0,82,0,557,8,4,4,8
22,5,moe,712,31,5085,2420,2420,2451,167,0,47,0,563,8,5,3,8
22,6,moe,663,31,8172,3892,3892,3963,247,0,70,0,652,8,4,4,8
22,7,moe,497,35,8,0,0,0,0,0,8,0,553,8,8,0,8
22,8,moe,663,32,8044,4357,4357,3397,215,0,75,0,565,8,4,4,8
22,9,moe,706,32,8946,4689,4689,3932,247,0,78,0,650,8,4,4,8
22,10,moe,667,32,7941,4302,4302,3355,209,0,75,0,562,8,4,4,8
22,11,moe,499,31,1150,256,256,823,53,0,18,0,558,8,7,1,8
22,12,moe,673,30,6833,3626,3627,2965,181,0,60,0,644,8,5,3,8
22,13,moe,719,34,8255,5510,5510,2521,156,0,68,0,562,8,5,3,8
22,14,moe,660,31,3857,2087,2087,1636,108,0,26,0,556,8,6,2,8
22,15,moe,494,33,2575,1378,1378,1088,62,0,47,0,634,8,7,1,8
22,16,moe,669,30,4549,1779,1779,2540,157,0,73,0,551,8,5,3,8
22,17,moe,715,31,6120,3479,3479,2450,158,0,33,0,564,8,5,3,8
22,18,moe,661,31,4325,2154,2155,1995,122,0,53,0,645,8,6,2,8
22,19,moe,490,29,6088,3282,3282,2555,158,0,93,0,570,8,5,3,8
22,20,moe,751,59,10,0,0,0,0,0,10,0,548,8,8,0,8
22,21,moe,696,48,4682,2488,2488,2003,121,0,70,0,642,8,6,2,8
22,22,moe,707,50,4126,2263,2263,1690,107,0,66,0,555,8,6,2,8
22,23,moe,487,47,9,0,0,0,0,0,9,0,630,8,8,0,8
22,24,moe,708,48,4158,960,960,2937,182,0,79,0,647,8,5,3,8
22,25,moe,711,49,10,0,0,0,0,0,10,0,633,8,8,0,8
22,26,moe,493,45,9,0,0,0,0,0,9,0,640,8,8,0,8
22,-1,epi,0,0,0,0,0,0,0,0,4464,0,0,0,0,0,0
23,-2,pre,226,0,0,0,0,0,0,0,0,0,0,0,0,0,0
23,0,dense,1172,48,0,0,0,0,0,0,0,0,0,0,0,0,0
23,1,moe,684,46,11479,6160,6160,4931,311,0,77,0,627,8,3,5,8
23,2,moe,657,46,4624,2468,2468,1987,130,0,39,0,622,8,6,2,8
23,3,moe,594,41,6998,3780,3780,2970,194,0,54,0,663,8,5,3,8
23,4,moe,665,43,1287,282,282,882,56,0,67,0,552,8,7,1,8
23,5,moe,704,40,8412,3956,3956,4121,261,0,74,0,559,8,3,5,8
23,6,moe,650,44,2433,1223,1223,1083,66,0,61,0,619,8,7,1,8
23,7,moe,596,35,6205,3343,3345,2613,166,0,81,0,549,8,5,3,8
23,8,moe,650,43,7247,3682,3682,3288,223,0,54,0,564,8,4,4,8
23,9,moe,706,39,4782,2598,2598,2001,122,0,61,0,644,8,6,2,8
23,10,moe,658,41,7299,3680,3680,3321,209,0,89,0,566,8,4,4,8
23,11,moe,602,38,7131,3565,3565,3299,208,0,59,0,561,8,4,4,8
23,12,moe,892,5502,7034,3796,3796,2964,189,0,85,0,649,8,5,3,8
23,13,moe,720,37,6321,3533,3533,2545,164,0,79,0,558,8,5,3,8
23,14,moe,669,32,5083,2408,2409,2460,165,0,49,0,559,8,5,3,8
23,15,moe,607,34,8192,3937,3937,3925,250,0,80,0,651,8,4,4,8
23,16,moe,669,30,12347,6928,6928,4995,323,1,100,0,563,8,2,6,8
23,17,moe,708,31,3219,1438,1438,1644,105,0,32,0,557,8,6,2,8
23,18,moe,665,30,8318,4068,4068,3938,239,0,73,0,647,8,4,4,8
23,19,moe,605,31,3297,1411,1411,1722,104,1,59,0,562,8,6,2,8
23,20,moe,659,35,2088,1193,1193,821,53,0,21,0,565,8,7,1,8
23,21,moe,703,35,7298,3062,3062,3920,237,1,78,0,645,8,4,4,8
23,22,moe,732,31,6253,3473,3473,2549,157,0,74,0,558,8,5,3,8
23,23,moe,603,32,6948,3718,3718,2980,179,0,71,0,639,8,5,3,8
23,24,moe,702,30,6994,1875,1875,4760,300,0,59,0,653,8,3,5,8
23,25,moe,713,35,6755,1620,1620,4764,309,0,62,0,645,8,3,5,8
23,26,moe,600,31,8103,4007,4007,3809,238,0,49,0,643,8,4,4,8
23,-1,epi,0,0,0,0,0,0,0,0,4398,0,0,0,0,0,0
24,-2,pre,209,0,0,0,0,0,0,0,0,0,0,0,0,0,0
24,0,dense,1202,35,0,0,0,0,0,0,0,0,0,0,0,0,0
24,1,moe,717,33,10462,5282,5283,4779,332,0,68,0,667,8,3,5,8
24,2,moe,675,36,11286,6150,6150,4775,297,0,64,0,655,8,3,5,8
24,3,moe,606,37,3704,1630,1630,1915,123,0,36,0,656,8,6,2,8
24,4,moe,673,34,8082,4439,4439,3345,208,0,90,0,557,8,4,4,8
24,5,moe,704,33,6800,2395,2395,4087,260,0,58,0,557,8,3,5,8
24,6,moe,666,36,9285,2955,2955,5845,369,0,116,0,655,8,2,6,8
24,7,moe,605,33,5859,2205,2205,3363,211,0,80,0,568,8,4,4,8
24,8,moe,687,33,9246,3073,3073,5733,361,0,79,0,572,8,1,7,8
24,9,moe,716,38,12543,5193,5193,6804,430,0,116,0,647,8,1,7,8
24,10,moe,670,31,4506,1736,1736,2534,161,0,75,0,561,8,5,3,8
24,11,moe,611,36,9701,4416,4416,4914,306,0,65,0,563,8,2,6,8
24,12,moe,671,32,16448,10381,10381,5629,342,0,96,0,689,8,2,6,8
24,13,moe,751,30,7918,2677,2678,4825,308,0,107,0,577,8,2,6,8
24,14,moe,698,32,10279,5188,5188,4729,299,0,63,0,578,8,2,6,8
24,15,moe,614,28,12903,5835,5835,6557,401,0,110,0,692,8,1,7,8
24,16,moe,694,30,12047,5128,5128,6396,410,0,113,0,584,8,0,8,8
24,17,moe,763,35,5647,2235,2235,3152,210,0,50,0,575,8,4,4,8
24,18,moe,694,30,10750,5662,5662,4713,290,0,85,0,694,8,3,5,8
24,19,moe,620,31,6836,3303,3303,3240,209,1,83,0,578,8,4,4,8
24,20,moe,691,31,9200,4089,4090,4731,308,1,70,0,580,8,2,6,8
24,21,moe,758,31,8568,3505,3505,4694,287,0,82,0,693,8,3,5,8
24,22,moe,760,30,9060,4715,4716,4006,250,0,88,0,576,8,3,5,8
24,23,moe,628,27,9189,4121,4121,4696,285,0,87,0,697,8,3,5,8
24,24,moe,753,30,7056,3114,3114,3665,231,0,46,0,694,8,4,4,8
24,25,moe,768,30,2597,622,622,1833,115,0,27,0,687,8,6,2,8
24,26,moe,619,28,14579,7685,7686,6408,405,0,80,0,696,8,1,7,8
24,-1,epi,0,0,0,0,0,0,0,0,5333,0,0,0,0,0,0
25,-2,pre,201,0,0,0,0,0,0,0,0,0,0,0,0,0,0
25,0,dense,1344,34,0,0,0,0,0,0,0,0,0,0,0,0,0
25,1,moe,774,33,11,0,0,0,0,0,11,0,694,8,8,0,8
25,2,moe,691,31,1347,309,309,951,65,0,22,0,655,8,7,1,8
25,3,moe,603,30,6964,3872,3872,2864,186,0,42,0,651,8,5,3,8
25,4,moe,672,33,2231,1214,1214,897,56,0,64,0,563,8,7,1,8
25,5,moe,721,32,10,0,0,0,0,0,10,0,562,8,8,0,8
25,6,moe,674,34,2527,1339,1339,1064,63,0,61,0,637,8,7,1,8
25,7,moe,601,31,2113,1138,1138,874,55,0,46,0,577,8,7,1,8
25,8,moe,663,31,5601,3815,3815,1643,112,0,31,0,555,8,6,2,8
25,9,moe,720,34,1521,314,314,1100,64,0,43,0,643,8,7,1,8
25,10,moe,667,30,6142,3386,3386,2522,156,0,78,0,567,8,5,3,8
25,11,moe,595,29,9,0,0,0,0,0,9,0,548,8,8,0,8
25,12,moe,664,28,9,0,0,0,0,0,9,0,638,8,8,0,8
25,13,moe,705,30,2034,1136,1136,825,52,0,21,0,553,8,7,1,8
25,14,moe,662,30,3209,1412,1412,1648,109,0,40,0,568,8,6,2,8
25,15,moe,585,30,5258,2001,2001,2992,188,0,77,0,650,8,5,3,8
25,16,moe,663,30,3337,1450,1450,1712,106,0,69,0,566,8,6,2,8
25,17,moe,721,35,9409,6733,6733,2460,162,0,54,0,561,8,5,3,8
25,18,moe,664,41,4618,2384,2384,2046,125,0,63,0,641,8,6,2,8
25,19,moe,605,44,4967,2203,2203,2528,159,0,77,0,559,8,5,3,8
25,20,moe,658,35,2039,1128,1128,819,54,0,38,0,559,8,7,1,8
25,21,moe,706,35,6800,3569,3570,2970,188,0,72,0,645,8,5,3,8
25,22,moe,704,36,2062,1066,1066,888,55,0,53,0,558,8,7,1,8
25,23,moe,600,34,2414,1244,1244,1062,62,0,46,0,641,8,7,1,8
25,24,moe,709,36,3606,1543,1543,1910,122,0,31,0,646,8,6,2,8
25,25,moe,708,34,1358,324,324,951,62,0,21,0,641,8,7,1,8
25,26,moe,595,34,1346,316,316,949,63,0,18,0,641,8,7,1,8
25,-1,epi,0,0,0,0,0,0,0,0,4458,0,0,0,0,0,0
26,-2,pre,207,0,0,0,0,0,0,0,0,0,0,0,0,0,0
26,0,dense,1234,41,0,0,0,0,0,0,0,0,0,0,0,0,0
26,1,moe,717,52,4008,920,920,2859,187,0,42,0,652,8,5,3,8
26,2,moe,669,35,7010,3903,3903,2866,187,0,54,0,655,8,5,3,8
26,3,moe,596,37,2689,631,631,1903,122,0,33,0,641,8,6,2,8
26,4,moe,673,37,2322,1308,1308,893,54,0,67,0,560,8,7,1,8
26,5,moe,721,37,10,0,0,0,0,0,10,0,563,8,8,0,8
26,6,moe,677,35,2431,1246,1246,1072,62,0,51,0,644,8,7,1,8
26,7,moe,593,33,9,0,0,0,0,0,9,0,552,8,8,0,8
26,8,moe,668,34,2118,1113,1113,892,54,0,59,0,555,8,7,1,8
26,9,moe,711,35,9,0,0,0,0,0,9,0,635,8,8,0,8
26,10,moe,666,38,4023,2249,2249,1635,106,0,33,0,557,8,6,2,8
26,11,moe,609,38,3356,1560,1560,1644,110,0,42,0,549,8,6,2,8
26,12,moe,650,37,2430,1215,1215,1097,66,0,52,0,629,8,7,1,8
26,13,moe,680,36,4199,2237,2237,1774,112,0,76,0,550,8,6,2,8
26,14,moe,650,37,5169,2481,2481,2485,157,0,46,0,560,8,5,3,8
26,15,moe,585,34,6085,2843,2844,2987,183,0,71,0,644,8,5,3,8
26,16,moe,663,33,3559,805,805,2525,159,0,70,0,562,8,5,3,8
26,17,moe,702,35,2047,1151,1151,820,53,0,23,0,567,8,7,1,8
26,18,moe,669,37,5171,1903,1903,3014,189,0,65,0,646,8,5,3,8
26,19,moe,598,35,6745,3109,3109,3346,208,1,81,0,559,8,4,4,8
26,20,moe,667,34,3268,1482,1482,1645,109,0,32,0,566,8,6,2,8
26,21,moe,711,36,3904,1709,1709,2011,125,0,59,0,646,8,6,2,8
26,22,moe,701,35,6327,3549,3549,2542,162,0,74,0,563,8,5,3,8
26,23,moe,592,37,8,0,0,0,0,0,8,0,644,8,8,0,8
26,24,moe,707,37,8069,2745,2745,4886,332,0,106,0,791,8,3,5,8
26,25,moe,704,42,1660,603,603,957,70,0,30,0,760,8,7,1,8
26,26,moe,623,41,5914,2697,2698,2953,214,0,49,0,626,8,5,3,8
26,-1,epi,0,0,0,0,0,0,0,0,3842,0,0,0,0,0,0
27,-2,pre,215,0,0,0,0,0,0,0,0,0,0,0,0,0,0
27,0,dense,1185,42,0,0,0,0,0,0,0,0,0,0,0,0,0
27,1,moe,688,40,10447,5129,5130,4941,310,0,66,0,634,8,3,5,8
27,2,moe,646,38,8194,3937,3938,3951,248,0,57,0,629,8,4,4,8
27,3,moe,592,37,14312,6852,6854,6927,443,0,88,0,640,8,1,7,8
27,4,moe,650,42,6600,2819,2819,3470,215,0,96,0,575,8,4,4,8
27,5,moe,675,37,7168,3620,3620,3280,211,0,57,0,589,8,4,4,8
27,6,moe,692,36,4880,2661,2661,2006,136,0,77,0,743,8,6,2,8
27,7,moe,614,46,4159,2195,2196,1766,122,0,75,0,623,8,6,2,8
27,8,moe,674,41,2100,1158,1158,855,60,0,27,0,632,8,7,1,8
27,9,moe,691,38,7119,3738,3738,3106,198,0,77,0,786,8,5,3,8
27,10,moe,660,53,7444,3640,3641,3489,221,0,93,0,620,8,4,4,8
27,11,moe,607,43,7188,3492,3492,3406,223,0,67,0,568,8,4,4,8
27,12,moe,652,44,4039,1731,1731,2106,124,0,78,0,625,8,6,2,8
27,13,moe,691,45,7397,3599,3599,3486,216,0,96,0,554,8,4,4,8
27,14,moe,656,40,9317,4738,4738,4239,268,0,72,0,564,8,3,5,8
27,15,moe,587,35,14941,6292,6292,8034,491,0,124,0,627,8,0,8,8
27,16,moe,653,38,8526,3915,3915,4242,270,0,99,0,564,8,3,5,8
27,17,moe,705,40,4569,1904,1904,2460,160,0,45,0,573,8,5,3,8
27,18,moe,667,39,13220,5908,5909,6779,416,0,116,0,657,8,1,7,8
27,19,moe,594,35,12109,7604,7604,4159,258,0,88,0,554,8,3,5,8
27,20,moe,670,39,5649,2087,2087,3287,212,1,62,0,569,8,4,4,8
27,21,moe,716,37,7653,3390,3390,3949,238,0,76,0,652,8,4,4,8
27,22,moe,705,37,6419,2778,2778,3353,208,0,80,0,554,8,4,4,8
27,23,moe,588,33,3720,1520,1520,2027,118,0,55,0,639,8,6,2,8
27,24,moe,703,35,9072,2898,2899,5746,357,0,70,0,659,8,2,6,8
27,25,moe,719,34,8109,2998,2998,4754,298,1,58,0,649,8,3,5,8
27,26,moe,606,35,10155,3986,3986,5725,367,0,77,0,653,8,2,6,8
27,-1,epi,0,0,0,0,0,0,0,0,4406,0,0,0,0,0,0
28,-2,pre,215,0,0,0,0,0,0,0,0,0,0,0,0,0,0
28,0,dense,1225,40,0,0,0,0,0,0,0,0,0,0,0,0,0
28,1,moe,711,35,13057,6925,6925,5707,355,0,70,0,647,8,2,6,8
28,2,moe,655,37,10259,5134,5134,4768,298,0,59,0,649,8,3,5,8
28,3,moe,597,34,13377,6188,6188,6681,427,0,81,0,656,8,1,7,8
28,4,moe,666,38,4192,2304,2305,1710,108,0,69,0,582,8,6,2,8
28,5,moe,761,40,7984,4589,4589,3142,204,0,49,0,578,8,4,4,8
28,6,moe,743,36,6159,3028,3029,2874,175,0,81,0,693,8,5,3,8
28,7,moe,615,33,7414,3909,3909,3215,200,0,90,0,613,8,4,4,8
28,8,moe,699,37,5236,2662,2662,2370,160,0,44,0,580,8,5,3,8
28,9,moe,760,37,11361,6265,6265,4711,298,0,87,0,690,8,3,5,8
28,10,moe,703,36,10002,5644,5644,4014,252,0,92,0,606,8,3,5,8
28,11,moe,621,34,4234,1670,1670,2365,158,0,41,0,585,8,5,3,8
28,12,moe,695,35,2507,1375,1375,1027,59,0,46,0,686,8,7,1,8
28,13,moe,751,35,10181,6639,6639,3246,206,0,90,0,577,8,4,4,8
28,14,moe,717,35,9281,5873,5873,3154,202,0,52,0,576,8,4,4,8
28,15,moe,622,33,6718,3592,3592,2871,180,0,75,0,690,8,5,3,8
28,16,moe,687,35,10745,5530,5530,4810,296,0,109,0,585,8,2,6,8
28,17,moe,765,38,7861,4462,4462,3147,200,0,52,0,579,8,4,4,8
28,18,moe,692,37,5478,2366,2367,2865,174,0,72,0,689,8,5,3,8
28,19,moe,616,34,7860,4346,4346,3234,201,0,79,0,576,8,4,4,8
28,20,moe,696,34,5810,3253,3253,2362,151,0,44,0,588,8,5,3,8
28,21,moe,757,35,5914,2794,2794,2879,173,0,68,0,697,8,5,3,8
28,22,moe,755,34,6253,2725,2725,3233,206,0,89,0,579,8,4,4,8
28,23,moe,618,34,4449,2341,2341,1942,116,0,50,0,689,8,6,2,8
28,24,moe,758,39,6757,3796,3796,2748,172,0,41,0,692,8,5,3,8
28,25,moe,754,33,5763,2794,2795,2752,172,0,44,0,699,8,5,3,8
28,26,moe,624,34,6593,3625,3625,2757,173,0,38,0,692,8,5,3,8
28,-1,epi,0,0,0,0,0,0,0,0,5354,0,0,0,0,0,0
29,-2,pre,214,0,0,0,0,0,0,0,0,0,0,0,0,0,0
29,0,dense,1346,35,0,0,0,0,0,0,0,0,0,0,0,0,0
29,1,moe,773,35,7318,3334,3335,3690,241,0,52,0,790,8,4,4,8
29,2,moe,696,38,9986,4821,4821,4774,322,0,69,0,728,8,3,5,8
29,3,moe,649,38,8924,4823,4823,3805,241,0,55,0,664,8,4,4,8
29,4,moe,683,40,6047,3250,3250,2534,162,0,101,0,592,8,5,3,8
29,5,moe,763,39,5957,3364,3364,2384,154,0,55,0,581,8,5,3,8
29,6,moe,703,40,13212,7109,7110,5636,353,0,113,0,701,8,2,6,8
29,7,moe,613,34,6004,3332,3332,2438,156,0,78,0,576,8,5,3,8
29,8,moe,695,38,10117,5867,5867,3938,249,0,63,0,582,8,3,5,8
29,9,moe,758,38,3603,1485,1485,1940,115,0,63,0,690,8,6,2,8
29,10,moe,696,36,5196,2527,2527,2443,154,0,72,0,578,8,5,3,8
29,11,moe,622,33,5171,2615,2615,2361,150,0,45,0,575,8,5,3,8
29,12,moe,695,36,2358,1225,1225,1029,58,0,46,0,692,8,7,1,8
29,13,moe,759,34,5074,2417,2417,2440,151,0,66,0,576,8,5,3,8
29,14,moe,701,40,3382,824,824,2369,151,0,38,0,579,8,5,3,8
29,15,moe,626,38,3684,1556,1556,1958,117,0,53,0,690,8,6,2,8
29,16,moe,692,35,4718,1962,1962,2531,159,0,66,0,560,8,5,3,8
29,17,moe,714,40,6502,2947,2947,3292,217,0,46,0,556,8,4,4,8
29,18,moe,686,34,7739,3653,3653,3790,230,0,66,0,688,8,4,4,8
29,19,moe,612,34,6014,3360,3360,2437,150,0,67,0,579,8,5,3,8
29,20,moe,692,34,5059,2488,2488,2370,158,0,43,0,580,8,5,3,8
29,21,moe,764,38,7042,2932,2932,3794,236,0,80,0,692,8,4,4,8
29,22,moe,763,37,4273,2420,2420,1687,106,0,60,0,580,8,6,2,8
29,23,moe,608,35,12482,7397,7397,4718,286,0,81,0,695,8,3,5,8
29,24,moe,753,35,7989,4012,4012,3682,238,0,57,0,691,8,4,4,8
29,25,moe,757,34,8061,4089,4090,3683,238,0,50,0,692,8,4,4,8
29,26,moe,625,37,9211,4264,4264,4593,297,0,57,0,691,8,3,5,8
29,-1,epi,0,0,0,0,0,0,0,0,5361,0,0,0,0,0,0
30,-2,pre,195,0,0,0,0,0,0,0,0,0,0,0,0,0,0
30,0,dense,1359,35,0,0,0,0,0,0,0,0,0,0,0,0,0
30,1,moe,774,31,11622,5696,5696,5528,342,0,56,0,697,8,2,6,8
30,2,moe,697,31,6585,3611,3612,2756,178,0,39,0,688,8,5,3,8
30,3,moe,625,30,11413,5483,5483,5509,356,0,65,0,696,8,2,6,8
30,4,moe,697,30,7264,3729,3731,3235,207,0,91,0,575,8,4,4,8
30,5,moe,755,32,2261,553,553,1576,106,0,26,0,578,8,6,2,8
30,6,moe,701,31,2317,1184,1184,1021,59,0,53,0,695,8,7,1,8
30,7,moe,621,29,5425,2774,2775,2435,149,0,66,0,578,8,5,3,8
30,8,moe,691,32,3080,1378,1378,1576,101,0,25,0,580,8,6,2,8
30,9,moe,760,31,4181,953,953,2979,180,0,69,0,647,8,5,3,8
30,10,moe,675,31,8170,2741,2741,5011,322,0,96,0,569,8,2,6,8
30,11,moe,626,30,5121,2548,2548,2365,157,0,51,0,580,8,5,3,8
30,12,moe,696,32,10057,4958,4958,4707,304,0,88,0,689,8,3,5,8
30,13,moe,758,40,5576,2089,2089,3216,200,0,71,0,579,8,4,4,8
30,14,moe,696,31,6687,2444,2444,3946,250,0,47,0,573,8,3,5,8
30,15,moe,624,30,6458,2368,2368,3783,236,0,71,0,693,8,4,4,8
30,16,moe,695,30,7324,3803,3803,3245,207,0,69,0,579,8,4,4,8
30,17,moe,755,32,7516,3257,3257,3956,257,0,46,0,575,8,3,5,8
30,18,moe,693,32,12299,5247,5247,6532,419,0,101,0,692,8,1,7,8
30,19,moe,619,29,13236,7994,7995,4841,308,0,92,0,575,8,2,6,8
30,20,moe,686,32,10541,4615,4615,5520,346,0,60,0,578,8,1,7,8
30,21,moe,752,31,8735,3629,3629,4732,295,0,79,0,686,8,3,5,8
30,22,moe,760,30,9273,4075,4075,4797,310,0,91,0,577,8,2,6,8
30,23,moe,616,30,9449,4389,4389,4689,287,0,84,0,684,8,3,5,8
30,24,moe,758,30,11852,4952,4952,6418,414,0,68,0,694,8,1,7,8
30,25,moe,758,31,8522,3591,3591,4587,294,0,50,0,694,8,3,5,8
30,26,moe,619,34,13476,6628,6628,6388,397,0,63,0,716,8,1,7,8
30,-1,epi,0,0,0,0,0,0,0,0,5653,0,0,0,0,0,0
31,-2,pre,222,0,0,0,0,0,0,0,0,0,0,0,0,0,0
31,0,dense,1421,36,0,0,0,0,0,0,0,0,0,0,0,0,0
31,1,moe,802,33,14732,7844,7844,6426,396,0,66,0,699,8,1,7,8
31,2,moe,695,31,13419,7506,7506,5503,344,1,65,0,699,8,2,6,8
31,3,moe,622,30,13582,6700,6702,6413,402,0,65,0,694,8,1,7,8
31,4,moe,697,36,7028,3507,3507,3237,200,1,83,0,578,8,4,4,8
31,5,moe,766,34,4378,1832,1832,2359,153,0,34,0,667,8,5,3,8
31,6,moe,686,31,8013,3896,3896,3779,246,0,92,0,792,8,4,4,8
31,7,moe,650,34,7258,3723,3723,3244,207,0,84,0,589,8,4,4,8
31,8,moe,714,34,7856,4452,4452,3160,198,0,46,0,583,8,4,4,8
31,9,moe,764,35,8407,3336,3336,4689,285,0,97,0,702,8,3,5,8
31,10,moe,691,33,10730,6366,6366,4022,249,0,93,0,576,8,3,5,8
31,11,moe,630,239,16272,10399,10399,5461,343,0,69,0,597,8,1,7,8
31,12,moe,704,35,6680,3621,3621,2816,172,0,71,0,709,8,5,3,8
31,13,moe,786,41,9192,4892,4892,3947,253,0,100,0,603,8,3,5,8
31,14,moe,713,35,6275,2915,2915,3100,206,0,54,0,598,8,4,4,8
31,15,moe,636,34,12388,6420,6420,5529,344,0,95,0,718,8,2,6,8
31,16,moe,710,34,9992,3226,3226,6263,399,0,104,0,595,8,0,8,8
31,17,moe,784,43,12229,6360,6361,5437,361,1,69,0,598,8,1,7,8
31,18,moe,710,38,12247,5344,5344,6403,397,0,103,0,713,8,1,7,8
31,19,moe,642,32,9293,4193,4193,4708,295,0,97,0,591,8,2,6,8
31,20,moe,720,56,7415,3238,3238,3875,243,0,59,0,632,8,3,5,8
31,21,moe,779,35,6219,2205,2205,3710,228,0,76,0,721,8,4,4,8
31,22,moe,776,35,7537,3252,3252,3949,248,0,88,0,603,8,3,5,8
31,23,moe,639,43,11766,5791,5791,5533,358,0,84,0,718,8,2,6,8
31,24,moe,774,34,12252,4497,4498,7208,471,0,75,0,724,8,0,8,8
31,25,moe,776,34,12874,6071,6071,6325,417,0,61,0,711,8,1,7,8
31,26,moe,633,34,12200,5404,5405,6311,420,0,64,0,720,8,1,7,8
31,-1,epi,0,0,0,0,0,0,0,0,5678,0,0,0,0,0,0
32,-2,pre,207,0,0,0,0,0,0,0,0,0,0,0,0,0,0
32,0,dense,1425,37,0,0,0,0,0,0,0,0,0,0,0,0,0
32,1,moe,804,41,9170,4309,4309,4511,296,0,54,0,728,8,3,5,8
32,2,moe,712,34,5731,2790,2791,2716,189,0,35,0,730,8,5,3,8
32,3,moe,640,33,10647,4809,4809,5427,348,0,63,0,718,8,2,6,8
32,4,moe,733,37,6248,2778,2778,3183,206,0,81,0,597,8,4,4,8
32,5,moe,784,35,4405,1883,1883,2335,153,0,34,0,599,8,5,3,8
32,6,moe,725,39,3923,1826,1826,1913,120,0,64,0,719,8,6,2,8
32,7,moe,637,34,5945,3294,3295,2412,154,0,84,0,605,8,5,3,8
32,8,moe,715,34,5017,2498,2498,2333,153,0,33,0,601,8,5,3,8
32,9,moe,785,36,4998,1920,1920,2829,172,0,77,0,722,8,5,3,8
32,10,moe,713,34,6345,2897,2897,3173,197,0,78,0,598,8,4,4,8
32,11,moe,641,33,7320,3140,3140,3882,245,0,53,0,601,8,3,5,8
32,12,moe,711,34,9558,5547,5547,3713,227,0,71,0,716,8,4,4,8
32,13,moe,784,33,6172,3543,3543,2402,149,0,78,0,596,8,5,3,8
32,14,moe,718,38,4993,2484,2484,2326,147,0,36,0,598,8,5,3,8
32,15,moe,641,33,7012,3007,3008,3701,227,0,76,0,718,8,4,4,8
32,16,moe,714,32,7378,3103,3103,3945,244,0,86,0,592,8,3,5,8
32,17,moe,789,34,7406,3243,3243,3865,247,0,51,0,604,8,3,5,8
32,18,moe,711,34,10552,4599,4599,5515,336,0,102,0,722,8,2,6,8
32,19,moe,635,33,12002,6905,6905,4714,291,0,92,0,601,8,2,6,8
32,20,moe,4752,38,5768,3252,3252,2328,155,0,33,0,592,8,5,3,8
32,21,moe,784,35,10120,5141,5141,4602,283,0,94,0,715,8,3,5,8
32,22,moe,778,33,10231,5134,5134,4714,295,0,88,0,600,8,2,6,8
32,23,moe,639,33,8998,4993,4993,3705,226,0,74,0,731,8,4,4,8
32,24,moe,778,33,7696,1887,1888,5408,339,0,61,0,721,8,2,6,8
32,25,moe,792,38,8366,3509,3509,4517,292,0,48,0,713,8,3,5,8
32,26,moe,639,34,7945,4073,4074,3601,226,0,44,0,716,8,4,4,8
32,-1,epi,0,0,0,0,0,0,0,0,5688,0,0,0,0,0,0
33,-2,pre,207,0,0,0,0,0,0,0,0,0,0,0,0,0,0
33,0,dense,1424,38,0,0,0,0,0,0,0,0,0,0,0,0,0
33,1,moe,806,38,9336,4481,4481,4512,292,0,51,0,731,8,3,5,8
33,2,moe,713,34,6613,3673,3674,2728,175,0,36,0,719,8,5,3,8
33,3,moe,638,34,4356,2400,2400,1805,119,0,32,0,735,8,6,2,8
33,4,moe,718,33,4087,2272,2272,1638,103,0,74,0,600,8,6,2,8
33,5,moe,789,34,3104,1408,1408,1561,109,0,26,0,641,8,6,2,8
33,6,moe,733,38,7284,4186,4186,2820,186,0,92,0,769,8,5,3,8
33,7,moe,712,39,1235,267,267,842,57,0,69,0,636,8,7,1,8
33,8,moe,729,36,4977,2469,2469,2322,146,0,40,0,617,8,5,3,8
33,9,moe,794,39,3802,1667,1667,1937,117,0,81,0,700,8,6,2,8
33,10,moe,701,36,7047,3509,3509,3237,207,0,94,0,587,8,4,4,8
33,11,moe,624,33,4275,1708,1708,2374,156,0,37,0,585,8,5,3,8
33,12,moe,699,36,8125,4024,4024,3779,236,0,86,0,701,8,4,4,8
33,13,moe,766,36,2348,540,541,1640,104,0,63,0,578,8,6,2,8
33,14,moe,699,34,6108,2708,2708,3148,200,0,52,0,594,8,4,4,8
33,15,moe,628,37,5392,1277,1277,3806,237,0,72,0,694,8,4,4,8
33,16,moe,701,34,4526,1865,1865,2428,153,0,80,0,582,8,5,3,8
33,17,moe,769,36,5880,2472,2472,3156,201,0,51,0,592,8,4,4,8
33,18,moe,708,37,5609,2507,2507,2860,174,0,68,0,689,8,5,3,8
33,19,moe,630,33,5465,2813,2813,2429,155,0,68,0,603,8,5,3,8
33,20,moe,721,34,10965,5120,5120,5423,357,0,65,0,609,8,1,7,8
33,21,moe,782,35,11299,6296,6296,4625,293,0,85,0,716,8,3,5,8
33,22,moe,791,38,3414,783,784,2408,149,0,73,0,602,8,5,3,8
33,23,moe,640,34,4623,2536,2536,1919,115,0,53,0,715,8,6,2,8
33,24,moe,794,37,1314,317,317,905,59,0,33,0,726,8,7,1,8
33,25,moe,787,34,4169,2218,2218,1804,118,0,29,0,729,8,6,2,8
33,26,moe,653,31,9,0,0,0,0,0,9,0,720,8,8,0,8
33,-1,epi,0,0,0,0,0,0,0,0,5793,0,0,0,0,0,0
34,-2,pre,222,0,0,0,0,0,0,0,0,0,0,0,0,0,0
34,0,dense,1436,41,0,0,0,0,0,0,0,0,0,0,0,0,0
34,1,moe,782,36,7598,2644,2644,4608,293,0,53,0,701,8,3,5,8
34,2,moe,729,42,6365,2407,2407,3676,239,0,43,0,704,8,4,4,8
34,3,moe,633,35,6651,2712,2712,3667,229,0,43,0,697,8,4,4,8
34,4,moe,707,33,4416,1749,1749,2437,151,1,78,0,583,8,5,3,8
34,5,moe,762,34,4016,2300,2300,1582,105,0,29,0,590,8,6,2,8
34,6,moe,704,35,5083,1960,1960,2865,181,0,77,0,700,8,5,3,8
34,7,moe,622,33,4309,1636,1636,2444,149,0,80,0,582,8,5,3,8
34,8,moe,692,208,1156,292,292,796,51,0,17,0,584,8,7,1,8
34,9,moe,763,34,10,0,0,0,0,0,10,0,692,8,8,0,8
34,10,moe,702,52,2674,958,958,1577,105,0,34,0,583,8,6,2,8
34,11,moe,619,35,5640,2235,2235,3154,206,0,45,0,587,8,4,4,8
34,12,moe,706,43,7110,2013,2013,4707,297,0,93,0,770,8,3,5,8
34,13,moe,787,38,1261,289,289,868,51,0,53,0,574,8,7,1,8
34,14,moe,708,38,6923,3519,3519,3160,202,0,42,0,571,8,4,4,8
34,15,moe,623,36,4999,1893,1893,2855,179,0,72,0,694,8,5,3,8
34,16,moe,700,33,6772,3259,3259,3225,206,0,82,0,579,8,4,4,8
34,17,moe,762,34,8303,4051,4051,3945,259,0,48,0,585,8,3,5,8
34,18,moe,699,35,8119,3046,3047,4690,289,0,93,0,691,8,3,5,8
34,19,moe,626,33,6916,3398,3398,3230,207,0,81,0,578,8,4,4,8
34,20,moe,693,36,5043,2462,2462,2383,162,0,36,0,579,8,5,3,8
34,21,moe,756,36,7276,3142,3142,3816,238,0,80,0,697,8,4,4,8
34,22,moe,767,37,6294,2773,2774,3238,198,0,84,0,578,8,4,4,8
34,23,moe,621,32,4486,2393,2393,1926,117,0,50,0,689,8,6,2,8
34,24,moe,760,33,8592,3659,3659,4592,288,0,53,0,696,8,3,5,8
34,25,moe,763,37,5717,2758,2758,2751,173,0,35,0,696,8,5,3,8
34,26,moe,617,32,7102,3104,3104,3665,286,0,47,0,705,8,4,4,8
34,-1,epi,0,0,0,0,0,0,0,0,5405,0,0,0,0,0,0
35,-2,pre,236,0,0,0,0,0,0,0,0,0,0,0,0,0,0
35,0,dense,1375,40,0,0,0,0,0,0,0,0,0,0,0,0,0
35,1,moe,778,35,8551,3579,3580,4613,298,0,60,0,698,8,3,5,8
35,2,moe,697,42,8402,4417,4418,3701,234,1,48,0,710,8,4,4,8
35,3,moe,624,36,6593,3624,3625,2755,172,0,41,0,710,8,5,3,8
35,4,moe,700,35,5278,2588,2588,2459,149,0,82,0,575,8,5,3,8
35,5,moe,761,46,3125,1420,1420,1574,102,0,29,0,585,8,6,2,8
35,6,moe,709,40,2368,1218,1218,1041,58,0,51,0,695,8,7,1,8
35,7,moe,625,34,2372,543,543,1659,103,0,67,0,581,8,6,2,8
35,8,moe,694,33,2251,553,553,1572,101,0,25,0,577,8,6,2,8
35,9,moe,770,37,6069,2834,2834,2981,185,0,69,0,653,8,5,3,8
35,10,moe,666,36,8142,4497,4498,3337,212,0,95,0,603,8,4,4,8
35,11,moe,621,33,3913,2198,2198,1580,104,0,31,0,582,8,6,2,8
35,12,moe,706,37,6492,2387,2387,3793,236,0,76,0,695,8,4,4,8
35,13,moe,762,36,3241,1425,1425,1651,101,0,64,0,584,8,6,2,8
35,14,moe,700,34,7424,3186,3186,3941,248,0,49,0,586,8,3,5,8
35,15,moe,619,34,5185,2079,2079,2866,173,0,67,0,690,8,5,3,8
35,16,moe,697,44,5230,2578,2578,2428,151,0,73,0,597,8,5,3,8
35,17,moe,763,36,6277,2877,2877,3157,200,0,43,0,585,8,4,4,8
35,18,moe,693,35,6843,2756,2758,3777,231,0,77,0,704,8,4,4,8
35,19,moe,629,43,7524,4023,4023,3227,200,0,74,0,582,8,4,4,8
35,20,moe,702,42,7936,3692,3692,3948,248,0,48,0,579,8,3,5,8
35,21,moe,766,34,2732,610,610,1947,117,0,58,0,701,8,6,2,8
35,22,moe,770,32,7466,3129,3129,4008,250,0,79,0,582,8,3,5,8
35,23,moe,630,30,10101,5053,5053,4682,285,0,81,0,690,8,3,5,8
35,24,moe,764,32,9797,6843,6843,2748,173,0,33,0,690,8,5,3,8
35,25,moe,764,37,7864,3880,3880,3668,262,0,54,0,716,8,4,4,8
35,26,moe,632,30,15659,7748,7748,7350,479,0,82,0,705,8,0,8,8
35,-1,epi,0,0,0,0,0,0,0,0,5442,0,0,0,0,0,0
36,-2,pre,219,0,0,0,0,0,0,0,0,0,0,0,0,0,0
36,0,dense,1365,34,0,0,0,0,0,0,0,0,0,0,0,0,0
36,1,moe,779,30,12673,5495,5495,6683,424,0,71,0,664,8,1,7,8
36,2,moe,672,34,2281,1245,1245,952,61,0,23,0,646,8,7,1,8
36,3,moe,614,38,7991,3883,3883,3824,238,0,46,0,652,8,4,4,8
36,4,moe,672,31,3337,1437,1438,1721,105,0,73,0,561,8,6,2,8
36,5,moe,713,46,4030,2318,2318,1579,102,0,31,0,579,8,6,2,8
36,6,moe,696,31,3624,1498,1498,1944,116,0,66,0,690,8,6,2,8
36,7,moe,626,33,6355,2850,2850,3213,199,0,93,0,573,8,4,4,8
36,8,moe,698,29,9,0,0,0,0,0,9,0,568,8,8,0,8
36,9,moe,767,28,4503,2384,2384,1936,118,0,65,0,701,8,6,2,8
36,10,moe,700,29,4245,2361,2361,1713,105,0,66,0,560,8,6,2,8
36,11,moe,601,27,1144,257,257,819,52,0,16,0,561,8,7,1,8
36,12,moe,663,29,8182,3956,3956,3915,237,0,74,0,658,8,4,4,8
36,13,moe,715,30,3301,1374,1374,1747,108,0,72,0,560,8,6,2,8
36,14,moe,667,31,6144,3489,3489,2460,158,1,36,0,555,8,5,3,8
36,15,moe,590,29,5752,2628,2628,2881,175,0,68,0,689,8,5,3,8
36,16,moe,700,28,4507,1833,1833,2444,151,0,79,0,593,8,5,3,8
36,17,moe,756,28,7399,3122,3123,3964,258,0,54,0,579,8,3,5,8
36,18,moe,696,30,5857,2744,2744,2860,177,0,76,0,690,8,5,3,8
36,19,moe,620,29,8103,4585,4586,3230,201,0,86,0,573,8,4,4,8
36,20,moe,698,29,7283,3889,3890,3153,199,0,41,0,574,8,4,4,8
36,21,moe,762,29,7183,3116,3116,3751,232,0,84,0,692,8,4,4,8
36,22,moe,755,31,10044,5685,5685,4016,252,0,91,0,582,8,3,5,8
36,23,moe,624,27,8943,4856,4858,3771,230,0,84,0,692,8,4,4,8
36,24,moe,756,30,8029,4081,4082,3674,230,0,43,0,696,8,4,4,8
36,25,moe,760,29,10127,5206,5207,4579,286,0,55,0,695,8,3,5,8
36,26,moe,629,28,4998,1840,1840,2758,367,0,33,0,688,8,5,3,8
36,-1,epi,0,0,0,0,0,0,0,0,5391,0,0,0,0,0,0
37,-2,pre,216,0,0,0,0,0,0,0,0,0,0,0,0,0,0
37,0,dense,1362,35,0,0,0,0,0,0,0,0,0,0,0,0,0
37,1,moe,790,35,6379,2419,2419,3679,239,0,42,0,695,8,4,4,8
37,2,moe,673,32,6114,3021,3021,2869,187,0,37,0,652,8,5,3,8
37,3,moe,610,30,5870,2772,2773,2870,187,0,40,0,693,8,5,3,8
37,4,moe,693,29,6389,2871,2871,3227,200,0,91,0,582,8,4,4,8
37,5,moe,765,29,5972,3401,3401,2385,152,1,33,0,578,8,5,3,8
37,6,moe,729,33,10,0,0,0,0,0,10,0,688,8,8,0,8
37,7,moe,624,32,5636,3918,3918,1579,106,0,33,0,579,8,6,2,8
37,8,moe,700,35,7911,5352,5352,2367,155,0,37,0,583,8,5,3,8
37,9,moe,760,34,3965,1817,1817,1955,122,0,71,0,692,8,6,2,8
37,10,moe,698,33,2118,1132,1133,877,54,0,54,0,580,8,7,1,8
37,11,moe,652,32,6085,2677,2677,3162,200,0,46,0,584,8,4,4,8
37,12,moe,698,32,7568,3457,3457,3801,229,0,81,0,691,8,4,4,8
37,13,moe,758,33,3273,1465,1465,1648,100,0,60,0,577,8,6,2,8
37,14,moe,695,33,4989,2437,2437,2372,148,0,32,0,577,8,5,3,8
37,15,moe,626,31,7228,3130,3131,3797,228,0,72,0,690,8,4,4,8
37,16,moe,700,36,7280,3771,3771,3232,200,0,77,0,575,8,4,4,8
37,17,moe,756,37,8851,4614,4614,3941,249,0,47,0,579,8,3,5,8
37,18,moe,689,34,3660,1546,1546,1940,117,0,57,0,689,8,6,2,8
37,19,moe,629,33,6212,2682,2685,3244,198,0,85,0,580,8,4,4,8
37,20,moe,692,34,1758,898,898,790,51,0,19,0,574,8,7,1,8
37,21,moe,754,35,3701,1587,1587,1945,116,0,53,0,687,8,6,2,8
37,22,moe,763,69,5198,2534,2535,2436,149,0,78,0,577,8,5,3,8
37,23,moe,620,34,8352,4252,4252,3787,238,1,74,0,701,8,4,4,8
37,24,moe,762,35,13002,7079,7079,5507,356,0,60,0,701,8,2,6,8
37,25,moe,757,34,11039,6093,6094,4599,296,0,50,0,697,8,3,5,8
37,26,moe,618,33,12568,6473,6473,5509,525,0,61,0,693,8,2,6,8
37,-1,epi,0,0,0,0,0,0,0,0,5373,0,0,0,0,0,0
38,-2,pre,212,0,0,0,0,0,0,0,0,0,0,0,0,0,0
38,0,dense,1343,39,0,0,0,0,0,0,0,0,0,0,0,0,0
38,1,moe,776,35,7975,3985,3986,3710,234,0,45,0,646,8,4,4,8
38,2,moe,668,37,9,0,0,0,0,0,9,0,638,8,8,0,8
38,3,moe,591,33,6007,2920,2920,2864,185,0,38,0,657,8,5,3,8
38,4,moe,660,35,2190,1167,1167,901,56,0,66,0,555,8,7,1,8
38,5,moe,711,36,2044,1147,1148,822,53,0,21,0,558,8,7,1,8
38,6,moe,671,37,2341,1175,1175,1048,62,0,56,0,648,8,7,1,8
38,7,moe,594,35,8,0,0,0,0,0,8,0,554,8,8,0,8
38,8,moe,670,33,3345,1442,1442,1724,106,0,73,0,561,8,6,2,8
38,9,moe,715,35,1454,314,314,1035,61,0,44,0,652,8,7,1,8
38,10,moe,661,43,5014,4024,4024,882,56,0,52,0,556,8,7,1,8
38,11,moe,605,35,6243,3582,3582,2464,163,0,34,0,556,8,5,3,8
38,12,moe,668,35,9,0,0,0,0,0,9,0,646,8,8,0,8
38,13,moe,736,35,8,0,0,0,0,0,8,0,548,8,8,0,8
38,14,moe,659,35,2062,1157,1157,826,55,0,24,0,565,8,7,1,8
38,15,moe,608,36,6079,2829,2829,2996,179,0,75,0,644,8,5,3,8
38,16,moe,660,35,7227,3564,3564,3349,215,0,99,0,563,8,4,4,8
38,17,moe,704,35,5578,2034,2034,3282,214,0,48,0,567,8,4,4,8
38,18,moe,665,35,9,0,0,0,0,0,9,0,635,8,8,0,8
38,19,moe,589,32,4007,2227,2227,1643,109,0,28,0,559,8,6,2,8
38,20,moe,658,36,5803,3126,3126,2468,167,0,42,0,656,8,5,3,8
38,21,moe,722,39,8405,4163,4163,3909,254,0,79,0,655,8,4,4,8
38,22,moe,728,37,4473,1706,1707,2527,157,0,82,0,562,8,5,3,8
38,23,moe,605,34,10323,5055,5055,4883,296,0,89,0,650,8,3,5,8
38,24,moe,708,37,7977,3888,3888,3804,237,0,48,0,698,8,4,4,8
38,25,moe,761,42,3486,1507,1507,1834,115,0,30,0,692,8,6,2,8
38,26,moe,641,39,8099,3911,3911,3709,434,0,45,0,669,8,4,4,8
38,-1,epi,0,0,0,0,0,0,0,0,4443,0,0,0,0,0,0
39,-2,pre,213,0,0,0,0,0,0,0,0,0,0,0,0,0,0
39,0,dense,1240,41,0,0,0,0,0,0,0,0,0,0,0,0,0
39,1,moe,711,36,4561,2495,2495,1907,125,0,34,0,646,8,6,2,8
39,2,moe,666,36,8882,4775,4775,3815,249,0,43,0,647,8,4,4,8
39,3,moe,602,34,8091,3972,3972,3825,250,0,44,0,648,8,4,4,8
39,4,moe,667,35,8003,4346,4346,3359,215,0,83,0,560,8,4,4,8
39,5,moe,710,35,1174,277,278,820,56,0,20,0,566,8,7,1,8
39,6,moe,668,39,1525,316,316,1092,62,0,55,0,645,8,7,1,8
39,7,moe,595,34,6400,3644,3644,2526,157,0,73,0,567,8,5,3,8
39,8,moe,665,35,5128,2484,2486,2452,156,0,34,0,557,8,5,3,8
39,9,moe,711,35,9532,4420,4420,4737,290,0,85,0,695,8,3,5,8
39,10,moe,692,33,3267,1453,1453,1647,101,0,66,0,574,8,6,2,8
39,11,moe,615,32,6857,3472,3472,3140,202,0,43,0,578,8,4,4,8
39,12,moe,693,35,6618,3497,3497,2876,174,0,71,0,693,8,5,3,8
39,13,moe,754,35,3561,873,873,2460,155,0,73,0,580,8,5,3,8
39,14,moe,692,34,4540,3679,3679,789,51,0,21,0,576,8,7,1,8
39,15,moe,616,33,11993,5900,5900,5644,352,0,97,0,690,8,2,6,8
39,16,moe,696,33,6026,3363,3363,2440,150,0,73,0,582,8,5,3,8
39,17,moe,764,38,6944,3544,3544,3153,199,0,48,0,587,8,4,4,8
39,18,moe,697,35,6146,2021,2021,3807,232,0,86,0,695,8,4,4,8
39,19,moe,626,37,8711,4359,4359,4000,251,0,101,0,576,8,3,5,8
39,20,moe,692,35,7444,4052,4053,3151,200,0,40,0,607,8,4,4,8
39,21,moe,756,34,9455,4361,4361,4714,286,0,94,0,692,8,3,5,8
39,22,moe,760,35,8389,3984,3985,4053,248,1,102,0,585,8,3,5,8
39,23,moe,620,35,13182,7117,7118,5619,343,0,102,0,693,8,2,6,8
39,24,moe,761,36,11433,5528,5529,5497,344,0,63,0,709,8,2,6,8
39,25,moe,762,39,13612,6719,6719,6419,411,0,63,0,702,8,1,7,8
39,26,moe,688,36,7893,3947,3947,3666,228,0,52,0,721,8,4,4,8
39,-1,epi,0,0,0,0,0,0,0,0,5357,0,0,0,0,0,0
40,-2,pre,215,0,0,0,0,0,0,0,0,0,0,0,0,0,0
40,0,dense,1351,43,0,0,0,0,0,0,0,0,0,0,0,0,0
40,1,moe,774,36,4466,2464,2464,1850,120,0,32,0,695,8,6,2,8
40,2,moe,714,38,4517,2526,2526,1843,120,0,28,0,691,8,6,2,8
40,3,moe,700,34,15924,9989,9989,5525,341,0,69,0,701,8,2,6,8
40,4,moe,702,37,6143,3429,3429,2481,151,0,82,0,577,8,5,3,8
40,5,moe,757,38,4308,1767,1767,2355,152,0,34,0,573,8,5,3,8
40,6,moe,703,36,3652,1535,1535,1934,117,0,66,0,698,8,6,2,8
40,7,moe,621,48,10341,6819,6819,3230,202,1,89,0,586,8,4,4,8
40,8,moe,696,38,2117,1253,1253,789,52,0,23,0,571,8,7,1,8
40,9,moe,764,36,2400,1239,1239,1047,61,0,53,0,691,8,7,1,8
40,10,moe,697,35,7130,3579,3581,3255,208,0,86,0,581,8,4,4,8
40,11,moe,632,36,3990,2286,2286,1575,102,0,27,0,580,8,6,2,8
40,12,moe,704,35,2306,1163,1163,1033,57,0,53,0,688,8,7,1,8
40,13,moe,756,34,7748,4252,4252,3214,203,0,79,0,587,8,4,4,8
40,14,moe,697,33,5918,3371,3371,2362,151,0,34,0,581,8,5,3,8
40,15,moe,624,32,7973,3875,3875,3791,229,0,78,0,691,8,4,4,8
40,16,moe,700,38,4452,1779,1779,2444,158,0,71,0,576,8,5,3,8
40,17,moe,768,36,3182,1446,1446,1588,105,0,43,0,584,8,6,2,8
40,18,moe,693,34,8039,3957,3957,3772,227,0,83,0,691,8,4,4,8
40,19,moe,622,32,5061,2414,2414,2423,153,0,71,0,571,8,5,3,8
40,20,moe,697,34,7914,4518,4518,3153,197,0,46,0,575,8,4,4,8
40,21,moe,757,34,6788,3701,3701,2848,173,0,66,0,688,8,5,3,8
40,22,moe,759,33,3988,2168,2168,1656,101,0,63,0,573,8,6,2,8
40,23,moe,613,32,11009,5940,5940,4702,286,0,81,0,689,8,3,5,8
40,24,moe,752,33,8643,4695,4695,3676,228,0,44,0,695,8,4,4,8
40,25,moe,754,33,8709,3787,3787,4583,285,0,54,0,697,8,3,5,8
40,26,moe,616,32,8486,3436,3436,4579,412,1,58,0,690,8,3,5,8
40,-1,epi,0,0,0,0,0,0,0,0,5377,0,0,0,0,0,0
41,-2,pre,40,0,0,0,0,0,0,0,0,0,0,0,0,0,0
41,0,dense,1391,35,0,0,0,0,0,0,0,0,0,0,0,0,0
41,1,moe,775,34,5755,2790,2790,2753,174,0,38,0,692,8,5,3,8
41,2,moe,697,37,7104,3104,3105,3691,261,0,47,0,788,8,4,4,8
41,3,moe,654,37,6659,3644,3645,2772,199,1,42,0,718,8,5,3,8
41,4,moe,712,42,6265,3462,3462,2547,165,0,91,0,572,8,5,3,8
41,5,moe,714,72,7348,3814,3815,3279,208,0,46,0,579,8,4,4,8
41,6,moe,682,40,6219,2961,2962,2994,178,0,85,0,650,8,5,3,8
41,7,moe,604,39,9,0,0,0,0,0,9,0,547,8,8,0,8
41,8,moe,664,37,11,0,0,0,0,0,11,0,546,8,8,0,8
41,9,moe,711,35,1381,342,342,953,66,0,20,0,648,8,7,1,8
41,10,moe,670,35,5305,2520,2520,2549,156,0,80,0,578,8,5,3,8
41,11,moe,591,35,3418,1651,1651,1635,102,0,30,0,565,8,6,2,8
41,12,moe,671,35,9,0,0,0,0,0,9,0,638,8,8,0,8
41,13,moe,717,35,3985,2217,2217,1632,105,0,31,0,560,8,6,2,8
41,14,moe,659,36,7138,3596,3596,3285,207,0,50,0,567,8,4,4,8
41,15,moe,594,34,1528,312,312,1097,62,0,57,0,647,8,7,1,8
41,16,moe,668,36,6291,3524,3524,2536,156,0,75,0,556,8,5,3,8
41,17,moe,718,30,9,0,0,0,0,0,9,0,558,8,8,0,8
41,18,moe,662,34,1534,329,329,1087,64,0,54,0,649,8,7,1,8
41,19,moe,597,31,3328,1421,1421,1734,108,0,65,0,563,8,6,2,8
41,20,moe,669,32,4284,2494,2494,1654,109,0,27,0,561,8,6,2,8
41,21,moe,6357,34,4523,2309,2309,2022,124,1,67,0,644,8,6,2,8
41,22,moe,710,33,2120,1113,1114,891,55,0,60,0,561,8,7,1,8
41,23,moe,594,31,6710,3494,3494,2961,180,0,75,0,643,8,5,3,8
41,24,moe,704,32,5808,2722,2722,2869,181,0,36,0,651,8,5,3,8
41,25,moe,706,33,9030,5948,5948,2858,181,0,43,0,654,8,5,3,8
41,26,moe,607,30,4626,2644,2645,1835,118,0,28,0,690,8,6,2,8
41,-1,epi,0,0,0,0,0,0,0,0,5364,0,0,0,0,0,0
42,-2,pre,209,0,0,0,0,0,0,0,0,0,0,0,0,0,0
42,0,dense,1355,36,0,0,0,0,0,0,0,0,0,0,0,0,0
42,1,moe,773,33,8034,3935,3935,3813,241,0,45,0,666,8,4,4,8
42,2,moe,663,31,9084,4971,4971,3818,252,0,43,0,652,8,4,4,8
42,3,moe,600,31,5773,2696,2696,2859,181,0,37,0,646,8,5,3,8
42,4,moe,669,33,9498,4951,4951,4170,268,0,109,0,559,8,3,5,8
42,5,moe,716,31,9800,5553,5553,3949,247,0,51,0,577,8,3,5,8
42,6,moe,696,30,4685,2556,2556,1947,116,0,66,0,691,8,6,2,8
42,7,moe,623,29,7938,4405,4405,3238,200,0,95,0,582,8,4,4,8
42,8,moe,706,30,7662,4262,4262,3155,199,0,46,0,577,8,4,4,8
42,9,moe,772,35,6827,3698,3698,2887,172,0,70,0,688,8,5,3,8
42,10,moe,695,33,5302,2625,2625,2455,149,0,73,0,583,8,5,3,8
42,11,moe,659,29,5844,3297,3297,2364,151,0,32,0,594,8,5,3,8
42,12,moe,699,30,5841,2733,2733,2867,174,0,67,0,708,8,5,3,8
42,13,moe,759,34,3989,2175,2175,1650,101,0,63,0,581,8,6,2,8
42,14,moe,693,31,7713,4321,4322,3147,200,0,44,0,577,8,4,4,8
42,15,moe,624,30,7252,3142,3142,3799,231,0,80,0,694,8,4,4,8
42,16,moe,692,31,4092,2255,2255,1659,101,0,77,0,582,8,6,2,8
42,17,moe,756,33,6996,3596,3596,3152,200,0,48,0,577,8,4,4,8
42,18,moe,693,35,6751,3624,3624,2882,173,0,72,0,692,8,5,3,8
42,19,moe,627,29,6897,3393,3393,3223,203,0,78,0,580,8,4,4,8
42,20,moe,690,30,3922,2219,2219,1575,100,0,28,0,579,8,6,2,8
42,21,moe,759,30,3707,1589,1589,1942,115,0,61,0,695,8,6,2,8
42,22,moe,764,31,6074,3419,3419,2432,150,0,73,0,574,8,5,3,8
42,23,moe,625,28,7592,5453,5453,1960,119,0,60,0,691,8,6,2,8
42,24,moe,759,31,1314,320,320,917,59,0,18,0,699,8,7,1,8
42,25,moe,766,30,7164,3224,3224,3665,229,0,46,0,694,8,4,4,8
42,26,moe,626,30,2595,605,605,1844,119,0,27,0,690,8,6,2,8
42,-1,epi,0,0,0,0,0,0,0,0,5406,0,0,0,0,0,0
43,-2,pre,992,0,0,0,0,0,0,0,0,0,0,0,0,0,0
43,0,dense,1347,39,0,0,0,0,0,0,0,0,0,0,0,0,0
43,1,moe,775,35,8494,5388,5388,2869,187,0,50,0,646,8,5,3,8
43,2,moe,670,39,2407,1365,1366,955,63,0,23,0,647,8,7,1,8
43,3,moe,596,34,2306,1262,1262,960,65,0,19,0,684,8,7,1,8
43,4,moe,667,35,5619,2837,2837,2537,159,0,86,0,557,8,5,3,8
43,5,moe,714,35,10,0,0,0,0,0,10,0,552,8,8,0,8
43,6,moe,660,36,6280,3054,3054,2963,183,0,80,0,649,8,5,3,8
43,7,moe,602,33,6113,3339,3339,2539,157,0,78,0,563,8,5,3,8
43,8,moe,669,34,2011,1122,1122,816,54,0,19,0,550,8,7,1,8
43,9,moe,706,34,4788,2574,2575,2029,119,0,65,0,646,8,6,2,8
43,10,moe,658,34,4100,2217,2217,1712,106,0,65,0,555,8,6,2,8
43,11,moe,598,34,3133,1365,1365,1634,106,0,28,0,559,8,6,2,8
43,12,moe,666,35,9597,5341,5341,3934,236,0,86,0,686,8,4,4,8
43,13,moe,756,35,2151,1183,1183,865,52,0,51,0,572,8,7,1,8
43,14,moe,697,34,2015,1154,1154,791,52,0,18,0,573,8,7,1,8
43,15,moe,631,33,3640,1520,1520,1944,115,0,61,0,723,8,6,2,8
43,16,moe,688,35,5623,2852,2852,2527,158,0,86,0,557,8,5,3,8
43,17,moe,708,33,7900,4413,4413,3235,204,0,48,0,577,8,4,4,8
43,18,moe,692,33,8,0,0,0,0,0,8,0,683,8,8,0,8
43,19,moe,620,37,3345,1627,1627,1584,105,0,29,0,580,8,6,2,8
43,20,moe,699,34,3146,1436,1436,1577,105,1,27,0,574,8,6,2,8
43,21,moe,765,34,4039,1826,1826,2018,126,0,69,0,642,8,6,2,8
43,22,moe,711,34,2094,1090,1090,895,56,0,53,0,555,8,7,1,8
43,23,moe,588,37,6796,3603,3603,2937,183,0,73,0,699,8,5,3,8
43,24,moe,759,36,5665,2700,2700,2751,180,0,34,0,693,8,5,3,8
43,25,moe,758,34,3525,1542,1542,1835,120,0,28,0,669,8,6,2,8
43,26,moe,616,34,2261,1221,1221,955,63,0,22,0,641,8,7,1,8
43,-1,epi,0,0,0,0,0,0,0,0,4476,0,0,0,0,0,0
44,-2,pre,196,0,0,0,0,0,0,0,0,0,0,0,0,0,0
44,0,dense,1234,38,0,0,0,0,0,0,0,0,0,0,0,0,0
44,1,moe,710,39,2277,1236,1236,958,62,0,21,0,646,8,7,1,8
44,2,moe,669,35,3575,1519,1519,1905,121,0,30,0,653,8,6,2,8
44,3,moe,602,33,7163,4019,4019,2875,198,0,71,0,787,8,5,3,8
44,4,moe,667,48,8191,4477,4477,3353,230,1,130,0,613,8,4,4,8
44,5,moe,720,37,7161,3624,3624,3270,210,0,57,0,567,8,4,4,8
44,6,moe,669,39,2380,1187,1187,1074,61,0,58,0,657,8,7,1,8
44,7,moe,604,34,6044,3296,3296,2521,157,0,70,0,564,8,5,3,8
44,8,moe,667,38,4059,2281,2281,1639,106,0,33,0,561,8,6,2,8
44,9,moe,712,40,2480,1278,1278,1082,61,0,59,0,654,8,7,1,8
44,10,moe,667,36,5366,2591,2591,2534,157,0,84,0,564,8,5,3,8
44,11,moe,599,35,5912,3258,3258,2452,158,0,44,0,558,8,5,3,8
44,12,moe,671,36,6853,3625,3625,2973,180,0,75,0,660,8,5,3,8
44,13,moe,706,36,6181,3396,3396,2548,157,0,80,0,560,8,5,3,8
44,14,moe,675,40,9143,4723,4724,4087,260,0,72,0,564,8,3,5,8
44,15,moe,608,34,6051,2820,2820,2961,187,0,83,0,657,8,5,3,8
44,16,moe,658,37,4582,1797,1797,2541,162,0,82,0,554,8,5,3,8
44,17,moe,703,36,6361,2818,2818,3283,208,0,52,0,564,8,4,4,8
44,18,moe,665,38,3937,1682,1682,2060,125,0,70,0,650,8,6,2,8
44,19,moe,594,52,8294,4626,4626,3363,213,0,92,0,560,8,4,4,8
44,20,moe,661,35,2030,1137,1137,818,53,0,22,0,557,8,7,1,8
44,21,moe,710,34,14676,7615,7615,6540,402,0,119,0,694,8,1,7,8
44,22,moe,763,36,8963,4569,4570,4018,259,0,116,0,577,8,3,5,8
44,23,moe,623,35,11691,5589,5589,5644,353,0,105,0,701,8,2,6,8
44,24,moe,761,36,7796,3854,3854,3661,229,0,52,0,693,8,4,4,8
44,25,moe,759,32,10911,5977,5978,4585,290,0,58,0,699,8,3,5,8
44,26,moe,628,37,10897,5948,5948,4578,315,0,56,0,696,8,3,5,8
44,-1,epi,0,0,0,0,0,0,0,0,5357,0,0,0,0,0,0
45,-2,pre,2345,0,0,0,0,0,0,0,0,0,0,0,0,0,0
45,0,dense,1349,41,0,0,0,0,0,0,0,0,0,0,0,0,0
45,1,moe,776,35,9,0,0,0,0,0,9,0,700,8,8,0,8
45,2,moe,705,34,3698,1723,1723,1827,116,0,32,0,668,8,6,2,8
45,3,moe,607,34,2396,1363,1363,950,62,0,21,0,643,8,7,1,8
45,4,moe,668,34,4404,2487,2487,1719,107,0,91,0,557,8,6,2,8
45,5,moe,710,37,3214,1440,1440,1640,104,0,30,0,562,8,6,2,8
45,6,moe,664,35,4704,2464,2464,2033,121,0,86,0,650,8,6,2,8
45,7,moe,591,40,1299,280,280,912,54,0,53,0,554,8,7,1,8
45,8,moe,669,35,3207,1433,1433,1638,104,0,32,0,556,8,6,2,8
45,9,moe,709,35,4609,2404,2404,2019,119,0,67,0,645,8,6,2,8
45,10,moe,671,34,9,0,0,0,0,0,9,0,556,8,8,0,8
45,11,moe,582,33,4308,2406,2406,1721,106,0,75,0,557,8,6,2,8
45,12,moe,667,35,7296,3058,3058,3912,240,0,86,0,645,8,4,4,8
45,13,moe,702,35,4271,2398,2398,1696,104,0,73,0,552,8,6,2,8
45,14,moe,665,33,4022,2245,2245,1636,105,0,36,0,565,8,6,2,8
45,15,moe,594,33,2348,1178,1178,1059,60,1,50,0,640,8,7,1,8
45,16,moe,677,35,5302,2528,2529,2533,157,0,83,0,560,8,5,3,8
45,17,moe,701,36,3921,2142,2142,1643,104,0,32,0,553,8,6,2,8
45,18,moe,659,34,3756,1570,1570,2002,121,0,63,0,642,8,6,2,8
45,19,moe,597,33,5361,2595,2595,2527,156,0,83,0,566,8,5,3,8
45,20,moe,668,38,7777,4367,4367,3154,202,0,54,0,577,8,4,4,8
45,21,moe,756,42,4583,2456,2456,1946,116,0,65,0,695,8,6,2,8
45,22,moe,753,33,5487,1961,1961,3242,201,0,83,0,587,8,4,4,8
45,23,moe,619,34,10887,5784,5784,4714,297,0,92,0,691,8,3,5,8
45,24,moe,760,34,5765,2803,2803,2748,173,0,41,0,695,8,5,3,8
45,25,moe,757,34,9450,4526,4526,4579,288,0,57,0,697,8,3,5,8
45,26,moe,626,32,8046,4108,4108,3663,228,0,47,0,699,8,4,4,8
45,-1,epi,0,0,0,0,0,0,0,0,5375,0,0,0,0,0,0
46,-2,pre,46,0,0,0,0,0,0,0,0,0,0,0,0,0,0
46,0,dense,1391,40,0,0,0,0,0,0,0,0,0,0,0,0,0
46,1,moe,776,36,5691,3633,3633,1902,121,0,35,0,648,8,6,2,8
46,2,moe,678,36,8892,4787,4788,3809,239,0,56,0,643,8,4,4,8
46,3,moe,611,33,4500,2443,2443,1903,120,0,34,0,643,8,6,2,8
46,4,moe,677,38,9709,5321,5322,4025,250,0,112,0,575,8,3,5,8
46,5,moe,755,35,5896,3339,3339,2367,152,0,38,0,572,8,5,3,8
46,6,moe,693,33,6693,3564,3564,2878,173,0,78,0,692,8,5,3,8
46,7,moe,620,32,2074,1089,1089,878,51,0,56,0,576,8,7,1,8
46,8,moe,698,54,6931,3518,3518,3156,200,0,57,0,579,8,4,4,8
46,9,moe,758,35,7976,3876,3876,3782,231,0,87,0,696,8,4,4,8
46,10,moe,701,35,6053,3374,3374,2448,151,0,80,0,578,8,5,3,8
46,11,moe,611,34,5958,3393,3394,2364,150,0,50,0,582,8,5,3,8
46,12,moe,712,35,4521,2395,2395,1942,117,1,66,0,707,8,6,2,8
46,13,moe,755,34,3198,1367,1367,1660,103,0,68,0,573,8,6,2,8
46,14,moe,702,33,5981,3327,3327,2455,157,0,42,0,558,8,5,3,8
46,15,moe,606,33,4677,2436,2436,2045,124,0,72,0,651,8,6,2,8
46,16,moe,665,37,4470,1768,1768,2466,155,0,81,0,576,8,5,3,8
46,17,moe,762,36,3156,1430,1430,1591,102,0,33,0,580,8,6,2,8
46,18,moe,699,35,2420,1282,1282,1022,61,0,55,0,690,8,7,1,8
46,19,moe,622,34,10,0,0,0,0,0,10,0,572,8,8,0,8
46,20,moe,699,36,9,0,0,0,0,0,9,0,567,8,8,0,8
46,21,moe,715,35,9,0,0,0,0,0,9,0,640,8,8,0,8
46,22,moe,708,34,5443,4395,4395,918,54,0,76,0,558,8,7,1,8
46,23,moe,597,34,6109,2867,2867,2984,186,0,72,0,651,8,5,3,8
46,24,moe,703,34,10,0,0,0,0,0,10,0,640,8,8,0,8
46,25,moe,710,34,2305,1266,1266,954,62,1,22,0,646,8,7,1,8
46,26,moe,606,37,7013,3901,3901,2871,197,0,44,0,794,8,5,3,8
46,-1,epi,0,0,0,0,0,0,0,0,4346,0,0,0,0,0,0
47,-2,pre,230,0,0,0,0,0,0,0,0,0,0,0,0,0,0
47,0,dense,1279,42,0,0,0,0,0,0,0,0,0,0,0,0,0
47,1,moe,732,43,8056,3930,3930,3819,248,0,59,0,657,8,4,4,8
47,2,moe,675,40,6919,3826,3826,2861,181,0,51,0,649,8,5,3,8
47,3,moe,603,41,5962,2845,2845,2887,188,0,42,0,650,8,5,3,8
47,4,moe,665,38,6174,3342,3342,2572,162,0,98,0,563,8,5,3,8
47,5,moe,708,37,6350,2799,2799,3284,213,0,54,0,575,8,4,4,8
47,6,moe,668,39,2427,1216,1216,1087,61,0,63,0,647,8,7,1,8
47,7,moe,599,38,6310,3507,3508,2555,155,0,92,0,555,8,5,3,8
47,8,moe,664,36,5970,3320,3320,2454,155,0,41,0,569,8,5,3,8
47,9,moe,709,38,4700,2469,2469,2043,119,0,69,0,649,8,6,2,8
47,10,moe,666,35,6166,3387,3387,2538,157,0,84,0,587,8,5,3,8
47,11,moe,654,36,1197,292,292,823,52,0,30,0,558,8,7,1,8
47,12,moe,680,36,6923,3682,3682,2976,180,0,85,0,648,8,5,3,8
47,13,moe,705,33,2134,1129,1129,895,53,0,57,0,560,8,7,1,8
47,14,moe,678,32,7117,3570,3570,3286,206,0,55,0,567,8,4,4,8
47,15,moe,601,30,5330,2068,2068,2997,182,0,83,0,642,8,5,3,8
47,16,moe,673,32,5379,2603,2603,2526,161,0,89,0,573,8,5,3,8
47,17,moe,747,45,5154,2495,2495,2459,161,0,39,0,587,8,5,3,8
47,18,moe,664,34,1529,325,325,1087,61,0,56,0,640,8,7,1,8
47,19,moe,596,31,7565,3896,3896,3365,214,0,90,0,556,8,4,4,8
47,20,moe,666,35,5266,2695,2695,2373,154,0,44,0,579,8,5,3,8
47,21,moe,759,31,4482,2339,2340,1953,121,0,68,0,688,8,6,2,8
47,22,moe,759,31,3235,1405,1405,1657,100,0,73,0,569,8,6,2,8
47,23,moe,588,30,8976,3717,3717,4872,295,0,92,0,642,8,3,5,8
47,24,moe,703,30,5711,2740,2740,2745,173,0,53,0,688,8,5,3,8
47,25,moe,757,30,2230,1227,1227,920,59,0,24,0,689,8,7,1,8
47,26,moe,630,30,2624,630,630,1843,121,0,30,0,697,8,6,2,8
47,-1,epi,0,0,0,0,0,0,0,0,4878,0,0,0,0,0,0
48,-2,pre,218,0,0,0,0,0,0,0,0,0,0,0,0,0,0
48,0,dense,1236,34,0,0,0,0,0,0,0,0,0,0,0,0,0
48,1,moe,716,31,2280,1225,1225,951,61,0,43,0,641,8,7,1,8
48,2,moe,671,31,1353,322,322,950,61,0,20,0,652,8,7,1,8
48,3,moe,605,28,4552,2491,2491,1913,119,0,29,0,647,8,6,2,8
48,4,moe,686,33,6244,3448,3448,2543,161,1,91,0,564,8,5,3,8
48,5,moe,718,32,2074,1174,1174,824,55,0,21,0,563,8,7,1,8
48,6,moe,668,32,2408,1204,1204,1080,63,0,61,0,649,8,7,1,8
48,7,moe,596,32,2440,557,557,1711,104,0,68,0,554,8,6,2,8
48,8,moe,667,31,2079,1187,1187,817,54,0,21,0,557,8,7,1,8
48,9,moe,717,32,3848,1632,1632,2022,124,0,70,0,646,8,6,2,8
48,10,moe,666,32,5363,2586,2586,2531,157,0,89,0,559,8,5,3,8
48,11,moe,610,30,3989,2214,2214,1641,105,0,29,0,557,8,6,2,8
48,12,moe,666,31,2431,1249,1249,1065,63,0,54,0,644,8,7,1,8
48,13,moe,719,31,9,0,0,0,0,0,9,0,550,8,8,0,8
48,14,moe,661,32,2188,1167,1167,897,56,0,68,0,552,8,7,1,8
48,15,moe,602,38,4691,2468,2468,2020,127,0,76,0,649,8,6,2,8
48,16,moe,667,30,2128,1117,1117,898,57,0,56,0,562,8,7,1,8
48,17,moe,713,32,2014,1121,1121,818,53,0,22,0,555,8,7,1,8
48,18,moe,672,30,2421,1239,1239,1067,61,0,54,0,650,8,7,1,8
48,19,moe,594,28,3326,1450,1450,1706,103,0,67,0,561,8,6,2,8
48,20,moe,665,31,7890,5239,5239,2454,156,0,41,0,566,8,5,3,8
48,21,moe,707,31,10,0,0,0,0,0,10,0,644,8,8,0,8
48,22,moe,714,33,6244,2707,2707,3281,206,0,50,0,559,8,4,4,8
48,23,moe,600,30,4665,2457,2457,2018,120,0,70,0,644,8,6,2,8
48,24,moe,708,32,4530,2469,2469,1909,122,0,30,0,642,8,6,2,8
48,25,moe,704,31,3721,1668,1668,1901,120,0,32,0,646,8,6,2,8
48,26,moe,599,34,10,0,0,0,0,0,10,0,640,8,8,0,8
48,-1,epi,0,0,0,0,0,0,0,0,4467,0,0,0,0,0,0
49,-2,pre,1066,0,0,0,0,0,0,0,0,0,0,0,0,0,0
49,0,dense,1238,39,0,0,0,0,0,0,0,0,0,0,0,0,0
49,1,moe,710,37,8549,5465,5465,2855,183,0,46,0,649,8,5,3,8
49,2,moe,666,34,1336,303,303,951,61,1,20,0,646,8,7,1,8
49,3,moe,588,33,6772,3688,3688,2857,180,0,47,0,643,8,5,3,8
49,4,moe,663,35,6255,3476,3476,2530,157,0,92,0,557,8,5,3,8
49,5,moe,713,35,4034,2259,2259,1635,105,0,35,0,556,8,6,2,8
49,6,moe,672,39,2419,1228,1228,1071,63,0,57,0,640,8,7,1,8
49,7,moe,603,38,3345,1436,1436,1729,106,0,74,0,561,8,6,2,8
49,8,moe,666,34,1989,1095,1095,818,54,0,22,0,560,8,7,1,8
49,9,moe,708,35,9215,4930,4931,3951,242,0,91,0,646,8,4,4,8
49,10,moe,660,36,6328,3555,3555,2535,156,0,82,0,559,8,5,3,8
49,11,moe,598,34,2001,1113,1113,817,53,0,18,0,556,8,7,1,8
49,12,moe,682,36,2421,1241,1241,1062,65,0,53,0,656,8,7,1,8
49,13,moe,700,38,6093,3288,3288,2553,163,0,89,0,556,8,5,3,8
49,14,moe,668,35,3970,2191,2192,1637,110,1,30,0,560,8,6,2,8
49,15,moe,604,38,3642,1444,1444,2014,121,0,63,0,647,8,6,2,8
49,16,moe,660,34,3318,1427,1428,1711,106,0,73,0,550,8,6,2,8
49,17,moe,704,34,7927,4392,4392,3280,206,0,49,0,568,8,4,4,8
49,18,moe,661,38,2386,1195,1195,1071,61,0,59,0,642,8,7,1,8
49,19,moe,602,34,11108,5690,5690,4999,308,0,111,0,557,8,2,6,8
49,20,moe,661,35,6026,3379,3380,2451,158,0,37,0,566,8,5,3,8
49,21,moe,706,35,8206,3963,3963,3916,236,0,91,0,646,8,4,4,8
49,22,moe,7586,36,7387,2857,2857,4156,261,0,113,0,561,8,3,5,8
49,23,moe,1593,34,8037,2763,2763,4886,299,0,89,0,638,8,3,5,8
49,24,moe,705,35,8549,3550,3550,4639,301,0,59,0,695,8,3,5,8
49,25,moe,758,35,10313,4401,4401,5498,343,0,71,0,690,8,2,6,8
49,26,moe,620,32,5184,1248,1248,3663,227,0,46,0,692,8,4,4,8
49,-1,epi,0,0,0,0,0,0,0,0,5163,0,0,0,0,0,0
50,-2,pre,43,0,0,0,0,0,0,0,0,0,0,0,0,0,0
50,0,dense,1256,43,0,0,0,0,0,0,0,0,0,0,0,0,0
50,1,moe,699,35,3660,1592,1592,1905,127,0,36,0,801,8,6,2,8
50,2,moe,660,38,7014,3897,3897,2873,194,0,50,0,652,8,5,3,8
50,3,moe,596,36,2321,1283,1283,950,63,0,25,0,644,8,7,1,8
50,4,moe,668,37,3618,828,828,2533,157,0,100,0,561,8,5,3,8
50,5,moe,710,38,6501,2934,2934,3289,218,0,60,0,563,8,4,4,8
50,6,moe,670,38,2544,1319,1319,1100,64,0,61,0,646,8,7,1,8
50,7,moe,603,39,10,0,0,0,0,0,10,0,549,8,8,0,8
50,8,moe,665,37,1332,303,303,906,52,0,71,0,558,8,7,1,8
50,9,moe,716,36,2414,1220,1220,1079,62,0,53,0,653,8,7,1,8
50,10,moe,670,39,2190,1173,1173,897,54,0,66,0,554,8,7,1,8
50,11,moe,598,33,1994,1100,1100,819,55,0,20,0,549,8,7,1,8
50,12,moe,665,37,2410,1239,1240,1052,65,0,53,0,652,8,7,1,8
50,13,moe,709,37,9,0,0,0,0,0,9,0,546,8,8,0,8
50,14,moe,670,39,10,0,0,0,0,0,10,0,545,8,8,0,8
50,15,moe,581,32,7647,4564,4564,2859,179,1,44,0,651,8,5,3,8
50,16,moe,679,41,6626,2952,2952,3368,205,0,101,0,565,8,4,4,8
50,17,moe,705,40,7131,3601,3601,3271,209,0,50,0,564,8,4,4,8
50,18,moe,677,37,6943,3687,3687,2982,187,0,87,0,649,8,5,3,8
50,19,moe,608,35,11,0,0,0,0,0,11,0,548,8,8,0,8
50,20,moe,667,35,5618,2816,2816,2546,163,0,93,0,567,8,5,3,8
50,21,moe,707,38,8304,4027,4027,3928,246,0,103,0,662,8,4,4,8
50,22,moe,708,36,3885,1107,1107,2534,154,0,90,0,561,8,5,3,8
50,23,moe,606,37,7524,3269,3269,3933,236,0,86,0,653,8,4,4,8
50,24,moe,723,39,5405,1306,1306,3807,237,0,55,0,648,8,4,4,8
50,25,moe,719,38,4579,2518,2518,1905,124,0,32,0,652,8,6,2,8
50,26,moe,614,33,4824,2748,2748,1918,127,0,31,0,652,8,6,2,8
50,-1,epi,0,0,0,0,0,0,0,0,4433,0,0,0,0,0,0
51,-2,pre,37,0,0,0,0,0,0,0,0,0,0,0,0,0,0
51,0,dense,1225,39,0,0,0,0,0,0,0,0,0,0,0,0,0
51,1,moe,705,35,24,0,0,0,0,0,24,0,637,8,8,0,8
51,2,moe,666,39,2306,1269,1269,954,61,0,22,0,644,8,7,1,8
51,3,moe,603,37,2723,671,671,1898,121,0,33,0,651,8,6,2,8
51,4,moe,672,34,5948,2246,2247,3380,213,0,108,0,560,8,4,4,8
51,5,moe,713,35,9,0,0,0,0,0,9,0,551,8,8,0,8
51,6,moe,662,37,9103,4844,4844,3926,240,0,93,0,645,8,4,4,8
51,7,moe,603,34,8173,4517,4517,3351,213,0,92,0,583,8,4,4,8
51,8,moe,671,38,4143,2364,2364,1639,108,0,32,0,556,8,6,2,8
51,9,moe,717,36,4674,2478,2478,2018,123,0,55,0,647,8,6,2,8
51,10,moe,662,34,4131,2253,2253,1714,106,0,58,0,556,8,6,2,8
51,11,moe,598,34,4153,2386,2386,1633,106,0,28,0,558,8,6,2,8
51,12,moe,664,35,4911,2690,2690,2021,126,0,74,0,640,8,6,2,8
51,13,moe,710,38,6041,3261,3261,2533,161,0,86,0,560,8,5,3,8
51,14,moe,668,36,19,0,0,0,0,0,19,0,562,8,8,0,8
51,15,moe,593,32,2466,1273,1274,1073,62,0,57,0,639,8,7,1,8
51,16,moe,666,34,10102,5574,5574,4169,257,0,102,0,558,8,3,5,8
51,17,moe,706,35,3930,2153,2153,1641,104,0,32,0,554,8,6,2,8
51,18,moe,660,34,9161,4897,4899,3937,237,0,88,0,643,8,4,4,8
51,19,moe,608,32,5440,3560,3560,1707,104,0,69,0,553,8,6,2,8
51,20,moe,659,35,9385,4974,4975,4093,259,0,58,0,561,8,3,5,8
51,21,moe,702,36,12555,6463,6463,5627,347,0,118,0,687,8,2,6,8
51,22,moe,765,34,6014,3329,3329,2454,149,0,82,0,589,8,5,3,8
51,23,moe,634,41,6660,3555,3556,2856,173,0,75,0,693,8,5,3,8
51,24,moe,764,38,4431,2440,2440,1840,119,0,32,0,695,8,6,2,8
51,25,moe,764,34,10023,5095,5095,4581,289,0,58,0,697,8,3,5,8
51,26,moe,701,32,10935,6966,6968,3674,230,1,62,0,702,8,4,4,8
51,-1,epi,0,0,0,0,0,0,0,0,5351,0,0,0,0,0,0
52,-2,pre,74,0,0,0,0,0,0,0,0,0,0,0,0,0,0
52,0,dense,1361,38,0,0,0,0,0,0,0,0,0,0,0,0,0
52,1,moe,776,38,2413,1411,1411,918,60,0,24,0,695,8,7,1,8
52,2,moe,709,35,1283,288,288,915,62,0,18,0,648,8,7,1,8
52,3,moe,608,34,4466,2416,2416,1902,121,0,27,0,649,8,6,2,8
52,4,moe,667,34,7298,3637,3638,3348,208,0,104,0,568,8,4,4,8
52,5,moe,710,34,9,0,0,0,0,0,9,0,553,8,8,0,8
52,6,moe,665,34,2366,1180,1180,1063,61,0,62,0,650,8,7,1,8
52,7,moe,603,39,6176,3412,3412,2524,156,0,84,0,559,8,5,3,8
52,8,moe,657,36,2042,1148,1148,823,54,0,17,0,560,8,7,1,8
52,9,moe,717,39,4602,2379,2379,2030,126,0,67,0,647,8,6,2,8
52,10,moe,671,36,2110,1103,1103,896,55,0,56,0,558,8,7,1,8
52,11,moe,601,34,2000,1108,1108,819,54,0,19,0,560,8,7,1,8
52,12,moe,665,35,2385,1231,1232,1038,61,0,54,0,644,8,7,1,8
52,13,moe,712,39,4082,2188,2188,1717,107,0,70,0,559,8,6,2,8
52,14,moe,665,37,9,0,0,0,0,0,9,0,558,8,8,0,8
52,15,moe,589,32,1513,306,306,1092,59,0,56,0,642,8,7,1,8
52,16,moe,657,33,6399,3616,3616,2554,157,0,72,0,560,8,5,3,8
52,17,moe,714,40,5701,2156,2158,3286,213,0,44,0,566,8,4,4,8
52,18,moe,663,38,9,0,0,0,0,0,9,0,640,8,8,0,8
52,19,moe,591,38,2054,1162,1162,817,54,0,21,0,560,8,7,1,8
52,20,moe,657,37,2676,907,907,1634,106,0,29,0,562,8,6,2,8
52,21,moe,708,35,10098,4765,4767,4919,315,0,97,0,652,8,3,5,8
52,22,moe,707,36,2749,867,867,1703,111,0,68,0,568,8,6,2,8
52,23,moe,604,35,5524,1240,1241,3947,247,0,89,0,646,8,4,4,8
52,24,moe,707,39,4339,2277,2277,1908,128,0,26,0,646,8,6,2,8
52,25,moe,718,39,5094,1996,1996,2872,189,0,37,0,652,8,5,3,8
52,26,moe,606,34,1333,303,303,949,64,0,17,0,646,8,7,1,8
52,-1,epi,0,0,0,0,0,0,0,0,4463,0,0,0,0,0,0
53,-2,pre,205,0,0,0,0,0,0,0,0,0,0,0,0,0,0
53,0,dense,1229,39,0,0,0,0,0,0,0,0,0,0,0,0,0
53,1,moe,737,50,2176,1119,1119,971,65,0,21,0,662,8,7,1,8
53,2,moe,669,39,10,0,0,0,0,0,10,0,650,8,8,0,8
53,3,moe,605,33,6715,3623,3623,2872,185,0,35,0,644,8,5,3,8
53,4,moe,671,37,1307,286,286,895,55,0,71,0,557,8,7,1,8
53,5,moe,707,32,2242,1346,1346,821,57,0,18,0,557,8,7,1,8
53,6,moe,667,32,10,0,0,0,0,0,10,0,646,8,8,0,8
53,7,moe,602,29,2100,1203,1203,821,57,0,19,0,555,8,7,1,8
53,8,moe,663,32,3982,2204,2204,1640,108,0,30,0,559,8,6,2,8
53,9,moe,711,31,6080,2810,2810,2991,191,0,88,0,649,8,5,3,8
53,10,moe,672,33,3621,817,817,2561,159,0,84,0,568,8,5,3,8
53,11,moe,599,30,10,0,0,0,0,0,10,0,552,8,8,0,8
53,12,moe,675,30,4819,2596,2596,2024,127,0,72,0,646,8,6,2,8
53,13,moe,712,32,2189,1157,1157,890,69,0,73,0,573,8,7,1,8
53,14,moe,710,36,5925,3248,3248,2470,167,0,40,0,660,8,5,3,8
53,15,moe,618,36,11,0,0,0,0,0,11,0,724,8,8,0,8
53,16,moe,657,34,4567,1790,1790,2559,171,0,47,0,619,8,5,3,8
53,17,moe,704,34,2743,883,884,1711,114,1,33,0,554,8,6,2,8
53,18,moe,671,35,11,0,0,0,0,1,10,0,609,8,8,0,8
53,19,moe,604,31,2116,1188,1188,850,57,0,21,0,553,8,7,1,8
53,20,moe,654,34,2417,570,570,1703,113,0,31,0,558,8,6,2,8
53,21,moe,677,33,7350,4011,4012,3055,186,0,97,0,627,8,5,3,8
53,22,moe,690,40,1313,283,283,911,58,0,61,0,559,8,7,1,8
53,23,moe,594,35,4302,2019,2019,2094,124,0,65,0,630,8,6,2,8
53,24,moe,692,37,6697,2449,2451,3951,248,0,47,0,626,8,4,4,8
53,25,moe,713,35,5883,2809,2809,2858,180,0,36,0,647,8,5,3,8
53,26,moe,598,33,8158,4050,4050,3814,247,0,47,0,654,8,4,4,8
53,-1,epi,0,0,0,0,0,0,0,0,4435,0,0,0,0,0,0
54,-2,pre,41,0,0,0,0,0,0,0,0,0,0,0,0,0,0
54,0,dense,1237,34,0,0,0,0,0,0,0,0,0,0,0,0,0
54,1,moe,716,34,9,0,0,0,0,0,9,0,643,8,8,0,8
54,2,moe,672,31,10,0,0,0,0,0,10,0,653,8,8,0,8
54,3,moe,612,33,5300,2111,2111,2965,185,0,39,0,621,8,5,3,8
54,4,moe,653,32,6781,2928,2928,3524,221,0,108,0,555,8,4,4,8
54,5,moe,694,34,4637,2791,2791,1705,110,0,31,0,551,8,6,2,8
54,6,moe,665,33,1564,321,321,1115,64,0,64,0,624,8,7,1,8
54,7,moe,591,34,7365,3700,3701,3369,212,0,83,0,567,8,4,4,8
54,8,moe,665,31,2067,1177,1177,819,52,0,19,0,563,8,7,1,8
54,9,moe,718,33,6202,2954,2954,2991,180,0,77,0,643,8,5,3,8
54,10,moe,663,35,9,0,0,0,0,0,9,0,548,8,8,0,8
54,11,moe,582,30,2130,1115,1115,903,54,0,58,0,552,8,7,1,8
54,12,moe,669,31,2489,1278,1278,1092,65,0,54,0,653,8,7,1,8
54,13,moe,708,31,6068,3307,3307,2530,155,0,76,0,561,8,5,3,8
54,14,moe,669,34,4127,2357,2357,1636,105,0,29,0,556,8,6,2,8
54,15,moe,600,29,2443,1248,1248,1079,61,1,54,0,648,8,7,1,8
54,16,moe,665,30,1307,288,288,909,54,0,56,0,552,8,7,1,8
54,17,moe,713,30,1159,272,272,817,53,0,17,0,552,8,7,1,8
54,18,moe,663,29,2398,1194,1194,1088,62,0,54,0,650,8,7,1,8
54,19,moe,600,29,1267,248,248,915,54,0,50,0,556,8,7,1,8
54,20,moe,651,32,10,0,0,0,0,0,10,0,550,8,8,0,8
54,21,moe,688,30,4061,1772,1772,2086,132,0,71,0,623,8,6,2,8
54,22,moe,685,33,4083,2137,2138,1758,114,0,73,0,548,8,6,2,8
54,23,moe,590,251,13331,8899,8899,4097,258,0,77,0,652,8,4,4,8
54,24,moe,702,37,6029,2953,2953,2854,180,0,42,0,646,8,5,3,8
54,25,moe,704,37,6703,2580,2580,3829,248,0,46,0,643,8,4,4,8
54,26,moe,598,37,5353,1240,1240,3821,246,0,46,0,642,8,4,4,8
54,-1,epi,0,0,0,0,0,0,0,0,4426,0,0,0,0,0,0
55,-2,pre,219,0,0,0,0,0,0,0,0,0,0,0,0,0,0
55,0,dense,1242,40,0,0,0,0,0,0,0,0,0,0,0,0,0
55,1,moe,713,37,3061,1011,1011,1902,120,0,28,0,653,8,6,2,8
55,2,moe,672,38,7180,4094,4094,2864,188,0,34,0,649,8,5,3,8
55,3,moe,601,37,6723,3638,3639,2858,187,0,39,0,655,8,5,3,8
55,4,moe,667,36,1246,236,236,886,53,0,71,0,557,8,7,1,8
55,5,moe,703,37,8028,4500,4500,3277,207,0,44,0,561,8,4,4,8
55,6,moe,665,40,4756,2542,2542,2013,126,1,74,0,648,8,6,2,8
55,7,moe,602,35,10198,5638,5638,4190,264,0,106,0,559,8,3,5,8
55,8,moe,659,38,2067,1162,1162,827,57,0,21,0,560,8,7,1,8
55,9,moe,710,37,2441,1231,1231,1086,64,0,60,0,649,8,7,1,8
55,10,moe,666,39,4231,2327,2327,1718,109,0,77,0,556,8,6,2,8
55,11,moe,603,36,6430,2892,2892,3275,210,0,53,0,565,8,4,4,8
55,12,moe,657,38,2444,1288,1288,1032,63,0,61,0,642,8,7,1,8
55,13,moe,714,40,6132,2475,2475,3356,206,0,95,0,554,8,4,4,8
55,14,moe,660,36,5140,2485,2485,2462,155,0,38,0,564,8,5,3,8
55,15,moe,587,39,5898,2653,2653,2978,186,0,81,0,641,8,5,3,8
55,16,moe,668,38,6659,3021,3021,3341,208,0,89,0,559,8,4,4,8
55,17,moe,701,37,7752,3302,3303,4117,269,0,63,0,561,8,3,5,8
55,18,moe,662,36,3799,1589,1589,2021,127,0,62,0,643,8,6,2,8
55,19,moe,600,35,5328,2553,2554,2533,162,0,79,0,558,8,5,3,8
55,20,moe,665,37,4105,2318,2318,1641,110,0,36,0,560,8,6,2,8
55,21,moe,711,36,5233,1968,1968,3002,185,0,78,0,663,8,5,3,8
55,22,moe,710,36,7455,3794,3795,3350,214,0,96,0,553,8,4,4,8
55,23,moe,602,38,5954,2750,2750,2951,183,0,70,0,644,8,5,3,8
55,24,moe,708,34,5017,1913,1913,2870,197,0,37,0,645,8,5,3,8
55,25,moe,706,42,3699,1630,1630,1909,134,0,26,0,645,8,6,2,8
55,26,moe,600,34,10245,5105,5106,4759,323,0,57,0,649,8,3,5,8
55,-1,epi,0,0,0,0,0,0,0,0,4427,0,0,0,0,0,0
56,-2,pre,206,0,0,0,0,0,0,0,0,0,0,0,0,0,0
56,0,dense,1236,39,0,0,0,0,0,0,0,0,0,0,0,0,0
56,1,moe,710,39,6788,3677,3677,2870,201,0,40,0,650,8,5,3,8
56,2,moe,670,38,4596,2522,2522,1907,139,0,28,0,651,8,6,2,8
56,3,moe,601,35,6625,3521,3521,2868,199,0,37,0,658,8,5,3,8
56,4,moe,666,35,9,0,0,0,0,0,9,0,547,8,8,0,8
56,5,moe,703,35,5214,4197,4197,900,54,0,63,0,579,8,7,1,8
56,6,moe,661,37,9,0,0,0,0,0,9,0,647,8,8,0,8
56,7,moe,588,33,2100,1204,1204,823,54,0,19,0,561,8,7,1,8
56,8,moe,672,34,2064,1157,1157,834,54,0,19,0,554,8,7,1,8
56,9,moe,715,40,2850,622,622,2028,122,0,78,0,643,8,6,2,8
56,10,moe,673,37,3273,1386,1386,1705,109,0,73,0,570,8,6,2,8
56,11,moe,597,35,4066,2295,2295,1640,105,0,26,0,565,8,6,2,8
56,12,moe,664,44,2449,1250,1250,1079,62,0,58,0,643,8,7,1,8
56,13,moe,706,37,4270,2387,2387,1703,109,0,71,0,558,8,6,2,8
56,14,moe,663,34,3953,2174,2174,1643,107,0,29,0,559,8,6,2,8
56,15,moe,599,36,2452,1260,1260,1078,61,0,53,0,641,8,7,1,8
56,16,moe,665,35,2427,554,554,1698,107,0,68,0,561,8,6,2,8
56,17,moe,708,34,2035,1130,1131,829,56,0,19,0,557,8,7,1,8
56,18,moe,670,34,2548,1344,1344,1080,63,0,61,0,649,8,7,1,8
56,19,moe,592,37,4627,1861,1861,2529,162,0,75,0,564,8,5,3,8
56,20,moe,661,35,3156,1373,1373,1642,111,0,30,0,573,8,6,2,8
56,21,moe,721,38,4323,1099,1099,2969,179,0,76,0,645,8,5,3,8
56,22,moe,715,36,2253,1237,1237,901,55,0,60,0,560,8,7,1,8
56,23,moe,606,37,5336,2095,2095,2989,187,0,65,0,647,8,5,3,8
56,24,moe,709,36,4048,949,949,2859,202,0,38,0,809,8,5,3,8
56,25,moe,728,43,5841,2727,2727,2872,203,0,39,0,789,8,5,3,8
56,26,moe,615,41,8896,3720,3720,4791,325,0,60,0,661,8,3,5,8
56,-1,epi,0,0,0,0,0,0,0,0,4469,0,0,0,0,0,0
57,-2,pre,71,0,0,0,0,0,0,0,0,0,0,0,0,0,0
57,0,dense,1249,43,0,0,0,0,0,0,0,0,0,0,0,0,0
57,1,moe,725,38,3799,1741,1741,1903,122,0,33,0,655,8,6,2,8
57,2,moe,672,39,12,0,0,0,0,0,12,0,650,8,8,0,8
57,3,moe,612,37,6649,2384,2385,3951,257,0,56,0,631,8,4,4,8
57,4,moe,648,39,12,0,0,0,0,0,12,0,547,8,8,0,8
57,5,moe,679,36,4909,2011,2011,2635,168,0,95,0,562,8,5,3,8
57,6,moe,657,36,2478,1256,1256,1098,66,0,58,0,628,8,7,1,8
57,7,moe,587,35,5394,2530,2530,2615,162,0,87,0,554,8,5,3,8
57,8,moe,645,38,2024,1097,1097,850,57,0,20,0,563,8,7,1,8
57,9,moe,717,37,10,0,0,0,0,0,10,0,641,8,8,0,8
57,10,moe,661,35,9,0,0,0,0,0,9,0,547,8,8,0,8
57,11,moe,584,33,5942,3293,3293,2456,155,1,37,0,562,8,5,3,8
57,12,moe,665,36,9,0,0,0,0,0,9,0,640,8,8,0,8
57,13,moe,704,35,2223,1298,1299,848,55,0,21,0,548,8,7,1,8
57,14,moe,652,36,2092,1166,1166,852,55,0,19,0,555,8,7,1,8
57,15,moe,598,39,4666,2384,2384,2081,126,0,75,0,618,8,6,2,8
57,16,moe,659,37,1335,281,281,931,58,0,65,0,549,8,7,1,8
57,17,moe,680,36,1213,287,287,851,57,0,18,0,547,8,7,1,8
57,18,moe,656,35,2472,1236,1236,1106,63,0,67,0,623,8,7,1,8
57,19,moe,612,44,1308,280,280,914,56,0,58,0,545,8,7,1,8
57,20,moe,651,209,10,0,0,0,0,0,10,0,595,8,8,0,8
57,21,moe,684,35,7407,5115,5115,2094,128,1,69,0,622,8,6,2,8
57,22,moe,683,36,3439,1487,1487,1771,110,1,70,0,546,8,6,2,8
57,23,moe,589,34,2900,623,623,2091,125,0,61,0,622,8,6,2,8
57,24,moe,687,39,3701,1575,1576,1974,125,0,26,0,624,8,6,2,8
57,25,moe,684,36,2337,1268,1268,987,62,0,20,0,627,8,7,1,8
57,26,moe,586,35,8307,1933,1934,5937,367,0,69,0,631,8,2,6,8
57,-1,epi,0,0,0,0,0,0,0,0,3829,0,0,0,0,0,0
58,-2,pre,277,0,0,0,0,0,0,0,0,0,0,0,0,0,0
58,0,dense,1161,42,0,0,0,0,0,0,0,0,0,0,0,0,0
58,1,moe,692,39,2368,1289,1289,992,64,0,23,0,617,8,7,1,8
58,2,moe,662,38,9,0,0,0,0,0,9,0,619,8,8,0,8
58,3,moe,605,36,6349,3140,3140,2977,194,0,38,0,625,8,5,3,8
58,4,moe,647,36,4603,1696,1696,2643,169,0,95,0,550,8,5,3,8
58,5,moe,680,36,2065,1134,1134,852,58,0,21,0,562,8,7,1,8
58,6,moe,662,35,10,0,0,0,0,0,10,0,614,8,8,0,8
58,7,moe,593,34,2040,1111,1111,852,57,0,20,0,551,8,7,1,8
58,8,moe,653,39,2065,1138,1139,851,55,0,20,0,548,8,7,1,8
58,9,moe,681,36,2491,1262,1262,1101,64,0,64,0,618,8,7,1,8
58,10,moe,654,40,9,0,0,0,0,0,9,0,544,8,8,0,8
58,11,moe,585,34,9,0,0,0,0,0,9,0,546,8,8,0,8
58,12,moe,648,38,9,0,0,0,0,0,9,0,620,8,8,0,8
58,13,moe,676,42,3372,1408,1409,1769,113,0,81,0,553,8,6,2,8
58,14,moe,655,36,9,0,0,0,0,0,9,0,552,8,8,0,8
58,15,moe,582,36,4939,2640,2640,2095,130,0,74,0,628,8,6,2,8
58,16,moe,649,36,2184,1114,1115,950,58,0,61,0,554,8,7,1,8
58,17,moe,672,36,2140,1212,1212,852,55,0,21,0,549,8,7,1,8
58,18,moe,647,38,9,0,0,0,0,0,9,0,611,8,8,0,8
58,19,moe,580,33,5372,2612,2612,2547,169,0,44,0,552,8,5,3,8
58,20,moe,648,35,1223,299,299,848,57,0,19,0,552,8,7,1,8
58,21,moe,674,36,1560,331,331,1100,65,0,64,0,619,8,7,1,8
58,22,moe,686,36,3365,1410,1411,1768,108,0,78,0,558,8,6,2,8
58,23,moe,4597,49,2924,627,627,2106,128,0,63,0,624,8,6,2,8
58,24,moe,679,36,2248,1179,1179,986,63,0,20,0,634,8,7,1,8
58,25,moe,678,36,2775,651,651,1970,124,0,30,0,620,8,6,2,8
58,26,moe,593,35,5377,2178,2178,2972,191,1,35,0,630,8,5,3,8
58,-1,epi,0,0,0,0,0,0,0,0,3827,0,0,0,0,0,0
59,-2,pre,48,0,0,0,0,0,0,0,0,0,0,0,0,0,0
59,0,dense,1178,31,0,0,0,0,0,0,0,0,0,0,0,0,0
59,1,moe,691,36,10,0,0,0,0,0,10,0,621,8,8,0,8
59,2,moe,659,33,2334,1248,1248,998,66,0,22,0,620,8,7,1,8
59,3,moe,595,30,2861,706,706,1980,129,0,46,0,624,8,6,2,8
59,4,moe,649,31,10,0,0,0,0,0,10,0,540,8,8,0,8
59,5,moe,679,30,8,0,0,0,0,0,8,0,539,8,8,0,8
59,6,moe,659,35,2429,1354,1354,989,63,0,23,0,619,8,7,1,8
59,7,moe,592,30,2252,1189,1189,929,57,0,77,0,549,8,7,1,8
59,8,moe,664,33,10,0,0,0,0,0,10,0,555,8,8,0,8
59,9,moe,685,33,1560,330,330,1104,66,0,60,0,625,8,7,1,8
59,10,moe,654,31,2217,1163,1163,937,58,0,59,0,555,8,7,1,8
59,11,moe,596,33,2134,1209,1209,849,55,0,21,0,548,8,7,1,8
59,12,moe,650,30,1510,308,308,1084,63,0,55,0,626,8,7,1,8
59,13,moe,676,31,4239,2262,2262,1791,113,1,72,0,549,8,6,2,8
59,14,moe,651,33,3358,1515,1515,1700,113,0,30,0,558,8,6,2,8
59,15,moe,596,30,1542,313,313,1113,66,0,50,0,632,8,7,1,8
59,16,moe,652,32,3434,1478,1478,1776,109,0,71,0,552,8,6,2,8
59,17,moe,673,31,2015,1093,1094,847,56,0,18,0,550,8,7,1,8
59,18,moe,653,31,2472,1263,1263,1093,63,0,53,0,618,8,7,1,8
59,19,moe,588,34,4504,2527,2527,1794,114,0,69,0,549,8,6,2,8
59,20,moe,654,31,4599,1831,1831,2550,171,0,47,0,554,8,5,3,8
59,21,moe,677,34,7598,3185,3186,4081,249,0,82,0,620,8,4,4,8
59,22,moe,674,33,9549,3954,3954,5167,321,0,107,0,564,8,2,6,8
59,23,moe,7039,33,7967,2524,2524,5043,308,0,92,0,625,8,3,5,8
59,24,moe,675,31,6547,2312,2313,3948,246,0,40,0,628,8,4,4,8
59,25,moe,681,31,9399,3044,3046,5922,370,0,61,0,626,8,2,6,8
59,26,moe,597,31,9274,2971,2971,5857,375,0,71,0,667,8,2,6,8
59,-1,epi,0,0,0,0,0,0,0,0,4408,0,0,0,0,0,0
60,-2,pre,90,0,0,0,0,0,0,0,0,0,0,0,0,0,0
60,0,dense,1287,34,0,0,0,0,0,0,0,0,0,0,0,0,0
60,1,moe,753,33,2215,1174,1174,957,61,0,23,0,648,8,7,1,8
60,2,moe,657,36,2275,1197,1197,990,66,0,22,0,628,8,7,1,8
60,3,moe,592,32,7530,3266,3266,3954,256,0,54,0,635,8,4,4,8
60,4,moe,640,36,4908,3839,3839,939,54,0,76,0,553,8,7,1,8
60,5,moe,693,37,2123,1199,1199,848,56,0,20,0,554,8,7,1,8
60,6,moe,647,35,11,0,0,0,0,0,11,0,615,8,8,0,8
60,7,moe,585,30,8,0,0,0,0,0,8,0,541,8,8,0,8
60,8,moe,654,30,4202,2366,2366,1697,109,0,30,0,559,8,6,2,8
60,9,moe,683,33,2493,1238,1238,1122,65,0,68,0,625,8,7,1,8
60,10,moe,650,33,2236,1192,1192,925,57,0,62,0,547,8,7,1,8
60,11,moe,593,30,1208,283,283,850,57,0,18,0,555,8,7,1,8
60,12,moe,648,32,1865,636,636,1103,67,0,59,0,620,8,7,1,8
60,13,moe,684,33,9,0,0,0,0,0,9,0,557,8,8,0,8
60,14,moe,650,31,2490,545,545,1758,109,0,78,0,551,8,6,2,8
60,15,moe,593,31,4230,899,899,3057,186,0,88,0,630,8,5,3,8
60,16,moe,660,33,10,0,0,0,0,0,10,0,551,8,8,0,8
60,17,moe,679,34,2392,1324,1324,943,57,0,68,0,554,8,7,1,8
60,18,moe,736,36,8,0,0,0,0,0,8,0,616,8,8,0,8
60,19,moe,591,38,3821,1988,1988,1695,111,0,27,0,560,8,6,2,8
60,20,moe,660,39,2176,1244,1244,856,54,0,22,0,553,8,7,1,8
60,21,moe,686,36,4460,1081,1081,3103,187,0,89,0,623,8,5,3,8
60,22,moe,679,37,3454,1489,1489,1779,112,0,74,0,545,8,6,2,8
60,23,moe,589,39,6816,2399,2399,4076,258,0,83,0,618,8,4,4,8
60,24,moe,691,35,6799,2541,2541,3954,261,0,43,0,626,8,4,4,8
60,25,moe,684,37,2782,644,644,1979,132,0,27,0,625,8,6,2,8
60,26,moe,600,43,2761,626,626,1975,134,0,26,0,626,8,6,2,8
60,-1,epi,0,0,0,0,0,0,0,0,3825,0,0,0,0,0,0
61,-2,pre,44,0,0,0,0,0,0,0,0,0,0,0,0,0,0
61,0,dense,1176,42,0,0,0,0,0,0,0,0,0,0,0,0,0
61,1,moe,690,47,2416,1327,1327,994,72,0,23,0,625,8,7,1,8
61,2,moe,651,39,4730,2578,2578,1986,138,0,28,0,622,8,6,2,8
61,3,moe,590,36,4202,986,986,2977,200,0,39,0,628,8,5,3,8
61,4,moe,647,39,3720,1716,1716,1778,119,0,107,0,599,8,6,2,8
61,5,moe,693,55,2117,1181,1181,852,60,0,24,0,636,8,7,1,8
61,6,moe,668,37,10,0,0,0,0,0,10,0,738,8,8,0,8
61,7,moe,598,36,2066,1130,1130,851,61,0,24,0,643,8,7,1,8
61,8,moe,664,37,11,0,0,0,0,0,11,0,585,8,8,0,8
61,9,moe,681,34,9,0,0,0,0,0,9,0,732,8,8,0,8
61,10,moe,697,40,9,0,0,0,0,0,9,0,544,8,8,0,8
61,11,moe,579,36,2090,1150,1150,852,65,0,23,0,556,8,7,1,8
61,12,moe,664,41,10,0,0,0,0,0,10,0,623,8,8,0,8
61,13,moe,682,39,8,0,0,0,0,0,8,0,541,8,8,0,8
61,14,moe,650,37,2145,1204,1204,859,58,0,24,0,550,8,7,1,8
61,15,moe,594,34,2535,1298,1298,1090,67,0,80,0,623,8,7,1,8
61,16,moe,652,37,10,0,0,0,0,0,10,0,543,8,8,0,8
61,17,moe,681,36,4185,2207,2207,1777,109,0,92,0,557,8,6,2,8
61,18,moe,651,38,7219,3860,3860,3073,193,0,93,0,633,8,5,3,8
61,19,moe,607,39,3406,1428,1428,1790,112,0,76,0,554,8,6,2,8
61,20,moe,662,38,7010,3343,3343,3395,214,0,58,0,561,8,4,4,8
61,21,moe,678,36,12761,6256,6256,6028,367,0,110,0,622,8,2,6,8
61,22,moe,679,37,7540,3768,3769,3460,217,0,94,0,557,8,4,4,8
61,23,moe,592,36,10955,6575,6575,4050,248,0,82,0,624,8,4,4,8
61,24,moe,676,35,5515,1268,1271,3948,249,0,47,0,627,8,4,4,8
61,25,moe,700,41,9629,4482,4482,4791,306,0,50,0,652,8,3,5,8
61,26,moe,603,35,9328,3149,3149,5727,389,0,63,0,651,8,2,6,8
61,-1,epi,0,0,0,0,0,0,0,0,4412,0,0,0,0,0,0
62,-2,pre,58,0,0,0,0,0,0,0,0,0,0,0,0,0,0
62,0,dense,1225,38,0,0,0,0,0,0,0,0,0,0,0,0,0
62,1,moe,715,36,9,0,0,0,0,0,9,0,660,8,8,0,8
62,2,moe,665,35,10,0,0,0,0,0,10,0,644,8,8,0,8
62,3,moe,601,34,5365,2173,2173,2968,187,0,37,0,625,8,5,3,8
62,4,moe,648,35,1349,289,289,925,55,0,80,0,557,8,7,1,8
62,5,moe,681,36,9,0,0,0,0,0,9,0,556,8,8,0,8
62,6,moe,651,35,2543,1289,1289,1121,66,0,67,0,624,8,7,1,8
62,7,moe,583,40,8,0,0,0,0,0,8,0,553,8,8,0,8
62,8,moe,650,37,1350,295,295,923,56,0,76,0,554,8,7,1,8
62,9,moe,685,38,9,0,0,0,0,0,9,0,614,8,8,0,8
62,10,moe,658,37,9,0,0,0,0,0,9,0,553,8,8,0,8
62,11,moe,580,35,3336,1482,1482,1705,115,0,34,0,548,8,6,2,8
62,12,moe,649,38,1527,309,309,1082,65,0,71,0,625,8,7,1,8
62,13,moe,692,38,1326,269,269,941,54,0,62,0,553,8,7,1,8
62,14,moe,652,39,1193,262,262,854,57,0,20,0,544,8,7,1,8
62,15,moe,592,36,9,0,0,0,0,0,9,0,627,8,8,0,8
62,16,moe,653,35,9,0,0,0,0,0,9,0,549,8,8,0,8
62,17,moe,677,37,9,0,0,0,0,0,9,0,561,8,8,0,8
62,18,moe,657,37,2543,1294,1294,1112,66,0,71,0,617,8,7,1,8
62,19,moe,592,42,4646,1757,1757,2628,171,0,90,0,555,8,5,3,8
62,20,moe,651,38,2138,1203,1203,857,57,0,21,0,563,8,7,1,8
62,21,moe,696,40,5419,2062,2062,3074,186,0,97,0,622,8,5,3,8
62,22,moe,683,37,3398,1442,1442,1768,109,0,79,0,547,8,6,2,8
62,23,moe,576,35,4383,1060,1060,3061,186,0,76,0,624,8,5,3,8
62,24,moe,688,41,5325,2134,2134,2965,185,0,41,0,620,8,5,3,8
62,25,moe,695,38,4168,979,980,2966,186,0,36,0,626,8,5,3,8
62,26,moe,602,39,5277,2081,2081,2964,193,0,39,0,621,8,5,3,8
62,-1,epi,0,0,0,0,0,0,0,0,3838,0,0,0,0,0,0
63,-2,pre,215,0,0,0,0,0,0,0,0,0,0,0,0,0,0
63,0,dense,1161,44,0,0,0,0,0,0,0,0,0,0,0,0,0
63,1,moe,682,40,1729,655,655,987,64,0,23,0,627,8,7,1,8
63,2,moe,658,40,6303,3095,3095,2975,193,0,40,0,625,8,5,3,8
63,3,moe,587,37,4748,2604,2604,1972,131,0,41,0,617,8,6,2,8
63,4,moe,654,38,1345,281,281,925,56,0,83,0,549,8,7,1,8
63,5,moe,676,36,3281,1436,1436,1700,117,0,28,0,553,8,6,2,8
63,6,moe,651,36,9,0,0,0,0,0,9,0,619,8,8,0,8
63,7,moe,584,35,3424,1581,1581,1702,112,0,29,0,556,8,6,2,8
63,8,moe,649,37,9,0,0,0,0,0,9,0,548,8,8,0,8
63,9,moe,671,35,1565,310,310,1120,63,0,72,0,624,8,7,1,8
63,10,moe,644,36,9,0,0,0,0,0,9,0,552,8,8,0,8
63,11,moe,585,36,9,0,0,0,0,0,9,0,546,8,8,0,8
63,12,moe,645,37,6977,3769,3770,2968,195,0,44,0,625,8,5,3,8
63,13,moe,680,39,1317,267,267,919,56,0,75,0,548,8,7,1,8
63,14,moe,655,35,4485,1745,1745,2540,163,0,37,0,548,8,5,3,8
63,15,moe,661,44,8887,6606,6606,2089,126,0,66,0,625,8,6,2,8
63,16,moe,659,36,2994,1051,1051,1764,108,0,71,0,549,8,6,2,8
63,17,moe,681,36,3556,1723,1723,1699,107,0,27,0,548,8,6,2,8
63,18,moe,650,36,2528,1299,1299,1108,64,0,57,0,622,8,7,1,8
63,19,moe,585,39,4630,1752,1752,2635,163,0,80,0,557,8,5,3,8
63,20,moe,649,37,1518,592,592,852,55,0,19,0,550,8,7,1,8
63,21,moe,677,35,3891,1604,1604,2094,127,0,66,0,626,8,6,2,8
63,22,moe,676,36,7363,3604,3605,3457,214,0,87,0,552,8,4,4,8
63,23,moe,579,35,9,0,0,0,0,0,9,0,610,8,8,0,8
63,24,moe,684,35,8425,2931,2934,5067,322,0,102,0,626,8,3,5,8
63,25,moe,679,36,7797,3565,3565,3933,252,1,46,0,650,8,4,4,8
63,26,moe,609,34,3563,1497,1498,1914,124,0,27,0,640,8,6,2,8
63,-1,epi,0,0,0,0,0,0,0,0,4437,0,0,0,0,0,0
64,-2,pre,57,0,0,0,0,0,0,0,0,0,0,0,0,0,0
64,0,dense,1170,39,0,0,0,0,0,0,0,0,0,0,0,0,0
64,1,moe,680,37,9,0,0,0,0,0,9,0,621,8,8,0,8
64,2,moe,658,45,10,0,0,0,0,0,10,0,616,8,8,0,8
64,3,moe,582,35,5524,1264,1265,3957,256,1,45,0,625,8,4,4,8
64,4,moe,656,37,9,0,0,0,0,0,9,0,556,8,8,0,8
64,5,moe,691,41,1359,286,286,941,55,0,77,0,549,8,7,1,8
64,6,moe,650,36,9,0,0,0,0,0,9,0,624,8,8,0,8
64,7,moe,605,37,2374,541,542,1695,109,0,28,0,554,8,6,2,8
64,8,moe,657,38,4255,2409,2409,1704,108,0,34,0,555,8,6,2,8
64,9,moe,685,37,6179,2813,2813,3089,187,0,90,0,629,8,5,3,8
64,10,moe,651,38,9,0,0,0,0,0,9,0,542,8,8,0,8
64,11,moe,584,36,1327,283,283,925,55,0,64,0,545,8,7,1,8
64,12,moe,651,41,2482,1259,1259,1105,63,0,55,0,623,8,7,1,8
64,13,moe,679,36,1347,280,280,950,54,0,63,0,558,8,7,1,8
64,14,moe,654,37,2802,952,952,1709,113,0,28,0,551,8,6,2,8
64,15,moe,585,35,9,0,0,0,0,0,9,0,622,8,8,0,8
64,16,moe,657,36,9,0,0,0,0,0,9,0,553,8,8,0,8
64,17,moe,689,38,2093,1161,1161,851,57,0,24,0,552,8,7,1,8
64,18,moe,657,36,10,0,0,0,0,0,10,0,610,8,8,0,8
64,19,moe,586,38,2375,539,539,1694,109,0,33,0,564,8,6,2,8
64,20,moe,653,37,9,0,0,0,0,0,9,0,553,8,8,0,8
64,21,moe,681,38,7299,2846,2846,4086,257,0,110,0,639,8,4,4,8
64,22,moe,683,38,3719,815,815,2639,168,0,97,0,563,8,5,3,8
64,23,moe,597,35,1494,292,292,1084,65,0,53,0,633,8,7,1,8
64,24,moe,687,36,6293,3093,3093,2975,188,0,37,0,630,8,5,3,8
64,25,moe,682,37,3712,1575,1576,1977,131,0,28,0,626,8,6,2,8
64,26,moe,609,38,5545,1275,1275,3967,258,0,45,0,632,8,4,4,8
64,-1,epi,0,0,0,0,0,0,0,0,3831,0,0,0,0,0,0
65,-2,pre,212,0,0,0,0,0,0,0,0,0,0,0,0,0,0
65,0,dense,1170,34,0,0,0,0,0,0,0,0,0,0,0,0,0
65,1,moe,678,32,6960,3757,3757,2970,193,1,39,0,622,8,5,3,8
65,2,moe,649,32,5899,2696,2696,2969,192,0,42,0,619,8,5,3,8
65,3,moe,598,35,3495,2422,2422,987,64,0,22,0,618,8,7,1,8
65,4,moe,642,30,3710,1730,1730,1777,110,0,93,0,553,8,6,2,8
65,5,moe,678,33,10,0,0,0,0,0,10,0,554,8,8,0,8
65,6,moe,663,33,4925,2628,2628,2095,124,0,78,0,625,8,6,2,8
65,7,moe,617,31,4179,2222,2222,1774,108,0,75,0,546,8,6,2,8
65,8,moe,651,32,9,0,0,0,0,0,9,0,537,8,8,0,8
65,9,moe,675,31,10,0,0,0,0,0,10,0,615,8,8,0,8
65,10,moe,648,30,4117,2286,2286,1690,111,0,30,0,553,8,6,2,8
65,11,moe,598,30,6174,3413,3414,2553,162,0,45,0,549,8,5,3,8
65,12,moe,652,30,2426,1196,1196,1101,64,0,65,0,619,8,7,1,8
65,13,moe,673,33,2193,1144,1144,927,55,0,67,0,551,8,7,1,8
65,14,moe,645,32,3288,1427,1427,1712,118,0,31,0,614,8,6,2,8
65,15,moe,616,45,7409,2999,2999,4054,270,0,86,0,788,8,4,4,8
65,16,moe,647,37,4371,2413,2413,1752,114,0,92,0,551,8,6,2,8
65,17,moe,686,35,5335,2560,2560,2564,169,0,42,0,559,8,5,3,8
65,18,moe,658,37,8279,3869,3869,4060,247,0,103,0,625,8,4,4,8
65,19,moe,604,33,10671,4158,4158,6015,380,0,118,0,556,8,1,7,8
65,20,moe,650,35,4046,2203,2203,1702,108,0,33,0,560,8,6,2,8
65,21,moe,678,32,6880,3544,3544,3060,186,0,90,0,619,8,5,3,8
65,22,moe,687,33,11208,5753,5754,5042,313,0,99,0,564,8,2,6,8
65,23,moe,601,32,4648,2432,2433,2030,119,0,66,0,643,8,6,2,8
65,24,moe,703,33,7169,3050,3050,3825,245,0,49,0,648,8,4,4,8
65,25,moe,703,34,6808,3726,3726,2863,184,0,35,0,649,8,5,3,8
65,26,moe,614,34,2269,1233,1234,957,60,0,18,0,646,8,7,1,8
65,-1,epi,0,0,0,0,0,0,0,0,4428,0,0,0,0,0,0
66,-2,pre,37,0,0,0,0,0,0,0,0,0,0,0,0,0,0
66,0,dense,1258,36,0,0,0,0,0,0,0,0,0,0,0,0,0
66,1,moe,727,33,5985,2822,2822,2927,191,0,45,0,623,8,5,3,8
66,2,moe,655,37,11,0,0,0,0,0,11,0,615,8,8,0,8
66,3,moe,595,31,3953,1818,1818,1977,130,0,28,0,618,8,6,2,8
66,4,moe,651,31,2548,571,571,1779,112,0,86,0,549,8,6,2,8
66,5,moe,706,36,8,0,0,0,0,0,8,0,561,8,8,0,8
66,6,moe,650,31,8,0,0,0,0,0,8,0,612,8,8,0,8
66,7,moe,599,49,8,0,0,0,0,0,8,0,542,8,8,0,8
66,8,moe,652,32,2292,1367,1367,849,54,0,22,0,549,8,7,1,8
66,9,moe,686,31,1543,306,306,1105,63,0,69,0,630,8,7,1,8
66,10,moe,651,33,8,0,0,0,0,0,8,0,543,8,8,0,8
66,11,moe,586,32,5978,2153,2154,3498,224,0,102,0,555,8,4,4,8
66,12,moe,657,261,1585,349,349,1111,66,0,59,0,619,8,7,1,8
66,13,moe,697,39,1317,289,289,909,60,0,59,0,561,8,7,1,8
66,14,moe,653,37,9,0,0,0,0,0,9,0,543,8,8,0,8
66,15,moe,599,37,6195,3933,3934,2061,130,0,70,0,628,8,6,2,8
66,16,moe,658,40,2517,553,553,1784,109,0,71,0,554,8,6,2,8
66,17,moe,677,37,2393,562,563,1695,110,0,25,0,553,8,6,2,8
66,18,moe,656,37,2522,1329,1329,1070,64,0,59,0,619,8,7,1,8
66,19,moe,589,36,2483,556,557,1753,108,0,65,0,547,8,6,2,8
66,20,moe,659,36,9,0,0,0,0,0,9,0,557,8,8,0,8
66,21,moe,681,36,2909,630,632,2084,123,0,70,0,619,8,6,2,8
66,22,moe,693,39,1695,650,650,921,60,0,64,0,555,8,7,1,8
66,23,moe,598,35,3963,1676,1676,2096,134,0,57,0,632,8,6,2,8
66,24,moe,686,37,3628,1502,1502,1972,126,0,28,0,624,8,6,2,8
66,25,moe,677,38,3761,1608,1609,1992,131,0,29,0,625,8,6,2,8
66,26,moe,593,36,3675,1542,1542,1975,130,0,28,0,628,8,6,2,8
66,-1,epi,0,0,0,0,0,0,0,0,3818,0,0,0,0,0,0
67,-2,pre,214,0,0,0,0,0,0,0,0,0,0,0,0,0,0
67,0,dense,1168,38,0,0,0,0,0,0,0,0,0,0,0,0,0
67,1,moe,679,37,7301,3050,3050,3954,246,0,51,0,615,8,4,4,8
67,2,moe,641,36,2347,1274,1274,985,63,0,25,0,615,8,7,1,8
67,3,moe,583,38,9039,4772,4772,3962,254,0,51,0,620,8,4,4,8
67,4,moe,653,36,3668,1683,1684,1788,109,0,87,0,551,8,6,2,8
67,5,moe,682,35,6133,3366,3366,2563,166,0,38,0,548,8,5,3,8
67,6,moe,654,36,10,0,0,0,0,0,10,0,618,8,8,0,8
67,7,moe,595,35,2054,1125,1125,851,57,0,21,0,550,8,7,1,8
67,8,moe,661,42,4118,2276,2276,1701,114,0,27,0,565,8,6,2,8
67,9,moe,679,37,9,0,0,0,0,0,9,0,621,8,8,0,8
67,10,moe,649,40,7609,3928,3929,3410,222,0,48,0,549,8,4,4,8
67,11,moe,588,36,6472,2792,2792,3408,222,0,50,0,557,8,4,4,8
67,12,moe,652,36,1553,326,326,1090,66,0,71,0,618,8,7,1,8
67,13,moe,682,37,4267,2277,2277,1797,113,0,80,0,547,8,6,2,8
67,14,moe,659,36,2055,1128,1129,849,56,0,21,0,543,8,7,1,8
67,15,moe,580,38,7738,3337,3337,4059,248,0,94,0,622,8,4,4,8
67,16,moe,651,36,3430,1455,1456,1786,110,0,78,0,549,8,6,2,8
67,17,moe,686,45,5159,2518,2518,2451,156,0,34,0,562,8,5,3,8
67,18,moe,662,49,2450,1253,1253,1071,60,0,66,0,643,8,7,1,8
67,19,moe,600,33,5728,2075,2075,3360,207,0,86,0,557,8,4,4,8
67,20,moe,657,34,3992,2228,2228,1631,106,0,27,0,564,8,6,2,8
67,21,moe,715,38,8960,3696,3696,4872,298,0,94,0,643,8,3,5,8
67,22,moe,712,37,5303,2546,2546,2521,156,0,80,0,556,8,5,3,8
67,23,moe,597,40,8284,3996,3996,3956,245,1,86,0,660,8,4,4,8
67,24,moe,7034,36,8898,3787,3787,4760,299,0,52,0,650,8,3,5,8
67,25,moe,699,34,6575,3494,3494,2862,181,0,38,0,649,8,5,3,8
67,26,moe,602,47,10206,5078,5081,4768,298,0,59,0,650,8,3,5,8
67,-1,epi,0,0,0,0,0,0,0,0,4406,0,0,0,0,0,0
68,-2,pre,214,0,0,0,0,0,0,0,0,0,0,0,0,0,0
68,0,dense,1235,43,0,0,0,0,0,0,0,0,0,0,0,0,0
68,1,moe,711,34,9116,4008,4008,4755,300,0,53,0,646,8,3,5,8
68,2,moe,660,34,4498,2430,2430,1911,127,0,30,0,647,8,6,2,8
68,3,moe,602,35,4621,2560,2560,1903,132,0,26,0,638,8,6,2,8
68,4,moe,663,39,8143,4480,4480,3354,207,0,102,0,552,8,4,4,8
68,5,moe,701,36,9,0,0,0,0,0,9,0,550,8,8,0,8
68,6,moe,669,45,2403,1211,1211,1069,60,1,62,0,639,8,7,1,8
68,7,moe,608,32,9,0,0,0,0,0,9,0,547,8,8,0,8
68,8,moe,661,39,10,0,0,0,0,0,10,0,552,8,8,0,8
68,9,moe,709,35,2321,1287,1287,952,60,0,22,0,646,8,7,1,8
68,10,moe,662,36,3431,1530,1530,1713,105,0,83,0,559,8,6,2,8
68,11,moe,598,34,4220,1579,1580,2449,155,0,36,0,556,8,5,3,8
68,12,moe,656,35,1491,319,319,1051,59,0,62,0,642,8,7,1,8
68,13,moe,715,37,3157,2152,2152,886,54,0,65,0,557,8,7,1,8
68,14,moe,670,38,1176,283,283,820,53,0,20,0,556,8,7,1,8
68,15,moe,589,45,3803,1598,1599,2007,126,0,71,0,641,8,6,2,8
68,16,moe,677,38,10,0,0,0,0,0,10,0,558,8,8,0,8
68,17,moe,707,36,1292,282,282,885,52,0,73,0,549,8,7,1,8
68,18,moe,660,34,9,0,0,0,0,0,9,0,641,8,8,0,8
68,19,moe,597,33,4440,1781,1781,2460,161,0,38,0,565,8,5,3,8
68,20,moe,666,37,1186,295,295,818,53,0,20,0,558,8,7,1,8
68,21,moe,718,44,9,0,0,0,0,0,9,0,644,8,8,0,8
68,22,moe,711,33,2319,549,549,1637,103,0,30,0,565,8,6,2,8
68,23,moe,606,36,1542,313,313,1096,66,0,67,0,625,8,7,1,8
68,24,moe,685,36,4605,2473,2473,1973,131,0,28,0,624,8,6,2,8
68,25,moe,682,35,4138,943,943,2966,192,0,37,0,628,8,5,3,8
68,26,moe,595,34,5284,2068,2069,2977,200,0,38,0,625,8,5,3,8
68,-1,epi,0,0,0,0,0,0,0,0,3818,0,0,0,0,0,0
69,-2,pre,43,0,0,0,0,0,0,0,0,0,0,0,0,0,0
69,0,dense,1189,38,0,0,0,0,0,0,0,0,0,0,0,0,0
69,1,moe,677,38,3773,1638,1638,1973,128,0,34,0,624,8,6,2,8
69,2,moe,653,35,23,0,0,0,0,0,23,0,618,8,8,0,8
69,3,moe,587,35,5903,2677,2677,2979,211,0,36,0,818,8,5,3,8
69,4,moe,649,40,2204,1133,1133,922,61,1,87,0,642,8,7,1,8
69,5,moe,715,45,10,0,0,0,0,0,10,0,597,8,8,0,8
69,6,moe,648,43,10,0,0,0,0,0,10,0,733,8,8,0,8
69,7,moe,610,38,3972,2116,2116,1706,119,0,31,0,656,8,6,2,8
69,8,moe,647,38,1202,268,268,853,59,0,22,0,551,8,7,1,8
69,9,moe,696,222,11,0,0,0,0,0,11,0,713,8,8,0,8
69,10,moe,648,39,7601,5747,5747,1705,111,0,38,0,555,8,6,2,8
69,11,moe,598,36,3363,1520,1521,1701,109,0,32,0,553,8,6,2,8
69,12,moe,660,38,10,0,0,0,0,0,10,0,622,8,8,0,8
69,13,moe,678,37,9,0,0,0,0,0,9,0,549,8,8,0,8
69,14,moe,655,35,1214,285,285,847,56,0,26,0,549,8,7,1,8
69,15,moe,585,36,1550,295,295,1114,64,0,77,0,624,8,7,1,8
69,16,moe,665,72,21,0,0,0,0,0,21,0,559,8,8,0,8
69,17,moe,688,44,10,0,0,0,0,0,10,0,555,8,8,0,8
69,18,moe,649,38,8,0,0,0,0,0,8,0,628,8,8,0,8
69,19,moe,594,37,10,0,0,0,0,0,10,0,556,8,8,0,8
69,20,moe,649,38,2305,1221,1221,941,57,0,86,0,548,8,7,1,8
69,21,moe,688,40,2558,1365,1365,1081,66,0,46,0,628,8,7,1,8
69,22,moe,683,46,9,0,0,0,0,0,9,0,546,8,8,0,8
69,23,moe,588,34,9,0,0,0,0,0,9,0,619,8,8,0,8
69,24,moe,678,37,1565,492,492,986,63,0,24,0,624,8,7,1,8
69,25,moe,685,37,1395,326,326,986,63,0,20,0,621,8,7,1,8
69,26,moe,597,35,2327,1244,1244,996,66,0,21,0,621,8,7,1,8
69,-1,epi,0,0,0,0,0,0,0,0,3820,0,0,0,0,0,0
70,-2,pre,39,0,0,0,0,0,0,0,0,0,0,0,0,0,0
70,0,dense,1192,40,0,0,0,0,0,0,0,0,0,0,0,0,0
70,1,moe,678,36,3793,1660,1660,1975,126,0,32,0,617,8,6,2,8
70,2,moe,662,40,10,0,0,0,0,0,10,0,619,8,8,0,8
70,3,moe,585,35,5190,1974,1975,2973,193,0,49,0,625,8,5,3,8
70,4,moe,654,35,1338,280,280,923,54,0,81,0,544,8,7,1,8
70,5,moe,676,35,2088,1159,1159,855,54,0,20,0,553,8,7,1,8
70,6,moe,648,38,10,0,0,0,0,0,10,0,674,8,8,0,8
70,7,moe,602,34,2108,1185,1185,850,54,0,19,0,557,8,7,1,8
70,8,moe,651,39,2079,1148,1148,853,57,0,21,0,548,8,7,1,8
70,9,moe,684,36,8,0,0,0,0,0,8,0,614,8,8,0,8
70,10,moe,649,36,4082,2228,2228,1710,113,0,31,0,551,8,6,2,8
70,11,moe,600,38,3262,1418,1418,1703,113,0,28,0,555,8,6,2,8
70,12,moe,656,36,3958,1644,1644,2105,129,0,80,0,625,8,6,2,8
70,13,moe,685,36,4146,2189,2189,1770,113,0,74,0,553,8,6,2,8
70,14,moe,658,42,2049,1121,1121,850,55,0,23,0,546,8,7,1,8
70,15,moe,598,34,1557,325,325,1099,62,0,71,0,624,8,7,1,8
70,16,moe,659,40,10,0,0,0,0,0,10,0,540,8,8,0,8
70,17,moe,679,35,9,0,0,0,0,0,9,0,551,8,8,0,8
70,18,moe,654,40,1398,319,319,987,66,0,26,0,617,8,7,1,8
70,19,moe,590,35,9,0,0,0,0,0,9,0,546,8,8,0,8
70,20,moe,653,39,5551,4478,4478,938,57,0,78,0,550,8,7,1,8
70,21,moe,680,37,10,0,0,0,0,0,10,0,617,8,8,0,8
70,22,moe,683,37,1204,276,276,849,58,0,21,0,550,8,7,1,8
70,23,moe,602,36,3855,1551,1551,2094,131,0,79,0,626,8,6,2,8
70,24,moe,688,32,2796,659,659,1976,131,0,30,0,619,8,6,2,8
70,25,moe,689,37,3720,1569,1569,1993,125,1,32,0,622,8,6,2,8
70,26,moe,598,31,1379,310,310,983,65,0,21,0,617,8,7,1,8
70,-1,epi,0,0,0,0,0,0,0,0,3826,0,0,0,0,0,0
71,-2,pre,37,0,0,0,0,0,0,0,0,0,0,0,0,0,0
71,0,dense,1162,36,0,0,0,0,0,0,0,0,0,0,0,0,0
71,1,moe,684,33,9,0,0,0,0,0,9,0,615,8,8,0,8
71,2,moe,647,31,1404,317,317,1001,65,0,21,0,626,8,7,1,8
71,3,moe,616,31,4929,2803,2803,1973,125,0,28,0,625,8,6,2,8
71,4,moe,649,34,9,0,0,0,0,0,9,0,541,8,8,0,8
71,5,moe,690,34,3446,1485,1485,1777,114,0,70,0,550,8,6,2,8
71,6,moe,660,37,9,0,0,0,0,0,9,0,622,8,8,0,8
71,7,moe,601,31,2053,1126,1126,851,57,0,19,0,547,8,7,1,8
71,8,moe,644,33,9,0,0,0,0,0,9,0,537,8,8,0,8
71,9,moe,684,31,1569,326,326,1106,66,0,71,0,623,8,7,1,8
71,10,moe,648,32,2218,1150,1150,941,57,0,70,0,557,8,7,1,8
71,11,moe,587,37,1188,265,265,848,55,0,20,0,552,8,7,1,8
71,12,moe,664,31,9,0,0,0,0,1,8,0,621,8,8,0,8
71,13,moe,687,36,2049,1122,1122,852,55,0,20,0,550,8,7,1,8
71,14,moe,652,31,8469,3904,3904,4242,268,0,55,0,554,8,3,5,8
71,15,moe,606,31,1537,312,312,1092,63,0,70,0,619,8,7,1,8
71,16,moe,651,33,2214,1185,1185,907,56,0,66,0,550,8,7,1,8
71,17,moe,681,34,1203,276,276,852,57,0,18,0,553,8,7,1,8
71,18,moe,650,31,2515,1295,1295,1089,63,0,68,0,630,8,7,1,8
71,19,moe,592,29,2326,1303,1303,919,57,0,47,0,553,8,7,1,8
71,20,moe,663,32,9,0,0,0,0,0,9,0,555,8,8,0,8
71,21,moe,675,32,10,0,0,0,0,0,10,0,615,8,8,0,8
71,22,moe,676,31,9,0,0,0,0,0,9,0,552,8,8,0,8
71,23,moe,572,32,5509,2161,2161,3076,187,0,85,0,623,8,5,3,8
71,24,moe,681,31,2286,1214,1214,990,63,0,19,0,619,8,7,1,8
71,25,moe,687,35,1401,324,324,993,65,1,18,0,623,8,7,1,8
71,26,moe,596,31,4504,2371,2371,1975,125,0,33,0,621,8,6,2,8
71,-1,epi,0,0,0,0,0,0,0,0,3833,0,0,0,0,0,0
72,-2,pre,205,0,0,0,0,0,0,0,0,0,0,0,0,0,0
72,0,dense,1168,33,0,0,0,0,0,0,0,0,0,0,0,0,0
72,1,moe,687,35,6765,2496,2498,3964,252,0,51,0,626,8,4,4,8
72,2,moe,651,33,7031,3830,3830,2973,191,0,37,0,623,8,5,3,8
72,3,moe,599,34,4491,1278,1278,2980,194,0,39,0,617,8,5,3,8
72,4,moe,654,35,1327,254,254,927,55,0,91,0,548,8,7,1,8
72,5,moe,686,35,1616,685,685,850,59,0,22,0,553,8,7,1,8
72,6,moe,654,33,2494,1251,1251,1119,62,0,62,0,617,8,7,1,8
72,7,moe,670,38,5035,3983,3984,931,57,0,63,0,546,8,7,1,8
72,8,moe,648,37,4264,2414,2414,1711,109,0,30,0,550,8,6,2,8
72,9,moe,690,35,4644,2377,2377,2073,125,0,69,0,634,8,6,2,8
72,10,moe,647,36,9,0,0,0,0,0,9,0,548,8,8,0,8
72,11,moe,601,39,4862,1969,1969,2631,168,0,94,0,554,8,5,3,8
72,12,moe,661,36,4791,2491,2491,2091,130,0,79,0,626,8,6,2,8
72,13,moe,677,40,1349,286,286,939,55,0,69,0,544,8,7,1,8
72,14,moe,643,38,5615,3772,3772,1698,114,0,31,0,548,8,6,2,8
72,15,moe,584,36,5378,2055,2055,3051,186,0,86,0,623,8,5,3,8
72,16,moe,652,37,4279,2335,2335,1764,108,0,72,0,542,8,6,2,8
72,17,moe,674,41,1994,1072,1072,848,55,0,19,0,549,8,7,1,8
72,18,moe,650,37,2475,1257,1257,1089,66,0,63,0,620,8,7,1,8
72,19,moe,591,39,3410,1455,1455,1769,110,0,76,0,547,8,6,2,8
72,20,moe,649,38,3293,1449,1449,1705,108,0,31,0,549,8,6,2,8
72,21,moe,676,38,5356,1984,1985,3098,186,0,87,0,618,8,5,3,8
72,22,moe,682,46,2221,1174,1174,927,58,0,62,0,556,8,7,1,8
72,23,moe,596,36,4207,1929,1929,2082,130,0,66,0,628,8,6,2,8
72,24,moe,682,37,3738,1581,1581,1996,131,0,30,0,621,8,6,2,8
72,25,moe,684,39,7505,3260,3260,3949,251,0,45,0,623,8,4,4,8
72,26,moe,590,35,7453,3157,3157,3970,280,0,46,0,623,8,4,4,8
72,-1,epi,0,0,0,0,0,0,0,0,3812,0,0,0,0,0,0
73,-2,pre,271,0,0,0,0,0,0,0,0,0,0,0,0,0,0
73,0,dense,1181,39,0,0,0,0,0,0,0,0,0,0,0,0,0
73,1,moe,672,36,8401,4125,4125,3972,257,0,47,0,621,8,4,4,8
73,2,moe,660,39,5888,2681,2681,2974,195,0,38,0,619,8,5,3,8
73,3,moe,583,35,5144,1957,1957,2960,188,0,39,0,618,8,5,3,8
73,4,moe,657,45,3451,1487,1487,1767,110,0,87,0,548,8,6,2,8
73,5,moe,678,36,9,0,0,0,0,0,9,0,543,8,8,0,8
73,6,moe,645,37,9,0,0,0,0,0,9,0,610,8,8,0,8
73,7,moe,594,35,2064,1135,1135,853,55,0,21,0,548,8,7,1,8
73,8,moe,656,36,4010,2146,2146,1718,114,0,32,0,551,8,6,2,8
73,9,moe,680,36,2693,1445,1445,1111,65,0,72,0,626,8,7,1,8
73,10,moe,647,36,5668,2773,2773,2634,169,0,92,0,549,8,5,3,8
73,11,moe,585,35,3278,1441,1441,1697,114,0,26,0,546,8,6,2,8
73,12,moe,646,36,1532,321,322,1087,66,0,57,0,623,8,7,1,8
73,13,moe,681,39,2192,1161,1161,909,57,0,65,0,553,8,7,1,8
73,14,moe,650,41,5968,3206,3206,2559,167,0,36,0,551,8,5,3,8
73,15,moe,588,36,3855,1570,1570,2087,132,0,66,0,617,8,6,2,8
73,16,moe,654,35,2177,1137,1137,922,54,0,64,0,545,8,7,1,8
73,17,moe,680,35,8,0,0,0,0,0,8,0,546,8,8,0,8
73,18,moe,643,34,6082,2732,2732,3075,186,0,89,0,618,8,5,3,8
73,19,moe,584,35,4557,1697,1697,2608,164,0,88,0,550,8,5,3,8
73,20,moe,652,35,4076,2245,2245,1694,111,0,26,0,549,8,6,2,8
73,21,moe,681,35,7036,3694,3694,3061,188,0,93,0,642,8,5,3,8
73,22,moe,693,40,5409,2509,2509,2621,176,0,103,0,637,8,5,3,8
73,23,moe,625,41,6901,3513,3514,3077,212,0,98,0,693,8,5,3,8
73,24,moe,704,43,8220,3925,3925,3963,281,0,51,0,632,8,4,4,8
73,25,moe,681,40,6124,2911,2911,2965,206,0,42,0,632,8,5,3,8
73,26,moe,609,42,1402,321,321,986,73,0,22,0,628,8,7,1,8
73,-1,epi,0,0,0,0,0,0,0,0,3824,0,0,0,0,0,0
74,-2,pre,58,0,0,0,0,0,0,0,0,0,0,0,0,0,0
74,0,dense,1173,39,0,0,0,0,0,0,0,0,0,0,0,0,0
74,1,moe,684,44,1415,325,325,990,74,0,26,0,625,8,7,1,8
74,2,moe,661,39,1406,322,322,989,75,0,20,0,622,8,7,1,8
74,3,moe,594,36,2362,1276,1276,992,73,0,21,0,619,8,7,1,8
74,4,moe,658,40,3556,1571,1572,1775,111,0,98,0,552,8,6,2,8
74,5,moe,688,44,10,0,0,0,0,0,10,0,545,8,8,0,8
74,6,moe,654,37,2468,1219,1219,1107,67,0,75,0,637,8,7,1,8
74,7,moe,596,37,10,0,0,0,0,0,10,0,542,8,8,0,8
74,8,moe,652,39,2225,1157,1157,934,58,0,76,0,558,8,7,1,8
74,9,moe,691,37,2439,1208,1208,1101,66,0,64,0,621,8,7,1,8
74,10,moe,648,37,9,0,0,0,0,0,9,0,547,8,8,0,8
74,11,moe,581,39,9,0,0,0,0,0,9,0,544,8,8,0,8
74,12,moe,644,36,2794,651,651,1978,131,0,34,0,626,8,6,2,8
74,13,moe,688,40,2204,1135,1135,931,58,0,80,0,549,8,7,1,8
74,14,moe,658,36,5375,2622,2622,2552,161,0,40,0,547,8,5,3,8
74,15,moe,590,38,4129,1815,1815,2105,126,0,83,0,621,8,6,2,8
74,16,moe,651,40,3729,852,852,2620,162,0,95,0,562,8,5,3,8
74,17,moe,673,40,3239,1393,1393,1699,108,0,39,0,556,8,6,2,8
74,18,moe,656,43,4917,2622,2622,2095,125,0,75,0,616,8,6,2,8
74,19,moe,593,36,6439,3570,3570,2617,162,0,90,0,554,8,5,3,8
74,20,moe,643,40,3230,1395,1395,1698,109,0,28,0,550,8,6,2,8
74,21,moe,677,38,5466,2119,2119,3070,187,0,90,0,628,8,5,3,8
74,22,moe,676,37,4514,1650,1650,2616,163,0,85,0,550,8,5,3,8
74,23,moe,596,35,4739,2478,2478,2073,126,0,62,0,626,8,6,2,8
74,24,moe,681,37,4009,1862,1864,1988,130,0,27,0,622,8,6,2,8
74,25,moe,680,43,1402,329,329,988,64,0,21,0,622,8,7,1,8
74,26,moe,600,39,2798,660,660,1982,130,0,26,0,620,8,6,2,8
74,-1,epi,0,0,0,0,0,0,0,0,3823,0,0,0,0,0,0
75,-2,pre,74,0,0,0,0,0,0,0,0,0,0,0,0,0,0
75,0,dense,1165,41,0,0,0,0,0,0,0,0,0,0,0,0,0
75,1,moe,681,36,3779,1652,1653,1971,127,0,28,0,647,8,6,2,8
75,2,moe,646,36,9,0,0,0,0,1,8,0,616,8,8,0,8
75,3,moe,583,35,9,0,0,0,0,0,9,0,619,8,8,0,8
75,4,moe,727,35,9,0,0,0,0,0,9,0,547,8,8,0,8
75,5,moe,682,35,3144,2086,2086,920,55,0,83,0,563,8,7,1,8
75,6,moe,660,46,9,0,0,0,0,0,9,0,617,8,8,0,8
75,7,moe,597,44,2180,1250,1250,852,55,0,23,0,557,8,7,1,8
75,8,moe,661,38,1202,280,280,849,55,0,18,0,552,8,7,1,8
75,9,moe,686,38,10,0,0,0,0,0,10,0,617,8,8,0,8
75,10,moe,644,35,8,0,0,0,0,0,8,0,550,8,8,0,8
75,11,moe,584,37,3476,1644,1644,1693,109,0,30,0,554,8,6,2,8
75,12,moe,662,36,9,0,0,0,0,0,9,0,614,8,8,0,8
75,13,moe,689,34,6041,3288,3288,2553,162,0,38,0,555,8,5,3,8
75,14,moe,646,35,10,0,0,0,0,0,10,0,543,8,8,0,8
75,15,moe,569,33,9,0,0,0,0,0,9,0,629,8,8,0,8
75,16,moe,653,35,6171,3411,3412,2552,168,0,39,0,551,8,5,3,8
75,17,moe,686,36,4572,1803,1803,2565,166,0,38,0,557,8,5,3,8
75,18,moe,654,37,2484,1252,1252,1090,67,0,75,0,625,8,7,1,8
75,19,moe,599,35,4883,1993,1994,2621,171,0,97,0,554,8,5,3,8
75,20,moe,656,40,2239,1305,1305,857,57,0,20,0,551,8,7,1,8
75,21,moe,682,36,3844,1530,1532,2096,127,0,89,0,625,8,6,2,8
75,22,moe,684,34,9,0,0,0,0,0,9,0,550,8,8,0,8
75,23,moe,592,38,3645,1504,1505,1982,130,0,28,0,624,8,6,2,8
75,24,moe,680,35,2342,1260,1260,996,66,0,20,0,626,8,7,1,8
75,25,moe,681,36,9107,4864,4864,3952,249,0,42,0,643,8,4,4,8
75,26,moe,642,49,3642,1455,1456,2021,135,0,30,0,716,8,6,2,8
75,-1,epi,0,0,0,0,0,0,0,0,4090,0,0,0,0,0,0
76,-2,pre,37,0,0,0,0,0,0,0,0,0,0,0,0,0,0
76,0,dense,1196,43,0,0,0,0,0,0,0,0,0,0,0,0,0
76,1,moe,699,38,12,0,0,0,0,0,12,0,643,8,8,0,8
76,2,moe,668,72,5639,4559,4559,991,66,0,23,0,644,8,7,1,8
76,3,moe,596,38,9,0,0,0,0,1,8,0,623,8,8,0,8
76,4,moe,653,38,3448,1475,1475,1770,111,0,92,0,571,8,6,2,8
76,5,moe,697,39,2184,1239,1239,854,58,0,33,0,557,8,7,1,8
76,6,moe,654,36,9,0,1,0,0,0,8,0,614,8,8,0,8
76,7,moe,607,35,9,0,0,0,0,0,9,0,547,8,8,0,8
76,8,moe,647,37,9,0,0,0,0,0,9,0,546,8,8,0,8
76,9,moe,682,35,5163,2863,2863,2082,132,0,86,0,635,8,6,2,8
76,10,moe,649,40,3417,1437,1437,1783,110,0,87,0,552,8,6,2,8
76,11,moe,597,38,9,0,1,0,0,0,8,0,543,8,8,0,8
76,12,moe,646,36,9,0,0,0,0,0,9,0,621,8,8,0,8
76,13,moe,681,37,4186,2324,2324,1718,112,0,32,0,559,8,6,2,8
76,14,moe,649,37,11,0,0,0,0,0,11,0,542,8,8,0,8
76,15,moe,583,34,6232,3903,3904,2111,127,0,90,0,621,8,6,2,8
76,16,moe,650,38,3545,1560,1560,1790,108,1,86,0,546,8,6,2,8
76,17,moe,685,68,2019,1090,1090,849,56,0,24,0,575,8,7,1,8
76,18,moe,646,33,9,0,0,0,0,0,9,0,606,8,8,0,8
76,19,moe,601,35,3255,1417,1417,1699,109,0,30,0,552,8,6,2,8
76,20,moe,653,35,1215,291,291,848,55,0,21,0,551,8,7,1,8
76,21,moe,692,37,9,0,0,0,0,0,9,0,614,8,8,0,8
76,22,moe,690,36,4044,2201,2201,1699,113,0,31,0,559,8,6,2,8
76,23,moe,592,35,6232,2814,2814,3123,193,0,102,0,622,8,5,3,8
76,24,moe,682,36,7338,3078,3078,3961,247,0,52,0,624,8,4,4,8
76,25,moe,681,33,2753,623,623,1977,126,0,27,0,620,8,6,2,8
76,26,moe,606,33,8273,3914,3914,3960,352,0,47,0,710,8,4,4,8
76,-1,epi,0,0,0,0,0,0,0,0,3820,0,0,0,0,0,0
77,-2,pre,205,0,0,0,0,0,0,0,0,0,0,0,0,0,0
77,0,dense,1158,35,0,0,0,0,0,0,0,0,0,0,0,0,0
77,1,moe,698,32,9,0,0,0,0,0,9,0,613,8,8,0,8
77,2,moe,648,31,2365,1278,1278,995,66,0,26,0,623,8,7,1,8
77,3,moe,596,32,2687,1607,1607,993,66,0,21,0,616,8,7,1,8
77,4,moe,651,38,9,0,0,0,0,0,9,0,556,8,8,0,8
77,5,moe,674,34,9,0,0,0,0,0,9,0,544,8,8,0,8
77,6,moe,645,32,1410,332,332,990,66,0,22,0,624,8,7,1,8
77,7,moe,583,33,2267,1174,1174,947,57,0,89,0,546,8,7,1,8
77,8,moe,651,34,4164,2332,2332,1696,107,0,29,0,554,8,6,2,8
77,9,moe,682,34,3904,1624,1624,2075,129,1,75,0,621,8,6,2,8
77,10,moe,647,34,3424,1465,1465,1767,113,0,79,0,547,8,6,2,8
77,11,moe,588,31,6611,4762,4762,1700,113,0,36,0,550,8,6,2,8
77,12,moe,644,35,4854,2550,2550,2094,126,0,84,0,621,8,6,2,8
77,13,moe,681,32,4843,1946,1946,2641,161,0,95,0,554,8,5,3,8
77,14,moe,649,36,4121,2273,2273,1710,109,1,28,0,556,8,6,2,8
77,15,moe,597,32,5362,2029,2029,3057,187,0,89,0,632,8,5,3,8
77,16,moe,651,32,4244,2290,2291,1776,108,0,69,0,550,8,6,2,8
77,17,moe,678,32,2055,1128,1128,852,56,0,19,0,552,8,7,1,8
77,18,moe,648,33,6762,2369,2369,4042,247,0,104,0,628,8,4,4,8
77,19,moe,591,31,1319,277,277,919,56,0,67,0,544,8,7,1,8
77,20,moe,652,31,2097,1164,1165,857,55,0,20,0,557,8,7,1,8
77,21,moe,691,36,2557,1338,1338,1086,66,0,67,0,620,8,7,1,8
77,22,moe,690,31,1319,273,273,924,57,0,65,0,564,8,7,1,8
77,23,moe,596,30,2468,1272,1272,1079,65,0,52,0,624,8,7,1,8
77,24,moe,691,36,6798,3602,3602,2966,188,0,42,0,632,8,5,3,8
77,25,moe,681,34,4222,1018,1018,2970,195,0,39,0,641,8,5,3,8
77,26,moe,586,30,1403,328,328,991,66,0,18,0,692,8,7,1,8
77,-1,epi,0,0,0,0,0,0,0,0,3819,0,0,0,0,0,0
78,-2,pre,38,0,0,0,0,0,0,0,0,0,0,0,0,0,0
78,0,dense,1198,267,0,0,0,0,0,0,0,0,0,0,0,0,0
78,1,moe,722,39,5401,4325,4325,989,65,0,22,0,624,8,7,1,8
78,2,moe,658,39,10,0,0,0,0,0,10,0,620,8,8,0,8
78,3,moe,587,36,1867,787,787,994,66,0,20,0,619,8,7,1,8
78,4,moe,651,37,4673,2705,2706,1766,110,0,91,0,543,8,6,2,8
78,5,moe,681,36,4118,2269,2269,1700,119,0,30,0,591,8,6,2,8
78,6,moe,667,45,10,0,0,0,0,0,10,0,636,8,8,0,8
78,7,moe,642,35,3240,1393,1393,1696,115,0,36,0,667,8,6,2,8
78,8,moe,664,42,11,0,0,0,0,0,11,0,596,8,8,0,8
78,9,moe,708,38,10,0,0,0,0,0,10,0,740,8,8,0,8
78,10,moe,648,43,2098,1156,1156,855,64,0,23,0,603,8,7,1,8
78,11,moe,610,41,9,0,0,0,0,0,9,0,558,8,8,0,8
78,12,moe,699,39,3303,1261,1261,1898,67,0,77,0,632,8,7,1,8
78,13,moe,699,45,11,0,0,0,0,0,11,0,551,8,8,0,8
78,14,moe,663,39,1385,282,282,955,59,0,89,0,565,8,7,1,8
78,15,moe,619,37,10,0,0,0,0,0,10,0,618,8,8,0,8
78,16,moe,673,38,10,0,0,0,0,0,10,0,556,8,8,0,8
78,17,moe,687,40,10,0,0,0,0,0,10,0,546,8,8,0,8
78,18,moe,653,38,1630,335,335,1146,69,0,80,0,632,8,7,1,8
78,19,moe,594,40,4546,2526,2526,1826,115,0,79,0,569,8,6,2,8
78,20,moe,667,41,2848,1164,1164,1599,61,0,24,0,578,8,7,1,8
78,21,moe,699,42,1796,496,496,1160,67,0,73,0,625,8,7,1,8
78,22,moe,689,37,10581,5665,5665,4507,288,0,121,0,561,8,3,5,8
78,23,moe,592,40,9484,1543,1543,7588,267,0,86,0,632,8,4,4,8
78,24,moe,708,39,6233,2867,2867,3109,211,0,46,0,640,8,5,3,8
78,25,moe,684,42,9,0,0,0,0,0,9,0,621,8,8,0,8
78,26,moe,595,36,2829,682,682,1984,130,0,33,0,667,8,6,2,8
78,-1,epi,0,0,0,0,0,0,0,0,3820,0,0,0,0,0,0
79,-2,pre,48,0,0,0,0,0,0,0,0,0,0,0,0,0,0
79,0,dense,1180,40,0,0,0,0,0,0,0,0,0,0,0,0,0
79,1,moe,693,38,5771,1298,1299,4157,268,0,47,0,636,8,4,4,8
79,2,moe,677,44,8888,5557,5558,3097,195,0,38,0,631,8,5,3,8
79,3,moe,595,39,7742,3315,3315,4119,257,0,51,0,630,8,4,4,8
79,4,moe,661,37,3754,846,846,2649,160,0,99,0,588,8,5,3,8
79,5,moe,695,44,1912,292,292,1541,57,0,22,0,561,8,7,1,8
79,6,moe,665,41,2513,1286,1286,1096,63,0,68,0,628,8,7,1,8
79,7,moe,598,38,9,0,0,0,0,0,9,0,556,8,8,0,8
79,8,moe,666,37,3471,1506,1506,1775,109,0,81,0,556,8,6,2,8
79,9,moe,706,46,6133,2798,2798,3057,188,0,90,0,629,8,5,3,8
79,10,moe,654,41,2868,895,895,1797,107,0,69,0,552,8,6,2,8
79,11,moe,602,49,1169,249,249,847,56,0,17,0,560,8,7,1,8
79,12,moe,666,38,4030,1747,1747,2086,124,0,73,0,627,8,6,2,8
79,13,moe,692,38,9,0,0,0,0,0,9,0,557,8,8,0,8
79,14,moe,663,38,7506,2543,2543,4683,170,0,110,0,564,8,5,3,8
79,15,moe,595,37,8502,2750,2750,5473,191,0,88,0,649,8,5,3,8
79,16,moe,670,36,8105,3391,3392,4339,270,0,104,0,569,8,3,5,8
79,17,moe,691,41,6417,1831,1831,4260,272,0,54,0,571,8,3,5,8
79,18,moe,665,41,9318,3812,3813,5070,325,0,110,0,631,8,3,5,8
79,19,moe,587,40,8987,3369,3369,5180,322,0,116,0,563,8,2,6,8
79,20,moe,655,37,10440,2405,2405,7691,278,0,66,0,566,8,3,5,8
79,21,moe,693,38,9145,3644,3644,5079,311,0,111,0,633,8,3,5,8
79,22,moe,697,43,8622,3896,3896,4343,270,0,113,0,565,8,3,5,8
79,23,moe,606,35,8800,2240,2240,6063,381,1,115,0,633,8,2,6,8
79,24,moe,695,41,13693,4326,4328,8993,321,0,51,0,640,8,3,5,8
79,25,moe,689,41,10829,3373,3373,6934,449,0,73,0,633,8,1,7,8
79,26,moe,607,45,10576,3911,3913,5928,674,0,61,0,639,8,2,6,8
79,-1,epi,0,0,0,0,0,0,0,0,3814,0,0,0,0,0,0
80,-2,pre,42,0,0,0,0,0,0,0,0,0,0,0,0,0,0
80,0,dense,1204,39,0,0,0,0,0,0,0,0,0,0,0,0,0
80,1,moe,695,42,5569,1291,1291,3964,260,0,54,0,628,8,4,4,8
80,2,moe,658,38,5314,1558,1558,3592,131,0,33,0,623,8,6,2,8
80,3,moe,602,40,5291,1545,1545,3586,131,0,29,0,623,8,6,2,8
80,4,moe,670,36,3470,1476,1476,1787,109,0,98,0,560,8,6,2,8
80,5,moe,698,40,1197,268,268,853,57,0,19,0,556,8,7,1,8
80,6,moe,665,36,2601,1328,1328,1135,65,1,72,0,630,8,7,1,8
80,7,moe,603,44,2069,300,300,1648,58,0,63,0,552,8,7,1,8
80,8,moe,661,36,9,0,0,0,0,0,9,0,550,8,8,0,8
80,9,moe,703,40,2903,649,649,2066,125,0,63,0,646,8,6,2,8
80,10,moe,658,37,1326,290,290,913,55,0,68,0,565,8,7,1,8
80,11,moe,610,36,2380,537,537,1709,109,0,25,0,558,8,6,2,8
80,12,moe,671,45,2882,606,606,2074,128,0,74,0,634,8,6,2,8
80,13,moe,687,41,3887,561,561,3132,112,0,82,0,562,8,6,2,8
80,14,moe,680,38,4809,2067,2067,2545,161,0,36,0,557,8,5,3,8
80,15,moe,579,36,6304,1933,1933,4033,249,0,89,0,630,8,4,4,8
80,16,moe,664,36,2515,571,571,1762,109,0,73,0,555,8,6,2,8
80,17,moe,696,40,5971,3230,3230,2544,163,0,34,0,562,8,5,3,8
80,18,moe,665,38,5509,1611,1611,3691,129,0,78,0,634,8,6,2,8
80,19,moe,601,35,7859,4077,4077,3468,214,0,100,0,561,8,4,4,8
80,20,moe,656,36,2089,1159,1159,855,55,0,20,0,557,8,7,1,8
80,21,moe,692,37,6866,2431,2432,4077,260,0,97,0,631,8,4,4,8
80,22,moe,686,43,2241,1170,1170,938,57,0,76,0,563,8,7,1,8
80,23,moe,607,41,2885,606,606,2088,127,0,64,0,635,8,6,2,8
80,24,moe,691,41,2945,799,799,1980,131,0,35,0,636,8,6,2,8
80,25,moe,704,43,6986,1626,1627,4995,308,0,56,0,637,8,3,5,8
80,26,moe,595,41,6609,964,964,5411,195,0,39,0,632,8,5,3,8
80,-1,epi,0,0,0,0,0,0,0,0,3830,0,0,0,0,0,0
81,-2,pre,44,0,0,0,0,0,0,0,0,0,0,0,0,0,0
81,0,dense,1190,43,0,0,0,0,0,0,0,0,0,0,0,0,0
81,1,moe,702,39,4256,975,975,3050,190,0,41,0,631,8,5,3,8
81,2,moe,700,50,5194,1950,1950,3005,192,0,47,0,625,8,5,3,8
81,3,moe,629,40,7251,1705,1705,5156,334,1,55,0,647,8,3,5,8
81,4,moe,672,41,3753,848,848,2618,166,0,121,0,557,8,5,3,8
81,5,moe,698,42,2162,1229,1229,856,55,0,22,0,558,8,7,1,8
81,6,moe,659,37,9,0,0,0,0,0,9,0,628,8,8,0,8
81,7,moe,596,34,10,0,0,0,0,0,10,0,557,8,8,0,8
81,8,moe,656,37,1199,275,277,847,56,0,19,0,568,8,7,1,8
81,9,moe,696,39,2361,323,323,1901,66,0,71,0,636,8,7,1,8
81,10,moe,662,42,2188,1142,1142,917,55,0,74,0,561,8,7,1,8
81,11,moe,587,1093,2458,608,608,1708,109,0,33,0,572,8,6,2,8
81,12,moe,696,3083,1826,358,358,1120,64,0,284,0,627,8,7,1,8
81,13,moe,694,457,8962,2086,2086,4686,168,0,2022,0,562,8,5,3,8
81,14,moe,672,56,2401,562,562,1702,109,0,28,0,560,8,6,2,8
81,15,moe,601,40,8673,2871,2871,5517,198,0,87,0,800,8,5,3,8
81,16,moe,667,41,5845,884,884,4677,176,0,108,0,684,8,5,3,8
81,17,moe,708,43,4776,2007,2007,2551,174,0,44,0,563,8,5,3,8
81,18,moe,658,41,6238,2880,2880,3069,186,0,103,0,642,8,5,3,8
81,19,moe,599,37,6030,2196,2197,3499,224,0,110,0,569,8,4,4,8
81,20,moe,661,42,6694,2109,2109,4256,270,0,59,0,569,8,3,5,8
81,21,moe,699,42,6353,2995,2996,3073,193,0,91,0,630,8,5,3,8
81,22,moe,691,42,5924,2134,2134,3467,221,0,102,0,565,8,4,4,8
81,23,moe,599,43,10398,4934,4935,5047,309,0,107,0,636,8,3,5,8
81,24,moe,699,38,6435,2192,2192,3948,247,0,48,0,633,8,4,4,8
81,25,moe,686,36,6915,1579,1579,4972,310,0,54,0,639,8,3,5,8
81,26,moe,595,37,6992,1548,1548,4948,440,0,56,0,638,8,3,5,8
81,-1,epi,0,0,0,0,0,0,0,0,3822,0,0,0,0,0,0
82,-2,pre,43,0,0,0,0,0,0,0,0,0,0,0,0,0,0
82,0,dense,1210,41,0,0,0,0,0,0,0,0,0,0,0,0,0
82,1,moe,701,39,4792,1031,1031,3598,130,1,32,0,626,8,6,2,8
82,2,moe,677,39,2739,609,609,1974,127,0,29,0,629,8,6,2,8
82,3,moe,582,36,7003,1386,1386,5384,195,0,38,0,629,8,5,3,8
82,4,moe,673,38,7715,1154,1154,6223,222,0,116,0,563,8,4,4,8
82,5,moe,710,40,2403,564,564,1705,108,0,26,0,566,8,6,2,8
82,6,moe,665,39,10,0,0,0,0,0,10,0,622,8,8,0,8
82,7,moe,593,39,2162,1235,1235,852,56,0,19,0,552,8,7,1,8
82,8,moe,665,39,9,0,0,0,0,0,9,0,555,8,8,0,8
82,9,moe,689,37,9,0,0,0,0,0,9,0,625,8,8,0,8
82,10,moe,682,37,3745,532,532,3073,112,0,28,0,564,8,6,2,8
82,11,moe,593,37,3298,1454,1454,1701,115,0,28,0,564,8,6,2,8
82,12,moe,662,32,1603,349,349,1112,67,0,75,0,632,8,7,1,8
82,13,moe,690,34,3946,579,580,3169,117,0,80,0,654,8,6,2,8
82,14,moe,699,52,1249,288,288,884,56,0,21,0,611,8,7,1,8
82,15,moe,581,32,8883,1219,1220,7300,256,0,107,0,650,8,4,4,8
82,16,moe,676,39,2544,580,580,1762,113,0,89,0,561,8,6,2,8
82,17,moe,699,39,9230,4699,4699,4200,273,0,58,0,573,8,3,5,8
82,18,moe,672,35,2557,1361,1361,1063,62,0,71,0,644,8,7,1,8
82,19,moe,634,55,1289,268,268,898,53,0,70,0,573,8,7,1,8
82,20,moe,683,33,1838,282,283,1482,54,0,19,0,566,8,7,1,8
82,21,moe,723,34,6555,977,977,5319,185,0,74,0,653,8,5,3,8
82,22,moe,725,33,3956,1175,1175,2530,156,0,95,0,562,8,5,3,8
82,23,moe,600,31,2756,580,580,1992,121,0,63,0,651,8,6,2,8
82,24,moe,724,34,1534,496,496,958,61,0,19,0,654,8,7,1,8
82,25,moe,721,31,2689,635,636,1904,120,0,29,0,664,8,6,2,8
82,26,moe,609,30,4192,928,929,2878,351,0,34,0,648,8,5,3,8
82,-1,epi,0,0,0,0,0,0,0,0,4426,0,0,0,0,0,0
83,-2,pre,205,0,0,0,0,0,0,0,0,0,0,0,0,0,0
83,0,dense,1253,34,0,0,0,0,0,0,0,0,0,0,0,0,0
83,1,moe,731,32,3697,1626,1627,1907,127,0,36,0,654,8,6,2,8
83,2,moe,670,32,2453,1378,1378,991,64,0,20,0,629,8,7,1,8
83,3,moe,584,32,5304,2110,2111,2962,194,0,37,0,625,8,5,3,8
83,4,moe,655,33,7753,3864,3864,3548,224,0,117,0,554,8,4,4,8
83,5,moe,688,34,2097,1167,1167,853,57,1,19,0,553,8,7,1,8
83,6,moe,657,34,4722,2400,2400,2106,131,0,85,0,666,8,6,2,8
83,7,moe,594,31,7499,3684,3684,3476,223,0,116,0,560,8,4,4,8
83,8,moe,656,33,2082,1154,1154,851,58,0,19,0,552,8,7,1,8
83,9,moe,693,31,2443,1178,1178,1126,65,0,74,0,625,8,7,1,8
83,10,moe,654,33,2182,1126,1126,926,57,0,73,0,556,8,7,1,8
83,11,moe,581,33,2101,1172,1172,855,55,0,19,0,554,8,7,1,8
83,12,moe,682,31,4680,2425,2425,2074,125,0,56,0,635,8,6,2,8
83,13,moe,697,35,2198,1133,1133,937,58,0,70,0,552,8,7,1,8
83,14,moe,659,34,3595,845,845,2550,160,0,40,0,554,8,5,3,8
83,15,moe,597,35,4457,616,616,3638,127,0,76,0,649,8,6,2,8
83,16,moe,676,34,9,0,0,0,0,0,9,0,561,8,8,0,8
83,17,moe,729,33,3338,1437,1437,1706,106,0,89,0,566,8,6,2,8
83,18,moe,680,33,3902,1705,1706,2002,124,0,70,0,645,8,6,2,8
83,19,moe,610,34,6425,2776,2776,3353,207,0,89,0,566,8,4,4,8
83,20,moe,670,31,3297,1530,1530,1633,105,0,29,0,565,8,6,2,8
83,21,moe,720,31,2853,639,640,2017,120,0,76,0,651,8,6,2,8
83,22,moe,720,34,2471,556,556,1726,108,0,81,0,568,8,6,2,8
83,23,moe,610,30,2564,1374,1374,1076,61,0,53,0,646,8,7,1,8
83,24,moe,721,33,4038,971,971,2852,181,0,34,0,658,8,5,3,8
83,25,moe,731,34,2156,343,343,1730,63,0,20,0,658,8,7,1,8
83,26,moe,605,30,2675,620,620,1903,125,0,27,0,706,8,6,2,8
83,-1,epi,0,0,0,0,0,0,0,0,4116,0,0,0,0,0,0
84,-2,pre,41,0,0,0,0,0,0,0,0,0,0,0,0,0,0
84,0,dense,1218,45,0,0,0,0,0,0,0,0,0,0,0,0,0
84,1,moe,692,41,6378,5300,5300,990,64,0,24,0,625,8,7,1,8
84,2,moe,667,38,2491,1415,1415,992,63,0,21,0,619,8,7,1,8
84,3,moe,583,35,4625,2496,2496,1975,125,0,29,0,622,8,6,2,8
84,4,moe,653,39,5476,2578,2578,2626,163,0,109,0,556,8,5,3,8
84,5,moe,680,39,1193,267,267,848,56,0,22,0,550,8,7,1,8
84,6,moe,656,41,3906,1600,1600,2095,125,0,86,0,630,8,6,2,8
84,7,moe,594,35,4151,2193,2193,1768,108,0,82,0,571,8,6,2,8
84,8,moe,699,35,2049,1154,1154,822,53,0,20,0,569,8,7,1,8
84,9,moe,726,37,3808,1568,1568,2033,127,0,80,0,651,8,6,2,8
84,10,moe,673,38,6255,3446,3446,2559,162,0,88,0,565,8,5,3,8
84,11,moe,600,35,2682,905,906,1637,111,0,28,0,561,8,6,2,8
84,12,moe,665,35,2381,1176,1176,1078,63,0,64,0,655,8,7,1,8
84,13,moe,718,48,1320,283,283,915,54,0,68,0,549,8,7,1,8
84,14,moe,662,35,5322,2567,2567,2556,163,0,36,0,557,8,5,3,8
84,15,moe,592,35,2426,1200,1200,1098,65,0,63,0,629,8,7,1,8
84,16,moe,664,34,2162,1114,1114,929,54,0,65,0,562,8,7,1,8
84,17,moe,710,36,2004,1113,1113,819,53,0,19,0,560,8,7,1,8
84,18,moe,673,35,4522,2303,2303,2019,120,0,80,0,646,8,6,2,8
84,19,moe,627,62,6471,2786,2786,3356,208,0,121,0,564,8,4,4,8
84,20,moe,669,36,3301,1530,1530,1636,105,0,30,0,571,8,6,2,8
84,21,moe,712,36,8932,3641,3641,4884,299,0,108,0,656,8,3,5,8
84,22,moe,734,37,3452,1564,1564,1707,104,0,77,0,563,8,6,2,8
84,23,moe,603,36,3955,1700,1700,2063,122,0,70,0,645,8,6,2,8
84,24,moe,721,38,10879,3651,3651,6935,249,0,44,0,653,8,4,4,8
84,25,moe,7602,37,7896,4699,4699,2975,178,0,44,0,652,8,5,3,8
84,26,moe,893,37,5223,1547,1547,3472,177,0,27,0,674,8,6,2,8
84,-1,epi,0,0,0,0,0,0,0,0,4407,0,0,0,0,0,0
85,-2,pre,72,0,0,0,0,0,0,0,0,0,0,0,0,0,0
85,0,dense,1268,45,0,0,0,0,0,0,0,0,0,0,0,0,0
85,1,moe,679,37,2283,1235,1235,956,71,0,21,0,787,8,7,1,8
85,2,moe,699,61,4545,2473,2473,1912,129,0,31,0,786,8,6,2,8
85,3,moe,596,41,5424,2192,2192,2979,213,0,40,0,628,8,5,3,8
85,4,moe,663,38,6806,2988,2988,3476,213,0,129,0,566,8,4,4,8
85,5,moe,683,42,1378,449,449,852,54,0,23,0,559,8,7,1,8
85,6,moe,662,38,10,0,0,0,0,0,10,0,622,8,8,0,8
85,7,moe,608,35,1226,299,299,851,55,0,21,0,562,8,7,1,8
85,8,moe,681,38,3398,2469,2469,850,57,0,22,0,556,8,7,1,8
85,9,moe,695,42,10,0,0,0,0,0,10,0,625,8,8,0,8
85,10,moe,663,37,8,0,0,0,0,0,8,0,551,8,8,0,8
85,11,moe,589,37,9,0,0,0,0,0,9,0,566,8,8,0,8
85,12,moe,673,38,4132,1839,1839,2076,125,0,92,0,633,8,6,2,8
85,13,moe,700,40,9,0,0,0,0,0,9,0,555,8,8,0,8
85,14,moe,673,40,5796,829,829,4688,167,0,112,0,564,8,5,3,8
85,15,moe,585,40,1532,316,316,1088,65,0,63,0,625,8,7,1,8
85,16,moe,670,38,1296,264,264,911,54,0,67,0,552,8,7,1,8
85,17,moe,701,38,10,0,0,0,0,0,10,0,560,8,8,0,8
85,18,moe,666,39,9,0,0,0,0,0,9,0,624,8,8,0,8
85,19,moe,594,35,1210,285,285,852,54,0,19,0,572,8,7,1,8
85,20,moe,661,36,2208,1279,1279,851,56,0,22,0,562,8,7,1,8
85,21,moe,691,35,3983,1667,1667,2103,127,0,86,0,629,8,6,2,8
85,22,moe,697,39,2216,1164,1164,927,54,0,71,0,555,8,7,1,8
85,23,moe,593,35,4828,2523,2523,2102,126,0,77,0,630,8,6,2,8
85,24,moe,683,37,2331,1256,1256,991,64,0,20,0,625,8,7,1,8
85,25,moe,691,37,2349,1280,1280,987,63,0,19,0,623,8,7,1,8
85,26,moe,600,35,10,0,0,0,0,0,10,0,698,8,8,0,8
85,-1,epi,0,0,0,0,0,0,0,0,3815,0,0,0,0,0,0
86,-2,pre,66,0,0,0,0,0,0,0,0,0,0,0,0,0,0
86,0,dense,1164,39,0,0,0,0,0,0,0,0,0,0,0,0,0
86,1,moe,682,42,9,0,0,0,0,0,9,0,613,8,8,0,8
86,2,moe,662,36,2756,622,622,1978,126,0,30,0,628,8,6,2,8
86,3,moe,588,37,9,0,0,0,0,0,9,0,629,8,8,0,8
86,4,moe,662,37,2537,551,551,1768,113,0,105,0,562,8,6,2,8
86,5,moe,691,37,4028,1275,1275,2555,161,0,37,0,556,8,5,3,8
86,6,moe,667,39,9,0,0,0,0,0,9,0,621,8,8,0,8
86,7,moe,588,40,1583,650,650,857,56,0,20,0,562,8,7,1,8
86,8,moe,678,40,9,0,0,0,0,0,9,0,559,8,8,0,8
86,9,moe,697,39,1551,312,312,1099,67,0,73,0,640,8,7,1,8
86,10,moe,661,35,10,0,0,0,0,0,10,0,560,8,8,0,8
86,11,moe,587,36,2265,1209,1209,925,56,0,75,0,560,8,7,1,8
86,12,moe,661,38,10,0,0,0,0,0,10,0,629,8,8,0,8
86,13,moe,693,37,1639,708,708,851,55,0,25,0,557,8,7,1,8
86,14,moe,660,38,2241,1317,1318,848,55,0,20,0,557,8,7,1,8
86,15,moe,584,34,2368,327,327,1902,64,0,75,0,630,8,7,1,8
86,16,moe,666,40,1329,282,282,919,57,0,71,0,561,8,7,1,8
86,17,moe,700,37,9,0,0,0,0,0,9,0,559,8,8,0,8
86,18,moe,657,37,3295,1247,1247,1907,65,0,76,0,622,8,7,1,8
86,19,moe,592,38,7523,2572,2573,4694,167,0,89,0,565,8,5,3,8
86,20,moe,674,38,2410,570,570,1699,112,0,29,0,559,8,6,2,8
86,21,moe,686,37,9,0,0,0,0,0,9,0,628,8,8,0,8
86,22,moe,686,37,3296,1459,1459,1695,109,0,33,0,559,8,6,2,8
86,23,moe,584,38,4849,2537,2537,2107,124,0,81,0,627,8,6,2,8
86,24,moe,688,36,3831,1698,1698,1976,125,0,32,0,628,8,6,2,8
86,25,moe,686,38,2272,1201,1201,989,64,0,18,0,623,8,7,1,8
86,26,moe,593,39,2346,1256,1256,1003,66,0,21,0,702,8,7,1,8
86,-1,epi,0,0,0,0,0,0,0,0,3876,0,0,0,0,0,0
87,-2,pre,79,0,0,0,0,0,0,0,0,0,0,0,0,0,0
87,0,dense,1168,39,0,0,0,0,0,0,0,0,0,0,0,0,0
87,1,moe,686,38,10,0,0,0,0,0,10,0,613,8,8,0,8
87,2,moe,652,36,9,0,0,0,0,0,9,0,613,8,8,0,8
87,3,moe,594,41,1396,316,316,994,64,0,22,0,640,8,7,1,8
87,4,moe,666,39,2534,1461,1461,933,55,0,85,0,583,8,7,1,8
87,5,moe,689,35,2129,1205,1205,848,56,0,20,0,556,8,7,1,8
87,6,moe,663,35,1586,321,321,1116,63,0,86,0,630,8,7,1,8
87,7,moe,591,35,8,0,0,0,0,0,8,0,542,8,8,0,8
87,8,moe,658,35,9,0,0,0,0,0,9,0,550,8,8,0,8
87,9,moe,696,41,2806,661,661,1986,131,0,28,0,627,8,6,2,8
87,10,moe,680,40,9,0,0,0,0,0,9,0,549,8,8,0,8
87,11,moe,582,37,2611,1559,1559,916,55,0,81,0,549,8,7,1,8
87,12,moe,666,38,9,0,0,0,0,0,9,0,627,8,8,0,8
87,13,moe,691,37,1203,278,278,848,56,0,21,0,562,8,7,1,8
87,14,moe,668,36,9,0,0,0,0,0,9,0,552,8,8,0,8
87,15,moe,588,39,8,0,0,0,0,0,8,0,626,8,8,0,8
87,16,moe,671,39,4641,3714,3714,851,56,0,20,0,560,8,7,1,8
87,17,moe,692,36,1214,289,289,852,55,0,18,0,565,8,7,1,8
87,18,moe,672,39,1537,303,303,1096,63,0,75,0,620,8,7,1,8
87,19,moe,598,35,3518,1537,1537,1790,109,0,82,0,564,8,6,2,8
87,20,moe,673,37,2127,1162,1163,849,54,0,61,0,560,8,7,1,8
87,21,moe,686,36,2567,1327,1327,1103,63,0,74,0,623,8,7,1,8
87,22,moe,692,36,9,0,0,0,0,0,9,0,553,8,8,0,8
87,23,moe,579,34,2375,483,483,1803,64,0,25,0,627,8,7,1,8
87,24,moe,711,38,6277,3082,3082,2963,191,0,41,0,683,8,5,3,8
87,25,moe,797,49,4670,841,842,3652,138,0,38,0,640,8,6,2,8
87,26,moe,593,45,3134,1214,1215,1832,66,0,21,0,716,8,7,1,8
87,-1,epi,0,0,0,0,0,0,0,0,3875,0,0,0,0,0,0
88,-2,pre,214,0,0,0,0,0,0,0,0,0,0,0,0,0,0
88,0,dense,1174,44,0,0,0,0,0,0,0,0,0,0,0,0,0
88,1,moe,687,39,4524,2372,2372,1987,129,0,36,0,619,8,6,2,8
88,2,moe,658,40,6190,2975,2975,2973,191,0,51,0,626,8,5,3,8
88,3,moe,588,37,3925,1783,1783,1980,126,0,36,0,626,8,6,2,8
88,4,moe,666,37,10,0,0,0,0,0,10,0,544,8,8,0,8
88,5,moe,679,38,3664,1665,1665,1789,107,0,103,0,555,8,6,2,8
88,6,moe,658,32,3378,1275,1275,1966,66,0,71,0,643,8,7,1,8
88,7,moe,596,31,3393,1403,1403,1787,113,0,90,0,559,8,6,2,8
88,8,moe,660,36,7450,3783,3784,3401,216,0,49,0,555,8,4,4,8
88,9,moe,687,33,6517,2626,2627,3675,128,0,87,0,636,8,6,2,8
88,10,moe,665,33,5003,1636,1637,3161,113,0,92,0,565,8,6,2,8
88,11,moe,594,31,3264,1422,1422,1699,109,0,34,0,559,8,6,2,8
88,12,moe,657,33,8506,4080,4080,4067,249,0,110,0,633,8,4,4,8
88,13,moe,691,32,5374,2488,2488,2621,161,0,104,0,556,8,5,3,8
88,14,moe,655,35,3228,1382,1382,1695,109,0,42,0,553,8,6,2,8
88,15,moe,592,31,3774,1487,1487,2082,126,0,79,0,626,8,6,2,8
88,16,moe,657,31,5621,2717,2717,2642,162,0,100,0,561,8,5,3,8
88,17,moe,685,33,4197,2349,2349,1700,112,0,36,0,570,8,6,2,8
88,18,moe,655,33,1916,643,643,1142,62,0,69,0,619,8,7,1,8
88,19,moe,601,29,2486,527,527,1774,108,0,77,0,559,8,6,2,8
88,20,moe,669,33,7465,3784,3784,3404,224,0,53,0,572,8,4,4,8
88,21,moe,703,32,4005,1719,1719,2079,125,0,82,0,630,8,6,2,8
88,22,moe,692,31,3414,1475,1475,1752,111,0,76,0,556,8,6,2,8
88,23,moe,597,34,7488,3101,3101,4043,249,0,95,0,630,8,4,4,8
88,24,moe,689,35,1401,328,328,988,64,0,21,0,625,8,7,1,8
88,25,moe,692,32,10809,3263,3264,7189,304,0,52,0,637,8,4,4,8
88,26,moe,607,35,8043,4681,4681,2970,351,0,41,0,636,8,5,3,8
88,-1,epi,0,0,0,0,0,0,0,0,3822,0,0,0,0,0,0
89,-2,pre,38,0,0,0,0,0,0,0,0,0,0,0,0,0,0
89,0,dense,1198,34,0,0,0,0,0,0,0,0,0,0,0,0,0
89,1,moe,698,34,5397,2195,2195,2961,188,0,53,0,626,8,5,3,8
89,2,moe,658,33,4611,2478,2478,1976,127,0,30,0,623,8,6,2,8
89,3,moe,593,33,5273,2068,2068,2973,192,0,40,0,625,8,5,3,8
89,4,moe,654,33,4636,1785,1785,2581,157,0,113,0,565,8,5,3,8
89,5,moe,739,30,4355,1693,1694,2466,155,0,40,0,575,8,5,3,8
89,6,moe,664,35,9,0,0,0,0,0,9,0,648,8,8,0,8
89,7,moe,609,30,7664,3230,3230,4107,268,0,59,0,575,8,3,5,8
89,8,moe,672,35,5417,2309,2309,2965,109,0,34,0,575,8,6,2,8
89,9,moe,724,34,3978,1748,1748,2017,122,0,91,0,651,8,6,2,8
89,10,moe,671,32,4679,1453,1453,3029,108,0,89,0,566,8,6,2,8
89,11,moe,598,32,4405,1733,1733,2461,163,0,48,0,570,8,5,3,8
89,12,moe,674,33,6595,2300,2300,3924,258,0,113,0,704,8,4,4,8
89,13,moe,717,40,2452,538,538,1698,112,0,104,0,646,8,6,2,8
89,14,moe,659,35,1166,263,264,824,56,0,22,0,657,8,7,1,8
89,15,moe,630,31,2848,614,614,2010,130,0,94,0,653,8,6,2,8
89,16,moe,683,39,5954,2250,2250,3365,216,0,123,0,567,8,4,4,8
89,17,moe,695,39,1190,263,263,850,54,0,23,0,559,8,7,1,8
89,18,moe,664,40,4559,660,660,3676,130,0,93,0,630,8,6,2,8
89,19,moe,605,33,3674,807,807,2594,159,0,114,0,568,8,5,3,8
89,20,moe,672,37,2239,1312,1312,849,56,0,22,0,564,8,7,1,8
89,21,moe,693,36,4370,1026,1027,3063,186,0,94,0,636,8,5,3,8
89,22,moe,702,36,3405,1466,1466,1742,112,0,85,0,562,8,6,2,8
89,23,moe,606,32,1481,310,310,1051,64,0,56,0,646,8,7,1,8
89,24,moe,721,261,14856,7620,7620,6934,249,0,53,0,660,8,4,4,8
89,25,moe,720,39,3107,1035,1035,1917,120,0,35,0,652,8,6,2,8
89,26,moe,599,37,6809,2421,2421,3825,510,0,53,0,652,8,4,4,8
89,-1,epi,0,0,0,0,0,0,0,0,4415,0,0,0,0,0,0
90,-2,pre,208,0,0,0,0,0,0,0,0,0,0,0,0,0,0
90,0,dense,1246,40,0,0,0,0,0,0,0,0,0,0,0,0,0
90,1,moe,722,39,5888,2805,2805,2863,181,0,39,0,652,8,5,3,8
90,2,moe,684,37,2337,1291,1292,959,63,0,23,0,645,8,7,1,8
90,3,moe,603,36,5189,2111,2111,2856,180,0,42,0,652,8,5,3,8
90,4,moe,669,36,1312,285,285,884,53,0,90,0,559,8,7,1,8
90,5,moe,712,35,9,0,0,0,0,0,9,0,550,8,8,0,8
90,6,moe,667,44,10,0,0,0,0,0,10,0,645,8,8,0,8
90,7,moe,608,34,7347,4583,4583,2550,169,0,45,0,558,8,5,3,8
90,8,moe,658,37,2115,1182,1182,854,58,0,21,0,554,8,7,1,8
90,9,moe,693,39,9,0,0,0,0,0,9,0,619,8,8,0,8
90,10,moe,649,37,4139,2346,2347,1651,107,0,34,0,567,8,6,2,8
90,11,moe,587,32,7228,3660,3660,3302,212,0,54,0,581,8,4,4,8
90,12,moe,674,49,5988,2771,2771,2932,183,0,102,0,654,8,5,3,8
90,13,moe,709,38,1265,261,261,876,52,1,75,0,559,8,7,1,8
90,14,moe,668,46,2777,1209,1210,1488,55,0,24,0,570,8,7,1,8
90,15,moe,587,35,6291,2526,2526,3562,126,0,77,0,645,8,6,2,8
90,16,moe,673,36,4074,2152,2153,1715,107,0,99,0,566,8,6,2,8
90,17,moe,710,38,1981,1080,1080,821,57,0,23,0,559,8,7,1,8
90,18,moe,670,38,3779,1557,1557,2016,126,0,80,0,656,8,6,2,8
90,19,moe,599,39,5717,2040,2041,3357,214,0,105,0,570,8,4,4,8
90,20,moe,669,37,6411,2837,2837,3307,209,0,58,0,571,8,4,4,8
90,21,moe,722,38,8287,3995,3995,3940,241,0,111,0,660,8,4,4,8
90,22,moe,716,37,14774,5311,5311,9012,320,0,131,0,571,8,2,6,8
90,23,moe,591,46,3851,1643,1644,2012,121,0,74,0,650,8,6,2,8
90,24,moe,713,38,6892,3813,3813,2860,180,0,39,0,650,8,5,3,8
90,25,moe,705,36,10,0,0,0,0,0,10,0,641,8,8,0,8
90,26,moe,595,35,9223,2901,2901,5712,536,0,74,0,653,8,2,6,8
90,-1,epi,0,0,0,0,0,0,0,0,4411,0,0,0,0,0,0
91,-2,pre,91,0,0,0,0,0,0,0,0,0,0,0,0,0,0
91,0,dense,1241,43,0,0,0,0,0,0,0,0,0,0,0,0,0
91,1,moe,719,40,5273,2186,2186,2869,178,0,40,0,653,8,5,3,8
91,2,moe,664,36,2711,654,654,1906,121,0,30,0,657,8,6,2,8
91,3,moe,611,38,8455,4341,4341,3820,247,0,47,0,653,8,4,4,8
91,4,moe,665,34,3587,776,776,2539,157,0,115,0,561,8,5,3,8
91,5,moe,707,34,1173,283,283,819,53,0,18,0,575,8,7,1,8
91,6,moe,674,35,10,0,0,0,0,0,10,0,662,8,8,0,8
91,7,moe,590,35,3252,1480,1481,1634,106,0,31,0,566,8,6,2,8
91,8,moe,669,34,1163,268,268,819,56,0,20,0,564,8,7,1,8
91,9,moe,725,36,6443,3147,3148,3001,190,0,104,0,655,8,5,3,8
91,10,moe,664,34,1308,274,274,907,54,1,72,0,563,8,7,1,8
91,11,moe,591,41,3487,826,826,2460,163,0,38,0,571,8,5,3,8
91,12,moe,665,39,10,0,0,0,0,0,10,0,653,8,8,0,8
91,13,moe,715,39,1170,273,273,823,53,0,21,0,565,8,7,1,8
91,14,moe,666,35,1197,297,297,822,54,0,24,0,563,8,7,1,8
91,15,moe,605,37,4272,3075,3075,1054,62,0,81,0,644,8,7,1,8
91,16,moe,669,35,1313,298,298,884,55,0,76,0,562,8,7,1,8
91,17,moe,721,40,2334,551,551,1646,104,0,33,0,567,8,6,2,8
91,18,moe,665,37,8,0,0,0,0,0,8,0,657,8,8,0,8
91,19,moe,596,36,3262,1480,1480,1642,110,0,30,0,564,8,6,2,8
91,20,moe,672,38,2383,610,610,1641,103,0,29,0,572,8,6,2,8
91,21,moe,721,37,1529,324,324,1062,61,0,82,0,646,8,7,1,8
91,22,moe,714,39,9,0,0,0,0,0,9,0,563,8,8,0,8
91,23,moe,588,34,1348,312,312,953,63,0,20,0,659,8,7,1,8
91,24,moe,719,44,5062,1976,1976,2864,177,0,45,0,652,8,5,3,8
91,25,moe,719,39,8,0,0,0,0,0,8,0,653,8,8,0,8
91,26,moe,607,36,6916,1596,1596,4950,308,0,62,0,647,8,3,5,8
91,-1,epi,0,0,0,0,0,0,0,0,3832,0,0,0,0,0,0
92,-2,pre,232,0,0,0,0,0,0,0,0,0,0,0,0,0,0
92,0,dense,1169,40,0,0,0,0,0,0,0,0,0,0,0,0,0
92,1,moe,682,36,5426,2219,2219,2967,193,1,46,0,623,8,5,3,8
92,2,moe,650,35,2328,1258,1258,984,65,0,21,0,630,8,7,1,8
92,3,moe,595,34,7535,3253,3253,3981,254,0,47,0,643,8,4,4,8
92,4,moe,653,36,2570,563,563,1788,112,0,107,0,568,8,6,2,8
92,5,moe,689,38,9,0,0,0,0,0,9,0,549,8,8,0,8
92,6,moe,657,38,9,0,0,0,0,0,9,0,621,8,8,0,8
92,7,moe,594,35,4158,2313,2313,1699,109,0,37,0,553,8,6,2,8
92,8,moe,648,42,9,0,0,0,0,0,9,0,546,8,8,0,8
92,9,moe,687,35,9,0,0,0,0,0,9,0,622,8,8,0,8
92,10,moe,645,34,3505,1671,1671,1694,109,0,31,0,563,8,6,2,8
92,11,moe,602,33,6460,2788,2788,3404,218,0,50,0,574,8,4,4,8
92,12,moe,650,37,3879,1581,1581,2080,123,0,95,0,627,8,6,2,8
92,13,moe,675,36,1359,297,297,935,55,0,72,0,551,8,7,1,8
92,14,moe,648,34,6166,3401,3401,2555,167,0,43,0,556,8,5,3,8
92,15,moe,591,34,5950,2692,2692,2983,179,0,96,0,656,8,5,3,8
92,16,moe,664,32,4196,2290,2290,1716,104,0,86,0,559,8,6,2,8
92,17,moe,709,39,3963,2185,2186,1640,106,0,31,0,567,8,6,2,8
92,18,moe,659,36,6364,3115,3115,2971,186,0,92,0,648,8,5,3,8
92,19,moe,595,35,9244,4691,4692,4174,261,0,117,0,571,8,3,5,8
92,20,moe,659,35,2028,1130,1130,824,53,0,21,0,561,8,7,1,8
92,21,moe,709,213,12046,7787,7787,3915,237,0,107,0,654,8,4,4,8
92,22,moe,706,35,5413,2625,2625,2536,157,0,95,0,565,8,5,3,8
92,23,moe,602,36,1502,303,303,1081,61,0,57,0,641,8,7,1,8
92,24,moe,720,35,4358,1262,1262,2867,186,0,43,0,656,8,5,3,8
92,25,moe,711,35,1367,332,332,953,62,0,20,0,650,8,7,1,8
92,26,moe,6511,34,3498,1444,1444,1903,121,0,30,0,647,8,6,2,8
92,-1,epi,0,0,0,0,0,0,0,0,4425,0,0,0,0,0,0
93,-2,pre,2130,0,0,0,0,0,0,0,0,0,0,0,0,0,0
93,0,dense,3484,38,0,0,0,0,0,0,0,0,0,0,0,0,0
93,1,moe,3964,36,1329,293,293,953,61,0,22,0,644,8,7,1,8
93,2,moe,660,33,2396,1349,1349,957,67,1,22,0,743,8,7,1,8
93,3,moe,638,38,5762,2656,2656,2865,196,0,45,0,825,8,5,3,8
93,4,moe,661,47,2489,548,550,1701,117,0,121,0,648,8,6,2,8
93,5,moe,765,39,10,0,0,0,0,0,10,0,597,8,8,0,8
93,6,moe,669,51,9,0,0,0,0,0,9,0,772,8,8,0,8
93,7,moe,611,37,3293,1498,1498,1646,114,0,35,0,571,8,6,2,8
93,8,moe,690,43,2097,1181,1182,834,57,0,24,0,550,8,7,1,8
93,9,moe,692,38,2561,1333,1333,1080,66,0,82,0,627,8,7,1,8
93,10,moe,654,39,10,0,0,0,0,0,10,0,545,8,8,0,8
93,11,moe,592,36,9,0,0,0,0,0,9,0,550,8,8,0,8
93,12,moe,652,39,5952,2738,2738,2963,195,0,56,0,634,8,5,3,8
93,13,moe,682,39,1370,299,299,929,56,0,86,0,559,8,7,1,8
93,14,moe,653,36,4449,1681,1681,2552,167,0,49,0,561,8,5,3,8
93,15,moe,580,37,4752,2462,2462,2073,131,0,86,0,628,8,6,2,8
93,16,moe,667,41,5454,2541,2541,2640,167,0,106,0,576,8,5,3,8
93,17,moe,702,38,2439,560,560,1733,115,0,31,0,588,8,6,2,8
93,18,moe,657,37,4819,2510,2510,2087,131,0,91,0,632,8,6,2,8
93,19,moe,614,34,6837,3036,3036,3477,215,0,109,0,560,8,4,4,8
93,20,moe,658,37,2416,584,584,1691,110,0,31,0,566,8,6,2,8
93,21,moe,680,37,7756,3343,3343,4059,248,0,106,0,636,8,4,4,8
93,22,moe,720,41,7191,2585,2586,4201,269,0,135,0,562,8,3,5,8
93,23,moe,598,37,7424,3180,3180,3912,238,0,94,0,651,8,4,4,8
93,24,moe,704,35,5220,2121,2121,2870,186,0,43,0,653,8,5,3,8
93,25,moe,716,38,6003,2916,2916,2867,180,0,40,0,655,8,5,3,8
93,26,moe,596,34,6363,2245,2245,3817,250,0,51,0,659,8,4,4,8
93,-1,epi,0,0,0,0,0,0,0,0,4425,0,0,0,0,0,0
94,-2,pre,183,0,0,0,0,0,0,0,0,0,0,0,0,0,0
94,0,dense,1227,33,0,0,0,0,0,0,0,0,0,0,0,0,0
94,1,moe,3583,32,10348,5197,5197,4780,311,0,60,0,655,8,3,5,8
94,2,moe,7207,31,11149,6028,6028,4758,298,0,65,0,658,8,3,5,8
94,3,moe,4343,32,7073,2952,2952,3817,250,0,54,0,655,8,4,4,8
94,4,moe,665,35,8278,4560,4560,3372,214,1,131,0,565,8,4,4,8
94,5,moe,703,32,9845,5426,5427,4098,257,0,63,0,562,8,3,5,8
94,6,moe,684,30,1533,306,306,1070,62,0,95,0,644,8,7,1,8
94,7,moe,608,32,8084,4372,4372,3392,208,0,112,0,565,8,4,4,8
94,8,moe,668,30,7090,3559,3559,3272,208,0,51,0,566,8,4,4,8
94,9,moe,709,33,8251,3947,3947,3949,246,0,109,0,657,8,4,4,8
94,10,moe,661,32,8803,4206,4206,4203,267,0,127,0,563,8,3,5,8
94,11,moe,624,30,5850,3289,3289,2362,154,0,45,0,580,8,5,3,8
94,12,moe,698,34,9032,4923,4923,3762,233,0,114,0,695,8,4,4,8
94,13,moe,754,29,5164,2466,2467,2438,149,0,110,0,585,8,5,3,8
94,14,moe,693,30,7034,3600,3600,3174,202,0,58,0,585,8,4,4,8
94,15,moe,626,27,9907,5803,5803,3770,231,0,103,0,692,8,4,4,8
94,16,moe,691,29,7049,3526,3526,3218,200,0,105,0,584,8,4,4,8
94,17,moe,757,30,9083,4837,4837,3938,248,0,60,0,583,8,3,5,8
94,18,moe,697,32,6599,3483,3483,2848,175,0,93,0,700,8,5,3,8
94,19,moe,626,26,7194,3656,3656,3227,199,0,112,0,586,8,4,4,8
94,20,moe,689,37,2023,1159,1159,792,51,0,21,0,595,8,7,1,8
94,21,moe,755,30,11595,5516,5517,5611,336,0,131,0,708,8,2,6,8
94,22,moe,758,28,8445,4052,4052,4016,257,0,120,0,582,8,3,5,8
94,23,moe,629,31,6554,2421,2421,3795,237,0,101,0,696,8,4,4,8
94,24,moe,764,30,11105,6180,6180,4584,285,1,55,0,694,8,3,5,8
94,25,moe,752,29,7992,4037,4037,3670,230,0,55,0,710,8,4,4,8
94,26,moe,634,28,10015,5072,5072,4592,287,0,64,0,695,8,3,5,8
94,-1,epi,0,0,0,0,0,0,0,0,5346,0,0,0,0,0,0
95,-2,pre,209,0,0,0,0,0,0,0,0,0,0,0,0,0,0
95,0,dense,1351,32,0,0,0,0,0,0,0,0,0,0,0,0,0
95,1,moe,791,34,11334,6402,6402,4593,284,0,55,0,698,8,3,5,8
95,2,moe,690,29,4385,2388,2388,1840,121,0,36,0,696,8,6,2,8
95,3,moe,625,28,9999,5054,5054,4593,287,0,65,0,740,8,3,5,8
95,4,moe,2080,31,2360,515,515,1644,100,0,101,0,585,8,6,2,8
95,5,moe,2963,30,5074,2504,2505,2371,156,0,42,0,584,8,5,3,8
95,6,moe,1968,33,4526,2357,2358,1961,121,0,86,0,694,8,6,2,8
95,7,moe,1279,31,3186,1325,1325,1667,105,0,89,0,589,8,6,2,8
95,8,moe,2206,32,4368,1800,1801,2369,156,0,42,0,581,8,5,3,8
95,9,moe,2222,31,5752,2610,2611,2867,177,0,97,0,694,8,5,3,8
95,10,moe,1838,29,10125,5749,5749,4002,253,0,121,0,586,8,3,5,8
95,11,moe,621,28,3088,1369,1369,1583,103,0,33,0,583,8,6,2,8
95,12,moe,694,29,3732,1588,1588,1943,122,0,79,0,698,8,6,2,8
95,13,moe,760,29,4051,2207,2207,1653,105,0,86,0,583,8,6,2,8
95,14,moe,696,29,6254,2844,2844,3159,202,0,49,0,599,8,4,4,8
95,15,moe,617,31,6282,3150,3150,2864,180,0,88,0,693,8,5,3,8
95,16,moe,701,30,7209,3606,3607,3277,218,0,107,0,656,8,4,4,8
95,17,moe,738,43,5954,3371,3371,2370,160,0,53,0,668,8,5,3,8
95,18,moe,717,32,9305,5120,5120,3813,250,0,122,0,712,8,4,4,8
95,19,moe,669,32,8364,5674,5674,2427,150,0,113,0,587,8,5,3,8
95,20,moe,706,36,1143,280,280,791,51,0,21,0,584,8,7,1,8
95,21,moe,769,37,5875,2756,2756,2842,173,0,104,0,697,8,5,3,8
95,22,moe,765,35,3971,2136,2137,1646,101,0,87,0,579,8,6,2,8
95,23,moe,618,33,7077,2963,2963,3777,230,0,107,0,697,8,4,4,8
95,24,moe,758,35,10635,6677,6677,3676,232,0,50,0,698,8,4,4,8
95,25,moe,759,51,8786,4840,4841,3668,228,0,49,0,703,8,4,4,8
95,26,moe,619,32,10201,5243,5243,4597,299,0,62,0,701,8,3,5,8
95,-1,epi,0,0,0,0,0,0,0,0,5383,0,0,0,0,0,0
96,-2,pre,64,0,0,0,0,0,0,0,0,0,0,0,0,0,0
96,0,dense,1351,38,0,0,0,0,0,0,0,0,0,0,0,0,0
96,1,moe,790,37,12571,6640,6640,5509,343,0,79,0,703,8,2,6,8
96,2,moe,701,36,2605,619,619,1836,119,0,31,0,698,8,6,2,8
96,3,moe,618,34,7185,3191,3191,3686,244,0,64,0,717,8,4,4,8
96,4,moe,716,43,4521,1806,1807,2430,157,0,127,0,589,8,5,3,8
96,5,moe,767,35,7683,3408,3409,3952,259,0,63,0,594,8,3,5,8
96,6,moe,702,36,3694,1534,1535,1949,122,0,88,0,695,8,6,2,8
96,7,moe,625,32,4662,1110,1110,3232,206,0,114,0,591,8,4,4,8
96,8,moe,702,35,3959,2251,2253,1573,102,0,31,0,588,8,6,2,8
96,9,moe,762,34,6788,3658,3658,2862,170,0,98,0,700,8,5,3,8
96,10,moe,702,33,1597,602,602,871,51,0,73,0,579,8,7,1,8
96,11,moe,1357,36,5086,2525,2525,2364,150,0,47,0,573,8,5,3,8
96,12,moe,2185,39,9521,4224,4224,4885,294,0,118,0,663,8,3,5,8
96,13,moe,2125,36,6613,3076,3076,3219,208,0,110,0,582,8,4,4,8
96,14,moe,2143,35,1135,259,259,802,53,0,21,0,579,8,7,1,8
96,15,moe,624,33,2783,653,654,1930,120,0,79,0,693,8,6,2,8
96,16,moe,703,38,8290,3914,3914,4016,249,0,111,0,585,8,3,5,8
96,17,moe,758,35,7428,3893,3893,3277,208,0,50,0,568,8,4,4,8
96,18,moe,678,35,3754,1520,1520,2029,118,0,87,0,646,8,6,2,8
96,19,moe,596,35,3286,1452,1452,1652,101,0,81,0,580,8,6,2,8
96,20,moe,695,32,3899,2183,2183,1583,100,0,33,0,581,8,6,2,8
96,21,moe,767,35,8917,4834,4834,3748,232,0,103,0,696,8,4,4,8
96,22,moe,756,36,1227,262,262,841,51,0,73,0,587,8,7,1,8
96,23,moe,621,35,2326,1205,1205,1004,58,1,58,0,692,8,7,1,8
96,24,moe,767,35,4803,2796,2796,1857,117,1,32,0,695,8,6,2,8
96,25,moe,762,34,3499,1511,1512,1834,116,0,37,0,698,8,6,2,8
96,26,moe,624,31,3659,1670,1670,1844,116,0,29,0,653,8,6,2,8
96,-1,epi,0,0,0,0,0,0,0,0,4463,0,0,0,0,0,0
97,-2,pre,46,0,0,0,0,0,0,0,0,0,0,0,0,0,0
97,0,dense,1237,42,0,0,0,0,0,0,0,0,0,0,0,0,0
97,1,moe,726,38,10080,3936,3937,5717,359,0,67,0,669,8,2,6,8
97,2,moe,668,35,8066,3959,3959,3822,237,0,48,0,654,8,4,4,8
97,3,moe,596,33,7734,2620,2620,4762,296,0,56,0,656,8,3,5,8
97,4,moe,665,33,5795,2121,2121,3341,207,0,126,0,561,8,4,4,8
97,5,moe,721,39,4548,1892,1893,2459,158,0,38,0,568,8,5,3,8
97,6,moe,672,35,4565,2336,2336,2027,122,0,80,0,651,8,6,2,8
97,7,moe,608,33,5809,2135,2135,3348,208,0,118,0,567,8,4,4,8
97,8,moe,663,45,5351,2785,2785,2372,151,0,43,0,583,8,5,3,8
97,9,moe,765,34,4086,951,952,2870,174,1,89,0,702,8,5,3,8
97,10,moe,698,32,7312,3764,3764,3237,206,0,105,0,580,8,4,4,8
97,11,moe,613,31,6099,4384,4384,1582,102,0,31,0,583,8,6,2,8
97,12,moe,696,33,3791,1626,1627,1957,122,0,85,0,698,8,6,2,8
97,13,moe,763,31,3213,1372,1372,1649,105,0,87,0,576,8,6,2,8
97,14,moe,695,33,3187,1468,1468,1580,105,0,34,0,588,8,6,2,8
97,15,moe,1246,33,5757,1640,1640,3790,231,0,96,0,702,8,4,4,8
97,16,moe,694,34,6434,2910,2911,3219,202,0,102,0,579,8,4,4,8
97,17,moe,758,36,5624,2221,2222,3158,197,0,47,0,589,8,4,4,8
97,18,moe,695,33,6874,3643,3644,2950,179,0,101,0,662,8,5,3,8
97,19,moe,599,33,7212,2663,2663,4171,261,0,117,0,582,8,3,5,8
97,20,moe,698,33,5093,2547,2547,2359,150,0,37,0,586,8,5,3,8
97,21,moe,757,46,5890,2749,2749,2864,183,0,94,0,697,8,5,3,8
97,22,moe,763,34,3273,1450,1450,1637,101,0,85,0,583,8,6,2,8
97,23,moe,631,31,1458,306,306,1029,61,0,62,0,697,8,7,1,8
97,24,moe,765,34,9496,4560,4560,4591,287,0,58,0,704,8,3,5,8
97,25,moe,761,33,1309,316,316,915,58,0,20,0,700,8,7,1,8
97,26,moe,617,33,8966,5023,5024,3662,231,0,49,0,697,8,4,4,8
97,-1,epi,0,0,0,0,0,0,0,0,5400,0,0,0,0,0,0
98,-2,pre,37,0,0,0,0,0,0,0,0,0,0,0,0,0,0
98,0,dense,1282,36,0,0,0,0,0,0,0,0,0,0,0,0,0
98,1,moe,717,34,10836,5708,5708,4769,299,0,60,0,648,8,3,5,8
98,2,moe,661,33,5713,2634,2634,2855,180,0,44,0,646,8,5,3,8
98,3,moe,601,35,2687,631,631,1905,121,0,30,0,643,8,6,2,8
98,4,moe,663,36,2236,1187,1188,899,54,0,95,0,553,8,7,1,8
98,5,moe,711,34,1197,297,297,818,53,0,29,0,552,8,7,1,8
98,6,moe,662,33,2483,1297,1297,1051,62,0,73,0,643,8,7,1,8
98,7,moe,594,33,3231,1310,1310,1733,105,0,83,0,558,8,6,2,8
98,8,moe,670,33,2054,1162,1162,817,55,0,20,0,563,8,7,1,8
98,9,moe,713,40,1520,331,331,1056,63,0,70,0,643,8,7,1,8
98,10,moe,672,34,3633,1711,1711,1734,106,0,82,0,553,8,6,2,8
98,11,moe,586,34,1174,276,276,816,53,0,29,0,556,8,7,1,8
98,12,moe,662,36,7663,3331,3331,3944,264,0,124,0,790,8,4,4,8
98,13,moe,716,46,6254,3442,3442,2527,161,0,124,0,617,8,5,3,8
98,14,moe,679,42,6364,2821,2821,3271,214,0,58,0,561,8,4,4,8
98,15,moe,594,36,9768,5473,5473,3921,247,0,127,0,651,8,4,4,8
98,16,moe,757,38,12366,7805,7806,4168,258,0,134,0,564,8,3,5,8
98,17,moe,705,39,8314,3899,3899,4098,259,0,58,0,562,8,3,5,8
98,18,moe,668,37,10287,3924,3924,5847,370,0,146,0,653,8,2,6,8
98,19,moe,607,34,6424,2912,2912,3217,210,0,85,0,586,8,4,4,8
98,20,moe,694,36,6944,3522,3522,3159,207,0,56,0,580,8,4,4,8
98,21,moe,756,37,7248,3130,3130,3783,228,1,106,0,690,8,4,4,8
98,22,moe,757,34,3270,1408,1409,1666,107,0,88,0,575,8,6,2,8
98,23,moe,622,32,4578,2445,2445,1939,120,0,74,0,695,8,6,2,8
98,24,moe,762,34,7790,3846,3846,3654,237,0,53,0,691,8,4,4,8
98,25,moe,760,35,4941,1953,1953,2766,180,0,42,0,697,8,5,3,8
98,26,moe,625,35,11105,6172,6172,4587,283,0,63,0,695,8,3,5,8
98,-1,epi,0,0,0,0,0,0,0,0,5379,0,0,0,0,0,0
99,-2,pre,36,0,0,0,0,0,0,0,0,0,0,0,0,0,0
99,0,dense,1390,36,0,0,0,0,0,0,0,0,0,0,0,0,0
99,1,moe,766,35,11444,6311,6311,4758,301,0,74,0,647,8,3,5,8
99,2,moe,663,35,7383,3283,3283,3810,239,0,51,0,647,8,4,4,8
99,3,moe,603,33,6016,2915,2915,2871,186,0,44,0,687,8,5,3,8
99,4,moe,694,34,11090,5840,5840,4797,309,0,144,0,582,8,2,6,8
99,5,moe,754,35,8962,4724,4724,3935,249,0,54,0,586,8,3,5,8
99,6,moe,695,33,4585,2411,2411,1958,121,0,95,0,696,8,6,2,8
99,7,moe,627,32,3995,2138,2138,1665,105,0,87,0,571,8,6,2,8
99,8,moe,704,35,3100,1380,1380,1579,104,0,37,0,583,8,6,2,8
99,9,moe,761,35,7454,3326,3326,3781,238,0,109,0,700,8,4,4,8
99,10,moe,698,34,9919,5498,5498,4047,258,0,116,0,582,8,3,5,8
99,11,moe,622,36,7834,4442,4442,3145,201,0,46,0,577,8,4,4,8
99,12,moe,701,32,6946,3820,3820,2855,173,0,98,0,688,8,5,3,8
99,13,moe,757,34,10070,5670,5670,4026,250,0,124,0,582,8,3,5,8
99,14,moe,700,42,7120,3720,3720,3149,204,0,47,0,584,8,4,4,8
99,15,moe,623,32,6097,2965,2965,2853,174,0,105,0,711,8,5,3,8
99,16,moe,693,33,8557,4167,4168,4011,252,0,126,0,573,8,3,5,8
99,17,moe,766,33,8634,4389,4389,3941,249,0,55,0,577,8,3,5,8
99,18,moe,692,36,5860,2712,2713,2877,173,0,97,0,688,8,5,3,8
99,19,moe,626,35,8664,3429,3429,4811,298,0,126,0,583,8,2,6,8
99,20,moe,703,38,7140,3739,3739,3156,199,0,46,0,584,8,4,4,8
99,21,moe,760,40,7261,3154,3154,3762,241,0,104,0,689,8,4,4,8
99,22,moe,763,34,2130,1113,1113,880,54,0,83,0,576,8,7,1,8
99,23,moe,614,32,3673,1547,1547,1938,118,0,70,0,695,8,6,2,8
99,24,moe,759,34,7833,3881,3881,3666,232,0,54,0,702,8,4,4,8
99,25,moe,756,34,8877,4903,4904,3684,237,0,52,0,705,8,4,4,8
99,26,moe,2021,34,5588,2622,2622,2752,173,0,41,0,690,8,5,3,8
99,-1,epi,0,0,0,0,0,0,0,0,5583,0,0,0,0,0,0
100,-2,pre,240,0,0,0,0,0,0,0,0,0,0,0,0,0,0
100,0,dense,1364,34,0,0,0,0,0,0,0,0,0,0,0,0,0
100,1,moe,777,31,8032,4055,4055,3686,242,0,49,0,694,8,4,4,8
100,2,moe,695,30,8017,4064,4064,3673,228,0,52,0,693,8,4,4,8
100,3,moe,6062,30,9169,4220,4220,4604,286,0,59,0,695,8,3,5,8
100,4,moe,5526,30,5948,3239,3239,2440,151,0,118,0,582,8,5,3,8
100,5,moe,5741,31,5272,2712,2712,2363,153,0,44,0,582,8,5,3,8
100,6,moe,3573,31,8812,4697,4698,3771,232,0,111,0,690,8,4,4,8
100,7,moe,4828,32,11845,6609,6609,4804,298,0,134,0,576,8,2,6,8
100,8,moe,698,29,2037,1178,1178,787,51,0,21,0,578,8,7,1,8
100,9,moe,768,30,4909,1766,1766,2871,173,0,99,0,689,8,5,3,8
100,10,moe,701,31,7964,4431,4431,3223,200,0,110,0,578,8,4,4,8
100,11,moe,618,28,7908,4513,4514,3146,201,0,47,0,583,8,4,4,8
100,12,moe,694,31,8896,4792,4793,3763,231,0,109,0,695,8,4,4,8
100,13,moe,761,28,5180,2479,2479,2450,149,0,102,0,582,8,5,3,8
100,14,moe,696,32,9520,5278,5278,3934,248,0,60,0,579,8,3,5,8
100,15,moe,623,33,6167,3026,3026,2844,188,0,109,0,790,8,5,3,8
100,16,moe,717,38,11507,5372,5373,5611,374,1,148,0,637,8,1,7,8
100,17,moe,784,35,5977,3403,3403,2368,157,1,48,0,586,8,5,3,8
100,18,moe,702,32,8087,3962,3962,3769,230,0,126,0,696,8,4,4,8
100,19,moe,623,30,10616,5377,5377,4803,296,0,140,0,581,8,2,6,8
100,20,moe,698,32,12082,6125,6126,5520,359,0,77,0,581,8,1,7,8
100,21,moe,759,30,5798,2670,2670,2850,175,0,103,0,690,8,5,3,8
100,22,moe,759,29,8309,3922,3922,4024,247,0,116,0,586,8,3,5,8
100,23,moe,620,27,4943,1802,1802,2875,174,0,92,0,696,8,5,3,8
100,24,moe,758,31,8658,3711,3711,4588,298,0,61,0,699,8,3,5,8
100,25,moe,769,33,10188,5249,5249,4575,287,0,77,0,696,8,3,5,8
100,26,moe,632,32,7213,3269,3269,3655,233,0,56,0,711,8,4,4,8
100,-1,epi,0,0,0,0,0,0,0,0,5693,0,0,0,0,0,0
101,-2,pre,68,0,0,0,0,0,0,0,0,0,0,0,0,0,0
101,0,dense,1419,34,0,0,0,0,0,0,0,0,0,0,0,0,0
101,1,moe,802,30,11836,5872,5872,5540,355,0,69,0,705,8,2,6,8
101,2,moe,694,31,6561,3581,3581,2760,178,0,42,0,693,8,5,3,8
101,3,moe,625,31,9137,4185,4185,4611,286,0,55,0,691,8,3,5,8
101,4,moe,695,28,2388,541,541,1642,102,0,103,0,584,8,6,2,8
101,5,moe,767,29,1123,267,267,785,51,0,20,0,572,8,7,1,8
101,6,moe,704,29,2477,1311,1311,1046,61,0,59,0,690,8,7,1,8
101,7,moe,8341,29,2374,519,519,1650,105,0,100,0,573,8,6,2,8
101,8,moe,2288,30,1984,1114,1114,793,53,0,24,0,573,8,7,1,8
101,9,moe,760,30,2370,1218,1218,1014,62,0,76,0,691,8,7,1,8
101,10,moe,695,29,9,0,0,0,0,1,8,0,580,8,8,0,8
101,11,moe,631,32,3824,1111,1111,2444,156,0,113,0,581,8,5,3,8
101,12,moe,706,30,4599,2461,2461,1938,120,0,80,0,687,8,6,2,8
101,13,moe,757,241,11035,8321,8321,2453,157,0,104,0,577,8,5,3,8
101,14,moe,692,34,8007,4597,4597,3152,204,0,54,0,583,8,4,4,8
101,15,moe,629,37,6353,2262,2263,3773,228,0,89,0,697,8,4,4,8
101,16,moe,701,32,9286,4015,4015,4840,298,0,133,0,595,8,2,6,8
101,17,moe,756,33,5749,2350,2350,3150,202,0,47,0,577,8,4,4,8
101,18,moe,694,34,6792,3623,3623,2891,172,0,106,0,693,8,5,3,8
101,19,moe,618,32,7310,3762,3762,3242,198,0,108,0,577,8,4,4,8
101,20,moe,696,38,9472,4361,4361,4732,308,0,71,0,585,8,2,6,8
101,21,moe,763,37,7100,2933,2933,3820,240,0,107,0,698,8,4,4,8
101,22,moe,768,35,2197,1200,1200,873,52,0,72,0,573,8,7,1,8
101,23,moe,618,33,4704,2584,2584,1930,117,0,73,0,688,8,6,2,8
101,24,moe,762,33,5790,2824,2825,2752,173,0,40,0,691,8,5,3,8
101,25,moe,761,34,11245,6312,6312,4588,288,0,57,0,702,8,3,5,8
101,26,moe,628,33,8492,3557,3557,4585,287,0,63,0,693,8,3,5,8
101,-1,epi,0,0,0,0,0,0,0,0,5387,0,0,0,0,0,0
102,-2,pre,182,0,0,0,0,0,0,0,0,0,0,0,0,0,0
102,0,dense,1348,41,0,0,0,0,0,0,0,0,0,0,0,0,0
102,1,moe,777,50,6849,3870,3870,2754,182,0,43,0,701,8,5,3,8
102,2,moe,699,33,10813,5857,5857,4597,298,0,61,0,698,8,3,5,8
102,3,moe,624,32,10805,5855,5855,4599,294,0,57,0,709,8,3,5,8
102,4,moe,710,34,10,0,0,0,0,0,10,0,572,8,8,0,8
102,5,moe,763,36,2166,1162,1162,891,50,0,63,0,579,8,7,1,8
102,6,moe,696,33,6778,3633,3634,2864,175,0,105,0,690,8,5,3,8
102,7,moe,622,34,4348,1675,1675,2425,149,0,99,0,591,8,5,3,8
102,8,moe,691,34,2017,1157,1157,787,51,0,22,0,578,8,7,1,8
102,9,moe,780,38,6749,3619,3619,2858,171,0,101,0,689,8,5,3,8
102,10,moe,693,34,11682,6437,6437,4809,301,0,135,0,576,8,2,6,8
102,11,moe,620,33,5010,2456,2456,2358,151,0,45,0,582,8,5,3,8
102,12,moe,694,34,5948,2790,2790,2869,180,0,109,0,691,8,5,3,8
102,13,moe,760,34,1280,279,279,860,52,0,89,0,573,8,7,1,8
102,14,moe,696,37,7912,4497,4497,3158,210,0,47,0,578,8,4,4,8
102,15,moe,662,36,7346,3238,3238,3766,228,0,114,0,690,8,4,4,8
102,16,moe,694,35,6070,3375,3377,2446,148,0,99,0,574,8,5,3,8
102,17,moe,761,43,5919,3362,3362,2368,149,1,39,0,576,8,5,3,8
102,18,moe,696,36,6825,3694,3694,2852,172,0,107,0,697,8,5,3,8
102,19,moe,627,39,7081,3543,3543,3233,200,0,105,0,575,8,4,4,8
102,20,moe,697,36,6359,2937,2937,3158,206,0,58,0,581,8,4,4,8
102,21,moe,762,38,8145,4034,4034,3779,227,0,105,0,705,8,4,4,8
102,22,moe,757,35,10116,4888,4888,4792,300,0,136,0,591,8,2,6,8
102,23,moe,619,33,7576,5428,5428,1954,119,0,75,0,684,8,6,2,8
102,24,moe,764,34,9951,5014,5014,4590,286,0,61,0,692,8,3,5,8
102,25,moe,751,34,9688,4636,4636,4675,315,0,62,0,796,8,3,5,8
102,26,moe,693,43,8551,3567,3567,4601,307,0,76,0,704,8,3,5,8
102,-1,epi,0,0,0,0,0,0,0,0,5443,0,0,0,0,0,0
103,-2,pre,43,0,0,0,0,0,0,0,0,0,0,0,0,0,0
103,0,dense,1400,43,0,0,0,0,0,0,0,0,0,0,0,0,0
103,1,moe,790,40,8129,4175,4175,3669,231,0,54,0,701,8,4,4,8
103,2,moe,701,37,4320,2340,2340,1832,115,0,33,0,694,8,6,2,8
103,3,moe,633,35,8069,4103,4103,3677,240,0,49,0,700,8,4,4,8
103,4,moe,698,46,6180,3455,3455,2451,154,0,120,0,577,8,5,3,8
103,5,moe,771,35,3989,2277,2277,1580,100,0,32,0,583,8,6,2,8
103,6,moe,702,35,2442,1268,1268,1034,59,0,81,0,691,8,7,1,8
103,7,moe,629,33,2368,556,556,1650,100,0,62,0,576,8,6,2,8
103,8,moe,699,36,2038,1173,1173,790,53,0,22,0,584,8,7,1,8
103,9,moe,771,39,4639,2495,2495,1957,119,0,68,0,693,8,6,2,8
103,10,moe,709,36,5230,2529,2529,2457,155,0,89,0,589,8,5,3,8
103,11,moe,615,34,3958,2226,2227,1586,105,0,40,0,583,8,6,2,8
103,12,moe,678,35,2484,1269,1269,1072,60,0,83,0,645,8,7,1,8
103,13,moe,708,35,4139,2236,2236,1708,104,0,91,0,554,8,6,2,8
103,14,moe,664,35,3153,1383,1383,1635,105,0,30,0,554,8,6,2,8
103,15,moe,605,33,4697,2473,2473,2013,123,1,87,0,641,8,6,2,8
103,16,moe,671,33,3617,1691,1691,1729,107,0,90,0,563,8,6,2,8
103,17,moe,707,36,9,0,0,0,0,0,9,0,548,8,8,0,8
103,18,moe,661,34,8,0,0,0,0,0,8,0,645,8,8,0,8
103,19,moe,583,32,1176,286,286,817,53,0,20,0,554,8,7,1,8
103,20,moe,664,39,4124,2351,2352,1632,107,0,33,0,559,8,6,2,8
103,21,moe,720,40,6037,2813,2813,2962,181,0,81,0,646,8,5,3,8
103,22,moe,707,37,3451,1560,1561,1714,103,0,73,0,556,8,6,2,8
103,23,moe,598,34,6073,2773,2774,2998,187,0,114,0,697,8,5,3,8
103,24,moe,761,41,6456,2485,2485,3682,239,0,50,0,699,8,4,4,8
103,25,moe,769,39,2208,1203,1203,922,61,0,22,0,690,8,7,1,8
103,26,moe,625,33,3594,1533,1533,1905,125,0,31,0,651,8,6,2,8
103,-1,epi,0,0,0,0,0,0,0,0,4487,0,0,0,0,0,0
104,-2,pre,2949,0,0,0,0,0,0,0,0,0,0,0,0,0,0
104,0,dense,1237,40,0,0,0,0,0,0,0,0,0,0,0,0,0
104,1,moe,714,39,7410,3302,3302,3811,240,0,57,0,659,8,4,4,8
104,2,moe,666,36,3664,1596,1596,1910,126,0,32,0,647,8,6,2,8
104,3,moe,609,34,8105,4006,4006,3812,238,0,49,0,653,8,4,4,8
104,4,moe,661,34,2227,1181,1181,893,56,0,97,0,559,8,7,1,8
104,5,moe,714,36,7900,4353,4353,3286,210,0,51,0,559,8,4,4,8
104,6,moe,669,34,2494,1279,1279,1069,61,0,85,0,646,8,7,1,8
104,7,moe,613,33,5965,3181,3181,2526,153,1,104,0,558,8,5,3,8
104,8,moe,664,35,6027,3373,3373,2456,156,0,42,0,562,8,5,3,8
104,9,moe,712,36,6841,3602,3603,2955,179,0,104,0,640,8,5,3,8
104,10,moe,664,209,8875,6165,6165,2457,150,0,103,0,576,8,5,3,8
104,11,moe,631,34,7195,3785,3786,3158,198,0,53,0,584,8,4,4,8
104,12,moe,693,32,6779,3638,3638,2871,174,0,96,0,694,8,5,3,8
104,13,moe,757,33,9859,5487,5487,4003,251,0,118,0,577,8,3,5,8
104,14,moe,689,33,7788,4386,4386,3149,202,0,51,0,582,8,4,4,8
104,15,moe,624,32,4530,2378,2378,1947,116,0,89,0,688,8,6,2,8
104,16,moe,700,32,9517,4306,4306,4784,303,0,124,0,579,8,2,6,8
104,17,moe,762,32,5059,2511,2511,2358,151,0,39,0,571,8,5,3,8
104,18,moe,699,33,4498,2344,2344,1953,117,0,84,0,691,8,6,2,8
104,19,moe,623,34,3284,1448,1448,1651,103,0,82,0,582,8,6,2,8
104,20,moe,692,33,4095,2390,2390,1575,101,0,29,0,578,8,6,2,8
104,21,moe,766,39,4475,2360,2360,1932,115,0,68,0,695,8,6,2,8
104,22,moe,760,34,7107,3563,3563,3233,201,0,110,0,579,8,4,4,8
104,23,moe,622,31,8136,4021,4021,3790,229,0,96,0,688,8,4,4,8
104,24,moe,771,39,9369,4372,4372,4614,296,0,87,0,711,8,3,5,8
104,25,moe,764,37,6162,3184,3184,2762,178,0,38,0,696,8,5,3,8
104,26,moe,630,35,9133,5169,5169,3679,237,0,48,0,687,8,4,4,8
104,-1,epi,0,0,0,0,0,0,0,0,5306,0,0,0,0,0,0
105,-2,pre,43,0,0,0,0,0,0,0,0,0,0,0,0,0,0
105,0,dense,1262,41,0,0,0,0,0,0,0,0,0,0,0,0,0
105,1,moe,716,36,10655,5491,5493,4797,304,0,61,0,691,8,3,5,8
105,2,moe,698,32,6752,3756,3757,2767,180,0,48,0,711,8,5,3,8
105,3,moe,628,35,4592,2610,2610,1828,116,0,38,0,713,8,6,2,8
105,4,moe,694,34,4332,1638,1638,2427,152,0,115,0,572,8,5,3,8
105,5,moe,763,33,3149,1446,1447,1574,100,0,28,0,580,8,6,2,8
105,6,moe,730,58,7350,3083,3083,3918,238,0,111,0,647,8,4,4,8
105,7,moe,600,33,5424,2647,2647,2519,159,0,99,0,555,8,5,3,8
105,8,moe,3626,33,5023,2473,2473,2362,152,0,36,0,571,8,5,3,8
105,9,moe,2779,37,5787,2624,2624,2882,180,0,101,0,693,8,5,3,8
105,10,moe,693,34,7139,3577,3578,3240,210,0,111,0,596,8,4,4,8
105,11,moe,626,32,8936,4674,4674,3955,250,0,57,0,578,8,3,5,8
105,12,moe,696,35,4682,2520,2520,1946,117,0,99,0,690,8,6,2,8
105,13,moe,755,38,3276,1407,1408,1671,101,0,96,0,573,8,6,2,8
105,14,moe,697,35,7797,4394,4394,3151,201,0,51,0,575,8,4,4,8
105,15,moe,623,39,2519,1369,1369,1021,59,0,70,0,680,8,7,1,8
105,16,moe,709,38,5223,2527,2527,2444,152,0,100,0,577,8,5,3,8
105,17,moe,761,37,5848,3268,3269,2383,156,0,40,0,580,8,5,3,8
105,18,moe,701,36,6016,2849,2850,2873,193,0,100,0,735,8,5,3,8
105,19,moe,614,35,4152,2261,2261,1705,110,1,75,0,649,8,6,2,8
105,20,moe,669,42,4000,2201,2201,1639,117,0,43,0,676,8,6,2,8
105,21,moe,717,38,3205,963,964,2001,135,0,105,0,668,8,6,2,8
105,22,moe,719,38,2162,1135,1135,880,59,0,88,0,554,8,7,1,8
105,23,moe,603,33,2389,1211,1211,1046,63,0,69,0,651,8,7,1,8
105,24,moe,708,34,6533,2418,2418,3816,238,0,61,0,651,8,4,4,8
105,25,moe,708,33,3609,1541,1541,1912,122,0,34,0,654,8,6,2,8
105,26,moe,608,31,4486,1389,1389,2874,182,0,41,0,650,8,5,3,8
105,-1,epi,0,0,0,0,0,0,0,0,4459,0,0,0,0,0,0
106,-2,pre,1866,0,0,0,0,0,0,0,0,0,0,0,0,0,0
106,0,dense,1236,38,0,0,0,0,0,0,0,0,0,0,0,0,0
106,1,moe,718,33,6110,3019,3019,2863,179,0,49,0,659,8,5,3,8
106,2,moe,669,32,8208,4101,4101,3813,239,1,54,0,650,8,4,4,8
106,3,moe,605,61,9411,4291,4291,4761,298,0,61,0,651,8,3,5,8
106,4,moe,663,34,2188,1173,1173,901,52,0,62,0,551,8,7,1,8
106,5,moe,712,31,6046,3395,3395,2452,158,0,41,0,554,8,5,3,8
106,6,moe,662,31,9,0,0,0,0,0,9,0,637,8,8,0,8
106,7,moe,598,28,6365,2840,2840,3265,208,0,52,0,561,8,4,4,8
106,8,moe,664,34,5504,2854,2854,2457,156,0,37,0,555,8,5,3,8
106,9,moe,720,32,7004,3778,3778,2964,179,0,83,0,643,8,5,3,8
106,10,moe,662,30,6565,2867,2867,3355,218,0,125,0,558,8,4,4,8
106,11,moe,604,29,7056,3500,3500,3288,214,0,54,0,559,8,4,4,8
106,12,moe,665,32,1520,313,313,1066,63,0,78,0,645,8,7,1,8
106,13,moe,717,30,5262,2499,2501,2506,154,0,101,0,551,8,5,3,8
106,14,moe,658,31,5208,2555,2555,2455,156,0,42,0,554,8,5,3,8
106,15,moe,609,29,10113,3875,3875,5755,348,0,135,0,691,8,2,6,8
106,16,moe,700,30,2778,922,922,1654,105,0,97,0,572,8,6,2,8
106,17,moe,775,31,5135,2551,2551,2388,156,0,40,0,562,8,5,3,8
106,18,moe,661,33,3891,1659,1659,2030,125,0,77,0,642,8,6,2,8
106,19,moe,599,29,5722,2032,2033,3358,216,0,115,0,560,8,4,4,8
106,20,moe,665,35,3314,1527,1527,1645,111,0,31,0,562,8,6,2,8
106,21,moe,711,31,5455,2210,2211,2959,181,0,104,0,640,8,5,3,8
106,22,moe,707,34,2577,682,682,1695,106,1,93,0,576,8,6,2,8
106,23,moe,624,34,5250,2108,2108,2880,175,0,87,0,690,8,5,3,8
106,24,moe,773,32,11713,5764,5764,5522,361,0,66,0,720,8,2,6,8
106,25,moe,760,30,7116,3144,3144,3689,232,0,51,0,691,8,4,4,8
106,26,moe,631,28,5031,2045,2045,2765,179,0,42,0,695,8,5,3,8
106,-1,epi,0,0,0,0,0,0,0,0,5402,0,0,0,0,0,0
107,-2,pre,216,0,0,0,0,0,0,0,0,0,0,0,0,0,0
107,0,dense,1240,35,0,0,0,0,0,0,0,0,0,0,0,0,0
107,1,moe,717,31,11843,5663,5663,5738,372,0,70,0,650,8,2,6,8
107,2,moe,667,35,7518,3403,3403,3819,238,0,58,0,655,8,4,4,8
107,3,moe,605,29,3572,1511,1511,1905,122,0,34,0,643,8,6,2,8
107,4,moe,665,29,4918,2093,2094,2543,163,0,118,0,555,8,5,3,8
107,5,moe,705,32,2125,1224,1225,824,53,0,23,0,553,8,7,1,8
107,6,moe,670,33,2467,1237,1237,1086,63,0,81,0,651,8,7,1,8
107,7,moe,598,245,9,0,0,0,0,0,9,0,588,8,8,0,8
107,8,moe,663,37,1303,259,259,905,56,0,83,0,555,8,7,1,8
107,9,moe,718,35,6329,3050,3050,2987,188,0,104,0,645,8,5,3,8
107,10,moe,665,35,3465,1574,1574,1712,105,0,74,0,556,8,6,2,8
107,11,moe,598,33,6841,3295,3296,3279,216,0,50,0,563,8,4,4,8
107,12,moe,664,36,4597,2348,2349,2029,125,1,93,0,648,8,6,2,8
107,13,moe,733,48,2237,1195,1196,897,52,0,92,0,556,8,7,1,8
107,14,moe,663,35,7283,3727,3727,3283,216,0,57,0,562,8,4,4,8
107,15,moe,590,36,3790,1549,1549,2026,125,1,89,0,642,8,6,2,8
107,16,moe,686,36,4563,1781,1781,2515,161,0,106,0,580,8,5,3,8
107,17,moe,763,38,4241,1677,1678,2367,154,0,42,0,582,8,5,3,8
107,18,moe,703,35,9397,4293,4293,4685,297,0,122,0,690,8,3,5,8
107,19,moe,635,37,5187,2502,2502,2436,152,0,97,0,578,8,5,3,8
107,20,moe,696,33,4068,2292,2292,1640,104,0,32,0,555,8,6,2,8
107,21,moe,706,36,3769,1542,1542,2017,120,0,90,0,655,8,6,2,8
107,22,moe,704,34,2235,1197,1197,907,53,0,78,0,557,8,7,1,8
107,23,moe,598,34,1496,320,321,1056,62,0,57,0,654,8,7,1,8
107,24,moe,715,33,5828,2748,2748,2855,181,0,44,0,644,8,5,3,8
107,25,moe,710,35,3711,1656,1656,1907,120,0,28,0,639,8,6,2,8
107,26,moe,604,33,9,0,0,0,0,0,9,0,635,8,8,0,8
107,-1,epi,0,0,0,0,0,0,0,0,4462,0,0,0,0,0,0
108,-2,pre,208,0,0,0,0,0,0,0,0,0,0,0,0,0,0
108,0,dense,1232,37,0,0,0,0,0,0,0,0,0,0,0,0,0
108,1,moe,734,39,6054,2966,2966,2860,182,0,46,0,644,8,5,3,8
108,2,moe,662,35,6807,3721,3721,2866,180,0,40,0,649,8,5,3,8
108,3,moe,599,34,11602,5458,5458,5719,356,0,69,0,646,8,2,6,8
108,4,moe,673,37,2197,1159,1159,887,51,0,100,0,553,8,7,1,8
108,5,moe,710,36,4285,1635,1635,2456,157,0,37,0,563,8,5,3,8
108,6,moe,665,34,9,0,0,0,0,0,9,0,634,8,8,0,8
108,7,moe,598,33,3151,1380,1380,1639,104,0,28,0,570,8,6,2,8
108,8,moe,661,34,5198,3425,3425,1635,105,0,33,0,553,8,6,2,8
108,9,moe,709,34,4046,1832,1832,1996,119,0,99,0,642,8,6,2,8
108,10,moe,666,33,7414,3740,3740,3347,206,0,121,0,565,8,4,4,8
108,11,moe,605,38,7914,4368,4369,3275,214,0,56,0,562,8,4,4,8
108,12,moe,659,36,4870,2610,2610,2039,123,0,98,0,645,8,6,2,8
108,13,moe,705,37,6399,3605,3605,2526,163,0,105,0,560,8,5,3,8
108,14,moe,672,34,5184,2514,2515,2461,163,0,45,0,555,8,5,3,8
108,15,moe,602,35,7314,3048,3048,3906,249,0,111,0,703,8,4,4,8
108,16,moe,691,33,3253,1415,1416,1645,102,0,90,0,573,8,6,2,8
108,17,moe,765,37,8282,4009,4011,3954,261,0,56,0,585,8,3,5,8
108,18,moe,693,33,6062,2911,2911,2880,172,0,99,0,695,8,5,3,8
108,19,moe,621,33,6517,2812,2813,3341,224,0,139,0,650,8,4,4,8
108,20,moe,651,41,4501,1814,1814,2473,165,0,49,0,600,8,5,3,8
108,21,moe,695,36,8601,3272,3272,4884,297,1,147,0,703,8,3,5,8
108,22,moe,714,39,9002,6205,6205,2518,157,0,122,0,565,8,5,3,8
108,23,moe,598,37,4692,2464,2464,2010,127,0,91,0,645,8,6,2,8
108,24,moe,714,39,10095,5118,5119,4614,297,0,65,0,696,8,3,5,8
108,25,moe,759,39,5877,2885,2885,2765,182,0,45,0,697,8,5,3,8
108,26,moe,634,35,2622,634,634,1837,122,0,29,0,694,8,6,2,8
108,-1,epi,0,0,0,0,0,0,0,0,5422,0,0,0,0,0,0
109,-2,pre,151,0,0,0,0,0,0,0,0,0,0,0,0,0,0
109,0,dense,1368,38,0,0,0,0,0,0,0,0,0,0,0,0,0
109,1,moe,784,37,13234,6049,6049,6685,412,0,88,0,656,8,1,7,8
109,2,moe,670,40,10458,5304,5304,4786,307,0,61,0,653,8,3,5,8
109,3,moe,598,34,12548,6368,6368,5735,371,0,74,0,652,8,2,6,8
109,4,moe,662,35,7352,3663,3663,3347,215,0,127,0,566,8,4,4,8
109,5,moe,709,36,8088,4566,4567,3263,206,0,52,0,576,8,4,4,8
109,6,moe,705,33,4676,2542,2542,1955,116,0,63,0,686,8,6,2,8
109,7,moe,621,33,8063,4514,4515,3224,203,0,121,0,581,8,4,4,8
109,8,moe,1816,36,4426,1874,1875,2361,152,0,38,0,578,8,5,3,8
109,9,moe,3461,35,10122,4986,4986,4717,289,0,130,0,691,8,3,5,8
109,10,moe,4245,36,5923,3236,3236,2431,148,0,108,0,577,8,5,3,8
109,11,moe,11879,39,13058,7115,7116,5512,347,0,83,0,576,8,1,7,8
109,12,moe,3069,47,9837,3750,3750,5605,348,1,133,0,692,8,2,6,8
109,13,moe,755,34,7168,3639,3639,3218,200,0,111,0,582,8,4,4,8
109,14,moe,699,33,7802,2701,2701,4730,300,0,71,0,580,8,2,6,8
109,15,moe,628,36,10976,4861,4861,5655,355,0,105,0,703,8,2,6,8
109,16,moe,702,34,12955,6014,6016,6388,408,0,143,0,580,8,0,8,8
109,17,moe,753,34,9425,4321,4321,4733,310,0,61,0,579,8,2,6,8
109,18,moe,701,36,7532,3411,3411,3794,241,0,86,0,690,8,4,4,8
109,19,moe,623,33,9773,3687,3687,5583,352,0,151,0,579,8,1,7,8
109,20,moe,698,36,10309,5185,5185,4747,315,0,62,0,579,8,2,6,8
109,21,moe,752,37,11698,5679,5679,5537,347,0,135,0,713,8,2,6,8
109,22,moe,783,37,8414,3228,3228,4750,304,0,132,0,594,8,2,6,8
109,23,moe,654,35,6455,2408,2408,3715,229,0,103,0,723,8,4,4,8
109,24,moe,781,33,7626,2786,2786,4502,284,0,54,0,717,8,3,5,8
109,25,moe,801,38,10251,3446,3446,6325,405,0,75,0,720,8,1,7,8
109,26,moe,660,35,8778,2913,2914,5424,350,0,90,0,718,8,2,6,8
109,-1,epi,0,0,0,0,0,0,0,0,5702,0,0,0,0,0,0
110,-2,pre,209,0,0,0,0,0,0,0,0,0,0,0,0,0,0
110,0,dense,1424,39,0,0,0,0,0,0,0,0,0,0,0,0,0
110,1,moe,800,34,4349,1393,1394,2736,178,0,41,0,702,8,5,3,8
110,2,moe,702,35,6433,2481,2482,3672,229,0,50,0,692,8,4,4,8
110,3,moe,627,32,6273,2305,2305,3678,241,0,49,0,697,8,4,4,8
110,4,moe,704,36,7740,3326,3327,4059,252,0,102,0,579,8,3,5,8
110,5,moe,790,36,5489,3757,3757,1595,104,0,33,0,573,8,6,2,8
110,6,moe,697,35,4673,2474,2474,1980,120,0,99,0,691,8,6,2,8
110,7,moe,632,36,8463,5733,5734,2463,156,0,110,0,581,8,5,3,8
110,8,moe,694,37,7015,3629,3629,3140,197,0,49,0,584,8,4,4,8
110,9,moe,761,33,7956,3862,3863,3778,234,0,81,0,687,8,4,4,8
110,10,moe,693,33,5155,2481,2481,2419,153,0,102,0,571,8,5,3,8
110,11,moe,623,31,7172,2955,2955,3918,247,0,52,0,586,8,3,5,8
110,12,moe,895,37,1471,299,299,1032,61,0,79,0,693,8,7,1,8
110,13,moe,3391,35,2392,533,533,1664,101,0,94,0,578,8,6,2,8
110,14,moe,5720,36,1960,1091,1091,793,51,0,25,0,575,8,7,1,8
110,15,moe,5912,37,6654,2509,2509,3799,233,0,113,0,694,8,4,4,8
110,16,moe,695,35,3261,1410,1410,1657,106,0,88,0,575,8,6,2,8
110,17,moe,761,35,1129,268,268,787,54,0,20,0,578,8,7,1,8
110,18,moe,703,35,5139,1972,1972,2886,182,0,99,0,693,8,5,3,8
110,19,moe,625,33,11717,5640,5641,5577,365,0,134,0,602,8,1,7,8
110,20,moe,689,41,8940,4655,4655,3951,268,0,66,0,585,8,3,5,8
110,21,moe,765,38,9516,4341,4341,4730,297,0,148,0,700,8,3,5,8
110,22,moe,772,39,6438,2854,2854,3246,207,0,131,0,586,8,4,4,8
110,23,moe,632,34,5821,2711,2711,2856,174,0,80,0,696,8,5,3,8
110,24,moe,765,37,7942,3999,4000,3662,230,0,50,0,698,8,4,4,8
110,25,moe,761,41,7946,3998,3999,3669,230,0,48,0,697,8,4,4,8
110,26,moe,627,33,9185,4279,4279,4565,289,0,52,0,695,8,3,5,8
110,-1,epi,0,0,0,0,0,0,0,0,5405,0,0,0,0,0,0
111,-2,pre,37,0,0,0,0,0,0,0,0,0,0,0,0,0,0
111,0,dense,1397,42,0,0,0,0,0,0,0,0,0,0,0,0,0
111,1,moe,782,37,4394,1400,1401,2770,179,0,44,0,664,8,5,3,8
111,2,moe,680,35,8184,4062,4062,3822,245,0,55,0,652,8,4,4,8
111,3,moe,602,35,4042,957,957,2858,184,0,43,0,656,8,5,3,8
111,4,moe,664,35,3522,2487,2487,879,52,0,104,0,553,8,7,1,8
111,5,moe,714,36,4188,2409,2409,1640,109,0,30,0,555,8,6,2,8
111,6,moe,664,34,2449,1223,1224,1079,61,0,85,0,646,8,7,1,8
111,7,moe,593,33,3360,1448,1448,1716,105,0,91,0,555,8,6,2,8
111,8,moe,667,43,1174,274,274,824,55,0,21,0,562,8,7,1,8
111,9,moe,710,36,2473,1270,1270,1061,64,0,78,0,646,8,7,1,8
111,10,moe,660,35,1323,280,280,910,54,0,79,0,560,8,7,1,8
111,11,moe,611,33,3155,1390,1391,1625,109,0,30,0,557,8,6,2,8
111,12,moe,675,35,2464,1266,1266,1062,61,0,75,0,641,8,7,1,8
111,13,moe,706,36,4172,2271,2271,1704,106,1,90,0,555,8,6,2,8
111,14,moe,671,34,1185,290,290,824,53,0,18,0,562,8,7,1,8
111,15,moe,600,41,9,0,0,0,0,0,9,0,646,8,8,0,8
111,16,moe,671,37,4173,2397,2397,1638,106,0,32,0,554,8,6,2,8
111,17,moe,718,33,5320,2665,2665,2456,155,0,44,0,569,8,5,3,8
111,18,moe,666,47,4770,2536,2537,2018,121,0,94,0,647,8,6,2,8
111,19,moe,603,29,4206,2315,2315,1695,105,0,91,0,564,8,6,2,8
111,20,moe,658,31,6546,3031,3031,3256,208,0,51,0,562,8,4,4,8
111,21,moe,707,69,7314,3024,3024,3927,238,0,125,0,642,8,4,4,8
111,22,moe,707,30,5338,2565,2565,2514,158,0,101,0,559,8,5,3,8
111,23,moe,601,35,4750,2525,2525,2026,123,0,76,0,649,8,6,2,8
111,24,moe,710,30,11207,6243,6243,4604,302,0,58,0,690,8,3,5,8
111,25,moe,755,30,5885,2913,2914,2744,187,0,40,0,693,8,5,3,8
111,26,moe,625,29,10204,4273,4273,5504,363,0,64,0,695,8,2,6,8
111,-1,epi,0,0,0,0,0,0,0,0,4948,0,0,0,0,0,0
112,-2,pre,208,0,0,0,0,0,0,0,0,0,0,0,0,0,0
112,0,dense,1237,35,0,0,0,0,0,0,0,0,0,0,0,0,0
112,1,moe,716,31,8544,4400,4400,3834,258,0,52,0,644,8,4,4,8
112,2,moe,666,29,10284,5165,5165,4742,312,1,64,0,663,8,3,5,8
112,3,moe,599,30,7173,3210,3210,3670,245,0,48,0,691,8,4,4,8
112,4,moe,696,30,4655,1948,1948,2446,149,0,112,0,584,8,5,3,8
112,5,moe,764,31,6390,2846,2847,3286,208,0,49,0,562,8,4,4,8
112,6,moe,663,31,9051,4869,4870,3832,232,0,117,0,693,8,4,4,8
112,7,moe,623,30,5077,2394,2394,2428,153,0,102,0,573,8,5,3,8
112,8,moe,698,29,4349,3486,3486,789,52,1,21,0,573,8,7,1,8
112,9,moe,756,28,9164,5036,5036,3778,231,0,119,0,692,8,4,4,8
112,10,moe,693,27,4400,1717,1717,2433,150,0,100,0,577,8,5,3,8
112,11,moe,620,28,5836,3294,3294,2344,154,0,44,0,578,8,5,3,8
112,12,moe,713,33,3874,1748,1748,1920,115,0,91,0,697,8,6,2,8
112,13,moe,757,33,5165,2485,2485,2426,150,0,104,0,577,8,5,3,8
112,14,moe,1709,32,5562,2141,2141,3166,207,0,48,0,580,8,4,4,8
112,15,moe,619,27,8029,3939,3939,3749,229,0,112,0,690,8,4,4,8
112,16,moe,690,29,9035,4687,4687,3980,249,0,119,0,588,8,3,5,8
112,17,moe,766,31,10066,4977,4978,4723,298,0,67,0,575,8,2,6,8
112,18,moe,694,31,9034,4932,4932,3758,230,0,114,0,694,8,4,4,8
112,19,moe,626,30,7189,3623,3623,3245,208,0,113,0,577,8,4,4,8
112,20,moe,699,30,5449,2887,2887,2363,160,0,39,0,580,8,5,3,8
112,21,moe,760,32,6085,2924,2924,2883,178,0,100,0,695,8,5,3,8
112,22,moe,769,33,7254,3710,3710,3230,207,0,107,0,575,8,4,4,8
112,23,moe,627,30,6944,3814,3815,2858,179,0,92,0,683,8,5,3,8
112,24,moe,762,29,5885,2930,2930,2745,170,0,40,0,689,8,5,3,8
112,25,moe,761,29,4443,2446,2446,1842,115,0,40,0,692,8,6,2,8
112,26,moe,636,27,7139,3177,3177,3682,230,0,50,0,699,8,4,4,8
112,-1,epi,0,0,0,0,0,0,0,0,5391,0,0,0,0,0,0
113,-2,pre,46,0,0,0,0,0,0,0,0,0,0,0,0,0,0
113,0,dense,1356,34,0,0,0,0,0,0,0,0,0,0,0,0,0
113,1,moe,773,32,7588,3615,3615,3683,232,0,58,0,695,8,4,4,8
113,2,moe,757,35,6498,4437,4437,1907,124,0,30,0,642,8,6,2,8
113,3,moe,601,33,3671,1608,1609,1908,125,0,29,0,641,8,6,2,8
113,4,moe,659,35,2198,1131,1131,909,56,1,101,0,556,8,7,1,8
113,5,moe,708,35,4031,2255,2256,1636,110,0,29,0,560,8,6,2,8
113,6,moe,676,35,9155,4994,4994,3816,232,0,113,0,689,8,4,4,8
113,7,moe,624,33,4973,3960,3960,863,51,0,99,0,576,8,7,1,8
113,8,moe,692,35,2017,1150,1150,791,51,0,25,0,576,8,7,1,8
113,9,moe,760,35,6737,3600,3600,2861,175,0,101,0,688,8,5,3,8
113,10,moe,691,35,4823,2121,2121,2447,152,0,103,0,646,8,5,3,8
113,11,moe,691,35,2599,863,865,1586,110,0,38,0,654,8,6,2,8
113,12,moe,720,38,2415,1261,1261,1021,64,0,69,0,786,8,7,1,8
113,13,moe,802,42,2180,1171,1172,856,55,0,97,0,627,8,7,1,8
113,14,moe,710,34,5300,2636,2636,2458,159,0,47,0,562,8,5,3,8
113,15,moe,4843,37,4507,2259,2259,2022,123,0,103,0,648,8,6,2,8
113,16,moe,6247,39,5227,2426,2426,2525,156,0,120,0,563,8,5,3,8
113,17,moe,5453,38,7367,3850,3850,3257,209,0,51,0,559,8,4,4,8
113,18,moe,8044,37,9059,4897,4897,3813,232,0,117,0,691,8,4,4,8
113,19,moe,9487,34,7089,3514,3514,3243,209,0,123,0,578,8,4,4,8
113,20,moe,695,35,6976,3573,3573,3154,202,0,47,0,580,8,4,4,8
113,21,moe,761,35,3693,1551,1551,1933,119,0,90,0,695,8,6,2,8
113,22,moe,770,37,4096,2242,2242,1656,102,0,96,0,572,8,6,2,8
113,23,moe,627,32,5789,2641,2641,2874,174,0,100,0,684,8,5,3,8
113,24,moe,763,39,6276,2324,2324,3668,228,0,56,0,698,8,4,4,8
113,25,moe,762,33,8715,4771,4771,3661,230,0,53,0,692,8,4,4,8
113,26,moe,619,38,5716,2741,2742,2761,173,0,40,0,702,8,5,3,8
113,-1,epi,0,0,0,0,0,0,0,0,5395,0,0,0,0,0,0
114,-2,pre,200,0,0,0,0,0,0,0,0,0,0,0,0,0,0
114,0,dense,1361,37,0,0,0,0,0,0,0,0,0,0,0,0,0
114,1,moe,768,35,8489,4402,4403,3796,241,0,49,0,652,8,4,4,8
114,2,moe,663,34,4641,2570,2572,1908,125,0,36,0,653,8,6,2,8
114,3,moe,604,34,2267,1239,1239,946,62,0,20,0,648,8,7,1,8
114,4,moe,668,33,5603,3670,3670,1721,104,0,108,0,554,8,6,2,8
114,5,moe,707,33,4051,2278,2278,1639,104,0,30,0,556,8,6,2,8
114,6,moe,670,40,2486,1273,1273,1071,59,0,83,0,641,8,7,1,8
114,7,moe,597,33,2288,1280,1280,900,53,1,54,0,559,8,7,1,8
114,8,moe,665,34,3163,1394,1394,1636,105,0,28,0,557,8,6,2,8
114,9,moe,717,35,6001,2720,2720,2992,183,0,106,0,641,8,5,3,8
114,10,moe,661,34,1335,301,301,903,52,0,79,0,556,8,7,1,8
114,11,moe,603,34,7041,3512,3512,3270,209,0,50,0,557,8,4,4,8
114,12,moe,670,43,8234,3931,3932,3937,250,0,115,0,648,8,4,4,8
114,13,moe,707,39,2215,1174,1174,902,56,0,83,0,554,8,7,1,8
114,14,moe,662,35,6354,2811,2812,3279,215,0,48,0,560,8,4,4,8
114,15,moe,606,35,12659,5321,5321,6789,411,0,138,0,646,8,1,7,8
114,16,moe,660,35,10523,5252,5252,4835,309,0,127,0,577,8,2,6,8
114,17,moe,755,34,6966,3562,3562,3157,199,0,48,0,580,8,4,4,8
114,18,moe,691,35,11161,5090,5090,5601,339,0,131,0,685,8,2,6,8
114,19,moe,620,37,2677,856,857,1632,102,0,86,0,579,8,6,2,8
114,20,moe,701,37,6057,2652,2652,3157,198,0,50,0,573,8,4,4,8
114,21,moe,761,35,5360,1231,1231,3790,229,0,110,0,689,8,4,4,8
114,22,moe,764,36,4102,2254,2254,1642,103,0,103,0,573,8,6,2,8
114,23,moe,629,34,1459,318,318,1021,58,0,62,0,685,8,7,1,8
114,24,moe,771,35,7199,3224,3224,3691,237,0,47,0,691,8,4,4,8
114,25,moe,759,34,7905,3967,3967,3664,230,0,44,0,696,8,4,4,8
114,26,moe,618,31,6610,3655,3656,2741,172,0,41,0,696,8,5,3,8
114,-1,epi,0,0,0,0,0,0,0,0,5393,0,0,0,0,0,0
115,-2,pre,37,0,0,0,0,0,0,0,0,0,0,0,0,0,0
115,0,dense,1380,34,0,0,0,0,0,0,0,0,0,0,0,0,0
115,1,moe,773,32,8086,3988,3988,3803,247,0,48,0,653,8,4,4,8
115,2,moe,682,39,7377,3260,3260,3825,244,0,48,0,664,8,4,4,8
115,3,moe,598,34,13251,6090,6090,6670,418,0,73,0,647,8,1,7,8
115,4,moe,691,37,6585,4725,4726,1645,101,0,113,0,579,8,6,2,8
115,5,moe,766,35,6422,3019,3019,3158,197,0,48,0,574,8,4,4,8
115,6,moe,696,36,5941,2796,2796,2861,180,0,104,0,694,8,5,3,8
115,7,moe,619,37,4205,2357,2357,1632,108,0,108,0,654,8,6,2,8
115,8,moe,715,37,1973,1100,1100,790,59,0,24,0,597,8,7,1,8
115,9,moe,793,41,6014,2818,2818,2872,197,0,127,0,757,8,5,3,8
115,10,moe,698,35,6506,2788,2788,3363,213,0,142,0,603,8,4,4,8
115,11,moe,651,42,6530,2955,2956,3295,223,0,56,0,585,8,4,4,8
115,12,moe,675,44,9530,4190,4190,4882,311,0,147,0,667,8,3,5,8
115,13,moe,720,41,3496,1543,1543,1724,107,0,122,0,564,8,6,2,8
115,14,moe,667,40,7272,3721,3721,3278,218,0,55,0,568,8,4,4,8
115,15,moe,601,40,15642,7263,7264,7735,476,0,167,0,651,8,0,8,8
115,16,moe,664,38,10526,5082,5082,4983,311,0,150,0,557,8,2,6,8
115,17,moe,707,37,10704,4540,4540,5725,362,0,77,0,565,8,1,7,8
115,18,moe,660,37,12705,6367,6367,5840,358,0,140,0,662,8,2,6,8
115,19,moe,599,36,8695,4115,4115,4167,284,0,129,0,636,8,3,5,8
115,20,moe,661,44,7879,4327,4327,3279,217,0,56,0,618,8,4,4,8
115,21,moe,713,39,10520,5176,5177,4886,307,0,150,0,660,8,3,5,8
115,22,moe,717,40,4840,1156,1157,3369,213,0,101,0,559,8,4,4,8
115,23,moe,604,36,10609,5303,5303,4883,298,0,125,0,647,8,3,5,8
115,24,moe,704,37,11806,5790,5790,5604,346,0,66,0,694,8,2,6,8
115,25,moe,763,39,12150,6240,6240,5503,340,0,67,0,698,8,2,6,8
115,26,moe,618,39,11080,4164,4165,6433,403,0,79,0,695,8,1,7,8
115,-1,epi,0,0,0,0,0,0,0,0,5364,0,0,0,0,0,0
116,-2,pre,905,0,0,0,0,0,0,0,0,0,0,0,0,0,0
116,0,dense,1352,39,0,0,0,0,0,0,0,0,0,0,0,0,0
116,1,moe,780,40,11118,7016,7016,3815,239,0,48,0,645,8,4,4,8
116,2,moe,670,35,4021,1958,1958,1904,123,0,36,0,692,8,6,2,8
116,3,moe,626,35,5744,2770,2770,2755,173,0,46,0,690,8,5,3,8
116,4,moe,699,36,5438,2695,2697,2469,150,0,122,0,562,8,5,3,8
116,5,moe,701,35,4499,1842,1842,2460,159,0,38,0,556,8,5,3,8
116,6,moe,668,34,4573,2308,2308,2048,119,0,98,0,647,8,6,2,8
116,7,moe,598,32,6489,2829,2829,3341,206,1,112,0,563,8,4,4,8
116,8,moe,679,39,4019,2239,2239,1645,103,0,32,0,561,8,6,2,8
116,9,moe,712,35,6031,2886,2886,2872,174,1,98,0,692,8,5,3,8
116,10,moe,690,34,6258,2725,2725,3218,200,0,115,0,577,8,4,4,8
116,11,moe,628,37,3778,2076,2076,1572,99,0,31,0,578,8,6,2,8
116,12,moe,696,35,1468,315,315,1021,59,0,73,0,694,8,7,1,8
116,13,moe,777,37,4331,2499,2499,1642,101,0,89,0,568,8,6,2,8
116,14,moe,664,36,7203,3657,3657,3275,216,0,55,0,567,8,4,4,8
116,15,moe,601,36,5988,2764,2764,2939,184,0,101,0,688,8,5,3,8
116,16,moe,691,35,2976,1109,1109,1663,104,0,100,0,576,8,6,2,8
116,17,moe,773,37,7274,3849,3851,3165,206,1,51,0,582,8,4,4,8
116,18,moe,698,37,8096,3960,3961,3787,231,0,117,0,690,8,4,4,8
116,19,moe,622,34,6322,2763,2763,3234,205,0,120,0,576,8,4,4,8
116,20,moe,699,37,4452,1898,1898,2362,154,0,38,0,588,8,5,3,8
116,21,moe,762,35,8122,3959,3959,3790,239,0,134,0,690,8,4,4,8
116,22,moe,771,38,6341,2801,2803,3224,199,0,115,0,583,8,4,4,8
116,23,moe,627,38,6098,2962,2962,2875,169,0,92,0,686,8,5,3,8
116,24,moe,766,42,7586,2652,2652,4590,285,0,59,0,693,8,3,5,8
116,25,moe,760,35,8769,3822,3823,4589,300,0,57,0,698,8,3,5,8
116,26,moe,627,33,10856,4919,4919,5507,356,0,74,0,690,8,2,6,8
116,-1,epi,0,0,0,0,0,0,0,0,5372,0,0,0,0,0,0
117,-2,pre,35,0,0,0,0,0,0,0,0,0,0,0,0,0,0
117,0,dense,1382,41,0,0,0,0,0,0,0,0,0,0,0,0,0
117,1,moe,780,37,10612,5442,5442,4798,310,0,62,0,647,8,3,5,8
117,2,moe,671,40,8263,4143,4144,3826,237,0,56,0,650,8,4,4,8
117,3,moe,604,38,11242,6175,6175,4701,304,0,62,0,698,8,3,5,8
117,4,moe,691,37,8588,4153,4153,4042,248,0,145,0,584,8,3,5,8
117,5,moe,753,36,4029,2318,2318,1574,102,0,35,0,572,8,6,2,8
117,6,moe,694,34,4652,2468,2468,1960,121,0,103,0,691,8,6,2,8
117,7,moe,621,35,6699,4852,4852,1650,103,0,94,0,570,8,6,2,8
117,8,moe,695,37,4128,2406,2407,1584,105,0,32,0,593,8,6,2,8
117,9,moe,766,39,9472,4298,4298,4746,295,0,133,0,694,8,3,5,8
117,10,moe,702,33,6075,3385,3385,2426,157,0,107,0,602,8,5,3,8
117,11,moe,623,32,8789,4542,4542,3943,248,0,56,0,580,8,3,5,8
117,12,moe,701,48,6834,3680,3680,2871,175,0,108,0,693,8,5,3,8
117,13,moe,761,33,7980,4429,4429,3229,199,0,123,0,583,8,4,4,8
117,14,moe,698,31,5837,3264,3264,2372,159,0,42,0,585,8,5,3,8
117,15,moe,626,29,7226,3124,3125,3763,229,0,109,0,688,8,4,4,8
117,16,moe,708,45,9224,4838,4838,4007,249,0,130,0,585,8,3,5,8
117,17,moe,757,31,3990,2276,2276,1581,99,0,34,0,573,8,6,2,8
117,18,moe,693,34,11791,5703,5704,5612,342,0,133,0,700,8,2,6,8
117,19,moe,621,30,5239,2532,2533,2443,155,0,108,0,577,8,5,3,8
117,20,moe,699,31,3902,2194,2194,1574,102,0,32,0,573,8,6,2,8
117,21,moe,762,34,4640,2494,2494,1939,116,0,91,0,691,8,6,2,8
117,22,moe,760,29,5576,2886,2886,2433,153,0,104,0,578,8,5,3,8
117,23,moe,621,29,6781,3640,3640,2878,174,0,89,0,691,8,5,3,8
117,24,moe,759,29,10234,5303,5303,4587,290,0,54,0,689,8,3,5,8
117,25,moe,762,29,6626,3638,3638,2747,175,0,66,0,686,8,5,3,8
117,26,moe,638,28,10889,5941,5941,4591,296,0,61,0,793,8,3,5,8
117,-1,epi,0,0,0,0,0,0,0,0,5366,0,0,0,0,0,0
118,-2,pre,71,0,0,0,0,0,0,0,0,0,0,0,0,0,0
118,0,dense,1421,37,0,0,0,0,0,0,0,0,0,0,0,0,0
118,1,moe,802,38,11885,5671,5671,5743,384,0,87,0,654,8,2,6,8
118,2,moe,678,35,8163,4061,4061,3798,246,0,58,0,649,8,4,4,8
118,3,moe,618,36,10413,5364,5364,4690,294,0,65,0,694,8,3,5,8
118,4,moe,705,36,5581,2837,2837,2448,160,0,136,0,577,8,5,3,8
118,5,moe,766,34,9941,5669,5669,3945,258,0,69,0,587,8,3,5,8
118,6,moe,707,33,8248,4102,4102,3786,237,0,123,0,698,8,4,4,8
118,7,moe,623,30,10207,4986,4987,4772,295,0,153,0,581,8,2,6,8
118,8,moe,690,31,5886,3330,3330,2365,151,0,40,0,576,8,5,3,8
118,9,moe,760,32,6488,2360,2360,3772,239,0,117,0,690,8,4,4,8
118,10,moe,696,34,5519,2803,2803,2447,158,0,111,0,576,8,5,3,8
118,11,moe,621,30,5063,2503,2503,2366,157,0,37,0,573,8,5,3,8
118,12,moe,697,31,3663,1494,1495,1954,122,0,92,0,696,8,6,2,8
118,13,moe,763,29,2167,1182,1182,852,52,0,81,0,574,8,7,1,8
118,14,moe,712,30,5632,2104,2104,3261,206,0,61,0,556,8,4,4,8
118,15,moe,602,34,10025,4745,4745,4868,296,0,116,0,693,8,3,5,8
118,16,moe,701,31,13342,7294,7294,5555,347,0,146,0,584,8,1,7,8
118,17,moe,759,29,9960,4857,4857,4740,297,0,66,0,577,8,2,6,8
118,18,moe,693,31,7327,3214,3215,3769,230,0,113,0,695,8,4,4,8
118,19,moe,622,33,8202,4631,4631,3247,211,0,113,0,661,8,4,4,8
118,20,moe,702,30,5331,2759,2759,2368,162,0,42,0,587,8,5,3,8
118,21,moe,764,32,4585,2435,2435,1934,116,0,100,0,689,8,6,2,8
118,22,moe,760,33,5142,2439,2439,2438,156,0,109,0,577,8,5,3,8
118,23,moe,627,30,9368,4246,4246,4705,286,0,131,0,694,8,3,5,8
118,24,moe,769,31,6524,3567,3567,2745,173,0,39,0,702,8,5,3,8
118,25,moe,755,31,5869,2914,2914,2745,172,0,38,0,697,8,5,3,8
118,26,moe,624,29,6609,3644,3644,2753,170,0,42,0,686,8,5,3,8
118,-1,epi,0,0,0,0,0,0,0,0,5388,0,0,0,0,0,0
119,-2,pre,46,0,0,0,0,0,0,0,0,0,0,0,0,0,0
119,0,dense,1336,40,0,0,0,0,0,0,0,0,0,0,0,0,0
119,1,moe,711,37,8695,4579,4579,3822,242,0,52,0,649,8,4,4,8
119,2,moe,666,34,10185,5056,5056,4766,298,0,65,0,648,8,3,5,8
119,3,moe,605,34,6980,3001,3001,3696,231,0,52,0,692,8,4,4,8
119,4,moe,695,35,4196,2350,2350,1635,102,0,109,0,579,8,6,2,8
119,5,moe,763,33,4300,1756,1756,2352,151,0,41,0,574,8,5,3,8
119,6,moe,699,34,2515,1336,1336,1039,58,0,82,0,701,8,7,1,8
119,7,moe,622,32,3493,816,816,2424,150,1,102,0,580,8,5,3,8
119,8,moe,707,36,4081,2301,2301,1640,111,0,29,0,556,8,6,2,8
119,9,moe,718,38,6102,2831,2831,2977,187,0,107,0,644,8,5,3,8
119,10,moe,669,38,12627,6295,6295,5804,372,0,156,0,586,8,1,7,8
119,11,moe,628,36,10779,5708,5708,4703,301,0,67,0,575,8,2,6,8
119,12,moe,694,33,5911,2758,2758,2876,172,0,105,0,695,8,5,3,8
119,13,moe,761,34,4602,1914,1914,2434,152,0,102,0,575,8,5,3,8
119,14,moe,696,35,6383,2953,2953,3173,207,0,50,0,584,8,4,4,8
119,15,moe,629,36,8073,3964,3965,3769,232,1,106,0,684,8,4,4,8
119,16,moe,700,37,1298,277,277,886,51,0,84,0,570,8,7,1,8
119,17,moe,762,33,4061,2340,2340,1583,106,0,32,0,589,8,6,2,8
119,18,moe,723,40,6027,2851,2851,2885,186,0,105,0,706,8,5,3,8
119,19,moe,625,38,5159,2439,2439,2449,150,0,121,0,578,8,5,3,8
119,20,moe,720,38,6783,2488,2489,3971,253,0,70,0,591,8,3,5,8
119,21,moe,775,43,2813,660,660,1941,116,0,96,0,693,8,6,2,8
119,22,moe,765,38,2484,624,624,1666,101,0,93,0,588,8,6,2,8
119,23,moe,625,35,2442,1309,1309,1004,61,0,68,0,681,8,7,1,8
119,24,moe,762,36,4290,1304,1304,2759,182,0,45,0,693,8,5,3,8
119,25,moe,773,36,6363,2391,2391,3680,239,0,53,0,694,8,4,4,8
119,26,moe,634,33,5841,2858,2859,2757,182,0,43,0,698,8,5,3,8
119,-1,epi,0,0,0,0,0,0,0,0,5426,0,0,0,0,0,0
120,-2,pre,40,0,0,0,0,0,0,0,0,0,0,0,0,0,0
120,0,dense,1177,39,0,0,0,0,0,0,0,0,0,0,0,0,0
120,1,moe,778,35,5982,3912,3913,1912,125,0,32,0,648,8,6,2,8
120,2,moe,670,35,8273,4138,4139,3828,245,0,61,0,654,8,4,4,8
120,3,moe,601,34,10653,5516,5517,4759,305,0,72,0,652,8,3,5,8
120,4,moe,662,35,3785,1843,1844,1704,105,0,132,0,554,8,6,2,8
120,5,moe,713,38,7053,3537,3537,3254,208,0,54,0,558,8,4,4,8
120,6,moe,669,36,8213,3907,3907,3941,239,0,126,0,647,8,4,4,8
120,7,moe,606,34,4115,2225,2225,1685,108,0,97,0,581,8,6,2,8
120,8,moe,690,35,7714,4309,4309,3151,198,0,56,0,586,8,4,4,8
120,9,moe,762,34,10,0,0,0,0,0,10,0,681,8,8,0,8
120,10,moe,699,32,3158,1394,1394,1626,106,0,32,0,552,8,6,2,8
120,11,moe,597,36,5118,2470,2470,2449,156,0,43,0,552,8,5,3,8
120,12,moe,662,35,2652,1446,1446,1046,64,0,96,0,637,8,7,1,8
120,13,moe,709,38,5913,2203,2203,3359,221,0,130,0,556,8,4,4,8
120,14,moe,693,39,1211,301,301,831,57,1,21,0,646,8,7,1,8
120,15,moe,603,39,7733,3419,3420,3915,252,0,146,0,776,8,4,4,8
120,16,moe,670,40,7578,3003,3003,4194,267,0,114,0,561,8,3,5,8
120,17,moe,715,40,4467,1787,1788,2465,163,0,51,0,567,8,5,3,8
120,18,moe,684,41,12874,5459,5460,6819,433,0,162,0,660,8,1,7,8
120,19,moe,600,36,6586,2894,2894,3355,214,0,123,0,559,8,4,4,8
120,20,moe,696,36,4202,1646,1646,2364,148,0,44,0,583,8,5,3,8
120,21,moe,766,51,2828,642,642,1968,118,0,100,0,692,8,6,2,8
120,22,moe,765,35,9405,3964,3964,4988,309,0,144,0,556,8,2,6,8
120,23,moe,597,39,8154,3932,3932,3880,236,0,106,0,700,8,4,4,8
120,24,moe,777,37,6315,2361,2361,3672,235,0,47,0,696,8,4,4,8
120,25,moe,770,39,6975,3017,3017,3671,236,0,51,0,691,8,4,4,8
120,26,moe,629,33,4308,1342,1343,2752,177,0,36,0,691,8,5,3,8
120,-1,epi,0,0,0,0,0,0,0,0,5079,0,0,0,0,0,0
121,-2,pre,201,0,0,0,0,0,0,0,0,0,0,0,0,0,0
121,0,dense,1241,40,0,0,0,0,0,0,0,0,0,0,0,0,0
121,1,moe,722,43,10837,4656,4656,5737,374,0,70,0,650,8,2,6,8
121,2,moe,669,37,8722,3596,3596,4767,303,0,56,0,661,8,3,5,8
121,3,moe,592,34,14829,6629,6629,7630,481,0,89,0,699,8,0,8,8
121,4,moe,694,37,6387,2840,2840,3211,201,0,135,0,578,8,4,4,8
121,5,moe,760,37,3154,1443,1443,1576,104,0,31,0,579,8,6,2,8
121,6,moe,706,37,6935,3668,3668,2976,179,0,112,0,647,8,5,3,8
121,7,moe,599,35,6731,3121,3121,3301,213,0,96,0,580,8,4,4,8
121,8,moe,694,36,7199,3785,3785,3155,208,0,51,0,582,8,4,4,8
121,9,moe,759,36,5836,2676,2676,2869,180,0,111,0,691,8,5,3,8
121,10,moe,695,34,7609,3204,3204,4016,258,0,131,0,582,8,3,5,8
121,11,moe,627,35,9772,3801,3801,5532,362,0,77,0,584,8,1,7,8
121,12,moe,696,35,9416,4248,4248,4745,286,0,137,0,690,8,3,5,8
121,13,moe,759,38,5196,2488,2488,2444,149,0,115,0,575,8,5,3,8
121,14,moe,692,35,8105,3829,3829,3961,257,0,58,0,577,8,3,5,8
121,15,moe,627,32,9258,3174,3174,5607,346,1,130,0,689,8,2,6,8
121,16,moe,690,34,8481,2389,2389,5596,348,0,148,0,575,8,1,7,8
121,17,moe,762,35,5599,2185,2185,3162,205,0,47,0,574,8,4,4,8
121,18,moe,702,35,9423,4296,4296,4705,299,0,123,0,690,8,3,5,8
121,19,moe,630,34,9677,4458,4458,4794,300,0,125,0,575,8,2,6,8
121,20,moe,697,33,8099,3010,3010,4728,297,0,64,0,578,8,2,6,8
121,21,moe,767,45,10917,5760,5760,4737,293,0,127,0,687,8,3,5,8
121,22,moe,756,35,10141,4033,4033,5601,361,0,146,0,582,8,1,7,8
121,23,moe,631,34,9580,3523,3525,5590,347,0,118,0,688,8,2,6,8
121,24,moe,757,34,10960,4070,4070,6410,410,0,70,0,701,8,1,7,8
121,25,moe,768,36,11467,4530,4530,6433,426,0,78,0,704,8,1,7,8
121,26,moe,626,33,6229,2270,2270,3668,235,0,56,0,694,8,4,4,8
121,-1,epi,0,0,0,0,0,0,0,0,5375,0,0,0,0,0,0
122,-2,pre,43,0,0,0,0,0,0,0,0,0,0,0,0,0,0
122,0,dense,1410,38,0,0,0,0,0,0,0,0,0,0,0,0,0
122,1,moe,798,44,9507,4518,4518,4634,297,0,58,0,715,8,3,5,8
122,2,moe,724,39,3607,1615,1615,1837,123,0,32,0,697,8,6,2,8
122,3,moe,628,34,9461,4518,4518,4592,292,0,59,0,713,8,3,5,8
122,4,moe,693,34,9177,4804,4804,4015,246,0,112,0,579,8,3,5,8
122,5,moe,757,36,3209,1502,1502,1575,102,0,30,0,577,8,6,2,8
122,6,moe,696,37,1470,313,313,1004,59,0,94,0,684,8,7,1,8
122,7,moe,624,32,6010,3330,3332,2418,152,0,108,0,579,8,5,3,8
122,8,moe,693,35,1144,280,280,789,54,0,21,0,580,8,7,1,8
122,9,moe,762,35,3720,1548,1548,1957,116,0,99,0,691,8,6,2,8
122,10,moe,694,34,5203,2469,2469,2462,157,0,115,0,581,8,5,3,8
122,11,moe,628,36,6185,2769,2770,3157,210,0,48,0,582,8,4,4,8
122,12,moe,698,33,9,0,0,0,0,0,9,0,687,8,8,0,8
122,13,moe,790,34,2036,1164,1164,798,54,1,19,0,573,8,7,1,8
122,14,moe,696,34,3808,1238,1238,2367,157,0,46,0,583,8,5,3,8
122,15,moe,626,31,2812,631,632,1954,121,0,105,0,702,8,6,2,8
122,16,moe,694,34,1283,267,267,877,53,0,86,0,578,8,7,1,8
122,17,moe,767,35,6441,3031,3031,3154,207,0,49,0,579,8,4,4,8
122,18,moe,699,34,2786,619,620,1951,119,0,96,0,698,8,6,2,8
122,19,moe,636,36,4348,1639,1639,2446,157,0,106,0,579,8,5,3,8
122,20,moe,699,35,7340,3799,3801,3276,209,0,54,0,564,8,4,4,8
122,21,moe,705,34,7656,3351,3351,3939,247,0,119,0,649,8,4,4,8
122,22,moe,760,38,9847,4600,4600,4804,309,0,134,0,579,8,2,6,8
122,23,moe,634,33,3785,1637,1637,1943,124,0,81,0,691,8,6,2,8
122,24,moe,760,34,9801,3827,3827,5519,386,0,69,0,812,8,2,6,8
122,25,moe,702,41,10672,5531,5531,4768,306,0,67,0,651,8,3,5,8
122,26,moe,598,36,7977,3868,3868,3816,238,0,55,0,650,8,4,4,8
122,-1,epi,0,0,0,0,0,0,0,0,4456,0,0,0,0,0,0
123,-2,pre,210,0,0,0,0,0,0,0,0,0,0,0,0,0,0
123,0,dense,1238,42,0,0,0,0,0,0,0,0,0,0,0,0,0
123,1,moe,715,37,4484,2424,2424,1903,119,0,38,0,647,8,6,2,8
123,2,moe,673,36,9674,4551,4551,4761,298,0,64,0,655,8,3,5,8
123,3,moe,597,35,7151,3044,3044,3817,237,0,53,0,655,8,4,4,8
123,4,moe,664,36,5343,2498,2498,2548,168,0,129,0,558,8,5,3,8
123,5,moe,711,37,5201,2545,2545,2459,155,0,42,0,565,8,5,3,8
123,6,moe,665,35,3769,1539,1539,2008,121,0,101,0,647,8,6,2,8
123,7,moe,600,32,8261,4570,4570,3352,215,0,124,0,580,8,4,4,8
123,8,moe,700,31,1979,1116,1116,789,53,0,21,0,575,8,7,1,8
123,9,moe,763,34,9,0,0,0,0,0,9,0,687,8,8,0,8
123,10,moe,694,28,2252,548,548,1572,102,0,30,0,582,8,6,2,8
123,11,moe,629,33,10181,5761,5761,4093,257,0,70,0,556,8,3,5,8
123,12,moe,665,31,5941,2689,2689,2956,179,0,117,0,646,8,5,3,8
123,13,moe,708,35,6278,3483,3483,2526,158,0,111,0,560,8,5,3,8
123,14,moe,672,31,2060,1162,1162,823,53,0,22,0,559,8,7,1,8
123,15,moe,604,29,3772,1536,1536,2015,121,0,100,0,647,8,6,2,8
123,16,moe,660,32,3434,1515,1516,1716,107,0,95,0,561,8,6,2,8
123,17,moe,710,30,6353,2835,2835,3258,210,0,50,0,577,8,4,4,8
123,18,moe,694,29,4731,2560,2560,1961,116,0,94,0,686,8,6,2,8
123,19,moe,2016,30,3318,1417,1417,1702,105,0,94,0,553,8,6,2,8
123,20,moe,678,33,4287,1640,1640,2451,155,0,41,0,572,8,5,3,8
123,21,moe,705,30,1514,306,306,1064,65,0,79,0,641,8,7,1,8
123,22,moe,704,29,4213,2307,2309,1710,106,0,88,0,553,8,6,2,8
123,23,moe,601,30,9030,5789,5789,2963,185,0,93,0,689,8,5,3,8
123,24,moe,757,31,4821,1815,1815,2768,190,0,48,0,693,8,5,3,8
123,25,moe,769,33,7922,3963,3963,3671,240,0,48,0,689,8,4,4,8
123,26,moe,629,29,8173,3202,3203,4605,308,0,57,0,698,8,3,5,8
123,-1,epi,0,0,0,0,0,0,0,0,5379,0,0,0,0,0,0
124,-2,pre,39,0,0,0,0,0,0,0,0,0,0,0,0,0,0
124,0,dense,1397,30,0,0,0,0,0,0,0,0,0,0,0,0,0
124,1,moe,776,33,4985,1991,1991,2761,190,0,43,0,695,8,5,3,8
124,2,moe,704,31,8983,3838,3838,4775,311,0,59,0,658,8,3,5,8
124,3,moe,601,31,10650,5493,5493,4780,319,0,58,0,650,8,3,5,8
124,4,moe,659,30,3350,1405,1405,1719,110,0,116,0,561,8,6,2,8
124,5,moe,713,32,4479,1823,1823,2455,157,0,44,0,560,8,5,3,8
124,6,moe,669,30,4620,2377,2377,2027,118,0,98,0,644,8,6,2,8
124,7,moe,602,32,3394,1478,1478,1706,109,0,101,0,555,8,6,2,8
124,8,moe,663,33,5143,2486,2486,2461,155,0,41,0,556,8,5,3,8
124,9,moe,713,30,6046,2797,2798,2951,178,0,119,0,645,8,5,3,8
124,10,moe,672,32,4661,1887,1887,2513,155,0,106,0,551,8,5,3,8
124,11,moe,601,33,6019,2486,2486,3275,205,0,53,0,564,8,4,4,8
124,12,moe,678,35,5242,1988,1988,2960,180,0,114,0,645,8,5,3,8
124,13,moe,706,34,6167,3487,3487,2430,150,0,100,0,581,8,5,3,8
124,14,moe,695,32,5024,2472,2472,2362,152,0,38,0,580,8,5,3,8
124,15,moe,616,30,6980,3847,3848,2845,175,0,112,0,689,8,5,3,8
124,16,moe,690,31,6700,3150,3150,3232,202,0,116,0,582,8,4,4,8
124,17,moe,766,35,7017,3614,3614,3152,201,0,50,0,594,8,4,4,8
124,18,moe,701,29,9417,4314,4314,4689,288,0,126,0,687,8,3,5,8
124,19,moe,616,29,7226,3676,3676,3237,202,0,111,0,597,8,4,4,8
124,20,moe,690,31,6179,2775,2775,3156,203,0,45,0,579,8,4,4,8
124,21,moe,757,30,3774,1607,1607,1940,117,0,110,0,695,8,6,2,8
124,22,moe,760,45,6669,4800,4801,1669,102,0,97,0,572,8,6,2,8
124,23,moe,615,28,10626,5498,5498,4710,298,0,120,0,688,8,3,5,8
124,24,moe,758,34,7544,3562,3562,3670,260,0,52,0,693,8,4,4,8
124,25,moe,764,246,11259,8243,8244,2775,197,0,43,0,691,8,5,3,8
124,26,moe,630,35,9650,4649,4649,4611,328,1,61,0,696,8,3,5,8
124,-1,epi,0,0,0,0,0,0,0,0,5356,0,0,0,0,0,0
125,-2,pre,206,0,0,0,0,0,0,0,0,0,0,0,0,0,0
125,0,dense,1345,36,0,0,0,0,0,0,0,0,0,0,0,0,0
125,1,moe,774,34,7542,3541,3541,3687,261,0,53,0,695,8,4,4,8
125,2,moe,692,35,9458,4464,4464,4606,329,0,59,0,697,8,3,5,8
125,3,moe,635,32,3799,1798,1798,1834,136,0,31,0,692,8,6,2,8
125,4,moe,701,35,7297,3748,3748,3217,200,0,132,0,571,8,4,4,8
125,5,moe,755,35,4396,1840,1840,2363,150,0,43,0,575,8,5,3,8
125,6,moe,696,35,1472,321,321,1004,58,0,89,0,692,8,7,1,8
125,7,moe,622,33,4554,1844,1844,2449,149,0,112,0,580,8,5,3,8
125,8,moe,696,37,6825,3287,3287,3283,207,0,48,0,564,8,4,4,8
125,9,moe,710,41,3941,1729,1730,2011,127,0,73,0,646,8,6,2,8
125,10,moe,689,34,5218,2526,2526,2426,150,0,116,0,577,8,5,3,8
125,11,moe,619,33,5005,2452,2452,2361,151,0,41,0,578,8,5,3,8
125,12,moe,694,34,3839,1620,1620,2000,123,0,96,0,646,8,6,2,8
125,13,moe,703,36,5247,2460,2460,2522,155,0,110,0,561,8,5,3,8
125,14,moe,660,35,6359,2915,2915,3169,226,0,49,0,598,8,4,4,8
125,15,moe,668,35,3733,1552,1552,1938,125,0,118,0,786,8,6,2,8
125,16,moe,723,36,4526,1742,1742,2490,161,0,133,0,605,8,5,3,8
125,17,moe,704,55,5632,2069,2069,3284,217,0,62,0,572,8,4,4,8
125,18,moe,677,41,8088,2776,2776,4881,297,0,134,0,652,8,3,5,8
125,19,moe,599,37,3370,1440,1440,1719,105,0,106,0,556,8,6,2,8
125,20,moe,678,48,4670,1125,1125,3278,215,0,52,0,560,8,4,4,8
125,21,moe,719,39,6183,2927,2927,2982,188,0,86,0,649,8,5,3,8
125,22,moe,718,37,5720,2913,2913,2532,161,0,114,0,552,8,5,3,8
125,23,moe,601,38,5185,1938,1938,2956,188,0,103,0,648,8,5,3,8
125,24,moe,713,36,7357,3220,3220,3831,250,0,56,0,650,8,4,4,8
125,25,moe,706,38,6789,2662,2662,3817,240,0,70,0,646,8,4,4,8
125,26,moe,599,36,2691,634,634,1902,124,0,31,0,651,8,6,2,8
125,-1,epi,0,0,0,0,0,0,0,0,4449,0,0,0,0,0,0
126,-2,pre,208,0,0,0,0,0,0,0,0,0,0,0,0,0,0
126,0,dense,1239,41,0,0,0,0,0,0,0,0,0,0,0,0,0
126,1,moe,712,36,12285,6103,6104,5731,374,0,76,0,647,8,2,6,8
126,2,moe,667,38,4628,2541,2541,1926,127,0,34,0,645,8,6,2,8
126,3,moe,599,36,9583,4439,4439,4774,309,0,61,0,652,8,3,5,8
126,4,moe,665,40,8236,4571,4571,3359,210,0,96,0,562,8,4,4,8
126,5,moe,712,40,6317,2884,2884,3177,203,0,53,0,575,8,4,4,8
126,6,moe,695,38,2371,1174,1175,1039,59,0,98,0,683,8,7,1,8
126,7,moe,644,34,7484,3944,3944,3221,197,0,122,0,578,8,4,4,8
126,8,moe,696,37,5211,2655,2655,2367,151,0,38,0,578,8,5,3,8
126,9,moe,755,35,10,0,0,0,0,0,10,0,684,8,8,0,8
126,10,moe,696,33,4036,2306,2306,1595,103,0,32,0,566,8,6,2,8
126,11,moe,598,36,7210,3675,3675,3280,205,0,50,0,566,8,4,4,8
126,12,moe,662,35,3760,1557,1557,1976,118,0,109,0,690,8,6,2,8
126,13,moe,763,37,2136,1141,1141,857,51,0,87,0,582,8,7,1,8
126,14,moe,705,42,5977,3413,3413,2364,151,0,49,0,573,8,5,3,8
126,15,moe,617,33,10584,5278,5279,4875,302,0,128,0,655,8,3,5,8
126,16,moe,666,34,6428,2912,2912,3196,201,0,119,0,581,8,4,4,8
126,17,moe,767,32,7895,4493,4493,3149,198,0,55,0,605,8,4,4,8
126,18,moe,705,34,9444,4347,4347,4682,287,0,128,0,688,8,3,5,8
126,19,moe,632,32,7193,3644,3644,3226,199,0,124,0,575,8,4,4,8
126,20,moe,689,35,7504,4109,4109,3152,199,0,44,0,573,8,4,4,8
126,21,moe,754,35,8200,4043,4043,3822,241,0,94,0,695,8,4,4,8
126,22,moe,757,36,6063,3381,3381,2444,150,0,88,0,577,8,5,3,8
126,23,moe,621,34,8859,4698,4698,3804,237,0,120,0,696,8,4,4,8
126,24,moe,759,34,7568,2630,2630,4586,287,0,65,0,696,8,3,5,8
126,25,moe,757,34,9515,4570,4570,4591,295,0,59,0,692,8,3,5,8
126,26,moe,624,35,12369,6463,6463,5495,345,0,66,0,690,8,2,6,8
126,-1,epi,0,0,0,0,0,0,0,0,5357,0,0,0,0,0,0
127,-2,pre,204,0,0,0,0,0,0,0,0,0,0,0,0,0,0
127,0,dense,1359,41,0,0,0,0,0,0,0,0,0,0,0,0,0
127,1,moe,774,35,12511,6550,6550,5530,361,0,70,0,707,8,2,6,8
127,2,moe,697,33,11697,5777,5777,5507,346,0,67,0,691,8,2,6,8
127,3,moe,622,33,8647,4670,4670,3685,239,0,53,0,698,8,4,4,8
127,4,moe,693,33,10220,5801,5801,4023,249,0,147,0,577,8,3,5,8
127,5,moe,768,34,2269,557,557,1582,100,0,30,0,576,8,6,2,8
127,6,moe,696,33,2593,1372,1372,1065,62,1,93,0,695,8,7,1,8
127,7,moe,624,36,4126,2247,2247,1674,105,0,100,0,577,8,6,2,8
127,8,moe,695,36,7057,3649,3650,3157,199,0,51,0,579,8,4,4,8
127,9,moe,759,37,2454,1253,1253,1049,60,0,92,0,685,8,7,1,8
127,10,moe,699,37,6128,3423,3423,2437,154,0,114,0,574,8,5,3,8
127,11,moe,630,36,2661,959,959,1572,99,0,31,0,580,8,6,2,8
127,12,moe,700,35,3685,1544,1544,1926,118,0,97,0,688,8,6,2,8
127,13,moe,760,33,3401,1535,1535,1659,105,0,102,0,578,8,6,2,8
127,14,moe,699,34,7603,3380,3380,3914,250,0,59,0,580,8,3,5,8
127,15,moe,623,33,4978,1849,1849,2852,174,0,103,0,688,8,5,3,8
127,16,moe,705,38,4558,1850,1850,2442,156,0,110,0,576,8,5,3,8
127,17,moe,767,37,4386,1831,1831,2360,153,0,42,0,584,8,5,3,8
127,18,moe,698,37,8594,3471,3471,4699,296,0,128,0,697,8,3,5,8
127,19,moe,624,33,6730,3184,3184,3232,200,1,113,0,582,8,4,4,8
127,20,moe,696,37,7183,3803,3803,3134,202,0,44,0,574,8,4,4,8
127,21,moe,763,34,8138,2994,2994,4716,297,0,131,0,694,8,3,5,8
127,22,moe,764,202,9698,6986,6986,2442,156,0,114,0,571,8,5,3,8
127,23,moe,618,33,6791,3669,3669,2845,172,0,105,0,686,8,5,3,8
127,24,moe,756,32,10799,4876,4877,5508,344,0,70,0,692,8,2,6,8
127,25,moe,754,35,9929,5003,5003,4584,284,0,58,0,686,8,3,5,8
127,26,moe,626,34,13152,7183,7183,5514,380,1,74,0,747,8,2,6,8
127,-1,epi,0,0,0,0,0,0,0,0,5383,0,0,0,0,0,0
128,-2,pre,2198,0,0,0,0,0,0,0,0,0,0,0,0,0,0
128,0,dense,1244,43,0,0,0,0,0,0,0,0,0,0,0,0,0
128,1,moe,714,37,9793,4631,4631,4785,311,0,66,0,654,8,3,5,8
128,2,moe,672,39,5977,2874,2874,2869,184,0,50,0,650,8,5,3,8
128,3,moe,605,40,3729,1665,1665,1907,124,0,33,0,643,8,6,2,8
128,4,moe,671,37,6205,3372,3372,2541,159,0,133,0,557,8,5,3,8
128,5,moe,722,38,2057,1159,1159,820,55,0,23,0,563,8,7,1,8
128,6,moe,672,36,3866,1618,1619,2017,125,0,105,0,655,8,6,2,8
128,7,moe,608,37,3300,1382,1382,1701,109,0,108,0,564,8,6,2,8
128,8,moe,677,37,3902,2116,2116,1643,108,0,35,0,556,8,6,2,8
128,9,moe,709,36,6854,3608,3608,2949,178,0,119,0,645,8,5,3,8
128,10,moe,665,35,2162,1128,1128,899,53,0,82,0,552,8,7,1,8
128,11,moe,603,34,6240,2776,2776,3207,204,0,53,0,582,8,4,4,8
128,12,moe,698,33,3679,1507,1507,1960,116,0,96,0,689,8,6,2,8
128,13,moe,759,34,3230,1379,1379,1651,104,0,96,0,584,8,6,2,8
128,14,moe,695,40,6401,2832,2832,3295,220,0,54,0,564,8,4,4,8
128,15,moe,597,43,8349,4045,4045,3938,237,0,129,0,644,8,4,4,8
128,16,moe,661,36,6457,2807,2807,3320,207,0,123,0,556,8,4,4,8
128,17,moe,704,37,8616,4355,4355,3944,258,0,59,0,586,8,3,5,8
128,18,moe,697,34,3652,1488,1488,1954,115,0,95,0,688,8,6,2,8
128,19,moe,628,34,3468,795,795,2422,150,0,101,0,576,8,5,3,8
128,20,moe,690,34,3109,1398,1398,1577,102,0,32,0,580,8,6,2,8
128,21,moe,781,39,1481,328,328,1030,61,0,62,0,695,8,7,1,8
128,22,moe,763,34,4119,2187,2188,1722,111,0,98,0,571,8,6,2,8
128,23,moe,597,37,5151,1879,1879,2988,181,0,103,0,644,8,5,3,8
128,24,moe,710,36,3561,1503,1503,1903,119,0,36,0,669,8,6,2,8
128,25,moe,712,34,8588,3460,3460,4775,297,0,56,0,647,8,3,5,8
128,26,moe,598,37,4530,2484,2484,1897,121,0,28,0,652,8,6,2,8
128,-1,epi,0,0,0,0,0,0,0,0,4445,0,0,0,0,0,0
129,-2,pre,270,0,0,0,0,0,0,0,0,0,0,0,0,0,0
129,0,dense,1234,39,0,0,0,0,0,0,0,0,0,0,0,0,0
129,1,moe,717,50,4065,974,974,2859,188,0,44,0,653,8,5,3,8
129,2,moe,671,31,10294,4156,4159,5713,359,0,63,0,646,8,2,6,8
129,3,moe,603,31,5847,2752,2752,2873,182,0,40,0,645,8,5,3,8
129,4,moe,669,31,7970,5180,5180,2506,157,0,127,0,558,8,5,3,8
129,5,moe,705,32,3205,1443,1444,1626,105,0,30,0,553,8,6,2,8
129,6,moe,674,29,2521,1239,1239,1120,73,0,89,0,645,8,7,1,8
129,7,moe,616,31,6207,2347,2347,3538,205,0,117,0,556,8,4,4,8
129,8,moe,668,32,4156,2326,2326,1689,106,0,35,0,564,8,6,2,8
129,9,moe,744,34,8552,4044,4044,4099,279,0,130,0,652,8,4,4,8
129,10,moe,666,34,6004,2232,2232,3449,201,0,122,0,593,8,4,4,8
129,11,moe,636,32,5233,2559,2559,2474,160,0,40,0,583,8,5,3,8
129,12,moe,695,31,6003,2905,2906,2816,173,0,108,0,692,8,5,3,8
129,13,moe,755,32,8032,4402,4402,3301,214,0,115,0,595,8,4,4,8
129,14,moe,715,33,3127,1410,1410,1583,101,1,32,0,581,8,6,2,8
129,15,moe,645,30,9836,4436,4436,4985,312,1,102,0,722,8,3,5,8
129,16,moe,709,31,5353,1557,1557,3451,214,0,131,0,618,8,4,4,8
129,17,moe,790,59,3984,1184,1185,2586,174,0,39,0,594,8,5,3,8
129,18,moe,698,43,10027,4661,4661,4919,311,0,136,0,643,8,3,5,8
129,19,moe,596,30,6652,3091,3091,3227,207,0,127,0,578,8,4,4,8
129,20,moe,702,50,8787,3666,3667,4746,302,0,72,0,583,8,2,6,8
129,21,moe,761,31,7226,3120,3120,3757,230,0,119,0,693,8,4,4,8
129,22,moe,758,31,7658,3272,3273,3997,249,0,139,0,576,8,3,5,8
129,23,moe,624,34,5168,2052,2052,2846,173,1,96,0,695,8,5,3,8
129,24,moe,754,29,7371,3425,3425,3657,232,0,57,0,696,8,4,4,8
129,25,moe,759,29,9825,3907,3908,5506,344,0,67,0,689,8,2,6,8
129,26,moe,620,29,9283,4333,4334,4604,289,0,56,0,693,8,3,5,8
129,-1,epi,0,0,0,0,0,0,0,0,5376,0,0,0,0,0,0
130,-2,pre,193,0,0,0,0,0,0,0,0,0,0,0,0,0,0
130,0,dense,1354,34,0,0,0,0,0,0,0,0,0,0,0,0,0
130,1,moe,777,45,5025,2039,2039,2764,181,0,41,0,651,8,5,3,8
130,2,moe,675,34,10155,6019,6020,3839,248,0,48,0,646,8,4,4,8
130,3,moe,593,33,7727,3615,3615,3816,247,0,49,0,653,8,4,4,8
130,4,moe,667,32,7028,2445,2445,4161,264,0,158,0,584,8,3,5,8
130,5,moe,764,34,5817,3264,3265,2360,152,0,40,0,592,8,5,3,8
130,6,moe,698,30,2381,1214,1214,1019,61,0,87,0,684,8,7,1,8
130,7,moe,644,28,2138,1109,1109,890,55,0,84,0,547,8,7,1,8
130,8,moe,673,29,3219,1447,1447,1638,105,0,29,0,559,8,6,2,8
130,9,moe,719,32,6012,2757,2757,2960,178,0,117,0,645,8,5,3,8
130,10,moe,670,35,5456,2656,2656,2526,158,0,116,0,561,8,5,3,8
130,11,moe,595,30,4389,1732,1732,2455,159,0,43,0,556,8,5,3,8
130,12,moe,659,30,6923,3679,3680,2981,180,0,82,0,653,8,5,3,8
130,13,moe,703,30,2300,1259,1259,898,54,0,89,0,555,8,7,1,8
130,14,moe,664,30,4977,2424,2424,2360,150,0,43,0,582,8,5,3,8
130,15,moe,621,29,7522,3393,3393,3779,232,0,118,0,695,8,4,4,8
130,16,moe,708,32,5229,2494,2495,2445,159,0,130,0,655,8,5,3,8
130,17,moe,783,33,3312,1595,1595,1575,107,0,35,0,649,8,6,2,8
130,18,moe,723,28,6072,2803,2803,2986,190,0,93,0,649,8,5,3,8
130,19,moe,617,45,10774,5292,5292,5003,309,0,170,0,563,8,2,6,8
130,20,moe,702,36,12602,8186,8186,4087,264,0,65,0,567,8,3,5,8
130,21,moe,714,39,6114,2864,2865,2950,178,0,121,0,692,8,5,3,8
130,22,moe,771,39,5613,2045,2045,3233,200,0,135,0,577,8,4,4,8
130,23,moe,639,33,4076,941,941,2864,172,0,99,0,645,8,5,3,8
130,24,moe,714,39,7996,3901,3901,3806,239,0,50,0,650,8,4,4,8
130,25,moe,707,37,9516,4578,4580,4593,285,0,58,0,691,8,3,5,8
130,26,moe,631,37,8012,4053,4053,3670,226,0,63,0,697,8,4,4,8
130,-1,epi,0,0,0,0,0,0,0,0,5377,0,0,0,0,0,0
