step,il,kind,route_us,readback_us,load_wall_us,pread_us,pread_wall_us,repack_us,placement_us,sync_us,load_other_us,load_hidden_us,compute_us,lookups,hits,misses,n_slots
0,-2,pre,3581,0,0,0,0,0,0,0,0,0,0,0,0,0,0
0,0,dense,8931,148,0,0,0,0,0,0,0,0,0,0,0,0,0
0,1,moe,8172,121,53397,30186,30187,22976,0,1,233,0,1277,0,0,0,16
0,2,moe,4010,55,38820,18949,18949,14564,5120,0,187,0,1297,16,0,16,16
0,3,moe,8611,53,44730,22517,22517,17025,5037,0,151,0,1278,15,0,15,15
0,4,moe,4213,55,40917,23889,23889,12442,4392,1,193,0,1117,16,0,16,16
0,5,moe,4020,59,42650,21157,21157,16601,4763,0,129,0,1109,16,0,16,16
0,6,moe,9057,51,43189,23908,23909,14318,4758,0,204,0,1302,16,0,16,16
0,7,moe,12173,66,41768,20324,20326,17515,3725,0,202,0,1096,15,0,15,15
0,8,moe,7080,62,39395,22375,22376,12324,4430,0,265,0,1116,16,0,16,16
0,9,moe,4788,56,41460,22637,22639,13481,5185,0,155,0,1305,15,0,15,15
0,10,moe,5302,54,41629,21539,21542,15049,4831,0,207,0,1103,16,0,16,16
0,11,moe,14353,105,40617,20704,20705,15139,4615,0,158,0,1109,15,0,15,15
0,12,moe,8050,53,45590,25136,25136,14620,5666,0,168,0,1296,16,0,16,16
0,13,moe,6604,56,39570,19632,19634,15235,4529,0,172,0,1105,15,0,15,15
0,14,moe,4097,53,38505,21159,21159,12356,4861,1,128,0,1212,16,0,16,16
0,15,moe,10402,59,41136,22171,22172,13528,5270,0,166,0,1307,15,0,15,15
0,16,moe,4866,53,37957,20851,20852,12334,4604,0,167,0,1104,16,0,16,16
0,17,moe,7721,56,38437,21069,21071,12326,4896,0,144,0,1111,16,0,16,16
0,18,moe,9418,56,40655,21833,21833,13494,5147,0,181,0,1301,15,0,15,15
0,19,moe,10716,49,39596,21900,21902,12331,5166,1,196,0,1110,16,0,16,16
0,20,moe,9743,61,37387,19947,19948,12320,4977,0,142,0,1109,16,0,16,16
0,21,moe,1540,53,28542,8423,8423,14388,5565,1,165,0,1297,16,0,16,16
0,22,moe,1336,42,22061,4537,4539,12332,5005,0,185,0,1103,16,0,16,16
0,23,moe,810,41,24066,4762,4763,13505,5638,0,160,0,1298,15,0,15,15
0,24,moe,1318,38,25208,4896,4897,14236,5928,0,147,0,1303,16,0,16,16
0,25,moe,1328,38,24726,4842,4842,14305,5451,0,128,0,1312,16,0,16,16
0,26,moe,794,35,12580,2388,2388,7106,2996,1,89,0,712,8,0,8,8
0,-1,epi,0,0,0,0,0,0,0,0,5478,0,0,0,0,0,0
1,-2,pre,50,0,0,0,0,0,0,0,0,0,0,0,0,0,0
1,0,dense,2424,38,0,0,0,0,0,0,0,0,0,0,0,0,0
1,1,moe,1279,36,31713,16540,16540,10678,4384,0,111,0,1280,12,0,12,12
1,2,moe,1132,39,35659,19489,19490,11669,4383,1,116,0,1577,13,0,13,13
1,3,moe,745,37,35421,19726,19727,11666,3915,1,112,0,1290,14,1,13,14
1,4,moe,1137,44,33125,18692,18692,10759,3509,0,165,0,1094,15,1,14,15
1,5,moe,1250,40,27742,15256,15256,9264,3121,0,101,0,1110,14,2,12,14
1,6,moe,1143,46,33248,18422,18422,10855,3824,0,147,0,1344,14,2,12,14
1,7,moe,687,41,39044,21740,21741,12372,4760,0,171,0,1111,16,0,16,16
1,8,moe,1118,42,29887,16975,16975,9242,3564,0,106,0,1091,13,1,12,13
1,9,moe,1250,40,36592,20181,20185,11711,4504,0,192,0,1324,15,2,13,15
1,10,moe,1127,39,29470,16487,16487,9273,3566,0,144,0,1120,15,3,12,15
1,11,moe,677,42,33858,18705,18707,10727,4314,0,110,0,1099,15,1,14,15
1,12,moe,1128,39,40629,22969,22969,12651,4838,0,171,0,1368,16,2,14,16
1,13,moe,1256,40,31680,17562,17562,10026,3910,0,182,0,1111,14,1,13,14
1,14,moe,1116,38,35439,20088,20088,10712,4522,0,117,0,1104,16,2,14,16
1,15,moe,680,35,36199,19602,19604,11746,4709,0,140,0,1313,15,2,13,15
1,16,moe,1121,44,34737,19423,19426,10809,4324,0,178,0,1473,16,2,14,16
1,17,moe,1250,41,34447,20134,20134,10099,4102,0,112,0,1791,14,1,13,14
1,18,moe,1126,41,44124,21458,21459,17272,5226,0,167,0,1914,15,0,15,15
1,19,moe,677,36,33871,18424,18426,10790,4479,0,176,0,1643,15,1,14,15
1,20,moe,1123,42,36773,19056,19057,13630,3967,0,119,0,1915,15,1,14,15
1,21,moe,6415,40,26500,14085,14086,9042,3246,1,125,0,1786,15,5,10,15
1,22,moe,1597,40,28231,14147,14147,10738,3171,0,175,0,1796,15,4,11,15
1,23,moe,695,37,31953,15895,15895,11689,4183,0,186,0,1981,16,3,13,16
1,24,moe,1266,42,19477,3542,3542,12251,3576,0,108,0,1867,14,3,11,14
1,25,moe,1251,37,21614,4339,4339,12447,4709,0,119,0,2385,16,2,14,16
1,26,moe,719,84,18189,2509,2511,12933,2658,0,87,0,1533,8,0,8,8
1,-1,epi,0,0,0,0,0,0,0,0,5446,0,0,0,0,0,0
2,-2,pre,7994,0,0,0,0,0,0,0,0,0,0,0,0,0,0
2,0,dense,116870,119,0,0,0,0,0,0,0,0,0,0,0,0,0
2,1,moe,61731,165,881521,463600,463613,369094,45321,1,3492,0,164054,0,0,0,216
2,2,moe,61977,171,752198,334495,334511,370953,35370,0,11364,0,136723,0,0,0,224
2,3,moe,41073,160,537301,233326,233335,262006,39399,0,2561,0,155467,0,0,0,200
2,4,moe,64860,166,430834,205423,205437,199109,24018,0,2270,0,110096,0,0,0,185
2,5,moe,66157,173,382488,174681,174685,182792,22883,0,2128,0,109203,0,0,0,164
2,6,moe,66508,178,495161,212035,212041,238373,42386,4,2357,0,172436,0,0,0,171
2,7,moe,37990,326,398603,186492,186508,190025,19829,0,2241,0,103861,0,0,0,167
2,8,moe,65603,166,450880,202887,202903,206021,39712,0,2244,0,111369,0,0,0,179
2,9,moe,63088,179,474458,209801,209815,224594,37829,0,2220,0,145516,0,0,0,172
2,10,moe,63299,171,434525,211728,211738,188707,31646,0,2434,0,124168,0,0,0,189
2,11,moe,41490,160,417711,211943,211954,180671,22801,1,2284,0,118540,0,0,0,187
2,12,moe,59783,177,459814,216644,216653,204542,36121,1,2497,0,138778,0,0,0,178
2,13,moe,71056,165,424584,206105,206110,179458,36587,0,2429,0,125185,0,0,0,185
2,14,moe,64992,189,407843,200490,200498,177679,27348,1,2317,0,106166,0,0,0,181
2,15,moe,47844,155,487845,230429,230440,216637,38172,0,2596,0,153694,0,0,0,189
2,16,moe,64080,180,423787,210605,210626,184855,25738,0,2568,0,111287,0,0,0,190
2,17,moe,72432,164,434151,220386,220396,182472,28900,1,2382,0,130134,0,0,0,187
2,18,moe,62484,170,502753,251938,251947,220295,28202,0,2309,0,150418,0,0,0,192
2,19,moe,49281,177,472302,224326,224339,221010,24569,0,2384,0,117368,0,0,0,198
2,20,moe,66297,171,455280,219553,219563,204774,28543,0,2400,0,149085,0,0,0,192
2,21,moe,70912,160,538056,222833,222844,284294,28627,1,2290,0,141286,0,0,0,180
2,22,moe,70783,189,501588,220827,220837,243330,34808,0,2613,0,143953,0,0,0,193
2,23,moe,46554,166,537473,222078,222089,273469,39526,1,2388,0,170328,0,0,0,184
2,24,moe,66119,196,548534,257389,257400,245913,42876,0,2345,0,170846,0,0,0,193
2,25,moe,64580,170,487197,233349,233362,211783,39852,0,2200,0,156909,0,0,0,175
2,26,moe,43166,32,5,0,0,0,0,0,5,0,6,0,0,0,0
2,-1,epi,0,0,0,0,0,0,0,0,5,0,0,0,0,0,0
3,-2,pre,232,0,0,0,0,0,0,0,0,0,0,0,0,0,0
3,0,dense,11978,56,0,0,0,0,0,0,0,0,0,0,0,0,0
3,1,moe,8033,52,66456,28831,28832,24279,13147,0,198,0,4925,26,3,23,26
3,2,moe,8334,41,58088,25804,25804,19570,12534,0,180,0,3924,23,1,22,23
3,3,moe,10832,41,61761,24058,24058,25415,12107,0,181,0,3940,22,1,21,22
3,4,moe,8744,39,36846,17304,17305,12413,6947,0,181,0,2914,18,2,16,18
3,5,moe,5465,38,46041,20389,20389,18009,7481,0,162,0,2452,20,1,19,20
3,6,moe,5679,48,66353,27022,27023,31684,7427,0,219,0,2401,24,1,23,24
3,7,moe,9565,34,43663,18961,18962,19339,5175,0,187,0,1937,19,1,18,19
3,8,moe,5420,35,48047,17152,17152,12377,18375,0,143,0,1900,17,1,16,17
3,9,moe,5546,41,60773,26897,26897,24470,9185,1,220,0,2406,23,2,21,23
3,10,moe,5761,34,57981,29373,29373,20262,8064,1,281,0,1974,25,1,24,25
3,11,moe,9026,34,44748,17090,17090,17869,9644,0,145,0,2636,19,4,15,19
3,12,moe,5311,342,50084,23606,23606,19606,6681,0,191,0,2382,19,1,18,19
3,13,moe,8534,43,54938,25885,25885,17113,11713,0,227,0,2324,22,0,22,22
3,14,moe,7024,45,50879,23262,23262,19496,7944,1,176,0,2000,21,2,19,21
3,15,moe,10084,36,58748,26130,26131,23115,9291,1,210,0,2401,21,0,21,21
3,16,moe,5364,36,45565,22809,22809,15391,7149,0,216,0,2290,22,2,20,22
3,17,moe,7958,35,56527,31426,31427,17635,7259,0,206,0,1966,25,2,23,25
3,18,moe,9215,36,61033,33090,33091,19804,7925,0,213,0,3623,25,3,22,25
3,19,moe,16118,41,64731,37930,37931,18391,8120,0,289,0,1950,24,0,24,24
3,20,moe,9736,37,60904,37702,37703,17705,5310,0,186,0,2061,23,0,23,23
3,21,moe,5681,42,53360,21163,21164,22687,9292,1,216,0,2388,24,2,22,24
3,22,moe,1455,36,40903,10034,10035,24080,6573,0,215,0,2416,24,2,22,24
3,23,moe,1286,37,38429,9006,9007,18796,10416,1,209,0,2377,22,1,21,22
3,24,moe,1441,37,51972,15640,15641,28585,7551,0,195,0,2391,26,2,24,26
3,25,moe,1439,36,48195,20044,20046,20422,7506,0,221,0,2387,24,1,23,24
3,26,moe,5434,38,13964,8948,8949,3575,1378,0,62,0,8572,8,4,4,8
3,-1,epi,0,0,0,0,0,0,0,0,40340,0,0,0,0,0,0
4,-2,pre,57,0,0,0,0,0,0,0,0,0,0,0,0,0,0
4,0,dense,1463,45,0,0,0,0,0,0,0,0,0,0,0,0,0
4,1,moe,834,40,11503,5278,5278,3750,2423,0,52,0,1253,8,4,4,8
4,2,moe,745,46,7081,2395,2395,3336,1314,1,35,0,719,8,6,2,8
4,3,moe,572,32,13835,4902,4902,6530,2347,0,56,0,723,8,4,4,8
4,4,moe,741,42,7249,3351,3352,2384,1440,0,73,0,632,8,5,3,8
4,5,moe,796,34,7283,3383,3383,2369,1488,0,43,0,613,8,5,3,8
4,6,moe,2269,43,8228,3612,3612,2793,1763,0,60,0,3762,8,5,3,8
4,7,moe,2406,37,7299,3342,3342,2361,1531,0,65,0,1772,8,5,3,8
4,8,moe,4220,44,7203,3364,3364,2309,1489,0,41,0,1371,8,5,3,8
4,9,moe,4732,42,8413,3873,3874,2777,1681,0,81,0,3435,8,5,3,8
4,10,moe,4036,48,12002,4490,4491,5575,1862,0,74,0,2429,8,4,4,8
4,11,moe,2253,39,2180,1183,1183,764,211,0,22,0,773,8,7,1,8
4,12,moe,1181,34,11965,6170,6170,4521,1191,0,83,0,913,8,3,5,8
4,13,moe,1218,34,4276,2220,2220,1585,418,0,53,0,755,8,6,2,8
4,14,moe,747,29,3876,2184,2184,1538,126,0,28,0,595,8,6,2,8
4,15,moe,543,28,6496,3511,3511,2750,184,0,51,0,720,8,5,3,8
4,16,moe,751,35,6344,3214,3214,2347,726,0,57,0,601,8,5,3,8
4,17,moe,782,38,7355,3302,3302,2334,1676,0,43,0,1238,8,5,3,8
4,18,moe,729,35,7858,3493,3494,2761,1538,0,65,0,737,8,5,3,8
4,19,moe,548,31,7243,3326,3326,2348,1501,0,68,0,613,8,5,3,8
4,20,moe,722,33,4823,2186,2186,1522,1086,0,29,0,607,8,6,2,8
4,21,moe,794,33,6482,2322,2322,2749,1346,0,65,0,726,8,5,3,8
4,22,moe,797,40,6149,1724,1724,4203,154,0,68,0,599,8,5,3,8
4,23,moe,555,27,3865,899,899,2736,169,0,61,0,737,8,5,3,8
4,24,moe,806,34,9585,1588,1588,7660,288,0,49,0,723,8,3,5,8
4,25,moe,798,30,7607,1903,1903,5305,339,0,60,0,726,8,2,6,8
4,26,moe,550,28,11766,6055,6055,4430,1234,0,47,0,1259,8,3,5,8
4,-1,epi,0,0,0,0,0,0,0,0,5634,0,0,0,0,0,0
5,-2,pre,228,0,0,0,0,0,0,0,0,0,0,0,0,0,0
5,0,dense,1418,38,0,0,0,0,0,0,0,0,0,0,0,0,0
5,1,moe,804,33,13592,6192,6192,4449,2902,0,49,0,734,8,3,5,8
5,2,moe,719,34,23645,8266,8266,11320,3976,0,83,0,741,8,1,7,8
5,3,moe,559,37,21942,8445,8445,9558,3872,0,67,0,730,8,1,7,8
5,4,moe,726,46,14198,6638,6638,4634,2831,0,95,0,641,8,2,6,8
5,5,moe,789,36,15055,5714,5714,6927,2356,0,58,0,638,8,3,5,8
5,6,moe,719,41,10807,4904,4905,3623,2201,0,78,0,1211,8,4,4,8
5,7,moe,547,33,7248,3386,3386,2353,1446,0,63,0,1021,8,5,3,8
5,8,moe,709,33,7157,3296,3296,2300,1524,0,37,0,1467,8,5,3,8
5,9,moe,786,40,15956,7146,7146,5433,3286,0,91,0,746,8,2,6,8
5,10,moe,723,33,7108,3243,3243,2349,1445,0,71,0,1105,8,5,3,8
5,11,moe,543,31,14483,7642,7642,5322,1453,0,66,0,601,8,1,7,8
5,12,moe,719,31,14382,7431,7431,5400,1473,0,78,0,719,8,2,6,8
5,13,moe,775,31,10345,5374,5375,3866,1032,0,72,0,616,8,3,5,8
5,14,moe,710,32,7634,4290,4290,3061,229,0,54,0,591,8,4,4,8
5,15,moe,552,30,10750,5877,5877,4505,296,0,72,0,710,8,3,5,8
5,16,moe,710,29,8209,4315,4315,3101,721,0,72,0,745,8,4,4,8
5,17,moe,784,45,9477,4314,4315,3042,2073,0,47,0,611,8,4,4,8
5,18,moe,712,32,17799,8249,8250,6289,3157,0,103,0,733,8,1,7,8
5,19,moe,548,33,9807,4550,4550,3118,2058,0,81,0,600,8,4,4,8
5,20,moe,711,39,7236,3297,3298,2304,1591,0,43,0,601,8,5,3,8
5,21,moe,790,38,10794,4047,4048,4521,2137,0,88,0,729,8,3,5,8
5,22,moe,780,34,3368,803,803,2346,149,0,70,0,600,8,5,3,8
5,23,moe,554,34,4059,608,608,3293,114,0,44,0,713,8,6,2,8
5,24,moe,794,32,8000,1265,1265,6461,230,0,44,0,717,8,4,4,8
5,25,moe,786,37,8007,1291,1291,6446,229,0,41,0,719,8,4,4,8
5,26,moe,553,33,7065,3630,3630,2653,748,0,34,0,1277,8,5,3,8
5,-1,epi,0,0,0,0,0,0,0,0,5649,0,0,0,0,0,0
6,-2,pre,226,0,0,0,0,0,0,0,0,0,0,0,0,0,0
6,0,dense,1423,36,0,0,0,0,0,0,0,0,0,0,0,0,0
6,1,moe,806,34,12671,6243,6244,4446,1930,0,51,0,733,8,3,5,8
6,2,moe,719,34,10404,4607,4607,3559,2183,1,54,0,728,8,4,4,8
6,3,moe,548,40,13736,6024,6024,4775,2887,0,50,0,736,8,3,5,8
6,4,moe,722,36,12384,5509,5509,4196,2584,0,95,0,637,8,3,5,8
6,5,moe,795,35,7156,3279,3279,2312,1522,0,43,0,633,8,5,3,8
6,6,moe,724,36,5568,2419,2419,1869,1223,0,57,0,719,8,6,2,8
6,7,moe,571,36,10280,4394,4394,3133,2666,0,87,0,605,8,4,4,8
6,8,moe,715,33,17074,9851,9852,3881,3243,1,97,0,649,8,3,5,8
6,9,moe,774,42,12014,4965,4965,3660,3299,0,90,0,783,8,4,4,8
6,10,moe,782,45,24170,16517,16517,3971,3557,0,125,0,683,8,3,5,8
6,11,moe,588,46,4841,2313,2314,1531,939,0,57,0,616,8,6,2,8
6,12,moe,736,39,9632,3796,3796,4939,820,0,77,0,852,8,5,3,8
6,13,moe,789,34,6577,3319,3319,2366,813,0,79,0,602,8,5,3,8
6,14,moe,721,31,5893,3400,3400,2287,165,0,41,0,603,8,5,3,8
6,15,moe,545,28,15591,6454,6454,8176,876,0,85,0,728,8,3,5,8
6,16,moe,715,33,15029,7993,7994,4689,2247,1,98,0,606,8,2,6,8
6,17,moe,786,33,15339,6167,6167,3870,5230,0,72,0,678,8,3,5,8
6,18,moe,724,46,2795,1287,1287,1010,440,0,58,0,770,8,7,1,8
6,19,moe,598,30,11156,5556,5557,3912,1578,0,109,0,626,8,3,5,8
6,20,moe,728,33,13189,4397,4397,3941,4793,0,58,0,675,8,4,4,8
6,21,moe,802,37,4548,2401,2401,1934,145,0,68,0,761,8,6,2,8
6,22,moe,811,40,5382,832,832,4284,188,0,78,0,622,8,5,3,8
6,23,moe,557,33,6133,965,965,4928,173,0,67,0,726,8,5,3,8
6,24,moe,802,34,6024,964,964,4848,174,0,38,0,721,8,5,3,8
6,25,moe,812,32,3815,949,949,2655,170,0,41,0,732,8,5,3,8
6,26,moe,561,30,9637,4980,4980,3543,1056,1,57,0,1346,8,4,4,8
6,-1,epi,0,0,0,0,0,0,0,0,5080,0,0,0,0,0,0
7,-2,pre,226,0,0,0,0,0,0,0,0,0,0,0,0,0,0
7,0,dense,1352,39,0,0,0,0,0,0,0,0,0,0,0,0,0
7,1,moe,779,34,11015,5901,5902,4518,524,1,70,0,760,8,3,5,8
7,2,moe,727,34,5465,2498,2498,1787,1137,0,43,0,741,8,6,2,8
7,3,moe,571,30,4240,1183,1183,898,2132,0,27,0,846,8,7,1,8
7,4,moe,746,41,7922,3658,3659,2403,1776,0,84,0,666,8,5,3,8
7,5,moe,800,35,5082,2255,2255,1556,1232,0,39,0,677,8,6,2,8
7,6,moe,722,33,2985,1227,1227,998,699,0,61,0,809,8,7,1,8
7,7,moe,599,35,9535,4461,4461,3106,1869,1,98,0,628,8,4,4,8
7,8,moe,733,32,12483,4511,4511,3133,4777,0,62,0,686,8,4,4,8
7,9,moe,805,38,7158,2494,2494,3342,1248,0,74,0,1439,8,6,2,8
7,10,moe,745,36,3230,1187,1187,1453,518,0,72,0,626,8,7,1,8
7,11,moe,576,35,4676,2197,2198,1521,926,0,31,0,609,8,6,2,8
7,12,moe,736,32,11640,5885,5885,4554,1107,1,93,0,737,8,3,5,8
7,13,moe,802,35,6306,3322,3322,2343,576,0,65,0,600,8,5,3,8
7,14,moe,715,36,7908,3562,3562,4135,167,0,44,0,628,8,5,3,8
7,15,moe,548,28,10874,5969,5972,4506,318,0,78,0,723,8,3,5,8
7,16,moe,721,29,4145,2209,2209,1574,308,0,54,0,597,8,6,2,8
7,17,moe,786,31,5777,3297,3299,2290,149,0,39,0,596,8,5,3,8
7,18,moe,717,29,7151,3618,3618,2734,737,0,62,0,721,8,5,3,8
7,19,moe,550,29,6282,3266,3266,2346,600,0,70,0,606,8,5,3,8
7,20,moe,720,40,5167,2689,2689,1522,916,0,40,0,605,8,6,2,8
7,21,moe,787,31,10071,4828,4828,3625,1535,0,83,0,723,8,4,4,8
7,22,moe,790,32,4773,1388,1389,3107,196,0,81,0,617,8,4,4,8
7,23,moe,557,29,4104,637,637,3302,117,0,48,0,725,8,6,2,8
7,24,moe,797,30,1281,304,304,893,64,0,20,0,765,8,7,1,8
7,25,moe,794,30,7268,2096,2097,4926,203,0,42,0,868,8,5,3,8
7,26,moe,568,32,6414,2473,2473,3288,618,0,35,0,772,8,6,2,8
7,-1,epi,0,0,0,0,0,0,0,0,5649,0,0,0,0,0,0
8,-2,pre,291,0,0,0,0,0,0,0,0,0,0,0,0,0,0
8,0,dense,1435,40,0,0,0,0,0,0,0,0,0,0,0,0,0
8,1,moe,820,37,6486,3616,3616,2652,169,0,49,0,746,8,5,3,8
8,2,moe,746,32,6604,2498,2498,3239,829,0,38,0,734,8,6,2,8
8,3,moe,557,30,8661,4823,4823,3556,227,0,55,0,734,8,4,4,8
8,4,moe,724,34,4873,2208,2208,1611,986,1,67,0,611,8,6,2,8
8,5,moe,793,38,10674,3227,3227,2332,5066,0,49,0,679,8,5,3,8
8,6,moe,741,42,15662,7090,7092,5500,2964,0,106,0,743,8,2,6,8
8,7,moe,563,33,6243,2382,2382,2817,979,0,65,0,2505,8,6,2,8
8,8,moe,741,38,6859,2257,2257,1580,2985,1,36,0,675,8,6,2,8
8,9,moe,814,40,7564,3813,3814,2819,849,0,82,0,791,8,5,3,8
8,10,moe,752,38,6544,3384,3384,2371,700,0,89,0,1096,8,5,3,8
8,11,moe,565,32,9386,4296,4296,3064,1972,0,54,0,624,8,4,4,8
8,12,moe,733,34,6782,3617,3618,2739,349,0,76,0,734,8,5,3,8
8,13,moe,795,32,6439,3424,3424,2330,615,0,70,0,606,8,5,3,8
8,14,moe,723,30,5774,3261,3262,2298,155,0,59,0,602,8,5,3,8
8,15,moe,561,33,4323,2316,2316,1846,112,0,49,0,721,8,6,2,8
8,16,moe,720,30,7819,4333,4334,3102,311,0,72,0,603,8,4,4,8
8,17,moe,796,30,4977,2493,2493,2285,154,0,45,0,600,8,5,3,8
8,18,moe,733,34,6843,3655,3655,2757,365,0,66,0,722,8,5,3,8
8,19,moe,552,28,3883,2153,2153,1576,98,0,56,0,608,8,6,2,8
8,20,moe,719,29,4356,2287,2287,1524,516,0,29,0,613,8,6,2,8
8,21,moe,800,36,2266,1195,1195,970,56,0,45,0,717,8,7,1,8
8,22,moe,793,29,3115,1202,1202,1575,280,0,58,0,601,8,6,2,8
8,23,moe,555,26,8,0,0,0,0,0,8,0,712,8,8,0,8
8,24,moe,800,39,2109,317,317,1693,59,0,40,0,736,8,7,1,8
8,25,moe,815,37,7969,1260,1260,6436,225,0,48,0,730,8,4,4,8
8,26,moe,592,31,9406,3665,3665,4845,861,0,35,0,895,8,5,3,8
8,-1,epi,0,0,0,0,0,0,0,0,5693,0,0,0,0,0,0
9,-2,pre,241,0,0,0,0,0,0,0,0,0,0,0,0,0,0
9,0,dense,1429,34,0,0,0,0,0,0,0,0,0,0,0,0,0
9,1,moe,822,32,10647,5196,5196,5029,373,0,49,0,724,8,5,3,8
9,2,moe,726,31,7129,4244,4244,2668,173,0,44,0,724,8,5,3,8
9,3,moe,557,32,5829,2442,2442,3240,112,0,35,0,715,8,6,2,8
9,4,moe,725,31,7337,3238,3238,2573,1441,0,85,0,632,8,5,3,8
9,5,moe,798,30,10056,4378,4378,3917,1709,0,52,0,626,8,4,4,8
9,6,moe,725,32,11,0,0,0,0,0,11,0,1297,8,8,0,8
9,7,moe,606,37,13317,7523,7523,3349,2404,0,41,0,604,8,5,3,8
9,8,moe,726,40,7196,2424,2424,2757,1984,0,31,0,615,8,6,2,8
9,9,moe,803,36,6102,3065,3065,2758,213,0,66,0,1953,8,5,3,8
9,10,moe,736,32,9,0,0,0,0,0,9,0,1594,8,8,0,8
9,11,moe,551,27,2568,1199,1199,824,499,0,46,0,1085,8,7,1,8
9,12,moe,730,35,2258,391,391,1762,65,0,40,0,6004,8,7,1,8
9,13,moe,786,32,2395,1209,1209,828,308,0,50,0,703,8,7,1,8
9,14,moe,1177,34,2095,1254,1254,765,51,0,25,0,605,8,7,1,8
9,15,moe,558,30,4406,932,932,3309,117,0,48,0,717,8,6,2,8
9,16,moe,727,32,6594,4017,4017,2357,153,0,67,0,598,8,5,3,8
9,17,moe,780,31,4710,1806,1806,2771,101,0,32,0,628,8,6,2,8
9,18,moe,743,37,4579,2441,2441,1919,157,0,62,0,778,8,6,2,8
9,19,moe,556,30,1226,275,275,848,51,0,52,0,605,8,7,1,8
9,20,moe,722,31,2158,1130,1130,770,233,0,25,0,616,8,7,1,8
9,21,moe,797,32,4351,2274,2275,1903,117,0,56,0,727,8,6,2,8
9,22,moe,7872,31,12854,5518,5518,6995,248,1,92,0,605,8,3,5,8
9,23,moe,729,30,1407,317,317,991,56,0,43,0,726,8,7,1,8
9,24,moe,800,33,2564,651,651,1765,119,0,29,0,731,8,6,2,8
9,25,moe,808,35,4028,987,988,2665,336,0,39,0,723,8,5,3,8
9,26,moe,561,29,7084,2511,2511,3221,1323,0,29,0,759,8,6,2,8
9,-1,epi,0,0,0,0,0,0,0,0,5683,0,0,0,0,0,0
10,-2,pre,227,0,0,0,0,0,0,0,0,0,0,0,0,0,0
10,0,dense,1431,33,0,0,0,0,0,0,0,0,0,0,0,0,0
10,1,moe,815,33,26250,12565,12566,12931,662,0,91,0,731,8,0,8,8
10,2,moe,725,32,5895,2516,2516,3228,116,0,35,0,717,8,6,2,8
10,3,moe,556,30,12106,5156,5157,6468,430,0,51,0,720,8,4,4,8
10,4,moe,714,58,7888,4468,4468,3125,194,0,101,0,591,8,4,4,8
10,5,moe,783,36,4145,2400,2400,1540,170,0,35,0,605,8,6,2,8
10,6,moe,718,32,5698,2440,2440,3047,153,0,58,0,2255,8,6,2,8
10,7,moe,552,36,7395,3343,3343,2378,1593,1,80,0,606,8,5,3,8
10,8,moe,719,34,7679,3482,3482,2298,1857,0,42,0,605,8,5,3,8
10,9,moe,793,34,10917,5462,5462,4532,839,0,84,0,725,8,3,5,8
10,10,moe,726,37,9160,5740,5740,3119,219,0,82,0,614,8,4,4,8
10,11,moe,548,33,18531,6947,6947,6127,5389,0,68,0,612,8,3,5,8
10,12,moe,738,38,8939,4108,4108,3686,1066,0,79,0,719,8,4,4,8
10,13,moe,792,35,5853,3234,3234,2367,169,0,83,0,611,8,5,3,8
10,14,moe,733,59,13868,9851,9851,3173,766,0,78,0,1162,8,4,4,8
10,15,moe,1047,45,25294,16420,16420,6540,2195,1,138,0,1518,8,1,7,8
10,16,moe,2131,154,17331,10579,10579,4817,1721,0,214,0,1285,8,2,6,8
10,17,moe,1631,51,23289,18162,18163,4680,350,0,96,0,1034,8,2,6,8
10,18,moe,764,54,19912,13959,13959,5487,351,0,115,0,766,8,2,6,8
10,19,moe,561,36,17410,8584,8586,8381,296,0,147,0,630,8,2,6,8
10,20,moe,731,41,14988,7358,7358,6904,655,0,71,0,625,8,3,5,8
10,21,moe,928,42,14937,6359,6359,8194,291,0,93,0,1708,8,3,5,8
10,22,moe,859,56,11547,5618,5618,5606,201,1,121,0,622,8,4,4,8
10,23,moe,21916,44,9461,5368,5368,3736,252,0,105,0,1797,8,4,4,8
10,24,moe,1093,47,26999,2397,2397,23057,1453,0,92,0,1085,8,2,6,8
10,25,moe,958,39,7955,2977,2978,4548,351,0,78,0,869,8,3,5,8
10,26,moe,607,41,16023,6651,6655,4554,4747,0,67,0,1757,8,3,5,8
10,-1,epi,0,0,0,0,0,0,0,0,5379,0,0,0,0,0,0
11,-2,pre,241,0,0,0,0,0,0,0,0,0,0,0,0,0,0
11,0,dense,1445,117,0,0,0,0,0,0,0,0,0,0,0,0,0
11,1,moe,954,292,4143,2044,2044,1712,357,0,30,0,994,8,7,1,8
11,2,moe,722,55,10229,8162,8162,1881,136,1,49,0,852,8,6,2,8
11,3,moe,699,50,8701,6679,6680,1836,138,1,46,0,807,8,6,2,8
11,4,moe,865,57,9844,6596,6596,3023,117,1,107,0,724,8,6,2,8
11,5,moe,942,40,5362,2328,2328,2809,177,0,48,0,662,8,6,2,8
11,6,moe,771,81,6706,2986,2986,3414,202,0,104,0,792,8,6,2,8
11,7,moe,583,41,5276,2234,2235,1631,1323,0,87,0,662,8,6,2,8
11,8,moe,714,36,9397,6003,6003,2366,951,0,77,0,972,8,5,3,8
11,9,moe,827,43,11629,4080,4080,3322,4118,0,109,0,1430,8,5,3,8
11,10,moe,715,42,10980,3407,3407,4698,2731,0,144,0,2318,8,5,3,8
11,11,moe,2740,58,4693,2297,2297,1636,713,0,47,0,682,8,6,2,8
11,12,moe,786,47,12487,5782,5782,3754,2813,0,138,0,781,8,4,4,8
11,13,moe,719,47,4145,2246,2246,1640,171,0,88,0,642,8,6,2,8
11,14,moe,647,38,15137,6661,6663,4962,3408,0,104,0,633,8,2,6,8
11,15,moe,563,35,11078,4723,4724,3637,2635,0,82,0,766,8,4,4,8
11,16,moe,724,37,14491,7089,7089,4643,2650,0,109,0,966,8,2,6,8
11,17,moe,5228,46,8675,4035,4035,3830,740,1,69,0,1362,8,3,5,8
11,18,moe,5293,51,11820,5189,5190,4508,2026,0,96,0,2964,8,3,5,8
11,19,moe,2704,40,7863,3743,3743,3122,913,0,85,0,2574,8,4,4,8
11,20,moe,1192,40,4299,2257,2258,1525,475,0,41,0,886,8,6,2,8
11,21,moe,1257,39,9409,4825,4826,3632,872,0,79,0,822,8,4,4,8
11,22,moe,1257,36,5901,3314,3315,2362,150,0,74,0,616,8,5,3,8
11,23,moe,560,31,4587,2545,2545,1872,114,0,56,0,729,8,6,2,8
11,24,moe,7799,35,8890,5073,5074,3538,226,1,51,0,740,8,4,4,8
11,25,moe,793,36,6415,1643,1643,4429,285,0,58,0,756,8,3,5,8
11,26,moe,587,31,17386,7743,7743,5424,4124,0,95,0,1407,8,2,6,8
11,-1,epi,0,0,0,0,0,0,0,0,5754,0,0,0,0,0,0
12,-2,pre,260,0,0,0,0,0,0,0,0,0,0,0,0,0,0
12,0,dense,1456,39,0,0,0,0,0,0,0,0,0,0,0,0,0
12,1,moe,815,35,11297,7477,7477,3540,223,0,57,0,743,8,4,4,8
12,2,moe,734,37,6522,3628,3628,2673,175,0,46,0,740,8,5,3,8
12,3,moe,553,31,4415,2495,2495,1773,116,0,31,0,734,8,6,2,8
12,4,moe,789,38,9357,6769,6769,2353,157,0,78,0,610,8,5,3,8
12,5,moe,801,40,5154,2443,2443,2296,375,0,40,0,617,8,5,3,8
12,6,moe,718,30,4865,2764,2764,1859,189,1,52,0,729,8,6,2,8
12,7,moe,555,30,2726,1265,1265,822,593,0,46,0,622,8,7,1,8
12,8,moe,724,35,8579,5774,5774,1539,1170,0,96,0,1240,8,6,2,8
12,9,moe,788,37,13847,8355,8355,4558,843,0,91,0,825,8,3,5,8
12,10,moe,738,37,4237,1430,1430,1583,1161,0,63,0,620,8,6,2,8
12,11,moe,552,32,9283,4850,4850,3040,1343,0,50,0,619,8,4,4,8
12,12,moe,717,34,11388,6497,6498,4512,286,1,91,0,737,8,3,5,8
12,13,moe,786,36,8736,3954,3954,3102,1597,0,83,0,617,8,4,4,8
12,14,moe,713,34,8026,3917,3917,2288,1777,0,44,0,1732,8,5,3,8
12,15,moe,595,52,10578,5026,5026,3625,1847,0,80,0,1286,8,4,4,8
12,16,moe,719,36,14501,7891,7892,4633,1866,0,110,0,621,8,2,6,8
12,17,moe,784,38,9217,5874,5874,3058,230,0,55,0,1103,8,4,4,8
12,18,moe,720,40,13394,7574,7574,4531,1198,0,91,0,737,8,3,5,8
12,19,moe,548,34,5081,2461,2461,2371,158,0,91,0,1647,8,5,3,8
12,20,moe,721,36,4082,1471,1472,1533,1042,0,35,0,1544,8,6,2,8
12,21,moe,785,33,10773,7072,7072,2755,857,1,88,0,732,8,5,3,8
12,22,moe,781,32,6460,3601,3601,2340,444,0,75,0,791,8,5,3,8
12,23,moe,744,31,9,0,0,0,0,0,9,0,715,8,8,0,8
12,24,moe,784,31,8756,4813,4813,3634,233,0,76,0,721,8,4,4,8
12,25,moe,781,33,2554,635,636,1776,116,0,26,0,734,8,6,2,8
12,26,moe,557,30,8270,2702,2703,2666,2860,0,41,0,2502,8,5,3,8
12,-1,epi,0,0,0,0,0,0,0,0,5674,0,0,0,0,0,0
13,-2,pre,226,0,0,0,0,0,0,0,0,0,0,0,0,0,0
13,0,dense,1427,36,0,0,0,0,0,0,0,0,0,0,0,0,0
13,1,moe,806,32,6918,3090,3090,3542,240,0,46,0,733,8,4,4,8
13,2,moe,726,33,2195,1224,1224,890,60,0,21,0,727,8,7,1,8
13,3,moe,633,65,2343,1307,1308,940,72,0,23,0,795,8,7,1,8
13,4,moe,762,33,10,0,0,0,0,0,10,0,620,8,8,0,8
13,5,moe,802,33,2150,1209,1209,830,50,0,61,0,612,8,7,1,8
13,6,moe,719,30,3549,1285,1285,978,1245,0,41,0,725,8,7,1,8
13,7,moe,560,34,2606,1236,1236,816,511,0,43,0,603,8,7,1,8
13,8,moe,719,31,2062,1229,1229,763,49,0,21,0,675,8,7,1,8
13,9,moe,838,33,2314,1220,1220,971,56,0,67,0,730,8,7,1,8
13,10,moe,721,32,2911,1458,1458,817,586,0,50,0,615,8,7,1,8
13,11,moe,556,31,4305,2217,2217,1520,542,0,26,0,624,8,6,2,8
13,12,moe,725,34,2665,628,628,1869,114,1,53,0,755,8,6,2,8
13,13,moe,855,48,2542,1160,1160,821,512,0,49,0,611,8,7,1,8
13,14,moe,732,34,4920,1436,1436,1528,1929,0,27,0,4509,8,6,2,8
13,15,moe,567,37,10321,2702,2702,4501,3040,0,78,0,1275,8,3,5,8
13,16,moe,732,40,11053,3265,3265,3903,3790,0,95,0,614,8,3,5,8
13,17,moe,798,40,4942,1881,1881,2287,734,0,40,0,612,8,5,3,8
13,18,moe,730,37,9029,4302,4302,3621,1037,1,68,0,880,8,4,4,8
13,19,moe,569,33,5229,1043,1043,3088,1019,0,79,0,614,8,4,4,8
13,20,moe,728,38,2468,1178,1178,763,504,0,23,0,1070,8,7,1,8
13,21,moe,794,39,5851,2456,2456,1871,1469,0,55,0,893,8,6,2,8
13,22,moe,787,35,4393,2293,2294,1605,435,0,59,0,686,8,6,2,8
13,23,moe,557,30,9,0,1,0,0,0,8,0,972,8,8,0,8
13,24,moe,787,31,8723,4806,4806,3621,225,1,70,0,733,8,4,4,8
13,25,moe,7973,77,1582,589,589,889,60,0,44,0,718,8,7,1,8
13,26,moe,708,31,3277,584,584,1776,890,0,27,0,724,8,6,2,8
13,-1,epi,0,0,0,0,0,0,0,0,5727,0,0,0,0,0,0
14,-2,pre,62,0,0,0,0,0,0,0,0,0,0,0,0,0,0
14,0,dense,1456,33,0,0,0,0,0,0,0,0,0,0,0,0,0
14,1,moe,813,34,6302,1536,1536,4437,280,0,49,0,745,8,3,5,8
14,2,moe,736,33,10,0,0,0,0,0,10,0,737,8,8,0,8
14,3,moe,573,31,9,0,0,0,0,0,9,0,746,8,8,0,8
14,4,moe,736,29,9,0,0,0,0,0,9,0,628,8,8,0,8
14,5,moe,811,34,2134,1203,1203,821,50,0,60,0,621,8,7,1,8
14,6,moe,742,33,2326,1256,1257,969,59,0,41,0,736,8,7,1,8
14,7,moe,572,42,3026,1156,1156,820,1010,0,40,0,616,8,7,1,8
14,8,moe,743,35,2016,1183,1183,762,51,0,20,0,615,8,7,1,8
14,9,moe,803,34,8,0,0,0,0,0,8,0,742,8,8,0,8
14,10,moe,733,31,8,0,0,0,0,0,8,0,627,8,8,0,8
14,11,moe,576,31,2027,1188,1188,767,52,0,20,0,632,8,7,1,8
14,12,moe,733,36,6472,2520,2520,3648,229,0,75,0,742,8,4,4,8
14,13,moe,789,31,4400,2235,2235,1589,523,0,53,0,613,8,6,2,8
14,14,moe,725,30,4907,2307,2307,1522,1045,0,33,0,1089,8,6,2,8
14,15,moe,557,30,11585,3823,3824,5423,2238,0,100,0,742,8,2,6,8
14,16,moe,778,36,6110,2220,2220,3221,576,0,93,0,682,8,4,4,8
14,17,moe,808,43,7936,1785,1785,4680,1402,0,69,0,658,8,2,6,8
14,18,moe,741,39,5520,1310,1311,3640,494,0,75,0,1427,8,4,4,8
14,19,moe,567,35,8700,2401,2401,3883,2325,1,90,0,619,8,3,5,8
14,20,moe,735,38,12,0,0,0,0,0,12,0,690,8,8,0,8
14,21,moe,798,32,5394,1855,1855,2732,735,0,72,0,1281,8,5,3,8
14,22,moe,801,33,9259,5136,5136,3114,931,0,78,0,616,8,4,4,8
14,23,moe,555,30,3378,2245,2246,1011,58,0,63,0,886,8,7,1,8
14,24,moe,1461,35,6456,3584,3584,2661,175,0,36,0,735,8,5,3,8
14,25,moe,789,32,1858,890,890,889,60,1,18,0,732,8,7,1,8
14,26,moe,560,28,7706,3521,3521,2659,1490,0,36,0,1293,8,5,3,8
14,-1,epi,0,0,0,0,0,0,0,0,5734,0,0,0,0,0,0
15,-2,pre,210,0,0,0,0,0,0,0,0,0,0,0,0,0,0
15,0,dense,1434,36,0,0,0,0,0,0,0,0,0,0,0,0,0
15,1,moe,817,249,10904,5193,5193,5307,344,0,60,0,751,8,2,6,8
15,2,moe,739,36,10,0,0,0,0,0,10,0,744,8,8,0,8
15,3,moe,570,32,9,0,0,0,0,0,9,0,749,8,8,0,8
15,4,moe,739,32,8,0,0,0,0,0,8,0,634,8,8,0,8
15,5,moe,813,33,21,0,0,0,0,0,21,0,634,8,8,0,8
15,6,moe,744,35,6181,1753,1753,1780,2621,0,27,0,741,8,6,2,8
15,7,moe,568,32,2596,1243,1243,822,477,0,54,0,626,8,7,1,8
15,8,moe,737,31,2017,1185,1185,760,51,0,21,0,621,8,7,1,8
15,9,moe,809,33,3199,2079,2079,1008,62,0,50,0,817,8,7,1,8
15,10,moe,775,33,11,0,0,0,0,0,11,0,630,8,8,0,8
15,11,moe,565,28,6114,3490,3491,2363,159,0,101,0,634,8,5,3,8
15,12,moe,745,35,3623,1582,1582,1868,115,0,58,0,746,8,6,2,8
15,13,moe,794,31,3969,3001,3001,829,55,0,84,0,686,8,7,1,8
15,14,moe,730,35,2474,1189,1189,762,503,0,20,0,2414,8,7,1,8
15,15,moe,559,36,8925,3394,3394,3623,1841,0,67,0,745,8,4,4,8
15,16,moe,723,38,3394,834,834,2338,153,0,69,0,618,8,5,3,8
15,17,moe,796,34,15615,8164,8164,4590,2803,0,58,0,638,8,2,6,8
15,18,moe,728,41,13356,4078,4078,5418,3757,0,103,0,748,8,2,6,8
15,19,moe,566,38,5531,2518,2518,2339,603,0,71,0,617,8,5,3,8
15,20,moe,731,37,13020,9661,9661,3049,265,0,45,0,616,8,4,4,8
15,21,moe,781,35,3576,1523,1523,1856,134,0,63,0,1277,8,6,2,8
15,22,moe,787,33,9390,5535,5535,3127,643,0,85,0,1096,8,4,4,8
15,23,moe,553,32,5722,3681,3682,1866,121,0,53,0,844,8,6,2,8
15,24,moe,787,32,9884,5192,5192,3556,1088,1,47,0,939,8,4,4,8
15,25,moe,1199,35,1948,975,976,887,64,0,21,0,730,8,7,1,8
15,26,moe,553,30,12389,7806,7806,3542,996,0,45,0,738,8,4,4,8
15,-1,epi,0,0,0,0,0,0,0,0,5677,0,0,0,0,0,0
16,-2,pre,214,0,0,0,0,0,0,0,0,0,0,0,0,0,0
16,0,dense,1423,36,0,0,0,0,0,0,0,0,0,0,0,0,0
16,1,moe,815,36,10752,5961,5961,4431,310,0,50,0,742,8,3,5,8
16,2,moe,720,36,8989,5129,5129,3552,263,0,45,0,741,8,4,4,8
16,3,moe,559,33,9209,5377,5377,3546,240,0,46,0,740,8,4,4,8
16,4,moe,723,37,7782,4384,4384,3110,198,0,90,0,612,8,4,4,8
16,5,moe,787,36,10001,5906,5906,3801,246,0,48,0,617,8,3,5,8
16,6,moe,714,38,7696,3632,3633,2748,1256,0,59,0,733,8,5,3,8
16,7,moe,564,34,4048,2322,2322,1572,98,0,56,0,607,8,6,2,8
16,8,moe,717,34,4489,2838,2838,1525,98,0,28,0,620,8,6,2,8
16,9,moe,788,34,7333,4338,4339,2753,172,1,68,0,808,8,5,3,8
16,10,moe,733,38,12,0,0,0,0,0,12,0,619,8,8,0,8
16,11,moe,557,29,9139,4951,4951,3856,244,0,88,0,618,8,3,5,8
16,12,moe,720,37,5892,2921,2921,2740,170,0,61,0,736,8,5,3,8
16,13,moe,789,34,2037,1106,1107,829,50,0,51,0,638,8,7,1,8
16,14,moe,722,36,8800,3641,3641,3063,2048,0,48,0,623,8,4,4,8
16,15,moe,552,33,7021,3076,3076,3626,243,0,76,0,732,8,4,4,8
16,16,moe,715,34,10314,5008,5009,3864,1348,1,92,0,623,8,3,5,8
16,17,moe,789,37,6986,3342,3342,2291,1312,0,41,0,615,8,5,3,8
16,18,moe,722,34,10015,4777,4777,3630,1524,0,84,0,743,8,4,4,8
16,19,moe,560,34,4661,1262,1262,839,2478,0,82,0,625,8,7,1,8
16,20,moe,753,48,1221,356,356,768,73,1,23,0,694,8,7,1,8
16,21,moe,846,45,2936,1332,1332,968,583,0,53,0,729,8,7,1,8
16,22,moe,790,35,3153,1186,1186,838,1076,0,53,0,2277,8,7,1,8
16,23,moe,556,33,2823,1208,1208,975,598,0,42,0,800,8,7,1,8
16,24,moe,791,37,7975,5355,5355,1778,806,0,36,0,1077,8,6,2,8
16,25,moe,926,38,4451,2497,2498,1772,148,1,32,0,954,8,6,2,8
16,26,moe,568,32,10,0,0,0,0,0,10,0,722,8,8,0,8
16,-1,epi,0,0,0,0,0,0,0,0,5732,0,0,0,0,0,0
17,-2,pre,70,0,0,0,0,0,0,0,0,0,0,0,0,0,0
17,0,dense,1436,33,0,0,0,0,0,0,0,0,0,0,0,0,0
17,1,moe,817,34,4271,3302,3302,887,58,0,24,0,749,8,7,1,8
17,2,moe,739,34,2201,1233,1233,884,59,1,24,0,746,8,7,1,8
17,3,moe,563,29,3748,1825,1825,1776,117,0,30,0,747,8,6,2,8
17,4,moe,725,42,5114,2540,2540,2347,150,0,77,0,628,8,5,3,8
17,5,moe,792,33,9,0,0,0,0,0,9,0,628,8,8,0,8
17,6,moe,728,30,2762,1285,1285,1001,423,0,53,0,832,8,7,1,8
17,7,moe,584,31,2285,517,517,1607,102,0,59,0,665,8,6,2,8
17,8,moe,725,34,3930,2246,2246,1542,111,0,31,0,817,8,6,2,8
17,9,moe,834,40,11,0,0,0,0,0,11,0,750,8,8,0,8
17,10,moe,740,36,5185,2244,2244,2799,111,0,31,0,625,8,6,2,8
17,11,moe,565,29,4979,2505,2505,2288,147,0,39,0,627,8,5,3,8
17,12,moe,773,47,7376,4362,4362,2749,175,0,90,0,743,8,5,3,8
17,13,moe,807,45,3267,1497,1497,1605,102,0,63,0,623,8,6,2,8
17,14,moe,728,32,9,0,0,0,0,0,9,0,615,8,8,0,8
17,15,moe,562,30,6096,2558,2558,3366,119,0,53,0,736,8,6,2,8
17,16,moe,725,32,4105,2336,2336,1608,104,0,57,0,629,8,6,2,8
17,17,moe,804,36,1118,285,285,764,50,1,18,0,623,8,7,1,8
17,18,moe,732,31,5161,2571,2571,1874,660,0,56,0,750,8,6,2,8
17,19,moe,564,32,2548,1152,1152,845,508,0,43,0,621,8,7,1,8
17,20,moe,732,34,2085,1176,1176,764,123,0,22,0,629,8,7,1,8
17,21,moe,802,33,6590,2141,2142,3360,1024,0,64,0,736,8,6,2,8
17,22,moe,796,32,9,0,0,0,0,0,9,0,936,8,8,0,8
17,23,moe,563,29,2641,1168,1168,902,553,0,18,0,739,8,7,1,8
17,24,moe,804,32,4646,2704,2704,1774,143,0,25,0,798,8,6,2,8
17,25,moe,804,32,8138,5237,5238,2676,184,0,40,0,896,8,5,3,8
17,26,moe,569,31,9,0,1,0,0,0,8,0,732,8,8,0,8
17,-1,epi,0,0,0,0,0,0,0,0,5808,0,0,0,0,0,0
18,-2,pre,1192,0,0,0,0,0,0,0,0,0,0,0,0,0,0
18,0,dense,1440,38,0,0,0,0,0,0,0,0,0,0,0,0,0
18,1,moe,834,40,7934,5035,5035,2671,192,0,36,0,746,8,5,3,8
18,2,moe,731,34,5561,3597,3597,1796,137,0,31,0,742,8,6,2,8
18,3,moe,564,34,14644,6223,6223,8068,294,0,59,0,759,8,3,5,8
18,4,moe,732,36,7864,5273,5273,2363,150,0,78,0,624,8,5,3,8
18,5,moe,802,38,4225,2564,2564,1524,104,0,33,0,611,8,6,2,8
18,6,moe,731,34,5887,2872,2872,2776,173,0,66,0,737,8,5,3,8
18,7,moe,591,35,4016,2258,2259,1596,103,0,58,0,641,8,6,2,8
18,8,moe,726,34,3994,2160,2161,1527,278,0,28,0,620,8,6,2,8
18,9,moe,803,38,4960,2707,2707,1899,305,0,49,0,740,8,6,2,8
18,10,moe,729,35,5838,3263,3263,2359,148,0,68,0,625,8,5,3,8
18,11,moe,555,34,7960,4496,4496,3038,386,0,40,0,619,8,4,4,8
18,12,moe,720,35,4675,2433,2434,1873,318,1,49,0,731,8,6,2,8
18,13,moe,799,30,2085,1147,1147,846,50,0,42,0,615,8,7,1,8
18,14,moe,726,29,8244,4405,4405,3072,726,0,41,0,622,8,4,4,8
18,15,moe,565,35,13769,6948,6948,6315,409,1,96,0,742,8,1,7,8
18,16,moe,723,31,7939,4538,4538,3126,200,0,75,0,610,8,4,4,8
18,17,moe,790,66,14630,5886,5886,6925,1760,0,59,0,617,8,3,5,8
18,18,moe,721,33,11608,6170,6170,4529,817,0,92,0,745,8,3,5,8
18,19,moe,552,36,10533,5341,5342,3898,1203,0,90,0,619,8,3,5,8
18,20,moe,722,39,10264,6041,6041,3043,1130,0,50,0,613,8,4,4,8
18,21,moe,788,35,9922,5232,5232,3664,944,0,82,0,1345,8,4,4,8
18,22,moe,790,36,11565,5982,5982,3901,1589,0,93,0,620,8,3,5,8
18,23,moe,554,36,10929,5400,5400,3631,1811,0,87,0,735,8,4,4,8
18,24,moe,787,34,16387,8217,8218,5357,2749,0,63,0,738,8,2,6,8
18,25,moe,799,44,13650,7373,7373,5308,902,0,67,0,884,8,2,6,8
18,26,moe,6101,36,18002,9735,9735,7104,1092,0,71,0,734,8,0,8,8
18,-1,epi,0,0,0,0,0,0,0,0,5637,0,0,0,0,0,0
19,-2,pre,278,0,0,0,0,0,0,0,0,0,0,0,0,0,0
19,0,dense,6625,37,0,0,0,0,0,0,0,0,0,0,0,0,0
19,1,moe,7536,36,11432,6612,6612,4449,313,0,58,0,742,8,3,5,8
19,2,moe,7501,36,5176,3235,3236,1769,135,0,36,0,739,8,6,2,8
19,3,moe,11373,36,5682,3757,3757,1782,115,0,28,0,726,8,6,2,8
19,4,moe,7453,33,3802,2207,2207,1453,51,0,91,0,618,8,7,1,8
19,5,moe,801,34,4173,2520,2521,1522,99,0,31,0,617,8,6,2,8
19,6,moe,729,34,1466,336,336,1021,60,0,49,0,755,8,7,1,8
19,7,moe,560,32,2102,1170,1170,840,50,0,42,0,605,8,7,1,8
19,8,moe,722,29,5908,3421,3421,2293,158,0,36,0,609,8,5,3,8
19,9,moe,797,33,2325,1204,1204,1014,59,0,48,0,734,8,7,1,8
19,10,moe,719,32,7014,2564,2564,4229,147,0,74,0,610,8,5,3,8
19,11,moe,562,33,9396,3632,3632,5524,196,0,44,0,608,8,4,4,8
19,12,moe,720,32,6361,3290,3290,2803,196,0,72,0,761,8,5,3,8
19,13,moe,804,37,1216,271,272,833,60,0,51,0,682,8,7,1,8
19,14,moe,720,38,3112,1419,1419,1555,109,0,29,0,653,8,6,2,8
19,15,moe,611,35,4510,2428,2428,1898,125,0,59,0,751,8,6,2,8
19,16,moe,746,31,6972,2457,2457,4276,153,0,86,0,614,8,5,3,8
19,17,moe,801,34,5106,2203,2203,2761,111,0,31,0,610,8,6,2,8
19,18,moe,729,32,4455,2382,2383,1899,115,0,58,0,733,8,6,2,8
19,19,moe,564,30,8,0,0,0,0,0,8,0,609,8,8,0,8
19,20,moe,727,31,1661,281,281,830,504,0,46,0,621,8,7,1,8
19,21,moe,802,37,6566,3533,3533,2767,205,0,61,0,734,8,5,3,8
19,22,moe,803,33,2040,1113,1113,823,63,0,41,0,613,8,7,1,8
19,23,moe,564,27,2376,1292,1292,991,58,0,35,0,736,8,7,1,8
19,24,moe,799,30,8,0,0,0,0,0,8,0,1140,8,8,0,8
19,25,moe,799,30,7053,3667,3667,2655,690,0,41,0,863,8,5,3,8
19,26,moe,558,29,2233,1264,1264,888,64,0,17,0,732,8,7,1,8
19,-1,epi,0,0,0,0,0,0,0,0,5758,0,0,0,0,0,0
20,-2,pre,205,0,0,0,0,0,0,0,0,0,0,0,0,0,0
20,0,dense,1584,35,0,0,0,0,0,0,0,0,0,0,0,0,0
20,1,moe,1069,37,4259,2314,2314,1776,141,0,28,0,747,8,6,2,8
20,2,moe,739,33,6512,3638,3638,2660,177,0,37,0,749,8,5,3,8
20,3,moe,565,28,4262,2348,2348,1772,116,0,26,0,736,8,6,2,8
20,4,moe,728,31,2028,1092,1092,838,50,0,48,0,625,8,7,1,8
20,5,moe,7606,32,10022,4238,4238,5530,213,0,41,0,617,8,4,4,8
20,6,moe,6794,32,2312,1139,1139,1068,61,0,44,0,725,8,7,1,8
20,7,moe,862,41,5214,3422,3422,1635,98,0,59,0,609,8,6,2,8
20,8,moe,724,31,2017,1179,1179,764,54,0,20,0,608,8,7,1,8
20,9,moe,795,29,6672,3685,3685,2745,170,0,72,0,739,8,5,3,8
20,10,moe,723,31,2840,1118,1118,1463,215,0,44,0,604,8,7,1,8
20,11,moe,555,29,9,0,0,0,0,0,9,0,610,8,8,0,8
20,12,moe,736,29,2999,1168,1168,1730,55,0,46,0,725,8,7,1,8
20,13,moe,792,31,2060,1137,1137,827,49,0,47,0,612,8,7,1,8
20,14,moe,721,30,2044,1211,1211,767,49,0,17,0,618,8,7,1,8
20,15,moe,568,29,3769,1543,1543,1865,307,0,54,0,728,8,6,2,8
20,16,moe,728,33,4150,2409,2410,1587,99,0,54,0,624,8,6,2,8
20,17,moe,798,34,5853,3382,3382,2288,146,0,37,0,606,8,5,3,8
20,18,moe,723,32,5794,2809,2809,2756,168,0,61,0,727,8,5,3,8
20,19,moe,559,32,5486,2415,2415,2353,633,0,85,0,614,8,5,3,8
20,20,moe,726,32,3514,1420,1420,1516,548,1,29,0,610,8,6,2,8
20,21,moe,791,31,6795,3793,3794,2759,175,0,67,0,726,8,5,3,8
20,22,moe,793,30,8184,3265,3265,4220,626,0,73,0,606,8,5,3,8
20,23,moe,561,33,5020,2433,2433,1890,643,0,54,0,730,8,6,2,8
20,24,moe,802,34,11084,5154,5154,3574,2313,0,43,0,738,8,4,4,8
20,25,moe,796,39,4735,2438,2438,1769,496,0,32,0,849,8,6,2,8
20,26,moe,557,33,4894,3202,3202,1611,61,0,20,0,722,8,7,1,8
20,-1,epi,0,0,0,0,0,0,0,0,5726,0,0,0,0,0,0
21,-2,pre,1273,0,0,0,0,0,0,0,0,0,0,0,0,0,0
21,0,dense,1452,42,0,0,0,0,0,0,0,0,0,0,0,0,0
21,1,moe,835,37,12930,7030,7030,5336,500,1,63,0,756,8,2,6,8
21,2,moe,723,35,6671,3759,3760,2677,198,0,36,0,731,8,5,3,8
21,3,moe,556,33,9977,5175,5175,4440,312,0,50,0,734,8,3,5,8
21,4,moe,719,34,4437,1831,1833,2363,146,1,94,0,608,8,5,3,8
21,5,moe,791,35,3301,1646,1647,1527,101,0,26,0,605,8,6,2,8
21,6,moe,724,34,8607,3964,3965,3671,898,0,73,0,724,8,4,4,8
21,7,moe,9254,34,7828,4355,4355,3197,195,0,81,0,603,8,4,4,8
21,8,moe,7421,37,3092,1422,1422,1532,110,0,28,0,601,8,6,2,8
21,9,moe,5869,36,2555,1220,1220,1001,293,0,41,0,737,8,7,1,8
21,10,moe,4277,32,13122,6902,6902,5605,529,0,86,0,604,8,4,4,8
21,11,moe,561,32,5978,3509,3509,2289,149,0,31,0,599,8,5,3,8
21,12,moe,729,30,5826,2819,2819,2769,173,0,65,0,740,8,5,3,8
21,13,moe,790,34,5050,2461,2461,2361,159,0,69,0,610,8,5,3,8
21,14,moe,724,31,7833,4562,4562,3036,196,0,39,0,606,8,4,4,8
21,15,moe,559,30,8012,4009,4009,3684,231,0,88,0,727,8,4,4,8
21,16,moe,723,31,10538,4636,4636,5626,199,0,77,0,607,8,4,4,8
21,17,moe,792,32,5165,2672,2672,2297,158,0,38,0,603,8,5,3,8
21,18,moe,713,32,8017,3993,3993,3647,298,0,79,0,728,8,4,4,8
21,19,moe,561,30,10931,5762,5762,3916,1158,1,94,0,614,8,3,5,8
21,20,moe,729,35,9420,4715,4715,3814,840,0,51,0,609,8,3,5,8
21,21,moe,796,41,9056,4982,4982,3667,323,0,84,0,731,8,4,4,8
21,22,moe,795,38,9334,4440,4440,3131,1682,0,81,0,610,8,4,4,8
21,23,moe,559,34,6783,3644,3644,1894,1188,0,57,0,1290,8,6,2,8
21,24,moe,796,35,11288,5401,5401,3559,2283,1,44,0,730,8,4,4,8
21,25,moe,795,37,14972,6264,6264,6326,2330,0,52,0,891,8,4,4,8
21,26,moe,588,39,8201,2727,2728,4996,432,0,45,0,774,8,5,3,8
21,-1,epi,0,0,0,0,0,0,0,0,5664,0,0,0,0,0,0
22,-2,pre,218,0,0,0,0,0,0,0,0,0,0,0,0,0,0
22,0,dense,1457,39,0,0,0,0,0,0,0,0,0,0,0,0,0
22,1,moe,812,34,9198,3647,3647,4828,686,0,37,0,991,8,5,3,8
22,2,moe,1059,40,6828,3344,3344,3223,231,0,30,0,767,8,6,2,8
22,3,moe,564,31,10968,4031,4031,6609,278,0,50,0,763,8,4,4,8
22,4,moe,838,37,9714,6235,6235,3176,206,0,97,0,804,8,4,4,8
22,5,moe,836,44,5066,2513,2514,2340,164,0,48,0,692,8,5,3,8
22,6,moe,758,39,9649,5270,5270,3745,542,0,92,0,738,8,4,4,8
22,7,moe,574,37,12,0,0,0,0,0,12,0,611,8,8,0,8
22,8,moe,741,38,8380,4744,4745,3127,413,0,95,0,611,8,4,4,8
22,9,moe,796,39,9148,4948,4948,3654,464,0,82,0,726,8,4,4,8
22,10,moe,718,36,8047,4650,4651,3123,197,0,76,0,602,8,4,4,8
22,11,moe,13201,33,1942,1097,1097,771,52,0,22,0,594,8,7,1,8
22,12,moe,7768,39,6672,3674,3674,2760,174,0,64,0,726,8,5,3,8
22,13,moe,7601,36,5955,3396,3396,2336,146,0,77,0,610,8,5,3,8
22,14,moe,7926,32,3982,2316,2316,1536,102,0,28,0,603,8,6,2,8
22,15,moe,12085,32,2288,1195,1195,985,59,0,49,0,760,8,7,1,8
22,16,moe,7340,35,5074,2454,2454,2384,149,0,87,0,638,8,5,3,8
22,17,moe,858,52,8024,5523,5523,2308,150,0,43,0,607,8,5,3,8
22,18,moe,742,37,3672,1640,1640,1850,114,1,67,0,738,8,6,2,8
22,19,moe,558,32,7726,4874,4874,2339,435,0,78,0,600,8,5,3,8
22,20,moe,713,33,10,0,0,0,0,0,10,0,590,8,8,0,8
22,21,moe,781,31,3941,1885,1885,1880,113,0,63,0,718,8,6,2,8
22,22,moe,798,38,4863,2292,2292,1582,928,0,61,0,602,8,6,2,8
22,23,moe,559,31,10,0,0,0,0,0,10,0,711,8,8,0,8
22,24,moe,792,33,7187,3649,3649,2757,711,1,69,0,724,8,5,3,8
22,25,moe,786,36,11,0,0,0,0,0,11,0,718,8,8,0,8
22,26,moe,560,30,9,0,0,0,0,0,9,0,733,8,8,0,8
22,-1,epi,0,0,0,0,0,0,0,0,5791,0,0,0,0,0,0
23,-2,pre,233,0,0,0,0,0,0,0,0,0,0,0,0,0,0
23,0,dense,1441,35,0,0,0,0,0,0,0,0,0,0,0,0,0
23,1,moe,813,35,17154,7249,7250,4462,5387,0,55,0,1055,8,3,5,8
23,2,moe,728,41,4782,2460,2460,1773,516,0,33,0,950,8,6,2,8
23,3,moe,845,33,8018,4851,4851,2667,461,0,39,0,925,8,5,3,8
23,4,moe,1012,50,4122,3159,3159,826,51,1,85,0,732,8,7,1,8
23,5,moe,798,37,9023,4731,4731,3817,415,0,60,0,703,8,3,5,8
23,6,moe,718,33,2595,1241,1241,995,311,0,48,0,843,8,7,1,8
23,7,moe,641,29,7360,4760,4760,2360,161,0,79,0,597,8,5,3,8
23,8,moe,716,33,6953,3635,3635,3061,209,0,48,0,600,8,4,4,8
23,9,moe,791,35,5722,3657,3657,1880,117,0,68,0,723,8,6,2,8
23,10,moe,721,32,9571,6155,6155,3129,194,1,92,0,605,8,4,4,8
23,11,moe,631,39,7055,3749,3749,3061,201,0,44,0,604,8,4,4,8
23,12,moe,715,32,7672,4640,4640,2777,173,0,82,0,723,8,5,3,8
23,13,moe,786,36,5932,3319,3319,2389,149,0,75,0,639,8,5,3,8
23,14,moe,794,76,6470,3387,3387,2286,733,0,64,0,612,8,5,3,8
23,15,moe,627,32,7912,3929,3929,3656,231,0,96,0,733,8,4,4,8
23,16,moe,722,39,12105,7028,7028,4652,302,0,123,0,601,8,2,6,8
23,17,moe,4483,35,3908,2253,2253,1527,97,0,31,0,593,8,6,2,8
23,18,moe,5481,35,11664,7463,7463,3686,425,1,89,0,723,8,4,4,8
23,19,moe,11507,31,5016,3253,3254,1592,99,0,71,0,595,8,6,2,8
23,20,moe,716,31,2024,1187,1187,766,52,0,19,0,594,8,7,1,8
23,21,moe,780,31,10328,6164,6164,3658,422,0,84,0,725,8,4,4,8
23,22,moe,790,31,6350,3758,3758,2358,160,0,74,0,595,8,5,3,8
23,23,moe,639,30,8211,3584,3584,2773,1783,0,71,0,718,8,5,3,8
23,24,moe,787,36,9562,4768,4769,4439,303,0,51,0,722,8,3,5,8
23,25,moe,781,39,12903,5993,5993,4448,2413,0,49,0,725,8,3,5,8
23,26,moe,635,35,9095,4923,4923,3611,501,0,60,0,791,8,4,4,8
23,-1,epi,0,0,0,0,0,0,0,0,5370,0,0,0,0,0,0
24,-2,pre,1116,0,0,0,0,0,0,0,0,0,0,0,0,0,0
24,0,dense,1419,45,0,0,0,0,0,0,0,0,0,0,0,0,0
24,1,moe,825,39,17521,9262,9262,4550,3652,0,57,0,738,8,3,5,8
24,2,moe,726,42,13415,8584,8585,4446,323,1,60,0,1151,8,3,5,8
24,3,moe,645,42,4240,1939,1939,1783,488,0,30,0,1032,8,6,2,8
24,4,moe,724,38,9260,5823,5824,3121,200,1,114,0,605,8,4,4,8
24,5,moe,789,39,9198,4407,4407,3822,916,0,53,0,658,8,3,5,8
24,6,moe,718,41,13096,7045,7045,5426,528,0,97,0,759,8,2,6,8
24,7,moe,638,39,6757,3177,3177,3148,355,0,77,0,645,8,4,4,8
24,8,moe,716,36,17114,11195,11195,5350,507,0,62,0,656,8,1,7,8
24,9,moe,795,39,14167,7253,7255,6361,401,0,150,0,868,8,1,7,8
24,10,moe,772,73,5995,3386,3386,2361,154,0,94,0,853,8,5,3,8
24,11,moe,796,62,12405,6992,6992,4592,759,0,62,0,668,8,2,6,8
24,12,moe,744,41,13235,7103,7103,5477,557,0,98,0,803,8,2,6,8
24,13,moe,827,41,10955,5846,5846,4699,295,0,115,0,642,8,2,6,8
24,14,moe,716,41,13478,7915,7915,4628,870,0,65,0,606,8,2,6,8
24,15,moe,637,66,16617,9740,9740,6358,401,0,118,0,737,8,1,7,8
24,16,moe,720,45,13070,6353,6353,6210,393,0,114,0,596,8,0,8,8
24,17,moe,783,39,6984,3673,3674,3065,197,0,48,0,603,8,4,4,8
24,18,moe,714,37,10912,5963,5963,4569,288,0,92,0,727,8,3,5,8
24,19,moe,633,39,7899,4516,4516,3108,198,1,76,0,624,8,4,4,8
24,20,moe,5275,39,12956,7889,7889,4653,344,0,70,0,602,8,2,6,8
24,21,moe,3941,38,9486,4482,4483,4549,367,0,87,0,716,8,3,5,8
24,22,moe,782,38,11318,6911,6912,3869,444,0,93,0,594,8,3,5,8
24,23,moe,630,34,12567,5498,5499,4589,2397,0,82,0,723,8,3,5,8
24,24,moe,782,39,9512,5642,5642,3574,228,0,68,0,738,8,4,4,8
24,25,moe,793,38,4304,2386,2386,1763,121,0,34,0,721,8,6,2,8
24,26,moe,5085,37,15335,8342,8343,6294,624,0,74,0,720,8,1,7,8
24,-1,epi,0,0,0,0,0,0,0,0,5801,0,0,0,0,0,0
25,-2,pre,226,0,0,0,0,0,0,0,0,0,0,0,0,0,0
25,0,dense,1414,44,0,0,0,0,0,0,0,0,0,0,0,0,0
25,1,moe,806,40,10,0,0,0,0,0,10,0,1304,8,8,0,8
25,2,moe,742,38,2288,1318,1318,885,59,0,26,0,5148,8,7,1,8
25,3,moe,664,33,8529,3882,3882,2676,1924,0,47,0,735,8,5,3,8
25,4,moe,722,38,8267,6753,6753,846,601,0,67,0,1091,8,7,1,8
25,5,moe,1268,43,11,0,0,0,0,1,10,0,762,8,8,0,8
25,6,moe,958,42,2501,1355,1355,1021,70,0,55,0,1557,8,7,1,8
25,7,moe,639,33,2115,1168,1168,829,71,1,46,0,1466,8,7,1,8
25,8,moe,720,34,3438,1787,1787,1522,101,1,27,0,3327,8,6,2,8
25,9,moe,794,38,2325,1186,1186,1019,59,0,61,0,1790,8,7,1,8
25,10,moe,744,37,9097,3380,3380,2375,3264,0,78,0,1721,8,5,3,8
25,11,moe,632,43,9,0,0,0,0,0,9,0,689,8,8,0,8
25,12,moe,718,33,9,0,0,0,0,0,9,0,826,8,8,0,8
25,13,moe,788,34,2207,1209,1209,762,211,0,25,0,650,8,7,1,8
25,14,moe,729,39,4162,2334,2334,1526,274,0,28,0,707,8,6,2,8
25,15,moe,660,58,5815,2804,2804,2757,174,0,80,0,779,8,5,3,8
25,16,moe,717,35,5050,3164,3164,1601,228,0,57,0,671,8,6,2,8
25,17,moe,787,38,5827,3342,3342,2303,147,0,35,0,599,8,5,3,8
25,18,moe,721,38,4463,2416,2416,1876,113,0,58,0,822,8,6,2,8
25,19,moe,628,33,6862,4266,4267,2362,149,0,84,0,595,8,5,3,8
25,20,moe,711,33,1982,1136,1136,777,51,1,17,0,600,8,7,1,8
25,21,moe,782,33,7066,4025,4026,2803,167,0,70,0,718,8,5,3,8
25,22,moe,783,33,2315,1186,1187,851,226,1,50,0,590,8,7,1,8
25,23,moe,628,32,2358,1221,1221,1039,59,0,39,0,725,8,7,1,8
25,24,moe,784,35,6133,4102,4103,1881,118,0,31,0,724,8,6,2,8
25,25,moe,781,39,2048,1058,1058,891,80,0,19,0,1226,8,7,1,8
25,26,moe,669,38,1310,310,310,903,68,0,29,0,728,8,7,1,8
25,-1,epi,0,0,0,0,0,0,0,0,5743,0,0,0,0,0,0
26,-2,pre,232,0,0,0,0,0,0,0,0,0,0,0,0,0,0
26,0,dense,1438,44,0,0,0,0,0,0,0,0,0,0,0,0,0
26,1,moe,815,39,6476,1612,1612,2733,2085,0,46,0,1809,8,5,3,8
26,2,moe,734,40,7522,4037,4037,2674,767,0,44,0,1280,8,5,3,8
26,3,moe,644,36,3539,1061,1061,1769,679,1,29,0,729,8,6,2,8
26,4,moe,730,37,2652,1237,1237,826,526,0,63,0,1107,8,7,1,8
26,5,moe,797,38,10,0,0,0,0,0,10,0,1334,8,8,0,8
26,6,moe,744,41,2343,1255,1255,977,61,0,50,0,1957,8,7,1,8
26,7,moe,719,36,30,0,0,0,0,0,30,0,1680,8,8,0,8
26,8,moe,733,39,2574,1195,1195,816,501,0,62,0,1097,8,7,1,8
26,9,moe,797,35,9,0,0,0,0,0,9,0,731,8,8,0,8
26,10,moe,729,35,4438,2533,2533,1519,358,0,28,0,629,8,6,2,8
26,11,moe,662,35,5941,1444,1444,1531,2932,0,34,0,614,8,6,2,8
26,12,moe,723,38,2556,1280,1280,990,229,0,57,0,721,8,7,1,8
26,13,moe,790,36,4244,2268,2268,1605,310,0,61,0,708,8,6,2,8
26,14,moe,741,35,5291,2787,2787,2306,158,0,40,0,668,8,5,3,8
26,15,moe,627,34,6270,3235,3235,2790,172,0,73,0,732,8,5,3,8
26,16,moe,722,38,3957,1227,1227,2356,297,0,77,0,628,8,5,3,8
26,17,moe,797,35,2119,1168,1168,764,166,0,21,0,718,8,7,1,8
26,18,moe,725,34,5143,2113,2114,2767,178,0,84,0,734,8,5,3,8
26,19,moe,636,35,5714,2309,2309,3110,194,0,101,0,605,8,4,4,8
26,20,moe,724,45,3053,1402,1402,1522,99,0,30,0,661,8,6,2,8
26,21,moe,882,84,4560,2460,2460,1897,115,0,88,0,731,8,6,2,8
26,22,moe,793,40,5502,2770,2770,2380,281,0,71,0,614,8,5,3,8
26,23,moe,646,34,10,0,0,0,0,0,10,0,729,8,8,0,8
26,24,moe,830,216,14804,9850,9850,4574,289,0,91,0,747,8,3,5,8
26,25,moe,804,38,2072,1099,1099,891,56,0,26,0,723,8,7,1,8
26,26,moe,717,38,5859,2960,2960,2688,169,1,41,0,726,8,5,3,8
26,-1,epi,0,0,0,0,0,0,0,0,5742,0,0,0,0,0,0
27,-2,pre,210,0,0,0,0,0,0,0,0,0,0,0,0,0,0
27,0,dense,1436,39,0,0,0,0,0,0,0,0,0,0,0,0,0
27,1,moe,802,35,10528,5188,5189,4448,842,0,49,0,1123,8,3,5,8
27,2,moe,717,41,9434,3885,3885,3557,1941,1,50,0,733,8,4,4,8
27,3,moe,644,35,15643,6742,6742,6221,2557,0,123,0,1349,8,1,7,8
27,4,moe,719,40,7669,2891,2891,3098,1583,0,97,0,1090,8,4,4,8
27,5,moe,785,39,9669,4381,4381,3066,2163,1,58,0,612,8,4,4,8
27,6,moe,723,39,5774,3122,3122,1884,695,0,73,0,1316,8,6,2,8
27,7,moe,635,36,5941,3134,3135,1605,1124,0,77,0,598,8,6,2,8
27,8,moe,723,40,2081,1205,1205,790,62,0,24,0,742,8,7,1,8
27,9,moe,868,59,9691,3833,3834,2808,2940,0,109,0,1278,8,5,3,8
27,10,moe,708,42,15153,11180,11181,3163,705,0,104,0,1241,8,4,4,8
27,11,moe,653,41,7948,3538,3538,3208,1138,0,64,0,628,8,4,4,8
27,12,moe,732,43,3635,1588,1588,1860,113,1,73,0,718,8,6,2,8
27,13,moe,797,37,8208,4788,4788,3128,203,0,89,0,1051,8,4,4,8
27,14,moe,717,38,9988,4786,4786,3808,1328,1,65,0,624,8,3,5,8
27,15,moe,643,40,15437,7128,7128,7169,1023,0,117,0,723,8,0,8,8
27,16,moe,716,35,8541,3990,3990,3903,537,0,111,0,610,8,3,5,8
27,17,moe,785,39,4521,2040,2040,2280,150,0,51,0,626,8,5,3,8
27,18,moe,734,39,14056,6486,6486,6303,1149,0,118,0,780,8,1,7,8
27,19,moe,641,40,9062,4698,4698,3907,367,0,90,0,616,8,3,5,8
27,20,moe,714,38,5744,2434,2434,3052,202,0,56,0,599,8,4,4,8
27,21,moe,785,37,7582,3592,3592,3674,228,0,88,0,723,8,4,4,8
27,22,moe,790,35,6391,2783,2783,3130,399,0,79,0,600,8,4,4,8
27,23,moe,636,32,3620,1571,1571,1881,112,0,56,0,728,8,6,2,8
27,24,moe,791,35,12963,7222,7222,5325,349,0,67,0,720,8,2,6,8
27,25,moe,786,35,10627,5811,5812,4460,299,0,56,0,709,8,3,5,8
27,26,moe,633,33,10177,4427,4428,5337,340,0,72,0,723,8,2,6,8
27,-1,epi,0,0,0,0,0,0,0,0,5682,0,0,0,0,0,0
28,-2,pre,253,0,0,0,0,0,0,0,0,0,0,0,0,0,0
28,0,dense,1433,38,0,0,0,0,0,0,0,0,0,0,0,0,0
28,1,moe,805,36,14766,7664,7664,5336,1700,0,66,0,730,8,2,6,8
28,2,moe,712,38,14978,7823,7823,4444,2643,0,68,0,720,8,3,5,8
28,3,moe,634,38,23264,12226,12226,6241,4700,0,97,0,723,8,1,7,8
28,4,moe,718,41,4184,2395,2395,1597,116,0,76,0,661,8,6,2,8
28,5,moe,762,41,9005,5605,5605,3101,240,0,59,0,671,8,4,4,8
28,6,moe,721,45,9483,5366,5367,2819,1225,0,72,0,1719,8,5,3,8
28,7,moe,641,35,7140,3640,3641,3125,271,0,103,0,597,8,4,4,8
28,8,moe,726,37,5254,2753,2753,2291,168,0,42,0,612,8,5,3,8
28,9,moe,786,37,13353,7801,7802,4576,879,0,96,0,734,8,3,5,8
28,10,moe,724,37,12443,5845,5845,3891,2597,0,110,0,606,8,3,5,8
28,11,moe,619,37,5488,2569,2569,2283,591,0,45,0,604,8,5,3,8
28,12,moe,712,37,3861,1269,1269,1012,1498,0,82,0,741,8,7,1,8
28,13,moe,846,45,9953,4963,4963,3150,1714,0,126,0,1139,8,4,4,8
28,14,moe,722,39,7345,2945,2945,3071,1271,0,58,0,601,8,4,4,8
28,15,moe,634,36,7917,3567,3567,2766,1500,0,84,0,1257,8,5,3,8
28,16,moe,714,38,14580,7291,7291,4654,2529,0,106,0,601,8,2,6,8
28,17,moe,793,41,10647,5219,5220,3065,2302,0,60,0,1500,8,4,4,8
28,18,moe,730,39,10343,6976,6976,2783,496,0,88,0,1106,8,5,3,8
28,19,moe,647,38,9203,5789,5789,3114,206,0,94,0,600,8,4,4,8
28,20,moe,710,36,5988,3326,3327,2291,327,0,43,0,646,8,5,3,8
28,21,moe,781,41,6856,3590,3590,2769,393,0,104,0,879,8,5,3,8
28,22,moe,789,40,7634,3885,3885,3143,507,1,98,0,702,8,4,4,8
28,23,moe,638,35,5066,2750,2750,1879,364,0,73,0,945,8,6,2,8
28,24,moe,782,36,6893,4023,4024,2655,170,1,43,0,735,8,5,3,8
28,25,moe,785,33,6677,3809,3809,2647,171,0,50,0,716,8,5,3,8
28,26,moe,637,33,6743,3619,3619,2682,407,0,35,0,719,8,5,3,8
28,-1,epi,0,0,0,0,0,0,0,0,5663,0,0,0,0,0,0
29,-2,pre,227,0,0,0,0,0,0,0,0,0,0,0,0,0,0
29,0,dense,1419,39,0,0,0,0,0,0,0,0,0,0,0,0,0
29,1,moe,808,39,8118,4271,4271,3560,239,0,48,0,721,8,4,4,8
29,2,moe,720,39,12009,5100,5100,4426,2424,0,59,0,733,8,3,5,8
29,3,moe,635,37,9807,5430,5430,3550,770,0,57,0,731,8,4,4,8
29,4,moe,716,37,8409,5317,5318,2360,641,0,90,0,595,8,5,3,8
29,5,moe,790,37,8468,5506,5506,2282,626,0,54,0,594,8,5,3,8
29,6,moe,716,35,14113,7635,7635,5434,931,0,113,0,730,8,2,6,8
29,7,moe,641,45,6761,4162,4163,2342,168,0,88,0,601,8,5,3,8
29,8,moe,712,37,10864,5773,5773,3812,1225,0,54,0,602,8,3,5,8
29,9,moe,784,50,4191,1571,1571,1910,637,0,73,0,716,8,6,2,8
29,10,moe,718,38,8473,5400,5400,2346,653,1,73,0,596,8,5,3,8
29,11,moe,631,33,7136,4666,4666,2288,151,0,31,0,597,8,5,3,8
29,12,moe,711,42,3548,2425,2425,1012,59,0,52,0,715,8,7,1,8
29,13,moe,782,35,6644,4026,4026,2366,178,0,74,0,605,8,5,3,8
29,14,moe,708,38,4350,857,857,2293,1158,0,42,0,595,8,5,3,8
29,15,moe,624,38,4553,1561,1561,1917,1013,0,62,0,764,8,6,2,8
29,16,moe,770,37,5619,2554,2554,2363,616,1,85,0,1039,8,5,3,8
29,17,moe,784,41,10673,6689,6690,3052,881,0,50,0,1081,8,4,4,8
29,18,moe,710,36,7970,3982,3982,3656,238,0,94,0,2188,8,4,4,8
29,19,moe,625,35,6534,3546,3546,2363,546,0,79,0,737,8,5,3,8
29,20,moe,716,38,10198,7404,7404,2301,449,0,44,0,653,8,5,3,8
29,21,moe,777,37,9199,5036,5036,3651,422,0,90,0,778,8,4,4,8
29,22,moe,824,41,9193,7229,7229,1638,253,0,73,0,708,8,6,2,8
29,23,moe,635,38,11486,6411,6412,4521,461,0,92,0,829,8,3,5,8
29,24,moe,778,31,8392,4220,4220,3541,588,0,43,0,836,8,4,4,8
29,25,moe,780,30,9262,4889,4889,3552,780,0,41,0,716,8,4,4,8
29,26,moe,638,33,9295,4335,4337,4433,475,0,50,0,829,8,3,5,8
29,-1,epi,0,0,0,0,0,0,0,0,5643,0,0,0,0,0,0
30,-2,pre,204,0,0,0,0,0,0,0,0,0,0,0,0,0,0
30,0,dense,1427,34,0,0,0,0,0,0,0,0,0,0,0,0,0
30,1,moe,804,31,12671,6843,6843,5309,460,0,59,0,720,8,2,6,8
30,2,moe,715,29,7835,4085,4085,2668,1041,0,41,0,723,8,5,3,8
30,3,moe,634,32,14158,6887,6887,5405,1803,0,63,0,1069,8,2,6,8
30,4,moe,1227,60,10672,5705,5705,3175,1693,0,99,0,603,8,4,4,8
30,5,moe,816,39,4747,2209,2209,1537,965,0,36,0,604,8,6,2,8
30,6,moe,719,36,2308,1192,1192,983,76,0,57,0,749,8,7,1,8
30,7,moe,682,65,6540,3368,3368,2399,669,1,103,0,610,8,5,3,8
30,8,moe,724,37,6126,2354,2354,2772,963,0,37,0,604,8,6,2,8
30,9,moe,788,35,10202,4191,4192,4944,993,0,73,0,1242,8,5,3,8
30,10,moe,716,36,12216,5193,5193,4691,2219,1,112,0,623,8,2,6,8
30,11,moe,648,33,8861,4259,4259,2305,2257,1,39,0,602,8,5,3,8
30,12,moe,732,41,15080,9351,9351,4556,1040,1,132,0,1294,8,3,5,8
30,13,moe,785,38,9470,4327,4327,3119,1904,0,120,0,616,8,4,4,8
30,14,moe,723,36,11166,5910,5911,3812,1382,0,61,0,616,8,3,5,8
30,15,moe,634,34,10867,3831,3831,4302,2654,0,80,0,2947,8,4,4,8
30,16,moe,766,83,9683,4421,4421,4797,303,0,162,0,659,8,4,4,8
30,17,moe,892,66,12365,6310,6311,3829,2156,0,69,0,674,8,3,5,8
30,18,moe,768,136,21401,6896,6896,11276,3081,0,148,0,716,8,1,7,8
30,19,moe,641,34,15171,7307,7307,4664,3060,0,140,0,671,8,2,6,8
30,20,moe,795,70,14634,8596,8596,5346,611,0,81,0,612,8,1,7,8
30,21,moe,786,34,11631,6258,6258,4553,707,1,112,0,721,8,3,5,8
30,22,moe,790,40,12740,7082,7083,4649,881,0,127,0,622,8,2,6,8
30,23,moe,628,32,16081,6326,6326,8216,1426,0,113,0,729,8,3,5,8
30,24,moe,787,36,20234,9196,9196,6244,4722,0,72,0,828,8,1,7,8
30,25,moe,865,71,16577,7782,7783,5143,3589,0,62,0,907,8,3,5,8
30,26,moe,721,57,23125,10278,10279,10505,2260,0,81,0,1123,8,1,7,8
30,-1,epi,0,0,0,0,0,0,0,0,35332,0,0,0,0,0,0
31,-2,pre,254,0,0,0,0,0,0,0,0,0,0,0,0,0,0
31,0,dense,1421,40,0,0,0,0,0,0,0,0,0,0,0,0,0
31,1,moe,808,34,17298,9007,9007,6285,1932,0,74,0,1534,8,1,7,8
31,2,moe,751,41,16392,7647,7647,5845,2814,0,86,0,922,8,2,6,8
31,3,moe,666,45,16309,8754,8754,6312,1160,0,83,0,931,8,1,7,8
31,4,moe,750,46,14049,4757,4757,5263,3906,0,123,0,1340,8,4,4,8
31,5,moe,826,46,7210,3438,3439,2285,1437,0,49,0,668,8,5,3,8
31,6,moe,2189,40,16599,5150,5151,6703,4650,0,95,0,2311,8,4,4,8
31,7,moe,4045,50,10834,5367,5368,3176,2190,0,100,0,1445,8,4,4,8
31,8,moe,5505,49,12146,5241,5241,5522,1333,1,49,0,2235,8,4,4,8
31,9,moe,4789,44,14944,6571,6571,4810,3443,0,120,0,2863,8,3,5,8
31,10,moe,7308,50,13450,5702,5702,7035,592,0,121,0,1353,8,3,5,8
31,11,moe,2499,41,21526,9138,9139,9818,2491,0,78,0,761,8,1,7,8
31,12,moe,1344,46,9835,4202,4203,4946,586,0,100,0,1004,8,5,3,8
31,13,moe,1269,40,11449,5925,5925,3886,1542,1,95,0,660,8,3,5,8
31,14,moe,727,41,7710,4238,4238,3103,307,1,61,0,619,8,4,4,8
31,15,moe,649,34,15431,8222,8222,5619,1470,0,120,0,731,8,2,6,8
31,16,moe,721,40,21444,7886,7887,12156,1257,1,143,0,647,8,0,8,8
31,17,moe,794,37,15549,7949,7949,5488,2042,0,70,0,605,8,1,7,8
31,18,moe,714,36,17336,8881,8881,6324,2013,0,118,0,729,8,1,7,8
31,19,moe,648,41,13260,6242,6242,4640,2234,0,144,0,600,8,2,6,8
31,20,moe,734,36,14088,6419,6419,6914,696,0,59,0,606,8,3,5,8
31,21,moe,791,39,13292,5134,5134,6627,1436,0,95,0,1284,8,4,4,8
31,22,moe,5154,44,10252,5556,5556,3860,722,0,114,0,1059,8,3,5,8
31,23,moe,10335,35,13927,7493,7493,5450,870,0,114,0,726,8,2,6,8
31,24,moe,8415,64,19712,10927,10929,7091,1583,0,109,0,729,8,0,8,8
31,25,moe,787,36,18506,9885,9886,6235,2313,0,72,0,736,8,1,7,8
31,26,moe,642,36,21960,8453,8454,11360,2071,0,75,0,760,8,1,7,8
31,-1,epi,0,0,0,0,0,0,0,0,5600,0,0,0,0,0,0
32,-2,pre,235,0,0,0,0,0,0,0,0,0,0,0,0,0,0
32,0,dense,1423,36,0,0,0,0,0,0,0,0,0,0,0,0,0
32,1,moe,805,39,16630,7032,7032,6021,3525,1,51,0,721,8,3,5,8
32,2,moe,720,37,7958,4057,4057,2672,1186,0,43,0,718,8,5,3,8
32,3,moe,638,33,21302,10289,10290,9191,1720,0,101,0,720,8,2,6,8
32,4,moe,722,40,10844,3021,3021,5603,2129,0,91,0,1099,8,4,4,8
32,5,moe,793,38,17493,4265,4265,2702,10483,0,43,0,589,8,5,3,8
32,6,moe,725,35,6854,2505,2505,3308,973,0,68,0,711,8,6,2,8
32,7,moe,632,31,10191,3267,3268,4257,2583,0,83,0,1810,8,5,3,8
32,8,moe,749,47,6377,2554,2555,2285,1496,0,41,0,632,8,5,3,8
32,9,moe,795,38,8560,4223,4225,2795,1457,0,83,0,1234,8,5,3,8
32,10,moe,731,39,9938,4591,4591,3340,1911,0,96,0,3341,8,4,4,8
32,11,moe,673,37,14014,5585,5586,7015,1347,0,66,0,638,8,3,5,8
32,12,moe,748,44,10745,4025,4025,4127,2498,0,95,0,732,8,4,4,8
32,13,moe,797,38,10346,3338,3338,4271,2633,0,104,0,793,8,5,3,8
32,14,moe,1305,43,5458,2853,2854,2351,207,0,46,0,671,8,5,3,8
32,15,moe,702,34,12653,5079,5080,6631,839,0,103,0,758,8,4,4,8
32,16,moe,733,43,11817,4419,4419,3956,3336,0,106,0,670,8,3,5,8
32,17,moe,815,46,15366,6565,6565,6962,1774,0,65,0,631,8,3,5,8
32,18,moe,748,38,19567,7278,7279,9935,2220,0,133,0,1967,8,2,6,8
32,19,moe,715,47,20593,10333,10333,8379,1780,0,101,0,615,8,2,6,8
32,20,moe,741,43,12412,3483,3483,4211,4672,0,46,0,673,8,5,3,8
32,21,moe,805,43,17641,5951,5951,8276,3318,0,96,0,738,8,3,5,8
32,22,moe,802,42,16351,7121,7121,8351,757,0,122,0,613,8,2,6,8
32,23,moe,633,44,13613,5931,5931,6030,1566,0,86,0,725,8,4,4,8
32,24,moe,796,39,15519,3888,3888,9997,1566,0,68,0,878,8,2,6,8
32,25,moe,7954,44,13872,5157,5159,6894,1754,0,65,0,838,8,3,5,8
32,26,moe,1056,43,9228,5312,5312,3595,264,0,57,0,767,8,4,4,8
32,-1,epi,0,0,0,0,0,0,0,0,5733,0,0,0,0,0,0
33,-2,pre,207,0,0,0,0,0,0,0,0,0,0,0,0,0,0
33,0,dense,1440,45,0,0,0,0,0,0,0,0,0,0,0,0,0
33,1,moe,817,37,14309,6706,6706,5503,2043,0,57,0,732,8,3,5,8
33,2,moe,727,39,10464,4045,4045,4850,1525,0,44,0,1278,8,5,3,8
33,3,moe,640,37,6038,2472,2473,3220,313,0,32,0,719,8,6,2,8
33,4,moe,724,45,6969,3470,3470,2863,563,0,73,0,1095,8,6,2,8
33,5,moe,790,37,5636,2269,2269,2753,575,0,39,0,1651,8,6,2,8
33,6,moe,727,36,10296,4140,4140,5019,1027,0,110,0,1299,8,5,3,8
33,7,moe,640,37,3176,1129,1129,1474,513,0,60,0,1075,8,7,1,8
33,8,moe,718,36,9287,4420,4421,4149,679,0,38,0,610,8,5,3,8
33,9,moe,803,38,5603,1555,1555,3316,662,0,70,0,719,8,6,2,8
33,10,moe,728,41,8559,3694,3694,3126,1660,0,79,0,612,8,4,4,8
33,11,moe,637,35,5658,1742,1742,2295,1584,0,37,0,610,8,5,3,8
33,12,moe,717,35,10988,5469,5469,3638,1802,0,79,0,1978,8,4,4,8
33,13,moe,798,40,6681,2700,2700,2852,1058,0,71,0,1080,8,6,2,8
33,14,moe,737,43,11912,5616,5616,5526,723,0,47,0,655,8,4,4,8
33,15,moe,818,36,10285,3208,3208,6561,430,0,86,0,825,8,4,4,8
33,16,moe,1198,44,5200,2585,2585,2377,157,0,81,0,905,8,5,3,8
33,17,moe,792,37,8609,4497,4497,3044,1025,0,43,0,613,8,4,4,8
33,18,moe,727,37,10015,3842,3842,5011,1086,0,76,0,722,8,5,3,8
33,19,moe,634,34,8231,3316,3316,4241,592,0,82,0,597,8,5,3,8
33,20,moe,724,40,22043,8126,8126,9294,4558,0,65,0,607,8,1,7,8
33,21,moe,814,41,15206,8018,8019,4543,2551,0,93,0,717,8,3,5,8
33,22,moe,790,40,6090,2878,2878,2346,781,0,85,0,613,8,5,3,8
33,23,moe,637,43,5448,2530,2530,1896,960,0,62,0,717,8,6,2,8
33,24,moe,795,38,1302,332,332,887,58,0,25,0,725,8,7,1,8
33,25,moe,798,36,4359,2433,2433,1776,117,0,33,0,860,8,6,2,8
33,26,moe,662,83,10,0,0,0,0,0,10,0,800,8,8,0,8
33,-1,epi,0,0,0,0,0,0,0,0,5717,0,0,0,0,0,0
34,-2,pre,219,0,0,0,0,0,0,0,0,0,0,0,0,0,0
34,0,dense,1430,44,0,0,0,0,0,0,0,0,0,0,0,0,0
34,1,moe,814,37,14991,5972,5972,8060,904,0,55,0,1274,8,3,5,8
34,2,moe,717,38,10458,3118,3120,6455,834,1,48,0,728,8,4,4,8
34,3,moe,644,35,10679,5067,5067,3566,1994,0,52,0,1287,8,4,4,8
34,4,moe,724,39,7904,3352,3353,2612,1843,1,95,0,681,8,5,3,8
34,5,moe,794,43,6409,2282,2282,1986,2097,1,43,0,602,8,6,2,8
34,6,moe,711,44,13120,6865,6865,4981,1205,0,69,0,725,8,5,3,8
34,7,moe,644,37,7498,2538,2538,4267,620,0,73,0,600,8,5,3,8
34,8,moe,720,40,3039,1098,1098,1400,517,0,24,0,615,8,7,1,8
34,9,moe,811,53,9,0,0,0,0,0,9,0,731,8,8,0,8
34,10,moe,742,52,7034,3809,3809,1954,1233,0,38,0,613,8,6,2,8
34,11,moe,637,39,11810,7385,7385,3092,1288,0,45,0,633,8,4,4,8
34,12,moe,756,41,21190,7489,7489,7808,5797,0,96,0,735,8,3,5,8
34,13,moe,798,47,2226,1293,1293,818,54,0,61,0,633,8,7,1,8
34,14,moe,728,44,9812,6481,6481,3072,212,0,47,0,606,8,4,4,8
34,15,moe,660,36,9705,6427,6427,2830,370,1,77,0,729,8,5,3,8
34,16,moe,757,43,8852,5092,5094,3121,549,0,88,0,779,8,4,4,8
34,17,moe,1059,41,14040,9377,9378,3810,798,0,54,0,597,8,3,5,8
34,18,moe,723,38,15969,6762,6763,8206,872,0,128,0,728,8,3,5,8
34,19,moe,633,37,13859,5768,5768,5628,2366,0,97,0,598,8,4,4,8
34,20,moe,709,40,7560,3920,3920,2301,1295,0,44,0,1201,8,5,3,8
34,21,moe,792,37,14481,6734,6735,6580,1074,1,91,0,1291,8,4,4,8
34,22,moe,785,39,12145,6179,6179,5670,205,0,91,0,602,8,4,4,8
34,23,moe,631,34,5059,2616,2616,1893,459,0,91,0,742,8,6,2,8
34,24,moe,799,36,15153,5561,5561,8071,1458,0,63,0,723,8,3,5,8
34,25,moe,780,39,12293,6646,6646,4852,751,1,43,0,716,8,5,3,8
34,26,moe,641,35,12293,4284,4285,6462,1492,0,54,0,1212,8,4,4,8
34,-1,epi,0,0,0,0,0,0,0,0,5591,0,0,0,0,0,0
35,-2,pre,207,0,0,0,0,0,0,0,0,0,0,0,0,0,0
35,0,dense,1413,43,0,0,0,0,0,0,0,0,0,0,0,0,0
35,1,moe,802,38,14427,8207,8207,4458,1709,0,53,0,726,8,3,5,8
35,2,moe,719,38,10278,5901,5901,3556,773,0,48,0,723,8,4,4,8
35,3,moe,626,37,9087,5674,5674,2656,721,0,36,0,1231,8,5,3,8
35,4,moe,717,37,9467,6385,6385,2355,645,0,82,0,597,8,5,3,8
35,5,moe,782,37,5030,2258,2258,1540,1200,0,32,0,1079,8,6,2,8
35,6,moe,725,38,3643,1240,1240,1719,619,0,65,0,1245,8,7,1,8
35,7,moe,637,35,3915,1517,1517,1584,759,0,55,0,1075,8,6,2,8
35,8,moe,723,38,2737,574,574,1525,608,0,30,0,597,8,6,2,8
35,9,moe,808,43,11623,5659,5660,4962,929,0,72,0,1803,8,5,3,8
35,10,moe,718,36,14059,9466,9466,3125,1376,0,92,0,600,8,4,4,8
35,11,moe,633,39,5650,2286,2286,2756,581,0,27,0,1492,8,6,2,8
35,12,moe,721,36,15169,6091,6091,6633,2373,0,72,0,722,8,4,4,8
35,13,moe,787,41,4134,1470,1471,1594,996,0,73,0,598,8,6,2,8
35,14,moe,743,39,10149,5972,5972,3826,302,0,49,0,602,8,3,5,8
35,15,moe,636,35,11125,5722,5722,4957,374,0,72,0,706,8,5,3,8
35,16,moe,717,212,14055,11364,11364,2368,249,0,74,0,951,8,5,3,8
35,17,moe,785,37,12463,6677,6678,5549,195,0,41,0,1041,8,4,4,8
35,18,moe,706,40,13059,5081,5081,6599,1291,0,88,0,719,8,4,4,8
35,19,moe,630,33,9228,4871,4871,3112,1151,0,94,0,1205,8,4,4,8
35,20,moe,724,37,7630,3058,3058,3814,706,0,52,0,601,8,3,5,8
35,21,moe,793,33,5195,1618,1618,3390,117,0,70,0,714,8,6,2,8
35,22,moe,796,33,13356,5994,5994,7017,254,1,90,0,594,8,3,5,8
35,23,moe,629,30,14357,9303,9303,4637,330,0,87,0,791,8,3,5,8
35,24,moe,794,41,9118,3990,3992,4890,192,0,44,0,720,8,5,3,8
35,25,moe,804,46,11843,5120,5120,6439,231,0,53,0,721,8,4,4,8
35,26,moe,631,30,27232,12612,12612,12919,1627,0,74,0,736,8,0,8,8
35,-1,epi,0,0,0,0,0,0,0,0,5635,0,0,0,0,0,0
36,-2,pre,222,0,0,0,0,0,0,0,0,0,0,0,0,0,0
36,0,dense,1412,48,0,0,0,0,0,0,0,0,0,0,0,0,0
36,1,moe,811,47,15642,7431,7431,6215,1897,0,99,0,734,8,1,7,8
36,2,moe,725,52,2956,1251,1251,1614,58,0,33,0,725,8,7,1,8
36,3,moe,645,52,16728,8254,8255,6455,1949,0,69,0,728,8,4,4,8
36,4,moe,730,51,6213,2279,2279,2808,1046,0,80,0,603,8,6,2,8
36,5,moe,784,50,8603,5215,5215,2769,579,0,40,0,601,8,6,2,8
36,6,moe,718,47,4390,1555,1555,1853,907,0,75,0,723,8,6,2,8
36,7,moe,632,45,15055,7953,7954,5573,1404,0,124,0,607,8,4,4,8
36,8,moe,713,49,12,0,0,0,0,0,12,0,592,8,8,0,8
36,9,moe,788,45,7021,2476,2476,3294,1168,1,82,0,1289,8,6,2,8
36,10,moe,730,63,4576,2318,2318,1582,599,0,77,0,605,8,6,2,8
36,11,moe,631,44,4475,3117,3117,766,558,1,33,0,614,8,7,1,8
36,12,moe,725,46,14177,5503,5503,6611,1961,0,102,0,728,8,4,4,8
36,13,moe,789,42,11106,7372,7373,2880,773,0,80,0,607,8,6,2,8
36,14,moe,717,39,9524,5144,5144,4143,189,0,48,0,608,8,5,3,8
36,15,moe,619,35,8224,2977,2977,4963,204,0,80,0,727,8,5,3,8
36,16,moe,722,35,7920,2657,2657,3389,1778,0,96,0,614,8,5,3,8
36,17,moe,796,38,14408,6697,6697,6907,747,0,57,0,608,8,3,5,8
36,18,moe,726,36,12673,6528,6528,4962,1102,0,81,0,733,8,5,3,8
36,19,moe,645,38,14298,7733,7734,5632,829,0,103,0,616,8,4,4,8
36,20,moe,756,59,8381,5049,5051,3069,210,0,51,0,639,8,4,4,8
36,21,moe,852,82,9721,4928,4928,3689,1007,0,97,0,744,8,4,4,8
36,22,moe,795,38,13256,5896,5896,6995,245,0,120,0,612,8,3,5,8
36,23,moe,631,35,11824,4887,4888,6613,236,0,87,0,723,8,4,4,8
36,24,moe,789,37,11550,4842,4842,6428,232,0,48,0,720,8,4,4,8
36,25,moe,789,40,13732,5322,5322,8059,291,0,60,0,726,8,3,5,8
36,26,moe,627,33,12912,7419,7420,4832,599,0,61,0,723,8,5,3,8
36,-1,epi,0,0,0,0,0,0,0,0,5546,0,0,0,0,0,0
37,-2,pre,217,0,0,0,0,0,0,0,0,0,0,0,0,0,0
37,0,dense,1410,40,0,0,0,0,0,0,0,0,0,0,0,0,0
37,1,moe,810,35,9974,3269,3269,6429,226,0,50,0,727,8,4,4,8
37,2,moe,723,40,10231,3919,3919,4831,1443,0,38,0,754,8,5,3,8
37,3,moe,701,58,12212,7663,7663,2669,1840,1,39,0,722,8,5,3,8
37,4,moe,730,36,12496,5103,5103,5610,1679,0,104,0,607,8,4,4,8
37,5,moe,792,37,7793,3466,3466,4133,148,0,46,0,634,8,5,3,8
37,6,moe,725,37,11,0,0,0,0,0,11,0,1323,8,8,0,8
37,7,moe,639,39,5604,2257,2257,2755,562,0,30,0,597,8,6,2,8
37,8,moe,726,35,10088,4605,4605,4139,1303,1,40,0,605,8,5,3,8
37,9,moe,788,37,6293,2504,2504,3376,340,0,73,0,2711,8,6,2,8
37,10,moe,794,42,2815,1209,1209,1470,67,0,69,0,602,8,7,1,8
37,11,moe,639,34,12863,5654,5654,5524,1633,0,52,0,612,8,4,4,8
37,12,moe,720,39,13374,7075,7075,3878,2328,0,93,0,732,8,4,4,8
37,13,moe,789,48,4156,1468,1468,1589,1027,0,72,0,607,8,6,2,8
37,14,moe,735,37,6334,3460,3460,2283,551,0,40,0,1115,8,5,3,8
37,15,moe,634,34,11689,7603,7604,3732,266,0,87,0,797,8,4,4,8
37,16,moe,716,38,12152,4568,4570,5675,1798,0,109,0,609,8,4,4,8
37,17,moe,818,46,16434,9054,9055,6903,409,0,67,0,610,8,3,5,8
37,18,moe,730,39,3667,1566,1566,1898,124,0,79,0,729,8,6,2,8
37,19,moe,647,54,6542,2822,2823,3130,478,0,111,0,617,8,4,4,8
37,20,moe,726,36,1726,280,280,1375,49,0,22,0,605,8,7,1,8
37,21,moe,791,34,8383,6310,6310,1885,115,0,73,0,724,8,6,2,8
37,22,moe,785,35,8982,4526,4526,4221,145,0,90,0,602,8,5,3,8
37,23,moe,634,33,9958,5999,5999,3632,236,0,91,0,726,8,4,4,8
37,24,moe,783,35,15151,9362,9363,5324,395,0,69,0,728,8,2,6,8
37,25,moe,793,36,15742,10691,10691,4454,534,0,63,0,724,8,3,5,8
37,26,moe,641,33,20049,9496,9497,9683,797,0,72,0,736,8,2,6,8
37,-1,epi,0,0,0,0,0,0,0,0,5578,0,0,0,0,0,0
38,-2,pre,231,0,0,0,0,0,0,0,0,0,0,0,0,0,0
38,0,dense,1411,65,0,0,0,0,0,0,0,0,0,0,0,0,0
38,1,moe,834,80,9758,5852,5853,3561,260,0,84,0,724,8,4,4,8
38,2,moe,723,69,11,0,1,0,0,0,10,0,728,8,8,0,8
38,3,moe,648,35,10204,6709,6710,2703,749,0,42,0,856,8,5,3,8
38,4,moe,793,39,3188,2172,2172,885,55,0,76,0,635,8,7,1,8
38,5,moe,824,42,9148,5150,5150,801,676,0,2521,0,613,8,7,1,8
38,6,moe,785,39,2309,1156,1156,1031,62,0,60,0,777,8,7,1,8
38,7,moe,731,41,10,0,0,0,0,1,9,0,720,8,8,0,8
38,8,moe,789,39,6451,2171,2171,2840,1366,0,74,0,626,8,6,2,8
38,9,moe,807,46,3042,1191,1191,1725,67,0,59,0,846,8,7,1,8
38,10,moe,778,37,2214,1069,1069,830,253,0,62,0,665,8,7,1,8
38,11,moe,718,34,8070,4155,4155,2403,1467,0,45,0,679,8,5,3,8
38,12,moe,738,39,10,0,0,0,0,0,10,0,778,8,8,0,8
38,13,moe,828,37,11,0,0,0,0,0,11,0,657,8,8,0,8
38,14,moe,775,38,2008,1137,1138,773,71,0,26,0,769,8,7,1,8
38,15,moe,708,36,7368,3647,3647,2863,778,0,80,0,819,8,5,3,8
38,16,moe,762,51,9601,5951,5952,3143,384,0,122,0,656,8,4,4,8
38,17,moe,1033,1695,9541,3475,3475,5781,201,1,83,0,650,8,4,4,8
38,18,moe,762,40,10,0,0,0,0,0,10,0,816,8,8,0,8
38,19,moe,669,37,5489,2250,2250,3094,108,0,37,0,674,8,6,2,8
38,20,moe,745,48,9070,4133,4133,4199,685,1,52,0,610,8,5,3,8
38,21,moe,827,51,14201,6605,6605,6597,914,1,84,0,800,8,4,4,8
38,22,moe,832,213,7960,3471,3471,4244,148,0,97,0,615,8,5,3,8
38,23,moe,641,40,10521,5573,5573,4556,285,1,106,0,761,8,3,5,8
38,24,moe,802,214,16601,9846,9846,6478,225,0,52,0,719,8,4,4,8
38,25,moe,816,39,6694,3319,3319,3227,115,0,33,0,752,8,6,2,8
38,26,moe,10558,45,14607,7216,7217,6567,755,0,68,0,736,8,4,4,8
38,-1,epi,0,0,0,0,0,0,0,0,5696,0,0,0,0,0,0
39,-2,pre,156,0,0,0,0,0,0,0,0,0,0,0,0,0,0
39,0,dense,4928,41,0,0,0,0,0,0,0,0,0,0,0,0,0
39,1,moe,6814,40,4894,2922,2922,1807,125,0,40,0,725,8,6,2,8
39,2,moe,7654,37,10867,5738,5738,3610,1466,0,53,0,757,8,4,4,8
39,3,moe,14739,36,12000,5144,5144,6559,243,0,54,0,722,8,4,4,8
39,4,moe,4220,38,10666,4906,4907,3366,2300,0,93,0,642,8,4,4,8
39,5,moe,798,38,2526,1223,1223,777,500,0,26,0,656,8,7,1,8
39,6,moe,727,43,2273,1137,1138,983,70,0,82,0,778,8,7,1,8
39,7,moe,659,33,8847,3259,3259,4288,1224,0,76,0,624,8,5,3,8
39,8,moe,753,35,8661,3321,3322,4234,1063,0,42,0,619,8,5,3,8
39,9,moe,862,43,16576,5566,5566,8246,2662,0,102,0,782,8,3,5,8
39,10,moe,723,42,5231,2191,2191,1599,1360,0,81,0,650,8,6,2,8
39,11,moe,643,40,9725,5317,5317,3099,1253,0,56,0,625,8,4,4,8
39,12,moe,765,44,7969,4227,4227,2763,895,0,84,0,753,8,5,3,8
39,13,moe,842,43,8846,3194,3194,4245,1309,0,98,0,1104,8,5,3,8
39,14,moe,744,45,2651,1041,1041,1383,205,0,22,0,610,8,7,1,8
39,15,moe,691,34,15514,8374,8375,5466,1558,0,115,0,753,8,2,6,8
39,16,moe,775,41,5921,3201,3201,2354,281,0,85,0,628,8,5,3,8
39,17,moe,877,46,10788,4887,4887,5610,231,0,60,0,886,8,4,4,8
39,18,moe,1327,45,12547,4966,4966,6630,867,0,84,0,844,8,4,4,8
39,19,moe,903,39,8960,4705,4705,3886,252,0,117,0,739,8,3,5,8
39,20,moe,780,50,10802,4965,4965,5578,208,0,51,0,622,8,4,4,8
39,21,moe,796,44,12512,7563,7563,4554,291,0,104,0,769,8,3,5,8
39,22,moe,824,67,9045,4785,4786,3901,257,0,101,0,661,8,3,5,8
39,23,moe,709,72,17844,7511,7511,9854,342,0,137,0,750,8,2,6,8
39,24,moe,808,48,16589,6375,6376,9769,345,1,98,0,777,8,2,6,8
39,25,moe,843,40,20562,8661,8662,11416,402,0,82,0,786,8,1,7,8
39,26,moe,664,41,11503,5492,5492,3587,2375,0,49,0,828,8,4,4,8
39,-1,epi,0,0,0,0,0,0,0,0,5866,0,0,0,0,0,0
40,-2,pre,167,0,0,0,0,0,0,0,0,0,0,0,0,0,0
40,0,dense,1420,52,0,0,0,0,0,0,0,0,0,0,0,0,0
40,1,moe,850,59,6478,3078,3079,3248,117,0,34,0,776,8,6,2,8
40,2,moe,786,40,6278,2310,2310,3287,645,0,36,0,767,8,6,2,8
40,3,moe,637,36,16530,6272,6272,9824,359,0,75,0,784,8,2,6,8
40,4,moe,736,43,16371,7885,7885,3443,4908,0,135,0,685,8,5,3,8
40,5,moe,6908,43,9035,3265,3265,4180,1547,0,43,0,623,8,5,3,8
40,6,moe,5968,36,4111,1515,1515,1891,631,0,74,0,731,8,6,2,8
40,7,moe,866,36,12501,4401,4401,5022,2974,0,104,0,659,8,4,4,8
40,8,moe,732,43,3902,1063,1063,1392,1419,0,28,0,706,8,7,1,8
40,9,moe,835,54,4116,1248,1248,1725,1079,0,64,0,763,8,7,1,8
40,10,moe,789,48,12115,4617,4617,5630,1771,0,97,0,601,8,4,4,8
40,11,moe,662,35,5187,2218,2218,2824,113,0,32,0,646,8,6,2,8
40,12,moe,728,85,3575,1259,1259,1706,553,0,57,0,748,8,7,1,8
40,13,moe,842,58,11314,5357,5357,3344,2514,0,99,0,659,8,4,4,8
40,14,moe,777,68,6261,3751,3751,2308,155,0,47,0,636,8,5,3,8
40,15,moe,687,41,8683,3742,3743,3665,1181,0,94,0,786,8,4,4,8
40,16,moe,748,40,6271,1628,1628,4232,336,0,75,0,629,8,5,3,8
40,17,moe,814,36,4570,1618,1618,2810,101,0,41,0,653,8,6,2,8
40,18,moe,769,46,11536,3996,3996,6577,873,0,90,0,768,8,4,4,8
40,19,moe,679,36,7696,3222,3222,4229,161,0,84,0,697,8,5,3,8
40,20,moe,1228,62,10348,4512,4512,5582,199,0,55,0,799,8,4,4,8
40,21,moe,1294,56,9243,4037,4038,4943,172,0,90,0,792,8,5,3,8
40,22,moe,824,43,5092,2101,2101,2820,98,0,73,0,624,8,6,2,8
40,23,moe,693,81,14613,5989,5989,8220,287,0,117,0,738,8,3,5,8
40,24,moe,830,41,11547,4692,4692,6569,231,0,55,0,734,8,4,4,8
40,25,moe,784,43,12100,3533,3533,8199,295,0,73,0,728,8,3,5,8
40,26,moe,647,39,11682,5807,5807,4508,1308,0,59,0,1208,8,3,5,8
40,-1,epi,0,0,0,0,0,0,0,0,5784,0,0,0,0,0,0
41,-2,pre,215,0,0,0,0,0,0,0,0,0,0,0,0,0,0
41,0,dense,1421,72,0,0,0,0,0,0,0,0,0,0,0,0,0
41,1,moe,830,41,8910,3743,3743,4942,177,0,48,0,761,8,5,3,8
41,2,moe,732,41,11582,4788,4788,6519,225,0,50,0,762,8,4,4,8
41,3,moe,644,39,6573,3670,3670,2683,176,0,44,0,763,8,5,3,8
41,4,moe,747,42,7835,3338,3338,4242,155,0,100,0,638,8,5,3,8
41,5,moe,824,79,11121,4421,4421,4533,2111,0,56,0,687,8,4,4,8
41,6,moe,774,75,8529,3598,3598,3383,1473,0,75,0,740,8,5,3,8
41,7,moe,14564,47,12,0,0,0,0,0,12,0,631,8,8,0,8
41,8,moe,5255,37,11,0,0,0,0,0,11,0,586,8,8,0,8
41,9,moe,5772,43,2679,327,327,1709,616,0,27,0,1256,8,7,1,8
41,10,moe,4009,37,8212,2525,2525,3397,2184,0,106,0,604,8,5,3,8
41,11,moe,687,36,3799,2131,2131,1533,102,0,33,0,1293,8,6,2,8
41,12,moe,800,45,10,0,0,0,0,0,10,0,1245,8,8,0,8
41,13,moe,818,36,4068,2255,2255,1537,244,0,32,0,617,8,6,2,8
41,14,moe,770,57,9645,3610,3610,5572,411,0,52,0,607,8,4,4,8
41,15,moe,677,29,2966,1150,1151,1696,60,0,59,0,2371,8,7,1,8
41,16,moe,747,43,7503,3635,3635,2363,1424,0,81,0,630,8,5,3,8
41,17,moe,815,61,11,0,0,0,0,0,11,0,664,8,8,0,8
41,18,moe,738,34,3091,1250,1250,1707,69,0,65,0,1057,8,7,1,8
41,19,moe,667,35,5945,2144,2144,2428,1295,0,78,0,729,8,6,2,8
41,20,moe,749,40,3951,2277,2277,1536,101,0,37,0,1127,8,6,2,8
41,21,moe,819,273,9089,7040,7040,1866,121,0,62,0,819,8,6,2,8
41,22,moe,1277,45,2665,1099,1099,1441,53,0,72,0,717,8,7,1,8
41,23,moe,629,34,6701,3657,3658,2783,177,0,83,0,725,8,5,3,8
41,24,moe,804,79,5949,3023,3023,2673,174,1,78,0,726,8,5,3,8
41,25,moe,798,37,6533,3642,3643,2667,177,0,46,0,740,8,5,3,8
41,26,moe,639,35,5101,2469,2469,1777,823,0,32,0,725,8,6,2,8
41,-1,epi,0,0,0,0,0,0,0,0,5707,0,0,0,0,0,0
42,-2,pre,219,0,0,0,0,0,0,0,0,0,0,0,0,0,0
42,0,dense,1436,42,0,0,0,0,0,0,0,0,0,0,0,0,0
42,1,moe,814,104,10973,4258,4258,6434,230,0,51,0,723,8,4,4,8
42,2,moe,739,39,16404,9599,9599,6526,230,0,49,0,768,8,4,4,8
42,3,moe,673,92,7744,2700,2701,4835,169,0,39,0,727,8,5,3,8
42,4,moe,724,40,12915,5405,5406,7138,252,0,119,0,603,8,3,5,8
42,5,moe,827,73,14212,5834,5834,6948,1319,0,111,0,610,8,3,5,8
42,6,moe,734,90,7516,2961,2961,3310,1170,1,74,0,733,8,6,2,8
42,7,moe,632,61,12815,5549,5549,4997,2130,0,139,0,598,8,4,4,8
42,8,moe,719,40,12943,5051,5051,5547,2291,0,54,0,640,8,4,4,8
42,9,moe,793,41,8206,3880,3880,2744,1491,0,91,0,727,8,5,3,8
42,10,moe,721,45,7928,4143,4144,2363,1318,1,102,0,636,8,5,3,8
42,11,moe,7784,37,5854,3371,3371,2287,149,0,47,0,611,8,5,3,8
42,12,moe,7046,44,8604,4681,4681,2828,986,0,109,0,1818,8,5,3,8
42,13,moe,5835,47,5179,2445,2445,1586,1066,0,82,0,607,8,6,2,8
42,14,moe,7275,40,8823,4392,4392,3067,1310,0,54,0,723,8,4,4,8
42,15,moe,12188,37,13962,7719,7719,3699,2434,1,109,0,1006,8,4,4,8
42,16,moe,8760,46,5299,3283,3283,1612,309,0,95,0,941,8,6,2,8
42,17,moe,811,41,11997,4661,4662,3332,3934,0,69,0,6690,8,4,4,8
42,18,moe,761,49,7184,3768,3768,2835,487,0,94,0,731,8,5,3,8
42,19,moe,1022,40,7928,4488,4488,3126,221,0,93,0,678,8,4,4,8
42,20,moe,736,39,3924,2257,2257,1527,105,0,35,0,1437,8,6,2,8
42,21,moe,794,41,4965,2906,2907,1864,117,1,76,0,1292,8,6,2,8
42,22,moe,861,39,6954,3266,3266,2395,1203,0,90,0,1043,8,5,3,8
42,23,moe,889,38,4445,2355,2355,1892,119,0,79,0,886,8,6,2,8
42,24,moe,1257,56,1294,312,312,897,62,0,23,0,774,8,7,1,8
42,25,moe,920,40,8773,4863,4863,3610,251,0,49,0,1041,8,4,4,8
42,26,moe,742,37,5726,1738,1738,3257,693,0,38,0,954,8,6,2,8
42,-1,epi,0,0,0,0,0,0,0,0,6071,0,0,0,0,0,0
43,-2,pre,183,0,0,0,0,0,0,0,0,0,0,0,0,0,0
43,0,dense,1729,41,0,0,0,0,0,0,0,0,0,0,0,0,0
43,1,moe,821,47,8310,5110,5111,2726,419,0,54,0,770,8,5,3,8
43,2,moe,846,57,2238,1231,1231,917,59,0,31,0,935,8,7,1,8
43,3,moe,702,38,2296,1290,1290,918,64,0,24,0,802,8,7,1,8
43,4,moe,835,42,5431,2626,2626,2374,339,0,92,0,714,8,5,3,8
43,5,moe,805,39,10,0,0,0,0,0,10,0,615,8,8,0,8
43,6,moe,757,44,7392,3598,3598,2771,923,0,100,0,742,8,5,3,8
43,7,moe,635,36,7807,3213,3213,3656,840,0,98,0,785,8,5,3,8
43,8,moe,749,45,2509,1164,1164,780,538,0,27,0,622,8,7,1,8
43,9,moe,812,38,4784,2691,2691,1891,122,0,80,0,744,8,6,2,8
43,10,moe,739,37,4566,2230,2231,1585,679,0,71,0,1094,8,6,2,8
43,11,moe,649,35,3142,1485,1486,1526,102,0,28,0,613,8,6,2,8
43,12,moe,735,36,9090,4872,4873,3644,478,0,95,0,754,8,4,4,8
43,13,moe,796,38,2607,1153,1153,823,571,0,60,0,608,8,7,1,8
43,14,moe,728,36,2938,1181,1181,766,970,0,21,0,1119,8,7,1,8
43,15,moe,960,36,7168,2574,2574,3312,1211,0,71,0,1265,8,6,2,8
43,16,moe,725,38,7110,3363,3364,2783,880,1,82,0,620,8,5,3,8
43,17,moe,4883,38,9433,4965,4965,3058,1358,0,52,0,619,8,4,4,8
43,18,moe,7496,38,10,0,0,0,0,0,10,0,1269,8,8,0,8
43,19,moe,14469,40,3537,1367,1367,1527,610,0,33,0,606,8,6,2,8
43,20,moe,726,39,3980,1417,1417,1520,1014,0,29,0,632,8,6,2,8
43,21,moe,821,44,4646,1760,1760,1879,933,0,74,0,1924,8,6,2,8
43,22,moe,802,39,2619,1202,1202,822,532,0,63,0,1593,8,7,1,8
43,23,moe,642,36,7181,3599,3600,2763,742,0,76,0,796,8,5,3,8
43,24,moe,860,40,6717,3647,3647,2665,367,0,38,0,990,8,5,3,8
43,25,moe,1208,40,5711,2331,2332,3227,120,0,32,0,759,8,6,2,8
43,26,moe,649,35,2201,1233,1233,888,59,0,21,0,1228,8,7,1,8
43,-1,epi,0,0,0,0,0,0,0,0,5803,0,0,0,0,0,0
44,-2,pre,215,0,0,0,0,0,0,0,0,0,0,0,0,0,0
44,0,dense,1447,41,0,0,0,0,0,0,0,0,0,0,0,0,0
44,1,moe,816,40,2214,1245,1245,886,59,0,24,0,753,8,7,1,8
44,2,moe,753,38,4429,2494,2494,1780,122,0,33,0,743,8,6,2,8
44,3,moe,657,35,6819,3722,3722,2687,369,1,40,0,746,8,5,3,8
44,4,moe,818,68,8842,5084,5084,3162,463,0,133,0,662,8,4,4,8
44,5,moe,901,41,7923,4393,4393,3092,381,0,57,0,662,8,4,4,8
44,6,moe,811,47,2812,1181,1181,974,587,0,70,0,735,8,7,1,8
44,7,moe,650,34,8678,4071,4071,4206,315,0,86,0,610,8,5,3,8
44,8,moe,721,36,5625,2289,2289,2764,544,0,28,0,610,8,6,2,8
44,9,moe,794,34,3050,1233,1233,1698,58,0,61,0,729,8,7,1,8
44,10,moe,723,34,7197,2778,2778,4188,148,0,83,0,614,8,5,3,8
44,11,moe,631,35,7881,5396,5396,2297,147,0,41,0,613,8,5,3,8
44,12,moe,733,40,6681,3681,3681,2761,175,0,64,0,744,8,5,3,8
44,13,moe,793,36,7096,3638,3638,2344,1029,1,84,0,618,8,5,3,8
44,14,moe,731,36,13648,8231,8233,3839,1517,0,59,0,616,8,3,5,8
44,15,moe,639,35,8098,4301,4301,2775,950,0,72,0,739,8,5,3,8
44,16,moe,726,37,9000,4406,4406,4192,312,0,90,0,750,8,5,3,8
44,17,moe,788,36,9777,2904,2904,5522,1306,0,45,0,1222,8,4,4,8
44,18,moe,728,38,6147,2481,2481,3308,291,0,67,0,725,8,6,2,8
44,19,moe,670,34,15261,7937,7937,5577,1655,1,91,0,1068,8,4,4,8
44,20,moe,4109,38,2730,1078,1078,1378,253,0,21,0,1051,8,7,1,8
44,21,moe,7585,37,16962,7330,7330,6516,2998,0,118,0,733,8,1,7,8
44,22,moe,793,41,13781,5709,5710,5551,2385,0,135,0,611,8,3,5,8
44,23,moe,641,36,14141,6445,6446,5438,2151,0,106,0,733,8,2,6,8
44,24,moe,790,38,11066,5377,5377,3560,2075,0,54,0,1287,8,4,4,8
44,25,moe,800,40,15110,6118,6119,8045,892,0,54,0,949,8,3,5,8
44,26,moe,3775,33,14689,5864,5864,6488,2285,1,51,0,736,8,3,5,8
44,-1,epi,0,0,0,0,0,0,0,0,6056,0,0,0,0,0,0
45,-2,pre,142,0,0,0,0,0,0,0,0,0,0,0,0,0,0
45,0,dense,2545,75,0,0,0,0,0,0,0,0,0,0,0,0,0
45,1,moe,1012,43,11,0,0,0,0,0,11,0,896,8,8,0,8
45,2,moe,908,40,5709,3532,3532,1805,337,0,35,0,762,8,6,2,8
45,3,moe,662,36,2123,1152,1152,888,62,0,21,0,735,8,7,1,8
45,4,moe,875,36,4329,2348,2348,1599,300,0,82,0,608,8,6,2,8
45,5,moe,804,39,3823,2162,2162,1527,105,0,29,0,610,8,6,2,8
45,6,moe,745,36,5547,2400,2400,1859,1220,0,68,0,737,8,6,2,8
45,7,moe,643,35,1214,283,284,821,50,0,59,0,614,8,7,1,8
45,8,moe,738,35,3932,2261,2261,1525,116,0,30,0,614,8,6,2,8
45,9,moe,801,37,5382,2762,2762,1876,667,1,76,0,781,8,6,2,8
45,10,moe,735,39,11,0,0,0,0,0,11,0,615,8,8,0,8
45,11,moe,647,33,6230,2553,2553,2850,706,0,121,0,621,8,6,2,8
45,12,moe,741,41,8868,4809,4809,3696,258,1,104,0,850,8,4,4,8
45,13,moe,808,44,5246,2249,2249,2818,102,0,77,0,614,8,6,2,8
45,14,moe,735,37,5170,2272,2272,2757,107,0,34,0,1178,8,6,2,8
45,15,moe,637,35,3129,1315,1315,1704,66,0,44,0,729,8,7,1,8
45,16,moe,741,37,8434,3235,3235,4197,918,0,84,0,613,8,5,3,8
45,17,moe,808,40,4846,2581,2581,1522,709,0,34,0,612,8,6,2,8
45,18,moe,729,37,6006,2436,2436,3322,163,1,84,0,1288,8,6,2,8
45,19,moe,642,33,7988,2716,2717,2569,2619,0,83,0,634,8,5,3,8
45,20,moe,789,47,8805,4563,4564,3148,1033,0,60,0,615,8,4,4,8
45,21,moe,802,39,6287,2405,2405,1869,1940,0,73,0,739,8,6,2,8
45,22,moe,814,39,10921,2829,2829,5368,2631,0,93,0,679,8,4,4,8
45,23,moe,682,42,15802,6139,6140,8122,1443,0,97,0,732,8,3,5,8
45,24,moe,792,39,7796,3556,3556,2662,1536,0,42,0,1265,8,5,3,8
45,25,moe,802,44,14700,4723,4723,8046,1877,0,54,0,727,8,3,5,8
45,26,moe,636,37,12087,4073,4074,6448,1520,0,45,0,731,8,4,4,8
45,-1,epi,0,0,0,0,0,0,0,0,5700,0,0,0,0,0,0
46,-2,pre,76,0,0,0,0,0,0,0,0,0,0,0,0,0,0
46,0,dense,1586,91,0,0,0,0,0,0,0,0,0,0,0,0,0
46,1,moe,1179,43,5975,2437,2437,3224,283,0,31,0,836,8,6,2,8
46,2,moe,1026,44,11919,5142,5142,6462,260,0,55,0,1002,8,4,4,8
46,3,moe,829,52,5901,2473,2473,3268,127,0,33,0,734,8,6,2,8
46,4,moe,757,53,9152,4858,4858,3934,261,0,99,0,691,8,3,5,8
46,5,moe,847,40,6168,3422,3422,2346,351,0,49,0,632,8,5,3,8
46,6,moe,746,44,9449,3566,3566,4969,815,0,99,0,1365,8,5,3,8
46,7,moe,682,36,2707,1118,1118,1452,51,0,86,0,636,8,7,1,8
46,8,moe,735,39,11359,4433,4434,5570,1309,0,46,0,621,8,4,4,8
46,9,moe,812,44,11255,5366,5366,4296,1512,1,80,0,744,8,4,4,8
46,10,moe,741,41,7907,3435,3435,4240,152,0,80,0,602,8,5,3,8
46,11,moe,637,38,7002,4496,4496,2293,167,0,46,0,626,8,5,3,8
46,12,moe,751,163,4506,2427,2427,1870,118,0,91,0,728,8,6,2,8
46,13,moe,797,39,4028,2231,2231,1604,118,0,75,0,619,8,6,2,8
46,14,moe,751,41,6955,3324,3324,2291,1298,0,42,0,1477,8,5,3,8
46,15,moe,653,34,5795,2384,2384,1866,1474,0,71,0,726,8,6,2,8
46,16,moe,737,39,7966,3046,3046,4183,653,0,84,0,610,8,5,3,8
46,17,moe,799,37,4722,2220,2220,1522,952,0,28,0,675,8,6,2,8
46,18,moe,722,37,3227,1251,1251,1002,895,0,79,0,736,8,7,1,8
46,19,moe,646,35,9,0,0,0,0,0,9,0,1068,8,8,0,8
46,20,moe,726,34,9,0,0,0,0,0,9,0,613,8,8,0,8
46,21,moe,797,34,9,0,0,0,0,0,9,0,746,8,8,0,8
46,22,moe,825,37,3120,1136,1136,1432,483,0,69,0,1061,8,7,1,8
46,23,moe,656,34,10300,4042,4042,4924,1263,0,71,0,728,8,5,3,8
46,24,moe,802,39,10,0,0,0,0,1,9,0,1289,8,8,0,8
46,25,moe,807,40,2691,1231,1231,884,556,0,20,0,3217,8,7,1,8
46,26,moe,646,35,8211,3730,3730,2675,1767,0,39,0,734,8,5,3,8
46,-1,epi,0,0,0,0,0,0,0,0,5777,0,0,0,0,0,0
47,-2,pre,216,0,0,0,0,0,0,0,0,0,0,0,0,0,0
47,0,dense,1448,43,0,0,0,0,0,0,0,0,0,0,0,0,0
47,1,moe,834,42,9130,4733,4734,3560,791,0,45,0,743,8,4,4,8
47,2,moe,730,36,6331,3427,3427,2660,201,0,43,0,742,8,5,3,8
47,3,moe,649,35,6715,3636,3636,2678,364,0,37,0,827,8,5,3,8
47,4,moe,1049,41,7841,3219,3219,4203,322,0,97,0,613,8,5,3,8
47,5,moe,793,39,6894,3595,3596,3052,199,0,47,0,620,8,4,4,8
47,6,moe,730,35,2933,1262,1262,986,626,1,58,0,732,8,7,1,8
47,7,moe,649,34,5976,3387,3387,2350,154,0,85,0,616,8,5,3,8
47,8,moe,732,32,5943,3440,3440,2301,165,0,37,0,615,8,5,3,8
47,9,moe,803,33,4849,2406,2406,1872,502,0,69,0,730,8,6,2,8
47,10,moe,734,33,5951,3368,3368,2347,158,0,78,0,616,8,5,3,8
47,11,moe,634,30,2148,1152,1152,765,213,0,18,0,1040,8,7,1,8
47,12,moe,743,32,6754,3558,3558,2746,375,0,75,0,738,8,5,3,8
47,13,moe,804,30,2056,1119,1119,832,53,0,52,0,626,8,7,1,8
47,14,moe,733,30,9269,4578,4578,3058,1584,0,49,0,622,8,4,4,8
47,15,moe,649,31,7894,2743,2743,4904,176,0,71,0,747,8,5,3,8
47,16,moe,765,38,12369,7529,7529,4177,579,0,84,0,605,8,5,3,8
47,17,moe,796,37,6367,2467,2467,2290,1573,0,37,0,618,8,5,3,8
47,18,moe,724,36,1969,330,330,972,607,0,60,0,727,8,7,1,8
47,19,moe,654,36,8936,4855,4857,3100,892,0,87,0,612,8,4,4,8
47,20,moe,738,38,6563,3251,3251,2324,949,1,38,0,649,8,5,3,8
47,21,moe,801,43,6181,1805,1805,3373,928,0,75,0,732,8,6,2,8
47,22,moe,809,37,5285,1419,1419,2806,986,0,74,0,609,8,6,2,8
47,23,moe,646,33,12849,6321,6321,4554,1868,1,105,0,775,8,3,5,8
47,24,moe,805,43,8497,4302,4302,2707,1444,0,44,0,1339,8,5,3,8
47,25,moe,813,43,2779,1261,1261,892,600,0,26,0,1354,8,7,1,8
47,26,moe,675,39,4723,640,640,3254,796,0,33,0,745,8,6,2,8
47,-1,epi,0,0,0,0,0,0,0,0,5935,0,0,0,0,0,0
48,-2,pre,165,0,0,0,0,0,0,0,0,0,0,0,0,0,0
48,0,dense,1458,43,0,0,0,0,0,0,0,0,0,0,0,0,0
48,1,moe,848,41,3983,1325,1325,1631,1003,0,24,0,787,8,7,1,8
48,2,moe,782,38,2961,1274,1274,1608,58,0,21,0,754,8,7,1,8
48,3,moe,669,37,4457,2494,2494,1779,130,0,54,0,745,8,6,2,8
48,4,moe,749,35,8015,3399,3399,4229,298,0,89,0,683,8,5,3,8
48,5,moe,811,40,2558,1099,1099,1378,58,1,22,0,663,8,7,1,8
48,6,moe,777,38,2986,1152,1152,1715,57,0,62,0,794,8,7,1,8
48,7,moe,645,35,2883,604,604,1601,607,0,71,0,662,8,6,2,8
48,8,moe,789,44,2499,1154,1154,779,543,0,23,0,617,8,7,1,8
48,9,moe,813,39,4709,2455,2456,1876,301,0,76,0,771,8,6,2,8
48,10,moe,764,44,5484,2438,2438,2364,602,1,79,0,648,8,5,3,8
48,11,moe,706,34,3955,2298,2300,1526,102,0,27,0,626,8,6,2,8
48,12,moe,741,40,2343,1241,1241,981,59,0,62,0,747,8,7,1,8
48,13,moe,842,37,10,0,0,0,0,0,10,0,631,8,8,0,8
48,14,moe,751,42,3067,1076,1076,1436,483,1,71,0,616,8,7,1,8
48,15,moe,646,34,6824,2845,2845,3288,621,0,70,0,741,8,6,2,8
48,16,moe,729,36,2681,1116,1116,1445,57,0,63,0,645,8,7,1,8
48,17,moe,798,35,2615,1150,1151,1380,61,0,23,0,898,8,7,1,8
48,18,moe,721,35,3457,1644,1644,1695,61,0,57,0,734,8,7,1,8
48,19,moe,642,31,4397,1415,1415,2815,103,0,64,0,1025,8,6,2,8
48,20,moe,724,34,9110,3456,3456,4131,1489,0,34,0,619,8,5,3,8
48,21,moe,795,34,11,0,0,0,0,0,11,0,1260,8,8,0,8
48,22,moe,792,33,6945,2838,2838,3062,998,0,47,0,622,8,4,4,8
48,23,moe,647,33,5868,2357,2357,1867,1586,0,58,0,783,8,6,2,8
48,24,moe,820,39,6256,2376,2376,3224,623,0,33,0,729,8,6,2,8
48,25,moe,805,36,5989,2440,2440,3220,300,0,29,0,731,8,6,2,8
48,26,moe,637,34,9,0,0,0,0,0,9,0,738,8,8,0,8
48,-1,epi,0,0,0,0,0,0,0,0,5833,0,0,0,0,0,0
49,-2,pre,220,0,0,0,0,0,0,0,0,0,0,0,0,0,0
49,0,dense,1454,38,0,0,0,0,0,0,0,0,0,0,0,0,0
49,1,moe,825,36,6722,3640,3640,2664,381,0,37,0,793,8,5,3,8
49,2,moe,741,33,2644,1263,1263,891,468,0,22,0,741,8,7,1,8
49,3,moe,663,33,6604,3549,3550,2672,343,0,39,0,749,8,5,3,8
49,4,moe,739,35,5951,3365,3365,2344,152,0,90,0,622,8,5,3,8
49,5,moe,809,39,5223,2201,2201,2754,235,0,33,0,614,8,6,2,8
49,6,moe,731,32,3087,1277,1277,1693,57,0,60,0,809,8,7,1,8
49,7,moe,641,32,4545,1390,1390,2826,260,0,69,0,1028,8,6,2,8
49,8,moe,724,33,2559,1112,1112,1379,50,0,18,0,653,8,7,1,8
49,9,moe,824,70,11890,4825,4826,6538,440,0,86,0,783,8,4,4,8
49,10,moe,725,35,7885,3461,3461,4184,150,0,90,0,614,8,5,3,8
49,11,moe,643,33,2575,1129,1129,1377,50,0,19,0,603,8,7,1,8
49,12,moe,725,35,3122,1318,1318,1688,56,0,60,0,735,8,7,1,8
49,13,moe,807,36,5985,3235,3236,2343,327,0,79,0,614,8,5,3,8
49,14,moe,738,38,6088,3481,3481,1532,1044,0,31,0,609,8,6,2,8
49,15,moe,631,33,6581,2384,2384,3301,844,0,52,0,727,8,6,2,8
49,16,moe,733,35,5488,1651,1651,2805,961,0,71,0,908,8,6,2,8
49,17,moe,802,36,8862,4509,4509,3259,1048,0,46,0,615,8,4,4,8
49,18,moe,720,34,3553,1267,1267,1692,534,0,60,0,1246,8,7,1,8
49,19,moe,653,32,14736,5692,5692,8324,604,0,116,0,619,8,2,6,8
49,20,moe,760,94,6288,2558,2559,2326,1364,0,39,0,616,8,5,3,8
49,21,moe,827,41,10012,4318,4318,3668,1930,0,96,0,737,8,4,4,8
49,22,moe,801,78,12436,3817,3818,6954,1563,0,101,0,610,8,3,5,8
49,23,moe,638,35,11756,2619,2619,6166,2873,0,98,0,736,8,3,5,8
49,24,moe,813,64,10596,3617,3618,4453,2454,0,71,0,1759,8,3,5,8
49,25,moe,799,39,16398,4685,4688,8967,2673,0,70,0,1213,8,2,6,8
49,26,moe,649,41,9344,2364,2365,6419,513,0,47,0,934,8,4,4,8
49,-1,epi,0,0,0,0,0,0,0,0,5705,0,0,0,0,0,0
50,-2,pre,44,0,0,0,0,0,0,0,0,0,0,0,0,0,0
50,0,dense,1463,56,0,0,0,0,0,0,0,0,0,0,0,0,0
50,1,moe,857,39,5240,2521,2521,1773,914,0,32,0,1298,8,6,2,8
50,2,moe,741,36,9187,3595,3595,4826,727,0,39,0,1372,8,5,3,8
50,3,moe,647,35,2767,1308,1308,889,546,0,24,0,776,8,7,1,8
50,4,moe,730,34,4452,1843,1843,2344,175,0,90,0,619,8,5,3,8
50,5,moe,1209,39,7178,2965,2966,3056,1111,0,45,0,715,8,4,4,8
50,6,moe,852,38,3018,1211,1211,1686,57,0,64,0,771,8,7,1,8
50,7,moe,641,32,9,0,0,0,0,0,9,0,686,8,8,0,8
50,8,moe,724,32,1557,618,618,821,51,0,67,0,665,8,7,1,8
50,9,moe,818,36,2360,1265,1265,984,61,0,50,0,759,8,7,1,8
50,10,moe,744,34,2246,1173,1173,826,194,0,53,0,708,8,7,1,8
50,11,moe,642,30,1972,1109,1109,777,68,0,18,0,827,8,7,1,8
50,12,moe,736,36,5019,3153,3153,1725,63,0,78,0,988,8,7,1,8
50,13,moe,833,43,11,0,0,0,0,0,11,0,637,8,8,0,8
50,14,moe,721,37,9,0,0,0,0,0,9,0,1942,8,8,0,8
50,15,moe,700,34,8235,2089,2089,4877,1227,0,42,0,744,8,5,3,8
50,16,moe,743,45,9838,3736,3736,5580,417,0,105,0,626,8,4,4,8
50,17,moe,817,42,6942,3650,3650,3043,204,0,45,0,617,8,4,4,8
50,18,moe,732,36,10998,5287,5287,4908,712,1,90,0,739,8,5,3,8
50,19,moe,649,34,11,0,0,0,0,0,11,0,1061,8,8,0,8
50,20,moe,725,37,7393,2502,2502,4194,610,0,87,0,2070,8,5,3,8
50,21,moe,807,40,8554,3735,3735,3638,1087,1,93,0,740,8,4,4,8
50,22,moe,808,39,4402,847,848,2345,1117,0,92,0,624,8,5,3,8
50,23,moe,656,35,10933,4009,4009,6563,267,0,94,0,789,8,4,4,8
50,24,moe,857,43,8894,1571,1572,6456,815,0,51,0,736,8,4,4,8
50,25,moe,807,43,7094,2667,2667,3212,1181,0,34,0,1252,8,6,2,8
50,26,moe,637,33,5819,2426,2426,3246,118,0,29,0,723,8,6,2,8
50,-1,epi,0,0,0,0,0,0,0,0,5742,0,0,0,0,0,0
51,-2,pre,69,0,0,0,0,0,0,0,0,0,0,0,0,0,0
51,0,dense,1447,40,0,0,0,0,0,0,0,0,0,0,0,0,0
51,1,moe,818,38,10,0,0,0,0,0,10,0,1710,8,8,0,8
51,2,moe,754,36,2333,1302,1302,887,122,0,22,0,749,8,7,1,8
51,3,moe,657,34,6067,1523,1523,3250,1263,0,31,0,783,8,6,2,8
51,4,moe,743,42,7156,3503,3503,3146,391,0,116,0,618,8,4,4,8
51,5,moe,852,46,11,0,0,0,0,1,10,0,1851,8,8,0,8
51,6,moe,944,40,10111,5242,5242,3659,1109,1,100,0,752,8,4,4,8
51,7,moe,651,34,12141,4803,4804,5609,1585,0,143,0,1255,8,4,4,8
51,8,moe,744,40,5416,2309,2309,2780,288,0,39,0,609,8,6,2,8
51,9,moe,852,43,10788,7730,7730,2567,379,0,112,0,757,8,6,2,8
51,10,moe,793,89,6575,3509,3510,2861,105,0,99,0,1704,8,6,2,8
51,11,moe,638,34,5339,2274,2274,2771,266,0,28,0,601,8,6,2,8
51,12,moe,730,36,6020,2524,2524,3304,116,1,75,0,776,8,6,2,8
51,13,moe,819,41,7798,3265,3265,4226,205,0,102,0,741,8,5,3,8
51,14,moe,751,58,21,0,0,0,0,0,21,0,676,8,8,0,8
51,15,moe,680,64,2444,1338,1338,978,61,0,67,0,855,8,7,1,8
51,16,moe,756,42,10065,5513,5514,3908,536,0,107,0,671,8,3,5,8
51,17,moe,811,40,3859,2200,2200,1528,101,0,30,0,612,8,6,2,8
51,18,moe,727,38,11286,4953,4953,4682,1556,0,95,0,734,8,4,4,8
51,19,moe,652,37,6007,2545,2545,2804,572,0,86,0,607,8,6,2,8
51,20,moe,728,38,12036,4738,4738,6899,350,0,49,0,609,8,3,5,8
51,21,moe,788,39,15694,6657,6657,8238,677,0,122,0,735,8,2,6,8
51,22,moe,788,40,6465,3860,3860,2336,163,0,106,0,1077,8,5,3,8
51,23,moe,647,34,7083,3534,3534,2761,709,0,79,0,1265,8,5,3,8
51,24,moe,791,40,5397,2481,2481,1782,1103,0,31,0,732,8,6,2,8
51,25,moe,789,38,15631,9292,9292,4447,1831,0,61,0,741,8,3,5,8
51,26,moe,675,37,7730,3907,3907,3546,232,0,45,0,762,8,4,4,8
51,-1,epi,0,0,0,0,0,0,0,0,5737,0,0,0,0,0,0
52,-2,pre,49,0,0,0,0,0,0,0,0,0,0,0,0,0,0
52,0,dense,1441,44,0,0,0,0,0,0,0,0,0,0,0,0,0
52,1,moe,816,41,3459,1240,1240,1606,588,0,25,0,1237,8,7,1,8
52,2,moe,740,41,1840,307,307,884,627,0,22,0,1475,8,7,1,8
52,3,moe,661,36,7574,4173,4173,1783,1586,0,32,0,1376,8,6,2,8
52,4,moe,785,73,10052,3688,3688,5559,692,0,113,0,612,8,4,4,8
52,5,moe,805,42,10,0,0,0,0,0,10,0,1484,8,8,0,8
52,6,moe,786,79,2508,1225,1225,971,243,0,69,0,1929,8,7,1,8
52,7,moe,657,37,8661,5285,5287,2359,914,0,101,0,608,8,5,3,8
52,8,moe,722,36,1993,1156,1156,765,52,0,20,0,610,8,7,1,8
52,9,moe,792,36,6106,2405,2405,3316,315,0,70,0,1196,8,6,2,8
52,10,moe,721,33,2776,1214,1214,1445,58,0,59,0,604,8,7,1,8
52,11,moe,636,30,2980,1113,1113,1378,473,0,16,0,608,8,7,1,8
52,12,moe,745,94,3107,1275,1275,1686,65,0,81,0,916,8,7,1,8
52,13,moe,790,34,6888,3165,3165,3018,619,0,86,0,702,8,6,2,8
52,14,moe,764,36,9,0,0,0,0,0,9,0,1125,8,8,0,8
52,15,moe,696,40,3129,1181,1181,1825,63,0,60,0,817,8,7,1,8
52,16,moe,800,45,8378,3339,3339,4223,686,0,130,0,710,8,5,3,8
52,17,moe,801,41,6867,3333,3334,3064,419,0,50,0,670,8,4,4,8
52,18,moe,729,40,11,0,0,0,0,0,11,0,769,8,8,0,8
52,19,moe,651,33,2031,1185,1185,763,61,1,21,0,618,8,7,1,8
52,20,moe,739,37,4253,2597,2597,1523,103,0,30,0,613,8,6,2,8
52,21,moe,797,38,12881,4343,4343,8142,293,0,103,0,733,8,3,5,8
52,22,moe,794,35,4379,1396,1396,2812,99,0,72,0,601,8,6,2,8
52,23,moe,652,37,6194,1715,1715,3632,758,0,89,0,735,8,4,4,8
52,24,moe,811,41,5636,1605,1605,3291,710,0,30,0,734,8,6,2,8
52,25,moe,873,44,5959,3004,3005,2700,200,0,54,0,770,8,5,3,8
52,26,moe,674,39,2048,315,316,1642,67,0,23,0,769,8,7,1,8
52,-1,epi,0,0,0,0,0,0,0,0,5743,0,0,0,0,0,0
53,-2,pre,219,0,0,0,0,0,0,0,0,0,0,0,0,0,0
53,0,dense,1476,54,0,0,0,0,0,0,0,0,0,0,0,0,0
53,1,moe,821,36,3180,1187,1187,884,1085,0,24,0,2774,8,7,1,8
53,2,moe,742,47,11,0,0,0,0,0,11,0,868,8,8,0,8
53,3,moe,691,33,8118,3982,3982,2663,1433,0,40,0,1741,8,5,3,8
53,4,moe,728,34,1232,293,293,816,60,0,63,0,625,8,7,1,8
53,5,moe,801,34,3146,1252,1252,1382,491,0,21,0,622,8,7,1,8
53,6,moe,736,30,10,0,0,0,0,0,10,0,745,8,8,0,8
53,7,moe,660,31,2660,1217,1217,1374,51,0,18,0,623,8,7,1,8
53,8,moe,737,29,5770,2272,2272,2752,717,0,29,0,1080,8,6,2,8
53,9,moe,805,36,5911,2734,2734,2741,353,0,83,0,795,8,5,3,8
53,10,moe,739,246,3622,902,902,2337,300,0,83,0,626,8,5,3,8
53,11,moe,647,33,8,0,0,0,0,0,8,0,616,8,8,0,8
53,12,moe,728,33,5776,2713,2713,1870,1134,0,59,0,1252,8,6,2,8
53,13,moe,802,36,2695,1137,1137,1437,52,0,69,0,619,8,7,1,8
53,14,moe,726,43,8115,3316,3316,4136,627,0,36,0,610,8,5,3,8
53,15,moe,636,34,9,0,0,0,0,0,9,0,776,8,8,0,8
53,16,moe,727,33,6430,1938,1939,4141,312,0,38,0,615,8,5,3,8
53,17,moe,803,35,3425,552,552,2748,98,1,26,0,615,8,6,2,8
53,18,moe,738,40,9,0,0,0,0,0,9,0,825,8,8,0,8
53,19,moe,658,34,2022,1190,1190,762,51,0,19,0,640,8,7,1,8
53,20,moe,754,38,4374,1494,1494,2751,100,0,29,0,614,8,6,2,8
53,21,moe,797,37,5274,2064,2064,2738,373,0,99,0,750,8,5,3,8
53,22,moe,803,42,1223,281,281,824,53,0,65,0,620,8,7,1,8
53,23,moe,663,37,5522,1549,1549,3286,632,0,55,0,739,8,6,2,8
53,24,moe,809,42,9319,2612,2612,6438,225,0,44,0,788,8,4,4,8
53,25,moe,807,42,8388,2926,2926,4833,582,0,47,0,1332,8,5,3,8
53,26,moe,663,37,7955,3902,3904,3556,444,0,51,0,739,8,4,4,8
53,-1,epi,0,0,0,0,0,0,0,0,5789,0,0,0,0,0,0
54,-2,pre,47,0,0,0,0,0,0,0,0,0,0,0,0,0,0
54,0,dense,1462,42,0,0,0,0,0,0,0,0,0,0,0,0,0
54,1,moe,822,39,11,0,0,0,0,0,11,0,1303,8,8,0,8
54,2,moe,744,37,9,0,0,0,0,0,9,0,1273,8,8,0,8
54,3,moe,665,36,6165,2535,2535,2668,924,0,38,0,754,8,5,3,8
54,4,moe,736,37,11390,3616,3616,4779,2856,0,139,0,666,8,4,4,8
54,5,moe,799,39,4472,2803,2804,1528,106,0,34,0,666,8,6,2,8
54,6,moe,726,35,3105,1277,1278,1698,64,0,65,0,785,8,7,1,8
54,7,moe,639,34,7358,3692,3692,3143,420,0,103,0,663,8,4,4,8
54,8,moe,730,36,2013,1157,1157,776,59,0,21,0,615,8,7,1,8
54,9,moe,800,39,8666,2905,2905,4932,745,0,84,0,739,8,5,3,8
54,10,moe,727,37,11,0,0,0,0,0,11,0,617,8,8,0,8
54,11,moe,643,34,2488,1113,1113,820,490,0,65,0,627,8,7,1,8
54,12,moe,745,40,3612,1342,1343,1683,544,0,42,0,730,8,7,1,8
54,13,moe,796,35,7817,3402,3404,4195,148,0,70,0,1451,8,5,3,8
54,14,moe,724,35,5611,2206,2206,2762,615,0,28,0,612,8,6,2,8
54,15,moe,633,33,3054,1249,1249,1684,60,0,61,0,724,8,7,1,8
54,16,moe,723,33,1983,290,291,1435,200,0,57,0,614,8,7,1,8
54,17,moe,807,39,1156,287,287,763,86,0,20,0,619,8,7,1,8
54,18,moe,738,36,3067,1214,1214,966,823,0,64,0,736,8,7,1,8
54,19,moe,661,36,1883,278,278,1240,262,0,103,0,665,8,7,1,8
54,20,moe,729,35,10,0,0,0,0,0,10,0,614,8,8,0,8
54,21,moe,797,34,6490,2488,2488,3612,308,0,82,0,800,8,6,2,8
54,22,moe,843,46,3550,1428,1428,1751,280,1,90,0,629,8,6,2,8
54,23,moe,651,34,8860,4147,4148,3649,940,0,123,0,833,8,4,4,8
54,24,moe,804,40,8248,2965,2965,4828,416,0,39,0,739,8,5,3,8
54,25,moe,815,38,9985,3267,3267,6439,236,0,43,0,732,8,4,4,8
54,26,moe,650,33,7956,1257,1257,6430,226,0,43,0,735,8,4,4,8
54,-1,epi,0,0,0,0,0,0,0,0,5777,0,0,0,0,0,0
55,-2,pre,217,0,0,0,0,0,0,0,0,0,0,0,0,0,0
55,0,dense,1454,38,0,0,0,0,0,0,0,0,0,0,0,0,0
55,1,moe,814,40,4731,1535,1536,1787,1376,1,31,0,743,8,6,2,8
55,2,moe,743,42,6267,2750,2750,2668,804,0,45,0,745,8,5,3,8
55,3,moe,649,38,7037,3582,3583,2666,746,0,42,0,744,8,5,3,8
55,4,moe,729,37,2081,1124,1124,821,58,0,78,0,1066,8,7,1,8
55,5,moe,807,36,10725,4416,4416,5531,724,0,54,0,619,8,4,4,8
55,6,moe,727,37,6433,2433,2433,3304,612,1,83,0,730,8,6,2,8
55,7,moe,639,33,15914,7959,7960,6965,881,0,108,0,608,8,3,5,8
55,8,moe,735,36,2548,1081,1081,1381,63,0,23,0,1530,8,7,1,8
55,9,moe,806,41,2396,1300,1301,966,59,0,70,0,726,8,7,1,8
55,10,moe,722,33,5214,2226,2226,2813,99,0,76,0,602,8,6,2,8
55,11,moe,635,31,7119,2949,2949,3051,1072,0,47,0,616,8,4,4,8
55,12,moe,726,35,3192,1359,1359,1706,56,0,71,0,730,8,7,1,8
55,13,moe,795,34,9036,2724,2724,5560,656,0,96,0,609,8,4,4,8
55,14,moe,719,36,9646,3786,3786,4158,1663,0,39,0,1050,8,5,3,8
55,15,moe,646,35,9095,3747,3747,4899,350,0,99,0,780,8,5,3,8
55,16,moe,724,36,9659,3496,3496,5569,501,0,93,0,611,8,4,4,8
55,17,moe,804,42,8232,4087,4087,3813,266,0,66,0,609,8,3,5,8
55,18,moe,722,39,5458,2842,2843,1858,682,0,75,0,1248,8,6,2,8
55,19,moe,639,33,5839,3242,3242,2350,153,0,94,0,618,8,5,3,8
55,20,moe,722,36,4082,2263,2263,1528,256,0,35,0,615,8,6,2,8
55,21,moe,798,38,5370,2018,2018,2822,427,0,103,0,762,8,5,3,8
55,22,moe,852,51,9945,3922,3922,5667,221,0,135,0,730,8,4,4,8
55,23,moe,665,36,5943,2739,2739,2767,354,0,83,0,754,8,5,3,8
55,24,moe,816,40,5584,2501,2501,2669,372,0,42,0,736,8,5,3,8
55,25,moe,812,39,4044,2106,2107,1780,122,0,35,0,788,8,6,2,8
55,26,moe,661,39,11320,6323,6323,4437,492,0,68,0,747,8,3,5,8
55,-1,epi,0,0,0,0,0,0,0,0,5781,0,0,0,0,0,0
56,-2,pre,145,0,0,0,0,0,0,0,0,0,0,0,0,0,0
56,0,dense,1447,42,0,0,0,0,0,0,0,0,0,0,0,0,0
56,1,moe,820,38,8910,5033,5033,2662,1173,0,42,0,1076,8,5,3,8
56,2,moe,725,38,6916,2975,2975,3210,697,0,34,0,735,8,6,2,8
56,3,moe,647,32,9259,3594,3594,4830,794,0,41,0,734,8,5,3,8
56,4,moe,727,41,12,0,0,0,0,0,12,0,609,8,8,0,8
56,5,moe,815,34,2650,1090,1090,1435,49,0,76,0,658,8,7,1,8
56,6,moe,752,38,10,0,0,0,0,0,10,0,737,8,8,0,8
56,7,moe,657,209,5241,3785,3785,1384,49,0,23,0,651,8,7,1,8
56,8,moe,760,37,2840,1376,1376,1380,58,0,26,0,1040,8,7,1,8
56,9,moe,816,37,4035,1878,1878,1950,124,0,83,0,753,8,6,2,8
56,10,moe,756,39,4199,1793,1793,1677,637,0,92,0,631,8,6,2,8
56,11,moe,669,36,5122,2672,2673,1579,829,0,41,0,631,8,6,2,8
56,12,moe,780,38,2464,1312,1312,1008,65,0,79,0,740,8,7,1,8
56,13,moe,800,39,5283,2256,2256,2843,98,0,86,0,616,8,6,2,8
56,14,moe,744,36,4493,2322,2322,1526,610,0,35,0,622,8,6,2,8
56,15,moe,643,37,2518,1237,1237,978,236,0,67,0,789,8,7,1,8
56,16,moe,729,40,4015,567,567,2821,547,0,80,0,616,8,6,2,8
56,17,moe,810,34,2458,1168,1168,764,503,0,23,0,1089,8,7,1,8
56,18,moe,758,38,3332,1325,1325,1701,254,1,51,0,1446,8,7,1,8
56,19,moe,652,32,7342,2767,2767,4182,322,0,71,0,615,8,5,3,8
56,20,moe,731,39,3596,1475,1475,1525,564,0,32,0,620,8,6,2,8
56,21,moe,802,38,4363,1323,1323,2761,189,0,90,0,740,8,5,3,8
56,22,moe,7605,38,2673,1098,1098,1455,51,0,69,0,832,8,7,1,8
56,23,moe,11497,34,7723,2364,2365,4928,343,0,87,0,735,8,5,3,8
56,24,moe,6964,40,6178,950,950,4836,350,0,42,0,734,8,5,3,8
56,25,moe,798,35,7697,2851,2851,4560,242,0,44,0,762,8,5,3,8
56,26,moe,809,34,13066,4521,4521,8188,300,0,57,0,792,8,3,5,8
56,-1,epi,0,0,0,0,0,0,0,0,5792,0,0,0,0,0,0
57,-2,pre,204,0,0,0,0,0,0,0,0,0,0,0,0,0,0
57,0,dense,1479,41,0,0,0,0,0,0,0,0,0,0,0,0,0
57,1,moe,828,38,4072,1575,1575,1776,684,0,37,0,761,8,6,2,8
57,2,moe,767,40,10,0,0,0,0,0,10,0,1483,8,8,0,8
57,3,moe,651,34,7652,3211,3211,3587,798,0,56,0,1247,8,4,4,8
57,4,moe,738,39,11,0,0,0,0,0,11,0,1429,8,8,0,8
57,5,moe,828,37,5251,1666,1666,2363,1114,0,108,0,631,8,5,3,8
57,6,moe,748,40,5348,2688,2688,1715,876,1,68,0,749,8,7,1,8
57,7,moe,660,33,6809,2448,2448,3394,882,0,85,0,621,8,5,3,8
57,8,moe,729,41,2484,1179,1179,775,508,0,22,0,700,8,7,1,8
57,9,moe,811,39,10,0,0,0,0,0,10,0,788,8,8,0,8
57,10,moe,759,37,9,0,0,0,0,0,9,0,628,8,8,0,8
57,11,moe,663,32,6600,3453,3453,2295,810,0,42,0,625,8,5,3,8
57,12,moe,732,37,11,0,0,0,0,0,11,0,777,8,8,0,8
57,13,moe,801,35,2154,1149,1149,765,215,0,25,0,2470,8,7,1,8
57,14,moe,732,34,2031,1189,1189,766,52,0,24,0,626,8,7,1,8
57,15,moe,654,32,4940,2868,2868,1858,137,0,77,0,747,8,6,2,8
57,16,moe,736,38,2339,293,293,1440,537,0,69,0,623,8,7,1,8
57,17,moe,816,34,3269,292,292,1376,1581,0,20,0,667,8,7,1,8
57,18,moe,726,36,3179,1356,1356,1697,58,0,68,0,738,8,7,1,8
57,19,moe,653,37,1202,277,277,816,51,0,58,0,621,8,7,1,8
57,20,moe,734,35,18,0,0,0,0,0,18,0,621,8,8,0,8
57,21,moe,799,33,6514,2450,2450,3301,658,0,105,0,737,8,6,2,8
57,22,moe,801,34,3329,1564,1564,1576,104,0,85,0,623,8,6,2,8
57,23,moe,661,32,4112,637,637,3297,114,0,64,0,740,8,6,2,8
57,24,moe,802,33,3508,1578,1578,1781,117,0,32,0,747,8,6,2,8
57,25,moe,829,35,2211,1247,1247,887,58,0,19,0,787,8,7,1,8
57,26,moe,659,31,8477,2579,2579,5313,518,0,67,0,754,8,2,6,8
57,-1,epi,0,0,0,0,0,0,0,0,5887,0,0,0,0,0,0
58,-2,pre,271,0,0,0,0,0,0,0,0,0,0,0,0,0,0
58,0,dense,1470,38,0,0,0,0,0,0,0,0,0,0,0,0,0
58,1,moe,824,37,2234,1265,1265,887,60,1,21,0,754,8,7,1,8
58,2,moe,749,36,9,0,0,0,0,0,9,0,761,8,8,0,8
58,3,moe,674,32,8482,2774,2774,4890,781,0,37,0,751,8,5,3,8
58,4,moe,753,41,4662,1993,1993,2357,182,0,130,0,634,8,5,3,8
58,5,moe,813,41,2441,1106,1106,764,547,0,24,0,637,8,7,1,8
58,6,moe,753,37,10,0,0,0,0,0,10,0,752,8,8,0,8
58,7,moe,670,34,2569,1111,1111,1377,60,0,21,0,642,8,7,1,8
58,8,moe,732,33,2592,1144,1144,1379,49,1,19,0,619,8,7,1,8
58,9,moe,804,33,3072,1255,1255,1691,58,0,68,0,1243,8,7,1,8
58,10,moe,731,34,9,0,0,0,0,0,9,0,624,8,8,0,8
58,11,moe,654,45,9,0,0,0,0,0,9,0,698,8,8,0,8
58,12,moe,737,34,9,0,0,0,0,0,9,0,751,8,8,0,8
58,13,moe,817,36,4500,1451,1451,2831,125,0,93,0,631,8,6,2,8
58,14,moe,763,39,9,0,0,0,0,0,9,0,742,8,8,0,8
58,15,moe,660,35,4626,2573,2574,1874,119,0,59,0,744,8,6,2,8
58,16,moe,744,43,2180,1108,1108,832,173,0,67,0,633,8,7,1,8
58,17,moe,810,37,2258,1291,1291,767,177,0,23,0,667,8,7,1,8
58,18,moe,749,36,10,0,0,0,0,0,10,0,746,8,8,0,8
58,19,moe,658,34,6375,3254,3254,2291,787,0,43,0,646,8,5,3,8
58,20,moe,739,36,1140,306,306,761,51,0,22,0,638,8,7,1,8
58,21,moe,810,37,1441,329,329,982,63,0,67,0,754,8,7,1,8
58,22,moe,818,39,3607,1535,1535,1574,401,0,97,0,633,8,6,2,8
58,23,moe,658,34,3136,1053,1053,1899,116,0,68,0,751,8,6,2,8
58,24,moe,833,38,2427,1463,1463,885,58,0,21,0,755,8,7,1,8
58,25,moe,812,35,2587,661,661,1775,120,0,31,0,768,8,6,2,8
58,26,moe,669,37,5833,2842,2842,2685,267,0,39,0,743,8,5,3,8
58,-1,epi,0,0,0,0,0,0,0,0,5933,0,0,0,0,0,0
59,-2,pre,89,0,0,0,0,0,0,0,0,0,0,0,0,0,0
59,0,dense,1494,31,0,0,0,0,0,0,0,0,0,0,0,0,0
59,1,moe,843,30,9,0,0,0,0,0,9,0,1305,8,8,0,8
59,2,moe,762,30,3512,1265,1265,1607,617,0,23,0,756,8,7,1,8
59,3,moe,692,32,3644,1597,1597,1855,154,0,38,0,799,8,6,2,8
59,4,moe,735,36,11,0,1,0,0,0,10,0,627,8,8,0,8
59,5,moe,827,35,10,0,0,0,0,0,10,0,645,8,8,0,8
59,6,moe,736,35,2783,1782,1782,908,68,0,25,0,801,8,7,1,8
59,7,moe,660,34,2354,1220,1220,829,242,0,63,0,639,8,7,1,8
59,8,moe,778,39,11,0,0,0,0,0,11,0,657,8,8,0,8
59,9,moe,820,35,2728,327,327,1711,621,0,69,0,760,8,7,1,8
59,10,moe,745,36,2084,1132,1132,827,52,0,73,0,640,8,7,1,8
59,11,moe,673,34,2022,1185,1185,766,51,0,20,0,638,8,7,1,8
59,12,moe,745,39,1448,313,313,989,84,0,62,0,760,8,7,1,8
59,13,moe,823,35,4668,2306,2306,1571,722,0,69,0,640,8,6,2,8
59,14,moe,743,36,4542,1698,1698,1529,1285,0,30,0,639,8,6,2,8
59,15,moe,661,34,2132,334,334,1004,727,0,67,0,766,8,7,1,8
59,16,moe,760,38,3510,1765,1765,1580,97,0,68,0,649,8,6,2,8
59,17,moe,832,36,2651,1197,1197,1382,51,0,21,0,1051,8,7,1,8
59,18,moe,747,34,3562,1223,1223,1736,545,0,58,0,747,8,7,1,8
59,19,moe,663,32,6325,3233,3234,2893,118,0,80,0,941,8,6,2,8
59,20,moe,732,32,6020,2701,2701,2294,984,0,41,0,629,8,5,3,8
59,21,moe,805,40,7614,3332,3332,3633,541,0,108,0,752,8,4,4,8
59,22,moe,812,40,13633,4533,4533,8355,624,0,121,0,620,8,2,6,8
59,23,moe,649,37,9004,3881,3881,4541,488,0,94,0,739,8,3,5,8
59,24,moe,810,35,9536,2564,2564,6462,463,0,47,0,735,8,4,4,8
59,25,moe,806,32,9581,3605,3606,5337,574,0,64,0,739,8,2,6,8
59,26,moe,652,32,13203,3201,3202,9590,343,0,68,0,729,8,2,6,8
59,-1,epi,0,0,0,0,0,0,0,0,5789,0,0,0,0,0,0
60,-2,pre,73,0,0,0,0,0,0,0,0,0,0,0,0,0,0
60,0,dense,1452,37,0,0,0,0,0,0,0,0,0,0,0,0,0
60,1,moe,814,35,2905,1342,1342,882,659,0,22,0,746,8,7,1,8
60,2,moe,746,35,2910,1386,1386,884,620,0,20,0,747,8,7,1,8
60,3,moe,673,38,7456,3545,3545,3602,255,0,54,0,749,8,4,4,8
60,4,moe,749,39,3471,1857,1857,831,708,0,75,0,1274,8,7,1,8
60,5,moe,846,40,1993,1132,1132,762,63,0,36,0,631,8,7,1,8
60,6,moe,742,35,9,0,0,0,0,0,9,0,745,8,8,0,8
60,7,moe,654,34,8,0,0,0,0,0,8,0,640,8,8,0,8
60,8,moe,739,34,4148,2473,2473,1524,116,0,35,0,630,8,6,2,8
60,9,moe,805,35,2343,1209,1209,994,71,0,69,0,758,8,7,1,8
60,10,moe,734,33,2335,1361,1361,847,63,0,64,0,640,8,7,1,8
60,11,moe,650,34,2160,1153,1153,771,216,0,20,0,628,8,7,1,8
60,12,moe,735,34,2329,1197,1197,1003,61,0,68,0,760,8,7,1,8
60,13,moe,804,36,9,0,0,0,0,0,9,0,673,8,8,0,8
60,14,moe,744,34,2379,583,584,1606,103,0,86,0,636,8,6,2,8
60,15,moe,660,33,4034,1006,1006,2775,180,0,73,0,766,8,5,3,8
60,16,moe,742,34,8,0,0,0,0,0,8,0,1002,8,8,0,8
60,17,moe,821,39,2193,1235,1235,843,51,0,64,0,632,8,7,1,8
60,18,moe,739,37,8,0,0,0,0,0,8,0,807,8,8,0,8
60,19,moe,661,32,4496,2670,2670,1519,278,0,29,0,623,8,6,2,8
60,20,moe,769,32,2860,1144,1144,767,931,0,18,0,625,8,7,1,8
60,21,moe,810,33,4034,961,962,2800,182,0,90,0,750,8,5,3,8
60,22,moe,810,33,3201,1425,1425,1591,108,0,77,0,625,8,6,2,8
60,23,moe,671,36,6787,2487,2487,3650,569,0,81,0,746,8,4,4,8
60,24,moe,800,32,10846,3922,3922,6458,421,0,45,0,746,8,4,4,8
60,25,moe,801,33,2568,658,658,1766,112,0,32,0,744,8,6,2,8
60,26,moe,649,33,2551,644,644,1765,115,0,27,0,751,8,6,2,8
60,-1,epi,0,0,0,0,0,0,0,0,5907,0,0,0,0,0,0
61,-2,pre,47,0,0,0,0,0,0,0,0,0,0,0,0,0,0
61,0,dense,1480,40,0,0,0,0,0,0,0,0,0,0,0,0,0
61,1,moe,828,41,3134,1312,1312,891,899,0,32,0,757,8,7,1,8
61,2,moe,749,37,7248,2461,2461,1786,2970,0,31,0,1401,8,6,2,8
61,3,moe,648,32,3859,987,987,2657,178,0,37,0,745,8,5,3,8
61,4,moe,734,33,3359,1563,1563,1590,114,0,92,0,633,8,6,2,8
61,5,moe,812,36,2767,1244,1244,760,743,0,20,0,640,8,7,1,8
61,6,moe,744,36,9,0,0,0,0,0,9,0,753,8,8,0,8
61,7,moe,655,32,2618,1145,1145,1381,74,0,18,0,628,8,7,1,8
61,8,moe,733,32,9,0,0,0,0,0,9,0,627,8,8,0,8
61,9,moe,806,33,9,0,0,0,0,0,9,0,750,8,8,0,8
61,10,moe,739,33,9,0,0,0,0,0,9,0,1073,8,8,0,8
61,11,moe,677,33,2130,1261,1261,765,80,0,24,0,638,8,7,1,8
61,12,moe,749,37,8,0,0,0,0,0,8,0,806,8,8,0,8
61,13,moe,815,33,8,0,0,0,0,0,8,0,638,8,8,0,8
61,14,moe,748,33,2001,1160,1160,766,51,0,24,0,647,8,7,1,8
61,15,moe,665,35,2817,1676,1676,1004,65,0,72,0,1206,8,7,1,8
61,16,moe,748,39,8,0,0,0,0,0,8,0,633,8,8,0,8
61,17,moe,810,32,7809,4926,4926,1615,1186,0,82,0,628,8,6,2,8
61,18,moe,743,36,8161,4513,4513,2767,801,0,80,0,749,8,5,3,8
61,19,moe,659,36,5229,3408,3408,1629,114,0,78,0,628,8,6,2,8
61,20,moe,730,33,7268,3928,3928,3056,238,0,46,0,628,8,4,4,8
61,21,moe,798,36,16554,6261,6261,9547,643,0,103,0,737,8,2,6,8
61,22,moe,812,36,7526,4119,4119,3109,197,0,101,0,616,8,4,4,8
61,23,moe,643,33,7349,3375,3375,3655,230,0,89,0,741,8,4,4,8
61,24,moe,794,34,7461,3459,3459,3535,415,0,52,0,739,8,4,4,8
61,25,moe,810,40,9480,4495,4495,4451,476,0,58,0,747,8,3,5,8
61,26,moe,650,35,9042,3133,3135,5325,517,0,65,0,747,8,2,6,8
61,-1,epi,0,0,0,0,0,0,0,0,5817,0,0,0,0,0,0
62,-2,pre,48,0,0,0,0,0,0,0,0,0,0,0,0,0,0
62,0,dense,1462,37,0,0,0,0,0,0,0,0,0,0,0,0,0
62,1,moe,835,37,10,0,0,0,0,0,10,0,772,8,8,0,8
62,2,moe,797,42,9,0,0,0,0,0,9,0,1099,8,8,0,8
62,3,moe,684,35,8999,6098,6098,2669,174,0,58,0,746,8,5,3,8
62,4,moe,739,39,2227,1270,1270,828,51,0,78,0,627,8,7,1,8
62,5,moe,808,40,10,0,0,0,0,0,10,0,617,8,8,0,8
62,6,moe,747,39,2362,1244,1244,985,71,0,62,0,746,8,7,1,8
62,7,moe,652,32,9,0,0,0,0,0,9,0,626,8,8,0,8
62,8,moe,758,39,2329,1345,1345,846,62,0,76,0,639,8,7,1,8
62,9,moe,807,34,9,0,0,0,0,0,9,0,744,8,8,0,8
62,10,moe,738,40,9,0,0,0,0,0,9,0,631,8,8,0,8
62,11,moe,663,32,3582,1456,1456,1526,565,0,35,0,639,8,6,2,8
62,12,moe,749,36,1481,331,331,1021,59,0,70,0,750,8,7,1,8
62,13,moe,802,33,1599,628,628,848,56,0,67,0,630,8,7,1,8
62,14,moe,742,34,1108,275,275,763,51,0,19,0,656,8,7,1,8
62,15,moe,667,32,8,0,0,0,0,0,8,0,765,8,8,0,8
62,16,moe,748,33,9,0,0,0,0,0,9,0,644,8,8,0,8
62,17,moe,829,38,9,0,0,0,0,0,9,0,651,8,8,0,8
62,18,moe,758,40,2671,1539,1540,999,58,0,74,0,756,8,7,1,8
62,19,moe,659,33,6489,2023,2023,4235,146,0,85,0,634,8,5,3,8
62,20,moe,743,36,2706,1170,1170,1448,64,0,24,0,1358,8,7,1,8
62,21,moe,825,42,7787,2462,2463,5018,197,0,109,0,784,8,5,3,8
62,22,moe,812,38,3667,560,561,2916,106,0,84,0,630,8,6,2,8
62,23,moe,657,33,5235,2149,2149,2756,246,0,84,0,755,8,5,3,8
62,24,moe,834,41,5758,2871,2871,2660,182,0,45,0,752,8,5,3,8
62,25,moe,807,35,6049,1000,1001,4834,170,0,44,0,744,8,5,3,8
62,26,moe,654,46,5167,2291,2291,2657,175,0,44,0,741,8,5,3,8
62,-1,epi,0,0,0,0,0,0,0,0,5885,0,0,0,0,0,0
63,-2,pre,254,0,0,0,0,0,0,0,0,0,0,0,0,0,0
63,0,dense,1461,37,0,0,0,0,0,0,0,0,0,0,0,0,0
63,1,moe,817,34,2282,1294,1294,901,62,1,24,0,758,8,7,1,8
63,2,moe,748,34,7128,3703,3703,2673,710,0,42,0,750,8,5,3,8
63,3,moe,663,35,4571,2592,2592,1828,114,0,37,0,749,8,6,2,8
63,4,moe,732,34,1263,286,286,840,51,0,86,0,638,8,7,1,8
63,5,moe,804,34,3119,1460,1460,1525,101,0,33,0,632,8,6,2,8
63,6,moe,736,35,9,0,0,0,0,1,8,0,746,8,8,0,8
63,7,moe,664,32,3530,1854,1854,1537,105,0,34,0,629,8,6,2,8
63,8,moe,745,35,9,0,0,0,0,0,9,0,631,8,8,0,8
63,9,moe,805,33,1489,330,330,1031,56,1,71,0,754,8,7,1,8
63,10,moe,751,38,8,0,0,0,0,0,8,0,1100,8,8,0,8
63,11,moe,665,33,8,0,0,0,0,0,8,0,644,8,8,0,8
63,12,moe,763,38,6770,3876,3876,2655,190,0,49,0,754,8,5,3,8
63,13,moe,803,36,1252,285,285,835,52,0,80,0,633,8,7,1,8
63,14,moe,756,49,5429,2597,2597,2305,488,0,39,0,628,8,5,3,8
63,15,moe,651,33,3666,1622,1623,1871,116,0,56,0,750,8,6,2,8
63,16,moe,740,33,4528,1460,1460,2872,113,0,83,0,624,8,6,2,8
63,17,moe,803,33,3591,1442,1443,1539,577,0,32,0,627,8,6,2,8
63,18,moe,745,38,3351,1618,1618,990,678,0,65,0,741,8,7,1,8
63,19,moe,657,32,6948,2460,2461,4235,152,0,100,0,618,8,5,3,8
63,20,moe,727,33,1909,287,288,1383,220,0,18,0,620,8,7,1,8
63,21,moe,800,34,3744,1651,1651,1898,120,1,74,0,744,8,6,2,8
63,22,moe,813,36,6795,3356,3356,3139,200,1,99,0,625,8,4,4,8
63,23,moe,657,35,8,0,0,0,0,0,8,0,744,8,8,0,8
63,24,moe,804,34,7644,2711,2711,4538,289,0,106,0,755,8,3,5,8
63,25,moe,804,37,10802,4054,4054,6467,225,0,56,0,750,8,4,4,8
63,26,moe,647,34,4939,1570,1570,3226,116,0,27,0,733,8,6,2,8
63,-1,epi,0,0,0,0,0,0,0,0,5844,0,0,0,0,0,0
64,-2,pre,56,0,0,0,0,0,0,0,0,0,0,0,0,0,0
64,0,dense,1473,37,0,0,0,0,0,0,0,0,0,0,0,0,0
64,1,moe,822,36,10,0,0,0,0,1,9,0,766,8,8,0,8
64,2,moe,751,34,9,0,0,0,0,0,9,0,778,8,8,0,8
64,3,moe,680,34,6491,2656,2656,3554,229,0,52,0,758,8,4,4,8
64,4,moe,749,34,9,0,0,0,0,0,9,0,644,8,8,0,8
64,5,moe,820,34,1935,287,287,1512,50,0,86,0,643,8,7,1,8
64,6,moe,746,33,8,0,0,0,0,0,8,0,1293,8,8,0,8
64,7,moe,671,32,2601,941,941,1527,104,0,29,0,639,8,6,2,8
64,8,moe,705,41,4304,2626,2626,1520,122,0,36,0,634,8,6,2,8
64,9,moe,843,40,6714,3497,3497,2768,353,0,96,0,744,8,5,3,8
64,10,moe,733,35,10,0,0,0,0,0,10,0,627,8,8,0,8
64,11,moe,655,33,1237,285,285,828,50,0,74,0,625,8,7,1,8
64,12,moe,727,34,2327,1221,1221,992,57,1,56,0,751,8,7,1,8
64,13,moe,815,37,1711,300,300,832,516,0,63,0,632,8,7,1,8
64,14,moe,740,35,3121,1475,1475,1516,100,0,30,0,631,8,6,2,8
64,15,moe,654,32,8,0,0,0,0,0,8,0,754,8,8,0,8
64,16,moe,737,32,8,0,0,0,0,0,8,0,648,8,8,0,8
64,17,moe,823,38,2462,1162,1162,768,509,0,23,0,630,8,7,1,8
64,18,moe,743,34,8,0,0,0,0,0,8,0,759,8,8,0,8
64,19,moe,673,33,2214,558,558,1518,108,0,30,0,652,8,6,2,8
64,20,moe,742,34,9,0,0,0,0,0,9,0,642,8,8,0,8
64,21,moe,823,35,6836,2849,2849,3659,225,0,103,0,755,8,4,4,8
64,22,moe,806,36,3943,1313,1313,2380,151,0,99,0,644,8,5,3,8
64,23,moe,660,32,1396,301,301,982,59,0,54,0,747,8,7,1,8
64,24,moe,830,46,6214,3106,3106,2659,412,0,37,0,768,8,5,3,8
64,25,moe,806,33,3492,1569,1570,1773,119,0,30,0,746,8,6,2,8
64,26,moe,662,28,5939,2097,2097,3562,229,0,51,0,754,8,4,4,8
64,-1,epi,0,0,0,0,0,0,0,0,5956,0,0,0,0,0,0
65,-2,pre,1244,0,0,0,0,0,0,0,0,0,0,0,0,0,0
65,0,dense,1469,44,0,0,0,0,0,0,0,0,0,0,0,0,0
65,1,moe,837,37,8223,4932,4932,2668,584,0,39,0,753,8,5,3,8
65,2,moe,733,36,7006,3517,3517,2677,771,0,41,0,761,8,5,3,8
65,3,moe,671,36,1314,344,344,890,59,0,21,0,752,8,7,1,8
65,4,moe,735,33,4856,2278,2278,1614,890,0,74,0,641,8,6,2,8
65,5,moe,815,36,10,0,0,0,0,0,10,0,645,8,8,0,8
65,6,moe,740,36,5092,2411,2412,1934,662,0,84,0,752,8,6,2,8
65,7,moe,667,37,3952,2170,2170,1591,110,0,81,0,630,8,6,2,8
65,8,moe,729,34,9,0,0,0,0,0,9,0,644,8,8,0,8
65,9,moe,804,35,9,0,0,0,0,0,9,0,751,8,8,0,8
65,10,moe,739,34,3955,2289,2289,1525,107,0,34,0,641,8,6,2,8
65,11,moe,658,33,5769,3302,3302,2278,146,0,43,0,631,8,5,3,8
65,12,moe,731,33,2370,1240,1240,1001,60,0,69,0,749,8,7,1,8
65,13,moe,796,34,2750,1356,1356,834,495,0,65,0,622,8,7,1,8
65,14,moe,733,33,3258,1429,1429,1525,272,0,32,0,634,8,6,2,8
65,15,moe,663,32,7824,3603,3603,3660,467,0,94,0,749,8,4,4,8
65,16,moe,730,35,4104,2326,2326,1592,104,0,82,0,624,8,6,2,8
65,17,moe,819,50,5865,3380,3381,2286,151,0,47,0,627,8,5,3,8
65,18,moe,728,34,9862,4809,4809,3680,1276,0,97,0,746,8,4,4,8
65,19,moe,650,36,9595,3706,3706,5409,350,0,130,0,635,8,1,7,8
65,20,moe,733,34,3950,2289,2289,1527,100,0,34,0,626,8,6,2,8
65,21,moe,799,35,6807,3774,3774,2768,172,0,93,0,742,8,5,3,8
65,22,moe,799,35,11147,6069,6069,4662,297,0,119,0,626,8,2,6,8
65,23,moe,661,37,4611,2532,2532,1894,113,0,72,0,736,8,6,2,8
65,24,moe,797,37,6954,3120,3121,3551,231,0,51,0,747,8,4,4,8
65,25,moe,4035,36,6424,3550,3551,2666,169,0,38,0,740,8,5,3,8
65,26,moe,656,34,2171,1203,1203,888,59,0,21,0,739,8,7,1,8
65,-1,epi,0,0,0,0,0,0,0,0,5854,0,0,0,0,0,0
66,-2,pre,44,0,0,0,0,0,0,0,0,0,0,0,0,0,0
66,0,dense,1461,38,0,0,0,0,0,0,0,0,0,0,0,0,0
66,1,moe,810,35,6913,4039,4039,2654,175,0,45,0,753,8,5,3,8
66,2,moe,738,34,10,0,0,0,0,0,10,0,765,8,8,0,8
66,3,moe,668,36,4360,2451,2451,1766,113,0,30,0,746,8,6,2,8
66,4,moe,740,33,3393,1603,1603,1595,102,0,93,0,631,8,6,2,8
66,5,moe,802,34,8,0,0,0,0,0,8,0,625,8,8,0,8
66,6,moe,734,32,8,0,0,0,0,0,8,0,1181,8,8,0,8
66,7,moe,656,30,8,0,0,0,0,0,8,0,627,8,8,0,8
66,8,moe,753,35,2080,1228,1228,775,53,0,24,0,671,8,7,1,8
66,9,moe,1133,44,2459,1322,1322,994,62,0,81,0,790,8,7,1,8
66,10,moe,720,39,10,0,0,0,0,0,10,0,629,8,8,0,8
66,11,moe,682,34,6950,3450,3450,3177,205,0,118,0,640,8,4,4,8
66,12,moe,738,36,1461,327,327,999,63,0,72,0,764,8,7,1,8
66,13,moe,824,41,1264,293,293,855,49,0,67,0,652,8,7,1,8
66,14,moe,749,36,9,0,0,0,0,0,9,0,644,8,8,0,8
66,15,moe,675,33,3746,1663,1664,1906,115,0,61,0,760,8,6,2,8
66,16,moe,746,36,3866,2093,2093,1583,101,1,88,0,634,8,6,2,8
66,17,moe,808,39,2614,925,925,1551,106,0,32,0,638,8,6,2,8
66,18,moe,751,40,2469,1357,1357,983,63,0,66,0,754,8,7,1,8
66,19,moe,674,35,3229,1450,1450,1609,98,0,72,0,634,8,6,2,8
66,20,moe,735,36,9,0,0,0,0,0,9,0,643,8,8,0,8
66,21,moe,804,35,2708,625,625,1891,112,0,80,0,769,8,6,2,8
66,22,moe,822,37,1204,280,280,813,48,0,63,0,650,8,7,1,8
66,23,moe,668,34,4052,1983,1983,1893,116,0,60,0,752,8,6,2,8
66,24,moe,813,37,3628,1710,1710,1771,116,0,31,0,749,8,6,2,8
66,25,moe,817,40,3588,1666,1666,1776,116,0,30,0,748,8,6,2,8
66,26,moe,660,49,3631,1706,1706,1777,116,0,32,0,746,8,6,2,8
66,-1,epi,0,0,0,0,0,0,0,0,5963,0,0,0,0,0,0
67,-2,pre,223,0,0,0,0,0,0,0,0,0,0,0,0,0,0
67,0,dense,1489,38,0,0,0,0,0,0,0,0,0,0,0,0,0
67,1,moe,841,40,8127,4113,4113,3550,414,0,50,0,762,8,4,4,8
67,2,moe,746,33,2745,1218,1218,889,612,1,25,0,750,8,7,1,8
67,3,moe,654,32,9074,5226,5228,3562,232,0,52,0,751,8,4,4,8
67,4,moe,733,33,3706,1706,1707,1606,301,0,92,0,630,8,6,2,8
67,5,moe,807,35,5994,3321,3321,2295,341,0,37,0,631,8,5,3,8
67,6,moe,726,34,9,0,0,0,0,0,9,0,739,8,8,0,8
67,7,moe,654,32,1949,1105,1105,770,52,0,22,0,632,8,7,1,8
67,8,moe,735,35,3998,2339,2340,1524,101,0,33,0,631,8,6,2,8
67,9,moe,808,37,8,0,0,0,0,0,8,0,754,8,8,0,8
67,10,moe,735,33,8377,4215,4215,3067,1045,0,50,0,646,8,4,4,8
67,11,moe,665,35,6351,3058,3059,3045,196,0,51,0,630,8,4,4,8
67,12,moe,731,34,1796,654,654,1003,61,0,78,0,744,8,7,1,8
67,13,moe,802,34,4082,2314,2315,1592,98,1,76,0,625,8,6,2,8
67,14,moe,736,34,1979,1141,1141,769,48,0,21,0,628,8,7,1,8
67,15,moe,655,31,8340,4298,4299,3688,257,0,96,0,746,8,4,4,8
67,16,moe,733,36,3519,1722,1723,1596,117,0,83,0,625,8,6,2,8
67,17,moe,805,37,5002,2512,2512,2293,155,0,42,0,630,8,5,3,8
67,18,moe,724,36,2295,1186,1186,986,60,0,63,0,744,8,7,1,8
67,19,moe,663,32,6020,2320,2321,3150,438,0,111,0,634,8,4,4,8
67,20,moe,732,37,3894,2230,2230,1525,102,0,37,0,630,8,6,2,8
67,21,moe,800,36,8546,3577,3577,4578,284,0,107,0,745,8,3,5,8
67,22,moe,794,40,5931,3322,3322,2362,160,0,87,0,630,8,5,3,8
67,23,moe,654,39,7997,4051,4051,3636,227,0,83,0,741,8,4,4,8
67,24,moe,808,32,8580,3793,3793,4432,296,0,59,0,750,8,3,5,8
67,25,moe,799,34,6764,3890,3890,2657,174,1,42,0,742,8,5,3,8
67,26,moe,654,34,10008,5241,5241,4423,288,0,56,0,750,8,3,5,8
67,-1,epi,0,0,0,0,0,0,0,0,5825,0,0,0,0,0,0
68,-2,pre,920,0,0,0,0,0,0,0,0,0,0,0,0,0,0
68,0,dense,1458,38,0,0,0,0,0,0,0,0,0,0,0,0,0
68,1,moe,819,41,11130,6102,6102,4457,513,0,58,0,755,8,3,5,8
68,2,moe,727,35,4365,2421,2422,1784,127,0,32,0,749,8,6,2,8
68,3,moe,657,34,4403,2453,2453,1784,134,0,32,0,741,8,6,2,8
68,4,moe,730,35,7802,4367,4367,3116,207,0,112,0,626,8,4,4,8
68,5,moe,798,35,10,0,1,0,0,0,9,0,617,8,8,0,8
68,6,moe,728,33,2405,1267,1267,995,70,1,72,0,745,8,7,1,8
68,7,moe,651,34,9,0,0,0,0,0,9,0,627,8,8,0,8
68,8,moe,730,33,8,0,0,0,0,0,8,0,626,8,8,0,8
68,9,moe,805,33,2249,1288,1288,883,57,0,21,0,743,8,7,1,8
68,10,moe,743,32,3459,1504,1504,1607,260,0,88,0,624,8,6,2,8
68,11,moe,659,33,4466,1989,1989,2287,151,0,39,0,628,8,5,3,8
68,12,moe,729,34,1474,339,339,1013,57,0,65,0,749,8,7,1,8
68,13,moe,814,37,2071,1116,1116,830,49,0,76,0,629,8,7,1,8
68,14,moe,728,34,1981,1149,1149,762,50,0,20,0,627,8,7,1,8
68,15,moe,650,33,3537,1480,1480,1872,113,0,72,0,747,8,6,2,8
68,16,moe,728,33,8,0,0,0,0,0,8,0,625,8,8,0,8
68,17,moe,807,32,2220,1266,1266,827,55,0,72,0,632,8,7,1,8
68,18,moe,731,42,8,0,0,0,0,0,8,0,744,8,8,0,8
68,19,moe,667,31,4224,1754,1754,2283,147,0,40,0,642,8,5,3,8
68,20,moe,737,36,1965,1125,1125,766,52,0,22,0,630,8,7,1,8
68,21,moe,802,35,9,0,0,0,0,0,9,0,745,8,8,0,8
68,22,moe,808,35,2226,557,557,1535,103,0,31,0,673,8,6,2,8
68,23,moe,673,33,1465,324,324,1009,59,0,73,0,756,8,7,1,8
68,24,moe,821,35,4487,2575,2575,1770,113,0,29,0,750,8,6,2,8
68,25,moe,809,34,4988,2111,2111,2662,168,1,46,0,764,8,5,3,8
68,26,moe,656,34,5012,2146,2146,2659,170,0,37,0,750,8,5,3,8
68,-1,epi,0,0,0,0,0,0,0,0,5939,0,0,0,0,0,0
69,-2,pre,46,0,0,0,0,0,0,0,0,0,0,0,0,0,0
69,0,dense,1499,34,0,0,0,0,0,0,0,0,0,0,0,0,0
69,1,moe,826,45,3545,1630,1630,1769,112,0,34,0,758,8,6,2,8
69,2,moe,752,35,9,0,0,0,0,0,9,0,763,8,8,0,8
69,3,moe,669,33,6008,2945,2945,2660,363,0,40,0,755,8,5,3,8
69,4,moe,729,33,2170,1181,1181,854,53,0,82,0,639,8,7,1,8
69,5,moe,808,36,9,0,0,0,0,0,9,0,643,8,8,0,8
69,6,moe,738,37,10,0,0,0,0,0,10,0,760,8,8,0,8
69,7,moe,695,32,3888,2229,2229,1528,102,0,29,0,633,8,6,2,8
69,8,moe,730,34,1621,591,591,767,241,0,22,0,633,8,7,1,8
69,9,moe,816,35,8,0,0,0,0,0,8,0,756,8,8,0,8
69,10,moe,747,36,4259,2589,2589,1521,114,0,35,0,634,8,6,2,8
69,11,moe,672,37,3085,1432,1432,1519,103,0,31,0,633,8,6,2,8
69,12,moe,731,33,9,0,0,0,0,0,9,0,751,8,8,0,8
69,13,moe,811,32,8,0,0,0,0,0,8,0,642,8,8,0,8
69,14,moe,741,35,1122,284,285,768,49,0,20,0,644,8,7,1,8
69,15,moe,670,31,1776,644,644,1000,57,0,75,0,770,8,7,1,8
69,16,moe,750,33,8,0,0,0,0,0,8,0,633,8,8,0,8
69,17,moe,820,32,8,0,0,0,0,0,8,0,651,8,8,0,8
69,18,moe,777,33,8,0,0,0,0,0,8,0,778,8,8,0,8
69,19,moe,694,36,9,0,1,0,0,0,8,0,658,8,8,0,8
69,20,moe,758,35,5420,4443,4443,839,53,0,85,0,636,8,7,1,8
69,21,moe,811,36,2547,1389,1389,1029,57,0,72,0,745,8,7,1,8
69,22,moe,802,32,9,0,0,0,0,0,9,0,627,8,8,0,8
69,23,moe,667,31,7,0,0,0,0,0,7,0,761,8,8,0,8
69,24,moe,824,40,1287,320,320,887,58,0,22,0,770,8,7,1,8
69,25,moe,824,38,1328,348,348,883,60,0,37,0,759,8,7,1,8
69,26,moe,678,33,2247,1275,1275,894,58,0,20,0,768,8,7,1,8
69,-1,epi,0,0,0,0,0,0,0,0,6078,0,0,0,0,0,0
70,-2,pre,78,0,0,0,0,0,0,0,0,0,0,0,0,0,0
70,0,dense,1503,37,0,0,0,0,0,0,0,0,0,0,0,0,0
70,1,moe,847,35,3597,1669,1669,1775,119,0,34,0,811,8,6,2,8
70,2,moe,762,38,22,0,0,0,0,0,22,0,771,8,8,0,8
70,3,moe,683,31,5785,2891,2892,2666,186,0,41,0,761,8,5,3,8
70,4,moe,741,34,1582,629,629,842,50,0,61,0,642,8,7,1,8
70,5,moe,814,36,2037,1193,1193,773,51,0,20,0,640,8,7,1,8
70,6,moe,750,41,9,0,0,0,0,0,9,0,769,8,8,0,8
70,7,moe,678,32,1930,1096,1096,765,50,0,19,0,639,8,7,1,8
70,8,moe,737,33,1991,1150,1150,770,50,0,21,0,640,8,7,1,8
70,9,moe,817,31,8,0,0,0,0,0,8,0,757,8,8,0,8
70,10,moe,741,33,4065,2417,2417,1517,100,0,31,0,644,8,6,2,8
70,11,moe,667,32,3160,1460,1460,1556,113,0,31,0,672,8,6,2,8
70,12,moe,749,43,6119,2474,2474,3413,131,0,101,0,838,8,6,2,8
70,13,moe,817,36,4056,2214,2215,1640,106,0,95,0,660,8,6,2,8
70,14,moe,762,39,2861,1231,1231,1376,233,0,21,0,652,8,7,1,8
70,15,moe,662,34,2193,346,346,1711,56,0,80,0,760,8,7,1,8
70,16,moe,745,35,9,0,0,0,0,0,9,0,642,8,8,0,8
70,17,moe,828,39,9,0,0,0,0,0,9,0,656,8,8,0,8
70,18,moe,746,35,1869,335,335,885,625,0,24,0,767,8,7,1,8
70,19,moe,677,28,9,0,0,0,0,0,9,0,668,8,8,0,8
70,20,moe,754,33,2364,1203,1203,853,230,0,78,0,649,8,7,1,8
70,21,moe,831,29,9,0,0,0,0,0,9,0,769,8,8,0,8
70,22,moe,825,32,1724,274,274,1380,51,0,19,0,659,8,7,1,8
70,23,moe,683,28,4736,2644,2644,1898,115,0,79,0,758,8,6,2,8
70,24,moe,828,39,2595,669,669,1769,125,0,32,0,769,8,6,2,8
70,25,moe,822,30,4456,2530,2530,1768,129,1,28,0,766,8,6,2,8
70,26,moe,668,28,2013,323,323,1612,60,0,18,0,755,8,7,1,8
70,-1,epi,0,0,0,0,0,0,0,0,6048,0,0,0,0,0,0
71,-2,pre,85,0,0,0,0,0,0,0,0,0,0,0,0,0,0
71,0,dense,1496,45,0,0,0,0,0,0,0,0,0,0,0,0,0
71,1,moe,843,34,10,0,1,0,0,0,9,0,789,8,8,0,8
71,2,moe,780,36,2687,1694,1695,902,65,0,25,0,783,8,7,1,8
71,3,moe,681,33,4901,2946,2946,1789,134,0,32,0,769,8,6,2,8
71,4,moe,742,36,9,0,0,0,0,0,9,0,641,8,8,0,8
71,5,moe,823,34,3295,1514,1514,1603,102,0,76,0,648,8,6,2,8
71,6,moe,756,35,9,0,0,0,0,0,9,0,771,8,8,0,8
71,7,moe,678,37,2043,1189,1189,777,57,0,20,0,652,8,7,1,8
71,8,moe,745,33,8,0,0,0,0,0,8,0,645,8,8,0,8
71,9,moe,846,36,2177,335,335,1715,74,1,52,0,778,8,7,1,8
71,10,moe,766,37,2306,1362,1362,842,48,0,54,0,636,8,7,1,8
71,11,moe,673,35,1488,657,657,759,50,0,22,0,646,8,7,1,8
71,12,moe,762,35,9,0,0,0,0,0,9,0,773,8,8,0,8
71,13,moe,841,38,1966,1134,1134,761,51,0,20,0,646,8,7,1,8
71,14,moe,757,34,8261,4139,4139,3809,252,1,60,0,641,8,3,5,8
71,15,moe,659,32,1466,333,333,1003,59,0,71,0,762,8,7,1,8
71,16,moe,743,33,5408,4448,4448,841,50,0,69,0,627,8,7,1,8
71,17,moe,822,35,2012,1176,1176,764,50,0,22,0,626,8,7,1,8
71,18,moe,757,33,2369,1233,1233,1005,64,0,67,0,756,8,7,1,8
71,19,moe,670,31,2275,1130,1130,841,235,0,69,0,632,8,7,1,8
71,20,moe,738,33,9,0,0,0,0,0,9,0,635,8,8,0,8
71,21,moe,815,35,9,0,0,0,0,0,9,0,767,8,8,0,8
71,22,moe,816,34,9,0,0,0,0,0,9,0,649,8,8,0,8
71,23,moe,678,48,5278,2241,2241,2771,173,0,93,0,762,8,5,3,8
71,24,moe,832,39,2269,1298,1298,890,60,0,21,0,752,8,7,1,8
71,25,moe,828,41,3089,1397,1397,1611,57,0,24,0,749,8,7,1,8
71,26,moe,661,31,4328,2397,2398,1783,115,0,32,0,754,8,6,2,8
71,-1,epi,0,0,0,0,0,0,0,0,6020,0,0,0,0,0,0
72,-2,pre,206,0,0,0,0,0,0,0,0,0,0,0,0,0,0
72,0,dense,1489,36,0,0,0,0,0,0,0,0,0,0,0,0,0
72,1,moe,846,38,7669,3618,3618,3553,447,0,51,0,758,8,4,4,8
72,2,moe,749,34,6626,3747,3747,2669,168,0,42,0,768,8,5,3,8
72,3,moe,670,32,4850,1923,1923,2700,185,0,42,0,760,8,5,3,8
72,4,moe,741,36,1295,285,285,861,63,0,86,0,640,8,7,1,8
72,5,moe,810,35,1140,286,286,786,49,0,19,0,638,8,7,1,8
72,6,moe,746,35,2870,1223,1223,971,614,0,62,0,757,8,7,1,8
72,7,moe,674,34,2474,1519,1519,838,51,0,66,0,636,8,7,1,8
72,8,moe,752,35,4118,2461,2461,1522,102,0,33,0,639,8,6,2,8
72,9,moe,814,36,4617,2510,2510,1907,123,0,77,0,764,8,6,2,8
72,10,moe,743,37,9,0,0,0,0,0,9,0,630,8,8,0,8
72,11,moe,667,32,4387,1783,1783,2360,154,0,90,0,633,8,5,3,8
72,12,moe,737,33,4539,2453,2453,1890,114,0,82,0,747,8,6,2,8
72,13,moe,809,39,2107,1154,1154,826,51,1,75,0,640,8,7,1,8
72,14,moe,738,36,3739,1887,1887,1541,279,0,32,0,637,8,6,2,8
72,15,moe,656,33,7896,2690,2690,4961,173,0,72,0,746,8,5,3,8
72,16,moe,751,35,5209,2200,2200,2825,101,0,83,0,627,8,6,2,8
72,17,moe,809,40,2190,1168,1168,780,221,0,21,0,631,8,7,1,8
72,18,moe,746,40,3273,1240,1240,1719,253,0,61,0,743,8,7,1,8
72,19,moe,653,34,5323,2266,2266,2874,105,0,78,0,628,8,6,2,8
72,20,moe,742,39,4336,1452,1452,2752,103,0,29,0,622,8,6,2,8
72,21,moe,803,34,7295,2068,2068,4970,166,0,91,0,739,8,5,3,8
72,22,moe,802,33,2175,1231,1231,827,52,0,65,0,629,8,7,1,8
72,23,moe,666,33,2701,652,652,1867,119,0,63,0,747,8,6,2,8
72,24,moe,815,35,3552,1596,1597,1772,141,0,42,0,751,8,6,2,8
72,25,moe,819,36,7442,3369,3370,3567,459,0,46,0,748,8,4,4,8
72,26,moe,662,32,6861,3002,3002,3559,247,0,53,0,746,8,4,4,8
72,-1,epi,0,0,0,0,0,0,0,0,5917,0,0,0,0,0,0
73,-2,pre,3048,0,0,0,0,0,0,0,0,0,0,0,0,0,0
73,0,dense,1471,37,0,0,0,0,0,0,0,0,0,0,0,0,0
73,1,moe,825,34,9563,5303,5303,3541,672,0,47,0,754,8,4,4,8
73,2,moe,736,34,5599,2708,2708,2660,191,0,40,0,746,8,5,3,8
73,3,moe,663,33,7938,2890,2890,4835,172,0,41,0,738,8,5,3,8
73,4,moe,728,35,5293,2277,2277,2824,103,0,89,0,620,8,6,2,8
73,5,moe,797,34,9,0,0,0,0,0,9,0,614,8,8,0,8
73,6,moe,732,34,10,0,0,0,0,0,10,0,738,8,8,0,8
73,7,moe,660,32,2587,1139,1139,1377,49,0,22,0,625,8,7,1,8
73,8,moe,730,32,5391,2330,2330,2747,282,0,32,0,620,8,6,2,8
73,9,moe,798,34,3065,1231,1231,1707,57,0,70,0,748,8,7,1,8
73,10,moe,734,38,5087,2504,2504,2346,150,0,87,0,621,8,5,3,8
73,11,moe,652,32,4298,2639,2639,1534,98,0,27,0,627,8,6,2,8
73,12,moe,728,34,2458,1376,1376,962,57,0,63,0,740,8,7,1,8
73,13,moe,803,35,2161,1216,1216,832,50,0,63,0,627,8,7,1,8
73,14,moe,734,36,7906,3569,3569,4138,148,0,51,0,620,8,5,3,8
73,15,moe,644,33,5085,1592,1592,3305,113,0,75,0,734,8,6,2,8
73,16,moe,731,33,2107,1163,1164,823,52,0,68,0,626,8,7,1,8
73,17,moe,808,36,9,0,0,0,0,0,9,0,628,8,8,0,8
73,18,moe,739,32,8163,2767,2767,4919,393,0,84,0,737,8,5,3,8
73,19,moe,653,32,5154,2552,2552,2358,151,0,93,0,620,8,5,3,8
73,20,moe,730,36,4066,2402,2402,1533,101,0,30,0,621,8,6,2,8
73,21,moe,801,36,6819,3767,3767,2786,176,0,90,0,741,8,5,3,8
73,22,moe,809,39,5413,2582,2584,2380,358,1,90,0,627,8,5,3,8
73,23,moe,685,36,6579,3555,3555,2765,172,0,87,0,754,8,5,3,8
73,24,moe,802,38,8025,4196,4196,3539,230,0,60,0,742,8,4,4,8
73,25,moe,813,207,10039,7144,7144,2680,174,0,41,0,736,8,5,3,8
73,26,moe,651,35,2254,1262,1262,905,67,0,20,0,735,8,7,1,8
73,-1,epi,0,0,0,0,0,0,0,0,5877,0,0,0,0,0,0
74,-2,pre,45,0,0,0,0,0,0,0,0,0,0,0,0,0,0
74,0,dense,1470,40,0,0,0,0,0,0,0,0,0,0,0,0,0
74,1,moe,818,35,2614,1439,1439,883,265,0,27,0,766,8,7,1,8
74,2,moe,761,40,1307,336,336,890,62,0,19,0,764,8,7,1,8
74,3,moe,734,33,2284,1269,1269,916,79,0,20,0,797,8,7,1,8
74,4,moe,747,45,6648,4626,4626,1614,310,0,98,0,693,8,6,2,8
74,5,moe,811,41,10,0,0,0,0,1,9,0,621,8,8,0,8
74,6,moe,740,35,2371,1214,1214,1000,76,0,81,0,741,8,7,1,8
74,7,moe,669,36,9,0,0,0,0,1,8,0,642,8,8,0,8
74,8,moe,748,35,2087,1146,1146,819,51,1,70,0,637,8,7,1,8
74,9,moe,824,47,2341,1246,1246,977,57,0,61,0,748,8,7,1,8
74,10,moe,738,35,9,0,0,0,0,0,9,0,626,8,8,0,8
74,11,moe,666,33,7,0,0,0,0,0,7,0,638,8,8,0,8
74,12,moe,745,40,2910,998,998,1768,113,0,31,0,761,8,6,2,8
74,13,moe,818,42,2118,1152,1152,834,52,0,80,0,662,8,7,1,8
74,14,moe,757,37,5191,2528,2529,2284,338,0,40,0,635,8,5,3,8
74,15,moe,650,32,4512,2439,2439,1870,126,0,77,0,749,8,6,2,8
74,16,moe,738,36,5324,2726,2727,2359,149,0,89,0,632,8,5,3,8
74,17,moe,809,38,3895,2233,2233,1526,106,0,30,0,629,8,6,2,8
74,18,moe,734,35,4764,2495,2495,1869,340,0,60,0,750,8,6,2,8
74,19,moe,652,33,5923,3341,3341,2339,151,0,92,0,630,8,5,3,8
74,20,moe,728,33,4487,1602,1602,2757,98,0,30,0,627,8,6,2,8
74,21,moe,809,40,5099,2091,2092,2741,175,0,91,0,747,8,5,3,8
74,22,moe,803,35,5380,2764,2764,2375,147,0,94,0,665,8,5,3,8
74,23,moe,653,34,6403,2660,2660,3359,329,0,55,0,739,8,6,2,8
74,24,moe,840,36,5337,1958,1958,3235,113,0,31,0,732,8,6,2,8
74,25,moe,800,40,1311,334,334,895,61,0,21,0,745,8,7,1,8
74,26,moe,690,36,2605,659,659,1803,114,0,29,0,746,8,6,2,8
74,-1,epi,0,0,0,0,0,0,0,0,5985,0,0,0,0,0,0
75,-2,pre,70,0,0,0,0,0,0,0,0,0,0,0,0,0,0
75,0,dense,1484,40,0,0,0,0,0,0,0,0,0,0,0,0,0
75,1,moe,830,37,3980,1858,1858,1775,312,0,35,0,759,8,6,2,8
75,2,moe,756,47,10,0,0,0,0,0,10,0,771,8,8,0,8
75,3,moe,672,32,9,0,0,0,0,0,9,0,777,8,8,0,8
75,4,moe,750,33,9,0,0,0,0,0,9,0,648,8,8,0,8
75,5,moe,836,39,2302,1324,1324,843,56,0,79,0,637,8,7,1,8
75,6,moe,757,40,7,0,0,0,0,0,7,0,768,8,8,0,8
75,7,moe,682,31,2050,1218,1218,763,49,0,20,0,641,8,7,1,8
75,8,moe,750,36,1747,299,299,1380,49,0,19,0,642,8,7,1,8
75,9,moe,827,36,9,0,0,0,0,0,9,0,761,8,8,0,8
75,10,moe,745,33,9,0,0,0,0,0,9,0,647,8,8,0,8
75,11,moe,708,35,3459,1804,1804,1521,105,0,29,0,648,8,6,2,8
75,12,moe,758,37,9,0,0,0,0,0,9,0,762,8,8,0,8
75,13,moe,827,34,6012,3539,3539,2288,146,0,39,0,638,8,5,3,8
75,14,moe,760,37,19,0,0,0,0,0,19,0,632,8,8,0,8
75,15,moe,661,32,9,0,0,0,0,0,9,0,758,8,8,0,8
75,16,moe,748,33,5942,3350,3350,2283,267,0,42,0,639,8,5,3,8
75,17,moe,813,35,6329,2006,2007,4128,149,0,45,0,632,8,5,3,8
75,18,moe,747,33,3132,1256,1256,1737,65,0,74,0,748,8,7,1,8
75,19,moe,652,32,6155,1708,1709,4207,146,0,93,0,632,8,5,3,8
75,20,moe,734,33,2628,1148,1149,1402,54,0,23,0,624,8,7,1,8
75,21,moe,809,33,7398,3856,3856,3341,118,0,83,0,744,8,6,2,8
75,22,moe,810,40,9,0,0,0,0,0,9,0,621,8,8,0,8
75,23,moe,665,32,5946,2559,2559,3241,113,0,33,0,739,8,6,2,8
75,24,moe,806,36,2200,1219,1219,898,60,0,23,0,749,8,7,1,8
75,25,moe,811,34,8947,5132,5132,3542,228,0,45,0,744,8,4,4,8
75,26,moe,664,34,3578,1647,1647,1780,117,0,34,0,753,8,6,2,8
75,-1,epi,0,0,0,0,0,0,0,0,5914,0,0,0,0,0,0
76,-2,pre,42,0,0,0,0,0,0,0,0,0,0,0,0,0,0
76,0,dense,1498,38,0,0,0,0,0,0,0,0,0,0,0,0,0
76,1,moe,840,34,10,0,0,0,0,0,10,0,781,8,8,0,8
76,2,moe,760,38,2265,1292,1292,893,59,0,21,0,767,8,7,1,8
76,3,moe,673,32,8,0,0,0,0,0,8,0,768,8,8,0,8
76,4,moe,751,34,3326,1557,1557,1598,98,0,73,0,632,8,6,2,8
76,5,moe,827,35,2046,1202,1202,766,58,0,20,0,634,8,7,1,8
76,6,moe,743,34,8,0,0,0,0,0,8,0,748,8,8,0,8
76,7,moe,691,31,9,0,0,0,0,0,9,0,637,8,8,0,8
76,8,moe,751,34,9,0,0,0,0,0,9,0,656,8,8,0,8
76,9,moe,834,34,4658,2565,2565,1890,118,0,85,0,757,8,6,2,8
76,10,moe,744,42,4026,2268,2268,1576,99,0,83,0,640,8,6,2,8
76,11,moe,675,33,9,0,0,0,0,0,9,0,642,8,8,0,8
76,12,moe,765,33,8,0,0,0,0,0,8,0,752,8,8,0,8
76,13,moe,817,40,3935,2250,2250,1546,105,0,34,0,641,8,6,2,8
76,14,moe,740,30,8,0,0,0,0,0,8,0,640,8,8,0,8
76,15,moe,675,28,4733,2426,2427,1905,313,1,87,0,760,8,6,2,8
76,16,moe,735,31,3408,1632,1632,1591,107,0,78,0,643,8,6,2,8
76,17,moe,819,32,2013,1169,1169,766,50,0,28,0,633,8,7,1,8
76,18,moe,737,29,9,0,0,0,0,0,9,0,756,8,8,0,8
76,19,moe,671,41,3051,1386,1386,1533,99,0,33,0,637,8,6,2,8
76,20,moe,741,28,1133,304,304,761,49,0,19,0,634,8,7,1,8
76,21,moe,810,30,8,0,0,0,0,0,8,0,752,8,8,0,8
76,22,moe,819,257,7667,6005,6005,1523,101,1,37,0,634,8,6,2,8
76,23,moe,659,34,6072,3027,3027,2773,177,0,95,0,750,8,5,3,8
76,24,moe,814,38,7181,3111,3111,3556,468,0,46,0,771,8,4,4,8
76,25,moe,830,36,2580,648,648,1771,131,0,30,0,750,8,6,2,8
76,26,moe,672,39,11243,4367,4367,6452,374,0,50,0,739,8,4,4,8
76,-1,epi,0,0,0,0,0,0,0,0,5893,0,0,0,0,0,0
77,-2,pre,209,0,0,0,0,0,0,0,0,0,0,0,0,0,0
77,0,dense,1475,40,0,0,0,0,0,0,0,0,0,0,0,0,0
77,1,moe,828,34,11,0,0,0,0,0,11,0,773,8,8,0,8
77,2,moe,761,44,2955,1256,1256,1612,64,0,23,0,757,8,7,1,8
77,3,moe,675,39,2529,1552,1552,886,68,0,23,0,756,8,7,1,8
77,4,moe,741,34,8,0,0,0,0,0,8,0,637,8,8,0,8
77,5,moe,820,34,9,0,0,0,0,1,8,0,652,8,8,0,8
77,6,moe,756,34,2516,1522,1522,883,87,0,24,0,766,8,7,1,8
77,7,moe,678,33,2156,1184,1184,843,51,0,78,0,630,8,7,1,8
77,8,moe,740,33,3977,2319,2319,1526,101,0,31,0,644,8,6,2,8
77,9,moe,808,36,3922,1628,1628,1893,323,0,78,0,751,8,6,2,8
77,10,moe,738,33,5967,3843,3843,1578,468,0,78,0,634,8,6,2,8
77,11,moe,653,32,3905,2242,2242,1530,99,1,33,0,630,8,6,2,8
77,12,moe,735,40,4505,2443,2443,1867,117,1,77,0,750,8,6,2,8
77,13,moe,803,33,7622,2952,2952,4260,332,0,78,0,621,8,5,3,8
77,14,moe,731,33,5070,2180,2180,2761,100,0,29,0,629,8,6,2,8
77,15,moe,646,32,7944,2714,2714,4973,167,0,90,0,746,8,5,3,8
77,16,moe,746,40,5391,2359,2359,2852,100,0,80,0,620,8,6,2,8
77,17,moe,827,39,2607,1151,1151,1385,50,0,21,0,622,8,7,1,8
77,18,moe,741,33,10027,3139,3139,6555,236,0,97,0,742,8,4,4,8
77,19,moe,655,33,1883,290,290,1478,50,0,65,0,624,8,7,1,8
77,20,moe,729,32,2654,1209,1209,1374,50,0,21,0,624,8,7,1,8
77,21,moe,812,34,2467,1332,1332,1010,60,0,65,0,742,8,7,1,8
77,22,moe,810,40,1845,280,280,1455,49,0,61,0,623,8,7,1,8
77,23,moe,646,32,3219,1349,1349,1762,58,0,50,0,740,8,7,1,8
77,24,moe,797,33,8772,3745,3746,4819,168,0,39,0,741,8,5,3,8
77,25,moe,796,32,4898,2011,2011,2669,174,0,44,0,745,8,5,3,8
77,26,moe,663,36,2204,1230,1230,894,61,0,19,0,792,8,7,1,8
77,-1,epi,0,0,0,0,0,0,0,0,5921,0,0,0,0,0,0
78,-2,pre,82,0,0,0,0,0,0,0,0,0,0,0,0,0,0
78,0,dense,1480,41,0,0,0,0,0,0,0,0,0,0,0,0,0
78,1,moe,823,36,2381,1228,1228,887,244,0,22,0,758,8,7,1,8
78,2,moe,754,36,10,0,0,0,0,0,10,0,766,8,8,0,8
78,3,moe,680,33,2019,333,333,1607,57,0,22,0,756,8,7,1,8
78,4,moe,751,47,5165,3306,3306,1639,110,0,110,0,696,8,6,2,8
78,5,moe,819,39,5388,2442,2442,2795,112,1,38,0,708,8,6,2,8
78,6,moe,723,39,12,0,0,0,0,0,12,0,746,8,8,0,8
78,7,moe,672,33,3574,1894,1894,1543,103,0,34,0,652,8,6,2,8
78,8,moe,749,37,12,0,0,0,0,0,12,0,646,8,8,0,8
78,9,moe,817,36,10,0,0,0,0,0,10,0,765,8,8,0,8
78,10,moe,752,34,2013,1169,1169,768,52,0,24,0,649,8,7,1,8
78,11,moe,674,33,9,0,0,0,0,0,9,0,648,8,8,0,8
78,12,moe,755,37,3785,1912,1912,1732,57,0,84,0,774,8,7,1,8
78,13,moe,818,37,9,0,0,0,0,0,9,0,648,8,8,0,8
78,14,moe,744,34,2815,1238,1238,1442,54,0,81,0,648,8,7,1,8
78,15,moe,663,34,9,0,0,0,0,0,9,0,764,8,8,0,8
78,16,moe,746,36,9,0,0,0,0,0,9,0,648,8,8,0,8
78,17,moe,823,34,9,0,0,0,0,0,9,0,654,8,8,0,8
78,18,moe,765,46,1465,340,340,1002,58,0,65,0,1047,8,7,1,8
78,19,moe,676,34,4204,2450,2450,1591,102,0,61,0,646,8,6,2,8
78,20,moe,780,36,2067,1231,1231,764,52,0,20,0,655,8,7,1,8
78,21,moe,824,34,3154,1305,1305,1717,60,0,72,0,753,8,7,1,8
78,22,moe,827,35,10119,5671,5671,3917,410,0,121,0,639,8,3,5,8
78,23,moe,671,39,9955,5941,5942,3680,230,0,103,0,759,8,4,4,8
78,24,moe,815,36,5690,2799,2800,2671,174,0,45,0,815,8,5,3,8
78,25,moe,813,36,10,0,0,0,0,0,10,0,760,8,8,0,8
78,26,moe,707,35,2600,656,656,1794,119,0,31,0,859,8,6,2,8
78,-1,epi,0,0,0,0,0,0,0,0,6044,0,0,0,0,0,0
79,-2,pre,56,0,0,0,0,0,0,0,0,0,0,0,0,0,0
79,0,dense,1504,42,0,0,0,0,0,0,0,0,0,0,0,0,0
79,1,moe,838,52,9062,2319,2319,6464,223,0,56,0,768,8,4,4,8
79,2,moe,754,39,8994,3704,3704,4858,391,0,41,0,762,8,5,3,8
79,3,moe,680,37,7927,4058,4058,3575,241,0,53,0,760,8,4,4,8
79,4,moe,735,39,6267,1786,1786,4220,146,0,115,0,629,8,5,3,8
79,5,moe,817,43,1739,292,292,1376,48,0,23,0,626,8,7,1,8
79,6,moe,743,36,2390,1254,1254,997,73,0,66,0,747,8,7,1,8
79,7,moe,673,32,10,0,0,0,0,0,10,0,641,8,8,0,8
79,8,moe,744,36,3250,1443,1443,1609,104,0,94,0,634,8,6,2,8
79,9,moe,812,36,8559,3354,3354,4946,169,0,90,0,752,8,5,3,8
79,10,moe,732,35,4754,1506,1506,2883,281,0,84,0,628,8,6,2,8
79,11,moe,663,32,1718,267,267,1383,49,0,19,0,633,8,7,1,8
79,12,moe,740,40,4683,2626,2627,1866,117,0,73,0,741,8,6,2,8
79,13,moe,806,33,9,0,0,0,0,0,9,0,649,8,8,0,8
79,14,moe,749,39,6290,3676,3676,2380,151,0,83,0,637,8,5,3,8
79,15,moe,667,33,7162,4091,4091,2806,173,1,91,0,764,8,5,3,8
79,16,moe,739,39,7645,3356,3356,3920,251,0,118,0,647,8,3,5,8
79,17,moe,832,38,7661,3519,3519,3829,245,0,68,0,634,8,3,5,8
79,18,moe,734,36,14471,5661,5661,8198,498,0,114,0,742,8,3,5,8
79,19,moe,654,212,13242,8160,8160,4662,298,0,122,0,624,8,2,6,8
79,20,moe,726,36,8892,4559,4559,3822,438,0,73,0,639,8,3,5,8
79,21,moe,796,41,12185,3633,3633,8167,281,0,104,0,735,8,3,5,8
79,22,moe,795,34,11243,6954,6955,3925,253,0,110,0,631,8,3,5,8
79,23,moe,649,32,8039,1970,1970,5417,538,0,114,0,746,8,2,6,8
79,24,moe,803,36,10161,5367,5368,4450,289,0,54,0,740,8,3,5,8
79,25,moe,797,34,15522,4488,4488,10564,398,0,72,0,746,8,1,7,8
79,26,moe,656,33,9751,4020,4020,5317,345,0,69,0,750,8,2,6,8
79,-1,epi,0,0,0,0,0,0,0,0,5784,0,0,0,0,0,0
80,-2,pre,44,0,0,0,0,0,0,0,0,0,0,0,0,0,0
80,0,dense,1476,37,0,0,0,0,0,0,0,0,0,0,0,0,0
80,1,moe,827,37,6468,2634,2636,3553,231,0,48,0,757,8,4,4,8
80,2,moe,742,34,3804,1680,1680,1769,321,0,34,0,757,8,6,2,8
80,3,moe,675,32,3510,1582,1582,1777,119,0,32,0,756,8,6,2,8
80,4,moe,735,33,3309,1508,1508,1618,110,0,73,0,643,8,6,2,8
80,5,moe,808,38,1132,291,291,768,51,0,22,0,637,8,7,1,8
80,6,moe,742,36,2504,1340,1340,1031,69,0,64,0,752,8,7,1,8
80,7,moe,671,36,2211,1220,1220,863,57,0,71,0,637,8,7,1,8
80,8,moe,733,33,9,0,0,0,0,0,9,0,639,8,8,0,8
80,9,moe,805,32,2751,680,680,1863,117,0,91,0,757,8,6,2,8
80,10,moe,735,35,1233,292,292,822,51,0,68,0,642,8,7,1,8
80,11,moe,664,31,5114,2224,2224,2756,99,0,35,0,636,8,6,2,8
80,12,moe,727,32,4256,650,650,3407,113,0,86,0,744,8,6,2,8
80,13,moe,809,33,4636,1611,1611,2846,99,0,80,0,629,8,6,2,8
80,14,moe,741,36,7605,3256,3257,4154,149,1,44,0,616,8,5,3,8
80,15,moe,646,32,9454,2575,2575,6552,227,0,100,0,735,8,4,4,8
80,16,moe,730,38,3721,585,585,2897,164,0,75,0,622,8,6,2,8
80,17,moe,809,36,5064,2590,2590,2284,150,0,40,0,624,8,5,3,8
80,18,moe,728,34,6001,2415,2415,3387,118,0,81,0,731,8,6,2,8
80,19,moe,647,32,6625,3206,3207,3121,197,0,100,0,631,8,4,4,8
80,20,moe,731,35,1989,1143,1143,770,52,0,24,0,629,8,7,1,8
80,21,moe,801,33,6559,2415,2415,3657,391,0,96,0,749,8,4,4,8
80,22,moe,796,32,2754,1135,1135,1500,49,0,70,0,627,8,7,1,8
80,23,moe,654,32,6573,4514,4514,1877,116,0,66,0,791,8,6,2,8
80,24,moe,805,39,2606,672,672,1783,116,0,35,0,747,8,6,2,8
80,25,moe,797,34,12859,4446,4447,8058,284,0,70,0,750,8,3,5,8
80,26,moe,655,39,6195,1166,1166,4818,169,0,42,0,732,8,5,3,8
80,-1,epi,0,0,0,0,0,0,0,0,5794,0,0,0,0,0,0
81,-2,pre,49,0,0,0,0,0,0,0,0,0,0,0,0,0,0
81,0,dense,1473,38,0,0,0,0,0,0,0,0,0,0,0,0,0
81,1,moe,825,34,6915,4032,4033,2665,175,0,42,0,746,8,5,3,8
81,2,moe,732,34,7363,2004,2004,4916,399,0,44,0,796,8,5,3,8
81,3,moe,680,36,12695,3945,3945,8152,526,1,71,0,753,8,3,5,8
81,4,moe,743,40,4597,2003,2003,2357,152,0,85,0,630,8,5,3,8
81,5,moe,813,39,2595,1128,1128,1392,49,0,26,0,624,8,7,1,8
81,6,moe,739,34,10,0,0,0,0,0,10,0,744,8,8,0,8
81,7,moe,661,32,8,0,0,0,0,0,8,0,633,8,8,0,8
81,8,moe,739,41,2622,1170,1170,1382,48,0,22,0,628,8,7,1,8
81,9,moe,803,34,2173,339,339,1722,57,1,54,0,754,8,7,1,8
81,10,moe,733,35,2103,1136,1136,835,52,0,80,0,637,8,7,1,8
81,11,moe,665,37,4328,1420,1420,2769,107,0,32,0,635,8,6,2,8
81,12,moe,734,34,2165,330,330,1708,58,0,69,0,747,8,7,1,8
81,13,moe,804,39,7356,2692,2692,4234,329,0,101,0,630,8,5,3,8
81,14,moe,740,37,2651,990,990,1525,101,0,35,0,634,8,6,2,8
81,15,moe,660,34,9196,3722,3722,4997,390,0,87,0,749,8,5,3,8
81,16,moe,734,38,5316,884,884,4199,154,0,79,0,624,8,5,3,8
81,17,moe,823,40,7350,2947,2948,4134,228,0,40,0,627,8,5,3,8
81,18,moe,746,35,5847,2792,2792,2800,171,0,84,0,743,8,5,3,8
81,19,moe,656,33,8027,2087,2087,5619,209,0,112,0,621,8,4,4,8
81,20,moe,724,34,10592,3221,3222,6895,421,0,54,0,621,8,3,5,8
81,21,moe,792,35,8079,2855,2855,4958,171,0,95,0,744,8,5,3,8
81,22,moe,805,39,8055,2131,2132,5623,196,0,104,0,626,8,4,4,8
81,23,moe,665,74,11729,6760,6760,4544,285,0,140,0,740,8,3,5,8
81,24,moe,814,38,8236,1338,1338,6437,409,0,52,0,737,8,4,4,8
81,25,moe,801,36,10061,1612,1612,8097,297,0,55,0,734,8,3,5,8
81,26,moe,657,37,6396,1618,1618,4431,287,0,60,0,745,8,3,5,8
81,-1,epi,0,0,0,0,0,0,0,0,5771,0,0,0,0,0,0
82,-2,pre,47,0,0,0,0,0,0,0,0,0,0,0,0,0,0
82,0,dense,1177,37,0,0,0,0,0,0,0,0,0,0,0,0,0
82,1,moe,821,37,4999,1644,1644,3210,112,0,33,0,754,8,6,2,8
82,2,moe,737,35,5965,2602,2603,3217,113,1,31,0,740,8,6,2,8
82,3,moe,656,33,7087,2039,2039,4831,173,0,44,0,736,8,5,3,8
82,4,moe,725,33,8169,2257,2257,5594,195,0,123,0,620,8,4,4,8
82,5,moe,798,36,5165,2267,2268,2762,99,0,36,0,609,8,6,2,8
82,6,moe,727,33,8,0,0,0,0,0,8,0,739,8,8,0,8
82,7,moe,656,36,2681,1229,1229,1379,50,0,23,0,621,8,7,1,8
82,8,moe,729,29,9,0,0,0,0,0,9,0,622,8,8,0,8
82,9,moe,798,31,8,0,0,0,0,0,8,0,739,8,8,0,8
82,10,moe,734,28,4578,1495,1495,2754,295,0,34,0,625,8,6,2,8
82,11,moe,658,33,4632,1755,1755,2751,97,0,29,0,629,8,6,2,8
82,12,moe,738,30,2252,343,343,1773,61,0,75,0,739,8,7,1,8
82,13,moe,808,32,3605,583,583,2833,102,1,86,0,632,8,6,2,8
82,14,moe,737,31,1726,279,279,1377,51,0,19,0,628,8,7,1,8
82,15,moe,654,32,11932,5044,5044,6568,224,0,96,0,732,8,4,4,8
82,16,moe,734,33,4658,1612,1613,2861,101,0,83,0,619,8,6,2,8
82,17,moe,829,39,15050,7850,7850,6899,245,0,56,0,612,8,3,5,8
82,18,moe,721,36,3291,1411,1411,1751,57,0,72,0,729,8,7,1,8
82,19,moe,656,33,2699,1120,1120,1463,49,0,67,0,615,8,7,1,8
82,20,moe,739,33,2592,1143,1143,1379,50,0,20,0,620,8,7,1,8
82,21,moe,808,37,4649,1608,1608,2786,173,0,82,0,739,8,5,3,8
82,22,moe,796,33,6512,2009,2009,4257,149,0,97,0,627,8,5,3,8
82,23,moe,645,33,3105,1036,1037,1881,116,0,71,0,739,8,6,2,8
82,24,moe,807,35,1295,332,332,884,59,0,20,0,745,8,7,1,8
82,25,moe,815,40,5006,1639,1640,3222,117,1,26,0,749,8,6,2,8
82,26,moe,664,35,5988,954,954,4828,169,1,36,0,738,8,5,3,8
82,-1,epi,0,0,0,0,0,0,0,0,5784,0,0,0,0,0,0
83,-2,pre,2592,0,0,0,0,0,0,0,0,0,0,0,0,0,0
83,0,dense,1440,39,0,0,0,0,0,0,0,0,0,0,0,0,0
83,1,moe,847,36,4913,2987,2987,1775,118,0,33,0,754,8,6,2,8
83,2,moe,746,38,2905,1215,1215,1613,57,0,20,0,753,8,7,1,8
83,3,moe,657,32,8012,2987,2987,4821,170,0,34,0,736,8,5,3,8
83,4,moe,733,33,10589,4458,4458,5630,382,0,119,0,619,8,4,4,8
83,5,moe,793,36,1982,1141,1141,762,57,0,22,0,629,8,7,1,8
83,6,moe,728,35,4494,2411,2411,1869,129,0,85,0,745,8,6,2,8
83,7,moe,659,33,7164,3712,3712,3136,204,0,112,0,634,8,4,4,8
83,8,moe,739,36,2745,1293,1293,1379,50,0,23,0,621,8,7,1,8
83,9,moe,798,35,3099,1246,1246,1726,56,0,71,0,741,8,7,1,8
83,10,moe,729,34,2948,1363,1363,1470,48,0,67,0,626,8,7,1,8
83,11,moe,644,32,2600,1153,1153,1380,49,0,18,0,618,8,7,1,8
83,12,moe,730,33,7551,3943,3943,3413,117,0,78,0,739,8,6,2,8
83,13,moe,795,35,2754,1188,1188,1443,51,0,72,0,617,8,7,1,8
83,14,moe,732,37,7204,2895,2895,4124,148,0,37,0,617,8,5,3,8
83,15,moe,643,32,4238,655,655,3387,113,0,83,0,732,8,6,2,8
83,16,moe,736,36,9,0,0,0,0,0,9,0,627,8,8,0,8
83,17,moe,816,31,3335,1532,1533,1613,100,0,89,0,634,8,6,2,8
83,18,moe,740,36,4719,2615,2616,1890,118,0,95,0,744,8,6,2,8
83,19,moe,657,31,10086,4169,4169,5610,197,0,110,0,622,8,4,4,8
83,20,moe,726,32,4305,1410,1410,2758,101,0,36,0,628,8,6,2,8
83,21,moe,798,37,3930,1843,1843,1890,115,0,82,0,750,8,6,2,8
83,22,moe,806,34,3574,559,559,2833,97,0,85,0,617,8,6,2,8
83,23,moe,646,32,2298,1194,1194,987,60,0,57,0,744,8,7,1,8
83,24,moe,796,38,4957,2078,2078,2668,175,0,36,0,747,8,5,3,8
83,25,moe,802,37,1399,335,335,885,159,0,20,0,771,8,7,1,8
83,26,moe,689,33,2574,662,662,1767,114,0,31,0,758,8,6,2,8
83,-1,epi,0,0,0,0,0,0,0,0,5733,0,0,0,0,0,0
84,-2,pre,234,0,0,0,0,0,0,0,0,0,0,0,0,0,0
84,0,dense,1429,43,0,0,0,0,0,0,0,0,0,0,0,0,0
84,1,moe,813,41,2924,1202,1202,1631,65,0,26,0,796,8,7,1,8
84,2,moe,767,38,2297,1272,1272,922,78,0,25,0,765,8,7,1,8
84,3,moe,678,39,5979,2582,2583,3243,116,0,37,0,757,8,6,2,8
84,4,moe,740,38,11211,6694,6694,4258,149,0,110,0,626,8,5,3,8
84,5,moe,804,38,2662,1193,1193,1388,56,1,24,0,622,8,7,1,8
84,6,moe,740,36,6444,2896,2897,3348,113,0,86,0,746,8,6,2,8
84,7,moe,651,38,5449,2459,2459,2805,98,0,87,0,620,8,6,2,8
84,8,moe,727,34,2664,1205,1205,1388,49,0,22,0,619,8,7,1,8
84,9,moe,803,40,5187,1611,1611,3372,126,0,78,0,739,8,6,2,8
84,10,moe,727,34,7968,3483,3483,4240,149,0,96,0,615,8,5,3,8
84,11,moe,657,38,4404,1509,1509,2766,98,0,31,0,617,8,6,2,8
84,12,moe,733,51,2338,1211,1211,992,58,0,77,0,742,8,7,1,8
84,13,moe,807,35,2071,1103,1103,842,50,0,76,0,629,8,7,1,8
84,14,moe,731,35,5229,2749,2749,2288,152,0,40,0,627,8,5,3,8
84,15,moe,659,33,3121,1252,1252,1744,58,1,66,0,741,8,7,1,8
84,16,moe,732,33,2794,1174,1174,1498,51,0,71,0,624,8,7,1,8
84,17,moe,801,36,1914,1077,1077,764,51,0,22,0,625,8,7,1,8
84,18,moe,724,33,5925,2379,2380,3350,114,0,81,0,742,8,6,2,8
84,19,moe,644,33,7159,3718,3719,3131,203,0,106,0,622,8,4,4,8
84,20,moe,727,41,3926,2262,2262,1531,102,0,31,0,623,8,6,2,8
84,21,moe,803,41,13153,4606,4607,8147,287,0,112,0,742,8,3,5,8
84,22,moe,791,35,5457,2448,2448,2823,97,0,89,0,622,8,6,2,8
84,23,moe,648,37,4537,2448,2448,1893,116,1,79,0,738,8,6,2,8
84,24,moe,808,35,10317,3600,3600,6440,225,0,52,0,754,8,4,4,8
84,25,moe,800,35,9254,4070,4070,4816,324,0,44,0,734,8,5,3,8
84,26,moe,648,32,5170,1807,1808,3219,112,0,31,0,733,8,6,2,8
84,-1,epi,0,0,0,0,0,0,0,0,5765,0,0,0,0,0,0
85,-2,pre,57,0,0,0,0,0,0,0,0,0,0,0,0,0,0
85,0,dense,1457,43,0,0,0,0,0,0,0,0,0,0,0,0,0
85,1,moe,820,40,3026,1339,1339,1606,58,0,23,0,749,8,7,1,8
85,2,moe,743,37,6066,2695,2695,3226,112,0,33,0,741,8,6,2,8
85,3,moe,653,33,8206,3161,3161,4837,168,0,40,0,748,8,5,3,8
85,4,moe,726,34,6337,2884,2884,3137,200,0,116,0,631,8,4,4,8
85,5,moe,801,35,1133,299,299,765,51,0,18,0,627,8,7,1,8
85,6,moe,728,35,10,0,0,0,0,0,10,0,741,8,8,0,8
85,7,moe,660,33,4153,3309,3309,774,49,0,21,0,631,8,7,1,8
85,8,moe,740,35,1727,276,276,1380,51,0,20,0,624,8,7,1,8
85,9,moe,807,38,9,0,0,0,0,0,9,0,758,8,8,0,8
85,10,moe,738,39,8,0,0,0,0,0,8,0,644,8,8,0,8
85,11,moe,668,33,8,0,0,0,0,0,8,0,645,8,8,0,8
85,12,moe,746,32,6230,2689,2689,3337,116,0,88,0,741,8,6,2,8
85,13,moe,817,34,8,0,0,0,0,0,8,0,636,8,8,0,8
85,14,moe,799,33,10164,5686,5686,4219,148,0,111,0,615,8,5,3,8
85,15,moe,651,33,2362,1238,1238,999,60,0,65,0,758,8,7,1,8
85,16,moe,725,34,1237,290,290,828,53,0,66,0,634,8,7,1,8
85,17,moe,808,36,9,0,0,0,0,0,9,0,626,8,8,0,8
85,18,moe,728,32,8,0,1,0,0,0,7,0,750,8,8,0,8
85,19,moe,658,31,2626,1157,1157,1389,54,0,26,0,668,8,7,1,8
85,20,moe,744,34,2075,1225,1225,775,54,0,21,0,636,8,7,1,8
85,21,moe,812,35,3735,1618,1618,1910,120,0,87,0,760,8,6,2,8
85,22,moe,800,36,2833,1226,1226,1478,51,0,78,0,633,8,7,1,8
85,23,moe,654,32,6156,2632,2632,3330,118,0,76,0,740,8,6,2,8
85,24,moe,799,34,2880,1172,1172,1628,60,0,20,0,747,8,7,1,8
85,25,moe,800,35,2881,1191,1191,1612,57,0,21,0,770,8,7,1,8
85,26,moe,657,31,23,0,0,0,0,0,23,0,746,8,8,0,8
85,-1,epi,0,0,0,0,0,0,0,0,5925,0,0,0,0,0,0
86,-2,pre,73,0,0,0,0,0,0,0,0,0,0,0,0,0,0
86,0,dense,1480,35,0,0,0,0,0,0,0,0,0,0,0,0,0
86,1,moe,834,38,10,0,0,0,0,0,10,0,787,8,8,0,8
86,2,moe,756,33,4417,2474,2474,1794,117,0,32,0,761,8,6,2,8
86,3,moe,676,33,9,0,0,0,0,0,9,0,759,8,8,0,8
86,4,moe,751,33,2388,577,577,1607,100,0,104,0,655,8,6,2,8
86,5,moe,830,40,6030,1698,1698,4146,145,0,41,0,632,8,5,3,8
86,6,moe,752,38,8,0,0,0,0,0,8,0,767,8,8,0,8
86,7,moe,671,32,1757,296,296,1390,51,0,20,0,643,8,7,1,8
86,8,moe,736,36,8,0,0,0,0,0,8,0,644,8,8,0,8
86,9,moe,815,34,3132,1260,1260,1727,67,0,78,0,760,8,7,1,8
86,10,moe,743,34,8,0,0,0,0,0,8,0,652,8,8,0,8
86,11,moe,673,33,2190,1216,1216,844,51,0,79,0,642,8,7,1,8
86,12,moe,750,40,8,0,0,0,0,0,8,0,764,8,8,0,8
86,13,moe,835,35,1482,634,634,773,52,0,23,0,644,8,7,1,8
86,14,moe,746,34,1959,1119,1119,767,51,0,22,0,641,8,7,1,8
86,15,moe,672,31,2390,1254,1254,1001,59,0,76,0,759,8,7,1,8
86,16,moe,747,38,2921,1294,1294,1494,50,0,83,0,633,8,7,1,8
86,17,moe,802,34,9,0,0,0,0,0,9,0,635,8,8,0,8
86,18,moe,743,31,3164,1293,1293,1727,64,0,80,0,755,8,7,1,8
86,19,moe,667,32,7073,2604,2604,4224,154,0,91,0,931,8,5,3,8
86,20,moe,740,38,3451,564,565,2755,97,0,34,0,634,8,6,2,8
86,21,moe,808,37,8,0,0,0,0,0,8,0,747,8,8,0,8
86,22,moe,815,41,4571,1669,1670,2767,100,0,34,0,644,8,6,2,8
86,23,moe,662,34,4552,2428,2428,1912,120,0,92,0,748,8,6,2,8
86,24,moe,805,35,4444,2502,2502,1777,118,0,47,0,753,8,6,2,8
86,25,moe,807,35,2221,1236,1236,899,61,0,25,0,757,8,7,1,8
86,26,moe,670,34,2177,1202,1202,894,59,0,22,0,757,8,7,1,8
86,-1,epi,0,0,0,0,0,0,0,0,5964,0,0,0,0,0,0
87,-2,pre,68,0,0,0,0,0,0,0,0,0,0,0,0,0,0
87,0,dense,1484,39,0,0,0,0,0,0,0,0,0,0,0,0,0
87,1,moe,826,35,8,0,0,0,0,0,8,0,777,8,8,0,8
87,2,moe,755,34,8,0,0,0,0,0,8,0,784,8,8,0,8
87,3,moe,698,33,2012,320,320,1608,63,0,21,0,763,8,7,1,8
87,4,moe,756,34,4969,3362,3362,1470,49,0,88,0,638,8,7,1,8
87,5,moe,821,34,2666,1212,1212,1383,50,0,21,0,645,8,7,1,8
87,6,moe,773,35,3316,1380,1381,1806,57,0,72,0,751,8,7,1,8
87,7,moe,658,34,8,0,0,0,0,0,8,0,632,8,8,0,8
87,8,moe,734,34,8,0,0,0,0,0,8,0,643,8,8,0,8
87,9,moe,817,32,5000,1638,1638,3213,113,1,35,0,749,8,6,2,8
87,10,moe,746,38,9,0,0,0,0,0,9,0,645,8,8,0,8
87,11,moe,669,32,2838,1222,1222,1477,51,0,88,0,632,8,7,1,8
87,12,moe,744,33,8,0,0,0,0,0,8,0,758,8,8,0,8
87,13,moe,810,32,1730,284,284,1374,51,0,21,0,639,8,7,1,8
87,14,moe,735,33,9,0,0,0,0,0,9,0,645,8,8,0,8
87,15,moe,681,36,8,0,0,0,0,0,8,0,788,8,8,0,8
87,16,moe,755,36,2635,1177,1177,1380,51,0,27,0,643,8,7,1,8
87,17,moe,820,34,2671,1201,1201,1386,52,0,32,0,636,8,7,1,8
87,18,moe,732,32,2235,319,319,1784,56,0,76,0,767,8,7,1,8
87,19,moe,685,36,4584,1522,1523,2882,100,0,79,0,629,8,6,2,8
87,20,moe,740,35,2029,1192,1192,764,53,0,20,0,638,8,7,1,8
87,21,moe,815,33,3167,1250,1250,1787,60,0,70,0,755,8,7,1,8
87,22,moe,813,38,8,0,0,0,0,0,8,0,631,8,8,0,8
87,23,moe,670,35,2242,1269,1269,892,60,0,21,0,756,8,7,1,8
87,24,moe,808,35,5825,2934,2934,2677,175,0,39,0,756,8,5,3,8
87,25,moe,813,33,2572,652,652,1777,116,1,26,0,757,8,6,2,8
87,26,moe,678,31,2186,1217,1217,891,59,0,19,0,762,8,7,1,8
87,-1,epi,0,0,0,0,0,0,0,0,5864,0,0,0,0,0,0
88,-2,pre,207,0,0,0,0,0,0,0,0,0,0,0,0,0,0
88,0,dense,1510,44,0,0,0,0,0,0,0,0,0,0,0,0,0
88,1,moe,819,39,5920,2478,2478,3272,132,0,38,0,790,8,6,2,8
88,2,moe,740,37,8673,3601,3602,4840,181,0,50,0,782,8,5,3,8
88,3,moe,678,36,5236,1841,1841,3242,117,0,36,0,762,8,6,2,8
88,4,moe,747,33,10,0,0,0,0,0,10,0,646,8,8,0,8
88,5,moe,813,33,4573,1504,1504,2859,107,0,103,0,640,8,6,2,8
88,6,moe,742,32,3060,1213,1213,1721,57,0,69,0,753,8,7,1,8
88,7,moe,654,29,5402,2364,2364,2863,99,0,76,0,631,8,6,2,8
88,8,moe,735,30,9412,3644,3644,5522,197,0,49,0,630,8,4,4,8
88,9,moe,808,30,5992,2449,2449,3347,115,0,81,0,748,8,6,2,8
88,10,moe,742,29,4477,1443,1443,2853,99,0,82,0,626,8,6,2,8
88,11,moe,660,253,9691,6806,6806,2759,98,0,28,0,618,8,6,2,8
88,12,moe,735,37,12319,5225,5225,6550,433,0,111,0,747,8,4,4,8
88,13,moe,801,40,10110,5445,5445,4199,354,0,112,0,613,8,5,3,8
88,14,moe,734,38,4355,1467,1467,2757,103,0,28,0,623,8,6,2,8
88,15,moe,661,34,6154,2610,2611,3350,116,0,77,0,736,8,6,2,8
88,16,moe,736,43,7026,2530,2530,4253,146,0,97,0,622,8,5,3,8
88,17,moe,805,35,5091,2206,2206,2756,99,0,30,0,621,8,6,2,8
88,18,moe,728,34,3206,1338,1338,1741,56,0,71,0,734,8,7,1,8
88,19,moe,652,32,5495,2457,2457,2862,99,0,77,0,613,8,6,2,8
88,20,moe,726,34,10180,4416,4416,5517,199,0,48,0,620,8,4,4,8
88,21,moe,796,34,6101,2578,2578,3327,116,0,80,0,758,8,6,2,8
88,22,moe,793,35,4757,1668,1668,2903,98,0,88,0,620,8,6,2,8
88,23,moe,654,32,10013,3047,3047,6652,231,0,83,0,739,8,4,4,8
88,24,moe,803,37,2030,337,337,1614,58,0,21,0,744,8,7,1,8
88,25,moe,801,36,10173,3468,3468,6437,223,0,45,0,744,8,4,4,8
88,26,moe,661,34,8825,3789,3789,4825,173,0,38,0,733,8,5,3,8
88,-1,epi,0,0,0,0,0,0,0,0,5761,0,0,0,0,0,0
89,-2,pre,71,0,0,0,0,0,0,0,0,0,0,0,0,0,0
89,0,dense,1453,39,0,0,0,0,0,0,0,0,0,0,0,0,0
89,1,moe,831,36,8648,3584,3584,4839,176,0,49,0,745,8,5,3,8
89,2,moe,735,35,5888,2512,2512,3231,113,0,32,0,755,8,6,2,8
89,3,moe,658,31,7138,2103,2103,4828,170,0,37,0,738,8,5,3,8
89,4,moe,725,34,6460,1985,1985,4244,146,0,85,0,622,8,5,3,8
89,5,moe,810,39,7777,3454,3454,4134,150,0,39,0,619,8,5,3,8
89,6,moe,738,38,9,0,0,0,0,0,9,0,746,8,8,0,8
89,7,moe,653,31,11349,4130,4130,6901,259,0,59,0,622,8,3,5,8
89,8,moe,740,37,5266,2376,2376,2758,100,0,32,0,620,8,6,2,8
89,9,moe,803,47,5147,1556,1556,3389,112,0,90,0,736,8,6,2,8
89,10,moe,723,35,7924,4900,4900,2839,98,0,87,0,623,8,6,2,8
89,11,moe,652,34,6991,2679,2679,4126,150,0,36,0,610,8,5,3,8
89,12,moe,735,34,11412,4471,4471,6596,230,0,115,0,744,8,4,4,8
89,13,moe,793,35,4491,1490,1490,2816,104,0,81,0,629,8,6,2,8
89,14,moe,756,39,1751,302,303,1377,49,0,22,0,630,8,7,1,8
89,15,moe,655,38,6081,2517,2517,3358,112,0,94,0,734,8,6,2,8
89,16,moe,736,38,8737,2860,2860,5585,202,0,90,0,616,8,4,4,8
89,17,moe,802,37,1732,287,287,1372,52,0,21,0,614,8,7,1,8
89,18,moe,732,35,5132,1562,1563,3362,114,0,93,0,736,8,6,2,8
89,19,moe,654,33,6174,1725,1725,4203,152,0,94,0,625,8,5,3,8
89,20,moe,723,34,2819,1365,1365,1380,51,0,23,0,625,8,7,1,8
89,21,moe,795,35,6232,988,988,4978,172,0,94,0,742,8,5,3,8
89,22,moe,812,38,4407,1395,1395,2824,100,0,88,0,612,8,6,2,8
89,23,moe,666,35,2214,330,330,1767,59,0,58,0,736,8,7,1,8
89,24,moe,811,42,11025,4249,4249,6474,242,0,60,0,759,8,4,4,8
89,25,moe,824,45,6410,2634,2634,3496,222,0,58,0,3692,8,6,2,8
89,26,moe,6374,4398,16015,5549,5549,9598,764,0,104,0,5130,8,4,4,8
89,-1,epi,0,0,0,0,0,0,0,0,33213,0,0,0,0,0,0
90,-2,pre,182,0,0,0,0,0,0,0,0,0,0,0,0,0,0
90,0,dense,1694,78,0,0,0,0,0,0,0,0,0,0,0,0,0
90,1,moe,1321,64,11337,5644,5644,5210,393,0,90,0,1565,8,5,3,8
90,2,moe,2075,96,3409,1464,1464,1411,468,0,66,0,1629,8,7,1,8
90,3,moe,1241,71,5957,2177,2177,3320,235,0,225,0,1108,8,5,3,8
90,4,moe,869,89,5429,1174,1174,915,53,1,3286,0,1330,8,7,1,8
90,5,moe,977,3142,93,0,0,0,0,0,93,0,1278,8,8,0,8
90,6,moe,1714,61,16,0,0,0,0,0,16,0,1936,8,8,0,8
90,7,moe,1439,55,6647,4009,4010,2393,180,0,64,0,1025,8,5,3,8
90,8,moe,1769,47,2025,1126,1127,797,68,0,33,0,1085,8,7,1,8
90,9,moe,1880,79,37,0,0,0,0,0,37,0,1317,8,8,0,8
90,10,moe,2245,71,4099,2309,2309,1600,138,0,52,0,1221,8,6,2,8
90,11,moe,1282,47,8758,5011,5011,3365,308,0,74,0,1153,8,4,4,8
90,12,moe,2007,70,7195,3230,3230,3552,281,1,131,0,1401,8,5,3,8
90,13,moe,2437,60,4318,3240,3240,864,62,0,152,0,1113,8,7,1,8
90,14,moe,1103,50,2543,1651,1652,782,67,0,42,0,922,8,7,1,8
90,15,moe,1052,54,5992,3633,3633,1993,189,0,177,0,3227,8,6,2,8
90,16,moe,1030,56,5734,3394,3394,1842,329,0,169,0,926,8,6,2,8
90,17,moe,1106,50,3051,1769,1769,801,449,0,32,0,1125,8,7,1,8
90,18,moe,1473,64,5700,3569,3570,1911,126,0,93,0,1009,8,6,2,8
90,19,moe,786,40,6148,2598,2601,3173,269,0,105,0,715,8,4,4,8
90,20,moe,809,40,10078,5091,5092,3126,1800,1,59,0,825,8,4,4,8
90,21,moe,866,43,11316,5946,5946,3719,1530,1,120,0,1623,8,4,4,8
90,22,moe,876,39,11091,4992,4992,5553,332,0,214,0,2278,8,2,6,8
90,23,moe,934,36,4438,2315,2316,1891,120,0,111,0,1441,8,6,2,8
90,24,moe,936,37,9764,6773,6773,2731,190,0,70,0,1554,8,5,3,8
90,25,moe,870,42,12,0,0,0,0,0,12,0,1189,8,8,0,8
90,26,moe,8314,41,12441,6550,6550,5424,387,0,80,0,915,8,2,6,8
90,-1,epi,0,0,0,0,0,0,0,0,5674,0,0,0,0,0,0
91,-2,pre,100,0,0,0,0,0,0,0,0,0,0,0,0,0,0
91,0,dense,4577,46,0,0,0,0,0,0,0,0,0,0,0,0,0
91,1,moe,6769,68,7839,4269,4269,2720,775,0,75,0,1504,8,5,3,8
91,2,moe,5611,44,4453,2462,2462,1819,129,0,43,0,1476,8,6,2,8
91,3,moe,11851,41,10631,6455,6455,3625,486,0,65,0,850,8,4,4,8
91,4,moe,8297,42,6608,3450,3450,2406,657,0,95,0,1169,8,5,3,8
91,5,moe,8279,46,1889,1027,1028,775,59,0,27,0,1305,8,7,1,8
91,6,moe,8530,49,13,0,0,0,0,1,12,0,1502,8,8,0,8
91,7,moe,982,35,4275,2559,2559,1565,113,0,38,0,1344,8,6,2,8
91,8,moe,991,205,6233,4895,4896,780,529,0,28,0,720,8,7,1,8
91,9,moe,768,43,7705,4502,4504,2842,240,0,119,0,3381,8,5,3,8
91,10,moe,754,40,1272,291,291,836,55,0,90,0,1939,8,7,1,8
91,11,moe,692,41,5778,2587,2588,2338,806,0,46,0,736,8,5,3,8
91,12,moe,766,43,13,0,0,0,0,0,13,0,1474,8,8,0,8
91,13,moe,827,40,2517,1175,1175,783,529,0,30,0,851,8,7,1,8
91,14,moe,1316,43,2635,1288,1288,1165,111,0,71,0,1053,8,7,1,8
91,15,moe,1265,49,3413,1257,1257,1853,97,0,206,0,1122,8,7,1,8
91,16,moe,1998,201,3758,1436,1436,1979,85,0,258,0,819,8,7,1,8
91,17,moe,1050,44,5992,3527,3527,1615,803,0,47,0,2521,8,6,2,8
91,18,moe,886,67,17,0,0,0,0,0,17,0,2151,8,8,0,8
91,19,moe,713,46,3506,1400,1400,1587,474,0,45,0,786,8,6,2,8
91,20,moe,840,49,3575,1707,1707,1546,277,0,45,0,1849,8,6,2,8
91,21,moe,819,52,2424,1191,1191,1064,69,0,100,0,1649,8,7,1,8
91,22,moe,836,38,12,0,0,0,0,0,12,0,1136,8,8,0,8
91,23,moe,784,42,2118,1149,1149,886,57,0,26,0,768,8,7,1,8
91,24,moe,831,37,6161,3290,3290,2654,171,0,46,0,1282,8,5,3,8
91,25,moe,818,38,10,0,0,0,0,1,9,0,1847,8,8,0,8
91,26,moe,693,32,13549,8446,8446,4426,616,0,61,0,1995,8,3,5,8
91,-1,epi,0,0,0,0,0,0,0,0,6047,0,0,0,0,0,0
92,-2,pre,297,0,0,0,0,0,0,0,0,0,0,0,0,0,0
92,0,dense,1601,88,0,0,0,0,0,0,0,0,0,0,0,0,0
92,1,moe,891,83,5752,2865,2865,2662,175,0,50,0,764,8,5,3,8
92,2,moe,758,35,2362,1384,1384,889,61,0,28,0,764,8,7,1,8
92,3,moe,682,32,10848,7003,7003,3559,230,0,56,0,1462,8,4,4,8
92,4,moe,773,43,3541,1533,1533,1632,291,0,85,0,1163,8,6,2,8
92,5,moe,857,39,10,0,0,0,0,0,10,0,1067,8,8,0,8
92,6,moe,761,45,12,0,0,0,0,0,12,0,1343,8,8,0,8
92,7,moe,681,35,6048,3931,3932,1577,503,0,36,0,1126,8,6,2,8
92,8,moe,736,37,10,0,0,0,0,0,10,0,1193,8,8,0,8
92,9,moe,815,40,10,0,0,0,0,0,10,0,1434,8,8,0,8
92,10,moe,753,38,3645,1970,1971,1520,122,0,32,0,2463,8,6,2,8
92,11,moe,721,56,10742,6155,6155,3066,1462,0,59,0,1166,8,4,4,8
92,12,moe,738,39,7935,2496,2496,1923,3422,0,94,0,776,8,6,2,8
92,13,moe,812,45,2140,1152,1153,853,70,1,63,0,1069,8,7,1,8
92,14,moe,731,36,7958,5394,5394,2291,229,0,44,0,750,8,5,3,8
92,15,moe,743,57,10408,6674,6675,2819,818,0,96,0,799,8,5,3,8
92,16,moe,724,44,4325,2208,2208,1609,429,0,79,0,826,8,6,2,8
92,17,moe,1066,44,4762,3073,3073,1546,105,0,38,0,662,8,6,2,8
92,18,moe,744,39,10132,3661,3661,4931,1449,0,91,0,751,8,5,3,8
92,19,moe,681,44,10551,5472,5472,3900,1066,0,113,0,646,8,3,5,8
92,20,moe,736,38,2506,1662,1663,762,51,0,30,0,694,8,7,1,8
92,21,moe,890,65,10475,3594,3594,3664,3119,0,98,0,750,8,4,4,8
92,22,moe,810,40,7057,2545,2545,4230,157,0,125,0,618,8,5,3,8
92,23,moe,657,33,2730,329,329,1711,625,0,65,0,735,8,7,1,8
92,24,moe,808,37,6063,1016,1016,4831,175,0,41,0,741,8,5,3,8
92,25,moe,815,46,1482,513,513,886,57,0,26,0,740,8,7,1,8
92,26,moe,668,36,4235,1603,1603,1773,828,0,31,0,853,8,6,2,8
92,-1,epi,0,0,0,0,0,0,0,0,5943,0,0,0,0,0,0
93,-2,pre,219,0,0,0,0,0,0,0,0,0,0,0,0,0,0
93,0,dense,1490,40,0,0,0,0,0,0,0,0,0,0,0,0,0
93,1,moe,828,37,1288,327,327,882,57,0,22,0,763,8,7,1,8
93,2,moe,753,36,2915,1375,1375,884,634,0,22,0,812,8,7,1,8
93,3,moe,682,34,6673,3782,3782,2673,174,0,44,0,1238,8,5,3,8
93,4,moe,735,35,3124,913,913,1578,558,0,75,0,1930,8,6,2,8
93,5,moe,837,36,10,0,0,0,0,0,10,0,625,8,8,0,8
93,6,moe,746,39,9,0,0,0,0,0,9,0,760,8,8,0,8
93,7,moe,16776,40,4004,2153,2153,1527,287,0,37,0,2010,8,6,2,8
93,8,moe,8488,45,3047,1094,1095,1381,545,0,26,0,1161,8,7,1,8
93,9,moe,7549,38,2287,1162,1162,1002,67,0,56,0,2888,8,7,1,8
93,10,moe,7217,43,12,0,0,0,0,0,12,0,1156,8,8,0,8
93,11,moe,667,33,10,0,0,0,0,0,10,0,2073,8,8,0,8
93,12,moe,738,36,7695,2968,2969,2668,2009,0,49,0,751,8,5,3,8
93,13,moe,813,36,2261,1131,1131,858,201,0,71,0,1331,8,7,1,8
93,14,moe,731,37,5783,2934,2934,2294,509,0,46,0,865,8,5,3,8
93,15,moe,764,38,5193,2653,2653,1892,508,0,140,0,754,8,6,2,8
93,16,moe,747,49,6731,3345,3345,2368,909,0,109,0,1151,8,5,3,8
93,17,moe,1030,41,7054,3299,3299,2761,948,0,46,0,1171,8,6,2,8
93,18,moe,804,39,8821,5271,5271,3357,122,0,71,0,738,8,6,2,8
93,19,moe,668,36,8498,4604,4604,3130,679,0,85,0,621,8,4,4,8
93,20,moe,728,37,3133,1482,1482,1523,98,0,30,0,1086,8,6,2,8
93,21,moe,806,34,10082,3149,3149,6572,245,0,116,0,776,8,4,4,8
93,22,moe,862,41,8734,4480,4480,3899,246,0,109,0,620,8,3,5,8
93,23,moe,660,35,8188,4185,4185,3682,226,0,95,0,739,8,4,4,8
93,24,moe,797,37,6660,3120,3121,2684,807,0,48,0,744,8,5,3,8
93,25,moe,801,38,7534,3670,3670,2682,1138,0,44,0,738,8,5,3,8
93,26,moe,657,36,10115,6000,6000,3548,512,0,55,0,1067,8,4,4,8
93,-1,epi,0,0,0,0,0,0,0,0,5835,0,0,0,0,0,0
94,-2,pre,218,0,0,0,0,0,0,0,0,0,0,0,0,0,0
94,0,dense,1453,33,0,0,0,0,0,0,0,0,0,0,0,0,0
94,1,moe,823,35,16625,11713,11714,4522,313,0,76,0,741,8,3,5,8
94,2,moe,761,33,15204,7749,7749,4531,2854,1,69,0,781,8,3,5,8
94,3,moe,670,32,10737,4712,4712,3633,2330,0,62,0,1293,8,4,4,8
94,4,moe,745,35,10375,6004,6004,3169,1086,0,116,0,655,8,4,4,8
94,5,moe,851,38,15784,8403,8404,3847,3462,1,70,0,628,8,3,5,8
94,6,moe,793,39,5707,4094,4094,977,570,0,66,0,731,8,7,1,8
94,7,moe,660,35,11327,6721,6721,3140,1369,0,97,0,664,8,4,4,8
94,8,moe,723,38,8957,4655,4656,3046,1198,1,56,0,1066,8,4,4,8
94,9,moe,806,40,11896,7324,7325,3654,797,0,120,0,739,8,4,4,8
94,10,moe,733,38,11211,5960,5960,3875,1244,0,132,0,614,8,3,5,8
94,11,moe,12708,40,8080,4035,4035,2301,1702,0,42,0,682,8,5,3,8
94,12,moe,7639,42,12471,6825,6825,3637,1885,0,124,0,746,8,4,4,8
94,13,moe,7552,41,6148,3029,3029,2367,636,1,115,0,615,8,5,3,8
94,14,moe,6595,46,9153,5618,5618,3114,359,0,62,0,703,8,4,4,8
94,15,moe,9466,39,14689,10678,10678,3672,233,0,106,0,1213,8,4,4,8
94,16,moe,9202,72,12727,4057,4057,5645,2891,0,134,0,612,8,4,4,8
94,17,moe,7416,45,13200,5636,5637,3831,3658,0,74,0,637,8,3,5,8
94,18,moe,7976,40,8931,5433,5433,2802,612,0,84,0,850,8,5,3,8
94,19,moe,12778,37,11562,7028,7028,3109,1299,0,126,0,738,8,4,4,8
94,20,moe,12254,48,2570,1093,1093,1396,51,0,30,0,784,8,7,1,8
94,21,moe,7598,44,23590,11596,11597,8844,3008,1,140,0,881,8,2,6,8
94,22,moe,914,45,10858,6133,6134,3878,711,1,134,0,601,8,3,5,8
94,23,moe,654,35,7814,3765,3765,3717,232,0,100,0,725,8,4,4,8
94,24,moe,700,35,14167,9261,9261,4562,283,0,61,0,727,8,3,5,8
94,25,moe,810,37,14789,10862,10862,3557,318,0,52,0,733,8,4,4,8
94,26,moe,653,34,16291,5424,5425,7870,2933,0,63,0,747,8,3,5,8
94,-1,epi,0,0,0,0,0,0,0,0,5727,0,0,0,0,0,0
95,-2,pre,2020,0,0,0,0,0,0,0,0,0,0,0,0,0,0
95,0,dense,1433,42,0,0,0,0,0,0,0,0,0,0,0,0,0
95,1,moe,813,43,12695,6837,6837,4429,1367,0,62,0,728,8,3,5,8
95,2,moe,726,37,6905,4412,4412,1778,680,0,35,0,717,8,6,2,8
95,3,moe,660,34,14278,6626,6627,4459,3130,0,62,0,1605,8,3,5,8
95,4,moe,724,41,6311,2279,2279,2855,1070,0,107,0,608,8,6,2,8
95,5,moe,792,45,11025,5188,5188,4154,1640,0,43,0,614,8,5,3,8
95,6,moe,726,43,4857,2459,2459,1914,416,0,68,0,741,8,6,2,8
95,7,moe,723,48,4198,2291,2291,1590,244,0,73,0,662,8,6,2,8
95,8,moe,722,34,13242,9767,9767,2295,1132,1,47,0,601,8,5,3,8
95,9,moe,789,38,7444,2710,2710,2776,1853,1,104,0,772,8,5,3,8
95,10,moe,720,37,11639,6603,6605,3882,1014,0,138,0,608,8,3,5,8
95,11,moe,646,34,4027,1435,1435,1518,1039,0,35,0,658,8,6,2,8
95,12,moe,738,37,5898,2541,2541,1915,1344,0,98,0,1315,8,6,2,8
95,13,moe,827,37,4229,2422,2422,1592,117,0,98,0,604,8,6,2,8
95,14,moe,739,35,7968,4601,4601,3050,262,0,55,0,605,8,4,4,8
95,15,moe,656,34,8735,5459,5459,2772,397,0,107,0,723,8,5,3,8
95,16,moe,720,34,9087,4953,4953,3138,869,1,126,0,608,8,4,4,8
95,17,moe,798,37,9244,3799,3800,3945,1454,1,44,0,606,8,5,3,8
95,18,moe,724,37,10481,5408,5408,3668,1281,0,124,0,923,8,4,4,8
95,19,moe,665,40,11048,3352,3353,3607,3950,0,138,0,603,8,5,3,8
95,20,moe,719,37,1795,292,292,760,721,0,22,0,607,8,7,1,8
95,21,moe,797,39,8545,3822,3822,2783,1830,0,110,0,1235,8,5,3,8
95,22,moe,1141,38,4042,2235,2235,1610,98,0,99,0,665,8,6,2,8
95,23,moe,836,34,9177,5208,5208,3630,226,0,113,0,731,8,4,4,8
95,24,moe,792,37,14392,6909,6910,6453,975,0,54,0,730,8,4,4,8
95,25,moe,799,36,10281,6430,6430,3563,230,1,57,0,721,8,4,4,8
95,26,moe,4642,37,16877,9579,9579,4514,2722,0,62,0,786,8,3,5,8
95,-1,epi,0,0,0,0,0,0,0,0,5569,0,0,0,0,0,0
96,-2,pre,238,0,0,0,0,0,0,0,0,0,0,0,0,0,0
96,0,dense,1416,47,0,0,0,0,0,0,0,0,0,0,0,0,0
96,1,moe,837,39,17994,7264,7264,9125,1515,0,90,0,1320,8,2,6,8
96,2,moe,767,42,4970,2474,2474,1770,690,1,35,0,734,8,6,2,8
96,3,moe,667,36,9700,4203,4203,3555,1892,1,49,0,734,8,4,4,8
96,4,moe,753,45,8661,3713,3713,2561,2292,0,95,0,1104,8,5,3,8
96,5,moe,879,40,13475,7838,7839,3820,1753,0,63,0,1130,8,3,5,8
96,6,moe,725,38,4542,2424,2424,1887,128,0,103,0,1249,8,6,2,8
96,7,moe,657,34,11925,4409,4409,5615,1760,0,141,0,614,8,4,4,8
96,8,moe,731,41,6311,2367,2368,1739,2170,0,34,0,748,8,6,2,8
96,9,moe,936,40,12559,6744,6744,3382,2328,0,105,0,726,8,5,3,8
96,10,moe,741,36,1244,294,294,833,56,0,61,0,1212,8,7,1,8
96,11,moe,650,34,7231,3579,3579,2286,1319,0,47,0,606,8,5,3,8
96,12,moe,724,37,13484,5691,5691,4623,3007,0,163,0,1481,8,3,5,8
96,13,moe,837,52,11740,4903,4903,4799,1885,0,153,0,663,8,4,4,8
96,14,moe,750,40,2649,1158,1158,1400,63,0,28,0,908,8,7,1,8
96,15,moe,674,40,8441,2415,2416,1920,3994,0,111,0,876,8,6,2,8
96,16,moe,738,43,12629,6639,6640,4097,1760,0,132,0,690,8,3,5,8
96,17,moe,830,52,8240,4708,4708,3077,385,0,70,0,682,8,4,4,8
96,18,moe,748,38,4266,1616,1616,1899,656,0,95,0,1117,8,6,2,8
96,19,moe,663,35,8955,2430,2430,1633,4764,0,128,0,812,8,6,2,8
96,20,moe,747,50,4382,2208,2209,1547,579,0,47,0,1355,8,6,2,8
96,21,moe,812,46,11964,5069,5069,3721,3036,1,137,0,778,8,4,4,8
96,22,moe,811,49,2621,1170,1170,831,530,1,89,0,757,8,7,1,8
96,23,moe,730,38,2390,1264,1264,986,65,0,75,0,1106,8,7,1,8
96,24,moe,1410,44,5189,2530,2530,1792,831,0,36,0,1023,8,6,2,8
96,25,moe,1279,41,4922,2493,2493,1773,620,0,36,0,778,8,6,2,8
96,26,moe,671,34,6918,2455,2456,1796,2629,0,37,0,948,8,6,2,8
96,-1,epi,0,0,0,0,0,0,0,0,5780,0,0,0,0,0,0
97,-2,pre,234,0,0,0,0,0,0,0,0,0,0,0,0,0,0
97,0,dense,1458,45,0,0,0,0,0,0,0,0,0,0,0,0,0
97,1,moe,849,43,14182,6463,6463,5363,2275,0,81,0,756,8,2,6,8
97,2,moe,731,42,13146,4755,4756,3613,4717,1,59,0,774,8,4,4,8
97,3,moe,724,36,15654,10028,10029,4532,1015,1,77,0,875,8,3,5,8
97,4,moe,733,44,13057,3576,3576,3185,6149,1,146,0,672,8,4,4,8
97,5,moe,817,46,6977,3414,3414,2336,1175,0,52,0,677,8,5,3,8
97,6,moe,739,45,5796,2780,2781,1907,977,0,131,0,831,8,6,2,8
97,7,moe,691,47,9317,4489,4489,3146,1546,0,136,0,640,8,4,4,8
97,8,moe,746,39,11206,3634,3634,2355,5156,0,61,0,1295,8,5,3,8
97,9,moe,859,43,10843,4806,4806,3399,2512,0,126,0,802,8,5,3,8
97,10,moe,726,52,9967,4640,4640,3173,1993,0,161,0,1119,8,4,4,8
97,11,moe,671,41,4375,2240,2242,1530,569,0,34,0,615,8,6,2,8
97,12,moe,735,38,10187,4113,4113,1938,4011,0,125,0,1478,8,6,2,8
97,13,moe,820,41,4522,2227,2227,1618,594,0,83,0,1305,8,6,2,8
97,14,moe,664,40,4802,1905,1905,1631,1224,1,41,0,693,8,6,2,8
97,15,moe,685,43,9137,3305,3305,3669,2033,0,130,0,759,8,4,4,8
97,16,moe,742,41,11985,4427,4427,3168,4264,0,126,0,682,8,4,4,8
97,17,moe,815,44,7742,3858,3858,3091,733,0,60,0,870,8,4,4,8
97,18,moe,704,45,6965,3752,3752,2823,256,0,134,0,931,8,5,3,8
97,19,moe,682,42,8798,3205,3206,3886,1564,0,142,0,641,8,3,5,8
97,20,moe,743,39,8360,3404,3404,2333,2573,0,50,0,705,8,5,3,8
97,21,moe,806,44,7247,3899,3899,2813,407,0,128,0,783,8,5,3,8
97,22,moe,829,45,4519,2352,2352,1630,419,0,118,0,746,8,6,2,8
97,23,moe,680,36,2452,1263,1263,1016,80,0,93,0,745,8,7,1,8
97,24,moe,799,38,10215,4703,4703,4523,915,0,74,0,759,8,3,5,8
97,25,moe,831,39,3856,2834,2834,908,81,0,33,0,1244,8,7,1,8
97,26,moe,982,46,9863,4776,4776,3647,1369,0,71,0,782,8,4,4,8
97,-1,epi,0,0,0,0,0,0,0,0,5724,0,0,0,0,0,0
98,-2,pre,231,0,0,0,0,0,0,0,0,0,0,0,0,0,0
98,0,dense,2058,48,0,0,0,0,0,0,0,0,0,0,0,0,0
98,1,moe,944,38,10616,5145,5146,4531,862,1,76,0,776,8,3,5,8
98,2,moe,882,42,5892,2750,2750,2675,416,0,51,0,763,8,5,3,8
98,3,moe,698,45,6834,4904,4904,1773,119,0,38,0,753,8,6,2,8
98,4,moe,883,38,2195,1191,1191,851,52,0,101,0,633,8,7,1,8
98,5,moe,812,40,1980,1117,1117,773,66,0,24,0,627,8,7,1,8
98,6,moe,742,35,3469,1279,1279,1007,1127,0,56,0,1818,8,7,1,8
98,7,moe,669,35,4795,2149,2149,1600,979,0,67,0,627,8,6,2,8
98,8,moe,744,45,2781,1415,1415,771,571,0,24,0,682,8,7,1,8
98,9,moe,806,37,2448,1280,1280,1041,70,0,57,0,743,8,7,1,8
98,10,moe,739,35,3884,1450,1451,1611,747,0,75,0,628,8,6,2,8
98,11,moe,668,34,1628,301,301,762,537,0,28,0,631,8,7,1,8
98,12,moe,747,46,10520,4894,4894,3662,1855,0,109,0,760,8,4,4,8
98,13,moe,808,39,7500,3456,3456,2405,1525,0,114,0,1103,8,5,3,8
98,14,moe,750,44,8186,3659,3659,3073,1402,1,51,0,690,8,4,4,8
98,15,moe,661,36,9803,4042,4042,3663,1968,0,130,0,751,8,4,4,8
98,16,moe,779,41,11377,6512,6513,3974,750,0,140,0,626,8,3,5,8
98,17,moe,806,39,10380,5556,5556,3812,946,0,66,0,627,8,3,5,8
98,18,moe,733,42,13309,5770,5770,5405,2004,0,130,0,747,8,2,6,8
98,19,moe,670,42,8198,2834,2834,3137,2095,0,132,0,624,8,4,4,8
98,20,moe,728,39,8174,3857,3857,3057,1207,1,52,0,625,8,4,4,8
98,21,moe,799,37,10417,4843,4843,3677,1779,0,118,0,747,8,4,4,8
98,22,moe,796,39,3656,1404,1404,1591,563,0,98,0,671,8,6,2,8
98,23,moe,664,41,5986,2423,2423,1903,1556,1,103,0,746,8,6,2,8
98,24,moe,800,39,9383,5350,5350,3539,437,0,57,0,813,8,4,4,8
98,25,moe,797,39,5682,2767,2767,2666,203,0,46,0,810,8,5,3,8
98,26,moe,668,34,18430,12435,12437,4442,1481,0,70,0,1360,8,3,5,8
98,-1,epi,0,0,0,0,0,0,0,0,5771,0,0,0,0,0,0
99,-2,pre,218,0,0,0,0,0,0,0,0,0,0,0,0,0,0
99,0,dense,1790,42,0,0,0,0,0,0,0,0,0,0,0,0,0
99,1,moe,1219,40,12633,7790,7790,4432,346,0,65,0,832,8,3,5,8
99,2,moe,944,42,10853,4103,4103,3573,3126,0,51,0,745,8,4,4,8
99,3,moe,659,34,5617,2727,2728,2668,174,0,47,0,734,8,5,3,8
99,4,moe,730,70,14743,7059,7059,4651,2872,0,161,0,621,8,2,6,8
99,5,moe,792,38,12657,7055,7055,3827,1711,0,64,0,616,8,3,5,8
99,6,moe,729,50,10056,6700,6700,1919,1330,0,107,0,779,8,6,2,8
99,7,moe,663,38,6343,3929,3929,1611,700,0,103,0,597,8,6,2,8
99,8,moe,724,36,3609,1488,1488,1514,568,0,39,0,667,8,6,2,8
99,9,moe,801,37,10428,5331,5331,3651,1360,1,85,0,1292,8,4,4,8
99,10,moe,724,38,12576,5994,5994,3887,2560,0,135,0,605,8,3,5,8
99,11,moe,650,42,9264,4500,4500,3064,1645,0,55,0,611,8,4,4,8
99,12,moe,719,37,9019,4247,4247,2812,1844,1,115,0,732,8,5,3,8
99,13,moe,801,44,11772,5923,5924,3914,1801,0,133,0,617,8,3,5,8
99,14,moe,722,42,7923,3903,3903,3063,905,0,52,0,622,8,4,4,8
99,15,moe,654,40,7713,4092,4092,2771,742,0,108,0,1271,8,5,3,8
99,16,moe,720,43,11507,5140,5140,3881,2340,1,145,0,653,8,3,5,8
99,17,moe,788,41,12955,6674,6674,3830,2390,0,61,0,693,8,3,5,8
99,18,moe,786,61,9484,5147,5148,2792,1450,0,94,0,728,8,5,3,8
99,19,moe,657,41,10669,4676,4677,4644,1202,0,146,0,610,8,2,6,8
99,20,moe,718,40,10492,4886,4886,3064,2487,0,55,0,611,8,4,4,8
99,21,moe,787,44,10784,4258,4258,3722,2650,0,154,0,801,8,4,4,8
99,22,moe,793,39,2648,1170,1170,833,567,0,78,0,1415,8,7,1,8
99,23,moe,715,39,4811,1884,1884,1943,884,0,100,0,930,8,6,2,8
99,24,moe,800,39,13008,8343,8346,3573,1032,0,57,0,742,8,4,4,8
99,25,moe,797,50,10742,6295,6296,3569,816,0,61,0,1349,8,4,4,8
99,26,moe,662,41,8119,4193,4193,2661,1219,0,46,0,809,8,5,3,8
99,-1,epi,0,0,0,0,0,0,0,0,5750,0,0,0,0,0,0
100,-2,pre,1157,0,0,0,0,0,0,0,0,0,0,0,0,0,0
100,0,dense,1435,45,0,0,0,0,0,0,0,0,0,0,0,0,0
100,1,moe,813,34,9387,5489,5489,3582,264,0,52,0,799,8,4,4,8
100,2,moe,855,46,8974,4868,4868,3530,523,0,53,0,885,8,4,4,8
100,3,moe,840,32,11454,6445,6445,4415,532,1,61,0,838,8,3,5,8
100,4,moe,1067,38,12161,6466,6466,3826,1695,0,174,0,677,8,5,3,8
100,5,moe,796,39,6461,3309,3309,2291,811,0,50,0,671,8,5,3,8
100,6,moe,736,40,13074,5090,5090,6545,1324,0,115,0,781,8,4,4,8
100,7,moe,652,36,20812,13603,13603,4681,2411,0,117,0,612,8,2,6,8
100,8,moe,720,38,2091,1244,1244,760,60,0,27,0,618,8,7,1,8
100,9,moe,808,41,11197,7062,7063,2783,1273,0,78,0,775,8,5,3,8
100,10,moe,741,35,10083,4533,4533,3135,2251,0,164,0,1089,8,4,4,8
100,11,moe,649,36,11025,4374,4374,3057,3543,0,51,0,614,8,4,4,8
100,12,moe,723,37,12036,6664,6664,3694,1550,0,128,0,727,8,4,4,8
100,13,moe,793,39,6014,3370,3370,2358,166,0,120,0,617,8,5,3,8
100,14,moe,726,35,17262,5587,5588,6299,5317,0,58,0,1142,8,3,5,8
100,15,moe,647,38,12926,5673,5673,2800,4328,0,125,0,1783,8,5,3,8
100,16,moe,732,41,13966,7101,7101,5396,1317,0,152,0,609,8,1,7,8
100,17,moe,790,41,9367,5893,5893,2282,1144,0,48,0,1063,8,5,3,8
100,18,moe,719,40,8959,4885,4885,3668,311,0,95,0,1927,8,4,4,8
100,19,moe,711,36,17234,10173,10173,4678,2190,0,193,0,626,8,2,6,8
100,20,moe,721,43,21661,8460,8461,9456,3660,0,84,0,606,8,1,7,8
100,21,moe,795,45,12032,7416,7416,2778,1717,0,121,0,1878,8,5,3,8
100,22,moe,6340,53,12502,6756,6756,3897,1709,0,140,0,607,8,3,5,8
100,23,moe,12594,37,11066,6746,6746,2780,1424,1,115,0,731,8,5,3,8
100,24,moe,7652,42,12290,5384,5384,4485,2355,0,66,0,1270,8,3,5,8
100,25,moe,793,42,16471,5993,5993,7886,2520,1,71,0,767,8,3,5,8
100,26,moe,659,38,11596,7168,7168,3564,808,1,55,0,1242,8,4,4,8
100,-1,epi,0,0,0,0,0,0,0,0,5665,0,0,0,0,0,0
101,-2,pre,223,0,0,0,0,0,0,0,0,0,0,0,0,0,0
101,0,dense,1424,44,0,0,0,0,0,0,0,0,0,0,0,0,0
101,1,moe,817,41,14179,6537,6537,5353,2220,0,69,0,730,8,2,6,8
101,2,moe,723,40,10140,6815,6816,2672,604,0,48,0,728,8,5,3,8
101,3,moe,649,35,11320,6082,6084,4434,741,0,61,0,721,8,3,5,8
101,4,moe,721,37,4935,1436,1436,1605,1784,1,109,0,626,8,6,2,8
101,5,moe,1366,42,2507,1198,1198,760,523,0,26,0,772,8,7,1,8
101,6,moe,962,47,3328,1306,1306,1773,158,0,91,0,878,8,7,1,8
101,7,moe,684,34,5958,2239,2239,2863,753,1,102,0,642,8,6,2,8
101,8,moe,722,40,3290,1161,1161,987,1120,0,22,0,732,8,7,1,8
101,9,moe,764,36,2008,647,647,988,275,0,98,0,791,8,7,1,8
101,10,moe,717,39,11,0,0,0,0,0,11,0,809,8,8,0,8
101,11,moe,673,36,7064,2474,2474,4293,173,0,124,0,672,8,5,3,8
101,12,moe,731,36,8075,5972,5972,1889,113,1,100,0,795,8,6,2,8
101,13,moe,813,38,9257,6458,6459,2376,327,0,95,0,705,8,5,3,8
101,14,moe,728,35,13338,6737,6737,3071,3472,0,58,0,625,8,4,4,8
101,15,moe,649,36,17002,3997,3997,6376,6470,1,158,0,746,8,4,4,8
101,16,moe,742,39,17939,8922,8922,8372,488,0,157,0,620,8,2,6,8
101,17,moe,789,36,15231,8343,8343,5529,1305,0,54,0,615,8,4,4,8
101,18,moe,715,36,9242,4800,4800,2822,1528,0,92,0,748,8,5,3,8
101,19,moe,646,36,8841,4915,4915,3139,652,0,135,0,619,8,4,4,8
101,20,moe,730,35,12262,5961,5961,4595,1628,0,78,0,619,8,2,6,8
101,21,moe,792,47,13941,8766,8767,3669,1388,1,116,0,737,8,4,4,8
101,22,moe,786,38,2615,1166,1167,818,544,1,85,0,611,8,7,1,8
101,23,moe,648,39,8059,2575,2575,3330,2039,0,115,0,1410,8,6,2,8
101,24,moe,790,42,7818,2729,2729,2693,2348,0,48,0,739,8,5,3,8
101,25,moe,799,39,16977,6516,6516,7894,2502,0,65,0,733,8,3,5,8
101,26,moe,683,36,17114,6517,6517,8071,2459,1,66,0,760,8,3,5,8
101,-1,epi,0,0,0,0,0,0,0,0,5798,0,0,0,0,0,0
102,-2,pre,87,0,0,0,0,0,0,0,0,0,0,0,0,0,0
102,0,dense,1446,47,0,0,0,0,0,0,0,0,0,0,0,0,0
102,1,moe,877,45,7159,3950,3950,2736,423,0,50,0,822,8,5,3,8
102,2,moe,747,40,12774,6119,6119,4515,2071,0,69,0,744,8,3,5,8
102,3,moe,687,37,12777,7502,7502,4486,726,0,63,0,1770,8,3,5,8
102,4,moe,722,39,11,0,0,0,0,0,11,0,611,8,8,0,8
102,5,moe,791,37,2930,1185,1186,1447,197,0,100,0,616,8,7,1,8
102,6,moe,741,40,12328,5915,5915,4979,1327,0,107,0,1273,8,5,3,8
102,7,moe,719,86,7734,4465,4465,2340,818,0,111,0,615,8,5,3,8
102,8,moe,729,38,2596,1148,1148,1375,50,0,23,0,609,8,7,1,8
102,9,moe,804,46,11393,3843,3843,4986,2460,0,104,0,761,8,5,3,8
102,10,moe,718,36,15232,8811,8811,4646,1620,0,155,0,622,8,2,6,8
102,11,moe,642,35,5454,2797,2798,2278,334,0,44,0,623,8,5,3,8
102,12,moe,728,35,9026,5728,5728,2783,403,1,111,0,736,8,5,3,8
102,13,moe,786,37,2335,305,305,1452,497,0,81,0,656,8,7,1,8
102,14,moe,725,34,12413,8042,8043,3060,1260,0,50,0,665,8,4,4,8
102,15,moe,644,35,16299,6826,6826,5585,3769,0,119,0,794,8,4,4,8
102,16,moe,723,38,9216,4714,4714,4229,148,0,125,0,612,8,5,3,8
102,17,moe,792,37,7136,4348,4348,2292,453,0,43,0,1116,8,5,3,8
102,18,moe,714,36,9597,3979,3979,4981,509,0,128,0,803,8,5,3,8
102,19,moe,640,34,14876,7458,7458,5581,1708,1,128,0,1320,8,4,4,8
102,20,moe,777,129,10444,4097,4097,5523,740,0,84,0,730,8,4,4,8
102,21,moe,801,44,10129,5514,5514,3720,799,0,96,0,739,8,4,4,8
102,22,moe,790,37,17741,8800,8800,4649,4142,0,150,0,620,8,2,6,8
102,23,moe,642,46,7392,3088,3088,2935,1272,0,97,0,762,8,6,2,8
102,24,moe,796,41,17093,5888,5888,8082,3064,1,58,0,735,8,3,5,8
102,25,moe,8244,39,16416,5978,5980,7039,3327,0,70,0,1384,8,3,5,8
102,26,moe,999,41,13060,7298,7298,4466,1221,0,75,0,754,8,3,5,8
102,-1,epi,0,0,0,0,0,0,0,0,5689,0,0,0,0,0,0
103,-2,pre,51,0,0,0,0,0,0,0,0,0,0,0,0,0,0
103,0,dense,1472,46,0,0,0,0,0,0,0,0,0,0,0,0,0
103,1,moe,825,39,16056,8628,8629,6456,915,0,56,0,1299,8,4,4,8
103,2,moe,723,40,5486,2651,2651,2410,388,0,37,0,834,8,6,2,8
103,3,moe,661,37,8395,4017,4017,3547,772,0,59,0,742,8,4,4,8
103,4,moe,724,38,6258,3418,3418,2364,350,0,126,0,619,8,5,3,8
103,5,moe,800,39,4211,2232,2233,1528,416,0,34,0,615,8,6,2,8
103,6,moe,724,36,4273,2919,2919,995,302,0,57,0,733,8,7,1,8
103,7,moe,649,34,2877,585,585,1600,602,0,90,0,627,8,6,2,8
103,8,moe,728,36,5280,4441,4441,764,51,0,24,0,607,8,7,1,8
103,9,moe,801,35,7310,2596,2596,2972,1641,0,101,0,735,8,6,2,8
103,10,moe,735,36,10941,3454,3454,4232,3132,0,123,0,662,8,5,3,8
103,11,moe,762,66,4468,2734,2734,1546,114,0,74,0,723,8,6,2,8
103,12,moe,722,37,3248,1233,1233,1008,948,0,59,0,892,8,7,1,8
103,13,moe,863,84,5872,2333,2333,2840,557,0,142,0,1132,8,6,2,8
103,14,moe,735,35,6276,1697,1697,2759,1787,0,33,0,811,8,6,2,8
103,15,moe,645,41,7143,3367,3367,3362,313,0,101,0,734,8,6,2,8
103,16,moe,724,35,4666,1616,1616,2850,98,0,102,0,663,8,6,2,8
103,17,moe,798,40,10,0,0,0,0,0,10,0,611,8,8,0,8
103,18,moe,725,32,9,0,0,0,0,0,9,0,2419,8,8,0,8
103,19,moe,718,72,1339,503,503,761,53,0,22,0,668,8,7,1,8
103,20,moe,755,38,4001,2328,2328,1530,112,0,31,0,620,8,6,2,8
103,21,moe,809,39,6453,3174,3174,2784,378,0,117,0,771,8,5,3,8
103,22,moe,795,39,4947,2236,2236,1598,1020,0,93,0,618,8,6,2,8
103,23,moe,651,46,12104,3149,3149,4932,3853,0,170,0,735,8,5,3,8
103,24,moe,885,69,15835,8504,8506,6051,1220,0,58,0,1285,8,4,4,8
103,25,moe,788,42,7198,4765,4765,1618,779,0,36,0,1276,8,7,1,8
103,26,moe,656,36,4400,2467,2467,1774,129,0,30,0,726,8,6,2,8
103,-1,epi,0,0,0,0,0,0,0,0,5683,0,0,0,0,0,0
104,-2,pre,212,0,0,0,0,0,0,0,0,0,0,0,0,0,0
104,0,dense,1435,44,0,0,0,0,0,0,0,0,0,0,0,0,0
104,1,moe,819,39,9113,4326,4327,3545,1181,0,60,0,747,8,4,4,8
104,2,moe,737,43,7352,2563,2563,3227,1525,0,37,0,1502,8,6,2,8
104,3,moe,665,37,14349,6080,6080,6467,1740,0,62,0,848,8,4,4,8
104,4,moe,750,44,2253,1205,1205,839,80,0,129,0,1383,8,7,1,8
104,5,moe,825,46,13512,7043,7043,5513,885,0,71,0,631,8,4,4,8
104,6,moe,738,37,3619,1222,1222,1706,591,0,100,0,1346,8,7,1,8
104,7,moe,654,35,6672,3927,3927,2408,178,0,159,0,797,8,5,3,8
104,8,moe,709,44,6962,3290,3290,2326,1296,0,50,0,676,8,5,3,8
104,9,moe,818,46,7280,3668,3668,2848,638,0,126,0,771,8,5,3,8
104,10,moe,743,38,5863,2778,2778,2360,614,0,111,0,638,8,5,3,8
104,11,moe,660,37,7984,4322,4322,3128,479,1,54,0,709,8,4,4,8
104,12,moe,730,42,7012,3884,3885,2790,202,0,135,0,764,8,5,3,8
104,13,moe,826,39,13097,5539,5539,5970,1480,1,107,0,625,8,3,5,8
104,14,moe,737,39,9744,4952,4954,3044,1689,0,57,0,679,8,4,4,8
104,15,moe,646,37,5554,2850,2850,1913,692,0,99,0,798,8,6,2,8
104,16,moe,743,38,13530,7644,7645,4641,1089,0,155,0,1093,8,2,6,8
104,17,moe,792,38,8678,3689,3689,4133,808,0,48,0,735,8,5,3,8
104,18,moe,727,39,6708,2458,2458,3316,830,1,103,0,2261,8,6,2,8
104,19,moe,693,36,6140,4310,4310,1603,118,1,108,0,615,8,6,2,8
104,20,moe,725,37,4405,2246,2246,1526,591,0,42,0,2427,8,6,2,8
104,21,moe,794,39,5157,2511,2511,1891,648,0,107,0,758,8,6,2,8
104,22,moe,802,43,8497,3639,3639,3132,1604,0,122,0,622,8,4,4,8
104,23,moe,643,35,10440,4688,4689,3646,1980,0,125,0,741,8,4,4,8
104,24,moe,795,40,16916,11563,11563,4435,851,0,67,0,737,8,3,5,8
104,25,moe,791,37,10053,5741,5741,2661,1605,0,46,0,1835,8,5,3,8
104,26,moe,644,39,13655,9615,9615,3551,431,0,58,0,738,8,4,4,8
104,-1,epi,0,0,0,0,0,0,0,0,5664,0,0,0,0,0,0
105,-2,pre,212,0,0,0,0,0,0,0,0,0,0,0,0,0,0
105,0,dense,1432,44,0,0,0,0,0,0,0,0,0,0,0,0,0
105,1,moe,828,38,20536,10081,10081,8278,2100,0,77,0,771,8,3,5,8
105,2,moe,743,39,13192,3752,3752,4834,4545,0,61,0,738,8,5,3,8
105,3,moe,653,37,5092,2444,2444,1773,843,1,31,0,1228,8,6,2,8
105,4,moe,721,36,8158,3864,3864,2369,1824,0,101,0,1092,8,5,3,8
105,5,moe,809,39,3301,1644,1644,1518,105,1,33,0,1589,8,6,2,8
105,6,moe,723,36,9657,4144,4144,3643,1747,0,123,0,746,8,4,4,8
105,7,moe,649,36,7974,2582,2583,4215,1059,0,117,0,1610,8,5,3,8
105,8,moe,740,41,7016,3512,3512,2283,1174,0,47,0,1101,8,5,3,8
105,9,moe,798,36,9426,3103,3103,4942,1302,0,79,0,736,8,5,3,8
105,10,moe,728,43,9959,4007,4007,5618,209,0,125,0,612,8,4,4,8
105,11,moe,648,38,9320,4712,4712,3810,741,0,57,0,620,8,3,5,8
105,12,moe,727,37,6992,2702,2703,3347,840,1,101,0,733,8,6,2,8
105,13,moe,799,42,4827,2879,2879,1588,258,0,102,0,1372,8,6,2,8
105,14,moe,725,37,7727,4419,4419,3048,209,0,51,0,620,8,4,4,8
105,15,moe,652,39,3738,1193,1193,1858,607,1,79,0,1217,8,7,1,8
105,16,moe,726,36,7070,3572,3572,2349,1044,0,105,0,616,8,5,3,8
105,17,moe,788,41,12820,6753,6753,4148,1874,0,45,0,613,8,5,3,8
105,18,moe,727,37,9683,3882,3882,4949,743,0,109,0,739,8,5,3,8
105,19,moe,645,34,4512,2282,2282,1575,562,0,93,0,608,8,6,2,8
105,20,moe,741,31,4120,2273,2273,1520,297,0,30,0,1310,8,6,2,8
105,21,moe,793,32,5200,1560,1560,2546,984,0,110,0,795,8,6,2,8
105,22,moe,792,32,2851,1214,1214,1490,61,0,86,0,1055,8,7,1,8
105,23,moe,650,31,2309,1202,1202,978,66,0,63,0,732,8,7,1,8
105,24,moe,796,32,8741,3800,3800,3543,1332,0,66,0,1314,8,4,4,8
105,25,moe,792,32,5744,1605,1605,3021,1079,0,39,0,737,8,6,2,8
105,26,moe,646,32,5376,2292,2292,2660,383,0,41,0,735,8,5,3,8
105,-1,epi,0,0,0,0,0,0,0,0,5715,0,0,0,0,0,0
106,-2,pre,1163,0,0,0,0,0,0,0,0,0,0,0,0,0,0
106,0,dense,1440,43,0,0,0,0,0,0,0,0,0,0,0,0,0
106,1,moe,828,37,9480,5951,5951,2669,811,0,49,0,739,8,5,3,8
106,2,moe,735,36,12671,4730,4731,6475,1411,0,54,0,740,8,4,4,8
106,3,moe,645,36,15929,5305,5305,7750,2813,0,61,0,1500,8,3,5,8
106,4,moe,727,39,3923,1231,1231,839,1739,0,114,0,650,8,7,1,8
106,5,moe,885,43,6997,4065,4065,2275,613,0,44,0,2090,8,5,3,8
106,6,moe,800,93,11,0,0,0,0,0,11,0,3719,8,8,0,8
106,7,moe,730,46,10047,3286,3286,5518,1197,0,46,0,616,8,4,4,8
106,8,moe,732,37,11491,6459,6459,4141,844,0,47,0,613,8,5,3,8
106,9,moe,792,38,11206,4801,4801,4988,1303,0,114,0,1311,8,5,3,8
106,10,moe,732,42,8523,3017,3017,3136,2235,0,135,0,607,8,4,4,8
106,11,moe,638,35,13414,5922,5922,5522,1923,0,47,0,608,8,4,4,8
106,12,moe,721,37,2486,1359,1359,978,59,0,90,0,729,8,7,1,8
106,13,moe,812,39,8595,3450,3450,4223,806,0,116,0,671,8,5,3,8
106,14,moe,721,38,6383,2506,2506,2282,1551,0,44,0,623,8,5,3,8
106,15,moe,639,36,18857,8362,8363,9411,938,1,144,0,737,8,2,6,8
106,16,moe,728,38,4491,1465,1465,2825,100,0,101,0,1458,8,6,2,8
106,17,moe,791,37,7459,4524,4525,2280,614,0,40,0,606,8,5,3,8
106,18,moe,734,34,6490,1847,1848,3325,1217,0,100,0,2883,8,6,2,8
106,19,moe,733,56,9209,4971,4971,3119,974,0,145,0,612,8,4,4,8
106,20,moe,728,42,5160,1817,1818,2753,555,0,34,0,608,8,6,2,8
106,21,moe,812,39,9166,2598,2598,4991,1468,0,109,0,728,8,5,3,8
106,22,moe,816,42,5974,1789,1789,1632,2449,0,104,0,602,8,6,2,8
106,23,moe,644,34,11130,4596,4596,4989,1429,0,116,0,739,8,5,3,8
106,24,moe,793,38,18028,7580,7580,9691,676,0,81,0,732,8,2,6,8
106,25,moe,800,41,13437,5426,5427,6554,1399,0,57,0,805,8,4,4,8
106,26,moe,679,38,6971,4018,4018,2709,190,0,54,0,745,8,5,3,8
106,-1,epi,0,0,0,0,0,0,0,0,5727,0,0,0,0,0,0
107,-2,pre,200,0,0,0,0,0,0,0,0,0,0,0,0,0,0
107,0,dense,1444,42,0,0,0,0,0,0,0,0,0,0,0,0,0
107,1,moe,816,37,17487,8398,8398,5325,3693,0,71,0,743,8,2,6,8
107,2,moe,725,41,14324,9830,9830,3565,870,0,59,0,1327,8,4,4,8
107,3,moe,635,37,5693,1776,1776,3218,658,1,40,0,727,8,6,2,8
107,4,moe,728,42,9186,4429,4429,2982,1655,1,119,0,666,8,5,3,8
107,5,moe,810,38,2121,1251,1251,767,63,0,40,0,627,8,7,1,8
107,6,moe,734,41,2630,1437,1437,1009,61,0,123,0,775,8,7,1,8
107,7,moe,667,42,12,0,0,0,0,0,12,0,644,8,8,0,8
107,8,moe,790,40,2307,1159,1159,861,226,0,61,0,626,8,7,1,8
107,9,moe,799,37,8180,4931,4931,2774,368,0,107,0,743,8,5,3,8
107,10,moe,723,35,5429,3443,3443,1611,276,1,98,0,612,8,6,2,8
107,11,moe,653,33,10650,4830,4831,5547,219,0,53,0,614,8,4,4,8
107,12,moe,721,38,6317,3665,3665,1892,658,0,102,0,743,8,6,2,8
107,13,moe,801,38,2143,1164,1164,838,49,0,92,0,624,8,7,1,8
107,14,moe,730,35,10657,6616,6616,3061,929,0,51,0,619,8,4,4,8
107,15,moe,654,35,5879,2331,2331,3332,116,0,100,0,802,8,6,2,8
107,16,moe,759,38,4896,1785,1785,2361,637,0,113,0,612,8,5,3,8
107,17,moe,802,37,4807,1836,1836,2281,642,0,48,0,608,8,5,3,8
107,18,moe,737,43,12951,5130,5131,4535,3166,0,119,0,743,8,3,5,8
107,19,moe,651,46,9970,7287,7287,2352,208,0,123,0,607,8,5,3,8
107,20,moe,723,36,3982,2308,2309,1527,112,0,34,0,634,8,6,2,8
107,21,moe,807,42,3753,1619,1619,1886,148,0,100,0,729,8,6,2,8
107,22,moe,801,40,2131,1146,1146,831,69,0,85,0,635,8,7,1,8
107,23,moe,645,32,3836,1393,1393,1757,620,0,66,0,735,8,7,1,8
107,24,moe,804,38,9827,3575,3575,4858,1341,0,53,0,730,8,5,3,8
107,25,moe,807,40,5540,1599,1599,3223,683,0,35,0,735,8,6,2,8
107,26,moe,660,33,10,0,0,0,0,0,10,0,743,8,8,0,8
107,-1,epi,0,0,0,0,0,0,0,0,5776,0,0,0,0,0,0
108,-2,pre,3258,0,0,0,0,0,0,0,0,0,0,0,0,0,0
108,0,dense,1431,40,0,0,0,0,0,0,0,0,0,0,0,0,0
108,1,moe,823,37,10418,5041,5041,2671,2661,0,45,0,739,8,5,3,8
108,2,moe,723,37,7814,3618,3618,2675,1475,0,46,0,738,8,5,3,8
108,3,moe,664,42,16073,8680,8680,5324,2002,0,67,0,740,8,2,6,8
108,4,moe,730,39,2155,1137,1137,861,56,1,100,0,614,8,7,1,8
108,5,moe,802,40,7226,3264,3264,2299,1615,0,48,0,618,8,5,3,8
108,6,moe,724,37,10,0,0,0,0,0,10,0,732,8,8,0,8
108,7,moe,661,33,3854,2179,2179,1519,123,1,32,0,616,8,6,2,8
108,8,moe,728,33,5970,2523,2523,1526,1885,0,36,0,621,8,6,2,8
108,9,moe,805,37,4760,2458,2458,1894,306,0,102,0,735,8,6,2,8
108,10,moe,728,34,8977,5077,5077,3124,657,0,119,0,1059,8,4,4,8
108,11,moe,666,34,10508,6294,6295,3039,1122,0,52,0,1917,8,4,4,8
108,12,moe,772,71,4495,2397,2397,1876,114,0,108,0,733,8,6,2,8
108,13,moe,811,40,7253,3630,3630,2344,1169,0,110,0,618,8,5,3,8
108,14,moe,735,37,6039,3573,3573,2281,145,0,40,0,610,8,5,3,8
108,15,moe,652,34,9249,4836,4836,3636,663,1,113,0,742,8,4,4,8
108,16,moe,724,36,4862,1481,1481,2441,848,0,92,0,615,8,6,2,8
108,17,moe,795,35,9749,3939,3939,3827,1927,0,56,0,618,8,3,5,8
108,18,moe,727,41,6924,2962,2962,2778,1070,0,114,0,739,8,5,3,8
108,19,moe,668,34,9423,3021,3021,5592,670,0,140,0,611,8,4,4,8
108,20,moe,729,34,5319,2838,2838,2281,152,0,48,0,610,8,5,3,8
108,21,moe,791,35,9542,4570,4570,4544,307,0,121,0,732,8,3,5,8
108,22,moe,787,35,6091,3398,3399,2377,170,0,145,0,1602,8,5,3,8
108,23,moe,653,38,10371,5634,5634,1903,2742,0,92,0,812,8,6,2,8
108,24,moe,797,36,18571,10167,10167,8057,287,0,60,0,730,8,3,5,8
108,25,moe,786,35,7091,4197,4197,2677,178,0,39,0,752,8,5,3,8
108,26,moe,719,33,6031,4109,4109,1772,118,1,31,0,734,8,6,2,8
108,-1,epi,0,0,0,0,0,0,0,0,5656,0,0,0,0,0,0
109,-2,pre,218,0,0,0,0,0,0,0,0,0,0,0,0,0,0
109,0,dense,1433,38,0,0,0,0,0,0,0,0,0,0,0,0,0
109,1,moe,807,36,16111,7999,8000,6216,1811,0,84,0,754,8,1,7,8
109,2,moe,736,39,13597,6851,6851,4500,2180,0,66,0,779,8,3,5,8
109,3,moe,670,40,15544,8311,8313,5412,1741,0,78,0,753,8,2,6,8
109,4,moe,727,40,8079,4551,4551,3110,277,0,141,0,622,8,4,4,8
109,5,moe,794,38,11291,4551,4551,5533,1151,0,56,0,624,8,4,4,8
109,6,moe,725,37,5815,2424,2425,1876,1407,1,106,0,1881,8,6,2,8
109,7,moe,651,35,12245,7856,7856,3144,1143,0,102,0,1110,8,4,4,8
109,8,moe,724,36,5095,2601,2602,2275,176,0,42,0,617,8,5,3,8
109,9,moe,792,38,11928,5794,5794,4544,1454,0,136,0,741,8,3,5,8
109,10,moe,719,38,9905,5255,5255,4217,319,0,114,0,610,8,5,3,8
109,11,moe,640,35,13086,7163,7163,5331,515,0,77,0,616,8,1,7,8
109,12,moe,715,35,15671,5285,5285,9300,947,0,139,0,734,8,2,6,8
109,13,moe,794,36,9360,5424,5424,3137,685,1,113,0,772,8,4,4,8
109,14,moe,721,37,10314,5340,5340,4579,323,0,72,0,606,8,2,6,8
109,15,moe,638,34,13239,7329,7329,5419,354,1,136,0,735,8,2,6,8
109,16,moe,721,34,16506,8251,8251,6164,1940,0,151,0,619,8,0,8,8
109,17,moe,789,37,13933,8753,8753,4590,514,0,76,0,617,8,2,6,8
109,18,moe,749,92,10760,5400,5400,3652,1587,0,121,0,736,8,4,4,8
109,19,moe,644,35,21754,10699,10699,9731,1136,0,188,0,613,8,1,7,8
109,20,moe,717,37,13472,7565,7565,4595,1237,0,75,0,615,8,2,6,8
109,21,moe,785,39,16053,9405,9405,5407,1098,0,143,0,731,8,2,6,8
109,22,moe,791,38,12588,6892,6892,4659,888,0,149,0,694,8,2,6,8
109,23,moe,654,34,8674,3949,3949,3665,944,0,116,0,834,8,4,4,8
109,24,moe,791,36,11915,7106,7106,4437,307,0,65,0,743,8,3,5,8
109,25,moe,797,37,18531,7340,7340,10363,753,0,75,0,732,8,1,7,8
109,26,moe,649,38,9715,3978,3978,5310,358,0,69,0,741,8,2,6,8
109,-1,epi,0,0,0,0,0,0,0,0,5645,0,0,0,0,0,0
110,-2,pre,228,0,0,0,0,0,0,0,0,0,0,0,0,0,0
110,0,dense,1433,47,0,0,0,0,0,0,0,0,0,0,0,0,0
110,1,moe,806,37,6664,2662,2662,2662,1297,1,42,0,743,8,5,3,8
110,2,moe,737,34,10419,6042,6043,3555,772,0,49,0,734,8,4,4,8
110,3,moe,646,34,9331,5302,5302,3536,443,0,50,0,722,8,4,4,8
110,4,moe,713,34,13319,3974,3974,6989,2211,0,145,0,615,8,3,5,8
110,5,moe,785,41,4752,2221,2222,1522,973,0,35,0,609,8,6,2,8
110,6,moe,740,38,7665,5007,5007,1890,669,0,99,0,723,8,6,2,8
110,7,moe,674,34,6356,3659,3659,2351,232,0,114,0,610,8,5,3,8
110,8,moe,718,36,10815,4965,4966,5547,242,0,60,0,617,8,4,4,8
110,9,moe,787,37,8917,4378,4379,3666,718,0,154,0,733,8,4,4,8
110,10,moe,724,38,10216,2698,2699,2373,4996,0,148,0,616,8,5,3,8
110,11,moe,651,39,12549,4994,4994,6903,574,0,78,0,612,8,3,5,8
110,12,moe,710,35,2403,341,341,1731,235,0,96,0,729,8,7,1,8
110,13,moe,797,38,3329,1520,1520,1596,121,0,92,0,607,8,6,2,8
110,14,moe,728,34,4415,1460,1460,763,2165,0,27,0,642,8,7,1,8
110,15,moe,732,83,9006,4593,4594,3662,543,0,207,0,770,8,4,4,8
110,16,moe,759,40,3302,1502,1502,1584,108,0,108,0,606,8,6,2,8
110,17,moe,786,37,1131,292,292,763,56,0,20,0,607,8,7,1,8
110,18,moe,717,33,5410,2190,2190,2760,353,0,107,0,749,8,5,3,8
110,19,moe,651,34,17211,7013,7014,9494,537,0,166,0,609,8,1,7,8
110,20,moe,727,36,14432,6446,6447,7017,899,0,69,0,676,8,3,5,8
110,21,moe,785,45,11415,5104,5105,4564,1602,0,144,0,745,8,3,5,8
110,22,moe,797,39,10369,4363,4363,5597,220,0,189,0,2119,8,4,4,8
110,23,moe,700,45,10130,4364,4364,2767,2881,0,118,0,774,8,5,3,8
110,24,moe,873,53,11216,4256,4256,6452,430,0,78,0,738,8,4,4,8
110,25,moe,789,40,9405,5007,5008,3585,755,0,57,0,793,8,4,4,8
110,26,moe,655,35,13628,6466,6466,4460,2640,0,62,0,2622,8,3,5,8
110,-1,epi,0,0,0,0,0,0,0,0,8601,0,0,0,0,0,0
111,-2,pre,85,0,0,0,0,0,0,0,0,0,0,0,0,0,0
111,0,dense,1427,64,0,0,0,0,0,0,0,0,0,0,0,0,0
111,1,moe,837,98,7411,4526,4527,2664,170,0,50,0,746,8,5,3,8
111,2,moe,749,41,10443,5645,5645,3576,1162,0,60,0,740,8,4,4,8
111,3,moe,650,35,5106,2202,2202,2690,171,0,43,0,734,8,5,3,8
111,4,moe,728,37,2218,1195,1196,846,66,0,110,0,616,8,7,1,8
111,5,moe,797,37,5537,2593,2593,2757,153,0,34,0,637,8,6,2,8
111,6,moe,754,81,2657,1510,1510,975,80,0,92,0,753,8,7,1,8
111,7,moe,669,34,3318,1530,1530,1596,117,0,75,0,623,8,6,2,8
111,8,moe,738,34,1602,275,275,763,540,0,24,0,614,8,7,1,8
111,9,moe,793,39,2547,1409,1410,980,57,0,100,0,771,8,7,1,8
111,10,moe,733,34,1271,304,304,825,51,0,91,0,645,8,7,1,8
111,11,moe,655,34,5121,2225,2225,2768,99,0,29,0,614,8,6,2,8
111,12,moe,723,34,3711,1593,1593,1719,310,0,89,0,734,8,7,1,8
111,13,moe,797,39,5582,2483,2483,2856,103,0,140,0,639,8,6,2,8
111,14,moe,766,50,3501,376,376,1374,1730,0,21,0,650,8,7,1,8
111,15,moe,664,30,8,0,0,0,0,0,8,0,733,8,8,0,8
111,16,moe,743,33,4240,2586,2586,1520,99,0,35,0,679,8,6,2,8
111,17,moe,821,42,8788,3653,3653,2294,2799,0,42,0,624,8,5,3,8
111,18,moe,729,35,6665,2513,2513,1883,2159,0,110,0,776,8,6,2,8
111,19,moe,698,52,4348,2507,2507,1611,111,0,119,0,616,8,6,2,8
111,20,moe,724,32,7937,4283,4283,3061,538,1,54,0,618,8,4,4,8
111,21,moe,795,34,11824,4447,4448,6569,659,0,148,0,740,8,4,4,8
111,22,moe,794,39,7375,2867,2868,4244,147,0,116,0,611,8,5,3,8
111,23,moe,648,250,11863,8252,8252,3341,129,0,141,0,727,8,6,2,8
111,24,moe,802,39,18767,9285,9286,8050,1365,0,66,0,736,8,3,5,8
111,25,moe,792,40,8560,4812,4813,2660,1040,0,47,0,742,8,5,3,8
111,26,moe,667,40,10364,4612,4612,5338,349,1,64,0,742,8,2,6,8
111,-1,epi,0,0,0,0,0,0,0,0,14935,0,0,0,0,0,0
112,-2,pre,203,0,0,0,0,0,0,0,0,0,0,0,0,0,0
112,0,dense,1421,42,0,0,0,0,0,0,0,0,0,0,0,0,0
112,1,moe,816,39,10412,6550,6550,3565,246,0,51,0,740,8,4,4,8
112,2,moe,726,36,11102,6162,6164,4432,447,0,59,0,735,8,3,5,8
112,3,moe,647,33,8095,4242,4242,3553,249,0,51,0,746,8,4,4,8
112,4,moe,725,36,8223,2047,2047,4241,1841,1,93,0,612,8,5,3,8
112,5,moe,806,39,6793,2971,2972,3062,710,0,49,0,609,8,4,4,8
112,6,moe,976,40,13052,5682,5682,6603,647,0,120,0,935,8,4,4,8
112,7,moe,899,37,5131,2507,2507,2367,164,0,93,0,728,8,5,3,8
112,8,moe,1179,38,2490,1173,1173,774,514,0,29,0,669,8,7,1,8
112,9,moe,1280,39,9860,5663,5663,3659,376,0,162,0,900,8,4,4,8
112,10,moe,1190,39,4854,2188,2188,2366,176,0,124,0,681,8,5,3,8
112,11,moe,834,34,8074,3726,3726,4129,169,0,50,0,616,8,5,3,8
112,12,moe,721,35,4192,2070,2070,1891,117,0,114,0,764,8,6,2,8
112,13,moe,871,67,6747,3926,3926,2358,344,0,119,0,614,8,5,3,8
112,14,moe,725,38,6667,3372,3372,3050,197,0,48,0,610,8,4,4,8
112,15,moe,645,36,13292,5504,5504,6607,1056,1,124,0,734,8,4,4,8
112,16,moe,735,38,10336,6062,6063,3885,251,0,137,0,614,8,3,5,8
112,17,moe,791,35,11967,7013,7013,4563,321,0,70,0,618,8,2,6,8
112,18,moe,721,37,12537,5392,5392,6596,425,0,124,0,723,8,4,4,8
112,19,moe,662,33,7954,4502,4502,3124,214,0,114,0,609,8,4,4,8
112,20,moe,717,36,6021,3479,3480,2320,169,0,52,0,682,8,5,3,8
112,21,moe,815,48,6409,3263,3263,2811,193,0,142,0,746,8,5,3,8
112,22,moe,801,39,7549,3872,3872,3139,407,0,131,0,631,8,4,4,8
112,23,moe,663,34,7873,3677,3677,2784,1312,0,100,0,742,8,5,3,8
112,24,moe,794,39,5859,2971,2971,2664,174,0,50,0,738,8,5,3,8
112,25,moe,797,38,6104,2516,2516,3217,337,0,34,0,1352,8,6,2,8
112,26,moe,5959,34,6976,3147,3148,3547,225,0,56,0,760,8,4,4,8
112,-1,epi,0,0,0,0,0,0,0,0,5699,0,0,0,0,0,0
113,-2,pre,2737,0,0,0,0,0,0,0,0,0,0,0,0,0,0
113,0,dense,5598,37,0,0,0,0,0,0,0,0,0,0,0,0,0
113,1,moe,6948,37,7380,3563,3563,3537,226,0,54,0,743,8,4,4,8
113,2,moe,7053,36,3622,1671,1671,1791,123,0,37,0,780,8,6,2,8
113,3,moe,12024,34,4326,2391,2391,1778,126,0,31,0,725,8,6,2,8
113,4,moe,5702,35,4575,1211,1211,845,2401,1,117,0,607,8,7,1,8
113,5,moe,7635,42,5844,2962,2962,2749,99,0,34,0,604,8,6,2,8
113,6,moe,4099,35,11761,4942,4942,4717,1985,0,117,0,748,8,4,4,8
113,7,moe,665,37,2132,1133,1133,858,51,0,90,0,604,8,7,1,8
113,8,moe,733,37,3632,1221,1221,764,1624,0,23,0,630,8,7,1,8
113,9,moe,859,41,9236,3785,3785,4979,356,0,116,0,777,8,5,3,8
113,10,moe,722,35,7475,2568,2569,3190,1607,0,109,0,606,8,5,3,8
113,11,moe,658,38,3438,557,558,2754,96,0,30,0,652,8,6,2,8
113,12,moe,734,33,2476,1314,1314,1017,86,0,59,0,724,8,7,1,8
113,13,moe,798,38,2212,1231,1231,844,51,1,85,0,610,8,7,1,8
113,14,moe,729,41,5202,2707,2707,2301,154,0,40,0,608,8,5,3,8
113,15,moe,657,38,4609,2505,2505,1888,117,0,99,0,729,8,6,2,8
113,16,moe,732,35,6012,3377,3377,2370,151,0,114,0,609,8,5,3,8
113,17,moe,794,34,7156,3857,3857,3051,196,0,52,0,608,8,4,4,8
113,18,moe,721,36,12352,5407,5407,6595,240,0,110,0,734,8,4,4,8
113,19,moe,645,32,10327,4420,4420,5599,197,0,111,0,602,8,4,4,8
113,20,moe,721,35,10719,4914,4914,5556,201,0,48,0,603,8,4,4,8
113,21,moe,786,34,6110,2585,2585,3317,113,0,95,0,763,8,6,2,8
113,22,moe,808,42,4146,2290,2290,1615,102,0,139,0,661,8,6,2,8
113,23,moe,761,35,8655,3341,3341,5009,194,0,111,0,720,8,5,3,8
113,24,moe,787,36,10269,2408,2408,6454,1347,0,60,0,1272,8,4,4,8
113,25,moe,798,45,12779,6051,6051,6442,236,0,50,0,723,8,4,4,8
113,26,moe,648,38,9006,3757,3757,4822,377,0,50,0,718,8,5,3,8
113,-1,epi,0,0,0,0,0,0,0,0,5652,0,0,0,0,0,0
114,-2,pre,216,0,0,0,0,0,0,0,0,0,0,0,0,0,0
114,0,dense,1416,44,0,0,0,0,0,0,0,0,0,0,0,0,0
114,1,moe,810,35,8116,4084,4084,3539,441,0,52,0,725,8,4,4,8
114,2,moe,729,34,4346,2411,2411,1788,115,0,32,0,726,8,6,2,8
114,3,moe,656,33,2343,1364,1364,898,59,0,22,0,730,8,7,1,8
114,4,moe,727,35,4418,2300,2300,1604,404,0,110,0,649,8,6,2,8
114,5,moe,873,63,3995,2329,2329,1530,100,1,35,0,610,8,6,2,8
114,6,moe,725,45,4117,1716,1716,1725,617,0,59,0,718,8,7,1,8
114,7,moe,660,32,2673,1111,1111,1434,48,0,80,0,605,8,7,1,8
114,8,moe,725,34,4214,2314,2314,1526,342,0,32,0,608,8,6,2,8
114,9,moe,809,36,8978,3733,3734,4948,187,1,108,0,716,8,5,3,8
114,10,moe,746,35,1926,298,298,1484,62,0,82,0,604,8,7,1,8
114,11,moe,657,31,10642,4879,4880,5515,201,0,46,0,627,8,4,4,8
114,12,moe,966,35,11500,4047,4047,6548,792,0,113,0,727,8,4,4,8
114,13,moe,787,35,2169,1124,1124,861,90,0,94,0,607,8,7,1,8
114,14,moe,718,34,11006,4733,4733,5538,690,0,45,0,603,8,4,4,8
114,15,moe,643,32,18433,6774,6774,10281,1225,0,153,0,721,8,1,7,8
114,16,moe,729,39,13785,8485,8485,4677,474,0,149,0,609,8,2,6,8
114,17,moe,782,36,7161,3652,3653,3064,390,0,54,0,610,8,4,4,8
114,18,moe,714,34,11198,5089,5089,5430,549,0,130,0,729,8,2,6,8
114,19,moe,641,35,3236,1447,1447,1594,102,0,93,0,597,8,6,2,8
114,20,moe,718,219,9768,6460,6460,3050,210,0,48,0,597,8,4,4,8
114,21,moe,785,36,7901,3902,3902,3651,233,1,114,0,727,8,4,4,8
114,22,moe,789,44,4078,2235,2235,1613,118,0,112,0,1080,8,6,2,8
114,23,moe,672,33,3973,2232,2232,991,654,1,95,0,792,8,7,1,8
114,24,moe,805,35,12149,5292,5294,6458,346,0,51,0,739,8,4,4,8
114,25,moe,795,37,7900,4068,4068,3542,237,0,53,0,730,8,4,4,8
114,26,moe,653,35,6680,3811,3812,2653,170,0,45,0,731,8,5,3,8
114,-1,epi,0,0,0,0,0,0,0,0,5703,0,0,0,0,0,0
115,-2,pre,244,0,0,0,0,0,0,0,0,0,0,0,0,0,0
115,0,dense,1433,38,0,0,0,0,0,0,0,0,0,0,0,0,0
115,1,moe,812,35,11128,4406,4406,6440,227,0,55,0,733,8,4,4,8
115,2,moe,727,36,8295,4448,4448,3556,245,0,46,0,728,8,4,4,8
115,3,moe,653,33,13750,7005,7005,6238,432,0,75,0,728,8,1,7,8
115,4,moe,725,41,5835,2289,2290,2833,597,0,115,0,1142,8,6,2,8
115,5,moe,806,38,10669,4509,4509,5537,575,0,48,0,602,8,4,4,8
115,6,moe,735,35,6652,2886,2886,2768,879,1,118,0,729,8,5,3,8
115,7,moe,654,35,4274,2499,2499,1579,99,0,97,0,616,8,6,2,8
115,8,moe,721,34,2059,1209,1209,764,64,0,22,0,612,8,7,1,8
115,9,moe,796,35,7066,4025,4025,2752,174,0,115,0,735,8,5,3,8
115,10,moe,717,33,10721,4791,4792,5615,198,0,116,0,611,8,4,4,8
115,11,moe,638,32,9501,3716,3716,5542,196,0,47,0,1066,8,4,4,8
115,12,moe,946,36,14100,5521,5521,8160,293,0,126,0,724,8,3,5,8
115,13,moe,793,38,4570,1531,1531,2837,98,0,104,0,595,8,6,2,8
115,14,moe,732,37,10249,4480,4480,5519,207,0,43,0,608,8,4,4,8
115,15,moe,653,37,20726,8676,8676,10510,1383,0,157,0,726,8,0,8,8
115,16,moe,737,38,11475,6209,6210,4623,505,0,137,0,608,8,2,6,8
115,17,moe,789,41,11072,5291,5291,5355,355,0,71,0,604,8,1,7,8
115,18,moe,717,35,23184,12983,12983,9608,445,0,148,0,725,8,2,6,8
115,19,moe,644,34,11063,6763,6763,3897,273,0,130,0,610,8,3,5,8
115,20,moe,717,37,10319,4562,4562,5510,195,0,52,0,605,8,4,4,8
115,21,moe,777,34,11669,6699,6700,4546,289,0,134,0,722,8,3,5,8
115,22,moe,784,34,7338,3845,3845,3144,194,0,155,0,661,8,4,4,8
115,23,moe,638,32,11876,6357,6357,4543,853,1,122,0,729,8,3,5,8
115,24,moe,783,36,17514,6802,6802,9702,939,1,70,0,729,8,2,6,8
115,25,moe,795,39,10989,4929,4929,5314,675,0,71,0,727,8,2,6,8
115,26,moe,646,46,17249,5217,5217,10800,1150,1,81,0,725,8,1,7,8
115,-1,epi,0,0,0,0,0,0,0,0,5632,0,0,0,0,0,0
116,-2,pre,227,0,0,0,0,0,0,0,0,0,0,0,0,0,0
116,0,dense,1427,41,0,0,0,0,0,0,0,0,0,0,0,0,0
116,1,moe,802,40,8502,4622,4622,3584,244,0,52,0,724,8,4,4,8
116,2,moe,724,36,5685,2325,2325,3213,113,0,34,0,717,8,6,2,8
116,3,moe,643,34,8393,2796,2796,4831,725,0,41,0,725,8,5,3,8
116,4,moe,718,34,7416,2898,2899,4233,149,0,135,0,611,8,5,3,8
116,5,moe,789,39,8109,3779,3779,4139,154,0,37,0,603,8,5,3,8
116,6,moe,719,34,6244,2456,2457,3373,311,0,103,0,719,8,6,2,8
116,7,moe,12222,34,11500,5556,5556,5623,195,0,126,0,598,8,4,4,8
116,8,moe,7399,34,5882,2517,2517,2766,569,0,30,0,594,8,6,2,8
116,9,moe,7646,36,10314,5070,5070,4956,173,0,115,0,715,8,5,3,8
116,10,moe,7571,36,10098,4131,4133,5606,232,0,127,0,595,8,4,4,8
116,11,moe,946,36,5493,2396,2396,2785,283,0,29,0,591,8,6,2,8
116,12,moe,715,33,4136,2161,2161,1824,66,0,85,0,1029,8,7,1,8
116,13,moe,912,45,4319,2520,2520,1606,104,0,89,0,710,8,6,2,8
116,14,moe,733,37,7947,4599,4599,3085,208,0,55,0,614,8,4,4,8
116,15,moe,653,32,7984,2721,2721,4967,172,0,124,0,721,8,5,3,8
116,16,moe,732,36,3633,606,606,2819,100,0,108,0,605,8,6,2,8
116,17,moe,799,37,6600,3155,3155,3048,347,0,50,0,604,8,4,4,8
116,18,moe,727,35,8181,4171,4171,3657,242,0,111,0,720,8,4,4,8
116,19,moe,645,34,8622,2716,2717,5588,198,0,119,0,606,8,4,4,8
116,20,moe,726,34,5825,3341,3341,2283,160,0,41,0,604,8,5,3,8
116,21,moe,783,35,8169,4173,4173,3642,230,0,124,0,719,8,4,4,8
116,22,moe,783,41,7840,3719,3719,3114,891,0,116,0,601,8,4,4,8
116,23,moe,645,37,10430,3129,3129,4025,3136,1,139,0,751,8,5,3,8
116,24,moe,788,38,12966,4568,4568,8050,284,0,64,0,725,8,3,5,8
116,25,moe,794,36,12493,7721,7721,4431,285,1,55,0,719,8,3,5,8
116,26,moe,638,34,10502,4749,4749,5328,351,0,74,0,728,8,2,6,8
116,-1,epi,0,0,0,0,0,0,0,0,5643,0,0,0,0,0,0
117,-2,pre,53,0,0,0,0,0,0,0,0,0,0,0,0,0,0
117,0,dense,1431,39,0,0,0,0,0,0,0,0,0,0,0,0,0
117,1,moe,814,37,11696,6867,6868,4471,296,0,61,0,748,8,3,5,8
117,2,moe,718,36,13095,5571,5571,6463,1006,0,55,0,728,8,4,4,8
117,3,moe,652,33,17207,8587,8587,8068,481,0,71,0,719,8,3,5,8
117,4,moe,719,34,8374,4078,4078,3896,257,0,143,0,604,8,3,5,8
117,5,moe,785,35,3939,2283,2283,1519,102,1,34,0,619,8,6,2,8
117,6,moe,728,34,5169,2650,2650,1901,522,0,96,0,720,8,6,2,8
117,7,moe,656,32,4099,2274,2275,1623,102,0,99,0,604,8,6,2,8
117,8,moe,719,42,5835,2794,2794,2765,243,0,33,0,598,8,6,2,8
117,9,moe,796,31,10590,5578,5578,4584,290,0,138,0,722,8,3,5,8
117,10,moe,709,32,7922,3419,3419,4224,170,0,109,0,599,8,5,3,8
117,11,moe,643,28,12401,5172,5172,6901,265,0,63,0,601,8,3,5,8
117,12,moe,719,31,9033,3785,3785,4964,182,0,102,0,716,8,5,3,8
117,13,moe,1175,32,10409,4494,4494,5583,214,0,118,0,662,8,4,4,8
117,14,moe,721,29,7625,3298,3299,4138,146,0,42,0,599,8,5,3,8
117,15,moe,639,27,10118,3221,3221,6560,226,0,111,0,714,8,4,4,8
117,16,moe,737,34,13244,5858,5858,7010,247,0,129,0,595,8,3,5,8
117,17,moe,813,33,4791,3126,3127,1534,101,0,29,0,627,8,6,2,8
117,18,moe,767,35,16207,10203,10204,5446,421,0,136,0,721,8,2,6,8
117,19,moe,646,38,6203,3577,3578,2357,154,0,114,0,595,8,5,3,8
117,20,moe,713,34,5135,2230,2231,2769,104,0,31,0,596,8,6,2,8
117,21,moe,789,33,6754,3199,3199,3349,113,1,92,0,726,8,6,2,8
117,22,moe,787,35,6996,2491,2491,4245,153,0,107,0,636,8,5,3,8
117,23,moe,647,33,9124,3873,3874,4984,171,0,95,0,715,8,5,3,8
117,24,moe,793,33,14952,6550,6550,8051,292,0,59,0,722,8,3,5,8
117,25,moe,790,35,10405,5285,5285,4857,216,0,47,0,715,8,5,3,8
117,26,moe,635,34,11077,6271,6271,4450,293,0,63,0,720,8,3,5,8
117,-1,epi,0,0,0,0,0,0,0,0,5621,0,0,0,0,0,0
118,-2,pre,211,0,0,0,0,0,0,0,0,0,0,0,0,0,0
118,0,dense,1424,40,0,0,0,0,0,0,0,0,0,0,0,0,0
118,1,moe,804,36,16820,6763,6764,9632,359,0,65,0,718,8,2,6,8
118,2,moe,723,42,8040,4220,4220,3545,225,0,50,0,717,8,4,4,8
118,3,moe,637,34,9301,4502,4503,4448,294,0,56,0,718,8,3,5,8
118,4,moe,713,36,7212,2709,2710,4233,147,1,121,0,601,8,5,3,8
118,5,moe,793,41,13008,5782,5782,6903,264,0,59,0,651,8,3,5,8
118,6,moe,717,34,11983,5037,5037,6588,240,0,118,0,1224,8,4,4,8
118,7,moe,649,31,19692,14313,14314,4703,552,0,123,0,670,8,2,6,8
118,8,moe,714,44,8403,3385,3385,4176,797,0,45,0,605,8,5,3,8
118,9,moe,812,38,7330,2747,2748,3670,785,0,127,0,722,8,4,4,8
118,10,moe,719,48,12248,7529,7529,4279,320,0,120,0,594,8,5,3,8
118,11,moe,12289,36,9473,5145,5145,4137,148,1,42,0,648,8,5,3,8
118,12,moe,9444,34,8291,4628,4628,3452,113,0,98,0,715,8,6,2,8
118,13,moe,5102,40,2725,1099,1099,1486,50,0,90,0,596,8,7,1,8
118,14,moe,725,37,8860,3094,3094,5517,193,0,56,0,594,8,4,4,8
118,15,moe,654,37,15214,6029,6030,8157,911,0,116,0,717,8,3,5,8
118,16,moe,720,40,13384,7479,7479,5400,351,0,154,0,599,8,1,7,8
118,17,moe,792,38,13771,5114,5114,8285,310,0,62,0,596,8,2,6,8
118,18,moe,722,38,11126,4155,4155,6617,235,0,119,0,716,8,4,4,8
118,19,moe,641,37,10457,4484,4484,5632,213,0,128,0,597,8,4,4,8
118,20,moe,721,37,6878,2548,2548,4131,151,0,48,0,593,8,5,3,8
118,21,moe,789,35,7107,4800,4800,1911,300,0,96,0,713,8,6,2,8
118,22,moe,780,37,8026,3575,3575,4191,150,0,110,0,596,8,5,3,8
118,23,moe,637,33,9665,4583,4583,4660,289,0,133,0,719,8,3,5,8
118,24,moe,784,36,6772,3859,3859,2694,175,0,44,0,719,8,5,3,8
118,25,moe,798,40,8680,3597,3597,4862,177,0,44,0,725,8,5,3,8
118,26,moe,646,36,6913,1864,1864,4826,179,0,44,0,719,8,5,3,8
118,-1,epi,0,0,0,0,0,0,0,0,5658,0,0,0,0,0,0
119,-2,pre,214,0,0,0,0,0,0,0,0,0,0,0,0,0,0
119,0,dense,1427,39,0,0,0,0,0,0,0,0,0,0,0,0,0
119,1,moe,813,39,8064,4207,4208,3556,250,0,50,0,731,8,4,4,8
119,2,moe,726,35,10077,5276,5276,4431,304,0,66,0,725,8,3,5,8
119,3,moe,649,34,7268,3441,3441,3542,234,0,51,0,724,8,4,4,8
119,4,moe,722,34,5268,2234,2234,2858,99,0,77,0,653,8,6,2,8
119,5,moe,800,42,5266,2782,2782,2278,168,0,38,0,613,8,5,3,8
119,6,moe,720,32,2537,1387,1387,993,63,0,94,0,720,8,7,1,8
119,7,moe,645,33,3560,855,855,2421,177,0,107,0,604,8,5,3,8
119,8,moe,723,33,5211,2320,2320,2756,101,0,34,0,601,8,6,2,8
119,9,moe,798,38,8054,2742,2743,5024,179,0,108,0,727,8,5,3,8
119,10,moe,722,35,13802,7405,7405,5410,843,0,144,0,596,8,1,7,8
119,11,moe,650,36,14758,5920,5921,8275,493,0,69,0,603,8,2,6,8
119,12,moe,725,34,5953,2904,2905,2766,181,0,101,0,725,8,5,3,8
119,13,moe,3041,36,7071,1819,1819,4253,877,0,122,0,607,8,5,3,8
119,14,moe,4020,37,6268,2971,2971,3048,198,0,51,0,602,8,4,4,8
119,15,moe,11965,36,9230,5254,5254,3625,231,0,120,0,721,8,4,4,8
119,16,moe,718,43,1290,294,294,867,50,0,79,0,611,8,7,1,8
119,17,moe,808,88,5147,2246,2246,2763,103,0,35,0,597,8,6,2,8
119,18,moe,721,34,8967,3762,3762,4922,177,0,106,0,716,8,5,3,8
119,19,moe,639,33,7038,2578,2578,4207,151,0,102,0,599,8,5,3,8
119,20,moe,719,34,10044,2718,2718,6884,382,0,60,0,648,8,3,5,8
119,21,moe,784,34,6205,2480,2480,3325,308,1,91,0,712,8,6,2,8
119,22,moe,785,34,3902,669,669,2852,281,0,100,0,596,8,6,2,8
119,23,moe,655,34,2684,1359,1359,1018,240,0,67,0,716,8,7,1,8
119,24,moe,802,41,4922,2050,2052,2662,171,0,37,0,722,8,5,3,8
119,25,moe,792,34,6389,2562,2562,3553,224,0,50,0,726,8,4,4,8
119,26,moe,641,33,6770,3716,3716,2655,362,0,37,0,720,8,5,3,8
119,-1,epi,0,0,0,0,0,0,0,0,5672,0,0,0,0,0,0
120,-2,pre,3063,0,0,0,0,0,0,0,0,0,0,0,0,0,0
120,0,dense,1423,36,0,0,0,0,0,0,0,0,0,0,0,0,0
120,1,moe,817,42,6104,2743,2743,3215,115,0,31,0,724,8,6,2,8
120,2,moe,769,45,11745,5011,5011,6445,232,0,57,0,724,8,4,4,8
120,3,moe,647,36,10666,5773,5773,4509,323,0,61,0,783,8,3,5,8
120,4,moe,727,47,4183,2136,2136,1611,288,0,148,0,607,8,6,2,8
120,5,moe,807,38,12641,6805,6806,5586,196,0,53,0,615,8,4,4,8
120,6,moe,770,67,12521,5326,5326,6577,482,0,136,0,728,8,4,4,8
120,7,moe,657,38,4172,2401,2401,1586,110,0,75,0,618,8,6,2,8
120,8,moe,802,49,10436,4624,4624,5529,227,0,56,0,609,8,4,4,8
120,9,moe,797,43,11,0,0,0,0,0,11,0,722,8,8,0,8
120,10,moe,729,37,4475,1559,1560,2765,116,0,34,0,604,8,6,2,8
120,11,moe,655,36,7067,2733,2733,4137,157,0,40,0,596,8,5,3,8
120,12,moe,734,34,3234,1352,1353,1732,57,0,92,0,709,8,7,1,8
120,13,moe,800,34,10956,4820,4820,5592,424,0,120,0,603,8,4,4,8
120,14,moe,729,40,1747,297,297,1380,51,0,19,0,603,8,7,1,8
120,15,moe,700,32,14103,7149,7149,6604,223,0,127,0,717,8,4,4,8
120,16,moe,7507,41,9065,4796,4796,3883,255,0,131,0,603,8,3,5,8
120,17,moe,8166,36,5650,3111,3111,2347,147,0,45,0,596,8,5,3,8
120,18,moe,7595,35,15548,8667,8668,6312,412,0,156,0,723,8,1,7,8
120,19,moe,4046,37,9831,3846,3846,5622,249,0,114,0,601,8,4,4,8
120,20,moe,724,37,6591,2251,2251,4139,156,1,44,0,596,8,5,3,8
120,21,moe,814,39,3181,1096,1096,1866,118,0,101,0,773,8,6,2,8
120,22,moe,810,40,13527,4683,4683,8367,295,0,182,0,596,8,2,6,8
120,23,moe,643,59,10888,3809,3809,6546,424,0,109,0,717,8,4,4,8
120,24,moe,804,37,9467,2571,2571,6432,414,0,50,0,733,8,4,4,8
120,25,moe,795,36,7619,3616,3616,3547,411,0,45,0,720,8,4,4,8
120,26,moe,639,48,4287,1427,1429,2653,169,0,36,0,712,8,5,3,8
120,-1,epi,0,0,0,0,0,0,0,0,5648,0,0,0,0,0,0
121,-2,pre,223,0,0,0,0,0,0,0,0,0,0,0,0,0,0
121,0,dense,1429,38,0,0,0,0,0,0,0,0,0,0,0,0,0
121,1,moe,813,35,10972,5230,5230,5320,358,1,63,0,760,8,2,6,8
121,2,moe,735,40,9265,4472,4472,4449,285,0,59,0,772,8,3,5,8
121,3,moe,657,33,20979,7286,7286,12915,693,0,85,0,725,8,0,8,8
121,4,moe,732,35,8627,2704,2704,5611,214,0,98,0,598,8,4,4,8
121,5,moe,802,38,3119,1471,1471,1518,100,0,30,0,602,8,6,2,8
121,6,moe,727,35,9246,3799,3799,4949,385,0,113,0,715,8,5,3,8
121,7,moe,644,37,8928,2825,2826,5617,365,0,120,0,598,8,4,4,8
121,8,moe,720,34,9496,3721,3721,5529,199,0,47,0,600,8,4,4,8
121,9,moe,785,34,8028,2767,2767,4955,196,0,110,0,782,8,5,3,8
121,10,moe,731,37,8936,4676,4677,3892,245,0,122,0,602,8,3,5,8
121,11,moe,641,82,10312,4543,4543,5331,361,0,77,0,600,8,1,7,8
121,12,moe,713,35,14045,5380,5380,8235,296,0,134,0,776,8,3,5,8
121,13,moe,785,36,5559,2804,2804,2349,301,0,105,0,645,8,5,3,8
121,14,moe,725,36,8767,4666,4667,3799,246,0,55,0,606,8,3,5,8
121,15,moe,642,32,15240,5055,5055,9709,338,0,138,0,711,8,2,6,8
121,16,moe,725,33,14520,4554,4554,9465,345,0,156,0,597,8,1,7,8
121,17,moe,789,35,8705,2919,2920,5529,208,0,48,0,650,8,4,4,8
121,18,moe,728,32,13031,4465,4465,8159,281,0,126,0,722,8,3,5,8
121,19,moe,14707,37,13352,4409,4409,8485,305,0,153,0,599,8,2,6,8
121,20,moe,7209,39,8906,3934,3934,4603,299,0,70,0,606,8,2,6,8
121,21,moe,4420,44,9023,3838,3838,4724,308,0,153,0,773,8,3,5,8
121,22,moe,795,42,10991,5045,5045,5429,354,1,162,0,619,8,1,7,8
121,23,moe,648,41,11268,5120,5120,5461,547,0,140,0,722,8,2,6,8
121,24,moe,788,38,12925,6033,6033,6190,621,0,81,0,723,8,1,7,8
121,25,moe,790,37,11534,4739,4739,6299,415,1,80,0,729,8,1,7,8
121,26,moe,664,39,10108,3355,3355,6468,230,0,55,0,720,8,4,4,8
121,-1,epi,0,0,0,0,0,0,0,0,5656,0,0,0,0,0,0
122,-2,pre,225,0,0,0,0,0,0,0,0,0,0,0,0,0,0
122,0,dense,1419,43,0,0,0,0,0,0,0,0,0,0,0,0,0
122,1,moe,805,36,13595,5168,5168,8076,285,0,66,0,721,8,3,5,8
122,2,moe,721,36,3450,1532,1532,1770,113,0,35,0,720,8,6,2,8
122,3,moe,660,33,10106,5308,5308,4453,279,0,66,0,719,8,3,5,8
122,4,moe,716,34,10077,5796,5798,3911,257,0,111,0,599,8,3,5,8
122,5,moe,781,37,3070,1415,1415,1524,100,0,31,0,596,8,6,2,8
122,6,moe,721,37,1484,334,334,1030,60,0,60,0,720,8,7,1,8
122,7,moe,658,32,6573,3796,3796,2368,326,0,83,0,602,8,5,3,8
122,8,moe,718,43,4308,3304,3305,763,220,0,20,0,597,8,7,1,8
122,9,moe,790,36,4617,2544,2544,1852,113,0,108,0,718,8,6,2,8
122,10,moe,714,34,5429,2825,2825,2343,148,0,113,0,603,8,5,3,8
122,11,moe,652,33,7178,3875,3875,3050,199,0,54,0,607,8,4,4,8
122,12,moe,735,38,9,0,0,0,0,0,9,0,707,8,8,0,8
122,13,moe,791,35,2162,1175,1175,762,201,0,24,0,599,8,7,1,8
122,14,moe,724,35,5991,3474,3474,2327,147,0,43,0,601,8,5,3,8
122,15,moe,650,34,3676,1567,1567,1895,114,0,100,0,726,8,6,2,8
122,16,moe,715,34,2280,1201,1201,840,151,0,88,0,602,8,7,1,8
122,17,moe,785,37,6509,3204,3204,3058,196,0,51,0,598,8,4,4,8
122,18,moe,715,36,4508,2425,2426,1867,114,0,101,0,721,8,6,2,8
122,19,moe,658,36,7037,2574,2575,4193,153,0,116,0,595,8,5,3,8
122,20,moe,727,40,7176,3856,3857,3058,200,0,61,0,617,8,4,4,8
122,21,moe,789,33,7319,3331,3331,3647,226,0,115,0,726,8,4,4,8
122,22,moe,784,35,10630,5553,5553,4636,294,0,147,0,605,8,2,6,8
122,23,moe,651,32,3657,1587,1587,1871,113,0,86,0,721,8,6,2,8
122,24,moe,789,34,10832,5084,5085,5340,340,0,67,0,733,8,2,6,8
122,25,moe,787,35,10864,6073,6073,4448,283,0,60,0,728,8,3,5,8
122,26,moe,659,35,10845,4101,4102,6463,228,0,52,0,718,8,4,4,8
122,-1,epi,0,0,0,0,0,0,0,0,5650,0,0,0,0,0,0
123,-2,pre,216,0,0,0,0,0,0,0,0,0,0,0,0,0,0
123,0,dense,1433,42,0,0,0,0,0,0,0,0,0,0,0,0,0
123,1,moe,818,35,6082,2532,2533,3220,289,0,40,0,724,8,6,2,8
123,2,moe,723,34,10069,5289,5289,4427,292,0,61,0,730,8,3,5,8
123,3,moe,648,29,7177,3364,3364,3539,227,0,47,0,718,8,4,4,8
123,4,moe,724,31,5223,2603,2603,2346,150,0,124,0,599,8,5,3,8
123,5,moe,793,30,5061,2579,2579,2286,154,0,42,0,601,8,5,3,8
123,6,moe,720,30,3687,1587,1587,1885,117,0,98,0,722,8,6,2,8
123,7,moe,654,29,10949,7303,7303,3130,395,0,121,0,603,8,4,4,8
123,8,moe,714,30,2600,1141,1141,1382,52,0,25,0,601,8,7,1,8
123,9,moe,792,32,10,0,0,0,0,0,10,0,721,8,8,0,8
123,10,moe,732,29,5257,2364,2364,2754,109,0,30,0,599,8,6,2,8
123,11,moe,659,31,9689,5560,5560,3818,245,0,66,0,606,8,3,5,8
123,12,moe,725,250,11775,8712,8712,2765,176,0,122,0,724,8,5,3,8
123,13,moe,784,34,7828,3331,3331,4227,154,0,116,0,595,8,5,3,8
123,14,moe,730,40,2027,1178,1178,773,51,1,24,0,601,8,7,1,8
123,15,moe,647,33,4956,2866,2866,1881,115,0,94,0,722,8,6,2,8
123,16,moe,716,35,3265,1456,1456,1608,107,0,94,0,597,8,6,2,8
123,17,moe,794,37,6351,3056,3056,3053,196,0,46,0,606,8,4,4,8
123,18,moe,717,34,4494,2407,2407,1875,112,0,100,0,717,8,6,2,8
123,19,moe,636,32,4524,1494,1494,2846,100,0,84,0,601,8,6,2,8
123,20,moe,727,32,5822,3334,3334,2293,152,0,43,0,596,8,5,3,8
123,21,moe,801,34,1461,324,324,987,65,0,85,0,716,8,7,1,8
123,22,moe,792,34,5451,2418,2418,2833,100,0,100,0,608,8,6,2,8
123,23,moe,646,33,5758,2710,2710,2774,173,0,101,0,722,8,5,3,8
123,24,moe,784,34,6568,3682,3682,2666,175,0,45,0,724,8,5,3,8
123,25,moe,796,37,11509,4782,4782,6448,228,0,51,0,724,8,4,4,8
123,26,moe,650,33,7518,2765,2765,4416,280,0,57,0,739,8,3,5,8
123,-1,epi,0,0,0,0,0,0,0,0,5690,0,0,0,0,0,0
124,-2,pre,55,0,0,0,0,0,0,0,0,0,0,0,0,0,0
124,0,dense,1433,39,0,0,0,0,0,0,0,0,0,0,0,0,0
124,1,moe,821,37,5111,2250,2250,2653,168,0,40,0,729,8,5,3,8
124,2,moe,733,33,8863,4000,4000,4524,280,0,59,0,724,8,3,5,8
124,3,moe,653,35,10139,5227,5227,4531,319,0,62,0,777,8,3,5,8
124,4,moe,720,38,3210,1408,1408,1607,109,0,86,0,627,8,6,2,8
124,5,moe,789,39,4940,2435,2435,2309,151,1,44,0,613,8,5,3,8
124,6,moe,732,39,7177,3609,3609,3331,119,0,118,0,731,8,6,2,8
124,7,moe,672,34,3280,1512,1512,1591,100,0,77,0,608,8,6,2,8
124,8,moe,723,37,5509,3022,3023,2287,154,0,45,0,610,8,5,3,8
124,9,moe,792,38,7143,4067,4067,2776,182,0,118,0,725,8,5,3,8
124,10,moe,725,35,6465,1992,1992,4208,149,0,116,0,605,8,5,3,8
124,11,moe,650,34,8035,2091,2091,5514,383,0,47,0,599,8,4,4,8
124,12,moe,731,37,6218,3151,3152,2780,185,0,101,0,726,8,5,3,8
124,13,moe,791,35,6326,3551,3551,2354,338,0,83,0,607,8,5,3,8
124,14,moe,717,34,5122,2637,2637,2294,149,0,42,0,604,8,5,3,8
124,15,moe,657,35,6828,3789,3790,2760,169,0,109,0,724,8,5,3,8
124,16,moe,719,34,6362,2924,2924,3121,199,0,118,0,613,8,4,4,8
124,17,moe,788,38,7109,3804,3805,3060,196,0,48,0,604,8,4,4,8
124,18,moe,714,35,10366,5421,5421,4522,282,0,141,0,729,8,3,5,8
124,19,moe,651,34,10216,6793,6793,3106,196,0,121,0,600,8,4,4,8
124,20,moe,712,35,8111,4811,4811,3059,193,0,48,0,603,8,4,4,8
124,21,moe,793,41,3722,1621,1621,1873,117,0,111,0,720,8,6,2,8
124,22,moe,788,49,4421,2610,2610,1598,99,0,114,0,597,8,6,2,8
124,23,moe,646,42,15919,7308,7308,8191,285,0,135,0,726,8,3,5,8
124,24,moe,796,35,8467,4429,4429,3555,428,0,55,0,726,8,4,4,8
124,25,moe,803,37,7036,3955,3956,2661,379,0,40,0,720,8,5,3,8
124,26,moe,652,38,11017,6230,6230,4436,290,0,61,0,725,8,3,5,8
124,-1,epi,0,0,0,0,0,0,0,0,5647,0,0,0,0,0,0
125,-2,pre,35,0,0,0,0,0,0,0,0,0,0,0,0,0,0
125,0,dense,1419,41,0,0,0,0,0,0,0,0,0,0,0,0,0
125,1,moe,820,37,8781,4946,4946,3546,230,1,58,0,789,8,4,4,8
125,2,moe,721,35,11078,6282,6282,4446,290,0,60,0,729,8,3,5,8
125,3,moe,650,32,5361,1969,1969,3238,118,0,36,0,761,8,6,2,8
125,4,moe,762,38,7259,3605,3605,3136,375,0,143,0,603,8,4,4,8
125,5,moe,789,36,7065,4247,4247,2289,484,0,45,0,601,8,5,3,8
125,6,moe,717,34,2383,1267,1267,1001,59,0,56,0,742,8,7,1,8
125,7,moe,702,80,8014,3493,3493,4229,168,0,124,0,600,8,5,3,8
125,8,moe,729,34,8467,5144,5144,3060,212,1,50,0,613,8,4,4,8
125,9,moe,793,35,3762,1590,1590,1912,157,1,102,0,745,8,6,2,8
125,10,moe,754,34,5977,3350,3350,2365,148,0,114,0,602,8,5,3,8
125,11,moe,738,89,5002,2521,2522,2281,155,0,44,0,601,8,5,3,8
125,12,moe,719,36,4136,1539,1539,1868,631,0,98,0,729,8,6,2,8
125,13,moe,794,36,5542,2902,2902,2366,153,0,121,0,661,8,5,3,8
125,14,moe,1194,37,7681,4361,4361,3049,214,0,57,0,602,8,4,4,8
125,15,moe,650,32,3754,1620,1620,1911,119,0,104,0,730,8,6,2,8
125,16,moe,717,35,4829,2006,2006,2340,150,0,333,0,604,8,5,3,8
125,17,moe,806,38,7941,2185,2185,5505,199,0,52,0,699,8,4,4,8
125,18,moe,732,35,10947,5973,5974,4553,290,0,130,0,723,8,3,5,8
125,19,moe,647,33,4530,1457,1457,2871,106,0,96,0,657,8,6,2,8
125,20,moe,753,35,7139,1216,1216,5522,349,0,52,0,608,8,4,4,8
125,21,moe,793,36,5952,2890,2890,2763,177,0,122,0,779,8,5,3,8
125,22,moe,898,92,5700,2871,2871,2382,306,0,141,0,601,8,5,3,8
125,23,moe,696,91,5197,2150,2150,2774,169,0,104,0,724,8,5,3,8
125,24,moe,787,40,9009,5189,5189,3540,229,0,51,0,716,8,4,4,8
125,25,moe,783,36,6806,2959,2959,3563,236,0,48,0,731,8,4,4,8
125,26,moe,2278,37,4294,650,651,3236,375,0,32,0,720,8,6,2,8
125,-1,epi,0,0,0,0,0,0,0,0,6768,0,0,0,0,0,0
126,-2,pre,205,0,0,0,0,0,0,0,0,0,0,0,0,0,0
126,0,dense,1431,39,0,0,0,0,0,0,0,0,0,0,0,0,0
126,1,moe,822,40,13737,7983,7984,5338,347,0,68,0,769,8,2,6,8
126,2,moe,733,41,7671,4284,4284,3228,119,0,40,0,728,8,6,2,8
126,3,moe,648,35,15183,6380,6381,8075,669,0,58,0,724,8,3,5,8
126,4,moe,729,36,9610,6002,6002,3100,373,0,135,0,600,8,4,4,8
126,5,moe,788,37,7431,4145,4145,3041,197,0,48,0,603,8,4,4,8
126,6,moe,713,37,2365,1193,1193,1010,66,0,96,0,746,8,7,1,8
126,7,moe,710,57,6883,3260,3260,3115,382,1,125,0,605,8,4,4,8
126,8,moe,719,34,5029,2535,2535,2298,148,0,48,0,606,8,5,3,8
126,9,moe,793,213,23,0,0,0,0,0,23,0,791,8,8,0,8
126,10,moe,783,61,6203,4522,4522,1539,108,0,34,0,620,8,6,2,8
126,11,moe,686,81,10064,6699,6699,3102,208,0,55,0,745,8,4,4,8
126,12,moe,726,39,3788,1605,1605,1917,150,0,116,0,872,8,6,2,8
126,13,moe,812,42,2800,1167,1167,1468,58,0,107,0,613,8,7,1,8
126,14,moe,731,36,9129,6642,6642,2284,154,0,49,0,681,8,5,3,8
126,15,moe,840,36,14771,6054,6054,8259,298,0,160,0,799,8,3,5,8
126,16,moe,735,37,7908,4449,4449,3118,197,0,144,0,611,8,4,4,8
126,17,moe,801,40,7899,4594,4594,3047,204,0,54,0,611,8,4,4,8
126,18,moe,722,36,10009,4567,4567,4534,770,0,138,0,736,8,3,5,8
126,19,moe,654,34,7209,3774,3775,3116,196,0,122,0,670,8,4,4,8
126,20,moe,726,35,7188,3752,3752,3046,339,0,51,0,612,8,4,4,8
126,21,moe,786,35,12978,8918,8918,3695,231,0,134,0,811,8,4,4,8
126,22,moe,787,35,7056,4432,4434,2352,149,0,121,0,607,8,5,3,8
126,23,moe,652,37,8792,4794,4796,3647,233,0,116,0,735,8,4,4,8
126,24,moe,785,36,12788,4371,4371,8040,281,0,96,0,728,8,3,5,8
126,25,moe,784,34,12908,4484,4484,8080,288,0,56,0,723,8,3,5,8
126,26,moe,643,35,14158,8397,8397,5343,346,0,72,0,737,8,2,6,8
126,-1,epi,0,0,0,0,0,0,0,0,5632,0,0,0,0,0,0
127,-2,pre,42,0,0,0,0,0,0,0,0,0,0,0,0,0,0
127,0,dense,1431,39,0,0,0,0,0,0,0,0,0,0,0,0,0
127,1,moe,811,38,12482,6762,6762,5310,340,0,70,0,732,8,2,6,8
127,2,moe,714,36,14127,8381,8382,5321,352,1,71,0,749,8,2,6,8
127,3,moe,649,39,7339,3495,3495,3565,225,0,54,0,807,8,4,4,8
127,4,moe,782,38,10608,6130,6130,3891,432,0,155,0,611,8,3,5,8
127,5,moe,791,36,2239,586,586,1518,107,0,28,0,666,8,6,2,8
127,6,moe,719,35,2407,1252,1252,1007,57,0,91,0,735,8,7,1,8
127,7,moe,651,33,5481,2441,2441,2837,101,0,102,0,606,8,6,2,8
127,8,moe,716,36,9617,3839,3839,5508,215,0,55,0,669,8,4,4,8
127,9,moe,797,43,3201,1327,1327,1752,57,0,65,0,724,8,7,1,8
127,10,moe,715,35,8304,3801,3801,4228,152,0,123,0,667,8,5,3,8
127,11,moe,639,33,3468,580,580,2754,99,0,35,0,608,8,6,2,8
127,12,moe,734,35,5183,1626,1626,3334,123,0,100,0,775,8,6,2,8
127,13,moe,800,35,3280,1456,1457,1611,118,0,94,0,705,8,6,2,8
127,14,moe,730,36,8381,4237,4237,3812,265,0,67,0,617,8,3,5,8
127,15,moe,644,33,5097,2043,2043,2772,174,0,108,0,818,8,5,3,8
127,16,moe,777,33,4511,1856,1856,2390,151,0,114,0,634,8,5,3,8
127,17,moe,793,36,5100,2603,2603,2303,154,0,40,0,624,8,5,3,8
127,18,moe,722,36,9894,4374,4374,4539,853,0,128,0,1114,8,3,5,8
127,19,moe,659,36,6989,3336,3336,3137,377,0,139,0,610,8,4,4,8
127,20,moe,726,44,9466,3694,3694,5523,196,0,53,0,610,8,4,4,8
127,21,moe,797,37,11348,2742,2742,8190,285,0,131,0,726,8,3,5,8
127,22,moe,821,35,7885,3410,3410,4210,147,0,118,0,605,8,5,3,8
127,23,moe,650,32,7742,4679,4680,2776,173,0,113,0,731,8,5,3,8
127,24,moe,791,42,12101,6349,6349,5331,352,0,69,0,740,8,2,6,8
127,25,moe,804,34,16258,11345,11345,4556,298,0,59,0,731,8,3,5,8
127,26,moe,644,35,18410,8108,8108,9494,732,0,76,0,741,8,2,6,8
127,-1,epi,0,0,0,0,0,0,0,0,5642,0,0,0,0,0,0
128,-2,pre,235,0,0,0,0,0,0,0,0,0,0,0,0,0,0
128,0,dense,1429,43,0,0,0,0,0,0,0,0,0,0,0,0,0
128,1,moe,806,38,10556,5291,5291,4441,755,0,69,0,740,8,3,5,8
128,2,moe,739,40,5747,2853,2853,2674,171,0,49,0,732,8,5,3,8
128,3,moe,698,55,3925,2000,2000,1769,126,0,30,0,719,8,6,2,8
128,4,moe,728,36,5962,3311,3311,2353,160,0,138,0,606,8,5,3,8
128,5,moe,787,49,1950,1105,1105,768,53,0,24,0,612,8,7,1,8
128,6,moe,718,36,3957,1836,1836,1879,138,0,104,0,725,8,6,2,8
128,7,moe,661,39,3206,1399,1399,1605,102,0,100,0,600,8,6,2,8
128,8,moe,720,34,3948,2289,2289,1526,99,0,34,0,604,8,6,2,8
128,9,moe,807,37,6829,3781,3781,2762,172,0,114,0,782,8,5,3,8
128,10,moe,726,35,2105,1131,1131,831,56,0,87,0,609,8,7,1,8
128,11,moe,676,36,11182,4610,4610,5131,1380,1,60,0,610,8,4,4,8
128,12,moe,730,37,3771,1632,1632,1893,132,0,114,0,2294,8,6,2,8
128,13,moe,769,39,4608,1486,1487,2858,115,0,148,0,802,8,6,2,8
128,14,moe,766,74,8140,3679,3679,3109,1293,0,59,0,620,8,4,4,8
128,15,moe,664,41,8008,3970,3970,3694,242,0,102,0,728,8,4,4,8
128,16,moe,1147,46,9194,3233,3233,5610,209,0,142,0,726,8,4,4,8
128,17,moe,858,37,8885,4628,4628,3813,381,0,63,0,611,8,3,5,8
128,18,moe,728,45,5185,1611,1611,3350,119,1,104,0,721,8,6,2,8
128,19,moe,674,35,4510,1903,1903,2348,147,0,112,0,649,8,5,3,8
128,20,moe,739,35,3899,1716,1716,1526,625,0,32,0,615,8,6,2,8
128,21,moe,823,37,3406,2262,2262,988,57,0,99,0,1236,8,7,1,8
128,22,moe,791,37,5933,4136,4136,1587,100,0,110,0,598,8,6,2,8
128,23,moe,654,33,7324,4252,4252,2769,176,0,127,0,732,8,5,3,8
128,24,moe,798,37,3801,1876,1876,1771,113,0,41,0,724,8,6,2,8
128,25,moe,807,41,13064,3561,3561,8092,1351,0,60,0,731,8,3,5,8
128,26,moe,662,35,4774,2821,2821,1795,117,0,41,0,2334,8,6,2,8
128,-1,epi,0,0,0,0,0,0,0,0,5730,0,0,0,0,0,0
129,-2,pre,287,0,0,0,0,0,0,0,0,0,0,0,0,0,0
129,0,dense,1447,34,0,0,0,0,0,0,0,0,0,0,0,0,0
129,1,moe,824,37,4591,1721,1722,2653,174,0,42,0,732,8,5,3,8
129,2,moe,738,31,10991,5251,5251,5333,341,0,66,0,734,8,2,6,8
129,3,moe,672,36,7045,3987,3988,2663,354,0,40,0,720,8,5,3,8
129,4,moe,731,31,8085,3486,3487,4289,162,0,147,0,745,8,5,3,8
129,5,moe,913,35,4553,2867,2867,1543,107,0,36,0,665,8,6,2,8
129,6,moe,708,31,4722,3553,3553,998,66,1,104,0,761,8,7,1,8
129,7,moe,668,33,9632,6095,6096,3183,211,0,142,0,620,8,4,4,8
129,8,moe,722,42,4100,2410,2410,1543,108,0,39,0,604,8,6,2,8
129,9,moe,794,44,12546,5920,5920,3719,2756,1,150,0,930,8,4,4,8
129,10,moe,721,44,6522,3026,3027,3143,205,0,147,0,615,8,4,4,8
129,11,moe,662,37,5134,2632,2632,2284,172,0,46,0,659,8,5,3,8
129,12,moe,728,39,7499,4378,4378,2792,199,0,130,0,719,8,5,3,8
129,13,moe,790,38,11291,7334,7334,3130,686,0,141,0,602,8,4,4,8
129,14,moe,727,37,5529,3852,3852,1534,107,0,36,0,597,8,6,2,8
129,15,moe,655,34,11189,6064,6065,4573,380,0,171,0,730,8,3,5,8
129,16,moe,724,38,8821,4891,4892,3111,676,0,142,0,601,8,4,4,8
129,17,moe,1055,46,5043,1709,1709,2295,990,0,49,0,608,8,5,3,8
129,18,moe,720,38,11468,6458,6459,4548,311,0,150,0,1125,8,3,5,8
129,19,moe,659,40,7465,3949,3949,3131,251,0,134,0,602,8,4,4,8
129,20,moe,714,36,9623,4170,4170,4573,809,0,71,0,604,8,2,6,8
129,21,moe,781,40,8013,4001,4001,3643,234,0,135,0,721,8,4,4,8
129,22,moe,787,39,9113,4800,4800,3907,254,0,152,0,598,8,3,5,8
129,23,moe,653,35,5922,2863,2863,2774,174,0,111,0,714,8,5,3,8
129,24,moe,782,41,8728,4294,4294,3566,817,0,51,0,720,8,4,4,8
129,25,moe,788,39,11440,5697,5698,5327,346,0,69,0,728,8,2,6,8
129,26,moe,654,34,10938,5503,5503,4439,937,1,58,0,719,8,3,5,8
129,-1,epi,0,0,0,0,0,0,0,0,5661,0,0,0,0,0,0
130,-2,pre,51,0,0,0,0,0,0,0,0,0,0,0,0,0,0
130,0,dense,1448,41,0,0,0,0,0,0,0,0,0,0,0,0,0
130,1,moe,806,41,6578,3680,3680,2678,179,0,41,0,734,8,5,3,8
130,2,moe,724,39,8870,4996,4996,3556,269,0,49,0,723,8,4,4,8
130,3,moe,648,34,8568,4139,4139,3573,807,0,49,0,788,8,4,4,8
130,4,moe,719,45,17181,11235,11236,4037,1718,0,190,0,715,8,3,5,8
130,5,moe,792,41,6294,3315,3316,2285,645,0,48,0,783,8,5,3,8
130,6,moe,715,38,3019,1248,1248,995,672,0,104,0,726,8,7,1,8
130,7,moe,651,35,2119,1132,1132,847,51,0,89,0,2669,8,7,1,8
130,8,moe,787,44,4029,2356,2356,1529,107,0,37,0,661,8,6,2,8
130,9,moe,823,54,7434,4325,4326,2797,180,0,131,0,735,8,5,3,8
130,10,moe,718,38,7331,4250,4250,2375,577,1,128,0,661,8,5,3,8
130,11,moe,661,37,6369,2904,2904,2284,1137,0,44,0,1116,8,5,3,8
130,12,moe,716,37,7286,4044,4044,2785,310,0,147,0,727,8,5,3,8
130,13,moe,792,40,2222,1224,1225,840,60,0,97,0,635,8,7,1,8
130,14,moe,802,57,5918,3260,3261,2287,324,0,46,0,606,8,5,3,8
130,15,moe,660,35,10622,6563,6563,3674,239,0,146,0,778,8,4,4,8
130,16,moe,716,42,11773,8723,8723,2398,503,0,149,0,1223,8,5,3,8
130,17,moe,1056,44,4603,1652,1652,2800,110,0,41,0,689,8,6,2,8
130,18,moe,795,39,7252,3945,3945,2785,342,1,179,0,736,8,5,3,8
130,19,moe,666,40,11718,5227,5227,4678,1646,0,167,0,653,8,2,6,8
130,20,moe,727,44,10103,5584,5584,3825,628,0,66,0,633,8,3,5,8
130,21,moe,785,38,9738,6518,6519,2753,340,0,126,0,888,8,5,3,8
130,22,moe,9023,45,9037,3101,3101,5581,201,0,154,0,607,8,4,4,8
130,23,moe,12844,37,4999,1900,1900,2800,174,0,125,0,723,8,5,3,8
130,24,moe,9499,43,11230,4497,4497,6445,231,0,57,0,741,8,4,4,8
130,25,moe,793,38,12105,7308,7308,4444,286,0,67,0,729,8,3,5,8
130,26,moe,652,36,11187,5939,5939,3590,1601,0,57,0,1201,8,4,4,8
130,-1,epi,0,0,0,0,0,0,0,0,5435,0,0,0,0,0,0
