step,il,kind,route_us,readback_us,load_wall_us,pread_us,repack_us,placement_us,sync_us,load_other_us,compute_us,lookups,hits,misses,n_slots
0,-2,pre,1046,0,0,0,0,0,0,0,0,0,0,0,0
0,0,dense,19298,137,0,0,0,0,0,0,0,0,0,0,0
0,1,moe,9401,156,53006,29770,22732,0,1,503,4500,0,0,0,16
0,2,moe,8166,66,40634,20663,14905,4740,0,326,3170,16,0,16,16
0,3,moe,12074,60,61953,42707,13851,5107,0,288,4471,15,0,15,15
0,4,moe,11194,61,40441,23387,12613,4127,0,314,4316,16,0,16,16
0,5,moe,11175,58,45006,27931,12471,4339,0,265,3163,16,0,16,16
0,6,moe,9887,60,43446,23631,14537,4988,0,290,5458,16,0,16,16
0,7,moe,15345,53,44839,28707,11665,4186,0,281,2640,15,0,15,15
0,8,moe,11905,62,39291,21978,12415,4654,0,244,3255,16,0,16,16
0,9,moe,10920,59,46994,28327,13536,4874,0,257,3225,15,0,15,15
0,10,moe,12490,63,50015,32558,12390,4748,1,318,4888,16,0,16,16
0,11,moe,12904,56,44512,28504,11601,4173,0,234,2969,15,0,15,15
0,12,moe,8199,62,47324,27400,14419,5200,0,305,5227,16,0,16,16
0,13,moe,12144,61,47745,31765,11579,4089,1,311,4663,15,0,15,15
0,14,moe,13496,60,44350,26930,12493,4677,0,250,4455,16,0,16,16
0,15,moe,14912,59,55873,37302,13459,4836,0,276,5408,15,0,15,15
0,16,moe,11596,59,49933,32882,12320,4424,0,307,2930,16,0,16,16
0,17,moe,12053,42,54377,37298,12314,4504,0,261,3988,16,0,16,16
0,18,moe,10088,45,49181,30631,13453,4818,0,279,3651,15,0,15,15
0,19,moe,17435,44,40716,23450,12406,4565,0,295,3083,16,0,16,16
0,20,moe,10850,38,52330,35274,12353,4454,1,248,4702,16,0,16,16
0,21,moe,12069,45,52423,32491,14458,5174,0,300,3743,16,0,16,16
0,22,moe,13208,48,45458,28061,12532,4540,0,325,3930,16,0,16,16
0,23,moe,22289,52,50301,31552,13558,4890,0,301,3543,15,0,15,15
0,24,moe,5925,58,39925,20130,14435,5039,1,320,3159,16,0,16,16
0,25,moe,5236,57,29248,9607,14338,5070,0,233,3775,16,0,16,16
0,26,moe,2664,40,13168,2993,7383,2668,0,124,3037,8,0,8,8
0,-1,epi,0,0,0,0,0,0,0,0,37194,0,0,0,0
1,-2,pre,68,0,0,0,0,0,0,0,0,0,0,0,0
1,0,dense,2362,50,0,0,0,0,0,0,0,0,0,0,0
1,1,moe,1239,42,35001,20083,10793,3921,0,204,2026,12,0,12,12
1,2,moe,1127,43,43961,27831,11620,4296,1,213,2133,13,0,13,13
1,3,moe,678,54,49054,33163,11568,4088,0,235,2682,14,1,13,14
1,4,moe,1136,54,50265,35370,10787,3829,0,279,2264,15,1,14,15
1,5,moe,1247,44,35763,22879,9297,3399,0,188,1844,14,2,12,14
1,6,moe,1116,102,47353,32125,10812,4121,0,295,2096,14,2,12,14
1,7,moe,683,44,39733,22849,12371,4254,0,259,1720,16,0,16,16
1,8,moe,1102,39,34939,22047,9342,3353,0,197,1787,13,1,12,13
1,9,moe,1290,66,38823,22449,11786,4334,0,254,3066,15,2,13,15
1,10,moe,1137,69,49961,37142,9261,3340,0,218,1902,15,3,12,15
1,11,moe,692,94,44335,29253,10857,4005,0,220,3439,15,1,14,15
1,12,moe,1183,41,43353,25689,12652,4733,0,279,2174,16,2,14,16
1,13,moe,1244,47,38757,24788,10093,3610,1,265,1884,14,1,13,14
1,14,moe,1109,38,43860,28931,10778,3938,0,213,2633,16,2,14,16
1,15,moe,661,39,41759,25114,11826,4578,0,241,1833,15,2,13,15
1,16,moe,1092,41,47821,32394,10878,4277,0,272,2675,16,2,14,16
1,17,moe,1245,85,42923,28956,9973,3779,0,215,1673,14,1,13,14
1,18,moe,1092,38,44025,24966,13763,4963,0,333,1992,15,0,15,15
1,19,moe,661,36,43473,28297,10840,4021,0,315,1741,15,1,14,15
1,20,moe,1132,51,51931,37060,10790,3853,1,227,2010,15,1,14,15
1,21,moe,1246,50,33918,21600,8994,3116,0,208,2104,15,5,10,15
1,22,moe,1274,42,38497,26596,8499,3088,0,314,1661,15,4,11,15
1,23,moe,686,39,50579,34360,11694,4295,0,230,2406,16,3,13,16
1,24,moe,10608,37,37629,23812,9951,3685,0,181,2377,14,3,11,14
1,25,moe,3812,36,36631,19451,12640,4355,0,185,3335,16,2,14,16
1,26,moe,650,35,21241,11351,7211,2564,1,114,1215,8,0,8,8
1,-1,epi,0,0,0,0,0,0,0,0,5355,0,0,0,0
2,-2,pre,5560,0,0,0,0,0,0,0,0,0,0,0,0
2,0,dense,123963,67,0,0,0,0,0,0,0,0,0,0,0
2,1,moe,60931,170,840887,405594,343075,87069,1,5148,168974,0,0,0,219
2,2,moe,64689,174,663236,336487,273338,36817,1,16593,135824,0,0,0,225
2,3,moe,48360,173,658436,265229,326035,63115,1,4056,154876,0,0,0,208
2,4,moe,68415,162,483818,239718,187785,48643,0,7672,110166,0,0,0,190
2,5,moe,73062,192,462810,218920,193782,45287,0,4821,111288,0,0,0,184
2,6,moe,72976,163,486917,229215,205284,48776,1,3641,140499,0,0,0,179
2,7,moe,48328,165,418114,199087,170923,44661,1,3442,112544,0,0,0,175
2,8,moe,71053,189,440198,214602,177950,44234,0,3412,120298,0,0,0,179
2,9,moe,74823,160,616871,306998,223142,83096,1,3634,163120,0,0,0,184
2,10,moe,73534,178,558940,247443,203449,104007,0,4041,165396,0,0,0,177
2,11,moe,47455,160,515179,254549,178749,59050,0,22831,118898,0,0,0,180
2,12,moe,72022,174,577266,276147,210304,86982,1,3832,162249,0,0,0,182
2,13,moe,72760,178,482788,247586,178110,53182,0,3910,114107,0,0,0,182
2,14,moe,72804,161,487883,219058,186679,78728,0,3418,130347,0,0,0,188
2,15,moe,42777,199,625691,307871,224799,72190,0,20831,158050,0,0,0,195
2,16,moe,71406,180,501259,236914,196996,63792,0,3557,130807,0,0,0,199
2,17,moe,76625,173,487616,255793,187145,41245,1,3432,112689,0,0,0,192
2,18,moe,72608,198,619288,299704,227401,88152,1,4030,166417,0,0,0,195
2,19,moe,47964,161,523720,254617,199494,65457,0,4152,127537,0,0,0,205
2,20,moe,71346,160,555295,283235,198734,69776,0,3550,139704,0,0,0,205
2,21,moe,76518,155,602072,267363,227669,85393,1,21646,163437,0,0,0,199
2,22,moe,67251,176,511887,257379,193234,56222,1,5051,129150,0,0,0,197
2,23,moe,46548,195,592677,265672,229488,79919,1,17597,273688,0,0,0,194
2,24,moe,73590,164,683157,345400,239580,87241,1,10935,170831,0,0,0,197
2,25,moe,73187,329,521284,232587,213125,71675,0,3897,151480,0,0,0,187
2,26,moe,42268,27,5,0,0,0,0,5,7,0,0,0,0
2,-1,epi,0,0,0,0,0,0,0,0,4,0,0,0,0
3,-2,pre,226,0,0,0,0,0,0,0,0,0,0,0,0
3,0,dense,11953,48,0,0,0,0,0,0,0,0,0,0,0
3,1,moe,8576,44,59359,26205,20343,12452,1,358,4773,25,3,22,25
3,2,moe,8499,41,44988,19579,15177,9959,0,273,5635,22,5,17,22
3,3,moe,10670,39,44945,19872,15172,9603,0,298,5812,22,5,17,22
3,4,moe,8640,42,40583,18364,13143,8739,0,337,4008,20,3,17,20
3,5,moe,9052,43,42287,19551,13780,8673,0,283,3468,20,2,18,20
3,6,moe,8670,40,47857,21178,16102,10240,0,337,5813,23,5,18,23
3,7,moe,11236,38,42236,19419,13842,8679,1,295,4087,21,3,18,21
3,8,moe,8698,41,35165,16200,11457,7249,0,259,3917,18,3,15,18
3,9,moe,8589,41,43726,17838,13458,12151,0,279,6424,20,5,15,20
3,10,moe,10809,43,48584,23471,13349,11406,0,358,6811,23,6,17,23
3,11,moe,14239,53,49784,23952,13273,12203,0,356,4005,19,2,17,19
3,12,moe,11738,55,55461,24655,15596,14813,0,397,4263,18,1,17,18
3,13,moe,12016,56,55028,23287,13384,17974,1,382,5161,21,4,17,21
3,14,moe,10146,57,36892,15363,9296,11969,1,263,6660,18,6,12,18
3,15,moe,14291,59,57344,25069,16570,15299,0,406,6375,21,3,18,21
3,16,moe,9972,52,56896,23909,15045,17497,2,443,4623,23,4,19,23
3,17,moe,11050,42,68587,32215,17251,18756,0,365,8423,27,5,22,27
3,18,moe,12500,56,50330,21486,15350,13130,1,363,8881,20,3,17,20
3,19,moe,19223,74,58127,28186,14994,14503,0,444,4523,21,2,19,21
3,20,moe,10333,53,46879,20679,12470,13445,0,285,5466,22,6,16,22
3,21,moe,12379,41,53314,23237,15537,14198,0,342,4999,23,6,17,23
3,22,moe,9907,43,58809,24435,15653,18333,1,387,3272,24,4,20,24
3,23,moe,14849,33,56769,25268,16450,14683,0,368,3382,20,2,18,20
3,24,moe,1551,51,39934,7251,18765,13648,0,270,3492,23,2,21,23
3,25,moe,1450,39,26375,4572,12481,9142,0,180,4747,22,8,14,22
3,26,moe,8616,32,9070,5413,2709,880,0,68,10650,8,5,3,8
3,-1,epi,0,0,0,0,0,0,0,0,51481,0,0,0,0
4,-2,pre,2738,0,0,0,0,0,0,0,0,0,0,0,0
4,0,dense,1479,59,0,0,0,0,0,0,0,0,0,0,0
4,1,moe,840,48,6186,3111,1800,1216,1,58,2263,8,6,2,8
4,2,moe,753,40,5669,2634,1788,1206,0,41,1211,8,6,2,8
4,3,moe,569,34,5885,2930,1790,1124,0,41,723,8,6,2,8
4,4,moe,717,33,2766,1347,843,507,0,69,1919,8,7,1,8
4,5,moe,787,33,2553,1247,778,497,0,31,1072,8,7,1,8
4,6,moe,715,33,11281,5192,3652,2348,0,89,1317,8,4,4,8
4,7,moe,565,36,5017,2378,1593,978,0,68,596,8,6,2,8
4,8,moe,715,33,4962,2374,1543,1007,0,38,595,8,6,2,8
4,9,moe,790,34,10962,4931,3659,2274,0,98,728,8,4,4,8
4,10,moe,722,34,7403,3420,2369,1536,0,78,604,8,5,3,8
4,11,moe,574,31,4840,2323,1530,957,0,30,592,8,6,2,8
4,12,moe,711,30,5726,2629,1869,1165,0,63,1776,8,6,2,8
4,13,moe,780,38,7421,3396,2363,1582,0,80,3286,8,5,3,8
4,14,moe,735,38,10047,4680,3113,2184,0,70,1254,8,4,4,8
4,15,moe,625,35,3085,1349,1013,674,0,49,1467,8,7,1,8
4,16,moe,736,39,12,0,0,0,0,12,2131,8,8,0,8
4,17,moe,806,37,9985,4642,3144,2089,1,109,1901,8,4,4,8
4,18,moe,733,44,11377,5186,3707,2384,0,100,1286,8,4,4,8
4,19,moe,556,35,7549,3342,2379,1743,0,85,1624,8,5,3,8
4,20,moe,728,37,7579,3547,2323,1658,0,51,1664,8,5,3,8
4,21,moe,789,38,5782,2696,1863,1151,0,72,1430,8,6,2,8
4,22,moe,794,36,5038,2348,1602,1014,0,74,1133,8,6,2,8
4,23,moe,559,31,5622,2544,1872,1153,0,53,1413,8,6,2,8
4,24,moe,785,34,7601,1416,3534,2601,0,50,1297,8,4,4,8
4,25,moe,787,38,11601,1993,5361,4167,0,80,1312,8,2,6,8
4,26,moe,561,34,18884,9639,7130,1997,0,118,727,8,0,8,8
4,-1,epi,0,0,0,0,0,0,0,0,5623,0,0,0,0
5,-2,pre,210,0,0,0,0,0,0,0,0,0,0,0,0
5,0,dense,1412,35,0,0,0,0,0,0,0,0,0,0,0
5,1,moe,803,35,14404,6133,4523,3661,0,87,739,8,3,5,8
5,2,moe,727,44,8958,3757,2682,2462,0,57,1374,8,5,3,8
5,3,moe,558,34,3170,1453,903,787,0,27,2910,8,7,1,8
5,4,moe,719,34,5167,2372,1598,1130,0,67,1126,8,6,2,8
5,5,moe,785,35,5231,2296,1588,1314,0,33,596,8,6,2,8
5,6,moe,715,34,5652,2522,1871,1206,0,53,720,8,6,2,8
5,7,moe,569,37,2730,1307,828,549,0,46,1087,8,7,1,8
5,8,moe,713,33,7501,3451,2307,1701,0,42,599,8,5,3,8
5,9,moe,789,36,10918,4823,3627,2373,0,95,1427,8,4,4,8
5,10,moe,747,35,5831,2920,1593,1254,0,64,1128,8,6,2,8
5,11,moe,557,35,4918,2292,1542,1045,0,39,1093,8,6,2,8
5,12,moe,713,32,5576,2548,1867,1109,0,52,1281,8,6,2,8
5,13,moe,780,34,7525,3488,2341,1618,0,78,1124,8,5,3,8
5,14,moe,721,34,5059,2334,1547,1139,0,39,1098,8,6,2,8
5,15,moe,549,33,8352,3750,2787,1739,0,76,1289,8,5,3,8
5,16,moe,716,41,7342,3396,2357,1512,0,77,1153,8,5,3,8
5,17,moe,785,443,11368,7487,2310,1521,0,50,594,8,5,3,8
5,18,moe,708,35,10816,4843,3617,2277,0,79,1869,8,4,4,8
5,19,moe,547,35,7326,3335,2374,1534,0,83,597,8,5,3,8
5,20,moe,722,37,4942,2330,1529,1047,0,36,1100,8,6,2,8
5,21,moe,781,36,13551,6127,4508,2818,0,98,724,8,3,5,8
5,22,moe,795,35,2630,1226,828,527,0,49,1498,8,7,1,8
5,23,moe,552,32,8279,3798,2748,1658,0,75,1858,8,5,3,8
5,24,moe,790,38,7508,1286,3596,2572,0,54,721,8,4,4,8
5,25,moe,800,38,9499,1640,4425,3361,0,73,728,8,3,5,8
5,26,moe,563,45,14315,7378,5331,1506,0,100,770,8,2,6,8
5,-1,epi,0,0,0,0,0,0,0,0,5600,0,0,0,0
6,-2,pre,215,0,0,0,0,0,0,0,0,0,0,0,0
6,0,dense,1407,36,0,0,0,0,0,0,0,0,0,0,0
6,1,moe,796,32,13545,6075,4486,2895,0,89,725,8,3,5,8
6,2,moe,712,35,2897,1360,900,612,1,24,1263,8,7,1,8
6,3,moe,548,31,10824,4895,3577,2290,0,62,721,8,4,4,8
6,4,moe,710,35,10,0,0,0,0,10,1551,8,8,0,8
6,5,moe,782,30,2681,1297,837,494,0,53,1046,8,7,1,8
6,6,moe,710,31,10,0,0,0,0,10,704,8,8,0,8
6,7,moe,558,33,9,0,0,0,0,9,613,8,8,0,8
6,8,moe,720,32,2606,1249,766,567,0,24,1116,8,7,1,8
6,9,moe,804,36,9,0,0,0,0,9,726,8,8,0,8
6,10,moe,727,29,8,0,0,0,0,8,1090,8,8,0,8
6,11,moe,566,28,4973,2407,1531,1002,0,33,607,8,6,2,8
6,12,moe,718,32,3045,1445,975,584,0,41,1278,8,7,1,8
6,13,moe,782,31,2730,1277,827,578,0,48,1064,8,7,1,8
6,14,moe,718,30,7412,3446,2302,1622,0,42,1601,8,5,3,8
6,15,moe,554,33,2922,1343,990,545,0,44,715,8,7,1,8
6,16,moe,718,32,7386,3370,2354,1579,0,83,1074,8,5,3,8
6,17,moe,783,42,4969,2384,1542,1010,0,33,1571,8,6,2,8
6,18,moe,713,30,3027,1407,990,584,0,46,2318,8,7,1,8
6,19,moe,551,30,5006,2275,1589,1078,0,64,1095,8,6,2,8
6,20,moe,714,31,7108,3338,2292,1431,0,47,1102,8,5,3,8
6,21,moe,791,38,2990,1341,993,608,0,48,2312,8,7,1,8
6,22,moe,786,32,5039,2384,1603,994,0,58,649,8,6,2,8
6,23,moe,552,30,13218,5754,4552,2813,0,99,722,8,3,5,8
6,24,moe,786,34,4774,1726,1792,1205,0,51,1288,8,6,2,8
6,25,moe,792,33,12017,3035,5346,3561,0,75,723,8,2,6,8
6,26,moe,561,33,12086,6286,4446,1280,0,74,889,8,3,5,8
6,-1,epi,0,0,0,0,0,0,0,0,5618,0,0,0,0
7,-2,pre,212,0,0,0,0,0,0,0,0,0,0,0,0
7,0,dense,1423,33,0,0,0,0,0,0,0,0,0,0,0
7,1,moe,793,35,13536,6103,4469,2875,0,89,1287,8,3,5,8
7,2,moe,715,35,17364,6092,4457,6730,0,85,3225,8,3,5,8
7,3,moe,550,37,11496,4975,3565,2894,0,62,720,8,4,4,8
7,4,moe,716,37,13053,5862,3922,3155,0,114,694,8,3,5,8
7,5,moe,840,42,2834,1328,785,679,0,42,680,8,7,1,8
7,6,moe,749,38,6038,2594,1897,1450,0,97,838,8,6,2,8
7,7,moe,602,38,5424,2441,1623,1260,0,100,1292,8,6,2,8
7,8,moe,757,46,2826,1379,783,622,0,42,1391,8,7,1,8
7,9,moe,829,41,6678,2705,1908,1978,0,87,2286,8,6,2,8
7,10,moe,765,46,6006,2507,1648,1753,0,98,696,8,6,2,8
7,11,moe,605,38,14425,5743,3942,4631,0,109,1353,8,3,5,8
7,12,moe,756,39,16582,7080,4730,4543,0,229,856,8,3,5,8
7,13,moe,854,51,14419,6405,4009,3831,0,174,819,8,3,5,8
7,14,moe,1062,44,15218,6030,3913,5146,0,129,694,8,3,5,8
7,15,moe,628,39,19421,7507,5579,6157,0,178,786,8,2,6,8
7,16,moe,740,44,18635,7992,5551,4906,0,186,703,8,1,7,8
7,17,moe,817,51,17786,6901,4672,6080,0,133,749,8,2,6,8
7,18,moe,756,44,22573,8897,6495,6994,0,187,819,8,1,7,8
7,19,moe,605,43,17033,5848,4057,6945,0,183,836,8,3,5,8
7,20,moe,1045,92,23150,7919,4760,10247,0,224,882,8,2,6,8
7,21,moe,1037,73,13827,4730,2849,6054,0,194,827,8,5,3,8
7,22,moe,849,47,10961,4998,3178,2655,0,130,621,8,4,4,8
7,23,moe,568,31,19140,6516,4654,7812,0,158,1840,8,3,5,8
7,24,moe,5338,49,11659,2960,4567,4009,0,123,825,8,3,5,8
7,25,moe,849,46,9730,1583,3654,4390,1,102,826,8,4,4,8
7,26,moe,602,39,14026,7699,4658,1541,0,128,1851,8,3,5,8
7,-1,epi,0,0,0,0,0,0,0,0,5733,0,0,0,0
8,-2,pre,211,0,0,0,0,0,0,0,0,0,0,0,0
8,0,dense,1449,37,0,0,0,0,0,0,0,0,0,0,0
8,1,moe,815,41,16013,6156,4491,5283,0,83,780,8,3,5,8
8,2,moe,737,38,14880,6125,4550,4085,0,120,815,8,3,5,8
8,3,moe,612,45,15357,5334,3631,6290,1,101,886,8,4,4,8
8,4,moe,733,45,10752,4915,3189,2524,0,124,709,8,4,4,8
8,5,moe,831,44,7764,2529,1572,3598,0,65,623,8,6,2,8
8,6,moe,734,41,5796,2590,1881,1251,1,73,746,8,6,2,8
8,7,moe,580,33,2736,1327,836,520,0,53,604,8,7,1,8
8,8,moe,746,32,8058,3540,2312,2153,0,53,1824,8,5,3,8
8,9,moe,797,34,2980,1331,999,592,0,58,3129,8,7,1,8
8,10,moe,727,36,3166,1464,827,823,0,52,758,8,7,1,8
8,11,moe,614,50,8013,3569,2300,2091,0,53,611,8,5,3,8
8,12,moe,718,36,14135,5348,3712,4976,0,99,737,8,4,4,8
8,13,moe,790,38,18442,7098,4727,6477,0,140,605,8,2,6,8
8,14,moe,713,585,13104,8918,2316,1813,0,57,1108,8,5,3,8
8,15,moe,551,36,12559,4922,3720,3826,0,91,786,8,4,4,8
8,16,moe,718,39,10612,4520,3140,2840,0,112,616,8,4,4,8
8,17,moe,795,40,5860,2455,1540,1824,0,41,1106,8,6,2,8
8,18,moe,718,35,5975,2608,1901,1402,0,64,722,8,6,2,8
8,19,moe,553,34,10439,4495,3144,2686,0,114,1146,8,4,4,8
8,20,moe,720,39,5511,2558,1549,1364,0,40,1563,8,6,2,8
8,21,moe,791,39,6360,2658,1915,1705,0,82,722,8,6,2,8
8,22,moe,783,38,8114,3518,2391,2121,0,84,1113,8,5,3,8
8,23,moe,557,34,3530,1383,1021,1080,0,46,1460,8,7,1,8
8,24,moe,3199,37,7448,1522,2681,3199,0,46,824,8,5,3,8
8,25,moe,1328,44,5608,964,2680,1920,0,44,726,8,5,3,8
8,26,moe,565,39,11812,6944,3563,1244,0,61,852,8,4,4,8
8,-1,epi,0,0,0,0,0,0,0,0,5650,0,0,0,0
9,-2,pre,225,0,0,0,0,0,0,0,0,0,0,0,0
9,0,dense,1413,37,0,0,0,0,0,0,0,0,0,0,0
9,1,moe,796,36,13101,6884,3684,2469,0,64,1262,8,4,4,8
9,2,moe,714,36,15592,6735,4495,4270,0,92,750,8,3,5,8
9,3,moe,554,35,6183,2622,1783,1738,0,40,1297,8,6,2,8
9,4,moe,829,40,5773,2410,1623,1633,0,107,1151,8,6,2,8
9,5,moe,822,37,5068,2445,1539,1049,0,35,1144,8,6,2,8
9,6,moe,718,33,3100,1413,995,639,0,53,2230,8,7,1,8
9,7,moe,613,35,3070,1213,836,963,0,58,589,8,7,1,8
9,8,moe,771,176,11056,4340,3146,3493,0,77,654,8,4,4,8
9,9,moe,810,38,9477,3601,2814,2955,1,106,1297,8,5,3,8
9,10,moe,729,43,6729,4012,1600,1034,0,83,601,8,6,2,8
9,11,moe,577,32,8019,5051,1546,1379,0,43,600,8,6,2,8
9,12,moe,710,37,6386,2593,1950,1775,0,68,738,8,6,2,8
9,13,moe,824,36,5767,2261,1671,1760,0,75,1112,8,6,2,8
9,14,moe,739,38,9351,5357,2355,1568,0,71,1084,8,5,3,8
9,15,moe,596,33,6217,2374,1873,1905,0,65,1620,8,6,2,8
9,16,moe,739,36,13049,6194,4088,2642,0,125,615,8,3,5,8
9,17,moe,798,36,5282,2225,1586,1426,0,45,624,8,6,2,8
9,18,moe,754,46,19993,10270,5500,4080,0,143,754,8,2,6,8
9,19,moe,557,37,11195,5386,3208,2490,0,111,712,8,4,4,8
9,20,moe,820,62,12373,5775,3890,2621,0,87,617,8,3,5,8
9,21,moe,782,36,14619,5928,4583,3957,0,151,772,8,3,5,8
9,22,moe,784,45,18690,9626,4753,4151,0,160,613,8,2,6,8
9,23,moe,581,38,19760,8900,6476,4235,0,149,741,8,1,7,8
9,24,moe,838,39,12130,3906,4515,3606,0,103,761,8,3,5,8
9,25,moe,801,34,7604,1328,3763,2444,0,69,850,8,4,4,8
9,26,moe,920,40,17129,9861,5457,1701,0,110,1570,8,2,6,8
9,-1,epi,0,0,0,0,0,0,0,0,5735,0,0,0,0
10,-2,pre,212,0,0,0,0,0,0,0,0,0,0,0,0
10,0,dense,2420,39,0,0,0,0,0,0,0,0,0,0,0
10,1,moe,1231,44,5926,2465,1799,1611,0,51,2862,8,6,2,8
10,2,moe,857,36,11306,4792,3745,2687,0,82,729,8,4,4,8
10,3,moe,585,32,12,0,0,0,0,12,716,8,8,0,8
10,4,moe,867,31,5119,2237,1616,1190,0,76,1567,8,6,2,8
10,5,moe,935,34,7759,3186,2309,2208,0,56,1221,8,5,3,8
10,6,moe,844,34,3304,1325,1031,885,0,63,1449,8,7,1,8
10,7,moe,604,65,8172,3207,2371,2500,0,94,643,8,5,3,8
10,8,moe,866,38,7815,3685,2307,1763,0,60,623,8,5,3,8
10,9,moe,929,35,9165,3942,2799,2329,0,95,727,8,5,3,8
10,10,moe,851,35,10,0,0,0,0,10,1115,8,8,0,8
10,11,moe,553,29,6622,3418,1606,1514,0,84,1097,8,6,2,8
10,12,moe,839,33,6096,2626,1876,1530,1,63,2318,8,6,2,8
10,13,moe,916,35,2721,1328,834,489,0,70,590,8,7,1,8
10,14,moe,844,31,5232,2444,1528,1228,0,32,606,8,6,2,8
10,15,moe,566,29,10835,4732,3648,2356,0,99,733,8,4,4,8
10,16,moe,879,62,10825,4617,3151,2921,0,136,604,8,4,4,8
10,17,moe,933,35,7815,3873,2334,1550,0,58,1114,8,5,3,8
10,18,moe,867,33,15247,6634,4651,3826,0,136,731,8,3,5,8
10,19,moe,558,33,7531,3479,2406,1535,0,111,1505,8,5,3,8
10,20,moe,723,36,8128,3453,2331,2291,0,53,601,8,5,3,8
10,21,moe,794,33,2837,1149,980,655,0,53,724,8,7,1,8
10,22,moe,828,33,5465,2704,1608,1070,0,83,626,8,6,2,8
10,23,moe,560,31,6417,2465,1923,1963,0,66,743,8,6,2,8
10,24,moe,784,32,2500,855,931,688,0,26,743,8,7,1,8
10,25,moe,822,34,5286,966,2761,1510,0,49,739,8,5,3,8
10,26,moe,578,32,8668,4937,2759,914,0,58,1005,8,5,3,8
10,-1,epi,0,0,0,0,0,0,0,0,5811,0,0,0,0
11,-2,pre,137,0,0,0,0,0,0,0,0,0,0,0,0
11,0,dense,1438,39,0,0,0,0,0,0,0,0,0,0,0
11,1,moe,875,47,13739,6167,3766,3724,0,82,1033,8,4,4,8
11,2,moe,1160,46,18639,9063,5529,3929,0,118,841,8,2,6,8
11,3,moe,946,40,12633,4602,3595,4356,0,80,961,8,4,4,8
11,4,moe,1171,42,10484,5044,3160,2125,0,155,728,8,4,4,8
11,5,moe,831,39,4948,2339,1543,1012,0,54,1279,8,6,2,8
11,6,moe,831,57,17522,7163,5571,4665,0,123,734,8,2,6,8
11,7,moe,581,33,6870,4132,1619,1038,0,81,593,8,6,2,8
11,8,moe,752,32,16122,7768,4629,3624,0,101,625,8,2,6,8
11,9,moe,821,43,13858,5986,4561,3197,0,114,750,8,3,5,8
11,10,moe,736,42,11594,7510,2406,1576,0,102,1120,8,5,3,8
11,11,moe,578,32,10509,4453,3095,2885,1,75,1173,8,4,4,8
11,12,moe,755,736,23044,15025,4635,3259,0,125,723,8,3,5,8
11,13,moe,805,40,13038,7242,3167,2524,0,105,612,8,4,4,8
11,14,moe,740,47,9106,3913,2318,2819,0,56,1103,8,5,3,8
11,15,moe,578,40,12932,4882,3732,4223,0,95,763,8,4,4,8
11,16,moe,734,37,8221,3378,2392,2359,0,92,643,8,5,3,8
11,17,moe,807,36,16863,5532,3878,5720,0,1733,624,8,3,5,8
11,18,moe,745,46,10930,5939,2815,2079,0,97,733,8,5,3,8
11,19,moe,566,39,13716,5408,3907,4253,0,148,623,8,3,5,8
11,20,moe,753,40,12306,5563,3842,2819,0,82,643,8,3,5,8
11,21,moe,829,49,11793,4812,2801,4087,0,93,747,8,5,3,8
11,22,moe,846,78,6741,2699,1640,2318,0,84,610,8,6,2,8
11,23,moe,579,44,14705,4042,2820,7745,0,98,792,8,5,3,8
11,24,moe,815,91,13464,5400,3604,4379,0,81,749,8,4,4,8
11,25,moe,7389,35,8629,2452,3607,2487,0,83,795,8,4,4,8
11,26,moe,785,35,10949,7221,2793,876,0,59,883,8,5,3,8
11,-1,epi,0,0,0,0,0,0,0,0,5737,0,0,0,0
12,-2,pre,160,0,0,0,0,0,0,0,0,0,0,0,0
12,0,dense,1398,37,0,0,0,0,0,0,0,0,0,0,0
12,1,moe,813,34,12753,4964,3620,4090,0,79,728,8,4,4,8
12,2,moe,736,46,15060,5901,4496,4560,0,103,737,8,3,5,8
12,3,moe,570,34,16894,7408,5396,3981,0,109,1335,8,2,6,8
12,4,moe,734,34,12015,5361,3896,2638,0,120,707,8,3,5,8
12,5,moe,1561,45,18055,7736,5451,4742,0,126,879,8,1,7,8
12,6,moe,1329,48,15635,5877,4669,4937,1,151,838,8,3,5,8
12,7,moe,957,42,8547,3505,2381,2557,0,104,879,8,5,3,8
12,8,moe,1258,43,9166,4161,2321,2627,0,57,809,8,5,3,8
12,9,moe,1238,53,22569,12343,4639,5450,0,137,939,8,3,5,8
12,10,moe,1201,61,22027,13458,4719,3703,0,147,825,8,2,6,8
12,11,moe,963,38,17864,8487,3866,5394,0,117,1064,8,3,5,8
12,12,moe,975,59,6024,2714,1914,1298,0,98,1292,8,6,2,8
12,13,moe,802,45,10451,4448,3163,2732,0,108,616,8,4,4,8
12,14,moe,723,41,14668,5511,3862,3532,0,1763,1307,8,3,5,8
12,15,moe,591,31,12335,5020,3676,3551,0,88,747,8,4,4,8
12,16,moe,736,40,12730,7119,3158,2345,0,108,659,8,4,4,8
12,17,moe,800,39,19385,9829,3923,5540,0,93,759,8,3,5,8
12,18,moe,775,54,3121,1337,988,722,0,74,1466,8,7,1,8
12,19,moe,591,39,9323,3771,2408,3043,0,101,671,8,5,3,8
12,20,moe,726,62,7668,3499,2335,1765,0,69,689,8,5,3,8
12,21,moe,848,42,20202,12374,4466,3219,1,142,734,8,4,4,8
12,22,moe,803,54,10684,4441,3174,2958,0,111,622,8,4,4,8
12,23,moe,569,41,10375,5177,2829,2264,0,105,727,8,5,3,8
12,24,moe,810,38,20103,9500,5431,5073,0,99,747,8,2,6,8
12,25,moe,786,40,4913,1895,1780,1193,0,45,724,8,6,2,8
12,26,moe,580,44,17087,10826,4528,1650,0,83,1522,8,3,5,8
12,-1,epi,0,0,0,0,0,0,0,0,5155,0,0,0,0
13,-2,pre,239,0,0,0,0,0,0,0,0,0,0,0,0
13,0,dense,1426,49,0,0,0,0,0,0,0,0,0,0,0
13,1,moe,852,43,12938,4762,3646,4450,0,80,768,8,4,4,8
13,2,moe,741,35,12134,4759,3598,3698,0,79,754,8,4,4,8
13,3,moe,580,45,13703,5506,3583,4546,1,67,737,8,4,4,8
13,4,moe,738,52,8656,3338,2380,2838,0,100,607,8,5,3,8
13,5,moe,802,37,2609,1218,781,576,0,34,759,8,7,1,8
13,6,moe,744,36,3291,1288,1002,945,0,56,773,8,7,1,8
13,7,moe,617,31,6517,2351,1618,2441,0,107,636,8,6,2,8
13,8,moe,757,77,2612,1169,781,634,0,28,591,8,7,1,8
13,9,moe,811,41,8970,5388,1903,1614,0,65,728,8,6,2,8
13,10,moe,724,36,17875,10912,3166,3683,0,114,615,8,4,4,8
13,11,moe,572,41,2547,1173,778,571,0,25,1149,8,7,1,8
13,12,moe,1072,43,3013,1313,1024,617,0,59,937,8,7,1,8
13,13,moe,1222,37,8793,3264,2382,3042,1,104,735,8,5,3,8
13,14,moe,1190,73,8814,3329,2291,3137,0,57,798,8,5,3,8
13,15,moe,920,62,6771,3026,1898,1750,0,97,773,8,6,2,8
13,16,moe,734,87,8570,3426,2379,2648,0,117,628,8,5,3,8
13,17,moe,825,59,11495,4812,3118,3488,1,76,684,8,4,4,8
13,18,moe,782,58,11726,4792,3747,3080,1,106,753,8,4,4,8
13,19,moe,565,34,12247,4557,3195,4378,0,117,670,8,4,4,8
13,20,moe,779,42,9555,4446,3071,1967,0,71,610,8,4,4,8
13,21,moe,817,55,8086,2485,1903,3612,0,86,828,8,6,2,8
13,22,moe,870,36,5954,2704,1613,1555,0,82,610,8,6,2,8
13,23,moe,576,51,16316,7272,4636,4272,0,136,749,8,3,5,8
13,24,moe,796,40,8188,3704,2675,1742,0,67,731,8,5,3,8
13,25,moe,789,69,2810,1295,899,588,0,28,721,8,7,1,8
13,26,moe,5740,34,5955,3440,1879,594,1,41,2074,8,6,2,8
13,-1,epi,0,0,0,0,0,0,0,0,5729,0,0,0,0
14,-2,pre,207,0,0,0,0,0,0,0,0,0,0,0,0
14,0,dense,3549,32,0,0,0,0,0,0,0,0,0,0,0
14,1,moe,7371,36,20131,10180,5345,4515,0,91,722,8,2,6,8
14,2,moe,711,36,11214,5020,3600,2528,0,66,779,8,4,4,8
14,3,moe,794,73,9661,3590,2687,3311,0,73,1442,8,5,3,8
14,4,moe,733,35,2841,1333,839,587,0,82,2110,8,7,1,8
14,5,moe,790,38,15912,6698,4606,4450,0,158,604,8,2,6,8
14,6,moe,708,63,9076,3868,2766,2329,0,113,1294,8,5,3,8
14,7,moe,632,59,13997,6724,3881,3263,0,129,599,8,3,5,8
14,8,moe,713,38,13309,5660,3839,3737,0,73,597,8,3,5,8
14,9,moe,812,39,19482,9119,4594,5619,0,150,720,8,3,5,8
14,10,moe,710,41,13794,7422,3159,3108,0,105,642,8,4,4,8
14,11,moe,626,49,11642,7433,2342,1803,0,64,643,8,5,3,8
14,12,moe,706,39,15578,6927,4601,3939,0,111,718,8,3,5,8
14,13,moe,777,40,7664,3777,2340,1456,0,91,591,8,5,3,8
14,14,moe,707,42,10182,4495,3065,2559,1,62,596,8,4,4,8
14,15,moe,641,35,20828,10378,5479,4816,0,155,829,8,2,6,8
14,16,moe,1073,46,16243,8712,3891,3462,0,178,1620,8,3,5,8
14,17,moe,1190,43,13092,5564,3844,3612,0,72,697,8,3,5,8
14,18,moe,1082,42,14190,6992,3658,3391,0,149,809,8,4,4,8
14,19,moe,918,43,5134,2510,1585,963,0,76,699,8,6,2,8
14,20,moe,1202,41,11782,4752,3082,3882,0,66,698,8,4,4,8
14,21,moe,1291,37,15581,6678,4527,4247,0,129,717,8,3,5,8
14,22,moe,787,34,16203,6819,4731,4493,0,160,626,8,2,6,8
14,23,moe,635,29,6273,2515,1877,1821,0,60,712,8,6,2,8
14,24,moe,777,35,18307,8682,5361,4177,0,87,720,8,2,6,8
14,25,moe,773,34,13573,6159,4447,2895,0,72,736,8,3,5,8
14,26,moe,631,31,14476,8144,4467,1783,0,82,1221,8,3,5,8
14,-1,epi,0,0,0,0,0,0,0,0,5550,0,0,0,0
15,-2,pre,59,0,0,0,0,0,0,0,0,0,0,0,0
15,0,dense,1397,34,0,0,0,0,0,0,0,0,0,0,0
15,1,moe,1323,29,16960,7560,5353,3960,0,87,733,8,2,6,8
15,2,moe,3924,34,14451,8237,3580,2571,1,62,713,8,4,4,8
15,3,moe,10091,36,12287,4902,3563,3759,0,63,722,8,4,4,8
15,4,moe,6869,38,12598,5629,3920,2920,0,129,1684,8,3,5,8
15,5,moe,11304,41,2922,1341,774,776,0,31,4544,8,7,1,8
15,6,moe,7877,35,3509,1231,1035,1187,0,56,6678,8,7,1,8
15,7,moe,10049,35,7138,5374,839,847,0,78,3179,8,7,1,8
15,8,moe,7545,34,6943,3071,1549,2283,0,40,3959,8,6,2,8
15,9,moe,4754,37,6981,2576,1916,2417,0,72,3083,8,6,2,8
15,10,moe,8107,35,4952,2611,869,1376,0,96,3468,8,7,1,8
15,11,moe,13836,37,11570,5446,3083,2978,0,63,1108,8,4,4,8
15,12,moe,708,37,5776,2612,1896,1187,0,81,2373,8,6,2,8
15,13,moe,776,36,10371,4330,2374,3554,0,113,2045,8,5,3,8
15,14,moe,713,38,4988,2337,1539,1068,0,44,3727,8,6,2,8
15,15,moe,618,34,21862,8600,4613,8536,0,113,2959,8,3,5,8
15,16,moe,712,40,13211,6337,3888,2853,0,133,707,8,3,5,8
15,17,moe,777,37,10250,4511,3074,2607,0,58,806,8,4,4,8
15,18,moe,709,37,10976,5740,2770,2378,0,88,4754,8,5,3,8
15,19,moe,642,39,10061,4557,3175,2196,0,133,777,8,4,4,8
15,20,moe,713,37,8041,3489,2319,2171,0,62,715,8,5,3,8
15,21,moe,779,36,13100,5044,3724,4202,0,130,843,8,4,4,8
15,22,moe,880,38,21306,8502,5502,7098,0,204,744,8,1,7,8
15,23,moe,827,38,8330,2572,1909,3773,0,76,1510,8,6,2,8
15,24,moe,813,36,22472,8646,6343,7353,0,130,804,8,1,7,8
15,25,moe,786,38,14492,6127,3595,4688,0,82,737,8,4,4,8
15,26,moe,739,41,8135,4319,2848,899,0,69,1831,8,5,3,8
15,-1,epi,0,0,0,0,0,0,0,0,8385,0,0,0,0
16,-2,pre,326,0,0,0,0,0,0,0,0,0,0,0,0
16,0,dense,1410,37,0,0,0,0,0,0,0,0,0,0,0
16,1,moe,805,35,2956,1445,891,592,0,28,1260,8,7,1,8
16,2,moe,728,35,7832,2842,1786,3162,0,42,809,8,6,2,8
16,3,moe,641,38,9479,4038,2728,2653,0,60,796,8,5,3,8
16,4,moe,736,41,5714,2711,1637,1268,0,98,721,8,6,2,8
16,5,moe,822,41,10201,4593,3084,2448,0,76,613,8,4,4,8
16,6,moe,719,35,7162,2589,1884,2620,0,69,1492,8,6,2,8
16,7,moe,687,38,2719,1251,853,558,1,56,1275,8,7,1,8
16,8,moe,736,37,6995,2418,1559,2971,0,47,698,8,6,2,8
16,9,moe,824,37,5888,2589,1898,1323,0,78,800,8,6,2,8
16,10,moe,730,36,2781,1298,837,577,0,69,1111,8,7,1,8
16,11,moe,644,35,9,0,0,0,0,9,601,8,8,0,8
16,12,moe,7627,33,3236,1357,993,812,0,74,724,8,7,1,8
16,13,moe,7199,34,6885,2263,1624,2901,0,97,695,8,6,2,8
16,14,moe,4278,45,7320,3444,2300,1518,0,58,615,8,5,3,8
16,15,moe,7351,32,5972,2583,1897,1414,0,78,3074,8,6,2,8
16,16,moe,4533,36,11,0,0,0,0,11,583,8,8,0,8
16,17,moe,785,34,2778,1269,882,563,0,64,1730,8,7,1,8
16,18,moe,721,34,8,0,0,0,0,8,1269,8,8,0,8
16,19,moe,658,29,4996,2380,1541,1037,0,38,662,8,6,2,8
16,20,moe,718,34,2830,1279,778,748,0,25,652,8,7,1,8
16,21,moe,794,32,11294,4986,3667,2515,0,126,848,8,4,4,8
16,22,moe,783,36,2718,1286,839,536,0,57,692,8,7,1,8
16,23,moe,634,30,3050,1387,990,629,0,44,771,8,7,1,8
16,24,moe,781,35,2747,1441,896,381,0,29,892,8,7,1,8
16,25,moe,828,41,3251,1479,904,831,0,37,724,8,7,1,8
16,26,moe,629,31,9,0,0,0,0,9,754,8,8,0,8
16,-1,epi,0,0,0,0,0,0,0,0,5695,0,0,0,0
17,-2,pre,226,0,0,0,0,0,0,0,0,0,0,0,0
17,0,dense,1413,36,0,0,0,0,0,0,0,0,0,0,0
17,1,moe,800,37,14320,6568,4473,3202,1,76,740,8,3,5,8
17,2,moe,725,38,8351,3817,2680,1798,0,56,1280,8,5,3,8
17,3,moe,638,34,12764,4991,3570,4136,0,67,721,8,4,4,8
17,4,moe,737,34,6110,2329,1611,2062,0,108,607,8,6,2,8
17,5,moe,780,38,5163,2352,1538,1240,1,32,1993,8,6,2,8
17,6,moe,715,467,4487,2782,1022,626,0,57,715,8,7,1,8
17,7,moe,639,33,8761,3747,2340,2587,0,87,613,8,5,3,8
17,8,moe,719,37,6832,3703,1537,1551,0,41,595,8,6,2,8
17,9,moe,781,37,14811,7007,3691,4017,0,96,724,8,4,4,8
17,10,moe,712,38,12823,7358,2383,2986,0,96,601,8,5,3,8
17,11,moe,633,34,2572,1242,775,533,0,22,588,8,7,1,8
17,12,moe,715,37,11137,6337,2812,1905,0,83,3661,8,5,3,8
17,13,moe,789,44,16470,10022,3152,3190,0,106,1075,8,4,4,8
17,14,moe,711,38,4850,1445,780,2599,1,25,614,8,7,1,8
17,15,moe,695,36,11107,3946,2766,4294,0,101,1748,8,5,3,8
17,16,moe,710,38,12387,5662,3138,3464,0,123,1086,8,4,4,8
17,17,moe,7646,82,8967,2494,1544,4872,0,57,3161,8,6,2,8
17,18,moe,9582,79,5085,2498,1005,1500,0,82,809,8,7,1,8
17,19,moe,11701,36,10879,4644,3118,3019,1,97,1510,8,4,4,8
17,20,moe,718,36,7378,3501,2308,1517,0,52,2018,8,5,3,8
17,21,moe,855,63,4589,1557,1002,1964,0,66,872,8,7,1,8
17,22,moe,859,63,3193,1378,853,892,0,70,1519,8,7,1,8
17,23,moe,625,30,8288,3647,2806,1747,0,88,1376,8,5,3,8
17,24,moe,786,35,5363,2064,898,2377,0,24,758,8,7,1,8
17,25,moe,802,38,3246,1523,901,800,0,22,996,8,7,1,8
17,26,moe,640,30,7372,3729,2673,919,0,51,800,8,5,3,8
17,-1,epi,0,0,0,0,0,0,0,0,5610,0,0,0,0
18,-2,pre,50,0,0,0,0,0,0,0,0,0,0,0,0
18,0,dense,1406,35,0,0,0,0,0,0,0,0,0,0,0
18,1,moe,795,34,6228,2905,1783,1496,1,43,769,8,6,2,8
18,2,moe,708,33,9816,4341,2687,2737,0,51,724,8,5,3,8
18,3,moe,634,33,7433,3429,1780,2179,1,44,711,8,6,2,8
18,4,moe,734,31,9,0,0,0,0,9,578,8,8,0,8
18,5,moe,777,33,8815,2910,1623,4180,0,102,645,8,6,2,8
18,6,moe,713,35,7358,3024,1919,2340,0,75,714,8,6,2,8
18,7,moe,633,32,9194,4108,2403,2597,0,86,598,8,5,3,8
18,8,moe,725,37,12473,5155,3100,4162,0,56,596,8,4,4,8
18,9,moe,776,36,3352,1454,976,865,1,56,808,8,7,1,8
18,10,moe,737,34,7963,3413,2363,2091,0,96,1083,8,5,3,8
18,11,moe,629,31,2555,1220,777,533,1,24,596,8,7,1,8
18,12,moe,714,32,7288,2722,1927,2568,0,71,1620,8,6,2,8
18,13,moe,781,36,2717,1290,836,542,0,49,659,8,7,1,8
18,14,moe,729,38,2981,1307,778,873,0,23,641,8,7,1,8
18,15,moe,637,31,8,0,0,0,0,8,1258,8,8,0,8
18,16,moe,710,31,6419,2454,1546,2381,0,38,660,8,6,2,8
18,17,moe,803,110,11,0,0,0,0,11,1136,8,8,0,8
18,18,moe,717,35,3078,1432,989,598,2,57,1747,8,7,1,8
18,19,moe,646,33,10,0,0,0,0,10,590,8,8,0,8
18,20,moe,8202,56,5170,2428,1623,1045,0,74,601,8,6,2,8
18,21,moe,8608,67,7424,3019,1894,2444,0,67,1342,8,6,2,8
18,22,moe,4350,39,2709,1289,842,507,0,71,591,8,7,1,8
18,23,moe,639,32,3707,1561,1016,1056,0,74,757,8,7,1,8
18,24,moe,820,68,4309,1686,899,1695,0,29,1269,8,7,1,8
18,25,moe,804,34,10,0,0,0,1,9,815,8,8,0,8
18,26,moe,630,31,2940,1403,905,605,0,27,827,8,7,1,8
18,-1,epi,0,0,0,0,0,0,0,0,5661,0,0,0,0
19,-2,pre,207,0,0,0,0,0,0,0,0,0,0,0,0
19,0,dense,1419,35,0,0,0,0,0,0,0,0,0,0,0
19,1,moe,805,34,6492,2764,1771,1921,0,36,839,8,6,2,8
19,2,moe,726,32,2857,1324,905,601,0,27,716,8,7,1,8
19,3,moe,645,29,11429,5297,2682,3398,0,52,729,8,5,3,8
19,4,moe,720,36,2693,1266,845,522,0,60,596,8,7,1,8
19,5,moe,784,33,9,0,0,0,0,9,594,8,8,0,8
19,6,moe,711,31,3739,1428,1003,1237,0,71,713,8,7,1,8
19,7,moe,632,35,5119,2403,1604,1041,0,71,599,8,6,2,8
19,8,moe,715,33,10,0,0,0,0,10,597,8,8,0,8
19,9,moe,786,32,6458,2604,1897,1889,0,68,719,8,6,2,8
19,10,moe,721,35,2687,1270,861,499,0,57,648,8,7,1,8
19,11,moe,640,30,2633,1239,777,590,0,27,1167,8,7,1,8
19,12,moe,716,31,8752,3825,2813,2037,0,77,1279,8,5,3,8
19,13,moe,791,34,6040,2350,1611,1984,0,95,2562,8,6,2,8
19,14,moe,726,34,2607,1274,782,525,0,26,1359,8,7,1,8
19,15,moe,636,31,8048,2650,1904,3431,0,63,740,8,6,2,8
19,16,moe,718,37,5110,2406,1601,1038,0,65,1969,8,6,2,8
19,17,moe,793,35,2704,1288,784,601,0,31,654,8,7,1,8
19,18,moe,713,32,11098,7047,1901,2077,0,73,817,8,6,2,8
19,19,moe,711,65,5490,2490,1612,1299,0,89,1390,8,6,2,8
19,20,moe,714,36,2719,1343,777,570,0,29,2603,8,7,1,8
19,21,moe,909,65,8044,2693,1902,3380,0,69,2531,8,6,2,8
19,22,moe,1012,40,8571,2868,1648,3965,0,90,1106,8,6,2,8
19,23,moe,20767,40,7008,2610,1895,2412,0,91,831,8,6,2,8
19,24,moe,778,40,11487,6866,2702,1867,0,52,721,8,5,3,8
19,25,moe,777,37,18229,9802,3579,4780,0,68,719,8,4,4,8
19,26,moe,10066,34,12331,3723,2683,5871,0,54,720,8,5,3,8
19,-1,epi,0,0,0,0,0,0,0,0,5703,0,0,0,0
20,-2,pre,49,0,0,0,0,0,0,0,0,0,0,0,0
20,0,dense,1455,37,0,0,0,0,0,0,0,0,0,0,0
20,1,moe,801,35,10141,3931,2669,3485,0,56,720,8,5,3,8
20,2,moe,723,34,28837,22173,2704,3909,0,51,1530,8,5,3,8
20,3,moe,643,264,18615,10933,3606,3984,0,92,1522,8,4,4,8
20,4,moe,736,43,11372,4468,3194,3599,0,111,614,8,4,4,8
20,5,moe,783,39,9991,3635,2319,3965,0,72,1113,8,5,3,8
20,6,moe,719,37,9627,4342,2768,2417,0,100,2423,8,5,3,8
20,7,moe,684,42,5179,2357,1632,1107,0,83,1150,8,6,2,8
20,8,moe,722,40,7577,4337,1543,1654,0,43,1475,8,6,2,8
20,9,moe,812,41,6883,2631,1926,2239,0,87,3068,8,6,2,8
20,10,moe,754,48,11951,5033,3141,3628,0,149,628,8,4,4,8
20,11,moe,689,39,8514,4258,2315,1877,0,64,1134,8,5,3,8
20,12,moe,717,39,11285,3874,2798,4505,0,108,1430,8,5,3,8
20,13,moe,804,44,11087,4592,3155,3216,0,124,1119,8,4,4,8
20,14,moe,729,48,14940,5654,3874,5311,0,101,614,8,3,5,8
20,15,moe,632,39,11818,5269,3701,2743,0,105,1923,8,4,4,8
20,16,moe,721,35,13927,6074,3963,3762,0,128,723,8,3,5,8
20,17,moe,784,36,2848,1262,777,778,0,31,2231,8,7,1,8
20,18,moe,720,33,9853,3768,2822,3176,0,87,729,8,5,3,8
20,19,moe,650,33,5593,2599,1613,1298,0,83,705,8,6,2,8
20,20,moe,712,35,10959,4943,3088,2867,0,61,661,8,4,4,8
20,21,moe,784,37,15363,7341,4576,3290,0,156,719,8,3,5,8
20,22,moe,776,36,7459,3455,2366,1544,0,94,606,8,5,3,8
20,23,moe,636,34,6477,2682,1910,1818,0,67,1018,8,6,2,8
20,24,moe,822,36,6201,2569,1803,1791,0,38,843,8,6,2,8
20,25,moe,781,34,9878,3938,2685,3192,0,63,781,8,5,3,8
20,26,moe,626,33,5655,2592,1802,1219,0,42,716,8,6,2,8
20,-1,epi,0,0,0,0,0,0,0,0,5603,0,0,0,0
21,-2,pre,210,0,0,0,0,0,0,0,0,0,0,0,0
21,0,dense,1410,37,0,0,0,0,0,0,0,0,0,0,0
21,1,moe,794,32,16934,8229,4474,4151,0,80,725,8,3,5,8
21,2,moe,710,36,12475,4758,3571,4088,0,58,782,8,4,4,8
21,3,moe,638,34,6396,2649,1793,1914,0,40,1317,8,6,2,8
21,4,moe,707,34,16172,5949,3915,6180,0,128,605,8,3,5,8
21,5,moe,780,34,31344,25236,2363,3680,0,65,590,8,5,3,8
21,6,moe,714,37,16,0,0,0,0,16,755,8,8,0,8
21,7,moe,665,40,8460,3640,2343,2426,0,51,599,8,5,3,8
21,8,moe,711,36,8398,3640,2314,2391,0,53,725,8,5,3,8
21,9,moe,773,36,10920,5734,2812,2272,1,101,873,8,5,3,8
21,10,moe,749,39,3572,1287,854,1351,0,80,3827,8,7,1,8
21,11,moe,635,32,5074,2460,1539,1036,0,39,1831,8,6,2,8
21,12,moe,794,77,15429,7145,4549,3621,0,114,724,8,3,5,8
21,13,moe,786,38,8348,5452,1595,1217,0,84,1178,8,6,2,8
21,14,moe,707,34,10681,7802,1543,1298,0,38,660,8,6,2,8
21,15,moe,637,31,8731,5550,1874,1244,0,63,1318,8,6,2,8
21,16,moe,701,34,10,0,0,0,0,10,1065,8,8,0,8
21,17,moe,773,37,12293,9225,1595,1362,0,111,583,8,6,2,8
21,18,moe,723,37,3182,1540,1014,579,0,49,1248,8,7,1,8
21,19,moe,631,33,8651,5107,1600,1873,0,71,1062,8,6,2,8
21,20,moe,711,30,7589,3576,2313,1650,0,50,656,8,5,3,8
21,21,moe,778,33,18040,11556,3682,2697,0,105,721,8,4,4,8
21,22,moe,778,35,4916,2463,1628,741,0,84,1111,8,6,2,8
21,23,moe,616,32,4067,1747,986,1266,0,68,810,8,7,1,8
21,24,moe,807,33,2918,1385,908,600,0,25,1269,8,7,1,8
21,25,moe,777,33,2951,1384,908,633,0,26,877,8,7,1,8
21,26,moe,637,30,9582,4605,2687,2243,0,47,796,8,5,3,8
21,-1,epi,0,0,0,0,0,0,0,0,5648,0,0,0,0
22,-2,pre,63,0,0,0,0,0,0,0,0,0,0,0,0
22,0,dense,1348,36,0,0,0,0,0,0,0,0,0,0,0
22,1,moe,841,38,7455,2760,1861,2792,0,42,1089,8,6,2,8
22,2,moe,802,56,3051,1247,907,867,0,30,983,8,7,1,8
22,3,moe,700,35,17641,9133,3645,4800,0,63,898,8,4,4,8
22,4,moe,737,39,5966,2344,1616,1911,1,94,830,8,6,2,8
22,5,moe,788,36,5809,2344,1559,1863,0,43,851,8,6,2,8
22,6,moe,761,87,14,0,0,0,0,14,967,8,8,0,8
22,7,moe,642,31,9,0,0,0,0,9,637,8,8,0,8
22,8,moe,713,35,9403,5960,1580,1813,0,50,668,8,6,2,8
22,9,moe,786,41,10852,4650,2838,3260,0,104,873,8,5,3,8
22,10,moe,823,41,13,0,0,0,0,13,704,8,8,0,8
22,11,moe,741,31,3188,1214,856,1020,0,98,751,8,7,1,8
22,12,moe,709,38,12,0,0,0,0,12,960,8,8,0,8
22,13,moe,735,36,3005,1294,783,898,0,30,763,8,7,1,8
22,14,moe,773,51,3232,1317,841,1043,0,31,1921,8,7,1,8
22,15,moe,637,40,6648,3913,1055,1616,0,64,1187,8,7,1,8
22,16,moe,734,35,2808,1201,845,661,0,101,872,8,7,1,8
22,17,moe,886,36,12,0,0,0,0,12,789,8,8,0,8
22,18,moe,867,40,2890,1184,1031,620,0,55,967,8,7,1,8
22,19,moe,926,39,12,0,0,0,0,12,972,8,8,0,8
22,20,moe,848,38,5081,2182,1636,1179,0,84,873,8,6,2,8
22,21,moe,979,43,2854,1185,1005,603,0,61,2434,8,7,1,8
22,22,moe,1000,47,2578,1111,840,561,0,66,946,8,7,1,8
22,23,moe,970,51,6427,2401,2003,1943,0,80,1601,8,6,2,8
22,24,moe,1064,42,2769,1192,924,623,0,30,877,8,7,1,8
22,25,moe,1028,57,13,0,0,0,0,13,1042,8,8,0,8
22,26,moe,801,36,14,0,0,0,0,14,830,8,8,0,8
22,-1,epi,0,0,0,0,0,0,0,0,5751,0,0,0,0
23,-2,pre,282,0,0,0,0,0,0,0,0,0,0,0,0
23,0,dense,1550,371,0,0,0,0,0,0,0,0,0,0,0
23,1,moe,850,36,10464,7405,1808,1211,0,40,972,8,6,2,8
23,2,moe,804,40,15412,5916,4546,4861,0,89,833,8,3,5,8
23,3,moe,720,41,10148,5435,2717,1934,0,62,908,8,5,3,8
23,4,moe,962,66,13,0,0,0,0,13,2641,8,8,0,8
23,5,moe,864,37,7706,5401,853,1304,0,148,703,8,7,1,8
23,6,moe,880,39,2942,1207,1042,642,0,51,828,8,7,1,8
23,7,moe,800,49,7195,3954,1653,1502,0,86,702,8,6,2,8
23,8,moe,821,35,5895,3825,780,1259,0,31,726,8,7,1,8
23,9,moe,909,43,18631,10940,2867,4734,1,89,1543,8,5,3,8
23,10,moe,812,39,3174,1046,902,1140,0,86,730,8,7,1,8
23,11,moe,733,39,3105,1236,813,1029,0,27,1919,8,7,1,8
23,12,moe,865,43,2898,1159,1013,655,0,71,826,8,7,1,8
23,13,moe,879,37,5878,2203,1642,1940,0,93,742,8,6,2,8
23,14,moe,738,36,4874,2221,1555,1049,0,49,739,8,6,2,8
23,15,moe,851,43,6025,2606,1915,1420,1,83,821,8,6,2,8
23,16,moe,743,35,9268,4032,2405,2722,1,108,1376,8,5,3,8
23,17,moe,788,45,13,0,0,0,0,13,854,8,8,0,8
23,18,moe,785,41,14532,4451,2990,6953,0,138,981,8,5,3,8
23,19,moe,653,38,15,0,0,0,0,15,2068,8,8,0,8
23,20,moe,822,70,3044,1277,855,810,0,102,926,8,7,1,8
23,21,moe,846,45,14773,5204,3957,5457,0,155,1020,8,4,4,8
23,22,moe,803,42,2734,1272,840,546,0,76,902,8,7,1,8
23,23,moe,729,36,11165,3034,2318,5653,0,160,2276,8,6,2,8
23,24,moe,2066,50,10484,3855,2745,3810,0,74,951,8,5,3,8
23,25,moe,773,44,7457,2793,1810,2795,0,59,1600,8,6,2,8
23,26,moe,645,43,6785,2955,1825,1931,0,74,1493,8,6,2,8
23,-1,epi,0,0,0,0,0,0,0,0,4669,0,0,0,0
24,-2,pre,227,0,0,0,0,0,0,0,0,0,0,0,0
24,0,dense,1402,43,0,0,0,0,0,0,0,0,0,0,0
24,1,moe,785,44,10546,3877,2726,3855,0,88,1600,8,5,3,8
24,2,moe,705,44,9942,3843,2724,3296,0,79,888,8,5,3,8
24,3,moe,647,35,3897,1362,905,1602,0,28,922,8,7,1,8
24,4,moe,832,57,8216,3590,2401,2098,0,127,976,8,5,3,8
24,5,moe,824,42,2435,1081,775,551,0,28,746,8,7,1,8
24,6,moe,766,37,2932,1191,992,692,0,57,970,8,7,1,8
24,7,moe,686,34,10,0,0,0,0,10,651,8,8,0,8
24,8,moe,726,37,9,0,0,0,0,9,1272,8,8,0,8
24,9,moe,820,37,5717,2623,1817,1227,0,50,800,8,6,2,8
24,10,moe,746,36,11,0,0,0,0,11,706,8,8,0,8
24,11,moe,628,29,3812,1396,858,1468,0,90,740,8,7,1,8
24,12,moe,730,58,8884,3717,2790,2259,0,118,1006,8,5,3,8
24,13,moe,803,39,5068,2302,1620,1060,0,86,845,8,6,2,8
24,14,moe,741,37,12,0,0,0,0,12,1430,8,8,0,8
24,15,moe,1330,97,6847,2800,2298,1629,0,120,865,8,6,2,8
24,16,moe,748,38,5388,2674,1592,1040,0,82,627,8,6,2,8
24,17,moe,812,35,2599,1284,775,517,0,23,677,8,7,1,8
24,18,moe,730,33,3120,1472,998,587,0,63,793,8,7,1,8
24,19,moe,650,31,6243,2333,1630,2189,0,91,1101,8,6,2,8
24,20,moe,832,34,6057,2438,1565,2008,0,46,925,8,6,2,8
24,21,moe,824,67,15,0,0,0,0,15,1447,8,8,0,8
24,22,moe,814,35,5022,2365,1540,1078,0,39,679,8,6,2,8
24,23,moe,639,31,7025,2627,1932,2397,1,68,1351,8,6,2,8
24,24,moe,5917,36,6264,2609,1843,1773,0,39,986,8,6,2,8
24,25,moe,1395,40,12,0,0,0,0,12,4151,8,8,0,8
24,26,moe,669,34,11420,4973,3646,2726,0,75,733,8,4,4,8
24,-1,epi,0,0,0,0,0,0,0,0,5733,0,0,0,0
25,-2,pre,55,0,0,0,0,0,0,0,0,0,0,0,0
25,0,dense,1478,47,0,0,0,0,0,0,0,0,0,0,0
25,1,moe,844,36,8701,3772,2711,2158,0,60,804,8,5,3,8
25,2,moe,797,35,9784,3678,2684,3368,0,54,769,8,5,3,8
25,3,moe,684,36,15112,6228,4544,4225,0,115,785,8,3,5,8
25,4,moe,721,37,9487,3225,2434,3721,0,107,658,8,5,3,8
25,5,moe,861,37,7839,3355,2423,2001,0,60,781,8,5,3,8
25,6,moe,781,38,3486,1138,1006,1285,0,57,2526,8,7,1,8
25,7,moe,711,34,2478,1070,838,514,0,56,733,8,7,1,8
25,8,moe,926,33,7941,5097,1561,1244,0,39,709,8,6,2,8
25,9,moe,1026,38,12,0,0,0,0,12,892,8,8,0,8
25,10,moe,944,33,2457,1095,780,557,0,25,865,8,7,1,8
25,11,moe,718,59,2823,1281,781,711,0,50,1221,8,7,1,8
25,12,moe,879,36,12701,5675,2806,4124,1,95,774,8,5,3,8
25,13,moe,970,44,5956,2308,1630,1917,1,100,655,8,6,2,8
25,14,moe,903,43,8007,3700,2321,1932,0,54,651,8,5,3,8
25,15,moe,761,35,5723,2589,1902,1158,0,74,1310,8,6,2,8
25,16,moe,864,56,9050,3822,2388,2748,0,92,653,8,5,3,8
25,17,moe,962,40,5068,2423,1547,1059,0,39,3008,8,6,2,8
25,18,moe,867,40,14309,5083,2828,6143,0,255,2548,8,5,3,8
25,19,moe,801,47,18626,7939,3996,6543,0,148,838,8,3,5,8
25,20,moe,865,39,11685,4738,2539,4348,0,60,771,8,5,3,8
25,21,moe,962,37,10054,3827,2819,3312,0,96,876,8,5,3,8
25,22,moe,912,36,9544,3844,3169,2424,0,107,716,8,4,4,8
25,23,moe,869,40,9627,3876,2843,2781,0,127,1381,8,5,3,8
25,24,moe,1876,38,6984,2937,1812,2191,0,44,838,8,6,2,8
25,25,moe,873,38,14643,4784,3629,6149,0,81,2154,8,4,4,8
25,26,moe,907,39,13386,5120,3643,4536,0,87,1356,8,4,4,8
25,-1,epi,0,0,0,0,0,0,0,0,5789,0,0,0,0
26,-2,pre,2864,0,0,0,0,0,0,0,0,0,0,0,0
26,0,dense,2265,51,0,0,0,0,0,0,0,0,0,0,0
26,1,moe,1206,47,3695,1922,934,794,0,45,823,8,7,1,8
26,2,moe,1171,45,12147,5121,3601,3356,0,69,1417,8,4,4,8
26,3,moe,673,37,9673,3935,2720,2957,0,61,1052,8,5,3,8
26,4,moe,916,44,5060,2325,1609,1041,0,85,1220,8,6,2,8
26,5,moe,961,41,2649,1243,780,600,0,26,814,8,7,1,8
26,6,moe,931,40,3470,1404,1013,1000,0,53,1814,8,7,1,8
26,7,moe,714,54,24,0,0,0,0,24,1327,8,8,0,8
26,8,moe,782,35,8510,3526,2475,2397,1,111,657,8,5,3,8
26,9,moe,805,39,9624,3909,2833,2760,0,122,912,8,5,3,8
26,10,moe,731,41,2783,1294,831,593,0,65,1228,8,7,1,8
26,11,moe,702,51,2576,1266,777,508,0,25,757,8,7,1,8
26,12,moe,777,43,3349,1426,995,866,0,62,866,8,7,1,8
26,13,moe,889,44,2734,1273,836,549,0,76,1148,8,7,1,8
26,14,moe,774,38,10,0,0,0,0,10,632,8,8,0,8
26,15,moe,838,48,3148,1476,989,609,0,74,3364,8,7,1,8
26,16,moe,807,43,2727,1272,835,550,0,70,763,8,7,1,8
26,17,moe,884,45,8531,3587,2410,2477,0,57,1253,8,5,3,8
26,18,moe,748,42,9748,6428,1909,1323,0,88,2668,8,6,2,8
26,19,moe,723,39,10045,4538,2537,2850,1,119,1209,8,5,3,8
26,20,moe,746,37,11887,4573,3086,4155,0,73,1300,8,4,4,8
26,21,moe,826,40,11996,3818,2815,5268,0,95,825,8,5,3,8
26,22,moe,817,47,8778,3659,2358,2664,0,97,1130,8,5,3,8
26,23,moe,659,35,3076,1373,994,654,0,55,1355,8,7,1,8
26,24,moe,875,68,7076,3690,1778,1545,0,63,734,8,6,2,8
26,25,moe,795,38,3207,1416,900,865,0,26,736,8,7,1,8
26,26,moe,653,34,3056,1389,910,730,1,26,2599,8,7,1,8
26,-1,epi,0,0,0,0,0,0,0,0,5853,0,0,0,0
27,-2,pre,243,0,0,0,0,0,0,0,0,0,0,0,0
27,0,dense,1451,48,0,0,0,0,0,0,0,0,0,0,0
27,1,moe,833,52,5997,2554,1806,1579,0,58,857,8,6,2,8
27,2,moe,774,44,7268,2740,1796,2687,0,45,1577,8,6,2,8
27,3,moe,962,43,12111,5027,3622,3355,0,107,1617,8,4,4,8
27,4,moe,1184,44,13532,5863,3994,3498,0,177,1203,8,3,5,8
27,5,moe,1147,43,10019,3414,2304,4224,0,77,1424,8,5,3,8
27,6,moe,746,43,6118,2552,1906,1562,0,98,903,8,6,2,8
27,7,moe,670,37,2921,1261,850,724,0,86,807,8,7,1,8
27,8,moe,730,45,14795,5592,3866,5244,0,93,669,8,3,5,8
27,9,moe,830,44,9809,4039,2811,2831,0,128,1581,8,5,3,8
27,10,moe,754,48,5161,2408,1606,1053,0,94,682,8,6,2,8
27,11,moe,651,34,5011,2357,1539,1071,0,44,672,8,6,2,8
27,12,moe,735,40,7767,2730,1939,3012,0,86,1488,8,6,2,8
27,13,moe,822,47,11,0,0,0,0,11,1241,8,8,0,8
27,14,moe,737,41,13097,5817,3974,3103,0,203,1374,8,3,5,8
27,15,moe,682,44,12685,5093,3711,3718,0,163,749,8,4,4,8
27,16,moe,732,38,13156,4536,3168,5314,0,138,666,8,4,4,8
27,17,moe,810,42,8137,3448,2342,2280,0,67,1986,8,5,3,8
27,18,moe,774,47,17683,6197,4654,6652,0,180,1467,8,3,5,8
27,19,moe,709,38,15709,6705,4751,4079,0,174,1145,8,2,6,8
27,20,moe,730,38,12927,4448,3108,5281,0,90,1237,8,4,4,8
27,21,moe,818,43,14847,5047,3758,5873,0,169,779,8,4,4,8
27,22,moe,832,45,13062,5793,3997,3096,0,176,709,8,3,5,8
27,23,moe,720,39,8545,2514,1964,3984,0,83,886,8,6,2,8
27,24,moe,815,43,10418,4139,2780,3411,0,88,817,8,5,3,8
27,25,moe,837,52,5683,2543,1837,1247,0,56,876,8,6,2,8
27,26,moe,778,60,5105,1407,929,2730,0,39,3123,8,7,1,8
27,-1,epi,0,0,0,0,0,0,0,0,5805,0,0,0,0
28,-2,pre,234,0,0,0,0,0,0,0,0,0,0,0,0
28,0,dense,1493,50,0,0,0,0,0,0,0,0,0,0,0
28,1,moe,928,50,12669,5332,3659,3552,0,126,1697,8,4,4,8
28,2,moe,781,50,14220,4884,3615,5631,0,90,1469,8,4,4,8
28,3,moe,729,42,12127,5117,3627,3280,1,102,936,8,4,4,8
28,4,moe,751,53,5616,2425,1610,1487,0,94,749,8,6,2,8
28,5,moe,800,42,2603,1279,775,518,0,31,744,8,7,1,8
28,6,moe,1090,45,11664,3912,2816,4810,1,125,909,8,5,3,8
28,7,moe,982,43,6578,3358,1627,1487,0,106,988,8,6,2,8
28,8,moe,1033,42,9835,3521,2342,3900,0,72,970,8,5,3,8
28,9,moe,1259,42,5707,2634,1879,1108,0,86,1429,8,6,2,8
28,10,moe,827,38,8132,3418,2372,2214,0,128,677,8,5,3,8
28,11,moe,665,34,5112,2404,1557,1103,0,48,620,8,6,2,8
28,12,moe,744,37,11823,5520,3715,2460,0,128,759,8,4,4,8
28,13,moe,904,45,5102,2333,1615,1067,0,87,628,8,6,2,8
28,14,moe,734,41,10253,4863,3082,2225,1,82,641,8,4,4,8
28,15,moe,656,37,20111,8626,6363,4948,0,174,739,8,1,7,8
28,16,moe,728,41,14777,6992,4660,2968,0,157,1873,8,2,6,8
28,17,moe,803,42,12910,5846,3862,3108,0,94,618,8,3,5,8
28,18,moe,865,85,10430,5588,2829,1906,0,107,737,8,5,3,8
28,19,moe,681,37,13484,6503,3941,2872,0,168,614,8,3,5,8
28,20,moe,728,40,10147,4593,3087,2397,0,70,1127,8,4,4,8
28,21,moe,794,38,20187,9500,6334,4185,0,168,1324,8,1,7,8
28,22,moe,790,39,15849,8680,3924,3103,0,142,617,8,3,5,8
28,23,moe,643,36,19898,9215,6316,4207,0,160,796,8,1,7,8
28,24,moe,780,41,24762,12126,7147,5359,0,130,726,8,0,8,8
28,25,moe,5564,38,26530,11745,6249,8419,0,117,2438,8,1,7,8
28,26,moe,698,73,26459,9175,6309,10838,0,137,718,8,1,7,8
28,-1,epi,0,0,0,0,0,0,0,0,5598,0,0,0,0
29,-2,pre,1135,0,0,0,0,0,0,0,0,0,0,0,0
29,0,dense,1416,45,0,0,0,0,0,0,0,0,0,0,0
29,1,moe,818,43,10421,4056,2675,3629,1,60,2384,8,5,3,8
29,2,moe,849,68,9640,5833,1786,1951,0,70,2416,8,6,2,8
29,3,moe,768,38,16325,8550,3564,4135,0,76,1696,8,4,4,8
29,4,moe,778,39,6286,2356,1674,2172,0,84,2287,8,6,2,8
29,5,moe,908,75,8740,3470,2302,2910,0,58,2755,8,5,3,8
29,6,moe,810,39,19481,9260,3689,6383,0,149,1737,8,4,4,8
29,7,moe,773,37,13239,7539,3153,2421,1,125,604,8,4,4,8
29,8,moe,791,40,15778,10421,2303,2997,0,57,663,8,5,3,8
29,9,moe,852,39,7441,2672,1896,2801,0,72,2229,8,6,2,8
29,10,moe,1162,58,5311,2387,1611,1222,0,91,778,8,6,2,8
29,11,moe,970,38,11164,4180,2296,4625,0,63,3362,8,5,3,8
29,12,moe,1270,50,12676,4890,2783,4888,0,115,957,8,5,3,8
29,13,moe,1153,53,12810,7066,2368,3269,0,107,1717,8,5,3,8
29,14,moe,1058,42,5740,2376,1526,1799,0,39,3209,8,6,2,8
29,15,moe,910,59,9633,5020,1909,2603,0,101,1687,8,6,2,8
29,16,moe,1045,45,13090,5142,3128,4702,0,118,660,8,4,4,8
29,17,moe,1132,46,5076,2457,1533,1038,0,48,598,8,6,2,8
29,18,moe,712,38,11127,3333,1892,5810,0,92,2552,8,6,2,8
29,19,moe,636,40,12439,4659,3117,4535,0,128,1164,8,4,4,8
29,20,moe,877,36,14842,7594,3054,4111,0,83,1214,8,4,4,8
29,21,moe,776,36,16568,5553,3669,7229,0,117,837,8,4,4,8
29,22,moe,783,42,5212,2392,1599,1135,0,86,1196,8,6,2,8
29,23,moe,631,31,20629,7547,5432,7517,0,133,757,8,2,6,8
29,24,moe,812,49,12896,5097,3565,4151,0,83,1325,8,4,4,8
29,25,moe,775,35,9809,3818,2680,3256,0,55,1469,8,5,3,8
29,26,moe,635,31,12586,6518,3566,2428,0,74,887,8,4,4,8
29,-1,epi,0,0,0,0,0,0,0,0,5573,0,0,0,0
30,-2,pre,50,0,0,0,0,0,0,0,0,0,0,0,0
30,0,dense,1406,36,0,0,0,0,0,0,0,0,0,0,0
30,1,moe,793,32,11045,4066,2664,4260,0,55,720,8,5,3,8
30,2,moe,710,32,6586,3034,1778,1723,0,51,1294,8,6,2,8
30,3,moe,633,29,8291,3803,2664,1773,0,51,723,8,5,3,8
30,4,moe,720,34,5790,2353,1614,1739,0,84,1804,8,6,2,8
30,5,moe,779,34,2654,1325,775,527,0,27,1192,8,7,1,8
30,6,moe,712,34,7598,2671,1898,2956,0,73,783,8,6,2,8
30,7,moe,714,35,5829,2354,1585,1806,0,84,686,8,6,2,8
30,8,moe,766,63,5297,2471,1529,1256,0,41,589,8,6,2,8
30,9,moe,779,32,9733,3878,2759,3004,0,92,714,8,5,3,8
30,10,moe,709,33,9460,6700,1601,1072,0,87,1097,8,6,2,8
30,11,moe,622,35,4975,2344,1536,1045,0,50,596,8,6,2,8
30,12,moe,774,33,9869,3905,2772,3104,0,88,829,8,5,3,8
30,13,moe,840,34,8402,4456,1594,2264,0,88,597,8,6,2,8
30,14,moe,767,32,2584,1271,775,516,0,22,1130,8,7,1,8
30,15,moe,760,31,12316,5201,3634,3386,0,95,720,8,4,4,8
30,16,moe,777,36,6757,2749,1604,2324,0,80,595,8,6,2,8
30,17,moe,778,34,2637,1314,770,530,0,23,755,8,7,1,8
30,18,moe,1160,39,11,0,0,0,0,11,800,8,8,0,8
30,19,moe,816,45,15445,6208,3821,5336,0,80,752,8,3,5,8
30,20,moe,1245,52,13887,7166,3078,3557,0,86,720,8,4,4,8
30,21,moe,1609,97,3475,1515,982,882,0,96,768,8,7,1,8
30,22,moe,788,37,10268,3754,3133,3262,0,119,604,8,4,4,8
30,23,moe,636,35,21691,15412,3683,2473,0,123,718,8,4,4,8
30,24,moe,795,36,13643,4989,3558,5034,0,62,720,8,4,4,8
30,25,moe,779,37,10876,3917,2675,4235,0,49,720,8,5,3,8
30,26,moe,13724,36,5615,2523,1804,1243,0,45,1071,8,6,2,8
30,-1,epi,0,0,0,0,0,0,0,0,5591,0,0,0,0
31,-2,pre,277,0,0,0,0,0,0,0,0,0,0,0,0
31,0,dense,7681,36,0,0,0,0,0,0,0,0,0,0,0
31,1,moe,4017,37,5530,2517,1788,1180,0,45,828,8,6,2,8
31,2,moe,714,33,8891,6970,900,991,0,30,703,8,7,1,8
31,3,moe,633,35,7146,2875,1788,2445,0,38,710,8,6,2,8
31,4,moe,717,34,2756,1264,860,558,0,74,588,8,7,1,8
31,5,moe,780,33,5761,2391,1536,1798,0,36,747,8,6,2,8
31,6,moe,744,54,10,0,0,0,1,9,838,8,8,0,8
31,7,moe,714,64,9,0,0,0,0,9,630,8,8,0,8
31,8,moe,742,31,2601,1271,779,524,0,27,1115,8,7,1,8
31,9,moe,786,33,9,0,0,0,0,9,711,8,8,0,8
31,10,moe,713,30,6023,2609,1530,1847,0,37,602,8,6,2,8
31,11,moe,623,30,8,0,0,0,0,8,589,8,8,0,8
31,12,moe,718,30,8,0,0,0,0,8,763,8,8,0,8
31,13,moe,786,35,5055,2366,1536,1118,0,35,600,8,6,2,8
31,14,moe,727,36,4254,1670,773,1786,0,25,786,8,7,1,8
31,15,moe,641,30,7607,2618,1908,3008,0,73,3380,8,6,2,8
31,16,moe,726,38,10,0,0,0,0,10,1254,8,8,0,8
31,17,moe,838,32,2814,1324,879,527,0,84,2136,8,7,1,8
31,18,moe,825,55,4850,2642,1034,1122,0,52,714,8,7,1,8
31,19,moe,630,30,2699,1264,881,498,0,56,594,8,7,1,8
31,20,moe,721,31,16439,7004,3091,6271,0,73,653,8,4,4,8
31,21,moe,783,37,3153,1472,1009,606,0,66,829,8,7,1,8
31,22,moe,778,33,10020,8253,851,830,0,86,668,8,7,1,8
31,23,moe,620,30,6111,2646,1897,1498,0,70,1541,8,6,2,8
31,24,moe,779,37,5547,2553,1784,1166,0,44,713,8,6,2,8
31,25,moe,781,33,10,0,0,0,0,10,1290,8,8,0,8
31,26,moe,622,31,3572,1379,899,1268,0,26,885,8,7,1,8
31,-1,epi,0,0,0,0,0,0,0,0,5709,0,0,0,0
32,-2,pre,184,0,0,0,0,0,0,0,0,0,0,0,0
32,0,dense,1407,41,0,0,0,0,0,0,0,0,0,0,0
32,1,moe,794,37,13461,6156,3558,3684,0,63,1632,8,4,4,8
32,2,moe,826,183,7043,3225,1798,1975,0,45,715,8,6,2,8
32,3,moe,631,33,10257,5658,2677,1872,0,50,1290,8,5,3,8
32,4,moe,713,37,7869,3755,2368,1642,0,104,596,8,5,3,8
32,5,moe,786,37,3658,1325,773,1538,0,22,648,8,7,1,8
32,6,moe,749,37,11,0,0,0,0,11,765,8,8,0,8
32,7,moe,625,34,9,0,0,0,0,9,1091,8,8,0,8
32,8,moe,708,34,9,0,0,0,0,9,610,8,8,0,8
32,9,moe,787,35,9,0,0,0,0,9,1317,8,8,0,8
32,10,moe,715,33,2697,1362,775,537,0,23,652,8,7,1,8
32,11,moe,637,32,8,0,0,0,0,8,605,8,8,0,8
32,12,moe,732,34,3135,1437,1023,616,0,59,1279,8,7,1,8
32,13,moe,794,35,2971,1331,846,735,0,59,3974,8,7,1,8
32,14,moe,713,36,11972,4475,2305,5117,0,75,605,8,5,3,8
32,15,moe,655,39,8553,4733,2790,936,0,94,722,8,5,3,8
32,16,moe,717,37,6431,2402,1636,2282,1,110,2681,8,6,2,8
32,17,moe,837,70,2910,1387,777,718,0,28,641,8,7,1,8
32,18,moe,745,36,3098,1415,1026,599,0,58,834,8,7,1,8
32,19,moe,780,35,2344,1201,884,199,0,60,1097,8,7,1,8
32,20,moe,708,34,9,0,0,0,0,9,1133,8,8,0,8
32,21,moe,783,36,6113,4379,1021,629,0,84,775,8,7,1,8
32,22,moe,779,36,2812,1320,867,553,0,72,648,8,7,1,8
32,23,moe,641,32,6271,2678,1891,1629,0,73,834,8,6,2,8
32,24,moe,783,37,10,0,0,0,0,10,1427,8,8,0,8
32,25,moe,782,35,9,0,0,0,0,9,1829,8,8,0,8
32,26,moe,638,32,8,0,0,0,0,8,2536,8,8,0,8
32,-1,epi,0,0,0,0,0,0,0,0,5715,0,0,0,0
33,-2,pre,45,0,0,0,0,0,0,0,0,0,0,0,0
33,0,dense,1455,39,0,0,0,0,0,0,0,0,0,0,0
33,1,moe,817,38,9406,3765,2658,2931,0,52,778,8,5,3,8
33,2,moe,715,36,9954,4123,2673,3107,0,51,786,8,5,3,8
33,3,moe,661,39,16213,8977,4465,2693,0,78,724,8,3,5,8
33,4,moe,718,38,10428,4509,3140,2652,0,127,674,8,4,4,8
33,5,moe,784,37,8591,6972,772,818,0,29,1222,8,7,1,8
33,6,moe,721,41,7278,2661,1908,2622,0,87,780,8,6,2,8
33,7,moe,684,33,12,0,0,0,0,12,847,8,8,0,8
33,8,moe,716,35,2842,1344,860,568,0,70,703,8,7,1,8
33,9,moe,793,39,6684,2695,1913,1999,0,77,718,8,6,2,8
33,10,moe,751,35,8134,3488,2405,2130,0,111,601,8,5,3,8
33,11,moe,624,34,2570,1243,778,522,0,27,1544,8,7,1,8
33,12,moe,717,36,11848,4897,3730,3114,0,107,723,8,4,4,8
33,13,moe,779,40,10937,5070,2389,3377,0,101,702,8,5,3,8
33,14,moe,717,37,10218,4675,3053,2435,0,55,658,8,4,4,8
33,15,moe,647,38,2936,1467,1022,380,0,67,896,8,7,1,8
33,16,moe,710,35,11499,6276,3133,1958,0,132,734,8,4,4,8
33,17,moe,782,36,9858,5173,2312,2320,0,53,600,8,5,3,8
33,18,moe,714,41,22736,8896,5496,8209,0,135,1421,8,2,6,8
33,19,moe,633,38,10715,6664,3117,821,0,113,646,8,4,4,8
33,20,moe,773,38,22504,15437,3897,3054,0,116,679,8,3,5,8
33,21,moe,831,41,16141,10989,3711,1322,0,119,716,8,4,4,8
33,22,moe,890,38,12121,5955,3943,2057,0,166,654,8,3,5,8
33,23,moe,630,38,12332,5713,3704,2778,0,137,823,8,4,4,8
33,24,moe,805,44,17465,7778,5408,4172,1,106,735,8,2,6,8
33,25,moe,781,43,8833,4255,2681,1839,0,58,1327,8,5,3,8
33,26,moe,658,36,17948,7191,5439,5227,0,91,1427,8,2,6,8
33,-1,epi,0,0,0,0,0,0,0,0,7509,0,0,0,0
34,-2,pre,75,0,0,0,0,0,0,0,0,0,0,0,0
34,0,dense,1405,45,0,0,0,0,0,0,0,0,0,0,0
34,1,moe,1207,38,15862,7353,5362,3054,0,93,725,8,2,6,8
34,2,moe,7639,38,20999,9827,6230,4844,0,98,724,8,1,7,8
34,3,moe,9321,38,11,0,0,0,0,11,1964,8,8,0,8
34,4,moe,4178,39,5671,2294,1638,1652,0,87,603,8,6,2,8
34,5,moe,5651,38,3781,1573,774,1410,1,23,595,8,7,1,8
34,6,moe,5537,37,12773,6794,2805,3078,0,96,1371,8,5,3,8
34,7,moe,13085,63,5440,2298,1609,1427,0,106,754,8,6,2,8
34,8,moe,7309,38,2872,1197,777,874,0,24,1822,8,7,1,8
34,9,moe,5785,38,3041,1364,1003,613,0,61,2490,8,7,1,8
34,10,moe,5281,38,5925,2318,1630,1863,0,114,1968,8,6,2,8
34,11,moe,9388,38,10,0,0,0,0,10,1874,8,8,0,8
34,12,moe,748,37,9665,3841,2803,2937,0,84,1291,8,5,3,8
34,13,moe,790,38,5067,2333,1634,1012,0,88,2423,8,6,2,8
34,14,moe,725,64,11827,4751,3078,3929,0,69,607,8,4,4,8
34,15,moe,630,35,10579,5715,3667,1095,0,102,779,8,4,4,8
34,16,moe,709,35,7183,3633,2411,1014,0,125,681,8,5,3,8
34,17,moe,791,35,11121,4584,3069,3404,0,64,1103,8,4,4,8
34,18,moe,708,36,10630,5371,2811,2350,0,98,834,8,5,3,8
34,19,moe,630,38,17710,12671,3925,1006,0,108,663,8,3,5,8
34,20,moe,705,34,10965,5898,3057,1956,0,54,733,8,4,4,8
34,21,moe,782,39,12270,5316,3682,3159,0,113,832,8,4,4,8
34,22,moe,782,37,4782,2309,1665,723,0,85,1116,8,6,2,8
34,23,moe,765,34,17296,8501,4587,4077,0,131,720,8,3,5,8
34,24,moe,830,39,8326,6036,1786,463,0,41,836,8,6,2,8
34,25,moe,776,37,9,0,0,0,0,9,1252,8,8,0,8
34,26,moe,671,32,7865,5261,1803,753,0,48,2013,8,6,2,8
34,-1,epi,0,0,0,0,0,0,0,0,6201,0,0,0,0
35,-2,pre,207,0,0,0,0,0,0,0,0,0,0,0,0
35,0,dense,1391,42,0,0,0,0,0,0,0,0,0,0,0
35,1,moe,792,36,17424,7855,5330,4148,0,91,726,8,2,6,8
35,2,moe,719,46,11255,6312,3576,1309,0,58,716,8,4,4,8
35,3,moe,648,40,15528,10356,3561,1538,1,72,722,8,4,4,8
35,4,moe,710,36,23641,9843,4716,8945,0,137,603,8,2,6,8
35,5,moe,775,38,27,0,0,0,0,27,2019,8,8,0,8
35,6,moe,711,37,10,0,0,0,0,10,2422,8,8,0,8
35,7,moe,648,40,2716,1392,763,530,0,31,3540,8,7,1,8
35,8,moe,709,37,11,0,0,0,0,11,3119,8,8,0,8
35,9,moe,788,37,3734,1538,992,1125,0,79,2905,8,7,1,8
35,10,moe,718,35,2776,1329,852,527,0,68,656,8,7,1,8
35,11,moe,638,35,5696,2718,1559,1385,0,34,3303,8,6,2,8
35,12,moe,5480,38,12028,4858,3690,3380,0,100,3424,8,4,4,8
35,13,moe,5627,39,13463,5614,3926,3772,1,150,599,8,3,5,8
35,14,moe,5284,34,9614,4844,2296,2421,0,53,1097,8,5,3,8
35,15,moe,8630,34,10239,5789,2795,1569,0,86,834,8,5,3,8
35,16,moe,7369,35,12442,6654,3154,2527,0,107,1152,8,4,4,8
35,17,moe,795,40,5047,2440,1534,1035,0,38,638,8,6,2,8
35,18,moe,713,33,12284,5617,3677,2869,0,121,1314,8,4,4,8
35,19,moe,635,33,7482,3696,2400,1272,0,114,2320,8,5,3,8
35,20,moe,708,35,11459,6151,3834,1399,0,75,606,8,3,5,8
35,21,moe,782,36,11142,5194,3651,2185,1,111,722,8,4,4,8
35,22,moe,781,34,4858,2535,1620,598,0,105,2688,8,6,2,8
35,23,moe,633,33,14259,8952,3697,1500,0,110,718,8,4,4,8
35,24,moe,778,35,5042,2627,1783,594,0,38,2460,8,6,2,8
35,25,moe,790,36,5673,2656,1796,1184,0,37,712,8,6,2,8
35,26,moe,624,33,8188,5513,1800,839,0,36,721,8,6,2,8
35,-1,epi,0,0,0,0,0,0,0,0,5568,0,0,0,0
36,-2,pre,226,0,0,0,0,0,0,0,0,0,0,0,0
36,0,dense,1401,36,0,0,0,0,0,0,0,0,0,0,0
36,1,moe,800,33,16184,8050,5359,2690,0,85,725,8,2,6,8
36,2,moe,710,35,16717,8928,5378,2323,1,87,809,8,2,6,8
36,3,moe,639,34,7627,4036,2695,842,0,54,806,8,5,3,8
36,4,moe,715,34,9838,4496,3143,2082,0,117,608,8,4,4,8
36,5,moe,783,34,14525,6715,3835,3908,0,67,601,8,3,5,8
36,6,moe,719,39,12,0,0,0,0,12,2381,8,8,0,8
36,7,moe,631,30,2643,1316,768,530,0,29,1168,8,7,1,8
36,8,moe,724,31,8961,4118,2301,2492,0,50,651,8,5,3,8
36,9,moe,803,34,9597,3772,2823,2888,0,114,1392,8,5,3,8
36,10,moe,709,35,5998,2371,1626,1918,0,83,900,8,6,2,8
36,11,moe,674,31,11,0,0,0,0,11,3204,8,8,0,8
36,12,moe,715,32,9694,4117,2786,2701,0,90,713,8,5,3,8
36,13,moe,785,39,10825,5125,3117,2471,0,112,669,8,4,4,8
36,14,moe,706,36,14559,5986,3821,4679,0,73,656,8,3,5,8
36,15,moe,630,32,14458,5658,3723,4975,0,102,923,8,4,4,8
36,16,moe,789,58,11609,5878,3137,2485,0,109,715,8,4,4,8
36,17,moe,7566,35,17163,5992,3825,7267,0,79,672,8,3,5,8
36,18,moe,5813,37,15874,5252,3696,6813,0,113,901,8,4,4,8
36,19,moe,9408,35,13563,6437,3939,3062,0,125,652,8,3,5,8
36,20,moe,4152,35,7486,3633,2299,1503,0,51,2181,8,5,3,8
36,21,moe,9343,39,7958,3943,2805,1093,1,116,880,8,5,3,8
36,22,moe,7713,38,13144,4870,3153,4969,0,152,764,8,4,4,8
36,23,moe,687,63,10927,5293,2789,2716,0,129,891,8,5,3,8
36,24,moe,835,86,11737,5829,2684,3165,1,58,725,8,5,3,8
36,25,moe,810,36,7915,2678,1807,3393,0,37,988,8,6,2,8
36,26,moe,631,33,5318,2645,1788,849,0,36,707,8,6,2,8
36,-1,epi,0,0,0,0,0,0,0,0,5559,0,0,0,0
37,-2,pre,206,0,0,0,0,0,0,0,0,0,0,0,0
37,0,dense,1392,34,0,0,0,0,0,0,0,0,0,0,0
37,1,moe,785,32,13245,7042,3568,2566,0,69,774,8,4,4,8
37,2,moe,707,34,15665,7426,4460,3704,0,75,2449,8,3,5,8
37,3,moe,642,33,7857,3786,2673,1342,0,56,717,8,5,3,8
37,4,moe,713,35,5949,2434,1613,1812,0,90,2565,8,6,2,8
37,5,moe,885,67,13141,5112,3057,4882,0,90,2594,8,4,4,8
37,6,moe,751,42,8321,2906,1897,3419,0,99,1939,8,6,2,8
37,7,moe,634,34,2737,1289,852,530,0,66,2677,8,7,1,8
37,8,moe,715,34,9527,3594,2299,3581,0,53,1256,8,5,3,8
37,9,moe,786,35,6346,2749,1903,1618,0,76,1715,8,6,2,8
37,10,moe,774,68,9533,4754,2374,2298,0,107,1116,8,5,3,8
37,11,moe,635,30,4999,2436,1536,991,1,35,1199,8,6,2,8
37,12,moe,716,35,14310,6136,2800,5275,0,99,722,8,5,3,8
37,13,moe,799,40,19622,6415,3134,9933,0,140,1369,8,4,4,8
37,14,moe,706,34,5642,2465,1543,1599,0,35,1090,8,6,2,8
37,15,moe,614,33,10830,5866,3665,1188,0,111,801,8,4,4,8
37,16,moe,761,35,4653,2455,1618,484,0,96,640,8,6,2,8
37,17,moe,800,35,8097,3734,2304,2013,0,46,1159,8,5,3,8
37,18,moe,708,35,9364,4247,2811,2204,0,102,718,8,5,3,8
37,19,moe,681,34,12662,7138,3896,1491,0,137,601,8,3,5,8
37,20,moe,718,35,8540,4578,3073,812,0,77,592,8,4,4,8
37,21,moe,822,36,16262,8096,3673,4394,0,99,827,8,4,4,8
37,22,moe,1377,109,11436,4935,3148,3240,0,113,780,8,4,4,8
37,23,moe,14403,64,17313,7445,5455,4274,0,139,718,8,2,6,8
37,24,moe,834,41,6910,2588,1813,2460,0,49,999,8,6,2,8
37,25,moe,821,47,9333,3955,2729,2560,0,89,1097,8,5,3,8
37,26,moe,2881,46,9805,4083,2720,2923,0,79,805,8,5,3,8
37,-1,epi,0,0,0,0,0,0,0,0,5612,0,0,0,0
38,-2,pre,51,0,0,0,0,0,0,0,0,0,0,0,0
38,0,dense,1416,43,0,0,0,0,0,0,0,0,0,0,0
38,1,moe,800,37,14701,7742,5365,1495,0,99,734,8,2,6,8
38,2,moe,718,38,7182,3744,2692,697,0,49,716,8,5,3,8
38,3,moe,635,36,7888,4159,2706,973,0,50,720,8,5,3,8
38,4,moe,717,37,11622,4603,3173,3733,0,113,598,8,4,4,8
38,5,moe,788,38,5614,2641,1546,1378,0,49,664,8,6,2,8
38,6,moe,709,38,3659,1747,1011,789,0,112,720,8,7,1,8
38,7,moe,634,34,5163,2410,1603,1068,0,82,1972,8,6,2,8
38,8,moe,712,36,8490,3479,2322,2637,0,52,924,8,5,3,8
38,9,moe,872,45,13,0,0,0,0,13,3316,8,8,0,8
38,10,moe,749,42,4970,2343,1538,1044,0,45,614,8,6,2,8
38,11,moe,651,37,2649,1313,777,534,0,25,583,8,7,1,8
38,12,moe,725,36,8092,3028,1904,3064,0,96,797,8,6,2,8
38,13,moe,862,81,6741,2827,1613,2209,0,92,1163,8,6,2,8
38,14,moe,712,39,5401,2406,1544,1406,1,44,601,8,6,2,8
38,15,moe,626,36,9,0,0,0,0,9,704,8,8,0,8
38,16,moe,721,36,2438,1347,778,293,0,20,658,8,7,1,8
38,17,moe,862,84,7986,3990,2293,1641,0,62,1753,8,5,3,8
38,18,moe,709,39,8396,3744,2808,1727,1,116,731,8,5,3,8
38,19,moe,659,36,11036,5718,3134,2051,0,133,606,8,4,4,8
38,20,moe,716,39,6746,3590,2318,786,0,52,713,8,5,3,8
38,21,moe,906,64,8577,4848,2787,842,0,100,771,8,5,3,8
38,22,moe,779,35,10741,5681,3222,1708,0,130,636,8,4,4,8
38,23,moe,700,77,6154,2833,1904,1312,0,105,732,8,6,2,8
38,24,moe,832,40,12428,5202,3564,3596,1,65,723,8,4,4,8
38,25,moe,768,37,11953,8680,1787,1442,1,43,1286,8,6,2,8
38,26,moe,616,38,11923,7152,3564,1141,0,66,719,8,4,4,8
38,-1,epi,0,0,0,0,0,0,0,0,5577,0,0,0,0
39,-2,pre,137,0,0,0,0,0,0,0,0,0,0,0,0
39,0,dense,1429,69,0,0,0,0,0,0,0,0,0,0,0
39,1,moe,812,39,2900,1340,897,630,0,33,724,8,7,1,8
39,2,moe,731,39,5179,2630,1793,717,0,39,745,8,6,2,8
39,3,moe,666,34,5379,2615,1801,926,0,37,763,8,6,2,8
39,4,moe,714,36,10,0,0,0,0,10,583,8,8,0,8
39,5,moe,779,36,3186,1281,855,960,0,90,609,8,7,1,8
39,6,moe,714,34,10,0,0,0,0,10,1783,8,8,0,8
39,7,moe,628,33,8,0,0,0,0,8,604,8,8,0,8
39,8,moe,723,32,4959,2330,1544,1048,0,37,605,8,6,2,8
39,9,moe,805,37,11577,4512,2813,4158,0,94,1490,8,5,3,8
39,10,moe,717,40,10,0,0,0,0,10,602,8,8,0,8
39,11,moe,650,39,3785,1788,856,1065,0,76,1139,8,7,1,8
39,12,moe,725,37,11210,3809,2807,4467,0,127,713,8,5,3,8
39,13,moe,783,39,5170,2442,1616,1028,0,84,604,8,6,2,8
39,14,moe,713,36,2664,1330,777,528,0,29,1641,8,7,1,8
39,15,moe,667,31,9,0,0,0,0,9,1282,8,8,0,8
39,16,moe,709,35,4931,2376,1537,985,0,33,708,8,6,2,8
39,17,moe,780,35,3560,1790,772,968,0,30,626,8,7,1,8
39,18,moe,746,57,35,0,0,0,0,35,729,8,8,0,8
39,19,moe,636,34,4701,2392,1549,721,0,39,2757,8,6,2,8
39,20,moe,776,93,2680,1258,776,614,0,32,596,8,7,1,8
39,21,moe,783,36,9,0,0,0,0,9,1357,8,8,0,8
39,22,moe,777,36,3019,1857,769,369,0,24,1205,8,7,1,8
39,23,moe,659,40,7032,4583,1891,480,0,78,881,8,6,2,8
39,24,moe,1305,39,9583,6889,1806,851,0,37,784,8,6,2,8
39,25,moe,777,36,3634,1454,902,1240,0,38,766,8,7,1,8
39,26,moe,647,37,2977,1382,908,656,0,31,711,8,7,1,8
39,-1,epi,0,0,0,0,0,0,0,0,5631,0,0,0,0
40,-2,pre,199,0,0,0,0,0,0,0,0,0,0,0,0
40,0,dense,1412,38,0,0,0,0,0,0,0,0,0,0,0
40,1,moe,805,39,2807,1446,899,435,0,27,3707,8,7,1,8
40,2,moe,738,55,13,0,0,0,0,13,825,8,8,0,8
40,3,moe,635,34,6218,2726,1792,1658,0,42,850,8,6,2,8
40,4,moe,721,37,10,0,0,0,0,10,648,8,8,0,8
40,5,moe,783,35,2675,1235,838,529,0,73,603,8,7,1,8
40,6,moe,718,34,3132,1326,989,758,0,59,2885,8,7,1,8
40,7,moe,708,83,5184,3212,842,1066,0,64,597,8,7,1,8
40,8,moe,736,35,2766,1413,767,562,0,24,1126,8,7,1,8
40,9,moe,795,36,7496,2569,1907,2919,0,101,848,8,6,2,8
40,10,moe,716,36,10,0,0,0,0,10,1332,8,8,0,8
40,11,moe,695,61,6182,2543,1625,1932,0,82,1104,8,6,2,8
40,12,moe,709,38,7742,2800,1916,2920,0,106,1727,8,6,2,8
40,13,moe,785,37,2766,1289,856,549,0,72,878,8,7,1,8
40,14,moe,767,57,2658,1336,774,523,0,25,660,8,7,1,8
40,15,moe,653,32,3017,1340,1032,585,0,60,1874,8,7,1,8
40,16,moe,716,39,17178,11533,3890,1603,0,152,1180,8,3,5,8
40,17,moe,779,38,2625,1265,779,543,0,38,596,8,7,1,8
40,18,moe,710,230,13227,9170,2800,1160,0,97,1282,8,5,3,8
40,19,moe,637,35,11280,6647,3182,1346,0,105,598,8,4,4,8
40,20,moe,711,36,2639,1305,781,527,0,26,644,8,7,1,8
40,21,moe,778,37,5668,2993,1914,659,0,102,778,8,6,2,8
40,22,moe,802,39,2419,1260,881,216,0,62,1130,8,7,1,8
40,23,moe,693,56,10021,6058,2799,1075,0,89,718,8,5,3,8
40,24,moe,784,37,15724,8061,3568,4023,0,72,1378,8,4,4,8
40,25,moe,778,38,2993,1463,897,605,0,28,771,8,7,1,8
40,26,moe,640,32,7595,3807,2693,1048,0,47,1044,8,5,3,8
40,-1,epi,0,0,0,0,0,0,0,0,5604,0,0,0,0
41,-2,pre,205,0,0,0,0,0,0,0,0,0,0,0,0
41,0,dense,1405,42,0,0,0,0,0,0,0,0,0,0,0
41,1,moe,796,36,7738,3912,2679,1090,0,57,773,8,5,3,8
41,2,moe,715,35,10286,4946,3573,1701,0,66,841,8,4,4,8
41,3,moe,637,35,11,0,0,0,0,11,858,8,8,0,8
41,4,moe,752,48,10062,3794,2358,3801,0,109,726,8,5,3,8
41,5,moe,781,37,4984,2341,1540,1061,0,42,657,8,6,2,8
41,6,moe,719,39,4098,1383,1037,1591,0,87,848,8,7,1,8
41,7,moe,690,62,3574,1361,849,1303,0,61,592,8,7,1,8
41,8,moe,710,42,6027,2450,1547,1989,0,41,721,8,6,2,8
41,9,moe,791,37,3126,1488,997,576,0,65,758,8,7,1,8
41,10,moe,713,31,2728,1255,853,543,0,77,600,8,7,1,8
41,11,moe,648,36,9705,3452,2282,3923,0,48,726,8,5,3,8
41,12,moe,737,38,3091,1397,1014,610,0,70,707,8,7,1,8
41,13,moe,779,33,12030,4867,3149,3887,0,127,596,8,4,4,8
41,14,moe,712,35,13847,6595,3072,4118,0,62,682,8,4,4,8
41,15,moe,630,31,5723,2590,1878,1171,0,84,714,8,6,2,8
41,16,moe,711,33,11325,5709,3915,1574,0,127,783,8,3,5,8
41,17,moe,782,33,4952,2337,1532,1043,0,40,645,8,6,2,8
41,18,moe,715,33,6689,3548,1888,1180,0,73,836,8,6,2,8
41,19,moe,641,33,11064,5784,3151,1979,0,150,652,8,4,4,8
41,20,moe,710,35,5008,2374,1539,1057,0,38,797,8,6,2,8
41,21,moe,788,33,12306,6386,3721,2091,0,108,717,8,4,4,8
41,22,moe,778,34,5709,2359,1602,1643,0,105,600,8,6,2,8
41,23,moe,636,33,13015,7964,3695,1244,0,112,739,8,4,4,8
41,24,moe,776,34,19997,10404,5372,4140,0,81,1399,8,2,6,8
41,25,moe,777,37,12,0,0,0,0,12,1334,8,8,0,8
41,26,moe,647,41,10623,7070,2674,832,0,47,811,8,5,3,8
41,-1,epi,0,0,0,0,0,0,0,0,5546,0,0,0,0
42,-2,pre,221,0,0,0,0,0,0,0,0,0,0,0,0
42,0,dense,1415,37,0,0,0,0,0,0,0,0,0,0,0
42,1,moe,792,33,2637,1650,890,69,0,28,730,8,7,1,8
42,2,moe,724,32,17528,7427,4469,5562,0,70,834,8,3,5,8
42,3,moe,646,33,11,0,0,0,0,11,1329,8,8,0,8
42,4,moe,708,32,10,0,0,0,0,10,646,8,8,0,8
42,5,moe,792,31,10,0,0,0,0,10,1143,8,8,0,8
42,6,moe,717,31,3015,1494,899,596,0,26,716,8,7,1,8
42,7,moe,651,33,7902,2694,1627,3462,0,119,648,8,6,2,8
42,8,moe,724,37,5289,2483,1534,1230,0,42,697,8,6,2,8
42,9,moe,781,35,3165,1471,1026,598,0,70,870,8,7,1,8
42,10,moe,710,33,9,0,0,0,0,9,588,8,8,0,8
42,11,moe,645,33,9,0,0,0,0,9,2910,8,8,0,8
42,12,moe,718,32,3010,1473,896,614,0,27,719,8,7,1,8
42,13,moe,794,32,3752,1438,860,1363,0,91,682,8,7,1,8
42,14,moe,773,54,5164,2530,1543,1051,0,40,659,8,6,2,8
42,15,moe,627,30,9,0,0,0,0,9,825,8,8,0,8
42,16,moe,714,29,3658,2527,767,342,0,22,592,8,7,1,8
42,17,moe,792,33,5076,2405,1535,1096,0,40,1097,8,6,2,8
42,18,moe,724,31,8635,5395,1913,1236,0,91,1277,8,6,2,8
42,19,moe,636,31,10,0,0,0,0,10,590,8,8,0,8
42,20,moe,715,30,8939,5464,2381,997,0,97,661,8,5,3,8
42,21,moe,781,36,2868,1385,1024,380,0,79,2133,8,7,1,8
42,22,moe,820,34,2727,1251,873,524,0,79,739,8,7,1,8
42,23,moe,640,30,6265,2683,1921,1578,0,83,2396,8,6,2,8
42,24,moe,4835,35,2523,1346,903,243,0,31,827,8,7,1,8
42,25,moe,780,35,9440,5123,1790,2478,0,49,727,8,6,2,8
42,26,moe,644,36,7399,4728,1797,836,0,38,767,8,6,2,8
42,-1,epi,0,0,0,0,0,0,0,0,5607,0,0,0,0
43,-2,pre,223,0,0,0,0,0,0,0,0,0,0,0,0
43,0,dense,1408,33,0,0,0,0,0,0,0,0,0,0,0
43,1,moe,788,33,5709,2595,1785,1286,0,43,2858,8,6,2,8
43,2,moe,717,32,6413,3097,1780,1496,0,40,708,8,6,2,8
43,3,moe,649,34,8984,3808,2679,2453,0,44,2153,8,5,3,8
43,4,moe,738,39,9480,6542,1614,1226,0,98,589,8,6,2,8
43,5,moe,781,35,10,0,0,0,0,10,753,8,8,0,8
43,6,moe,705,31,10026,4184,2804,2943,0,95,723,8,5,3,8
43,7,moe,634,32,4830,3123,853,780,0,74,1108,8,7,1,8
43,8,moe,714,32,10,0,0,0,0,10,646,8,8,0,8
43,9,moe,789,31,9,0,0,0,0,9,1307,8,8,0,8
43,10,moe,709,30,9,0,0,0,0,9,641,8,8,0,8
43,11,moe,634,29,5094,2371,1540,1150,0,33,1097,8,6,2,8
43,12,moe,722,33,3266,1553,1016,627,0,70,768,8,7,1,8
43,13,moe,799,35,5709,2354,1614,1653,0,88,1561,8,6,2,8
43,14,moe,717,34,8560,4606,2309,1595,0,50,1101,8,5,3,8
43,15,moe,636,464,10492,7053,1908,1451,0,80,793,8,6,2,8
43,16,moe,713,37,2776,1338,846,528,0,64,666,8,7,1,8
43,17,moe,785,35,2650,1317,777,533,0,23,2230,8,7,1,8
43,18,moe,746,34,17568,11495,4566,1361,0,146,714,8,3,5,8
43,19,moe,636,31,10837,5820,3900,994,0,123,670,8,3,5,8
43,20,moe,712,40,6967,3500,2307,1112,0,48,657,8,5,3,8
43,21,moe,777,36,15277,6803,4587,3736,0,151,719,8,3,5,8
43,22,moe,778,39,10255,5206,3136,1786,0,127,596,8,4,4,8
43,23,moe,628,36,12725,6887,3680,2051,0,107,715,8,4,4,8
43,24,moe,3571,39,9868,5569,2694,1555,0,50,819,8,5,3,8
43,25,moe,1285,75,7765,2968,1792,2968,0,37,766,8,6,2,8
43,26,moe,635,36,8242,5488,1789,929,0,36,738,8,6,2,8
43,-1,epi,0,0,0,0,0,0,0,0,5579,0,0,0,0
44,-2,pre,210,0,0,0,0,0,0,0,0,0,0,0,0
44,0,dense,1398,43,0,0,0,0,0,0,0,0,0,0,0
44,1,moe,795,37,5229,2558,1784,844,0,43,725,8,6,2,8
44,2,moe,775,70,3114,1400,904,786,0,24,1270,8,7,1,8
44,3,moe,654,33,6223,2808,1791,1590,0,34,1350,8,6,2,8
44,4,moe,716,38,4754,2348,1611,701,0,94,647,8,6,2,8
44,5,moe,791,37,9845,4667,2300,2829,0,49,1568,8,5,3,8
44,6,moe,740,88,12,0,0,0,0,12,2101,8,8,0,8
44,7,moe,631,33,2626,1288,775,534,0,29,2741,8,7,1,8
44,8,moe,721,36,11252,4694,3071,3428,0,59,621,8,4,4,8
44,9,moe,782,38,21576,9109,4570,7760,0,137,744,8,3,5,8
44,10,moe,744,38,12,0,0,0,0,12,4912,8,8,0,8
44,11,moe,654,38,13053,4773,3147,5003,0,130,1738,8,4,4,8
44,12,moe,789,38,11901,5107,3706,2973,0,115,719,8,4,4,8
44,13,moe,784,38,13264,6483,3938,2708,0,135,673,8,3,5,8
44,14,moe,718,38,12269,5635,3815,2739,0,80,600,8,3,5,8
44,15,moe,626,39,7498,2673,1889,2850,0,86,711,8,6,2,8
44,16,moe,724,36,9378,4744,3128,1384,0,122,604,8,4,4,8
44,17,moe,776,38,12357,4697,3050,4546,0,64,663,8,4,4,8
44,18,moe,717,38,11236,4890,3690,2542,1,113,725,8,4,4,8
44,19,moe,632,36,6506,3446,2371,591,0,98,769,8,5,3,8
44,20,moe,721,41,8861,4612,3057,1132,0,60,602,8,4,4,8
44,21,moe,779,40,10250,3948,2803,3406,0,93,916,8,5,3,8
44,22,moe,820,39,7776,3399,2376,1898,0,103,606,8,5,3,8
44,23,moe,654,34,16190,7795,5489,2744,0,162,736,8,2,6,8
44,24,moe,782,37,9045,5166,3576,241,0,62,787,8,4,4,8
44,25,moe,780,37,9925,3838,2689,3348,0,50,857,8,5,3,8
44,26,moe,821,37,7840,3767,2672,1351,0,50,750,8,5,3,8
44,-1,epi,0,0,0,0,0,0,0,0,5575,0,0,0,0
45,-2,pre,212,0,0,0,0,0,0,0,0,0,0,0,0
45,0,dense,1531,43,0,0,0,0,0,0,0,0,0,0,0
45,1,moe,826,36,15362,8474,4494,2321,0,73,724,8,3,5,8
45,2,moe,849,36,4859,2552,1796,471,0,40,2087,8,6,2,8
45,3,moe,635,38,11718,4944,3558,3119,0,97,784,8,4,4,8
45,4,moe,911,38,2729,1247,857,544,0,81,1212,8,7,1,8
45,5,moe,922,38,7728,4289,1532,1866,0,41,1084,8,6,2,8
45,6,moe,876,36,3060,1391,1003,595,0,71,2596,8,7,1,8
45,7,moe,636,35,9,0,0,0,0,9,3563,8,8,0,8
45,8,moe,848,36,6709,2914,1624,2032,0,139,1361,8,6,2,8
45,9,moe,910,37,9438,3755,2833,2749,0,101,1337,8,5,3,8
45,10,moe,856,37,10,0,0,0,0,10,3129,8,8,0,8
45,11,moe,630,31,2909,1285,843,694,0,87,2497,8,7,1,8
45,12,moe,860,36,7156,2667,1875,2533,0,81,768,8,6,2,8
45,13,moe,915,36,9616,4835,3104,1550,0,127,2254,8,4,4,8
45,14,moe,876,41,11,0,0,0,0,11,1171,8,8,0,8
45,15,moe,654,38,8838,3768,2823,2135,0,112,1693,8,5,3,8
45,16,moe,901,53,7787,3629,2418,1571,1,168,679,8,5,3,8
45,17,moe,940,46,5049,2452,1546,999,0,52,1682,8,6,2,8
45,18,moe,883,37,14628,6225,4646,3607,0,150,786,8,3,5,8
45,19,moe,684,38,11316,6805,3905,451,0,155,641,8,3,5,8
45,20,moe,722,38,8492,4823,3079,522,0,68,716,8,4,4,8
45,21,moe,792,37,5145,2625,1901,529,0,90,766,8,6,2,8
45,22,moe,809,37,7660,3342,2375,1847,0,96,778,8,5,3,8
45,23,moe,643,34,9460,4957,3681,701,0,121,727,8,4,4,8
45,24,moe,800,39,9312,5205,3564,464,0,79,720,8,4,4,8
45,25,moe,857,38,9217,3743,2691,2731,0,52,976,8,5,3,8
45,26,moe,636,35,13142,6550,4442,2070,0,80,719,8,3,5,8
45,-1,epi,0,0,0,0,0,0,0,0,5603,0,0,0,0
46,-2,pre,225,0,0,0,0,0,0,0,0,0,0,0,0
46,0,dense,2201,48,0,0,0,0,0,0,0,0,0,0,0
46,1,moe,944,38,7052,3913,2667,413,0,59,767,8,5,3,8
46,2,moe,717,35,12938,8064,3586,1208,0,80,783,8,4,4,8
46,3,moe,629,33,8034,4183,2678,1127,0,46,830,8,5,3,8
46,4,moe,711,35,12958,6214,3898,2712,0,134,599,8,3,5,8
46,5,moe,782,38,5987,2429,1543,1977,1,37,644,8,6,2,8
46,6,moe,710,39,3916,1392,1028,1407,0,89,1828,8,7,1,8
46,7,moe,634,34,2691,1271,843,510,0,67,645,8,7,1,8
46,8,moe,709,33,12271,4627,3077,4504,0,63,680,8,4,4,8
46,9,moe,820,38,11937,6021,2805,3006,0,105,718,8,5,3,8
46,10,moe,713,38,16397,7567,4666,4004,0,160,599,8,2,6,8
46,11,moe,628,35,7913,3507,2372,1973,0,61,2356,8,5,3,8
46,12,moe,715,40,9446,4205,2803,2337,0,101,1850,8,5,3,8
46,13,moe,839,36,11886,7748,2478,1544,0,116,598,8,5,3,8
46,14,moe,715,37,2596,1273,779,518,0,26,1756,8,7,1,8
46,15,moe,657,33,6107,2668,1891,1468,0,80,775,8,6,2,8
46,16,moe,717,37,7152,4054,2409,563,0,126,644,8,5,3,8
46,17,moe,807,45,7715,3540,2309,1814,0,52,1169,8,5,3,8
46,18,moe,707,35,7539,3706,2849,884,0,100,713,8,5,3,8
46,19,moe,641,33,7268,5439,1615,124,0,90,591,8,6,2,8
46,20,moe,712,37,10,0,0,0,0,10,580,8,8,0,8
46,21,moe,777,35,5525,2877,1903,654,0,91,847,8,6,2,8
46,22,moe,784,37,8000,3730,2390,1774,0,106,600,8,5,3,8
46,23,moe,630,34,9626,5280,3693,538,0,115,773,8,4,4,8
46,24,moe,781,37,2430,1432,907,65,0,26,1280,8,7,1,8
46,25,moe,785,35,6317,2618,1789,1872,0,38,711,8,6,2,8
46,26,moe,645,33,4597,2636,1796,124,0,41,814,8,6,2,8
46,-1,epi,0,0,0,0,0,0,0,0,5646,0,0,0,0
47,-2,pre,211,0,0,0,0,0,0,0,0,0,0,0,0
47,0,dense,1413,39,0,0,0,0,0,0,0,0,0,0,0
47,1,moe,1081,41,7547,3887,2668,933,0,59,797,8,5,3,8
47,2,moe,721,64,14255,8924,4477,775,0,79,772,8,3,5,8
47,3,moe,694,56,16135,7907,5373,2750,0,105,733,8,2,6,8
47,4,moe,713,36,7766,4417,1627,1586,0,136,590,8,6,2,8
47,5,moe,779,33,9331,4000,2302,2972,0,57,620,8,5,3,8
47,6,moe,714,36,9153,4286,2837,1938,0,92,734,8,5,3,8
47,7,moe,621,32,5070,2279,1609,1094,0,88,1160,8,6,2,8
47,8,moe,731,32,4950,2344,1541,1025,0,40,592,8,6,2,8
47,9,moe,782,33,8619,5477,1891,1163,0,88,713,8,6,2,8
47,10,moe,707,34,4756,3117,863,683,0,93,648,8,7,1,8
47,11,moe,633,30,2760,1216,778,739,0,27,629,8,7,1,8
47,12,moe,751,57,3096,1432,1003,590,0,71,1568,8,7,1,8
47,13,moe,915,62,2757,1419,848,423,0,67,650,8,7,1,8
47,14,moe,714,35,4971,2387,1545,1002,0,37,647,8,6,2,8
47,15,moe,674,29,10815,3780,2808,4123,0,104,721,8,5,3,8
47,16,moe,713,35,11738,6203,3914,1493,0,128,650,8,3,5,8
47,17,moe,786,71,13289,8316,3059,1837,0,77,598,8,4,4,8
47,18,moe,710,35,13972,6913,4560,2366,0,133,724,8,3,5,8
47,19,moe,640,34,19748,11491,5445,2638,0,174,599,8,1,7,8
47,20,moe,717,39,10990,5629,4606,675,0,80,599,8,2,6,8
47,21,moe,806,92,7458,3825,2790,743,0,100,736,8,5,3,8
47,22,moe,777,34,2233,1290,828,49,0,66,636,8,7,1,8
47,23,moe,629,29,10257,4687,3651,1824,0,95,717,8,4,4,8
47,24,moe,778,34,11016,6640,3585,718,0,73,796,8,4,4,8
47,25,moe,4007,35,15656,7872,3569,4147,0,68,1332,8,4,4,8
47,26,moe,638,33,11108,6712,3571,749,0,76,721,8,4,4,8
47,-1,epi,0,0,0,0,0,0,0,0,5554,0,0,0,0
48,-2,pre,212,0,0,0,0,0,0,0,0,0,0,0,0
48,0,dense,1397,35,0,0,0,0,0,0,0,0,0,0,0
48,1,moe,798,36,8936,5658,2666,557,0,55,726,8,5,3,8
48,2,moe,1065,32,8712,4331,2697,1628,0,56,896,8,5,3,8
48,3,moe,895,30,8472,5208,2668,537,1,58,764,8,5,3,8
48,4,moe,717,37,2759,1322,842,521,0,74,596,8,7,1,8
48,5,moe,780,34,3015,1311,777,899,0,28,801,8,7,1,8
48,6,moe,760,32,5244,2570,1023,1545,0,106,778,8,7,1,8
48,7,moe,653,29,5464,2367,1598,1410,0,89,636,8,6,2,8
48,8,moe,710,32,4370,2340,778,1223,0,29,595,8,7,1,8
48,9,moe,778,31,7528,2708,1907,2812,0,101,778,8,6,2,8
48,10,moe,728,49,2814,1308,855,566,0,85,648,8,7,1,8
48,11,moe,648,36,5655,2466,1539,1609,0,41,1168,8,6,2,8
48,12,moe,707,32,3517,1386,1037,1024,0,70,783,8,7,1,8
48,13,moe,835,33,6379,3563,2402,306,0,108,1106,8,5,3,8
48,14,moe,714,31,5081,2422,1537,1078,0,44,1543,8,6,2,8
48,15,moe,633,30,5927,2532,1914,1396,0,85,743,8,6,2,8
48,16,moe,712,30,4526,2375,1618,445,0,88,644,8,6,2,8
48,17,moe,790,33,14918,9510,3846,1480,0,82,602,8,3,5,8
48,18,moe,708,30,11184,5383,3690,1998,0,113,751,8,4,4,8
48,19,moe,641,30,8359,4674,3154,414,0,117,597,8,4,4,8
48,20,moe,711,31,11342,7339,3049,878,0,76,1019,8,4,4,8
48,21,moe,777,32,8698,4998,2781,834,0,85,1743,8,5,3,8
48,22,moe,776,31,6472,3432,2382,550,0,108,701,8,5,3,8
48,23,moe,632,31,3066,1428,1037,537,0,64,747,8,7,1,8
48,24,moe,843,35,8595,4561,2686,1290,0,58,783,8,5,3,8
48,25,moe,782,35,5516,2951,1795,730,0,40,1780,8,6,2,8
48,26,moe,687,85,11375,7102,3570,604,0,99,773,8,4,4,8
48,-1,epi,0,0,0,0,0,0,0,0,5562,0,0,0,0
49,-2,pre,46,0,0,0,0,0,0,0,0,0,0,0,0
49,0,dense,1412,34,0,0,0,0,0,0,0,0,0,0,0
49,1,moe,788,32,10625,7163,2686,716,0,60,717,8,5,3,8
49,2,moe,713,32,7276,3797,2674,752,0,53,712,8,5,3,8
49,3,moe,627,30,7002,3847,2685,412,0,58,1320,8,5,3,8
49,4,moe,1054,34,2735,1311,842,514,0,68,753,8,7,1,8
49,5,moe,778,32,2619,1294,775,524,0,26,1096,8,7,1,8
49,6,moe,716,31,3493,1401,1037,988,0,67,712,8,7,1,8
49,7,moe,640,29,2978,1211,856,847,0,64,2324,8,7,1,8
49,8,moe,712,35,2593,1278,774,514,0,27,599,8,7,1,8
49,9,moe,779,32,3714,1429,1010,1203,0,72,2285,8,7,1,8
49,10,moe,753,35,8969,5492,1641,1744,0,92,724,8,6,2,8
49,11,moe,638,32,9,0,0,0,0,9,582,8,8,0,8
49,12,moe,722,44,6425,2956,1899,1489,0,81,716,8,6,2,8
49,13,moe,780,36,11,0,0,0,0,11,1561,8,8,0,8
49,14,moe,710,35,4820,2404,1622,716,0,78,592,8,6,2,8
49,15,moe,642,32,2733,1424,1016,237,0,56,755,8,7,1,8
49,16,moe,759,70,2622,1369,839,320,0,94,1047,8,7,1,8
49,17,moe,778,34,2328,1304,786,212,0,26,653,8,7,1,8
49,18,moe,709,33,2809,1488,1016,245,0,60,718,8,7,1,8
49,19,moe,646,31,8445,5805,2399,148,0,93,678,8,5,3,8
49,20,moe,708,32,3219,1548,1540,100,0,31,1340,8,6,2,8
49,21,moe,801,36,2686,1339,1027,244,0,76,2192,8,7,1,8
49,22,moe,782,36,11189,7481,3153,432,0,123,604,8,4,4,8
49,23,moe,633,34,4702,2583,1907,116,0,96,2751,8,6,2,8
49,24,moe,850,68,9237,3390,3580,2205,0,62,852,8,4,4,8
49,25,moe,792,37,2551,1365,904,253,0,29,727,8,7,1,8
49,26,moe,635,33,6024,2790,1786,1414,0,34,713,8,6,2,8
49,-1,epi,0,0,0,0,0,0,0,0,5617,0,0,0,0
50,-2,pre,210,0,0,0,0,0,0,0,0,0,0,0,0
50,0,dense,1410,39,0,0,0,0,0,0,0,0,0,0,0
50,1,moe,802,34,9490,5174,3566,678,0,72,724,8,4,4,8
50,2,moe,713,35,9557,5827,2679,985,0,66,826,8,5,3,8
50,3,moe,697,34,12776,7632,4468,600,0,76,741,8,3,5,8
50,4,moe,723,55,8510,3955,2382,2070,0,103,705,8,5,3,8
50,5,moe,1138,42,2627,1278,785,534,0,30,693,8,7,1,8
50,6,moe,1057,39,6957,2636,1927,2284,0,110,2433,8,6,2,8
50,7,moe,678,35,5683,2246,1603,1744,0,90,651,8,6,2,8
50,8,moe,717,35,8047,3841,2304,1853,0,49,2162,8,5,3,8
50,9,moe,804,38,6111,2657,1886,1480,0,88,722,8,6,2,8
50,10,moe,714,37,9030,3595,2397,2908,0,130,668,8,5,3,8
50,11,moe,691,35,2619,1293,781,515,0,30,595,8,7,1,8
50,12,moe,717,38,5912,2671,1893,1231,0,117,795,8,6,2,8
50,13,moe,781,42,4659,2420,1621,534,0,84,621,8,6,2,8
50,14,moe,714,35,9660,4766,3059,1773,0,62,1029,8,4,4,8
50,15,moe,634,35,7810,4266,2799,655,0,90,801,8,5,3,8
50,16,moe,777,69,4622,2770,1615,134,0,103,1795,8,6,2,8
50,17,moe,881,50,4305,2474,1536,256,0,39,596,8,6,2,8
50,18,moe,722,40,9225,5161,3685,269,0,110,715,8,4,4,8
50,19,moe,643,33,10096,6508,2385,1101,0,102,597,8,5,3,8
50,20,moe,711,36,2161,1308,775,51,0,27,589,8,7,1,8
50,21,moe,778,35,4875,2777,1884,134,0,80,713,8,6,2,8
50,22,moe,781,36,9,0,0,0,0,9,1117,8,8,0,8
50,23,moe,638,31,9,0,0,0,0,9,760,8,8,0,8
50,24,moe,798,35,2347,1368,896,59,0,24,785,8,7,1,8
50,25,moe,784,35,3203,1871,895,414,0,23,855,8,7,1,8
50,26,moe,8502,42,8495,5105,2684,657,0,49,718,8,5,3,8
50,-1,epi,0,0,0,0,0,0,0,0,5623,0,0,0,0
51,-2,pre,226,0,0,0,0,0,0,0,0,0,0,0,0
51,0,dense,5232,38,0,0,0,0,0,0,0,0,0,0,0
51,1,moe,7258,37,7154,4219,2676,211,0,48,847,8,5,3,8
51,2,moe,722,34,14271,8396,5380,406,0,89,726,8,2,6,8
51,3,moe,668,35,4876,2907,1801,128,0,40,997,8,6,2,8
51,4,moe,713,37,10556,4538,3116,2794,0,108,1065,8,4,4,8
51,5,moe,784,38,2635,1295,778,535,0,27,774,8,7,1,8
51,6,moe,713,36,6552,2722,1896,1833,0,101,754,8,6,2,8
51,7,moe,846,37,2713,1278,865,506,0,64,1228,8,7,1,8
51,8,moe,1057,40,4962,2349,1541,1017,0,55,808,8,6,2,8
51,9,moe,1117,42,3399,1354,997,971,0,77,4287,8,7,1,8
51,10,moe,713,39,3035,1280,860,820,0,75,2297,8,7,1,8
51,11,moe,644,35,2617,1283,766,545,0,23,1051,8,7,1,8
51,12,moe,723,35,13454,5119,3707,4514,0,114,764,8,4,4,8
51,13,moe,787,39,4821,2350,1614,736,0,121,681,8,6,2,8
51,14,moe,729,38,6680,3524,2320,781,0,55,1542,8,5,3,8
51,15,moe,686,57,11446,8774,1898,681,0,93,715,8,6,2,8
51,16,moe,718,39,7921,4506,2386,902,0,127,593,8,5,3,8
51,17,moe,778,36,4404,2412,1548,409,0,35,590,8,6,2,8
51,18,moe,706,33,8402,3874,2807,1628,0,93,715,8,5,3,8
51,19,moe,639,36,9842,4977,3148,1604,0,113,638,8,4,4,8
51,20,moe,717,36,12975,5692,3849,3360,0,74,596,8,3,5,8
51,21,moe,799,37,5598,2558,1876,1083,0,81,716,8,6,2,8
51,22,moe,775,36,2407,1290,827,229,0,61,1018,8,7,1,8
51,23,moe,633,34,7778,3810,2816,1061,1,90,1348,8,5,3,8
51,24,moe,784,37,13384,7284,5334,675,0,91,743,8,2,6,8
51,25,moe,777,37,2332,1329,910,68,0,25,1784,8,7,1,8
51,26,moe,634,34,2344,1361,895,67,0,21,1749,8,7,1,8
51,-1,epi,0,0,0,0,0,0,0,0,5631,0,0,0,0
52,-2,pre,57,0,0,0,0,0,0,0,0,0,0,0,0
52,0,dense,1421,41,0,0,0,0,0,0,0,0,0,0,0
52,1,moe,809,41,4680,2735,1784,122,0,39,779,8,6,2,8
52,2,moe,722,35,4493,2548,1789,119,0,37,773,8,6,2,8
52,3,moe,645,33,2399,1418,900,59,0,22,728,8,7,1,8
52,4,moe,717,34,8685,4394,2376,1810,0,105,1047,8,5,3,8
52,5,moe,781,37,10,0,0,0,0,10,592,8,8,0,8
52,6,moe,715,34,9,0,0,0,0,9,725,8,8,0,8
52,7,moe,644,214,9,0,0,0,0,9,630,8,8,0,8
52,8,moe,730,44,4908,3587,764,526,0,31,1141,8,7,1,8
52,9,moe,795,37,4153,1706,1058,1314,0,75,797,8,7,1,8
52,10,moe,1028,37,2777,1313,844,546,0,74,1260,8,7,1,8
52,11,moe,803,33,2623,1269,777,555,0,22,650,8,7,1,8
52,12,moe,1057,38,6172,2559,1927,1608,0,78,738,8,6,2,8
52,13,moe,790,37,12,0,0,0,0,12,601,8,8,0,8
52,14,moe,713,33,7618,3668,2376,1440,1,133,1510,8,5,3,8
52,15,moe,639,33,3112,1457,1029,567,0,59,714,8,7,1,8
52,16,moe,719,34,3008,1531,857,553,0,67,592,8,7,1,8
52,17,moe,783,36,7560,3799,2294,1419,0,48,604,8,5,3,8
52,18,moe,716,34,9234,3703,3691,1733,0,107,788,8,4,4,8
52,19,moe,647,33,6343,2880,3142,230,0,91,608,8,4,4,8
52,20,moe,717,35,5581,2913,2306,315,0,47,598,8,5,3,8
52,21,moe,790,38,5424,3327,1901,115,0,81,727,8,6,2,8
52,22,moe,786,36,4407,2447,1622,255,0,83,600,8,6,2,8
52,23,moe,631,32,5614,2266,2807,464,0,77,715,8,5,3,8
52,24,moe,785,37,11,0,0,0,0,11,719,8,8,0,8
52,25,moe,781,38,9,0,0,0,0,9,811,8,8,0,8
52,26,moe,646,30,8,0,0,0,0,8,1106,8,8,0,8
52,-1,epi,0,0,0,0,0,0,0,0,5727,0,0,0,0
53,-2,pre,226,0,0,0,0,0,0,0,0,0,0,0,0
53,0,dense,1429,32,0,0,0,0,0,0,0,0,0,0,0
53,1,moe,831,34,5373,2652,1787,895,0,39,1348,8,6,2,8
53,2,moe,786,33,13189,7689,4471,957,0,72,728,8,3,5,8
53,3,moe,764,31,2400,1410,906,58,0,26,716,8,7,1,8
53,4,moe,771,30,7334,3838,2390,968,0,138,1436,8,5,3,8
53,5,moe,841,33,10,0,0,0,0,10,1582,8,8,0,8
53,6,moe,785,33,6921,2566,1921,2345,0,89,898,8,6,2,8
53,7,moe,845,51,2758,1281,861,543,0,73,1563,8,7,1,8
53,8,moe,715,31,5245,2450,1543,1215,0,37,658,8,6,2,8
53,9,moe,786,33,9894,4870,2795,2109,0,120,730,8,5,3,8
53,10,moe,714,32,5164,2433,1610,1033,0,88,1170,8,6,2,8
53,11,moe,632,30,5840,2432,1543,1827,0,38,731,8,6,2,8
53,12,moe,761,58,8419,5906,1901,481,0,131,871,8,6,2,8
53,13,moe,1132,37,2367,1256,841,197,0,73,600,8,7,1,8
53,14,moe,708,31,3438,2384,775,257,0,22,587,8,7,1,8
53,15,moe,634,30,7926,4297,2812,703,0,114,774,8,5,3,8
53,16,moe,721,31,4204,2383,1635,102,0,84,1469,8,6,2,8
53,17,moe,788,31,4537,2363,1546,594,0,34,1078,8,6,2,8
53,18,moe,711,30,7246,3214,2816,1126,0,90,770,8,5,3,8
53,19,moe,649,27,10923,4386,4653,1732,1,151,659,8,2,6,8
53,20,moe,717,37,5250,2744,2303,156,1,46,684,8,5,3,8
53,21,moe,797,37,8452,4804,2801,732,0,115,715,8,5,3,8
53,22,moe,783,32,7305,3543,2382,1263,0,117,649,8,5,3,8
53,23,moe,643,33,16294,11274,4582,328,0,110,708,8,3,5,8
53,24,moe,779,33,6146,3223,2696,181,0,46,763,8,5,3,8
53,25,moe,795,36,18683,8783,5335,4485,0,80,781,8,2,6,8
53,26,moe,639,32,2827,1307,895,593,0,32,763,8,7,1,8
53,-1,epi,0,0,0,0,0,0,0,0,5616,0,0,0,0
54,-2,pre,56,0,0,0,0,0,0,0,0,0,0,0,0
54,0,dense,1415,34,0,0,0,0,0,0,0,0,0,0,0
54,1,moe,1343,34,9238,5775,2674,737,0,52,839,8,5,3,8
54,2,moe,4809,32,2291,1300,907,57,0,27,762,8,7,1,8
54,3,moe,12513,33,2348,1358,903,64,0,23,2478,8,7,1,8
54,4,moe,7461,35,2620,1155,861,524,0,80,597,8,7,1,8
54,5,moe,7598,32,2534,1203,778,525,0,28,761,8,7,1,8
54,6,moe,5763,34,10,0,0,0,0,10,711,8,8,0,8
54,7,moe,12830,32,10,0,0,0,0,10,582,8,8,0,8
54,8,moe,7400,79,2551,1396,775,355,0,25,653,8,7,1,8
54,9,moe,7197,33,2581,1257,1002,268,0,54,950,8,7,1,8
54,10,moe,6421,32,2655,1240,836,525,0,54,598,8,7,1,8
54,11,moe,13848,31,2187,1183,780,197,0,27,1227,8,7,1,8
54,12,moe,767,30,2788,1444,1035,238,0,71,896,8,7,1,8
54,13,moe,785,32,2761,1413,850,428,0,70,1845,8,7,1,8
54,14,moe,1043,36,2319,1300,782,212,0,25,766,8,7,1,8
54,15,moe,759,28,2744,1329,1016,331,0,68,898,8,7,1,8
54,16,moe,726,33,11,0,0,0,0,11,738,8,8,0,8
54,17,moe,788,29,9,0,0,0,0,9,662,8,8,0,8
54,18,moe,720,30,8,0,0,0,1,7,1398,8,8,0,8
54,19,moe,646,33,2186,1218,850,52,0,66,601,8,7,1,8
54,20,moe,727,31,4129,2454,1539,100,0,36,657,8,6,2,8
54,21,moe,807,54,2932,1792,1003,59,0,78,836,8,7,1,8
54,22,moe,783,30,10,0,0,0,0,10,1673,8,8,0,8
54,23,moe,634,29,2682,1515,906,236,0,25,715,8,7,1,8
54,24,moe,795,32,2732,1384,907,416,0,25,1142,8,7,1,8
54,25,moe,805,31,3924,1698,907,1295,0,24,1534,8,7,1,8
54,26,moe,636,29,3033,1431,897,686,0,19,796,8,7,1,8
54,-1,epi,0,0,0,0,0,0,0,0,5722,0,0,0,0
55,-2,pre,216,0,0,0,0,0,0,0,0,0,0,0,0
55,0,dense,1422,35,0,0,0,0,0,0,0,0,0,0,0
55,1,moe,803,33,13182,8041,4468,593,0,80,788,8,3,5,8
55,2,moe,780,60,10541,5445,4479,537,0,80,728,8,3,5,8
55,3,moe,662,32,8224,3877,2689,1608,0,50,803,8,5,3,8
55,4,moe,717,476,9646,6724,1628,1184,0,110,604,8,6,2,8
55,5,moe,779,51,7398,3582,2293,1472,0,51,605,8,5,3,8
55,6,moe,718,41,7495,2543,1924,2939,0,89,3614,8,6,2,8
55,7,moe,641,34,2682,1262,848,495,0,77,654,8,7,1,8
55,8,moe,726,37,15340,9999,3844,1427,0,70,604,8,3,5,8
55,9,moe,783,35,15061,9877,3701,1346,0,137,1233,8,4,4,8
55,10,moe,720,38,5146,2431,1592,1033,0,90,652,8,6,2,8
55,11,moe,635,33,3318,1363,777,1152,0,26,727,8,7,1,8
55,12,moe,712,36,9290,5672,2792,721,0,105,712,8,5,3,8
55,13,moe,775,39,3326,1292,852,1092,0,90,679,8,7,1,8
55,14,moe,724,65,6349,3529,2306,456,0,58,657,8,5,3,8
55,15,moe,738,36,14709,7260,4595,2702,0,152,783,8,3,5,8
55,16,moe,711,40,13297,8737,3922,503,0,135,842,8,3,5,8
55,17,moe,810,39,11,0,0,0,0,11,585,8,8,0,8
55,18,moe,714,34,4856,2581,1890,286,0,99,714,8,6,2,8
55,19,moe,633,34,8153,4701,3142,199,0,111,1964,8,4,4,8
55,20,moe,767,36,2155,1291,778,59,0,27,636,8,7,1,8
55,21,moe,778,36,7212,3943,2781,401,0,87,751,8,5,3,8
55,22,moe,784,37,8446,4818,2379,1143,0,106,594,8,5,3,8
55,23,moe,632,33,10,0,0,0,0,10,764,8,8,0,8
55,24,moe,783,33,4941,2591,1905,364,0,81,958,8,6,2,8
55,25,moe,780,43,9,0,0,0,0,9,1272,8,8,0,8
55,26,moe,633,34,5774,2673,1803,1258,0,40,857,8,6,2,8
55,-1,epi,0,0,0,0,0,0,0,0,5652,0,0,0,0
56,-2,pre,210,0,0,0,0,0,0,0,0,0,0,0,0
56,0,dense,1421,41,0,0,0,0,0,0,0,0,0,0,0
56,1,moe,799,36,4718,2751,1786,137,0,44,790,8,6,2,8
56,2,moe,730,38,4635,2670,1794,132,0,39,718,8,6,2,8
56,3,moe,647,34,9,0,0,0,0,9,707,8,8,0,8
56,4,moe,715,32,9,0,0,0,0,9,605,8,8,0,8
56,5,moe,827,62,5280,3074,1620,495,0,91,663,8,6,2,8
56,6,moe,717,36,3027,1330,1014,614,0,69,714,8,7,1,8
56,7,moe,641,31,2723,1307,827,520,0,69,1864,8,7,1,8
56,8,moe,758,35,5588,2662,1537,1351,0,38,789,8,6,2,8
56,9,moe,796,39,7304,3804,1907,1503,0,90,786,8,6,2,8
56,10,moe,716,36,2698,1242,860,525,0,71,651,8,7,1,8
56,11,moe,645,31,8,0,0,0,0,8,596,8,8,0,8
56,12,moe,7587,35,8213,5688,1906,532,0,87,771,8,6,2,8
56,13,moe,7480,38,5550,3090,1616,759,0,85,608,8,6,2,8
56,14,moe,6703,37,6990,3463,2304,1179,0,44,712,8,5,3,8
56,15,moe,13572,35,7828,4020,2792,922,0,94,816,8,5,3,8
56,16,moe,10597,44,6339,2377,1616,2220,0,126,662,8,6,2,8
56,17,moe,791,39,4145,2409,1550,124,0,62,670,8,6,2,8
56,18,moe,743,66,13264,8770,2801,1575,0,118,722,8,5,3,8
56,19,moe,643,36,5207,2858,1605,601,0,143,642,8,6,2,8
56,20,moe,866,38,4760,2375,1545,804,0,36,675,8,6,2,8
56,21,moe,878,52,3082,1386,1013,607,0,76,754,8,7,1,8
56,22,moe,792,38,4344,2518,1612,102,0,112,594,8,6,2,8
56,23,moe,651,34,4753,2659,1903,119,0,72,758,8,6,2,8
56,24,moe,779,38,5432,3310,1792,287,0,43,720,8,6,2,8
56,25,moe,796,38,5483,2649,1811,982,0,41,832,8,6,2,8
56,26,moe,743,59,2902,1859,901,64,0,78,766,8,7,1,8
56,-1,epi,0,0,0,0,0,0,0,0,5653,0,0,0,0
57,-2,pre,206,0,0,0,0,0,0,0,0,0,0,0,0
57,0,dense,1415,39,0,0,0,0,0,0,0,0,0,0,0
57,1,moe,797,36,4588,2617,1804,124,0,43,836,8,6,2,8
57,2,moe,731,35,4157,1913,1786,422,0,36,731,8,6,2,8
57,3,moe,638,34,4734,2631,1780,289,0,34,1217,8,6,2,8
57,4,moe,725,38,9939,5649,3162,1014,0,114,1456,8,4,4,8
57,5,moe,786,37,4845,2361,1547,897,0,40,2318,8,6,2,8
57,6,moe,761,36,7388,3730,1896,1679,0,83,713,8,6,2,8
57,7,moe,638,40,5468,2339,1622,1412,0,95,604,8,6,2,8
57,8,moe,716,36,2132,1273,781,54,0,24,1029,8,7,1,8
57,9,moe,786,37,8090,3865,2781,1361,0,83,715,8,5,3,8
57,10,moe,716,34,10,0,0,0,0,10,598,8,8,0,8
57,11,moe,633,31,3319,1242,868,1143,0,66,681,8,7,1,8
57,12,moe,758,39,6022,2633,1898,1384,0,107,2196,8,6,2,8
57,13,moe,787,38,4495,2373,1626,405,0,91,592,8,6,2,8
57,14,moe,714,34,4019,2329,1553,104,1,32,803,8,6,2,8
57,15,moe,642,32,4873,2590,1882,323,0,78,2036,8,6,2,8
57,16,moe,802,62,6112,3439,2390,151,0,132,897,8,5,3,8
57,17,moe,1540,73,4170,2435,1546,120,0,69,1904,8,6,2,8
57,18,moe,1068,64,2465,1316,1011,56,1,81,831,8,7,1,8
57,19,moe,659,51,10283,5133,3916,1096,0,138,656,8,3,5,8
57,20,moe,717,37,10797,4916,3055,2757,0,69,600,8,4,4,8
57,21,moe,786,38,9326,4022,2820,2379,0,105,813,8,5,3,8
57,22,moe,957,41,8148,4528,2400,1070,1,149,734,8,5,3,8
57,23,moe,673,33,2331,1201,998,62,0,70,1277,8,7,1,8
57,24,moe,828,41,2346,1337,913,70,0,26,2521,8,7,1,8
57,25,moe,787,38,5335,2822,1834,637,0,42,3061,8,6,2,8
57,26,moe,674,45,2736,1725,911,68,1,31,1020,8,7,1,8
57,-1,epi,0,0,0,0,0,0,0,0,5420,0,0,0,0
58,-2,pre,1911,0,0,0,0,0,0,0,0,0,0,0,0
58,0,dense,1480,46,0,0,0,0,0,0,0,0,0,0,0
58,1,moe,863,39,9971,5247,2932,1725,0,67,853,8,5,3,8
58,2,moe,855,58,13803,9945,1841,1957,0,60,2720,8,6,2,8
58,3,moe,1003,55,5134,1539,920,2629,1,45,1235,8,7,1,8
58,4,moe,1069,68,8330,4592,2638,912,0,188,1035,8,5,3,8
58,5,moe,1137,70,8490,4199,1670,2544,0,77,1008,8,6,2,8
58,6,moe,1167,49,7130,2603,1970,2460,1,96,842,8,6,2,8
58,7,moe,825,40,2461,1045,832,511,0,73,2467,8,7,1,8
58,8,moe,890,81,2329,1243,809,231,0,46,659,8,7,1,8
58,9,moe,811,40,8216,3717,2875,1517,0,107,950,8,5,3,8
58,10,moe,773,42,4714,2251,1620,726,0,117,826,8,6,2,8
58,11,moe,861,42,5841,2233,1610,1963,0,35,917,8,6,2,8
58,12,moe,1081,72,2532,1181,1004,268,0,79,939,8,7,1,8
58,13,moe,789,42,4447,2209,1677,474,0,87,1014,8,6,2,8
58,14,moe,1065,50,7726,3343,2383,1943,0,57,1456,8,5,3,8
58,15,moe,768,39,4516,2353,1955,117,0,91,820,8,6,2,8
58,16,moe,751,36,2183,1151,869,58,0,105,1108,8,7,1,8
58,17,moe,9907,85,2251,1359,783,58,0,51,2970,8,7,1,8
58,18,moe,8738,55,15,0,0,0,0,15,1384,8,8,0,8
58,19,moe,7318,40,11709,5680,3870,2077,0,82,965,8,3,5,8
58,20,moe,8094,44,4676,2716,1555,360,0,45,704,8,6,2,8
58,21,moe,4528,42,11898,6739,4579,467,0,113,741,8,3,5,8
58,22,moe,9025,39,6605,3682,2387,351,0,185,2612,8,5,3,8
58,23,moe,713,87,3693,1621,994,1022,0,56,1359,8,7,1,8
58,24,moe,795,38,4709,2592,1795,287,0,35,727,8,6,2,8
58,25,moe,792,41,6355,2812,1785,1722,0,36,766,8,6,2,8
58,26,moe,694,54,2409,1409,906,62,0,32,1861,8,7,1,8
58,-1,epi,0,0,0,0,0,0,0,0,6806,0,0,0,0
59,-2,pre,213,0,0,0,0,0,0,0,0,0,0,0,0
59,0,dense,1431,36,0,0,0,0,0,0,0,0,0,0,0
59,1,moe,812,34,19293,7965,6225,4998,0,105,776,8,1,7,8
59,2,moe,820,40,8817,4895,3616,239,0,67,795,8,4,4,8
59,3,moe,641,32,2472,1303,906,236,0,27,1217,8,7,1,8
59,4,moe,724,30,2783,1282,854,573,0,74,647,8,7,1,8
59,5,moe,822,47,5334,2518,1540,1234,0,42,1131,8,6,2,8
59,6,moe,726,31,6028,2722,1886,1325,0,95,776,8,6,2,8
59,7,moe,643,35,10,0,0,0,0,10,600,8,8,0,8
59,8,moe,715,31,4802,2461,1608,659,0,74,648,8,6,2,8
59,9,moe,929,77,2887,1434,1048,304,0,101,1290,8,7,1,8
59,10,moe,719,41,9,0,0,0,0,9,1543,8,8,0,8
59,11,moe,645,28,5791,2408,1613,1672,0,98,1181,8,6,2,8
59,12,moe,716,33,5135,2708,1879,460,0,88,720,8,6,2,8
59,13,moe,786,31,8,0,0,0,0,8,604,8,8,0,8
59,14,moe,720,28,13246,8051,3894,1168,0,133,609,8,3,5,8
59,15,moe,650,33,15936,6254,4574,4952,0,156,1421,8,3,5,8
59,16,moe,723,34,10035,5743,3903,251,0,138,663,8,3,5,8
59,17,moe,780,32,12242,8141,3067,968,0,66,725,8,4,4,8
59,18,moe,765,48,7332,3957,2789,444,0,142,763,8,5,3,8
59,19,moe,891,77,9589,6054,3153,203,0,179,646,8,4,4,8
59,20,moe,760,68,13496,8701,3832,872,0,91,630,8,3,5,8
59,21,moe,821,35,15731,8806,5451,1323,0,151,787,8,2,6,8
59,22,moe,782,34,8679,4798,3137,598,0,146,639,8,4,4,8
59,23,moe,12348,32,16127,8513,5454,2027,0,133,3669,8,2,6,8
59,24,moe,863,65,16856,10492,5346,926,0,92,775,8,2,6,8
59,25,moe,778,32,15933,8990,4436,2432,0,75,723,8,3,5,8
59,26,moe,2085,31,29258,19433,6234,3484,0,107,735,8,1,7,8
59,-1,epi,0,0,0,0,0,0,0,0,7084,0,0,0,0
60,-2,pre,97,0,0,0,0,0,0,0,0,0,0,0,0
60,0,dense,1402,36,0,0,0,0,0,0,0,0,0,0,0
60,1,moe,799,33,7171,4091,2664,367,0,49,790,8,5,3,8
60,2,moe,712,31,13793,8889,4488,342,0,74,734,8,3,5,8
60,3,moe,642,32,14278,9251,4448,506,0,73,724,8,3,5,8
60,4,moe,712,31,4770,2566,1618,492,0,94,589,8,6,2,8
60,5,moe,775,34,8412,3603,2296,2474,0,39,605,8,5,3,8
60,6,moe,709,31,7435,2623,1892,2804,0,116,2650,8,6,2,8
60,7,moe,640,31,10,0,0,0,0,10,2088,8,8,0,8
60,8,moe,713,32,5726,2954,1624,1043,0,105,595,8,6,2,8
60,9,moe,785,32,2676,1352,1027,236,0,61,1255,8,7,1,8
60,10,moe,710,31,10545,7851,1604,990,0,100,1571,8,6,2,8
60,11,moe,640,28,2369,1372,768,205,0,24,1219,8,7,1,8
60,12,moe,760,54,8005,4254,2813,812,0,126,1318,8,5,3,8
60,13,moe,788,31,5149,2750,1617,680,0,102,596,8,6,2,8
60,14,moe,750,48,4182,2482,1553,110,0,37,750,8,6,2,8
60,15,moe,661,57,5201,3091,1898,127,0,85,2091,8,6,2,8
60,16,moe,711,34,6246,3573,2414,157,0,102,612,8,5,3,8
60,17,moe,780,35,2388,1319,776,263,0,30,623,8,7,1,8
60,18,moe,768,77,15897,10542,4622,601,0,132,782,8,3,5,8
60,19,moe,677,40,12296,6167,3907,2064,0,158,660,8,3,5,8
60,20,moe,712,33,13396,7717,4588,999,0,92,600,8,2,6,8
60,21,moe,781,34,12877,7405,3705,1636,0,131,776,8,4,4,8
60,22,moe,777,33,10897,6992,3145,640,0,120,598,8,4,4,8
60,23,moe,630,29,16167,9689,5408,936,0,134,726,8,2,6,8
60,24,moe,782,33,12655,6785,4446,1347,0,77,723,8,3,5,8
60,25,moe,783,32,15695,7374,4453,3789,0,79,777,8,3,5,8
60,26,moe,621,31,12532,7289,4480,694,0,69,729,8,3,5,8
60,-1,epi,0,0,0,0,0,0,0,0,5569,0,0,0,0
61,-2,pre,51,0,0,0,0,0,0,0,0,0,0,0,0
61,0,dense,1421,38,0,0,0,0,0,0,0,0,0,0,0
61,1,moe,795,37,3516,2515,889,84,0,28,730,8,7,1,8
61,2,moe,714,34,7714,5760,1795,119,0,40,709,8,6,2,8
61,3,moe,638,33,9226,6301,2681,196,0,48,2700,8,5,3,8
61,4,moe,716,36,11,0,0,0,0,11,1579,8,8,0,8
61,5,moe,776,35,4863,2405,1594,772,0,92,595,8,6,2,8
61,6,moe,712,35,10,0,0,0,0,10,705,8,8,0,8
61,7,moe,644,34,9,0,0,0,0,9,654,8,8,0,8
61,8,moe,780,63,3565,2406,778,324,0,57,663,8,7,1,8
61,9,moe,789,35,5091,2613,1918,495,0,65,770,8,6,2,8
61,10,moe,716,34,12564,7822,3140,1486,0,116,601,8,4,4,8
61,11,moe,643,34,2566,1241,775,527,0,23,643,8,7,1,8
61,12,moe,709,35,10036,5239,2798,1877,0,122,723,8,5,3,8
61,13,moe,778,38,4553,2322,1607,534,0,90,1047,8,6,2,8
61,14,moe,714,43,6536,4012,2309,164,1,50,657,8,5,3,8
61,15,moe,649,33,5808,2844,1907,936,0,121,731,8,6,2,8
61,16,moe,716,36,5177,2398,1632,1056,0,91,597,8,6,2,8
61,17,moe,778,38,2391,1352,775,240,0,24,763,8,7,1,8
61,18,moe,711,34,4817,2707,1904,119,0,87,715,8,6,2,8
61,19,moe,632,34,4722,2435,1635,576,0,76,655,8,6,2,8
61,20,moe,718,35,7280,3704,2316,1217,0,43,598,8,5,3,8
61,21,moe,783,36,7155,2975,1895,2184,0,101,1374,8,6,2,8
61,22,moe,788,39,6269,3482,2380,305,0,102,649,8,5,3,8
61,23,moe,631,34,5092,2965,1920,132,0,75,712,8,6,2,8
61,24,moe,780,36,4804,2847,1802,118,0,37,783,8,6,2,8
61,25,moe,832,38,9774,4134,3567,2015,0,58,803,8,4,4,8
61,26,moe,715,36,4495,2553,1787,117,0,38,719,8,6,2,8
61,-1,epi,0,0,0,0,0,0,0,0,5628,0,0,0,0
62,-2,pre,191,0,0,0,0,0,0,0,0,0,0,0,0
62,0,dense,1410,41,0,0,0,0,0,0,0,0,0,0,0
62,1,moe,796,37,4200,2948,888,336,0,28,780,8,7,1,8
62,2,moe,726,36,2326,1328,903,60,0,35,1225,8,7,1,8
62,3,moe,636,33,5229,2696,1799,696,0,38,716,8,6,2,8
62,4,moe,711,37,4823,2496,1619,596,0,112,678,8,6,2,8
62,5,moe,807,40,2445,1323,782,313,0,27,650,8,7,1,8
62,6,moe,717,35,10,0,0,0,0,10,763,8,8,0,8
62,7,moe,638,32,9,0,0,0,0,9,1107,8,8,0,8
62,8,moe,714,33,4564,2385,1552,590,0,37,652,8,6,2,8
62,9,moe,867,88,3124,1455,1014,574,0,81,721,8,7,1,8
62,10,moe,722,32,2535,1324,854,280,0,77,669,8,7,1,8
62,11,moe,702,34,2441,1265,777,374,0,25,598,8,7,1,8
62,12,moe,709,34,7199,4658,1897,537,0,107,720,8,6,2,8
62,13,moe,790,35,10,0,0,0,0,10,582,8,8,0,8
62,14,moe,715,37,4275,2441,1625,112,0,97,601,8,6,2,8
62,15,moe,639,33,7764,3789,2780,1106,0,89,1792,8,5,3,8
62,16,moe,785,43,2276,1300,842,55,0,79,704,8,7,1,8
62,17,moe,780,35,4389,2390,1543,418,0,38,596,8,6,2,8
62,18,moe,714,35,9,0,0,0,0,9,767,8,8,0,8
62,19,moe,650,34,4289,3433,777,55,0,24,653,8,7,1,8
62,20,moe,715,34,2585,1242,777,538,0,28,1534,8,7,1,8
62,21,moe,794,34,4982,2667,1915,315,0,85,1802,8,6,2,8
62,22,moe,856,36,17,0,0,0,0,17,725,8,8,0,8
62,23,moe,638,32,2365,1366,910,59,0,30,724,8,7,1,8
62,24,moe,5748,51,7738,4297,1798,1608,0,35,887,8,6,2,8
62,25,moe,786,38,2352,1364,906,60,1,21,716,8,7,1,8
62,26,moe,637,34,6401,3290,1790,1275,0,46,722,8,6,2,8
62,-1,epi,0,0,0,0,0,0,0,0,5744,0,0,0,0
63,-2,pre,45,0,0,0,0,0,0,0,0,0,0,0,0
63,0,dense,1423,47,0,0,0,0,0,0,0,0,0,0,0
63,1,moe,804,37,10271,4998,2678,2541,0,54,1338,8,5,3,8
63,2,moe,717,39,7074,3390,2676,964,0,44,782,8,5,3,8
63,3,moe,643,36,13900,7503,4449,1877,0,71,780,8,3,5,8
63,4,moe,761,95,9577,5502,2362,1575,0,138,605,8,5,3,8
63,5,moe,786,37,8667,6024,1537,1070,0,36,1078,8,6,2,8
63,6,moe,719,35,6768,3124,1903,1632,0,109,720,8,6,2,8
63,7,moe,637,33,10289,5667,2365,2148,0,109,1094,8,5,3,8
63,8,moe,711,35,2286,1232,777,254,0,23,591,8,7,1,8
63,9,moe,781,35,8087,3928,2808,1246,0,105,719,8,5,3,8
63,10,moe,720,40,10,0,0,0,0,10,605,8,8,0,8
63,11,moe,657,31,11011,4623,3143,3118,0,127,598,8,4,4,8
63,12,moe,722,37,8305,3794,2792,1620,0,99,717,8,5,3,8
63,13,moe,800,69,2492,1288,841,264,0,99,666,8,7,1,8
63,14,moe,711,34,2879,2025,779,51,0,24,622,8,7,1,8
63,15,moe,637,33,3083,1358,1034,621,0,70,818,8,7,1,8
63,16,moe,713,33,7308,3515,2378,1303,0,112,625,8,5,3,8
63,17,moe,746,41,10,0,0,0,0,10,671,8,8,0,8
63,18,moe,725,35,2528,1414,999,60,0,55,2326,8,7,1,8
63,19,moe,635,34,12198,10351,1630,119,0,98,655,8,6,2,8
63,20,moe,715,39,10,0,0,0,0,10,1069,8,8,0,8
63,21,moe,801,41,4971,2850,1889,120,0,112,856,8,6,2,8
63,22,moe,780,36,4429,2439,1617,280,0,93,608,8,6,2,8
63,23,moe,633,32,9,0,0,0,0,9,744,8,8,0,8
63,24,moe,3614,40,8314,5569,1883,756,0,106,1391,8,6,2,8
63,25,moe,825,38,4432,2434,1809,144,0,45,738,8,6,2,8
63,26,moe,664,33,3634,2643,901,68,0,22,855,8,7,1,8
63,-1,epi,0,0,0,0,0,0,0,0,5792,0,0,0,0
64,-2,pre,72,0,0,0,0,0,0,0,0,0,0,0,0
64,0,dense,1496,66,0,0,0,0,0,0,0,0,0,0,0
64,1,moe,847,42,3905,2903,904,69,0,29,1357,8,7,1,8
64,2,moe,715,38,10,0,0,0,0,10,808,8,8,0,8
64,3,moe,639,34,2406,1416,896,68,0,26,1510,8,7,1,8
64,4,moe,728,34,9,0,0,0,0,9,2085,8,8,0,8
64,5,moe,793,38,11,0,0,0,0,11,1224,8,8,0,8
64,6,moe,776,42,2882,1334,892,627,0,29,5713,8,7,1,8
64,7,moe,653,49,11,0,0,0,0,11,1819,8,8,0,8
64,8,moe,827,43,2422,1267,834,229,0,92,1916,8,7,1,8
64,9,moe,881,46,2783,1424,995,297,0,67,2442,8,7,1,8
64,10,moe,749,42,8221,5673,846,1623,0,79,788,8,7,1,8
64,11,moe,673,38,9,0,0,0,0,9,1226,8,8,0,8
64,12,moe,790,40,5285,2868,1904,402,0,111,2655,8,6,2,8
64,13,moe,906,61,2822,1247,851,618,1,105,1483,8,7,1,8
64,14,moe,831,55,10992,4866,4701,1308,0,117,1164,8,2,6,8
64,15,moe,647,37,15848,8080,6568,992,0,208,1619,8,1,7,8
64,16,moe,783,38,13015,6334,5485,1022,0,174,1997,8,1,7,8
64,17,moe,874,45,4312,2291,1547,429,0,45,699,8,6,2,8
64,18,moe,738,40,7835,3385,3695,633,0,122,1437,8,4,4,8
64,19,moe,644,34,13941,5901,5489,2387,0,164,611,8,1,7,8
64,20,moe,728,46,8590,3149,3851,1516,0,74,1175,8,3,5,8
64,21,moe,833,35,8869,3887,4569,292,0,121,801,8,3,5,8
64,22,moe,832,33,5330,3317,1615,297,0,101,682,8,6,2,8
64,23,moe,646,28,2588,1459,1005,64,0,60,825,8,7,1,8
64,24,moe,811,31,4731,2591,1784,320,0,36,781,8,6,2,8
64,25,moe,808,35,2312,1316,900,64,0,32,803,8,7,1,8
64,26,moe,653,37,18,0,0,0,0,18,1635,8,8,0,8
64,-1,epi,0,0,0,0,0,0,0,0,5711,0,0,0,0
65,-2,pre,104,0,0,0,0,0,0,0,0,0,0,0,0
65,0,dense,1429,35,0,0,0,0,0,0,0,0,0,0,0
65,1,moe,808,31,9,0,0,0,0,9,737,8,8,0,8
65,2,moe,743,32,3073,1552,887,604,0,30,891,8,7,1,8
65,3,moe,727,54,6857,3831,2680,301,0,45,827,8,5,3,8
65,4,moe,732,33,4631,2435,1634,463,0,99,657,8,6,2,8
65,5,moe,845,66,2366,1349,783,209,0,25,595,8,7,1,8
65,6,moe,719,31,3129,1348,1026,686,0,69,725,8,7,1,8
65,7,moe,638,29,9,0,0,0,0,9,619,8,8,0,8
65,8,moe,722,29,6684,5557,831,215,0,81,644,8,7,1,8
65,9,moe,793,29,2648,1520,998,62,0,68,718,8,7,1,8
65,10,moe,716,30,9,0,0,0,0,9,601,8,8,0,8
65,11,moe,638,28,8721,6639,1602,405,1,74,590,8,6,2,8
65,12,moe,718,29,8,0,0,0,0,8,707,8,8,0,8
65,13,moe,781,30,9,0,0,0,0,9,606,8,8,0,8
65,14,moe,717,29,7345,4603,2324,368,0,50,665,8,5,3,8
65,15,moe,645,29,4706,2613,1895,116,0,82,718,8,6,2,8
65,16,moe,754,31,18,0,0,0,0,18,667,8,8,0,8
65,17,moe,794,30,9,0,0,0,0,9,1047,8,8,0,8
65,18,moe,715,32,2482,1481,896,76,0,29,783,8,7,1,8
65,19,moe,741,53,8,0,0,0,0,8,680,8,8,0,8
65,20,moe,814,77,2307,1316,847,50,0,94,1089,8,7,1,8
65,21,moe,788,31,10,0,0,0,0,10,1465,8,8,0,8
65,22,moe,945,33,2576,1334,767,427,0,48,655,8,7,1,8
65,23,moe,652,29,2601,1428,1013,88,0,72,1231,8,7,1,8
65,24,moe,787,31,8840,5609,1795,1400,0,36,725,8,6,2,8
65,25,moe,788,34,2426,1449,892,58,0,27,726,8,7,1,8
65,26,moe,650,31,11146,7044,3569,475,0,58,785,8,4,4,8
65,-1,epi,0,0,0,0,0,0,0,0,5678,0,0,0,0
66,-2,pre,80,0,0,0,0,0,0,0,0,0,0,0,0
66,0,dense,1429,35,0,0,0,0,0,0,0,0,0,0,0
66,1,moe,817,33,2329,1346,894,64,0,25,2708,8,7,1,8
66,2,moe,745,32,3776,1406,888,1454,0,28,746,8,7,1,8
66,3,moe,695,76,4810,2828,1792,121,0,69,729,8,6,2,8
66,4,moe,725,30,7207,3548,2379,1169,0,111,607,8,5,3,8
66,5,moe,799,33,10,0,0,0,0,10,1117,8,8,0,8
66,6,moe,716,31,3490,1503,1018,901,0,68,1035,8,7,1,8
66,7,moe,696,52,10,0,0,0,0,10,651,8,8,0,8
66,8,moe,719,29,9,0,0,0,0,9,623,8,8,0,8
66,9,moe,794,28,2975,1518,901,528,0,28,911,8,7,1,8
66,10,moe,767,29,4818,2373,1605,744,0,96,665,8,6,2,8
66,11,moe,685,45,6579,3524,2315,689,0,51,1146,8,5,3,8
66,12,moe,747,30,2900,1520,1037,273,0,70,757,8,7,1,8
66,13,moe,869,45,8822,5399,2403,870,0,150,726,8,5,3,8
66,14,moe,722,33,6097,3405,2311,331,0,50,594,8,5,3,8
66,15,moe,639,31,7930,4644,2800,360,0,126,773,8,5,3,8
66,16,moe,722,43,4638,2585,1625,307,0,121,698,8,6,2,8
66,17,moe,806,49,2565,1341,775,418,0,31,589,8,7,1,8
66,18,moe,711,47,2438,1308,998,58,0,74,3178,8,7,1,8
66,19,moe,643,48,10532,4861,3111,2423,0,137,602,8,4,4,8
66,20,moe,719,51,12,0,0,0,0,12,598,8,8,0,8
66,21,moe,783,64,10,0,0,0,0,10,715,8,8,0,8
66,22,moe,1208,52,6111,4407,1536,113,2,53,658,8,6,2,8
66,23,moe,643,46,4672,2579,1875,115,0,103,924,8,6,2,8
66,24,moe,825,55,5274,2752,1791,684,0,47,714,8,6,2,8
66,25,moe,785,47,4592,2641,1786,117,0,48,771,8,6,2,8
66,26,moe,658,40,9,0,0,0,0,9,764,8,8,0,8
66,-1,epi,0,0,0,0,0,0,0,0,5742,0,0,0,0
67,-2,pre,220,0,0,0,0,0,0,0,0,0,0,0,0
67,0,dense,1436,53,0,0,0,0,0,0,0,0,0,0,0
67,1,moe,799,46,2398,1392,888,81,0,37,735,8,7,1,8
67,2,moe,746,50,11035,8030,2695,245,0,65,740,8,5,3,8
67,3,moe,646,45,4853,2902,1786,121,0,44,780,8,6,2,8
67,4,moe,750,94,4136,2318,1609,101,0,108,602,8,6,2,8
67,5,moe,784,46,7095,2973,1539,2526,0,57,670,8,6,2,8
67,6,moe,722,48,11,0,0,0,0,11,711,8,8,0,8
67,7,moe,708,42,10,0,0,0,0,10,1286,8,8,0,8
67,8,moe,764,43,3418,1917,780,201,0,520,601,8,7,1,8
67,9,moe,810,39,9,0,0,0,0,9,723,8,8,0,8
67,10,moe,742,38,9,0,0,0,0,9,617,8,8,0,8
67,11,moe,653,34,8,0,0,0,0,8,621,8,8,0,8
67,12,moe,742,37,9,0,0,0,0,9,744,8,8,0,8
67,13,moe,801,34,8,0,0,0,0,8,1040,8,8,0,8
67,14,moe,735,35,2698,1582,774,312,0,30,754,8,7,1,8
67,15,moe,656,32,7240,2903,1936,2307,0,94,1327,8,6,2,8
67,16,moe,719,37,6370,3641,2378,230,0,121,626,8,5,3,8
67,17,moe,797,37,10,0,0,0,0,10,645,8,8,0,8
67,18,moe,718,36,2750,1393,1025,255,0,77,784,8,7,1,8
67,19,moe,659,33,7602,3773,2370,1330,0,129,613,8,5,3,8
67,20,moe,719,38,2137,1277,772,56,0,32,1343,8,7,1,8
67,21,moe,866,88,3491,1475,1046,883,0,87,722,8,7,1,8
67,22,moe,787,35,2285,1306,846,60,0,73,676,8,7,1,8
67,23,moe,840,32,3867,1673,998,1139,0,57,772,8,7,1,8
67,24,moe,796,39,2362,1369,902,62,0,29,768,8,7,1,8
67,25,moe,789,34,10,0,0,0,0,10,770,8,8,0,8
67,26,moe,647,31,2906,1351,904,623,0,28,724,8,7,1,8
67,-1,epi,0,0,0,0,0,0,0,0,5754,0,0,0,0
68,-2,pre,78,0,0,0,0,0,0,0,0,0,0,0,0
68,0,dense,1443,38,0,0,0,0,0,0,0,0,0,0,0
68,1,moe,815,34,9804,6853,2685,204,0,62,1345,8,5,3,8
68,2,moe,759,66,9695,5010,3579,1021,0,85,729,8,4,4,8
68,3,moe,649,34,11402,5236,3572,2522,0,72,722,8,4,4,8
68,4,moe,720,37,10430,5818,3910,554,0,148,609,8,3,5,8
68,5,moe,783,38,4600,2451,1540,572,0,37,625,8,6,2,8
68,6,moe,715,33,3095,1378,1028,621,0,68,718,8,7,1,8
68,7,moe,646,33,3194,1254,855,1015,0,70,601,8,7,1,8
68,8,moe,715,35,9449,5149,3086,1149,0,65,605,8,4,4,8
68,9,moe,790,37,7362,4558,1900,805,0,99,720,8,6,2,8
68,10,moe,715,35,5543,2448,1616,1372,0,107,1601,8,6,2,8
68,11,moe,677,34,8978,4545,3074,1290,0,69,748,8,4,4,8
68,12,moe,742,37,7427,4352,2775,184,0,116,718,8,5,3,8
68,13,moe,785,36,4453,2331,1626,401,0,95,592,8,6,2,8
68,14,moe,771,70,12649,7509,4574,482,0,84,612,8,2,6,8
68,15,moe,641,35,10,0,0,0,0,10,1370,8,8,0,8
68,16,moe,718,34,8915,4703,3065,1083,0,64,717,8,4,4,8
68,17,moe,789,38,4568,2874,1548,105,0,41,595,8,6,2,8
68,18,moe,710,34,2571,1405,1026,62,0,78,1703,8,7,1,8
68,19,moe,645,32,9079,4759,2402,1804,0,114,648,8,5,3,8
68,20,moe,713,36,10,0,0,0,0,10,1631,8,8,0,8
68,21,moe,785,35,7513,2962,2782,1654,1,114,783,8,5,3,8
68,22,moe,781,35,5498,2364,1607,1433,0,94,1266,8,6,2,8
68,23,moe,649,33,7815,3917,2787,1008,0,103,788,8,5,3,8
68,24,moe,794,37,2744,1406,905,404,0,29,921,8,7,1,8
68,25,moe,791,35,5648,3684,1793,131,0,40,845,8,6,2,8
68,26,moe,648,35,2985,1432,911,617,0,25,1892,8,7,1,8
68,-1,epi,0,0,0,0,0,0,0,0,5728,0,0,0,0
69,-2,pre,220,0,0,0,0,0,0,0,0,0,0,0,0
69,0,dense,1425,40,0,0,0,0,0,0,0,0,0,0,0
69,1,moe,802,36,11595,5202,3568,2751,0,74,1507,8,4,4,8
69,2,moe,722,37,15979,8385,5489,1993,0,112,1272,8,2,6,8
69,3,moe,638,35,6424,2644,1794,1944,0,42,1270,8,6,2,8
69,4,moe,716,36,9956,5224,3155,1408,0,169,601,8,4,4,8
69,5,moe,788,38,2294,1259,780,223,0,32,591,8,7,1,8
69,6,moe,714,34,10701,4398,2792,3398,0,113,774,8,5,3,8
69,7,moe,638,36,7303,2548,1616,3014,0,125,648,8,6,2,8
69,8,moe,743,37,6702,3435,2312,903,0,52,685,8,5,3,8
69,9,moe,857,84,14917,8587,5464,652,0,214,723,8,2,6,8
69,10,moe,747,36,5450,2520,1636,1193,0,101,1053,8,6,2,8
69,11,moe,645,34,2319,1291,776,226,0,26,643,8,7,1,8
69,12,moe,713,35,2834,1577,1015,133,0,109,983,8,7,1,8
69,13,moe,835,34,5146,3996,869,200,0,81,1105,8,7,1,8
69,14,moe,721,38,9501,3990,3065,2385,0,61,672,8,4,4,8
69,15,moe,630,33,3139,1486,994,579,0,80,1276,8,7,1,8
69,16,moe,719,39,9156,4051,2374,2606,0,125,602,8,5,3,8
69,17,moe,787,36,4245,2391,1544,266,0,44,669,8,6,2,8
69,18,moe,761,59,4970,2803,1916,129,0,122,721,8,6,2,8
69,19,moe,639,35,2269,1280,852,58,1,78,698,8,7,1,8
69,20,moe,712,34,8924,3854,2306,2716,0,48,603,8,5,3,8
69,21,moe,785,38,12,0,0,0,0,12,1376,8,8,0,8
69,22,moe,874,90,4503,2539,1552,369,0,43,600,8,6,2,8
69,23,moe,638,33,3184,1408,1047,643,0,86,762,8,7,1,8
69,24,moe,787,33,6315,2648,1794,1835,0,38,762,8,6,2,8
69,25,moe,850,65,12,0,0,0,0,12,820,8,8,0,8
69,26,moe,652,33,9,0,0,0,0,9,719,8,8,0,8
69,-1,epi,0,0,0,0,0,0,0,0,5729,0,0,0,0
70,-2,pre,230,0,0,0,0,0,0,0,0,0,0,0,0
70,0,dense,1436,38,0,0,0,0,0,0,0,0,0,0,0
70,1,moe,811,39,14570,6839,3563,4097,0,71,1407,8,4,4,8
70,2,moe,720,36,5802,2544,1796,1421,0,41,2851,8,6,2,8
70,3,moe,672,59,5802,2826,1781,1152,0,43,883,8,6,2,8
70,4,moe,716,36,4402,2547,1624,114,0,117,2118,8,6,2,8
70,5,moe,784,37,2295,1262,788,217,0,28,696,8,7,1,8
70,6,moe,711,34,8729,4976,2782,868,0,103,724,8,5,3,8
70,7,moe,649,37,6538,2585,1621,2236,0,96,651,8,6,2,8
70,8,moe,720,35,4118,2426,1539,111,0,42,909,8,6,2,8
70,9,moe,829,61,6017,3714,1901,302,1,99,718,8,6,2,8
70,10,moe,716,33,9,0,0,0,0,9,704,8,8,0,8
70,11,moe,652,32,8,0,0,0,0,8,653,8,8,0,8
70,12,moe,718,33,2862,1493,892,450,0,27,747,8,7,1,8
70,13,moe,804,39,2337,1310,857,50,0,120,1139,8,7,1,8
70,14,moe,715,39,2148,1293,777,51,0,27,653,8,7,1,8
70,15,moe,639,31,4761,2606,1940,126,0,89,725,8,6,2,8
70,16,moe,713,32,9455,3608,2362,3374,1,110,2426,8,5,3,8
70,17,moe,782,35,6487,3737,2307,393,0,50,2497,8,5,3,8
70,18,moe,748,57,12347,6339,4558,1307,0,143,760,8,3,5,8
70,19,moe,713,59,7902,3643,2393,1749,0,117,602,8,5,3,8
70,20,moe,718,32,9701,4193,2297,3152,0,59,1580,8,5,3,8
70,21,moe,797,33,13100,7069,3714,2163,0,154,775,8,4,4,8
70,22,moe,788,38,11810,6659,3163,1822,0,166,669,8,4,4,8
70,23,moe,640,30,11018,5066,2798,3048,0,106,852,8,5,3,8
70,24,moe,778,33,9654,5199,3565,822,0,68,1321,8,4,4,8
70,25,moe,7581,34,8683,4291,2671,1662,0,59,949,8,5,3,8
70,26,moe,931,34,4693,2744,1788,117,0,44,769,8,6,2,8
70,-1,epi,0,0,0,0,0,0,0,0,5618,0,0,0,0
71,-2,pre,207,0,0,0,0,0,0,0,0,0,0,0,0
71,0,dense,1412,36,0,0,0,0,0,0,0,0,0,0,0
71,1,moe,815,35,22336,14828,5359,2045,0,104,1327,8,2,6,8
71,2,moe,717,33,17784,7407,4471,5825,0,81,904,8,3,5,8
71,3,moe,638,31,11992,7340,3577,1008,0,67,715,8,4,4,8
71,4,moe,716,36,7997,3896,3157,825,0,119,592,8,4,4,8
71,5,moe,786,37,9564,6354,2310,845,0,55,593,8,5,3,8
71,6,moe,728,31,6692,3710,1910,945,0,127,1295,8,6,2,8
71,7,moe,637,28,11469,4866,3137,3328,0,138,599,8,4,4,8
71,8,moe,709,32,2388,1359,776,227,0,26,635,8,7,1,8
71,9,moe,782,31,5061,2900,1900,167,0,94,715,8,6,2,8
71,10,moe,718,31,2812,1340,871,514,0,87,649,8,7,1,8
71,11,moe,634,30,2234,1215,781,206,0,32,591,8,7,1,8
71,12,moe,715,31,8891,4999,2803,983,0,106,718,8,5,3,8
71,13,moe,782,32,18607,12197,4681,1571,0,158,602,8,2,6,8
71,14,moe,714,33,7339,3684,2307,1292,0,56,655,8,5,3,8
71,15,moe,638,29,9239,4728,2790,1604,0,117,2974,8,5,3,8
71,16,moe,714,34,9695,5928,3156,486,0,125,598,8,4,4,8
71,17,moe,817,35,6501,3454,2303,695,0,49,641,8,5,3,8
71,18,moe,714,32,10480,4983,2793,2548,0,156,796,8,5,3,8
71,19,moe,630,32,2685,1227,859,525,0,74,591,8,7,1,8
71,20,moe,705,30,5505,3572,1542,353,0,38,708,8,6,2,8
71,21,moe,781,35,5833,2656,1917,1162,0,98,2663,8,6,2,8
71,22,moe,846,48,9218,3627,2377,3091,0,123,1608,8,5,3,8
71,23,moe,635,32,7923,3747,1919,2122,0,135,865,8,6,2,8
71,24,moe,1244,36,3002,1470,892,611,0,29,1382,8,7,1,8
71,25,moe,803,33,3805,1461,896,1421,0,27,955,8,7,1,8
71,26,moe,674,29,8759,3772,2685,2249,0,53,768,8,5,3,8
71,-1,epi,0,0,0,0,0,0,0,0,5615,0,0,0,0
72,-2,pre,246,0,0,0,0,0,0,0,0,0,0,0,0
72,0,dense,1430,34,0,0,0,0,0,0,0,0,0,0,0
72,1,moe,805,34,4941,2821,1779,290,0,51,2744,8,6,2,8
72,2,moe,701,31,11013,4960,3569,2422,0,62,784,8,4,4,8
72,3,moe,649,33,5076,2651,1789,592,0,44,1298,8,6,2,8
72,4,moe,710,33,6821,3910,2386,403,0,122,629,8,5,3,8
72,5,moe,780,31,7605,3591,2313,1650,0,51,600,8,5,3,8
72,6,moe,714,31,2768,1416,1020,249,0,83,827,8,7,1,8
72,7,moe,639,30,5886,4187,864,754,0,81,592,8,7,1,8
72,8,moe,712,31,4737,2375,1549,767,0,46,701,8,6,2,8
72,9,moe,786,32,7111,3172,1901,1944,0,94,890,8,6,2,8
72,10,moe,751,36,10,0,0,0,0,10,585,8,8,0,8
72,11,moe,647,33,3665,2467,882,215,0,101,644,8,7,1,8
72,12,moe,720,34,9,0,0,0,0,9,765,8,8,0,8
72,13,moe,782,33,9,0,0,0,0,9,695,8,8,0,8
72,14,moe,726,32,5170,2400,1547,1182,0,41,608,8,6,2,8
72,15,moe,636,33,6386,2537,1932,1826,0,91,1865,8,6,2,8
72,16,moe,713,35,6451,3401,1603,1325,0,122,654,8,6,2,8
72,17,moe,791,40,2089,1223,775,59,0,32,648,8,7,1,8
72,18,moe,712,35,5582,3295,1007,1222,0,58,719,8,7,1,8
72,19,moe,640,34,5053,2401,1617,943,0,92,594,8,6,2,8
72,20,moe,712,36,4947,2356,1540,1010,0,41,1668,8,6,2,8
72,21,moe,785,36,11,0,0,0,0,11,757,8,8,0,8
72,22,moe,787,37,12802,7591,3074,2066,0,71,666,8,4,4,8
72,23,moe,659,35,2703,1370,1018,239,0,76,822,8,7,1,8
72,24,moe,812,40,6870,3351,1793,1686,0,40,1976,8,6,2,8
72,25,moe,767,37,5095,4087,906,71,0,31,1060,8,7,1,8
72,26,moe,680,38,10,0,0,0,0,10,1500,8,8,0,8
72,-1,epi,0,0,0,0,0,0,0,0,5519,0,0,0,0
73,-2,pre,75,0,0,0,0,0,0,0,0,0,0,0,0
73,0,dense,1411,45,0,0,0,0,0,0,0,0,0,0,0
73,1,moe,821,39,11,0,0,0,0,11,2009,8,8,0,8
73,2,moe,719,47,7061,2720,1837,2444,1,59,1082,8,6,2,8
73,3,moe,917,152,7505,2786,1818,2807,1,93,869,8,6,2,8
73,4,moe,737,43,2139,1153,835,56,0,95,771,8,7,1,8
73,5,moe,794,40,8428,4631,2342,1397,0,58,1919,8,5,3,8
73,6,moe,728,40,2758,1414,1014,245,0,85,939,8,7,1,8
73,7,moe,684,34,5839,3934,845,994,0,66,754,8,7,1,8
73,8,moe,692,45,6226,3200,1558,1420,0,48,721,8,6,2,8
73,9,moe,845,41,11,0,0,0,0,11,807,8,8,0,8
73,10,moe,788,35,2123,1086,779,215,0,43,648,8,7,1,8
73,11,moe,676,32,3039,1186,778,1049,0,26,1211,8,7,1,8
73,12,moe,747,38,10,0,0,0,0,10,1417,8,8,0,8
73,13,moe,784,37,4638,2264,1559,764,0,51,667,8,6,2,8
73,14,moe,819,79,11,0,0,0,0,11,1452,8,8,0,8
73,15,moe,676,34,10,0,0,0,0,10,1934,8,8,0,8
73,16,moe,805,36,5308,2476,1559,1228,0,45,1666,8,6,2,8
73,17,moe,787,38,12,0,0,0,0,12,1279,8,8,0,8
73,18,moe,749,37,9,0,0,0,0,9,742,8,8,0,8
73,19,moe,671,34,3977,1776,782,1391,0,28,833,8,7,1,8
73,20,moe,745,45,2418,1096,776,504,0,42,885,8,7,1,8
73,21,moe,852,42,4050,1252,1032,1657,0,109,1926,8,7,1,8
73,22,moe,805,36,2105,1150,839,53,0,63,697,8,7,1,8
73,23,moe,727,35,3496,1201,1018,1211,0,66,976,8,7,1,8
73,24,moe,818,47,2280,1251,906,92,0,31,1321,8,7,1,8
73,25,moe,826,37,6848,2526,1811,2461,1,49,903,8,6,2,8
73,26,moe,9661,39,2850,1260,977,578,0,35,955,8,7,1,8
73,-1,epi,0,0,0,0,0,0,0,0,5734,0,0,0,0
74,-2,pre,63,0,0,0,0,0,0,0,0,0,0,0,0
74,0,dense,6164,82,0,0,0,0,0,0,0,0,0,0,0
74,1,moe,5260,44,5603,2432,1867,1259,0,45,980,8,6,2,8
74,2,moe,711,40,10,0,0,0,0,10,1094,8,8,0,8
74,3,moe,756,34,2871,1373,908,566,0,24,1065,8,7,1,8
74,4,moe,736,46,20,0,0,0,0,20,668,8,8,0,8
74,5,moe,847,43,11,0,0,0,0,11,629,8,8,0,8
74,6,moe,770,35,8,0,0,0,0,8,766,8,8,0,8
74,7,moe,806,32,8,0,0,0,0,8,670,8,8,0,8
74,8,moe,761,47,3566,1407,933,1116,0,110,704,8,7,1,8
74,9,moe,854,104,3105,1332,1056,610,0,107,891,8,7,1,8
74,10,moe,774,33,5290,2950,1722,502,0,116,625,8,6,2,8
74,11,moe,701,43,10,0,0,0,0,10,710,8,8,0,8
74,12,moe,693,37,10,0,0,0,0,10,723,8,8,0,8
74,13,moe,771,35,2618,1221,837,529,0,31,647,8,7,1,8
74,14,moe,710,35,2147,1213,848,58,0,28,1299,8,7,1,8
74,15,moe,722,36,9,0,0,0,0,9,1400,8,8,0,8
74,16,moe,770,35,9,0,0,0,0,9,1273,8,8,0,8
74,17,moe,777,38,9,0,0,0,0,9,613,8,8,0,8
74,18,moe,714,34,7116,3101,2084,1843,0,88,981,8,6,2,8
74,19,moe,664,34,9,0,0,0,0,9,700,8,8,0,8
74,20,moe,700,35,5487,3190,1079,1098,0,120,832,8,7,1,8
74,21,moe,792,47,5364,2588,2029,674,0,73,3272,8,6,2,8
74,22,moe,829,37,7755,3841,2522,1264,0,128,646,8,5,3,8
74,23,moe,660,36,9785,4793,3016,1853,0,123,888,8,5,3,8
74,24,moe,837,35,10,0,0,0,0,10,1012,8,8,0,8
74,25,moe,821,34,4730,2307,950,1441,0,32,879,8,7,1,8
74,26,moe,644,33,2954,1358,964,605,0,27,1504,8,7,1,8
74,-1,epi,0,0,0,0,0,0,0,0,5599,0,0,0,0
75,-2,pre,59,0,0,0,0,0,0,0,0,0,0,0,0
75,0,dense,1298,40,0,0,0,0,0,0,0,0,0,0,0
75,1,moe,738,38,5507,4114,963,401,0,29,860,8,7,1,8
75,2,moe,765,36,11,0,0,0,0,11,1388,8,8,0,8
75,3,moe,720,67,5759,2549,1803,1362,0,45,884,8,6,2,8
75,4,moe,743,43,10,0,0,0,0,10,785,8,8,0,8
75,5,moe,772,36,4852,2390,1614,749,0,99,715,8,6,2,8
75,6,moe,737,41,2693,1384,997,256,0,56,761,8,7,1,8
75,7,moe,676,216,4185,2754,833,520,0,78,627,8,7,1,8
75,8,moe,724,38,11,0,0,0,0,11,774,8,8,0,8
75,9,moe,815,39,2687,1520,1014,64,0,89,1187,8,7,1,8
75,10,moe,724,42,11,0,0,0,0,11,617,8,8,0,8
75,11,moe,669,40,10,0,0,0,0,10,607,8,8,0,8
75,12,moe,712,37,11,0,0,0,0,11,832,8,8,0,8
75,13,moe,814,44,10,0,0,0,0,10,733,8,8,0,8
75,14,moe,702,42,2920,1339,877,599,0,105,951,8,7,1,8
75,15,moe,690,41,2507,1298,1044,87,0,78,1075,8,7,1,8
75,16,moe,720,37,2768,1286,833,559,0,90,752,8,7,1,8
75,17,moe,838,49,2119,1249,782,63,0,25,841,8,7,1,8
75,18,moe,693,50,11,0,0,0,0,11,1618,8,8,0,8
75,19,moe,649,36,10,0,0,0,0,10,634,8,8,0,8
75,20,moe,737,47,3465,1328,790,1312,1,34,703,8,7,1,8
75,21,moe,808,46,7207,2657,1948,2451,0,151,1031,8,6,2,8
75,22,moe,875,39,2731,1259,835,542,0,95,841,8,7,1,8
75,23,moe,709,35,3167,1574,1043,471,0,79,1147,8,7,1,8
75,24,moe,739,45,6878,2845,1830,2153,0,50,891,8,6,2,8
75,25,moe,760,46,4775,2531,1816,386,0,42,973,8,6,2,8
75,26,moe,653,41,6752,2827,1810,2068,0,47,881,8,6,2,8
75,-1,epi,0,0,0,0,0,0,0,0,5635,0,0,0,0
76,-2,pre,66,0,0,0,0,0,0,0,0,0,0,0,0
76,0,dense,1390,43,0,0,0,0,0,0,0,0,0,0,0
76,1,moe,787,38,11,0,0,0,0,11,721,8,8,0,8
76,2,moe,720,40,10,0,0,0,0,10,1054,8,8,0,8
76,3,moe,651,38,5249,2800,1808,599,0,42,971,8,6,2,8
76,4,moe,726,46,11,0,0,0,0,11,622,8,8,0,8
76,5,moe,761,35,20,0,0,0,0,20,602,8,8,0,8
76,6,moe,696,37,2584,1411,905,243,0,25,774,8,7,1,8
76,7,moe,642,33,9,0,0,0,0,9,589,8,8,0,8
76,8,moe,700,34,9,0,0,0,0,9,612,8,8,0,8
76,9,moe,763,43,9,0,0,0,0,9,1457,8,8,0,8
76,10,moe,701,32,9,0,0,0,0,9,701,8,8,0,8
76,11,moe,633,28,2365,1246,840,191,0,88,722,8,7,1,8
76,12,moe,706,36,2712,1394,1006,236,0,76,879,8,7,1,8
76,13,moe,778,35,10,0,0,0,0,10,587,8,8,0,8
76,14,moe,690,33,3693,1367,864,1397,0,65,2524,8,7,1,8
76,15,moe,655,30,4053,1390,1030,1522,0,111,798,8,7,1,8
76,16,moe,740,39,12,0,0,0,0,12,718,8,8,0,8
76,17,moe,814,35,11,0,0,0,0,11,794,8,8,0,8
76,18,moe,733,32,9,0,0,0,0,9,1047,8,8,0,8
76,19,moe,690,35,2303,1304,845,60,0,94,836,8,7,1,8
76,20,moe,739,37,10,0,0,0,0,10,687,8,8,0,8
76,21,moe,821,32,7679,2854,1926,2802,0,97,981,8,6,2,8
76,22,moe,838,47,2259,1284,844,62,0,69,681,8,7,1,8
76,23,moe,691,34,9144,4262,2828,1950,0,104,780,8,5,3,8
76,24,moe,867,43,2970,1374,906,659,0,31,899,8,7,1,8
76,25,moe,815,33,2914,1307,906,672,0,29,887,8,7,1,8
76,26,moe,669,42,10560,4845,1819,3848,0,48,841,8,6,2,8
76,-1,epi,0,0,0,0,0,0,0,0,5735,0,0,0,0
77,-2,pre,64,0,0,0,0,0,0,0,0,0,0,0,0
77,0,dense,1594,39,0,0,0,0,0,0,0,0,0,0,0
77,1,moe,861,38,13,0,0,0,0,13,749,8,8,0,8
77,2,moe,769,33,3997,1806,904,1249,1,37,783,8,7,1,8
77,3,moe,703,32,12,0,0,0,0,12,1170,8,8,0,8
77,4,moe,2241,125,6450,3387,1132,1822,0,109,880,8,7,1,8
77,5,moe,837,61,29,0,0,0,0,29,641,8,8,0,8
77,6,moe,755,38,11,0,0,0,0,11,775,8,8,0,8
77,7,moe,689,33,9,0,0,0,0,9,652,8,8,0,8
77,8,moe,763,38,5666,4244,763,626,0,33,622,8,7,1,8
77,9,moe,825,39,10,0,0,0,0,10,756,8,8,0,8
77,10,moe,765,35,10,0,0,0,0,10,645,8,8,0,8
77,11,moe,686,28,8,0,0,0,0,8,644,8,8,0,8
77,12,moe,753,30,3121,1447,997,616,0,61,747,8,7,1,8
77,13,moe,822,35,9,0,0,0,0,9,637,8,8,0,8
77,14,moe,753,32,2770,1310,852,541,0,67,722,8,7,1,8
77,15,moe,675,29,5437,3716,1012,606,0,103,855,8,7,1,8
77,16,moe,737,31,9,0,0,0,0,9,677,8,8,0,8
77,17,moe,805,30,9,0,0,0,0,9,629,8,8,0,8
77,18,moe,742,39,3167,1612,890,635,0,30,747,8,7,1,8
77,19,moe,665,30,2843,1348,875,532,0,88,676,8,7,1,8
77,20,moe,730,30,2125,1264,779,58,0,24,624,8,7,1,8
77,21,moe,811,34,4025,1437,1013,1514,0,61,1390,8,7,1,8
77,22,moe,815,32,9,0,0,0,0,9,1185,8,8,0,8
77,23,moe,660,29,2865,1396,890,554,0,25,850,8,7,1,8
77,24,moe,816,34,9,0,0,0,0,9,849,8,8,0,8
77,25,moe,1149,33,10,0,0,0,0,10,759,8,8,0,8
77,26,moe,701,28,9,0,0,0,0,9,755,8,8,0,8
77,-1,epi,0,0,0,0,0,0,0,0,6095,0,0,0,0
78,-2,pre,200,0,0,0,0,0,0,0,0,0,0,0,0
78,0,dense,1501,35,0,0,0,0,0,0,0,0,0,0,0
78,1,moe,841,34,8,0,0,0,0,8,850,8,8,0,8
78,2,moe,763,29,3004,1480,901,596,0,27,746,8,7,1,8
78,3,moe,683,29,9,0,0,0,0,9,915,8,8,0,8
78,4,moe,752,535,9,0,0,0,0,9,677,8,8,0,8
78,5,moe,825,35,8,0,0,0,0,8,752,8,8,0,8
78,6,moe,781,33,3962,1780,890,1264,0,28,791,8,7,1,8
78,7,moe,664,33,3012,1260,854,824,0,74,684,8,7,1,8
78,8,moe,794,65,10,0,0,0,0,10,685,8,8,0,8
78,9,moe,807,35,10,0,0,0,0,10,807,8,8,0,8
78,10,moe,760,37,12282,9320,1528,1385,0,49,696,8,6,2,8
78,11,moe,656,33,8,0,0,0,1,7,669,8,8,0,8
78,12,moe,738,32,8,0,0,0,0,8,746,8,8,0,8
78,13,moe,812,38,8,0,0,0,0,8,958,8,8,0,8
78,14,moe,747,38,9,0,0,0,0,9,701,8,8,0,8
78,15,moe,676,32,2627,1482,1005,60,0,80,752,8,7,1,8
78,16,moe,758,37,9,0,0,0,0,9,739,8,8,0,8
78,17,moe,812,34,9,0,0,0,0,9,1136,8,8,0,8
78,18,moe,752,39,4403,2060,891,1425,0,27,877,8,7,1,8
78,19,moe,668,33,2314,1301,865,57,0,91,1050,8,7,1,8
78,20,moe,742,33,2296,1442,770,53,0,31,751,8,7,1,8
78,21,moe,833,78,10,0,0,0,0,10,876,8,8,0,8
78,22,moe,807,34,4003,2314,1541,105,0,43,633,8,6,2,8
78,23,moe,663,34,9,0,0,0,0,9,731,8,8,0,8
78,24,moe,802,34,5558,3357,1002,1093,0,106,1375,8,7,1,8
78,25,moe,930,37,10,0,0,0,0,10,1708,8,8,0,8
78,26,moe,655,32,3036,1507,894,607,0,28,798,8,7,1,8
78,-1,epi,0,0,0,0,0,0,0,0,5944,0,0,0,0
79,-2,pre,45,0,0,0,0,0,0,0,0,0,0,0,0
79,0,dense,1478,38,0,0,0,0,0,0,0,0,0,0,0
79,1,moe,821,34,4987,4001,895,62,0,29,1453,8,7,1,8
79,2,moe,744,37,9,0,0,0,0,9,775,8,8,0,8
79,3,moe,675,35,9,0,0,0,0,9,799,8,8,0,8
79,4,moe,744,33,2261,1290,844,52,0,75,626,8,7,1,8
79,5,moe,811,34,2165,1319,768,53,0,25,2169,8,7,1,8
79,6,moe,756,57,10553,6122,2819,1477,0,135,1293,8,5,3,8
79,7,moe,656,35,4963,2414,1606,846,0,97,1573,8,6,2,8
79,8,moe,725,35,2577,1386,775,392,0,24,4271,8,7,1,8
79,9,moe,795,38,12694,6488,4562,1505,0,139,1388,8,3,5,8
79,10,moe,727,37,12,0,0,0,0,12,2413,8,8,0,8
79,11,moe,658,35,10,0,0,0,0,10,2991,8,8,0,8
79,12,moe,739,35,5397,2584,1803,964,0,46,3439,8,6,2,8
79,13,moe,810,50,3187,1268,844,989,0,86,1417,8,7,1,8
79,14,moe,755,48,3055,1499,784,734,0,38,657,8,7,1,8
79,15,moe,687,40,2623,1420,1024,73,0,106,826,8,7,1,8
79,16,moe,738,37,9,0,0,0,0,9,629,8,8,0,8
79,17,moe,809,36,2395,1232,844,227,0,92,630,8,7,1,8
79,18,moe,736,35,3090,1433,994,590,0,73,740,8,7,1,8
79,19,moe,654,34,10,0,0,0,0,10,625,8,8,0,8
79,20,moe,737,35,9,0,0,0,0,9,623,8,8,0,8
79,21,moe,805,34,2365,1353,890,89,0,33,798,8,7,1,8
79,22,moe,819,36,2266,1259,852,65,0,90,2600,8,7,1,8
79,23,moe,714,37,5808,2502,1925,1282,0,99,757,8,6,2,8
79,24,moe,823,39,3080,1429,913,703,0,35,831,8,7,1,8
79,25,moe,821,36,2622,1412,895,289,0,26,743,8,7,1,8
79,26,moe,665,32,2337,1354,895,63,0,25,2771,8,7,1,8
79,-1,epi,0,0,0,0,0,0,0,0,6132,0,0,0,0
80,-2,pre,223,0,0,0,0,0,0,0,0,0,0,0,0
80,0,dense,1458,42,0,0,0,0,0,0,0,0,0,0,0
80,1,moe,827,39,3067,1522,891,605,0,49,754,8,7,1,8
80,2,moe,760,39,10,0,0,0,0,10,825,8,8,0,8
80,3,moe,663,34,4736,2575,1794,323,0,44,752,8,6,2,8
80,4,moe,733,37,2223,1238,841,52,0,92,629,8,7,1,8
80,5,moe,807,37,2370,1311,777,248,0,34,632,8,7,1,8
80,6,moe,743,36,2716,1399,1005,259,0,53,794,8,7,1,8
80,7,moe,656,34,9,0,0,0,0,9,719,8,8,0,8
80,8,moe,733,33,9,0,0,0,0,9,622,8,8,0,8
80,9,moe,842,51,9,0,0,0,0,9,1719,8,8,0,8
80,10,moe,740,38,9,0,0,0,0,9,634,8,8,0,8
80,11,moe,658,37,2442,1297,863,190,0,92,638,8,7,1,8
80,12,moe,752,43,8,0,0,0,0,8,797,8,8,0,8
80,13,moe,819,38,9,0,0,0,0,9,639,8,8,0,8
80,14,moe,741,35,9,0,0,0,0,9,638,8,8,0,8
80,15,moe,705,34,3224,1351,1002,783,0,88,775,8,7,1,8
80,16,moe,774,37,11,0,0,0,0,11,640,8,8,0,8
80,17,moe,813,36,2791,1293,847,540,0,111,636,8,7,1,8
80,18,moe,742,36,10,0,0,0,0,10,750,8,8,0,8
80,19,moe,669,35,2601,1275,773,523,0,30,632,8,7,1,8
80,20,moe,737,36,4704,2399,1539,720,0,46,688,8,6,2,8
80,21,moe,875,36,3410,1387,1037,905,0,81,742,8,7,1,8
80,22,moe,814,39,3109,1196,850,971,0,92,626,8,7,1,8
80,23,moe,662,33,2499,1364,992,76,0,67,1274,8,7,1,8
80,24,moe,815,36,5057,2452,1791,776,0,38,1309,8,6,2,8
80,25,moe,800,38,5042,2534,1791,672,0,45,1258,8,6,2,8
80,26,moe,658,51,3781,2527,901,326,0,27,809,8,7,1,8
80,-1,epi,0,0,0,0,0,0,0,0,6046,0,0,0,0
81,-2,pre,57,0,0,0,0,0,0,0,0,0,0,0,0
81,0,dense,1484,37,0,0,0,0,0,0,0,0,0,0,0
81,1,moe,830,221,12,0,0,0,0,12,1859,8,8,0,8
81,2,moe,789,84,12,0,0,0,0,12,843,8,8,0,8
81,3,moe,689,40,8123,5030,1798,1242,0,53,794,8,6,2,8
81,4,moe,819,41,12,0,0,0,0,12,719,8,8,0,8
81,5,moe,811,37,5025,2474,1654,772,0,125,639,8,6,2,8
81,6,moe,746,35,2734,1363,1011,263,0,97,836,8,7,1,8
81,7,moe,695,33,9,0,0,0,0,9,630,8,8,0,8
81,8,moe,751,35,8,0,0,0,0,8,672,8,8,0,8
81,9,moe,839,35,9,0,0,0,0,9,776,8,8,0,8
81,10,moe,750,34,2781,1306,854,526,0,95,628,8,7,1,8
81,11,moe,674,32,2652,1314,764,545,0,29,641,8,7,1,8
81,12,moe,772,36,10,0,0,0,0,10,853,8,8,0,8
81,13,moe,859,42,8,0,0,0,0,8,656,8,8,0,8
81,14,moe,794,34,10,0,0,0,0,10,750,8,8,0,8
81,15,moe,696,32,8,0,0,0,0,8,769,8,8,0,8
81,16,moe,794,34,2082,1239,765,51,0,27,668,8,7,1,8
81,17,moe,874,40,9,0,0,0,0,9,642,8,8,0,8
81,18,moe,758,36,8,0,0,0,0,8,823,8,8,0,8
81,19,moe,684,34,4218,2538,1531,102,0,47,628,8,6,2,8
81,20,moe,762,35,3149,1396,777,950,0,26,627,8,7,1,8
81,21,moe,815,38,9,0,0,0,0,9,787,8,8,0,8
81,22,moe,814,35,10,0,0,0,0,10,648,8,8,0,8
81,23,moe,683,33,2545,1379,1014,63,0,89,757,8,7,1,8
81,24,moe,813,33,2966,1429,898,610,0,29,742,8,7,1,8
81,25,moe,811,39,4274,1506,900,1840,0,28,797,8,7,1,8
81,26,moe,688,37,2986,1449,902,610,0,25,1303,8,7,1,8
81,-1,epi,0,0,0,0,0,0,0,0,5961,0,0,0,0
82,-2,pre,212,0,0,0,0,0,0,0,0,0,0,0,0
82,0,dense,1484,40,0,0,0,0,0,0,0,0,0,0,0
82,1,moe,1366,36,10,0,0,0,0,10,770,8,8,0,8
82,2,moe,5912,36,9,0,0,0,0,9,739,8,8,0,8
82,3,moe,982,40,7147,2938,1795,2371,0,43,770,8,6,2,8
82,4,moe,735,30,11,0,0,0,0,11,671,8,8,0,8
82,5,moe,803,29,6923,5393,870,543,0,117,621,8,7,1,8
82,6,moe,742,30,3023,1699,1030,226,0,68,736,8,7,1,8
82,7,moe,664,30,9,0,0,0,0,9,616,8,8,0,8
82,8,moe,726,30,9,0,0,0,0,9,669,8,8,0,8
82,9,moe,808,30,9,0,0,0,0,9,747,8,8,0,8
82,10,moe,744,29,2559,1388,851,208,0,112,630,8,7,1,8
82,11,moe,680,30,8,0,0,0,0,8,634,8,8,0,8
82,12,moe,748,32,9,0,0,0,0,9,760,8,8,0,8
82,13,moe,827,29,4501,1509,764,2202,0,26,674,8,7,1,8
82,14,moe,792,31,11,0,0,0,0,11,623,8,8,0,8
82,15,moe,635,27,6276,2702,1906,1541,0,127,762,8,6,2,8
82,16,moe,738,30,10,0,0,0,0,10,1172,8,8,0,8
82,17,moe,799,31,2438,1297,847,198,0,96,619,8,7,1,8
82,18,moe,735,29,3087,1386,1029,607,0,65,792,8,7,1,8
82,19,moe,669,29,2729,1282,866,512,0,69,684,8,7,1,8
82,20,moe,727,29,9,0,0,0,0,9,648,8,8,0,8
82,21,moe,805,29,8824,3905,2772,2042,0,105,794,8,5,3,8
82,22,moe,804,30,10,0,0,0,0,10,2361,8,8,0,8
82,23,moe,711,50,9,0,0,0,0,9,1707,8,8,0,8
82,24,moe,806,30,10,0,0,0,0,10,754,8,8,0,8
82,25,moe,817,28,4590,2642,1774,118,0,56,797,8,6,2,8
82,26,moe,663,30,2443,1451,898,63,0,31,3009,8,7,1,8
82,-1,epi,0,0,0,0,0,0,0,0,5970,0,0,0,0
83,-2,pre,67,0,0,0,0,0,0,0,0,0,0,0,0
83,0,dense,1471,36,0,0,0,0,0,0,0,0,0,0,0
83,1,moe,822,31,11,0,0,0,0,11,1449,8,8,0,8
83,2,moe,1990,31,2268,1284,896,58,0,30,742,8,7,1,8
83,3,moe,16919,32,8873,4716,2675,1430,0,52,738,8,5,3,8
83,4,moe,7754,33,2657,1264,847,432,0,114,663,8,7,1,8
83,5,moe,4067,32,2593,1250,773,541,0,29,660,8,7,1,8
83,6,moe,9423,32,11,0,0,0,0,11,785,8,8,0,8
83,7,moe,12363,32,9,0,0,0,0,9,700,8,8,0,8
83,8,moe,7344,52,10,0,0,0,0,10,671,8,8,0,8
83,9,moe,6622,35,2804,1336,1010,368,0,90,786,8,7,1,8
83,10,moe,7818,65,3229,1980,846,311,0,92,613,8,7,1,8
83,11,moe,13628,29,9,0,0,0,0,9,1114,8,8,0,8
83,12,moe,723,33,2727,1385,1019,245,0,78,2614,8,7,1,8
83,13,moe,829,32,9,0,0,0,0,9,657,8,8,0,8
83,14,moe,727,31,2718,1252,858,517,0,91,711,8,7,1,8
83,15,moe,662,28,8,0,0,0,0,8,781,8,8,0,8
83,16,moe,731,28,7611,3823,2332,1406,0,50,818,8,5,3,8
83,17,moe,844,39,7792,3560,2307,1866,0,59,1134,8,5,3,8
83,18,moe,739,34,11,0,0,0,0,11,943,8,8,0,8
83,19,moe,662,29,9,0,0,0,0,9,669,8,8,0,8
83,20,moe,730,30,3181,1347,771,1038,0,25,617,8,7,1,8
83,21,moe,810,32,10,0,0,0,0,10,855,8,8,0,8
83,22,moe,817,29,2184,1331,774,52,0,27,663,8,7,1,8
83,23,moe,651,28,9621,4127,2770,2604,1,119,1287,8,5,3,8
83,24,moe,797,32,9831,3997,2666,3115,0,53,813,8,5,3,8
83,25,moe,792,32,11,0,0,0,0,11,926,8,8,0,8
83,26,moe,835,31,3167,1316,904,917,0,30,863,8,7,1,8
83,-1,epi,0,0,0,0,0,0,0,0,5830,0,0,0,0
84,-2,pre,45,0,0,0,0,0,0,0,0,0,0,0,0
84,0,dense,1601,40,0,0,0,0,0,0,0,0,0,0,0
84,1,moe,957,39,9,0,0,0,0,9,800,8,8,0,8
84,2,moe,880,36,8620,4630,2674,1253,0,63,796,8,5,3,8
84,3,moe,661,34,6680,2627,1791,2223,0,39,793,8,6,2,8
84,4,moe,870,36,10,0,0,0,0,10,768,8,8,0,8
84,5,moe,936,33,8,0,0,0,0,8,659,8,8,0,8
84,6,moe,857,33,2513,1342,900,242,0,29,842,8,7,1,8
84,7,moe,659,32,10,0,0,0,0,10,675,8,8,0,8
84,8,moe,869,33,8,0,0,0,0,8,1835,8,8,0,8
84,9,moe,1008,87,9,0,0,0,0,9,1442,8,8,0,8
84,10,moe,872,34,9,0,0,0,0,9,635,8,8,0,8
84,11,moe,682,37,8,0,0,0,0,8,631,8,8,0,8
84,12,moe,886,33,9,0,0,0,0,9,839,8,8,0,8
84,13,moe,942,43,8,0,0,0,0,8,650,8,8,0,8
84,14,moe,883,36,8,0,0,0,0,8,1204,8,8,0,8
84,15,moe,679,35,3070,1559,888,591,0,32,748,8,7,1,8
84,16,moe,879,33,9,0,0,0,0,9,627,8,8,0,8
84,17,moe,938,33,9,0,0,0,0,9,944,8,8,0,8
84,18,moe,887,37,3144,1464,885,767,0,28,823,8,7,1,8
84,19,moe,712,80,2719,1255,856,519,0,89,628,8,7,1,8
84,20,moe,742,35,9,0,0,0,0,9,678,8,8,0,8
84,21,moe,816,34,3109,1431,1005,591,0,82,787,8,7,1,8
84,22,moe,804,33,5494,2725,1628,1037,0,104,624,8,6,2,8
84,23,moe,661,35,5717,2630,1894,1109,0,84,789,8,6,2,8
84,24,moe,802,35,2946,1390,910,617,0,29,1282,8,7,1,8
84,25,moe,794,33,2405,1402,904,75,0,24,795,8,7,1,8
84,26,moe,658,39,2806,1392,903,472,0,39,793,8,7,1,8
84,-1,epi,0,0,0,0,0,0,0,0,5918,0,0,0,0
85,-2,pre,40,0,0,0,0,0,0,0,0,0,0,0,0
85,0,dense,1813,42,0,0,0,0,0,0,0,0,0,0,0
85,1,moe,819,34,2393,1409,890,67,0,27,798,8,7,1,8
85,2,moe,745,35,9,0,0,0,0,9,798,8,8,0,8
85,3,moe,729,54,4325,1484,900,1918,0,23,926,8,7,1,8
85,4,moe,741,47,5096,2489,1600,885,0,122,725,8,6,2,8
85,5,moe,804,35,10,0,0,0,0,10,617,8,8,0,8
85,6,moe,728,33,3372,1416,1020,824,0,112,788,8,7,1,8
85,7,moe,660,32,7833,3532,2369,1817,0,115,638,8,5,3,8
85,8,moe,738,35,2310,1293,773,213,0,31,618,8,7,1,8
85,9,moe,802,35,7043,4691,1886,360,1,105,808,8,6,2,8
85,10,moe,730,39,9,0,0,0,0,9,660,8,8,0,8
85,11,moe,659,33,9,0,0,0,0,9,616,8,8,0,8
85,12,moe,730,33,8,0,0,0,0,8,745,8,8,0,8
85,13,moe,806,35,9,0,0,0,0,9,623,8,8,0,8
85,14,moe,738,36,2243,1262,837,51,1,92,676,8,7,1,8
85,15,moe,680,36,9,0,0,0,0,9,794,8,8,0,8
85,16,moe,748,41,8,0,0,0,0,8,633,8,8,0,8
85,17,moe,814,38,3176,1243,777,1129,0,27,679,8,7,1,8
85,18,moe,751,40,3402,1739,1000,579,0,84,809,8,7,1,8
85,19,moe,698,55,3116,1263,841,897,0,115,803,8,7,1,8
85,20,moe,738,46,2484,1153,782,517,0,32,623,8,7,1,8
85,21,moe,829,36,3377,1174,1010,1094,1,98,816,8,7,1,8
85,22,moe,800,40,8101,3596,2409,1978,0,118,688,8,5,3,8
85,23,moe,688,35,10,0,0,0,0,10,1838,8,8,0,8
85,24,moe,847,39,2528,1310,1013,121,1,83,860,8,7,1,8
85,25,moe,845,103,3039,1798,899,312,0,30,792,8,7,1,8
85,26,moe,671,33,2842,1328,898,590,0,26,792,8,7,1,8
85,-1,epi,0,0,0,0,0,0,0,0,5892,0,0,0,0
86,-2,pre,41,0,0,0,0,0,0,0,0,0,0,0,0
86,0,dense,1918,82,0,0,0,0,0,0,0,0,0,0,0
86,1,moe,915,62,7508,4189,2675,584,0,60,739,8,5,3,8
86,2,moe,731,37,8907,3598,2720,2532,0,57,750,8,5,3,8
86,3,moe,675,35,5590,3210,907,1445,1,27,846,8,7,1,8
86,4,moe,747,43,11,0,0,0,0,11,746,8,8,0,8
86,5,moe,810,36,3761,2491,859,286,0,125,845,8,7,1,8
86,6,moe,781,65,3198,1392,1018,703,0,85,743,8,7,1,8
86,7,moe,660,37,9,0,0,0,0,9,652,8,8,0,8
86,8,moe,730,33,8,0,0,0,0,8,618,8,8,0,8
86,9,moe,799,35,2959,1416,898,616,0,29,842,8,7,1,8
86,10,moe,734,37,2692,1207,845,523,0,117,621,8,7,1,8
86,11,moe,670,32,7659,3499,2298,1809,0,53,636,8,5,3,8
86,12,moe,7593,37,10,0,0,0,0,10,730,8,8,0,8
86,13,moe,7505,35,10,0,0,0,0,10,658,8,8,0,8
86,14,moe,8669,37,6451,2886,1566,1950,0,49,668,8,6,2,8
86,15,moe,10471,34,11994,8171,2829,879,0,115,783,8,5,3,8
86,16,moe,8104,39,2817,1285,936,502,0,94,652,8,7,1,8
86,17,moe,791,37,2598,1255,782,523,0,38,714,8,7,1,8
86,18,moe,732,37,10,0,0,0,0,10,782,8,8,0,8
86,19,moe,658,32,8,0,0,0,0,8,659,8,8,0,8
86,20,moe,744,38,2273,1262,776,205,0,30,727,8,7,1,8
86,21,moe,807,94,10,0,0,0,0,10,779,8,8,0,8
86,22,moe,808,37,2595,1226,782,555,0,32,629,8,7,1,8
86,23,moe,662,32,3768,1334,1030,1319,1,84,788,8,7,1,8
86,24,moe,824,35,6071,3051,1799,1177,0,44,837,8,6,2,8
86,25,moe,837,37,2198,1187,896,85,0,30,740,8,7,1,8
86,26,moe,659,33,2413,1242,901,246,0,24,851,8,7,1,8
86,-1,epi,0,0,0,0,0,0,0,0,5949,0,0,0,0
87,-2,pre,94,0,0,0,0,0,0,0,0,0,0,0,0
87,0,dense,1478,44,0,0,0,0,0,0,0,0,0,0,0
87,1,moe,1162,42,13879,6307,4482,2999,0,91,940,8,3,5,8
87,2,moe,1081,41,11119,5193,3569,2286,0,71,745,8,4,4,8
87,3,moe,656,35,2467,1465,905,66,0,31,782,8,7,1,8
87,4,moe,724,45,7640,3611,2382,1531,0,116,617,8,5,3,8
87,5,moe,797,35,10209,5917,3058,1155,0,79,614,8,4,4,8
87,6,moe,738,37,2998,1306,1017,594,0,81,787,8,7,1,8
87,7,moe,657,38,5674,2541,1626,1400,0,107,727,8,6,2,8
87,8,moe,739,36,4573,2425,1545,558,0,45,654,8,6,2,8
87,9,moe,794,35,10,0,0,0,0,10,2215,8,8,0,8
87,10,moe,722,34,5298,2403,1535,1311,0,49,611,8,6,2,8
87,11,moe,653,31,2584,1244,774,540,0,26,1121,8,7,1,8
87,12,moe,723,35,11370,5249,3679,2299,0,143,734,8,4,4,8
87,13,moe,798,36,4817,2385,1622,703,0,107,657,8,6,2,8
87,14,moe,730,34,11029,5964,3846,1142,0,77,1136,8,3,5,8
87,15,moe,680,33,7055,2625,1899,2428,0,103,751,8,6,2,8
87,16,moe,755,35,9752,4735,3148,1734,0,135,684,8,4,4,8
87,17,moe,792,35,5960,2444,1539,1938,0,39,1112,8,6,2,8
87,18,moe,718,35,9,0,0,0,0,9,891,8,8,0,8
87,19,moe,657,32,2378,1241,782,326,0,29,666,8,7,1,8
87,20,moe,736,36,5322,2595,1548,1136,0,43,609,8,6,2,8
87,21,moe,798,36,5076,2518,1935,525,0,98,729,8,6,2,8
87,22,moe,787,33,10081,4703,3151,2077,0,150,1124,8,4,4,8
87,23,moe,662,36,5751,2562,1912,1175,0,102,731,8,6,2,8
87,24,moe,796,38,10,0,0,0,0,10,773,8,8,0,8
87,25,moe,794,34,5927,2681,1789,1414,0,43,770,8,6,2,8
87,26,moe,650,34,9,0,0,0,0,9,773,8,8,0,8
87,-1,epi,0,0,0,0,0,0,0,0,5838,0,0,0,0
88,-2,pre,209,0,0,0,0,0,0,0,0,0,0,0,0
88,0,dense,1447,34,0,0,0,0,0,0,0,0,0,0,0
88,1,moe,811,30,2995,1460,891,615,0,29,739,8,7,1,8
88,2,moe,739,29,9,0,0,0,0,9,895,8,8,0,8
88,3,moe,927,52,6228,2728,1818,1639,0,43,813,8,6,2,8
88,4,moe,740,31,12,0,0,0,0,12,613,8,8,0,8
88,5,moe,794,29,7164,3888,2385,739,0,152,691,8,5,3,8
88,6,moe,774,51,3045,1648,1013,300,0,84,791,8,7,1,8
88,7,moe,653,30,2443,1311,854,200,0,78,613,8,7,1,8
88,8,moe,725,29,9,0,0,0,0,9,713,8,8,0,8
88,9,moe,795,29,5190,2749,1914,398,0,129,892,8,6,2,8
88,10,moe,798,59,16,0,0,0,0,16,1005,8,8,0,8
88,11,moe,725,62,10,0,0,0,0,10,736,8,8,0,8
88,12,moe,811,52,3036,1731,906,367,0,32,2571,8,7,1,8
88,13,moe,852,56,4429,1535,843,1933,0,118,644,8,7,1,8
88,14,moe,817,71,2322,1461,780,51,0,30,659,8,7,1,8
88,15,moe,649,28,2759,1398,1030,252,0,79,734,8,7,1,8
88,16,moe,727,31,5047,3220,1613,103,1,110,707,8,6,2,8
88,17,moe,837,61,4296,1671,781,1814,0,30,627,8,7,1,8
88,18,moe,775,48,9,0,0,0,0,9,752,8,8,0,8
88,19,moe,691,68,4061,1623,774,1638,0,26,2383,8,7,1,8
88,20,moe,726,31,2616,1249,766,570,0,31,868,8,7,1,8
88,21,moe,815,33,5849,2675,1891,1167,0,116,784,8,6,2,8
88,22,moe,798,29,4961,3075,1637,140,0,109,612,8,6,2,8
88,23,moe,649,29,6101,2890,1905,1215,0,91,725,8,6,2,8
88,24,moe,793,33,4856,2732,1789,295,0,40,2532,8,6,2,8
88,25,moe,834,60,10,0,0,0,0,10,5542,8,8,0,8
88,26,moe,655,29,9,0,0,0,0,9,845,8,8,0,8
88,-1,epi,0,0,0,0,0,0,0,0,5860,0,0,0,0
89,-2,pre,222,0,0,0,0,0,0,0,0,0,0,0,0
89,0,dense,1460,34,0,0,0,0,0,0,0,0,0,0,0
89,1,moe,818,32,13004,5783,3596,3548,0,77,835,8,4,4,8
89,2,moe,755,53,19683,8687,5468,5389,0,139,1057,8,2,6,8
89,3,moe,664,31,5135,2617,1793,683,0,42,813,8,6,2,8
89,4,moe,1049,36,9917,4748,3127,1852,0,190,1215,8,4,4,8
89,5,moe,1157,35,4343,2326,1545,423,0,49,857,8,6,2,8
89,6,moe,1070,35,9,0,0,0,0,9,2482,8,8,0,8
89,7,moe,915,54,2553,1237,772,493,0,51,750,8,7,1,8
89,8,moe,1031,33,5281,2331,1537,1371,0,42,813,8,6,2,8
89,9,moe,829,33,2394,1231,1011,64,0,88,821,8,7,1,8
89,10,moe,762,33,10,0,0,0,0,10,668,8,8,0,8
89,11,moe,666,33,2700,1225,877,516,0,82,613,8,7,1,8
89,12,moe,724,30,2800,1454,996,273,1,76,908,8,7,1,8
89,13,moe,909,54,7793,3845,2369,1440,0,139,2159,8,5,3,8
89,14,moe,775,53,11,0,0,0,0,11,774,8,8,0,8
89,15,moe,740,27,6718,2908,1905,1806,0,99,783,8,6,2,8
89,16,moe,727,31,4919,2454,1618,738,0,109,661,8,6,2,8
89,17,moe,8157,33,2322,1279,784,228,0,31,661,8,7,1,8
89,18,moe,9887,32,11,0,0,0,0,11,1837,8,8,0,8
89,19,moe,14224,59,8295,3514,2300,2430,0,51,612,8,5,3,8
89,20,moe,4816,32,5812,2657,1540,1572,0,43,609,8,6,2,8
89,21,moe,5391,32,3519,1293,994,1151,0,81,757,8,7,1,8
89,22,moe,5556,33,8463,3368,2377,2596,0,122,661,8,5,3,8
89,23,moe,648,31,6913,2561,1904,2320,0,128,770,8,6,2,8
89,24,moe,834,32,5711,3507,1783,378,0,43,835,8,6,2,8
89,25,moe,792,30,2579,1403,899,249,0,28,1344,8,7,1,8
89,26,moe,655,27,9,0,0,0,0,9,716,8,8,0,8
89,-1,epi,0,0,0,0,0,0,0,0,5788,0,0,0,0
90,-2,pre,1866,0,0,0,0,0,0,0,0,0,0,0,0
90,0,dense,1435,47,0,0,0,0,0,0,0,0,0,0,0
90,1,moe,806,35,2639,1630,911,65,0,33,743,8,7,1,8
90,2,moe,736,33,4899,2937,1790,130,0,42,789,8,6,2,8
90,3,moe,658,32,6663,3755,2678,182,0,48,1602,8,5,3,8
90,4,moe,755,58,4681,2428,1611,539,1,102,866,8,6,2,8
90,5,moe,852,86,4470,2532,1544,321,0,73,668,8,6,2,8
90,6,moe,721,35,10,0,0,0,1,9,816,8,8,0,8
90,7,moe,653,33,9,0,0,0,0,9,1149,8,8,0,8
90,8,moe,729,34,9,0,0,0,0,9,709,8,8,0,8
90,9,moe,1215,51,10,0,0,0,0,10,1044,8,8,0,8
90,10,moe,1249,95,13,0,0,0,0,13,860,8,8,0,8
90,11,moe,718,35,4826,2445,1529,809,0,43,709,8,6,2,8
90,12,moe,726,36,9,0,0,0,0,9,730,8,8,0,8
90,13,moe,803,34,2645,1289,777,547,0,32,619,8,7,1,8
90,14,moe,724,34,9,0,0,0,0,9,1180,8,8,0,8
90,15,moe,661,33,6840,2628,1936,2164,0,112,836,8,6,2,8
90,16,moe,731,38,2777,1273,851,559,0,94,1204,8,7,1,8
90,17,moe,799,37,10,0,0,0,0,10,1593,8,8,0,8
90,18,moe,808,64,12,0,0,0,0,12,2814,8,8,0,8
90,19,moe,716,35,2665,1343,768,523,0,31,611,8,7,1,8
90,20,moe,741,36,2689,1352,779,529,0,29,717,8,7,1,8
90,21,moe,811,40,6705,3137,1896,1521,0,151,845,8,6,2,8
90,22,moe,802,37,9386,4698,3143,1395,0,150,1277,8,4,4,8
90,23,moe,753,61,11,0,0,0,0,11,772,8,8,0,8
90,24,moe,876,87,11,0,0,0,0,11,760,8,8,0,8
90,25,moe,868,86,13,0,0,0,0,13,947,8,8,0,8
90,26,moe,769,66,3707,1542,994,1083,0,88,845,8,7,1,8
90,-1,epi,0,0,0,0,0,0,0,0,5856,0,0,0,0
91,-2,pre,234,0,0,0,0,0,0,0,0,0,0,0,0
91,0,dense,1471,77,0,0,0,0,0,0,0,0,0,0,0
91,1,moe,853,67,5055,3113,1776,119,0,47,846,8,6,2,8
91,2,moe,815,87,2708,1719,890,69,0,30,882,8,7,1,8
91,3,moe,690,34,4531,2565,1806,119,0,41,740,8,6,2,8
91,4,moe,736,34,2754,1377,853,433,0,91,614,8,7,1,8
91,5,moe,793,36,2353,1304,786,233,0,30,674,8,7,1,8
91,6,moe,728,48,5166,2041,1017,2031,0,77,791,8,7,1,8
91,7,moe,650,33,5380,2470,1625,1161,0,124,713,8,6,2,8
91,8,moe,723,36,11,0,0,0,0,11,1166,8,8,0,8
91,9,moe,790,35,3074,1435,984,577,0,78,734,8,7,1,8
91,10,moe,740,39,9,0,0,0,0,9,714,8,8,0,8
91,11,moe,813,33,3137,1378,824,848,0,87,725,8,7,1,8
91,12,moe,1061,40,9,0,0,0,0,9,1338,8,8,0,8
91,13,moe,798,36,2558,1247,769,510,0,32,1130,8,7,1,8
91,14,moe,741,36,9,0,0,0,0,9,1407,8,8,0,8
91,15,moe,672,34,7760,3307,1907,2446,0,100,2896,8,6,2,8
91,16,moe,792,58,2995,1372,855,648,0,120,607,8,7,1,8
91,17,moe,798,34,9,0,0,0,0,9,672,8,8,0,8
91,18,moe,725,34,8,0,0,0,0,8,779,8,8,0,8
91,19,moe,659,38,9,0,0,0,0,9,665,8,8,0,8
91,20,moe,729,32,9,0,0,0,0,9,663,8,8,0,8
91,21,moe,815,46,9,0,0,0,0,9,1254,8,8,0,8
91,22,moe,805,33,9,0,0,0,0,9,706,8,8,0,8
91,23,moe,8026,36,4337,1361,1025,1811,0,140,981,8,7,1,8
91,24,moe,904,37,2667,1402,898,330,1,36,793,8,7,1,8
91,25,moe,796,34,9,0,0,0,0,9,795,8,8,0,8
91,26,moe,662,33,10,0,0,0,0,10,790,8,8,0,8
91,-1,epi,0,0,0,0,0,0,0,0,5950,0,0,0,0
92,-2,pre,212,0,0,0,0,0,0,0,0,0,0,0,0
92,0,dense,1472,45,0,0,0,0,0,0,0,0,0,0,0
92,1,moe,835,38,4178,2042,1781,313,0,42,856,8,6,2,8
92,2,moe,750,36,19,0,0,0,0,19,745,8,8,0,8
92,3,moe,685,36,9,0,0,0,0,9,803,8,8,0,8
92,4,moe,819,42,8,0,0,0,0,8,888,8,8,0,8
92,5,moe,809,2687,12,0,0,0,0,12,848,8,8,0,8
92,6,moe,734,476,9,0,0,0,0,9,822,8,8,0,8
92,7,moe,656,35,9,0,0,0,0,9,1170,8,8,0,8
92,8,moe,671,36,9,0,0,0,1,8,560,8,8,0,8
92,9,moe,719,37,9,0,0,0,0,9,1276,8,8,0,8
92,10,moe,737,36,2561,1425,830,207,0,99,664,8,7,1,8
92,11,moe,661,31,7,0,0,0,0,7,1224,8,8,0,8
92,12,moe,740,39,9,0,0,0,0,9,914,8,8,0,8
92,13,moe,1088,40,8,0,0,0,0,8,662,8,8,0,8
92,14,moe,741,33,8,0,0,0,1,7,722,8,8,0,8
92,15,moe,672,32,8,0,0,0,0,8,885,8,8,0,8
92,16,moe,747,32,8,0,0,0,0,8,639,8,8,0,8
92,17,moe,830,34,8,0,0,0,0,8,647,8,8,0,8
92,18,moe,748,34,8,0,0,0,0,8,762,8,8,0,8
92,19,moe,681,34,8,0,0,0,0,8,1166,8,8,0,8
92,20,moe,747,33,9,0,0,0,0,9,640,8,8,0,8
92,21,moe,829,38,2778,1449,998,238,0,93,750,8,7,1,8
92,22,moe,821,37,4727,2628,1603,361,0,135,663,8,6,2,8
92,23,moe,732,78,10,0,0,0,0,10,783,8,8,0,8
92,24,moe,863,60,29,0,0,0,0,29,802,8,8,0,8
92,25,moe,855,34,8,0,0,0,0,8,747,8,8,0,8
92,26,moe,693,36,10,0,0,0,0,10,757,8,8,0,8
92,-1,epi,0,0,0,0,0,0,0,0,6098,0,0,0,0
93,-2,pre,61,0,0,0,0,0,0,0,0,0,0,0,0
93,0,dense,1502,38,0,0,0,0,0,0,0,0,0,0,0
93,1,moe,838,37,9,0,0,0,0,9,778,8,8,0,8
93,2,moe,759,33,2843,1706,991,59,0,87,756,8,7,1,8
93,3,moe,680,35,22,0,0,0,0,22,807,8,8,0,8
93,4,moe,785,37,9,0,0,0,0,9,762,8,8,0,8
93,5,moe,833,37,2348,1331,836,59,0,122,635,8,7,1,8
93,6,moe,759,34,3083,1489,976,567,0,51,748,8,7,1,8
93,7,moe,667,31,4354,2340,846,1073,0,95,641,8,7,1,8
93,8,moe,734,36,9,0,0,0,0,9,630,8,8,0,8
93,9,moe,808,33,9,0,0,0,0,9,748,8,8,0,8
93,10,moe,760,37,9,0,0,0,0,9,647,8,8,0,8
93,11,moe,700,34,2368,1366,765,208,0,29,626,8,7,1,8
93,12,moe,749,33,9,0,0,0,0,9,752,8,8,0,8
93,13,moe,827,37,2343,1349,767,202,0,25,756,8,7,1,8
93,14,moe,910,35,3878,1392,774,1688,0,24,629,8,7,1,8
93,15,moe,676,33,3193,1431,1027,651,0,84,793,8,7,1,8
93,16,moe,734,36,9,0,0,0,0,9,670,8,8,0,8
93,17,moe,806,33,6052,2535,1617,1817,0,83,630,8,6,2,8
93,18,moe,736,34,9,0,0,0,0,9,744,8,8,0,8
93,19,moe,669,32,2360,1334,778,216,0,32,627,8,7,1,8
93,20,moe,735,33,9,0,0,0,0,9,1151,8,8,0,8
93,21,moe,811,31,8,0,0,0,0,8,1275,8,8,0,8
93,22,moe,810,35,9,0,0,0,0,9,678,8,8,0,8
93,23,moe,682,32,6693,1804,1891,2898,0,100,835,8,6,2,8
93,24,moe,870,89,1718,345,892,455,0,26,756,8,7,1,8
93,25,moe,814,36,9,0,0,0,0,9,756,8,8,0,8
93,26,moe,4542,33,8,0,0,0,0,8,899,8,8,0,8
93,-1,epi,0,0,0,0,0,0,0,0,5969,0,0,0,0
94,-2,pre,75,0,0,0,0,0,0,0,0,0,0,0,0
94,0,dense,1476,32,0,0,0,0,0,0,0,0,0,0,0
94,1,moe,824,30,9,0,0,0,0,9,818,8,8,0,8
94,2,moe,778,35,2641,1455,891,268,0,27,803,8,7,1,8
94,3,moe,684,32,2561,642,1769,115,0,35,823,8,6,2,8
94,4,moe,745,30,2419,1397,845,56,0,121,773,8,7,1,8
94,5,moe,839,35,2637,1306,776,529,0,26,776,8,7,1,8
94,6,moe,740,29,9,0,0,0,0,9,806,8,8,0,8
94,7,moe,683,28,4686,2384,1550,711,0,41,675,8,6,2,8
94,8,moe,736,29,3295,1341,777,1143,0,34,630,8,7,1,8
94,9,moe,803,30,9,0,0,0,0,9,741,8,8,0,8
94,10,moe,739,28,9,0,0,0,0,9,713,8,8,0,8
94,11,moe,686,28,5025,2357,1538,1089,0,41,718,8,6,2,8
94,12,moe,732,30,10,0,0,0,0,10,1398,8,8,0,8
94,13,moe,866,59,5093,2451,1535,1060,0,47,630,8,6,2,8
94,14,moe,901,33,10708,4704,3056,2875,0,73,1211,8,4,4,8
94,15,moe,833,31,3077,364,1006,1625,0,82,920,8,7,1,8
94,16,moe,801,52,2789,1343,831,495,0,120,662,8,7,1,8
94,17,moe,807,32,2613,1310,767,510,0,26,620,8,7,1,8
94,18,moe,735,32,8,0,0,0,0,8,743,8,8,0,8
94,19,moe,670,31,2569,1271,774,498,0,26,619,8,7,1,8
94,20,moe,733,31,2671,1305,775,565,0,26,625,8,7,1,8
94,21,moe,808,34,9,0,0,0,0,9,735,8,8,0,8
94,22,moe,803,32,2897,1018,1534,303,0,42,632,8,6,2,8
94,23,moe,665,29,8,0,0,0,0,8,1301,8,8,0,8
94,24,moe,822,35,9,0,0,0,0,9,1559,8,8,0,8
94,25,moe,820,81,2748,1408,1010,239,0,91,1729,8,7,1,8
94,26,moe,669,32,8,0,0,0,0,8,810,8,8,0,8
94,-1,epi,0,0,0,0,0,0,0,0,6188,0,0,0,0
95,-2,pre,50,0,0,0,0,0,0,0,0,0,0,0,0
95,0,dense,1489,33,0,0,0,0,0,0,0,0,0,0,0
95,1,moe,833,31,2559,1563,890,76,0,30,748,8,7,1,8
95,2,moe,743,31,9,0,0,0,0,9,764,8,8,0,8
95,3,moe,784,50,2363,1370,887,58,0,48,747,8,7,1,8
95,4,moe,749,28,3116,1891,843,258,0,124,678,8,7,1,8
95,5,moe,808,46,9,0,0,0,0,9,711,8,8,0,8
95,6,moe,732,35,3070,1343,1020,626,0,81,909,8,7,1,8
95,7,moe,669,31,9,0,0,0,0,9,735,8,8,0,8
95,8,moe,738,29,9,0,0,0,0,9,629,8,8,0,8
95,9,moe,808,29,9,0,0,0,0,9,807,8,8,0,8
95,10,moe,759,29,8,0,0,0,0,8,720,8,8,0,8
95,11,moe,686,28,9,0,0,0,0,9,645,8,8,0,8
95,12,moe,751,35,8,0,0,0,0,8,860,8,8,0,8
95,13,moe,828,30,2838,1305,888,551,0,94,687,8,7,1,8
95,14,moe,761,34,9,0,0,0,0,9,649,8,8,0,8
95,15,moe,692,29,8,0,0,0,0,8,818,8,8,0,8
95,16,moe,743,29,8,0,0,0,0,8,645,8,8,0,8
95,17,moe,822,30,9,0,0,0,0,9,641,8,8,0,8
95,18,moe,762,35,3603,1391,1048,1080,0,84,802,8,7,1,8
95,19,moe,677,29,2731,1291,852,510,0,78,673,8,7,1,8
95,20,moe,743,30,9,0,0,0,0,9,621,8,8,0,8
95,21,moe,814,30,9,0,0,0,0,9,755,8,8,0,8
95,22,moe,857,36,7140,5631,766,713,0,30,624,8,7,1,8
95,23,moe,672,33,2628,1462,1009,69,0,88,793,8,7,1,8
95,24,moe,807,36,3739,1608,907,1196,0,28,885,8,7,1,8
95,25,moe,815,36,10,0,0,0,0,10,867,8,8,0,8
95,26,moe,684,33,10,0,0,0,0,10,756,8,8,0,8
95,-1,epi,0,0,0,0,0,0,0,0,6079,0,0,0,0
96,-2,pre,71,0,0,0,0,0,0,0,0,0,0,0,0
96,0,dense,1500,40,0,0,0,0,0,0,0,0,0,0,0
96,1,moe,844,39,4004,1871,1774,319,0,40,755,8,6,2,8
96,2,moe,755,35,9,0,0,0,0,9,1260,8,8,0,8
96,3,moe,694,36,2416,1433,897,60,0,26,750,8,7,1,8
96,4,moe,783,57,9,0,0,0,0,9,729,8,8,0,8
96,5,moe,828,36,8,0,0,0,0,8,674,8,8,0,8
96,6,moe,816,63,9,0,0,0,0,9,878,8,8,0,8
96,7,moe,696,33,2817,1335,831,533,0,118,640,8,7,1,8
96,8,moe,752,37,8,0,0,0,0,8,649,8,8,0,8
96,9,moe,826,33,8,0,0,0,0,8,810,8,8,0,8
96,10,moe,748,33,8,0,0,0,0,8,682,8,8,0,8
96,11,moe,691,32,8,0,0,0,0,8,641,8,8,0,8
96,12,moe,760,33,8,0,0,0,0,8,778,8,8,0,8
96,13,moe,839,35,7,0,0,0,0,7,659,8,8,0,8
96,14,moe,777,41,2658,1315,767,547,0,29,682,8,7,1,8
96,15,moe,687,35,7,0,0,0,0,7,889,8,8,0,8
96,16,moe,771,34,1614,285,770,540,0,19,639,8,7,1,8
96,17,moe,815,34,8,0,0,0,0,8,642,8,8,0,8
96,18,moe,745,32,9,0,0,0,0,9,789,8,8,0,8
96,19,moe,697,39,8,0,0,0,0,8,861,8,8,0,8
96,20,moe,761,33,9,0,0,0,0,9,659,8,8,0,8
96,21,moe,843,35,8,0,0,0,0,8,780,8,8,0,8
96,22,moe,844,33,1648,279,769,576,0,24,661,8,7,1,8
96,23,moe,693,36,9,0,0,0,0,9,1465,8,8,0,8
96,24,moe,834,34,8,0,0,0,0,8,780,8,8,0,8
96,25,moe,846,35,9103,4360,2814,1768,0,161,758,8,5,3,8
96,26,moe,670,34,9,0,0,0,0,9,804,8,8,0,8
96,-1,epi,0,0,0,0,0,0,0,0,6103,0,0,0,0
97,-2,pre,48,0,0,0,0,0,0,0,0,0,0,0,0
97,0,dense,1515,37,0,0,0,0,0,0,0,0,0,0,0
97,1,moe,851,38,4811,2696,1778,296,0,41,754,8,6,2,8
97,2,moe,754,37,9,0,0,0,0,9,764,8,8,0,8
97,3,moe,692,37,3099,1871,903,300,0,25,793,8,7,1,8
97,4,moe,749,38,2649,1275,869,438,0,67,636,8,7,1,8
97,5,moe,818,34,4401,2541,1542,277,0,41,657,8,6,2,8
97,6,moe,738,37,10,0,0,0,0,10,1310,8,8,0,8
97,7,moe,676,33,9,0,0,0,0,9,641,8,8,0,8
97,8,moe,747,37,8527,3812,2314,2344,0,57,673,8,5,3,8
97,9,moe,869,82,12,0,0,0,0,12,1382,8,8,0,8
97,10,moe,737,35,9001,3625,2313,3005,0,58,694,8,5,3,8
97,11,moe,667,33,2640,1286,788,539,0,27,726,8,7,1,8
97,12,moe,732,36,4637,1915,1025,1601,1,95,829,8,7,1,8
97,13,moe,810,37,4554,2403,1609,422,0,120,621,8,6,2,8
97,14,moe,729,35,5343,2341,1544,1401,0,57,1132,8,6,2,8
97,15,moe,661,31,9,0,0,0,0,9,1324,8,8,0,8
97,16,moe,1018,35,10,0,0,0,0,10,629,8,8,0,8
97,17,moe,807,36,2667,1324,766,548,0,29,637,8,7,1,8
97,18,moe,747,34,8,0,0,0,0,8,801,8,8,0,8
97,19,moe,673,34,4460,2575,1540,305,0,40,683,8,6,2,8
97,20,moe,938,36,2586,1245,780,531,0,30,622,8,7,1,8
97,21,moe,805,49,9,0,0,0,0,9,770,8,8,0,8
97,22,moe,807,34,1131,284,775,49,0,23,633,8,7,1,8
97,23,moe,689,38,9,0,0,0,0,9,753,8,8,0,8
97,24,moe,823,33,9,0,0,0,0,9,794,8,8,0,8
97,25,moe,818,34,2503,1343,1011,62,0,87,807,8,7,1,8
97,26,moe,698,36,3425,1422,886,1094,0,23,743,8,7,1,8
97,-1,epi,0,0,0,0,0,0,0,0,6014,0,0,0,0
98,-2,pre,212,0,0,0,0,0,0,0,0,0,0,0,0
98,0,dense,1498,40,0,0,0,0,0,0,0,0,0,0,0
98,1,moe,838,35,1323,352,888,60,0,23,768,8,7,1,8
98,2,moe,758,38,9,0,0,0,0,9,770,8,8,0,8
98,3,moe,701,35,6620,2686,1775,2117,0,42,797,8,6,2,8
98,4,moe,746,40,8,0,0,0,0,8,634,8,8,0,8
98,5,moe,819,34,10,0,0,0,0,10,633,8,8,0,8
98,6,moe,748,38,10,0,0,0,0,10,798,8,8,0,8
98,7,moe,693,37,9,0,0,0,1,8,650,8,8,0,8
98,8,moe,760,35,9,0,0,0,0,9,720,8,8,0,8
98,9,moe,820,35,9,0,0,0,0,9,829,8,8,0,8
98,10,moe,690,36,9,0,0,0,0,9,703,8,8,0,8
98,11,moe,696,33,8,0,0,0,0,8,698,8,8,0,8
98,12,moe,778,36,7,0,0,0,0,7,817,8,8,0,8
98,13,moe,846,40,8,0,0,0,0,8,713,8,8,0,8
98,14,moe,779,40,10,0,0,0,0,10,624,8,8,0,8
98,15,moe,711,32,2904,1404,891,576,0,33,865,8,7,1,8
98,16,moe,856,61,2330,1310,866,51,0,103,709,8,7,1,8
98,17,moe,1188,38,10,0,0,0,0,10,649,8,8,0,8
98,18,moe,782,33,8,0,0,0,0,8,761,8,8,0,8
98,19,moe,693,233,4228,2866,783,549,0,30,790,8,7,1,8
98,20,moe,834,64,10,0,0,0,0,10,1637,8,8,0,8
98,21,moe,841,38,9,0,0,0,0,9,771,8,8,0,8
98,22,moe,821,33,9,0,0,0,0,9,642,8,8,0,8
98,23,moe,707,31,8,0,0,0,0,8,876,8,8,0,8
98,24,moe,840,38,9,0,0,0,0,9,814,8,8,0,8
98,25,moe,842,35,7,0,0,0,0,7,865,8,8,0,8
98,26,moe,708,30,9,0,0,0,0,9,810,8,8,0,8
98,-1,epi,0,0,0,0,0,0,0,0,6305,0,0,0,0
99,-2,pre,337,0,0,0,0,0,0,0,0,0,0,0,0
99,0,dense,1537,57,0,0,0,0,0,0,0,0,0,0,0
99,1,moe,846,38,8,0,0,0,0,8,846,8,8,0,8
99,2,moe,800,33,9,0,0,0,1,8,796,8,8,0,8
99,3,moe,724,32,9,0,0,0,0,9,903,8,8,0,8
99,4,moe,772,37,8,0,0,0,0,8,1139,8,8,0,8
99,5,moe,843,33,9,0,0,0,0,9,676,8,8,0,8
99,6,moe,782,34,9,0,0,0,0,9,794,8,8,0,8
99,7,moe,726,42,2849,1498,765,559,0,27,651,8,7,1,8
99,8,moe,759,34,5649,3172,1531,900,0,46,647,8,6,2,8
99,9,moe,833,38,9,0,0,0,0,9,1291,8,8,0,8
99,10,moe,764,34,8,0,0,0,0,8,656,8,8,0,8
99,11,moe,705,42,8360,3600,2310,2397,0,53,630,8,5,3,8
99,12,moe,738,35,9,0,0,0,0,9,1359,8,8,0,8
99,13,moe,810,36,5014,2393,1541,1027,0,53,682,8,6,2,8
99,14,moe,739,34,1766,750,774,215,0,27,629,8,7,1,8
99,15,moe,684,30,9,0,0,0,0,9,758,8,8,0,8
99,16,moe,750,33,8,0,0,0,0,8,695,8,8,0,8
99,17,moe,832,33,3550,1364,769,1392,0,25,935,8,7,1,8
99,18,moe,1420,40,10,0,0,0,0,10,755,8,8,0,8
99,19,moe,700,38,10,0,0,0,0,10,654,8,8,0,8
99,20,moe,754,40,2183,1331,766,55,0,31,691,8,7,1,8
99,21,moe,819,49,8,0,0,0,0,8,864,8,8,0,8
99,22,moe,881,54,6460,3906,2318,159,0,77,635,8,5,3,8
99,23,moe,689,29,3100,1400,1031,608,0,61,799,8,7,1,8
99,24,moe,871,37,1895,333,891,641,0,30,752,8,7,1,8
99,25,moe,807,32,8,0,0,0,0,8,822,8,8,0,8
99,26,moe,700,28,9,0,0,0,0,9,1386,8,8,0,8
99,-1,epi,0,0,0,0,0,0,0,0,6144,0,0,0,0
100,-2,pre,46,0,0,0,0,0,0,0,0,0,0,0,0
100,0,dense,1517,31,0,0,0,0,0,0,0,0,0,0,0
100,1,moe,840,31,5097,2673,1792,582,0,50,911,8,6,2,8
100,2,moe,746,30,9,0,0,0,0,9,836,8,8,0,8
100,3,moe,684,28,2573,1390,895,237,0,51,794,8,7,1,8
100,4,moe,759,32,9,0,0,0,0,9,645,8,8,0,8
100,5,moe,834,34,11,0,0,0,0,11,656,8,8,0,8
100,6,moe,753,32,10,0,0,0,0,10,761,8,8,0,8
100,7,moe,703,29,9,0,0,0,0,9,1213,8,8,0,8
100,8,moe,754,33,10,0,0,0,0,10,653,8,8,0,8
100,9,moe,831,30,9,0,0,0,0,9,817,8,8,0,8
100,10,moe,764,29,9,0,0,0,0,9,677,8,8,0,8
100,11,moe,714,34,9,0,0,0,0,9,722,8,8,0,8
100,12,moe,772,30,9,0,0,0,0,9,787,8,8,0,8
100,13,moe,863,32,10,0,0,0,0,10,728,8,8,0,8
100,14,moe,775,37,9,0,0,0,0,9,655,8,8,0,8
100,15,moe,722,30,2444,1467,889,62,0,26,765,8,7,1,8
100,16,moe,765,34,9,0,0,0,0,9,659,8,8,0,8
100,17,moe,840,33,9,0,0,0,0,9,708,8,8,0,8
100,18,moe,774,35,10,0,0,0,0,10,834,8,8,0,8
100,19,moe,716,30,10,0,0,0,0,10,670,8,8,0,8
100,20,moe,776,31,10,0,0,0,0,10,761,8,8,0,8
100,21,moe,855,32,8873,4381,2695,1737,0,60,858,8,5,3,8
100,22,moe,827,40,14,0,0,0,0,14,632,8,8,0,8
100,23,moe,703,34,10,0,0,0,0,10,740,8,8,0,8
100,24,moe,830,36,12,0,0,0,0,12,950,8,8,0,8
100,25,moe,832,37,11,0,0,0,0,11,1463,8,8,0,8
100,26,moe,716,33,10,0,0,0,0,10,1608,8,8,0,8
100,-1,epi,0,0,0,0,0,0,0,0,6213,0,0,0,0
101,-2,pre,49,0,0,0,0,0,0,0,0,0,0,0,0
101,0,dense,1571,35,0,0,0,0,0,0,0,0,0,0,0
101,1,moe,866,31,3932,1764,1804,317,0,47,776,8,6,2,8
101,2,moe,763,31,3796,1857,1783,120,0,36,1305,8,6,2,8
101,3,moe,692,28,4560,2573,1810,140,0,37,978,8,6,2,8
101,4,moe,745,32,2503,1222,846,336,0,99,1462,8,7,1,8
101,5,moe,834,34,2617,1254,787,546,0,30,681,8,7,1,8
101,6,moe,791,35,10,0,0,0,0,10,752,8,8,0,8
101,7,moe,835,40,11,0,0,0,0,11,655,8,8,0,8
101,8,moe,760,31,9,0,0,0,0,9,661,8,8,0,8
101,9,moe,840,28,9,0,0,0,0,9,824,8,8,0,8
101,10,moe,752,29,9,0,0,0,0,9,661,8,8,0,8
101,11,moe,715,29,3420,1322,777,1292,0,29,685,8,7,1,8
101,12,moe,759,33,3835,1386,1006,1350,0,93,772,8,7,1,8
101,13,moe,781,33,9,0,0,0,0,9,698,8,8,0,8
101,14,moe,709,31,8,0,0,0,0,8,641,8,8,0,8
101,15,moe,891,51,12,0,0,0,0,12,954,8,8,0,8
101,16,moe,728,398,11,0,0,0,0,11,1127,8,8,0,8
101,17,moe,768,35,9,0,0,0,0,9,981,8,8,0,8
101,18,moe,734,58,11502,5100,2753,3585,0,64,886,8,5,3,8
101,19,moe,739,36,6036,2301,2073,1540,0,122,703,8,6,2,8
101,20,moe,791,41,2223,1280,835,75,0,33,709,8,7,1,8
101,21,moe,826,46,8030,2808,1895,3239,0,88,928,8,6,2,8
101,22,moe,845,40,12,0,0,0,0,12,1498,8,8,0,8
101,23,moe,752,36,4690,2653,1844,152,0,41,837,8,6,2,8
101,24,moe,765,39,11,0,0,0,0,11,719,8,8,0,8
101,25,moe,741,37,3068,1381,952,709,0,26,878,8,7,1,8
101,26,moe,686,31,9,0,0,0,0,9,838,8,8,0,8
101,-1,epi,0,0,0,0,0,0,0,0,6197,0,0,0,0
102,-2,pre,57,0,0,0,0,0,0,0,0,0,0,0,0
102,0,dense,1523,41,0,0,0,0,0,0,0,0,0,0,0
102,1,moe,858,40,10,0,0,0,0,10,916,8,8,0,8
102,2,moe,777,34,10,0,0,0,0,10,796,8,8,0,8
102,3,moe,718,32,7592,4438,2701,392,0,61,763,8,5,3,8
102,4,moe,747,37,2263,1256,853,58,0,96,695,8,7,1,8
102,5,moe,818,33,10,0,0,0,0,10,689,8,8,0,8
102,6,moe,745,33,3207,1485,1018,622,0,82,762,8,7,1,8
102,7,moe,687,34,2971,1355,862,671,0,83,634,8,7,1,8
102,8,moe,749,35,9,0,0,0,0,9,636,8,8,0,8
102,9,moe,821,35,9,0,0,0,0,9,769,8,8,0,8
102,10,moe,756,33,9,0,0,0,0,9,662,8,8,0,8
102,11,moe,703,30,8,0,0,0,0,8,733,8,8,0,8
102,12,moe,763,34,9,0,0,0,0,9,1153,8,8,0,8
102,13,moe,830,32,8,0,0,0,1,7,658,8,8,0,8
102,14,moe,773,38,2214,1368,765,50,0,31,699,8,7,1,8
102,15,moe,708,34,8,0,0,0,0,8,832,8,8,0,8
102,16,moe,766,31,8,0,0,0,0,8,683,8,8,0,8
102,17,moe,859,37,9,0,0,0,0,9,712,8,8,0,8
102,18,moe,787,33,8,0,0,0,0,8,839,8,8,0,8
102,19,moe,884,37,9,0,0,0,0,9,669,8,8,0,8
102,20,moe,773,33,2186,1319,771,70,0,26,656,8,7,1,8
102,21,moe,849,39,22,0,0,0,0,22,850,8,8,0,8
102,22,moe,819,38,8,0,0,0,0,8,713,8,8,0,8
102,23,moe,718,39,8,0,0,0,0,8,843,8,8,0,8
102,24,moe,870,34,8,0,0,0,0,8,787,8,8,0,8
102,25,moe,858,38,7061,2598,1920,2424,0,119,787,8,6,2,8
102,26,moe,710,41,11,0,0,0,0,11,737,8,8,0,8
102,-1,epi,0,0,0,0,0,0,0,0,6298,0,0,0,0
103,-2,pre,47,0,0,0,0,0,0,0,0,0,0,0,0
103,0,dense,1556,39,0,0,0,0,0,0,0,0,0,0,0
103,1,moe,862,38,10,0,0,0,0,10,850,8,8,0,8
103,2,moe,788,35,2361,1376,894,60,0,31,779,8,7,1,8
103,3,moe,710,34,11804,6232,4504,983,0,85,831,8,3,5,8
103,4,moe,746,36,2544,1314,856,247,0,127,638,8,7,1,8
103,5,moe,819,35,10,0,0,0,0,10,1109,8,8,0,8
103,6,moe,744,35,9,0,0,0,0,9,762,8,8,0,8
103,7,moe,695,32,9,0,0,0,0,9,648,8,8,0,8
103,8,moe,762,34,5027,2448,1542,992,0,45,650,8,6,2,8
103,9,moe,819,35,2861,1519,1012,234,0,96,829,8,7,1,8
103,10,moe,746,33,9,0,0,0,0,9,638,8,8,0,8
103,11,moe,698,31,2724,1265,837,538,0,84,640,8,7,1,8
103,12,moe,743,34,3381,1442,1006,825,0,108,864,8,7,1,8
103,13,moe,813,35,9,0,0,0,0,9,1129,8,8,0,8
103,14,moe,745,35,10,0,0,0,0,10,796,8,8,0,8
103,15,moe,692,33,2464,1480,895,62,1,26,1382,8,7,1,8
103,16,moe,757,35,4764,2449,1610,574,0,131,637,8,6,2,8
103,17,moe,814,35,9,0,0,0,0,9,641,8,8,0,8
103,18,moe,737,32,2693,1386,990,242,0,75,1286,8,7,1,8
103,19,moe,672,31,2238,1276,837,54,0,71,776,8,7,1,8
103,20,moe,921,36,2111,1251,776,57,0,27,631,8,7,1,8
103,21,moe,814,36,5511,2565,1878,973,0,95,838,8,6,2,8
103,22,moe,817,40,4591,1895,2415,161,0,120,641,8,5,3,8
103,23,moe,673,33,9,0,0,0,0,9,750,8,8,0,8
103,24,moe,845,35,9,0,0,0,0,9,789,8,8,0,8
103,25,moe,844,40,2634,1455,1006,66,0,107,794,8,7,1,8
103,26,moe,707,34,9,0,0,0,0,9,1418,8,8,0,8
103,-1,epi,0,0,0,0,0,0,0,0,6184,0,0,0,0
104,-2,pre,54,0,0,0,0,0,0,0,0,0,0,0,0
104,0,dense,1524,39,0,0,0,0,0,0,0,0,0,0,0
104,1,moe,851,35,2437,1451,895,61,0,30,864,8,7,1,8
104,2,moe,771,36,2536,1547,893,67,0,29,763,8,7,1,8
104,3,moe,700,35,2975,2003,889,59,0,24,806,8,7,1,8
104,4,moe,750,33,9,0,0,0,0,9,1113,8,8,0,8
104,5,moe,821,34,2405,1360,862,54,0,129,686,8,7,1,8
104,6,moe,744,33,9,0,0,0,0,9,760,8,8,0,8
104,7,moe,702,36,2492,1357,764,344,0,27,1086,8,7,1,8
104,8,moe,757,37,10,0,0,0,0,10,661,8,8,0,8
104,9,moe,822,35,6094,3488,1892,633,0,81,758,8,6,2,8
104,10,moe,740,35,9,0,0,0,0,9,686,8,8,0,8
104,11,moe,687,32,2615,1331,880,285,0,119,633,8,7,1,8
104,12,moe,740,34,9,0,0,0,0,9,819,8,8,0,8
104,13,moe,824,33,3370,1264,782,1296,0,28,643,8,7,1,8
104,14,moe,792,35,9,0,0,0,0,9,637,8,8,0,8
104,15,moe,688,32,8,0,0,0,0,8,808,8,8,0,8
104,16,moe,751,35,3255,1924,777,526,0,28,1184,8,7,1,8
104,17,moe,812,37,10,0,0,0,0,10,636,8,8,0,8
104,18,moe,751,35,9,0,0,0,0,9,1517,8,8,0,8
104,19,moe,687,35,10,0,0,0,0,10,795,8,8,0,8
104,20,moe,926,53,5502,2795,1528,1129,0,50,638,8,6,2,8
104,21,moe,829,37,10,0,0,0,0,10,775,8,8,0,8
104,22,moe,854,70,4557,2396,1546,573,0,42,640,8,6,2,8
104,23,moe,755,57,4950,2733,1895,196,0,126,756,8,6,2,8
104,24,moe,811,34,2971,1409,904,620,0,38,751,8,7,1,8
104,25,moe,867,39,2475,1487,898,62,0,28,758,8,7,1,8
104,26,moe,675,36,6139,2573,1795,1732,0,39,818,8,6,2,8
104,-1,epi,0,0,0,0,0,0,0,0,6048,0,0,0,0
105,-2,pre,54,0,0,0,0,0,0,0,0,0,0,0,0
105,0,dense,1495,42,0,0,0,0,0,0,0,0,0,0,0
105,1,moe,836,37,1874,774,892,180,0,28,773,8,7,1,8
105,2,moe,772,38,2602,670,1767,130,0,35,769,8,6,2,8
105,3,moe,700,34,2622,679,1780,126,0,37,772,8,6,2,8
105,4,moe,760,39,10,0,0,0,0,10,1206,8,8,0,8
105,5,moe,824,38,1312,300,848,57,0,107,739,8,7,1,8
105,6,moe,746,35,9,0,0,0,0,9,768,8,8,0,8
105,7,moe,703,32,10,0,0,0,0,10,875,8,8,0,8
105,8,moe,764,34,9,0,0,0,0,9,654,8,8,0,8
105,9,moe,838,37,9,0,0,0,0,9,820,8,8,0,8
105,10,moe,768,35,9,0,0,0,0,9,661,8,8,0,8
105,11,moe,715,33,8,0,0,0,0,8,702,8,8,0,8
105,12,moe,771,35,10,0,0,0,0,10,800,8,8,0,8
105,13,moe,851,35,9,0,0,0,0,9,1144,8,8,0,8
105,14,moe,773,39,2391,1369,765,226,0,31,650,8,7,1,8
105,15,moe,731,37,8,0,0,0,0,8,772,8,8,0,8
105,16,moe,765,36,2647,1290,768,562,0,27,692,8,7,1,8
105,17,moe,851,38,9,0,0,0,0,9,2729,8,8,0,8
105,18,moe,769,35,10,0,0,0,0,10,781,8,8,0,8
105,19,moe,713,30,9,0,0,0,0,9,1142,8,8,0,8
105,20,moe,775,37,10,0,0,0,0,10,767,8,8,0,8
105,21,moe,1290,34,2808,1460,997,275,0,76,817,8,7,1,8
105,22,moe,842,29,1900,744,859,213,0,84,639,8,7,1,8
105,23,moe,694,29,3774,2630,996,60,0,88,775,8,7,1,8
105,24,moe,823,32,10,0,0,0,0,10,762,8,8,0,8
105,25,moe,832,33,9,0,0,0,0,9,841,8,8,0,8
105,26,moe,704,28,9,0,0,0,0,9,778,8,8,0,8
105,-1,epi,0,0,0,0,0,0,0,0,6299,0,0,0,0
106,-2,pre,52,0,0,0,0,0,0,0,0,0,0,0,0
106,0,dense,1540,32,0,0,0,0,0,0,0,0,0,0,0
106,1,moe,864,36,2540,1384,903,225,1,27,780,8,7,1,8
106,2,moe,772,35,6436,3137,2702,545,0,52,763,8,5,3,8
106,3,moe,689,41,1325,344,896,61,0,24,764,8,7,1,8
106,4,moe,747,33,9,0,0,0,0,9,1754,8,8,0,8
106,5,moe,857,56,2305,1294,844,50,0,117,649,8,7,1,8
106,6,moe,751,30,9,0,0,0,0,9,773,8,8,0,8
106,7,moe,699,28,5493,2392,1539,1525,0,37,723,8,6,2,8
106,8,moe,736,30,9,0,0,0,0,9,632,8,8,0,8
106,9,moe,820,29,8,0,0,0,0,8,766,8,8,0,8
106,10,moe,748,28,2585,1245,778,531,0,31,644,8,7,1,8
106,11,moe,693,33,8,0,0,0,0,8,653,8,8,0,8
106,12,moe,760,28,20,0,0,0,0,20,814,8,8,0,8
106,13,moe,835,31,8,0,0,0,0,8,665,8,8,0,8
106,14,moe,755,30,8,0,0,0,0,8,698,8,8,0,8
106,15,moe,710,28,8,0,0,0,0,8,833,8,8,0,8
106,16,moe,770,27,8,0,0,0,0,8,665,8,8,0,8
106,17,moe,837,28,2633,1281,776,548,0,28,664,8,7,1,8
106,18,moe,778,33,9,0,0,0,0,9,831,8,8,0,8
106,19,moe,714,30,9,0,0,0,0,9,659,8,8,0,8
106,20,moe,765,30,6027,2467,1532,1992,0,36,645,8,6,2,8
106,21,moe,821,32,10,0,0,0,0,10,1330,8,8,0,8
106,22,moe,830,31,9,0,0,0,0,9,696,8,8,0,8
106,23,moe,707,27,3917,1785,1907,127,0,98,763,8,6,2,8
106,24,moe,6179,31,2384,1400,893,67,0,24,789,8,7,1,8
106,25,moe,840,31,9,0,0,0,0,9,755,8,8,0,8
106,26,moe,696,30,2872,1342,904,599,0,27,781,8,7,1,8
106,-1,epi,0,0,0,0,0,0,0,0,6172,0,0,0,0
107,-2,pre,66,0,0,0,0,0,0,0,0,0,0,0,0
107,0,dense,1520,32,0,0,0,0,0,0,0,0,0,0,0
107,1,moe,839,29,1326,333,893,58,0,42,789,8,7,1,8
107,2,moe,761,34,2497,1510,895,65,0,27,794,8,7,1,8
107,3,moe,701,26,4420,2494,1772,115,0,39,756,8,6,2,8
107,4,moe,740,28,18,0,0,0,0,18,635,8,8,0,8
107,5,moe,818,29,9,0,0,0,0,9,860,8,8,0,8
107,6,moe,763,29,3260,1405,889,935,0,31,764,8,7,1,8
107,7,moe,694,28,10,0,0,0,0,10,650,8,8,0,8
107,8,moe,769,33,9,0,0,0,0,9,740,8,8,0,8
107,9,moe,844,32,9,0,0,0,0,9,1335,8,8,0,8
107,10,moe,778,35,9,0,0,0,0,9,667,8,8,0,8
107,11,moe,750,34,9,0,0,0,0,9,659,8,8,0,8
107,12,moe,783,38,3465,1925,888,625,0,27,812,8,7,1,8
107,13,moe,847,37,8,0,0,0,0,8,708,8,8,0,8
107,14,moe,760,31,8,0,0,0,0,8,657,8,8,0,8
107,15,moe,706,37,8,0,0,0,0,8,781,8,8,0,8
107,16,moe,762,34,8,0,0,0,0,8,661,8,8,0,8
107,17,moe,840,35,9,0,0,0,0,9,744,8,8,0,8
107,18,moe,764,34,2687,1457,896,302,0,32,812,8,7,1,8
107,19,moe,714,35,9,0,0,0,0,9,715,8,8,0,8
107,20,moe,772,52,10,0,0,0,0,10,653,8,8,0,8
107,21,moe,835,32,2407,1401,900,75,0,31,771,8,7,1,8
107,22,moe,829,35,9,0,0,0,0,9,653,8,8,0,8
107,23,moe,714,37,2453,1294,903,232,0,24,776,8,7,1,8
107,24,moe,837,35,9,0,0,0,0,9,818,8,8,0,8
107,25,moe,858,32,8,0,0,0,0,8,825,8,8,0,8
107,26,moe,717,31,8,0,0,0,0,8,831,8,8,0,8
107,-1,epi,0,0,0,0,0,0,0,0,6402,0,0,0,0
108,-2,pre,60,0,0,0,0,0,0,0,0,0,0,0,0
108,0,dense,1308,42,0,0,0,0,0,0,0,0,0,0,0
108,1,moe,767,40,9,0,0,0,0,9,677,8,8,0,8
108,2,moe,707,36,9,0,0,0,0,9,818,8,8,0,8
108,3,moe,745,35,9,0,0,0,0,9,817,8,8,0,8
108,4,moe,813,34,9,0,0,0,0,9,728,8,8,0,8
108,5,moe,872,38,10,0,0,0,0,10,731,8,8,0,8
108,6,moe,794,40,9,0,0,0,0,9,812,8,8,0,8
108,7,moe,762,34,9,0,0,0,0,9,728,8,8,0,8
108,8,moe,732,56,9,0,0,0,0,9,566,8,8,0,8
108,9,moe,751,52,8,0,0,0,0,8,674,8,8,0,8
108,10,moe,696,38,9,0,0,0,0,9,628,8,8,0,8
108,11,moe,640,81,10,0,0,0,0,10,721,8,8,0,8
108,12,moe,818,67,9,0,0,0,0,9,907,8,8,0,8
108,13,moe,877,38,8,0,0,0,0,8,718,8,8,0,8
108,14,moe,762,37,9,0,0,0,0,9,643,8,8,0,8
108,15,moe,715,36,6926,3581,1842,1461,0,42,800,8,6,2,8
108,16,moe,758,37,10,0,0,0,0,10,779,8,8,0,8
108,17,moe,819,35,9,0,0,0,0,9,653,8,8,0,8
108,18,moe,745,34,9,0,0,0,0,9,849,8,8,0,8
108,19,moe,736,33,9,0,0,0,0,9,650,8,8,0,8
108,20,moe,737,35,2728,1235,857,563,0,73,656,8,7,1,8
108,21,moe,847,35,2468,1293,1009,72,1,93,848,8,7,1,8
108,22,moe,826,47,10,0,0,0,0,10,702,8,8,0,8
108,23,moe,709,33,10,0,0,0,0,10,719,8,8,0,8
108,24,moe,799,35,10,0,0,0,0,10,744,8,8,0,8
108,25,moe,838,70,9,0,0,0,0,9,845,8,8,0,8
108,26,moe,769,43,3043,1931,1018,64,0,30,844,8,7,1,8
108,-1,epi,0,0,0,0,0,0,0,0,5374,0,0,0,0
109,-2,pre,57,0,0,0,0,0,0,0,0,0,0,0,0
109,0,dense,1283,43,0,0,0,0,0,0,0,0,0,0,0
109,1,moe,761,45,11,0,0,0,0,11,851,8,8,0,8
109,2,moe,751,40,11,0,0,0,0,11,725,8,8,0,8
109,3,moe,732,35,9,0,0,0,0,9,718,8,8,0,8
109,4,moe,705,35,9,0,0,0,0,9,697,8,8,0,8
109,5,moe,760,42,3537,1503,885,1047,0,102,769,8,7,1,8
109,6,moe,788,38,10,0,0,0,0,10,774,8,8,0,8
109,7,moe,715,35,2452,1083,781,559,0,29,1220,8,7,1,8
109,8,moe,769,36,7391,4272,1602,1468,0,49,626,8,6,2,8
109,9,moe,729,41,12,0,0,0,0,12,655,8,8,0,8
109,10,moe,676,38,5211,2369,1534,1267,0,41,644,8,6,2,8
109,11,moe,692,34,9,0,0,0,0,9,643,8,8,0,8
109,12,moe,756,35,2581,1458,995,67,0,61,937,8,7,1,8
109,13,moe,837,42,3822,1347,863,1538,0,74,2044,8,7,1,8
109,14,moe,786,36,5747,2940,2302,447,0,58,686,8,5,3,8
109,15,moe,688,32,12098,6105,3671,2197,0,125,763,8,4,4,8
109,16,moe,746,36,6880,2765,2382,1628,1,104,737,8,5,3,8
109,17,moe,842,61,5006,2361,1540,1062,0,43,635,8,6,2,8
109,18,moe,751,36,12642,6123,3694,2696,0,129,1378,8,4,4,8
109,19,moe,674,35,11118,5660,3921,1400,0,137,694,8,3,5,8
109,20,moe,738,40,7799,3940,3115,662,0,82,680,8,4,4,8
109,21,moe,837,45,13113,6883,4626,1438,0,166,879,8,3,5,8
109,22,moe,766,40,11132,4863,3185,2919,0,165,633,8,4,4,8
109,23,moe,676,35,13734,6528,4563,2488,0,155,804,8,3,5,8
109,24,moe,5326,81,5071,2555,1784,652,0,80,809,8,6,2,8
109,25,moe,809,38,2455,1288,901,236,0,30,741,8,7,1,8
109,26,moe,675,32,3428,1457,905,1037,0,29,784,8,7,1,8
109,-1,epi,0,0,0,0,0,0,0,0,6937,0,0,0,0
110,-2,pre,243,0,0,0,0,0,0,0,0,0,0,0,0
110,0,dense,1477,41,0,0,0,0,0,0,0,0,0,0,0
110,1,moe,838,44,11,0,0,0,0,11,815,8,8,0,8
110,2,moe,757,35,9,0,0,0,0,9,776,8,8,0,8
110,3,moe,710,36,2740,1482,893,334,0,31,771,8,7,1,8
110,4,moe,762,38,2582,1363,828,320,0,71,642,8,7,1,8
110,5,moe,822,38,11,0,0,0,0,11,697,8,8,0,8
110,6,moe,751,36,11,0,0,0,0,11,779,8,8,0,8
110,7,moe,703,33,8,0,0,0,0,8,656,8,8,0,8
110,8,moe,817,34,9,0,0,0,0,9,697,8,8,0,8
110,9,moe,844,42,4058,2927,998,69,0,64,808,8,7,1,8
110,10,moe,755,34,9,0,0,0,0,9,637,8,8,0,8
110,11,moe,689,32,8,0,0,0,0,8,688,8,8,0,8
110,12,moe,757,33,2669,1489,897,257,0,26,760,8,7,1,8
110,13,moe,825,38,25,0,0,0,0,25,729,8,8,0,8
110,14,moe,753,34,10,0,0,0,0,10,646,8,8,0,8
110,15,moe,694,37,9,0,0,0,0,9,771,8,8,0,8
110,16,moe,749,35,8,0,0,0,0,8,654,8,8,0,8
110,17,moe,833,34,8,0,0,0,0,8,692,8,8,0,8
110,18,moe,762,34,8,0,0,0,0,8,779,8,8,0,8
110,19,moe,710,32,9,0,0,0,0,9,658,8,8,0,8
110,20,moe,766,34,9,0,0,0,0,9,663,8,8,0,8
110,21,moe,856,35,4085,1481,899,1674,0,31,801,8,7,1,8
110,22,moe,894,60,1306,333,828,49,0,96,640,8,7,1,8
110,23,moe,700,38,10,0,0,0,0,10,821,8,8,0,8
110,24,moe,844,35,8,0,0,0,0,8,777,8,8,0,8
110,25,moe,841,35,9,0,0,0,0,9,809,8,8,0,8
110,26,moe,716,32,9,0,0,0,0,9,800,8,8,0,8
110,-1,epi,0,0,0,0,0,0,0,0,6411,0,0,0,0
111,-2,pre,234,0,0,0,0,0,0,0,0,0,0,0,0
111,0,dense,1542,42,0,0,0,0,0,0,0,0,0,0,0
111,1,moe,856,37,2824,1492,1023,243,0,66,832,8,7,1,8
111,2,moe,764,33,10,0,0,0,0,10,878,8,8,0,8
111,3,moe,726,35,4152,2220,1776,117,0,39,818,8,6,2,8
111,4,moe,764,37,10,0,0,0,0,10,659,8,8,0,8
111,5,moe,828,33,8,0,0,0,0,8,743,8,8,0,8
111,6,moe,769,32,9,0,0,0,0,9,874,8,8,0,8
111,7,moe,708,31,8,0,0,0,0,8,712,8,8,0,8
111,8,moe,779,35,2533,1360,846,212,0,115,697,8,7,1,8
111,9,moe,883,49,3417,1621,1008,709,1,78,769,8,7,1,8
111,10,moe,751,42,9,0,0,0,0,9,743,8,8,0,8
111,11,moe,699,29,10,0,0,0,0,10,654,8,8,0,8
111,12,moe,760,30,2747,1416,900,402,0,29,793,8,7,1,8
111,13,moe,835,32,2635,1337,846,384,0,68,759,8,7,1,8
111,14,moe,783,54,10,0,0,0,1,9,734,8,8,0,8
111,15,moe,720,27,2922,679,1875,279,0,89,865,8,6,2,8
111,16,moe,760,31,2472,1351,838,226,0,57,639,8,7,1,8
111,17,moe,822,31,10538,5264,3068,2138,0,68,642,8,4,4,8
111,18,moe,747,32,2752,1398,1020,242,0,92,752,8,7,1,8
111,19,moe,682,31,10821,5191,3129,2354,0,147,690,8,4,4,8
111,20,moe,743,33,11,0,0,0,0,11,672,8,8,0,8
111,21,moe,813,33,2640,1446,1030,74,0,90,794,8,7,1,8
111,22,moe,814,29,2285,1307,846,50,0,82,629,8,7,1,8
111,23,moe,678,30,1496,348,1024,66,0,58,752,8,7,1,8
111,24,moe,815,31,4686,2736,1783,122,0,45,751,8,6,2,8
111,25,moe,816,37,9279,5780,2675,768,0,56,747,8,5,3,8
111,26,moe,684,34,11,0,0,0,0,11,781,8,8,0,8
111,-1,epi,0,0,0,0,0,0,0,0,7010,0,0,0,0
112,-2,pre,57,0,0,0,0,0,0,0,0,0,0,0,0
112,0,dense,1495,37,0,0,0,0,0,0,0,0,0,0,0
112,1,moe,838,33,11600,6762,4453,304,0,81,877,8,3,5,8
112,2,moe,740,32,15265,9279,5363,530,1,92,763,8,2,6,8
112,3,moe,677,30,9697,5148,3560,915,0,74,745,8,4,4,8
112,4,moe,743,31,9261,4954,3160,1014,0,133,632,8,4,4,8
112,5,moe,807,33,7296,3524,2311,1408,0,53,646,8,5,3,8
112,6,moe,739,35,11162,5030,3687,2303,0,142,838,8,4,4,8
112,7,moe,683,31,2427,1159,827,359,0,82,664,8,7,1,8
112,8,moe,737,32,16528,6916,4594,4921,0,97,626,8,2,6,8
112,9,moe,807,34,15231,6253,4589,4244,0,145,750,8,3,5,8
112,10,moe,733,34,2870,1373,858,518,0,121,615,8,7,1,8
112,11,moe,655,29,5281,3599,1538,106,0,38,671,8,6,2,8
112,12,moe,726,31,8179,3810,2789,1470,0,110,2176,8,5,3,8
112,13,moe,826,34,7472,4217,2377,737,1,140,643,8,5,3,8
112,14,moe,757,31,8239,4678,3066,429,0,66,621,8,4,4,8
112,15,moe,662,28,14107,7925,5426,586,0,170,742,8,2,6,8
112,16,moe,732,34,10258,5862,3896,350,0,150,627,8,3,5,8
112,17,moe,804,33,10678,5824,3825,944,0,85,1142,8,3,5,8
112,18,moe,728,32,15056,6241,4585,4084,0,146,863,8,3,5,8
112,19,moe,664,33,11322,5691,3932,1547,0,152,667,8,3,5,8
112,20,moe,728,32,13389,7690,3062,2571,0,66,707,8,4,4,8
112,21,moe,840,57,6115,3429,1906,660,0,120,849,8,6,2,8
112,22,moe,795,32,10583,6075,3934,409,0,165,634,8,3,5,8
112,23,moe,663,29,9941,5263,3682,869,0,127,734,8,4,4,8
112,24,moe,795,32,12208,6275,4449,1388,0,96,733,8,3,5,8
112,25,moe,810,34,7906,3963,2694,1184,0,65,744,8,5,3,8
112,26,moe,673,30,11370,6551,4448,298,0,73,731,8,3,5,8
112,-1,epi,0,0,0,0,0,0,0,0,6328,0,0,0,0
113,-2,pre,216,0,0,0,0,0,0,0,0,0,0,0,0
113,0,dense,1440,33,0,0,0,0,0,0,0,0,0,0,0
113,1,moe,825,34,6861,3969,2663,171,0,58,852,8,5,3,8
113,2,moe,755,29,2438,1454,900,58,0,26,787,8,7,1,8
113,3,moe,674,31,6890,3972,2679,179,0,60,737,8,5,3,8
113,4,moe,728,32,8774,4573,3114,953,0,134,658,8,4,4,8
113,5,moe,811,483,5172,4303,784,57,0,28,727,8,7,1,8
113,6,moe,730,40,11355,5206,3693,2312,0,144,793,8,4,4,8
113,7,moe,669,38,4954,2365,1614,870,0,105,1188,8,6,2,8
113,8,moe,727,36,5228,2522,1545,1116,0,45,671,8,6,2,8
113,9,moe,795,36,5696,2759,1892,937,0,108,832,8,6,2,8
113,10,moe,720,35,6998,4373,1609,909,0,107,610,8,6,2,8
113,11,moe,663,32,7605,3510,2314,1734,0,47,616,8,5,3,8
113,12,moe,728,35,3622,1441,1012,1079,0,90,765,8,7,1,8
113,13,moe,800,35,2248,1252,853,52,0,91,676,8,7,1,8
113,14,moe,725,36,6614,3430,2313,816,0,55,613,8,5,3,8
113,15,moe,666,33,5219,2717,1889,505,0,108,787,8,6,2,8
113,16,moe,751,35,2271,1278,850,52,0,91,610,8,7,1,8
113,17,moe,794,33,2629,1298,778,522,1,30,710,8,7,1,8
113,18,moe,727,35,8353,3855,2768,1609,0,121,759,8,5,3,8
113,19,moe,673,33,6147,3457,2359,222,0,109,608,8,5,3,8
113,20,moe,728,35,2142,1293,773,49,0,27,753,8,7,1,8
113,21,moe,792,35,4695,2584,1898,115,0,98,732,8,6,2,8
113,22,moe,794,35,2335,1306,872,50,0,107,612,8,7,1,8
113,23,moe,674,33,4727,2621,1894,126,0,86,799,8,6,2,8
113,24,moe,799,36,4502,2547,1783,120,0,52,823,8,6,2,8
113,25,moe,892,36,10,0,0,0,0,10,740,8,8,0,8
113,26,moe,682,36,7526,3865,2671,937,0,53,818,8,5,3,8
113,-1,epi,0,0,0,0,0,0,0,0,5815,0,0,0,0
114,-2,pre,218,0,0,0,0,0,0,0,0,0,0,0,0
114,0,dense,1459,38,0,0,0,0,0,0,0,0,0,0,0
114,1,moe,827,39,10563,4452,5341,676,0,94,740,8,2,6,8
114,2,moe,727,34,13633,7480,5326,734,0,93,751,8,2,6,8
114,3,moe,667,35,8291,4222,3586,414,0,69,744,8,4,4,8
114,4,moe,747,35,4243,2425,1604,127,0,87,668,8,6,2,8
114,5,moe,797,34,4181,2476,1543,107,0,55,667,8,6,2,8
114,6,moe,766,58,8238,4083,2792,1188,0,175,737,8,5,3,8
114,7,moe,671,33,2839,1283,852,624,0,80,615,8,7,1,8
114,8,moe,722,35,11863,5779,3833,2170,0,81,622,8,3,5,8
114,9,moe,798,38,3187,1483,1014,585,0,105,1300,8,7,1,8
114,10,moe,735,40,7277,3530,2387,1215,0,145,668,8,5,3,8
114,11,moe,661,35,2161,1296,778,61,0,26,609,8,7,1,8
114,12,moe,722,33,11510,5076,3664,2643,1,126,738,8,4,4,8
114,13,moe,799,35,3250,1310,854,996,0,90,617,8,7,1,8
114,14,moe,724,34,10015,4695,3068,2182,0,70,616,8,4,4,8
114,15,moe,658,35,4940,2610,1914,318,0,98,786,8,6,2,8
114,16,moe,731,36,11110,5574,3906,1449,0,181,620,8,3,5,8
114,17,moe,798,36,8509,5073,3096,271,0,69,628,8,4,4,8
114,18,moe,720,33,13909,7295,5426,1037,0,151,730,8,2,6,8
114,19,moe,659,35,14179,7853,5441,706,0,179,663,8,1,7,8
114,20,moe,723,36,11245,6192,4625,320,0,108,614,8,2,6,8
114,21,moe,794,36,13635,7377,5472,622,0,164,731,8,2,6,8
114,22,moe,791,37,10392,5897,3905,423,0,167,611,8,3,5,8
114,23,moe,652,33,19317,10469,7247,1402,0,199,735,8,0,8,8
114,24,moe,791,36,11263,5652,3557,1989,0,65,732,8,4,4,8
114,25,moe,787,36,8656,4126,3544,923,0,63,729,8,4,4,8
114,26,moe,657,34,5170,2625,1791,700,0,54,722,8,6,2,8
114,-1,epi,0,0,0,0,0,0,0,0,5741,0,0,0,0
115,-2,pre,208,0,0,0,0,0,0,0,0,0,0,0,0
115,0,dense,1472,117,0,0,0,0,0,0,0,0,0,0,0
115,1,moe,808,36,12822,6548,5348,823,0,103,791,8,2,6,8
115,2,moe,720,32,13781,7333,5365,985,0,98,728,8,2,6,8
115,3,moe,659,35,8498,4189,3571,681,0,57,728,8,4,4,8
115,4,moe,719,33,8227,4728,3154,198,0,147,608,8,4,4,8
115,5,moe,790,38,6098,3407,2308,335,0,48,651,8,5,3,8
115,6,moe,750,36,19,0,0,0,0,19,868,8,8,0,8
115,7,moe,653,34,9755,4798,3068,1819,0,70,618,8,4,4,8
115,8,moe,725,38,10795,5847,3842,1021,0,85,608,8,3,5,8
115,9,moe,805,37,5567,2585,1905,963,0,114,1456,8,6,2,8
115,10,moe,723,38,4586,2376,1615,494,0,101,627,8,6,2,8
115,11,moe,676,34,8814,4461,3090,1198,0,65,666,8,4,4,8
115,12,moe,726,37,5538,2558,1876,993,0,111,777,8,6,2,8
115,13,moe,797,38,7878,3481,2404,1813,0,180,779,8,5,3,8
115,14,moe,747,44,7321,3699,3102,433,0,87,623,8,4,4,8
115,15,moe,668,36,6895,3797,2782,177,0,139,733,8,5,3,8
115,16,moe,728,39,10417,5734,3929,592,0,162,673,8,3,5,8
115,17,moe,797,38,8168,4607,3076,417,0,68,620,8,4,4,8
115,18,moe,724,36,7373,3940,2795,517,0,121,726,8,5,3,8
115,19,moe,664,33,12165,6757,4653,606,0,149,609,8,2,6,8
115,20,moe,724,35,6401,3465,2288,593,0,55,711,8,5,3,8
115,21,moe,832,47,9223,3807,2784,2518,0,114,727,8,5,3,8
115,22,moe,793,36,7117,4068,2361,541,0,147,652,8,5,3,8
115,23,moe,654,32,7294,3974,2764,444,0,112,789,8,5,3,8
115,24,moe,795,38,6986,3863,2674,396,0,53,939,8,5,3,8
115,25,moe,6668,38,4506,2548,1792,118,0,48,908,8,6,2,8
115,26,moe,811,39,8762,4876,3567,256,0,63,789,8,4,4,8
115,-1,epi,0,0,0,0,0,0,0,0,5732,0,0,0,0
116,-2,pre,189,0,0,0,0,0,0,0,0,0,0,0,0
116,0,dense,1437,42,0,0,0,0,0,0,0,0,0,0,0
116,1,moe,808,37,12233,7252,4461,436,0,84,796,8,3,5,8
116,2,moe,727,218,7879,5560,1793,470,0,56,779,8,6,2,8
116,3,moe,661,36,4691,1765,901,1998,0,27,783,8,7,1,8
116,4,moe,725,35,9986,5668,3907,252,0,159,607,8,3,5,8
116,5,moe,788,35,10632,5397,3841,1310,0,84,657,8,3,5,8
116,6,moe,782,69,35,0,0,0,0,35,768,8,8,0,8
116,7,moe,661,33,7032,3540,2310,1112,0,70,615,8,5,3,8
116,8,moe,726,42,4065,2375,1540,106,0,44,663,8,6,2,8
116,9,moe,852,70,2738,1575,1001,68,1,93,729,8,7,1,8
116,10,moe,723,34,7741,3616,2395,1602,0,128,660,8,5,3,8
116,11,moe,659,35,3972,2279,1546,107,0,40,663,8,6,2,8
116,12,moe,723,40,5263,3143,1869,150,0,101,725,8,6,2,8
116,13,moe,794,37,12132,5902,3891,2187,0,152,627,8,3,5,8
116,14,moe,718,39,7262,3768,3048,384,0,62,607,8,4,4,8
116,15,moe,651,33,9862,5382,3672,662,3,143,829,8,4,4,8
116,16,moe,722,39,7487,3834,3142,363,0,148,720,8,4,4,8
116,17,moe,813,39,4869,2151,2309,345,0,64,663,8,5,3,8
116,18,moe,729,34,9510,5073,3658,649,0,130,724,8,4,4,8
116,19,moe,663,37,13408,8759,3935,526,0,188,666,8,3,5,8
116,20,moe,730,35,8886,4685,3086,1049,0,66,666,8,4,4,8
116,21,moe,797,38,4880,2746,1899,120,0,115,972,8,6,2,8
116,22,moe,1351,39,4487,2300,1622,457,0,108,717,8,6,2,8
116,23,moe,710,36,4848,2558,1891,287,0,112,782,8,6,2,8
116,24,moe,792,37,2904,1378,899,594,0,33,778,8,7,1,8
116,25,moe,791,35,4817,2631,1790,352,0,44,778,8,6,2,8
116,26,moe,755,33,10,0,0,0,0,10,731,8,8,0,8
116,-1,epi,0,0,0,0,0,0,0,0,5792,0,0,0,0
117,-2,pre,91,0,0,0,0,0,0,0,0,0,0,0,0
117,0,dense,1468,42,0,0,0,0,0,0,0,0,0,0,0
117,1,moe,865,36,2445,1461,891,64,0,29,740,8,7,1,8
117,2,moe,737,34,6878,3972,2663,187,0,56,728,8,5,3,8
117,3,moe,673,33,4593,2624,1808,121,0,40,733,8,6,2,8
117,4,moe,729,45,2332,1305,872,52,0,103,616,8,7,1,8
117,5,moe,793,36,6226,2773,2300,1100,0,53,678,8,5,3,8
117,6,moe,734,31,6317,2875,1904,1442,0,96,743,8,6,2,8
117,7,moe,661,30,11,0,0,0,0,11,622,8,8,0,8
117,8,moe,712,29,4643,2654,1610,270,0,109,610,8,6,2,8
117,9,moe,793,32,5360,2707,1890,656,0,107,766,8,6,2,8
117,10,moe,743,32,2799,1256,846,595,0,102,619,8,7,1,8
117,11,moe,670,28,9,0,0,0,0,9,614,8,8,0,8
117,12,moe,744,30,2683,1337,989,271,0,86,733,8,7,1,8
117,13,moe,807,35,4181,2337,1633,111,0,100,620,8,6,2,8
117,14,moe,732,31,6623,4120,2306,150,0,47,614,8,5,3,8
117,15,moe,660,30,2961,1398,1026,479,0,58,792,8,7,1,8
117,16,moe,745,32,4506,2429,1640,333,0,104,678,8,6,2,8
117,17,moe,847,32,10,0,0,0,0,10,610,8,8,0,8
117,18,moe,726,30,2732,1389,1018,236,0,89,732,8,7,1,8
117,19,moe,659,30,2314,1211,833,200,0,70,612,8,7,1,8
117,20,moe,729,30,5282,2462,1537,1243,0,40,623,8,6,2,8
117,21,moe,792,34,10,0,0,0,0,10,837,8,8,0,8
117,22,moe,798,30,9,0,0,0,0,9,677,8,8,0,8
117,23,moe,839,31,2698,1384,993,232,0,89,736,8,7,1,8
117,24,moe,812,30,2416,1442,888,62,0,24,803,8,7,1,8
117,25,moe,810,30,2659,1419,900,315,0,25,790,8,7,1,8
117,26,moe,8661,31,10,0,0,0,0,10,826,8,8,0,8
117,-1,epi,0,0,0,0,0,0,0,0,5861,0,0,0,0
118,-2,pre,50,0,0,0,0,0,0,0,0,0,0,0,0
118,0,dense,5444,35,0,0,0,0,0,0,0,0,0,0,0
118,1,moe,7319,33,2556,1349,900,284,0,23,843,8,7,1,8
118,2,moe,729,31,7545,4136,2677,672,0,60,781,8,5,3,8
118,3,moe,665,31,4130,1793,1786,513,0,38,732,8,6,2,8
118,4,moe,724,32,5244,2452,1621,1055,0,116,675,8,6,2,8
118,5,moe,821,34,6699,3638,2310,682,0,69,654,8,5,3,8
118,6,moe,730,32,2495,1320,1016,64,0,95,725,8,7,1,8
118,7,moe,662,29,4530,2346,1615,471,0,98,659,8,6,2,8
118,8,moe,759,31,2257,1376,778,61,0,42,613,8,7,1,8
118,9,moe,798,32,12587,8819,1875,1792,0,101,722,8,6,2,8
118,10,moe,728,35,7046,4215,1588,1130,0,113,608,8,6,2,8
118,11,moe,653,28,6600,3617,2286,653,0,44,613,8,5,3,8
118,12,moe,731,36,5675,3203,1915,421,0,136,851,8,6,2,8
118,13,moe,792,34,4177,2316,1639,119,0,103,757,8,6,2,8
118,14,moe,797,56,4016,2332,1538,101,0,45,604,8,6,2,8
118,15,moe,654,28,9520,5215,3698,470,0,137,740,8,4,4,8
118,16,moe,728,31,4845,2807,1613,312,0,113,618,8,6,2,8
118,17,moe,798,31,13560,7741,4610,1113,0,96,608,8,2,6,8
118,18,moe,719,31,9150,5064,3692,261,0,133,727,8,4,4,8
118,19,moe,648,28,2215,1216,862,55,0,82,656,8,7,1,8
118,20,moe,747,32,2114,1248,783,53,0,30,659,8,7,1,8
118,21,moe,787,30,2696,1346,1004,256,0,90,785,8,7,1,8
118,22,moe,791,30,2542,1378,839,245,0,80,656,8,7,1,8
118,23,moe,689,29,6337,2823,2788,626,0,100,784,8,5,3,8
118,24,moe,795,35,4598,2471,1792,297,0,38,786,8,6,2,8
118,25,moe,794,31,4284,1505,902,1839,0,38,748,8,7,1,8
118,26,moe,666,28,8891,5032,3556,235,0,68,777,8,4,4,8
118,-1,epi,0,0,0,0,0,0,0,0,5841,0,0,0,0
119,-2,pre,1137,0,0,0,0,0,0,0,0,0,0,0,0
119,0,dense,1442,40,0,0,0,0,0,0,0,0,0,0,0
119,1,moe,826,39,5544,2996,1785,722,0,41,913,8,6,2,8
119,2,moe,734,35,4838,2526,1805,463,0,44,845,8,6,2,8
119,3,moe,668,33,11,0,0,0,0,11,825,8,8,0,8
119,4,moe,726,39,7472,3851,2376,1113,0,132,670,8,5,3,8
119,5,moe,800,35,11924,6377,4648,814,0,85,608,8,2,6,8
119,6,moe,720,36,5232,2618,2068,444,0,102,787,8,6,2,8
119,7,moe,662,35,6314,3635,2397,158,0,124,676,8,5,3,8
119,8,moe,729,35,2180,1311,777,55,0,37,665,8,7,1,8
119,9,moe,796,36,7983,5572,1933,371,0,107,740,8,6,2,8
119,10,moe,727,34,2815,1321,855,553,0,86,656,8,7,1,8
119,11,moe,664,33,8747,5373,3086,208,0,80,620,8,4,4,8
119,12,moe,722,34,7667,4469,2862,209,0,127,834,8,5,3,8
119,13,moe,802,35,4512,2527,1622,254,0,109,812,8,6,2,8
119,14,moe,723,38,4747,2802,1538,361,0,46,616,8,6,2,8
119,15,moe,657,32,2779,1584,1021,57,0,117,815,8,7,1,8
119,16,moe,824,71,6950,3791,2385,610,0,164,627,8,5,3,8
119,17,moe,796,35,9534,4952,3094,1425,0,63,613,8,4,4,8
119,18,moe,732,39,9818,4304,2804,2587,0,123,788,8,5,3,8
119,19,moe,660,34,1296,299,859,58,0,80,717,8,7,1,8
119,20,moe,725,33,8570,4556,3072,865,0,77,609,8,4,4,8
119,21,moe,795,37,6253,3235,1912,998,0,108,846,8,6,2,8
119,22,moe,789,34,6665,4349,1627,566,0,123,1346,8,6,2,8
119,23,moe,653,32,2715,1388,1009,239,0,79,720,8,7,1,8
119,24,moe,795,35,15792,7410,5353,2941,0,88,901,8,2,6,8
119,25,moe,834,35,7146,3843,2673,567,0,63,870,8,5,3,8
119,26,moe,701,34,4669,2553,1789,292,0,35,874,8,6,2,8
119,-1,epi,0,0,0,0,0,0,0,0,5748,0,0,0,0
120,-2,pre,51,0,0,0,0,0,0,0,0,0,0,0,0
120,0,dense,1454,44,0,0,0,0,0,0,0,0,0,0,0
120,1,moe,959,36,2462,1480,891,60,0,31,933,8,7,1,8
120,2,moe,769,36,9,0,0,0,0,9,887,8,8,0,8
120,3,moe,667,34,4667,2720,1779,122,0,46,1259,8,6,2,8
120,4,moe,728,37,2447,1264,843,235,0,105,615,8,7,1,8
120,5,moe,797,36,10,0,0,0,0,10,759,8,8,0,8
120,6,moe,773,63,2610,1432,1029,58,0,91,734,8,7,1,8
120,7,moe,667,34,2435,1256,854,247,0,78,652,8,7,1,8
120,8,moe,729,34,5039,2365,1545,1069,0,60,657,8,6,2,8
120,9,moe,801,37,11,0,0,0,0,11,781,8,8,0,8
120,10,moe,728,35,2649,1291,775,555,0,28,619,8,7,1,8
120,11,moe,666,33,9,0,0,0,0,9,701,8,8,0,8
120,12,moe,729,39,3158,1520,1007,536,0,95,752,8,7,1,8
120,13,moe,799,36,18,0,0,0,0,18,635,8,8,0,8
120,14,moe,735,35,2229,1221,862,56,0,90,685,8,7,1,8
120,15,moe,670,32,5193,2681,1914,503,0,95,791,8,6,2,8
120,16,moe,731,34,9,0,0,0,0,9,870,8,8,0,8
120,17,moe,800,37,9,0,0,0,0,9,1176,8,8,0,8
120,18,moe,734,36,2480,1486,900,67,0,27,794,8,7,1,8
120,19,moe,668,34,2036,1027,852,59,0,98,708,8,7,1,8
120,20,moe,734,36,2175,1315,785,50,0,25,674,8,7,1,8
120,21,moe,810,37,9661,6223,2796,520,0,122,916,8,5,3,8
120,22,moe,806,36,2289,1322,832,50,0,85,717,8,7,1,8
120,23,moe,675,37,6137,4706,1021,313,0,97,1306,8,7,1,8
120,24,moe,791,35,10,0,0,0,0,10,831,8,8,0,8
120,25,moe,805,38,4775,2599,1779,356,0,41,1264,8,6,2,8
120,26,moe,662,34,9,0,0,0,0,9,938,8,8,0,8
120,-1,epi,0,0,0,0,0,0,0,0,5851,0,0,0,0
121,-2,pre,42,0,0,0,0,0,0,0,0,0,0,0,0
121,0,dense,1480,39,0,0,0,0,0,0,0,0,0,0,0
121,1,moe,816,40,9,0,0,0,0,9,1265,8,8,0,8
121,2,moe,784,39,10,0,0,0,0,10,802,8,8,0,8
121,3,moe,806,33,4738,3360,893,459,0,26,1181,8,7,1,8
121,4,moe,783,39,10,0,0,0,0,10,629,8,8,0,8
121,5,moe,813,37,2658,1483,818,235,0,122,619,8,7,1,8
121,6,moe,735,34,2516,1378,980,76,0,82,2336,8,7,1,8
121,7,moe,729,62,12,0,0,0,0,12,689,8,8,0,8
121,8,moe,747,35,61,0,0,0,0,61,1207,8,8,0,8
121,9,moe,805,35,2916,1417,889,579,0,31,780,8,7,1,8
121,10,moe,748,35,10,0,0,0,0,10,626,8,8,0,8
121,11,moe,676,33,8,0,0,0,0,8,1357,8,8,0,8
121,12,moe,770,109,2694,1696,890,61,0,47,1268,8,7,1,8
121,13,moe,812,39,2284,1291,839,51,0,103,691,8,7,1,8
121,14,moe,737,33,6557,4028,2320,154,0,55,717,8,5,3,8
121,15,moe,664,32,6374,2840,1888,1541,0,105,792,8,6,2,8
121,16,moe,734,36,5073,2696,1628,620,1,128,717,8,6,2,8
121,17,moe,801,38,3925,1918,1553,411,0,43,672,8,6,2,8
121,18,moe,731,34,5208,2534,1884,686,0,104,875,8,6,2,8
121,19,moe,664,36,9,0,0,0,0,9,632,8,8,0,8
121,20,moe,758,61,3790,1482,843,1349,0,116,619,8,7,1,8
121,21,moe,799,36,2670,1344,1007,234,0,85,784,8,7,1,8
121,22,moe,799,33,9,0,0,0,0,9,715,8,8,0,8
121,23,moe,671,33,4225,3242,900,57,0,26,842,8,7,1,8
121,24,moe,806,35,2621,1421,905,268,0,27,897,8,7,1,8
121,25,moe,836,36,3715,1663,900,1125,0,27,840,8,7,1,8
121,26,moe,711,55,10,0,0,0,0,10,2990,8,8,0,8
121,-1,epi,0,0,0,0,0,0,0,0,5955,0,0,0,0
122,-2,pre,75,0,0,0,0,0,0,0,0,0,0,0,0
122,0,dense,1488,40,0,0,0,0,0,0,0,0,0,0,0
122,1,moe,1747,45,10,0,0,0,0,10,850,8,8,0,8
122,2,moe,6516,35,2577,1412,906,232,0,27,746,8,7,1,8
122,3,moe,989,36,9,0,0,0,0,9,737,8,8,0,8
122,4,moe,759,34,9,0,0,0,0,9,628,8,8,0,8
122,5,moe,868,34,9,0,0,0,0,9,625,8,8,0,8
122,6,moe,793,33,8,0,0,0,0,8,750,8,8,0,8
122,7,moe,807,34,9,0,0,0,0,9,649,8,8,0,8
122,8,moe,801,34,2271,1248,864,52,0,107,695,8,7,1,8
122,9,moe,910,36,9,0,0,0,0,9,816,8,8,0,8
122,10,moe,810,33,9,0,0,0,0,9,637,8,8,0,8
122,11,moe,830,32,8,0,0,0,0,8,646,8,8,0,8
122,12,moe,755,33,7,0,0,0,0,7,808,8,8,0,8
122,13,moe,826,32,4442,2559,1537,300,0,46,752,8,6,2,8
122,14,moe,782,69,3930,2234,1548,105,0,43,778,8,6,2,8
122,15,moe,676,33,8805,4096,3687,887,0,135,747,8,4,4,8
122,16,moe,731,33,8843,5374,3141,211,0,117,706,8,4,4,8
122,17,moe,841,62,1206,337,768,56,0,45,666,8,7,1,8
122,18,moe,1293,236,4865,2746,1891,125,0,103,741,8,6,2,8
122,19,moe,667,35,2671,1403,848,323,0,97,615,8,7,1,8
122,20,moe,724,35,4434,2361,1543,489,0,41,621,8,6,2,8
122,21,moe,793,34,7345,3780,2776,671,0,118,743,8,5,3,8
122,22,moe,797,35,11023,6862,3143,871,0,147,615,8,4,4,8
122,23,moe,668,34,2509,1359,1003,71,0,76,838,8,7,1,8
122,24,moe,797,34,7220,4033,2685,452,0,50,837,8,5,3,8
122,25,moe,793,35,6253,3002,1804,1407,0,40,844,8,6,2,8
122,26,moe,667,36,3041,1449,905,660,0,27,854,8,7,1,8
122,-1,epi,0,0,0,0,0,0,0,0,5893,0,0,0,0
123,-2,pre,42,0,0,0,0,0,0,0,0,0,0,0,0
123,0,dense,1461,34,0,0,0,0,0,0,0,0,0,0,0
123,1,moe,820,31,2517,1520,895,71,0,31,809,8,7,1,8
123,2,moe,3708,31,10,0,0,0,0,10,772,8,8,0,8
123,3,moe,10530,31,6176,2811,1792,1508,0,65,799,8,6,2,8
123,4,moe,5720,35,2495,1277,857,226,0,135,678,8,7,1,8
123,5,moe,8686,66,11,0,0,0,0,11,667,8,8,0,8
123,6,moe,4989,33,11,0,0,0,0,11,786,8,8,0,8
123,7,moe,12680,30,10,0,0,0,0,10,1101,8,8,0,8
123,8,moe,8677,35,10,0,0,0,0,10,1087,8,8,0,8
123,9,moe,4168,36,10,0,0,0,0,10,732,8,8,0,8
123,10,moe,7617,32,10,0,0,0,0,10,657,8,8,0,8
123,11,moe,13178,31,10,0,0,0,0,10,604,8,8,0,8
123,12,moe,723,30,9,0,0,0,0,9,1326,8,8,0,8
123,13,moe,796,30,2309,1269,778,232,0,30,626,8,7,1,8
123,14,moe,733,27,2144,1272,781,65,0,26,679,8,7,1,8
123,15,moe,677,28,2878,1514,1019,257,0,88,732,8,7,1,8
123,16,moe,729,30,9,0,0,0,0,9,620,8,8,0,8
123,17,moe,801,30,5104,2901,1635,454,0,114,1985,8,6,2,8
123,18,moe,727,33,7355,3793,2778,660,0,124,798,8,5,3,8
123,19,moe,672,29,4999,2415,1608,839,0,137,653,8,6,2,8
123,20,moe,724,30,2549,1185,774,566,0,24,665,8,7,1,8
123,21,moe,805,31,8998,6867,1892,121,0,118,794,8,6,2,8
123,22,moe,790,29,6580,3437,1619,1404,0,120,617,8,6,2,8
123,23,moe,662,30,2690,1369,1028,239,0,54,724,8,7,1,8
123,24,moe,823,83,5701,2594,1797,1270,1,39,733,8,6,2,8
123,25,moe,799,32,5527,3209,1786,488,0,44,743,8,6,2,8
123,26,moe,669,28,5129,2571,1798,718,0,42,800,8,6,2,8
123,-1,epi,0,0,0,0,0,0,0,0,5773,0,0,0,0
124,-2,pre,200,0,0,0,0,0,0,0,0,0,0,0,0
124,0,dense,1465,33,0,0,0,0,0,0,0,0,0,0,0
124,1,moe,817,32,2742,1531,887,296,0,28,786,8,7,1,8
124,2,moe,798,54,3109,1485,893,699,0,32,797,8,7,1,8
124,3,moe,675,29,7628,4294,2672,609,0,53,1284,8,5,3,8
124,4,moe,756,53,5310,2564,1611,1012,0,123,672,8,6,2,8
124,5,moe,900,62,34,0,0,0,0,34,761,8,8,0,8
124,6,moe,730,29,9,0,0,0,0,9,776,8,8,0,8
124,7,moe,676,27,8,0,0,0,0,8,622,8,8,0,8
124,8,moe,730,29,9,0,0,0,0,9,696,8,8,0,8
124,9,moe,810,28,18,0,0,0,0,18,760,8,8,0,8
124,10,moe,749,35,2749,1400,764,558,0,27,629,8,7,1,8
124,11,moe,687,30,8,0,0,0,0,8,631,8,8,0,8
124,12,moe,826,28,5723,3604,1891,124,0,104,735,8,6,2,8
124,13,moe,867,28,4188,2346,1609,121,0,112,628,8,6,2,8
124,14,moe,788,30,2419,1561,777,53,0,28,691,8,7,1,8
124,15,moe,717,28,4881,2605,1915,287,0,74,787,8,6,2,8
124,16,moe,727,34,2773,1323,844,516,0,90,795,8,7,1,8
124,17,moe,801,33,9161,5108,3077,918,0,58,673,8,4,4,8
124,18,moe,726,32,2804,1430,999,276,0,99,883,8,7,1,8
124,19,moe,660,28,4058,2274,1590,101,0,93,642,8,6,2,8
124,20,moe,749,30,7785,3722,3086,910,0,67,689,8,4,4,8
124,21,moe,901,43,11168,6780,3726,501,0,161,977,8,4,4,8
124,22,moe,801,35,7139,3173,2406,1395,0,165,797,8,5,3,8
124,23,moe,701,35,4125,1735,1933,335,0,122,983,8,6,2,8
124,24,moe,909,35,10,0,0,0,0,10,718,8,8,0,8
124,25,moe,803,38,6848,2142,3256,1378,1,71,1422,8,5,3,8
124,26,moe,793,37,7684,4122,2703,792,0,67,795,8,5,3,8
124,-1,epi,0,0,0,0,0,0,0,0,5925,0,0,0,0
125,-2,pre,93,0,0,0,0,0,0,0,0,0,0,0,0
125,0,dense,1468,40,0,0,0,0,0,0,0,0,0,0,0
125,1,moe,824,37,9512,5142,3584,710,0,76,748,8,4,4,8
125,2,moe,742,38,9841,5030,2678,2063,0,70,746,8,5,3,8
125,3,moe,673,36,4727,2600,1794,286,0,47,743,8,6,2,8
125,4,moe,732,34,10742,7791,2366,447,0,138,617,8,5,3,8
125,5,moe,791,36,4175,2218,1545,368,0,44,690,8,6,2,8
125,6,moe,735,40,5165,2663,1897,527,0,78,1293,8,6,2,8
125,7,moe,731,85,5366,3550,1626,104,1,85,625,8,6,2,8
125,8,moe,731,35,2433,1277,781,346,0,29,614,8,7,1,8
125,9,moe,795,34,10,0,0,0,0,10,772,8,8,0,8
125,10,moe,771,47,3606,1853,774,929,0,50,1105,8,7,1,8
125,11,moe,667,32,2371,1235,775,337,0,24,675,8,7,1,8
125,12,moe,8008,43,2465,1322,1001,72,0,70,896,8,7,1,8
125,13,moe,10537,68,39,0,0,0,0,39,935,8,8,0,8
125,14,moe,4558,41,2192,1181,856,51,0,104,713,8,7,1,8
125,15,moe,11969,37,1493,341,1002,60,0,90,1328,8,7,1,8
125,16,moe,4041,37,4192,2364,1621,99,0,108,2245,8,6,2,8
125,17,moe,851,84,2367,1306,781,224,0,56,700,8,7,1,8
125,18,moe,730,34,5526,2498,1914,1027,0,87,753,8,6,2,8
125,19,moe,677,37,6559,3538,2399,492,0,130,718,8,5,3,8
125,20,moe,861,66,8330,6626,1548,105,0,51,1089,8,6,2,8
125,21,moe,796,36,9842,5236,2789,1724,0,93,734,8,5,3,8
125,22,moe,796,38,6128,2389,1625,2000,0,114,4253,8,6,2,8
125,23,moe,728,58,4034,1737,1911,286,0,100,783,8,6,2,8
125,24,moe,1198,43,2678,1481,904,267,0,26,836,8,7,1,8
125,25,moe,800,39,4627,2662,1804,119,0,42,779,8,6,2,8
125,26,moe,670,34,8796,5068,2687,978,0,63,733,8,5,3,8
125,-1,epi,0,0,0,0,0,0,0,0,5781,0,0,0,0
126,-2,pre,206,0,0,0,0,0,0,0,0,0,0,0,0
126,0,dense,1446,42,0,0,0,0,0,0,0,0,0,0,0
126,1,moe,789,36,10293,6049,3573,593,0,78,1282,8,4,4,8
126,2,moe,731,35,16440,10773,3554,2041,0,72,923,8,4,4,8
126,3,moe,662,35,7440,2346,3542,1495,0,57,778,8,4,4,8
126,4,moe,729,37,4179,2387,1596,107,0,89,647,8,6,2,8
126,5,moe,794,37,4315,2468,1539,272,0,36,661,8,6,2,8
126,6,moe,723,37,2673,1355,990,238,0,90,776,8,7,1,8
126,7,moe,661,33,2295,1301,839,51,0,104,1132,8,7,1,8
126,8,moe,724,34,4182,2486,1550,106,0,40,756,8,6,2,8
126,9,moe,800,40,8362,5468,1895,871,0,128,729,8,6,2,8
126,10,moe,734,37,10,0,0,0,0,10,656,8,8,0,8
126,11,moe,665,34,7200,5327,1621,121,0,131,662,8,6,2,8
126,12,moe,721,35,5099,2606,1902,495,0,96,722,8,6,2,8
126,13,moe,789,34,4835,2987,1633,113,0,102,712,8,6,2,8
126,14,moe,721,34,9922,4678,3074,2101,0,69,611,8,4,4,8
126,15,moe,664,33,12975,8106,3696,984,0,189,735,8,4,4,8
126,16,moe,722,36,11228,5439,3119,2486,0,184,615,8,4,4,8
126,17,moe,792,38,13599,7741,4607,1149,0,102,663,8,2,6,8
126,18,moe,718,36,9239,5307,2805,999,0,128,725,8,5,3,8
126,19,moe,655,34,7953,4582,2372,846,1,152,604,8,5,3,8
126,20,moe,720,36,15340,8273,4599,2369,0,99,772,8,2,6,8
126,21,moe,860,83,9419,5455,2763,1047,1,153,832,8,5,3,8
126,22,moe,782,37,15573,8757,3919,2755,0,142,642,8,3,5,8
126,23,moe,682,85,12406,6068,4551,1604,1,182,762,8,3,5,8
126,24,moe,945,39,4484,2518,1786,136,0,44,797,8,6,2,8
126,25,moe,785,36,7217,3876,2674,610,0,57,732,8,5,3,8
126,26,moe,666,34,9597,4687,2700,2155,0,55,894,8,5,3,8
126,-1,epi,0,0,0,0,0,0,0,0,5737,0,0,0,0
127,-2,pre,336,0,0,0,0,0,0,0,0,0,0,0,0
127,0,dense,1434,42,0,0,0,0,0,0,0,0,0,0,0
127,1,moe,831,41,10760,5434,3569,1679,0,78,732,8,4,4,8
127,2,moe,729,38,11602,5534,3585,2412,0,71,792,8,4,4,8
127,3,moe,665,34,14949,5646,4475,4732,0,96,797,8,3,5,8
127,4,moe,784,81,11,0,0,0,0,11,2499,8,8,0,8
127,5,moe,851,87,5666,2730,1625,1192,0,119,1035,8,6,2,8
127,6,moe,723,35,2537,1374,1027,58,0,78,1263,8,7,1,8
127,7,moe,658,38,11,0,0,0,0,11,2937,8,8,0,8
127,8,moe,717,35,4483,2632,1612,100,0,139,715,8,6,2,8
127,9,moe,793,36,5153,2849,1882,301,0,121,829,8,6,2,8
127,10,moe,749,82,10,0,0,0,0,10,1379,8,8,0,8
127,11,moe,665,33,18,0,0,0,0,18,604,8,8,0,8
127,12,moe,726,33,4689,2727,1789,129,0,44,790,8,6,2,8
127,13,moe,799,33,4350,2510,1615,106,0,119,660,8,6,2,8
127,14,moe,722,34,18654,11059,3839,3667,0,89,635,8,3,5,8
127,15,moe,678,57,11626,6303,3721,1409,0,193,755,8,4,4,8
127,16,moe,753,44,8864,4931,2403,1370,0,160,795,8,5,3,8
127,17,moe,9532,52,22782,15485,3202,3965,0,130,775,8,4,4,8
127,18,moe,7130,47,5032,2588,1902,401,0,141,827,8,6,2,8
127,19,moe,9181,36,5756,2651,2362,638,0,105,614,8,5,3,8
127,20,moe,9130,52,9628,3643,3860,2040,0,85,1989,8,3,5,8
127,21,moe,3899,43,12236,5368,3687,3057,0,124,743,8,4,4,8
127,22,moe,7860,41,9121,3681,3136,2156,0,148,676,8,4,4,8
127,23,moe,11707,34,11477,4915,3694,2759,0,109,830,8,4,4,8
127,24,moe,795,76,9723,5541,2674,1449,0,59,834,8,5,3,8
127,25,moe,1314,42,12682,6968,3578,2040,0,96,780,8,4,4,8
127,26,moe,5095,38,8950,4300,2685,1907,0,58,1058,8,5,3,8
127,-1,epi,0,0,0,0,0,0,0,0,5687,0,0,0,0
128,-2,pre,214,0,0,0,0,0,0,0,0,0,0,0,0
128,0,dense,1427,40,0,0,0,0,0,0,0,0,0,0,0
128,1,moe,803,37,10299,6050,3569,607,0,73,1325,8,4,4,8
128,2,moe,728,36,11697,4623,4459,2522,0,93,739,8,3,5,8
128,3,moe,659,35,10888,5779,2686,2369,0,54,838,8,5,3,8
128,4,moe,719,35,9963,4645,3196,1957,1,164,713,8,4,4,8
128,5,moe,786,38,5375,2674,1550,1094,0,57,654,8,6,2,8
128,6,moe,723,36,2540,1372,1009,62,0,97,898,8,7,1,8
128,7,moe,654,34,8008,3496,2377,2036,0,99,616,8,5,3,8
128,8,moe,719,34,11,0,0,0,0,11,801,8,8,0,8
128,9,moe,787,35,5947,2508,1908,1454,0,77,807,8,6,2,8
128,10,moe,792,37,12,0,0,0,0,12,601,8,8,0,8
128,11,moe,664,33,4361,2551,1611,112,0,87,610,8,6,2,8
128,12,moe,732,36,9,0,0,0,0,9,897,8,8,0,8
128,13,moe,830,74,6131,3576,2312,151,0,92,668,8,5,3,8
128,14,moe,720,34,3377,1392,783,1175,0,27,694,8,7,1,8
128,15,moe,657,32,15191,10494,2778,1794,0,125,729,8,5,3,8
128,16,moe,718,37,5756,2593,1594,1456,0,113,1092,8,6,2,8
128,17,moe,785,35,6368,3673,2309,332,0,54,2255,8,5,3,8
128,18,moe,735,73,4933,2798,1930,127,0,78,843,8,6,2,8
128,19,moe,657,33,10706,4805,3141,2569,0,191,609,8,4,4,8
128,20,moe,713,35,12654,6306,3848,2423,0,77,605,8,3,5,8
128,21,moe,810,44,12251,6247,3706,2151,0,147,789,8,4,4,8
128,22,moe,797,39,14995,7352,3946,3502,0,195,1121,8,3,5,8
128,23,moe,651,38,11585,5290,3709,2437,0,149,732,8,4,4,8
128,24,moe,789,41,10655,7141,2678,767,0,69,1273,8,5,3,8
128,25,moe,788,39,11746,7920,2691,1076,0,59,819,8,5,3,8
128,26,moe,1036,190,23786,12027,7144,4463,0,152,723,8,0,8,8
128,-1,epi,0,0,0,0,0,0,0,0,5822,0,0,0,0
129,-2,pre,221,0,0,0,0,0,0,0,0,0,0,0,0
129,0,dense,1536,37,0,0,0,0,0,0,0,0,0,0,0
129,1,moe,925,34,8683,5767,2671,181,0,64,727,8,5,3,8
129,2,moe,882,36,9868,4887,3554,1360,0,67,726,8,4,4,8
129,3,moe,658,30,11887,6169,4454,1176,0,88,731,8,3,5,8
129,4,moe,853,38,4393,2415,1614,247,0,117,670,8,6,2,8
129,5,moe,942,32,1743,730,775,210,0,28,658,8,7,1,8
129,6,moe,827,30,2685,1372,990,233,0,90,719,8,7,1,8
129,7,moe,653,28,6472,2643,1609,2107,0,113,651,8,6,2,8
129,8,moe,860,31,7545,3829,2312,1349,0,55,679,8,5,3,8
129,9,moe,1120,88,2709,1476,1061,73,0,99,780,8,7,1,8
129,10,moe,857,33,11,0,0,0,0,11,697,8,8,0,8
129,11,moe,668,33,6961,3690,1609,1501,0,161,703,8,6,2,8
129,12,moe,880,33,5130,2643,1902,477,0,108,1228,8,6,2,8
129,13,moe,923,32,4875,3042,1604,110,0,119,659,8,6,2,8
129,14,moe,753,32,4353,2331,1542,444,0,36,675,8,6,2,8
129,15,moe,654,27,6982,4311,1890,679,0,102,721,8,6,2,8
129,16,moe,720,32,9906,6594,2384,801,0,127,599,8,5,3,8
129,17,moe,797,31,4232,2535,1549,110,0,38,649,8,6,2,8
129,18,moe,798,55,2738,1383,1010,242,0,103,770,8,7,1,8
129,19,moe,663,27,2307,1320,832,66,0,89,598,8,7,1,8
129,20,moe,722,29,4007,2327,1544,101,0,35,608,8,6,2,8
129,21,moe,790,29,9039,4880,2786,1242,1,130,727,8,5,3,8
129,22,moe,794,35,4746,2407,1604,602,0,133,642,8,6,2,8
129,23,moe,657,28,7983,3663,2754,1452,0,114,760,8,5,3,8
129,24,moe,787,32,10495,3906,2694,3838,1,56,769,8,5,3,8
129,25,moe,798,34,5389,2655,1798,888,0,48,779,8,6,2,8
129,26,moe,697,32,9114,4250,1802,3026,0,36,857,8,6,2,8
129,-1,epi,0,0,0,0,0,0,0,0,5695,0,0,0,0
130,-2,pre,205,0,0,0,0,0,0,0,0,0,0,0,0
130,0,dense,1519,35,0,0,0,0,0,0,0,0,0,0,0
130,1,moe,805,30,17044,10118,4462,2372,0,92,735,8,3,5,8
130,2,moe,719,31,8888,4893,2683,1248,0,64,791,8,5,3,8
130,3,moe,700,53,11133,8007,2691,372,0,63,784,8,5,3,8
130,4,moe,713,35,6927,3484,2383,904,0,156,691,8,5,3,8
130,5,moe,792,35,2353,1263,778,287,0,25,603,8,7,1,8
130,6,moe,773,36,15704,7408,4616,3502,0,178,764,8,3,5,8
130,7,moe,655,33,4786,2344,1634,691,0,117,679,8,6,2,8
130,8,moe,742,63,3060,1237,780,1016,0,27,661,8,7,1,8
130,9,moe,799,35,12,0,0,0,0,12,826,8,8,0,8
130,10,moe,762,32,10,0,0,0,0,10,621,8,8,0,8
130,11,moe,701,37,6751,2767,1547,2386,0,51,708,8,6,2,8
130,12,moe,747,37,2783,1520,1015,62,0,186,750,8,7,1,8
130,13,moe,871,40,3207,1278,835,961,0,133,1067,8,7,1,8
130,14,moe,884,40,2294,1295,772,199,0,28,1038,8,7,1,8
130,15,moe,699,30,2419,1239,1011,72,0,97,984,8,7,1,8
130,16,moe,907,35,8536,3837,3150,1376,0,173,619,8,4,4,8
130,17,moe,927,36,9405,4305,3080,1952,0,68,677,8,4,4,8
130,18,moe,842,33,9344,4313,2805,2086,0,140,799,8,5,3,8
130,19,moe,718,32,6327,2641,2389,1187,0,110,651,8,5,3,8
130,20,moe,729,35,4885,2666,1546,625,0,48,807,8,6,2,8
130,21,moe,793,36,13884,9043,3693,994,1,153,776,8,4,4,8
130,22,moe,785,36,11473,4502,3156,3625,0,190,604,8,4,4,8
130,23,moe,680,33,13639,9060,3684,759,0,136,1871,8,4,4,8
130,24,moe,5701,40,11083,4880,3603,2533,0,67,728,8,4,4,8
130,25,moe,796,40,11343,5169,3565,2535,0,74,790,8,4,4,8
130,26,moe,658,38,13045,6663,4463,1829,0,90,844,8,3,5,8
130,-1,epi,0,0,0,0,0,0,0,0,5686,0,0,0,0
