step,il,kind,route_us,readback_us,load_wall_us,pread_us,pread_wall_us,repack_us,placement_us,sync_us,load_other_us,load_hidden_us,compute_us,lookups,hits,misses,n_slots
0,-2,pre,628,0,0,0,0,0,0,0,0,0,0,0,0,0,0
0,0,dense,7693,120,0,0,0,0,0,0,0,0,0,0,0,0,0
0,1,moe,8392,134,38208,60123,15982,21946,0,0,280,0,1391,0,0,0,16
0,2,moe,5008,55,23571,44655,15163,15112,4661,0,0,11365,1324,16,0,16,16
0,3,moe,13564,54,24449,55296,16849,14997,4504,0,0,11901,1353,15,0,15,15
0,4,moe,5008,55,23106,50921,17494,13889,4120,0,0,12397,1130,16,0,16,16
0,5,moe,5118,53,25088,51280,16778,16006,4078,0,0,11774,1136,16,0,16,16
0,6,moe,7633,55,27056,55540,18722,17337,4769,1,0,13773,1370,16,0,16,16
0,7,moe,13548,48,25865,43990,17948,17411,3833,0,0,13327,1144,15,0,15,15
0,8,moe,7269,52,23920,50266,18324,14860,4062,0,0,13326,1123,16,0,16,16
0,9,moe,7409,52,24012,54187,16341,14781,4395,0,0,11505,1327,15,0,15,15
0,10,moe,5081,50,22519,52054,16910,12997,4547,0,0,11935,1144,16,0,16,16
0,11,moe,7945,52,20718,48795,15460,12574,4018,0,0,11334,1186,15,0,15,15
0,12,moe,8082,59,24415,53148,16113,15783,4703,0,0,12184,1342,16,0,16,16
0,13,moe,8087,56,27699,47359,20087,19135,4078,0,0,15601,1151,15,0,15,15
0,14,moe,8349,52,22953,51950,17375,13950,4191,0,0,12563,1155,16,0,16,16
0,15,moe,14568,52,24217,50766,16517,14959,4563,0,0,11822,1353,15,0,15,15
0,16,moe,9533,57,23083,50788,17424,14210,4278,0,0,12829,1133,16,0,16,16
0,17,moe,11921,51,23496,53069,18005,14594,4216,0,0,13319,1160,16,0,16,16
0,18,moe,1521,56,20564,40117,12859,15055,4456,1,0,11807,1345,15,0,15,15
0,19,moe,1329,52,21415,10873,15520,16229,4031,0,0,14365,1180,16,0,16,16
0,20,moe,1235,60,21606,9980,15946,16598,3990,0,0,14928,1163,16,0,16,16
0,21,moe,1366,61,24496,10780,16002,18729,4672,1,0,14908,1340,16,0,16,16
0,22,moe,1405,67,18955,9178,13115,13572,4300,0,0,12032,1148,16,0,16,16
0,23,moe,830,50,20123,10002,12434,14636,4435,0,0,11382,1377,15,0,15,15
0,24,moe,1368,57,20980,10763,12996,15345,4601,0,0,11962,1308,16,0,16,16
0,25,moe,1336,54,21171,10775,12963,15402,4706,0,0,11900,1317,16,0,16,16
0,26,moe,826,50,10655,5299,6575,7736,2329,1,0,5986,736,8,0,8,8
0,-1,epi,0,0,0,0,0,0,0,0,5623,0,0,0,0,0,0
1,-2,pre,50,0,0,0,0,0,0,0,0,0,0,0,0,0,0
1,0,dense,2480,73,0,0,0,0,0,0,0,0,0,0,0,0,0
1,1,moe,1306,71,22259,34988,12475,15615,3580,0,0,9411,1326,12,0,12,12
1,2,moe,1175,68,24038,55717,17349,14604,3922,0,0,11837,1332,13,0,13,13
1,3,moe,729,57,20719,49713,14176,12312,3787,1,0,9557,1326,14,1,13,14
1,4,moe,1151,53,19362,44933,14452,11446,3650,0,0,10186,1132,15,1,14,15
1,5,moe,1319,69,20760,38925,14264,14397,2903,0,0,10804,1128,14,2,12,14
1,6,moe,1180,55,25312,46408,15176,17738,3600,0,0,11202,1331,14,2,12,14
1,7,moe,707,55,28177,54732,20692,18475,3944,0,0,14934,1143,16,0,16,16
1,8,moe,1146,56,17178,38956,13040,10566,3053,0,0,9481,1156,13,1,12,13
1,9,moe,1306,43,20493,49246,13843,13371,3814,0,0,10535,1362,15,2,13,15
1,10,moe,1193,38,17103,38788,12658,9769,3530,1,0,8855,1181,15,3,12,15
1,11,moe,713,47,19752,43353,14959,12221,3534,0,0,10962,1144,15,1,14,15
1,12,moe,1201,37,21684,50744,14487,13275,4227,0,0,10305,1371,16,2,14,16
1,13,moe,1309,41,24506,42583,16982,16109,3368,0,0,11953,1129,14,1,13,14
1,14,moe,1164,39,19943,42832,15134,12118,3504,0,0,10813,1175,16,2,14,16
1,15,moe,725,33,20011,47673,13331,12399,3853,0,0,9572,1413,15,2,13,15
1,16,moe,1220,40,19483,44687,14636,11440,3581,0,0,10174,1188,16,2,14,16
1,17,moe,1337,46,22069,40574,14893,15407,3140,0,0,11371,1148,14,1,13,14
1,18,moe,9405,36,22843,53190,14983,14540,4377,0,0,11057,1344,15,0,15,15
1,19,moe,14653,33,20696,42168,15860,13147,3275,0,0,11586,1169,15,1,14,15
1,20,moe,5063,43,20820,41780,16027,13093,3483,0,0,11783,1160,15,1,14,15
1,21,moe,1590,44,13572,14953,8271,9879,2841,0,0,7419,1360,15,5,10,15
1,22,moe,1328,38,12990,8380,8998,9207,2717,0,0,7932,1184,15,4,11,15
1,23,moe,712,34,17439,9115,10503,12799,3670,0,0,9533,1365,16,3,13,16
1,24,moe,1312,41,17326,7266,8925,13120,3434,0,0,8153,1322,14,3,11,14
1,25,moe,1335,43,19018,9282,11588,13708,4333,0,0,10611,1440,16,2,14,16
1,26,moe,709,37,14214,5229,9756,11344,2317,0,0,9203,768,8,0,8,8
1,-1,epi,0,0,0,0,0,0,0,0,5668,0,0,0,0,0,0
2,-2,pre,4956,0,0,0,0,0,0,0,0,0,0,0,0,0,0
2,0,dense,123132,55,0,0,0,0,0,0,0,0,0,0,0,0,0
2,1,moe,56658,178,580455,891131,224187,313033,39676,1,3558,0,153054,0,0,0,216
2,2,moe,45264,208,520692,675036,169606,316118,14177,1,20790,0,93218,0,0,0,224
2,3,moe,28812,228,437124,530344,133687,271435,29070,0,2932,0,133464,0,0,0,200
2,4,moe,50215,226,363872,421562,106340,231827,22706,1,2998,0,77450,0,0,0,185
2,5,moe,48868,228,336875,433370,109704,194875,29575,0,2721,0,80179,0,0,0,164
2,6,moe,42848,220,374404,432409,108862,228987,33883,1,2671,0,132828,0,0,0,171
2,7,moe,28064,231,309844,393417,99068,191727,16368,0,2681,0,70809,0,0,0,167
2,8,moe,42931,199,327939,431539,108701,199373,17244,0,2621,0,70677,0,0,0,179
2,9,moe,41882,196,381953,456587,114982,243193,21118,0,2660,0,110802,0,0,0,172
2,10,moe,46062,270,387367,450812,113464,250112,21020,1,2770,0,76763,0,0,0,189
2,11,moe,26178,178,379108,457620,115027,237286,24199,0,2596,0,81584,0,0,0,187
2,12,moe,43288,202,437474,486141,122351,275888,36630,0,2605,0,109085,0,0,0,178
2,13,moe,46099,178,384886,442766,111728,245368,25221,1,2568,0,80639,0,0,0,185
2,14,moe,43282,178,354428,435087,109621,218930,23340,1,2536,0,78440,0,0,0,181
2,15,moe,30018,167,409713,529345,133297,237552,36266,0,2598,0,122001,0,0,0,189
2,16,moe,52855,206,399438,455129,114510,247679,34186,1,3062,0,94375,0,0,0,190
2,17,moe,60723,292,375379,452585,113967,231792,26578,1,3041,0,78668,0,0,0,187
2,18,moe,51968,220,429450,529811,133368,257802,35557,0,2723,0,109015,0,0,0,192
2,19,moe,36355,212,367211,480470,121158,217851,25418,1,2783,0,89288,0,0,0,198
2,20,moe,49977,195,369885,466768,117462,225470,24261,1,2691,0,100325,0,0,0,192
2,21,moe,50657,212,412684,499452,125852,249085,35222,1,2524,0,124391,0,0,0,180
2,22,moe,53879,201,373101,471118,118619,212773,38912,1,2796,0,84041,0,0,0,193
2,23,moe,39502,183,403147,524130,131960,229043,39544,1,2599,0,120175,0,0,0,184
2,24,moe,56214,238,430224,538775,135467,252902,38955,1,2899,0,93043,0,0,0,193
2,25,moe,54663,194,390066,500970,126124,224102,37216,1,2623,0,87500,0,0,0,175
2,26,moe,33662,27,6,0,0,0,0,0,6,0,8,0,0,0,0
2,-1,epi,0,0,0,0,0,0,0,0,6,0,0,0,0,0,0
3,-2,pre,305,0,0,0,0,0,0,0,0,0,0,0,0,0,0
3,0,dense,14011,51,0,0,0,0,0,0,0,0,0,0,0,0,0
3,1,moe,9281,51,51034,65176,33801,30276,15284,0,0,28327,4780,26,3,23,26
3,2,moe,10770,49,44584,62593,28149,24289,15289,0,0,23143,3517,23,1,22,23
3,3,moe,11209,38,41039,57437,25552,22447,13860,0,0,20820,3388,22,1,21,22
3,4,moe,8671,42,27116,38814,19321,14421,8956,1,0,15583,2254,18,2,16,18
3,5,moe,9078,42,32231,44868,23237,16938,11007,0,0,18951,2810,20,1,19,20
3,6,moe,11329,289,43113,63235,27219,23107,14923,0,0,22136,3529,24,1,23,24
3,7,moe,10709,46,29160,43086,20670,15485,9667,0,0,16662,2354,19,1,18,19
3,8,moe,8507,50,33656,37831,25584,13628,16382,0,0,21938,3112,17,1,16,17
3,9,moe,10756,61,44802,57883,28930,21428,18616,0,0,24172,3453,23,2,21,23
3,10,moe,12004,50,41190,57495,29553,20716,14757,1,0,23837,2518,25,1,24,25
3,11,moe,12432,51,30352,41220,21916,13271,11813,0,0,16648,3698,19,4,15,19
3,12,moe,11911,48,34964,63339,23833,18638,12217,1,0,19725,3074,19,1,18,19
3,13,moe,10862,57,38820,70714,28441,19024,10422,0,0,19067,2933,22,0,22,22
3,14,moe,11979,45,27684,45685,19977,16327,6993,0,0,15613,2525,21,2,19,21
3,15,moe,14270,40,36546,63248,23568,21100,10021,0,0,18143,2895,21,0,21,21
3,16,moe,8247,44,34393,71666,25919,17413,9432,0,0,18371,2520,22,2,20,22
3,17,moe,12035,45,35917,63886,26848,21111,8171,0,0,20213,2604,25,2,23,25
3,18,moe,8520,35,42744,45298,23357,28161,9524,0,0,18298,2599,25,3,22,25
3,19,moe,1038,37,30178,14372,21090,20966,7676,0,0,19554,1753,24,0,24,24
3,20,moe,1220,42,36559,14749,24148,26916,5903,0,0,20408,1751,23,0,23,23
3,21,moe,1244,39,33361,14597,20202,21771,9948,0,0,18560,2057,24,2,22,24
3,22,moe,1251,38,29667,12943,21312,20464,7729,1,0,19839,2435,24,2,22,24
3,23,moe,1077,38,36867,23285,22874,20888,12151,0,0,19046,2024,22,1,21,22
3,24,moe,1269,48,41649,18169,27014,30356,9383,0,0,25104,2302,26,2,24,26
3,25,moe,1374,34,34352,18223,22054,21480,11111,0,0,20293,2285,24,1,23,24
3,26,moe,2790,68,6864,11708,4644,4142,1472,0,0,3394,4964,8,4,4,8
3,-1,epi,0,0,0,0,0,0,0,0,40783,0,0,0,0,0,0
4,-2,pre,60,0,0,0,0,0,0,0,0,0,0,0,0,0,0
4,0,dense,1338,64,0,0,0,0,0,0,0,0,0,0,0,0,0
4,1,moe,756,60,7771,11670,4991,3921,2568,0,0,3709,1307,8,4,4,8
4,2,moe,750,44,4226,5166,2851,1937,1262,0,0,1824,1068,8,6,2,8
4,3,moe,491,44,8448,19781,5745,3827,2615,0,0,3739,654,8,4,4,8
4,4,moe,705,53,5373,7200,3874,2548,1684,0,0,2733,596,8,5,3,8
4,5,moe,741,41,5150,7037,3775,2465,1616,0,0,2706,601,8,5,3,8
4,6,moe,724,42,6038,8001,3853,2957,2005,0,0,2777,674,8,5,3,8
4,7,moe,490,42,5460,7542,3987,2527,1652,0,0,2706,866,8,5,3,8
4,8,moe,744,48,5358,6893,3932,2474,1722,1,0,2771,596,8,5,3,8
4,9,moe,722,44,6585,8470,4375,3426,1985,0,0,3201,834,8,5,3,8
4,10,moe,681,58,9433,9548,6633,6197,1940,0,0,5337,627,8,4,4,8
4,11,moe,485,41,1907,2680,1587,854,129,0,0,663,580,8,7,1,8
4,12,moe,705,40,11032,13552,6854,9126,340,0,0,5288,753,8,3,5,8
4,13,moe,807,67,2907,4703,2184,1791,114,0,0,1182,614,8,6,2,8
4,14,moe,721,2681,5344,4581,3120,2622,113,0,0,511,643,8,6,2,8
4,15,moe,596,38,5974,9310,3522,4027,192,0,0,1767,700,8,5,3,8
4,16,moe,720,40,6325,7130,4456,4621,638,0,0,3390,579,8,5,3,8
4,17,moe,746,35,3677,6908,2782,2458,181,0,0,1744,1059,8,5,3,8
4,18,moe,731,41,7108,5082,4361,5275,782,0,0,3310,651,8,5,3,8
4,19,moe,489,34,4986,1527,3314,4527,168,0,0,3023,571,8,5,3,8
4,20,moe,689,41,2552,2504,1953,1639,110,0,0,1150,564,8,6,2,8
4,21,moe,720,37,3548,1815,2100,3037,183,0,0,1772,647,8,5,3,8
4,22,moe,720,39,3234,2336,2251,2527,166,0,0,1710,569,8,5,3,8
4,23,moe,491,35,5824,1809,3370,5317,184,0,0,3047,661,8,5,3,8
4,24,moe,724,41,9477,3156,5614,8681,308,0,0,5126,650,8,3,5,8
4,25,moe,724,41,6832,3782,4207,5928,391,0,0,3694,655,8,2,6,8
4,26,moe,492,38,12097,14491,7803,8669,1357,0,0,5732,1246,8,3,5,8
4,-1,epi,0,0,0,0,0,0,0,0,4355,0,0,0,0,0,0
5,-2,pre,2339,0,0,0,0,0,0,0,0,0,0,0,0,0,0
5,0,dense,1241,38,0,0,0,0,0,0,0,0,0,0,0,0,0
5,1,moe,719,36,12915,14545,8387,8082,3150,0,0,6704,653,8,3,5,8
5,2,moe,678,40,13258,19488,8500,6727,4642,0,0,6611,654,8,1,7,8
5,3,moe,489,36,13455,19929,8665,6723,4758,0,0,6691,669,8,1,7,8
5,4,moe,674,41,14045,14616,9908,8974,3433,0,0,8270,564,8,2,6,8
5,5,moe,719,48,10500,12402,8017,6588,2448,0,0,6553,567,8,3,5,8
5,6,moe,682,36,9062,10756,5573,7033,924,0,0,4468,653,8,4,4,8
5,7,moe,493,34,7223,7496,5089,4509,1648,1,0,4024,566,8,5,3,8
5,8,moe,680,38,5524,7217,4057,2468,1823,0,0,2824,575,8,5,3,8
5,9,moe,719,39,11839,16296,7276,9811,397,0,0,5645,652,8,2,6,8
5,10,moe,670,35,3894,7552,2911,2585,168,1,0,1771,583,8,5,3,8
5,11,moe,481,30,12516,17100,9377,9922,671,0,0,7454,565,8,1,7,8
5,12,moe,669,38,12194,16447,7836,10090,401,0,0,6133,642,8,2,6,8
5,13,moe,708,32,8806,12348,6139,7004,278,0,0,4615,562,8,3,5,8
5,14,moe,681,34,6590,9447,4527,5276,234,1,0,3448,577,8,4,4,8
5,15,moe,518,31,6567,14211,4345,4722,328,0,0,2828,689,8,3,5,8
5,16,moe,696,33,7218,9625,5049,5874,228,0,0,3933,562,8,4,4,8
5,17,moe,718,37,7234,9833,5169,5945,219,0,0,4099,563,8,4,4,8
5,18,moe,669,38,14481,16658,10177,11075,460,0,0,7231,647,8,1,7,8
5,19,moe,522,36,6335,2175,4251,5789,214,0,0,3919,581,8,4,4,8
5,20,moe,704,39,2891,1617,2030,2430,155,0,0,1724,587,8,5,3,8
5,21,moe,763,37,9245,3130,5403,8453,305,0,0,4916,692,8,3,5,8
5,22,moe,778,39,2973,1612,2023,2512,162,0,0,1724,576,8,5,3,8
5,23,moe,489,33,3949,1088,2288,3560,123,0,0,2022,648,8,6,2,8
5,24,moe,710,33,4545,2601,2797,4002,254,0,0,2508,649,8,4,4,8
5,25,moe,726,36,4548,2573,2800,3993,257,0,0,2502,649,8,4,4,8
5,26,moe,491,34,8711,17868,6151,4508,779,0,0,2727,1257,8,5,3,8
5,-1,epi,0,0,0,0,0,0,0,0,5238,0,0,0,0,0,0
6,-2,pre,237,0,0,0,0,0,0,0,0,0,0,0,0,0,0
6,0,dense,1350,35,0,0,0,0,0,0,0,0,0,0,0,0,0
6,1,moe,781,35,9979,14315,7010,6215,2401,0,0,5647,691,8,3,5,8
6,2,moe,682,40,7899,11418,5161,3833,2750,0,0,3845,656,8,4,4,8
6,3,moe,484,35,9417,13716,6071,4789,3261,0,0,4704,660,8,3,5,8
6,4,moe,671,38,6156,12095,4551,4191,288,0,0,2874,566,8,3,5,8
6,5,moe,714,38,3723,7300,2833,2471,170,0,0,1751,560,8,5,3,8
6,6,moe,672,32,3261,5271,2272,2000,130,0,0,1141,641,8,6,2,8
6,7,moe,485,31,5675,10126,4082,3338,1267,0,0,3012,563,8,4,4,8
6,8,moe,669,38,7726,12092,5635,4108,2282,0,0,4299,570,8,3,5,8
6,9,moe,721,38,8963,10805,5514,7020,845,0,0,4416,652,8,4,4,8
6,10,moe,681,36,9873,12023,6675,6662,1822,1,0,5287,572,8,3,5,8
6,11,moe,488,34,2874,4690,2269,1655,110,0,0,1160,563,8,6,2,8
6,12,moe,668,39,4226,8086,2785,2975,202,0,0,1736,673,8,5,3,8
6,13,moe,737,38,3772,7444,2785,2528,182,1,0,1724,658,8,5,3,8
6,14,moe,693,44,4147,7188,3247,2881,185,0,0,2166,667,8,5,3,8
6,15,moe,536,40,11235,13302,6974,8862,947,0,0,5548,653,8,3,5,8
6,16,moe,678,39,11924,17882,8730,8977,333,0,0,6116,563,8,2,6,8
6,17,moe,724,39,5861,11996,4383,4137,297,0,0,2956,572,8,3,5,8
6,18,moe,700,37,2513,1255,1590,1851,62,0,0,990,645,8,7,1,8
6,19,moe,499,33,7167,2715,5167,5535,1114,0,0,4649,573,8,3,5,8
6,20,moe,702,43,6539,2265,4469,6015,214,0,0,4159,567,8,4,4,8
6,21,moe,739,40,3964,1124,2288,3561,122,0,0,2007,644,8,6,2,8
6,22,moe,713,36,3088,1614,2092,2584,165,0,0,1753,574,8,5,3,8
6,23,moe,487,34,5839,1846,3382,5326,184,0,0,3053,650,8,5,3,8
6,24,moe,731,273,5707,1847,3377,5239,184,0,0,3093,650,8,5,3,8
6,25,moe,728,42,3438,1827,2119,2946,191,0,0,1818,647,8,5,3,8
6,26,moe,491,40,9245,11933,5829,6927,1078,0,0,4589,1254,8,4,4,8
6,-1,epi,0,0,0,0,0,0,0,0,4378,0,0,0,0,0,0
7,-2,pre,157,0,0,0,0,0,0,0,0,0,0,0,0,0,0
7,0,dense,1249,39,0,0,0,0,0,0,0,0,0,0,0,0,0
7,1,moe,730,37,11128,14454,6997,8899,565,0,0,5333,668,8,3,5,8
7,2,moe,715,39,4340,4988,2950,1994,1200,0,0,1804,635,8,6,2,8
7,3,moe,493,35,3310,2483,2248,1808,624,0,0,1370,628,8,7,1,8
7,4,moe,673,49,6076,7114,4319,4619,166,0,0,3028,555,8,5,3,8
7,5,moe,711,39,3316,4774,2536,1709,596,0,0,1525,562,8,6,2,8
7,6,moe,668,38,2886,2533,1916,1933,63,1,0,1027,629,8,7,1,8
7,7,moe,482,36,7659,10312,5448,6254,236,0,0,4279,558,8,4,4,8
7,8,moe,667,35,7553,9933,5134,5526,917,0,0,4024,569,8,4,4,8
7,9,moe,728,38,3409,5357,2359,2059,132,0,0,1141,648,8,6,2,8
7,10,moe,678,37,2446,2296,1821,1554,56,0,0,985,586,8,7,1,8
7,11,moe,486,31,4316,5034,3279,2968,108,0,0,2039,568,8,6,2,8
7,12,moe,692,31,6702,13103,4315,5041,349,0,0,3003,628,8,3,5,8
7,13,moe,688,32,5946,7581,4244,4680,169,0,0,3147,564,8,5,3,8
7,14,moe,681,36,3811,7419,2883,2562,179,0,0,1813,556,8,5,3,8
7,15,moe,472,33,7825,14082,5442,6008,344,0,0,3969,631,8,3,5,8
7,16,moe,656,36,4391,4781,3221,3137,115,0,0,2082,552,8,6,2,8
7,17,moe,697,35,5488,7211,3875,4221,179,0,0,2787,562,8,5,3,8
7,18,moe,669,35,9191,17485,6747,5303,194,0,0,3053,649,8,5,3,8
7,19,moe,483,35,3071,1558,2086,2587,165,0,0,1767,557,8,5,3,8
7,20,moe,668,36,3327,1024,2283,2969,105,0,0,2030,561,8,6,2,8
7,21,moe,729,38,7616,2580,4415,7039,250,0,0,4088,648,8,4,4,8
7,22,moe,736,41,6558,2238,4403,6000,215,0,0,4060,562,8,4,4,8
7,23,moe,495,36,3954,1106,2282,3567,121,0,0,2016,651,8,6,2,8
7,24,moe,728,42,1960,470,1180,1727,62,0,0,1009,643,8,7,1,8
7,25,moe,713,35,5902,2642,3577,5195,191,0,0,3061,653,8,5,3,8
7,26,moe,489,34,5040,5167,3337,3461,522,0,0,2280,662,8,6,2,8
7,-1,epi,0,0,0,0,0,0,0,0,4393,0,0,0,0,0,0
8,-2,pre,206,0,0,0,0,0,0,0,0,0,0,0,0,0,0
8,0,dense,1237,37,0,0,0,0,0,0,0,0,0,0,0,0,0
8,1,moe,719,35,6209,8177,3786,4882,205,0,0,2664,631,8,5,3,8
8,2,moe,667,42,5808,5855,3872,3595,905,0,0,2564,628,8,6,2,8
8,3,moe,480,36,8599,10637,5381,7162,271,0,0,4215,630,8,4,4,8
8,4,moe,684,34,2934,4726,2225,1761,121,0,0,1173,549,8,6,2,8
8,5,moe,685,35,5770,9043,4150,4631,178,0,0,3189,559,8,5,3,8
8,6,moe,653,38,12107,16939,7483,9950,407,1,0,5734,626,8,2,6,8
8,7,moe,476,36,3671,5339,2813,1766,586,0,0,1494,555,8,6,2,8
8,8,moe,665,36,2846,4893,2225,1700,120,0,0,1199,561,8,6,2,8
8,9,moe,695,35,7674,8325,4879,5489,839,0,0,3533,630,8,5,3,8
8,10,moe,670,37,3953,7410,2940,2614,183,0,0,1784,554,8,5,3,8
8,11,moe,487,39,7816,10188,5672,6155,239,0,0,4250,558,8,4,4,8
8,12,moe,669,36,4258,8121,2823,2963,210,0,0,1738,647,8,5,3,8
8,13,moe,726,39,5913,7331,4274,4514,167,0,0,3042,564,8,5,3,8
8,14,moe,687,35,5714,8002,4157,4444,166,0,0,3053,559,8,5,3,8
8,15,moe,485,31,4730,5140,3065,3549,131,0,0,2015,647,8,6,2,8
8,16,moe,686,36,5003,9737,3689,3445,237,0,0,2368,556,8,4,4,8
8,17,moe,697,40,5626,4842,4014,4612,175,0,0,3175,558,8,5,3,8
8,18,moe,660,36,6874,8436,4363,5319,412,0,0,3220,644,8,5,3,8
8,19,moe,488,45,5875,3325,4751,3028,105,0,0,2009,554,8,6,2,8
8,20,moe,679,32,1990,995,1392,1640,111,0,0,1153,569,8,6,2,8
8,21,moe,724,36,2847,2822,1947,1827,62,0,0,989,647,8,7,1,8
8,22,moe,730,36,3623,1027,2434,3028,307,0,0,2146,557,8,6,2,8
8,23,moe,491,34,11,0,0,0,0,0,11,0,646,8,8,0,8
8,24,moe,716,32,2099,475,1191,1851,62,0,0,1005,626,8,7,1,8
8,25,moe,688,33,7749,2580,4549,7185,255,0,0,4240,633,8,4,4,8
8,26,moe,486,42,7114,8523,4528,5240,805,0,0,3459,672,8,5,3,8
8,-1,epi,0,0,0,0,0,0,0,0,4363,0,0,0,0,0,0
9,-2,pre,218,0,0,0,0,0,0,0,0,0,0,0,0,0,0
9,0,dense,1257,39,0,0,0,0,0,0,0,0,0,0,0,0,0
9,1,moe,732,36,7002,8405,4486,5417,420,0,0,3321,628,8,5,3,8
9,2,moe,670,37,4273,8235,2906,2974,215,0,0,1822,632,8,5,3,8
9,3,moe,476,36,3171,5129,2257,1978,138,0,0,1202,620,8,6,2,8
9,4,moe,655,36,5949,7319,4235,4682,177,0,0,3145,551,8,5,3,8
9,5,moe,691,35,5529,9576,3950,3413,954,0,0,2788,557,8,4,4,8
9,6,moe,659,40,12,0,0,0,0,0,12,0,620,8,8,0,8
9,7,moe,476,30,5625,7460,4013,4364,173,0,0,2925,562,8,5,3,8
9,8,moe,669,35,2861,4701,2239,1704,119,0,0,1201,556,8,6,2,8
9,9,moe,691,36,6538,5077,3999,5514,205,0,0,3180,626,8,5,3,8
9,10,moe,662,34,9,0,0,0,0,0,9,0,541,8,8,0,8
9,11,moe,475,35,2515,2419,1890,1591,60,0,0,1026,553,8,7,1,8
9,12,moe,731,38,2168,509,1238,1895,69,0,0,1034,753,8,7,1,8
9,13,moe,721,43,2479,2177,1847,1597,60,0,0,1025,650,8,7,1,8
9,14,moe,677,38,1686,2245,1370,852,58,0,0,594,639,8,7,1,8
9,15,moe,543,32,4037,1144,2316,3677,131,0,0,2087,623,8,6,2,8
9,16,moe,679,36,5964,7589,4251,4701,179,0,0,3167,565,8,5,3,8
9,17,moe,695,39,2695,2694,2074,1701,112,0,0,1192,559,8,6,2,8
9,18,moe,843,54,3298,4932,2272,2075,139,0,0,1188,628,8,6,2,8
9,19,moe,6748,35,1842,420,1215,1595,55,0,0,1023,552,8,7,1,8
9,20,moe,658,36,1764,444,1220,1537,54,0,0,1047,550,8,7,1,8
9,21,moe,694,247,2532,1189,1493,2087,132,0,0,1180,635,8,6,2,8
9,22,moe,695,42,8557,2710,5787,7770,280,0,0,5280,556,8,3,5,8
9,23,moe,485,40,2131,485,1222,1884,62,0,0,1037,623,8,7,1,8
9,24,moe,689,39,3987,1142,2377,3597,126,0,0,2113,629,8,6,2,8
9,25,moe,694,42,5840,1812,3436,5383,190,0,0,3169,628,8,5,3,8
9,26,moe,487,40,4187,5688,2899,1992,988,0,0,1692,632,8,6,2,8
9,-1,epi,0,0,0,0,0,0,0,0,3824,0,0,0,0,0,0
10,-2,pre,219,0,0,0,0,0,0,0,0,0,0,0,0,0,0
10,0,dense,1199,38,0,0,0,0,0,0,0,0,0,0,0,0,0
10,1,moe,691,37,15153,23036,10886,12239,803,0,0,8775,658,8,0,8,8
10,2,moe,654,36,4942,5726,3286,3649,142,0,0,2135,631,8,6,2,8
10,3,moe,493,36,8921,10421,5489,7359,488,0,0,4415,638,8,4,4,8
10,4,moe,698,44,7690,9143,5369,6380,235,0,0,4294,594,8,4,4,8
10,5,moe,740,33,4205,4805,3121,3083,118,0,0,2117,564,8,6,2,8
10,6,moe,685,33,3281,4813,2229,2099,139,0,0,1186,649,8,6,2,8
10,7,moe,504,34,3737,6858,2731,2608,180,0,0,1782,564,8,5,3,8
10,8,moe,683,40,6229,7199,4598,4660,170,0,0,3199,562,8,5,3,8
10,9,moe,703,36,7338,11523,4831,5173,555,0,0,3221,642,8,3,5,8
10,10,moe,694,35,7772,9321,5457,6336,226,0,0,4247,581,8,4,4,8
10,11,moe,501,35,6687,12370,5147,5014,300,0,0,3774,569,8,3,5,8
10,12,moe,663,37,8489,7970,5128,7300,269,0,0,4208,642,8,4,4,8
10,13,moe,715,35,5967,6996,4195,4741,176,0,0,3145,583,8,5,3,8
10,14,moe,709,35,5509,10613,4273,4133,243,0,0,3140,582,8,4,4,8
10,15,moe,481,34,9711,16610,6387,7478,484,0,0,4638,646,8,1,7,8
10,16,moe,685,35,7113,11963,5166,5198,352,0,0,3603,579,8,2,6,8
10,17,moe,720,36,7540,12145,5688,5802,360,0,0,4310,566,8,2,6,8
10,18,moe,672,47,13060,16848,8089,10944,414,0,0,6387,632,8,2,6,8
10,19,moe,6813,32,11326,11507,8001,9368,342,0,0,6385,566,8,2,6,8
10,20,moe,654,33,8438,2758,5763,7690,275,0,0,5290,566,8,3,5,8
10,21,moe,690,42,6148,3127,3664,5332,350,0,0,3198,645,8,3,5,8
10,22,moe,709,37,6763,2252,4546,6224,221,0,0,4228,553,8,4,4,8
10,23,moe,479,37,7842,2557,4511,7283,257,0,0,4209,633,8,4,4,8
10,24,moe,700,37,11695,3779,6883,10806,403,0,0,6397,645,8,2,6,8
10,25,moe,732,33,9553,3474,5704,8668,304,0,0,5123,656,8,3,5,8
10,26,moe,499,49,12920,14286,8265,8105,3420,0,0,6870,655,8,3,5,8
10,-1,epi,0,0,0,0,0,0,0,0,4342,0,0,0,0,0,0
11,-2,pre,218,0,0,0,0,0,0,0,0,0,0,0,0,0,0
11,0,dense,1238,42,0,0,0,0,0,0,0,0,0,0,0,0,0
11,1,moe,725,38,2761,2520,1863,1736,279,1,0,1118,645,8,7,1,8
11,2,moe,688,36,5230,6534,3617,3551,126,0,0,2064,621,8,6,2,8
11,3,moe,475,34,4717,5419,3109,3587,134,0,0,2113,625,8,6,2,8
11,4,moe,666,38,3054,4920,2326,1773,118,0,0,1163,553,8,6,2,8
11,5,moe,688,35,2902,5033,2283,1699,118,1,0,1199,556,8,6,2,8
11,6,moe,668,35,4922,5249,3192,3687,132,0,0,2089,626,8,6,2,8
11,7,moe,477,34,2955,4845,2246,1766,117,0,0,1174,563,8,6,2,8
11,8,moe,659,32,5895,7828,4284,4611,172,0,0,3172,551,8,5,3,8
11,9,moe,689,34,4262,5723,2770,3072,204,0,0,1784,628,8,5,3,8
11,10,moe,655,36,7951,15861,6247,4681,173,0,0,3150,555,8,5,3,8
11,11,moe,473,34,4253,5005,3175,3073,117,0,0,2112,554,8,6,2,8
11,12,moe,660,42,8892,10488,5566,7215,274,0,0,4163,632,8,4,4,8
11,13,moe,735,39,2933,4654,2225,1760,118,0,0,1170,553,8,6,2,8
11,14,moe,657,37,7784,14536,5953,5696,345,0,0,4210,561,8,2,6,8
11,15,moe,477,31,5436,10541,3518,4061,289,0,0,2432,629,8,4,4,8
11,16,moe,658,35,7175,14219,5217,5230,363,0,0,3635,568,8,2,6,8
11,17,moe,697,36,5638,7206,4109,4260,287,0,0,3018,552,8,3,5,8
11,18,moe,659,35,6694,12365,4314,5070,335,0,0,3025,624,8,3,5,8
11,19,moe,475,32,5085,8499,3781,3608,256,0,0,2560,551,8,4,4,8
11,20,moe,661,35,2540,1805,1920,1699,111,0,0,1190,549,8,6,2,8
11,21,moe,689,37,8134,2972,4808,7290,252,0,0,4216,624,8,4,4,8
11,22,moe,689,37,5153,1610,3460,4670,164,0,0,3141,553,8,5,3,8
11,23,moe,480,34,2482,1086,1459,2077,124,0,0,1178,627,8,6,2,8
11,24,moe,696,35,7748,2596,4530,7177,267,0,0,4226,632,8,4,4,8
11,25,moe,697,37,5909,3210,3637,5107,333,0,0,3168,637,8,3,5,8
11,26,moe,483,37,15400,16673,9743,10825,2536,0,0,7704,791,8,2,6,8
11,-1,epi,0,0,0,0,0,0,0,0,4108,0,0,0,0,0,0
12,-2,pre,209,0,0,0,0,0,0,0,0,0,0,0,0,0,0
12,0,dense,1199,36,0,0,0,0,0,0,0,0,0,0,0,0,0
12,1,moe,689,35,5477,11752,3659,3973,288,0,0,2443,635,8,4,4,8
12,2,moe,677,38,6771,8294,4349,5352,198,0,0,3128,629,8,5,3,8
12,3,moe,475,35,4848,5658,3223,3604,135,0,0,2114,626,8,6,2,8
12,4,moe,658,38,3882,7271,2862,2620,179,0,0,1779,551,8,5,3,8
12,5,moe,685,37,3951,4671,2951,2573,387,0,0,1960,554,8,5,3,8
12,6,moe,661,35,3343,4993,2322,2068,135,0,0,1182,627,8,6,2,8
12,7,moe,482,40,2392,2234,1773,1591,57,0,0,1029,550,8,7,1,8
12,8,moe,664,35,2943,4722,2326,1700,114,0,0,1197,559,8,6,2,8
12,9,moe,683,35,10147,13440,6024,8351,338,0,0,4566,627,8,3,5,8
12,10,moe,661,34,4021,2481,2856,3133,113,0,0,2081,555,8,6,2,8
12,11,moe,481,30,5116,9721,3818,3510,453,0,0,2665,564,8,4,4,8
12,12,moe,656,35,6908,14055,4529,5060,341,0,0,3022,629,8,3,5,8
12,13,moe,682,35,7463,7291,5243,6216,232,0,0,4228,551,8,4,4,8
12,14,moe,654,34,5943,7564,4333,4612,176,0,0,3178,552,8,5,3,8
12,15,moe,473,38,8792,10979,5457,7289,276,0,0,4230,626,8,4,4,8
12,16,moe,663,35,7034,11948,5104,5183,370,0,0,3623,557,8,2,6,8
12,17,moe,698,36,4651,5198,3425,3472,230,0,0,2476,557,8,4,4,8
12,18,moe,650,37,6779,13331,4399,5094,342,0,0,3056,630,8,3,5,8
12,19,moe,528,41,6426,18175,5377,2653,179,0,0,1783,553,8,5,3,8
12,20,moe,672,38,3882,2188,2805,3075,108,0,0,2106,548,8,6,2,8
12,21,moe,686,41,3611,1819,2140,3132,193,0,0,1854,624,8,5,3,8
12,22,moe,686,40,5146,1593,3447,4676,171,0,0,3148,551,8,5,3,8
12,23,moe,485,38,9,0,0,0,0,0,9,0,622,8,8,0,8
12,24,moe,697,37,4801,2613,2876,4212,260,0,0,2547,622,8,4,4,8
12,25,moe,696,44,3984,1126,2372,3593,131,0,0,2112,631,8,6,2,8
12,26,moe,483,39,6382,14320,5022,2974,199,0,0,1813,629,8,5,3,8
12,-1,epi,0,0,0,0,0,0,0,0,3836,0,0,0,0,0,0
13,-2,pre,218,0,0,0,0,0,0,0,0,0,0,0,0,0,0
13,0,dense,1181,37,0,0,0,0,0,0,0,0,0,0,0,0,0
13,1,moe,688,34,8295,5477,5083,7120,257,0,0,4165,633,8,4,4,8
13,2,moe,660,34,2083,2995,1616,996,67,0,0,596,620,8,7,1,8
13,3,moe,480,33,2794,2775,1984,1801,66,0,0,1057,621,8,7,1,8
13,4,moe,655,33,9,0,0,0,0,0,9,0,537,8,8,0,8
13,5,moe,683,35,2393,2287,1747,1605,55,0,0,1014,548,8,7,1,8
13,6,moe,660,38,2894,2594,1970,1886,66,0,0,1028,627,8,7,1,8
13,7,moe,477,32,2402,2337,1777,1600,55,0,0,1030,548,8,7,1,8
13,8,moe,650,32,1734,2373,1417,856,57,0,0,596,554,8,7,1,8
13,9,moe,695,33,2941,2618,2024,1872,67,0,0,1022,620,8,7,1,8
13,10,moe,657,33,1861,2487,1470,913,57,0,0,579,549,8,7,1,8
13,11,moe,476,34,2946,5076,2327,1703,116,0,0,1200,551,8,6,2,8
13,12,moe,655,32,2481,1129,1454,2078,132,0,0,1183,627,8,6,2,8
13,13,moe,703,33,2497,2448,1876,1592,54,0,0,1025,548,8,7,1,8
13,14,moe,662,32,3909,2331,2835,3073,110,0,0,2109,554,8,6,2,8
13,15,moe,475,33,9889,3655,5786,8988,319,0,0,5204,626,8,3,5,8
13,16,moe,652,34,8929,4931,6152,7774,283,0,0,5280,562,8,3,5,8
13,17,moe,699,36,5564,3054,3954,4623,161,0,0,3174,559,8,5,3,8
13,18,moe,655,36,5279,8000,3354,4062,272,0,0,2409,632,8,4,4,8
13,19,moe,474,31,7002,8116,4765,5584,236,0,0,3583,558,8,4,4,8
13,20,moe,658,33,1702,2402,1388,854,57,0,0,597,548,8,7,1,8
13,21,moe,686,34,2467,1099,1442,2072,126,0,0,1173,622,8,6,2,8
13,22,moe,687,32,3481,1013,2314,3135,115,0,0,2083,550,8,6,2,8
13,23,moe,482,35,11,0,0,0,0,0,11,0,623,8,8,0,8
13,24,moe,693,35,7848,2633,4529,7259,256,0,0,4196,628,8,4,4,8
13,25,moe,690,35,2028,475,1222,1791,63,0,0,1048,622,8,7,1,8
13,26,moe,483,34,2577,1078,1567,1981,348,0,0,1319,626,8,6,2,8
13,-1,epi,0,0,0,0,0,0,0,0,3829,0,0,0,0,0,0
14,-2,pre,45,0,0,0,0,0,0,0,0,0,0,0,0,0,0
14,0,dense,1222,34,0,0,0,0,0,0,0,0,0,0,0,0,0
14,1,moe,691,35,5858,3164,3599,5073,319,0,0,3133,626,8,3,5,8
14,2,moe,673,37,10,0,0,0,0,0,10,0,617,8,8,0,8
14,3,moe,483,33,9,0,0,0,0,0,9,0,619,8,8,0,8
14,4,moe,657,32,8,0,0,0,0,0,8,0,555,8,8,0,8
14,5,moe,689,35,2453,2330,1815,1600,55,0,0,1017,555,8,7,1,8
14,6,moe,656,34,2910,2779,1989,1886,63,0,0,1028,618,8,7,1,8
14,7,moe,476,39,1558,2009,1165,913,58,0,0,578,553,8,7,1,8
14,8,moe,664,35,1751,2514,1433,855,58,0,0,595,553,8,7,1,8
14,9,moe,695,42,10,0,0,0,0,0,10,0,637,8,8,0,8
14,10,moe,650,36,9,0,0,0,0,0,9,0,550,8,8,0,8
14,11,moe,469,33,2449,2537,1903,1539,58,0,0,1051,552,8,7,1,8
14,12,moe,657,32,4919,2967,2985,4070,252,1,0,2389,632,8,4,4,8
14,13,moe,686,33,4326,4823,3162,3136,113,0,0,2085,551,8,6,2,8
14,14,moe,658,32,4715,12241,4093,1711,121,0,0,1210,552,8,6,2,8
14,15,moe,516,34,7417,6132,4577,6128,430,0,0,3718,630,8,2,6,8
14,16,moe,654,40,4355,3183,3045,3506,218,0,0,2414,557,8,4,4,8
14,17,moe,686,36,6108,3345,4275,5272,325,0,0,3764,565,8,2,6,8
14,18,moe,666,37,7017,6560,3657,6399,270,0,0,3309,636,8,4,4,8
14,19,moe,483,35,6075,9835,4450,4330,292,0,0,2997,556,8,3,5,8
14,20,moe,660,36,10,0,0,0,0,0,10,0,550,8,8,0,8
14,21,moe,687,37,6014,1821,3473,5489,195,0,0,3143,628,8,5,3,8
14,22,moe,701,38,6764,2243,4532,6207,222,0,0,4197,553,8,4,4,8
14,23,moe,482,35,1320,478,756,1075,63,0,0,574,626,8,7,1,8
14,24,moe,699,34,5883,1813,3462,5382,198,0,0,3159,634,8,5,3,8
14,25,moe,688,36,1224,484,763,986,66,0,0,591,626,8,7,1,8
14,26,moe,488,33,6698,6104,4189,5401,429,0,0,3321,632,8,5,3,8
14,-1,epi,0,0,0,0,0,0,0,0,3825,0,0,0,0,0,0
15,-2,pre,223,0,0,0,0,0,0,0,0,0,0,0,0,0,0
15,0,dense,1188,34,0,0,0,0,0,0,0,0,0,0,0,0,0
15,1,moe,695,38,7238,4439,4528,6081,383,1,0,3755,627,8,2,6,8
15,2,moe,682,36,10,0,0,0,0,0,10,0,624,8,8,0,8
15,3,moe,483,36,9,0,0,0,0,0,9,0,617,8,8,0,8
15,4,moe,656,35,9,0,0,0,0,0,9,0,548,8,8,0,8
15,5,moe,691,34,10,0,0,0,0,0,10,0,553,8,8,0,8
15,6,moe,656,37,4699,2820,3082,3595,127,0,0,2105,632,8,6,2,8
15,7,moe,483,37,1744,2319,1326,912,57,0,0,551,552,8,7,1,8
15,8,moe,659,35,2380,2318,1835,1537,58,0,0,1050,551,8,7,1,8
15,9,moe,688,32,2075,2596,1499,1083,66,0,0,573,622,8,7,1,8
15,10,moe,650,33,9,0,0,0,0,0,9,0,549,8,8,0,8
15,11,moe,480,31,6170,7028,4468,4676,173,0,0,3147,552,8,5,3,8
15,12,moe,657,35,3102,2948,2078,2065,130,1,0,1172,622,8,6,2,8
15,13,moe,682,32,1786,2253,1381,917,54,0,0,566,549,8,7,1,8
15,14,moe,662,32,1686,2346,1370,855,58,0,0,597,547,8,7,1,8
15,15,moe,475,32,5210,5380,3280,4067,267,0,0,2404,625,8,4,4,8
15,16,moe,701,40,3157,1614,2144,2688,170,0,0,1845,554,8,5,3,8
15,17,moe,695,40,10931,10238,7652,9031,588,0,0,6340,645,8,2,6,8
15,18,moe,665,44,11476,6346,7047,10168,421,0,0,6160,637,8,2,6,8
15,19,moe,486,40,3959,6659,2950,2613,183,0,0,1787,562,8,5,3,8
15,20,moe,669,43,7590,9926,5446,6162,229,0,0,4247,556,8,4,4,8
15,21,moe,686,38,2698,1217,1674,2065,131,0,0,1172,638,8,6,2,8
15,22,moe,687,39,6794,2251,4542,6227,221,0,0,4196,556,8,4,4,8
15,23,moe,484,39,4084,1094,2363,3685,131,0,0,2095,624,8,6,2,8
15,24,moe,692,42,4728,2612,2907,4161,271,0,0,2611,630,8,4,4,8
15,25,moe,691,48,2029,469,1220,1791,66,0,0,1048,627,8,7,1,8
15,26,moe,485,35,9105,11499,5776,7213,523,0,0,4407,628,8,4,4,8
15,-1,epi,0,0,0,0,0,0,0,0,3825,0,0,0,0,0,0
16,-2,pre,214,0,0,0,0,0,0,0,0,0,0,0,0,0,0
16,0,dense,1191,35,0,0,0,0,0,0,0,0,0,0,0,0,0
16,1,moe,690,38,11259,11709,7059,9433,348,0,0,5581,627,8,3,5,8
16,2,moe,655,37,8824,7901,5504,7530,310,0,0,4520,631,8,4,4,8
16,3,moe,483,41,8427,7800,5218,7197,297,0,0,4285,624,8,4,4,8
16,4,moe,659,35,7640,10256,5407,6206,234,0,0,4207,554,8,4,4,8
16,5,moe,678,35,6143,11781,4608,4276,291,0,0,3032,558,8,3,5,8
16,6,moe,651,37,5354,8948,3804,3493,407,0,0,2350,626,8,5,3,8
16,7,moe,476,32,3021,4780,2322,1751,117,0,0,1169,551,8,6,2,8
16,8,moe,651,36,4539,5022,3418,3211,112,0,0,2202,558,8,6,2,8
16,9,moe,691,35,9785,18320,7231,5664,210,0,0,3320,630,8,5,3,8
16,10,moe,662,32,10,0,0,0,0,0,10,0,541,8,8,0,8
16,11,moe,476,35,6101,9413,4474,4323,296,0,0,2992,554,8,3,5,8
16,12,moe,660,35,4606,6383,3137,3327,229,0,0,2087,626,8,5,3,8
16,13,moe,695,34,2468,2202,1831,1599,54,0,0,1016,553,8,7,1,8
16,14,moe,661,37,7581,7319,5344,6283,236,0,0,4282,556,8,4,4,8
16,15,moe,485,36,8710,5436,5246,7582,275,0,0,4393,622,8,4,4,8
16,16,moe,654,36,9305,9619,6550,7741,286,0,0,5272,557,8,3,5,8
16,17,moe,695,37,5845,7380,4236,4603,180,0,0,3174,556,8,5,3,8
16,18,moe,668,36,8753,9414,5417,7313,265,0,0,4242,626,8,4,4,8
16,19,moe,476,34,2534,2540,1902,1600,56,0,0,1024,546,8,7,1,8
16,20,moe,653,34,1761,417,1218,1534,58,0,0,1049,553,8,7,1,8
16,21,moe,688,36,2632,1430,1708,1889,64,0,0,1029,625,8,7,1,8
16,22,moe,691,35,1859,448,1229,1599,54,0,0,1023,554,8,7,1,8
16,23,moe,484,32,2116,479,1213,1872,63,0,0,1032,622,8,7,1,8
16,24,moe,698,36,3979,1109,2365,3592,127,1,0,2106,627,8,6,2,8
16,25,moe,693,35,2363,1106,1450,1981,131,0,0,1199,622,8,6,2,8
16,26,moe,490,39,35,0,0,0,0,0,35,0,642,8,8,0,8
16,-1,epi,0,0,0,0,0,0,0,0,3820,0,0,0,0,0,0
17,-2,pre,70,0,0,0,0,0,0,0,0,0,0,0,0,0,0
17,0,dense,1199,37,0,0,0,0,0,0,0,0,0,0,0,0,0
17,1,moe,689,35,1884,2745,1401,1036,71,0,0,624,626,8,7,1,8
17,2,moe,662,35,2775,2443,1932,1875,67,0,0,1099,619,8,7,1,8
17,3,moe,484,33,3041,2804,2089,2058,137,0,0,1243,623,8,6,2,8
17,4,moe,658,36,6067,4898,4296,4863,175,0,0,3267,549,8,5,3,8
17,5,moe,684,38,9,0,0,0,0,0,9,0,546,8,8,0,8
17,6,moe,654,39,2145,2711,1553,1122,70,0,0,600,624,8,7,1,8
17,7,moe,474,32,2222,1009,1493,1833,117,0,0,1221,550,8,6,2,8
17,8,moe,655,36,4541,5017,3420,3206,113,0,0,2198,552,8,6,2,8
17,9,moe,702,42,10,0,0,0,0,0,10,0,618,8,8,0,8
17,10,moe,661,35,4355,4788,3234,3207,115,1,0,2202,550,8,6,2,8
17,11,moe,479,32,3619,4705,2659,2659,189,0,0,1888,557,8,5,3,8
17,12,moe,659,34,4609,8474,3043,3247,213,0,0,1894,628,8,5,3,8
17,13,moe,686,34,4160,2455,2952,3261,115,0,0,2168,550,8,6,2,8
17,14,moe,661,37,9,0,0,0,0,0,9,0,550,8,8,0,8
17,15,moe,479,30,3446,5432,2376,2162,148,0,0,1240,622,8,6,2,8
17,16,moe,651,34,3052,4818,2319,1832,120,0,0,1219,553,8,6,2,8
17,17,moe,694,34,1119,452,791,889,59,0,0,620,553,8,7,1,8
17,18,moe,660,34,5009,5121,3222,3828,137,0,0,2178,628,8,6,2,8
17,19,moe,479,38,2624,2484,1986,1650,57,0,0,1069,554,8,7,1,8
17,20,moe,6667,34,2856,5472,2527,892,58,0,0,621,547,8,7,1,8
17,21,moe,686,35,4811,2511,3012,3840,132,0,0,2173,624,8,6,2,8
17,22,moe,681,35,9,0,0,0,0,0,9,0,541,8,8,0,8
17,23,moe,481,32,2109,488,1270,1867,66,0,0,1094,619,8,7,1,8
17,24,moe,688,34,4115,1126,2442,3737,130,0,0,2194,630,8,6,2,8
17,25,moe,690,37,6130,1846,3619,5624,202,0,0,3315,637,8,5,3,8
17,26,moe,492,35,10,0,0,0,0,0,10,0,620,8,8,0,8
17,-1,epi,0,0,0,0,0,0,0,0,3822,0,0,0,0,0,0
18,-2,pre,221,0,0,0,0,0,0,0,0,0,0,0,0,0,0
18,0,dense,1192,37,0,0,0,0,0,0,0,0,0,0,0,0,0
18,1,moe,687,35,7145,8260,4618,5655,209,0,0,3337,626,8,5,3,8
18,2,moe,659,40,4931,5145,3245,3755,138,1,0,2208,627,8,6,2,8
18,3,moe,490,37,6732,10419,4362,5186,362,0,0,3178,630,8,3,5,8
18,4,moe,658,39,6341,7756,4557,4879,174,0,0,3269,559,8,5,3,8
18,5,moe,681,36,4327,4889,3207,3197,120,0,0,2197,550,8,6,2,8
18,6,moe,652,34,4475,5221,2915,3214,210,0,0,1864,626,8,5,3,8
18,7,moe,483,35,4437,4847,3217,3275,120,0,0,2175,553,8,6,2,8
18,8,moe,660,36,2981,4819,2334,1781,117,0,0,1251,561,8,6,2,8
18,9,moe,690,38,4989,5114,3192,3837,132,0,0,2172,622,8,6,2,8
18,10,moe,666,32,6195,7049,4430,4897,184,0,0,3316,556,8,5,3,8
18,11,moe,484,34,10046,18413,7816,6409,317,0,0,4496,560,8,4,4,8
18,12,moe,656,37,4929,5445,3141,3696,137,0,0,2045,628,8,6,2,8
18,13,moe,690,247,1845,2215,1423,962,60,0,0,600,550,8,7,1,8
18,14,moe,666,40,8888,14424,6656,6425,239,0,0,4432,555,8,4,4,8
18,15,moe,483,38,13420,15597,8770,11181,487,0,0,7018,627,8,1,7,8
18,16,moe,658,44,7898,9715,5571,6482,244,0,0,4399,562,8,4,4,8
18,17,moe,692,45,9775,12473,6984,8029,296,0,0,5534,561,8,3,5,8
18,18,moe,655,38,10410,13063,6127,8712,344,0,0,4773,628,8,3,5,8
18,19,moe,481,37,8635,12168,5735,6851,318,0,0,4269,650,8,3,5,8
18,20,moe,718,47,7696,9522,5452,6096,249,0,0,4101,593,8,4,4,8
18,21,moe,750,55,6080,10845,4024,4306,286,0,0,2536,694,8,4,4,8
18,22,moe,745,47,9383,3233,6414,8306,290,0,0,5627,566,8,3,5,8
18,23,moe,508,44,8579,2615,4945,7913,293,0,0,4572,662,8,4,4,8
18,24,moe,734,50,7514,3827,4576,6563,436,0,0,4061,652,8,2,6,8
18,25,moe,716,40,11462,3795,7186,10546,420,0,0,6690,644,8,2,6,8
18,26,moe,530,43,11166,21601,7272,8113,1042,0,0,5261,644,8,0,8,8
18,-1,epi,0,0,0,0,0,0,0,0,4158,0,0,0,0,0,0
19,-2,pre,168,0,0,0,0,0,0,0,0,0,0,0,0,0,0
19,0,dense,1187,40,0,0,0,0,0,0,0,0,0,0,0,0,0
19,1,moe,684,39,10413,13133,6218,8482,408,0,0,4695,633,8,3,5,8
19,2,moe,674,39,3290,5315,2336,2069,141,0,0,1256,647,8,6,2,8
19,3,moe,494,34,4989,5176,3314,3747,135,0,0,2207,622,8,6,2,8
19,4,moe,660,34,2608,2285,1940,1664,59,0,0,1055,572,8,7,1,8
19,5,moe,685,34,4383,4964,3260,3204,121,0,0,2202,552,8,6,2,8
19,6,moe,679,38,1383,429,781,1126,70,0,0,594,618,8,7,1,8
19,7,moe,481,32,4627,8620,3964,1690,58,0,0,1085,560,8,7,1,8
19,8,moe,659,37,4197,7410,3236,2669,193,0,0,1901,556,8,5,3,8
19,9,moe,692,38,2152,2490,1555,1123,68,0,0,594,621,8,7,1,8
19,10,moe,655,35,6396,6396,4625,4805,182,0,0,3216,552,8,5,3,8
19,11,moe,482,36,4934,7221,3658,3557,240,0,0,2521,562,8,4,4,8
19,12,moe,663,37,7095,7832,4469,5739,200,0,0,3313,626,8,5,3,8
19,13,moe,688,39,1923,463,1276,1662,57,0,0,1072,550,8,7,1,8
19,14,moe,651,33,2722,2359,2076,1778,119,0,0,1251,559,8,6,2,8
19,15,moe,490,33,4977,5468,3189,3859,140,0,0,2211,624,8,6,2,8
19,16,moe,652,35,5941,4955,4165,4881,176,0,0,3281,555,8,5,3,8
19,17,moe,694,37,4538,4940,3414,3213,118,0,0,2207,560,8,6,2,8
19,18,moe,652,35,5274,5529,3484,3835,133,0,0,2178,625,8,6,2,8
19,19,moe,479,34,9,0,0,0,0,0,9,0,543,8,8,0,8
19,20,moe,650,32,1670,1348,1261,925,57,0,0,573,547,8,7,1,8
19,21,moe,687,33,7175,8016,4658,5503,202,0,0,3188,628,8,5,3,8
19,22,moe,680,36,1693,1292,1279,951,60,0,0,597,547,8,7,1,8
19,23,moe,482,33,1366,480,796,1106,67,0,0,603,618,8,7,1,8
19,24,moe,703,34,9,0,0,0,0,0,9,0,622,8,8,0,8
19,25,moe,676,33,6074,1846,3572,5599,198,0,0,3295,631,8,5,3,8
19,26,moe,496,36,2987,3058,2141,1873,65,0,0,1092,630,8,7,1,8
19,-1,epi,0,0,0,0,0,0,0,0,3830,0,0,0,0,0,0
20,-2,pre,240,0,0,0,0,0,0,0,0,0,0,0,0,0,0
20,0,dense,1191,43,0,0,0,0,0,0,0,0,0,0,0,0,0
20,1,moe,693,38,4794,2982,3112,3746,131,0,0,2195,625,8,6,2,8
20,2,moe,666,38,6955,7997,4424,5648,208,0,0,3325,633,8,5,3,8
20,3,moe,475,37,4927,5105,3243,3749,140,0,0,2205,623,8,6,2,8
20,4,moe,657,35,2596,2417,1936,1663,57,0,0,1060,554,8,7,1,8
20,5,moe,687,35,6672,9934,4442,5324,237,0,0,3331,562,8,4,4,8
20,6,moe,660,36,2103,2615,1509,1120,69,0,0,595,628,8,7,1,8
20,7,moe,488,33,4462,4406,3251,3263,115,0,0,2167,551,8,6,2,8
20,8,moe,659,33,1703,2180,1371,893,60,0,0,621,559,8,7,1,8
20,9,moe,703,37,7056,7809,4410,5687,204,0,0,3245,631,8,5,3,8
20,10,moe,669,40,1919,2257,1480,976,59,0,0,596,560,8,7,1,8
20,11,moe,491,33,10,0,0,0,0,1,9,0,546,8,8,0,8
20,12,moe,672,35,2118,2373,1501,1140,67,0,0,590,632,8,7,1,8
20,13,moe,735,36,1879,2148,1426,990,60,0,0,597,568,8,7,1,8
20,14,moe,660,36,1822,2406,1494,890,60,0,0,622,549,8,7,1,8
20,15,moe,489,36,4914,3109,3111,3842,136,0,0,2175,624,8,6,2,8
20,16,moe,663,53,3068,4728,2332,1838,125,0,0,1227,557,8,6,2,8
20,17,moe,695,37,6101,7129,4422,4806,182,0,0,3309,556,8,5,3,8
20,18,moe,670,38,9463,15152,6834,5716,203,0,0,3290,623,8,5,3,8
20,19,moe,483,33,4089,7549,3033,2732,186,0,0,1862,559,8,5,3,8
20,20,moe,661,34,4159,3632,3039,3197,118,0,0,2195,553,8,6,2,8
20,21,moe,693,34,7336,8232,4707,5766,200,0,0,3337,625,8,5,3,8
20,22,moe,682,33,6166,4751,4393,4859,175,0,0,3261,552,8,5,3,8
20,23,moe,485,33,2571,1115,1504,2166,135,0,0,1234,625,8,6,2,8
20,24,moe,694,35,4872,2591,2982,4285,275,0,0,2670,636,8,4,4,8
20,25,moe,691,39,4128,1109,2454,3741,134,0,0,2201,635,8,6,2,8
20,26,moe,494,35,2877,2642,2030,1873,70,0,0,1096,631,8,7,1,8
20,-1,epi,0,0,0,0,0,0,0,0,3821,0,0,0,0,0,0
21,-2,pre,220,0,0,0,0,0,0,0,0,0,0,0,0,0,0
21,0,dense,1182,37,0,0,0,0,0,0,0,0,0,0,0,0,0
21,1,moe,689,35,11909,8661,7618,10505,417,0,0,6631,631,8,2,6,8
21,2,moe,665,38,6923,8740,4413,5623,212,0,0,3325,630,8,5,3,8
21,3,moe,493,33,10704,10879,6540,9351,338,0,0,5525,629,8,3,5,8
21,4,moe,662,39,3595,2576,2531,2733,176,0,0,1845,551,8,5,3,8
21,5,moe,693,35,4046,2321,2922,3211,113,0,0,2200,559,8,6,2,8
21,6,moe,657,33,5766,8199,3753,4341,280,0,0,2608,630,8,4,4,8
21,7,moe,490,34,7516,4991,5189,6470,232,1,0,4376,558,8,4,4,8
21,8,moe,663,40,2717,2459,2071,1770,118,0,0,1242,556,8,6,2,8
21,9,moe,688,37,2159,2587,1560,1128,69,0,0,598,633,8,7,1,8
21,10,moe,656,246,7425,10166,5093,6481,228,0,0,4377,554,8,4,4,8
21,11,moe,486,40,4168,7848,3197,2705,183,0,0,1917,560,8,5,3,8
21,12,moe,661,43,6840,6227,4224,5756,202,0,0,3342,630,8,5,3,8
21,13,moe,688,39,6079,4947,4313,4871,172,0,0,3277,564,8,5,3,8
21,14,moe,655,41,5348,8232,4071,3942,238,0,0,2903,556,8,4,4,8
21,15,moe,488,39,8861,8467,5390,7592,276,0,0,4397,629,8,4,4,8
21,16,moe,657,43,7839,9937,5528,6451,245,0,0,4385,555,8,4,4,8
21,17,moe,690,39,3592,4832,2670,2560,172,0,0,1810,555,8,5,3,8
21,18,moe,655,42,8703,8187,5348,7307,281,0,0,4233,645,8,4,4,8
21,19,moe,537,36,12975,25726,10086,7942,335,0,0,5388,562,8,3,5,8
21,20,moe,659,36,9881,11992,7102,8016,286,0,0,5523,564,8,3,5,8
21,21,moe,685,37,8423,11301,5080,6875,274,0,0,3806,633,8,4,4,8
21,22,moe,690,37,7119,8122,4796,5723,238,0,0,3638,556,8,4,4,8
21,23,moe,490,32,2795,1288,1730,2155,135,0,0,1225,627,8,6,2,8
21,24,moe,704,37,7857,2600,4647,7292,269,0,0,4351,634,8,4,4,8
21,25,moe,691,37,7742,2599,4539,7188,253,0,0,4238,633,8,4,4,8
21,26,moe,486,37,6818,5478,4308,5394,428,0,0,3312,633,8,5,3,8
21,-1,epi,0,0,0,0,0,0,0,0,3823,0,0,0,0,0,0
22,-2,pre,216,0,0,0,0,0,0,0,0,0,0,0,0,0,0
22,0,dense,1185,36,0,0,0,0,0,0,0,0,0,0,0,0,0
22,1,moe,699,42,6994,8115,4481,5627,212,1,0,3327,626,8,5,3,8
22,2,moe,671,39,4821,2742,3138,3750,131,0,0,2198,629,8,6,2,8
22,3,moe,493,35,8637,5879,5350,7508,267,0,0,4488,629,8,4,4,8
22,4,moe,665,34,7660,7123,5416,6287,234,0,0,4277,552,8,4,4,8
22,5,moe,692,37,3721,4773,2798,2559,174,0,0,1810,558,8,5,3,8
22,6,moe,656,35,5592,8432,3657,4140,274,0,0,2479,627,8,4,4,8
22,7,moe,480,36,11,0,0,0,0,0,11,0,544,8,8,0,8
22,8,moe,647,31,7248,10166,4922,5877,245,0,0,3796,560,8,4,4,8
22,9,moe,692,36,6077,10873,4053,4468,283,0,0,2727,629,8,4,4,8
22,10,moe,654,41,7866,9736,5542,6339,237,0,0,4252,554,8,4,4,8
22,11,moe,482,32,1832,459,1267,1599,58,0,0,1092,546,8,7,1,8
22,12,moe,656,33,7028,8112,4419,5693,205,0,0,3289,634,8,5,3,8
22,13,moe,685,37,3984,5035,2932,2750,175,0,0,1873,557,8,5,3,8
22,14,moe,659,36,2938,4712,2299,1768,121,0,0,1250,551,8,6,2,8
22,15,moe,482,36,2918,2738,1997,1885,65,0,0,1029,627,8,7,1,8
22,16,moe,653,35,3356,2406,2344,2612,174,0,0,1774,557,8,5,3,8
22,17,moe,685,34,6147,7486,4471,4712,174,0,0,3210,556,8,5,3,8
22,18,moe,651,35,3228,3857,2159,2164,140,0,0,1235,625,8,6,2,8
22,19,moe,492,51,6620,17924,5616,2654,183,0,0,1833,551,8,5,3,8
22,20,moe,650,35,10,0,0,0,0,1,9,0,545,8,8,0,8
22,21,moe,7582,36,2964,2474,1931,2069,130,0,0,1166,620,8,6,2,8
22,22,moe,682,34,4347,4950,3182,3129,118,0,0,2082,551,8,6,2,8
22,23,moe,482,34,9,0,0,0,0,0,9,0,609,8,8,0,8
22,24,moe,684,32,6025,1846,3459,5530,194,0,0,3158,625,8,5,3,8
22,25,moe,695,37,9,0,0,0,0,0,9,0,619,8,8,0,8
22,26,moe,485,32,10,0,0,0,0,0,10,0,619,8,8,0,8
22,-1,epi,0,0,0,0,0,0,0,0,3822,0,0,0,0,0,0
23,-2,pre,228,0,0,0,0,0,0,0,0,0,0,0,0,0,0
23,0,dense,1183,41,0,0,0,0,0,0,0,0,0,0,0,0,0
23,1,moe,690,34,10390,13613,6222,8553,352,0,0,4737,632,8,3,5,8
23,2,moe,665,35,4956,5201,3278,3748,137,0,0,2207,630,8,6,2,8
23,3,moe,609,33,6939,8369,4424,5629,203,0,0,3317,628,8,5,3,8
23,4,moe,665,35,1933,436,1273,1660,57,0,0,1057,552,8,7,1,8
23,5,moe,694,38,9319,7296,6536,8013,299,0,0,5529,560,8,3,5,8
23,6,moe,669,39,2938,2627,1983,1959,66,0,0,1070,626,8,7,1,8
23,7,moe,603,35,6113,7036,4329,4890,180,0,0,3286,563,8,5,3,8
23,8,moe,658,33,4825,7570,3534,3561,239,0,0,2509,560,8,4,4,8
23,9,moe,695,38,4999,5017,3189,3839,141,0,0,2170,637,8,6,2,8
23,10,moe,663,36,7730,6941,5442,6444,230,0,0,4386,554,8,4,4,8
23,11,moe,593,32,4536,7301,3311,3412,241,0,0,2428,558,8,4,4,8
23,12,moe,652,34,6998,7621,4436,5535,197,0,0,3170,629,8,5,3,8
23,13,moe,687,35,6300,7172,4524,4865,181,0,0,3270,557,8,5,3,8
23,14,moe,673,35,5903,4905,4292,4672,171,0,0,3232,557,8,5,3,8
23,15,moe,592,30,5516,8437,3572,4061,269,1,0,2387,627,8,4,4,8
23,16,moe,660,36,11103,6884,7650,9605,344,0,0,6496,566,8,2,6,8
23,17,moe,689,37,4140,2643,3019,3203,114,0,0,2196,560,8,6,2,8
23,18,moe,667,37,5284,6147,3337,4179,269,0,0,2501,631,8,4,4,8
23,19,moe,594,32,4324,4916,3154,3135,115,0,0,2080,561,8,6,2,8
23,20,moe,659,32,2415,2311,1872,1534,57,0,0,1048,549,8,7,1,8
23,21,moe,684,33,8231,5071,4896,7274,266,0,0,4205,627,8,4,4,8
23,22,moe,681,37,8543,17185,6835,4722,175,0,0,3189,552,8,5,3,8
23,23,moe,595,33,6655,6581,4126,5351,189,0,0,3011,629,8,5,3,8
23,24,moe,682,34,9833,3134,5784,9022,337,0,0,5310,707,8,3,5,8
23,25,moe,690,44,9853,3197,5819,9043,344,0,0,5353,758,8,3,5,8
23,26,moe,620,42,5493,7716,3661,4136,279,0,0,2583,657,8,4,4,8
23,-1,epi,0,0,0,0,0,0,0,0,4009,0,0,0,0,0,0
24,-2,pre,215,0,0,0,0,0,0,0,0,0,0,0,0,0,0
24,0,dense,1171,37,0,0,0,0,0,0,0,0,0,0,0,0,0
24,1,moe,721,39,6805,10844,4446,5225,344,0,0,3210,619,8,3,5,8
24,2,moe,656,42,6991,14109,4615,5179,365,0,0,3168,634,8,3,5,8
24,3,moe,609,40,3044,3178,2081,2063,135,0,0,1235,619,8,6,2,8
24,4,moe,659,42,7856,10393,5516,6228,257,0,0,4145,552,8,4,4,8
24,5,moe,689,39,5410,3468,3823,4431,287,0,0,3131,553,8,3,5,8
24,6,moe,658,38,11673,4191,7347,10589,401,0,0,6664,732,8,2,6,8
24,7,moe,622,3077,10580,2686,9215,3621,225,0,0,2481,556,8,4,4,8
24,8,moe,718,43,9081,9563,6934,5974,403,0,0,4230,646,8,1,7,8
24,9,moe,712,42,9261,8864,5801,7411,519,0,0,4470,654,8,1,7,8
24,10,moe,652,45,3776,2844,2715,2720,172,0,0,1831,560,8,5,3,8
24,11,moe,608,44,6924,7129,5022,5422,373,0,0,3893,562,8,2,6,8
24,12,moe,659,45,9102,16383,6135,6558,420,0,0,4011,637,8,2,6,8
24,13,moe,689,42,6616,4013,4610,5524,341,0,0,3859,556,8,2,6,8
24,14,moe,658,41,6926,9808,5023,5366,371,0,0,3834,561,8,2,6,8
24,15,moe,594,41,9354,10975,5938,7471,514,0,0,4569,633,8,1,7,8
24,16,moe,662,40,9033,9051,6403,7271,466,0,0,5107,562,8,0,8,8
24,17,moe,686,39,7365,12055,6140,3405,226,0,0,2406,559,8,4,4,8
24,18,moe,660,38,10576,10781,6430,9100,335,0,0,5289,632,8,3,5,8
24,19,moe,591,38,5199,9519,3880,3498,233,0,0,2412,554,8,4,4,8
24,20,moe,651,38,7085,14807,5260,5135,361,0,0,3671,559,8,2,6,8
24,21,moe,682,40,6926,7922,4529,5254,332,0,0,3189,630,8,3,5,8
24,22,moe,689,41,5884,9339,4261,4322,299,0,0,2998,558,8,3,5,8
24,23,moe,593,37,6402,8264,4019,5055,345,0,0,3017,631,8,3,5,8
24,24,moe,694,40,8261,3858,5046,7184,259,0,0,4228,627,8,4,4,8
24,25,moe,687,44,2364,1130,1450,1978,131,0,0,1195,625,8,6,2,8
24,26,moe,607,42,9620,15985,6334,7300,505,0,0,4519,641,8,1,7,8
24,-1,epi,0,0,0,0,0,0,0,0,3836,0,0,0,0,0,0
25,-2,pre,196,0,0,0,0,0,0,0,0,0,0,0,0,0,0
25,0,dense,1193,42,0,0,0,0,0,0,0,0,0,0,0,0,0
25,1,moe,692,45,11,0,0,0,0,0,11,0,622,8,8,0,8
25,2,moe,655,38,1264,486,787,1028,66,0,0,617,626,8,7,1,8
25,3,moe,608,46,4630,8283,3214,3098,213,0,0,1895,628,8,5,3,8
25,4,moe,667,41,1945,2542,1521,950,59,0,0,585,550,8,7,1,8
25,5,moe,685,40,11,0,0,0,0,0,11,0,542,8,8,0,8
25,6,moe,652,42,2020,2267,1434,1115,69,0,0,598,628,8,7,1,8
25,7,moe,595,37,2380,2159,1727,1666,59,0,0,1072,551,8,7,1,8
25,8,moe,680,43,2662,2435,2020,1767,114,0,0,1239,554,8,6,2,8
25,9,moe,688,40,1394,493,794,1124,69,1,0,594,622,8,7,1,8
25,10,moe,659,39,4064,7322,3019,2722,183,0,0,1860,551,8,5,3,8
25,11,moe,589,37,9,0,0,0,0,0,9,0,539,8,8,0,8
25,12,moe,657,37,9,0,0,0,0,0,9,0,616,8,8,0,8
25,13,moe,686,37,1827,2408,1500,889,57,0,0,619,588,8,7,1,8
25,14,moe,671,42,2708,2376,2063,1775,117,1,0,1248,550,8,6,2,8
25,15,moe,597,37,6668,2944,4049,5690,204,0,0,3275,624,8,5,3,8
25,16,moe,658,40,2740,2375,2010,1825,120,0,0,1215,553,8,6,2,8
25,17,moe,688,40,4017,7102,3061,2665,179,0,0,1888,552,8,5,3,8
25,18,moe,653,39,5105,5180,3314,3827,139,0,0,2175,625,8,6,2,8
25,19,moe,599,40,4215,7336,3168,2778,181,0,0,1912,560,8,5,3,8
25,20,moe,653,40,1800,2410,1471,892,61,0,0,624,551,8,7,1,8
25,21,moe,691,39,4806,8419,3281,3215,210,0,0,1900,636,8,5,3,8
25,22,moe,693,41,2570,2373,1908,1669,59,0,0,1066,551,8,7,1,8
25,23,moe,592,35,2108,2441,1518,1126,66,0,0,602,619,8,7,1,8
25,24,moe,687,37,2917,1900,1964,2066,134,0,0,1247,622,8,6,2,8
25,25,moe,681,40,1283,492,801,1031,67,0,0,616,619,8,7,1,8
25,26,moe,605,37,1282,490,792,1040,67,0,0,617,624,8,7,1,8
25,-1,epi,0,0,0,0,0,0,0,0,3819,0,0,0,0,0,0
26,-2,pre,3158,0,0,0,0,0,0,0,0,0,0,0,0,0,0
26,0,dense,1190,43,0,0,0,0,0,0,0,0,0,0,0,0,0
26,1,moe,695,41,3657,1861,2235,3156,207,0,0,1941,631,8,5,3,8
26,2,moe,664,44,6993,8309,4472,5633,206,0,0,3318,630,8,5,3,8
26,3,moe,604,45,2479,1105,1524,2074,136,0,0,1255,623,8,6,2,8
26,4,moe,661,45,1893,2476,1466,955,58,0,0,586,556,8,7,1,8
26,5,moe,698,41,9,0,0,0,0,0,9,0,556,8,8,0,8
26,6,moe,669,39,2070,2550,1453,1136,66,0,0,585,636,8,7,1,8
26,7,moe,610,39,10,0,0,0,0,0,10,0,552,8,8,0,8
26,8,moe,666,39,1812,2316,1386,956,58,0,0,588,549,8,7,1,8
26,9,moe,683,40,10,0,0,0,0,0,10,0,613,8,8,0,8
26,10,moe,647,39,3110,4930,2465,1778,119,0,0,1252,555,8,6,2,8
26,11,moe,583,38,2662,2419,2013,1770,118,0,0,1239,563,8,6,2,8
26,12,moe,663,39,2158,2487,1532,1147,69,0,0,590,641,8,7,1,8
26,13,moe,711,42,3048,4906,2263,1888,116,0,0,1219,593,8,6,2,8
26,14,moe,710,41,3761,4598,2788,2668,186,0,0,1881,566,8,5,3,8
26,15,moe,639,38,4499,5390,2944,3201,204,0,0,1850,661,8,5,3,8
26,16,moe,694,44,5390,1621,3599,4868,182,0,0,3259,602,8,5,3,8
26,17,moe,777,50,1678,2242,1350,891,57,0,0,620,572,8,7,1,8
26,18,moe,715,46,3976,2463,2367,3273,201,0,0,1865,665,8,5,3,8
26,19,moe,672,38,5079,5980,3645,3770,238,0,0,2574,578,8,4,4,8
26,20,moe,693,57,2936,4604,2274,1808,118,0,0,1264,569,8,6,2,8
26,21,moe,716,42,3377,4264,2290,2171,138,0,0,1222,672,8,6,2,8
26,22,moe,759,46,3589,2534,2494,2782,170,0,0,1857,562,8,5,3,8
26,23,moe,628,46,10,0,0,0,0,0,10,0,643,8,8,0,8
26,24,moe,768,42,6332,3558,3808,5376,338,0,0,3190,672,8,3,5,8
26,25,moe,729,40,1298,486,810,1038,71,0,0,621,701,8,7,1,8
26,26,moe,663,49,4056,5205,2606,3163,200,0,0,1913,678,8,5,3,8
26,-1,epi,0,0,0,0,0,0,0,0,4247,0,0,0,0,0,0
27,-2,pre,137,0,0,0,0,0,0,0,0,0,0,0,0,0,0
27,0,dense,1192,42,0,0,0,0,0,0,0,0,0,0,0,0,0
27,1,moe,695,54,7215,10653,4664,5591,373,0,0,3413,659,8,3,5,8
27,2,moe,707,55,9047,7856,5494,7930,292,0,0,4669,674,8,4,4,8
27,3,moe,680,49,9318,12591,6017,7455,484,0,0,4638,691,8,1,7,8
27,4,moe,707,42,4799,5028,3341,3730,239,0,0,2511,578,8,4,4,8
27,5,moe,743,39,6725,17560,5453,3536,232,0,0,2496,562,8,4,4,8
27,6,moe,655,43,3486,5222,2361,2221,133,0,0,1229,633,8,6,2,8
27,7,moe,651,48,3022,4745,2270,1860,121,0,0,1229,568,8,6,2,8
27,8,moe,683,43,1645,2155,1316,886,58,0,0,615,568,8,7,1,8
27,9,moe,731,38,7274,7615,4489,5820,218,0,0,3253,651,8,5,3,8
27,10,moe,686,42,5229,7768,3845,3664,237,0,0,2517,582,8,4,4,8
27,11,moe,614,39,4629,7101,3342,3552,249,0,0,2514,577,8,4,4,8
27,12,moe,717,39,4874,2721,3040,3865,140,0,0,2171,648,8,6,2,8
27,13,moe,726,47,7696,7089,5329,6526,242,0,0,4401,576,8,4,4,8
27,14,moe,676,41,9167,9415,6364,7797,308,0,0,5302,591,8,3,5,8
27,15,moe,721,89,16354,10813,9435,14639,558,0,0,8278,658,8,0,8,8
27,16,moe,710,41,5990,6920,4249,4650,300,0,0,3209,669,8,3,5,8
27,17,moe,719,50,5497,2291,3799,4852,182,0,0,3336,684,8,5,3,8
27,18,moe,723,48,14728,10343,8562,12961,499,0,0,7294,645,8,1,7,8
27,19,moe,645,53,6220,10034,4434,4753,298,0,0,3265,585,8,3,5,8
27,20,moe,688,45,8036,9283,5683,6632,241,0,0,4520,575,8,4,4,8
27,21,moe,711,42,5801,9609,3743,4409,339,0,0,2690,682,8,4,4,8
27,22,moe,735,41,4652,4589,3284,3666,263,0,0,2561,590,8,4,4,8
27,23,moe,663,38,3131,2658,2026,2190,137,0,0,1222,703,8,6,2,8
27,24,moe,738,44,7460,4251,4629,6294,411,0,0,3874,683,8,2,6,8
27,25,moe,734,42,6245,3254,3815,5323,351,0,0,3244,649,8,3,5,8
27,26,moe,639,59,7630,5034,4722,6493,408,0,0,3993,655,8,2,6,8
27,-1,epi,0,0,0,0,0,0,0,0,3994,0,0,0,0,0,0
28,-2,pre,182,0,0,0,0,0,0,0,0,0,0,0,0,0,0
28,0,dense,1196,44,0,0,0,0,0,0,0,0,0,0,0,0,0
28,1,moe,714,43,9141,14317,6235,7096,440,0,0,4630,672,8,2,6,8
28,2,moe,668,69,11138,10942,6781,9673,346,0,0,5662,656,8,3,5,8
28,3,moe,614,42,13199,10771,8681,11588,499,0,0,7569,653,8,1,7,8
28,4,moe,691,50,3014,4682,2242,1873,120,0,0,1221,564,8,6,2,8
28,5,moe,755,49,8049,9430,5698,6648,247,0,0,4544,586,8,4,4,8
28,6,moe,698,40,4515,4840,2942,3202,205,0,0,1834,655,8,5,3,8
28,7,moe,658,56,4855,6920,3474,3632,245,0,0,2496,569,8,4,4,8
28,8,moe,666,55,3683,4994,2690,2688,180,0,0,1875,568,8,5,3,8
28,9,moe,715,43,7156,13251,4545,5404,355,0,0,3148,653,8,3,5,8
28,10,moe,727,45,6347,11826,4635,4537,300,0,0,3125,571,8,3,5,8
28,11,moe,643,55,3329,2215,2320,2695,181,0,0,1867,576,8,5,3,8
28,12,moe,688,54,2072,2374,1425,1175,69,1,0,598,639,8,7,1,8
28,13,moe,707,61,4814,7089,3360,3689,241,0,0,2476,587,8,4,4,8
28,14,moe,686,39,4498,4590,3212,3570,241,0,0,2525,583,8,4,4,8
28,15,moe,632,38,4427,6868,2826,3260,206,0,0,1865,645,8,5,3,8
28,16,moe,687,43,6918,10001,4895,5407,364,0,0,3748,588,8,2,6,8
28,17,moe,733,41,7976,9852,5634,6550,237,0,0,4445,579,8,4,4,8
28,18,moe,681,49,6932,2882,4122,5947,203,0,0,3340,677,8,5,3,8
28,19,moe,659,38,7667,9603,5205,6360,246,0,0,4144,591,8,4,4,8
28,20,moe,713,42,6265,6996,4500,4994,190,0,0,3419,585,8,5,3,8
28,21,moe,711,39,4400,5185,2841,3212,208,0,0,1861,671,8,5,3,8
28,22,moe,7561,40,4710,4937,3242,3726,237,0,0,2495,587,8,4,4,8
28,23,moe,710,39,3421,5340,2328,2192,147,0,0,1246,635,8,6,2,8
28,24,moe,716,44,4987,7550,3534,3402,220,0,0,2169,642,8,5,3,8
28,25,moe,709,44,4348,4400,2920,3108,200,0,0,1880,654,8,5,3,8
28,26,moe,652,49,4393,7826,2964,3113,216,1,0,1901,676,8,5,3,8
28,-1,epi,0,0,0,0,0,0,0,0,4063,0,0,0,0,0,0
29,-2,pre,160,0,0,0,0,0,0,0,0,0,0,0,0,0,0
29,0,dense,1187,43,0,0,0,0,0,0,0,0,0,0,0,0,0
29,1,moe,712,57,8578,5182,5144,7599,276,0,0,4441,652,8,4,4,8
29,2,moe,690,46,6656,7631,4278,5344,364,0,0,3330,681,8,3,5,8
29,3,moe,651,40,6029,10464,4126,4515,290,0,0,2902,657,8,4,4,8
29,4,moe,679,58,6263,7043,4376,5026,176,0,0,3315,560,8,5,3,8
29,5,moe,710,41,6161,6933,4463,4856,187,0,0,3345,566,8,5,3,8
29,6,moe,677,40,12831,17136,7473,10716,429,0,0,5787,650,8,2,6,8
29,7,moe,654,46,3948,7063,2875,2758,193,0,0,1878,566,8,5,3,8
29,8,moe,686,40,8733,11452,5936,7139,300,0,0,4642,571,8,3,5,8
29,9,moe,715,44,3226,2726,2090,2205,143,0,0,1212,641,8,6,2,8
29,10,moe,677,43,4003,4600,2921,2797,179,0,0,1894,558,8,5,3,8
29,11,moe,620,44,3854,4709,2879,2709,179,0,0,1913,572,8,5,3,8
29,12,moe,700,44,2120,2495,1495,1147,69,0,0,591,667,8,7,1,8
29,13,moe,716,38,6173,4545,4307,5060,174,0,0,3368,598,8,5,3,8
29,14,moe,713,44,3186,1701,2220,2729,172,0,0,1935,589,8,5,3,8
29,15,moe,631,38,4727,2352,2827,3962,139,0,0,2201,700,8,6,2,8
29,16,moe,705,54,3745,2488,2635,2774,177,0,0,1841,564,8,5,3,8
29,17,moe,715,46,7433,4488,5186,6458,235,0,0,4446,577,8,4,4,8
29,18,moe,692,49,8895,5622,5379,7702,279,0,0,4465,651,8,4,4,8
29,19,moe,608,59,6096,7425,4287,4875,186,0,0,3252,570,8,5,3,8
29,20,moe,684,43,3876,7059,2951,2588,173,0,0,1836,549,8,5,3,8
29,21,moe,682,34,5557,8233,3584,4149,303,0,0,2479,636,8,4,4,8
29,22,moe,1294,39,4361,4535,3118,3241,127,0,0,2125,556,8,6,2,8
29,23,moe,638,39,12842,10254,8506,9473,313,0,0,5450,662,8,3,5,8
29,24,moe,765,39,5322,7994,3498,4011,269,0,0,2456,630,8,4,4,8
29,25,moe,709,61,5292,7840,3406,4042,270,0,0,2426,635,8,4,4,8
29,26,moe,613,33,6663,8106,4275,5310,339,0,0,3261,660,8,3,5,8
29,-1,epi,0,0,0,0,0,0,0,0,4157,0,0,0,0,0,0
30,-2,pre,137,0,0,0,0,0,0,0,0,0,0,0,0,0,0
30,0,dense,1208,33,0,0,0,0,0,0,0,0,0,0,0,0,0
30,1,moe,722,38,8056,10901,5092,6549,433,0,0,4018,641,8,2,6,8
30,2,moe,666,42,7169,20771,5737,3103,216,0,0,1887,626,8,5,3,8
30,3,moe,618,38,10467,10733,5147,8647,435,0,0,3762,798,8,2,6,8
30,4,moe,720,44,4778,4536,3387,3661,247,0,0,2517,665,8,4,4,8
30,5,moe,745,51,2155,1057,1501,1780,119,0,0,1245,649,8,6,2,8
30,6,moe,708,54,2983,2279,1965,2012,72,0,0,1066,635,8,7,1,8
30,7,moe,650,48,6126,5386,4347,4846,175,0,0,3242,581,8,5,3,8
30,8,moe,699,46,4051,2061,2876,3246,114,0,0,2185,566,8,6,2,8
30,9,moe,747,47,6530,1831,3774,5971,212,0,0,3427,678,8,5,3,8
30,10,moe,723,44,10801,3627,7399,9867,359,0,0,6824,598,8,2,6,8
30,11,moe,644,44,6165,4502,4390,4991,185,0,0,3401,575,8,5,3,8
30,12,moe,686,43,6913,10486,4300,5421,342,0,0,3150,639,8,3,5,8
30,13,moe,703,39,4277,2595,2936,3519,228,0,0,2406,579,8,4,4,8
30,14,moe,680,44,5380,3655,3761,4463,299,0,0,3143,575,8,3,5,8
30,15,moe,678,36,8340,2941,4841,7507,264,0,0,4272,628,8,4,4,8
30,16,moe,673,54,6709,6810,5309,5423,229,0,0,4252,551,8,4,4,8
30,17,moe,709,58,8927,4683,6094,7992,280,0,0,5439,562,8,3,5,8
30,18,moe,672,40,8681,6993,5197,7452,457,0,0,4425,632,8,1,7,8
30,19,moe,619,40,10722,15054,7229,8537,370,0,0,5414,560,8,2,6,8
30,20,moe,675,39,8424,17018,6255,5984,421,0,0,4236,583,8,1,7,8
30,21,moe,717,55,7228,13788,4717,5425,348,0,0,3262,625,8,3,5,8
30,22,moe,706,38,11643,9785,8170,9692,354,0,0,6573,559,8,2,6,8
30,23,moe,661,43,6584,7950,4174,5055,337,0,0,2982,639,8,3,5,8
30,24,moe,718,39,13060,8363,8697,11429,470,0,0,7536,661,8,1,7,8
30,25,moe,743,51,10610,6889,6452,9346,326,0,0,5514,635,8,3,5,8
30,26,moe,631,38,13371,13414,9149,11451,460,0,0,7689,667,8,1,7,8
30,-1,epi,0,0,0,0,0,0,0,0,4191,0,0,0,0,0,0
31,-2,pre,143,0,0,0,0,0,0,0,0,0,0,0,0,0,0
31,0,dense,1207,42,0,0,0,0,0,0,0,0,0,0,0,0,0
31,1,moe,724,43,13084,16775,8538,10995,465,0,0,6914,646,8,1,7,8
31,2,moe,720,40,12776,17005,8475,10490,405,0,0,6594,654,8,2,6,8
31,3,moe,618,46,9071,13883,5773,7129,498,0,0,4329,636,8,1,7,8
31,4,moe,668,37,5422,9252,4070,3509,237,0,0,2394,576,8,4,4,8
31,5,moe,710,56,3206,2225,2261,2568,165,0,0,1788,579,8,5,3,8
31,6,moe,662,49,5314,7506,3313,4119,273,0,0,2391,642,8,4,4,8
31,7,moe,610,42,4742,6824,3357,3536,227,0,0,2378,571,8,4,4,8
31,8,moe,693,38,7581,9405,5323,6130,245,0,0,4117,586,8,4,4,8
31,9,moe,728,41,10780,4884,6463,9445,331,0,0,5459,627,8,3,5,8
31,10,moe,663,56,6186,7311,4523,4600,287,0,0,3224,569,8,3,5,8
31,11,moe,586,42,7807,8051,5662,6287,405,0,0,4547,577,8,1,7,8
31,12,moe,671,55,6779,7621,4191,5558,202,0,0,3172,639,8,5,3,8
31,13,moe,708,51,8740,9477,5938,7228,313,0,0,4739,564,8,3,5,8
31,14,moe,673,58,7393,4818,5119,6393,228,0,0,4347,554,8,4,4,8
31,15,moe,629,36,11810,13338,7225,10030,420,0,0,5865,645,8,2,6,8
31,16,moe,683,46,12682,4873,9547,11338,461,0,0,8664,611,8,0,8,8
31,17,moe,740,46,8096,12085,5942,6226,460,0,0,4532,577,8,1,7,8
31,18,moe,683,38,9121,8939,5613,7676,482,0,0,4650,673,8,1,7,8
31,19,moe,652,40,6477,8942,4530,5201,348,0,0,3602,583,8,2,6,8
31,20,moe,675,43,9308,9464,6513,7931,302,0,0,5438,596,8,3,5,8
31,21,moe,723,43,9006,10602,5503,7395,307,0,0,4199,688,8,4,4,8
31,22,moe,734,38,9819,10139,6866,8094,303,0,0,5444,564,8,3,5,8
31,23,moe,619,45,11362,11329,6424,9855,426,0,0,5343,644,8,2,6,8
31,24,moe,710,40,13824,5931,9498,12482,583,0,0,8739,646,8,0,8,8
31,25,moe,725,41,12871,11003,8338,11106,475,0,0,7048,653,8,1,7,8
31,26,moe,650,42,8697,8057,5512,7169,469,0,0,4453,646,8,1,7,8
31,-1,epi,0,0,0,0,0,0,0,0,4004,0,0,0,0,0,0
32,-2,pre,48,0,0,0,0,0,0,0,0,0,0,0,0,0,0
32,0,dense,1275,43,0,0,0,0,0,0,0,0,0,0,0,0,0
32,1,moe,754,38,6679,7663,4391,5267,365,0,0,3344,633,8,3,5,8
32,2,moe,701,40,6791,5236,4360,5431,194,0,0,3194,681,8,5,3,8
32,3,moe,625,43,11835,8791,7490,10359,434,0,0,6448,821,8,2,6,8
32,4,moe,685,41,7467,4673,5141,6357,242,0,0,4273,658,8,4,4,8
32,5,moe,716,52,5417,2089,3727,4781,170,0,0,3261,575,8,5,3,8
32,6,moe,684,42,4796,3960,3019,3761,129,0,0,2113,685,8,6,2,8
32,7,moe,659,44,3966,7579,2927,2645,172,0,0,1778,567,8,5,3,8
32,8,moe,694,38,5904,4706,4212,4750,168,0,0,3226,574,8,5,3,8
32,9,moe,705,57,4205,3125,2674,3095,187,0,0,1751,659,8,5,3,8
32,10,moe,720,38,7412,4592,5125,6245,237,0,0,4195,561,8,4,4,8
32,11,moe,644,40,5535,4750,3917,4377,282,0,0,3041,613,8,3,5,8
32,12,moe,718,46,8546,4852,5042,7593,251,0,0,4340,641,8,4,4,8
32,13,moe,763,41,5466,7104,3661,4227,177,0,0,2599,575,8,5,3,8
32,14,moe,732,38,5933,4583,4231,4792,175,0,0,3265,567,8,5,3,8
32,15,moe,618,41,5290,5122,3341,4108,259,0,0,2418,640,8,4,4,8
32,16,moe,688,42,5706,5028,4031,4456,287,0,0,3068,566,8,3,5,8
32,17,moe,696,59,9013,4894,6310,7878,292,1,0,5468,557,8,3,5,8
32,18,moe,669,55,11790,6595,7371,10564,392,0,0,6537,626,8,2,6,8
32,19,moe,652,42,11181,14520,7676,8851,345,0,0,5691,556,8,2,6,8
32,20,moe,677,50,3826,7307,2882,2578,174,0,0,1808,571,8,5,3,8
32,21,moe,717,40,6856,13523,4433,5120,344,0,0,3041,645,8,3,5,8
32,22,moe,696,37,11707,14912,8226,9359,360,0,0,6238,560,8,2,6,8
32,23,moe,621,43,5701,11195,3732,4111,276,0,0,2418,665,8,4,4,8
32,24,moe,736,49,7039,3892,4306,6080,406,0,0,3753,663,8,2,6,8
32,25,moe,713,42,7253,7562,4883,5149,321,0,0,3100,646,8,3,5,8
32,26,moe,630,45,8296,8574,5059,7083,271,0,0,4117,652,8,4,4,8
32,-1,epi,0,0,0,0,0,0,0,0,4158,0,0,0,0,0,0
33,-2,pre,1289,0,0,0,0,0,0,0,0,0,0,0,0,0,0
33,0,dense,1186,42,0,0,0,0,0,0,0,0,0,0,0,0,0
33,1,moe,703,43,6712,9538,4429,4976,347,0,0,3040,685,8,3,5,8
33,2,moe,701,48,4285,7985,2921,3013,202,0,0,1851,658,8,5,3,8
33,3,moe,644,42,4882,5005,3250,3611,133,0,0,2112,640,8,6,2,8
33,4,moe,664,40,2998,4764,2234,1797,112,0,0,1145,585,8,6,2,8
33,5,moe,733,49,2563,2632,1946,1694,109,0,0,1186,581,8,6,2,8
33,6,moe,666,43,7053,8641,4373,5701,204,0,0,3225,643,8,5,3,8
33,7,moe,629,59,1873,457,1232,1599,58,0,0,1016,556,8,7,1,8
33,8,moe,690,39,3679,4840,2714,2600,171,0,0,1806,557,8,5,3,8
33,9,moe,741,44,4729,2374,2970,3725,128,0,0,2094,616,8,6,2,8
33,10,moe,689,42,5125,7799,3775,3864,237,0,0,2751,558,8,4,4,8
33,11,moe,632,46,3331,2343,2399,2558,174,0,0,1800,554,8,5,3,8
33,12,moe,685,54,5600,7512,3654,4288,267,0,0,2609,638,8,4,4,8
33,13,moe,707,40,2180,1017,1452,1777,110,0,0,1159,573,8,6,2,8
33,14,moe,673,39,4409,4894,3122,3453,234,0,0,2400,572,8,4,4,8
33,15,moe,631,43,4855,2555,2844,4286,257,3,0,2535,636,8,4,4,8
33,16,moe,667,45,3481,2498,2455,2637,166,0,0,1777,569,8,5,3,8
33,17,moe,735,43,4314,2613,3025,3511,233,0,0,2455,565,8,4,4,8
33,18,moe,695,42,6264,3165,3642,5588,211,0,0,3177,640,8,5,3,8
33,19,moe,602,38,5806,3447,4023,4855,164,0,0,3236,564,8,5,3,8
33,20,moe,699,37,7874,12802,5732,6136,448,0,0,4442,561,8,1,7,8
33,21,moe,696,39,10560,13505,6241,8894,338,0,0,4913,639,8,3,5,8
33,22,moe,713,38,5830,4950,4092,4747,173,0,0,3182,559,8,5,3,8
33,23,moe,10963,43,4851,4859,3086,3717,134,0,0,2086,633,8,6,2,8
33,24,moe,711,44,2059,492,1236,1798,67,0,0,1042,637,8,7,1,8
33,25,moe,746,43,3145,3924,2224,1982,132,0,0,1193,634,8,6,2,8
33,26,moe,608,48,10,0,0,0,0,0,10,0,647,8,8,0,8
33,-1,epi,0,0,0,0,0,0,0,0,4134,0,0,0,0,0,0
34,-2,pre,170,0,0,0,0,0,0,0,0,0,0,0,0,0,0
34,0,dense,1183,41,0,0,0,0,0,0,0,0,0,0,0,0,0
34,1,moe,711,47,6014,3756,3626,5195,328,0,0,3135,640,8,3,5,8
34,2,moe,688,62,4905,2888,2999,4135,270,0,0,2499,641,8,4,4,8
34,3,moe,641,49,4946,3230,3042,4111,267,0,0,2474,634,8,4,4,8
34,4,moe,710,43,3408,2308,2319,2694,168,0,0,1773,577,8,5,3,8
34,5,moe,706,46,2941,4575,2324,1708,109,0,0,1200,559,8,6,2,8
34,6,moe,677,39,3872,2593,2319,3119,194,0,0,1760,659,8,5,3,8
34,7,moe,651,41,3462,2358,2431,2623,168,0,0,1760,553,8,5,3,8
34,8,moe,671,58,1111,446,786,860,60,0,0,595,564,8,7,1,8
34,9,moe,711,45,10,0,0,0,0,0,10,0,629,8,8,0,8
34,10,moe,687,41,3660,1004,2521,3245,114,0,0,2220,577,8,6,2,8
34,11,moe,655,47,4585,3330,3294,3498,239,0,0,2446,563,8,4,4,8
34,12,moe,668,40,6298,3210,3772,5354,338,0,0,3166,643,8,3,5,8
34,13,moe,715,51,1952,437,1280,1674,54,0,0,1056,571,8,7,1,8
34,14,moe,700,44,7639,4752,5377,6438,224,0,0,4400,553,8,4,4,8
34,15,moe,613,58,3890,2370,2329,3163,197,0,0,1799,652,8,5,3,8
34,16,moe,707,41,7489,5452,5202,6280,228,0,0,4221,566,8,4,4,8
34,17,moe,707,44,5752,7228,4218,4424,283,0,0,3173,631,8,3,5,8
34,18,moe,752,73,6312,4619,3891,5288,338,0,0,3205,661,8,3,5,8
34,19,moe,650,43,4188,4825,2847,3466,228,0,0,2353,577,8,4,4,8
34,20,moe,697,43,3766,4957,2838,2679,180,0,0,1931,607,8,5,3,8
34,21,moe,744,39,9065,14319,5526,7540,280,1,0,4282,646,8,4,4,8
34,22,moe,717,41,7050,9794,4691,5773,237,0,0,3651,595,8,4,4,8
34,23,moe,636,50,4979,4954,3210,3720,135,1,0,2087,641,8,6,2,8
34,24,moe,706,39,10223,5543,6193,9045,353,0,0,5368,800,8,3,5,8
34,25,moe,719,46,6073,4908,3648,4941,228,0,0,2744,672,8,5,3,8
34,26,moe,609,38,5304,5605,3350,4058,480,1,0,2585,824,8,4,4,8
34,-1,epi,0,0,0,0,0,0,0,0,4223,0,0,0,0,0,0
35,-2,pre,142,0,0,0,0,0,0,0,0,0,0,0,0,0,0
35,0,dense,1190,42,0,0,0,0,0,0,0,0,0,0,0,0,0
35,1,moe,715,42,10499,5146,6322,9314,338,0,0,5475,663,8,3,5,8
35,2,moe,707,42,8678,8556,5325,7408,285,0,0,4340,638,8,4,4,8
35,3,moe,603,49,4201,7455,2819,2989,204,1,0,1812,675,8,5,3,8
35,4,moe,680,45,3676,4476,2596,2657,172,0,0,1749,615,8,5,3,8
35,5,moe,748,39,2466,2140,1851,1695,115,0,0,1195,581,8,6,2,8
35,6,moe,662,38,2046,2263,1413,1131,63,0,0,561,625,8,7,1,8
35,7,moe,600,36,2182,1015,1440,1795,111,0,0,1164,570,8,6,2,8
35,8,moe,677,40,3443,1011,2357,3080,118,0,0,2112,568,8,6,2,8
35,9,moe,723,48,6640,5060,3988,5641,196,0,0,3185,663,8,5,3,8
35,10,moe,720,46,7947,9167,5588,6463,227,0,0,4331,581,8,4,4,8
35,11,moe,650,48,2753,4435,2135,1701,116,0,0,1199,564,8,6,2,8
35,12,moe,690,45,8501,3568,4982,7549,278,0,0,4308,640,8,4,4,8
35,13,moe,703,40,2620,2143,1881,1789,113,0,0,1163,564,8,6,2,8
35,14,moe,670,53,5623,5011,4005,4579,289,0,0,3250,569,8,3,5,8
35,15,moe,615,47,6378,2393,3730,5673,195,0,0,3220,662,8,5,3,8
35,16,moe,694,39,6094,4808,4294,4864,172,0,0,3236,571,8,5,3,8
35,17,moe,728,39,4349,4629,3118,3430,236,0,0,2435,578,8,4,4,8
35,18,moe,702,37,5067,2853,2999,4259,264,0,0,2455,678,8,4,4,8
35,19,moe,620,31,7139,7316,4767,5940,245,0,0,3813,559,8,4,4,8
35,20,moe,671,43,5324,4443,3782,4272,296,0,0,3026,570,8,3,5,8
35,21,moe,710,37,5245,5043,3397,3789,136,0,0,2077,646,8,6,2,8
35,22,moe,708,35,5894,10888,4223,4413,294,0,0,3036,594,8,3,5,8
35,23,moe,627,34,7397,13745,5019,5602,342,0,0,3566,669,8,3,5,8
35,24,moe,736,41,4344,8354,2979,2991,211,0,0,1837,659,8,5,3,8
35,25,moe,706,63,5144,7496,3315,4000,272,0,0,2443,649,8,4,4,8
35,26,moe,642,34,11220,16814,7253,8277,1400,0,0,5710,674,8,0,8,8
35,-1,epi,0,0,0,0,0,0,0,0,4153,0,0,0,0,0,0
36,-2,pre,1184,0,0,0,0,0,0,0,0,0,0,0,0,0,0
36,0,dense,1183,43,0,0,0,0,0,0,0,0,0,0,0,0,0
36,1,moe,691,38,15065,9800,9200,13073,487,3,0,7698,652,8,1,7,8
36,2,moe,704,40,2711,2418,1856,1832,70,1,0,1048,646,8,7,1,8
36,3,moe,659,49,5384,7394,3494,4074,284,0,0,2468,668,8,4,4,8
36,4,moe,717,37,2609,2145,1845,1785,114,0,0,1135,579,8,6,2,8
36,5,moe,713,39,2830,4740,2208,1709,117,0,0,1204,576,8,6,2,8
36,6,moe,693,48,3043,2635,1987,2090,131,0,0,1165,648,8,6,2,8
36,7,moe,632,35,4733,4464,3297,3699,227,0,0,2490,568,8,4,4,8
36,8,moe,673,44,10,0,0,0,0,0,10,0,551,8,8,0,8
36,9,moe,726,37,5090,4889,3155,3942,140,0,0,2147,645,8,6,2,8
36,10,moe,711,41,2985,4539,2253,1833,116,0,0,1217,575,8,6,2,8
36,11,moe,626,37,1110,475,785,855,57,0,0,587,565,8,7,1,8
36,12,moe,672,39,8695,7431,5216,7421,265,0,0,4207,650,8,4,4,8
36,13,moe,747,44,2707,2193,1936,1855,120,0,0,1204,598,8,6,2,8
36,14,moe,694,46,5608,7509,3851,4413,186,0,0,2842,566,8,5,3,8
36,15,moe,642,47,4118,4907,2609,3116,205,0,0,1812,693,8,5,3,8
36,16,moe,680,41,3342,2169,2295,2621,167,0,0,1741,572,8,5,3,8
36,17,moe,697,37,5481,4807,3926,4293,286,0,0,3024,569,8,3,5,8
36,18,moe,715,44,4480,5160,2849,3268,206,0,0,1843,664,8,5,3,8
36,19,moe,673,43,4868,7171,3480,3624,243,0,0,2479,574,8,4,4,8
36,20,moe,711,40,4797,8133,3510,3550,248,0,0,2511,569,8,4,4,8
36,21,moe,705,46,5550,9278,3489,4339,286,0,0,2564,657,8,4,4,8
36,22,moe,716,57,6268,12185,4564,4588,354,1,0,3239,576,8,3,5,8
36,23,moe,663,37,8928,10751,5381,7598,277,0,0,4328,642,8,4,4,8
36,24,moe,7579,39,5160,8083,3336,3973,274,0,0,2423,655,8,4,4,8
36,25,moe,731,45,6513,10833,4227,4990,347,0,0,3051,656,8,3,5,8
36,26,moe,599,37,4254,2979,2731,2967,552,0,0,1996,722,8,5,3,8
36,-1,epi,0,0,0,0,0,0,0,0,4175,0,0,0,0,0,0
37,-2,pre,160,0,0,0,0,0,0,0,0,0,0,0,0,0,0
37,0,dense,1188,40,0,0,0,0,0,0,0,0,0,0,0,0,0
37,1,moe,707,39,8346,2906,4815,7538,277,0,0,4284,660,8,4,4,8
37,2,moe,684,46,6319,5391,3772,5399,207,0,0,3059,646,8,5,3,8
37,3,moe,631,59,6916,4981,4396,5621,206,0,0,3307,642,8,5,3,8
37,4,moe,671,40,4640,4589,3240,3646,240,0,0,2486,595,8,4,4,8
37,5,moe,722,46,6167,7232,4407,4941,176,0,0,3357,569,8,5,3,8
37,6,moe,678,56,10,0,0,0,0,0,10,0,670,8,8,0,8
37,7,moe,673,42,2752,4235,2105,1804,117,0,0,1274,576,8,6,2,8
37,8,moe,691,44,6042,7616,4340,4646,173,0,0,3117,563,8,5,3,8
37,9,moe,703,40,2991,3293,1928,2093,134,0,0,1164,651,8,6,2,8
37,10,moe,678,45,2568,2269,1865,1699,60,0,0,1056,565,8,7,1,8
37,11,moe,614,37,7163,5024,4927,6148,237,0,0,4149,592,8,4,4,8
37,12,moe,707,45,5148,4976,3159,4193,278,0,0,2482,637,8,4,4,8
37,13,moe,713,38,2738,2809,1987,1793,116,0,0,1158,572,8,6,2,8
37,14,moe,672,50,3457,4532,2479,2612,170,0,0,1804,562,8,5,3,8
37,15,moe,622,55,9062,5012,5441,7814,288,0,0,4481,673,8,4,4,8
37,16,moe,715,43,7790,7525,5436,6497,237,0,0,4380,564,8,4,4,8
37,17,moe,722,42,5794,10103,4240,4282,304,0,0,3032,576,8,3,5,8
37,18,moe,680,39,3200,3070,2143,2089,131,0,0,1163,641,8,6,2,8
37,19,moe,617,50,4605,4652,3265,3607,246,0,0,2513,629,8,4,4,8
37,20,moe,680,40,1770,439,1220,1538,61,0,0,1049,664,8,7,1,8
37,21,moe,719,46,4831,2608,3011,3815,138,0,0,2133,670,8,6,2,8
37,22,moe,743,44,6260,7248,4371,5017,191,0,0,3319,576,8,5,3,8
37,23,moe,638,59,9286,10830,5648,7837,279,0,0,4478,649,8,4,4,8
37,24,moe,727,41,12371,16643,8103,10415,419,0,0,6566,653,8,2,6,8
37,25,moe,710,41,10736,13791,6718,9048,342,0,0,5372,671,8,3,5,8
37,26,moe,616,40,13224,13083,7800,10762,1182,0,0,6520,646,8,2,6,8
37,-1,epi,0,0,0,0,0,0,0,0,4107,0,0,0,0,0,0
38,-2,pre,143,0,0,0,0,0,0,0,0,0,0,0,0,0,0
38,0,dense,1191,46,0,0,0,0,0,0,0,0,0,0,0,0,0
38,1,moe,722,44,8919,7628,5384,7706,293,0,0,4464,654,8,4,4,8
38,2,moe,695,48,12,0,0,0,0,0,12,0,649,8,8,0,8
38,3,moe,656,56,7058,5437,4507,5601,197,0,0,3247,640,8,5,3,8
38,4,moe,681,43,1784,2148,1342,939,57,0,0,554,552,8,7,1,8
38,5,moe,698,41,1603,2063,1287,852,57,0,0,593,567,8,7,1,8
38,6,moe,667,46,1933,2245,1304,1154,70,0,0,595,651,8,7,1,8
38,7,moe,684,38,9,0,0,0,0,0,9,0,610,8,8,0,8
38,8,moe,718,42,2673,2150,1892,1864,116,0,0,1199,576,8,6,2,8
38,9,moe,706,39,1444,510,814,1152,70,0,0,592,704,8,7,1,8
38,10,moe,701,39,2532,2139,1830,1709,58,0,0,1065,574,8,7,1,8
38,11,moe,656,36,3869,7355,2906,2669,189,0,0,1895,568,8,5,3,8
38,12,moe,683,42,10,0,0,0,0,0,10,0,631,8,8,0,8
38,13,moe,705,40,9,0,0,0,0,0,9,0,577,8,8,0,8
38,14,moe,721,42,2529,2579,1963,1600,57,0,0,1091,585,8,7,1,8
38,15,moe,638,42,4344,4816,2784,3206,207,0,0,1853,650,8,5,3,8
38,16,moe,678,41,7792,7384,5405,6540,237,0,0,4390,556,8,4,4,8
38,17,moe,705,39,7631,2996,5279,6656,225,0,0,4529,573,8,4,4,8
38,18,moe,709,44,10,0,0,0,0,0,10,0,675,8,8,0,8
38,19,moe,650,37,4445,4643,3266,3338,120,0,0,2279,575,8,6,2,8
38,20,moe,703,44,3903,6867,2933,2668,193,0,0,1891,554,8,5,3,8
38,21,moe,708,55,9026,7776,5370,7827,288,0,0,4459,647,8,4,4,8
38,22,moe,720,41,6356,7525,4473,4994,176,0,0,3287,575,8,5,3,8
38,23,moe,659,38,10075,10170,5724,8619,374,0,0,4642,647,8,3,5,8
38,24,moe,702,54,5346,9413,3520,3981,271,0,0,2426,650,8,4,4,8
38,25,moe,702,39,2841,2391,1920,1983,131,0,0,1193,646,8,6,2,8
38,26,moe,626,38,8918,8113,5459,7377,665,0,0,4583,645,8,4,4,8
38,-1,epi,0,0,0,0,0,0,0,0,3952,0,0,0,0,0,0
39,-2,pre,1311,0,0,0,0,0,0,0,0,0,0,0,0,0,0
39,0,dense,1192,45,0,0,0,0,0,0,0,0,0,0,0,0,0
39,1,moe,696,42,5391,7530,3672,3797,146,0,0,2224,637,8,6,2,8
39,2,moe,688,39,8306,10682,4755,6961,309,0,0,3719,649,8,4,4,8
39,3,moe,663,46,9179,9709,5855,7590,271,0,0,4537,654,8,4,4,8
39,4,moe,693,38,4798,9323,3466,3518,232,0,0,2418,579,8,4,4,8
39,5,moe,709,57,1828,427,1266,1591,58,0,0,1087,572,8,7,1,8
39,6,moe,672,39,2261,490,1267,1964,70,0,0,1040,649,8,7,1,8
39,7,moe,683,43,4147,7070,3044,2846,181,0,0,1924,584,8,5,3,8
39,8,moe,705,42,4097,5215,3089,2725,169,0,0,1886,569,8,5,3,8
39,9,moe,710,64,6805,7597,4304,5304,349,0,0,3152,662,8,3,5,8
39,10,moe,696,42,2639,2160,1864,1864,113,0,0,1202,606,8,6,2,8
39,11,moe,657,49,7985,6821,5632,6618,235,0,0,4500,581,8,4,4,8
39,12,moe,700,40,4521,8123,2915,3233,223,0,0,1850,650,8,5,3,8
39,13,moe,706,39,5199,1674,3488,4681,175,0,0,3145,595,8,5,3,8
39,14,moe,686,51,1691,2183,1378,851,55,0,0,593,553,8,7,1,8
39,15,moe,603,49,8413,11057,5429,6733,419,1,0,4169,684,8,2,6,8
39,16,moe,703,45,3950,7222,2861,2768,183,0,0,1862,594,8,5,3,8
39,17,moe,767,38,4995,7453,3760,3720,243,0,0,2728,580,8,4,4,8
39,18,moe,706,37,5007,2620,2997,4416,267,0,0,2673,663,8,4,4,8
39,19,moe,617,46,6022,7488,4327,4781,288,1,0,3375,605,8,3,5,8
39,20,moe,694,47,7021,10078,4782,5527,273,0,0,3561,589,8,4,4,8
39,21,moe,726,39,10657,10830,6487,9115,341,0,0,5286,655,8,3,5,8
39,22,moe,703,40,5916,10332,4193,4451,336,0,0,3064,609,8,3,5,8
39,23,moe,658,39,8142,16047,5266,6137,403,0,0,3664,663,8,2,6,8
39,24,moe,721,58,8091,14343,5251,6070,415,0,0,3645,652,8,2,6,8
39,25,moe,701,38,8914,14630,5740,7033,487,0,0,4346,669,8,1,7,8
39,26,moe,658,42,5287,7573,3459,3975,268,0,0,2415,694,8,4,4,8
39,-1,epi,0,0,0,0,0,0,0,0,4130,0,0,0,0,0,0
40,-2,pre,136,0,0,0,0,0,0,0,0,0,0,0,0,0,0
40,0,dense,1181,42,0,0,0,0,0,0,0,0,0,0,0,0,0
40,1,moe,683,40,4719,5200,3092,3604,141,0,0,2118,635,8,6,2,8
40,2,moe,669,54,3304,5299,2356,2078,142,0,0,1272,649,8,6,2,8
40,3,moe,651,60,8287,14197,5447,6235,409,0,0,3804,708,8,2,6,8
40,4,moe,707,39,4153,6915,3035,2913,181,0,0,1976,600,8,5,3,8
40,5,moe,735,38,3456,2326,2456,2711,175,0,0,1886,575,8,5,3,8
40,6,moe,668,45,3120,2702,1979,2203,140,1,0,1203,637,8,6,2,8
40,7,moe,634,37,5098,7211,3641,3732,242,0,0,2517,577,8,4,4,8
40,8,moe,698,38,1713,2274,1377,895,57,0,0,616,556,8,7,1,8
40,9,moe,722,40,2017,2275,1376,1156,67,0,0,582,626,8,7,1,8
40,10,moe,673,39,4937,7025,3527,3641,257,0,0,2488,586,8,4,4,8
40,11,moe,613,38,2869,4501,2220,1772,125,0,0,1248,586,8,6,2,8
40,12,moe,680,40,2041,2583,1417,1144,69,0,0,589,625,8,7,1,8
40,13,moe,701,39,5015,9343,3602,3663,244,0,0,2494,601,8,4,4,8
40,14,moe,715,49,3942,7053,2973,2668,180,0,0,1879,590,8,5,3,8
40,15,moe,641,40,5681,7782,3569,4358,293,0,0,2539,680,8,4,4,8
40,16,moe,726,47,3415,2308,2340,2730,183,0,0,1838,574,8,5,3,8
40,17,moe,725,42,2627,2256,1975,1783,116,0,0,1247,579,8,6,2,8
40,18,moe,683,40,5578,7828,3556,4278,297,0,0,2553,807,8,4,4,8
40,19,moe,640,50,4278,5081,3155,2951,180,0,0,2008,693,8,5,3,8
40,20,moe,697,40,6750,9526,4500,5395,260,0,0,3405,609,8,4,4,8
40,21,moe,736,46,4929,7536,3301,3290,210,0,0,1872,644,8,5,3,8
40,22,moe,720,43,3489,6193,2731,1848,127,0,0,1217,575,8,6,2,8
40,23,moe,651,42,7083,13861,4489,5381,349,1,0,3137,668,8,3,5,8
40,24,moe,746,39,5483,10530,3574,4157,283,0,0,2531,651,8,4,4,8
40,25,moe,728,43,6474,5756,4100,5185,360,0,0,3171,659,8,3,5,8
40,26,moe,652,38,6887,5647,4360,5283,735,0,0,3491,653,8,3,5,8
40,-1,epi,0,0,0,0,0,0,0,0,4293,0,0,0,0,0,0
41,-2,pre,92,0,0,0,0,0,0,0,0,0,0,0,0,0,0
41,0,dense,1281,45,0,0,0,0,0,0,0,0,0,0,0,0,0
41,1,moe,740,44,6857,5517,4244,5762,218,0,0,3367,677,8,5,3,8
41,2,moe,725,44,8589,5260,5236,7498,272,0,0,4417,673,8,4,4,8
41,3,moe,686,45,4696,7584,3222,3262,213,0,0,2001,658,8,5,3,8
41,4,moe,701,44,6506,8133,4692,4908,187,0,0,3281,571,8,5,3,8
41,5,moe,712,41,4912,8025,3627,3635,253,0,0,2603,579,8,4,4,8
41,6,moe,690,50,4371,5797,2826,3269,204,0,0,1928,633,8,5,3,8
41,7,moe,610,40,13,0,0,0,0,0,13,0,591,8,8,0,8
41,8,moe,717,45,10,0,0,0,0,0,10,0,594,8,8,0,8
41,9,moe,738,48,1298,495,809,1035,70,0,0,616,645,8,7,1,8
41,10,moe,730,36,3920,5319,2803,2806,194,0,0,1883,592,8,5,3,8
41,11,moe,638,36,2566,2785,1920,1776,113,0,0,1243,555,8,6,2,8
41,12,moe,677,37,9,0,0,0,0,0,9,0,616,8,8,0,8
41,13,moe,730,37,3029,5230,2369,1772,121,0,0,1233,572,8,6,2,8
41,14,moe,698,35,4788,7179,3508,3584,240,0,0,2544,597,8,4,4,8
41,15,moe,681,33,1445,556,814,1135,70,0,0,574,656,8,7,1,8
41,16,moe,685,47,4045,7292,2963,2755,189,0,0,1862,576,8,5,3,8
41,17,moe,739,33,10,0,0,0,0,0,10,0,587,8,8,0,8
41,18,moe,712,37,1450,486,817,1146,67,0,0,580,644,8,7,1,8
41,19,moe,694,38,2695,2482,1949,1849,114,0,0,1217,580,8,6,2,8
41,20,moe,682,37,4395,4698,3263,3231,119,0,0,2218,576,8,6,2,8
41,21,moe,714,34,3386,4975,2268,2229,136,0,0,1247,645,8,6,2,8
41,22,moe,765,33,2518,2082,1803,1707,66,0,0,1058,575,8,7,1,8
41,23,moe,616,32,4482,7847,2904,3226,214,1,0,1863,658,8,5,3,8
41,24,moe,755,35,4367,8046,2938,3103,214,0,0,1888,673,8,5,3,8
41,25,moe,751,268,5033,10951,3611,3121,199,0,0,1898,656,8,5,3,8
41,26,moe,631,37,3730,8079,2776,2071,141,0,0,1258,629,8,6,2,8
41,-1,epi,0,0,0,0,0,0,0,0,4206,0,0,0,0,0,0
42,-2,pre,154,0,0,0,0,0,0,0,0,0,0,0,0,0,0
42,0,dense,1194,47,0,0,0,0,0,0,0,0,0,0,0,0,0
42,1,moe,720,51,8833,8179,5456,7570,276,0,0,4469,729,8,4,4,8
42,2,moe,715,46,5583,10598,3679,4273,325,0,0,2694,669,8,4,4,8
42,3,moe,672,45,6832,4922,4302,5661,210,0,0,3341,674,8,5,3,8
42,4,moe,710,40,6219,10358,4436,4733,309,0,0,3259,585,8,3,5,8
42,5,moe,721,55,6049,11809,4453,4491,312,0,0,3207,583,8,3,5,8
42,6,moe,688,42,3558,5782,2431,2200,138,0,0,1211,643,8,6,2,8
42,7,moe,641,39,5132,9549,3684,3881,239,0,0,2672,582,8,4,4,8
42,8,moe,680,56,4908,9431,3623,3551,250,0,0,2516,571,8,4,4,8
42,9,moe,723,38,4507,8126,2899,3236,214,0,0,1842,657,8,5,3,8
42,10,moe,712,48,3952,4724,2831,2844,174,0,0,1897,563,8,5,3,8
42,11,moe,618,40,4080,7407,3079,2740,184,0,0,1923,580,8,5,3,8
42,12,moe,693,39,4443,5275,2852,3236,207,0,0,1852,643,8,5,3,8
42,13,moe,769,44,3161,4818,2391,1860,118,0,0,1208,584,8,6,2,8
42,14,moe,722,39,4830,9265,3548,3556,246,0,0,2520,571,8,4,4,8
42,15,moe,655,39,5997,7225,3922,4271,272,0,0,2468,653,8,4,4,8
42,16,moe,684,41,3044,4617,2283,1864,124,0,0,1227,562,8,6,2,8
42,17,moe,712,41,4680,7060,3393,3561,236,0,0,2510,577,8,4,4,8
42,18,moe,696,52,4647,7874,3036,3342,204,0,0,1935,644,8,5,3,8
42,19,moe,631,56,4668,5086,3255,3639,235,3,0,2464,556,8,4,4,8
42,20,moe,690,44,3014,5195,2367,1772,119,0,0,1244,575,8,6,2,8
42,21,moe,728,41,3188,2860,2101,2161,131,1,0,1206,755,8,6,2,8
42,22,moe,831,42,3998,7140,2882,2772,186,0,0,1842,626,8,5,3,8
42,23,moe,692,38,3376,5042,2306,2149,137,0,0,1216,624,8,6,2,8
42,24,moe,708,42,1251,502,772,1028,66,0,0,615,652,8,7,1,8
42,25,moe,5082,40,8489,5465,5143,7505,272,0,0,4431,664,8,4,4,8
42,26,moe,669,40,2573,1069,1569,2191,134,1,0,1322,641,8,6,2,8
42,-1,epi,0,0,0,0,0,0,0,0,4068,0,0,0,0,0,0
43,-2,pre,149,0,0,0,0,0,0,0,0,0,0,0,0,0,0
43,0,dense,1178,44,0,0,0,0,0,0,0,0,0,0,0,0,0
43,1,moe,693,43,4628,8448,3172,3161,210,0,0,1915,647,8,5,3,8
43,2,moe,706,46,1953,2560,1467,1041,68,0,0,623,620,8,7,1,8
43,3,moe,647,45,1987,2576,1501,1033,69,0,0,616,673,8,7,1,8
43,4,moe,702,40,3769,4591,2674,2784,178,0,0,1867,543,8,5,3,8
43,5,moe,686,40,10,0,0,0,0,0,10,0,532,8,8,0,8
43,6,moe,656,45,4614,5733,3048,3198,204,0,0,1836,636,8,5,3,8
43,7,moe,639,37,4306,6705,3163,2929,192,0,0,1978,561,8,5,3,8
43,8,moe,699,58,1892,2429,1543,945,62,0,0,658,560,8,7,1,8
43,9,moe,715,41,3517,4815,2347,2318,147,0,0,1295,703,8,6,2,8
43,10,moe,724,39,3035,4396,2221,1920,123,0,0,1229,564,8,6,2,8
43,11,moe,616,40,2519,2158,1855,1788,118,0,0,1242,547,8,6,2,8
43,12,moe,697,47,5759,10508,3709,4331,285,0,0,2566,665,8,4,4,8
43,13,moe,719,39,1835,2249,1373,982,58,0,0,578,560,8,7,1,8
43,14,moe,693,58,1782,2066,1455,890,58,0,0,621,559,8,7,1,8
43,15,moe,657,43,3048,2487,1954,2168,136,0,0,1210,628,8,6,2,8
43,16,moe,662,44,4249,4903,3093,2920,181,0,0,1945,552,8,5,3,8
43,17,moe,736,41,5108,10144,3748,3766,265,0,0,2671,573,8,4,4,8
43,18,moe,697,61,9,0,0,0,0,0,9,0,630,8,8,0,8
43,19,moe,644,41,2761,2391,2068,1896,125,0,0,1328,558,8,6,2,8
43,20,moe,683,45,2711,2269,2028,1882,118,0,0,1317,552,8,6,2,8
43,21,moe,707,43,5118,2714,3148,4117,142,0,0,2289,628,8,6,2,8
43,22,moe,724,60,1905,2312,1433,1033,60,0,0,621,565,8,7,1,8
43,23,moe,632,45,4747,8140,3063,3454,226,0,0,1996,636,8,5,3,8
43,24,moe,731,46,7093,7588,4546,5776,216,0,0,3445,628,8,5,3,8
43,25,moe,696,46,3000,2761,2037,2088,131,0,0,1256,617,8,6,2,8
43,26,moe,599,45,1954,2105,1471,1035,69,0,0,621,629,8,7,1,8
43,-1,epi,0,0,0,0,0,0,0,0,3980,0,0,0,0,0,0
44,-2,pre,161,0,0,0,0,0,0,0,0,0,0,0,0,0,0
44,0,dense,1215,48,0,0,0,0,0,0,0,0,0,0,0,0,0
44,1,moe,709,45,2056,2637,1548,1092,71,0,0,655,640,8,7,1,8
44,2,moe,695,45,5089,3065,3300,3979,142,0,0,2332,618,8,6,2,8
44,3,moe,628,43,4942,8001,3437,3316,218,0,0,2029,616,8,5,3,8
44,4,moe,667,44,5659,9901,4177,4231,275,0,0,3024,659,8,4,4,8
44,5,moe,727,48,5287,7364,3925,3880,262,0,0,2780,641,8,4,4,8
44,6,moe,697,68,2160,2489,1518,1194,75,0,0,627,663,8,7,1,8
44,7,moe,679,45,4219,7621,3083,2950,190,0,0,2004,570,8,5,3,8
44,8,moe,704,48,3358,5303,2677,1872,122,0,0,1313,571,8,6,2,8
44,9,moe,734,48,2272,2608,1604,1213,69,0,0,614,637,8,7,1,8
44,10,moe,693,49,4190,4867,3066,2908,186,0,0,1970,564,8,5,3,8
44,11,moe,619,42,4041,7242,3019,2826,193,1,0,1998,562,8,5,3,8
44,12,moe,702,46,4679,8275,2999,3433,218,0,0,1971,633,8,5,3,8
44,13,moe,710,46,4426,7922,3290,2891,185,0,0,1940,562,8,5,3,8
44,14,moe,677,42,6356,10141,4655,4873,338,0,0,3510,563,8,3,5,8
44,15,moe,627,46,4634,5116,2974,3391,221,0,0,1952,653,8,5,3,8
44,16,moe,737,45,3706,2326,2566,2889,187,0,0,1936,582,8,5,3,8
44,17,moe,737,49,7730,2659,5327,6930,253,0,0,4780,580,8,4,4,8
44,18,moe,696,49,5256,2540,3236,4211,154,0,0,2345,661,8,6,2,8
44,19,moe,644,50,5277,9664,3766,3909,269,0,0,2667,571,8,4,4,8
44,20,moe,690,45,1783,2311,1437,939,60,0,0,653,557,8,7,1,8
44,21,moe,787,49,9847,13430,6199,7892,506,0,0,4750,661,8,1,7,8
44,22,moe,746,236,8386,21203,6681,4675,295,0,0,3265,561,8,3,5,8
44,23,moe,616,41,8554,13640,5546,6365,404,0,0,3761,692,8,2,6,8
44,24,moe,763,45,8227,10998,4851,6831,292,0,0,3747,645,8,4,4,8
44,25,moe,712,48,7007,13755,4632,5196,365,0,0,3186,675,8,3,5,8
44,26,moe,639,60,7250,12906,4798,5378,363,0,0,3289,655,8,3,5,8
44,-1,epi,0,0,0,0,0,0,0,0,4178,0,0,0,0,0,0
45,-2,pre,144,0,0,0,0,0,0,0,0,0,0,0,0,0,0
45,0,dense,1180,44,0,0,0,0,0,0,0,0,0,0,0,0,0
45,1,moe,700,44,11,0,0,0,0,0,11,0,634,8,8,0,8
45,2,moe,684,39,3099,2965,2141,2070,132,0,0,1244,634,8,6,2,8
45,3,moe,608,40,1900,2513,1414,1042,73,0,0,629,640,8,7,1,8
45,4,moe,697,46,3489,5412,2667,1967,120,0,0,1265,566,8,6,2,8
45,5,moe,731,54,2700,2189,2020,1872,122,0,0,1314,572,8,6,2,8
45,6,moe,684,44,3634,5383,2460,2331,145,0,0,1302,644,8,6,2,8
45,7,moe,626,42,1307,472,860,1008,64,0,0,625,582,8,7,1,8
45,8,moe,694,42,2825,2412,2133,1880,124,0,0,1312,571,8,6,2,8
45,9,moe,710,41,5293,5227,3372,4070,146,0,0,2295,636,8,6,2,8
45,10,moe,673,41,10,0,0,0,0,0,10,0,553,8,8,0,8
45,11,moe,608,39,3382,5084,2583,1956,126,0,0,1283,557,8,6,2,8
45,12,moe,678,42,9207,5240,5529,8011,286,0,0,4619,636,8,4,4,8
45,13,moe,705,44,3391,5221,2604,1944,121,0,0,1278,558,8,6,2,8
45,14,moe,686,41,3106,4820,2428,1871,125,0,0,1318,553,8,6,2,8
45,15,moe,625,45,2252,2685,1602,1198,72,0,0,620,628,8,7,1,8
45,16,moe,671,41,4207,4932,3089,2876,184,0,0,1942,561,8,5,3,8
45,17,moe,703,42,3024,4763,2347,1873,129,0,0,1325,552,8,6,2,8
45,18,moe,655,41,3225,2819,2129,2171,137,0,0,1212,629,8,6,2,8
45,19,moe,597,35,3874,4783,2818,2717,171,0,0,1832,556,8,5,3,8
45,20,moe,654,39,5100,10219,3756,3686,251,0,0,2593,561,8,4,4,8
45,21,moe,704,45,3473,4951,2330,2288,144,0,0,1289,633,8,6,2,8
45,22,moe,719,43,4787,3121,3322,3888,247,0,0,2670,554,8,4,4,8
45,23,moe,609,50,10556,13548,6238,8676,348,0,0,4706,627,8,3,5,8
45,24,moe,688,40,7225,8319,4713,5526,213,0,0,3227,627,8,5,3,8
45,25,moe,687,38,6521,7778,4171,5189,342,0,0,3181,633,8,3,5,8
45,26,moe,607,39,5452,7838,3569,4132,278,0,0,2527,635,8,4,4,8
45,-1,epi,0,0,0,0,0,0,0,0,3818,0,0,0,0,0,0
46,-2,pre,40,0,0,0,0,0,0,0,0,0,0,0,0,0,0
46,0,dense,1219,43,0,0,0,0,0,0,0,0,0,0,0,0,0
46,1,moe,697,43,5676,14091,4673,2188,144,0,0,1329,639,8,6,2,8
46,2,moe,678,44,6014,11431,4013,4377,302,0,0,2678,631,8,4,4,8
46,3,moe,620,40,3391,5233,2386,2182,148,0,0,1325,627,8,6,2,8
46,4,moe,666,41,6369,8134,4550,4770,330,0,0,3281,594,8,3,5,8
46,5,moe,775,45,4082,7493,3046,2878,198,0,0,2040,584,8,5,3,8
46,6,moe,702,44,4805,7488,3116,3511,217,0,0,2039,660,8,5,3,8
46,7,moe,653,44,2570,1992,1853,1749,60,0,0,1092,557,8,7,1,8
46,8,moe,691,41,5052,6772,3745,3679,245,0,0,2617,589,8,4,4,8
46,9,moe,733,44,5495,7662,3431,4330,273,0,0,2539,649,8,4,4,8
46,10,moe,712,41,4051,6979,2951,2764,183,0,0,1847,580,8,5,3,8
46,11,moe,641,38,4123,7779,3141,2681,184,0,0,1883,573,8,5,3,8
46,12,moe,729,43,3673,5271,2510,2307,148,0,0,1292,651,8,6,2,8
46,13,moe,729,51,2804,2318,2002,1952,126,0,0,1276,583,8,6,2,8
46,14,moe,753,45,3989,7431,3015,2780,195,0,0,2001,617,8,5,3,8
46,15,moe,645,45,3389,4892,2269,2229,139,0,0,1248,656,8,6,2,8
46,16,moe,706,53,3421,2245,2352,2732,174,0,0,1837,592,8,5,3,8
46,17,moe,734,45,2643,2268,1930,1853,116,0,0,1256,568,8,6,2,8
46,18,moe,672,45,2224,2632,1587,1192,69,0,0,624,624,8,7,1,8
46,19,moe,609,42,10,0,0,0,0,0,10,0,552,8,8,0,8
46,20,moe,711,40,10,0,0,0,0,0,10,0,588,8,8,0,8
46,21,moe,688,41,10,0,0,0,0,0,10,0,632,8,8,0,8
46,22,moe,723,44,2664,2271,1946,1764,65,0,0,1111,600,8,7,1,8
46,23,moe,615,46,5100,7862,3433,3432,228,0,0,1993,719,8,5,3,8
46,24,moe,733,47,11,0,0,0,0,0,11,0,682,8,8,0,8
46,25,moe,702,41,1907,2298,1398,1094,73,0,0,658,760,8,7,1,8
46,26,moe,645,42,4726,8084,3218,3343,225,0,0,2060,653,8,5,3,8
46,-1,epi,0,0,0,0,0,0,0,0,3971,0,0,0,0,0,0
47,-2,pre,191,0,0,0,0,0,0,0,0,0,0,0,0,0,0
47,0,dense,1199,47,0,0,0,0,0,0,0,0,0,0,0,0,0
47,1,moe,673,69,6078,9799,4070,4391,308,1,0,2692,632,8,4,4,8
47,2,moe,661,46,4678,8697,3172,3285,221,1,0,2001,636,8,5,3,8
47,3,moe,628,54,4515,5500,3018,3267,214,0,0,1984,625,8,5,3,8
47,4,moe,667,37,4266,7444,3124,2895,192,0,0,1945,552,8,5,3,8
47,5,moe,703,37,5063,4597,3715,3759,238,0,0,2649,557,8,4,4,8
47,6,moe,662,35,2267,2693,1621,1195,72,0,0,621,620,8,7,1,8
47,7,moe,627,37,4252,7530,3145,2870,184,0,0,1947,549,8,5,3,8
47,8,moe,668,37,4185,7457,3175,2806,186,0,0,1982,559,8,5,3,8
47,9,moe,697,38,3563,5131,2408,2303,149,0,0,1297,621,8,6,2,8
47,10,moe,667,38,4487,7614,3371,2953,193,0,0,2030,552,8,5,3,8
47,11,moe,614,33,1185,465,839,938,63,0,0,655,544,8,7,1,8
47,12,moe,665,34,7011,16741,5375,3435,215,0,0,2014,630,8,5,3,8
47,13,moe,703,39,2013,2582,1552,1015,60,0,0,614,547,8,7,1,8
47,14,moe,665,36,5136,7303,3785,3808,267,0,0,2724,651,8,4,4,8
47,15,moe,631,34,4214,2703,2531,3387,222,0,0,1926,815,8,5,3,8
47,16,moe,675,41,4086,4823,2946,2899,191,0,0,1950,564,8,5,3,8
47,17,moe,713,38,3865,5113,2849,2835,190,0,0,2009,562,8,5,3,8
47,18,moe,671,37,1470,489,828,1181,71,0,0,610,626,8,7,1,8
47,19,moe,619,35,5160,7407,3697,3833,253,0,0,2623,562,8,4,4,8
47,20,moe,685,43,6049,15631,5028,2816,192,0,0,1987,562,8,5,3,8
47,21,moe,699,43,3495,3246,2374,2268,138,0,0,1285,630,8,6,2,8
47,22,moe,696,42,2912,2501,2123,1940,120,0,0,1271,555,8,6,2,8
47,23,moe,629,39,7056,8180,4426,5600,354,0,0,3324,640,8,3,5,8
47,24,moe,704,40,4579,8015,3073,3283,222,0,0,1999,638,8,5,3,8
47,25,moe,695,44,1977,2399,1468,1093,75,0,0,659,631,8,7,1,8
47,26,moe,626,43,2567,1092,1561,2190,139,0,0,1323,653,8,6,2,8
47,-1,epi,0,0,0,0,0,0,0,0,3818,0,0,0,0,0,0
48,-2,pre,221,0,0,0,0,0,0,0,0,0,0,0,0,0,0
48,0,dense,1221,45,0,0,0,0,0,0,0,0,0,0,0,0,0
48,1,moe,711,44,2034,2761,1493,1166,77,0,0,702,636,8,7,1,8
48,2,moe,697,42,1410,487,867,1162,76,0,0,695,648,8,7,1,8
48,3,moe,652,44,3638,5781,2563,2346,160,0,0,1431,634,8,6,2,8
48,4,moe,688,46,4633,7478,3418,3097,207,0,0,2089,566,8,5,3,8
48,5,moe,708,46,1857,2324,1487,1004,67,0,0,701,563,8,7,1,8
48,6,moe,684,43,2236,2601,1536,1280,75,0,0,655,679,8,7,1,8
48,7,moe,644,42,2504,1035,1662,2069,133,0,0,1360,565,8,6,2,8
48,8,moe,693,46,1916,2328,1546,1003,66,0,0,699,574,8,7,1,8
48,9,moe,711,43,3539,2854,2263,2503,151,0,0,1378,644,8,6,2,8
48,10,moe,677,44,4280,4954,3086,3067,201,0,0,2074,566,8,5,3,8
48,11,moe,625,41,3157,4802,2432,2001,134,0,0,1410,563,8,6,2,8
48,12,moe,690,43,2194,2492,1517,1261,76,0,0,660,635,8,7,1,8
48,13,moe,719,43,10,0,0,0,0,0,10,0,552,8,8,0,8
48,14,moe,663,40,1891,2353,1447,1006,61,0,0,623,555,8,7,1,8
48,15,moe,603,40,3525,5251,2388,2277,145,0,0,1285,629,8,6,2,8
48,16,moe,659,41,1925,2249,1481,1005,60,0,0,621,558,8,7,1,8
48,17,moe,694,40,1834,2222,1466,997,65,1,0,695,562,8,7,1,8
48,18,moe,682,46,2199,2512,1495,1289,77,0,0,662,638,8,7,1,8
48,19,moe,646,41,2977,2358,2136,2069,130,0,0,1358,565,8,6,2,8
48,20,moe,689,46,4387,7874,3304,3027,235,0,0,2179,567,8,5,3,8
48,21,moe,716,45,11,0,0,0,0,0,11,0,633,8,8,0,8
48,22,moe,715,41,5149,5439,3715,4028,260,0,0,2854,566,8,4,4,8
48,23,moe,649,45,3749,5419,2550,2414,152,0,0,1367,630,8,6,2,8
48,24,moe,709,42,3458,5253,2456,2178,143,0,0,1319,627,8,6,2,8
48,25,moe,694,41,3973,6624,2971,2182,139,0,0,1319,637,8,6,2,8
48,26,moe,5897,39,10,0,0,0,0,0,10,0,627,8,8,0,8
48,-1,epi,0,0,0,0,0,0,0,0,3816,0,0,0,0,0,0
49,-2,pre,197,0,0,0,0,0,0,0,0,0,0,0,0,0,0
49,0,dense,5538,45,0,0,0,0,0,0,0,0,0,0,0,0,0
49,1,moe,5516,45,4940,7910,3345,3481,232,0,0,2118,636,8,5,3,8
49,2,moe,2700,42,1405,484,865,1161,74,0,0,695,626,8,7,1,8
49,3,moe,651,39,4832,8540,3240,3488,226,1,0,2123,631,8,5,3,8
49,4,moe,691,41,4463,7560,3288,3043,198,0,0,2066,563,8,5,3,8
49,5,moe,693,40,3092,4944,2410,1880,129,0,0,1327,558,8,6,2,8
49,6,moe,667,40,2172,2413,1531,1185,73,0,0,617,627,8,7,1,8
49,7,moe,625,40,2703,2271,1916,1938,126,0,0,1277,562,8,6,2,8
49,8,moe,667,40,1780,2383,1433,936,63,0,0,652,554,8,7,1,8
49,9,moe,701,41,6026,10984,3881,4489,298,0,0,2642,637,8,4,4,8
49,10,moe,669,49,4275,7537,3160,2929,191,0,0,2005,557,8,5,3,8
49,11,moe,619,39,1796,2173,1449,945,62,0,0,660,552,8,7,1,8
49,12,moe,663,42,2249,2685,1606,1195,72,0,0,624,624,8,7,1,8
49,13,moe,695,39,4218,7468,3098,2881,193,0,0,1954,562,8,5,3,8
49,14,moe,669,39,3027,4779,2349,1876,123,0,0,1321,558,8,6,2,8
49,15,moe,617,37,3188,2900,2061,2268,143,0,0,1284,626,8,6,2,8
49,16,moe,664,40,2926,2547,2138,1953,120,0,0,1285,564,8,6,2,8
49,17,moe,709,43,5803,11409,4371,3990,268,0,0,2826,569,8,4,4,8
49,18,moe,677,45,2372,2721,1692,1269,77,1,0,667,633,8,7,1,8
49,19,moe,645,42,7728,12194,5608,5734,462,0,0,4076,562,8,2,6,8
49,20,moe,662,44,3976,5126,2966,2832,198,0,0,2020,562,8,5,3,8
49,21,moe,694,54,5765,5274,3621,4496,288,0,0,2640,639,8,4,4,8
49,22,moe,701,46,5896,5459,4107,4810,308,0,0,3329,561,8,3,5,8
49,23,moe,617,39,6635,4087,4001,5663,368,0,0,3397,636,8,3,5,8
49,24,moe,706,44,6827,5516,4323,5522,362,0,0,3380,634,8,3,5,8
49,25,moe,695,41,7985,8328,5001,6625,428,0,0,4069,639,8,2,6,8
49,26,moe,625,39,5066,2528,3055,4456,293,0,0,2738,697,8,4,4,8
49,-1,epi,0,0,0,0,0,0,0,0,4183,0,0,0,0,0,0
50,-2,pre,63,0,0,0,0,0,0,0,0,0,0,0,0,0,0
50,0,dense,1264,62,0,0,0,0,0,0,0,0,0,0,0,0,0
50,1,moe,746,42,2970,2502,1933,2222,146,0,0,1331,659,8,6,2,8
50,2,moe,4556,44,5333,8867,3690,3553,232,0,0,2142,690,8,5,3,8
50,3,moe,12401,46,1954,2263,1445,1093,71,0,0,655,641,8,7,1,8
50,4,moe,700,44,3425,1573,2262,2928,186,0,0,1951,577,8,5,3,8
50,5,moe,711,46,4891,4624,3477,3837,253,0,0,2676,629,8,4,4,8
50,6,moe,737,48,2144,2468,1481,1208,74,0,0,619,676,8,7,1,8
50,7,moe,641,42,10,0,0,0,0,0,10,0,557,8,8,0,8
50,8,moe,694,46,1320,463,849,1016,62,0,0,607,572,8,7,1,8
50,9,moe,721,41,2121,2178,1448,1226,74,0,0,627,642,8,7,1,8
50,10,moe,681,49,1873,2109,1415,1015,61,0,0,618,557,8,7,1,8
50,11,moe,635,40,1752,2193,1400,945,63,0,0,656,558,8,7,1,8
50,12,moe,676,42,2173,2349,1507,1215,69,0,0,618,630,8,7,1,8
50,13,moe,700,47,10,0,0,0,0,0,10,0,562,8,8,0,8
50,14,moe,662,42,10,0,0,0,0,0,10,0,556,8,8,0,8
50,15,moe,646,38,4105,2746,2608,3266,214,0,0,1983,632,8,5,3,8
50,16,moe,659,42,5061,5457,3591,3820,249,0,0,2599,558,8,4,4,8
50,17,moe,749,42,7618,20565,6273,3757,240,0,0,2652,564,8,4,4,8
50,18,moe,658,41,4974,8538,3339,3370,220,1,0,1956,634,8,5,3,8
50,19,moe,607,39,10,0,0,0,0,0,10,0,546,8,8,0,8
50,20,moe,658,40,4243,5171,3107,2880,190,0,0,1934,559,8,5,3,8
50,21,moe,697,43,5753,6400,3616,4508,293,0,0,2664,638,8,4,4,8
50,22,moe,695,40,3441,1814,2314,2899,193,0,0,1965,556,8,5,3,8
50,23,moe,634,44,5745,5944,3615,4456,287,0,0,2613,629,8,4,4,8
50,24,moe,699,46,5239,4375,3251,4360,288,0,0,2660,629,8,4,4,8
50,25,moe,694,43,6641,17538,5631,2199,146,0,0,1335,628,8,6,2,8
50,26,moe,623,41,3338,5225,2323,2176,148,0,0,1309,628,8,6,2,8
50,-1,epi,0,0,0,0,0,0,0,0,3813,0,0,0,0,0,0
51,-2,pre,63,0,0,0,0,0,0,0,0,0,0,0,0,0,0
51,0,dense,1186,44,0,0,0,0,0,0,0,0,0,0,0,0,0
51,1,moe,693,41,10,0,0,0,0,0,10,0,625,8,8,0,8
51,2,moe,656,41,2059,2447,1551,1091,70,0,0,653,628,8,7,1,8
51,3,moe,618,40,2581,1143,1573,2181,142,0,0,1315,632,8,6,2,8
51,4,moe,7140,44,5041,2661,3456,4164,273,0,0,2852,666,8,4,4,8
51,5,moe,6520,51,13,0,0,0,0,0,13,0,566,8,8,0,8
51,6,moe,684,45,6111,11496,3976,4592,297,0,0,2754,642,8,4,4,8
51,7,moe,672,46,5731,9931,4173,4100,265,0,0,2807,568,8,4,4,8
51,8,moe,710,50,3210,5081,2473,2017,134,0,0,1414,570,8,6,2,8
51,9,moe,719,45,3723,4960,2466,2481,153,0,0,1377,634,8,6,2,8
51,10,moe,684,49,3633,5558,2781,2074,135,0,0,1357,589,8,6,2,8
51,11,moe,636,55,3249,4544,2524,2007,133,0,0,1415,562,8,6,2,8
51,12,moe,686,48,3504,5534,2378,2327,145,0,0,1346,630,8,6,2,8
51,13,moe,693,43,4489,7064,3372,2872,189,0,0,1944,560,8,5,3,8
51,14,moe,669,43,11,0,0,0,0,0,11,0,550,8,8,0,8
51,15,moe,624,42,2001,2465,1374,1172,72,0,0,617,631,8,7,1,8
51,16,moe,683,43,7655,12674,5732,5087,337,0,0,3501,570,8,3,5,8
51,17,moe,714,43,3187,4773,2498,1963,136,0,0,1410,559,8,6,2,8
51,18,moe,670,40,6137,11114,3983,4477,301,0,0,2624,634,8,4,4,8
51,19,moe,623,40,2914,2424,2121,1941,122,0,0,1270,559,8,6,2,8
51,20,moe,666,41,6355,9834,4669,4704,328,0,0,3346,563,8,3,5,8
51,21,moe,703,45,8653,13391,5511,6749,437,0,0,4044,635,8,2,6,8
51,22,moe,686,41,4289,7700,3152,2992,189,0,0,2044,560,8,5,3,8
51,23,moe,637,38,4862,8081,3234,3361,218,0,0,1951,633,8,5,3,8
51,24,moe,699,42,3776,5907,2766,2181,147,0,0,1318,635,8,6,2,8
51,25,moe,688,41,7291,13988,4793,5467,373,1,0,3343,638,8,3,5,8
51,26,moe,619,40,5764,7831,3772,4463,330,0,0,2801,639,8,4,4,8
51,-1,epi,0,0,0,0,0,0,0,0,3823,0,0,0,0,0,0
52,-2,pre,41,0,0,0,0,0,0,0,0,0,0,0,0,0,0
52,0,dense,1220,47,0,0,0,0,0,0,0,0,0,0,0,0,0
52,1,moe,718,47,1915,2308,1360,1166,79,0,0,690,636,8,7,1,8
52,2,moe,684,42,1405,477,865,1165,73,0,0,698,637,8,7,1,8
52,3,moe,655,41,3505,4948,2434,2326,159,0,0,1414,634,8,6,2,8
52,4,moe,682,43,5602,8514,4042,4058,263,0,0,2761,568,8,4,4,8
52,5,moe,4319,46,11,0,0,0,0,0,11,0,554,8,8,0,8
52,6,moe,8506,43,2257,2512,1575,1264,76,0,0,658,633,8,7,1,8
52,7,moe,9967,45,4272,7235,3124,2892,201,0,0,1945,558,8,5,3,8
52,8,moe,667,41,1792,2336,1446,938,59,1,0,652,561,8,7,1,8
52,9,moe,711,46,3537,6075,2386,2287,149,0,0,1285,635,8,6,2,8
52,10,moe,671,44,1984,2490,1532,1006,63,0,0,617,559,8,7,1,8
52,11,moe,618,39,1808,2133,1461,941,64,0,0,658,558,8,7,1,8
52,12,moe,666,40,2174,2446,1527,1192,72,0,0,617,628,8,7,1,8
52,13,moe,704,43,3354,5463,2572,1934,123,0,0,1275,560,8,6,2,8
52,14,moe,666,41,10,0,0,0,0,0,10,0,546,8,8,0,8
52,15,moe,617,39,1998,2292,1351,1199,73,0,0,625,625,8,7,1,8
52,16,moe,663,54,4284,7251,3162,2877,196,0,0,1951,563,8,5,3,8
52,17,moe,699,41,4530,2916,3180,3760,249,0,0,2659,561,8,4,4,8
52,18,moe,662,41,19,0,0,0,0,0,19,0,619,8,8,0,8
52,19,moe,620,48,1872,2394,1522,947,63,0,0,660,564,8,7,1,8
52,20,moe,661,41,2250,1002,1571,1877,123,0,0,1321,562,8,6,2,8
52,21,moe,693,41,7059,9820,4417,5670,381,0,0,3409,635,8,3,5,8
52,22,moe,696,46,2307,1114,1515,1939,123,0,0,1270,564,8,6,2,8
52,23,moe,617,40,5244,2584,3107,4605,279,0,0,2747,644,8,4,4,8
52,24,moe,713,44,3260,3070,2255,2175,140,0,0,1310,635,8,6,2,8
52,25,moe,699,42,4455,6504,2958,3279,213,0,0,1995,634,8,5,3,8
52,26,moe,607,42,1358,505,840,1089,70,0,0,641,633,8,7,1,8
52,-1,epi,0,0,0,0,0,0,0,0,3827,0,0,0,0,0,0
53,-2,pre,210,0,0,0,0,0,0,0,0,0,0,0,0,0,0
53,0,dense,1209,40,0,0,0,0,0,0,0,0,0,0,0,0,0
53,1,moe,722,42,2067,2567,1526,1163,76,0,0,698,638,8,7,1,8
53,2,moe,682,36,11,0,0,0,0,0,11,0,640,8,8,0,8
53,3,moe,642,36,4911,7759,3303,3502,236,0,0,2130,639,8,5,3,8
53,4,moe,691,38,1380,460,880,1073,67,0,0,640,560,8,7,1,8
53,5,moe,711,35,1867,2306,1499,1000,65,0,0,697,565,8,7,1,8
53,6,moe,682,37,11,0,0,0,0,0,11,0,625,8,8,0,8
53,7,moe,634,36,1700,2136,1330,1006,69,0,0,705,560,8,7,1,8
53,8,moe,7937,45,3357,5246,2620,1999,134,0,0,1396,575,8,6,2,8
53,9,moe,6758,40,4346,5199,2698,3395,225,0,0,1972,637,8,5,3,8
53,10,moe,660,35,3468,1637,2345,2924,181,0,0,1982,559,8,5,3,8
53,11,moe,601,34,10,0,0,0,0,0,10,0,543,8,8,0,8
53,12,moe,666,35,3619,5080,2408,2360,154,0,0,1303,633,8,6,2,8
53,13,moe,709,39,2077,2454,1590,1076,69,0,0,658,572,8,7,1,8
53,14,moe,683,274,5786,13750,4698,2999,194,0,0,2105,569,8,5,3,8
53,15,moe,642,39,18,0,0,0,0,0,18,0,620,8,8,0,8
53,16,moe,667,40,3887,6129,2865,2831,182,0,0,1991,561,8,5,3,8
53,17,moe,704,41,2359,1233,1679,1872,124,0,0,1316,559,8,6,2,8
53,18,moe,668,56,10,0,0,0,0,0,10,0,619,8,8,0,8
53,19,moe,617,39,4872,11640,4526,942,60,0,0,656,558,8,7,1,8
53,20,moe,685,41,2237,1009,1559,1869,120,0,0,1311,556,8,6,2,8
53,21,moe,698,44,4538,3084,2900,3359,208,0,0,1929,637,8,5,3,8
53,22,moe,705,42,1293,448,838,1005,65,0,0,615,554,8,7,1,8
53,23,moe,614,41,3301,3270,2170,2271,139,0,0,1279,629,8,6,2,8
53,24,moe,696,41,5308,3295,3310,4418,279,0,0,2699,628,8,4,4,8
53,25,moe,695,41,4413,5132,2920,3267,213,0,0,1987,644,8,5,3,8
53,26,moe,628,42,5919,9070,3920,4439,298,0,0,2738,636,8,4,4,8
53,-1,epi,0,0,0,0,0,0,0,0,3817,0,0,0,0,0,0
54,-2,pre,46,0,0,0,0,0,0,0,0,0,0,0,0,0,0
54,0,dense,1189,46,0,0,0,0,0,0,0,0,0,0,0,0,0
54,1,moe,690,41,10,0,0,0,0,0,10,0,615,8,8,0,8
54,2,moe,672,44,11,0,0,0,0,0,11,0,624,8,8,0,8
54,3,moe,619,38,4417,2938,2899,3288,217,0,0,1987,651,8,5,3,8
54,4,moe,695,45,5401,4859,3844,4060,257,0,0,2760,565,8,4,4,8
54,5,moe,733,44,3295,5174,2568,1998,133,0,0,1404,569,8,6,2,8
54,6,moe,684,46,1564,517,884,1260,74,0,0,654,635,8,7,1,8
54,7,moe,630,43,5588,6983,4037,4175,258,0,0,2882,565,8,4,4,8
54,8,moe,681,42,1952,2490,1582,1007,66,0,0,703,566,8,7,1,8
54,9,moe,756,45,4737,5602,2980,3599,233,0,0,2075,713,8,5,3,8
54,10,moe,5355,48,11,0,0,0,0,0,11,0,591,8,8,0,8
54,11,moe,664,45,2092,2548,1617,1074,66,1,0,666,617,8,7,1,8
54,12,moe,729,47,2262,2367,1581,1266,76,0,0,661,720,8,7,1,8
54,13,moe,755,41,4513,8232,3302,3079,197,0,0,2065,608,8,5,3,8
54,14,moe,707,47,3677,6420,2950,1995,133,0,0,1401,627,8,6,2,8
54,15,moe,697,50,18019,30827,17347,1195,73,0,0,596,635,8,7,1,8
54,16,moe,678,43,1292,460,836,1010,60,0,0,614,560,8,7,1,8
54,17,moe,707,45,1185,458,838,940,63,0,0,656,561,8,7,1,8
54,18,moe,672,43,2082,2411,1445,1195,73,0,0,631,627,8,7,1,8
54,19,moe,634,41,1282,428,825,1011,61,0,0,615,592,8,7,1,8
54,20,moe,668,44,10,0,0,0,0,0,10,0,555,8,8,0,8
54,21,moe,698,43,3350,2807,2186,2292,144,0,0,1272,626,8,6,2,8
54,22,moe,706,42,2920,2467,2116,1947,123,0,0,1266,556,8,6,2,8
54,23,moe,624,38,5796,7998,3632,4517,319,0,0,2672,788,8,4,4,8
54,24,moe,738,47,4431,5700,2917,3338,238,0,0,2062,810,8,5,3,8
54,25,moe,717,49,5722,6047,3709,4364,305,0,0,2656,637,8,4,4,8
54,26,moe,625,43,5340,2587,3205,4731,301,0,0,2897,652,8,4,4,8
54,-1,epi,0,0,0,0,0,0,0,0,3835,0,0,0,0,0,0
55,-2,pre,226,0,0,0,0,0,0,0,0,0,0,0,0,0,0
55,0,dense,1218,48,0,0,0,0,0,0,0,0,0,0,0,0,0
55,1,moe,727,48,2884,1506,1801,2339,154,0,0,1410,644,8,6,2,8
55,2,moe,703,45,4547,5622,2955,3483,231,0,0,2122,643,8,5,3,8
55,3,moe,660,44,4961,9146,3356,3558,228,0,0,2181,637,8,5,3,8
55,4,moe,696,44,1387,441,877,1084,67,0,0,641,569,8,7,1,8
55,5,moe,721,45,5422,9943,3979,4014,278,0,0,2849,573,8,4,4,8
55,6,moe,688,46,5793,6730,3749,4317,150,0,0,2423,634,8,6,2,8
55,7,moe,643,43,6912,12130,4986,5081,342,0,0,3497,570,8,3,5,8
55,8,moe,688,44,1871,2299,1511,994,64,0,0,698,559,8,7,1,8
55,9,moe,704,41,3120,2637,2088,2082,70,0,0,1120,627,8,7,1,8
55,10,moe,670,39,4730,4835,3437,3447,124,0,0,2278,568,8,6,2,8
55,11,moe,12335,40,4856,4937,3510,3761,243,0,0,2658,564,8,4,4,8
55,12,moe,7597,42,3332,4009,2299,2078,71,0,0,1116,629,8,7,1,8
55,13,moe,706,40,7964,5240,5495,6848,243,0,0,4622,560,8,4,4,8
55,14,moe,674,42,3913,4917,2899,2816,184,0,0,1986,564,8,5,3,8
55,15,moe,621,40,4492,4933,2845,3387,216,0,0,1956,633,8,5,3,8
55,16,moe,680,41,10358,13617,7883,6837,243,0,0,4605,559,8,4,4,8
55,17,moe,734,45,5744,3504,4058,4747,308,0,0,3369,568,8,3,5,8
55,18,moe,682,44,5039,2683,3139,4041,139,0,0,2280,633,8,6,2,8
55,19,moe,619,38,6209,4795,4335,5140,186,0,0,3452,561,8,5,3,8
55,20,moe,678,41,3381,5688,2697,1881,129,1,0,1327,571,8,6,2,8
55,21,moe,782,50,4129,2406,2476,3394,222,0,0,1963,652,8,5,3,8
55,22,moe,739,43,5401,8315,3926,3874,258,0,0,2657,568,8,4,4,8
55,23,moe,719,46,4609,4940,2904,3442,215,0,0,1952,641,8,5,3,8
55,24,moe,733,48,4021,2618,2500,3280,227,0,0,1986,649,8,5,3,8
55,25,moe,722,43,2977,2849,1967,2188,146,0,0,1324,642,8,6,2,8
55,26,moe,679,41,7292,10801,4591,5635,461,0,0,3395,661,8,3,5,8
55,-1,epi,0,0,0,0,0,0,0,0,4266,0,0,0,0,0,0
56,-2,pre,144,0,0,0,0,0,0,0,0,0,0,0,0,0,0
56,0,dense,1194,44,0,0,0,0,0,0,0,0,0,0,0,0,0
56,1,moe,734,47,4552,7615,3001,3323,221,0,0,1993,653,8,5,3,8
56,2,moe,691,43,3642,5535,2624,2191,143,0,0,1316,705,8,6,2,8
56,3,moe,724,48,4521,8378,3017,3284,222,0,0,2002,641,8,5,3,8
56,4,moe,696,42,11,0,0,0,0,0,11,0,588,8,8,0,8
56,5,moe,793,43,1870,2006,1376,1043,63,0,0,612,571,8,7,1,8
56,6,moe,701,41,10,0,0,0,0,0,10,0,640,8,8,0,8
56,7,moe,640,38,1815,2156,1466,936,63,0,0,650,554,8,7,1,8
56,8,moe,710,46,1799,2191,1444,953,63,0,0,661,571,8,7,1,8
56,9,moe,730,46,4624,1154,2644,4155,137,0,0,2312,670,8,6,2,8
56,10,moe,736,45,2824,2322,2021,1949,122,0,0,1268,574,8,6,2,8
56,11,moe,670,252,3341,7077,2651,1878,124,0,0,1312,571,8,6,2,8
56,12,moe,679,42,2474,3870,1825,1201,75,0,0,627,630,8,7,1,8
56,13,moe,7487,46,3093,4536,2290,1945,135,0,0,1277,609,8,6,2,8
56,14,moe,742,42,2975,4361,2285,1888,135,0,0,1333,600,8,6,2,8
56,15,moe,649,39,1999,2303,1354,1188,71,0,0,614,661,8,7,1,8
56,16,moe,731,41,2351,1010,1560,1945,124,1,0,1279,608,8,6,2,8
56,17,moe,776,44,1758,2057,1407,942,63,0,0,654,595,8,7,1,8
56,18,moe,732,46,2123,2248,1461,1206,70,0,0,614,646,8,7,1,8
56,19,moe,696,41,3634,2236,2496,2884,188,0,0,1934,610,8,5,3,8
56,20,moe,718,40,2651,2132,1964,1879,124,0,0,1316,576,8,6,2,8
56,21,moe,745,51,4042,1816,2369,3454,216,0,0,1997,680,8,5,3,8
56,22,moe,741,43,2693,2269,1964,1783,61,0,0,1115,598,8,7,1,8
56,23,moe,692,40,4231,2588,2564,3396,222,0,0,1951,667,8,5,3,8
56,24,moe,725,48,3937,1912,2376,3422,219,0,0,2080,647,8,5,3,8
56,25,moe,742,49,4811,5742,3287,3301,224,0,0,2001,659,8,5,3,8
56,26,moe,653,45,6748,5502,4227,5608,359,0,0,3446,660,8,3,5,8
56,-1,epi,0,0,0,0,0,0,0,0,4121,0,0,0,0,0,0
57,-2,pre,43,0,0,0,0,0,0,0,0,0,0,0,0,0,0
57,0,dense,1253,52,0,0,0,0,0,0,0,0,0,0,0,0,0
57,1,moe,738,46,2985,2481,1982,2196,141,0,0,1334,638,8,6,2,8
57,2,moe,729,48,10,0,0,0,0,0,10,0,637,8,8,0,8
57,3,moe,639,47,5259,2991,3185,4496,297,0,0,2719,666,8,4,4,8
57,4,moe,724,41,10,0,0,0,0,0,10,0,607,8,8,0,8
57,5,moe,748,43,3591,2351,2449,2903,185,0,0,1946,602,8,5,3,8
57,6,moe,732,49,2184,2565,1531,1199,69,0,0,615,630,8,7,1,8
57,7,moe,652,39,4080,5318,2930,2910,186,0,0,1946,588,8,5,3,8
57,8,moe,689,46,1750,2181,1399,942,63,0,0,654,568,8,7,1,8
57,9,moe,727,48,11,0,0,0,0,0,11,0,644,8,8,0,8
57,10,moe,686,53,9,0,0,0,0,0,9,0,653,8,8,0,8
57,11,moe,663,42,4505,7078,3482,2840,191,0,0,2008,575,8,5,3,8
57,12,moe,693,45,10,0,0,0,0,0,10,0,647,8,8,0,8
57,13,moe,714,63,1795,2182,1444,944,62,0,0,655,567,8,7,1,8
57,14,moe,3117,41,1759,2182,1413,941,61,0,0,656,588,8,7,1,8
57,15,moe,639,56,3531,4933,2341,2319,142,0,0,1271,661,8,6,2,8
57,16,moe,706,46,1306,470,847,1005,61,0,0,607,587,8,7,1,8
57,17,moe,710,42,2066,474,1433,1785,60,0,0,1212,590,8,7,1,8
57,18,moe,678,44,2988,2250,1913,2129,71,0,0,1125,668,8,7,1,8
57,19,moe,672,42,1317,437,857,1031,60,0,0,631,590,8,7,1,8
57,20,moe,706,45,10,0,0,0,0,0,10,0,580,8,8,0,8
57,21,moe,762,47,5534,5404,3539,4157,143,0,0,2305,648,8,6,2,8
57,22,moe,770,40,2777,2075,1958,1962,125,0,0,1268,566,8,6,2,8
57,23,moe,663,38,2760,1101,1589,2316,145,0,0,1290,650,8,6,2,8
57,24,moe,728,42,3267,4859,2255,2185,147,0,0,1320,639,8,6,2,8
57,25,moe,773,44,1997,2449,1489,1087,70,0,0,649,628,8,7,1,8
57,26,moe,670,39,7704,3852,4646,6660,531,0,0,4133,705,8,2,6,8
57,-1,epi,0,0,0,0,0,0,0,0,4083,0,0,0,0,0,0
58,-2,pre,214,0,0,0,0,0,0,0,0,0,0,0,0,0,0
58,0,dense,1212,47,0,0,0,0,0,0,0,0,0,0,0,0,0
58,1,moe,730,52,2035,2623,1520,1101,75,0,0,661,637,8,7,1,8
58,2,moe,742,53,10,0,0,0,0,0,10,0,687,8,8,0,8
58,3,moe,670,44,4697,5484,3187,3540,226,0,0,2256,674,8,5,3,8
58,4,moe,702,43,3684,2252,2485,2955,193,0,0,1949,580,8,5,3,8
58,5,moe,733,47,2435,1977,1813,1726,63,0,0,1167,580,8,7,1,8
58,6,moe,699,40,10,0,0,0,0,0,10,0,654,8,8,0,8
58,7,moe,689,41,1730,2123,1384,941,63,0,0,658,555,8,7,1,8
58,8,moe,738,50,2570,2272,1941,1726,60,0,0,1157,577,8,7,1,8
58,9,moe,733,55,2218,2479,1564,1192,72,0,0,610,669,8,7,1,8
58,10,moe,727,40,9,0,0,0,0,0,9,0,619,8,8,0,8
58,11,moe,702,48,8,0,0,0,0,0,8,0,610,8,8,0,8
58,12,moe,714,44,9,0,0,0,0,0,9,0,629,8,8,0,8
58,13,moe,701,43,4375,2349,3086,3459,119,0,0,2289,556,8,6,2,8
58,14,moe,2801,45,10,0,0,0,0,0,10,0,553,8,8,0,8
58,15,moe,615,42,3647,5084,2488,2292,148,0,0,1281,635,8,6,2,8
58,16,moe,679,50,2659,2388,1950,1761,62,0,0,1114,559,8,7,1,8
58,17,moe,710,41,2574,2211,1973,1696,67,0,0,1162,645,8,7,1,8
58,18,moe,677,45,11,0,0,0,0,0,11,0,750,8,8,0,8
58,19,moe,641,38,4222,5067,3139,2995,203,0,0,2115,664,8,5,3,8
58,20,moe,702,50,1252,453,881,998,65,0,0,692,640,8,7,1,8
58,21,moe,758,49,2516,484,1411,2205,79,0,0,1179,771,8,7,1,8
58,22,moe,727,58,3032,2458,2191,2060,135,0,0,1354,574,8,6,2,8
58,23,moe,657,47,4868,1176,2837,4318,152,0,0,2439,638,8,6,2,8
58,24,moe,766,51,2149,2496,1606,1164,78,0,0,699,667,8,7,1,8
58,25,moe,737,51,4688,1155,2798,4241,149,0,0,2500,636,8,6,2,8
58,26,moe,673,53,4316,2677,2712,3498,233,0,0,2127,644,8,5,3,8
58,-1,epi,0,0,0,0,0,0,0,0,3843,0,0,0,0,0,0
59,-2,pre,58,0,0,0,0,0,0,0,0,0,0,0,0,0,0
59,0,dense,1225,44,0,0,0,0,0,0,0,0,0,0,0,0,0
59,1,moe,731,60,11,0,0,0,0,0,11,0,634,8,8,0,8
59,2,moe,692,40,2030,2462,1489,1166,75,0,0,700,635,8,7,1,8
59,3,moe,650,41,4635,1140,2743,4225,147,0,0,2480,634,8,6,2,8
59,4,moe,696,37,10,0,0,0,0,0,10,0,561,8,8,0,8
59,5,moe,725,39,10,0,0,0,0,0,10,0,561,8,8,0,8
59,6,moe,696,35,2245,2678,1703,1164,78,0,0,700,638,8,7,1,8
59,7,moe,646,36,2835,2388,2074,1874,64,0,0,1177,562,8,7,1,8
59,8,moe,689,36,10,0,0,0,0,0,10,0,557,8,8,0,8
59,9,moe,782,44,2524,504,1415,2218,73,0,0,1182,631,8,7,1,8
59,10,moe,684,41,2424,3850,1950,1066,66,0,0,658,577,8,7,1,8
59,11,moe,651,47,2630,2099,1994,1811,65,0,0,1240,572,8,7,1,8
59,12,moe,692,42,2499,490,1415,2209,73,0,0,1198,628,8,7,1,8
59,13,moe,716,46,4977,4813,3600,3705,134,0,0,2462,570,8,6,2,8
59,14,moe,724,48,4488,2733,3221,3627,132,0,0,2492,575,8,6,2,8
59,15,moe,613,41,2350,475,1325,2069,74,0,0,1118,628,8,7,1,8
59,16,moe,681,45,2839,2426,2070,1928,119,0,0,1278,568,8,6,2,8
59,17,moe,713,46,2527,2158,1927,1702,63,0,0,1165,558,8,7,1,8
59,18,moe,692,46,3954,7819,3316,1191,69,0,0,622,625,8,7,1,8
59,19,moe,612,45,4695,4766,3408,3449,124,0,0,2286,564,8,6,2,8
59,20,moe,680,47,3705,2710,2688,2816,185,0,0,1984,563,8,5,3,8
59,21,moe,707,43,5258,2623,3120,4604,276,0,0,2742,636,8,4,4,8
59,22,moe,704,46,11201,5903,7748,9764,376,0,0,6687,567,8,2,6,8
59,23,moe,625,41,6649,3666,4008,5679,358,0,0,3396,636,8,3,5,8
59,24,moe,715,46,8811,3341,5269,7917,287,0,0,4662,640,8,4,4,8
59,25,moe,711,44,12128,5318,7824,10885,432,1,0,7014,642,8,2,6,8
59,26,moe,639,41,7946,4559,4902,6731,434,0,0,4121,652,8,2,6,8
59,-1,epi,0,0,0,0,0,0,0,0,3900,0,0,0,0,0,0
60,-2,pre,61,0,0,0,0,0,0,0,0,0,0,0,0,0,0
60,0,dense,1243,48,0,0,0,0,0,0,0,0,0,0,0,0,0
60,1,moe,715,48,2043,2828,1534,1095,71,0,0,657,624,8,7,1,8
60,2,moe,682,48,2896,2572,2002,1984,70,0,0,1160,623,8,7,1,8
60,3,moe,615,40,8938,5065,5391,7871,282,0,0,4606,636,8,4,4,8
60,4,moe,689,47,2708,2275,1979,1767,64,0,0,1102,560,8,7,1,8
60,5,moe,710,46,2576,2456,1979,1693,62,0,0,1158,559,8,7,1,8
60,6,moe,698,48,10,0,0,0,0,0,10,0,629,8,8,0,8
60,7,moe,613,52,10,0,0,0,0,0,10,0,543,8,8,0,8
60,8,moe,667,43,4649,4996,3458,3393,129,0,0,2331,561,8,6,2,8
60,9,moe,713,45,2223,2515,1579,1184,69,1,0,610,627,8,7,1,8
60,10,moe,671,46,2739,2392,2031,1760,63,0,0,1115,561,8,7,1,8
60,11,moe,615,68,1931,437,1333,1690,63,0,0,1155,554,8,7,1,8
60,12,moe,682,46,2520,940,1500,2071,69,0,0,1120,628,8,7,1,8
60,13,moe,702,43,9,0,0,0,0,0,9,0,563,8,8,0,8
60,14,moe,685,42,2378,1050,1582,1940,120,0,0,1264,565,8,6,2,8
60,15,moe,4854,41,6588,1786,3800,6017,214,0,0,3443,634,8,5,3,8
60,16,moe,690,45,10,0,0,0,0,0,10,0,557,8,8,0,8
60,17,moe,721,44,2745,2499,2035,1761,61,0,0,1112,558,8,7,1,8
60,18,moe,691,45,10,0,0,0,0,0,10,0,625,8,8,0,8
60,19,moe,617,42,4298,2479,3110,3389,121,0,0,2322,554,8,6,2,8
60,20,moe,679,43,2593,2524,1994,1699,60,0,0,1160,563,8,7,1,8
60,21,moe,703,42,3886,1799,2223,3383,209,0,0,1929,644,8,5,3,8
60,22,moe,723,46,2841,2360,2047,1943,119,0,0,1268,562,8,6,2,8
60,23,moe,621,44,5485,3053,3342,4454,278,0,0,2589,643,8,4,4,8
60,24,moe,733,49,5398,2960,3287,4621,287,0,0,2797,644,8,4,4,8
60,25,moe,744,52,4578,1150,2706,4159,154,0,0,2441,649,8,6,2,8
60,26,moe,688,49,4570,1128,2707,4166,140,0,0,2443,706,8,6,2,8
60,-1,epi,0,0,0,0,0,0,0,0,4318,0,0,0,0,0,0
61,-2,pre,41,0,0,0,0,0,0,0,0,0,0,0,0,0,0
61,0,dense,1205,43,0,0,0,0,0,0,0,0,0,0,0,0,0
61,1,moe,753,54,1767,2310,1255,1103,79,0,0,670,627,8,7,1,8
61,2,moe,696,49,3495,5609,2466,2232,147,0,0,1350,656,8,6,2,8
61,3,moe,657,45,3924,1871,2405,3394,214,0,0,2089,655,8,5,3,8
61,4,moe,743,45,2837,2273,2000,1966,126,0,0,1255,555,8,6,2,8
61,5,moe,705,44,1795,2336,1447,941,63,0,0,656,568,8,7,1,8
61,6,moe,677,48,11,0,0,0,0,0,11,0,630,8,8,0,8
61,7,moe,680,43,1750,2076,1404,937,61,0,0,652,550,8,7,1,8
61,8,moe,711,48,11,0,0,0,0,0,11,0,571,8,8,0,8
61,9,moe,748,41,9,0,0,0,0,0,9,0,673,8,8,0,8
61,10,moe,710,40,9,0,0,0,0,0,9,0,567,8,8,0,8
61,11,moe,623,42,2593,2463,1993,1705,65,0,0,1170,559,8,7,1,8
61,12,moe,720,48,10,0,0,0,0,0,10,0,633,8,8,0,8
61,13,moe,753,46,9,0,0,0,0,0,9,0,554,8,8,0,8
61,14,moe,685,46,1847,2295,1499,944,62,0,0,658,564,8,7,1,8
61,15,moe,894,47,2158,2428,1495,1195,70,0,0,602,625,8,7,1,8
61,16,moe,688,49,9,0,0,0,0,0,9,0,554,8,8,0,8
61,17,moe,747,55,3169,4844,2377,1945,127,0,0,1280,561,8,6,2,8
61,18,moe,667,44,7538,8177,4767,5855,235,0,0,3319,631,8,5,3,8
61,19,moe,624,39,2908,2399,2106,1946,127,0,0,1271,556,8,6,2,8
61,20,moe,682,44,5126,5868,3772,3916,265,0,0,2827,561,8,4,4,8
61,21,moe,699,44,8569,13479,5423,6676,440,0,0,3970,633,8,2,6,8
61,22,moe,699,43,8106,7187,5626,6888,244,0,0,4652,560,8,4,4,8
61,23,moe,627,42,8607,16545,6480,4554,287,0,0,2714,636,8,4,4,8
61,24,moe,715,41,9138,4408,5574,7904,285,0,0,4625,643,8,4,4,8
61,25,moe,732,50,11129,7748,6650,9625,378,0,0,5524,643,8,3,5,8
61,26,moe,639,49,11836,4411,7595,10575,402,0,0,6736,636,8,2,6,8
61,-1,epi,0,0,0,0,0,0,0,0,3885,0,0,0,0,0,0
62,-2,pre,48,0,0,0,0,0,0,0,0,0,0,0,0,0,0
62,0,dense,1208,49,0,0,0,0,0,0,0,0,0,0,0,0,0
62,1,moe,700,50,12,0,0,0,0,1,11,0,628,8,8,0,8
62,2,moe,666,46,11,0,0,0,0,0,11,0,620,8,8,0,8
62,3,moe,603,45,6756,3009,4188,5658,197,0,0,3287,640,8,5,3,8
62,4,moe,714,50,2079,457,1337,1770,62,0,0,1090,642,8,7,1,8
62,5,moe,738,42,11,0,0,0,0,0,11,0,619,8,8,0,8
62,6,moe,756,42,5311,9316,4267,2091,71,0,0,1118,823,8,7,1,8
62,7,moe,651,43,11,0,0,0,0,0,11,0,601,8,8,0,8
62,8,moe,910,49,1409,463,883,1094,70,0,0,638,1156,8,7,1,8
62,9,moe,1807,51,14,0,0,0,0,0,14,0,773,8,8,0,8
62,10,moe,683,56,13,0,0,0,0,0,13,0,559,8,8,0,8
62,11,moe,615,48,2904,2808,2224,1878,120,0,0,1318,556,8,6,2,8
62,12,moe,687,50,1502,496,842,1210,71,0,0,621,624,8,7,1,8
62,13,moe,706,41,1258,432,817,999,60,0,0,618,560,8,7,1,8
62,14,moe,688,47,1188,451,837,943,63,0,0,655,562,8,7,1,8
62,15,moe,5510,43,9,0,0,0,0,0,9,0,619,8,8,0,8
62,16,moe,668,41,9,0,0,0,0,0,9,0,549,8,8,0,8
62,17,moe,707,46,10,0,0,0,0,0,10,0,553,8,8,0,8
62,18,moe,666,41,2228,2323,1567,1197,71,0,0,607,629,8,7,1,8
62,19,moe,628,49,5959,2447,4049,5178,196,0,0,3464,694,8,5,3,8
62,20,moe,686,49,1853,2249,1502,943,65,1,0,658,669,8,7,1,8
62,21,moe,733,42,4129,1748,2447,3413,221,0,0,1952,634,8,5,3,8
62,22,moe,699,44,2375,1074,1566,1952,133,0,0,1276,581,8,6,2,8
62,23,moe,656,45,3900,1801,2260,3368,219,0,0,1947,649,8,5,3,8
62,24,moe,719,47,4361,5197,2862,3273,209,0,0,1983,629,8,5,3,8
62,25,moe,709,44,6581,1870,3927,5938,211,0,0,3495,657,8,5,3,8
62,26,moe,630,43,4056,2638,2544,3289,217,0,0,1994,773,8,5,3,8
62,-1,epi,0,0,0,0,0,0,0,0,3839,0,0,0,0,0,0
63,-2,pre,222,0,0,0,0,0,0,0,0,0,0,0,0,0,0
63,0,dense,1202,45,0,0,0,0,0,0,0,0,0,0,0,0,0
63,1,moe,702,43,1490,965,982,1089,69,0,0,650,629,8,7,1,8
63,2,moe,682,42,4225,5665,2721,3298,218,0,0,2012,629,8,5,3,8
63,3,moe,640,44,3567,5582,2564,2179,139,0,0,1315,619,8,6,2,8
63,4,moe,675,41,1278,428,822,1005,60,0,0,609,544,8,7,1,8
63,5,moe,701,44,2698,2300,2018,1867,121,0,0,1308,567,8,6,2,8
63,6,moe,672,46,10,0,0,0,0,0,10,0,619,8,8,0,8
63,7,moe,611,38,2853,3147,2172,1874,122,0,0,1315,564,8,6,2,8
63,8,moe,668,46,10,0,0,0,0,0,10,0,542,8,8,0,8
63,9,moe,700,43,1600,498,882,1283,76,0,0,641,632,8,7,1,8
63,10,moe,693,43,10,0,0,0,0,0,10,0,577,8,8,0,8
63,11,moe,666,41,9,0,0,0,0,0,9,0,572,8,8,0,8
63,12,moe,691,48,5196,9247,3598,3488,227,0,0,2117,666,8,5,3,8
63,13,moe,735,45,1375,464,880,1069,64,1,0,639,562,8,7,1,8
63,14,moe,709,45,6191,2574,4294,5432,198,0,0,3733,580,8,5,3,8
63,15,moe,658,43,3619,3940,2401,2422,147,0,0,1351,631,8,6,2,8
63,16,moe,682,51,2419,1229,1620,1941,120,0,0,1262,550,8,6,2,8
63,17,moe,770,50,2604,2278,1923,1872,124,0,0,1315,591,8,6,2,8
63,18,moe,747,51,3064,2449,2019,2089,73,0,0,1117,659,8,7,1,8
63,19,moe,633,43,3834,2260,2621,3065,204,0,0,2056,593,8,5,3,8
63,20,moe,732,54,1260,461,889,1003,67,0,0,699,614,8,7,1,8
63,21,moe,759,60,3722,3516,2504,2419,147,0,0,1348,677,8,6,2,8
63,22,moe,713,42,7930,5436,5427,6790,265,0,0,4552,563,8,4,4,8
63,23,moe,625,40,11,0,0,0,0,0,11,0,614,8,8,0,8
63,24,moe,704,42,11058,3703,6675,9817,358,0,0,5792,624,8,3,5,8
63,25,moe,706,45,6089,8233,4099,4674,289,0,0,2973,631,8,4,4,8
63,26,moe,625,40,3224,2975,2222,2173,138,0,0,1309,621,8,6,2,8
63,-1,epi,0,0,0,0,0,0,0,0,3821,0,0,0,0,0,0
64,-2,pre,47,0,0,0,0,0,0,0,0,0,0,0,0,0,0
64,0,dense,1235,44,0,0,0,0,0,0,0,0,0,0,0,0,0
64,1,moe,704,47,9,0,0,0,0,0,9,0,619,8,8,0,8
64,2,moe,705,87,12,0,0,0,0,0,12,0,617,8,8,0,8
64,3,moe,626,39,8903,2962,5271,8039,290,0,0,4697,625,8,4,4,8
64,4,moe,692,47,11,0,0,0,0,0,11,0,556,8,8,0,8
64,5,moe,716,43,1369,451,877,1061,66,0,0,635,555,8,7,1,8
64,6,moe,699,45,11,0,0,0,0,0,11,0,624,8,8,0,8
64,7,moe,635,42,2379,1013,1656,1991,129,0,0,1397,558,8,6,2,8
64,8,moe,707,44,5601,14261,4873,2006,135,0,0,1413,561,8,6,2,8
64,9,moe,729,44,5008,5770,3260,3843,230,0,0,2325,633,8,5,3,8
64,10,moe,685,44,23,0,0,0,0,0,23,0,547,8,8,0,8
64,11,moe,650,41,1294,449,832,1002,62,0,0,602,559,8,7,1,8
64,12,moe,681,45,2255,2522,1614,1184,73,0,0,616,620,8,7,1,8
64,13,moe,710,40,1266,458,834,995,62,0,0,625,554,8,7,1,8
64,14,moe,688,40,2753,2973,2071,1873,125,0,0,1316,549,8,6,2,8
64,15,moe,613,39,10,0,0,0,0,0,10,0,620,8,8,0,8
64,16,moe,676,41,10,0,0,0,0,0,10,0,549,8,8,0,8
64,17,moe,716,44,1799,2139,1450,941,62,0,0,654,565,8,7,1,8
64,18,moe,675,40,10,0,0,0,0,0,10,0,622,8,8,0,8
64,19,moe,628,41,2248,993,1567,1874,120,0,0,1313,554,8,6,2,8
64,20,moe,674,43,11,0,0,0,0,0,11,0,560,8,8,0,8
64,21,moe,706,41,5708,3163,3430,4786,296,0,0,2804,628,8,4,4,8
64,22,moe,726,39,3706,1632,2484,3115,200,0,0,2093,558,8,5,3,8
64,23,moe,661,38,1544,464,869,1258,79,0,0,662,630,8,7,1,8
64,24,moe,736,39,7387,5729,4556,6328,231,0,0,3728,633,8,5,3,8
64,25,moe,722,40,3408,2902,2343,2322,147,0,0,1404,624,8,6,2,8
64,26,moe,633,52,5167,2677,3172,4543,283,0,0,2831,626,8,4,4,8
64,-1,epi,0,0,0,0,0,0,0,0,3840,0,0,0,0,0,0
65,-2,pre,225,0,0,0,0,0,0,0,0,0,0,0,0,0,0
65,0,dense,1200,41,0,0,0,0,0,0,0,0,0,0,0,0,0
65,1,moe,725,42,4731,7926,3137,3486,225,0,0,2117,626,8,5,3,8
65,2,moe,692,40,4908,8867,3304,3533,231,0,0,2160,633,8,5,3,8
65,3,moe,716,41,3916,7948,3374,1164,77,0,0,699,619,8,7,1,8
65,4,moe,688,42,3210,3247,2373,2064,128,0,0,1355,558,8,6,2,8
65,5,moe,714,44,10,0,0,0,0,0,10,0,550,8,8,0,8
65,6,moe,679,41,3639,5442,2503,2325,142,0,0,1331,624,8,6,2,8
65,7,moe,629,41,3171,4846,2379,1938,124,0,0,1270,584,8,6,2,8
65,8,moe,699,46,12,0,0,0,0,0,12,0,550,8,8,0,8
65,9,moe,712,41,11,0,0,0,0,0,11,0,611,8,8,0,8
65,10,moe,662,39,3128,5017,2415,1909,130,0,0,1326,558,8,6,2,8
65,11,moe,647,41,4400,7154,3314,3069,200,0,0,2183,557,8,5,3,8
65,12,moe,689,43,2184,2552,1495,1259,74,0,0,644,620,8,7,1,8
65,13,moe,723,44,2844,2516,2097,1867,64,0,0,1184,568,8,7,1,8
65,14,moe,684,39,2936,3966,2254,1874,121,0,0,1313,561,8,6,2,8
65,15,moe,614,40,9534,5777,5838,8038,291,0,0,4633,627,8,4,4,8
65,16,moe,4141,46,3323,5506,2532,1959,125,0,0,1293,552,8,6,2,8
65,17,moe,4211,41,4072,5064,3058,2805,179,0,0,1970,559,8,5,3,8
65,18,moe,677,43,5903,8080,3754,4537,287,0,0,2675,628,8,4,4,8
65,19,moe,619,41,11995,6159,8675,10707,446,0,0,7833,562,8,1,7,8
65,20,moe,668,41,5395,14263,4713,1875,126,0,0,1319,555,8,6,2,8
65,21,moe,714,41,6566,9212,3757,5168,215,0,0,2574,624,8,5,3,8
65,22,moe,700,41,7208,10338,5093,5699,386,0,0,3970,550,8,2,6,8
65,23,moe,640,41,5343,5235,3428,4057,150,0,0,2292,629,8,6,2,8
65,24,moe,706,40,5464,5409,3463,4373,300,0,0,2672,631,8,4,4,8
65,25,moe,697,42,4788,9145,3289,3341,216,0,0,2058,626,8,5,3,8
65,26,moe,627,41,2099,2801,1588,1096,73,0,0,658,618,8,7,1,8
65,-1,epi,0,0,0,0,0,0,0,0,3819,0,0,0,0,0,0
66,-2,pre,74,0,0,0,0,0,0,0,0,0,0,0,0,0,0
66,0,dense,1191,41,0,0,0,0,0,0,0,0,0,0,0,0,0
66,1,moe,699,41,4661,5814,3162,3265,211,0,0,1977,623,8,5,3,8
66,2,moe,663,45,11,0,0,0,0,0,11,0,605,8,8,0,8
66,3,moe,604,41,3222,2763,2217,2183,139,0,0,1317,622,8,6,2,8
66,4,moe,670,41,2491,1174,1678,1948,120,0,0,1255,546,8,6,2,8
66,5,moe,706,45,10,0,0,0,0,0,10,0,551,8,8,0,8
66,6,moe,672,42,10,0,0,0,0,0,10,0,622,8,8,0,8
66,7,moe,629,41,10,0,0,0,0,0,10,0,549,8,8,0,8
66,8,moe,705,39,1846,2353,1498,939,60,0,0,651,555,8,7,1,8
66,9,moe,713,41,2372,478,1333,2074,74,0,0,1109,633,8,7,1,8
66,10,moe,683,41,9,0,0,0,0,0,9,0,545,8,8,0,8
66,11,moe,696,40,4996,3302,3505,3892,243,0,0,2644,559,8,4,4,8
66,12,moe,681,45,2378,489,1343,2077,72,0,0,1114,623,8,7,1,8
66,13,moe,703,41,2045,454,1338,1758,63,0,0,1114,557,8,7,1,8
66,14,moe,682,41,10,0,0,0,0,0,10,0,549,8,8,0,8
66,15,moe,616,39,3282,2614,2152,2274,145,0,0,1289,635,8,6,2,8
66,16,moe,678,46,2377,1035,1584,1938,124,0,0,1269,555,8,6,2,8
66,17,moe,728,40,2255,1005,1574,1878,119,0,0,1316,555,8,6,2,8
66,18,moe,8343,40,2142,2537,1504,1183,70,0,0,615,618,8,7,1,8
66,19,moe,617,38,2389,1002,1599,1941,119,0,0,1270,549,8,6,2,8
66,20,moe,668,39,10,0,0,0,0,0,10,0,537,8,8,0,8
66,21,moe,689,40,2740,1143,1609,2266,139,0,0,1274,622,8,6,2,8
66,22,moe,710,50,1293,451,841,1004,61,0,0,613,555,8,7,1,8
66,23,moe,628,43,3153,2355,2022,2273,141,0,0,1283,627,8,6,2,8
66,24,moe,714,46,2876,2430,1856,2192,162,0,0,1334,648,8,6,2,8
66,25,moe,738,48,3231,2578,2218,2186,144,0,0,1317,796,8,6,2,8
66,26,moe,649,45,3163,2756,2148,2233,147,0,0,1365,784,8,6,2,8
66,-1,epi,0,0,0,0,0,0,0,0,4044,0,0,0,0,0,0
67,-2,pre,223,0,0,0,0,0,0,0,0,0,0,0,0,0,0
67,0,dense,1271,45,0,0,0,0,0,0,0,0,0,0,0,0,0
67,1,moe,739,44,5986,5074,3859,4761,298,0,0,2932,651,8,4,4,8
67,2,moe,696,43,2051,2527,1500,1171,77,0,0,697,650,8,7,1,8
67,3,moe,647,44,6198,10258,4075,4710,305,0,0,2892,652,8,4,4,8
67,4,moe,689,44,3025,2460,2185,2067,131,0,0,1358,576,8,6,2,8
67,5,moe,721,58,6665,7778,4771,5415,202,0,0,3723,580,8,5,3,8
67,6,moe,693,45,11,0,0,0,0,0,11,0,641,8,8,0,8
67,7,moe,627,41,1900,2287,1530,999,66,0,0,695,570,8,7,1,8
67,8,moe,694,44,5943,16291,5261,1881,125,0,0,1324,578,8,6,2,8
67,9,moe,706,42,10,0,0,0,0,0,10,0,635,8,8,0,8
67,10,moe,668,39,5262,7881,3905,3815,263,0,0,2721,664,8,4,4,8
67,11,moe,658,45,6633,4931,4905,5332,356,0,0,3960,569,8,4,4,8
67,12,moe,694,49,1577,515,899,1266,74,0,0,662,636,8,7,1,8
67,13,moe,715,42,3404,5059,2564,2066,131,0,0,1357,567,8,6,2,8
67,14,moe,689,45,1811,2272,1439,1003,64,0,0,695,562,8,7,1,8
67,15,moe,641,41,6208,7895,3924,4799,310,0,0,2825,636,8,4,4,8
67,16,moe,681,43,3020,2435,2173,2067,132,0,0,1352,562,8,6,2,8
67,17,moe,724,46,4174,5065,3095,2992,198,0,0,2111,571,8,5,3,8
67,18,moe,683,44,2258,2502,1568,1270,74,0,0,654,628,8,7,1,8
67,19,moe,642,44,4959,2796,3404,4055,261,0,0,2761,566,8,4,4,8
67,20,moe,691,46,3231,4956,2502,2004,141,0,0,1416,570,8,6,2,8
67,21,moe,720,43,6795,5530,4131,5575,364,0,0,3275,642,8,3,5,8
67,22,moe,695,41,3871,2590,2736,2873,186,0,0,1924,562,8,5,3,8
67,23,moe,641,39,5778,6386,3648,4581,290,0,0,2741,637,8,4,4,8
67,24,moe,705,41,6709,5140,4211,5506,363,0,0,3371,653,8,3,5,8
67,25,moe,693,42,4721,8094,3215,3277,220,1,0,1992,636,8,5,3,8
67,26,moe,2095,42,7058,10334,4551,5490,377,0,0,3360,636,8,3,5,8
67,-1,epi,0,0,0,0,0,0,0,0,4039,0,0,0,0,0,0
68,-2,pre,1272,0,0,0,0,0,0,0,0,0,0,0,0,0,0
68,0,dense,1200,46,0,0,0,0,0,0,0,0,0,0,0,0,0
68,1,moe,701,45,7498,6623,4845,5913,373,0,0,3633,638,8,3,5,8
68,2,moe,677,43,3555,5332,2485,2328,152,0,0,1410,630,8,6,2,8
68,3,moe,618,39,3341,5258,2338,2178,145,0,0,1320,627,8,6,2,8
68,4,moe,665,44,5476,9578,4019,3836,248,0,0,2627,556,8,4,4,8
68,5,moe,686,42,10,0,0,0,0,0,10,0,543,8,8,0,8
68,6,moe,661,40,2185,2555,1523,1198,69,0,0,605,637,8,7,1,8
68,7,moe,627,43,12,0,0,0,0,0,12,0,548,8,8,0,8
68,8,moe,668,41,10,0,0,0,0,0,10,0,552,8,8,0,8
68,9,moe,723,44,2106,2681,1595,1093,74,0,0,656,635,8,7,1,8
68,10,moe,667,45,2905,2491,2087,1946,125,0,0,1253,562,8,6,2,8
68,11,moe,695,50,3686,2227,2553,2989,197,0,0,2053,565,8,5,3,8
68,12,moe,684,42,1578,492,890,1263,74,0,0,649,640,8,7,1,8
68,13,moe,716,50,2002,2331,1512,1072,64,0,0,646,572,8,7,1,8
68,14,moe,697,47,1246,605,877,995,65,0,0,691,565,8,7,1,8
68,15,moe,637,46,3327,2491,2113,2430,155,0,0,1371,626,8,6,2,8
68,16,moe,680,42,9,0,0,0,0,0,9,0,555,8,8,0,8
68,17,moe,730,42,1513,911,1045,1063,63,0,0,658,557,8,7,1,8
68,18,moe,685,61,9,0,0,0,0,0,9,0,657,8,8,0,8
68,19,moe,634,43,3707,2441,2625,2994,195,0,0,2107,574,8,5,3,8
68,20,moe,684,62,1260,457,892,999,64,0,0,695,560,8,7,1,8
68,21,moe,705,42,11,0,0,0,0,0,11,0,629,8,8,0,8
68,22,moe,722,41,2396,1027,1668,1996,133,0,0,1401,562,8,6,2,8
68,23,moe,656,44,1559,467,860,1267,77,0,0,645,639,8,7,1,8
68,24,moe,730,44,6763,18026,5691,2332,156,0,0,1416,639,8,6,2,8
68,25,moe,726,51,4256,2729,2659,3486,222,0,0,2111,638,8,5,3,8
68,26,moe,624,42,4339,3464,2841,3260,208,0,0,1970,637,8,5,3,8
68,-1,epi,0,0,0,0,0,0,0,0,3822,0,0,0,0,0,0
69,-2,pre,46,0,0,0,0,0,0,0,0,0,0,0,0,0,0
69,0,dense,1190,44,0,0,0,0,0,0,0,0,0,0,0,0,0
69,1,moe,689,40,3163,2756,2091,2271,152,0,0,1351,646,8,6,2,8
69,2,moe,695,46,11,0,0,0,0,0,11,0,665,8,8,0,8
69,3,moe,659,45,4674,5272,3070,3503,233,0,0,2132,635,8,5,3,8
69,4,moe,688,45,2039,2159,1516,1077,67,0,0,621,563,8,7,1,8
69,5,moe,715,46,11,0,0,0,0,0,11,0,562,8,8,0,8
69,6,moe,688,42,12,0,0,0,0,0,12,0,629,8,8,0,8
69,7,moe,670,40,3362,4943,2623,2006,135,0,0,1402,577,8,6,2,8
69,8,moe,712,44,1265,449,893,1000,69,0,0,697,569,8,7,1,8
69,9,moe,728,48,11,0,0,0,0,0,11,0,634,8,8,0,8
69,10,moe,680,46,3604,6484,2874,2002,136,0,0,1408,590,8,6,2,8
69,11,moe,665,42,3012,2643,2287,1995,131,0,0,1401,560,8,6,2,8
69,12,moe,677,43,10,0,0,0,0,0,10,0,637,8,8,0,8
69,13,moe,705,42,10,0,0,0,0,0,10,0,550,8,8,0,8
69,14,moe,677,43,1248,448,880,1001,66,0,0,699,574,8,7,1,8
69,15,moe,636,44,1549,463,858,1263,73,0,0,645,644,8,7,1,8
69,16,moe,697,44,11,0,0,0,0,0,11,0,563,8,8,0,8
69,17,moe,727,45,9,0,0,0,0,0,9,0,571,8,8,0,8
69,18,moe,684,44,9,0,0,0,0,0,9,0,627,8,8,0,8
69,19,moe,633,43,10,0,0,0,0,0,10,0,567,8,8,0,8
69,20,moe,704,47,2051,2508,1554,1067,66,0,0,636,558,8,7,1,8
69,21,moe,729,42,2357,2736,1665,1267,75,0,0,650,626,8,7,1,8
69,22,moe,723,44,10,0,0,0,0,0,10,0,561,8,8,0,8
69,23,moe,636,44,10,0,0,0,0,0,10,0,622,8,8,0,8
69,24,moe,723,42,1419,489,877,1164,80,0,0,702,633,8,7,1,8
69,25,moe,713,47,2156,2661,1614,1163,78,0,0,699,632,8,7,1,8
69,26,moe,651,42,2164,2915,1622,1161,77,0,0,696,633,8,7,1,8
69,-1,epi,0,0,0,0,0,0,0,0,3838,0,0,0,0,0,0
70,-2,pre,44,0,0,0,0,0,0,0,0,0,0,0,0,0,0
70,0,dense,1220,45,0,0,0,0,0,0,0,0,0,0,0,0,0
70,1,moe,705,42,3482,3137,2409,2319,152,0,0,1398,632,8,6,2,8
70,2,moe,689,45,10,0,0,0,0,0,10,0,633,8,8,0,8
70,3,moe,677,43,4894,5047,3231,3561,238,0,0,2136,681,8,5,3,8
70,4,moe,682,44,1396,434,887,1079,64,0,0,634,566,8,7,1,8
70,5,moe,721,46,1764,2312,1395,1005,68,0,0,704,566,8,7,1,8
70,6,moe,686,45,10,0,0,0,0,0,10,0,631,8,8,0,8
70,7,moe,630,42,1599,2189,1230,1005,68,0,0,704,563,8,7,1,8
70,8,moe,691,44,1918,2361,1547,1006,67,0,0,702,556,8,7,1,8
70,9,moe,732,43,10,0,0,0,0,0,10,0,629,8,8,0,8
70,10,moe,680,42,3173,4822,2448,1997,138,0,0,1410,562,8,6,2,8
70,11,moe,641,41,2898,2290,2175,1994,128,0,0,1399,561,8,6,2,8
70,12,moe,694,44,3540,2866,2289,2437,153,0,0,1339,636,8,6,2,8
70,13,moe,719,43,3350,4814,2497,2067,134,0,0,1348,562,8,6,2,8
70,14,moe,699,42,1886,2254,1519,998,66,0,0,697,564,8,7,1,8
70,15,moe,642,43,1574,508,880,1264,74,0,0,644,634,8,7,1,8
70,16,moe,678,38,10,0,0,0,0,0,10,0,552,8,8,0,8
70,17,moe,731,36,10,0,0,0,0,0,10,0,561,8,8,0,8
70,18,moe,677,38,1421,504,879,1165,76,0,0,699,634,8,7,1,8
70,19,moe,629,51,11,0,0,0,0,0,11,0,558,8,8,0,8
70,20,moe,704,38,2092,2574,1580,1075,66,1,0,630,568,8,7,1,8
70,21,moe,720,37,12,0,0,0,0,0,12,0,636,8,8,0,8
70,22,moe,718,38,1256,462,886,998,67,0,0,695,572,8,7,1,8
70,23,moe,649,37,3471,2524,2246,2421,153,0,0,1349,633,8,6,2,8
70,24,moe,737,39,2740,1141,1667,2320,154,1,0,1402,641,8,6,2,8
70,25,moe,723,39,3609,5213,2537,2331,154,0,0,1413,642,8,6,2,8
70,26,moe,658,40,1428,483,887,1160,76,0,0,695,645,8,7,1,8
70,-1,epi,0,0,0,0,0,0,0,0,3826,0,0,0,0,0,0
71,-2,pre,75,0,0,0,0,0,0,0,0,0,0,0,0,0,0
71,0,dense,1231,49,0,0,0,0,0,0,0,0,0,0,0,0,0
71,1,moe,715,46,12,0,0,0,0,0,12,0,629,8,8,0,8
71,2,moe,685,48,1410,494,869,1160,74,0,0,693,634,8,7,1,8
71,3,moe,631,43,4101,6988,3033,2318,151,0,0,1401,626,8,6,2,8
71,4,moe,679,42,10,0,0,0,0,0,10,0,549,8,8,0,8
71,5,moe,702,42,2983,2419,2117,2076,133,0,0,1343,573,8,6,2,8
71,6,moe,690,44,10,0,0,0,0,0,10,0,635,8,8,0,8
71,7,moe,651,40,1837,2242,1467,998,64,0,0,692,561,8,7,1,8
71,8,moe,690,41,10,0,0,0,0,0,10,0,585,8,8,0,8
71,9,moe,719,44,1572,494,872,1265,75,0,0,640,637,8,7,1,8
71,10,moe,688,47,2000,2432,1503,1078,66,0,0,647,588,8,7,1,8
71,11,moe,642,43,1236,442,868,999,66,0,0,697,560,8,7,1,8
71,12,moe,687,45,21,0,0,0,0,0,21,0,625,8,8,0,8
71,13,moe,718,48,1876,2335,1506,1000,69,0,0,699,568,8,7,1,8
71,14,moe,685,43,6823,7947,5024,5075,337,0,0,3613,576,8,3,5,8
71,15,moe,643,41,1573,483,875,1266,77,0,0,645,625,8,7,1,8
71,16,moe,679,71,2047,2465,1553,1073,63,0,0,642,561,8,7,1,8
71,17,moe,725,43,1233,455,866,997,65,0,0,695,570,8,7,1,8
71,18,moe,691,44,2262,2561,1568,1264,75,0,0,645,639,8,7,1,8
71,19,moe,638,42,1959,2267,1477,1071,66,0,0,655,560,8,7,1,8
71,20,moe,679,44,12,0,0,0,0,0,12,0,563,8,8,0,8
71,21,moe,707,43,11,0,0,0,0,0,11,0,619,8,8,0,8
71,22,moe,702,43,10,0,0,0,0,0,10,0,560,8,8,0,8
71,23,moe,665,41,4565,2983,2796,3629,234,0,0,2094,832,8,5,3,8
71,24,moe,763,52,2163,2628,1613,1168,83,0,0,701,858,8,7,1,8
71,25,moe,787,50,1614,1610,1062,1174,81,0,0,703,834,8,7,1,8
71,26,moe,691,45,3572,5298,2492,2421,175,0,0,1516,681,8,6,2,8
71,-1,epi,0,0,0,0,0,0,0,0,3885,0,0,0,0,0,0
72,-2,pre,217,0,0,0,0,0,0,0,0,0,0,0,0,0,0
72,0,dense,1228,49,0,0,0,0,0,0,0,0,0,0,0,0,0
72,1,moe,731,50,9447,3057,5653,8460,302,0,0,4968,639,8,4,4,8
72,2,moe,704,50,10196,19096,7365,6215,233,0,0,3617,635,8,5,3,8
72,3,moe,655,43,6975,1931,4129,6344,229,0,0,3727,646,8,5,3,8
72,4,moe,704,53,1395,444,883,1066,67,0,0,621,569,8,7,1,8
72,5,moe,741,46,1211,699,841,999,68,0,0,697,568,8,7,1,8
72,6,moe,697,46,2247,2684,1574,1264,76,0,0,667,641,8,7,1,8
72,7,moe,642,49,2001,2158,1502,1079,64,1,0,645,565,8,7,1,8
72,8,moe,700,46,3183,5033,2457,1998,132,0,0,1404,570,8,6,2,8
72,9,moe,728,44,3782,5018,2549,2437,154,0,0,1358,640,8,6,2,8
72,10,moe,691,44,10,0,0,0,0,0,10,0,555,8,8,0,8
72,11,moe,626,41,3880,2508,2658,3077,201,0,0,2056,556,8,5,3,8
72,12,moe,688,46,5559,5099,3520,4326,156,0,0,2443,634,8,6,2,8
72,13,moe,722,44,2156,446,1411,1866,68,0,0,1189,565,8,7,1,8
72,14,moe,694,42,2940,2641,2215,1995,127,0,0,1397,569,8,6,2,8
72,15,moe,629,43,4507,2684,2766,3604,223,0,0,2086,644,8,5,3,8
72,16,moe,690,45,3408,4974,2561,2071,131,1,0,1356,567,8,6,2,8
72,17,moe,728,46,1884,2292,1514,1004,67,0,0,701,567,8,7,1,8
72,18,moe,697,42,2317,2444,1628,1269,74,0,0,654,637,8,7,1,8
72,19,moe,639,43,3032,2975,2196,2065,128,0,0,1357,563,8,6,2,8
72,20,moe,687,43,2968,2468,2238,2001,134,0,0,1405,566,8,6,2,8
72,21,moe,722,44,4421,2769,2666,3588,225,0,0,2058,635,8,5,3,8
72,22,moe,723,47,2825,2500,2059,1881,67,0,0,1182,564,8,7,1,8
72,23,moe,641,40,2884,1162,1669,2430,154,1,0,1370,637,8,6,2,8
72,24,moe,724,41,3351,2986,2284,2320,146,0,0,1399,635,8,6,2,8
72,25,moe,715,43,6142,5768,4019,4777,293,0,0,2947,637,8,4,4,8
72,26,moe,650,41,6137,5590,4013,4665,299,0,0,2840,634,8,4,4,8
72,-1,epi,0,0,0,0,0,0,0,0,3833,0,0,0,0,0,0
73,-2,pre,288,0,0,0,0,0,0,0,0,0,0,0,0,0,0
73,0,dense,1218,50,0,0,0,0,0,0,0,0,0,0,0,0,0
73,1,moe,727,48,9795,8200,6000,8470,306,0,0,4981,645,8,4,4,8
73,2,moe,689,44,4527,5368,2925,3531,246,0,0,2175,677,8,5,3,8
73,3,moe,658,42,4228,2466,2627,3483,229,0,0,2111,632,8,5,3,8
73,4,moe,711,48,3047,2500,2175,2065,135,0,0,1328,573,8,6,2,8
73,5,moe,717,43,10,0,0,0,0,0,10,0,569,8,8,0,8
73,6,moe,681,40,10,0,0,0,0,0,10,0,625,8,8,0,8
73,7,moe,636,45,1747,2170,1378,1002,67,0,0,700,564,8,7,1,8
73,8,moe,692,45,3225,4864,2497,2005,129,0,0,1406,588,8,6,2,8
73,9,moe,735,46,2333,2702,1626,1269,77,0,0,639,647,8,7,1,8
73,10,moe,684,42,6638,4722,4701,5407,195,0,0,3665,568,8,5,3,8
73,11,moe,623,42,2725,2354,2040,1882,125,0,0,1322,559,8,6,2,8
73,12,moe,671,42,1511,524,844,1198,74,0,0,605,629,8,7,1,8
73,13,moe,718,40,1943,2207,1473,1013,62,0,0,605,555,8,7,1,8
73,14,moe,687,43,4302,7364,3223,2990,195,0,0,2106,566,8,5,3,8
73,15,moe,629,42,3354,2603,2140,2417,148,0,0,1351,633,8,6,2,8
73,16,moe,726,42,1897,2099,1415,1065,67,0,0,650,565,8,7,1,8
73,17,moe,720,42,10,0,0,0,0,0,10,0,561,8,8,0,8
73,18,moe,663,39,4744,5591,3093,3441,215,0,0,2005,637,8,5,3,8
73,19,moe,608,45,3717,2807,2589,2873,190,0,0,1935,558,8,5,3,8
73,20,moe,672,39,4782,5154,3592,3392,122,0,0,2324,553,8,6,2,8
73,21,moe,698,41,4897,7919,3263,3440,220,0,0,2026,630,8,5,3,8
73,22,moe,699,40,4053,4602,2920,2882,183,0,0,1932,559,8,5,3,8
73,23,moe,634,41,4774,8164,3137,3382,223,0,0,1968,641,8,5,3,8
73,24,moe,705,41,5809,8742,3818,4399,289,0,0,2697,632,8,4,4,8
73,25,moe,698,41,4383,5448,2872,3281,214,0,0,1984,635,8,5,3,8
73,26,moe,613,40,1320,446,813,1088,71,0,0,652,624,8,7,1,8
73,-1,epi,0,0,0,0,0,0,0,0,3828,0,0,0,0,0,0
74,-2,pre,50,0,0,0,0,0,0,0,0,0,0,0,0,0,0
74,0,dense,1213,48,0,0,0,0,0,0,0,0,0,0,0,0,0
74,1,moe,719,47,1410,491,870,1160,75,0,0,695,638,8,7,1,8
74,2,moe,694,44,1402,489,861,1161,74,0,0,694,632,8,7,1,8
74,3,moe,655,43,2435,3309,1893,1163,75,0,0,696,628,8,7,1,8
74,4,moe,699,44,3145,2868,2289,2059,134,0,0,1337,558,8,6,2,8
74,5,moe,719,44,9,0,0,0,0,0,9,0,563,8,8,0,8
74,6,moe,688,41,2164,2404,1463,1274,77,0,0,650,632,8,7,1,8
74,7,moe,638,41,11,0,0,0,0,0,11,0,553,8,8,0,8
74,8,moe,690,41,2858,2492,2096,1873,66,0,0,1177,563,8,7,1,8
74,9,moe,718,44,2317,2732,1634,1259,73,0,0,649,626,8,7,1,8
74,10,moe,686,42,10,0,0,0,0,0,10,0,550,8,8,0,8
74,11,moe,640,38,9,0,0,0,0,0,9,0,554,8,8,0,8
74,12,moe,685,40,2741,1141,1671,2325,148,0,0,1403,636,8,6,2,8
74,13,moe,730,41,4082,8314,3574,1082,63,0,0,637,563,8,7,1,8
74,14,moe,710,42,6836,5017,4945,5410,200,0,0,3719,574,8,5,3,8
74,15,moe,641,41,3181,2943,2036,2297,141,0,0,1293,628,8,6,2,8
74,16,moe,675,39,3507,1832,2376,2893,187,0,0,1949,554,8,5,3,8
74,17,moe,710,48,2722,2498,2039,1871,127,0,0,1315,555,8,6,2,8
74,18,moe,708,42,3558,5443,2401,2295,147,0,0,1285,631,8,6,2,8
74,19,moe,604,41,6201,4904,4308,5157,193,0,0,3457,565,8,5,3,8
74,20,moe,673,42,2767,2441,2084,1880,120,0,0,1317,555,8,6,2,8
74,21,moe,700,41,4206,2747,2553,3373,216,0,0,1936,635,8,5,3,8
74,22,moe,706,42,3680,2460,2551,2869,183,0,0,1923,560,8,5,3,8
74,23,moe,642,40,3583,5277,2419,2301,147,0,0,1284,636,8,6,2,8
74,24,moe,735,50,3214,3349,2197,2188,144,0,0,1315,652,8,6,2,8
74,25,moe,717,44,1358,519,849,1095,71,0,0,657,660,8,7,1,8
74,26,moe,658,40,2602,1153,1589,2188,141,0,0,1316,662,8,6,2,8
74,-1,epi,0,0,0,0,0,0,0,0,4289,0,0,0,0,0,0
75,-2,pre,67,0,0,0,0,0,0,0,0,0,0,0,0,0,0
75,0,dense,1326,46,0,0,0,0,0,0,0,0,0,0,0,0,0
75,1,moe,771,51,4836,2473,2961,4081,143,0,0,2349,696,8,6,2,8
75,2,moe,768,46,10,0,0,0,0,0,10,0,715,8,8,0,8
75,3,moe,766,50,15,0,0,0,0,0,15,0,712,8,8,0,8
75,4,moe,769,53,10,0,0,0,0,0,10,0,638,8,8,0,8
75,5,moe,798,47,1897,2149,1373,1086,64,0,0,626,566,8,7,1,8
75,6,moe,716,42,13,0,0,0,0,0,13,0,703,8,8,0,8
75,7,moe,701,45,1630,1870,1260,1012,65,0,0,707,579,8,7,1,8
75,8,moe,727,60,2168,455,1493,1900,67,0,0,1292,617,8,7,1,8
75,9,moe,806,47,11,0,0,0,0,0,11,0,715,8,8,0,8
75,10,moe,748,46,9,0,0,0,0,0,9,0,649,8,8,0,8
75,11,moe,673,45,2811,2350,2085,2001,128,0,0,1403,584,8,6,2,8
75,12,moe,732,46,9,0,0,0,0,0,9,0,661,8,8,0,8
75,13,moe,745,59,4252,7137,3172,3009,198,0,0,2127,596,8,5,3,8
75,14,moe,736,45,10,0,0,0,0,0,10,0,580,8,8,0,8
75,15,moe,697,42,9,0,0,0,0,0,9,0,733,8,8,0,8
75,16,moe,746,49,4568,7473,3449,3071,197,0,0,2149,597,8,5,3,8
75,17,moe,767,50,3861,2997,2772,3037,198,0,0,2146,593,8,5,3,8
75,18,moe,710,61,2203,2365,1476,1290,73,0,0,636,665,8,7,1,8
75,19,moe,678,42,3789,2373,2571,3081,199,0,0,2062,609,8,5,3,8
75,20,moe,752,49,1794,2234,1427,1003,66,0,0,702,579,8,7,1,8
75,21,moe,750,44,3492,2455,2234,2466,155,0,0,1363,690,8,6,2,8
75,22,moe,802,46,10,0,0,0,0,0,10,0,619,8,8,0,8
75,23,moe,748,46,5203,2640,3297,4235,154,0,0,2483,667,8,6,2,8
75,24,moe,778,58,2093,2397,1548,1163,78,0,0,696,648,8,7,1,8
75,25,moe,752,61,6833,11144,4619,5272,316,0,0,3374,665,8,4,4,8
75,26,moe,715,40,4898,2483,3104,3975,144,0,0,2325,664,8,6,2,8
75,-1,epi,0,0,0,0,0,0,0,0,4152,0,0,0,0,0,0
76,-2,pre,51,0,0,0,0,0,0,0,0,0,0,0,0,0,0
76,0,dense,1315,56,0,0,0,0,0,0,0,0,0,0,0,0,0
76,1,moe,796,48,10,0,0,0,0,0,10,0,741,8,8,0,8
76,2,moe,745,53,1957,2308,1412,1169,77,0,0,701,665,8,7,1,8
76,3,moe,680,59,10,0,0,0,0,0,10,0,729,8,8,0,8
76,4,moe,737,52,4478,2579,3087,3695,138,0,0,2442,699,8,6,2,8
76,5,moe,794,47,1956,2565,1585,1059,73,0,0,761,688,8,7,1,8
76,6,moe,760,48,11,0,0,0,0,0,11,0,803,8,8,0,8
76,7,moe,696,53,11,0,0,0,0,0,11,0,627,8,8,0,8
76,8,moe,726,41,10,0,0,0,0,0,10,0,612,8,8,0,8
76,9,moe,823,56,3637,4857,2412,2447,159,0,0,1381,712,8,6,2,8
76,10,moe,726,67,2907,2094,2053,2065,128,0,0,1339,567,8,6,2,8
76,11,moe,641,40,10,0,0,0,0,1,9,0,551,8,8,0,8
76,12,moe,699,37,18,0,0,0,0,0,18,0,622,8,8,0,8
76,13,moe,735,43,3530,5364,2795,2033,132,0,0,1430,566,8,6,2,8
76,14,moe,693,39,11,0,0,0,0,0,11,0,566,8,8,0,8
76,15,moe,625,35,3661,5089,2453,2427,154,0,0,1373,633,8,6,2,8
76,16,moe,688,41,3068,2462,2218,2058,129,0,0,1337,567,8,6,2,8
76,17,moe,727,39,1923,2320,1556,1000,65,0,0,698,556,8,7,1,8
76,18,moe,688,38,10,0,0,0,0,0,10,0,623,8,8,0,8
76,19,moe,627,36,2906,2541,2183,1996,128,0,0,1401,563,8,6,2,8
76,20,moe,691,38,1244,468,877,997,65,0,0,695,560,8,7,1,8
76,21,moe,721,36,10,0,0,0,0,0,10,0,628,8,8,0,8
76,22,moe,710,36,3166,4809,2441,1994,136,0,0,1405,567,8,6,2,8
76,23,moe,649,37,4802,5481,3051,3572,227,0,0,2048,635,8,5,3,8
76,24,moe,725,40,5909,5847,3775,4663,309,0,0,2838,668,8,4,4,8
76,25,moe,719,39,2758,1184,1673,2326,156,0,0,1397,640,8,6,2,8
76,26,moe,649,281,9178,17905,5409,7365,299,0,0,3895,645,8,4,4,8
76,-1,epi,0,0,0,0,0,0,0,0,3846,0,0,0,0,0,0
77,-2,pre,311,0,0,0,0,0,0,0,0,0,0,0,0,0,0
77,0,dense,1211,47,0,0,0,0,0,0,0,0,0,0,0,0,0
77,1,moe,711,43,11,0,0,0,0,1,10,0,630,8,8,0,8
77,2,moe,700,44,2285,2949,1743,1163,74,0,0,695,642,8,7,1,8
77,3,moe,655,43,2193,2748,1653,1157,75,0,0,692,638,8,7,1,8
77,4,moe,695,41,10,0,0,0,0,1,9,0,563,8,8,0,8
77,5,moe,729,46,10,0,0,0,0,0,10,0,565,8,8,0,8
77,6,moe,700,44,1429,515,887,1166,78,0,0,702,649,8,7,1,8
77,7,moe,647,42,1801,2163,1295,1072,65,0,0,631,559,8,7,1,8
77,8,moe,703,44,4800,4752,3530,3640,136,0,0,2506,578,8,6,2,8
77,9,moe,728,47,5365,2673,3306,4328,155,0,0,2424,645,8,6,2,8
77,10,moe,692,44,3131,2588,2266,2073,132,0,0,1340,570,8,6,2,8
77,11,moe,627,42,3171,4719,2440,2015,132,0,0,1416,580,8,6,2,8
77,12,moe,724,45,3726,5045,2459,2457,158,0,0,1348,644,8,6,2,8
77,13,moe,723,46,4186,5218,2988,3060,198,0,0,2060,563,8,5,3,8
77,14,moe,703,48,3107,4485,2373,2002,133,0,0,1401,603,8,6,2,8
77,15,moe,709,46,4496,2757,2743,3590,230,0,0,2067,640,8,5,3,8
77,16,moe,678,41,3202,4776,2408,1934,128,0,0,1268,558,8,6,2,8
77,17,moe,711,43,2594,2461,1993,1698,62,0,0,1159,558,8,7,1,8
77,18,moe,673,43,5623,4784,3489,4501,287,0,0,2654,629,8,4,4,8
77,19,moe,618,42,1287,441,832,998,61,0,0,604,551,8,7,1,8
77,20,moe,669,38,2550,2283,1947,1698,62,0,0,1157,550,8,7,1,8
77,21,moe,696,42,2357,498,1326,2070,71,0,0,1110,620,8,7,1,8
77,22,moe,694,40,1293,438,837,1002,64,0,0,610,559,8,7,1,8
77,23,moe,608,42,2206,2678,1562,1193,73,0,0,622,625,8,7,1,8
77,24,moe,715,44,4895,8524,3389,3279,217,0,0,1990,627,8,5,3,8
77,25,moe,710,44,6451,1937,3786,5938,217,0,0,3490,631,8,5,3,8
77,26,moe,631,42,1345,493,835,1089,73,0,0,652,630,8,7,1,8
77,-1,epi,0,0,0,0,0,0,0,0,3911,0,0,0,0,0,0
78,-2,pre,47,0,0,0,0,0,0,0,0,0,0,0,0,0,0
78,0,dense,1269,58,0,0,0,0,0,0,0,0,0,0,0,0,0
78,1,moe,763,52,2131,2705,1584,1168,75,0,0,696,632,8,7,1,8
78,2,moe,710,49,11,0,0,0,0,0,11,0,647,8,8,0,8
78,3,moe,722,50,2446,524,1464,2166,85,0,0,1269,629,8,7,1,8
78,4,moe,706,50,3187,4644,2306,2106,134,0,0,1359,571,8,6,2,8
78,5,moe,737,49,3158,4678,2434,1999,132,1,0,1408,563,8,6,2,8
78,6,moe,682,45,10,0,0,0,0,0,10,0,623,8,8,0,8
78,7,moe,621,40,2845,2366,2118,2004,133,0,0,1410,578,8,6,2,8
78,8,moe,683,44,11,0,0,0,0,0,11,0,554,8,8,0,8
78,9,moe,709,45,9,0,0,0,0,0,9,0,633,8,8,0,8
78,10,moe,692,45,1912,2357,1544,996,64,0,0,692,563,8,7,1,8
78,11,moe,634,42,10,0,0,0,0,0,10,0,560,8,8,0,8
78,12,moe,697,43,2319,2586,1611,1269,75,0,0,636,657,8,7,1,8
78,13,moe,717,41,9,0,0,0,0,0,9,0,555,8,8,0,8
78,14,moe,688,45,1381,452,879,1076,65,0,0,639,562,8,7,1,8
78,15,moe,643,47,10,0,0,0,0,0,10,0,630,8,8,0,8
78,16,moe,686,41,9,0,0,0,0,0,9,0,561,8,8,0,8
78,17,moe,729,46,10,0,0,0,0,0,10,0,556,8,8,0,8
78,18,moe,701,44,1570,504,875,1254,74,0,0,633,632,8,7,1,8
78,19,moe,630,47,3333,4891,2497,2067,134,0,0,1365,559,8,6,2,8
78,20,moe,708,47,1929,2511,1558,999,69,0,0,697,567,8,7,1,8
78,21,moe,730,46,1556,499,866,1260,75,0,0,645,638,8,7,1,8
78,22,moe,728,43,6791,9481,4855,5083,354,0,0,3501,568,8,3,5,8
78,23,moe,634,43,5561,2615,3288,4863,298,0,0,2888,640,8,4,4,8
78,24,moe,738,45,7637,5801,4906,6238,233,0,0,3740,652,8,5,3,8
78,25,moe,706,46,11,0,0,0,0,0,11,0,620,8,8,0,8
78,26,moe,629,41,2613,1129,1604,2190,143,0,0,1324,636,8,6,2,8
78,-1,epi,0,0,0,0,0,0,0,0,3822,0,0,0,0,0,0
79,-2,pre,73,0,0,0,0,0,0,0,0,0,0,0,0,0,0
79,0,dense,1218,47,0,0,0,0,0,0,0,0,0,0,0,0,0
79,1,moe,724,47,5410,2664,3287,4774,298,0,0,2949,640,8,4,4,8
79,2,moe,702,48,4863,8572,3269,3486,227,0,0,2119,648,8,5,3,8
79,3,moe,656,43,5773,5332,3640,4660,311,0,0,2838,634,8,4,4,8
79,4,moe,687,43,6037,1618,4023,5451,197,0,0,3634,555,8,5,3,8
79,5,moe,708,45,1176,456,832,935,61,0,0,652,561,8,7,1,8
79,6,moe,679,41,2189,2672,1542,1183,69,0,0,605,624,8,7,1,8
79,7,moe,627,47,10,0,0,0,0,1,9,0,554,8,8,0,8
79,8,moe,689,54,2875,2562,2070,1938,120,0,0,1253,555,8,6,2,8
79,9,moe,721,44,4814,5373,3050,3672,226,0,0,2134,633,8,5,3,8
79,10,moe,686,42,2574,1465,1723,2068,127,0,0,1344,569,8,6,2,8
79,11,moe,646,43,1230,425,864,1000,65,0,0,699,558,8,7,1,8
79,12,moe,694,44,3376,3381,2145,2438,150,0,0,1357,640,8,6,2,8
79,13,moe,721,48,10,0,0,0,0,0,10,0,558,8,8,0,8
79,14,moe,686,44,6776,4916,4728,5502,200,0,0,3654,566,8,5,3,8
79,15,moe,657,40,7436,5455,4605,6048,224,0,0,3441,634,8,5,3,8
79,16,moe,681,42,5999,5368,4185,4780,304,0,0,3270,562,8,3,5,8
79,17,moe,703,40,5419,2983,3735,4693,308,1,0,3318,568,8,3,5,8
79,18,moe,681,42,9038,13512,6377,5725,350,0,0,3414,636,8,3,5,8
79,19,moe,617,40,7224,5282,5079,5788,362,0,0,4005,564,8,2,6,8
79,20,moe,683,42,5627,4082,3946,4711,304,0,0,3334,569,8,3,5,8
79,21,moe,705,44,11118,5511,6683,9779,358,0,0,5702,626,8,3,5,8
79,22,moe,698,42,9999,7494,6905,8456,311,0,0,5673,565,8,3,5,8
79,23,moe,639,227,7884,4087,4722,6866,458,0,0,4162,635,8,2,6,8
79,24,moe,725,44,7099,9318,4577,5527,371,0,0,3376,635,8,3,5,8
79,25,moe,700,43,13574,7243,9304,11949,497,0,0,8176,649,8,1,7,8
79,26,moe,636,39,7876,5838,4875,6623,443,0,0,4065,642,8,2,6,8
79,-1,epi,0,0,0,0,0,0,0,0,3844,0,0,0,0,0,0
80,-2,pre,69,0,0,0,0,0,0,0,0,0,0,0,0,0,0
80,0,dense,1212,48,0,0,0,0,0,0,0,0,0,0,0,0,0
80,1,moe,714,43,5129,2622,3127,4505,291,0,0,2794,633,8,4,4,8
80,2,moe,675,62,3627,4113,2604,2188,150,0,0,1315,623,8,6,2,8
80,3,moe,617,43,3198,2663,2180,2188,145,0,0,1315,622,8,6,2,8
80,4,moe,677,43,3211,4956,2387,1954,127,0,0,1257,556,8,6,2,8
80,5,moe,700,43,1150,391,804,938,60,0,0,652,556,8,7,1,8
80,6,moe,672,42,2142,2353,1482,1193,74,0,0,607,626,8,7,1,8
80,7,moe,618,40,1308,448,846,1010,63,0,0,611,548,8,7,1,8
80,8,moe,673,43,11,0,0,0,0,0,11,0,568,8,8,0,8
80,9,moe,743,43,2747,1266,1577,2321,144,0,0,1295,786,8,6,2,8
80,10,moe,695,48,1306,437,829,1005,65,0,0,593,643,8,7,1,8
80,11,moe,649,47,2235,1006,1553,1876,122,0,0,1316,656,8,6,2,8
80,12,moe,680,42,2812,1132,1627,2328,144,0,0,1287,692,8,6,2,8
80,13,moe,716,43,3927,1038,2613,3463,128,0,0,2277,579,8,6,2,8
80,14,moe,680,42,6039,3409,4259,5122,185,0,0,3527,563,8,5,3,8
80,15,moe,625,46,8846,3171,5191,8006,277,0,0,4628,642,8,4,4,8
80,16,moe,681,46,2862,2444,2064,1939,122,0,0,1263,560,8,6,2,8
80,17,moe,714,44,4132,4939,3113,2818,189,0,0,1988,572,8,5,3,8
80,18,moe,667,42,3366,2872,2201,2291,144,0,0,1270,631,8,6,2,8
80,19,moe,617,39,4705,2860,3234,3812,249,0,0,2590,571,8,4,4,8
80,20,moe,669,42,1747,2358,1399,940,63,0,0,655,556,8,7,1,8
80,21,moe,697,43,8941,2904,5240,8020,287,0,0,4606,632,8,4,4,8
80,22,moe,702,41,2048,439,1332,1756,63,0,0,1103,560,8,7,1,8
80,23,moe,611,39,4462,1060,2560,4051,135,0,0,2284,636,8,6,2,8
80,24,moe,720,42,2589,1108,1576,2181,142,0,0,1310,633,8,6,2,8
80,25,moe,707,42,9465,15147,6967,5456,358,0,0,3316,632,8,3,5,8
80,26,moe,619,40,6429,1902,3764,5907,209,0,0,3451,678,8,5,3,8
80,-1,epi,0,0,0,0,0,0,0,0,3856,0,0,0,0,0,0
81,-2,pre,76,0,0,0,0,0,0,0,0,0,0,0,0,0,0
81,0,dense,1195,44,0,0,0,0,0,0,0,0,0,0,0,0,0
81,1,moe,704,43,6571,3064,4051,5624,202,0,0,3306,627,8,5,3,8
81,2,moe,679,41,6697,2620,4048,5930,209,0,0,3490,630,8,5,3,8
81,3,moe,628,43,10664,3138,6299,9818,359,0,0,5812,635,8,3,5,8
81,4,moe,685,43,5860,1656,3927,5264,186,0,0,3517,561,8,5,3,8
81,5,moe,697,41,1642,2265,1312,891,60,0,0,621,553,8,7,1,8
81,6,moe,674,42,10,0,0,0,0,1,9,0,626,8,8,0,8
81,7,moe,606,37,9,0,0,0,0,0,9,0,548,8,8,0,8
81,8,moe,662,40,1852,608,1284,1603,57,0,0,1092,559,8,7,1,8
81,9,moe,701,41,1597,933,967,1129,69,0,0,568,627,8,7,1,8
81,10,moe,685,40,1880,2314,1438,946,60,0,0,564,550,8,7,1,8
81,11,moe,596,41,2283,1386,1631,1779,116,0,0,1243,556,8,6,2,8
81,12,moe,697,44,1438,513,804,1125,69,0,0,560,662,8,7,1,8
81,13,moe,770,53,3636,2311,2441,2881,190,0,0,1876,663,8,5,3,8
81,14,moe,769,76,2405,1012,1685,1985,130,0,0,1395,598,8,6,2,8
81,15,moe,652,45,6974,4966,4295,6017,204,0,0,3542,639,8,5,3,8
81,16,moe,724,44,3433,1854,2296,2785,185,0,0,1833,583,8,5,3,8
81,17,moe,733,53,3380,2652,2361,2729,187,0,0,1897,586,8,5,3,8
81,18,moe,702,51,6764,4807,4091,5744,197,0,0,3268,646,8,5,3,8
81,19,moe,635,38,4571,2552,3088,3725,237,0,0,2479,566,8,4,4,8
81,20,moe,691,43,5591,2842,3896,4786,298,0,0,3389,593,8,3,5,8
81,21,moe,720,43,4531,4999,2881,3278,211,0,0,1839,649,8,5,3,8
81,22,moe,748,50,7476,2711,5010,6680,233,0,0,4447,581,8,4,4,8
81,23,moe,663,45,10732,7779,6247,9347,347,0,0,5209,651,8,3,5,8
81,24,moe,730,44,5130,2647,3131,4504,276,0,0,2781,643,8,4,4,8
81,25,moe,725,53,6442,3268,3954,5598,347,0,0,3457,699,8,3,5,8
81,26,moe,689,41,6440,3200,3941,5602,355,0,0,3458,731,8,3,5,8
81,-1,epi,0,0,0,0,0,0,0,0,4226,0,0,0,0,0,0
82,-2,pre,49,0,0,0,0,0,0,0,0,0,0,0,0,0,0
82,0,dense,1296,45,0,0,0,0,0,0,0,0,0,0,0,0,0
82,1,moe,747,48,2564,1288,1565,2103,138,0,0,1242,673,8,6,2,8
82,2,moe,744,43,4347,1726,2588,3837,133,0,0,2211,692,8,6,2,8
82,3,moe,703,41,6527,2924,3901,5785,208,0,0,3367,672,8,5,3,8
82,4,moe,712,52,4549,2223,3040,3888,257,0,0,2636,572,8,4,4,8
82,5,moe,769,44,3716,1052,2544,3338,129,0,0,2295,587,8,6,2,8
82,6,moe,714,43,11,0,0,0,0,1,10,0,660,8,8,0,8
82,7,moe,680,35,2470,2231,1904,1615,58,0,0,1107,607,8,7,1,8
82,8,moe,706,38,9,0,0,0,0,0,9,0,601,8,8,0,8
82,9,moe,741,46,10,0,0,0,0,0,10,0,713,8,8,0,8
82,10,moe,699,39,3777,1021,2596,3380,116,0,0,2315,616,8,6,2,8
82,11,moe,693,38,2674,2232,2001,1796,121,0,0,1244,558,8,6,2,8
82,12,moe,700,43,1520,521,836,1195,70,0,0,581,664,8,7,1,8
82,13,moe,729,40,2364,1032,1566,1919,126,0,0,1247,573,8,6,2,8
82,14,moe,699,39,1187,450,841,936,63,0,0,653,574,8,7,1,8
82,15,moe,644,38,8775,3894,5130,7901,265,0,0,4521,654,8,4,4,8
82,16,moe,711,43,2397,1043,1595,1947,121,0,0,1266,580,8,6,2,8
82,17,moe,731,40,8951,4215,6139,8132,296,0,0,5616,581,8,3,5,8
82,18,moe,696,38,2956,2331,1965,1984,65,0,0,1058,621,8,7,1,8
82,19,moe,609,35,1964,428,1274,1677,57,0,0,1044,566,8,7,1,8
82,20,moe,690,40,1932,475,1335,1677,62,0,0,1142,588,8,7,1,8
82,21,moe,763,39,3855,1849,2248,3312,204,0,0,1909,663,8,5,3,8
82,22,moe,697,40,5648,1625,3759,5089,184,0,0,3384,566,8,5,3,8
82,23,moe,646,54,4477,1076,2571,4042,135,0,0,2271,672,8,6,2,8
82,24,moe,731,58,2224,524,1333,1953,71,0,0,1133,666,8,7,1,8
82,25,moe,740,41,2486,1217,1485,2109,143,0,0,1251,642,8,6,2,8
82,26,moe,653,40,3741,1967,2263,3224,220,0,0,1966,694,8,5,3,8
82,-1,epi,0,0,0,0,0,0,0,0,4192,0,0,0,0,0,0
83,-2,pre,164,0,0,0,0,0,0,0,0,0,0,0,0,0,0
83,0,dense,1188,40,0,0,0,0,0,0,0,0,0,0,0,0,0
83,1,moe,733,58,4849,3210,3098,3868,134,0,0,2251,718,8,6,2,8
83,2,moe,725,51,2842,2630,1988,1880,68,0,0,1094,642,8,7,1,8
83,3,moe,631,42,6423,2484,3873,5740,200,0,0,3390,652,8,5,3,8
83,4,moe,696,42,5234,7024,3767,3735,240,0,0,2508,564,8,4,4,8
83,5,moe,712,44,1704,2093,1378,890,58,0,0,622,552,8,7,1,8
83,6,moe,669,55,3401,4824,2278,2204,141,0,0,1222,649,8,6,2,8
83,7,moe,633,40,7753,6874,5252,6442,237,0,0,4178,615,8,4,4,8
83,8,moe,722,45,1649,2261,1317,893,60,0,0,621,554,8,7,1,8
83,9,moe,713,40,2887,2338,1849,2019,69,0,0,1050,674,8,7,1,8
83,10,moe,707,42,2509,2134,1804,1691,57,0,0,1043,558,8,7,1,8
83,11,moe,628,38,1684,1987,1353,899,59,0,0,627,583,8,7,1,8
83,12,moe,704,44,5111,4776,3200,3949,144,0,0,2182,645,8,6,2,8
83,13,moe,718,45,1836,2102,1384,965,58,0,0,571,594,8,7,1,8
83,14,moe,691,39,3576,2577,2569,2702,171,0,0,1866,560,8,5,3,8
83,15,moe,642,57,4293,1124,2459,3853,133,0,0,2152,646,8,6,2,8
83,16,moe,691,40,9,0,0,0,0,0,9,0,602,8,8,0,8
83,17,moe,754,49,2755,2267,1962,1871,118,0,0,1196,583,8,6,2,8
83,18,moe,680,54,3201,2632,2047,2213,141,0,0,1200,658,8,6,2,8
83,19,moe,628,41,4944,4543,3481,3757,246,1,0,2541,563,8,4,4,8
83,20,moe,675,47,4081,2132,2892,3315,120,0,0,2246,570,8,6,2,8
83,21,moe,720,39,4295,1134,2445,3864,131,0,0,2145,685,8,6,2,8
83,22,moe,746,38,3834,1027,2527,3389,121,0,0,2203,571,8,6,2,8
83,23,moe,622,60,2062,2460,1442,1136,70,0,0,586,664,8,7,1,8
83,24,moe,766,77,6390,1837,3772,5870,208,0,0,3460,693,8,5,3,8
83,25,moe,793,50,1352,541,857,1058,79,0,0,642,786,8,7,1,8
83,26,moe,633,49,4193,1113,2490,3792,142,0,0,2231,842,8,6,2,8
83,-1,epi,0,0,0,0,0,0,0,0,3627,0,0,0,0,0,0
84,-2,pre,157,0,0,0,0,0,0,0,0,0,0,0,0,0,0
84,0,dense,1220,45,0,0,0,0,0,0,0,0,0,0,0,0,0
84,1,moe,686,52,2687,2360,1832,1887,72,0,0,1104,781,8,7,1,8
84,2,moe,730,47,1986,2415,1501,1035,67,0,0,617,632,8,7,1,8
84,3,moe,639,42,3167,4802,2184,2084,136,0,0,1237,656,8,6,2,8
84,4,moe,730,43,4133,7086,2983,2819,190,0,0,1859,570,8,5,3,8
84,5,moe,759,40,1185,429,839,935,62,0,0,651,562,8,7,1,8
84,6,moe,717,39,5079,4900,3212,3877,141,0,0,2151,672,8,6,2,8
84,7,moe,669,50,4477,4998,3176,3335,115,0,0,2149,573,8,6,2,8
84,8,moe,699,52,2354,2125,1778,1611,60,0,0,1095,565,8,7,1,8
84,9,moe,732,46,4925,2778,3086,3872,133,0,0,2166,662,8,6,2,8
84,10,moe,705,40,6228,6740,4396,4904,180,0,0,3252,594,8,5,3,8
84,11,moe,637,46,3703,1166,2521,3269,120,0,0,2207,625,8,6,2,8
84,12,moe,723,47,2124,2472,1471,1147,66,0,0,560,625,8,7,1,8
84,13,moe,753,44,1315,461,836,1014,57,0,0,592,560,8,7,1,8
84,14,moe,696,40,6064,4861,4378,4852,174,0,0,3340,580,8,5,3,8
84,15,moe,637,40,2902,2136,1894,1988,69,0,0,1049,668,8,7,1,8
84,16,moe,700,40,1843,2148,1392,973,58,0,0,580,566,8,7,1,8
84,17,moe,725,39,1666,1935,1338,889,58,0,0,619,558,8,7,1,8
84,18,moe,716,38,5005,4730,3151,3881,141,0,0,2168,641,8,6,2,8
84,19,moe,667,38,7622,4752,5255,6499,239,0,0,4371,577,8,4,4,8
84,20,moe,704,44,2601,2271,1943,1793,114,0,0,1249,580,8,6,2,8
84,21,moe,716,44,10802,5435,6412,9566,358,0,0,5534,647,8,3,5,8
84,22,moe,729,42,2723,2297,1919,1883,117,0,0,1196,592,8,6,2,8
84,23,moe,665,41,4977,2806,3044,3960,143,0,0,2170,665,8,6,2,8
84,24,moe,751,38,8364,3064,4969,7502,289,0,0,4396,685,8,4,4,8
84,25,moe,759,48,6685,4944,4144,5674,207,0,0,3340,667,8,5,3,8
84,26,moe,654,42,2900,2408,1946,2065,133,0,0,1244,655,8,6,2,8
84,-1,epi,0,0,0,0,0,0,0,0,4258,0,0,0,0,0,0
85,-2,pre,40,0,0,0,0,0,0,0,0,0,0,0,0,0,0
85,0,dense,1277,48,0,0,0,0,0,0,0,0,0,0,0,0,0
85,1,moe,735,44,1695,2203,1215,1044,71,1,0,636,624,8,7,1,8
85,2,moe,698,46,5009,5083,3277,3819,146,0,0,2233,660,8,6,2,8
85,3,moe,644,53,3860,2499,2368,3174,203,0,0,1885,653,8,5,3,8
85,4,moe,673,41,4777,4671,3294,3723,241,0,0,2481,581,8,4,4,8
85,5,moe,705,67,1189,456,844,932,59,0,0,646,571,8,7,1,8
85,6,moe,683,41,10,0,0,0,0,0,10,0,625,8,8,0,8
85,7,moe,608,40,1170,457,831,923,67,0,0,651,567,8,7,1,8
85,8,moe,723,48,1201,677,873,889,57,0,0,618,554,8,7,1,8
85,9,moe,709,41,10,0,0,0,0,1,9,0,654,8,8,0,8
85,10,moe,699,54,10,0,0,0,0,0,10,0,592,8,8,0,8
85,11,moe,647,41,9,0,0,0,0,0,9,0,584,8,8,0,8
85,12,moe,711,41,3170,2441,2032,2196,131,0,0,1189,646,8,6,2,8
85,13,moe,718,45,54,0,0,0,0,0,54,0,596,8,8,0,8
85,14,moe,709,48,3330,1801,2167,2810,174,0,0,1821,575,8,5,3,8
85,15,moe,619,40,2375,448,1344,2081,82,0,0,1132,653,8,7,1,8
85,16,moe,700,52,2053,453,1325,1757,60,0,0,1089,568,8,7,1,8
85,17,moe,715,43,10,0,0,0,0,0,10,0,594,8,8,0,8
85,18,moe,719,39,8,0,0,0,0,0,8,0,642,8,8,0,8
85,19,moe,609,36,1838,434,1266,1606,60,0,0,1094,558,8,7,1,8
85,20,moe,697,48,1850,2615,1520,892,57,0,0,619,569,8,7,1,8
85,21,moe,761,39,4906,2471,2985,3946,135,0,0,2160,654,8,6,2,8
85,22,moe,720,40,3033,3833,2341,1671,60,0,0,1039,570,8,7,1,8
85,23,moe,675,46,3519,5232,2386,2224,140,0,0,1231,643,8,6,2,8
85,24,moe,761,44,2822,2367,1964,1887,69,0,0,1098,656,8,7,1,8
85,25,moe,709,59,2801,2592,1950,1875,65,0,0,1089,640,8,7,1,8
85,26,moe,623,39,10,0,0,0,0,0,10,0,652,8,8,0,8
85,-1,epi,0,0,0,0,0,0,0,0,4294,0,0,0,0,0,0
86,-2,pre,46,0,0,0,0,0,0,0,0,0,0,0,0,0,0
86,0,dense,1298,40,0,0,0,0,0,0,0,0,0,0,0,0,0
86,1,moe,735,44,10,0,0,0,0,0,10,0,709,8,8,0,8
86,2,moe,768,48,2522,1163,1564,2098,129,0,0,1269,631,8,6,2,8
86,3,moe,620,65,9,0,0,0,0,0,9,0,632,8,8,0,8
86,4,moe,695,46,4091,1006,2674,3617,130,0,0,2330,608,8,6,2,8
86,5,moe,778,44,5870,1603,4000,5351,199,0,0,3680,581,8,5,3,8
86,6,moe,691,45,10,0,0,0,0,0,10,0,656,8,8,0,8
86,7,moe,679,58,1345,959,999,938,61,0,0,653,582,8,7,1,8
86,8,moe,733,48,10,0,0,0,0,0,10,0,599,8,8,0,8
86,9,moe,779,46,2246,2465,1562,1209,69,0,0,594,657,8,7,1,8
86,10,moe,703,48,13,0,0,0,0,0,13,0,603,8,8,0,8
86,11,moe,676,42,2697,2251,1960,1772,64,0,0,1099,570,8,7,1,8
86,12,moe,723,45,13,0,0,0,0,0,13,0,695,8,8,0,8
86,13,moe,751,49,2073,785,1460,1710,63,0,0,1160,614,8,7,1,8
86,14,moe,734,48,1726,2163,1380,937,62,0,0,653,571,8,7,1,8
86,15,moe,631,41,2473,486,1383,2160,73,0,0,1143,648,8,7,1,8
86,16,moe,712,47,2081,457,1342,1775,68,0,0,1104,570,8,7,1,8
86,17,moe,728,45,10,0,0,0,0,0,10,0,581,8,8,0,8
86,18,moe,717,55,2120,2355,1442,1216,71,0,0,609,630,8,7,1,8
86,19,moe,644,43,6262,4534,4373,5228,184,0,0,3523,583,8,5,3,8
86,20,moe,712,46,2397,1053,1680,1985,131,0,0,1399,572,8,6,2,8
86,21,moe,759,52,10,0,0,0,0,0,10,0,687,8,8,0,8
86,22,moe,791,50,2783,2333,2061,1919,120,0,0,1317,624,8,6,2,8
86,23,moe,677,45,5257,4712,3249,4151,156,0,0,2299,667,8,6,2,8
86,24,moe,761,41,4992,2649,3201,3967,147,0,0,2323,654,8,6,2,8
86,25,moe,769,48,2685,2188,1785,1996,73,0,0,1169,671,8,7,1,8
86,26,moe,675,43,2880,2389,1987,1978,72,0,0,1157,710,8,7,1,8
86,-1,epi,0,0,0,0,0,0,0,0,4319,0,0,0,0,0,0
87,-2,pre,39,0,0,0,0,0,0,0,0,0,0,0,0,0,0
87,0,dense,1293,50,0,0,0,0,0,0,0,0,0,0,0,0,0
87,1,moe,752,52,10,0,0,0,0,0,10,0,665,8,8,0,8
87,2,moe,717,51,9,0,0,0,0,0,9,0,674,8,8,0,8
87,3,moe,702,45,2360,530,1420,2083,72,0,0,1215,643,8,7,1,8
87,4,moe,713,42,2713,2160,1939,1799,62,0,0,1087,584,8,7,1,8
87,5,moe,738,61,1631,2066,1283,952,61,0,0,665,558,8,7,1,8
87,6,moe,766,50,1592,487,880,1280,76,0,0,644,646,8,7,1,8
87,7,moe,654,57,10,0,0,0,0,0,10,0,564,8,8,0,8
87,8,moe,694,42,13,0,0,0,0,0,13,0,597,8,8,0,8
87,9,moe,756,48,4375,1146,2588,3969,141,0,0,2323,642,8,6,2,8
87,10,moe,733,45,11,0,0,0,0,0,11,0,614,8,8,0,8
87,11,moe,654,46,2700,2171,1931,1804,63,0,0,1098,669,8,7,1,8
87,12,moe,749,45,9,0,0,0,0,0,9,0,693,8,8,0,8
87,13,moe,792,43,1263,441,885,1006,71,0,0,699,639,8,7,1,8
87,14,moe,728,52,9,0,0,0,0,0,9,0,593,8,8,0,8
87,15,moe,658,48,8,0,0,0,0,0,8,0,680,8,8,0,8
87,16,moe,716,48,2571,2168,1937,1728,65,0,0,1159,584,8,7,1,8
87,17,moe,744,61,2032,456,1402,1774,70,0,0,1214,589,8,7,1,8
87,18,moe,687,44,1601,725,917,1206,71,0,0,593,629,8,7,1,8
87,19,moe,638,41,4424,2158,3043,3577,123,0,0,2319,598,8,6,2,8
87,20,moe,703,41,2504,2164,1889,1725,65,0,0,1175,572,8,7,1,8
87,21,moe,727,48,3093,2485,1997,2137,72,0,0,1113,699,8,7,1,8
87,22,moe,787,48,9,0,0,0,0,0,9,0,600,8,8,0,8
87,23,moe,703,39,2296,521,1363,2030,73,0,0,1170,664,8,7,1,8
87,24,moe,750,58,7175,4852,4462,6027,219,0,0,3533,660,8,5,3,8
87,25,moe,798,60,4471,1220,2614,4041,140,0,0,2324,651,8,6,2,8
87,26,moe,651,58,2796,2264,1860,2025,75,0,0,1164,651,8,7,1,8
87,-1,epi,0,0,0,0,0,0,0,0,4169,0,0,0,0,0,0
88,-2,pre,140,0,0,0,0,0,0,0,0,0,0,0,0,0,0
88,0,dense,1192,37,0,0,0,0,0,0,0,0,0,0,0,0,0
88,1,moe,739,41,5110,4853,3253,4050,151,0,0,2344,655,8,6,2,8
88,2,moe,718,39,7162,5218,4451,6019,221,0,0,3529,675,8,5,3,8
88,3,moe,658,43,4990,2862,3107,4106,151,0,0,2374,702,8,6,2,8
88,4,moe,725,42,22,0,0,0,0,0,22,0,622,8,8,0,8
88,5,moe,777,39,4368,2268,2972,3581,125,0,0,2310,595,8,6,2,8
88,6,moe,708,50,3173,2602,2052,2162,76,0,0,1117,663,8,7,1,8
88,7,moe,674,36,2861,3193,2031,1979,126,0,0,1275,569,8,6,2,8
88,8,moe,695,37,5055,7332,3640,3859,261,0,0,2705,581,8,4,4,8
88,9,moe,736,40,5580,5834,3629,4087,145,0,0,2281,673,8,6,2,8
88,10,moe,703,37,2847,2327,2017,1975,120,0,0,1265,574,8,6,2,8
88,11,moe,691,39,3026,4868,2335,1892,122,0,0,1323,582,8,6,2,8
88,12,moe,710,43,9378,8165,5663,8059,329,0,0,4673,835,8,4,4,8
88,13,moe,770,48,4114,4657,2935,2897,190,0,0,1908,596,8,5,3,8
88,14,moe,723,37,4208,2257,3014,3392,125,0,0,2323,602,8,6,2,8
88,15,moe,699,289,4634,6724,3472,2281,138,0,0,1257,663,8,6,2,8
88,16,moe,724,48,4453,9578,3296,2887,187,0,0,1917,602,8,5,3,8
88,17,moe,733,43,4517,4790,3392,3202,117,1,0,2195,596,8,6,2,8
88,18,moe,721,52,1552,742,888,1163,66,0,0,565,627,8,7,1,8
88,19,moe,676,47,2378,1020,1581,1948,132,0,0,1283,567,8,6,2,8
88,20,moe,718,46,8017,7387,5620,6700,256,0,0,4559,576,8,4,4,8
88,21,moe,756,47,3341,2655,2139,2331,141,0,0,1270,686,8,6,2,8
88,22,moe,763,43,2735,2232,1949,1862,113,0,0,1189,591,8,6,2,8
88,23,moe,649,45,5459,5643,3348,4398,343,0,0,2630,646,8,4,4,8
88,24,moe,726,46,1332,485,822,1073,75,0,0,638,637,8,7,1,8
88,25,moe,744,39,8231,3121,4869,7430,291,0,0,4359,637,8,4,4,8
88,26,moe,619,54,4291,4985,2807,3193,227,0,0,1936,664,8,5,3,8
88,-1,epi,0,0,0,0,0,0,0,0,4170,0,0,0,0,0,0
89,-2,pre,45,0,0,0,0,0,0,0,0,0,0,0,0,0,0
89,0,dense,1292,40,0,0,0,0,0,0,0,0,0,0,0,0,0
89,1,moe,736,52,4182,2872,2597,3333,225,0,0,1973,664,8,5,3,8
89,2,moe,715,57,5139,5196,3350,3967,154,0,0,2332,651,8,6,2,8
89,3,moe,646,49,3934,2453,2488,3218,224,0,0,1996,653,8,5,3,8
89,4,moe,685,42,3772,2964,2643,2749,178,0,0,1798,573,8,5,3,8
89,5,moe,718,40,3431,2435,2427,2716,171,0,0,1883,569,8,5,3,8
89,6,moe,681,40,10,0,0,0,0,0,10,0,674,8,8,0,8
89,7,moe,647,42,9851,5138,6840,8547,317,0,0,5853,573,8,3,5,8
89,8,moe,737,41,3032,4667,2362,1862,124,0,0,1316,570,8,6,2,8
89,9,moe,733,43,4882,2511,3001,3882,136,0,0,2137,658,8,6,2,8
89,10,moe,710,44,4198,2300,2891,3334,123,0,0,2150,560,8,6,2,8
89,11,moe,651,48,3377,2148,2349,2727,176,0,0,1875,570,8,5,3,8
89,12,moe,721,41,8477,3317,4952,7628,273,0,0,4376,645,8,4,4,8
89,13,moe,702,42,2304,1033,1527,1851,121,0,0,1195,570,8,6,2,8
89,14,moe,695,49,1211,474,868,952,61,0,0,670,563,8,7,1,8
89,15,moe,632,41,4967,2614,3058,3933,146,0,0,2170,654,8,6,2,8
89,16,moe,679,40,7623,3381,5139,6739,246,0,0,4501,560,8,4,4,8
89,17,moe,720,40,1927,442,1337,1678,60,0,0,1148,563,8,7,1,8
89,18,moe,780,42,2660,1231,1517,2207,134,0,0,1198,656,8,6,2,8
89,19,moe,5218,39,3300,1591,2217,2802,175,0,0,1894,554,8,5,3,8
89,20,moe,690,44,1656,2096,1324,894,60,0,0,622,550,8,7,1,8
89,21,moe,732,39,3885,1860,2231,3349,203,0,0,1898,688,8,5,3,8
89,22,moe,759,44,2673,2304,1884,1872,115,0,0,1198,572,8,6,2,8
89,23,moe,624,43,1441,492,798,1170,66,0,0,593,653,8,7,1,8
89,24,moe,770,43,8673,3426,5168,7752,297,0,0,4544,643,8,4,4,8
89,25,moe,744,50,2537,1256,1545,2098,143,0,0,1249,669,8,6,2,8
89,26,moe,663,39,5085,2951,3110,4304,286,0,0,2615,646,8,4,4,8
89,-1,epi,0,0,0,0,0,0,0,0,4125,0,0,0,0,0,0
90,-2,pre,152,0,0,0,0,0,0,0,0,0,0,0,0,0,0
90,0,dense,1191,42,0,0,0,0,0,0,0,0,0,0,0,0,0
90,1,moe,758,41,6885,5475,4236,5777,205,0,0,3333,660,8,5,3,8
90,2,moe,678,47,1913,2360,1431,1038,67,0,0,623,628,8,7,1,8
90,3,moe,623,39,3788,2816,2348,3122,210,0,0,1892,688,8,5,3,8
90,4,moe,714,44,1390,721,902,982,57,0,0,551,548,8,7,1,8
90,5,moe,720,41,10,0,0,0,0,0,10,0,630,8,8,0,8
90,6,moe,698,37,9,0,0,0,0,0,9,0,700,8,8,0,8
90,7,moe,650,39,3723,4626,2730,2714,178,0,0,1899,573,8,5,3,8
90,8,moe,667,40,1702,2168,1372,892,59,0,0,621,574,8,7,1,8
90,9,moe,716,41,19,0,0,0,0,0,19,0,668,8,8,0,8
90,10,moe,674,44,4361,4414,3235,3223,117,0,0,2214,587,8,6,2,8
90,11,moe,613,53,5005,7398,3722,3705,249,0,0,2671,577,8,4,4,8
90,12,moe,701,43,6981,5310,4286,5763,205,0,0,3273,638,8,5,3,8
90,13,moe,709,38,1282,464,825,959,60,0,0,562,579,8,7,1,8
90,14,moe,702,52,1726,2142,1401,885,58,1,0,619,559,8,7,1,8
90,15,moe,643,55,3465,5026,2322,2201,141,1,0,1200,644,8,6,2,8
90,16,moe,696,48,3028,4348,2241,1870,126,1,0,1210,580,8,6,2,8
90,17,moe,719,44,1697,2218,1370,885,57,0,0,615,585,8,7,1,8
90,18,moe,705,43,3202,2582,2069,2193,135,0,0,1195,656,8,6,2,8
90,19,moe,6325,37,4444,2557,3029,3657,237,0,0,2479,574,8,4,4,8
90,20,moe,703,39,4763,5036,3472,3548,237,0,0,2494,576,8,4,4,8
90,21,moe,724,43,5733,7961,3647,4375,281,0,0,2570,655,8,4,4,8
90,22,moe,713,41,7162,9461,5130,5546,392,0,0,3906,599,8,2,6,8
90,23,moe,660,45,3162,2717,2058,2167,136,0,0,1199,675,8,6,2,8
90,24,moe,717,40,4383,5245,2950,3166,211,1,0,1945,669,8,5,3,8
90,25,moe,743,46,9,0,0,0,0,0,9,0,696,8,8,0,8
90,26,moe,625,42,7680,4289,4716,6522,396,0,0,3954,663,8,2,6,8
90,-1,epi,0,0,0,0,0,0,0,0,4152,0,0,0,0,0,0
91,-2,pre,40,0,0,0,0,0,0,0,0,0,0,0,0,0,0
91,0,dense,1283,52,0,0,0,0,0,0,0,0,0,0,0,0,0
91,1,moe,755,46,4175,2890,2615,3362,221,0,0,2023,671,8,5,3,8
91,2,moe,715,44,2737,1155,1679,2292,137,0,0,1371,657,8,6,2,8
91,3,moe,660,51,8804,7778,5453,7482,284,0,0,4415,642,8,4,4,8
91,4,moe,693,44,3407,1655,2259,2796,171,0,0,1819,566,8,5,3,8
91,5,moe,721,47,1179,448,827,927,68,0,0,643,572,8,7,1,8
91,6,moe,670,40,10,0,0,0,0,0,10,0,634,8,8,0,8
91,7,moe,637,40,2606,2265,1931,1794,121,0,0,1240,575,8,6,2,8
91,8,moe,725,40,1932,440,1339,1694,59,0,0,1160,577,8,7,1,8
91,9,moe,716,41,4581,5723,2939,3432,206,0,0,1996,660,8,5,3,8
91,10,moe,691,40,1292,446,821,988,58,0,0,575,564,8,7,1,8
91,11,moe,652,44,3308,1652,2305,2746,179,0,0,1922,558,8,5,3,8
91,12,moe,688,237,10,0,0,0,0,0,10,0,698,8,8,0,8
91,13,moe,707,42,1854,465,1280,1607,62,0,0,1095,563,8,7,1,8
91,14,moe,703,46,1223,459,871,958,63,0,0,669,571,8,7,1,8
91,15,moe,641,53,2027,2543,1352,1220,71,1,0,617,665,8,7,1,8
91,16,moe,720,45,1365,463,876,1054,63,0,0,628,570,8,7,1,8
91,17,moe,751,44,2367,1004,1659,1968,123,0,0,1383,596,8,6,2,8
91,18,moe,692,41,10,0,0,0,0,0,10,0,669,8,8,0,8
91,19,moe,661,45,2713,2246,2004,1909,125,1,0,1326,652,8,6,2,8
91,20,moe,749,49,3945,1058,2695,3539,134,0,0,2423,573,8,6,2,8
91,21,moe,751,47,1577,506,864,1258,76,0,0,621,683,8,7,1,8
91,22,moe,749,47,10,0,0,0,0,0,10,0,600,8,8,0,8
91,23,moe,677,44,1419,501,881,1147,77,0,0,686,643,8,7,1,8
91,24,moe,759,50,4337,2794,2778,3345,213,0,0,1999,654,8,5,3,8
91,25,moe,732,57,9,0,0,0,0,0,9,0,647,8,8,0,8
91,26,moe,656,42,11383,5804,7074,9970,371,0,0,6032,652,8,3,5,8
91,-1,epi,0,0,0,0,0,0,0,0,4130,0,0,0,0,0,0
92,-2,pre,139,0,0,0,0,0,0,0,0,0,0,0,0,0,0
92,0,dense,1220,42,0,0,0,0,0,0,0,0,0,0,0,0,0
92,1,moe,719,44,3861,2556,2401,3145,200,0,0,1885,638,8,5,3,8
92,2,moe,681,56,1997,2534,1486,1065,70,0,0,624,628,8,7,1,8
92,3,moe,655,43,5479,5195,3468,4393,296,0,0,2678,658,8,4,4,8
92,4,moe,685,43,2495,1009,1632,2022,126,1,0,1286,627,8,6,2,8
92,5,moe,754,45,10,0,0,0,0,0,10,0,642,8,8,0,8
92,6,moe,709,44,10,0,0,0,0,0,10,0,797,8,8,0,8
92,7,moe,837,50,3025,4430,2310,1916,136,0,0,1337,657,8,6,2,8
92,8,moe,745,45,11,0,0,0,0,0,11,0,635,8,8,0,8
92,9,moe,757,42,10,0,0,0,0,0,10,0,757,8,8,0,8
92,10,moe,698,42,4269,2357,3061,3407,128,0,0,2327,635,8,6,2,8
92,11,moe,675,51,4817,4360,3461,3787,245,1,0,2677,613,8,4,4,8
92,12,moe,736,42,3344,2508,2161,2316,145,0,0,1278,742,8,6,2,8
92,13,moe,800,41,1314,468,839,1002,63,0,0,590,606,8,7,1,8
92,14,moe,709,40,3964,6948,2941,2816,190,0,0,1983,607,8,5,3,8
92,15,moe,629,41,4675,5209,3030,3384,221,0,0,1960,693,8,5,3,8
92,16,moe,717,48,3127,4329,2287,1968,125,0,0,1253,588,8,6,2,8
92,17,moe,758,41,2973,4528,2293,1875,124,0,0,1319,597,8,6,2,8
92,18,moe,721,39,4857,5965,3184,3472,217,0,0,2016,681,8,5,3,8
92,19,moe,645,47,10153,9505,7047,8557,314,0,0,5765,575,8,3,5,8
92,20,moe,708,40,1760,2124,1415,940,61,0,0,656,561,8,7,1,8
92,21,moe,727,55,5621,5067,3434,4493,299,0,0,2605,671,8,4,4,8
92,22,moe,764,40,6178,4596,4259,5164,194,0,0,3439,602,8,5,3,8
92,23,moe,660,44,2390,478,1329,2100,72,0,0,1111,658,8,7,1,8
92,24,moe,746,41,6757,1886,3960,6225,216,0,0,3644,696,8,5,3,8
92,25,moe,784,48,2350,513,1407,2078,79,0,0,1214,640,8,7,1,8
92,26,moe,653,40,3190,2552,2159,2198,143,0,0,1310,710,8,6,2,8
92,-1,epi,0,0,0,0,0,0,0,0,4280,0,0,0,0,0,0
93,-2,pre,214,0,0,0,0,0,0,0,0,0,0,0,0,0,0
93,0,dense,1211,44,0,0,0,0,0,0,0,0,0,0,0,0,0
93,1,moe,731,48,1785,2205,1276,1104,73,0,0,668,628,8,7,1,8
93,2,moe,779,49,1955,2355,1446,1091,69,0,0,651,653,8,7,1,8
93,3,moe,637,39,4678,7894,3132,3361,231,0,0,2046,700,8,5,3,8
93,4,moe,734,49,2770,2063,1924,1967,125,1,0,1247,579,8,6,2,8
93,5,moe,724,46,9,0,0,0,0,0,9,0,568,8,8,0,8
93,6,moe,742,52,10,0,0,0,0,0,10,0,675,8,8,0,8
93,7,moe,691,42,2602,2134,1891,1900,124,0,0,1313,620,8,6,2,8
93,8,moe,747,45,1699,2146,1351,942,63,0,0,657,573,8,7,1,8
93,9,moe,707,60,2110,2442,1407,1227,74,0,0,598,641,8,7,1,8
93,10,moe,705,41,11,0,0,0,0,0,11,0,597,8,8,0,8
93,11,moe,632,45,10,0,0,0,0,0,10,0,573,8,8,0,8
93,12,moe,683,41,4566,8080,3055,3282,226,0,0,1997,662,8,5,3,8
93,13,moe,728,59,1396,451,888,1062,62,0,0,616,600,8,7,1,8
93,14,moe,728,41,3933,4802,2873,2916,196,0,0,2052,579,8,5,3,8
93,15,moe,632,58,3487,5051,2308,2331,147,0,0,1299,650,8,6,2,8
93,16,moe,701,42,4163,5075,2973,2993,208,0,0,2011,582,8,5,3,8
93,17,moe,721,69,3794,1026,2598,3402,126,0,0,2332,576,8,6,2,8
93,18,moe,693,53,3695,5569,2525,2327,148,0,0,1305,698,8,6,2,8
93,19,moe,621,41,5237,5328,3667,3939,253,0,0,2622,568,8,4,4,8
93,20,moe,693,52,2398,1069,1684,1975,124,0,0,1385,573,8,6,2,8
93,21,moe,738,46,5633,5381,3356,4616,292,0,0,2631,643,8,4,4,8
93,22,moe,736,54,6392,5151,4566,4964,316,0,0,3454,578,8,3,5,8
93,23,moe,648,42,6003,7967,3829,4479,303,0,0,2608,656,8,4,4,8
93,24,moe,757,52,4045,2557,2470,3355,212,0,0,1992,708,8,5,3,8
93,25,moe,777,41,6717,8169,4061,5413,215,0,0,2972,664,8,5,3,8
93,26,moe,662,40,5328,2879,3234,4540,280,0,0,2726,711,8,4,4,8
93,-1,epi,0,0,0,0,0,0,0,0,4314,0,0,0,0,0,0
94,-2,pre,132,0,0,0,0,0,0,0,0,0,0,0,0,0,0
94,0,dense,1196,34,0,0,0,0,0,0,0,0,0,0,0,0,0
94,1,moe,709,36,7983,13715,5401,6134,367,0,0,3919,652,8,3,5,8
94,2,moe,684,34,7165,13984,4647,5478,376,0,0,3336,702,8,3,5,8
94,3,moe,735,41,5673,6233,3650,4371,299,0,0,2647,655,8,4,4,8
94,4,moe,700,36,5422,9291,3848,3971,263,0,0,2660,584,8,4,4,8
94,5,moe,732,37,6439,11567,4722,4809,314,0,0,3406,557,8,3,5,8
94,6,moe,689,47,1579,494,879,1266,71,0,0,637,660,8,7,1,8
94,7,moe,628,37,5842,9415,4325,4172,256,0,0,2911,598,8,4,4,8
94,8,moe,740,34,4910,7359,3555,3780,262,0,0,2687,604,8,4,4,8
94,9,moe,749,253,7804,21239,5635,4480,274,0,0,2585,648,8,4,4,8
94,10,moe,711,41,9584,13113,6625,8196,313,0,0,5550,599,8,3,5,8
94,11,moe,658,38,3879,6976,2902,2672,179,0,0,1874,566,8,5,3,8
94,12,moe,699,43,5878,10931,3800,4291,292,0,0,2505,648,8,4,4,8
94,13,moe,721,39,4002,7350,2892,2764,184,0,0,1838,574,8,5,3,8
94,14,moe,687,40,4960,7339,3628,3619,238,0,0,2525,568,8,4,4,8
94,15,moe,623,38,5574,8369,3538,4251,279,0,0,2494,668,8,4,4,8
94,16,moe,695,43,7116,9505,4722,5765,243,0,0,3614,569,8,4,4,8
94,17,moe,704,42,5890,9811,4296,4482,308,0,0,3196,601,8,3,5,8
94,18,moe,676,40,5011,8154,3402,3668,232,0,0,2291,674,8,5,3,8
94,19,moe,682,36,4877,7151,3431,3630,267,0,0,2451,596,8,4,4,8
94,20,moe,721,47,1777,2343,1446,893,57,0,0,619,601,8,7,1,8
94,21,moe,761,46,8219,11203,5113,6569,418,0,0,3881,654,8,2,6,8
94,22,moe,757,41,6065,6808,4242,4686,297,0,0,3160,568,8,3,5,8
94,23,moe,642,39,5331,3510,3266,4468,281,0,0,2684,674,8,4,4,8
94,24,moe,727,42,9801,13763,5600,7991,369,0,0,4159,662,8,3,5,8
94,25,moe,721,39,5437,7467,3460,4276,283,0,0,2582,643,8,4,4,8
94,26,moe,658,42,6738,10652,4380,5290,374,0,0,3306,680,8,3,5,8
94,-1,epi,0,0,0,0,0,0,0,0,4172,0,0,0,0,0,0
95,-2,pre,146,0,0,0,0,0,0,0,0,0,0,0,0,0,0
95,0,dense,1192,41,0,0,0,0,0,0,0,0,0,0,0,0,0
95,1,moe,722,45,6922,13857,4505,5246,372,0,0,3201,667,8,3,5,8
95,2,moe,681,43,3577,5252,2594,2106,134,0,0,1257,641,8,6,2,8
95,3,moe,634,37,9918,10604,5716,8470,356,0,0,4624,654,8,3,5,8
95,4,moe,673,50,2318,1029,1517,1858,113,0,0,1170,589,8,6,2,8
95,5,moe,720,44,4085,4631,3076,2737,174,0,0,1902,563,8,5,3,8
95,6,moe,678,54,3454,4785,2318,2195,136,0,0,1195,643,8,6,2,8
95,7,moe,635,39,2692,2216,1887,1891,112,0,0,1198,575,8,6,2,8
95,8,moe,725,42,5514,2828,3827,4813,179,0,0,3305,572,8,5,3,8
95,9,moe,712,40,4501,7486,2876,3245,209,0,0,1829,694,8,5,3,8
95,10,moe,705,38,6069,9892,4315,4536,306,0,0,3088,581,8,3,5,8
95,11,moe,671,37,2922,4534,2272,1784,120,0,0,1254,565,8,6,2,8
95,12,moe,678,55,3210,2458,2086,2178,135,0,0,1189,668,8,6,2,8
95,13,moe,733,44,3099,4587,2317,1853,124,0,0,1195,658,8,6,2,8
95,14,moe,681,42,5062,7327,3706,3744,262,0,0,2650,698,8,4,4,8
95,15,moe,678,48,7060,4861,4211,6008,229,0,0,3388,715,8,5,3,8
95,16,moe,744,42,5067,7116,3567,3832,252,0,0,2584,630,8,4,4,8
95,17,moe,773,44,6415,6993,4638,5046,190,0,0,3459,580,8,5,3,8
95,18,moe,733,41,6314,11052,4136,4480,290,0,0,2592,682,8,4,4,8
95,19,moe,691,46,3828,4477,2755,2739,175,0,0,1841,585,8,5,3,8
95,20,moe,7036,43,1134,483,806,884,57,0,0,613,562,8,7,1,8
95,21,moe,714,43,4551,4971,2902,3316,212,0,0,1879,644,8,5,3,8
95,22,moe,726,60,4525,4775,3251,3289,120,0,0,2135,567,8,6,2,8
95,23,moe,655,47,8750,4964,5233,7614,275,0,0,4372,657,8,4,4,8
95,24,moe,764,43,5636,10410,3704,4238,279,0,0,2585,695,8,4,4,8
95,25,moe,748,40,5671,10528,3714,4303,291,1,0,2638,675,8,4,4,8
95,26,moe,648,42,6755,11027,4277,5296,364,0,0,3182,652,8,3,5,8
95,-1,epi,0,0,0,0,0,0,0,0,4205,0,0,0,0,0,0
96,-2,pre,150,0,0,0,0,0,0,0,0,0,0,0,0,0,0
96,0,dense,1204,39,0,0,0,0,0,0,0,0,0,0,0,0,0
96,1,moe,703,41,13697,14526,8341,11913,452,0,0,7009,659,8,2,6,8
96,2,moe,714,44,4389,1244,2609,3943,144,1,0,2308,642,8,6,2,8
96,3,moe,652,49,5379,5283,3394,4334,291,3,0,2643,674,8,4,4,8
96,4,moe,726,48,3472,2358,2315,2807,176,0,0,1826,579,8,5,3,8
96,5,moe,708,51,9363,7227,6570,8025,301,0,0,5533,601,8,3,5,8
96,6,moe,683,46,3017,2844,1869,2210,140,0,0,1202,660,8,6,2,8
96,7,moe,637,53,7390,2298,4921,6753,241,0,0,4525,586,8,4,4,8
96,8,moe,703,47,4444,4717,3262,3292,119,0,0,2229,572,8,6,2,8
96,9,moe,731,45,7091,7951,4335,5819,212,0,0,3275,643,8,5,3,8
96,10,moe,691,38,1360,735,887,978,57,0,0,562,589,8,7,1,8
96,11,moe,661,41,3845,4795,2841,2720,183,0,0,1899,575,8,5,3,8
96,12,moe,688,39,7447,10634,4821,5971,349,0,0,3694,647,8,3,5,8
96,13,moe,709,48,7581,4663,5190,6499,235,0,0,4343,577,8,4,4,8
96,14,moe,684,56,2492,2153,1923,1605,60,0,0,1096,595,8,7,1,8
96,15,moe,630,39,4567,2300,2718,3865,135,0,0,2151,637,8,6,2,8
96,16,moe,721,41,6401,8705,4589,4909,312,0,0,3409,570,8,3,5,8
96,17,moe,725,39,7608,6864,5351,6237,250,0,0,4230,581,8,4,4,8
96,18,moe,689,45,4886,2448,3022,3860,135,1,0,2132,698,8,6,2,8
96,19,moe,672,38,4507,4140,3241,3293,116,0,0,2143,570,8,6,2,8
96,20,moe,709,44,2882,4573,2239,1785,117,0,0,1259,566,8,6,2,8
96,21,moe,717,41,8156,11148,4625,6692,289,0,0,3450,699,8,4,4,8
96,22,moe,747,45,2006,456,1293,1694,60,0,0,1041,568,8,7,1,8
96,23,moe,654,53,2129,2567,1503,1146,67,0,0,587,648,8,7,1,8
96,24,moe,723,43,5129,5264,3444,3764,139,0,0,2218,647,8,6,2,8
96,25,moe,719,59,3031,2609,2068,2072,131,0,0,1240,646,8,6,2,8
96,26,moe,638,41,2967,2888,1977,2105,142,1,0,1258,655,8,6,2,8
96,-1,epi,0,0,0,0,0,0,0,0,4189,0,0,0,0,0,0
97,-2,pre,168,0,0,0,0,0,0,0,0,0,0,0,0,0,0
97,0,dense,1184,41,0,0,0,0,0,0,0,0,0,0,0,0,0
97,1,moe,709,44,8056,8286,5215,6689,413,0,0,4261,680,8,2,6,8
97,2,moe,705,42,9797,11325,6443,7528,279,0,0,4453,645,8,4,4,8
97,3,moe,612,44,10220,4433,6016,9245,351,0,0,5392,679,8,3,5,8
97,4,moe,714,45,4491,2843,3037,3677,230,1,0,2454,577,8,4,4,8
97,5,moe,772,37,3841,4725,2834,2727,180,0,0,1900,583,8,5,3,8
97,6,moe,717,38,3522,5142,2402,2191,144,0,0,1215,651,8,6,2,8
97,7,moe,675,37,8185,11802,5783,6511,236,0,0,4345,580,8,4,4,8
97,8,moe,679,39,6076,5294,4335,4955,185,0,0,3399,579,8,5,3,8
97,9,moe,716,43,4336,3258,2684,3297,211,0,0,1856,639,8,5,3,8
97,10,moe,679,42,4901,7233,3487,3627,235,0,0,2448,596,8,4,4,8
97,11,moe,677,43,4046,2403,2915,3214,118,0,0,2201,566,8,6,2,8
97,12,moe,691,39,3280,2901,2163,2182,130,0,0,1195,662,8,6,2,8
97,13,moe,716,39,4230,2498,2957,3296,119,0,0,2142,568,8,6,2,8
97,14,moe,678,41,2656,2342,2007,1783,114,0,0,1248,563,8,6,2,8
97,15,moe,638,50,8387,2804,4820,7643,281,0,0,4357,657,8,4,4,8
97,16,moe,700,45,4872,7234,3453,3650,236,0,0,2467,575,8,4,4,8
97,17,moe,724,40,7235,3292,4993,6484,244,0,0,4486,582,8,4,4,8
97,18,moe,708,58,4631,8331,2987,3349,211,0,0,1916,663,8,5,3,8
97,19,moe,646,56,5773,4366,4061,4751,291,1,0,3331,587,8,3,5,8
97,20,moe,701,44,3780,4486,2788,2708,173,0,0,1889,602,8,5,3,8
97,21,moe,736,38,4814,7556,3230,3459,218,0,0,2093,656,8,5,3,8
97,22,moe,722,41,4161,2280,2889,3301,116,0,0,2145,585,8,6,2,8
97,23,moe,647,36,2282,467,1281,1984,68,0,0,1051,656,8,7,1,8
97,24,moe,721,39,6682,7877,4215,5351,353,0,0,3237,665,8,3,5,8
97,25,moe,751,41,2246,505,1359,1975,85,0,0,1173,677,8,7,1,8
97,26,moe,711,43,8943,11282,5565,7611,283,0,0,4516,669,8,4,4,8
97,-1,epi,0,0,0,0,0,0,0,0,4323,0,0,0,0,0,0
98,-2,pre,140,0,0,0,0,0,0,0,0,0,0,0,0,0,0
98,0,dense,1216,42,0,0,0,0,0,0,0,0,0,0,0,0,0
98,1,moe,737,49,11200,13603,7007,9497,353,0,0,5657,665,8,3,5,8
98,2,moe,688,40,6572,4821,4046,5618,212,0,0,3304,650,8,5,3,8
98,3,moe,660,43,2536,1198,1561,2098,133,0,0,1256,676,8,6,2,8
98,4,moe,711,42,1932,2301,1465,984,59,0,0,576,557,8,7,1,8
98,5,moe,716,42,1199,471,869,890,57,0,0,617,585,8,7,1,8
98,6,moe,704,52,2167,2499,1516,1145,68,0,0,562,624,8,7,1,8
98,7,moe,627,87,2689,2363,1881,1889,118,0,0,1199,607,8,6,2,8
98,8,moe,686,42,1665,2326,1337,898,57,0,0,627,567,8,7,1,8
98,9,moe,726,54,1450,511,805,1140,66,0,0,561,645,8,7,1,8
98,10,moe,695,50,3119,4682,2316,1889,121,0,0,1207,571,8,6,2,8
98,11,moe,617,39,1700,2142,1372,887,57,1,0,617,551,8,7,1,8
98,12,moe,703,41,5618,5617,3546,4491,279,0,0,2698,759,8,4,4,8
98,13,moe,707,42,3854,3724,2739,2840,178,0,0,1903,609,8,5,3,8
98,14,moe,709,43,7344,5053,5092,6266,252,1,0,4267,595,8,4,4,8
98,15,moe,664,39,9013,7790,5471,7615,278,0,0,4351,644,8,4,4,8
98,16,moe,695,45,6242,9432,4437,4657,306,0,0,3158,570,8,3,5,8
98,17,moe,712,42,6461,11799,4806,4664,324,0,0,3333,596,8,3,5,8
98,18,moe,679,42,7989,5514,4855,6630,421,0,0,3917,659,8,2,6,8
98,19,moe,661,37,4928,5075,3487,3714,243,0,0,2516,574,8,4,4,8
98,20,moe,696,42,4955,7115,3610,3642,240,0,0,2537,577,8,4,4,8
98,21,moe,709,51,8258,5306,4717,7283,281,0,0,4023,656,8,4,4,8
98,22,moe,723,47,2815,2220,2026,1857,113,0,0,1181,574,8,6,2,8
98,23,moe,630,39,3595,5234,2441,2231,147,0,0,1224,646,8,6,2,8
98,24,moe,720,44,8797,7914,5429,7514,278,0,0,4424,664,8,4,4,8
98,25,moe,699,42,4012,2817,2581,3107,196,0,0,1872,656,8,5,3,8
98,26,moe,635,56,10370,13520,6169,8695,346,0,0,4840,666,8,3,5,8
98,-1,epi,0,0,0,0,0,0,0,0,4062,0,0,0,0,0,0
99,-2,pre,40,0,0,0,0,0,0,0,0,0,0,0,0,0,0
99,0,dense,1203,40,0,0,0,0,0,0,0,0,0,0,0,0,0
99,1,moe,687,44,7496,12942,5132,5734,349,1,0,3720,653,8,3,5,8
99,2,moe,679,39,8575,5922,5205,7525,276,0,0,4431,639,8,4,4,8
99,3,moe,627,40,6744,5764,4210,5600,213,0,0,3279,664,8,5,3,8
99,4,moe,707,41,7719,12005,5541,5732,357,0,0,3911,582,8,2,6,8
99,5,moe,747,48,6129,9805,4531,4523,293,0,0,3218,578,8,3,5,8
99,6,moe,678,42,5164,4839,3242,3967,149,0,0,2194,654,8,6,2,8
99,7,moe,688,44,2956,4297,2199,1864,122,0,0,1229,595,8,6,2,8
99,8,moe,708,53,2558,2535,1910,1773,115,0,0,1240,639,8,6,2,8
99,9,moe,734,39,5444,4904,3321,4335,278,0,0,2490,661,8,4,4,8
99,10,moe,699,42,9096,12618,6259,7320,295,0,0,4778,555,8,3,5,8
99,11,moe,591,37,5035,9977,3811,3418,240,0,0,2434,558,8,4,4,8
99,12,moe,653,38,4507,8598,2957,3136,209,0,0,1795,637,8,5,3,8
99,13,moe,710,52,9143,11383,6308,7324,294,0,0,4783,578,8,3,5,8
99,14,moe,696,44,4630,7313,3397,3485,245,0,0,2497,575,8,4,4,8
99,15,moe,616,42,4416,7838,2869,3137,208,0,0,1798,639,8,5,3,8
99,16,moe,665,39,9812,9837,6882,8073,298,0,0,5441,574,8,3,5,8
99,17,moe,718,39,9000,7208,6300,7812,298,0,0,5410,601,8,3,5,8
99,18,moe,684,38,4180,4988,2639,3085,198,0,0,1742,643,8,5,3,8
99,19,moe,611,40,10152,6387,6789,9044,346,1,0,6028,567,8,2,6,8
99,20,moe,653,44,4819,8375,3572,3453,235,0,0,2441,560,8,4,4,8
99,21,moe,704,44,8419,4914,4980,7343,268,3,0,4175,636,8,4,4,8
99,22,moe,697,57,1820,2151,1361,938,55,0,0,534,547,8,7,1,8
99,23,moe,615,34,2933,2453,1868,2083,131,0,0,1149,640,8,6,2,8
99,24,moe,707,48,5361,8099,3491,4028,266,0,0,2424,641,8,4,4,8
99,25,moe,689,37,5255,7941,3400,4001,267,0,0,2413,640,8,4,4,8
99,26,moe,610,32,4260,5508,2848,3011,193,0,0,1792,686,8,5,3,8
99,-1,epi,0,0,0,0,0,0,0,0,4132,0,0,0,0,0,0
100,-2,pre,143,0,0,0,0,0,0,0,0,0,0,0,0,0,0
100,0,dense,1186,35,0,0,0,0,0,0,0,0,0,0,0,0,0
100,1,moe,740,37,5550,7611,3651,4342,287,0,0,2730,656,8,4,4,8
100,2,moe,688,34,5967,8825,4060,4580,285,0,0,2958,645,8,4,4,8
100,3,moe,628,32,7097,8716,4653,5771,348,0,0,3675,645,8,3,5,8
100,4,moe,685,39,7512,16869,5648,3526,172,0,0,1834,556,8,5,3,8
100,5,moe,710,40,3939,4940,2931,2713,173,0,0,1878,590,8,5,3,8
100,6,moe,691,42,5887,10245,3751,4424,291,0,0,2579,643,8,4,4,8
100,7,moe,666,36,8024,14500,5994,5938,362,0,0,4270,554,8,2,6,8
100,8,moe,659,38,1711,2355,1396,848,56,0,0,589,559,8,7,1,8
100,9,moe,702,39,6471,2703,3877,5516,195,0,0,3117,633,8,5,3,8
100,10,moe,719,40,7848,9798,5453,6506,247,0,0,4358,571,8,4,4,8
100,11,moe,660,36,4854,9487,3606,3533,242,0,0,2527,557,8,4,4,8
100,12,moe,703,37,5827,10353,3831,4401,273,0,0,2678,679,8,4,4,8
100,13,moe,726,41,5958,4613,4123,4822,180,0,0,3167,589,8,5,3,8
100,14,moe,701,48,9689,11943,7007,7705,295,0,0,5318,596,8,3,5,8
100,15,moe,604,35,4359,5439,2802,3163,194,0,0,1800,659,8,5,3,8
100,16,moe,676,42,8426,11847,6108,6472,407,0,0,4561,572,8,1,7,8
100,17,moe,703,44,4013,7027,3053,2735,163,0,0,1938,574,8,5,3,8
100,18,moe,661,38,5327,7631,3325,4114,272,0,0,2384,629,8,4,4,8
100,19,moe,588,37,11106,9724,7740,9369,352,0,0,6355,555,8,2,6,8
100,20,moe,662,47,7827,12604,5691,5993,406,0,0,4263,556,8,1,7,8
100,21,moe,6405,38,6620,4925,4034,5443,202,0,0,3059,631,8,5,3,8
100,22,moe,706,41,9249,6927,6384,7846,288,0,0,5269,563,8,3,5,8
100,23,moe,595,38,6240,2357,3689,5492,200,0,0,3141,660,8,5,3,8
100,24,moe,709,44,6164,5634,3883,5047,326,0,0,3092,626,8,3,5,8
100,25,moe,683,41,10787,11619,6722,8985,376,0,0,5296,736,8,3,5,8
100,26,moe,623,49,8339,7633,5119,7083,285,0,0,4148,640,8,4,4,8
100,-1,epi,0,0,0,0,0,0,0,0,3830,0,0,0,0,0,0
101,-2,pre,84,0,0,0,0,0,0,0,0,0,0,0,0,0,0
101,0,dense,1221,46,0,0,0,0,0,0,0,0,0,0,0,0,0
101,1,moe,717,42,7913,11557,5001,6208,427,0,0,3723,679,8,2,6,8
101,2,moe,719,50,6302,9156,3765,4926,211,0,0,2600,669,8,5,3,8
101,3,moe,624,40,10777,11251,6396,9070,374,0,0,5063,655,8,3,5,8
101,4,moe,700,41,4253,2345,2976,3277,118,0,0,2118,574,8,6,2,8
101,5,moe,727,52,1779,545,1233,1541,58,0,0,1053,587,8,7,1,8
101,6,moe,682,52,2961,2661,1945,1944,67,0,0,995,652,8,7,1,8
101,7,moe,606,37,4103,2250,2835,3228,116,0,0,2076,584,8,6,2,8
101,8,moe,706,39,2305,2182,1758,1539,58,0,0,1050,585,8,7,1,8
101,9,moe,724,38,1494,768,873,1116,63,0,0,558,676,8,7,1,8
101,10,moe,707,38,9,0,0,0,0,0,9,0,585,8,8,0,8
101,11,moe,653,43,5609,2298,3782,4817,171,0,0,3161,594,8,5,3,8
101,12,moe,701,39,4782,5567,3015,3698,135,0,0,2066,676,8,6,2,8
101,13,moe,708,41,5751,4662,3993,4638,176,0,0,3056,576,8,5,3,8
101,14,moe,689,50,7465,9962,5315,5999,252,0,0,4101,600,8,4,4,8
101,15,moe,617,38,8176,3177,4802,7339,260,0,0,4225,633,8,4,4,8
101,16,moe,673,41,10802,5769,7461,9309,342,0,0,6310,564,8,2,6,8
101,17,moe,696,42,7185,3708,5038,6151,224,0,0,4228,566,8,4,4,8
101,18,moe,662,39,4459,8728,2944,3116,203,0,0,1804,634,8,5,3,8
101,19,moe,589,37,7637,9524,5368,6209,239,0,0,4179,563,8,4,4,8
101,20,moe,662,41,6560,7507,4730,5106,339,0,0,3615,565,8,2,6,8
101,21,moe,699,41,8840,8120,5426,7456,277,0,0,4319,642,8,4,4,8
101,22,moe,684,41,2509,2275,1841,1606,58,0,0,996,566,8,7,1,8
101,23,moe,589,40,3390,5948,2348,2158,130,0,0,1246,633,8,6,2,8
101,24,moe,715,39,4384,6354,3020,3263,195,0,0,2094,637,8,5,3,8
101,25,moe,697,40,6944,14498,4685,5042,346,0,0,3129,638,8,3,5,8
101,26,moe,586,39,6353,5579,4094,5126,321,0,0,3188,644,8,3,5,8
101,-1,epi,0,0,0,0,0,0,0,0,3834,0,0,0,0,0,0
102,-2,pre,191,0,0,0,0,0,0,0,0,0,0,0,0,0,0
102,0,dense,1173,45,0,0,0,0,0,0,0,0,0,0,0,0,0
102,1,moe,685,39,5771,13604,4354,3091,205,0,0,1879,646,8,5,3,8
102,2,moe,672,41,7420,13502,5106,5468,341,0,0,3495,723,8,3,5,8
102,3,moe,684,51,6922,14106,4660,5028,337,0,0,3103,779,8,3,5,8
102,4,moe,746,48,12,0,0,0,0,0,12,0,607,8,8,0,8
102,5,moe,734,40,1888,2229,1416,951,56,0,0,535,560,8,7,1,8
102,6,moe,674,42,4917,8130,3335,3529,211,0,0,2158,640,8,5,3,8
102,7,moe,609,41,3518,2412,2434,2713,173,0,0,1802,571,8,5,3,8
102,8,moe,666,41,1833,2523,1502,889,59,0,0,617,561,8,7,1,8
102,9,moe,708,40,6597,9032,3890,5007,206,0,0,2506,648,8,5,3,8
102,10,moe,685,44,7080,9674,5022,5426,365,0,0,3733,572,8,2,6,8
102,11,moe,600,40,3715,4789,2755,2656,174,0,0,1870,567,8,5,3,8
102,12,moe,660,41,7081,8574,4426,5571,215,0,0,3131,636,8,5,3,8
102,13,moe,707,53,1220,449,800,947,57,0,0,584,557,8,7,1,8
102,14,moe,661,39,5209,10282,3928,3566,236,0,0,2521,575,8,4,4,8
102,15,moe,601,40,5566,5518,3518,4358,269,0,0,2579,635,8,4,4,8
102,16,moe,674,42,4099,7834,3018,2718,184,0,0,1821,569,8,5,3,8
102,17,moe,696,42,3916,7364,2959,2655,184,0,0,1882,567,8,5,3,8
102,18,moe,662,39,6778,17222,5231,3167,210,0,0,1830,630,8,5,3,8
102,19,moe,590,37,4920,10522,3577,3465,232,0,0,2354,559,8,4,4,8
102,20,moe,667,37,4620,6055,3374,3587,294,0,0,2635,561,8,4,4,8
102,21,moe,697,39,5626,7854,3559,4250,282,0,0,2465,639,8,4,4,8
102,22,moe,8095,41,11158,9790,7728,9619,361,0,0,6550,562,8,2,6,8
102,23,moe,923,42,3217,4926,2167,2066,135,0,0,1151,632,8,6,2,8
102,24,moe,698,38,6433,10897,4176,4944,343,0,0,3030,634,8,3,5,8
102,25,moe,689,38,6102,5322,3847,4953,329,0,0,3027,638,8,3,5,8
102,26,moe,597,37,6282,6157,4025,5055,330,0,0,3128,639,8,3,5,8
102,-1,epi,0,0,0,0,0,0,0,0,3829,0,0,0,0,0,0
103,-2,pre,64,0,0,0,0,0,0,0,0,0,0,0,0,0,0
103,0,dense,1184,38,0,0,0,0,0,0,0,0,0,0,0,0,0
103,1,moe,697,226,8719,21524,6872,4912,264,0,0,3329,640,8,4,4,8
103,2,moe,654,40,4190,8387,3243,2066,133,0,0,1252,638,8,6,2,8
103,3,moe,596,38,7902,9066,4535,6561,277,0,0,3471,637,8,4,4,8
103,4,moe,661,39,3959,7333,2862,2729,176,0,0,1808,564,8,5,3,8
103,5,moe,696,40,4354,4754,3230,3212,122,0,0,2210,562,8,6,2,8
103,6,moe,657,40,2181,2600,1543,1127,66,0,0,555,632,8,7,1,8
103,7,moe,589,39,2295,1030,1530,1828,114,1,0,1178,563,8,6,2,8
103,8,moe,655,41,2511,2506,1943,1603,60,0,0,1095,568,8,7,1,8
103,9,moe,686,41,3335,4950,2224,2165,142,0,0,1196,640,8,6,2,8
103,10,moe,654,40,6234,4906,4415,4886,175,0,0,3242,571,8,5,3,8
103,11,moe,615,41,2959,4846,2318,1770,117,0,0,1246,563,8,6,2,8
103,12,moe,657,39,2191,2552,1565,1124,67,0,0,565,631,8,7,1,8
103,13,moe,683,39,3289,5573,2533,1889,114,1,0,1248,561,8,6,2,8
103,14,moe,657,38,2735,3159,2091,1770,112,0,0,1238,563,8,6,2,8
103,15,moe,599,38,5408,5686,3574,3845,138,0,0,2149,637,8,6,2,8
103,16,moe,665,40,4211,2426,2967,3265,118,1,0,2140,567,8,6,2,8
103,17,moe,693,41,10,0,0,0,0,0,10,0,552,8,8,0,8
103,18,moe,662,42,9,0,0,0,0,0,9,0,620,8,8,0,8
103,19,moe,596,41,1773,457,1228,1535,57,0,0,1047,554,8,7,1,8
103,20,moe,651,39,3104,5633,2487,1757,113,0,0,1253,563,8,6,2,8
103,21,moe,692,40,6704,5289,4027,5601,203,0,0,3127,641,8,5,3,8
103,22,moe,705,40,4278,2587,3031,3261,118,0,0,2132,563,8,6,2,8
103,23,moe,605,37,4254,5251,2692,3185,201,0,0,1824,637,8,5,3,8
103,24,moe,700,41,10636,9547,7271,7491,280,0,0,4406,659,8,4,4,8
103,25,moe,749,42,2793,2588,1974,1803,72,0,0,1056,804,8,7,1,8
103,26,moe,614,40,4412,3015,2780,3606,144,0,0,2118,711,8,6,2,8
103,-1,epi,0,0,0,0,0,0,0,0,3997,0,0,0,0,0,0
104,-2,pre,202,0,0,0,0,0,0,0,0,0,0,0,0,0,0
104,0,dense,1244,44,0,0,0,0,0,0,0,0,0,0,0,0,0
104,1,moe,709,43,8802,8370,5425,7533,282,0,0,4438,640,8,4,4,8
104,2,moe,667,408,4853,3140,3164,3747,132,0,0,2190,640,8,6,2,8
104,3,moe,604,39,8880,8526,5511,7515,276,0,0,4422,641,8,4,4,8
104,4,moe,659,42,2685,2343,1972,1674,61,0,0,1022,562,8,7,1,8
104,5,moe,704,40,4927,9717,3651,3551,238,0,0,2513,581,8,4,4,8
104,6,moe,662,43,2981,2460,1975,1971,68,0,0,1033,636,8,7,1,8
104,7,moe,586,42,6225,7630,4418,4872,183,0,0,3248,562,8,5,3,8
104,8,moe,659,41,6050,7277,4369,4808,181,0,0,3308,569,8,5,3,8
104,9,moe,702,40,6353,8691,3665,4939,207,0,0,2458,636,8,5,3,8
104,10,moe,656,41,6079,5096,4267,4886,174,0,0,3248,567,8,5,3,8
104,11,moe,602,37,7409,7973,5179,5949,243,1,0,3963,564,8,4,4,8
104,12,moe,662,40,4730,7955,3217,3065,197,0,0,1749,636,8,5,3,8
104,13,moe,686,52,6186,11902,4521,4338,291,1,0,2965,563,8,3,5,8
104,14,moe,663,43,7231,10107,5088,5613,228,0,0,3698,564,8,4,4,8
104,15,moe,592,38,4838,5075,3074,3676,131,0,0,2043,629,8,6,2,8
104,16,moe,662,41,10494,7546,7141,9128,348,0,0,6123,568,8,2,6,8
104,17,moe,687,41,5894,7289,4277,4629,175,0,0,3187,560,8,5,3,8
104,18,moe,655,40,4945,5450,3186,3706,134,0,0,2081,629,8,6,2,8
104,19,moe,593,39,2985,4797,2239,1768,112,0,0,1134,560,8,6,2,8
104,20,moe,653,39,4396,5200,3316,3081,113,0,0,2114,557,8,6,2,8
104,21,moe,684,40,4884,5076,3105,3700,134,0,0,2055,633,8,6,2,8
104,22,moe,686,38,7634,7133,5355,6217,229,0,0,4167,562,8,4,4,8
104,23,moe,590,37,5623,8206,3670,4319,264,0,0,2630,637,8,4,4,8
104,24,moe,702,37,9873,23750,7609,5230,338,0,0,3304,639,8,3,5,8
104,25,moe,690,44,6623,5642,4193,5407,199,0,0,3176,635,8,5,3,8
104,26,moe,595,37,8232,5241,4989,7226,263,0,0,4246,649,8,4,4,8
104,-1,epi,0,0,0,0,0,0,0,0,3829,0,0,0,0,0,0
105,-2,pre,198,0,0,0,0,0,0,0,0,0,0,0,0,0,0
105,0,dense,1191,47,0,0,0,0,0,0,0,0,0,0,0,0,0
105,1,moe,695,46,10999,11495,6783,9287,353,0,0,5424,637,8,3,5,8
105,2,moe,661,44,6603,8186,4172,5196,204,0,0,2969,635,8,5,3,8
105,3,moe,590,40,5061,5915,3449,3590,134,0,0,2112,631,8,6,2,8
105,4,moe,654,43,3655,3156,2587,2616,164,0,0,1712,559,8,5,3,8
105,5,moe,695,44,3888,2403,2807,3079,114,0,0,2112,561,8,6,2,8
105,6,moe,664,42,8216,8465,4831,6732,278,0,0,3625,639,8,4,4,8
105,7,moe,588,42,3547,4974,2501,2616,169,0,0,1739,561,8,5,3,8
105,8,moe,656,41,5913,5218,4294,4621,168,0,0,3170,565,8,5,3,8
105,9,moe,691,41,6445,6077,3881,5260,198,0,0,2894,636,8,5,3,8
105,10,moe,655,41,5060,9641,3706,3491,247,0,0,2384,562,8,4,4,8
105,11,moe,588,38,8744,7205,6069,7525,291,0,0,5141,573,8,3,5,8
105,12,moe,660,43,3306,4850,2228,2093,134,0,0,1149,634,8,6,2,8
105,13,moe,695,44,2995,5038,2257,1804,110,0,0,1176,564,8,6,2,8
105,14,moe,662,40,7597,10044,5448,6146,233,0,0,4230,562,8,4,4,8
105,15,moe,590,42,2072,2402,1467,1080,63,0,0,538,626,8,7,1,8
105,16,moe,660,40,5929,4786,4190,4678,171,0,0,3110,564,8,5,3,8
105,17,moe,691,35,3881,7956,2961,2560,175,0,0,1815,562,8,5,3,8
105,18,moe,657,34,6591,5232,4038,5477,195,0,0,3119,630,8,5,3,8
105,19,moe,592,36,4416,4910,3224,3128,112,0,0,2048,561,8,6,2,8
105,20,moe,651,37,2796,4584,2176,1713,116,0,0,1209,564,8,6,2,8
105,21,moe,697,37,3058,2960,2004,2060,128,0,0,1134,632,8,6,2,8
105,22,moe,686,36,1867,2312,1437,905,54,0,0,529,554,8,7,1,8
105,23,moe,596,35,2787,2484,1843,1889,63,0,0,1008,630,8,7,1,8
105,24,moe,688,35,8009,3230,4798,7218,256,0,0,4263,633,8,4,4,8
105,25,moe,686,34,2937,2695,2026,1976,128,0,0,1193,628,8,6,2,8
105,26,moe,591,32,3563,2070,2205,2976,189,0,0,1807,639,8,5,3,8
105,-1,epi,0,0,0,0,0,0,0,0,3820,0,0,0,0,0,0
106,-2,pre,1790,0,0,0,0,0,0,0,0,0,0,0,0,0,0
106,0,dense,1206,58,0,0,0,0,0,0,0,0,0,0,0,0,0
106,1,moe,695,43,8043,10301,5514,5638,207,0,0,3316,635,8,5,3,8
106,2,moe,663,41,5983,11382,4093,4500,275,0,0,2885,636,8,4,4,8
106,3,moe,600,44,10531,8027,6517,9154,335,1,0,5476,634,8,3,5,8
106,4,moe,662,40,2642,2528,1939,1616,58,0,0,971,575,8,7,1,8
106,5,moe,685,39,5840,7657,4225,4624,178,0,0,3187,570,8,5,3,8
106,6,moe,653,38,11,0,0,0,0,0,11,0,621,8,8,0,8
106,7,moe,580,39,7249,4734,5094,6118,227,0,0,4190,565,8,4,4,8
106,8,moe,662,41,3832,5406,2907,2795,178,0,0,2048,572,8,5,3,8
106,9,moe,690,40,6984,9468,4396,5487,207,0,0,3106,642,8,5,3,8
106,10,moe,682,41,7036,4514,4759,6018,223,0,0,3964,562,8,4,4,8
106,11,moe,586,38,7390,7351,5242,6166,231,0,0,4249,564,8,4,4,8
106,12,moe,667,41,2162,2819,1575,1087,63,0,0,563,628,8,7,1,8
106,13,moe,684,41,6129,5593,4391,4679,168,0,0,3109,561,8,5,3,8
106,14,moe,659,39,3289,2530,2366,2551,173,0,0,1801,645,8,5,3,8
106,15,moe,770,36,12090,10689,7666,10307,412,0,0,6295,656,8,2,6,8
106,16,moe,679,47,3744,1204,2468,3216,112,0,0,2052,554,8,6,2,8
106,17,moe,695,43,5872,7226,4259,4635,174,0,0,3196,555,8,5,3,8
106,18,moe,650,39,3184,3065,2133,2090,132,0,0,1171,620,8,6,2,8
106,19,moe,607,38,4733,5085,3344,3651,244,0,0,2506,664,8,4,4,8
106,20,moe,668,48,3940,2319,2842,3076,132,0,0,2110,579,8,6,2,8
106,21,moe,701,41,3945,2592,2408,3148,201,0,0,1812,630,8,5,3,8
106,22,moe,687,45,2754,3020,1978,1845,118,0,0,1187,565,8,6,2,8
106,23,moe,598,42,4108,2767,2547,3179,202,0,0,1820,625,8,5,3,8
106,24,moe,744,45,8147,10633,5293,6471,431,0,0,4048,633,8,2,6,8
106,25,moe,685,44,8542,5236,5205,7385,269,1,0,4318,632,8,4,4,8
106,26,moe,606,41,4066,3126,2637,3103,205,0,0,1879,639,8,5,3,8
106,-1,epi,0,0,0,0,0,0,0,0,3833,0,0,0,0,0,0
107,-2,pre,274,0,0,0,0,0,0,0,0,0,0,0,0,0,0
107,0,dense,1181,43,0,0,0,0,0,0,0,0,0,0,0,0,0
107,1,moe,695,40,7658,6136,4821,6318,412,0,0,3893,632,8,2,6,8
107,2,moe,655,39,11712,17920,8356,7490,281,0,0,4415,638,8,4,4,8
107,3,moe,605,40,3024,2600,2065,2061,141,0,0,1243,621,8,6,2,8
107,4,moe,674,40,6039,4666,4203,4884,175,0,0,3223,553,8,5,3,8
107,5,moe,684,39,1691,2214,1361,890,60,0,0,620,552,8,7,1,8
107,6,moe,669,41,2065,2436,1426,1129,66,0,0,556,629,8,7,1,8
107,7,moe,612,41,11,0,0,0,0,0,11,0,550,8,8,0,8
107,8,moe,659,39,1252,460,797,947,57,0,0,549,562,8,7,1,8
107,9,moe,691,40,4251,2814,2677,3182,202,0,0,1810,631,8,5,3,8
107,10,moe,655,39,2724,2384,1963,1828,115,0,0,1182,549,8,6,2,8
107,11,moe,590,36,4869,7097,3589,3559,243,0,0,2522,556,8,4,4,8
107,12,moe,659,39,5383,5831,3561,3833,133,0,0,2144,628,8,6,2,8
107,13,moe,688,38,2627,2452,1947,1659,57,0,0,1036,551,8,7,1,8
107,14,moe,666,40,7766,7213,5527,6424,235,0,0,4420,560,8,4,4,8
107,15,moe,597,39,4896,3437,3073,3834,130,0,0,2141,623,8,6,2,8
107,16,moe,665,38,3671,2873,2585,2721,178,0,0,1813,562,8,5,3,8
107,17,moe,703,42,3446,2244,2489,2649,169,0,0,1861,554,8,5,3,8
107,18,moe,660,40,7121,10797,4600,5300,354,0,0,3133,628,8,3,5,8
107,19,moe,593,39,6001,4735,4237,4837,172,0,0,3245,556,8,5,3,8
107,20,moe,650,37,4232,4602,3152,3080,113,0,0,2113,550,8,6,2,8
107,21,moe,688,36,4753,2778,3000,3678,125,0,0,2050,636,8,6,2,8
107,22,moe,682,40,1839,2390,1383,957,60,0,0,561,555,8,7,1,8
107,23,moe,10025,39,1379,481,786,1095,66,0,0,568,627,8,7,1,8
107,24,moe,688,37,4638,6221,3265,3011,197,0,0,1835,628,8,5,3,8
107,25,moe,683,39,2381,1119,1467,1979,135,0,0,1200,622,8,6,2,8
107,26,moe,592,42,11,0,0,0,0,0,11,0,618,8,8,0,8
107,-1,epi,0,0,0,0,0,0,0,0,3822,0,0,0,0,0,0
108,-2,pre,229,0,0,0,0,0,0,0,0,0,0,0,0,0,0
108,0,dense,1178,42,0,0,0,0,0,0,0,0,0,0,0,0,0
108,1,moe,692,40,6799,5292,4273,5634,204,0,0,3312,628,8,5,3,8
108,2,moe,662,44,6958,8134,4438,5631,209,0,0,3320,625,8,5,3,8
108,3,moe,601,38,12376,12935,8104,10508,422,0,0,6658,625,8,2,6,8
108,4,moe,660,42,2659,2376,1962,1657,58,0,0,1018,562,8,7,1,8
108,5,moe,688,45,5387,2437,3777,4613,164,0,0,3167,551,8,5,3,8
108,6,moe,648,37,10,0,0,0,0,0,10,0,610,8,8,0,8
108,7,moe,593,35,2484,2302,1867,1693,110,0,0,1186,552,8,6,2,8
108,8,moe,653,37,6237,11137,5116,3202,113,0,0,2194,554,8,6,2,8
108,9,moe,692,40,4822,2593,2993,3824,132,0,0,2127,634,8,6,2,8
108,10,moe,657,38,7439,7136,5168,6076,238,0,0,4043,552,8,4,4,8
108,11,moe,593,36,6825,7440,4672,5501,243,0,0,3591,552,8,4,4,8
108,12,moe,653,42,3509,5853,2470,2071,140,0,0,1172,626,8,6,2,8
108,13,moe,685,39,4176,8067,3122,2790,182,0,0,1918,554,8,5,3,8
108,14,moe,653,41,6244,5694,4630,4660,171,0,0,3217,553,8,5,3,8
108,15,moe,591,37,5391,5120,3421,4162,267,0,0,2459,625,8,4,4,8
108,16,moe,653,39,2704,2569,1959,1764,109,0,0,1128,549,8,6,2,8
108,17,moe,686,39,5851,7139,4326,4559,293,0,0,3327,557,8,3,5,8
108,18,moe,654,42,6797,5428,4222,5491,198,0,0,3114,622,8,5,3,8
108,19,moe,592,37,4524,5717,3168,3466,227,0,0,2337,558,8,4,4,8
108,20,moe,648,37,5594,3041,3981,4615,161,0,0,3163,552,8,5,3,8
108,21,moe,686,38,11850,12466,7684,9080,327,0,0,5241,631,8,3,5,8
108,22,moe,681,39,5930,7325,4196,4676,170,0,0,3112,551,8,5,3,8
108,23,moe,592,36,6864,15604,5821,2064,124,0,0,1145,619,8,6,2,8
108,24,moe,683,38,7126,11668,4860,5648,346,0,0,3728,634,8,3,5,8
108,25,moe,682,40,6758,5605,4247,5489,193,0,0,3171,640,8,5,3,8
108,26,moe,622,40,2445,1421,1524,1984,132,0,0,1195,651,8,6,2,8
108,-1,epi,0,0,0,0,0,0,0,0,3849,0,0,0,0,0,0
109,-2,pre,1276,0,0,0,0,0,0,0,0,0,0,0,0,0,0
109,0,dense,1178,42,0,0,0,0,0,0,0,0,0,0,0,0,0
109,1,moe,693,40,13810,19626,9436,11429,484,0,0,7539,626,8,1,7,8
109,2,moe,655,39,7456,15067,5101,5164,351,0,0,3160,626,8,3,5,8
109,3,moe,592,37,11213,14816,6398,9439,418,0,0,5042,631,8,2,6,8
109,4,moe,651,39,4910,7109,3540,3510,234,0,0,2374,557,8,4,4,8
109,5,moe,683,38,4768,9516,3546,3410,245,0,0,2433,559,8,4,4,8
109,6,moe,651,38,5196,5445,3353,3840,144,0,0,2141,626,8,6,2,8
109,7,moe,592,36,6720,15923,5298,3617,245,1,0,2441,552,8,4,4,8
109,8,moe,657,44,5400,3373,3787,4603,164,0,0,3154,553,8,5,3,8
109,9,moe,685,41,10353,10602,6187,8681,344,1,0,4860,631,8,3,5,8
109,10,moe,659,39,3952,6955,2906,2621,178,0,0,1753,551,8,5,3,8
109,11,moe,589,38,8299,15223,6166,6012,404,1,0,4284,554,8,1,7,8
109,12,moe,655,40,11640,4817,7252,10245,387,0,0,6244,631,8,2,6,8
109,13,moe,691,40,7701,7139,5418,6253,239,0,0,4209,664,8,4,4,8
109,14,moe,681,46,6602,5185,4754,5321,338,0,0,3811,646,8,2,6,8
109,15,moe,620,43,7942,10495,4936,6242,406,0,0,3642,631,8,2,6,8
109,16,moe,658,42,9265,9580,6575,7513,476,0,0,5299,564,8,0,8,8
109,17,moe,692,42,10585,9550,7239,8935,371,0,0,5960,557,8,2,6,8
109,18,moe,674,43,7951,9495,4557,6535,270,0,0,3411,627,8,4,4,8
109,19,moe,601,35,11631,6573,8274,10201,415,0,0,7259,557,8,1,7,8
109,20,moe,646,40,10889,9372,7676,9247,343,0,0,6377,561,8,2,6,8
109,21,moe,693,39,8546,16306,5661,6363,417,0,0,3895,631,8,2,6,8
109,22,moe,683,41,6631,9488,4661,5196,353,0,0,3579,557,8,2,6,8
109,23,moe,594,37,8528,6837,5161,7091,269,0,0,3993,629,8,4,4,8
109,24,moe,686,39,6034,4018,3772,4976,325,0,0,3039,629,8,3,5,8
109,25,moe,685,41,13610,4506,7979,12618,450,0,0,7437,638,8,1,7,8
109,26,moe,595,41,7323,5424,4619,6037,384,0,0,3717,631,8,2,6,8
109,-1,epi,0,0,0,0,0,0,0,0,3817,0,0,0,0,0,0
110,-2,pre,229,0,0,0,0,0,0,0,0,0,0,0,0,0,0
110,0,dense,1178,44,0,0,0,0,0,0,0,0,0,0,0,0,0
110,1,moe,697,42,3846,3686,2477,2975,198,0,0,1804,628,8,5,3,8
110,2,moe,659,39,4875,3143,3064,4046,255,0,0,2490,625,8,4,4,8
110,3,moe,600,38,5991,9384,4184,4003,268,0,0,2464,628,8,4,4,8
110,4,moe,652,40,5538,3311,3833,4362,276,0,0,2933,556,8,3,5,8
110,5,moe,687,42,2595,2272,1949,1771,118,0,0,1243,558,8,6,2,8
110,6,moe,661,41,5078,5334,3237,3834,141,0,0,2134,634,8,6,2,8
110,7,moe,588,39,4063,7850,2972,2737,186,0,0,1832,557,8,5,3,8
110,8,moe,659,42,7629,7584,5399,6402,235,0,0,4407,556,8,4,4,8
110,9,moe,688,38,8726,7961,5363,7337,269,0,0,4243,625,8,4,4,8
110,10,moe,656,43,3989,5395,2939,2616,164,0,0,1730,550,8,5,3,8
110,11,moe,579,36,8796,4935,6121,7682,277,0,0,5284,555,8,3,5,8
110,12,moe,656,41,2186,478,1223,1891,63,0,0,991,622,8,7,1,8
110,13,moe,692,39,2706,2388,1966,1767,112,0,0,1139,553,8,6,2,8
110,14,moe,667,38,2398,2271,1849,1540,56,0,0,1047,551,8,7,1,8
110,15,moe,588,36,5143,4184,3162,4064,264,0,0,2347,626,8,4,4,8
110,16,moe,657,44,4056,2420,2861,3129,109,0,0,2043,547,8,6,2,8
110,17,moe,686,41,1088,447,774,848,55,0,0,589,559,8,7,1,8
110,18,moe,662,42,3926,2811,2335,3135,199,0,0,1743,628,8,5,3,8
110,19,moe,607,40,9341,13256,6975,6918,417,0,0,4969,560,8,1,7,8
110,20,moe,668,39,5852,9866,4320,4263,301,0,0,3032,558,8,3,5,8
110,21,moe,685,39,6342,8225,3922,5050,342,0,0,2972,627,8,3,5,8
110,22,moe,692,43,4860,5120,3462,3598,234,1,0,2435,557,8,4,4,8
110,23,moe,602,37,6827,5126,4162,5717,203,0,0,3255,623,8,5,3,8
110,24,moe,685,39,8502,8430,5273,7113,263,0,0,4147,622,8,4,4,8
110,25,moe,684,54,5374,8380,3564,4044,269,0,0,2503,631,8,4,4,8
110,26,moe,591,37,6832,11588,4572,5192,332,0,0,3264,627,8,3,5,8
110,-1,epi,0,0,0,0,0,0,0,0,3822,0,0,0,0,0,0
111,-2,pre,43,0,0,0,0,0,0,0,0,0,0,0,0,0,0
111,0,dense,1188,42,0,0,0,0,0,0,0,0,0,0,0,0,0
111,1,moe,678,39,3745,1932,2321,3094,204,0,0,1874,631,8,5,3,8
111,2,moe,658,44,8926,11352,5566,7522,282,0,0,4444,636,8,4,4,8
111,3,moe,609,44,6120,1836,3601,5621,197,0,0,3299,631,8,5,3,8
111,4,moe,669,44,2002,2769,1563,951,57,0,0,569,554,8,7,1,8
111,5,moe,691,41,2951,4899,2305,1778,123,0,0,1255,555,8,6,2,8
111,6,moe,669,43,1984,2327,1334,1132,70,0,0,552,626,8,7,1,8
111,7,moe,599,40,2676,2415,1896,1836,118,0,0,1174,556,8,6,2,8
111,8,moe,657,38,1836,428,1267,1601,60,0,0,1092,553,8,7,1,8
111,9,moe,697,41,3051,2803,2055,1965,66,0,0,1035,620,8,7,1,8
111,10,moe,652,37,1961,446,1270,1663,58,0,0,1030,550,8,7,1,8
111,11,moe,587,47,2964,4950,2322,1770,118,0,0,1246,555,8,6,2,8
111,12,moe,668,36,2973,2569,1963,1979,70,0,0,1039,624,8,7,1,8
111,13,moe,685,36,3113,4768,2323,1869,121,1,0,1201,568,8,6,2,8
111,14,moe,681,35,1150,465,815,891,59,0,0,615,580,8,7,1,8
111,15,moe,631,41,10,0,0,0,0,0,10,0,639,8,8,0,8
111,16,moe,677,36,4272,4601,3095,3265,117,0,0,2205,569,8,6,2,8
111,17,moe,709,37,6034,4926,4356,4826,173,0,0,3321,551,8,5,3,8
111,18,moe,653,34,5233,6365,3386,3841,137,0,0,2131,627,8,6,2,8
111,19,moe,599,32,3092,4982,2324,1838,117,0,0,1187,552,8,6,2,8
111,20,moe,666,33,8014,6500,5760,6427,241,0,0,4414,566,8,4,4,8
111,21,moe,686,37,5721,8626,3671,4258,276,0,0,2484,624,8,4,4,8
111,22,moe,684,35,3901,4732,2806,2723,180,0,0,1808,555,8,5,3,8
111,23,moe,589,34,5145,5176,3319,3844,138,0,0,2156,622,8,6,2,8
111,24,moe,692,34,6888,10804,4523,5164,356,0,0,3155,630,8,3,5,8
111,25,moe,685,34,4269,5199,2847,3095,210,0,0,1883,627,8,5,3,8
111,26,moe,603,32,7542,4478,4707,6280,404,0,0,3849,631,8,2,6,8
111,-1,epi,0,0,0,0,0,0,0,0,3827,0,0,0,0,0,0
112,-2,pre,1311,0,0,0,0,0,0,0,0,0,0,0,0,0,0
112,0,dense,1204,42,0,0,0,0,0,0,0,0,0,0,0,0,0
112,1,moe,698,45,5952,11126,4061,4124,284,0,0,2517,633,8,4,4,8
112,2,moe,655,40,6837,11483,4475,5188,346,0,0,3172,630,8,3,5,8
112,3,moe,606,41,5148,5715,3242,4144,288,0,0,2526,630,8,4,4,8
112,4,moe,669,41,6082,4925,4252,4862,173,0,0,3205,556,8,5,3,8
112,5,moe,685,40,7394,4932,5164,6397,233,1,0,4401,554,8,4,4,8
112,6,moe,655,39,5774,11186,3718,4237,293,0,0,2474,635,8,4,4,8
112,7,moe,597,39,4040,4785,2933,2808,187,0,0,1888,659,8,5,3,8
112,8,moe,671,45,1779,2410,1448,886,65,0,0,620,663,8,7,1,8
112,9,moe,705,43,6136,11205,4046,4467,319,0,0,2696,635,8,4,4,8
112,10,moe,652,40,8639,14423,6809,4882,179,0,0,3231,571,8,5,3,8
112,11,moe,604,40,3912,7436,2948,2660,191,0,0,1887,570,8,5,3,8
112,12,moe,673,47,3219,3060,2125,2172,136,1,0,1215,636,8,6,2,8
112,13,moe,687,42,6232,4977,4419,4876,179,0,0,3242,566,8,5,3,8
112,14,moe,663,41,4433,2898,3156,3546,231,0,0,2500,565,8,4,4,8
112,15,moe,603,43,5822,8151,3788,4460,285,0,0,2711,641,8,4,4,8
112,16,moe,660,41,9831,10144,6912,8002,289,0,0,5372,568,8,3,5,8
112,17,moe,706,45,10212,10078,6867,8697,369,0,0,5721,590,8,2,6,8
112,18,moe,661,42,5685,11110,3637,4221,290,0,0,2463,640,8,4,4,8
112,19,moe,595,40,5124,7675,3713,3599,240,0,0,2428,566,8,4,4,8
112,20,moe,659,40,6099,5382,4422,4804,179,0,0,3306,566,8,5,3,8
112,21,moe,694,39,4350,5368,2801,3161,202,0,0,1814,636,8,5,3,8
112,22,moe,684,37,7588,7337,5186,6328,225,0,0,4151,588,8,4,4,8
112,23,moe,651,45,4579,8019,3032,3093,213,0,0,1759,648,8,5,3,8
112,24,moe,7554,39,4198,5641,2806,3025,208,0,0,1841,653,8,5,3,8
112,25,moe,727,40,4912,5250,3289,3600,130,0,0,2107,654,8,6,2,8
112,26,moe,634,38,8411,5580,5191,7272,258,0,0,4310,637,8,4,4,8
112,-1,epi,0,0,0,0,0,0,0,0,3830,0,0,0,0,0,0
113,-2,pre,211,0,0,0,0,0,0,0,0,0,0,0,0,0,0
113,0,dense,1185,43,0,0,0,0,0,0,0,0,0,0,0,0,0
113,1,moe,689,40,4921,2912,3017,4044,266,0,0,2406,644,8,4,4,8
113,2,moe,662,42,2914,2816,1959,2064,139,0,0,1248,640,8,6,2,8
113,3,moe,607,42,2985,2871,2038,2062,132,0,0,1247,634,8,6,2,8
113,4,moe,659,39,2566,2238,1875,1682,58,0,0,1049,588,8,7,1,8
113,5,moe,695,39,2956,4927,2309,1783,121,0,0,1257,567,8,6,2,8
113,6,moe,654,40,8399,11624,4837,6542,288,1,0,3269,645,8,4,4,8
113,7,moe,595,39,1862,2263,1398,958,59,0,0,553,563,8,7,1,8
113,8,moe,669,40,1727,2251,1400,884,59,1,0,617,560,8,7,1,8
113,9,moe,698,42,5735,9305,4151,3186,199,0,0,1801,667,8,5,3,8
113,10,moe,677,44,3853,3054,2769,2703,170,0,0,1789,560,8,5,3,8
113,11,moe,610,41,2146,976,1499,1780,120,0,0,1253,562,8,6,2,8
113,12,moe,660,43,2073,2616,1423,1141,72,0,0,563,644,8,7,1,8
113,13,moe,698,42,4025,8490,3580,955,58,0,0,568,556,8,7,1,8
113,14,moe,659,48,4126,6312,3166,2662,179,0,0,1881,562,8,5,3,8
113,15,moe,591,42,3017,3526,1910,2157,139,0,0,1189,638,8,6,2,8
113,16,moe,658,36,6066,4828,4262,4938,179,0,0,3313,563,8,5,3,8
113,17,moe,694,39,5299,9403,4021,3549,242,0,0,2513,567,8,4,4,8
113,18,moe,660,42,7728,18282,5658,5197,279,0,0,3406,638,8,4,4,8
113,19,moe,597,40,4885,7955,3478,3609,238,0,0,2440,578,8,4,4,8
113,20,moe,665,43,4966,7425,3692,3621,238,0,0,2585,567,8,4,4,8
113,21,moe,697,42,5006,3179,3162,3843,136,0,0,2135,643,8,6,2,8
113,22,moe,684,44,3099,4919,2330,1836,118,0,0,1185,571,8,6,2,8
113,23,moe,593,41,4530,5306,2942,3193,212,0,0,1817,642,8,5,3,8
113,24,moe,736,42,5029,3036,3113,4212,272,1,0,2569,640,8,4,4,8
113,25,moe,689,42,5562,11369,3665,4149,294,0,0,2546,642,8,4,4,8
113,26,moe,609,41,6825,5601,4299,5630,203,0,0,3307,641,8,5,3,8
113,-1,epi,0,0,0,0,0,0,0,0,3822,0,0,0,0,0,0
114,-2,pre,209,0,0,0,0,0,0,0,0,0,0,0,0,0,0
114,0,dense,1192,43,0,0,0,0,0,0,0,0,0,0,0,0,0
114,1,moe,701,46,5206,5450,3324,4138,275,0,0,2531,639,8,4,4,8
114,2,moe,664,42,5067,5164,3380,3751,141,1,0,2206,632,8,6,2,8
114,3,moe,600,39,2076,2873,1594,1037,66,0,0,621,631,8,7,1,8
114,4,moe,659,41,3067,4686,2275,1842,118,0,0,1168,560,8,6,2,8
114,5,moe,682,39,2948,4618,2304,1772,120,0,0,1248,561,8,6,2,8
114,6,moe,656,37,2076,2493,1410,1158,65,0,0,557,647,8,7,1,8
114,7,moe,604,37,1804,2287,1361,945,59,0,0,561,563,8,7,1,8
114,8,moe,656,40,2622,2371,1977,1770,115,0,0,1240,601,8,6,2,8
114,9,moe,708,42,4235,5531,2649,3200,205,0,0,1819,632,8,5,3,8
114,10,moe,652,39,1241,447,791,948,58,0,0,556,561,8,7,1,8
114,11,moe,597,39,4850,7395,3577,3545,243,0,0,2515,568,8,4,4,8
114,12,moe,667,42,5524,7842,3470,4228,282,0,0,2456,637,8,4,4,8
114,13,moe,688,38,1933,2389,1483,951,59,0,0,560,560,8,7,1,8
114,14,moe,663,38,4575,4638,3292,3543,239,1,0,2500,566,8,4,4,8
114,15,moe,603,37,12930,6948,8505,11455,514,0,0,7544,655,8,1,7,8
114,16,moe,668,40,10943,7533,7443,9328,361,0,0,6189,571,8,2,6,8
114,17,moe,701,38,5015,7139,3739,3558,233,0,0,2515,568,8,4,4,8
114,18,moe,663,39,8488,8746,5488,6592,393,0,0,3985,628,8,2,6,8
114,19,moe,601,38,2859,2564,2087,1839,112,0,0,1179,558,8,6,2,8
114,20,moe,652,39,4349,5055,3068,3551,237,0,0,2507,555,8,4,4,8
114,21,moe,692,40,5112,2764,3043,4357,277,0,0,2565,636,8,4,4,8
114,22,moe,691,41,3105,4684,2334,1839,115,0,0,1183,557,8,6,2,8
114,23,moe,623,40,1411,496,785,1130,66,0,0,570,627,8,7,1,8
114,24,moe,693,218,7152,15668,5259,4131,262,0,0,2500,624,8,4,4,8
114,25,moe,690,42,5787,7888,3883,4149,284,0,0,2529,622,8,4,4,8
114,26,moe,597,37,6920,8555,4397,5631,210,0,0,3318,635,8,5,3,8
114,-1,epi,0,0,0,0,0,0,0,0,3825,0,0,0,0,0,0
115,-2,pre,69,0,0,0,0,0,0,0,0,0,0,0,0,0,0
115,0,dense,1188,41,0,0,0,0,0,0,0,0,0,0,0,0,0
115,1,moe,689,38,8800,8090,5463,7487,276,0,0,4426,632,8,4,4,8
115,2,moe,666,43,5365,8013,3481,4128,278,0,0,2522,674,8,4,4,8
115,3,moe,613,39,12727,8113,8236,11253,484,0,0,7246,623,8,1,7,8
115,4,moe,658,41,3168,4886,2365,1850,120,1,0,1168,554,8,6,2,8
115,5,moe,689,40,5124,6686,3848,3547,234,0,0,2505,560,8,4,4,8
115,6,moe,665,41,4759,6456,3147,3404,231,0,0,2023,802,8,5,3,8
115,7,moe,640,45,4573,4752,3275,3276,127,0,0,2105,658,8,6,2,8
115,8,moe,661,51,1768,2456,1430,894,66,0,0,622,581,8,7,1,8
115,9,moe,694,41,4379,5909,2790,3207,209,0,0,1827,632,8,5,3,8
115,10,moe,659,41,5023,5218,3608,3610,231,0,0,2426,577,8,4,4,8
115,11,moe,591,40,4988,5174,3710,3584,231,0,0,2537,558,8,4,4,8
115,12,moe,658,42,6647,7926,4116,5269,348,0,0,3086,637,8,3,5,8
115,13,moe,689,41,2713,2749,1966,1831,119,0,0,1203,553,8,6,2,8
115,14,moe,660,41,4879,7172,3607,3560,238,0,0,2526,564,8,4,4,8
115,15,moe,600,39,10622,13667,6706,8425,545,0,0,5054,631,8,0,8,8
115,16,moe,657,42,7532,10606,5471,5432,366,0,0,3737,563,8,2,6,8
115,17,moe,690,44,8039,8077,5821,6341,426,0,0,4549,558,8,1,7,8
115,18,moe,665,43,8154,13833,5141,6307,439,0,0,3733,627,8,2,6,8
115,19,moe,605,43,6542,9778,4812,4902,295,0,0,3467,556,8,3,5,8
115,20,moe,655,41,5372,9984,4100,3551,243,0,0,2522,569,8,4,4,8
115,21,moe,703,51,6909,11040,4377,5265,348,0,0,3081,660,8,3,5,8
115,22,moe,693,41,4536,2671,3122,3621,235,0,0,2442,553,8,4,4,8
115,23,moe,602,40,6874,10700,4365,5300,348,0,0,3139,635,8,3,5,8
115,24,moe,692,41,8176,11695,5358,6540,409,0,0,4131,629,8,2,6,8
115,25,moe,686,41,7607,5827,4767,6365,409,0,0,3934,630,8,2,6,8
115,26,moe,606,39,8722,6192,5434,7462,474,0,0,4648,634,8,1,7,8
115,-1,epi,0,0,0,0,0,0,0,0,3825,0,0,0,0,0,0
116,-2,pre,298,0,0,0,0,0,0,0,0,0,0,0,0,0,0
116,0,dense,1183,42,0,0,0,0,0,0,0,0,0,0,0,0,0
116,1,moe,697,44,5465,8320,3581,4178,274,0,0,2568,632,8,4,4,8
116,2,moe,668,41,2949,2557,2001,2053,134,0,0,1239,618,8,6,2,8
116,3,moe,588,40,4404,6221,2976,3111,215,0,0,1898,624,8,5,3,8
116,4,moe,654,38,3813,5072,2742,2723,181,1,0,1834,553,8,5,3,8
116,5,moe,687,40,3410,2389,2450,2649,170,0,0,1859,554,8,5,3,8
116,6,moe,658,38,5107,5269,3253,3845,142,0,0,2133,629,8,6,2,8
116,7,moe,600,38,4929,4706,3543,3664,230,0,0,2508,554,8,4,4,8
116,8,moe,658,38,4598,4984,3472,3205,119,1,0,2199,560,8,6,2,8
116,9,moe,690,37,7040,5431,4352,5726,202,0,0,3240,628,8,5,3,8
116,10,moe,662,37,4834,5103,3418,3649,248,0,0,2481,552,8,4,4,8
116,11,moe,592,38,2924,4809,2279,1770,121,0,0,1246,554,8,6,2,8
116,12,moe,657,43,1421,492,794,1119,66,0,0,558,630,8,7,1,8
116,13,moe,688,38,3147,5077,2407,1830,120,0,0,1210,546,8,6,2,8
116,14,moe,657,41,7667,7145,5429,6418,239,0,0,4419,555,8,4,4,8
116,15,moe,603,36,4401,5430,2820,3195,204,0,0,1818,625,8,5,3,8
116,16,moe,664,42,2264,1036,1499,1830,114,0,0,1179,553,8,6,2,8
116,17,moe,688,41,7011,5105,4773,6043,238,0,0,4043,547,8,4,4,8
116,18,moe,651,42,5680,8362,3637,4229,278,0,0,2464,620,8,4,4,8
116,19,moe,597,37,7523,4926,5145,6477,235,0,0,4334,546,8,4,4,8
116,20,moe,664,42,3497,2469,2533,2664,175,0,0,1875,546,8,5,3,8
116,21,moe,692,43,5791,8116,3744,4300,290,0,0,2543,616,8,4,4,8
116,22,moe,685,44,5959,8859,4541,3673,236,0,0,2491,547,8,4,4,8
116,23,moe,608,39,4543,5892,2960,3257,207,0,0,1881,621,8,5,3,8
116,24,moe,689,43,6303,3678,3950,5178,335,0,0,3160,629,8,3,5,8
116,25,moe,688,45,6533,5723,4180,5382,334,0,0,3363,624,8,3,5,8
116,26,moe,592,43,7985,8675,5141,6398,426,0,0,3980,624,8,2,6,8
116,-1,epi,0,0,0,0,0,0,0,0,3813,0,0,0,0,0,0
117,-2,pre,65,0,0,0,0,0,0,0,0,0,0,0,0,0,0
117,0,dense,1179,41,0,0,0,0,0,0,0,0,0,0,0,0,0
117,1,moe,677,39,11182,14047,6982,9246,348,0,0,5394,623,8,3,5,8
117,2,moe,674,42,5301,7877,3405,4148,279,0,0,2531,641,8,4,4,8
117,3,moe,600,39,7125,13768,4759,5293,347,0,0,3274,618,8,3,5,8
117,4,moe,663,40,9799,7298,6856,8078,297,0,0,5432,548,8,3,5,8
117,5,moe,690,41,2967,4772,2320,1779,119,0,0,1251,549,8,6,2,8
117,6,moe,651,36,3565,5594,2471,2163,133,0,0,1202,616,8,6,2,8
117,7,moe,594,35,3083,4937,2300,1836,120,0,0,1173,543,8,6,2,8
117,8,moe,653,36,2907,4716,2260,1806,122,0,0,1281,545,8,6,2,8
117,9,moe,687,36,9630,19305,7113,5332,346,1,0,3162,628,8,3,5,8
117,10,moe,654,38,4140,7049,3048,2729,176,0,0,1813,546,8,5,3,8
117,11,moe,583,32,5807,10374,4217,4426,301,0,0,3137,549,8,3,5,8
117,12,moe,660,35,4546,8332,2970,3182,207,0,0,1813,618,8,5,3,8
117,13,moe,687,33,5062,9926,3662,3645,243,0,0,2488,545,8,4,4,8
117,14,moe,663,37,3931,7632,2973,2661,179,1,0,1883,548,8,5,3,8
117,15,moe,597,33,5786,6523,3740,4315,278,0,0,2547,619,8,4,4,8
117,16,moe,656,38,5959,7385,4234,4494,291,0,0,3060,549,8,3,5,8
117,17,moe,691,39,2998,5148,2348,1777,122,0,0,1249,558,8,6,2,8
117,18,moe,657,40,12234,11208,7732,10396,418,0,0,6312,621,8,2,6,8
117,19,moe,599,35,6088,5212,4279,4868,178,0,0,3237,549,8,5,3,8
117,20,moe,652,35,2813,4741,2168,1778,123,0,0,1256,543,8,6,2,8
117,21,moe,681,34,3281,5216,2223,2064,132,0,0,1138,615,8,6,2,8
117,22,moe,691,38,5474,13957,4412,2618,176,0,0,1732,545,8,5,3,8
117,23,moe,596,38,5089,8702,3520,3272,218,0,0,1921,620,8,5,3,8
117,24,moe,689,41,6671,10413,4303,5212,363,0,0,3207,625,8,3,5,8
117,25,moe,687,42,6859,8601,4333,5479,211,1,0,3165,621,8,5,3,8
117,26,moe,604,39,7190,13674,4770,5218,378,1,0,3177,780,8,3,5,8
117,-1,epi,0,0,0,0,0,0,0,0,4406,0,0,0,0,0,0
118,-2,pre,247,0,0,0,0,0,0,0,0,0,0,0,0,0,0
118,0,dense,1202,49,0,0,0,0,0,0,0,0,0,0,0,0,0
118,1,moe,703,41,8369,10713,5512,6447,432,1,0,4023,631,8,2,6,8
118,2,moe,657,42,5469,8645,3569,4185,288,0,0,2573,627,8,4,4,8
118,3,moe,613,43,6666,8376,4313,5195,340,0,0,3182,622,8,3,5,8
118,4,moe,664,44,3951,5671,2829,2740,184,0,0,1802,549,8,5,3,8
118,5,moe,688,41,6000,9383,4407,4473,303,0,0,3183,555,8,3,5,8
118,6,moe,656,39,5934,8619,3882,4368,277,0,0,2593,623,8,4,4,8
118,7,moe,603,37,11295,9444,7859,9630,359,0,0,6553,546,8,2,6,8
118,8,moe,654,43,4030,7420,3071,2675,179,0,0,1895,551,8,5,3,8
118,9,moe,697,41,6926,8148,4869,4223,262,0,0,2428,628,8,4,4,8
118,10,moe,654,38,4251,6167,3167,2798,174,0,0,1888,550,8,5,3,8
118,11,moe,598,36,3939,5339,2981,2654,174,0,0,1870,546,8,5,3,8
118,12,moe,657,41,3326,3269,2200,2171,130,0,0,1175,616,8,6,2,8
118,13,moe,690,44,1860,2202,1404,952,59,0,0,555,543,8,7,1,8
118,14,moe,662,43,4377,2739,3096,3546,236,0,0,2501,554,8,4,4,8
118,15,moe,596,39,10947,8026,6612,9431,344,0,0,5440,626,8,3,5,8
118,16,moe,656,40,8531,14750,6176,6322,425,0,0,4392,551,8,1,7,8
118,17,moe,692,43,7149,12271,5239,5326,364,0,0,3780,549,8,2,6,8
118,18,moe,654,41,5444,5983,3369,4233,284,0,0,2442,623,8,4,4,8
118,19,moe,600,39,5225,9750,3809,3633,240,0,0,2457,550,8,4,4,8
118,20,moe,657,38,3847,5040,2886,2654,180,0,0,1873,552,8,5,3,8
118,21,moe,685,42,3537,5606,2422,2156,137,0,0,1178,622,8,6,2,8
118,22,moe,685,40,3950,5167,2863,2717,173,0,0,1803,542,8,5,3,8
118,23,moe,601,39,6738,8090,4201,5286,350,0,0,3099,624,8,3,5,8
118,24,moe,685,41,6513,8194,3984,5214,215,0,0,2900,619,8,5,3,8
118,25,moe,685,43,4447,5510,2974,3140,214,0,0,1881,643,8,5,3,8
118,26,moe,613,39,4184,3209,2695,3177,197,0,0,1885,644,8,5,3,8
118,-1,epi,0,0,0,0,0,0,0,0,4177,0,0,0,0,0,0
119,-2,pre,132,0,0,0,0,0,0,0,0,0,0,0,0,0,0
119,0,dense,1189,41,0,0,0,0,0,0,0,0,0,0,0,0,0
119,1,moe,744,50,8468,5041,5061,7431,291,0,0,4315,645,8,4,4,8
119,2,moe,690,38,6863,11176,4456,5232,358,0,0,3183,663,8,3,5,8
119,3,moe,607,54,8312,7819,4963,7091,281,0,0,4023,667,8,4,4,8
119,4,moe,684,47,2913,4734,2095,1869,119,0,0,1170,560,8,6,2,8
119,5,moe,732,40,3353,2178,2378,2667,189,0,0,1881,584,8,5,3,8
119,6,moe,650,42,2176,2652,1521,1161,68,0,0,574,658,8,7,1,8
119,7,moe,618,39,3271,1783,2145,2750,182,0,0,1806,612,8,5,3,8
119,8,moe,774,48,3003,4706,2350,1791,127,0,0,1265,593,8,6,2,8
119,9,moe,720,40,4425,4999,2829,3246,215,0,0,1865,692,8,5,3,8
119,10,moe,720,45,8320,12121,5922,6418,433,0,0,4453,605,8,1,7,8
119,11,moe,668,40,7386,11428,5466,5407,375,0,0,3862,583,8,2,6,8
119,12,moe,706,41,4566,5312,2941,3307,202,0,0,1884,662,8,5,3,8
119,13,moe,724,47,3608,2359,2506,2719,170,0,0,1787,603,8,5,3,8
119,14,moe,702,42,4530,4831,3253,3543,236,0,0,2502,589,8,4,4,8
119,15,moe,614,57,5696,8020,3657,4271,282,0,0,2514,693,8,4,4,8
119,16,moe,716,40,1259,457,805,948,58,0,0,552,570,8,7,1,8
119,17,moe,721,47,3094,4748,2446,1779,117,1,0,1249,582,8,6,2,8
119,18,moe,697,45,4299,5142,2672,3309,211,0,0,1893,665,8,5,3,8
119,19,moe,667,39,3839,4799,2686,2780,180,0,0,1807,566,8,5,3,8
119,20,moe,669,41,5552,3642,3848,4667,323,0,0,3286,572,8,3,5,8
119,21,moe,707,41,2671,1145,1540,2172,140,0,0,1181,637,8,6,2,8
119,22,moe,690,48,2394,1008,1568,1943,122,0,0,1239,554,8,6,2,8
119,23,moe,645,49,2195,2469,1547,1146,69,0,0,567,632,8,7,1,8
119,24,moe,726,45,3768,1953,2275,3182,201,0,0,1890,668,8,5,3,8
119,25,moe,740,45,5088,3019,3087,4288,273,0,0,2560,629,8,4,4,8
119,26,moe,636,42,4283,5071,2823,3153,210,0,0,1903,640,8,5,3,8
119,-1,epi,0,0,0,0,0,0,0,0,4102,0,0,0,0,0,0
120,-2,pre,202,0,0,0,0,0,0,0,0,0,0,0,0,0,0
120,0,dense,1196,40,0,0,0,0,0,0,0,0,0,0,0,0,0
120,1,moe,721,43,2771,2363,1809,2082,138,0,0,1258,695,8,6,2,8
120,2,moe,713,43,5505,8187,3529,4240,293,0,0,2557,633,8,4,4,8
120,3,moe,634,39,6819,10536,4317,5351,364,0,0,3213,660,8,3,5,8
120,4,moe,671,53,2784,2937,1961,1864,119,0,0,1160,558,8,6,2,8
120,5,moe,711,55,4700,6995,3410,3591,245,0,0,2546,595,8,4,4,8
120,6,moe,704,44,5810,8602,3665,4383,288,0,0,2526,647,8,4,4,8
120,7,moe,619,42,3051,4558,2261,1867,122,0,0,1199,589,8,6,2,8
120,8,moe,700,37,4930,9243,3633,3570,254,0,0,2527,586,8,4,4,8
120,9,moe,751,38,10,0,0,0,0,0,10,0,657,8,8,0,8
120,10,moe,702,39,2619,2185,1969,1772,115,1,0,1238,604,8,6,2,8
120,11,moe,644,43,3774,4641,2781,2776,191,0,0,1974,560,8,5,3,8
120,12,moe,763,38,2133,2330,1476,1137,66,0,0,546,633,8,7,1,8
120,13,moe,753,44,4552,3248,3124,3673,234,0,0,2479,602,8,4,4,8
120,14,moe,702,44,1131,463,802,894,57,0,0,622,587,8,7,1,8
120,15,moe,632,43,5701,4969,3497,4663,282,0,0,2741,692,8,4,4,8
120,16,moe,707,44,5466,3339,3742,4581,295,0,0,3152,588,8,3,5,8
120,17,moe,747,44,3597,2292,2541,2883,185,0,0,2012,593,8,5,3,8
120,18,moe,703,50,9282,10996,5714,7571,495,0,0,4498,661,8,1,7,8
120,19,moe,670,37,6204,14080,4756,3733,247,0,0,2532,598,8,4,4,8
120,20,moe,689,38,4625,5312,3524,2914,172,0,0,1985,582,8,5,3,8
120,21,moe,759,45,2649,1166,1515,2190,139,0,0,1195,668,8,6,2,8
120,22,moe,742,39,6982,7107,4811,5533,354,0,0,3716,585,8,2,6,8
120,23,moe,679,41,5724,8131,3568,4424,296,0,0,2564,647,8,4,4,8
120,24,moe,740,43,5155,2904,3172,4327,273,0,0,2617,639,8,4,4,8
120,25,moe,747,53,5158,4893,3247,4152,282,0,0,2523,649,8,4,4,8
120,26,moe,624,44,3800,1842,2304,3325,202,0,0,2031,650,8,5,3,8
120,-1,epi,0,0,0,0,0,0,0,0,4005,0,0,0,0,0,0
121,-2,pre,164,0,0,0,0,0,0,0,0,0,0,0,0,0,0
121,0,dense,1198,44,0,0,0,0,0,0,0,0,0,0,0,0,0
121,1,moe,705,48,7834,7525,4937,6449,475,0,0,4027,806,8,2,6,8
121,2,moe,754,52,6880,5093,4326,5615,375,0,0,3436,719,8,3,5,8
121,3,moe,683,51,10915,12129,6837,8981,597,0,0,5500,694,8,0,8,8
121,4,moe,750,50,4983,3274,3392,3946,245,0,0,2600,572,8,4,4,8
121,5,moe,734,59,2707,2219,2000,1900,127,0,0,1320,573,8,6,2,8
121,6,moe,719,54,4836,7879,3118,3466,219,0,0,1967,665,8,5,3,8
121,7,moe,691,40,4841,4644,3311,3855,258,0,0,2583,589,8,4,4,8
121,8,moe,731,41,5063,7406,3676,3849,259,0,0,2721,592,8,4,4,8
121,9,moe,742,47,4705,5122,3030,3400,212,0,0,1937,678,8,5,3,8
121,10,moe,730,46,6135,4934,4233,4861,303,0,0,3262,581,8,3,5,8
121,11,moe,654,43,8282,5915,5913,6696,432,0,0,4759,587,8,1,7,8
121,12,moe,736,47,7124,8229,4448,5630,378,0,0,3332,654,8,3,5,8
121,13,moe,728,46,4069,4342,2886,2902,190,0,0,1909,577,8,5,3,8
121,14,moe,703,62,6269,7240,4550,4815,306,1,0,3403,584,8,3,5,8
121,15,moe,704,45,8064,5540,4882,6768,431,1,0,4018,646,8,2,6,8
121,16,moe,699,42,7997,4733,5492,6685,446,0,0,4626,596,8,1,7,8
121,17,moe,758,49,4515,2716,3154,3775,248,0,0,2662,617,8,4,4,8
121,18,moe,683,38,6613,5360,4066,5373,358,0,0,3184,645,8,3,5,8
121,19,moe,617,39,7019,6957,4851,5603,362,0,0,3797,569,8,2,6,8
121,20,moe,689,51,6800,5903,4873,5418,364,0,0,3855,575,8,2,6,8
121,21,moe,721,40,6731,5925,4195,5312,333,0,0,3109,655,8,3,5,8
121,22,moe,712,41,8077,7248,5690,6436,403,0,0,4452,578,8,1,7,8
121,23,moe,644,40,7708,5709,4581,6594,423,0,0,3890,676,8,2,6,8
121,24,moe,780,42,9167,10567,5843,7438,498,0,0,4612,656,8,1,7,8
121,25,moe,3950,42,9281,14038,5963,7329,502,0,0,4513,652,8,1,7,8
121,26,moe,661,38,5281,6040,3392,4229,280,0,0,2620,699,8,4,4,8
121,-1,epi,0,0,0,0,0,0,0,0,4259,0,0,0,0,0,0
122,-2,pre,48,0,0,0,0,0,0,0,0,0,0,0,0,0,0
122,0,dense,1220,59,0,0,0,0,0,0,0,0,0,0,0,0,0
122,1,moe,696,52,6041,3923,3682,5207,338,0,0,3186,659,8,3,5,8
122,2,moe,707,50,3053,2419,2026,2197,143,0,0,1313,650,8,6,2,8
122,3,moe,688,40,7368,13663,4865,5529,372,0,0,3398,643,8,3,5,8
122,4,moe,716,54,6445,9556,4589,4776,328,0,0,3248,554,8,3,5,8
122,5,moe,721,41,2789,2606,2094,1885,123,0,0,1313,591,8,6,2,8
122,6,moe,714,45,1551,510,854,1206,73,0,0,582,669,8,7,1,8
122,7,moe,686,45,4236,6802,3059,2947,185,0,0,1955,561,8,5,3,8
122,8,moe,695,44,1248,480,880,990,64,0,0,686,573,8,7,1,8
122,9,moe,714,46,3329,2581,2124,2312,150,0,0,1257,657,8,6,2,8
122,10,moe,690,48,4172,4631,2970,3007,185,1,0,1991,574,8,5,3,8
122,11,moe,699,39,4916,4613,3492,3837,244,0,0,2657,604,8,4,4,8
122,12,moe,723,52,10,0,0,0,0,0,10,0,679,8,8,0,8
122,13,moe,734,40,1860,2266,1510,948,60,0,0,658,549,8,7,1,8
122,14,moe,687,42,3398,1658,2372,2887,185,0,0,2046,570,8,5,3,8
122,15,moe,654,54,2888,1139,1673,2372,145,0,0,1302,685,8,6,2,8
122,16,moe,745,50,1410,456,896,1077,70,0,0,633,579,8,7,1,8
122,17,moe,739,52,4956,4774,3537,3894,240,0,0,2715,577,8,4,4,8
122,18,moe,711,45,2898,1149,1679,2403,146,0,0,1330,655,8,6,2,8
122,19,moe,684,45,4011,2609,2781,2978,184,0,0,1932,593,8,5,3,8
122,20,moe,703,44,5143,7000,3725,3802,251,0,0,2635,563,8,4,4,8
122,21,moe,725,43,5538,2927,3337,4508,293,0,0,2600,671,8,4,4,8
122,22,moe,725,41,7185,8022,4996,5828,394,0,0,4033,605,8,2,6,8
122,23,moe,679,39,3173,2698,2028,2201,140,0,0,1196,635,8,6,2,8
122,24,moe,715,43,7589,6072,4745,6277,413,0,0,3846,667,8,2,6,8
122,25,moe,719,39,6823,10776,4456,5301,358,0,0,3292,649,8,3,5,8
122,26,moe,635,40,5245,5143,3340,4205,278,0,0,2578,685,8,4,4,8
122,-1,epi,0,0,0,0,0,0,0,0,4221,0,0,0,0,0,0
123,-2,pre,147,0,0,0,0,0,0,0,0,0,0,0,0,0,0
123,0,dense,1201,34,0,0,0,0,0,0,0,0,0,0,0,0,0
123,1,moe,713,40,3078,5361,2115,2098,138,0,0,1273,638,8,6,2,8
123,2,moe,670,38,6835,7530,4328,5575,363,0,0,3431,667,8,3,5,8
123,3,moe,639,37,5521,5226,3417,4527,292,0,0,2715,639,8,4,4,8
123,4,moe,709,39,3909,4459,2673,2966,201,0,0,1931,568,8,5,3,8
123,5,moe,735,49,4348,6057,3318,2820,188,0,0,1978,581,8,5,3,8
123,6,moe,691,41,3308,2412,2086,2320,145,0,0,1243,636,8,6,2,8
123,7,moe,655,36,5639,10026,4097,3955,247,0,0,2660,571,8,4,4,8
123,8,moe,699,36,1722,2197,1372,940,60,1,0,651,551,8,7,1,8
123,9,moe,735,37,11,0,0,0,0,0,11,0,631,8,8,0,8
123,10,moe,713,35,2260,1020,1566,1886,122,0,0,1314,561,8,6,2,8
123,11,moe,632,36,7074,11994,5278,4887,342,0,0,3433,591,8,3,5,8
123,12,moe,712,43,4751,5312,3028,3418,217,0,0,1912,636,8,5,3,8
123,13,moe,720,38,4336,7628,3166,2967,202,0,0,1999,581,8,5,3,8
123,14,moe,701,46,1746,2067,1400,937,64,0,0,655,547,8,7,1,8
123,15,moe,625,37,4596,6639,3379,2336,143,0,0,1262,633,8,6,2,8
123,16,moe,695,42,3615,4456,2794,1945,125,0,0,1249,569,8,6,2,8
123,17,moe,756,40,4990,6204,3629,3811,254,0,0,2704,581,8,4,4,8
123,18,moe,698,44,3608,5099,2390,2351,147,0,0,1280,655,8,6,2,8
123,19,moe,680,45,2930,2319,2102,1947,125,0,0,1244,584,8,6,2,8
123,20,moe,725,40,3601,2667,2539,2898,195,0,0,2031,577,8,5,3,8
123,21,moe,734,43,1555,520,868,1197,74,0,0,584,637,8,7,1,8
123,22,moe,735,41,3205,4530,2349,1969,130,0,0,1243,569,8,6,2,8
123,23,moe,653,44,4821,5407,3102,3457,223,0,0,1961,644,8,5,3,8
123,24,moe,726,43,4331,5170,2815,3288,225,0,0,1997,700,8,5,3,8
123,25,moe,782,44,5878,7463,3791,4528,288,0,0,2729,629,8,4,4,8
123,26,moe,625,40,6664,3726,4124,5543,356,0,0,3359,638,8,3,5,8
123,-1,epi,0,0,0,0,0,0,0,0,3944,0,0,0,0,0,0
124,-2,pre,72,0,0,0,0,0,0,0,0,0,0,0,0,0,0
124,0,dense,1182,48,0,0,0,0,0,0,0,0,0,0,0,0,0
124,1,moe,724,50,4197,2827,2661,3311,230,0,0,2005,803,8,5,3,8
124,2,moe,690,51,6873,6444,4358,5555,386,0,0,3426,635,8,3,5,8
124,3,moe,622,49,7475,11379,4978,5575,364,0,0,3442,631,8,3,5,8
124,4,moe,669,43,2923,2459,2076,1953,121,1,0,1228,557,8,6,2,8
124,5,moe,697,49,3671,2525,2639,2816,192,0,0,1976,560,8,5,3,8
124,6,moe,670,45,3579,5230,2433,2280,148,0,0,1282,663,8,6,2,8
124,7,moe,640,42,2688,2280,1865,1935,126,0,0,1238,561,8,6,2,8
124,8,moe,663,42,4110,5217,3094,2812,189,1,0,1986,562,8,5,3,8
124,9,moe,702,46,4918,8744,3195,3477,221,0,0,1975,644,8,5,3,8
124,10,moe,677,45,3621,2227,2438,2896,186,1,0,1900,578,8,5,3,8
124,11,moe,641,42,4541,2927,3170,3773,254,0,0,2656,566,8,4,4,8
124,12,moe,665,46,4190,2634,2480,3407,212,0,0,1909,628,8,5,3,8
124,13,moe,694,45,4252,7506,3084,2883,190,0,0,1905,565,8,5,3,8
124,14,moe,672,47,4070,4677,3042,2859,188,0,0,2019,578,8,5,3,8
124,15,moe,615,39,4816,7665,3119,3394,215,0,0,1912,629,8,5,3,8
124,16,moe,664,44,5134,4921,3594,3923,247,0,0,2630,587,8,4,4,8
124,17,moe,716,46,5338,6715,3956,3888,245,0,0,2751,571,8,4,4,8
124,18,moe,702,41,7285,8693,4581,5650,358,0,0,3304,630,8,3,5,8
124,19,moe,621,41,5199,7230,3703,3835,261,0,0,2600,560,8,4,4,8
124,20,moe,666,46,5320,7454,3969,3743,248,0,0,2640,563,8,4,4,8
124,21,moe,697,44,4364,6042,3211,2288,142,0,0,1277,632,8,6,2,8
124,22,moe,701,44,3175,4614,2353,1939,123,0,0,1240,555,8,6,2,8
124,23,moe,627,45,7319,10914,4634,5607,378,0,0,3300,644,8,3,5,8
124,24,moe,700,40,5588,6489,3586,4471,291,0,0,2760,634,8,4,4,8
124,25,moe,702,44,4724,8070,3210,3329,234,0,0,2049,632,8,5,3,8
124,26,moe,633,41,6913,8091,4401,5490,365,0,0,3343,638,8,3,5,8
124,-1,epi,0,0,0,0,0,0,0,0,3861,0,0,0,0,0,0
125,-2,pre,38,0,0,0,0,0,0,0,0,0,0,0,0,0,0
125,0,dense,1205,46,0,0,0,0,0,0,0,0,0,0,0,0,0
125,1,moe,714,43,5469,5223,3433,4440,292,0,0,2696,639,8,4,4,8
125,2,moe,675,50,7289,8834,4762,5698,387,1,0,3559,637,8,3,5,8
125,3,moe,622,47,3115,3023,2095,2186,152,1,0,1319,679,8,6,2,8
125,4,moe,694,46,5201,6773,3682,3871,258,0,0,2610,561,8,4,4,8
125,5,moe,692,42,4157,8323,3138,2813,214,0,0,2008,561,8,5,3,8
125,6,moe,667,46,1522,497,839,1190,69,0,0,576,629,8,7,1,8
125,7,moe,621,43,3802,3235,2647,2889,188,0,0,1922,557,8,5,3,8
125,8,moe,668,45,4897,4848,3538,3767,254,0,0,2662,564,8,4,4,8
125,9,moe,702,44,3461,2813,2281,2281,146,0,0,1247,629,8,6,2,8
125,10,moe,666,42,4142,4832,2969,2886,189,0,0,1902,583,8,5,3,8
125,11,moe,610,39,4043,5104,3024,2824,188,0,0,1993,563,8,5,3,8
125,12,moe,670,45,3209,2850,2026,2281,149,0,0,1247,637,8,6,2,8
125,13,moe,697,43,4110,5007,2945,2876,191,0,0,1902,567,8,5,3,8
125,14,moe,677,41,5217,5065,3862,3750,251,0,0,2646,564,8,4,4,8
125,15,moe,624,41,3323,2577,2134,2289,144,0,0,1244,632,8,6,2,8
125,16,moe,672,40,3877,2711,2726,2878,187,0,0,1914,558,8,5,3,8
125,17,moe,696,53,4432,2338,3084,3760,241,0,0,2653,569,8,4,4,8
125,18,moe,671,44,6848,3684,4164,5578,358,0,0,3252,654,8,3,5,8
125,19,moe,647,91,2878,2310,2035,1972,126,0,0,1255,561,8,6,2,8
125,20,moe,689,46,4577,2292,3183,3985,250,0,0,2841,577,8,4,4,8
125,21,moe,728,53,4288,2507,2540,3485,217,0,0,1954,651,8,5,3,8
125,22,moe,703,47,4081,5654,2917,2886,189,0,0,1911,556,8,5,3,8
125,23,moe,626,44,4248,3051,2591,3411,210,0,0,1964,630,8,5,3,8
125,24,moe,698,41,5392,5385,3396,4365,290,1,0,2660,634,8,4,4,8
125,25,moe,697,43,5386,3249,3391,4364,281,0,0,2650,637,8,4,4,8
125,26,moe,613,50,3286,3012,2279,2179,143,0,0,1315,639,8,6,2,8
125,-1,epi,0,0,0,0,0,0,0,0,3825,0,0,0,0,0,0
126,-2,pre,3212,0,0,0,0,0,0,0,0,0,0,0,0,0,0
126,0,dense,1195,42,0,0,0,0,0,0,0,0,0,0,0,0,0
126,1,moe,700,44,8400,11504,5415,6649,435,0,0,4099,638,8,2,6,8
126,2,moe,674,45,3564,5338,2562,2181,143,0,0,1322,627,8,6,2,8
126,3,moe,616,39,6944,8311,4442,5477,363,0,0,3338,631,8,3,5,8
126,4,moe,667,44,5452,9283,3922,3831,270,0,0,2571,580,8,4,4,8
126,5,moe,727,47,4929,4551,3566,3777,250,0,0,2664,612,8,4,4,8
126,6,moe,734,49,2220,2313,1525,1204,72,0,0,581,643,8,7,1,8
126,7,moe,636,43,4954,3097,3442,3853,251,1,0,2593,563,8,4,4,8
126,8,moe,692,48,3909,4633,2889,2829,188,0,0,1997,559,8,5,3,8
126,9,moe,699,41,11,0,0,0,0,0,11,0,621,8,8,0,8
126,10,moe,659,42,3101,4971,2417,1885,130,0,0,1331,564,8,6,2,8
126,11,moe,632,39,5095,7843,3745,3823,254,0,0,2727,560,8,4,4,8
126,12,moe,669,44,3336,2714,2150,2283,139,0,0,1236,632,8,6,2,8
126,13,moe,692,225,1952,2307,1463,1008,63,0,0,582,554,8,7,1,8
126,14,moe,675,42,4922,10884,3908,2808,194,0,0,1988,557,8,5,3,8
126,15,moe,615,39,7537,12218,4853,5625,369,0,0,3310,636,8,3,5,8
126,16,moe,669,45,5168,4813,3673,3915,241,0,0,2661,561,8,4,4,8
126,17,moe,706,44,5340,10200,3991,3752,250,0,0,2653,565,8,4,4,8
126,18,moe,661,41,7387,8340,4684,5596,367,1,0,3261,638,8,3,5,8
126,19,moe,646,40,5356,7203,3859,3955,255,0,0,2713,563,8,4,4,8
126,20,moe,669,45,5142,7493,3794,3767,250,0,0,2669,563,8,4,4,8
126,21,moe,692,45,6226,8627,4053,4467,284,0,0,2578,631,8,4,4,8
126,22,moe,690,43,4290,7292,3132,2872,189,0,0,1903,557,8,5,3,8
126,23,moe,630,42,5903,10783,3753,4443,295,0,0,2588,630,8,4,4,8
126,24,moe,697,43,6632,4595,4148,5573,360,0,0,3449,635,8,3,5,8
126,25,moe,692,44,6862,8905,4377,5516,367,0,0,3398,639,8,3,5,8
126,26,moe,625,42,8573,13465,5569,6665,453,0,0,4114,638,8,2,6,8
126,-1,epi,0,0,0,0,0,0,0,0,3864,0,0,0,0,0,0
127,-2,pre,213,0,0,0,0,0,0,0,0,0,0,0,0,0,0
127,0,dense,1206,46,0,0,0,0,0,0,0,0,0,0,0,0,0
127,1,moe,694,44,8542,13750,5557,6637,440,0,0,4092,636,8,2,6,8
127,2,moe,671,42,8288,11091,5285,6659,447,0,0,4103,787,8,2,6,8
127,3,moe,654,47,6744,6936,4698,4486,303,0,0,2743,811,8,4,4,8
127,4,moe,717,48,6806,12323,4948,4887,322,0,0,3351,633,8,3,5,8
127,5,moe,761,45,2254,1010,1567,1878,121,0,0,1312,603,8,6,2,8
127,6,moe,714,45,2232,2358,1528,1214,75,0,0,585,656,8,7,1,8
127,7,moe,668,46,3274,4819,2411,1996,124,0,0,1257,601,8,6,2,8
127,8,moe,717,49,5273,6890,3912,3910,251,0,0,2800,584,8,4,4,8
127,9,moe,745,53,2093,2200,1385,1221,73,0,0,586,706,8,7,1,8
127,10,moe,707,41,4246,4926,3064,2929,187,0,0,1934,569,8,5,3,8
127,11,moe,651,41,2297,1071,1592,1892,124,0,0,1311,612,8,6,2,8
127,12,moe,718,50,3208,2435,2027,2306,146,0,0,1271,660,8,6,2,8
127,13,moe,719,46,2870,2642,2043,1948,125,0,0,1246,567,8,6,2,8
127,14,moe,698,47,5956,4753,4174,4894,320,0,0,3432,585,8,3,5,8
127,15,moe,687,44,4325,2834,2652,3396,216,0,0,1939,666,8,5,3,8
127,16,moe,737,42,3783,2353,2551,2982,178,0,0,1928,581,8,5,3,8
127,17,moe,708,44,3834,2655,2761,2899,184,0,0,2010,577,8,5,3,8
127,18,moe,746,41,6927,5215,4208,5743,365,1,0,3390,654,8,3,5,8
127,19,moe,658,62,5361,7641,3808,3912,267,0,0,2626,572,8,4,4,8
127,20,moe,695,42,4918,7030,3551,3764,262,1,0,2660,570,8,4,4,8
127,21,moe,723,60,6726,3768,3926,5783,392,1,0,3376,651,8,3,5,8
127,22,moe,721,58,3896,4673,2719,2893,200,0,0,1916,575,8,5,3,8
127,23,moe,695,38,4949,8407,3248,3401,220,0,0,1920,646,8,5,3,8
127,24,moe,717,64,8308,9647,5278,6603,437,0,0,4010,679,8,2,6,8
127,25,moe,742,40,6952,10629,4435,5476,372,0,0,3331,642,8,3,5,8
127,26,moe,623,46,8672,15733,5643,6604,446,0,0,4021,643,8,2,6,8
127,-1,epi,0,0,0,0,0,0,0,0,3893,0,0,0,0,0,0
128,-2,pre,154,0,0,0,0,0,0,0,0,0,0,0,0,0,0
128,0,dense,1205,49,0,0,0,0,0,0,0,0,0,0,0,0,0
128,1,moe,741,43,7082,7906,4591,5490,357,0,0,3356,665,8,3,5,8
128,2,moe,667,46,4818,6365,3296,3342,218,0,0,2038,630,8,5,3,8
128,3,moe,619,43,3211,2892,2199,2187,139,0,0,1314,633,8,6,2,8
128,4,moe,670,47,4422,7369,3207,2916,197,0,0,1898,567,8,5,3,8
128,5,moe,691,43,1889,2581,1541,941,63,0,0,656,562,8,7,1,8
128,6,moe,664,40,3256,2583,2072,2285,143,0,0,1244,681,8,6,2,8
128,7,moe,619,44,2795,2320,1962,1949,126,0,0,1242,557,8,6,2,8
128,8,moe,688,42,3111,4981,2425,1891,127,0,0,1332,569,8,6,2,8
128,9,moe,694,43,4792,8246,3124,3386,213,0,0,1931,659,8,5,3,8
128,10,moe,707,43,1907,2282,1404,1017,62,0,0,576,557,8,7,1,8
128,11,moe,706,39,4940,4592,3583,3789,248,0,0,2680,598,8,4,4,8
128,12,moe,717,49,3362,2667,2159,2301,139,0,0,1237,629,8,6,2,8
128,13,moe,706,44,2990,2409,2127,1981,125,0,0,1243,578,8,6,2,8
128,14,moe,699,43,4988,7023,3622,3771,244,0,0,2649,575,8,4,4,8
128,15,moe,669,59,5913,7640,3688,4625,293,0,0,2693,670,8,4,4,8
128,16,moe,715,43,4977,4806,3485,3863,246,0,0,2617,568,8,4,4,8
128,17,moe,727,45,6160,7801,4443,4825,332,0,0,3440,596,8,3,5,8
128,18,moe,684,47,3309,2640,2117,2300,142,0,0,1250,635,8,6,2,8
128,19,moe,641,45,3678,2314,2503,2909,188,0,0,1922,567,8,5,3,8
128,20,moe,697,51,2722,2586,2033,1886,125,0,0,1322,616,8,6,2,8
128,21,moe,762,47,1552,506,844,1224,72,0,0,588,649,8,7,1,8
128,22,moe,726,50,3187,4738,2353,1966,127,0,0,1259,598,8,6,2,8
128,23,moe,685,49,4500,3493,2808,3422,207,0,0,1937,632,8,5,3,8
128,24,moe,712,47,3014,2553,2001,2181,140,0,0,1308,636,8,6,2,8
128,25,moe,693,41,6729,5621,4220,5528,372,0,0,3391,633,8,3,5,8
128,26,moe,9680,42,3387,5030,2370,2194,148,0,0,1325,630,8,6,2,8
128,-1,epi,0,0,0,0,0,0,0,0,3857,0,0,0,0,0,0
129,-2,pre,273,0,0,0,0,0,0,0,0,0,0,0,0,0,0
129,0,dense,5424,35,0,0,0,0,0,0,0,0,0,0,0,0,0
129,1,moe,6269,39,3909,1841,2386,3346,224,0,0,2047,635,8,5,3,8
129,2,moe,671,42,7787,4447,4731,6685,433,0,0,4062,652,8,2,6,8
129,3,moe,651,41,4583,7914,3036,3366,228,0,0,2047,646,8,5,3,8
129,4,moe,718,41,4176,4500,2981,2900,188,0,0,1893,577,8,5,3,8
129,5,moe,716,39,2606,2298,1924,1876,130,0,0,1324,573,8,6,2,8
129,6,moe,694,48,2214,2243,1509,1211,70,0,0,576,634,8,7,1,8
129,7,moe,626,35,4851,2845,3270,3979,255,0,0,2653,580,8,4,4,8
129,8,moe,733,43,3017,4551,2325,1884,127,1,0,1320,579,8,6,2,8
129,9,moe,752,44,5873,7945,3660,4597,302,0,0,2686,662,8,4,4,8
129,10,moe,727,272,6070,8008,4543,3898,246,0,0,2617,598,8,4,4,8
129,11,moe,678,42,4997,10726,3970,2816,203,0,0,1992,603,8,5,3,8
129,12,moe,726,44,4709,7496,3013,3454,222,0,0,1980,668,8,5,3,8
129,13,moe,760,43,5424,9606,3913,3915,263,0,0,2667,578,8,4,4,8
129,14,moe,682,41,2650,2110,1957,1880,126,0,0,1313,573,8,6,2,8
129,15,moe,645,45,7219,6186,4509,5664,369,0,0,3323,694,8,3,5,8
129,16,moe,706,49,4749,2310,3194,4102,252,0,0,2799,580,8,4,4,8
129,17,moe,772,49,3509,1654,2445,3012,201,0,0,2149,581,8,5,3,8
129,18,moe,705,56,7199,8148,4521,5664,367,0,0,3353,633,8,3,5,8
129,19,moe,631,43,4967,5062,3441,3864,261,0,0,2599,571,8,4,4,8
129,20,moe,680,60,7012,5114,4983,5714,397,0,0,4082,564,8,2,6,8
129,21,moe,691,69,5685,5053,3498,4509,290,0,0,2612,634,8,4,4,8
129,22,moe,691,40,6158,5026,4325,4855,304,0,0,3326,558,8,3,5,8
129,23,moe,615,41,4249,2802,2579,3365,220,0,0,1915,632,8,5,3,8
129,24,moe,703,39,5696,5739,3703,4447,278,0,0,2732,631,8,4,4,8
129,25,moe,690,44,8013,5836,5007,6639,433,0,0,4066,640,8,2,6,8
129,26,moe,620,40,6788,7753,4407,5441,350,0,0,3410,633,8,3,5,8
129,-1,epi,0,0,0,0,0,0,0,0,3813,0,0,0,0,0,0
130,-2,pre,202,0,0,0,0,0,0,0,0,0,0,0,0,0,0
130,0,dense,1169,42,0,0,0,0,0,0,0,0,0,0,0,0,0
130,1,moe,2418,39,4101,2952,2605,3173,204,0,0,1881,631,8,5,3,8
130,2,moe,3089,44,5879,8303,3854,4480,321,0,0,2776,820,8,4,4,8
130,3,moe,747,43,5727,5495,3690,4457,318,0,0,2738,718,8,4,4,8
130,4,moe,665,48,5909,3134,4037,4810,313,0,0,3251,579,8,3,5,8
130,5,moe,724,48,4232,6818,3208,2819,193,0,0,1988,597,8,5,3,8
130,6,moe,725,48,2239,2328,1518,1231,69,0,0,579,635,8,7,1,8
130,7,moe,630,43,1898,2345,1403,1012,61,0,0,578,564,8,7,1,8
130,8,moe,682,46,4407,2710,3201,3410,120,0,0,2324,564,8,6,2,8
130,9,moe,717,45,4652,5651,2958,3390,223,0,0,1919,639,8,5,3,8
130,10,moe,693,55,6380,4467,4409,5276,197,0,0,3502,568,8,5,3,8
130,11,moe,618,43,3615,2673,2591,2818,184,0,0,1978,568,8,5,3,8
130,12,moe,675,42,4920,7892,3228,3397,225,0,0,1930,637,8,5,3,8
130,13,moe,696,46,2004,2354,1527,1006,60,0,0,589,554,8,7,1,8
130,14,moe,673,44,4037,4900,3016,2834,187,0,0,2000,559,8,5,3,8
130,15,moe,609,44,9298,5383,5585,7917,278,0,0,4482,632,8,4,4,8
130,16,moe,686,44,6799,15784,5637,3049,190,0,0,2077,569,8,5,3,8
130,17,moe,706,43,2776,2493,2091,1882,128,0,0,1325,561,8,6,2,8
130,18,moe,681,42,4697,5876,3003,3392,219,0,0,1917,633,8,5,3,8
130,19,moe,615,42,7938,10151,5778,6118,369,0,0,4327,560,8,2,6,8
130,20,moe,670,41,6200,7747,4575,4817,324,0,0,3516,569,8,3,5,8
130,21,moe,690,41,7072,5587,4416,5724,199,0,0,3267,630,8,5,3,8
130,22,moe,688,45,4640,3046,3209,3647,228,0,0,2444,552,8,4,4,8
130,23,moe,603,37,3903,2189,2310,3265,204,0,0,1876,632,8,5,3,8
130,24,moe,701,41,5873,10785,3971,4146,292,0,0,2536,629,8,4,4,8
130,25,moe,682,40,10419,7915,6175,9113,344,0,0,5213,640,8,3,5,8
130,26,moe,604,56,5403,8200,3486,4149,301,0,0,2533,632,8,4,4,8
130,-1,epi,0,0,0,0,0,0,0,0,3935,0,0,0,0,0,0
