step,il,kind,route_us,readback_us,load_wall_us,pread_us,pread_wall_us,repack_us,placement_us,sync_us,load_other_us,load_hidden_us,compute_us,lookups,hits,misses,n_slots
0,-2,pre,300,0,0,0,0,0,0,0,0,0,0,0,0,0,0
0,0,dense,7094,135,0,0,0,0,0,0,0,0,0,0,0,0,0
0,1,moe,8731,127,44460,25722,25722,18506,0,0,232,0,1275,0,0,0,16
0,2,moe,4046,55,41359,18138,18138,18366,4656,1,198,0,1315,16,0,16,16
0,3,moe,9924,49,38370,20682,20683,13402,4139,0,146,0,1271,15,0,15,15
0,4,moe,8284,51,37691,21104,21104,12362,4021,0,204,0,1085,16,0,16,16
0,5,moe,8041,55,37607,21091,21091,12247,4142,1,126,0,1149,16,0,16,16
0,6,moe,6923,51,42629,23412,23412,14413,4634,1,169,0,1332,16,0,16,16
0,7,moe,11561,61,36555,21228,21228,11605,3564,0,158,0,1137,15,0,15,15
0,8,moe,4762,58,37680,21349,21350,12275,3910,0,145,0,1098,16,0,16,16
0,9,moe,8485,55,39714,21775,21775,13473,4297,1,168,0,1346,15,0,15,15
0,10,moe,9222,60,38047,21796,21796,12336,3726,0,189,0,1091,16,0,16,16
0,11,moe,14117,49,35278,19924,19925,11463,3749,0,141,0,1092,15,0,15,15
0,12,moe,8274,53,42052,23070,23070,14388,4430,1,163,0,1341,16,0,16,16
0,13,moe,4157,58,35948,20368,20370,11586,3810,0,182,0,1080,15,0,15,15
0,14,moe,8342,52,36821,20430,20431,12246,4015,0,129,0,1082,16,0,16,16
0,15,moe,13599,51,39306,21342,21342,13453,4333,0,178,0,1267,15,0,15,15
0,16,moe,11419,54,37115,20677,20678,12314,3933,0,190,0,1083,16,0,16,16
0,17,moe,8830,52,37003,20807,20808,12333,3727,1,134,0,1244,16,0,16,16
0,18,moe,1806,55,36015,18526,18529,13478,3847,0,161,0,1287,15,0,15,15
0,19,moe,1412,53,29800,8247,8247,17496,3862,1,194,0,1098,16,0,16,16
0,20,moe,1191,58,20499,4009,4009,12228,4121,0,141,0,1102,16,0,16,16
0,21,moe,1324,66,28002,5215,5217,18076,4513,0,196,0,1299,16,0,16,16
0,22,moe,1305,58,22633,4430,4430,13891,4118,0,194,0,1114,16,0,16,16
0,23,moe,806,49,22875,4881,4882,13475,4368,1,149,0,1284,15,0,15,15
0,24,moe,1319,42,24120,5335,5337,14212,4427,0,144,0,1327,16,0,16,16
0,25,moe,1313,37,24145,5255,5256,14263,4493,1,132,0,1298,16,0,16,16
0,26,moe,809,35,12101,2642,2642,7133,2228,0,98,0,754,8,0,8,8
0,-1,epi,0,0,0,0,0,0,0,0,5341,0,0,0,0,0,0
1,-2,pre,50,0,0,0,0,0,0,0,0,0,0,0,0,0,0
1,0,dense,2379,40,0,0,0,0,0,0,0,0,0,0,0,0,0
1,1,moe,1251,35,29963,15579,15579,10721,3560,0,103,0,1267,12,0,12,12
1,2,moe,1118,44,35593,20007,20008,11588,3876,0,121,0,1297,13,0,13,13
1,3,moe,678,34,33789,18497,18497,11611,3562,0,119,0,1300,14,1,13,14
1,4,moe,1114,36,33610,19030,19030,10827,3571,1,181,0,1098,15,1,14,15
1,5,moe,1243,40,28596,16050,16052,9161,3282,0,101,0,1117,14,2,12,14
1,6,moe,1104,38,31374,16631,16631,10860,3708,0,175,0,1327,14,2,12,14
1,7,moe,679,41,37564,21367,21369,12319,3728,0,148,0,1131,16,0,16,16
1,8,moe,1131,41,30470,18302,18303,9267,2788,0,112,0,1128,13,1,12,13
1,9,moe,1246,40,41134,22281,22281,15529,3185,0,139,0,1320,15,2,13,15
1,10,moe,1152,43,30844,15052,15052,13073,2580,0,139,0,1099,15,3,12,15
1,11,moe,698,39,32407,18452,18452,10708,3130,0,117,0,1093,15,1,14,15
1,12,moe,1145,37,37961,21613,21613,12600,3589,0,159,0,1306,16,2,14,16
1,13,moe,1247,43,32866,17523,17523,12100,3111,0,132,0,1104,14,1,13,14
1,14,moe,1118,41,32453,18249,18249,10723,3369,1,111,0,1151,16,2,14,16
1,15,moe,669,35,34861,19191,19191,11690,3833,1,146,0,1319,15,2,13,15
1,16,moe,1116,39,36574,18870,18871,13693,3868,0,142,0,1111,16,2,14,16
1,17,moe,1246,42,31192,17482,17483,9974,3622,0,113,0,1137,14,1,13,14
1,18,moe,5593,35,44922,22748,22748,17201,4806,0,167,0,1352,15,0,15,15
1,19,moe,13844,32,32994,18110,18111,10819,3918,0,146,0,1152,15,1,14,15
1,20,moe,1107,46,33645,18759,18759,10683,4079,0,124,0,1167,15,1,14,15
1,21,moe,1243,42,23649,10530,10530,10189,2814,0,116,0,1281,15,5,10,15
1,22,moe,1242,41,16984,5048,5048,8686,3111,0,139,0,1165,15,4,11,15
1,23,moe,734,33,24776,4837,4839,15528,4270,0,139,0,1320,16,3,13,16
1,24,moe,1243,42,17145,3673,3674,9815,3553,0,103,0,1306,14,3,11,14
1,25,moe,1252,38,21851,4520,4521,12510,4703,0,117,0,1347,16,2,14,16
1,26,moe,672,34,13924,2609,2610,8598,2637,0,79,0,718,8,0,8,8
1,-1,epi,0,0,0,0,0,0,0,0,5315,0,0,0,0,0,0
2,-2,pre,6823,0,0,0,0,0,0,0,0,0,0,0,0,0,0
2,0,dense,113146,48,0,0,0,0,0,0,0,0,0,0,0,0,0
2,1,moe,60082,165,930698,428570,428583,452920,45603,0,3592,0,170489,0,0,0,216
2,2,moe,58864,174,663055,304596,304600,325620,13787,1,19047,0,136173,0,0,0,224
2,3,moe,36126,166,570080,264837,264850,274273,28416,0,2541,0,158441,0,0,0,200
2,4,moe,59200,176,512139,245259,245264,243670,20933,1,2271,0,105255,0,0,0,185
2,5,moe,61253,165,428451,178454,178464,211995,35864,0,2128,0,110687,0,0,0,164
2,6,moe,59382,170,443193,200007,200019,208859,32058,1,2256,0,148162,0,0,0,171
2,7,moe,35546,346,346989,167955,167965,162979,13798,0,2247,0,107151,0,0,0,167
2,8,moe,60304,171,386364,192028,192044,175130,16973,1,2216,0,107867,0,0,0,179
2,9,moe,62042,176,442980,211073,211081,202030,27660,0,2209,0,140701,0,0,0,172
2,10,moe,60779,174,411406,208801,208809,185440,14856,0,2301,0,113674,0,0,0,189
2,11,moe,35551,156,417720,209382,209389,183048,23018,0,2265,0,106374,0,0,0,187
2,12,moe,60212,176,452610,216579,216584,203192,30635,0,2199,0,138523,0,0,0,178
2,13,moe,62273,198,414078,202815,202824,185107,23831,0,2316,0,107942,0,0,0,185
2,14,moe,59934,180,422466,202259,202265,192338,25634,0,2229,0,108508,0,0,0,181
2,15,moe,35858,166,480927,230321,230336,216769,31289,0,2533,0,146859,0,0,0,189
2,16,moe,59246,184,421576,209373,209382,182918,26753,0,2523,0,112878,0,0,0,190
2,17,moe,60563,252,423863,204131,204137,183779,33621,0,2326,0,108694,0,0,0,187
2,18,moe,59256,186,538084,229439,229444,268577,37731,0,2332,0,148374,0,0,0,192
2,19,moe,35896,157,486387,217447,217455,240293,26324,1,2314,0,111838,0,0,0,198
2,20,moe,69160,147,451659,210640,210648,203189,35515,0,2307,0,114898,0,0,0,192
2,21,moe,70677,160,501282,217294,217300,248437,33309,1,2235,0,150855,0,0,0,180
2,22,moe,73403,150,514730,212085,212098,263229,37084,0,2319,0,116623,0,0,0,193
2,23,moe,46027,172,546078,223127,223137,289572,30979,0,2390,0,153334,0,0,0,184
2,24,moe,74872,182,488827,230813,230820,216286,39072,0,2649,0,159911,0,0,0,193
2,25,moe,71703,192,438900,209824,209838,201034,25433,1,2594,0,127941,0,0,0,175
2,26,moe,43458,32,5,0,0,0,0,0,5,0,7,0,0,0,0
2,-1,epi,0,0,0,0,0,0,0,0,5,0,0,0,0,0,0
3,-2,pre,238,0,0,0,0,0,0,0,0,0,0,0,0,0,0
3,0,dense,13136,52,0,0,0,0,0,0,0,0,0,0,0,0,0
3,1,moe,7628,59,64325,26888,26890,24239,12959,0,237,0,5082,26,3,23,26
3,2,moe,8908,51,57427,25577,25577,19566,12073,0,211,0,3826,23,1,22,23
3,3,moe,4062,43,57817,24222,24223,22026,11369,1,198,0,3822,22,1,21,22
3,4,moe,6406,51,37398,17287,17288,12317,7588,0,205,0,2562,18,2,16,18
3,5,moe,9853,44,50596,20338,20339,21140,8936,0,181,0,3195,20,1,19,20
3,6,moe,5856,241,60897,27011,27011,20581,13072,0,233,0,3807,24,1,23,24
3,7,moe,3851,45,45409,19517,19517,17099,8598,0,195,0,2566,19,1,18,19
3,8,moe,6882,46,37849,17446,17449,12262,7986,0,152,0,6124,17,1,16,17
3,9,moe,7758,50,62055,24993,24995,19170,17668,1,221,0,4667,23,2,21,23
3,10,moe,8897,44,60616,26325,26325,21648,12409,0,234,0,2656,25,1,24,25
3,11,moe,5314,49,37403,16361,16362,11695,9195,0,151,0,3079,19,4,15,19
3,12,moe,6054,48,50841,21836,21837,19984,8810,0,210,0,3350,19,1,18,19
3,13,moe,9360,50,57191,24014,24015,24419,8523,0,234,0,2612,22,0,22,22
3,14,moe,10635,50,43835,21639,21641,14874,7136,0,184,0,2629,21,2,19,21
3,15,moe,5947,47,56076,24952,24952,22157,8742,0,225,0,3450,21,0,21,21
3,16,moe,11522,52,44660,22469,22471,15546,6420,0,223,0,2595,22,2,20,22
3,17,moe,4736,47,56277,25753,25754,22841,7488,0,194,0,2627,25,2,23,25
3,18,moe,4538,47,63073,28472,28477,27267,7101,0,228,0,7599,25,3,22,25
3,19,moe,1437,39,32467,6740,6742,18684,6796,0,245,0,1963,24,0,24,24
3,20,moe,1417,41,36657,10113,10114,21084,5281,0,178,0,1929,23,0,23,23
3,21,moe,1423,36,36886,8065,8070,19643,8965,0,208,0,2385,24,2,22,24
3,22,moe,1436,40,37587,6948,6950,24208,6212,0,217,0,2402,24,2,22,24
3,23,moe,1279,39,38669,9021,9023,19369,10062,0,215,0,2371,22,1,21,22
3,24,moe,1441,42,47551,12007,12008,28547,6816,0,180,0,2391,26,2,24,26
3,25,moe,1431,37,45848,13990,13992,24098,7577,0,181,0,2384,24,1,23,24
3,26,moe,3773,36,9817,4923,4924,3625,1217,0,51,0,5214,8,4,4,8
3,-1,epi,0,0,0,0,0,0,0,0,34087,0,0,0,0,0,0
4,-2,pre,71,0,0,0,0,0,0,0,0,0,0,0,0,0,0
4,0,dense,1405,49,0,0,0,0,0,0,0,0,0,0,0,0,0
4,1,moe,2146,37,10964,5081,5081,3578,2252,0,53,0,1253,8,4,4,8
4,2,moe,3392,37,5586,2436,2438,1815,1296,0,37,0,797,8,6,2,8
4,3,moe,6922,39,13653,4846,4846,6488,2254,0,65,0,725,8,4,4,8
4,4,moe,3204,38,7338,3367,3367,2351,1548,0,72,0,601,8,5,3,8
4,5,moe,3375,38,7075,3282,3282,2288,1458,0,47,0,608,8,5,3,8
4,6,moe,3672,36,8159,3540,3542,2750,1800,0,67,0,724,8,5,3,8
4,7,moe,6852,36,8947,3257,3257,4199,1421,0,70,0,604,8,5,3,8
4,8,moe,3362,35,7054,3259,3259,2297,1456,0,42,0,606,8,5,3,8
4,9,moe,3371,48,8087,3537,3537,2754,1726,1,69,0,726,8,5,3,8
4,10,moe,3328,36,8632,4182,4182,3113,1242,0,95,0,610,8,4,4,8
4,11,moe,6691,36,1905,1065,1065,765,50,0,25,0,601,8,7,1,8
4,12,moe,3310,34,14494,5968,5969,8159,282,0,84,0,717,8,3,5,8
4,13,moe,3280,32,3838,2109,2109,1578,103,0,48,0,597,8,6,2,8
4,14,moe,3478,33,5080,2187,2188,2764,97,0,31,0,592,8,6,2,8
4,15,moe,6706,32,6380,3400,3401,2748,175,0,56,0,723,8,5,3,8
4,16,moe,3118,32,6219,3230,3230,2335,593,1,60,0,594,8,5,3,8
4,17,moe,789,33,5678,3215,3215,2280,148,0,35,0,1074,8,5,3,8
4,18,moe,714,32,6969,3482,3482,2736,696,0,55,0,713,8,5,3,8
4,19,moe,535,33,3349,803,803,2339,149,0,58,0,599,8,5,3,8
4,20,moe,718,37,3108,1452,1452,1530,99,0,27,0,601,8,6,2,8
4,21,moe,803,36,3885,913,913,2741,174,0,57,0,717,8,5,3,8
4,22,moe,784,32,5428,2872,2872,2344,150,0,62,0,597,8,5,3,8
4,23,moe,561,38,6029,891,891,4916,168,0,54,0,717,8,5,3,8
4,24,moe,796,33,6350,1571,1572,4439,288,0,51,0,719,8,3,5,8
4,25,moe,792,34,7644,1919,1919,5327,341,0,57,0,721,8,2,6,8
4,26,moe,553,32,11934,6238,6239,4428,1215,1,51,0,1295,8,3,5,8
4,-1,epi,0,0,0,0,0,0,0,0,5559,0,0,0,0,0,0
5,-2,pre,212,0,0,0,0,0,0,0,0,0,0,0,0,0,0
5,0,dense,1413,36,0,0,0,0,0,0,0,0,0,0,0,0,0
5,1,moe,812,37,13540,6195,6195,4444,2851,0,50,0,725,8,3,5,8
5,2,moe,721,37,18872,8400,8400,6247,4154,1,70,0,728,8,1,7,8
5,3,moe,545,40,18758,8380,8380,6246,4062,0,70,0,721,8,1,7,8
5,4,moe,713,41,17293,9564,9565,4628,3006,1,93,0,602,8,2,6,8
5,5,moe,796,43,11387,5493,5495,3803,2034,0,55,0,605,8,3,5,8
5,6,moe,720,36,9224,4752,4752,3643,759,0,70,0,714,8,4,4,8
5,7,moe,535,34,7093,3257,3257,2327,1444,0,65,0,599,8,5,3,8
5,8,moe,721,35,7032,3232,3233,2289,1470,1,39,0,599,8,5,3,8
5,9,moe,788,36,12897,7034,7034,5419,345,0,99,0,715,8,2,6,8
5,10,moe,708,35,5784,3230,3230,2344,149,0,61,0,597,8,5,3,8
5,11,moe,535,28,13333,7586,7586,5344,342,0,61,0,612,8,1,7,8
5,12,moe,715,32,12996,7180,7180,5399,337,0,80,0,727,8,2,6,8
5,13,moe,781,32,12655,5363,5363,6964,251,0,77,0,602,8,3,5,8
5,14,moe,702,33,7739,4444,4444,3051,200,0,44,0,590,8,4,4,8
5,15,moe,539,32,10795,5886,5886,4550,286,0,73,0,712,8,3,5,8
5,16,moe,704,31,7751,4382,4382,3107,196,0,66,0,591,8,4,4,8
5,17,moe,783,31,7646,4363,4364,3045,196,0,41,0,586,8,4,4,8
5,18,moe,718,30,14917,8151,8151,6284,394,0,88,0,720,8,1,7,8
5,19,moe,538,29,4382,1016,1016,3100,196,0,70,0,604,8,4,4,8
5,20,moe,719,30,3285,815,815,2280,147,0,43,0,598,8,5,3,8
5,21,moe,783,34,6421,1519,1519,4540,287,0,75,0,782,8,3,5,8
5,22,moe,767,32,3469,821,821,2414,164,1,69,0,663,8,5,3,8
5,23,moe,600,42,4099,568,569,3355,121,0,54,0,773,8,6,2,8
5,24,moe,805,40,5261,1292,1292,3669,251,0,49,0,728,8,4,4,8
5,25,moe,809,36,5131,1292,1292,3563,230,0,46,0,725,8,4,4,8
5,26,moe,553,36,9641,6187,6187,2658,761,0,35,0,1275,8,5,3,8
5,-1,epi,0,0,0,0,0,0,0,0,5543,0,0,0,0,0,0
6,-2,pre,85,0,0,0,0,0,0,0,0,0,0,0,0,0,0
6,0,dense,1403,33,0,0,0,0,0,0,0,0,0,0,0,0,0
6,1,moe,806,36,16177,6199,6199,8083,1845,0,50,0,723,8,3,5,8
6,2,moe,728,38,10619,4727,4727,3557,2285,1,49,0,718,8,4,4,8
6,3,moe,543,35,13353,6086,6086,4460,2752,0,55,0,716,8,3,5,8
6,4,moe,748,39,14000,9785,9787,3873,243,0,97,0,585,8,3,5,8
6,5,moe,785,38,5820,3343,3343,2293,147,0,37,0,585,8,5,3,8
6,6,moe,725,41,4439,2412,2412,1867,113,0,47,0,706,8,6,2,8
6,7,moe,540,38,8523,4237,4237,3100,1120,0,66,0,595,8,4,4,8
6,8,moe,727,36,11432,5525,5526,3835,2015,0,56,0,596,8,3,5,8
6,9,moe,779,38,9343,4866,4866,3628,776,0,73,0,712,8,4,4,8
6,10,moe,716,39,10971,5457,5457,3862,1566,0,86,0,594,8,3,5,8
6,11,moe,538,38,5191,2302,2302,2757,100,0,32,0,581,8,6,2,8
6,12,moe,713,41,6573,3601,3601,2740,171,0,61,0,702,8,5,3,8
6,13,moe,783,35,8893,6331,6331,2351,152,0,59,0,580,8,5,3,8
6,14,moe,714,44,6872,4381,4381,2305,152,0,34,0,582,8,5,3,8
6,15,moe,534,29,11732,6183,6184,4568,902,0,78,0,727,8,3,5,8
6,16,moe,3466,35,17766,9028,9028,8335,298,0,105,0,595,8,2,6,8
6,17,moe,4097,35,9505,5372,5372,3825,252,0,56,0,594,8,3,5,8
6,18,moe,5444,34,2354,1256,1256,998,58,0,42,0,702,8,7,1,8
6,19,moe,13129,31,6026,1323,1324,3873,743,0,86,0,604,8,3,5,8
6,20,moe,720,35,4418,1118,1118,3054,197,0,49,0,594,8,4,4,8
6,21,moe,787,34,2667,619,619,1877,115,0,56,0,712,8,6,2,8
6,22,moe,794,33,3367,795,795,2359,152,0,61,0,596,8,5,3,8
6,23,moe,546,33,3908,889,890,2788,172,0,58,0,716,8,5,3,8
6,24,moe,783,32,3792,919,919,2660,181,0,32,0,709,8,5,3,8
6,25,moe,794,31,3843,957,957,2672,179,0,35,0,715,8,5,3,8
6,26,moe,548,32,15678,10846,10847,3558,1230,0,43,0,1610,8,4,4,8
6,-1,epi,0,0,0,0,0,0,0,0,5504,0,0,0,0,0,0
7,-2,pre,205,0,0,0,0,0,0,0,0,0,0,0,0,0,0
7,0,dense,1411,35,0,0,0,0,0,0,0,0,0,0,0,0,0
7,1,moe,795,35,13334,8231,8231,4451,598,0,54,0,712,8,3,5,8
7,2,moe,704,32,5487,2459,2459,1788,1213,0,27,0,719,8,6,2,8
7,3,moe,539,31,4353,1207,1207,1414,1712,0,20,0,703,8,7,1,8
7,4,moe,709,30,6973,4378,4378,2378,147,0,70,0,587,8,5,3,8
7,5,moe,789,35,4376,2262,2262,1524,563,0,27,0,586,8,6,2,8
7,6,moe,716,31,2317,1224,1224,991,55,0,47,0,708,8,7,1,8
7,7,moe,536,30,10119,6735,6735,3107,198,0,79,0,597,8,4,4,8
7,8,moe,713,34,14316,8056,8056,5523,686,0,51,0,588,8,4,4,8
7,9,moe,771,35,4675,2573,2573,1934,117,0,51,0,711,8,6,2,8
7,10,moe,715,33,2779,1196,1196,1459,51,0,73,0,611,8,7,1,8
7,11,moe,535,39,3900,2242,2242,1529,100,0,29,0,585,8,6,2,8
7,12,moe,707,32,17673,9066,9066,8216,283,0,108,0,703,8,3,5,8
7,13,moe,769,32,5948,3346,3346,2380,155,0,67,0,633,8,5,3,8
7,14,moe,709,32,5884,3402,3403,2295,150,0,36,0,596,8,5,3,8
7,15,moe,540,34,10732,5823,5823,4550,283,1,75,0,709,8,3,5,8
7,16,moe,713,30,4079,2336,2336,1589,99,0,55,0,585,8,6,2,8
7,17,moe,783,43,7610,3271,3271,4157,147,0,35,0,588,8,5,3,8
7,18,moe,705,32,6589,3572,3572,2782,172,0,63,0,705,8,5,3,8
7,19,moe,539,29,6056,3480,3480,2371,147,0,58,0,582,8,5,3,8
7,20,moe,716,30,2188,544,544,1517,98,0,29,0,583,8,6,2,8
7,21,moe,780,32,5150,1246,1247,3610,224,0,69,0,711,8,4,4,8
7,22,moe,783,35,6953,1081,1081,5612,192,1,67,0,594,8,4,4,8
7,23,moe,558,35,2672,605,605,1904,116,0,47,0,703,8,6,2,8
7,24,moe,793,31,1297,316,317,897,66,0,17,0,705,8,7,1,8
7,25,moe,789,30,5214,2205,2205,2752,208,0,49,0,784,8,5,3,8
7,26,moe,587,41,5164,2774,2774,1820,533,0,37,0,766,8,6,2,8
7,-1,epi,0,0,0,0,0,0,0,0,5520,0,0,0,0,0,0
8,-2,pre,206,0,0,0,0,0,0,0,0,0,0,0,0,0,0
8,0,dense,1410,38,0,0,0,0,0,0,0,0,0,0,0,0,0
8,1,moe,810,39,6588,3675,3675,2682,191,0,40,0,720,8,5,3,8
8,2,moe,719,34,5269,2466,2466,1784,986,0,33,0,718,8,6,2,8
8,3,moe,543,32,8978,5127,5127,3558,244,0,49,0,714,8,4,4,8
8,4,moe,714,33,4028,2254,2254,1612,100,0,62,0,600,8,6,2,8
8,5,moe,789,32,5998,3503,3503,2300,148,1,46,0,597,8,5,3,8
8,6,moe,718,32,13050,7164,7164,5452,344,0,90,0,726,8,2,6,8
8,7,moe,545,31,5764,2282,2283,2884,547,0,50,0,597,8,6,2,8
8,8,moe,709,36,3891,2235,2235,1523,102,0,31,0,595,8,6,2,8
8,9,moe,791,30,9521,3777,3777,4946,737,0,61,0,721,8,5,3,8
8,10,moe,722,33,5835,3271,3271,2343,150,0,71,0,592,8,5,3,8
8,11,moe,538,30,7611,4302,4302,3066,199,0,44,0,598,8,4,4,8
8,12,moe,708,31,6575,3562,3562,2783,172,0,58,0,714,8,5,3,8
8,13,moe,777,31,5787,3230,3230,2345,147,0,65,0,598,8,5,3,8
8,14,moe,704,30,5776,3298,3298,2290,148,0,40,0,594,8,5,3,8
8,15,moe,541,29,4380,2328,2328,1894,113,0,45,0,711,8,6,2,8
8,16,moe,711,35,7734,4338,4338,3131,195,0,70,0,597,8,4,4,8
8,17,moe,774,41,4883,2413,2413,2291,146,0,33,0,591,8,5,3,8
8,18,moe,707,30,6855,3661,3661,2763,373,0,58,0,715,8,5,3,8
8,19,moe,542,31,6248,4496,4496,1607,97,0,48,0,583,8,6,2,8
8,20,moe,707,30,2192,554,554,1515,99,0,24,0,593,8,6,2,8
8,21,moe,772,31,2314,1209,1209,1010,56,0,39,0,713,8,7,1,8
8,22,moe,778,29,2447,528,528,1581,292,0,46,0,595,8,6,2,8
8,23,moe,542,32,9,0,0,0,0,0,9,0,704,8,8,0,8
8,24,moe,787,32,2117,305,305,1719,57,0,36,0,711,8,7,1,8
8,25,moe,783,28,7221,1270,1270,5679,227,0,45,0,719,8,4,4,8
8,26,moe,550,31,7144,3665,3665,2667,780,0,32,0,713,8,5,3,8
8,-1,epi,0,0,0,0,0,0,0,0,5562,0,0,0,0,0,0
9,-2,pre,223,0,0,0,0,0,0,0,0,0,0,0,0,0,0
9,0,dense,1397,246,0,0,0,0,0,0,0,0,0,0,0,0,0
9,1,moe,833,38,10186,7090,7090,2670,381,0,45,0,717,8,5,3,8
9,2,moe,708,32,6527,3643,3643,2673,176,0,35,0,709,8,5,3,8
9,3,moe,542,34,4386,2464,2464,1780,113,0,29,0,713,8,6,2,8
9,4,moe,709,41,7846,3379,3379,4251,147,0,69,0,592,8,5,3,8
9,5,moe,771,34,8347,4504,4504,3068,730,0,45,0,600,8,4,4,8
9,6,moe,706,35,11,0,0,0,0,0,11,0,701,8,8,0,8
9,7,moe,543,34,6512,4035,4035,2292,147,0,38,0,597,8,5,3,8
9,8,moe,715,33,3980,2318,2318,1533,99,0,30,0,592,8,6,2,8
9,9,moe,781,35,5714,2690,2690,2791,172,0,61,0,716,8,5,3,8
9,10,moe,718,36,10,0,0,0,0,0,10,0,584,8,8,0,8
9,11,moe,548,43,2072,1140,1141,833,49,0,49,0,594,8,7,1,8
9,12,moe,708,31,1387,316,317,972,57,0,41,0,712,8,7,1,8
9,13,moe,784,29,2102,1163,1163,849,49,0,41,0,599,8,7,1,8
9,14,moe,706,29,2020,1177,1177,775,49,0,19,0,598,8,7,1,8
9,15,moe,545,33,2828,778,778,1884,117,0,49,0,720,8,6,2,8
9,16,moe,715,31,6111,3542,3542,2351,149,0,69,0,593,8,5,3,8
9,17,moe,784,30,3086,1437,1437,1523,98,0,28,0,598,8,6,2,8
9,18,moe,708,29,4652,2592,2593,1894,114,0,51,0,727,8,6,2,8
9,19,moe,541,29,1348,425,426,829,48,0,45,0,589,8,7,1,8
9,20,moe,719,31,1095,271,271,760,48,0,16,0,603,8,7,1,8
9,21,moe,791,35,2622,604,604,1856,115,0,47,0,717,8,6,2,8
9,22,moe,791,31,5660,1330,1330,3991,259,1,79,0,615,8,3,5,8
9,23,moe,579,29,1418,300,301,1018,60,0,39,0,747,8,7,1,8
9,24,moe,798,32,2595,622,622,1825,121,0,27,0,719,8,6,2,8
9,25,moe,782,31,3928,965,965,2730,194,0,39,0,768,8,5,3,8
9,26,moe,569,30,5295,2452,2452,1880,932,0,31,0,756,8,6,2,8
9,-1,epi,0,0,0,0,0,0,0,0,5365,0,0,0,0,0,0
10,-2,pre,209,0,0,0,0,0,0,0,0,0,0,0,0,0,0
10,0,dense,1412,35,0,0,0,0,0,0,0,0,0,0,0,0,0
10,1,moe,794,41,19518,11664,11664,7108,660,0,86,0,730,8,0,8,8
10,2,moe,711,40,4337,2398,2398,1785,119,0,35,0,720,8,6,2,8
10,3,moe,545,32,8970,4906,4907,3561,426,0,76,0,721,8,4,4,8
10,4,moe,717,34,8180,4772,4773,3116,199,0,92,0,592,8,4,4,8
10,5,moe,781,37,3913,2253,2253,1528,98,0,34,0,587,8,6,2,8
10,6,moe,706,33,4879,2700,2700,1996,122,0,61,0,715,8,6,2,8
10,7,moe,540,31,5909,3317,3317,2368,149,0,75,0,594,8,5,3,8
10,8,moe,705,31,5823,3353,3353,2285,148,0,37,0,594,8,5,3,8
10,9,moe,771,31,10147,5045,5045,4516,502,0,84,0,707,8,3,5,8
10,10,moe,698,30,7726,4340,4340,3108,198,0,80,0,591,8,4,4,8
10,11,moe,538,28,9487,5378,5379,3800,249,0,59,0,601,8,3,5,8
10,12,moe,704,29,7947,4022,4022,3633,225,0,67,0,708,8,4,4,8
10,13,moe,768,31,5784,3215,3215,2353,147,1,68,0,598,8,5,3,8
10,14,moe,704,32,7754,4453,4453,3057,197,0,47,0,589,8,4,4,8
10,15,moe,538,30,14136,7323,7323,6317,394,0,102,0,717,8,1,7,8
10,16,moe,702,30,10876,5827,5828,4661,295,0,92,0,588,8,2,6,8
10,17,moe,767,32,11140,6095,6096,4653,316,0,75,0,640,8,2,6,8
10,18,moe,701,37,12942,7053,7053,5444,343,0,102,0,735,8,2,6,8
10,19,moe,540,32,11417,6377,6377,4639,294,0,107,0,600,8,2,6,8
10,20,moe,711,33,8139,4006,4006,3831,242,0,60,0,598,8,3,5,8
10,21,moe,772,32,6449,1533,1533,4551,281,0,84,0,714,8,3,5,8
10,22,moe,779,31,4421,1018,1018,3130,196,0,77,0,592,8,4,4,8
10,23,moe,559,41,5138,1175,1176,3660,230,0,72,0,725,8,4,4,8
10,24,moe,780,31,7548,1840,1840,5310,337,0,61,0,718,8,2,6,8
10,25,moe,780,32,7548,2790,2790,4422,282,0,54,0,724,8,3,5,8
10,26,moe,552,30,13468,6058,6058,4456,2891,0,63,0,728,8,3,5,8
10,-1,epi,0,0,0,0,0,0,0,0,5545,0,0,0,0,0,0
11,-2,pre,227,0,0,0,0,0,0,0,0,0,0,0,0,0,0
11,0,dense,1402,35,0,0,0,0,0,0,0,0,0,0,0,0,0
11,1,moe,800,37,2495,1318,1318,893,256,0,28,0,729,8,7,1,8
11,2,moe,728,34,4435,2517,2518,1773,113,1,30,0,711,8,6,2,8
11,3,moe,546,29,4379,2457,2457,1777,115,0,30,0,713,8,6,2,8
11,4,moe,709,31,3973,2227,2227,1582,98,1,65,0,602,8,6,2,8
11,5,moe,771,37,3899,2228,2228,1538,100,0,33,0,594,8,6,2,8
11,6,moe,703,30,4388,2333,2333,1887,115,0,53,0,712,8,6,2,8
11,7,moe,539,28,3856,2121,2121,1584,98,0,53,0,602,8,6,2,8
11,8,moe,708,30,5708,3236,3236,2282,145,0,45,0,592,8,5,3,8
11,9,moe,780,35,5773,2757,2757,2778,173,0,65,0,731,8,5,3,8
11,10,moe,709,33,5868,3307,3307,2352,148,0,61,0,602,8,5,3,8
11,11,moe,551,29,3858,2198,2198,1532,99,0,29,0,591,8,6,2,8
11,12,moe,711,29,8670,4709,4709,3662,226,0,73,0,723,8,4,4,8
11,13,moe,774,29,3949,2205,2206,1590,100,0,53,0,590,8,6,2,8
11,14,moe,704,32,11165,6199,6199,4586,313,0,67,0,599,8,2,6,8
11,15,moe,538,30,8656,4705,4705,3657,225,0,69,0,722,8,4,4,8
11,16,moe,710,32,11785,6748,6748,4637,299,0,101,0,596,8,2,6,8
11,17,moe,772,29,7997,3886,3886,3811,246,0,54,0,597,8,3,5,8
11,18,moe,702,31,10057,5148,5148,4547,283,0,79,0,720,8,3,5,8
11,19,moe,537,28,7167,3765,3765,3128,198,0,76,0,597,8,4,4,8
11,20,moe,709,34,3842,2184,2184,1527,101,0,30,0,600,8,6,2,8
11,21,moe,768,32,6257,2275,2275,3672,228,0,82,0,713,8,4,4,8
11,22,moe,787,30,3357,791,791,2349,148,0,69,0,603,8,5,3,8
11,23,moe,562,27,2619,601,601,1851,116,0,51,0,712,8,6,2,8
11,24,moe,780,33,5085,1246,1246,3564,230,0,45,0,720,8,4,4,8
11,25,moe,779,29,6313,1564,1564,4418,279,0,52,0,715,8,3,5,8
11,26,moe,546,28,15015,7552,7552,5324,2078,0,61,0,749,8,2,6,8
11,-1,epi,0,0,0,0,0,0,0,0,5547,0,0,0,0,0,0
12,-2,pre,2563,0,0,0,0,0,0,0,0,0,0,0,0,0,0
12,0,dense,1389,42,0,0,0,0,0,0,0,0,0,0,0,0,0
12,1,moe,794,39,9655,5820,5820,3553,228,0,54,0,721,8,4,4,8
12,2,moe,706,35,6628,3736,3736,2667,176,0,49,0,718,8,5,3,8
12,3,moe,541,33,7371,5439,5439,1789,114,0,29,0,710,8,6,2,8
12,4,moe,707,34,6065,3476,3477,2363,149,0,76,0,588,8,5,3,8
12,5,moe,774,35,5271,2602,2602,2288,344,0,37,0,599,8,5,3,8
12,6,moe,702,33,4431,2374,2374,1884,117,0,56,0,720,8,6,2,8
12,7,moe,547,36,2068,1150,1150,824,51,0,43,0,598,8,7,1,8
12,8,moe,700,35,3953,2296,2296,1523,101,0,33,0,600,8,6,2,8
12,9,moe,775,31,11080,6168,6169,4540,285,0,86,0,719,8,3,5,8
12,10,moe,704,33,3125,1378,1378,1589,100,0,58,0,603,8,6,2,8
12,11,moe,545,30,7877,4410,4410,3032,385,0,50,0,599,8,4,4,8
12,12,moe,703,30,11009,6075,6076,4564,279,0,90,0,711,8,3,5,8
12,13,moe,763,29,6991,3599,3600,3114,198,0,79,0,592,8,4,4,8
12,14,moe,699,31,5938,3468,3468,2280,150,0,40,0,598,8,5,3,8
12,15,moe,537,29,8579,4626,4626,3653,228,0,72,0,705,8,4,4,8
12,16,moe,702,31,10857,5828,5828,4645,290,0,94,0,595,8,2,6,8
12,17,moe,775,32,6192,2896,2896,3045,200,0,51,0,586,8,4,4,8
12,18,moe,700,31,11006,6090,6090,4542,290,0,84,0,707,8,3,5,8
12,19,moe,541,29,5601,3028,3028,2356,147,0,70,0,589,8,5,3,8
12,20,moe,702,34,2992,1340,1340,1525,99,0,28,0,588,8,6,2,8
12,21,moe,764,33,4513,1489,1489,2791,171,0,62,0,709,8,5,3,8
12,22,moe,775,35,3368,785,785,2377,145,0,61,0,592,8,5,3,8
12,23,moe,548,33,8,0,0,0,0,0,8,0,701,8,8,0,8
12,24,moe,771,32,5180,1230,1231,3645,224,0,80,0,714,8,4,4,8
12,25,moe,779,30,2543,632,632,1769,117,0,25,0,716,8,6,2,8
12,26,moe,554,28,5710,2851,2851,2655,170,0,34,0,709,8,5,3,8
12,-1,epi,0,0,0,0,0,0,0,0,5584,0,0,0,0,0,0
13,-2,pre,212,0,0,0,0,0,0,0,0,0,0,0,0,0,0
13,0,dense,1396,30,0,0,0,0,0,0,0,0,0,0,0,0,0
13,1,moe,807,37,7087,3179,3180,3603,255,0,49,0,792,8,4,4,8
13,2,moe,712,41,2227,1197,1197,926,77,0,27,0,768,8,7,1,8
13,3,moe,557,35,2214,1221,1222,901,68,0,23,0,718,8,7,1,8
13,4,moe,727,33,10,0,0,0,0,0,10,0,592,8,8,0,8
13,5,moe,792,32,2149,1192,1192,845,52,0,60,0,600,8,7,1,8
13,6,moe,713,31,2408,1271,1271,1037,60,0,40,0,717,8,7,1,8
13,7,moe,553,29,2188,1257,1257,833,52,0,46,0,594,8,7,1,8
13,8,moe,712,32,1997,1162,1162,765,50,0,20,0,592,8,7,1,8
13,9,moe,791,30,2277,1160,1160,1013,58,0,46,0,717,8,7,1,8
13,10,moe,718,30,2112,1177,1177,847,50,0,38,0,597,8,7,1,8
13,11,moe,547,27,3854,2207,2207,1520,98,0,29,0,596,8,6,2,8
13,12,moe,723,35,2683,630,630,1888,117,0,48,0,716,8,6,2,8
13,13,moe,777,31,2043,1106,1106,843,49,0,45,0,593,8,7,1,8
13,14,moe,721,31,3046,1385,1385,1534,98,0,29,0,599,8,6,2,8
13,15,moe,555,34,7542,2645,2645,4540,283,1,73,0,719,8,3,5,8
13,16,moe,720,34,7377,3170,3172,3889,244,0,72,0,592,8,3,5,8
13,17,moe,789,28,4184,1703,1703,2290,153,0,38,0,592,8,5,3,8
13,18,moe,715,31,7246,3263,3263,3685,228,0,70,0,719,8,4,4,8
13,19,moe,547,30,6418,3046,3046,3101,200,0,71,0,588,8,4,4,8
13,20,moe,707,31,1928,1087,1088,772,51,0,17,0,599,8,7,1,8
13,21,moe,776,33,3587,1540,1540,1881,117,0,49,0,717,8,6,2,8
13,22,moe,774,29,2279,530,530,1595,101,0,53,0,604,8,6,2,8
13,23,moe,546,30,8,0,0,0,0,0,8,0,706,8,8,0,8
13,24,moe,784,34,5141,1216,1216,3631,232,0,62,0,719,8,4,4,8
13,25,moe,810,38,1270,306,306,885,61,0,18,0,715,8,7,1,8
13,26,moe,558,29,2697,590,590,1774,307,0,26,0,722,8,6,2,8
13,-1,epi,0,0,0,0,0,0,0,0,5677,0,0,0,0,0,0
14,-2,pre,263,0,0,0,0,0,0,0,0,0,0,0,0,0,0
14,0,dense,1424,32,0,0,0,0,0,0,0,0,0,0,0,0,0
14,1,moe,804,30,6301,1526,1527,4434,289,0,51,0,722,8,3,5,8
14,2,moe,736,28,18,0,0,0,0,0,18,0,729,8,8,0,8
14,3,moe,561,28,9,0,0,0,0,0,9,0,729,8,8,0,8
14,4,moe,725,30,8,0,0,0,0,0,8,0,619,8,8,0,8
14,5,moe,815,28,2320,1378,1378,843,51,0,48,0,605,8,7,1,8
14,6,moe,724,30,2423,1329,1329,996,58,0,40,0,717,8,7,1,8
14,7,moe,563,30,2033,1117,1117,822,51,0,43,0,600,8,7,1,8
14,8,moe,720,30,2003,1171,1171,764,50,0,18,0,594,8,7,1,8
14,9,moe,781,29,10,0,0,0,0,0,10,0,721,8,8,0,8
14,10,moe,716,30,8,0,0,0,0,0,8,0,611,8,8,0,8
14,11,moe,561,29,1937,1099,1099,767,50,0,21,0,606,8,7,1,8
14,12,moe,711,29,6335,2348,2348,3682,232,0,73,0,727,8,4,4,8
14,13,moe,786,31,3937,2181,2181,1600,101,0,55,0,600,8,6,2,8
14,14,moe,717,29,3845,2185,2185,1529,101,0,30,0,599,8,6,2,8
14,15,moe,549,32,9628,3775,3775,5435,340,0,78,0,718,8,2,6,8
14,16,moe,719,32,5504,2124,2124,3109,196,0,75,0,592,8,4,4,8
14,17,moe,773,31,6619,1692,1693,4574,297,0,55,0,599,8,2,6,8
14,18,moe,719,35,5803,1854,1854,3662,226,0,61,0,712,8,4,4,8
14,19,moe,553,30,8573,4360,4360,3890,248,0,75,0,590,8,3,5,8
14,20,moe,716,29,9,0,0,0,0,0,9,0,585,8,8,0,8
14,21,moe,786,39,3919,936,936,2755,166,0,62,0,722,8,5,3,8
14,22,moe,784,29,4454,1037,1037,3145,202,0,70,0,593,8,4,4,8
14,23,moe,553,27,1359,306,306,960,56,0,37,0,711,8,7,1,8
14,24,moe,785,33,3835,950,950,2668,172,0,45,0,721,8,5,3,8
14,25,moe,791,33,1266,309,309,882,57,0,18,0,712,8,7,1,8
14,26,moe,561,31,5931,2866,2866,2657,371,0,37,0,705,8,5,3,8
14,-1,epi,0,0,0,0,0,0,0,0,5648,0,0,0,0,0,0
15,-2,pre,2470,0,0,0,0,0,0,0,0,0,0,0,0,0,0
15,0,dense,1416,37,0,0,0,0,0,0,0,0,0,0,0,0,0
15,1,moe,813,34,9513,3784,3784,5325,345,0,59,0,718,8,2,6,8
15,2,moe,725,39,9,0,0,0,0,0,9,0,707,8,8,0,8
15,3,moe,554,32,9,0,0,0,0,0,9,0,715,8,8,0,8
15,4,moe,727,35,9,0,0,0,0,0,9,0,621,8,8,0,8
15,5,moe,799,41,8,0,0,0,0,0,8,0,616,8,8,0,8
15,6,moe,730,43,3538,1628,1628,1769,113,0,28,0,729,8,6,2,8
15,7,moe,558,30,2231,1288,1288,843,52,0,48,0,601,8,7,1,8
15,8,moe,748,34,2035,1198,1198,764,51,0,22,0,603,8,7,1,8
15,9,moe,792,33,2435,1293,1293,1041,59,0,42,0,720,8,7,1,8
15,10,moe,725,30,9,0,0,0,0,0,9,0,599,8,8,0,8
15,11,moe,557,28,5980,3407,3407,2364,149,0,60,0,599,8,5,3,8
15,12,moe,742,38,6706,4653,4653,1881,113,0,59,0,712,8,6,2,8
15,13,moe,775,30,2110,1153,1153,854,53,0,50,0,595,8,7,1,8
15,14,moe,713,30,1975,1137,1137,770,49,0,19,0,595,8,7,1,8
15,15,moe,554,31,7141,3179,3179,3666,231,0,65,0,710,8,4,4,8
15,16,moe,722,33,3377,806,806,2362,147,0,62,0,593,8,5,3,8
15,17,moe,777,34,10374,5281,5281,4579,460,0,54,0,593,8,2,6,8
15,18,moe,716,36,9847,3954,3954,5455,349,0,89,0,713,8,2,6,8
15,19,moe,549,30,5439,2869,2870,2358,148,0,63,0,587,8,5,3,8
15,20,moe,722,35,7686,4377,4377,3062,202,0,45,0,591,8,4,4,8
15,21,moe,773,35,3367,1251,1252,1919,114,0,82,0,709,8,6,2,8
15,22,moe,781,31,4412,1037,1037,3104,194,0,77,0,593,8,4,4,8
15,23,moe,544,32,2614,597,597,1851,118,0,48,0,713,8,6,2,8
15,24,moe,795,31,5067,1249,1250,3545,228,0,44,0,717,8,4,4,8
15,25,moe,806,33,1276,315,315,884,59,0,18,0,717,8,7,1,8
15,26,moe,558,32,9053,5016,5016,3555,441,0,41,0,709,8,4,4,8
15,-1,epi,0,0,0,0,0,0,0,0,5623,0,0,0,0,0,0
16,-2,pre,254,0,0,0,0,0,0,0,0,0,0,0,0,0,0
16,0,dense,1418,33,0,0,0,0,0,0,0,0,0,0,0,0,0
16,1,moe,813,33,10097,5319,5320,4441,284,0,52,0,722,8,3,5,8
16,2,moe,717,32,7826,4022,4022,3534,226,0,44,0,712,8,4,4,8
16,3,moe,570,34,7764,3941,3941,3550,228,0,45,0,713,8,4,4,8
16,4,moe,715,29,7847,4452,4452,3114,198,0,83,0,590,8,4,4,8
16,5,moe,789,33,9762,5648,5649,3821,243,0,49,0,590,8,3,5,8
16,6,moe,712,30,6867,3616,3616,2806,387,0,58,0,713,8,5,3,8
16,7,moe,538,27,3871,2136,2137,1584,99,0,51,0,593,8,6,2,8
16,8,moe,713,29,3929,2276,2276,1527,99,0,27,0,587,8,6,2,8
16,9,moe,785,37,6672,3666,3666,2770,173,0,63,0,717,8,5,3,8
16,10,moe,711,31,8,0,0,0,0,0,8,0,585,8,8,0,8
16,11,moe,543,30,8878,4653,4654,3894,244,3,83,0,591,8,3,5,8
16,12,moe,714,28,7669,4680,4680,2763,169,0,57,0,706,8,5,3,8
16,13,moe,783,28,2076,1128,1128,840,61,0,47,0,598,8,7,1,8
16,14,moe,715,33,6920,3538,3538,3111,219,0,52,0,672,8,4,4,8
16,15,moe,601,37,6978,3000,3001,3671,228,0,78,0,723,8,4,4,8
16,16,moe,721,33,8798,4575,4575,3886,247,0,90,0,597,8,3,5,8
16,17,moe,777,34,5851,3370,3370,2294,148,0,39,0,596,8,5,3,8
16,18,moe,725,32,10808,3953,3953,6555,226,0,74,0,708,8,4,4,8
16,19,moe,550,30,2708,1132,1132,1483,49,0,44,0,586,8,7,1,8
16,20,moe,717,31,1688,235,235,1386,50,0,17,0,592,8,7,1,8
16,21,moe,787,32,2420,1314,1314,1004,59,0,43,0,719,8,7,1,8
16,22,moe,793,32,1222,278,278,848,51,1,44,0,596,8,7,1,8
16,23,moe,580,30,1395,294,294,1010,57,0,34,0,715,8,7,1,8
16,24,moe,789,29,2549,627,627,1779,115,0,28,0,721,8,6,2,8
16,25,moe,799,31,2558,633,633,1771,115,0,39,0,726,8,6,2,8
16,26,moe,568,32,10,0,0,0,0,0,10,0,727,8,8,0,8
16,-1,epi,0,0,0,0,0,0,0,0,5701,0,0,0,0,0,0
17,-2,pre,56,0,0,0,0,0,0,0,0,0,0,0,0,0,0
17,0,dense,1455,32,0,0,0,0,0,0,0,0,0,0,0,0,0
17,1,moe,808,30,2297,1328,1328,891,59,0,19,0,730,8,7,1,8
17,2,moe,741,31,2240,1269,1269,888,60,0,23,0,724,8,7,1,8
17,3,moe,561,27,4847,1492,1492,3216,113,0,26,0,727,8,6,2,8
17,4,moe,723,29,7178,2715,2715,4249,147,0,67,0,592,8,5,3,8
17,5,moe,791,31,9,0,0,0,0,0,9,0,598,8,8,0,8
17,6,moe,720,29,3185,1268,1268,1811,58,0,48,0,717,8,7,1,8
17,7,moe,556,29,2266,533,533,1579,99,0,55,0,597,8,6,2,8
17,8,moe,720,29,3902,2252,2252,1521,101,0,28,0,601,8,6,2,8
17,9,moe,785,31,9,0,0,0,0,0,9,0,712,8,8,0,8
17,10,moe,716,31,3942,2293,2293,1520,101,0,28,0,601,8,6,2,8
17,11,moe,561,28,4943,2453,2453,2300,152,0,38,0,602,8,5,3,8
17,12,moe,719,36,6847,3827,3827,2791,173,0,56,0,715,8,5,3,8
17,13,moe,789,30,3179,1380,1380,1637,101,0,61,0,590,8,6,2,8
17,14,moe,714,30,9,0,1,0,0,0,8,0,586,8,8,0,8
17,15,moe,551,31,4489,2413,2413,1910,115,0,51,0,718,8,6,2,8
17,16,moe,725,30,3951,2191,2191,1601,100,0,59,0,591,8,6,2,8
17,17,moe,783,32,1122,285,285,767,51,0,19,0,602,8,7,1,8
17,18,moe,720,30,5948,2407,2407,3377,112,0,52,0,706,8,6,2,8
17,19,moe,562,28,2682,1110,1110,1470,49,0,53,0,592,8,7,1,8
17,20,moe,716,33,2602,1149,1149,1378,50,0,25,0,584,8,7,1,8
17,21,moe,786,31,5059,1510,1510,3384,111,0,54,0,709,8,6,2,8
17,22,moe,786,30,9,0,0,0,0,0,9,0,588,8,8,0,8
17,23,moe,550,28,1988,301,301,1611,56,0,20,0,711,8,7,1,8
17,24,moe,794,35,2533,625,625,1768,113,0,27,0,713,8,6,2,8
17,25,moe,796,37,3842,963,963,2663,181,0,35,0,717,8,5,3,8
17,26,moe,561,29,9,0,0,0,0,0,9,0,735,8,8,0,8
17,-1,epi,0,0,0,0,0,0,0,0,5730,0,0,0,0,0,0
18,-2,pre,350,0,0,0,0,0,0,0,0,0,0,0,0,0,0
18,0,dense,1426,39,0,0,0,0,0,0,0,0,0,0,0,0,0
18,1,moe,808,37,6751,3886,3887,2659,173,0,32,0,718,8,5,3,8
18,2,moe,728,33,4655,2745,2745,1770,114,0,26,0,709,8,6,2,8
18,3,moe,556,33,9732,4959,4959,4434,287,1,51,0,715,8,3,5,8
18,4,moe,704,30,5904,3306,3307,2373,152,0,72,0,591,8,5,3,8
18,5,moe,778,32,3875,2212,2212,1533,103,0,27,0,601,8,6,2,8
18,6,moe,709,31,5644,2632,2632,2779,175,0,58,0,727,8,5,3,8
18,7,moe,547,28,5270,2235,2235,2884,99,0,52,0,583,8,6,2,8
18,8,moe,728,30,5084,2183,2183,2759,109,0,33,0,596,8,6,2,8
18,9,moe,784,30,6094,2558,2559,3372,115,0,48,0,705,8,6,2,8
18,10,moe,719,33,5952,3387,3387,2348,152,0,65,0,588,8,5,3,8
18,11,moe,550,27,10080,4314,4314,5528,199,0,39,0,592,8,4,4,8
18,12,moe,711,31,5904,2407,2407,3337,114,0,46,0,708,8,6,2,8
18,13,moe,787,30,2759,1154,1154,1512,51,0,42,0,592,8,7,1,8
18,14,moe,708,40,10122,4374,4374,5512,195,0,41,0,593,8,4,4,8
18,15,moe,555,31,17509,6549,6549,10472,398,0,90,0,713,8,1,7,8
18,16,moe,728,74,10422,4534,4535,5624,194,0,69,0,583,8,4,4,8
18,17,moe,788,34,9724,5619,5619,3804,244,0,57,0,596,8,3,5,8
18,18,moe,715,31,10910,5996,5996,4546,286,0,82,0,712,8,3,5,8
18,19,moe,552,29,12597,5264,5265,6991,248,0,93,0,583,8,3,5,8
18,20,moe,727,30,13021,7253,7253,5530,196,0,42,0,587,8,4,4,8
18,21,moe,776,32,11810,4971,4972,6549,222,0,67,0,707,8,4,4,8
18,22,moe,779,33,11713,4405,4405,6985,244,0,79,0,595,8,3,5,8
18,23,moe,542,34,5205,1260,1260,3643,229,0,73,0,709,8,4,4,8
18,24,moe,782,32,7545,1837,1838,5312,336,0,59,0,713,8,2,6,8
18,25,moe,779,32,7596,1895,1895,5308,338,0,55,0,710,8,2,6,8
18,26,moe,549,31,22068,9859,9860,11259,882,0,67,0,712,8,0,8,8
18,-1,epi,0,0,0,0,0,0,0,0,5518,0,0,0,0,0,0
19,-2,pre,348,0,0,0,0,0,0,0,0,0,0,0,0,0,0
19,0,dense,1387,34,0,0,0,0,0,0,0,0,0,0,0,0,0
19,1,moe,795,35,11058,6254,6254,4462,289,0,53,0,715,8,3,5,8
19,2,moe,708,31,4534,2610,2611,1774,117,0,32,0,710,8,6,2,8
19,3,moe,546,32,4413,2480,2480,1788,119,0,26,0,714,8,6,2,8
19,4,moe,711,29,2101,1136,1136,855,52,0,58,0,583,8,7,1,8
19,5,moe,789,32,3996,2343,2343,1525,100,0,28,0,589,8,6,2,8
19,6,moe,716,42,1380,303,303,981,57,0,39,0,718,8,7,1,8
19,7,moe,550,28,2034,1102,1102,839,50,0,43,0,594,8,7,1,8
19,8,moe,745,31,5929,3402,3402,2332,157,0,38,0,656,8,5,3,8
19,9,moe,782,37,2309,1198,1198,994,62,0,55,0,751,8,7,1,8
19,10,moe,704,36,5160,2556,2556,2383,152,0,69,0,599,8,5,3,8
19,11,moe,556,31,9358,3584,3584,5526,197,0,51,0,593,8,4,4,8
19,12,moe,718,35,7921,2727,2727,4954,170,0,70,0,716,8,5,3,8
19,13,moe,790,33,1833,287,287,1447,49,0,50,0,586,8,7,1,8
19,14,moe,725,33,4309,1423,1423,2763,97,0,26,0,586,8,6,2,8
19,15,moe,553,31,4532,2491,2491,1875,117,0,49,0,722,8,6,2,8
19,16,moe,721,32,5200,2610,2610,2363,153,0,74,0,595,8,5,3,8
19,17,moe,783,32,3987,2315,2315,1543,102,0,27,0,589,8,6,2,8
19,18,moe,712,30,4524,2452,2452,1901,117,0,54,0,709,8,6,2,8
19,19,moe,546,29,9,0,0,0,0,0,9,0,582,8,8,0,8
19,20,moe,708,30,1209,282,282,825,51,0,51,0,601,8,7,1,8
19,21,moe,798,31,8937,3720,3720,4977,170,0,70,0,714,8,5,3,8
19,22,moe,791,31,2696,1136,1136,1460,48,0,52,0,594,8,7,1,8
19,23,moe,555,29,1747,638,638,1010,59,0,40,0,703,8,7,1,8
19,24,moe,786,35,9,0,0,0,0,0,9,0,715,8,8,0,8
19,25,moe,797,31,3837,976,976,2647,177,0,37,0,713,8,5,3,8
19,26,moe,556,29,2288,1321,1321,887,60,0,20,0,708,8,7,1,8
19,-1,epi,0,0,0,0,0,0,0,0,5653,0,0,0,0,0,0
20,-2,pre,206,0,0,0,0,0,0,0,0,0,0,0,0,0,0
20,0,dense,1430,39,0,0,0,0,0,0,0,0,0,0,0,0,0
20,1,moe,797,32,3441,1525,1525,1770,118,0,28,0,731,8,6,2,8
20,2,moe,728,38,6615,3749,3749,2658,171,0,37,0,718,8,5,3,8
20,3,moe,549,29,4446,2524,2525,1774,115,0,32,0,754,8,6,2,8
20,4,moe,711,33,2062,1123,1123,832,51,0,56,0,595,8,7,1,8
20,5,moe,796,32,7693,4376,4376,3074,203,0,40,0,589,8,4,4,8
20,6,moe,710,34,2355,1238,1238,1009,59,0,49,0,709,8,7,1,8
20,7,moe,548,29,3958,2202,2203,1597,101,0,57,0,592,8,6,2,8
20,8,moe,718,30,1995,1152,1152,775,51,0,17,0,598,8,7,1,8
20,9,moe,788,30,7813,4776,4776,2798,175,0,64,0,715,8,5,3,8
20,10,moe,714,29,2884,1336,1336,1437,54,0,57,0,589,8,7,1,8
20,11,moe,549,36,9,0,0,0,0,0,9,0,592,8,8,0,8
20,12,moe,708,28,2262,1174,1174,989,58,0,41,0,713,8,7,1,8
20,13,moe,785,35,2078,1142,1142,842,50,0,44,0,598,8,7,1,8
20,14,moe,718,30,1973,1136,1136,767,51,0,19,0,599,8,7,1,8
20,15,moe,556,27,3598,1530,1530,1904,115,0,49,0,712,8,6,2,8
20,16,moe,721,28,3965,2216,2216,1591,98,0,60,0,589,8,6,2,8
20,17,moe,788,29,7569,3234,3234,4154,146,0,35,0,591,8,5,3,8
20,18,moe,724,29,7995,2762,2763,5001,172,0,59,0,713,8,5,3,8
20,19,moe,557,31,5777,3209,3209,2363,149,0,56,0,598,8,5,3,8
20,20,moe,705,30,4288,1388,1389,2770,98,0,31,0,589,8,6,2,8
20,21,moe,792,30,8739,3525,3526,4983,169,0,61,0,710,8,5,3,8
20,22,moe,801,33,6844,2393,2393,4235,149,0,67,0,588,8,5,3,8
20,23,moe,547,27,5115,1555,1555,3401,113,0,46,0,706,8,6,2,8
20,24,moe,784,242,7975,1265,1265,6442,224,0,44,0,719,8,4,4,8
20,25,moe,783,35,2538,621,622,1768,117,0,31,0,712,8,6,2,8
20,26,moe,554,34,4135,3146,3148,907,59,0,21,0,705,8,7,1,8
20,-1,epi,0,0,0,0,0,0,0,0,5606,0,0,0,0,0,0
21,-2,pre,210,0,0,0,0,0,0,0,0,0,0,0,0,0,0
21,0,dense,1419,32,0,0,0,0,0,0,0,0,0,0,0,0,0
21,1,moe,799,32,10496,4747,4747,5350,340,0,59,0,715,8,2,6,8
21,2,moe,720,35,8719,3667,3667,4840,169,0,43,0,717,8,5,3,8
21,3,moe,546,32,13440,5049,5049,8061,280,0,50,0,710,8,3,5,8
21,4,moe,720,34,6212,1806,1806,4187,147,0,72,0,590,8,5,3,8
21,5,moe,784,32,3062,1373,1373,1561,102,0,26,0,586,8,6,2,8
21,6,moe,716,33,10740,3861,3861,6580,226,0,73,0,709,8,4,4,8
21,7,moe,549,28,6208,2801,2801,3137,196,0,74,0,587,8,4,4,8
21,8,moe,707,34,3062,1399,1399,1532,102,0,29,0,603,8,6,2,8
21,9,moe,777,32,3126,1307,1307,1720,56,0,43,0,701,8,7,1,8
21,10,moe,737,42,8613,2764,2764,5577,197,0,75,0,588,8,4,4,8
21,11,moe,541,32,7530,3215,3215,4134,145,0,36,0,621,8,5,3,8
21,12,moe,703,33,7972,2770,2770,4971,166,0,65,0,717,8,5,3,8
21,13,moe,780,33,6888,2394,2394,4274,144,0,76,0,583,8,5,3,8
21,14,moe,721,35,9428,3647,3648,5534,195,0,51,0,590,8,4,4,8
21,15,moe,556,28,8056,4109,4109,3650,225,0,72,0,706,8,4,4,8
21,16,moe,709,32,7835,4435,4435,3129,195,0,76,0,593,8,4,4,8
21,17,moe,778,31,4954,2483,2483,2286,147,0,38,0,588,8,5,3,8
21,18,moe,713,32,10748,3875,3875,6577,224,0,72,0,710,8,4,4,8
21,19,moe,541,29,12893,5587,5591,6969,244,0,89,0,589,8,3,5,8
21,20,moe,710,31,8712,4588,4589,3819,249,0,55,0,589,8,3,5,8
21,21,moe,771,31,8801,4814,4814,3679,229,0,79,0,709,8,4,4,8
21,22,moe,775,31,9514,3599,3600,5640,196,0,78,0,584,8,4,4,8
21,23,moe,541,31,5643,2109,2109,3369,114,0,51,0,704,8,6,2,8
21,24,moe,778,31,7950,1234,1234,6449,227,0,40,0,705,8,4,4,8
21,25,moe,793,37,5114,1281,1281,3549,234,0,50,0,707,8,4,4,8
21,26,moe,550,29,7993,2754,2754,4835,367,0,37,0,702,8,5,3,8
21,-1,epi,0,0,0,0,0,0,0,0,5543,0,0,0,0,0,0
22,-2,pre,149,0,0,0,0,0,0,0,0,0,0,0,0,0,0
22,0,dense,1364,37,0,0,0,0,0,0,0,0,0,0,0,0,0
22,1,moe,797,37,6523,3569,3570,2706,202,0,45,0,794,8,5,3,8
22,2,moe,698,35,3530,1568,1568,1800,132,0,30,0,770,8,6,2,8
22,3,moe,558,33,9950,3208,3209,6457,232,0,52,0,728,8,4,4,8
22,4,moe,713,35,7127,3702,3702,3139,199,0,87,0,610,8,4,4,8
22,5,moe,781,33,7672,5191,5191,2277,147,0,57,0,597,8,5,3,8
22,6,moe,710,33,7803,3846,3846,3653,230,0,74,0,719,8,4,4,8
22,7,moe,542,31,10,0,0,0,0,0,10,0,584,8,8,0,8
22,8,moe,712,30,10357,4468,4468,5616,196,0,77,0,596,8,4,4,8
22,9,moe,786,32,11808,4922,4922,6588,226,0,72,0,711,8,4,4,8
22,10,moe,714,29,10322,4428,4428,5619,196,0,79,0,598,8,4,4,8
22,11,moe,550,28,1718,272,272,1376,50,0,20,0,592,8,7,1,8
22,12,moe,709,30,8823,3584,3585,4997,168,0,73,0,708,8,5,3,8
22,13,moe,780,31,7139,2696,2696,4231,147,0,65,0,588,8,5,3,8
22,14,moe,718,30,5068,2180,2180,2764,99,0,25,0,589,8,6,2,8
22,15,moe,548,32,2325,1239,1239,992,56,0,38,0,708,8,7,1,8
22,16,moe,704,30,6184,1736,1736,4230,152,0,66,0,597,8,5,3,8
22,17,moe,782,33,7549,3235,3235,4130,148,0,36,0,596,8,5,3,8
22,18,moe,708,37,5340,1832,1832,3336,114,0,58,0,706,8,6,2,8
22,19,moe,540,28,7717,3257,3257,4253,146,0,61,0,592,8,5,3,8
22,20,moe,726,33,9,0,0,0,0,0,9,0,582,8,8,0,8
22,21,moe,775,30,5068,1501,1502,3401,110,0,55,0,712,8,6,2,8
22,22,moe,777,30,5366,2334,2335,2879,99,0,53,0,586,8,6,2,8
22,23,moe,545,28,8,0,0,0,0,0,8,0,703,8,8,0,8
22,24,moe,796,32,4785,1774,1774,2782,167,0,62,0,712,8,5,3,8
22,25,moe,777,30,8,0,0,0,0,0,8,0,709,8,8,0,8
22,26,moe,545,28,8,0,0,0,0,0,8,0,709,8,8,0,8
22,-1,epi,0,0,0,0,0,0,0,0,5635,0,0,0,0,0,0
23,-2,pre,209,0,0,0,0,0,0,0,0,0,0,0,0,0,0
23,0,dense,1429,34,0,0,0,0,0,0,0,0,0,0,0,0,0
23,1,moe,800,32,10930,6155,6156,4444,283,0,47,0,715,8,3,5,8
23,2,moe,711,33,5787,2405,2405,3240,112,0,30,0,709,8,6,2,8
23,3,moe,618,33,8769,3728,3728,4822,176,0,43,0,714,8,5,3,8
23,4,moe,721,32,1847,260,260,1479,49,0,59,0,600,8,7,1,8
23,5,moe,783,32,11135,3935,3935,6902,246,0,52,0,593,8,3,5,8
23,6,moe,721,34,5045,3153,3153,1790,57,0,45,0,724,8,7,1,8
23,7,moe,639,31,7775,3303,3303,4247,149,0,76,0,591,8,5,3,8
23,8,moe,719,31,9354,3604,3605,5508,195,0,46,0,591,8,4,4,8
23,9,moe,784,30,5999,2467,2467,3365,112,0,55,0,718,8,6,2,8
23,10,moe,733,29,9652,3749,3749,5638,195,0,70,0,592,8,4,4,8
23,11,moe,648,31,7130,3838,3838,3051,201,0,40,0,589,8,4,4,8
23,12,moe,722,29,8741,3498,3498,5003,177,0,63,0,712,8,5,3,8
23,13,moe,774,31,5886,3303,3303,2367,147,0,69,0,587,8,5,3,8
23,14,moe,707,29,6756,2430,2430,4139,150,0,37,0,593,8,5,3,8
23,15,moe,629,31,7691,3750,3750,3648,224,0,69,0,713,8,4,4,8
23,16,moe,709,31,13011,4252,4252,8377,292,0,90,0,593,8,2,6,8
23,17,moe,781,32,4414,1527,1527,2764,97,0,26,0,619,8,6,2,8
23,18,moe,727,34,9893,3046,3046,6554,227,0,66,0,706,8,4,4,8
23,19,moe,611,33,5185,2195,2195,2834,97,0,59,0,591,8,6,2,8
23,20,moe,5461,32,2613,1154,1154,1389,49,0,21,0,600,8,7,1,8
23,21,moe,776,252,13602,6682,6683,6621,225,0,73,0,715,8,4,4,8
23,22,moe,791,37,5834,3263,3264,2349,152,0,69,0,908,8,5,3,8
23,23,moe,627,34,8583,5563,5563,2774,178,0,68,0,712,8,5,3,8
23,24,moe,796,42,11740,3304,3304,8088,290,0,58,0,723,8,3,5,8
23,25,moe,782,40,6314,1552,1552,4418,292,0,52,0,725,8,3,5,8
23,26,moe,665,37,7842,4004,4004,3555,243,0,40,0,714,8,4,4,8
23,-1,epi,0,0,0,0,0,0,0,0,5538,0,0,0,0,0,0
24,-2,pre,207,0,0,0,0,0,0,0,0,0,0,0,0,0,0
24,0,dense,1401,33,0,0,0,0,0,0,0,0,0,0,0,0,0
24,1,moe,800,32,13918,5513,5513,8065,287,0,53,0,710,8,3,5,8
24,2,moe,717,33,14419,5977,5978,8102,291,0,48,0,714,8,3,5,8
24,3,moe,631,30,4937,1563,1563,3232,116,0,26,0,707,8,6,2,8
24,4,moe,713,29,10252,4351,4351,5615,196,0,90,0,594,8,4,4,8
24,5,moe,778,34,9675,2485,2486,6899,243,0,47,0,590,8,3,5,8
24,6,moe,727,30,8829,2972,2973,5423,343,0,90,0,715,8,2,6,8
24,7,moe,647,29,5440,2073,2073,3099,194,0,74,0,597,8,4,4,8
24,8,moe,709,30,8916,2983,2983,5492,371,0,70,0,668,8,1,7,8
24,9,moe,795,41,12088,5165,5166,6395,409,1,117,0,728,8,1,7,8
24,10,moe,715,34,6445,1992,1993,4221,151,0,80,0,593,8,5,3,8
24,11,moe,623,33,9337,4422,4424,4561,292,0,60,0,601,8,2,6,8
24,12,moe,717,37,13187,7303,7303,5440,346,1,97,0,723,8,2,6,8
24,13,moe,776,33,7671,2643,2643,4641,291,0,96,0,602,8,2,6,8
24,14,moe,717,34,13669,5039,5039,8281,292,0,57,0,604,8,2,6,8
24,15,moe,625,33,17964,5992,5992,11474,396,0,102,0,714,8,1,7,8
24,16,moe,718,41,16698,5022,5022,11168,403,0,105,0,600,8,0,8,8
24,17,moe,796,33,5777,2478,2478,3052,204,0,43,0,588,8,4,4,8
24,18,moe,718,37,9644,4706,4706,4573,289,0,76,0,737,8,3,5,8
24,19,moe,638,30,11410,5181,5182,5923,223,0,82,0,593,8,4,4,8
24,20,moe,3605,32,13809,4732,4732,8721,290,0,66,0,599,8,2,6,8
24,21,moe,795,34,12575,3639,3639,8565,283,0,88,0,717,8,3,5,8
24,22,moe,808,33,12635,4901,4901,7394,248,0,92,0,595,8,3,5,8
24,23,moe,643,37,9468,4280,4280,4817,289,0,82,0,720,8,3,5,8
24,24,moe,778,32,11210,4045,4046,6886,237,0,41,0,717,8,4,4,8
24,25,moe,805,36,3036,999,999,1891,118,0,28,0,713,8,6,2,8
24,26,moe,673,31,14580,7801,7802,6304,406,0,68,0,716,8,1,7,8
24,-1,epi,0,0,0,0,0,0,0,0,5561,0,0,0,0,0,0
25,-2,pre,217,0,0,0,0,0,0,0,0,0,0,0,0,0,0
25,0,dense,1412,40,0,0,0,0,0,0,0,0,0,0,0,0,0
25,1,moe,799,38,11,0,0,0,0,0,11,0,750,8,8,0,8
25,2,moe,730,31,1281,312,312,887,59,0,23,0,722,8,7,1,8
25,3,moe,638,30,8823,3765,3765,4849,175,0,34,0,712,8,5,3,8
25,4,moe,708,33,2759,1163,1163,1483,51,0,62,0,592,8,7,1,8
25,5,moe,776,33,8,0,0,0,0,0,8,0,584,8,8,0,8
25,6,moe,707,30,3144,1224,1224,1811,60,0,49,0,711,8,7,1,8
25,7,moe,622,29,2706,1127,1127,1481,52,0,46,0,591,8,7,1,8
25,8,moe,709,31,4331,1439,1439,2763,98,0,31,0,592,8,6,2,8
25,9,moe,796,30,1596,473,473,1021,56,0,46,0,713,8,7,1,8
25,10,moe,731,31,7718,3253,3253,4245,148,0,72,0,591,8,5,3,8
25,11,moe,622,32,8,0,0,0,0,0,8,0,582,8,8,0,8
25,12,moe,722,31,8,0,0,0,0,0,8,0,705,8,8,0,8
25,13,moe,783,30,2614,1160,1160,1385,49,0,20,0,593,8,7,1,8
25,14,moe,725,32,4372,1493,1493,2755,96,0,28,0,597,8,6,2,8
25,15,moe,614,30,7876,2707,2707,4934,169,0,66,0,708,8,5,3,8
25,16,moe,720,31,4456,1408,1409,2889,98,0,60,0,595,8,6,2,8
25,17,moe,790,31,7591,3249,3249,4146,147,0,49,0,592,8,5,3,8
25,18,moe,727,31,5929,2418,2418,3336,114,0,61,0,704,8,6,2,8
25,19,moe,618,29,7931,3454,3454,4261,148,0,68,0,590,8,5,3,8
25,20,moe,722,32,2567,1123,1123,1376,50,0,18,0,589,8,7,1,8
25,21,moe,786,29,8832,3595,3595,5002,170,0,65,0,712,8,5,3,8
25,22,moe,794,35,2081,1153,1153,826,54,0,48,0,597,8,7,1,8
25,23,moe,613,27,3085,1257,1257,1732,57,0,39,0,708,8,7,1,8
25,24,moe,784,39,4886,1526,1526,3220,114,0,26,0,708,8,6,2,8
25,25,moe,796,29,2000,321,321,1603,57,0,19,0,712,8,7,1,8
25,26,moe,626,27,1995,310,310,1609,56,0,20,0,718,8,7,1,8
25,-1,epi,0,0,0,0,0,0,0,0,5586,0,0,0,0,0,0
26,-2,pre,207,0,0,0,0,0,0,0,0,0,0,0,0,0,0
26,0,dense,1404,32,0,0,0,0,0,0,0,0,0,0,0,0,0
26,1,moe,814,30,5924,898,898,4822,169,0,35,0,723,8,5,3,8
26,2,moe,745,40,6595,3733,3733,2654,171,0,37,0,716,8,5,3,8
26,3,moe,643,32,2570,646,646,1783,116,1,24,0,727,8,6,2,8
26,4,moe,706,30,2175,1215,1216,850,50,0,59,0,589,8,7,1,8
26,5,moe,796,34,9,0,0,0,0,0,9,0,604,8,8,0,8
26,6,moe,728,33,2402,1261,1261,1034,59,0,48,0,715,8,7,1,8
26,7,moe,636,30,8,0,0,0,0,0,8,0,600,8,8,0,8
26,8,moe,716,32,2107,1137,1137,866,52,0,52,0,599,8,7,1,8
26,9,moe,782,30,8,0,0,0,0,0,8,0,721,8,8,0,8
26,10,moe,732,28,5249,2361,2361,2756,101,0,31,0,598,8,6,2,8
26,11,moe,623,31,3090,1419,1419,1535,104,0,32,0,593,8,6,2,8
26,12,moe,708,30,3114,1265,1265,1736,59,0,54,0,716,8,7,1,8
26,13,moe,809,33,4007,2259,2260,1591,98,0,58,0,598,8,6,2,8
26,14,moe,722,31,5038,2564,2564,2289,149,0,36,0,595,8,5,3,8
26,15,moe,621,28,5811,2793,2793,2776,174,0,68,0,714,8,5,3,8
26,16,moe,708,30,3387,807,807,2367,147,0,66,0,591,8,5,3,8
26,17,moe,790,32,2545,1097,1097,1379,49,0,20,0,596,8,7,1,8
26,18,moe,729,35,7184,1968,1968,4984,169,0,63,0,716,8,5,3,8
26,19,moe,665,36,11076,5167,5167,5637,199,0,73,0,601,8,4,4,8
26,20,moe,706,35,4393,1504,1504,2763,100,0,26,0,593,8,6,2,8
26,21,moe,783,38,3701,1637,1637,1898,115,0,51,0,710,8,6,2,8
26,22,moe,775,36,6366,3780,3780,2367,153,0,66,0,591,8,5,3,8
26,23,moe,643,32,8,0,0,0,0,0,8,0,719,8,8,0,8
26,24,moe,781,35,7859,2745,2745,4705,325,0,84,0,783,8,3,5,8
26,25,moe,794,43,2164,1165,1165,901,69,0,29,0,785,8,7,1,8
26,26,moe,650,36,8019,2868,2868,4919,191,0,41,0,728,8,5,3,8
26,-1,epi,0,0,0,0,0,0,0,0,5626,0,0,0,0,0,0
27,-2,pre,211,0,0,0,0,0,0,0,0,0,0,0,0,0,0
27,0,dense,1424,54,0,0,0,0,0,0,0,0,0,0,0,0,0
27,1,moe,813,37,10388,5592,5593,4456,289,0,50,0,732,8,3,5,8
27,2,moe,719,40,7856,4024,4025,3554,228,1,48,0,731,8,4,4,8
27,3,moe,636,34,17620,6612,6613,10536,403,0,68,0,722,8,1,7,8
27,4,moe,717,38,6249,2794,2794,3171,197,0,87,0,605,8,4,4,8
27,5,moe,784,35,6918,3609,3609,3062,202,0,45,0,605,8,4,4,8
27,6,moe,707,37,4446,2348,2348,1921,118,0,59,0,723,8,6,2,8
27,7,moe,625,34,3990,2239,2239,1591,98,1,61,0,604,8,6,2,8
27,8,moe,715,36,2080,1237,1237,769,51,0,23,0,602,8,7,1,8
27,9,moe,778,37,8898,3728,3729,4931,174,0,64,0,723,8,5,3,8
27,10,moe,713,34,7072,3667,3667,3122,202,0,81,0,599,8,4,4,8
27,11,moe,623,33,6954,3651,3651,3061,198,0,44,0,603,8,4,4,8
27,12,moe,710,37,3628,1564,1564,1894,115,0,55,0,717,8,6,2,8
27,13,moe,782,35,9517,3582,3582,5653,200,0,82,0,604,8,4,4,8
27,14,moe,709,35,8839,4696,4696,3813,254,0,76,0,632,8,3,5,8
27,15,moe,623,35,14183,6417,6417,7208,453,0,105,0,727,8,0,8,8
27,16,moe,710,34,11136,3798,3798,7007,247,0,84,0,603,8,3,5,8
27,17,moe,778,34,5957,1640,1640,4139,146,0,32,0,605,8,5,3,8
27,18,moe,717,33,15793,9001,9001,6309,394,0,89,0,717,8,1,7,8
27,19,moe,615,34,12088,4789,4789,6972,248,0,79,0,602,8,3,5,8
27,20,moe,717,40,8261,2514,2515,5505,196,0,45,0,595,8,4,4,8
27,21,moe,778,34,10114,3188,3188,6618,233,0,75,0,722,8,4,4,8
27,22,moe,787,33,6304,2911,2911,3124,196,0,73,0,603,8,4,4,8
27,23,moe,610,32,3783,1748,1748,1870,113,0,52,0,717,8,6,2,8
27,24,moe,773,36,12979,2936,2936,9640,347,0,56,0,712,8,2,6,8
27,25,moe,769,39,12301,3924,3924,8047,286,0,44,0,720,8,3,5,8
27,26,moe,627,32,13938,3931,3932,9604,341,0,61,0,720,8,2,6,8
27,-1,epi,0,0,0,0,0,0,0,0,5498,0,0,0,0,0,0
28,-2,pre,212,0,0,0,0,0,0,0,0,0,0,0,0,0,0
28,0,dense,1387,41,0,0,0,0,0,0,0,0,0,0,0,0,0
28,1,moe,797,39,12505,6765,6765,5342,343,0,55,0,727,8,2,6,8
28,2,moe,718,35,10034,5264,5264,4436,285,0,49,0,728,8,3,5,8
28,3,moe,629,35,16678,5688,5689,10514,409,0,66,0,721,8,1,7,8
28,4,moe,704,35,4123,2327,2328,1623,102,0,70,0,597,8,6,2,8
28,5,moe,788,38,7729,4429,4429,3056,200,0,44,0,599,8,4,4,8
28,6,moe,707,38,5980,2951,2951,2785,170,0,74,0,720,8,5,3,8
28,7,moe,620,33,6945,3526,3527,3145,196,0,77,0,598,8,4,4,8
28,8,moe,708,34,4973,2511,2511,2280,148,0,34,0,595,8,5,3,8
28,9,moe,777,33,17064,8529,8530,8171,278,0,85,0,718,8,3,5,8
28,10,moe,715,33,12942,5622,5622,6995,244,0,81,0,598,8,3,5,8
28,11,moe,620,36,4251,1784,1784,2281,153,0,33,0,601,8,5,3,8
28,12,moe,715,34,3137,1255,1256,1777,59,0,45,0,722,8,7,1,8
28,13,moe,772,34,6933,3517,3517,3134,202,0,80,0,602,8,4,4,8
28,14,moe,706,34,6043,2749,2749,3052,197,0,45,0,611,8,4,4,8
28,15,moe,625,32,8783,3549,3549,4995,170,0,69,0,714,8,5,3,8
28,16,moe,714,37,13966,5183,5184,8390,300,0,92,0,608,8,2,6,8
28,17,moe,773,38,10344,4577,4577,5532,194,0,41,0,598,8,4,4,8
28,18,moe,715,39,7074,1853,1853,4983,170,0,68,0,718,8,5,3,8
28,19,moe,618,32,7821,4442,4443,3105,201,0,72,0,601,8,4,4,8
28,20,moe,730,36,5935,3454,3454,2290,152,0,39,0,596,8,5,3,8
28,21,moe,772,36,5690,2687,2687,2762,175,0,66,0,719,8,5,3,8
28,22,moe,778,36,8607,2674,2675,5655,205,0,72,0,701,8,4,4,8
28,23,moe,633,60,5950,2394,2395,3367,127,0,61,0,801,8,6,2,8
28,24,moe,802,41,6391,3447,3447,2712,190,0,42,0,743,8,5,3,8
28,25,moe,783,38,7843,2786,2786,4842,171,0,44,0,721,8,5,3,8
28,26,moe,625,35,8520,3479,3479,4834,169,0,38,0,720,8,5,3,8
28,-1,epi,0,0,0,0,0,0,0,0,5532,0,0,0,0,0,0
29,-2,pre,216,0,0,0,0,0,0,0,0,0,0,0,0,0,0
29,0,dense,1403,39,0,0,0,0,0,0,0,0,0,0,0,0,0
29,1,moe,797,43,7008,3205,3205,3534,226,0,43,0,728,8,4,4,8
29,2,moe,719,41,13696,5300,5300,8053,293,0,50,0,721,8,3,5,8
29,3,moe,630,35,8940,5119,5119,3544,228,0,49,0,724,8,4,4,8
29,4,moe,705,39,8185,3687,3687,4265,150,0,83,0,594,8,5,3,8
29,5,moe,780,35,7672,3337,3339,4137,148,0,48,0,601,8,5,3,8
29,6,moe,715,34,17200,7105,7105,9662,341,0,92,0,722,8,2,6,8
29,7,moe,632,33,5937,3363,3364,2363,148,0,62,0,598,8,5,3,8
29,8,moe,719,37,12610,5412,5412,6900,248,0,50,0,607,8,3,5,8
29,9,moe,780,36,5141,1560,1560,3404,113,0,64,0,716,8,6,2,8
29,10,moe,715,39,6900,2429,2430,4245,149,0,76,0,598,8,5,3,8
29,11,moe,626,35,6774,2449,2449,4140,147,0,38,0,600,8,5,3,8
29,12,moe,716,37,3093,1272,1272,1715,58,0,48,0,713,8,7,1,8
29,13,moe,785,36,6857,2402,2403,4234,151,0,69,0,602,8,5,3,8
29,14,moe,708,36,3286,806,807,2282,155,0,42,0,604,8,5,3,8
29,15,moe,632,41,5092,1608,1608,3315,118,0,51,0,717,8,6,2,8
29,16,moe,782,37,9345,4894,4894,4231,151,0,69,0,601,8,5,3,8
29,17,moe,789,35,8760,3017,3017,5507,195,0,41,0,644,8,4,4,8
29,18,moe,749,46,7152,3174,3174,3651,232,0,95,0,720,8,4,4,8
29,19,moe,618,48,5941,3350,3351,2352,149,0,89,0,598,8,5,3,8
29,20,moe,708,49,5578,3094,3094,2289,146,0,49,0,595,8,5,3,8
29,21,moe,774,51,7036,3078,3078,3637,225,0,96,0,719,8,4,4,8
29,22,moe,777,47,3966,2215,2215,1581,99,0,71,0,600,8,6,2,8
29,23,moe,618,44,13747,5220,5220,8134,283,0,110,0,722,8,3,5,8
29,24,moe,788,47,11248,7414,7414,3538,229,0,67,0,723,8,4,4,8
29,25,moe,909,40,10864,4141,4141,6433,228,0,62,0,720,8,4,4,8
29,26,moe,670,42,12583,4196,4196,8039,280,0,68,0,729,8,3,5,8
29,-1,epi,0,0,0,0,0,0,0,0,5495,0,0,0,0,0,0
30,-2,pre,205,0,0,0,0,0,0,0,0,0,0,0,0,0,0
30,0,dense,1387,45,0,0,0,0,0,0,0,0,0,0,0,0,0
30,1,moe,800,42,15855,5599,5599,9816,354,1,85,0,730,8,2,6,8
30,2,moe,725,37,8767,3725,3725,4826,171,0,45,0,720,8,5,3,8
30,3,moe,634,30,15984,5964,5964,9614,339,0,67,0,720,8,2,6,8
30,4,moe,710,35,7122,3708,3708,3119,202,0,93,0,600,8,4,4,8
30,5,moe,775,34,2240,584,584,1524,100,0,32,0,604,8,6,2,8
30,6,moe,727,30,3115,1254,1254,1761,57,1,42,0,720,8,7,1,8
30,7,moe,629,30,6022,3460,3462,2347,146,0,67,0,615,8,5,3,8
30,8,moe,715,33,4318,1432,1432,2756,99,0,31,0,606,8,6,2,8
30,9,moe,772,31,7111,1871,1871,4983,175,0,82,0,719,8,5,3,8
30,10,moe,714,31,9294,4264,4264,4632,295,0,103,0,600,8,2,6,8
30,11,moe,613,28,7650,3276,3276,4170,166,0,38,0,636,8,5,3,8
30,12,moe,692,32,13987,5235,5235,8344,306,0,102,0,778,8,3,5,8
30,13,moe,767,36,7997,2007,2007,5681,214,0,95,0,618,8,4,4,8
30,14,moe,723,36,6537,2408,2408,3816,246,0,67,0,622,8,3,5,8
30,15,moe,647,36,6378,2369,2369,3676,235,0,98,0,737,8,4,4,8
30,16,moe,726,37,7121,3666,3668,3162,202,0,89,0,602,8,4,4,8
30,17,moe,777,36,12933,5714,5714,6900,249,0,70,0,600,8,3,5,8
30,18,moe,706,31,14375,3347,3348,10519,396,1,111,0,729,8,1,7,8
30,19,moe,643,32,11916,6864,6864,4651,296,0,105,0,600,8,2,6,8
30,20,moe,715,33,16343,6211,6212,9686,374,1,70,0,668,8,1,7,8
30,21,moe,787,36,12280,3645,3645,8245,292,0,98,0,730,8,3,5,8
30,22,moe,806,33,9483,4432,4432,4635,301,0,115,0,614,8,2,6,8
30,23,moe,654,29,9073,4173,4173,4517,290,0,93,0,726,8,3,5,8
30,24,moe,801,33,15971,5018,5019,10473,397,0,82,0,724,8,1,7,8
30,25,moe,775,36,8474,3675,3675,4449,294,0,56,0,727,8,3,5,8
30,26,moe,648,32,13708,7039,7039,6193,400,0,76,0,730,8,1,7,8
30,-1,epi,0,0,0,0,0,0,0,0,5495,0,0,0,0,0,0
31,-2,pre,236,0,0,0,0,0,0,0,0,0,0,0,0,0,0
31,0,dense,1383,33,0,0,0,0,0,0,0,0,0,0,0,0,0
31,1,moe,798,31,18772,7795,7795,10503,401,0,73,0,720,8,1,7,8
31,2,moe,705,32,13565,7815,7815,5331,353,0,66,0,723,8,2,6,8
31,3,moe,627,33,13498,6784,6785,6228,412,0,73,0,723,8,1,7,8
31,4,moe,702,29,11872,6006,6006,5578,197,0,91,0,597,8,4,4,8
31,5,moe,770,29,6223,1880,1881,4153,148,0,41,0,603,8,5,3,8
31,6,moe,703,30,11204,4283,4283,6610,227,0,84,0,716,8,4,4,8
31,7,moe,625,28,9454,3554,3554,5613,195,0,92,0,597,8,4,4,8
31,8,moe,702,29,7749,4441,4441,3064,194,0,50,0,597,8,4,4,8
31,9,moe,784,35,8414,3416,3416,4618,284,0,96,0,729,8,3,5,8
31,10,moe,708,33,11485,4106,4107,7027,245,0,106,0,605,8,3,5,8
31,11,moe,609,31,11315,5558,5558,5333,347,0,77,0,621,8,1,7,8
31,12,moe,714,36,8842,3579,3579,5025,171,0,67,0,714,8,5,3,8
31,13,moe,767,31,9085,4879,4880,3866,249,0,90,0,596,8,3,5,8
31,14,moe,702,32,6234,2946,2946,3037,198,0,53,0,601,8,4,4,8
31,15,moe,627,29,12542,6652,6652,5448,344,0,98,0,720,8,2,6,8
31,16,moe,708,31,10737,4024,4025,6185,393,0,134,0,607,8,0,8,8
31,17,moe,785,35,12093,6343,6343,5329,348,0,73,0,600,8,1,7,8
31,18,moe,718,29,11814,4951,4951,6342,397,0,124,0,724,8,1,7,8
31,19,moe,624,29,8961,3922,3922,4640,294,0,105,0,598,8,2,6,8
31,20,moe,701,31,11371,4169,4170,6901,245,0,55,0,600,8,3,5,8
31,21,moe,785,31,6327,2381,2381,3631,232,0,83,0,719,8,4,4,8
31,22,moe,773,35,12805,5475,5475,6992,245,0,93,0,610,8,3,5,8
31,23,moe,645,31,11848,5967,5967,5442,352,0,87,0,720,8,2,6,8
31,24,moe,771,31,12270,4634,4634,7094,458,0,84,0,724,8,0,8,8
31,25,moe,775,30,16926,6077,6078,10379,397,0,72,0,720,8,1,7,8
31,26,moe,648,33,11855,5190,5190,6200,396,0,69,0,740,8,1,7,8
31,-1,epi,0,0,0,0,0,0,0,0,5487,0,0,0,0,0,0
32,-2,pre,195,0,0,0,0,0,0,0,0,0,0,0,0,0,0
32,0,dense,1378,34,0,0,0,0,0,0,0,0,0,0,0,0,0
32,1,moe,791,32,9122,4345,4345,4434,284,0,59,0,731,8,3,5,8
32,2,moe,710,29,8131,3085,3085,4833,171,0,42,0,712,8,5,3,8
32,3,moe,624,28,10593,4846,4846,5328,346,0,73,0,726,8,2,6,8
32,4,moe,714,36,6412,2990,2990,3138,197,0,87,0,606,8,4,4,8
32,5,moe,771,31,5976,1631,1631,4160,145,0,40,0,597,8,5,3,8
32,6,moe,702,30,3981,1919,1920,1880,118,0,63,0,716,8,6,2,8
32,7,moe,622,30,5926,3308,3308,2386,152,1,79,0,592,8,5,3,8
32,8,moe,709,30,5024,2537,2537,2294,150,0,43,0,604,8,5,3,8
32,9,moe,775,39,5002,1965,1965,2789,172,0,76,0,718,8,5,3,8
32,10,moe,709,32,6400,3004,3004,3116,200,0,80,0,602,8,4,4,8
32,11,moe,637,28,7168,3055,3055,3811,242,0,60,0,601,8,3,5,8
32,12,moe,705,29,9974,3015,3016,6632,244,0,82,0,799,8,4,4,8
32,13,moe,791,39,8020,3427,3428,4326,171,0,95,0,624,8,5,3,8
32,14,moe,724,36,5596,3110,3110,2287,153,0,46,0,608,8,5,3,8
32,15,moe,675,36,10556,6570,6570,3661,232,0,93,0,726,8,4,4,8
32,16,moe,714,38,7460,3212,3213,3892,247,0,108,0,604,8,3,5,8
32,17,moe,771,37,10445,3207,3207,6932,248,0,58,0,617,8,3,5,8
32,18,moe,712,36,14886,4643,4643,9789,348,0,106,0,719,8,2,6,8
32,19,moe,622,33,11864,6823,6823,4643,296,0,102,0,613,8,2,6,8
32,20,moe,703,35,7754,3424,3424,4139,147,0,44,0,603,8,5,3,8
32,21,moe,779,39,14171,5581,5581,8219,279,0,92,0,713,8,3,5,8
32,22,moe,770,34,13772,4967,4967,8409,293,0,103,0,604,8,2,6,8
32,23,moe,623,33,11974,5029,5029,6645,225,0,75,0,718,8,4,4,8
32,24,moe,774,34,13082,2970,2970,9706,338,0,68,0,737,8,2,6,8
32,25,moe,775,35,8633,3811,3812,4469,293,0,59,0,720,8,3,5,8
32,26,moe,624,36,10656,3888,3888,6479,234,0,55,0,721,8,4,4,8
32,-1,epi,0,0,0,0,0,0,0,0,5478,0,0,0,0,0,0
33,-2,pre,213,0,0,0,0,0,0,0,0,0,0,0,0,0,0
33,0,dense,1382,38,0,0,0,0,0,0,0,0,0,0,0,0,0
33,1,moe,785,34,12839,4402,4402,8091,287,0,59,0,729,8,3,5,8
33,2,moe,712,33,8699,3654,3656,4830,176,0,37,0,709,8,5,3,8
33,3,moe,622,34,5830,2464,2464,3214,115,0,37,0,715,8,6,2,8
33,4,moe,716,40,5309,2274,2274,2861,99,0,75,0,590,8,6,2,8
33,5,moe,772,36,4268,1384,1384,2755,98,0,31,0,594,8,6,2,8
33,6,moe,703,34,8812,3618,3619,4940,170,0,83,0,727,8,5,3,8
33,7,moe,620,35,1822,254,254,1465,50,0,53,0,604,8,7,1,8
33,8,moe,717,34,5024,2551,2551,2283,147,0,43,0,608,8,5,3,8
33,9,moe,788,37,3705,1629,1629,1897,117,0,62,0,714,8,6,2,8
33,10,moe,707,33,7193,3773,3774,3141,198,0,80,0,600,8,4,4,8
33,11,moe,623,35,4119,1630,1630,2297,152,0,40,0,609,8,5,3,8
33,12,moe,710,33,10799,3913,3913,6576,225,0,85,0,717,8,4,4,8
33,13,moe,770,34,3565,516,516,2891,97,0,61,0,604,8,6,2,8
33,14,moe,716,41,8674,2920,2920,5512,195,0,47,0,604,8,4,4,8
33,15,moe,619,34,8108,1232,1233,6563,232,0,80,0,721,8,4,4,8
33,16,moe,725,38,6315,1844,1844,4244,149,0,78,0,604,8,5,3,8
33,17,moe,778,35,5399,2096,2096,3053,201,0,49,0,606,8,4,4,8
33,18,moe,714,36,8263,5262,5263,2758,172,0,70,0,713,8,5,3,8
33,19,moe,636,36,6455,1988,1988,4252,146,0,69,0,599,8,5,3,8
33,20,moe,709,34,16395,6260,6260,9714,353,0,68,0,595,8,1,7,8
33,21,moe,772,34,8561,3635,3635,4558,283,0,85,0,716,8,3,5,8
33,22,moe,768,33,4351,1766,1767,2363,150,0,71,0,601,8,5,3,8
33,23,moe,623,36,5990,2431,2431,3366,118,0,75,0,713,8,6,2,8
33,24,moe,769,34,2009,329,329,1605,56,0,19,0,715,8,7,1,8
33,25,moe,769,33,5759,2408,2408,3212,112,0,27,0,718,8,6,2,8
33,26,moe,624,44,10,0,0,0,0,0,10,0,715,8,8,0,8
33,-1,epi,0,0,0,0,0,0,0,0,5551,0,0,0,0,0,0
34,-2,pre,212,0,0,0,0,0,0,0,0,0,0,0,0,0,0
34,0,dense,1396,38,0,0,0,0,0,0,0,0,0,0,0,0,0
34,1,moe,796,35,11100,2721,2721,8031,284,0,64,0,718,8,3,5,8
34,2,moe,717,37,8951,2233,2233,6447,225,0,46,0,716,8,4,4,8
34,3,moe,616,33,10192,3488,3488,6435,224,0,45,0,720,8,4,4,8
34,4,moe,709,33,4603,1991,1992,2371,151,0,89,0,596,8,5,3,8
34,5,moe,783,38,3958,2298,2298,1531,99,0,30,0,603,8,6,2,8
34,6,moe,702,33,7213,1994,1994,4972,172,0,75,0,720,8,5,3,8
34,7,moe,638,32,6187,1717,1717,4235,153,0,82,0,600,8,5,3,8
34,8,moe,714,36,1107,273,273,764,51,0,19,0,610,8,7,1,8
34,9,moe,787,42,9,0,0,0,0,0,9,0,727,8,8,0,8
34,10,moe,713,34,3424,538,538,2755,99,0,32,0,608,8,6,2,8
34,11,moe,626,39,5504,2201,2201,3053,204,1,45,0,610,8,4,4,8
34,12,moe,720,37,6916,1975,1975,4564,285,0,92,0,721,8,3,5,8
34,13,moe,792,34,1205,270,270,832,51,0,52,0,602,8,7,1,8
34,14,moe,720,34,8579,2806,2806,5531,195,0,47,0,597,8,4,4,8
34,15,moe,623,31,4889,1873,1873,2772,170,0,74,0,709,8,5,3,8
34,16,moe,716,38,6584,3142,3142,3154,202,0,86,0,588,8,4,4,8
34,17,moe,772,36,9217,4987,4987,3895,278,0,57,0,667,8,3,5,8
34,18,moe,706,37,7676,2627,2627,4624,311,0,114,0,811,8,3,5,8
34,19,moe,640,37,6174,2749,2749,3130,195,0,100,0,605,8,4,4,8
34,20,moe,715,41,7284,2920,2920,4173,150,0,41,0,595,8,5,3,8
34,21,moe,773,38,9916,3016,3016,6596,226,0,78,0,711,8,4,4,8
34,22,moe,776,40,6160,2737,2738,3126,201,0,95,0,599,8,4,4,8
34,23,moe,634,38,5998,2429,2429,3389,114,0,66,0,711,8,6,2,8
34,24,moe,770,33,8369,3570,3570,4458,283,0,58,0,715,8,3,5,8
34,25,moe,775,35,5620,2728,2729,2678,169,0,44,0,718,8,5,3,8
34,26,moe,619,34,7186,3360,3360,3544,226,0,56,0,727,8,4,4,8
34,-1,epi,0,0,0,0,0,0,0,0,5541,0,0,0,0,0,0
35,-2,pre,212,0,0,0,0,0,0,0,0,0,0,0,0,0,0
35,0,dense,1401,39,0,0,0,0,0,0,0,0,0,0,0,0,0
35,1,moe,794,35,14178,5800,5800,8044,279,0,55,0,714,8,3,5,8
35,2,moe,703,34,11051,4302,4302,6469,221,0,59,0,716,8,4,4,8
35,3,moe,621,35,6582,3710,3710,2664,172,0,36,0,721,8,5,3,8
35,4,moe,704,34,6984,2519,2519,4239,146,0,80,0,602,8,5,3,8
35,5,moe,776,36,3177,1504,1504,1542,100,0,31,0,595,8,6,2,8
35,6,moe,712,36,2362,1242,1242,1008,59,0,53,0,711,8,7,1,8
35,7,moe,624,35,2298,550,550,1588,102,0,58,0,593,8,6,2,8
35,8,moe,712,37,2188,540,540,1521,102,0,25,0,599,8,6,2,8
35,9,moe,791,36,5867,2840,2841,2789,173,0,64,0,712,8,5,3,8
35,10,moe,715,36,7880,4468,4468,3132,200,0,80,0,601,8,4,4,8
35,11,moe,614,35,5048,2169,2169,2753,100,0,26,0,594,8,6,2,8
35,12,moe,792,33,11349,4459,4459,6588,224,0,78,0,715,8,4,4,8
35,13,moe,774,36,4433,1399,1399,2876,100,0,58,0,589,8,6,2,8
35,14,moe,716,37,10432,3237,3237,6901,245,0,49,0,602,8,3,5,8
35,15,moe,624,35,4798,1827,1827,2741,165,0,65,0,705,8,5,3,8
35,16,moe,716,36,5070,2514,2514,2337,153,0,66,0,590,8,5,3,8
35,17,moe,776,36,6309,3006,3007,3055,194,0,53,0,594,8,4,4,8
35,18,moe,709,41,6424,2431,2431,3673,230,0,90,0,712,8,4,4,8
35,19,moe,625,34,7304,3897,3897,3132,200,0,75,0,596,8,4,4,8
35,20,moe,703,33,8678,4568,4568,3815,244,0,51,0,593,8,3,5,8
35,21,moe,8127,30,2649,578,578,1898,114,0,59,0,707,8,6,2,8
35,22,moe,772,33,7169,2935,2936,3899,247,0,87,0,597,8,3,5,8
35,23,moe,619,29,13722,5130,5130,8227,283,0,82,0,709,8,3,5,8
35,24,moe,770,30,6573,3693,3693,2666,173,0,41,0,716,8,5,3,8
35,25,moe,768,37,10503,6650,6650,3567,236,0,50,0,718,8,4,4,8
35,26,moe,623,29,19746,7827,7828,11396,453,0,69,0,706,8,0,8,8
35,-1,epi,0,0,0,0,0,0,0,0,5485,0,0,0,0,0,0
36,-2,pre,205,0,0,0,0,0,0,0,0,0,0,0,0,0,0
36,0,dense,1393,32,0,0,0,0,0,0,0,0,0,0,0,0,0
36,1,moe,790,35,16307,5325,5325,10520,395,0,67,0,719,8,1,7,8
36,2,moe,708,30,2262,1294,1294,888,59,0,21,0,711,8,7,1,8
36,3,moe,642,33,7689,3870,3870,3549,228,0,42,0,719,8,4,4,8
36,4,moe,701,29,3186,1380,1380,1628,102,0,76,0,596,8,6,2,8
36,5,moe,773,29,3790,2113,2113,1545,107,0,25,0,593,8,6,2,8
36,6,moe,708,29,3550,1483,1483,1894,118,0,55,0,716,8,6,2,8
36,7,moe,625,27,8562,2652,2652,5627,196,0,87,0,588,8,4,4,8
36,8,moe,707,28,25,0,0,0,0,0,25,0,580,8,8,0,8
36,9,moe,772,28,4439,2347,2347,1916,113,0,63,0,706,8,6,2,8
36,10,moe,713,29,4005,2253,2253,1593,100,0,59,0,591,8,6,2,8
36,11,moe,614,28,1107,276,276,764,50,0,17,0,593,8,7,1,8
36,12,moe,706,29,10835,3957,3957,6574,228,1,75,0,718,8,4,4,8
36,13,moe,773,29,5193,2191,2191,2839,99,0,64,0,586,8,6,2,8
36,14,moe,704,40,7761,3442,3442,4135,145,0,39,0,597,8,5,3,8
36,15,moe,616,25,7954,2721,2722,5005,169,0,58,0,702,8,5,3,8
36,16,moe,702,26,4521,1938,1938,2358,152,0,73,0,596,8,5,3,8
36,17,moe,771,29,7308,3194,3194,3822,245,0,47,0,590,8,3,5,8
36,18,moe,705,27,5800,2775,2776,2790,172,0,62,0,711,8,5,3,8
36,19,moe,618,26,7366,3964,3964,3119,198,0,85,0,594,8,4,4,8
36,20,moe,702,29,10177,4411,4411,5528,195,1,42,0,592,8,4,4,8
36,21,moe,773,27,10096,3194,3194,6598,229,0,75,0,711,8,4,4,8
36,22,moe,781,31,13174,5826,5826,7013,245,1,89,0,659,8,3,5,8
36,23,moe,628,28,11691,4767,4767,6604,250,0,70,0,782,8,4,4,8
36,24,moe,790,40,7917,3988,3988,3616,260,0,53,0,755,8,4,4,8
36,25,moe,791,35,13513,5114,5114,8055,282,0,62,0,720,8,3,5,8
36,26,moe,635,30,6938,1895,1895,4836,168,0,39,0,714,8,5,3,8
36,-1,epi,0,0,0,0,0,0,0,0,5510,0,0,0,0,0,0
37,-2,pre,217,0,0,0,0,0,0,0,0,0,0,0,0,0,0
37,0,dense,1398,35,0,0,0,0,0,0,0,0,0,0,0,0,0
37,1,moe,818,32,6202,2377,2378,3548,231,0,45,0,717,8,4,4,8
37,2,moe,718,29,7664,2606,2607,4843,170,0,44,0,712,8,5,3,8
37,3,moe,639,28,7789,2749,2749,4833,173,0,34,0,714,8,5,3,8
37,4,moe,718,30,8743,2794,2794,5651,195,0,103,0,595,8,4,4,8
37,5,moe,778,30,7755,3417,3417,4146,153,0,39,0,594,8,5,3,8
37,6,moe,711,34,11,0,0,0,0,0,11,0,701,8,8,0,8
37,7,moe,628,31,5215,2327,2327,2761,97,0,30,0,617,8,6,2,8
37,8,moe,705,29,7666,3316,3316,4148,148,0,54,0,597,8,5,3,8
37,9,moe,777,32,6132,2623,2623,3317,115,0,77,0,705,8,6,2,8
37,10,moe,703,30,2775,1150,1150,1518,50,0,57,0,591,8,7,1,8
37,11,moe,626,28,8424,2666,2666,5510,198,0,50,0,591,8,4,4,8
37,12,moe,702,28,8501,4529,4529,3668,226,0,78,0,714,8,4,4,8
37,13,moe,770,29,3148,1391,1391,1594,98,0,65,0,592,8,6,2,8
37,14,moe,705,28,5039,2575,2575,2284,147,0,33,0,592,8,5,3,8
37,15,moe,628,28,6984,3041,3042,3636,226,0,80,0,712,8,4,4,8
37,16,moe,705,28,7352,3937,3938,3144,197,0,73,0,605,8,4,4,8
37,17,moe,768,30,13847,6636,6636,6907,245,0,59,0,600,8,3,5,8
37,18,moe,703,30,5042,1511,1511,3351,112,0,68,0,708,8,6,2,8
37,19,moe,619,28,8777,2859,2860,5639,195,0,83,0,589,8,4,4,8
37,20,moe,703,29,2331,869,869,1392,52,0,18,0,593,8,7,1,8
37,21,moe,781,33,3667,1605,1605,1888,115,0,59,0,707,8,6,2,8
37,22,moe,783,31,6884,2447,2447,4213,147,0,77,0,589,8,5,3,8
37,23,moe,633,26,11803,4906,4906,6596,225,0,76,0,712,8,4,4,8
37,24,moe,770,29,17372,7340,7341,9628,342,0,61,0,717,8,2,6,8
37,25,moe,767,33,14484,6082,6082,8065,286,0,51,0,708,8,3,5,8
37,26,moe,634,27,12077,6338,6338,5331,343,0,65,0,709,8,2,6,8
37,-1,epi,0,0,0,0,0,0,0,0,5504,0,0,0,0,0,0
38,-2,pre,204,0,0,0,0,0,0,0,0,0,0,0,0,0,0
38,0,dense,1385,33,0,0,0,0,0,0,0,0,0,0,0,0,0
38,1,moe,791,29,7944,4128,4128,3543,232,0,41,0,721,8,4,4,8
38,2,moe,707,29,11,0,0,0,0,0,11,0,708,8,8,0,8
38,3,moe,634,29,5527,2649,2649,2667,175,0,36,0,718,8,5,3,8
38,4,moe,713,27,2104,1159,1159,838,50,0,57,0,591,8,7,1,8
38,5,moe,781,29,1910,1076,1076,764,48,0,22,0,596,8,7,1,8
38,6,moe,707,32,3059,1208,1208,1743,56,0,52,0,712,8,7,1,8
38,7,moe,614,26,8,0,0,0,0,0,8,0,588,8,8,0,8
38,8,moe,713,30,4492,1447,1447,2878,101,0,66,0,591,8,6,2,8
38,9,moe,843,38,5528,3702,3702,1722,59,0,45,0,702,8,7,1,8
38,10,moe,713,33,2781,1209,1209,1463,50,0,59,0,592,8,7,1,8
38,11,moe,624,30,7785,3476,3476,4131,148,0,30,0,591,8,5,3,8
38,12,moe,703,33,9,0,0,0,0,0,9,0,699,8,8,0,8
38,13,moe,769,33,8,0,0,0,0,0,8,0,582,8,8,0,8
38,14,moe,723,41,2648,1195,1195,1381,50,0,22,0,602,8,7,1,8
38,15,moe,630,34,8025,2787,2787,4994,167,0,77,0,710,8,5,3,8
38,16,moe,703,32,9561,3671,3671,5608,197,0,85,0,593,8,4,4,8
38,17,moe,772,33,8992,5702,5702,3044,199,0,47,0,596,8,4,4,8
38,18,moe,712,35,8,0,0,0,0,0,8,0,693,8,8,0,8
38,19,moe,613,31,3960,2312,2312,1518,100,0,30,0,594,8,6,2,8
38,20,moe,721,31,7658,3326,3326,4143,149,0,40,0,597,8,5,3,8
38,21,moe,772,34,7936,3962,3962,3670,232,0,72,0,718,8,4,4,8
38,22,moe,773,33,5121,2539,2539,2356,154,0,72,0,592,8,5,3,8
38,23,moe,629,33,9947,5056,5056,4524,283,0,84,0,718,8,3,5,8
38,24,moe,777,36,10618,3899,3900,6445,229,0,44,0,711,8,4,4,8
38,25,moe,768,33,4955,1573,1573,3238,118,0,26,0,712,8,6,2,8
38,26,moe,622,35,11527,4812,4812,6448,221,0,46,0,712,8,4,4,8
38,-1,epi,0,0,0,0,0,0,0,0,5512,0,0,0,0,0,0
39,-2,pre,202,0,0,0,0,0,0,0,0,0,0,0,0,0,0
39,0,dense,1394,42,0,0,0,0,0,0,0,0,0,0,0,0,0
39,1,moe,793,33,5850,2483,2484,3213,117,0,36,0,707,8,6,2,8
39,2,moe,715,37,8475,4659,4659,3549,223,0,44,0,716,8,4,4,8
39,3,moe,627,33,7833,4017,4017,3543,229,0,44,0,715,8,4,4,8
39,4,moe,708,45,10270,4352,4352,5633,202,0,83,0,590,8,4,4,8
39,5,moe,781,33,1716,273,273,1374,51,0,18,0,593,8,7,1,8
39,6,moe,718,32,2186,308,308,1764,61,0,53,0,715,8,7,1,8
39,7,moe,631,31,6111,3547,3547,2348,149,0,67,0,598,8,5,3,8
39,8,moe,708,32,7647,3254,3254,4189,166,0,38,0,675,8,5,3,8
39,9,moe,795,39,12820,4247,4247,8192,294,0,87,0,725,8,3,5,8
39,10,moe,733,35,4035,2268,2268,1614,99,0,54,0,599,8,6,2,8
39,11,moe,631,33,9348,3562,3562,5537,197,0,52,0,599,8,4,4,8
39,12,moe,703,35,8971,3728,3728,4997,171,0,75,0,712,8,5,3,8
39,13,moe,772,34,5261,806,806,4232,147,0,76,0,595,8,5,3,8
39,14,moe,724,39,2798,1352,1352,1377,50,0,19,0,592,8,7,1,8
39,15,moe,629,34,16121,5905,5905,9779,340,0,97,0,713,8,2,6,8
39,16,moe,707,35,8028,3573,3573,4235,148,0,72,0,587,8,5,3,8
39,17,moe,777,34,9398,3648,3649,5514,194,0,41,0,597,8,4,4,8
39,18,moe,712,36,5367,1397,1397,3651,230,0,89,0,718,8,4,4,8
39,19,moe,640,38,8339,4091,4091,3906,245,0,97,0,594,8,3,5,8
39,20,moe,713,85,7823,4504,4504,3074,206,0,39,0,595,8,4,4,8
39,21,moe,770,37,13576,4947,4947,8234,287,0,108,0,717,8,3,5,8
39,22,moe,779,36,11215,3883,3883,6995,245,0,92,0,595,8,3,5,8
39,23,moe,615,32,17523,7275,7276,9811,341,0,95,0,712,8,2,6,8
39,24,moe,771,36,15468,5455,5455,9613,340,0,60,0,713,8,2,6,8
39,25,moe,781,36,17958,7069,7069,10435,396,0,58,0,713,8,1,7,8
39,26,moe,632,36,10861,4146,4146,6445,224,0,46,0,712,8,4,4,8
39,-1,epi,0,0,0,0,0,0,0,0,5475,0,0,0,0,0,0
40,-2,pre,204,0,0,0,0,0,0,0,0,0,0,0,0,0,0
40,0,dense,1377,39,0,0,0,0,0,0,0,0,0,0,0,0,0
40,1,moe,792,37,6198,2839,2839,3212,118,0,29,0,717,8,6,2,8
40,2,moe,725,34,5711,2330,2330,3231,117,0,33,0,706,8,6,2,8
40,3,moe,622,33,16495,6475,6475,9624,336,0,60,0,708,8,2,6,8
40,4,moe,705,33,7951,3492,3493,4228,146,0,84,0,605,8,5,3,8
40,5,moe,785,36,4296,1812,1812,2299,150,0,35,0,601,8,5,3,8
40,6,moe,715,37,3581,1528,1528,1869,117,0,67,0,715,8,6,2,8
40,7,moe,622,38,9441,3563,3563,5593,196,0,89,0,594,8,4,4,8
40,8,moe,699,34,1970,1139,1139,761,50,0,20,0,592,8,7,1,8
40,9,moe,792,36,2453,1347,1347,978,59,0,69,0,705,8,7,1,8
40,10,moe,706,38,9533,3643,3645,5602,200,1,85,0,605,8,4,4,8
40,11,moe,612,32,3851,2196,2196,1526,101,0,28,0,607,8,6,2,8
40,12,moe,710,36,2343,1234,1234,992,60,0,57,0,708,8,7,1,8
40,13,moe,773,35,7904,4516,4516,3113,200,0,75,0,605,8,4,4,8
40,14,moe,705,36,7928,3616,3616,4131,145,0,36,0,596,8,5,3,8
40,15,moe,616,35,11014,4161,4161,6559,226,0,68,0,725,8,4,4,8
40,16,moe,706,39,6563,2102,2102,4237,152,0,72,0,587,8,5,3,8
40,17,moe,780,40,4292,1387,1387,2769,102,0,34,0,593,8,6,2,8
40,18,moe,712,37,8190,4232,4232,3650,233,0,75,0,729,8,4,4,8
40,19,moe,627,36,4980,2373,2373,2382,149,0,76,0,594,8,5,3,8
40,20,moe,726,41,7678,4371,4371,3063,198,0,46,0,615,8,4,4,8
40,21,moe,770,38,8816,3602,3602,4973,168,0,73,0,707,8,5,3,8
40,22,moe,767,37,5242,2239,2239,2835,99,0,69,0,602,8,6,2,8
40,23,moe,643,32,14781,6014,6014,8391,285,0,91,0,735,8,3,5,8
40,24,moe,824,37,11613,4647,4647,6692,225,0,49,0,732,8,4,4,8
40,25,moe,771,41,12271,3880,3880,8055,280,0,56,0,718,8,3,5,8
40,26,moe,622,37,12139,3746,3747,8052,284,0,56,0,712,8,3,5,8
40,-1,epi,0,0,0,0,0,0,0,0,5483,0,0,0,0,0,0
41,-2,pre,66,0,0,0,0,0,0,0,0,0,0,0,0,0,0
41,0,dense,1396,41,0,0,0,0,0,0,0,0,0,0,0,0,0
41,1,moe,794,36,5775,2893,2893,2671,175,0,36,0,719,8,5,3,8
41,2,moe,721,38,10028,3292,3293,6466,229,0,40,0,711,8,4,4,8
41,3,moe,630,37,8666,3625,3626,4835,170,0,35,0,716,8,5,3,8
41,4,moe,713,34,7842,3357,3358,4254,145,0,85,0,591,8,5,3,8
41,5,moe,772,34,10301,4545,4545,5516,198,0,42,0,632,8,4,4,8
41,6,moe,711,202,11979,6673,6674,5023,193,0,89,0,769,8,5,3,8
41,7,moe,631,40,12,0,0,0,0,0,12,0,594,8,8,0,8
41,8,moe,731,38,10,0,0,0,0,0,10,0,597,8,8,0,8
41,9,moe,813,43,1281,301,301,896,60,0,24,0,723,8,7,1,8
41,10,moe,737,37,5318,2722,2722,2354,152,0,90,0,593,8,5,3,8
41,11,moe,633,40,4717,1830,1830,2760,99,0,28,0,594,8,6,2,8
41,12,moe,715,35,9,0,0,0,0,0,9,0,701,8,8,0,8
41,13,moe,792,37,5142,2254,2254,2761,99,0,28,0,599,8,6,2,8
41,14,moe,714,36,9346,3589,3589,5517,195,0,45,0,594,8,4,4,8
41,15,moe,617,40,2180,304,304,1759,57,0,60,0,711,8,7,1,8
41,16,moe,720,29,7932,3462,3462,4254,147,0,69,0,592,8,5,3,8
41,17,moe,791,34,9,0,0,0,0,0,9,0,581,8,8,0,8
41,18,moe,728,32,2129,309,309,1705,58,0,57,0,710,8,7,1,8
41,19,moe,613,29,4392,1392,1392,2832,99,0,69,0,591,8,6,2,8
41,20,moe,726,33,5308,2421,2421,2757,101,0,29,0,593,8,6,2,8
41,21,moe,774,34,6094,2538,2538,3378,112,0,66,0,709,8,6,2,8
41,22,moe,787,31,2742,1198,1198,1437,50,0,57,0,588,8,7,1,8
41,23,moe,623,29,8750,3567,3567,4942,171,0,70,0,710,8,5,3,8
41,24,moe,785,36,7782,2716,2716,4862,166,0,38,0,717,8,5,3,8
41,25,moe,790,35,7828,2764,2764,4850,174,0,40,0,712,8,5,3,8
41,26,moe,631,31,7558,4183,4183,3235,113,0,27,0,703,8,6,2,8
41,-1,epi,0,0,0,0,0,0,0,0,5489,0,0,0,0,0,0
42,-2,pre,138,0,0,0,0,0,0,0,0,0,0,0,0,0,0
42,0,dense,1393,35,0,0,0,0,0,0,0,0,0,0,0,0,0
42,1,moe,805,32,10658,3945,3945,6444,225,0,44,0,718,8,4,4,8
42,2,moe,729,30,8774,4952,4952,3546,231,0,45,0,712,8,4,4,8
42,3,moe,627,31,5634,2764,2764,2660,173,0,37,0,714,8,5,3,8
42,4,moe,705,30,12250,4901,4901,6994,247,0,108,0,595,8,3,5,8
42,5,moe,778,31,12832,5635,5635,6902,246,0,49,0,594,8,3,5,8
42,6,moe,711,29,6035,2513,2513,3358,112,0,52,0,708,8,6,2,8
42,7,moe,621,29,10203,4291,4291,5623,197,0,92,0,595,8,4,4,8
42,8,moe,713,30,10234,4474,4474,5526,194,0,40,0,588,8,4,4,8
42,9,moe,783,31,9012,3807,3807,4958,173,0,74,0,710,8,5,3,8
42,10,moe,704,29,6996,2514,2515,4262,149,0,70,0,587,8,5,3,8
42,11,moe,632,29,6008,3510,3510,2305,151,0,42,0,590,8,5,3,8
42,12,moe,702,30,5825,2798,2798,2777,173,0,77,0,718,8,5,3,8
42,13,moe,772,32,4021,2259,2259,1594,102,0,66,0,600,8,6,2,8
42,14,moe,711,31,10164,4405,4405,5525,193,0,41,0,598,8,4,4,8
42,15,moe,602,29,10039,3078,3079,6656,223,0,81,0,713,8,4,4,8
42,16,moe,716,35,5440,2424,2424,2841,102,0,73,0,587,8,6,2,8
42,17,moe,784,34,10074,4307,4307,5522,195,0,50,0,600,8,4,4,8
42,18,moe,703,32,6580,3564,3564,2766,175,0,75,0,716,8,5,3,8
42,19,moe,619,32,8697,2791,2791,5628,198,0,80,0,596,8,4,4,8
42,20,moe,710,30,5069,2184,2185,2761,98,0,25,0,590,8,6,2,8
42,21,moe,777,29,5067,1539,1540,3349,116,0,62,0,722,8,6,2,8
42,22,moe,774,30,7938,3476,3476,4239,151,0,72,0,592,8,5,3,8
42,23,moe,634,29,6064,2551,2553,3345,112,0,54,0,705,8,6,2,8
42,24,moe,783,29,1998,316,316,1606,56,0,20,0,710,8,7,1,8
42,25,moe,788,32,9939,3221,3221,6447,231,0,40,0,712,8,4,4,8
42,26,moe,623,29,3988,626,626,3219,118,0,25,0,706,8,6,2,8
42,-1,epi,0,0,0,0,0,0,0,0,5514,0,0,0,0,0,0
43,-2,pre,215,0,0,0,0,0,0,0,0,0,0,0,0,0,0
43,0,dense,1415,31,0,0,0,0,0,0,0,0,0,0,0,0,0
43,1,moe,801,31,8696,3647,3647,4828,174,0,47,0,728,8,5,3,8
43,2,moe,726,37,2891,1205,1205,1607,59,0,20,0,705,8,7,1,8
43,3,moe,642,34,2936,1241,1241,1617,58,0,20,0,711,8,7,1,8
43,4,moe,727,32,5515,2913,2914,2366,149,0,86,0,591,8,5,3,8
43,5,moe,771,33,10,0,0,0,0,0,10,0,585,8,8,0,8
43,6,moe,716,27,8194,2953,2953,4980,174,0,87,0,713,8,5,3,8
43,7,moe,624,29,7961,3507,3508,4245,146,0,62,0,589,8,5,3,8
43,8,moe,719,29,2569,1109,1109,1390,50,0,20,0,591,8,7,1,8
43,9,moe,779,41,5922,2420,2420,3340,114,0,48,0,705,8,6,2,8
43,10,moe,715,34,5240,2214,2214,2863,99,0,64,0,595,8,6,2,8
43,11,moe,628,32,4275,1387,1388,2762,100,0,25,0,591,8,6,2,8
43,12,moe,705,30,11600,4663,4663,6631,226,0,80,0,710,8,4,4,8
43,13,moe,778,29,2739,1143,1143,1487,49,0,60,0,599,8,7,1,8
43,14,moe,703,32,2602,1151,1151,1382,48,0,21,0,584,8,7,1,8
43,15,moe,622,33,5991,2446,2446,3374,113,0,58,0,705,8,6,2,8
43,16,moe,712,30,7761,3264,3264,4267,146,0,84,0,588,8,5,3,8
43,17,moe,788,29,10258,4494,4494,5523,198,0,43,0,596,8,4,4,8
43,18,moe,714,29,8,0,0,0,0,0,8,0,698,8,8,0,8
43,19,moe,628,33,4287,1384,1385,2772,101,0,29,0,590,8,6,2,8
43,20,moe,716,29,4378,1416,1416,2811,124,0,27,0,667,8,6,2,8
43,21,moe,798,36,5647,2060,2060,3382,124,0,81,0,794,8,6,2,8
43,22,moe,4959,32,2069,1110,1110,843,52,1,63,0,602,8,7,1,8
43,23,moe,639,31,6683,3661,3661,2768,177,0,77,0,721,8,5,3,8
43,24,moe,784,34,5628,2754,2754,2656,175,0,43,0,717,8,5,3,8
43,25,moe,778,36,4225,2301,2301,1779,116,0,29,0,718,8,6,2,8
43,26,moe,630,33,2952,1252,1252,1623,56,0,21,0,711,8,7,1,8
43,-1,epi,0,0,0,0,0,0,0,0,5577,0,0,0,0,0,0
44,-2,pre,218,0,0,0,0,0,0,0,0,0,0,0,0,0,0
44,0,dense,1404,34,0,0,0,0,0,0,0,0,0,0,0,0,0
44,1,moe,813,42,2927,1240,1240,1608,57,0,22,0,722,8,7,1,8
44,2,moe,721,31,4935,1564,1565,3228,113,0,29,0,719,8,6,2,8
44,3,moe,620,238,13550,8474,8474,4848,181,0,47,0,709,8,5,3,8
44,4,moe,719,33,7813,4396,4396,3114,203,0,100,0,595,8,4,4,8
44,5,moe,775,35,6911,3595,3595,3070,203,0,43,0,606,8,4,4,8
44,6,moe,713,35,2328,1200,1200,1013,60,0,55,0,714,8,7,1,8
44,7,moe,632,38,9049,4572,4572,4268,146,0,63,0,591,8,5,3,8
44,8,moe,722,33,5117,2220,2220,2769,104,0,24,0,588,8,6,2,8
44,9,moe,785,35,3096,1241,1241,1745,57,0,53,0,705,8,7,1,8
44,10,moe,718,33,6881,2409,2409,4254,146,0,72,0,589,8,5,3,8
44,11,moe,618,33,7627,3300,3300,4145,148,0,34,0,591,8,5,3,8
44,12,moe,721,33,9115,3856,3856,5014,171,0,74,0,706,8,5,3,8
44,13,moe,781,33,7913,3409,3409,4273,152,0,79,0,591,8,5,3,8
44,14,moe,721,33,11825,4622,4622,6900,245,0,58,0,595,8,3,5,8
44,15,moe,621,32,7986,2722,2722,5027,167,0,70,0,714,8,5,3,8
44,16,moe,718,38,7041,2579,2579,4235,151,0,76,0,591,8,5,3,8
44,17,moe,790,40,7933,2187,2188,5508,195,0,42,0,594,8,4,4,8
44,18,moe,713,34,6064,2494,2494,3394,113,0,63,0,714,8,6,2,8
44,19,moe,625,34,10367,4460,4460,5630,199,0,78,0,590,8,4,4,8
44,20,moe,711,34,2624,1161,1161,1392,49,0,22,0,593,8,7,1,8
44,21,moe,785,35,18712,7646,7647,10563,394,0,108,0,717,8,1,7,8
44,22,moe,2330,34,12169,4824,4824,7005,245,0,95,0,598,8,3,5,8
44,23,moe,617,33,15669,5533,5533,9696,342,0,98,0,711,8,2,6,8
44,24,moe,777,34,7803,3985,3985,3537,235,0,46,0,713,8,4,4,8
44,25,moe,783,35,10965,6183,6183,4444,286,0,52,0,719,8,3,5,8
44,26,moe,636,32,10670,5888,5889,4442,289,0,50,0,709,8,3,5,8
44,-1,epi,0,0,0,0,0,0,0,0,5493,0,0,0,0,0,0
45,-2,pre,209,0,0,0,0,0,0,0,0,0,0,0,0,0,0
45,0,dense,1397,38,0,0,0,0,0,0,0,0,0,0,0,0,0
45,1,moe,811,38,11,0,0,0,0,0,11,0,728,8,8,0,8
45,2,moe,725,34,5169,1783,1783,3242,114,0,30,0,709,8,6,2,8
45,3,moe,619,35,2951,1261,1261,1613,58,0,19,0,711,8,7,1,8
45,4,moe,722,34,5520,2486,2486,2853,102,0,79,0,591,8,6,2,8
45,5,moe,786,35,4263,1385,1386,2749,101,0,27,0,595,8,6,2,8
45,6,moe,712,35,5967,2398,2398,3380,115,0,74,0,715,8,6,2,8
45,7,moe,624,35,1888,251,251,1532,49,0,56,0,587,8,7,1,8
45,8,moe,706,37,5121,2234,2234,2760,101,1,25,0,594,8,6,2,8
45,9,moe,795,33,6152,2605,2605,3374,115,0,58,0,707,8,6,2,8
45,10,moe,723,31,8,0,0,0,0,0,8,0,580,8,8,0,8
45,11,moe,617,31,5193,2202,2202,2824,100,0,67,0,584,8,6,2,8
45,12,moe,722,32,10901,4019,4019,6574,226,1,81,0,712,8,4,4,8
45,13,moe,790,32,5253,2252,2252,2837,99,0,65,0,590,8,6,2,8
45,14,moe,722,32,5231,2347,2347,2757,98,0,29,0,592,8,6,2,8
45,15,moe,620,35,5062,3241,3241,1708,57,0,56,0,720,8,7,1,8
45,16,moe,715,37,7035,2545,2545,4260,149,0,81,0,595,8,5,3,8
45,17,moe,790,39,3860,2200,2200,1526,102,0,32,0,590,8,6,2,8
45,18,moe,719,35,5107,1550,1550,3373,115,0,69,0,709,8,6,2,8
45,19,moe,627,35,5189,2595,2595,2367,152,0,75,0,590,8,5,3,8
45,20,moe,752,42,7823,4522,4522,3051,198,0,52,0,604,8,4,4,8
45,21,moe,795,37,5974,2349,2349,3424,123,0,78,0,710,8,6,2,8
45,22,moe,792,40,8258,2369,2370,5593,199,0,96,0,599,8,4,4,8
45,23,moe,624,39,14467,5815,5815,8268,287,0,97,0,717,8,3,5,8
45,24,moe,780,37,8792,3727,3727,4856,170,0,39,0,707,8,5,3,8
45,25,moe,776,39,12761,4358,4358,8071,280,0,52,0,715,8,3,5,8
45,26,moe,630,40,10616,3863,3863,6478,229,0,46,0,709,8,4,4,8
45,-1,epi,0,0,0,0,0,0,0,0,5378,0,0,0,0,0,0
46,-2,pre,62,0,0,0,0,0,0,0,0,0,0,0,0,0,0
46,0,dense,1394,39,0,0,0,0,0,0,0,0,0,0,0,0,0
46,1,moe,841,43,4330,2364,2364,1806,127,0,33,0,800,8,6,2,8
46,2,moe,717,35,11344,4600,4600,6464,228,0,52,0,716,8,4,4,8
46,3,moe,630,35,4344,2422,2422,1781,113,0,28,0,722,8,6,2,8
46,4,moe,722,36,8217,3998,3999,3862,243,0,113,0,604,8,3,5,8
46,5,moe,793,35,5762,3287,3287,2289,148,0,38,0,604,8,5,3,8
46,6,moe,720,36,8747,3569,3569,4930,172,0,76,0,712,8,5,3,8
46,7,moe,626,34,2793,1179,1179,1506,50,0,58,0,588,8,7,1,8
46,8,moe,721,36,9484,3706,3706,5536,197,0,45,0,604,8,4,4,8
46,9,moe,778,37,7924,3958,3958,3659,223,0,84,0,711,8,4,4,8
46,10,moe,721,33,5888,3300,3301,2356,151,0,80,0,592,8,5,3,8
46,11,moe,627,37,7660,3305,3305,4156,158,0,41,0,592,8,5,3,8
46,12,moe,717,36,6012,2489,2489,3345,116,0,62,0,711,8,6,2,8
46,13,moe,771,33,4493,1498,1498,2821,100,0,74,0,593,8,6,2,8
46,14,moe,715,34,7607,3258,3259,4160,151,0,37,0,600,8,5,3,8
46,15,moe,617,33,4446,2379,2379,1891,119,0,57,0,704,8,6,2,8
46,16,moe,710,33,4207,1638,1638,2352,145,0,72,0,595,8,5,3,8
46,17,moe,773,33,3064,1418,1418,1520,99,0,27,0,591,8,6,2,8
46,18,moe,710,33,2339,1236,1236,995,57,0,51,0,711,8,7,1,8
46,19,moe,622,30,8,0,0,0,0,0,8,0,582,8,8,0,8
46,20,moe,709,41,9,0,0,0,0,0,9,0,582,8,8,0,8
46,21,moe,789,33,9,0,1,0,0,0,8,0,707,8,8,0,8
46,22,moe,795,33,2730,1128,1128,1483,51,0,68,0,596,8,7,1,8
46,23,moe,638,32,7885,2684,2684,4957,173,0,71,0,710,8,5,3,8
46,24,moe,788,40,9,0,0,0,0,0,9,0,705,8,8,0,8
46,25,moe,778,34,2900,1207,1207,1616,59,0,18,0,712,8,7,1,8
46,26,moe,635,32,8576,3520,3520,4846,173,0,37,0,714,8,5,3,8
46,-1,epi,0,0,0,0,0,0,0,0,5560,0,0,0,0,0,0
47,-2,pre,204,0,0,0,0,0,0,0,0,0,0,0,0,0,0
47,0,dense,1406,214,0,0,0,0,0,0,0,0,0,0,0,0,0
47,1,moe,851,34,17250,10542,10542,6440,224,0,44,0,710,8,4,4,8
47,2,moe,718,33,6569,3695,3695,2658,167,0,49,0,715,8,5,3,8
47,3,moe,619,31,6603,3735,3735,2665,171,0,32,0,709,8,5,3,8
47,4,moe,701,33,5984,3405,3405,2346,148,0,85,0,597,8,5,3,8
47,5,moe,797,34,6041,2750,2750,3056,194,0,41,0,593,8,4,4,8
47,6,moe,704,33,2361,1234,1234,1014,59,0,54,0,712,8,7,1,8
47,7,moe,626,31,5984,3421,3421,2345,147,0,71,0,592,8,5,3,8
47,8,moe,707,33,5821,3353,3353,2284,147,0,37,0,594,8,5,3,8
47,9,moe,777,34,4524,2462,2462,1887,112,0,63,0,708,8,6,2,8
47,10,moe,701,29,5918,3344,3344,2356,146,0,72,0,597,8,5,3,8
47,11,moe,626,28,1097,272,272,759,49,0,17,0,588,8,7,1,8
47,12,moe,706,39,6721,3712,3712,2777,166,0,66,0,711,8,5,3,8
47,13,moe,771,29,2061,1102,1102,860,50,0,49,0,596,8,7,1,8
47,14,moe,718,33,6921,3627,3627,3058,194,0,42,0,594,8,4,4,8
47,15,moe,611,28,5116,2102,2102,2778,170,0,66,0,710,8,5,3,8
47,16,moe,702,28,5026,2443,2443,2365,147,0,71,0,595,8,5,3,8
47,17,moe,771,30,4923,2463,2463,2278,148,1,33,0,597,8,5,3,8
47,18,moe,708,35,2141,313,313,1716,59,0,53,0,708,8,7,1,8
47,19,moe,631,28,6980,3582,3582,3114,199,0,85,0,590,8,4,4,8
47,20,moe,704,30,4910,2437,2437,2295,146,0,32,0,600,8,5,3,8
47,21,moe,782,30,4464,2413,2413,1875,114,0,62,0,726,8,6,2,8
47,22,moe,788,31,3526,1738,1738,1627,97,0,64,0,589,8,6,2,8
47,23,moe,629,32,8552,3650,3650,4541,278,0,83,0,714,8,3,5,8
47,24,moe,772,32,5608,2755,2755,2652,169,0,32,0,735,8,5,3,8
47,25,moe,784,33,2235,1271,1271,890,58,0,16,0,710,8,7,1,8
47,26,moe,613,28,3989,625,625,3228,112,0,24,0,708,8,6,2,8
47,-1,epi,0,0,0,0,0,0,0,0,5570,0,0,0,0,0,0
48,-2,pre,220,0,0,0,0,0,0,0,0,0,0,0,0,0,0
48,0,dense,1407,32,0,0,0,0,0,0,0,0,0,0,0,0,0
48,1,moe,802,30,3031,1339,1339,1612,59,0,21,0,727,8,7,1,8
48,2,moe,720,30,2001,315,315,1613,56,0,17,0,724,8,7,1,8
48,3,moe,641,33,5963,2600,2600,3223,115,0,25,0,714,8,6,2,8
48,4,moe,717,30,7938,3433,3433,4274,147,0,84,0,596,8,5,3,8
48,5,moe,774,32,2608,1149,1149,1388,50,0,21,0,594,8,7,1,8
48,6,moe,711,31,2276,1185,1185,978,57,0,56,0,719,8,7,1,8
48,7,moe,629,32,3566,529,529,2870,99,0,68,0,592,8,6,2,8
48,8,moe,720,29,2016,1165,1165,781,50,0,20,0,599,8,7,1,8
48,9,moe,792,32,3658,1583,1583,1900,114,0,61,0,713,8,6,2,8
48,10,moe,715,33,5105,2493,2493,2383,148,0,81,0,590,8,5,3,8
48,11,moe,623,28,3954,2304,2304,1529,98,0,23,0,595,8,6,2,8
48,12,moe,718,32,3101,1250,1250,1743,56,0,52,0,702,8,7,1,8
48,13,moe,771,28,9,0,0,0,0,0,9,0,593,8,8,0,8
48,14,moe,712,28,2713,1092,1092,1507,49,0,65,0,592,8,7,1,8
48,15,moe,617,30,5887,2319,2319,3384,114,0,70,0,719,8,6,2,8
48,16,moe,708,29,2756,1163,1163,1487,50,0,56,0,590,8,7,1,8
48,17,moe,777,30,1955,1119,1119,767,49,0,20,0,592,8,7,1,8
48,18,moe,716,29,2346,1239,1240,997,57,0,52,0,717,8,7,1,8
48,19,moe,615,28,3161,1389,1389,1606,99,1,66,0,607,8,6,2,8
48,20,moe,710,33,7582,3254,3254,4140,152,0,36,0,603,8,5,3,8
48,21,moe,791,33,9,0,0,0,0,0,9,0,709,8,8,0,8
48,22,moe,788,29,6625,3341,3341,3046,197,0,41,0,602,8,4,4,8
48,23,moe,633,31,6621,4530,4530,1907,117,0,67,0,713,8,6,2,8
48,24,moe,778,39,5739,2352,2352,3243,118,0,26,0,718,8,6,2,8
48,25,moe,787,31,4382,2455,2455,1774,124,0,29,0,706,8,6,2,8
48,26,moe,634,27,9,0,0,0,0,0,9,0,711,8,8,0,8
48,-1,epi,0,0,0,0,0,0,0,0,5615,0,0,0,0,0,0
49,-2,pre,212,0,0,0,0,0,0,0,0,0,0,0,0,0,0
49,0,dense,1411,35,0,0,0,0,0,0,0,0,0,0,0,0,0
49,1,moe,807,31,8869,3814,3814,4843,178,0,34,0,715,8,5,3,8
49,2,moe,742,32,2071,340,341,1638,70,0,22,0,747,8,7,1,8
49,3,moe,650,32,6482,3499,3500,2729,202,0,51,0,800,8,5,3,8
49,4,moe,733,38,5915,3321,3321,2348,152,0,94,0,605,8,5,3,8
49,5,moe,819,35,5147,2208,2208,2768,102,0,69,0,606,8,6,2,8
49,6,moe,722,36,3094,1267,1267,1707,59,0,61,0,727,8,7,1,8
49,7,moe,640,32,4458,1411,1411,2872,101,1,73,0,610,8,6,2,8
49,8,moe,731,32,1988,1154,1154,765,48,0,21,0,603,8,7,1,8
49,9,moe,817,36,11789,4800,4800,6661,230,0,98,0,724,8,4,4,8
49,10,moe,722,32,7983,3516,3516,4241,148,0,78,0,601,8,5,3,8
49,11,moe,625,30,1953,1119,1119,762,49,0,23,0,597,8,7,1,8
49,12,moe,723,31,2365,1294,1294,961,56,0,54,0,713,8,7,1,8
49,13,moe,796,36,5980,3369,3369,2369,151,0,91,0,602,8,5,3,8
49,14,moe,728,31,3873,2219,2219,1524,100,0,30,0,605,8,6,2,8
49,15,moe,622,27,3587,1514,1514,1897,111,0,65,0,719,8,6,2,8
49,16,moe,731,28,3203,1434,1434,1602,98,0,69,0,597,8,6,2,8
49,17,moe,796,29,7634,4344,4344,3045,194,0,51,0,610,8,4,4,8
49,18,moe,708,31,2365,1261,1261,992,56,1,55,0,727,8,7,1,8
49,19,moe,621,33,10763,5716,5717,4640,294,0,112,0,610,8,2,6,8
49,20,moe,724,30,5428,2954,2955,2288,148,0,37,0,610,8,5,3,8
49,21,moe,792,30,7817,3858,3860,3644,223,0,90,0,723,8,4,4,8
49,22,moe,796,44,7770,3556,3556,3865,247,0,102,0,614,8,3,5,8
49,23,moe,630,33,11149,2570,2570,8200,279,0,100,0,721,8,3,5,8
49,24,moe,777,30,15237,6838,6839,8052,294,0,52,0,728,8,3,5,8
49,25,moe,781,30,14296,4158,4159,9722,345,0,70,0,717,8,2,6,8
49,26,moe,624,29,7958,1236,1236,6442,230,0,50,0,718,8,4,4,8
49,-1,epi,0,0,0,0,0,0,0,0,5529,0,0,0,0,0,0
50,-2,pre,43,0,0,0,0,0,0,0,0,0,0,0,0,0,0
50,0,dense,1448,38,0,0,0,0,0,0,0,0,0,0,0,0,0
50,1,moe,812,34,6245,2864,2864,3233,113,0,35,0,717,8,6,2,8
50,2,moe,720,32,6603,3724,3724,2667,170,0,42,0,718,8,5,3,8
50,3,moe,615,33,2268,1300,1300,890,58,0,20,0,712,8,7,1,8
50,4,moe,726,34,3410,811,812,2364,146,0,88,0,600,8,5,3,8
50,5,moe,801,36,6266,2970,2970,3052,196,0,48,0,605,8,4,4,8
50,6,moe,729,39,2337,1229,1229,995,58,0,55,0,719,8,7,1,8
50,7,moe,620,32,8,0,0,0,0,0,8,0,608,8,8,0,8
50,8,moe,731,33,1236,264,264,844,51,0,77,0,607,8,7,1,8
50,9,moe,786,37,3135,1278,1278,1745,59,0,53,0,724,8,7,1,8
50,10,moe,719,33,2733,1163,1163,1461,51,0,58,0,601,8,7,1,8
50,11,moe,633,32,2603,1151,1151,1382,50,0,20,0,605,8,7,1,8
50,12,moe,730,32,2334,1214,1214,1003,57,0,60,0,722,8,7,1,8
50,13,moe,779,36,9,0,0,0,0,0,9,0,602,8,8,0,8
50,14,moe,715,37,9,0,0,0,0,0,9,0,604,8,8,0,8
50,15,moe,640,33,4719,1833,1833,2665,171,0,50,0,726,8,5,3,8
50,16,moe,731,39,6962,3539,3539,3124,196,0,103,0,607,8,4,4,8
50,17,moe,804,34,6905,3598,3599,3059,196,0,51,0,608,8,4,4,8
50,18,moe,725,33,6576,3557,3557,2769,170,0,80,0,729,8,5,3,8
50,19,moe,626,33,9,0,0,0,0,0,9,0,598,8,8,0,8
50,20,moe,742,43,6999,2521,2522,4236,151,0,90,0,605,8,5,3,8
50,21,moe,782,34,10812,3891,3892,6591,231,0,98,0,723,8,4,4,8
50,22,moe,778,36,3993,1393,1393,2367,148,0,85,0,608,8,5,3,8
50,23,moe,640,34,7050,3094,3094,3650,224,0,82,0,721,8,4,4,8
50,24,moe,778,37,8020,1291,1292,6438,233,0,57,0,722,8,4,4,8
50,25,moe,789,36,5936,2579,2579,3212,113,0,32,0,717,8,6,2,8
50,26,moe,632,32,4336,2406,2406,1787,113,0,30,0,719,8,6,2,8
50,-1,epi,0,0,0,0,0,0,0,0,5566,0,0,0,0,0,0
51,-2,pre,37,0,0,0,0,0,0,0,0,0,0,0,0,0,0
51,0,dense,1443,37,0,0,0,0,0,0,0,0,0,0,0,0,0
51,1,moe,797,36,9,0,0,0,0,0,9,0,747,8,8,0,8
51,2,moe,729,33,3149,1458,1458,1609,59,0,23,0,726,8,7,1,8
51,3,moe,646,33,3752,1839,1839,1764,116,0,33,0,720,8,6,2,8
51,4,moe,729,35,6230,2803,2804,3125,196,0,105,0,605,8,4,4,8
51,5,moe,788,35,9,0,0,0,0,0,9,0,605,8,8,0,8
51,6,moe,719,32,8736,4767,4767,3651,225,0,93,0,725,8,4,4,8
51,7,moe,631,32,7681,4282,4282,3106,194,0,99,0,599,8,4,4,8
51,8,moe,720,34,4024,2376,2376,1522,98,0,28,0,599,8,6,2,8
51,9,moe,792,35,4450,2401,2401,1881,114,0,54,0,714,8,6,2,8
51,10,moe,721,37,3988,2218,2218,1597,99,0,74,0,600,8,6,2,8
51,11,moe,624,33,3862,2210,2210,1528,98,0,26,0,606,8,6,2,8
51,12,moe,719,36,4614,2562,2562,1869,115,0,68,0,719,8,6,2,8
51,13,moe,789,33,5994,3419,3419,2343,146,0,86,0,601,8,5,3,8
51,14,moe,721,38,10,0,0,0,0,0,10,0,595,8,8,0,8
51,15,moe,640,32,3055,1235,1235,1705,59,0,56,0,716,8,7,1,8
51,16,moe,711,33,12793,5440,5440,6996,252,0,105,0,597,8,3,5,8
51,17,moe,786,34,4039,2381,2381,1527,99,0,32,0,597,8,6,2,8
51,18,moe,719,34,8818,4854,4855,3646,229,0,88,0,719,8,4,4,8
51,19,moe,620,32,3254,1493,1493,1598,98,0,65,0,601,8,6,2,8
51,20,moe,723,33,8926,4801,4802,3823,243,0,58,0,604,8,3,5,8
51,21,moe,785,35,12404,6535,6535,5418,336,0,115,0,722,8,2,6,8
51,22,moe,783,33,5999,3407,3408,2360,148,0,83,0,623,8,5,3,8
51,23,moe,624,33,6675,3666,3666,2764,170,0,75,0,722,8,5,3,8
51,24,moe,785,33,5946,2504,2504,3278,132,0,32,0,804,8,6,2,8
51,25,moe,789,37,13714,5246,5247,8105,297,0,65,0,722,8,3,5,8
51,26,moe,643,34,10700,3978,3978,6435,223,0,64,0,729,8,4,4,8
51,-1,epi,0,0,0,0,0,0,0,0,5553,0,0,0,0,0,0
52,-2,pre,51,0,0,0,0,0,0,0,0,0,0,0,0,0,0
52,0,dense,1409,41,0,0,0,0,0,0,0,0,0,0,0,0,0
52,1,moe,802,42,3095,1408,1408,1605,58,0,24,0,730,8,7,1,8
52,2,moe,731,35,1268,298,298,892,58,0,20,0,732,8,7,1,8
52,3,moe,646,35,5912,2545,2545,3224,116,0,27,0,718,8,6,2,8
52,4,moe,723,38,9581,3656,3656,5619,202,0,104,0,598,8,4,4,8
52,5,moe,780,36,9,0,0,0,0,0,9,0,592,8,8,0,8
52,6,moe,726,38,3063,1209,1209,1734,58,0,62,0,716,8,7,1,8
52,7,moe,635,35,6001,3416,3416,2353,147,0,85,0,598,8,5,3,8
52,8,moe,717,35,1940,1104,1104,764,51,0,21,0,602,8,7,1,8
52,9,moe,790,35,4533,2472,2472,1882,114,0,65,0,719,8,6,2,8
52,10,moe,734,34,2185,1223,1223,852,51,0,59,0,606,8,7,1,8
52,11,moe,618,33,1930,1102,1102,760,50,0,18,0,621,8,7,1,8
52,12,moe,720,36,2350,1252,1252,986,57,0,55,0,721,8,7,1,8
52,13,moe,790,33,3940,2188,2188,1583,98,0,71,0,608,8,6,2,8
52,14,moe,725,44,8,0,0,0,0,0,8,0,593,8,8,0,8
52,15,moe,632,31,2385,1291,1291,986,56,0,52,0,720,8,7,1,8
52,16,moe,722,33,5863,3256,3256,2379,150,0,78,0,619,8,5,3,8
52,17,moe,784,37,5633,2345,2346,3049,199,0,39,0,612,8,4,4,8
52,18,moe,727,33,8,0,0,0,0,0,8,0,713,8,8,0,8
52,19,moe,629,33,2029,1197,1197,764,49,0,19,0,603,8,7,1,8
52,20,moe,718,35,2170,529,529,1516,99,0,26,0,608,8,6,2,8
52,21,moe,797,40,13167,4560,4560,8220,288,0,99,0,723,8,3,5,8
52,22,moe,779,46,3964,904,904,2884,103,0,73,0,605,8,6,2,8
52,23,moe,644,35,5207,1233,1233,3665,224,0,85,0,729,8,4,4,8
52,24,moe,788,35,5000,1636,1636,3223,114,0,27,0,721,8,6,2,8
52,25,moe,790,35,5000,2112,2112,2683,167,1,37,0,726,8,5,3,8
52,26,moe,631,33,2012,328,328,1607,59,0,18,0,715,8,7,1,8
52,-1,epi,0,0,0,0,0,0,0,0,5605,0,0,0,0,0,0
53,-2,pre,2503,0,0,0,0,0,0,0,0,0,0,0,0,0,0
53,0,dense,1403,38,0,0,0,0,0,0,0,0,0,0,0,0,0
53,1,moe,799,38,3984,2296,2296,1612,55,0,21,0,726,8,7,1,8
53,2,moe,728,36,9,0,0,0,0,0,9,0,734,8,8,0,8
53,3,moe,646,36,8792,3711,3711,4862,170,0,49,0,719,8,5,3,8
53,4,moe,726,31,1884,281,281,1483,51,0,69,0,601,8,7,1,8
53,5,moe,788,31,2107,1272,1272,767,48,0,20,0,599,8,7,1,8
53,6,moe,736,37,10,0,0,0,0,0,10,0,728,8,8,0,8
53,7,moe,648,27,2701,1248,1248,1383,51,0,19,0,609,8,7,1,8
53,8,moe,733,31,5180,2286,2286,2769,98,0,27,0,600,8,6,2,8
53,9,moe,781,31,7945,2746,2746,4961,171,0,67,0,722,8,5,3,8
53,10,moe,706,30,5278,831,831,4216,146,0,85,0,600,8,5,3,8
53,11,moe,629,32,8,0,0,0,0,0,8,0,595,8,8,0,8
53,12,moe,728,30,6082,2528,2528,3386,116,0,52,0,714,8,6,2,8
53,13,moe,784,34,2722,1145,1145,1478,51,0,48,0,603,8,7,1,8
53,14,moe,721,31,7599,3263,3263,4151,149,0,36,0,606,8,5,3,8
53,15,moe,623,29,8,0,0,0,0,0,8,0,713,8,8,0,8
53,16,moe,715,29,6250,1923,1924,4139,147,0,40,0,604,8,5,3,8
53,17,moe,790,32,3811,924,924,2758,101,0,28,0,600,8,6,2,8
53,18,moe,721,34,9,0,0,0,0,0,9,0,724,8,8,0,8
53,19,moe,632,27,2021,1190,1190,759,50,0,22,0,599,8,7,1,8
53,20,moe,739,30,2201,558,558,1521,99,0,23,0,602,8,6,2,8
53,21,moe,794,29,7033,1795,1795,4980,172,0,86,0,719,8,5,3,8
53,22,moe,794,35,1813,263,263,1438,51,0,61,0,600,8,7,1,8
53,23,moe,639,32,5065,1554,1554,3338,114,0,59,0,725,8,6,2,8
53,24,moe,794,29,9101,2352,2352,6477,231,0,41,0,722,8,4,4,8
53,25,moe,774,32,7870,2843,2843,4820,172,0,35,0,721,8,5,3,8
53,26,moe,640,28,10819,4090,4090,6457,232,0,40,0,719,8,4,4,8
53,-1,epi,0,0,0,0,0,0,0,0,5542,0,0,0,0,0,0
54,-2,pre,46,0,0,0,0,0,0,0,0,0,0,0,0,0,0
54,0,dense,1422,30,0,0,0,0,0,0,0,0,0,0,0,0,0
54,1,moe,796,32,9,0,0,0,0,0,9,0,753,8,8,0,8
54,2,moe,731,29,9,0,0,0,0,0,9,0,745,8,8,0,8
54,3,moe,652,28,7215,2161,2161,4848,170,0,36,0,725,8,5,3,8
54,4,moe,726,33,8764,2864,2865,5602,197,0,100,0,606,8,4,4,8
54,5,moe,788,31,4193,2537,2537,1532,98,0,26,0,597,8,6,2,8
54,6,moe,721,29,1404,293,293,994,59,0,58,0,720,8,7,1,8
54,7,moe,629,31,9501,3608,3609,5603,199,0,90,0,604,8,4,4,8
54,8,moe,711,29,2688,1234,1234,1386,51,0,17,0,606,8,7,1,8
54,9,moe,789,32,5702,2681,2681,2782,167,0,72,0,722,8,5,3,8
54,10,moe,716,31,9,0,0,0,0,0,9,0,600,8,8,0,8
54,11,moe,623,28,2052,1108,1108,836,50,0,58,0,600,8,7,1,8
54,12,moe,723,34,3087,1251,1251,1728,59,0,49,0,724,8,7,1,8
54,13,moe,778,29,5879,3305,3305,2351,148,0,75,0,606,8,5,3,8
54,14,moe,715,29,3949,2298,2298,1523,99,0,29,0,603,8,6,2,8
54,15,moe,630,27,2349,1252,1252,988,56,0,53,0,718,8,7,1,8
54,16,moe,730,28,1195,269,269,822,49,1,54,0,607,8,7,1,8
54,17,moe,781,30,1711,266,266,1380,48,0,17,0,609,8,7,1,8
54,18,moe,717,28,3228,1353,1353,1765,57,1,52,0,720,8,7,1,8
54,19,moe,628,31,1186,255,255,831,50,0,50,0,606,8,7,1,8
54,20,moe,723,29,8,0,0,0,0,0,8,0,617,8,8,0,8
54,21,moe,798,33,5314,1730,1730,3396,116,0,72,0,733,8,6,2,8
54,22,moe,789,33,4056,2293,2293,1590,99,0,74,0,609,8,6,2,8
54,23,moe,11998,30,7764,3813,3813,3641,226,0,84,0,729,8,4,4,8
54,24,moe,790,38,7944,2878,2879,4849,178,0,38,0,728,8,5,3,8
54,25,moe,781,29,6309,2495,2495,3550,223,0,41,0,722,8,4,4,8
54,26,moe,627,27,4998,1193,1193,3536,228,0,41,0,734,8,4,4,8
54,-1,epi,0,0,0,0,0,0,0,0,5609,0,0,0,0,0,0
55,-2,pre,206,0,0,0,0,0,0,0,0,0,0,0,0,0,0
55,0,dense,1411,36,0,0,0,0,0,0,0,0,0,0,0,0,0
55,1,moe,801,32,4382,1023,1023,3215,114,0,30,0,734,8,6,2,8
55,2,moe,725,29,7852,2792,2792,4846,176,0,38,0,720,8,5,3,8
55,3,moe,630,35,8875,3728,3728,4914,193,0,40,0,794,8,5,3,8
55,4,moe,732,34,1895,287,287,1459,68,0,81,0,613,8,7,1,8
55,5,moe,786,34,10050,4279,4279,5523,201,0,47,0,612,8,4,4,8
55,6,moe,715,35,6038,2513,2513,3322,118,0,85,0,727,8,6,2,8
55,7,moe,624,32,9841,5576,5576,3913,248,0,104,0,618,8,3,5,8
55,8,moe,720,32,1921,1086,1087,764,49,0,21,0,605,8,7,1,8
55,9,moe,791,33,2402,1281,1282,1007,58,0,55,0,719,8,7,1,8
55,10,moe,722,30,4106,2361,2361,1577,98,0,70,0,601,8,6,2,8
55,11,moe,623,28,5937,2663,2663,3038,198,0,38,0,607,8,4,4,8
55,12,moe,725,28,2338,1242,1242,985,58,0,53,0,714,8,7,1,8
55,13,moe,792,29,6586,3181,3181,3117,197,0,91,0,600,8,4,4,8
55,14,moe,718,29,4886,2420,2420,2285,149,0,32,0,600,8,5,3,8
55,15,moe,632,32,5856,2852,2852,2764,168,0,72,0,721,8,5,3,8
55,16,moe,725,43,6150,2743,2743,3114,197,0,96,0,602,8,4,4,8
55,17,moe,808,37,9812,2586,2587,6922,245,0,58,0,602,8,3,5,8
55,18,moe,707,31,6324,4260,4260,1884,113,0,67,0,725,8,6,2,8
55,19,moe,635,29,7102,2626,2626,4255,146,0,75,0,602,8,5,3,8
55,20,moe,709,32,5159,2266,2266,2762,99,0,32,0,603,8,6,2,8
55,21,moe,778,31,5138,2106,2106,2779,175,0,78,0,725,8,5,3,8
55,22,moe,792,30,7283,3898,3898,3103,197,1,84,0,599,8,4,4,8
55,23,moe,3453,29,5679,2660,2660,2772,170,0,77,0,724,8,5,3,8
55,24,moe,793,32,4764,1885,1885,2663,179,0,37,0,724,8,5,3,8
55,25,moe,784,30,3468,1545,1545,1776,119,1,27,0,728,8,6,2,8
55,26,moe,625,28,9877,5093,5093,4433,295,0,56,0,728,8,3,5,8
55,-1,epi,0,0,0,0,0,0,0,0,5601,0,0,0,0,0,0
56,-2,pre,327,0,0,0,0,0,0,0,0,0,0,0,0,0,0
56,0,dense,1410,38,0,0,0,0,0,0,0,0,0,0,0,0,0
56,1,moe,791,36,6689,3800,3800,2668,179,0,42,0,728,8,5,3,8
56,2,moe,718,40,4397,2456,2456,1788,124,0,29,0,723,8,6,2,8
56,3,moe,658,32,8679,3616,3616,4855,173,0,35,0,720,8,5,3,8
56,4,moe,710,33,9,0,0,0,0,0,9,0,589,8,8,0,8
56,5,moe,791,36,2710,1088,1089,1492,51,0,78,0,604,8,7,1,8
56,6,moe,720,35,9,0,0,0,0,0,9,0,737,8,8,0,8
56,7,moe,647,35,2077,1241,1241,765,50,0,21,0,608,8,7,1,8
56,8,moe,726,33,2640,1187,1187,1380,52,0,21,0,614,8,7,1,8
56,9,moe,784,35,4210,657,657,3357,118,0,78,0,724,8,6,2,8
56,10,moe,722,33,4502,1456,1456,2868,101,0,77,0,607,8,6,2,8
56,11,moe,648,38,3919,2261,2261,1531,103,0,24,0,607,8,6,2,8
56,12,moe,723,38,3068,1233,1233,1717,56,0,62,0,717,8,7,1,8
56,13,moe,788,36,5366,2333,2333,2866,98,0,69,0,596,8,6,2,8
56,14,moe,708,36,5072,2176,2176,2766,98,0,32,0,603,8,6,2,8
56,15,moe,632,32,2283,1168,1168,1006,59,0,50,0,720,8,7,1,8
56,16,moe,709,34,3550,554,554,2831,101,0,64,0,607,8,6,2,8
56,17,moe,778,35,2093,1254,1254,771,50,0,18,0,593,8,7,1,8
56,18,moe,719,33,2501,1389,1389,997,57,0,58,0,719,8,7,1,8
56,19,moe,642,35,4221,1647,1647,2355,147,0,72,0,606,8,5,3,8
56,20,moe,723,33,3261,1600,1600,1537,101,0,23,0,602,8,6,2,8
56,21,moe,794,36,3958,930,930,2782,172,0,74,0,729,8,5,3,8
56,22,moe,791,33,2128,1167,1167,856,48,0,57,0,605,8,7,1,8
56,23,moe,635,36,5010,2002,2002,2771,168,0,69,0,727,8,5,3,8
56,24,moe,790,39,5979,924,924,4848,173,0,34,0,724,8,5,3,8
56,25,moe,792,35,7549,4681,4681,2660,168,0,40,0,724,8,5,3,8
56,26,moe,626,32,8518,3751,3751,4433,286,0,48,0,725,8,3,5,8
56,-1,epi,0,0,0,0,0,0,0,0,5583,0,0,0,0,0,0
57,-2,pre,38,0,0,0,0,0,0,0,0,0,0,0,0,0,0
57,0,dense,1428,38,0,0,0,0,0,0,0,0,0,0,0,0,0
57,1,moe,809,37,3510,1598,1598,1767,116,0,29,0,728,8,6,2,8
57,2,moe,731,36,9,0,0,0,0,0,9,0,738,8,8,0,8
57,3,moe,649,32,6243,2424,2424,3545,228,0,46,0,726,8,4,4,8
57,4,moe,727,33,9,0,0,0,0,0,9,0,599,8,8,0,8
57,5,moe,797,32,4587,2002,2002,2345,153,0,87,0,613,8,5,3,8
57,6,moe,715,33,3124,1264,1264,1748,57,0,55,0,728,8,7,1,8
57,7,moe,637,36,6913,2455,2455,4233,146,0,79,0,608,8,5,3,8
57,8,moe,722,36,2596,1148,1148,1380,49,0,19,0,598,8,7,1,8
57,9,moe,788,40,9,0,0,0,0,0,9,0,714,8,8,0,8
57,10,moe,722,34,9,0,0,0,0,0,9,0,606,8,8,0,8
57,11,moe,636,33,5980,3491,3491,2285,150,0,54,0,605,8,5,3,8
57,12,moe,720,34,9,0,0,0,0,0,9,0,721,8,8,0,8
57,13,moe,786,33,1972,1135,1135,767,50,0,20,0,610,8,7,1,8
57,14,moe,727,31,2034,1174,1174,775,51,0,34,0,614,8,7,1,8
57,15,moe,635,32,4444,2382,2382,1877,113,0,72,0,725,8,6,2,8
57,16,moe,727,31,1220,277,277,836,49,1,57,0,597,8,7,1,8
57,17,moe,797,34,1099,275,275,756,51,0,17,0,607,8,7,1,8
57,18,moe,730,38,3230,1352,1352,1757,60,0,61,0,722,8,7,1,8
57,19,moe,642,32,1832,270,270,1457,51,0,54,0,608,8,7,1,8
57,20,moe,730,33,8,0,0,0,0,0,8,0,605,8,8,0,8
57,21,moe,795,37,6030,2459,2459,3385,118,0,68,0,725,8,6,2,8
57,22,moe,787,34,3209,1450,1450,1592,100,0,67,0,606,8,6,2,8
57,23,moe,646,32,2659,615,616,1868,117,0,58,0,735,8,6,2,8
57,24,moe,800,33,4934,1575,1577,3218,112,0,27,0,729,8,6,2,8
57,25,moe,792,40,2997,1308,1308,1614,57,0,18,0,725,8,7,1,8
57,26,moe,646,36,7572,1844,1844,5327,338,0,63,0,736,8,2,6,8
57,-1,epi,0,0,0,0,0,0,0,0,5639,0,0,0,0,0,0
58,-2,pre,209,0,0,0,0,0,0,0,0,0,0,0,0,0,0
58,0,dense,1415,38,0,0,0,0,0,0,0,0,0,0,0,0,0
58,1,moe,802,39,2244,1273,1274,888,59,0,23,0,733,8,7,1,8
58,2,moe,726,34,9,0,0,0,0,0,9,0,746,8,8,0,8
58,3,moe,651,33,5986,3105,3105,2671,173,0,37,0,740,8,5,3,8
58,4,moe,736,34,6231,1777,1777,4205,157,0,92,0,614,8,5,3,8
58,5,moe,783,35,2521,1074,1074,1375,53,0,19,0,607,8,7,1,8
58,6,moe,721,37,8,0,0,0,0,0,8,0,731,8,8,0,8
58,7,moe,638,34,2547,1098,1098,1378,53,0,18,0,612,8,7,1,8
58,8,moe,720,34,1973,1133,1133,767,54,0,19,0,620,8,7,1,8
58,9,moe,797,35,3314,1433,1433,1762,58,0,61,0,727,8,7,1,8
58,10,moe,720,36,9,0,0,0,0,0,9,0,603,8,8,0,8
58,11,moe,629,32,8,0,0,0,0,0,8,0,616,8,8,0,8
58,12,moe,730,33,8,0,0,0,0,0,8,0,729,8,8,0,8
58,13,moe,803,43,4533,1513,1513,2834,100,0,86,0,615,8,6,2,8
58,14,moe,730,37,9,0,0,0,0,0,9,0,618,8,8,0,8
58,15,moe,639,33,4533,2463,2465,1882,114,0,72,0,743,8,6,2,8
58,16,moe,732,37,2098,1136,1136,843,58,0,61,0,654,8,7,1,8
58,17,moe,807,37,1985,1132,1132,776,56,0,21,0,690,8,7,1,8
58,18,moe,721,35,10,0,0,0,0,0,10,0,756,8,8,0,8
58,19,moe,660,34,6851,2456,2456,4191,162,0,42,0,620,8,5,3,8
58,20,moe,728,36,1743,297,297,1376,50,0,20,0,625,8,7,1,8
58,21,moe,811,35,2179,323,323,1731,55,0,70,0,738,8,7,1,8
58,22,moe,801,36,3240,1467,1467,1588,103,0,82,0,615,8,6,2,8
58,23,moe,648,35,2680,624,624,1855,116,0,85,0,733,8,6,2,8
58,24,moe,858,38,4921,3229,3229,1609,60,0,23,0,730,8,7,1,8
58,25,moe,795,36,4004,640,640,3219,116,0,29,0,728,8,6,2,8
58,26,moe,642,38,7141,2108,2108,4827,171,0,35,0,725,8,5,3,8
58,-1,epi,0,0,0,0,0,0,0,0,5647,0,0,0,0,0,0
59,-2,pre,67,0,0,0,0,0,0,0,0,0,0,0,0,0,0
59,0,dense,1414,34,0,0,0,0,0,0,0,0,0,0,0,0,0
59,1,moe,806,32,9,0,0,0,0,0,9,0,760,8,8,0,8
59,2,moe,740,32,2971,1276,1276,1612,59,0,24,0,729,8,7,1,8
59,3,moe,645,30,4013,650,650,3220,118,0,25,0,735,8,6,2,8
59,4,moe,727,29,9,0,0,0,0,0,9,0,627,8,8,0,8
59,5,moe,804,33,9,0,0,0,0,0,9,0,635,8,8,0,8
59,6,moe,736,33,2333,1363,1363,888,62,0,20,0,734,8,7,1,8
59,7,moe,640,28,2807,1198,1198,1507,50,0,52,0,612,8,7,1,8
59,8,moe,721,28,8,0,0,0,0,0,8,0,618,8,8,0,8
59,9,moe,814,29,1456,304,304,1022,60,0,70,0,745,8,7,1,8
59,10,moe,734,29,2086,1154,1154,820,52,0,60,0,624,8,7,1,8
59,11,moe,659,33,2043,1207,1207,765,53,0,18,0,616,8,7,1,8
59,12,moe,744,28,2180,309,309,1761,56,0,54,0,734,8,7,1,8
59,13,moe,796,32,5215,2199,2199,2859,97,0,60,0,605,8,6,2,8
59,14,moe,724,29,4257,1369,1369,2762,99,0,27,0,615,8,6,2,8
59,15,moe,635,32,2198,325,325,1771,57,0,45,0,729,8,7,1,8
59,16,moe,728,30,4423,1423,1423,2835,98,0,67,0,623,8,6,2,8
59,17,moe,797,32,1989,1156,1156,765,50,0,18,0,605,8,7,1,8
59,18,moe,729,32,2472,1338,1338,1020,59,0,55,0,727,8,7,1,8
59,19,moe,630,31,5195,2160,2160,2874,99,0,62,0,602,8,6,2,8
59,20,moe,726,30,4205,1733,1733,2283,151,0,38,0,612,8,5,3,8
59,21,moe,784,30,10102,3178,3178,6604,233,0,87,0,729,8,4,4,8
59,22,moe,810,36,12664,3902,3902,8372,293,0,97,0,602,8,2,6,8
59,23,moe,643,34,7796,2859,2859,4563,289,0,85,0,731,8,3,5,8
59,24,moe,792,38,9907,3190,3190,6438,233,0,46,0,719,8,4,4,8
59,25,moe,810,29,8849,3102,3102,5342,350,0,55,0,727,8,2,6,8
59,26,moe,643,29,12998,2925,2927,9668,338,0,65,0,727,8,2,6,8
59,-1,epi,0,0,0,0,0,0,0,0,5577,0,0,0,0,0,0
60,-2,pre,49,0,0,0,0,0,0,0,0,0,0,0,0,0,0
60,0,dense,1407,33,0,0,0,0,0,0,0,0,0,0,0,0,0
60,1,moe,806,31,3039,1352,1352,1610,57,0,20,0,726,8,7,1,8
60,2,moe,732,27,3014,1329,1329,1607,58,0,20,0,723,8,7,1,8
60,3,moe,644,33,9815,3097,3097,6445,233,0,40,0,721,8,4,4,8
60,4,moe,708,29,2132,1166,1166,841,51,0,74,0,609,8,7,1,8
60,5,moe,791,33,2564,1119,1119,1378,49,0,18,0,619,8,7,1,8
60,6,moe,712,32,9,0,0,0,0,0,9,0,727,8,8,0,8
60,7,moe,634,32,9,0,0,0,0,0,9,0,614,8,8,0,8
60,8,moe,713,29,5136,2255,2255,2757,97,0,27,0,605,8,6,2,8
60,9,moe,781,30,3108,1245,1245,1755,63,0,45,0,725,8,7,1,8
60,10,moe,732,28,2750,1136,1136,1500,49,0,65,0,602,8,7,1,8
60,11,moe,635,28,1745,287,287,1393,49,0,16,0,607,8,7,1,8
60,12,moe,730,30,2593,702,702,1772,59,0,60,0,725,8,7,1,8
60,13,moe,801,32,9,0,0,0,0,0,9,0,618,8,8,0,8
60,14,moe,730,29,3576,541,541,2852,100,0,83,0,606,8,6,2,8
60,15,moe,631,29,6071,917,917,4906,175,0,73,0,724,8,5,3,8
60,16,moe,731,35,9,0,0,0,0,0,9,0,618,8,8,0,8
60,17,moe,798,29,2915,1372,1372,1428,50,0,65,0,609,8,7,1,8
60,18,moe,724,33,8,0,0,0,0,0,8,0,737,8,8,0,8
60,19,moe,642,30,4394,1500,1500,2766,97,0,31,0,611,8,6,2,8
60,20,moe,725,30,2615,1145,1145,1401,49,0,20,0,602,8,7,1,8
60,21,moe,790,31,6135,924,924,4953,170,0,88,0,724,8,5,3,8
60,22,moe,800,28,3347,1580,1580,1587,103,0,77,0,618,8,6,2,8
60,23,moe,651,30,6393,2413,2413,3675,229,0,76,0,725,8,4,4,8
60,24,moe,794,32,6216,2393,2393,3555,230,0,38,0,728,8,4,4,8
60,25,moe,787,29,2543,629,629,1771,117,0,26,0,730,8,6,2,8
60,26,moe,667,33,3960,605,605,3213,115,0,27,0,726,8,6,2,8
60,-1,epi,0,0,0,0,0,0,0,0,5654,0,0,0,0,0,0
61,-2,pre,38,0,0,0,0,0,0,0,0,0,0,0,0,0,0
61,0,dense,1441,33,0,0,0,0,0,0,0,0,0,0,0,0,0
61,1,moe,808,37,2961,1270,1270,1612,58,0,21,0,732,8,7,1,8
61,2,moe,727,29,5759,2385,2385,3232,114,0,28,0,728,8,6,2,8
61,3,moe,642,29,3821,956,956,2660,173,0,32,0,732,8,5,3,8
61,4,moe,730,28,4507,1498,1498,2831,98,0,80,0,617,8,6,2,8
61,5,moe,793,41,2618,1171,1171,1379,49,0,19,0,608,8,7,1,8
61,6,moe,730,32,8,0,0,0,0,0,8,0,737,8,8,0,8
61,7,moe,643,28,2641,1196,1197,1374,52,0,18,0,606,8,7,1,8
61,8,moe,738,31,9,0,0,0,0,0,9,0,612,8,8,0,8
61,9,moe,795,30,8,0,0,0,0,0,8,0,731,8,8,0,8
61,10,moe,735,32,9,0,0,0,0,0,9,0,614,8,8,0,8
61,11,moe,636,32,2595,1141,1141,1385,50,0,19,0,624,8,7,1,8
61,12,moe,728,29,8,0,0,0,0,0,8,0,736,8,8,0,8
61,13,moe,791,29,7,0,0,0,0,0,7,0,638,8,8,0,8
61,14,moe,739,30,2642,1194,1194,1378,50,0,20,0,612,8,7,1,8
61,15,moe,639,28,3180,1276,1276,1777,59,0,68,0,730,8,7,1,8
61,16,moe,717,30,8,0,0,0,0,0,8,0,614,8,8,0,8
61,17,moe,797,29,5257,2235,2236,2835,103,0,83,0,616,8,6,2,8
61,18,moe,720,31,8767,3551,3551,4960,172,0,84,0,726,8,5,3,8
61,19,moe,637,28,4394,1377,1377,2852,99,0,66,0,605,8,6,2,8
61,20,moe,713,29,8974,3225,3225,5509,195,0,45,0,615,8,4,4,8
61,21,moe,780,236,21270,11152,11152,9674,340,0,104,0,720,8,2,6,8
61,22,moe,777,40,9935,4036,4037,5610,198,0,90,0,609,8,4,4,8
61,23,moe,634,31,8710,4714,4714,3685,232,0,79,0,721,8,4,4,8
61,24,moe,780,37,7963,1263,1263,6430,226,0,44,0,722,8,4,4,8
61,25,moe,782,35,12828,4411,4411,8083,286,0,48,0,725,8,3,5,8
61,26,moe,629,33,13357,3166,3166,9760,370,1,60,0,784,8,2,6,8
61,-1,epi,0,0,0,0,0,0,0,0,5341,0,0,0,0,0,0
62,-2,pre,54,0,0,0,0,0,0,0,0,0,0,0,0,0,0
62,0,dense,1441,43,0,0,0,0,0,0,0,0,0,0,0,0,0
62,1,moe,816,42,11,0,0,0,0,0,11,0,731,8,8,0,8
62,2,moe,743,35,11,0,0,0,0,0,11,0,747,8,8,0,8
62,3,moe,646,40,7030,1964,1964,4850,173,0,43,0,743,8,5,3,8
62,4,moe,724,39,1845,273,273,1448,49,0,75,0,610,8,7,1,8
62,5,moe,799,37,9,0,0,0,0,0,9,0,619,8,8,0,8
62,6,moe,735,39,3059,1247,1247,1703,60,0,49,0,731,8,7,1,8
62,7,moe,652,34,9,0,0,0,0,0,9,0,619,8,8,0,8
62,8,moe,744,41,1835,266,266,1448,49,0,72,0,616,8,7,1,8
62,9,moe,801,36,10,0,0,0,0,0,10,0,732,8,8,0,8
62,10,moe,757,37,9,0,0,0,0,0,9,0,627,8,8,0,8
62,11,moe,645,37,4421,1527,1527,2761,101,0,32,0,611,8,6,2,8
62,12,moe,723,35,2117,307,307,1697,60,0,53,0,735,8,7,1,8
62,13,moe,800,34,1837,271,271,1438,51,0,77,0,608,8,7,1,8
62,14,moe,726,34,1716,271,272,1377,51,0,16,0,615,8,7,1,8
62,15,moe,636,33,7,0,0,0,0,0,7,0,734,8,8,0,8
62,16,moe,744,38,7,0,0,0,0,0,7,0,623,8,8,0,8
62,17,moe,803,37,8,0,0,0,0,0,8,0,636,8,8,0,8
62,18,moe,735,34,5705,3895,3895,1699,60,0,51,0,724,8,7,1,8
62,19,moe,656,34,6216,1790,1791,4205,151,0,69,0,597,8,5,3,8
62,20,moe,728,39,2601,1143,1143,1389,50,0,19,0,604,8,7,1,8
62,21,moe,794,39,7307,2095,2095,4947,176,0,89,0,725,8,5,3,8
62,22,moe,791,34,4383,1393,1393,2822,98,0,70,0,605,8,6,2,8
62,23,moe,641,34,6728,1516,1516,4958,176,0,78,0,772,8,5,3,8
62,24,moe,804,40,7893,2844,2844,4840,172,0,37,0,721,8,5,3,8
62,25,moe,775,35,5998,970,970,4821,171,0,36,0,727,8,5,3,8
62,26,moe,647,37,7122,2086,2086,4823,172,0,41,0,725,8,5,3,8
62,-1,epi,0,0,0,0,0,0,0,0,5597,0,0,0,0,0,0
63,-2,pre,226,0,0,0,0,0,0,0,0,0,0,0,0,0,0
63,0,dense,1411,39,0,0,0,0,0,0,0,0,0,0,0,0,0
63,1,moe,799,35,2386,696,696,1608,59,0,23,0,741,8,7,1,8
63,2,moe,724,34,7754,2691,2691,4848,177,0,38,0,720,8,5,3,8
63,3,moe,649,37,5938,2573,2573,3221,115,0,29,0,718,8,6,2,8
63,4,moe,715,34,1900,269,269,1526,51,0,54,0,602,8,7,1,8
63,5,moe,795,35,4378,1491,1492,2759,101,0,26,0,600,8,6,2,8
63,6,moe,728,36,9,0,0,0,0,0,9,0,729,8,8,0,8
63,7,moe,646,33,4290,1386,1387,2775,98,0,30,0,634,8,6,2,8
63,8,moe,725,34,9,0,0,0,0,0,9,0,613,8,8,0,8
63,9,moe,801,35,2187,315,315,1746,58,0,68,0,743,8,7,1,8
63,10,moe,726,36,9,0,0,0,0,0,9,0,616,8,8,0,8
63,11,moe,646,34,8,0,0,0,0,0,8,0,622,8,8,0,8
63,12,moe,728,34,8782,3719,3719,4849,174,1,39,0,728,8,5,3,8
63,13,moe,781,37,1889,278,278,1493,49,0,69,0,604,8,7,1,8
63,14,moe,725,38,5993,1659,1659,4150,146,0,38,0,613,8,5,3,8
63,15,moe,628,35,5208,1669,1669,3357,114,0,68,0,728,8,6,2,8
63,16,moe,726,35,3965,946,946,2848,102,0,69,0,604,8,6,2,8
63,17,moe,795,35,4351,1470,1470,2753,103,0,25,0,595,8,6,2,8
63,18,moe,732,38,3061,1201,1201,1744,57,0,59,0,722,8,7,1,8
63,19,moe,635,32,6201,1711,1712,4260,153,0,76,0,604,8,5,3,8
63,20,moe,713,33,1729,281,281,1379,51,0,18,0,600,8,7,1,8
63,21,moe,799,39,5162,1631,1631,3350,118,0,63,0,722,8,6,2,8
63,22,moe,820,34,9319,3447,3447,5593,197,0,82,0,606,8,4,4,8
63,23,moe,640,34,9,0,0,0,0,0,9,0,728,8,8,0,8
63,24,moe,796,34,14614,5995,5996,8235,288,0,95,0,725,8,3,5,8
63,25,moe,784,36,9880,3172,3173,6439,224,0,44,0,721,8,4,4,8
63,26,moe,636,36,4863,1491,1491,3232,113,0,27,0,717,8,6,2,8
63,-1,epi,0,0,0,0,0,0,0,0,5579,0,0,0,0,0,0
64,-2,pre,71,0,0,0,0,0,0,0,0,0,0,0,0,0,0
64,0,dense,1418,38,0,0,0,0,0,0,0,0,0,0,0,0,0
64,1,moe,815,38,10,0,0,0,0,0,10,0,742,8,8,0,8
64,2,moe,738,34,10,0,0,0,0,0,10,0,749,8,8,0,8
64,3,moe,654,61,9151,2452,2452,6434,223,0,42,0,734,8,4,4,8
64,4,moe,722,37,10,0,0,0,0,0,10,0,618,8,8,0,8
64,5,moe,795,36,1875,277,277,1474,48,0,76,0,612,8,7,1,8
64,6,moe,727,37,10,0,0,0,0,0,10,0,733,8,8,0,8
64,7,moe,649,30,3397,519,519,2752,98,0,28,0,602,8,6,2,8
64,8,moe,741,38,5181,2297,2298,2757,99,0,27,0,617,8,6,2,8
64,9,moe,789,36,8415,3124,3124,5042,173,0,76,0,748,8,5,3,8
64,10,moe,710,35,8,0,0,0,0,0,8,0,597,8,8,0,8
64,11,moe,634,43,1883,281,281,1488,49,0,65,0,610,8,7,1,8
64,12,moe,725,32,3081,1201,1201,1772,56,0,52,0,721,8,7,1,8
64,13,moe,797,34,1876,294,294,1471,51,0,60,0,615,8,7,1,8
64,14,moe,735,38,3842,956,956,2757,102,0,27,0,611,8,6,2,8
64,15,moe,629,33,9,0,0,0,0,0,9,0,722,8,8,0,8
64,16,moe,730,34,8,0,0,0,0,0,8,0,620,8,8,0,8
64,17,moe,800,33,2636,1175,1175,1389,52,0,20,0,624,8,7,1,8
64,18,moe,728,221,9,0,0,0,0,0,9,0,795,8,8,0,8
64,19,moe,643,32,3418,522,522,2770,100,0,26,0,617,8,6,2,8
64,20,moe,740,41,9,0,0,0,0,0,9,0,618,8,8,0,8
64,21,moe,794,34,9747,2783,2783,6640,231,0,93,0,722,8,4,4,8
64,22,moe,791,63,5442,964,964,4232,150,0,96,0,610,8,5,3,8
64,23,moe,634,38,2296,455,455,1730,59,0,52,0,719,8,7,1,8
64,24,moe,8893,33,7721,2670,2670,4846,170,0,35,0,715,8,5,3,8
64,25,moe,773,35,4941,1568,1568,3231,112,0,30,0,721,8,6,2,8
64,26,moe,642,32,7871,1177,1178,6428,223,0,42,0,722,8,4,4,8
64,-1,epi,0,0,0,0,0,0,0,0,5598,0,0,0,0,0,0
65,-2,pre,205,0,0,0,0,0,0,0,0,0,0,0,0,0,0
65,0,dense,1410,39,0,0,0,0,0,0,0,0,0,0,0,0,0
65,1,moe,798,32,8722,3687,3687,4825,174,0,36,0,730,8,5,3,8
65,2,moe,724,32,8971,3907,3907,4851,174,0,39,0,723,8,5,3,8
65,3,moe,639,31,4205,2514,2514,1613,57,1,20,0,714,8,7,1,8
65,4,moe,729,31,4659,1651,1651,2828,99,0,81,0,605,8,6,2,8
65,5,moe,793,35,9,0,0,0,0,0,9,0,607,8,8,0,8
65,6,moe,723,33,6117,2593,2593,3338,112,0,74,0,717,8,6,2,8
65,7,moe,632,30,5183,2147,2148,2862,100,0,73,0,600,8,6,2,8
65,8,moe,717,30,8,0,0,0,0,0,8,0,596,8,8,0,8
65,9,moe,794,28,9,0,0,0,0,0,9,0,714,8,8,0,8
65,10,moe,722,30,5090,2190,2191,2772,98,0,29,0,605,8,6,2,8
65,11,moe,659,26,7724,3384,3384,4148,149,0,43,0,601,8,5,3,8
65,12,moe,732,28,3282,1391,1391,1762,57,0,72,0,719,8,7,1,8
65,13,moe,793,30,2668,1089,1089,1459,57,0,63,0,609,8,7,1,8
65,14,moe,739,33,4282,1325,1325,2808,114,0,35,0,675,8,6,2,8
65,15,moe,665,35,10117,3122,3122,6636,254,0,105,0,731,8,4,4,8
65,16,moe,741,37,5330,2314,2314,2833,100,0,83,0,600,8,6,2,8
65,17,moe,793,33,7151,2804,2804,4159,149,0,39,0,612,8,5,3,8
65,18,moe,722,32,10898,3975,3976,6596,227,0,99,0,724,8,4,4,8
65,19,moe,639,38,14317,4052,4053,9803,348,0,113,0,603,8,1,7,8
65,20,moe,717,32,4003,2355,2355,1519,99,0,30,0,614,8,6,2,8
65,21,moe,796,32,6846,3796,3796,2794,171,0,85,0,723,8,5,3,8
65,22,moe,789,34,10486,5434,5434,4646,293,0,113,0,610,8,2,6,8
65,23,moe,634,29,4439,2396,2396,1877,113,0,53,0,721,8,6,2,8
65,24,moe,1896,30,6844,3038,3038,3541,224,0,41,0,721,8,4,4,8
65,25,moe,791,32,6405,3551,3551,2651,171,0,32,0,724,8,5,3,8
65,26,moe,636,27,2196,1235,1235,886,57,0,18,0,717,8,7,1,8
65,-1,epi,0,0,0,0,0,0,0,0,5605,0,0,0,0,0,0
66,-2,pre,45,0,0,0,0,0,0,0,0,0,0,0,0,0,0
66,0,dense,1435,35,0,0,0,0,0,0,0,0,0,0,0,0,0
66,1,moe,794,31,7864,2823,2823,4832,169,0,40,0,725,8,5,3,8
66,2,moe,726,29,10,0,1,0,0,0,9,0,721,8,8,0,8
66,3,moe,623,28,3495,1581,1581,1770,115,0,29,0,744,8,6,2,8
66,4,moe,735,30,3567,537,537,2845,100,0,85,0,605,8,6,2,8
66,5,moe,801,30,9,0,0,0,0,0,9,0,611,8,8,0,8
66,6,moe,735,36,9,0,0,0,0,0,9,0,730,8,8,0,8
66,7,moe,651,33,9,0,0,0,0,0,9,0,627,8,8,0,8
66,8,moe,730,29,2892,1442,1442,1380,51,0,19,0,612,8,7,1,8
66,9,moe,795,29,2152,319,319,1725,56,0,52,0,734,8,7,1,8
66,10,moe,734,31,10,0,0,0,0,0,10,0,625,8,8,0,8
66,11,moe,652,31,8058,2180,2180,5595,200,0,83,0,612,8,4,4,8
66,12,moe,725,30,2165,318,318,1730,59,0,58,0,725,8,7,1,8
66,13,moe,797,38,1837,282,282,1444,51,0,60,0,611,8,7,1,8
66,14,moe,732,30,9,0,0,0,0,0,9,0,622,8,8,0,8
66,15,moe,655,30,3673,1593,1593,1898,115,0,67,0,739,8,6,2,8
66,16,moe,725,32,3633,602,602,2853,101,0,77,0,604,8,6,2,8
66,17,moe,799,30,3434,562,562,2746,101,0,25,0,602,8,6,2,8
66,18,moe,739,32,3083,1260,1260,1707,59,0,57,0,747,8,7,1,8
66,19,moe,650,35,3499,514,515,2819,100,0,65,0,619,8,6,2,8
66,20,moe,725,32,9,0,0,0,0,0,9,0,625,8,8,0,8
66,21,moe,808,31,4231,637,637,3403,114,0,77,0,725,8,6,2,8
66,22,moe,804,38,2263,656,656,1493,51,0,63,0,605,8,7,1,8
66,23,moe,640,29,5122,1620,1620,3330,111,0,61,0,730,8,6,2,8
66,24,moe,787,32,5024,1664,1664,3222,112,0,26,0,729,8,6,2,8
66,25,moe,796,31,4957,1599,1599,3218,112,0,28,0,727,8,6,2,8
66,26,moe,636,31,3423,1496,1496,1784,114,1,28,0,720,8,6,2,8
66,-1,epi,0,0,0,0,0,0,0,0,5652,0,0,0,0,0,0
67,-2,pre,225,0,0,0,0,0,0,0,0,0,0,0,0,0,0
67,0,dense,1413,33,0,0,0,0,0,0,0,0,0,0,0,0,0
67,1,moe,796,34,10039,3286,3286,6476,233,0,44,0,725,8,4,4,8
67,2,moe,723,30,3100,1409,1410,1607,59,0,24,0,732,8,7,1,8
67,3,moe,648,35,11433,4710,4710,6458,224,0,41,0,724,8,4,4,8
67,4,moe,718,30,4435,1424,1424,2832,96,0,83,0,605,8,6,2,8
67,5,moe,785,29,7685,3351,3351,4146,153,0,35,0,622,8,5,3,8
67,6,moe,714,31,9,0,0,0,0,0,9,0,710,8,8,0,8
67,7,moe,638,29,2587,1118,1118,1398,51,0,20,0,600,8,7,1,8
67,8,moe,735,31,5353,2468,2468,2757,102,0,26,0,606,8,6,2,8
67,9,moe,783,30,9,0,0,0,0,0,9,0,716,8,8,0,8
67,10,moe,719,28,9549,3773,3773,5531,203,0,42,0,608,8,4,4,8
67,11,moe,628,29,8514,2745,2745,5514,200,0,55,0,600,8,4,4,8
67,12,moe,713,31,2226,325,325,1776,58,0,67,0,728,8,7,1,8
67,13,moe,803,35,5440,2397,2397,2863,100,0,80,0,614,8,6,2,8
67,14,moe,721,31,1926,1081,1081,775,51,0,19,0,595,8,7,1,8
67,15,moe,638,27,8983,5036,5036,3647,226,0,74,0,718,8,4,4,8
67,16,moe,753,35,5447,3670,3670,1596,100,0,81,0,602,8,6,2,8
67,17,moe,786,35,7142,2827,2827,4127,150,0,38,0,617,8,5,3,8
67,18,moe,727,40,3119,1208,1208,1792,59,0,60,0,719,8,7,1,8
67,19,moe,627,33,5586,2153,2154,3140,198,0,94,0,607,8,4,4,8
67,20,moe,722,45,3828,2166,2166,1535,100,0,27,0,596,8,6,2,8
67,21,moe,792,34,8374,3461,3461,4529,280,0,104,0,729,8,3,5,8
67,22,moe,797,41,6578,2127,2127,4227,146,0,78,0,602,8,5,3,8
67,23,moe,628,40,7804,3842,3842,3657,223,0,82,0,721,8,4,4,8
67,24,moe,790,43,8536,3775,3775,4427,278,0,56,0,722,8,3,5,8
67,25,moe,785,61,8903,3836,3836,4847,172,0,48,0,719,8,5,3,8
67,26,moe,633,36,9783,5010,5010,4441,279,0,53,0,726,8,3,5,8
67,-1,epi,0,0,0,0,0,0,0,0,5573,0,0,0,0,0,0
68,-2,pre,225,0,0,0,0,0,0,0,0,0,0,0,0,0,0
68,0,dense,1421,38,0,0,0,0,0,0,0,0,0,0,0,0,0
68,1,moe,814,40,12254,3868,3868,8057,281,1,47,0,722,8,3,5,8
68,2,moe,729,35,4388,2462,2462,1780,116,0,30,0,727,8,6,2,8
68,3,moe,644,38,5885,2513,2513,3228,117,0,27,0,719,8,6,2,8
68,4,moe,711,35,10340,4391,4392,5642,198,0,108,0,606,8,4,4,8
68,5,moe,786,36,9,0,0,0,0,0,9,0,597,8,8,0,8
68,6,moe,712,33,3103,1211,1211,1773,57,0,62,0,715,8,7,1,8
68,7,moe,625,38,9,0,0,0,0,0,9,0,605,8,8,0,8
68,8,moe,719,34,9,0,0,0,0,0,9,0,605,8,8,0,8
68,9,moe,803,33,3014,1314,1314,1618,59,0,23,0,727,8,7,1,8
68,10,moe,718,34,4516,1462,1462,2854,102,0,98,0,600,8,6,2,8
68,11,moe,632,31,5962,1605,1605,4171,152,0,34,0,605,8,5,3,8
68,12,moe,714,34,2223,320,320,1781,60,0,62,0,731,8,7,1,8
68,13,moe,787,35,2766,1173,1173,1476,49,0,68,0,601,8,7,1,8
68,14,moe,738,34,1820,297,297,1440,63,0,20,0,619,8,7,1,8
68,15,moe,678,44,5116,1558,1558,3355,123,0,80,0,812,8,6,2,8
68,16,moe,724,40,9,0,0,0,0,0,9,0,627,8,8,0,8
68,17,moe,817,33,1889,272,273,1490,55,0,71,0,623,8,7,1,8
68,18,moe,739,37,10,0,0,0,0,0,10,0,739,8,8,0,8
68,19,moe,662,36,8177,3861,3862,4128,148,0,39,0,616,8,5,3,8
68,20,moe,740,39,1728,270,270,1384,53,0,21,0,608,8,7,1,8
68,21,moe,801,38,8,0,0,0,0,0,8,0,740,8,8,0,8
68,22,moe,801,37,3445,562,562,2755,100,0,28,0,615,8,6,2,8
68,23,moe,653,39,2163,311,311,1715,60,0,77,0,728,8,7,1,8
68,24,moe,803,39,4627,2706,2706,1770,121,1,29,0,724,8,6,2,8
68,25,moe,801,35,3860,984,984,2658,181,0,37,0,752,8,5,3,8
68,26,moe,638,36,7240,2186,2186,4842,176,0,36,0,729,8,5,3,8
68,-1,epi,0,0,0,0,0,0,0,0,5633,0,0,0,0,0,0
69,-2,pre,50,0,0,0,0,0,0,0,0,0,0,0,0,0,0
69,0,dense,1452,37,0,0,0,0,0,0,0,0,0,0,0,0,0
69,1,moe,806,36,4960,1579,1579,3230,120,0,31,0,730,8,6,2,8
69,2,moe,728,37,9,0,0,0,0,0,9,0,741,8,8,0,8
69,3,moe,652,33,7913,2856,2857,4842,177,0,37,0,729,8,5,3,8
69,4,moe,717,39,2723,1176,1176,1437,52,1,57,0,601,8,7,1,8
69,5,moe,803,37,9,0,0,0,0,0,9,0,622,8,8,0,8
69,6,moe,736,35,8,0,0,0,0,0,8,0,727,8,8,0,8
69,7,moe,645,35,5090,2187,2187,2765,107,0,31,0,608,8,6,2,8
69,8,moe,719,37,1735,274,274,1384,57,0,20,0,602,8,7,1,8
69,9,moe,805,36,10,0,0,0,0,0,10,0,732,8,8,0,8
69,10,moe,724,35,5264,2356,2356,2766,107,0,35,0,608,8,6,2,8
69,11,moe,633,35,4385,1484,1484,2769,107,0,25,0,607,8,6,2,8
69,12,moe,724,37,8,0,0,0,0,0,8,0,721,8,8,0,8
69,13,moe,796,36,9,0,0,0,0,0,9,0,626,8,8,0,8
69,14,moe,740,37,1716,264,264,1377,56,0,19,0,629,8,7,1,8
69,15,moe,637,31,2217,314,314,1782,58,0,63,0,726,8,7,1,8
69,16,moe,739,37,9,0,0,0,0,0,9,0,627,8,8,0,8
69,17,moe,805,35,9,0,0,0,0,0,9,0,628,8,8,0,8
69,18,moe,739,33,8,0,0,0,0,0,8,0,750,8,8,0,8
69,19,moe,658,51,8,0,0,0,0,0,8,0,634,8,8,0,8
69,20,moe,740,37,2244,1253,1254,841,50,0,99,0,619,8,7,1,8
69,21,moe,805,37,2399,1300,1300,988,57,0,54,0,732,8,7,1,8
69,22,moe,806,34,8,0,0,0,0,1,7,0,626,8,8,0,8
69,23,moe,661,35,9,0,0,0,0,0,9,0,753,8,8,0,8
69,24,moe,803,37,2294,602,602,1613,57,0,22,0,738,8,7,1,8
69,25,moe,806,37,1282,321,321,885,56,0,20,0,746,8,7,1,8
69,26,moe,653,33,3040,1358,1358,1608,56,0,18,0,732,8,7,1,8
69,-1,epi,0,0,0,0,0,0,0,0,5738,0,0,0,0,0,0
70,-2,pre,43,0,0,0,0,0,0,0,0,0,0,0,0,0,0
70,0,dense,1445,37,0,0,0,0,0,0,0,0,0,0,0,0,0
70,1,moe,814,35,5067,1702,1702,3224,113,0,28,0,749,8,6,2,8
70,2,moe,740,35,9,0,0,0,0,0,9,0,747,8,8,0,8
70,3,moe,663,31,7123,2072,2072,4845,171,0,35,0,735,8,5,3,8
70,4,moe,739,37,1857,276,277,1450,51,0,79,0,614,8,7,1,8
70,5,moe,812,35,1982,1147,1147,763,50,1,21,0,612,8,7,1,8
70,6,moe,737,35,9,0,0,0,0,0,9,0,741,8,8,0,8
70,7,moe,663,44,2602,1156,1156,1375,53,0,18,0,623,8,7,1,8
70,8,moe,738,34,2615,1166,1166,1378,51,0,20,0,614,8,7,1,8
70,9,moe,795,34,9,0,0,0,0,0,9,0,729,8,8,0,8
70,10,moe,732,33,5310,2409,2409,2768,102,0,31,0,608,8,6,2,8
70,11,moe,639,32,4287,1389,1389,2772,98,0,28,0,609,8,6,2,8
70,12,moe,715,33,6565,3029,3029,3340,115,0,81,0,726,8,6,2,8
70,13,moe,844,36,8336,5307,5307,2853,99,0,77,0,602,8,6,2,8
70,14,moe,716,36,2704,1246,1246,1384,51,0,23,0,608,8,7,1,8
70,15,moe,629,33,2198,321,321,1755,56,0,66,0,716,8,7,1,8
70,16,moe,712,38,9,0,0,0,0,0,9,0,607,8,8,0,8
70,17,moe,784,35,8,0,0,0,0,0,8,0,620,8,8,0,8
70,18,moe,730,34,2000,313,313,1607,59,0,21,0,735,8,7,1,8
70,19,moe,639,32,9,0,0,0,0,0,9,0,624,8,8,0,8
70,20,moe,735,33,2763,1181,1181,1457,51,0,74,0,613,8,7,1,8
70,21,moe,800,35,8,0,0,0,0,0,8,0,737,8,8,0,8
70,22,moe,811,30,1726,274,274,1383,51,0,18,0,622,8,7,1,8
70,23,moe,651,28,5114,1575,1575,3347,116,0,76,0,736,8,6,2,8
70,24,moe,792,29,3980,624,624,3212,115,0,29,0,726,8,6,2,8
70,25,moe,821,34,4910,1552,1552,3214,117,0,27,0,726,8,6,2,8
70,26,moe,636,30,1990,302,302,1610,60,0,18,0,737,8,7,1,8
70,-1,epi,0,0,0,0,0,0,0,0,5700,0,0,0,0,0,0
71,-2,pre,40,0,0,0,0,0,0,0,0,0,0,0,0,0,0
71,0,dense,1456,33,0,0,0,0,0,0,0,0,0,0,0,0,0
71,1,moe,810,38,8,0,0,0,0,0,8,0,786,8,8,0,8
71,2,moe,744,30,1992,296,296,1615,61,0,20,0,746,8,7,1,8
71,3,moe,645,28,4574,2658,2658,1775,115,0,26,0,738,8,6,2,8
71,4,moe,737,31,8,0,0,0,0,0,8,0,628,8,8,0,8
71,5,moe,797,30,4504,1445,1445,2867,100,1,91,0,609,8,6,2,8
71,6,moe,727,30,9,0,0,0,0,0,9,0,731,8,8,0,8
71,7,moe,652,32,2780,1328,1328,1382,50,0,20,0,618,8,7,1,8
71,8,moe,734,30,7,0,0,0,0,0,7,0,628,8,8,0,8
71,9,moe,798,28,2179,321,321,1729,59,0,70,0,737,8,7,1,8
71,10,moe,726,28,5923,4311,4311,1495,51,0,66,0,611,8,7,1,8
71,11,moe,638,30,1724,277,277,1379,51,0,17,0,604,8,7,1,8
71,12,moe,727,30,8,0,0,0,0,0,8,0,731,8,8,0,8
71,13,moe,792,30,2596,1142,1142,1383,51,0,20,0,617,8,7,1,8
71,14,moe,729,27,7982,3872,3872,3814,246,0,50,0,616,8,3,5,8
71,15,moe,641,28,1418,306,306,989,56,0,67,0,729,8,7,1,8
71,16,moe,731,27,2142,1192,1192,839,50,0,61,0,613,8,7,1,8
71,17,moe,795,29,1118,291,291,762,49,0,16,0,637,8,7,1,8
71,18,moe,720,29,3155,1298,1298,1736,57,0,64,0,734,8,7,1,8
71,19,moe,636,31,2685,1108,1108,1472,48,0,57,0,605,8,7,1,8
71,20,moe,734,30,9,0,0,0,0,0,9,0,620,8,8,0,8
71,21,moe,808,33,9,0,0,0,0,0,9,0,735,8,8,0,8
71,22,moe,799,28,8,0,0,0,0,0,8,0,629,8,8,0,8
71,23,moe,652,31,7281,2012,2013,5010,167,0,91,0,725,8,5,3,8
71,24,moe,796,41,2384,1412,1412,892,60,1,19,0,738,8,7,1,8
71,25,moe,804,30,2010,330,330,1606,56,0,18,0,739,8,7,1,8
71,26,moe,641,37,4408,2477,2477,1782,115,0,34,0,731,8,6,2,8
71,-1,epi,0,0,0,0,0,0,0,0,5699,0,0,0,0,0,0
72,-2,pre,191,0,0,0,0,0,0,0,0,0,0,0,0,0,0
72,0,dense,1438,40,0,0,0,0,0,0,0,0,0,0,0,0,0
72,1,moe,816,32,9387,2654,2654,6454,231,0,48,0,741,8,4,4,8
72,2,moe,731,33,6757,3888,3888,2655,174,0,40,0,722,8,5,3,8
72,3,moe,639,32,7208,2167,2167,4837,168,0,36,0,726,8,5,3,8
72,4,moe,713,30,1851,275,275,1450,48,0,78,0,605,8,7,1,8
72,5,moe,795,32,1475,637,637,766,51,0,21,0,616,8,7,1,8
72,6,moe,725,32,3026,1200,1200,1705,58,0,63,0,722,8,7,1,8
72,7,moe,648,29,2825,1258,1258,1447,53,0,67,0,611,8,7,1,8
72,8,moe,715,30,5205,2298,2298,2771,101,0,35,0,611,8,6,2,8
72,9,moe,786,33,6089,2531,2531,3367,115,0,76,0,732,8,6,2,8
72,10,moe,723,32,9,0,0,0,0,0,9,0,617,8,8,0,8
72,11,moe,641,27,4326,1709,1709,2381,149,0,87,0,606,8,5,3,8
72,12,moe,730,28,4489,2398,2399,1896,119,0,75,0,728,8,6,2,8
72,13,moe,791,30,1247,286,286,848,51,0,62,0,612,8,7,1,8
72,14,moe,725,29,3083,1422,1422,1536,99,0,26,0,613,8,6,2,8
72,15,moe,641,29,4939,1898,1898,2795,171,0,75,0,728,8,5,3,8
72,16,moe,724,29,4250,2476,2476,1606,98,0,70,0,609,8,6,2,8
72,17,moe,808,30,1972,1134,1134,766,50,0,22,0,614,8,7,1,8
72,18,moe,725,29,2357,1218,1218,1026,56,0,57,0,728,8,7,1,8
72,19,moe,637,36,3218,1452,1452,1596,97,0,73,0,611,8,6,2,8
72,20,moe,726,28,3062,1413,1415,1522,101,0,24,0,608,8,6,2,8
72,21,moe,799,29,5060,1997,1997,2808,170,0,85,0,728,8,5,3,8
72,22,moe,795,28,2059,1107,1107,839,50,0,63,0,614,8,7,1,8
72,23,moe,635,27,6399,4347,4347,1876,115,0,61,0,725,8,6,2,8
72,24,moe,790,29,3518,1597,1597,1771,123,0,27,0,739,8,6,2,8
72,25,moe,797,30,7186,3270,3270,3609,264,0,43,0,795,8,4,4,8
72,26,moe,652,37,9776,2961,2961,6518,237,0,60,0,743,8,4,4,8
72,-1,epi,0,0,0,0,0,0,0,0,5692,0,0,0,0,0,0
73,-2,pre,253,0,0,0,0,0,0,0,0,0,0,0,0,0,0
73,0,dense,1428,37,0,0,0,0,0,0,0,0,0,0,0,0,0
73,1,moe,811,33,10963,4217,4218,6464,231,0,50,0,735,8,4,4,8
73,2,moe,726,32,5557,2679,2679,2663,180,0,35,0,730,8,5,3,8
73,3,moe,639,34,7013,1949,1949,4845,181,0,38,0,730,8,5,3,8
73,4,moe,715,31,4503,1437,1437,2874,102,0,90,0,602,8,6,2,8
73,5,moe,786,49,10,0,0,0,0,1,9,0,624,8,8,0,8
73,6,moe,727,30,9,0,0,0,0,0,9,0,735,8,8,0,8
73,7,moe,653,33,2010,1176,1177,762,49,0,22,0,622,8,7,1,8
73,8,moe,740,29,3915,2274,2274,1520,96,0,25,0,614,8,6,2,8
73,9,moe,795,29,2321,1214,1214,983,57,0,67,0,730,8,7,1,8
73,10,moe,776,33,10675,6155,6155,4277,151,0,92,0,605,8,5,3,8
73,11,moe,628,32,3172,1522,1522,1526,98,0,26,0,605,8,6,2,8
73,12,moe,726,32,1370,283,283,973,57,0,57,0,724,8,7,1,8
73,13,moe,794,33,2785,1186,1186,1487,52,0,60,0,604,8,7,1,8
73,14,moe,737,35,7661,3324,3326,4153,145,0,37,0,601,8,5,3,8
73,15,moe,637,36,5015,1480,1480,3334,117,0,84,0,722,8,6,2,8
73,16,moe,715,36,2760,1161,1162,1485,51,0,62,0,606,8,7,1,8
73,17,moe,791,34,8,0,0,0,0,0,8,0,610,8,8,0,8
73,18,moe,718,32,8050,2786,2786,5018,174,0,72,0,732,8,5,3,8
73,19,moe,626,33,6380,1910,1910,4253,146,0,71,0,609,8,5,3,8
73,20,moe,721,34,5122,2232,2232,2762,100,0,28,0,613,8,6,2,8
73,21,moe,781,36,8862,3637,3637,4972,168,1,84,0,734,8,5,3,8
73,22,moe,779,33,7137,2665,2665,4235,147,0,90,0,605,8,5,3,8
73,23,moe,631,36,8865,3656,3656,4962,173,0,74,0,728,8,5,3,8
73,24,moe,784,35,8074,4266,4266,3540,226,0,42,0,726,8,4,4,8
73,25,moe,797,35,6615,3736,3736,2678,167,0,34,0,724,8,5,3,8
73,26,moe,643,34,1265,305,305,886,57,0,17,0,722,8,7,1,8
73,-1,epi,0,0,0,0,0,0,0,0,5643,0,0,0,0,0,0
74,-2,pre,41,0,0,0,0,0,0,0,0,0,0,0,0,0,0
74,0,dense,1440,38,0,0,0,0,0,0,0,0,0,0,0,0,0
74,1,moe,806,59,1997,308,308,1610,57,0,22,0,737,8,7,1,8
74,2,moe,738,44,1997,308,309,1611,59,0,18,0,745,8,7,1,8
74,3,moe,656,35,3054,1365,1365,1612,58,0,19,0,726,8,7,1,8
74,4,moe,745,34,4568,1502,1502,2875,99,0,92,0,618,8,6,2,8
74,5,moe,793,34,9,0,0,0,0,0,9,0,619,8,8,0,8
74,6,moe,732,36,3101,1237,1237,1737,59,0,68,0,736,8,7,1,8
74,7,moe,642,31,9,0,0,0,0,0,9,0,619,8,8,0,8
74,8,moe,733,36,2761,1170,1170,1472,51,0,68,0,606,8,7,1,8
74,9,moe,796,35,3161,1273,1273,1770,59,0,59,0,718,8,7,1,8
74,10,moe,715,34,9,0,0,0,0,0,9,0,612,8,8,0,8
74,11,moe,641,38,8,0,0,0,0,0,8,0,621,8,8,0,8
74,12,moe,730,35,3997,623,623,3229,115,0,30,0,735,8,6,2,8
74,13,moe,803,34,2770,1190,1190,1456,50,1,73,0,603,8,7,1,8
74,14,moe,729,35,6905,2550,2551,4165,149,0,40,0,607,8,5,3,8
74,15,moe,639,35,5402,1860,1860,3354,113,0,75,0,735,8,6,2,8
74,16,moe,715,34,6276,1806,1806,4236,152,0,82,0,609,8,5,3,8
74,17,moe,780,35,4311,1413,1413,2768,101,0,29,0,596,8,6,2,8
74,18,moe,714,34,6279,2697,2697,3396,116,0,70,0,725,8,6,2,8
74,19,moe,631,33,6933,2462,2462,4240,147,0,84,0,608,8,5,3,8
74,20,moe,713,37,4290,1406,1406,2756,100,0,28,0,603,8,6,2,8
74,21,moe,784,35,7266,2041,2041,4958,174,0,93,0,718,8,5,3,8
74,22,moe,778,34,6142,1691,1691,4217,149,0,85,0,597,8,5,3,8
74,23,moe,626,34,5908,2367,2367,3365,111,1,64,0,718,8,6,2,8
74,24,moe,776,35,5197,1811,1811,3242,116,0,28,0,719,8,6,2,8
74,25,moe,776,35,1999,314,314,1607,59,0,19,0,734,8,7,1,8
74,26,moe,641,36,2520,604,604,1775,114,0,27,0,729,8,6,2,8
74,-1,epi,0,0,0,0,0,0,0,0,5656,0,0,0,0,0,0
75,-2,pre,44,0,0,0,0,0,0,0,0,0,0,0,0,0,0
75,0,dense,1420,38,0,0,0,0,0,0,0,0,0,0,0,0,0
75,1,moe,820,36,5064,1685,1685,3234,116,0,29,0,736,8,6,2,8
75,2,moe,729,34,9,0,0,0,0,0,9,0,739,8,8,0,8
75,3,moe,663,32,9,0,0,0,0,0,9,0,744,8,8,0,8
75,4,moe,742,36,9,0,0,0,0,0,9,0,647,8,8,0,8
75,5,moe,799,36,2866,1285,1286,1451,50,0,79,0,618,8,7,1,8
75,6,moe,736,34,9,0,0,0,0,0,9,0,741,8,8,0,8
75,7,moe,659,34,2647,1199,1199,1378,51,0,19,0,616,8,7,1,8
75,8,moe,726,34,1732,285,285,1377,52,0,18,0,618,8,7,1,8
75,9,moe,803,44,10,0,0,0,0,0,10,0,740,8,8,0,8
75,10,moe,739,35,8,0,0,0,0,0,8,0,626,8,8,0,8
75,11,moe,654,33,4335,1452,1452,2756,101,0,26,0,613,8,6,2,8
75,12,moe,731,35,8,0,0,0,0,1,7,0,748,8,8,0,8
75,13,moe,800,34,8081,3761,3761,4138,150,0,32,0,608,8,5,3,8
75,14,moe,723,37,9,0,0,0,0,0,9,0,615,8,8,0,8
75,15,moe,648,37,8,0,0,0,0,0,8,0,749,8,8,0,8
75,16,moe,733,34,7702,3385,3385,4135,148,0,34,0,606,8,5,3,8
75,17,moe,785,35,4490,2005,2005,2300,148,0,37,0,610,8,5,3,8
75,18,moe,724,35,2406,1281,1281,996,56,0,73,0,736,8,7,1,8
75,19,moe,642,40,4580,1981,1981,2361,147,0,91,0,613,8,5,3,8
75,20,moe,723,39,2004,1163,1163,770,50,0,21,0,610,8,7,1,8
75,21,moe,807,40,3702,1611,1611,1903,115,0,73,0,732,8,6,2,8
75,22,moe,783,33,9,0,0,0,0,0,9,0,612,8,8,0,8
75,23,moe,636,31,4941,1563,1563,3238,113,0,27,0,731,8,6,2,8
75,24,moe,806,33,2133,1166,1166,889,58,0,20,0,738,8,7,1,8
75,25,moe,792,36,8680,4869,4869,3545,225,0,41,0,727,8,4,4,8
75,26,moe,636,39,3399,1491,1491,1768,113,0,27,0,733,8,6,2,8
75,-1,epi,0,0,0,0,0,0,0,0,5677,0,0,0,0,0,0
76,-2,pre,42,0,0,0,0,0,0,0,0,0,0,0,0,0,0
76,0,dense,1428,36,0,0,0,0,0,0,0,0,0,0,0,0,0
76,1,moe,815,38,9,0,0,0,0,0,9,0,765,8,8,0,8
76,2,moe,741,35,2940,1247,1247,1613,58,0,22,0,743,8,7,1,8
76,3,moe,646,33,8,0,0,0,0,0,8,0,743,8,8,0,8
76,4,moe,746,35,4517,1468,1468,2856,101,0,92,0,617,8,6,2,8
76,5,moe,801,35,2614,1162,1162,1378,53,0,21,0,612,8,7,1,8
76,6,moe,720,35,8,0,0,0,0,0,8,0,750,8,8,0,8
76,7,moe,647,208,9,0,0,0,0,0,9,0,659,8,8,0,8
76,8,moe,731,32,8,0,0,0,0,0,8,0,629,8,8,0,8
76,9,moe,796,42,5732,3634,3634,1903,114,0,81,0,734,8,6,2,8
76,10,moe,746,35,3243,1450,1450,1611,100,0,82,0,615,8,6,2,8
76,11,moe,639,32,7,0,0,0,0,0,7,0,623,8,8,0,8
76,12,moe,739,37,8,0,0,0,0,0,8,0,737,8,8,0,8
76,13,moe,799,33,3884,2223,2223,1526,104,0,31,0,620,8,6,2,8
76,14,moe,734,34,10,0,0,0,0,0,10,0,608,8,8,0,8
76,15,moe,651,43,5966,2368,2368,3407,116,0,75,0,737,8,6,2,8
76,16,moe,723,36,4483,1432,1432,2851,113,0,87,0,615,8,6,2,8
76,17,moe,810,35,2593,1110,1110,1400,57,0,26,0,673,8,7,1,8
76,18,moe,716,34,12,0,0,0,0,0,12,0,730,8,8,0,8
76,19,moe,655,29,3038,1346,1346,1545,114,0,33,0,670,8,6,2,8
76,20,moe,737,31,1129,279,279,776,55,0,19,0,653,8,7,1,8
76,21,moe,805,38,9,0,0,0,0,0,9,0,762,8,8,0,8
76,22,moe,791,34,3949,2301,2301,1521,100,0,27,0,616,8,6,2,8
76,23,moe,641,29,5693,2649,2649,2783,171,0,90,0,732,8,5,3,8
76,24,moe,790,35,9828,3068,3068,6478,233,0,49,0,727,8,4,4,8
76,25,moe,788,32,4009,626,626,3221,118,0,44,0,754,8,6,2,8
76,26,moe,645,29,7803,3980,3980,3551,229,0,43,0,728,8,4,4,8
76,-1,epi,0,0,0,0,0,0,0,0,5680,0,0,0,0,0,0
77,-2,pre,2474,0,0,0,0,0,0,0,0,0,0,0,0,0,0
77,0,dense,1420,34,0,0,0,0,0,0,0,0,0,0,0,0,0
77,1,moe,810,36,10,0,0,0,0,0,10,0,750,8,8,0,8
77,2,moe,747,30,3116,1422,1422,1612,59,0,23,0,732,8,7,1,8
77,3,moe,652,27,2992,1298,1298,1615,59,0,20,0,732,8,7,1,8
77,4,moe,725,30,22,0,0,0,0,1,21,0,619,8,8,0,8
77,5,moe,814,31,9,0,0,0,0,0,9,0,620,8,8,0,8
77,6,moe,738,29,1996,310,310,1606,61,0,19,0,732,8,7,1,8
77,7,moe,653,31,2806,1177,1177,1494,51,0,84,0,628,8,7,1,8
77,8,moe,731,35,4113,2454,2454,1532,97,0,30,0,607,8,6,2,8
77,9,moe,790,31,3662,1624,1624,1866,114,0,58,0,733,8,6,2,8
77,10,moe,723,32,3286,1492,1492,1609,98,0,87,0,611,8,6,2,8
77,11,moe,641,28,3964,2306,2306,1530,99,0,29,0,600,8,6,2,8
77,12,moe,720,28,4473,2410,2410,1880,114,0,69,0,729,8,6,2,8
77,13,moe,787,28,4463,1884,1884,2343,150,0,86,0,609,8,5,3,8
77,14,moe,730,34,3837,2180,2180,1531,97,0,29,0,612,8,6,2,8
77,15,moe,636,30,7137,1894,1894,4986,173,0,84,0,721,8,5,3,8
77,16,moe,735,30,3980,2211,2212,1593,100,0,75,0,604,8,6,2,8
77,17,moe,791,30,1970,1139,1139,764,50,0,17,0,601,8,7,1,8
77,18,moe,735,33,6281,2281,2281,3686,225,0,89,0,719,8,4,4,8
77,19,moe,645,28,1226,265,265,852,49,0,60,0,609,8,7,1,8
77,20,moe,738,32,2011,1185,1185,758,50,0,18,0,607,8,7,1,8
77,21,moe,802,31,3328,1481,1481,1723,60,0,64,0,719,8,7,1,8
77,22,moe,787,32,1882,281,281,1469,52,0,80,0,666,8,7,1,8
77,23,moe,726,33,3179,1341,1341,1723,60,0,55,0,730,8,7,1,8
77,24,moe,807,40,8826,3715,3715,4899,172,0,40,0,804,8,5,3,8
77,25,moe,838,37,3795,926,926,2657,171,0,41,0,725,8,5,3,8
77,26,moe,639,30,1287,317,317,888,57,0,25,0,727,8,7,1,8
77,-1,epi,0,0,0,0,0,0,0,0,5739,0,0,0,0,0,0
78,-2,pre,50,0,0,0,0,0,0,0,0,0,0,0,0,0,0
78,0,dense,1465,35,0,0,0,0,0,0,0,0,0,0,0,0,0
78,1,moe,810,31,2949,1249,1249,1611,60,0,29,0,734,8,7,1,8
78,2,moe,734,30,9,0,0,0,0,0,9,0,741,8,8,0,8
78,3,moe,665,32,2384,696,696,1610,60,0,18,0,732,8,7,1,8
78,4,moe,732,31,4064,2317,2318,1579,98,0,69,0,617,8,6,2,8
78,5,moe,808,30,3906,2254,2254,1528,99,0,25,0,614,8,6,2,8
78,6,moe,735,33,10,0,0,0,0,0,10,0,729,8,8,0,8
78,7,moe,636,29,3020,1366,1366,1530,98,0,26,0,612,8,6,2,8
78,8,moe,723,32,9,0,0,0,0,0,9,0,611,8,8,0,8
78,9,moe,801,30,7,0,0,0,0,0,7,0,729,8,8,0,8
78,10,moe,742,32,2020,1184,1184,766,50,0,20,0,620,8,7,1,8
78,11,moe,646,28,8,0,0,0,0,0,8,0,630,8,8,0,8
78,12,moe,752,35,3152,1292,1293,1749,59,0,51,0,730,8,7,1,8
78,13,moe,800,29,9,0,0,0,0,0,9,0,616,8,8,0,8
78,14,moe,722,29,1843,271,271,1462,51,0,59,0,626,8,7,1,8
78,15,moe,660,32,8,0,0,0,0,0,8,0,745,8,8,0,8
78,16,moe,732,30,8,0,0,0,0,0,8,0,644,8,8,0,8
78,17,moe,812,46,9,0,0,0,0,0,9,0,631,8,8,0,8
78,18,moe,739,30,2200,311,311,1761,58,0,70,0,745,8,7,1,8
78,19,moe,662,30,5361,2357,2357,2828,100,0,76,0,611,8,6,2,8
78,20,moe,774,34,2766,1253,1253,1435,56,0,22,0,658,8,7,1,8
78,21,moe,837,33,2174,325,325,1723,61,0,65,0,778,8,7,1,8
78,22,moe,841,40,9741,5474,5474,3922,250,0,95,0,614,8,3,5,8
78,23,moe,640,30,6613,1257,1257,4976,233,0,147,0,736,8,4,4,8
78,24,moe,819,35,7945,2890,2890,4839,174,0,42,0,721,8,5,3,8
78,25,moe,796,33,9,0,0,0,0,0,9,0,729,8,8,0,8
78,26,moe,648,30,2580,655,655,1782,112,1,30,0,730,8,6,2,8
78,-1,epi,0,0,0,0,0,0,0,0,5743,0,0,0,0,0,0
79,-2,pre,77,0,0,0,0,0,0,0,0,0,0,0,0,0,0
79,0,dense,1432,35,0,0,0,0,0,0,0,0,0,0,0,0,0
79,1,moe,809,33,7976,1264,1264,6435,230,0,47,0,732,8,4,4,8
79,2,moe,735,35,6690,3832,3832,2653,171,0,34,0,726,8,5,3,8
79,3,moe,641,28,9969,3218,3219,6476,228,0,46,0,724,8,4,4,8
79,4,moe,714,234,5278,847,847,4206,147,0,78,0,603,8,5,3,8
79,5,moe,782,35,1730,280,280,1380,51,0,19,0,597,8,7,1,8
79,6,moe,728,38,2703,1593,1593,983,59,1,67,0,725,8,7,1,8
79,7,moe,651,33,10,0,1,0,0,0,9,0,616,8,8,0,8
79,8,moe,736,36,3471,1667,1667,1618,98,0,88,0,604,8,6,2,8
79,9,moe,804,36,5820,2783,2783,2779,173,0,85,0,720,8,5,3,8
79,10,moe,732,38,2640,882,882,1581,99,0,78,0,599,8,6,2,8
79,11,moe,661,53,1736,278,278,1385,55,0,18,0,611,8,7,1,8
79,12,moe,730,42,5062,1586,1586,3287,117,1,71,0,726,8,6,2,8
79,13,moe,788,34,9,0,0,0,0,0,9,0,606,8,8,0,8
79,14,moe,727,32,7166,2687,2687,4231,152,0,96,0,611,8,5,3,8
79,15,moe,643,34,8009,2757,2757,5000,173,0,79,0,727,8,5,3,8
79,16,moe,730,34,7422,3188,3188,3887,243,0,104,0,602,8,3,5,8
79,17,moe,791,38,9014,1811,1813,6901,249,1,50,0,601,8,3,5,8
79,18,moe,723,36,8555,3633,3633,4541,282,0,99,0,724,8,3,5,8
79,19,moe,657,36,12344,3568,3569,8377,294,0,104,0,599,8,2,6,8
79,20,moe,707,35,9981,2785,2785,6890,251,0,55,0,599,8,3,5,8
79,21,moe,786,39,9569,4659,4660,4522,283,0,104,0,720,8,3,5,8
79,22,moe,783,34,8209,3979,3979,3887,245,0,98,0,611,8,3,5,8
79,23,moe,644,34,11174,1868,1868,8837,365,0,104,0,720,8,2,6,8
79,24,moe,798,39,9464,4695,4695,4432,289,0,48,0,720,8,3,5,8
79,25,moe,780,35,10082,3417,3417,6198,400,0,67,0,718,8,1,7,8
79,26,moe,639,33,14319,4091,4092,9803,368,0,56,0,802,8,2,6,8
79,-1,epi,0,0,0,0,0,0,0,0,5767,0,0,0,0,0,0
80,-2,pre,57,0,0,0,0,0,0,0,0,0,0,0,0,0,0
80,0,dense,1407,45,0,0,0,0,0,0,0,0,0,0,0,0,0
80,1,moe,788,41,9151,2303,2303,6546,247,0,55,0,790,8,4,4,8
80,2,moe,727,38,4997,1625,1625,3222,118,0,32,0,723,8,6,2,8
80,3,moe,648,34,3539,1617,1617,1773,120,0,29,0,722,8,6,2,8
80,4,moe,727,41,4519,1515,1515,2811,101,0,92,0,604,8,6,2,8
80,5,moe,791,36,1723,271,271,1381,51,0,20,0,607,8,7,1,8
80,6,moe,718,35,2414,1314,1314,976,56,0,68,0,725,8,7,1,8
80,7,moe,637,34,1180,249,249,812,51,0,68,0,612,8,7,1,8
80,8,moe,730,35,9,0,0,0,0,0,9,0,622,8,8,0,8
80,9,moe,804,45,2674,629,629,1853,114,0,78,0,727,8,6,2,8
80,10,moe,737,33,1205,277,277,816,48,0,64,0,615,8,7,1,8
80,11,moe,658,35,2165,522,522,1516,98,0,29,0,617,8,6,2,8
80,12,moe,749,40,2693,645,645,1856,112,0,80,0,734,8,6,2,8
80,13,moe,803,35,2321,561,561,1580,98,0,82,0,621,8,6,2,8
80,14,moe,742,38,4542,2078,2078,2282,148,0,34,0,609,8,5,3,8
80,15,moe,650,35,5707,1740,1740,3651,228,0,88,0,736,8,4,4,8
80,16,moe,723,35,3539,557,557,2806,100,0,76,0,603,8,6,2,8
80,17,moe,799,38,6934,2608,2609,4138,150,0,37,0,606,8,5,3,8
80,18,moe,725,34,5271,1681,1681,3398,116,0,76,0,727,8,6,2,8
80,19,moe,644,33,8070,2193,2193,5578,201,0,98,0,602,8,4,4,8
80,20,moe,716,35,2581,1125,1125,1382,52,0,22,0,603,8,7,1,8
80,21,moe,791,38,6353,2399,2399,3625,228,0,101,0,731,8,4,4,8
80,22,moe,783,34,1543,592,592,832,48,0,71,0,606,8,7,1,8
80,23,moe,645,35,4123,615,615,3334,114,0,60,0,726,8,6,2,8
80,24,moe,796,37,4174,789,789,3229,116,0,40,0,727,8,6,2,8
80,25,moe,7548,34,6484,1724,1725,4419,288,0,52,0,732,8,3,5,8
80,26,moe,800,34,3815,960,961,2646,170,0,38,0,728,8,5,3,8
80,-1,epi,0,0,0,0,0,0,0,0,5647,0,0,0,0,0,0
81,-2,pre,45,0,0,0,0,0,0,0,0,0,0,0,0,0,0
81,0,dense,1438,38,0,0,0,0,0,0,0,0,0,0,0,0,0
81,1,moe,814,35,7210,2171,2171,4827,172,0,40,0,735,8,5,3,8
81,2,moe,734,37,7005,1953,1954,4843,173,0,35,0,725,8,5,3,8
81,3,moe,644,33,6352,1565,1565,4450,287,0,50,0,738,8,3,5,8
81,4,moe,727,35,3406,809,809,2348,149,0,100,0,618,8,5,3,8
81,5,moe,816,38,2011,1180,1180,761,51,0,19,0,604,8,7,1,8
81,6,moe,732,36,9,0,1,0,0,0,8,0,733,8,8,0,8
81,7,moe,647,33,9,0,0,0,0,0,9,0,626,8,8,0,8
81,8,moe,734,38,1073,244,244,761,49,0,19,0,626,8,7,1,8
81,9,moe,801,38,2164,327,327,1702,59,0,76,0,739,8,7,1,8
81,10,moe,730,35,2218,1275,1275,828,49,0,66,0,616,8,7,1,8
81,11,moe,654,34,3463,572,573,2763,98,0,29,0,613,8,6,2,8
81,12,moe,728,35,1428,321,321,990,57,0,60,0,731,8,7,1,8
81,13,moe,809,37,6469,2039,2039,4187,147,0,96,0,605,8,5,3,8
81,14,moe,721,35,3427,530,530,2768,100,0,29,0,608,8,6,2,8
81,15,moe,639,40,6019,3002,3003,2766,175,0,75,0,726,8,5,3,8
81,16,moe,714,33,3464,876,877,2353,147,0,87,0,605,8,5,3,8
81,17,moe,784,36,4451,1981,1981,2286,147,0,37,0,618,8,5,3,8
81,18,moe,728,35,8063,2871,2872,4937,175,0,79,0,720,8,5,3,8
81,19,moe,641,33,7976,2112,2112,5563,203,0,98,0,607,8,4,4,8
81,20,moe,714,36,6501,2408,2408,3800,245,0,48,0,613,8,3,5,8
81,21,moe,792,40,7979,2759,2759,4958,175,0,87,0,725,8,5,3,8
81,22,moe,792,40,5579,2166,2166,3123,196,0,94,0,604,8,4,4,8
81,23,moe,640,33,9481,4551,4551,4556,285,0,89,0,725,8,3,5,8
81,24,moe,784,34,6404,2602,2602,3535,224,0,43,0,735,8,4,4,8
81,25,moe,778,34,9635,1600,1601,7701,285,0,48,0,725,8,3,5,8
81,26,moe,650,33,9963,1560,1561,8056,299,0,47,0,725,8,3,5,8
81,-1,epi,0,0,0,0,0,0,0,0,5604,0,0,0,0,0,0
82,-2,pre,45,0,0,0,0,0,0,0,0,0,0,0,0,0,0
82,0,dense,1443,40,0,0,0,0,0,0,0,0,0,0,0,0,0
82,1,moe,802,37,2908,992,992,1776,113,0,27,0,740,8,6,2,8
82,2,moe,783,38,4011,639,639,3221,117,0,34,0,734,8,6,2,8
82,3,moe,659,36,4498,1637,1637,2652,170,0,39,0,729,8,5,3,8
82,4,moe,724,37,4485,1071,1071,3110,198,0,106,0,624,8,4,4,8
82,5,moe,795,35,2199,549,549,1525,99,0,26,0,610,8,6,2,8
82,6,moe,734,33,9,0,0,0,0,0,9,0,733,8,8,0,8
82,7,moe,653,40,2138,1309,1309,761,49,0,19,0,617,8,7,1,8
82,8,moe,726,34,9,0,0,0,0,0,9,0,621,8,8,0,8
82,9,moe,800,37,9,0,0,0,0,0,9,0,746,8,8,0,8
82,10,moe,736,38,3452,561,561,2763,100,0,28,0,622,8,6,2,8
82,11,moe,647,28,4485,1547,1548,2798,102,0,37,0,614,8,6,2,8
82,12,moe,729,29,2181,337,337,1700,60,0,84,0,729,8,7,1,8
82,13,moe,807,35,3589,577,577,2825,101,0,86,0,616,8,6,2,8
82,14,moe,724,38,1708,261,261,1373,51,0,23,0,608,8,7,1,8
82,15,moe,646,29,8445,1562,1562,6552,234,0,97,0,729,8,4,4,8
82,16,moe,721,32,2311,550,550,1578,99,0,84,0,609,8,6,2,8
82,17,moe,807,35,6767,2661,2661,3805,246,0,55,0,610,8,3,5,8
82,18,moe,729,32,2586,1438,1438,984,57,0,107,0,728,8,7,1,8
82,19,moe,641,30,1827,261,261,1442,51,0,73,0,612,8,7,1,8
82,20,moe,727,33,1733,282,282,1380,52,0,19,0,622,8,7,1,8
82,21,moe,791,31,3938,937,938,2742,170,0,88,0,733,8,5,3,8
82,22,moe,798,35,5265,819,819,4201,151,0,94,0,611,8,5,3,8
82,23,moe,643,30,4073,583,583,3303,115,0,72,0,728,8,6,2,8
82,24,moe,802,32,1290,327,327,887,57,0,19,0,728,8,7,1,8
82,25,moe,805,32,2776,860,860,1773,112,0,31,0,731,8,6,2,8
82,26,moe,654,31,5986,943,943,4833,172,0,38,0,742,8,5,3,8
82,-1,epi,0,0,0,0,0,0,0,0,5679,0,0,0,0,0,0
83,-2,pre,188,0,0,0,0,0,0,0,0,0,0,0,0,0,0
83,0,dense,1424,30,0,0,0,0,0,0,0,0,0,0,0,0,0
83,1,moe,808,30,5176,1798,1798,3232,114,0,32,0,734,8,6,2,8
83,2,moe,732,30,2899,1200,1200,1618,59,0,22,0,730,8,7,1,8
83,3,moe,655,28,4892,2014,2014,2665,166,0,47,0,732,8,5,3,8
83,4,moe,720,31,7063,3640,3640,3109,197,0,117,0,619,8,4,4,8
83,5,moe,785,30,1932,1091,1091,768,51,0,22,0,607,8,7,1,8
83,6,moe,721,28,4488,2402,2403,1890,112,0,83,0,730,8,6,2,8
83,7,moe,640,27,9533,3527,3527,5659,220,0,127,0,682,8,4,4,8
83,8,moe,704,37,2617,1122,1122,1404,64,0,27,0,610,8,7,1,8
83,9,moe,804,33,2391,1271,1271,982,61,0,77,0,738,8,7,1,8
83,10,moe,730,34,2770,1202,1202,1442,51,0,75,0,617,8,7,1,8
83,11,moe,651,30,2600,1142,1142,1385,52,0,21,0,607,8,7,1,8
83,12,moe,722,32,6043,2460,2460,3382,117,0,84,0,727,8,6,2,8
83,13,moe,790,34,2760,1141,1141,1490,52,0,77,0,617,8,7,1,8
83,14,moe,722,30,5164,835,835,4135,152,0,42,0,607,8,5,3,8
83,15,moe,649,33,4144,626,626,3323,120,0,75,0,730,8,6,2,8
83,16,moe,727,32,9,0,0,0,0,0,9,0,619,8,8,0,8
83,17,moe,803,35,3334,1534,1534,1600,106,0,94,0,624,8,6,2,8
83,18,moe,729,34,4541,2496,2496,1859,111,0,75,0,729,8,6,2,8
83,19,moe,636,29,6108,2684,2685,3131,196,0,96,0,611,8,4,4,8
83,20,moe,728,29,3055,1402,1402,1523,99,0,31,0,607,8,6,2,8
83,21,moe,795,29,2677,610,610,1874,113,0,80,0,731,8,6,2,8
83,22,moe,798,30,2329,556,556,1584,99,0,90,0,615,8,6,2,8
83,23,moe,649,29,2302,1193,1193,997,57,0,55,0,725,8,7,1,8
83,24,moe,800,33,5978,939,940,4821,175,0,42,0,735,8,5,3,8
83,25,moe,801,32,1272,313,313,883,57,1,18,0,732,8,7,1,8
83,26,moe,650,32,3973,616,616,3208,117,0,32,0,736,8,6,2,8
83,-1,epi,0,0,0,0,0,0,0,0,5711,0,0,0,0,0,0
84,-2,pre,218,0,0,0,0,0,0,0,0,0,0,0,0,0,0
84,0,dense,1430,32,0,0,0,0,0,0,0,0,0,0,0,0,0
84,1,moe,809,30,2169,1205,1206,884,57,0,22,0,747,8,7,1,8
84,2,moe,741,32,2633,1669,1669,888,56,0,20,0,738,8,7,1,8
84,3,moe,667,29,4307,2378,2378,1784,113,0,32,0,755,8,6,2,8
84,4,moe,741,31,11581,2425,2425,2393,148,0,6615,0,612,8,5,3,8
84,5,moe,788,705,1135,268,269,785,49,0,32,0,607,8,7,1,8
84,6,moe,733,1107,6349,1592,1592,1871,114,0,2772,0,663,8,6,2,8
84,7,moe,605,31,5397,2375,2375,2835,100,0,87,0,605,8,6,2,8
84,8,moe,717,33,2629,1165,1165,1389,52,0,23,0,603,8,7,1,8
84,9,moe,783,34,5228,1677,1677,3347,115,1,88,0,727,8,6,2,8
84,10,moe,716,32,7913,3454,3454,4215,150,0,94,0,603,8,5,3,8
84,11,moe,634,30,3770,866,867,2762,100,0,41,0,604,8,6,2,8
84,12,moe,724,33,2366,1259,1259,983,57,0,67,0,724,8,7,1,8
84,13,moe,807,32,1250,295,295,832,49,0,74,0,607,8,7,1,8
84,14,moe,724,29,5023,2547,2547,2284,151,0,41,0,609,8,5,3,8
84,15,moe,635,28,2300,1170,1171,1009,59,0,61,0,738,8,7,1,8
84,16,moe,722,30,2095,1142,1142,840,50,0,63,0,605,8,7,1,8
84,17,moe,802,29,1910,1076,1076,762,50,0,22,0,607,8,7,1,8
84,18,moe,726,29,4398,2358,2358,1854,114,0,72,0,727,8,6,2,8
84,19,moe,637,28,6433,3012,3012,3121,198,0,102,0,613,8,4,4,8
84,20,moe,723,29,3028,1361,1361,1535,102,0,30,0,607,8,6,2,8
84,21,moe,792,30,8312,3365,3365,4556,281,0,110,0,734,8,3,5,8
84,22,moe,793,29,3234,1424,1424,1631,98,0,81,0,612,8,6,2,8
84,23,moe,639,26,3630,1555,1555,1894,112,0,69,0,727,8,6,2,8
84,24,moe,795,32,6354,2541,2542,3537,227,0,48,0,729,8,4,4,8
84,25,moe,782,30,5621,2720,2720,2685,168,0,48,0,739,8,5,3,8
84,26,moe,639,29,3447,1539,1539,1765,112,0,31,0,725,8,6,2,8
84,-1,epi,0,0,0,0,0,0,0,0,5670,0,0,0,0,0,0
85,-2,pre,66,0,0,0,0,0,0,0,0,0,0,0,0,0,0
85,0,dense,1419,39,0,0,0,0,0,0,0,0,0,0,0,0,0
85,1,moe,796,36,2493,1524,1524,889,57,0,23,0,742,8,7,1,8
85,2,moe,735,39,4497,2582,2582,1772,114,0,29,0,735,8,6,2,8
85,3,moe,644,32,4803,1928,1928,2665,170,0,40,0,732,8,5,3,8
85,4,moe,729,34,6250,2824,2825,3114,197,0,114,0,620,8,4,4,8
85,5,moe,788,36,1140,310,310,760,49,0,21,0,619,8,7,1,8
85,6,moe,728,34,9,0,0,0,0,1,8,0,727,8,8,0,8
85,7,moe,640,32,1124,293,293,763,49,0,19,0,622,8,7,1,8
85,8,moe,732,33,1446,614,615,759,50,0,22,0,623,8,7,1,8
85,9,moe,802,34,9,0,0,0,0,0,9,0,742,8,8,0,8
85,10,moe,727,33,8,0,0,0,0,0,8,0,630,8,8,0,8
85,11,moe,664,39,9,0,0,0,0,0,9,0,639,8,8,0,8
85,12,moe,735,33,5934,3865,3865,1863,114,0,92,0,738,8,6,2,8
85,13,moe,805,38,12,0,0,0,0,0,12,0,671,8,8,0,8
85,14,moe,732,51,5348,853,853,4242,147,0,106,0,617,8,5,3,8
85,15,moe,641,33,1394,300,300,977,56,0,61,0,734,8,7,1,8
85,16,moe,732,39,1812,259,259,1434,52,0,67,0,619,8,7,1,8
85,17,moe,802,40,8,0,1,0,0,0,7,0,631,8,8,0,8
85,18,moe,736,41,8,0,0,0,0,0,8,0,743,8,8,0,8
85,19,moe,670,37,1087,260,260,758,50,0,19,0,627,8,7,1,8
85,20,moe,735,33,2070,1234,1234,764,51,0,21,0,619,8,7,1,8
85,21,moe,802,32,3647,1575,1575,1870,115,0,87,0,736,8,6,2,8
85,22,moe,809,33,2210,1254,1254,836,49,0,71,0,620,8,7,1,8
85,23,moe,651,32,4610,2510,2510,1906,117,0,77,0,735,8,6,2,8
85,24,moe,791,33,2155,1187,1187,890,58,0,20,0,743,8,7,1,8
85,25,moe,791,38,2211,1246,1246,889,57,0,19,0,734,8,7,1,8
85,26,moe,651,35,10,0,0,0,0,0,10,0,734,8,8,0,8
85,-1,epi,0,0,0,0,0,0,0,0,5797,0,0,0,0,0,0
86,-2,pre,34,0,0,0,0,0,0,0,0,0,0,0,0,0,0
86,0,dense,1443,37,0,0,0,0,0,0,0,0,0,0,0,0,0
86,1,moe,832,42,9,0,0,0,0,0,9,0,762,8,8,0,8
86,2,moe,741,35,3973,610,610,3214,116,0,33,0,760,8,6,2,8
86,3,moe,657,40,9,0,0,0,0,0,9,0,765,8,8,0,8
86,4,moe,734,33,3588,549,549,2841,101,1,96,0,631,8,6,2,8
86,5,moe,816,37,3288,810,810,2290,148,0,40,0,627,8,5,3,8
86,6,moe,735,38,10,0,0,0,0,0,10,0,750,8,8,0,8
86,7,moe,652,32,2110,659,659,1377,52,0,22,0,629,8,7,1,8
86,8,moe,730,33,8,0,0,0,0,0,8,0,640,8,8,0,8
86,9,moe,820,33,1433,308,308,994,56,0,75,0,748,8,7,1,8
86,10,moe,734,34,8,0,0,0,0,1,7,0,637,8,8,0,8
86,11,moe,660,34,2755,1176,1176,1447,51,0,81,0,643,8,7,1,8
86,12,moe,735,36,8,0,0,0,0,0,8,0,757,8,8,0,8
86,13,moe,811,36,2122,665,665,1383,51,0,23,0,628,8,7,1,8
86,14,moe,752,33,2613,1164,1164,1377,51,0,21,0,623,8,7,1,8
86,15,moe,658,34,2151,325,325,1693,59,0,74,0,741,8,7,1,8
86,16,moe,738,35,1194,267,267,813,50,0,64,0,630,8,7,1,8
86,17,moe,811,34,8,0,0,0,0,0,8,0,632,8,8,0,8
86,18,moe,742,36,3234,1395,1395,1707,59,0,73,0,740,8,7,1,8
86,19,moe,659,32,6875,2449,2449,4188,152,0,86,0,614,8,5,3,8
86,20,moe,720,34,3472,577,577,2760,100,0,35,0,615,8,6,2,8
86,21,moe,797,34,9,0,0,0,0,0,9,0,731,8,8,0,8
86,22,moe,800,33,4471,1579,1579,2759,102,0,31,0,624,8,6,2,8
86,23,moe,658,34,4517,2418,2418,1883,117,0,99,0,731,8,6,2,8
86,24,moe,786,33,3595,1668,1668,1772,120,0,35,0,732,8,6,2,8
86,25,moe,796,34,2934,1240,1241,1612,60,0,21,0,732,8,7,1,8
86,26,moe,653,33,2236,1263,1263,890,60,0,23,0,730,8,7,1,8
86,-1,epi,0,0,0,0,0,0,0,0,5758,0,0,0,0,0,0
87,-2,pre,43,0,0,0,0,0,0,0,0,0,0,0,0,0,0
87,0,dense,1488,36,0,0,0,0,0,0,0,0,0,0,0,0,0
87,1,moe,807,35,8,0,0,0,0,0,8,0,752,8,8,0,8
87,2,moe,729,32,8,0,0,0,0,0,8,0,756,8,8,0,8
87,3,moe,676,38,2032,328,328,1618,61,0,25,0,757,8,7,1,8
87,4,moe,743,36,2803,1190,1190,1475,51,0,87,0,635,8,7,1,8
87,5,moe,808,35,1995,1160,1160,764,49,0,22,0,628,8,7,1,8
87,6,moe,754,55,1433,307,307,1001,57,0,68,0,744,8,7,1,8
87,7,moe,653,32,9,0,0,0,0,0,9,0,636,8,8,0,8
87,8,moe,739,33,8,0,0,0,0,0,8,0,644,8,8,0,8
87,9,moe,819,33,2518,607,607,1767,114,0,30,0,752,8,6,2,8
87,10,moe,749,37,9,0,0,0,0,0,9,0,632,8,8,0,8
87,11,moe,668,32,4056,3098,3098,826,50,0,82,0,620,8,7,1,8
87,12,moe,729,33,8,0,0,0,0,0,8,0,745,8,8,0,8
87,13,moe,804,34,1742,263,263,1402,57,0,20,0,685,8,7,1,8
87,14,moe,728,40,9,0,0,0,0,0,9,0,636,8,8,0,8
87,15,moe,667,33,9,0,0,0,0,0,9,0,732,8,8,0,8
87,16,moe,726,36,2023,1170,1170,771,59,0,23,0,675,8,7,1,8
87,17,moe,804,44,1126,275,275,772,55,0,24,0,666,8,7,1,8
87,18,moe,748,36,1484,312,312,1011,72,0,89,0,775,8,7,1,8
87,19,moe,667,35,4496,1458,1458,2862,105,0,71,0,628,8,6,2,8
87,20,moe,742,38,2625,1161,1161,1393,51,0,20,0,624,8,7,1,8
87,21,moe,802,37,3096,1236,1236,1723,59,0,78,0,743,8,7,1,8
87,22,moe,799,55,19,0,0,0,0,0,19,0,628,8,8,0,8
87,23,moe,655,32,1297,333,333,883,60,0,21,0,744,8,7,1,8
87,24,moe,826,44,8238,3182,3182,4839,173,0,44,0,750,8,5,3,8
87,25,moe,808,36,4331,962,962,3226,116,0,27,0,746,8,6,2,8
87,26,moe,661,33,2202,1231,1231,889,58,0,24,0,740,8,7,1,8
87,-1,epi,0,0,0,0,0,0,0,0,5797,0,0,0,0,0,0
88,-2,pre,1144,0,0,0,0,0,0,0,0,0,0,0,0,0,0
88,0,dense,1445,41,0,0,0,0,0,0,0,0,0,0,0,0,0
88,1,moe,817,37,5817,3881,3881,1784,116,0,36,0,739,8,6,2,8
88,2,moe,747,37,5574,2689,2689,2664,173,0,48,0,745,8,5,3,8
88,3,moe,654,39,5225,1847,1847,3227,118,0,33,0,742,8,6,2,8
88,4,moe,735,35,8,0,0,0,0,0,8,0,613,8,8,0,8
88,5,moe,798,31,3269,1454,1454,1620,96,0,99,0,624,8,6,2,8
88,6,moe,733,30,2381,1246,1246,1007,57,0,71,0,739,8,7,1,8
88,7,moe,645,28,3424,1649,1649,1601,97,0,77,0,618,8,6,2,8
88,8,moe,729,30,6919,3618,3618,3051,199,0,51,0,624,8,4,4,8
88,9,moe,801,37,6020,2406,2406,3408,117,0,89,0,734,8,6,2,8
88,10,moe,734,39,3203,1426,1426,1595,97,0,85,0,615,8,6,2,8
88,11,moe,639,30,3074,1414,1414,1530,100,0,30,0,629,8,6,2,8
88,12,moe,722,30,7931,3957,3957,3646,225,0,103,0,733,8,4,4,8
88,13,moe,795,29,5265,2631,2631,2395,147,0,92,0,614,8,5,3,8
88,14,moe,727,29,3024,1370,1370,1523,100,0,31,0,619,8,6,2,8
88,15,moe,645,31,5140,1561,1562,3390,115,0,73,0,727,8,6,2,8
88,16,moe,720,30,7061,2564,2564,4245,152,0,100,0,611,8,5,3,8
88,17,moe,789,29,3850,2194,2194,1527,100,0,29,0,606,8,6,2,8
88,18,moe,728,30,2477,637,637,1715,58,0,67,0,736,8,7,1,8
88,19,moe,660,33,3504,520,520,2804,101,0,79,0,610,8,6,2,8
88,20,moe,735,31,6953,3647,3647,3061,197,0,48,0,612,8,4,4,8
88,21,moe,785,31,3594,1525,1526,1878,112,1,77,0,730,8,6,2,8
88,22,moe,796,29,3273,1484,1484,1607,98,0,84,0,609,8,6,2,8
88,23,moe,646,29,10153,3224,3224,6602,230,0,97,0,728,8,4,4,8
88,24,moe,790,31,2027,319,319,1623,58,1,26,0,724,8,7,1,8
88,25,moe,799,32,6904,3087,3087,3548,226,0,43,0,726,8,4,4,8
88,26,moe,648,31,5727,2846,2847,2673,169,0,38,0,726,8,5,3,8
88,-1,epi,0,0,0,0,0,0,0,0,5682,0,0,0,0,0,0
89,-2,pre,57,0,0,0,0,0,0,0,0,0,0,0,0,0,0
89,0,dense,1446,33,0,0,0,0,0,0,0,0,0,0,0,0,0
89,1,moe,806,32,4932,2050,2051,2662,168,0,51,0,744,8,5,3,8
89,2,moe,744,31,4645,2705,2705,1793,116,0,31,0,727,8,6,2,8
89,3,moe,655,29,5058,2167,2167,2678,172,0,41,0,723,8,5,3,8
89,4,moe,718,30,6354,1876,1876,4214,148,0,116,0,609,8,5,3,8
89,5,moe,782,30,4979,2492,2492,2304,145,0,38,0,623,8,5,3,8
89,6,moe,729,28,9,0,0,0,0,0,9,0,730,8,8,0,8
89,7,moe,644,26,7306,3190,3190,3813,246,0,57,0,614,8,3,5,8
89,8,moe,724,30,3950,2283,2283,1540,99,0,28,0,609,8,6,2,8
89,9,moe,796,31,3610,1549,1549,1864,113,0,84,0,738,8,6,2,8
89,10,moe,721,33,3245,1443,1443,1621,97,0,84,0,606,8,6,2,8
89,11,moe,642,30,8853,4541,4542,4127,147,0,37,0,606,8,5,3,8
89,12,moe,719,31,9251,2372,2372,6540,231,0,108,0,730,8,4,4,8
89,13,moe,802,31,2339,588,589,1588,100,0,62,0,612,8,6,2,8
89,14,moe,730,33,1757,307,307,1380,51,0,19,0,614,8,7,1,8
89,15,moe,650,30,2667,610,610,1863,113,0,81,0,730,8,6,2,8
89,16,moe,738,32,5782,2368,2370,3114,197,0,101,0,607,8,4,4,8
89,17,moe,795,31,1093,261,261,764,49,0,19,0,614,8,7,1,8
89,18,moe,730,30,2688,648,648,1851,113,0,76,0,746,8,6,2,8
89,19,moe,643,29,5209,774,774,4195,151,0,89,0,606,8,5,3,8
89,20,moe,724,31,2628,1167,1167,1384,51,0,26,0,603,8,7,1,8
89,21,moe,790,33,6104,947,947,4914,175,0,68,0,731,8,5,3,8
89,22,moe,808,32,3144,1378,1378,1580,101,0,85,0,620,8,6,2,8
89,23,moe,655,29,1452,329,329,1010,55,0,58,0,727,8,7,1,8
89,24,moe,801,32,7062,3235,3235,3554,226,0,47,0,737,8,4,4,8
89,25,moe,805,31,4371,999,999,3220,115,0,37,0,728,8,6,2,8
89,26,moe,657,27,9212,2491,2491,6441,228,0,52,0,727,8,4,4,8
89,-1,epi,0,0,0,0,0,0,0,0,5651,0,0,0,0,0,0
90,-2,pre,225,0,0,0,0,0,0,0,0,0,0,0,0,0,0
90,0,dense,1436,34,0,0,0,0,0,0,0,0,0,0,0,0,0
90,1,moe,805,30,7999,2928,2929,4854,175,0,41,0,728,8,5,3,8
90,2,moe,725,30,2969,1279,1279,1610,59,0,21,0,730,8,7,1,8
90,3,moe,642,28,4709,1845,1846,2653,170,0,40,0,734,8,5,3,8
90,4,moe,728,27,2162,1161,1161,859,51,0,91,0,615,8,7,1,8
90,5,moe,793,29,8,0,0,0,0,0,8,0,627,8,8,0,8
90,6,moe,735,30,10,0,0,0,0,0,10,0,732,8,8,0,8
90,7,moe,648,29,6945,2620,2620,4134,148,0,43,0,618,8,5,3,8
90,8,moe,720,30,2621,1163,1163,1386,51,0,21,0,613,8,7,1,8
90,9,moe,792,31,9,0,0,0,0,0,9,0,729,8,8,0,8
90,10,moe,719,28,4001,2349,2349,1521,101,0,30,0,616,8,6,2,8
90,11,moe,645,29,7043,3743,3743,3057,195,0,48,0,608,8,4,4,8
90,12,moe,724,29,5859,2802,2802,2782,171,0,104,0,728,8,5,3,8
90,13,moe,792,28,1276,274,274,873,51,0,78,0,613,8,7,1,8
90,14,moe,732,41,1993,1149,1149,771,49,0,24,0,622,8,7,1,8
90,15,moe,654,29,6240,2664,2664,3380,116,0,80,0,727,8,6,2,8
90,16,moe,719,27,3923,2139,2139,1595,101,0,88,0,605,8,6,2,8
90,17,moe,796,35,1960,1113,1113,772,51,0,24,0,609,8,7,1,8
90,18,moe,722,31,3605,1506,1506,1906,114,0,79,0,735,8,6,2,8
90,19,moe,701,29,7919,1912,1912,5701,203,0,103,0,636,8,4,4,8
90,20,moe,727,33,8725,2943,2943,5532,198,0,52,0,610,8,4,4,8
90,21,moe,794,32,8214,4224,4224,3656,226,0,108,0,730,8,4,4,8
90,22,moe,786,32,10228,5047,5047,4718,321,0,142,0,664,8,2,6,8
90,23,moe,664,32,5179,1562,1562,3412,127,0,78,0,737,8,6,2,8
90,24,moe,798,35,5846,2969,2969,2659,170,0,48,0,735,8,5,3,8
90,25,moe,794,35,11,0,0,0,0,0,11,0,729,8,8,0,8
90,26,moe,3922,31,12975,2964,2964,9586,346,0,79,0,733,8,2,6,8
90,-1,epi,0,0,0,0,0,0,0,0,5666,0,0,0,0,0,0
91,-2,pre,52,0,0,0,0,0,0,0,0,0,0,0,0,0,0
91,0,dense,1460,41,0,0,0,0,0,0,0,0,0,0,0,0,0
91,1,moe,807,35,7370,2314,2314,4839,174,0,43,0,737,8,5,3,8
91,2,moe,733,38,4012,647,647,3216,115,0,34,0,732,8,6,2,8
91,3,moe,653,36,8426,4586,4586,3559,229,0,52,0,728,8,4,4,8
91,4,moe,721,36,3419,836,836,2356,145,0,82,0,609,8,5,3,8
91,5,moe,793,34,1114,282,282,765,49,0,18,0,612,8,7,1,8
91,6,moe,730,38,9,0,0,0,0,0,9,0,739,8,8,0,8
91,7,moe,653,33,4606,1719,1719,2753,103,0,31,0,610,8,6,2,8
91,8,moe,744,39,1749,296,296,1381,52,0,20,0,611,8,7,1,8
91,9,moe,795,35,5963,2938,2938,2751,170,0,104,0,733,8,5,3,8
91,10,moe,722,33,1230,296,296,828,49,0,57,0,614,8,7,1,8
91,11,moe,649,32,3260,806,806,2273,146,0,35,0,623,8,5,3,8
91,12,moe,731,37,9,0,0,0,0,0,9,0,743,8,8,0,8
91,13,moe,805,36,1099,274,274,758,50,0,17,0,621,8,7,1,8
91,14,moe,741,38,1135,288,288,774,50,0,23,0,638,8,7,1,8
91,15,moe,663,51,3050,1230,1230,1708,59,0,53,0,746,8,7,1,8
91,16,moe,734,38,1215,275,275,810,50,0,80,0,625,8,7,1,8
91,17,moe,790,39,2188,529,529,1528,98,0,33,0,622,8,6,2,8
91,18,moe,742,43,8,0,0,0,0,0,8,0,741,8,8,0,8
91,19,moe,657,34,3112,1467,1468,1517,99,0,28,0,638,8,6,2,8
91,20,moe,736,34,2245,599,599,1515,100,0,31,0,628,8,6,2,8
91,21,moe,797,35,1464,321,321,1006,58,0,79,0,736,8,7,1,8
91,22,moe,794,37,9,0,0,0,0,0,9,0,619,8,8,0,8
91,23,moe,661,39,1281,314,314,890,56,0,21,0,748,8,7,1,8
91,24,moe,815,34,4742,1875,1875,2651,173,0,43,0,745,8,5,3,8
91,25,moe,810,38,8,0,0,0,0,0,8,0,739,8,8,0,8
91,26,moe,6482,34,7302,2519,2519,4441,280,0,62,0,733,8,3,5,8
91,-1,epi,0,0,0,0,0,0,0,0,5717,0,0,0,0,0,0
92,-2,pre,232,0,0,0,0,0,0,0,0,0,0,0,0,0,0
92,0,dense,3880,39,0,0,0,0,0,0,0,0,0,0,0,0,0
92,1,moe,3636,38,7374,2208,2208,4932,187,0,47,0,767,8,5,3,8
92,2,moe,744,41,2162,1166,1166,905,63,0,28,0,763,8,7,1,8
92,3,moe,651,32,7026,3096,3096,3624,254,0,52,0,781,8,4,4,8
92,4,moe,705,40,2411,547,547,1676,110,0,78,0,662,8,6,2,8
92,5,moe,814,44,11,0,0,0,0,0,11,0,618,8,8,0,8
92,6,moe,714,39,10,0,0,0,0,0,10,0,767,8,8,0,8
92,7,moe,670,33,3969,2309,2309,1519,99,0,42,0,617,8,6,2,8
92,8,moe,742,41,9,0,0,0,0,0,9,0,624,8,8,0,8
92,9,moe,795,38,9,0,0,0,0,0,9,0,730,8,8,0,8
92,10,moe,721,36,3372,1691,1691,1538,102,0,41,0,623,8,6,2,8
92,11,moe,661,33,6302,2989,2989,3058,198,0,57,0,612,8,4,4,8
92,12,moe,721,44,3667,1613,1613,1871,115,0,68,0,729,8,6,2,8
92,13,moe,797,35,1215,289,289,820,51,0,55,0,607,8,7,1,8
92,14,moe,720,35,5690,3185,3186,2299,149,0,56,0,615,8,5,3,8
92,15,moe,648,37,5709,2681,2681,2764,186,0,78,0,724,8,5,3,8
92,16,moe,715,38,4106,2321,2321,1589,102,0,94,0,614,8,6,2,8
92,17,moe,789,37,3846,2174,2174,1535,100,0,37,0,614,8,6,2,8
92,18,moe,719,42,6084,3015,3015,2792,173,0,104,0,723,8,5,3,8
92,19,moe,643,36,8989,4754,4754,3869,247,0,119,0,612,8,3,5,8
92,20,moe,709,36,2021,1172,1172,774,51,0,24,0,603,8,7,1,8
92,21,moe,796,38,7135,3153,3153,3669,224,0,89,0,721,8,4,4,8
92,22,moe,781,36,5145,2522,2523,2369,148,0,105,0,602,8,5,3,8
92,23,moe,641,32,1417,304,304,990,57,0,66,0,721,8,7,1,8
92,24,moe,790,35,3971,1094,1095,2663,170,0,43,0,724,8,5,3,8
92,25,moe,790,41,1297,328,328,885,60,0,24,0,729,8,7,1,8
92,26,moe,647,33,3493,1577,1577,1768,115,0,33,0,718,8,6,2,8
92,-1,epi,0,0,0,0,0,0,0,0,5747,0,0,0,0,0,0
93,-2,pre,199,0,0,0,0,0,0,0,0,0,0,0,0,0,0
93,0,dense,1442,40,0,0,0,0,0,0,0,0,0,0,0,0,0
93,1,moe,2632,35,1279,300,300,896,58,0,25,0,734,8,7,1,8
93,2,moe,2015,35,2181,1205,1205,898,57,0,21,0,725,8,7,1,8
93,3,moe,1355,33,6432,3550,3551,2670,170,0,41,0,723,8,5,3,8
93,4,moe,720,34,2368,553,553,1617,99,0,99,0,618,8,6,2,8
93,5,moe,786,36,9,0,0,0,0,0,9,0,602,8,8,0,8
93,6,moe,727,33,8,0,0,0,0,0,8,0,720,8,8,0,8
93,7,moe,659,30,3055,1398,1398,1526,100,0,31,0,605,8,6,2,8
93,8,moe,724,33,2065,1235,1235,760,50,0,20,0,608,8,7,1,8
93,9,moe,806,32,2534,1367,1367,1025,59,0,83,0,729,8,7,1,8
93,10,moe,724,41,10,0,0,0,0,0,10,0,608,8,8,0,8
93,11,moe,660,31,8,0,0,0,0,0,8,0,611,8,8,0,8
93,12,moe,737,38,8517,5634,5634,2665,169,0,49,0,723,8,5,3,8
93,13,moe,785,35,1217,267,267,843,49,0,58,0,619,8,7,1,8
93,14,moe,726,34,5062,2592,2592,2278,152,0,40,0,610,8,5,3,8
93,15,moe,661,34,4516,2418,2418,1896,117,0,85,0,723,8,6,2,8
93,16,moe,722,35,5094,2478,2478,2371,147,0,98,0,595,8,5,3,8
93,17,moe,781,34,2172,526,526,1521,98,0,27,0,607,8,6,2,8
93,18,moe,716,33,4634,2574,2574,1864,112,0,84,0,719,8,6,2,8
93,19,moe,643,31,6163,2725,2725,3134,201,0,103,0,598,8,4,4,8
93,20,moe,713,32,2209,565,565,1516,101,0,27,0,604,8,6,2,8
93,21,moe,787,32,7084,3084,3084,3670,230,0,100,0,719,8,4,4,8
93,22,moe,787,33,7380,3116,3116,3897,249,0,118,0,606,8,3,5,8
93,23,moe,650,37,7771,3794,3794,3647,223,1,106,0,716,8,4,4,8
93,24,moe,793,36,4889,2024,2024,2654,170,0,41,0,731,8,5,3,8
93,25,moe,849,34,10509,7611,7611,2685,170,0,43,0,721,8,5,3,8
93,26,moe,647,38,6224,2398,2399,3547,229,0,49,0,714,8,4,4,8
93,-1,epi,0,0,0,0,0,0,0,0,5675,0,0,0,0,0,0
94,-2,pre,211,0,0,0,0,0,0,0,0,0,0,0,0,0,0
94,0,dense,1421,34,0,0,0,0,0,0,0,0,0,0,0,0,0
94,1,moe,799,32,10254,5470,5472,4437,289,0,56,0,721,8,3,5,8
94,2,moe,721,32,11132,6352,6352,4440,282,0,58,0,716,8,3,5,8
94,3,moe,640,32,7104,3283,3284,3540,234,0,46,0,720,8,4,4,8
94,4,moe,2569,29,7870,4351,4351,3159,218,0,142,0,600,8,4,4,8
94,5,moe,2162,35,9611,5393,5393,3881,266,0,71,0,677,8,3,5,8
94,6,moe,1918,33,1417,305,305,973,56,0,83,0,729,8,7,1,8
94,7,moe,1369,32,8069,4604,4604,3153,201,0,111,0,664,8,4,4,8
94,8,moe,1856,31,6867,3498,3498,3111,204,0,54,0,639,8,4,4,8
94,9,moe,2222,31,8029,3960,3961,3724,223,0,121,0,720,8,4,4,8
94,10,moe,1892,33,8232,3988,3988,3877,245,0,122,0,596,8,3,5,8
94,11,moe,1382,31,5719,3250,3250,2278,148,0,43,0,597,8,5,3,8
94,12,moe,1840,34,8728,4731,4732,3656,227,0,113,0,716,8,4,4,8
94,13,moe,2211,31,4972,2390,2391,2342,147,0,92,0,594,8,5,3,8
94,14,moe,1807,45,6787,3505,3505,3041,195,0,46,0,597,8,4,4,8
94,15,moe,648,31,7868,3868,3868,3672,224,0,104,0,712,8,4,4,8
94,16,moe,711,30,6993,3538,3538,3152,196,0,107,0,596,8,4,4,8
94,17,moe,776,31,8800,4674,4674,3815,247,0,64,0,598,8,3,5,8
94,18,moe,713,30,6617,3586,3586,2761,171,0,99,0,718,8,5,3,8
94,19,moe,640,36,6901,3500,3500,3096,198,0,107,0,595,8,4,4,8
94,20,moe,707,31,4885,4046,4046,769,50,0,20,0,590,8,7,1,8
94,21,moe,775,30,11399,5509,5509,5432,337,0,121,0,726,8,2,6,8
94,22,moe,774,31,7989,3755,3755,3874,245,0,115,0,603,8,3,5,8
94,23,moe,640,34,6563,2586,2587,3667,228,0,81,0,716,8,4,4,8
94,24,moe,781,28,10749,5970,5970,4433,287,0,59,0,715,8,3,5,8
94,25,moe,790,31,7828,3987,3987,3558,233,0,50,0,718,8,4,4,8
94,26,moe,651,28,9977,5208,5208,4423,281,0,65,0,713,8,3,5,8
94,-1,epi,0,0,0,0,0,0,0,0,5629,0,0,0,0,0,0
95,-2,pre,209,0,0,0,0,0,0,0,0,0,0,0,0,0,0
95,0,dense,1422,33,0,0,0,0,0,0,0,0,0,0,0,0,0
95,1,moe,808,30,11151,6360,6361,4452,284,0,54,0,721,8,3,5,8
95,2,moe,707,29,4314,2400,2400,1768,113,0,33,0,723,8,6,2,8
95,3,moe,656,27,9935,5137,5137,4440,295,0,63,0,720,8,3,5,8
95,4,moe,704,29,3198,1432,1433,1589,102,0,74,0,591,8,6,2,8
95,5,moe,789,30,5707,3215,3216,2304,145,0,42,0,600,8,5,3,8
95,6,moe,708,32,4528,2433,2433,1884,117,0,94,0,716,8,6,2,8
95,7,moe,643,30,4020,2248,2248,1587,100,0,85,0,597,8,6,2,8
95,8,moe,717,29,4117,1645,1646,2282,147,0,42,0,591,8,5,3,8
95,9,moe,782,31,5771,2726,2726,2789,182,0,74,0,733,8,5,3,8
95,10,moe,710,30,8858,4580,4580,3893,245,0,140,0,593,8,3,5,8
95,11,moe,636,31,3025,1367,1367,1526,102,0,30,0,599,8,6,2,8
95,12,moe,712,31,3587,1501,1501,1887,117,1,81,0,720,8,6,2,8
95,13,moe,780,31,4021,2261,2261,1581,99,0,80,0,598,8,6,2,8
95,14,moe,715,29,6395,3111,3111,3041,196,0,47,0,599,8,4,4,8
95,15,moe,1311,32,5935,2905,2905,2769,173,0,88,0,712,8,5,3,8
95,16,moe,737,31,6988,3560,3560,3124,199,0,105,0,594,8,4,4,8
95,17,moe,775,29,5725,3241,3241,2288,150,0,46,0,593,8,5,3,8
95,18,moe,717,28,8765,4778,4779,3657,232,0,97,0,707,8,4,4,8
95,19,moe,633,28,5100,2472,2472,2377,150,0,101,0,588,8,5,3,8
95,20,moe,718,29,1114,282,282,763,51,0,18,0,591,8,7,1,8
95,21,moe,788,29,5894,2851,2851,2783,172,0,88,0,713,8,5,3,8
95,22,moe,780,28,3949,2204,2204,1586,98,1,60,0,593,8,6,2,8
95,23,moe,633,26,7084,3129,3129,3624,227,0,104,0,717,8,4,4,8
95,24,moe,778,33,8685,4838,4838,3559,236,0,52,0,707,8,4,4,8
95,25,moe,773,30,8815,4977,4977,3546,244,0,48,0,708,8,4,4,8
95,26,moe,628,27,9972,5192,5192,4420,295,0,65,0,711,8,3,5,8
95,-1,epi,0,0,0,0,0,0,0,0,5619,0,0,0,0,0,0
96,-2,pre,41,0,0,0,0,0,0,0,0,0,0,0,0,0,0
96,0,dense,1438,30,0,0,0,0,0,0,0,0,0,0,0,0,0
96,1,moe,786,28,12202,6457,6457,5329,347,0,69,0,716,8,2,6,8
96,2,moe,709,34,2836,914,914,1777,117,0,28,0,714,8,6,2,8
96,3,moe,645,29,8274,4430,4430,3560,235,0,49,0,713,8,4,4,8
96,4,moe,721,28,4498,1867,1867,2365,153,0,113,0,602,8,5,3,8
96,5,moe,789,27,8085,3956,3956,3820,252,0,57,0,616,8,3,5,8
96,6,moe,707,28,3648,1603,1603,1868,113,0,64,0,725,8,6,2,8
96,7,moe,650,26,5800,2358,2358,3126,200,0,116,0,596,8,4,4,8
96,8,moe,716,33,4126,2479,2479,1521,98,0,28,0,596,8,6,2,8
96,9,moe,781,30,6686,3623,3623,2792,171,0,100,0,720,8,5,3,8
96,10,moe,713,32,1590,627,627,840,51,0,72,0,599,8,7,1,8
96,11,moe,636,28,5055,2550,2550,2308,152,0,45,0,605,8,5,3,8
96,12,moe,709,31,10238,5269,5269,4567,288,0,114,0,720,8,3,5,8
96,13,moe,784,31,6601,3111,3111,3152,211,0,127,0,671,8,4,4,8
96,14,moe,726,33,1130,268,268,775,63,1,23,0,634,8,7,1,8
96,15,moe,689,27,3696,1547,1547,1926,124,0,99,0,728,8,6,2,8
96,16,moe,1124,32,8126,3884,3885,3865,246,0,130,0,603,8,3,5,8
96,17,moe,781,36,7083,3781,3781,3051,196,0,55,0,602,8,4,4,8
96,18,moe,707,31,3623,1504,1505,1921,112,0,85,0,714,8,6,2,8
96,19,moe,649,34,3225,1465,1465,1578,98,0,84,0,594,8,6,2,8
96,20,moe,708,31,4026,2362,2362,1533,99,0,32,0,593,8,6,2,8
96,21,moe,777,31,8672,4689,4689,3653,224,3,103,0,713,8,4,4,8
96,22,moe,777,232,1288,304,304,856,50,0,78,0,593,8,7,1,8
96,23,moe,645,40,2705,1599,1599,991,57,1,57,0,709,8,7,1,8
96,24,moe,781,33,4408,2487,2488,1773,115,0,32,0,716,8,6,2,8
96,25,moe,775,32,3518,1595,1595,1779,113,0,31,0,717,8,6,2,8
96,26,moe,638,32,3488,1575,1575,1772,113,0,28,0,715,8,6,2,8
96,-1,epi,0,0,0,0,0,0,0,0,5682,0,0,0,0,0,0
97,-2,pre,41,0,0,0,0,0,0,0,0,0,0,0,0,0,0
97,0,dense,1422,38,0,0,0,0,0,0,0,0,0,0,0,0,0
97,1,moe,798,35,9801,4051,4051,5335,342,0,73,0,727,8,2,6,8
97,2,moe,715,37,8591,4757,4757,3557,229,0,48,0,722,8,4,4,8
97,3,moe,646,33,7485,2696,2696,4452,280,0,57,0,725,8,3,5,8
97,4,moe,717,38,6439,3020,3020,3124,204,0,91,0,603,8,4,4,8
97,5,moe,801,40,4499,2017,2017,2295,148,0,39,0,593,8,5,3,8
97,6,moe,722,37,4626,2518,2518,1903,116,0,89,0,712,8,6,2,8
97,7,moe,645,34,5656,2249,2249,3105,198,0,104,0,593,8,4,4,8
97,8,moe,710,35,5327,2834,2834,2301,149,0,43,0,595,8,5,3,8
97,9,moe,780,35,4053,1013,1013,2766,172,3,99,0,714,8,5,3,8
97,10,moe,712,32,7236,3818,3818,3124,194,0,100,0,589,8,4,4,8
97,11,moe,631,33,3287,1637,1637,1521,102,0,27,0,590,8,6,2,8
97,12,moe,721,34,3732,1648,1648,1888,117,0,79,0,713,8,6,2,8
97,13,moe,778,34,3284,1459,1459,1634,104,0,87,0,595,8,6,2,8
97,14,moe,708,36,3114,1453,1453,1526,103,0,32,0,593,8,6,2,8
97,15,moe,644,37,5628,1657,1658,3640,225,0,105,0,722,8,4,4,8
97,16,moe,719,36,7072,3663,3663,3117,196,0,96,0,589,8,4,4,8
97,17,moe,778,38,5549,2247,2247,3053,198,0,51,0,592,8,4,4,8
97,18,moe,712,34,6657,3598,3598,2786,174,0,99,0,724,8,5,3,8
97,19,moe,648,38,7893,3653,3653,3883,244,0,113,0,596,8,3,5,8
97,20,moe,708,36,5155,2664,2664,2303,147,0,41,0,594,8,5,3,8
97,21,moe,773,37,6706,3693,3693,2751,169,0,93,0,712,8,5,3,8
97,22,moe,778,35,3196,1422,1423,1579,96,0,98,0,600,8,6,2,8
97,23,moe,639,31,1436,322,322,987,57,0,70,0,711,8,7,1,8
97,24,moe,782,33,9032,4261,4261,4432,287,0,52,0,716,8,3,5,8
97,25,moe,773,34,1294,322,322,893,60,0,19,0,716,8,7,1,8
97,26,moe,3534,35,8494,4655,4655,3558,231,0,50,0,709,8,4,4,8
97,-1,epi,0,0,0,0,0,0,0,0,5815,0,0,0,0,0,0
98,-2,pre,102,0,0,0,0,0,0,0,0,0,0,0,0,0,0
98,0,dense,1419,38,0,0,0,0,0,0,0,0,0,0,0,0,0
98,1,moe,2832,41,10030,5246,5246,4432,291,0,61,0,720,8,3,5,8
98,2,moe,2057,36,5614,2724,2724,2676,175,0,39,0,720,8,5,3,8
98,3,moe,637,32,2552,639,639,1766,119,0,28,0,722,8,6,2,8
98,4,moe,710,34,2143,1160,1160,847,50,0,86,0,593,8,7,1,8
98,5,moe,779,38,1104,273,273,762,48,0,21,0,602,8,7,1,8
98,6,moe,715,33,2406,1274,1274,998,58,0,76,0,722,8,7,1,8
98,7,moe,648,34,6321,4524,4524,1612,100,0,85,0,595,8,6,2,8
98,8,moe,718,34,2136,1302,1302,760,51,0,23,0,594,8,7,1,8
98,9,moe,786,35,1460,310,310,1023,58,0,69,0,715,8,7,1,8
98,10,moe,708,31,3445,1661,1661,1603,101,0,80,0,594,8,6,2,8
98,11,moe,642,41,1119,285,285,761,50,0,23,0,595,8,7,1,8
98,12,moe,718,42,7326,3321,3321,3676,227,0,102,0,716,8,4,4,8
98,13,moe,774,32,4845,2257,2257,2349,148,0,91,0,594,8,5,3,8
98,14,moe,713,33,6113,2823,2824,3049,193,0,47,0,601,8,4,4,8
98,15,moe,640,32,7865,3911,3911,3643,231,0,80,0,710,8,4,4,8
98,16,moe,711,34,8840,4577,4577,3893,251,0,119,0,598,8,3,5,8
98,17,moe,776,34,8436,4291,4292,3842,246,0,56,0,602,8,3,5,8
98,18,moe,708,38,10692,4797,4798,5430,336,0,128,0,719,8,2,6,8
98,19,moe,639,32,6429,3005,3005,3117,203,0,104,0,588,8,4,4,8
98,20,moe,703,33,6963,3671,3671,3044,195,0,53,0,594,8,4,4,8
98,21,moe,784,35,6992,3009,3010,3656,222,0,104,0,710,8,4,4,8
98,22,moe,774,35,3264,1492,1492,1590,99,0,83,0,593,8,6,2,8
98,23,moe,641,35,4425,2387,2387,1854,114,0,70,0,716,8,6,2,8
98,24,moe,775,34,7711,3867,3867,3555,241,0,48,0,712,8,4,4,8
98,25,moe,771,35,4773,1895,1895,2657,184,0,37,0,710,8,5,3,8
98,26,moe,632,32,10231,5419,5420,4431,305,0,75,0,717,8,3,5,8
98,-1,epi,0,0,0,0,0,0,0,0,5642,0,0,0,0,0,0
99,-2,pre,38,0,0,0,0,0,0,0,0,0,0,0,0,0,0
99,0,dense,1406,36,0,0,0,0,0,0,0,0,0,0,0,0,0
99,1,moe,2724,38,10833,6011,6011,4450,313,0,59,0,714,8,3,5,8
99,2,moe,5394,36,7135,3284,3284,3550,255,0,46,0,714,8,4,4,8
99,3,moe,11851,36,5905,2946,2946,2708,206,0,45,0,796,8,5,3,8
99,4,moe,5172,45,10834,5710,5710,4657,299,0,168,0,612,8,2,6,8
99,5,moe,6546,38,8840,4718,4718,3814,245,0,63,0,603,8,3,5,8
99,6,moe,2864,38,4330,2234,2234,1887,115,0,94,0,722,8,6,2,8
99,7,moe,640,37,4049,2245,2245,1619,98,0,87,0,599,8,6,2,8
99,8,moe,734,38,3132,1468,1469,1527,98,0,38,0,595,8,6,2,8
99,9,moe,794,35,7187,3212,3212,3637,225,2,111,0,724,8,4,4,8
99,10,moe,706,34,10032,5783,5784,3877,247,0,124,0,597,8,3,5,8
99,11,moe,643,34,7701,4402,4402,3050,200,1,48,0,602,8,4,4,8
99,12,moe,718,40,6937,3886,3886,2784,174,0,93,0,717,8,5,3,8
99,13,moe,779,34,10997,6728,6730,3908,243,0,116,0,599,8,3,5,8
99,14,moe,708,34,6840,3558,3558,3043,195,0,44,0,601,8,4,4,8
99,15,moe,638,37,6782,3731,3731,2801,171,0,79,0,717,8,5,3,8
99,16,moe,720,40,9092,4834,4835,3889,245,0,123,0,602,8,3,5,8
99,17,moe,777,34,8416,4313,4314,3801,244,0,57,0,605,8,3,5,8
99,18,moe,705,39,6631,3618,3618,2761,175,0,77,0,720,8,5,3,8
99,19,moe,640,204,12237,7150,7151,4662,291,1,132,0,603,8,2,6,8
99,20,moe,704,36,7751,4454,4454,3055,197,0,45,0,598,8,4,4,8
99,21,moe,784,47,7145,3135,3135,3666,226,0,118,0,724,8,4,4,8
99,22,moe,779,34,2137,1165,1165,837,51,0,84,0,594,8,7,1,8
99,23,moe,645,58,3578,1512,1512,1877,114,0,75,0,723,8,6,2,8
99,24,moe,778,39,7834,3988,3988,3561,225,0,60,0,721,8,4,4,8
99,25,moe,782,35,11095,7263,7263,3558,224,1,49,0,721,8,4,4,8
99,26,moe,633,36,5626,2744,2744,2675,168,0,39,0,726,8,5,3,8
99,-1,epi,0,0,0,0,0,0,0,0,5607,0,0,0,0,0,0
100,-2,pre,212,0,0,0,0,0,0,0,0,0,0,0,0,0,0
100,0,dense,1411,35,0,0,0,0,0,0,0,0,0,0,0,0,0
100,1,moe,804,34,8000,4172,4173,3552,226,0,49,0,724,8,4,4,8
100,2,moe,715,30,7816,3983,3983,3556,224,0,53,0,723,8,4,4,8
100,3,moe,637,29,9134,4366,4366,4431,280,0,57,0,719,8,3,5,8
100,4,moe,708,32,6065,3420,3420,2372,146,0,127,0,602,8,5,3,8
100,5,moe,787,29,4976,2506,2507,2281,147,0,41,0,606,8,5,3,8
100,6,moe,2411,30,8592,4612,4613,3666,230,0,83,0,718,8,4,4,8
100,7,moe,11902,30,11487,6401,6401,4655,297,0,134,0,604,8,2,6,8
100,8,moe,6716,31,1977,1141,1141,764,51,0,21,0,593,8,7,1,8
100,9,moe,6509,32,4827,1781,1781,2769,173,0,104,0,716,8,5,3,8
100,10,moe,3366,31,7716,4296,4296,3104,200,0,116,0,600,8,4,4,8
100,11,moe,4691,29,7565,4256,4256,3067,197,0,45,0,596,8,4,4,8
100,12,moe,707,29,8696,4721,4721,3639,225,0,111,0,717,8,4,4,8
100,13,moe,769,29,5123,2522,2522,2350,147,0,104,0,601,8,5,3,8
100,14,moe,728,33,9511,5394,5394,3814,245,0,58,0,609,8,3,5,8
100,15,moe,635,28,5777,2758,2758,2757,167,0,95,0,714,8,5,3,8
100,16,moe,707,29,11112,5240,5240,5395,342,0,135,0,601,8,1,7,8
100,17,moe,778,34,5833,3363,3363,2283,148,0,39,0,595,8,5,3,8
100,18,moe,705,30,7950,3945,3945,3662,233,0,110,0,716,8,4,4,8
100,19,moe,634,32,10252,5193,5193,4633,293,0,133,0,619,8,2,6,8
100,20,moe,709,32,11986,6215,6215,5347,352,0,72,0,594,8,1,7,8
100,21,moe,781,32,5853,2851,2851,2757,170,0,75,0,712,8,5,3,8
100,22,moe,771,33,8004,3736,3736,3894,247,0,127,0,603,8,3,5,8
100,23,moe,639,28,5034,1966,1966,2801,175,0,92,0,713,8,5,3,8
100,24,moe,783,29,8175,3400,3400,4430,288,0,57,0,720,8,3,5,8
100,25,moe,775,31,10121,5346,5347,4425,287,0,62,0,726,8,3,5,8
100,26,moe,630,28,7108,3294,3294,3540,226,0,48,0,715,8,4,4,8
100,-1,epi,0,0,0,0,0,0,0,0,5597,0,0,0,0,0,0
101,-2,pre,46,0,0,0,0,0,0,0,0,0,0,0,0,0,0
101,0,dense,1427,36,0,0,0,0,0,0,0,0,0,0,0,0,0
101,1,moe,806,34,11664,5900,5901,5345,349,0,69,0,718,8,2,6,8
101,2,moe,722,39,6408,3444,3444,2722,197,0,45,0,785,8,5,3,8
101,3,moe,838,41,12847,4316,4317,8170,294,0,66,0,718,8,3,5,8
101,4,moe,713,33,3210,1404,1404,1625,100,0,81,0,640,8,6,2,8
101,5,moe,810,35,1116,274,274,770,49,0,23,0,602,8,7,1,8
101,6,moe,758,33,2375,1233,1233,993,59,0,90,0,720,8,7,1,8
101,7,moe,726,33,3284,1477,1478,1597,100,0,109,0,618,8,6,2,8
101,8,moe,743,38,1980,1129,1129,777,53,0,21,0,594,8,7,1,8
101,9,moe,786,32,1670,499,499,1031,59,0,81,0,718,8,7,1,8
101,10,moe,730,33,9,0,0,0,0,0,9,0,615,8,8,0,8
101,11,moe,4430,30,3810,1161,1161,2393,145,0,111,0,642,8,5,3,8
101,12,moe,6663,32,4573,2490,2490,1876,118,0,89,0,738,8,6,2,8
101,13,moe,4985,77,5105,2433,2433,2404,147,0,121,0,634,8,5,3,8
101,14,moe,740,34,7852,4504,4504,3099,196,0,53,0,598,8,4,4,8
101,15,moe,658,33,6396,2335,2335,3730,225,0,106,0,726,8,4,4,8
101,16,moe,722,41,9016,3932,3933,4656,296,0,131,0,606,8,2,6,8
101,17,moe,778,32,5420,2125,2125,3051,195,0,49,0,601,8,4,4,8
101,18,moe,710,31,6696,3628,3628,2791,171,0,106,0,722,8,5,3,8
101,19,moe,640,34,7173,3763,3763,3106,197,0,107,0,600,8,4,4,8
101,20,moe,706,31,9486,4557,4558,4568,294,0,66,0,603,8,2,6,8
101,21,moe,778,32,6846,2860,2860,3650,224,0,112,0,715,8,4,4,8
101,22,moe,775,31,2128,1168,1168,835,49,0,76,0,609,8,7,1,8
101,23,moe,635,30,4587,2538,2538,1863,113,0,73,0,716,8,6,2,8
101,24,moe,779,33,7788,2744,2744,4827,173,1,43,0,722,8,5,3,8
101,25,moe,781,34,14435,6029,6029,8058,285,0,63,0,722,8,3,5,8
101,26,moe,635,33,8506,3734,3734,4432,283,0,57,0,731,8,3,5,8
101,-1,epi,0,0,0,0,0,0,0,0,5598,0,0,0,0,0,0
102,-2,pre,192,0,0,0,0,0,0,0,0,0,0,0,0,0,0
102,0,dense,1413,34,0,0,0,0,0,0,0,0,0,0,0,0,0
102,1,moe,803,35,6717,3830,3830,2665,176,0,46,0,721,8,5,3,8
102,2,moe,716,33,10926,6129,6130,4453,285,0,58,0,724,8,3,5,8
102,3,moe,631,36,10623,5838,5838,4451,278,0,56,0,729,8,3,5,8
102,4,moe,715,35,10,0,0,0,0,0,10,0,590,8,8,0,8
102,5,moe,782,30,2721,1119,1119,1482,52,0,68,0,596,8,7,1,8
102,6,moe,716,30,6776,3709,3709,2790,169,0,108,0,717,8,5,3,8
102,7,moe,638,34,4401,1769,1770,2370,148,0,113,0,606,8,5,3,8
102,8,moe,722,29,2043,1201,1201,769,52,0,21,0,603,8,7,1,8
102,9,moe,780,32,6729,3705,3705,2757,171,0,96,0,713,8,5,3,8
102,10,moe,714,28,10921,5832,5832,4652,296,0,141,0,604,8,2,6,8
102,11,moe,644,32,4975,2482,2482,2300,149,0,44,0,596,8,5,3,8
102,12,moe,708,31,5714,2677,2677,2771,170,0,96,0,719,8,5,3,8
102,13,moe,2316,32,1263,287,287,848,52,0,76,0,593,8,7,1,8
102,14,moe,6580,30,10266,4475,4475,5542,198,0,51,0,596,8,4,4,8
102,15,moe,11624,30,7803,3809,3809,3661,228,0,105,0,722,8,4,4,8
102,16,moe,5286,29,5834,3217,3218,2377,145,0,94,0,595,8,5,3,8
102,17,moe,799,42,8814,6344,6344,2283,147,0,40,0,590,8,5,3,8
102,18,moe,705,35,6776,3752,3752,2760,171,0,93,0,711,8,5,3,8
102,19,moe,638,35,10435,4455,4455,5672,198,0,110,0,592,8,4,4,8
102,20,moe,712,32,7976,4690,4690,3041,195,0,50,0,601,8,4,4,8
102,21,moe,776,36,8141,4151,4151,3655,229,0,106,0,715,8,4,4,8
102,22,moe,786,34,10280,5190,5190,4651,300,0,139,0,595,8,2,6,8
102,23,moe,631,34,4458,2398,2399,1867,116,0,76,0,713,8,6,2,8
102,24,moe,780,34,9919,5157,5157,4425,282,0,55,0,719,8,3,5,8
102,25,moe,774,37,9147,4376,4378,4429,282,0,58,0,718,8,3,5,8
102,26,moe,639,32,8514,3746,3746,4427,282,0,59,0,721,8,3,5,8
102,-1,epi,0,0,0,0,0,0,0,0,5577,0,0,0,0,0,0
103,-2,pre,40,0,0,0,0,0,0,0,0,0,0,0,0,0,0
103,0,dense,1446,36,0,0,0,0,0,0,0,0,0,0,0,0,0
103,1,moe,798,35,7920,4088,4088,3550,226,0,56,0,720,8,4,4,8
103,2,moe,718,33,4528,2620,2621,1765,112,0,30,0,711,8,6,2,8
103,3,moe,633,35,7868,4041,4041,3556,225,0,46,0,725,8,4,4,8
103,4,moe,709,36,7935,3386,3386,4281,151,0,117,0,606,8,5,3,8
103,5,moe,781,36,5041,2151,2151,2758,102,0,30,0,594,8,6,2,8
103,6,moe,709,34,2396,1245,1245,1010,60,0,81,0,708,8,7,1,8
103,7,moe,630,36,2308,554,554,1592,99,0,63,0,595,8,6,2,8
103,8,moe,711,36,1927,1083,1083,772,52,0,20,0,596,8,7,1,8
103,9,moe,780,33,4619,2510,2510,1907,112,0,90,0,714,8,6,2,8
103,10,moe,712,35,5105,2498,2498,2366,146,0,95,0,597,8,5,3,8
103,11,moe,633,31,3899,2201,2201,1549,117,0,32,0,592,8,6,2,8
103,12,moe,711,36,3078,1192,1192,1725,65,0,96,0,777,8,7,1,8
103,13,moe,790,37,5265,2176,2176,2869,109,0,111,0,609,8,6,2,8
103,14,moe,736,38,3025,1344,1344,1540,106,0,35,0,611,8,6,2,8
103,15,moe,639,37,6171,2539,2539,3424,115,0,93,0,728,8,6,2,8
103,16,moe,1413,39,3188,1385,1385,1605,99,0,99,0,605,8,6,2,8
103,17,moe,784,37,10,0,0,0,0,0,10,0,605,8,8,0,8
103,18,moe,712,35,10,0,0,0,0,0,10,0,722,8,8,0,8
103,19,moe,654,39,1717,269,269,1377,49,0,22,0,610,8,7,1,8
103,20,moe,733,38,3962,2303,2303,1522,101,0,36,0,599,8,6,2,8
103,21,moe,799,38,8050,2774,2774,4990,174,0,112,0,717,8,5,3,8
103,22,moe,780,37,8323,5288,5288,2850,99,0,86,0,595,8,6,2,8
103,23,moe,628,32,7984,2737,2737,4981,170,0,96,0,710,8,5,3,8
103,24,moe,777,40,9028,2322,2322,6428,231,0,47,0,720,8,4,4,8
103,25,moe,784,37,2962,1275,1275,1606,61,0,20,0,726,8,7,1,8
103,26,moe,654,37,3519,1595,1595,1775,119,0,30,0,726,8,6,2,8
103,-1,epi,0,0,0,0,0,0,0,0,5635,0,0,0,0,0,0
104,-2,pre,199,0,0,0,0,0,0,0,0,0,0,0,0,0,0
104,0,dense,1429,39,0,0,0,0,0,0,0,0,0,0,0,0,0
104,1,moe,804,33,7083,3225,3225,3557,238,0,63,0,723,8,4,4,8
104,2,moe,712,35,3495,1564,1564,1777,124,0,30,0,726,8,6,2,8
104,3,moe,647,33,10607,3894,3894,6436,225,0,52,0,721,8,4,4,8
104,4,moe,708,33,2793,1148,1148,1505,50,0,90,0,603,8,7,1,8
104,5,moe,785,34,10198,4440,4440,5513,195,0,50,0,598,8,4,4,8
104,6,moe,707,34,2367,1219,1219,1009,58,0,81,0,723,8,7,1,8
104,7,moe,649,33,7696,3224,3224,4225,148,0,99,0,597,8,5,3,8
104,8,moe,706,34,7669,3332,3332,4151,145,0,41,0,593,8,5,3,8
104,9,moe,780,35,9179,3821,3821,5088,170,0,100,0,709,8,5,3,8
104,10,moe,709,41,7136,2617,2617,4262,148,0,109,0,594,8,5,3,8
104,11,moe,627,34,9418,3666,3666,5513,196,0,43,0,592,8,4,4,8
104,12,moe,719,38,8974,3735,3735,4970,168,0,101,0,710,8,5,3,8
104,13,moe,776,34,9800,5565,5565,3887,247,0,101,0,618,8,3,5,8
104,14,moe,708,34,10339,4566,4566,5526,199,0,48,0,589,8,4,4,8
104,15,moe,628,32,5981,2389,2390,3383,113,0,95,0,704,8,6,2,8
104,16,moe,705,36,13017,4190,4191,8402,291,0,133,0,592,8,2,6,8
104,17,moe,775,35,6837,2515,2516,4133,147,0,41,0,599,8,5,3,8
104,18,moe,708,33,6064,2514,2514,3347,113,0,90,0,710,8,6,2,8
104,19,moe,634,31,4451,1413,1413,2857,98,0,83,0,598,8,6,2,8
104,20,moe,707,32,5066,2172,2172,2760,102,0,32,0,592,8,6,2,8
104,21,moe,786,36,6006,2441,2441,3360,114,0,91,0,716,8,6,2,8
104,22,moe,772,45,9451,3530,3531,5614,195,0,111,0,603,8,4,4,8
104,23,moe,635,38,10891,3984,3984,6580,228,0,99,0,715,8,4,4,8
104,24,moe,779,33,12758,4361,4361,8049,286,0,62,0,720,8,3,5,8
104,25,moe,785,37,5767,2891,2891,2663,174,0,39,0,723,8,5,3,8
104,26,moe,638,35,9229,2513,2513,6434,233,0,49,0,710,8,4,4,8
104,-1,epi,0,0,0,0,0,0,0,0,5555,0,0,0,0,0,0
105,-2,pre,38,0,0,0,0,0,0,0,0,0,0,0,0,0,0
105,0,dense,1426,37,0,0,0,0,0,0,0,0,0,0,0,0,0
105,1,moe,794,34,10897,6099,6099,4452,288,0,58,0,717,8,3,5,8
105,2,moe,707,34,6428,3532,3532,2667,182,0,47,0,722,8,5,3,8
105,3,moe,638,35,5790,2382,2382,3257,117,0,34,0,714,8,6,2,8
105,4,moe,708,33,6437,1918,1918,4260,152,0,107,0,598,8,5,3,8
105,5,moe,783,41,4374,1485,1485,2759,99,0,31,0,592,8,6,2,8
105,6,moe,718,34,10049,3103,3104,6610,222,0,113,0,714,8,4,4,8
105,7,moe,633,32,6959,2521,2521,4195,144,0,99,0,596,8,5,3,8
105,8,moe,706,32,6974,2640,2640,4144,146,0,44,0,590,8,5,3,8
105,9,moe,773,33,7927,2666,2666,4996,170,0,95,0,711,8,5,3,8
105,10,moe,709,32,9643,3699,3699,5637,195,0,112,0,600,8,4,4,8
105,11,moe,630,35,11931,4736,4737,6894,245,0,55,0,595,8,3,5,8
105,12,moe,703,34,8958,5439,5439,3313,114,0,92,0,706,8,6,2,8
105,13,moe,769,35,5284,2233,2233,2861,100,0,90,0,590,8,6,2,8
105,14,moe,765,33,13733,7957,7957,5534,195,0,47,0,596,8,4,4,8
105,15,moe,624,33,3106,1214,1214,1759,56,0,77,0,705,8,7,1,8
105,16,moe,3518,40,6907,2429,2429,4225,147,0,106,0,586,8,5,3,8
105,17,moe,7512,36,5682,3205,3205,2286,146,0,45,0,598,8,5,3,8
105,18,moe,705,34,7926,2685,2685,4969,170,0,102,0,708,8,5,3,8
105,19,moe,663,39,4334,2509,2509,1610,107,0,108,0,654,8,6,2,8
105,20,moe,717,46,3933,2231,2232,1556,110,0,35,0,620,8,6,2,8
105,21,moe,784,35,3118,987,988,1909,125,0,96,0,729,8,6,2,8
105,22,moe,784,39,2685,1112,1113,1436,49,0,87,0,598,8,7,1,8
105,23,moe,642,29,3011,1195,1195,1691,56,0,69,0,720,8,7,1,8
105,24,moe,785,33,9143,2401,2401,6459,226,0,57,0,722,8,4,4,8
105,25,moe,776,32,4953,1585,1585,3212,113,0,43,0,714,8,6,2,8
105,26,moe,640,30,4365,1487,1487,2666,172,0,40,0,723,8,5,3,8
105,-1,epi,0,0,0,0,0,0,0,0,5612,0,0,0,0,0,0
106,-2,pre,214,0,0,0,0,0,0,0,0,0,0,0,0,0,0
106,0,dense,1413,34,0,0,0,0,0,0,0,0,0,0,0,0,0
106,1,moe,803,31,5650,2761,2761,2674,175,0,40,0,729,8,5,3,8
106,2,moe,719,31,7800,3953,3953,3562,230,0,55,0,720,8,4,4,8
106,3,moe,638,30,12996,4586,4586,8070,280,0,60,0,718,8,3,5,8
106,4,moe,708,35,2820,1176,1176,1499,48,1,96,0,592,8,7,1,8
106,5,moe,776,31,7591,3259,3259,4141,148,0,43,0,590,8,5,3,8
106,6,moe,708,29,10,0,0,0,0,0,10,0,709,8,8,0,8
106,7,moe,637,28,8708,2916,2916,5546,198,0,48,0,594,8,4,4,8
106,8,moe,722,36,7315,2994,2994,4131,151,0,39,0,594,8,5,3,8
106,9,moe,791,30,9139,3851,3851,5006,175,0,107,0,709,8,5,3,8
106,10,moe,709,28,8602,2707,2707,5578,201,0,116,0,597,8,4,4,8
106,11,moe,637,46,7002,3709,3709,3045,198,0,50,0,596,8,4,4,8
106,12,moe,705,30,1461,339,339,976,57,0,89,0,709,8,7,1,8
106,13,moe,778,30,5977,3394,3394,2351,147,0,85,0,604,8,5,3,8
106,14,moe,711,29,5063,2583,2583,2288,145,0,47,0,594,8,5,3,8
106,15,moe,649,28,10694,4815,4815,5411,336,0,132,0,720,8,2,6,8
106,16,moe,720,35,2676,886,886,1589,102,0,99,0,590,8,6,2,8
106,17,moe,784,33,5008,2538,2538,2284,146,0,40,0,597,8,5,3,8
106,18,moe,7696,30,3578,1490,1490,1882,114,0,92,0,714,8,6,2,8
106,19,moe,5788,31,8679,2758,2758,5609,199,0,113,0,598,8,4,4,8
106,20,moe,709,30,3107,1437,1437,1536,102,0,32,0,597,8,6,2,8
106,21,moe,776,32,4975,1917,1917,2787,169,0,102,0,720,8,5,3,8
106,22,moe,783,29,3832,2046,2046,1596,99,0,91,0,604,8,6,2,8
106,23,moe,655,30,5230,2220,2220,2752,168,0,90,0,711,8,5,3,8
106,24,moe,783,32,11383,5668,5668,5312,339,0,64,0,715,8,2,6,8
106,25,moe,773,28,6952,3145,3145,3535,223,0,49,0,717,8,4,4,8
106,26,moe,641,34,4780,1920,1921,2648,171,0,40,0,716,8,5,3,8
106,-1,epi,0,0,0,0,0,0,0,0,5597,0,0,0,0,0,0
107,-2,pre,251,0,0,0,0,0,0,0,0,0,0,0,0,0,0
107,0,dense,1401,31,0,0,0,0,0,0,0,0,0,0,0,0,0
107,1,moe,800,28,10283,4513,4513,5358,342,0,70,0,723,8,2,6,8
107,2,moe,724,31,7151,3331,3331,3536,232,0,52,0,723,8,4,4,8
107,3,moe,641,28,3438,1522,1522,1770,115,1,30,0,714,8,6,2,8
107,4,moe,713,29,5161,2523,2523,2368,150,0,120,0,600,8,5,3,8
107,5,moe,779,30,2070,1239,1239,762,49,0,20,0,597,8,7,1,8
107,6,moe,710,28,2358,1230,1230,994,56,0,78,0,715,8,7,1,8
107,7,moe,640,33,10,0,0,0,0,0,10,0,600,8,8,0,8
107,8,moe,732,29,1248,267,267,840,50,0,91,0,607,8,7,1,8
107,9,moe,788,29,5756,2734,2734,2755,170,0,97,0,748,8,5,3,8
107,10,moe,718,28,4098,2302,2302,1605,99,0,92,0,595,8,6,2,8
107,11,moe,642,27,6871,3586,3588,3041,196,0,46,0,599,8,4,4,8
107,12,moe,715,28,4512,2451,2451,1861,114,0,86,0,716,8,6,2,8
107,13,moe,775,28,2112,1150,1150,836,49,0,77,0,595,8,7,1,8
107,14,moe,708,28,7539,4225,4225,3066,196,0,52,0,598,8,4,4,8
107,15,moe,646,27,4366,2276,2277,1891,116,0,82,0,715,8,6,2,8
107,16,moe,710,33,4286,1697,1697,2348,145,0,96,0,599,8,5,3,8
107,17,moe,783,34,4125,1653,1653,2284,147,0,41,0,592,8,5,3,8
107,18,moe,718,29,9243,4301,4301,4534,296,0,112,0,716,8,3,5,8
107,19,moe,3705,30,4959,2373,2373,2339,149,0,98,0,600,8,5,3,8
107,20,moe,705,29,3895,2239,2239,1528,100,0,28,0,593,8,6,2,8
107,21,moe,781,30,3670,1595,1596,1873,115,0,86,0,723,8,6,2,8
107,22,moe,785,29,2124,1159,1159,838,50,0,77,0,595,8,7,1,8
107,23,moe,639,30,2234,323,323,1792,59,0,60,0,716,8,7,1,8
107,24,moe,779,28,5596,2713,2713,2662,171,0,50,0,723,8,5,3,8
107,25,moe,779,32,3492,1578,1578,1770,113,0,31,0,712,8,6,2,8
107,26,moe,642,30,10,0,0,0,0,0,10,0,727,8,8,0,8
107,-1,epi,0,0,0,0,0,0,0,0,5676,0,0,0,0,0,0
108,-2,pre,211,0,0,0,0,0,0,0,0,0,0,0,0,0,0
108,0,dense,1424,35,0,0,0,0,0,0,0,0,0,0,0,0,0
108,1,moe,804,35,5654,2782,2782,2660,170,0,42,0,719,8,5,3,8
108,2,moe,717,32,6551,3668,3668,2669,172,0,42,0,727,8,5,3,8
108,3,moe,648,31,11296,5545,5545,5345,336,0,70,0,723,8,2,6,8
108,4,moe,718,29,2183,1184,1184,849,51,0,99,0,594,8,7,1,8
108,5,moe,784,31,4129,1639,1639,2300,153,0,37,0,609,8,5,3,8
108,6,moe,717,33,9,0,0,0,0,0,9,0,716,8,8,0,8
108,7,moe,657,27,3033,1375,1375,1528,101,0,29,0,600,8,6,2,8
108,8,moe,721,29,4115,2460,2460,1528,97,0,30,0,603,8,6,2,8
108,9,moe,788,35,3651,1553,1553,1881,115,3,99,0,722,8,6,2,8
108,10,moe,712,29,6979,3561,3561,3111,195,0,112,0,608,8,4,4,8
108,11,moe,671,31,10544,7235,7236,3058,196,0,54,0,593,8,4,4,8
108,12,moe,710,32,4540,2413,2413,1905,125,0,97,0,737,8,6,2,8
108,13,moe,760,38,6667,3984,3984,2379,160,0,144,0,644,8,5,3,8
108,14,moe,744,39,6863,4375,4375,2294,147,0,47,0,602,8,5,3,8
108,15,moe,652,36,6985,2948,2948,3668,226,0,143,0,722,8,4,4,8
108,16,moe,725,36,3208,1407,1407,1602,101,0,98,0,599,8,6,2,8
108,17,moe,791,37,8142,4028,4029,3805,249,0,59,0,606,8,3,5,8
108,18,moe,715,36,5790,2763,2763,2754,171,0,102,0,719,8,5,3,8
108,19,moe,639,41,6293,2848,2848,3131,199,0,115,0,600,8,4,4,8
108,20,moe,719,34,4176,1704,1704,2287,144,0,41,0,602,8,5,3,8
108,21,moe,789,35,8432,3511,3511,4526,279,0,116,0,720,8,3,5,8
108,22,moe,789,38,5954,3343,3344,2352,147,0,111,0,604,8,5,3,8
108,23,moe,643,36,4649,2573,2573,1877,117,0,82,0,723,8,6,2,8
108,24,moe,780,35,10010,5205,5206,4453,292,0,59,0,719,8,3,5,8
108,25,moe,783,37,5596,2684,2685,2667,175,0,69,0,725,8,5,3,8
108,26,moe,646,32,2527,610,610,1769,117,0,31,0,722,8,6,2,8
108,-1,epi,0,0,0,0,0,0,0,0,5654,0,0,0,0,0,0
109,-2,pre,165,0,0,0,0,0,0,0,0,0,0,0,0,0,0
109,0,dense,1416,41,0,0,0,0,0,0,0,0,0,0,0,0,0
109,1,moe,803,41,12497,5804,5805,6214,399,0,79,0,728,8,1,7,8
109,2,moe,709,37,10120,5282,5282,4483,289,0,66,0,730,8,3,5,8
109,3,moe,643,37,12253,6499,6499,5336,350,0,68,0,725,8,2,6,8
109,4,moe,706,35,7046,3603,3603,3119,197,0,127,0,602,8,4,4,8
109,5,moe,784,35,7769,4464,4464,3055,200,0,50,0,595,8,4,4,8
109,6,moe,728,39,4591,2497,2497,1912,115,0,67,0,719,8,6,2,8
109,7,moe,634,33,7918,4504,4505,3104,194,0,115,0,602,8,4,4,8
109,8,moe,711,34,4430,1951,1951,2285,150,0,44,0,598,8,5,3,8
109,9,moe,777,35,10095,5144,5144,4542,284,0,125,0,716,8,3,5,8
109,10,moe,704,34,8466,5868,5868,2340,149,0,109,0,601,8,5,3,8
109,11,moe,640,39,12707,6937,6937,5346,346,0,78,0,600,8,1,7,8
109,12,moe,705,35,9924,4015,4015,5432,341,0,136,0,712,8,2,6,8
109,13,moe,771,33,7166,3741,3741,3109,201,0,115,0,605,8,4,4,8
109,14,moe,707,37,8434,3491,3491,4568,302,0,73,0,621,8,2,6,8
109,15,moe,648,32,11479,5575,5575,5439,338,0,127,0,718,8,2,6,8
109,16,moe,718,38,12692,5971,5971,6179,389,0,153,0,604,8,0,8,8
109,17,moe,778,34,9149,4230,4230,4557,293,0,69,0,602,8,2,6,8
109,18,moe,716,33,7409,3399,3399,3675,225,0,110,0,720,8,4,4,8
109,19,moe,631,45,9603,3702,3702,5406,349,0,146,0,598,8,1,7,8
109,20,moe,720,38,10229,5268,5268,4592,297,0,72,0,599,8,2,6,8
109,21,moe,783,34,11377,5476,5476,5432,335,0,134,0,717,8,2,6,8
109,22,moe,777,34,7715,2639,2639,4648,294,0,134,0,596,8,2,6,8
109,23,moe,636,32,6310,2329,2329,3655,225,0,101,0,713,8,4,4,8
109,24,moe,784,38,7607,2844,2844,4427,279,0,57,0,713,8,3,5,8
109,25,moe,770,33,10119,3460,3460,6187,397,0,75,0,724,8,1,7,8
109,26,moe,652,35,8615,2889,2889,5319,341,0,66,0,731,8,2,6,8
109,-1,epi,0,0,0,0,0,0,0,0,5590,0,0,0,0,0,0
110,-2,pre,211,0,0,0,0,0,0,0,0,0,0,0,0,0,0
110,0,dense,1414,42,0,0,0,0,0,0,0,0,0,0,0,0,0
110,1,moe,809,40,5090,2215,2215,2663,173,0,39,0,721,8,5,3,8
110,2,moe,720,36,8839,4996,4996,3567,227,0,49,0,716,8,4,4,8
110,3,moe,644,34,6294,2469,2469,3551,228,0,46,0,721,8,4,4,8
110,4,moe,711,33,7452,3203,3203,3869,246,0,134,0,594,8,3,5,8
110,5,moe,773,35,3066,1405,1405,1525,101,0,35,0,598,8,6,2,8
110,6,moe,713,40,4513,2401,2401,1897,118,0,97,0,718,8,6,2,8
110,7,moe,634,33,6039,3416,3416,2366,151,0,106,0,599,8,5,3,8
110,8,moe,711,33,6984,3689,3689,3049,198,0,48,0,599,8,4,4,8
110,9,moe,784,35,7925,3959,3959,3638,225,0,103,0,719,8,4,4,8
110,10,moe,706,33,5287,2694,2694,2344,149,0,100,0,598,8,5,3,8
110,11,moe,635,33,7100,2992,2992,3805,251,0,52,0,604,8,3,5,8
110,12,moe,705,33,1450,314,314,1003,58,0,75,0,721,8,7,1,8
110,13,moe,776,35,2386,570,570,1624,100,0,92,0,592,8,6,2,8
110,14,moe,723,34,1973,1131,1131,769,49,0,24,0,601,8,7,1,8
110,15,moe,645,33,6738,2751,2751,3662,224,0,101,0,718,8,4,4,8
110,16,moe,716,35,3451,1655,1655,1606,104,0,86,0,594,8,6,2,8
110,17,moe,775,37,1104,270,270,764,50,1,19,0,594,8,7,1,8
110,18,moe,710,35,4965,1922,1923,2769,171,0,102,0,717,8,5,3,8
110,19,moe,634,32,11492,5450,5450,5514,377,0,151,0,674,8,1,7,8
110,20,moe,714,45,12070,4784,4784,6961,258,0,67,0,607,8,3,5,8
110,21,moe,787,39,9331,4364,4364,4549,278,0,140,0,722,8,3,5,8
110,22,moe,785,37,6247,2806,2806,3116,196,0,129,0,604,8,4,4,8
110,23,moe,642,36,5802,2751,2751,2772,174,0,105,0,725,8,5,3,8
110,24,moe,780,37,7827,3980,3980,3555,231,0,61,0,721,8,4,4,8
110,25,moe,777,35,7800,3956,3956,3566,227,0,51,0,721,8,4,4,8
110,26,moe,637,34,9384,4622,4622,4423,280,0,59,0,716,8,3,5,8
110,-1,epi,0,0,0,0,0,0,0,0,5611,0,0,0,0,0,0
111,-2,pre,41,0,0,0,0,0,0,0,0,0,0,0,0,0,0
111,0,dense,1439,37,0,0,0,0,0,0,0,0,0,0,0,0,0
111,1,moe,796,35,6282,3404,3405,2662,170,0,45,0,724,8,5,3,8
111,2,moe,731,35,8905,5097,5097,3534,226,0,48,0,721,8,4,4,8
111,3,moe,639,36,3856,959,959,2685,171,0,41,0,722,8,5,3,8
111,4,moe,708,33,2188,1206,1206,832,53,0,97,0,601,8,7,1,8
111,5,moe,787,35,3996,2315,2316,1548,99,0,33,0,593,8,6,2,8
111,6,moe,716,34,2365,1226,1226,995,61,0,83,0,714,8,7,1,8
111,7,moe,638,33,3200,1436,1436,1576,98,0,90,0,597,8,6,2,8
111,8,moe,713,201,1127,287,287,766,51,0,23,0,604,8,7,1,8
111,9,moe,785,33,3190,2053,2053,1003,58,0,76,0,713,8,7,1,8
111,10,moe,715,40,1836,287,287,1443,50,0,56,0,599,8,7,1,8
111,11,moe,640,32,3146,1494,1494,1524,100,0,28,0,595,8,6,2,8
111,12,moe,714,33,2314,1181,1181,1000,56,0,77,0,714,8,7,1,8
111,13,moe,788,34,4051,2265,2265,1595,102,0,89,0,607,8,6,2,8
111,14,moe,718,35,1271,430,430,772,49,0,20,0,607,8,7,1,8
111,15,moe,642,31,8,0,0,0,0,0,8,0,723,8,8,0,8
111,16,moe,722,33,3879,2224,2224,1526,98,0,31,0,602,8,6,2,8
111,17,moe,788,41,4941,2479,2479,2275,145,0,42,0,600,8,5,3,8
111,18,moe,711,29,4445,2356,2357,1873,114,0,101,0,715,8,6,2,8
111,19,moe,639,32,4049,2259,2259,1600,100,0,90,0,600,8,6,2,8
111,20,moe,715,29,6361,3067,3067,3050,195,0,49,0,604,8,4,4,8
111,21,moe,782,31,7233,3229,3229,3661,229,0,114,0,719,8,4,4,8
111,22,moe,775,29,5106,2457,2457,2395,147,0,107,0,594,8,5,3,8
111,23,moe,641,34,4657,2550,2550,1908,114,0,85,0,718,8,6,2,8
111,24,moe,786,34,9826,5038,5038,4445,282,0,61,0,724,8,3,5,8
111,25,moe,779,32,5571,2699,2701,2664,165,0,41,0,727,8,5,3,8
111,26,moe,641,30,10599,4876,4876,5317,338,0,68,0,730,8,2,6,8
111,-1,epi,0,0,0,0,0,0,0,0,5629,0,0,0,0,0,0
112,-2,pre,204,0,0,0,0,0,0,0,0,0,0,0,0,0,0
112,0,dense,1413,36,0,0,0,0,0,0,0,0,0,0,0,0,0
112,1,moe,799,31,8182,4348,4348,3557,227,0,50,0,725,8,4,4,8
112,2,moe,711,30,10030,5138,5138,4516,312,0,64,0,731,8,3,5,8
112,3,moe,649,30,7175,3278,3278,3601,244,0,52,0,762,8,4,4,8
112,4,moe,731,37,4784,2026,2026,2495,165,1,97,0,633,8,5,3,8
112,5,moe,784,38,8901,5591,5591,3058,196,0,56,0,598,8,4,4,8
112,6,moe,708,34,8793,4747,4748,3687,227,0,131,0,718,8,4,4,8
112,7,moe,646,31,5133,2500,2500,2364,152,0,117,0,598,8,5,3,8
112,8,moe,716,35,2001,1148,1148,768,61,0,24,0,594,8,7,1,8
112,9,moe,781,34,8743,4771,4771,3639,237,0,96,0,713,8,4,4,8
112,10,moe,706,32,4563,1945,1945,2350,146,0,122,0,593,8,5,3,8
112,11,moe,653,28,5781,3280,3280,2296,153,0,52,0,600,8,5,3,8
112,12,moe,706,35,3706,1619,1619,1877,117,0,93,0,713,8,6,2,8
112,13,moe,780,30,5232,2589,2590,2390,148,0,104,0,597,8,5,3,8
112,14,moe,709,29,5423,2118,2118,3056,197,0,52,0,596,8,4,4,8
112,15,moe,642,28,7927,3909,3909,3676,231,0,111,0,719,8,4,4,8
112,16,moe,711,35,9208,4947,4947,3888,249,0,124,0,597,8,3,5,8
112,17,moe,774,32,10019,5046,5046,4599,308,0,66,0,596,8,2,6,8
112,18,moe,705,33,9118,5098,5098,3677,228,0,115,0,708,8,4,4,8
112,19,moe,634,29,6977,3550,3550,3110,199,0,118,0,595,8,4,4,8
112,20,moe,703,37,5314,2818,2819,2305,151,0,39,0,596,8,5,3,8
112,21,moe,774,31,5879,2828,2829,2778,172,0,100,0,718,8,5,3,8
112,22,moe,777,33,6997,3549,3549,3134,195,0,119,0,590,8,4,4,8
112,23,moe,645,27,6489,3483,3483,2750,169,0,87,0,709,8,5,3,8
112,24,moe,778,28,5551,2694,2694,2652,168,0,37,0,712,8,5,3,8
112,25,moe,771,29,4351,2442,2442,1764,116,0,29,0,712,8,6,2,8
112,26,moe,639,28,7064,3260,3260,3535,223,0,46,0,717,8,4,4,8
112,-1,epi,0,0,0,0,0,0,0,0,5620,0,0,0,0,0,0
113,-2,pre,70,0,0,0,0,0,0,0,0,0,0,0,0,0,0
113,0,dense,1408,34,0,0,0,0,0,0,0,0,0,0,0,0,0
113,1,moe,796,31,6656,2822,2823,3548,233,0,52,0,720,8,4,4,8
113,2,moe,704,30,3432,1509,1509,1775,116,0,32,0,715,8,6,2,8
113,3,moe,643,30,6587,4673,4673,1766,115,0,33,0,720,8,6,2,8
113,4,moe,716,32,2316,1374,1374,829,51,0,62,0,593,8,7,1,8
113,5,moe,786,30,3848,2182,2183,1533,102,0,30,0,591,8,6,2,8
113,6,moe,716,33,8858,4886,4886,3657,225,0,90,0,712,8,4,4,8
113,7,moe,641,27,2101,1125,1125,840,50,0,86,0,585,8,7,1,8
113,8,moe,716,33,2011,1169,1169,770,49,0,23,0,587,8,7,1,8
113,9,moe,788,29,6800,3676,3676,2810,190,0,124,0,719,8,5,3,8
113,10,moe,718,32,4776,2093,2094,2389,160,0,133,0,673,8,5,3,8
113,11,moe,674,34,2588,871,871,1558,121,0,38,0,620,8,6,2,8
113,12,moe,728,41,2407,1232,1232,1016,64,0,95,0,757,8,7,1,8
113,13,moe,792,33,2139,1161,1161,837,51,0,90,0,617,8,7,1,8
113,14,moe,720,33,5018,2514,2514,2313,146,0,45,0,606,8,5,3,8
113,15,moe,647,29,4503,2404,2404,1890,113,0,96,0,718,8,6,2,8
113,16,moe,719,30,5147,2525,2525,2371,147,0,104,0,623,8,5,3,8
113,17,moe,788,32,7087,3798,3800,3043,195,0,49,0,607,8,4,4,8
113,18,moe,713,29,8904,4907,4907,3660,226,0,111,0,721,8,4,4,8
113,19,moe,650,27,6977,3529,3529,3142,197,0,109,0,597,8,4,4,8
113,20,moe,704,30,6836,3536,3536,3056,197,0,47,0,601,8,4,4,8
113,21,moe,783,32,3588,1513,1514,1863,115,0,96,0,714,8,6,2,8
113,22,moe,776,31,4026,2234,2234,1594,99,0,99,0,601,8,6,2,8
113,23,moe,639,30,5851,2815,2815,2760,169,0,107,0,722,8,5,3,8
113,24,moe,780,32,6128,2298,2298,3542,225,0,63,0,726,8,4,4,8
113,25,moe,776,30,8577,4729,4729,3575,223,0,50,0,721,8,4,4,8
113,26,moe,644,28,6154,3270,3270,2667,176,0,41,0,742,8,5,3,8
113,-1,epi,0,0,0,0,0,0,0,0,5641,0,0,0,0,0,0
114,-2,pre,204,0,0,0,0,0,0,0,0,0,0,0,0,0,0
114,0,dense,1420,35,0,0,0,0,0,0,0,0,0,0,0,0,0
114,1,moe,793,34,8178,4350,4350,3549,229,0,50,0,745,8,4,4,8
114,2,moe,717,30,4328,2420,2420,1766,113,0,29,0,718,8,6,2,8
114,3,moe,650,30,2206,1230,1230,892,58,0,26,0,717,8,7,1,8
114,4,moe,713,44,4036,2232,2232,1589,100,0,115,0,602,8,6,2,8
114,5,moe,784,236,7827,6157,6157,1541,99,0,30,0,593,8,6,2,8
114,6,moe,708,34,2674,1547,1547,1015,59,0,53,0,710,8,7,1,8
114,7,moe,653,31,2115,1123,1123,859,50,0,83,0,595,8,7,1,8
114,8,moe,709,36,3147,1480,1481,1530,99,0,37,0,622,8,6,2,8
114,9,moe,779,36,5877,2850,2850,2775,173,0,79,0,719,8,5,3,8
114,10,moe,705,33,1264,273,273,859,48,0,84,0,596,8,7,1,8
114,11,moe,651,37,7689,4354,4355,3081,201,0,52,0,599,8,4,4,8
114,12,moe,728,35,8055,4055,4055,3660,222,0,118,0,720,8,4,4,8
114,13,moe,778,33,2070,1082,1082,852,51,0,85,0,586,8,7,1,8
114,14,moe,713,38,6105,2814,2815,3044,196,0,50,0,598,8,4,4,8
114,15,moe,653,35,11624,4779,4779,6315,393,0,137,0,723,8,1,7,8
114,16,moe,704,35,9278,4205,4205,4644,291,1,137,0,609,8,2,6,8
114,17,moe,796,35,6976,3677,3677,3049,204,0,46,0,600,8,4,4,8
114,18,moe,708,37,11146,5248,5249,5434,346,0,117,0,715,8,2,6,8
114,19,moe,643,34,5230,3428,3428,1603,98,0,101,0,583,8,6,2,8
114,20,moe,701,34,5642,2352,2352,3049,197,0,44,0,593,8,4,4,8
114,21,moe,782,39,5240,1244,1244,3653,230,0,113,0,717,8,4,4,8
114,22,moe,776,37,4186,2393,2393,1602,99,0,92,0,593,8,6,2,8
114,23,moe,650,35,1457,319,319,1015,56,0,67,0,717,8,7,1,8
114,24,moe,773,33,6885,3070,3070,3540,223,0,52,0,709,8,4,4,8
114,25,moe,791,42,7838,3991,3992,3567,225,0,54,0,708,8,4,4,8
114,26,moe,635,33,6608,3733,3733,2660,171,0,44,0,718,8,5,3,8
114,-1,epi,0,0,0,0,0,0,0,0,5621,0,0,0,0,0,0
115,-2,pre,37,0,0,0,0,0,0,0,0,0,0,0,0,0,0
115,0,dense,1441,35,0,0,0,0,0,0,0,0,0,0,0,0,0
115,1,moe,790,42,7888,4067,4067,3540,230,0,51,0,716,8,4,4,8
115,2,moe,714,35,8091,4266,4266,3551,226,0,48,0,715,8,4,4,8
115,3,moe,646,36,12550,5860,5860,6215,399,0,76,0,726,8,1,7,8
115,4,moe,702,35,4684,2861,2861,1614,98,0,111,0,591,8,6,2,8
115,5,moe,779,34,6458,3160,3161,3052,197,0,48,0,597,8,4,4,8
115,6,moe,707,42,5783,2721,2722,2781,170,0,110,0,710,8,5,3,8
115,7,moe,640,37,4040,2249,2249,1599,99,0,93,0,594,8,6,2,8
115,8,moe,709,32,2034,1191,1191,772,52,0,19,0,591,8,7,1,8
115,9,moe,787,36,5889,2810,2810,2797,170,0,112,0,723,8,5,3,8
115,10,moe,705,33,6227,2792,2792,3114,203,0,118,0,594,8,4,4,8
115,11,moe,645,33,6227,2947,2947,3036,194,0,50,0,594,8,4,4,8
115,12,moe,700,34,9296,4339,4339,4551,280,0,126,0,712,8,3,5,8
115,13,moe,776,39,3223,1435,1435,1594,96,0,98,0,586,8,6,2,8
115,14,moe,718,40,6783,3487,3488,3050,196,0,49,0,595,8,4,4,8
115,15,moe,635,43,14766,6977,6977,7180,447,0,162,0,711,8,0,8,8
115,16,moe,703,35,10355,5273,5273,4650,298,0,134,0,597,8,2,6,8
115,17,moe,774,34,10209,4447,4448,5346,344,0,71,0,601,8,1,7,8
115,18,moe,701,33,12255,6360,6360,5421,340,0,134,0,711,8,2,6,8
115,19,moe,635,36,8465,4214,4214,3880,248,0,123,0,591,8,3,5,8
115,20,moe,702,34,7644,4347,4347,3052,196,0,49,0,601,8,4,4,8
115,21,moe,778,39,10278,5319,5320,4549,281,0,128,0,718,8,3,5,8
115,22,moe,766,34,4504,1055,1057,3135,200,0,112,0,594,8,4,4,8
115,23,moe,680,41,10366,5288,5288,4615,308,0,155,0,771,8,3,5,8
115,24,moe,771,37,12249,6505,6505,5327,345,0,72,0,732,8,2,6,8
115,25,moe,784,43,10151,4427,4428,5312,340,0,71,0,723,8,2,6,8
115,26,moe,651,36,11276,4560,4560,6205,397,0,114,0,726,8,1,7,8
115,-1,epi,0,0,0,0,0,0,0,0,5611,0,0,0,0,0,0
116,-2,pre,220,0,0,0,0,0,0,0,0,0,0,0,0,0,0
116,0,dense,1414,45,0,0,0,0,0,0,0,0,0,0,0,0,0
116,1,moe,799,36,8764,4935,4935,3552,225,0,52,0,721,8,4,4,8
116,2,moe,720,35,3414,1495,1495,1771,112,0,36,0,713,8,6,2,8
116,3,moe,646,33,5728,2837,2837,2672,174,0,45,0,723,8,5,3,8
116,4,moe,712,35,5028,2428,2428,2356,152,0,92,0,621,8,5,3,8
116,5,moe,779,42,4258,1768,1768,2292,156,0,42,0,609,8,5,3,8
116,6,moe,738,35,4569,2413,2413,1930,117,0,109,0,723,8,6,2,8
116,7,moe,645,33,6282,2832,2832,3134,196,0,120,0,594,8,4,4,8
116,8,moe,715,35,3882,2216,2216,1526,103,0,37,0,599,8,6,2,8
116,9,moe,778,36,6653,3599,3599,2771,173,0,110,0,720,8,5,3,8
116,10,moe,712,35,6343,2917,2917,3109,193,0,124,0,596,8,4,4,8
116,11,moe,641,33,3724,2065,2065,1528,103,0,28,0,601,8,6,2,8
116,12,moe,711,36,3032,1910,1910,984,60,0,78,0,724,8,7,1,8
116,13,moe,791,36,4315,2527,2527,1598,100,0,90,0,599,8,6,2,8
116,14,moe,724,37,6817,3510,3510,3054,204,0,49,0,599,8,4,4,8
116,15,moe,648,33,5708,2638,2638,2804,168,0,98,0,721,8,5,3,8
116,16,moe,707,34,2855,1078,1078,1591,99,0,87,0,598,8,6,2,8
116,17,moe,790,39,7175,3882,3882,3050,194,0,49,0,602,8,4,4,8
116,18,moe,709,33,7834,3843,3843,3644,227,0,120,0,721,8,4,4,8
116,19,moe,635,33,6766,3347,3348,3103,199,0,116,0,609,8,4,4,8
116,20,moe,705,33,4158,1679,1679,2291,150,0,38,0,598,8,5,3,8
116,21,moe,779,34,7970,3987,3987,3650,222,0,111,0,719,8,4,4,8
116,22,moe,777,37,6429,2989,2989,3137,195,0,108,0,596,8,4,4,8
116,23,moe,641,32,5988,2944,2944,2784,169,0,91,0,721,8,5,3,8
116,24,moe,782,43,7552,2792,2792,4422,284,0,54,0,717,8,3,5,8
116,25,moe,781,44,9467,4669,4669,4462,284,0,52,0,723,8,3,5,8
116,26,moe,641,36,10423,4701,4704,5311,338,0,70,0,726,8,2,6,8
116,-1,epi,0,0,0,0,0,0,0,0,5601,0,0,0,0,0,0
117,-2,pre,46,0,0,0,0,0,0,0,0,0,0,0,0,0,0
117,0,dense,1349,40,0,0,0,0,0,0,0,0,0,0,0,0,0
117,1,moe,799,36,10021,5244,5244,4433,285,0,59,0,711,8,3,5,8
117,2,moe,705,33,7875,4041,4041,3549,231,0,54,0,723,8,4,4,8
117,3,moe,709,38,14471,9663,9663,4467,286,0,55,0,721,8,3,5,8
117,4,moe,710,34,8494,4211,4211,3904,244,0,135,0,603,8,3,5,8
117,5,moe,776,34,3849,2196,2196,1525,99,0,29,0,606,8,6,2,8
117,6,moe,710,34,4539,2447,2447,1908,117,0,67,0,721,8,6,2,8
117,7,moe,642,37,4148,2355,2355,1596,101,0,96,0,599,8,6,2,8
117,8,moe,713,34,3834,2175,2175,1531,98,0,30,0,604,8,6,2,8
117,9,moe,779,38,10503,5546,5546,4544,282,0,131,0,714,8,3,5,8
117,10,moe,705,34,6009,3356,3356,2396,150,0,107,0,596,8,5,3,8
117,11,moe,638,32,8762,4655,4655,3811,242,0,54,0,629,8,3,5,8
117,12,moe,732,30,6812,3724,3724,2821,169,0,98,0,713,8,5,3,8
117,13,moe,774,33,7831,4386,4387,3133,195,0,116,0,594,8,4,4,8
117,14,moe,708,28,5857,3373,3373,2295,148,0,41,0,596,8,5,3,8
117,15,moe,636,28,7156,3176,3176,3647,228,0,105,0,724,8,4,4,8
117,16,moe,708,33,8872,4610,4610,3891,242,0,129,0,607,8,3,5,8
117,17,moe,776,31,3912,2257,2257,1525,100,0,30,0,597,8,6,2,8
117,18,moe,718,28,11364,5452,5452,5438,339,0,135,0,716,8,2,6,8
117,19,moe,644,33,5035,2433,2433,2352,147,0,103,0,595,8,5,3,8
117,20,moe,704,29,3825,2171,2171,1529,99,0,26,0,591,8,6,2,8
117,21,moe,774,31,4414,2314,2314,1894,116,0,90,0,711,8,6,2,8
117,22,moe,775,30,5275,2651,2651,2367,150,0,107,0,602,8,5,3,8
117,23,moe,632,30,6628,3584,3584,2781,170,0,93,0,717,8,5,3,8
117,24,moe,769,29,10139,5356,5356,4441,283,0,59,0,713,8,3,5,8
117,25,moe,775,34,6455,3568,3568,2665,175,0,47,0,718,8,5,3,8
117,26,moe,638,26,10745,5953,5953,4446,290,0,56,0,715,8,3,5,8
117,-1,epi,0,0,0,0,0,0,0,0,5595,0,0,0,0,0,0
118,-2,pre,52,0,0,0,0,0,0,0,0,0,0,0,0,0,0
118,0,dense,1434,32,0,0,0,0,0,0,0,0,0,0,0,0,0
118,1,moe,792,30,11645,5907,5908,5333,343,0,61,0,718,8,2,6,8
118,2,moe,706,29,8042,4219,4219,3546,231,0,46,0,714,8,4,4,8
118,3,moe,645,30,9271,4401,4401,4497,315,0,58,0,786,8,3,5,8
118,4,moe,705,35,7441,2884,2885,4267,160,0,129,0,601,8,5,3,8
118,5,moe,792,34,9637,5474,5474,3850,248,0,65,0,608,8,3,5,8
118,6,moe,716,34,8072,4062,4062,3644,229,0,137,0,727,8,4,4,8
118,7,moe,648,32,10144,5087,5087,4624,293,0,140,0,603,8,2,6,8
118,8,moe,712,31,5828,3352,3352,2285,148,0,43,0,596,8,5,3,8
118,9,moe,785,36,6403,2401,2401,3661,225,0,116,0,714,8,4,4,8
118,10,moe,723,36,6275,3660,3660,2382,151,0,82,0,593,8,5,3,8
118,11,moe,639,35,5116,2649,2649,2280,145,0,42,0,595,8,5,3,8
118,12,moe,709,34,4656,2574,2574,1876,115,0,91,0,714,8,6,2,8
118,13,moe,778,29,2070,1110,1110,826,49,0,85,0,593,8,7,1,8
118,14,moe,709,29,5453,2158,2159,3049,196,0,49,0,615,8,4,4,8
118,15,moe,638,30,10246,5300,5300,4545,279,0,122,0,716,8,3,5,8
118,16,moe,711,29,14348,8456,8457,5408,342,0,141,0,602,8,1,7,8
118,17,moe,771,30,9882,4952,4952,4568,297,0,65,0,598,8,2,6,8
118,18,moe,707,28,7194,3194,3194,3660,225,0,115,0,711,8,4,4,8
118,19,moe,632,28,7751,4309,4309,3133,193,0,116,0,593,8,4,4,8
118,20,moe,713,34,5026,2558,2558,2279,147,0,42,0,597,8,5,3,8
118,21,moe,788,36,6037,2467,2467,3392,116,0,62,0,713,8,6,2,8
118,22,moe,772,31,5317,2685,2686,2369,149,0,113,0,599,8,5,3,8
118,23,moe,642,32,9186,4220,4220,4559,287,0,120,0,717,8,3,5,8
118,24,moe,776,31,8505,3432,3432,4857,173,0,43,0,720,8,5,3,8
118,25,moe,771,31,5791,2924,2924,2657,172,0,38,0,720,8,5,3,8
118,26,moe,630,28,4697,1828,1828,2659,172,0,38,0,713,8,5,3,8
118,-1,epi,0,0,0,0,0,0,0,0,5598,0,0,0,0,0,0
119,-2,pre,2544,0,0,0,0,0,0,0,0,0,0,0,0,0,0
119,0,dense,1409,34,0,0,0,0,0,0,0,0,0,0,0,0,0
119,1,moe,797,30,7077,3261,3262,3536,230,0,49,0,717,8,4,4,8
119,2,moe,722,29,10188,5418,5418,4428,283,0,59,0,716,8,3,5,8
119,3,moe,640,28,9735,2988,2989,6465,230,0,51,0,727,8,4,4,8
119,4,moe,713,31,3987,2186,2186,1595,101,0,105,0,592,8,6,2,8
119,5,moe,779,29,4285,1808,1808,2287,148,0,42,0,597,8,5,3,8
119,6,moe,714,33,2371,1223,1223,1002,59,0,87,0,718,8,7,1,8
119,7,moe,661,30,3578,977,977,2348,149,0,104,0,597,8,5,3,8
119,8,moe,719,31,4055,2402,2402,1521,102,0,30,0,597,8,6,2,8
119,9,moe,787,32,5774,2715,2715,2787,171,0,101,0,716,8,5,3,8
119,10,moe,709,30,12240,6277,6277,5457,350,0,156,0,599,8,1,7,8
119,11,moe,648,30,11492,6533,6533,4594,295,0,70,0,603,8,2,6,8
119,12,moe,709,33,6456,3407,3407,2775,168,0,106,0,718,8,5,3,8
119,13,moe,780,30,4523,1883,1884,2378,149,0,112,0,595,8,5,3,8
119,14,moe,717,33,8891,3115,3115,5527,198,0,51,0,608,8,4,4,8
119,15,moe,635,29,7988,3965,3965,3669,232,0,122,0,707,8,4,4,8
119,16,moe,713,30,1234,285,285,824,51,0,74,0,593,8,7,1,8
119,17,moe,778,29,3897,2245,2245,1521,100,0,31,0,596,8,6,2,8
119,18,moe,717,54,5763,2713,2713,2766,171,0,113,0,717,8,5,3,8
119,19,moe,633,28,5398,2763,2764,2381,145,0,108,0,593,8,5,3,8
119,20,moe,5581,31,6527,2419,2419,3809,242,0,57,0,600,8,3,5,8
119,21,moe,778,30,2687,630,630,1852,111,0,94,0,713,8,6,2,8
119,22,moe,786,35,4060,2238,2238,1624,99,0,99,0,590,8,6,2,8
119,23,moe,649,32,3258,1375,1376,1755,59,0,68,0,722,8,7,1,8
119,24,moe,779,29,4308,1436,1436,2657,173,0,42,0,714,8,5,3,8
119,25,moe,784,29,9136,2386,2386,6461,238,0,51,0,717,8,4,4,8
119,26,moe,652,30,8145,5272,5272,2666,168,0,39,0,711,8,5,3,8
119,-1,epi,0,0,0,0,0,0,0,0,5574,0,0,0,0,0,0
120,-2,pre,84,0,0,0,0,0,0,0,0,0,0,0,0,0,0
120,0,dense,1412,38,0,0,0,0,0,0,0,0,0,0,0,0,0
120,1,moe,788,34,4357,2437,2437,1770,115,0,35,0,722,8,6,2,8
120,2,moe,710,33,8370,4540,4541,3552,229,0,48,0,717,8,4,4,8
120,3,moe,639,35,10097,5288,5288,4464,287,0,58,0,735,8,3,5,8
120,4,moe,708,33,4736,1639,1639,2867,106,0,124,0,590,8,6,2,8
120,5,moe,784,37,9370,3595,3595,5528,199,0,48,0,594,8,4,4,8
120,6,moe,703,36,8090,4094,4095,3641,227,0,127,0,752,8,4,4,8
120,7,moe,646,35,3897,2101,2102,1585,102,0,108,0,615,8,6,2,8
120,8,moe,715,34,7557,4250,4250,3059,197,0,51,0,599,8,4,4,8
120,9,moe,789,41,10,0,0,0,0,0,10,0,710,8,8,0,8
120,10,moe,717,36,3191,1533,1533,1525,98,0,35,0,596,8,6,2,8
120,11,moe,635,33,4970,2495,2496,2288,148,0,38,0,596,8,5,3,8
120,12,moe,709,34,2498,1336,1336,1015,58,0,89,0,713,8,7,1,8
120,13,moe,775,35,5514,2068,2068,3127,197,0,122,0,606,8,4,4,8
120,14,moe,705,34,1116,288,288,757,50,0,21,0,588,8,7,1,8
120,15,moe,638,40,10294,3206,3206,6689,250,0,149,0,775,8,4,4,8
120,16,moe,719,45,6965,2674,2674,3903,249,0,139,0,603,8,3,5,8
120,17,moe,788,38,4091,1612,1612,2280,150,0,49,0,603,8,5,3,8
120,18,moe,725,45,13446,6573,6573,6318,393,1,161,0,726,8,1,7,8
120,19,moe,643,39,6308,2848,2848,3135,199,0,126,0,595,8,4,4,8
120,20,moe,709,38,4379,1895,1897,2292,149,0,41,0,603,8,5,3,8
120,21,moe,793,44,4171,642,642,3319,117,0,93,0,716,8,6,2,8
120,22,moe,786,41,9258,4174,4174,4649,297,0,138,0,596,8,2,6,8
120,23,moe,633,33,7984,3984,3984,3672,227,0,101,0,709,8,4,4,8
120,24,moe,777,40,6284,2448,2448,3559,225,1,51,0,715,8,4,4,8
120,25,moe,775,36,11500,4758,4758,6466,227,0,49,0,720,8,4,4,8
120,26,moe,653,36,3825,953,953,2655,171,0,46,0,714,8,5,3,8
120,-1,epi,0,0,0,0,0,0,0,0,5614,0,0,0,0,0,0
121,-2,pre,204,0,0,0,0,0,0,0,0,0,0,0,0,0,0
121,0,dense,1404,38,0,0,0,0,0,0,0,0,0,0,0,0,0
121,1,moe,797,36,10400,4666,4666,5324,348,0,62,0,724,8,2,6,8
121,2,moe,721,36,8304,3525,3525,4435,284,0,60,0,727,8,3,5,8
121,3,moe,666,34,14328,6682,6682,7108,453,0,85,0,719,8,0,8,8
121,4,moe,705,34,8789,2865,2865,5617,198,0,109,0,614,8,4,4,8
121,5,moe,791,35,3114,1459,1459,1523,101,0,31,0,591,8,6,2,8
121,6,moe,717,36,6679,3654,3654,2780,175,0,70,0,715,8,5,3,8
121,7,moe,639,39,6317,2876,2876,3122,195,0,124,0,597,8,4,4,8
121,8,moe,711,36,6911,3606,3607,3056,201,0,47,0,596,8,4,4,8
121,9,moe,776,36,5810,2777,2777,2750,172,0,111,0,714,8,5,3,8
121,10,moe,706,33,7672,3384,3384,3911,243,0,134,0,601,8,3,5,8
121,11,moe,638,36,9423,3669,3669,5336,344,0,74,0,600,8,1,7,8
121,12,moe,706,34,9210,4280,4281,4503,282,0,144,0,719,8,3,5,8
121,13,moe,778,35,5198,2587,2587,2361,149,0,101,0,599,8,5,3,8
121,14,moe,714,33,8061,3957,3957,3802,244,0,58,0,599,8,3,5,8
121,15,moe,636,38,10484,4581,4582,5427,339,0,136,0,724,8,2,6,8
121,16,moe,711,38,12890,3006,3006,9386,348,0,150,0,602,8,1,7,8
121,17,moe,777,40,5393,2102,2102,3039,197,0,55,0,597,8,4,4,8
121,18,moe,704,37,9197,4260,4260,4532,279,0,126,0,724,8,3,5,8
121,19,moe,635,32,11392,6308,6310,4649,297,0,136,0,599,8,2,6,8
121,20,moe,3539,35,11566,2903,2903,8299,296,0,68,0,591,8,2,6,8
121,21,moe,772,36,8497,3578,3578,4534,279,0,106,0,718,8,3,5,8
121,22,moe,789,38,9918,4005,4006,5425,345,0,142,0,591,8,1,7,8
121,23,moe,635,37,10943,4987,4987,5483,341,0,132,0,699,8,2,6,8
121,24,moe,799,36,10977,4209,4210,6286,404,0,77,0,721,8,1,7,8
121,25,moe,773,37,10876,4180,4180,6208,397,0,91,0,720,8,1,7,8
121,26,moe,650,40,6087,2250,2250,3554,231,0,52,0,736,8,4,4,8
121,-1,epi,0,0,0,0,0,0,0,0,5589,0,0,0,0,0,0
122,-2,pre,42,0,0,0,0,0,0,0,0,0,0,0,0,0,0
122,0,dense,1407,36,0,0,0,0,0,0,0,0,0,0,0,0,0
122,1,moe,793,34,7977,3205,3205,4427,290,0,55,0,735,8,3,5,8
122,2,moe,721,36,3493,1552,1552,1783,118,0,40,0,711,8,6,2,8
122,3,moe,654,33,14014,5583,5584,8087,290,0,53,0,728,8,3,5,8
122,4,moe,703,33,8913,4617,4617,3900,248,0,148,0,597,8,3,5,8
122,5,moe,796,40,3047,1395,1395,1522,101,0,29,0,594,8,6,2,8
122,6,moe,709,34,1451,310,311,998,58,0,84,0,717,8,7,1,8
122,7,moe,638,33,5843,3221,3221,2362,152,0,108,0,594,8,5,3,8
122,8,moe,717,37,1945,1104,1104,771,49,0,21,0,590,8,7,1,8
122,9,moe,780,36,3592,1511,1511,1861,115,0,105,0,722,8,6,2,8
122,10,moe,711,35,5260,2630,2630,2366,148,0,116,0,602,8,5,3,8
122,11,moe,650,39,6196,2898,2898,3051,199,0,48,0,594,8,4,4,8
122,12,moe,717,36,9,0,0,0,0,0,9,0,709,8,8,0,8
122,13,moe,777,32,2627,1169,1169,1384,51,0,23,0,592,8,7,1,8
122,14,moe,712,35,4256,1784,1784,2286,144,0,42,0,594,8,5,3,8
122,15,moe,650,43,2770,637,637,1909,119,0,105,0,721,8,6,2,8
122,16,moe,716,33,5612,4037,4037,1436,52,0,87,0,589,8,7,1,8
122,17,moe,787,36,6021,2728,2728,3053,194,0,46,0,594,8,4,4,8
122,18,moe,709,38,2696,616,616,1868,116,0,96,0,720,8,6,2,8
122,19,moe,650,72,6116,1672,1672,4213,150,0,81,0,594,8,5,3,8
122,20,moe,714,39,6938,3636,3636,3048,197,0,57,0,596,8,4,4,8
122,21,moe,778,37,6483,2385,2385,3730,245,0,123,0,786,8,4,4,8
122,22,moe,792,43,14147,5248,5248,8421,309,0,169,0,607,8,2,6,8
122,23,moe,649,38,5133,1578,1578,3335,115,0,105,0,720,8,6,2,8
122,24,moe,803,40,9756,4023,4023,5326,336,0,71,0,721,8,2,6,8
122,25,moe,801,39,9926,5152,5152,4433,284,0,57,0,720,8,3,5,8
122,26,moe,647,34,10025,3287,3287,6449,233,0,56,0,719,8,4,4,8
122,-1,epi,0,0,0,0,0,0,0,0,5592,0,0,0,0,0,0
123,-2,pre,1715,0,0,0,0,0,0,0,0,0,0,0,0,0,0
123,0,dense,1406,40,0,0,0,0,0,0,0,0,0,0,0,0,0
123,1,moe,802,35,7262,3905,3905,3208,112,0,37,0,715,8,6,2,8
123,2,moe,729,39,12930,4514,4514,8059,287,0,70,0,714,8,3,5,8
123,3,moe,649,36,9826,3128,3128,6429,226,0,43,0,721,8,4,4,8
123,4,moe,735,37,7083,2598,2598,4208,150,0,127,0,597,8,5,3,8
123,5,moe,783,38,5070,2581,2582,2299,148,0,41,0,596,8,5,3,8
123,6,moe,706,29,3626,1556,1556,1887,117,0,66,0,721,8,6,2,8
123,7,moe,649,30,10447,4533,4533,5586,200,0,128,0,597,8,4,4,8
123,8,moe,709,30,2581,1112,1113,1395,50,0,23,0,593,8,7,1,8
123,9,moe,779,32,10,0,0,0,0,0,10,0,711,8,8,0,8
123,10,moe,720,29,3441,543,544,2770,97,0,30,0,593,8,6,2,8
123,11,moe,645,32,13006,5803,5803,6893,252,0,58,0,602,8,3,5,8
123,12,moe,719,29,8086,5034,5034,2767,171,0,114,0,715,8,5,3,8
123,13,moe,773,31,7707,3207,3207,4244,146,0,110,0,590,8,5,3,8
123,14,moe,715,30,2556,1105,1105,1379,50,0,22,0,590,8,7,1,8
123,15,moe,643,28,4624,2521,2521,1898,114,0,91,0,712,8,6,2,8
123,16,moe,708,31,4547,1459,1459,2885,103,0,100,0,591,8,6,2,8
123,17,moe,774,30,6233,2926,2926,3063,196,0,48,0,591,8,4,4,8
123,18,moe,713,31,6030,2443,2444,3367,117,0,102,0,713,8,6,2,8
123,19,moe,637,32,4565,1510,1510,2862,104,0,89,0,595,8,6,2,8
123,20,moe,725,33,4253,1781,1781,2286,148,0,38,0,592,8,5,3,8
123,21,moe,779,31,2178,280,280,1758,57,0,83,0,711,8,7,1,8
123,22,moe,786,31,5326,2287,2287,2839,100,0,100,0,587,8,6,2,8
123,23,moe,636,31,8110,2828,2828,5019,172,0,91,0,709,8,5,3,8
123,24,moe,770,31,7259,2198,2198,4842,174,0,45,0,718,8,5,3,8
123,25,moe,781,30,11325,4599,4599,6450,229,0,47,0,707,8,4,4,8
123,26,moe,637,31,7669,2904,2905,4420,283,0,61,0,719,8,3,5,8
123,-1,epi,0,0,0,0,0,0,0,0,5570,0,0,0,0,0,0
124,-2,pre,42,0,0,0,0,0,0,0,0,0,0,0,0,0,0
124,0,dense,1429,34,0,0,0,0,0,0,0,0,0,0,0,0,0
124,1,moe,799,31,4786,1927,1927,2649,171,0,39,0,723,8,5,3,8
124,2,moe,722,33,12353,3955,3955,8059,286,0,53,0,714,8,3,5,8
124,3,moe,656,30,13547,5105,5106,8099,288,0,54,0,714,8,3,5,8
124,4,moe,709,32,4673,1626,1626,2831,100,0,116,0,593,8,6,2,8
124,5,moe,790,31,5956,1616,1616,4145,150,0,45,0,603,8,5,3,8
124,6,moe,710,30,6003,2425,2425,3369,115,0,94,0,713,8,6,2,8
124,7,moe,636,28,4518,1458,1458,2864,101,0,95,0,598,8,6,2,8
124,8,moe,722,29,7097,2766,2766,4150,146,0,35,0,592,8,5,3,8
124,9,moe,790,35,7997,2752,2752,4965,167,0,113,0,715,8,5,3,8
124,10,moe,721,32,4504,1905,1905,2345,147,0,107,0,590,8,5,3,8
124,11,moe,643,36,5750,2469,2469,3042,196,0,43,0,596,8,4,4,8
124,12,moe,711,29,7223,1963,1963,4982,171,0,107,0,707,8,5,3,8
124,13,moe,787,38,7932,3454,3454,4218,149,0,111,0,597,8,5,3,8
124,14,moe,710,30,6939,2555,2556,4189,157,0,37,0,599,8,5,3,8
124,15,moe,676,31,6639,3553,3553,2808,175,0,103,0,711,8,5,3,8
124,16,moe,744,35,6304,2888,2888,3104,198,0,114,0,593,8,4,4,8
124,17,moe,773,33,6856,3563,3563,3049,198,0,46,0,642,8,4,4,8
124,18,moe,714,32,12718,4153,4154,8145,282,0,137,0,714,8,3,5,8
124,19,moe,627,37,9946,3957,3958,5674,200,0,114,0,594,8,4,4,8
124,20,moe,706,33,9371,3605,3605,5517,195,0,54,0,593,8,4,4,8
124,21,moe,779,33,5148,1643,1643,3295,116,0,94,0,707,8,6,2,8
124,22,moe,784,31,5295,2250,2250,2845,99,0,101,0,594,8,6,2,8
124,23,moe,637,31,14252,5607,5609,8240,281,0,122,0,718,8,3,5,8
124,24,moe,790,36,10447,3686,3687,6481,228,0,51,0,714,8,4,4,8
124,25,moe,783,31,8648,3597,3597,4835,174,0,42,0,721,8,5,3,8
124,26,moe,639,33,13311,4744,4744,8198,314,1,54,0,873,8,3,5,8
124,-1,epi,0,0,0,0,0,0,0,0,5485,0,0,0,0,0,0
125,-2,pre,144,0,0,0,0,0,0,0,0,0,0,0,0,0,0
125,0,dense,1416,37,0,0,0,0,0,0,0,0,0,0,0,0,0
125,1,moe,875,37,10175,3320,3321,6552,253,0,49,0,715,8,4,4,8
125,2,moe,781,79,12945,4475,4476,8108,293,0,68,0,737,8,3,5,8
125,3,moe,638,36,5317,1912,1912,3251,118,0,36,0,804,8,6,2,8
125,4,moe,788,37,9600,3612,3612,5645,200,0,143,0,599,8,4,4,8
125,5,moe,860,38,6111,1673,1673,4230,163,0,45,0,604,8,5,3,8
125,6,moe,761,39,2220,330,330,1735,59,0,96,0,739,8,7,1,8
125,7,moe,661,36,7183,2693,2693,4225,152,0,113,0,652,8,5,3,8
125,8,moe,758,38,10277,4456,4456,5574,198,0,49,0,609,8,4,4,8
125,9,moe,810,38,5087,1527,1527,3372,117,0,71,0,735,8,6,2,8
125,10,moe,734,39,8138,3529,3529,4307,158,0,144,0,617,8,5,3,8
125,11,moe,738,36,6911,2483,2483,4235,153,0,40,0,613,8,5,3,8
125,12,moe,763,33,5093,1479,1479,3391,116,0,107,0,738,8,6,2,8
125,13,moe,854,36,7079,2543,2543,4276,150,0,110,0,646,8,5,3,8
125,14,moe,774,32,8726,2891,2891,5584,202,0,49,0,632,8,4,4,8
125,15,moe,648,32,5063,1483,1483,3365,117,0,98,0,712,8,6,2,8
125,16,moe,745,34,6130,1614,1614,4250,146,0,120,0,598,8,5,3,8
125,17,moe,784,48,7933,2064,2064,5622,196,0,51,0,618,8,4,4,8
125,18,moe,716,32,13205,4555,4555,8222,297,0,131,0,714,8,3,5,8
125,19,moe,645,37,4491,1431,1431,2865,100,0,95,0,605,8,6,2,8
125,20,moe,723,37,7025,1120,1120,5653,204,0,48,0,598,8,4,4,8
125,21,moe,801,38,8125,2807,2807,5029,178,0,111,0,707,8,5,3,8
125,22,moe,774,34,7386,2887,2887,4234,152,0,113,0,615,8,5,3,8
125,23,moe,646,31,7097,1887,1887,4939,169,0,102,0,708,8,5,3,8
125,24,moe,781,34,9952,3240,3240,6427,233,0,52,0,714,8,4,4,8
125,25,moe,786,33,10598,3890,3890,6424,232,0,52,0,716,8,4,4,8
125,26,moe,652,35,4103,653,653,3297,119,0,34,0,722,8,6,2,8
125,-1,epi,0,0,0,0,0,0,0,0,5615,0,0,0,0,0,0
126,-2,pre,1072,0,0,0,0,0,0,0,0,0,0,0,0,0,0
126,0,dense,1390,44,0,0,0,0,0,0,0,0,0,0,0,0,0
126,1,moe,812,40,17739,7569,7569,9752,351,0,67,0,721,8,2,6,8
126,2,moe,707,38,5868,2464,2464,3253,118,0,33,0,713,8,6,2,8
126,3,moe,636,37,13201,4642,4642,8216,286,1,56,0,716,8,3,5,8
126,4,moe,725,37,10237,4267,4267,5633,199,0,138,0,600,8,4,4,8
126,5,moe,811,37,8803,3009,3010,5549,195,0,49,0,592,8,4,4,8
126,6,moe,723,74,3064,1196,1196,1712,62,0,94,0,709,8,7,1,8
126,7,moe,651,35,8512,2630,2630,5564,203,0,115,0,590,8,4,4,8
126,8,moe,706,41,6833,2509,2509,4135,147,0,42,0,589,8,5,3,8
126,9,moe,784,40,9,0,0,0,0,0,9,0,703,8,8,0,8
126,10,moe,717,38,5201,2323,2323,2748,98,0,32,0,590,8,6,2,8
126,11,moe,648,36,9558,3700,3700,5605,201,0,52,0,594,8,4,4,8
126,12,moe,719,41,5111,1544,1544,3337,116,0,114,0,716,8,6,2,8
126,13,moe,777,54,2738,1116,1116,1474,51,0,97,0,591,8,7,1,8
126,14,moe,706,37,7773,3445,3446,4136,152,0,39,0,590,8,5,3,8
126,15,moe,637,33,13882,5274,5274,8185,286,0,137,0,715,8,3,5,8
126,16,moe,707,37,10540,4598,4598,5628,192,0,122,0,589,8,4,4,8
126,17,moe,779,35,10208,4428,4429,5528,196,0,55,0,591,8,4,4,8
126,18,moe,704,36,13231,4565,4565,8253,285,0,128,0,706,8,3,5,8
126,19,moe,633,42,9593,3707,3707,5581,193,1,111,0,591,8,4,4,8
126,20,moe,707,34,9320,3555,3555,5523,194,0,48,0,595,8,4,4,8
126,21,moe,781,37,11759,4829,4829,6577,226,1,126,0,709,8,4,4,8
126,22,moe,781,35,8013,3452,3453,4294,148,0,118,0,594,8,5,3,8
126,23,moe,635,38,11874,4886,4886,6656,229,0,103,0,709,8,4,4,8
126,24,moe,781,40,14438,6003,6004,8087,282,0,65,0,711,8,3,5,8
126,25,moe,781,39,13064,4657,4657,8065,283,0,59,0,714,8,3,5,8
126,26,moe,631,46,16871,6559,6559,9849,389,0,74,0,704,8,2,6,8
126,-1,epi,0,0,0,0,0,0,0,0,5518,0,0,0,0,0,0
127,-2,pre,75,0,0,0,0,0,0,0,0,0,0,0,0,0,0
127,0,dense,1407,44,0,0,0,0,0,0,0,0,0,0,0,0,0
127,1,moe,802,38,17232,7112,7112,9705,345,0,70,0,716,8,2,6,8
127,2,moe,711,39,16770,6687,6687,9669,349,0,65,0,721,8,2,6,8
127,3,moe,636,35,9273,2551,2552,6442,225,1,53,0,716,8,4,4,8
127,4,moe,710,35,13137,5754,5754,6975,250,0,158,0,601,8,3,5,8
127,5,moe,779,40,3622,715,715,2776,100,0,31,0,594,8,6,2,8
127,6,moe,712,35,3157,1236,1236,1768,59,0,94,0,708,8,7,1,8
127,7,moe,647,33,5391,2347,2348,2845,101,0,97,0,586,8,6,2,8
127,8,moe,712,35,12226,6462,6462,5513,198,0,53,0,603,8,4,4,8
127,9,moe,789,37,3217,1329,1329,1744,56,0,88,0,706,8,7,1,8
127,10,moe,708,33,7909,3417,3417,4240,147,0,105,0,589,8,5,3,8
127,11,moe,629,32,3431,546,546,2752,100,0,33,0,588,8,6,2,8
127,12,moe,708,37,5147,1575,1575,3359,117,1,95,0,712,8,6,2,8
127,13,moe,786,35,4480,1423,1423,2861,99,0,97,0,593,8,6,2,8
127,14,moe,721,35,10418,3202,3203,6905,248,0,62,0,596,8,3,5,8
127,15,moe,633,33,7104,1829,1829,4991,174,0,110,0,714,8,5,3,8
127,16,moe,713,36,6143,1658,1658,4218,158,0,109,0,590,8,5,3,8
127,17,moe,780,43,6610,2274,2274,4149,147,0,40,0,594,8,5,3,8
127,18,moe,720,39,12237,3610,3610,8206,287,0,134,0,708,8,3,5,8
127,19,moe,637,34,9103,3187,3187,5604,195,0,117,0,585,8,4,4,8
127,20,moe,720,37,9500,3736,3736,5523,193,0,48,0,600,8,4,4,8
127,21,moe,4186,35,11536,2862,2864,8263,281,0,128,0,712,8,3,5,8
127,22,moe,783,39,7151,2680,2681,4212,144,0,114,0,595,8,5,3,8
127,23,moe,636,34,8902,3679,3679,4963,168,0,92,0,709,8,5,3,8
127,24,moe,791,34,15929,5800,5801,9728,336,0,64,0,706,8,2,6,8
127,25,moe,776,34,13616,5195,5195,8084,283,0,54,0,709,8,3,5,8
127,26,moe,639,33,17339,7240,7240,9685,344,0,70,0,713,8,2,6,8
127,-1,epi,0,0,0,0,0,0,0,0,5493,0,0,0,0,0,0
128,-2,pre,237,0,0,0,0,0,0,0,0,0,0,0,0,0,0
128,0,dense,1389,39,0,0,0,0,0,0,0,0,0,0,0,0,0
128,1,moe,798,35,12936,4508,4508,8084,288,0,56,0,716,8,3,5,8
128,2,moe,712,38,7816,2772,2772,4827,173,0,44,0,713,8,5,3,8
128,3,moe,646,33,5172,1807,1809,3216,116,0,31,0,712,8,6,2,8
128,4,moe,706,36,7876,3348,3348,4255,147,0,126,0,595,8,5,3,8
128,5,moe,779,35,2554,1100,1100,1378,57,0,19,0,586,8,7,1,8
128,6,moe,710,34,5066,1513,1514,3332,112,0,108,0,714,8,6,2,8
128,7,moe,633,32,4401,1346,1346,2858,98,0,99,0,593,8,6,2,8
128,8,moe,712,33,5256,2366,2366,2762,98,0,30,0,597,8,6,2,8
128,9,moe,769,41,8921,3655,3655,4986,168,0,112,0,715,8,5,3,8
128,10,moe,716,34,2759,1130,1130,1495,50,0,84,0,589,8,7,1,8
128,11,moe,631,32,8457,2685,2685,5521,201,0,50,0,598,8,4,4,8
128,12,moe,712,33,5161,1597,1597,3347,114,0,103,0,706,8,6,2,8
128,13,moe,768,34,4597,1557,1557,2839,103,0,98,0,591,8,6,2,8
128,14,moe,708,38,8869,3114,3114,5509,195,0,51,0,591,8,4,4,8
128,15,moe,633,35,11242,4286,4286,6606,232,0,118,0,707,8,4,4,8
128,16,moe,717,35,9046,3086,3087,5644,198,0,117,0,589,8,4,4,8
128,17,moe,784,40,11529,4304,4304,6923,247,0,55,0,590,8,3,5,8
128,18,moe,704,35,5174,1533,1533,3419,116,0,106,0,707,8,6,2,8
128,19,moe,635,33,6238,1742,1742,4239,152,0,105,0,593,8,5,3,8
128,20,moe,718,38,4299,1407,1407,2761,100,1,30,0,593,8,6,2,8
128,21,moe,769,35,2173,300,300,1728,59,0,86,0,711,8,7,1,8
128,22,moe,790,37,5492,2431,2431,2871,99,0,91,0,587,8,6,2,8
128,23,moe,636,34,7182,1945,1945,4976,167,0,94,0,712,8,5,3,8
128,24,moe,784,36,8095,4721,4721,3227,114,0,33,0,706,8,6,2,8
128,25,moe,771,41,11885,3473,3474,8075,282,0,54,0,720,8,3,5,8
128,26,moe,729,34,6820,4852,4852,1800,131,0,37,0,800,8,6,2,8
128,-1,epi,0,0,0,0,0,0,0,0,5473,0,0,0,0,0,0
129,-2,pre,331,0,0,0,0,0,0,0,0,0,0,0,0,0,0
129,0,dense,1439,33,0,0,0,0,0,0,0,0,0,0,0,0,0
129,1,moe,792,33,3842,959,959,2661,175,0,47,0,725,8,5,3,8
129,2,moe,728,34,13534,3432,3432,9683,342,0,77,0,717,8,2,6,8
129,3,moe,651,33,7713,2661,2661,4840,171,0,41,0,714,8,5,3,8
129,4,moe,711,32,5201,2585,2585,2358,153,0,105,0,599,8,5,3,8
129,5,moe,777,32,3362,1678,1678,1529,102,0,53,0,594,8,6,2,8
129,6,moe,714,31,2373,1196,1196,1024,60,0,93,0,713,8,7,1,8
129,7,moe,653,27,8390,2450,2451,5621,194,0,124,0,602,8,4,4,8
129,8,moe,704,30,5191,2280,2280,2778,99,0,34,0,602,8,6,2,8
129,9,moe,781,35,11016,4059,4060,6601,230,0,125,0,713,8,4,4,8
129,10,moe,711,36,5657,2214,2214,3117,199,0,127,0,594,8,4,4,8
129,11,moe,642,32,6759,2416,2416,4150,152,0,41,0,592,8,5,3,8
129,12,moe,707,29,8485,3202,3203,5009,167,0,106,0,707,8,5,3,8
129,13,moe,795,30,8168,4700,4700,3128,201,0,139,0,596,8,4,4,8
129,14,moe,715,31,4345,1443,1443,2769,100,0,33,0,586,8,6,2,8
129,15,moe,634,28,12896,4323,4323,8181,277,0,115,0,713,8,3,5,8
129,16,moe,703,29,5056,1597,1597,3134,198,0,127,0,596,8,4,4,8
129,17,moe,801,34,5155,826,826,4136,152,0,41,0,597,8,5,3,8
129,18,moe,717,30,9537,4557,4557,4560,289,0,131,0,724,8,3,5,8
129,19,moe,645,31,9070,3156,3156,5602,202,0,110,0,588,8,4,4,8
129,20,moe,723,29,8465,3499,3500,4595,303,0,67,0,598,8,2,6,8
129,21,moe,773,33,9993,3057,3057,6591,228,0,117,0,710,8,4,4,8
129,22,moe,772,31,10646,3257,3257,6998,253,0,138,0,589,8,3,5,8
129,23,moe,632,28,7173,1948,1949,4951,169,0,104,0,713,8,5,3,8
129,24,moe,789,32,9944,3213,3213,6455,226,0,50,0,713,8,4,4,8
129,25,moe,774,31,9709,3983,3984,5313,346,0,66,0,711,8,2,6,8
129,26,moe,634,30,9198,4399,4399,4446,292,0,61,0,720,8,3,5,8
129,-1,epi,0,0,0,0,0,0,0,0,5542,0,0,0,0,0,0
130,-2,pre,194,0,0,0,0,0,0,0,0,0,0,0,0,0,0
130,0,dense,1400,33,0,0,0,0,0,0,0,0,0,0,0,0,0
130,1,moe,795,32,7003,1966,1966,4828,167,0,42,0,719,8,5,3,8
130,2,moe,723,29,12025,5288,5288,6465,226,0,46,0,708,8,4,4,8
130,3,moe,628,29,10060,3316,3316,6469,229,0,46,0,709,8,4,4,8
130,4,moe,729,32,10941,3549,3549,6994,249,0,149,0,595,8,3,5,8
130,5,moe,775,31,7612,3267,3267,4155,145,0,45,0,596,8,5,3,8
130,6,moe,711,34,2389,1230,1230,1005,60,0,94,0,707,8,7,1,8
130,7,moe,653,30,2071,1102,1102,831,52,1,85,0,598,8,7,1,8
130,8,moe,715,31,3109,1452,1452,1523,101,0,33,0,593,8,6,2,8
130,9,moe,787,31,6256,3191,3192,2780,173,0,111,0,712,8,5,3,8
130,10,moe,711,30,7095,2608,2608,4226,148,0,113,0,593,8,5,3,8
130,11,moe,628,27,5971,1643,1643,4139,148,0,41,0,602,8,5,3,8
130,12,moe,712,34,9025,3776,3776,4975,169,0,105,0,713,8,5,3,8
130,13,moe,776,28,2814,1189,1189,1486,54,0,85,0,595,8,7,1,8
130,14,moe,716,31,5019,2523,2523,2308,151,0,37,0,588,8,5,3,8
130,15,moe,647,30,10050,3170,3170,6540,228,0,112,0,711,8,4,4,8
130,16,moe,713,33,5176,2529,2529,2358,152,0,137,0,594,8,5,3,8
130,17,moe,772,35,3054,1384,1384,1536,101,0,33,0,594,8,6,2,8
130,18,moe,715,31,8046,2801,2801,4959,171,0,115,0,714,8,5,3,8
130,19,moe,637,29,13883,5047,5048,8397,293,0,145,0,596,8,2,6,8
130,20,moe,716,36,11619,4397,4397,6916,247,0,59,0,593,8,3,5,8
130,21,moe,788,30,8071,2860,2861,4924,170,0,116,0,721,8,5,3,8
130,22,moe,782,30,9027,3056,3056,5654,194,0,123,0,596,8,4,4,8
130,23,moe,643,35,7318,2074,2074,4983,167,0,94,0,705,8,5,3,8
130,24,moe,787,30,10789,4047,4047,6467,229,0,46,0,709,8,4,4,8
130,25,moe,774,32,13954,5536,5536,8078,280,0,60,0,708,8,3,5,8
130,26,moe,636,29,10785,4055,4055,6458,222,0,50,0,710,8,4,4,8
130,-1,epi,0,0,0,0,0,0,0,0,5502,0,0,0,0,0,0
