step,il,kind,route_us,readback_us,load_wall_us,pread_us,pread_wall_us,repack_us,placement_us,sync_us,load_other_us,load_hidden_us,compute_us,lookups,hits,misses,n_slots
0,-2,pre,3321,0,0,0,0,0,0,0,0,0,0,0,0,0,0
0,0,dense,7096,115,0,0,0,0,0,0,0,0,0,0,0,0,0
0,1,moe,8369,136,49162,29884,29886,19037,0,1,238,0,1300,0,0,0,16
0,2,moe,3721,53,39044,19258,19260,14560,5022,0,202,0,1306,16,0,16,16
0,3,moe,13650,49,39674,22147,22147,13420,3955,0,152,0,1286,15,0,15,15
0,4,moe,7425,55,36351,19729,19732,12314,4131,0,174,0,1092,16,0,16,16
0,5,moe,8362,55,36809,20458,20461,12359,3861,0,128,0,1310,16,0,16,16
0,6,moe,4755,61,41631,22494,22494,14361,4598,0,178,0,1291,16,0,16,16
0,7,moe,10885,51,34965,19533,19533,11555,3719,0,158,0,1090,15,0,15,15
0,8,moe,8666,53,37761,21211,21211,12227,4177,0,146,0,1098,16,0,16,16
0,9,moe,4240,54,39017,21000,21002,13507,4360,0,148,0,1275,15,0,15,15
0,10,moe,8171,54,37531,21083,21084,12343,3935,0,169,0,1094,16,0,16,16
0,11,moe,15126,54,34757,19466,19468,11491,3672,0,126,0,1081,15,0,15,15
0,12,moe,5617,57,42768,23578,23581,14364,4662,0,161,0,1292,16,0,16,16
0,13,moe,4347,51,36278,20889,20889,11532,3691,0,166,0,1086,15,0,15,15
0,14,moe,3964,54,38476,22031,22031,12267,4049,1,128,0,1099,16,0,16,16
0,15,moe,16610,51,38482,20330,20330,13503,4487,0,162,0,1282,15,0,15,15
0,16,moe,5978,51,36966,20571,20571,12348,3869,0,178,0,1107,16,0,16,16
0,17,moe,7654,60,36932,20301,20302,12272,4217,0,141,0,1097,16,0,16,16
0,18,moe,1812,54,30877,13053,13053,13414,4234,0,176,0,1284,15,0,15,15
0,19,moe,1167,53,25284,8795,8795,12325,3972,0,192,0,1098,16,0,16,16
0,20,moe,1183,54,24640,8328,8329,12260,3917,0,134,0,1095,16,0,16,16
0,21,moe,1322,55,23960,4928,4930,14380,4485,1,164,0,1299,16,0,16,16
0,22,moe,1315,64,20974,4460,4461,12303,4010,0,200,0,1104,16,0,16,16
0,23,moe,818,53,22688,4874,4874,13429,4204,0,181,0,1280,15,0,15,15
0,24,moe,1322,52,24250,5280,5280,14258,4573,0,139,0,1288,16,0,16,16
0,25,moe,1353,42,24144,5189,5190,14245,4578,0,131,0,1291,16,0,16,16
0,26,moe,807,38,12152,2582,2583,7117,2361,0,91,0,711,8,0,8,8
0,-1,epi,0,0,0,0,0,0,0,0,5466,0,0,0,0,0,0
1,-2,pre,44,0,0,0,0,0,0,0,0,0,0,0,0,0,0
1,0,dense,2436,40,0,0,0,0,0,0,0,0,0,0,0,0,0
1,1,moe,1281,39,31644,17435,17435,10700,3403,1,105,0,1267,12,0,12,12
1,2,moe,1119,38,35737,20445,20446,11574,3600,0,117,0,1270,13,0,13,13
1,3,moe,697,38,34429,19137,19138,11594,3580,1,116,0,1274,14,1,13,14
1,4,moe,1112,37,33605,19028,19029,10785,3640,0,151,0,1084,15,1,14,15
1,5,moe,1245,38,28328,16375,16376,9194,2652,0,106,0,1081,14,2,12,14
1,6,moe,1115,38,30721,16239,16239,10807,3522,0,153,0,1281,14,2,12,14
1,7,moe,684,35,38115,21762,21762,12480,3703,0,170,0,1122,16,0,16,16
1,8,moe,1160,68,28537,16220,16221,9198,2996,0,122,0,1083,13,1,12,13
1,9,moe,1261,47,34515,18935,18937,11686,3751,0,141,0,1287,15,2,13,15
1,10,moe,1109,39,29003,16650,16650,9266,2921,0,166,0,1091,15,3,12,15
1,11,moe,685,38,32395,18195,18195,10701,3389,0,110,0,1098,15,1,14,15
1,12,moe,1114,40,37981,21319,21321,12599,3909,0,152,0,1293,16,2,14,16
1,13,moe,1254,40,31367,17892,17894,10025,3315,1,132,0,1088,14,1,13,14
1,14,moe,1127,38,32691,18337,18337,10698,3535,0,121,0,1113,16,2,14,16
1,15,moe,715,51,38024,22591,22591,11678,3613,0,142,0,1273,15,2,13,15
1,16,moe,1116,42,33093,18847,18847,10762,3330,0,154,0,1096,16,2,14,16
1,17,moe,1237,40,30096,16563,16563,9935,3488,0,110,0,1081,14,1,13,14
1,18,moe,8623,37,37421,19765,19766,13537,3959,0,159,0,1296,15,0,15,15
1,19,moe,10503,33,31199,17052,17053,10790,3215,0,141,0,1092,15,1,14,15
1,20,moe,1117,48,32138,18184,18185,10700,3136,0,117,0,1098,15,1,14,15
1,21,moe,1242,39,20163,8486,8486,9014,2553,0,110,0,1288,15,5,10,15
1,22,moe,1251,41,17021,5484,5485,8645,2762,0,129,0,1430,15,4,11,15
1,23,moe,737,32,20621,5207,5208,11796,3483,0,134,0,1294,16,3,13,16
1,24,moe,1248,39,16618,3607,3608,9801,3102,0,107,0,1277,14,3,11,14
1,25,moe,1248,37,21192,4599,4600,12479,3997,1,115,0,1312,16,2,14,16
1,26,moe,674,39,12182,2577,2577,7115,2412,0,78,0,732,8,0,8,8
1,-1,epi,0,0,0,0,0,0,0,0,5460,0,0,0,0,0,0
2,-2,pre,4233,0,0,0,0,0,0,0,0,0,0,0,0,0,0
2,0,dense,126484,53,0,0,0,0,0,0,0,0,0,0,0,0,0
2,1,moe,58331,168,768372,410474,410491,302743,51486,0,3652,0,166794,0,0,0,216
2,2,moe,59235,181,619392,310407,310419,278397,14821,0,15755,0,135210,0,0,0,224
2,3,moe,31954,174,509292,251342,251363,229664,25843,0,2422,0,139402,0,0,0,200
2,4,moe,39908,191,458746,242691,242701,194428,19133,0,2484,0,78740,0,0,0,185
2,5,moe,39993,195,396464,191089,191099,178851,24082,0,2432,0,74481,0,0,0,164
2,6,moe,39937,216,472831,219568,219579,218437,32375,0,2440,0,106206,0,0,0,171
2,7,moe,25255,175,379875,178024,178033,181965,17370,1,2506,0,77459,0,0,0,167
2,8,moe,38181,388,403122,185366,185374,194934,20068,1,2745,0,84957,0,0,0,179
2,9,moe,39846,201,442742,201799,201812,212194,26095,0,2641,0,106070,0,0,0,172
2,10,moe,38207,199,429226,211810,211821,200462,14227,0,2716,0,85761,0,0,0,189
2,11,moe,27407,179,413145,204554,204558,189516,16650,0,2421,0,85759,0,0,0,187
2,12,moe,39011,201,473219,215781,215796,217212,37817,1,2393,0,108074,0,0,0,178
2,13,moe,39916,197,430408,206559,206565,196308,25080,1,2454,0,81369,0,0,0,185
2,14,moe,40848,185,422308,198813,198822,193638,27329,1,2518,0,83313,0,0,0,181
2,15,moe,26732,166,492287,231084,231099,227652,31047,0,2489,0,118176,0,0,0,189
2,16,moe,39627,197,439349,215742,215756,197516,23557,0,2520,0,86668,0,0,0,190
2,17,moe,41340,205,439113,215148,215164,197291,24163,0,2495,0,89694,0,0,0,187
2,18,moe,40237,201,505051,236538,236552,235598,30369,0,2532,0,113645,0,0,0,192
2,19,moe,33225,161,450119,220721,220728,203281,23603,1,2506,0,87812,0,0,0,198
2,20,moe,51077,179,446190,214051,214066,199584,30033,1,2506,0,87656,0,0,0,192
2,21,moe,51753,168,478511,219418,219430,219445,37212,0,2424,0,109432,0,0,0,180
2,22,moe,50237,175,449115,212341,212350,202672,31471,0,2622,0,86819,0,0,0,193
2,23,moe,38415,205,493664,224113,224121,236580,30465,1,2497,0,120265,0,0,0,184
2,24,moe,52677,194,536469,233132,233148,263475,37287,1,2558,0,116978,0,0,0,193
2,25,moe,50374,199,471390,217694,217710,220516,30638,1,2525,0,93467,0,0,0,175
2,26,moe,33462,31,6,0,0,0,0,0,6,0,8,0,0,0,0
2,-1,epi,0,0,0,0,0,0,0,0,5,0,0,0,0,0,0
3,-2,pre,259,0,0,0,0,0,0,0,0,0,0,0,0,0,0
3,0,dense,13392,59,0,0,0,0,0,0,0,0,0,0,0,0,0
3,1,moe,8792,54,67300,27812,27815,25227,14030,0,228,0,4641,26,3,23,26
3,2,moe,8538,53,62876,26605,26608,22548,13519,0,201,0,3521,23,1,22,23
3,3,moe,11565,51,60835,25023,25023,20981,14644,0,187,0,3699,22,1,21,22
3,4,moe,9131,53,40835,17933,17934,13714,8977,0,210,0,2342,18,2,16,18
3,5,moe,6777,57,47091,20671,20672,16210,10030,0,179,0,2798,20,1,19,20
3,6,moe,6190,44,63690,27323,27326,22129,14002,0,233,0,3611,24,1,23,24
3,7,moe,3799,40,44361,19724,19724,14886,9542,0,209,0,2430,19,1,18,19
3,8,moe,5998,43,42515,17645,17646,12653,12061,1,154,0,2660,17,1,16,17
3,9,moe,7977,59,63082,25951,25951,20312,16575,0,244,0,3583,23,2,21,23
3,10,moe,6060,42,66625,28521,28522,19621,18219,0,263,0,3073,25,1,24,25
3,11,moe,12164,55,38689,17735,17736,12340,8455,1,157,0,7673,19,4,15,19
3,12,moe,11054,54,49413,23766,23767,17397,8018,0,231,0,3072,19,1,18,19
3,13,moe,8802,43,52541,24937,24938,18220,9141,0,242,0,2584,22,0,22,22
3,14,moe,8704,42,44361,21002,21003,15721,7464,0,173,0,2505,21,2,19,21
3,15,moe,11973,39,55264,25959,25961,20242,8828,0,233,0,3856,21,0,21,21
3,16,moe,13424,52,46772,22505,22509,16559,7468,0,236,0,2486,22,2,20,22
3,17,moe,10121,49,52560,25640,25640,18943,7765,0,212,0,2564,25,2,23,25
3,18,moe,12135,44,41249,11762,11762,21212,8056,1,218,0,3574,25,3,22,25
3,19,moe,14793,39,32967,6431,6433,19193,7097,0,244,0,8223,24,0,24,24
3,20,moe,2697,40,34755,7945,7945,18296,8319,0,195,0,2080,23,0,23,23
3,21,moe,1394,48,43327,9135,9135,21561,12389,0,242,0,2079,24,2,22,24
3,22,moe,1289,42,35225,7336,7338,19634,7998,0,255,0,2435,24,2,22,24
3,23,moe,1251,34,39128,9371,9372,20048,9485,0,223,0,2246,22,1,21,22
3,24,moe,1378,37,41441,10781,10781,22082,8389,0,189,0,2266,26,2,24,26
3,25,moe,1365,37,41476,13430,13430,21108,6753,1,184,0,2255,24,1,23,24
3,26,moe,3788,36,11618,6611,6613,3772,1179,0,54,0,4231,8,4,4,8
3,-1,epi,0,0,0,0,0,0,0,0,35531,0,0,0,0,0,0
4,-2,pre,43,0,0,0,0,0,0,0,0,0,0,0,0,0,0
4,0,dense,1243,48,0,0,0,0,0,0,0,0,0,0,0,0,0
4,1,moe,710,38,11765,5460,5460,3827,2421,0,57,0,1265,8,4,4,8
4,2,moe,670,37,5539,2429,2429,1909,1166,0,35,0,647,8,6,2,8
4,3,moe,484,32,11396,5162,5162,3821,2360,0,53,0,697,8,4,4,8
4,4,moe,697,33,7446,3440,3440,2426,1506,0,74,0,577,8,5,3,8
4,5,moe,2905,32,7182,3299,3299,2368,1474,1,40,0,582,8,5,3,8
4,6,moe,3233,31,8108,3501,3501,2854,1683,0,70,0,693,8,5,3,8
4,7,moe,6836,33,7150,3221,3221,2425,1438,1,65,0,583,8,5,3,8
4,8,moe,5404,32,7090,3209,3209,2376,1468,0,37,0,580,8,5,3,8
4,9,moe,3294,33,8091,3464,3465,2864,1703,0,59,0,697,8,5,3,8
4,10,moe,3177,33,9116,4305,4305,3220,1516,1,74,0,582,8,4,4,8
4,11,moe,521,31,2504,1164,1164,790,528,0,22,0,578,8,7,1,8
4,12,moe,693,31,11034,5964,5964,4695,287,0,88,0,695,8,3,5,8
4,13,moe,747,31,4004,2225,2225,1627,101,0,51,0,571,8,6,2,8
4,14,moe,691,30,3803,2102,2102,1572,102,0,27,0,580,8,6,2,8
4,15,moe,518,28,6590,3509,3509,2851,173,0,57,0,684,8,5,3,8
4,16,moe,702,28,6362,3272,3272,2420,610,0,60,0,572,8,5,3,8
4,17,moe,755,31,5742,3192,3192,2362,151,0,37,0,1045,8,5,3,8
4,18,moe,688,29,5412,1796,1796,2847,710,0,59,0,688,8,5,3,8
4,19,moe,519,30,3416,789,789,2416,150,0,61,0,582,8,5,3,8
4,20,moe,690,31,3131,1429,1429,1573,101,0,28,0,580,8,6,2,8
4,21,moe,760,39,4034,943,943,2853,180,0,58,0,691,8,5,3,8
4,22,moe,758,32,4526,1786,1786,2519,161,0,60,0,557,8,5,3,8
4,23,moe,486,29,4117,914,914,2949,186,3,65,0,661,8,5,3,8
4,24,moe,712,32,6738,1602,1603,4773,307,0,55,0,648,8,3,5,8
4,25,moe,709,31,8035,1921,1921,5689,365,0,60,0,688,8,2,6,8
4,26,moe,525,30,12096,6185,6186,4603,1249,0,58,0,1236,8,3,5,8
4,-1,epi,0,0,0,0,0,0,0,0,5263,0,0,0,0,0,0
5,-2,pre,211,0,0,0,0,0,0,0,0,0,0,0,0,0,0
5,0,dense,1336,35,0,0,0,0,0,0,0,0,0,0,0,0,0
5,1,moe,768,32,13863,6021,6021,4786,3005,0,51,0,655,8,3,5,8
5,2,moe,664,35,19295,8415,8415,6707,4095,0,78,0,657,8,1,7,8
5,3,moe,488,33,21006,10401,10401,6454,4080,1,70,0,706,8,1,7,8
5,4,moe,693,36,14579,6678,6678,4787,3015,0,99,0,589,8,2,6,8
5,5,moe,760,38,11622,5497,5497,3958,2108,0,59,0,589,8,3,5,8
5,6,moe,697,34,9449,4835,4835,3771,762,0,81,0,700,8,4,4,8
5,7,moe,534,33,7259,3282,3282,2437,1471,0,69,0,582,8,5,3,8
5,8,moe,695,34,7228,3260,3260,2373,1554,0,41,0,586,8,5,3,8
5,9,moe,763,44,13077,7012,7012,5614,361,0,90,0,697,8,2,6,8
5,10,moe,688,30,5868,3224,3224,2427,155,0,62,0,579,8,5,3,8
5,11,moe,525,28,15957,7505,7505,5538,2849,0,65,0,593,8,1,7,8
5,12,moe,699,34,13427,7381,7381,5604,357,0,85,0,697,8,2,6,8
5,13,moe,751,32,9809,5469,5470,4002,248,0,89,0,578,8,3,5,8
5,14,moe,692,30,7836,4434,4434,3154,198,0,50,0,573,8,4,4,8
5,15,moe,526,33,10946,5906,5906,4682,286,0,72,0,686,8,3,5,8
5,16,moe,689,30,7890,4407,4407,3216,198,0,69,0,572,8,4,4,8
5,17,moe,749,30,7816,4423,4423,3154,199,0,40,0,576,8,4,4,8
5,18,moe,697,31,11146,4144,4144,6498,404,0,100,0,694,8,1,7,8
5,19,moe,520,229,4527,1054,1054,3204,199,0,70,0,578,8,4,4,8
5,20,moe,696,36,3468,884,884,2378,164,0,42,0,661,8,5,3,8
5,21,moe,756,44,6706,1595,1595,4708,316,1,86,0,817,8,3,5,8
5,22,moe,741,36,3449,791,791,2429,164,0,65,0,581,8,5,3,8
5,23,moe,556,39,2721,628,628,1924,118,0,51,0,690,8,6,2,8
5,24,moe,763,42,5204,1256,1256,3667,231,0,50,0,691,8,4,4,8
5,25,moe,767,36,5223,1254,1255,3679,240,0,49,0,689,8,4,4,8
5,26,moe,528,32,7497,3958,3958,2750,753,0,36,0,1222,8,5,3,8
5,-1,epi,0,0,0,0,0,0,0,0,4933,0,0,0,0,0,0
6,-2,pre,222,0,0,0,0,0,0,0,0,0,0,0,0,0,0
6,0,dense,1241,33,0,0,0,0,0,0,0,0,0,0,0,0,0
6,1,moe,708,33,12874,6149,6149,4772,1901,0,52,0,655,8,3,5,8
6,2,moe,661,35,11595,5211,5211,3834,2495,0,55,0,671,8,4,4,8
6,3,moe,491,34,13984,5956,5956,4789,3180,0,59,0,657,8,3,5,8
6,4,moe,673,37,12947,8550,8551,4051,250,1,94,0,579,8,3,5,8
6,5,moe,756,34,5956,3405,3405,2364,150,0,37,0,572,8,5,3,8
6,6,moe,688,31,4533,2443,2443,1923,117,0,50,0,691,8,6,2,8
6,7,moe,519,31,8740,4267,4267,3227,1173,0,73,0,582,8,4,4,8
6,8,moe,696,35,11506,5368,5368,3965,2116,0,57,0,621,8,3,5,8
6,9,moe,756,34,9302,4685,4685,3769,778,1,69,0,699,8,4,4,8
6,10,moe,691,33,11017,5353,5353,4008,1567,0,89,0,587,8,3,5,8
6,11,moe,521,30,3889,2185,2185,1570,102,0,32,0,576,8,6,2,8
6,12,moe,691,29,6560,3501,3501,2824,172,0,63,0,688,8,5,3,8
6,13,moe,751,30,5850,3220,3220,2424,149,0,57,0,571,8,5,3,8
6,14,moe,706,34,5759,3210,3210,2361,150,0,38,0,571,8,5,3,8
6,15,moe,519,31,11418,5870,5870,4674,805,0,69,0,701,8,3,5,8
6,16,moe,694,32,11620,6411,6411,4794,311,0,104,0,579,8,2,6,8
6,17,moe,755,31,9584,5325,5325,3940,266,0,53,0,585,8,3,5,8
6,18,moe,697,33,1782,658,658,1023,63,0,38,0,692,8,7,1,8
6,19,moe,542,30,6294,1387,1387,4032,785,0,90,0,591,8,3,5,8
6,20,moe,740,37,4675,1235,1235,3181,206,0,53,0,614,8,4,4,8
6,21,moe,989,56,3598,841,841,2471,185,0,101,0,1504,8,6,2,8
6,22,moe,1652,112,5480,1046,1047,3930,321,1,181,0,699,8,5,3,8
6,23,moe,603,38,4710,1119,1119,3260,234,0,97,0,905,8,5,3,8
6,24,moe,797,44,4352,1017,1019,3037,250,0,46,0,894,8,5,3,8
6,25,moe,949,39,4635,1039,1041,3292,256,0,46,0,1401,8,5,3,8
6,26,moe,2929,109,10723,5283,5283,4157,1191,0,92,0,1401,8,4,4,8
6,-1,epi,0,0,0,0,0,0,0,0,4194,0,0,0,0,0,0
7,-2,pre,151,0,0,0,0,0,0,0,0,0,0,0,0,0,0
7,0,dense,1260,36,0,0,0,0,0,0,0,0,0,0,0,0,0
7,1,moe,718,39,11648,5997,5997,5017,568,0,66,0,789,8,3,5,8
7,2,moe,692,41,5607,2305,2305,1982,1285,0,35,0,880,8,6,2,8
7,3,moe,717,35,2546,1135,1135,994,390,0,27,0,883,8,7,1,8
7,4,moe,820,35,6552,3648,3648,2645,178,0,81,0,771,8,5,3,8
7,5,moe,933,34,4579,2206,2206,1713,626,0,34,0,843,8,6,2,8
7,6,moe,854,39,2380,1156,1156,1106,68,0,50,0,932,8,7,1,8
7,7,moe,720,34,8108,4299,4299,3499,229,2,79,0,663,8,4,4,8
7,8,moe,659,37,8796,4531,4532,3471,747,0,46,0,662,8,4,4,8
7,9,moe,753,39,4711,2398,2398,2102,135,0,76,0,773,8,6,2,8
7,10,moe,679,35,2402,1374,1374,920,61,0,47,0,641,8,7,1,8
7,11,moe,560,34,5513,2234,2234,3067,174,0,38,0,653,8,6,2,8
7,12,moe,682,35,11744,5990,5990,5301,352,0,101,0,768,8,3,5,8
7,13,moe,740,43,6526,3480,3480,2776,185,0,85,0,678,8,5,3,8
7,14,moe,812,63,6537,3587,3587,2686,177,0,87,0,650,8,5,3,8
7,15,moe,549,38,12132,5989,5990,5646,396,1,99,0,792,8,3,5,8
7,16,moe,671,38,4190,2136,2136,1863,119,0,72,0,654,8,6,2,8
7,17,moe,753,38,6181,3280,3281,2670,175,0,55,0,680,8,5,3,8
7,18,moe,716,42,7181,3521,3521,3363,214,0,83,0,788,8,5,3,8
7,19,moe,561,36,3950,801,801,2886,187,0,76,0,663,8,5,3,8
7,20,moe,709,41,2628,577,577,1882,129,0,40,0,638,8,6,2,8
7,21,moe,748,34,9261,1388,1388,7392,345,0,136,0,801,8,4,4,8
7,22,moe,891,50,5361,1128,1129,3893,251,0,88,0,633,8,4,4,8
7,23,moe,568,47,3191,664,665,2308,150,3,65,0,775,8,6,2,8
7,24,moe,759,40,1556,348,348,1101,79,0,28,0,800,8,7,1,8
7,25,moe,856,38,5516,1913,1913,3313,241,0,49,0,799,8,5,3,8
7,26,moe,546,35,5445,2447,2447,2331,617,0,50,0,766,8,6,2,8
7,-1,epi,0,0,0,0,0,0,0,0,3846,0,0,0,0,0,0
8,-2,pre,315,0,0,0,0,0,0,0,0,0,0,0,0,0,0
8,0,dense,1309,45,0,0,0,0,0,0,0,0,0,0,0,0,0
8,1,moe,788,42,8193,3785,3787,4072,276,0,58,0,832,8,5,3,8
8,2,moe,908,50,7518,2580,2581,3494,1383,0,60,0,823,8,6,2,8
8,3,moe,684,41,10430,5160,5161,4843,347,0,79,0,799,8,4,4,8
8,4,moe,707,43,6234,2477,2477,3392,176,0,189,0,716,8,6,2,8
8,5,moe,994,103,7490,3786,3786,3296,229,1,178,0,662,8,5,3,8
8,6,moe,787,55,16184,7818,7821,7715,507,0,141,0,819,8,2,6,8
8,7,moe,630,49,5551,2227,2228,2516,716,1,90,0,685,8,6,2,8
8,8,moe,786,53,4988,2463,2464,2307,160,0,57,0,642,8,6,2,8
8,9,moe,749,55,9313,4291,4291,4001,926,0,95,0,768,8,5,3,8
8,10,moe,981,70,7626,3753,3753,3515,221,1,136,0,668,8,5,3,8
8,11,moe,601,48,11240,4532,4533,6241,388,0,78,0,683,8,4,4,8
8,12,moe,738,51,8096,3856,3856,3898,239,0,103,0,1040,8,5,3,8
8,13,moe,753,44,7172,3407,3408,3456,216,0,92,0,785,8,5,3,8
8,14,moe,1018,55,7457,3418,3418,3700,238,0,101,0,622,8,5,3,8
8,15,moe,641,47,5334,2442,2443,2645,159,0,87,0,803,8,6,2,8
8,16,moe,787,48,9221,4463,4463,4373,274,0,111,0,651,8,4,4,8
8,17,moe,780,53,8674,5080,5080,3321,213,0,60,0,687,8,5,3,8
8,18,moe,742,66,8265,3870,3870,3842,469,0,84,0,763,8,5,3,8
8,19,moe,598,48,5943,3488,3488,2233,146,1,75,0,701,8,6,2,8
8,20,moe,711,51,2969,596,596,2180,154,0,39,0,635,8,6,2,8
8,21,moe,760,51,2791,1295,1295,1356,83,0,57,0,759,8,7,1,8
8,22,moe,751,43,3221,589,589,2208,355,0,69,0,657,8,6,2,8
8,23,moe,599,38,10,0,0,0,0,0,10,0,728,8,8,0,8
8,24,moe,767,43,1853,341,341,1365,82,0,65,0,770,8,7,1,8
8,25,moe,763,40,7388,1400,1400,5519,398,1,70,0,780,8,4,4,8
8,26,moe,616,40,8737,3893,3893,3763,1015,0,66,0,790,8,5,3,8
8,-1,epi,0,0,0,0,0,0,0,0,4257,0,0,0,0,0,0
9,-2,pre,286,0,0,0,0,0,0,0,0,0,0,0,0,0,0
9,0,dense,1400,47,0,0,0,0,0,0,0,0,0,0,0,0,0
9,1,moe,999,79,11554,3732,3732,7162,579,1,80,0,783,8,5,3,8
9,2,moe,1749,115,10783,3854,3854,6456,375,0,98,0,719,8,5,3,8
9,3,moe,565,42,5517,2564,2564,2724,180,0,49,0,653,8,6,2,8
9,4,moe,728,43,9428,5481,5481,3622,221,0,104,0,590,8,5,3,8
9,5,moe,803,45,10303,5060,5060,4318,856,0,69,0,581,8,4,4,8
9,6,moe,718,42,15,0,0,0,0,0,15,0,635,8,8,0,8
9,7,moe,531,38,6985,3500,3500,3222,204,0,59,0,576,8,5,3,8
9,8,moe,725,50,4681,2322,2322,2167,144,0,48,0,672,8,6,2,8
9,9,moe,778,41,7149,2950,2950,3865,239,0,95,0,817,8,5,3,8
9,10,moe,718,45,14,0,0,0,0,0,14,0,619,8,8,0,8
9,11,moe,607,40,2484,1198,1198,1150,71,3,62,0,661,8,7,1,8
9,12,moe,728,49,1910,392,392,1379,88,1,50,0,820,8,7,1,8
9,13,moe,809,45,2621,1332,1332,1144,75,1,69,0,715,8,7,1,8
9,14,moe,735,44,2349,1164,1164,1082,71,0,32,0,673,8,7,1,8
9,15,moe,579,40,3606,725,725,2640,171,0,70,0,942,8,6,2,8
9,16,moe,962,46,7034,3395,3395,3315,214,0,110,0,666,8,5,3,8
9,17,moe,772,42,3866,1521,1521,2154,140,0,51,0,661,8,6,2,8
9,18,moe,738,44,5410,2517,2517,2641,173,0,79,0,811,8,6,2,8
9,19,moe,577,44,1696,301,301,1255,80,0,60,0,666,8,7,1,8
9,20,moe,750,52,1600,321,321,1170,79,0,30,0,666,8,7,1,8
9,21,moe,802,47,3825,745,745,2835,181,0,64,0,654,8,6,2,8
9,22,moe,771,44,7423,1538,1538,5433,348,0,104,0,579,8,3,5,8
9,23,moe,538,48,1824,343,343,1353,80,0,48,0,652,8,7,1,8
9,24,moe,743,44,3427,727,727,2504,156,0,40,0,652,8,6,2,8
9,25,moe,747,42,5252,1170,1170,3748,278,0,56,0,646,8,5,3,8
9,26,moe,534,38,6393,2725,2725,2507,1119,0,42,0,652,8,6,2,8
9,-1,epi,0,0,0,0,0,0,0,0,3848,0,0,0,0,0,0
10,-2,pre,241,0,0,0,0,0,0,0,0,0,0,0,0,0,0
10,0,dense,1272,43,0,0,0,0,0,0,0,0,0,0,0,0,0
10,1,moe,759,45,22770,11475,11476,10272,903,0,119,0,824,8,0,8,8
10,2,moe,735,92,5151,2433,2433,2510,158,3,47,0,830,8,6,2,8
10,3,moe,613,53,11108,5120,5120,5282,638,0,68,0,851,8,4,4,8
10,4,moe,743,56,9540,4728,4729,4390,301,0,120,0,749,8,4,4,8
10,5,moe,799,62,4694,2363,2364,2141,138,3,48,0,699,8,6,2,8
10,6,moe,755,44,5479,2628,2628,2609,167,0,75,0,841,8,6,2,8
10,7,moe,605,48,6927,3284,3286,3322,213,0,106,0,722,8,5,3,8
10,8,moe,764,50,7129,3607,3607,3233,220,1,68,0,701,8,5,3,8
10,9,moe,795,47,13043,5819,5819,6405,704,0,115,0,840,8,3,5,8
10,10,moe,739,48,9867,4981,4981,4436,306,0,144,0,706,8,4,4,8
10,11,moe,600,43,11473,5628,5628,5393,367,0,85,0,672,8,3,5,8
10,12,moe,718,45,10086,4491,4492,5152,335,0,107,0,699,8,4,4,8
10,13,moe,792,53,6987,3371,3371,3303,212,0,101,0,578,8,5,3,8
10,14,moe,711,45,9225,4531,4532,4335,290,0,68,0,586,8,4,4,8
10,15,moe,529,41,17400,7825,7825,8887,544,0,144,0,658,8,1,7,8
10,16,moe,716,43,13278,6474,6474,6283,394,0,127,0,576,8,2,6,8
10,17,moe,725,41,12933,6455,6456,6009,376,0,92,0,572,8,2,6,8
10,18,moe,695,40,15176,7538,7538,7087,433,0,118,0,644,8,2,6,8
10,19,moe,512,37,13520,6922,6922,6090,392,0,116,0,575,8,2,6,8
10,20,moe,693,39,8664,3292,3292,4985,316,0,71,0,570,8,3,5,8
10,21,moe,727,38,8147,1777,1777,5908,365,0,97,0,638,8,3,5,8
10,22,moe,720,36,5659,1248,1248,4066,253,0,92,0,588,8,4,4,8
10,23,moe,516,35,6477,1356,1356,4751,291,0,79,0,642,8,4,4,8
10,24,moe,729,36,9394,2174,2174,6722,418,0,80,0,659,8,2,6,8
10,25,moe,714,37,8848,2976,2976,5451,351,0,70,0,650,8,3,5,8
10,26,moe,504,42,15632,6312,6312,5462,3791,1,66,0,653,8,3,5,8
10,-1,epi,0,0,0,0,0,0,0,0,3837,0,0,0,0,0,0
11,-2,pre,231,0,0,0,0,0,0,0,0,0,0,0,0,0,0
11,0,dense,1202,42,0,0,0,0,0,0,0,0,0,0,0,0,0
11,1,moe,703,41,2730,1294,1294,1094,309,1,32,0,661,8,7,1,8
11,2,moe,679,41,4936,2568,2568,2184,145,0,39,0,655,8,6,2,8
11,3,moe,510,37,4959,2602,2602,2179,144,0,34,0,640,8,6,2,8
11,4,moe,665,39,4587,2416,2416,1971,119,0,81,0,569,8,6,2,8
11,5,moe,701,37,4304,2271,2272,1873,120,0,39,0,566,8,6,2,8
11,6,moe,665,41,4915,2418,2418,2300,137,0,60,0,645,8,6,2,8
11,7,moe,495,32,4324,2178,2178,1959,120,3,64,0,584,8,6,2,8
11,8,moe,679,38,6567,3539,3539,2799,182,0,47,0,570,8,5,3,8
11,9,moe,704,40,7067,3378,3378,3393,207,0,89,0,653,8,5,3,8
11,10,moe,666,38,6530,3370,3370,2898,184,1,77,0,569,8,5,3,8
11,11,moe,502,37,4308,2283,2283,1868,120,0,37,0,566,8,6,2,8
11,12,moe,666,36,9835,4994,4994,4470,276,0,95,0,647,8,4,4,8
11,13,moe,697,39,4462,2334,2334,1943,120,0,65,0,561,8,6,2,8
11,14,moe,755,40,17501,11429,11430,5625,366,0,80,0,563,8,2,6,8
11,15,moe,533,44,9731,4872,4872,4500,273,0,86,0,639,8,4,4,8
11,16,moe,659,40,12638,6798,6798,5392,337,0,111,0,556,8,2,6,8
11,17,moe,684,38,8874,4106,4107,4427,278,0,62,0,572,8,3,5,8
11,18,moe,659,38,11620,5956,5956,5254,322,0,88,0,628,8,3,5,8
11,19,moe,484,31,9590,5675,5675,3606,224,0,85,0,570,8,4,4,8
11,20,moe,659,33,4165,2250,2251,1766,115,0,33,0,568,8,6,2,8
11,21,moe,696,34,7115,2506,2507,4258,257,0,93,0,629,8,4,4,8
11,22,moe,689,37,3926,949,949,2736,168,0,73,0,565,8,5,3,8
11,23,moe,483,35,3030,669,669,2179,129,0,53,0,643,8,6,2,8
11,24,moe,690,39,5900,1429,1429,4147,268,0,56,0,633,8,4,4,8
11,25,moe,689,38,7340,1793,1795,5150,333,0,62,0,655,8,3,5,8
11,26,moe,494,36,16152,7503,7503,6176,2397,0,76,0,639,8,2,6,8
11,-1,epi,0,0,0,0,0,0,0,0,3854,0,0,0,0,0,0
12,-2,pre,225,0,0,0,0,0,0,0,0,0,0,0,0,0,0
12,0,dense,1182,39,0,0,0,0,0,0,0,0,0,0,0,0,0
12,1,moe,694,38,9595,5135,5137,4130,270,0,58,0,635,8,4,4,8
12,2,moe,660,37,6970,3616,3616,3100,193,0,61,0,634,8,5,3,8
12,3,moe,489,34,4761,2525,2525,2064,135,0,37,0,639,8,6,2,8
12,4,moe,659,37,6486,3474,3475,2734,176,0,101,0,553,8,5,3,8
12,5,moe,688,35,5715,2633,2633,2664,375,0,43,0,556,8,5,3,8
12,6,moe,657,35,4738,2353,2353,2183,138,0,64,0,633,8,6,2,8
12,7,moe,483,34,2322,1249,1249,968,57,0,48,0,557,8,7,1,8
12,8,moe,656,35,4253,2323,2323,1775,113,0,42,0,556,8,6,2,8
12,9,moe,686,35,11662,5963,5964,5285,321,0,92,0,630,8,3,5,8
12,10,moe,652,45,3428,1412,1412,1843,113,0,60,0,562,8,6,2,8
12,11,moe,487,32,8530,4398,4398,3544,539,0,49,0,559,8,4,4,8
12,12,moe,655,36,11702,6037,6038,5248,320,0,96,0,633,8,3,5,8
12,13,moe,682,35,7558,3624,3624,3619,236,0,79,0,613,8,4,4,8
12,14,moe,667,38,6270,3364,3364,2671,182,0,53,0,659,8,5,3,8
12,15,moe,515,35,9502,4910,4910,4232,268,0,92,0,629,8,4,4,8
12,16,moe,654,37,12032,6196,6196,5388,332,0,116,0,561,8,2,6,8
12,17,moe,679,35,6750,2942,2942,3530,225,0,53,0,557,8,4,4,8
12,18,moe,655,34,11684,6199,6199,5081,308,0,96,0,631,8,3,5,8
12,19,moe,3321,36,5330,2451,2451,2633,168,0,78,0,559,8,5,3,8
12,20,moe,656,35,3402,1550,1550,1702,114,0,36,0,556,8,6,2,8
12,21,moe,689,37,4959,1589,1589,3108,188,0,74,0,632,8,5,3,8
12,22,moe,671,38,3679,818,818,2619,163,0,79,0,556,8,5,3,8
12,23,moe,477,31,8,0,0,0,0,0,8,0,618,8,8,0,8
12,24,moe,669,31,5623,1256,1256,4055,246,0,66,0,624,8,4,4,8
12,25,moe,681,38,2775,639,639,1976,131,0,29,0,637,8,6,2,8
12,26,moe,487,34,6024,2812,2812,2981,193,0,38,0,626,8,5,3,8
12,-1,epi,0,0,0,0,0,0,0,0,3814,0,0,0,0,0,0
13,-2,pre,218,0,0,0,0,0,0,0,0,0,0,0,0,0,0
13,0,dense,1165,34,0,0,0,0,0,0,0,0,0,0,0,0,0
13,1,moe,692,37,7545,3300,3300,3952,246,0,47,0,620,8,4,4,8
13,2,moe,656,36,2450,1330,1330,1031,67,0,22,0,620,8,7,1,8
13,3,moe,483,33,2336,1213,1213,1034,69,0,20,0,620,8,7,1,8
13,4,moe,655,38,9,0,0,0,0,1,8,0,551,8,8,0,8
13,5,moe,681,35,2293,1193,1193,984,60,0,56,0,553,8,7,1,8
13,6,moe,663,36,2653,1384,1384,1161,68,0,40,0,617,8,7,1,8
13,7,moe,476,31,2222,1161,1161,963,59,0,39,0,551,8,7,1,8
13,8,moe,656,32,2105,1141,1141,886,57,0,21,0,559,8,7,1,8
13,9,moe,684,49,2483,1221,1221,1148,65,0,49,0,622,8,7,1,8
13,10,moe,656,32,2224,1155,1155,964,58,0,47,0,548,8,7,1,8
13,11,moe,486,30,4281,2371,2371,1767,112,0,31,0,555,8,6,2,8
13,12,moe,649,33,3044,657,658,2202,128,0,56,0,629,8,6,2,8
13,13,moe,675,32,2187,1108,1108,979,57,0,43,0,561,8,7,1,8
13,14,moe,654,34,3420,1512,1512,1766,112,0,30,0,552,8,6,2,8
13,15,moe,495,35,8408,2700,2700,5289,334,0,85,0,628,8,3,5,8
13,16,moe,643,34,8090,3207,3207,4510,291,0,82,0,556,8,3,5,8
13,17,moe,686,39,4646,1762,1763,2671,175,0,37,0,551,8,5,3,8
13,18,moe,651,35,9037,4573,4573,4138,254,0,72,0,626,8,4,4,8
13,19,moe,473,30,5130,1380,1380,3456,217,0,77,0,558,8,4,4,8
13,20,moe,646,34,2126,1201,1201,848,56,0,21,0,557,8,7,1,8
13,21,moe,684,34,4102,1836,1836,2086,128,0,52,0,620,8,6,2,8
13,22,moe,676,33,2452,525,525,1762,113,0,52,0,555,8,6,2,8
13,23,moe,474,33,8,0,0,0,0,0,8,0,615,8,8,0,8
13,24,moe,673,32,5676,1268,1268,4082,256,0,70,0,626,8,4,4,8
13,25,moe,686,36,1394,311,311,994,70,0,19,0,616,8,7,1,8
13,26,moe,485,34,2924,608,608,1969,319,0,28,0,631,8,6,2,8
13,-1,epi,0,0,0,0,0,0,0,0,3810,0,0,0,0,0,0
14,-2,pre,48,0,0,0,0,0,0,0,0,0,0,0,0,0,0
14,0,dense,1188,34,0,0,0,0,0,0,0,0,0,0,0,0,0
14,1,moe,683,35,7210,1653,1653,5164,335,0,58,0,652,8,3,5,8
14,2,moe,655,36,10,0,0,0,0,0,10,0,618,8,8,0,8
14,3,moe,485,36,10,0,0,0,0,0,10,0,620,8,8,0,8
14,4,moe,652,31,9,0,0,0,0,0,9,0,547,8,8,0,8
14,5,moe,681,33,2493,1406,1406,975,58,0,54,0,549,8,7,1,8
14,6,moe,651,34,2574,1302,1302,1159,68,0,45,0,624,8,7,1,8
14,7,moe,488,31,2246,1153,1153,995,58,0,40,0,546,8,7,1,8
14,8,moe,658,33,2182,1211,1211,889,60,0,22,0,544,8,7,1,8
14,9,moe,681,35,9,0,0,0,0,0,9,0,616,8,8,0,8
14,10,moe,660,38,9,0,0,0,0,0,9,0,548,8,8,0,8
14,11,moe,483,264,4818,3846,3846,889,60,0,23,0,549,8,7,1,8
14,12,moe,655,40,7760,3160,3161,4249,271,0,79,0,637,8,4,4,8
14,13,moe,684,41,4205,2173,2174,1856,118,0,57,0,560,8,6,2,8
14,14,moe,661,37,4047,2137,2137,1764,114,0,32,0,548,8,6,2,8
14,15,moe,475,36,10597,3819,3819,6298,397,0,83,0,631,8,2,6,8
14,16,moe,643,40,6087,2122,2122,3638,242,0,85,0,557,8,4,4,8
14,17,moe,697,33,7356,1628,1628,5311,353,0,64,0,565,8,2,6,8
14,18,moe,660,36,8520,4094,4094,4091,246,0,89,0,629,8,4,4,8
14,19,moe,483,34,7292,2628,2628,4310,270,0,84,0,551,8,3,5,8
14,20,moe,653,36,17,0,0,0,0,0,17,0,551,8,8,0,8
14,21,moe,684,34,4344,959,959,3083,187,0,115,0,621,8,5,3,8
14,22,moe,681,35,4820,1076,1076,3456,215,0,73,0,551,8,4,4,8
14,23,moe,483,31,1484,306,307,1076,64,0,37,0,623,8,7,1,8
14,24,moe,680,31,4142,955,955,2963,187,0,37,0,623,8,5,3,8
14,25,moe,686,33,1377,310,310,985,62,0,20,0,634,8,7,1,8
14,26,moe,486,45,6323,2905,2905,2971,402,0,45,0,629,8,5,3,8
14,-1,epi,0,0,0,0,0,0,0,0,3810,0,0,0,0,0,0
15,-2,pre,211,0,0,0,0,0,0,0,0,0,0,0,0,0,0
15,0,dense,1164,35,0,0,0,0,0,0,0,0,0,0,0,0,0
15,1,moe,680,33,9932,3277,3277,6190,396,0,69,0,622,8,2,6,8
15,2,moe,648,34,10,0,0,0,0,0,10,0,622,8,8,0,8
15,3,moe,486,32,9,0,0,0,0,0,9,0,621,8,8,0,8
15,4,moe,647,33,9,0,0,0,0,0,9,0,548,8,8,0,8
15,5,moe,678,32,9,0,0,0,0,0,9,0,539,8,8,0,8
15,6,moe,656,34,3856,1629,1629,2059,135,1,32,0,618,8,6,2,8
15,7,moe,496,33,2322,1225,1225,976,59,0,62,0,552,8,7,1,8
15,8,moe,669,36,2210,1238,1238,888,60,0,24,0,561,8,7,1,8
15,9,moe,693,31,2552,1294,1294,1144,66,0,48,0,620,8,7,1,8
15,10,moe,658,32,9,0,0,0,0,0,9,0,540,8,8,0,8
15,11,moe,482,30,6951,3988,3988,2720,170,0,73,0,548,8,5,3,8
15,12,moe,648,34,3948,1576,1577,2180,134,0,57,0,627,8,6,2,8
15,13,moe,678,33,2208,1110,1110,980,61,0,57,0,552,8,7,1,8
15,14,moe,649,32,2162,1194,1194,885,60,0,23,0,546,8,7,1,8
15,15,moe,473,32,7818,3264,3264,4228,256,0,70,0,621,8,4,4,8
15,16,moe,652,38,3845,816,816,2726,173,0,130,0,550,8,5,3,8
15,17,moe,682,40,11352,5411,5411,5318,561,0,62,0,557,8,2,6,8
15,18,moe,661,39,11725,5242,5242,6027,370,0,86,0,620,8,2,6,8
15,19,moe,479,41,5455,2621,2621,2608,159,0,67,0,555,8,5,3,8
15,20,moe,647,34,8147,4481,4481,3399,221,0,46,0,559,8,4,4,8
15,21,moe,683,34,3803,1540,1540,2077,124,0,62,0,620,8,6,2,8
15,22,moe,675,33,4843,1069,1070,3473,216,0,84,0,554,8,4,4,8
15,23,moe,482,31,2859,616,616,2074,124,0,45,0,623,8,6,2,8
15,24,moe,681,35,5550,1269,1269,3966,271,0,44,0,683,8,4,4,8
15,25,moe,705,35,1403,320,320,990,72,0,21,0,799,8,7,1,8
15,26,moe,546,33,9658,5115,5115,3985,504,0,54,0,628,8,4,4,8
15,-1,epi,0,0,0,0,0,0,0,0,3824,0,0,0,0,0,0
16,-2,pre,219,0,0,0,0,0,0,0,0,0,0,0,0,0,0
16,0,dense,1173,39,0,0,0,0,0,0,0,0,0,0,0,0,0
16,1,moe,689,38,10888,5526,5527,4979,325,0,57,0,628,8,3,5,8
16,2,moe,640,36,8282,4026,4026,3956,250,0,50,0,634,8,4,4,8
16,3,moe,475,33,8442,4175,4175,3959,260,0,48,0,624,8,4,4,8
16,4,moe,643,36,8428,4625,4625,3491,223,1,88,0,549,8,4,4,8
16,5,moe,679,33,10252,5658,5659,4264,275,0,54,0,554,8,3,5,8
16,6,moe,645,32,7376,3823,3823,3097,389,0,67,0,626,8,5,3,8
16,7,moe,476,32,4128,2178,2178,1775,114,0,61,0,557,8,6,2,8
16,8,moe,651,33,4057,2223,2223,1694,108,0,32,0,554,8,6,2,8
16,9,moe,681,36,7009,3690,3690,3063,187,0,69,0,621,8,5,3,8
16,10,moe,653,32,9,0,0,0,0,0,9,0,544,8,8,0,8
16,11,moe,481,30,9278,4608,4608,4306,274,0,90,0,566,8,3,5,8
16,12,moe,645,33,6275,2953,2953,3076,188,0,58,0,626,8,5,3,8
16,13,moe,679,32,2216,1185,1185,929,54,0,48,0,547,8,7,1,8
16,14,moe,652,31,7202,3545,3546,3392,214,0,50,0,552,8,4,4,8
16,15,moe,478,36,7813,3407,3407,4086,249,0,71,0,631,8,4,4,8
16,16,moe,648,33,9396,4718,4718,4329,268,0,81,0,546,8,3,5,8
16,17,moe,672,33,6081,3321,3321,2554,167,0,39,0,549,8,5,3,8
16,18,moe,643,38,9459,5064,5065,4059,263,0,72,0,670,8,4,4,8
16,19,moe,485,34,2113,1070,1070,935,58,0,50,0,549,8,7,1,8
16,20,moe,682,34,1201,275,275,851,57,0,18,0,557,8,7,1,8
16,21,moe,683,36,2500,1275,1275,1115,63,0,47,0,620,8,7,1,8
16,22,moe,682,35,1319,286,286,932,56,0,45,0,549,8,7,1,8
16,23,moe,481,30,1497,294,294,1104,62,0,37,0,632,8,7,1,8
16,24,moe,681,33,2753,627,627,1968,126,0,32,0,629,8,6,2,8
16,25,moe,691,37,2763,628,628,1976,129,0,30,0,672,8,6,2,8
16,26,moe,505,35,10,0,0,0,0,0,10,0,642,8,8,0,8
16,-1,epi,0,0,0,0,0,0,0,0,3820,0,0,0,0,0,0
17,-2,pre,45,0,0,0,0,0,0,0,0,0,0,0,0,0,0
17,0,dense,1194,40,0,0,0,0,0,0,0,0,0,0,0,0,0
17,1,moe,685,34,2521,1445,1445,989,66,0,21,0,615,8,7,1,8
17,2,moe,654,34,2497,1417,1417,989,65,0,26,0,615,8,7,1,8
17,3,moe,490,33,3763,1640,1640,1972,126,0,25,0,617,8,6,2,8
17,4,moe,645,31,5606,2735,2736,2627,170,0,73,0,542,8,5,3,8
17,5,moe,687,35,10,0,0,0,0,0,10,0,543,8,8,0,8
17,6,moe,663,34,2483,1262,1262,1107,63,0,51,0,623,8,7,1,8
17,7,moe,477,33,2487,543,543,1776,114,0,54,0,550,8,6,2,8
17,8,moe,679,263,8175,6327,6327,1703,114,0,31,0,552,8,6,2,8
17,9,moe,674,37,9,0,0,0,0,0,9,0,618,8,8,0,8
17,10,moe,654,35,4304,2461,2461,1701,113,0,29,0,559,8,6,2,8
17,11,moe,490,39,5231,2475,2475,2549,169,0,38,0,562,8,5,3,8
17,12,moe,652,37,7055,3726,3726,3079,193,0,57,0,622,8,5,3,8
17,13,moe,676,40,3384,1440,1441,1775,109,0,59,0,545,8,6,2,8
17,14,moe,647,36,20,0,0,0,0,0,20,0,542,8,8,0,8
17,15,moe,478,30,4695,2427,2427,2088,125,0,55,0,619,8,6,2,8
17,16,moe,643,32,4157,2217,2217,1778,108,0,54,0,555,8,6,2,8
17,17,moe,680,33,1214,290,290,851,57,0,16,0,553,8,7,1,8
17,18,moe,646,33,4670,2408,2409,2083,124,0,54,0,627,8,6,2,8
17,19,moe,494,31,2199,1169,1169,929,55,0,46,0,542,8,7,1,8
17,20,moe,641,31,2137,1210,1210,848,56,0,23,0,554,8,7,1,8
17,21,moe,680,31,3760,1510,1510,2075,123,0,52,0,623,8,6,2,8
17,22,moe,677,31,9,0,0,0,0,0,9,0,539,8,8,0,8
17,23,moe,484,34,1395,318,318,993,65,0,19,0,623,8,7,1,8
17,24,moe,676,32,2775,640,640,1980,129,0,26,0,622,8,6,2,8
17,25,moe,679,33,4159,965,965,2970,191,0,33,0,623,8,5,3,8
17,26,moe,477,32,9,0,0,0,0,0,9,0,623,8,8,0,8
17,-1,epi,0,0,0,0,0,0,0,0,3818,0,0,0,0,0,0
18,-2,pre,222,0,0,0,0,0,0,0,0,0,0,0,0,0,0
18,0,dense,1158,32,0,0,0,0,0,0,0,0,0,0,0,0,0
18,1,moe,678,31,6963,3771,3771,2963,189,0,40,0,636,8,5,3,8
18,2,moe,646,33,4632,2502,2503,1976,125,0,28,0,617,8,6,2,8
18,3,moe,472,31,10397,5104,5104,4933,311,0,49,0,628,8,3,5,8
18,4,moe,660,40,6196,3345,3345,2611,169,0,71,0,545,8,5,3,8
18,5,moe,677,36,4107,2270,2270,1696,111,0,30,0,558,8,6,2,8
18,6,moe,648,32,6193,2871,2871,3073,186,0,63,0,627,8,5,3,8
18,7,moe,478,31,4227,2283,2284,1776,107,0,60,0,555,8,6,2,8
18,8,moe,649,32,4016,2177,2177,1697,110,0,32,0,558,8,6,2,8
18,9,moe,681,31,4714,2440,2441,2097,124,0,52,0,619,8,6,2,8
18,10,moe,646,31,6118,3250,3251,2629,162,0,76,0,554,8,5,3,8
18,11,moe,477,29,10636,6807,6807,3393,394,0,42,0,554,8,4,4,8
18,12,moe,657,30,4688,2401,2401,2104,126,0,57,0,620,8,6,2,8
18,13,moe,679,31,2160,1153,1153,907,55,0,45,0,552,8,7,1,8
18,14,moe,654,33,8099,4424,4424,3403,226,0,46,0,560,8,4,4,8
18,15,moe,478,32,14194,6594,6594,7055,447,1,97,0,633,8,1,7,8
18,16,moe,645,33,8697,4937,4937,3470,215,0,75,0,552,8,4,4,8
18,17,moe,679,31,10377,5807,5807,4243,268,0,59,0,553,8,3,5,8
18,18,moe,647,31,11509,6052,6052,5068,307,0,82,0,623,8,3,5,8
18,19,moe,478,31,9549,4887,4888,4309,269,0,83,0,564,8,3,5,8
18,20,moe,642,33,8080,4422,4422,3398,215,0,45,0,553,8,4,4,8
18,21,moe,690,31,9090,4706,4706,4061,247,0,76,0,624,8,4,4,8
18,22,moe,676,41,9342,4675,4676,4319,266,0,81,0,571,8,3,5,8
18,23,moe,489,30,5603,1220,1220,4046,267,0,70,0,617,8,4,4,8
18,24,moe,675,42,8388,1950,1951,5963,406,0,68,0,775,8,2,6,8
18,25,moe,696,37,8424,2001,2002,5963,390,0,69,0,631,8,2,6,8
18,26,moe,491,40,18858,9932,9933,7899,943,0,83,0,631,8,0,8,8
18,-1,epi,0,0,0,0,0,0,0,0,3817,0,0,0,0,0,0
19,-2,pre,272,0,0,0,0,0,0,0,0,0,0,0,0,0,0
19,0,dense,1161,34,0,0,0,0,0,0,0,0,0,0,0,0,0
19,1,moe,682,34,11598,6289,6289,4947,310,0,52,0,628,8,3,5,8
19,2,moe,649,34,4678,2533,2533,1982,128,0,35,0,623,8,6,2,8
19,3,moe,477,32,4682,2553,2553,1976,123,0,30,0,626,8,6,2,8
19,4,moe,644,35,3232,2185,2185,930,56,0,61,0,552,8,7,1,8
19,5,moe,682,34,4286,2441,2441,1703,113,0,29,0,551,8,6,2,8
19,6,moe,650,34,1576,339,339,1118,66,0,53,0,622,8,7,1,8
19,7,moe,477,36,2140,1104,1104,930,57,0,49,0,544,8,7,1,8
19,8,moe,649,34,6082,3330,3332,2549,163,0,38,0,559,8,5,3,8
19,9,moe,669,33,2476,1283,1283,1087,62,0,44,0,624,8,7,1,8
19,10,moe,649,31,5380,2537,2537,2612,162,0,69,0,554,8,5,3,8
19,11,moe,481,35,7145,3501,3501,3389,214,0,41,0,558,8,4,4,8
19,12,moe,645,33,6203,2867,2867,3088,185,0,63,0,624,8,5,3,8
19,13,moe,679,31,1315,282,282,930,56,0,47,0,548,8,7,1,8
19,14,moe,670,31,3292,1455,1455,1697,109,0,31,0,553,8,6,2,8
19,15,moe,471,31,4721,2466,2466,2083,123,0,49,0,620,8,6,2,8
19,16,moe,640,30,5383,2539,2539,2608,164,0,72,0,548,8,5,3,8
19,17,moe,676,32,4295,2450,2450,1710,108,0,27,0,559,8,6,2,8
19,18,moe,650,33,4673,2398,2398,2092,128,0,55,0,622,8,6,2,8
19,19,moe,481,36,11,0,0,0,0,0,11,0,548,8,8,0,8
19,20,moe,649,32,1346,275,275,956,57,0,58,0,555,8,7,1,8
19,21,moe,687,33,6980,3659,3659,3073,185,0,63,0,621,8,5,3,8
19,22,moe,681,30,2274,1252,1252,917,55,0,50,0,549,8,7,1,8
19,23,moe,476,30,1871,677,677,1095,62,0,37,0,623,8,7,1,8
19,24,moe,677,34,9,0,0,0,0,0,9,0,616,8,8,0,8
19,25,moe,674,31,4135,952,953,2963,184,0,35,0,624,8,5,3,8
19,26,moe,486,32,2403,1326,1326,994,62,1,20,0,636,8,7,1,8
19,-1,epi,0,0,0,0,0,0,0,0,3852,0,0,0,0,0,0
20,-2,pre,211,0,0,0,0,0,0,0,0,0,0,0,0,0,0
20,0,dense,1167,34,0,0,0,0,0,0,0,0,0,0,0,0,0
20,1,moe,682,32,3673,1539,1539,1977,124,0,33,0,633,8,6,2,8
20,2,moe,654,36,6850,3657,3657,2968,186,0,39,0,624,8,5,3,8
20,3,moe,501,30,4542,2414,2414,1973,125,0,30,0,619,8,6,2,8
20,4,moe,646,31,2227,1190,1190,930,54,0,53,0,545,8,7,1,8
20,5,moe,676,246,13159,9510,9511,3390,217,0,41,0,562,8,4,4,8
20,6,moe,646,37,2474,1235,1235,1124,66,0,49,0,630,8,7,1,8
20,7,moe,478,34,4253,2316,2316,1767,112,0,58,0,558,8,6,2,8
20,8,moe,649,35,2074,1144,1145,854,54,0,21,0,548,8,7,1,8
20,9,moe,691,35,7009,3684,3684,3071,186,0,68,0,628,8,5,3,8
20,10,moe,646,43,2238,1210,1210,923,55,0,50,0,550,8,7,1,8
20,11,moe,489,34,9,0,0,0,0,0,9,0,560,8,8,0,8
20,12,moe,645,32,2430,1185,1185,1128,68,0,49,0,625,8,7,1,8
20,13,moe,676,31,2198,1166,1166,929,58,0,45,0,545,8,7,1,8
20,14,moe,653,32,2159,1233,1233,849,57,0,20,0,557,8,7,1,8
20,15,moe,482,34,3777,1500,1500,2096,130,0,51,0,623,8,6,2,8
20,16,moe,642,32,6310,4353,4353,1782,115,0,60,0,548,8,6,2,8
20,17,moe,679,34,6002,3255,3255,2548,163,0,36,0,556,8,5,3,8
20,18,moe,641,32,6169,2757,2757,3080,191,0,141,0,625,8,5,3,8
20,19,moe,486,30,5704,2850,2850,2623,163,0,68,0,551,8,5,3,8
20,20,moe,642,33,3217,1378,1379,1701,110,0,27,0,565,8,6,2,8
20,21,moe,676,34,6949,3583,3583,3107,195,0,64,0,622,8,5,3,8
20,22,moe,688,32,5342,2481,2481,2624,168,0,69,0,565,8,5,3,8
20,23,moe,479,35,3874,1612,1612,2082,128,0,52,0,631,8,6,2,8
20,24,moe,683,30,5545,1279,1279,3964,257,3,42,0,634,8,4,4,8
20,25,moe,677,35,2781,644,644,1979,131,0,27,0,627,8,6,2,8
20,26,moe,493,34,2370,1295,1296,989,66,0,19,0,626,8,7,1,8
20,-1,epi,0,0,0,0,0,0,0,0,3819,0,0,0,0,0,0
21,-2,pre,155,0,0,0,0,0,0,0,0,0,0,0,0,0,0
21,0,dense,1200,40,0,0,0,0,0,0,0,0,0,0,0,0,0
21,1,moe,701,40,11402,5035,5035,5928,373,0,66,0,630,8,2,6,8
21,2,moe,652,32,6854,3662,3662,2964,189,0,39,0,626,8,5,3,8
21,3,moe,481,29,10375,5081,5081,4934,309,0,51,0,618,8,3,5,8
21,4,moe,643,32,4525,1665,1665,2632,161,0,67,0,554,8,5,3,8
21,5,moe,679,30,3185,1353,1353,1698,108,0,26,0,552,8,6,2,8
21,6,moe,649,31,8344,3975,3975,4042,250,0,77,0,634,8,4,4,8
21,7,moe,479,29,6485,2699,2699,3491,216,0,79,0,550,8,4,4,8
21,8,moe,648,31,3331,1493,1493,1701,110,0,27,0,577,8,6,2,8
21,9,moe,680,33,2473,1264,1264,1103,64,0,42,0,629,8,7,1,8
21,10,moe,652,31,6633,2864,2865,3475,215,0,78,0,559,8,4,4,8
21,11,moe,476,32,6257,3501,3501,2555,166,0,35,0,550,8,5,3,8
21,12,moe,648,34,6125,2776,2776,3088,193,0,68,0,621,8,5,3,8
21,13,moe,671,32,5318,2457,2457,2630,165,0,66,0,547,8,5,3,8
21,14,moe,653,31,7251,3588,3589,3399,215,0,48,0,556,8,4,4,8
21,15,moe,484,36,8573,4181,4181,4062,248,0,82,0,636,8,4,4,8
21,16,moe,638,32,8233,4466,4466,3482,216,0,69,0,552,8,4,4,8
21,17,moe,672,33,5679,2932,2933,2548,163,0,35,0,551,8,5,3,8
21,18,moe,649,30,8277,3877,3877,4079,249,0,72,0,623,8,4,4,8
21,19,moe,477,31,10035,5366,5367,4318,265,0,85,0,554,8,3,5,8
21,20,moe,645,34,9203,4746,4746,4146,261,0,50,0,556,8,3,5,8
21,21,moe,703,31,8893,4672,4672,3910,241,0,70,0,641,8,4,4,8
21,22,moe,721,50,7600,3935,3935,3349,217,0,99,0,659,8,4,4,8
21,23,moe,541,40,4281,2049,2049,2038,134,0,60,0,629,8,6,2,8
21,24,moe,680,40,5559,1300,1300,3961,248,0,50,0,637,8,4,4,8
21,25,moe,685,42,5597,1322,1322,3965,254,0,56,0,631,8,4,4,8
21,26,moe,488,39,6490,3033,3033,2972,432,0,53,0,628,8,5,3,8
21,-1,epi,0,0,0,0,0,0,0,0,3807,0,0,0,0,0,0
22,-2,pre,215,0,0,0,0,0,0,0,0,0,0,0,0,0,0
22,0,dense,1181,37,0,0,0,0,0,0,0,0,0,0,0,0,0
22,1,moe,684,34,6898,3702,3702,2968,189,0,39,0,631,8,5,3,8
22,2,moe,641,33,3839,1701,1701,1982,125,0,31,0,617,8,6,2,8
22,3,moe,484,31,7431,3190,3191,3943,251,0,46,0,620,8,4,4,8
22,4,moe,647,36,7460,3680,3680,3477,212,0,91,0,546,8,4,4,8
22,5,moe,679,38,5227,2472,2472,2550,162,0,43,0,562,8,5,3,8
22,6,moe,649,32,8296,4046,4046,3934,237,0,79,0,646,8,4,4,8
22,7,moe,491,29,9,0,0,0,0,0,9,0,549,8,8,0,8
22,8,moe,661,32,8030,4399,4399,3348,206,0,77,0,565,8,4,4,8
22,9,moe,706,33,9145,4897,4897,3928,247,0,73,0,641,8,4,4,8
22,10,moe,660,33,8028,4379,4379,3353,216,0,80,0,557,8,4,4,8
22,11,moe,486,31,1182,291,291,820,54,0,17,0,554,8,7,1,8
22,12,moe,659,33,7369,4133,4133,2983,187,0,66,0,650,8,5,3,8
22,13,moe,701,32,5254,2479,2480,2536,155,0,83,0,557,8,5,3,8
22,14,moe,668,32,3937,2163,2163,1639,105,0,30,0,565,8,6,2,8
22,15,moe,493,30,2524,1353,1353,1063,61,0,47,0,639,8,7,1,8
22,16,moe,656,31,7682,4915,4915,2533,157,0,77,0,559,8,5,3,8
22,17,moe,703,33,5969,3295,3295,2475,165,0,34,0,558,8,5,3,8
22,18,moe,661,32,4520,2307,2307,2028,122,0,63,0,639,8,6,2,8
22,19,moe,489,36,6161,3412,3412,2523,157,0,69,0,553,8,5,3,8
22,20,moe,663,31,9,0,0,0,0,0,9,0,543,8,8,0,8
22,21,moe,710,33,3779,1568,1568,2029,120,3,59,0,637,8,6,2,8
22,22,moe,700,30,4076,2188,2188,1718,111,0,59,0,562,8,6,2,8
22,23,moe,491,30,9,0,0,0,0,0,9,0,639,8,8,0,8
22,24,moe,702,30,5109,1872,1872,2988,187,0,62,0,647,8,5,3,8
22,25,moe,700,30,8,0,0,0,0,0,8,0,634,8,8,0,8
22,26,moe,490,32,10,0,0,0,0,0,10,0,636,8,8,0,8
22,-1,epi,0,0,0,0,0,0,0,0,4407,0,0,0,0,0,0
23,-2,pre,216,0,0,0,0,0,0,0,0,0,0,0,0,0,0
23,0,dense,1220,37,0,0,0,0,0,0,0,0,0,0,0,0,0
23,1,moe,709,33,11475,6216,6217,4886,319,0,53,0,619,8,3,5,8
23,2,moe,643,32,4727,2587,2587,1980,131,0,29,0,623,8,6,2,8
23,3,moe,647,35,11648,8577,8577,2857,180,0,34,0,638,8,5,3,8
23,4,moe,655,35,1279,271,271,899,53,0,56,0,545,8,7,1,8
23,5,moe,702,34,8466,4043,4044,4100,265,0,57,0,560,8,3,5,8
23,6,moe,658,35,2401,1221,1221,1075,60,0,45,0,637,8,7,1,8
23,7,moe,589,33,6141,3382,3382,2534,158,0,67,0,558,8,5,3,8
23,8,moe,661,36,7276,3755,3755,3267,210,0,44,0,567,8,4,4,8
23,9,moe,702,32,4823,2642,2642,2008,119,0,54,0,646,8,6,2,8
23,10,moe,670,31,7274,3647,3647,3346,207,0,74,0,556,8,4,4,8
23,11,moe,609,33,7177,3660,3660,3269,207,0,41,0,552,8,4,4,8
23,12,moe,654,30,6701,3514,3514,2948,180,0,59,0,638,8,5,3,8
23,13,moe,693,32,6035,3300,3300,2512,159,0,64,0,557,8,5,3,8
23,14,moe,657,32,5012,2361,2361,2451,158,0,42,0,552,8,5,3,8
23,15,moe,596,30,8044,3819,3819,3908,241,0,76,0,640,8,4,4,8
23,16,moe,665,31,9657,4276,4276,4984,307,0,90,0,564,8,2,6,8
23,17,moe,700,31,3291,1506,1506,1642,109,0,34,0,559,8,6,2,8
23,18,moe,668,32,8127,3874,3875,3938,247,0,67,0,640,8,4,4,8
23,19,moe,600,32,3802,1931,1931,1708,106,0,57,0,556,8,6,2,8
23,20,moe,660,34,2252,1364,1364,818,52,0,18,0,559,8,7,1,8
23,21,moe,698,31,7314,3066,3066,3933,238,0,77,0,640,8,4,4,8
23,22,moe,705,34,6091,3293,3293,2560,165,0,73,0,558,8,5,3,8
23,23,moe,603,32,6793,3568,3568,2969,180,0,76,0,640,8,5,3,8
23,24,moe,707,31,8308,3169,3169,4778,307,0,54,0,645,8,3,5,8
23,25,moe,709,33,6690,1589,1589,4753,299,3,46,0,654,8,3,5,8
23,26,moe,606,34,8163,4049,4049,3823,244,0,47,0,643,8,4,4,8
23,-1,epi,0,0,0,0,0,0,0,0,4343,0,0,0,0,0,0
24,-2,pre,211,0,0,0,0,0,0,0,0,0,0,0,0,0,0
24,0,dense,1217,33,0,0,0,0,0,0,0,0,0,0,0,0,0
24,1,moe,698,33,10504,5374,5374,4772,307,0,51,0,646,8,3,5,8
24,2,moe,657,32,11384,6264,6264,4768,299,0,53,0,642,8,3,5,8
24,3,moe,596,29,3702,1656,1657,1899,121,0,25,0,651,8,6,2,8
24,4,moe,661,32,8062,4404,4404,3356,209,0,93,0,561,8,4,4,8
24,5,moe,707,31,6819,2423,2423,4092,255,0,49,0,556,8,3,5,8
24,6,moe,667,36,9143,2863,2864,5830,357,0,92,0,640,8,2,6,8
24,7,moe,596,30,5770,2136,2136,3353,209,0,72,0,567,8,4,4,8
24,8,moe,661,32,9283,3125,3126,5731,358,0,68,0,563,8,1,7,8
24,9,moe,707,35,12624,5299,5299,6796,428,0,101,0,690,8,1,7,8
24,10,moe,691,32,4432,1750,1750,2447,157,0,78,0,578,8,5,3,8
24,11,moe,612,32,9547,4456,4456,4725,301,0,65,0,577,8,2,6,8
24,12,moe,704,35,13255,6999,7000,5771,378,0,106,0,674,8,2,6,8
24,13,moe,710,37,8037,2578,2578,5033,326,1,99,0,575,8,2,6,8
24,14,moe,669,37,10575,5278,5279,4917,312,0,67,0,576,8,2,6,8
24,15,moe,594,32,13307,6011,6011,6775,416,0,105,0,666,8,1,7,8
24,16,moe,699,37,11846,4929,4929,6411,394,0,112,0,579,8,0,8,8
24,17,moe,751,31,5434,2036,2036,3156,198,0,44,0,577,8,4,4,8
24,18,moe,698,32,11030,5972,5972,4695,285,0,78,0,683,8,3,5,8
24,19,moe,612,30,7941,4451,4451,3217,204,0,69,0,580,8,4,4,8
24,20,moe,686,31,9390,4307,4307,4726,295,0,62,0,581,8,2,6,8
24,21,moe,750,34,8627,3516,3516,4731,297,0,83,0,695,8,3,5,8
24,22,moe,747,33,8905,4556,4556,4012,252,1,84,0,575,8,3,5,8
24,23,moe,613,28,9283,4239,4240,4672,287,0,84,0,685,8,3,5,8
24,24,moe,753,30,7952,4012,4012,3668,227,0,45,0,686,8,4,4,8
24,25,moe,750,30,2913,939,939,1831,115,3,25,0,685,8,6,2,8
24,26,moe,621,28,14428,7526,7528,6425,399,0,76,0,691,8,1,7,8
24,-1,epi,0,0,0,0,0,0,0,0,5250,0,0,0,0,0,0
25,-2,pre,209,0,0,0,0,0,0,0,0,0,0,0,0,0,0
25,0,dense,1336,35,0,0,0,0,0,0,0,0,0,0,0,0,0
25,1,moe,764,34,10,0,1,0,0,0,9,0,690,8,8,0,8
25,2,moe,704,31,1361,322,322,955,63,0,21,0,643,8,7,1,8
25,3,moe,616,34,7082,4006,4006,2855,181,0,40,0,644,8,5,3,8
25,4,moe,670,30,2189,1151,1151,921,54,0,63,0,557,8,7,1,8
25,5,moe,705,33,10,0,0,0,0,0,10,0,550,8,8,0,8
25,6,moe,658,31,2438,1266,1266,1063,60,0,49,0,647,8,7,1,8
25,7,moe,602,31,2127,1134,1134,895,53,0,45,0,556,8,7,1,8
25,8,moe,662,32,3132,1365,1366,1634,106,0,26,0,560,8,6,2,8
25,9,moe,708,31,1494,322,322,1066,60,0,46,0,643,8,7,1,8
25,10,moe,658,31,6207,3419,3419,2553,161,0,74,0,567,8,5,3,8
25,11,moe,601,31,8,0,0,0,0,0,8,0,558,8,8,0,8
25,12,moe,659,30,9,0,0,0,0,0,9,0,639,8,8,0,8
25,13,moe,724,31,2052,1143,1143,831,56,1,21,0,555,8,7,1,8
25,14,moe,665,34,5099,3318,3318,1642,108,0,31,0,564,8,6,2,8
25,15,moe,581,34,5308,2048,2048,3005,184,0,71,0,643,8,5,3,8
25,16,moe,663,34,3355,1463,1463,1724,107,0,61,0,557,8,6,2,8
25,17,moe,703,34,6001,3342,3342,2454,157,0,48,0,556,8,5,3,8
25,18,moe,671,33,4811,2600,2601,2029,119,0,62,0,643,8,6,2,8
25,19,moe,598,29,6020,3267,3267,2522,157,3,71,0,563,8,5,3,8
25,20,moe,662,34,2041,1137,1137,820,53,0,31,0,552,8,7,1,8
25,21,moe,706,33,6813,3591,3591,2973,180,0,69,0,639,8,5,3,8
25,22,moe,698,32,2106,1107,1107,897,54,0,48,0,556,8,7,1,8
25,23,moe,600,34,2367,1196,1197,1065,64,0,41,0,642,8,7,1,8
25,24,moe,704,32,3604,1552,1552,1901,121,0,30,0,643,8,6,2,8
25,25,moe,699,32,1347,320,320,950,60,0,17,0,640,8,7,1,8
25,26,moe,588,30,1400,332,332,987,62,0,19,0,624,8,7,1,8
25,-1,epi,0,0,0,0,0,0,0,0,3807,0,0,0,0,0,0
26,-2,pre,1088,0,0,0,0,0,0,0,0,0,0,0,0,0,0
26,0,dense,1170,40,0,0,0,0,0,0,0,0,0,0,0,0,0
26,1,moe,686,44,4157,948,948,2975,192,0,42,0,626,8,5,3,8
26,2,moe,660,41,7278,3976,3976,3080,186,0,36,0,623,8,5,3,8
26,3,moe,593,37,2803,667,667,1979,129,0,28,0,633,8,6,2,8
26,4,moe,648,36,2242,1179,1179,950,57,0,56,0,549,8,7,1,8
26,5,moe,692,41,10,0,0,0,0,0,10,0,544,8,8,0,8
26,6,moe,663,37,2517,1285,1285,1114,66,0,52,0,625,8,7,1,8
26,7,moe,588,36,9,0,0,0,0,0,9,0,545,8,8,0,8
26,8,moe,650,39,2173,1131,1131,931,57,0,54,0,549,8,7,1,8
26,9,moe,687,36,9,0,0,0,0,0,9,0,616,8,8,0,8
26,10,moe,642,36,4087,2244,2244,1701,112,0,30,0,550,8,6,2,8
26,11,moe,587,35,3216,1372,1372,1697,114,0,33,0,545,8,6,2,8
26,12,moe,647,37,2522,1289,1289,1116,65,0,52,0,617,8,7,1,8
26,13,moe,670,36,4192,2247,2247,1779,109,0,57,0,548,8,6,2,8
26,14,moe,650,35,5291,2542,2542,2547,165,0,37,0,555,8,5,3,8
26,15,moe,589,35,6078,2756,2756,3074,186,0,62,0,624,8,5,3,8
26,16,moe,651,36,3646,811,811,2607,161,0,67,0,547,8,5,3,8
26,17,moe,675,35,2036,1111,1111,852,55,0,18,0,558,8,7,1,8
26,18,moe,652,39,5286,1937,1937,3094,196,0,59,0,625,8,5,3,8
26,19,moe,579,34,7370,3587,3587,3492,222,0,69,0,546,8,4,4,8
26,20,moe,4267,36,3287,1451,1451,1698,113,0,25,0,560,8,6,2,8
26,21,moe,683,36,3855,1570,1570,2101,125,0,59,0,620,8,6,2,8
26,22,moe,676,35,4503,1644,1644,2629,160,0,70,0,551,8,5,3,8
26,23,moe,588,34,9,0,0,0,0,0,9,0,616,8,8,0,8
26,24,moe,675,34,8228,2783,2783,5045,309,0,91,0,627,8,3,5,8
26,25,moe,672,35,2272,1197,1197,990,62,0,23,0,616,8,7,1,8
26,26,moe,591,36,5903,2718,2718,2959,188,0,38,0,624,8,5,3,8
26,-1,epi,0,0,0,0,0,0,0,0,3810,0,0,0,0,0,0
27,-2,pre,208,0,0,0,0,0,0,0,0,0,0,0,0,0,0
27,0,dense,1158,41,0,0,0,0,0,0,0,0,0,0,0,0,0
27,1,moe,698,37,10877,5547,5547,4960,319,0,51,0,625,8,3,5,8
27,2,moe,655,42,8187,3906,3907,3979,255,0,46,0,624,8,4,4,8
27,3,moe,595,36,14188,6740,6741,6939,441,0,67,0,625,8,1,7,8
27,4,moe,645,36,6595,2843,2843,3456,215,0,81,0,563,8,4,4,8
27,5,moe,705,35,7171,3644,3644,3273,206,0,48,0,554,8,4,4,8
27,6,moe,666,34,4564,2342,2342,2044,121,0,57,0,637,8,6,2,8
27,7,moe,586,34,4107,2236,2236,1704,110,0,57,0,548,8,6,2,8
27,8,moe,657,35,2169,1276,1276,821,52,0,20,0,562,8,7,1,8
27,9,moe,716,38,6914,3704,3704,2959,182,0,69,0,650,8,5,3,8
27,10,moe,663,40,7324,3668,3668,3358,216,1,81,0,559,8,4,4,8
27,11,moe,581,41,7400,3848,3850,3283,225,0,42,0,623,8,4,4,8
27,12,moe,699,41,3749,1538,1538,2012,129,0,70,0,793,8,6,2,8
27,13,moe,708,47,7370,3706,3706,3355,216,0,93,0,560,8,4,4,8
27,14,moe,669,39,9327,4749,4749,4243,272,0,63,0,562,8,3,5,8
27,15,moe,595,35,14913,6606,6611,7716,471,0,115,0,647,8,0,8,8
27,16,moe,665,42,8475,3974,3974,4156,258,0,87,0,564,8,3,5,8
27,17,moe,709,41,4355,1709,1709,2455,155,0,36,0,569,8,5,3,8
27,18,moe,673,43,13736,6433,6433,6785,419,0,99,0,642,8,1,7,8
27,19,moe,590,35,9448,4956,4956,4151,258,0,83,0,575,8,3,5,8
27,20,moe,656,36,5836,2272,2272,3287,215,0,62,0,562,8,4,4,8
27,21,moe,708,37,7477,3220,3222,3929,248,0,78,0,642,8,4,4,8
27,22,moe,700,37,6447,2785,2785,3369,218,0,75,0,560,8,4,4,8
27,23,moe,602,34,3760,1588,1588,1999,119,0,54,0,643,8,6,2,8
27,24,moe,710,35,9179,3060,3060,5708,355,0,56,0,662,8,2,6,8
27,25,moe,697,37,9134,3981,3981,4794,308,0,51,0,647,8,3,5,8
27,26,moe,594,34,10256,4098,4098,5740,354,0,64,0,648,8,2,6,8
27,-1,epi,0,0,0,0,0,0,0,0,4363,0,0,0,0,0,0
28,-2,pre,214,0,0,0,0,0,0,0,0,0,0,0,0,0,0
28,0,dense,1224,42,0,0,0,0,0,0,0,0,0,0,0,0,0
28,1,moe,709,41,12699,6571,6571,5714,357,0,57,0,644,8,2,6,8
28,2,moe,662,35,10197,5094,5094,4754,297,0,52,0,650,8,3,5,8
28,3,moe,601,38,13012,5793,5793,6719,432,0,68,0,646,8,1,7,8
28,4,moe,661,40,6077,4201,4201,1701,105,0,70,0,554,8,6,2,8
28,5,moe,708,40,7926,4406,4407,3272,206,0,41,0,557,8,4,4,8
28,6,moe,663,36,5999,2753,2754,2993,180,3,69,0,639,8,5,3,8
28,7,moe,595,35,7295,3658,3659,3345,205,0,86,0,556,8,4,4,8
28,8,moe,664,42,5196,2554,2554,2451,156,0,35,0,565,8,5,3,8
28,9,moe,697,36,11314,6092,6092,4845,298,0,79,0,644,8,3,5,8
28,10,moe,659,34,9807,5414,5414,4049,250,0,94,0,578,8,3,5,8
28,11,moe,619,33,4189,1637,1637,2365,150,0,37,0,577,8,5,3,8
28,12,moe,702,35,2354,1198,1198,1050,59,0,47,0,686,8,7,1,8
28,13,moe,752,37,7392,3748,3748,3362,207,0,75,0,556,8,4,4,8
28,14,moe,666,35,6429,2891,2891,3283,214,0,41,0,557,8,4,4,8
28,15,moe,591,35,6806,3570,3570,2985,188,0,63,0,669,8,5,3,8
28,16,moe,656,39,10298,5076,5077,4815,307,0,99,0,578,8,2,6,8
28,17,moe,758,36,7704,4306,4306,3157,200,0,41,0,578,8,4,4,8
28,18,moe,691,35,5219,2094,2094,2885,173,0,67,0,683,8,5,3,8
28,19,moe,616,33,8007,4346,4346,3368,213,0,80,0,562,8,4,4,8
28,20,moe,666,33,5903,3247,3247,2460,159,3,34,0,575,8,5,3,8
28,21,moe,707,35,5961,2817,2817,2890,182,0,72,0,690,8,5,3,8
28,22,moe,748,34,6330,2791,2791,3248,207,0,84,0,575,8,4,4,8
28,23,moe,615,33,4501,2369,2369,1958,120,0,54,0,682,8,6,2,8
28,24,moe,750,34,6569,3597,3597,2756,184,0,32,0,666,8,5,3,8
28,25,moe,703,36,5823,2728,2728,2871,183,0,41,0,642,8,5,3,8
28,26,moe,590,37,6816,3720,3720,2871,189,0,36,0,645,8,5,3,8
28,-1,epi,0,0,0,0,0,0,0,0,4366,0,0,0,0,0,0
29,-2,pre,1124,0,0,0,0,0,0,0,0,0,0,0,0,0,0
29,0,dense,1217,38,0,0,0,0,0,0,0,0,0,0,0,0,0
29,1,moe,709,38,9596,5491,5491,3815,244,0,46,0,652,8,4,4,8
29,2,moe,662,36,10278,5158,5158,4771,301,0,48,0,652,8,3,5,8
29,3,moe,587,34,8987,4875,4875,3822,249,0,41,0,646,8,4,4,8
29,4,moe,671,46,6222,3451,3451,2535,165,0,71,0,552,8,5,3,8
29,5,moe,705,36,5923,3257,3257,2458,158,0,50,0,554,8,5,3,8
29,6,moe,660,35,13289,7022,7023,5813,358,0,95,0,645,8,2,6,8
29,7,moe,592,33,6018,3261,3261,2536,154,0,67,0,552,8,5,3,8
29,8,moe,658,35,9936,5536,5537,4090,258,0,51,0,563,8,3,5,8
29,9,moe,701,35,3691,1505,1505,2002,123,0,61,0,640,8,6,2,8
29,10,moe,660,40,5493,2735,2735,2522,163,0,73,0,558,8,5,3,8
29,11,moe,596,35,5193,2529,2529,2465,162,0,37,0,566,8,5,3,8
29,12,moe,655,38,3554,2384,2384,1057,61,0,52,0,638,8,7,1,8
29,13,moe,699,36,5339,2567,2567,2539,156,3,74,0,561,8,5,3,8
29,14,moe,667,36,3440,790,791,2452,157,0,40,0,557,8,5,3,8
29,15,moe,599,39,3738,1544,1544,2017,121,1,55,0,645,8,6,2,8
29,16,moe,663,38,4739,1975,1976,2535,158,0,70,0,567,8,5,3,8
29,17,moe,701,37,6247,2686,2687,3284,229,0,47,0,651,8,4,4,8
29,18,moe,646,38,7289,3021,3022,3926,249,0,92,0,787,8,4,4,8
29,19,moe,605,42,6013,3245,3245,2520,156,0,92,0,555,8,5,3,8
29,20,moe,665,40,5467,2800,2802,2463,158,0,44,0,578,8,5,3,8
29,21,moe,722,39,7423,3155,3155,3932,251,0,85,0,661,8,4,4,8
29,22,moe,709,38,4065,2172,2172,1719,111,0,63,0,560,8,6,2,8
29,23,moe,595,37,10419,5172,5172,4861,299,0,87,0,647,8,3,5,8
29,24,moe,704,36,8045,3948,3948,3811,240,0,46,0,653,8,4,4,8
29,25,moe,704,36,8290,4185,4185,3817,239,0,49,0,649,8,4,4,8
29,26,moe,597,34,12071,6952,6952,4776,297,0,46,0,642,8,3,5,8
29,-1,epi,0,0,0,0,0,0,0,0,4348,0,0,0,0,0,0
30,-2,pre,210,0,0,0,0,0,0,0,0,0,0,0,0,0,0
30,0,dense,1215,36,0,0,0,0,0,0,0,0,0,0,0,0,0
30,1,moe,704,31,11911,5783,5783,5713,356,0,59,0,643,8,2,6,8
30,2,moe,663,32,6927,3859,3859,2855,179,0,34,0,644,8,5,3,8
30,3,moe,604,35,11748,5619,5620,5711,355,0,62,0,647,8,2,6,8
30,4,moe,667,30,7367,3723,3724,3342,208,0,93,0,556,8,4,4,8
30,5,moe,704,32,2314,549,549,1631,106,0,28,0,568,8,6,2,8
30,6,moe,669,31,2380,1208,1208,1063,60,0,49,0,646,8,7,1,8
30,7,moe,593,33,6296,3518,3518,2540,161,0,77,0,562,8,5,3,8
30,8,moe,664,34,3200,1414,1414,1647,106,0,33,0,558,8,6,2,8
30,9,moe,709,31,5118,1902,1902,2969,177,0,70,0,642,8,5,3,8
30,10,moe,657,30,9762,4375,4375,4978,310,0,99,0,563,8,2,6,8
30,11,moe,586,32,6105,3459,3459,2454,157,0,35,0,559,8,5,3,8
30,12,moe,659,31,11429,6175,6175,4868,297,0,89,0,645,8,3,5,8
30,13,moe,690,31,6181,2560,2560,3340,207,0,74,0,574,8,4,4,8
30,14,moe,695,34,6651,2407,2409,3944,249,1,48,0,576,8,3,5,8
30,15,moe,611,31,6571,2388,2388,3869,234,0,80,0,645,8,4,4,8
30,16,moe,657,33,7285,3632,3632,3358,216,0,79,0,566,8,4,4,8
30,17,moe,707,33,7396,3138,3138,3948,260,0,50,0,583,8,3,5,8
30,18,moe,691,32,12153,5116,5116,6530,398,0,109,0,687,8,1,7,8
30,19,moe,621,30,11943,6720,6720,4814,313,0,96,0,579,8,2,6,8
30,20,moe,685,32,13350,7424,7424,5511,351,0,64,0,575,8,1,7,8
30,21,moe,753,35,8699,3554,3554,4726,299,0,120,0,697,8,3,5,8
30,22,moe,745,31,9604,4403,4403,4803,301,0,97,0,582,8,2,6,8
30,23,moe,602,30,9408,4358,4358,4682,284,0,84,0,689,8,3,5,8
30,24,moe,750,30,12055,5168,5168,6422,399,0,66,0,689,8,1,7,8
30,25,moe,750,31,8975,4054,4054,4582,287,0,52,0,691,8,3,5,8
30,26,moe,620,31,13731,6864,6864,6404,401,0,62,0,692,8,1,7,8
30,-1,epi,0,0,0,0,0,0,0,0,5213,0,0,0,0,0,0
31,-2,pre,209,0,0,0,0,0,0,0,0,0,0,0,0,0,0
31,0,dense,1225,35,0,0,0,0,0,0,0,0,0,0,0,0,0
31,1,moe,711,33,15442,8286,8287,6669,414,0,72,0,657,8,1,7,8
31,2,moe,658,32,15395,9451,9451,5515,358,0,71,0,692,8,2,6,8
31,3,moe,627,34,13658,6766,6766,6427,403,0,62,0,691,8,1,7,8
31,4,moe,686,32,7496,3980,3980,3228,201,0,87,0,573,8,4,4,8
31,5,moe,764,36,4415,1866,1866,2366,148,0,35,0,580,8,5,3,8
31,6,moe,698,35,8194,4073,4073,3785,232,0,104,0,687,8,4,4,8
31,7,moe,609,28,7113,3607,3608,3227,201,0,77,0,577,8,4,4,8
31,8,moe,695,32,7872,4477,4477,3153,200,0,42,0,579,8,4,4,8
31,9,moe,748,30,8693,3615,3615,4696,286,0,96,0,688,8,3,5,8
31,10,moe,695,27,8122,3744,3744,4029,259,0,90,0,588,8,3,5,8
31,11,moe,621,29,11222,5287,5287,5516,353,0,66,0,610,8,1,7,8
31,12,moe,689,30,6624,3495,3496,2878,181,0,69,0,691,8,5,3,8
31,13,moe,750,33,9397,5022,5022,4024,253,0,98,0,582,8,3,5,8
31,14,moe,695,32,7113,3707,3707,3156,200,0,50,0,580,8,4,4,8
31,15,moe,620,29,13351,7182,7182,5687,382,0,100,0,694,8,2,6,8
31,16,moe,703,38,11520,4458,4459,6485,435,0,141,0,587,8,0,8,8
31,17,moe,765,35,12326,6133,6133,5746,376,0,71,0,576,8,1,7,8
31,18,moe,676,39,13457,6081,6082,6814,437,0,124,0,658,8,1,7,8
31,19,moe,595,34,10709,5439,5439,4847,302,0,121,0,582,8,2,6,8
31,20,moe,699,35,8332,4094,4094,3935,248,0,55,0,579,8,3,5,8
31,21,moe,751,33,6618,2469,2469,3837,227,0,85,0,687,8,4,4,8
31,22,moe,757,31,8596,4052,4053,4176,269,0,98,0,569,8,3,5,8
31,23,moe,590,33,12194,6036,6036,5706,356,0,96,0,693,8,2,6,8
31,24,moe,750,34,12549,4677,4677,7335,458,0,79,0,700,8,0,8,8
31,25,moe,755,32,14090,7178,7178,6437,412,0,63,0,686,8,1,7,8
31,26,moe,612,31,12610,5413,5413,6436,695,0,66,0,714,8,1,7,8
31,-1,epi,0,0,0,0,0,0,0,0,5255,0,0,0,0,0,0
32,-2,pre,281,0,0,0,0,0,0,0,0,0,0,0,0,0,0
32,0,dense,1232,39,0,0,0,0,0,0,0,0,0,0,0,0,0
32,1,moe,714,41,12390,7262,7263,4776,301,0,50,0,674,8,3,5,8
32,2,moe,659,37,6669,3566,3566,2878,187,0,38,0,646,8,5,3,8
32,3,moe,600,35,10879,4697,4698,5729,369,0,83,0,646,8,2,6,8
32,4,moe,663,38,6480,2809,2809,3352,208,0,111,0,559,8,4,4,8
32,5,moe,705,38,4462,1772,1772,2461,163,0,66,0,557,8,5,3,8
32,6,moe,655,37,4016,1833,1833,1999,119,0,65,0,643,8,6,2,8
32,7,moe,597,36,6154,3359,3359,2552,157,0,86,0,557,8,5,3,8
32,8,moe,661,37,5166,2516,2516,2456,155,0,39,0,563,8,5,3,8
32,9,moe,704,38,5116,1912,1912,2950,181,0,73,0,653,8,5,3,8
32,10,moe,666,37,7228,3575,3575,3355,207,0,91,0,563,8,4,4,8
32,11,moe,597,35,7489,3082,3082,4088,257,0,62,0,560,8,3,5,8
32,12,moe,670,36,7409,3151,3151,3930,238,0,90,0,654,8,4,4,8
32,13,moe,702,35,9018,6275,6275,2500,160,0,83,0,573,8,5,3,8
32,14,moe,689,36,5385,2812,2812,2368,157,0,48,0,587,8,5,3,8
32,15,moe,611,34,7158,3045,3046,3791,241,0,80,0,687,8,4,4,8
32,16,moe,687,34,7531,3162,3162,4014,257,0,98,0,582,8,3,5,8
32,17,moe,754,41,7419,3171,3171,3938,249,1,60,0,578,8,3,5,8
32,18,moe,689,36,11180,5067,5068,5634,357,0,121,0,705,8,2,6,8
32,19,moe,617,35,12023,6802,6803,4821,296,0,103,0,577,8,2,6,8
32,20,moe,689,36,5978,3416,3416,2372,150,0,40,0,576,8,5,3,8
32,21,moe,753,34,10511,5430,5431,4692,293,0,95,0,694,8,3,5,8
32,22,moe,752,43,10449,5219,5219,4821,297,1,111,0,580,8,2,6,8
32,23,moe,618,34,8968,4864,4864,3784,233,0,87,0,692,8,4,4,8
32,24,moe,748,35,8858,2946,2946,5503,340,0,69,0,693,8,2,6,8
32,25,moe,747,35,9714,4744,4744,4604,300,0,66,0,691,8,3,5,8
32,26,moe,606,34,8220,4269,4269,3671,230,0,50,0,686,8,4,4,8
32,-1,epi,0,0,0,0,0,0,0,0,4526,0,0,0,0,0,0
33,-2,pre,205,0,0,0,0,0,0,0,0,0,0,0,0,0,0
33,0,dense,1227,42,0,0,0,0,0,0,0,0,0,0,0,0,0
33,1,moe,713,35,9709,4583,4584,4767,298,0,60,0,646,8,3,5,8
33,2,moe,659,34,6965,3869,3869,2869,187,0,40,0,645,8,5,3,8
33,3,moe,613,40,5004,2933,2933,1908,130,0,33,0,691,8,6,2,8
33,4,moe,715,63,4666,2720,2720,1720,111,0,115,0,558,8,6,2,8
33,5,moe,702,37,3261,1474,1474,1642,109,0,36,0,560,8,6,2,8
33,6,moe,658,37,7406,4104,4104,2974,195,0,133,0,673,8,5,3,8
33,7,moe,651,75,1516,488,488,895,56,0,77,0,596,8,7,1,8
33,8,moe,707,82,7673,5004,5004,2466,162,0,41,0,560,8,5,3,8
33,9,moe,710,42,3938,1700,1701,2016,124,0,97,0,717,8,6,2,8
33,10,moe,714,60,9601,5008,5008,4253,214,0,126,0,600,8,4,4,8
33,11,moe,603,63,4514,1836,1836,2453,158,0,67,0,562,8,5,3,8
33,12,moe,658,38,8432,4156,4156,3927,248,0,101,0,651,8,4,4,8
33,13,moe,700,39,2486,566,566,1736,110,0,74,0,564,8,6,2,8
33,14,moe,672,36,6554,3017,3017,3276,209,0,52,0,554,8,4,4,8
33,15,moe,598,34,5544,1298,1298,3923,239,0,84,0,644,8,4,4,8
33,16,moe,661,39,4786,2020,2020,2530,160,0,76,0,565,8,5,3,8
33,17,moe,712,40,5730,2174,2174,3289,217,0,50,0,560,8,4,4,8
33,18,moe,662,36,6092,2832,2833,2977,201,0,81,0,784,8,5,3,8
33,19,moe,614,35,5191,2418,2418,2512,162,0,99,0,675,8,5,3,8
33,20,moe,655,50,12353,6162,6162,5737,365,1,88,0,580,8,1,7,8
33,21,moe,5119,39,10853,5528,5530,4910,311,0,102,0,657,8,3,5,8
33,22,moe,705,39,3582,801,801,2535,162,0,84,0,559,8,5,3,8
33,23,moe,599,36,4623,2402,2402,2032,124,0,65,0,646,8,6,2,8
33,24,moe,714,38,1364,327,328,951,64,0,21,0,710,8,7,1,8
33,25,moe,722,38,4610,2550,2550,1905,124,0,31,0,643,8,6,2,8
33,26,moe,616,35,10,0,0,0,0,0,10,0,824,8,8,0,8
33,-1,epi,0,0,0,0,0,0,0,0,4393,0,0,0,0,0,0
34,-2,pre,211,0,0,0,0,0,0,0,0,0,0,0,0,0,0
34,0,dense,1232,41,0,0,0,0,0,0,0,0,0,0,0,0,0
34,1,moe,717,37,7729,2595,2596,4776,294,0,63,0,652,8,3,5,8
34,2,moe,661,34,6555,2433,2433,3823,248,0,51,0,648,8,4,4,8
34,3,moe,600,34,7406,3287,3288,3817,250,0,51,0,646,8,4,4,8
34,4,moe,662,38,4680,1895,1895,2545,162,0,78,0,553,8,5,3,8
34,5,moe,703,36,4057,2277,2277,1639,110,0,31,0,558,8,6,2,8
34,6,moe,670,34,5244,1999,1999,2978,178,0,89,0,643,8,5,3,8
34,7,moe,600,34,4400,1645,1646,2520,155,0,79,0,554,8,5,3,8
34,8,moe,658,36,1163,272,272,818,53,0,20,0,556,8,7,1,8
34,9,moe,703,34,9,0,0,0,0,0,9,0,635,8,8,0,8
34,10,moe,662,35,2319,545,545,1630,107,0,37,0,582,8,6,2,8
34,11,moe,592,38,6184,2514,2514,3405,218,0,47,0,558,8,4,4,8
34,12,moe,660,38,7552,2084,2084,5064,307,0,97,0,639,8,3,5,8
34,13,moe,685,36,1338,280,280,947,57,0,54,0,551,8,7,1,8
34,14,moe,656,44,6733,3048,3048,3415,221,0,49,0,549,8,4,4,8
34,15,moe,598,35,5372,2143,2143,2977,187,0,65,0,652,8,5,3,8
34,16,moe,668,73,6688,3050,3050,3345,213,0,80,0,560,8,4,4,8
34,17,moe,701,36,8372,3964,3965,4093,258,0,56,0,557,8,3,5,8
34,18,moe,663,37,7955,2683,2683,4869,296,0,107,0,645,8,3,5,8
34,19,moe,585,35,7019,3393,3393,3329,211,0,86,0,564,8,4,4,8
34,20,moe,658,37,5609,2946,2946,2462,159,0,42,0,568,8,5,3,8
34,21,moe,697,37,7810,3569,3569,3922,238,0,81,0,651,8,4,4,8
34,22,moe,698,37,6379,2712,2712,3373,209,0,85,0,565,8,4,4,8
34,23,moe,612,34,4690,2442,2442,2063,126,0,59,0,647,8,6,2,8
34,24,moe,702,36,8696,3582,3582,4759,295,0,60,0,644,8,3,5,8
34,25,moe,711,35,5887,2802,2802,2861,180,0,44,0,648,8,5,3,8
34,26,moe,665,33,11427,7154,7154,3808,411,0,54,0,760,8,4,4,8
34,-1,epi,0,0,0,0,0,0,0,0,4348,0,0,0,0,0,0
35,-2,pre,217,0,0,0,0,0,0,0,0,0,0,0,0,0,0
35,0,dense,1223,40,0,0,0,0,0,0,0,0,0,0,0,0,0
35,1,moe,705,35,8820,3474,3474,4951,319,0,76,0,624,8,3,5,8
35,2,moe,643,37,8359,4197,4197,3865,251,0,46,0,650,8,4,4,8
35,3,moe,598,37,6830,3736,3736,2871,184,0,39,0,647,8,5,3,8
35,4,moe,659,39,5339,2576,2576,2518,160,0,85,0,557,8,5,3,8
35,5,moe,705,37,3228,1451,1451,1639,105,0,33,0,557,8,6,2,8
35,6,moe,661,36,2410,1227,1227,1067,64,0,52,0,641,8,7,1,8
35,7,moe,591,36,2542,566,566,1799,112,0,65,0,552,8,6,2,8
35,8,moe,660,39,2385,540,540,1708,111,0,26,0,551,8,6,2,8
35,9,moe,682,37,7199,3918,3918,3022,188,0,71,0,641,8,5,3,8
35,10,moe,662,40,8072,4416,4416,3351,213,0,92,0,561,8,4,4,8
35,11,moe,602,32,4009,2233,2233,1640,105,0,31,0,561,8,6,2,8
35,12,moe,669,36,6562,2323,2323,3920,237,0,82,0,654,8,4,4,8
35,13,moe,704,36,3384,1485,1485,1725,109,0,65,0,553,8,6,2,8
35,14,moe,663,35,7587,3179,3180,4097,257,0,53,0,562,8,3,5,8
35,15,moe,591,42,5177,1957,1958,2968,183,0,68,0,649,8,5,3,8
35,16,moe,661,35,5217,2463,2463,2526,156,0,72,0,555,8,5,3,8
35,17,moe,702,46,6347,2830,2830,3268,208,0,41,0,561,8,4,4,8
35,18,moe,664,36,6681,2438,2439,3916,238,0,88,0,644,8,4,4,8
35,19,moe,594,36,7269,3645,3645,3344,208,0,72,0,558,8,4,4,8
35,20,moe,657,35,9106,4712,4712,4086,260,0,48,0,563,8,3,5,8
35,21,moe,707,38,3497,1318,1318,2006,122,0,51,0,639,8,6,2,8
35,22,moe,703,29,7508,3011,3011,4151,259,0,87,0,557,8,3,5,8
35,23,moe,597,29,10654,5376,5376,4902,297,0,79,0,642,8,3,5,8
35,24,moe,703,30,6783,3711,3711,2854,181,0,37,0,648,8,5,3,8
35,25,moe,700,36,7957,3864,3864,3803,240,0,50,0,649,8,4,4,8
35,26,moe,608,30,16452,7663,7663,7615,1104,0,70,0,653,8,0,8,8
35,-1,epi,0,0,0,0,0,0,0,0,4340,0,0,0,0,0,0
36,-2,pre,224,0,0,0,0,0,0,0,0,0,0,0,0,0,0
36,0,dense,1234,34,0,0,0,0,0,0,0,0,0,0,0,0,0
36,1,moe,703,31,12801,5348,5350,6939,447,0,65,0,629,8,1,7,8
36,2,moe,646,33,2295,1215,1215,994,65,0,21,0,620,8,7,1,8
36,3,moe,599,30,8171,4066,4066,3820,246,0,39,0,653,8,4,4,8
36,4,moe,666,29,3335,1441,1441,1719,107,0,68,0,554,8,6,2,8
36,5,moe,715,32,4064,2294,2294,1636,107,0,27,0,563,8,6,2,8
36,6,moe,662,30,3755,1533,1534,2038,125,0,58,0,644,8,6,2,8
36,7,moe,597,29,6584,2918,2918,3359,216,0,91,0,646,8,4,4,8
36,8,moe,666,37,11,0,0,0,0,0,11,0,594,8,8,0,8
36,9,moe,698,31,4573,2388,2388,1985,129,0,71,0,682,8,6,2,8
36,10,moe,662,34,4118,2170,2170,1767,112,0,69,0,553,8,6,2,8
36,11,moe,582,30,1208,286,286,848,54,0,20,0,554,8,7,1,8
36,12,moe,647,31,8500,4038,4038,4115,255,1,91,0,638,8,4,4,8
36,13,moe,678,35,3359,1405,1405,1779,108,0,67,0,553,8,6,2,8
36,14,moe,649,32,6202,3452,3452,2547,162,0,41,0,557,8,5,3,8
36,15,moe,582,32,6111,2776,2776,3078,187,0,70,0,625,8,5,3,8
36,16,moe,647,31,4713,1832,1832,2637,170,0,74,0,549,8,5,3,8
36,17,moe,686,33,7616,3046,3047,4247,267,0,55,0,557,8,3,5,8
36,18,moe,684,47,6103,2736,2736,3106,185,0,76,0,627,8,5,3,8
36,19,moe,583,31,7883,4112,4112,3470,216,0,85,0,553,8,4,4,8
36,20,moe,649,30,8239,4575,4575,3401,215,0,48,0,550,8,4,4,8
36,21,moe,684,31,8612,4224,4224,4054,254,0,80,0,622,8,4,4,8
36,22,moe,685,30,10145,5517,5517,4267,263,0,98,0,567,8,3,5,8
36,23,moe,602,28,9031,4787,4787,3929,242,0,73,0,647,8,4,4,8
36,24,moe,703,30,8293,4184,4185,3816,246,0,46,0,646,8,4,4,8
36,25,moe,699,31,10264,5141,5141,4770,295,0,58,0,655,8,3,5,8
36,26,moe,599,32,5294,1838,1838,2865,555,0,36,0,642,8,5,3,8
36,-1,epi,0,0,0,0,0,0,0,0,4355,0,0,0,0,0,0
37,-2,pre,213,0,0,0,0,0,0,0,0,0,0,0,0,0,0
37,0,dense,1228,37,0,0,0,0,0,0,0,0,0,0,0,0,0
37,1,moe,715,31,6586,2467,2467,3819,249,1,50,0,647,8,4,4,8
37,2,moe,665,33,6012,2812,2813,2969,193,0,37,0,623,8,5,3,8
37,3,moe,603,30,6012,2816,2816,2967,193,0,36,0,618,8,5,3,8
37,4,moe,647,31,6661,2846,2846,3495,224,0,96,0,555,8,4,4,8
37,5,moe,685,35,6228,3474,3474,2552,163,0,39,0,552,8,5,3,8
37,6,moe,654,33,9,0,0,0,0,0,9,0,627,8,8,0,8
37,7,moe,610,33,4106,2271,2271,1698,108,0,29,0,558,8,6,2,8
37,8,moe,645,32,6024,3268,3268,2554,161,0,41,0,557,8,5,3,8
37,9,moe,680,31,4623,2346,2346,2086,125,0,66,0,616,8,6,2,8
37,10,moe,654,30,2221,1170,1170,932,59,0,60,0,546,8,7,1,8
37,11,moe,596,29,6448,2789,2789,3393,214,0,52,0,553,8,4,4,8
37,12,moe,645,32,7876,3530,3530,4016,246,0,84,0,652,8,4,4,8
37,13,moe,703,29,3275,1382,1382,1722,104,0,67,0,553,8,6,2,8
37,14,moe,666,30,5151,2488,2488,2461,162,0,40,0,560,8,5,3,8
37,15,moe,584,31,7639,3220,3220,4081,256,0,82,0,625,8,4,4,8
37,16,moe,644,30,7617,3944,3945,3365,218,0,89,0,555,8,4,4,8
37,17,moe,705,33,9084,4673,4673,4094,266,0,51,0,564,8,3,5,8
37,18,moe,663,31,3812,1611,1611,2016,122,0,63,0,641,8,6,2,8
37,19,moe,600,29,6461,2831,2832,3333,210,0,86,0,556,8,4,4,8
37,20,moe,664,29,2085,1191,1191,822,52,0,20,0,553,8,7,1,8
37,21,moe,711,30,5857,3658,3658,2020,120,0,59,0,638,8,6,2,8
37,22,moe,697,29,5276,2475,2475,2544,167,0,90,0,556,8,5,3,8
37,23,moe,594,242,15253,11024,11024,3915,239,0,75,0,642,8,4,4,8
37,24,moe,693,34,13307,7178,7178,5707,362,0,60,0,644,8,2,6,8
37,25,moe,715,38,11271,6160,6160,4764,299,0,48,0,642,8,3,5,8
37,26,moe,608,34,13208,6365,6365,5716,1056,0,71,0,644,8,2,6,8
37,-1,epi,0,0,0,0,0,0,0,0,4337,0,0,0,0,0,0
38,-2,pre,213,0,0,0,0,0,0,0,0,0,0,0,0,0,0
38,0,dense,1224,42,0,0,0,0,0,0,0,0,0,0,0,0,0
38,1,moe,714,39,8497,4374,4374,3828,252,0,43,0,643,8,4,4,8
38,2,moe,684,37,10,0,0,0,0,0,10,0,642,8,8,0,8
38,3,moe,597,34,6010,2933,2933,2855,183,0,39,0,645,8,5,3,8
38,4,moe,657,37,2201,1171,1171,907,56,0,67,0,565,8,7,1,8
38,5,moe,700,39,2059,1151,1151,831,56,0,21,0,556,8,7,1,8
38,6,moe,662,38,2573,1312,1312,1139,64,0,58,0,629,8,7,1,8
38,7,moe,592,36,9,0,0,0,0,0,9,0,545,8,8,0,8
38,8,moe,651,35,3443,1467,1467,1795,109,0,72,0,549,8,6,2,8
38,9,moe,675,37,1568,348,348,1108,65,0,47,0,620,8,7,1,8
38,10,moe,649,35,2295,1261,1261,922,57,0,55,0,551,8,7,1,8
38,11,moe,590,39,5988,3236,3236,2550,164,0,38,0,557,8,5,3,8
38,12,moe,647,38,9,0,0,0,0,0,9,0,622,8,8,0,8
38,13,moe,680,35,9,0,0,0,0,0,9,0,537,8,8,0,8
38,14,moe,654,37,2085,1158,1158,850,54,0,23,0,549,8,7,1,8
38,15,moe,597,34,6044,2710,2710,3063,190,0,81,0,627,8,5,3,8
38,16,moe,650,46,7490,3709,3709,3477,216,0,88,0,550,8,4,4,8
38,17,moe,691,40,5941,2237,2237,3422,221,0,61,0,567,8,4,4,8
38,18,moe,645,38,8,0,0,0,0,0,8,0,619,8,8,0,8
38,19,moe,597,34,4100,2250,2250,1705,114,0,31,0,547,8,6,2,8
38,20,moe,649,36,6080,3324,3324,2551,169,0,36,0,555,8,5,3,8
38,21,moe,687,36,8273,3882,3882,4059,250,0,82,0,628,8,4,4,8
38,22,moe,675,36,4519,1654,1654,2621,160,0,84,0,553,8,5,3,8
38,23,moe,581,35,10598,5153,5153,5046,308,0,91,0,636,8,3,5,8
38,24,moe,680,36,8145,3900,3900,3950,245,0,50,0,623,8,4,4,8
38,25,moe,681,36,3725,1598,1598,1976,123,0,28,0,642,8,6,2,8
38,26,moe,593,33,9192,4890,4890,3820,435,0,47,0,773,8,4,4,8
38,-1,epi,0,0,0,0,0,0,0,0,4386,0,0,0,0,0,0
39,-2,pre,221,0,0,0,0,0,0,0,0,0,0,0,0,0,0
39,0,dense,1179,43,0,0,0,0,0,0,0,0,0,0,0,0,0
39,1,moe,700,46,4565,2400,2401,1984,140,0,40,0,659,8,6,2,8
39,2,moe,663,39,9399,5124,5124,3972,254,0,49,0,629,8,4,4,8
39,3,moe,584,38,8248,3990,3990,3956,247,0,55,0,625,8,4,4,8
39,4,moe,647,38,8301,4518,4518,3478,216,0,89,0,556,8,4,4,8
39,5,moe,677,38,1223,283,283,863,54,0,23,0,550,8,7,1,8
39,6,moe,651,36,1517,307,307,1095,63,0,52,0,622,8,7,1,8
39,7,moe,583,34,6577,3700,3700,2631,173,0,73,0,555,8,5,3,8
39,8,moe,647,39,6137,3394,3394,2543,163,0,37,0,565,8,5,3,8
39,9,moe,681,41,9910,4427,4427,5068,321,0,94,0,644,8,3,5,8
39,10,moe,649,43,3456,1499,1499,1771,116,0,70,0,559,8,6,2,8
39,11,moe,590,38,7308,3627,3627,3412,217,0,52,0,566,8,4,4,8
39,12,moe,649,41,6961,3619,3619,3077,190,0,75,0,649,8,5,3,8
39,13,moe,693,39,3702,837,837,2625,162,0,78,0,556,8,5,3,8
39,14,moe,650,37,2108,1182,1182,851,56,0,19,0,567,8,7,1,8
39,15,moe,587,38,12515,5898,5899,6146,376,0,94,0,671,8,2,6,8
39,16,moe,662,43,6233,3335,3335,2653,166,0,79,0,573,8,5,3,8
39,17,moe,678,39,7316,3581,3581,3461,224,0,50,0,591,8,4,4,8
39,18,moe,723,44,5794,1377,1377,4078,254,0,85,0,624,8,4,4,8
39,19,moe,599,56,8812,4068,4068,4330,279,0,135,0,559,8,3,5,8
39,20,moe,658,40,7952,4424,4424,3271,209,0,48,0,565,8,4,4,8
39,21,moe,696,37,10575,5291,5291,4891,298,0,95,0,654,8,3,5,8
39,22,moe,700,35,8356,3834,3834,4172,257,0,93,0,559,8,3,5,8
39,23,moe,594,36,13464,7191,7191,5831,355,0,87,0,646,8,2,6,8
39,24,moe,701,37,11641,5498,5498,5718,360,0,65,0,648,8,2,6,8
39,25,moe,705,34,13693,6542,6542,6667,416,0,68,0,657,8,1,7,8
39,26,moe,598,34,8044,3952,3952,3808,238,0,46,0,654,8,4,4,8
39,-1,epi,0,0,0,0,0,0,0,0,4338,0,0,0,0,0,0
40,-2,pre,208,0,0,0,0,0,0,0,0,0,0,0,0,0,0
40,0,dense,1218,39,0,0,0,0,0,0,0,0,0,0,0,0,0
40,1,moe,712,45,4552,2489,2489,1908,127,1,27,0,650,8,6,2,8
40,2,moe,662,35,4726,2655,2655,1919,125,0,27,0,644,8,6,2,8
40,3,moe,596,33,12587,6442,6442,5721,366,0,58,0,646,8,2,6,8
40,4,moe,654,36,6078,3297,3297,2538,160,0,83,0,563,8,5,3,8
40,5,moe,707,37,4446,1798,1798,2456,157,0,35,0,560,8,5,3,8
40,6,moe,655,34,3750,1547,1547,2018,121,0,64,0,644,8,6,2,8
40,7,moe,600,32,7280,3608,3609,3364,215,0,92,0,562,8,4,4,8
40,8,moe,669,41,2088,1196,1196,816,55,0,21,0,554,8,7,1,8
40,9,moe,706,34,2407,1211,1211,1081,64,0,51,0,639,8,7,1,8
40,10,moe,660,34,7676,3887,3889,3473,223,0,91,0,561,8,4,4,8
40,11,moe,600,34,4005,2168,2168,1698,110,0,29,0,554,8,6,2,8
40,12,moe,649,36,2446,1219,1219,1107,63,1,56,0,621,8,7,1,8
40,13,moe,674,35,8141,4379,4379,3463,216,0,83,0,560,8,4,4,8
40,14,moe,659,34,6005,3346,3347,2460,157,0,41,0,564,8,5,3,8
40,15,moe,596,33,8382,4139,4139,3917,237,0,89,0,643,8,4,4,8
40,16,moe,663,35,4655,1885,1885,2530,163,0,77,0,567,8,5,3,8
40,17,moe,711,35,3242,1461,1461,1637,109,0,35,0,557,8,6,2,8
40,18,moe,666,36,8194,3954,3955,3914,238,0,87,0,646,8,4,4,8
40,19,moe,602,38,5239,2467,2467,2535,162,0,75,0,562,8,5,3,8
40,20,moe,661,230,13908,10370,10370,3281,213,0,44,0,560,8,4,4,8
40,21,moe,709,36,6790,3557,3557,2972,186,0,75,0,641,8,5,3,8
40,22,moe,1451,37,4110,2229,2229,1712,104,0,65,0,565,8,6,2,8
40,23,moe,583,35,11394,6115,6116,4892,299,0,87,0,640,8,3,5,8
40,24,moe,705,35,8870,4753,4753,3820,249,0,48,0,648,8,4,4,8
40,25,moe,696,37,8861,3745,3746,4759,298,0,58,0,658,8,3,5,8
40,26,moe,593,39,8665,3536,3536,4778,296,0,55,0,648,8,3,5,8
40,-1,epi,0,0,0,0,0,0,0,0,4342,0,0,0,0,0,0
41,-2,pre,42,0,0,0,0,0,0,0,0,0,0,0,0,0,0
41,0,dense,1216,42,0,0,0,0,0,0,0,0,0,0,0,0,0
41,1,moe,723,47,6000,2909,2909,2860,187,0,44,0,655,8,5,3,8
41,2,moe,661,33,7371,3261,3261,3818,248,0,44,0,643,8,4,4,8
41,3,moe,600,33,6864,3787,3787,2858,184,0,35,0,645,8,5,3,8
41,4,moe,656,34,6161,3390,3390,2530,158,0,83,0,559,8,5,3,8
41,5,moe,709,45,7694,4174,4174,3264,210,1,45,0,558,8,4,4,8
41,6,moe,658,34,6223,2963,2963,3004,178,0,78,0,644,8,5,3,8
41,7,moe,595,35,9,0,0,0,0,0,9,0,550,8,8,0,8
41,8,moe,668,34,10,0,0,0,0,0,10,0,545,8,8,0,8
41,9,moe,696,32,1344,312,312,952,62,0,18,0,639,8,7,1,8
41,10,moe,678,37,5501,2708,2708,2546,161,0,86,0,563,8,5,3,8
41,11,moe,588,35,3474,1682,1682,1649,117,0,26,0,580,8,6,2,8
41,12,moe,667,39,9,0,0,0,0,0,9,0,735,8,8,0,8
41,13,moe,711,46,4108,2316,2316,1641,115,0,36,0,658,8,6,2,8
41,14,moe,684,41,7561,3873,3873,3410,230,0,48,0,568,8,4,4,8
41,15,moe,593,36,1586,338,338,1121,65,0,62,0,625,8,7,1,8
41,16,moe,655,39,6431,3539,3539,2636,172,0,84,0,555,8,5,3,8
41,17,moe,682,33,11,0,0,0,0,0,11,0,540,8,8,0,8
41,18,moe,653,30,1534,314,314,1099,65,0,56,0,621,8,7,1,8
41,19,moe,575,30,3472,1517,1517,1778,112,0,65,0,551,8,6,2,8
41,20,moe,659,31,4090,2253,2253,1696,109,0,32,0,552,8,6,2,8
41,21,moe,687,33,4690,2396,2396,2104,124,0,66,0,621,8,6,2,8
41,22,moe,6898,34,2170,1146,1146,923,55,0,46,0,549,8,7,1,8
41,23,moe,779,30,6972,3632,3632,3079,189,0,72,0,622,8,5,3,8
41,24,moe,678,31,5935,2745,2746,2958,194,0,37,0,634,8,5,3,8
41,25,moe,677,30,5926,2727,2727,2961,191,0,47,0,621,8,5,3,8
41,26,moe,596,30,4579,2449,2449,1977,126,0,27,0,621,8,6,2,8
41,-1,epi,0,0,0,0,0,0,0,0,3815,0,0,0,0,0,0
42,-2,pre,205,0,0,0,0,0,0,0,0,0,0,0,0,0,0
42,0,dense,1155,33,0,0,0,0,0,0,0,0,0,0,0,0,0
42,1,moe,687,31,8318,4040,4040,3960,255,0,63,0,620,8,4,4,8
42,2,moe,647,34,9031,4771,4771,3961,253,0,46,0,628,8,4,4,8
42,3,moe,597,31,5978,2784,2784,2963,191,0,40,0,621,8,5,3,8
42,4,moe,645,31,9652,4977,4977,4304,269,0,102,0,553,8,3,5,8
42,5,moe,677,32,10055,5464,5464,4255,279,0,57,0,553,8,3,5,8
42,6,moe,642,32,4731,2431,2431,2102,129,0,69,0,625,8,6,2,8
42,7,moe,591,30,8086,4293,4294,3474,222,0,96,0,555,8,4,4,8
42,8,moe,652,32,8020,4359,4359,3398,216,0,47,0,553,8,4,4,8
42,9,moe,682,34,6913,3575,3575,3078,187,0,73,0,629,8,5,3,8
42,10,moe,648,32,5433,2587,2587,2608,163,0,75,0,555,8,5,3,8
42,11,moe,587,33,6095,3401,3401,2503,158,0,33,0,564,8,5,3,8
42,12,moe,663,31,6138,2914,2914,2967,178,0,79,0,642,8,5,3,8
42,13,moe,712,31,4107,2227,2227,1708,105,0,67,0,560,8,6,2,8
42,14,moe,662,29,7912,4367,4367,3280,220,0,45,0,562,8,4,4,8
42,15,moe,587,29,7561,3280,3280,3942,246,0,93,0,643,8,4,4,8
42,16,moe,660,29,4177,2290,2290,1709,105,0,73,0,557,8,6,2,8
42,17,moe,707,33,7060,3507,3507,3296,208,0,49,0,564,8,4,4,8
42,18,moe,666,31,6825,3571,3571,2993,188,0,73,0,641,8,5,3,8
42,19,moe,604,30,6626,2964,2964,3368,215,0,79,0,559,8,4,4,8
42,20,moe,662,33,4007,2238,2238,1636,106,0,27,0,554,8,6,2,8
42,21,moe,702,30,3871,1668,1668,2019,121,0,63,0,644,8,6,2,8
42,22,moe,696,30,6018,3259,3260,2524,156,0,78,0,564,8,5,3,8
42,23,moe,597,31,4560,2357,2357,2025,120,0,58,0,641,8,6,2,8
42,24,moe,700,30,1340,309,309,951,61,0,19,0,647,8,7,1,8
42,25,moe,705,31,7376,3171,3171,3915,246,0,44,0,625,8,4,4,8
42,26,moe,594,34,2761,632,632,1973,126,0,30,0,622,8,6,2,8
42,-1,epi,0,0,0,0,0,0,0,0,3817,0,0,0,0,0,0
43,-2,pre,208,0,0,0,0,0,0,0,0,0,0,0,0,0,0
43,0,dense,1155,36,0,0,0,0,0,0,0,0,0,0,0,0,0
43,1,moe,679,31,7057,3842,3842,2973,192,0,50,0,627,8,5,3,8
43,2,moe,654,31,2426,1343,1343,994,66,0,23,0,624,8,7,1,8
43,3,moe,588,31,2290,1199,1199,993,66,0,32,0,618,8,7,1,8
43,4,moe,642,32,5695,2815,2815,2621,166,0,93,0,555,8,5,3,8
43,5,moe,673,33,9,0,0,0,0,0,9,0,537,8,8,0,8
43,6,moe,660,30,6486,3122,3122,3091,193,0,80,0,629,8,5,3,8
43,7,moe,587,30,6210,3362,3362,2613,161,0,74,0,577,8,5,3,8
43,8,moe,654,32,1992,1070,1070,846,55,0,21,0,542,8,7,1,8
43,9,moe,673,31,4770,2490,2490,2087,124,0,69,0,623,8,6,2,8
43,10,moe,646,32,4121,2176,2176,1769,110,0,66,0,562,8,6,2,8
43,11,moe,578,31,3303,1448,1448,1706,108,0,41,0,552,8,6,2,8
43,12,moe,648,32,9297,4883,4883,4089,247,0,78,0,623,8,4,4,8
43,13,moe,673,33,2234,1192,1192,932,55,0,55,0,544,8,7,1,8
43,14,moe,649,32,2102,1176,1176,848,56,0,22,0,569,8,7,1,8
43,15,moe,592,31,3897,1623,1623,2090,125,1,58,0,635,8,6,2,8
43,16,moe,648,31,5666,2800,2800,2622,164,0,80,0,548,8,5,3,8
43,17,moe,673,32,8100,4443,4443,3395,213,0,49,0,556,8,4,4,8
43,18,moe,703,35,9,0,0,0,0,1,8,0,614,8,8,0,8
43,19,moe,586,33,4430,2571,2571,1714,113,0,32,0,551,8,6,2,8
43,20,moe,647,36,3342,1496,1496,1699,112,3,32,0,567,8,6,2,8
43,21,moe,685,35,4156,1812,1812,2146,131,0,67,0,625,8,6,2,8
43,22,moe,677,36,2349,1314,1314,918,57,0,60,0,549,8,7,1,8
43,23,moe,585,41,6978,3616,3616,3094,194,0,74,0,622,8,5,3,8
43,24,moe,675,36,5915,2731,2731,2959,186,0,39,0,624,8,5,3,8
43,25,moe,675,36,3653,1511,1511,1982,132,0,28,0,615,8,6,2,8
43,26,moe,601,38,2297,1220,1220,992,62,0,23,0,621,8,7,1,8
43,-1,epi,0,0,0,0,0,0,0,0,3821,0,0,0,0,0,0
44,-2,pre,207,0,0,0,0,0,0,0,0,0,0,0,0,0,0
44,0,dense,1164,39,0,0,0,0,0,0,0,0,0,0,0,0,0
44,1,moe,687,36,2383,1287,1287,1008,65,0,23,0,623,8,7,1,8
44,2,moe,646,34,3869,1720,1720,1991,130,0,28,0,627,8,6,2,8
44,3,moe,582,35,6769,3573,3573,2964,194,0,38,0,625,8,5,3,8
44,4,moe,641,36,8252,4458,4458,3483,213,1,97,0,552,8,4,4,8
44,5,moe,679,35,7294,3620,3620,3398,224,0,52,0,551,8,4,4,8
44,6,moe,648,36,2448,1226,1226,1095,66,0,61,0,625,8,7,1,8
44,7,moe,580,32,6139,3262,3262,2628,164,0,85,0,550,8,5,3,8
44,8,moe,654,34,4233,2388,2388,1706,109,0,30,0,550,8,6,2,8
44,9,moe,680,36,2496,1253,1253,1119,64,0,60,0,620,8,7,1,8
44,10,moe,650,43,5329,2463,2464,2620,170,0,75,0,561,8,5,3,8
44,11,moe,589,35,6113,3357,3358,2549,169,0,37,0,551,8,5,3,8
44,12,moe,656,43,6996,3652,3652,3067,196,0,81,0,796,8,5,3,8
44,13,moe,713,39,6172,3296,3296,2616,168,0,92,0,581,8,5,3,8
44,14,moe,651,39,9229,4646,4647,4241,273,0,68,0,569,8,3,5,8
44,15,moe,590,37,6052,2713,2713,3074,187,0,78,0,624,8,5,3,8
44,16,moe,648,37,4714,1831,1832,2643,162,1,76,0,556,8,5,3,8
44,17,moe,677,37,5775,2122,2122,3394,215,0,44,0,553,8,4,4,8
44,18,moe,654,37,3900,1617,1617,2095,124,0,64,0,626,8,6,2,8
44,19,moe,593,34,8296,4524,4525,3462,218,0,91,0,552,8,4,4,8
44,20,moe,649,37,2084,1160,1160,848,55,0,21,0,550,8,7,1,8
44,21,moe,686,37,15360,7806,7808,7014,434,0,104,0,631,8,1,7,8
44,22,moe,676,37,9478,4790,4791,4316,268,0,103,0,552,8,3,5,8
44,23,moe,590,34,12088,5564,5564,6051,370,0,103,0,628,8,2,6,8
44,24,moe,679,36,8201,3941,3941,3960,257,0,43,0,642,8,4,4,8
44,25,moe,667,36,11651,6317,6317,4952,319,0,63,0,764,8,3,5,8
44,26,moe,593,37,11388,6043,6044,4965,320,0,59,0,708,8,3,5,8
44,-1,epi,0,0,0,0,0,0,0,0,3956,0,0,0,0,0,0
45,-2,pre,149,0,0,0,0,0,0,0,0,0,0,0,0,0,0
45,0,dense,1198,42,0,0,0,0,0,0,0,0,0,0,0,0,0
45,1,moe,764,75,11,0,1,0,0,0,10,0,611,8,8,0,8
45,2,moe,668,41,3727,1572,1572,1981,136,0,38,0,682,8,6,2,8
45,3,moe,676,36,2228,1143,1143,991,66,1,27,0,691,8,7,1,8
45,4,moe,684,44,4136,2153,2153,1781,110,0,92,0,567,8,6,2,8
45,5,moe,693,41,3310,1454,1454,1709,111,0,36,0,560,8,6,2,8
45,6,moe,645,40,4708,2437,2437,2079,124,0,68,0,631,8,6,2,8
45,7,moe,582,37,1270,252,253,915,54,0,48,0,551,8,7,1,8
45,8,moe,644,38,3339,1505,1506,1693,109,0,31,0,554,8,6,2,8
45,9,moe,685,37,4715,2455,2455,2066,125,0,69,0,620,8,6,2,8
45,10,moe,652,35,10,0,0,0,0,0,10,0,541,8,8,0,8
45,11,moe,600,33,4184,2231,2232,1774,111,0,67,0,553,8,6,2,8
45,12,moe,654,38,7396,2961,2961,4085,257,0,93,0,629,8,4,4,8
45,13,moe,674,37,4356,2401,2401,1780,108,0,67,0,546,8,6,2,8
45,14,moe,663,35,4036,2214,2214,1687,108,0,27,0,562,8,6,2,8
45,15,moe,598,39,2473,1262,1262,1093,62,0,56,0,622,8,7,1,8
45,16,moe,651,36,5408,2563,2563,2606,161,0,78,0,551,8,5,3,8
45,17,moe,680,36,4167,2336,2336,1693,108,0,30,0,556,8,6,2,8
45,18,moe,653,42,3781,1526,1527,2071,125,0,58,0,624,8,6,2,8
45,19,moe,584,34,5324,2491,2492,2598,160,0,74,0,563,8,5,3,8
45,20,moe,653,39,8055,4403,4403,3386,215,0,51,0,553,8,4,4,8
45,21,moe,683,35,4690,2410,2410,2088,127,0,65,0,632,8,6,2,8
45,22,moe,679,34,6999,3224,3224,3475,216,0,84,0,552,8,4,4,8
45,23,moe,599,33,11372,5964,5964,5018,305,0,85,0,628,8,3,5,8
45,24,moe,675,35,6863,3687,3687,2954,185,0,37,0,630,8,5,3,8
45,25,moe,681,36,10002,4717,4717,4926,309,0,50,0,631,8,3,5,8
45,26,moe,600,35,8430,4209,4209,3924,249,0,48,0,624,8,4,4,8
45,-1,epi,0,0,0,0,0,0,0,0,3816,0,0,0,0,0,0
46,-2,pre,80,0,0,0,0,0,0,0,0,0,0,0,0,0,0
46,0,dense,1161,36,0,0,0,0,0,0,0,0,0,0,0,0,0
46,1,moe,676,35,4740,2599,2599,1975,130,2,34,0,622,8,6,2,8
46,2,moe,653,37,9320,5046,5046,3960,255,0,59,0,623,8,4,4,8
46,3,moe,579,36,4538,2404,2404,1974,131,0,29,0,619,8,6,2,8
46,4,moe,645,35,8643,3991,3991,4294,265,0,93,0,550,8,3,5,8
46,5,moe,679,35,6100,3335,3335,2560,167,0,38,0,552,8,5,3,8
46,6,moe,647,35,6962,3594,3594,3096,193,0,79,0,624,8,5,3,8
46,7,moe,600,34,2152,1114,1114,921,56,0,61,0,546,8,7,1,8
46,8,moe,656,37,7178,3543,3543,3376,216,0,43,0,554,8,4,4,8
46,9,moe,676,35,8295,3928,3928,4034,247,0,86,0,628,8,4,4,8
46,10,moe,643,34,6269,3413,3413,2616,163,0,77,0,555,8,5,3,8
46,11,moe,595,34,6051,3316,3316,2528,161,0,46,0,550,8,5,3,8
46,12,moe,668,40,4795,2537,2537,2068,125,0,65,0,620,8,6,2,8
46,13,moe,675,35,3343,1413,1413,1749,109,0,72,0,546,8,6,2,8
46,14,moe,643,35,6084,3333,3333,2552,163,0,36,0,570,8,5,3,8
46,15,moe,640,36,8595,6304,6304,2097,124,0,70,0,619,8,6,2,8
46,16,moe,644,35,4644,1785,1785,2619,162,0,78,0,544,8,5,3,8
46,17,moe,680,34,3295,1479,1479,1682,107,0,27,0,554,8,6,2,8
46,18,moe,642,35,2521,1294,1294,1113,63,0,51,0,626,8,7,1,8
46,19,moe,584,33,9,0,0,0,0,0,9,0,543,8,8,0,8
46,20,moe,647,34,8,0,0,0,0,0,8,0,540,8,8,0,8
46,21,moe,687,39,10,0,0,0,0,0,10,0,611,8,8,0,8
46,22,moe,674,36,2295,1231,1231,940,55,0,69,0,550,8,7,1,8
46,23,moe,585,32,5984,2661,2661,3064,186,0,73,0,645,8,5,3,8
46,24,moe,680,35,9,0,0,0,0,0,9,0,610,8,8,0,8
46,25,moe,676,34,2293,1230,1230,981,65,0,17,0,623,8,7,1,8
46,26,moe,588,44,6773,3605,3605,2944,187,0,37,0,630,8,5,3,8
46,-1,epi,0,0,0,0,0,0,0,0,3818,0,0,0,0,0,0
47,-2,pre,211,0,0,0,0,0,0,0,0,0,0,0,0,0,0
47,0,dense,1158,41,0,0,0,0,0,0,0,0,0,0,0,0,0
47,1,moe,685,38,8135,3914,3914,3925,251,0,45,0,630,8,4,4,8
47,2,moe,641,35,6869,3694,3696,2946,186,0,41,0,619,8,5,3,8
47,3,moe,592,34,5898,2719,2719,2957,189,0,33,0,618,8,5,3,8
47,4,moe,642,34,6158,3304,3304,2608,162,0,84,0,551,8,5,3,8
47,5,moe,678,34,6422,2782,2782,3379,219,0,42,0,552,8,4,4,8
47,6,moe,646,34,2431,1248,1248,1063,63,0,57,0,615,8,7,1,8
47,7,moe,588,33,6122,3260,3260,2608,176,0,78,0,572,8,5,3,8
47,8,moe,669,46,6086,3308,3308,2550,182,0,46,0,625,8,5,3,8
47,9,moe,694,37,4723,2410,2410,2100,144,0,69,0,808,8,6,2,8
47,10,moe,655,44,6658,3245,3246,3077,224,0,111,0,722,8,5,3,8
47,11,moe,1513,39,1210,267,267,854,57,0,32,0,561,8,7,1,8
47,12,moe,657,31,6972,3620,3622,3076,196,3,75,0,632,8,5,3,8
47,13,moe,694,31,2238,1193,1193,918,58,0,69,0,550,8,7,1,8
47,14,moe,658,33,7438,3767,3768,3397,222,0,51,0,579,8,4,4,8
47,15,moe,602,31,5491,2169,2169,3066,186,0,70,0,624,8,5,3,8
47,16,moe,649,32,5449,2591,2591,2620,163,0,75,0,551,8,5,3,8
47,17,moe,678,31,5311,2546,2546,2553,168,0,44,0,559,8,5,3,8
47,18,moe,652,32,1575,337,337,1123,66,1,48,0,626,8,7,1,8
47,19,moe,588,31,7383,3602,3603,3473,216,0,91,0,552,8,4,4,8
47,20,moe,647,32,5309,2561,2561,2543,164,0,41,0,553,8,5,3,8
47,21,moe,686,31,4690,2421,2421,2074,124,0,71,0,629,8,6,2,8
47,22,moe,681,31,3985,2052,2052,1767,109,0,57,0,548,8,6,2,8
47,23,moe,584,29,9079,3647,3647,5025,307,0,100,0,633,8,3,5,8
47,24,moe,683,32,5947,2775,2775,2950,186,0,36,0,628,8,5,3,8
47,25,moe,685,30,2354,1286,1286,982,65,0,21,0,625,8,7,1,8
47,26,moe,583,29,2749,620,620,1976,127,0,26,0,626,8,6,2,8
47,-1,epi,0,0,0,0,0,0,0,0,3812,0,0,0,0,0,0
48,-2,pre,226,0,0,0,0,0,0,0,0,0,0,0,0,0,0
48,0,dense,1162,32,0,0,0,0,0,0,0,0,0,0,0,0,0
48,1,moe,684,31,2326,1243,1243,995,66,0,22,0,623,8,7,1,8
48,2,moe,661,29,1380,306,306,987,63,1,23,0,619,8,7,1,8
48,3,moe,588,35,4572,2430,2430,1982,129,0,31,0,623,8,6,2,8
48,4,moe,646,31,6197,3290,3290,2640,165,0,102,0,550,8,5,3,8
48,5,moe,683,33,2141,1203,1203,856,57,0,25,0,560,8,7,1,8
48,6,moe,640,31,2433,1200,1200,1108,65,0,60,0,627,8,7,1,8
48,7,moe,578,29,2521,557,557,1790,110,0,64,0,561,8,6,2,8
48,8,moe,654,30,2041,1117,1117,850,55,0,19,0,553,8,7,1,8
48,9,moe,677,31,3978,1704,1704,2091,126,0,57,0,628,8,6,2,8
48,10,moe,652,30,5478,2615,2615,2625,161,0,77,0,561,8,5,3,8
48,11,moe,594,28,4035,2204,2204,1697,109,0,25,0,551,8,6,2,8
48,12,moe,654,30,2405,1200,1200,1088,62,0,55,0,625,8,7,1,8
48,13,moe,678,33,10,0,0,0,0,0,10,0,543,8,8,0,8
48,14,moe,660,33,2179,1144,1144,914,55,0,66,0,544,8,7,1,8
48,15,moe,581,28,4693,2420,2420,2077,123,0,73,0,620,8,6,2,8
48,16,moe,645,29,2232,1208,1208,914,55,1,54,0,552,8,7,1,8
48,17,moe,681,34,2046,1120,1120,850,57,0,19,0,549,8,7,1,8
48,18,moe,647,32,2476,1240,1240,1105,65,0,66,0,624,8,7,1,8
48,19,moe,585,28,3368,1417,1417,1779,108,0,64,0,558,8,6,2,8
48,20,moe,655,30,6161,3432,3432,2527,163,0,39,0,556,8,5,3,8
48,21,moe,685,31,9,0,0,0,0,0,9,0,617,8,8,0,8
48,22,moe,677,30,7234,3609,3609,3363,215,0,47,0,553,8,4,4,8
48,23,moe,599,31,4931,2613,2613,2117,131,0,70,0,624,8,6,2,8
48,24,moe,688,30,4555,2424,2424,1977,125,0,29,0,629,8,6,2,8
48,25,moe,680,29,4572,2456,2456,1961,125,0,30,0,628,8,6,2,8
48,26,moe,609,39,10,0,0,0,0,0,10,0,616,8,8,0,8
48,-1,epi,0,0,0,0,0,0,0,0,3808,0,0,0,0,0,0
49,-2,pre,195,0,0,0,0,0,0,0,0,0,0,0,0,0,0
49,0,dense,1152,31,0,0,0,0,0,0,0,0,0,0,0,0,0
49,1,moe,677,31,7091,3893,3893,2968,193,0,37,0,627,8,5,3,8
49,2,moe,643,41,1383,306,306,991,64,0,22,0,623,8,7,1,8
49,3,moe,588,30,7157,3960,3960,2972,190,0,35,0,616,8,5,3,8
49,4,moe,646,30,6229,3366,3366,2612,162,0,89,0,547,8,5,3,8
49,5,moe,687,30,4108,2269,2269,1698,110,0,31,0,565,8,6,2,8
49,6,moe,641,30,2456,1234,1235,1094,66,0,61,0,625,8,7,1,8
49,7,moe,579,30,3432,1460,1460,1788,115,1,68,0,554,8,6,2,8
49,8,moe,648,30,2033,1105,1105,848,60,0,20,0,552,8,7,1,8
49,9,moe,679,32,9387,4983,4984,4060,256,0,87,0,622,8,4,4,8
49,10,moe,644,33,6231,3369,3369,2615,167,0,80,0,548,8,5,3,8
49,11,moe,580,31,2054,1130,1130,850,57,0,17,0,556,8,7,1,8
49,12,moe,639,254,5062,3835,3835,1103,63,0,61,0,627,8,7,1,8
49,13,moe,673,35,7132,4281,4281,2617,162,0,72,0,554,8,5,3,8
49,14,moe,642,35,4006,2181,2182,1690,109,0,25,0,545,8,6,2,8
49,15,moe,578,33,3830,1562,1562,2077,128,0,63,0,623,8,6,2,8
49,16,moe,660,37,3394,1460,1460,1762,107,0,65,0,540,8,6,2,8
49,17,moe,674,34,8051,4424,4424,3371,216,0,40,0,552,8,4,4,8
49,18,moe,649,34,2483,1271,1271,1096,62,0,54,0,615,8,7,1,8
49,19,moe,592,34,11436,5874,5875,5138,320,0,103,0,549,8,2,6,8
49,20,moe,646,35,5864,3129,3129,2538,162,0,35,0,556,8,5,3,8
49,21,moe,684,35,8447,4052,4052,4068,248,0,79,0,619,8,4,4,8
49,22,moe,682,34,8695,4049,4050,4287,268,0,90,0,567,8,3,5,8
49,23,moe,11185,37,8069,2582,2583,5070,316,0,100,0,626,8,3,5,8
49,24,moe,671,38,8749,3456,3457,4926,309,0,57,0,630,8,3,5,8
49,25,moe,676,34,10475,4100,4102,5932,375,0,66,0,631,8,2,6,8
49,26,moe,618,36,5461,1219,1219,3943,246,0,53,0,626,8,4,4,8
49,-1,epi,0,0,0,0,0,0,0,0,3818,0,0,0,0,0,0
50,-2,pre,63,0,0,0,0,0,0,0,0,0,0,0,0,0,0
50,0,dense,1163,39,0,0,0,0,0,0,0,0,0,0,0,0,0
50,1,moe,675,36,3835,1686,1686,1985,131,0,33,0,621,8,6,2,8
50,2,moe,650,42,7188,3987,3987,2967,193,0,41,0,626,8,5,3,8
50,3,moe,596,35,2325,1250,1250,988,66,0,21,0,610,8,7,1,8
50,4,moe,641,36,3766,872,872,2638,166,0,90,0,554,8,5,3,8
50,5,moe,676,37,6580,2936,2936,3381,214,0,49,0,554,8,4,4,8
50,6,moe,683,42,2484,1262,1262,1098,63,0,61,0,619,8,7,1,8
50,7,moe,592,33,9,0,0,0,0,0,9,0,540,8,8,0,8
50,8,moe,650,33,1319,282,282,923,55,0,59,0,541,8,7,1,8
50,9,moe,686,34,2463,1231,1231,1121,64,0,47,0,619,8,7,1,8
50,10,moe,651,33,2178,1148,1148,922,55,0,53,0,548,8,7,1,8
50,11,moe,581,33,2041,1122,1122,846,53,0,20,0,552,8,7,1,8
50,12,moe,643,34,2443,1237,1237,1092,63,0,51,0,629,8,7,1,8
50,13,moe,683,34,9,0,0,0,0,0,9,0,547,8,8,0,8
50,14,moe,658,33,9,0,0,0,0,0,9,0,548,8,8,0,8
50,15,moe,586,39,5217,2009,2009,2954,215,0,39,0,624,8,5,3,8
50,16,moe,619,37,6558,2752,2752,3473,223,0,110,0,656,8,4,4,8
50,17,moe,705,45,7323,3651,3651,3396,224,0,52,0,556,8,4,4,8
50,18,moe,651,37,6969,3637,3638,3061,185,0,85,0,626,8,5,3,8
50,19,moe,595,37,10,0,0,0,0,0,10,0,538,8,8,0,8
50,20,moe,656,40,5417,2533,2533,2631,162,0,91,0,560,8,5,3,8
50,21,moe,688,38,8437,4033,4034,4060,247,0,96,0,628,8,4,4,8
50,22,moe,680,36,4566,1692,1692,2617,169,0,88,0,565,8,5,3,8
50,23,moe,2722,37,7645,3250,3251,4047,257,0,90,0,624,8,4,4,8
50,24,moe,679,37,5598,1306,1306,3978,259,0,55,0,630,8,4,4,8
50,25,moe,682,38,4735,2590,2590,1982,132,0,31,0,624,8,6,2,8
50,26,moe,606,38,4570,2448,2448,1965,128,0,29,0,627,8,6,2,8
50,-1,epi,0,0,0,0,0,0,0,0,3805,0,0,0,0,0,0
51,-2,pre,41,0,0,0,0,0,0,0,0,0,0,0,0,0,0
51,0,dense,1186,39,0,0,0,0,0,0,0,0,0,0,0,0,0
51,1,moe,685,35,10,0,0,0,0,0,10,0,607,8,8,0,8
51,2,moe,646,34,2282,1210,1210,985,66,0,21,0,612,8,7,1,8
51,3,moe,607,40,2804,669,669,1976,131,0,28,0,624,8,6,2,8
51,4,moe,653,38,5979,2243,2243,3441,213,0,82,0,553,8,4,4,8
51,5,moe,687,38,10,0,0,0,0,0,10,0,546,8,8,0,8
51,6,moe,649,35,9419,5020,5020,4054,259,0,86,0,622,8,4,4,8
51,7,moe,588,34,8120,4368,4368,3451,217,0,84,0,590,8,4,4,8
51,8,moe,647,37,4081,2239,2239,1695,116,0,31,0,656,8,6,2,8
51,9,moe,691,38,5357,2396,2396,2710,175,0,76,0,1071,8,6,2,8
51,10,moe,657,38,4126,2187,2187,1762,115,0,62,0,554,8,6,2,8
51,11,moe,629,35,3996,2157,2157,1696,110,3,30,0,556,8,6,2,8
51,12,moe,651,38,4686,2373,2373,2105,125,0,83,0,629,8,6,2,8
51,13,moe,680,37,6347,3474,3475,2624,163,0,85,0,556,8,5,3,8
51,14,moe,659,37,9,0,0,0,0,0,9,0,545,8,8,0,8
51,15,moe,591,40,2505,1281,1281,1109,66,0,49,0,623,8,7,1,8
51,16,moe,658,43,10194,5509,5509,4314,269,0,102,0,556,8,3,5,8
51,17,moe,671,36,4014,2182,2182,1696,109,0,27,0,548,8,6,2,8
51,18,moe,654,36,9239,4832,4832,4071,245,0,91,0,616,8,4,4,8
51,19,moe,597,39,3403,1433,1433,1796,110,0,64,0,545,8,6,2,8
51,20,moe,656,37,9424,4888,4888,4220,269,0,47,0,556,8,3,5,8
51,21,moe,687,36,13148,6603,6604,6075,371,0,98,0,626,8,2,6,8
51,22,moe,678,37,6190,3332,3332,2613,162,0,83,0,557,8,5,3,8
51,23,moe,594,34,7057,3736,3736,3059,186,0,76,0,645,8,5,3,8
51,24,moe,682,36,4710,2589,2589,1966,127,0,28,0,623,8,6,2,8
51,25,moe,672,35,10756,5472,5472,4915,313,1,55,0,622,8,3,5,8
51,26,moe,598,33,8230,3997,3998,3941,250,0,41,0,620,8,4,4,8
51,-1,epi,0,0,0,0,0,0,0,0,3825,0,0,0,0,0,0
52,-2,pre,89,0,0,0,0,0,0,0,0,0,0,0,0,0,0
52,0,dense,1159,40,0,0,0,0,0,0,0,0,0,0,0,0,0
52,1,moe,677,36,2377,1301,1301,991,64,0,21,0,633,8,7,1,8
52,2,moe,654,34,1353,279,279,992,62,0,20,0,623,8,7,1,8
52,3,moe,595,37,4635,2513,2513,1965,126,0,31,0,623,8,6,2,8
52,4,moe,645,35,7391,3614,3615,3461,216,0,99,0,544,8,4,4,8
52,5,moe,683,35,11,0,0,0,0,0,11,0,545,8,8,0,8
52,6,moe,645,33,2416,1204,1204,1093,62,0,57,0,621,8,7,1,8
52,7,moe,587,37,6335,3489,3489,2604,162,0,80,0,552,8,5,3,8
52,8,moe,648,36,2117,1195,1196,847,55,0,19,0,540,8,7,1,8
52,9,moe,678,218,8412,6118,6118,2101,127,0,66,0,625,8,6,2,8
52,10,moe,648,33,2353,1323,1323,919,55,0,56,0,548,8,7,1,8
52,11,moe,578,34,2023,1103,1103,848,54,0,18,0,552,8,7,1,8
52,12,moe,651,34,2465,1260,1260,1084,63,0,58,0,620,8,7,1,8
52,13,moe,705,38,4346,2385,2385,1787,109,0,65,0,551,8,6,2,8
52,14,moe,648,35,9,0,0,0,0,0,9,0,543,8,8,0,8
52,15,moe,576,33,1523,316,317,1087,64,0,55,0,624,8,7,1,8
52,16,moe,660,32,6347,3478,3478,2620,165,0,84,0,568,8,5,3,8
52,17,moe,673,39,8023,4334,4334,3409,228,0,52,0,554,8,4,4,8
52,18,moe,644,59,22,0,0,0,0,0,22,0,611,8,8,0,8
52,19,moe,576,36,2236,1300,1300,854,58,0,24,0,548,8,7,1,8
52,20,moe,656,45,2389,554,554,1693,110,0,32,0,553,8,6,2,8
52,21,moe,688,37,10393,4905,4905,5063,319,0,106,0,626,8,3,5,8
52,22,moe,674,37,2957,1019,1019,1769,111,0,58,0,550,8,6,2,8
52,23,moe,598,37,6702,2276,2276,4080,256,0,90,0,625,8,4,4,8
52,24,moe,673,35,3789,1654,1654,1972,128,0,35,0,627,8,6,2,8
52,25,moe,677,36,5130,1929,1929,2971,193,0,37,0,621,8,5,3,8
52,26,moe,588,36,1412,306,306,1020,67,0,19,0,621,8,7,1,8
52,-1,epi,0,0,0,0,0,0,0,0,3829,0,0,0,0,0,0
53,-2,pre,210,0,0,0,0,0,0,0,0,0,0,0,0,0,0
53,0,dense,1157,38,0,0,0,0,0,0,0,0,0,0,0,0,0
53,1,moe,682,36,2313,1235,1235,987,66,0,25,0,619,8,7,1,8
53,2,moe,652,39,9,0,0,0,0,0,9,0,614,8,8,0,8
53,3,moe,600,43,6909,3712,3713,2971,188,0,37,0,621,8,5,3,8
53,4,moe,639,36,1340,285,285,927,57,0,71,0,557,8,7,1,8
53,5,moe,681,32,2088,1165,1165,848,56,0,19,0,548,8,7,1,8
53,6,moe,640,30,9,0,0,0,0,0,9,0,610,8,8,0,8
53,7,moe,585,29,2168,1238,1238,854,57,0,19,0,548,8,7,1,8
53,8,moe,664,32,4035,2211,2211,1682,109,0,33,0,550,8,6,2,8
53,9,moe,682,29,6334,2995,2995,3067,188,0,84,0,630,8,5,3,8
53,10,moe,647,31,3696,822,822,2633,161,0,80,0,560,8,5,3,8
53,11,moe,588,29,9,0,0,0,0,0,9,0,539,8,8,0,8
53,12,moe,656,29,4661,2366,2366,2095,130,0,70,0,630,8,6,2,8
53,13,moe,691,34,2274,1219,1219,934,57,0,64,0,541,8,7,1,8
53,14,moe,660,32,6054,3298,3298,2545,170,0,41,0,558,8,5,3,8
53,15,moe,599,30,9,0,0,0,0,0,9,0,609,8,8,0,8
53,16,moe,641,31,4762,1989,1989,2554,174,0,45,0,548,8,5,3,8
53,17,moe,683,33,2689,855,855,1697,110,0,27,0,568,8,6,2,8
53,18,moe,653,31,9,0,0,0,0,0,9,0,621,8,8,0,8
53,19,moe,593,31,2086,1159,1159,850,57,0,20,0,549,8,7,1,8
53,20,moe,670,29,2467,595,595,1705,114,0,53,0,552,8,6,2,8
53,21,moe,694,32,5329,1826,1826,3224,202,0,77,0,630,8,5,3,8
53,22,moe,732,31,1337,268,268,962,59,0,48,0,551,8,7,1,8
53,23,moe,593,32,4065,1694,1694,2152,135,0,84,0,633,8,6,2,8
53,24,moe,691,36,6884,2473,2473,4109,259,0,43,0,641,8,4,4,8
53,25,moe,708,34,6086,2745,2745,3092,206,0,43,0,798,8,5,3,8
53,26,moe,620,36,8429,3967,3967,4126,279,0,57,0,627,8,4,4,8
53,-1,epi,0,0,0,0,0,0,0,0,3872,0,0,0,0,0,0
54,-2,pre,61,0,0,0,0,0,0,0,0,0,0,0,0,0,0
54,0,dense,1204,38,0,0,0,0,0,0,0,0,0,0,0,0,0
54,1,moe,692,38,11,0,0,0,0,0,11,0,615,8,8,0,8
54,2,moe,651,32,9,0,0,0,0,0,9,0,610,8,8,0,8
54,3,moe,609,32,5533,2186,2186,3097,202,0,48,0,626,8,5,3,8
54,4,moe,661,37,6886,2935,2935,3603,227,0,121,0,552,8,4,4,8
54,5,moe,687,33,4503,2575,2575,1775,119,0,34,0,554,8,6,2,8
54,6,moe,652,34,1594,323,324,1137,67,0,66,0,637,8,7,1,8
54,7,moe,608,31,7701,3750,3750,3626,229,0,96,0,555,8,4,4,8
54,8,moe,649,33,2109,1129,1129,889,58,0,33,0,548,8,7,1,8
54,9,moe,684,33,6243,2770,2770,3199,195,0,79,0,627,8,5,3,8
54,10,moe,651,33,9,0,0,0,0,1,8,0,542,8,8,0,8
54,11,moe,591,29,2205,1125,1125,972,57,0,51,0,545,8,7,1,8
54,12,moe,646,32,2470,1211,1211,1141,66,0,52,0,620,8,7,1,8
54,13,moe,687,31,6315,3341,3341,2721,168,0,85,0,553,8,5,3,8
54,14,moe,651,31,4272,2360,2360,1767,114,0,31,0,546,8,6,2,8
54,15,moe,590,31,2509,1258,1258,1135,65,0,51,0,624,8,7,1,8
54,16,moe,653,31,1375,300,300,961,57,0,57,0,552,8,7,1,8
54,17,moe,678,31,1255,295,295,885,57,1,17,0,550,8,7,1,8
54,18,moe,646,30,2610,1349,1349,1136,72,0,53,0,622,8,7,1,8
54,19,moe,601,32,1343,270,270,960,59,0,54,0,552,8,7,1,8
54,20,moe,665,33,9,0,0,0,0,0,9,0,562,8,8,0,8
54,21,moe,690,33,4079,1676,1676,2192,137,0,74,0,626,8,6,2,8
54,22,moe,691,33,4294,2261,2261,1839,118,0,76,0,548,8,6,2,8
54,23,moe,605,30,8483,3909,3909,4222,268,0,84,0,632,8,4,4,8
54,24,moe,7583,33,5953,2630,2631,3085,195,0,42,0,630,8,5,3,8
54,25,moe,696,30,6981,2547,2547,4130,260,0,44,0,618,8,4,4,8
54,26,moe,590,30,5695,1265,1265,4125,260,0,45,0,623,8,4,4,8
54,-1,epi,0,0,0,0,0,0,0,0,3808,0,0,0,0,0,0
55,-2,pre,212,0,0,0,0,0,0,0,0,0,0,0,0,0,0
55,0,dense,1165,31,0,0,0,0,0,0,0,0,0,0,0,0,0
55,1,moe,682,31,3262,1031,1031,2060,135,0,36,0,630,8,6,2,8
55,2,moe,658,33,6257,2931,2931,3087,202,0,37,0,624,8,5,3,8
55,3,moe,596,31,7271,3940,3940,3097,194,0,40,0,630,8,5,3,8
55,4,moe,655,34,1369,286,286,954,57,0,72,0,562,8,7,1,8
55,5,moe,692,35,8520,4711,4711,3543,223,0,43,0,545,8,4,4,8
55,6,moe,650,273,8570,6188,6188,2171,131,0,80,0,624,8,6,2,8
55,7,moe,601,35,10502,5631,5631,4493,279,1,98,0,564,8,3,5,8
55,8,moe,648,39,2102,1144,1144,877,59,0,22,0,545,8,7,1,8
55,9,moe,679,37,2449,1204,1204,1121,66,0,58,0,627,8,7,1,8
55,10,moe,647,36,4188,2248,2248,1761,113,0,66,0,546,8,6,2,8
55,11,moe,596,34,6380,2712,2712,3400,223,0,45,0,548,8,4,4,8
55,12,moe,656,36,2445,1229,1229,1092,67,0,57,0,621,8,7,1,8
55,13,moe,679,35,6757,2984,2984,3469,213,0,91,0,551,8,4,4,8
55,14,moe,652,35,5341,2590,2590,2545,171,0,35,0,549,8,5,3,8
55,15,moe,575,35,6070,2763,2763,3049,185,0,73,0,623,8,5,3,8
55,16,moe,641,37,6561,2783,2783,3467,225,0,86,0,543,8,4,4,8
55,17,moe,681,38,7172,2576,2576,4257,281,0,58,0,564,8,3,5,8
55,18,moe,649,37,3867,1553,1553,2115,127,0,72,0,617,8,6,2,8
55,19,moe,579,35,5366,2502,2502,2619,169,0,76,0,552,8,5,3,8
55,20,moe,644,37,4152,2311,2311,1699,113,0,29,0,553,8,6,2,8
55,21,moe,681,35,5436,2075,2075,3093,186,0,82,0,628,8,5,3,8
55,22,moe,674,36,7817,4039,4040,3475,216,0,86,0,553,8,4,4,8
55,23,moe,596,34,6153,2803,2803,3084,197,0,69,0,629,8,5,3,8
55,24,moe,677,34,5404,2220,2220,2961,186,0,37,0,620,8,5,3,8
55,25,moe,680,43,3692,1548,1548,1979,128,0,37,0,622,8,6,2,8
55,26,moe,604,33,10545,5217,5217,4947,321,0,60,0,627,8,3,5,8
55,-1,epi,0,0,0,0,0,0,0,0,3816,0,0,0,0,0,0
56,-2,pre,215,0,0,0,0,0,0,0,0,0,0,0,0,0,0
56,0,dense,1159,39,0,0,0,0,0,0,0,0,0,0,0,0,0
56,1,moe,677,37,7039,3718,3718,3086,194,0,41,0,625,8,5,3,8
56,2,moe,656,38,4870,2652,2652,2057,131,0,30,0,625,8,6,2,8
56,3,moe,602,36,6916,3606,3606,3080,195,0,35,0,620,8,5,3,8
56,4,moe,648,36,9,0,0,0,0,0,9,0,542,8,8,0,8
56,5,moe,682,35,2192,1099,1099,960,58,0,75,0,547,8,7,1,8
56,6,moe,662,39,11,0,0,0,0,0,11,0,614,8,8,0,8
56,7,moe,613,35,2131,1168,1168,885,57,0,21,0,566,8,7,1,8
56,8,moe,652,37,2325,1360,1360,888,57,0,20,0,561,8,7,1,8
56,9,moe,686,36,3028,656,656,2166,129,0,77,0,625,8,6,2,8
56,10,moe,655,35,3512,1470,1470,1858,115,0,69,0,550,8,6,2,8
56,11,moe,596,34,4104,2183,2183,1771,116,0,34,0,548,8,6,2,8
56,12,moe,651,37,2555,1259,1259,1172,66,0,58,0,620,8,7,1,8
56,13,moe,685,36,4311,2272,2272,1853,114,0,72,0,552,8,6,2,8
56,14,moe,652,37,4043,2140,2140,1764,114,0,25,0,563,8,6,2,8
56,15,moe,594,37,2520,1238,1238,1162,65,0,55,0,623,8,7,1,8
56,16,moe,646,36,2589,564,564,1846,115,0,64,0,551,8,6,2,8
56,17,moe,679,37,2083,1118,1118,886,60,0,19,0,546,8,7,1,8
56,18,moe,654,36,2582,1289,1289,1163,69,0,61,0,623,8,7,1,8
56,19,moe,597,35,4697,1702,1702,2743,169,0,83,0,543,8,5,3,8
56,20,moe,643,37,3434,1516,1516,1770,117,0,31,0,558,8,6,2,8
56,21,moe,689,37,4410,931,931,3200,194,0,85,0,639,8,5,3,8
56,22,moe,685,36,2236,1143,1143,976,59,0,58,0,544,8,7,1,8
56,23,moe,612,35,5699,2232,2232,3206,201,0,60,0,623,8,5,3,8
56,24,moe,698,37,4447,1127,1128,3082,196,0,41,0,623,8,5,3,8
56,25,moe,681,35,6111,2776,2776,3095,204,0,36,0,619,8,5,3,8
56,26,moe,603,42,9485,3971,3971,5139,323,0,52,0,630,8,3,5,8
56,-1,epi,0,0,0,0,0,0,0,0,3832,0,0,0,0,0,0
57,-2,pre,49,0,0,0,0,0,0,0,0,0,0,0,0,0,0
57,0,dense,1168,39,0,0,0,0,0,0,0,0,0,0,0,0,0
57,1,moe,675,42,3753,1530,1530,2058,136,0,29,0,621,8,6,2,8
57,2,moe,661,40,10,0,0,0,0,0,10,0,629,8,8,0,8
57,3,moe,605,40,7036,2610,2611,4115,258,0,52,0,628,8,4,4,8
57,4,moe,651,37,10,0,1,0,0,0,9,0,549,8,8,0,8
57,5,moe,686,36,5076,2089,2089,2740,173,0,74,0,557,8,5,3,8
57,6,moe,654,37,2561,1285,1285,1146,66,0,64,0,623,8,7,1,8
57,7,moe,605,40,5588,2583,2583,2740,182,1,82,0,657,8,5,3,8
57,8,moe,664,39,2110,1135,1135,887,63,0,25,0,654,8,7,1,8
57,9,moe,717,46,11,0,0,0,0,0,11,0,744,8,8,0,8
57,10,moe,659,42,11,0,0,0,0,0,11,0,592,8,8,0,8
57,11,moe,623,35,6182,3294,3294,2664,176,0,48,0,560,8,5,3,8
57,12,moe,654,37,11,0,0,0,0,0,11,0,612,8,8,0,8
57,13,moe,678,35,2129,1164,1164,885,59,0,21,0,548,8,7,1,8
57,14,moe,653,39,2102,1136,1136,888,59,0,19,0,551,8,7,1,8
57,15,moe,598,40,4786,2422,2422,2166,130,0,68,0,625,8,6,2,8
57,16,moe,648,37,1358,269,269,961,57,0,71,0,542,8,7,1,8
57,17,moe,685,35,1257,286,286,883,58,0,30,0,543,8,7,1,8
57,18,moe,656,38,2636,1372,1372,1139,66,0,59,0,625,8,7,1,8
57,19,moe,615,41,1363,274,274,981,60,0,48,0,545,8,7,1,8
57,20,moe,656,41,9,0,0,0,0,0,9,0,548,8,8,0,8
57,21,moe,693,38,4885,2519,2519,2160,129,0,77,0,628,8,6,2,8
57,22,moe,678,37,3560,1535,1535,1837,113,0,75,0,552,8,6,2,8
57,23,moe,601,35,3117,764,764,2156,129,0,68,0,628,8,6,2,8
57,24,moe,690,39,3801,1587,1587,2055,130,0,29,0,631,8,6,2,8
57,25,moe,695,39,2416,1301,1301,1030,65,0,20,0,619,8,7,1,8
57,26,moe,601,37,8600,1940,1941,6187,398,0,74,0,629,8,2,6,8
57,-1,epi,0,0,0,0,0,0,0,0,3810,0,0,0,0,0,0
58,-2,pre,278,0,0,0,0,0,0,0,0,0,0,0,0,0,0
58,0,dense,1165,39,0,0,0,0,0,0,0,0,0,0,0,0,0
58,1,moe,678,37,2492,1368,1368,1032,66,0,26,0,621,8,7,1,8
58,2,moe,651,37,10,0,0,0,0,0,10,0,636,8,8,0,8
58,3,moe,607,35,6578,3248,3248,3092,201,0,37,0,626,8,5,3,8
58,4,moe,693,42,7270,4262,4262,2738,175,0,95,0,552,8,5,3,8
58,5,moe,689,38,2272,1305,1305,886,57,0,24,0,543,8,7,1,8
58,6,moe,645,36,9,0,0,0,0,0,9,0,613,8,8,0,8
58,7,moe,609,33,2090,1124,1124,888,57,0,21,0,553,8,7,1,8
58,8,moe,647,36,2103,1148,1148,878,57,0,20,0,551,8,7,1,8
58,9,moe,682,35,2594,1300,1300,1168,66,0,60,0,620,8,7,1,8
58,10,moe,652,35,9,0,0,0,0,0,9,0,549,8,8,0,8
58,11,moe,605,33,8,0,0,0,0,0,8,0,544,8,8,0,8
58,12,moe,651,35,8,0,0,0,0,0,8,0,605,8,8,0,8
58,13,moe,679,41,3443,1393,1393,1851,112,0,87,0,549,8,6,2,8
58,14,moe,659,35,9,0,0,0,0,0,9,0,541,8,8,0,8
58,15,moe,580,34,5007,2650,2650,2156,130,0,71,0,622,8,6,2,8
58,16,moe,651,36,2275,1189,1189,968,59,0,59,0,545,8,7,1,8
58,17,moe,682,36,2136,1173,1173,883,58,0,22,0,546,8,7,1,8
58,18,moe,657,37,8,0,0,0,0,0,8,0,628,8,8,0,8
58,19,moe,618,34,5511,2650,2650,2655,166,0,40,0,549,8,5,3,8
58,20,moe,652,35,1238,279,279,882,59,0,18,0,546,8,7,1,8
58,21,moe,679,36,1778,470,470,1168,69,0,71,0,627,8,7,1,8
58,22,moe,677,36,3578,1487,1487,1893,117,0,81,0,550,8,6,2,8
58,23,moe,644,36,3062,651,651,2210,135,0,66,0,631,8,6,2,8
58,24,moe,691,40,2548,1427,1427,1032,69,0,20,0,627,8,7,1,8
58,25,moe,687,47,2882,664,664,2060,130,0,28,0,626,8,6,2,8
58,26,moe,610,35,5438,2103,2103,3095,202,0,38,0,625,8,5,3,8
58,-1,epi,0,0,0,0,0,0,0,0,3817,0,0,0,0,0,0
59,-2,pre,42,0,0,0,0,0,0,0,0,0,0,0,0,0,0
59,0,dense,1166,33,0,0,0,0,0,0,0,0,0,0,0,0,0
59,1,moe,682,35,9,0,0,0,0,0,9,0,626,8,8,0,8
59,2,moe,649,30,2377,1253,1253,1032,69,0,23,0,646,8,7,1,8
59,3,moe,595,31,2871,652,652,2058,131,0,30,0,620,8,6,2,8
59,4,moe,649,31,9,0,0,0,0,0,9,0,546,8,8,0,8
59,5,moe,679,36,9,0,0,0,0,0,9,0,542,8,8,0,8
59,6,moe,660,32,2499,1320,1320,1087,71,0,21,0,625,8,7,1,8
59,7,moe,615,31,2355,1182,1182,1034,63,0,76,0,552,8,7,1,8
59,8,moe,669,32,10,0,0,0,0,0,10,0,548,8,8,0,8
59,9,moe,693,31,1694,333,333,1226,69,0,66,0,626,8,7,1,8
59,10,moe,663,49,2300,1158,1159,1017,60,0,64,0,566,8,7,1,8
59,11,moe,613,31,2222,1205,1205,938,60,0,19,0,546,8,7,1,8
59,12,moe,669,32,1665,323,323,1215,69,0,58,0,633,8,7,1,8
59,13,moe,683,32,4513,2371,2371,1956,120,0,66,0,548,8,6,2,8
59,14,moe,669,31,3515,1496,1496,1868,120,0,31,0,554,8,6,2,8
59,15,moe,620,31,1681,328,328,1228,69,0,56,0,629,8,7,1,8
59,16,moe,665,32,3657,1492,1492,1975,122,0,68,0,547,8,6,2,8
59,17,moe,696,34,2197,1173,1173,942,62,0,20,0,553,8,7,1,8
59,18,moe,664,38,2646,1306,1306,1210,72,0,58,0,634,8,7,1,8
59,19,moe,622,33,4422,2260,2260,1961,126,0,75,0,554,8,6,2,8
59,20,moe,669,34,4789,1763,1763,2805,178,0,43,0,557,8,5,3,8
59,21,moe,708,32,7371,2808,2808,4219,256,0,88,0,625,8,4,4,8
59,22,moe,674,32,9503,3694,3696,5371,336,0,100,0,555,8,2,6,8
59,23,moe,598,31,8308,2657,2657,5244,322,0,85,0,626,8,3,5,8
59,24,moe,682,31,7029,2620,2620,4106,262,0,41,0,623,8,4,4,8
59,25,moe,681,35,9756,3125,3126,6181,382,0,67,0,623,8,2,6,8
59,26,moe,602,34,9835,3202,3202,6175,389,0,69,0,631,8,2,6,8
59,-1,epi,0,0,0,0,0,0,0,0,3819,0,0,0,0,0,0
60,-2,pre,41,0,0,0,0,0,0,0,0,0,0,0,0,0,0
60,0,dense,1191,32,0,0,0,0,0,0,0,0,0,0,0,0,0
60,1,moe,692,35,2591,1465,1465,1034,69,0,23,0,631,8,7,1,8
60,2,moe,654,31,2351,1230,1230,1033,68,0,20,0,627,8,7,1,8
60,3,moe,594,30,7783,3339,3339,4134,266,0,44,0,628,8,4,4,8
60,4,moe,645,32,2300,1186,1186,972,60,0,82,0,557,8,7,1,8
60,5,moe,680,33,2118,1149,1149,888,59,0,22,0,562,8,7,1,8
60,6,moe,658,35,10,0,0,0,0,0,10,0,625,8,8,0,8
60,7,moe,597,31,9,0,0,0,0,0,9,0,541,8,8,0,8
60,8,moe,658,31,4365,2432,2432,1789,113,0,31,0,554,8,6,2,8
60,9,moe,689,32,2509,1240,1240,1136,66,0,67,0,626,8,7,1,8
60,10,moe,649,31,2204,1120,1120,964,58,0,62,0,543,8,7,1,8
60,11,moe,599,30,1244,286,286,882,58,0,18,0,551,8,7,1,8
60,12,moe,650,31,1944,655,656,1160,69,0,59,0,629,8,7,1,8
60,13,moe,689,29,8,0,0,0,0,0,8,0,540,8,8,0,8
60,14,moe,671,38,2614,567,567,1862,119,0,66,0,555,8,6,2,8
60,15,moe,598,34,4425,940,940,3209,196,0,80,0,621,8,5,3,8
60,16,moe,658,35,9,0,0,0,0,0,9,0,548,8,8,0,8
60,17,moe,699,33,2347,1234,1234,985,58,0,70,0,564,8,7,1,8
60,18,moe,669,34,9,0,0,0,0,0,9,0,628,8,8,0,8
60,19,moe,608,32,3773,1740,1740,1880,125,0,28,0,554,8,6,2,8
60,20,moe,675,35,2263,1240,1240,937,63,0,23,0,559,8,7,1,8
60,21,moe,697,34,4686,974,974,3402,215,0,95,0,634,8,5,3,8
60,22,moe,698,35,3619,1470,1470,1957,119,0,73,0,554,8,6,2,8
60,23,moe,632,35,7114,2405,2405,4354,265,0,90,0,624,8,4,4,8
60,24,moe,677,32,7859,3461,3461,4092,259,0,47,0,636,8,4,4,8
60,25,moe,677,33,2882,657,657,2063,135,0,27,0,626,8,6,2,8
60,26,moe,600,31,2855,631,631,2060,135,0,29,0,615,8,6,2,8
60,-1,epi,0,0,0,0,0,0,0,0,3806,0,0,0,0,0,0
61,-2,pre,111,0,0,0,0,0,0,0,0,0,0,0,0,0,0
61,0,dense,1172,268,0,0,0,0,0,0,0,0,0,0,0,0,0
61,1,moe,714,35,5591,4402,4402,1091,74,0,24,0,624,8,7,1,8
61,2,moe,668,43,4987,2615,2615,2190,143,0,39,0,618,8,6,2,8
61,3,moe,624,40,4318,971,971,3100,202,0,45,0,620,8,5,3,8
61,4,moe,649,43,3498,1465,1465,1831,112,0,90,0,541,8,6,2,8
61,5,moe,684,40,2206,1222,1222,896,60,0,28,0,549,8,7,1,8
61,6,moe,643,42,9,0,0,0,0,0,9,0,612,8,8,0,8
61,7,moe,619,37,2163,1136,1137,941,61,0,24,0,555,8,7,1,8
61,8,moe,672,40,9,0,0,0,0,0,9,0,544,8,8,0,8
61,9,moe,697,38,8,0,0,0,0,0,8,0,612,8,8,0,8
61,10,moe,663,38,10,0,0,0,0,0,10,0,548,8,8,0,8
61,11,moe,610,42,2190,1168,1168,938,61,0,23,0,556,8,7,1,8
61,12,moe,667,39,10,0,0,0,0,0,10,0,632,8,8,0,8
61,13,moe,686,39,9,0,0,0,0,0,9,0,554,8,8,0,8
61,14,moe,660,39,2211,1179,1179,937,62,0,33,0,560,8,7,1,8
61,15,moe,602,36,2615,1244,1244,1221,73,0,77,0,628,8,7,1,8
61,16,moe,658,38,9,0,0,0,0,0,9,0,550,8,8,0,8
61,17,moe,688,38,4450,2275,2275,1960,124,0,91,0,558,8,6,2,8
61,18,moe,668,39,7468,3809,3809,3368,203,0,88,0,628,8,5,3,8
61,19,moe,626,37,3616,1457,1457,1948,133,0,78,0,557,8,6,2,8
61,20,moe,680,43,7630,3552,3552,3763,254,0,61,0,663,8,4,4,8
61,21,moe,741,48,13658,6466,6466,6641,411,0,140,0,638,8,2,6,8
61,22,moe,720,50,8167,3998,3998,3824,238,0,107,0,557,8,4,4,8
61,23,moe,610,61,8018,3263,3263,4372,284,0,99,0,641,8,4,4,8
61,24,moe,687,39,6572,2132,2132,4123,258,0,59,0,626,8,4,4,8
61,25,moe,691,44,11885,6317,6317,5165,333,0,70,0,632,8,3,5,8
61,26,moe,632,40,9907,3223,3223,6207,395,0,82,0,640,8,2,6,8
61,-1,epi,0,0,0,0,0,0,0,0,3819,0,0,0,0,0,0
62,-2,pre,99,0,0,0,0,0,0,0,0,0,0,0,0,0,0
62,0,dense,1201,44,0,0,0,0,0,0,0,0,0,0,0,0,0
62,1,moe,700,43,10,0,1,0,0,0,9,0,626,8,8,0,8
62,2,moe,652,42,11,0,0,0,0,0,11,0,641,8,8,0,8
62,3,moe,598,35,5539,2199,2199,3089,203,0,48,0,621,8,5,3,8
62,4,moe,649,39,1405,285,285,980,60,0,80,0,584,8,7,1,8
62,5,moe,702,41,10,0,0,0,0,0,10,0,547,8,8,0,8
62,6,moe,669,38,2626,1293,1294,1206,72,0,54,0,626,8,7,1,8
62,7,moe,627,39,10,0,0,0,0,0,10,0,574,8,8,0,8
62,8,moe,668,42,1439,283,283,1024,60,0,72,0,549,8,7,1,8
62,9,moe,704,49,11,0,0,0,0,0,11,0,621,8,8,0,8
62,10,moe,674,43,9,0,0,0,0,0,9,0,554,8,8,0,8
62,11,moe,625,40,3474,1454,1454,1867,121,0,32,0,556,8,6,2,8
62,12,moe,669,39,1677,316,316,1216,72,0,73,0,634,8,7,1,8
62,13,moe,694,39,1446,286,286,1027,63,0,70,0,572,8,7,1,8
62,14,moe,670,39,1295,272,272,938,63,0,22,0,562,8,7,1,8
62,15,moe,612,38,9,0,0,0,0,0,9,0,620,8,8,0,8
62,16,moe,673,39,9,0,0,0,0,0,9,0,563,8,8,0,8
62,17,moe,698,39,10,0,0,0,0,0,10,0,555,8,8,0,8
62,18,moe,661,38,2642,1274,1274,1225,71,0,72,0,661,8,7,1,8
62,19,moe,639,38,4941,1755,1755,2900,177,0,109,0,557,8,5,3,8
62,20,moe,678,41,2211,1187,1187,939,60,0,25,0,558,8,7,1,8
62,21,moe,708,39,5793,2090,2091,3398,205,0,99,0,636,8,5,3,8
62,22,moe,686,38,3588,1429,1430,1951,124,0,83,0,560,8,6,2,8
62,23,moe,617,37,4791,1099,1099,3397,207,0,88,0,633,8,5,3,8
62,24,moe,705,41,5620,2096,2096,3267,214,0,43,0,625,8,5,3,8
62,25,moe,692,40,4514,993,993,3265,211,0,45,0,628,8,5,3,8
62,26,moe,629,41,5708,2187,2188,3271,207,0,42,0,620,8,5,3,8
62,-1,epi,0,0,0,0,0,0,0,0,3844,0,0,0,0,0,0
63,-2,pre,219,0,0,0,0,0,0,0,0,0,0,0,0,0,0
63,0,dense,1190,44,0,0,0,0,0,0,0,0,0,0,0,0,0
63,1,moe,708,40,1887,703,703,1088,70,0,26,0,625,8,7,1,8
63,2,moe,669,38,6476,2911,2912,3300,212,0,52,0,627,8,5,3,8
63,3,moe,612,40,4909,2558,2558,2172,138,0,41,0,631,8,6,2,8
63,4,moe,686,39,1469,309,309,1016,60,0,84,0,556,8,7,1,8
63,5,moe,700,44,3476,1447,1447,1873,117,0,39,0,567,8,6,2,8
63,6,moe,670,38,10,0,0,0,0,0,10,0,627,8,8,0,8
63,7,moe,617,36,3509,1474,1474,1875,125,0,35,0,560,8,6,2,8
63,8,moe,679,41,11,0,0,0,0,0,11,0,549,8,8,0,8
63,9,moe,698,38,1692,335,335,1209,70,0,78,0,631,8,7,1,8
63,10,moe,666,39,10,0,0,0,0,0,10,0,544,8,8,0,8
63,11,moe,605,37,9,0,0,0,0,0,9,0,560,8,8,0,8
63,12,moe,692,39,7367,3824,3824,3274,206,0,63,0,629,8,5,3,8
63,13,moe,684,39,1441,287,288,1014,61,0,78,0,554,8,7,1,8
63,14,moe,666,38,4752,1699,1699,2821,186,0,46,0,553,8,5,3,8
63,15,moe,614,39,4221,1704,1704,2300,136,1,80,0,635,8,6,2,8
63,16,moe,666,37,3047,905,905,1940,119,0,83,0,553,8,6,2,8
63,17,moe,693,40,3529,1506,1506,1871,120,0,32,0,560,8,6,2,8
63,18,moe,676,42,2604,1232,1232,1232,73,0,67,0,634,8,7,1,8
63,19,moe,618,38,4916,1757,1757,2891,177,0,91,0,558,8,5,3,8
63,20,moe,667,37,1294,279,279,932,61,0,22,0,553,8,7,1,8
63,21,moe,703,39,4120,1606,1606,2294,142,0,78,0,634,8,6,2,8
63,22,moe,691,41,7377,3185,3186,3855,237,0,99,0,563,8,4,4,8
63,23,moe,613,39,9,0,0,0,0,0,9,0,614,8,8,0,8
63,24,moe,699,40,9117,3068,3068,5579,349,0,121,0,633,8,3,5,8
63,25,moe,698,46,7841,3409,3409,4118,258,0,56,0,624,8,4,4,8
63,26,moe,592,36,3735,1511,1511,2060,130,0,34,0,626,8,6,2,8
63,-1,epi,0,0,0,0,0,0,0,0,3814,0,0,0,0,0,0
64,-2,pre,51,0,0,0,0,0,0,0,0,0,0,0,0,0,0
64,0,dense,1176,46,0,0,0,0,0,0,0,0,0,0,0,0,0
64,1,moe,696,39,11,0,0,0,0,0,11,0,631,8,8,0,8
64,2,moe,670,39,9,0,0,0,0,0,9,0,616,8,8,0,8
64,3,moe,625,39,6112,1396,1396,4374,281,0,61,0,622,8,4,4,8
64,4,moe,682,40,10,0,0,0,0,0,10,0,552,8,8,0,8
64,5,moe,710,44,1486,310,310,1026,62,0,88,0,564,8,7,1,8
64,6,moe,671,38,10,0,0,0,0,0,10,0,625,8,8,0,8
64,7,moe,622,37,2646,612,612,1878,124,0,32,0,564,8,6,2,8
64,8,moe,682,38,4680,2638,2638,1879,125,0,38,0,555,8,6,2,8
64,9,moe,706,45,6564,2842,2842,3409,214,0,99,0,629,8,5,3,8
64,10,moe,674,42,10,0,0,0,0,0,10,0,550,8,8,0,8
64,11,moe,619,41,1461,299,299,1025,60,0,77,0,553,8,7,1,8
64,12,moe,657,38,2714,1389,1389,1190,70,0,65,0,639,8,7,1,8
64,13,moe,700,42,1450,301,301,1018,63,0,68,0,553,8,7,1,8
64,14,moe,678,41,3015,980,980,1872,126,0,37,0,563,8,6,2,8
64,15,moe,622,37,9,0,0,0,0,0,9,0,628,8,8,0,8
64,16,moe,671,41,8,0,1,0,0,0,7,0,552,8,8,0,8
64,17,moe,698,40,2231,1210,1210,933,60,0,28,0,551,8,7,1,8
64,18,moe,676,53,18,0,0,0,0,0,18,0,633,8,8,0,8
64,19,moe,625,39,2599,564,564,1877,123,0,35,0,563,8,6,2,8
64,20,moe,668,43,9,0,0,0,0,0,9,0,553,8,8,0,8
64,21,moe,715,46,7549,2668,2668,4499,272,0,110,0,628,8,4,4,8
64,22,moe,698,40,4310,1137,1137,2887,183,0,103,0,559,8,5,3,8
64,23,moe,628,37,1634,306,306,1196,72,0,60,0,630,8,7,1,8
64,24,moe,697,38,6597,3064,3064,3274,214,0,45,0,628,8,5,3,8
64,25,moe,698,38,4077,1697,1697,2205,143,0,32,0,632,8,6,2,8
64,26,moe,610,42,6070,1375,1376,4369,273,0,52,0,629,8,4,4,8
64,-1,epi,0,0,0,0,0,0,0,0,3818,0,0,0,0,0,0
65,-2,pre,371,0,0,0,0,0,0,0,0,0,0,0,0,0,0
65,0,dense,1189,39,0,0,0,0,0,0,0,0,0,0,0,0,0
65,1,moe,693,35,7314,3768,3768,3282,212,0,52,0,628,8,5,3,8
65,2,moe,664,65,7228,3707,3708,3269,205,0,46,0,631,8,5,3,8
65,3,moe,622,34,1860,678,678,1087,70,0,25,0,631,8,7,1,8
65,4,moe,665,33,3701,1536,1538,1942,122,0,99,0,560,8,6,2,8
65,5,moe,699,36,9,0,0,0,0,0,9,0,542,8,8,0,8
65,6,moe,689,36,5048,2531,2532,2314,139,0,63,0,659,8,6,2,8
65,7,moe,630,32,4405,2223,2223,1976,121,0,85,0,553,8,6,2,8
65,8,moe,660,33,9,0,0,0,0,0,9,0,542,8,8,0,8
65,9,moe,687,33,9,0,0,0,0,0,9,0,630,8,8,0,8
65,10,moe,659,33,4266,2228,2228,1876,123,0,39,0,555,8,6,2,8
65,11,moe,617,33,6431,3390,3390,2808,183,0,50,0,567,8,5,3,8
65,12,moe,665,37,2561,1208,1208,1211,70,0,72,0,622,8,7,1,8
65,13,moe,689,34,2251,1125,1125,994,60,0,72,0,559,8,7,1,8
65,14,moe,664,34,3433,1408,1409,1871,120,0,33,0,552,8,6,2,8
65,15,moe,617,33,8020,3213,3213,4440,270,0,97,0,626,8,4,4,8
65,16,moe,645,31,4283,2245,2245,1843,114,0,81,0,553,8,6,2,8
65,17,moe,684,31,5463,2603,2603,2649,169,0,42,0,559,8,5,3,8
65,18,moe,657,31,8700,4081,4081,4253,278,0,88,0,788,8,4,4,8
65,19,moe,632,40,10816,3980,3980,6271,415,1,149,0,561,8,1,7,8
65,20,moe,667,40,4305,2382,2383,1767,118,0,37,0,554,8,6,2,8
65,21,moe,686,37,7088,3586,3586,3207,195,0,100,0,628,8,5,3,8
65,22,moe,676,34,10857,4999,4999,5395,331,0,132,0,562,8,2,6,8
65,23,moe,606,33,4843,2440,2441,2201,131,0,70,0,618,8,6,2,8
65,24,moe,680,33,7900,3471,3471,4119,257,0,53,0,634,8,4,4,8
65,25,moe,680,34,7043,3712,3712,3089,196,0,46,0,628,8,5,3,8
65,26,moe,618,33,2385,1262,1262,1035,67,0,21,0,627,8,7,1,8
65,-1,epi,0,0,0,0,0,0,0,0,3830,0,0,0,0,0,0
66,-2,pre,47,0,0,0,0,0,0,0,0,0,0,0,0,0,0
66,0,dense,1163,35,0,0,0,0,0,0,0,0,0,0,0,0,0
66,1,moe,683,32,6197,2864,2864,3089,193,0,51,0,632,8,5,3,8
66,2,moe,651,33,10,0,0,0,0,0,10,0,615,8,8,0,8
66,3,moe,607,32,3887,1657,1657,2060,135,1,34,0,626,8,6,2,8
66,4,moe,667,35,2608,567,567,1837,112,0,92,0,547,8,6,2,8
66,5,moe,694,34,9,0,0,0,0,0,9,0,561,8,8,0,8
66,6,moe,667,35,10,0,0,0,0,0,10,0,632,8,8,0,8
66,7,moe,597,30,8,0,0,0,0,0,8,0,552,8,8,0,8
66,8,moe,657,33,2264,1292,1292,886,59,0,27,0,564,8,7,1,8
66,9,moe,688,32,1599,307,307,1156,67,0,69,0,634,8,7,1,8
66,10,moe,668,34,9,0,0,0,0,0,9,0,558,8,8,0,8
66,11,moe,612,33,6351,2164,2164,3826,247,0,114,0,553,8,4,4,8
66,12,moe,661,36,1690,329,330,1221,73,0,66,0,626,8,7,1,8
66,13,moe,695,35,1462,295,295,1028,63,0,76,0,553,8,7,1,8
66,14,moe,663,34,9,0,0,0,0,0,9,0,550,8,8,0,8
66,15,moe,605,32,4173,1652,1652,2298,142,0,81,0,630,8,6,2,8
66,16,moe,675,47,2737,589,589,1960,123,0,65,0,550,8,6,2,8
66,17,moe,715,37,2610,577,577,1877,125,0,31,0,557,8,6,2,8
66,18,moe,667,36,2614,1262,1262,1215,71,0,66,0,634,8,7,1,8
66,19,moe,636,33,2681,542,542,1944,121,0,74,0,558,8,6,2,8
66,20,moe,667,35,10,0,0,0,0,0,10,0,575,8,8,0,8
66,21,moe,715,36,3118,628,628,2269,137,0,84,0,632,8,6,2,8
66,22,moe,693,34,1727,579,579,1009,63,0,76,0,566,8,7,1,8
66,23,moe,627,33,4090,1565,1565,2317,139,0,69,0,631,8,6,2,8
66,24,moe,704,36,4658,2284,2285,2184,154,0,35,0,635,8,6,2,8
66,25,moe,698,32,4017,1655,1655,2180,145,0,37,0,631,8,6,2,8
66,26,moe,627,30,4077,1755,1755,2138,147,0,37,0,623,8,6,2,8
66,-1,epi,0,0,0,0,0,0,0,0,3806,0,0,0,0,0,0
67,-2,pre,2576,0,0,0,0,0,0,0,0,0,0,0,0,0,0
67,0,dense,1165,39,0,0,0,0,0,0,0,0,0,0,0,0,0
67,1,moe,681,38,8874,4138,4139,4381,296,0,58,0,626,8,4,4,8
67,2,moe,665,39,2645,1446,1446,1089,76,0,34,0,622,8,7,1,8
67,3,moe,624,39,9660,4935,4937,4373,290,0,60,0,622,8,4,4,8
67,4,moe,660,39,3567,1498,1498,1855,114,0,100,0,582,8,6,2,8
67,5,moe,686,38,6302,3438,3438,2646,170,0,48,0,556,8,5,3,8
67,6,moe,669,41,10,0,0,0,0,1,9,0,613,8,8,0,8
67,7,moe,598,39,2104,1140,1140,884,57,0,23,0,555,8,7,1,8
67,8,moe,652,40,4329,2409,2409,1771,111,0,38,0,561,8,6,2,8
67,9,moe,695,39,10,0,0,0,0,0,10,0,616,8,8,0,8
67,10,moe,652,37,7609,3787,3787,3540,227,0,55,0,557,8,4,4,8
67,11,moe,589,36,6704,2873,2873,3553,226,0,52,0,557,8,4,4,8
67,12,moe,655,39,1639,342,342,1149,66,0,82,0,624,8,7,1,8
67,13,moe,683,36,4316,2258,2258,1859,115,0,84,0,563,8,6,2,8
67,14,moe,660,39,2078,1107,1107,885,64,0,22,0,553,8,7,1,8
67,15,moe,585,35,8323,3746,3746,4226,256,0,95,0,622,8,4,4,8
67,16,moe,647,36,3520,1460,1460,1857,112,0,91,0,555,8,6,2,8
67,17,moe,683,39,5547,2683,2683,2650,168,0,46,0,556,8,5,3,8
67,18,moe,659,42,2520,1226,1226,1163,66,0,65,0,621,8,7,1,8
67,19,moe,597,36,5958,2033,2033,3602,225,0,98,0,549,8,4,4,8
67,20,moe,649,38,4420,2494,2494,1780,113,0,33,0,556,8,6,2,8
67,21,moe,693,40,9174,3477,3477,5269,321,0,107,0,620,8,3,5,8
67,22,moe,673,36,4998,2002,2002,2731,169,0,96,0,553,8,5,3,8
67,23,moe,606,37,8799,4215,4216,4239,258,0,86,0,626,8,4,4,8
67,24,moe,680,38,9873,4318,4318,5163,320,0,72,0,631,8,3,5,8
67,25,moe,684,42,7105,3777,3777,3088,195,0,45,0,621,8,5,3,8
67,26,moe,614,37,10875,5315,5315,5162,331,0,67,0,638,8,3,5,8
67,-1,epi,0,0,0,0,0,0,0,0,3834,0,0,0,0,0,0
68,-2,pre,225,0,0,0,0,0,0,0,0,0,0,0,0,0,0
68,0,dense,1159,41,0,0,0,0,0,0,0,0,0,0,0,0,0
68,1,moe,688,41,9762,4190,4190,5176,332,0,64,0,623,8,3,5,8
68,2,moe,653,38,4635,2398,2399,2069,136,0,31,0,624,8,6,2,8
68,3,moe,608,37,4729,2498,2498,2059,136,0,36,0,635,8,6,2,8
68,4,moe,657,38,8492,4525,4525,3616,234,0,117,0,548,8,4,4,8
68,5,moe,684,37,10,0,0,0,0,0,10,0,543,8,8,0,8
68,6,moe,645,37,2507,1230,1230,1138,65,1,73,0,626,8,7,1,8
68,7,moe,602,35,8,0,0,0,0,0,8,0,547,8,8,0,8
68,8,moe,648,42,8,0,1,0,0,0,7,0,543,8,8,0,8
68,9,moe,687,37,2367,1245,1245,1031,67,0,24,0,624,8,7,1,8
68,10,moe,648,36,3511,1484,1484,1824,114,0,89,0,550,8,6,2,8
68,11,moe,590,39,4577,1711,1711,2654,167,0,45,0,551,8,5,3,8
68,12,moe,649,36,1612,336,336,1144,66,0,66,0,618,8,7,1,8
68,13,moe,681,41,2221,1136,1136,954,60,1,70,0,547,8,7,1,8
68,14,moe,664,40,1272,304,305,886,60,0,21,0,553,8,7,1,8
68,15,moe,649,38,3994,1592,1592,2189,137,0,76,0,626,8,6,2,8
68,16,moe,659,40,8,0,0,0,0,0,8,0,553,8,8,0,8
68,17,moe,689,41,1387,292,292,966,57,0,72,0,549,8,7,1,8
68,18,moe,656,38,9,0,0,0,0,0,9,0,624,8,8,0,8
68,19,moe,608,36,4800,1924,1924,2659,175,0,42,0,557,8,5,3,8
68,20,moe,656,39,1252,288,288,887,57,0,20,0,550,8,7,1,8
68,21,moe,688,37,9,0,0,0,0,0,9,0,621,8,8,0,8
68,22,moe,692,37,2471,553,555,1768,114,0,34,0,551,8,6,2,8
68,23,moe,597,46,1601,306,306,1156,67,0,72,0,628,8,7,1,8
68,24,moe,688,38,4801,2572,2572,2064,135,0,30,0,629,8,6,2,8
68,25,moe,681,39,4308,966,966,3090,204,0,48,0,638,8,5,3,8
68,26,moe,602,35,5465,2127,2127,3092,202,0,44,0,628,8,5,3,8
68,-1,epi,0,0,0,0,0,0,0,0,3818,0,0,0,0,0,0
69,-2,pre,43,0,0,0,0,0,0,0,0,0,0,0,0,0,0
69,0,dense,1162,39,0,0,0,0,0,0,0,0,0,0,0,0,0
69,1,moe,680,38,3834,1600,1600,2060,138,0,36,0,627,8,6,2,8
69,2,moe,646,37,11,0,0,0,0,0,11,0,617,8,8,0,8
69,3,moe,602,36,6094,2757,2757,3089,200,0,48,0,618,8,5,3,8
69,4,moe,642,37,2327,1215,1215,967,57,0,88,0,544,8,7,1,8
69,5,moe,681,38,9,0,0,0,0,0,9,0,540,8,8,0,8
69,6,moe,654,35,8,0,0,0,0,0,8,0,612,8,8,0,8
69,7,moe,589,35,4106,2194,2194,1766,114,0,32,0,553,8,6,2,8
69,8,moe,648,37,1225,263,263,883,57,0,22,0,559,8,7,1,8
69,9,moe,686,38,10,0,0,0,0,0,10,0,615,8,8,0,8
69,10,moe,647,37,4109,2181,2181,1771,115,0,42,0,556,8,6,2,8
69,11,moe,607,36,3459,1522,1522,1781,119,0,37,0,552,8,6,2,8
69,12,moe,644,38,9,0,0,0,0,0,9,0,740,8,8,0,8
69,13,moe,713,40,23,0,1,0,0,0,22,0,615,8,8,0,8
69,14,moe,658,43,1248,277,277,884,63,0,24,0,655,8,7,1,8
69,15,moe,625,37,1608,314,314,1140,70,0,84,0,724,8,7,1,8
69,16,moe,649,41,9,0,0,0,0,0,9,0,595,8,8,0,8
69,17,moe,707,43,9,0,0,0,0,0,9,0,573,8,8,0,8
69,18,moe,639,47,8,0,0,0,0,0,8,0,624,8,8,0,8
69,19,moe,616,38,11,0,0,0,0,0,11,0,610,8,8,0,8
69,20,moe,639,42,2326,1178,1178,1023,63,0,62,0,555,8,7,1,8
69,21,moe,728,41,2621,1274,1274,1221,72,0,54,0,637,8,7,1,8
69,22,moe,702,43,10,0,0,0,0,0,10,0,567,8,8,0,8
69,23,moe,621,37,9,0,0,0,0,0,9,0,628,8,8,0,8
69,24,moe,699,40,1906,716,716,1091,74,0,25,0,641,8,7,1,8
69,25,moe,706,43,1545,353,353,1096,74,0,22,0,638,8,7,1,8
69,26,moe,612,40,2484,1289,1289,1097,75,0,23,0,623,8,7,1,8
69,-1,epi,0,0,0,0,0,0,0,0,3907,0,0,0,0,0,0
70,-2,pre,51,0,0,0,0,0,0,0,0,0,0,0,0,0,0
70,0,dense,1173,43,0,0,0,0,0,0,0,0,0,0,0,0,0
70,1,moe,694,39,4242,1883,1883,2180,139,0,40,0,640,8,6,2,8
70,2,moe,669,40,11,0,0,0,0,0,11,0,620,8,8,0,8
70,3,moe,635,37,5641,2111,2111,3269,211,1,49,0,622,8,5,3,8
70,4,moe,660,39,1470,295,295,1025,60,0,90,0,573,8,7,1,8
70,5,moe,702,43,2360,1338,1338,937,63,0,22,0,570,8,7,1,8
70,6,moe,666,44,9,0,0,0,0,0,9,0,651,8,8,0,8
70,7,moe,625,45,2278,1255,1255,937,63,0,23,0,567,8,7,1,8
70,8,moe,678,47,2221,1193,1193,940,63,0,25,0,575,8,7,1,8
70,9,moe,697,39,10,0,0,0,0,0,10,0,620,8,8,0,8
70,10,moe,660,43,4277,2247,2247,1871,124,0,35,0,559,8,6,2,8
70,11,moe,604,39,3590,1565,1566,1869,120,0,35,0,559,8,6,2,8
70,12,moe,664,40,4106,1584,1584,2295,137,0,90,0,625,8,6,2,8
70,13,moe,692,38,4470,2309,2309,1952,120,0,89,0,561,8,6,2,8
70,14,moe,660,37,2121,1100,1101,937,61,0,22,0,566,8,7,1,8
70,15,moe,630,37,1680,328,328,1198,69,0,85,0,622,8,7,1,8
70,16,moe,658,39,9,0,0,0,0,0,9,0,540,8,8,0,8
70,17,moe,696,45,10,0,0,0,0,0,10,0,554,8,8,0,8
70,18,moe,662,38,1509,331,331,1087,69,0,22,0,633,8,7,1,8
70,19,moe,611,39,10,0,0,0,0,0,10,0,557,8,8,0,8
70,20,moe,670,40,2333,1161,1161,1023,63,0,86,0,563,8,7,1,8
70,21,moe,709,41,10,0,0,0,0,0,10,0,633,8,8,0,8
70,22,moe,702,39,1310,288,288,942,60,0,20,0,563,8,7,1,8
70,23,moe,635,35,4138,1615,1615,2297,143,0,83,0,635,8,6,2,8
70,24,moe,702,36,3010,656,656,2180,141,0,33,0,629,8,6,2,8
70,25,moe,717,37,3928,1557,1557,2187,148,0,36,0,626,8,6,2,8
70,26,moe,629,34,1494,312,312,1084,73,0,25,0,627,8,7,1,8
70,-1,epi,0,0,0,0,0,0,0,0,3853,0,0,0,0,0,0
71,-2,pre,54,0,0,0,0,0,0,0,0,0,0,0,0,0,0
71,0,dense,1178,37,0,0,0,0,0,0,0,0,0,0,0,0,0
71,1,moe,704,42,10,0,1,0,0,0,9,0,618,8,8,0,8
71,2,moe,669,35,1518,322,322,1092,74,0,30,0,622,8,7,1,8
71,3,moe,618,38,4875,2505,2505,2188,148,0,34,0,631,8,6,2,8
71,4,moe,662,32,9,0,0,0,0,0,9,0,551,8,8,0,8
71,5,moe,695,34,3686,1497,1497,1967,124,0,98,0,560,8,6,2,8
71,6,moe,673,33,10,0,0,0,0,0,10,0,619,8,8,0,8
71,7,moe,622,36,2236,1207,1207,941,63,0,25,0,565,8,7,1,8
71,8,moe,668,35,9,0,0,0,0,0,9,0,549,8,8,0,8
71,9,moe,698,34,1684,327,327,1211,70,0,76,0,634,8,7,1,8
71,10,moe,673,33,2391,1221,1221,1023,64,0,83,0,555,8,7,1,8
71,11,moe,607,32,1285,270,271,933,60,0,21,0,554,8,7,1,8
71,12,moe,669,35,10,0,0,0,0,0,10,0,633,8,8,0,8
71,13,moe,694,35,2193,1176,1176,933,60,0,24,0,555,8,7,1,8
71,14,moe,670,34,9353,4298,4299,4692,297,0,65,0,561,8,3,5,8
71,15,moe,609,33,1655,305,305,1208,70,0,72,0,627,8,7,1,8
71,16,moe,665,32,2352,1191,1191,1022,63,0,76,0,549,8,7,1,8
71,17,moe,710,44,1285,264,264,937,63,0,21,0,562,8,7,1,8
71,18,moe,673,34,2610,1242,1242,1222,74,0,72,0,666,8,7,1,8
71,19,moe,619,33,2272,1120,1120,1021,62,0,69,0,555,8,7,1,8
71,20,moe,656,33,9,0,0,0,0,0,9,0,545,8,8,0,8
71,21,moe,701,37,10,0,0,0,0,0,10,0,620,8,8,0,8
71,22,moe,684,33,9,0,0,0,0,0,9,0,551,8,8,0,8
71,23,moe,603,32,5944,2225,2225,3398,212,0,109,0,639,8,5,3,8
71,24,moe,694,35,2422,1237,1237,1089,73,0,23,0,633,8,7,1,8
71,25,moe,696,36,1510,332,332,1087,70,0,21,0,627,8,7,1,8
71,26,moe,619,32,4844,2478,2478,2187,138,0,41,0,627,8,6,2,8
71,-1,epi,0,0,0,0,0,0,0,0,3813,0,0,0,0,0,0
72,-2,pre,215,0,0,0,0,0,0,0,0,0,0,0,0,0,0
72,0,dense,1189,38,0,0,0,0,0,0,0,0,0,0,0,0,0
72,1,moe,708,37,7685,2651,2651,4669,301,0,64,0,629,8,4,4,8
72,2,moe,684,36,7388,3865,3865,3269,212,0,42,0,633,8,5,3,8
72,3,moe,613,33,4899,1365,1365,3277,211,0,46,0,636,8,5,3,8
72,4,moe,674,33,1435,274,274,1017,60,0,84,0,549,8,7,1,8
72,5,moe,703,33,1709,689,689,937,63,0,20,0,557,8,7,1,8
72,6,moe,668,35,2611,1264,1264,1207,73,0,67,0,630,8,7,1,8
72,7,moe,619,33,2314,1179,1179,1009,61,1,64,0,563,8,7,1,8
72,8,moe,671,35,4340,2317,2317,1869,121,0,33,0,549,8,6,2,8
72,9,moe,702,35,5057,2545,2545,2291,137,0,84,0,642,8,6,2,8
72,10,moe,684,32,9,0,0,0,0,0,9,0,548,8,8,0,8
72,11,moe,615,31,5054,1850,1850,2914,188,0,102,0,566,8,5,3,8
72,12,moe,661,34,4966,2442,2442,2302,138,0,84,0,629,8,6,2,8
72,13,moe,704,33,1433,285,285,1017,59,0,72,0,551,8,7,1,8
72,14,moe,674,33,3474,1440,1440,1876,121,0,37,0,580,8,6,2,8
72,15,moe,633,34,5827,2111,2111,3415,211,0,90,0,631,8,5,3,8
72,16,moe,674,35,4552,2386,2386,1951,123,0,92,0,559,8,6,2,8
72,17,moe,713,37,2187,1166,1166,936,60,0,25,0,565,8,7,1,8
72,18,moe,667,34,2617,1269,1269,1211,70,0,67,0,634,8,7,1,8
72,19,moe,616,33,3654,1503,1503,1953,122,0,76,0,556,8,6,2,8
72,20,moe,669,32,3504,1466,1466,1873,119,0,46,0,557,8,6,2,8
72,21,moe,708,33,5681,1963,1963,3403,216,0,99,0,634,8,5,3,8
72,22,moe,691,34,2326,1150,1150,1045,62,0,69,0,556,8,7,1,8
72,23,moe,620,32,4077,1551,1551,2316,142,0,68,0,644,8,6,2,8
72,24,moe,698,278,7393,5045,5045,2176,138,0,34,0,625,8,6,2,8
72,25,moe,8393,40,7804,3097,3097,4365,284,0,58,0,625,8,4,4,8
72,26,moe,911,42,8016,3338,3339,4348,272,0,57,0,620,8,4,4,8
72,-1,epi,0,0,0,0,0,0,0,0,3818,0,0,0,0,0,0
73,-2,pre,279,0,0,0,0,0,0,0,0,0,0,0,0,0,0
73,0,dense,1186,44,0,0,0,0,0,0,0,0,0,0,0,0,0
73,1,moe,706,41,8990,4285,4285,4365,282,0,58,0,628,8,4,4,8
73,2,moe,660,41,6417,2891,2891,3271,206,0,49,0,630,8,5,3,8
73,3,moe,627,45,5575,2029,2029,3279,212,0,55,0,632,8,5,3,8
73,4,moe,669,40,3733,1540,1540,1961,124,0,108,0,560,8,6,2,8
73,5,moe,708,40,10,0,0,0,0,0,10,0,553,8,8,0,8
73,6,moe,664,39,10,0,0,0,0,0,10,0,617,8,8,0,8
73,7,moe,633,39,2266,1237,1237,940,63,0,26,0,559,8,7,1,8
73,8,moe,676,55,4333,2299,2299,1874,123,0,37,0,554,8,6,2,8
73,9,moe,702,40,2847,1466,1466,1221,72,0,88,0,631,8,7,1,8
73,10,moe,668,41,6057,2884,2884,2883,180,0,110,0,553,8,5,3,8
73,11,moe,630,35,3354,1437,1437,1772,113,0,32,0,554,8,6,2,8
73,12,moe,651,38,1637,347,347,1147,69,0,74,0,630,8,7,1,8
73,13,moe,687,44,2205,1119,1119,954,60,0,72,0,554,8,7,1,8
73,14,moe,653,37,6308,3417,3417,2666,180,0,45,0,558,8,5,3,8
73,15,moe,589,36,3946,1554,1554,2172,136,0,84,0,622,8,6,2,8
73,16,moe,652,38,2275,1168,1168,981,60,0,66,0,549,8,7,1,8
73,17,moe,689,37,9,0,0,0,0,0,9,0,541,8,8,0,8
73,18,moe,654,38,6326,2811,2811,3223,195,0,97,0,632,8,5,3,8
73,19,moe,593,36,4764,1772,1772,2733,171,0,88,0,552,8,5,3,8
73,20,moe,653,36,4209,2291,2291,1773,114,0,31,0,553,8,6,2,8
73,21,moe,719,42,7001,3493,3493,3210,195,0,103,0,627,8,5,3,8
73,22,moe,678,38,5490,2493,2494,2729,169,0,98,0,547,8,5,3,8
73,23,moe,588,37,7107,3622,3622,3191,209,0,85,0,783,8,5,3,8
73,24,moe,702,41,8856,4400,4400,4121,271,0,64,0,635,8,4,4,8
73,25,moe,700,60,6106,2767,2767,3088,195,0,56,0,627,8,5,3,8
73,26,moe,599,37,1425,303,303,1029,66,0,27,0,637,8,7,1,8
73,-1,epi,0,0,0,0,0,0,0,0,3821,0,0,0,0,0,0
74,-2,pre,47,0,0,0,0,0,0,0,0,0,0,0,0,0,0
74,0,dense,1182,46,0,0,0,0,0,0,0,0,0,0,0,0,0
74,1,moe,705,43,1524,334,334,1094,69,0,27,0,627,8,7,1,8
74,2,moe,666,40,1516,338,338,1086,70,0,22,0,633,8,7,1,8
74,3,moe,632,43,2508,1326,1326,1090,70,0,22,0,621,8,7,1,8
74,4,moe,704,38,3851,1642,1642,1982,124,0,103,0,551,8,6,2,8
74,5,moe,705,43,10,0,0,0,0,0,10,0,555,8,8,0,8
74,6,moe,662,39,2730,1353,1353,1227,71,0,79,0,620,8,7,1,8
74,7,moe,615,37,10,0,0,0,0,0,10,0,546,8,8,0,8
74,8,moe,670,37,2319,1159,1159,1019,61,0,80,0,556,8,7,1,8
74,9,moe,704,38,2592,1243,1243,1214,70,0,65,0,616,8,7,1,8
74,10,moe,665,38,9,0,0,0,0,0,9,0,547,8,8,0,8
74,11,moe,609,38,9,0,0,0,0,0,9,0,544,8,8,0,8
74,12,moe,679,38,3007,658,659,2177,136,0,35,0,627,8,6,2,8
74,13,moe,688,38,2356,1196,1196,1016,63,0,81,0,553,8,7,1,8
74,14,moe,669,37,5701,2656,2656,2812,186,0,47,0,560,8,5,3,8
74,15,moe,611,44,4370,1832,1832,2312,147,0,79,0,623,8,6,2,8
74,16,moe,661,39,4572,1414,1414,2875,185,0,98,0,556,8,5,3,8
74,17,moe,702,38,3587,1544,1544,1883,125,0,35,0,557,8,6,2,8
74,18,moe,672,41,5138,2610,2610,2299,144,0,85,0,626,8,6,2,8
74,19,moe,626,38,5694,2538,2538,2879,178,0,99,0,566,8,5,3,8
74,20,moe,662,37,3318,1401,1401,1767,113,0,37,0,548,8,6,2,8
74,21,moe,688,38,5584,2115,2115,3182,190,0,97,0,624,8,5,3,8
74,22,moe,685,36,4647,1653,1653,2725,170,0,99,0,551,8,5,3,8
74,23,moe,591,36,4766,2417,2417,2152,132,0,65,0,620,8,6,2,8
74,24,moe,685,37,4055,1836,1836,2058,130,0,31,0,626,8,6,2,8
74,25,moe,679,35,1458,342,342,1031,65,0,20,0,622,8,7,1,8
74,26,moe,593,41,2878,648,648,2059,136,0,35,0,615,8,6,2,8
74,-1,epi,0,0,0,0,0,0,0,0,3824,0,0,0,0,0,0
75,-2,pre,44,0,0,0,0,0,0,0,0,0,0,0,0,0,0
75,0,dense,1166,39,0,0,0,0,0,0,0,0,0,0,0,0,0
75,1,moe,688,38,4016,1658,1658,2181,138,0,39,0,627,8,6,2,8
75,2,moe,684,46,11,0,0,0,0,0,11,0,624,8,8,0,8
75,3,moe,612,38,9,0,0,0,0,0,9,0,615,8,8,0,8
75,4,moe,663,37,9,0,0,0,0,0,9,0,555,8,8,0,8
75,5,moe,694,47,2423,1242,1242,1027,64,0,90,0,554,8,7,1,8
75,6,moe,678,41,10,0,0,0,0,0,10,0,628,8,8,0,8
75,7,moe,621,38,2246,1224,1224,935,64,0,23,0,552,8,7,1,8
75,8,moe,670,40,1317,286,286,948,60,0,23,0,561,8,7,1,8
75,9,moe,700,43,10,0,0,0,0,0,10,0,619,8,8,0,8
75,10,moe,666,39,9,0,0,0,0,0,9,0,562,8,8,0,8
75,11,moe,620,41,3557,1501,1501,1896,124,0,36,0,558,8,6,2,8
75,12,moe,667,40,10,0,0,0,0,0,10,0,626,8,8,0,8
75,13,moe,693,38,6695,3625,3625,2837,187,0,46,0,555,8,5,3,8
75,14,moe,669,38,10,0,0,0,0,0,10,0,554,8,8,0,8
75,15,moe,630,42,9,0,0,0,0,0,9,0,621,8,8,0,8
75,16,moe,661,39,6485,3419,3419,2831,183,0,52,0,553,8,5,3,8
75,17,moe,697,41,5105,2059,2059,2818,182,0,46,0,560,8,5,3,8
75,18,moe,676,41,2764,1409,1409,1199,72,0,84,0,646,8,7,1,8
75,19,moe,636,43,5250,2056,2056,2899,185,0,110,0,571,8,5,3,8
75,20,moe,665,42,2204,1180,1180,938,63,0,23,0,553,8,7,1,8
75,21,moe,710,237,6328,3802,3802,2303,138,0,85,0,631,8,6,2,8
75,22,moe,705,46,10,0,0,0,0,0,10,0,547,8,8,0,8
75,23,moe,615,39,4218,1861,1861,2181,141,0,35,0,630,8,6,2,8
75,24,moe,699,41,2490,1300,1300,1094,71,0,25,0,622,8,7,1,8
75,25,moe,693,40,9406,4966,4966,4126,261,0,53,0,622,8,4,4,8
75,26,moe,608,38,3790,1567,1568,2058,131,0,33,0,650,8,6,2,8
75,-1,epi,0,0,0,0,0,0,0,0,3803,0,0,0,0,0,0
76,-2,pre,80,0,0,0,0,0,0,0,0,0,0,0,0,0,0
76,0,dense,1182,46,0,0,0,0,0,0,0,0,0,0,0,0,0
76,1,moe,701,44,10,0,0,0,0,0,10,0,621,8,8,0,8
76,2,moe,672,40,2448,1263,1263,1088,72,0,25,0,630,8,7,1,8
76,3,moe,624,42,11,0,1,0,0,0,10,0,616,8,8,0,8
76,4,moe,665,38,3700,1509,1509,1962,119,0,110,0,552,8,6,2,8
76,5,moe,707,39,2263,1243,1243,933,61,0,26,0,558,8,7,1,8
76,6,moe,665,40,12,0,0,0,0,0,12,0,620,8,8,0,8
76,7,moe,622,42,9,0,0,0,0,0,9,0,544,8,8,0,8
76,8,moe,664,38,10,0,0,0,0,0,10,0,548,8,8,0,8
76,9,moe,696,38,5034,2487,2487,2306,142,0,99,0,635,8,6,2,8
76,10,moe,677,41,3730,1566,1566,1952,120,0,92,0,563,8,6,2,8
76,11,moe,609,41,10,0,0,0,0,0,10,0,545,8,8,0,8
76,12,moe,663,39,8,0,0,0,0,0,8,0,619,8,8,0,8
76,13,moe,693,39,4361,2320,2321,1878,125,0,37,0,553,8,6,2,8
76,14,moe,670,40,11,0,0,0,0,0,11,0,550,8,8,0,8
76,15,moe,603,38,4930,2399,2400,2298,146,0,86,0,629,8,6,2,8
76,16,moe,665,41,3689,1510,1510,1962,125,0,92,0,550,8,6,2,8
76,17,moe,695,46,2134,1103,1103,940,63,0,28,0,557,8,7,1,8
76,18,moe,666,34,9,0,0,0,0,0,9,0,623,8,8,0,8
76,19,moe,609,33,3616,1574,1574,1877,132,0,33,0,554,8,6,2,8
76,20,moe,660,34,1317,296,296,937,61,0,23,0,552,8,7,1,8
76,21,moe,702,35,10,0,0,0,0,0,10,0,621,8,8,0,8
76,22,moe,687,34,4306,2270,2270,1881,121,0,34,0,560,8,6,2,8
76,23,moe,599,34,6586,2885,2885,3386,204,0,111,0,626,8,5,3,8
76,24,moe,690,34,7852,3160,3160,4361,272,0,59,0,635,8,4,4,8
76,25,moe,689,32,3605,1250,1250,2182,138,0,35,0,617,8,6,2,8
76,26,moe,623,39,8908,4222,4224,4362,271,0,51,0,625,8,4,4,8
76,-1,epi,0,0,0,0,0,0,0,0,3833,0,0,0,0,0,0
77,-2,pre,220,0,0,0,0,0,0,0,0,0,0,0,0,0,0
77,0,dense,1173,34,0,0,0,0,0,0,0,0,0,0,0,0,0
77,1,moe,694,34,10,0,0,0,0,0,10,0,616,8,8,0,8
77,2,moe,658,33,2465,1282,1282,1089,69,0,25,0,622,8,7,1,8
77,3,moe,618,31,2452,1267,1267,1092,70,0,23,0,626,8,7,1,8
77,4,moe,675,37,10,0,0,0,0,0,10,0,554,8,8,0,8
77,5,moe,695,33,9,0,0,0,0,0,9,0,554,8,8,0,8
77,6,moe,663,34,1510,326,326,1090,69,0,25,0,625,8,7,1,8
77,7,moe,637,37,2541,1360,1361,1028,62,0,90,0,560,8,7,1,8
77,8,moe,666,34,4406,2360,2360,1877,126,0,43,0,558,8,6,2,8
77,9,moe,708,37,4181,1636,1636,2309,144,0,92,0,631,8,6,2,8
77,10,moe,671,33,3632,1464,1464,1957,121,0,90,0,562,8,6,2,8
77,11,moe,616,31,4435,2393,2393,1884,121,0,37,0,567,8,6,2,8
77,12,moe,669,32,5182,2656,2657,2300,136,0,89,0,627,8,6,2,8
77,13,moe,690,36,5201,2004,2004,2899,186,0,112,0,565,8,5,3,8
77,14,moe,664,35,4307,2275,2275,1873,122,0,37,0,587,8,6,2,8
77,15,moe,615,33,5690,1997,1997,3379,215,0,99,0,633,8,5,3,8
77,16,moe,679,37,4427,2232,2235,1962,127,0,103,0,674,8,6,2,8
77,17,moe,715,39,2251,1224,1224,940,63,0,24,0,644,8,7,1,8
77,18,moe,701,38,7305,2473,2473,4455,279,0,98,0,633,8,4,4,8
77,19,moe,621,36,1442,281,281,1022,61,0,78,0,560,8,7,1,8
77,20,moe,666,36,2232,1201,1201,938,63,0,30,0,562,8,7,1,8
77,21,moe,709,40,2732,1359,1359,1225,71,0,77,0,627,8,7,1,8
77,22,moe,695,36,1457,303,303,1017,61,0,76,0,567,8,7,1,8
77,23,moe,602,33,2548,1223,1223,1185,73,0,67,0,629,8,7,1,8
77,24,moe,701,36,7101,3581,3581,3264,206,0,50,0,637,8,5,3,8
77,25,moe,696,37,4972,1431,1431,3276,210,0,55,0,636,8,5,3,8
77,26,moe,639,34,1531,333,333,1103,69,0,26,0,639,8,7,1,8
77,-1,epi,0,0,0,0,0,0,0,0,3829,0,0,0,0,0,0
78,-2,pre,75,0,0,0,0,0,0,0,0,0,0,0,0,0,0
78,0,dense,1184,50,0,0,0,0,0,0,0,0,0,0,0,0,0
78,1,moe,699,34,2764,1571,1571,1095,73,0,25,0,632,8,7,1,8
78,2,moe,667,34,11,0,0,0,0,0,11,0,623,8,8,0,8
78,3,moe,621,34,1899,711,711,1094,72,0,22,0,626,8,7,1,8
78,4,moe,669,37,4563,2364,2364,1970,123,0,106,0,554,8,6,2,8
78,5,moe,719,36,4373,2328,2328,1884,125,0,36,0,594,8,6,2,8
78,6,moe,692,40,12,0,0,0,0,0,12,0,750,8,8,0,8
78,7,moe,632,34,3615,1573,1573,1874,129,0,39,0,655,8,6,2,8
78,8,moe,685,39,12,0,0,0,0,0,12,0,604,8,8,0,8
78,9,moe,712,33,9,0,0,0,0,0,9,0,732,8,8,0,8
78,10,moe,675,42,2208,1173,1173,940,65,0,30,0,617,8,7,1,8
78,11,moe,615,33,9,0,0,0,0,0,9,0,552,8,8,0,8
78,12,moe,675,36,2636,1284,1284,1194,70,0,88,0,626,8,7,1,8
78,13,moe,688,36,9,0,0,0,0,0,9,0,542,8,8,0,8
78,14,moe,662,34,1424,274,274,1006,60,1,83,0,550,8,7,1,8
78,15,moe,619,35,9,0,0,0,0,0,9,0,624,8,8,0,8
78,16,moe,673,41,10,0,0,0,0,0,10,0,553,8,8,0,8
78,17,moe,704,48,10,0,0,0,0,0,10,0,551,8,8,0,8
78,18,moe,668,36,1694,342,343,1205,69,0,77,0,641,8,7,1,8
78,19,moe,706,38,7440,5282,5282,1944,126,0,88,0,556,8,6,2,8
78,20,moe,669,42,2154,1126,1126,937,65,0,26,0,558,8,7,1,8
78,21,moe,703,40,1733,363,363,1223,72,0,75,0,634,8,7,1,8
78,22,moe,690,40,10811,5586,5586,4789,303,0,133,0,559,8,3,5,8
78,23,moe,619,40,6156,1288,1289,4473,282,1,111,0,638,8,4,4,8
78,24,moe,702,46,6496,2971,2971,3270,204,0,51,0,630,8,5,3,8
78,25,moe,689,43,9,0,0,0,0,0,9,0,616,8,8,0,8
78,26,moe,606,42,3035,675,675,2184,142,0,34,0,628,8,6,2,8
78,-1,epi,0,0,0,0,0,0,0,0,3822,0,0,0,0,0,0
79,-2,pre,46,0,0,0,0,0,0,0,0,0,0,0,0,0,0
79,0,dense,1180,42,0,0,0,0,0,0,0,0,0,0,0,0,0
79,1,moe,692,40,5997,1300,1300,4365,272,0,60,0,629,8,4,4,8
79,2,moe,670,44,7576,4047,4047,3275,211,0,43,0,629,8,5,3,8
79,3,moe,625,44,8022,3331,3331,4365,274,0,52,0,625,8,4,4,8
79,4,moe,662,37,3993,833,835,2891,182,0,85,0,655,8,5,3,8
79,5,moe,732,40,1326,293,293,939,66,0,28,0,681,8,7,1,8
79,6,moe,719,44,2636,1265,1265,1204,77,1,89,0,648,8,7,1,8
79,7,moe,655,42,10,0,0,0,0,0,10,0,555,8,8,0,8
79,8,moe,724,43,3608,1425,1425,1960,123,0,100,0,565,8,6,2,8
79,9,moe,710,43,6703,2971,2971,3406,213,0,113,0,664,8,5,3,8
79,10,moe,728,40,3082,931,931,1949,118,0,84,0,565,8,6,2,8
79,11,moe,636,39,1290,273,273,934,61,0,22,0,555,8,7,1,8
79,12,moe,686,44,4200,1661,1662,2299,144,1,94,0,638,8,6,2,8
79,13,moe,700,48,11,0,0,0,0,0,11,0,554,8,8,0,8
79,14,moe,676,41,6129,2896,2896,2921,185,0,127,0,560,8,5,3,8
79,15,moe,630,40,6629,2933,2933,3381,210,0,105,0,635,8,5,3,8
79,16,moe,667,41,8542,3333,3333,4779,304,0,126,0,560,8,3,5,8
79,17,moe,696,41,6736,1896,1896,4493,283,0,64,0,552,8,3,5,8
79,18,moe,662,41,9259,3566,3566,5261,323,0,109,0,635,8,3,5,8
79,19,moe,653,38,9686,3816,3816,5396,345,0,129,0,556,8,2,6,8
79,20,moe,650,38,7347,2557,2557,4442,279,0,69,0,563,8,3,5,8
79,21,moe,695,37,9516,3773,3773,5278,334,0,131,0,626,8,3,5,8
79,22,moe,682,39,8950,4006,4006,4525,289,0,130,0,559,8,3,5,8
79,23,moe,605,43,8841,2040,2040,6297,383,0,121,0,628,8,2,6,8
79,24,moe,688,37,10345,4774,4774,5170,334,1,66,0,633,8,3,5,8
79,25,moe,678,41,12880,5132,5132,7216,449,0,83,0,626,8,1,7,8
79,26,moe,7572,36,11387,4705,4706,6197,398,0,86,0,640,8,2,6,8
79,-1,epi,0,0,0,0,0,0,0,0,3818,0,0,0,0,0,0
80,-2,pre,47,0,0,0,0,0,0,0,0,0,0,0,0,0,0
80,0,dense,1161,40,0,0,0,0,0,0,0,0,0,0,0,0,0
80,1,moe,679,38,5818,1394,1394,4113,259,0,52,0,621,8,4,4,8
80,2,moe,651,37,3861,1626,1627,2063,136,0,35,0,635,8,6,2,8
80,3,moe,626,37,3863,1642,1642,2060,130,0,31,0,617,8,6,2,8
80,4,moe,655,39,3657,1594,1594,1851,112,0,100,0,551,8,6,2,8
80,5,moe,691,40,1254,280,281,890,60,0,23,0,551,8,7,1,8
80,6,moe,661,44,2884,1563,1563,1156,69,0,96,0,630,8,7,1,8
80,7,moe,604,39,1341,278,278,942,57,0,64,0,546,8,7,1,8
80,8,moe,658,40,10,0,0,0,0,0,10,0,546,8,8,0,8
80,9,moe,680,41,3035,638,638,2194,134,0,69,0,624,8,6,2,8
80,10,moe,662,41,1360,281,281,945,59,0,75,0,553,8,7,1,8
80,11,moe,595,37,2480,563,563,1770,117,0,30,0,558,8,6,2,8
80,12,moe,659,41,3030,638,638,2181,129,0,82,0,623,8,6,2,8
80,13,moe,685,41,2630,579,580,1844,118,0,88,0,546,8,6,2,8
80,14,moe,653,41,4971,2093,2094,2660,172,0,45,0,550,8,5,3,8
80,15,moe,604,37,6311,1728,1729,4223,258,2,99,0,621,8,4,4,8
80,16,moe,648,36,2595,582,582,1823,113,0,77,0,552,8,6,2,8
80,17,moe,687,40,5603,2727,2727,2658,174,0,44,0,742,8,5,3,8
80,18,moe,748,44,5111,2678,2678,2191,142,1,99,0,695,8,6,2,8
80,19,moe,810,44,5965,1984,1984,3618,244,0,119,0,664,8,4,4,8
80,20,moe,773,104,2241,1266,1266,886,59,0,30,0,610,8,7,1,8
80,21,moe,725,40,6884,2248,2251,4230,283,0,120,0,768,8,4,4,8
80,22,moe,732,45,2716,1618,1618,950,61,0,87,0,624,8,7,1,8
80,23,moe,711,38,3027,627,627,2171,143,0,86,0,733,8,6,2,8
80,24,moe,720,40,2878,635,635,2064,137,0,42,0,676,8,6,2,8
80,25,moe,695,46,8898,3324,3324,5172,335,0,67,0,641,8,3,5,8
80,26,moe,3458,47,4351,1014,1014,3083,194,0,60,0,653,8,5,3,8
80,-1,epi,0,0,0,0,0,0,0,0,3838,0,0,0,0,0,0
81,-2,pre,61,0,0,0,0,0,0,0,0,0,0,0,0,0,0
81,0,dense,3508,42,0,0,0,0,0,0,0,0,0,0,0,0,0
81,1,moe,7524,40,4297,945,946,3095,205,0,51,0,625,8,5,3,8
81,2,moe,7494,47,5522,2187,2187,3090,195,0,50,0,630,8,5,3,8
81,3,moe,786,45,7236,1672,1672,5168,331,0,65,0,632,8,3,5,8
81,4,moe,650,40,3895,870,870,2733,175,0,117,0,545,8,5,3,8
81,5,moe,689,39,2156,1187,1187,887,59,0,23,0,552,8,7,1,8
81,6,moe,657,40,11,0,0,0,0,0,11,0,619,8,8,0,8
81,7,moe,607,37,10,0,0,0,0,0,10,0,551,8,8,0,8
81,8,moe,655,41,1243,279,279,885,57,0,22,0,555,8,7,1,8
81,9,moe,688,36,1613,319,319,1150,67,0,77,0,616,8,7,1,8
81,10,moe,655,37,2303,1207,1207,966,57,0,73,0,562,8,7,1,8
81,11,moe,606,42,2483,557,557,1774,116,0,36,0,551,8,6,2,8
81,12,moe,661,38,1594,324,324,1139,66,0,65,0,624,8,7,1,8
81,13,moe,684,38,5112,2096,2096,2745,169,0,102,0,544,8,5,3,8
81,14,moe,660,38,2488,569,570,1772,113,0,33,0,552,8,6,2,8
81,15,moe,586,40,6663,3164,3164,3195,202,0,102,0,791,8,5,3,8
81,16,moe,703,45,3903,872,872,2723,180,0,128,0,658,8,5,3,8
81,17,moe,686,43,5151,2246,2246,2676,183,0,46,0,555,8,5,3,8
81,18,moe,663,46,6602,3103,3103,3191,202,0,106,0,627,8,5,3,8
81,19,moe,587,41,6242,2274,2275,3628,233,0,106,0,563,8,4,4,8
81,20,moe,651,41,6252,1468,1468,4430,284,0,70,0,563,8,3,5,8
81,21,moe,691,40,6562,3075,3075,3188,196,0,103,0,628,8,5,3,8
81,22,moe,684,38,6080,2122,2122,3621,227,0,110,0,648,8,4,4,8
81,23,moe,644,40,10499,4794,4794,5256,338,0,111,0,634,8,3,5,8
81,24,moe,686,38,6393,1966,1966,4113,260,0,54,0,638,8,4,4,8
81,25,moe,693,44,8784,3218,3218,5168,334,0,64,0,627,8,3,5,8
81,26,moe,612,42,7199,1645,1645,5157,330,0,67,0,635,8,3,5,8
81,-1,epi,0,0,0,0,0,0,0,0,3840,0,0,0,0,0,0
82,-2,pre,44,0,0,0,0,0,0,0,0,0,0,0,0,0,0
82,0,dense,1168,42,0,0,0,0,0,0,0,0,0,0,0,0,0
82,1,moe,682,40,3300,1031,1031,2096,135,0,38,0,626,8,6,2,8
82,2,moe,656,39,3225,995,996,2061,134,0,34,0,617,8,6,2,8
82,3,moe,12806,39,4671,1324,1324,3102,198,0,47,0,620,8,5,3,8
82,4,moe,653,49,5090,1129,1129,3638,227,0,96,0,553,8,4,4,8
82,5,moe,687,50,2528,581,581,1798,116,0,33,0,556,8,6,2,8
82,6,moe,689,50,11,0,0,0,0,0,11,0,625,8,8,0,8
82,7,moe,637,39,2236,1253,1253,897,60,0,26,0,562,8,7,1,8
82,8,moe,675,43,10,0,0,0,0,0,10,0,543,8,8,0,8
82,9,moe,688,41,11,0,0,0,0,0,11,0,627,8,8,0,8
82,10,moe,683,39,2496,576,576,1769,116,0,35,0,562,8,6,2,8
82,11,moe,585,37,3449,1530,1531,1768,118,0,32,0,559,8,6,2,8
82,12,moe,654,39,1671,367,367,1148,68,0,88,0,627,8,7,1,8
82,13,moe,671,34,2650,600,600,1840,117,0,93,0,546,8,6,2,8
82,14,moe,670,34,1252,281,281,891,59,0,21,0,557,8,7,1,8
82,15,moe,606,33,5851,1248,1248,4239,255,1,108,0,630,8,4,4,8
82,16,moe,655,35,2637,590,590,1844,117,0,86,0,548,8,6,2,8
82,17,moe,687,34,7689,2910,2910,4432,288,0,59,0,568,8,3,5,8
82,18,moe,658,35,2613,1312,1312,1159,69,0,73,0,618,8,7,1,8
82,19,moe,617,34,1368,277,277,977,60,0,54,0,552,8,7,1,8
82,20,moe,646,34,1244,280,281,886,58,0,19,0,557,8,7,1,8
82,21,moe,684,35,4467,947,947,3229,202,0,89,0,628,8,5,3,8
82,22,moe,689,34,4018,1003,1003,2745,176,0,94,0,553,8,5,3,8
82,23,moe,606,32,2986,628,628,2157,130,0,71,0,619,8,6,2,8
82,24,moe,684,32,1441,326,326,1029,66,0,20,0,629,8,7,1,8
82,25,moe,696,34,2900,651,651,2080,135,0,34,0,618,8,6,2,8
82,26,moe,604,34,4293,957,957,3094,200,0,42,0,631,8,5,3,8
82,-1,epi,0,0,0,0,0,0,0,0,3815,0,0,0,0,0,0
83,-2,pre,217,0,0,0,0,0,0,0,0,0,0,0,0,0,0
83,0,dense,1165,33,0,0,0,0,0,0,0,0,0,0,0,0,0
83,1,moe,693,35,3851,1636,1636,2053,129,0,33,0,631,8,6,2,8
83,2,moe,657,37,2390,1277,1277,1026,65,0,22,0,621,8,7,1,8
83,3,moe,606,33,5490,2121,2121,3110,209,0,50,0,763,8,5,3,8
83,4,moe,714,34,8154,4171,4171,3624,230,0,129,0,594,8,4,4,8
83,5,moe,689,38,2151,1176,1176,890,60,0,25,0,648,8,7,1,8
83,6,moe,750,34,4887,2495,2495,2172,135,1,84,0,652,8,6,2,8
83,7,moe,605,33,7584,3618,3618,3626,224,0,116,0,548,8,4,4,8
83,8,moe,660,40,2156,1178,1178,890,59,0,29,0,549,8,7,1,8
83,9,moe,685,36,2541,1246,1246,1156,68,0,71,0,634,8,7,1,8
83,10,moe,654,35,2249,1138,1138,978,59,0,74,0,581,8,7,1,8
83,11,moe,598,33,2108,1133,1133,892,60,0,23,0,552,8,7,1,8
83,12,moe,655,35,4867,2466,2467,2178,135,0,87,0,628,8,6,2,8
83,13,moe,685,36,2261,1164,1164,963,58,0,76,0,545,8,7,1,8
83,14,moe,659,32,3741,874,874,2653,171,0,43,0,560,8,5,3,8
83,15,moe,589,34,2997,636,636,2150,134,0,77,0,625,8,6,2,8
83,16,moe,646,35,10,0,0,0,0,0,10,0,536,8,8,0,8
83,17,moe,687,33,3531,1500,1500,1824,114,0,93,0,546,8,6,2,8
83,18,moe,663,37,4231,1876,1876,2147,129,0,79,0,630,8,6,2,8
83,19,moe,611,32,6791,2844,2844,3619,234,1,93,0,556,8,4,4,8
83,20,moe,685,39,3556,1543,1543,1843,133,0,37,0,609,8,6,2,8
83,21,moe,714,36,3319,853,853,2233,139,0,94,0,752,8,6,2,8
83,22,moe,710,35,2622,547,547,1840,121,0,114,0,641,8,6,2,8
83,23,moe,635,37,2498,1227,1227,1136,68,0,67,0,666,8,7,1,8
83,24,moe,713,35,4393,1061,1061,3089,201,0,42,0,655,8,5,3,8
83,25,moe,717,35,1445,323,323,1031,69,0,22,0,700,8,7,1,8
83,26,moe,652,32,2883,655,655,2061,135,0,32,0,704,8,6,2,8
83,-1,epi,0,0,0,0,0,0,0,0,4137,0,0,0,0,0,0
84,-2,pre,145,0,0,0,0,0,0,0,0,0,0,0,0,0,0
84,0,dense,1237,36,0,0,0,0,0,0,0,0,0,0,0,0,0
84,1,moe,736,43,2386,1257,1257,1032,71,0,26,0,707,8,7,1,8
84,2,moe,689,37,2302,1175,1175,1031,70,0,26,0,775,8,7,1,8
84,3,moe,751,39,4685,2428,2428,2076,142,0,39,0,684,8,6,2,8
84,4,moe,4652,40,5779,2553,2554,2910,191,0,124,0,741,8,5,3,8
84,5,moe,778,44,1328,298,298,937,67,0,26,0,617,8,7,1,8
84,6,moe,665,41,4042,1542,1543,2285,141,0,73,0,691,8,6,2,8
84,7,moe,627,36,4349,2190,2190,1943,125,0,91,0,570,8,6,2,8
84,8,moe,670,39,2181,1156,1157,937,61,0,26,0,554,8,7,1,8
84,9,moe,717,41,4178,1660,1660,2278,146,0,94,0,629,8,6,2,8
84,10,moe,675,40,6559,3405,3405,2876,187,0,91,0,570,8,5,3,8
84,11,moe,627,35,2953,918,918,1872,124,0,39,0,576,8,6,2,8
84,12,moe,678,39,2606,1267,1267,1189,74,0,76,0,646,8,7,1,8
84,13,moe,739,45,1419,280,281,998,60,0,80,0,564,8,7,1,8
84,14,moe,672,41,6854,3822,3822,2806,179,0,47,0,573,8,5,3,8
84,15,moe,614,38,2573,1239,1239,1186,72,0,76,0,641,8,7,1,8
84,16,moe,702,41,2255,1116,1116,996,62,0,81,0,585,8,7,1,8
84,17,moe,736,44,2136,1108,1108,938,63,0,27,0,577,8,7,1,8
84,18,moe,697,44,4898,2405,2405,2269,139,0,85,0,686,8,6,2,8
84,19,moe,627,39,7041,2869,2869,3812,250,0,110,0,657,8,4,4,8
84,20,moe,788,43,3451,1415,1416,1873,126,0,36,0,775,8,6,2,8
84,21,moe,860,42,9605,3571,3571,5560,355,0,119,0,704,8,3,5,8
84,22,moe,740,46,3511,1353,1353,1943,121,0,94,0,725,8,6,2,8
84,23,moe,812,39,4279,1788,1789,2270,140,0,80,0,766,8,6,2,8
84,24,moe,785,39,7099,2400,2400,4361,284,0,54,0,697,8,4,4,8
84,25,moe,745,41,6146,2599,2599,3275,221,0,51,0,730,8,5,3,8
84,26,moe,647,48,3959,1557,1557,2200,163,0,39,0,749,8,6,2,8
84,-1,epi,0,0,0,0,0,0,0,0,4378,0,0,0,0,0,0
85,-2,pre,61,0,0,0,0,0,0,0,0,0,0,0,0,0,0
85,0,dense,1227,45,0,0,0,0,0,0,0,0,0,0,0,0,0
85,1,moe,731,43,2443,1240,1240,1091,81,0,31,0,767,8,7,1,8
85,2,moe,682,43,5209,2830,2830,2185,151,1,42,0,772,8,6,2,8
85,3,moe,640,44,5599,2061,2061,3271,216,0,51,0,646,8,5,3,8
85,4,moe,2775,40,7425,3005,3005,4060,253,0,107,0,580,8,4,4,8
85,5,moe,729,51,1390,293,293,1000,68,1,28,0,567,8,7,1,8
85,6,moe,684,44,12,0,0,0,0,0,12,0,629,8,8,0,8
85,7,moe,635,43,1385,292,292,999,69,1,24,0,578,8,7,1,8
85,8,moe,686,44,1742,645,645,1002,69,0,26,0,556,8,7,1,8
85,9,moe,709,43,11,0,0,0,0,0,11,0,634,8,8,0,8
85,10,moe,718,46,12,0,0,0,0,0,12,0,593,8,8,0,8
85,11,moe,667,46,11,0,0,0,0,0,11,0,569,8,8,0,8
85,12,moe,687,43,4353,1653,1653,2467,154,0,79,0,634,8,6,2,8
85,13,moe,717,47,12,0,0,0,0,0,12,0,577,8,8,0,8
85,14,moe,697,45,4288,891,891,3073,202,0,122,0,571,8,5,3,8
85,15,moe,651,47,1743,326,326,1270,74,0,73,0,645,8,7,1,8
85,16,moe,690,47,1488,270,270,1071,66,0,81,0,571,8,7,1,8
85,17,moe,717,44,11,0,0,0,0,0,11,0,567,8,8,0,8
85,18,moe,699,43,9,0,0,0,0,0,9,0,621,8,8,0,8
85,19,moe,649,43,1387,282,282,1010,68,0,27,0,616,8,7,1,8
85,20,moe,703,46,2320,1205,1205,1014,70,0,31,0,625,8,7,1,8
85,21,moe,731,43,4307,1586,1587,2463,150,0,107,0,705,8,6,2,8
85,22,moe,740,45,2386,1144,1144,1088,67,0,87,0,652,8,7,1,8
85,23,moe,681,43,5088,2423,2423,2423,148,0,94,0,705,8,6,2,8
85,24,moe,755,47,2536,1275,1275,1157,77,0,27,0,767,8,7,1,8
85,25,moe,779,47,2518,1259,1259,1157,76,0,26,0,780,8,7,1,8
85,26,moe,671,45,10,0,0,0,0,0,10,0,677,8,8,0,8
85,-1,epi,0,0,0,0,0,0,0,0,3900,0,0,0,0,0,0
86,-2,pre,66,0,0,0,0,0,0,0,0,0,0,0,0,0,0
86,0,dense,1292,49,0,0,0,0,0,0,0,0,0,0,0,0,0
86,1,moe,722,54,11,0,0,0,0,1,10,0,739,8,8,0,8
86,2,moe,710,47,3168,651,651,2328,149,0,40,0,802,8,6,2,8
86,3,moe,654,44,11,0,0,0,0,0,11,0,738,8,8,0,8
86,4,moe,690,44,2897,586,586,2086,137,0,88,0,655,8,6,2,8
86,5,moe,2607,45,4120,878,878,3000,193,0,49,0,617,8,5,3,8
86,6,moe,2160,50,12,0,0,0,0,0,12,0,755,8,8,0,8
86,7,moe,677,42,1738,629,629,1012,67,0,30,0,609,8,7,1,8
86,8,moe,694,47,10,0,0,0,0,0,10,0,589,8,8,0,8
86,9,moe,745,44,1795,354,354,1270,82,0,89,0,754,8,7,1,8
86,10,moe,691,45,11,0,0,0,0,0,11,0,605,8,8,0,8
86,11,moe,675,43,2415,1185,1185,1082,70,0,78,0,568,8,7,1,8
86,12,moe,683,48,10,0,0,0,0,0,10,0,637,8,8,0,8
86,13,moe,747,49,1782,661,661,1022,70,0,29,0,569,8,7,1,8
86,14,moe,732,50,2364,1185,1185,1079,73,0,27,0,587,8,7,1,8
86,15,moe,709,49,1901,350,351,1379,84,0,87,0,777,8,7,1,8
86,16,moe,735,47,1650,314,314,1177,71,0,88,0,657,8,7,1,8
86,17,moe,753,47,10,0,0,0,0,0,10,0,608,8,8,0,8
86,18,moe,714,54,2761,1234,1235,1379,82,0,65,0,757,8,7,1,8
86,19,moe,705,45,6189,2574,2574,3296,208,0,111,0,671,8,5,3,8
86,20,moe,742,49,2922,588,588,2154,142,0,38,0,635,8,6,2,8
86,21,moe,782,47,10,0,0,0,0,0,10,0,729,8,8,0,8
86,22,moe,757,51,3832,1466,1466,2177,148,0,41,0,654,8,6,2,8
86,23,moe,713,58,5279,2378,2378,2626,165,0,110,0,745,8,6,2,8
86,24,moe,814,50,4332,1637,1637,2490,160,1,44,0,776,8,6,2,8
86,25,moe,806,47,2584,1234,1234,1243,80,0,27,0,821,8,7,1,8
86,26,moe,705,48,2703,1342,1342,1248,84,0,29,0,776,8,7,1,8
86,-1,epi,0,0,0,0,0,0,0,0,4116,0,0,0,0,0,0
87,-2,pre,71,0,0,0,0,0,0,0,0,0,0,0,0,0,0
87,0,dense,1342,63,0,0,0,0,0,0,0,0,0,0,0,0,0
87,1,moe,791,50,12,0,0,0,0,0,12,0,789,8,8,0,8
87,2,moe,784,46,11,0,0,0,0,0,11,0,698,8,8,0,8
87,3,moe,718,51,1710,332,332,1264,85,0,29,0,778,8,7,1,8
87,4,moe,723,47,2520,1176,1176,1154,74,4,112,0,614,8,7,1,8
87,5,moe,764,46,2343,1165,1165,1077,72,0,29,0,650,8,7,1,8
87,6,moe,703,49,1880,342,342,1370,84,0,84,0,762,8,7,1,8
87,7,moe,715,54,11,0,0,0,0,0,11,0,604,8,8,0,8
87,8,moe,707,52,10,0,0,0,0,0,10,0,600,8,8,0,8
87,9,moe,751,47,3400,683,683,2500,172,0,45,0,732,8,6,2,8
87,10,moe,714,270,11,0,0,0,0,0,11,0,623,8,8,0,8
87,11,moe,694,50,3806,2467,2467,1161,76,0,102,0,649,8,7,1,8
87,12,moe,730,53,11,0,0,0,0,0,11,0,746,8,8,0,8
87,13,moe,759,48,1476,303,303,1076,72,0,25,0,654,8,7,1,8
87,14,moe,725,49,11,0,0,0,0,0,11,0,596,8,8,0,8
87,15,moe,686,43,10,0,0,0,0,0,10,0,702,8,8,0,8
87,16,moe,704,45,2594,1423,1423,1075,70,0,26,0,564,8,7,1,8
87,17,moe,748,49,1480,307,307,1074,69,0,30,0,578,8,7,1,8
87,18,moe,708,47,1901,354,354,1375,79,0,93,0,639,8,7,1,8
87,19,moe,675,61,3976,1504,1504,2219,143,0,110,0,566,8,6,2,8
87,20,moe,706,50,2359,1180,1180,1078,72,0,29,0,569,8,7,1,8
87,21,moe,757,47,2758,1250,1250,1368,79,1,60,0,641,8,7,1,8
87,22,moe,731,44,11,0,0,0,0,0,11,0,564,8,8,0,8
87,23,moe,651,46,1824,472,472,1244,80,3,25,0,637,8,7,1,8
87,24,moe,726,43,7180,3099,3099,3743,245,0,93,0,640,8,5,3,8
87,25,moe,736,45,3684,988,988,2491,163,0,42,0,640,8,6,2,8
87,26,moe,685,43,2627,1274,1274,1245,81,0,27,0,646,8,7,1,8
87,-1,epi,0,0,0,0,0,0,0,0,3821,0,0,0,0,0,0
88,-2,pre,242,0,0,0,0,0,0,0,0,0,0,0,0,0,0
88,0,dense,1231,51,0,0,0,0,0,0,0,0,0,0,0,0,0
88,1,moe,733,48,5195,2503,2503,2493,161,0,38,0,662,8,6,2,8
88,2,moe,709,44,7072,3040,3041,3737,234,0,60,0,655,8,5,3,8
88,3,moe,674,48,4721,2035,2035,2489,159,1,37,0,636,8,6,2,8
88,4,moe,699,49,11,0,0,0,0,0,11,0,558,8,8,0,8
88,5,moe,730,45,4011,1528,1528,2224,138,0,121,0,580,8,6,2,8
88,6,moe,716,41,2938,1375,1375,1399,80,0,84,0,641,8,7,1,8
88,7,moe,646,35,3719,1438,1438,2054,131,0,96,0,568,8,6,2,8
88,8,moe,691,38,8112,3809,3809,3985,256,0,62,0,559,8,4,4,8
88,9,moe,1248,40,5145,2462,2462,2436,147,0,100,0,635,8,6,2,8
88,10,moe,689,36,3875,1548,1548,2097,128,0,102,0,564,8,6,2,8
88,11,moe,643,34,3608,1455,1456,1988,129,0,35,0,566,8,6,2,8
88,12,moe,685,37,9366,4173,4173,4775,298,0,120,0,647,8,4,4,8
88,13,moe,709,38,6053,2661,2661,3086,191,0,115,0,569,8,5,3,8
88,14,moe,683,39,3633,1469,1469,1997,128,0,39,0,574,8,6,2,8
88,15,moe,652,38,4395,1711,1712,2439,149,0,95,0,642,8,6,2,8
88,16,moe,683,58,6055,2685,2685,3067,193,0,110,0,572,8,5,3,8
88,17,moe,721,36,4446,2298,2298,1986,127,0,35,0,582,8,6,2,8
88,18,moe,686,37,2125,689,689,1281,75,0,80,0,644,8,7,1,8
88,19,moe,649,35,2917,626,626,2066,128,0,97,0,567,8,6,2,8
88,20,moe,689,44,8105,3799,3799,3987,252,0,67,0,579,8,4,4,8
88,21,moe,739,37,4291,1608,1608,2442,148,0,93,0,649,8,6,2,8
88,22,moe,717,40,3835,1521,1521,2090,128,0,96,0,574,8,6,2,8
88,23,moe,648,35,8315,3405,3405,4526,277,0,107,0,634,8,4,4,8
88,24,moe,693,36,1561,378,378,1092,69,0,22,0,639,8,7,1,8
88,25,moe,695,36,8234,3511,3511,4386,281,1,55,0,643,8,4,4,8
88,26,moe,624,34,6527,2997,2997,3273,209,0,48,0,631,8,5,3,8
88,-1,epi,0,0,0,0,0,0,0,0,3814,0,0,0,0,0,0
89,-2,pre,45,0,0,0,0,0,0,0,0,0,0,0,0,0,0
89,0,dense,1199,35,0,0,0,0,0,0,0,0,0,0,0,0,0
89,1,moe,707,36,5728,2182,2182,3277,212,0,57,0,645,8,5,3,8
89,2,moe,667,34,4999,2648,2648,2176,140,0,35,0,630,8,6,2,8
89,3,moe,627,33,5718,2168,2168,3295,210,0,45,0,632,8,5,3,8
89,4,moe,679,39,5055,1843,1843,2900,181,0,131,0,561,8,5,3,8
89,5,moe,699,37,4910,1878,1878,2805,179,0,48,0,560,8,5,3,8
89,6,moe,685,41,11,0,0,0,0,0,11,0,628,8,8,0,8
89,7,moe,1429,34,8514,3429,3429,4695,317,0,73,0,676,8,3,5,8
89,8,moe,1871,43,4448,2404,2404,1874,128,1,41,0,624,8,6,2,8
89,9,moe,1790,46,4083,1579,1579,2283,139,3,79,0,641,8,6,2,8
89,10,moe,1919,45,3712,1543,1543,1958,125,0,86,0,565,8,6,2,8
89,11,moe,12451,40,4784,1735,1735,2816,188,0,45,0,565,8,5,3,8
89,12,moe,668,39,7358,2434,2434,4509,285,0,130,0,641,8,4,4,8
89,13,moe,697,36,2805,621,622,1961,124,0,98,0,556,8,6,2,8
89,14,moe,670,38,1333,311,311,936,62,0,24,0,555,8,7,1,8
89,15,moe,618,34,3211,682,682,2296,146,0,87,0,627,8,6,2,8
89,16,moe,675,39,6608,2440,2440,3830,248,0,90,0,557,8,4,4,8
89,17,moe,694,36,1318,294,294,938,62,0,24,0,569,8,7,1,8
89,18,moe,662,34,3205,683,683,2312,143,0,67,0,657,8,6,2,8
89,19,moe,662,77,4023,824,824,2886,179,0,134,0,559,8,5,3,8
89,20,moe,668,35,2154,1133,1133,939,60,0,22,0,561,8,7,1,8
89,21,moe,719,39,4668,951,951,3396,214,0,107,0,633,8,5,3,8
89,22,moe,703,37,3647,1485,1485,1957,120,0,85,0,557,8,6,2,8
89,23,moe,617,33,1639,329,329,1178,69,0,63,0,633,8,7,1,8
89,24,moe,700,35,8031,3328,3328,4372,277,0,54,0,629,8,4,4,8
89,25,moe,707,39,3407,1040,1040,2184,142,0,41,0,626,8,6,2,8
89,26,moe,616,34,7281,2565,2565,4376,285,0,55,0,633,8,4,4,8
89,-1,epi,0,0,0,0,0,0,0,0,3822,0,0,0,0,0,0
90,-2,pre,216,0,0,0,0,0,0,0,0,0,0,0,0,0,0
90,0,dense,1187,38,0,0,0,0,0,0,0,0,0,0,0,0,0
90,1,moe,698,38,6878,3359,3359,3270,204,0,45,0,638,8,5,3,8
90,2,moe,680,34,2407,1214,1214,1093,73,0,27,0,629,8,7,1,8
90,3,moe,630,41,5698,2163,2164,3267,219,0,48,0,632,8,5,3,8
90,4,moe,666,41,1487,299,299,1004,63,0,121,0,558,8,7,1,8
90,5,moe,710,46,11,0,0,0,0,0,11,0,564,8,8,0,8
90,6,moe,674,39,11,0,0,0,0,0,11,0,635,8,8,0,8
90,7,moe,630,281,9477,6441,6441,2807,181,0,48,0,559,8,5,3,8
90,8,moe,672,43,2411,1386,1386,937,61,0,27,0,553,8,7,1,8
90,9,moe,703,42,12,0,0,0,0,0,12,0,625,8,8,0,8
90,10,moe,665,39,4263,2232,2232,1873,120,0,38,0,553,8,6,2,8
90,11,moe,612,38,7646,3610,3610,3741,235,0,60,0,560,8,4,4,8
90,12,moe,3833,43,6626,2906,2906,3385,213,0,122,0,668,8,5,3,8
90,13,moe,856,45,1449,302,302,1002,61,0,84,0,570,8,7,1,8
90,14,moe,678,59,2255,1225,1225,944,63,0,23,0,554,8,7,1,8
90,15,moe,607,39,5035,2546,2547,2282,145,0,61,0,630,8,6,2,8
90,16,moe,663,43,4405,2201,2201,1978,120,0,106,0,556,8,6,2,8
90,17,moe,690,41,2167,1151,1151,933,62,0,21,0,563,8,7,1,8
90,18,moe,671,38,4146,1642,1642,2275,138,3,88,0,627,8,6,2,8
90,19,moe,613,37,6119,2138,2138,3642,223,1,115,0,562,8,4,4,8
90,20,moe,656,38,6914,3089,3089,3540,224,0,61,0,564,8,4,4,8
90,21,moe,685,38,8902,4297,4297,4231,257,0,117,0,636,8,4,4,8
90,22,moe,678,38,10923,5078,5078,5373,336,0,136,0,558,8,2,6,8
90,23,moe,599,37,4012,1622,1622,2172,131,0,87,0,626,8,6,2,8
90,24,moe,685,37,6282,2951,2952,3087,194,2,47,0,627,8,5,3,8
90,25,moe,680,37,10,0,0,0,0,0,10,0,619,8,8,0,8
90,26,moe,607,35,9725,3054,3054,6195,398,0,78,0,624,8,2,6,8
90,-1,epi,0,0,0,0,0,0,0,0,3829,0,0,0,0,0,0
91,-2,pre,38,0,0,0,0,0,0,0,0,0,0,0,0,0,0
91,0,dense,1212,42,0,0,0,0,0,0,0,0,0,0,0,0,0
91,1,moe,680,39,5527,2165,2166,3110,201,0,50,0,626,8,5,3,8
91,2,moe,661,45,2893,660,660,2065,135,0,33,0,625,8,6,2,8
91,3,moe,611,38,8619,4177,4177,4121,268,0,53,0,619,8,4,4,8
91,4,moe,649,38,4328,1305,1305,2738,169,0,116,0,557,8,5,3,8
91,5,moe,678,37,1268,300,300,888,57,0,23,0,557,8,7,1,8
91,6,moe,665,37,9,0,0,0,0,0,9,0,625,8,8,0,8
91,7,moe,605,35,3481,1568,1568,1770,112,0,31,0,545,8,6,2,8
91,8,moe,665,38,1235,274,274,884,57,0,20,0,548,8,7,1,8
91,9,moe,687,35,6368,2864,2865,3199,204,0,100,0,620,8,5,3,8
91,10,moe,659,37,1391,289,289,969,60,0,73,0,548,8,7,1,8
91,11,moe,592,36,3747,870,870,2658,177,0,42,0,557,8,5,3,8
91,12,moe,1359,46,10,0,0,0,0,0,10,0,620,8,8,0,8
91,13,moe,8184,39,1259,296,296,885,57,0,21,0,558,8,7,1,8
91,14,moe,654,41,1260,295,295,883,57,0,25,0,562,8,7,1,8
91,15,moe,589,47,2563,1271,1271,1142,65,0,85,0,620,8,7,1,8
91,16,moe,646,36,1392,286,286,969,57,0,80,0,555,8,7,1,8
91,17,moe,684,37,2465,547,547,1768,117,0,33,0,565,8,6,2,8
91,18,moe,651,38,9,0,0,0,0,0,9,0,613,8,8,0,8
91,19,moe,600,38,3352,1431,1431,1772,112,0,37,0,561,8,6,2,8
91,20,moe,653,38,2534,611,611,1775,117,0,31,0,558,8,6,2,8
91,21,moe,689,40,1610,318,318,1150,66,0,76,0,623,8,7,1,8
91,22,moe,695,40,9,0,0,0,0,0,9,0,553,8,8,0,8
91,23,moe,616,41,1614,486,486,1036,69,0,23,0,617,8,7,1,8
91,24,moe,686,39,5486,2147,2148,3091,206,0,41,0,630,8,5,3,8
91,25,moe,687,53,11,0,0,0,0,0,11,0,630,8,8,0,8
91,26,moe,610,35,7690,2136,2136,5154,337,0,63,0,627,8,3,5,8
91,-1,epi,0,0,0,0,0,0,0,0,3821,0,0,0,0,0,0
92,-2,pre,209,0,0,0,0,0,0,0,0,0,0,0,0,0,0
92,0,dense,1169,41,0,0,0,0,0,0,0,0,0,0,0,0,0
92,1,moe,689,42,5786,2242,2242,3286,214,0,44,0,644,8,5,3,8
92,2,moe,667,38,2402,1218,1218,1087,71,0,26,0,631,8,7,1,8
92,3,moe,621,40,7776,3331,3331,4123,268,0,54,0,621,8,4,4,8
92,4,moe,642,39,2629,583,583,1852,118,0,76,0,584,8,6,2,8
92,5,moe,683,41,9,0,0,0,0,0,9,0,540,8,8,0,8
92,6,moe,648,38,11,0,0,0,0,0,11,0,614,8,8,0,8
92,7,moe,583,38,4255,2335,2335,1768,113,1,38,0,557,8,6,2,8
92,8,moe,653,39,10,0,0,0,0,0,10,0,543,8,8,0,8
92,9,moe,686,41,10,0,0,0,0,0,10,0,619,8,8,0,8
92,10,moe,661,39,3665,1755,1755,1763,115,0,32,0,553,8,6,2,8
92,11,moe,612,43,6850,3030,3030,3542,225,0,53,0,551,8,4,4,8
92,12,moe,649,37,4098,1702,1703,2162,135,0,98,0,629,8,6,2,8
92,13,moe,693,37,1360,280,280,966,57,0,57,0,550,8,7,1,8
92,14,moe,658,38,6476,3594,3594,2662,175,0,45,0,551,8,5,3,8
92,15,moe,792,35,6202,2696,2696,3196,206,0,104,0,620,8,5,3,8
92,16,moe,642,38,4320,2269,2269,1840,117,0,94,0,544,8,6,2,8
92,17,moe,681,37,4145,2214,2214,1775,117,0,39,0,549,8,6,2,8
92,18,moe,651,39,6748,3226,3226,3203,202,0,117,0,622,8,5,3,8
92,19,moe,604,37,9688,4781,4781,4502,279,0,126,0,560,8,3,5,8
92,20,moe,650,37,2116,1152,1152,885,58,0,21,0,638,8,7,1,8
92,21,moe,698,41,7895,3207,3207,4270,277,1,140,0,786,8,4,4,8
92,22,moe,708,45,5583,2538,2540,2740,180,0,123,0,554,8,5,3,8
92,23,moe,601,36,1624,315,315,1164,68,1,76,0,618,8,7,1,8
92,24,moe,686,38,4355,1011,1011,3087,204,0,53,0,630,8,5,3,8
92,25,moe,685,40,1480,356,356,1032,69,0,23,0,629,8,7,1,8
92,26,moe,600,37,3845,1601,1602,2070,136,3,34,0,621,8,6,2,8
92,-1,epi,0,0,0,0,0,0,0,0,3819,0,0,0,0,0,0
93,-2,pre,197,0,0,0,0,0,0,0,0,0,0,0,0,0,0
93,0,dense,1161,38,0,0,0,0,0,0,0,0,0,0,0,0,0
93,1,moe,692,44,1438,314,314,1033,66,0,25,0,622,8,7,1,8
93,2,moe,664,41,2549,1429,1429,1032,65,0,23,0,620,8,7,1,8
93,3,moe,586,40,7070,3741,3741,3088,196,0,45,0,620,8,5,3,8
93,4,moe,654,39,2614,555,557,1842,113,0,102,0,551,8,6,2,8
93,5,moe,728,44,10,0,0,0,0,0,10,0,550,8,8,0,8
93,6,moe,649,37,8,0,0,0,0,0,8,0,618,8,8,0,8
93,7,moe,586,36,4472,2550,2550,1768,119,0,35,0,557,8,6,2,8
93,8,moe,661,39,2186,1214,1215,889,60,0,22,0,546,8,7,1,8
93,9,moe,683,36,2676,1361,1361,1164,69,0,82,0,622,8,7,1,8
93,10,moe,651,37,9,0,0,0,0,0,9,0,552,8,8,0,8
93,11,moe,606,38,9,0,0,0,0,0,9,0,546,8,8,0,8
93,12,moe,648,36,6141,2784,2784,3105,199,0,53,0,626,8,5,3,8
93,13,moe,672,38,1469,287,287,1023,63,0,96,0,550,8,7,1,8
93,14,moe,4855,46,5786,2747,2747,2816,176,0,47,0,558,8,5,3,8
93,15,moe,620,36,4829,2445,2445,2165,131,0,88,0,625,8,6,2,8
93,16,moe,644,37,5503,2511,2511,2721,171,1,99,0,554,8,5,3,8
93,17,moe,690,42,2491,565,566,1772,118,0,35,0,550,8,6,2,8
93,18,moe,650,37,4976,2589,2589,2172,130,0,85,0,622,8,6,2,8
93,19,moe,592,34,6868,2918,2918,3608,224,0,118,0,549,8,4,4,8
93,20,moe,654,35,2497,586,586,1767,114,0,30,0,554,8,6,2,8
93,21,moe,689,36,7816,3186,3186,4255,266,0,109,0,621,8,4,4,8
93,22,moe,684,38,8445,3506,3506,4517,291,0,131,0,561,8,3,5,8
93,23,moe,586,39,8552,3942,3942,4241,260,0,109,0,628,8,4,4,8
93,24,moe,693,46,5295,1936,1936,3087,194,0,78,0,634,8,5,3,8
93,25,moe,678,37,7062,3733,3733,3088,195,0,46,0,625,8,5,3,8
93,26,moe,605,40,6709,2289,2290,4110,259,0,50,0,622,8,4,4,8
93,-1,epi,0,0,0,0,0,0,0,0,3810,0,0,0,0,0,0
94,-2,pre,206,0,0,0,0,0,0,0,0,0,0,0,0,0,0
94,0,dense,1162,32,0,0,0,0,0,0,0,0,0,0,0,0,0
94,1,moe,679,33,10643,5107,5109,5149,320,0,65,0,624,8,3,5,8
94,2,moe,646,33,11713,6180,6180,5153,317,0,63,0,628,8,3,5,8
94,3,moe,608,31,7865,3421,3421,4128,257,0,59,0,625,8,4,4,8
94,4,moe,645,33,8575,4585,4585,3625,228,0,137,0,552,8,4,4,8
94,5,moe,707,37,10703,5915,5915,4442,280,0,66,0,560,8,3,5,8
94,6,moe,654,32,1590,324,326,1141,65,0,58,0,625,8,7,1,8
94,7,moe,605,31,8753,4778,4778,3620,232,0,123,0,555,8,4,4,8
94,8,moe,654,35,7579,3756,3757,3539,232,0,51,0,555,8,4,4,8
94,9,moe,686,37,8410,3840,3840,4203,252,0,115,0,621,8,4,4,8
94,10,moe,646,31,8579,3875,3876,4310,269,0,124,0,562,8,3,5,8
94,11,moe,593,31,5971,3221,3221,2541,163,0,46,0,549,8,5,3,8
94,12,moe,647,31,9215,4799,4800,4057,249,0,109,0,624,8,4,4,8
94,13,moe,670,32,5336,2452,2452,2618,163,1,102,0,552,8,5,3,8
94,14,moe,648,30,7288,3631,3631,3388,215,0,54,0,552,8,4,4,8
94,15,moe,11177,32,8420,3968,3969,4087,255,0,109,0,637,8,4,4,8
94,16,moe,644,32,7448,3641,3641,3479,216,0,112,0,555,8,4,4,8
94,17,moe,676,30,9428,4809,4809,4276,280,0,63,0,553,8,3,5,8
94,18,moe,644,32,6862,3488,3488,3089,188,0,97,0,632,8,5,3,8
94,19,moe,597,35,7586,3788,3788,3465,217,0,116,0,553,8,4,4,8
94,20,moe,643,31,2049,1123,1123,849,57,0,20,0,552,8,7,1,8
94,21,moe,690,31,12161,5608,5608,6049,374,0,130,0,624,8,2,6,8
94,22,moe,673,31,8716,4014,4014,4318,269,0,115,0,548,8,3,5,8
94,23,moe,592,30,6928,2474,2474,4092,255,0,107,0,628,8,4,4,8
94,24,moe,679,33,11617,6289,6289,4950,318,0,60,0,627,8,3,5,8
94,25,moe,672,31,8297,4044,4044,3950,249,0,54,0,623,8,4,4,8
94,26,moe,599,33,10905,5592,5592,4938,305,0,70,0,620,8,3,5,8
94,-1,epi,0,0,0,0,0,0,0,0,3813,0,0,0,0,0,0
95,-2,pre,213,0,0,0,0,0,0,0,0,0,0,0,0,0,0
95,0,dense,1160,34,0,0,0,0,0,0,0,0,0,0,0,0,0
95,1,moe,681,31,11849,6502,6503,4961,319,0,66,0,623,8,3,5,8
95,2,moe,643,31,4515,2370,2370,1985,126,0,34,0,621,8,6,2,8
95,3,moe,595,29,10488,5162,5162,4948,317,0,61,0,623,8,3,5,8
95,4,moe,644,31,2599,583,583,1795,113,0,108,0,551,8,6,2,8
95,5,moe,679,32,5235,2485,2485,2546,162,0,42,0,558,8,5,3,8
95,6,moe,640,32,4666,2385,2385,2091,126,0,64,0,622,8,6,2,8
95,7,moe,593,30,3368,1388,1388,1785,108,0,87,0,547,8,6,2,8
95,8,moe,650,36,4632,1871,1872,2539,164,0,57,0,544,8,5,3,8
95,9,moe,691,30,6143,2757,2757,3090,191,0,105,0,627,8,5,3,8
95,10,moe,680,36,9771,4967,4967,4346,285,0,173,0,620,8,3,5,8
95,11,moe,616,38,3253,1396,1396,1704,117,0,36,0,624,8,6,2,8
95,12,moe,629,34,3953,1620,1621,2101,132,0,99,0,625,8,6,2,8
95,13,moe,676,36,4194,2204,2204,1781,116,0,93,0,553,8,6,2,8
95,14,moe,668,35,6655,2969,2970,3405,225,3,52,0,570,8,4,4,8
95,15,moe,587,31,6349,2970,2970,3086,193,0,100,0,627,8,5,3,8
95,16,moe,7486,33,7781,4000,4000,3465,215,0,101,0,552,8,4,4,8
95,17,moe,683,32,5991,3236,3236,2549,165,1,40,0,550,8,5,3,8
95,18,moe,646,32,9375,4940,4940,4072,247,0,116,0,626,8,4,4,8
95,19,moe,579,31,5438,2562,2562,2615,163,0,98,0,547,8,5,3,8
95,20,moe,644,31,1197,274,274,847,55,0,21,0,548,8,7,1,8
95,21,moe,693,37,6240,2873,2874,3080,187,0,99,0,626,8,5,3,8
95,22,moe,680,33,4156,2189,2189,1770,109,0,88,0,557,8,6,2,8
95,23,moe,589,60,7479,3045,3046,4076,254,0,103,0,627,8,4,4,8
95,24,moe,668,30,9258,4950,4950,4002,257,1,48,0,631,8,4,4,8
95,25,moe,672,32,9171,4924,4924,3946,247,0,54,0,628,8,4,4,8
95,26,moe,588,29,10535,5224,5224,4945,306,0,60,0,623,8,3,5,8
95,-1,epi,0,0,0,0,0,0,0,0,3810,0,0,0,0,0,0
96,-2,pre,46,0,0,0,0,0,0,0,0,0,0,0,0,0,0
96,0,dense,1153,34,0,0,0,0,0,0,0,0,0,0,0,0,0
96,1,moe,681,32,13091,6704,6706,5940,364,0,81,0,632,8,2,6,8
96,2,moe,677,39,5541,3393,3393,1982,131,0,35,0,621,8,6,2,8
96,3,moe,604,42,7864,3606,3606,3961,246,0,51,0,621,8,4,4,8
96,4,moe,641,40,4810,1872,1873,2651,169,0,117,0,551,8,5,3,8
96,5,moe,680,36,7770,3181,3183,4252,277,0,58,0,558,8,3,5,8
96,6,moe,649,39,3945,1648,1648,2085,123,0,89,0,631,8,6,2,8
96,7,moe,599,34,5053,1239,1239,3481,221,0,112,0,553,8,4,4,8
96,8,moe,651,40,4079,2228,2229,1705,112,0,33,0,554,8,6,2,8
96,9,moe,684,41,7239,3883,3883,3068,192,1,95,0,626,8,5,3,8
96,10,moe,655,39,1711,646,646,925,57,0,83,0,549,8,7,1,8
96,11,moe,603,39,5385,2620,2620,2553,167,0,45,0,558,8,5,3,8
96,12,moe,646,38,9679,4186,4188,5063,306,0,122,0,624,8,3,5,8
96,13,moe,678,44,6713,2896,2896,3478,225,3,111,0,557,8,4,4,8
96,14,moe,649,38,1217,282,282,855,56,0,24,0,554,8,7,1,8
96,15,moe,593,34,4053,1726,1726,2116,131,0,80,0,617,8,6,2,8
96,16,moe,656,39,8912,4187,4189,4341,269,0,113,0,549,8,3,5,8
96,17,moe,8948,37,7277,3607,3607,3406,214,0,50,0,552,8,4,4,8
96,18,moe,7635,38,4175,1866,1866,2097,126,0,86,0,626,8,6,2,8
96,19,moe,5939,37,3406,1406,1407,1801,109,0,89,0,550,8,6,2,8
96,20,moe,651,35,4020,2180,2180,1697,109,0,34,0,551,8,6,2,8
96,21,moe,701,35,9282,5025,5025,3910,242,0,105,0,644,8,4,4,8
96,22,moe,696,44,1283,264,264,893,54,0,72,0,555,8,7,1,8
96,23,moe,591,34,2399,1203,1203,1077,61,0,58,0,649,8,7,1,8
96,24,moe,699,33,4484,2434,2434,1899,120,0,31,0,645,8,6,2,8
96,25,moe,704,34,3603,1545,1545,1904,121,0,33,0,643,8,6,2,8
96,26,moe,592,35,3615,1559,1559,1904,122,0,30,0,644,8,6,2,8
96,-1,epi,0,0,0,0,0,0,0,0,4506,0,0,0,0,0,0
97,-2,pre,46,0,0,0,0,0,0,0,0,0,0,0,0,0,0
97,0,dense,1232,42,0,0,0,0,0,0,0,0,0,0,0,0,0
97,1,moe,714,36,10347,3938,3938,5957,380,0,72,0,626,8,2,6,8
97,2,moe,645,43,8575,4282,4282,3984,256,0,53,0,619,8,4,4,8
97,3,moe,596,37,7992,2668,2669,4947,318,0,58,0,630,8,3,5,8
97,4,moe,652,35,6052,2229,2229,3478,216,0,129,0,552,8,4,4,8
97,5,moe,678,38,4639,1879,1879,2557,162,0,41,0,572,8,5,3,8
97,6,moe,657,36,4654,2413,2413,2023,127,0,91,0,644,8,6,2,8
97,7,moe,590,34,5863,2212,2212,3331,210,0,110,0,557,8,4,4,8
97,8,moe,664,35,5384,2738,2739,2450,157,0,38,0,571,8,5,3,8
97,9,moe,697,37,4212,970,970,2966,181,0,95,0,639,8,5,3,8
97,10,moe,661,33,7528,3701,3702,3492,225,0,109,0,562,8,4,4,8
97,11,moe,589,39,3520,1674,1674,1705,110,0,31,0,551,8,6,2,8
97,12,moe,652,37,3821,1596,1596,2019,119,0,87,0,646,8,6,2,8
97,13,moe,701,35,3312,1391,1392,1734,104,0,82,0,559,8,6,2,8
97,14,moe,662,36,3219,1426,1426,1645,111,0,37,0,554,8,6,2,8
97,15,moe,606,36,6011,1694,1694,3964,247,0,106,0,641,8,4,4,8
97,16,moe,666,38,6753,3083,3083,3360,208,0,102,0,556,8,4,4,8
97,17,moe,701,37,5761,2209,2209,3286,215,0,51,0,556,8,4,4,8
97,18,moe,659,35,6936,3686,3687,2974,177,0,98,0,648,8,5,3,8
97,19,moe,4393,36,7019,2436,2436,4197,267,0,119,0,564,8,3,5,8
97,20,moe,660,45,5216,2551,2551,2456,162,0,47,0,555,8,5,3,8
97,21,moe,701,36,6125,2849,2849,2994,188,0,94,0,640,8,5,3,8
97,22,moe,704,35,2826,898,898,1725,104,0,99,0,559,8,6,2,8
97,23,moe,599,35,1490,303,303,1056,64,0,67,0,646,8,7,1,8
97,24,moe,711,38,9746,4583,4583,4781,319,0,63,0,790,8,3,5,8
97,25,moe,697,45,1374,328,328,953,69,0,24,0,760,8,7,1,8
97,26,moe,2087,39,8930,4786,4787,3828,258,0,57,0,645,8,4,4,8
97,-1,epi,0,0,0,0,0,0,0,0,4390,0,0,0,0,0,0
98,-2,pre,94,0,0,0,0,0,0,0,0,0,0,0,0,0,0
98,0,dense,1197,44,0,0,0,0,0,0,0,0,0,0,0,0,0
98,1,moe,684,39,10692,5351,5351,4953,322,0,66,0,626,8,3,5,8
98,2,moe,671,38,6030,2815,2816,2974,192,0,48,0,629,8,5,3,8
98,3,moe,598,37,2814,670,670,1984,129,0,31,0,620,8,6,2,8
98,4,moe,650,38,2297,1238,1238,934,55,0,70,0,545,8,7,1,8
98,5,moe,5672,37,1205,282,282,848,55,0,20,0,546,8,7,1,8
98,6,moe,3243,39,2426,1205,1205,1102,64,0,55,0,626,8,7,1,8
98,7,moe,1055,34,3310,1320,1320,1776,113,0,101,0,558,8,6,2,8
98,8,moe,647,38,2090,1166,1166,847,56,0,21,0,550,8,7,1,8
98,9,moe,683,36,1565,319,319,1103,62,0,81,0,618,8,7,1,8
98,10,moe,653,35,3632,1651,1651,1779,111,3,88,0,552,8,6,2,8
98,11,moe,590,33,1213,279,280,853,55,0,25,0,551,8,7,1,8
98,12,moe,643,35,7786,3333,3333,4084,259,0,110,0,628,8,4,4,8
98,13,moe,677,36,5154,2253,2253,2631,166,0,104,0,549,8,5,3,8
98,14,moe,659,36,6509,2848,2848,3386,223,0,52,0,562,8,4,4,8
98,15,moe,590,38,8240,3943,3943,3944,247,0,106,0,652,8,4,4,8
98,16,moe,659,41,9268,4658,4658,4211,270,0,129,0,564,8,3,5,8
98,17,moe,705,36,8837,4415,4415,4096,269,0,57,0,558,8,3,5,8
98,18,moe,668,36,10215,3921,3921,5827,357,0,110,0,645,8,2,6,8
98,19,moe,600,35,6496,2830,2830,3349,208,0,109,0,563,8,4,4,8
98,20,moe,657,34,7118,3565,3565,3288,215,0,50,0,566,8,4,4,8
98,21,moe,703,36,7417,3111,3111,3956,239,0,111,0,641,8,4,4,8
98,22,moe,700,35,3353,1438,1438,1723,107,0,85,0,572,8,6,2,8
98,23,moe,588,35,4889,2670,2670,2019,120,0,80,0,635,8,6,2,8
98,24,moe,703,70,8040,3912,3912,3824,253,0,51,0,642,8,4,4,8
98,25,moe,706,37,5096,1986,1986,2874,193,0,43,0,647,8,5,3,8
98,26,moe,606,38,10251,5079,5079,4780,324,0,68,0,643,8,3,5,8
98,-1,epi,0,0,0,0,0,0,0,0,4349,0,0,0,0,0,0
99,-2,pre,42,0,0,0,0,0,0,0,0,0,0,0,0,0,0
99,0,dense,1236,38,0,0,0,0,0,0,0,0,0,0,0,0,0
99,1,moe,709,37,12826,7657,7657,4788,319,0,62,0,646,8,3,5,8
99,2,moe,659,36,7420,3290,3290,3818,260,0,52,0,646,8,4,4,8
99,3,moe,596,35,5933,2844,2844,2858,190,0,41,0,647,8,5,3,8
99,4,moe,663,33,11583,6145,6146,4988,309,0,140,0,556,8,2,6,8
99,5,moe,702,36,9218,4788,4788,4096,264,0,70,0,561,8,3,5,8
99,6,moe,658,34,4571,2344,2345,2020,121,0,85,0,638,8,6,2,8
99,7,moe,11440,36,4092,2188,2188,1715,103,0,86,0,559,8,6,2,8
99,8,moe,6698,37,3106,1327,1327,1636,106,0,37,0,551,8,6,2,8
99,9,moe,6192,36,7466,3356,3357,3774,231,0,104,0,681,8,4,4,8
99,10,moe,6699,37,9671,5287,5287,4015,252,0,117,0,572,8,3,5,8
99,11,moe,621,31,7760,4362,4363,3151,199,0,47,0,573,8,4,4,8
99,12,moe,692,33,6856,3729,3729,2862,173,0,92,0,684,8,5,3,8
99,13,moe,748,34,9983,5598,5598,4016,248,0,121,0,577,8,3,5,8
99,14,moe,697,32,6953,3549,3549,3152,208,0,44,0,575,8,4,4,8
99,15,moe,617,32,6057,2896,2897,2886,174,0,100,0,691,8,5,3,8
99,16,moe,697,33,8507,4126,4126,4009,252,0,120,0,575,8,3,5,8
99,17,moe,745,35,8736,4493,4493,3944,249,0,50,0,585,8,3,5,8
99,18,moe,691,35,5984,2839,2839,2871,179,0,95,0,692,8,5,3,8
99,19,moe,619,33,8657,3421,3421,4807,307,0,122,0,581,8,2,6,8
99,20,moe,686,34,7218,3798,3798,3163,210,0,47,0,576,8,4,4,8
99,21,moe,751,36,7332,3182,3183,3800,239,0,110,0,688,8,4,4,8
99,22,moe,747,34,2128,1127,1127,872,52,0,77,0,574,8,7,1,8
99,23,moe,627,32,3667,1543,1543,1936,115,0,73,0,682,8,6,2,8
99,24,moe,760,33,7829,3889,3889,3660,233,0,47,0,687,8,4,4,8
99,25,moe,752,34,8388,4445,4445,3668,229,0,46,0,684,8,4,4,8
99,26,moe,620,33,5705,2743,2743,2750,172,0,40,0,690,8,5,3,8
99,-1,epi,0,0,0,0,0,0,0,0,4717,0,0,0,0,0,0
100,-2,pre,188,0,0,0,0,0,0,0,0,0,0,0,0,0,0
100,0,dense,1218,33,0,0,0,0,0,0,0,0,0,0,0,0,0
100,1,moe,712,35,8045,3952,3952,3806,239,0,48,0,649,8,4,4,8
100,2,moe,660,34,8109,4004,4004,3814,240,0,51,0,645,8,4,4,8
100,3,moe,597,33,9379,4261,4262,4757,298,0,62,0,642,8,3,5,8
100,4,moe,663,29,6140,3324,3324,2534,157,0,125,0,557,8,5,3,8
100,5,moe,701,31,5228,2556,2556,2469,162,0,41,0,650,8,5,3,8
100,6,moe,655,34,9388,5051,5052,3936,254,0,146,0,710,8,4,4,8
100,7,moe,620,34,11961,6496,6497,5005,309,0,150,0,571,8,2,6,8
100,8,moe,660,35,2099,1201,1201,822,52,0,24,0,558,8,7,1,8
100,9,moe,700,34,5210,1913,1913,2994,189,0,114,0,645,8,5,3,8
100,10,moe,664,34,8008,4343,4344,3339,207,0,118,0,558,8,4,4,8
100,11,moe,599,31,7869,4338,4338,3271,208,0,52,0,559,8,4,4,8
100,12,moe,657,32,9095,4908,4909,3844,234,0,108,0,683,8,4,4,8
100,13,moe,748,32,5216,2488,2488,2475,152,0,101,0,570,8,5,3,8
100,14,moe,691,34,9864,5437,5437,4114,256,0,57,0,556,8,3,5,8
100,15,moe,592,32,5910,2676,2676,2972,179,0,83,0,687,8,5,3,8
100,16,moe,693,32,11389,5286,5286,5602,358,0,143,0,573,8,1,7,8
100,17,moe,751,33,5802,3235,3235,2370,158,0,39,0,583,8,5,3,8
100,18,moe,690,31,8248,4155,4155,3775,231,0,87,0,686,8,4,4,8
100,19,moe,622,31,10319,5093,5094,4796,296,0,133,0,575,8,2,6,8
100,20,moe,686,31,12035,6108,6108,5503,350,0,74,0,580,8,1,7,8
100,21,moe,751,31,5689,2583,2583,2836,170,1,99,0,681,8,5,3,8
100,22,moe,747,31,8523,4078,4078,4047,265,0,133,0,577,8,3,5,8
100,23,moe,612,30,5100,1952,1952,2872,180,0,96,0,685,8,5,3,8
100,24,moe,754,31,8620,3692,3692,4577,289,0,62,0,686,8,3,5,8
100,25,moe,750,30,10062,5131,5131,4577,288,0,66,0,685,8,3,5,8
100,26,moe,619,29,7257,3318,3318,3661,231,0,47,0,687,8,4,4,8
100,-1,epi,0,0,0,0,0,0,0,0,5262,0,0,0,0,0,0
101,-2,pre,65,0,0,0,0,0,0,0,0,0,0,0,0,0,0
101,0,dense,1333,31,0,0,0,0,0,0,0,0,0,0,0,0,0
101,1,moe,765,45,11694,5556,5556,5717,358,0,63,0,649,8,2,6,8
101,2,moe,661,33,6762,3685,3685,2852,180,0,45,0,644,8,5,3,8
101,3,moe,597,31,9680,4575,4576,4750,297,0,57,0,646,8,3,5,8
101,4,moe,658,32,2487,572,572,1701,108,0,106,0,554,8,6,2,8
101,5,moe,702,32,1153,262,262,817,53,0,21,0,566,8,7,1,8
101,6,moe,665,32,2527,1325,1325,1058,64,0,80,0,638,8,7,1,8
101,7,moe,611,30,2466,553,554,1719,109,0,84,0,562,8,6,2,8
101,8,moe,671,32,2038,1143,1143,821,54,0,20,0,560,8,7,1,8
101,9,moe,708,34,2519,1315,1315,1068,63,0,73,0,642,8,7,1,8
101,10,moe,659,32,9,0,0,0,0,0,9,0,549,8,8,0,8
101,11,moe,600,31,4041,1203,1203,2556,161,0,121,0,564,8,5,3,8
101,12,moe,665,40,4682,2474,2474,1999,127,0,82,0,641,8,6,2,8
101,13,moe,707,33,5292,2515,2515,2543,156,0,78,0,562,8,5,3,8
101,14,moe,679,32,7926,4390,4391,3277,205,0,53,0,557,8,4,4,8
101,15,moe,601,32,6534,2270,2270,3913,246,0,105,0,644,8,4,4,8
101,16,moe,657,30,9376,3947,3947,4991,310,1,127,0,566,8,2,6,8
101,17,moe,704,33,5803,2280,2280,3267,209,0,47,0,558,8,4,4,8
101,18,moe,660,31,6957,3711,3711,2969,177,0,100,0,641,8,5,3,8
101,19,moe,596,30,7329,3658,3659,3347,208,0,115,0,559,8,4,4,8
101,20,moe,659,30,9720,4425,4425,4921,308,0,66,0,560,8,2,6,8
101,21,moe,700,31,7029,2898,2898,3790,230,0,111,0,686,8,4,4,8
101,22,moe,752,35,2165,1162,1162,875,51,0,77,0,566,8,7,1,8
101,23,moe,620,29,4658,2531,2531,1940,116,0,71,0,678,8,6,2,8
101,24,moe,749,30,5721,2739,2739,2762,176,0,44,0,687,8,5,3,8
101,25,moe,751,30,11056,6131,6131,4583,286,0,56,0,686,8,3,5,8
101,26,moe,618,29,8510,3556,3556,4599,295,0,60,0,684,8,3,5,8
101,-1,epi,0,0,0,0,0,0,0,0,5266,0,0,0,0,0,0
102,-2,pre,1711,0,0,0,0,0,0,0,0,0,0,0,0,0,0
102,0,dense,1329,40,0,0,0,0,0,0,0,0,0,0,0,0,0
102,1,moe,761,35,7948,4857,4857,2859,179,0,53,0,666,8,5,3,8
102,2,moe,681,39,11115,5990,5990,4762,297,0,66,0,647,8,3,5,8
102,3,moe,578,37,11110,5983,5984,4762,299,1,64,0,649,8,3,5,8
102,4,moe,664,37,10,0,0,0,0,0,10,0,556,8,8,0,8
102,5,moe,703,38,2222,1151,1151,917,54,0,100,0,555,8,7,1,8
102,6,moe,660,35,7008,3754,3756,2969,180,0,103,0,641,8,5,3,8
102,7,moe,600,34,4478,1684,1685,2540,156,0,97,0,560,8,5,3,8
102,8,moe,670,35,2080,1190,1190,817,52,0,21,0,558,8,7,1,8
102,9,moe,703,36,6849,3593,3593,2973,179,0,104,0,652,8,5,3,8
102,10,moe,660,34,10584,5142,5142,4988,318,0,136,0,563,8,2,6,8
102,11,moe,592,35,5185,2526,2526,2455,163,0,41,0,567,8,5,3,8
102,12,moe,666,35,6198,2939,2939,2985,181,0,93,0,640,8,5,3,8
102,13,moe,704,35,1303,281,281,894,53,0,75,0,551,8,7,1,8
102,14,moe,660,38,8108,4564,4564,3277,217,0,50,0,563,8,4,4,8
102,15,moe,585,34,7356,3061,3062,3936,237,0,121,0,644,8,4,4,8
102,16,moe,663,32,6338,3532,3532,2529,169,0,108,0,636,8,5,3,8
102,17,moe,701,38,6152,3482,3482,2457,165,0,48,0,648,8,5,3,8
102,18,moe,641,38,6843,3572,3573,2969,186,0,115,0,648,8,5,3,8
102,19,moe,596,37,7410,3715,3715,3362,212,0,121,0,563,8,4,4,8
102,20,moe,669,41,6734,3177,3177,3288,212,0,57,0,566,8,4,4,8
102,21,moe,706,40,8188,3918,3918,3915,237,0,118,0,646,8,4,4,8
102,22,moe,708,36,10810,5348,5348,5004,321,0,137,0,562,8,2,6,8
102,23,moe,603,40,4604,2379,2379,2013,122,0,90,0,646,8,6,2,8
102,24,moe,708,36,10298,5173,5173,4766,295,0,64,0,649,8,3,5,8
102,25,moe,698,36,9718,4598,4598,4760,301,0,59,0,644,8,3,5,8
102,26,moe,599,35,8589,3603,3603,4634,290,0,62,0,686,8,3,5,8
102,-1,epi,0,0,0,0,0,0,0,0,5250,0,0,0,0,0,0
103,-2,pre,43,0,0,0,0,0,0,0,0,0,0,0,0,0,0
103,0,dense,1331,41,0,0,0,0,0,0,0,0,0,0,0,0,0
103,1,moe,765,36,8139,4003,4004,3830,246,0,59,0,643,8,4,4,8
103,2,moe,667,39,4449,2394,2394,1902,121,0,32,0,648,8,6,2,8
103,3,moe,603,34,8114,3983,3983,3827,249,0,55,0,647,8,4,4,8
103,4,moe,659,36,6202,3395,3395,2530,163,0,114,0,558,8,5,3,8
103,5,moe,698,37,3956,2172,2172,1639,109,0,36,0,558,8,6,2,8
103,6,moe,668,36,2490,1285,1286,1061,62,0,81,0,637,8,7,1,8
103,7,moe,599,34,2443,547,547,1699,105,0,92,0,552,8,6,2,8
103,8,moe,658,36,2082,1190,1190,820,52,0,20,0,572,8,7,1,8
103,9,moe,705,35,4665,2464,2464,1994,120,0,87,0,646,8,6,2,8
103,10,moe,665,34,5319,2528,2528,2532,156,0,103,0,567,8,5,3,8
103,11,moe,591,33,4007,2235,2235,1631,107,0,34,0,570,8,6,2,8
103,12,moe,668,38,2358,1189,1189,1033,61,0,75,0,644,8,7,1,8
103,13,moe,702,37,4099,2202,2202,1700,104,0,93,0,557,8,6,2,8
103,14,moe,701,39,3195,1398,1399,1651,109,0,36,0,560,8,6,2,8
103,15,moe,583,46,4945,2698,2698,2027,124,1,95,0,648,8,6,2,8
103,16,moe,662,40,3870,1956,1956,1719,109,0,86,0,565,8,6,2,8
103,17,moe,708,39,10,0,0,0,0,0,10,0,545,8,8,0,8
103,18,moe,657,38,8,0,0,0,0,0,8,0,633,8,8,0,8
103,19,moe,609,36,1171,274,275,819,56,0,21,0,567,8,7,1,8
103,20,moe,703,37,4064,2285,2285,1635,110,0,34,0,578,8,6,2,8
103,21,moe,725,39,5984,2742,2742,2950,186,0,106,0,642,8,5,3,8
103,22,moe,714,48,3287,1355,1355,1726,105,0,101,0,585,8,6,2,8
103,23,moe,689,47,6191,2911,2911,3006,183,0,91,0,643,8,5,3,8
103,24,moe,706,39,6745,2478,2479,3961,252,1,52,0,653,8,4,4,8
103,25,moe,742,42,2201,1167,1167,949,62,0,23,0,644,8,7,1,8
103,26,moe,634,35,3612,1547,1547,1911,122,0,32,0,651,8,6,2,8
103,-1,epi,0,0,0,0,0,0,0,0,4431,0,0,0,0,0,0
104,-2,pre,198,0,0,0,0,0,0,0,0,0,0,0,0,0,0
104,0,dense,1225,42,0,0,0,0,0,0,0,0,0,0,0,0,0
104,1,moe,710,38,7698,3532,3532,3853,243,0,70,0,622,8,4,4,8
104,2,moe,655,37,3712,1571,1571,1984,124,0,33,0,623,8,6,2,8
104,3,moe,586,40,8338,4062,4063,3964,259,0,52,0,623,8,4,4,8
104,4,moe,643,37,2283,1205,1205,924,56,0,98,0,549,8,7,1,8
104,5,moe,682,42,8186,4523,4523,3396,215,0,52,0,552,8,4,4,8
104,6,moe,646,36,2618,1360,1360,1119,63,0,76,0,622,8,7,1,8
104,7,moe,597,36,6114,3200,3201,2640,164,0,109,0,547,8,5,3,8
104,8,moe,646,38,6135,3385,3385,2546,162,0,42,0,546,8,5,3,8
104,9,moe,674,37,6917,3587,3587,3043,183,0,104,0,639,8,5,3,8
104,10,moe,660,35,5479,2704,2704,2520,156,0,99,0,559,8,5,3,8
104,11,moe,593,35,7257,3727,3727,3271,210,0,49,0,555,8,4,4,8
104,12,moe,654,35,6965,3723,3724,2960,181,0,100,0,653,8,5,3,8
104,13,moe,700,34,10295,5723,5724,4169,268,0,134,0,561,8,3,5,8
104,14,moe,662,36,7944,4390,4390,3289,214,0,51,0,565,8,4,4,8
104,15,moe,591,34,4736,2493,2493,2028,124,0,91,0,640,8,6,2,8
104,16,moe,657,35,9979,4559,4560,4984,311,1,123,0,551,8,2,6,8
104,17,moe,697,34,5367,2719,2720,2452,155,0,40,0,557,8,5,3,8
104,18,moe,660,35,4577,2347,2347,2021,122,0,87,0,636,8,6,2,8
104,19,moe,590,33,3345,1438,1438,1719,105,0,83,0,555,8,6,2,8
104,20,moe,662,35,4095,2297,2297,1659,107,0,32,0,564,8,6,2,8
104,21,moe,700,36,4705,2463,2463,2030,119,1,92,0,641,8,6,2,8
104,22,moe,714,35,7565,3884,3886,3359,209,0,111,0,561,8,4,4,8
104,23,moe,586,33,8181,3905,3907,3923,247,0,104,0,638,8,4,4,8
104,24,moe,699,35,9475,4350,4350,4767,298,0,60,0,659,8,3,5,8
104,25,moe,701,33,6121,3046,3046,2857,179,0,39,0,653,8,5,3,8
104,26,moe,595,33,6653,2508,2509,3836,250,0,58,0,649,8,4,4,8
104,-1,epi,0,0,0,0,0,0,0,0,4360,0,0,0,0,0,0
105,-2,pre,75,0,0,0,0,0,0,0,0,0,0,0,0,0,0
105,0,dense,1227,41,0,0,0,0,0,0,0,0,0,0,0,0,0
105,1,moe,707,35,11966,6808,6808,4783,314,0,61,0,646,8,3,5,8
105,2,moe,669,35,7687,4582,4583,2868,187,0,49,0,645,8,5,3,8
105,3,moe,596,34,4612,2547,2547,1908,126,0,31,0,646,8,6,2,8
105,4,moe,654,34,4649,1831,1831,2538,162,0,118,0,555,8,5,3,8
105,5,moe,697,37,3254,1474,1474,1639,110,0,31,0,553,8,6,2,8
105,6,moe,673,36,7370,3090,3090,3926,249,0,105,0,643,8,4,4,8
105,7,moe,586,35,5273,2488,2489,2523,156,0,105,0,557,8,5,3,8
105,8,moe,657,36,5302,2652,2652,2455,158,0,37,0,556,8,5,3,8
105,9,moe,696,36,6025,2744,2745,2967,199,0,114,0,784,8,5,3,8
105,10,moe,659,45,7444,3646,3646,3436,229,0,133,0,554,8,4,4,8
105,11,moe,610,36,9188,4600,4600,4244,277,0,67,0,563,8,3,5,8
105,12,moe,657,42,4918,2570,2570,2110,131,0,107,0,626,8,6,2,8
105,13,moe,677,39,3380,1406,1406,1765,110,0,99,0,570,8,6,2,8
105,14,moe,658,37,7864,4327,4327,3279,206,0,52,0,558,8,4,4,8
105,15,moe,598,36,2389,1198,1198,1057,60,0,74,0,642,8,7,1,8
105,16,moe,663,36,5255,2470,2470,2524,156,0,105,0,557,8,5,3,8
105,17,moe,701,37,6091,3440,3440,2458,154,0,39,0,561,8,5,3,8
105,18,moe,660,36,5983,2741,2741,2961,178,0,103,0,646,8,5,3,8
105,19,moe,597,35,4297,2391,2391,1714,105,0,87,0,555,8,6,2,8
105,20,moe,670,36,3986,2208,2208,1640,106,0,32,0,559,8,6,2,8
105,21,moe,706,35,3164,925,925,2033,120,0,86,0,647,8,6,2,8
105,22,moe,701,36,2147,1122,1122,890,53,0,82,0,561,8,7,1,8
105,23,moe,580,35,2419,1215,1215,1075,65,0,64,0,640,8,7,1,8
105,24,moe,700,30,6648,2372,2372,3967,248,0,61,0,632,8,4,4,8
105,25,moe,676,32,3752,1594,1594,1995,130,0,33,0,620,8,6,2,8
105,26,moe,620,31,4615,1423,1423,2965,186,0,41,0,644,8,5,3,8
105,-1,epi,0,0,0,0,0,0,0,0,3815,0,0,0,0,0,0
106,-2,pre,199,0,0,0,0,0,0,0,0,0,0,0,0,0,0
106,0,dense,1162,34,0,0,0,0,0,0,0,0,0,0,0,0,0
106,1,moe,689,37,6246,3049,3049,2962,187,0,48,0,628,8,5,3,8
106,2,moe,651,33,8275,4014,4014,3957,246,0,58,0,624,8,4,4,8
106,3,moe,583,31,9753,4448,4448,4931,314,0,60,0,624,8,3,5,8
106,4,moe,656,36,2261,1188,1188,917,55,0,101,0,550,8,7,1,8
106,5,moe,687,36,6108,3359,3359,2544,163,0,42,0,549,8,5,3,8
106,6,moe,659,33,11,0,0,0,0,0,11,0,616,8,8,0,8
106,7,moe,603,32,6475,2810,2810,3398,215,0,52,0,552,8,4,4,8
106,8,moe,648,31,5597,2841,2842,2553,163,0,39,0,546,8,5,3,8
106,9,moe,699,31,7166,3802,3803,3064,184,1,114,0,624,8,5,3,8
106,10,moe,650,35,6759,2946,2946,3481,215,0,117,0,549,8,4,4,8
106,11,moe,579,30,7378,3720,3721,3391,214,0,52,0,561,8,4,4,8
106,12,moe,644,33,1559,321,321,1097,65,0,76,0,618,8,7,1,8
106,13,moe,675,31,5558,2677,2677,2611,160,0,110,0,545,8,5,3,8
106,14,moe,650,31,5386,2612,2612,2563,168,0,43,0,554,8,5,3,8
106,15,moe,593,32,11493,4914,4914,6058,383,0,138,0,636,8,2,6,8
106,16,moe,667,31,2787,878,878,1718,108,0,83,0,557,8,6,2,8
106,17,moe,702,31,5263,2591,2591,2462,165,0,45,0,556,8,5,3,8
106,18,moe,665,31,3891,1645,1646,2021,126,0,98,0,644,8,6,2,8
106,19,moe,594,29,5691,2062,2062,3334,209,0,86,0,559,8,4,4,8
106,20,moe,664,30,3245,1469,1470,1637,102,0,36,0,564,8,6,2,8
106,21,moe,702,32,5442,2185,2185,2978,182,0,97,0,637,8,5,3,8
106,22,moe,704,31,2803,877,877,1725,108,0,93,0,559,8,6,2,8
106,23,moe,591,32,5456,2093,2093,3088,184,0,91,0,625,8,5,3,8
106,24,moe,680,31,11914,5631,5631,5829,375,0,79,0,649,8,2,6,8
106,25,moe,701,32,7393,3273,3275,3821,247,0,50,0,644,8,4,4,8
106,26,moe,600,32,5167,2068,2068,2872,187,0,40,0,647,8,5,3,8
106,-1,epi,0,0,0,0,0,0,0,0,4361,0,0,0,0,0,0
107,-2,pre,269,0,0,0,0,0,0,0,0,0,0,0,0,0,0
107,0,dense,1209,38,0,0,0,0,0,0,0,0,0,0,0,0,0
107,1,moe,684,35,10587,4170,4170,5959,385,0,73,0,626,8,2,6,8
107,2,moe,651,33,7617,3370,3370,3947,250,0,50,0,626,8,4,4,8
107,3,moe,589,31,3653,1528,1529,1968,126,0,30,0,615,8,6,2,8
107,4,moe,640,31,5494,2575,2575,2631,162,0,126,0,562,8,5,3,8
107,5,moe,681,35,2108,1178,1178,853,54,0,23,0,543,8,7,1,8
107,6,moe,654,34,2498,1250,1250,1103,62,0,83,0,621,8,7,1,8
107,7,moe,587,31,9,0,0,0,0,0,9,0,534,8,8,0,8
107,8,moe,650,32,1333,281,281,914,56,0,82,0,553,8,7,1,8
107,9,moe,670,32,5445,2091,2091,3064,185,0,105,0,616,8,5,3,8
107,10,moe,646,31,3456,1471,1471,1786,109,0,90,0,557,8,6,2,8
107,11,moe,584,30,7395,3735,3735,3398,214,0,48,0,551,8,4,4,8
107,12,moe,648,32,4703,2389,2389,2094,131,0,89,0,619,8,6,2,8
107,13,moe,669,33,2187,1140,1140,915,57,0,75,0,550,8,7,1,8
107,14,moe,652,32,7295,3623,3623,3405,217,0,50,0,552,8,4,4,8
107,15,moe,575,30,3832,1539,1539,2080,126,0,87,0,625,8,6,2,8
107,16,moe,644,32,4740,1839,1839,2632,170,0,99,0,547,8,5,3,8
107,17,moe,679,34,4473,1708,1708,2556,166,0,43,0,556,8,5,3,8
107,18,moe,647,33,9873,4382,4382,5053,320,0,118,0,623,8,3,5,8
107,19,moe,595,32,5593,2695,2695,2628,169,0,101,0,562,8,5,3,8
107,20,moe,646,32,4032,2226,2226,1664,108,0,34,0,558,8,6,2,8
107,21,moe,700,32,3857,1600,1600,2040,125,0,92,0,637,8,6,2,8
107,22,moe,706,33,2168,1150,1150,885,55,0,78,0,571,8,7,1,8
107,23,moe,595,29,1509,325,325,1061,64,0,59,0,642,8,7,1,8
107,24,moe,676,30,6146,2929,2929,2981,186,0,50,0,622,8,5,3,8
107,25,moe,682,250,5902,3771,3771,1977,124,0,30,0,621,8,6,2,8
107,26,moe,590,34,9,0,0,0,0,0,9,0,609,8,8,0,8
107,-1,epi,0,0,0,0,0,0,0,0,3825,0,0,0,0,0,0
108,-2,pre,308,0,0,0,0,0,0,0,0,0,0,0,0,0,0
108,0,dense,1163,41,0,0,0,0,0,0,0,0,0,0,0,0,0
108,1,moe,682,39,6194,3001,3001,2967,187,0,39,0,627,8,5,3,8
108,2,moe,658,37,7055,3862,3863,2966,186,0,40,0,620,8,5,3,8
108,3,moe,600,35,12136,5763,5763,5933,370,0,70,0,619,8,2,6,8
108,4,moe,653,36,2212,1127,1128,932,56,0,96,0,552,8,7,1,8
108,5,moe,687,38,4498,1755,1755,2543,161,0,39,0,548,8,5,3,8
108,6,moe,642,36,10,0,0,0,0,1,9,0,613,8,8,0,8
108,7,moe,584,33,3308,1474,1474,1697,108,0,29,0,548,8,6,2,8
108,8,moe,648,36,4130,2292,2292,1695,107,0,36,0,558,8,6,2,8
108,9,moe,691,35,3919,1602,1602,2093,123,1,100,0,626,8,6,2,8
108,10,moe,809,82,7998,4145,4145,3476,223,0,154,0,658,8,4,4,8
108,11,moe,620,42,8126,4429,4429,3415,220,0,62,0,560,8,4,4,8
108,12,moe,666,41,4769,2434,2434,2098,125,0,112,0,629,8,6,2,8
108,13,moe,681,40,6592,3680,3680,2627,163,0,122,0,553,8,5,3,8
108,14,moe,653,39,5239,2480,2480,2549,162,0,48,0,556,8,5,3,8
108,15,moe,592,36,7502,3072,3072,4060,247,0,123,0,632,8,4,4,8
108,16,moe,650,38,3414,1426,1426,1778,114,0,96,0,551,8,6,2,8
108,17,moe,682,39,8733,4127,4128,4274,265,0,66,0,556,8,3,5,8
108,18,moe,647,36,6480,3108,3108,3078,187,0,107,0,625,8,5,3,8
108,19,moe,587,35,6620,2811,2812,3471,214,0,123,0,554,8,4,4,8
108,20,moe,646,36,4716,1945,1945,2557,166,3,45,0,557,8,5,3,8
108,21,moe,688,37,8963,3470,3470,5056,309,0,128,0,629,8,3,5,8
108,22,moe,678,38,6372,3495,3495,2627,166,0,84,0,563,8,5,3,8
108,23,moe,605,38,4705,2416,2416,2093,131,0,65,0,627,8,6,2,8
108,24,moe,679,40,10503,5170,5170,4947,322,0,64,0,626,8,3,5,8
108,25,moe,680,53,6014,2812,2813,2965,193,0,43,0,620,8,5,3,8
108,26,moe,594,36,2780,646,646,1969,132,0,33,0,624,8,6,2,8
108,-1,epi,0,0,0,0,0,0,0,0,3813,0,0,0,0,0,0
109,-2,pre,148,0,0,0,0,0,0,0,0,0,0,0,0,0,0
109,0,dense,1159,38,0,0,0,0,0,0,0,0,0,0,0,0,0
109,1,moe,680,37,13405,5949,5949,6924,444,0,88,0,622,8,1,7,8
109,2,moe,645,35,10832,5504,5504,4939,324,0,65,0,629,8,3,5,8
109,3,moe,586,38,12826,6434,6434,5929,389,1,73,0,629,8,2,6,8
109,4,moe,646,38,8136,4444,4444,3348,208,0,136,0,554,8,4,4,8
109,5,moe,704,36,8069,4541,4541,3267,208,0,53,0,563,8,4,4,8
109,6,moe,660,35,4737,2513,2513,2009,121,0,94,0,640,8,6,2,8
109,7,moe,602,33,8162,4489,4489,3347,209,0,117,0,555,8,4,4,8
109,8,moe,665,35,4639,1993,1993,2448,156,0,42,0,564,8,5,3,8
109,9,moe,699,36,10464,5154,5154,4891,309,0,110,0,658,8,3,5,8
109,10,moe,666,42,6194,3370,3370,2561,158,0,105,0,551,8,5,3,8
109,11,moe,588,34,13188,7026,7026,5724,361,0,77,0,559,8,1,7,8
109,12,moe,665,34,10173,3848,3848,5835,354,0,136,0,643,8,2,6,8
109,13,moe,723,40,7671,3968,3968,3369,215,0,119,0,559,8,4,4,8
109,14,moe,655,36,8024,2722,2722,4916,316,0,70,0,564,8,2,6,8
109,15,moe,602,38,10953,4637,4637,5827,356,0,133,0,648,8,2,6,8
109,16,moe,658,33,13565,6370,6370,6624,414,0,157,0,561,8,0,8,8
109,17,moe,696,45,9414,4128,4128,4903,312,0,71,0,562,8,2,6,8
109,18,moe,655,34,8542,4258,4258,3934,242,0,108,0,647,8,4,4,8
109,19,moe,597,34,9926,3611,3611,5809,363,0,143,0,571,8,1,7,8
109,20,moe,662,39,10522,5241,5241,4910,309,0,62,0,557,8,2,6,8
109,21,moe,695,36,11829,5518,5518,5823,357,0,131,0,651,8,2,6,8
109,22,moe,697,36,8102,2661,2661,4999,309,0,133,0,561,8,2,6,8
109,23,moe,594,36,6696,2400,2401,3945,248,0,102,0,648,8,4,4,8
109,24,moe,706,37,7926,2761,2761,4791,309,0,65,0,641,8,3,5,8
109,25,moe,701,35,9462,2254,2255,6698,434,0,75,0,651,8,1,7,8
109,26,moe,605,36,10176,4012,4013,5730,366,0,67,0,645,8,2,6,8
109,-1,epi,0,0,0,0,0,0,0,0,4347,0,0,0,0,0,0
110,-2,pre,234,0,0,0,0,0,0,0,0,0,0,0,0,0,0
110,0,dense,1220,39,0,0,0,0,0,0,0,0,0,0,0,0,0
110,1,moe,711,36,4563,1481,1481,2859,178,1,44,0,648,8,5,3,8
110,2,moe,677,39,6560,2452,2453,3821,237,0,49,0,645,8,4,4,8
110,3,moe,597,34,6580,2484,2484,3809,237,0,50,0,641,8,4,4,8
110,4,moe,662,35,7938,3369,3369,4176,259,0,134,0,561,8,3,5,8
110,5,moe,712,36,3141,1369,1369,1637,104,0,31,0,560,8,6,2,8
110,6,moe,657,35,4675,2444,2444,2016,122,0,93,0,647,8,6,2,8
110,7,moe,607,34,6091,3275,3275,2556,156,0,104,0,560,8,5,3,8
110,8,moe,666,34,7189,3655,3656,3278,207,0,48,0,556,8,4,4,8
110,9,moe,704,35,8155,3894,3894,3910,239,0,112,0,653,8,4,4,8
110,10,moe,665,34,5379,2592,2592,2525,157,0,105,0,570,8,5,3,8
110,11,moe,585,41,7393,2989,2989,4085,260,0,59,0,563,8,3,5,8
110,12,moe,659,34,1514,315,315,1062,60,0,77,0,649,8,7,1,8
110,13,moe,712,40,2453,567,567,1710,110,0,66,0,556,8,6,2,8
110,14,moe,659,36,2146,1248,1248,819,54,0,25,0,589,8,7,1,8
110,15,moe,619,42,6937,2656,2656,3934,265,0,82,0,698,8,4,4,8
110,16,moe,647,39,3609,1664,1664,1710,114,0,121,0,663,8,6,2,8
110,17,moe,728,41,1178,275,275,819,59,0,25,0,655,8,7,1,8
110,18,moe,658,34,5305,2028,2029,2971,192,3,110,0,653,8,5,3,8
110,19,moe,914,37,12288,5713,5714,6031,386,0,157,0,566,8,1,7,8
110,20,moe,667,39,9216,4784,4784,4100,266,0,66,0,565,8,3,5,8
110,21,moe,699,37,9544,4283,4283,4840,299,0,122,0,658,8,3,5,8
110,22,moe,706,213,10711,7023,7023,3355,209,0,124,0,560,8,4,4,8
110,23,moe,605,33,6056,2814,2814,2960,179,0,103,0,641,8,5,3,8
110,24,moe,706,35,8110,4018,4018,3800,240,0,52,0,645,8,4,4,8
110,25,moe,700,37,8174,4067,4067,3813,236,0,58,0,650,8,4,4,8
110,26,moe,596,33,9471,4363,4364,4756,296,1,54,0,643,8,3,5,8
110,-1,epi,0,0,0,0,0,0,0,0,4348,0,0,0,0,0,0
111,-2,pre,39,0,0,0,0,0,0,0,0,0,0,0,0,0,0
111,0,dense,1253,41,0,0,0,0,0,0,0,0,0,0,0,0,0
111,1,moe,716,36,4483,1409,1410,2855,177,0,41,0,649,8,5,3,8
111,2,moe,665,39,8532,4250,4250,3967,260,0,55,0,625,8,4,4,8
111,3,moe,602,38,4200,975,975,2988,193,0,44,0,643,8,5,3,8
111,4,moe,661,34,2288,1239,1239,913,54,0,82,0,554,8,7,1,8
111,5,moe,701,36,4117,2330,2330,1646,109,0,32,0,552,8,6,2,8
111,6,moe,660,36,2444,1214,1214,1072,63,0,95,0,649,8,7,1,8
111,7,moe,590,35,3478,1486,1486,1782,114,0,96,0,552,8,6,2,8
111,8,moe,645,36,1209,282,282,851,56,0,20,0,549,8,7,1,8
111,9,moe,669,35,2524,1296,1296,1082,63,0,83,0,627,8,7,1,8
111,10,moe,662,35,1352,300,300,917,54,0,81,0,554,8,7,1,8
111,11,moe,590,35,3231,1396,1396,1692,111,0,32,0,544,8,6,2,8
111,12,moe,643,36,2472,1221,1221,1111,66,0,74,0,629,8,7,1,8
111,13,moe,676,37,4202,2236,2236,1767,111,0,88,0,554,8,6,2,8
111,14,moe,654,35,1208,276,276,856,55,0,21,0,566,8,7,1,8
111,15,moe,586,38,9,0,0,0,0,0,9,0,610,8,8,0,8
111,16,moe,646,36,4111,2267,2268,1698,109,0,36,0,548,8,6,2,8
111,17,moe,676,36,5380,2637,2637,2540,163,1,39,0,550,8,5,3,8
111,18,moe,655,43,4757,2448,2448,2080,126,0,103,0,627,8,6,2,8
111,19,moe,1760,33,4150,2151,2151,1784,109,0,106,0,548,8,6,2,8
111,20,moe,645,29,6715,3054,3054,3391,218,0,52,0,554,8,4,4,8
111,21,moe,689,32,7471,3021,3021,4070,255,0,125,0,622,8,4,4,8
111,22,moe,675,31,5684,2796,2796,2622,164,0,102,0,554,8,5,3,8
111,23,moe,586,30,4811,2528,2528,2075,125,0,83,0,618,8,6,2,8
111,24,moe,680,30,10562,5253,5253,4943,309,0,57,0,626,8,3,5,8
111,25,moe,670,31,6056,2866,2866,2960,188,0,42,0,627,8,5,3,8
111,26,moe,589,30,10630,4260,4260,5934,370,0,66,0,634,8,2,6,8
111,-1,epi,0,0,0,0,0,0,0,0,3820,0,0,0,0,0,0
112,-2,pre,191,0,0,0,0,0,0,0,0,0,0,0,0,0,0
112,0,dense,1159,35,0,0,0,0,0,0,0,0,0,0,0,0,0
112,1,moe,680,34,8865,4604,4605,3955,252,0,53,0,626,8,4,4,8
112,2,moe,648,31,10794,5458,5458,4960,310,0,66,0,637,8,3,5,8
112,3,moe,575,30,7588,3341,3341,3950,248,0,49,0,618,8,4,4,8
112,4,moe,643,31,4897,2006,2006,2610,162,0,119,0,552,8,5,3,8
112,5,moe,682,32,6811,3150,3151,3395,216,0,49,0,551,8,4,4,8
112,6,moe,647,32,9498,5023,5023,4101,247,1,126,0,620,8,4,4,8
112,7,moe,588,34,5336,2460,2460,2604,161,3,108,0,555,8,5,3,8
112,8,moe,651,32,2044,1114,1114,852,55,0,23,0,549,8,7,1,8
112,9,moe,703,32,9050,4776,4776,3911,237,0,126,0,640,8,4,4,8
112,10,moe,665,31,4531,1744,1744,2530,154,0,103,0,563,8,5,3,8
112,11,moe,591,33,5864,3206,3206,2455,153,0,50,0,559,8,5,3,8
112,12,moe,662,30,3874,1659,1659,2005,120,0,90,0,653,8,6,2,8
112,13,moe,701,30,5305,2522,2522,2521,155,0,107,0,552,8,5,3,8
112,14,moe,660,31,5900,2349,2349,3284,215,0,52,0,556,8,4,4,8
112,15,moe,588,34,8222,3919,3919,3931,247,0,125,0,649,8,4,4,8
112,16,moe,664,30,9654,4906,4906,4341,276,0,131,0,551,8,3,5,8
112,17,moe,676,34,10366,5069,5069,4918,308,0,71,0,564,8,2,6,8
112,18,moe,660,32,9094,4813,4813,3927,239,0,115,0,643,8,4,4,8
112,19,moe,596,31,7431,3774,3774,3340,207,0,110,0,562,8,4,4,8
112,20,moe,666,30,5387,2744,2744,2449,156,0,38,0,567,8,5,3,8
112,21,moe,697,30,5935,2687,2687,2964,178,0,106,0,641,8,5,3,8
112,22,moe,694,33,7819,4143,4143,3356,208,0,112,0,553,8,4,4,8
112,23,moe,594,29,7044,3794,3794,2966,186,0,98,0,642,8,5,3,8
112,24,moe,707,33,5980,2888,2888,2864,186,0,42,0,647,8,5,3,8
112,25,moe,697,30,4555,2452,2452,1945,127,0,31,0,643,8,6,2,8
112,26,moe,601,33,7550,3415,3416,3823,246,0,65,0,652,8,4,4,8
112,-1,epi,0,0,0,0,0,0,0,0,4354,0,0,0,0,0,0
113,-2,pre,41,0,0,0,0,0,0,0,0,0,0,0,0,0,0
113,0,dense,1223,37,0,0,0,0,0,0,0,0,0,0,0,0,0
113,1,moe,710,35,7615,3511,3511,3811,240,0,53,0,644,8,4,4,8
113,2,moe,662,35,3834,1682,1682,1986,132,0,34,0,621,8,6,2,8
113,3,moe,608,32,4015,1882,1882,1976,127,0,30,0,617,8,6,2,8
113,4,moe,643,32,2206,1144,1145,928,58,0,75,0,551,8,7,1,8
113,5,moe,676,33,4155,2311,2311,1698,112,0,34,0,554,8,6,2,8
113,6,moe,648,31,9645,5193,5193,4059,258,0,135,0,790,8,4,4,8
113,7,moe,616,35,2172,1099,1099,900,65,0,108,0,652,8,7,1,8
113,8,moe,648,33,2044,1110,1110,851,59,0,24,0,552,8,7,1,8
113,9,moe,700,39,6918,3560,3561,3056,185,0,116,0,630,8,5,3,8
113,10,moe,647,36,4844,1965,1966,2605,163,0,110,0,553,8,5,3,8
113,11,moe,585,33,2711,868,868,1699,114,0,30,0,555,8,6,2,8
113,12,moe,659,34,2489,1261,1261,1099,66,0,63,0,620,8,7,1,8
113,13,moe,682,33,2533,1438,1441,923,56,0,113,0,563,8,7,1,8
113,14,moe,654,35,5292,2527,2527,2545,167,0,53,0,559,8,5,3,8
113,15,moe,600,33,4754,2424,2424,2102,126,0,102,0,624,8,6,2,8
113,16,moe,654,31,5501,2619,2619,2611,162,0,109,0,551,8,5,3,8
113,17,moe,675,33,7477,3811,3811,3395,215,0,56,0,551,8,4,4,8
113,18,moe,646,32,9415,4962,4962,4087,248,0,118,0,628,8,4,4,8
113,19,moe,579,30,7432,3644,3645,3460,217,0,110,0,550,8,4,4,8
113,20,moe,720,35,11430,7760,7761,3400,215,0,54,0,558,8,4,4,8
113,21,moe,689,36,3928,1622,1622,2084,127,0,95,0,620,8,6,2,8
113,22,moe,679,36,4207,2208,2208,1782,109,0,108,0,561,8,6,2,8
113,23,moe,593,37,6323,2961,2962,3074,186,0,101,0,628,8,5,3,8
113,24,moe,683,36,6628,2353,2353,3967,248,0,60,0,632,8,4,4,8
113,25,moe,679,36,9432,5154,5154,3969,258,0,51,0,622,8,4,4,8
113,26,moe,585,35,5818,2701,2702,2891,183,0,42,0,640,8,5,3,8
113,-1,epi,0,0,0,0,0,0,0,0,4339,0,0,0,0,0,0
114,-2,pre,210,0,0,0,0,0,0,0,0,0,0,0,0,0,0
114,0,dense,1237,39,0,0,0,0,0,0,0,0,0,0,0,0,0
114,1,moe,716,41,8989,4712,4712,3969,257,0,51,0,626,8,4,4,8
114,2,moe,650,35,4756,2589,2589,1999,134,0,34,0,618,8,6,2,8
114,3,moe,628,34,2396,1321,1321,989,65,0,21,0,615,8,7,1,8
114,4,moe,644,37,4395,2388,2388,1771,114,0,122,0,546,8,6,2,8
114,5,moe,685,40,4282,2436,2436,1699,113,0,34,0,556,8,6,2,8
114,6,moe,648,35,2538,1282,1282,1105,64,0,87,0,634,8,7,1,8
114,7,moe,594,38,2336,1257,1257,939,58,0,82,0,547,8,7,1,8
114,8,moe,643,36,3265,1426,1426,1700,108,0,31,0,554,8,6,2,8
114,9,moe,681,37,6131,2730,2730,3109,186,0,106,0,616,8,5,3,8
114,10,moe,640,37,1403,323,323,947,54,0,79,0,552,8,7,1,8
114,11,moe,578,36,7200,3508,3508,3420,211,0,61,0,557,8,4,4,8
114,12,moe,645,36,8616,4184,4184,4088,250,1,93,0,623,8,4,4,8
114,13,moe,675,36,2224,1149,1149,934,56,0,85,0,554,8,7,1,8
114,14,moe,649,36,6953,3282,3282,3404,216,0,51,0,556,8,4,4,8
114,15,moe,592,35,14137,6526,6526,7028,433,0,150,0,635,8,1,7,8
114,16,moe,651,36,10869,5233,5233,5166,328,0,142,0,551,8,2,6,8
114,17,moe,676,39,7766,4220,4220,3272,219,0,55,0,563,8,4,4,8
114,18,moe,659,37,11593,5282,5284,5817,356,0,136,0,643,8,2,6,8
114,19,moe,593,37,2813,892,892,1723,108,0,90,0,566,8,6,2,8
114,20,moe,668,37,6648,3096,3096,3283,217,0,52,0,554,8,4,4,8
114,21,moe,707,37,5556,1277,1277,3919,248,0,112,0,640,8,4,4,8
114,22,moe,699,35,4196,2277,2277,1718,109,0,92,0,560,8,6,2,8
114,23,moe,593,33,1540,324,324,1086,64,0,66,0,647,8,7,1,8
114,24,moe,736,35,7319,3070,3070,3947,249,0,53,0,623,8,4,4,8
114,25,moe,676,34,7693,3449,3449,3938,252,0,54,0,643,8,4,4,8
114,26,moe,591,36,6840,3759,3759,2854,179,0,48,0,651,8,5,3,8
114,-1,epi,0,0,0,0,0,0,0,0,4244,0,0,0,0,0,0
115,-2,pre,205,0,0,0,0,0,0,0,0,0,0,0,0,0,0
115,0,dense,1163,42,0,0,0,0,0,0,0,0,0,0,0,0,0
115,1,moe,684,39,8448,4090,4090,4050,256,0,52,0,631,8,4,4,8
115,2,moe,654,38,8561,4060,4060,4180,267,0,54,0,650,8,4,4,8
115,3,moe,612,44,14508,6889,6890,7089,451,0,78,0,636,8,1,7,8
115,4,moe,661,39,5021,2907,2907,1882,109,0,123,0,558,8,6,2,8
115,5,moe,705,40,6648,2971,2971,3410,216,0,51,0,554,8,4,4,8
115,6,moe,650,37,6316,2891,2891,3109,206,0,110,0,640,8,5,3,8
115,7,moe,600,37,4366,2330,2330,1817,115,0,104,0,567,8,6,2,8
115,8,moe,665,37,2177,1275,1275,824,55,0,23,0,571,8,7,1,8
115,9,moe,716,39,6048,2757,2757,2993,188,0,110,0,658,8,5,3,8
115,10,moe,681,41,6933,2925,2925,3679,211,0,118,0,567,8,4,4,8
115,11,moe,610,35,7016,3319,3320,3423,225,0,48,0,563,8,4,4,8
115,12,moe,650,41,9746,4407,4407,4904,313,0,122,0,656,8,3,5,8
115,13,moe,711,37,3552,1557,1557,1765,118,0,112,0,551,8,6,2,8
115,14,moe,668,37,7027,3488,3488,3277,211,0,51,0,561,8,4,4,8
115,15,moe,589,34,15460,7083,7083,7738,484,0,155,0,644,8,0,8,8
115,16,moe,661,37,11628,6152,6152,5007,326,0,143,0,564,8,2,6,8
115,17,moe,697,40,11135,4942,4942,5752,360,0,81,0,557,8,1,7,8
115,18,moe,657,37,13174,6882,6882,5798,357,0,137,0,644,8,2,6,8
115,19,moe,627,39,9574,4935,4935,4184,278,0,177,0,652,8,3,5,8
115,20,moe,661,41,7952,4389,4389,3285,219,3,56,0,568,8,4,4,8
115,21,moe,719,41,10393,5029,5029,4909,304,0,151,0,648,8,3,5,8
115,22,moe,701,39,5790,2112,2112,3338,208,0,132,0,561,8,4,4,8
115,23,moe,598,36,10318,5025,5025,4869,296,0,128,0,660,8,3,5,8
115,24,moe,705,37,12033,5899,5899,5710,354,0,70,0,643,8,2,6,8
115,25,moe,702,35,10415,4282,4282,5707,357,0,69,0,652,8,2,6,8
115,26,moe,615,36,12841,5690,5690,6654,419,0,78,0,647,8,1,7,8
115,-1,epi,0,0,0,0,0,0,0,0,4330,0,0,0,0,0,0
116,-2,pre,227,0,0,0,0,0,0,0,0,0,0,0,0,0,0
116,0,dense,1220,43,0,0,0,0,0,0,0,0,0,0,0,0,0
116,1,moe,710,38,9714,5434,5435,3961,259,0,59,0,624,8,4,4,8
116,2,moe,649,39,3802,1676,1676,1966,128,0,32,0,654,8,6,2,8
116,3,moe,593,38,5844,2753,2753,2861,189,0,41,0,641,8,5,3,8
116,4,moe,656,35,5538,2712,2712,2534,158,0,134,0,577,8,5,3,8
116,5,moe,709,36,4476,1823,1823,2456,157,0,40,0,553,8,5,3,8
116,6,moe,653,35,4658,2420,2420,2018,122,0,98,0,704,8,6,2,8
116,7,moe,614,35,6428,2742,2742,3360,206,0,120,0,565,8,4,4,8
116,8,moe,670,34,4014,2242,2242,1637,103,0,32,0,569,8,6,2,8
116,9,moe,696,35,6060,2806,2806,2962,179,0,113,0,643,8,5,3,8
116,10,moe,663,34,7276,3588,3588,3348,210,0,130,0,557,8,4,4,8
116,11,moe,586,35,3923,2155,2155,1636,104,0,28,0,564,8,6,2,8
116,12,moe,665,37,1520,322,323,1077,65,0,55,0,662,8,7,1,8
116,13,moe,705,35,4344,2365,2365,1777,107,0,95,0,546,8,6,2,8
116,14,moe,646,36,7350,3686,3686,3398,216,0,50,0,552,8,4,4,8
116,15,moe,595,39,6136,2768,2768,3093,197,0,78,0,627,8,5,3,8
116,16,moe,649,42,2525,576,576,1763,113,0,73,0,549,8,6,2,8
116,17,moe,757,38,11032,7490,7490,3285,208,0,49,0,563,8,4,4,8
116,18,moe,664,35,8515,4231,4231,3933,239,0,112,0,647,8,4,4,8
116,19,moe,588,33,6520,2841,2841,3347,208,0,124,0,555,8,4,4,8
116,20,moe,671,37,4379,1716,1716,2465,158,0,40,0,562,8,5,3,8
116,21,moe,705,36,8261,3989,3989,3917,237,0,118,0,645,8,4,4,8
116,22,moe,697,35,6564,2890,2890,3352,208,0,114,0,560,8,4,4,8
116,23,moe,596,34,6267,3030,3030,2959,182,0,96,0,637,8,5,3,8
116,24,moe,697,34,7756,2623,2623,4762,316,0,55,0,642,8,3,5,8
116,25,moe,699,36,8671,3528,3528,4769,313,0,61,0,651,8,3,5,8
116,26,moe,594,35,10946,4770,4770,5730,372,0,74,0,645,8,2,6,8
116,-1,epi,0,0,0,0,0,0,0,0,4345,0,0,0,0,0,0
117,-2,pre,79,0,0,0,0,0,0,0,0,0,0,0,0,0,0
117,0,dense,1242,43,0,0,0,0,0,0,0,0,0,0,0,0,0
117,1,moe,708,36,10710,5350,5350,4970,328,0,62,0,629,8,3,5,8
117,2,moe,652,36,8209,3932,3933,3963,263,0,50,0,618,8,4,4,8
117,3,moe,589,36,11331,6185,6185,4772,314,0,60,0,643,8,3,5,8
117,4,moe,664,34,8559,3983,3983,4174,258,0,144,0,560,8,3,5,8
117,5,moe,699,35,4114,2316,2316,1656,108,0,34,0,563,8,6,2,8
117,6,moe,656,35,4690,2434,2434,2030,126,0,100,0,644,8,6,2,8
117,7,moe,610,43,4144,2214,2214,1724,109,0,97,0,554,8,6,2,8
117,8,moe,659,45,4027,2242,2242,1643,107,0,35,0,559,8,6,2,8
117,9,moe,725,37,9802,4301,4301,5065,309,0,127,0,623,8,3,5,8
117,10,moe,649,36,6123,3288,3288,2571,160,0,104,0,560,8,5,3,8
117,11,moe,591,34,9107,4703,4703,4091,257,0,56,0,564,8,3,5,8
117,12,moe,668,49,6990,3740,3740,2966,177,0,107,0,642,8,5,3,8
117,13,moe,694,31,8132,4445,4445,3364,209,0,114,0,560,8,4,4,8
117,14,moe,671,30,6204,3522,3522,2486,154,0,42,0,556,8,5,3,8
117,15,moe,583,30,7442,3189,3189,3904,239,0,110,0,645,8,4,4,8
117,16,moe,661,30,9502,4949,4949,4164,257,0,132,0,553,8,3,5,8
117,17,moe,697,32,4053,2284,2284,1634,106,1,28,0,558,8,6,2,8
117,18,moe,657,30,11818,5458,5459,5842,372,0,145,0,644,8,2,6,8
117,19,moe,587,29,5301,2505,2505,2522,162,0,112,0,562,8,5,3,8
117,20,moe,671,30,3973,2194,2195,1637,109,0,32,0,562,8,6,2,8
117,21,moe,695,47,4683,2420,2420,2045,122,0,96,0,637,8,6,2,8
117,22,moe,696,30,5831,3028,3029,2537,155,0,110,0,557,8,5,3,8
117,23,moe,582,29,6960,3744,3744,2940,178,0,98,0,641,8,5,3,8
117,24,moe,701,34,10432,5306,5307,4766,299,0,60,0,646,8,3,5,8
117,25,moe,696,32,6771,3659,3659,2865,179,0,68,0,645,8,5,3,8
117,26,moe,600,35,11286,6098,6099,4793,327,0,67,0,799,8,3,5,8
117,-1,epi,0,0,0,0,0,0,0,0,4349,0,0,0,0,0,0
118,-2,pre,50,0,0,0,0,0,0,0,0,0,0,0,0,0,0
118,0,dense,1216,37,0,0,0,0,0,0,0,0,0,0,0,0,0
118,1,moe,714,37,12245,5858,5859,5943,370,0,73,0,652,8,2,6,8
118,2,moe,670,36,8401,4145,4146,3948,248,0,59,0,627,8,4,4,8
118,3,moe,577,34,9743,4429,4429,4940,308,0,66,0,627,8,3,5,8
118,4,moe,642,34,5743,2824,2824,2628,162,0,129,0,549,8,5,3,8
118,5,moe,691,39,10121,5547,5547,4243,268,0,63,0,566,8,3,5,8
118,6,moe,647,33,8438,4098,4098,3980,238,0,122,0,647,8,4,4,8
118,7,moe,612,30,11717,6246,6246,5013,311,0,147,0,559,8,2,6,8
118,8,moe,674,31,6652,3992,3992,2461,158,0,41,0,564,8,5,3,8
118,9,moe,701,32,6706,2430,2431,3909,239,0,127,0,643,8,4,4,8
118,10,moe,658,30,5774,2970,2970,2532,159,0,113,0,567,8,5,3,8
118,11,moe,594,30,5158,2500,2500,2455,156,0,47,0,556,8,5,3,8
118,12,moe,687,35,3813,1562,1562,2035,122,0,94,0,645,8,6,2,8
118,13,moe,702,31,2158,1119,1119,906,52,0,81,0,558,8,7,1,8
118,14,moe,661,31,5647,2106,2106,3280,207,0,54,0,564,8,4,4,8
118,15,moe,593,30,9714,4415,4415,4881,297,0,121,0,645,8,3,5,8
118,16,moe,658,30,13507,7179,7179,5820,363,0,145,0,558,8,1,7,8
118,17,moe,699,33,10950,5642,5642,4919,315,0,74,0,559,8,2,6,8
118,18,moe,659,32,7598,3336,3337,3905,237,0,119,0,643,8,4,4,8
118,19,moe,593,30,8067,4394,4394,3339,209,0,125,0,560,8,4,4,8
118,20,moe,662,31,5539,2884,2884,2452,158,0,45,0,560,8,5,3,8
118,21,moe,704,30,4807,2584,2584,2007,119,0,97,0,640,8,6,2,8
118,22,moe,697,32,5321,2519,2519,2531,157,0,114,0,556,8,5,3,8
118,23,moe,594,30,9521,4239,4239,4869,298,0,115,0,644,8,3,5,8
118,24,moe,698,31,6751,3677,3677,2854,180,0,40,0,640,8,5,3,8
118,25,moe,701,30,5868,2794,2794,2853,179,0,42,0,645,8,5,3,8
118,26,moe,595,29,5219,2154,2154,2848,180,0,37,0,644,8,5,3,8
118,-1,epi,0,0,0,0,0,0,0,0,4349,0,0,0,0,0,0
119,-2,pre,206,0,0,0,0,0,0,0,0,0,0,0,0,0,0
119,0,dense,1220,34,0,0,0,0,0,0,0,0,0,0,0,0,0
119,1,moe,704,32,7263,3011,3011,3950,247,1,54,0,636,8,4,4,8
119,2,moe,650,34,10407,5195,5195,4844,301,0,67,0,650,8,3,5,8
119,3,moe,605,33,7256,3140,3140,3821,240,0,55,0,645,8,4,4,8
119,4,moe,663,30,4314,2389,2389,1709,106,0,110,0,551,8,6,2,8
119,5,moe,710,35,4501,1848,1849,2455,156,0,41,0,559,8,5,3,8
119,6,moe,672,30,2459,1251,1251,1058,62,0,88,0,638,8,7,1,8
119,7,moe,596,30,3863,969,969,2624,162,0,108,0,565,8,5,3,8
119,8,moe,653,33,4139,2287,2287,1704,113,0,35,0,551,8,6,2,8
119,9,moe,682,42,6245,2884,2884,3090,192,0,79,0,624,8,5,3,8
119,10,moe,645,32,13311,6951,6951,5849,362,0,149,0,563,8,1,7,8
119,11,moe,594,31,11250,5962,5962,4902,311,0,75,0,568,8,2,6,8
119,12,moe,663,34,5948,2684,2684,2972,181,0,111,0,644,8,5,3,8
119,13,moe,701,30,4593,1804,1804,2524,157,0,108,0,553,8,5,3,8
119,14,moe,709,35,9564,6033,6034,3278,206,0,46,0,569,8,4,4,8
119,15,moe,592,33,8334,4034,4034,3938,239,0,123,0,648,8,4,4,8
119,16,moe,657,34,1346,282,282,926,53,0,85,0,559,8,7,1,8
119,17,moe,706,35,4015,2244,2244,1638,104,0,29,0,571,8,6,2,8
119,18,moe,662,40,5992,2722,2722,2989,179,0,102,0,644,8,5,3,8
119,19,moe,584,35,6102,3306,3307,2536,156,0,103,0,567,8,5,3,8
119,20,moe,659,35,6965,2518,2518,4129,258,0,60,0,571,8,3,5,8
119,21,moe,700,37,2842,617,617,2011,120,0,94,0,641,8,6,2,8
119,22,moe,705,37,3812,1881,1881,1731,105,0,95,0,554,8,6,2,8
119,23,moe,583,33,2652,1457,1458,1035,65,1,93,0,639,8,7,1,8
119,24,moe,695,52,4584,1479,1479,2856,193,0,56,0,647,8,5,3,8
119,25,moe,707,50,6485,2334,2334,3825,264,0,62,0,645,8,4,4,8
119,26,moe,625,48,5932,2818,2819,2865,197,0,51,0,646,8,5,3,8
119,-1,epi,0,0,0,0,0,0,0,0,4358,0,0,0,0,0,0
120,-2,pre,71,0,0,0,0,0,0,0,0,0,0,0,0,0,0
120,0,dense,1178,51,0,0,0,0,0,0,0,0,0,0,0,0,0
120,1,moe,686,45,3803,1641,1641,1983,139,0,40,0,625,8,6,2,8
120,2,moe,654,53,8479,4188,4188,3962,270,0,59,0,630,8,4,4,8
120,3,moe,593,50,11082,5725,5725,4954,323,0,80,0,633,8,3,5,8
120,4,moe,646,46,3719,1702,1702,1776,108,0,133,0,552,8,6,2,8
120,5,moe,680,50,7486,3804,3804,3402,217,0,63,0,560,8,4,4,8
120,6,moe,653,54,8550,4122,4122,4041,246,0,141,0,624,8,4,4,8
120,7,moe,588,46,4211,2227,2227,1768,109,0,107,0,546,8,6,2,8
120,8,moe,647,42,7991,4328,4328,3389,214,0,60,0,561,8,4,4,8
120,9,moe,678,52,12,0,0,0,0,0,12,0,614,8,8,0,8
120,10,moe,646,47,3358,1493,1493,1701,125,0,39,0,557,8,6,2,8
120,11,moe,590,43,5404,2623,2623,2553,170,0,58,0,1048,8,5,3,8
120,12,moe,660,3680,4344,3095,3095,1076,68,0,105,0,630,8,7,1,8
120,13,moe,696,42,6280,2448,2448,3469,224,0,139,0,560,8,4,4,8
120,14,moe,656,40,1242,304,304,857,57,0,24,0,548,8,7,1,8
120,15,moe,599,39,7672,3220,3220,4057,255,0,140,0,628,8,4,4,8
120,16,moe,652,41,7597,2882,2882,4311,267,0,137,0,549,8,3,5,8
120,17,moe,681,38,4527,1775,1775,2549,163,0,40,0,566,8,5,3,8
120,18,moe,659,39,13881,6232,6234,7039,445,1,162,0,624,8,1,7,8
120,19,moe,588,36,6854,3061,3061,3461,213,0,119,0,562,8,4,4,8
120,20,moe,660,36,4488,1829,1829,2461,158,0,40,0,559,8,5,3,8
120,21,moe,702,51,2865,644,644,2010,120,0,91,0,637,8,6,2,8
120,22,moe,702,35,9913,4266,4266,5182,320,0,145,0,557,8,2,6,8
120,23,moe,588,35,8310,4025,4025,3937,237,0,111,0,638,8,4,4,8
120,24,moe,698,36,6722,2606,2606,3824,234,0,58,0,645,8,4,4,8
120,25,moe,707,35,7214,3094,3094,3822,248,0,50,0,643,8,4,4,8
120,26,moe,598,37,4066,978,979,2861,185,0,41,0,643,8,5,3,8
120,-1,epi,0,0,0,0,0,0,0,0,3894,0,0,0,0,0,0
121,-2,pre,219,0,0,0,0,0,0,0,0,0,0,0,0,0,0
121,0,dense,1160,40,0,0,0,0,0,0,0,0,0,0,0,0,0
121,1,moe,683,39,11234,4838,4838,5942,383,0,71,0,624,8,2,6,8
121,2,moe,652,38,8972,3655,3656,4949,311,0,56,0,625,8,3,5,8
121,3,moe,604,39,15238,6973,6974,7680,491,0,93,0,645,8,0,8,8
121,4,moe,661,34,5813,2105,2105,3357,217,0,134,0,552,8,4,4,8
121,5,moe,703,36,3154,1377,1377,1640,105,0,32,0,550,8,6,2,8
121,6,moe,657,37,6839,3573,3573,2967,179,0,120,0,647,8,5,3,8
121,7,moe,585,39,6576,2768,2768,3472,215,0,121,0,553,8,4,4,8
121,8,moe,643,34,7184,3586,3586,3331,212,0,55,0,554,8,4,4,8
121,9,moe,698,37,5883,2651,2651,2947,180,0,105,0,654,8,5,3,8
121,10,moe,657,37,7652,3085,3086,4173,264,0,129,0,561,8,3,5,8
121,11,moe,581,35,9847,3679,3681,5727,362,0,77,0,570,8,1,7,8
121,12,moe,668,36,9839,4535,4535,4878,296,0,130,0,655,8,3,5,8
121,13,moe,698,36,5270,2481,2481,2525,159,0,105,0,566,8,5,3,8
121,14,moe,663,36,8718,4291,4291,4099,269,0,59,0,560,8,3,5,8
121,15,moe,579,37,9493,3154,3155,5836,369,0,133,0,649,8,2,6,8
121,16,moe,667,34,8311,1989,1989,5809,360,0,153,0,562,8,1,7,8
121,17,moe,707,37,5665,2120,2120,3279,216,0,50,0,558,8,4,4,8
121,18,moe,658,38,8810,3515,3515,4873,296,0,126,0,638,8,3,5,8
121,19,moe,607,36,9795,4351,4353,4990,323,0,129,0,563,8,2,6,8
121,20,moe,7008,35,8232,2928,2928,4916,318,0,70,0,560,8,2,6,8
121,21,moe,698,36,8934,3617,3617,4890,301,0,126,0,648,8,3,5,8
121,22,moe,702,38,10158,3833,3833,5805,375,0,145,0,556,8,1,7,8
121,23,moe,588,34,9919,3596,3597,5824,374,0,124,0,647,8,2,6,8
121,24,moe,698,36,11643,4452,4452,6701,414,0,76,0,642,8,1,7,8
121,25,moe,706,38,11697,4506,4506,6677,431,0,83,0,639,8,1,7,8
121,26,moe,606,35,5371,1252,1253,3821,249,0,48,0,645,8,4,4,8
121,-1,epi,0,0,0,0,0,0,0,0,4352,0,0,0,0,0,0
122,-2,pre,67,0,0,0,0,0,0,0,0,0,0,0,0,0,0
122,0,dense,1225,40,0,0,0,0,0,0,0,0,0,0,0,0,0
122,1,moe,711,37,7886,2755,2755,4775,298,0,58,0,649,8,3,5,8
122,2,moe,667,41,3679,1613,1613,1913,122,0,31,0,639,8,6,2,8
122,3,moe,596,34,9656,4540,4540,4761,297,0,58,0,642,8,3,5,8
122,4,moe,661,33,9480,4927,4927,4181,261,0,111,0,563,8,3,5,8
122,5,moe,700,36,3179,1408,1408,1637,104,0,30,0,556,8,6,2,8
122,6,moe,657,41,1555,322,322,1074,64,0,95,0,647,8,7,1,8
122,7,moe,609,33,6098,3312,3312,2522,155,0,109,0,559,8,5,3,8
122,8,moe,678,34,1185,291,291,825,52,0,17,0,557,8,7,1,8
122,9,moe,708,35,3815,1558,1558,2032,121,1,103,0,641,8,6,2,8
122,10,moe,666,34,5432,2620,2622,2540,160,0,110,0,559,8,5,3,8
122,11,moe,598,36,6278,2729,2729,3285,215,0,49,0,557,8,4,4,8
122,12,moe,681,37,9,0,1,0,0,0,8,0,648,8,8,0,8
122,13,moe,703,33,2123,1226,1227,820,52,0,24,0,558,8,7,1,8
122,14,moe,670,37,3899,1245,1245,2455,156,0,43,0,557,8,5,3,8
122,15,moe,584,34,2886,611,612,2048,120,0,106,0,643,8,6,2,8
122,16,moe,672,36,1502,450,450,907,55,0,90,0,546,8,7,1,8
122,17,moe,686,37,6533,2853,2853,3404,225,0,51,0,556,8,4,4,8
122,18,moe,657,38,2968,637,637,2102,129,0,100,0,620,8,6,2,8
122,19,moe,645,39,4798,1898,1899,2617,168,0,114,0,552,8,5,3,8
122,20,moe,653,37,7566,3889,3889,3399,222,0,56,0,550,8,4,4,8
122,21,moe,752,36,8962,4587,4587,3962,262,0,151,0,794,8,4,4,8
122,22,moe,697,41,10184,4514,4517,5164,329,0,174,0,560,8,2,6,8
122,23,moe,600,41,3922,1614,1614,2084,125,0,99,0,622,8,6,2,8
122,24,moe,687,39,10376,3963,3964,5964,371,0,77,0,631,8,2,6,8
122,25,moe,679,39,10845,5512,5514,4954,314,0,63,0,631,8,3,5,8
122,26,moe,581,36,7303,3200,3200,3811,237,0,55,0,645,8,4,4,8
122,-1,epi,0,0,0,0,0,0,0,0,4352,0,0,0,0,0,0
123,-2,pre,208,0,0,0,0,0,0,0,0,0,0,0,0,0,0
123,0,dense,1219,43,0,0,0,0,0,0,0,0,0,0,0,0,0
123,1,moe,707,39,4642,2485,2485,1981,129,0,47,0,625,8,6,2,8
123,2,moe,654,35,9934,4591,4591,4960,319,0,64,0,630,8,3,5,8
123,3,moe,593,37,7396,3145,3145,3951,249,0,51,0,627,8,4,4,8
123,4,moe,647,35,5420,2483,2484,2644,161,0,131,0,551,8,5,3,8
123,5,moe,683,36,5371,2619,2619,2549,164,0,39,0,552,8,5,3,8
123,6,moe,648,35,3882,1572,1572,2084,125,0,101,0,621,8,6,2,8
123,7,moe,588,36,8303,4499,4499,3462,214,0,128,0,557,8,4,4,8
123,8,moe,647,30,2056,1131,1131,851,55,0,19,0,555,8,7,1,8
123,9,moe,676,31,9,0,0,0,0,0,9,0,618,8,8,0,8
123,10,moe,649,31,2398,563,563,1698,108,0,29,0,555,8,6,2,8
123,11,moe,592,30,10309,5725,5726,4249,268,0,66,0,554,8,3,5,8
123,12,moe,643,31,6127,2743,2744,3071,186,0,126,0,624,8,5,3,8
123,13,moe,682,38,6328,3431,3431,2616,162,0,119,0,550,8,5,3,8
123,14,moe,647,31,2046,1121,1121,851,55,0,19,0,546,8,7,1,8
123,15,moe,590,31,4706,2392,2392,2090,130,0,94,0,622,8,6,2,8
123,16,moe,651,30,3450,1461,1461,1782,110,0,97,0,549,8,6,2,8
123,17,moe,686,35,6521,2861,2861,3396,212,0,52,0,564,8,4,4,8
123,18,moe,657,30,4679,2378,2378,2081,125,0,95,0,619,8,6,2,8
123,19,moe,583,30,3380,1418,1418,1761,109,0,92,0,549,8,6,2,8
123,20,moe,654,31,4468,1711,1712,2553,162,0,41,0,546,8,5,3,8
123,21,moe,681,32,1565,311,311,1109,63,0,82,0,618,8,7,1,8
123,22,moe,686,31,4326,2355,2356,1772,109,0,89,0,558,8,6,2,8
123,23,moe,567,31,6148,2781,2781,3079,187,0,101,0,622,8,5,3,8
123,24,moe,670,32,5640,2421,2421,2975,193,0,51,0,626,8,5,3,8
123,25,moe,679,33,8172,3899,3899,3964,254,0,55,0,629,8,4,4,8
123,26,moe,578,32,8005,2854,2854,4776,309,0,66,0,648,8,3,5,8
123,-1,epi,0,0,0,0,0,0,0,0,4349,0,0,0,0,0,0
124,-2,pre,43,0,0,0,0,0,0,0,0,0,0,0,0,0,0
124,0,dense,1215,36,0,0,0,0,0,0,0,0,0,0,0,0,0
124,1,moe,693,33,5239,2045,2045,2965,184,0,45,0,622,8,5,3,8
124,2,moe,657,37,9156,3816,3816,4956,322,1,61,0,632,8,3,5,8
124,3,moe,583,31,10484,5167,5169,4944,309,0,62,0,625,8,3,5,8
124,4,moe,645,36,3538,1564,1565,1778,112,0,83,0,547,8,6,2,8
124,5,moe,677,31,4474,1714,1714,2548,168,0,44,0,559,8,5,3,8
124,6,moe,653,32,4759,2415,2415,2137,130,0,77,0,629,8,6,2,8
124,7,moe,594,30,3491,1494,1494,1773,112,0,112,0,550,8,6,2,8
124,8,moe,650,35,5324,2567,2567,2552,161,0,44,0,555,8,5,3,8
124,9,moe,674,32,6139,2789,2789,3051,187,0,112,0,623,8,5,3,8
124,10,moe,650,31,4611,1719,1719,2615,163,0,114,0,550,8,5,3,8
124,11,moe,583,29,5763,2099,2099,3395,216,0,53,0,552,8,4,4,8
124,12,moe,648,31,5577,2155,2155,3126,185,0,111,0,637,8,5,3,8
124,13,moe,683,32,6277,3391,3391,2612,163,0,111,0,547,8,5,3,8
124,14,moe,649,32,5178,2418,2418,2554,167,0,39,0,553,8,5,3,8
124,15,moe,593,33,6994,3608,3608,3081,194,0,111,0,625,8,5,3,8
124,16,moe,646,31,6752,2912,2913,3513,214,0,112,0,552,8,4,4,8
124,17,moe,675,31,7295,3644,3645,3388,215,0,47,0,551,8,4,4,8
124,18,moe,647,31,9847,4542,4542,4884,302,0,119,0,645,8,3,5,8
124,19,moe,591,30,7450,3773,3774,3345,215,0,116,0,572,8,4,4,8
124,20,moe,664,32,6308,2759,2760,3283,216,0,49,0,555,8,4,4,8
124,21,moe,702,33,3815,1570,1570,2014,127,0,104,0,643,8,6,2,8
124,22,moe,707,30,4193,2260,2260,1728,104,0,101,0,557,8,6,2,8
124,23,moe,583,31,10597,5298,5298,4871,308,0,120,0,644,8,3,5,8
124,24,moe,699,30,7786,3675,3675,3816,246,0,49,0,645,8,4,4,8
124,25,moe,697,31,6706,3613,3613,2869,183,0,41,0,645,8,5,3,8
124,26,moe,595,31,9817,4683,4685,4769,297,0,66,0,645,8,3,5,8
124,-1,epi,0,0,0,0,0,0,0,0,4341,0,0,0,0,0,0
125,-2,pre,203,0,0,0,0,0,0,0,0,0,0,0,0,0,0
125,0,dense,1170,35,0,0,0,0,0,0,0,0,0,0,0,0,0
125,1,moe,679,34,7811,3541,3541,3966,249,0,55,0,622,8,4,4,8
125,2,moe,645,31,9620,4312,4312,4937,305,1,65,0,618,8,3,5,8
125,3,moe,599,35,3973,1835,1835,1977,131,0,30,0,616,8,6,2,8
125,4,moe,647,32,7560,3721,3721,3481,217,0,141,0,548,8,4,4,8
125,5,moe,683,32,4611,1865,1865,2539,163,0,44,0,555,8,5,3,8
125,6,moe,650,32,1573,326,326,1100,62,1,84,0,619,8,7,1,8
125,7,moe,583,30,4843,1949,1949,2624,163,3,104,0,548,8,5,3,8
125,8,moe,650,31,6663,3006,3006,3390,215,0,52,0,553,8,4,4,8
125,9,moe,680,31,3948,1617,1617,2102,126,0,103,0,633,8,6,2,8
125,10,moe,654,31,5640,2756,2756,2621,168,0,95,0,553,8,5,3,8
125,11,moe,583,32,5318,2541,2541,2557,176,0,44,0,658,8,5,3,8
125,12,moe,661,37,3918,1578,1578,2076,136,0,128,0,800,8,6,2,8
125,13,moe,711,36,5396,2445,2445,2636,179,0,136,0,594,8,5,3,8
125,14,moe,660,36,6473,2799,2799,3399,220,0,55,0,565,8,4,4,8
125,15,moe,592,34,3973,1630,1630,2104,131,0,108,0,626,8,6,2,8
125,16,moe,648,34,4749,1833,1833,2632,166,0,118,0,550,8,5,3,8
125,17,moe,681,36,5840,2154,2154,3407,222,0,57,0,581,8,4,4,8
125,18,moe,692,42,10078,4581,4581,5048,308,0,141,0,632,8,3,5,8
125,19,moe,577,36,3499,1493,1493,1803,109,0,94,0,558,8,6,2,8
125,20,moe,653,35,4819,1156,1156,3397,215,0,51,0,551,8,4,4,8
125,21,moe,695,40,5401,2005,2005,3097,187,0,112,0,625,8,5,3,8
125,22,moe,686,37,5830,2919,2920,2630,171,0,109,0,553,8,5,3,8
125,23,moe,600,35,5244,1857,1857,3098,189,0,100,0,623,8,5,3,8
125,24,moe,675,37,7638,3352,3353,3964,264,0,57,0,635,8,4,4,8
125,25,moe,675,37,6648,2368,2368,3962,265,0,53,0,622,8,4,4,8
125,26,moe,603,36,2792,638,638,1988,137,0,29,0,624,8,6,2,8
125,-1,epi,0,0,0,0,0,0,0,0,3815,0,0,0,0,0,0
126,-2,pre,193,0,0,0,0,0,0,0,0,0,0,0,0,0,0
126,0,dense,1173,41,0,0,0,0,0,0,0,0,0,0,0,0,0
126,1,moe,682,60,12231,5815,5815,5947,399,0,70,0,626,8,2,6,8
126,2,moe,646,37,4736,2584,2584,1985,131,0,36,0,618,8,6,2,8
126,3,moe,581,35,9635,4307,4308,4942,324,0,61,0,623,8,3,5,8
126,4,moe,647,35,8169,4360,4360,3463,214,0,132,0,550,8,4,4,8
126,5,moe,679,36,6630,2969,2969,3396,213,0,52,0,554,8,4,4,8
126,6,moe,642,35,2415,1172,1172,1089,64,0,90,0,638,8,7,1,8
126,7,moe,593,32,5879,2066,2066,3477,214,0,122,0,549,8,4,4,8
126,8,moe,648,37,5293,2531,2532,2555,163,0,43,0,558,8,5,3,8
126,9,moe,689,41,10,0,0,0,0,0,10,0,613,8,8,0,8
126,10,moe,653,41,4139,2293,2293,1702,112,0,32,0,557,8,6,2,8
126,11,moe,575,36,7158,3497,3497,3394,215,0,52,0,560,8,4,4,8
126,12,moe,648,36,4025,1690,1690,2100,126,0,109,0,633,8,6,2,8
126,13,moe,677,38,2228,1140,1140,945,55,0,88,0,557,8,7,1,8
126,14,moe,690,38,6102,3350,3350,2547,162,0,43,0,553,8,5,3,8
126,15,moe,600,36,10700,5233,5234,5034,306,0,126,0,630,8,3,5,8
126,16,moe,646,38,6734,2936,2936,3458,217,0,123,0,558,8,4,4,8
126,17,moe,697,35,7940,4387,4389,3285,207,0,59,0,569,8,4,4,8
126,18,moe,660,34,9804,4490,4490,4886,298,0,130,0,639,8,3,5,8
126,19,moe,597,36,7239,3577,3577,3342,206,0,114,0,566,8,4,4,8
126,20,moe,665,38,7301,3767,3767,3275,207,0,52,0,568,8,4,4,8
126,21,moe,7508,37,8129,3855,3855,3919,236,0,119,0,639,8,4,4,8
126,22,moe,704,34,6089,3291,3292,2526,156,0,115,0,558,8,5,3,8
126,23,moe,587,33,8968,4714,4714,3913,238,0,103,0,642,8,4,4,8
126,24,moe,703,33,7808,2689,2689,4752,301,0,66,0,645,8,3,5,8
126,25,moe,700,34,9756,4632,4632,4762,302,0,60,0,644,8,3,5,8
126,26,moe,609,38,12573,6440,6441,5704,357,0,71,0,644,8,2,6,8
126,-1,epi,0,0,0,0,0,0,0,0,4335,0,0,0,0,0,0
127,-2,pre,211,0,0,0,0,0,0,0,0,0,0,0,0,0,0
127,0,dense,1228,42,0,0,0,0,0,0,0,0,0,0,0,0,0
127,1,moe,727,44,13122,6935,6935,5738,378,0,71,0,642,8,2,6,8
127,2,moe,659,34,11772,5593,5593,5730,373,0,76,0,657,8,2,6,8
127,3,moe,597,35,6680,2575,2575,3810,241,0,54,0,646,8,4,4,8
127,4,moe,659,35,10207,5622,5623,4178,258,0,148,0,555,8,3,5,8
127,5,moe,703,34,2331,562,562,1637,104,0,28,0,556,8,6,2,8
127,6,moe,660,34,2458,1247,1247,1060,62,0,89,0,641,8,7,1,8
127,7,moe,594,34,4231,2324,2324,1708,103,0,96,0,557,8,6,2,8
127,8,moe,658,36,7067,3523,3523,3284,211,0,49,0,597,8,4,4,8
127,9,moe,694,36,2483,1255,1255,1072,66,0,90,0,639,8,7,1,8
127,10,moe,664,34,5337,2533,2533,2539,156,1,108,0,555,8,5,3,8
127,11,moe,586,31,2313,541,541,1638,104,0,30,0,560,8,6,2,8
127,12,moe,657,35,3749,1508,1508,2022,120,0,99,0,648,8,6,2,8
127,13,moe,695,35,3359,1450,1450,1708,107,0,94,0,562,8,6,2,8
127,14,moe,663,35,7788,3194,3194,4250,275,0,69,0,561,8,3,5,8
127,15,moe,573,34,5467,2100,2100,3071,186,0,110,0,626,8,5,3,8
127,16,moe,648,35,4503,1615,1615,2618,163,0,107,0,549,8,5,3,8
127,17,moe,673,37,4918,2153,2153,2551,168,0,46,0,554,8,5,3,8
127,18,moe,657,39,8990,3686,3686,4866,312,0,126,0,815,8,3,5,8
127,19,moe,606,35,8291,4601,4601,3354,214,0,122,0,561,8,4,4,8
127,20,moe,661,44,7485,3936,3936,3278,215,0,56,0,559,8,4,4,8
127,21,moe,706,39,8518,3138,3138,4936,310,0,134,0,645,8,3,5,8
127,22,moe,707,37,5315,2504,2504,2540,157,0,114,0,558,8,5,3,8
127,23,moe,592,34,6981,3737,3737,2950,195,0,99,0,674,8,5,3,8
127,24,moe,700,37,11265,5033,5033,5740,401,0,91,0,653,8,2,6,8
127,25,moe,726,46,10470,5124,5124,4956,315,0,75,0,630,8,3,5,8
127,26,moe,596,40,13637,7444,7444,5741,376,0,76,0,648,8,2,6,8
127,-1,epi,0,0,0,0,0,0,0,0,4372,0,0,0,0,0,0
128,-2,pre,211,0,0,0,0,0,0,0,0,0,0,0,0,0,0
128,0,dense,1170,43,0,0,0,0,0,0,0,0,0,0,0,0,0
128,1,moe,679,37,9680,4327,4328,4964,321,0,67,0,662,8,3,5,8
128,2,moe,644,36,6108,2885,2885,2976,197,0,50,0,625,8,5,3,8
128,3,moe,596,37,3961,1812,1812,1981,135,0,33,0,623,8,6,2,8
128,4,moe,653,37,6227,3295,3295,2637,163,0,132,0,552,8,5,3,8
128,5,moe,682,36,2076,1149,1150,848,56,0,22,0,550,8,7,1,8
128,6,moe,649,41,3939,1629,1629,2081,126,0,103,0,620,8,6,2,8
128,7,moe,587,34,3351,1362,1362,1779,108,0,102,0,555,8,6,2,8
128,8,moe,644,38,4090,2253,2253,1699,107,0,31,0,555,8,6,2,8
128,9,moe,674,37,7019,3679,3681,3074,184,0,80,0,618,8,5,3,8
128,10,moe,648,35,2278,1212,1212,921,55,0,90,0,550,8,7,1,8
128,11,moe,581,33,6407,2730,2730,3410,217,0,50,0,551,8,4,4,8
128,12,moe,647,35,3930,1650,1650,2077,128,0,75,0,631,8,6,2,8
128,13,moe,679,42,3384,1410,1410,1765,108,0,101,0,548,8,6,2,8
128,14,moe,648,37,6602,2933,2933,3397,218,0,54,0,556,8,4,4,8
128,15,moe,588,225,12753,8491,8492,3911,237,0,113,0,645,8,4,4,8
128,16,moe,662,34,6602,2924,2924,3347,207,0,124,0,562,8,4,4,8
128,17,moe,702,34,8613,4208,4209,4090,257,0,57,0,564,8,3,5,8
128,18,moe,664,34,3784,1553,1553,2013,120,1,97,0,641,8,6,2,8
128,19,moe,597,33,3597,806,806,2513,155,0,123,0,557,8,5,3,8
128,20,moe,665,33,3136,1371,1371,1635,103,0,27,0,552,8,6,2,8
128,21,moe,701,35,1534,316,316,1078,62,0,78,0,636,8,7,1,8
128,22,moe,706,40,4160,2242,2242,1711,109,0,98,0,554,8,6,2,8
128,23,moe,590,34,5330,1947,1947,3095,190,0,98,0,630,8,5,3,8
128,24,moe,673,36,3649,1504,1504,1976,130,0,39,0,622,8,6,2,8
128,25,moe,675,36,8928,3617,3617,4941,310,0,60,0,625,8,3,5,8
128,26,moe,596,34,4486,2344,2345,1981,126,0,34,0,620,8,6,2,8
128,-1,epi,0,0,0,0,0,0,0,0,3831,0,0,0,0,0,0
129,-2,pre,224,0,0,0,0,0,0,0,0,0,0,0,0,0,0
129,0,dense,1160,41,0,0,0,0,0,0,0,0,0,0,0,0,0
129,1,moe,675,47,4176,966,966,2969,195,0,46,0,640,8,5,3,8
129,2,moe,649,32,9909,3535,3535,5932,370,0,72,0,623,8,2,6,8
129,3,moe,580,31,5975,2785,2785,2962,188,0,40,0,624,8,5,3,8
129,4,moe,648,33,5457,2526,2526,2643,163,0,125,0,545,8,5,3,8
129,5,moe,681,30,3307,1475,1475,1692,107,0,33,0,551,8,6,2,8
129,6,moe,661,33,2457,1201,1201,1104,62,0,90,0,626,8,7,1,8
129,7,moe,607,34,6065,2255,2255,3497,216,0,97,0,559,8,4,4,8
129,8,moe,652,31,4096,2249,2249,1699,109,0,39,0,548,8,6,2,8
129,9,moe,686,33,8299,3877,3877,4050,252,0,120,0,622,8,4,4,8
129,10,moe,645,31,5955,2127,2127,3483,218,0,127,0,551,8,4,4,8
129,11,moe,585,30,5256,2499,2499,2546,168,0,43,0,561,8,5,3,8
129,12,moe,646,31,6271,2869,2870,3083,196,0,122,0,637,8,5,3,8
129,13,moe,669,32,8219,4402,4402,3473,217,0,127,0,563,8,4,4,8
129,14,moe,656,34,3250,1410,1410,1702,108,0,30,0,570,8,6,2,8
129,15,moe,578,32,9896,4408,4409,5048,310,0,129,0,624,8,3,5,8
129,16,moe,643,31,5385,1575,1575,3480,222,0,108,0,560,8,4,4,8
129,17,moe,680,31,3800,1040,1040,2550,169,0,41,0,553,8,5,3,8
129,18,moe,657,35,10044,4531,4531,5067,321,0,125,0,623,8,3,5,8
129,19,moe,600,32,6996,3294,3294,3370,214,0,118,0,551,8,4,4,8
129,20,moe,660,31,8992,3688,3688,4916,326,0,62,0,560,8,2,6,8
129,21,moe,702,36,7368,3051,3051,3940,249,0,128,0,644,8,4,4,8
129,22,moe,704,33,7856,3295,3295,4167,258,0,136,0,575,8,3,5,8
129,23,moe,591,30,5422,2160,2161,2972,188,0,101,0,647,8,5,3,8
129,24,moe,708,34,7436,3335,3335,3816,240,0,45,0,643,8,4,4,8
129,25,moe,703,31,10345,4173,4173,5728,371,0,73,0,644,8,2,6,8
129,26,moe,600,31,9529,4387,4387,4770,310,0,62,0,649,8,3,5,8
129,-1,epi,0,0,0,0,0,0,0,0,4249,0,0,0,0,0,0
130,-2,pre,190,0,0,0,0,0,0,0,0,0,0,0,0,0,0
130,0,dense,1158,33,0,0,0,0,0,0,0,0,0,0,0,0,0
130,1,moe,682,32,5187,1977,1978,2967,192,0,50,0,625,8,5,3,8
130,2,moe,656,31,8217,3941,3941,3974,251,0,51,0,626,8,4,4,8
130,3,moe,598,33,7594,3326,3326,3963,256,0,49,0,629,8,4,4,8
130,4,moe,649,32,7656,2894,2894,4337,267,0,158,0,558,8,3,5,8
130,5,moe,681,34,6208,3538,3538,2471,162,0,37,0,563,8,5,3,8
130,6,moe,661,31,2486,1275,1275,1053,64,0,94,0,644,8,7,1,8
130,7,moe,592,32,2172,1133,1133,901,56,0,82,0,562,8,7,1,8
130,8,moe,664,32,3282,1509,1509,1636,106,0,31,0,554,8,6,2,8
130,9,moe,698,29,6381,3119,3119,2961,186,0,115,0,649,8,5,3,8
130,10,moe,666,30,5448,2571,2571,2583,168,0,126,0,557,8,5,3,8
130,11,moe,581,31,4631,1884,1886,2545,162,0,38,0,559,8,5,3,8
130,12,moe,645,31,6909,3616,3616,2995,182,0,116,0,647,8,5,3,8
130,13,moe,705,30,2245,1195,1195,896,64,0,90,0,612,8,7,1,8
130,14,moe,654,39,5144,2473,2473,2461,166,0,44,0,654,8,5,3,8
130,15,moe,593,33,7796,3328,3328,4089,271,0,108,0,637,8,4,4,8
130,16,moe,643,35,5677,2750,2750,2653,172,0,102,0,556,8,5,3,8
130,17,moe,686,37,3320,1445,1445,1720,115,3,37,0,564,8,6,2,8
130,18,moe,651,34,6227,2823,2823,3083,190,0,131,0,623,8,5,3,8
130,19,moe,600,33,10875,5217,5217,5178,321,0,159,0,556,8,2,6,8
130,20,moe,650,34,9048,4479,4479,4239,270,0,60,0,549,8,3,5,8
130,21,moe,696,36,6242,2820,2820,3112,191,0,119,0,626,8,5,3,8
130,22,moe,675,32,5974,2141,2141,3475,222,0,136,0,559,8,4,4,8
130,23,moe,587,32,4340,956,956,3082,197,0,105,0,625,8,5,3,8
130,24,moe,678,33,8361,4093,4093,3969,247,0,52,0,638,8,4,4,8
130,25,moe,678,32,10136,5005,5007,4769,301,0,59,0,642,8,3,5,8
130,26,moe,604,33,8037,3939,3939,3810,240,0,48,0,642,8,4,4,8
130,-1,epi,0,0,0,0,0,0,0,0,4329,0,0,0,0,0,0
