step,il,kind,route_us,readback_us,load_wall_us,pread_us,pread_wall_us,repack_us,placement_us,sync_us,load_other_us,load_hidden_us,compute_us,lookups,hits,misses,n_slots
0,-2,pre,295,0,0,0,0,0,0,0,0,0,0,0,0,0,0
0,0,dense,6319,134,0,0,0,0,0,0,0,0,0,0,0,0,0
0,1,moe,7675,128,50978,28068,28069,22701,0,0,208,0,1274,0,0,0,16
0,2,moe,4278,55,40764,17921,17924,18288,4367,0,185,0,1318,16,0,16,16
0,3,moe,9114,49,38956,21052,21053,13461,4291,0,151,0,1291,15,0,15,15
0,4,moe,5230,53,36476,20204,20204,12302,3795,1,174,0,1101,16,0,16,16
0,5,moe,8590,59,37195,20779,20780,12272,4002,0,141,0,1083,16,0,16,16
0,6,moe,8955,55,41278,22321,22321,14318,4463,0,176,0,1350,16,0,16,16
0,7,moe,12731,51,34343,18826,18828,11582,3755,0,178,0,1077,15,0,15,15
0,8,moe,7974,52,38336,21953,21954,12232,4011,0,139,0,1090,16,0,16,16
0,9,moe,8148,52,38074,20059,20059,13542,4310,0,163,0,1285,15,0,15,15
0,10,moe,6583,63,42853,22723,22724,16122,3834,0,173,0,1117,16,0,16,16
0,11,moe,13635,51,35540,20192,20192,11496,3722,0,130,0,1138,15,0,15,15
0,12,moe,4365,62,43555,24131,24132,14395,4844,0,184,0,1346,16,0,16,16
0,13,moe,4214,55,35251,19751,19751,11615,3699,0,186,0,1106,15,0,15,15
0,14,moe,6870,60,36187,19762,19762,12198,4097,0,130,0,1136,16,0,16,16
0,15,moe,11950,54,39878,22092,22092,13483,4147,0,156,0,1361,15,0,15,15
0,16,moe,4785,52,37959,21651,21651,12303,3838,1,166,0,1182,16,0,16,16
0,17,moe,5197,55,37064,20613,20613,12274,4041,1,135,0,1182,16,0,16,16
0,18,moe,1879,51,34207,16301,16302,13484,4248,0,173,0,1297,15,0,15,15
0,19,moe,1283,55,22396,5914,5914,12315,4009,0,158,0,1136,16,0,16,16
0,20,moe,1175,59,20320,3927,3928,12262,3991,0,139,0,1149,16,0,16,16
0,21,moe,1302,62,24386,5216,5217,14421,4566,0,182,0,1297,16,0,16,16
0,22,moe,1323,56,20867,4459,4459,12287,3954,0,167,0,1177,16,0,16,16
0,23,moe,821,54,23160,4986,4988,13747,4265,1,159,0,1296,15,0,15,15
0,24,moe,1313,52,24131,5250,5251,14329,4409,0,142,0,1340,16,0,16,16
0,25,moe,1329,40,24112,5290,5292,14242,4441,1,136,0,1376,16,0,16,16
0,26,moe,803,34,12093,2547,2548,7110,2341,0,94,0,718,8,0,8,8
0,-1,epi,0,0,0,0,0,0,0,0,5404,0,0,0,0,0,0
1,-2,pre,51,0,0,0,0,0,0,0,0,0,0,0,0,0,0
1,0,dense,2413,38,0,0,0,0,0,0,0,0,0,0,0,0,0
1,1,moe,1285,40,31000,16888,16889,10690,3316,1,104,0,1273,12,0,12,12
1,2,moe,1132,42,34117,18797,18797,11577,3620,0,123,0,1316,13,0,13,13
1,3,moe,684,38,33935,18511,18512,11600,3705,0,118,0,1332,14,1,13,14
1,4,moe,1116,38,34844,20415,20415,10845,3391,0,193,0,1114,15,1,14,15
1,5,moe,1252,39,28906,16919,16921,9170,2713,0,102,0,1160,14,2,12,14
1,6,moe,1121,40,31744,17531,17532,10818,3256,0,138,0,1336,14,2,12,14
1,7,moe,685,38,37785,21326,21327,12349,3929,0,180,0,1149,16,0,16,16
1,8,moe,1121,39,27942,15637,15637,9160,3038,0,107,0,1147,13,1,12,13
1,9,moe,1243,38,33901,18339,18339,11714,3706,1,141,0,1292,15,2,13,15
1,10,moe,1123,37,28038,15732,15734,9265,2905,0,134,0,1107,15,3,12,15
1,11,moe,677,35,33348,18964,18965,10735,3537,0,111,0,1146,15,1,14,15
1,12,moe,1123,36,37580,20651,20653,12626,4151,0,150,0,1330,16,2,14,16
1,13,moe,1249,40,33589,20386,20388,10066,2950,0,185,0,1116,14,1,13,14
1,14,moe,1109,52,33976,19841,19842,10754,3260,0,120,0,1168,16,2,14,16
1,15,moe,679,39,33124,17987,17987,11698,3298,0,141,0,1303,15,2,13,15
1,16,moe,1121,40,33056,18981,18982,10796,3134,0,144,0,1131,16,2,14,16
1,17,moe,1249,38,31231,18122,18122,9934,3067,0,108,0,1100,14,1,13,14
1,18,moe,9606,38,39585,21176,21178,13500,4731,0,176,0,1306,15,0,15,15
1,19,moe,13862,35,32977,18069,18071,10789,3935,0,182,0,1130,15,1,14,15
1,20,moe,1116,53,33321,18441,18442,10724,4030,0,125,0,1104,15,1,14,15
1,21,moe,1238,38,23475,11075,11075,9025,3225,0,150,0,1298,15,5,10,15
1,22,moe,1242,37,16650,4979,4979,8503,3032,0,136,0,1106,15,4,11,15
1,23,moe,686,39,20269,4207,4207,11674,4252,0,136,0,1328,16,3,13,16
1,24,moe,1248,41,17035,3537,3537,9796,3601,0,101,0,1354,14,3,11,14
1,25,moe,1245,36,21860,4558,4558,12477,4712,0,113,0,1302,16,2,14,16
1,26,moe,667,34,12509,2602,2602,7145,2687,0,75,0,729,8,0,8,8
1,-1,epi,0,0,0,0,0,0,0,0,5395,0,0,0,0,0,0
2,-2,pre,4293,0,0,0,0,0,0,0,0,0,0,0,0,0,0
2,0,dense,117515,48,0,0,0,0,0,0,0,0,0,0,0,0,0
2,1,moe,61983,160,895866,454713,454724,391389,46576,1,3176,0,171081,0,0,0,216
2,2,moe,60532,171,656050,291415,291433,336145,10529,0,17943,0,136309,0,0,0,224
2,3,moe,36557,168,586806,261938,261949,292470,29849,0,2538,0,161311,0,0,0,200
2,4,moe,59180,179,425384,206494,206503,198552,18070,1,2258,0,109390,0,0,0,185
2,5,moe,60493,175,356222,170687,170693,160210,23183,1,2135,0,111313,0,0,0,164
2,6,moe,57850,179,440660,207761,207768,197404,33316,0,2172,0,147248,0,0,0,171
2,7,moe,36003,170,365736,185098,185105,162573,15773,0,2285,0,109021,0,0,0,167
2,8,moe,57034,234,386533,191937,191946,175582,16541,1,2463,0,118563,0,0,0,179
2,9,moe,58635,178,432631,207638,207648,195907,26621,1,2454,0,141463,0,0,0,172
2,10,moe,55048,186,423626,213569,213580,185038,22501,1,2506,0,113250,0,0,0,189
2,11,moe,36083,157,418596,209184,209195,183248,23368,0,2785,0,112465,0,0,0,187
2,12,moe,58271,190,465380,214166,214175,209392,39318,1,2494,0,141775,0,0,0,178
2,13,moe,55476,183,418619,202308,202318,185362,28409,1,2529,0,108941,0,0,0,185
2,14,moe,55492,184,403822,200672,200682,178214,22633,0,2293,0,105135,0,0,0,181
2,15,moe,35555,161,478149,229377,229384,214798,31663,1,2303,0,153187,0,0,0,189
2,16,moe,56841,171,427798,208214,208222,191680,25573,1,2322,0,111841,0,0,0,190
2,17,moe,57502,198,447490,206140,206149,215400,23577,0,2364,0,111310,0,0,0,187
2,18,moe,55279,193,518003,229495,229504,254034,31966,1,2498,0,151401,0,0,0,192
2,19,moe,36431,224,494862,219659,219669,249597,22957,0,2639,0,107993,0,0,0,198
2,20,moe,67744,176,474643,208887,208895,238307,25042,1,2398,0,110015,0,0,0,192
2,21,moe,72715,172,598253,217650,217657,341192,37063,0,2341,0,148867,0,0,0,180
2,22,moe,68649,161,496515,213025,213033,257775,23417,0,2290,0,110479,0,0,0,193
2,23,moe,47986,164,570599,220270,220277,305085,42960,0,2277,0,145007,0,0,0,184
2,24,moe,67702,175,567183,231085,231093,298070,35699,0,2321,0,144697,0,0,0,193
2,25,moe,66475,158,522390,210282,210293,277189,32604,0,2304,0,179956,0,0,0,175
2,26,moe,36244,24,7,0,0,0,0,0,7,0,8,0,0,0,0
2,-1,epi,0,0,0,0,0,0,0,0,5,0,0,0,0,0,0
3,-2,pre,185,0,0,0,0,0,0,0,0,0,0,0,0,0,0
3,0,dense,14522,57,0,0,0,0,0,0,0,0,0,0,0,0,0
3,1,moe,12553,75,64639,27482,27484,22450,14430,0,275,0,5143,26,3,23,26
3,2,moe,9650,63,68637,25765,25765,24843,17802,0,227,0,3834,23,1,22,23
3,3,moe,10774,44,56404,24316,24317,19234,12649,0,204,0,3877,22,1,21,22
3,4,moe,10483,60,39108,17150,17151,12894,8833,0,230,0,2940,18,2,16,18
3,5,moe,10351,65,46902,23036,23038,14581,9088,1,194,0,3063,20,1,19,20
3,6,moe,8560,43,70725,30202,30202,20948,19319,0,256,0,4431,24,1,23,24
3,7,moe,11794,81,43471,19795,19796,13824,9639,0,212,0,2699,19,1,18,19
3,8,moe,11755,42,40932,19752,19754,12244,8784,0,150,0,2681,17,1,16,17
3,9,moe,9092,48,63436,28041,28042,19108,16066,0,220,0,3961,23,2,21,23
3,10,moe,10377,47,56086,27807,27810,18717,9311,0,248,0,2736,25,1,24,25
3,11,moe,14563,43,38823,17518,17518,11719,9432,0,154,0,3611,19,4,15,19
3,12,moe,10293,55,48229,23153,23153,16267,8602,0,207,0,3417,19,1,18,19
3,13,moe,16314,50,57732,30362,30363,17079,10060,0,230,0,2767,22,0,22,22
3,14,moe,11418,47,46132,24009,24012,14661,7289,0,170,0,4770,21,2,19,21
3,15,moe,12761,54,55830,28846,28846,18768,7997,0,219,0,3650,21,0,21,21
3,16,moe,14398,49,47462,25271,25273,15370,6601,0,218,0,2683,22,2,20,22
3,17,moe,6284,42,58211,29143,29145,17950,10915,0,201,0,2007,25,2,23,25
3,18,moe,5398,39,60389,29539,29540,19842,10781,0,226,0,3080,25,3,22,25
3,19,moe,11392,37,38030,6484,6485,22482,8815,0,248,0,2304,24,0,24,24
3,20,moe,1422,42,38861,7733,7734,25505,5436,1,185,0,2019,23,0,23,23
3,21,moe,1638,44,44108,8211,8212,19900,15732,0,264,0,2429,24,2,22,24
3,22,moe,1462,37,37038,11223,11223,16996,8587,1,231,0,2511,24,2,22,24
3,23,moe,1331,35,44902,11568,11569,19082,14031,0,220,0,2412,22,1,21,22
3,24,moe,1469,44,39797,11003,11005,21288,7315,0,189,0,2427,26,2,24,26
3,25,moe,1452,84,42521,13955,13955,20609,7769,0,188,0,2418,24,1,23,24
3,26,moe,2780,34,11540,6758,6760,3576,1155,0,49,0,5139,8,4,4,8
3,-1,epi,0,0,0,0,0,0,0,0,47171,0,0,0,0,0,0
4,-2,pre,48,0,0,0,0,0,0,0,0,0,0,0,0,0,0
4,0,dense,1466,49,0,0,0,0,0,0,0,0,0,0,0,0,0
4,1,moe,818,42,11516,5380,5380,3634,2447,1,54,0,1311,8,4,4,8
4,2,moe,731,37,5998,2665,2665,1786,1510,0,37,0,739,8,6,2,8
4,3,moe,554,33,10996,4984,4984,3574,2383,0,55,0,739,8,4,4,8
4,4,moe,745,38,7353,3343,3343,2378,1555,0,77,0,612,8,5,3,8
4,5,moe,796,39,7190,3326,3326,2296,1526,0,42,0,624,8,5,3,8
4,6,moe,719,37,8100,3569,3569,2767,1694,0,70,0,739,8,5,3,8
4,7,moe,554,34,7276,3395,3395,2362,1449,0,70,0,618,8,5,3,8
4,8,moe,717,35,7093,3330,3330,2286,1440,0,37,0,613,8,5,3,8
4,9,moe,786,34,7771,3619,3620,2786,1303,0,62,0,732,8,5,3,8
4,10,moe,716,35,7727,4312,4312,3134,200,0,81,0,610,8,4,4,8
4,11,moe,562,38,1979,1141,1141,767,49,0,22,0,606,8,7,1,8
4,12,moe,715,37,11037,6138,6141,4538,284,0,74,0,725,8,3,5,8
4,13,moe,783,33,3892,2158,2158,1583,100,0,51,0,603,8,6,2,8
4,14,moe,718,34,3759,2109,2109,1523,100,0,27,0,606,8,6,2,8
4,15,moe,548,28,6550,3533,3533,2791,169,0,57,0,727,8,5,3,8
4,16,moe,719,31,6289,3275,3275,2343,604,0,67,0,603,8,5,3,8
4,17,moe,785,33,5670,3193,3193,2283,147,0,47,0,1058,8,5,3,8
4,18,moe,711,31,6975,3495,3495,2752,674,0,54,0,726,8,5,3,8
4,19,moe,551,31,3684,1131,1131,2350,145,0,58,0,603,8,5,3,8
4,20,moe,718,30,3138,1492,1492,1522,98,0,26,0,602,8,6,2,8
4,21,moe,801,48,3879,907,907,2747,167,0,58,0,731,8,5,3,8
4,22,moe,793,37,4485,1928,1928,2352,147,0,58,0,606,8,5,3,8
4,23,moe,560,33,3861,901,901,2736,170,0,54,0,732,8,5,3,8
4,24,moe,789,40,6342,1567,1567,4431,285,0,59,0,734,8,3,5,8
4,25,moe,796,36,7577,1867,1867,5308,339,0,63,0,734,8,2,6,8
4,26,moe,558,37,11977,6258,6258,4432,1237,0,50,0,1220,8,3,5,8
4,-1,epi,0,0,0,0,0,0,0,0,5695,0,0,0,0,0,0
5,-2,pre,219,0,0,0,0,0,0,0,0,0,0,0,0,0,0
5,0,dense,1424,37,0,0,0,0,0,0,0,0,0,0,0,0,0
5,1,moe,804,34,13611,6146,6146,4442,2972,0,51,0,737,8,3,5,8
5,2,moe,735,38,18960,8437,8438,6252,4193,0,77,0,731,8,1,7,8
5,3,moe,553,36,17246,8448,8448,6212,2517,0,69,0,737,8,1,7,8
5,4,moe,715,38,14199,6458,6458,4621,3030,0,90,0,607,8,2,6,8
5,5,moe,779,39,11433,5493,5494,3801,2087,0,51,0,616,8,3,5,8
5,6,moe,714,36,9240,4748,4748,3647,770,0,75,0,735,8,4,4,8
5,7,moe,541,35,7159,3240,3240,2341,1515,0,63,0,620,8,5,3,8
5,8,moe,712,38,7097,3256,3256,2283,1518,0,40,0,606,8,5,3,8
5,9,moe,785,34,12894,7031,7031,5431,339,0,93,0,722,8,2,6,8
5,10,moe,708,32,5845,3273,3273,2361,147,0,64,0,606,8,5,3,8
5,11,moe,545,34,13337,7606,7607,5326,343,0,61,0,608,8,1,7,8
5,12,moe,706,31,13106,7278,7278,5403,338,0,87,0,719,8,2,6,8
5,13,moe,775,31,12837,8655,8655,3865,243,0,74,0,598,8,3,5,8
5,14,moe,704,30,7718,4429,4429,3046,195,0,48,0,597,8,4,4,8
5,15,moe,539,28,10802,5912,5912,4536,284,0,70,0,720,8,3,5,8
5,16,moe,703,31,7728,4371,4371,3100,195,0,62,0,598,8,4,4,8
5,17,moe,778,204,11588,8311,8311,3044,195,0,38,0,602,8,4,4,8
5,18,moe,707,40,14953,8173,8174,6301,392,0,86,0,718,8,1,7,8
5,19,moe,538,31,5331,1962,1963,3102,196,0,70,0,592,8,4,4,8
5,20,moe,708,33,3270,806,806,2276,149,0,39,0,604,8,5,3,8
5,21,moe,789,38,6420,1527,1527,4540,281,0,72,0,721,8,3,5,8
5,22,moe,790,38,3377,811,811,2353,148,0,65,0,599,8,5,3,8
5,23,moe,560,33,2597,573,573,1871,114,0,39,0,716,8,6,2,8
5,24,moe,789,45,5081,1270,1273,3534,231,3,40,0,724,8,4,4,8
5,25,moe,803,35,5101,1287,1287,3541,230,0,43,0,723,8,4,4,8
5,26,moe,557,31,7036,3579,3579,2662,766,0,29,0,1258,8,5,3,8
5,-1,epi,0,0,0,0,0,0,0,0,5653,0,0,0,0,0,0
6,-2,pre,231,0,0,0,0,0,0,0,0,0,0,0,0,0,0
6,0,dense,1428,40,0,0,0,0,0,0,0,0,0,0,0,0,0
6,1,moe,810,40,16004,5982,5982,8084,1877,0,61,0,732,8,3,5,8
6,2,moe,740,43,10709,4816,4816,3567,2268,0,58,0,729,8,4,4,8
6,3,moe,556,40,10749,5947,5947,4441,299,0,62,0,725,8,3,5,8
6,4,moe,718,34,9515,5281,5281,3896,247,0,91,0,606,8,3,5,8
6,5,moe,781,33,5798,3333,3333,2282,151,0,32,0,608,8,5,3,8
6,6,moe,720,34,6748,4725,4725,1862,114,0,47,0,713,8,6,2,8
6,7,moe,541,32,8502,4219,4219,3100,1117,0,66,0,605,8,4,4,8
6,8,moe,724,31,11443,5510,5514,3812,2065,0,52,0,618,8,3,5,8
6,9,moe,782,36,9324,4825,4825,3645,781,0,73,0,730,8,4,4,8
6,10,moe,719,33,10186,5539,5539,3860,703,0,84,0,610,8,3,5,8
6,11,moe,547,30,3834,2186,2186,1522,99,0,27,0,608,8,6,2,8
6,12,moe,715,31,6460,3484,3484,2748,172,0,56,0,730,8,5,3,8
6,13,moe,787,32,5749,3203,3203,2343,147,0,56,0,603,8,5,3,8
6,14,moe,716,30,5685,3214,3214,2287,150,0,34,0,610,8,5,3,8
6,15,moe,540,31,14632,5845,5845,4545,4168,0,74,0,728,8,3,5,8
6,16,moe,713,35,12405,7387,7387,4629,295,1,93,0,604,8,2,6,8
6,17,moe,786,35,9731,5495,5495,3873,306,0,57,0,686,8,3,5,8
6,18,moe,727,42,3126,1294,1294,1728,59,1,44,0,722,8,7,1,8
6,19,moe,552,31,10935,2600,2600,7020,1226,0,89,0,611,8,3,5,8
6,20,moe,714,37,6851,1087,1087,5514,201,0,49,0,621,8,4,4,8
6,21,moe,808,41,2683,631,631,1880,116,0,56,0,728,8,6,2,8
6,22,moe,796,35,5252,832,832,4201,151,0,68,0,603,8,5,3,8
6,23,moe,554,36,3871,897,897,2750,169,0,55,0,720,8,5,3,8
6,24,moe,798,35,5983,926,926,4848,174,0,35,0,728,8,5,3,8
6,25,moe,791,33,3746,890,890,2651,172,0,33,0,722,8,5,3,8
6,26,moe,554,36,9529,4908,4908,3558,1016,0,47,0,1288,8,4,4,8
6,-1,epi,0,0,0,0,0,0,0,0,5705,0,0,0,0,0,0
7,-2,pre,202,0,0,0,0,0,0,0,0,0,0,0,0,0,0
7,0,dense,1428,38,0,0,0,0,0,0,0,0,0,0,0,0,0
7,1,moe,807,34,11302,6255,6256,4493,504,0,49,0,734,8,3,5,8
7,2,moe,717,36,5550,2589,2590,1782,1144,0,34,0,732,8,6,2,8
7,3,moe,551,33,2153,1188,1188,885,59,0,21,0,724,8,7,1,8
7,4,moe,718,32,6267,3695,3695,2362,148,0,62,0,603,8,5,3,8
7,5,moe,799,33,4324,2225,2225,1516,555,0,28,0,612,8,6,2,8
7,6,moe,721,31,2362,1206,1207,1054,57,0,44,0,724,8,7,1,8
7,7,moe,544,30,7673,4270,4271,3135,195,0,72,0,604,8,4,4,8
7,8,moe,723,31,8566,4648,4648,3039,837,0,42,0,602,8,4,4,8
7,9,moe,786,33,4544,2472,2472,1903,112,0,57,0,720,8,6,2,8
7,10,moe,719,31,2088,1156,1157,842,49,0,40,0,600,8,7,1,8
7,11,moe,545,38,5086,2189,2190,2767,100,0,29,0,599,8,6,2,8
7,12,moe,722,31,14499,5934,5935,8199,286,0,79,0,719,8,3,5,8
7,13,moe,782,33,5991,3415,3415,2365,155,0,56,0,612,8,5,3,8
7,14,moe,711,31,5831,3354,3354,2291,149,0,37,0,600,8,5,3,8
7,15,moe,548,28,10789,5884,5884,4555,281,0,69,0,725,8,3,5,8
7,16,moe,718,30,3945,2194,2194,1601,100,0,50,0,612,8,6,2,8
7,17,moe,790,30,5680,3208,3208,2284,149,0,39,0,607,8,5,3,8
7,18,moe,712,45,6503,3516,3516,2760,170,0,57,0,725,8,5,3,8
7,19,moe,561,37,5027,2460,2460,2360,149,0,58,0,597,8,5,3,8
7,20,moe,723,32,2216,559,559,1525,101,0,31,0,598,8,6,2,8
7,21,moe,783,30,5188,1219,1219,3677,231,0,61,0,722,8,4,4,8
7,22,moe,789,31,4486,1070,1070,3148,201,0,67,0,609,8,4,4,8
7,23,moe,556,29,2629,620,620,1851,115,0,43,0,729,8,6,2,8
7,24,moe,799,34,1266,308,308,883,56,0,19,0,730,8,7,1,8
7,25,moe,806,31,5004,2136,2136,2666,172,0,30,0,738,8,5,3,8
7,26,moe,556,30,6303,2507,2507,3233,534,0,29,0,718,8,6,2,8
7,-1,epi,0,0,0,0,0,0,0,0,5689,0,0,0,0,0,0
8,-2,pre,207,0,0,0,0,0,0,0,0,0,0,0,0,0,0
8,0,dense,1427,32,0,0,0,0,0,0,0,0,0,0,0,0,0
8,1,moe,806,31,6495,3619,3619,2658,170,1,47,0,733,8,5,3,8
8,2,moe,727,31,6731,2544,2544,3225,934,0,28,0,727,8,6,2,8
8,3,moe,557,30,11608,4868,4869,6464,232,0,43,0,726,8,4,4,8
8,4,moe,732,31,4099,2301,2301,1637,98,0,63,0,603,8,6,2,8
8,5,moe,789,53,5744,3257,3257,2296,149,0,42,0,598,8,5,3,8
8,6,moe,719,30,13728,7880,7881,5432,335,1,79,0,723,8,2,6,8
8,7,moe,556,29,4507,2299,2299,1587,568,0,53,0,603,8,6,2,8
8,8,moe,714,32,5455,2502,2502,2809,113,0,31,0,654,8,6,2,8
8,9,moe,795,38,7491,3790,3792,2839,779,0,81,0,850,8,5,3,8
8,10,moe,705,34,5916,3320,3320,2373,150,0,73,0,614,8,5,3,8
8,11,moe,555,32,10136,4346,4347,5544,197,0,48,0,613,8,4,4,8
8,12,moe,724,34,6715,3681,3681,2802,169,0,63,0,732,8,5,3,8
8,13,moe,794,32,6039,3477,3477,2352,150,0,60,0,618,8,5,3,8
8,14,moe,720,235,10536,8053,8053,2282,157,0,44,0,597,8,5,3,8
8,15,moe,544,38,4511,2398,2398,1946,113,0,54,0,717,8,6,2,8
8,16,moe,721,42,7869,4460,4461,3134,195,0,79,0,599,8,4,4,8
8,17,moe,780,35,4936,2476,2476,2275,149,0,36,0,621,8,5,3,8
8,18,moe,721,39,6994,3799,3800,2767,368,0,59,0,720,8,5,3,8
8,19,moe,551,32,3926,2189,2189,1581,98,0,58,0,598,8,6,2,8
8,20,moe,718,38,2198,546,546,1523,102,0,27,0,602,8,6,2,8
8,21,moe,788,34,2366,1259,1259,1006,56,0,45,0,718,8,7,1,8
8,22,moe,786,33,3688,526,526,2828,280,0,54,0,604,8,6,2,8
8,23,moe,555,29,9,0,0,0,0,0,9,0,743,8,8,0,8
8,24,moe,804,32,1413,322,323,993,58,0,39,0,732,8,7,1,8
8,25,moe,802,32,7957,1232,1232,6448,232,0,45,0,723,8,4,4,8
8,26,moe,555,31,9412,3705,3705,4836,838,0,33,0,721,8,5,3,8
8,-1,epi,0,0,0,0,0,0,0,0,5673,0,0,0,0,0,0
9,-2,pre,209,0,0,0,0,0,0,0,0,0,0,0,0,0,0
9,0,dense,1425,33,0,0,0,0,0,0,0,0,0,0,0,0,0
9,1,moe,805,31,9670,4400,4400,4854,375,0,41,0,723,8,5,3,8
9,2,moe,727,32,6590,3727,3727,2657,169,0,37,0,733,8,5,3,8
9,3,moe,547,29,4355,2429,2429,1781,113,0,32,0,727,8,6,2,8
9,4,moe,721,30,5903,3316,3316,2366,148,0,73,0,604,8,5,3,8
9,5,moe,785,33,10735,4493,4493,5519,680,0,43,0,614,8,4,4,8
9,6,moe,719,32,11,0,0,0,0,0,11,0,716,8,8,0,8
9,7,moe,548,29,7862,3533,3533,4138,150,0,41,0,603,8,5,3,8
9,8,moe,717,31,3965,2310,2310,1525,100,1,29,0,604,8,6,2,8
9,9,moe,787,33,5762,2755,2755,2774,167,0,66,0,720,8,5,3,8
9,10,moe,713,30,18,0,0,0,0,0,18,0,599,8,8,0,8
9,11,moe,550,29,2085,1131,1131,859,49,0,46,0,605,8,7,1,8
9,12,moe,723,34,1418,339,339,988,56,0,35,0,724,8,7,1,8
9,13,moe,789,29,2068,1133,1133,848,49,0,38,0,611,8,7,1,8
9,14,moe,724,28,1923,1087,1087,767,50,0,19,0,603,8,7,1,8
9,15,moe,558,31,2697,651,651,1886,113,0,47,0,729,8,6,2,8
9,16,moe,735,30,6272,3666,3666,2393,145,0,68,0,603,8,5,3,8
9,17,moe,792,36,4309,1418,1418,2763,101,0,27,0,607,8,6,2,8
9,18,moe,712,31,8666,5105,5105,3394,116,0,51,0,722,8,6,2,8
9,19,moe,543,30,1573,639,639,844,50,0,40,0,599,8,7,1,8
9,20,moe,722,35,1098,272,273,757,50,0,18,0,613,8,7,1,8
9,21,moe,789,31,2695,606,606,1928,113,0,48,0,729,8,6,2,8
9,22,moe,800,47,5492,1310,1312,3857,248,0,75,0,609,8,3,5,8
9,23,moe,558,28,1394,308,309,994,57,0,34,0,736,8,7,1,8
9,24,moe,806,30,4003,642,643,3218,116,0,26,0,727,8,6,2,8
9,25,moe,803,33,3792,937,937,2646,172,0,37,0,728,8,5,3,8
9,26,moe,559,32,6607,2486,2486,3218,878,0,25,0,722,8,6,2,8
9,-1,epi,0,0,0,0,0,0,0,0,5716,0,0,0,0,0,0
10,-2,pre,220,0,0,0,0,0,0,0,0,0,0,0,0,0,0
10,0,dense,1435,34,0,0,0,0,0,0,0,0,0,0,0,0,0
10,1,moe,809,31,23238,9524,9524,12958,678,0,78,0,726,8,0,8,8
10,2,moe,724,33,4291,2382,2382,1769,113,0,27,0,727,8,6,2,8
10,3,moe,565,36,8819,4993,4993,3558,224,0,44,0,721,8,4,4,8
10,4,moe,712,31,7850,4439,4439,3140,194,0,77,0,597,8,4,4,8
10,5,moe,781,31,3879,2229,2233,1524,99,0,23,0,600,8,6,2,8
10,6,moe,707,30,4497,2429,2429,1908,114,0,46,0,729,8,6,2,8
10,7,moe,547,29,5819,3238,3238,2371,147,0,63,0,604,8,5,3,8
10,8,moe,712,30,5770,3312,3312,2281,146,0,31,0,600,8,5,3,8
10,9,moe,792,33,10240,5100,5100,4580,492,0,68,0,722,8,3,5,8
10,10,moe,717,29,7932,4529,4529,3129,197,0,77,0,608,8,4,4,8
10,11,moe,543,31,12561,5338,5339,6917,250,0,55,0,597,8,3,5,8
10,12,moe,711,31,7981,4013,4014,3676,225,0,66,0,721,8,4,4,8
10,13,moe,782,30,5847,3215,3215,2398,151,0,83,0,597,8,5,3,8
10,14,moe,711,33,7524,4240,4240,3039,198,0,47,0,599,8,4,4,8
10,15,moe,545,32,14141,7319,7319,6334,398,0,90,0,724,8,1,7,8
10,16,moe,714,30,11019,6004,6004,4638,290,0,87,0,600,8,2,6,8
10,17,moe,784,32,10696,5769,5769,4569,294,1,63,0,608,8,2,6,8
10,18,moe,727,31,12949,7094,7095,5422,339,0,93,0,721,8,2,6,8
10,19,moe,548,33,11616,6618,6618,4623,295,0,80,0,595,8,2,6,8
10,20,moe,708,32,11885,4687,4688,6901,249,0,47,0,594,8,3,5,8
10,21,moe,777,33,10326,1568,1568,8372,311,0,75,0,785,8,3,5,8
10,22,moe,791,39,7089,1048,1050,5717,220,0,102,0,607,8,4,4,8
10,23,moe,565,38,5268,1263,1263,3702,230,0,73,0,729,8,4,4,8
10,24,moe,798,36,7601,1889,1889,5317,339,0,56,0,727,8,2,6,8
10,25,moe,803,37,7743,2963,2964,4438,287,0,54,0,732,8,3,5,8
10,26,moe,564,33,13705,6287,6287,4447,2924,0,47,0,730,8,3,5,8
10,-1,epi,0,0,0,0,0,0,0,0,5637,0,0,0,0,0,0
11,-2,pre,222,0,0,0,0,0,0,0,0,0,0,0,0,0,0
11,0,dense,1422,34,0,0,0,0,0,0,0,0,0,0,0,0,0
11,1,moe,809,38,3230,1353,1353,1610,242,0,25,0,729,8,7,1,8
11,2,moe,730,32,5808,2430,2430,3228,118,0,32,0,724,8,6,2,8
11,3,moe,568,29,4481,2572,2572,1768,113,0,28,0,718,8,6,2,8
11,4,moe,726,35,4017,2264,2264,1587,99,0,67,0,605,8,6,2,8
11,5,moe,784,30,3828,2178,2180,1522,99,0,27,0,609,8,6,2,8
11,6,moe,718,35,6078,2512,2512,3400,115,0,51,0,721,8,6,2,8
11,7,moe,548,30,3955,2189,2189,1612,100,0,54,0,601,8,6,2,8
11,8,moe,718,30,5769,3292,3292,2289,149,0,39,0,601,8,5,3,8
11,9,moe,787,31,5844,2820,2820,2793,173,0,58,0,723,8,5,3,8
11,10,moe,723,29,6172,3593,3593,2372,146,0,61,0,602,8,5,3,8
11,11,moe,553,33,5106,2219,2219,2758,102,0,27,0,596,8,6,2,8
11,12,moe,739,35,12343,8373,8373,3678,227,0,65,0,722,8,4,4,8
11,13,moe,784,36,5219,2192,2192,2868,103,0,56,0,593,8,6,2,8
11,14,moe,714,36,15121,6494,6495,8266,300,0,60,0,597,8,2,6,8
11,15,moe,541,33,8743,4786,4786,3662,225,0,70,0,725,8,4,4,8
11,16,moe,719,38,15271,6490,6490,8391,293,0,97,0,604,8,2,6,8
11,17,moe,778,38,11157,3931,3934,6933,244,0,46,0,600,8,3,5,8
11,18,moe,714,37,15051,6519,6519,8173,280,1,78,0,718,8,3,5,8
11,19,moe,541,32,9763,3870,3871,5627,198,0,67,0,593,8,4,4,8
11,20,moe,709,30,5116,2233,2233,2760,98,0,25,0,591,8,6,2,8
11,21,moe,776,30,9861,2998,2998,6564,227,0,72,0,723,8,4,4,8
11,22,moe,776,31,5225,793,794,4228,145,0,58,0,595,8,5,3,8
11,23,moe,549,29,4123,599,600,3369,114,0,40,0,721,8,6,2,8
11,24,moe,788,30,7932,1227,1227,6441,223,0,41,0,716,8,4,4,8
11,25,moe,790,34,9932,1549,1549,8048,289,0,46,0,715,8,3,5,8
11,26,moe,548,30,18781,7751,7752,8919,2050,0,60,0,728,8,2,6,8
11,-1,epi,0,0,0,0,0,0,0,0,5592,0,0,0,0,0,0
12,-2,pre,2312,0,0,0,0,0,0,0,0,0,0,0,0,0,0
12,0,dense,1408,39,0,0,0,0,0,0,0,0,0,0,0,0,0
12,1,moe,814,33,9077,5241,5241,3559,231,0,46,0,726,8,4,4,8
12,2,moe,722,32,8754,3684,3684,4857,169,0,44,0,722,8,5,3,8
12,3,moe,541,30,4318,2393,2393,1786,112,0,27,0,714,8,6,2,8
12,4,moe,708,31,7757,3276,3278,4259,149,0,71,0,597,8,5,3,8
12,5,moe,783,31,7077,2562,2562,4153,327,0,35,0,594,8,5,3,8
12,6,moe,708,31,4482,2406,2406,1915,112,0,49,0,712,8,6,2,8
12,7,moe,556,34,2192,1243,1243,858,50,0,41,0,594,8,7,1,8
12,8,moe,716,32,4080,2413,2413,1534,103,0,30,0,598,8,6,2,8
12,9,moe,791,34,10935,6008,6008,4565,291,1,70,0,725,8,3,5,8
12,10,moe,713,33,3152,1378,1378,1621,103,0,50,0,597,8,6,2,8
12,11,moe,546,29,7865,4370,4370,3068,385,0,42,0,608,8,4,4,8
12,12,moe,722,33,14500,5923,5923,8188,281,0,108,0,714,8,3,5,8
12,13,moe,776,31,9533,3632,3632,5629,197,0,75,0,589,8,4,4,8
12,14,moe,717,33,7618,3302,3302,4135,149,0,32,0,594,8,5,3,8
12,15,moe,537,28,8840,4882,4882,3669,223,0,66,0,718,8,4,4,8
12,16,moe,709,33,14620,5835,5835,8397,307,0,81,0,599,8,2,6,8
12,17,moe,778,31,8482,2703,2703,5524,213,0,42,0,599,8,4,4,8
12,18,moe,704,30,14970,6365,6365,8255,280,0,70,0,716,8,3,5,8
12,19,moe,535,30,7245,2819,2819,4214,146,0,66,0,588,8,5,3,8
12,20,moe,720,33,3115,1467,1467,1520,99,0,29,0,587,8,6,2,8
12,21,moe,793,31,7377,2156,2156,4980,177,0,64,0,714,8,5,3,8
12,22,moe,791,37,3378,807,808,2360,150,0,60,0,595,8,5,3,8
12,23,moe,553,31,8,0,0,0,0,0,8,0,736,8,8,0,8
12,24,moe,796,33,5396,1261,1261,3800,262,0,73,0,789,8,4,4,8
12,25,moe,802,39,4084,634,634,3276,139,1,34,0,767,8,6,2,8
12,26,moe,600,31,6019,3057,3057,2738,183,0,41,0,724,8,5,3,8
12,-1,epi,0,0,0,0,0,0,0,0,5697,0,0,0,0,0,0
13,-2,pre,221,0,0,0,0,0,0,0,0,0,0,0,0,0,0
13,0,dense,1434,36,0,0,0,0,0,0,0,0,0,0,0,0,0
13,1,moe,807,37,7019,3208,3209,3539,224,0,47,0,729,8,4,4,8
13,2,moe,722,31,2174,1206,1206,888,59,0,21,0,743,8,7,1,8
13,3,moe,572,35,2352,1387,1387,887,59,0,19,0,724,8,7,1,8
13,4,moe,724,32,10,0,0,0,0,0,10,0,621,8,8,0,8
13,5,moe,790,31,2223,1280,1280,833,52,0,58,0,620,8,7,1,8
13,6,moe,734,33,3123,1242,1242,1785,57,0,39,0,722,8,7,1,8
13,7,moe,557,30,2802,1219,1219,1494,51,0,38,0,607,8,7,1,8
13,8,moe,718,31,2619,1164,1164,1387,51,0,17,0,604,8,7,1,8
13,9,moe,789,31,3031,1172,1172,1753,59,0,47,0,728,8,7,1,8
13,10,moe,720,29,2830,1248,1248,1487,51,0,44,0,604,8,7,1,8
13,11,moe,560,27,5100,2223,2223,2751,101,0,25,0,606,8,6,2,8
13,12,moe,730,33,2680,621,621,1891,117,0,51,0,733,8,6,2,8
13,13,moe,792,33,2037,1101,1101,841,51,0,44,0,601,8,7,1,8
13,14,moe,722,29,3226,1570,1570,1524,102,0,30,0,613,8,6,2,8
13,15,moe,558,29,7663,2762,2762,4537,288,0,76,0,732,8,3,5,8
13,16,moe,722,33,10487,3196,3197,6977,243,0,70,0,604,8,3,5,8
13,17,moe,785,29,5950,1632,1632,4138,147,0,33,0,595,8,5,3,8
13,18,moe,751,35,7163,3176,3177,3692,227,0,67,0,720,8,4,4,8
13,19,moe,569,32,6512,3134,3134,3117,194,0,67,0,598,8,4,4,8
13,20,moe,709,30,1987,1143,1143,772,51,0,21,0,601,8,7,1,8
13,21,moe,789,29,4386,2307,2307,1910,117,0,52,0,722,8,6,2,8
13,22,moe,788,32,2313,548,548,1611,100,0,54,0,608,8,6,2,8
13,23,moe,547,29,8,0,0,0,0,0,8,0,723,8,8,0,8
13,24,moe,801,32,5167,1231,1234,3645,225,0,63,0,727,8,4,4,8
13,25,moe,791,34,1254,299,299,880,58,0,17,0,724,8,7,1,8
13,26,moe,563,28,2684,590,590,1770,300,0,24,0,728,8,6,2,8
13,-1,epi,0,0,0,0,0,0,0,0,5754,0,0,0,0,0,0
14,-2,pre,41,0,0,0,0,0,0,0,0,0,0,0,0,0,0
14,0,dense,1438,32,0,0,0,0,0,0,0,0,0,0,0,0,0
14,1,moe,813,32,10006,1570,1570,8091,290,0,55,0,736,8,3,5,8
14,2,moe,726,33,9,0,0,0,0,0,9,0,748,8,8,0,8
14,3,moe,570,33,9,0,0,0,0,0,9,0,748,8,8,0,8
14,4,moe,736,30,8,0,0,0,0,0,8,0,632,8,8,0,8
14,5,moe,807,32,2168,1226,1226,835,52,0,55,0,619,8,7,1,8
14,6,moe,742,32,2417,1314,1314,1003,58,0,42,0,739,8,7,1,8
14,7,moe,570,30,2709,1133,1133,1480,51,0,45,0,622,8,7,1,8
14,8,moe,736,30,2605,1139,1139,1396,52,0,18,0,611,8,7,1,8
14,9,moe,840,35,9,0,0,0,0,0,9,0,743,8,8,0,8
14,10,moe,725,33,9,0,0,0,0,0,9,0,623,8,8,0,8
14,11,moe,565,36,3299,2460,2460,769,50,0,20,0,614,8,7,1,8
14,12,moe,723,34,6402,2429,2429,3671,224,0,78,0,771,8,4,4,8
14,13,moe,805,35,3889,2151,2151,1588,99,0,51,0,613,8,6,2,8
14,14,moe,721,33,3856,2192,2192,1528,101,0,35,0,611,8,6,2,8
14,15,moe,557,37,9613,3704,3704,5478,345,0,86,0,733,8,2,6,8
14,16,moe,720,40,5488,2100,2100,3119,197,0,72,0,606,8,4,4,8
14,17,moe,798,34,6627,1706,1707,4574,292,0,54,0,608,8,2,6,8
14,18,moe,716,30,5220,1250,1250,3678,225,0,67,0,736,8,4,4,8
14,19,moe,557,31,11273,3948,3948,7005,250,0,70,0,597,8,3,5,8
14,20,moe,711,31,9,0,0,0,0,0,9,0,594,8,8,0,8
14,21,moe,782,31,6103,935,936,4933,171,0,63,0,726,8,5,3,8
14,22,moe,796,33,6954,1102,1102,5577,201,0,74,0,606,8,4,4,8
14,23,moe,560,33,1386,322,322,961,55,0,48,0,724,8,7,1,8
14,24,moe,795,30,3810,929,929,2671,172,0,38,0,735,8,5,3,8
14,25,moe,810,30,1980,301,301,1603,59,0,17,0,730,8,7,1,8
14,26,moe,565,31,6014,2954,2954,2663,364,0,33,0,728,8,5,3,8
14,-1,epi,0,0,0,0,0,0,0,0,5728,0,0,0,0,0,0
15,-2,pre,211,0,0,0,0,0,0,0,0,0,0,0,0,0,0
15,0,dense,1428,34,0,0,0,0,0,0,0,0,0,0,0,0,0
15,1,moe,806,31,8780,3066,3067,5312,339,0,62,0,737,8,2,6,8
15,2,moe,730,30,9,0,0,0,0,0,9,0,738,8,8,0,8
15,3,moe,570,28,9,0,0,0,0,0,9,0,735,8,8,0,8
15,4,moe,732,29,8,0,0,0,0,0,8,0,627,8,8,0,8
15,5,moe,806,32,9,0,0,0,0,0,9,0,626,8,8,0,8
15,6,moe,742,32,3537,1621,1622,1768,118,0,29,0,738,8,6,2,8
15,7,moe,569,30,2181,1240,1240,843,49,0,49,0,615,8,7,1,8
15,8,moe,643,27,2021,1189,1189,764,51,0,17,0,618,8,7,1,8
15,9,moe,796,31,2392,1275,1275,1019,57,0,41,0,732,8,7,1,8
15,10,moe,727,30,8,0,0,0,0,0,8,0,616,8,8,0,8
15,11,moe,560,30,5886,3302,3303,2372,149,0,62,0,610,8,5,3,8
15,12,moe,722,31,3604,1540,1540,1897,118,0,49,0,740,8,6,2,8
15,13,moe,794,30,2027,1080,1080,843,49,0,55,0,612,8,7,1,8
15,14,moe,725,30,1939,1108,1108,764,49,0,18,0,623,8,7,1,8
15,15,moe,553,29,7263,3317,3317,3656,224,1,65,0,734,8,4,4,8
15,16,moe,725,29,3423,845,845,2362,148,0,68,0,612,8,5,3,8
15,17,moe,791,30,10201,5108,5108,4582,455,0,56,0,614,8,2,6,8
15,18,moe,723,30,9736,3893,3893,5418,338,0,87,0,731,8,2,6,8
15,19,moe,560,33,5486,2912,2912,2361,151,0,62,0,604,8,5,3,8
15,20,moe,726,30,7797,4520,4520,3037,196,0,44,0,613,8,4,4,8
15,21,moe,790,28,3577,1508,1508,1900,113,0,56,0,725,8,6,2,8
15,22,moe,787,30,4744,1353,1353,3122,196,0,73,0,611,8,4,4,8
15,23,moe,550,28,2685,602,602,1928,113,0,42,0,726,8,6,2,8
15,24,moe,801,30,4999,1204,1204,3535,222,0,38,0,729,8,4,4,8
15,25,moe,796,28,1271,317,317,882,56,0,16,0,737,8,7,1,8
15,26,moe,566,32,11832,4934,4935,6437,422,0,38,0,719,8,4,4,8
15,-1,epi,0,0,0,0,0,0,0,0,5685,0,0,0,0,0,0
16,-2,pre,249,0,0,0,0,0,0,0,0,0,0,0,0,0,0
16,0,dense,1435,31,0,0,0,0,0,0,0,0,0,0,0,0,0
16,1,moe,810,32,10151,5388,5388,4428,287,0,48,0,730,8,3,5,8
16,2,moe,719,29,7808,3995,3995,3547,224,0,42,0,724,8,4,4,8
16,3,moe,554,29,7808,3997,3997,3546,225,0,40,0,726,8,4,4,8
16,4,moe,713,29,7778,4374,4374,3117,198,0,89,0,610,8,4,4,8
16,5,moe,787,30,9610,5495,5496,3815,245,0,54,0,610,8,3,5,8
16,6,moe,726,31,9146,3629,3629,5042,407,0,68,0,797,8,5,3,8
16,7,moe,589,33,5203,2174,2174,2860,107,0,62,0,620,8,6,2,8
16,8,moe,726,34,3995,2338,2338,1526,102,0,29,0,616,8,6,2,8
16,9,moe,804,33,6757,3693,3695,2817,174,0,71,0,731,8,5,3,8
16,10,moe,720,33,9,0,0,0,0,0,9,0,607,8,8,0,8
16,11,moe,558,29,8905,4679,4682,3896,242,0,85,0,605,8,3,5,8
16,12,moe,720,31,5728,2670,2670,2822,173,0,63,0,734,8,5,3,8
16,13,moe,788,33,2134,1182,1182,857,50,0,45,0,603,8,7,1,8
16,14,moe,722,36,9321,3554,3554,5518,204,0,45,0,607,8,4,4,8
16,15,moe,551,30,9879,5903,5903,3681,229,0,66,0,734,8,4,4,8
16,16,moe,728,31,8985,4756,4756,3905,246,0,78,0,607,8,3,5,8
16,17,moe,782,32,5986,3518,3518,2283,147,0,38,0,607,8,5,3,8
16,18,moe,723,32,8006,4041,4042,3671,223,0,70,0,725,8,4,4,8
16,19,moe,556,27,2065,1129,1129,846,51,0,39,0,596,8,7,1,8
16,20,moe,713,30,1078,250,250,762,49,0,17,0,606,8,7,1,8
16,21,moe,792,30,2350,1278,1278,973,57,0,42,0,722,8,7,1,8
16,22,moe,786,32,1177,267,267,817,51,0,42,0,609,8,7,1,8
16,23,moe,554,29,1343,292,292,961,60,0,30,0,729,8,7,1,8
16,24,moe,801,32,2531,610,610,1784,113,0,24,0,726,8,6,2,8
16,25,moe,804,32,3985,615,615,3232,115,0,23,0,730,8,6,2,8
16,26,moe,566,32,8,0,0,0,0,0,8,0,739,8,8,0,8
16,-1,epi,0,0,0,0,0,0,0,0,5782,0,0,0,0,0,0
17,-2,pre,40,0,0,0,0,0,0,0,0,0,0,0,0,0,0
17,0,dense,1473,37,0,0,0,0,0,0,0,0,0,0,0,0,0
17,1,moe,810,31,2370,1400,1400,893,57,0,20,0,739,8,7,1,8
17,2,moe,737,34,2220,1253,1253,884,58,0,25,0,746,8,7,1,8
17,3,moe,569,27,3442,1533,1533,1771,114,0,24,0,732,8,6,2,8
17,4,moe,722,29,5092,2514,2514,2358,148,0,72,0,611,8,5,3,8
17,5,moe,794,30,9,0,0,0,0,0,9,0,612,8,8,0,8
17,6,moe,717,226,4809,3662,3662,1034,57,0,56,0,728,8,7,1,8
17,7,moe,556,37,3520,528,528,2840,99,0,53,0,615,8,6,2,8
17,8,moe,723,34,4219,2564,2564,1531,98,0,26,0,617,8,6,2,8
17,9,moe,799,35,9,0,0,0,0,0,9,0,728,8,8,0,8
17,10,moe,723,35,3909,2252,2252,1528,103,0,26,0,622,8,6,2,8
17,11,moe,561,34,5049,2581,2582,2283,151,0,33,0,623,8,5,3,8
17,12,moe,728,33,6735,3718,3718,2784,172,1,60,0,722,8,5,3,8
17,13,moe,794,41,3142,1389,1389,1599,98,0,56,0,608,8,6,2,8
17,14,moe,719,30,9,0,0,0,0,0,9,0,619,8,8,0,8
17,15,moe,562,31,5991,2458,2458,3369,114,0,50,0,744,8,6,2,8
17,16,moe,720,29,3964,2212,2213,1599,100,0,52,0,612,8,6,2,8
17,17,moe,789,29,1113,280,280,765,51,0,17,0,614,8,7,1,8
17,18,moe,723,40,4521,2456,2457,1894,114,0,56,0,731,8,6,2,8
17,19,moe,562,28,2053,1133,1133,830,50,0,40,0,605,8,7,1,8
17,20,moe,723,30,1988,1155,1155,763,48,0,22,0,613,8,7,1,8
17,21,moe,799,29,5098,1530,1531,3396,118,0,53,0,745,8,6,2,8
17,22,moe,794,33,9,0,0,0,0,0,9,0,616,8,8,0,8
17,23,moe,567,28,1995,314,314,1606,59,0,16,0,732,8,7,1,8
17,24,moe,803,28,3998,644,644,3213,115,0,26,0,731,8,6,2,8
17,25,moe,797,30,5958,932,932,4817,178,0,31,0,730,8,5,3,8
17,26,moe,572,32,9,0,0,0,0,0,9,0,743,8,8,0,8
17,-1,epi,0,0,0,0,0,0,0,0,5808,0,0,0,0,0,0
18,-2,pre,1316,0,0,0,0,0,0,0,0,0,0,0,0,0,0
18,0,dense,1438,31,0,0,0,0,0,0,0,0,0,0,0,0,0
18,1,moe,808,29,7055,4192,4192,2655,171,0,37,0,729,8,5,3,8
18,2,moe,738,29,4567,2656,2656,1773,112,0,26,0,739,8,6,2,8
18,3,moe,568,29,9802,5033,5033,4438,282,0,49,0,736,8,3,5,8
18,4,moe,721,33,5970,3387,3387,2362,146,0,75,0,606,8,5,3,8
18,5,moe,793,31,3958,2303,2304,1527,98,0,29,0,605,8,6,2,8
18,6,moe,718,30,5738,2718,2718,2783,171,0,66,0,736,8,5,3,8
18,7,moe,558,28,3982,2240,2240,1590,99,0,53,0,604,8,6,2,8
18,8,moe,763,35,3879,2211,2212,1535,99,0,33,0,605,8,6,2,8
18,9,moe,789,32,4705,2608,2608,1902,114,0,81,0,729,8,6,2,8
18,10,moe,725,33,5896,3320,3320,2356,146,0,74,0,608,8,5,3,8
18,11,moe,553,30,7860,4556,4556,3055,197,0,52,0,605,8,4,4,8
18,12,moe,714,29,4458,2419,2419,1868,113,0,58,0,720,8,6,2,8
18,13,moe,793,31,2109,1185,1185,826,49,0,49,0,607,8,7,1,8
18,14,moe,720,30,7634,4337,4337,3052,195,0,50,0,609,8,4,4,8
18,15,moe,555,32,13805,6989,6990,6313,393,0,109,0,730,8,1,7,8
18,16,moe,724,42,7994,4572,4572,3145,199,0,78,0,606,8,4,4,8
18,17,moe,793,32,11350,5601,5601,3835,251,0,1663,0,616,8,3,5,8
18,18,moe,715,38,11113,6158,6158,4575,284,0,96,0,724,8,3,5,8
18,19,moe,569,30,9525,5314,5314,3877,243,0,91,0,606,8,3,5,8
18,20,moe,714,32,7658,4364,4364,3050,196,0,48,0,605,8,4,4,8
18,21,moe,781,31,8897,4938,4938,3651,224,0,84,0,721,8,4,4,8
18,22,moe,787,33,9428,5182,5182,3907,245,0,94,0,607,8,3,5,8
18,23,moe,548,29,5895,1904,1904,3684,225,0,82,0,734,8,4,4,8
18,24,moe,788,33,7566,1856,1858,5304,339,0,65,0,734,8,2,6,8
18,25,moe,791,35,11097,1871,1871,8815,347,0,64,0,747,8,2,6,8
18,26,moe,559,33,18021,10020,10020,7081,838,0,82,0,722,8,0,8,8
18,-1,epi,0,0,0,0,0,0,0,0,5639,0,0,0,0,0,0
19,-2,pre,267,0,0,0,0,0,0,0,0,0,0,0,0,0,0
19,0,dense,1425,34,0,0,0,0,0,0,0,0,0,0,0,0,0
19,1,moe,807,32,14769,6165,6165,8222,324,0,58,0,732,8,3,5,8
19,2,moe,741,34,5732,2352,2352,3225,114,0,41,0,734,8,6,2,8
19,3,moe,555,32,5850,2468,2468,3234,113,0,35,0,722,8,6,2,8
19,4,moe,723,32,2768,1166,1166,1495,49,1,57,0,605,8,7,1,8
19,5,moe,792,33,5197,2299,2299,2765,101,0,32,0,609,8,6,2,8
19,6,moe,716,29,2184,305,305,1769,59,0,51,0,729,8,7,1,8
19,7,moe,560,33,2703,1120,1120,1487,51,0,45,0,610,8,7,1,8
19,8,moe,717,30,7758,3416,3416,4156,149,0,37,0,604,8,5,3,8
19,9,moe,790,32,3043,1201,1201,1741,58,0,43,0,718,8,7,1,8
19,10,moe,726,35,7163,2646,2646,4295,147,1,74,0,604,8,5,3,8
19,11,moe,551,30,9330,3564,3565,5517,197,0,51,0,603,8,4,4,8
19,12,moe,731,34,5842,2815,2815,2794,176,0,57,0,722,8,5,3,8
19,13,moe,790,32,1859,289,290,1478,49,0,42,0,598,8,7,1,8
19,14,moe,732,33,3134,1480,1480,1524,102,0,28,0,607,8,6,2,8
19,15,moe,563,28,4630,2580,2580,1886,117,0,47,0,720,8,6,2,8
19,16,moe,719,30,6929,2467,2467,4236,147,0,79,0,594,8,5,3,8
19,17,moe,779,29,5101,2222,2222,2752,98,0,29,0,596,8,6,2,8
19,18,moe,710,31,5984,2442,2442,3375,111,0,56,0,718,8,6,2,8
19,19,moe,548,31,9,0,0,0,0,0,9,0,593,8,8,0,8
19,20,moe,3651,33,1832,257,257,1476,49,0,50,0,619,8,7,1,8
19,21,moe,800,31,6559,3544,3545,2771,174,1,68,0,721,8,5,3,8
19,22,moe,784,32,2087,1124,1124,864,51,0,48,0,599,8,7,1,8
19,23,moe,559,28,5078,3187,3187,1791,59,0,41,0,713,8,7,1,8
19,24,moe,783,31,9,0,0,0,0,0,9,0,718,8,8,0,8
19,25,moe,786,30,5974,932,932,4825,175,0,42,0,727,8,5,3,8
19,26,moe,572,32,3046,1357,1357,1609,60,0,20,0,726,8,7,1,8
19,-1,epi,0,0,0,0,0,0,0,0,5723,0,0,0,0,0,0
20,-2,pre,209,0,0,0,0,0,0,0,0,0,0,0,0,0,0
20,0,dense,1431,32,0,0,0,0,0,0,0,0,0,0,0,0,0
20,1,moe,810,34,3449,1513,1514,1785,118,0,32,0,743,8,6,2,8
20,2,moe,750,31,6845,3956,3956,2673,177,0,39,0,732,8,5,3,8
20,3,moe,562,231,8105,6179,6179,1779,119,0,28,0,725,8,6,2,8
20,4,moe,717,34,2118,1147,1147,864,52,0,55,0,601,8,7,1,8
20,5,moe,797,34,10114,4345,4345,5526,196,0,47,0,605,8,4,4,8
20,6,moe,723,34,3041,1217,1217,1722,57,0,45,0,727,8,7,1,8
20,7,moe,554,33,3980,2212,2212,1611,102,0,55,0,611,8,6,2,8
20,8,moe,718,33,2597,1145,1145,1382,50,0,20,0,608,8,7,1,8
20,9,moe,788,33,8753,3544,3545,4970,169,0,69,0,721,8,5,3,8
20,10,moe,716,41,2677,1119,1119,1464,50,0,44,0,598,8,7,1,8
20,11,moe,555,30,10,0,0,0,0,0,10,0,611,8,8,0,8
20,12,moe,720,28,3022,1170,1170,1748,58,0,46,0,727,8,7,1,8
20,13,moe,801,30,2739,1174,1174,1472,50,0,43,0,605,8,7,1,8
20,14,moe,718,29,2728,1278,1278,1379,49,0,22,0,602,8,7,1,8
20,15,moe,551,29,5111,1535,1535,3406,113,0,57,0,715,8,6,2,8
20,16,moe,717,30,5454,2437,2437,2852,97,0,68,0,599,8,6,2,8
20,17,moe,791,35,7637,3311,3311,4137,151,0,38,0,607,8,5,3,8
20,18,moe,727,30,8103,2836,2836,5030,172,0,65,0,717,8,5,3,8
20,19,moe,555,28,7530,3065,3065,4246,146,0,73,0,590,8,5,3,8
20,20,moe,3677,30,4256,1372,1372,2754,99,0,31,0,595,8,6,2,8
20,21,moe,792,59,8933,3742,3742,4954,168,0,69,0,719,8,5,3,8
20,22,moe,792,30,6964,2498,2501,4247,144,0,72,0,595,8,5,3,8
20,23,moe,549,37,5872,2325,2325,3369,115,0,63,0,712,8,6,2,8
20,24,moe,781,28,7952,1226,1227,6448,230,0,47,0,728,8,4,4,8
20,25,moe,805,32,4011,643,643,3224,117,0,27,0,740,8,6,2,8
20,26,moe,565,29,3338,1641,1641,1618,60,0,19,0,717,8,7,1,8
20,-1,epi,0,0,0,0,0,0,0,0,5694,0,0,0,0,0,0
21,-2,pre,210,0,0,0,0,0,0,0,0,0,0,0,0,0,0
21,0,dense,1438,32,0,0,0,0,0,0,0,0,0,0,0,0,0
21,1,moe,809,33,10623,4879,4880,5329,348,0,66,0,729,8,2,6,8
21,2,moe,725,32,8613,3560,3561,4843,171,0,38,0,720,8,5,3,8
21,3,moe,555,29,9918,5138,5138,4434,292,0,54,0,726,8,3,5,8
21,4,moe,714,31,4355,1740,1740,2392,149,0,74,0,604,8,5,3,8
21,5,moe,787,31,4272,1374,1374,2770,99,0,29,0,601,8,6,2,8
21,6,moe,714,32,10921,4048,4048,6563,227,0,83,0,727,8,4,4,8
21,7,moe,548,26,8701,2829,2832,5595,197,0,77,0,598,8,4,4,8
21,8,moe,710,30,4296,1408,1409,2761,97,0,29,0,598,8,6,2,8
21,9,moe,783,34,3208,1334,1334,1765,57,0,52,0,718,8,7,1,8
21,10,moe,716,27,8836,2924,2924,5638,197,1,76,0,596,8,4,4,8
21,11,moe,557,32,7600,3272,3272,4143,147,0,38,0,600,8,5,3,8
21,12,moe,710,29,7954,2757,2757,4961,170,0,66,0,717,8,5,3,8
21,13,moe,789,30,6983,2526,2527,4243,148,0,65,0,600,8,5,3,8
21,14,moe,717,29,9542,3757,3757,5540,197,0,48,0,591,8,4,4,8
21,15,moe,547,28,10729,3847,3847,6577,223,0,82,0,715,8,4,4,8
21,16,moe,708,28,10426,4512,4512,5641,194,0,79,0,594,8,4,4,8
21,17,moe,779,34,6852,2519,2519,4140,152,0,41,0,595,8,5,3,8
21,18,moe,708,30,11049,4113,4113,6607,254,0,75,0,791,8,4,4,8
21,19,moe,586,32,13292,5821,5821,7089,262,0,120,0,605,8,3,5,8
21,20,moe,733,34,11411,7280,7280,3819,249,0,63,0,599,8,3,5,8
21,21,moe,783,36,8873,4886,4887,3673,229,0,84,0,724,8,4,4,8
21,22,moe,791,34,9494,3566,3566,5637,194,0,97,0,605,8,4,4,8
21,23,moe,547,30,6162,2589,2589,3400,112,0,61,0,714,8,6,2,8
21,24,moe,781,33,9090,2356,2356,6462,225,0,47,0,716,8,4,4,8
21,25,moe,779,30,7974,1250,1250,6447,231,0,46,0,725,8,4,4,8
21,26,moe,554,34,8051,2783,2783,4857,369,0,42,0,719,8,5,3,8
21,-1,epi,0,0,0,0,0,0,0,0,5630,0,0,0,0,0,0
22,-2,pre,211,0,0,0,0,0,0,0,0,0,0,0,0,0,0
22,0,dense,1423,31,0,0,0,0,0,0,0,0,0,0,0,0,0
22,1,moe,804,34,8774,3715,3715,4851,169,0,39,0,718,8,5,3,8
22,2,moe,716,29,5065,1688,1688,3228,116,0,33,0,725,8,6,2,8
22,3,moe,557,32,9784,3062,3062,6447,224,0,51,0,717,8,4,4,8
22,4,moe,711,34,9413,3492,3492,5640,199,0,82,0,597,8,4,4,8
22,5,moe,780,30,6943,2588,2588,4144,154,0,57,0,598,8,5,3,8
22,6,moe,713,30,10853,3930,3930,6621,227,0,75,0,719,8,4,4,8
22,7,moe,548,32,8,0,0,0,0,0,8,0,589,8,8,0,8
22,8,moe,718,30,10407,4475,4475,5660,198,0,74,0,596,8,4,4,8
22,9,moe,780,31,11720,4840,4840,6586,222,0,72,0,713,8,4,4,8
22,10,moe,702,38,10682,4711,4711,5681,218,0,72,0,644,8,4,4,8
22,11,moe,584,37,1132,266,266,787,54,0,25,0,628,8,7,1,8
22,12,moe,722,32,6676,3617,3617,2817,178,0,64,0,756,8,5,3,8
22,13,moe,744,44,5124,2460,2460,2424,162,0,78,0,603,8,5,3,8
22,14,moe,721,36,4468,2805,2805,1528,102,0,33,0,609,8,6,2,8
22,15,moe,560,37,2380,1249,1249,1024,60,0,47,0,713,8,7,1,8
22,16,moe,732,36,4283,1692,1692,2366,151,0,74,0,604,8,5,3,8
22,17,moe,782,34,5879,3394,3394,2299,147,0,39,0,601,8,5,3,8
22,18,moe,715,32,3632,1576,1576,1894,113,0,49,0,723,8,6,2,8
22,19,moe,559,29,5855,3277,3277,2364,149,0,65,0,601,8,5,3,8
22,20,moe,720,30,10,0,0,0,0,0,10,0,596,8,8,0,8
22,21,moe,779,30,3605,1513,1513,1919,119,0,54,0,725,8,6,2,8
22,22,moe,797,34,4004,2261,2261,1588,99,0,56,0,601,8,6,2,8
22,23,moe,559,29,8,0,0,0,0,0,8,0,714,8,8,0,8
22,24,moe,784,30,5577,2582,2582,2774,168,0,53,0,721,8,5,3,8
22,25,moe,786,30,10,0,0,0,0,0,10,0,713,8,8,0,8
22,26,moe,565,31,9,0,0,0,0,0,9,0,766,8,8,0,8
22,-1,epi,0,0,0,0,0,0,0,0,5789,0,0,0,0,0,0
23,-2,pre,213,0,0,0,0,0,0,0,0,0,0,0,0,0,0
23,0,dense,1442,257,0,0,0,0,0,0,0,0,0,0,0,0,0
23,1,moe,875,39,14544,9773,9774,4436,283,0,51,0,731,8,3,5,8
23,2,moe,711,34,4494,2578,2578,1775,113,0,28,0,718,8,6,2,8
23,3,moe,639,42,6585,3731,3731,2651,170,0,33,0,719,8,5,3,8
23,4,moe,713,34,1192,264,265,829,50,0,48,0,599,8,7,1,8
23,5,moe,780,34,10842,6716,6716,3825,249,0,52,0,602,8,3,5,8
23,6,moe,709,35,2375,1266,1266,1002,59,0,48,0,718,8,7,1,8
23,7,moe,643,35,5923,3335,3335,2376,150,0,62,0,601,8,5,3,8
23,8,moe,716,30,7026,3706,3706,3073,202,0,45,0,620,8,4,4,8
23,9,moe,781,30,4515,2457,2457,1887,117,0,54,0,721,8,6,2,8
23,10,moe,710,30,7073,3654,3654,3141,205,0,73,0,599,8,4,4,8
23,11,moe,644,28,6947,3654,3654,3056,193,0,44,0,597,8,4,4,8
23,12,moe,724,28,6828,3827,3827,2768,168,1,64,0,715,8,5,3,8
23,13,moe,776,31,5871,3277,3278,2376,148,0,69,0,602,8,5,3,8
23,14,moe,715,30,4856,2380,2380,2290,147,0,39,0,604,8,5,3,8
23,15,moe,641,28,7944,3985,3985,3657,226,0,76,0,716,8,4,4,8
23,16,moe,712,30,9207,4175,4175,4642,295,0,95,0,597,8,2,6,8
23,17,moe,780,30,3194,1542,1542,1529,98,0,25,0,595,8,6,2,8
23,18,moe,717,33,6980,3018,3018,3673,222,0,67,0,717,8,4,4,8
23,19,moe,633,28,3798,2059,2059,1585,100,0,54,0,594,8,6,2,8
23,20,moe,732,36,2009,1153,1153,786,51,0,19,0,606,8,7,1,8
23,21,moe,779,31,7184,3231,3231,3658,225,0,70,0,726,8,4,4,8
23,22,moe,779,28,5857,3281,3281,2367,145,0,64,0,601,8,5,3,8
23,23,moe,629,30,6590,3543,3543,2820,168,0,59,0,716,8,5,3,8
23,24,moe,779,29,9109,4324,4325,4439,296,1,48,0,723,8,3,5,8
23,25,moe,781,30,6320,1552,1552,4429,293,0,46,0,731,8,3,5,8
23,26,moe,648,32,7813,3978,3979,3553,240,0,41,0,718,8,4,4,8
23,-1,epi,0,0,0,0,0,0,0,0,5667,0,0,0,0,0,0
24,-2,pre,200,0,0,0,0,0,0,0,0,0,0,0,0,0,0
24,0,dense,1414,33,0,0,0,0,0,0,0,0,0,0,0,0,0
24,1,moe,800,30,10124,5336,5336,4441,297,0,50,0,723,8,3,5,8
24,2,moe,718,32,10815,6026,6026,4446,296,0,47,0,718,8,3,5,8
24,3,moe,634,28,3648,1672,1672,1807,144,0,25,0,757,8,6,2,8
24,4,moe,686,32,7918,4449,4450,3166,208,0,94,0,645,8,4,4,8
24,5,moe,771,32,6435,2303,2303,3834,246,0,52,0,609,8,3,5,8
24,6,moe,722,33,8973,3039,3039,5497,344,0,93,0,732,8,2,6,8
24,7,moe,634,32,5505,2089,2089,3134,199,0,83,0,599,8,4,4,8
24,8,moe,728,34,8711,2983,2983,5326,343,0,59,0,601,8,1,7,8
24,9,moe,780,34,11998,5106,5106,6381,395,0,116,0,724,8,1,7,8
24,10,moe,733,34,4506,1914,1914,2370,153,0,69,0,604,8,5,3,8
24,11,moe,644,33,9437,4523,4524,4561,297,0,55,0,598,8,2,6,8
24,12,moe,710,31,13149,7281,7281,5438,339,0,91,0,723,8,2,6,8
24,13,moe,775,32,7697,2682,2682,4632,291,0,92,0,599,8,2,6,8
24,14,moe,709,30,10001,5080,5080,4572,298,0,51,0,607,8,2,6,8
24,15,moe,635,32,12915,6108,6108,6315,392,0,100,0,716,8,1,7,8
24,16,moe,713,29,11439,4774,4774,6168,391,0,106,0,610,8,0,8,8
24,17,moe,784,31,5346,2053,2053,3057,198,0,38,0,603,8,4,4,8
24,18,moe,728,32,9249,4344,4344,4536,280,0,89,0,719,8,3,5,8
24,19,moe,650,32,7571,4170,4170,3129,202,0,70,0,594,8,4,4,8
24,20,moe,713,31,10046,5096,5097,4587,301,0,61,0,594,8,2,6,8
24,21,moe,778,32,8457,3539,3539,4558,279,0,81,0,716,8,3,5,8
24,22,moe,789,34,10019,5802,5803,3887,244,0,85,0,592,8,3,5,8
24,23,moe,630,30,9048,4136,4136,4556,278,0,78,0,713,8,3,5,8
24,24,moe,790,34,7668,3840,3842,3559,225,0,42,0,713,8,4,4,8
24,25,moe,786,32,3385,1481,1481,1764,113,0,27,0,714,8,6,2,8
24,26,moe,644,27,14271,7621,7621,6182,398,0,70,0,742,8,1,7,8
24,-1,epi,0,0,0,0,0,0,0,0,5647,0,0,0,0,0,0
25,-2,pre,207,0,0,0,0,0,0,0,0,0,0,0,0,0,0
25,0,dense,1418,34,0,0,0,0,0,0,0,0,0,0,0,0,0
25,1,moe,806,35,10,0,0,0,0,0,10,0,771,8,8,0,8
25,2,moe,729,33,1279,311,311,887,59,0,22,0,736,8,7,1,8
25,3,moe,649,41,6549,3679,3679,2660,177,0,33,0,716,8,5,3,8
25,4,moe,722,32,2129,1166,1166,857,51,0,55,0,602,8,7,1,8
25,5,moe,793,35,9,0,0,0,0,0,9,0,598,8,8,0,8
25,6,moe,711,32,2330,1221,1221,1000,59,0,50,0,720,8,7,1,8
25,7,moe,643,39,2043,1112,1112,838,52,0,41,0,605,8,7,1,8
25,8,moe,720,31,3108,1427,1427,1547,104,0,30,0,608,8,6,2,8
25,9,moe,791,32,1463,338,338,1022,59,0,44,0,733,8,7,1,8
25,10,moe,737,30,5948,3373,3373,2368,146,0,61,0,601,8,5,3,8
25,11,moe,634,29,9,0,0,0,0,0,9,0,597,8,8,0,8
25,12,moe,721,30,9,0,0,0,0,0,9,0,725,8,8,0,8
25,13,moe,794,29,4398,3560,3560,766,48,0,24,0,598,8,7,1,8
25,14,moe,725,30,3132,1483,1483,1521,101,0,27,0,603,8,6,2,8
25,15,moe,643,29,4989,1977,1977,2780,168,0,64,0,725,8,5,3,8
25,16,moe,713,31,3198,1435,1435,1601,101,0,61,0,603,8,6,2,8
25,17,moe,795,32,5899,3422,3422,2295,149,0,33,0,597,8,5,3,8
25,18,moe,722,32,4559,2487,2488,1895,116,0,60,0,721,8,6,2,8
25,19,moe,631,27,6187,3610,3610,2358,154,0,65,0,602,8,5,3,8
25,20,moe,708,29,1972,1122,1122,772,58,0,20,0,592,8,7,1,8
25,21,moe,786,29,6677,3681,3681,2761,168,0,67,0,716,8,5,3,8
25,22,moe,784,32,2237,1290,1290,846,50,0,51,0,608,8,7,1,8
25,23,moe,633,27,2360,1268,1268,996,57,0,39,0,714,8,7,1,8
25,24,moe,784,29,3447,1539,1539,1768,114,0,26,0,723,8,6,2,8
25,25,moe,788,31,1274,318,318,882,56,0,18,0,721,8,7,1,8
25,26,moe,629,34,1295,328,328,888,60,0,19,0,725,8,7,1,8
25,-1,epi,0,0,0,0,0,0,0,0,5778,0,0,0,0,0,0
26,-2,pre,1253,0,0,0,0,0,0,0,0,0,0,0,0,0,0
26,0,dense,1425,39,0,0,0,0,0,0,0,0,0,0,0,0,0
26,1,moe,803,34,3767,906,907,2655,170,0,35,0,737,8,5,3,8
26,2,moe,727,35,6954,4084,4085,2665,172,0,32,0,729,8,5,3,8
26,3,moe,637,34,2571,654,654,1777,117,1,22,0,730,8,6,2,8
26,4,moe,724,34,2163,1194,1194,860,51,0,58,0,603,8,7,1,8
26,5,moe,793,34,9,0,0,0,0,0,9,0,634,8,8,0,8
26,6,moe,746,40,2389,1260,1260,1020,59,0,50,0,726,8,7,1,8
26,7,moe,637,32,8,0,0,0,0,0,8,0,610,8,8,0,8
26,8,moe,725,32,2128,1149,1149,871,54,0,54,0,615,8,7,1,8
26,9,moe,793,34,10,0,0,0,0,0,10,0,731,8,8,0,8
26,10,moe,723,32,3945,2265,2265,1545,103,1,31,0,610,8,6,2,8
26,11,moe,640,35,3281,1616,1616,1531,104,0,30,0,619,8,6,2,8
26,12,moe,721,35,2365,1245,1246,1010,60,0,49,0,732,8,7,1,8
26,13,moe,793,35,3993,2229,2229,1600,100,0,64,0,618,8,6,2,8
26,14,moe,720,35,5160,2681,2682,2296,147,0,35,0,612,8,5,3,8
26,15,moe,637,34,5749,2741,2741,2777,170,0,61,0,728,8,5,3,8
26,16,moe,720,36,3443,858,859,2365,150,0,69,0,611,8,5,3,8
26,17,moe,788,33,1940,1101,1101,769,52,0,18,0,612,8,7,1,8
26,18,moe,718,33,4958,1922,1922,2802,174,0,60,0,732,8,5,3,8
26,19,moe,641,35,5779,2387,2387,3122,199,0,71,0,598,8,4,4,8
26,20,moe,719,36,3378,1712,1712,1534,103,0,29,0,605,8,6,2,8
26,21,moe,785,35,3724,1623,1623,1929,118,0,54,0,737,8,6,2,8
26,22,moe,787,34,4208,1615,1615,2375,152,0,66,0,610,8,5,3,8
26,23,moe,637,33,8,0,0,0,0,0,8,0,730,8,8,0,8
26,24,moe,796,33,7668,2715,2716,4571,290,0,91,0,733,8,3,5,8
26,25,moe,790,33,5174,4191,4191,894,62,0,27,0,716,8,7,1,8
26,26,moe,634,36,5607,2736,2736,2659,178,0,34,0,724,8,5,3,8
26,-1,epi,0,0,0,0,0,0,0,0,5756,0,0,0,0,0,0
27,-2,pre,182,0,0,0,0,0,0,0,0,0,0,0,0,0,0
27,0,dense,1422,43,0,0,0,0,0,0,0,0,0,0,0,0,0
27,1,moe,833,40,9987,5183,5183,4459,290,0,55,0,794,8,3,5,8
27,2,moe,757,41,7714,3782,3783,3614,264,0,53,0,778,8,4,4,8
27,3,moe,658,35,13385,6672,6672,6245,402,0,66,0,733,8,1,7,8
27,4,moe,718,38,6723,3250,3251,3168,201,0,103,0,630,8,4,4,8
27,5,moe,799,45,7181,3764,3764,3151,211,0,55,0,622,8,4,4,8
27,6,moe,718,37,4591,2467,2467,1941,118,0,65,0,725,8,6,2,8
27,7,moe,651,40,4119,2344,2345,1605,102,0,67,0,622,8,6,2,8
27,8,moe,765,46,2015,1164,1164,776,53,0,22,0,611,8,7,1,8
27,9,moe,822,38,6556,3492,3492,2812,185,0,67,0,740,8,5,3,8
27,10,moe,741,38,7272,3830,3830,3156,202,0,84,0,603,8,4,4,8
27,11,moe,656,74,6856,3543,3543,3075,196,0,42,0,600,8,4,4,8
27,12,moe,731,40,3588,1498,1499,1917,114,0,58,0,722,8,6,2,8
27,13,moe,786,35,7021,3599,3599,3139,198,0,85,0,603,8,4,4,8
27,14,moe,715,36,9029,4910,4910,3817,244,0,58,0,606,8,3,5,8
27,15,moe,629,35,14137,6369,6369,7217,446,0,105,0,719,8,0,8,8
27,16,moe,719,39,8149,3930,3931,3897,242,0,79,0,603,8,3,5,8
27,17,moe,776,34,4062,1598,1599,2284,147,0,32,0,604,8,5,3,8
27,18,moe,713,38,12662,5832,5832,6342,394,0,94,0,724,8,1,7,8
27,19,moe,627,34,8847,4657,4657,3859,247,0,84,0,601,8,3,5,8
27,20,moe,712,37,5962,2679,2679,3044,195,0,44,0,609,8,4,4,8
27,21,moe,804,35,7003,3025,3027,3676,228,0,72,0,718,8,4,4,8
27,22,moe,786,34,6176,2786,2786,3124,194,0,72,0,609,8,4,4,8
27,23,moe,641,32,3533,1494,1495,1874,114,0,50,0,721,8,6,2,8
27,24,moe,781,43,8595,2884,2885,5311,337,0,62,0,729,8,2,6,8
27,25,moe,782,38,8531,3751,3751,4440,288,0,52,0,724,8,3,5,8
27,26,moe,633,46,9737,4039,4039,5301,339,0,58,0,716,8,2,6,8
27,-1,epi,0,0,0,0,0,0,0,0,5691,0,0,0,0,0,0
28,-2,pre,202,0,0,0,0,0,0,0,0,0,0,0,0,0,0
28,0,dense,1423,40,0,0,0,0,0,0,0,0,0,0,0,0,0
28,1,moe,811,41,12416,6673,6674,5331,340,0,71,0,726,8,2,6,8
28,2,moe,717,35,9977,5194,5195,4447,286,0,49,0,724,8,3,5,8
28,3,moe,639,36,13117,6440,6440,6215,401,0,61,0,730,8,1,7,8
28,4,moe,707,35,4176,2377,2377,1627,102,0,70,0,598,8,6,2,8
28,5,moe,785,36,7655,4330,4332,3087,194,0,42,0,604,8,4,4,8
28,6,moe,715,35,5680,2664,2664,2779,170,0,67,0,746,8,5,3,8
28,7,moe,636,34,6995,3553,3553,3167,196,0,79,0,609,8,4,4,8
28,8,moe,790,35,5078,2588,2588,2308,148,0,34,0,637,8,5,3,8
28,9,moe,795,37,10764,5826,5826,4571,286,0,81,0,723,8,3,5,8
28,10,moe,722,38,9635,5401,5402,3900,244,0,89,0,601,8,3,5,8
28,11,moe,634,35,4039,1571,1571,2286,148,0,34,0,611,8,5,3,8
28,12,moe,739,39,2290,1198,1198,990,58,0,44,0,722,8,7,1,8
28,13,moe,800,39,6877,3467,3467,3142,196,0,72,0,605,8,4,4,8
28,14,moe,721,40,6282,2960,2960,3083,198,0,41,0,600,8,4,4,8
28,15,moe,639,37,6614,3595,3595,2781,168,0,70,0,725,8,5,3,8
28,16,moe,728,40,9998,4890,4890,4712,300,0,96,0,617,8,2,6,8
28,17,moe,778,34,7627,4338,4338,3049,200,0,40,0,597,8,4,4,8
28,18,moe,704,36,4832,1825,1825,2762,178,0,67,0,717,8,5,3,8
28,19,moe,634,36,7655,4243,4243,3137,201,0,74,0,601,8,4,4,8
28,20,moe,709,37,5973,3473,3473,2312,153,0,35,0,613,8,5,3,8
28,21,moe,782,38,5837,2768,2768,2834,169,0,66,0,767,8,5,3,8
28,22,moe,784,39,6373,2945,2945,3143,202,0,83,0,612,8,4,4,8
28,23,moe,623,35,4375,2284,2284,1907,123,0,61,0,715,8,6,2,8
28,24,moe,786,40,6493,3618,3618,2671,167,0,37,0,719,8,5,3,8
28,25,moe,784,35,5765,2895,2895,2658,173,0,39,0,719,8,5,3,8
28,26,moe,643,34,6555,3679,3681,2662,173,0,39,0,725,8,5,3,8
28,-1,epi,0,0,0,0,0,0,0,0,5732,0,0,0,0,0,0
29,-2,pre,940,0,0,0,0,0,0,0,0,0,0,0,0,0,0
29,0,dense,1418,39,0,0,0,0,0,0,0,0,0,0,0,0,0
29,1,moe,800,39,8844,5001,5001,3568,234,0,41,0,724,8,4,4,8
29,2,moe,719,36,9831,5028,5028,4460,290,0,53,0,734,8,3,5,8
29,3,moe,645,34,8610,4784,4784,3555,228,0,43,0,722,8,4,4,8
29,4,moe,709,35,6203,3574,3574,2393,148,0,88,0,593,8,5,3,8
29,5,moe,777,34,5963,3489,3489,2288,147,0,39,0,598,8,5,3,8
29,6,moe,710,33,13601,7625,7626,5509,379,0,87,0,778,8,2,6,8
29,7,moe,653,37,6068,3435,3435,2387,160,0,86,0,642,8,5,3,8
29,8,moe,734,37,9555,5399,5400,3846,252,1,56,0,620,8,3,5,8
29,9,moe,795,38,3659,1559,1560,1911,116,0,72,0,729,8,6,2,8
29,10,moe,725,37,4975,2384,2384,2364,149,0,78,0,612,8,5,3,8
29,11,moe,638,34,4913,2441,2441,2289,147,0,36,0,607,8,5,3,8
29,12,moe,726,35,2352,1278,1278,968,59,0,47,0,723,8,7,1,8
29,13,moe,792,35,5285,2700,2700,2368,147,1,69,0,609,8,5,3,8
29,14,moe,730,35,3299,836,836,2276,147,0,40,0,605,8,5,3,8
29,15,moe,635,33,3602,1573,1573,1860,114,0,55,0,733,8,6,2,8
29,16,moe,728,39,4440,1857,1857,2365,148,0,70,0,621,8,5,3,8
29,17,moe,796,41,6161,2875,2875,3048,196,0,42,0,613,8,4,4,8
29,18,moe,709,35,7011,3038,3038,3665,227,0,81,0,735,8,4,4,8
29,19,moe,633,34,6001,3428,3428,2359,148,0,66,0,606,8,5,3,8
29,20,moe,721,38,5668,3204,3205,2282,148,0,33,0,601,8,5,3,8
29,21,moe,791,38,7114,3144,3144,3671,223,0,76,0,725,8,4,4,8
29,22,moe,804,35,4062,2290,2290,1605,103,0,64,0,604,8,6,2,8
29,23,moe,647,32,10088,5177,5177,4544,282,1,84,0,724,8,3,5,8
29,24,moe,793,37,7852,4022,4023,3558,228,0,43,0,727,8,4,4,8
29,25,moe,789,33,7789,3980,3980,3544,225,0,40,0,729,8,4,4,8
29,26,moe,640,32,9140,4324,4324,4442,296,0,78,0,730,8,3,5,8
29,-1,epi,0,0,0,0,0,0,0,0,5689,0,0,0,0,0,0
30,-2,pre,217,0,0,0,0,0,0,0,0,0,0,0,0,0,0
30,0,dense,1420,33,0,0,0,0,0,0,0,0,0,0,0,0,0
30,1,moe,803,30,11380,5652,5652,5327,344,0,57,0,729,8,2,6,8
30,2,moe,725,32,6382,3522,3522,2657,167,0,36,0,727,8,5,3,8
30,3,moe,632,30,11626,5886,5886,5334,337,0,69,0,730,8,2,6,8
30,4,moe,729,35,7036,3610,3610,3143,195,0,88,0,610,8,4,4,8
30,5,moe,795,35,2212,549,549,1534,98,0,31,0,611,8,6,2,8
30,6,moe,714,32,2361,1245,1245,1009,57,0,50,0,728,8,7,1,8
30,7,moe,639,29,5888,3311,3311,2361,151,0,65,0,602,8,5,3,8
30,8,moe,727,31,3056,1404,1404,1526,99,0,27,0,603,8,6,2,8
30,9,moe,802,30,4911,1893,1893,2782,170,0,66,0,724,8,5,3,8
30,10,moe,723,31,9401,4322,4322,4677,307,0,95,0,608,8,2,6,8
30,11,moe,633,31,5884,3409,3409,2290,151,0,34,0,604,8,5,3,8
30,12,moe,716,32,10969,6046,6047,4544,289,0,89,0,735,8,3,5,8
30,13,moe,787,30,6152,2744,2744,3124,200,0,84,0,607,8,4,4,8
30,14,moe,710,30,8783,4653,4653,3836,243,0,51,0,608,8,3,5,8
30,15,moe,634,30,6636,2698,2698,3645,227,0,66,0,726,8,4,4,8
30,16,moe,717,31,7180,3759,3759,3142,193,0,86,0,601,8,4,4,8
30,17,moe,789,32,7378,3281,3281,3805,245,0,47,0,602,8,3,5,8
30,18,moe,720,42,10178,3418,3418,6265,397,0,98,0,726,8,1,7,8
30,19,moe,636,36,11664,6622,6622,4643,303,0,96,0,609,8,2,6,8
30,20,moe,710,32,13116,7379,7379,5332,348,0,57,0,601,8,1,7,8
30,21,moe,774,32,9756,4884,4886,4508,280,0,82,0,718,8,3,5,8
30,22,moe,787,33,9135,4145,4145,4604,297,0,89,0,599,8,2,6,8
30,23,moe,630,30,9100,4244,4244,4500,282,0,74,0,723,8,3,5,8
30,24,moe,784,29,11609,4970,4970,6184,395,0,60,0,731,8,1,7,8
30,25,moe,780,33,8311,3569,3569,4412,282,0,48,0,720,8,3,5,8
30,26,moe,636,29,13615,6956,6956,6185,398,0,76,0,720,8,1,7,8
30,-1,epi,0,0,0,0,0,0,0,0,5650,0,0,0,0,0,0
31,-2,pre,226,0,0,0,0,0,0,0,0,0,0,0,0,0,0
31,0,dense,1412,37,0,0,0,0,0,0,0,0,0,0,0,0,0
31,1,moe,791,33,14512,7866,7866,6184,396,0,66,0,727,8,1,7,8
31,2,moe,721,31,13148,7441,7441,5310,337,0,60,0,737,8,2,6,8
31,3,moe,641,28,13676,7007,7008,6213,393,0,62,0,723,8,1,7,8
31,4,moe,715,31,7197,3788,3788,3123,202,0,84,0,607,8,4,4,8
31,5,moe,778,32,4429,1951,1952,2286,151,0,40,0,603,8,5,3,8
31,6,moe,724,33,7978,3999,3999,3665,230,0,84,0,731,8,4,4,8
31,7,moe,636,29,6901,3494,3494,3130,200,0,77,0,600,8,4,4,8
31,8,moe,710,31,8040,4739,4739,3053,204,0,44,0,604,8,4,4,8
31,9,moe,785,31,8338,3406,3406,4545,288,0,99,0,719,8,3,5,8
31,10,moe,725,31,8251,3947,3947,3938,265,0,101,0,670,8,3,5,8
31,11,moe,670,39,11261,5449,5449,5385,359,0,68,0,621,8,1,7,8
31,12,moe,732,34,8321,5289,5290,2782,171,0,78,0,731,8,5,3,8
31,13,moe,792,33,8982,4767,4767,3884,243,0,88,0,601,8,3,5,8
31,14,moe,723,31,6229,2944,2944,3041,195,0,49,0,602,8,4,4,8
31,15,moe,642,30,12388,6526,6526,5431,336,0,95,0,723,8,2,6,8
31,16,moe,745,34,10859,4199,4200,6160,394,0,105,0,612,8,0,8,8
31,17,moe,804,33,12237,6489,6489,5342,343,0,63,0,605,8,1,7,8
31,18,moe,722,29,17198,5187,5187,11509,401,0,101,0,730,8,1,7,8
31,19,moe,648,34,9152,4116,4118,4646,293,0,95,0,604,8,2,6,8
31,20,moe,732,33,8093,3990,3990,3814,244,0,45,0,608,8,3,5,8
31,21,moe,3952,33,6253,2269,2269,3671,229,0,84,0,722,8,4,4,8
31,22,moe,801,31,8190,3921,3921,3902,249,0,118,0,600,8,3,5,8
31,23,moe,633,30,12245,6363,6363,5450,342,0,90,0,722,8,2,6,8
31,24,moe,790,35,13702,6082,6082,7096,446,0,78,0,724,8,0,8,8
31,25,moe,785,30,12595,5922,5922,6216,392,0,65,0,723,8,1,7,8
31,26,moe,628,29,11984,5330,5330,6197,392,0,65,0,721,8,1,7,8
31,-1,epi,0,0,0,0,0,0,0,0,5664,0,0,0,0,0,0
32,-2,pre,242,0,0,0,0,0,0,0,0,0,0,0,0,0,0
32,0,dense,1422,39,0,0,0,0,0,0,0,0,0,0,0,0,0
32,1,moe,809,36,14090,5696,5696,8051,288,0,55,0,720,8,3,5,8
32,2,moe,714,36,6014,3157,3157,2655,168,0,34,0,727,8,5,3,8
32,3,moe,642,33,11318,5524,5524,5346,343,0,105,0,723,8,2,6,8
32,4,moe,712,37,6312,2915,2915,3109,198,0,90,0,595,8,4,4,8
32,5,moe,780,35,4270,1799,1799,2287,149,0,35,0,596,8,5,3,8
32,6,moe,715,33,5425,1876,1876,3365,115,1,68,0,728,8,6,2,8
32,7,moe,632,34,5982,3396,3396,2358,153,0,75,0,601,8,5,3,8
32,8,moe,718,33,5036,2540,2540,2311,150,0,35,0,603,8,5,3,8
32,9,moe,785,35,4905,1899,1899,2758,170,0,78,0,735,8,5,3,8
32,10,moe,720,38,8964,3107,3107,5585,196,0,76,0,593,8,4,4,8
32,11,moe,632,33,7410,3302,3303,3802,247,0,58,0,604,8,3,5,8
32,12,moe,714,34,10067,3133,3133,6634,229,0,71,0,718,8,4,4,8
32,13,moe,785,34,6282,3729,3729,2340,148,0,65,0,595,8,5,3,8
32,14,moe,716,33,4959,2482,2482,2292,145,0,40,0,601,8,5,3,8
32,15,moe,623,34,7162,3193,3193,3674,227,0,68,0,727,8,4,4,8
32,16,moe,726,36,7332,3129,3129,3872,244,0,87,0,599,8,3,5,8
32,17,moe,791,36,7209,3120,3120,3797,246,0,46,0,603,8,3,5,8
32,18,moe,722,33,10365,4503,4506,5417,341,0,101,0,718,8,2,6,8
32,19,moe,628,33,11633,6610,6610,4638,291,0,94,0,599,8,2,6,8
32,20,moe,719,33,5888,3430,3431,2276,147,0,34,0,595,8,5,3,8
32,21,moe,786,33,10416,5473,5473,4573,280,0,90,0,714,8,3,5,8
32,22,moe,791,43,10045,5019,5019,4636,293,0,97,0,596,8,2,6,8
32,23,moe,630,35,8649,4685,4685,3662,226,0,76,0,718,8,4,4,8
32,24,moe,789,35,9388,3669,3669,5322,336,0,61,0,717,8,2,6,8
32,25,moe,794,36,8560,3814,3816,4419,281,0,44,0,718,8,3,5,8
32,26,moe,629,32,7706,3886,3889,3548,227,0,42,0,721,8,4,4,8
32,-1,epi,0,0,0,0,0,0,0,0,5636,0,0,0,0,0,0
33,-2,pre,210,0,0,0,0,0,0,0,0,0,0,0,0,0,0
33,0,dense,1411,43,0,0,0,0,0,0,0,0,0,0,0,0,0
33,1,moe,828,40,9938,5179,5179,4434,278,0,47,0,726,8,3,5,8
33,2,moe,721,35,6691,3835,3835,2652,170,0,34,0,728,8,5,3,8
33,3,moe,631,34,4355,2447,2448,1768,114,0,25,0,717,8,6,2,8
33,4,moe,717,36,4045,2270,2270,1603,101,0,71,0,602,8,6,2,8
33,5,moe,801,41,3024,1375,1375,1521,101,0,27,0,603,8,6,2,8
33,6,moe,730,32,6594,3557,3557,2789,167,0,81,0,724,8,5,3,8
33,7,moe,634,31,1208,275,275,835,48,1,49,0,606,8,7,1,8
33,8,moe,729,37,4981,2497,2497,2302,149,0,33,0,611,8,5,3,8
33,9,moe,790,34,6075,3983,3983,1893,133,0,66,0,742,8,6,2,8
33,10,moe,733,34,7085,3623,3624,3152,214,0,95,0,663,8,4,4,8
33,11,moe,690,47,4174,1650,1650,2333,154,0,37,0,625,8,5,3,8
33,12,moe,726,36,10872,3971,3971,6573,236,0,92,0,728,8,4,4,8
33,13,moe,794,40,3590,572,572,2842,101,1,74,0,608,8,6,2,8
33,14,moe,733,41,6262,2969,2970,3055,196,0,41,0,601,8,4,4,8
33,15,moe,642,35,5220,1275,1275,3642,227,0,76,0,730,8,4,4,8
33,16,moe,729,37,4352,1757,1757,2374,148,0,73,0,605,8,5,3,8
33,17,moe,818,39,5436,2123,2123,3067,204,0,42,0,607,8,4,4,8
33,18,moe,735,35,5121,2094,2095,2791,172,0,63,0,721,8,5,3,8
33,19,moe,632,37,4623,2056,2056,2348,149,0,70,0,597,8,5,3,8
33,20,moe,716,33,11842,6106,6108,5329,340,0,65,0,604,8,1,7,8
33,21,moe,782,34,10037,5142,5142,4527,284,0,84,0,719,8,3,5,8
33,22,moe,793,33,4265,1677,1677,2374,146,0,68,0,600,8,5,3,8
33,23,moe,626,34,4553,2486,2486,1891,116,0,60,0,724,8,6,2,8
33,24,moe,788,40,1302,338,338,888,59,0,17,0,726,8,7,1,8
33,25,moe,790,36,4330,2409,2409,1770,118,0,33,0,717,8,6,2,8
33,26,moe,647,32,10,0,0,0,0,0,10,0,722,8,8,0,8
33,-1,epi,0,0,0,0,0,0,0,0,5739,0,0,0,0,0,0
34,-2,pre,214,0,0,0,0,0,0,0,0,0,0,0,0,0,0
34,0,dense,1431,40,0,0,0,0,0,0,0,0,0,0,0,0,0
34,1,moe,820,40,11077,2675,2675,8067,284,0,51,0,738,8,3,5,8
34,2,moe,745,37,6079,2254,2254,3556,229,0,40,0,741,8,4,4,8
34,3,moe,653,35,7137,3323,3323,3549,226,0,39,0,722,8,4,4,8
34,4,moe,715,35,4375,1816,1817,2338,145,0,75,0,600,8,5,3,8
34,5,moe,806,36,3974,2327,2327,1524,99,0,24,0,599,8,6,2,8
34,6,moe,714,37,4984,1990,1990,2752,172,0,70,0,727,8,5,3,8
34,7,moe,634,35,4215,1668,1668,2332,149,0,66,0,632,8,5,3,8
34,8,moe,723,39,1100,273,273,759,50,0,18,0,618,8,7,1,8
34,9,moe,795,38,9,0,0,0,0,0,9,0,739,8,8,0,8
34,10,moe,736,40,2280,590,590,1553,101,0,36,0,614,8,6,2,8
34,11,moe,646,39,6780,3496,3496,3044,201,0,39,0,607,8,4,4,8
34,12,moe,744,39,6938,2055,2055,4513,288,0,82,0,728,8,3,5,8
34,13,moe,803,37,1195,280,280,812,51,0,52,0,616,8,7,1,8
34,14,moe,736,36,6256,2980,2980,3036,198,0,42,0,610,8,4,4,8
34,15,moe,646,33,4914,1925,1925,2757,169,0,63,0,729,8,5,3,8
34,16,moe,724,35,6504,3095,3095,3131,197,0,81,0,606,8,4,4,8
34,17,moe,795,36,7975,3876,3876,3806,243,0,50,0,608,8,3,5,8
34,18,moe,723,33,7748,2857,2857,4533,281,0,77,0,727,8,3,5,8
34,19,moe,646,39,5655,2246,2246,3134,201,0,74,0,606,8,4,4,8
34,20,moe,732,34,7388,3041,3041,4161,153,0,33,0,601,8,5,3,8
34,21,moe,784,37,10846,3952,3952,6606,228,0,60,0,722,8,4,4,8
34,22,moe,793,37,6451,3039,3039,3140,197,0,75,0,601,8,4,4,8
34,23,moe,624,32,4451,2382,2385,1900,113,0,53,0,719,8,6,2,8
34,24,moe,864,41,13003,8233,8234,4442,279,0,48,0,724,8,3,5,8
34,25,moe,788,39,5713,2836,2836,2669,171,0,37,0,721,8,5,3,8
34,26,moe,645,34,7022,3165,3166,3566,234,0,56,0,721,8,4,4,8
34,-1,epi,0,0,0,0,0,0,0,0,5663,0,0,0,0,0,0
35,-2,pre,209,0,0,0,0,0,0,0,0,0,0,0,0,0,0
35,0,dense,1416,40,0,0,0,0,0,0,0,0,0,0,0,0,0
35,1,moe,800,35,12928,4532,4533,8056,288,0,51,0,720,8,3,5,8
35,2,moe,725,37,7997,4168,4168,3550,229,0,50,0,726,8,4,4,8
35,3,moe,634,33,6394,3520,3520,2667,169,0,38,0,718,8,5,3,8
35,4,moe,729,34,5121,2525,2525,2362,147,0,87,0,600,8,5,3,8
35,5,moe,807,37,3159,1499,1499,1537,98,0,25,0,597,8,6,2,8
35,6,moe,727,33,2255,1149,1150,1002,57,0,46,0,722,8,7,1,8
35,7,moe,634,33,2456,714,714,1591,98,0,53,0,603,8,6,2,8
35,8,moe,723,38,2221,568,568,1527,102,0,24,0,627,8,6,2,8
35,9,moe,804,35,6283,3281,3281,2768,170,0,64,0,724,8,5,3,8
35,10,moe,715,34,10531,4629,4629,5628,197,0,77,0,606,8,4,4,8
35,11,moe,639,33,3845,2184,2184,1524,98,0,39,0,599,8,6,2,8
35,12,moe,725,33,6175,2247,2247,3631,224,0,73,0,726,8,4,4,8
35,13,moe,791,33,3172,1405,1405,1606,99,0,62,0,605,8,6,2,8
35,14,moe,730,33,7344,3228,3228,3820,244,0,52,0,607,8,3,5,8
35,15,moe,629,34,5039,2019,2019,2779,173,0,68,0,725,8,5,3,8
35,16,moe,730,32,5131,2545,2545,2361,152,0,73,0,600,8,5,3,8
35,17,moe,781,34,6265,2956,2957,3068,199,0,41,0,591,8,4,4,8
35,18,moe,711,35,6406,2411,2411,3681,231,0,83,0,718,8,4,4,8
35,19,moe,632,33,6909,3517,3517,3120,200,0,72,0,604,8,4,4,8
35,20,moe,718,34,8109,4020,4020,3799,243,0,47,0,607,8,3,5,8
35,21,moe,794,33,3594,1543,1543,1881,113,0,57,0,720,8,6,2,8
35,22,moe,790,28,7177,2977,2977,3858,245,0,97,0,603,8,3,5,8
35,23,moe,637,27,12565,7636,7636,4572,280,0,77,0,723,8,3,5,8
35,24,moe,792,31,6647,3783,3784,2659,172,0,32,0,729,8,5,3,8
35,25,moe,794,44,7901,3969,3969,3617,255,0,60,0,788,8,4,4,8
35,26,moe,663,37,15346,7720,7721,7094,452,0,79,0,739,8,0,8,8
35,-1,epi,0,0,0,0,0,0,0,0,5693,0,0,0,0,0,0
36,-2,pre,208,0,0,0,0,0,0,0,0,0,0,0,0,0,0
36,0,dense,1433,35,0,0,0,0,0,0,0,0,0,0,0,0,0
36,1,moe,817,38,17270,5520,5520,11284,400,0,66,0,735,8,1,7,8
36,2,moe,738,47,2206,1239,1239,887,60,0,20,0,727,8,7,1,8
36,3,moe,647,29,10637,3916,3916,6449,226,0,46,0,722,8,4,4,8
36,4,moe,725,32,3128,1347,1347,1609,101,0,71,0,596,8,6,2,8
36,5,moe,791,30,4005,2356,2356,1519,104,0,26,0,604,8,6,2,8
36,6,moe,724,31,3589,1525,1525,1886,118,0,60,0,725,8,6,2,8
36,7,moe,636,27,8642,2757,2758,5616,197,0,71,0,600,8,4,4,8
36,8,moe,731,31,10,0,0,0,0,0,10,0,591,8,8,0,8
36,9,moe,792,28,4420,2346,2346,1899,114,0,61,0,728,8,6,2,8
36,10,moe,715,28,3996,2233,2233,1610,98,0,55,0,600,8,6,2,8
36,11,moe,639,29,1724,280,280,1377,51,0,16,0,605,8,7,1,8
36,12,moe,734,33,11116,4224,4225,6576,229,0,86,0,726,8,4,4,8
36,13,moe,784,31,5216,2178,2178,2871,102,0,65,0,596,8,6,2,8
36,14,moe,730,41,7621,3292,3292,4140,149,0,40,0,600,8,5,3,8
36,15,moe,635,29,7867,2686,2686,4942,172,0,67,0,718,8,5,3,8
36,16,moe,729,29,6297,1867,1867,4218,145,0,67,0,597,8,5,3,8
36,17,moe,788,29,7196,3091,3091,3807,246,0,52,0,604,8,3,5,8
36,18,moe,717,30,5930,2939,2939,2751,169,0,71,0,719,8,5,3,8
36,19,moe,639,28,9817,6382,6382,3130,198,0,107,0,596,8,4,4,8
36,20,moe,714,29,7615,4320,4320,3050,201,0,44,0,605,8,4,4,8
36,21,moe,782,30,8081,4111,4111,3658,227,0,85,0,726,8,4,4,8
36,22,moe,782,29,9930,5680,5681,3914,247,0,88,0,605,8,3,5,8
36,23,moe,632,28,11590,4772,4772,6510,230,0,78,0,723,8,4,4,8
36,24,moe,789,28,10578,3860,3860,6446,233,0,39,0,717,8,4,4,8
36,25,moe,786,28,13555,5170,5170,8031,295,0,59,0,722,8,3,5,8
36,26,moe,629,28,6874,1833,1833,4824,182,0,35,0,715,8,5,3,8
36,-1,epi,0,0,0,0,0,0,0,0,5634,0,0,0,0,0,0
37,-2,pre,209,0,0,0,0,0,0,0,0,0,0,0,0,0,0
37,0,dense,1421,33,0,0,0,0,0,0,0,0,0,0,0,0,0
37,1,moe,812,32,6222,2380,2380,3551,245,0,46,0,723,8,4,4,8
37,2,moe,728,31,7729,2691,2691,4825,180,0,33,0,724,8,5,3,8
37,3,moe,640,30,5641,2753,2753,2665,187,0,36,0,719,8,5,3,8
37,4,moe,718,28,6210,2781,2783,3140,196,0,91,0,603,8,4,4,8
37,5,moe,784,30,7658,3333,3333,4138,151,0,36,0,609,8,5,3,8
37,6,moe,720,28,9,0,0,0,0,0,9,0,719,8,8,0,8
37,7,moe,644,29,3897,2236,2236,1535,98,0,28,0,606,8,6,2,8
37,8,moe,716,30,7745,3398,3399,4161,149,0,36,0,598,8,5,3,8
37,9,moe,787,29,6007,2452,2453,3371,112,0,71,0,720,8,6,2,8
37,10,moe,726,29,2730,1150,1150,1475,48,0,57,0,602,8,7,1,8
37,11,moe,653,27,8404,2636,2636,5524,195,0,49,0,592,8,4,4,8
37,12,moe,724,32,11225,4328,4328,6589,227,0,81,0,717,8,4,4,8
37,13,moe,777,28,4321,1340,1341,2816,101,0,63,0,619,8,6,2,8
37,14,moe,710,28,6830,2504,2505,4139,150,0,36,0,598,8,5,3,8
37,15,moe,633,27,10569,3667,3667,6595,228,0,79,0,714,8,4,4,8
37,16,moe,709,27,9885,3943,3943,5663,194,0,85,0,591,8,4,4,8
37,17,moe,788,32,12088,4891,4891,6908,246,0,43,0,618,8,3,5,8
37,18,moe,707,31,5030,1501,1501,3350,115,0,64,0,712,8,6,2,8
37,19,moe,649,32,6201,2809,2809,3112,202,0,78,0,593,8,4,4,8
37,20,moe,709,29,1428,592,592,764,51,0,21,0,594,8,7,1,8
37,21,moe,831,36,6421,4388,4388,1851,113,0,69,0,712,8,6,2,8
37,22,moe,783,36,6888,2448,2448,4215,152,0,73,0,601,8,5,3,8
37,23,moe,642,34,9045,5056,5056,3679,233,0,77,0,720,8,4,4,8
37,24,moe,780,35,12960,7226,7226,5338,335,0,61,0,722,8,2,6,8
37,25,moe,783,36,10696,5935,5936,4421,285,0,54,0,730,8,3,5,8
37,26,moe,640,38,16581,6479,6479,9695,342,0,65,0,713,8,2,6,8
37,-1,epi,0,0,0,0,0,0,0,0,5607,0,0,0,0,0,0
38,-2,pre,204,0,0,0,0,0,0,0,0,0,0,0,0,0,0
38,0,dense,1409,39,0,0,0,0,0,0,0,0,0,0,0,0,0
38,1,moe,801,33,10926,4094,4094,6538,252,0,42,0,718,8,4,4,8
38,2,moe,719,41,10,0,0,0,0,0,10,0,716,8,8,0,8
38,3,moe,651,38,5696,2767,2767,2703,188,0,38,0,763,8,5,3,8
38,4,moe,736,38,2703,1114,1114,1457,55,0,77,0,641,8,7,1,8
38,5,moe,794,40,2535,1083,1083,1380,51,0,21,0,611,8,7,1,8
38,6,moe,725,37,3042,1221,1221,1714,59,0,48,0,727,8,7,1,8
38,7,moe,641,34,9,0,0,0,0,0,9,0,611,8,8,0,8
38,8,moe,725,34,4472,1455,1455,2852,101,1,63,0,607,8,6,2,8
38,9,moe,801,40,2341,1260,1260,973,58,0,50,0,724,8,7,1,8
38,10,moe,736,35,2757,1158,1158,1493,51,0,55,0,605,8,7,1,8
38,11,moe,642,31,7645,3321,3321,4138,151,0,35,0,626,8,5,3,8
38,12,moe,717,35,9,0,0,0,0,0,9,0,719,8,8,0,8
38,13,moe,791,33,9,0,0,0,0,0,9,0,611,8,8,0,8
38,14,moe,734,34,3936,3106,3106,761,50,0,19,0,601,8,7,1,8
38,15,moe,638,32,7960,2747,2747,4961,176,0,76,0,720,8,5,3,8
38,16,moe,724,34,9503,3610,3610,5609,199,0,85,0,599,8,4,4,8
38,17,moe,801,37,8559,2784,2784,5527,202,0,46,0,599,8,4,4,8
38,18,moe,715,33,8,0,0,0,0,0,8,0,728,8,8,0,8
38,19,moe,648,32,3917,2251,2251,1539,100,0,27,0,597,8,6,2,8
38,20,moe,720,35,7626,3291,3292,4139,149,0,46,0,597,8,5,3,8
38,21,moe,782,33,10911,4045,4045,6551,226,0,89,0,716,8,4,4,8
38,22,moe,783,34,5252,2668,2668,2357,147,0,80,0,604,8,5,3,8
38,23,moe,633,36,13479,4992,4992,8116,288,0,83,0,720,8,3,5,8
38,24,moe,784,37,10626,3910,3915,6441,225,0,45,0,720,8,4,4,8
38,25,moe,785,38,4901,1549,1549,3212,115,0,25,0,714,8,6,2,8
38,26,moe,634,34,11511,4815,4816,6426,226,0,43,0,713,8,4,4,8
38,-1,epi,0,0,0,0,0,0,0,0,5630,0,0,0,0,0,0
39,-2,pre,196,0,0,0,0,0,0,0,0,0,0,0,0,0,0
39,0,dense,1422,41,0,0,0,0,0,0,0,0,0,0,0,0,0
39,1,moe,821,39,5857,2492,2492,3210,121,0,34,0,718,8,6,2,8
39,2,moe,724,34,11354,4618,4618,6454,236,0,46,0,721,8,4,4,8
39,3,moe,640,33,10681,3947,3948,6461,224,0,48,0,716,8,4,4,8
39,4,moe,711,33,10421,4499,4499,5634,197,0,91,0,594,8,4,4,8
39,5,moe,791,33,1714,272,272,1375,48,0,19,0,604,8,7,1,8
39,6,moe,745,33,2202,324,324,1770,58,0,50,0,724,8,7,1,8
39,7,moe,647,35,6192,3638,3638,2335,150,0,69,0,596,8,5,3,8
39,8,moe,718,32,7588,3267,3267,4135,148,0,38,0,598,8,5,3,8
39,9,moe,780,33,12996,4450,4450,8176,282,0,88,0,718,8,3,5,8
39,10,moe,708,34,5260,2211,2211,2887,98,0,64,0,593,8,6,2,8
39,11,moe,630,32,9321,3567,3567,5512,194,0,48,0,600,8,4,4,8
39,12,moe,716,33,8864,3652,3652,4975,171,0,66,0,717,8,5,3,8
39,13,moe,776,32,5235,792,792,4222,150,0,71,0,602,8,5,3,8
39,14,moe,733,37,2035,1206,1206,761,48,0,20,0,601,8,7,1,8
39,15,moe,627,32,11850,5992,5993,5434,338,1,84,0,719,8,2,6,8
39,16,moe,709,33,7829,3345,3345,4270,146,0,68,0,591,8,5,3,8
39,17,moe,776,34,6734,3443,3444,3054,197,0,39,0,603,8,4,4,8
39,18,moe,712,32,5226,1258,1258,3653,225,0,90,0,721,8,4,4,8
39,19,moe,635,33,11311,3973,3974,7005,248,0,84,0,597,8,3,5,8
39,20,moe,716,32,10346,4582,4582,5519,203,0,42,0,599,8,4,4,8
39,21,moe,776,35,14085,5504,5504,8214,285,0,82,0,720,8,3,5,8
39,22,moe,787,33,11234,3915,3916,6980,243,0,95,0,597,8,3,5,8
39,23,moe,644,37,17225,6973,6975,9820,342,0,88,0,715,8,2,6,8
39,24,moe,796,35,16771,6694,6694,9675,341,0,61,0,712,8,2,6,8
39,25,moe,791,33,18064,7174,7174,10433,398,0,59,0,708,8,1,7,8
39,26,moe,629,34,11739,4993,4993,6475,233,0,38,0,705,8,4,4,8
39,-1,epi,0,0,0,0,0,0,0,0,5570,0,0,0,0,0,0
40,-2,pre,209,0,0,0,0,0,0,0,0,0,0,0,0,0,0
40,0,dense,1411,42,0,0,0,0,0,0,0,0,0,0,0,0,0
40,1,moe,812,35,4329,2417,2417,1767,116,0,29,0,723,8,6,2,8
40,2,moe,740,43,5927,2482,2482,3301,113,0,31,0,718,8,6,2,8
40,3,moe,668,35,11860,6133,6133,5319,347,0,61,0,724,8,2,6,8
40,4,moe,741,38,5920,3356,3356,2333,147,0,84,0,601,8,5,3,8
40,5,moe,784,36,4202,1745,1746,2275,148,0,33,0,600,8,5,3,8
40,6,moe,711,36,3581,1512,1512,1887,114,0,68,0,750,8,6,2,8
40,7,moe,632,36,9552,3623,3624,5632,204,0,92,0,599,8,4,4,8
40,8,moe,742,39,2592,1105,1106,1401,59,0,26,0,639,8,7,1,8
40,9,moe,850,47,3131,1289,1289,1712,65,0,65,0,802,8,7,1,8
40,10,moe,725,37,9561,3617,3617,5645,210,0,89,0,613,8,4,4,8
40,11,moe,643,38,5245,2349,2349,2762,98,0,36,0,604,8,6,2,8
40,12,moe,722,33,3150,1285,1286,1746,58,0,60,0,724,8,7,1,8
40,13,moe,797,35,10405,4511,4511,5603,196,0,95,0,601,8,4,4,8
40,14,moe,731,37,7634,3273,3273,4175,150,0,36,0,613,8,5,3,8
40,15,moe,635,33,10792,3890,3892,6584,230,2,84,0,721,8,4,4,8
40,16,moe,724,49,6215,1775,1775,4215,147,0,78,0,598,8,5,3,8
40,17,moe,777,35,4339,1459,1460,2752,99,0,28,0,609,8,6,2,8
40,18,moe,720,208,15426,8539,8539,6583,223,0,81,0,717,8,4,4,8
40,19,moe,628,37,6954,2436,2436,4255,147,0,116,0,605,8,5,3,8
40,20,moe,718,41,10397,4650,4651,5504,195,0,47,0,599,8,4,4,8
40,21,moe,780,33,9003,3737,3737,5019,174,0,73,0,715,8,5,3,8
40,22,moe,6502,45,5222,2170,2170,2885,98,0,69,0,599,8,6,2,8
40,23,moe,629,35,14763,6129,6129,8258,286,0,90,0,715,8,3,5,8
40,24,moe,776,36,11349,4625,4625,6446,226,1,51,0,714,8,4,4,8
40,25,moe,780,33,12119,3711,3712,8060,281,0,66,0,719,8,3,5,8
40,26,moe,637,32,12011,3611,3611,8057,285,1,57,0,717,8,3,5,8
40,-1,epi,0,0,0,0,0,0,0,0,5586,0,0,0,0,0,0
41,-2,pre,44,0,0,0,0,0,0,0,0,0,0,0,0,0,0
41,0,dense,1440,37,0,0,0,0,0,0,0,0,0,0,0,0,0
41,1,moe,802,39,9014,3971,3971,4833,173,0,37,0,726,8,5,3,8
41,2,moe,729,35,9866,3155,3156,6438,228,0,44,0,721,8,4,4,8
41,3,moe,632,32,8696,3628,3629,4856,170,0,41,0,713,8,5,3,8
41,4,moe,709,33,7794,3315,3315,4254,149,0,76,0,609,8,5,3,8
41,5,moe,781,35,10346,4566,4566,5532,200,0,48,0,596,8,4,4,8
41,6,moe,706,33,8123,2903,2903,4971,170,0,79,0,714,8,5,3,8
41,7,moe,638,32,18,0,0,0,0,0,18,0,601,8,8,0,8
41,8,moe,723,37,9,0,0,0,0,0,9,0,609,8,8,0,8
41,9,moe,801,33,1981,296,296,1605,59,0,21,0,720,8,7,1,8
41,10,moe,740,35,7142,2648,2648,4256,151,0,87,0,599,8,5,3,8
41,11,moe,623,32,4645,1759,1759,2757,101,0,28,0,597,8,6,2,8
41,12,moe,726,34,10,0,0,0,0,0,10,0,713,8,8,0,8
41,13,moe,784,33,5176,2292,2292,2754,98,0,32,0,599,8,6,2,8
41,14,moe,714,33,9543,3780,3780,5523,194,0,46,0,608,8,4,4,8
41,15,moe,627,34,2111,313,313,1693,56,0,49,0,716,8,7,1,8
41,16,moe,728,42,8108,3607,3607,4271,150,0,80,0,596,8,5,3,8
41,17,moe,782,32,9,0,0,0,0,0,9,0,600,8,8,0,8
41,18,moe,720,28,2201,312,312,1774,56,0,59,0,714,8,7,1,8
41,19,moe,630,27,4422,1390,1390,2867,100,0,65,0,598,8,6,2,8
41,20,moe,722,27,5213,2336,2336,2747,102,0,28,0,594,8,6,2,8
41,21,moe,786,30,6133,2609,2609,3340,118,0,66,0,712,8,6,2,8
41,22,moe,797,30,2794,1190,1190,1492,55,0,57,0,590,8,7,1,8
41,23,moe,633,27,8884,3649,3649,4983,175,0,77,0,720,8,5,3,8
41,24,moe,786,29,7973,2928,2928,4835,168,0,42,0,725,8,5,3,8
41,25,moe,786,28,7742,2704,2704,4826,168,0,44,0,707,8,5,3,8
41,26,moe,628,27,5815,2405,2406,3261,117,0,31,0,735,8,6,2,8
41,-1,epi,0,0,0,0,0,0,0,0,5631,0,0,0,0,0,0
42,-2,pre,342,0,0,0,0,0,0,0,0,0,0,0,0,0,0
42,0,dense,1414,38,0,0,0,0,0,0,0,0,0,0,0,0,0
42,1,moe,815,38,11020,4308,4308,6433,226,0,53,0,726,8,4,4,8
42,2,moe,736,35,11585,4856,4856,6447,227,0,55,0,720,8,4,4,8
42,3,moe,639,32,7999,2938,2938,4851,172,0,38,0,735,8,5,3,8
42,4,moe,716,30,12232,4854,4854,7025,250,0,103,0,599,8,3,5,8
42,5,moe,782,29,12812,5597,5597,6904,248,0,63,0,599,8,3,5,8
42,6,moe,713,32,4517,2444,2445,1887,114,0,71,0,718,8,6,2,8
42,7,moe,641,33,7744,4322,4323,3130,196,0,95,0,594,8,4,4,8
42,8,moe,708,30,7751,4405,4407,3095,196,0,53,0,596,8,4,4,8
42,9,moe,781,31,8892,3710,3710,4935,171,0,76,0,721,8,5,3,8
42,10,moe,711,31,6953,2512,2512,4215,146,0,80,0,599,8,5,3,8
42,11,moe,624,27,5717,3228,3228,2303,147,0,39,0,601,8,5,3,8
42,12,moe,735,31,6170,3178,3178,2744,170,0,78,0,719,8,5,3,8
42,13,moe,781,27,4069,2317,2317,1591,97,0,64,0,615,8,6,2,8
42,14,moe,726,33,10324,4440,4440,5610,219,0,55,0,676,8,4,4,8
42,15,moe,688,30,7129,3067,3067,3713,245,1,103,0,744,8,4,4,8
42,16,moe,744,34,4194,2408,2408,1597,97,0,92,0,621,8,6,2,8
42,17,moe,797,32,7729,4429,4431,3043,197,0,58,0,629,8,4,4,8
42,18,moe,727,34,6617,3600,3601,2771,170,0,75,0,733,8,5,3,8
42,19,moe,641,28,6298,2907,2907,3112,200,0,79,0,618,8,4,4,8
42,20,moe,729,30,3876,2229,2229,1519,98,0,30,0,609,8,6,2,8
42,21,moe,792,29,3688,1632,1632,1882,112,0,62,0,733,8,6,2,8
42,22,moe,795,30,5820,3258,3258,2344,146,0,72,0,612,8,5,3,8
42,23,moe,641,32,4508,2456,2457,1881,115,0,55,0,722,8,6,2,8
42,24,moe,796,28,1278,315,316,883,60,0,19,0,732,8,7,1,8
42,25,moe,808,28,7858,4039,4039,3545,229,0,45,0,729,8,4,4,8
42,26,moe,630,60,3984,609,609,3227,120,0,28,0,738,8,6,2,8
42,-1,epi,0,0,0,0,0,0,0,0,5676,0,0,0,0,0,0
43,-2,pre,217,0,0,0,0,0,0,0,0,0,0,0,0,0,0
43,0,dense,1423,34,0,0,0,0,0,0,0,0,0,0,0,0,0
43,1,moe,808,33,8802,3736,3736,4849,174,0,43,0,741,8,5,3,8
43,2,moe,725,32,2959,1257,1257,1623,60,0,19,0,736,8,7,1,8
43,3,moe,645,32,2271,1301,1301,887,62,0,21,0,727,8,7,1,8
43,4,moe,732,32,5482,2895,2897,2351,148,0,86,0,616,8,5,3,8
43,5,moe,800,32,9,0,0,0,0,0,9,0,612,8,8,0,8
43,6,moe,730,27,5960,2956,2956,2762,172,0,70,0,734,8,5,3,8
43,7,moe,639,34,7719,3210,3210,4282,150,1,76,0,608,8,5,3,8
43,8,moe,723,32,2564,1108,1108,1385,53,0,18,0,615,8,7,1,8
43,9,moe,795,30,6161,2553,2553,3425,115,0,68,0,725,8,6,2,8
43,10,moe,725,30,5248,2231,2231,2846,103,0,68,0,617,8,6,2,8
43,11,moe,638,29,4292,1389,1389,2777,103,0,23,0,610,8,6,2,8
43,12,moe,721,30,8774,4803,4803,3670,226,0,75,0,729,8,4,4,8
43,13,moe,789,29,2078,1147,1147,828,50,0,53,0,612,8,7,1,8
43,14,moe,729,30,1990,1156,1156,765,52,0,17,0,607,8,7,1,8
43,15,moe,641,239,8931,6884,6884,1876,111,0,60,0,726,8,6,2,8
43,16,moe,724,45,6138,3565,3565,2349,147,0,77,0,604,8,5,3,8
43,17,moe,795,38,10217,4423,4423,5548,199,0,47,0,610,8,4,4,8
43,18,moe,722,34,9,0,0,0,0,0,9,0,719,8,8,0,8
43,19,moe,636,32,4300,1397,1397,2775,102,0,26,0,609,8,6,2,8
43,20,moe,729,34,4313,1424,1424,2761,100,0,28,0,616,8,6,2,8
43,21,moe,798,34,3870,1796,1796,1893,115,0,66,0,725,8,6,2,8
43,22,moe,796,32,2172,1229,1229,836,48,0,59,0,610,8,7,1,8
43,23,moe,639,32,6736,3736,3736,2766,170,0,64,0,732,8,5,3,8
43,24,moe,795,33,5545,2673,2673,2667,171,0,34,0,731,8,5,3,8
43,25,moe,807,35,4264,2337,2337,1788,116,0,23,0,728,8,6,2,8
43,26,moe,651,38,3104,1417,1417,1611,56,0,20,0,737,8,7,1,8
43,-1,epi,0,0,0,0,0,0,0,0,5696,0,0,0,0,0,0
44,-2,pre,211,0,0,0,0,0,0,0,0,0,0,0,0,0,0
44,0,dense,1429,37,0,0,0,0,0,0,0,0,0,0,0,0,0
44,1,moe,822,39,2962,1272,1272,1610,60,0,20,0,734,8,7,1,8
44,2,moe,738,37,4914,1550,1550,3224,114,0,26,0,736,8,6,2,8
44,3,moe,642,33,8739,3703,3703,4829,169,0,38,0,727,8,5,3,8
44,4,moe,723,36,10353,4424,4425,5632,198,0,98,0,614,8,4,4,8
44,5,moe,795,34,9571,3814,3814,5509,202,0,46,0,607,8,4,4,8
44,6,moe,730,37,2350,1239,1239,1003,56,0,52,0,735,8,7,1,8
44,7,moe,639,35,7883,3413,3413,4246,149,0,75,0,610,8,5,3,8
44,8,moe,728,35,3882,2233,2233,1523,99,0,27,0,609,8,6,2,8
44,9,moe,796,35,3095,1212,1212,1767,59,0,57,0,727,8,7,1,8
44,10,moe,718,34,5038,2445,2445,2373,146,0,74,0,615,8,5,3,8
44,11,moe,636,32,7801,3462,3462,4152,152,0,35,0,609,8,5,3,8
44,12,moe,729,36,6806,3771,3771,2790,168,0,77,0,735,8,5,3,8
44,13,moe,787,35,5949,3348,3348,2379,147,0,75,0,609,8,5,3,8
44,14,moe,730,35,8811,4706,4706,3809,242,0,54,0,607,8,3,5,8
44,15,moe,629,32,5690,2688,2688,2763,170,0,69,0,726,8,5,3,8
44,16,moe,723,32,5100,2518,2518,2354,146,1,81,0,605,8,5,3,8
44,17,moe,795,39,5436,2139,2140,3060,198,0,38,0,610,8,4,4,8
44,18,moe,735,37,4430,2370,2370,1889,113,0,58,0,726,8,6,2,8
44,19,moe,642,33,7860,4459,4460,3117,199,0,84,0,612,8,4,4,8
44,20,moe,725,35,1976,1130,1131,777,51,0,17,0,605,8,7,1,8
44,21,moe,801,39,19625,7604,7604,11510,399,0,112,0,726,8,1,7,8
44,22,moe,788,38,8868,4654,4654,3871,245,0,98,0,613,8,3,5,8
44,23,moe,635,32,12229,6375,6375,5421,347,0,86,0,732,8,2,6,8
44,24,moe,791,33,7624,3815,3815,3547,224,0,38,0,728,8,4,4,8
44,25,moe,793,32,10739,5976,5976,4434,281,0,48,0,729,8,3,5,8
44,26,moe,646,32,10752,5993,5993,4427,287,0,45,0,735,8,3,5,8
44,-1,epi,0,0,0,0,0,0,0,0,5636,0,0,0,0,0,0
45,-2,pre,206,0,0,0,0,0,0,0,0,0,0,0,0,0,0
45,0,dense,1427,35,0,0,0,0,0,0,0,0,0,0,0,0,0
45,1,moe,840,40,9,0,0,0,0,0,9,0,757,8,8,0,8
45,2,moe,737,33,3457,1534,1534,1774,120,0,29,0,750,8,6,2,8
45,3,moe,647,33,2189,1222,1222,890,59,0,18,0,746,8,7,1,8
45,4,moe,734,36,4225,2352,2352,1677,115,0,81,0,682,8,6,2,8
45,5,moe,794,42,5075,2135,2135,2797,114,0,29,0,682,8,6,2,8
45,6,moe,735,35,4559,2484,2485,1889,124,0,61,0,743,8,6,2,8
45,7,moe,644,35,1238,284,284,828,54,0,72,0,626,8,7,1,8
45,8,moe,731,36,3869,2218,2218,1524,99,0,28,0,627,8,6,2,8
45,9,moe,804,47,4498,2439,2439,1871,114,0,74,0,742,8,6,2,8
45,10,moe,739,34,11,0,0,0,0,0,11,0,621,8,8,0,8
45,11,moe,640,33,4004,2260,2260,1575,98,0,71,0,615,8,6,2,8
45,12,moe,734,33,8746,4771,4771,3655,227,0,93,0,738,8,4,4,8
45,13,moe,804,35,4150,2384,2384,1605,98,0,63,0,614,8,6,2,8
45,14,moe,730,33,3956,2305,2305,1525,100,0,26,0,616,8,6,2,8
45,15,moe,628,33,2346,1241,1241,995,57,0,53,0,737,8,7,1,8
45,16,moe,729,32,5043,2466,2469,2349,146,0,79,0,611,8,5,3,8
45,17,moe,808,43,5057,2165,2165,2766,97,0,29,0,607,8,6,2,8
45,18,moe,719,35,3629,1575,1575,1882,114,0,58,0,744,8,6,2,8
45,19,moe,643,32,5112,2539,2540,2353,151,0,68,0,611,8,5,3,8
45,20,moe,726,33,7693,4416,4416,3035,197,0,45,0,620,8,4,4,8
45,21,moe,801,37,5908,2405,2405,3335,112,0,56,0,730,8,6,2,8
45,22,moe,790,33,6313,2897,2897,3136,195,0,85,0,613,8,4,4,8
45,23,moe,642,32,11027,6100,6100,4554,284,0,89,0,736,8,3,5,8
45,24,moe,789,35,8468,3438,3438,4827,169,0,34,0,730,8,5,3,8
45,25,moe,785,34,9361,4555,4555,4474,281,0,51,0,737,8,3,5,8
45,26,moe,636,35,7835,4014,4014,3542,227,0,52,0,732,8,4,4,8
45,-1,epi,0,0,0,0,0,0,0,0,5659,0,0,0,0,0,0
46,-2,pre,71,0,0,0,0,0,0,0,0,0,0,0,0,0,0
46,0,dense,1437,40,0,0,0,0,0,0,0,0,0,0,0,0,0
46,1,moe,803,35,4425,2501,2501,1777,116,0,31,0,752,8,6,2,8
46,2,moe,739,35,8745,4920,4920,3550,231,0,44,0,735,8,4,4,8
46,3,moe,639,34,4349,2430,2430,1779,114,0,26,0,725,8,6,2,8
46,4,moe,728,32,8108,3869,3869,3899,245,0,95,0,612,8,3,5,8
46,5,moe,793,34,5772,3307,3307,2284,148,0,33,0,608,8,5,3,8
46,6,moe,727,34,6637,3633,3633,2766,168,0,70,0,736,8,5,3,8
46,7,moe,634,36,2127,1195,1196,827,50,0,54,0,605,8,7,1,8
46,8,moe,729,37,6910,3631,3631,3040,193,0,46,0,622,8,4,4,8
46,9,moe,790,34,7904,3940,3941,3654,224,0,85,0,732,8,4,4,8
46,10,moe,725,34,5997,3419,3419,2359,147,0,72,0,614,8,5,3,8
46,11,moe,633,32,5794,3320,3320,2283,150,0,41,0,616,8,5,3,8
46,12,moe,725,33,4519,2471,2471,1878,113,0,57,0,729,8,6,2,8
46,13,moe,858,34,5125,3375,3375,1583,100,0,67,0,607,8,6,2,8
46,14,moe,727,32,5805,3347,3347,2280,146,0,32,0,612,8,5,3,8
46,15,moe,631,31,4501,2441,2441,1881,114,0,65,0,728,8,6,2,8
46,16,moe,729,33,4199,1639,1639,2337,145,0,78,0,607,8,5,3,8
46,17,moe,796,32,3076,1429,1429,1520,101,0,26,0,616,8,6,2,8
46,18,moe,726,33,2382,1252,1252,1020,57,0,53,0,734,8,7,1,8
46,19,moe,641,33,8,0,0,0,0,0,8,0,615,8,8,0,8
46,20,moe,730,31,8,0,0,0,0,0,8,0,618,8,8,0,8
46,21,moe,811,39,9,0,0,0,0,0,9,0,738,8,8,0,8
46,22,moe,806,34,2695,1129,1129,1447,51,0,68,0,630,8,7,1,8
46,23,moe,643,32,6519,3537,3537,2742,168,0,72,0,739,8,5,3,8
46,24,moe,798,32,9,0,0,0,0,0,9,0,734,8,8,0,8
46,25,moe,796,32,2163,1198,1198,888,59,0,18,0,743,8,7,1,8
46,26,moe,643,35,6521,3647,3647,2670,168,0,36,0,732,8,5,3,8
46,-1,epi,0,0,0,0,0,0,0,0,5734,0,0,0,0,0,0
47,-2,pre,209,0,0,0,0,0,0,0,0,0,0,0,0,0,0
47,0,dense,1430,38,0,0,0,0,0,0,0,0,0,0,0,0,0
47,1,moe,822,39,7861,4036,4037,3553,228,0,43,0,750,8,4,4,8
47,2,moe,734,34,6452,3571,3571,2664,175,0,42,0,743,8,5,3,8
47,3,moe,643,33,6509,3652,3653,2652,170,0,34,0,732,8,5,3,8
47,4,moe,733,36,7832,3401,3401,4210,149,0,72,0,615,8,5,3,8
47,5,moe,790,38,8525,2758,2758,5530,195,0,42,0,618,8,4,4,8
47,6,moe,726,36,2537,1396,1396,1026,58,0,57,0,733,8,7,1,8
47,7,moe,638,33,6078,3480,3480,2378,150,0,70,0,611,8,5,3,8
47,8,moe,720,34,5855,3373,3373,2294,148,0,40,0,609,8,5,3,8
47,9,moe,798,39,4473,2395,2395,1906,112,0,60,0,733,8,6,2,8
47,10,moe,729,35,6268,3674,3674,2373,152,0,69,0,620,8,5,3,8
47,11,moe,636,28,1118,288,288,761,51,0,18,0,618,8,7,1,8
47,12,moe,731,28,6715,3669,3669,2799,170,0,77,0,729,8,5,3,8
47,13,moe,795,29,2751,1166,1166,1476,52,0,57,0,614,8,7,1,8
47,14,moe,741,31,9448,3691,3691,5513,197,0,47,0,613,8,4,4,8
47,15,moe,628,28,7404,2158,2158,5000,173,0,73,0,732,8,5,3,8
47,16,moe,721,29,7010,2558,2558,4231,152,0,69,0,604,8,5,3,8
47,17,moe,797,30,4955,2483,2483,2291,146,0,35,0,606,8,5,3,8
47,18,moe,729,30,1401,305,305,990,56,0,50,0,733,8,7,1,8
47,19,moe,643,32,6959,3543,3543,3133,197,0,86,0,617,8,4,4,8
47,20,moe,724,28,4921,2465,2465,2275,147,0,34,0,608,8,5,3,8
47,21,moe,797,33,4259,2182,2182,1901,113,0,63,0,729,8,6,2,8
47,22,moe,799,30,4123,2356,2357,1599,100,0,67,0,616,8,6,2,8
47,23,moe,11295,31,12215,3598,3598,8233,281,0,103,0,733,8,3,5,8
47,24,moe,792,30,5720,2852,2852,2664,171,0,33,0,715,8,5,3,8
47,25,moe,794,31,3017,1288,1288,1635,69,0,25,0,784,8,7,1,8
47,26,moe,658,31,4054,617,618,3269,132,0,35,0,769,8,6,2,8
47,-1,epi,0,0,0,0,0,0,0,0,5485,0,0,0,0,0,0
48,-2,pre,208,0,0,0,0,0,0,0,0,0,0,0,0,0,0
48,0,dense,1479,33,0,0,0,0,0,0,0,0,0,0,0,0,0
48,1,moe,828,37,2344,1375,1375,886,57,0,26,0,743,8,7,1,8
48,2,moe,739,38,2025,342,342,1605,59,0,19,0,738,8,7,1,8
48,3,moe,650,34,4415,2498,2498,1773,117,0,27,0,734,8,6,2,8
48,4,moe,726,33,5941,3347,3347,2374,145,0,75,0,618,8,5,3,8
48,5,moe,795,32,2030,1182,1183,777,50,0,20,0,608,8,7,1,8
48,6,moe,767,29,2288,1188,1188,987,58,0,55,0,735,8,7,1,8
48,7,moe,644,28,2301,527,527,1609,97,0,68,0,613,8,6,2,8
48,8,moe,727,29,1989,1152,1152,768,49,0,20,0,621,8,7,1,8
48,9,moe,794,30,3809,1740,1740,1894,113,0,62,0,740,8,6,2,8
48,10,moe,727,30,5100,2512,2512,2363,148,0,77,0,617,8,5,3,8
48,11,moe,640,28,3951,2307,2307,1524,97,0,23,0,608,8,6,2,8
48,12,moe,731,35,3077,1223,1223,1741,59,0,54,0,731,8,7,1,8
48,13,moe,799,30,9,0,0,0,0,0,9,0,612,8,8,0,8
48,14,moe,727,28,2702,1111,1111,1488,50,0,53,0,619,8,7,1,8
48,15,moe,651,32,4427,2376,2377,1872,113,0,65,0,732,8,6,2,8
48,16,moe,729,35,2772,1184,1184,1474,51,0,63,0,609,8,7,1,8
48,17,moe,801,31,2583,1122,1123,1383,53,0,24,0,611,8,7,1,8
48,18,moe,731,31,3111,1238,1238,1753,60,0,60,0,736,8,7,1,8
48,19,moe,656,31,3397,1614,1614,1620,99,0,64,0,610,8,6,2,8
48,20,moe,719,30,7647,3323,3323,4141,149,0,34,0,601,8,5,3,8
48,21,moe,789,30,9,0,0,0,0,0,9,0,719,8,8,0,8
48,22,moe,805,31,9426,3643,3643,5542,195,0,46,0,612,8,4,4,8
48,23,moe,637,43,4590,2511,2511,1884,118,0,77,0,728,8,6,2,8
48,24,moe,795,31,4279,2363,2363,1774,114,0,28,0,725,8,6,2,8
48,25,moe,790,29,4390,2482,2482,1766,114,0,28,0,728,8,6,2,8
48,26,moe,644,30,11,0,0,0,0,0,11,0,723,8,8,0,8
48,-1,epi,0,0,0,0,0,0,0,0,5772,0,0,0,0,0,0
49,-2,pre,212,0,0,0,0,0,0,0,0,0,0,0,0,0,0
49,0,dense,1432,30,0,0,0,0,0,0,0,0,0,0,0,0,0
49,1,moe,809,34,6738,3863,3864,2663,174,0,37,0,740,8,5,3,8
49,2,moe,731,30,1277,303,303,899,58,0,17,0,740,8,7,1,8
49,3,moe,646,29,6671,3802,3803,2661,173,0,34,0,733,8,5,3,8
49,4,moe,722,30,7978,3475,3475,4268,149,0,86,0,615,8,5,3,8
49,5,moe,809,29,5106,2210,2210,2767,99,0,30,0,604,8,6,2,8
49,6,moe,728,29,3067,1221,1221,1742,57,0,47,0,719,8,7,1,8
49,7,moe,641,29,3165,1414,1414,1595,99,0,57,0,629,8,6,2,8
49,8,moe,722,28,1946,1106,1106,766,52,0,22,0,614,8,7,1,8
49,9,moe,795,31,11898,4972,4972,6614,228,0,84,0,725,8,4,4,8
49,10,moe,775,34,11125,6621,6621,4271,150,0,83,0,598,8,5,3,8
49,11,moe,636,33,2568,1117,1117,1381,52,0,18,0,595,8,7,1,8
49,12,moe,722,37,2450,1319,1319,1025,59,0,47,0,724,8,7,1,8
49,13,moe,793,33,5969,3399,3399,2344,148,0,78,0,607,8,5,3,8
49,14,moe,724,31,3851,2170,2170,1548,106,0,27,0,614,8,6,2,8
49,15,moe,640,34,3564,1511,1511,1877,112,0,64,0,720,8,6,2,8
49,16,moe,721,35,3224,1452,1452,1606,97,0,69,0,603,8,6,2,8
49,17,moe,790,33,7845,4553,4553,3052,193,0,47,0,610,8,4,4,8
49,18,moe,732,33,2396,1270,1270,1018,56,0,52,0,735,8,7,1,8
49,19,moe,654,33,10762,5706,5707,4660,291,0,104,0,603,8,2,6,8
49,20,moe,719,33,5221,2755,2755,2282,149,0,35,0,605,8,5,3,8
49,21,moe,788,34,8084,4115,4115,3667,225,0,77,0,721,8,4,4,8
49,22,moe,782,35,8400,4174,4174,3894,244,0,88,0,604,8,3,5,8
49,23,moe,638,33,7603,2700,2700,4540,291,0,72,0,724,8,3,5,8
49,24,moe,788,35,12205,3803,3803,8062,287,0,53,0,725,8,3,5,8
49,25,moe,798,34,10772,5065,5065,5309,339,0,59,0,725,8,2,6,8
49,26,moe,641,34,5057,1235,1235,3554,224,0,44,0,720,8,4,4,8
49,-1,epi,0,0,0,0,0,0,0,0,5682,0,0,0,0,0,0
50,-2,pre,44,0,0,0,0,0,0,0,0,0,0,0,0,0,0
50,0,dense,1454,36,0,0,0,0,0,0,0,0,0,0,0,0,0
50,1,moe,804,34,3505,1587,1587,1769,117,0,32,0,737,8,6,2,8
50,2,moe,737,36,6535,3663,3663,2664,175,0,33,0,727,8,5,3,8
50,3,moe,640,32,2959,1270,1270,1608,59,0,22,0,739,8,7,1,8
50,4,moe,728,34,3406,816,816,2370,150,0,70,0,615,8,5,3,8
50,5,moe,791,35,6145,2841,2841,3050,196,0,58,0,604,8,4,4,8
50,6,moe,720,36,2325,1215,1215,998,57,0,55,0,725,8,7,1,8
50,7,moe,647,51,8,0,0,0,0,0,8,0,612,8,8,0,8
50,8,moe,727,35,1228,268,269,846,51,0,62,0,615,8,7,1,8
50,9,moe,809,35,2391,1295,1295,986,59,0,51,0,745,8,7,1,8
50,10,moe,732,34,2765,1150,1150,1511,52,0,52,0,614,8,7,1,8
50,11,moe,634,35,1949,1107,1107,772,52,0,18,0,618,8,7,1,8
50,12,moe,718,34,2312,1209,1209,990,59,0,54,0,737,8,7,1,8
50,13,moe,794,34,9,0,0,0,0,0,9,0,616,8,8,0,8
50,14,moe,726,46,9,0,0,0,0,0,9,0,615,8,8,0,8
50,15,moe,637,32,4755,1888,1888,2660,168,0,39,0,734,8,5,3,8
50,16,moe,727,32,9691,3778,3778,5622,200,0,91,0,615,8,4,4,8
50,17,moe,782,34,7044,3768,3768,3032,201,0,43,0,603,8,4,4,8
50,18,moe,715,34,6710,3698,3698,2760,172,0,80,0,721,8,5,3,8
50,19,moe,638,35,9,0,0,0,0,0,9,0,611,8,8,0,8
50,20,moe,717,34,7158,2685,2685,4236,156,0,81,0,607,8,5,3,8
50,21,moe,793,35,7950,3956,3956,3688,226,0,80,0,724,8,4,4,8
50,22,moe,790,32,4369,1785,1785,2364,150,0,70,0,607,8,5,3,8
50,23,moe,637,33,7078,3117,3117,3662,224,0,75,0,726,8,4,4,8
50,24,moe,7039,35,5051,1221,1221,3560,226,0,44,0,727,8,4,4,8
50,25,moe,788,35,4336,2406,2406,1785,118,0,27,0,736,8,6,2,8
50,26,moe,642,33,4358,2446,2446,1771,116,0,25,0,724,8,6,2,8
50,-1,epi,0,0,0,0,0,0,0,0,5742,0,0,0,0,0,0
51,-2,pre,42,0,0,0,0,0,0,0,0,0,0,0,0,0,0
51,0,dense,1431,38,0,0,0,0,0,0,0,0,0,0,0,0,0
51,1,moe,806,35,9,0,0,0,0,0,9,0,745,8,8,0,8
51,2,moe,745,34,3002,1261,1261,1638,80,0,23,0,800,8,7,1,8
51,3,moe,646,35,3514,1557,1558,1800,124,0,32,0,793,8,6,2,8
51,4,moe,716,41,8754,2738,2738,5681,219,0,116,0,646,8,4,4,8
51,5,moe,807,40,9,0,0,0,0,0,9,0,666,8,8,0,8
51,6,moe,729,127,9529,5386,5386,3742,280,1,120,0,799,8,4,4,8
51,7,moe,712,39,8036,4488,4488,3249,201,1,97,0,669,8,4,4,8
51,8,moe,755,46,4027,2327,2327,1555,112,0,33,0,643,8,6,2,8
51,9,moe,800,40,4517,2466,2466,1874,113,0,64,0,763,8,6,2,8
51,10,moe,730,39,4015,2216,2216,1620,118,0,61,0,674,8,6,2,8
51,11,moe,650,35,3865,2203,2203,1531,97,0,34,0,626,8,6,2,8
51,12,moe,725,39,4547,2506,2506,1868,114,0,59,0,739,8,6,2,8
51,13,moe,794,39,5983,3382,3382,2367,146,0,88,0,609,8,5,3,8
51,14,moe,723,37,10,0,0,0,0,0,10,0,604,8,8,0,8
51,15,moe,653,31,2614,1461,1461,1041,57,0,55,0,731,8,7,1,8
51,16,moe,725,45,9745,5514,5514,3888,245,0,98,0,642,8,3,5,8
51,17,moe,788,34,3814,2169,2169,1520,97,0,28,0,610,8,6,2,8
51,18,moe,715,34,8588,4630,4630,3648,224,0,86,0,726,8,4,4,8
51,19,moe,647,32,3978,2216,2216,1597,99,0,66,0,604,8,6,2,8
51,20,moe,716,34,8893,4772,4772,3827,245,0,49,0,609,8,3,5,8
51,21,moe,787,37,12563,6673,6673,5444,336,0,110,0,726,8,2,6,8
51,22,moe,781,38,5977,3370,3370,2376,147,0,84,0,598,8,5,3,8
51,23,moe,647,41,6536,3536,3536,2749,174,0,77,0,734,8,5,3,8
51,24,moe,793,39,4450,2526,2526,1783,113,1,27,0,733,8,6,2,8
51,25,moe,788,34,10010,5227,5230,4444,283,0,53,0,729,8,3,5,8
51,26,moe,652,38,7860,4041,4041,3543,229,0,47,0,723,8,4,4,8
51,-1,epi,0,0,0,0,0,0,0,0,5726,0,0,0,0,0,0
52,-2,pre,33,0,0,0,0,0,0,0,0,0,0,0,0,0,0
52,0,dense,1453,41,0,0,0,0,0,0,0,0,0,0,0,0,0
52,1,moe,798,35,2201,1206,1206,903,66,0,26,0,970,8,7,1,8
52,2,moe,754,36,1397,297,297,1009,70,0,21,0,967,8,7,1,8
52,3,moe,772,33,4379,2443,2443,1785,118,0,33,0,752,8,6,2,8
52,4,moe,735,37,8802,5364,5365,3139,194,0,104,0,616,8,4,4,8
52,5,moe,791,35,19,0,0,0,0,0,19,0,608,8,8,0,8
52,6,moe,718,33,2339,1220,1221,1009,59,0,50,0,738,8,7,1,8
52,7,moe,673,211,10518,7934,7935,2363,148,0,72,0,606,8,5,3,8
52,8,moe,713,37,1993,1144,1144,774,51,0,24,0,603,8,7,1,8
52,9,moe,791,37,4572,2543,2543,1844,115,0,70,0,726,8,6,2,8
52,10,moe,719,34,2123,1184,1184,832,49,0,58,0,602,8,7,1,8
52,11,moe,646,37,1927,1096,1096,762,51,0,18,0,607,8,7,1,8
52,12,moe,718,32,2403,1272,1272,1007,60,0,64,0,729,8,7,1,8
52,13,moe,790,37,3969,2206,2206,1596,100,0,67,0,616,8,6,2,8
52,14,moe,717,34,9,0,0,0,0,0,9,0,607,8,8,0,8
52,15,moe,635,32,2297,1181,1181,1004,57,0,55,0,726,8,7,1,8
52,16,moe,721,41,5876,3308,3310,2349,147,0,70,0,608,8,5,3,8
52,17,moe,788,34,5620,2329,2329,3052,194,0,45,0,610,8,4,4,8
52,18,moe,719,34,9,0,0,0,0,0,9,0,718,8,8,0,8
52,19,moe,648,32,2287,1439,1439,768,51,0,29,0,612,8,7,1,8
52,20,moe,716,34,2199,550,551,1522,98,0,28,0,616,8,6,2,8
52,21,moe,793,35,9473,4543,4543,4546,289,0,95,0,732,8,3,5,8
52,22,moe,795,35,2668,899,899,1588,103,0,78,0,619,8,6,2,8
52,23,moe,654,34,6221,2272,2274,3642,231,0,74,0,729,8,4,4,8
52,24,moe,795,35,3527,1609,1609,1767,114,0,37,0,736,8,6,2,8
52,25,moe,794,32,5079,2205,2205,2662,168,0,44,0,725,8,5,3,8
52,26,moe,666,35,1311,340,340,892,62,0,17,0,781,8,7,1,8
52,-1,epi,0,0,0,0,0,0,0,0,5795,0,0,0,0,0,0
53,-2,pre,212,0,0,0,0,0,0,0,0,0,0,0,0,0,0
53,0,dense,1446,40,0,0,0,0,0,0,0,0,0,0,0,0,0
53,1,moe,807,36,2197,1228,1228,886,60,0,23,0,747,8,7,1,8
53,2,moe,745,33,9,0,0,0,0,0,9,0,747,8,8,0,8
53,3,moe,664,34,7362,4491,4491,2662,175,0,34,0,737,8,5,3,8
53,4,moe,722,38,1243,296,296,820,51,0,76,0,630,8,7,1,8
53,5,moe,801,32,2089,1253,1253,764,51,0,21,0,621,8,7,1,8
53,6,moe,727,31,8,0,0,0,0,0,8,0,740,8,8,0,8
53,7,moe,664,32,2085,1251,1251,764,50,0,20,0,615,8,7,1,8
53,8,moe,732,29,4022,2367,2367,1527,100,1,27,0,620,8,6,2,8
53,9,moe,794,31,5750,2702,2702,2791,173,0,84,0,742,8,5,3,8
53,10,moe,725,30,3435,825,825,2374,150,0,86,0,622,8,5,3,8
53,11,moe,641,30,9,0,0,0,0,0,9,0,627,8,8,0,8
53,12,moe,730,29,4594,2536,2536,1892,114,0,52,0,736,8,6,2,8
53,13,moe,805,33,2281,1329,1329,836,52,0,64,0,616,8,7,1,8
53,14,moe,731,33,5852,3387,3388,2280,147,0,37,0,609,8,5,3,8
53,15,moe,649,32,9,0,0,0,0,0,9,0,723,8,8,0,8
53,16,moe,720,41,4402,1934,1934,2280,150,0,38,0,614,8,5,3,8
53,17,moe,789,29,2205,552,552,1531,98,0,24,0,613,8,6,2,8
53,18,moe,736,33,8,0,0,0,0,0,8,0,746,8,8,0,8
53,19,moe,655,32,2030,1196,1196,764,52,0,18,0,614,8,7,1,8
53,20,moe,734,31,2186,544,545,1520,97,0,24,0,618,8,6,2,8
53,21,moe,799,29,5063,1931,1931,2878,181,0,73,0,776,8,5,3,8
53,22,moe,814,35,1213,262,262,841,56,0,54,0,611,8,7,1,8
53,23,moe,689,30,3755,1626,1626,1939,122,0,68,0,753,8,6,2,8
53,24,moe,812,33,6111,2204,2204,3621,241,0,45,0,787,8,4,4,8
53,25,moe,801,34,5647,2764,2764,2674,173,0,36,0,747,8,5,3,8
53,26,moe,654,35,8034,3952,3952,3580,460,0,42,0,769,8,4,4,8
53,-1,epi,0,0,0,0,0,0,0,0,5841,0,0,0,0,0,0
54,-2,pre,100,0,0,0,0,0,0,0,0,0,0,0,0,0,0
54,0,dense,1459,37,0,0,0,0,0,0,0,0,0,0,0,0,0
54,1,moe,831,37,11,0,0,0,0,0,11,0,754,8,8,0,8
54,2,moe,748,31,9,0,0,0,0,0,9,0,760,8,8,0,8
54,3,moe,680,29,5017,2121,2122,2683,173,0,39,0,751,8,5,3,8
54,4,moe,738,30,7590,4167,4167,3117,196,0,110,0,617,8,4,4,8
54,5,moe,801,32,4280,2617,2617,1534,101,0,28,0,615,8,6,2,8
54,6,moe,726,31,1442,342,342,982,59,0,59,0,734,8,7,1,8
54,7,moe,652,28,7203,3804,3804,3115,201,0,83,0,625,8,4,4,8
54,8,moe,719,30,1996,1157,1157,769,50,0,20,0,616,8,7,1,8
54,9,moe,790,31,6815,3742,3742,2805,184,0,84,0,772,8,5,3,8
54,10,moe,783,36,10,0,0,0,0,0,10,0,622,8,8,0,8
54,11,moe,641,42,2061,1124,1124,830,49,0,58,0,641,8,7,1,8
54,12,moe,743,32,2306,1218,1218,978,59,0,51,0,763,8,7,1,8
54,13,moe,837,33,5999,3333,3333,2406,177,0,83,0,681,8,5,3,8
54,14,moe,742,33,3746,2042,2042,1556,111,0,37,0,683,8,6,2,8
54,15,moe,828,36,3011,1136,1136,1734,67,0,74,0,798,8,7,1,8
54,16,moe,770,34,1243,291,292,831,56,0,64,0,657,8,7,1,8
54,17,moe,870,35,1118,268,269,776,52,0,21,0,694,8,7,1,8
54,18,moe,830,31,2247,1151,1151,986,61,0,49,0,807,8,7,1,8
54,19,moe,725,31,1199,257,257,833,54,0,55,0,652,8,7,1,8
54,20,moe,788,32,9,0,0,0,0,0,9,0,803,8,8,0,8
54,21,moe,858,35,3691,1611,1611,1887,123,0,70,0,754,8,6,2,8
54,22,moe,806,36,4348,2564,2564,1601,105,0,78,0,632,8,6,2,8
54,23,moe,658,29,7877,3868,3868,3691,239,0,79,0,748,8,4,4,8
54,24,moe,808,33,5981,3067,3067,2701,179,0,34,0,757,8,5,3,8
54,25,moe,807,35,6475,2538,2538,3653,238,0,46,0,765,8,4,4,8
54,26,moe,660,31,5128,1248,1248,3597,241,0,42,0,790,8,4,4,8
54,-1,epi,0,0,0,0,0,0,0,0,5955,0,0,0,0,0,0
55,-2,pre,258,0,0,0,0,0,0,0,0,0,0,0,0,0,0
55,0,dense,1480,36,0,0,0,0,0,0,0,0,0,0,0,0,0
55,1,moe,833,40,2992,983,983,1857,120,0,32,0,771,8,6,2,8
55,2,moe,766,35,5761,2634,2635,2901,187,0,38,0,787,8,5,3,8
55,3,moe,666,29,6595,3660,3661,2719,178,0,37,0,753,8,5,3,8
55,4,moe,748,247,1297,316,316,860,50,0,71,0,647,8,7,1,8
55,5,moe,807,37,9794,6430,6430,3113,207,0,44,0,675,8,4,4,8
55,6,moe,776,37,4534,2443,2443,1895,127,0,69,0,740,8,6,2,8
55,7,moe,730,36,9624,5290,5290,3992,247,0,95,0,676,8,3,5,8
55,8,moe,787,34,1852,999,999,778,53,0,22,0,688,8,7,1,8
55,9,moe,894,34,2252,1143,1144,986,61,0,61,0,818,8,7,1,8
55,10,moe,865,37,3912,2125,2125,1610,105,0,72,0,731,8,6,2,8
55,11,moe,743,39,6003,2661,2661,3089,203,0,50,0,710,8,4,4,8
55,12,moe,738,37,2326,1227,1227,991,60,0,48,0,783,8,7,1,8
55,13,moe,816,39,6597,3123,3124,3169,204,0,100,0,633,8,4,4,8
55,14,moe,736,36,4941,2431,2431,2317,151,0,42,0,648,8,5,3,8
55,15,moe,699,39,5750,2677,2677,2808,186,0,79,0,752,8,5,3,8
55,16,moe,737,37,6202,2774,2775,3147,196,0,84,0,631,8,4,4,8
55,17,moe,803,40,6814,2538,2538,3939,274,0,63,0,647,8,3,5,8
55,18,moe,745,41,3619,1529,1529,1896,121,0,73,0,753,8,6,2,8
55,19,moe,663,35,5020,2411,2411,2373,154,0,82,0,642,8,5,3,8
55,20,moe,735,39,4094,2416,2416,1544,104,0,30,0,630,8,6,2,8
55,21,moe,812,38,4998,1951,1952,2792,177,0,77,0,751,8,5,3,8
55,22,moe,808,38,7371,3943,3943,3138,202,0,88,0,629,8,4,4,8
55,23,moe,679,34,5891,2835,2835,2802,181,0,73,0,808,8,5,3,8
55,24,moe,838,35,5599,2655,2655,2716,185,0,43,0,820,8,5,3,8
55,25,moe,840,42,3546,1586,1586,1811,120,0,29,0,771,8,6,2,8
55,26,moe,749,35,10277,5180,5180,4539,499,0,59,0,875,8,3,5,8
55,-1,epi,0,0,0,0,0,0,0,0,4776,0,0,0,0,0,0
56,-2,pre,234,0,0,0,0,0,0,0,0,0,0,0,0,0,0
56,0,dense,1464,49,0,0,0,0,0,0,0,0,0,0,0,0,0
56,1,moe,819,44,6739,3707,3707,2797,192,0,43,0,773,8,5,3,8
56,2,moe,753,38,4677,2625,2625,1888,132,0,32,0,723,8,6,2,8
56,3,moe,614,39,6628,3702,3702,2705,180,0,41,0,806,8,5,3,8
56,4,moe,769,36,9,0,0,0,0,0,9,0,676,8,8,0,8
56,5,moe,838,38,2050,1095,1095,842,52,0,61,0,654,8,7,1,8
56,6,moe,782,38,11,0,0,0,0,0,11,0,784,8,8,0,8
56,7,moe,685,46,2069,1213,1213,780,56,0,20,0,697,8,7,1,8
56,8,moe,777,37,1991,1137,1137,781,52,1,20,0,690,8,7,1,8
56,9,moe,840,37,2696,612,612,1913,117,0,54,0,819,8,6,2,8
56,10,moe,767,35,3232,1425,1425,1646,102,0,59,0,660,8,6,2,8
56,11,moe,713,36,3952,2253,2253,1561,110,0,28,0,687,8,6,2,8
56,12,moe,802,39,2311,1199,1199,987,62,0,63,0,803,8,7,1,8
56,13,moe,897,39,3974,2184,2185,1609,101,0,79,0,679,8,6,2,8
56,14,moe,752,36,3785,2104,2104,1552,102,0,27,0,696,8,6,2,8
56,15,moe,726,33,2291,1183,1183,990,58,0,60,0,775,8,7,1,8
56,16,moe,800,40,2344,555,555,1623,105,0,61,0,777,8,6,2,8
56,17,moe,875,38,2013,1122,1122,814,53,0,24,0,680,8,7,1,8
56,18,moe,761,38,2567,1454,1454,981,60,0,72,0,780,8,7,1,8
56,19,moe,733,37,4235,1584,1584,2411,155,0,85,0,665,8,5,3,8
56,20,moe,728,37,3119,1365,1365,1620,108,0,26,0,664,8,6,2,8
56,21,moe,735,40,4052,912,912,2883,180,0,77,0,785,8,5,3,8
56,22,moe,818,41,2131,1159,1159,849,57,1,65,0,676,8,7,1,8
56,23,moe,733,35,5064,1963,1963,2825,201,0,75,0,791,8,5,3,8
56,24,moe,803,64,5917,2937,2937,2720,210,0,50,0,904,8,5,3,8
56,25,moe,1339,66,9858,4775,4776,4604,376,0,102,0,926,8,5,3,8
56,26,moe,1021,97,12529,6548,6548,5046,842,1,92,0,1027,8,3,5,8
56,-1,epi,0,0,0,0,0,0,0,0,6186,0,0,0,0,0,0
57,-2,pre,88,0,0,0,0,0,0,0,0,0,0,0,0,0,0
57,0,dense,2026,108,0,0,0,0,0,0,0,0,0,0,0,0,0
57,1,moe,1091,122,6067,3436,3437,2353,195,0,82,0,1058,8,6,2,8
57,2,moe,988,136,46,0,0,0,0,0,46,0,1042,8,8,0,8
57,3,moe,890,95,9244,4285,4288,4492,347,0,117,0,821,8,4,4,8
57,4,moe,1202,94,23,0,0,0,0,0,23,0,805,8,8,0,8
57,5,moe,1030,85,5110,2341,2342,2488,189,0,91,0,693,8,5,3,8
57,6,moe,763,100,2474,1263,1263,1053,71,0,87,0,877,8,7,1,8
57,7,moe,641,43,5666,2890,2890,2491,191,0,94,0,732,8,5,3,8
57,8,moe,1091,101,2144,1210,1210,819,69,0,46,0,773,8,7,1,8
57,9,moe,1143,101,26,0,0,0,0,0,26,0,979,8,8,0,8
57,10,moe,1484,92,21,0,0,0,0,0,21,0,1729,8,8,0,8
57,11,moe,1089,47,5788,3308,3308,2286,149,0,45,0,619,8,5,3,8
57,12,moe,677,40,11,0,0,0,0,0,11,0,658,8,8,0,8
57,13,moe,727,40,2110,1210,1210,827,53,0,20,0,629,8,7,1,8
57,14,moe,760,41,2018,1180,1180,764,51,0,23,0,639,8,7,1,8
57,15,moe,676,33,4978,2946,2946,1862,112,0,58,0,756,8,6,2,8
57,16,moe,742,39,1210,275,275,834,51,0,50,0,633,8,7,1,8
57,17,moe,827,40,1222,382,382,771,51,0,18,0,644,8,7,1,8
57,18,moe,747,36,2479,1398,1398,975,58,0,48,0,812,8,7,1,8
57,19,moe,676,35,1194,275,275,811,50,0,58,0,647,8,7,1,8
57,20,moe,752,36,8,0,0,0,0,0,8,0,648,8,8,0,8
57,21,moe,826,36,4620,2501,2502,1929,118,0,71,0,762,8,6,2,8
57,22,moe,815,37,3260,1412,1412,1647,119,0,82,0,864,8,6,2,8
57,23,moe,706,38,2774,702,702,1894,123,0,55,0,779,8,6,2,8
57,24,moe,799,45,3495,1528,1529,1800,134,0,32,0,790,8,6,2,8
57,25,moe,7365,39,2311,1338,1338,889,62,0,22,0,761,8,7,1,8
57,26,moe,840,35,7644,1864,1867,5357,348,0,72,0,720,8,2,6,8
57,-1,epi,0,0,0,0,0,0,0,0,5815,0,0,0,0,0,0
58,-2,pre,280,0,0,0,0,0,0,0,0,0,0,0,0,0,0
58,0,dense,1503,44,0,0,0,0,0,0,0,0,0,0,0,0,0
58,1,moe,837,37,2236,1264,1264,885,61,0,26,0,765,8,7,1,8
58,2,moe,777,43,11,0,0,0,0,0,11,0,770,8,8,0,8
58,3,moe,682,34,7860,4984,4984,2661,177,0,38,0,757,8,5,3,8
58,4,moe,740,36,4276,1662,1662,2365,151,0,98,0,602,8,5,3,8
58,5,moe,785,37,1933,1072,1072,790,52,0,19,0,601,8,7,1,8
58,6,moe,712,36,9,0,0,0,0,0,9,0,747,8,8,0,8
58,7,moe,668,33,2021,1180,1180,769,50,1,21,0,643,8,7,1,8
58,8,moe,745,35,1965,1128,1128,768,50,0,19,0,639,8,7,1,8
58,9,moe,809,34,2311,1202,1203,1000,59,0,49,0,794,8,7,1,8
58,10,moe,737,35,10,0,0,0,0,0,10,0,633,8,8,0,8
58,11,moe,671,32,8,0,0,0,0,0,8,0,656,8,8,0,8
58,12,moe,742,32,9,0,0,0,0,0,9,0,762,8,8,0,8
58,13,moe,840,34,3165,1373,1373,1606,100,0,86,0,648,8,6,2,8
58,14,moe,749,37,9,0,0,0,0,0,9,0,638,8,8,0,8
58,15,moe,691,34,4553,2472,2472,1898,115,0,68,0,754,8,6,2,8
58,16,moe,749,35,2072,1140,1140,824,49,0,59,0,644,8,7,1,8
58,17,moe,805,35,1985,1148,1148,765,50,0,22,0,638,8,7,1,8
58,18,moe,737,35,9,0,0,0,0,0,9,0,746,8,8,0,8
58,19,moe,668,43,5690,3219,3219,2290,145,0,36,0,635,8,5,3,8
58,20,moe,735,34,1113,284,284,762,49,0,18,0,628,8,7,1,8
58,21,moe,806,34,1424,307,307,993,57,0,67,0,755,8,7,1,8
58,22,moe,808,33,3866,2085,2085,1619,100,0,62,0,648,8,6,2,8
58,23,moe,669,34,2699,628,628,1884,116,0,71,0,753,8,6,2,8
58,24,moe,822,37,2166,1197,1197,890,59,1,19,0,758,8,7,1,8
58,25,moe,823,39,2548,637,637,1769,113,0,29,0,750,8,6,2,8
58,26,moe,675,32,4872,2002,2002,2662,172,0,36,0,782,8,5,3,8
58,-1,epi,0,0,0,0,0,0,0,0,6043,0,0,0,0,0,0
59,-2,pre,41,0,0,0,0,0,0,0,0,0,0,0,0,0,0
59,0,dense,1531,31,0,0,0,0,0,0,0,0,0,0,0,0,0
59,1,moe,825,30,10,0,0,0,0,0,10,0,779,8,8,0,8
59,2,moe,764,33,2266,1299,1299,888,59,0,20,0,765,8,7,1,8
59,3,moe,680,30,2602,671,671,1788,118,0,25,0,780,8,6,2,8
59,4,moe,749,42,8,0,0,0,0,0,8,0,657,8,8,0,8
59,5,moe,826,32,8,0,0,0,0,0,8,0,646,8,8,0,8
59,6,moe,760,31,2299,1320,1320,900,59,1,19,0,756,8,7,1,8
59,7,moe,682,30,2301,1332,1332,843,50,0,76,0,640,8,7,1,8
59,8,moe,737,30,8,0,0,0,0,0,8,0,640,8,8,0,8
59,9,moe,817,29,1450,314,314,1011,57,0,68,0,761,8,7,1,8
59,10,moe,756,33,2112,1156,1156,856,51,0,49,0,636,8,7,1,8
59,11,moe,670,29,2043,1208,1208,765,52,0,18,0,646,8,7,1,8
59,12,moe,747,29,1420,290,290,1011,59,0,60,0,757,8,7,1,8
59,13,moe,815,30,3994,2229,2229,1586,101,0,78,0,641,8,6,2,8
59,14,moe,738,31,3171,1507,1507,1536,98,0,30,0,627,8,6,2,8
59,15,moe,668,31,1424,326,326,984,59,0,55,0,755,8,7,1,8
59,16,moe,736,30,3186,1414,1414,1604,100,0,68,0,637,8,6,2,8
59,17,moe,809,30,1965,1130,1130,766,51,1,17,0,633,8,7,1,8
59,18,moe,735,31,2316,1194,1194,1004,58,0,60,0,756,8,7,1,8
59,19,moe,664,29,3928,2168,2168,1594,100,0,66,0,636,8,6,2,8
59,20,moe,733,34,4248,1731,1731,2326,149,0,42,0,633,8,5,3,8
59,21,moe,808,31,6637,2692,2692,3632,227,0,86,0,755,8,4,4,8
59,22,moe,800,30,9834,4774,4775,4655,299,0,105,0,633,8,2,6,8
59,23,moe,663,32,7679,2746,2746,4556,284,0,93,0,746,8,3,5,8
59,24,moe,862,35,6527,2706,2706,3549,227,0,45,0,745,8,4,4,8
59,25,moe,809,31,9271,3531,3531,5340,343,0,57,0,745,8,2,6,8
59,26,moe,655,29,9669,3153,3153,5310,1145,0,61,0,782,8,2,6,8
59,-1,epi,0,0,0,0,0,0,0,0,5878,0,0,0,0,0,0
60,-2,pre,52,0,0,0,0,0,0,0,0,0,0,0,0,0,0
60,0,dense,1464,34,0,0,0,0,0,0,0,0,0,0,0,0,0
60,1,moe,820,31,2317,1349,1349,885,59,0,24,0,759,8,7,1,8
60,2,moe,737,31,2316,1346,1346,891,60,0,19,0,747,8,7,1,8
60,3,moe,673,33,7054,3210,3210,3566,234,0,44,0,748,8,4,4,8
60,4,moe,729,32,2123,1165,1165,834,51,0,73,0,627,8,7,1,8
60,5,moe,812,30,1957,1114,1114,773,52,0,18,0,631,8,7,1,8
60,6,moe,743,33,9,0,0,0,0,0,9,0,744,8,8,0,8
60,7,moe,668,29,9,0,0,0,0,0,9,0,631,8,8,0,8
60,8,moe,742,29,3927,2280,2280,1522,98,0,27,0,629,8,6,2,8
60,9,moe,809,32,2424,1312,1312,985,60,0,67,0,748,8,7,1,8
60,10,moe,742,31,2073,1128,1128,832,51,0,62,0,628,8,7,1,8
60,11,moe,652,29,1098,263,263,768,49,0,18,0,630,8,7,1,8
60,12,moe,737,30,1771,640,640,1011,61,0,59,0,749,8,7,1,8
60,13,moe,804,31,9,0,0,0,0,0,9,0,639,8,8,0,8
60,14,moe,772,32,2312,531,531,1596,102,0,83,0,640,8,6,2,8
60,15,moe,661,28,3887,873,873,2772,167,0,75,0,757,8,5,3,8
60,16,moe,750,32,9,0,0,0,0,0,9,0,644,8,8,0,8
60,17,moe,816,31,2141,1198,1198,819,52,0,72,0,645,8,7,1,8
60,18,moe,738,35,9,0,0,0,0,0,9,0,759,8,8,0,8
60,19,moe,675,28,3137,1483,1483,1531,98,0,25,0,640,8,6,2,8
60,20,moe,739,33,2028,1189,1189,768,49,0,22,0,632,8,7,1,8
60,21,moe,809,32,4027,956,956,2808,172,0,91,0,752,8,5,3,8
60,22,moe,809,31,3265,1485,1485,1609,100,1,70,0,631,8,6,2,8
60,23,moe,666,31,6349,2290,2290,3747,228,0,84,0,748,8,4,4,8
60,24,moe,839,50,8209,4363,4363,3574,224,0,48,0,741,8,4,4,8
60,25,moe,797,35,2727,821,821,1765,113,0,28,0,743,8,6,2,8
60,26,moe,668,33,2899,633,633,1769,470,0,27,0,741,8,6,2,8
60,-1,epi,0,0,0,0,0,0,0,0,5959,0,0,0,0,0,0
61,-2,pre,46,0,0,0,0,0,0,0,0,0,0,0,0,0,0
61,0,dense,1504,40,0,0,0,0,0,0,0,0,0,0,0,0,0
61,1,moe,825,39,2501,1532,1532,891,56,0,22,0,749,8,7,1,8
61,2,moe,751,35,4557,2636,2636,1778,116,0,27,0,747,8,6,2,8
61,3,moe,655,33,3830,967,967,2661,167,0,35,0,747,8,5,3,8
61,4,moe,737,33,3252,1480,1480,1585,99,0,88,0,625,8,6,2,8
61,5,moe,821,35,2020,1187,1187,764,52,0,17,0,628,8,7,1,8
61,6,moe,739,37,9,0,0,0,0,0,9,0,752,8,8,0,8
61,7,moe,658,32,1992,1147,1147,771,52,0,22,0,638,8,7,1,8
61,8,moe,735,34,9,0,0,0,0,0,9,0,631,8,8,0,8
61,9,moe,811,32,9,0,0,0,0,0,9,0,751,8,8,0,8
61,10,moe,752,38,9,0,0,0,0,0,9,0,639,8,8,0,8
61,11,moe,673,35,2082,1248,1248,764,51,0,19,0,633,8,7,1,8
61,12,moe,777,37,8,0,0,0,0,0,8,0,771,8,8,0,8
61,13,moe,814,35,9,0,0,0,0,0,9,0,648,8,8,0,8
61,14,moe,748,35,2054,1220,1220,759,51,0,24,0,634,8,7,1,8
61,15,moe,677,33,2453,1346,1346,975,61,0,71,0,762,8,7,1,8
61,16,moe,742,35,8,0,0,0,0,0,8,0,633,8,8,0,8
61,17,moe,810,35,4010,2232,2232,1591,100,0,87,0,639,8,6,2,8
61,18,moe,741,32,6720,3723,3723,2746,169,0,82,0,745,8,5,3,8
61,19,moe,650,38,3217,1458,1458,1588,102,0,69,0,631,8,6,2,8
61,20,moe,735,34,6615,3303,3303,3072,200,0,40,0,636,8,4,4,8
61,21,moe,802,35,12429,6533,6533,5447,341,0,108,0,752,8,2,6,8
61,22,moe,801,34,7313,3904,3904,3120,198,0,91,0,624,8,4,4,8
61,23,moe,649,33,7020,3077,3077,3638,225,0,80,0,739,8,4,4,8
61,24,moe,800,35,6390,2585,2585,3537,223,0,45,0,745,8,4,4,8
61,25,moe,808,40,9390,4528,4528,4497,311,0,54,0,777,8,3,5,8
61,26,moe,694,37,8827,2983,2983,5420,355,0,69,0,754,8,2,6,8
61,-1,epi,0,0,0,0,0,0,0,0,5939,0,0,0,0,0,0
62,-2,pre,54,0,0,0,0,0,0,0,0,0,0,0,0,0,0
62,0,dense,1478,42,0,0,0,0,0,0,0,0,0,0,0,0,0
62,1,moe,833,43,11,0,0,0,0,1,10,0,772,8,8,0,8
62,2,moe,755,34,10,0,0,0,0,0,10,0,770,8,8,0,8
62,3,moe,686,32,4930,2060,2060,2661,173,0,36,0,785,8,5,3,8
62,4,moe,749,38,1254,291,291,828,50,0,85,0,635,8,7,1,8
62,5,moe,823,37,9,0,0,0,0,0,9,0,640,8,8,0,8
62,6,moe,756,40,2379,1239,1240,1012,60,0,67,0,759,8,7,1,8
62,7,moe,671,36,9,0,1,0,0,0,8,0,644,8,8,0,8
62,8,moe,749,35,1236,281,282,839,50,0,65,0,634,8,7,1,8
62,9,moe,822,36,10,0,0,0,0,0,10,0,764,8,8,0,8
62,10,moe,755,38,9,0,0,0,0,0,9,0,643,8,8,0,8
62,11,moe,686,33,3152,1504,1504,1514,98,0,36,0,644,8,6,2,8
62,12,moe,743,36,1415,301,301,995,57,0,62,0,753,8,7,1,8
62,13,moe,818,37,1229,268,268,848,51,0,62,0,654,8,7,1,8
62,14,moe,768,37,1097,271,271,759,48,0,19,0,647,8,7,1,8
62,15,moe,667,34,9,0,0,0,0,0,9,0,769,8,8,0,8
62,16,moe,747,33,9,0,0,0,0,0,9,0,647,8,8,0,8
62,17,moe,834,36,8,0,0,0,0,0,8,0,649,8,8,0,8
62,18,moe,760,45,2450,1317,1317,1009,57,0,67,0,752,8,7,1,8
62,19,moe,668,34,4584,2002,2002,2350,149,0,83,0,640,8,5,3,8
62,20,moe,753,34,1996,1146,1146,777,52,0,21,0,637,8,7,1,8
62,21,moe,811,33,5023,1972,1973,2789,172,0,89,0,745,8,5,3,8
62,22,moe,808,35,3156,1381,1382,1596,103,0,75,0,629,8,6,2,8
62,23,moe,660,36,3906,896,896,2772,168,0,70,0,757,8,5,3,8
62,24,moe,816,36,5969,3042,3042,2703,182,0,42,0,748,8,5,3,8
62,25,moe,800,37,4267,1386,1387,2665,174,0,41,0,746,8,5,3,8
62,26,moe,667,34,5292,2091,2092,2665,499,0,36,0,751,8,5,3,8
62,-1,epi,0,0,0,0,0,0,0,0,6001,0,0,0,0,0,0
63,-2,pre,213,0,0,0,0,0,0,0,0,0,0,0,0,0,0
63,0,dense,1480,41,0,0,0,0,0,0,0,0,0,0,0,0,0
63,1,moe,819,38,1666,693,694,887,59,0,26,0,760,8,7,1,8
63,2,moe,750,35,5722,2860,2860,2655,170,0,37,0,751,8,5,3,8
63,3,moe,664,39,4327,2413,2414,1768,114,0,31,0,747,8,6,2,8
63,4,moe,731,35,1224,276,276,838,50,0,60,0,636,8,7,1,8
63,5,moe,803,35,3656,1993,1993,1523,99,0,41,0,637,8,6,2,8
63,6,moe,742,36,9,0,0,0,0,0,9,0,751,8,8,0,8
63,7,moe,672,36,3379,1731,1731,1519,100,0,29,0,634,8,6,2,8
63,8,moe,740,37,9,0,0,0,0,0,9,0,639,8,8,0,8
63,9,moe,807,33,1470,333,333,1013,57,0,67,0,762,8,7,1,8
63,10,moe,734,33,9,0,0,0,0,0,9,0,633,8,8,0,8
63,11,moe,680,31,7,0,0,0,0,0,7,0,635,8,8,0,8
63,12,moe,743,32,6534,3658,3658,2662,171,0,43,0,759,8,5,3,8
63,13,moe,802,35,1228,266,266,840,51,0,71,0,633,8,7,1,8
63,14,moe,735,35,4155,1671,1671,2301,150,0,33,0,638,8,5,3,8
63,15,moe,669,33,3816,1743,1743,1891,114,0,68,0,744,8,6,2,8
63,16,moe,728,33,2643,887,887,1584,99,0,73,0,635,8,6,2,8
63,17,moe,812,38,3131,1477,1477,1529,98,1,26,0,621,8,6,2,8
63,18,moe,726,32,2329,1240,1240,976,56,0,57,0,744,8,7,1,8
63,19,moe,653,31,4282,1691,1691,2361,147,0,83,0,630,8,5,3,8
63,20,moe,728,33,1117,287,287,763,50,0,17,0,632,8,7,1,8
63,21,moe,818,37,3697,1622,1622,1891,116,0,68,0,757,8,6,2,8
63,22,moe,810,34,6478,3080,3080,3107,197,0,94,0,621,8,4,4,8
63,23,moe,655,34,9,0,0,0,0,0,9,0,737,8,8,0,8
63,24,moe,803,34,7867,2966,2966,4524,283,0,94,0,746,8,3,5,8
63,25,moe,797,35,7187,3362,3362,3554,223,0,48,0,738,8,4,4,8
63,26,moe,664,33,3393,1477,1477,1778,113,0,25,0,742,8,6,2,8
63,-1,epi,0,0,0,0,0,0,0,0,5934,0,0,0,0,0,0
64,-2,pre,99,0,0,0,0,0,0,0,0,0,0,0,0,0,0
64,0,dense,1476,36,0,0,0,0,0,0,0,0,0,0,0,0,0
64,1,moe,819,34,9,0,0,0,0,0,9,0,765,8,8,0,8
64,2,moe,748,38,10,0,0,0,0,0,10,0,776,8,8,0,8
64,3,moe,694,35,6828,3000,3001,3556,230,0,41,0,753,8,4,4,8
64,4,moe,732,51,9,0,0,0,0,0,9,0,628,8,8,0,8
64,5,moe,803,34,1251,290,290,834,51,0,76,0,644,8,7,1,8
64,6,moe,740,32,9,0,0,0,0,0,9,0,752,8,8,0,8
64,7,moe,668,33,2184,539,539,1519,101,0,25,0,642,8,6,2,8
64,8,moe,761,44,3943,2299,2299,1516,98,0,30,0,629,8,6,2,8
64,9,moe,815,35,5834,2818,2818,2768,169,0,79,0,753,8,5,3,8
64,10,moe,728,34,9,0,0,0,0,0,9,0,621,8,8,0,8
64,11,moe,668,33,1225,267,267,842,51,0,65,0,644,8,7,1,8
64,12,moe,732,33,2299,1208,1208,981,57,0,53,0,743,8,7,1,8
64,13,moe,801,31,1222,275,275,845,48,0,54,0,629,8,7,1,8
64,14,moe,743,35,2225,573,573,1526,102,0,24,0,641,8,6,2,8
64,15,moe,668,32,7,0,0,0,0,0,7,0,760,8,8,0,8
64,16,moe,747,33,8,0,0,0,0,0,8,0,644,8,8,0,8
64,17,moe,820,35,2041,1204,1204,767,51,0,19,0,637,8,7,1,8
64,18,moe,742,34,8,0,0,0,0,0,8,0,771,8,8,0,8
64,19,moe,680,38,2183,536,536,1519,98,0,30,0,642,8,6,2,8
64,20,moe,749,35,9,0,0,0,0,0,9,0,650,8,8,0,8
64,21,moe,821,35,6608,2633,2633,3651,230,0,94,0,752,8,4,4,8
64,22,moe,824,40,3448,827,827,2387,147,0,87,0,628,8,5,3,8
64,23,moe,671,35,1568,470,470,987,59,0,52,0,753,8,7,1,8
64,24,moe,813,33,5723,2855,2856,2660,174,0,33,0,750,8,5,3,8
64,25,moe,811,32,3509,1583,1584,1782,117,0,26,0,742,8,6,2,8
64,26,moe,684,32,5062,1238,1238,3555,228,0,41,0,757,8,4,4,8
64,-1,epi,0,0,0,0,0,0,0,0,5999,0,0,0,0,0,0
65,-2,pre,215,0,0,0,0,0,0,0,0,0,0,0,0,0,0
65,0,dense,1485,36,0,0,0,0,0,0,0,0,0,0,0,0,0
65,1,moe,833,33,6624,3742,3742,2674,171,0,37,0,752,8,5,3,8
65,2,moe,737,29,6475,3608,3608,2660,172,0,35,0,749,8,5,3,8
65,3,moe,670,31,1640,674,674,888,59,0,19,0,744,8,7,1,8
65,4,moe,739,29,3208,1424,1424,1600,99,0,85,0,635,8,6,2,8
65,5,moe,805,32,8,0,0,0,0,0,8,0,636,8,8,0,8
65,6,moe,730,28,4591,2493,2494,1903,118,0,76,0,752,8,6,2,8
65,7,moe,664,29,4067,2298,2299,1591,103,0,74,0,635,8,6,2,8
65,8,moe,734,31,9,0,0,0,0,0,9,0,628,8,8,0,8
65,9,moe,801,30,9,0,0,0,0,0,9,0,745,8,8,0,8
65,10,moe,741,33,3890,2222,2222,1541,98,0,29,0,634,8,6,2,8
65,11,moe,663,27,5858,3378,3378,2291,148,0,41,0,628,8,5,3,8
65,12,moe,729,30,2409,1272,1272,999,59,0,79,0,749,8,7,1,8
65,13,moe,808,32,2105,1130,1130,860,52,1,62,0,634,8,7,1,8
65,14,moe,734,33,3033,1383,1383,1526,98,0,26,0,622,8,6,2,8
65,15,moe,660,29,7148,3194,3194,3639,225,0,90,0,747,8,4,4,8
65,16,moe,733,36,4088,2313,2313,1602,98,0,75,0,630,8,6,2,8
65,17,moe,797,34,4996,2519,2519,2295,146,1,35,0,630,8,5,3,8
65,18,moe,725,32,7861,3906,3906,3641,227,0,87,0,744,8,4,4,8
65,19,moe,669,32,9855,3955,3956,5423,340,0,136,0,623,8,1,7,8
65,20,moe,729,31,4038,2378,2378,1533,101,0,26,0,620,8,6,2,8
65,21,moe,797,33,6828,3824,3824,2749,170,0,85,0,737,8,5,3,8
65,22,moe,794,34,10014,4947,4947,4662,293,0,112,0,623,8,2,6,8
65,23,moe,660,28,4481,2428,2428,1873,114,0,66,0,732,8,6,2,8
65,24,moe,792,29,7253,3449,3449,3534,227,0,43,0,739,8,4,4,8
65,25,moe,800,30,6573,3699,3700,2668,169,0,36,0,743,8,5,3,8
65,26,moe,657,32,2231,1235,1235,904,72,0,20,0,748,8,7,1,8
65,-1,epi,0,0,0,0,0,0,0,0,5914,0,0,0,0,0,0
66,-2,pre,51,0,0,0,0,0,0,0,0,0,0,0,0,0,0
66,0,dense,1433,37,0,0,0,0,0,0,0,0,0,0,0,0,0
66,1,moe,804,37,8276,2961,2961,5085,186,0,44,0,758,8,5,3,8
66,2,moe,762,39,10,0,0,0,0,0,10,0,755,8,8,0,8
66,3,moe,666,30,3604,1671,1672,1787,113,0,32,0,769,8,6,2,8
66,4,moe,753,34,3595,547,547,2863,98,0,87,0,627,8,6,2,8
66,5,moe,814,35,10,0,0,0,0,0,10,0,634,8,8,0,8
66,6,moe,753,31,10,0,0,0,0,0,10,0,758,8,8,0,8
66,7,moe,671,41,9,0,0,0,0,0,9,0,646,8,8,0,8
66,8,moe,754,29,2100,1262,1262,764,51,0,23,0,636,8,7,1,8
66,9,moe,826,31,2134,310,310,1700,56,0,68,0,756,8,7,1,8
66,10,moe,739,31,9,0,0,0,0,0,9,0,646,8,8,0,8
66,11,moe,662,29,5533,2141,2141,3107,198,0,87,0,639,8,4,4,8
66,12,moe,761,32,1424,315,315,978,59,0,72,0,754,8,7,1,8
66,13,moe,834,31,1254,286,286,853,51,0,64,0,640,8,7,1,8
66,14,moe,757,34,10,0,0,0,0,0,10,0,636,8,8,0,8
66,15,moe,671,29,5106,1614,1614,3310,115,0,67,0,763,8,6,2,8
66,16,moe,743,31,3528,541,541,2815,96,0,76,0,628,8,6,2,8
66,17,moe,824,31,2195,546,546,1521,101,0,27,0,643,8,6,2,8
66,18,moe,745,31,2433,1278,1278,1035,62,0,58,0,751,8,7,1,8
66,19,moe,658,29,2310,573,573,1573,101,1,62,0,629,8,6,2,8
66,20,moe,749,30,8,0,0,0,0,0,8,0,634,8,8,0,8
66,21,moe,813,30,2714,639,639,1881,115,0,79,0,752,8,6,2,8
66,22,moe,812,31,1355,429,429,814,51,0,61,0,641,8,7,1,8
66,23,moe,664,30,3669,1603,1603,1886,117,0,63,0,746,8,6,2,8
66,24,moe,828,32,4781,2868,2868,1769,119,0,25,0,745,8,6,2,8
66,25,moe,817,34,3514,1590,1590,1782,117,0,25,0,750,8,6,2,8
66,26,moe,671,28,3457,1537,1537,1775,117,0,28,0,750,8,6,2,8
66,-1,epi,0,0,0,0,0,0,0,0,5950,0,0,0,0,0,0
67,-2,pre,1066,0,0,0,0,0,0,0,0,0,0,0,0,0,0
67,0,dense,1465,38,0,0,0,0,0,0,0,0,0,0,0,0,0
67,1,moe,833,37,8305,4485,4485,3548,229,0,43,0,757,8,4,4,8
67,2,moe,751,37,3057,1348,1348,1626,58,0,25,0,742,8,7,1,8
67,3,moe,656,32,11356,4636,4636,6438,230,0,52,0,740,8,4,4,8
67,4,moe,726,34,3210,1422,1422,1601,103,0,84,0,628,8,6,2,8
67,5,moe,816,34,5920,3445,3445,2287,150,0,38,0,631,8,5,3,8
67,6,moe,749,37,10,0,0,0,0,0,10,0,743,8,8,0,8
67,7,moe,651,33,2581,1124,1124,1386,49,1,21,0,632,8,7,1,8
67,8,moe,735,34,5182,2292,2293,2764,99,0,26,0,625,8,6,2,8
67,9,moe,799,36,9,0,0,0,0,0,9,0,739,8,8,0,8
67,10,moe,727,34,9422,3651,3651,5532,197,0,42,0,623,8,4,4,8
67,11,moe,650,32,8540,2776,2776,5523,197,0,44,0,620,8,4,4,8
67,12,moe,724,34,2197,324,324,1745,58,0,70,0,744,8,7,1,8
67,13,moe,806,34,4129,2358,2358,1594,102,0,75,0,621,8,6,2,8
67,14,moe,736,35,2547,1096,1096,1379,51,0,21,0,617,8,7,1,8
67,15,moe,648,32,10143,3193,3193,6631,230,0,89,0,742,8,4,4,8
67,16,moe,727,34,4424,1390,1390,2860,97,0,77,0,613,8,6,2,8
67,17,moe,794,34,7116,2793,2793,4143,148,0,32,0,614,8,5,3,8
67,18,moe,733,40,2344,1217,1217,1004,62,0,61,0,735,8,7,1,8
67,19,moe,655,34,8085,2184,2185,5611,198,0,91,0,616,8,4,4,8
67,20,moe,727,35,3838,2175,2175,1530,103,0,30,0,616,8,6,2,8
67,21,moe,814,33,8424,3508,3508,4536,284,0,96,0,746,8,3,5,8
67,22,moe,796,35,4643,2052,2052,2359,151,0,81,0,626,8,5,3,8
67,23,moe,652,33,7575,3604,3604,3656,228,0,87,0,745,8,4,4,8
67,24,moe,799,35,8409,3628,3628,4444,287,0,50,0,749,8,3,5,8
67,25,moe,797,34,6625,3748,3748,2665,173,0,39,0,737,8,5,3,8
67,26,moe,646,34,13540,5166,5166,8041,283,0,50,0,733,8,3,5,8
67,-1,epi,0,0,0,0,0,0,0,0,5778,0,0,0,0,0,0
68,-2,pre,213,0,0,0,0,0,0,0,0,0,0,0,0,0,0
68,0,dense,1447,38,0,0,0,0,0,0,0,0,0,0,0,0,0
68,1,moe,817,34,12908,4524,4524,8050,284,0,50,0,738,8,3,5,8
68,2,moe,722,32,5679,2321,2321,3216,112,0,30,0,731,8,6,2,8
68,3,moe,653,36,4418,2499,2500,1774,117,0,27,0,733,8,6,2,8
68,4,moe,742,36,10266,4359,4360,5606,199,0,101,0,611,8,4,4,8
68,5,moe,793,35,9,0,0,0,0,0,9,0,606,8,8,0,8
68,6,moe,728,33,3104,1236,1236,1744,58,0,66,0,731,8,7,1,8
68,7,moe,652,37,9,0,0,0,0,0,9,0,613,8,8,0,8
68,8,moe,728,33,8,0,0,0,0,0,8,0,615,8,8,0,8
68,9,moe,807,33,2999,1312,1312,1609,57,0,21,0,741,8,7,1,8
68,10,moe,742,33,3251,1477,1477,1592,103,0,79,0,638,8,6,2,8
68,11,moe,656,32,5887,1560,1560,4136,155,0,36,0,617,8,5,3,8
68,12,moe,734,34,1461,324,324,1017,59,0,61,0,741,8,7,1,8
68,13,moe,807,38,2225,1268,1268,838,51,0,68,0,627,8,7,1,8
68,14,moe,744,36,1105,278,278,758,51,0,18,0,630,8,7,1,8
68,15,moe,668,35,3630,1582,1582,1860,119,0,69,0,752,8,6,2,8
68,16,moe,739,34,9,0,0,0,0,0,9,0,617,8,8,0,8
68,17,moe,797,34,1874,265,265,1487,49,0,73,0,620,8,7,1,8
68,18,moe,724,33,8,0,0,0,0,0,8,0,740,8,8,0,8
68,19,moe,674,37,6059,1739,1739,4138,146,0,36,0,647,8,5,3,8
68,20,moe,747,36,1105,272,272,764,51,0,18,0,621,8,7,1,8
68,21,moe,827,37,8,0,0,0,0,0,8,0,747,8,8,0,8
68,22,moe,810,33,3428,542,542,2753,99,0,34,0,620,8,6,2,8
68,23,moe,655,37,2174,318,318,1734,57,1,64,0,756,8,7,1,8
68,24,moe,824,34,6027,2672,2672,3214,113,0,28,0,733,8,6,2,8
68,25,moe,801,36,5971,947,948,4816,168,0,39,0,735,8,5,3,8
68,26,moe,663,38,5107,2229,2229,2667,174,0,37,0,741,8,5,3,8
68,-1,epi,0,0,0,0,0,0,0,0,5832,0,0,0,0,0,0
69,-2,pre,38,0,0,0,0,0,0,0,0,0,0,0,0,0,0
69,0,dense,1485,35,0,0,0,0,0,0,0,0,0,0,0,0,0
69,1,moe,817,35,3522,1589,1589,1769,116,0,48,0,754,8,6,2,8
69,2,moe,761,33,10,0,1,0,0,0,9,0,755,8,8,0,8
69,3,moe,667,32,5693,2807,2807,2675,175,0,36,0,754,8,5,3,8
69,4,moe,754,37,2847,1233,1233,1480,51,0,83,0,629,8,7,1,8
69,5,moe,828,34,9,0,0,0,0,0,9,0,637,8,8,0,8
69,6,moe,742,34,8,0,0,0,0,0,8,0,747,8,8,0,8
69,7,moe,661,32,5107,2218,2218,2759,100,0,30,0,627,8,6,2,8
69,8,moe,729,34,1717,267,267,1379,51,0,20,0,623,8,7,1,8
69,9,moe,801,35,8,0,0,0,0,0,8,0,742,8,8,0,8
69,10,moe,733,34,5182,2267,2267,2787,97,0,31,0,627,8,6,2,8
69,11,moe,653,33,4327,1449,1449,2754,99,0,25,0,618,8,6,2,8
69,12,moe,732,34,8,0,0,0,0,0,8,0,737,8,8,0,8
69,13,moe,809,38,7,0,0,0,0,0,7,0,633,8,8,0,8
69,14,moe,740,38,1723,282,282,1373,49,0,19,0,626,8,7,1,8
69,15,moe,669,40,2181,293,293,1765,57,0,66,0,753,8,7,1,8
69,16,moe,756,35,9,0,0,0,0,0,9,0,636,8,8,0,8
69,17,moe,843,39,10,0,0,0,0,0,10,0,643,8,8,0,8
69,18,moe,709,41,10,0,0,0,0,0,10,0,761,8,8,0,8
69,19,moe,649,32,8,0,0,0,0,0,8,0,620,8,8,0,8
69,20,moe,724,41,2827,1259,1259,1455,55,0,58,0,675,8,7,1,8
69,21,moe,828,40,3137,1243,1243,1746,63,0,85,0,776,8,7,1,8
69,22,moe,825,43,10,0,0,0,0,0,10,0,631,8,8,0,8
69,23,moe,700,36,10,0,0,0,0,0,10,0,741,8,8,0,8
69,24,moe,832,41,1470,495,495,886,62,0,27,0,767,8,7,1,8
69,25,moe,869,38,5088,3385,3385,1621,58,0,24,0,746,8,7,1,8
69,26,moe,649,39,2258,1286,1286,893,59,0,20,0,750,8,7,1,8
69,-1,epi,0,0,0,0,0,0,0,0,5994,0,0,0,0,0,0
70,-2,pre,81,0,0,0,0,0,0,0,0,0,0,0,0,0,0
70,0,dense,1497,41,0,0,0,0,0,0,0,0,0,0,0,0,0
70,1,moe,833,35,3585,1638,1639,1781,116,0,49,0,762,8,6,2,8
70,2,moe,767,35,9,0,0,0,0,0,9,0,765,8,8,0,8
70,3,moe,679,34,4869,1990,1990,2671,174,1,33,0,764,8,5,3,8
70,4,moe,758,34,1257,291,291,835,51,0,80,0,644,8,7,1,8
70,5,moe,837,36,2620,1158,1158,1393,50,0,19,0,635,8,7,1,8
70,6,moe,761,38,9,0,0,0,0,0,9,0,757,8,8,0,8
70,7,moe,672,39,2609,1151,1152,1387,50,0,20,0,629,8,7,1,8
70,8,moe,734,34,2599,1140,1140,1393,48,1,17,0,630,8,7,1,8
70,9,moe,809,33,8,0,0,0,0,0,8,0,751,8,8,0,8
70,10,moe,741,34,5285,2401,2401,2759,99,0,26,0,629,8,6,2,8
70,11,moe,649,33,3076,1424,1424,1526,101,0,25,0,633,8,6,2,8
70,12,moe,744,34,5174,1602,1602,3376,112,0,84,0,742,8,6,2,8
70,13,moe,803,33,5231,2201,2201,2855,100,0,75,0,624,8,6,2,8
70,14,moe,728,35,2579,1127,1127,1382,48,0,22,0,624,8,7,1,8
70,15,moe,654,36,2550,642,643,1779,57,0,71,0,741,8,7,1,8
70,16,moe,728,34,9,0,0,0,0,0,9,0,623,8,8,0,8
70,17,moe,810,38,9,0,0,0,0,0,9,0,638,8,8,0,8
70,18,moe,744,35,1281,310,310,892,58,0,21,0,757,8,7,1,8
70,19,moe,667,33,9,0,0,0,0,0,9,0,644,8,8,0,8
70,20,moe,766,37,2263,1315,1315,817,52,0,79,0,634,8,7,1,8
70,21,moe,820,33,9,0,0,0,0,0,9,0,761,8,8,0,8
70,22,moe,836,36,1712,266,266,1373,50,0,23,0,631,8,7,1,8
70,23,moe,667,32,5124,1565,1566,3373,113,0,72,0,754,8,6,2,8
70,24,moe,828,30,2558,630,631,1784,118,0,25,0,755,8,6,2,8
70,25,moe,834,30,4446,2532,2532,1769,116,0,29,0,746,8,6,2,8
70,26,moe,4398,29,1275,309,309,889,59,0,18,0,748,8,7,1,8
70,-1,epi,0,0,0,0,0,0,0,0,5969,0,0,0,0,0,0
71,-2,pre,38,0,0,0,0,0,0,0,0,0,0,0,0,0,0
71,0,dense,1505,34,0,0,0,0,0,0,0,0,0,0,0,0,0
71,1,moe,843,55,10,0,0,0,0,0,10,0,774,8,8,0,8
71,2,moe,777,33,1967,285,286,1605,56,0,20,0,760,8,7,1,8
71,3,moe,689,32,4440,2510,2510,1785,114,0,31,0,754,8,6,2,8
71,4,moe,758,30,9,0,0,0,0,0,9,0,632,8,8,0,8
71,5,moe,811,29,3247,1453,1453,1596,102,0,96,0,640,8,6,2,8
71,6,moe,735,30,9,0,0,0,0,0,9,0,752,8,8,0,8
71,7,moe,667,33,2014,1167,1167,775,53,0,19,0,638,8,7,1,8
71,8,moe,755,30,9,0,0,0,0,0,9,0,638,8,8,0,8
71,9,moe,822,32,2123,309,309,1692,56,0,66,0,754,8,7,1,8
71,10,moe,741,28,2125,1153,1153,856,51,0,65,0,636,8,7,1,8
71,11,moe,663,29,1095,267,267,760,51,0,17,0,644,8,7,1,8
71,12,moe,743,29,9,0,0,0,0,0,9,0,752,8,8,0,8
71,13,moe,814,28,1968,1132,1132,767,51,0,18,0,649,8,7,1,8
71,14,moe,788,34,11374,4179,4179,6902,246,0,47,0,639,8,3,5,8
71,15,moe,653,29,2144,305,305,1709,57,0,73,0,745,8,7,1,8
71,16,moe,736,38,2145,1191,1191,836,53,0,65,0,635,8,7,1,8
71,17,moe,834,30,1128,296,296,764,52,0,16,0,634,8,7,1,8
71,18,moe,756,29,2394,1236,1236,1030,61,0,67,0,755,8,7,1,8
71,19,moe,674,31,2082,1133,1133,841,51,0,57,0,638,8,7,1,8
71,20,moe,765,32,9,0,0,0,0,0,9,0,630,8,8,0,8
71,21,moe,808,32,9,0,0,0,0,0,9,0,759,8,8,0,8
71,22,moe,811,30,9,0,0,0,0,0,9,0,643,8,8,0,8
71,23,moe,680,28,4985,1938,1938,2770,176,0,101,0,753,8,5,3,8
71,24,moe,847,33,3002,1320,1320,1607,56,0,19,0,749,8,7,1,8
71,25,moe,820,29,1991,309,309,1611,55,0,16,0,749,8,7,1,8
71,26,moe,6247,29,5700,2327,2327,3230,112,0,31,0,746,8,6,2,8
71,-1,epi,0,0,0,0,0,0,0,0,5926,0,0,0,0,0,0
72,-2,pre,205,0,0,0,0,0,0,0,0,0,0,0,0,0,0
72,0,dense,3972,32,0,0,0,0,0,0,0,0,0,0,0,0,0
72,1,moe,5525,33,9114,2395,2395,6446,226,0,47,0,752,8,4,4,8
72,2,moe,7005,31,8672,3633,3633,4834,170,0,35,0,740,8,5,3,8
72,3,moe,841,32,7321,2262,2263,4857,170,0,31,0,735,8,5,3,8
72,4,moe,730,33,1849,278,278,1447,51,0,73,0,617,8,7,1,8
72,5,moe,810,33,1497,665,665,763,51,0,18,0,624,8,7,1,8
72,6,moe,738,30,2364,1235,1235,1004,58,0,67,0,753,8,7,1,8
72,7,moe,663,30,2143,1185,1185,847,52,0,59,0,626,8,7,1,8
72,8,moe,734,30,3856,2191,2191,1531,103,0,31,0,663,8,6,2,8
72,9,moe,802,31,4555,2488,2488,1883,116,0,68,0,748,8,6,2,8
72,10,moe,731,29,10,0,1,0,0,0,9,0,627,8,8,0,8
72,11,moe,655,28,6159,1685,1685,4235,147,1,91,0,625,8,5,3,8
72,12,moe,727,30,4529,2463,2463,1874,117,0,75,0,745,8,6,2,8
72,13,moe,824,31,1232,269,269,848,51,0,64,0,626,8,7,1,8
72,14,moe,757,29,3056,1402,1403,1525,101,0,27,0,626,8,6,2,8
72,15,moe,650,28,8040,2787,2787,5005,169,0,79,0,742,8,5,3,8
72,16,moe,726,30,5266,2226,2226,2865,97,0,78,0,634,8,6,2,8
72,17,moe,811,32,2592,1140,1140,1386,48,0,18,0,624,8,7,1,8
72,18,moe,725,29,3108,1248,1249,1741,59,0,59,0,738,8,7,1,8
72,19,moe,655,29,4445,1389,1389,2883,102,0,71,0,612,8,6,2,8
72,20,moe,735,28,4336,1454,1454,2757,99,0,26,0,672,8,6,2,8
72,21,moe,799,32,7305,2128,2128,4927,173,0,77,0,737,8,5,3,8
72,22,moe,861,40,5543,4577,4577,850,51,0,65,0,611,8,7,1,8
72,23,moe,649,34,3123,1043,1043,1895,116,0,69,0,738,8,6,2,8
72,24,moe,810,35,3656,1736,1736,1771,117,0,32,0,741,8,6,2,8
72,25,moe,810,38,9888,3146,3146,6458,230,0,54,0,737,8,4,4,8
72,26,moe,658,33,9886,3163,3163,6446,226,0,51,0,733,8,4,4,8
72,-1,epi,0,0,0,0,0,0,0,0,5799,0,0,0,0,0,0
73,-2,pre,295,0,0,0,0,0,0,0,0,0,0,0,0,0,0
73,0,dense,1452,40,0,0,0,0,0,0,0,0,0,0,0,0,0
73,1,moe,836,36,11331,4592,4592,6463,227,0,49,0,735,8,4,4,8
73,2,moe,3550,37,5649,2782,2782,2652,175,0,40,0,741,8,5,3,8
73,3,moe,650,35,4933,2032,2032,2689,173,0,39,0,738,8,5,3,8
73,4,moe,746,34,3255,1446,1446,1610,100,1,98,0,626,8,6,2,8
73,5,moe,819,35,9,0,0,0,0,0,9,0,619,8,8,0,8
73,6,moe,767,37,9,0,0,0,0,0,9,0,739,8,8,0,8
73,7,moe,659,33,1979,1134,1134,769,53,0,23,0,643,8,7,1,8
73,8,moe,747,35,3889,2231,2231,1525,102,0,31,0,631,8,6,2,8
73,9,moe,824,37,3092,1201,1201,1764,58,0,69,0,742,8,7,1,8
73,10,moe,732,32,7198,2725,2726,4235,148,0,89,0,616,8,5,3,8
73,11,moe,645,32,4366,1472,1472,2763,100,0,31,0,616,8,6,2,8
73,12,moe,724,34,2800,970,970,1712,55,0,63,0,748,8,7,1,8
73,13,moe,818,42,2112,1123,1123,849,56,0,84,0,635,8,7,1,8
73,14,moe,757,42,5766,3240,3240,2323,158,0,45,0,671,8,5,3,8
73,15,moe,668,35,3659,1546,1547,1893,126,0,93,0,749,8,6,2,8
73,16,moe,738,37,2242,1292,1292,821,51,0,78,0,629,8,7,1,8
73,17,moe,802,37,10,0,0,0,0,0,10,0,625,8,8,0,8
73,18,moe,735,37,5875,2838,2838,2775,173,0,89,0,753,8,5,3,8
73,19,moe,666,40,4258,1656,1656,2358,152,0,92,0,636,8,5,3,8
73,20,moe,739,35,3874,2211,2211,1534,101,0,28,0,631,8,6,2,8
73,21,moe,811,40,9008,3734,3735,5012,168,0,93,0,742,8,5,3,8
73,22,moe,803,36,6967,2493,2494,4239,147,0,87,0,616,8,5,3,8
73,23,moe,649,33,6582,3572,3572,2756,175,0,79,0,736,8,5,3,8
73,24,moe,799,35,7734,3908,3908,3548,234,0,44,0,744,8,4,4,8
73,25,moe,793,36,5850,2983,2983,2657,170,0,40,0,739,8,5,3,8
73,26,moe,651,36,1271,308,308,883,59,0,21,0,745,8,7,1,8
73,-1,epi,0,0,0,0,0,0,0,0,5862,0,0,0,0,0,0
74,-2,pre,44,0,0,0,0,0,0,0,0,0,0,0,0,0,0
74,0,dense,1483,37,0,0,0,0,0,0,0,0,0,0,0,0,0
74,1,moe,822,36,1281,306,306,889,59,0,27,0,759,8,7,1,8
74,2,moe,750,37,1280,317,317,884,59,0,20,0,759,8,7,1,8
74,3,moe,676,34,3017,1321,1322,1616,55,0,24,0,758,8,7,1,8
74,4,moe,745,33,4042,2267,2268,1606,99,0,69,0,625,8,6,2,8
74,5,moe,797,36,9,0,0,0,0,0,9,0,624,8,8,0,8
74,6,moe,730,33,2313,1190,1190,995,57,0,71,0,744,8,7,1,8
74,7,moe,656,33,8,0,0,0,0,0,8,0,634,8,8,0,8
74,8,moe,745,35,2103,1149,1150,830,51,0,72,0,633,8,7,1,8
74,9,moe,807,41,2322,1196,1196,1008,57,0,61,0,753,8,7,1,8
74,10,moe,735,35,9,0,0,0,0,0,9,0,629,8,8,0,8
74,11,moe,664,35,8,0,0,0,0,0,8,0,633,8,8,0,8
74,12,moe,740,34,2511,605,605,1762,115,0,29,0,763,8,6,2,8
74,13,moe,815,33,2722,1157,1157,1441,50,0,74,0,627,8,7,1,8
74,14,moe,731,33,6844,2522,2522,4140,146,0,36,0,621,8,5,3,8
74,15,moe,650,32,5351,1795,1795,3373,112,0,71,0,742,8,6,2,8
74,16,moe,728,33,6236,1743,1743,4257,149,0,87,0,619,8,5,3,8
74,17,moe,795,34,4299,1406,1406,2766,99,0,28,0,620,8,6,2,8
74,18,moe,742,37,4498,2387,2387,1918,118,0,75,0,762,8,6,2,8
74,19,moe,655,34,5072,2472,2472,2364,151,0,85,0,622,8,5,3,8
74,20,moe,730,34,3223,1568,1568,1526,100,0,29,0,626,8,6,2,8
74,21,moe,797,36,5082,2029,2029,2784,172,0,97,0,748,8,5,3,8
74,22,moe,798,42,6056,1595,1595,4214,148,0,99,0,614,8,5,3,8
74,23,moe,650,32,4563,2473,2473,1911,115,0,64,0,739,8,6,2,8
74,24,moe,802,36,3734,1810,1810,1779,117,0,28,0,742,8,6,2,8
74,25,moe,800,34,1445,475,475,887,59,0,24,0,743,8,7,1,8
74,26,moe,667,33,2532,625,626,1763,115,0,28,0,751,8,6,2,8
74,-1,epi,0,0,0,0,0,0,0,0,5928,0,0,0,0,0,0
75,-2,pre,38,0,0,0,0,0,0,0,0,0,0,0,0,0,0
75,0,dense,1505,64,0,0,0,0,0,0,0,0,0,0,0,0,0
75,1,moe,834,39,3597,1670,1671,1777,119,0,30,0,755,8,6,2,8
75,2,moe,740,35,10,0,0,0,0,0,10,0,763,8,8,0,8
75,3,moe,681,34,9,0,0,0,0,0,9,0,763,8,8,0,8
75,4,moe,748,34,8,0,0,0,0,0,8,0,651,8,8,0,8
75,5,moe,828,38,2241,1261,1261,840,51,0,89,0,663,8,7,1,8
75,6,moe,771,34,9,0,0,0,0,0,9,0,788,8,8,0,8
75,7,moe,676,35,2058,1207,1207,775,54,0,22,0,641,8,7,1,8
75,8,moe,784,45,1124,285,285,769,50,0,20,0,656,8,7,1,8
75,9,moe,825,41,8,0,0,0,0,0,8,0,761,8,8,0,8
75,10,moe,757,39,9,0,0,0,0,0,9,0,654,8,8,0,8
75,11,moe,697,35,3068,1410,1412,1527,98,0,31,0,635,8,6,2,8
75,12,moe,753,37,9,0,0,0,0,0,9,0,764,8,8,0,8
75,13,moe,820,34,5943,3465,3465,2285,153,0,40,0,629,8,5,3,8
75,14,moe,742,35,9,0,0,0,0,0,9,0,628,8,8,0,8
75,15,moe,651,33,9,0,0,0,0,0,9,0,756,8,8,0,8
75,16,moe,749,34,5929,3447,3447,2292,148,0,42,0,642,8,5,3,8
75,17,moe,811,35,4393,1917,1918,2283,151,0,41,0,636,8,5,3,8
75,18,moe,739,35,2341,1220,1220,988,60,0,73,0,756,8,7,1,8
75,19,moe,662,210,7681,5087,5087,2355,148,0,91,0,632,8,5,3,8
75,20,moe,730,34,2775,1313,1313,1391,50,0,21,0,626,8,7,1,8
75,21,moe,805,36,5135,1603,1603,3347,111,0,74,0,737,8,6,2,8
75,22,moe,797,34,9,0,0,0,0,0,9,0,627,8,8,0,8
75,23,moe,653,32,3468,1532,1532,1785,117,0,34,0,749,8,6,2,8
75,24,moe,817,37,2169,1205,1206,886,58,0,19,0,746,8,7,1,8
75,25,moe,812,34,8606,4785,4786,3539,233,0,48,0,749,8,4,4,8
75,26,moe,668,36,3440,1516,1516,1784,112,0,28,0,743,8,6,2,8
75,-1,epi,0,0,0,0,0,0,0,0,5919,0,0,0,0,0,0
76,-2,pre,35,0,0,0,0,0,0,0,0,0,0,0,0,0,0
76,0,dense,1503,37,0,0,0,0,0,0,0,0,0,0,0,0,0
76,1,moe,828,34,9,0,0,0,0,1,8,0,781,8,8,0,8
76,2,moe,752,34,2222,1246,1246,892,60,0,24,0,761,8,7,1,8
76,3,moe,7101,35,9,0,0,0,0,0,9,0,737,8,8,0,8
76,4,moe,733,34,4441,1395,1395,2858,97,0,91,0,631,8,6,2,8
76,5,moe,811,33,2606,1147,1147,1386,53,0,20,0,621,8,7,1,8
76,6,moe,729,33,8,0,0,0,0,0,8,0,742,8,8,0,8
76,7,moe,655,33,9,0,0,0,0,0,9,0,644,8,8,0,8
76,8,moe,741,33,7,0,0,0,0,0,7,0,639,8,8,0,8
76,9,moe,814,34,4734,2624,2625,1897,117,0,95,0,755,8,6,2,8
76,10,moe,746,62,4364,1306,1307,2880,98,0,79,0,624,8,6,2,8
76,11,moe,655,33,9,0,0,0,0,0,9,0,628,8,8,0,8
76,12,moe,744,32,8,0,0,0,0,0,8,0,747,8,8,0,8
76,13,moe,810,40,5142,2253,2253,2759,98,1,31,0,632,8,6,2,8
76,14,moe,733,34,9,0,0,0,0,0,9,0,625,8,8,0,8
76,15,moe,657,32,6204,2631,2631,3379,116,0,78,0,744,8,6,2,8
76,16,moe,739,37,3279,1498,1498,1601,98,0,82,0,634,8,6,2,8
76,17,moe,821,43,1970,1125,1125,768,52,0,25,0,628,8,7,1,8
76,18,moe,731,30,8,0,0,0,0,0,8,0,743,8,8,0,8
76,19,moe,660,27,3167,1510,1510,1526,101,0,30,0,629,8,6,2,8
76,20,moe,737,30,1121,286,286,764,50,0,21,0,635,8,7,1,8
76,21,moe,813,29,9,0,0,0,0,0,9,0,752,8,8,0,8
76,22,moe,810,30,3884,2221,2222,1529,98,0,35,0,635,8,6,2,8
76,23,moe,666,32,5915,2922,2922,2751,169,0,73,0,749,8,5,3,8
76,24,moe,805,30,6999,3166,3166,3558,229,0,46,0,752,8,4,4,8
76,25,moe,810,29,3271,1354,1354,1767,117,0,33,0,747,8,6,2,8
76,26,moe,676,31,7819,3990,3991,3555,229,0,44,0,739,8,4,4,8
76,-1,epi,0,0,0,0,0,0,0,0,5905,0,0,0,0,0,0
77,-2,pre,216,0,0,0,0,0,0,0,0,0,0,0,0,0,0
77,0,dense,1475,34,0,0,0,0,0,0,0,0,0,0,0,0,0
77,1,moe,828,33,9,0,0,0,0,0,9,0,778,8,8,0,8
77,2,moe,749,29,2948,1262,1262,1607,56,0,23,0,753,8,7,1,8
77,3,moe,7127,30,2130,1159,1159,893,58,0,20,0,744,8,7,1,8
77,4,moe,732,33,9,0,0,0,0,0,9,0,627,8,8,0,8
77,5,moe,806,29,9,0,0,0,0,0,9,0,632,8,8,0,8
77,6,moe,736,29,2150,1171,1171,894,61,0,24,0,760,8,7,1,8
77,7,moe,669,29,2074,1103,1103,838,51,0,82,0,632,8,7,1,8
77,8,moe,733,30,4050,2402,2402,1520,99,0,29,0,635,8,6,2,8
77,9,moe,806,32,3687,1612,1612,1882,116,0,77,0,752,8,6,2,8
77,10,moe,737,29,3228,1464,1464,1587,99,0,78,0,632,8,6,2,8
77,11,moe,659,28,5137,2248,2248,2759,99,0,31,0,627,8,6,2,8
77,12,moe,734,34,5878,2345,2345,3344,116,0,73,0,742,8,6,2,8
77,13,moe,805,29,7346,2822,2822,4262,176,0,86,0,656,8,5,3,8
77,14,moe,729,36,5164,2228,2228,2794,107,0,35,0,671,8,6,2,8
77,15,moe,700,32,7184,1869,1869,5033,179,0,103,0,758,8,5,3,8
77,16,moe,741,32,5320,2258,2258,2878,99,0,85,0,636,8,6,2,8
77,17,moe,803,32,2605,1151,1151,1382,50,0,22,0,644,8,7,1,8
77,18,moe,733,33,6316,2286,2286,3690,232,0,108,0,759,8,4,4,8
77,19,moe,663,30,1243,277,277,845,53,0,68,0,635,8,7,1,8
77,20,moe,734,30,1978,1136,1136,766,57,0,19,0,637,8,7,1,8
77,21,moe,822,38,2572,1465,1465,1000,59,0,48,0,758,8,7,1,8
77,22,moe,807,33,1211,266,266,838,51,0,56,0,633,8,7,1,8
77,23,moe,660,29,2397,1287,1287,992,59,0,59,0,757,8,7,1,8
77,24,moe,823,33,9162,4101,4101,4848,169,0,44,0,754,8,5,3,8
77,25,moe,798,31,6455,1422,1422,4822,171,0,40,0,752,8,5,3,8
77,26,moe,667,29,1305,326,326,896,60,0,23,0,747,8,7,1,8
77,-1,epi,0,0,0,0,0,0,0,0,5925,0,0,0,0,0,0
78,-2,pre,41,0,0,0,0,0,0,0,0,0,0,0,0,0,0
78,0,dense,1480,34,0,0,0,0,0,0,0,0,0,0,0,0,0
78,1,moe,845,33,2208,1237,1237,888,59,0,24,0,771,8,7,1,8
78,2,moe,756,31,10,0,0,0,0,0,10,0,769,8,8,0,8
78,3,moe,676,28,1669,698,698,889,59,0,23,0,762,8,7,1,8
78,4,moe,4180,32,3951,2169,2170,1589,105,0,87,0,640,8,6,2,8
78,5,moe,807,32,3948,2274,2274,1544,103,0,27,0,632,8,6,2,8
78,6,moe,732,30,9,0,0,0,0,0,9,0,746,8,8,0,8
78,7,moe,675,31,4248,1360,1360,2757,101,0,30,0,628,8,6,2,8
78,8,moe,739,29,8,0,0,0,0,0,8,0,624,8,8,0,8
78,9,moe,800,29,9,0,0,0,0,0,9,0,751,8,8,0,8
78,10,moe,736,28,2654,1185,1185,1396,49,0,24,0,629,8,7,1,8
78,11,moe,651,27,7,0,0,0,0,0,7,0,629,8,8,0,8
78,12,moe,743,29,3156,1281,1281,1745,57,0,73,0,747,8,7,1,8
78,13,moe,810,36,10,0,0,0,0,0,10,0,633,8,8,0,8
78,14,moe,739,30,1229,291,291,830,49,0,59,0,638,8,7,1,8
78,15,moe,672,32,16,0,0,0,0,0,16,0,767,8,8,0,8
78,16,moe,754,243,12,0,0,0,0,0,12,0,692,8,8,0,8
78,17,moe,842,35,9,0,0,0,0,0,9,0,653,8,8,0,8
78,18,moe,754,34,1454,313,313,1008,57,0,76,0,788,8,7,1,8
78,19,moe,673,33,4542,2760,2761,1599,100,0,82,0,639,8,6,2,8
78,20,moe,745,32,1981,1139,1141,771,50,1,18,0,636,8,7,1,8
78,21,moe,806,36,3207,1334,1335,1748,57,0,67,0,751,8,7,1,8
78,22,moe,809,33,13478,6137,6137,6977,245,0,119,0,625,8,3,5,8
78,23,moe,652,33,8135,1219,1219,6604,226,0,86,0,739,8,4,4,8
78,24,moe,807,35,5693,2792,2792,2678,175,0,48,0,745,8,5,3,8
78,25,moe,806,36,9,0,0,0,0,0,9,0,744,8,8,0,8
78,26,moe,671,37,2572,651,651,1774,117,0,30,0,759,8,6,2,8
78,-1,epi,0,0,0,0,0,0,0,0,5933,0,0,0,0,0,0
79,-2,pre,43,0,0,0,0,0,0,0,0,0,0,0,0,0,0
79,0,dense,1498,37,0,0,0,0,0,0,0,0,0,0,0,0,0
79,1,moe,830,39,5099,1278,1278,3550,225,1,45,0,756,8,4,4,8
79,2,moe,746,39,6685,3812,3812,2656,172,0,45,0,753,8,5,3,8
79,3,moe,669,33,7100,3272,3272,3544,231,0,53,0,753,8,4,4,8
79,4,moe,728,34,3469,854,854,2359,151,0,105,0,647,8,5,3,8
79,5,moe,815,37,1105,269,269,768,48,0,20,0,622,8,7,1,8
79,6,moe,745,35,2415,1291,1291,997,58,0,69,0,745,8,7,1,8
79,7,moe,665,33,9,0,0,0,0,0,9,0,644,8,8,0,8
79,8,moe,745,34,4481,1412,1412,2884,96,0,89,0,623,8,6,2,8
79,9,moe,799,34,7972,2709,2709,5021,168,0,74,0,753,8,5,3,8
79,10,moe,729,35,3912,886,886,2844,101,0,81,0,620,8,6,2,8
79,11,moe,667,33,1690,248,248,1374,50,0,18,0,619,8,7,1,8
79,12,moe,738,33,3595,1527,1527,1882,116,0,70,0,756,8,6,2,8
79,13,moe,822,38,8,0,0,0,0,0,8,0,629,8,8,0,8
79,14,moe,744,37,5370,2773,2773,2350,147,0,100,0,624,8,5,3,8
79,15,moe,677,35,5879,2872,2872,2762,171,0,74,0,742,8,5,3,8
79,16,moe,748,37,7463,3239,3239,3873,244,0,107,0,633,8,3,5,8
79,17,moe,807,35,6564,2454,2454,3804,244,0,62,0,626,8,3,5,8
79,18,moe,729,35,8559,3635,3635,4545,288,0,91,0,750,8,3,5,8
79,19,moe,661,33,12380,3580,3580,8393,293,0,114,0,618,8,2,6,8
79,20,moe,732,36,10094,2894,2894,6898,244,0,58,0,610,8,3,5,8
79,21,moe,799,37,8646,3702,3703,4542,288,0,113,0,736,8,3,5,8
79,22,moe,802,39,8277,4033,4034,3885,247,0,111,0,619,8,3,5,8
79,23,moe,653,34,7812,1888,1888,5468,343,0,113,0,745,8,2,6,8
79,24,moe,801,35,9521,4726,4726,4457,283,0,55,0,738,8,3,5,8
79,25,moe,793,37,10820,4156,4157,6194,394,0,75,0,740,8,1,7,8
79,26,moe,665,37,9727,3952,3952,5363,352,0,60,0,734,8,2,6,8
79,-1,epi,0,0,0,0,0,0,0,0,5794,0,0,0,0,0,0
80,-2,pre,40,0,0,0,0,0,0,0,0,0,0,0,0,0,0
80,0,dense,1482,40,0,0,0,0,0,0,0,0,0,0,0,0,0
80,1,moe,817,35,6219,2386,2386,3552,231,0,50,0,752,8,4,4,8
80,2,moe,746,35,3461,1540,1540,1776,115,0,30,0,745,8,6,2,8
80,3,moe,674,35,3491,1571,1571,1778,112,0,30,0,744,8,6,2,8
80,4,moe,728,34,4015,2202,2202,1620,100,0,93,0,634,8,6,2,8
80,5,moe,7428,37,1717,269,269,1378,50,0,20,0,616,8,7,1,8
80,6,moe,6466,35,2375,1242,1242,1000,60,0,73,0,742,8,7,1,8
80,7,moe,668,34,1271,287,287,867,53,0,64,0,623,8,7,1,8
80,8,moe,738,34,10,0,0,0,0,0,10,0,625,8,8,0,8
80,9,moe,810,34,2721,638,638,1888,117,0,78,0,755,8,6,2,8
80,10,moe,735,35,1269,282,282,873,51,0,63,0,632,8,7,1,8
80,11,moe,668,32,2205,547,547,1531,101,0,26,0,631,8,6,2,8
80,12,moe,753,39,2734,636,636,1908,116,0,74,0,760,8,6,2,8
80,13,moe,828,41,2293,539,539,1576,97,1,80,0,629,8,6,2,8
80,14,moe,745,35,4491,2012,2012,2293,149,0,37,0,625,8,5,3,8
80,15,moe,658,34,6627,2644,2644,3663,229,0,91,0,745,8,4,4,8
80,16,moe,727,35,2342,574,574,1589,99,0,80,0,627,8,6,2,8
80,17,moe,809,36,5021,2556,2556,2277,149,0,39,0,625,8,5,3,8
80,18,moe,739,38,3570,1490,1490,1887,115,0,78,0,742,8,6,2,8
80,19,moe,653,33,5531,2099,2099,3142,197,0,93,0,633,8,4,4,8
80,20,moe,738,35,1986,1148,1148,764,51,0,23,0,629,8,7,1,8
80,21,moe,800,34,6436,2415,2415,3680,243,0,98,0,792,8,4,4,8
80,22,moe,787,37,2177,570,571,1468,55,0,83,0,665,8,7,1,8
80,23,moe,684,38,2721,621,622,1899,137,0,63,0,770,8,6,2,8
80,24,moe,799,39,2631,614,615,1836,143,0,37,0,750,8,6,2,8
80,25,moe,842,53,6770,1922,1922,4466,310,0,72,0,768,8,3,5,8
80,26,moe,677,51,3841,942,943,2670,190,0,38,0,754,8,5,3,8
80,-1,epi,0,0,0,0,0,0,0,0,5948,0,0,0,0,0,0
81,-2,pre,45,0,0,0,0,0,0,0,0,0,0,0,0,0,0
81,0,dense,1510,41,0,0,0,0,0,0,0,0,0,0,0,0,0
81,1,moe,834,37,5141,2253,2253,2658,188,0,42,0,765,8,5,3,8
81,2,moe,758,45,4852,1952,1952,2670,189,0,41,0,749,8,5,3,8
81,3,moe,668,35,6421,1618,1618,4433,309,0,61,0,751,8,3,5,8
81,4,moe,736,35,3443,834,834,2358,150,0,101,0,635,8,5,3,8
81,5,moe,813,36,2598,1147,1147,1381,51,0,19,0,630,8,7,1,8
81,6,moe,740,35,9,0,0,0,0,0,9,0,755,8,8,0,8
81,7,moe,668,38,9,0,0,0,0,0,9,0,636,8,8,0,8
81,8,moe,748,35,1101,267,267,763,51,0,20,0,641,8,7,1,8
81,9,moe,816,37,1416,318,318,969,57,0,72,0,763,8,7,1,8
81,10,moe,748,32,2152,1193,1193,842,52,0,65,0,629,8,7,1,8
81,11,moe,667,35,2165,517,517,1519,98,0,31,0,640,8,6,2,8
81,12,moe,752,34,2155,320,320,1715,58,0,62,0,749,8,7,1,8
81,13,moe,813,35,4511,1926,1927,2341,151,0,92,0,632,8,5,3,8
81,14,moe,787,35,3469,567,567,2774,100,0,28,0,631,8,6,2,8
81,15,moe,658,33,6081,3048,3049,2780,175,0,77,0,745,8,5,3,8
81,16,moe,726,35,3433,845,845,2364,149,0,75,0,629,8,5,3,8
81,17,moe,808,35,4495,2023,2024,2281,152,1,37,0,623,8,5,3,8
81,18,moe,748,36,7997,2786,2786,4948,169,0,94,0,739,8,5,3,8
81,19,moe,656,31,7949,2037,2041,5620,196,0,92,0,621,8,4,4,8
81,20,moe,732,35,6490,2374,2374,3807,254,0,55,0,635,8,3,5,8
81,21,moe,812,37,5842,2817,2817,2759,175,0,91,0,738,8,5,3,8
81,22,moe,812,36,8001,2097,2097,5625,197,0,82,0,617,8,4,4,8
81,23,moe,650,34,12925,4367,4367,8172,281,0,105,0,733,8,3,5,8
81,24,moe,787,34,7964,1258,1258,6438,224,0,44,0,738,8,4,4,8
81,25,moe,799,34,7758,2982,2982,4437,285,0,54,0,738,8,3,5,8
81,26,moe,666,37,6282,1527,1527,4420,277,0,58,0,742,8,3,5,8
81,-1,epi,0,0,0,0,0,0,0,0,5869,0,0,0,0,0,0
82,-2,pre,88,0,0,0,0,0,0,0,0,0,0,0,0,0,0
82,0,dense,1466,41,0,0,0,0,0,0,0,0,0,0,0,0,0
82,1,moe,820,40,2910,989,989,1769,118,0,34,0,759,8,6,2,8
82,2,moe,738,35,2942,1017,1017,1773,116,0,36,0,756,8,6,2,8
82,3,moe,666,35,4280,1405,1405,2660,171,0,44,0,750,8,5,3,8
82,4,moe,735,36,4543,1115,1115,3114,200,0,114,0,627,8,4,4,8
82,5,moe,818,34,2197,544,544,1522,101,0,30,0,629,8,6,2,8
82,6,moe,760,37,9,0,0,0,0,0,9,0,749,8,8,0,8
82,7,moe,665,33,2796,1349,1349,1377,50,0,20,0,627,8,7,1,8
82,8,moe,739,36,9,0,0,0,0,0,9,0,628,8,8,0,8
82,9,moe,813,37,9,0,0,0,0,0,9,0,754,8,8,0,8
82,10,moe,752,35,2244,578,578,1536,100,0,30,0,650,8,6,2,8
82,11,moe,664,33,4387,1501,1501,2754,100,0,32,0,626,8,6,2,8
82,12,moe,752,31,1454,328,328,995,59,0,72,0,748,8,7,1,8
82,13,moe,811,30,2317,536,536,1598,101,0,82,0,639,8,6,2,8
82,14,moe,758,29,1102,264,264,767,53,0,18,0,634,8,7,1,8
82,15,moe,671,32,5679,1682,1682,3669,230,0,98,0,750,8,4,4,8
82,16,moe,738,31,2319,556,556,1582,102,0,79,0,627,8,6,2,8
82,17,moe,819,33,6735,2620,2620,3814,251,0,50,0,634,8,3,5,8
82,18,moe,740,30,2372,1271,1271,977,58,0,66,0,744,8,7,1,8
82,19,moe,661,30,1814,250,250,1449,50,0,65,0,621,8,7,1,8
82,20,moe,729,28,1736,293,293,1377,49,0,17,0,625,8,7,1,8
82,21,moe,804,33,3978,943,943,2775,175,0,85,0,751,8,5,3,8
82,22,moe,805,30,3576,980,981,2355,153,0,87,0,630,8,5,3,8
82,23,moe,673,31,4155,589,589,3393,113,0,60,0,738,8,6,2,8
82,24,moe,812,33,1286,320,320,889,59,0,18,0,742,8,7,1,8
82,25,moe,815,32,2539,628,628,1771,113,0,27,0,748,8,6,2,8
82,26,moe,659,27,3791,934,934,2649,169,0,39,0,746,8,5,3,8
82,-1,epi,0,0,0,0,0,0,0,0,5933,0,0,0,0,0,0
83,-2,pre,220,0,0,0,0,0,0,0,0,0,0,0,0,0,0
83,0,dense,1471,34,0,0,0,0,0,0,0,0,0,0,0,0,0
83,1,moe,834,32,4996,1612,1612,3241,113,0,30,0,764,8,6,2,8
83,2,moe,743,32,2290,1320,1320,890,59,0,21,0,754,8,7,1,8
83,3,moe,661,29,4954,2078,2078,2663,174,0,39,0,747,8,5,3,8
83,4,moe,738,30,6957,3479,3479,3155,205,0,118,0,639,8,4,4,8
83,5,moe,804,33,1940,1101,1101,766,51,0,22,0,631,8,7,1,8
83,6,moe,735,31,4597,2526,2526,1879,115,0,77,0,749,8,6,2,8
83,7,moe,653,30,6917,3508,3508,3103,196,0,110,0,626,8,4,4,8
83,8,moe,727,31,2150,1310,1310,766,52,0,22,0,633,8,7,1,8
83,9,moe,801,31,2358,1233,1233,1001,56,0,68,0,746,8,7,1,8
83,10,moe,731,29,2160,1191,1191,848,51,0,70,0,629,8,7,1,8
83,11,moe,656,30,1977,1140,1140,766,51,0,20,0,637,8,7,1,8
83,12,moe,735,29,4586,2517,2518,1882,115,0,71,0,744,8,6,2,8
83,13,moe,807,32,2095,1139,1139,841,49,0,66,0,623,8,7,1,8
83,14,moe,737,29,3304,835,838,2284,145,1,36,0,630,8,5,3,8
83,15,moe,661,32,4158,612,614,3361,112,0,71,0,759,8,6,2,8
83,16,moe,741,31,10,0,0,0,0,0,10,0,631,8,8,0,8
83,17,moe,830,32,3258,1474,1475,1593,99,0,91,0,634,8,6,2,8
83,18,moe,747,32,4613,2521,2521,1889,118,0,85,0,739,8,6,2,8
83,19,moe,657,30,6293,2867,2867,3123,204,0,99,0,623,8,4,4,8
83,20,moe,734,30,3070,1404,1404,1529,105,0,32,0,633,8,6,2,8
83,21,moe,805,30,4150,627,627,3329,114,0,80,0,739,8,6,2,8
83,22,moe,797,27,3426,536,536,2711,99,0,80,0,621,8,6,2,8
83,23,moe,660,30,2348,1222,1222,1012,59,0,55,0,740,8,7,1,8
83,24,moe,816,33,3831,958,958,2663,173,0,37,0,749,8,5,3,8
83,25,moe,808,28,1276,305,305,896,57,0,18,0,743,8,7,1,8
83,26,moe,661,29,2530,619,619,1765,114,0,32,0,748,8,6,2,8
83,-1,epi,0,0,0,0,0,0,0,0,5951,0,0,0,0,0,0
84,-2,pre,220,0,0,0,0,0,0,0,0,0,0,0,0,0,0
84,0,dense,1478,31,0,0,0,0,0,0,0,0,0,0,0,0,0
84,1,moe,838,34,2204,1233,1233,889,59,0,23,0,760,8,7,1,8
84,2,moe,754,30,3001,1312,1312,1610,58,0,21,0,765,8,7,1,8
84,3,moe,692,35,5918,2565,2565,3211,116,0,26,0,743,8,6,2,8
84,4,moe,755,28,7089,2618,2618,4227,147,0,97,0,617,8,5,3,8
84,5,moe,799,29,1720,267,267,1387,49,0,17,0,630,8,7,1,8
84,6,moe,722,29,5907,2335,2335,3381,112,0,79,0,737,8,6,2,8
84,7,moe,9984,30,3915,2111,2112,1620,104,0,79,0,662,8,6,2,8
84,8,moe,709,32,2074,1219,1219,778,55,0,22,0,673,8,7,1,8
84,9,moe,806,40,4236,2136,2136,1892,126,3,79,0,785,8,6,2,8
84,10,moe,749,33,7841,3375,3375,4231,150,0,85,0,642,8,5,3,8
84,11,moe,666,33,5489,3802,3802,1550,102,0,35,0,631,8,6,2,8
84,12,moe,741,36,2693,1574,1574,1007,59,0,53,0,735,8,7,1,8
84,13,moe,801,35,1260,281,281,846,56,0,77,0,672,8,7,1,8
84,14,moe,734,36,5100,2553,2553,2348,155,0,44,0,658,8,5,3,8
84,15,moe,656,37,2298,1174,1174,989,61,0,74,0,757,8,7,1,8
84,16,moe,727,41,2103,1141,1141,829,57,0,76,0,635,8,7,1,8
84,17,moe,797,37,1954,1102,1102,773,56,0,23,0,648,8,7,1,8
84,18,moe,737,57,4510,2378,2378,1918,121,0,93,0,773,8,6,2,8
84,19,moe,697,39,6245,2746,2746,3168,212,0,119,0,628,8,4,4,8
84,20,moe,749,38,3096,1415,1415,1536,105,1,39,0,638,8,6,2,8
84,21,moe,809,41,8248,3302,3302,4563,286,0,97,0,756,8,3,5,8
84,22,moe,821,47,3269,1462,1462,1620,100,0,87,0,624,8,6,2,8
84,23,moe,666,34,5099,1572,1572,3354,113,0,60,0,738,8,6,2,8
84,24,moe,815,43,6224,2399,2399,3542,227,0,56,0,749,8,4,4,8
84,25,moe,809,40,7889,2844,2844,4830,167,0,48,0,741,8,5,3,8
84,26,moe,670,37,4892,1510,1510,3237,114,1,30,0,734,8,6,2,8
84,-1,epi,0,0,0,0,0,0,0,0,5869,0,0,0,0,0,0
85,-2,pre,68,0,0,0,0,0,0,0,0,0,0,0,0,0,0
85,0,dense,1156,38,0,0,0,0,0,0,0,0,0,0,0,0,0
85,1,moe,828,38,2273,1301,1301,892,57,0,23,0,760,8,7,1,8
85,2,moe,743,35,5830,2441,2441,3242,116,0,31,0,738,8,6,2,8
85,3,moe,693,36,4948,2051,2051,2679,175,0,43,0,749,8,5,3,8
85,4,moe,732,39,6359,2923,2925,3118,200,0,116,0,634,8,4,4,8
85,5,moe,818,40,1115,278,278,763,52,0,22,0,669,8,7,1,8
85,6,moe,736,49,9,0,0,0,0,0,9,0,747,8,8,0,8
85,7,moe,1970,39,1117,273,273,763,50,0,31,0,637,8,7,1,8
85,8,moe,6343,39,1958,505,505,1382,48,0,23,0,647,8,7,1,8
85,9,moe,1205,41,11,0,0,0,0,0,11,0,736,8,8,0,8
85,10,moe,737,37,9,0,0,0,0,0,9,0,642,8,8,0,8
85,11,moe,660,33,9,0,0,0,0,0,9,0,630,8,8,0,8
85,12,moe,739,34,5211,1671,1671,3328,116,0,96,0,746,8,6,2,8
85,13,moe,813,37,9,0,0,0,0,0,9,0,626,8,8,0,8
85,14,moe,733,35,6287,1791,1791,4238,155,0,103,0,665,8,5,3,8
85,15,moe,732,41,1495,330,330,1033,58,1,73,0,755,8,7,1,8
85,16,moe,744,38,1293,268,268,897,51,0,77,0,640,8,7,1,8
85,17,moe,859,41,11,0,0,0,0,0,11,0,705,8,8,0,8
85,18,moe,836,40,9,0,0,0,0,0,9,0,767,8,8,0,8
85,19,moe,691,41,1165,285,285,801,51,0,28,0,638,8,7,1,8
85,20,moe,755,38,2117,1285,1285,759,50,0,23,0,663,8,7,1,8
85,21,moe,815,37,3651,1590,1590,1880,113,0,68,0,755,8,6,2,8
85,22,moe,817,38,2131,1199,1199,826,49,0,57,0,637,8,7,1,8
85,23,moe,671,35,4630,2542,2542,1884,113,0,91,0,750,8,6,2,8
85,24,moe,811,37,2169,1192,1192,889,57,0,31,0,750,8,7,1,8
85,25,moe,803,37,2177,1204,1205,894,58,0,20,0,750,8,7,1,8
85,26,moe,667,39,9,0,0,0,0,0,9,0,754,8,8,0,8
85,-1,epi,0,0,0,0,0,0,0,0,6057,0,0,0,0,0,0
86,-2,pre,65,0,0,0,0,0,0,0,0,0,0,0,0,0,0
86,0,dense,1492,41,0,0,0,0,0,0,0,0,0,0,0,0,0
86,1,moe,839,36,8,0,0,0,0,0,8,0,790,8,8,0,8
86,2,moe,760,32,2530,622,622,1763,115,0,30,0,765,8,6,2,8
86,3,moe,683,37,9,0,0,0,0,0,9,0,769,8,8,0,8
86,4,moe,762,33,2357,551,551,1607,102,0,97,0,651,8,6,2,8
86,5,moe,830,37,3307,842,842,2281,144,0,40,0,639,8,5,3,8
86,6,moe,746,33,9,0,0,0,0,0,9,0,759,8,8,0,8
86,7,moe,679,33,1501,668,668,759,53,0,21,0,638,8,7,1,8
86,8,moe,752,34,9,0,0,0,0,0,9,0,648,8,8,0,8
86,9,moe,7030,35,1460,304,304,1015,58,0,83,0,754,8,7,1,8
86,10,moe,743,32,9,0,0,0,0,0,9,0,635,8,8,0,8
86,11,moe,667,33,2722,1164,1164,1432,48,0,78,0,636,8,7,1,8
86,12,moe,735,33,9,0,0,0,0,0,9,0,750,8,8,0,8
86,13,moe,818,34,1455,623,623,761,51,0,20,0,646,8,7,1,8
86,14,moe,748,34,2057,1226,1226,760,51,0,20,0,639,8,7,1,8
86,15,moe,673,34,2144,298,298,1718,56,0,72,0,748,8,7,1,8
86,16,moe,745,33,1832,274,274,1442,49,0,67,0,634,8,7,1,8
86,17,moe,825,37,9,0,0,0,0,0,9,0,642,8,8,0,8
86,18,moe,746,34,2476,1325,1325,982,59,0,110,0,756,8,7,1,8
86,19,moe,681,34,5079,2475,2475,2361,153,0,90,0,630,8,5,3,8
86,20,moe,736,34,2242,581,581,1528,101,0,32,0,649,8,6,2,8
86,21,moe,818,34,9,0,0,0,0,0,9,0,763,8,8,0,8
86,22,moe,825,36,3132,1467,1467,1534,103,0,28,0,634,8,6,2,8
86,23,moe,672,36,6022,2467,2467,3359,115,0,81,0,741,8,6,2,8
86,24,moe,804,34,3485,1549,1549,1784,115,0,37,0,752,8,6,2,8
86,25,moe,810,34,2256,1281,1281,895,58,0,22,0,754,8,7,1,8
86,26,moe,670,35,2221,1247,1247,894,59,0,21,0,748,8,7,1,8
86,-1,epi,0,0,0,0,0,0,0,0,6015,0,0,0,0,0,0
87,-2,pre,48,0,0,0,0,0,0,0,0,0,0,0,0,0,0
87,0,dense,1540,36,0,0,0,0,0,0,0,0,0,0,0,0,0
87,1,moe,842,33,10,0,0,0,0,0,10,0,789,8,8,0,8
87,2,moe,763,34,9,0,0,0,0,0,9,0,785,8,8,0,8
87,3,moe,703,37,1298,326,326,885,64,0,23,0,770,8,7,1,8
87,4,moe,764,35,2175,1182,1182,856,51,0,86,0,646,8,7,1,8
87,5,moe,825,36,2078,1221,1223,782,51,0,22,0,639,8,7,1,8
87,6,moe,749,34,1428,306,306,991,59,0,72,0,775,8,7,1,8
87,7,moe,676,32,9,0,0,0,0,0,9,0,656,8,8,0,8
87,8,moe,757,218,9,0,0,0,0,0,9,0,700,8,8,0,8
87,9,moe,5340,37,3969,605,605,3217,116,0,31,0,757,8,6,2,8
87,10,moe,747,33,21,0,0,0,0,0,21,0,651,8,8,0,8
87,11,moe,669,32,2197,1240,1240,829,50,0,78,0,633,8,7,1,8
87,12,moe,751,32,9,0,0,0,0,0,9,0,757,8,8,0,8
87,13,moe,829,35,1103,274,274,760,49,0,20,0,646,8,7,1,8
87,14,moe,757,36,10,0,0,0,0,0,10,0,648,8,8,0,8
87,15,moe,689,32,8,0,0,0,0,0,8,0,774,8,8,0,8
87,16,moe,763,32,2008,1172,1172,765,51,0,20,0,643,8,7,1,8
87,17,moe,831,37,1120,286,286,762,52,0,20,0,648,8,7,1,8
87,18,moe,755,33,1418,298,298,990,58,0,72,0,757,8,7,1,8
87,19,moe,688,32,3260,1482,1482,1603,99,0,76,0,638,8,6,2,8
87,20,moe,751,34,2009,1175,1175,764,51,0,19,0,633,8,7,1,8
87,21,moe,825,37,2421,1265,1265,1025,60,0,71,0,758,8,7,1,8
87,22,moe,820,36,9,0,0,0,0,1,8,0,652,8,8,0,8
87,23,moe,678,34,2015,323,323,1614,60,0,18,0,758,8,7,1,8
87,24,moe,829,34,6017,3147,3147,2649,183,1,37,0,753,8,5,3,8
87,25,moe,815,33,2551,635,635,1769,121,0,26,0,757,8,6,2,8
87,26,moe,681,36,2223,1246,1246,891,65,0,21,0,754,8,7,1,8
87,-1,epi,0,0,0,0,0,0,0,0,6067,0,0,0,0,0,0
88,-2,pre,205,0,0,0,0,0,0,0,0,0,0,0,0,0,0
88,0,dense,1503,39,0,0,0,0,0,0,0,0,0,0,0,0,0
88,1,moe,839,33,4697,2763,2763,1779,123,0,32,0,766,8,6,2,8
88,2,moe,751,32,5573,2667,2668,2675,183,0,47,0,763,8,5,3,8
88,3,moe,672,35,3761,1807,1807,1796,129,0,29,0,762,8,6,2,8
88,4,moe,741,33,8,0,0,0,0,0,8,0,643,8,8,0,8
88,5,moe,819,33,3254,1474,1475,1602,102,0,75,0,638,8,6,2,8
88,6,moe,735,30,2389,1228,1228,1030,59,0,72,0,760,8,7,1,8
88,7,moe,674,32,3569,1808,1808,1579,97,0,85,0,648,8,6,2,8
88,8,moe,733,30,7161,3838,3838,3072,197,0,54,0,642,8,4,4,8
88,9,moe,3640,29,4408,2336,2336,1881,112,0,79,0,753,8,6,2,8
88,10,moe,5705,31,3134,1351,1351,1594,100,0,89,0,628,8,6,2,8
88,11,moe,2499,30,3279,1628,1628,1520,100,1,30,0,641,8,6,2,8
88,12,moe,730,30,8092,4098,4099,3663,225,0,105,0,749,8,4,4,8
88,13,moe,814,32,7015,2505,2505,4272,146,0,92,0,619,8,5,3,8
88,14,moe,734,30,3197,1493,1493,1560,112,0,32,0,624,8,6,2,8
88,15,moe,689,31,3763,1652,1652,1886,124,0,101,0,783,8,6,2,8
88,16,moe,730,41,5343,2669,2670,2384,165,0,124,0,638,8,5,3,8
88,17,moe,808,33,3844,2178,2178,1527,102,0,37,0,638,8,6,2,8
88,18,moe,754,33,1750,637,637,982,59,0,72,0,752,8,7,1,8
88,19,moe,665,30,2322,544,545,1595,102,0,80,0,640,8,6,2,8
88,20,moe,752,36,7028,3720,3721,3059,199,1,48,0,637,8,4,4,8
88,21,moe,817,35,4706,2676,2676,1856,113,0,61,0,755,8,6,2,8
88,22,moe,805,31,3259,1462,1462,1612,98,0,87,0,643,8,6,2,8
88,23,moe,667,30,7230,3246,3246,3664,224,0,96,0,748,8,4,4,8
88,24,moe,807,32,1279,318,318,886,56,0,19,0,751,8,7,1,8
88,25,moe,810,29,7054,3238,3238,3539,226,0,51,0,750,8,4,4,8
88,26,moe,667,28,5687,2800,2800,2675,171,0,41,0,752,8,5,3,8
88,-1,epi,0,0,0,0,0,0,0,0,5936,0,0,0,0,0,0
89,-2,pre,37,0,0,0,0,0,0,0,0,0,0,0,0,0,0
89,0,dense,1501,30,0,0,0,0,0,0,0,0,0,0,0,0,0
89,1,moe,846,34,5165,2278,2278,2669,172,0,46,0,759,8,5,3,8
89,2,moe,745,31,4380,2455,2455,1778,117,0,30,0,754,8,6,2,8
89,3,moe,673,29,5066,2198,2198,2656,173,0,39,0,749,8,5,3,8
89,4,moe,734,32,4355,1736,1736,2365,145,0,109,0,631,8,5,3,8
89,5,moe,823,33,5249,2772,2773,2283,152,0,41,0,628,8,5,3,8
89,6,moe,738,31,9,0,0,0,0,0,9,0,743,8,8,0,8
89,7,moe,676,28,7470,3357,3357,3813,247,0,53,0,634,8,3,5,8
89,8,moe,728,28,4163,2511,2511,1522,100,0,30,0,628,8,6,2,8
89,9,moe,798,29,3683,1592,1592,1882,119,0,90,0,748,8,6,2,8
89,10,moe,738,32,3296,1518,1518,1595,101,0,82,0,625,8,6,2,8
89,11,moe,10379,32,4073,1580,1580,2307,146,0,40,0,630,8,5,3,8
89,12,moe,7563,30,6314,2338,2339,3661,227,0,87,0,742,8,4,4,8
89,13,moe,7338,31,2283,525,525,1575,100,1,82,0,620,8,6,2,8
89,14,moe,7537,32,1116,283,283,763,51,0,19,0,631,8,7,1,8
89,15,moe,656,29,2697,638,639,1863,114,0,81,0,751,8,6,2,8
89,16,moe,723,30,5656,2243,2244,3126,198,0,88,0,630,8,4,4,8
89,17,moe,793,30,1104,279,279,759,48,0,18,0,623,8,7,1,8
89,18,moe,739,33,2756,661,661,1892,117,0,86,0,751,8,6,2,8
89,19,moe,665,34,3424,796,797,2388,148,0,91,0,625,8,5,3,8
89,20,moe,743,32,2020,1185,1185,764,51,0,20,0,626,8,7,1,8
89,21,moe,809,33,3996,937,937,2799,172,0,88,0,745,8,5,3,8
89,22,moe,808,29,3396,1614,1614,1598,99,1,84,0,629,8,6,2,8
89,23,moe,671,30,1418,304,305,998,58,0,57,0,754,8,7,1,8
89,24,moe,797,30,6117,2268,2270,3570,232,0,45,0,753,8,4,4,8
89,25,moe,808,29,2924,991,991,1782,118,0,33,0,756,8,6,2,8
89,26,moe,675,31,6259,2429,2429,3550,232,0,48,0,744,8,4,4,8
89,-1,epi,0,0,0,0,0,0,0,0,5908,0,0,0,0,0,0
90,-2,pre,213,0,0,0,0,0,0,0,0,0,0,0,0,0,0
90,0,dense,1478,32,0,0,0,0,0,0,0,0,0,0,0,0,0
90,1,moe,839,34,6053,3178,3178,2662,169,0,44,0,750,8,5,3,8
90,2,moe,731,30,2132,1164,1164,891,57,0,20,0,755,8,7,1,8
90,3,moe,658,27,4724,1865,1865,2654,167,0,38,0,747,8,5,3,8
90,4,moe,743,32,2175,1198,1198,837,50,0,90,0,633,8,7,1,8
90,5,moe,807,241,10,0,0,0,0,0,10,0,671,8,8,0,8
90,6,moe,769,33,9,0,0,0,0,0,9,0,761,8,8,0,8
90,7,moe,666,33,6344,3863,3863,2287,150,0,44,0,633,8,5,3,8
90,8,moe,741,34,2000,1154,1154,770,52,0,24,0,638,8,7,1,8
90,9,moe,811,33,8,0,0,0,0,0,8,0,744,8,8,0,8
90,10,moe,734,44,3927,2265,2265,1525,103,0,34,0,639,8,6,2,8
90,11,moe,665,33,7032,3742,3742,3045,197,0,48,0,630,8,4,4,8
90,12,moe,730,32,5802,2731,2731,2803,169,0,99,0,748,8,5,3,8
90,13,moe,810,36,1255,283,283,846,51,0,75,0,632,8,7,1,8
90,14,moe,736,42,1985,1149,1149,766,50,0,20,0,625,8,7,1,8
90,15,moe,658,32,4557,2487,2487,1874,115,1,80,0,748,8,6,2,8
90,16,moe,740,34,3974,2195,2195,1592,99,0,88,0,629,8,6,2,8
90,17,moe,800,34,1944,1103,1103,766,52,0,23,0,628,8,7,1,8
90,18,moe,739,33,3672,1568,1568,1906,116,0,82,0,751,8,6,2,8
90,19,moe,667,32,5445,1996,1996,3137,203,0,109,0,632,8,4,4,8
90,20,moe,742,43,6442,3129,3129,3067,201,0,45,0,633,8,4,4,8
90,21,moe,811,35,7994,4000,4000,3662,229,0,103,0,746,8,4,4,8
90,22,moe,794,33,10243,5158,5158,4677,291,0,117,0,632,8,2,6,8
90,23,moe,648,31,3726,1632,1632,1905,113,0,76,0,738,8,6,2,8
90,24,moe,800,33,5765,2867,2867,2681,175,0,42,0,747,8,5,3,8
90,25,moe,796,33,9,0,0,0,0,0,9,0,746,8,8,0,8
90,26,moe,653,34,8723,2986,2988,5318,345,0,72,0,753,8,2,6,8
90,-1,epi,0,0,0,0,0,0,0,0,5895,0,0,0,0,0,0
91,-2,pre,69,0,0,0,0,0,0,0,0,0,0,0,0,0,0
91,0,dense,1468,38,0,0,0,0,0,0,0,0,0,0,0,0,0
91,1,moe,830,36,5123,2225,2226,2676,179,0,42,0,756,8,5,3,8
91,2,moe,749,34,2577,642,642,1783,121,0,31,0,760,8,6,2,8
91,3,moe,668,34,7860,4018,4019,3558,237,0,46,0,745,8,4,4,8
91,4,moe,747,32,3823,1224,1224,2371,149,1,78,0,632,8,5,3,8
91,5,moe,809,34,1105,272,272,762,51,0,20,0,630,8,7,1,8
91,6,moe,742,32,9,0,0,0,0,0,9,0,749,8,8,0,8
91,7,moe,669,31,3121,1469,1469,1522,99,0,31,0,632,8,6,2,8
91,8,moe,741,37,1088,255,255,765,48,0,20,0,642,8,7,1,8
91,9,moe,804,34,5886,2846,2846,2765,171,0,104,0,752,8,5,3,8
91,10,moe,731,33,1240,278,278,832,50,0,80,0,634,8,7,1,8
91,11,moe,657,33,3287,814,814,2291,147,0,35,0,633,8,5,3,8
91,12,moe,732,33,9,0,0,0,0,0,9,0,751,8,8,0,8
91,13,moe,808,33,1093,266,266,759,49,0,19,0,647,8,7,1,8
91,14,moe,745,45,1118,273,273,771,51,0,23,0,645,8,7,1,8
91,15,moe,6571,34,2490,1341,1341,1017,58,0,74,0,744,8,7,1,8
91,16,moe,728,33,1246,286,286,837,52,0,71,0,657,8,7,1,8
91,17,moe,819,35,2168,522,523,1518,99,0,28,0,628,8,6,2,8
91,18,moe,737,36,9,0,0,0,0,0,9,0,752,8,8,0,8
91,19,moe,675,37,3246,1598,1598,1519,100,0,29,0,632,8,6,2,8
91,20,moe,738,33,2207,548,548,1534,98,0,27,0,633,8,6,2,8
91,21,moe,816,36,1445,307,307,1006,56,1,75,0,748,8,7,1,8
91,22,moe,823,36,9,0,0,0,0,0,9,0,645,8,8,0,8
91,23,moe,672,32,1273,307,307,890,57,0,19,0,757,8,7,1,8
91,24,moe,820,36,5172,2280,2281,2674,177,0,40,0,788,8,5,3,8
91,25,moe,773,37,9,0,0,0,0,0,9,0,748,8,8,0,8
91,26,moe,680,37,7501,2604,2604,4513,312,1,71,0,773,8,3,5,8
91,-1,epi,0,0,0,0,0,0,0,0,5856,0,0,0,0,0,0
92,-2,pre,209,0,0,0,0,0,0,0,0,0,0,0,0,0,0
92,0,dense,1493,45,0,0,0,0,0,0,0,0,0,0,0,0,0
92,1,moe,836,38,5165,2290,2290,2658,172,0,45,0,811,8,5,3,8
92,2,moe,751,39,3030,1337,1337,1610,59,0,24,0,756,8,7,1,8
92,3,moe,674,33,7946,4102,4103,3558,231,0,54,0,760,8,4,4,8
92,4,moe,736,36,2379,577,577,1598,102,0,102,0,650,8,6,2,8
92,5,moe,813,35,9,0,0,0,0,0,9,0,641,8,8,0,8
92,6,moe,749,36,9,0,0,0,0,0,9,0,763,8,8,0,8
92,7,moe,673,33,5173,2266,2267,2770,101,0,35,0,628,8,6,2,8
92,8,moe,748,37,9,0,0,0,0,0,9,0,641,8,8,0,8
92,9,moe,820,39,9,0,0,0,0,0,9,0,765,8,8,0,8
92,10,moe,746,34,4746,1866,1866,2747,103,0,30,0,632,8,6,2,8
92,11,moe,668,34,6572,3297,3297,3034,198,0,43,0,630,8,4,4,8
92,12,moe,728,35,3657,1619,1619,1861,113,0,64,0,745,8,6,2,8
92,13,moe,808,34,1208,268,269,812,49,0,78,0,636,8,7,1,8
92,14,moe,734,32,5999,3530,3530,2285,148,0,36,0,630,8,5,3,8
92,15,moe,5128,35,5978,2988,2989,2730,169,0,90,0,750,8,5,3,8
92,16,moe,733,36,3987,2211,2211,1587,102,0,87,0,627,8,6,2,8
92,17,moe,799,37,3858,2179,2179,1536,102,0,41,0,628,8,6,2,8
92,18,moe,733,36,8257,3080,3080,4910,173,0,94,0,742,8,5,3,8
92,19,moe,655,32,12070,4770,4770,6942,245,0,113,0,623,8,3,5,8
92,20,moe,725,33,1994,1157,1157,768,48,0,21,0,620,8,7,1,8
92,21,moe,800,33,7243,3296,3296,3630,234,0,83,0,744,8,4,4,8
92,22,moe,797,35,5056,2478,2480,2332,148,0,96,0,625,8,5,3,8
92,23,moe,648,31,2115,302,302,1692,60,0,61,0,735,8,7,1,8
92,24,moe,798,34,5984,944,944,4831,172,0,37,0,745,8,5,3,8
92,25,moe,808,37,1286,324,324,884,59,0,19,0,742,8,7,1,8
92,26,moe,669,33,3461,1552,1552,1766,114,0,29,0,740,8,6,2,8
92,-1,epi,0,0,0,0,0,0,0,0,5917,0,0,0,0,0,0
93,-2,pre,225,0,0,0,0,0,0,0,0,0,0,0,0,0,0
93,0,dense,1476,39,0,0,0,0,0,0,0,0,0,0,0,0,0
93,1,moe,835,34,1999,310,311,1607,59,0,22,0,752,8,7,1,8
93,2,moe,744,36,2316,1356,1356,881,58,0,21,0,754,8,7,1,8
93,3,moe,702,37,9923,7017,7017,2696,168,0,42,0,761,8,5,3,8
93,4,moe,733,37,2345,556,556,1596,98,0,95,0,627,8,6,2,8
93,5,moe,800,34,8,0,0,0,0,0,8,0,623,8,8,0,8
93,6,moe,736,37,8,0,0,0,0,0,8,0,741,8,8,0,8
93,7,moe,670,36,3044,1393,1393,1519,101,0,31,0,638,8,6,2,8
93,8,moe,744,35,2057,1228,1228,759,51,0,19,0,636,8,7,1,8
93,9,moe,808,34,2314,1237,1237,969,58,0,50,0,749,8,7,1,8
93,10,moe,760,36,9,0,0,0,0,0,9,0,649,8,8,0,8
93,11,moe,670,33,9,0,0,0,0,0,9,0,631,8,8,0,8
93,12,moe,733,32,5761,2882,2882,2660,174,0,45,0,754,8,5,3,8
93,13,moe,807,38,1863,287,287,1440,51,0,85,0,632,8,7,1,8
93,14,moe,728,33,5292,2821,2821,2282,151,0,38,0,629,8,5,3,8
93,15,moe,662,34,4480,2436,2436,1852,113,0,79,0,745,8,6,2,8
93,16,moe,730,37,5134,2543,2543,2341,151,0,99,0,631,8,5,3,8
93,17,moe,802,37,2186,533,533,1526,98,0,29,0,624,8,6,2,8
93,18,moe,732,38,4633,2574,2575,1858,116,0,84,0,750,8,6,2,8
93,19,moe,655,33,6278,2873,2874,3108,196,0,100,0,627,8,4,4,8
93,20,moe,728,33,2172,530,530,1515,98,0,29,0,626,8,6,2,8
93,21,moe,805,39,7069,3111,3111,3634,225,0,99,0,746,8,4,4,8
93,22,moe,806,38,7324,3123,3123,3850,244,0,107,0,621,8,3,5,8
93,23,moe,655,35,10942,4046,4046,6539,229,0,128,0,731,8,4,4,8
93,24,moe,793,36,4888,2010,2010,2665,171,0,42,0,759,8,5,3,8
93,25,moe,842,38,6481,3605,3605,2660,169,0,47,0,758,8,5,3,8
93,26,moe,662,35,6169,2338,2339,3556,225,0,49,0,741,8,4,4,8
93,-1,epi,0,0,0,0,0,0,0,0,5859,0,0,0,0,0,0
94,-2,pre,209,0,0,0,0,0,0,0,0,0,0,0,0,0,0
94,0,dense,1467,33,0,0,0,0,0,0,0,0,0,0,0,0,0
94,1,moe,827,33,9954,5129,5129,4481,288,0,56,0,754,8,3,5,8
94,2,moe,730,30,14393,5981,5981,8068,284,0,60,0,742,8,3,5,8
94,3,moe,661,29,6854,3039,3039,3545,222,0,48,0,741,8,4,4,8
94,4,moe,730,29,10257,4280,4280,5656,200,0,121,0,617,8,4,4,8
94,5,moe,793,29,9610,5493,5493,3815,246,0,56,0,614,8,3,5,8
94,6,moe,721,29,1409,304,304,972,58,0,75,0,738,8,7,1,8
94,7,moe,667,32,7898,4495,4495,3098,200,0,105,0,620,8,4,4,8
94,8,moe,725,28,7044,3739,3739,3057,195,0,53,0,622,8,4,4,8
94,9,moe,798,29,8176,4154,4154,3692,228,0,102,0,738,8,4,4,8
94,10,moe,722,29,8315,4079,4079,3868,242,0,126,0,619,8,3,5,8
94,11,moe,654,28,5783,3319,3320,2279,148,0,36,0,619,8,5,3,8
94,12,moe,728,29,8841,4809,4809,3698,222,0,112,0,752,8,4,4,8
94,13,moe,802,37,5033,2421,2421,2356,146,0,110,0,625,8,5,3,8
94,14,moe,743,33,6886,3570,3571,3070,194,0,51,0,619,8,4,4,8
94,15,moe,656,29,7983,4000,4000,3653,226,0,104,0,735,8,4,4,8
94,16,moe,7606,29,6909,3481,3481,3119,195,0,114,0,623,8,4,4,8
94,17,moe,6635,30,8708,4577,4577,3817,249,0,65,0,621,8,3,5,8
94,18,moe,722,31,6640,3619,3619,2755,168,0,98,0,732,8,5,3,8
94,19,moe,657,29,6888,3474,3474,3103,198,0,113,0,617,8,4,4,8
94,20,moe,726,29,2012,1142,1142,783,66,0,21,0,666,8,7,1,8
94,21,moe,817,29,11504,5472,5472,5516,372,0,144,0,744,8,2,6,8
94,22,moe,806,30,8255,4009,4009,3872,244,0,130,0,632,8,3,5,8
94,23,moe,662,30,6394,2407,2407,3654,224,0,109,0,743,8,4,4,8
94,24,moe,828,31,10925,6147,6147,4437,280,0,61,0,745,8,3,5,8
94,25,moe,816,38,7587,3767,3768,3545,227,0,47,0,738,8,4,4,8
94,26,moe,659,28,10099,5304,5304,4448,281,0,66,0,763,8,3,5,8
94,-1,epi,0,0,0,0,0,0,0,0,5808,0,0,0,0,0,0
95,-2,pre,209,0,0,0,0,0,0,0,0,0,0,0,0,0,0
95,0,dense,1454,31,0,0,0,0,0,0,0,0,0,0,0,0,0
95,1,moe,820,32,10945,6171,6171,4433,285,0,56,0,742,8,3,5,8
95,2,moe,736,34,4301,2365,2365,1786,120,0,30,0,739,8,6,2,8
95,3,moe,658,29,9861,5061,5061,4460,283,0,57,0,742,8,3,5,8
95,4,moe,725,29,3212,1427,1427,1585,99,0,101,0,629,8,6,2,8
95,5,moe,803,31,5789,3288,3289,2311,147,0,42,0,627,8,5,3,8
95,6,moe,727,32,4512,2404,2404,1911,114,0,83,0,758,8,6,2,8
95,7,moe,661,29,4002,2245,2245,1579,98,0,80,0,616,8,6,2,8
95,8,moe,731,31,4452,1967,1967,2297,147,1,40,0,625,8,5,3,8
95,9,moe,800,29,5657,2628,2628,2766,170,0,93,0,738,8,5,3,8
95,10,moe,730,27,8907,4657,4658,3884,244,0,121,0,618,8,3,5,8
95,11,moe,656,31,3027,1370,1370,1528,98,0,31,0,630,8,6,2,8
95,12,moe,726,28,4687,2597,2597,1895,112,0,83,0,736,8,6,2,8
95,13,moe,806,31,5226,2152,2152,2881,103,0,90,0,616,8,6,2,8
95,14,moe,731,28,8773,2993,2993,5531,201,0,48,0,611,8,4,4,8
95,15,moe,655,30,8145,2956,2957,4920,174,0,94,0,731,8,5,3,8
95,16,moe,731,28,7227,3804,3805,3125,200,0,97,0,613,8,4,4,8
95,17,moe,792,29,5713,3243,3243,2283,147,1,39,0,621,8,5,3,8
95,18,moe,7614,29,8861,4874,4874,3656,225,0,106,0,736,8,4,4,8
95,19,moe,12424,29,4948,2350,2350,2346,147,0,105,0,612,8,5,3,8
95,20,moe,724,31,1761,288,288,1394,51,0,28,0,616,8,7,1,8
95,21,moe,795,28,8022,2789,2789,4956,171,0,106,0,732,8,5,3,8
95,22,moe,800,30,5265,2250,2250,2829,101,0,85,0,616,8,6,2,8
95,23,moe,647,29,9945,3001,3001,6616,229,0,99,0,729,8,4,4,8
95,24,moe,796,29,8857,5033,5034,3549,227,0,47,0,733,8,4,4,8
95,25,moe,799,32,8772,4958,4958,3542,226,0,46,0,729,8,4,4,8
95,26,moe,3593,30,9789,5018,5018,4432,279,0,60,0,734,8,3,5,8
95,-1,epi,0,0,0,0,0,0,0,0,5932,0,0,0,0,0,0
96,-2,pre,42,0,0,0,0,0,0,0,0,0,0,0,0,0,0
96,0,dense,1465,35,0,0,0,0,0,0,0,0,0,0,0,0,0
96,1,moe,809,35,13086,7344,7344,5330,340,0,72,0,740,8,2,6,8
96,2,moe,729,36,2861,944,944,1772,115,0,30,0,739,8,6,2,8
96,3,moe,671,37,7973,4155,4155,3548,226,0,44,0,739,8,4,4,8
96,4,moe,726,33,4415,1809,1809,2350,148,1,107,0,624,8,5,3,8
96,5,moe,793,33,9015,4896,4896,3818,247,0,54,0,616,8,3,5,8
96,6,moe,722,33,3679,1607,1607,1866,118,0,88,0,728,8,6,2,8
96,7,moe,651,35,5552,2131,2131,3120,196,0,105,0,625,8,4,4,8
96,8,moe,720,34,3953,2308,2308,1518,97,0,30,0,619,8,6,2,8
96,9,moe,791,33,6708,3698,3698,2747,167,0,96,0,738,8,5,3,8
96,10,moe,731,32,1567,617,617,823,49,0,78,0,621,8,7,1,8
96,11,moe,649,32,5007,2514,2514,2290,149,0,54,0,630,8,5,3,8
96,12,moe,734,37,10346,5415,5415,4537,281,0,113,0,734,8,3,5,8
96,13,moe,792,33,6454,3041,3041,3112,196,0,105,0,620,8,4,4,8
96,14,moe,736,32,1996,1154,1155,771,50,0,20,0,614,8,7,1,8
96,15,moe,650,32,3932,1851,1851,1889,112,0,80,0,732,8,6,2,8
96,16,moe,721,33,8259,4020,4020,3883,243,0,113,0,615,8,3,5,8
96,17,moe,800,32,7116,3828,3828,3043,194,0,51,0,624,8,4,4,8
96,18,moe,723,34,4480,2421,2421,1865,115,0,79,0,733,8,6,2,8
96,19,moe,657,34,3347,1583,1583,1590,97,0,77,0,623,8,6,2,8
96,20,moe,729,33,3904,2246,2246,1526,100,0,32,0,613,8,6,2,8
96,21,moe,793,35,8943,4979,4979,3640,223,0,101,0,738,8,4,4,8
96,22,moe,792,34,1224,272,272,830,49,0,73,0,621,8,7,1,8
96,23,moe,661,31,2386,1285,1285,988,57,0,56,0,737,8,7,1,8
96,24,moe,803,33,4354,2435,2435,1777,114,0,28,0,751,8,6,2,8
96,25,moe,798,31,3501,1594,1594,1767,112,0,28,0,738,8,6,2,8
96,26,moe,654,33,3480,1567,1568,1770,114,0,28,0,733,8,6,2,8
96,-1,epi,0,0,0,0,0,0,0,0,5839,0,0,0,0,0,0
97,-2,pre,37,0,0,0,0,0,0,0,0,0,0,0,0,0,0
97,0,dense,1490,62,0,0,0,0,0,0,0,0,0,0,0,0,0
97,1,moe,826,37,14167,4053,4054,9700,348,0,65,0,741,8,2,6,8
97,2,moe,725,34,11864,5035,5035,6529,256,0,44,0,773,8,4,4,8
97,3,moe,676,38,11314,2733,2734,8199,316,0,65,0,752,8,3,5,8
97,4,moe,752,41,6508,2969,2969,3190,204,0,145,0,620,8,4,4,8
97,5,moe,800,41,6472,3983,3983,2301,145,0,43,0,625,8,5,3,8
97,6,moe,730,36,4628,2552,2552,1867,113,0,96,0,737,8,6,2,8
97,7,moe,657,36,6563,3107,3108,3136,195,1,123,0,612,8,4,4,8
97,8,moe,734,35,6017,3541,3541,2288,148,0,40,0,618,8,5,3,8
97,9,moe,793,36,3959,954,954,2759,170,1,75,0,736,8,5,3,8
97,10,moe,725,36,7109,3679,3681,3115,196,0,117,0,618,8,4,4,8
97,11,moe,652,36,3048,1390,1390,1525,101,0,32,0,617,8,6,2,8
97,12,moe,730,33,3677,1576,1576,1905,114,0,82,0,736,8,6,2,8
97,13,moe,803,34,3200,1409,1409,1597,100,0,94,0,625,8,6,2,8
97,14,moe,730,33,3202,1529,1529,1538,102,0,33,0,625,8,6,2,8
97,15,moe,656,32,8647,1696,1696,6611,229,0,111,0,733,8,4,4,8
97,16,moe,746,34,9827,3855,3855,5669,199,0,104,0,611,8,4,4,8
97,17,moe,800,40,5924,2635,2636,3044,197,0,47,0,620,8,4,4,8
97,18,moe,718,33,8890,3652,3652,4983,177,0,78,0,731,8,5,3,8
97,19,moe,648,33,6832,2596,2596,3866,246,0,124,0,614,8,3,5,8
97,20,moe,725,34,6938,2607,2607,4136,149,0,46,0,623,8,5,3,8
97,21,moe,799,38,6899,3842,3842,2793,169,0,95,0,724,8,5,3,8
97,22,moe,796,33,4077,2290,2290,1597,99,0,91,0,614,8,6,2,8
97,23,moe,655,32,1394,304,304,974,55,0,61,0,732,8,7,1,8
97,24,moe,794,34,12729,4303,4303,8082,288,0,56,0,735,8,3,5,8
97,25,moe,800,35,1294,330,330,888,57,0,19,0,742,8,7,1,8
97,26,moe,658,33,8852,5025,5025,3558,226,0,43,0,727,8,4,4,8
97,-1,epi,0,0,0,0,0,0,0,0,5757,0,0,0,0,0,0
98,-2,pre,52,0,0,0,0,0,0,0,0,0,0,0,0,0,0
98,0,dense,1453,37,0,0,0,0,0,0,0,0,0,0,0,0,0
98,1,moe,861,66,14805,6390,6390,8075,287,0,53,0,734,8,3,5,8
98,2,moe,720,34,5749,2856,2856,2679,169,0,45,0,734,8,5,3,8
98,3,moe,648,34,4008,627,627,3238,116,0,27,0,731,8,6,2,8
98,4,moe,720,35,2182,1170,1170,857,50,0,105,0,618,8,7,1,8
98,5,moe,804,44,1735,277,278,1387,52,0,18,0,646,8,7,1,8
98,6,moe,737,34,2489,1358,1358,993,57,0,81,0,739,8,7,1,8
98,7,moe,662,32,3118,1333,1333,1606,98,0,81,0,618,8,6,2,8
98,8,moe,733,33,1974,1133,1133,772,49,0,20,0,617,8,7,1,8
98,9,moe,795,32,1471,322,322,1012,58,0,79,0,742,8,7,1,8
98,10,moe,729,32,3448,1659,1659,1611,99,0,79,0,620,8,6,2,8
98,11,moe,653,30,1094,263,263,761,49,0,21,0,620,8,7,1,8
98,12,moe,727,32,7482,3488,3488,3663,225,0,106,0,738,8,4,4,8
98,13,moe,800,39,4816,2213,2213,2355,148,0,100,0,620,8,5,3,8
98,14,moe,728,33,6262,2965,2965,3049,198,0,50,0,628,8,4,4,8
98,15,moe,656,33,7851,3889,3889,3635,227,0,100,0,741,8,4,4,8
98,16,moe,753,32,8886,4645,4645,3870,249,0,122,0,621,8,3,5,8
98,17,moe,803,34,8301,4160,4160,3834,246,0,61,0,624,8,3,5,8
98,18,moe,726,33,10812,4897,4897,5449,336,0,130,0,738,8,2,6,8
98,19,moe,652,43,6273,2843,2843,3131,194,0,105,0,618,8,4,4,8
98,20,moe,725,37,6888,3602,3602,3040,197,0,49,0,620,8,4,4,8
98,21,moe,793,34,7211,3247,3248,3623,233,0,107,0,736,8,4,4,8
98,22,moe,800,39,3145,1384,1384,1576,98,0,87,0,623,8,6,2,8
98,23,moe,654,33,4602,2520,2520,1889,115,0,78,0,736,8,6,2,8
98,24,moe,800,42,7825,3983,3984,3563,225,0,53,0,733,8,4,4,8
98,25,moe,791,33,4705,1834,1834,2661,169,0,41,0,738,8,5,3,8
98,26,moe,652,36,10010,5218,5218,4451,283,0,58,0,736,8,3,5,8
98,-1,epi,0,0,0,0,0,0,0,0,5803,0,0,0,0,0,0
99,-2,pre,85,0,0,0,0,0,0,0,0,0,0,0,0,0,0
99,0,dense,1465,37,0,0,0,0,0,0,0,0,0,0,0,0,0
99,1,moe,813,34,16244,7839,7839,8059,288,0,58,0,728,8,3,5,8
99,2,moe,720,34,10050,3310,3311,6460,229,0,50,0,732,8,4,4,8
99,3,moe,653,33,7937,2889,2889,4830,176,0,42,0,724,8,5,3,8
99,4,moe,716,32,14617,5760,5760,8407,300,0,150,0,609,8,2,6,8
99,5,moe,796,36,11991,4766,4766,6923,250,0,52,0,609,8,3,5,8
99,6,moe,718,35,4411,2314,2314,1890,114,0,93,0,728,8,6,2,8
99,7,moe,672,33,3995,2208,2208,1604,97,0,86,0,604,8,6,2,8
99,8,moe,723,39,3121,1457,1457,1527,102,0,35,0,617,8,6,2,8
99,9,moe,792,35,7207,3210,3210,3658,227,0,112,0,725,8,4,4,8
99,10,moe,723,34,9914,5649,5649,3903,244,0,118,0,608,8,3,5,8
99,11,moe,646,33,7891,4606,4606,3043,198,0,44,0,614,8,4,4,8
99,12,moe,720,34,6692,3658,3658,2764,171,0,99,0,729,8,5,3,8
99,13,moe,792,37,12936,5442,5442,7090,277,3,124,0,687,8,3,5,8
99,14,moe,715,45,9326,3493,3493,5566,210,0,57,0,624,8,4,4,8
99,15,moe,653,36,8856,3600,3600,4958,175,0,123,0,731,8,5,3,8
99,16,moe,729,37,12237,4818,4818,7033,248,0,138,0,618,8,3,5,8
99,17,moe,797,48,11936,4708,4708,6911,254,0,63,0,608,8,3,5,8
99,18,moe,734,36,8868,3610,3610,4990,169,0,99,0,723,8,5,3,8
99,19,moe,649,34,12236,3437,3437,8363,298,0,138,0,599,8,2,6,8
99,20,moe,736,36,10336,4572,4572,5521,196,0,47,0,605,8,4,4,8
99,21,moe,787,36,9912,3040,3041,6541,226,0,104,0,729,8,4,4,8
99,22,moe,799,39,2803,1203,1203,1492,52,1,55,0,597,8,7,1,8
99,23,moe,665,35,5206,1655,1655,3360,115,0,76,0,720,8,6,2,8
99,24,moe,802,34,10628,3904,3905,6447,224,0,52,0,722,8,4,4,8
99,25,moe,806,34,10659,3917,3917,6469,224,0,49,0,721,8,4,4,8
99,26,moe,663,33,7866,2809,2810,4843,175,0,38,0,719,8,5,3,8
99,-1,epi,0,0,0,0,0,0,0,0,5692,0,0,0,0,0,0
100,-2,pre,214,0,0,0,0,0,0,0,0,0,0,0,0,0,0
100,0,dense,1442,33,0,0,0,0,0,0,0,0,0,0,0,0,0
100,1,moe,814,33,11060,4341,4341,6436,232,0,51,0,744,8,4,4,8
100,2,moe,720,29,10726,3994,3994,6442,233,0,57,0,729,8,4,4,8
100,3,moe,648,30,9196,4433,4434,4426,282,0,54,0,720,8,3,5,8
100,4,moe,726,33,7831,3342,3342,4224,148,0,117,0,597,8,5,3,8
100,5,moe,802,32,6739,2421,2422,4130,146,0,41,0,603,8,5,3,8
100,6,moe,744,31,11776,4828,4828,6614,225,0,109,0,720,8,4,4,8
100,7,moe,645,28,15557,6746,6747,8384,296,0,130,0,609,8,2,6,8
100,8,moe,724,32,2016,1184,1184,763,49,0,20,0,598,8,7,1,8
100,9,moe,787,31,4995,1967,1967,2763,169,0,96,0,719,8,5,3,8
100,10,moe,719,32,7723,4323,4323,3098,194,0,108,0,604,8,4,4,8
100,11,moe,642,28,10099,4290,4290,5565,196,0,48,0,595,8,4,4,8
100,12,moe,732,28,11623,4698,4698,6601,222,0,102,0,725,8,4,4,8
100,13,moe,809,33,7069,2550,2550,4270,147,0,102,0,596,8,5,3,8
100,14,moe,732,29,12797,5585,5585,6916,244,1,51,0,606,8,3,5,8
100,15,moe,641,27,8117,2842,2842,5016,168,0,91,0,721,8,5,3,8
100,16,moe,723,29,15590,5357,5357,9761,345,0,127,0,597,8,1,7,8
100,17,moe,787,30,7662,3346,3346,4132,147,0,37,0,602,8,5,3,8
100,18,moe,726,30,11157,4234,4234,6615,230,0,78,0,719,8,4,4,8
100,19,moe,641,28,14018,5174,5174,8418,295,0,131,0,593,8,2,6,8
100,20,moe,712,29,15984,6010,6010,9559,345,0,70,0,600,8,1,7,8
100,21,moe,783,40,5954,2944,2944,2744,172,0,94,0,720,8,5,3,8
100,22,moe,791,30,11271,3950,3950,6967,242,0,112,0,612,8,3,5,8
100,23,moe,646,29,5165,2121,2122,2785,169,0,89,0,718,8,5,3,8
100,24,moe,791,29,8305,3535,3535,4432,282,0,56,0,729,8,3,5,8
100,25,moe,785,31,13720,5303,5304,8057,287,0,72,0,723,8,3,5,8
100,26,moe,641,30,10237,3494,3494,6464,233,0,46,0,726,8,4,4,8
100,-1,epi,0,0,0,0,0,0,0,0,5656,0,0,0,0,0,0
101,-2,pre,42,0,0,0,0,0,0,0,0,0,0,0,0,0,0
101,0,dense,1460,32,0,0,0,0,0,0,0,0,0,0,0,0,0
101,1,moe,820,29,15835,5874,5874,9554,345,0,62,0,720,8,2,6,8
101,2,moe,722,30,6634,3766,3766,2658,171,0,39,0,717,8,5,3,8
101,3,moe,645,29,9005,4236,4236,4436,281,0,52,0,733,8,3,5,8
101,4,moe,717,28,3216,1409,1409,1594,98,0,115,0,604,8,6,2,8
101,5,moe,804,32,1716,264,264,1380,51,0,21,0,608,8,7,1,8
101,6,moe,719,30,3299,1419,1419,1748,58,0,74,0,724,8,7,1,8
101,7,moe,660,27,4548,1541,1541,2817,100,0,90,0,597,8,6,2,8
101,8,moe,722,29,2698,1245,1245,1380,50,0,23,0,604,8,7,1,8
101,9,moe,811,31,1438,297,297,1012,56,0,73,0,730,8,7,1,8
101,10,moe,723,28,8,0,0,0,0,0,8,0,713,8,8,0,8
101,11,moe,680,60,4365,1647,1648,2440,154,0,123,0,677,8,5,3,8
101,12,moe,735,31,6937,3303,3303,3400,125,0,109,0,945,8,6,2,8
101,13,moe,845,67,7207,2648,2648,4286,156,0,117,0,613,8,5,3,8
101,14,moe,730,32,8646,5336,5336,3059,198,0,53,0,612,8,4,4,8
101,15,moe,645,31,9249,2363,2363,6559,231,0,96,0,734,8,4,4,8
101,16,moe,723,31,9225,4128,4129,4671,292,0,133,0,606,8,2,6,8
101,17,moe,787,31,5404,2119,2119,3041,194,0,50,0,610,8,4,4,8
101,18,moe,734,34,10379,5160,5160,4949,171,0,99,0,726,8,5,3,8
101,19,moe,653,30,10099,4187,4187,5619,198,0,95,0,603,8,4,4,8
101,20,moe,719,31,13185,4532,4532,8285,300,0,68,0,597,8,2,6,8
101,21,moe,795,32,11121,4195,4195,6612,230,0,84,0,727,8,4,4,8
101,22,moe,785,30,2737,1140,1140,1465,49,0,83,0,596,8,7,1,8
101,23,moe,643,37,7055,3522,3522,3344,115,0,74,0,720,8,6,2,8
101,24,moe,802,33,8131,3071,3071,4847,176,0,37,0,720,8,5,3,8
101,25,moe,799,29,14671,6238,6238,8086,289,0,58,0,719,8,3,5,8
101,26,moe,649,32,8408,3625,3626,4439,283,0,60,0,720,8,3,5,8
101,-1,epi,0,0,0,0,0,0,0,0,5673,0,0,0,0,0,0
102,-2,pre,1191,0,0,0,0,0,0,0,0,0,0,0,0,0,0
102,0,dense,1422,41,0,0,0,0,0,0,0,0,0,0,0,0,0
102,1,moe,810,39,10210,5150,5150,4840,175,0,45,0,723,8,5,3,8
102,2,moe,726,50,14568,6152,6153,8068,290,0,57,0,722,8,3,5,8
102,3,moe,637,35,14573,6158,6158,8074,280,0,61,0,721,8,3,5,8
102,4,moe,723,35,9,0,0,0,0,0,9,0,600,8,8,0,8
102,5,moe,793,38,2160,1184,1184,831,51,0,94,0,601,8,7,1,8
102,6,moe,739,40,6796,3765,3765,2766,167,0,98,0,728,8,5,3,8
102,7,moe,643,33,4449,1850,1850,2378,148,0,73,0,596,8,5,3,8
102,8,moe,723,34,2543,1094,1094,1379,49,0,21,0,601,8,7,1,8
102,9,moe,788,35,9242,3979,3979,4995,173,0,95,0,722,8,5,3,8
102,10,moe,725,33,14719,5939,5939,8354,294,0,132,0,603,8,2,6,8
102,11,moe,645,32,6891,2565,2567,4134,151,0,39,0,619,8,5,3,8
102,12,moe,728,35,8025,2803,2805,4955,171,0,94,0,720,8,5,3,8
102,13,moe,783,35,1922,289,289,1507,51,0,75,0,598,8,7,1,8
102,14,moe,723,34,10373,4608,4608,5525,195,1,44,0,598,8,4,4,8
102,15,moe,647,31,10941,4041,4041,6570,227,0,103,0,718,8,4,4,8
102,16,moe,721,34,7686,3228,3229,4216,145,0,96,0,595,8,5,3,8
102,17,moe,796,39,7677,3349,3350,4140,148,0,39,0,603,8,5,3,8
102,18,moe,715,35,9240,4037,4037,4938,171,0,94,0,719,8,5,3,8
102,19,moe,641,52,7860,4407,4407,3134,195,0,124,0,596,8,4,4,8
102,20,moe,712,51,8837,3039,3039,5528,197,0,73,0,598,8,4,4,8
102,21,moe,793,50,11012,4123,4123,6527,233,0,129,0,718,8,4,4,8
102,22,moe,798,51,14877,6083,6083,8338,297,0,159,0,605,8,2,6,8
102,23,moe,645,47,4446,2383,2383,1858,113,0,92,0,721,8,6,2,8
102,24,moe,791,50,15035,6645,6645,8039,280,0,71,0,726,8,3,5,8
102,25,moe,849,64,12805,4390,4391,8049,283,0,82,0,723,8,3,5,8
102,26,moe,644,47,8549,3760,3761,4431,284,1,72,0,724,8,3,5,8
102,-1,epi,0,0,0,0,0,0,0,0,5948,0,0,0,0,0,0
103,-2,pre,45,0,0,0,0,0,0,0,0,0,0,0,0,0,0
103,0,dense,1409,45,0,0,0,0,0,0,0,0,0,0,0,0,0
103,1,moe,800,41,10924,4193,4195,6445,223,0,61,0,725,8,4,4,8
103,2,moe,723,37,6087,2722,2722,3212,119,0,34,0,722,8,6,2,8
103,3,moe,640,36,10618,3870,3870,6468,228,0,52,0,720,8,4,4,8
103,4,moe,713,37,7938,3441,3441,4227,151,0,119,0,596,8,5,3,8
103,5,moe,785,38,3901,2243,2243,1526,102,0,30,0,598,8,6,2,8
103,6,moe,721,35,3253,1367,1367,1745,59,1,81,0,717,8,7,1,8
103,7,moe,641,32,3612,569,569,2855,100,0,88,0,599,8,6,2,8
103,8,moe,726,36,2025,1182,1182,772,50,1,20,0,609,8,7,1,8
103,9,moe,791,34,4610,2529,2529,1887,114,0,80,0,721,8,6,2,8
103,10,moe,718,33,7019,2552,2553,4213,151,0,102,0,600,8,5,3,8
103,11,moe,644,35,5111,2198,2198,2780,102,0,31,0,658,8,6,2,8
103,12,moe,701,38,3077,1192,1192,1734,64,0,87,0,786,8,7,1,8
103,13,moe,794,38,5307,2177,2177,2877,109,0,144,0,637,8,6,2,8
103,14,moe,723,37,4322,1419,1419,2769,101,0,33,0,611,8,6,2,8
103,15,moe,640,33,6170,2603,2603,3386,114,0,67,0,721,8,6,2,8
103,16,moe,727,39,4544,1498,1498,2849,102,0,95,0,608,8,6,2,8
103,17,moe,788,38,10,0,0,0,0,0,10,0,604,8,8,0,8
103,18,moe,731,35,8,0,0,0,0,0,8,0,723,8,8,0,8
103,19,moe,648,33,1739,280,280,1389,49,0,21,0,612,8,7,1,8
103,20,moe,738,38,5171,2265,2266,2777,99,0,29,0,603,8,6,2,8
103,21,moe,810,37,5924,2871,2871,2774,174,0,105,0,717,8,5,3,8
103,22,moe,788,36,5493,2447,2447,2849,104,0,93,0,598,8,6,2,8
103,23,moe,652,35,8003,2766,2766,4963,172,0,102,0,720,8,5,3,8
103,24,moe,792,35,9064,2337,2337,6447,230,0,50,0,735,8,4,4,8
103,25,moe,794,35,2403,1436,1436,886,58,0,23,0,717,8,7,1,8
103,26,moe,665,32,3497,1576,1576,1780,114,0,27,0,715,8,6,2,8
103,-1,epi,0,0,0,0,0,0,0,0,5732,0,0,0,0,0,0
104,-2,pre,214,0,0,0,0,0,0,0,0,0,0,0,0,0,0
104,0,dense,1437,39,0,0,0,0,0,0,0,0,0,0,0,0,0
104,1,moe,813,39,7003,3164,3164,3554,226,0,59,0,734,8,4,4,8
104,2,moe,738,36,4984,1608,1608,3232,116,0,28,0,726,8,6,2,8
104,3,moe,663,34,10904,4158,4158,6470,228,0,48,0,725,8,4,4,8
104,4,moe,712,34,2138,1190,1190,835,50,0,63,0,599,8,7,1,8
104,5,moe,803,37,10419,4663,4663,5515,194,1,46,0,597,8,4,4,8
104,6,moe,727,33,3151,1244,1247,1760,59,0,85,0,713,8,7,1,8
104,7,moe,651,32,5946,3329,3329,2366,148,0,103,0,596,8,5,3,8
104,8,moe,714,35,5794,3326,3326,2282,148,0,38,0,598,8,5,3,8
104,9,moe,788,35,6788,3744,3744,2766,172,0,106,0,723,8,5,3,8
104,10,moe,714,34,7038,2567,2567,4216,147,0,108,0,596,8,5,3,8
104,11,moe,647,33,9252,3488,3488,5517,198,0,49,0,606,8,4,4,8
104,12,moe,722,35,9033,3835,3835,4924,169,0,105,0,718,8,5,3,8
104,13,moe,795,39,12839,5483,5483,6986,247,0,123,0,620,8,3,5,8
104,14,moe,721,33,10463,4675,4675,5540,200,0,48,0,593,8,4,4,8
104,15,moe,653,36,6032,2465,2466,3365,114,0,87,0,713,8,6,2,8
104,16,moe,721,32,13518,4723,4724,8370,299,0,125,0,596,8,2,6,8
104,17,moe,794,36,7125,2800,2800,4139,145,0,41,0,592,8,5,3,8
104,18,moe,718,33,5941,2376,2376,3366,112,0,87,0,711,8,6,2,8
104,19,moe,634,32,4681,1651,1651,2833,99,0,98,0,593,8,6,2,8
104,20,moe,713,34,3858,2203,2203,1529,97,0,29,0,595,8,6,2,8
104,21,moe,784,36,6050,2437,2437,3403,116,0,94,0,716,8,6,2,8
104,22,moe,786,34,9479,3586,3586,5577,201,0,115,0,591,8,4,4,8
104,23,moe,646,34,11201,4266,4266,6602,230,0,103,0,710,8,4,4,8
104,24,moe,783,34,12765,4365,4365,8059,283,0,58,0,716,8,3,5,8
104,25,moe,807,36,9308,4255,4255,4847,166,0,40,0,710,8,5,3,8
104,26,moe,657,37,9139,2393,2394,6468,230,0,47,0,714,8,4,4,8
104,-1,epi,0,0,0,0,0,0,0,0,5664,0,0,0,0,0,0
105,-2,pre,75,0,0,0,0,0,0,0,0,0,0,0,0,0,0
105,0,dense,1432,38,0,0,0,0,0,0,0,0,0,0,0,0,0
105,1,moe,812,34,13536,5124,5124,8065,287,0,60,0,725,8,3,5,8
105,2,moe,729,38,8736,3671,3671,4850,170,0,45,0,715,8,5,3,8
105,3,moe,640,32,5908,2537,2537,3226,113,0,32,0,712,8,6,2,8
105,4,moe,722,32,6190,1697,1697,4233,146,0,114,0,587,8,5,3,8
105,5,moe,791,35,4398,1517,1517,2754,98,0,29,0,595,8,6,2,8
105,6,moe,726,34,10190,3254,3254,6599,227,0,110,0,712,8,4,4,8
105,7,moe,640,33,7089,2615,2615,4231,146,0,97,0,597,8,5,3,8
105,8,moe,722,34,6981,2646,2646,4148,148,0,39,0,596,8,5,3,8
105,9,moe,794,38,7920,2672,2673,4984,168,0,95,0,714,8,5,3,8
105,10,moe,727,32,9638,3719,3719,5613,195,0,111,0,587,8,4,4,8
105,11,moe,650,31,11989,4778,4779,6900,250,0,60,0,602,8,3,5,8
105,12,moe,711,35,5980,2420,2420,3352,113,0,95,0,716,8,6,2,8
105,13,moe,792,34,4103,2323,2323,1595,99,0,86,0,608,8,6,2,8
105,14,moe,721,35,7739,4431,4431,3061,196,0,51,0,597,8,4,4,8
105,15,moe,639,36,2322,1186,1186,1009,57,0,70,0,713,8,7,1,8
105,16,moe,788,33,10468,6012,6012,4211,147,0,98,0,593,8,5,3,8
105,17,moe,791,34,7689,3364,3365,4136,147,0,41,0,603,8,5,3,8
105,18,moe,723,33,8179,2917,2917,5001,169,0,92,0,722,8,5,3,8
105,19,moe,640,32,5186,2148,2148,2849,104,0,85,0,593,8,6,2,8
105,20,moe,734,37,5229,2261,2261,2809,124,0,35,0,648,8,6,2,8
105,21,moe,771,39,2782,628,628,1902,133,0,119,0,760,8,6,2,8
105,22,moe,811,39,2199,1194,1194,870,60,0,75,0,679,8,7,1,8
105,23,moe,681,35,3078,1196,1196,1742,61,0,79,0,762,8,7,1,8
105,24,moe,808,39,9129,2280,2280,6542,247,0,60,0,743,8,4,4,8
105,25,moe,805,36,3542,1587,1587,1796,115,0,44,0,734,8,6,2,8
105,26,moe,670,33,4340,1429,1429,2686,175,0,50,0,744,8,5,3,8
105,-1,epi,0,0,0,0,0,0,0,0,5790,0,0,0,0,0,0
106,-2,pre,221,0,0,0,0,0,0,0,0,0,0,0,0,0,0
106,0,dense,1456,35,0,0,0,0,0,0,0,0,0,0,0,0,0
106,1,moe,821,33,5715,2814,2814,2681,174,0,46,0,740,8,5,3,8
106,2,moe,736,39,7891,4066,4070,3548,224,0,49,0,734,8,4,4,8
106,3,moe,658,31,9098,4302,4302,4462,282,0,52,0,743,8,3,5,8
106,4,moe,726,30,2131,1163,1163,845,50,0,73,0,607,8,7,1,8
106,5,moe,791,32,5894,3427,3427,2282,147,0,38,0,613,8,5,3,8
106,6,moe,720,30,10,0,0,0,0,0,10,0,729,8,8,0,8
106,7,moe,661,28,6087,2790,2790,3051,195,0,51,0,618,8,4,4,8
106,8,moe,725,30,5269,2800,2800,2280,151,0,38,0,614,8,5,3,8
106,9,moe,794,30,6807,3732,3732,2788,171,0,116,0,733,8,5,3,8
106,10,moe,721,30,6125,2699,2699,3114,198,0,114,0,609,8,4,4,8
106,11,moe,659,33,7015,3724,3724,3043,196,0,52,0,607,8,4,4,8
106,12,moe,722,30,1445,319,319,1015,58,0,53,0,726,8,7,1,8
106,13,moe,801,32,5933,3323,3323,2355,148,0,107,0,614,8,5,3,8
106,14,moe,722,29,4883,2419,2419,2274,148,0,42,0,609,8,5,3,8
106,15,moe,652,29,10850,4916,4917,5461,335,0,137,0,744,8,2,6,8
106,16,moe,722,32,2672,892,892,1593,100,0,87,0,618,8,6,2,8
106,17,moe,802,34,5045,2573,2573,2289,146,0,37,0,607,8,5,3,8
106,18,moe,726,33,3629,1538,1538,1902,117,0,72,0,731,8,6,2,8
106,19,moe,657,29,6155,2730,2730,3114,196,0,115,0,614,8,4,4,8
106,20,moe,725,30,3061,1410,1411,1524,97,0,29,0,609,8,6,2,8
106,21,moe,788,31,4883,1848,1849,2767,170,0,97,0,744,8,5,3,8
106,22,moe,787,32,2675,870,870,1610,101,0,94,0,613,8,6,2,8
106,23,moe,650,29,5035,2026,2026,2770,173,0,66,0,738,8,5,3,8
106,24,moe,802,33,11323,5572,5573,5337,343,0,70,0,735,8,2,6,8
106,25,moe,799,30,6907,3081,3081,3549,231,0,46,0,731,8,4,4,8
106,26,moe,652,29,5023,2134,2135,2671,175,0,42,0,735,8,5,3,8
106,-1,epi,0,0,0,0,0,0,0,0,5767,0,0,0,0,0,0
107,-2,pre,209,0,0,0,0,0,0,0,0,0,0,0,0,0,0
107,0,dense,1436,35,0,0,0,0,0,0,0,0,0,0,0,0,0
107,1,moe,816,33,9779,4010,4010,5352,347,0,70,0,747,8,2,6,8
107,2,moe,722,31,7138,3309,3309,3553,224,0,52,0,732,8,4,4,8
107,3,moe,657,28,3519,1597,1598,1772,119,0,30,0,733,8,6,2,8
107,4,moe,730,31,5287,2642,2642,2378,150,0,117,0,606,8,5,3,8
107,5,moe,793,29,2074,1235,1235,766,51,0,22,0,624,8,7,1,8
107,6,moe,725,28,2357,1218,1218,998,60,0,81,0,733,8,7,1,8
107,7,moe,661,30,9,0,0,0,0,0,9,0,617,8,8,0,8
107,8,moe,725,29,1203,262,263,829,51,0,60,0,624,8,7,1,8
107,9,moe,791,30,6005,2961,2962,2768,176,0,99,0,739,8,5,3,8
107,10,moe,728,30,3997,2216,2217,1584,104,0,92,0,621,8,6,2,8
107,11,moe,660,30,6882,3590,3591,3041,200,0,50,0,618,8,4,4,8
107,12,moe,732,34,4573,2465,2465,1906,117,0,85,0,733,8,6,2,8
107,13,moe,800,30,2123,1145,1146,841,51,0,85,0,614,8,7,1,8
107,14,moe,724,34,7642,4338,4338,3053,204,0,47,0,619,8,4,4,8
107,15,moe,649,28,4529,2421,2421,1906,117,0,85,0,733,8,6,2,8
107,16,moe,734,29,4260,1660,1660,2349,146,0,105,0,614,8,5,3,8
107,17,moe,790,31,4187,1718,1718,2277,150,0,42,0,617,8,5,3,8
107,18,moe,720,29,9325,4413,4414,4516,280,0,115,0,734,8,3,5,8
107,19,moe,653,30,5522,2917,2917,2360,145,0,100,0,618,8,5,3,8
107,20,moe,715,32,3882,2216,2217,1534,99,0,32,0,611,8,6,2,8
107,21,moe,789,31,3799,1750,1750,1864,112,0,73,0,735,8,6,2,8
107,22,moe,788,29,2132,1152,1152,844,50,0,86,0,612,8,7,1,8
107,23,moe,653,29,1429,309,310,996,58,0,65,0,729,8,7,1,8
107,24,moe,794,29,5601,2724,2724,2661,170,0,46,0,742,8,5,3,8
107,25,moe,799,28,3479,1562,1562,1771,115,0,31,0,733,8,6,2,8
107,26,moe,659,28,10,0,0,0,0,0,10,0,729,8,8,0,8
107,-1,epi,0,0,0,0,0,0,0,0,5847,0,0,0,0,0,0
108,-2,pre,233,0,0,0,0,0,0,0,0,0,0,0,0,0,0
108,0,dense,1456,32,0,0,0,0,0,0,0,0,0,0,0,0,0
108,1,moe,824,33,5616,2756,2756,2652,169,0,39,0,768,8,5,3,8
108,2,moe,732,29,6857,3985,3985,2659,174,0,39,0,737,8,5,3,8
108,3,moe,661,29,11225,5482,5482,5337,339,0,67,0,744,8,2,6,8
108,4,moe,730,34,2161,1148,1149,856,51,0,105,0,613,8,7,1,8
108,5,moe,802,32,4153,1658,1658,2301,151,0,43,0,618,8,5,3,8
108,6,moe,731,30,9,0,0,0,0,0,9,0,735,8,8,0,8
108,7,moe,663,31,3097,1444,1444,1525,101,0,27,0,631,8,6,2,8
108,8,moe,758,32,4026,2359,2359,1521,101,0,45,0,617,8,6,2,8
108,9,moe,790,29,3642,1544,1545,1888,117,0,92,0,737,8,6,2,8
108,10,moe,747,31,6977,3519,3519,3126,200,0,132,0,619,8,4,4,8
108,11,moe,666,30,7742,4439,4439,3045,203,0,55,0,619,8,4,4,8
108,12,moe,721,31,4625,2474,2475,1947,112,0,91,0,731,8,6,2,8
108,13,moe,816,34,9745,7133,7134,2361,149,0,101,0,607,8,5,3,8
108,14,moe,713,36,4938,2448,2448,2303,147,0,40,0,606,8,5,3,8
108,15,moe,649,34,7899,3900,3900,3669,223,0,107,0,731,8,4,4,8
108,16,moe,741,34,3241,1453,1453,1600,97,0,91,0,607,8,6,2,8
108,17,moe,798,34,7960,3761,3762,3884,262,0,52,0,673,8,3,5,8
108,18,moe,740,36,5891,2793,2794,2792,178,0,127,0,802,8,5,3,8
108,19,moe,660,35,6832,3372,3372,3128,198,0,134,0,629,8,4,4,8
108,20,moe,6466,42,4999,2503,2504,2300,149,0,46,0,619,8,5,3,8
108,21,moe,792,38,8479,3528,3528,4533,287,0,131,0,751,8,3,5,8
108,22,moe,795,39,6064,3469,3470,2361,153,0,80,0,620,8,5,3,8
108,23,moe,660,37,4456,2392,2392,1861,118,0,85,0,736,8,6,2,8
108,24,moe,793,36,10147,5352,5353,4441,289,0,64,0,741,8,3,5,8
108,25,moe,795,36,5578,2676,2677,2687,174,0,40,0,733,8,5,3,8
108,26,moe,673,35,2517,607,607,1767,112,0,31,0,744,8,6,2,8
108,-1,epi,0,0,0,0,0,0,0,0,5814,0,0,0,0,0,0
109,-2,pre,210,0,0,0,0,0,0,0,0,0,0,0,0,0,0
109,0,dense,1445,37,0,0,0,0,0,0,0,0,0,0,0,0,0
109,1,moe,827,37,12650,5953,5953,6215,402,0,80,0,751,8,1,7,8
109,2,moe,727,33,10156,5374,5374,4436,291,0,55,0,734,8,3,5,8
109,3,moe,653,33,12197,6468,6468,5320,342,0,67,0,743,8,2,6,8
109,4,moe,735,36,7875,4447,4447,3098,199,0,131,0,632,8,4,4,8
109,5,moe,817,34,7833,4518,4518,3069,197,0,49,0,617,8,4,4,8
109,6,moe,718,39,4619,2541,2541,1870,114,0,94,0,731,8,6,2,8
109,7,moe,651,32,8012,4581,4582,3122,197,0,111,0,615,8,4,4,8
109,8,moe,717,35,4464,1977,1977,2305,146,0,36,0,614,8,5,3,8
109,9,moe,789,35,9990,5019,5019,4566,279,0,126,0,737,8,3,5,8
109,10,moe,722,33,6080,3486,3486,2349,147,0,98,0,614,8,5,3,8
109,11,moe,654,36,12628,6882,6882,5331,341,0,74,0,613,8,1,7,8
109,12,moe,716,35,9941,4071,4071,5402,340,0,128,0,734,8,2,6,8
109,13,moe,784,33,7120,3710,3710,3098,198,0,114,0,627,8,4,4,8
109,14,moe,717,34,8522,3602,3602,4559,293,0,68,0,622,8,2,6,8
109,15,moe,658,31,11245,5362,5363,5412,341,0,129,0,733,8,2,6,8
109,16,moe,715,33,13217,6535,6535,6154,387,0,141,0,613,8,0,8,8
109,17,moe,784,33,9075,4125,4126,4588,298,0,63,0,618,8,2,6,8
109,18,moe,713,35,8307,4303,4304,3670,226,0,107,0,720,8,4,4,8
109,19,moe,646,33,10566,4669,4670,5401,350,0,145,0,600,8,1,7,8
109,20,moe,3461,36,10185,5241,5241,4576,295,0,73,0,607,8,2,6,8
109,21,moe,787,35,11396,5547,5547,5388,337,0,124,0,731,8,2,6,8
109,22,moe,780,33,7728,2658,2662,4648,293,0,125,0,600,8,2,6,8
109,23,moe,651,32,6392,2385,2385,3662,229,0,116,0,725,8,4,4,8
109,24,moe,784,35,7561,2782,2782,4426,293,0,60,0,728,8,3,5,8
109,25,moe,784,35,8906,2241,2241,6192,400,0,73,0,739,8,1,7,8
109,26,moe,659,36,9565,3837,3837,5321,340,0,67,0,726,8,2,6,8
109,-1,epi,0,0,0,0,0,0,0,0,5742,0,0,0,0,0,0
110,-2,pre,226,0,0,0,0,0,0,0,0,0,0,0,0,0,0
110,0,dense,1436,38,0,0,0,0,0,0,0,0,0,0,0,0,0
110,1,moe,809,34,4811,1936,1936,2662,169,0,44,0,741,8,5,3,8
110,2,moe,726,34,6233,2418,2418,3543,227,0,45,0,733,8,4,4,8
110,3,moe,665,37,7250,3439,3439,3538,226,0,47,0,727,8,4,4,8
110,4,moe,718,37,6685,2434,2434,3864,245,0,142,0,608,8,3,5,8
110,5,moe,786,35,3020,1365,1366,1526,98,0,30,0,609,8,6,2,8
110,6,moe,717,34,4545,2472,2472,1866,112,0,95,0,732,8,6,2,8
110,7,moe,657,36,6151,3526,3526,2374,149,0,102,0,642,8,5,3,8
110,8,moe,724,36,6944,3651,3651,3052,196,0,45,0,614,8,4,4,8
110,9,moe,784,34,7995,4033,4033,3627,225,0,110,0,734,8,4,4,8
110,10,moe,723,33,5210,2608,2608,2354,145,0,103,0,612,8,5,3,8
110,11,moe,653,33,7089,2964,2964,3830,242,0,53,0,608,8,3,5,8
110,12,moe,714,34,1446,315,315,996,57,0,78,0,746,8,7,1,8
110,13,moe,787,34,3306,1534,1534,1591,97,0,84,0,615,8,6,2,8
110,14,moe,727,34,2089,1252,1252,764,50,0,23,0,612,8,7,1,8
110,15,moe,658,37,6500,2521,2521,3647,224,0,108,0,728,8,4,4,8
110,16,moe,725,38,3224,1436,1436,1595,101,0,92,0,610,8,6,2,8
110,17,moe,790,34,1090,264,264,759,48,0,19,0,611,8,7,1,8
110,18,moe,722,44,5324,2276,2277,2777,173,0,97,0,727,8,5,3,8
110,19,moe,667,36,11497,5597,5597,5445,343,0,112,0,622,8,1,7,8
110,20,moe,718,34,8974,4855,4855,3818,247,0,54,0,611,8,3,5,8
110,21,moe,790,34,9579,4547,4547,4591,302,0,139,0,789,8,3,5,8
110,22,moe,795,46,6351,2821,2821,3189,207,0,134,0,619,8,4,4,8
110,23,moe,659,34,5906,2829,2829,2798,170,0,109,0,734,8,5,3,8
110,24,moe,809,37,7917,4094,4095,3541,224,0,57,0,732,8,4,4,8
110,25,moe,805,42,7841,4009,4009,3555,224,0,53,0,740,8,4,4,8
110,26,moe,658,35,9853,5080,5083,4432,280,0,58,0,733,8,3,5,8
110,-1,epi,0,0,0,0,0,0,0,0,5738,0,0,0,0,0,0
111,-2,pre,39,0,0,0,0,0,0,0,0,0,0,0,0,0,0
111,0,dense,1469,38,0,0,0,0,0,0,0,0,0,0,0,0,0
111,1,moe,808,36,4215,1335,1335,2665,171,0,44,0,749,8,5,3,8
111,2,moe,736,36,8904,5054,5054,3567,232,0,51,0,736,8,4,4,8
111,3,moe,664,34,4683,1813,1813,2659,170,0,41,0,731,8,5,3,8
111,4,moe,716,36,2181,1142,1142,891,50,0,98,0,614,8,7,1,8
111,5,moe,793,37,4027,2369,2369,1524,105,0,29,0,614,8,6,2,8
111,6,moe,717,36,2395,1233,1233,1015,61,0,86,0,737,8,7,1,8
111,7,moe,658,34,3245,1452,1452,1603,100,0,90,0,618,8,6,2,8
111,8,moe,724,34,1104,268,268,765,51,0,20,0,631,8,7,1,8
111,9,moe,805,35,2491,1328,1328,1023,58,0,82,0,735,8,7,1,8
111,10,moe,730,210,1294,315,315,842,52,0,85,0,623,8,7,1,8
111,11,moe,664,33,3272,1607,1607,1538,100,0,27,0,623,8,6,2,8
111,12,moe,742,39,2399,1275,1275,990,57,0,77,0,737,8,7,1,8
111,13,moe,802,37,4064,2280,2280,1589,101,0,94,0,618,8,6,2,8
111,14,moe,743,39,1126,283,283,766,57,0,20,0,623,8,7,1,8
111,15,moe,654,33,9,0,0,0,0,0,9,0,742,8,8,0,8
111,16,moe,745,32,3973,2304,2305,1536,103,0,29,0,626,8,6,2,8
111,17,moe,801,34,4961,2476,2477,2285,156,0,43,0,622,8,5,3,8
111,18,moe,739,41,4468,2374,2374,1883,113,0,98,0,737,8,6,2,8
111,19,moe,665,32,4034,2243,2243,1595,104,0,92,0,626,8,6,2,8
111,20,moe,727,30,6525,3185,3185,3089,199,0,52,0,622,8,4,4,8
111,21,moe,805,31,7172,3184,3185,3641,232,0,114,0,739,8,4,4,8
111,22,moe,805,28,5083,2477,2477,2354,146,0,106,0,616,8,5,3,8
111,23,moe,665,29,4458,2394,2394,1874,113,0,77,0,741,8,6,2,8
111,24,moe,795,30,10009,5244,5244,4428,281,1,55,0,733,8,3,5,8
111,25,moe,793,28,5538,2660,2660,2670,171,0,37,0,731,8,5,3,8
111,26,moe,653,28,10612,4871,4871,5338,335,0,68,0,736,8,2,6,8
111,-1,epi,0,0,0,0,0,0,0,0,5769,0,0,0,0,0,0
112,-2,pre,212,0,0,0,0,0,0,0,0,0,0,0,0,0,0
112,0,dense,1459,33,0,0,0,0,0,0,0,0,0,0,0,0,0
112,1,moe,810,32,8060,4223,4224,3553,233,0,50,0,745,8,4,4,8
112,2,moe,724,29,9930,5149,5152,4432,285,0,61,0,740,8,3,5,8
112,3,moe,662,30,7762,3938,3938,3551,225,0,48,0,739,8,4,4,8
112,4,moe,732,29,4397,1779,1779,2350,146,0,122,0,619,8,5,3,8
112,5,moe,798,31,6244,2940,2940,3053,205,0,46,0,620,8,4,4,8
112,6,moe,720,31,8984,4981,4982,3654,231,0,117,0,742,8,4,4,8
112,7,moe,659,32,5067,2432,2433,2377,145,0,112,0,619,8,5,3,8
112,8,moe,728,30,2009,1169,1169,767,51,0,22,0,608,8,7,1,8
112,9,moe,798,31,8865,4877,4877,3647,227,0,114,0,736,8,4,4,8
112,10,moe,735,28,4519,1936,1936,2334,146,0,103,0,615,8,5,3,8
112,11,moe,653,28,5729,3258,3258,2283,147,0,41,0,625,8,5,3,8
112,12,moe,728,30,4009,1945,1945,1852,115,0,97,0,732,8,6,2,8
112,13,moe,788,30,5078,2462,2462,2362,147,0,107,0,618,8,5,3,8
112,14,moe,730,31,5366,2069,2069,3050,196,0,51,0,623,8,4,4,8
112,15,moe,653,28,7987,4031,4031,3619,226,0,111,0,737,8,4,4,8
112,16,moe,731,33,9092,4861,4861,3865,245,0,121,0,618,8,3,5,8
112,17,moe,794,31,10068,5139,5140,4567,295,0,66,0,614,8,2,6,8
112,18,moe,726,30,8873,4858,4858,3674,224,0,117,0,725,8,4,4,8
112,19,moe,643,29,7133,3696,3696,3121,201,0,115,0,610,8,4,4,8
112,20,moe,722,29,5053,2564,2564,2294,153,0,42,0,614,8,5,3,8
112,21,moe,784,32,5901,2834,2834,2786,175,0,106,0,729,8,5,3,8
112,22,moe,789,31,6985,3538,3538,3133,200,1,113,0,613,8,4,4,8
112,23,moe,657,28,6513,3463,3464,2783,174,0,92,0,735,8,5,3,8
112,24,moe,785,31,5739,2876,2876,2655,171,0,37,0,730,8,5,3,8
112,25,moe,790,28,4418,2494,2494,1779,114,0,31,0,731,8,6,2,8
112,26,moe,661,32,6924,3115,3115,3538,223,0,48,0,725,8,4,4,8
112,-1,epi,0,0,0,0,0,0,0,0,5749,0,0,0,0,0,0
113,-2,pre,35,0,0,0,0,0,0,0,0,0,0,0,0,0,0
113,0,dense,1459,32,0,0,0,0,0,0,0,0,0,0,0,0,0
113,1,moe,811,30,6386,2547,2547,3554,229,0,56,0,739,8,4,4,8
113,2,moe,739,32,3506,1587,1587,1769,116,0,34,0,737,8,6,2,8
113,3,moe,680,32,3658,1733,1733,1776,121,0,28,0,734,8,6,2,8
113,4,moe,719,31,2130,1148,1148,831,50,0,101,0,614,8,7,1,8
113,5,moe,805,29,3828,2174,2174,1526,99,0,29,0,626,8,6,2,8
113,6,moe,730,29,8885,4910,4911,3629,226,0,119,0,740,8,4,4,8
113,7,moe,662,33,2050,1074,1074,840,52,0,84,0,621,8,7,1,8
113,8,moe,725,31,1977,1139,1139,766,50,0,22,0,625,8,7,1,8
113,9,moe,799,32,6547,3522,3522,2753,167,0,105,0,729,8,5,3,8
113,10,moe,741,34,4592,1973,1973,2356,154,0,109,0,621,8,5,3,8
113,11,moe,653,30,2213,539,539,1541,101,0,32,0,621,8,6,2,8
113,12,moe,721,31,2435,1280,1280,1018,60,0,77,0,734,8,7,1,8
113,13,moe,796,30,2274,1307,1308,837,50,0,79,0,637,8,7,1,8
113,14,moe,731,31,5164,2678,2678,2295,150,0,41,0,620,8,5,3,8
113,15,moe,670,29,4508,2395,2397,1891,127,0,93,0,800,8,6,2,8
113,16,moe,721,34,5346,2634,2634,2404,167,0,141,0,680,8,5,3,8
113,17,moe,804,35,6953,3571,3571,3100,229,0,53,0,650,8,4,4,8
113,18,moe,747,32,8986,4923,4924,3699,231,0,132,0,750,8,4,4,8
113,19,moe,660,30,7043,3607,3607,3118,199,0,119,0,641,8,4,4,8
113,20,moe,756,34,9429,3646,3646,5532,198,0,53,0,631,8,4,4,8
113,21,moe,815,34,3708,1631,1631,1868,113,0,96,0,748,8,6,2,8
113,22,moe,806,31,3988,2212,2212,1586,98,0,92,0,622,8,6,2,8
113,23,moe,661,33,6006,2987,2988,2749,170,0,99,0,750,8,5,3,8
113,24,moe,794,31,6118,2302,2302,3532,223,0,61,0,751,8,4,4,8
113,25,moe,809,32,8679,4855,4856,3551,223,0,49,0,739,8,4,4,8
113,26,moe,656,27,6515,3646,3646,2658,168,0,43,0,742,8,5,3,8
113,-1,epi,0,0,0,0,0,0,0,0,5787,0,0,0,0,0,0
114,-2,pre,198,0,0,0,0,0,0,0,0,0,0,0,0,0,0
114,0,dense,1436,33,0,0,0,0,0,0,0,0,0,0,0,0,0
114,1,moe,809,31,8115,4296,4296,3543,227,0,49,0,747,8,4,4,8
114,2,moe,744,33,4595,2681,2681,1769,115,0,30,0,743,8,6,2,8
114,3,moe,656,27,2215,1248,1248,889,57,0,21,0,741,8,7,1,8
114,4,moe,733,30,4364,2558,2558,1604,97,0,105,0,635,8,6,2,8
114,5,moe,800,31,3854,2175,2175,1544,104,0,31,0,626,8,6,2,8
114,6,moe,729,33,3165,1273,1273,1776,59,0,57,0,753,8,7,1,8
114,7,moe,665,236,4792,3816,3816,845,49,0,82,0,631,8,7,1,8
114,8,moe,732,51,4170,2508,2508,1527,97,0,38,0,624,8,6,2,8
114,9,moe,796,35,5889,2827,2828,2779,176,0,106,0,750,8,5,3,8
114,10,moe,725,35,1265,291,291,844,51,0,79,0,630,8,7,1,8
114,11,moe,659,33,7729,4397,4398,3070,205,0,56,0,626,8,4,4,8
114,12,moe,724,35,8189,4199,4199,3657,224,0,109,0,739,8,4,4,8
114,13,moe,808,37,2117,1152,1152,834,49,0,82,0,634,8,7,1,8
114,14,moe,724,34,6010,2707,2708,3059,196,0,47,0,625,8,4,4,8
114,15,moe,652,33,11533,4707,4708,6296,391,0,138,0,739,8,1,7,8
114,16,moe,726,33,9172,4119,4119,4626,294,0,133,0,622,8,2,6,8
114,17,moe,808,34,6984,3686,3686,3045,207,0,46,0,620,8,4,4,8
114,18,moe,731,34,11025,5100,5101,5449,341,0,134,0,736,8,2,6,8
114,19,moe,653,39,3297,1502,1502,1603,100,0,92,0,616,8,6,2,8
114,20,moe,731,35,5539,2258,2258,3036,198,0,47,0,632,8,4,4,8
114,21,moe,806,40,5471,1492,1497,3645,225,0,104,0,749,8,4,4,8
114,22,moe,819,34,5509,2418,2418,2902,99,0,90,0,611,8,6,2,8
114,23,moe,651,32,2179,334,334,1722,59,0,64,0,736,8,7,1,8
114,24,moe,811,33,6991,3162,3162,3551,223,0,55,0,749,8,4,4,8
114,25,moe,822,38,7970,4135,4135,3567,225,0,43,0,745,8,4,4,8
114,26,moe,658,33,8852,3817,3817,4817,173,0,45,0,729,8,5,3,8
114,-1,epi,0,0,0,0,0,0,0,0,5720,0,0,0,0,0,0
115,-2,pre,209,0,0,0,0,0,0,0,0,0,0,0,0,0,0
115,0,dense,1436,37,0,0,0,0,0,0,0,0,0,0,0,0,0
115,1,moe,813,37,7873,4062,4062,3541,224,0,46,0,742,8,4,4,8
115,2,moe,724,33,7771,3932,3932,3564,224,0,51,0,740,8,4,4,8
115,3,moe,656,37,12440,5762,5762,6206,396,0,76,0,746,8,1,7,8
115,4,moe,720,33,4228,2433,2433,1588,98,0,109,0,631,8,6,2,8
115,5,moe,821,36,6238,2945,2945,3050,196,0,47,0,621,8,4,4,8
115,6,moe,729,35,5817,2787,2788,2753,170,0,106,0,736,8,5,3,8
115,7,moe,657,38,3998,2216,2216,1589,100,1,92,0,628,8,6,2,8
115,8,moe,752,32,2033,1197,1197,766,49,0,21,0,628,8,7,1,8
115,9,moe,810,46,5864,2800,2800,2770,167,0,127,0,739,8,5,3,8
115,10,moe,732,47,6445,3044,3044,3093,199,0,109,0,622,8,4,4,8
115,11,moe,657,47,6067,2775,2775,3042,205,0,45,0,621,8,4,4,8
115,12,moe,731,33,9366,4400,4400,4556,287,0,123,0,741,8,3,5,8
115,13,moe,801,33,3213,1426,1426,1599,99,0,89,0,625,8,6,2,8
115,14,moe,734,33,6772,3478,3478,3052,194,0,48,0,620,8,4,4,8
115,15,moe,661,33,14718,6932,6932,7192,445,0,149,0,740,8,0,8,8
115,16,moe,727,35,10595,5526,5526,4642,295,0,132,0,623,8,2,6,8
115,17,moe,798,34,10284,4542,4542,5327,342,0,73,0,626,8,1,7,8
115,18,moe,731,38,12431,6546,6546,5418,335,0,132,0,738,8,2,6,8
115,19,moe,662,40,8887,4639,4639,3876,247,0,125,0,619,8,3,5,8
115,20,moe,727,33,7648,4358,4358,3046,196,0,48,0,618,8,4,4,8
115,21,moe,787,35,10272,5330,5330,4528,281,1,132,0,737,8,3,5,8
115,22,moe,794,33,5547,2131,2132,3101,199,1,114,0,618,8,4,4,8
115,23,moe,654,37,10072,5129,5129,4550,281,0,112,0,735,8,3,5,8
115,24,moe,797,34,12708,6834,6834,5420,383,0,71,0,754,8,2,6,8
115,25,moe,771,43,9794,4043,4045,5331,349,0,69,0,755,8,2,6,8
115,26,moe,662,37,11902,5210,5210,6210,394,0,88,0,743,8,1,7,8
115,-1,epi,0,0,0,0,0,0,0,0,5736,0,0,0,0,0,0
116,-2,pre,282,0,0,0,0,0,0,0,0,0,0,0,0,0,0
116,0,dense,1448,64,0,0,0,0,0,0,0,0,0,0,0,0,0
116,1,moe,811,38,11831,5097,5097,6455,230,0,49,0,746,8,4,4,8
116,2,moe,744,35,3423,1505,1506,1770,113,0,34,0,741,8,6,2,8
116,3,moe,657,33,5634,2769,2770,2657,169,0,38,0,742,8,5,3,8
116,4,moe,732,35,5361,2710,2710,2377,150,0,124,0,621,8,5,3,8
116,5,moe,810,38,4145,1674,1674,2279,150,0,42,0,634,8,5,3,8
116,6,moe,731,33,4523,2436,2437,1879,113,0,94,0,750,8,6,2,8
116,7,moe,660,33,6209,2761,2761,3130,195,0,123,0,623,8,4,4,8
116,8,moe,723,36,3866,2205,2205,1531,98,0,32,0,619,8,6,2,8
116,9,moe,817,35,6625,3578,3579,2761,170,0,115,0,741,8,5,3,8
116,10,moe,730,33,7061,3628,3628,3113,196,0,124,0,640,8,4,4,8
116,11,moe,650,33,3954,2308,2308,1517,99,0,30,0,618,8,6,2,8
116,12,moe,737,34,1475,317,318,1020,57,0,80,0,735,8,7,1,8
116,13,moe,801,34,4154,2374,2374,1590,99,0,91,0,618,8,6,2,8
116,14,moe,721,35,6898,3601,3602,3049,197,0,50,0,620,8,4,4,8
116,15,moe,650,33,5971,2920,2921,2778,168,0,104,0,737,8,5,3,8
116,16,moe,733,34,2361,561,562,1605,99,0,95,0,624,8,6,2,8
116,17,moe,801,36,6805,3507,3507,3053,200,0,45,0,622,8,4,4,8
116,18,moe,741,39,10910,4000,4000,6594,232,0,84,0,725,8,4,4,8
116,19,moe,657,35,6340,2899,2899,3144,204,0,93,0,611,8,4,4,8
116,20,moe,728,35,4287,1815,1815,2286,146,0,40,0,615,8,5,3,8
116,21,moe,791,45,8049,4046,4046,3657,225,0,121,0,726,8,4,4,8
116,22,moe,797,35,6484,3000,3000,3161,198,0,125,0,609,8,4,4,8
116,23,moe,656,33,5983,2974,2975,2743,167,0,98,0,737,8,5,3,8
116,24,moe,811,35,7470,2702,2703,4425,285,0,57,0,732,8,3,5,8
116,25,moe,807,37,9220,4420,4420,4461,285,0,54,0,730,8,3,5,8
116,26,moe,644,34,14878,4793,4794,9665,345,0,74,0,727,8,2,6,8
116,-1,epi,0,0,0,0,0,0,0,0,5698,0,0,0,0,0,0
117,-2,pre,193,0,0,0,0,0,0,0,0,0,0,0,0,0,0
117,0,dense,1434,39,0,0,0,0,0,0,0,0,0,0,0,0,0
117,1,moe,812,38,10809,6039,6039,4431,284,0,55,0,738,8,3,5,8
117,2,moe,739,38,8629,4802,4802,3551,232,0,44,0,732,8,4,4,8
117,3,moe,651,33,11000,6226,6227,4432,283,0,58,0,729,8,3,5,8
117,4,moe,731,37,8401,4140,4141,3874,247,0,139,0,607,8,3,5,8
117,5,moe,839,36,7202,5529,5529,1541,99,0,33,0,593,8,6,2,8
117,6,moe,720,36,4657,2554,2554,1892,113,0,98,0,723,8,6,2,8
117,7,moe,649,34,4082,2302,2302,1591,97,0,92,0,602,8,6,2,8
117,8,moe,719,35,5097,2205,2206,2762,100,0,29,0,609,8,6,2,8
117,9,moe,797,36,9582,4566,4567,4589,290,0,136,0,729,8,3,5,8
117,10,moe,717,35,6101,3461,3462,2376,149,0,114,0,597,8,5,3,8
117,11,moe,652,34,8794,4678,4678,3814,245,0,57,0,606,8,3,5,8
117,12,moe,755,50,6697,3669,3669,2747,169,0,112,0,728,8,5,3,8
117,13,moe,794,30,7853,4410,4410,3118,198,0,127,0,606,8,4,4,8
117,14,moe,725,29,5848,3380,3380,2281,149,0,38,0,601,8,5,3,8
117,15,moe,651,33,7241,3244,3244,3646,224,0,127,0,730,8,4,4,8
117,16,moe,730,35,8838,4599,4599,3863,246,0,130,0,606,8,3,5,8
117,17,moe,786,31,3920,2262,2262,1530,100,0,28,0,612,8,6,2,8
117,18,moe,726,29,11360,5493,5493,5396,338,0,133,0,732,8,2,6,8
117,19,moe,653,28,5043,2441,2441,2351,149,0,102,0,603,8,5,3,8
117,20,moe,724,28,3818,2167,2167,1521,98,0,32,0,613,8,6,2,8
117,21,moe,7334,30,4367,2263,2263,1900,112,1,91,0,718,8,6,2,8
117,22,moe,795,29,5262,2665,2666,2341,148,0,107,0,604,8,5,3,8
117,23,moe,646,27,6551,3513,3513,2774,172,0,92,0,730,8,5,3,8
117,24,moe,796,31,10863,6092,6092,4427,286,0,58,0,729,8,3,5,8
117,25,moe,793,29,6473,3587,3587,2669,174,0,43,0,725,8,5,3,8
117,26,moe,654,27,10760,5975,5975,4437,287,0,61,0,736,8,3,5,8
117,-1,epi,0,0,0,0,0,0,0,0,5721,0,0,0,0,0,0
118,-2,pre,207,0,0,0,0,0,0,0,0,0,0,0,0,0,0
118,0,dense,1433,32,0,0,0,0,0,0,0,0,0,0,0,0,0
118,1,moe,808,31,16922,6810,6810,9690,356,0,66,0,782,8,2,6,8
118,2,moe,731,40,7859,3931,3932,3609,264,0,54,0,790,8,4,4,8
118,3,moe,682,35,9101,4271,4271,4470,290,0,70,0,739,8,3,5,8
118,4,moe,728,33,5621,2975,2976,2372,147,0,126,0,626,8,5,3,8
118,5,moe,802,33,9026,4892,4893,3815,247,0,71,0,616,8,3,5,8
118,6,moe,725,31,8016,4010,4010,3654,226,2,124,0,735,8,4,4,8
118,7,moe,659,29,10186,5117,5118,4639,293,0,136,0,611,8,2,6,8
118,8,moe,725,30,5794,3305,3305,2301,149,0,39,0,623,8,5,3,8
118,9,moe,798,32,6566,2556,2556,3670,223,0,117,0,741,8,4,4,8
118,10,moe,726,31,6013,3404,3404,2361,147,0,101,0,617,8,5,3,8
118,11,moe,661,29,4978,2497,2498,2298,144,0,38,0,616,8,5,3,8
118,12,moe,721,31,4519,2442,2442,1870,115,0,92,0,731,8,6,2,8
118,13,moe,803,31,2661,1064,1064,1481,51,0,65,0,600,8,7,1,8
118,14,moe,749,29,5646,2325,2325,3062,200,0,59,0,624,8,4,4,8
118,15,moe,653,29,10137,5197,5197,4564,281,0,95,0,736,8,3,5,8
118,16,moe,720,30,13065,7165,7165,5412,344,0,144,0,608,8,1,7,8
118,17,moe,788,29,10845,5877,5877,4610,296,0,62,0,613,8,2,6,8
118,18,moe,728,33,7257,3258,3258,3682,235,0,82,0,726,8,4,4,8
118,19,moe,653,29,7855,4429,4429,3111,196,0,119,0,600,8,4,4,8
118,20,moe,729,28,4931,2462,2462,2280,147,0,42,0,604,8,5,3,8
118,21,moe,794,29,4664,2559,2559,1885,118,0,102,0,727,8,6,2,8
118,22,moe,787,30,7035,2528,2529,4272,150,0,84,0,609,8,5,3,8
118,23,moe,657,28,9260,4296,4297,4557,283,0,123,0,726,8,3,5,8
118,24,moe,790,33,8851,3793,3793,4844,174,0,40,0,727,8,5,3,8
118,25,moe,796,29,7881,2828,2828,4843,172,0,38,0,723,8,5,3,8
118,26,moe,652,27,5714,2823,2823,2672,179,0,40,0,724,8,5,3,8
118,-1,epi,0,0,0,0,0,0,0,0,5722,0,0,0,0,0,0
119,-2,pre,208,0,0,0,0,0,0,0,0,0,0,0,0,0,0
119,0,dense,1444,31,0,0,0,0,0,0,0,0,0,0,0,0,0
119,1,moe,807,32,7156,3317,3317,3560,232,0,47,0,741,8,4,4,8
119,2,moe,724,30,10239,5469,5469,4425,280,0,65,0,735,8,3,5,8
119,3,moe,649,29,6802,2978,2978,3547,231,0,46,0,727,8,4,4,8
119,4,moe,720,31,4196,2388,2388,1600,101,0,107,0,619,8,6,2,8
119,5,moe,807,30,4264,1772,1775,2296,152,0,41,0,621,8,5,3,8
119,6,moe,725,30,2407,1274,1274,992,56,0,85,0,729,8,7,1,8
119,7,moe,655,30,5286,802,802,4254,148,0,82,0,606,8,5,3,8
119,8,moe,754,30,4095,2436,2436,1523,104,0,32,0,612,8,6,2,8
119,9,moe,805,30,5838,2782,2782,2780,171,0,105,0,727,8,5,3,8
119,10,moe,723,29,12378,6443,6444,5428,356,0,150,0,606,8,1,7,8
119,11,moe,649,30,14459,5678,5678,8397,300,0,84,0,629,8,2,6,8
119,12,moe,725,30,8073,2832,2833,4962,173,0,105,0,721,8,5,3,8
119,13,moe,797,30,4405,1757,1757,2395,148,0,105,0,606,8,5,3,8
119,14,moe,733,28,6114,2818,2818,3050,196,0,50,0,609,8,4,4,8
119,15,moe,646,31,7937,3969,3969,3635,223,0,110,0,729,8,4,4,8
119,16,moe,727,28,1251,294,294,824,49,0,84,0,610,8,7,1,8
119,17,moe,801,27,3849,2197,2197,1523,99,0,30,0,616,8,6,2,8
119,18,moe,729,29,5801,2775,2775,2755,171,0,100,0,729,8,5,3,8
119,19,moe,645,28,5498,2914,2914,2341,148,0,95,0,604,8,5,3,8
119,20,moe,734,30,6456,2347,2347,3807,247,0,55,0,612,8,3,5,8
119,21,moe,798,30,2731,629,629,1902,111,1,88,0,736,8,6,2,8
119,22,moe,803,28,3782,1987,1987,1598,99,0,98,0,609,8,6,2,8
119,23,moe,659,27,2471,1361,1361,987,56,0,67,0,730,8,7,1,8
119,24,moe,800,29,6560,1490,1490,4855,173,0,42,0,726,8,5,3,8
119,25,moe,804,31,6221,2392,2392,3548,231,1,49,0,752,8,4,4,8
119,26,moe,669,30,5727,2853,2853,2663,169,0,42,0,735,8,5,3,8
119,-1,epi,0,0,0,0,0,0,0,0,5744,0,0,0,0,0,0
120,-2,pre,209,0,0,0,0,0,0,0,0,0,0,0,0,0,0
120,0,dense,1449,34,0,0,0,0,0,0,0,0,0,0,0,0,0
120,1,moe,814,30,3664,1746,1746,1770,117,0,31,0,745,8,6,2,8
120,2,moe,757,35,11996,8129,8129,3589,227,0,51,0,732,8,4,4,8
120,3,moe,650,32,9950,5167,5168,4440,280,0,62,0,732,8,3,5,8
120,4,moe,718,35,3352,1544,1544,1591,100,0,117,0,605,8,6,2,8
120,5,moe,817,36,6968,3677,3678,3046,200,0,44,0,609,8,4,4,8
120,6,moe,733,33,8120,4137,4139,3637,224,0,120,0,733,8,4,4,8
120,7,moe,651,34,3951,2162,2162,1601,97,0,91,0,614,8,6,2,8
120,8,moe,736,33,7583,4285,4286,3054,197,0,46,0,605,8,4,4,8
120,9,moe,795,35,10,0,0,0,0,0,10,0,722,8,8,0,8
120,10,moe,719,35,3138,1482,1482,1524,98,0,34,0,615,8,6,2,8
120,11,moe,659,37,7002,2628,2628,4172,160,0,42,0,606,8,5,3,8
120,12,moe,737,36,3138,1247,1247,1736,58,0,97,0,730,8,7,1,8
120,13,moe,801,41,5630,2105,2106,3170,208,0,146,0,676,8,4,4,8
120,14,moe,742,38,1170,287,287,801,57,0,25,0,693,8,7,1,8
120,15,moe,797,40,7535,3417,3417,3770,247,0,101,0,766,8,4,4,8
120,16,moe,763,44,6885,2592,2593,3901,248,0,143,0,646,8,3,5,8
120,17,moe,843,37,4220,1676,1676,2353,146,0,45,0,633,8,5,3,8
120,18,moe,747,40,14045,6997,6997,6514,395,0,139,0,743,8,1,7,8
120,19,moe,661,37,6241,2710,2712,3214,194,0,121,0,617,8,4,4,8
120,20,moe,730,37,4202,1729,1730,2285,147,0,40,0,604,8,5,3,8
120,21,moe,804,41,2693,616,616,1866,114,0,97,0,733,8,6,2,8
120,22,moe,816,36,9374,4267,4267,4665,295,0,147,0,621,8,2,6,8
120,23,moe,661,33,7843,3841,3841,3658,229,0,115,0,730,8,4,4,8
120,24,moe,802,35,7289,3416,3416,3595,227,0,51,0,742,8,4,4,8
120,25,moe,800,37,10015,3257,3257,6470,230,0,58,0,727,8,4,4,8
120,26,moe,662,36,6435,1380,1380,4840,174,0,41,0,727,8,5,3,8
120,-1,epi,0,0,0,0,0,0,0,0,5742,0,0,0,0,0,0
121,-2,pre,209,0,0,0,0,0,0,0,0,0,0,0,0,0,0
121,0,dense,1444,41,0,0,0,0,0,0,0,0,0,0,0,0,0
121,1,moe,821,37,11574,5855,5855,5316,337,0,66,0,737,8,2,6,8
121,2,moe,724,36,8343,3553,3553,4440,290,0,60,0,739,8,3,5,8
121,3,moe,648,35,14511,6869,6869,7104,449,0,89,0,735,8,0,8,8
121,4,moe,730,34,8026,2085,2085,5601,199,0,141,0,606,8,4,4,8
121,5,moe,815,37,3094,1443,1443,1522,101,0,28,0,610,8,6,2,8
121,6,moe,737,36,6722,3684,3684,2760,171,0,107,0,730,8,5,3,8
121,7,moe,665,32,6277,2841,2842,3125,199,0,111,0,618,8,4,4,8
121,8,moe,722,33,6897,3569,3569,3085,194,0,49,0,608,8,4,4,8
121,9,moe,811,33,5936,2921,2921,2740,168,0,107,0,728,8,5,3,8
121,10,moe,727,32,7746,3444,3444,3908,244,0,150,0,612,8,3,5,8
121,11,moe,654,33,9533,3789,3789,5323,341,0,80,0,614,8,1,7,8
121,12,moe,735,38,9392,4412,4412,4564,281,0,135,0,727,8,3,5,8
121,13,moe,800,36,5114,2481,2481,2375,147,0,111,0,609,8,5,3,8
121,14,moe,730,35,11164,3927,3927,6927,251,0,59,0,606,8,3,5,8
121,15,moe,644,34,10873,4958,4959,5434,339,0,141,0,729,8,2,6,8
121,16,moe,715,35,9159,3254,3254,5403,349,0,153,0,607,8,1,7,8
121,17,moe,807,38,8062,2308,2308,5509,199,0,46,0,598,8,4,4,8
121,18,moe,728,36,8505,3546,3546,4552,283,0,124,0,721,8,3,5,8
121,19,moe,655,38,9454,4354,4354,4658,300,0,142,0,607,8,2,6,8
121,20,moe,730,38,8026,3102,3102,4558,301,0,65,0,602,8,2,6,8
121,21,moe,794,40,12397,3731,3732,8247,286,0,132,0,718,8,3,5,8
121,22,moe,792,35,9798,3886,3887,5415,344,0,152,0,608,8,1,7,8
121,23,moe,653,34,11759,5838,5838,5447,341,0,133,0,729,8,2,6,8
121,24,moe,795,33,11667,4996,4996,6205,392,0,74,0,727,8,1,7,8
121,25,moe,785,34,10731,4073,4073,6188,394,0,76,0,722,8,1,7,8
121,26,moe,655,33,5026,1218,1218,3540,224,0,44,0,728,8,4,4,8
121,-1,epi,0,0,0,0,0,0,0,0,5711,0,0,0,0,0,0
122,-2,pre,48,0,0,0,0,0,0,0,0,0,0,0,0,0,0
122,0,dense,1439,40,0,0,0,0,0,0,0,0,0,0,0,0,0
122,1,moe,808,35,7862,3081,3081,4439,284,0,58,0,737,8,3,5,8
122,2,moe,725,34,4952,1568,1569,3237,115,0,31,0,723,8,6,2,8
122,3,moe,661,33,10078,5309,5309,4431,280,0,58,0,725,8,3,5,8
122,4,moe,721,34,8928,4647,4647,3890,244,0,147,0,602,8,3,5,8
122,5,moe,791,38,3188,1531,1531,1528,98,0,31,0,607,8,6,2,8
122,6,moe,719,34,1443,321,321,983,57,0,82,0,723,8,7,1,8
122,7,moe,655,32,5903,3278,3278,2375,148,0,102,0,614,8,5,3,8
122,8,moe,727,33,1905,1068,1068,764,54,0,19,0,612,8,7,1,8
122,9,moe,792,36,3631,1528,1528,1887,113,0,103,0,726,8,6,2,8
122,10,moe,726,34,5223,2612,2612,2355,151,0,105,0,609,8,5,3,8
122,11,moe,652,33,6153,2860,2860,3047,197,0,49,0,617,8,4,4,8
122,12,moe,726,35,9,0,0,0,0,0,9,0,733,8,8,0,8
122,13,moe,799,32,2065,1227,1227,768,49,0,21,0,629,8,7,1,8
122,14,moe,736,34,4119,1648,1648,2287,145,0,39,0,613,8,5,3,8
122,15,moe,740,38,2763,637,637,1899,119,0,108,0,736,8,6,2,8
122,16,moe,736,37,2133,1171,1171,826,49,0,87,0,613,8,7,1,8
122,17,moe,807,42,8880,3052,3052,5530,201,0,97,0,621,8,4,4,8
122,18,moe,736,65,4216,670,671,3315,121,0,109,0,734,8,6,2,8
122,19,moe,668,40,4687,2078,2078,2355,146,0,108,0,606,8,5,3,8
122,20,moe,732,37,9540,3670,3670,5597,219,1,53,0,667,8,4,4,8
122,21,moe,820,45,6444,2305,2305,3752,248,0,139,0,749,8,4,4,8
122,22,moe,805,38,9522,4447,4448,4650,299,0,125,0,632,8,2,6,8
122,23,moe,656,36,3754,1658,1659,1884,112,0,99,0,737,8,6,2,8
122,24,moe,794,36,9709,3986,3987,5319,338,0,65,0,741,8,2,6,8
122,25,moe,792,35,9940,5160,5161,4435,287,0,57,0,738,8,3,5,8
122,26,moe,664,33,7234,3400,3400,3554,230,0,50,0,749,8,4,4,8
122,-1,epi,0,0,0,0,0,0,0,0,5734,0,0,0,0,0,0
123,-2,pre,972,0,0,0,0,0,0,0,0,0,0,0,0,0,0
123,0,dense,1433,37,0,0,0,0,0,0,0,0,0,0,0,0,0
123,1,moe,815,39,6057,4113,4113,1787,115,0,42,0,742,8,6,2,8
123,2,moe,727,36,8921,4146,4147,4438,278,0,58,0,743,8,3,5,8
123,3,moe,658,33,6924,3106,3106,3546,224,0,48,0,740,8,4,4,8
123,4,moe,723,34,7090,2596,2596,4215,147,0,132,0,613,8,5,3,8
123,5,moe,800,37,6970,2652,2652,4130,150,0,38,0,615,8,5,3,8
123,6,moe,730,37,3686,1607,1607,1871,113,0,95,0,735,8,6,2,8
123,7,moe,664,28,8034,4599,4599,3121,195,0,119,0,616,8,4,4,8
123,8,moe,724,29,1959,1129,1129,761,50,0,19,0,619,8,7,1,8
123,9,moe,830,30,9,0,0,0,0,0,9,0,742,8,8,0,8
123,10,moe,724,29,2223,560,560,1531,102,0,30,0,627,8,6,2,8
123,11,moe,672,29,10408,6265,6265,3820,246,0,77,0,620,8,3,5,8
123,12,moe,728,29,5981,2901,2904,2791,169,0,117,0,744,8,5,3,8
123,13,moe,795,30,6105,3486,3486,2358,147,0,114,0,618,8,5,3,8
123,14,moe,724,34,1959,1124,1124,766,49,0,20,0,617,8,7,1,8
123,15,moe,651,29,4702,2613,2613,1884,112,0,93,0,735,8,6,2,8
123,16,moe,726,29,3323,1522,1522,1607,99,0,95,0,626,8,6,2,8
123,17,moe,800,30,6252,2949,2949,3057,198,0,48,0,628,8,4,4,8
123,18,moe,722,29,4506,2426,2426,1870,115,0,95,0,731,8,6,2,8
123,19,moe,656,28,3401,1630,1630,1580,103,0,88,0,619,8,6,2,8
123,20,moe,720,29,4244,1768,1768,2290,148,0,38,0,622,8,5,3,8
123,21,moe,806,35,1462,325,325,991,59,0,87,0,740,8,7,1,8
123,22,moe,812,32,5828,2802,2802,2820,103,0,103,0,627,8,6,2,8
123,23,moe,661,28,5830,2795,2795,2762,174,0,99,0,742,8,5,3,8
123,24,moe,799,40,4817,1938,1938,2663,172,0,44,0,750,8,5,3,8
123,25,moe,795,30,8062,4237,4237,3554,226,0,45,0,738,8,4,4,8
123,26,moe,664,31,11366,2963,2963,8057,288,0,58,0,732,8,3,5,8
123,-1,epi,0,0,0,0,0,0,0,0,5729,0,0,0,0,0,0
124,-2,pre,41,0,0,0,0,0,0,0,0,0,0,0,0,0,0
124,0,dense,1480,31,0,0,0,0,0,0,0,0,0,0,0,0,0
124,1,moe,811,32,5068,2187,2187,2665,175,0,41,0,754,8,5,3,8
124,2,moe,729,30,8581,3804,3804,4434,292,0,51,0,747,8,3,5,8
124,3,moe,657,28,10348,5571,5571,4437,282,1,57,0,739,8,3,5,8
124,4,moe,718,30,3966,2164,2164,1597,96,0,109,0,618,8,6,2,8
124,5,moe,799,33,4065,1596,1596,2280,146,0,43,0,626,8,5,3,8
124,6,moe,729,34,4513,2461,2461,1871,113,0,68,0,736,8,6,2,8
124,7,moe,646,28,3302,1502,1502,1598,106,0,96,0,624,8,6,2,8
124,8,moe,732,29,7170,2841,2841,4136,153,0,40,0,617,8,5,3,8
124,9,moe,804,33,6804,3743,3743,2785,168,0,108,0,737,8,5,3,8
124,10,moe,723,29,4279,1670,1671,2347,153,0,108,0,620,8,5,3,8
124,11,moe,654,31,7843,2069,2069,5524,201,0,49,0,616,8,4,4,8
124,12,moe,745,32,5101,2043,2043,2782,173,0,103,0,744,8,5,3,8
124,13,moe,797,30,6105,3487,3488,2369,146,0,102,0,613,8,5,3,8
124,14,moe,726,32,5038,2560,2560,2292,148,0,38,0,617,8,5,3,8
124,15,moe,655,30,6702,3668,3668,2750,172,0,112,0,738,8,5,3,8
124,16,moe,757,39,6355,2913,2913,3127,196,0,119,0,617,8,4,4,8
124,17,moe,807,32,9440,3654,3657,5534,201,0,48,0,616,8,4,4,8
124,18,moe,727,31,9413,4486,4488,4530,280,0,115,0,741,8,3,5,8
124,19,moe,659,30,7365,3957,3958,3106,196,0,105,0,617,8,4,4,8
124,20,moe,724,31,6855,3557,3557,3050,200,0,48,0,620,8,4,4,8
124,21,moe,794,31,3825,1746,1746,1870,115,0,94,0,730,8,6,2,8
124,22,moe,788,28,3993,2205,2206,1596,99,0,92,0,622,8,6,2,8
124,23,moe,667,31,10275,5337,5337,4534,286,0,118,0,731,8,3,5,8
124,24,moe,790,31,7409,3587,3588,3549,226,0,46,0,743,8,4,4,8
124,25,moe,798,32,6360,3478,3478,2672,173,0,37,0,740,8,5,3,8
124,26,moe,652,27,9526,4719,4720,4452,294,2,58,0,740,8,3,5,8
124,-1,epi,0,0,0,0,0,0,0,0,5730,0,0,0,0,0,0
125,-2,pre,146,0,0,0,0,0,0,0,0,0,0,0,0,0,0
125,0,dense,1447,34,0,0,0,0,0,0,0,0,0,0,0,0,0
125,1,moe,832,33,8135,4289,4289,3565,226,0,55,0,745,8,4,4,8
125,2,moe,724,31,10701,5914,5914,4446,280,0,61,0,741,8,3,5,8
125,3,moe,653,29,3742,1815,1815,1781,112,0,34,0,737,8,6,2,8
125,4,moe,732,33,7316,3826,3826,3141,216,0,133,0,633,8,4,4,8
125,5,moe,786,34,5014,2478,2478,2323,166,0,47,0,702,8,5,3,8
125,6,moe,728,39,2469,1275,1275,991,75,0,128,0,760,8,7,1,8
125,7,moe,665,30,7140,2690,2690,4210,150,0,90,0,638,8,5,3,8
125,8,moe,730,31,10222,4445,4445,5524,196,0,57,0,626,8,4,4,8
125,9,moe,806,34,5139,1583,1583,3341,115,0,100,0,740,8,6,2,8
125,10,moe,737,32,7870,3392,3392,4220,149,0,109,0,621,8,5,3,8
125,11,moe,648,29,6833,2522,2522,4126,148,0,37,0,622,8,5,3,8
125,12,moe,740,31,5118,1528,1528,3381,113,0,96,0,735,8,6,2,8
125,13,moe,816,34,6991,2517,2517,4210,151,0,113,0,625,8,5,3,8
125,14,moe,739,30,8554,2775,2776,5529,196,0,53,0,633,8,4,4,8
125,15,moe,675,31,3677,1548,1548,1917,118,0,94,0,735,8,6,2,8
125,16,moe,749,33,4464,1826,1826,2380,149,0,109,0,629,8,5,3,8
125,17,moe,801,31,5433,2137,2137,3048,201,0,47,0,627,8,4,4,8
125,18,moe,732,29,9463,4473,4474,4573,282,1,133,0,736,8,3,5,8
125,19,moe,645,28,3244,1454,1454,1602,98,0,90,0,616,8,6,2,8
125,20,moe,721,28,4385,1107,1108,3031,197,0,49,0,623,8,4,4,8
125,21,moe,804,34,6062,3021,3021,2764,174,0,103,0,741,8,5,3,8
125,22,moe,805,29,5559,2971,2971,2336,148,0,104,0,612,8,5,3,8
125,23,moe,650,27,4972,1933,1933,2775,170,0,94,0,738,8,5,3,8
125,24,moe,791,30,7163,3342,3342,3543,227,0,51,0,749,8,4,4,8
125,25,moe,817,29,9076,2343,2344,6457,230,0,45,0,732,8,4,4,8
125,26,moe,650,32,2543,618,618,1780,116,0,29,0,736,8,6,2,8
125,-1,epi,0,0,0,0,0,0,0,0,5752,0,0,0,0,0,0
126,-2,pre,641,0,0,0,0,0,0,0,0,0,0,0,0,0,0
126,0,dense,1447,39,0,0,0,0,0,0,0,0,0,0,0,0,0
126,1,moe,822,36,12880,7154,7156,5322,337,0,65,0,742,8,2,6,8
126,2,moe,726,35,4341,2426,2426,1769,113,0,33,0,745,8,6,2,8
126,3,moe,650,35,9315,4540,4540,4436,280,1,58,0,739,8,3,5,8
126,4,moe,723,35,7747,4279,4280,3136,197,0,134,0,621,8,4,4,8
126,5,moe,791,35,6221,2934,2935,3043,196,0,47,0,615,8,4,4,8
126,6,moe,729,34,2327,1181,1181,1000,56,0,90,0,735,8,7,1,8
126,7,moe,652,36,5652,2216,2216,3116,195,0,125,0,615,8,4,4,8
126,8,moe,726,33,5130,2651,2651,2290,146,0,43,0,620,8,5,3,8
126,9,moe,792,35,10,0,0,0,0,0,10,0,729,8,8,0,8
126,10,moe,728,33,3875,2206,2206,1534,103,0,32,0,624,8,6,2,8
126,11,moe,659,34,6883,3573,3574,3061,202,0,46,0,625,8,4,4,8
126,12,moe,722,33,3697,1593,1593,1881,116,0,107,0,747,8,6,2,8
126,13,moe,813,46,2086,1120,1120,828,50,0,88,0,625,8,7,1,8
126,14,moe,725,35,5819,3351,3352,2282,144,0,41,0,626,8,5,3,8
126,15,moe,655,34,10139,5184,5186,4542,286,0,125,0,735,8,3,5,8
126,16,moe,722,33,7836,4414,4414,3106,196,0,120,0,616,8,4,4,8
126,17,moe,796,38,7655,4339,4339,3066,196,0,54,0,621,8,4,4,8
126,18,moe,718,34,13167,4561,4562,8181,288,0,136,0,734,8,3,5,8
126,19,moe,654,34,7020,3619,3619,3122,196,0,83,0,606,8,4,4,8
126,20,moe,748,36,7128,3819,3819,3059,200,0,50,0,616,8,4,4,8
126,21,moe,792,39,8915,4923,4923,3637,230,0,125,0,735,8,4,4,8
126,22,moe,786,32,7929,3453,3453,4219,149,0,108,0,617,8,5,3,8
126,23,moe,658,35,11721,4768,4769,6620,226,0,106,0,729,8,4,4,8
126,24,moe,793,36,9267,4494,4494,4431,280,0,62,0,735,8,3,5,8
126,25,moe,789,36,8996,4222,4222,4432,281,0,61,0,731,8,3,5,8
126,26,moe,654,32,11983,6273,6273,5308,339,0,63,0,736,8,2,6,8
126,-1,epi,0,0,0,0,0,0,0,0,5685,0,0,0,0,0,0
127,-2,pre,217,0,0,0,0,0,0,0,0,0,0,0,0,0,0
127,0,dense,1435,37,0,0,0,0,0,0,0,0,0,0,0,0,0
127,1,moe,814,34,12097,6389,6389,5310,337,0,61,0,743,8,2,6,8
127,2,moe,747,35,12284,6551,6551,5326,340,0,67,0,746,8,2,6,8
127,3,moe,649,31,6240,2412,2412,3547,229,0,52,0,736,8,4,4,8
127,4,moe,714,34,10235,5969,5970,3877,244,0,144,0,622,8,3,5,8
127,5,moe,781,37,2196,544,544,1525,98,0,29,0,613,8,6,2,8
127,6,moe,739,36,2411,1268,1268,999,57,0,87,0,733,8,7,1,8
127,7,moe,662,33,3986,2194,2194,1600,97,0,95,0,616,8,6,2,8
127,8,moe,747,43,6884,3570,3570,3063,203,0,48,0,621,8,4,4,8
127,9,moe,805,40,2525,1394,1394,1010,63,0,58,0,739,8,7,1,8
127,10,moe,736,33,6989,2484,2484,4243,154,0,108,0,614,8,5,3,8
127,11,moe,646,32,3431,557,557,2746,102,0,26,0,629,8,6,2,8
127,12,moe,767,36,3671,1574,1574,1881,118,0,98,0,738,8,6,2,8
127,13,moe,799,34,3243,1449,1449,1602,100,0,92,0,619,8,6,2,8
127,14,moe,721,36,7201,3088,3089,3808,244,0,60,0,617,8,3,5,8
127,15,moe,666,36,7206,1864,1864,5032,188,0,122,0,786,8,5,3,8
127,16,moe,726,45,4343,1625,1625,2420,167,0,131,0,677,8,5,3,8
127,17,moe,807,43,4307,1828,1828,2286,145,0,48,0,636,8,5,3,8
127,18,moe,744,38,8531,3526,3526,4584,281,0,140,0,748,8,3,5,8
127,19,moe,660,35,6286,2833,2833,3127,199,0,127,0,623,8,4,4,8
127,20,moe,730,35,6850,3541,3542,3057,202,0,49,0,623,8,4,4,8
127,21,moe,803,40,7881,2921,2921,4546,282,0,132,0,734,8,3,5,8
127,22,moe,804,35,7360,2879,2879,4216,146,0,119,0,616,8,5,3,8
127,23,moe,651,33,8990,3738,3738,4980,173,0,99,0,737,8,5,3,8
127,24,moe,805,37,11672,5922,5922,5340,347,0,63,0,738,8,2,6,8
127,25,moe,792,35,10078,5303,5303,4435,283,0,57,0,733,8,3,5,8
127,26,moe,647,32,18564,8454,8455,9702,337,0,70,0,739,8,2,6,8
127,-1,epi,0,0,0,0,0,0,0,0,5674,0,0,0,0,0,0
128,-2,pre,248,0,0,0,0,0,0,0,0,0,0,0,0,0,0
128,0,dense,1426,38,0,0,0,0,0,0,0,0,0,0,0,0,0
128,1,moe,814,35,13074,4659,4660,8063,287,0,64,0,743,8,3,5,8
128,2,moe,727,34,5664,2783,2783,2662,174,0,45,0,735,8,5,3,8
128,3,moe,664,33,4229,2297,2297,1789,113,0,30,0,733,8,6,2,8
128,4,moe,724,33,6066,3410,3411,2370,151,0,134,0,623,8,5,3,8
128,5,moe,794,39,1941,1098,1098,769,52,0,22,0,622,8,7,1,8
128,6,moe,731,34,3671,1573,1574,1880,115,0,102,0,740,8,6,2,8
128,7,moe,651,34,4453,1380,1380,2877,97,0,99,0,611,8,6,2,8
128,8,moe,727,35,5281,2385,2385,2769,97,0,30,0,608,8,6,2,8
128,9,moe,792,36,8890,3636,3636,4971,171,0,112,0,738,8,5,3,8
128,10,moe,720,34,2761,1140,1140,1487,49,0,85,0,619,8,7,1,8
128,11,moe,651,32,8730,2968,2968,5516,197,0,49,0,626,8,4,4,8
128,12,moe,725,35,3797,1708,1708,1907,113,0,69,0,729,8,6,2,8
128,13,moe,816,36,3420,1615,1615,1607,97,0,101,0,608,8,6,2,8
128,14,moe,730,34,9685,3916,3916,5516,198,0,55,0,614,8,4,4,8
128,15,moe,670,35,8606,4589,4589,3666,231,0,120,0,741,8,4,4,8
128,16,moe,720,35,6416,2974,2975,3126,198,0,117,0,611,8,4,4,8
128,17,moe,798,35,8387,4283,4283,3804,245,0,55,0,624,8,3,5,8
128,18,moe,721,34,3882,1776,1776,1889,117,0,100,0,739,8,6,2,8
128,19,moe,669,31,6369,1854,1854,4266,146,0,103,0,611,8,5,3,8
128,20,moe,724,33,4323,1428,1428,2765,102,0,28,0,613,8,6,2,8
128,21,moe,807,37,2188,312,312,1738,56,0,82,0,738,8,7,1,8
128,22,moe,801,33,5677,2634,2634,2847,102,0,94,0,612,8,6,2,8
128,23,moe,662,37,7047,1820,1820,4956,172,0,99,0,736,8,5,3,8
128,24,moe,787,36,3666,1738,1738,1775,116,0,37,0,733,8,6,2,8
128,25,moe,800,37,11944,3552,3553,8052,281,0,58,0,730,8,3,5,8
128,26,moe,667,35,4488,2566,2566,1776,116,0,30,0,729,8,6,2,8
128,-1,epi,0,0,0,0,0,0,0,0,5710,0,0,0,0,0,0
129,-2,pre,1011,0,0,0,0,0,0,0,0,0,0,0,0,0,0
129,0,dense,1426,39,0,0,0,0,0,0,0,0,0,0,0,0,0
129,1,moe,820,46,3817,940,941,2666,171,0,39,0,751,8,5,3,8
129,2,moe,733,29,9317,3597,3598,5321,338,0,60,0,746,8,2,6,8
129,3,moe,649,31,5603,2744,2744,2652,170,0,37,0,734,8,5,3,8
129,4,moe,727,30,5204,2550,2550,2375,147,0,132,0,620,8,5,3,8
129,5,moe,805,31,3155,1494,1494,1533,99,0,29,0,616,8,6,2,8
129,6,moe,731,30,2365,1217,1217,1000,58,0,90,0,740,8,7,1,8
129,7,moe,667,27,8267,2329,2329,5620,198,0,120,0,613,8,4,4,8
129,8,moe,722,33,5420,2531,2531,2754,98,0,37,0,607,8,6,2,8
129,9,moe,797,32,8256,4234,4234,3670,233,0,119,0,737,8,4,4,8
129,10,moe,733,31,5715,2249,2249,3137,202,0,127,0,616,8,4,4,8
129,11,moe,661,32,5044,2555,2555,2299,154,0,36,0,617,8,5,3,8
129,12,moe,732,27,6331,3253,3253,2795,171,0,112,0,739,8,5,3,8
129,13,moe,801,30,7884,4448,4448,3107,203,0,126,0,622,8,4,4,8
129,14,moe,717,46,3097,1433,1433,1531,103,0,30,0,623,8,6,2,8
129,15,moe,658,32,12898,4282,4282,8211,278,0,127,0,731,8,3,5,8
129,16,moe,719,32,4523,1109,1109,3100,195,0,119,0,617,8,4,4,8
129,17,moe,806,30,3331,842,842,2301,151,0,37,0,623,8,5,3,8
129,18,moe,736,30,9672,4708,4708,4553,288,0,123,0,748,8,3,5,8
129,19,moe,656,32,8976,3011,3011,5656,194,0,115,0,608,8,4,4,8
129,20,moe,717,31,12559,3924,3924,8278,293,0,64,0,604,8,2,6,8
129,21,moe,793,34,7109,3098,3098,3668,228,0,115,0,737,8,4,4,8
129,22,moe,804,32,7978,3711,3711,3886,251,0,130,0,615,8,3,5,8
129,23,moe,648,28,5176,2115,2115,2791,175,0,95,0,731,8,5,3,8
129,24,moe,806,31,7478,3458,3458,3707,260,0,53,0,794,8,4,4,8
129,25,moe,797,36,10025,4129,4129,5442,374,0,80,0,752,8,2,6,8
129,26,moe,680,36,9146,4354,4354,4446,284,0,62,0,755,8,3,5,8
129,-1,epi,0,0,0,0,0,0,0,0,5726,0,0,0,0,0,0
130,-2,pre,198,0,0,0,0,0,0,0,0,0,0,0,0,0,0
130,0,dense,1460,36,0,0,0,0,0,0,0,0,0,0,0,0,0
130,1,moe,819,34,7084,2043,2043,4823,172,0,46,0,745,8,5,3,8
130,2,moe,728,32,7848,4001,4003,3567,225,0,53,0,748,8,4,4,8
130,3,moe,668,29,10307,3598,3598,6430,226,0,53,0,736,8,4,4,8
130,4,moe,723,30,10800,3466,3466,6978,243,0,113,0,613,8,3,5,8
130,5,moe,811,39,5918,3438,3438,2287,148,0,45,0,619,8,5,3,8
130,6,moe,738,32,2478,1323,1323,997,59,0,99,0,738,8,7,1,8
130,7,moe,666,31,2133,1167,1167,828,51,0,87,0,613,8,7,1,8
130,8,moe,723,30,3076,1421,1421,1524,101,0,30,0,622,8,6,2,8
130,9,moe,805,31,6162,3085,3085,2790,172,0,115,0,741,8,5,3,8
130,10,moe,722,31,5204,2589,2589,2354,149,0,112,0,630,8,5,3,8
130,11,moe,662,29,6102,1785,1786,4122,154,0,40,0,613,8,5,3,8
130,12,moe,744,33,9127,3893,3893,4954,173,0,107,0,721,8,5,3,8
130,13,moe,791,30,2729,1153,1153,1438,51,0,87,0,609,8,7,1,8
130,14,moe,718,32,6811,2492,2493,4133,145,0,40,0,612,8,5,3,8
130,15,moe,642,30,10083,3129,3129,6594,225,0,135,0,731,8,4,4,8
130,16,moe,723,32,7301,2802,2802,4239,146,0,114,0,610,8,5,3,8
130,17,moe,795,35,3161,1496,1496,1530,99,0,36,0,617,8,6,2,8
130,18,moe,728,31,6013,2972,2972,2796,170,0,75,0,728,8,5,3,8
130,19,moe,650,29,14031,5204,5206,8385,295,0,145,0,610,8,2,6,8
130,20,moe,721,31,11339,4123,4123,6909,246,0,61,0,612,8,3,5,8
130,21,moe,787,32,8016,2749,2749,4984,170,0,113,0,730,8,5,3,8
130,22,moe,7447,31,8763,2812,2813,5620,196,0,134,0,613,8,4,4,8
130,23,moe,950,33,4907,1867,1867,2797,172,0,71,0,729,8,5,3,8
130,24,moe,793,31,7955,4117,4117,3553,236,0,49,0,733,8,4,4,8
130,25,moe,793,31,13689,5300,5300,8043,288,0,58,0,731,8,3,5,8
130,26,moe,657,32,10711,3991,3991,6436,231,0,53,0,727,8,4,4,8
130,-1,epi,0,0,0,0,0,0,0,0,5656,0,0,0,0,0,0
