step,il,kind,route_us,readback_us,load_wall_us,pread_us,pread_wall_us,repack_us,placement_us,sync_us,load_other_us,load_hidden_us,compute_us,lookups,hits,misses,n_slots
0,-2,pre,402,0,0,0,0,0,0,0,0,0,0,0,0,0,0
0,0,dense,7339,124,0,0,0,0,0,0,0,0,0,0,0,0,0
0,1,moe,8136,130,55683,28997,28998,26473,0,0,212,0,1275,0,0,0,16
0,2,moe,4284,54,39110,19253,19254,14593,5073,1,189,0,1307,16,0,16,16
0,3,moe,9592,54,43482,21998,21999,17261,4075,1,146,0,1448,15,0,15,15
0,4,moe,8017,53,42074,21502,21503,16583,3805,0,183,0,1155,16,0,16,16
0,5,moe,8067,55,37747,21479,21480,12389,3747,0,131,0,1099,16,0,16,16
0,6,moe,9595,55,42705,22953,22954,14909,4656,0,186,0,1297,16,0,16,16
0,7,moe,11745,49,38558,19467,19467,15336,3604,0,151,0,1091,15,0,15,15
0,8,moe,5276,53,40448,20543,20544,15723,4036,0,145,0,1109,16,0,16,16
0,9,moe,5866,47,38961,20724,20724,13730,4351,0,156,0,1355,15,0,15,15
0,10,moe,4598,56,37335,20828,20830,12347,3985,0,173,0,1154,16,0,16,16
0,11,moe,13580,49,34942,19519,19519,11455,3841,1,126,0,1122,15,0,15,15
0,12,moe,5730,58,46035,23012,23013,18210,4646,1,165,0,1324,16,0,16,16
0,13,moe,4100,55,34870,19668,19668,11563,3476,0,163,0,1113,15,0,15,15
0,14,moe,4420,54,36876,20506,20508,12218,4020,0,130,0,1120,16,0,16,16
0,15,moe,10375,53,39180,21158,21159,13500,4339,0,182,0,1327,15,0,15,15
0,16,moe,8644,51,36344,19980,19984,12260,3934,0,166,0,1126,16,0,16,16
0,17,moe,4990,52,36954,20596,20598,12242,3941,0,173,0,1126,16,0,16,16
0,18,moe,1505,53,31141,13648,13648,13451,3888,0,154,0,1319,15,0,15,15
0,19,moe,915,50,21752,4949,4949,12285,4346,0,172,0,1129,16,0,16,16
0,20,moe,1200,55,20527,4172,4173,12240,3977,0,137,0,1128,16,0,16,16
0,21,moe,1333,53,23882,4675,4676,14319,4698,0,189,0,1329,16,0,16,16
0,22,moe,1340,55,21170,4479,4481,12311,4202,0,176,0,1127,16,0,16,16
0,23,moe,825,56,23150,5071,5071,13755,4170,1,153,0,1324,15,0,15,15
0,24,moe,1349,55,24132,5293,5293,14280,4415,0,144,0,1341,16,0,16,16
0,25,moe,1343,39,24219,5276,5277,14222,4584,0,136,0,1330,16,0,16,16
0,26,moe,814,34,12123,2629,2630,7127,2272,0,94,0,728,8,0,8,8
0,-1,epi,0,0,0,0,0,0,0,0,5508,0,0,0,0,0,0
1,-2,pre,42,0,0,0,0,0,0,0,0,0,0,0,0,0,0
1,0,dense,2453,38,0,0,0,0,0,0,0,0,0,0,0,0,0
1,1,moe,1293,35,32437,18322,18323,10638,3371,0,105,0,1310,12,0,12,12
1,2,moe,1138,38,34306,18947,18948,11549,3689,0,120,0,1329,13,0,13,13
1,3,moe,686,38,34403,18900,18900,11594,3793,0,116,0,1327,14,1,13,14
1,4,moe,1130,39,32478,17928,17929,10825,3535,0,189,0,1144,15,1,14,15
1,5,moe,1251,38,29492,17202,17202,9216,2962,0,112,0,1111,14,2,12,14
1,6,moe,1130,40,31457,17065,17065,10853,3352,0,187,0,1330,14,2,12,14
1,7,moe,689,39,37135,20557,20557,12323,4096,0,159,0,1119,16,0,16,16
1,8,moe,1131,39,28791,16414,16415,9177,3092,0,107,0,1131,13,1,12,13
1,9,moe,1253,41,33535,17755,17757,11730,3902,0,146,0,1336,15,2,13,15
1,10,moe,1124,38,28644,16058,16059,9737,2702,0,146,0,1173,15,3,12,15
1,11,moe,747,43,30504,16074,16075,10995,3305,0,129,0,1111,15,1,14,15
1,12,moe,1132,38,39737,22550,22550,13070,3953,0,164,0,1340,16,2,14,16
1,13,moe,1282,43,33519,19992,19994,10308,3044,1,172,0,1123,14,1,13,14
1,14,moe,1149,38,36354,18038,18039,14971,3223,0,121,0,1116,16,2,14,16
1,15,moe,684,38,33965,18462,18464,11648,3708,0,145,0,1308,15,2,13,15
1,16,moe,1136,39,36991,18858,18858,14455,3502,0,176,0,1102,16,2,14,16
1,17,moe,1261,41,30360,17097,17097,9981,3169,0,113,0,1100,14,1,13,14
1,18,moe,6656,35,43460,20978,20979,18285,4040,0,156,0,1295,15,0,15,15
1,19,moe,10494,36,33146,18592,18592,10798,3611,0,145,0,1181,15,1,14,15
1,20,moe,1128,48,35407,18819,18820,13213,3246,0,128,0,1109,15,1,14,15
1,21,moe,1263,40,19909,8031,8031,8995,2772,0,111,0,1303,15,5,10,15
1,22,moe,1267,37,16444,4305,4306,9405,2603,0,130,0,1122,15,4,11,15
1,23,moe,682,33,25460,4265,4265,17648,3414,0,133,0,1323,16,3,13,16
1,24,moe,1254,35,16413,3609,3609,9793,2910,0,101,0,1363,14,3,11,14
1,25,moe,1260,38,20757,4589,4590,12460,3594,0,113,0,1321,16,2,14,16
1,26,moe,677,38,11983,2628,2630,7137,2138,0,78,0,756,8,0,8,8
1,-1,epi,0,0,0,0,0,0,0,0,5480,0,0,0,0,0,0
2,-2,pre,7296,0,0,0,0,0,0,0,0,0,0,0,0,0,0
2,0,dense,117123,94,0,0,0,0,0,0,0,0,0,0,0,0,0
2,1,moe,62905,164,893195,446669,446708,398643,44275,0,3569,0,166206,0,0,0,216
2,2,moe,42576,197,618345,294355,294366,292929,12236,0,18814,0,129962,0,0,0,224
2,3,moe,30549,183,540123,256810,256823,250358,30321,0,2621,0,154663,0,0,0,200
2,4,moe,42686,204,422564,209459,209469,192339,18392,0,2364,0,91201,0,0,0,185
2,5,moe,43043,186,411515,212673,212683,169973,26574,0,2285,0,97583,0,0,0,164
2,6,moe,42503,195,471644,211349,211361,226086,31862,1,2334,0,127140,0,0,0,171
2,7,moe,28303,172,389240,186870,186880,185718,14431,0,2211,0,102208,0,0,0,167
2,8,moe,44559,223,412228,184096,184102,203676,22143,0,2307,0,108383,0,0,0,179
2,9,moe,45170,187,471804,201852,201864,230728,36933,0,2279,0,136427,0,0,0,172
2,10,moe,44983,172,437419,208082,208095,205264,21660,0,2400,0,109542,0,0,0,189
2,11,moe,28471,180,439314,214005,214017,201188,21822,0,2287,0,107000,0,0,0,187
2,12,moe,52994,189,487289,220993,221002,229828,34258,0,2201,0,149236,0,0,0,178
2,13,moe,52471,185,460700,209066,209074,221713,27624,1,2288,0,103918,0,0,0,185
2,14,moe,52182,178,435258,206782,206788,202574,23601,1,2294,0,106693,0,0,0,181
2,15,moe,33436,169,527660,231294,231306,262602,31413,0,2339,0,154778,0,0,0,189
2,16,moe,54721,193,498792,214094,214103,258599,23764,1,2325,0,109307,0,0,0,190
2,17,moe,58561,3402,476605,211053,211066,238912,24308,0,2319,0,113599,0,0,0,187
2,18,moe,53680,190,535613,238179,238191,259723,35183,1,2515,0,140963,0,0,0,192
2,19,moe,41403,181,463317,218827,218838,218743,23114,0,2622,0,111863,0,0,0,198
2,20,moe,65496,159,449033,210871,210882,203582,32172,0,2397,0,114321,0,0,0,192
2,21,moe,64156,163,455448,214655,214664,203774,34736,0,2274,0,131945,0,0,0,180
2,22,moe,62924,192,453386,217897,217908,207017,25872,1,2588,0,94089,0,0,0,193
2,23,moe,38630,170,475826,227036,227045,218499,27895,1,2386,0,130052,0,0,0,184
2,24,moe,59053,191,561028,237891,237902,286733,33932,1,2460,0,139412,0,0,0,193
2,25,moe,61886,205,541648,211701,211707,285734,41926,1,2280,0,131717,0,0,0,175
2,26,moe,42912,33,6,0,0,0,0,0,6,0,7,0,0,0,0
2,-1,epi,0,0,0,0,0,0,0,0,5,0,0,0,0,0,0
3,-2,pre,278,0,0,0,0,0,0,0,0,0,0,0,0,0,0
3,0,dense,12377,49,0,0,0,0,0,0,0,0,0,0,0,0,0
3,1,moe,8487,48,65090,27237,27238,24281,13362,0,209,0,4954,26,3,23,26
3,2,moe,8286,45,57759,25772,25774,19608,12189,0,188,0,3943,23,1,22,23
3,3,moe,11555,44,57650,24235,24236,21997,11252,0,165,0,3347,22,1,21,22
3,4,moe,8406,46,40539,17283,17284,15569,7497,0,189,0,2554,18,2,16,18
3,5,moe,8958,60,43819,20341,20341,14543,8777,0,158,0,3126,20,1,19,20
3,6,moe,9061,113,62010,26846,26846,20935,14011,0,218,0,3930,24,1,23,24
3,7,moe,10698,47,42104,19037,19039,13824,9041,0,200,0,2615,19,1,18,19
3,8,moe,8461,51,39286,17207,17209,12206,9679,0,192,0,2787,17,1,16,17
3,9,moe,10207,60,53204,25415,25418,19110,8423,0,253,0,3395,23,2,21,23
3,10,moe,8604,48,54867,25815,25816,18649,10125,0,277,0,3138,25,1,24,25
3,11,moe,13471,68,34906,16715,16715,11446,6572,0,173,0,3116,19,4,15,19
3,12,moe,11638,46,45292,21933,21933,16257,6875,0,227,0,3350,19,1,18,19
3,13,moe,12523,45,48392,24075,24076,16878,7180,0,258,0,2684,22,0,22,22
3,14,moe,11975,57,42387,21620,21620,14550,6021,1,195,0,2648,21,2,19,21
3,15,moe,12751,43,54539,26715,26716,18825,8759,0,239,0,2432,21,0,21,21
3,16,moe,5480,44,45648,23681,23684,15375,6354,0,235,0,1939,22,2,20,22
3,17,moe,9534,44,50392,26147,26147,17654,6373,1,217,0,1963,25,2,23,25
3,18,moe,9053,38,42289,15001,15005,19653,7385,0,246,0,3001,25,3,22,25
3,19,moe,12568,35,30453,6362,6364,18433,5387,0,269,0,1957,24,0,24,24
3,20,moe,1409,42,31109,7468,7468,17567,5839,0,235,0,1982,23,0,23,23
3,21,moe,1446,42,36805,8197,8198,19658,8710,0,239,0,2400,24,2,22,24
3,22,moe,1442,41,31592,7070,7072,16861,7396,0,263,0,2458,24,2,22,24
3,23,moe,1297,35,38998,8786,8787,18791,11189,0,231,0,2410,22,1,21,22
3,24,moe,1452,42,44138,14879,14880,21349,7696,1,212,0,2406,26,2,24,26
3,25,moe,1434,36,45546,18225,18225,20510,6592,0,219,0,2384,24,1,23,24
3,26,moe,2873,35,17827,12868,12870,3621,1271,0,65,0,6450,8,4,4,8
3,-1,epi,0,0,0,0,0,0,0,0,36317,0,0,0,0,0,0
4,-2,pre,53,0,0,0,0,0,0,0,0,0,0,0,0,0,0
4,0,dense,1422,46,0,0,0,0,0,0,0,0,0,0,0,0,0
4,1,moe,841,40,11194,5254,5254,3654,2227,0,59,0,1248,8,4,4,8
4,2,moe,721,37,5315,2392,2392,1784,1103,0,36,0,731,8,6,2,8
4,3,moe,559,34,10632,4859,4860,3566,2148,0,58,0,730,8,4,4,8
4,4,moe,729,37,7177,3360,3360,2336,1402,0,79,0,605,8,5,3,8
4,5,moe,787,35,7131,3404,3404,2289,1395,0,43,0,612,8,5,3,8
4,6,moe,719,32,8017,3622,3623,2737,1594,0,63,0,730,8,5,3,8
4,7,moe,549,32,7211,3287,3287,2368,1483,0,73,0,609,8,5,3,8
4,8,moe,717,37,6182,3260,3261,2290,590,0,41,0,610,8,5,3,8
4,9,moe,791,34,6558,3587,3587,2735,170,0,66,0,725,8,5,3,8
4,10,moe,713,30,7768,4395,4395,3104,196,0,73,0,610,8,4,4,8
4,11,moe,547,28,1969,1138,1138,762,51,0,18,0,601,8,7,1,8
4,12,moe,710,30,10751,5895,5895,4494,286,0,76,0,721,8,3,5,8
4,13,moe,783,30,3920,2195,2195,1573,100,1,51,0,608,8,6,2,8
4,14,moe,2687,34,3758,2094,2094,1535,101,0,28,0,608,8,6,2,8
4,15,moe,549,30,6435,3467,3467,2742,170,0,56,0,725,8,5,3,8
4,16,moe,709,30,6420,3421,3421,2332,610,0,57,0,602,8,5,3,8
4,17,moe,785,32,5661,3185,3185,2285,149,0,42,0,1074,8,5,3,8
4,18,moe,725,31,6063,2581,2581,2735,691,0,56,0,727,8,5,3,8
4,19,moe,546,30,3320,768,769,2347,147,0,57,0,606,8,5,3,8
4,20,moe,724,31,3124,1471,1471,1527,98,0,28,0,607,8,6,2,8
4,21,moe,805,39,3922,937,937,2756,171,0,58,0,729,8,5,3,8
4,22,moe,791,30,4191,1650,1650,2332,146,0,63,0,600,8,5,3,8
4,23,moe,558,29,3855,877,877,2748,170,0,60,0,724,8,5,3,8
4,24,moe,798,31,6312,1532,1532,4437,287,0,56,0,733,8,3,5,8
4,25,moe,795,32,7599,1873,1874,5322,342,0,61,0,754,8,2,6,8
4,26,moe,562,32,11893,6166,6167,4442,1229,0,55,0,1257,8,3,5,8
4,-1,epi,0,0,0,0,0,0,0,0,5720,0,0,0,0,0,0
5,-2,pre,215,0,0,0,0,0,0,0,0,0,0,0,0,0,0
5,0,dense,1437,36,0,0,0,0,0,0,0,0,0,0,0,0,0
5,1,moe,834,36,13335,6032,6032,4440,2802,0,61,0,736,8,3,5,8
5,2,moe,721,39,18520,8198,8199,6255,3977,0,89,0,731,8,1,7,8
5,3,moe,554,35,17138,8358,8358,6234,2469,0,77,0,733,8,1,7,8
5,4,moe,721,41,14295,6730,6731,4613,2850,0,101,0,610,8,2,6,8
5,5,moe,782,37,11327,5427,5427,3821,2016,0,63,0,607,8,3,5,8
5,6,moe,714,38,9229,4760,4761,3632,753,0,83,0,726,8,4,4,8
5,7,moe,547,32,7112,3242,3242,2348,1453,1,68,0,607,8,5,3,8
5,8,moe,720,34,6136,3212,3212,2290,589,1,44,0,606,8,5,3,8
5,9,moe,788,33,12891,7010,7011,5431,347,0,102,0,725,8,2,6,8
5,10,moe,730,31,5805,3262,3262,2331,148,0,64,0,600,8,5,3,8
5,11,moe,544,29,13284,7516,7517,5342,339,0,86,0,605,8,1,7,8
5,12,moe,709,33,12818,6989,6989,5401,341,1,86,0,720,8,2,6,8
5,13,moe,778,31,9645,5458,5458,3865,243,0,79,0,603,8,3,5,8
5,14,moe,714,35,7742,4434,4434,3056,200,0,52,0,598,8,4,4,8
5,15,moe,546,29,10702,5814,5815,4526,282,0,79,0,730,8,3,5,8
5,16,moe,712,32,7667,4296,4298,3100,196,0,73,0,605,8,4,4,8
5,17,moe,785,33,7669,4368,4368,3056,196,0,49,0,605,8,4,4,8
5,18,moe,712,31,12287,5497,5497,6305,391,0,94,0,725,8,1,7,8
5,19,moe,545,32,4410,1030,1031,3097,199,0,83,0,609,8,4,4,8
5,20,moe,730,32,3299,832,832,2279,150,0,38,0,603,8,5,3,8
5,21,moe,796,33,6508,1538,1538,4585,316,0,69,0,740,8,3,5,8
5,22,moe,794,43,3390,791,791,2375,158,0,66,0,666,8,5,3,8
5,23,moe,582,35,2634,575,575,1882,124,0,53,0,794,8,6,2,8
5,24,moe,802,39,5258,1286,1286,3666,262,0,44,0,733,8,4,4,8
5,25,moe,807,35,5128,1304,1304,3547,230,1,46,0,739,8,4,4,8
5,26,moe,563,33,7086,3631,3631,2665,751,1,38,0,1254,8,5,3,8
5,-1,epi,0,0,0,0,0,0,0,0,5756,0,0,0,0,0,0
6,-2,pre,217,0,0,0,0,0,0,0,0,0,0,0,0,0,0
6,0,dense,1453,39,0,0,0,0,0,0,0,0,0,0,0,0,0
6,1,moe,815,34,12454,6107,6107,4467,1831,0,49,0,738,8,3,5,8
6,2,moe,732,38,10796,4874,4874,3554,2316,0,52,0,730,8,4,4,8
6,3,moe,553,33,10748,5987,5987,4426,279,0,56,0,734,8,3,5,8
6,4,moe,752,38,13442,9243,9243,3865,245,0,89,0,623,8,3,5,8
6,5,moe,785,39,7663,3334,3335,4142,146,0,40,0,594,8,5,3,8
6,6,moe,710,38,4501,2479,2479,1858,114,0,50,0,717,8,6,2,8
6,7,moe,549,34,8370,4307,4307,3109,875,0,79,0,601,8,4,4,8
6,8,moe,716,36,9872,5359,5359,3798,662,0,53,0,608,8,3,5,8
6,9,moe,786,36,8630,4701,4702,3632,225,0,71,0,728,8,4,4,8
6,10,moe,719,36,9980,5356,5356,3862,683,0,79,0,608,8,3,5,8
6,11,moe,543,33,3816,2174,2174,1515,100,0,27,0,601,8,6,2,8
6,12,moe,731,34,6510,3553,3553,2733,167,0,57,0,723,8,5,3,8
6,13,moe,785,34,5821,3281,3281,2334,148,0,58,0,605,8,5,3,8
6,14,moe,714,34,5707,3245,3245,2283,146,0,33,0,597,8,5,3,8
6,15,moe,553,38,11354,5956,5957,4504,819,0,74,0,734,8,3,5,8
6,16,moe,716,33,11461,6455,6455,4630,291,0,85,0,604,8,2,6,8
6,17,moe,783,32,9387,5290,5290,3797,243,0,57,0,611,8,3,5,8
6,18,moe,713,33,1971,904,904,969,57,0,41,0,717,8,7,1,8
6,19,moe,555,33,5990,1304,1304,3879,735,0,72,0,612,8,3,5,8
6,20,moe,729,35,4414,1133,1133,3042,198,0,41,0,610,8,4,4,8
6,21,moe,796,31,2668,642,642,1860,116,0,50,0,732,8,6,2,8
6,22,moe,815,31,3372,797,797,2363,151,0,61,0,614,8,5,3,8
6,23,moe,561,31,3869,887,887,2757,172,0,53,0,734,8,5,3,8
6,24,moe,816,33,5932,905,906,4823,168,0,35,0,725,8,5,3,8
6,25,moe,810,35,3804,942,942,2657,169,0,36,0,748,8,5,3,8
6,26,moe,555,30,11836,7011,7011,3569,1214,0,42,0,1354,8,4,4,8
6,-1,epi,0,0,0,0,0,0,0,0,5707,0,0,0,0,0,0
7,-2,pre,217,0,0,0,0,0,0,0,0,0,0,0,0,0,0
7,0,dense,1434,38,0,0,0,0,0,0,0,0,0,0,0,0,0
7,1,moe,817,38,11824,6802,6802,4464,506,0,52,0,738,8,3,5,8
7,2,moe,732,33,7001,2608,2608,3216,1143,0,34,0,722,8,6,2,8
7,3,moe,561,34,2944,1244,1244,1623,57,0,20,0,718,8,7,1,8
7,4,moe,731,31,10178,5771,5771,4192,147,0,68,0,592,8,5,3,8
7,5,moe,780,31,4445,2273,2273,1528,615,0,29,0,600,8,6,2,8
7,6,moe,735,34,3010,1203,1203,1701,60,0,46,0,727,8,7,1,8
7,7,moe,568,34,7836,4448,4448,3105,199,0,84,0,611,8,4,4,8
7,8,moe,725,33,8416,4946,4946,3062,363,0,45,0,610,8,4,4,8
7,9,moe,790,35,5610,3496,3497,1935,115,0,63,0,725,8,6,2,8
7,10,moe,720,31,2095,1159,1160,841,50,0,44,0,600,8,7,1,8
7,11,moe,549,30,5673,4027,4027,1521,100,0,25,0,600,8,6,2,8
7,12,moe,724,31,12024,7091,7091,4570,279,0,84,0,722,8,3,5,8
7,13,moe,787,30,6529,3896,3896,2422,148,0,63,0,611,8,5,3,8
7,14,moe,727,31,6175,3600,3600,2388,151,0,36,0,606,8,5,3,8
7,15,moe,556,31,11290,6101,6101,4822,288,0,79,0,738,8,3,5,8
7,16,moe,716,31,4263,2436,2437,1670,103,0,53,0,605,8,6,2,8
7,17,moe,800,36,7068,4456,4457,2412,164,0,35,0,609,8,5,3,8
7,18,moe,718,42,11039,5630,5630,5162,186,0,61,0,718,8,5,3,8
7,19,moe,539,29,3448,764,764,2471,154,0,59,0,613,8,5,3,8
7,20,moe,742,36,2350,602,602,1619,101,0,28,0,606,8,6,2,8
7,21,moe,825,32,5477,1325,1325,3849,237,0,66,0,753,8,4,4,8
7,22,moe,802,37,4773,1144,1144,3345,208,0,76,0,624,8,4,4,8
7,23,moe,563,32,4373,634,634,3573,112,0,54,0,729,8,6,2,8
7,24,moe,821,33,1335,317,317,945,56,0,17,0,747,8,7,1,8
7,25,moe,814,38,5118,2051,2051,2843,192,0,32,0,733,8,5,3,8
7,26,moe,568,34,5644,3178,3178,1890,548,0,28,0,725,8,6,2,8
7,-1,epi,0,0,0,0,0,0,0,0,5783,0,0,0,0,0,0
8,-2,pre,1573,0,0,0,0,0,0,0,0,0,0,0,0,0,0
8,0,dense,1437,34,0,0,0,0,0,0,0,0,0,0,0,0,0
8,1,moe,816,33,9794,4744,4744,4845,167,0,38,0,725,8,5,3,8
8,2,moe,722,30,5061,2512,2513,1782,735,1,30,0,729,8,6,2,8
8,3,moe,571,32,8480,4646,4646,3561,232,0,41,0,737,8,4,4,8
8,4,moe,722,32,3998,2219,2219,1611,104,0,64,0,646,8,6,2,8
8,5,moe,816,34,7697,3288,3289,4200,162,0,46,0,679,8,5,3,8
8,6,moe,707,37,17478,7321,7323,9720,339,1,95,0,726,8,2,6,8
8,7,moe,571,34,4613,2413,2413,1597,549,0,54,0,602,8,6,2,8
8,8,moe,733,34,3987,2335,2336,1524,101,0,26,0,600,8,6,2,8
8,9,moe,795,38,6575,3568,3569,2767,174,0,65,0,727,8,5,3,8
8,10,moe,729,32,5860,3274,3274,2368,152,0,66,0,611,8,5,3,8
8,11,moe,552,30,7592,4296,4296,3049,200,0,47,0,616,8,4,4,8
8,12,moe,723,30,8800,3583,3583,4988,167,0,62,0,723,8,5,3,8
8,13,moe,793,33,7741,3277,3277,4253,145,0,66,0,603,8,5,3,8
8,14,moe,717,32,7608,3286,3287,4133,146,0,42,0,606,8,5,3,8
8,15,moe,557,34,4558,2502,2502,1895,116,0,45,0,733,8,6,2,8
8,16,moe,721,31,10252,4359,4359,5625,195,0,73,0,599,8,4,4,8
8,17,moe,788,31,6852,2514,2514,4154,144,0,40,0,606,8,5,3,8
8,18,moe,716,32,6951,3761,3761,2768,363,0,59,0,720,8,5,3,8
8,19,moe,553,31,3545,533,533,2868,97,0,47,0,598,8,6,2,8
8,20,moe,717,29,3435,559,559,2750,98,0,28,0,607,8,6,2,8
8,21,moe,802,31,2455,1375,1375,982,59,0,39,0,723,8,7,1,8
8,22,moe,791,30,3689,538,538,2827,276,0,48,0,595,8,6,2,8
8,23,moe,554,28,8,0,0,0,0,0,8,0,716,8,8,0,8
8,24,moe,797,33,1418,320,320,997,58,0,43,0,741,8,7,1,8
8,25,moe,819,35,5085,1264,1264,3544,226,0,51,0,733,8,4,4,8
8,26,moe,577,31,7396,3910,3910,2663,790,0,33,0,729,8,5,3,8
8,-1,epi,0,0,0,0,0,0,0,0,5753,0,0,0,0,0,0
9,-2,pre,214,0,0,0,0,0,0,0,0,0,0,0,0,0,0
9,0,dense,1443,248,0,0,0,0,0,0,0,0,0,0,0,0,0
9,1,moe,854,37,10656,7564,7564,2666,388,0,38,0,726,8,5,3,8
9,2,moe,721,34,6551,3666,3666,2662,174,0,49,0,729,8,5,3,8
9,3,moe,557,32,4344,2421,2422,1779,118,0,25,0,735,8,6,2,8
9,4,moe,722,33,5795,3227,3227,2346,152,0,70,0,639,8,5,3,8
9,5,moe,789,34,10504,4271,4273,5535,653,1,42,0,606,8,4,4,8
9,6,moe,717,35,10,0,0,0,0,0,10,0,726,8,8,0,8
9,7,moe,553,32,7698,3382,3382,4127,147,0,42,0,604,8,5,3,8
9,8,moe,716,35,5033,2150,2150,2757,97,0,29,0,601,8,6,2,8
9,9,moe,789,36,7964,2764,2764,4969,170,0,61,0,709,8,5,3,8
9,10,moe,718,36,19,0,0,0,0,0,19,0,601,8,8,0,8
9,11,moe,558,37,2755,1199,1199,1461,49,0,46,0,612,8,7,1,8
9,12,moe,725,43,2156,345,345,1718,56,0,37,0,726,8,7,1,8
9,13,moe,793,29,2691,1126,1126,1474,50,0,41,0,611,8,7,1,8
9,14,moe,724,29,2542,1091,1091,1383,51,0,17,0,623,8,7,1,8
9,15,moe,553,30,4159,643,643,3351,115,0,50,0,733,8,6,2,8
9,16,moe,717,30,7817,3368,3368,4236,150,0,63,0,608,8,5,3,8
9,17,moe,789,31,4409,1511,1512,2768,101,0,28,0,607,8,6,2,8
9,18,moe,722,29,5868,2327,2327,3378,113,0,50,0,724,8,6,2,8
9,19,moe,550,29,1794,265,265,1441,48,0,40,0,606,8,7,1,8
9,20,moe,726,29,1723,265,265,1391,50,0,17,0,607,8,7,1,8
9,21,moe,799,34,2686,638,638,1882,117,0,49,0,728,8,6,2,8
9,22,moe,801,29,5546,1328,1328,3892,249,0,77,0,620,8,3,5,8
9,23,moe,566,29,1399,307,307,999,57,0,36,0,737,8,7,1,8
9,24,moe,807,32,3953,608,608,3207,113,0,25,0,732,8,6,2,8
9,25,moe,798,30,5278,945,945,4129,170,0,34,0,733,8,5,3,8
9,26,moe,567,30,5211,2558,2558,1775,854,0,24,0,757,8,6,2,8
9,-1,epi,0,0,0,0,0,0,0,0,5790,0,0,0,0,0,0
10,-2,pre,210,0,0,0,0,0,0,0,0,0,0,0,0,0,0
10,0,dense,1450,33,0,0,0,0,0,0,0,0,0,0,0,0,0
10,1,moe,814,31,17923,10067,10067,7097,686,0,73,0,735,8,0,8,8
10,2,moe,728,32,5789,2425,2427,3222,111,0,29,0,728,8,6,2,8
10,3,moe,551,34,11392,4679,4679,6447,223,0,43,0,723,8,4,4,8
10,4,moe,715,32,10272,4361,4361,5637,195,0,79,0,600,8,4,4,8
10,5,moe,783,32,5130,2246,2247,2754,99,0,30,0,616,8,6,2,8
10,6,moe,718,31,6110,2574,2574,3375,112,0,49,0,722,8,6,2,8
10,7,moe,552,32,7727,3295,3295,4224,146,0,62,0,590,8,5,3,8
10,8,moe,713,31,7568,3246,3246,4142,147,0,33,0,602,8,5,3,8
10,9,moe,790,31,13667,5125,5125,8191,279,0,72,0,718,8,3,5,8
10,10,moe,719,30,10241,4388,4388,5594,194,0,65,0,596,8,4,4,8
10,11,moe,548,28,9634,5499,5499,3832,249,0,54,0,600,8,3,5,8
10,12,moe,728,30,10714,3841,3842,6575,228,0,69,0,716,8,4,4,8
10,13,moe,782,30,5902,3322,3323,2367,152,0,60,0,593,8,5,3,8
10,14,moe,713,29,7663,4366,4366,3061,196,0,40,0,603,8,4,4,8
10,15,moe,546,30,14129,7325,7325,6317,399,0,88,0,736,8,1,7,8
10,16,moe,711,30,14460,5732,5732,8345,293,0,90,0,604,8,2,6,8
10,17,moe,783,32,10851,5824,5825,4646,319,0,61,0,690,8,2,6,8
10,18,moe,748,43,17496,7235,7236,9825,338,0,97,0,733,8,2,6,8
10,19,moe,560,34,13476,4688,4688,8407,294,0,87,0,605,8,2,6,8
10,20,moe,722,34,5527,1405,1405,3819,249,0,54,0,613,8,3,5,8
10,21,moe,802,33,6504,1544,1545,4585,289,0,85,0,731,8,3,5,8
10,22,moe,791,33,4499,1096,1097,3134,198,0,70,0,606,8,4,4,8
10,23,moe,564,30,5130,1205,1205,3640,226,0,59,0,728,8,4,4,8
10,24,moe,803,33,11957,1883,1884,9677,335,0,61,0,720,8,2,6,8
10,25,moe,794,30,11055,2694,2695,8030,286,0,44,0,726,8,3,5,8
10,26,moe,552,30,13688,6193,6193,4457,2992,0,46,0,734,8,3,5,8
10,-1,epi,0,0,0,0,0,0,0,0,5694,0,0,0,0,0,0
11,-2,pre,211,0,0,0,0,0,0,0,0,0,0,0,0,0,0
11,0,dense,1433,38,0,0,0,0,0,0,0,0,0,0,0,0,0
11,1,moe,809,33,3165,1274,1274,1610,259,0,22,0,730,8,7,1,8
11,2,moe,729,33,5833,2453,2453,3238,113,0,29,0,724,8,6,2,8
11,3,moe,557,33,5860,2496,2496,3223,113,0,28,0,728,8,6,2,8
11,4,moe,719,33,5265,2249,2249,2852,100,0,64,0,601,8,6,2,8
11,5,moe,788,33,5081,2177,2177,2778,97,0,29,0,599,8,6,2,8
11,6,moe,718,33,5950,2431,2431,3359,112,0,48,0,721,8,6,2,8
11,7,moe,548,34,3968,2214,2214,1599,102,0,53,0,603,8,6,2,8
11,8,moe,721,29,5866,3386,3387,2292,153,0,34,0,602,8,5,3,8
11,9,moe,791,30,5788,2759,2759,2791,176,0,62,0,725,8,5,3,8
11,10,moe,721,31,7696,3222,3222,4257,148,0,69,0,602,8,5,3,8
11,11,moe,553,32,3908,2251,2251,1530,101,0,26,0,609,8,6,2,8
11,12,moe,724,29,8730,4741,4741,3694,229,0,66,0,724,8,4,4,8
11,13,moe,788,33,5216,2205,2205,2859,99,0,53,0,597,8,6,2,8
11,14,moe,721,40,11485,6542,6542,4588,297,0,58,0,608,8,2,6,8
11,15,moe,550,27,8687,4702,4702,3688,231,0,66,0,725,8,4,4,8
11,16,moe,715,29,11656,6619,6619,4652,299,0,86,0,605,8,2,6,8
11,17,moe,788,35,11025,3825,3826,6907,246,0,46,0,603,8,3,5,8
11,18,moe,713,30,10659,5758,5758,4540,285,0,76,0,726,8,3,5,8
11,19,moe,550,30,9360,3472,3472,5621,199,0,68,0,594,8,4,4,8
11,20,moe,712,30,2621,974,974,1521,100,0,26,0,606,8,6,2,8
11,21,moe,792,32,6247,2294,2294,3653,231,0,69,0,718,8,4,4,8
11,22,moe,784,31,3349,792,792,2348,149,0,60,0,600,8,5,3,8
11,23,moe,558,30,2630,583,584,1881,117,0,48,0,730,8,6,2,8
11,24,moe,803,33,5070,1249,1249,3547,231,0,43,0,737,8,4,4,8
11,25,moe,795,29,6313,1546,1546,4430,288,0,49,0,730,8,3,5,8
11,26,moe,563,29,19685,7670,7670,9716,2243,0,56,0,720,8,2,6,8
11,-1,epi,0,0,0,0,0,0,0,0,5676,0,0,0,0,0,0
12,-2,pre,1088,0,0,0,0,0,0,0,0,0,0,0,0,0,0
12,0,dense,1423,41,0,0,0,0,0,0,0,0,0,0,0,0,0
12,1,moe,823,40,12789,6080,6080,6438,227,0,44,0,725,8,4,4,8
12,2,moe,722,36,8759,3691,3691,4853,171,0,44,0,722,8,5,3,8
12,3,moe,560,33,5924,2572,2573,3210,113,0,28,0,716,8,6,2,8
12,4,moe,715,34,6023,3445,3445,2355,149,1,73,0,607,8,5,3,8
12,5,moe,796,36,5191,2535,2535,2290,331,0,35,0,606,8,5,3,8
12,6,moe,718,37,4361,2291,2291,1901,116,0,53,0,724,8,6,2,8
12,7,moe,552,34,2107,1183,1183,833,51,0,40,0,605,8,7,1,8
12,8,moe,721,36,3872,2215,2216,1528,101,0,27,0,603,8,6,2,8
12,9,moe,788,35,10864,5927,5927,4571,290,0,76,0,723,8,3,5,8
12,10,moe,720,29,4436,1420,1421,2863,99,0,53,0,598,8,6,2,8
12,11,moe,563,31,10397,4450,4451,5529,376,0,41,0,600,8,4,4,8
12,12,moe,709,30,14474,5958,5958,8153,285,0,78,0,817,8,3,5,8
12,13,moe,776,44,9563,3694,3694,5581,196,0,92,0,592,8,4,4,8
12,14,moe,722,52,5979,3489,3489,2289,150,0,51,0,597,8,5,3,8
12,15,moe,548,41,8672,4725,4725,3627,229,1,90,0,733,8,4,4,8
12,16,moe,715,44,10722,5670,5670,4633,302,0,117,0,611,8,2,6,8
12,17,moe,784,49,8572,2811,2811,5501,196,0,64,0,598,8,4,4,8
12,18,moe,715,44,14432,5916,5916,8128,283,0,105,0,729,8,3,5,8
12,19,moe,546,49,5189,2533,2533,2403,164,0,89,0,727,8,5,3,8
12,20,moe,717,48,5176,2226,2227,2796,109,0,44,0,668,8,6,2,8
12,21,moe,792,41,6222,985,985,4974,184,0,79,0,726,8,5,3,8
12,22,moe,799,48,5196,780,780,4195,146,0,75,0,606,8,5,3,8
12,23,moe,562,40,10,0,0,0,0,0,10,0,726,8,8,0,8
12,24,moe,801,41,5233,1268,1268,3643,233,0,89,0,751,8,4,4,8
12,25,moe,837,36,4955,653,653,3426,118,0,758,0,728,8,6,2,8
12,26,moe,541,29,7845,2813,2813,4828,169,0,35,0,724,8,5,3,8
12,-1,epi,0,0,0,0,0,0,0,0,5718,0,0,0,0,0,0
13,-2,pre,214,0,0,0,0,0,0,0,0,0,0,0,0,0,0
13,0,dense,1439,34,0,0,0,0,0,0,0,0,0,0,0,0,0
13,1,moe,818,36,9774,3069,3069,6434,226,0,45,0,735,8,4,4,8
13,2,moe,732,31,2972,1287,1287,1605,57,0,23,0,726,8,7,1,8
13,3,moe,566,32,2891,1209,1209,1606,56,0,20,0,724,8,7,1,8
13,4,moe,722,30,8,0,0,0,0,0,8,0,604,8,8,0,8
13,5,moe,794,29,2233,1295,1295,831,52,0,55,0,614,8,7,1,8
13,6,moe,737,32,3100,1287,1287,1718,57,0,38,0,727,8,7,1,8
13,7,moe,560,30,2943,1378,1378,1473,50,0,42,0,609,8,7,1,8
13,8,moe,720,30,2614,1162,1162,1385,50,0,17,0,613,8,7,1,8
13,9,moe,795,32,3060,1203,1203,1759,56,0,42,0,731,8,7,1,8
13,10,moe,727,30,2724,1135,1135,1499,51,0,39,0,609,8,7,1,8
13,11,moe,553,28,5104,2210,2210,2770,99,0,25,0,603,8,6,2,8
13,12,moe,719,30,4139,631,632,3344,117,0,46,0,724,8,6,2,8
13,13,moe,788,32,2099,1181,1181,824,51,0,43,0,610,8,7,1,8
13,14,moe,734,34,3238,1573,1573,1532,103,0,30,0,628,8,6,2,8
13,15,moe,567,31,7612,2683,2684,4566,286,0,76,0,745,8,3,5,8
13,16,moe,717,30,7639,3424,3424,3894,245,0,76,0,610,8,3,5,8
13,17,moe,788,29,6065,1745,1745,4137,147,0,36,0,603,8,5,3,8
13,18,moe,724,33,8094,4115,4115,3679,228,0,72,0,732,8,4,4,8
13,19,moe,3261,29,6876,997,997,5614,194,0,71,0,602,8,4,4,8
13,20,moe,727,29,1731,900,900,761,52,0,18,0,617,8,7,1,8
13,21,moe,803,31,2680,627,627,1894,115,0,44,0,735,8,6,2,8
13,22,moe,790,33,3558,525,525,2880,103,0,50,0,604,8,6,2,8
13,23,moe,556,33,8,0,0,0,0,0,8,0,725,8,8,0,8
13,24,moe,793,30,5200,1221,1221,3678,230,0,71,0,731,8,4,4,8
13,25,moe,799,38,1981,303,303,1604,56,0,18,0,733,8,7,1,8
13,26,moe,565,30,2690,594,594,1776,294,0,26,0,735,8,6,2,8
13,-1,epi,0,0,0,0,0,0,0,0,5835,0,0,0,0,0,0
14,-2,pre,66,0,0,0,0,0,0,0,0,0,0,0,0,0,0
14,0,dense,1475,32,0,0,0,0,0,0,0,0,0,0,0,0,0
14,1,moe,818,32,6359,1581,1582,4436,288,0,53,0,754,8,3,5,8
14,2,moe,736,34,9,0,0,0,0,0,9,0,750,8,8,0,8
14,3,moe,584,29,8,0,0,0,0,0,8,0,747,8,8,0,8
14,4,moe,738,29,8,0,0,0,0,0,8,0,629,8,8,0,8
14,5,moe,814,30,2146,1217,1218,821,51,0,56,0,631,8,7,1,8
14,6,moe,736,30,2337,1273,1273,969,60,0,35,0,738,8,7,1,8
14,7,moe,584,28,2063,1149,1149,827,51,0,36,0,625,8,7,1,8
14,8,moe,746,32,2582,1133,1133,1381,49,0,19,0,618,8,7,1,8
14,9,moe,795,31,9,0,0,0,0,0,9,0,734,8,8,0,8
14,10,moe,739,32,8,0,0,0,0,0,8,0,626,8,8,0,8
14,11,moe,572,33,2774,1319,1319,1383,49,0,23,0,628,8,7,1,8
14,12,moe,733,30,9192,2303,2303,6594,226,0,69,0,738,8,4,4,8
14,13,moe,802,29,4029,2275,2275,1596,102,0,56,0,623,8,6,2,8
14,14,moe,732,31,5135,2227,2227,2775,100,0,33,0,613,8,6,2,8
14,15,moe,560,31,14022,3881,3881,9717,341,0,83,0,733,8,2,6,8
14,16,moe,719,35,8044,2142,2142,5628,199,0,75,0,599,8,4,4,8
14,17,moe,801,35,6450,1514,1515,4579,294,0,62,0,620,8,2,6,8
14,18,moe,729,29,7523,3560,3560,3666,227,0,70,0,721,8,4,4,8
14,19,moe,3126,31,9695,2405,2405,6964,244,0,82,0,610,8,3,5,8
14,20,moe,722,31,9,0,0,0,0,0,9,0,606,8,8,0,8
14,21,moe,789,31,6156,919,919,4996,170,0,71,0,724,8,5,3,8
14,22,moe,795,32,6928,1049,1049,5609,199,0,71,0,607,8,4,4,8
14,23,moe,565,31,2092,303,303,1696,56,0,37,0,729,8,7,1,8
14,24,moe,801,31,5956,922,922,4832,169,0,33,0,724,8,5,3,8
14,25,moe,802,33,1271,306,306,888,58,0,19,0,728,8,7,1,8
14,26,moe,567,29,5930,2868,2869,2660,364,0,37,0,730,8,5,3,8
14,-1,epi,0,0,0,0,0,0,0,0,5781,0,0,0,0,0,0
15,-2,pre,212,0,0,0,0,0,0,0,0,0,0,0,0,0,0
15,0,dense,1446,32,0,0,0,0,0,0,0,0,0,0,0,0,0
15,1,moe,817,31,8949,3222,3223,5319,346,0,61,0,750,8,2,6,8
15,2,moe,727,30,11,0,0,0,0,0,11,0,733,8,8,0,8
15,3,moe,575,27,9,0,0,0,0,0,9,0,746,8,8,0,8
15,4,moe,740,34,8,0,0,0,0,0,8,0,640,8,8,0,8
15,5,moe,809,30,9,0,0,0,0,0,9,0,639,8,8,0,8
15,6,moe,740,31,3558,1626,1626,1773,115,0,44,0,748,8,6,2,8
15,7,moe,574,28,2152,1209,1209,836,52,0,55,0,620,8,7,1,8
15,8,moe,734,30,2049,1214,1214,764,51,0,20,0,628,8,7,1,8
15,9,moe,806,30,3151,1276,1276,1773,58,0,44,0,739,8,7,1,8
15,10,moe,760,33,9,0,0,0,0,0,9,0,620,8,8,0,8
15,11,moe,567,32,10147,5697,5698,4234,146,0,69,0,611,8,5,3,8
15,12,moe,721,33,5147,1600,1601,3385,111,0,50,0,721,8,6,2,8
15,13,moe,791,33,2703,1107,1107,1488,49,0,59,0,615,8,7,1,8
15,14,moe,719,33,2792,1340,1340,1383,49,0,20,0,617,8,7,1,8
15,15,moe,553,33,10046,3157,3157,6593,226,0,70,0,731,8,4,4,8
15,16,moe,715,33,5217,798,798,4216,145,0,58,0,605,8,5,3,8
15,17,moe,799,34,10234,5136,5136,4586,459,0,53,0,617,8,2,6,8
15,18,moe,744,35,11236,5356,5356,5457,345,0,78,0,731,8,2,6,8
15,19,moe,558,41,6851,2395,2395,4248,149,0,59,0,603,8,5,3,8
15,20,moe,725,32,7767,4470,4470,3051,206,0,40,0,614,8,4,4,8
15,21,moe,787,31,4121,599,599,3351,117,0,54,0,725,8,6,2,8
15,22,moe,790,31,4426,1048,1048,3113,200,0,65,0,613,8,4,4,8
15,23,moe,566,30,4098,594,594,3329,131,0,44,0,720,8,6,2,8
15,24,moe,798,30,7977,1233,1233,6466,233,0,45,0,789,8,4,4,8
15,25,moe,775,35,2096,309,309,1682,76,0,29,0,781,8,7,1,8
15,26,moe,589,36,8956,4818,4818,3616,468,0,54,0,764,8,4,4,8
15,-1,epi,0,0,0,0,0,0,0,0,5750,0,0,0,0,0,0
16,-2,pre,207,0,0,0,0,0,0,0,0,0,0,0,0,0,0
16,0,dense,1457,40,0,0,0,0,0,0,0,0,0,0,0,0,0
16,1,moe,829,36,10070,5286,5286,4443,285,0,56,0,746,8,3,5,8
16,2,moe,732,37,10714,3991,3991,6455,222,0,46,0,736,8,4,4,8
16,3,moe,568,34,10883,4173,4173,6438,231,0,41,0,729,8,4,4,8
16,4,moe,729,33,8048,4638,4638,3121,203,0,86,0,614,8,4,4,8
16,5,moe,790,32,12669,5487,5487,6892,242,0,48,0,603,8,3,5,8
16,6,moe,722,30,9145,3750,3750,4958,375,0,62,0,721,8,5,3,8
16,7,moe,557,32,5287,2319,2319,2813,102,0,53,0,604,8,6,2,8
16,8,moe,725,29,5162,2281,2281,2757,98,0,26,0,602,8,6,2,8
16,9,moe,786,30,9014,3810,3810,4970,169,0,65,0,717,8,5,3,8
16,10,moe,716,29,9,0,0,0,0,0,9,0,601,8,8,0,8
16,11,moe,560,31,11902,4562,4562,7007,246,0,87,0,603,8,3,5,8
16,12,moe,714,32,8147,2946,2946,4966,173,0,62,0,715,8,5,3,8
16,13,moe,789,32,2175,1238,1238,843,50,0,44,0,623,8,7,1,8
16,14,moe,736,34,9610,3851,3851,5520,196,0,43,0,598,8,4,4,8
16,15,moe,546,29,10097,3206,3206,6598,227,0,66,0,724,8,4,4,8
16,16,moe,731,35,9053,4808,4808,3923,247,0,75,0,599,8,3,5,8
16,17,moe,790,31,5716,3244,3244,2288,152,0,32,0,604,8,5,3,8
16,18,moe,721,31,11443,4540,4541,6611,226,0,65,0,718,8,4,4,8
16,19,moe,554,30,2695,1107,1107,1497,49,1,41,0,597,8,7,1,8
16,20,moe,721,29,1694,255,255,1375,48,0,16,0,607,8,7,1,8
16,21,moe,788,31,2030,941,941,986,57,0,46,0,726,8,7,1,8
16,22,moe,793,31,1189,272,272,826,50,0,41,0,619,8,7,1,8
16,23,moe,562,27,1354,285,286,981,57,0,30,0,729,8,7,1,8
16,24,moe,788,28,2530,618,618,1774,113,0,25,0,738,8,6,2,8
16,25,moe,790,29,2520,613,613,1767,113,0,27,0,734,8,6,2,8
16,26,moe,575,27,8,0,0,0,0,0,8,0,740,8,8,0,8
16,-1,epi,0,0,0,0,0,0,0,0,5869,0,0,0,0,0,0
17,-2,pre,73,0,0,0,0,0,0,0,0,0,0,0,0,0,0
17,0,dense,1463,37,0,0,0,0,0,0,0,0,0,0,0,0,0
17,1,moe,826,32,2348,1381,1381,888,58,0,21,0,762,8,7,1,8
17,2,moe,748,34,2447,1477,1477,887,59,0,24,0,742,8,7,1,8
17,3,moe,571,29,3539,1617,1617,1777,118,0,27,0,738,8,6,2,8
17,4,moe,737,30,5111,2516,2516,2372,154,0,69,0,619,8,5,3,8
17,5,moe,807,31,10,0,0,0,0,0,10,0,618,8,8,0,8
17,6,moe,738,29,2370,1238,1238,1026,60,0,46,0,751,8,7,1,8
17,7,moe,565,30,2299,522,522,1627,101,0,49,0,633,8,6,2,8
17,8,moe,736,30,5194,2296,2296,2769,100,0,29,0,622,8,6,2,8
17,9,moe,795,30,9,0,1,0,0,0,8,0,732,8,8,0,8
17,10,moe,733,33,5066,2186,2186,2754,98,0,28,0,621,8,6,2,8
17,11,moe,572,34,6777,2447,2447,4146,148,0,36,0,618,8,5,3,8
17,12,moe,722,31,6615,3599,3599,2783,172,0,61,0,728,8,5,3,8
17,13,moe,790,35,3139,1392,1392,1594,97,0,56,0,610,8,6,2,8
17,14,moe,724,30,9,0,0,0,0,0,9,0,611,8,8,0,8
17,15,moe,565,32,4582,2528,2528,1889,115,0,50,0,750,8,6,2,8
17,16,moe,723,29,3988,2226,2226,1610,99,0,53,0,609,8,6,2,8
17,17,moe,793,30,1113,280,280,761,53,0,19,0,625,8,7,1,8
17,18,moe,722,29,4524,2485,2485,1872,116,0,51,0,737,8,6,2,8
17,19,moe,560,29,2130,1190,1190,845,52,0,43,0,617,8,7,1,8
17,20,moe,723,31,2018,1174,1174,771,51,0,22,0,613,8,7,1,8
17,21,moe,794,30,3279,1217,1217,1891,117,0,54,0,734,8,6,2,8
17,22,moe,803,31,9,0,0,0,0,0,9,0,618,8,8,0,8
17,23,moe,571,31,1980,298,298,1609,56,0,17,0,738,8,7,1,8
17,24,moe,793,30,3966,616,616,3211,112,0,27,0,745,8,6,2,8
17,25,moe,804,33,3823,936,936,2657,177,0,53,0,743,8,5,3,8
17,26,moe,577,30,9,0,0,0,0,0,9,0,739,8,8,0,8
17,-1,epi,0,0,0,0,0,0,0,0,5922,0,0,0,0,0,0
18,-2,pre,205,0,0,0,0,0,0,0,0,0,0,0,0,0,0
18,0,dense,1478,32,0,0,0,0,0,0,0,0,0,0,0,0,0
18,1,moe,848,31,6786,3929,3929,2649,172,0,36,0,742,8,5,3,8
18,2,moe,729,40,4424,2517,2517,1765,112,0,30,0,740,8,6,2,8
18,3,moe,566,33,13384,5008,5008,8047,278,0,51,0,735,8,3,5,8
18,4,moe,723,30,6115,3518,3518,2375,152,0,70,0,616,8,5,3,8
18,5,moe,804,33,3991,2326,2326,1534,104,0,27,0,617,8,6,2,8
18,6,moe,722,31,5808,2807,2807,2761,174,0,66,0,744,8,5,3,8
18,7,moe,616,31,8715,5701,5701,2866,97,0,51,0,599,8,6,2,8
18,8,moe,723,33,5249,2349,2349,2769,97,0,34,0,606,8,6,2,8
18,9,moe,798,34,5911,2386,2386,3357,112,0,56,0,730,8,6,2,8
18,10,moe,723,32,7853,3427,3427,4211,145,0,70,0,607,8,5,3,8
18,11,moe,559,33,10280,4523,4523,5520,195,0,42,0,599,8,4,4,8
18,12,moe,725,38,4604,2546,2546,1897,114,0,47,0,723,8,6,2,8
18,13,moe,786,34,2111,1192,1192,827,50,0,42,0,609,8,7,1,8
18,14,moe,720,36,7874,4583,4583,3050,199,0,42,0,610,8,4,4,8
18,15,moe,564,33,13426,6598,6598,6330,399,0,99,0,739,8,1,7,8
18,16,moe,717,36,10363,4490,4490,5604,194,0,75,0,604,8,4,4,8
18,17,moe,787,34,12599,5409,5409,6893,246,0,51,0,622,8,3,5,8
18,18,moe,712,31,14627,5916,5916,8313,313,0,85,0,790,8,3,5,8
18,19,moe,613,38,9023,4753,4754,3929,252,0,88,0,624,8,3,5,8
18,20,moe,724,35,7783,4454,4454,3072,200,0,57,0,610,8,4,4,8
18,21,moe,793,33,8913,4914,4914,3668,227,0,104,0,735,8,4,4,8
18,22,moe,788,34,5591,1346,1346,3906,252,0,87,0,615,8,3,5,8
18,23,moe,561,31,5216,1226,1226,3684,229,0,77,0,741,8,4,4,8
18,24,moe,805,33,7613,1878,1878,5335,342,0,58,0,740,8,2,6,8
18,25,moe,798,33,7689,1917,1917,5361,346,0,65,0,744,8,2,6,8
18,26,moe,568,32,22026,9880,9880,11214,863,0,69,0,726,8,0,8,8
18,-1,epi,0,0,0,0,0,0,0,0,5719,0,0,0,0,0,0
19,-2,pre,218,0,0,0,0,0,0,0,0,0,0,0,0,0,0
19,0,dense,1432,35,0,0,0,0,0,0,0,0,0,0,0,0,0
19,1,moe,805,34,10845,6081,6081,4427,283,0,54,0,731,8,3,5,8
19,2,moe,727,31,4461,2549,2549,1769,113,0,30,0,727,8,6,2,8
19,3,moe,562,32,5759,2404,2405,3215,114,0,25,0,727,8,6,2,8
19,4,moe,716,30,2821,1250,1250,1468,50,0,53,0,603,8,7,1,8
19,5,moe,786,31,5095,2194,2194,2777,98,0,26,0,604,8,6,2,8
19,6,moe,719,30,2168,312,312,1755,57,0,44,0,728,8,7,1,8
19,7,moe,554,32,2785,1211,1211,1482,49,0,43,0,613,8,7,1,8
19,8,moe,720,31,5872,3380,3380,2302,153,0,37,0,611,8,5,3,8
19,9,moe,795,38,2348,1238,1238,1004,59,0,47,0,726,8,7,1,8
19,10,moe,721,37,6882,2449,2449,4219,147,0,67,0,607,8,5,3,8
19,11,moe,562,28,9289,3519,3519,5536,195,0,39,0,605,8,4,4,8
19,12,moe,718,34,8040,2780,2780,5017,177,0,66,0,722,8,5,3,8
19,13,moe,802,32,1831,273,273,1460,49,0,49,0,599,8,7,1,8
19,14,moe,720,30,3112,1460,1460,1525,101,0,26,0,609,8,6,2,8
19,15,moe,569,32,6085,2511,2511,3408,112,0,54,0,724,8,6,2,8
19,16,moe,717,28,6885,2434,2434,4230,149,3,69,0,604,8,5,3,8
19,17,moe,791,32,5135,2242,2242,2768,97,0,28,0,606,8,6,2,8
19,18,moe,718,29,6013,2390,2390,3458,111,0,54,0,724,8,6,2,8
19,19,moe,555,32,9,0,0,0,0,0,9,0,615,8,8,0,8
19,20,moe,718,30,1213,280,280,830,51,0,52,0,612,8,7,1,8
19,21,moe,793,30,8888,3713,3713,4946,170,0,59,0,724,8,5,3,8
19,22,moe,792,28,1587,657,657,831,48,0,51,0,607,8,7,1,8
19,23,moe,574,30,1392,293,293,1007,57,0,35,0,730,8,7,1,8
19,24,moe,804,29,9,0,0,0,0,0,9,0,743,8,8,0,8
19,25,moe,802,28,3748,900,900,2646,169,0,33,0,745,8,5,3,8
19,26,moe,572,29,2285,1317,1317,892,58,0,18,0,735,8,7,1,8
19,-1,epi,0,0,0,0,0,0,0,0,5864,0,0,0,0,0,0
20,-2,pre,204,0,0,0,0,0,0,0,0,0,0,0,0,0,0
20,0,dense,1450,33,0,0,0,0,0,0,0,0,0,0,0,0,0
20,1,moe,826,32,3469,1543,1543,1780,116,0,30,0,753,8,6,2,8
20,2,moe,741,32,8690,3663,3663,4825,168,0,34,0,730,8,5,3,8
20,3,moe,560,28,5777,2424,2424,3212,113,0,28,0,731,8,6,2,8
20,4,moe,724,30,2796,1160,1160,1529,49,0,58,0,612,8,7,1,8
20,5,moe,794,31,7654,4350,4352,3056,202,0,44,0,621,8,4,4,8
20,6,moe,720,31,2322,1220,1220,998,59,0,45,0,732,8,7,1,8
20,7,moe,565,28,3952,2194,2194,1593,101,0,64,0,614,8,6,2,8
20,8,moe,732,34,1979,1141,1141,766,50,0,22,0,611,8,7,1,8
20,9,moe,803,35,6546,3539,3539,2766,175,0,66,0,734,8,5,3,8
20,10,moe,730,35,2135,1195,1195,846,49,0,45,0,610,8,7,1,8
20,11,moe,560,31,9,0,0,0,0,0,9,0,611,8,8,0,8
20,12,moe,723,30,2299,1180,1180,1017,59,0,43,0,745,8,7,1,8
20,13,moe,794,31,2113,1159,1159,855,52,0,47,0,616,8,7,1,8
20,14,moe,730,29,2008,1174,1175,762,50,0,21,0,617,8,7,1,8
20,15,moe,564,28,3531,1497,1497,1876,111,0,47,0,743,8,6,2,8
20,16,moe,734,30,3904,2148,2148,1608,98,0,50,0,625,8,6,2,8
20,17,moe,798,32,5722,3250,3250,2286,149,0,37,0,623,8,5,3,8
20,18,moe,727,32,5612,2604,2604,2772,174,1,61,0,731,8,5,3,8
20,19,moe,564,29,5328,2762,2762,2354,150,0,62,0,619,8,5,3,8
20,20,moe,729,30,3096,1440,1440,1528,101,0,27,0,616,8,6,2,8
20,21,moe,796,30,6498,3488,3489,2769,180,0,60,0,733,8,5,3,8
20,22,moe,798,32,4545,1939,1939,2381,151,0,74,0,615,8,5,3,8
20,23,moe,565,32,2632,605,605,1864,119,0,44,0,739,8,6,2,8
20,24,moe,796,29,5000,1203,1203,3531,226,0,40,0,741,8,4,4,8
20,25,moe,801,30,2538,630,630,1771,112,0,25,0,743,8,6,2,8
20,26,moe,573,30,2223,1257,1257,889,57,0,20,0,738,8,7,1,8
20,-1,epi,0,0,0,0,0,0,0,0,5878,0,0,0,0,0,0
21,-2,pre,171,0,0,0,0,0,0,0,0,0,0,0,0,0,0
21,0,dense,1459,35,0,0,0,0,0,0,0,0,0,0,0,0,0
21,1,moe,822,35,10579,4828,4828,5348,347,0,56,0,742,8,2,6,8
21,2,moe,725,29,6667,3788,3788,2673,173,0,33,0,738,8,5,3,8
21,3,moe,577,30,9874,5092,5094,4443,290,0,47,0,741,8,3,5,8
21,4,moe,721,232,9516,5062,5062,4220,150,0,84,0,607,8,5,3,8
21,5,moe,793,38,3192,1511,1511,1551,102,0,28,0,621,8,6,2,8
21,6,moe,724,36,10723,3816,3816,6607,223,0,77,0,733,8,4,4,8
21,7,moe,559,32,8719,2809,2809,5633,199,0,78,0,603,8,4,4,8
21,8,moe,719,34,3139,1490,1490,1526,97,0,26,0,610,8,6,2,8
21,9,moe,813,35,2377,1278,1278,992,59,0,48,0,731,8,7,1,8
21,10,moe,733,35,6131,2749,2749,3112,195,0,75,0,608,8,4,4,8
21,11,moe,562,37,5704,3215,3215,2305,149,0,35,0,618,8,5,3,8
21,12,moe,723,37,5736,2714,2715,2789,172,0,60,0,743,8,5,3,8
21,13,moe,791,35,5056,2452,2452,2384,153,0,67,0,609,8,5,3,8
21,14,moe,729,33,7035,3669,3669,3108,214,0,44,0,671,8,4,4,8
21,15,moe,586,36,8252,4204,4204,3711,245,0,92,0,766,8,4,4,8
21,16,moe,737,33,7900,4488,4488,3127,202,0,83,0,636,8,4,4,8
21,17,moe,823,37,5239,2778,2778,2280,146,0,35,0,620,8,5,3,8
21,18,moe,723,30,7843,3851,3851,3691,225,0,76,0,733,8,4,4,8
21,19,moe,563,31,9606,5407,5409,3867,242,0,88,0,613,8,3,5,8
21,20,moe,723,36,9223,5110,5110,3811,248,0,54,0,616,8,3,5,8
21,21,moe,788,32,8704,4768,4768,3631,229,0,76,0,734,8,4,4,8
21,22,moe,787,31,6956,3557,3557,3117,198,0,84,0,610,8,4,4,8
21,23,moe,561,30,2764,735,735,1867,114,0,48,0,734,8,6,2,8
21,24,moe,789,31,5054,1237,1238,3546,227,0,43,0,743,8,4,4,8
21,25,moe,794,31,5092,1271,1271,3554,228,0,39,0,733,8,4,4,8
21,26,moe,566,34,5805,2752,2753,2654,363,0,35,0,722,8,5,3,8
21,-1,epi,0,0,0,0,0,0,0,0,5795,0,0,0,0,0,0
22,-2,pre,214,0,0,0,0,0,0,0,0,0,0,0,0,0,0
22,0,dense,1440,34,0,0,0,0,0,0,0,0,0,0,0,0,0
22,1,moe,822,34,6630,3767,3767,2657,173,0,33,0,742,8,5,3,8
22,2,moe,738,29,3536,1613,1613,1778,117,0,28,0,739,8,6,2,8
22,3,moe,570,28,6818,3002,3003,3543,225,0,47,0,739,8,4,4,8
22,4,moe,717,33,7086,3657,3658,3142,199,0,87,0,616,8,4,4,8
22,5,moe,800,29,4955,2475,2475,2287,149,0,44,0,614,8,5,3,8
22,6,moe,723,30,7812,3859,3859,3652,226,0,75,0,737,8,4,4,8
22,7,moe,561,29,9,0,0,0,0,0,9,0,609,8,8,0,8
22,8,moe,726,30,7782,4376,4376,3134,195,0,77,0,615,8,4,4,8
22,9,moe,798,30,8853,4921,4922,3626,230,0,75,0,730,8,4,4,8
22,10,moe,729,34,7713,4332,4332,3106,199,0,76,0,617,8,4,4,8
22,11,moe,557,29,1119,294,294,758,50,0,17,0,612,8,7,1,8
22,12,moe,721,28,6638,3649,3649,2758,167,3,61,0,731,8,5,3,8
22,13,moe,785,29,5180,2608,2608,2358,151,0,63,0,608,8,5,3,8
22,14,moe,732,34,3818,2168,2168,1523,101,0,26,0,610,8,6,2,8
22,15,moe,561,29,2341,1228,1228,1005,64,0,44,0,736,8,7,1,8
22,16,moe,718,30,4329,1763,1763,2352,148,0,66,0,611,8,5,3,8
22,17,moe,794,30,5734,3269,3269,2282,147,0,36,0,611,8,5,3,8
22,18,moe,722,31,4235,2132,2133,1926,116,0,60,0,734,8,6,2,8
22,19,moe,594,29,5788,3186,3186,2365,151,0,86,0,616,8,5,3,8
22,20,moe,722,30,9,0,0,0,0,0,9,0,612,8,8,0,8
22,21,moe,793,29,3628,1557,1558,1895,117,0,58,0,742,8,6,2,8
22,22,moe,797,30,4094,2350,2350,1587,102,0,55,0,616,8,6,2,8
22,23,moe,570,29,8,0,0,0,0,0,8,0,735,8,8,0,8
22,24,moe,797,30,3912,907,907,2765,176,0,64,0,773,8,5,3,8
22,25,moe,803,29,9,0,0,0,0,0,9,0,736,8,8,0,8
22,26,moe,569,29,18,0,0,0,0,0,18,0,741,8,8,0,8
22,-1,epi,0,0,0,0,0,0,0,0,5968,0,0,0,0,0,0
23,-2,pre,222,0,0,0,0,0,0,0,0,0,0,0,0,0,0
23,0,dense,1489,31,0,0,0,0,0,0,0,0,0,0,0,0,0
23,1,moe,826,31,10877,6102,6102,4439,289,0,47,0,743,8,3,5,8
23,2,moe,724,30,4351,2434,2434,1773,116,0,28,0,739,8,6,2,8
23,3,moe,642,32,6483,3598,3598,2676,174,0,35,0,742,8,5,3,8
23,4,moe,721,31,1226,262,262,856,53,0,55,0,622,8,7,1,8
23,5,moe,807,35,7941,3847,3847,3796,244,0,54,0,622,8,3,5,8
23,6,moe,737,30,2299,1193,1193,1008,56,0,42,0,741,8,7,1,8
23,7,moe,652,28,5979,3405,3405,2369,145,0,60,0,620,8,5,3,8
23,8,moe,758,28,6879,3583,3583,3062,196,0,38,0,621,8,4,4,8
23,9,moe,805,33,4435,2393,2393,1878,111,0,53,0,733,8,6,2,8
23,10,moe,721,29,7038,3624,3624,3140,200,0,74,0,613,8,4,4,8
23,11,moe,651,27,6822,3533,3533,3048,196,1,44,0,626,8,4,4,8
23,12,moe,721,29,6489,3459,3459,2798,171,0,61,0,734,8,5,3,8
23,13,moe,790,30,5943,3363,3364,2364,151,0,64,0,616,8,5,3,8
23,14,moe,718,31,4966,2501,2502,2279,149,0,36,0,619,8,5,3,8
23,15,moe,640,29,7962,4003,4003,3664,223,0,72,0,740,8,4,4,8
23,16,moe,730,32,9266,4212,4213,4668,296,0,89,0,629,8,2,6,8
23,17,moe,785,30,3067,1410,1410,1532,98,0,27,0,614,8,6,2,8
23,18,moe,724,30,7762,3791,3791,3671,235,0,65,0,734,8,4,4,8
23,19,moe,643,31,3608,1885,1885,1574,98,0,51,0,615,8,6,2,8
23,20,moe,721,35,2014,1174,1174,767,52,0,21,0,612,8,7,1,8
23,21,moe,786,30,7121,3162,3163,3656,224,0,78,0,735,8,4,4,8
23,22,moe,805,31,5839,3266,3266,2356,147,0,70,0,613,8,5,3,8
23,23,moe,639,29,6227,3228,3228,2761,170,1,67,0,730,8,5,3,8
23,24,moe,786,30,6357,1574,1575,4441,295,0,46,0,741,8,3,5,8
23,25,moe,786,30,6374,1598,1599,4432,293,1,49,0,733,8,3,5,8
23,26,moe,653,29,7843,3990,3991,3568,238,0,46,0,736,8,4,4,8
23,-1,epi,0,0,0,0,0,0,0,0,5787,0,0,0,0,0,0
24,-2,pre,217,0,0,0,0,0,0,0,0,0,0,0,0,0,0
24,0,dense,1444,46,0,0,0,0,0,0,0,0,0,0,0,0,0
24,1,moe,816,242,14724,9928,9929,4444,294,0,57,0,731,8,3,5,8
24,2,moe,719,34,11087,6281,6282,4457,296,0,52,0,730,8,3,5,8
24,3,moe,640,32,3495,1577,1577,1771,119,0,28,0,738,8,6,2,8
24,4,moe,719,31,7807,4384,4384,3140,197,0,86,0,611,8,4,4,8
24,5,moe,785,34,6763,2586,2586,3864,266,1,46,0,606,8,3,5,8
24,6,moe,726,39,8903,2901,2902,5515,365,0,121,0,781,8,2,6,8
24,7,moe,657,35,5512,2048,2048,3176,207,0,81,0,623,8,4,4,8
24,8,moe,730,36,8654,2899,2899,5343,348,0,64,0,624,8,1,7,8
24,9,moe,824,44,12142,5318,5318,6311,402,0,111,0,741,8,1,7,8
24,10,moe,725,39,4391,1817,1817,2353,148,0,73,0,625,8,5,3,8
24,11,moe,654,36,9328,4407,4407,4568,295,0,58,0,622,8,2,6,8
24,12,moe,723,36,17247,7116,7116,9699,340,0,92,0,717,8,2,6,8
24,13,moe,805,36,7731,2715,2715,4634,293,0,89,0,614,8,2,6,8
24,14,moe,724,33,10211,5288,5288,4573,294,0,56,0,609,8,2,6,8
24,15,moe,638,37,13068,6259,6259,6307,396,0,106,0,739,8,1,7,8
24,16,moe,717,34,11437,4770,4771,6170,392,0,104,0,613,8,0,8,8
24,17,moe,786,36,5393,2100,2100,3054,197,0,42,0,616,8,4,4,8
24,18,moe,731,38,10578,5691,5691,4529,283,0,75,0,723,8,3,5,8
24,19,moe,636,36,7327,3918,3918,3133,198,0,78,0,607,8,4,4,8
24,20,moe,725,35,9100,4172,4172,4569,293,0,66,0,612,8,2,6,8
24,21,moe,790,34,8286,3386,3386,4543,281,0,76,0,733,8,3,5,8
24,22,moe,788,34,8881,4656,4656,3890,244,0,91,0,613,8,3,5,8
24,23,moe,643,32,9016,4133,4133,4525,282,0,76,0,743,8,3,5,8
24,24,moe,794,33,5809,2005,2005,3537,226,0,41,0,729,8,4,4,8
24,25,moe,808,34,2505,604,604,1762,113,0,26,0,730,8,6,2,8
24,26,moe,644,32,14362,7671,7671,6221,398,0,72,0,730,8,1,7,8
24,-1,epi,0,0,0,0,0,0,0,0,5743,0,0,0,0,0,0
25,-2,pre,213,0,0,0,0,0,0,0,0,0,0,0,0,0,0
25,0,dense,1451,39,0,0,0,0,0,0,0,0,0,0,0,0,0
25,1,moe,822,34,10,0,0,0,0,0,10,0,752,8,8,0,8
25,2,moe,740,34,1286,324,324,884,60,0,18,0,748,8,7,1,8
25,3,moe,676,38,6791,3928,3928,2654,170,0,39,0,735,8,5,3,8
25,4,moe,739,35,2750,1171,1171,1464,52,0,63,0,617,8,7,1,8
25,5,moe,808,35,9,0,0,0,0,0,9,0,617,8,8,0,8
25,6,moe,722,35,2365,1265,1266,998,57,0,44,0,734,8,7,1,8
25,7,moe,644,35,2805,1249,1249,1453,52,0,51,0,617,8,7,1,8
25,8,moe,733,35,4273,1377,1377,2765,101,0,30,0,620,8,6,2,8
25,9,moe,793,35,1447,330,330,1011,59,0,47,0,738,8,7,1,8
25,10,moe,724,33,5983,3398,3398,2371,145,0,69,0,618,8,5,3,8
25,11,moe,630,32,8,0,0,0,0,0,8,0,612,8,8,0,8
25,12,moe,724,33,8,0,1,0,0,0,7,0,730,8,8,0,8
25,13,moe,803,37,1982,1148,1148,766,49,0,19,0,628,8,7,1,8
25,14,moe,728,32,3090,1445,1445,1518,100,0,27,0,626,8,6,2,8
25,15,moe,638,33,5023,2016,2016,2776,168,0,63,0,748,8,5,3,8
25,16,moe,728,33,3173,1392,1392,1626,99,0,56,0,639,8,6,2,8
25,17,moe,815,36,5635,3145,3145,2307,145,0,38,0,625,8,5,3,8
25,18,moe,728,36,4397,2345,2345,1880,113,0,59,0,737,8,6,2,8
25,19,moe,635,32,5918,3346,3346,2354,153,0,65,0,618,8,5,3,8
25,20,moe,721,35,1970,1127,1127,772,52,0,19,0,625,8,7,1,8
25,21,moe,796,33,6581,3579,3579,2772,170,0,60,0,740,8,5,3,8
25,22,moe,789,34,2025,1100,1100,830,49,0,46,0,621,8,7,1,8
25,23,moe,639,31,2342,1250,1250,999,57,0,36,0,736,8,7,1,8
25,24,moe,796,34,3094,1179,1179,1779,112,0,24,0,743,8,6,2,8
25,25,moe,800,33,1283,322,322,887,57,0,17,0,743,8,7,1,8
25,26,moe,655,32,1290,319,320,897,56,0,17,0,743,8,7,1,8
25,-1,epi,0,0,0,0,0,0,0,0,5916,0,0,0,0,0,0
26,-2,pre,221,0,0,0,0,0,0,0,0,0,0,0,0,0,0
26,0,dense,1474,37,0,0,0,0,0,0,0,0,0,0,0,0,0
26,1,moe,832,37,5963,923,924,4828,175,0,36,0,749,8,5,3,8
26,2,moe,746,34,6505,3625,3626,2674,171,0,34,0,740,8,5,3,8
26,3,moe,642,34,2621,637,637,1830,118,0,36,0,748,8,6,2,8
26,4,moe,743,36,2810,1206,1206,1494,51,0,59,0,628,8,7,1,8
26,5,moe,815,36,9,0,1,0,0,0,8,0,644,8,8,0,8
26,6,moe,748,37,3022,1229,1229,1687,59,0,47,0,737,8,7,1,8
26,7,moe,631,33,9,0,0,0,0,0,9,0,618,8,8,0,8
26,8,moe,740,34,2217,1302,1302,814,51,0,50,0,626,8,7,1,8
26,9,moe,819,39,9,0,0,0,0,0,9,0,751,8,8,0,8
26,10,moe,742,34,5173,2274,2274,2768,104,0,27,0,623,8,6,2,8
26,11,moe,638,32,3026,1363,1363,1528,99,0,36,0,626,8,6,2,8
26,12,moe,735,50,2316,1217,1217,992,58,0,49,0,748,8,7,1,8
26,13,moe,800,35,4039,2198,2198,1611,98,0,132,0,621,8,6,2,8
26,14,moe,737,36,5749,3260,3261,2297,150,0,41,0,644,8,5,3,8
26,15,moe,653,35,8039,2818,2819,4982,171,0,67,0,750,8,5,3,8
26,16,moe,734,38,3434,814,814,2401,151,0,68,0,623,8,5,3,8
26,17,moe,813,38,1989,1158,1158,761,52,0,18,0,630,8,7,1,8
26,18,moe,739,40,4898,1911,1911,2757,170,0,60,0,737,8,5,3,8
26,19,moe,647,33,6826,3456,3457,3101,196,0,72,0,615,8,4,4,8
26,20,moe,728,34,3311,1648,1648,1536,99,0,28,0,640,8,6,2,8
26,21,moe,797,36,3576,1536,1536,1873,114,0,53,0,736,8,6,2,8
26,22,moe,794,33,4534,1951,1951,2368,144,0,71,0,626,8,5,3,8
26,23,moe,648,37,9,0,0,0,0,0,9,0,734,8,8,0,8
26,24,moe,802,38,7689,2779,2779,4537,288,0,85,0,746,8,3,5,8
26,25,moe,801,34,1260,295,295,889,59,0,17,0,741,8,7,1,8
26,26,moe,645,36,7994,2964,2964,4824,173,0,33,0,736,8,5,3,8
26,-1,epi,0,0,0,0,0,0,0,0,5849,0,0,0,0,0,0
27,-2,pre,2128,0,0,0,0,0,0,0,0,0,0,0,0,0,0
27,0,dense,1449,38,0,0,0,0,0,0,0,0,0,0,0,0,0
27,1,moe,822,35,11294,6483,6483,4474,289,0,48,0,742,8,3,5,8
27,2,moe,724,35,7959,4055,4055,3607,252,0,45,0,789,8,4,4,8
27,3,moe,668,38,17811,6780,6780,10548,412,0,71,0,754,8,1,7,8
27,4,moe,735,39,6314,2888,2888,3129,202,0,95,0,627,8,4,4,8
27,5,moe,802,38,7290,3981,3981,3060,201,0,48,0,625,8,4,4,8
27,6,moe,727,36,4445,2370,2371,1896,116,0,62,0,742,8,6,2,8
27,7,moe,639,41,3988,2234,2234,1594,98,0,62,0,613,8,6,2,8
27,8,moe,728,34,2138,1304,1304,762,50,0,22,0,621,8,7,1,8
27,9,moe,800,35,6685,3680,3680,2766,171,0,68,0,736,8,5,3,8
27,10,moe,730,37,7013,3616,3616,3118,199,0,80,0,622,8,4,4,8
27,11,moe,634,33,6879,3581,3581,3057,198,0,43,0,617,8,4,4,8
27,12,moe,724,33,3581,1529,1529,1882,115,0,55,0,736,8,6,2,8
27,13,moe,794,34,6998,3597,3597,3134,195,0,72,0,623,8,4,4,8
27,14,moe,722,34,9311,5161,5161,3829,244,0,77,0,619,8,3,5,8
27,15,moe,643,32,14345,6592,6592,7195,452,0,106,0,742,8,0,8,8
27,16,moe,724,33,8256,4071,4072,3857,248,0,79,0,618,8,3,5,8
27,17,moe,794,36,4227,1765,1765,2277,149,0,36,0,611,8,5,3,8
27,18,moe,735,38,12899,6095,6095,6319,392,0,93,0,737,8,1,7,8
27,19,moe,639,38,9205,4984,4984,3884,247,0,90,0,616,8,3,5,8
27,20,moe,722,34,5354,2055,2055,3051,196,0,52,0,615,8,4,4,8
27,21,moe,803,34,10108,3186,3186,6618,229,1,74,0,729,8,4,4,8
27,22,moe,796,34,8639,2761,2761,5606,198,0,74,0,608,8,4,4,8
27,23,moe,641,35,3636,1587,1588,1881,114,0,53,0,730,8,6,2,8
27,24,moe,788,33,8630,2930,2932,5300,342,0,56,0,737,8,2,6,8
27,25,moe,793,32,6725,1971,1971,4419,286,0,49,0,738,8,3,5,8
27,26,moe,645,32,9731,4024,4025,5306,338,0,62,0,732,8,2,6,8
27,-1,epi,0,0,0,0,0,0,0,0,5786,0,0,0,0,0,0
28,-2,pre,213,0,0,0,0,0,0,0,0,0,0,0,0,0,0
28,0,dense,1447,36,0,0,0,0,0,0,0,0,0,0,0,0,0
28,1,moe,815,34,12290,6555,6556,5330,345,0,59,0,735,8,2,6,8
28,2,moe,721,77,9962,5184,5184,4446,286,0,46,0,730,8,3,5,8
28,3,moe,625,34,12489,5820,5820,6205,398,0,66,0,735,8,1,7,8
28,4,moe,717,35,3957,2173,2174,1617,98,0,68,0,608,8,6,2,8
28,5,moe,795,36,7712,4414,4414,3062,195,0,41,0,616,8,4,4,8
28,6,moe,726,36,5709,2713,2714,2758,171,0,66,0,740,8,5,3,8
28,7,moe,635,33,6932,3523,3523,3137,196,0,76,0,613,8,4,4,8
28,8,moe,721,33,5018,2544,2545,2290,150,0,33,0,619,8,5,3,8
28,9,moe,802,33,10779,5903,5903,4517,285,0,74,0,730,8,3,5,8
28,10,moe,720,34,9741,5532,5532,3880,246,0,83,0,615,8,3,5,8
28,11,moe,634,33,4107,1630,1630,2292,148,0,37,0,609,8,5,3,8
28,12,moe,720,33,2355,1259,1259,994,57,0,45,0,731,8,7,1,8
28,13,moe,793,34,6963,3562,3563,3119,196,0,85,0,622,8,4,4,8
28,14,moe,727,32,8628,2854,2854,5533,200,0,41,0,611,8,4,4,8
28,15,moe,651,34,8789,3597,3597,4949,174,0,69,0,734,8,5,3,8
28,16,moe,728,36,10259,5238,5238,4640,294,0,87,0,607,8,2,6,8
28,17,moe,784,35,7688,4402,4402,3041,198,0,47,0,610,8,4,4,8
28,18,moe,720,34,4907,1898,1899,2776,171,0,61,0,730,8,5,3,8
28,19,moe,633,32,7710,4320,4320,3124,197,0,69,0,601,8,4,4,8
28,20,moe,5933,34,5626,3153,3153,2280,155,0,38,0,614,8,5,3,8
28,21,moe,791,37,5782,2761,2761,2786,170,0,65,0,728,8,5,3,8
28,22,moe,794,33,6160,2764,2765,3113,201,0,81,0,617,8,4,4,8
28,23,moe,629,36,4468,2413,2413,1877,116,0,62,0,733,8,6,2,8
28,24,moe,802,35,8751,3689,3689,4850,174,0,38,0,732,8,5,3,8
28,25,moe,799,41,5518,2643,2643,2667,168,0,40,0,744,8,5,3,8
28,26,moe,648,34,6645,3784,3784,2657,168,0,36,0,729,8,5,3,8
28,-1,epi,0,0,0,0,0,0,0,0,5785,0,0,0,0,0,0
29,-2,pre,232,0,0,0,0,0,0,0,0,0,0,0,0,0,0
29,0,dense,1445,39,0,0,0,0,0,0,0,0,0,0,0,0,0
29,1,moe,816,35,7542,3713,3713,3551,230,0,48,0,748,8,4,4,8
29,2,moe,743,36,9083,4271,4271,4475,287,0,50,0,741,8,3,5,8
29,3,moe,651,34,8885,5051,5051,3565,227,0,42,0,730,8,4,4,8
29,4,moe,720,33,5966,3383,3383,2354,147,0,82,0,615,8,5,3,8
29,5,moe,802,35,5763,3290,3290,2285,147,0,41,0,616,8,5,3,8
29,6,moe,727,33,13665,7687,7687,5505,368,0,105,0,786,8,2,6,8
29,7,moe,678,34,8017,3528,3528,4258,148,0,83,0,621,8,5,3,8
29,8,moe,759,38,12681,5461,5461,6913,246,0,61,0,612,8,3,5,8
29,9,moe,817,38,5044,1513,1513,3354,114,0,63,0,727,8,6,2,8
29,10,moe,745,36,5074,2495,2495,2358,146,3,72,0,617,8,5,3,8
29,11,moe,644,33,4988,2505,2505,2295,147,0,41,0,622,8,5,3,8
29,12,moe,729,36,2326,1215,1215,1005,58,0,48,0,735,8,7,1,8
29,13,moe,795,34,5353,2740,2742,2391,148,0,72,0,619,8,5,3,8
29,14,moe,722,35,3291,824,825,2279,147,0,40,0,622,8,5,3,8
29,15,moe,640,39,3575,1539,1539,1865,112,1,58,0,746,8,6,2,8
29,16,moe,741,34,4800,2218,2219,2360,152,0,69,0,615,8,5,3,8
29,17,moe,796,37,6098,2784,2784,3077,197,0,40,0,617,8,4,4,8
29,18,moe,725,34,7656,3683,3683,3669,229,0,75,0,731,8,4,4,8
29,19,moe,644,44,6008,3436,3436,2359,150,0,63,0,610,8,5,3,8
29,20,moe,724,34,5223,2752,2753,2286,150,0,34,0,614,8,5,3,8
29,21,moe,792,35,6958,2970,2970,3675,229,0,84,0,737,8,4,4,8
29,22,moe,793,40,3956,2210,2210,1591,97,0,58,0,614,8,6,2,8
29,23,moe,640,33,9966,5079,5080,4522,282,0,82,0,736,8,3,5,8
29,24,moe,789,34,7663,3845,3845,3540,224,0,54,0,734,8,4,4,8
29,25,moe,792,33,7943,4121,4121,3551,221,0,50,0,734,8,4,4,8
29,26,moe,642,35,9146,4401,4401,4417,282,0,46,0,743,8,3,5,8
29,-1,epi,0,0,0,0,0,0,0,0,5779,0,0,0,0,0,0
30,-2,pre,1148,0,0,0,0,0,0,0,0,0,0,0,0,0,0
30,0,dense,1448,40,0,0,0,0,0,0,0,0,0,0,0,0,0
30,1,moe,822,37,12751,7042,7042,5313,338,0,58,0,741,8,2,6,8
30,2,moe,724,34,6407,3546,3546,2654,170,0,37,0,737,8,5,3,8
30,3,moe,640,36,11209,5487,5487,5320,337,0,65,0,736,8,2,6,8
30,4,moe,726,34,6214,2806,2807,3126,199,0,82,0,614,8,4,4,8
30,5,moe,801,34,2179,539,539,1515,101,0,24,0,618,8,6,2,8
30,6,moe,727,38,2347,1211,1211,1028,57,0,51,0,731,8,7,1,8
30,7,moe,637,37,5147,2562,2563,2369,148,0,67,0,617,8,5,3,8
30,8,moe,727,35,4376,1498,1498,2754,98,0,26,0,610,8,6,2,8
30,9,moe,816,33,6149,944,945,4973,168,0,63,0,726,8,5,3,8
30,10,moe,747,33,11442,2724,2724,8337,294,0,87,0,612,8,2,6,8
30,11,moe,636,35,5037,2576,2576,2281,148,0,32,0,618,8,5,3,8
30,12,moe,734,35,10057,5158,5158,4534,282,0,83,0,729,8,3,5,8
30,13,moe,791,33,5637,2242,2242,3123,199,0,73,0,649,8,4,4,8
30,14,moe,722,32,6464,2366,2366,3808,245,0,45,0,619,8,3,5,8
30,15,moe,629,33,6329,2366,2366,3663,225,1,74,0,737,8,4,4,8
30,16,moe,727,33,9686,3797,3797,5611,200,0,78,0,602,8,4,4,8
30,17,moe,786,33,7193,3103,3103,3799,244,0,47,0,611,8,3,5,8
30,18,moe,720,33,11653,4841,4841,6317,396,0,99,0,728,8,1,7,8
30,19,moe,630,32,11533,6546,6546,4611,295,0,81,0,607,8,2,6,8
30,20,moe,725,40,11213,5476,5476,5332,342,0,63,0,619,8,1,7,8
30,21,moe,796,37,8558,3648,3649,4541,282,0,86,0,731,8,3,5,8
30,22,moe,789,36,9075,4052,4052,4631,296,0,96,0,614,8,2,6,8
30,23,moe,633,34,9259,4372,4372,4522,279,0,86,0,732,8,3,5,8
30,24,moe,792,37,11560,4885,4886,6217,393,0,64,0,734,8,1,7,8
30,25,moe,784,37,8450,3690,3690,4430,279,0,51,0,728,8,3,5,8
30,26,moe,641,38,17667,6661,6661,10540,400,0,66,0,725,8,1,7,8
30,-1,epi,0,0,0,0,0,0,0,0,5717,0,0,0,0,0,0
31,-2,pre,215,0,0,0,0,0,0,0,0,0,0,0,0,0,0
31,0,dense,1442,42,0,0,0,0,0,0,0,0,0,0,0,0,0
31,1,moe,820,37,14889,8213,8213,6219,397,0,60,0,739,8,1,7,8
31,2,moe,736,37,19408,9135,9135,9730,337,0,206,0,765,8,2,6,8
31,3,moe,647,36,13731,7029,7029,6237,398,0,67,0,728,8,1,7,8
31,4,moe,718,37,9516,3584,3585,5643,202,0,86,0,601,8,4,4,8
31,5,moe,799,37,6148,1813,1813,4152,150,0,33,0,601,8,5,3,8
31,6,moe,730,36,11083,4044,4044,6705,257,0,77,0,784,8,4,4,8
31,7,moe,658,43,9550,3552,3553,5680,214,0,103,0,620,8,4,4,8
31,8,moe,732,55,10236,4465,4465,5520,201,0,50,0,611,8,4,4,8
31,9,moe,802,39,12182,3603,3603,8190,280,0,109,0,726,8,3,5,8
31,10,moe,720,35,8155,3919,3919,3892,246,0,98,0,630,8,3,5,8
31,11,moe,638,37,10297,4560,4560,5322,343,0,72,0,609,8,1,7,8
31,12,moe,718,36,6524,3526,3526,2754,175,0,69,0,722,8,5,3,8
31,13,moe,792,35,8838,4609,4609,3895,244,0,90,0,607,8,3,5,8
31,14,moe,739,36,6209,2931,2931,3035,196,0,47,0,609,8,4,4,8
31,15,moe,642,38,12132,6268,6268,5437,336,0,91,0,736,8,2,6,8
31,16,moe,716,36,9801,3143,3144,6160,393,0,104,0,614,8,0,8,8
31,17,moe,804,39,11943,6193,6194,5335,352,0,62,0,611,8,1,7,8
31,18,moe,712,34,16294,5271,5271,10523,401,0,99,0,723,8,1,7,8
31,19,moe,646,36,10814,5767,5768,4653,296,0,97,0,609,8,2,6,8
31,20,moe,714,36,8262,4138,4138,3825,253,0,46,0,602,8,3,5,8
31,21,moe,795,39,9224,2307,2307,6614,225,0,78,0,718,8,4,4,8
31,22,moe,788,35,10456,3123,3123,7003,244,0,86,0,610,8,3,5,8
31,23,moe,641,34,11687,5855,5855,5411,339,0,82,0,726,8,2,6,8
31,24,moe,783,39,12209,4597,4597,7082,449,0,81,0,730,8,0,8,8
31,25,moe,785,38,12950,6262,6263,6227,395,0,65,0,730,8,1,7,8
31,26,moe,631,34,11764,5117,5117,6192,392,0,63,0,726,8,1,7,8
31,-1,epi,0,0,0,0,0,0,0,0,5694,0,0,0,0,0,0
32,-2,pre,72,0,0,0,0,0,0,0,0,0,0,0,0,0,0
32,0,dense,1437,40,0,0,0,0,0,0,0,0,0,0,0,0,0
32,1,moe,816,35,12710,4293,4293,8081,285,0,51,0,724,8,3,5,8
32,2,moe,752,38,5681,2811,2811,2657,173,0,40,0,728,8,5,3,8
32,3,moe,643,35,10615,4873,4873,5324,342,0,76,0,731,8,2,6,8
32,4,moe,720,34,8703,2794,2795,5616,198,0,94,0,620,8,4,4,8
32,5,moe,789,34,5997,1634,1634,4165,148,0,50,0,612,8,5,3,8
32,6,moe,724,36,5351,1883,1884,3295,113,0,59,0,719,8,6,2,8
32,7,moe,635,36,7735,3301,3301,4208,152,0,74,0,596,8,5,3,8
32,8,moe,731,37,5018,2516,2516,2307,153,0,42,0,606,8,5,3,8
32,9,moe,790,37,7219,2015,2015,4951,171,0,82,0,731,8,5,3,8
32,10,moe,725,35,9007,3080,3080,5648,200,0,79,0,594,8,4,4,8
32,11,moe,639,34,7187,3075,3075,3807,248,0,57,0,610,8,3,5,8
32,12,moe,719,34,7270,3304,3304,3654,224,0,88,0,728,8,4,4,8
32,13,moe,783,34,6073,3501,3501,2354,148,0,70,0,606,8,5,3,8
32,14,moe,724,34,4936,2477,2477,2279,147,0,33,0,619,8,5,3,8
32,15,moe,639,33,7088,3137,3137,3648,226,0,77,0,734,8,4,4,8
32,16,moe,720,32,7330,3109,3109,3880,248,0,93,0,611,8,3,5,8
32,17,moe,789,39,7242,3129,3129,3811,250,0,52,0,616,8,3,5,8
32,18,moe,729,36,10654,4741,4741,5468,346,0,99,0,731,8,2,6,8
32,19,moe,639,36,12302,7261,7261,4651,295,0,95,0,625,8,2,6,8
32,20,moe,717,35,5778,3317,3317,2280,147,0,34,0,602,8,5,3,8
32,21,moe,787,35,10048,5134,5134,4544,286,0,84,0,729,8,3,5,8
32,22,moe,785,32,10158,4966,4966,4786,298,0,108,0,607,8,2,6,8
32,23,moe,635,34,8863,4885,4886,3675,225,0,77,0,725,8,4,4,8
32,24,moe,794,38,11956,1849,1849,9707,335,0,65,0,720,8,2,6,8
32,25,moe,795,36,8377,3590,3590,4447,287,0,53,0,729,8,3,5,8
32,26,moe,638,37,7929,4115,4115,3543,227,0,44,0,725,8,4,4,8
32,-1,epi,0,0,0,0,0,0,0,0,5720,0,0,0,0,0,0
33,-2,pre,1102,0,0,0,0,0,0,0,0,0,0,0,0,0,0
33,0,dense,1434,39,0,0,0,0,0,0,0,0,0,0,0,0,0
33,1,moe,817,37,14570,6142,6142,8078,298,1,51,0,803,8,3,5,8
33,2,moe,689,44,6639,3701,3701,2706,189,0,43,0,789,8,5,3,8
33,3,moe,670,57,4584,2569,2569,1839,139,0,37,0,770,8,6,2,8
33,4,moe,728,37,5307,2272,2272,2851,102,3,79,0,613,8,6,2,8
33,5,moe,800,38,4298,1400,1401,2771,98,0,28,0,604,8,6,2,8
33,6,moe,719,34,6765,3724,3724,2782,173,0,86,0,731,8,5,3,8
33,7,moe,642,33,1215,276,276,837,49,0,53,0,622,8,7,1,8
33,8,moe,723,35,5024,2539,2539,2288,151,0,46,0,611,8,5,3,8
33,9,moe,794,35,3583,1539,1540,1873,111,0,59,0,741,8,6,2,8
33,10,moe,728,32,6938,3533,3533,3129,195,0,81,0,613,8,4,4,8
33,11,moe,641,33,4259,1803,1803,2278,146,0,32,0,617,8,5,3,8
33,12,moe,727,34,7976,3993,3993,3679,228,0,76,0,733,8,4,4,8
33,13,moe,794,35,2267,526,527,1585,99,1,55,0,616,8,6,2,8
33,14,moe,731,41,6356,3081,3081,3038,197,0,40,0,613,8,4,4,8
33,15,moe,636,33,5204,1249,1249,3661,225,0,69,0,742,8,4,4,8
33,16,moe,723,33,4349,1777,1778,2352,151,0,68,0,625,8,5,3,8
33,17,moe,804,38,5380,2089,2089,3047,200,0,44,0,614,8,4,4,8
33,18,moe,727,38,7562,2366,2366,4960,171,0,65,0,728,8,5,3,8
33,19,moe,640,33,5137,2563,2563,2350,152,0,72,0,610,8,5,3,8
33,20,moe,721,37,11283,5547,5548,5332,339,0,64,0,608,8,1,7,8
33,21,moe,785,34,8371,3463,3463,4534,280,0,94,0,729,8,3,5,8
33,22,moe,789,33,3363,788,788,2354,147,0,74,0,617,8,5,3,8
33,23,moe,640,34,6089,2475,2475,3374,114,0,126,0,723,8,6,2,8
33,24,moe,795,38,1296,312,313,899,61,0,23,0,740,8,7,1,8
33,25,moe,811,37,4980,1625,1625,3211,113,0,31,0,724,8,6,2,8
33,26,moe,655,34,9,0,0,0,0,0,9,0,737,8,8,0,8
33,-1,epi,0,0,0,0,0,0,0,0,5823,0,0,0,0,0,0
34,-2,pre,219,0,0,0,0,0,0,0,0,0,0,0,0,0,0
34,0,dense,1463,37,0,0,0,0,0,0,0,0,0,0,0,0,0
34,1,moe,815,35,7440,2656,2656,4438,290,0,56,0,745,8,3,5,8
34,2,moe,733,35,9099,2351,2352,6469,229,0,49,0,740,8,4,4,8
34,3,moe,637,33,9390,2678,2679,6439,225,0,47,0,742,8,4,4,8
34,4,moe,725,34,6223,1742,1742,4244,150,0,87,0,609,8,5,3,8
34,5,moe,813,36,4007,2347,2347,1527,100,0,33,0,611,8,6,2,8
34,6,moe,723,33,7216,1992,1992,4985,166,0,73,0,724,8,5,3,8
34,7,moe,629,35,4311,1732,1732,2360,150,0,69,0,614,8,5,3,8
34,8,moe,744,37,1713,269,269,1373,50,0,21,0,628,8,7,1,8
34,9,moe,798,37,9,0,0,0,0,0,9,0,739,8,8,0,8
34,10,moe,728,34,2186,535,535,1519,97,1,34,0,622,8,6,2,8
34,11,moe,654,37,7949,2173,2173,5526,200,1,49,0,607,8,4,4,8
34,12,moe,746,38,6944,1997,1997,4560,289,0,98,0,739,8,3,5,8
34,13,moe,804,35,1826,270,270,1453,51,1,51,0,620,8,7,1,8
34,14,moe,735,36,8690,2936,2936,5515,194,0,45,0,611,8,4,4,8
34,15,moe,627,31,7177,2025,2025,4909,173,0,70,0,728,8,5,3,8
34,16,moe,731,51,8930,3067,3067,5587,195,0,81,0,602,8,4,4,8
34,17,moe,791,37,7978,3865,3865,3814,243,0,56,0,611,8,3,5,8
34,18,moe,719,35,7747,2796,2796,4566,281,0,104,0,730,8,3,5,8
34,19,moe,646,33,7191,3788,3788,3119,202,0,82,0,606,8,4,4,8
34,20,moe,722,34,7229,2880,2880,4159,150,0,40,0,601,8,5,3,8
34,21,moe,799,35,9876,3021,3021,6539,228,0,88,0,723,8,4,4,8
34,22,moe,787,33,6255,2848,2848,3123,199,0,85,0,610,8,4,4,8
34,23,moe,640,32,4441,2359,2359,1906,117,0,59,0,726,8,6,2,8
34,24,moe,793,37,8329,3553,3553,4439,285,0,52,0,735,8,3,5,8
34,25,moe,787,35,5616,2760,2760,2651,168,0,37,0,734,8,5,3,8
34,26,moe,643,32,6863,3050,3050,3542,223,0,48,0,731,8,4,4,8
34,-1,epi,0,0,0,0,0,0,0,0,5765,0,0,0,0,0,0
35,-2,pre,205,0,0,0,0,0,0,0,0,0,0,0,0,0,0
35,0,dense,1435,36,0,0,0,0,0,0,0,0,0,0,0,0,0
35,1,moe,816,33,11935,3508,3508,8081,285,0,61,0,740,8,3,5,8
35,2,moe,728,33,8277,4419,4420,3563,228,0,66,0,733,8,4,4,8
35,3,moe,645,34,6402,3529,3530,2665,173,0,34,0,735,8,5,3,8
35,4,moe,720,33,5150,2534,2534,2380,151,0,85,0,626,8,5,3,8
35,5,moe,796,39,4400,1506,1506,2765,101,0,28,0,614,8,6,2,8
35,6,moe,755,34,2358,1243,1243,1002,58,0,55,0,728,8,7,1,8
35,7,moe,649,32,2291,537,537,1598,98,0,58,0,619,8,6,2,8
35,8,moe,727,37,3425,527,527,2754,100,0,44,0,620,8,6,2,8
35,9,moe,794,34,5822,2819,2819,2771,167,0,65,0,731,8,5,3,8
35,10,moe,723,36,7711,4307,4307,3122,199,0,83,0,609,8,4,4,8
35,11,moe,633,31,3869,2215,2215,1527,101,0,26,0,616,8,6,2,8
35,12,moe,721,34,9265,2331,2331,6636,226,0,72,0,723,8,4,4,8
35,13,moe,793,33,4472,1406,1406,2887,102,0,77,0,609,8,6,2,8
35,14,moe,736,34,10475,3280,3280,6898,243,0,54,0,609,8,3,5,8
35,15,moe,643,32,7143,1909,1909,4994,172,0,68,0,733,8,5,3,8
35,16,moe,735,37,6948,2494,2495,4235,151,1,66,0,606,8,5,3,8
35,17,moe,797,34,8767,3007,3008,5517,202,0,40,0,605,8,4,4,8
35,18,moe,732,34,9504,2447,2447,6717,251,0,89,0,785,8,4,4,8
35,19,moe,659,41,9890,3872,3872,5711,208,0,99,0,620,8,4,4,8
35,20,moe,726,38,11672,4430,4431,6936,249,0,56,0,608,8,3,5,8
35,21,moe,797,37,4193,641,641,3367,115,0,70,0,727,8,6,2,8
35,22,moe,812,37,7213,3011,3011,3863,247,0,92,0,609,8,3,5,8
35,23,moe,646,29,10031,5134,5134,4539,283,0,75,0,731,8,3,5,8
35,24,moe,786,30,6464,3602,3602,2658,168,0,36,0,730,8,5,3,8
35,25,moe,810,35,10872,7055,7055,3543,228,0,46,0,730,8,4,4,8
35,26,moe,632,33,15506,7896,7896,7089,449,0,72,0,731,8,0,8,8
35,-1,epi,0,0,0,0,0,0,0,0,5712,0,0,0,0,0,0
36,-2,pre,211,0,0,0,0,0,0,0,0,0,0,0,0,0,0
36,0,dense,1447,38,0,0,0,0,0,0,0,0,0,0,0,0,0
36,1,moe,816,34,16215,5215,5215,10538,395,0,67,0,733,8,1,7,8
36,2,moe,729,38,2185,1219,1219,885,60,0,21,0,732,8,7,1,8
36,3,moe,653,34,7738,3923,3924,3546,226,0,42,0,729,8,4,4,8
36,4,moe,714,33,3216,1443,1443,1602,101,0,70,0,639,8,6,2,8
36,5,moe,790,32,3858,2202,2202,1523,97,0,36,0,605,8,6,2,8
36,6,moe,722,32,3575,1489,1489,1904,115,0,67,0,732,8,6,2,8
36,7,moe,637,32,5995,2594,2595,3123,195,0,82,0,616,8,4,4,8
36,8,moe,718,33,9,0,0,0,0,0,9,0,607,8,8,0,8
36,9,moe,794,32,5952,2406,2407,3366,116,0,63,0,731,8,6,2,8
36,10,moe,734,33,5204,2174,2174,2867,99,1,63,0,616,8,6,2,8
36,11,moe,643,36,1731,288,288,1376,51,0,16,0,610,8,7,1,8
36,12,moe,735,36,7871,3907,3907,3654,228,1,81,0,728,8,4,4,8
36,13,moe,791,33,3089,1340,1341,1589,98,0,61,0,614,8,6,2,8
36,14,moe,725,33,5847,3372,3373,2279,151,0,44,0,614,8,5,3,8
36,15,moe,644,35,5765,2765,2765,2768,168,0,64,0,742,8,5,3,8
36,16,moe,723,35,4382,1814,1815,2354,146,0,67,0,619,8,5,3,8
36,17,moe,807,34,7309,3208,3208,3799,253,0,49,0,624,8,3,5,8
36,18,moe,721,34,5722,2728,2728,2758,169,0,67,0,733,8,5,3,8
36,19,moe,675,31,7871,4489,4489,3104,197,0,81,0,619,8,4,4,8
36,20,moe,724,32,7706,4413,4413,3055,197,0,41,0,612,8,4,4,8
36,21,moe,793,43,7023,3081,3081,3642,227,0,73,0,730,8,4,4,8
36,22,moe,785,34,9633,5458,5458,3847,242,0,86,0,614,8,3,5,8
36,23,moe,632,32,8701,4725,4725,3674,227,0,75,0,731,8,4,4,8
36,24,moe,790,33,7705,3886,3886,3550,227,0,42,0,729,8,4,4,8
36,25,moe,791,33,9907,5114,5114,4453,284,0,56,0,730,8,3,5,8
36,26,moe,648,37,4679,1817,1819,2655,169,0,36,0,730,8,5,3,8
36,-1,epi,0,0,0,0,0,0,0,0,5778,0,0,0,0,0,0
37,-2,pre,218,0,0,0,0,0,0,0,0,0,0,0,0,0,0
37,0,dense,1450,41,0,0,0,0,0,0,0,0,0,0,0,0,0
37,1,moe,826,34,6245,2418,2418,3550,230,0,47,0,740,8,4,4,8
37,2,moe,732,33,5749,2887,2887,2654,174,0,34,0,736,8,5,3,8
37,3,moe,646,33,5635,2757,2757,2665,173,0,40,0,732,8,5,3,8
37,4,moe,729,39,6142,2733,2733,3124,196,0,89,0,617,8,4,4,8
37,5,moe,794,33,7707,3369,3370,4149,149,0,39,0,617,8,5,3,8
37,6,moe,727,33,10,0,0,0,0,0,10,0,724,8,8,0,8
37,7,moe,651,32,5285,2381,2381,2773,102,0,29,0,609,8,6,2,8
37,8,moe,733,32,6266,3800,3800,2286,145,0,35,0,617,8,5,3,8
37,9,moe,793,33,3843,1786,1786,1878,115,0,64,0,732,8,6,2,8
37,10,moe,722,33,2135,1201,1201,832,49,0,53,0,615,8,7,1,8
37,11,moe,642,32,5992,2667,2667,3079,199,0,47,0,615,8,4,4,8
37,12,moe,721,33,10479,3556,3556,6625,223,0,75,0,726,8,4,4,8
37,13,moe,786,34,4416,1392,1392,2864,98,0,62,0,610,8,6,2,8
37,14,moe,719,37,4929,2460,2460,2286,147,0,36,0,613,8,5,3,8
37,15,moe,648,31,9939,2988,2988,6633,230,0,88,0,734,8,4,4,8
37,16,moe,730,36,7244,3824,3824,3147,195,0,78,0,611,8,4,4,8
37,17,moe,794,33,8739,4640,4640,3805,245,0,49,0,612,8,3,5,8
37,18,moe,719,34,3613,1558,1558,1879,115,0,61,0,732,8,6,2,8
37,19,moe,638,32,6215,2810,2810,3128,197,0,80,0,616,8,4,4,8
37,20,moe,727,33,1981,1145,1145,768,50,0,18,0,619,8,7,1,8
37,21,moe,792,40,3730,1652,1652,1906,113,0,59,0,738,8,6,2,8
37,22,moe,797,35,5220,2641,2642,2361,153,0,64,0,632,8,5,3,8
37,23,moe,634,32,8025,4055,4055,3665,225,0,80,0,733,8,4,4,8
37,24,moe,789,34,12923,7205,7205,5329,336,0,53,0,731,8,2,6,8
37,25,moe,796,37,14307,5910,5911,8058,288,0,50,0,726,8,3,5,8
37,26,moe,651,36,16436,6393,6394,9642,341,0,59,0,721,8,2,6,8
37,-1,epi,0,0,0,0,0,0,0,0,5591,0,0,0,0,0,0
38,-2,pre,236,0,0,0,0,0,0,0,0,0,0,0,0,0,0
38,0,dense,1424,45,0,0,0,0,0,0,0,0,0,0,0,0,0
38,1,moe,798,37,10917,4021,4021,6585,255,0,56,0,739,8,4,4,8
38,2,moe,737,36,12,0,0,0,0,0,12,0,757,8,8,0,8
38,3,moe,680,34,7950,2906,2906,4839,168,0,37,0,735,8,5,3,8
38,4,moe,724,36,2737,1125,1125,1495,49,0,68,0,615,8,7,1,8
38,5,moe,807,36,2615,1151,1152,1392,48,0,23,0,614,8,7,1,8
38,6,moe,736,37,3029,1166,1166,1752,56,0,55,0,736,8,7,1,8
38,7,moe,644,32,8,0,0,0,0,0,8,0,625,8,8,0,8
38,8,moe,740,34,4551,1490,1490,2896,97,0,68,0,615,8,6,2,8
38,9,moe,812,35,2207,341,341,1761,56,0,49,0,733,8,7,1,8
38,10,moe,741,38,2834,1283,1283,1447,50,0,54,0,623,8,7,1,8
38,11,moe,643,32,7566,3231,3231,4151,146,0,38,0,614,8,5,3,8
38,12,moe,730,36,10,0,0,0,0,0,10,0,728,8,8,0,8
38,13,moe,804,35,8,0,0,0,0,0,8,0,622,8,8,0,8
38,14,moe,727,33,2611,1156,1156,1385,50,0,20,0,616,8,7,1,8
38,15,moe,649,32,5799,2786,2786,2760,173,0,80,0,754,8,5,3,8
38,16,moe,733,34,7089,3686,3687,3110,202,0,90,0,622,8,4,4,8
38,17,moe,799,35,7830,2065,2065,5515,198,0,52,0,618,8,4,4,8
38,18,moe,736,34,10,0,0,0,0,0,10,0,731,8,8,0,8
38,19,moe,645,32,5296,2395,2395,2752,102,0,47,0,617,8,6,2,8
38,20,moe,744,34,5890,3415,3416,2281,153,0,40,0,619,8,5,3,8
38,21,moe,797,35,8148,4166,4166,3657,238,0,87,0,734,8,4,4,8
38,22,moe,862,35,8572,4100,4100,4246,147,0,79,0,606,8,5,3,8
38,23,moe,646,34,13881,5323,5323,8197,280,0,81,0,726,8,3,5,8
38,24,moe,789,32,10776,4027,4028,6476,229,0,43,0,729,8,4,4,8
38,25,moe,794,34,4942,1584,1584,3219,113,0,26,0,725,8,6,2,8
38,26,moe,659,35,10779,4063,4063,6450,225,0,41,0,723,8,4,4,8
38,-1,epi,0,0,0,0,0,0,0,0,5721,0,0,0,0,0,0
39,-2,pre,245,0,0,0,0,0,0,0,0,0,0,0,0,0,0
39,0,dense,1446,36,0,0,0,0,0,0,0,0,0,0,0,0,0
39,1,moe,831,37,6031,2671,2671,3214,112,0,34,0,733,8,6,2,8
39,2,moe,737,32,8802,4980,4980,3547,231,0,44,0,731,8,4,4,8
39,3,moe,632,31,10744,4028,4028,6447,227,0,42,0,730,8,4,4,8
39,4,moe,724,32,7952,4532,4532,3129,203,0,88,0,610,8,4,4,8
39,5,moe,791,36,1122,280,280,762,50,0,30,0,613,8,7,1,8
39,6,moe,722,35,1404,303,303,984,64,0,53,0,737,8,7,1,8
39,7,moe,647,33,7816,3399,3400,4201,146,0,69,0,607,8,5,3,8
39,8,moe,728,32,6847,2516,2516,4144,148,3,36,0,605,8,5,3,8
39,9,moe,803,33,13080,4498,4498,8205,284,0,93,0,730,8,3,5,8
39,10,moe,728,35,4525,1498,1498,2863,100,0,64,0,594,8,6,2,8
39,11,moe,646,33,9201,3443,3443,5514,199,0,45,0,605,8,4,4,8
39,12,moe,718,34,8866,3629,3630,4996,170,0,70,0,727,8,5,3,8
39,13,moe,798,36,5253,818,818,4210,152,1,72,0,607,8,5,3,8
39,14,moe,740,33,2656,1199,1199,1374,51,0,32,0,606,8,7,1,8
39,15,moe,645,30,11814,5933,5934,5444,341,0,95,0,736,8,2,6,8
39,16,moe,719,34,5868,3273,3273,2372,151,0,72,0,607,8,5,3,8
39,17,moe,788,34,9393,3630,3631,5523,195,0,44,0,612,8,4,4,8
39,18,moe,724,35,5393,1405,1405,3676,232,0,80,0,740,8,4,4,8
39,19,moe,643,36,11393,4012,4012,7038,248,0,95,0,602,8,3,5,8
39,20,moe,723,34,10083,4323,4323,5520,196,0,44,0,608,8,4,4,8
39,21,moe,7156,35,13177,4564,4564,8235,283,0,95,0,724,8,3,5,8
39,22,moe,791,35,11375,4024,4024,7021,244,0,86,0,606,8,3,5,8
39,23,moe,646,36,17494,7385,7385,9683,341,0,85,0,717,8,2,6,8
39,24,moe,788,35,15657,5636,5636,9612,344,0,65,0,720,8,2,6,8
39,25,moe,782,33,17415,6495,6495,10459,398,0,63,0,722,8,1,7,8
39,26,moe,641,35,10867,4126,4126,6468,231,0,42,0,716,8,4,4,8
39,-1,epi,0,0,0,0,0,0,0,0,5678,0,0,0,0,0,0
40,-2,pre,218,0,0,0,0,0,0,0,0,0,0,0,0,0,0
40,0,dense,1429,38,0,0,0,0,0,0,0,0,0,0,0,0,0
40,1,moe,807,34,4362,2449,2449,1767,118,1,27,0,739,8,6,2,8
40,2,moe,739,32,6015,2653,2653,3221,111,0,30,0,723,8,6,2,8
40,3,moe,652,36,16453,6445,6446,9614,338,0,55,0,722,8,2,6,8
40,4,moe,711,30,7919,3462,3462,4228,148,0,81,0,599,8,5,3,8
40,5,moe,795,34,6157,1816,1818,4150,152,0,37,0,640,8,5,3,8
40,6,moe,725,36,5126,1557,1557,3370,127,0,72,0,787,8,6,2,8
40,7,moe,671,43,9814,3800,3800,5699,219,0,96,0,627,8,4,4,8
40,8,moe,745,41,2726,1257,1257,1390,51,0,28,0,613,8,7,1,8
40,9,moe,806,37,3216,1328,1328,1781,58,0,49,0,735,8,7,1,8
40,10,moe,741,46,9489,3579,3579,5627,197,0,86,0,603,8,4,4,8
40,11,moe,631,36,5062,2159,2159,2771,103,0,29,0,607,8,6,2,8
40,12,moe,731,37,3092,1212,1212,1769,59,0,52,0,720,8,7,1,8
40,13,moe,793,33,9436,3558,3558,5595,194,0,89,0,604,8,4,4,8
40,14,moe,724,36,7590,3261,3261,4142,152,0,35,0,605,8,5,3,8
40,15,moe,639,34,10782,3905,3906,6570,225,0,81,0,731,8,4,4,8
40,16,moe,718,40,6392,1899,1899,4270,147,0,76,0,601,8,5,3,8
40,17,moe,800,36,4390,1482,1482,2759,101,0,48,0,609,8,6,2,8
40,18,moe,741,35,10784,3886,3886,6591,226,0,81,0,722,8,4,4,8
40,19,moe,639,32,7017,2563,2563,4237,150,0,67,0,599,8,5,3,8
40,20,moe,734,34,10179,4423,4423,5518,194,0,44,0,599,8,4,4,8
40,21,moe,783,34,8790,3576,3576,4974,167,0,73,0,720,8,5,3,8
40,22,moe,779,35,5240,2201,2201,2877,97,0,65,0,600,8,6,2,8
40,23,moe,621,32,14603,5983,5983,8239,295,0,86,0,717,8,3,5,8
40,24,moe,793,35,11460,4736,4738,6455,223,0,44,0,721,8,4,4,8
40,25,moe,789,34,11911,3529,3530,8042,282,0,57,0,722,8,3,5,8
40,26,moe,647,33,12074,3702,3702,8043,281,1,47,0,718,8,3,5,8
40,-1,epi,0,0,0,0,0,0,0,0,5680,0,0,0,0,0,0
41,-2,pre,46,0,0,0,0,0,0,0,0,0,0,0,0,0,0
41,0,dense,1446,43,0,0,0,0,0,0,0,0,0,0,0,0,0
41,1,moe,814,37,7903,2822,2822,4868,175,0,38,0,735,8,5,3,8
41,2,moe,729,45,9892,3121,3121,6497,231,0,43,0,729,8,4,4,8
41,3,moe,637,35,8709,3614,3614,4882,173,0,40,0,736,8,5,3,8
41,4,moe,735,37,6928,2477,2477,4220,151,0,80,0,621,8,5,3,8
41,5,moe,794,37,9585,3719,3719,5614,208,0,44,0,608,8,4,4,8
41,6,moe,738,38,8395,3000,3000,5151,170,0,74,0,741,8,5,3,8
41,7,moe,656,36,9,0,0,0,0,0,9,0,620,8,8,0,8
41,8,moe,761,34,14,0,0,0,0,0,14,0,639,8,8,0,8
41,9,moe,825,40,2057,315,316,1663,57,0,21,0,749,8,7,1,8
41,10,moe,751,52,7043,2607,2607,4198,148,0,90,0,602,8,5,3,8
41,11,moe,638,34,4626,1744,1744,2755,96,0,31,0,599,8,6,2,8
41,12,moe,733,37,9,0,0,0,0,0,9,0,728,8,8,0,8
41,13,moe,816,36,5268,2381,2381,2753,103,0,31,0,600,8,6,2,8
41,14,moe,730,35,9461,3668,3668,5546,200,0,47,0,606,8,4,4,8
41,15,moe,634,34,2169,328,329,1728,59,0,53,0,728,8,7,1,8
41,16,moe,728,38,8003,3556,3556,4217,148,0,82,0,609,8,5,3,8
41,17,moe,794,30,9,0,1,0,0,0,8,0,601,8,8,0,8
41,18,moe,739,28,2132,304,304,1719,58,0,51,0,736,8,7,1,8
41,19,moe,719,31,6987,3993,3994,2830,102,0,61,0,601,8,6,2,8
41,20,moe,732,32,5298,2408,2408,2758,102,0,30,0,603,8,6,2,8
41,21,moe,806,46,6144,2610,2610,3357,118,0,59,0,719,8,6,2,8
41,22,moe,810,34,2734,1108,1108,1520,51,0,55,0,601,8,7,1,8
41,23,moe,635,33,8689,3489,3489,4974,166,0,60,0,723,8,5,3,8
41,24,moe,791,40,7819,2741,2741,4869,173,0,36,0,717,8,5,3,8
41,25,moe,794,34,7723,2665,2666,4839,177,0,41,0,725,8,5,3,8
41,26,moe,646,32,5777,2396,2396,3239,116,0,26,0,730,8,6,2,8
41,-1,epi,0,0,0,0,0,0,0,0,5754,0,0,0,0,0,0
42,-2,pre,205,0,0,0,0,0,0,0,0,0,0,0,0,0,0
42,0,dense,1440,38,0,0,0,0,0,0,0,0,0,0,0,0,0
42,1,moe,813,33,10716,4008,4008,6439,227,0,42,0,729,8,4,4,8
42,2,moe,756,33,11921,5230,5230,6425,226,0,40,0,720,8,4,4,8
42,3,moe,640,36,7771,2728,2728,4830,176,0,37,0,716,8,5,3,8
42,4,moe,729,34,12349,5030,5032,6981,244,0,92,0,601,8,3,5,8
42,5,moe,815,35,12895,5654,5654,6946,244,0,51,0,599,8,3,5,8
42,6,moe,727,37,5952,2404,2405,3369,114,0,64,0,715,8,6,2,8
42,7,moe,639,37,10134,4272,4272,5578,199,0,85,0,601,8,4,4,8
42,8,moe,728,34,10122,4359,4360,5516,196,0,50,0,600,8,4,4,8
42,9,moe,793,36,8776,3547,3547,4984,170,0,75,0,731,8,5,3,8
42,10,moe,724,34,7002,2589,2589,4193,148,0,72,0,594,8,5,3,8
42,11,moe,626,36,7724,3404,3404,4133,150,0,37,0,594,8,5,3,8
42,12,moe,726,32,8125,2811,2811,5046,186,0,82,0,795,8,5,3,8
42,13,moe,788,39,5475,2368,2368,2921,110,0,76,0,623,8,6,2,8
42,14,moe,720,43,7747,4432,4432,3069,199,0,47,0,625,8,4,4,8
42,15,moe,640,38,10104,3172,3172,6622,223,0,87,0,734,8,4,4,8
42,16,moe,729,40,5373,2329,2329,2875,102,0,67,0,602,8,6,2,8
42,17,moe,797,37,9298,3510,3510,5543,194,1,50,0,605,8,4,4,8
42,18,moe,712,35,8813,3617,3617,4950,171,0,75,0,723,8,5,3,8
42,19,moe,634,34,8843,2932,2932,5629,197,0,85,0,606,8,4,4,8
42,20,moe,727,36,5134,2242,2242,2765,98,0,29,0,599,8,6,2,8
42,21,moe,799,43,5170,1610,1611,3386,113,0,60,0,725,8,6,2,8
42,22,moe,791,36,8063,3597,3597,4242,148,0,76,0,608,8,5,3,8
42,23,moe,653,35,4655,2593,2593,1890,120,0,52,0,725,8,6,2,8
42,24,moe,788,32,1996,307,307,1614,58,0,17,0,718,8,7,1,8
42,25,moe,792,34,6994,3173,3173,3548,230,0,43,0,733,8,4,4,8
42,26,moe,639,41,3979,611,611,3225,116,0,27,0,728,8,6,2,8
42,-1,epi,0,0,0,0,0,0,0,0,5740,0,0,0,0,0,0
43,-2,pre,182,0,0,0,0,0,0,0,0,0,0,0,0,0,0
43,0,dense,1444,36,0,0,0,0,0,0,0,0,0,0,0,0,0
43,1,moe,814,37,8902,3850,3850,4835,171,0,46,0,731,8,5,3,8
43,2,moe,742,36,3044,1365,1365,1602,58,0,19,0,728,8,7,1,8
43,3,moe,647,37,2895,1212,1212,1609,56,0,18,0,728,8,7,1,8
43,4,moe,734,31,7312,2856,2856,4235,148,0,73,0,607,8,5,3,8
43,5,moe,797,34,10,0,0,0,0,0,10,0,604,8,8,0,8
43,6,moe,722,33,8210,2960,2960,5009,169,0,72,0,730,8,5,3,8
43,7,moe,643,35,7678,3241,3241,4217,149,0,71,0,601,8,5,3,8
43,8,moe,715,33,2612,1164,1164,1381,49,0,18,0,606,8,7,1,8
43,9,moe,790,33,5790,2316,2316,3294,113,0,67,0,726,8,6,2,8
43,10,moe,722,31,4018,2254,2254,1597,100,0,67,0,610,8,6,2,8
43,11,moe,643,31,4307,1417,1417,2752,98,3,37,0,608,8,6,2,8
43,12,moe,718,32,11759,4877,4877,6574,224,0,84,0,722,8,4,4,8
43,13,moe,783,35,2115,1145,1145,861,54,0,55,0,606,8,7,1,8
43,14,moe,733,35,1996,1158,1158,768,52,0,18,0,619,8,7,1,8
43,15,moe,674,33,5074,1570,1571,3324,117,0,62,0,740,8,6,2,8
43,16,moe,739,35,7185,2742,2743,4216,150,0,76,0,606,8,5,3,8
43,17,moe,800,34,10168,4423,4423,5507,197,0,41,0,596,8,4,4,8
43,18,moe,716,32,9,0,0,0,0,0,9,0,723,8,8,0,8
43,19,moe,644,35,3146,1483,1483,1532,101,0,30,0,623,8,6,2,8
43,20,moe,738,35,4407,1517,1517,2763,98,0,29,0,607,8,6,2,8
43,21,moe,800,36,5240,1699,1699,3356,114,0,71,0,723,8,6,2,8
43,22,moe,791,32,2719,1125,1125,1481,49,0,64,0,606,8,7,1,8
43,23,moe,635,32,7908,2694,2694,4976,169,0,69,0,731,8,5,3,8
43,24,moe,801,33,7899,2851,2852,4839,172,0,36,0,732,8,5,3,8
43,25,moe,804,34,4861,1486,1486,3232,117,0,26,0,762,8,6,2,8
43,26,moe,632,31,2896,1205,1205,1617,57,0,17,0,727,8,7,1,8
43,-1,epi,0,0,0,0,0,0,0,0,5773,0,0,0,0,0,0
44,-2,pre,204,0,0,0,0,0,0,0,0,0,0,0,0,0,0
44,0,dense,1447,35,0,0,0,0,0,0,0,0,0,0,0,0,0
44,1,moe,812,34,2225,1256,1256,885,60,0,24,0,744,8,7,1,8
44,2,moe,748,33,3686,1769,1769,1773,118,0,26,0,740,8,6,2,8
44,3,moe,643,32,8711,3645,3645,4857,168,0,41,0,728,8,5,3,8
44,4,moe,722,32,10289,4376,4376,5623,195,0,95,0,612,8,4,4,8
44,5,moe,785,33,9534,3775,3775,5518,196,0,45,0,605,8,4,4,8
44,6,moe,715,34,3162,1300,1300,1743,60,0,59,0,729,8,7,1,8
44,7,moe,655,31,6045,3467,3467,2355,152,0,71,0,610,8,5,3,8
44,8,moe,734,35,5130,2205,2205,2791,102,0,32,0,603,8,6,2,8
44,9,moe,793,37,2368,1260,1261,991,59,0,57,0,736,8,7,1,8
44,10,moe,736,38,5018,2415,2416,2370,151,0,81,0,618,8,5,3,8
44,11,moe,633,35,5855,3376,3376,2289,152,0,38,0,618,8,5,3,8
44,12,moe,731,36,6672,3665,3665,2755,171,0,81,0,729,8,5,3,8
44,13,moe,788,34,5913,3340,3340,2353,147,0,73,0,618,8,5,3,8
44,14,moe,721,35,8953,4851,4851,3807,242,0,53,0,612,8,3,5,8
44,15,moe,638,30,5868,2858,2858,2771,168,0,71,0,752,8,5,3,8
44,16,moe,718,202,6632,4051,4051,2359,148,0,74,0,608,8,5,3,8
44,17,moe,791,31,5627,2323,2323,3065,199,0,40,0,612,8,4,4,8
44,18,moe,718,33,5055,1531,1531,3337,118,0,69,0,725,8,6,2,8
44,19,moe,629,33,10564,4620,4620,5658,202,0,84,0,605,8,4,4,8
44,20,moe,722,34,1947,1116,1116,763,49,0,19,0,610,8,7,1,8
44,21,moe,804,36,14836,8049,8050,6288,393,0,105,0,733,8,1,7,8
44,22,moe,785,36,8803,4593,4593,3871,242,0,97,0,615,8,3,5,8
44,23,moe,636,31,11364,5508,5508,5429,338,0,89,0,727,8,2,6,8
44,24,moe,784,32,7635,3835,3835,3533,225,0,42,0,730,8,4,4,8
44,25,moe,783,33,10874,6108,6109,4431,283,0,51,0,732,8,3,5,8
44,26,moe,637,32,14486,5934,5935,8181,318,0,52,0,736,8,3,5,8
44,-1,epi,0,0,0,0,0,0,0,0,5745,0,0,0,0,0,0
45,-2,pre,213,0,0,0,0,0,0,0,0,0,0,0,0,0,0
45,0,dense,1462,42,0,0,0,0,0,0,0,0,0,0,0,0,0
45,1,moe,834,37,11,0,0,0,0,0,11,0,751,8,8,0,8
45,2,moe,750,38,3585,1649,1649,1789,115,0,32,0,748,8,6,2,8
45,3,moe,660,32,2217,1254,1254,885,58,0,20,0,736,8,7,1,8
45,4,moe,735,35,4030,2271,2272,1598,97,0,63,0,627,8,6,2,8
45,5,moe,804,37,3040,1392,1392,1522,99,0,27,0,624,8,6,2,8
45,6,moe,725,34,4459,2370,2370,1893,116,0,80,0,736,8,6,2,8
45,7,moe,653,35,1219,288,288,826,49,0,56,0,621,8,7,1,8
45,8,moe,732,35,3150,1499,1499,1522,100,1,28,0,620,8,6,2,8
45,9,moe,794,34,4590,2540,2540,1872,114,0,64,0,740,8,6,2,8
45,10,moe,727,34,8,0,0,0,0,0,8,0,620,8,8,0,8
45,11,moe,637,32,4079,2326,2326,1585,99,0,69,0,626,8,6,2,8
45,12,moe,726,35,6925,2948,2948,3671,224,0,82,0,742,8,4,4,8
45,13,moe,798,37,4158,2389,2389,1606,97,0,66,0,622,8,6,2,8
45,14,moe,750,33,3871,2207,2207,1536,100,0,28,0,632,8,6,2,8
45,15,moe,641,33,2299,1207,1207,987,56,0,49,0,742,8,7,1,8
45,16,moe,721,33,5193,2630,2630,2341,147,0,75,0,620,8,5,3,8
45,17,moe,796,34,3818,2172,2172,1523,97,0,26,0,613,8,6,2,8
45,18,moe,726,32,3575,1522,1522,1876,114,0,63,0,733,8,6,2,8
45,19,moe,654,31,4129,1575,1575,2338,146,0,70,0,625,8,5,3,8
45,20,moe,728,36,7327,4021,4021,3061,198,0,47,0,622,8,4,4,8
45,21,moe,794,36,5986,2411,2411,3391,116,0,68,0,734,8,6,2,8
45,22,moe,801,34,5465,2059,2059,3122,196,0,88,0,614,8,4,4,8
45,23,moe,643,32,10723,5867,5867,4498,278,0,80,0,734,8,3,5,8
45,24,moe,790,36,5632,2768,2768,2650,169,0,45,0,731,8,5,3,8
45,25,moe,793,34,9139,4368,4368,4441,280,0,50,0,748,8,3,5,8
45,26,moe,637,32,7722,3920,3920,3537,224,0,41,0,732,8,4,4,8
45,-1,epi,0,0,0,0,0,0,0,0,5783,0,0,0,0,0,0
46,-2,pre,53,0,0,0,0,0,0,0,0,0,0,0,0,0,0
46,0,dense,1452,40,0,0,0,0,0,0,0,0,0,0,0,0,0
46,1,moe,816,36,4452,2540,2540,1767,113,0,32,0,742,8,6,2,8
46,2,moe,733,34,8674,4865,4865,3536,227,0,46,0,741,8,4,4,8
46,3,moe,654,36,4284,2375,2375,1771,112,0,26,0,736,8,6,2,8
46,4,moe,724,32,8265,4018,4018,3897,244,0,106,0,614,8,3,5,8
46,5,moe,794,34,5753,3288,3288,2283,147,0,35,0,626,8,5,3,8
46,6,moe,722,33,6675,3648,3649,2784,169,0,73,0,735,8,5,3,8
46,7,moe,653,31,2704,1105,1105,1496,51,0,52,0,615,8,7,1,8
46,8,moe,729,33,6964,3653,3653,3072,195,0,44,0,618,8,4,4,8
46,9,moe,791,33,8084,4127,4127,3648,227,0,82,0,739,8,4,4,8
46,10,moe,728,35,6141,3539,3539,2378,147,0,77,0,616,8,5,3,8
46,11,moe,647,32,5760,3286,3286,2285,149,0,40,0,622,8,5,3,8
46,12,moe,721,35,4437,2369,2369,1891,115,0,62,0,734,8,6,2,8
46,13,moe,795,34,3156,1402,1402,1595,99,0,60,0,614,8,6,2,8
46,14,moe,727,35,5891,3418,3418,2289,147,0,37,0,618,8,5,3,8
46,15,moe,640,37,4571,2501,2502,1891,114,0,64,0,748,8,6,2,8
46,16,moe,719,32,4352,1751,1752,2373,148,0,79,0,621,8,5,3,8
46,17,moe,798,32,3140,1478,1478,1537,98,0,27,0,625,8,6,2,8
46,18,moe,735,33,2387,1264,1264,1013,58,0,52,0,733,8,7,1,8
46,19,moe,641,35,8,0,0,0,0,0,8,0,610,8,8,0,8
46,20,moe,760,34,9,0,0,0,0,0,9,0,617,8,8,0,8
46,21,moe,800,38,9,0,0,0,0,0,9,0,741,8,8,0,8
46,22,moe,809,34,2760,1132,1132,1495,55,0,78,0,624,8,7,1,8
46,23,moe,651,38,5957,2959,2959,2761,173,0,64,0,738,8,5,3,8
46,24,moe,799,33,9,0,0,0,0,0,9,0,738,8,8,0,8
46,25,moe,803,34,2232,1267,1267,887,58,0,20,0,735,8,7,1,8
46,26,moe,649,35,6629,3778,3778,2651,167,0,33,0,736,8,5,3,8
46,-1,epi,0,0,0,0,0,0,0,0,5843,0,0,0,0,0,0
47,-2,pre,207,0,0,0,0,0,0,0,0,0,0,0,0,0,0
47,0,dense,1459,40,0,0,0,0,0,0,0,0,0,0,0,0,0
47,1,moe,827,36,7839,4025,4025,3536,230,0,48,0,745,8,4,4,8
47,2,moe,732,35,6674,3805,3805,2653,167,0,49,0,738,8,5,3,8
47,3,moe,646,34,5650,2791,2791,2653,169,0,37,0,741,8,5,3,8
47,4,moe,727,37,5907,3317,3317,2359,148,0,83,0,622,8,5,3,8
47,5,moe,798,36,6103,2797,2797,3072,193,0,41,0,619,8,4,4,8
47,6,moe,723,33,2433,1290,1290,1028,57,0,58,0,740,8,7,1,8
47,7,moe,646,38,6029,3431,3431,2376,148,0,74,0,616,8,5,3,8
47,8,moe,730,34,4993,2497,2497,2316,148,0,32,0,624,8,5,3,8
47,9,moe,798,36,4470,2431,2431,1861,114,0,64,0,733,8,6,2,8
47,10,moe,726,34,7715,3284,3284,4203,151,0,77,0,615,8,5,3,8
47,11,moe,628,28,1712,272,272,1373,51,0,16,0,615,8,7,1,8
47,12,moe,724,28,6605,3610,3610,2752,172,0,71,0,733,8,5,3,8
47,13,moe,796,240,4763,3815,3815,833,51,0,64,0,611,8,7,1,8
47,14,moe,726,36,7923,4644,4645,3038,196,0,44,0,619,8,4,4,8
47,15,moe,649,32,5115,2088,2088,2780,170,0,77,0,746,8,5,3,8
47,16,moe,728,34,5241,2664,2664,2358,147,0,72,0,616,8,5,3,8
47,17,moe,796,34,4933,2465,2466,2285,147,0,35,0,620,8,5,3,8
47,18,moe,724,34,1416,314,314,998,56,0,48,0,731,8,7,1,8
47,19,moe,641,30,7075,3669,3669,3125,195,3,83,0,616,8,4,4,8
47,20,moe,731,32,4217,1754,1754,2283,148,0,32,0,617,8,5,3,8
47,21,moe,794,33,4414,2342,2343,1896,112,0,63,0,737,8,6,2,8
47,22,moe,4055,34,3135,1351,1352,1621,97,0,65,0,617,8,6,2,8
47,23,moe,638,32,8659,3737,3737,4548,280,0,94,0,737,8,3,5,8
47,24,moe,798,34,5636,2758,2759,2670,174,0,33,0,733,8,5,3,8
47,25,moe,793,34,2148,1180,1180,891,59,0,18,0,735,8,7,1,8
47,26,moe,652,33,2539,616,616,1779,117,0,27,0,735,8,6,2,8
47,-1,epi,0,0,0,0,0,0,0,0,5733,0,0,0,0,0,0
48,-2,pre,222,0,0,0,0,0,0,0,0,0,0,0,0,0,0
48,0,dense,1455,43,0,0,0,0,0,0,0,0,0,0,0,0,0
48,1,moe,806,38,2208,1206,1206,907,67,0,28,0,786,8,7,1,8
48,2,moe,736,39,1290,296,296,902,67,0,25,0,789,8,7,1,8
48,3,moe,657,32,4365,2398,2398,1812,126,1,28,0,765,8,6,2,8
48,4,moe,745,37,5906,3294,3294,2362,156,0,94,0,641,8,5,3,8
48,5,moe,836,39,2047,1205,1205,766,53,1,22,0,630,8,7,1,8
48,6,moe,735,37,2495,1352,1352,1024,59,0,60,0,746,8,7,1,8
48,7,moe,646,33,2335,555,555,1601,102,1,76,0,638,8,6,2,8
48,8,moe,733,34,2641,1190,1190,1378,53,0,20,0,644,8,7,1,8
48,9,moe,813,35,5154,1603,1603,3366,117,1,67,0,738,8,6,2,8
48,10,moe,740,34,7060,2566,2566,4259,152,0,83,0,623,8,5,3,8
48,11,moe,655,36,3840,2183,2183,1529,100,0,28,0,620,8,6,2,8
48,12,moe,731,34,2330,1209,1209,1007,60,0,54,0,739,8,7,1,8
48,13,moe,797,37,7,0,0,0,0,0,7,0,624,8,8,0,8
48,14,moe,733,34,2731,1120,1120,1490,53,0,68,0,620,8,7,1,8
48,15,moe,642,34,6028,2463,2463,3379,116,0,70,0,747,8,6,2,8
48,16,moe,725,33,2715,1108,1108,1500,52,0,55,0,623,8,7,1,8
48,17,moe,801,34,2556,1103,1103,1383,51,0,19,0,621,8,7,1,8
48,18,moe,737,34,2381,1230,1230,1038,56,0,57,0,739,8,7,1,8
48,19,moe,661,33,4435,1400,1400,2867,101,0,67,0,621,8,6,2,8
48,20,moe,729,34,5836,3370,3370,2285,147,0,34,0,624,8,5,3,8
48,21,moe,796,34,9,0,0,0,0,0,9,0,735,8,8,0,8
48,22,moe,796,32,6553,3275,3275,3038,194,0,46,0,634,8,4,4,8
48,23,moe,645,31,4625,2585,2585,1860,111,0,69,0,736,8,6,2,8
48,24,moe,801,36,4367,2457,2458,1771,112,0,26,0,737,8,6,2,8
48,25,moe,801,36,3578,1651,1651,1786,115,0,26,0,739,8,6,2,8
48,26,moe,640,33,9,0,0,0,0,0,9,0,730,8,8,0,8
48,-1,epi,0,0,0,0,0,0,0,0,5937,0,0,0,0,0,0
49,-2,pre,211,0,0,0,0,0,0,0,0,0,0,0,0,0,0
49,0,dense,1475,46,0,0,0,0,0,0,0,0,0,0,0,0,0
49,1,moe,863,38,6753,3889,3889,2657,170,0,37,0,751,8,5,3,8
49,2,moe,730,35,1286,316,316,892,59,0,19,0,746,8,7,1,8
49,3,moe,653,32,6583,3714,3714,2663,169,0,37,0,747,8,5,3,8
49,4,moe,739,33,6158,3555,3555,2364,150,0,89,0,620,8,5,3,8
49,5,moe,804,34,3904,2246,2246,1528,97,0,33,0,624,8,6,2,8
49,6,moe,738,32,2329,1208,1209,1000,57,3,60,0,754,8,7,1,8
49,7,moe,656,32,3183,1422,1422,1599,99,0,63,0,628,8,6,2,8
49,8,moe,735,34,1909,1071,1071,767,50,0,21,0,626,8,7,1,8
49,9,moe,802,34,8774,4787,4787,3674,224,0,89,0,750,8,4,4,8
49,10,moe,736,35,7967,3489,3489,4244,150,0,84,0,619,8,5,3,8
49,11,moe,643,32,2726,1268,1268,1388,51,0,19,0,629,8,7,1,8
49,12,moe,733,35,3117,1254,1254,1750,60,0,53,0,741,8,7,1,8
49,13,moe,802,32,7738,3263,3263,4244,149,0,82,0,626,8,5,3,8
49,14,moe,732,33,5048,2162,2162,2757,101,0,28,0,617,8,6,2,8
49,15,moe,633,32,3585,1516,1516,1889,116,0,64,0,746,8,6,2,8
49,16,moe,732,34,3276,1505,1505,1605,97,0,69,0,618,8,6,2,8
49,17,moe,803,36,7663,4381,4381,3042,196,0,44,0,618,8,4,4,8
49,18,moe,724,33,2354,1213,1214,1024,56,0,60,0,736,8,7,1,8
49,19,moe,639,32,10751,5727,5727,4621,294,0,109,0,615,8,2,6,8
49,20,moe,727,33,5833,3368,3368,2284,145,0,36,0,626,8,5,3,8
49,21,moe,794,33,7941,3998,3999,3638,223,0,81,0,737,8,4,4,8
49,22,moe,791,34,7398,3175,3176,3882,249,0,91,0,622,8,3,5,8
49,23,moe,653,36,7457,2566,2566,4521,285,0,85,0,740,8,3,5,8
49,24,moe,804,33,8175,3428,3428,4417,285,0,45,0,745,8,3,5,8
49,25,moe,797,33,9970,4229,4230,5333,343,0,64,0,739,8,2,6,8
49,26,moe,655,32,7957,1255,1255,6428,231,0,43,0,734,8,4,4,8
49,-1,epi,0,0,0,0,0,0,0,0,5808,0,0,0,0,0,0
50,-2,pre,39,0,0,0,0,0,0,0,0,0,0,0,0,0,0
50,0,dense,1321,49,0,0,0,0,0,0,0,0,0,0,0,0,0
50,1,moe,827,35,3504,1593,1593,1764,115,0,32,0,743,8,6,2,8
50,2,moe,747,32,6576,3713,3713,2656,173,0,34,0,741,8,5,3,8
50,3,moe,645,32,2227,1258,1258,890,60,0,19,0,737,8,7,1,8
50,4,moe,725,33,3418,811,812,2363,153,0,90,0,623,8,5,3,8
50,5,moe,805,35,6166,2866,2866,3054,195,0,51,0,623,8,4,4,8
50,6,moe,724,34,2352,1236,1236,1000,59,0,57,0,740,8,7,1,8
50,7,moe,667,36,8,0,0,0,0,0,8,0,620,8,8,0,8
50,8,moe,738,32,1855,283,283,1459,51,0,62,0,619,8,7,1,8
50,9,moe,805,38,2312,1210,1210,985,57,0,60,0,745,8,7,1,8
50,10,moe,742,34,2152,1204,1204,839,51,0,58,0,618,8,7,1,8
50,11,moe,720,30,5061,4231,4231,763,50,1,16,0,617,8,7,1,8
50,12,moe,731,33,2447,1346,1346,985,56,0,60,0,737,8,7,1,8
50,13,moe,798,33,8,0,0,0,0,0,8,0,621,8,8,0,8
50,14,moe,726,34,18,0,0,0,0,0,18,0,619,8,8,0,8
50,15,moe,655,36,4910,2024,2024,2668,171,0,47,0,756,8,5,3,8
50,16,moe,730,32,6282,2870,2870,3113,197,0,102,0,629,8,4,4,8
50,17,moe,797,33,7185,3889,3892,3055,197,0,41,0,625,8,4,4,8
50,18,moe,727,34,6140,3120,3120,2771,169,0,80,0,741,8,5,3,8
50,19,moe,654,37,10,0,0,0,0,0,10,0,618,8,8,0,8
50,20,moe,729,32,5420,2822,2822,2359,153,3,83,0,622,8,5,3,8
50,21,moe,800,34,7742,3795,3795,3639,224,0,84,0,733,8,4,4,8
50,22,moe,791,34,3761,1186,1187,2347,151,0,76,0,624,8,5,3,8
50,23,moe,672,32,7253,3285,3285,3666,232,0,70,0,739,8,4,4,8
50,24,moe,809,35,5055,1248,1248,3536,225,0,46,0,737,8,4,4,8
50,25,moe,804,36,4458,2545,2545,1768,116,0,29,0,744,8,6,2,8
50,26,moe,650,32,4450,2540,2540,1770,113,0,27,0,736,8,6,2,8
50,-1,epi,0,0,0,0,0,0,0,0,5854,0,0,0,0,0,0
51,-2,pre,37,0,0,0,0,0,0,0,0,0,0,0,0,0,0
51,0,dense,1487,37,0,0,0,0,0,0,0,0,0,0,0,0,0
51,1,moe,819,33,8,0,0,0,0,0,8,0,752,8,8,0,8
51,2,moe,749,33,2219,1255,1256,883,58,0,22,0,758,8,7,1,8
51,3,moe,667,34,2563,650,650,1766,123,0,24,0,754,8,6,2,8
51,4,moe,748,32,5762,2354,2354,3109,199,0,100,0,630,8,4,4,8
51,5,moe,808,84,10,0,0,0,0,0,10,0,636,8,8,0,8
51,6,moe,745,36,8944,4961,4961,3666,229,0,88,0,743,8,4,4,8
51,7,moe,655,35,7924,4460,4460,3157,210,0,97,0,663,8,4,4,8
51,8,moe,723,37,3908,2210,2210,1548,108,3,39,0,679,8,6,2,8
51,9,moe,818,40,5981,2388,2388,3399,121,0,73,0,768,8,6,2,8
51,10,moe,750,38,3943,2163,2163,1599,102,0,79,0,642,8,6,2,8
51,11,moe,659,34,3812,2153,2153,1528,102,1,28,0,641,8,6,2,8
51,12,moe,742,42,4469,2351,2351,1921,116,0,81,0,752,8,6,2,8
51,13,moe,802,37,5850,3260,3260,2361,147,0,82,0,647,8,5,3,8
51,14,moe,736,36,9,0,0,0,0,0,9,0,633,8,8,0,8
51,15,moe,667,42,2331,1216,1216,1000,59,0,56,0,765,8,7,1,8
51,16,moe,735,35,9568,5338,5338,3886,243,0,101,0,638,8,3,5,8
51,17,moe,801,34,3776,2120,2120,1532,99,0,25,0,637,8,6,2,8
51,18,moe,726,36,8660,4723,4724,3640,225,0,71,0,764,8,4,4,8
51,19,moe,652,32,3141,1376,1376,1610,99,0,56,0,634,8,6,2,8
51,20,moe,736,35,11931,4720,4720,6915,247,0,49,0,628,8,3,5,8
51,21,moe,805,36,12614,6718,6718,5446,337,0,113,0,752,8,2,6,8
51,22,moe,797,37,5950,3358,3358,2357,149,3,83,0,625,8,5,3,8
51,23,moe,647,32,6584,3570,3571,2767,172,0,74,0,747,8,5,3,8
51,24,moe,797,35,4350,2436,2437,1772,115,0,26,0,746,8,6,2,8
51,25,moe,802,33,9834,5057,5057,4443,285,0,49,0,752,8,3,5,8
51,26,moe,654,33,7647,3830,3830,3544,226,0,47,0,743,8,4,4,8
51,-1,epi,0,0,0,0,0,0,0,0,5835,0,0,0,0,0,0
52,-2,pre,47,0,0,0,0,0,0,0,0,0,0,0,0,0,0
52,0,dense,1504,39,0,0,0,0,0,0,0,0,0,0,0,0,0
52,1,moe,814,35,2249,1278,1278,887,61,0,23,0,766,8,7,1,8
52,2,moe,750,35,1244,285,285,883,58,0,18,0,766,8,7,1,8
52,3,moe,668,34,4388,2464,2464,1779,118,0,27,0,757,8,6,2,8
52,4,moe,741,35,7205,3800,3801,3115,198,0,91,0,631,8,4,4,8
52,5,moe,801,34,9,0,0,0,0,0,9,0,628,8,8,0,8
52,6,moe,735,37,2365,1243,1243,1001,57,0,64,0,749,8,7,1,8
52,7,moe,646,32,5883,3297,3297,2365,146,0,75,0,633,8,5,3,8
52,8,moe,732,34,1929,1093,1093,767,52,0,17,0,632,8,7,1,8
52,9,moe,811,33,4532,2462,2462,1896,115,0,59,0,754,8,6,2,8
52,10,moe,744,43,2091,1142,1142,837,55,0,57,0,630,8,7,1,8
52,11,moe,646,36,2106,1276,1276,762,51,0,17,0,646,8,7,1,8
52,12,moe,746,37,2288,1207,1207,974,56,1,50,0,754,8,7,1,8
52,13,moe,802,35,4084,2329,2329,1585,99,0,71,0,638,8,6,2,8
52,14,moe,731,37,9,0,0,0,0,0,9,0,631,8,8,0,8
52,15,moe,642,33,1427,313,313,1002,57,0,55,0,759,8,7,1,8
52,16,moe,736,34,5820,3228,3228,2369,147,0,76,0,636,8,5,3,8
52,17,moe,803,35,5447,2157,2157,3057,195,0,38,0,641,8,4,4,8
52,18,moe,740,37,10,0,0,0,0,0,10,0,757,8,8,0,8
52,19,moe,662,34,2123,1280,1280,771,52,0,20,0,639,8,7,1,8
52,20,moe,741,34,2196,546,546,1529,97,0,24,0,643,8,6,2,8
52,21,moe,811,38,9602,4643,4643,4576,289,0,94,0,754,8,3,5,8
52,22,moe,801,34,4024,1018,1018,2834,103,0,69,0,651,8,6,2,8
52,23,moe,653,35,5218,1229,1229,3669,232,3,85,0,754,8,4,4,8
52,24,moe,809,33,4999,1629,1629,3222,120,0,28,0,749,8,6,2,8
52,25,moe,807,33,7070,2037,2038,4823,174,0,35,0,744,8,5,3,8
52,26,moe,654,34,1273,308,308,883,64,0,18,0,750,8,7,1,8
52,-1,epi,0,0,0,0,0,0,0,0,5891,0,0,0,0,0,0
53,-2,pre,212,0,0,0,0,0,0,0,0,0,0,0,0,0,0
53,0,dense,1473,37,0,0,0,0,0,0,0,0,0,0,0,0,0
53,1,moe,865,35,2205,1235,1235,886,63,0,21,0,760,8,7,1,8
53,2,moe,744,34,9,0,0,0,0,0,9,0,768,8,8,0,8
53,3,moe,669,32,6361,3461,3461,2684,177,0,39,0,757,8,5,3,8
53,4,moe,732,32,1249,290,291,843,49,0,66,0,640,8,7,1,8
53,5,moe,807,28,2055,1219,1219,768,51,0,17,0,640,8,7,1,8
53,6,moe,743,31,8,0,0,0,0,0,8,0,769,8,8,0,8
53,7,moe,681,29,2043,1214,1214,761,50,0,18,0,643,8,7,1,8
53,8,moe,797,34,6853,5203,5203,1522,100,0,28,0,632,8,6,2,8
53,9,moe,804,32,5978,2959,2959,2765,171,0,83,0,752,8,5,3,8
53,10,moe,735,33,3407,818,818,2364,149,0,76,0,638,8,5,3,8
53,11,moe,646,33,8,0,0,0,0,0,8,0,635,8,8,0,8
53,12,moe,738,38,4434,2387,2387,1881,114,0,52,0,772,8,6,2,8
53,13,moe,824,38,2139,1186,1187,834,51,0,67,0,638,8,7,1,8
53,14,moe,743,36,5886,3381,3381,2312,150,0,43,0,631,8,5,3,8
53,15,moe,642,34,8,0,0,0,0,0,8,0,750,8,8,0,8
53,16,moe,737,38,6189,1818,1818,4174,155,0,42,0,632,8,5,3,8
53,17,moe,802,34,2564,890,890,1542,101,1,30,0,644,8,6,2,8
53,18,moe,745,38,9,0,0,0,0,1,8,0,762,8,8,0,8
53,19,moe,665,34,2054,1226,1226,759,49,0,20,0,643,8,7,1,8
53,20,moe,760,35,2221,577,577,1522,97,0,25,0,639,8,6,2,8
53,21,moe,819,38,4999,1999,1999,2746,171,0,83,0,750,8,5,3,8
53,22,moe,802,34,1193,266,266,816,48,0,63,0,659,8,7,1,8
53,23,moe,647,34,3835,1775,1776,1879,122,0,58,0,757,8,6,2,8
53,24,moe,815,35,6150,2335,2335,3549,228,0,38,0,757,8,4,4,8
53,25,moe,807,37,5629,2734,2734,2680,171,0,44,0,762,8,5,3,8
53,26,moe,661,34,10766,4024,4024,6467,228,0,47,0,749,8,4,4,8
53,-1,epi,0,0,0,0,0,0,0,0,5876,0,0,0,0,0,0
54,-2,pre,40,0,0,0,0,0,0,0,0,0,0,0,0,0,0
54,0,dense,1497,34,0,0,0,0,0,0,0,0,0,0,0,0,0
54,1,moe,830,40,9,0,0,0,0,0,9,0,778,8,8,0,8
54,2,moe,760,43,9,0,0,0,0,0,9,0,783,8,8,0,8
54,3,moe,681,33,5037,2171,2171,2658,172,0,36,0,770,8,5,3,8
54,4,moe,752,34,6510,3064,3064,3134,200,0,112,0,643,8,4,4,8
54,5,moe,802,35,4329,2669,2669,1535,97,0,28,0,639,8,6,2,8
54,6,moe,740,34,1479,329,329,1035,57,0,58,0,753,8,7,1,8
54,7,moe,656,32,6940,3545,3545,3110,198,0,87,0,641,8,4,4,8
54,8,moe,737,33,1958,1110,1110,772,55,0,21,0,632,8,7,1,8
54,9,moe,811,34,5752,2728,2728,2775,168,0,81,0,754,8,5,3,8
54,10,moe,732,33,8,0,0,0,0,0,8,0,638,8,8,0,8
54,11,moe,651,33,2188,1227,1227,847,51,0,63,0,634,8,7,1,8
54,12,moe,741,39,2332,1216,1216,1006,56,0,54,0,748,8,7,1,8
54,13,moe,817,37,5900,3302,3302,2364,153,0,81,0,662,8,5,3,8
54,14,moe,734,34,3818,2166,2166,1525,100,1,26,0,636,8,6,2,8
54,15,moe,649,32,2377,1247,1247,1015,61,0,54,0,755,8,7,1,8
54,16,moe,737,37,1231,274,274,849,51,0,57,0,636,8,7,1,8
54,17,moe,807,34,1121,280,280,769,51,0,21,0,643,8,7,1,8
54,18,moe,733,35,2307,1195,1195,996,60,0,56,0,762,8,7,1,8
54,19,moe,656,35,1176,244,244,833,50,0,49,0,646,8,7,1,8
54,20,moe,740,33,8,0,0,0,0,0,8,0,644,8,8,0,8
54,21,moe,817,35,4010,1841,1843,1964,133,0,70,0,794,8,6,2,8
54,22,moe,804,45,3684,1888,1888,1597,106,0,93,0,671,8,6,2,8
54,23,moe,674,34,7927,3934,3935,3684,236,0,72,0,779,8,4,4,8
54,24,moe,826,40,5606,2728,2728,2667,169,0,42,0,774,8,5,3,8
54,25,moe,812,36,9265,2545,2546,6440,230,0,49,0,765,8,4,4,8
54,26,moe,648,34,5007,1192,1192,3544,225,0,46,0,767,8,4,4,8
54,-1,epi,0,0,0,0,0,0,0,0,5960,0,0,0,0,0,0
55,-2,pre,214,0,0,0,0,0,0,0,0,0,0,0,0,0,0
55,0,dense,1494,40,0,0,0,0,0,0,0,0,0,0,0,0,0
55,1,moe,836,35,2928,1011,1011,1769,118,0,30,0,771,8,6,2,8
55,2,moe,752,35,5740,2863,2864,2667,173,0,36,0,762,8,5,3,8
55,3,moe,673,36,6684,3814,3814,2660,174,0,36,0,761,8,5,3,8
55,4,moe,735,34,1828,267,267,1438,52,0,71,0,636,8,7,1,8
55,5,moe,802,34,10154,4375,4375,5534,203,0,42,0,634,8,4,4,8
55,6,moe,733,36,6013,2473,2473,3361,116,0,63,0,753,8,6,2,8
55,7,moe,656,33,12767,5392,5392,7023,251,0,101,0,635,8,3,5,8
55,8,moe,731,33,2709,1258,1258,1380,51,0,20,0,633,8,7,1,8
55,9,moe,804,35,3106,1216,1216,1774,58,0,58,0,752,8,7,1,8
55,10,moe,730,33,4029,2269,2269,1587,98,3,72,0,634,8,6,2,8
55,11,moe,646,31,6040,2752,2752,3044,198,0,46,0,636,8,4,4,8
55,12,moe,735,32,2381,1269,1269,994,58,0,60,0,751,8,7,1,8
55,13,moe,809,35,5697,2285,2285,3132,197,0,83,0,641,8,4,4,8
55,14,moe,736,32,4900,2428,2428,2287,148,0,37,0,634,8,5,3,8
55,15,moe,652,38,5749,2705,2705,2797,173,0,74,0,754,8,5,3,8
55,16,moe,727,35,6225,2791,2791,3147,198,0,89,0,659,8,4,4,8
55,17,moe,800,35,6600,2490,2490,3814,243,0,53,0,632,8,3,5,8
55,18,moe,731,33,3587,1505,1506,1905,113,0,63,0,753,8,6,2,8
55,19,moe,651,32,5154,2559,2559,2372,150,0,73,0,636,8,5,3,8
55,20,moe,730,32,3920,2261,2262,1529,99,0,30,0,626,8,6,2,8
55,21,moe,804,34,5007,1993,1993,2775,168,0,71,0,755,8,5,3,8
55,22,moe,802,32,7293,3872,3873,3135,195,0,90,0,629,8,4,4,8
55,23,moe,648,32,5933,2918,2918,2769,180,0,66,0,745,8,5,3,8
55,24,moe,806,39,4784,1925,1925,2656,171,0,32,0,741,8,5,3,8
55,25,moe,813,37,3511,1590,1590,1770,120,0,31,0,734,8,6,2,8
55,26,moe,663,36,9949,5166,5166,4444,291,0,48,0,741,8,3,5,8
55,-1,epi,0,0,0,0,0,0,0,0,5851,0,0,0,0,0,0
56,-2,pre,229,0,0,0,0,0,0,0,0,0,0,0,0,0,0
56,0,dense,1452,38,0,0,0,0,0,0,0,0,0,0,0,0,0
56,1,moe,821,35,6465,3598,3599,2657,174,0,35,0,752,8,5,3,8
56,2,moe,737,34,4289,2376,2376,1772,116,0,25,0,743,8,6,2,8
56,3,moe,651,36,6498,3635,3635,2655,172,0,36,0,740,8,5,3,8
56,4,moe,728,35,9,0,0,0,0,0,9,0,617,8,8,0,8
56,5,moe,832,35,5209,4253,4253,835,50,0,71,0,617,8,7,1,8
56,6,moe,729,37,8,0,0,0,0,0,8,0,732,8,8,0,8
56,7,moe,650,33,2259,1427,1427,764,50,0,18,0,627,8,7,1,8
56,8,moe,737,50,1957,1118,1118,770,50,0,19,0,624,8,7,1,8
56,9,moe,802,34,2749,675,676,1875,113,3,82,0,745,8,6,2,8
56,10,moe,732,34,3201,1435,1435,1590,100,0,76,0,630,8,6,2,8
56,11,moe,653,33,3823,2161,2161,1536,101,0,25,0,624,8,6,2,8
56,12,moe,735,36,2462,1323,1323,1022,60,0,57,0,743,8,7,1,8
56,13,moe,808,47,4043,2265,2265,1604,101,0,73,0,628,8,6,2,8
56,14,moe,741,34,3789,2111,2111,1549,104,0,25,0,630,8,6,2,8
56,15,moe,651,36,2307,1210,1210,987,57,0,53,0,751,8,7,1,8
56,16,moe,732,33,2302,527,527,1608,99,0,68,0,630,8,6,2,8
56,17,moe,803,34,1981,1150,1150,764,49,0,18,0,630,8,7,1,8
56,18,moe,735,32,2439,1324,1324,998,59,0,58,0,748,8,7,1,8
56,19,moe,653,33,4224,1623,1623,2374,148,0,79,0,630,8,5,3,8
56,20,moe,736,33,3023,1364,1364,1528,102,0,29,0,628,8,6,2,8
56,21,moe,804,33,3967,935,935,2782,173,0,77,0,758,8,5,3,8
56,22,moe,807,34,2203,1245,1245,850,50,0,58,0,627,8,7,1,8
56,23,moe,663,34,4979,1977,1977,2762,168,0,72,0,742,8,5,3,8
56,24,moe,802,36,5953,920,920,4824,174,0,35,0,748,8,5,3,8
56,25,moe,806,35,5669,2793,2793,2667,176,0,33,0,740,8,5,3,8
56,26,moe,647,32,8680,3899,3899,4448,285,0,48,0,741,8,3,5,8
56,-1,epi,0,0,0,0,0,0,0,0,5889,0,0,0,0,0,0
57,-2,pre,38,0,0,0,0,0,0,0,0,0,0,0,0,0,0
57,0,dense,1475,38,0,0,0,0,0,0,0,0,0,0,0,0,0
57,1,moe,825,34,3471,1553,1553,1777,115,0,26,0,754,8,6,2,8
57,2,moe,746,32,9,0,0,0,0,0,9,0,754,8,8,0,8
57,3,moe,673,32,6235,2312,2312,3636,235,0,52,0,761,8,4,4,8
57,4,moe,796,40,10,0,0,0,0,0,10,0,650,8,8,0,8
57,5,moe,843,37,4237,1634,1634,2359,152,0,92,0,633,8,5,3,8
57,6,moe,741,36,2331,1226,1226,989,58,0,58,0,754,8,7,1,8
57,7,moe,687,36,5555,2964,2966,2364,148,0,77,0,628,8,5,3,8
57,8,moe,745,35,1892,1054,1055,768,51,0,18,0,631,8,7,1,8
57,9,moe,810,37,10,0,0,0,0,0,10,0,745,8,8,0,8
57,10,moe,733,34,9,0,0,0,0,0,9,0,631,8,8,0,8
57,11,moe,656,32,5959,3487,3487,2293,146,0,33,0,627,8,5,3,8
57,12,moe,733,33,9,0,0,0,0,0,9,0,747,8,8,0,8
57,13,moe,804,34,1996,1165,1166,761,49,0,20,0,628,8,7,1,8
57,14,moe,746,35,2743,1295,1295,1377,51,0,20,0,628,8,7,1,8
57,15,moe,648,31,4502,2435,2435,1867,118,0,82,0,752,8,6,2,8
57,16,moe,730,34,1260,280,280,851,52,0,77,0,638,8,7,1,8
57,17,moe,805,37,1124,288,288,763,52,0,21,0,633,8,7,1,8
57,18,moe,736,35,2390,1280,1280,995,59,0,56,0,754,8,7,1,8
57,19,moe,669,36,1182,266,266,816,49,0,51,0,637,8,7,1,8
57,20,moe,750,35,9,0,0,0,0,0,9,0,640,8,8,0,8
57,21,moe,822,39,6107,2551,2552,3365,115,0,75,0,742,8,6,2,8
57,22,moe,805,36,3150,1362,1362,1612,101,0,75,0,632,8,6,2,8
57,23,moe,668,37,2718,624,624,1914,117,0,63,0,752,8,6,2,8
57,24,moe,811,35,5041,1671,1671,3221,117,0,32,0,743,8,6,2,8
57,25,moe,810,37,2268,1299,1299,887,60,0,22,0,745,8,7,1,8
57,26,moe,669,33,7587,1867,1868,5316,341,0,62,0,752,8,2,6,8
57,-1,epi,0,0,0,0,0,0,0,0,5949,0,0,0,0,0,0
58,-2,pre,429,0,0,0,0,0,0,0,0,0,0,0,0,0,0
58,0,dense,1479,36,0,0,0,0,0,0,0,0,0,0,0,0,0
58,1,moe,833,34,2279,1309,1309,890,56,0,24,0,758,8,7,1,8
58,2,moe,748,38,10,0,0,0,0,0,10,0,766,8,8,0,8
58,3,moe,685,34,6371,3325,3325,2807,203,0,36,0,778,8,5,3,8
58,4,moe,726,41,6298,1799,1799,4249,164,0,86,0,674,8,5,3,8
58,5,moe,836,38,1948,1088,1088,783,55,0,22,0,621,8,7,1,8
58,6,moe,744,42,11,0,0,0,0,0,11,0,740,8,8,0,8
58,7,moe,675,36,2049,1211,1211,762,55,0,21,0,648,8,7,1,8
58,8,moe,754,36,2586,1136,1136,1379,52,0,19,0,633,8,7,1,8
58,9,moe,818,39,2530,1390,1390,1013,57,0,70,0,768,8,7,1,8
58,10,moe,740,36,10,0,0,0,0,0,10,0,633,8,8,0,8
58,11,moe,664,32,8,0,0,0,0,0,8,0,642,8,8,0,8
58,12,moe,752,33,9,0,0,0,0,0,9,0,762,8,8,0,8
58,13,moe,826,34,3191,1410,1411,1592,100,0,88,0,643,8,6,2,8
58,14,moe,753,35,9,0,0,0,0,0,9,0,653,8,8,0,8
58,15,moe,686,35,4546,2460,2461,1902,115,0,68,0,760,8,6,2,8
58,16,moe,745,38,2260,1317,1317,832,51,0,60,0,636,8,7,1,8
58,17,moe,821,36,1955,1106,1106,775,53,1,20,0,634,8,7,1,8
58,18,moe,746,34,8,0,0,0,0,0,8,0,753,8,8,0,8
58,19,moe,679,33,5075,2605,2605,2286,147,0,37,0,636,8,5,3,8
58,20,moe,736,34,1117,277,277,772,50,0,18,0,630,8,7,1,8
58,21,moe,812,33,1403,310,310,973,56,0,64,0,762,8,7,1,8
58,22,moe,812,34,3150,1388,1388,1584,99,1,78,0,647,8,6,2,8
58,23,moe,668,34,2677,635,635,1867,116,0,59,0,761,8,6,2,8
58,24,moe,821,37,2303,1340,1340,885,58,0,20,0,756,8,7,1,8
58,25,moe,817,35,2544,641,641,1762,115,0,26,0,767,8,6,2,8
58,26,moe,672,33,4971,2102,2102,2661,170,0,38,0,756,8,5,3,8
58,-1,epi,0,0,0,0,0,0,0,0,6049,0,0,0,0,0,0
59,-2,pre,38,0,0,0,0,0,0,0,0,0,0,0,0,0,0
59,0,dense,1535,31,0,0,0,0,0,0,0,0,0,0,0,0,0
59,1,moe,848,29,9,0,0,0,0,0,9,0,788,8,8,0,8
59,2,moe,762,251,4582,3615,3615,884,59,0,24,0,768,8,7,1,8
59,3,moe,676,34,2567,661,661,1764,115,0,27,0,757,8,6,2,8
59,4,moe,756,36,9,0,0,0,0,0,9,0,643,8,8,0,8
59,5,moe,819,34,9,0,0,0,0,0,9,0,649,8,8,0,8
59,6,moe,751,34,2579,1617,1617,883,56,0,23,0,758,8,7,1,8
59,7,moe,668,32,2169,1203,1203,861,50,0,55,0,637,8,7,1,8
59,8,moe,753,38,9,0,0,0,0,0,9,0,649,8,8,0,8
59,9,moe,827,37,2201,323,323,1774,58,0,46,0,758,8,7,1,8
59,10,moe,745,33,2080,1149,1149,832,49,3,47,0,641,8,7,1,8
59,11,moe,667,32,2060,1234,1234,760,49,0,17,0,641,8,7,1,8
59,12,moe,756,35,1432,304,304,1014,56,0,58,0,756,8,7,1,8
59,13,moe,812,32,4080,2338,2338,1576,97,0,69,0,636,8,6,2,8
59,14,moe,743,34,3165,1508,1508,1531,97,0,29,0,638,8,6,2,8
59,15,moe,666,33,1424,332,332,979,58,0,55,0,767,8,7,1,8
59,16,moe,752,35,3271,1513,1513,1591,98,0,69,0,643,8,6,2,8
59,17,moe,819,35,1978,1149,1149,761,49,0,19,0,637,8,7,1,8
59,18,moe,743,34,2426,1278,1278,1029,58,0,61,0,773,8,7,1,8
59,19,moe,666,33,4095,2340,2340,1587,101,0,67,0,636,8,6,2,8
59,20,moe,740,34,4316,1830,1830,2298,145,3,40,0,635,8,5,3,8
59,21,moe,809,35,7345,3382,3382,3650,224,0,89,0,754,8,4,4,8
59,22,moe,807,35,8831,3809,3810,4626,293,0,102,0,642,8,2,6,8
59,23,moe,663,36,7459,2510,2511,4573,282,0,93,0,760,8,3,5,8
59,24,moe,802,34,6256,2457,2457,3532,225,0,42,0,751,8,4,4,8
59,25,moe,806,33,8723,3000,3000,5322,341,0,60,0,749,8,2,6,8
59,26,moe,654,34,8653,2936,2937,5321,336,0,59,0,754,8,2,6,8
59,-1,epi,0,0,0,0,0,0,0,0,5945,0,0,0,0,0,0
60,-2,pre,67,0,0,0,0,0,0,0,0,0,0,0,0,0,0
60,0,dense,1484,37,0,0,0,0,0,0,0,0,0,0,0,0,0
60,1,moe,841,35,3023,1333,1333,1610,59,0,21,0,762,8,7,1,8
60,2,moe,748,34,2921,1232,1232,1611,59,0,19,0,754,8,7,1,8
60,3,moe,662,35,7059,3237,3237,3555,225,0,42,0,752,8,4,4,8
60,4,moe,735,35,2137,1165,1165,848,50,0,74,0,636,8,7,1,8
60,5,moe,803,34,2002,1162,1162,769,51,0,20,0,627,8,7,1,8
60,6,moe,736,35,9,0,1,0,0,0,8,0,751,8,8,0,8
60,7,moe,659,33,7,0,0,0,0,0,7,0,636,8,8,0,8
60,8,moe,742,33,3879,2228,2228,1522,99,0,30,0,654,8,6,2,8
60,9,moe,811,34,2373,1231,1231,1015,58,0,69,0,767,8,7,1,8
60,10,moe,738,33,2100,1142,1142,840,52,0,66,0,639,8,7,1,8
60,11,moe,665,33,1122,289,290,765,51,0,16,0,638,8,7,1,8
60,12,moe,741,33,1757,639,639,1002,60,0,56,0,756,8,7,1,8
60,13,moe,819,34,9,0,0,0,0,0,9,0,641,8,8,0,8
60,14,moe,753,37,2306,536,536,1593,99,1,77,0,646,8,6,2,8
60,15,moe,672,36,3957,913,913,2790,177,0,77,0,764,8,5,3,8
60,16,moe,740,35,11,0,0,0,0,0,11,0,649,8,8,0,8
60,17,moe,821,36,2181,1210,1211,851,51,0,68,0,643,8,7,1,8
60,18,moe,746,36,9,0,0,0,0,0,9,0,763,8,8,0,8
60,19,moe,678,36,4428,1506,1506,2795,102,0,25,0,634,8,6,2,8
60,20,moe,750,35,2696,1232,1232,1395,51,0,18,0,643,8,7,1,8
60,21,moe,816,36,4052,960,960,2830,175,0,87,0,752,8,5,3,8
60,22,moe,815,37,4520,1436,1436,2914,101,0,69,0,632,8,6,2,8
60,23,moe,662,33,9378,2411,2411,6651,234,1,81,0,742,8,4,4,8
60,24,moe,801,35,6344,2472,2472,3608,223,0,41,0,754,8,4,4,8
60,25,moe,803,35,2579,641,641,1794,119,0,25,0,751,8,6,2,8
60,26,moe,669,36,2560,616,616,1800,116,0,28,0,750,8,6,2,8
60,-1,epi,0,0,0,0,0,0,0,0,6017,0,0,0,0,0,0
61,-2,pre,64,0,0,0,0,0,0,0,0,0,0,0,0,0,0
61,0,dense,1492,39,0,0,0,0,0,0,0,0,0,0,0,0,0
61,1,moe,844,37,2279,1291,1291,909,58,0,21,0,762,8,7,1,8
61,2,moe,754,37,4549,2602,2602,1809,113,0,25,0,753,8,6,2,8
61,3,moe,656,33,3851,960,960,2687,171,0,33,0,759,8,5,3,8
61,4,moe,745,33,3225,1433,1433,1608,101,0,83,0,639,8,6,2,8
61,5,moe,816,37,1983,1129,1129,786,50,0,18,0,640,8,7,1,8
61,6,moe,747,37,9,0,1,0,0,0,8,0,750,8,8,0,8
61,7,moe,673,31,2023,1176,1176,772,52,0,23,0,632,8,7,1,8
61,8,moe,738,36,9,0,0,0,0,0,9,0,638,8,8,0,8
61,9,moe,823,36,8,0,0,0,0,0,8,0,761,8,8,0,8
61,10,moe,747,34,9,0,0,0,0,0,9,0,649,8,8,0,8
61,11,moe,678,33,2029,1180,1180,776,52,0,21,0,651,8,7,1,8
61,12,moe,745,36,8,0,0,0,0,0,8,0,771,8,8,0,8
61,13,moe,833,36,9,0,0,0,0,0,9,0,649,8,8,0,8
61,14,moe,759,33,2036,1179,1179,787,49,0,21,0,646,8,7,1,8
61,15,moe,674,30,2398,1251,1251,1011,62,0,74,0,762,8,7,1,8
61,16,moe,746,34,9,0,0,0,0,0,9,0,645,8,8,0,8
61,17,moe,843,35,4024,2213,2214,1622,100,0,88,0,639,8,6,2,8
61,18,moe,741,34,9015,3726,3726,5051,174,0,64,0,752,8,5,3,8
61,19,moe,658,34,3219,1430,1430,1614,101,0,74,0,630,8,6,2,8
61,20,moe,736,35,9098,3219,3219,5629,204,0,46,0,633,8,4,4,8
61,21,moe,804,37,12199,6165,6165,5556,347,0,131,0,749,8,2,6,8
61,22,moe,804,38,7296,3807,3807,3197,205,0,87,0,630,8,4,4,8
61,23,moe,1140,35,7144,3079,3080,3738,227,0,99,0,747,8,4,4,8
61,24,moe,802,35,5156,1268,1268,3610,225,0,53,0,752,8,4,4,8
61,25,moe,825,42,9248,4379,4379,4534,280,0,55,0,751,8,3,5,8
61,26,moe,653,35,8949,3131,3132,5408,341,0,68,0,745,8,2,6,8
61,-1,epi,0,0,0,0,0,0,0,0,5953,0,0,0,0,0,0
62,-2,pre,41,0,0,0,0,0,0,0,0,0,0,0,0,0,0
62,0,dense,1496,43,0,0,0,0,0,0,0,0,0,0,0,0,0
62,1,moe,845,39,11,0,0,0,0,0,11,0,777,8,8,0,8
62,2,moe,752,39,10,0,0,0,0,0,10,0,773,8,8,0,8
62,3,moe,676,34,8488,3244,3244,5012,179,0,53,0,716,8,5,3,8
62,4,moe,715,40,1282,278,278,850,59,0,95,0,714,8,7,1,8
62,5,moe,780,42,10,0,0,0,0,0,10,0,604,8,8,0,8
62,6,moe,721,42,2359,1216,1216,1004,66,0,73,0,824,8,7,1,8
62,7,moe,829,41,10,0,0,0,0,0,10,0,622,8,8,0,8
62,8,moe,712,37,1251,276,276,840,55,1,79,0,635,8,7,1,8
62,9,moe,801,37,9,0,0,0,0,0,9,0,717,8,8,0,8
62,10,moe,720,36,8,0,0,0,0,0,8,0,620,8,8,0,8
62,11,moe,653,34,3120,1386,1386,1587,113,0,34,0,634,8,6,2,8
62,12,moe,732,36,1476,335,335,1018,58,0,65,0,723,8,7,1,8
62,13,moe,792,37,1220,266,266,839,51,0,64,0,607,8,7,1,8
62,14,moe,729,40,1118,255,256,790,51,0,21,0,600,8,7,1,8
62,15,moe,652,35,8,0,0,0,0,0,8,0,750,8,8,0,8
62,16,moe,734,39,9,0,0,0,0,0,9,0,570,8,8,0,8
62,17,moe,735,38,10,0,0,0,0,0,10,0,567,8,8,0,8
62,18,moe,695,40,2474,1272,1273,1066,64,0,71,0,666,8,7,1,8
62,19,moe,602,37,4503,1720,1721,2524,165,0,93,0,571,8,5,3,8
62,20,moe,683,37,2111,1210,1210,823,56,0,22,0,567,8,7,1,8
62,21,moe,728,37,7681,2054,2054,5340,184,0,103,0,664,8,5,3,8
62,22,moe,727,38,3494,1577,1577,1737,104,0,76,0,565,8,6,2,8
62,23,moe,603,36,4193,971,971,2953,187,0,82,0,659,8,5,3,8
62,24,moe,727,37,5136,2052,2052,2862,182,0,40,0,658,8,5,3,8
62,25,moe,722,37,4060,970,970,2864,180,0,46,0,666,8,5,3,8
62,26,moe,613,35,5225,2139,2139,2866,179,0,41,0,650,8,5,3,8
62,-1,epi,0,0,0,0,0,0,0,0,4588,0,0,0,0,0,0
63,-2,pre,206,0,0,0,0,0,0,0,0,0,0,0,0,0,0
63,0,dense,1261,39,0,0,0,0,0,0,0,0,0,0,0,0,0
63,1,moe,741,40,2498,669,669,1739,63,0,27,0,661,8,7,1,8
63,2,moe,688,38,5850,2746,2746,2872,188,0,44,0,674,8,5,3,8
63,3,moe,610,37,4645,2559,2559,1933,124,0,29,0,661,8,6,2,8
63,4,moe,677,39,1302,284,284,890,52,0,76,0,571,8,7,1,8
63,5,moe,716,38,3245,1462,1462,1641,108,0,34,0,568,8,6,2,8
63,6,moe,667,38,9,0,0,0,0,0,9,0,647,8,8,0,8
63,7,moe,591,34,3181,1396,1396,1644,110,0,31,0,571,8,6,2,8
63,8,moe,673,35,9,0,0,0,0,0,9,0,562,8,8,0,8
63,9,moe,725,36,1512,323,324,1053,63,0,72,0,651,8,7,1,8
63,10,moe,680,35,9,0,0,0,0,0,9,0,569,8,8,0,8
63,11,moe,591,34,8,0,0,0,0,0,8,0,556,8,8,0,8
63,12,moe,670,34,6841,3721,3722,2887,179,0,53,0,665,8,5,3,8
63,13,moe,715,37,1300,285,285,887,53,0,75,0,567,8,7,1,8
63,14,moe,667,36,4480,1804,1804,2469,161,0,46,0,575,8,5,3,8
63,15,moe,593,35,3852,1647,1647,2000,130,0,75,0,664,8,6,2,8
63,16,moe,673,35,2835,931,931,1727,109,1,67,0,562,8,6,2,8
63,17,moe,721,36,3251,1458,1458,1651,108,0,34,0,566,8,6,2,8
63,18,moe,679,37,2408,1214,1214,1067,63,0,64,0,655,8,7,1,8
63,19,moe,603,35,4406,1622,1623,2532,162,0,89,0,571,8,5,3,8
63,20,moe,680,38,1198,299,299,822,54,0,23,0,561,8,7,1,8
63,21,moe,724,49,3873,1675,1675,2001,122,0,75,0,655,8,6,2,8
63,22,moe,720,39,7423,3753,3753,3357,211,0,102,0,562,8,4,4,8
63,23,moe,11751,36,8,0,0,0,0,0,8,0,638,8,8,0,8
63,24,moe,711,40,8157,2892,2893,4854,297,0,113,0,656,8,3,5,8
63,25,moe,708,35,7384,3272,3274,3813,243,0,54,0,654,8,4,4,8
63,26,moe,594,35,3547,1494,1494,1904,121,0,28,0,648,8,6,2,8
63,-1,epi,0,0,0,0,0,0,0,0,4539,0,0,0,0,0,0
64,-2,pre,48,0,0,0,0,0,0,0,0,0,0,0,0,0,0
64,0,dense,1266,36,0,0,0,0,0,0,0,0,0,0,0,0,0
64,1,moe,718,36,9,0,0,0,0,0,9,0,652,8,8,0,8
64,2,moe,685,36,9,0,0,0,0,0,9,0,652,8,8,0,8
64,3,moe,619,38,5409,1284,1284,3832,244,0,49,0,664,8,4,4,8
64,4,moe,677,42,10,0,0,0,0,0,10,0,558,8,8,0,8
64,5,moe,700,41,1350,294,294,916,57,0,83,0,553,8,7,1,8
64,6,moe,657,36,8,0,0,0,0,0,8,0,624,8,8,0,8
64,7,moe,590,39,2377,526,526,1707,113,0,31,0,562,8,6,2,8
64,8,moe,663,38,4255,2405,2406,1704,113,0,32,0,554,8,6,2,8
64,9,moe,696,41,6250,2875,2876,3098,187,0,89,0,626,8,5,3,8
64,10,moe,649,48,9,0,0,0,0,0,9,0,546,8,8,0,8
64,11,moe,598,36,1330,279,280,922,55,0,73,0,552,8,7,1,8
64,12,moe,654,40,2517,1313,1313,1087,62,1,54,0,634,8,7,1,8
64,13,moe,684,37,1334,286,286,929,57,0,62,0,558,8,7,1,8
64,14,moe,669,38,2816,956,956,1715,114,0,31,0,555,8,6,2,8
64,15,moe,601,38,8,0,0,0,0,0,8,0,627,8,8,0,8
64,16,moe,657,37,8,0,0,0,0,0,8,0,563,8,8,0,8
64,17,moe,687,37,2045,1104,1105,862,57,0,21,0,557,8,7,1,8
64,18,moe,652,36,8,0,0,0,0,0,8,0,637,8,8,0,8
64,19,moe,588,37,2419,578,578,1701,109,0,31,0,557,8,6,2,8
64,20,moe,664,39,8,0,0,0,0,0,8,0,547,8,8,0,8
64,21,moe,687,40,7139,2650,2650,4127,259,0,103,0,636,8,4,4,8
64,22,moe,693,39,3896,991,991,2637,171,0,97,0,554,8,5,3,8
64,23,moe,585,38,1494,307,307,1069,64,0,54,0,636,8,7,1,8
64,24,moe,700,37,6084,2872,2872,2973,196,0,43,0,629,8,5,3,8
64,25,moe,680,37,3825,1663,1663,1997,130,0,35,0,633,8,6,2,8
64,26,moe,600,36,5553,1249,1249,3992,261,0,51,0,627,8,4,4,8
64,-1,epi,0,0,0,0,0,0,0,0,4075,0,0,0,0,0,0
65,-2,pre,1153,0,0,0,0,0,0,0,0,0,0,0,0,0,0
65,0,dense,1173,43,0,0,0,0,0,0,0,0,0,0,0,0,0
65,1,moe,697,40,9013,5783,5783,2990,194,0,46,0,627,8,5,3,8
65,2,moe,668,38,6000,2770,2770,2988,193,0,49,0,628,8,5,3,8
65,3,moe,592,38,1743,655,655,1000,65,0,23,0,623,8,7,1,8
65,4,moe,654,41,3597,1625,1625,1790,110,0,72,0,562,8,6,2,8
65,5,moe,688,38,10,0,0,0,0,0,10,0,561,8,8,0,8
65,6,moe,660,36,4971,2671,2671,2091,126,0,83,0,631,8,6,2,8
65,7,moe,598,37,4174,2208,2208,1772,113,0,81,0,559,8,6,2,8
65,8,moe,658,37,9,0,0,0,0,0,9,0,553,8,8,0,8
65,9,moe,686,38,9,0,0,0,0,0,9,0,627,8,8,0,8
65,10,moe,643,35,4177,2336,2336,1700,108,0,33,0,555,8,6,2,8
65,11,moe,596,41,6198,3430,3430,2554,167,0,47,0,555,8,5,3,8
65,12,moe,650,36,2513,1233,1233,1129,66,0,85,0,631,8,7,1,8
65,13,moe,699,37,2152,1119,1119,907,58,0,68,0,554,8,7,1,8
65,14,moe,669,40,3258,1414,1414,1702,107,0,35,0,561,8,6,2,8
65,15,moe,599,39,7613,3191,3191,4075,247,0,100,0,633,8,4,4,8
65,16,moe,647,41,4221,2271,2271,1759,109,0,82,0,554,8,6,2,8
65,17,moe,679,39,5311,2559,2560,2546,165,0,40,0,558,8,5,3,8
65,18,moe,653,39,8313,3951,3951,4009,247,0,106,0,656,8,4,4,8
65,19,moe,624,36,10284,4012,4012,5781,362,0,129,0,567,8,1,7,8
65,20,moe,661,38,4010,2237,2237,1637,104,0,32,0,562,8,6,2,8
65,21,moe,709,37,6765,3515,3516,2977,177,0,95,0,655,8,5,3,8
65,22,moe,725,41,11113,5702,5702,4973,320,0,118,0,570,8,2,6,8
65,23,moe,599,34,4642,2459,2459,1988,121,0,74,0,672,8,6,2,8
65,24,moe,757,40,7065,2966,2967,3810,241,0,47,0,659,8,4,4,8
65,25,moe,736,41,6832,3711,3712,2871,204,0,45,0,844,8,5,3,8
65,26,moe,643,43,2344,1260,1260,968,86,0,30,0,737,8,7,1,8
65,-1,epi,0,0,0,0,0,0,0,0,4488,0,0,0,0,0,0
66,-2,pre,51,0,0,0,0,0,0,0,0,0,0,0,0,0,0
66,0,dense,1239,42,0,0,0,0,0,0,0,0,0,0,0,0,0
66,1,moe,719,38,5943,2749,2749,2954,191,0,49,0,626,8,5,3,8
66,2,moe,653,39,10,0,0,0,0,0,10,0,607,8,8,0,8
66,3,moe,596,36,3951,1813,1813,1978,127,0,33,0,622,8,6,2,8
66,4,moe,652,39,2553,600,600,1771,109,0,73,0,551,8,6,2,8
66,5,moe,686,36,10,0,0,0,0,0,10,0,545,8,8,0,8
66,6,moe,647,36,9,0,0,0,0,0,9,0,615,8,8,0,8
66,7,moe,618,37,10,0,0,0,0,0,10,0,601,8,8,0,8
66,8,moe,636,39,2089,1150,1150,851,62,0,26,0,643,8,7,1,8
66,9,moe,724,43,1516,314,314,1082,66,0,54,0,804,8,7,1,8
66,10,moe,663,48,9,0,0,0,0,0,9,0,587,8,8,0,8
66,11,moe,605,43,5992,2179,2179,3475,238,0,100,0,625,8,4,4,8
66,12,moe,642,40,1556,317,317,1099,66,0,74,0,629,8,7,1,8
66,13,moe,691,38,1321,281,281,906,57,0,77,0,556,8,7,1,8
66,14,moe,671,36,9,0,0,0,0,0,9,0,544,8,8,0,8
66,15,moe,594,35,3908,1627,1627,2077,128,0,76,0,634,8,6,2,8
66,16,moe,664,39,2577,604,604,1776,112,0,85,0,571,8,6,2,8
66,17,moe,695,40,2435,569,569,1717,113,0,36,0,561,8,6,2,8
66,18,moe,663,39,2496,1274,1274,1094,67,0,61,0,628,8,7,1,8
66,19,moe,592,34,2494,545,546,1766,108,0,74,0,555,8,6,2,8
66,20,moe,672,39,9,0,0,0,0,0,9,0,552,8,8,0,8
66,21,moe,695,40,2936,646,647,2094,129,0,66,0,628,8,6,2,8
66,22,moe,710,43,1697,654,654,916,56,0,71,0,558,8,7,1,8
66,23,moe,600,37,3830,1559,1559,2075,124,0,72,0,628,8,6,2,8
66,24,moe,692,38,3660,1519,1519,1982,126,0,33,0,638,8,6,2,8
66,25,moe,698,36,3818,1667,1668,1981,132,0,37,0,620,8,6,2,8
66,26,moe,602,38,3694,1546,1547,1984,128,0,35,0,629,8,6,2,8
66,-1,epi,0,0,0,0,0,0,0,0,3823,0,0,0,0,0,0
67,-2,pre,212,0,0,0,0,0,0,0,0,0,0,0,0,0,0
67,0,dense,1180,39,0,0,0,0,0,0,0,0,0,0,0,0,0
67,1,moe,694,40,7499,3212,3212,3970,257,0,60,0,626,8,4,4,8
67,2,moe,662,40,2358,1270,1271,994,67,0,26,0,618,8,7,1,8
67,3,moe,598,36,12491,5008,5008,7179,251,0,53,0,623,8,4,4,8
67,4,moe,658,37,5309,1938,1938,3185,108,0,78,0,553,8,6,2,8
67,5,moe,687,37,6321,3561,3561,2556,163,0,41,0,558,8,5,3,8
67,6,moe,658,37,10,0,0,0,0,0,10,0,622,8,8,0,8
67,7,moe,599,42,2157,1217,1218,857,56,0,26,0,580,8,7,1,8
67,8,moe,676,37,4111,2263,2264,1699,113,0,35,0,556,8,6,2,8
67,9,moe,692,37,10,0,0,0,0,1,9,0,617,8,8,0,8
67,10,moe,654,36,7411,3729,3729,3405,220,0,57,0,559,8,4,4,8
67,11,moe,577,36,9212,2781,2781,6163,216,0,52,0,553,8,4,4,8
67,12,moe,670,44,1579,330,330,1107,66,0,76,0,647,8,7,1,8
67,13,moe,732,44,4263,2304,2304,1769,110,0,80,0,561,8,6,2,8
67,14,moe,669,40,2764,1144,1144,1540,56,0,24,0,549,8,7,1,8
67,15,moe,591,35,7740,3327,3328,4055,257,0,100,0,640,8,4,4,8
67,16,moe,655,38,3422,1422,1422,1795,114,0,91,0,554,8,6,2,8
67,17,moe,685,40,5314,2548,2548,2553,169,0,44,0,581,8,5,3,8
67,18,moe,653,39,2391,1187,1187,1074,66,0,64,0,626,8,7,1,8
67,19,moe,593,36,8768,2225,2225,6217,217,0,109,0,554,8,4,4,8
67,20,moe,656,37,5475,2262,2262,3074,108,0,31,0,550,8,6,2,8
67,21,moe,687,37,13010,3469,3470,9123,309,0,108,0,633,8,3,5,8
67,22,moe,705,40,5395,2501,2501,2631,169,0,94,0,561,8,5,3,8
67,23,moe,600,36,11248,3551,3551,7347,248,0,102,0,625,8,4,4,8
67,24,moe,692,40,8855,3538,3539,4949,311,0,56,0,637,8,3,5,8
67,25,moe,692,44,9384,3759,3759,5394,185,0,46,0,623,8,5,3,8
67,26,moe,602,39,14471,5455,5455,8660,295,0,61,0,654,8,3,5,8
67,-1,epi,0,0,0,0,0,0,0,0,4434,0,0,0,0,0,0
68,-2,pre,1182,0,0,0,0,0,0,0,0,0,0,0,0,0,0
68,0,dense,1233,42,0,0,0,0,0,0,0,0,0,0,0,0,0
68,1,moe,732,39,10409,5265,5265,4777,308,0,59,0,651,8,3,5,8
68,2,moe,668,36,4448,2387,2387,1907,120,0,34,0,651,8,6,2,8
68,3,moe,605,35,4610,2544,2544,1910,125,0,31,0,649,8,6,2,8
68,4,moe,663,38,8224,4554,4554,3354,210,0,106,0,569,8,4,4,8
68,5,moe,719,35,10,0,0,0,0,0,10,0,556,8,8,0,8
68,6,moe,670,38,3166,1237,1237,1814,60,0,55,0,646,8,7,1,8
68,7,moe,620,37,9,0,0,0,0,0,9,0,553,8,8,0,8
68,8,moe,697,39,11,0,0,0,0,0,11,0,572,8,8,0,8
68,9,moe,713,36,2381,1301,1301,988,66,0,26,0,626,8,7,1,8
68,10,moe,667,36,4942,1554,1554,3188,108,0,92,0,551,8,6,2,8
68,11,moe,586,35,6406,1646,1646,4554,161,0,45,0,568,8,5,3,8
68,12,moe,665,35,2305,319,319,1861,61,0,64,0,648,8,7,1,8
68,13,moe,722,40,2825,1117,1117,1589,51,0,68,0,568,8,7,1,8
68,14,moe,680,37,1847,291,291,1482,53,0,21,0,556,8,7,1,8
68,15,moe,597,40,3880,1574,1574,2102,128,0,76,0,631,8,6,2,8
68,16,moe,660,35,9,0,0,0,0,0,9,0,560,8,8,0,8
68,17,moe,692,39,1348,307,307,908,58,0,75,0,561,8,7,1,8
68,18,moe,671,38,9,0,0,0,0,0,9,0,625,8,8,0,8
68,19,moe,603,38,4592,1817,1817,2566,167,0,42,0,557,8,5,3,8
68,20,moe,669,39,1217,289,289,853,55,0,20,0,554,8,7,1,8
68,21,moe,700,41,9,0,0,0,0,0,9,0,621,8,8,0,8
68,22,moe,685,37,2556,715,715,1697,109,0,35,0,556,8,6,2,8
68,23,moe,605,37,1530,304,304,1092,64,0,70,0,647,8,7,1,8
68,24,moe,687,37,4765,2612,2612,1989,131,0,33,0,626,8,6,2,8
68,25,moe,695,37,4181,968,968,2978,192,0,43,0,627,8,5,3,8
68,26,moe,591,37,5212,2014,2014,2964,187,0,47,0,632,8,5,3,8
68,-1,epi,0,0,0,0,0,0,0,0,3833,0,0,0,0,0,0
69,-2,pre,46,0,0,0,0,0,0,0,0,0,0,0,0,0,0
69,0,dense,1206,40,0,0,0,0,0,0,0,0,0,0,0,0,0
69,1,moe,695,43,3782,1633,1633,1980,130,0,39,0,621,8,6,2,8
69,2,moe,660,37,10,0,0,0,0,0,10,0,614,8,8,0,8
69,3,moe,601,35,8705,3070,3071,5404,187,0,43,0,625,8,5,3,8
69,4,moe,668,41,2236,1156,1156,940,57,0,83,0,548,8,7,1,8
69,5,moe,692,38,9,0,0,0,0,0,9,0,549,8,8,0,8
69,6,moe,652,36,9,0,0,0,0,0,9,0,613,8,8,0,8
69,7,moe,591,36,4142,2290,2290,1704,113,0,35,0,555,8,6,2,8
69,8,moe,673,38,1890,273,273,1539,54,0,24,0,551,8,7,1,8
69,9,moe,680,38,9,0,0,0,0,0,9,0,618,8,8,0,8
69,10,moe,657,37,5552,2328,2329,3078,107,0,38,0,555,8,6,2,8
69,11,moe,596,36,3279,1429,1429,1700,112,0,38,0,556,8,6,2,8
69,12,moe,664,35,9,0,0,0,0,0,9,0,620,8,8,0,8
69,13,moe,683,36,8,0,0,0,0,0,8,0,552,8,8,0,8
69,14,moe,659,37,1898,283,283,1539,55,0,21,0,563,8,7,1,8
69,15,moe,580,36,1566,330,330,1097,66,0,73,0,625,8,7,1,8
69,16,moe,661,37,9,0,0,0,0,0,9,0,549,8,8,0,8
69,17,moe,691,36,9,0,0,0,0,0,9,0,560,8,8,0,8
69,18,moe,659,36,8,0,0,0,0,0,8,0,629,8,8,0,8
69,19,moe,589,35,9,0,0,0,0,0,9,0,558,8,8,0,8
69,20,moe,669,37,2474,1395,1395,938,56,0,85,0,554,8,7,1,8
69,21,moe,693,38,2482,1282,1282,1075,64,0,61,0,622,8,7,1,8
69,22,moe,692,36,8,0,0,0,0,0,8,0,543,8,8,0,8
69,23,moe,589,35,8,0,0,0,0,0,8,0,612,8,8,0,8
69,24,moe,686,36,1414,335,335,992,67,0,20,0,659,8,7,1,8
69,25,moe,700,37,1402,321,321,993,67,0,21,0,617,8,7,1,8
69,26,moe,594,39,2398,1326,1326,988,64,0,20,0,627,8,7,1,8
69,-1,epi,0,0,0,0,0,0,0,0,3824,0,0,0,0,0,0
70,-2,pre,41,0,0,0,0,0,0,0,0,0,0,0,0,0,0
70,0,dense,1172,39,0,0,0,0,0,0,0,0,0,0,0,0,0
70,1,moe,690,38,3789,1643,1644,1979,132,0,34,0,631,8,6,2,8
70,2,moe,665,39,9,0,0,0,0,0,9,0,619,8,8,0,8
70,3,moe,600,37,5168,1975,1975,2965,188,0,40,0,622,8,5,3,8
70,4,moe,653,37,1319,278,278,906,54,0,81,0,548,8,7,1,8
70,5,moe,695,41,2088,1159,1159,851,58,0,20,0,548,8,7,1,8
70,6,moe,653,37,10,0,0,0,0,0,10,0,608,8,8,0,8
70,7,moe,574,35,2140,1210,1211,850,57,0,22,0,551,8,7,1,8
70,8,moe,669,40,2134,1200,1200,852,58,0,24,0,551,8,7,1,8
70,9,moe,684,37,9,0,0,0,0,0,9,0,615,8,8,0,8
70,10,moe,654,36,4191,2332,2332,1704,122,0,33,0,555,8,6,2,8
70,11,moe,587,39,3212,1355,1355,1705,117,0,35,0,650,8,6,2,8
70,12,moe,668,44,3906,1603,1603,2072,135,0,96,0,711,8,6,2,8
70,13,moe,703,42,5611,2264,2264,3145,114,0,88,0,561,8,6,2,8
70,14,moe,667,38,2880,1267,1267,1536,54,0,23,0,555,8,7,1,8
70,15,moe,577,41,1604,338,338,1117,64,0,85,0,631,8,7,1,8
70,16,moe,656,39,10,0,0,0,0,0,10,0,543,8,8,0,8
70,17,moe,687,39,9,0,0,0,0,0,9,0,550,8,8,0,8
70,18,moe,648,37,1432,352,352,992,64,0,24,0,626,8,7,1,8
70,19,moe,603,35,9,0,0,0,0,0,9,0,543,8,8,0,8
70,20,moe,656,36,2201,1151,1151,927,59,0,64,0,555,8,7,1,8
70,21,moe,698,41,10,0,0,0,0,0,10,0,626,8,8,0,8
70,22,moe,687,36,1877,265,265,1537,55,0,20,0,556,8,7,1,8
70,23,moe,594,31,3858,1572,1573,2075,132,0,78,0,625,8,6,2,8
70,24,moe,694,34,2793,653,653,1978,129,0,33,0,630,8,6,2,8
70,25,moe,692,253,6043,3898,3898,1981,128,0,36,0,623,8,6,2,8
70,26,moe,590,40,1382,299,299,989,65,0,29,0,623,8,7,1,8
70,-1,epi,0,0,0,0,0,0,0,0,3830,0,0,0,0,0,0
71,-2,pre,44,0,0,0,0,0,0,0,0,0,0,0,0,0,0
71,0,dense,1180,43,0,0,0,0,0,0,0,0,0,0,0,0,0
71,1,moe,698,40,11,0,0,0,0,0,11,0,617,8,8,0,8
71,2,moe,665,41,1398,318,318,991,66,0,23,0,628,8,7,1,8
71,3,moe,592,40,5780,3526,3526,2043,165,0,46,0,788,8,6,2,8
71,4,moe,805,39,10,0,0,0,0,0,10,0,546,8,8,0,8
71,5,moe,684,38,3424,1444,1444,1770,110,0,100,0,558,8,6,2,8
71,6,moe,653,39,10,0,0,0,0,0,10,0,627,8,8,0,8
71,7,moe,603,34,2110,1179,1179,854,54,0,23,0,550,8,7,1,8
71,8,moe,651,38,10,0,0,0,0,0,10,0,546,8,8,0,8
71,9,moe,687,35,1549,330,330,1080,64,0,75,0,623,8,7,1,8
71,10,moe,652,37,2313,1260,1260,927,55,0,71,0,569,8,7,1,8
71,11,moe,602,40,1225,294,294,852,58,0,21,0,556,8,7,1,8
71,12,moe,680,38,28,0,0,0,0,0,28,0,626,8,8,0,8
71,13,moe,688,37,2090,1158,1158,850,57,0,25,0,555,8,7,1,8
71,14,moe,658,37,10532,5753,5753,4405,310,0,64,0,607,8,3,5,8
71,15,moe,596,42,1533,308,309,1098,70,0,56,0,672,8,7,1,8
71,16,moe,668,39,2142,1111,1111,917,58,0,56,0,578,8,7,1,8
71,17,moe,741,43,1204,257,257,868,56,0,23,0,571,8,7,1,8
71,18,moe,660,40,2548,1303,1303,1102,65,0,78,0,621,8,7,1,8
71,19,moe,597,39,2232,1188,1189,919,57,0,67,0,564,8,7,1,8
71,20,moe,661,38,9,0,0,0,0,0,9,0,543,8,8,0,8
71,21,moe,688,39,8,0,0,0,0,0,8,0,617,8,8,0,8
71,22,moe,692,38,9,0,0,0,0,0,9,0,544,8,8,0,8
71,23,moe,579,37,5754,2258,2258,3213,201,0,82,0,630,8,5,3,8
71,24,moe,689,40,2416,1292,1292,1031,67,0,26,0,624,8,7,1,8
71,25,moe,696,37,1446,321,321,1034,68,0,23,0,626,8,7,1,8
71,26,moe,588,36,4657,2414,2415,2070,134,0,38,0,635,8,6,2,8
71,-1,epi,0,0,0,0,0,0,0,0,3830,0,0,0,0,0,0
72,-2,pre,202,0,0,0,0,0,0,0,0,0,0,0,0,0,0
72,0,dense,1170,40,0,0,0,0,0,0,0,0,0,0,0,0,0
72,1,moe,683,39,6963,2529,2529,4120,260,0,54,0,631,8,4,4,8
72,2,moe,655,37,7046,3707,3707,3093,201,0,45,0,627,8,5,3,8
72,3,moe,590,38,4633,1293,1293,3095,200,0,45,0,629,8,5,3,8
72,4,moe,661,38,1378,276,276,953,57,0,92,0,554,8,7,1,8
72,5,moe,689,37,1638,669,669,888,60,0,21,0,555,8,7,1,8
72,6,moe,656,37,2501,1243,1243,1133,68,0,57,0,629,8,7,1,8
72,7,moe,602,38,2348,1257,1257,963,59,0,69,0,559,8,7,1,8
72,8,moe,653,38,4185,2261,2261,1770,119,0,35,0,560,8,6,2,8
72,9,moe,688,37,4772,2481,2481,2081,132,0,78,0,627,8,6,2,8
72,10,moe,650,37,9,0,0,0,0,0,9,0,543,8,8,0,8
72,11,moe,600,40,4793,1874,1874,2642,168,3,106,0,555,8,5,3,8
72,12,moe,652,46,4894,2490,2490,2183,135,0,86,0,633,8,6,2,8
72,13,moe,688,39,1335,271,271,945,57,0,62,0,554,8,7,1,8
72,14,moe,659,37,3332,1414,1414,1768,115,0,35,0,559,8,6,2,8
72,15,moe,591,40,5409,2040,2041,3075,194,0,99,0,638,8,5,3,8
72,16,moe,646,35,4214,2232,2232,1791,111,0,80,0,552,8,6,2,8
72,17,moe,680,37,2081,1152,1153,849,57,0,22,0,561,8,7,1,8
72,18,moe,652,38,2523,1280,1280,1116,66,0,61,0,631,8,7,1,8
72,19,moe,592,35,3532,1536,1536,1804,114,0,78,0,554,8,6,2,8
72,20,moe,655,35,3252,1405,1405,1699,115,0,33,0,553,8,6,2,8
72,21,moe,684,37,5310,1928,1928,3094,187,0,101,0,628,8,5,3,8
72,22,moe,681,36,2193,1139,1139,944,56,0,54,0,553,8,7,1,8
72,23,moe,589,35,4335,2053,2053,2093,126,0,63,0,620,8,6,2,8
72,24,moe,5413,37,3637,1494,1494,1981,129,0,33,0,628,8,6,2,8
72,25,moe,689,39,6555,2283,2283,3959,257,0,56,0,623,8,4,4,8
72,26,moe,604,53,7575,3295,3295,3969,258,0,53,0,623,8,4,4,8
72,-1,epi,0,0,0,0,0,0,0,0,3815,0,0,0,0,0,0
73,-2,pre,218,0,0,0,0,0,0,0,0,0,0,0,0,0,0
73,0,dense,1165,38,0,0,0,0,0,0,0,0,0,0,0,0,0
73,1,moe,677,37,8714,4298,4299,4097,259,0,59,0,626,8,4,4,8
73,2,moe,652,54,5977,2645,2645,3093,192,0,47,0,628,8,5,3,8
73,3,moe,589,41,5166,1957,1957,2975,193,0,41,0,624,8,5,3,8
73,4,moe,651,41,3491,1511,1511,1772,111,0,97,0,551,8,6,2,8
73,5,moe,687,38,10,0,0,0,0,1,9,0,542,8,8,0,8
73,6,moe,647,35,9,0,0,0,0,0,9,0,607,8,8,0,8
73,7,moe,578,37,2183,1218,1218,886,58,0,21,0,569,8,7,1,8
73,8,moe,666,42,4151,2228,2228,1773,117,0,33,0,549,8,6,2,8
73,9,moe,692,39,2604,1305,1305,1154,69,0,76,0,667,8,7,1,8
73,10,moe,653,39,5681,2795,2795,2628,163,0,95,0,551,8,5,3,8
73,11,moe,591,36,3243,1395,1395,1703,113,0,32,0,552,8,6,2,8
73,12,moe,656,39,1557,323,323,1110,63,0,61,0,626,8,7,1,8
73,13,moe,689,41,2361,1295,1295,945,57,0,64,0,553,8,7,1,8
73,14,moe,652,38,6023,3248,3248,2558,170,0,47,0,561,8,5,3,8
73,15,moe,583,36,3877,1565,1565,2102,131,0,79,0,630,8,6,2,8
73,16,moe,665,37,2244,1196,1196,923,57,0,68,0,550,8,7,1,8
73,17,moe,684,44,9,0,0,0,0,0,9,0,547,8,8,0,8
73,18,moe,652,36,6166,2795,2795,3080,194,0,97,0,629,8,5,3,8
73,19,moe,598,40,4676,1776,1776,2650,163,0,87,0,562,8,5,3,8
73,20,moe,662,37,4091,2240,2240,1703,113,0,35,0,554,8,6,2,8
73,21,moe,683,38,7029,3674,3674,3074,192,0,89,0,625,8,5,3,8
73,22,moe,680,36,5645,2756,2756,2642,162,0,85,0,553,8,5,3,8
73,23,moe,668,34,10293,6949,6949,3079,186,0,79,0,628,8,5,3,8
73,24,moe,694,38,8266,3970,3971,3982,257,0,56,0,766,8,4,4,8
73,25,moe,687,36,6198,2979,2980,2976,197,0,45,0,635,8,5,3,8
73,26,moe,599,43,1393,318,318,988,65,0,22,0,627,8,7,1,8
73,-1,epi,0,0,0,0,0,0,0,0,3834,0,0,0,0,0,0
74,-2,pre,44,0,0,0,0,0,0,0,0,0,0,0,0,0,0
74,0,dense,1191,40,0,0,0,0,0,0,0,0,0,0,0,0,0
74,1,moe,691,41,1417,332,332,990,68,0,27,0,620,8,7,1,8
74,2,moe,656,39,1390,318,318,987,64,0,21,0,628,8,7,1,8
74,3,moe,604,34,2390,1307,1307,993,66,0,24,0,632,8,7,1,8
74,4,moe,654,36,3548,1569,1569,1783,107,0,89,0,555,8,6,2,8
74,5,moe,684,36,9,0,0,0,0,0,9,0,544,8,8,0,8
74,6,moe,661,39,2470,1235,1235,1100,63,0,72,0,627,8,7,1,8
74,7,moe,580,35,9,0,0,0,0,0,9,0,553,8,8,0,8
74,8,moe,650,36,2264,1198,1198,936,57,0,73,0,558,8,7,1,8
74,9,moe,690,39,2543,1274,1274,1141,66,0,62,0,621,8,7,1,8
74,10,moe,645,37,10,0,0,0,0,0,10,0,554,8,8,0,8
74,11,moe,600,37,8,0,0,0,0,0,8,0,547,8,8,0,8
74,12,moe,656,37,2892,663,663,2060,136,0,33,0,627,8,6,2,8
74,13,moe,692,38,2298,1182,1182,979,57,0,80,0,555,8,7,1,8
74,14,moe,660,39,5474,2603,2603,2656,167,1,47,0,554,8,5,3,8
74,15,moe,585,35,4195,1794,1794,2185,135,0,81,0,640,8,6,2,8
74,16,moe,655,40,3867,855,855,2742,175,0,95,0,556,8,5,3,8
74,17,moe,688,39,3293,1400,1400,1740,117,0,36,0,552,8,6,2,8
74,18,moe,658,36,4828,2512,2512,2094,131,0,91,0,793,8,6,2,8
74,19,moe,634,42,5453,2525,2525,2633,176,0,119,0,628,8,5,3,8
74,20,moe,731,40,3353,1421,1421,1773,121,0,38,0,589,8,6,2,8
74,21,moe,681,40,5428,1925,1926,3205,192,0,105,0,636,8,5,3,8
74,22,moe,694,41,4787,1777,1777,2732,170,0,108,0,555,8,5,3,8
74,23,moe,597,37,4744,2394,2394,2158,130,0,62,0,634,8,6,2,8
74,24,moe,693,39,4089,1865,1865,2058,128,0,38,0,638,8,6,2,8
74,25,moe,692,40,1452,329,329,1034,67,0,22,0,621,8,7,1,8
74,26,moe,580,36,2867,649,649,2055,131,0,32,0,627,8,6,2,8
74,-1,epi,0,0,0,0,0,0,0,0,3819,0,0,0,0,0,0
75,-2,pre,44,0,0,0,0,0,0,0,0,0,0,0,0,0,0
75,0,dense,1194,42,0,0,0,0,0,0,0,0,0,0,0,0,0
75,1,moe,696,39,4028,1795,1795,2062,136,0,35,0,629,8,6,2,8
75,2,moe,667,40,10,0,0,0,0,0,10,0,631,8,8,0,8
75,3,moe,611,38,10,0,0,0,0,0,10,0,623,8,8,0,8
75,4,moe,655,40,9,0,0,0,0,0,9,0,549,8,8,0,8
75,5,moe,693,51,2403,1279,1279,975,60,0,89,0,559,8,7,1,8
75,6,moe,659,39,9,0,0,0,0,0,9,0,621,8,8,0,8
75,7,moe,590,37,2177,1207,1208,885,62,0,22,0,559,8,7,1,8
75,8,moe,658,38,1261,292,292,889,60,0,20,0,556,8,7,1,8
75,9,moe,692,42,9,0,0,0,0,0,9,0,624,8,8,0,8
75,10,moe,649,37,9,0,0,0,0,0,9,0,561,8,8,0,8
75,11,moe,585,36,3393,1472,1473,1768,117,0,35,0,572,8,6,2,8
75,12,moe,653,39,9,0,0,0,0,0,9,0,615,8,8,0,8
75,13,moe,679,40,6487,3607,3607,2661,175,0,44,0,561,8,5,3,8
75,14,moe,655,37,10,0,0,0,0,0,10,0,549,8,8,0,8
75,15,moe,611,39,8,0,0,0,0,0,8,0,623,8,8,0,8
75,16,moe,654,35,6206,3322,3322,2660,179,0,45,0,587,8,5,3,8
75,17,moe,686,38,4735,1862,1862,2657,174,0,42,0,567,8,5,3,8
75,18,moe,651,38,2573,1270,1270,1153,68,0,82,0,630,8,7,1,8
75,19,moe,607,44,4971,2004,2004,2718,169,0,80,0,561,8,5,3,8
75,20,moe,654,36,2126,1164,1164,885,57,0,20,0,552,8,7,1,8
75,21,moe,695,37,4228,1831,1831,2179,135,0,83,0,631,8,6,2,8
75,22,moe,680,38,9,0,0,0,0,0,9,0,543,8,8,0,8
75,23,moe,591,36,3958,1732,1732,2059,135,0,32,0,630,8,6,2,8
75,24,moe,683,37,2381,1257,1257,1033,65,0,26,0,631,8,7,1,8
75,25,moe,685,39,9360,4947,4948,4100,259,0,53,0,626,8,4,4,8
75,26,moe,603,36,3744,1535,1536,2046,129,0,33,0,628,8,6,2,8
75,-1,epi,0,0,0,0,0,0,0,0,3815,0,0,0,0,0,0
76,-2,pre,52,0,0,0,0,0,0,0,0,0,0,0,0,0,0
76,0,dense,1167,41,0,0,0,0,0,0,0,0,0,0,0,0,0
76,1,moe,693,42,10,0,0,0,0,0,10,0,620,8,8,0,8
76,2,moe,645,38,2377,1257,1258,1030,66,0,23,0,626,8,7,1,8
76,3,moe,594,36,9,0,0,0,0,0,9,0,632,8,8,0,8
76,4,moe,655,46,3517,1466,1466,1862,113,0,76,0,560,8,6,2,8
76,5,moe,686,38,2211,1241,1242,886,60,0,23,0,566,8,7,1,8
76,6,moe,654,40,9,0,0,0,0,0,9,0,622,8,8,0,8
76,7,moe,602,40,8,0,0,0,0,0,8,0,554,8,8,0,8
76,8,moe,648,37,9,0,0,0,0,0,9,0,542,8,8,0,8
76,9,moe,679,37,4935,2548,2548,2170,131,0,86,0,628,8,6,2,8
76,10,moe,652,41,3610,1549,1549,1866,115,0,80,0,560,8,6,2,8
76,11,moe,585,36,9,0,0,0,0,1,8,0,550,8,8,0,8
76,12,moe,652,39,9,0,0,0,0,0,9,0,620,8,8,0,8
76,13,moe,676,38,4243,2330,2330,1766,113,0,34,0,557,8,6,2,8
76,14,moe,653,39,10,0,0,0,0,0,10,0,553,8,8,0,8
76,15,moe,588,36,4810,2414,2414,2175,132,0,89,0,639,8,6,2,8
76,16,moe,659,40,3521,1486,1486,1840,111,0,84,0,554,8,6,2,8
76,17,moe,684,40,2096,1122,1122,889,57,0,28,0,558,8,7,1,8
76,18,moe,649,32,9,0,0,0,0,0,9,0,624,8,8,0,8
76,19,moe,594,30,3327,1403,1403,1772,119,1,32,0,559,8,6,2,8
76,20,moe,693,37,1268,298,298,890,60,0,20,0,560,8,7,1,8
76,21,moe,684,43,9,0,0,0,0,0,9,0,623,8,8,0,8
76,22,moe,680,38,4925,2998,2998,1773,117,0,37,0,567,8,6,2,8
76,23,moe,597,37,6289,2786,2787,3209,194,0,99,0,625,8,5,3,8
76,24,moe,688,37,7482,3057,3058,4115,260,0,49,0,633,8,4,4,8
76,25,moe,685,40,2857,639,639,2055,130,0,33,0,623,8,6,2,8
76,26,moe,589,36,8359,3901,3902,4142,257,0,58,0,635,8,4,4,8
76,-1,epi,0,0,0,0,0,0,0,0,3811,0,0,0,0,0,0
77,-2,pre,216,0,0,0,0,0,0,0,0,0,0,0,0,0,0
77,0,dense,1163,40,0,0,0,0,0,0,0,0,0,0,0,0,0
77,1,moe,669,43,10,0,0,0,0,0,10,0,624,8,8,0,8
77,2,moe,653,37,2436,1311,1311,1031,70,0,24,0,628,8,7,1,8
77,3,moe,600,38,2576,1450,1451,1034,68,0,23,0,621,8,7,1,8
77,4,moe,659,41,9,0,0,0,0,0,9,0,562,8,8,0,8
77,5,moe,687,39,9,0,0,0,0,0,9,0,551,8,8,0,8
77,6,moe,646,37,1453,329,329,1032,69,0,23,0,628,8,7,1,8
77,7,moe,606,45,2268,1187,1188,971,60,0,49,0,557,8,7,1,8
77,8,moe,667,56,4190,2285,2286,1756,116,0,32,0,559,8,6,2,8
77,9,moe,694,41,4000,1602,1602,2196,129,0,73,0,633,8,6,2,8
77,10,moe,654,40,3498,1445,1445,1838,119,0,96,0,552,8,6,2,8
77,11,moe,596,38,4202,2270,2270,1776,118,0,38,0,561,8,6,2,8
77,12,moe,652,40,5017,2626,2626,2185,134,0,72,0,626,8,6,2,8
77,13,moe,681,41,4932,1921,1921,2729,175,0,107,0,558,8,5,3,8
77,14,moe,662,40,4229,2309,2309,1775,113,0,32,0,555,8,6,2,8
77,15,moe,608,36,5412,1948,1948,3181,196,0,87,0,634,8,5,3,8
77,16,moe,648,38,4378,2339,2339,1831,114,0,94,0,552,8,6,2,8
77,17,moe,688,39,2127,1156,1156,887,60,0,24,0,556,8,7,1,8
77,18,moe,656,41,7032,2390,2390,4266,268,0,108,0,633,8,4,4,8
77,19,moe,618,39,1404,271,271,968,60,0,105,0,551,8,7,1,8
77,20,moe,657,40,2190,1217,1217,890,60,0,23,0,548,8,7,1,8
77,21,moe,692,42,2599,1326,1327,1142,66,0,64,0,628,8,7,1,8
77,22,moe,682,37,1509,426,426,962,57,0,64,0,554,8,7,1,8
77,23,moe,581,36,2499,1247,1247,1134,66,0,52,0,624,8,7,1,8
77,24,moe,678,38,6920,3598,3599,3084,192,0,45,0,627,8,5,3,8
77,25,moe,682,37,4213,960,961,3011,190,0,51,0,621,8,5,3,8
77,26,moe,596,38,1404,338,338,983,63,0,20,0,616,8,7,1,8
77,-1,epi,0,0,0,0,0,0,0,0,3834,0,0,0,0,0,0
78,-2,pre,91,0,0,0,0,0,0,0,0,0,0,0,0,0,0
78,0,dense,1176,38,0,0,0,0,0,0,0,0,0,0,0,0,0
78,1,moe,700,45,2547,1458,1458,999,65,0,25,0,623,8,7,1,8
78,2,moe,655,37,9,0,0,0,0,0,9,0,618,8,8,0,8
78,3,moe,608,42,1841,714,714,1034,69,0,24,0,621,8,7,1,8
78,4,moe,661,39,4464,2406,2406,1850,113,0,95,0,551,8,6,2,8
78,5,moe,678,38,4169,2256,2256,1766,113,0,34,0,556,8,6,2,8
78,6,moe,660,41,9,0,0,0,0,0,9,0,617,8,8,0,8
78,7,moe,594,36,3478,1562,1562,1766,113,0,37,0,553,8,6,2,8
78,8,moe,652,38,9,0,0,0,0,0,9,0,547,8,8,0,8
78,9,moe,680,46,8,0,0,0,0,0,8,0,624,8,8,0,8
78,10,moe,648,37,1270,299,299,890,60,0,21,0,553,8,7,1,8
78,11,moe,587,54,9,0,0,0,0,0,9,0,544,8,8,0,8
78,12,moe,657,37,2561,1276,1276,1141,68,0,76,0,638,8,7,1,8
78,13,moe,691,38,10,0,0,0,0,0,10,0,556,8,8,0,8
78,14,moe,656,38,1369,282,283,964,60,0,62,0,552,8,7,1,8
78,15,moe,593,37,8,0,0,0,0,0,8,0,629,8,8,0,8
78,16,moe,651,37,8,0,0,0,0,0,8,0,548,8,8,0,8
78,17,moe,682,38,9,0,0,0,0,0,9,0,552,8,8,0,8
78,18,moe,664,41,1638,335,335,1161,65,0,77,0,623,8,7,1,8
78,19,moe,593,37,4354,2313,2313,1835,118,0,88,0,559,8,6,2,8
78,20,moe,662,40,2160,1191,1191,889,58,0,22,0,549,8,7,1,8
78,21,moe,690,43,1727,468,468,1125,64,0,70,0,622,8,7,1,8
78,22,moe,678,37,10529,5657,5658,4463,279,0,129,0,559,8,3,5,8
78,23,moe,594,44,6045,1466,1466,4221,257,0,101,0,627,8,4,4,8
78,24,moe,688,38,6697,3353,3354,3097,198,0,48,0,631,8,5,3,8
78,25,moe,684,38,9,0,0,0,0,0,9,0,616,8,8,0,8
78,26,moe,585,38,2839,624,624,2053,131,0,31,0,621,8,6,2,8
78,-1,epi,0,0,0,0,0,0,0,0,3813,0,0,0,0,0,0
79,-2,pre,72,0,0,0,0,0,0,0,0,0,0,0,0,0,0
79,0,dense,1164,38,0,0,0,0,0,0,0,0,0,0,0,0,0
79,1,moe,688,39,5734,1304,1304,4119,257,0,54,0,634,8,4,4,8
79,2,moe,653,39,7178,3836,3837,3093,203,0,45,0,626,8,5,3,8
79,3,moe,611,37,7907,3467,3467,4121,265,0,54,0,628,8,4,4,8
79,4,moe,649,40,3886,872,872,2727,181,0,106,0,643,8,5,3,8
79,5,moe,719,43,1258,285,285,884,63,0,26,0,617,8,7,1,8
79,6,moe,678,41,2497,1213,1213,1128,70,0,86,0,784,8,7,1,8
79,7,moe,614,36,9,0,0,0,0,0,9,0,600,8,8,0,8
79,8,moe,641,40,3485,1426,1426,1842,118,0,99,0,565,8,6,2,8
79,9,moe,698,45,6285,2788,2788,3195,201,0,101,0,645,8,5,3,8
79,10,moe,666,44,2981,921,922,1855,118,0,86,0,566,8,6,2,8
79,11,moe,614,37,1235,269,269,886,60,0,20,0,577,8,7,1,8
79,12,moe,662,42,3996,1612,1612,2187,135,0,62,0,642,8,6,2,8
79,13,moe,693,40,10,0,0,0,0,0,10,0,561,8,8,0,8
79,14,moe,659,39,5677,2657,2657,2737,172,0,111,0,570,8,5,3,8
79,15,moe,601,36,6290,2785,2785,3204,200,3,98,0,655,8,5,3,8
79,16,moe,656,39,8163,3218,3218,4529,290,0,126,0,573,8,3,5,8
79,17,moe,692,224,6244,1461,1461,4431,285,1,66,0,574,8,3,5,8
79,18,moe,667,38,9423,3947,3947,5055,311,0,110,0,638,8,3,5,8
79,19,moe,591,36,9020,3391,3391,5181,322,0,126,0,571,8,2,6,8
79,20,moe,656,37,6972,2387,2387,4246,272,0,67,0,566,8,3,5,8
79,21,moe,688,38,9153,3602,3603,5112,321,0,117,0,645,8,3,5,8
79,22,moe,703,36,8687,3991,3991,4314,269,0,113,0,569,8,3,5,8
79,23,moe,592,36,8910,2373,2374,6042,381,0,113,0,635,8,2,6,8
79,24,moe,689,43,9751,4405,4406,4950,311,0,84,0,641,8,3,5,8
79,25,moe,682,36,10763,3296,3296,6923,460,0,84,0,661,8,1,7,8
79,26,moe,599,35,10383,4010,4010,5927,373,0,73,0,638,8,2,6,8
79,-1,epi,0,0,0,0,0,0,0,0,3814,0,0,0,0,0,0
80,-2,pre,50,0,0,0,0,0,0,0,0,0,0,0,0,0,0
80,0,dense,1168,38,0,0,0,0,0,0,0,0,0,0,0,0,0
80,1,moe,690,40,5575,1296,1297,3963,258,0,57,0,635,8,4,4,8
80,2,moe,654,38,3703,1556,1556,1983,131,0,33,0,629,8,6,2,8
80,3,moe,604,37,3772,1623,1623,1987,131,0,31,0,638,8,6,2,8
80,4,moe,656,38,3526,1542,1542,1784,108,0,92,0,574,8,6,2,8
80,5,moe,694,38,1195,263,263,848,58,0,26,0,567,8,7,1,8
80,6,moe,655,36,2558,1322,1322,1104,64,0,68,0,637,8,7,1,8
80,7,moe,590,39,1311,282,282,909,54,0,66,0,557,8,7,1,8
80,8,moe,659,39,9,0,0,0,0,0,9,0,554,8,8,0,8
80,9,moe,689,36,2937,653,654,2090,130,1,62,0,644,8,6,2,8
80,10,moe,658,36,1337,279,279,934,55,0,69,0,562,8,7,1,8
80,11,moe,581,35,2377,539,539,1702,108,0,28,0,572,8,6,2,8
80,12,moe,667,37,2916,631,631,2081,125,0,79,0,639,8,6,2,8
80,13,moe,685,36,2539,566,566,1783,109,0,81,0,573,8,6,2,8
80,14,moe,663,39,4820,2063,2063,2557,162,0,38,0,571,8,5,3,8
80,15,moe,601,40,6508,2085,2085,4068,257,0,98,0,641,8,4,4,8
80,16,moe,661,38,2527,576,577,1764,109,0,77,0,568,8,6,2,8
80,17,moe,686,38,5368,2592,2593,2570,166,0,39,0,563,8,5,3,8
80,18,moe,666,36,3881,1577,1577,2114,130,0,60,0,637,8,6,2,8
80,19,moe,604,39,5989,2174,2174,3490,225,0,100,0,573,8,4,4,8
80,20,moe,657,36,2132,1197,1198,854,57,0,23,0,560,8,7,1,8
80,21,moe,686,37,6760,2332,2332,4056,264,0,108,0,640,8,4,4,8
80,22,moe,685,35,2229,1166,1167,940,54,0,68,0,556,8,7,1,8
80,23,moe,600,37,3041,758,758,2090,125,0,68,0,640,8,6,2,8
80,24,moe,691,39,3041,904,904,1976,125,0,36,0,635,8,6,2,8
80,25,moe,692,38,6885,1552,1553,4955,316,0,61,0,632,8,3,5,8
80,26,moe,583,36,4133,933,934,2963,194,1,41,0,638,8,5,3,8
80,-1,epi,0,0,0,0,0,0,0,0,3914,0,0,0,0,0,0
81,-2,pre,46,0,0,0,0,0,0,0,0,0,0,0,0,0,0
81,0,dense,1168,41,0,0,0,0,0,0,0,0,0,0,0,0,0
81,1,moe,684,46,4215,970,970,2988,210,0,47,0,781,8,5,3,8
81,2,moe,642,39,5063,1833,1833,2987,196,1,46,0,686,8,5,3,8
81,3,moe,617,38,7032,1649,1650,4988,328,0,66,0,749,8,3,5,8
81,4,moe,693,43,3795,878,878,2639,174,0,104,0,554,8,5,3,8
81,5,moe,712,46,2015,1072,1072,855,59,0,29,0,558,8,7,1,8
81,6,moe,654,39,12,0,0,0,0,0,12,0,629,8,8,0,8
81,7,moe,610,35,10,0,0,0,0,0,10,0,560,8,8,0,8
81,8,moe,663,38,1221,285,285,853,60,0,23,0,544,8,7,1,8
81,9,moe,682,44,1581,321,321,1097,65,0,98,0,619,8,7,1,8
81,10,moe,652,38,2271,1209,1209,923,57,0,82,0,555,8,7,1,8
81,11,moe,580,35,2377,539,539,1694,109,0,35,0,553,8,6,2,8
81,12,moe,663,41,1553,325,325,1093,63,0,72,0,619,8,7,1,8
81,13,moe,688,38,4908,2018,2018,2620,162,0,108,0,554,8,5,3,8
81,14,moe,662,38,2438,601,601,1694,109,0,34,0,549,8,6,2,8
81,15,moe,576,36,6139,2813,2813,3071,187,0,68,0,630,8,5,3,8
81,16,moe,654,37,3692,822,822,2625,161,0,84,0,551,8,5,3,8
81,17,moe,692,45,4868,2106,2106,2553,167,0,42,0,551,8,5,3,8
81,18,moe,651,37,6143,2764,2764,3094,188,0,97,0,625,8,5,3,8
81,19,moe,586,35,5919,2128,2128,3475,215,0,101,0,557,8,4,4,8
81,20,moe,650,37,6291,1719,1720,4247,266,0,58,0,546,8,3,5,8
81,21,moe,689,37,6166,2778,2778,3096,198,0,94,0,622,8,5,3,8
81,22,moe,677,37,5894,2091,2091,3470,229,0,104,0,553,8,4,4,8
81,23,moe,600,35,10656,5160,5160,5067,321,0,108,0,621,8,3,5,8
81,24,moe,688,37,6374,2124,2124,3948,248,0,54,0,624,8,4,4,8
81,25,moe,679,40,6875,1571,1573,4935,308,0,59,0,617,8,3,5,8
81,26,moe,595,35,6864,1566,1566,4935,307,0,56,0,623,8,3,5,8
81,-1,epi,0,0,0,0,0,0,0,0,3828,0,0,0,0,0,0
82,-2,pre,40,0,0,0,0,0,0,0,0,0,0,0,0,0,0
82,0,dense,1191,36,0,0,0,0,0,0,0,0,0,0,0,0,0
82,1,moe,684,36,3177,1032,1032,1981,130,0,34,0,618,8,6,2,8
82,2,moe,652,36,2766,625,625,1981,128,0,32,0,614,8,6,2,8
82,3,moe,598,39,4618,1402,1402,2975,195,0,46,0,623,8,5,3,8
82,4,moe,665,36,4951,1114,1114,3503,215,0,119,0,545,8,4,4,8
82,5,moe,691,39,2392,554,554,1696,113,0,29,0,546,8,6,2,8
82,6,moe,655,41,10,0,0,0,0,0,10,0,616,8,8,0,8
82,7,moe,592,35,2170,1237,1237,855,57,0,21,0,550,8,7,1,8
82,8,moe,651,39,9,0,0,0,0,0,9,0,550,8,8,0,8
82,9,moe,684,36,10,0,0,0,0,0,10,0,610,8,8,0,8
82,10,moe,654,39,2412,568,568,1699,113,0,32,0,559,8,6,2,8
82,11,moe,585,39,3291,1438,1438,1700,113,0,40,0,545,8,6,2,8
82,12,moe,673,37,1560,320,320,1090,70,0,80,0,672,8,7,1,8
82,13,moe,687,33,2533,570,570,1762,114,0,87,0,602,8,6,2,8
82,14,moe,667,259,1257,311,311,863,60,0,23,0,569,8,7,1,8
82,15,moe,608,39,5714,1275,1276,4064,273,0,101,0,808,8,4,4,8
82,16,moe,655,65,2578,578,578,1782,122,0,96,0,612,8,6,2,8
82,17,moe,693,42,7546,2884,2885,4283,303,1,74,0,647,8,3,5,8
82,18,moe,678,48,2729,1500,1501,1076,69,0,83,0,633,8,7,1,8
82,19,moe,590,38,1324,271,271,915,57,0,81,0,553,8,7,1,8
82,20,moe,657,37,1203,275,275,848,58,0,22,0,554,8,7,1,8
82,21,moe,680,39,4315,960,960,3058,194,3,100,0,631,8,5,3,8
82,22,moe,697,42,4148,1259,1259,2612,168,0,109,0,560,8,5,3,8
82,23,moe,602,38,2869,625,626,2049,130,0,64,0,623,8,6,2,8
82,24,moe,687,37,1405,336,336,983,66,0,20,0,630,8,7,1,8
82,25,moe,693,39,2759,631,631,1971,127,0,30,0,625,8,6,2,8
82,26,moe,595,34,4126,929,929,2964,187,0,46,0,632,8,5,3,8
82,-1,epi,0,0,0,0,0,0,0,0,3820,0,0,0,0,0,0
83,-2,pre,224,0,0,0,0,0,0,0,0,0,0,0,0,0,0
83,0,dense,1171,44,0,0,0,0,0,0,0,0,0,0,0,0,0
83,1,moe,686,39,3882,1743,1743,1973,132,0,34,0,623,8,6,2,8
83,2,moe,660,36,2334,1255,1255,990,65,0,24,0,622,8,7,1,8
83,3,moe,597,36,5384,2195,2195,2958,189,0,42,0,624,8,5,3,8
83,4,moe,654,37,7452,3642,3643,3481,227,0,101,0,555,8,4,4,8
83,5,moe,684,37,2093,1158,1158,856,57,0,22,0,548,8,7,1,8
83,6,moe,646,36,4814,2517,2517,2106,126,0,65,0,631,8,6,2,8
83,7,moe,593,37,7431,3622,3623,3488,224,0,96,0,567,8,4,4,8
83,8,moe,650,38,2096,1167,1167,850,57,0,22,0,558,8,7,1,8
83,9,moe,683,36,2519,1300,1301,1102,65,0,51,0,619,8,7,1,8
83,10,moe,655,39,2172,1105,1105,933,57,0,77,0,550,8,7,1,8
83,11,moe,592,35,2063,1124,1124,855,59,0,25,0,551,8,7,1,8
83,12,moe,662,35,4901,2607,2607,2081,132,0,81,0,622,8,6,2,8
83,13,moe,696,38,2225,1153,1154,940,55,0,76,0,546,8,7,1,8
83,14,moe,656,36,3589,838,838,2548,163,0,40,0,559,8,5,3,8
83,15,moe,585,36,2926,654,654,2069,126,0,77,0,630,8,6,2,8
83,16,moe,655,34,9,0,0,0,0,0,9,0,543,8,8,0,8
83,17,moe,684,36,3415,1469,1469,1757,114,0,75,0,566,8,6,2,8
83,18,moe,656,37,3965,1667,1667,2088,131,0,79,0,626,8,6,2,8
83,19,moe,595,36,6647,2845,2845,3476,223,0,103,0,554,8,4,4,8
83,20,moe,659,38,3336,1497,1497,1693,111,0,35,0,560,8,6,2,8
83,21,moe,685,36,2906,625,626,2073,125,0,82,0,625,8,6,2,8
83,22,moe,677,35,2512,543,543,1783,107,0,79,0,550,8,6,2,8
83,23,moe,583,40,2429,1195,1196,1113,62,0,58,0,623,8,7,1,8
83,24,moe,689,36,4196,990,990,2968,192,0,46,0,629,8,5,3,8
83,25,moe,690,39,1390,314,314,991,65,1,19,0,630,8,7,1,8
83,26,moe,595,34,2761,636,636,1970,126,0,29,0,625,8,6,2,8
83,-1,epi,0,0,0,0,0,0,0,0,3809,0,0,0,0,0,0
84,-2,pre,227,0,0,0,0,0,0,0,0,0,0,0,0,0,0
84,0,dense,1178,37,0,0,0,0,0,0,0,0,0,0,0,0,0
84,1,moe,680,38,2369,1297,1298,984,64,0,23,0,619,8,7,1,8
84,2,moe,653,44,2315,1240,1240,989,64,0,22,0,626,8,7,1,8
84,3,moe,609,36,4894,2754,2754,1975,132,0,33,0,619,8,6,2,8
84,4,moe,646,36,5436,2537,2537,2632,160,0,107,0,552,8,5,3,8
84,5,moe,685,38,1205,278,278,851,54,0,22,0,552,8,7,1,8
84,6,moe,650,35,3903,1553,1555,2120,129,0,99,0,626,8,6,2,8
84,7,moe,601,36,4299,2332,2333,1772,112,0,82,0,556,8,6,2,8
84,8,moe,649,36,2076,1145,1146,852,55,0,23,0,554,8,7,1,8
84,9,moe,681,34,3860,1572,1573,2078,125,0,84,0,622,8,6,2,8
84,10,moe,652,36,6304,3416,3416,2633,163,0,92,0,562,8,5,3,8
84,11,moe,600,36,2755,906,907,1701,116,0,31,0,555,8,6,2,8
84,12,moe,652,39,2555,1320,1320,1103,66,0,66,0,627,8,7,1,8
84,13,moe,685,40,1323,281,281,916,58,0,68,0,554,8,7,1,8
84,14,moe,653,39,5352,2589,2589,2548,170,0,45,0,558,8,5,3,8
84,15,moe,595,36,2439,1213,1213,1102,63,0,61,0,628,8,7,1,8
84,16,moe,649,36,2172,1128,1128,927,54,0,63,0,555,8,7,1,8
84,17,moe,682,36,2012,1087,1087,851,54,0,20,0,551,8,7,1,8
84,18,moe,645,35,4566,2280,2280,2084,124,0,78,0,627,8,6,2,8
84,19,moe,592,35,6587,2796,2796,3475,217,0,99,0,557,8,4,4,8
84,20,moe,662,39,3273,1434,1434,1696,109,0,34,0,547,8,6,2,8
84,21,moe,685,35,8922,3452,3452,5049,307,0,114,0,626,8,3,5,8
84,22,moe,686,35,3502,1541,1541,1768,109,0,84,0,563,8,6,2,8
84,23,moe,589,46,3940,1624,1624,2109,128,0,79,0,625,8,6,2,8
84,24,moe,679,38,7420,3169,3169,3949,248,0,54,0,625,8,4,4,8
84,25,moe,680,36,6023,2808,2808,2967,187,0,61,0,629,8,5,3,8
84,26,moe,593,38,3659,1526,1526,1973,126,0,34,0,626,8,6,2,8
84,-1,epi,0,0,0,0,0,0,0,0,3816,0,0,0,0,0,0
85,-2,pre,44,0,0,0,0,0,0,0,0,0,0,0,0,0,0
85,0,dense,1204,37,0,0,0,0,0,0,0,0,0,0,0,0,0
85,1,moe,683,39,2330,1251,1252,989,66,0,23,0,624,8,7,1,8
85,2,moe,656,36,4797,2664,2664,1975,125,0,33,0,620,8,6,2,8
85,3,moe,586,34,5201,2009,2009,2962,187,0,43,0,621,8,5,3,8
85,4,moe,653,35,6667,2849,2849,3487,215,0,116,0,554,8,4,4,8
85,5,moe,688,35,1214,292,292,846,56,0,20,0,550,8,7,1,8
85,6,moe,644,37,10,0,0,0,0,0,10,0,615,8,8,0,8
85,7,moe,595,34,1210,288,288,848,55,0,19,0,548,8,7,1,8
85,8,moe,650,34,1513,592,592,847,55,1,18,0,552,8,7,1,8
85,9,moe,689,41,10,0,0,0,0,0,10,0,622,8,8,0,8
85,10,moe,648,35,9,0,0,0,0,0,9,0,558,8,8,0,8
85,11,moe,596,35,8,0,0,0,0,0,8,0,556,8,8,0,8
85,12,moe,711,37,6374,4058,4058,2092,131,0,93,0,631,8,6,2,8
85,13,moe,687,35,10,0,0,0,0,0,10,0,550,8,8,0,8
85,14,moe,672,34,3746,841,841,2624,168,0,113,0,552,8,5,3,8
85,15,moe,590,44,1526,295,295,1108,62,0,61,0,628,8,7,1,8
85,16,moe,651,35,1325,282,282,920,55,0,68,0,557,8,7,1,8
85,17,moe,690,39,9,0,0,0,0,1,8,0,551,8,8,0,8
85,18,moe,656,44,9,0,0,0,0,0,9,0,624,8,8,0,8
85,19,moe,582,37,1191,267,267,847,55,0,22,0,556,8,7,1,8
85,20,moe,657,36,2268,1332,1332,857,57,0,22,0,561,8,7,1,8
85,21,moe,681,36,3890,1599,1599,2074,131,0,86,0,627,8,6,2,8
85,22,moe,683,38,2242,1202,1202,910,57,0,73,0,544,8,7,1,8
85,23,moe,583,34,4663,2383,2384,2070,132,0,77,0,621,8,6,2,8
85,24,moe,712,45,2311,1234,1234,988,67,0,22,0,624,8,7,1,8
85,25,moe,682,37,2334,1253,1253,993,65,0,23,0,627,8,7,1,8
85,26,moe,583,35,10,0,0,0,0,0,10,0,616,8,8,0,8
85,-1,epi,0,0,0,0,0,0,0,0,3807,0,0,0,0,0,0
86,-2,pre,38,0,0,0,0,0,0,0,0,0,0,0,0,0,0
86,0,dense,1190,36,0,0,0,0,0,0,0,0,0,0,0,0,0
86,1,moe,692,37,10,0,0,0,0,0,10,0,633,8,8,0,8
86,2,moe,651,37,2781,636,636,1981,131,0,33,0,623,8,6,2,8
86,3,moe,600,36,9,0,0,0,0,0,9,0,613,8,8,0,8
86,4,moe,657,41,2543,571,571,1758,111,0,103,0,551,8,6,2,8
86,5,moe,698,38,4090,1328,1328,2549,172,0,41,0,560,8,5,3,8
86,6,moe,656,37,10,0,0,0,0,0,10,0,614,8,8,0,8
86,7,moe,607,37,1597,663,663,854,58,0,22,0,548,8,7,1,8
86,8,moe,665,37,9,0,0,0,0,0,9,0,557,8,8,0,8
86,9,moe,687,35,1588,333,333,1116,63,0,76,0,622,8,7,1,8
86,10,moe,656,38,9,0,0,0,0,0,9,0,545,8,8,0,8
86,11,moe,576,35,2328,1224,1224,969,59,0,76,0,556,8,7,1,8
86,12,moe,656,40,9,0,0,0,0,0,9,0,625,8,8,0,8
86,13,moe,683,38,1620,656,656,883,59,0,22,0,560,8,7,1,8
86,14,moe,661,38,2174,1202,1202,892,57,0,23,0,552,8,7,1,8
86,15,moe,607,34,1617,336,336,1139,66,0,76,0,631,8,7,1,8
86,16,moe,652,36,1368,296,296,949,56,1,66,0,550,8,7,1,8
86,17,moe,687,37,9,0,0,0,0,0,9,0,552,8,8,0,8
86,18,moe,651,36,1621,324,324,1158,66,0,73,0,626,8,7,1,8
86,19,moe,591,36,5730,2747,2747,2727,169,0,87,0,556,8,5,3,8
86,20,moe,668,40,2384,549,549,1695,110,0,30,0,568,8,6,2,8
86,21,moe,683,39,9,0,0,0,0,0,9,0,615,8,8,0,8
86,22,moe,685,35,3274,1437,1437,1692,110,0,35,0,554,8,6,2,8
86,23,moe,578,35,4769,2452,2452,2104,125,0,88,0,619,8,6,2,8
86,24,moe,680,37,3754,1614,1614,1976,127,0,37,0,634,8,6,2,8
86,25,moe,685,37,2273,1201,1201,985,63,0,24,0,622,8,7,1,8
86,26,moe,595,33,2370,1299,1299,987,63,0,21,0,620,8,7,1,8
86,-1,epi,0,0,0,0,0,0,0,0,3806,0,0,0,0,0,0
87,-2,pre,37,0,0,0,0,0,0,0,0,0,0,0,0,0,0
87,0,dense,1203,36,0,0,0,0,0,0,0,0,0,0,0,0,0
87,1,moe,679,36,10,0,0,0,0,0,10,0,607,8,8,0,8
87,2,moe,649,35,9,0,0,0,0,0,9,0,610,8,8,0,8
87,3,moe,585,35,1390,319,319,987,63,0,21,0,626,8,7,1,8
87,4,moe,658,37,2263,1177,1177,935,60,0,91,0,578,8,7,1,8
87,5,moe,809,42,2123,1141,1141,886,62,0,34,0,639,8,7,1,8
87,6,moe,673,39,1627,316,317,1150,72,0,88,0,798,8,7,1,8
87,7,moe,632,38,11,0,0,0,0,0,11,0,600,8,8,0,8
87,8,moe,656,44,10,0,0,0,0,0,10,0,597,8,8,0,8
87,9,moe,699,37,2878,640,640,2062,142,0,34,0,640,8,6,2,8
87,10,moe,656,40,10,0,0,0,0,0,10,0,598,8,8,0,8
87,11,moe,790,38,2974,1135,1135,1694,59,0,86,0,567,8,7,1,8
87,12,moe,674,41,10,0,0,0,0,0,10,0,629,8,8,0,8
87,13,moe,697,39,1269,292,292,894,60,0,23,0,563,8,7,1,8
87,14,moe,666,42,10,0,0,0,0,0,10,0,545,8,8,0,8
87,15,moe,606,36,8,0,0,0,0,0,8,0,635,8,8,0,8
87,16,moe,672,38,2217,1238,1238,892,60,0,27,0,560,8,7,1,8
87,17,moe,693,38,1248,285,285,883,57,0,23,0,553,8,7,1,8
87,18,moe,671,42,1617,317,317,1149,68,0,83,0,632,8,7,1,8
87,19,moe,597,37,3589,1520,1520,1858,116,0,95,0,562,8,6,2,8
87,20,moe,678,41,2922,1239,1239,1598,59,0,26,0,554,8,7,1,8
87,21,moe,691,44,3457,1310,1310,1999,69,0,79,0,631,8,7,1,8
87,22,moe,691,43,10,0,0,0,0,0,10,0,545,8,8,0,8
87,23,moe,596,35,2301,341,341,1870,67,0,23,0,623,8,7,1,8
87,24,moe,707,43,6570,3236,3236,3096,194,0,44,0,623,8,5,3,8
87,25,moe,688,37,2859,636,636,2058,130,0,35,0,626,8,6,2,8
87,26,moe,609,37,2376,1252,1252,1032,68,0,24,0,624,8,7,1,8
87,-1,epi,0,0,0,0,0,0,0,0,3827,0,0,0,0,0,0
88,-2,pre,214,0,0,0,0,0,0,0,0,0,0,0,0,0,0
88,0,dense,1180,40,0,0,0,0,0,0,0,0,0,0,0,0,0
88,1,moe,686,38,4582,2347,2347,2064,136,0,35,0,633,8,6,2,8
88,2,moe,666,40,8860,2996,2998,5609,203,0,50,0,622,8,5,3,8
88,3,moe,598,36,5684,1767,1767,3748,133,0,36,0,621,8,6,2,8
88,4,moe,658,37,10,0,0,0,0,0,10,0,544,8,8,0,8
88,5,moe,678,38,3537,1457,1457,1852,117,0,111,0,557,8,6,2,8
88,6,moe,665,34,2665,1369,1369,1162,65,1,68,0,639,8,7,1,8
88,7,moe,610,32,3506,1434,1434,1872,117,0,83,0,547,8,6,2,8
88,8,moe,662,33,7596,3766,3766,3547,233,0,50,0,557,8,4,4,8
88,9,moe,748,36,7750,5354,5354,2181,130,0,85,0,636,8,6,2,8
88,10,moe,666,40,3485,1517,1517,1773,109,0,86,0,556,8,6,2,8
88,11,moe,600,34,3307,1470,1470,1694,110,0,33,0,554,8,6,2,8
88,12,moe,659,36,8519,4057,4057,4097,256,0,109,0,633,8,4,4,8
88,13,moe,686,41,5467,2579,2579,2613,164,0,111,0,557,8,5,3,8
88,14,moe,662,40,3223,1377,1377,1703,108,0,35,0,548,8,6,2,8
88,15,moe,593,38,3769,1478,1478,2089,126,0,76,0,624,8,6,2,8
88,16,moe,653,37,5401,2487,2487,2646,161,2,105,0,555,8,5,3,8
88,17,moe,684,37,4013,2181,2181,1694,107,0,31,0,556,8,6,2,8
88,18,moe,657,45,1883,645,645,1108,63,0,67,0,619,8,7,1,8
88,19,moe,593,34,2487,541,541,1766,108,0,72,0,553,8,6,2,8
88,20,moe,660,37,7373,3708,3708,3400,217,0,48,0,555,8,4,4,8
88,21,moe,690,37,3859,1537,1537,2117,125,1,79,0,629,8,6,2,8
88,22,moe,684,35,3380,1417,1417,1778,109,0,76,0,558,8,6,2,8
88,23,moe,596,34,7738,3341,3342,4042,250,0,104,0,625,8,4,4,8
88,24,moe,690,39,1398,329,329,985,63,0,21,0,627,8,7,1,8
88,25,moe,7369,39,6629,2385,2385,3943,249,0,52,0,620,8,4,4,8
88,26,moe,753,39,5924,2732,2732,2957,188,0,47,0,617,8,5,3,8
88,-1,epi,0,0,0,0,0,0,0,0,3823,0,0,0,0,0,0
89,-2,pre,47,0,0,0,0,0,0,0,0,0,0,0,0,0,0
89,0,dense,1190,38,0,0,0,0,0,0,0,0,0,0,0,0,0
89,1,moe,708,37,7730,2107,2107,5383,195,0,45,0,621,8,5,3,8
89,2,moe,656,39,4787,2605,2605,1980,129,0,73,0,612,8,6,2,8
89,3,moe,584,68,5172,1962,1962,2973,196,0,41,0,616,8,5,3,8
89,4,moe,654,37,6911,1886,1886,4740,166,0,119,0,552,8,5,3,8
89,5,moe,685,37,4451,1696,1697,2549,162,0,43,0,551,8,5,3,8
89,6,moe,652,37,10,0,0,0,0,0,10,0,606,8,8,0,8
89,7,moe,593,35,7725,3153,3153,4243,270,0,59,0,548,8,3,5,8
89,8,moe,651,36,4108,2260,2261,1702,113,0,32,0,567,8,6,2,8
89,9,moe,685,41,3841,1535,1535,2091,125,0,90,0,619,8,6,2,8
89,10,moe,655,37,3406,1437,1437,1770,110,0,89,0,540,8,6,2,8
89,11,moe,585,35,4634,1888,1889,2540,164,0,41,0,546,8,5,3,8
89,12,moe,651,37,6816,2370,2370,4090,249,0,107,0,619,8,4,4,8
89,13,moe,680,36,2519,556,556,1770,109,0,84,0,545,8,6,2,8
89,14,moe,650,36,1207,282,282,850,55,0,20,0,548,8,7,1,8
89,15,moe,580,35,2935,642,643,2090,128,0,74,0,630,8,6,2,8
89,16,moe,656,36,6179,2365,2365,3486,220,0,108,0,545,8,4,4,8
89,17,moe,687,36,1211,282,282,851,57,0,21,0,549,8,7,1,8
89,18,moe,662,35,2937,644,644,2081,129,0,83,0,625,8,6,2,8
89,19,moe,595,36,5758,799,799,4702,168,0,89,0,548,8,5,3,8
89,20,moe,662,38,2753,1137,1137,1537,57,0,22,0,546,8,7,1,8
89,21,moe,685,38,4296,941,941,3080,188,0,87,0,620,8,5,3,8
89,22,moe,684,36,4806,1462,1462,3151,113,0,80,0,544,8,6,2,8
89,23,moe,600,37,1505,311,311,1077,63,0,54,0,617,8,7,1,8
89,24,moe,693,40,10692,3187,3187,7201,255,0,49,0,631,8,4,4,8
89,25,moe,690,36,2848,695,695,1987,132,0,34,0,617,8,6,2,8
89,26,moe,604,39,6701,2436,2436,3958,255,0,52,0,619,8,4,4,8
89,-1,epi,0,0,0,0,0,0,0,0,3852,0,0,0,0,0,0
90,-2,pre,199,0,0,0,0,0,0,0,0,0,0,0,0,0,0
90,0,dense,1185,38,0,0,0,0,0,0,0,0,0,0,0,0,0
90,1,moe,688,37,6184,2972,2972,2974,195,0,43,0,624,8,5,3,8
90,2,moe,654,47,2299,1219,1219,990,66,1,23,0,610,8,7,1,8
90,3,moe,571,36,5209,2011,2011,2964,189,0,45,0,616,8,5,3,8
90,4,moe,651,37,2098,271,271,1678,57,0,92,0,546,8,7,1,8
90,5,moe,687,39,10,0,0,0,0,0,10,0,542,8,8,0,8
90,6,moe,644,36,9,0,0,0,0,0,9,0,609,8,8,0,8
90,7,moe,593,36,5312,2561,2562,2545,162,0,43,0,552,8,5,3,8
90,8,moe,654,36,2123,1199,1199,848,55,0,21,0,541,8,7,1,8
90,9,moe,684,36,10,0,0,0,0,0,10,0,610,8,8,0,8
90,10,moe,649,35,4074,2239,2240,1692,110,0,32,0,552,8,6,2,8
90,11,moe,574,34,7218,3555,3555,3397,212,0,54,0,550,8,4,4,8
90,12,moe,653,35,6138,2776,2776,3072,185,0,105,0,623,8,5,3,8
90,13,moe,682,36,1356,284,284,944,55,0,73,0,541,8,7,1,8
90,14,moe,656,44,2139,1213,1213,848,56,0,22,0,560,8,7,1,8
90,15,moe,581,34,4790,2460,2460,2128,126,0,76,0,624,8,6,2,8
90,16,moe,655,34,4157,2162,2162,1794,110,0,91,0,544,8,6,2,8
90,17,moe,684,38,2263,1334,1334,852,56,0,21,0,547,8,7,1,8
90,18,moe,652,41,3893,1592,1592,2089,125,0,87,0,619,8,6,2,8
90,19,moe,590,52,5908,2130,2131,3454,214,0,109,0,558,8,4,4,8
90,20,moe,654,34,6485,2824,2824,3395,215,0,51,0,546,8,4,4,8
90,21,moe,688,36,8355,3948,3948,4051,247,1,108,0,624,8,4,4,8
90,22,moe,680,36,10617,4975,4975,5190,324,0,128,0,548,8,2,6,8
90,23,moe,667,39,5493,1569,1569,3692,139,0,93,0,796,8,6,2,8
90,24,moe,706,42,6922,3690,3690,2975,204,0,53,0,632,8,5,3,8
90,25,moe,697,39,12,0,0,0,0,0,12,0,647,8,8,0,8
90,26,moe,595,40,9308,2931,2932,5930,370,0,76,0,638,8,2,6,8
90,-1,epi,0,0,0,0,0,0,0,0,3847,0,0,0,0,0,0
91,-2,pre,49,0,0,0,0,0,0,0,0,0,0,0,0,0,0
91,0,dense,1220,42,0,0,0,0,0,0,0,0,0,0,0,0,0
91,1,moe,693,39,5310,2089,2089,2982,193,0,46,0,628,8,5,3,8
91,2,moe,680,42,2762,631,631,1972,125,0,34,0,626,8,6,2,8
91,3,moe,599,38,8404,4141,4141,3960,255,0,48,0,633,8,4,4,8
91,4,moe,658,36,3785,897,898,2631,167,0,89,0,557,8,5,3,8
91,5,moe,684,37,1214,286,286,849,58,0,21,0,555,8,7,1,8
91,6,moe,688,37,11,0,0,0,0,0,11,0,624,8,8,0,8
91,7,moe,586,34,5763,2546,2546,3074,113,0,30,0,555,8,6,2,8
91,8,moe,688,40,1184,257,257,847,57,0,23,0,553,8,7,1,8
91,9,moe,698,38,8776,2938,2938,5546,192,0,100,0,638,8,5,3,8
91,10,moe,668,39,1335,277,277,929,55,0,74,0,561,8,7,1,8
91,11,moe,579,40,3580,825,826,2549,162,0,43,0,557,8,5,3,8
91,12,moe,666,39,9,0,0,0,0,0,9,0,620,8,8,0,8
91,13,moe,687,36,1901,285,285,1539,57,0,20,0,561,8,7,1,8
91,14,moe,663,39,1214,287,287,847,55,0,25,0,555,8,7,1,8
91,15,moe,603,36,3338,1299,1299,1895,65,0,79,0,628,8,7,1,8
91,16,moe,658,36,2045,283,283,1629,56,0,77,0,562,8,7,1,8
91,17,moe,692,36,2370,539,539,1692,110,0,29,0,561,8,6,2,8
91,18,moe,664,41,9,0,0,0,0,0,9,0,633,8,8,0,8
91,19,moe,598,35,3286,1445,1445,1702,109,0,30,0,554,8,6,2,8
91,20,moe,675,39,2408,575,575,1694,109,0,30,0,550,8,6,2,8
91,21,moe,698,37,1564,309,309,1115,63,0,77,0,624,8,7,1,8
91,22,moe,686,34,9,0,0,0,0,0,9,0,548,8,8,0,8
91,23,moe,591,36,1381,313,313,986,63,0,19,0,621,8,7,1,8
91,24,moe,697,43,5261,2074,2075,2959,187,0,40,0,644,8,5,3,8
91,25,moe,686,36,8,0,0,0,0,0,8,0,620,8,8,0,8
91,26,moe,586,34,6962,1623,1623,4961,320,0,58,0,631,8,3,5,8
91,-1,epi,0,0,0,0,0,0,0,0,3815,0,0,0,0,0,0
92,-2,pre,212,0,0,0,0,0,0,0,0,0,0,0,0,0,0
92,0,dense,1192,39,0,0,0,0,0,0,0,0,0,0,0,0,0
92,1,moe,686,36,7845,2230,2230,5381,193,0,41,0,622,8,5,3,8
92,2,moe,656,40,2375,1299,1299,987,64,0,25,0,624,8,7,1,8
92,3,moe,595,36,7542,3275,3275,3959,254,0,54,0,627,8,4,4,8
92,4,moe,659,35,3927,536,536,3167,113,0,111,0,560,8,6,2,8
92,5,moe,688,40,9,0,0,0,0,0,9,0,545,8,8,0,8
92,6,moe,655,39,8,0,0,0,0,0,8,0,616,8,8,0,8
92,7,moe,580,36,4136,2296,2296,1692,109,0,39,0,554,8,6,2,8
92,8,moe,663,38,9,0,0,0,0,0,9,0,551,8,8,0,8
92,9,moe,688,36,8,0,0,0,0,0,8,0,627,8,8,0,8
92,10,moe,662,33,3598,1767,1767,1694,107,0,30,0,549,8,6,2,8
92,11,moe,604,38,6500,2830,2830,3399,223,0,48,0,559,8,4,4,8
92,12,moe,664,37,3887,1599,1599,2091,130,0,67,0,628,8,6,2,8
92,13,moe,692,35,1348,288,288,923,56,0,81,0,558,8,7,1,8
92,14,moe,673,36,8297,3465,3465,4617,169,0,46,0,556,8,5,3,8
92,15,moe,577,34,8416,2653,2654,5477,190,0,95,0,652,8,5,3,8
92,16,moe,668,34,5498,2261,2261,3043,109,0,85,0,557,8,6,2,8
92,17,moe,723,160,4020,2238,2238,1636,103,0,43,0,566,8,6,2,8
92,18,moe,673,37,6268,3031,3031,2966,178,0,93,0,654,8,5,3,8
92,19,moe,587,33,9358,4799,4800,4166,262,0,130,0,572,8,3,5,8
92,20,moe,680,36,2233,1333,1333,824,54,0,22,0,555,8,7,1,8
92,21,moe,710,35,7399,3154,3154,3903,239,1,102,0,665,8,4,4,8
92,22,moe,720,36,5388,2606,2606,2533,157,0,92,0,560,8,5,3,8
92,23,moe,598,37,1492,310,310,1064,63,0,55,0,648,8,7,1,8
92,24,moe,725,33,4281,1210,1210,2852,180,0,39,0,649,8,5,3,8
92,25,moe,725,33,1350,319,319,949,62,0,20,0,654,8,7,1,8
92,26,moe,599,36,3613,1560,1560,1901,119,0,33,0,644,8,6,2,8
92,-1,epi,0,0,0,0,0,0,0,0,4462,0,0,0,0,0,0
93,-2,pre,219,0,0,0,0,0,0,0,0,0,0,0,0,0,0
93,0,dense,1229,39,0,0,0,0,0,0,0,0,0,0,0,0,0
93,1,moe,725,34,1335,303,303,950,62,0,20,0,657,8,7,1,8
93,2,moe,674,35,2361,1325,1326,953,62,0,20,0,651,8,7,1,8
93,3,moe,611,34,5864,2780,2780,2854,180,0,50,0,651,8,5,3,8
93,4,moe,666,34,2484,549,549,1724,110,0,101,0,564,8,6,2,8
93,5,moe,724,34,10,0,0,0,0,0,10,0,553,8,8,0,8
93,6,moe,675,38,9,0,0,0,0,0,9,0,639,8,8,0,8
93,7,moe,612,32,3133,1360,1360,1636,105,0,32,0,558,8,6,2,8
93,8,moe,682,35,2064,1169,1169,817,54,0,24,0,559,8,7,1,8
93,9,moe,718,49,2570,1352,1353,1067,60,0,90,0,661,8,7,1,8
93,10,moe,668,35,9,0,0,0,0,0,9,0,553,8,8,0,8
93,11,moe,593,32,9,0,0,0,0,0,9,0,556,8,8,0,8
93,12,moe,676,41,5846,2744,2744,2872,184,0,46,0,650,8,5,3,8
93,13,moe,723,38,1954,281,281,1538,54,0,81,0,558,8,7,1,8
93,14,moe,691,37,4448,1761,1761,2483,161,0,43,0,563,8,5,3,8
93,15,moe,595,36,4729,2487,2487,2031,125,0,86,0,656,8,6,2,8
93,16,moe,674,37,5337,2555,2555,2529,157,0,96,0,558,8,5,3,8
93,17,moe,742,35,2334,553,553,1649,103,0,29,0,560,8,6,2,8
93,18,moe,669,35,6254,2467,2467,3581,125,0,81,0,647,8,6,2,8
93,19,moe,601,37,6505,2845,2845,3344,210,0,106,0,561,8,4,4,8
93,20,moe,683,34,2341,573,573,1635,105,0,28,0,558,8,6,2,8
93,21,moe,723,36,7303,3032,3032,3921,239,0,111,0,649,8,4,4,8
93,22,moe,731,40,7002,2465,2467,4163,258,0,114,0,565,8,3,5,8
93,23,moe,610,35,7471,3232,3232,3901,238,0,100,0,650,8,4,4,8
93,24,moe,711,36,5073,1983,1983,2869,180,0,41,0,651,8,5,3,8
93,25,moe,713,36,5932,2843,2843,2874,177,0,38,0,646,8,5,3,8
93,26,moe,595,33,5348,1254,1254,3805,241,0,48,0,659,8,4,4,8
93,-1,epi,0,0,0,0,0,0,0,0,4459,0,0,0,0,0,0
94,-2,pre,159,0,0,0,0,0,0,0,0,0,0,0,0,0,0
94,0,dense,1264,35,0,0,0,0,0,0,0,0,0,0,0,0,0
94,1,moe,722,36,11064,5884,5885,4800,314,0,65,0,656,8,3,5,8
94,2,moe,675,30,11412,6291,6291,4760,298,0,63,0,646,8,3,5,8
94,3,moe,608,280,10777,6831,6831,3664,230,0,52,0,688,8,4,4,8
94,4,moe,703,35,7973,4431,4433,3210,201,0,129,0,578,8,4,4,8
94,5,moe,766,35,9850,5600,5600,3941,251,0,58,0,581,8,3,5,8
94,6,moe,697,35,1474,306,306,1036,58,0,74,0,689,8,7,1,8
94,7,moe,627,32,8281,4743,4743,3227,202,0,109,0,585,8,4,4,8
94,8,moe,713,33,7006,3597,3597,3160,200,0,49,0,583,8,4,4,8
94,9,moe,783,37,7992,3849,3849,3780,257,0,106,0,781,8,4,4,8
94,10,moe,712,43,8397,3971,3972,4017,261,0,147,0,622,8,3,5,8
94,11,moe,639,36,7668,3187,3187,4277,157,0,47,0,591,8,5,3,8
94,12,moe,711,37,8852,4736,4736,3772,229,0,115,0,702,8,4,4,8
94,13,moe,774,37,5215,2517,2517,2443,151,0,104,0,582,8,5,3,8
94,14,moe,711,36,6965,3564,3564,3150,200,0,51,0,587,8,4,4,8
94,15,moe,628,34,8107,3969,3969,3799,229,0,110,0,705,8,4,4,8
94,16,moe,704,35,7241,3689,3689,3241,200,0,111,0,582,8,4,4,8
94,17,moe,788,38,8974,4720,4720,3945,249,0,60,0,584,8,3,5,8
94,18,moe,715,36,6630,3481,3481,2878,173,1,97,0,696,8,5,3,8
94,19,moe,629,33,7248,3713,3713,3224,202,0,109,0,584,8,4,4,8
94,20,moe,707,33,1974,1115,1116,787,51,0,20,0,581,8,7,1,8
94,21,moe,776,35,11573,5475,5475,5625,349,1,123,0,698,8,2,6,8
94,22,moe,766,35,8406,4017,4017,4012,249,0,128,0,580,8,3,5,8
94,23,moe,637,35,6462,2337,2337,3803,229,0,93,0,693,8,4,4,8
94,24,moe,781,34,11279,6351,6351,4588,281,0,59,0,698,8,3,5,8
94,25,moe,779,33,8098,4162,4162,3660,230,0,46,0,694,8,4,4,8
94,26,moe,628,37,9939,5093,5093,4499,286,0,61,0,720,8,3,5,8
94,-1,epi,0,0,0,0,0,0,0,0,5741,0,0,0,0,0,0
95,-2,pre,206,0,0,0,0,0,0,0,0,0,0,0,0,0,0
95,0,dense,1376,40,0,0,0,0,0,0,0,0,0,0,0,0,0
95,1,moe,788,36,11263,6320,6320,4600,286,0,57,0,702,8,3,5,8
95,2,moe,703,34,4361,2376,2376,1836,116,0,33,0,693,8,6,2,8
95,3,moe,621,31,10153,5229,5229,4585,285,0,54,0,700,8,3,5,8
95,4,moe,707,34,2408,535,535,1673,100,0,100,0,581,8,6,2,8
95,5,moe,785,40,5060,2496,2496,2371,156,1,36,0,586,8,5,3,8
95,6,moe,719,34,4702,2503,2503,1993,121,0,85,0,692,8,6,2,8
95,7,moe,619,38,3214,1388,1389,1635,104,0,86,0,587,8,6,2,8
95,8,moe,699,35,4425,1844,1844,2377,159,0,45,0,583,8,5,3,8
95,9,moe,767,37,5820,2696,2696,2854,174,0,96,0,701,8,5,3,8
95,10,moe,711,35,9154,4746,4746,4012,249,0,147,0,583,8,3,5,8
95,11,moe,628,32,4577,1580,1580,2860,103,0,34,0,585,8,6,2,8
95,12,moe,709,33,3703,1565,1565,1940,116,0,82,0,697,8,6,2,8
95,13,moe,775,33,4117,2271,2272,1664,100,0,81,0,579,8,6,2,8
95,14,moe,717,34,6176,2771,2771,3157,202,0,46,0,589,8,4,4,8
95,15,moe,631,32,6118,2992,2992,2864,172,0,90,0,702,8,5,3,8
95,16,moe,708,35,9670,3525,3525,5850,207,0,88,0,589,8,4,4,8
95,17,moe,767,34,7940,3504,3505,4242,153,0,40,0,604,8,5,3,8
95,18,moe,722,33,11840,4812,4813,6687,235,0,105,0,723,8,4,4,8
95,19,moe,647,32,5184,2555,2555,2386,148,0,95,0,600,8,5,3,8
95,20,moe,722,34,1119,273,273,774,51,0,21,0,601,8,7,1,8
95,21,moe,791,33,5847,2772,2772,2814,171,0,90,0,722,8,5,3,8
95,22,moe,789,36,3982,2146,2146,1646,100,0,90,0,609,8,6,2,8
95,23,moe,658,36,7083,3047,3047,3713,226,0,97,0,729,8,4,4,8
95,24,moe,789,35,8763,4884,4884,3601,228,0,50,0,726,8,4,4,8
95,25,moe,790,34,8865,4977,4977,3610,227,0,51,0,731,8,4,4,8
95,26,moe,5852,35,10014,5154,5154,4514,289,0,57,0,729,8,3,5,8
95,-1,epi,0,0,0,0,0,0,0,0,5763,0,0,0,0,0,0
96,-2,pre,37,0,0,0,0,0,0,0,0,0,0,0,0,0,0
96,0,dense,5446,37,0,0,0,0,0,0,0,0,0,0,0,0,0
96,1,moe,4687,36,12272,6442,6443,5411,344,0,74,0,742,8,2,6,8
96,2,moe,724,35,2560,604,604,1804,121,0,31,0,726,8,6,2,8
96,3,moe,660,33,6242,2357,2358,3608,228,0,48,0,744,8,4,4,8
96,4,moe,731,33,4712,2010,2010,2429,155,0,118,0,617,8,5,3,8
96,5,moe,803,34,7488,3316,3317,3872,244,0,55,0,610,8,3,5,8
96,6,moe,720,34,3831,1710,1710,1925,115,0,81,0,731,8,6,2,8
96,7,moe,653,31,4559,1075,1075,3186,194,0,104,0,620,8,4,4,8
96,8,moe,721,34,3919,2228,2228,1556,102,0,33,0,611,8,6,2,8
96,9,moe,801,35,5814,2739,2739,2799,179,0,97,0,729,8,5,3,8
96,10,moe,726,35,1606,632,632,851,51,0,72,0,615,8,7,1,8
96,11,moe,651,37,7044,2635,2635,4213,154,0,42,0,603,8,5,3,8
96,12,moe,721,34,13026,4293,4295,8327,292,0,112,0,726,8,3,5,8
96,13,moe,786,35,6357,2867,2869,3179,199,0,110,0,609,8,4,4,8
96,14,moe,723,33,1110,263,263,777,49,0,21,0,607,8,7,1,8
96,15,moe,653,32,2740,643,643,1913,112,0,72,0,741,8,6,2,8
96,16,moe,727,33,8260,3949,3949,3953,252,0,106,0,617,8,3,5,8
96,17,moe,790,34,6955,3590,3590,3106,203,0,56,0,614,8,4,4,8
96,18,moe,728,33,3625,1509,1509,1914,118,0,84,0,800,8,6,2,8
96,19,moe,647,35,3189,1384,1384,1605,110,0,90,0,665,8,6,2,8
96,20,moe,710,37,4024,2322,2323,1555,109,0,37,0,657,8,6,2,8
96,21,moe,821,39,12291,5105,5106,6832,237,0,116,0,716,8,4,4,8
96,22,moe,787,39,1914,288,288,1480,51,0,95,0,580,8,7,1,8
96,23,moe,631,94,2328,1183,1183,1022,59,0,64,0,698,8,7,1,8
96,24,moe,791,36,4595,2609,2609,1836,117,0,33,0,710,8,6,2,8
96,25,moe,772,35,3495,1511,1511,1829,117,0,38,0,702,8,6,2,8
96,26,moe,627,33,5184,1704,1704,3332,115,0,33,0,710,8,6,2,8
96,-1,epi,0,0,0,0,0,0,0,0,5488,0,0,0,0,0,0
97,-2,pre,99,0,0,0,0,0,0,0,0,0,0,0,0,0,0
97,0,dense,1389,39,0,0,0,0,0,0,0,0,0,0,0,0,0
97,1,moe,2558,37,15482,5009,5009,10050,352,0,71,0,706,8,2,6,8
97,2,moe,4204,35,10809,3835,3836,6689,231,0,53,0,702,8,4,4,8
97,3,moe,10070,34,11158,2626,2627,8192,279,0,60,0,724,8,3,5,8
97,4,moe,7392,36,8289,2250,2250,5716,196,0,127,0,609,8,4,4,8
97,5,moe,786,34,4377,1845,1846,2341,152,0,38,0,606,8,5,3,8
97,6,moe,724,35,6062,2437,2437,3421,112,0,92,0,724,8,6,2,8
97,7,moe,657,34,4999,1509,1509,3182,205,0,103,0,613,8,4,4,8
97,8,moe,725,34,5442,2917,2918,2333,155,0,36,0,610,8,5,3,8
97,9,moe,799,33,4080,965,965,2839,177,0,99,0,735,8,5,3,8
97,10,moe,726,33,6499,3026,3026,3173,199,0,101,0,603,8,4,4,8
97,11,moe,653,36,4603,1663,1663,2807,102,0,31,0,605,8,6,2,8
97,12,moe,730,32,3696,1573,1573,1927,114,0,82,0,728,8,6,2,8
97,13,moe,794,36,3332,1519,1519,1621,100,0,92,0,606,8,6,2,8
97,14,moe,724,36,4363,1421,1421,2805,103,0,34,0,606,8,6,2,8
97,15,moe,653,32,5697,1645,1645,3715,229,0,108,0,745,8,4,4,8
97,16,moe,733,33,9212,3201,3201,5701,206,0,104,0,605,8,4,4,8
97,17,moe,794,34,8200,2342,2342,5611,198,0,49,0,608,8,4,4,8
97,18,moe,726,33,9095,3782,3782,5054,170,0,89,0,720,8,5,3,8
97,19,moe,662,36,7044,2728,2728,3953,254,0,109,0,642,8,3,5,8
97,20,moe,750,37,5166,2652,2652,2315,158,1,40,0,649,8,5,3,8
97,21,moe,822,43,8015,2656,2656,5083,173,0,103,0,806,8,5,3,8
97,22,moe,840,55,4425,1310,1310,2923,102,0,90,0,643,8,6,2,8
97,23,moe,777,32,2231,316,316,1787,58,0,70,0,771,8,7,1,8
97,24,moe,852,40,9829,4899,4900,4584,289,0,56,0,873,8,3,5,8
97,25,moe,839,35,1376,393,393,902,57,3,21,0,780,8,7,1,8
97,26,moe,672,35,11667,4828,4828,6565,228,0,46,0,812,8,4,4,8
97,-1,epi,0,0,0,0,0,0,0,0,6100,0,0,0,0,0,0
98,-2,pre,39,0,0,0,0,0,0,0,0,0,0,0,0,0,0
98,0,dense,1526,41,0,0,0,0,0,0,0,0,0,0,0,0,0
98,1,moe,879,40,14160,5510,5512,8297,290,0,61,0,724,8,3,5,8
98,2,moe,750,52,7758,2588,2588,4957,172,1,40,0,762,8,5,3,8
98,3,moe,652,35,4051,629,629,3279,114,0,29,0,728,8,6,2,8
98,4,moe,724,35,2834,1186,1186,1508,50,0,90,0,606,8,7,1,8
98,5,moe,7542,36,1121,277,277,773,51,0,20,0,604,8,7,1,8
98,6,moe,4118,37,1451,314,314,1026,60,0,51,0,730,8,7,1,8
98,7,moe,655,32,3136,1304,1304,1643,104,0,85,0,613,8,6,2,8
98,8,moe,732,33,2635,1161,1161,1403,51,0,20,0,609,8,7,1,8
98,9,moe,796,37,1471,334,334,1005,59,0,73,0,740,8,7,1,8
98,10,moe,729,35,4518,1443,1443,2890,98,0,87,0,609,8,6,2,8
98,11,moe,651,31,1758,282,282,1404,50,0,22,0,614,8,7,1,8
98,12,moe,735,35,7258,3191,3191,3732,234,0,101,0,732,8,4,4,8
98,13,moe,798,37,4679,2016,2016,2416,152,0,95,0,617,8,5,3,8
98,14,moe,726,35,6335,2971,2971,3110,203,0,51,0,620,8,4,4,8
98,15,moe,660,32,10886,3829,3829,6729,225,0,103,0,736,8,4,4,8
98,16,moe,721,36,12175,4688,4688,7125,246,0,116,0,600,8,3,5,8
98,17,moe,787,39,11211,3888,3888,7014,248,0,61,0,606,8,3,5,8
98,18,moe,726,36,10036,4085,4085,5477,339,0,135,0,720,8,2,6,8
98,19,moe,658,32,9047,3042,3042,5710,195,0,100,0,610,8,4,4,8
98,20,moe,722,37,7012,3676,3676,3084,201,0,51,0,604,8,4,4,8
98,21,moe,786,34,7177,3127,3127,3704,232,0,114,0,725,8,4,4,8
98,22,moe,786,34,3232,1408,1409,1631,102,0,90,0,605,8,6,2,8
98,23,moe,646,34,4545,2446,2446,1907,117,0,75,0,721,8,6,2,8
98,24,moe,789,33,7068,3193,3193,3594,235,0,46,0,731,8,4,4,8
98,25,moe,800,32,5815,2899,2899,2694,181,0,41,0,729,8,5,3,8
98,26,moe,660,31,10175,5314,5314,4510,290,0,61,0,725,8,3,5,8
98,-1,epi,0,0,0,0,0,0,0,0,5771,0,0,0,0,0,0
99,-2,pre,43,0,0,0,0,0,0,0,0,0,0,0,0,0,0
99,0,dense,1451,40,0,0,0,0,0,0,0,0,0,0,0,0,0
99,1,moe,774,39,14609,5999,5999,8222,318,0,70,0,746,8,3,5,8
99,2,moe,732,36,7376,3482,3482,3599,238,0,57,0,743,8,4,4,8
99,3,moe,661,38,5843,2933,2933,2688,176,0,46,0,733,8,5,3,8
99,4,moe,726,34,11050,5870,5871,4717,315,0,147,0,653,8,2,6,8
99,5,moe,798,34,8846,4689,4689,3849,247,0,61,0,623,8,3,5,8
99,6,moe,724,36,4520,2407,2407,1927,121,0,65,0,729,8,6,2,8
99,7,moe,8295,33,5477,2358,2358,2925,96,0,98,0,604,8,6,2,8
99,8,moe,722,37,4313,1391,1391,2788,101,0,33,0,609,8,6,2,8
99,9,moe,794,35,10108,3123,3123,6648,224,0,113,0,721,8,4,4,8
99,10,moe,724,34,13056,5612,5612,7076,253,0,115,0,608,8,3,5,8
99,11,moe,642,34,10344,4510,4510,5588,197,0,49,0,606,8,4,4,8
99,12,moe,731,38,9026,3706,3706,5044,171,0,105,0,723,8,5,3,8
99,13,moe,792,35,12773,5413,5413,6994,243,0,123,0,604,8,3,5,8
99,14,moe,720,33,9531,3771,3771,5520,193,0,47,0,615,8,4,4,8
99,15,moe,656,34,5876,2846,2846,2766,170,0,94,0,729,8,5,3,8
99,16,moe,728,33,8809,4568,4568,3885,242,0,114,0,612,8,3,5,8
99,17,moe,795,35,7940,3823,3823,3814,244,0,59,0,605,8,3,5,8
99,18,moe,725,36,5809,2775,2776,2768,173,0,92,0,735,8,5,3,8
99,19,moe,649,34,12231,3435,3435,8380,292,0,124,0,599,8,2,6,8
99,20,moe,719,33,6933,3630,3630,3053,202,0,48,0,615,8,4,4,8
99,21,moe,792,35,9231,2327,2327,6573,228,0,103,0,726,8,4,4,8
99,22,moe,788,33,2132,1143,1143,841,52,0,96,0,607,8,7,1,8
99,23,moe,659,35,3610,1535,1535,1890,114,0,71,0,723,8,6,2,8
99,24,moe,788,34,7662,3821,3821,3559,229,0,53,0,730,8,4,4,8
99,25,moe,790,33,8843,4997,4997,3563,229,0,54,0,735,8,4,4,8
99,26,moe,656,32,5684,2803,2803,2664,176,0,41,0,742,8,5,3,8
99,-1,epi,0,0,0,0,0,0,0,0,5766,0,0,0,0,0,0
100,-2,pre,1362,0,0,0,0,0,0,0,0,0,0,0,0,0,0
100,0,dense,1440,41,0,0,0,0,0,0,0,0,0,0,0,0,0
100,1,moe,816,36,9278,5449,5449,3546,231,0,52,0,742,8,4,4,8
100,2,moe,729,34,8152,4312,4312,3556,228,0,56,0,735,8,4,4,8
100,3,moe,651,33,12699,4314,4314,8043,278,0,64,0,727,8,3,5,8
100,4,moe,716,33,6101,3466,3467,2366,148,0,120,0,607,8,5,3,8
100,5,moe,788,36,4948,2467,2467,2288,155,0,38,0,608,8,5,3,8
100,6,moe,722,34,11721,4816,4816,6565,224,0,116,0,727,8,4,4,8
100,7,moe,3675,35,15329,6483,6484,8413,293,0,139,0,610,8,2,6,8
100,8,moe,6211,35,2522,1071,1071,1381,49,1,20,0,608,8,7,1,8
100,9,moe,7604,35,6993,1774,1774,4947,170,0,102,0,731,8,5,3,8
100,10,moe,8038,35,10385,4408,4409,5664,202,0,110,0,646,8,4,4,8
100,11,moe,10709,38,7644,4341,4341,3057,197,0,49,0,630,8,4,4,8
100,12,moe,8195,37,8992,4954,4955,3686,232,0,119,0,725,8,4,4,8
100,13,moe,4251,38,5080,2443,2443,2369,154,0,114,0,611,8,5,3,8
100,14,moe,2788,36,9420,5299,5299,3814,250,0,57,0,617,8,3,5,8
100,15,moe,660,37,5761,2703,2703,2773,174,0,111,0,733,8,5,3,8
100,16,moe,720,32,11253,5377,5377,5393,342,0,141,0,610,8,1,7,8
100,17,moe,785,36,5713,3236,3236,2288,148,1,40,0,608,8,5,3,8
100,18,moe,713,34,7975,4001,4001,3636,226,0,112,0,731,8,4,4,8
100,19,moe,648,32,9891,4854,4854,4620,293,0,124,0,614,8,2,6,8
100,20,moe,717,36,11678,5933,5933,5327,341,0,77,0,612,8,1,7,8
100,21,moe,787,35,5698,2679,2679,2751,170,0,98,0,744,8,5,3,8
100,22,moe,786,34,8208,3877,3877,3932,264,0,135,0,668,8,3,5,8
100,23,moe,679,42,5320,2198,2199,2814,187,0,120,0,733,8,5,3,8
100,24,moe,817,36,8535,3742,3743,4440,287,0,65,0,754,8,3,5,8
100,25,moe,801,39,10128,5309,5309,4453,296,0,70,0,737,8,3,5,8
100,26,moe,652,36,7029,3198,3199,3544,224,0,62,0,734,8,4,4,8
100,-1,epi,0,0,0,0,0,0,0,0,5789,0,0,0,0,0,0
101,-2,pre,51,0,0,0,0,0,0,0,0,0,0,0,0,0,0
101,0,dense,1485,41,0,0,0,0,0,0,0,0,0,0,0,0,0
101,1,moe,821,39,11450,5728,5728,5313,340,0,69,0,740,8,2,6,8
101,2,moe,720,36,6462,3594,3595,2655,172,0,40,0,733,8,5,3,8
101,3,moe,656,33,8166,3389,3389,4433,282,0,62,0,736,8,3,5,8
101,4,moe,720,34,2357,544,544,1605,102,0,106,0,619,8,6,2,8
101,5,moe,791,34,1116,269,269,774,51,0,22,0,614,8,7,1,8
101,6,moe,729,36,2420,1284,1284,1004,56,0,76,0,736,8,7,1,8
101,7,moe,659,32,2316,539,541,1592,99,0,84,0,619,8,6,2,8
101,8,moe,724,33,1964,1124,1124,769,50,0,21,0,624,8,7,1,8
101,9,moe,799,37,2358,1215,1215,1008,58,0,77,0,741,8,7,1,8
101,10,moe,725,35,11,0,0,0,0,0,11,0,614,8,8,0,8
101,11,moe,659,32,3841,1201,1201,2377,152,0,111,0,634,8,5,3,8
101,12,moe,739,35,4555,2446,2447,1913,118,0,77,0,741,8,6,2,8
101,13,moe,795,34,5310,2689,2690,2371,150,0,99,0,622,8,5,3,8
101,14,moe,889,37,7701,4376,4377,3078,196,0,50,0,622,8,4,4,8
101,15,moe,3763,33,6312,2283,2283,3679,231,1,118,0,744,8,4,4,8
101,16,moe,726,39,8610,3539,3540,4650,296,0,124,0,620,8,2,6,8
101,17,moe,788,35,5451,2142,2142,3053,200,0,56,0,618,8,4,4,8
101,18,moe,733,37,6720,3735,3735,2743,168,0,74,0,736,8,5,3,8
101,19,moe,649,33,7132,3746,3747,3102,194,0,89,0,612,8,4,4,8
101,20,moe,718,34,9311,4365,4365,4585,299,0,62,0,623,8,2,6,8
101,21,moe,788,37,6923,2908,2909,3676,226,1,111,0,729,8,4,4,8
101,22,moe,803,36,2327,1364,1364,837,51,0,75,0,618,8,7,1,8
101,23,moe,664,35,4794,2710,2710,1894,113,0,77,0,725,8,6,2,8
101,24,moe,791,32,5615,2747,2747,2654,171,0,43,0,734,8,5,3,8
101,25,moe,785,34,11053,6277,6278,4438,287,0,50,0,733,8,3,5,8
101,26,moe,656,32,8316,3566,3566,4410,286,0,54,0,730,8,3,5,8
101,-1,epi,0,0,0,0,0,0,0,0,5788,0,0,0,0,0,0
102,-2,pre,240,0,0,0,0,0,0,0,0,0,0,0,0,0,0
102,0,dense,1444,41,0,0,0,0,0,0,0,0,0,0,0,0,0
102,1,moe,830,36,6618,3723,3723,2668,175,0,52,0,762,8,5,3,8
102,2,moe,729,36,10699,5911,5911,4438,289,0,61,0,744,8,3,5,8
102,3,moe,661,34,10755,5983,5983,4431,284,0,57,0,736,8,3,5,8
102,4,moe,718,34,11,0,0,0,0,0,11,0,610,8,8,0,8
102,5,moe,797,33,2152,1145,1145,869,51,0,87,0,617,8,7,1,8
102,6,moe,723,38,6888,3837,3838,2785,170,0,95,0,735,8,5,3,8
102,7,moe,661,33,4305,1705,1705,2360,144,0,96,0,624,8,5,3,8
102,8,moe,724,39,2000,1162,1162,767,50,0,21,0,618,8,7,1,8
102,9,moe,797,34,6644,3616,3616,2766,168,0,94,0,738,8,5,3,8
102,10,moe,718,33,10044,4960,4960,4658,290,0,136,0,620,8,2,6,8
102,11,moe,651,31,4960,2485,2485,2292,145,0,38,0,621,8,5,3,8
102,12,moe,721,32,5913,2869,2869,2772,174,0,98,0,731,8,5,3,8
102,13,moe,798,33,1237,280,280,838,48,0,71,0,618,8,7,1,8
102,14,moe,728,32,7857,4562,4562,3052,195,0,48,0,619,8,4,4,8
102,15,moe,8965,35,7150,3153,3153,3656,233,1,107,0,741,8,4,4,8
102,16,moe,721,33,5093,2491,2491,2358,149,0,95,0,617,8,5,3,8
102,17,moe,793,33,5830,3338,3338,2294,147,0,51,0,616,8,5,3,8
102,18,moe,725,34,6537,3527,3527,2745,169,0,96,0,735,8,5,3,8
102,19,moe,651,32,6959,3547,3547,3110,193,0,109,0,620,8,4,4,8
102,20,moe,724,38,6235,2944,2945,3044,194,0,52,0,613,8,4,4,8
102,21,moe,790,34,7948,3971,3971,3644,225,0,108,0,733,8,4,4,8
102,22,moe,790,35,9910,4834,4834,4649,294,0,133,0,614,8,2,6,8
102,23,moe,660,32,4522,2458,2458,1873,113,0,78,0,725,8,6,2,8
102,24,moe,790,32,9853,5097,5097,4420,278,0,58,0,738,8,3,5,8
102,25,moe,786,35,9555,4780,4781,4434,284,0,56,0,734,8,3,5,8
102,26,moe,651,31,8352,3576,3576,4431,280,0,65,0,734,8,3,5,8
102,-1,epi,0,0,0,0,0,0,0,0,5788,0,0,0,0,0,0
103,-2,pre,88,0,0,0,0,0,0,0,0,0,0,0,0,0,0
103,0,dense,1448,38,0,0,0,0,0,0,0,0,0,0,0,0,0
103,1,moe,818,37,9020,5198,5198,3544,228,0,50,0,737,8,4,4,8
103,2,moe,723,38,4319,2400,2400,1769,116,0,34,0,736,8,6,2,8
103,3,moe,658,32,7867,4059,4060,3530,226,0,51,0,738,8,4,4,8
103,4,moe,721,35,5991,3349,3349,2372,146,0,124,0,615,8,5,3,8
103,5,moe,797,37,3871,2202,2203,1529,97,0,42,0,618,8,6,2,8
103,6,moe,720,34,2362,1228,1228,998,58,0,78,0,738,8,7,1,8
103,7,moe,661,35,2372,554,554,1633,99,0,86,0,617,8,6,2,8
103,8,moe,724,34,1985,1145,1145,768,49,0,23,0,616,8,7,1,8
103,9,moe,797,34,4740,2601,2601,1910,135,0,94,0,780,8,6,2,8
103,10,moe,723,46,5194,2511,2511,2386,161,0,136,0,677,8,5,3,8
103,11,moe,675,35,3883,2187,2187,1547,110,0,39,0,623,8,6,2,8
103,12,moe,733,36,2336,1204,1204,986,60,0,86,0,744,8,7,1,8
103,13,moe,807,42,4029,2231,2231,1600,99,0,99,0,624,8,6,2,8
103,14,moe,730,36,3139,1471,1471,1533,101,0,34,0,644,8,6,2,8
103,15,moe,661,33,4601,2509,2509,1887,115,0,90,0,748,8,6,2,8
103,16,moe,5255,36,3131,1342,1342,1593,103,0,93,0,623,8,6,2,8
103,17,moe,7781,38,9,0,0,0,0,0,9,0,609,8,8,0,8
103,18,moe,5528,36,10,0,1,0,0,0,9,0,728,8,8,0,8
103,19,moe,3238,35,1107,265,265,769,52,0,21,0,619,8,7,1,8
103,20,moe,729,36,3961,2306,2306,1525,100,0,30,0,621,8,6,2,8
103,21,moe,799,35,5944,2890,2890,2764,175,0,115,0,741,8,5,3,8
103,22,moe,803,38,3224,1435,1435,1595,103,0,91,0,629,8,6,2,8
103,23,moe,656,36,7929,2755,2755,4936,167,0,71,0,733,8,5,3,8
103,24,moe,799,34,9202,2480,2480,6451,226,0,45,0,734,8,4,4,8
103,25,moe,802,35,2216,1253,1253,885,56,0,22,0,736,8,7,1,8
103,26,moe,668,31,3665,1748,1748,1771,114,0,32,0,734,8,6,2,8
103,-1,epi,0,0,0,0,0,0,0,0,5854,0,0,0,0,0,0
104,-2,pre,206,0,0,0,0,0,0,0,0,0,0,0,0,0,0
104,0,dense,1461,38,0,0,0,0,0,0,0,0,0,0,0,0,0
104,1,moe,832,36,10002,3282,3282,6436,229,0,55,0,738,8,4,4,8
104,2,moe,736,36,3576,1653,1653,1776,117,0,30,0,738,8,6,2,8
104,3,moe,698,31,8085,4253,4254,3562,223,0,46,0,740,8,4,4,8
104,4,moe,726,43,2128,1150,1150,837,50,0,91,0,619,8,7,1,8
104,5,moe,796,32,7970,4663,4664,3057,201,0,48,0,626,8,4,4,8
104,6,moe,723,34,2371,1230,1230,995,60,0,86,0,741,8,7,1,8
104,7,moe,660,32,5974,3369,3369,2354,149,0,102,0,629,8,5,3,8
104,8,moe,735,35,7639,3317,3317,4133,147,0,42,0,616,8,5,3,8
104,9,moe,794,33,8941,3713,3714,4951,170,0,106,0,737,8,5,3,8
104,10,moe,723,33,7003,2533,2533,4222,147,0,101,0,610,8,5,3,8
104,11,moe,648,33,7064,3763,3763,3054,200,0,47,0,619,8,4,4,8
104,12,moe,722,34,6851,3855,3855,2731,169,0,96,0,724,8,5,3,8
104,13,moe,791,33,9734,5480,5480,3874,246,1,133,0,621,8,3,5,8
104,14,moe,5330,36,10097,4335,4335,5513,197,1,51,0,610,8,4,4,8
104,15,moe,657,33,4542,2438,2438,1898,117,0,89,0,737,8,6,2,8
104,16,moe,740,33,9251,4163,4163,4651,301,0,136,0,615,8,2,6,8
104,17,moe,810,33,4995,2521,2521,2287,148,0,39,0,622,8,5,3,8
104,18,moe,725,31,4575,2463,2463,1892,116,3,101,0,729,8,6,2,8
104,19,moe,5606,35,3177,1369,1369,1618,104,0,86,0,614,8,6,2,8
104,20,moe,724,33,4016,2364,2364,1519,98,0,35,0,615,8,6,2,8
104,21,moe,793,34,4451,2352,2353,1881,117,0,100,0,731,8,6,2,8
104,22,moe,792,33,7127,3712,3712,3110,197,0,108,0,622,8,4,4,8
104,23,moe,644,34,7906,3917,3917,3656,229,0,104,0,734,8,4,4,8
104,24,moe,813,36,9334,4507,4507,4473,290,0,64,0,740,8,3,5,8
104,25,moe,801,42,6100,3187,3187,2686,182,0,45,0,760,8,5,3,8
104,26,moe,3505,36,9117,2336,2336,6495,232,0,54,0,726,8,4,4,8
104,-1,epi,0,0,0,0,0,0,0,0,5946,0,0,0,0,0,0
105,-2,pre,69,0,0,0,0,0,0,0,0,0,0,0,0,0,0
105,0,dense,1448,40,0,0,0,0,0,0,0,0,0,0,0,0,0
105,1,moe,820,41,10266,5376,5376,4536,293,0,61,0,765,8,3,5,8
105,2,moe,759,43,8566,3446,3446,4898,171,0,51,0,748,8,5,3,8
105,3,moe,679,34,4487,2552,2552,1782,120,0,33,0,765,8,6,2,8
105,4,moe,775,46,4492,1843,1843,2370,160,0,119,0,636,8,5,3,8
105,5,moe,832,39,3065,1379,1379,1548,101,0,37,0,619,8,6,2,8
105,6,moe,728,39,7213,3189,3189,3679,233,0,112,0,735,8,4,4,8
105,7,moe,671,39,5075,2447,2447,2368,150,0,110,0,623,8,5,3,8
105,8,moe,723,37,5044,2547,2547,2301,149,0,47,0,623,8,5,3,8
105,9,moe,798,36,8026,2766,2766,4992,167,0,101,0,730,8,5,3,8
105,10,moe,730,38,9529,3593,3594,5626,195,0,114,0,600,8,4,4,8
105,11,moe,644,32,11217,4031,4032,6890,243,0,52,0,613,8,3,5,8
105,12,moe,722,37,4483,2374,2374,1886,117,0,106,0,739,8,6,2,8
105,13,moe,790,35,3167,1375,1375,1600,101,0,91,0,616,8,6,2,8
105,14,moe,736,35,10111,4317,4317,5547,199,0,48,0,611,8,4,4,8
105,15,moe,649,37,2378,1239,1239,1009,57,0,73,0,735,8,7,1,8
105,16,moe,724,40,7084,2578,2578,4252,151,0,103,0,607,8,5,3,8
105,17,moe,790,36,7700,3372,3373,4139,149,0,39,0,608,8,5,3,8
105,18,moe,717,34,7967,2740,2740,4956,169,0,102,0,725,8,5,3,8
105,19,moe,665,41,5487,2476,2477,2827,99,0,84,0,608,8,6,2,8
105,20,moe,717,33,5240,2346,2346,2767,99,0,28,0,621,8,6,2,8
105,21,moe,788,34,4543,942,942,3406,113,0,82,0,734,8,6,2,8
105,22,moe,801,36,2736,1159,1159,1458,51,0,68,0,598,8,7,1,8
105,23,moe,668,33,3132,1250,1250,1750,72,0,60,0,736,8,7,1,8
105,24,moe,785,29,9249,2367,2368,6571,254,0,56,0,744,8,4,4,8
105,25,moe,791,38,4943,1538,1538,3249,120,0,36,0,748,8,6,2,8
105,26,moe,669,245,8403,3346,3346,4842,173,0,42,0,737,8,5,3,8
105,-1,epi,0,0,0,0,0,0,0,0,5815,0,0,0,0,0,0
106,-2,pre,308,0,0,0,0,0,0,0,0,0,0,0,0,0,0
106,0,dense,1457,41,0,0,0,0,0,0,0,0,0,0,0,0,0
106,1,moe,824,36,5910,3033,3033,2660,174,0,43,0,754,8,5,3,8
106,2,moe,737,35,8031,4200,4200,3554,230,0,47,0,745,8,4,4,8
106,3,moe,658,35,12950,4525,4525,8086,282,0,57,0,736,8,3,5,8
106,4,moe,735,36,2814,1201,1201,1468,50,0,95,0,620,8,7,1,8
106,5,moe,795,36,5937,3445,3445,2301,148,0,43,0,619,8,5,3,8
106,6,moe,718,36,9,0,0,0,0,0,9,0,731,8,8,0,8
106,7,moe,659,33,6440,3154,3154,3039,197,0,50,0,617,8,4,4,8
106,8,moe,725,35,5297,2803,2803,2299,150,0,45,0,616,8,5,3,8
106,9,moe,797,37,6707,3653,3653,2769,171,0,114,0,736,8,5,3,8
106,10,moe,727,39,6421,2996,2996,3110,196,0,119,0,617,8,4,4,8
106,11,moe,647,34,9344,3575,3575,5526,197,0,46,0,608,8,4,4,8
106,12,moe,725,34,2201,323,323,1748,56,0,74,0,730,8,7,1,8
106,13,moe,791,34,7042,2590,2590,4220,151,0,81,0,605,8,5,3,8
106,14,moe,734,33,5016,2532,2532,2296,146,0,42,0,611,8,5,3,8
106,15,moe,652,33,13963,3916,3917,9575,344,0,127,0,735,8,2,6,8
106,16,moe,723,37,2717,930,931,1599,98,0,89,0,619,8,6,2,8
106,17,moe,804,35,5018,2549,2549,2285,150,0,34,0,615,8,5,3,8
106,18,moe,740,35,3743,1668,1668,1871,116,0,88,0,732,8,6,2,8
106,19,moe,659,31,5514,2071,2072,3134,203,0,105,0,616,8,4,4,8
106,20,moe,730,35,4370,1486,1486,2756,100,0,28,0,611,8,6,2,8
106,21,moe,811,34,7371,2167,2167,4938,168,0,98,0,726,8,5,3,8
106,22,moe,812,37,2323,542,542,1590,100,0,91,0,623,8,6,2,8
106,23,moe,662,32,5000,1957,1957,2775,173,0,95,0,731,8,5,3,8
106,24,moe,807,36,15802,5775,5775,9619,345,0,63,0,720,8,2,6,8
106,25,moe,791,33,7164,3340,3340,3544,232,0,48,0,730,8,4,4,8
106,26,moe,654,31,4871,1999,1999,2662,169,0,41,0,730,8,5,3,8
106,-1,epi,0,0,0,0,0,0,0,0,5789,0,0,0,0,0,0
107,-2,pre,166,0,0,0,0,0,0,0,0,0,0,0,0,0,0
107,0,dense,1443,38,0,0,0,0,0,0,0,0,0,0,0,0,0
107,1,moe,827,38,9994,4218,4218,5360,343,0,73,0,747,8,2,6,8
107,2,moe,730,38,7107,3297,3297,3532,229,0,49,0,740,8,4,4,8
107,3,moe,667,33,4935,1557,1557,3233,116,0,29,0,732,8,6,2,8
107,4,moe,734,35,4559,1926,1926,2367,152,0,114,0,624,8,5,3,8
107,5,moe,796,34,2642,1184,1184,1383,51,0,24,0,616,8,7,1,8
107,6,moe,721,32,3090,1239,1239,1710,59,0,82,0,736,8,7,1,8
107,7,moe,652,33,9,0,1,0,0,0,8,0,614,8,8,0,8
107,8,moe,746,33,1843,265,265,1439,52,0,87,0,618,8,7,1,8
107,9,moe,808,35,5049,1971,1971,2805,171,0,102,0,738,8,5,3,8
107,10,moe,737,34,3275,1470,1470,1614,102,0,89,0,619,8,6,2,8
107,11,moe,660,34,6076,2769,2769,3059,197,0,51,0,620,8,4,4,8
107,12,moe,742,36,5973,2376,2376,3396,114,0,87,0,735,8,6,2,8
107,13,moe,802,34,2750,1144,1144,1472,52,0,82,0,614,8,7,1,8
107,14,moe,732,33,9499,3707,3708,5545,198,0,48,0,612,8,4,4,8
107,15,moe,656,32,5098,1535,1535,3361,117,0,85,0,740,8,6,2,8
107,16,moe,742,35,4575,1976,1976,2343,152,1,103,0,616,8,5,3,8
107,17,moe,803,33,5922,1602,1603,4133,148,0,38,0,609,8,5,3,8
107,18,moe,729,35,12913,4322,4323,8190,279,0,121,0,726,8,3,5,8
107,19,moe,646,33,7228,2759,2759,4223,145,0,101,0,609,8,5,3,8
107,20,moe,725,32,3822,2164,2164,1523,101,0,34,0,605,8,6,2,8
107,21,moe,792,34,3640,1556,1556,1878,116,0,90,0,731,8,6,2,8
107,22,moe,794,34,2179,1214,1214,840,51,0,74,0,616,8,7,1,8
107,23,moe,652,32,1408,319,319,971,59,0,59,0,733,8,7,1,8
107,24,moe,803,33,5632,2755,2755,2660,170,0,47,0,738,8,5,3,8
107,25,moe,793,32,4957,1592,1592,3222,115,0,28,0,726,8,6,2,8
107,26,moe,655,31,9,0,0,0,0,0,9,0,726,8,8,0,8
107,-1,epi,0,0,0,0,0,0,0,0,5881,0,0,0,0,0,0
108,-2,pre,217,0,0,0,0,0,0,0,0,0,0,0,0,0,0
108,0,dense,1459,36,0,0,0,0,0,0,0,0,0,0,0,0,0
108,1,moe,833,37,5635,2757,2758,2664,174,0,39,0,760,8,5,3,8
108,2,moe,738,33,8753,3704,3704,4838,167,0,44,0,735,8,5,3,8
108,3,moe,658,33,15637,5686,5686,9547,341,0,63,0,734,8,2,6,8
108,4,moe,720,33,2211,1196,1196,872,51,0,92,0,616,8,7,1,8
108,5,moe,814,37,4146,1682,1684,2274,149,0,39,0,617,8,5,3,8
108,6,moe,733,34,10,0,0,0,0,0,10,0,734,8,8,0,8
108,7,moe,661,32,3055,1382,1382,1539,100,0,34,0,618,8,6,2,8
108,8,moe,733,33,3928,2274,2274,1526,98,0,30,0,642,8,6,2,8
108,9,moe,792,38,3630,1517,1517,1893,117,0,103,0,747,8,6,2,8
108,10,moe,736,35,7160,3767,3768,3103,196,0,93,0,617,8,4,4,8
108,11,moe,668,35,6828,3526,3526,3048,200,0,54,0,626,8,4,4,8
108,12,moe,725,34,4535,2416,2416,1911,114,3,91,0,735,8,6,2,8
108,13,moe,794,35,6137,3527,3527,2356,147,0,107,0,619,8,5,3,8
108,14,moe,730,34,4935,2458,2458,2286,154,0,37,0,622,8,5,3,8
108,15,moe,662,44,7251,3209,3209,3687,240,0,115,0,804,8,4,4,8
108,16,moe,710,37,4524,1422,1422,2863,110,0,129,0,624,8,6,2,8
108,17,moe,787,36,8191,4064,4064,3814,249,0,64,0,636,8,3,5,8
108,18,moe,735,38,8218,2958,2958,4984,171,0,105,0,742,8,5,3,8
108,19,moe,670,35,6245,2818,2819,3108,202,0,116,0,619,8,4,4,8
108,20,moe,738,36,4356,1872,1872,2291,150,0,43,0,624,8,5,3,8
108,21,moe,819,40,8269,3308,3308,4553,288,0,120,0,739,8,3,5,8
108,22,moe,830,39,7879,3378,3378,4247,148,0,106,0,609,8,5,3,8
108,23,moe,652,35,5926,2373,2374,3355,113,0,84,0,730,8,6,2,8
108,24,moe,837,35,17702,9320,9320,8043,281,0,58,0,728,8,3,5,8
108,25,moe,785,36,7933,2883,2883,4844,168,0,38,0,723,8,5,3,8
108,26,moe,663,33,3968,605,605,3220,112,0,31,0,721,8,6,2,8
108,-1,epi,0,0,0,0,0,0,0,0,5807,0,0,0,0,0,0
109,-2,pre,226,0,0,0,0,0,0,0,0,0,0,0,0,0,0
109,0,dense,1453,38,0,0,0,0,0,0,0,0,0,0,0,0,0
109,1,moe,821,35,12626,5950,5950,6205,396,0,75,0,749,8,1,7,8
109,2,moe,738,35,13710,5290,5290,8080,286,0,54,0,726,8,3,5,8
109,3,moe,655,32,16486,6480,6480,9602,344,0,60,0,722,8,2,6,8
109,4,moe,716,35,9489,3597,3597,5570,194,0,128,0,607,8,4,4,8
109,5,moe,785,33,8056,4761,4761,3046,201,0,48,0,607,8,4,4,8
109,6,moe,718,35,4611,2510,2511,1883,116,0,101,0,729,8,6,2,8
109,7,moe,647,32,7967,4535,4536,3113,200,0,118,0,610,8,4,4,8
109,8,moe,735,33,4481,2001,2001,2288,150,2,40,0,615,8,5,3,8
109,9,moe,811,38,10184,5195,5195,4578,287,0,124,0,729,8,3,5,8
109,10,moe,720,34,5985,3366,3366,2369,150,0,100,0,619,8,5,3,8
109,11,moe,643,33,16990,6955,6955,9618,345,1,71,0,609,8,1,7,8
109,12,moe,724,34,8928,3046,3046,5431,343,0,108,0,734,8,2,6,8
109,13,moe,789,33,7508,4074,4074,3125,197,0,112,0,610,8,4,4,8
109,14,moe,725,35,7641,2695,2695,4563,299,0,84,0,616,8,2,6,8
109,15,moe,659,33,15452,5399,5399,9582,345,0,126,0,731,8,2,6,8
109,16,moe,722,34,12971,6277,6277,6157,395,0,142,0,611,8,0,8,8
109,17,moe,798,36,12785,4155,4155,8272,294,0,64,0,610,8,2,6,8
109,18,moe,716,33,7445,3471,3472,3641,225,0,107,0,719,8,4,4,8
109,19,moe,648,36,9594,3702,3702,5408,345,0,139,0,612,8,1,7,8
109,20,moe,720,34,13713,5054,5054,8302,288,0,69,0,600,8,2,6,8
109,21,moe,790,34,15716,5633,5633,9614,339,0,130,0,726,8,2,6,8
109,22,moe,790,36,7855,2750,2750,4665,296,0,144,0,607,8,2,6,8
109,23,moe,669,36,6468,2480,2480,3650,234,0,104,0,729,8,4,4,8
109,24,moe,807,36,7590,2777,2777,4462,287,0,64,0,734,8,3,5,8
109,25,moe,798,37,10352,3632,3632,6243,405,0,72,0,732,8,1,7,8
109,26,moe,669,36,8652,2925,2925,5318,344,0,65,0,726,8,2,6,8
109,-1,epi,0,0,0,0,0,0,0,0,5752,0,0,0,0,0,0
110,-2,pre,204,0,0,0,0,0,0,0,0,0,0,0,0,0,0
110,0,dense,1446,44,0,0,0,0,0,0,0,0,0,0,0,0,0
110,1,moe,815,35,4246,1383,1383,2655,169,0,39,0,739,8,5,3,8
110,2,moe,737,36,6232,2419,2419,3535,228,0,50,0,734,8,4,4,8
110,3,moe,662,32,6237,2390,2390,3570,228,0,49,0,735,8,4,4,8
110,4,moe,738,34,7463,3153,3153,3921,248,0,141,0,619,8,3,5,8
110,5,moe,791,36,3031,1375,1375,1523,103,0,30,0,612,8,6,2,8
110,6,moe,739,34,4506,2421,2421,1882,112,0,91,0,732,8,6,2,8
110,7,moe,647,33,6002,3384,3384,2366,148,0,104,0,613,8,5,3,8
110,8,moe,730,34,6911,3609,3609,3059,198,0,45,0,612,8,4,4,8
110,9,moe,806,34,7940,3936,3936,3680,236,0,88,0,740,8,4,4,8
110,10,moe,732,33,5093,2495,2495,2365,152,0,81,0,625,8,5,3,8
110,11,moe,663,30,10264,3024,3025,6933,250,0,56,0,615,8,3,5,8
110,12,moe,717,32,2182,311,311,1733,57,0,81,0,725,8,7,1,8
110,13,moe,806,36,2353,555,555,1616,96,0,86,0,615,8,6,2,8
110,14,moe,729,33,2684,1232,1232,1378,50,0,24,0,610,8,7,1,8
110,15,moe,656,32,9726,2642,2642,6717,249,0,118,0,792,8,4,4,8
110,16,moe,714,42,3280,1408,1409,1645,115,0,111,0,618,8,6,2,8
110,17,moe,818,39,1167,294,294,791,57,0,25,0,625,8,7,1,8
110,18,moe,745,38,5201,2128,2128,2784,175,0,114,0,756,8,5,3,8
110,19,moe,675,41,11657,5755,5755,5412,349,0,141,0,621,8,1,7,8
110,20,moe,733,41,11896,4682,4682,6909,246,1,58,0,611,8,3,5,8
110,21,moe,799,36,12942,4339,4339,8189,278,0,136,0,724,8,3,5,8
110,22,moe,805,38,6415,2950,2951,3135,201,0,128,0,612,8,4,4,8
110,23,moe,649,34,5738,2673,2673,2800,174,0,91,0,732,8,5,3,8
110,24,moe,801,35,10764,4050,4050,6436,226,0,52,0,727,8,4,4,8
110,25,moe,787,34,10757,4047,4048,6434,227,0,48,0,717,8,4,4,8
110,26,moe,654,33,12812,4410,4410,8065,280,1,56,0,727,8,3,5,8
110,-1,epi,0,0,0,0,0,0,0,0,5734,0,0,0,0,0,0
111,-2,pre,49,0,0,0,0,0,0,0,0,0,0,0,0,0,0
111,0,dense,1476,36,0,0,0,0,0,0,0,0,0,0,0,0,0
111,1,moe,828,34,6445,1394,1394,4840,168,0,43,0,740,8,5,3,8
111,2,moe,733,34,7813,3984,3984,3546,233,1,49,0,729,8,4,4,8
111,3,moe,656,34,3987,1121,1121,2653,174,0,39,0,740,8,5,3,8
111,4,moe,746,35,2209,1190,1190,863,52,0,104,0,611,8,7,1,8
111,5,moe,815,35,5198,2310,2310,2747,112,0,29,0,604,8,6,2,8
111,6,moe,732,32,2419,1261,1261,1018,59,0,81,0,734,8,7,1,8
111,7,moe,665,33,4458,1432,1432,2861,99,0,66,0,613,8,6,2,8
111,8,moe,729,35,1704,260,260,1377,48,0,19,0,622,8,7,1,8
111,9,moe,808,34,3190,1276,1276,1778,57,1,78,0,758,8,7,1,8
111,10,moe,738,33,1231,278,278,824,51,0,78,0,622,8,7,1,8
111,11,moe,661,31,3166,1504,1504,1527,105,0,30,0,628,8,6,2,8
111,12,moe,744,34,2459,1294,1294,1029,60,0,76,0,730,8,7,1,8
111,13,moe,795,36,4171,2384,2384,1595,101,0,91,0,620,8,6,2,8
111,14,moe,726,35,1136,296,296,766,51,0,23,0,622,8,7,1,8
111,15,moe,679,36,8,0,0,0,0,0,8,0,746,8,8,0,8
111,16,moe,733,34,3913,2255,2255,1526,103,0,29,0,621,8,6,2,8
111,17,moe,804,37,5014,2534,2535,2284,152,0,43,0,633,8,5,3,8
111,18,moe,734,36,6132,2524,2524,3395,112,0,101,0,734,8,6,2,8
111,19,moe,668,27,4104,2315,2315,1604,100,0,85,0,618,8,6,2,8
111,20,moe,732,28,8770,3017,3017,5509,194,0,50,0,611,8,4,4,8
111,21,moe,848,35,10864,6819,6819,3704,228,0,113,0,729,8,4,4,8
111,22,moe,799,34,6986,2471,2472,4265,147,0,102,0,608,8,5,3,8
111,23,moe,653,37,6027,2459,2459,3378,115,0,75,0,722,8,6,2,8
111,24,moe,790,33,13716,5341,5341,8041,280,0,54,0,726,8,3,5,8
111,25,moe,786,34,7978,2944,2944,4820,177,0,37,0,721,8,5,3,8
111,26,moe,663,36,10298,4540,4540,5348,347,0,63,0,725,8,2,6,8
111,-1,epi,0,0,0,0,0,0,0,0,5755,0,0,0,0,0,0
112,-2,pre,212,0,0,0,0,0,0,0,0,0,0,0,0,0,0
112,0,dense,1443,38,0,0,0,0,0,0,0,0,0,0,0,0,0
112,1,moe,821,33,11007,4286,4286,6446,226,0,49,0,733,8,4,4,8
112,2,moe,731,33,13377,4982,4983,8045,284,0,65,0,730,8,3,5,8
112,3,moe,649,31,9967,3252,3253,6443,225,0,46,0,724,8,4,4,8
112,4,moe,745,36,4550,1917,1917,2362,152,0,119,0,610,8,5,3,8
112,5,moe,807,34,8692,2930,2930,5516,195,0,51,0,614,8,4,4,8
112,6,moe,725,33,8900,4853,4853,3693,230,0,124,0,731,8,4,4,8
112,7,moe,658,31,5023,2416,2416,2351,151,0,105,0,617,8,5,3,8
112,8,moe,729,35,1938,1095,1096,767,55,0,20,0,616,8,7,1,8
112,9,moe,810,37,11730,4838,4838,6550,225,0,117,0,725,8,4,4,8
112,10,moe,717,33,6146,1668,1668,4229,147,0,102,0,607,8,5,3,8
112,11,moe,649,47,7708,3389,3389,4128,146,0,45,0,602,8,5,3,8
112,12,moe,716,34,5097,1523,1524,3367,111,0,95,0,719,8,6,2,8
112,13,moe,797,36,6966,2502,2502,4220,146,0,98,0,597,8,5,3,8
112,14,moe,742,37,7969,2183,2183,5544,195,0,47,0,608,8,4,4,8
112,15,moe,646,40,10886,4000,4000,6553,225,0,108,0,735,8,4,4,8
112,16,moe,730,33,12043,4622,4623,7050,247,0,123,0,603,8,3,5,8
112,17,moe,783,34,13519,4891,4891,8271,292,0,65,0,609,8,2,6,8
112,18,moe,725,33,11950,5011,5011,6601,227,0,111,0,717,8,4,4,8
112,19,moe,651,33,9454,3560,3560,5588,198,0,108,0,595,8,4,4,8
112,20,moe,733,37,5333,2853,2853,2293,147,0,40,0,604,8,5,3,8
112,21,moe,790,34,6102,3086,3086,2769,173,0,74,0,721,8,5,3,8
112,22,moe,794,35,9735,3725,3725,5692,210,0,108,0,719,8,4,4,8
112,23,moe,662,34,5814,2675,2675,2804,181,0,154,0,787,8,5,3,8
112,24,moe,798,69,5616,2663,2663,2711,192,0,50,0,749,8,5,3,8
112,25,moe,804,39,5963,2585,2585,3225,117,0,36,0,736,8,6,2,8
112,26,moe,659,36,6953,3121,3121,3546,231,0,55,0,737,8,4,4,8
112,-1,epi,0,0,0,0,0,0,0,0,5806,0,0,0,0,0,0
113,-2,pre,51,0,0,0,0,0,0,0,0,0,0,0,0,0,0
113,0,dense,1503,42,0,0,0,0,0,0,0,0,0,0,0,0,0
113,1,moe,835,37,10267,3532,3533,6450,233,0,51,0,737,8,4,4,8
113,2,moe,737,36,4979,1621,1621,3211,116,0,31,0,733,8,6,2,8
113,3,moe,667,36,3542,1627,1627,1773,114,0,28,0,738,8,6,2,8
113,4,moe,744,37,2277,1299,1299,829,49,0,100,0,643,8,7,1,8
113,5,moe,811,35,5193,2264,2264,2794,104,0,31,0,610,8,6,2,8
113,6,moe,738,35,9135,5165,5165,3633,225,0,112,0,734,8,4,4,8
113,7,moe,655,34,2747,1141,1141,1502,50,0,54,0,614,8,7,1,8
113,8,moe,725,35,2545,1098,1098,1375,51,1,20,0,634,8,7,1,8
113,9,moe,798,36,8782,3540,3540,4970,170,0,102,0,725,8,5,3,8
113,10,moe,724,38,4636,2009,2009,2375,148,0,104,0,616,8,5,3,8
113,11,moe,659,35,2507,860,861,1520,97,1,28,0,614,8,6,2,8
113,12,moe,736,33,2359,1262,1263,980,61,0,55,0,727,8,7,1,8
113,13,moe,792,35,2773,1155,1155,1485,49,0,84,0,611,8,7,1,8
113,14,moe,729,34,5257,2766,2766,2296,152,0,43,0,619,8,5,3,8
113,15,moe,650,34,5975,2372,2372,3387,117,0,99,0,741,8,6,2,8
113,16,moe,736,34,6919,2430,2430,4236,150,0,103,0,618,8,5,3,8
113,17,moe,792,34,9592,3806,3806,5541,199,0,46,0,620,8,4,4,8
113,18,moe,725,34,12040,5108,5108,6586,229,0,117,0,724,8,4,4,8
113,19,moe,655,37,7009,3585,3585,3122,197,0,105,0,612,8,4,4,8
113,20,moe,725,34,9314,3549,3549,5523,194,1,47,0,606,8,4,4,8
113,21,moe,796,34,5254,1655,1655,3399,114,0,86,0,727,8,6,2,8
113,22,moe,794,38,5377,2312,2313,2875,99,0,90,0,609,8,6,2,8
113,23,moe,658,37,7949,2728,2728,4960,169,0,92,0,731,8,5,3,8
113,24,moe,805,33,9396,2644,2644,6452,230,0,70,0,728,8,4,4,8
113,25,moe,812,38,11542,4793,4793,6478,225,0,46,0,720,8,4,4,8
113,26,moe,652,33,5774,2897,2897,2662,178,0,37,0,726,8,5,3,8
113,-1,epi,0,0,0,0,0,0,0,0,5762,0,0,0,0,0,0
114,-2,pre,204,0,0,0,0,0,0,0,0,0,0,0,0,0,0
114,0,dense,1457,39,0,0,0,0,0,0,0,0,0,0,0,0,0
114,1,moe,829,37,11164,4439,4439,6447,229,0,49,0,751,8,4,4,8
114,2,moe,732,34,4397,2472,2472,1773,120,0,32,0,725,8,6,2,8
114,3,moe,656,34,2241,1258,1258,898,61,0,24,0,732,8,7,1,8
114,4,moe,723,35,3972,2177,2178,1587,99,0,108,0,615,8,6,2,8
114,5,moe,797,33,3979,2327,2327,1525,97,0,30,0,611,8,6,2,8
114,6,moe,726,33,1760,626,626,994,57,0,83,0,729,8,7,1,8
114,7,moe,668,32,2194,1237,1237,831,49,0,77,0,620,8,7,1,8
114,8,moe,728,34,4307,1405,1405,2770,97,0,35,0,623,8,6,2,8
114,9,moe,812,36,7962,2684,2685,5004,171,0,102,0,735,8,5,3,8
114,10,moe,722,35,1865,276,276,1459,50,0,80,0,612,8,7,1,8
114,11,moe,653,33,6970,3664,3664,3059,200,0,47,0,613,8,4,4,8
114,12,moe,725,36,10988,4010,4010,6619,236,0,123,0,726,8,4,4,8
114,13,moe,801,37,2734,1145,1145,1462,51,0,76,0,607,8,7,1,8
114,14,moe,722,34,8471,2691,2691,5530,196,0,54,0,599,8,4,4,8
114,15,moe,675,34,15924,4907,4908,10478,410,0,128,0,727,8,1,7,8
114,16,moe,723,36,9356,4264,4264,4666,301,0,125,0,610,8,2,6,8
114,17,moe,791,37,6963,3652,3652,3066,197,0,48,0,609,8,4,4,8
114,18,moe,721,207,15539,9631,9632,5435,335,0,137,0,724,8,2,6,8
114,19,moe,651,35,2297,524,524,1586,98,0,89,0,616,8,6,2,8
114,20,moe,720,34,7889,2141,2141,5501,197,0,50,0,617,8,4,4,8
114,21,moe,797,39,5265,1244,1244,3670,231,0,120,0,736,8,4,4,8
114,22,moe,803,35,4182,2384,2384,1607,100,0,91,0,609,8,6,2,8
114,23,moe,664,36,1433,323,323,989,56,1,64,0,726,8,7,1,8
114,24,moe,798,34,10000,3266,3266,6462,228,0,44,0,731,8,4,4,8
114,25,moe,796,34,10758,4050,4050,6432,231,0,45,0,748,8,4,4,8
114,26,moe,656,33,8680,3651,3651,4813,170,0,46,0,722,8,5,3,8
114,-1,epi,0,0,0,0,0,0,0,0,5737,0,0,0,0,0,0
115,-2,pre,58,0,0,0,0,0,0,0,0,0,0,0,0,0,0
115,0,dense,1445,38,0,0,0,0,0,0,0,0,0,0,0,0,0
115,1,moe,828,33,7978,4141,4141,3561,226,0,50,0,736,8,4,4,8
115,2,moe,723,35,6873,3052,3053,3547,225,0,48,0,749,8,4,4,8
115,3,moe,652,33,17455,6449,6449,10538,398,0,70,0,734,8,1,7,8
115,4,moe,723,33,4514,1456,1456,2850,98,0,110,0,601,8,6,2,8
115,5,moe,798,38,6439,3126,3126,3065,200,0,48,0,606,8,4,4,8
115,6,moe,717,34,8549,3178,3178,5057,192,0,122,0,786,8,5,3,8
115,7,moe,673,37,4086,2219,2220,1638,109,0,119,0,622,8,6,2,8
115,8,moe,728,41,2603,1132,1132,1396,53,0,22,0,623,8,7,1,8
115,9,moe,800,39,5853,2808,2808,2758,166,0,121,0,745,8,5,3,8
115,10,moe,730,37,7118,3684,3684,3111,199,0,124,0,617,8,4,4,8
115,11,moe,663,35,8722,2954,2955,5522,199,0,46,0,617,8,4,4,8
115,12,moe,735,36,13177,4577,4577,8184,287,0,129,0,734,8,3,5,8
115,13,moe,800,35,3260,1470,1470,1589,103,0,98,0,643,8,6,2,8
115,14,moe,736,39,6880,3558,3558,3066,203,0,53,0,620,8,4,4,8
115,15,moe,656,34,18965,6955,6955,11406,454,0,150,0,731,8,0,8,8
115,16,moe,722,34,14077,5253,5253,8404,291,0,129,0,601,8,2,6,8
115,17,moe,784,35,14801,4792,4793,9589,347,0,72,0,604,8,1,7,8
115,18,moe,717,34,16571,6436,6436,9667,339,0,129,0,723,8,2,6,8
115,19,moe,650,38,8411,4156,4156,3878,252,0,125,0,603,8,3,5,8
115,20,moe,719,34,7861,4570,4571,3044,197,0,49,0,603,8,4,4,8
115,21,moe,796,38,10130,5150,5150,4571,283,0,126,0,731,8,3,5,8
115,22,moe,789,36,4535,1085,1086,3133,199,3,114,0,616,8,4,4,8
115,23,moe,657,31,13840,5250,5250,8197,287,0,106,0,718,8,3,5,8
115,24,moe,803,38,15995,5931,5931,9658,346,0,60,0,722,8,2,6,8
115,25,moe,786,36,10012,4287,4287,5320,340,0,65,0,724,8,2,6,8
115,26,moe,664,34,10945,4286,4286,6186,392,0,81,0,725,8,1,7,8
115,-1,epi,0,0,0,0,0,0,0,0,5711,0,0,0,0,0,0
116,-2,pre,253,0,0,0,0,0,0,0,0,0,0,0,0,0,0
116,0,dense,1440,37,0,0,0,0,0,0,0,0,0,0,0,0,0
116,1,moe,816,38,8947,5108,5109,3558,230,0,50,0,733,8,4,4,8
116,2,moe,722,35,3756,1822,1822,1785,118,0,31,0,736,8,6,2,8
116,3,moe,654,34,5654,2782,2782,2661,173,0,38,0,730,8,5,3,8
116,4,moe,725,34,4376,1720,1721,2357,148,0,150,0,617,8,5,3,8
116,5,moe,802,34,5950,1612,1612,4143,155,0,40,0,607,8,5,3,8
116,6,moe,752,34,4521,2413,2413,1897,113,0,98,0,733,8,6,2,8
116,7,moe,658,32,6196,2761,2761,3128,195,0,112,0,613,8,4,4,8
116,8,moe,722,33,5103,2205,2205,2764,101,0,33,0,608,8,6,2,8
116,9,moe,805,36,7974,2737,2738,4957,174,0,105,0,724,8,5,3,8
116,10,moe,736,35,8772,2854,2855,5598,196,0,123,0,605,8,4,4,8
116,11,moe,667,38,3810,2159,2159,1522,101,0,28,0,610,8,6,2,8
116,12,moe,719,35,1450,320,320,1014,64,0,52,0,728,8,7,1,8
116,13,moe,803,36,4488,2680,2680,1616,101,0,91,0,613,8,6,2,8
116,14,moe,726,35,6814,3521,3521,3042,198,2,51,0,615,8,4,4,8
116,15,moe,656,35,5875,2813,2813,2791,169,0,102,0,742,8,5,3,8
116,16,moe,733,33,2847,1075,1075,1587,97,0,88,0,613,8,6,2,8
116,17,moe,807,37,7316,4019,4020,3053,200,0,43,0,614,8,4,4,8
116,18,moe,719,35,8163,4170,4171,3650,228,0,114,0,731,8,4,4,8
116,19,moe,656,32,6297,2838,2838,3142,201,0,116,0,615,8,4,4,8
116,20,moe,721,34,4270,1782,1782,2296,153,0,39,0,619,8,5,3,8
116,21,moe,795,37,10799,3935,3936,6525,226,0,112,0,725,8,4,4,8
116,22,moe,799,39,9178,2868,2868,5997,199,0,114,0,647,8,4,4,8
116,23,moe,668,31,8211,2908,2908,5039,169,0,95,0,723,8,5,3,8
116,24,moe,793,36,11599,2755,2755,8491,295,0,58,0,752,8,3,5,8
116,25,moe,799,36,8623,3577,3577,4682,298,0,66,0,761,8,3,5,8
116,26,moe,655,33,10671,4842,4843,5410,352,0,66,0,734,8,2,6,8
116,-1,epi,0,0,0,0,0,0,0,0,5820,0,0,0,0,0,0
117,-2,pre,67,0,0,0,0,0,0,0,0,0,0,0,0,0,0
117,0,dense,1483,38,0,0,0,0,0,0,0,0,0,0,0,0,0
117,1,moe,832,37,14033,5212,5214,8478,289,0,52,0,751,8,3,5,8
117,2,moe,731,33,11212,3905,3906,7015,240,0,51,0,745,8,4,4,8
117,3,moe,651,37,14451,6064,6064,8041,285,0,61,0,728,8,3,5,8
117,4,moe,724,34,8204,3929,3931,3888,248,0,137,0,608,8,3,5,8
117,5,moe,801,37,5231,2286,2286,2800,112,0,33,0,679,8,6,2,8
117,6,moe,726,38,6068,2492,2492,3374,123,0,79,0,735,8,6,2,8
117,7,moe,663,39,3948,2144,2144,1596,98,3,107,0,628,8,6,2,8
117,8,moe,752,38,5101,2212,2212,2751,101,0,37,0,616,8,6,2,8
117,9,moe,803,45,12926,4318,4318,8160,285,0,163,0,734,8,3,5,8
117,10,moe,734,41,6103,3503,3504,2346,147,0,106,0,612,8,5,3,8
117,11,moe,660,33,8798,4686,4686,3804,245,0,63,0,610,8,3,5,8
117,12,moe,727,43,8880,3679,3679,4928,168,0,105,0,723,8,5,3,8
117,13,moe,787,31,10815,4888,4888,5614,196,0,117,0,606,8,4,4,8
117,14,moe,734,34,5933,3456,3456,2287,149,0,41,0,612,8,5,3,8
117,15,moe,665,235,14827,7905,7905,6581,227,0,114,0,729,8,4,4,8
117,16,moe,724,33,8732,4490,4490,3893,246,0,103,0,607,8,3,5,8
117,17,moe,791,36,3994,2329,2330,1528,102,0,34,0,614,8,6,2,8
117,18,moe,738,35,15807,5513,5513,9817,339,0,138,0,723,8,2,6,8
117,19,moe,639,33,6962,2486,2486,4222,150,0,104,0,614,8,5,3,8
117,20,moe,722,33,3845,2178,2178,1536,97,0,34,0,601,8,6,2,8
117,21,moe,793,35,4617,2544,2544,1866,112,0,95,0,723,8,6,2,8
117,22,moe,798,32,5389,2784,2784,2355,149,0,101,0,610,8,5,3,8
117,23,moe,651,31,6951,3914,3914,2762,173,0,102,0,725,8,5,3,8
117,24,moe,790,36,13676,5260,5260,8076,282,0,58,0,726,8,3,5,8
117,25,moe,793,33,6502,3620,3620,2666,173,0,43,0,728,8,5,3,8
117,26,moe,650,34,10954,6181,6182,4433,280,0,59,0,730,8,3,5,8
117,-1,epi,0,0,0,0,0,0,0,0,5748,0,0,0,0,0,0
118,-2,pre,66,0,0,0,0,0,0,0,0,0,0,0,0,0,0
118,0,dense,1436,40,0,0,0,0,0,0,0,0,0,0,0,0,0
118,1,moe,812,36,11464,5721,5722,5330,344,0,68,0,741,8,2,6,8
118,2,moe,722,36,7785,3949,3949,3557,226,0,53,0,731,8,4,4,8
118,3,moe,655,36,12922,4529,4529,8056,281,0,56,0,727,8,3,5,8
118,4,moe,719,40,7451,2935,2935,4254,147,0,115,0,599,8,5,3,8
118,5,moe,802,37,12650,5448,5449,6894,246,0,61,0,610,8,3,5,8
118,6,moe,720,35,11203,4263,4263,6598,227,0,115,0,720,8,4,4,8
118,7,moe,659,32,10306,5225,5225,4640,306,0,135,0,607,8,2,6,8
118,8,moe,713,36,4986,2515,2515,2284,148,0,39,0,603,8,5,3,8
118,9,moe,799,37,6380,2354,2354,3680,231,0,115,0,728,8,4,4,8
118,10,moe,718,36,5390,2776,2777,2361,148,0,104,0,609,8,5,3,8
118,11,moe,644,32,5770,3306,3306,2279,149,0,36,0,607,8,5,3,8
118,12,moe,732,34,5134,1567,1567,3360,113,1,93,0,725,8,6,2,8
118,13,moe,791,35,2702,1088,1088,1485,49,0,80,0,605,8,7,1,8
118,14,moe,723,38,7858,2099,2101,5511,196,0,50,0,605,8,4,4,8
118,15,moe,639,34,13101,4462,4462,8229,289,0,121,0,737,8,3,5,8
118,16,moe,722,33,13077,7168,7169,5423,344,0,141,0,604,8,1,7,8
118,17,moe,797,34,13611,4961,4961,8291,295,0,64,0,605,8,2,6,8
118,18,moe,727,35,10044,3108,3108,6592,229,0,115,0,720,8,4,4,8
118,19,moe,3808,35,10162,4250,4251,5602,196,0,113,0,594,8,4,4,8
118,20,moe,721,33,7135,2804,2804,4137,148,0,46,0,605,8,5,3,8
118,21,moe,784,34,6146,2553,2553,3387,114,0,92,0,719,8,6,2,8
118,22,moe,795,36,6938,2423,2423,4262,147,0,106,0,596,8,5,3,8
118,23,moe,641,34,12757,4144,4145,8211,285,0,116,0,722,8,3,5,8
118,24,moe,788,35,8762,3693,3694,4854,176,0,38,0,714,8,5,3,8
118,25,moe,788,35,7801,2773,2773,4814,175,0,39,0,740,8,5,3,8
118,26,moe,654,33,6861,1828,1828,4815,174,0,44,0,717,8,5,3,8
118,-1,epi,0,0,0,0,0,0,0,0,5711,0,0,0,0,0,0
119,-2,pre,45,0,0,0,0,0,0,0,0,0,0,0,0,0,0
119,0,dense,1462,36,0,0,0,0,0,0,0,0,0,0,0,0,0
119,1,moe,820,36,7150,3295,3296,3558,246,0,50,0,739,8,4,4,8
119,2,moe,737,35,9877,5081,5081,4431,306,0,59,0,727,8,3,5,8
119,3,moe,655,34,6855,3015,3015,3551,240,0,49,0,727,8,4,4,8
119,4,moe,729,34,5358,2256,2256,2866,111,0,125,0,677,8,6,2,8
119,5,moe,802,43,4357,1795,1795,2337,170,0,55,0,679,8,5,3,8
119,6,moe,730,38,2361,1211,1211,1015,64,0,71,0,756,8,7,1,8
119,7,moe,662,37,3418,800,801,2358,145,0,114,0,625,8,5,3,8
119,8,moe,734,36,3999,2332,2332,1533,101,0,33,0,624,8,6,2,8
119,9,moe,802,39,5826,2756,2756,2773,179,0,118,0,746,8,5,3,8
119,10,moe,726,37,16485,6233,6234,9777,344,0,130,0,609,8,1,7,8
119,11,moe,649,37,15262,6624,6624,8275,293,0,70,0,620,8,2,6,8
119,12,moe,724,34,7926,2665,2665,4986,167,0,108,0,727,8,5,3,8
119,13,moe,793,35,6265,1784,1784,4221,148,0,112,0,600,8,5,3,8
119,14,moe,734,43,8742,2998,2998,5499,199,0,46,0,601,8,4,4,8
119,15,moe,642,33,11292,4334,4334,6620,227,0,111,0,728,8,4,4,8
119,16,moe,727,33,1438,431,431,873,48,0,86,0,604,8,7,1,8
119,17,moe,797,35,3833,2176,2176,1526,100,0,31,0,611,8,6,2,8
119,18,moe,729,33,5760,2700,2700,2780,173,0,107,0,953,8,5,3,8
119,19,moe,750,48,5575,2544,2544,2742,176,0,113,0,651,8,5,3,8
119,20,moe,785,35,9870,2241,2241,7298,265,0,66,0,676,8,3,5,8
119,21,moe,901,45,2698,598,598,1894,118,0,88,0,1216,8,6,2,8
119,22,moe,922,3329,2776,694,694,1606,100,0,376,0,612,8,6,2,8
119,23,moe,666,31,3221,1338,1338,1756,58,0,69,0,721,8,7,1,8
119,24,moe,797,34,4181,1302,1302,2665,174,0,40,0,733,8,5,3,8
119,25,moe,819,38,6223,2390,2390,3546,233,0,54,0,743,8,4,4,8
119,26,moe,674,36,5855,2987,2987,2658,172,0,38,0,726,8,5,3,8
119,-1,epi,0,0,0,0,0,0,0,0,5774,0,0,0,0,0,0
120,-2,pre,45,0,0,0,0,0,0,0,0,0,0,0,0,0,0
120,0,dense,1487,39,0,0,0,0,0,0,0,0,0,0,0,0,0
120,1,moe,839,55,5091,1732,1732,3214,116,0,29,0,736,8,6,2,8
120,2,moe,744,34,7922,4097,4097,3553,226,0,46,0,736,8,4,4,8
120,3,moe,665,33,10364,5562,5562,4462,288,0,52,0,733,8,3,5,8
120,4,moe,722,35,3596,1745,1745,1628,103,0,120,0,624,8,6,2,8
120,5,moe,806,35,6885,3574,3574,3064,198,0,49,0,614,8,4,4,8
120,6,moe,732,34,11142,4161,4161,6635,224,0,122,0,732,8,4,4,8
120,7,moe,641,34,5360,2320,2320,2847,98,0,95,0,607,8,6,2,8
120,8,moe,729,33,10258,4491,4491,5521,197,0,49,0,603,8,4,4,8
120,9,moe,789,35,20,0,0,0,0,0,20,0,725,8,8,0,8
120,10,moe,724,39,3241,1580,1580,1532,99,1,29,0,626,8,6,2,8
120,11,moe,665,32,5058,2583,2583,2291,149,0,35,0,610,8,5,3,8
120,12,moe,734,38,2385,1193,1193,1037,59,0,96,0,730,8,7,1,8
120,13,moe,856,37,10248,4296,4297,5640,196,0,115,0,607,8,4,4,8
120,14,moe,728,35,1109,276,276,762,51,0,20,0,607,8,7,1,8
120,15,moe,649,32,7341,3355,3355,3648,224,0,114,0,737,8,4,4,8
120,16,moe,730,33,6829,2590,2591,3872,244,0,122,0,616,8,3,5,8
120,17,moe,804,33,6030,1690,1691,4156,146,0,37,0,607,8,5,3,8
120,18,moe,723,32,16334,5294,5295,10496,400,0,143,0,718,8,1,7,8
120,19,moe,656,32,6307,2876,2876,3116,200,0,115,0,603,8,4,4,8
120,20,moe,732,36,4336,1868,1868,2280,150,0,38,0,611,8,5,3,8
120,21,moe,806,34,2845,621,621,2006,122,0,96,0,755,8,6,2,8
120,22,moe,818,35,9738,4304,4305,4978,311,0,144,0,618,8,2,6,8
120,23,moe,666,32,11348,3977,3977,7042,228,0,101,0,736,8,4,4,8
120,24,moe,803,34,9258,2446,2446,6538,228,0,46,0,790,8,4,4,8
120,25,moe,814,38,9931,3179,3179,6473,229,0,50,0,721,8,4,4,8
120,26,moe,652,41,4254,1380,1380,2660,169,0,45,0,723,8,5,3,8
120,-1,epi,0,0,0,0,0,0,0,0,5756,0,0,0,0,0,0
121,-2,pre,215,0,0,0,0,0,0,0,0,0,0,0,0,0,0
121,0,dense,1454,41,0,0,0,0,0,0,0,0,0,0,0,0,0
121,1,moe,830,36,10392,4651,4651,5324,347,0,70,0,743,8,2,6,8
121,2,moe,740,34,8355,3583,3583,4436,285,0,51,0,733,8,3,5,8
121,3,moe,661,35,14118,6452,6452,7113,452,0,101,0,737,8,0,8,8
121,4,moe,729,41,6284,2827,2827,3130,199,0,128,0,611,8,4,4,8
121,5,moe,799,38,3051,1380,1381,1537,104,0,29,0,614,8,6,2,8
121,6,moe,731,34,6706,3627,3627,2796,172,0,111,0,732,8,5,3,8
121,7,moe,658,33,8724,2797,2797,5612,194,0,121,0,606,8,4,4,8
121,8,moe,716,34,9442,3665,3665,5532,195,0,50,0,606,8,4,4,8
121,9,moe,790,33,8379,3134,3134,4971,169,0,105,0,719,8,5,3,8
121,10,moe,715,46,7530,3262,3262,3879,247,0,142,0,605,8,3,5,8
121,11,moe,652,32,9469,3692,3692,5350,357,0,70,0,641,8,1,7,8
121,12,moe,733,38,9274,4218,4218,4593,310,0,153,0,799,8,3,5,8
121,13,moe,803,40,5193,2530,2531,2380,153,0,129,0,621,8,5,3,8
121,14,moe,728,40,8021,3878,3878,3833,247,0,63,0,619,8,3,5,8
121,15,moe,658,37,9032,3112,3115,5432,345,0,140,0,746,8,2,6,8
121,16,moe,742,35,8688,2751,2753,5416,352,0,167,0,618,8,1,7,8
121,17,moe,791,36,5327,2025,2025,3053,199,0,50,0,614,8,4,4,8
121,18,moe,732,35,12937,4309,4309,8211,286,0,131,0,726,8,3,5,8
121,19,moe,659,34,9405,4358,4358,4621,296,0,130,0,605,8,2,6,8
121,20,moe,724,34,7925,3002,3003,4566,295,0,61,0,607,8,2,6,8
121,21,moe,789,36,8583,3610,3610,4556,286,0,131,0,732,8,3,5,8
121,22,moe,785,34,8737,2859,2860,5378,354,0,145,0,615,8,1,7,8
121,23,moe,662,37,9545,3642,3642,5431,352,0,120,0,728,8,2,6,8
121,24,moe,813,36,10944,4293,4293,6174,400,0,77,0,732,8,1,7,8
121,25,moe,799,34,15041,4249,4249,10318,397,0,77,0,727,8,1,7,8
121,26,moe,659,33,9049,2314,2314,6458,227,0,50,0,722,8,4,4,8
121,-1,epi,0,0,0,0,0,0,0,0,5728,0,0,0,0,0,0
122,-2,pre,101,0,0,0,0,0,0,0,0,0,0,0,0,0,0
122,0,dense,1439,38,0,0,0,0,0,0,0,0,0,0,0,0,0
122,1,moe,813,37,7564,2771,2771,4435,293,0,65,0,735,8,3,5,8
122,2,moe,731,35,3503,1587,1587,1767,117,0,32,0,730,8,6,2,8
122,3,moe,677,32,9219,4451,4451,4430,286,0,52,0,725,8,3,5,8
122,4,moe,722,34,9056,4827,4827,3878,249,0,102,0,606,8,3,5,8
122,5,moe,797,35,3063,1408,1408,1527,100,0,28,0,614,8,6,2,8
122,6,moe,736,34,1461,322,322,994,59,0,86,0,741,8,7,1,8
122,7,moe,666,33,7650,3183,3183,4211,146,0,110,0,611,8,5,3,8
122,8,moe,726,35,1119,287,288,762,51,0,18,0,619,8,7,1,8
122,9,moe,815,40,3663,1559,1559,1894,115,0,95,0,733,8,6,2,8
122,10,moe,732,33,7118,2653,2653,4215,148,0,102,0,609,8,5,3,8
122,11,moe,660,33,8691,2928,2928,5518,194,0,51,0,605,8,4,4,8
122,12,moe,719,34,10,0,0,0,0,0,10,0,731,8,8,0,8
122,13,moe,802,32,2687,1235,1235,1380,49,0,23,0,615,8,7,1,8
122,14,moe,721,35,3779,1305,1305,2284,149,0,41,0,625,8,5,3,8
122,15,moe,679,33,2923,814,814,1891,116,0,102,0,750,8,6,2,8
122,16,moe,727,33,1224,269,269,848,50,0,57,0,614,8,7,1,8
122,17,moe,804,36,6337,3034,3034,3056,196,0,51,0,621,8,4,4,8
122,18,moe,729,35,4183,617,617,3352,113,0,101,0,726,8,6,2,8
122,19,moe,659,33,4394,1794,1794,2342,149,0,109,0,626,8,5,3,8
122,20,moe,749,33,6880,3581,3582,3052,196,0,50,0,611,8,4,4,8
122,21,moe,794,37,6360,2394,2394,3626,225,0,115,0,732,8,4,4,8
122,22,moe,797,34,9640,4540,4540,4648,300,0,152,0,627,8,2,6,8
122,23,moe,658,38,5221,1712,1712,3307,114,0,88,0,729,8,6,2,8
122,24,moe,791,39,13741,3902,3902,9431,337,0,71,0,731,8,2,6,8
122,25,moe,794,37,10191,5414,5414,4439,285,0,53,0,731,8,3,5,8
122,26,moe,660,33,7646,3819,3819,3547,230,0,50,0,728,8,4,4,8
122,-1,epi,0,0,0,0,0,0,0,0,5775,0,0,0,0,0,0
123,-2,pre,206,0,0,0,0,0,0,0,0,0,0,0,0,0,0
123,0,dense,1441,40,0,0,0,0,0,0,0,0,0,0,0,0,0
123,1,moe,837,37,4319,2408,2408,1763,113,0,35,0,741,8,6,2,8
123,2,moe,732,33,8202,3439,3439,4427,279,0,57,0,746,8,3,5,8
123,3,moe,658,35,6859,3027,3027,3552,229,1,50,0,740,8,4,4,8
123,4,moe,726,34,7226,2751,2751,4202,149,0,124,0,619,8,5,3,8
123,5,moe,795,34,6817,2481,2481,4147,149,0,40,0,611,8,5,3,8
123,6,moe,732,37,5073,1556,1556,3309,113,0,95,0,728,8,6,2,8
123,7,moe,659,32,9694,3780,3780,5600,194,0,120,0,604,8,4,4,8
123,8,moe,722,30,2613,1155,1155,1390,49,0,19,0,605,8,7,1,8
123,9,moe,799,35,9,0,0,0,0,0,9,0,743,8,8,0,8
123,10,moe,768,33,6022,3130,3130,2765,97,0,30,0,605,8,6,2,8
123,11,moe,654,31,9363,5226,5226,3818,258,0,61,0,614,8,3,5,8
123,12,moe,730,34,5802,2748,2748,2767,172,0,115,0,732,8,5,3,8
123,13,moe,805,34,5898,3275,3275,2359,151,0,113,0,613,8,5,3,8
123,14,moe,725,34,2121,1284,1285,766,51,0,19,0,617,8,7,1,8
123,15,moe,659,34,5103,1534,1534,3360,115,0,94,0,738,8,6,2,8
123,16,moe,734,36,4473,1440,1440,2843,99,0,91,0,607,8,6,2,8
123,17,moe,793,35,5349,2050,2050,3056,194,0,49,0,615,8,4,4,8
123,18,moe,728,34,6093,2517,2517,3372,113,1,90,0,725,8,6,2,8
123,19,moe,656,33,3603,1814,1814,1600,98,0,91,0,613,8,6,2,8
123,20,moe,735,35,4259,1780,1780,2290,150,0,39,0,614,8,5,3,8
123,21,moe,802,35,1419,309,309,969,59,0,82,0,730,8,7,1,8
123,22,moe,801,34,4276,2489,2489,1592,102,0,93,0,608,8,6,2,8
123,23,moe,655,34,5069,2043,2043,2754,168,0,104,0,733,8,5,3,8
123,24,moe,791,35,4222,1325,1325,2674,180,0,43,0,790,8,5,3,8
123,25,moe,789,46,10882,3993,3994,6579,251,0,58,0,773,8,4,4,8
123,26,moe,678,39,7097,2292,2293,4454,281,0,69,0,744,8,3,5,8
123,-1,epi,0,0,0,0,0,0,0,0,5852,0,0,0,0,0,0
124,-2,pre,43,0,0,0,0,0,0,0,0,0,0,0,0,0,0
124,0,dense,1493,44,0,0,0,0,0,0,0,0,0,0,0,0,0
124,1,moe,844,38,6988,1936,1937,4833,172,0,46,0,756,8,5,3,8
124,2,moe,736,36,12214,3816,3816,8058,284,0,56,0,735,8,3,5,8
124,3,moe,660,34,9076,4296,4296,4437,282,0,61,0,736,8,3,5,8
124,4,moe,721,36,4693,1604,1605,2868,100,0,120,0,615,8,6,2,8
124,5,moe,813,34,5981,1638,1638,4149,151,0,43,0,617,8,5,3,8
124,6,moe,731,35,5930,2359,2359,3352,116,0,103,0,729,8,6,2,8
124,7,moe,665,36,4590,1523,1523,2863,102,0,102,0,613,8,6,2,8
124,8,moe,727,35,6871,2535,2535,4141,148,0,47,0,615,8,5,3,8
124,9,moe,799,36,7995,2760,2760,4958,170,0,107,0,728,8,5,3,8
124,10,moe,720,35,6206,1726,1726,4221,145,0,114,0,608,8,5,3,8
124,11,moe,665,44,8114,2355,2355,5514,196,0,49,0,609,8,4,4,8
124,12,moe,720,35,7329,2076,2076,4987,168,0,98,0,725,8,5,3,8
124,13,moe,805,35,7869,3371,3371,4252,146,0,100,0,604,8,5,3,8
124,14,moe,718,36,6711,2396,2396,4129,148,0,38,0,607,8,5,3,8
124,15,moe,650,33,9005,3729,3729,5002,168,1,105,0,730,8,5,3,8
124,16,moe,715,34,8795,2888,2889,5592,196,0,118,0,603,8,4,4,8
124,17,moe,786,35,9365,3600,3600,5523,197,0,45,0,602,8,4,4,8
124,18,moe,713,34,12971,4370,4370,8194,279,0,128,0,727,8,3,5,8
124,19,moe,651,33,9455,3495,3495,5646,205,0,109,0,605,8,4,4,8
124,20,moe,729,35,6131,2843,2844,3036,199,0,52,0,610,8,4,4,8
124,21,moe,793,35,3671,1550,1550,1902,115,0,104,0,730,8,6,2,8
124,22,moe,793,37,3991,2225,2225,1595,100,0,71,0,608,8,6,2,8
124,23,moe,653,31,9268,4298,4299,4554,285,0,130,0,732,8,3,5,8
124,24,moe,788,34,7267,3453,3453,3542,227,0,45,0,731,8,4,4,8
124,25,moe,796,33,8603,3551,3551,4837,172,0,43,0,726,8,5,3,8
124,26,moe,657,42,8386,3602,3602,4439,289,0,56,0,749,8,3,5,8
124,-1,epi,0,0,0,0,0,0,0,0,5752,0,0,0,0,0,0
125,-2,pre,206,0,0,0,0,0,0,0,0,0,0,0,0,0,0
125,0,dense,1449,40,0,0,0,0,0,0,0,0,0,0,0,0,0
125,1,moe,826,38,10214,3497,3497,6438,232,0,47,0,731,8,4,4,8
125,2,moe,745,33,9196,4413,4413,4442,284,0,57,0,728,8,3,5,8
125,3,moe,663,35,3882,1949,1949,1781,119,0,33,0,730,8,6,2,8
125,4,moe,729,35,7408,3937,3937,3141,199,1,130,0,615,8,4,4,8
125,5,moe,787,33,6281,1909,1910,4179,145,0,47,0,600,8,5,3,8
125,6,moe,719,35,2234,317,317,1771,57,0,89,0,738,8,7,1,8
125,7,moe,665,35,4498,1875,1875,2361,152,0,110,0,611,8,5,3,8
125,8,moe,728,35,8056,2293,2293,5517,197,0,49,0,610,8,4,4,8
125,9,moe,812,36,3832,1739,1739,1880,115,0,98,0,730,8,6,2,8
125,10,moe,733,35,5235,2628,2630,2351,147,0,107,0,620,8,5,3,8
125,11,moe,656,33,5000,2505,2505,2299,151,0,45,0,614,8,5,3,8
125,12,moe,724,33,5073,1520,1520,3349,113,0,91,0,744,8,6,2,8
125,13,moe,787,34,6904,2420,2420,4230,146,0,108,0,608,8,5,3,8
125,14,moe,721,33,8566,2800,2800,5521,197,0,48,0,610,8,4,4,8
125,15,moe,653,34,4493,928,928,3358,115,0,92,0,732,8,6,2,8
125,16,moe,722,33,6260,1806,1806,4194,150,0,110,0,608,8,5,3,8
125,17,moe,809,39,5401,2111,2111,3048,196,0,46,0,612,8,4,4,8
125,18,moe,727,36,11443,2858,2859,8173,284,0,127,0,720,8,3,5,8
125,19,moe,663,36,3330,1529,1529,1611,101,0,89,0,605,8,6,2,8
125,20,moe,742,36,4564,1275,1275,3039,195,0,55,0,613,8,4,4,8
125,21,moe,800,35,7289,2082,2082,4930,172,0,105,0,728,8,5,3,8
125,22,moe,803,36,5448,2854,2854,2364,151,0,79,0,603,8,5,3,8
125,23,moe,655,33,4938,1887,1887,2779,171,0,101,0,730,8,5,3,8
125,24,moe,798,34,10064,3342,3342,6442,225,0,55,0,722,8,4,4,8
125,25,moe,787,35,9061,2326,2326,6461,224,1,49,0,725,8,4,4,8
125,26,moe,661,38,2535,619,621,1769,114,0,31,0,736,8,6,2,8
125,-1,epi,0,0,0,0,0,0,0,0,5795,0,0,0,0,0,0
126,-2,pre,209,0,0,0,0,0,0,0,0,0,0,0,0,0,0
126,0,dense,1453,36,0,0,0,0,0,0,0,0,0,0,0,0,0
126,1,moe,814,37,15625,5739,5739,9485,338,0,63,0,734,8,2,6,8
126,2,moe,735,35,4452,2524,2525,1780,117,0,30,0,728,8,6,2,8
126,3,moe,672,33,9257,4457,4457,4454,283,0,63,0,738,8,3,5,8
126,4,moe,732,33,10309,4315,4315,5649,215,0,130,0,671,8,4,4,8
126,5,moe,956,49,6238,2862,2862,3104,215,0,57,0,659,8,4,4,8
126,6,moe,734,44,3091,1199,1199,1718,70,0,104,0,737,8,7,1,8
126,7,moe,709,33,10649,4739,4739,5585,202,0,123,0,613,8,4,4,8
126,8,moe,736,38,7165,2842,2842,4127,152,0,44,0,607,8,5,3,8
126,9,moe,811,42,10,0,0,0,0,0,10,0,730,8,8,0,8
126,10,moe,725,38,5114,2205,2206,2775,98,0,35,0,613,8,6,2,8
126,11,moe,662,34,9257,3493,3493,5516,195,0,53,0,608,8,4,4,8
126,12,moe,721,36,4013,1889,1890,1887,116,0,120,0,729,8,6,2,8
126,13,moe,794,37,2131,1145,1145,843,52,0,91,0,614,8,7,1,8
126,14,moe,724,35,5764,3280,3280,2292,152,0,40,0,615,8,5,3,8
126,15,moe,671,37,13597,5000,5000,8179,285,0,133,0,735,8,3,5,8
126,16,moe,724,35,8993,3014,3014,5661,196,0,122,0,603,8,4,4,8
126,17,moe,796,35,10273,4484,4486,5541,194,0,52,0,608,8,4,4,8
126,18,moe,718,34,12995,4360,4360,8228,280,0,127,0,724,8,3,5,8
126,19,moe,659,33,9618,3713,3714,5598,193,0,113,0,603,8,4,4,8
126,20,moe,725,33,7001,3709,3709,3044,198,0,50,0,599,8,4,4,8
126,21,moe,788,34,8119,4082,4082,3691,229,0,117,0,732,8,4,4,8
126,22,moe,786,35,5895,3280,3280,2351,153,0,111,0,614,8,5,3,8
126,23,moe,659,33,11744,4824,4824,6582,228,0,110,0,731,8,4,4,8
126,24,moe,794,34,11109,2699,2699,8069,280,0,61,0,724,8,3,5,8
126,25,moe,798,32,12980,4603,4603,8042,282,0,53,0,720,8,3,5,8
126,26,moe,652,35,16561,6467,6468,9685,339,0,69,0,718,8,2,6,8
126,-1,epi,0,0,0,0,0,0,0,0,5711,0,0,0,0,0,0
127,-2,pre,90,0,0,0,0,0,0,0,0,0,0,0,0,0,0
127,0,dense,1439,38,0,0,0,0,0,0,0,0,0,0,0,0,0
127,1,moe,815,36,16921,6800,6800,9717,340,0,64,0,720,8,2,6,8
127,2,moe,728,37,15814,5691,5691,9721,338,0,64,0,723,8,2,6,8
127,3,moe,652,36,9174,2442,2443,6454,227,0,50,0,714,8,4,4,8
127,4,moe,735,33,13015,5680,5681,6977,249,0,108,0,604,8,3,5,8
127,5,moe,792,34,3431,552,552,2749,102,0,28,0,601,8,6,2,8
127,6,moe,742,36,3189,1314,1314,1728,57,0,90,0,732,8,7,1,8
127,7,moe,664,35,5479,2429,2429,2859,97,0,94,0,606,8,6,2,8
127,8,moe,711,33,9243,3454,3454,5547,196,0,46,0,596,8,4,4,8
127,9,moe,785,34,3049,1218,1218,1687,57,1,86,0,717,8,7,1,8
127,10,moe,714,38,7714,3260,3260,4195,145,0,114,0,600,8,5,3,8
127,11,moe,649,33,4358,1475,1476,2756,96,0,30,0,598,8,6,2,8
127,12,moe,724,36,5105,1552,1552,3342,114,0,97,0,721,8,6,2,8
127,13,moe,791,37,3290,1496,1496,1599,102,0,93,0,610,8,6,2,8
127,14,moe,732,40,7528,3389,3389,3830,253,0,56,0,611,8,3,5,8
127,15,moe,655,35,7351,2112,2112,4968,168,0,103,0,729,8,5,3,8
127,16,moe,729,36,4414,1788,1788,2373,150,0,103,0,602,8,5,3,8
127,17,moe,797,36,4317,1834,1834,2291,152,0,40,0,607,8,5,3,8
127,18,moe,738,35,12206,3590,3591,8205,285,0,125,0,720,8,3,5,8
127,19,moe,659,39,9128,3198,3198,5616,201,0,113,0,595,8,4,4,8
127,20,moe,732,37,9521,3752,3753,5523,199,0,46,0,604,8,4,4,8
127,21,moe,814,37,8027,3050,3050,4563,287,0,127,0,729,8,3,5,8
127,22,moe,783,34,7062,2568,2568,4235,149,0,110,0,595,8,5,3,8
127,23,moe,658,37,8808,3569,3569,4968,170,0,101,0,720,8,5,3,8
127,24,moe,785,33,15090,5056,5056,9631,336,0,67,0,724,8,2,6,8
127,25,moe,791,38,13747,5323,5323,8073,287,0,64,0,722,8,3,5,8
127,26,moe,662,37,17385,7345,7345,9627,345,0,68,0,719,8,2,6,8
127,-1,epi,0,0,0,0,0,0,0,0,5680,0,0,0,0,0,0
128,-2,pre,173,0,0,0,0,0,0,0,0,0,0,0,0,0,0
128,0,dense,1431,41,0,0,0,0,0,0,0,0,0,0,0,0,0
128,1,moe,828,35,9183,4396,4396,4450,284,1,52,0,738,8,3,5,8
128,2,moe,719,35,7850,2814,2814,4823,168,0,45,0,722,8,5,3,8
128,3,moe,647,33,3701,1643,1643,1887,137,0,34,0,793,8,6,2,8
128,4,moe,715,36,6082,3388,3388,2385,159,0,150,0,668,8,5,3,8
128,5,moe,801,37,2627,1142,1142,1402,57,0,26,0,614,8,7,1,8
128,6,moe,738,38,3679,1565,1565,1886,117,0,111,0,743,8,6,2,8
128,7,moe,663,38,4396,1382,1382,2813,98,0,103,0,620,8,6,2,8
128,8,moe,728,36,5005,2119,2119,2753,99,0,34,0,617,8,6,2,8
128,9,moe,796,37,8888,3647,3649,4945,171,0,123,0,737,8,5,3,8
128,10,moe,723,37,2167,1165,1165,853,51,0,98,0,617,8,7,1,8
128,11,moe,657,33,8434,2664,2665,5520,199,0,50,0,619,8,4,4,8
128,12,moe,730,35,5118,1515,1515,3390,113,0,100,0,729,8,6,2,8
128,13,moe,793,36,4429,1393,1393,2840,100,0,96,0,611,8,6,2,8
128,14,moe,723,34,8687,2920,2920,5522,193,0,52,0,624,8,4,4,8
128,15,moe,658,34,11015,4082,4082,6596,226,0,111,0,737,8,4,4,8
128,16,moe,723,34,9691,3715,3715,5659,194,0,123,0,612,8,4,4,8
128,17,moe,804,40,11512,4308,4308,6904,245,0,55,0,612,8,3,5,8
128,18,moe,724,38,5274,1712,1712,3351,113,0,98,0,729,8,6,2,8
128,19,moe,649,36,5297,819,819,4231,147,0,100,0,612,8,5,3,8
128,20,moe,749,37,3085,1420,1420,1533,102,0,30,0,611,8,6,2,8
128,21,moe,802,35,1436,309,309,988,59,0,80,0,740,8,7,1,8
128,22,moe,811,38,4054,2259,2259,1594,102,0,99,0,622,8,6,2,8
128,23,moe,664,32,7358,2074,2074,5015,174,0,95,0,732,8,5,3,8
128,24,moe,791,36,3478,1557,1557,1769,117,1,34,0,737,8,6,2,8
128,25,moe,797,36,8556,3781,3781,4436,288,0,51,0,741,8,3,5,8
128,26,moe,661,33,5738,2376,2376,3212,118,0,32,0,726,8,6,2,8
128,-1,epi,0,0,0,0,0,0,0,0,5750,0,0,0,0,0,0
129,-2,pre,271,0,0,0,0,0,0,0,0,0,0,0,0,0,0
129,0,dense,1450,39,0,0,0,0,0,0,0,0,0,0,0,0,0
129,1,moe,822,43,5959,927,927,4825,169,0,38,0,749,8,5,3,8
129,2,moe,738,32,14566,4544,4544,9608,344,0,70,0,737,8,2,6,8
129,3,moe,655,29,6978,1950,1950,4823,168,0,37,0,734,8,5,3,8
129,4,moe,722,239,11560,7060,7060,4231,148,0,121,0,606,8,5,3,8
129,5,moe,788,34,4426,1536,1536,2760,98,0,32,0,606,8,6,2,8
129,6,moe,722,34,3100,1192,1192,1764,58,0,86,0,734,8,7,1,8
129,7,moe,650,34,8218,2274,2274,5627,198,0,119,0,602,8,4,4,8
129,8,moe,718,33,5110,2222,2222,2753,101,0,34,0,602,8,6,2,8
129,9,moe,793,35,10911,3972,3972,6594,223,0,122,0,731,8,4,4,8
129,10,moe,720,34,8108,2185,2185,5610,197,0,116,0,618,8,4,4,8
129,11,moe,655,33,5052,2581,2581,2283,153,0,35,0,615,8,5,3,8
129,12,moe,725,33,8235,2951,2951,5010,170,0,104,0,728,8,5,3,8
129,13,moe,789,32,10295,4344,4344,5638,195,0,118,0,607,8,4,4,8
129,14,moe,720,37,4311,1424,1424,2757,101,0,29,0,606,8,6,2,8
129,15,moe,651,32,12830,4225,4225,8189,290,0,126,0,735,8,3,5,8
129,16,moe,718,38,5197,1726,1726,3149,199,0,123,0,619,8,4,4,8
129,17,moe,797,34,5167,840,840,4137,151,0,39,0,614,8,5,3,8
129,18,moe,736,36,10532,5580,5580,4541,291,0,120,0,733,8,3,5,8
129,19,moe,649,34,9140,3216,3216,5612,193,0,119,0,607,8,4,4,8
129,20,moe,721,33,12293,3643,3643,8286,296,0,68,0,609,8,2,6,8
129,21,moe,784,51,10043,3072,3072,6615,225,0,131,0,729,8,4,4,8
129,22,moe,789,35,10640,3274,3274,6992,247,0,127,0,604,8,3,5,8
129,23,moe,648,37,7393,2176,2176,4949,169,0,99,0,730,8,5,3,8
129,24,moe,797,38,9971,3260,3260,6436,230,0,45,0,735,8,4,4,8
129,25,moe,801,37,14014,4013,4013,9595,342,0,64,0,726,8,2,6,8
129,26,moe,655,33,12668,4278,4278,8050,285,0,55,0,724,8,3,5,8
129,-1,epi,0,0,0,0,0,0,0,0,5682,0,0,0,0,0,0
130,-2,pre,43,0,0,0,0,0,0,0,0,0,0,0,0,0,0
130,0,dense,1456,39,0,0,0,0,0,0,0,0,0,0,0,0,0
130,1,moe,816,37,7127,2090,2090,4827,168,0,42,0,750,8,5,3,8
130,2,moe,738,35,7999,4180,4181,3546,229,0,43,0,733,8,4,4,8
130,3,moe,659,35,10125,3421,3421,6429,227,1,47,0,724,8,4,4,8
130,4,moe,721,39,6840,2537,2537,3895,249,0,159,0,613,8,3,5,8
130,5,moe,798,35,7623,3306,3306,4124,153,0,40,0,615,8,5,3,8
130,6,moe,729,34,3134,1276,1276,1748,59,0,51,0,725,8,7,1,8
130,7,moe,657,35,2733,1128,1128,1468,51,0,86,0,615,8,7,1,8
130,8,moe,734,37,4350,1452,1452,2765,101,0,32,0,679,8,6,2,8
130,9,moe,792,38,6254,3109,3109,2812,191,0,142,0,804,8,5,3,8
130,10,moe,728,39,7549,2962,2962,4275,163,0,149,0,631,8,5,3,8
130,11,moe,659,34,6269,1946,1946,4135,148,0,40,0,626,8,5,3,8
130,12,moe,749,37,8799,3593,3593,4951,170,0,85,0,741,8,5,3,8
130,13,moe,804,36,2796,1163,1163,1488,49,1,95,0,611,8,7,1,8
130,14,moe,731,35,6772,2437,2437,4144,148,0,43,0,618,8,5,3,8
130,15,moe,659,36,10122,3187,3187,6578,226,0,131,0,736,8,4,4,8
130,16,moe,734,35,7136,2620,2620,4256,147,0,113,0,611,8,5,3,8
130,17,moe,804,35,4322,1431,1431,2762,99,0,30,0,614,8,6,2,8
130,18,moe,721,35,8064,2802,2802,4977,172,0,113,0,733,8,5,3,8
130,19,moe,656,33,14051,5242,5242,8380,291,0,138,0,644,8,2,6,8
130,20,moe,742,33,8443,4328,4328,3813,243,0,59,0,613,8,3,5,8
130,21,moe,790,34,7970,2717,2717,4967,172,0,114,0,729,8,5,3,8
130,22,moe,787,34,5516,2007,2008,3178,198,0,132,0,619,8,4,4,8
130,23,moe,659,35,6174,913,914,4989,168,0,103,0,739,8,5,3,8
130,24,moe,804,37,10741,4023,4023,6442,227,0,49,0,734,8,4,4,8
130,25,moe,792,39,13199,4803,4803,8050,285,0,61,0,730,8,3,5,8
130,26,moe,652,35,10715,3964,3964,6469,226,0,56,0,720,8,4,4,8
130,-1,epi,0,0,0,0,0,0,0,0,5727,0,0,0,0,0,0
