step,il,kind,route_us,readback_us,load_wall_us,pread_us,pread_wall_us,repack_us,placement_us,sync_us,load_other_us,load_hidden_us,compute_us,lookups,hits,misses,n_slots
0,-2,pre,432,0,0,0,0,0,0,0,0,0,0,0,0,0,0
0,0,dense,5022,137,0,0,0,0,0,0,0,0,0,0,0,0,0
0,1,moe,7662,123,49009,30235,30238,18552,0,0,219,0,1288,0,0,0,16
0,2,moe,4112,53,37346,18382,18383,14473,4277,0,213,0,1285,16,0,16,16
0,3,moe,13865,55,39996,22708,22708,13339,3800,0,149,0,1300,15,0,15,15
0,4,moe,7604,55,36982,20566,20567,12490,3748,0,177,0,1108,16,0,16,16
0,5,moe,7963,56,36269,20184,20184,12232,3712,0,141,0,1110,16,0,16,16
0,6,moe,4070,54,41825,22777,22778,14349,4528,0,170,0,1307,16,0,16,16
0,7,moe,11777,54,35383,20009,20009,11553,3642,0,179,0,1096,15,0,15,15
0,8,moe,7497,90,36679,20404,20404,12256,3874,1,144,0,1113,16,0,16,16
0,9,moe,7497,56,38867,21053,21054,13473,4177,0,163,0,1296,15,0,15,15
0,10,moe,8956,60,36316,19866,19866,12295,3992,0,163,0,1111,16,0,16,16
0,11,moe,13803,51,35804,20587,20589,11504,3576,1,134,0,1100,15,0,15,15
0,12,moe,8009,55,42497,23655,23658,14349,4329,0,161,0,1313,16,0,16,16
0,13,moe,4707,53,34900,19465,19465,11574,3659,1,201,0,1103,15,0,15,15
0,14,moe,7755,54,36610,20375,20375,12263,3836,0,136,0,1108,16,0,16,16
0,15,moe,11504,51,38985,21284,21285,13450,4086,0,164,0,1295,15,0,15,15
0,16,moe,9103,51,36031,19832,19833,12291,3732,0,175,0,1106,16,0,16,16
0,17,moe,10019,54,36908,20512,20513,12273,3982,0,140,0,1101,16,0,16,16
0,18,moe,1768,55,36062,18272,18273,13449,4181,0,159,0,1292,15,0,15,15
0,19,moe,1347,52,25225,8772,8772,12339,3921,0,193,0,1102,16,0,16,16
0,20,moe,1332,62,24717,8582,8583,12219,3774,1,140,0,1115,16,0,16,16
0,21,moe,1338,62,23177,4246,4246,14373,4397,0,161,0,1308,16,0,16,16
0,22,moe,1325,57,19885,3622,3624,12301,3793,0,167,0,1113,16,0,16,16
0,23,moe,803,50,22277,4448,4448,13402,4250,0,177,0,1304,15,0,15,15
0,24,moe,1346,52,24145,5366,5366,14240,4401,1,137,0,1306,16,0,16,16
0,25,moe,1338,39,24290,5426,5426,14274,4457,0,133,0,1312,16,0,16,16
0,26,moe,814,40,12173,2661,2661,7094,2324,1,93,0,721,8,0,8,8
0,-1,epi,0,0,0,0,0,0,0,0,5508,0,0,0,0,0,0
1,-2,pre,47,0,0,0,0,0,0,0,0,0,0,0,0,0,0
1,0,dense,2460,41,0,0,0,0,0,0,0,0,0,0,0,0,0
1,1,moe,1297,37,29208,15156,15156,10658,3283,0,111,0,1290,12,0,12,12
1,2,moe,1147,43,33706,18543,18544,11568,3463,0,131,0,1282,13,0,13,13
1,3,moe,682,35,33035,17894,17895,11689,3331,0,120,0,1425,14,1,13,14
1,4,moe,1171,37,31883,17641,17643,10779,3305,0,156,0,1108,15,1,14,15
1,5,moe,1281,42,28819,16483,16484,9214,3006,0,115,0,1126,14,2,12,14
1,6,moe,1130,46,34216,20122,20122,10803,3148,0,143,0,1301,14,2,12,14
1,7,moe,675,35,37868,21505,21505,12314,3891,0,158,0,1121,16,0,16,16
1,8,moe,1150,45,27671,15460,15461,9171,2926,0,113,0,1138,13,1,12,13
1,9,moe,1256,42,34438,18958,18959,11694,3631,0,154,0,1299,15,2,13,15
1,10,moe,1145,40,28359,16100,16103,9258,2857,0,141,0,1121,15,3,12,15
1,11,moe,683,43,33121,18913,18913,10721,3379,1,107,0,1108,15,1,14,15
1,12,moe,1132,42,38350,21801,21802,12582,3807,0,159,0,1310,16,2,14,16
1,13,moe,1266,46,30152,16751,16752,10021,3233,1,145,0,1107,14,1,13,14
1,14,moe,1121,38,32864,18672,18676,10728,3344,0,116,0,1147,16,2,14,16
1,15,moe,688,42,35227,19907,19908,11712,3464,0,143,0,1332,15,2,13,15
1,16,moe,1151,40,32403,18108,18111,10770,3376,0,146,0,1135,16,2,14,16
1,17,moe,1238,42,31261,18203,18204,9963,2986,0,108,0,1110,14,1,13,14
1,18,moe,9183,37,40220,22603,22603,13500,3952,0,165,0,1355,15,0,15,15
1,19,moe,9993,35,32037,17846,17848,10809,3224,0,156,0,1150,15,1,14,15
1,20,moe,1132,44,32029,17959,17959,10728,3213,0,129,0,1137,15,1,14,15
1,21,moe,1252,39,20782,9109,9109,8998,2560,0,115,0,1305,15,5,10,15
1,22,moe,1255,42,17674,6571,6571,8490,2463,0,150,0,1148,15,4,11,15
1,23,moe,684,38,23299,8041,8041,11739,3399,0,120,0,1336,16,3,13,16
1,24,moe,1264,38,16498,3703,3705,9816,2872,0,105,0,1327,14,3,11,14
1,25,moe,1250,37,21021,4690,4691,12472,3744,1,113,0,1326,16,2,14,16
1,26,moe,686,35,12124,2691,2691,7107,2245,0,81,0,749,8,0,8,8
1,-1,epi,0,0,0,0,0,0,0,0,5495,0,0,0,0,0,0
2,-2,pre,7787,0,0,0,0,0,0,0,0,0,0,0,0,0,0
2,0,dense,121843,55,0,0,0,0,0,0,0,0,0,0,0,0,0
2,1,moe,65383,180,850620,398812,398822,347684,100748,0,3366,0,172972,0,0,0,219
2,2,moe,60123,180,630919,279736,279745,293931,40518,1,16724,0,140623,0,0,0,225
2,3,moe,42404,171,730539,295007,295012,316560,116356,1,2610,0,198877,0,0,0,208
2,4,moe,46119,223,546953,255475,255484,245451,43582,0,2436,0,109661,0,0,0,190
2,5,moe,46974,230,572366,253733,253739,249866,66346,0,2415,0,121218,0,0,0,184
2,6,moe,44502,189,554644,222281,222295,223748,105988,1,2612,0,136040,0,0,0,179
2,7,moe,30174,205,458294,211155,211172,203474,40738,1,2909,0,89189,0,0,0,175
2,8,moe,63425,284,545559,209010,209020,283146,50280,1,3112,0,97188,0,0,0,179
2,9,moe,47605,200,528073,227720,227727,220325,77255,0,2766,0,142284,0,0,0,184
2,10,moe,52706,189,437845,197819,197830,195019,42472,0,2524,0,105624,0,0,0,177
2,11,moe,30857,177,474186,203215,203228,203337,65207,0,2414,0,123812,0,0,0,180
2,12,moe,51991,186,549131,225245,225252,258113,62964,1,2801,0,139869,0,0,0,182
2,13,moe,65063,216,480792,202757,202764,236751,38704,0,2573,0,98643,0,0,0,182
2,14,moe,48802,184,503570,209270,209279,227388,64397,1,2505,0,111452,0,0,0,188
2,15,moe,30891,212,642845,239052,239059,296020,105058,1,2707,0,163775,0,0,0,195
2,16,moe,53254,224,591463,283654,283662,268549,36462,1,2789,0,125963,0,0,0,199
2,17,moe,69253,204,520896,215170,215181,217398,85631,1,2685,0,129975,0,0,0,192
2,18,moe,74629,219,585449,266911,266922,240677,75155,0,2695,0,132375,0,0,0,195
2,19,moe,40395,178,547581,234883,234893,235961,73316,0,3411,0,114319,0,0,0,205
2,20,moe,53151,200,613992,267254,267269,260527,83452,1,2743,0,111392,0,0,0,205
2,21,moe,56564,204,627309,285891,285897,247911,90845,1,2655,0,155736,0,0,0,199
2,22,moe,54530,207,541345,243159,243170,254290,41166,0,2719,0,89487,0,0,0,197
2,23,moe,40915,208,631353,242301,242308,261933,124568,0,2544,0,176025,0,0,0,194
2,24,moe,59510,233,636113,244453,244471,313412,75640,1,2589,0,130805,0,0,0,197
2,25,moe,57543,191,550265,229011,229020,247830,70845,1,2569,0,137468,0,0,0,187
2,26,moe,37332,31,6,0,0,0,0,0,6,0,6,0,0,0,0
2,-1,epi,0,0,0,0,0,0,0,0,5,0,0,0,0,0,0
3,-2,pre,222,0,0,0,0,0,0,0,0,0,0,0,0,0,0
3,0,dense,12063,54,0,0,0,0,0,0,0,0,0,0,0,0,0
3,1,moe,8545,71,65061,26605,26606,25190,13056,0,209,0,4607,25,3,22,25
3,2,moe,8029,51,49132,19858,19860,19198,9908,0,166,0,5553,22,5,17,22
3,3,moe,10934,46,47707,19659,19660,18297,9597,0,153,0,5633,22,5,17,22
3,4,moe,7945,47,43235,18134,18134,16616,8285,0,200,0,3996,20,3,17,20
3,5,moe,8498,61,42628,19434,19435,13936,9096,1,160,0,3639,20,2,18,20
3,6,moe,8616,44,48012,20794,20794,16332,10703,1,182,0,5857,23,5,18,23
3,7,moe,11240,40,45453,19314,19314,17106,8839,0,194,0,3957,21,3,18,21
3,8,moe,8479,42,34905,15995,15995,11474,7270,0,166,0,3978,18,3,15,18
3,9,moe,9003,46,48497,21977,21979,15739,10603,1,175,0,5935,20,5,15,20
3,10,moe,11169,47,57284,31713,31713,13100,12278,0,193,0,5382,23,6,17,23
3,11,moe,11110,43,50757,22303,22304,13850,14443,0,160,0,4211,19,2,17,19
3,12,moe,10260,58,59718,24346,24347,20566,14582,0,223,0,4385,18,1,17,18
3,13,moe,10685,61,47520,20446,20448,13413,13435,0,224,0,4640,21,4,17,21
3,14,moe,11083,47,33331,15386,15386,9428,8387,0,130,0,6613,18,6,12,18
3,15,moe,13060,59,64720,24660,24661,24476,15358,0,225,0,6198,21,3,18,21
3,16,moe,9321,46,55604,23561,23562,17835,13980,1,226,0,3917,23,4,19,23
3,17,moe,6831,57,71970,29318,29320,25847,16611,1,191,0,8499,27,5,22,27
3,18,moe,8275,59,69930,25981,25982,28402,15330,0,216,0,4404,20,3,17,20
3,19,moe,11925,47,68479,25256,25259,27004,15985,0,231,0,3158,21,2,19,21
3,20,moe,6936,48,59273,21097,21098,23011,15011,1,152,0,7461,22,6,16,22
3,21,moe,6658,44,57324,23047,23053,18023,16010,1,237,0,5629,23,6,17,23
3,22,moe,11295,58,56708,28645,28645,16775,11042,0,246,0,2685,24,4,20,24
3,23,moe,11348,43,40789,11761,11761,16968,11840,0,220,0,2860,20,2,18,20
3,24,moe,1411,38,41136,6993,6994,19346,14614,0,182,0,3522,23,2,21,23
3,25,moe,1405,38,29803,4566,4566,12921,12178,0,138,0,5192,22,8,14,22
3,26,moe,11280,39,8110,4155,4155,2842,1066,0,47,0,13585,8,5,3,8
3,-1,epi,0,0,0,0,0,0,0,0,41758,0,0,0,0,0,0
4,-2,pre,307,0,0,0,0,0,0,0,0,0,0,0,0,0,0
4,0,dense,1370,52,0,0,0,0,0,0,0,0,0,0,0,0,0
4,1,moe,781,47,5990,2937,2937,1849,1164,0,40,0,2171,8,6,2,8
4,2,moe,731,42,5542,2547,2547,1838,1125,0,32,0,1189,8,6,2,8
4,3,moe,544,36,5625,2601,2601,1843,1148,0,33,0,697,8,6,2,8
4,4,moe,702,35,2672,1219,1219,859,536,0,58,0,1888,8,7,1,8
4,5,moe,772,42,2532,1173,1173,797,535,0,27,0,1011,8,7,1,8
4,6,moe,707,38,11181,4990,4990,3756,2360,0,75,0,1204,8,4,4,8
4,7,moe,535,35,4853,2171,2171,1635,990,0,57,0,583,8,6,2,8
4,8,moe,708,38,4866,2248,2248,1577,1013,0,28,0,576,8,6,2,8
4,9,moe,774,34,11687,4735,4735,3780,3102,0,70,0,699,8,4,4,8
4,10,moe,702,38,7759,3343,3343,2434,1912,0,70,0,581,8,5,3,8
4,11,moe,528,34,5183,2283,2283,1576,1294,1,29,0,577,8,6,2,8
4,12,moe,721,33,5735,2554,2554,1926,1197,0,58,0,1679,8,6,2,8
4,13,moe,771,38,7302,3253,3253,2426,1552,0,71,0,2428,8,5,3,8
4,14,moe,709,38,9500,4323,4324,3152,1972,0,52,0,1031,8,4,4,8
4,15,moe,538,44,2933,1280,1280,1021,582,0,50,0,1182,8,7,1,8
4,16,moe,704,35,12,0,0,0,0,0,12,0,1488,8,8,0,8
4,17,moe,773,35,9742,4401,4401,3224,2033,0,84,0,1823,8,4,4,8
4,18,moe,703,37,10818,4665,4665,3773,2306,0,74,0,2036,8,4,4,8
4,19,moe,2265,42,7514,3280,3281,2455,1709,0,69,0,770,8,5,3,8
4,20,moe,1306,48,7327,3309,3309,2376,1595,0,47,0,595,8,5,3,8
4,21,moe,768,47,5495,2410,2410,1911,1112,0,62,0,1218,8,6,2,8
4,22,moe,795,48,4896,2247,2247,1633,954,0,62,0,1015,8,6,2,8
4,23,moe,541,33,4428,1262,1262,1968,1152,0,46,0,1157,8,6,2,8
4,24,moe,723,39,7480,1339,1339,3809,2281,1,50,0,1165,8,4,4,8
4,25,moe,718,43,11314,1984,1986,5741,3509,1,77,0,1208,8,2,6,8
4,26,moe,499,39,19169,9661,9661,7366,2067,0,75,0,708,8,0,8,8
4,-1,epi,0,0,0,0,0,0,0,0,5390,0,0,0,0,0,0
5,-2,pre,213,0,0,0,0,0,0,0,0,0,0,0,0,0,0
5,0,dense,1375,35,0,0,0,0,0,0,0,0,0,0,0,0,0
5,1,moe,748,41,14060,6217,6217,4793,2994,0,56,0,705,8,3,5,8
5,2,moe,705,41,8082,3480,3480,2761,1797,1,43,0,1253,8,5,3,8
5,3,moe,540,41,2790,1260,1260,919,585,0,26,0,2301,8,7,1,8
5,4,moe,704,36,4914,2221,2221,1658,970,0,65,0,1023,8,6,2,8
5,5,moe,768,39,4764,2125,2125,1579,1029,0,31,0,587,8,6,2,8
5,6,moe,715,33,5570,2379,2379,1920,1221,0,50,0,702,8,6,2,8
5,7,moe,537,33,2586,1186,1186,852,504,0,44,0,985,8,7,1,8
5,8,moe,667,36,7396,3341,3342,2459,1558,0,37,0,572,8,5,3,8
5,9,moe,716,46,10891,4710,4710,3762,2343,0,76,0,1217,8,4,4,8
5,10,moe,708,39,4897,2203,2203,1628,1007,0,59,0,1019,8,6,2,8
5,11,moe,541,35,4795,2153,2153,1571,1043,0,28,0,1074,8,6,2,8
5,12,moe,703,34,5674,2428,2428,1918,1277,0,51,0,1201,8,6,2,8
5,13,moe,786,39,7292,3291,3292,2413,1516,0,71,0,1046,8,5,3,8
5,14,moe,702,36,5437,2801,2801,1581,1024,0,31,0,1017,8,6,2,8
5,15,moe,532,33,8227,3585,3585,2830,1751,0,61,0,1241,8,5,3,8
5,16,moe,701,37,7182,3221,3221,2411,1472,0,78,0,1052,8,5,3,8
5,17,moe,773,37,7265,3336,3336,2364,1524,0,41,0,600,8,5,3,8
5,18,moe,700,42,10862,4663,4664,3763,2366,1,68,0,1734,8,4,4,8
5,19,moe,533,36,7287,3197,3197,2423,1593,0,74,0,588,8,5,3,8
5,20,moe,710,34,4880,2260,2260,1577,1013,0,30,0,1038,8,6,2,8
5,21,moe,763,35,13500,5957,5957,4676,2788,0,79,0,714,8,3,5,8
5,22,moe,763,41,2587,1177,1177,843,510,1,56,0,1475,8,7,1,8
5,23,moe,542,35,7247,2636,2636,2855,1698,0,58,0,1696,8,5,3,8
5,24,moe,774,44,7313,1333,1335,3683,2246,0,49,0,706,8,4,4,8
5,25,moe,775,243,9147,1665,1665,4603,2817,0,62,0,711,8,3,5,8
5,26,moe,536,39,14701,7671,7672,5503,1465,0,61,0,700,8,2,6,8
5,-1,epi,0,0,0,0,0,0,0,0,5383,0,0,0,0,0,0
6,-2,pre,212,0,0,0,0,0,0,0,0,0,0,0,0,0,0
6,0,dense,1355,42,0,0,0,0,0,0,0,0,0,0,0,0,0
6,1,moe,782,40,13763,5966,5966,4786,2949,0,62,0,682,8,3,5,8
6,2,moe,670,46,2779,1218,1219,916,618,0,26,0,1207,8,7,1,8
6,3,moe,536,33,10909,4880,4881,3678,2298,0,52,0,716,8,4,4,8
6,4,moe,704,37,12,0,0,0,0,0,12,0,1444,8,8,0,8
6,5,moe,771,39,2638,1221,1221,848,514,0,55,0,1026,8,7,1,8
6,6,moe,711,34,11,0,0,0,0,0,11,0,698,8,8,0,8
6,7,moe,540,31,9,0,0,0,0,0,9,0,587,8,8,0,8
6,8,moe,707,32,2555,1215,1215,801,519,0,20,0,1030,8,7,1,8
6,9,moe,722,33,10,0,0,0,0,0,10,0,653,8,8,0,8
6,10,moe,669,33,9,0,0,0,0,0,9,0,1096,8,8,0,8
6,11,moe,491,32,5039,2335,2335,1643,1033,0,28,0,562,8,6,2,8
6,12,moe,682,33,2942,1253,1253,1040,604,0,45,0,1210,8,7,1,8
6,13,moe,718,36,2661,1218,1218,884,516,0,43,0,1007,8,7,1,8
6,14,moe,665,32,7305,3337,3337,2457,1474,0,37,0,1450,8,5,3,8
6,15,moe,488,34,2984,1270,1270,1036,627,0,51,0,655,8,7,1,8
6,16,moe,669,35,7408,3310,3310,2524,1505,0,69,0,1046,8,5,3,8
6,17,moe,726,36,4928,2244,2244,1638,1014,0,32,0,1474,8,6,2,8
6,18,moe,678,34,2851,1192,1193,1029,585,0,44,0,2146,8,7,1,8
6,19,moe,495,32,5120,2243,2243,1691,1131,0,55,0,629,8,6,2,8
6,20,moe,671,37,7386,3260,3260,2469,1609,0,48,0,570,8,5,3,8
6,21,moe,713,38,2934,1252,1252,1039,593,0,50,0,2175,8,7,1,8
6,22,moe,720,47,4948,2192,2192,1691,1007,0,58,0,564,8,6,2,8
6,23,moe,496,35,10874,3013,3013,4842,2935,0,84,0,655,8,3,5,8
6,24,moe,722,42,4920,1659,1659,1911,1316,0,34,0,1212,8,6,2,8
6,25,moe,770,39,12804,3091,3091,5835,3812,0,66,0,719,8,2,6,8
6,26,moe,543,41,12120,6240,6240,4604,1221,0,55,0,712,8,3,5,8
6,-1,epi,0,0,0,0,0,0,0,0,5390,0,0,0,0,0,0
7,-2,pre,216,0,0,0,0,0,0,0,0,0,0,0,0,0,0
7,0,dense,1321,37,0,0,0,0,0,0,0,0,0,0,0,0,0
7,1,moe,722,35,14183,6153,6153,4784,3188,0,58,0,1402,8,3,5,8
7,2,moe,676,45,13796,6009,6009,4763,2959,0,65,0,1272,8,3,5,8
7,3,moe,502,38,10915,4680,4680,3811,2369,0,55,0,661,8,4,4,8
7,4,moe,675,40,12464,5833,5833,4150,2388,0,93,0,573,8,3,5,8
7,5,moe,715,40,2562,1195,1195,820,520,0,27,0,567,8,7,1,8
7,6,moe,677,35,5594,2509,2509,1910,1117,0,58,0,699,8,6,2,8
7,7,moe,533,32,4765,2150,2150,1627,939,0,49,0,1033,8,6,2,8
7,8,moe,700,36,3142,1211,1211,795,1114,0,22,0,1941,8,7,1,8
7,9,moe,762,35,6105,2582,2582,1981,1491,0,51,0,1776,8,6,2,8
7,10,moe,702,45,5378,2545,2545,1645,1132,0,56,0,578,8,6,2,8
7,11,moe,536,35,13096,5575,5576,3948,3520,0,52,0,1742,8,3,5,8
7,12,moe,708,43,14357,6258,6260,4758,3247,0,92,0,709,8,3,5,8
7,13,moe,763,39,13437,5502,5502,4049,3788,0,98,0,593,8,3,5,8
7,14,moe,702,39,16517,9832,9832,4020,2604,0,61,0,587,8,3,5,8
7,15,moe,533,36,21717,11645,11645,5869,4103,0,100,0,707,8,2,6,8
7,16,moe,698,41,23960,13258,13258,6378,4204,1,119,0,610,8,1,7,8
7,17,moe,787,40,18264,10183,10184,4662,3350,0,68,0,605,8,2,6,8
7,18,moe,715,46,23431,12397,12399,6437,4489,0,106,0,724,8,1,7,8
7,19,moe,550,43,12976,5862,5862,3967,3060,0,87,0,604,8,3,5,8
7,20,moe,712,45,25157,17291,17291,4638,3157,0,71,0,598,8,2,6,8
7,21,moe,774,38,12164,6949,6949,2794,2350,0,71,0,720,8,5,3,8
7,22,moe,780,38,14824,9436,9436,3146,2156,0,86,0,601,8,4,4,8
7,23,moe,544,35,13537,4329,4329,4612,4476,0,120,0,1307,8,3,5,8
7,24,moe,787,43,11542,3479,3479,4662,3338,0,63,0,746,8,3,5,8
7,25,moe,794,39,7825,1355,1357,3826,2592,0,50,0,738,8,4,4,8
7,26,moe,581,39,12417,6328,6328,4565,1469,0,55,0,1279,8,3,5,8
7,-1,epi,0,0,0,0,0,0,0,0,5700,0,0,0,0,0,0
8,-2,pre,221,0,0,0,0,0,0,0,0,0,0,0,0,0,0
8,0,dense,1459,43,0,0,0,0,0,0,0,0,0,0,0,0,0
8,1,moe,814,36,16226,6791,6791,4520,4861,0,54,0,724,8,3,5,8
8,2,moe,735,40,17958,9964,9964,4774,3162,0,58,0,725,8,3,5,8
8,3,moe,567,37,11506,5133,5133,3739,2563,0,71,0,736,8,4,4,8
8,4,moe,740,46,10373,4651,4653,3239,2386,1,94,0,613,8,4,4,8
8,5,moe,798,39,5480,2310,2310,1627,1510,1,32,0,604,8,6,2,8
8,6,moe,718,35,5647,2457,2457,1882,1250,0,58,0,722,8,6,2,8
8,7,moe,553,36,3264,1231,1232,814,1169,0,49,0,594,8,7,1,8
8,8,moe,722,36,7673,3524,3524,2296,1816,0,37,0,1142,8,5,3,8
8,9,moe,783,40,3116,1469,1470,977,622,0,47,0,1869,8,7,1,8
8,10,moe,714,33,2514,1145,1145,820,501,0,48,0,606,8,7,1,8
8,11,moe,554,33,8093,3849,3849,2295,1912,0,37,0,601,8,5,3,8
8,12,moe,722,39,11717,4923,4923,3685,3035,0,74,0,725,8,4,4,8
8,13,moe,788,38,14722,6760,6762,4596,3256,0,108,0,608,8,2,6,8
8,14,moe,792,44,8347,4196,4196,2319,1787,0,45,0,1169,8,5,3,8
8,15,moe,610,41,12169,5140,5141,3701,3248,0,79,0,735,8,4,4,8
8,16,moe,739,39,10614,5051,5052,3149,2329,0,84,0,611,8,4,4,8
8,17,moe,803,39,4919,2327,2327,1522,1034,0,36,0,1462,8,6,2,8
8,18,moe,714,35,5813,2605,2605,1901,1250,0,57,0,723,8,6,2,8
8,19,moe,558,36,10367,4899,4899,3083,2303,0,82,0,1133,8,4,4,8
8,20,moe,727,45,5648,3058,3058,1519,1037,0,34,0,1208,8,6,2,8
8,21,moe,1279,45,5881,2645,2645,1869,1307,0,60,0,727,8,6,2,8
8,22,moe,787,36,7505,3473,3473,2350,1602,0,80,0,609,8,5,3,8
8,23,moe,615,33,6046,4482,4482,984,544,0,36,0,1264,8,7,1,8
8,24,moe,797,37,5588,975,975,2668,1899,1,45,0,728,8,5,3,8
8,25,moe,789,42,5565,943,943,2657,1925,0,40,0,730,8,5,3,8
8,26,moe,559,36,10244,5442,5442,3557,1198,0,47,0,1182,8,4,4,8
8,-1,epi,0,0,0,0,0,0,0,0,5704,0,0,0,0,0,0
9,-2,pre,227,0,0,0,0,0,0,0,0,0,0,0,0,0,0
9,0,dense,1443,36,0,0,0,0,0,0,0,0,0,0,0,0,0
9,1,moe,804,34,13770,7520,7520,3605,2594,0,51,0,1327,8,4,4,8
9,2,moe,735,37,14258,6697,6697,4461,3042,0,58,0,732,8,3,5,8
9,3,moe,592,126,6411,3379,3380,1783,1217,0,31,0,1366,8,6,2,8
9,4,moe,724,36,5872,2264,2265,1600,1944,0,63,0,1113,8,6,2,8
9,5,moe,790,39,4771,2206,2206,1514,1020,0,31,0,2219,8,6,2,8
9,6,moe,759,61,5339,1635,1636,1006,2648,0,49,0,1286,8,7,1,8
9,7,moe,567,34,4695,1282,1282,832,2506,0,75,0,626,8,7,1,8
9,8,moe,736,56,14620,5351,5351,3058,6155,0,56,0,604,8,4,4,8
9,9,moe,806,38,12767,3981,3981,2777,5941,0,68,0,1325,8,5,3,8
9,10,moe,711,37,5920,2386,2386,1612,1857,0,65,0,605,8,6,2,8
9,11,moe,550,32,7298,2254,2254,1534,3468,0,42,0,656,8,6,2,8
9,12,moe,721,38,5651,2470,2470,1895,1227,0,59,0,731,8,6,2,8
9,13,moe,807,42,7566,2458,2459,1602,3439,0,66,0,1853,8,6,2,8
9,14,moe,714,35,9778,3303,3303,2302,4136,0,37,0,1102,8,5,3,8
9,15,moe,556,37,6220,2706,2706,1874,1585,0,55,0,1753,8,6,2,8
9,16,moe,741,56,16219,7331,7331,3911,4881,1,95,0,605,8,3,5,8
9,17,moe,798,38,8170,2406,2407,1532,4197,0,34,0,623,8,6,2,8
9,18,moe,746,58,20652,8919,8920,5504,6090,0,138,0,727,8,2,6,8
9,19,moe,567,36,10739,5076,5077,3122,2454,0,86,0,629,8,4,4,8
9,20,moe,739,38,13040,6671,6672,3771,2540,0,57,0,611,8,3,5,8
9,21,moe,788,39,18461,10535,10535,4578,3261,0,87,0,1717,8,3,5,8
9,22,moe,4651,49,23820,15284,15286,4637,3785,0,112,0,732,8,2,6,8
9,23,moe,871,45,22199,11539,11541,6278,4263,0,117,0,828,8,1,7,8
9,24,moe,6764,43,10764,2612,2613,4526,3553,0,72,0,829,8,3,5,8
9,25,moe,830,48,7592,1470,1470,3554,2511,0,57,0,738,8,4,4,8
9,26,moe,572,34,16472,9088,9090,5422,1893,0,67,0,4785,8,2,6,8
9,-1,epi,0,0,0,0,0,0,0,0,5821,0,0,0,0,0,0
10,-2,pre,221,0,0,0,0,0,0,0,0,0,0,0,0,0,0
10,0,dense,1457,40,0,0,0,0,0,0,0,0,0,0,0,0,0
10,1,moe,830,35,5662,2565,2565,1882,1181,1,33,0,1876,8,6,2,8
10,2,moe,751,39,12682,5387,5387,3583,3663,0,49,0,743,8,4,4,8
10,3,moe,565,40,12,0,0,0,0,0,12,0,726,8,8,0,8
10,4,moe,725,38,15362,8166,8167,2532,4465,1,197,0,2442,8,6,2,8
10,5,moe,1429,104,13132,4048,4050,4211,4771,1,99,0,1289,8,5,3,8
10,6,moe,784,52,2914,1224,1224,986,644,1,59,0,1363,8,7,1,8
10,7,moe,895,59,10391,5116,5116,2546,2554,1,174,0,640,8,5,3,8
10,8,moe,758,43,7420,3382,3383,2339,1651,0,47,0,630,8,5,3,8
10,9,moe,831,39,9277,4457,4457,2863,1877,0,80,0,772,8,5,3,8
10,10,moe,881,41,12,0,0,0,0,1,11,0,1131,8,8,0,8
10,11,moe,595,31,6082,3236,3236,1617,1162,0,67,0,1464,8,6,2,8
10,12,moe,863,35,6410,2517,2517,1905,1935,0,53,0,2562,8,6,2,8
10,13,moe,948,38,3557,1243,1243,1038,1218,0,58,0,737,8,7,1,8
10,14,moe,905,40,5441,2282,2283,1574,1541,0,43,0,720,8,6,2,8
10,15,moe,748,57,11626,4652,4652,3722,3111,0,141,0,741,8,4,4,8
10,16,moe,732,38,10963,4912,4912,3220,2735,1,95,0,618,8,4,4,8
10,17,moe,799,40,9380,5274,5274,2412,1648,1,45,0,1599,8,5,3,8
10,18,moe,783,93,18456,10376,10376,4746,3221,0,113,0,738,8,3,5,8
10,19,moe,578,50,7721,3669,3669,2452,1517,0,83,0,1578,8,5,3,8
10,20,moe,724,38,7852,3458,3459,2331,2016,1,45,0,617,8,5,3,8
10,21,moe,791,38,2916,1271,1271,996,598,0,51,0,1351,8,7,1,8
10,22,moe,789,36,6231,2652,2652,1828,1650,1,100,0,704,8,6,2,8
10,23,moe,553,37,6047,2428,2429,2051,1494,0,73,0,838,8,6,2,8
10,24,moe,912,52,2908,1041,1041,912,900,0,55,0,1232,8,7,1,8
10,25,moe,1840,52,11148,1020,1021,3561,6513,0,53,0,1127,8,5,3,8
10,26,moe,1160,53,7629,3668,3668,2911,992,0,58,0,1887,8,5,3,8
10,-1,epi,0,0,0,0,0,0,0,0,5920,0,0,0,0,0,0
11,-2,pre,173,0,0,0,0,0,0,0,0,0,0,0,0,0,0
11,0,dense,3805,67,0,0,0,0,0,0,0,0,0,0,0,0,0
11,1,moe,2119,96,29173,18094,18094,4148,6763,0,168,0,911,8,4,4,8
11,2,moe,1685,46,17534,7157,7157,5766,4531,1,79,0,912,8,2,6,8
11,3,moe,1048,49,11398,4832,4832,3893,2606,0,67,0,1092,8,4,4,8
11,4,moe,1893,49,10241,4421,4421,3505,2215,0,100,0,894,8,4,4,8
11,5,moe,1734,48,5440,2218,2218,1704,1476,0,42,0,1499,8,6,2,8
11,6,moe,1071,56,21540,9775,9775,6127,5528,0,110,0,772,8,2,6,8
11,7,moe,559,49,6350,2191,2191,1781,2286,0,92,0,676,8,6,2,8
11,8,moe,1175,53,24805,12051,12051,5146,7531,0,77,0,644,8,2,6,8
11,9,moe,1093,49,15869,6907,6907,5071,3787,0,104,0,762,8,3,5,8
11,10,moe,721,39,7827,3316,3316,2680,1741,0,90,0,1331,8,5,3,8
11,11,moe,543,45,15715,5976,5976,3448,6229,0,62,0,2562,8,4,4,8
11,12,moe,754,82,24228,7704,7705,5098,11300,0,125,0,923,8,3,5,8
11,13,moe,880,71,13490,6198,6198,3503,3678,0,111,0,642,8,4,4,8
11,14,moe,694,50,8277,3362,3362,2623,2241,0,51,0,1169,8,5,3,8
11,15,moe,545,37,12804,4831,4831,4105,3765,0,103,0,765,8,4,4,8
11,16,moe,671,46,9529,4326,4326,2673,2433,0,97,0,656,8,5,3,8
11,17,moe,721,40,13061,5678,5678,4273,3031,1,78,0,640,8,3,5,8
11,18,moe,672,46,9558,3612,3613,3063,2806,0,76,0,919,8,5,3,8
11,19,moe,709,41,15973,7516,7516,4342,3993,0,122,0,661,8,3,5,8
11,20,moe,995,77,19445,10811,10811,4352,4204,0,78,0,649,8,3,5,8
11,21,moe,820,91,10420,5127,5129,3083,2109,0,99,0,799,8,5,3,8
11,22,moe,737,47,6327,2234,2234,1974,2030,0,89,0,621,8,6,2,8
11,23,moe,677,51,11355,5675,5675,3105,2492,1,82,0,640,8,5,3,8
11,24,moe,706,51,13380,6785,6785,3977,2557,0,61,0,654,8,4,4,8
11,25,moe,7994,44,12480,5778,5778,3980,2661,0,61,0,640,8,4,4,8
11,26,moe,669,44,8808,4749,4749,2979,1029,0,51,0,1598,8,5,3,8
11,-1,epi,0,0,0,0,0,0,0,0,3862,0,0,0,0,0,0
12,-2,pre,222,0,0,0,0,0,0,0,0,0,0,0,0,0,0
12,0,dense,1176,39,0,0,0,0,0,0,0,0,0,0,0,0,0
12,1,moe,691,35,12147,5067,5068,3981,3045,0,53,0,632,8,4,4,8
12,2,moe,655,41,17448,8116,8116,4951,4307,1,73,0,643,8,3,5,8
12,3,moe,494,47,26598,15456,15456,5967,5040,0,135,0,2375,8,2,6,8
12,4,moe,674,43,17003,9160,9161,4315,3408,0,119,0,563,8,3,5,8
12,5,moe,683,42,22830,11874,11874,5962,4886,1,107,0,1459,8,1,7,8
12,6,moe,4478,52,18122,7936,7936,5142,4934,1,109,0,1874,8,3,5,8
12,7,moe,3167,47,9979,5170,5170,2637,2067,0,105,0,2525,8,5,3,8
12,8,moe,1213,48,8870,4090,4090,2580,2130,0,70,0,1020,8,5,3,8
12,9,moe,1523,55,15249,6304,6305,5106,3713,1,124,0,839,8,3,5,8
12,10,moe,1179,50,16769,7473,7474,5178,3973,1,143,0,1013,8,2,6,8
12,11,moe,1110,52,12951,5850,5851,4242,2781,0,77,0,659,8,3,5,8
12,12,moe,1174,43,7990,2661,2661,2129,3117,0,83,0,1764,8,6,2,8
12,13,moe,1373,49,10322,4430,4430,3464,2321,0,107,0,832,8,4,4,8
12,14,moe,1112,43,13983,5647,5647,4287,3984,0,65,0,1368,8,3,5,8
12,15,moe,1090,50,11836,5124,5125,4065,2550,0,96,0,871,8,4,4,8
12,16,moe,904,43,13077,4462,4462,3355,5170,0,90,0,666,8,4,4,8
12,17,moe,763,58,14697,7918,7919,4091,2622,0,65,0,569,8,3,5,8
12,18,moe,664,40,4192,1294,1294,1064,1749,0,85,0,1905,8,7,1,8
12,19,moe,510,42,11287,3531,3531,2583,5087,0,86,0,652,8,5,3,8
12,20,moe,674,47,8644,3992,3992,2477,2124,0,51,0,575,8,5,3,8
12,21,moe,733,43,12134,5112,5115,3973,2961,1,84,0,649,8,4,4,8
12,22,moe,709,46,10084,4521,4522,3337,2135,0,90,0,564,8,4,4,8
12,23,moe,492,37,11304,4705,4705,2994,3527,0,78,0,821,8,5,3,8
12,24,moe,762,47,18779,8832,8832,5755,4110,0,82,0,652,8,2,6,8
12,25,moe,715,42,6203,2515,2515,1917,1734,1,36,0,640,8,6,2,8
12,26,moe,500,35,13513,6921,6921,4971,1557,0,64,0,1204,8,3,5,8
12,-1,epi,0,0,0,0,0,0,0,0,4367,0,0,0,0,0,0
13,-2,pre,250,0,0,0,0,0,0,0,0,0,0,0,0,0,0
13,0,dense,1187,54,0,0,0,0,0,0,0,0,0,0,0,0,0
13,1,moe,679,36,12991,4893,4893,3992,4042,0,64,0,3655,8,4,4,8
13,2,moe,694,50,11653,4900,4900,3964,2707,0,82,0,641,8,4,4,8
13,3,moe,482,41,14772,4951,4952,3990,5773,0,57,0,640,8,4,4,8
13,4,moe,693,104,8757,3366,3366,2626,2677,0,88,0,560,8,5,3,8
13,5,moe,687,38,2675,1200,1200,852,596,0,27,0,1072,8,7,1,8
13,6,moe,667,43,4395,2277,2277,1103,959,0,56,0,629,8,7,1,8
13,7,moe,485,36,5888,2204,2204,1832,1790,1,61,0,564,8,6,2,8
13,8,moe,662,43,2666,1193,1193,868,581,0,24,0,561,8,7,1,8
13,9,moe,695,39,6436,2950,2950,2096,1325,0,65,0,668,8,6,2,8
13,10,moe,652,38,11353,5462,5462,3491,2311,0,89,0,571,8,4,4,8
13,11,moe,484,39,2619,1220,1220,851,522,0,26,0,1601,8,7,1,8
13,12,moe,667,34,3076,1288,1288,1108,629,1,50,0,624,8,7,1,8
13,13,moe,682,36,8620,3796,3796,2606,2141,0,77,0,592,8,5,3,8
13,14,moe,656,39,8001,3662,3662,2557,1734,0,48,0,628,8,5,3,8
13,15,moe,489,65,5878,2403,2403,2034,1376,0,65,0,652,8,6,2,8
13,16,moe,1026,42,8687,3401,3401,2546,2664,0,76,0,771,8,5,3,8
13,17,moe,1338,42,10370,4815,4815,3266,2239,1,49,0,679,8,4,4,8
13,18,moe,740,49,12084,4922,4922,3919,3138,0,105,0,733,8,4,4,8
13,19,moe,652,41,11100,5460,5460,3356,2195,0,89,0,640,8,4,4,8
13,20,moe,756,36,10034,4381,4381,3278,2323,0,52,0,632,8,4,4,8
13,21,moe,812,39,6176,2831,2831,2011,1265,1,68,0,677,8,6,2,8
13,22,moe,724,38,5662,2287,2287,1722,1583,0,70,0,574,8,6,2,8
13,23,moe,497,33,15518,7234,7234,4888,3276,0,120,0,663,8,3,5,8
13,24,moe,712,42,9672,3629,3629,2877,3120,1,45,0,656,8,5,3,8
13,25,moe,716,44,2853,1247,1247,952,630,0,24,0,649,8,7,1,8
13,26,moe,6069,33,4840,2309,2309,1906,595,0,30,0,2153,8,6,2,8
13,-1,epi,0,0,0,0,0,0,0,0,4405,0,0,0,0,0,0
14,-2,pre,157,0,0,0,0,0,0,0,0,0,0,0,0,0,0
14,0,dense,5226,35,0,0,0,0,0,0,0,0,0,0,0,0,0
14,1,moe,4197,39,18498,8848,8848,5740,3839,0,71,0,669,8,2,6,8
14,2,moe,7601,40,15266,6366,6366,3788,5057,0,55,0,703,8,4,4,8
14,3,moe,8239,34,13213,8371,8371,2763,2032,0,47,0,1278,8,5,3,8
14,4,moe,6731,37,2546,1082,1082,856,540,0,68,0,2122,8,7,1,8
14,5,moe,768,36,16626,6741,6741,4754,5063,0,68,0,590,8,2,6,8
14,6,moe,704,41,11781,6977,6977,2879,1849,0,76,0,1307,8,5,3,8
14,7,moe,633,34,18657,11498,11498,4038,3028,0,93,0,591,8,3,5,8
14,8,moe,707,43,16695,9802,9802,3953,2881,1,58,0,587,8,3,5,8
14,9,moe,761,39,21207,13070,13071,4602,3445,0,89,0,718,8,3,5,8
14,10,moe,719,40,10747,4564,4566,3193,2899,0,89,0,1087,8,4,4,8
14,11,moe,626,37,7823,3262,3262,2320,2196,0,45,0,1172,8,5,3,8
14,12,moe,712,37,16133,8161,8161,4625,3262,1,84,0,728,8,3,5,8
14,13,moe,779,40,9574,3543,3543,2399,3528,0,104,0,606,8,5,3,8
14,14,moe,720,38,12129,5861,5861,3107,3108,0,53,0,597,8,4,4,8
14,15,moe,631,34,26689,17280,17280,5525,3787,0,97,0,733,8,2,6,8
14,16,moe,728,42,15880,8842,8842,3963,2973,0,102,0,1091,8,3,5,8
14,17,moe,824,43,26534,15324,15324,6992,4157,0,61,0,675,8,3,5,8
14,18,moe,1211,44,11784,5522,5522,3724,2454,0,84,0,722,8,4,4,8
14,19,moe,636,41,8314,4982,4983,1614,1642,0,75,0,660,8,6,2,8
14,20,moe,723,39,11446,6122,6122,3101,2173,0,50,0,665,8,4,4,8
14,21,moe,786,42,15921,7295,7295,4548,3983,0,95,0,738,8,3,5,8
14,22,moe,847,42,14342,6575,6576,4627,3035,0,104,0,668,8,2,6,8
14,23,moe,770,38,7765,2479,2479,3297,1930,1,58,0,890,8,6,2,8
14,24,moe,785,47,19294,7911,7911,5402,5915,0,66,0,768,8,2,6,8
14,25,moe,869,50,17234,7912,7912,4459,4804,0,59,0,724,8,3,5,8
14,26,moe,679,38,21901,15765,15766,4454,1620,0,61,0,1599,8,3,5,8
14,-1,epi,0,0,0,0,0,0,0,0,8474,0,0,0,0,0,0
15,-2,pre,114,0,0,0,0,0,0,0,0,0,0,0,0,0,0
15,0,dense,1450,82,0,0,0,0,0,0,0,0,0,0,0,0,0
15,1,moe,856,45,22191,11237,11238,5900,4980,0,73,0,768,8,2,6,8
15,2,moe,814,44,12762,5535,5535,3684,3489,0,54,0,866,8,4,4,8
15,3,moe,647,50,16268,5248,5248,6383,4585,0,52,0,770,8,4,4,8
15,4,moe,747,42,16716,9810,9810,3904,2906,1,95,0,2184,8,3,5,8
15,5,moe,7891,37,2626,1283,1283,784,531,0,28,0,5070,8,7,1,8
15,6,moe,8775,36,4582,1261,1261,1025,2240,0,56,0,6175,8,7,1,8
15,7,moe,8411,34,4006,1027,1027,1455,1443,0,81,0,4414,8,7,1,8
15,8,moe,4790,43,5017,2189,2189,1537,1246,0,45,0,2954,8,6,2,8
15,9,moe,7756,38,8253,3145,3145,1864,3179,0,65,0,2484,8,6,2,8
15,10,moe,6837,45,3050,1614,1614,832,530,1,73,0,2066,8,7,1,8
15,11,moe,7658,34,12052,4352,4352,3104,4549,0,47,0,1276,8,4,4,8
15,12,moe,4190,39,7189,2365,2365,2309,2451,0,64,0,2422,8,6,2,8
15,13,moe,6399,40,8684,3600,3600,2399,2598,0,87,0,1945,8,5,3,8
15,14,moe,753,42,4828,2214,2214,1549,1025,0,40,0,2637,8,6,2,8
15,15,moe,660,34,17338,6505,6505,4604,6130,0,99,0,2318,8,3,5,8
15,16,moe,740,45,14311,6078,6078,3972,4148,0,113,0,2029,8,3,5,8
15,17,moe,851,50,10624,5352,5354,3060,2151,0,59,0,2441,8,4,4,8
15,18,moe,731,39,12086,3635,3635,3014,5354,1,82,0,3822,8,5,3,8
15,19,moe,993,49,13032,4756,4757,5538,2629,0,108,0,2088,8,4,4,8
15,20,moe,753,38,11109,3460,3460,2547,5055,0,47,0,2316,8,5,3,8
15,21,moe,807,44,15141,5141,5142,6653,3249,1,96,0,1307,8,4,4,8
15,22,moe,810,39,24811,8293,8294,9873,6520,1,123,0,1885,8,1,7,8
15,23,moe,1437,47,6046,2455,2455,1905,1606,0,80,0,1661,8,6,2,8
15,24,moe,823,46,25628,8727,8728,8928,7888,1,83,0,1497,8,1,7,8
15,25,moe,836,47,14478,5109,5109,6522,2769,0,78,0,738,8,4,4,8
15,26,moe,646,37,10646,4777,4777,4932,889,0,48,0,1344,8,5,3,8
15,-1,epi,0,0,0,0,0,0,0,0,7797,0,0,0,0,0,0
16,-2,pre,222,0,0,0,0,0,0,0,0,0,0,0,0,0,0
16,0,dense,1463,42,0,0,0,0,0,0,0,0,0,0,0,0,0
16,1,moe,817,37,2825,1320,1320,901,579,1,24,0,1331,8,7,1,8
16,2,moe,750,39,8137,2515,2515,1836,3753,1,32,0,772,8,6,2,8
16,3,moe,705,39,12183,3660,3663,4921,3551,0,48,0,746,8,5,3,8
16,4,moe,748,45,6238,2277,2277,2876,1010,0,75,0,618,8,6,2,8
16,5,moe,808,37,13467,4915,4916,5620,2876,0,55,0,691,8,4,4,8
16,6,moe,743,46,7029,2403,2403,3400,1153,0,73,0,1366,8,6,2,8
16,7,moe,658,37,2597,1203,1204,832,506,0,55,0,1098,8,7,1,8
16,8,moe,742,40,8525,2386,2386,2811,3295,0,33,0,660,8,6,2,8
16,9,moe,814,41,7551,2430,2430,3367,1665,1,88,0,813,8,6,2,8
16,10,moe,746,36,3341,1215,1216,1256,799,0,70,0,1124,8,7,1,8
16,11,moe,654,35,9,0,0,0,0,0,9,0,620,8,8,0,8
16,12,moe,751,39,2894,1275,1275,987,587,0,45,0,745,8,7,1,8
16,13,moe,808,36,9341,2968,2968,2713,3592,0,68,0,668,8,6,2,8
16,14,moe,6590,43,11826,3554,3554,2779,5441,0,52,0,859,8,5,3,8
16,15,moe,7352,38,7085,2364,2364,3426,1233,0,62,0,1829,8,6,2,8
16,16,moe,7499,41,12,0,0,0,0,0,12,0,575,8,8,0,8
16,17,moe,4043,36,3270,1080,1080,1561,571,0,58,0,1119,8,7,1,8
16,18,moe,7600,34,9,0,0,0,0,0,9,0,692,8,8,0,8
16,19,moe,632,33,7979,4401,4402,1802,1739,0,36,0,640,8,6,2,8
16,20,moe,736,36,3107,1108,1108,1435,538,0,26,0,580,8,7,1,8
16,21,moe,780,39,16573,6358,6358,6762,3362,0,91,0,1870,8,4,4,8
16,22,moe,811,45,3251,1165,1165,1487,541,0,58,0,2523,8,7,1,8
16,23,moe,631,34,3689,1284,1284,1748,606,0,51,0,782,8,7,1,8
16,24,moe,911,46,3706,1502,1502,1136,1042,0,26,0,4956,8,7,1,8
16,25,moe,798,47,3516,1263,1263,1666,559,0,28,0,901,8,7,1,8
16,26,moe,638,39,11,0,0,0,0,0,11,0,717,8,8,0,8
16,-1,epi,0,0,0,0,0,0,0,0,5192,0,0,0,0,0,0
17,-2,pre,280,0,0,0,0,0,0,0,0,0,0,0,0,0,0
17,0,dense,1265,44,0,0,0,0,0,0,0,0,0,0,0,0,0
17,1,moe,737,39,15939,7411,7411,4692,3779,0,57,0,806,8,3,5,8
17,2,moe,713,43,11241,3676,3676,5018,2505,1,41,0,1506,8,5,3,8
17,3,moe,793,46,14737,4905,4905,6693,3083,0,56,0,767,8,4,4,8
17,4,moe,709,39,6220,2214,2214,2927,1000,0,79,0,643,8,6,2,8
17,5,moe,855,38,6105,2220,2220,2854,999,0,32,0,1119,8,6,2,8
17,6,moe,720,37,3839,1282,1282,1769,731,0,57,0,806,8,7,1,8
17,7,moe,623,33,9587,5250,5251,2469,1773,0,94,0,589,8,5,3,8
17,8,moe,713,37,4985,2297,2297,1579,1078,0,31,0,646,8,6,2,8
17,9,moe,780,39,14950,5580,5581,6833,2447,0,89,0,713,8,4,4,8
17,10,moe,728,43,8666,3592,3592,2453,2537,0,84,0,646,8,5,3,8
17,11,moe,640,40,2718,1368,1368,792,537,0,21,0,645,8,7,1,8
17,12,moe,722,33,10105,4539,4539,2863,2630,0,73,0,2155,8,5,3,8
17,13,moe,806,48,15123,4328,4328,4096,6566,0,133,0,754,8,4,4,8
17,14,moe,800,295,6824,3782,3782,1429,1584,0,29,0,693,8,7,1,8
17,15,moe,624,36,12819,5727,5727,5120,1902,0,70,0,1360,8,5,3,8
17,16,moe,727,50,11979,4559,4559,3246,4087,0,87,0,1166,8,4,4,8
17,17,moe,774,47,4981,2263,2263,1587,1097,0,34,0,1360,8,6,2,8
17,18,moe,711,43,3072,1371,1371,1028,616,0,57,0,931,8,7,1,8
17,19,moe,12712,36,11670,4310,4310,4904,2340,0,116,0,1146,8,4,4,8
17,20,moe,5210,43,9117,3268,3268,4228,1576,0,45,0,1295,8,5,3,8
17,21,moe,4565,40,3605,1220,1220,1752,573,0,60,0,821,8,7,1,8
17,22,moe,802,40,3755,1108,1109,1274,1286,0,86,0,3371,8,7,1,8
17,23,moe,651,44,12577,3681,3682,4844,3979,0,72,0,1432,8,5,3,8
17,24,moe,801,40,2877,1353,1353,904,595,0,25,0,833,8,7,1,8
17,25,moe,799,40,4268,1601,1601,907,1737,0,23,0,3355,8,7,1,8
17,26,moe,686,79,7916,4163,4163,2720,989,0,44,0,984,8,5,3,8
17,-1,epi,0,0,0,0,0,0,0,0,5840,0,0,0,0,0,0
18,-2,pre,62,0,0,0,0,0,0,0,0,0,0,0,0,0,0
18,0,dense,1445,38,0,0,0,0,0,0,0,0,0,0,0,0,0
18,1,moe,824,38,7043,2654,2654,1824,2530,0,35,0,905,8,6,2,8
18,2,moe,710,36,12714,5567,5567,4998,2104,1,44,0,764,8,5,3,8
18,3,moe,632,40,5589,2502,2502,1843,1202,0,42,0,765,8,6,2,8
18,4,moe,703,36,12,0,0,0,0,0,12,0,739,8,8,0,8
18,5,moe,782,36,7079,2427,2427,1685,2901,0,66,0,699,8,6,2,8
18,6,moe,706,37,7618,2376,2376,1947,3190,0,105,0,765,8,6,2,8
18,7,moe,631,40,16014,9011,9011,4704,2216,1,82,0,701,8,5,3,8
18,8,moe,728,35,11648,4609,4609,3221,3769,0,49,0,715,8,4,4,8
18,9,moe,792,38,3773,1369,1369,1750,602,0,52,0,789,8,7,1,8
18,10,moe,731,33,9303,3436,3436,4284,1511,0,72,0,1840,8,5,3,8
18,11,moe,700,56,5037,1377,1377,780,2858,0,22,0,911,8,7,1,8
18,12,moe,773,56,11902,3473,3473,3385,4934,0,110,0,2274,8,6,2,8
18,13,moe,795,37,4105,1263,1263,854,1924,0,64,0,989,8,7,1,8
18,14,moe,765,104,4327,1435,1435,782,2085,0,25,0,1101,8,7,1,8
18,15,moe,689,65,11,0,0,0,0,0,11,0,1335,8,8,0,8
18,16,moe,764,52,9475,2742,2742,2400,4282,0,51,0,2901,8,6,2,8
18,17,moe,1024,84,35,0,0,0,0,1,34,0,2717,8,8,0,8
18,18,moe,902,60,6573,1637,1637,1223,3617,0,96,0,4779,8,7,1,8
18,19,moe,784,54,12,0,0,0,0,0,12,0,1211,8,8,0,8
18,20,moe,788,81,5341,2526,2526,1686,1039,0,90,0,737,8,6,2,8
18,21,moe,1274,42,7627,2662,2662,3118,1784,1,62,0,1360,8,6,2,8
18,22,moe,6400,36,3330,1108,1108,1102,1059,0,61,0,703,8,7,1,8
18,23,moe,12502,34,3840,1341,1341,1027,1416,0,56,0,846,8,7,1,8
18,24,moe,773,36,3660,1340,1340,1665,630,0,25,0,1263,8,7,1,8
18,25,moe,779,36,11,0,0,0,0,0,11,0,875,8,8,0,8
18,26,moe,3596,32,3819,1287,1287,925,1581,0,26,0,1009,8,7,1,8
18,-1,epi,0,0,0,0,0,0,0,0,5652,0,0,0,0,0,0
19,-2,pre,206,0,0,0,0,0,0,0,0,0,0,0,0,0,0
19,0,dense,1384,36,0,0,0,0,0,0,0,0,0,0,0,0,0
19,1,moe,786,34,6873,2553,2553,1855,2418,1,46,0,1815,8,6,2,8
19,2,moe,712,33,3563,1263,1263,1670,604,0,26,0,798,8,7,1,8
19,3,moe,625,34,8651,3963,3963,2770,1877,1,40,0,703,8,5,3,8
19,4,moe,705,36,2583,1119,1119,880,524,0,60,0,579,8,7,1,8
19,5,moe,769,35,10,0,1,0,0,0,9,0,576,8,8,0,8
19,6,moe,716,35,3142,1379,1379,1031,685,0,47,0,704,8,7,1,8
19,7,moe,612,35,4956,2268,2268,1631,996,1,60,0,590,8,6,2,8
19,8,moe,711,33,10,0,0,0,0,0,10,0,708,8,8,0,8
19,9,moe,775,33,6483,3253,3254,1933,1236,1,59,0,702,8,6,2,8
19,10,moe,710,33,2618,1170,1170,870,525,0,53,0,584,8,7,1,8
19,11,moe,619,36,3928,1146,1147,1216,1546,0,19,0,2932,8,7,1,8
19,12,moe,727,33,10679,5716,5716,2894,1999,1,69,0,1268,8,5,3,8
19,13,moe,774,37,7281,2245,2245,2936,2006,0,94,0,1134,8,6,2,8
19,14,moe,712,36,6863,5386,5386,797,656,0,24,0,1222,8,7,1,8
19,15,moe,641,32,5712,2502,2502,1924,1225,0,61,0,1011,8,6,2,8
19,16,moe,668,39,10659,7583,7583,1646,1351,0,79,0,973,8,6,2,8
19,17,moe,854,45,3338,1263,1263,1432,592,0,51,0,628,8,7,1,8
19,18,moe,720,36,7219,2524,2524,3429,1196,0,70,0,761,8,6,2,8
19,19,moe,628,35,6293,2329,2329,1671,2224,0,69,0,1169,8,6,2,8
19,20,moe,714,36,3202,1213,1214,1427,538,0,23,0,1145,8,7,1,8
19,21,moe,783,40,7628,2584,2585,3445,1538,0,60,0,1340,8,6,2,8
19,22,moe,1628,80,8319,3399,3400,2973,1874,0,72,0,1268,8,6,2,8
19,23,moe,828,34,5800,2655,2655,1947,1146,0,52,0,1793,8,6,2,8
19,24,moe,853,33,9483,4753,4753,2774,1915,0,41,0,825,8,5,3,8
19,25,moe,777,35,14594,6782,6782,4010,3754,0,48,0,807,8,4,4,8
19,26,moe,629,35,11789,4833,4833,5021,1892,1,42,0,767,8,5,3,8
19,-1,epi,0,0,0,0,0,0,0,0,5404,0,0,0,0,0,0
20,-2,pre,4292,0,0,0,0,0,0,0,0,0,0,0,0,0,0
20,0,dense,1362,38,0,0,0,0,0,0,0,0,0,0,0,0,0
20,1,moe,785,33,12397,3733,3734,5004,3617,1,41,0,706,8,5,3,8
20,2,moe,740,56,14316,5649,5650,5010,3612,0,44,0,1270,8,5,3,8
20,3,moe,638,33,14827,8470,8471,3689,2610,0,57,0,1298,8,4,4,8
20,4,moe,710,38,17035,11266,11266,3231,2449,0,89,0,647,8,4,4,8
20,5,moe,770,36,7975,4013,4015,2335,1588,0,37,0,1092,8,5,3,8
20,6,moe,718,34,14533,7883,7883,2842,3733,1,74,0,2271,8,5,3,8
20,7,moe,643,35,6791,2297,2297,1631,2802,0,61,0,1126,8,6,2,8
20,8,moe,728,42,6594,2504,2505,1554,2504,0,31,0,1625,8,6,2,8
20,9,moe,790,34,7317,2675,2675,1919,2664,0,59,0,2361,8,6,2,8
20,10,moe,732,39,13614,4991,4991,5674,2868,1,80,0,603,8,4,4,8
20,11,moe,628,230,12865,8489,8489,2322,2016,0,38,0,1219,8,5,3,8
20,12,moe,717,40,8678,3909,3909,2838,1854,1,76,0,1287,8,5,3,8
20,13,moe,795,39,12048,4857,4857,3166,3931,0,94,0,1126,8,4,4,8
20,14,moe,721,40,16058,5449,5450,7047,3506,0,55,0,620,8,3,5,8
20,15,moe,641,39,13201,5403,5403,3743,3961,0,94,0,1445,8,4,4,8
20,16,moe,737,46,12842,5733,5733,3946,3062,1,100,0,1072,8,3,5,8
20,17,moe,805,40,3117,1168,1168,1417,505,1,26,0,609,8,7,1,8
20,18,moe,727,50,10990,3674,3674,3166,4074,0,76,0,885,8,5,3,8
20,19,moe,689,43,5048,2275,2275,1621,1078,0,74,0,1578,8,6,2,8
20,20,moe,740,41,11533,4934,4935,3118,3426,0,54,0,1244,8,4,4,8
20,21,moe,806,46,17825,6763,6764,7818,3127,0,116,0,825,8,3,5,8
20,22,moe,805,42,9626,3566,3566,2408,3564,0,88,0,746,8,5,3,8
20,23,moe,696,45,5912,2472,2472,1916,1452,0,72,0,1095,8,6,2,8
20,24,moe,1522,47,6890,2433,2434,3281,1134,0,41,0,2446,8,6,2,8
20,25,moe,778,42,8402,3544,3544,2763,2051,0,44,0,767,8,5,3,8
20,26,moe,665,36,6911,2473,2474,2062,2334,0,41,0,830,8,6,2,8
20,-1,epi,0,0,0,0,0,0,0,0,5534,0,0,0,0,0,0
21,-2,pre,213,0,0,0,0,0,0,0,0,0,0,0,0,0,0
21,0,dense,1392,38,0,0,0,0,0,0,0,0,0,0,0,0,0
21,1,moe,793,40,14595,6797,6797,4588,3149,0,61,0,732,8,3,5,8
21,2,moe,716,43,11514,4868,4869,3688,2905,0,52,0,1354,8,4,4,8
21,3,moe,630,42,9166,2519,2519,3338,3272,0,37,0,1474,8,6,2,8
21,4,moe,721,45,12910,5413,5413,4056,3319,0,122,0,606,8,3,5,8
21,5,moe,798,43,12129,4384,4384,4268,3425,0,52,0,692,8,5,3,8
21,6,moe,698,40,12,0,1,0,0,0,11,0,702,8,8,0,8
21,7,moe,613,41,7442,3430,3430,2464,1503,0,45,0,627,8,5,3,8
21,8,moe,674,38,7513,3399,3399,2462,1597,0,55,0,576,8,5,3,8
21,9,moe,738,37,10941,3690,3691,5303,1868,0,79,0,663,8,5,3,8
21,10,moe,688,41,3468,1230,1230,1555,623,0,60,0,1995,8,7,1,8
21,11,moe,610,40,4890,2182,2182,1636,1038,0,34,0,1143,8,6,2,8
21,12,moe,684,37,15360,6961,6962,4841,3464,0,93,0,712,8,3,5,8
21,13,moe,775,41,6567,2402,2402,2975,1114,0,76,0,1075,8,6,2,8
21,14,moe,711,37,6506,2217,2217,2647,1609,0,33,0,1128,8,6,2,8
21,15,moe,619,38,7669,2806,2806,3516,1274,0,73,0,1310,8,6,2,8
21,16,moe,714,40,10,0,0,0,0,0,10,0,1127,8,8,0,8
21,17,moe,775,35,6245,2219,2219,2956,999,0,71,0,639,8,6,2,8
21,18,moe,723,39,3716,1297,1297,1786,588,0,45,0,2268,8,7,1,8
21,19,moe,639,33,5082,2313,2313,1667,1036,0,66,0,1190,8,6,2,8
21,20,moe,711,35,8153,3323,3323,2391,2400,0,39,0,1169,8,5,3,8
21,21,moe,772,37,11843,5458,5459,3807,2491,0,86,0,711,8,4,4,8
21,22,moe,777,37,5471,2286,2286,1699,1409,0,77,0,1564,8,6,2,8
21,23,moe,626,33,3724,1227,1227,1849,602,0,46,0,773,8,7,1,8
21,24,moe,771,39,3570,1251,1251,1670,626,0,23,0,1334,8,7,1,8
21,25,moe,1310,38,3621,1269,1269,1668,662,0,22,0,1925,8,7,1,8
21,26,moe,843,35,8379,3625,3625,2765,1951,0,38,0,735,8,5,3,8
21,-1,epi,0,0,0,0,0,0,0,0,5394,0,0,0,0,0,0
22,-2,pre,45,0,0,0,0,0,0,0,0,0,0,0,0,0,0
22,0,dense,2573,104,0,0,0,0,0,0,0,0,0,0,0,0,0
22,1,moe,998,56,8284,2357,2358,3469,2417,1,39,0,678,8,6,2,8
22,2,moe,813,39,2830,1228,1228,956,621,0,25,0,1854,8,7,1,8
22,3,moe,610,38,15610,5451,5451,6269,3836,0,54,0,727,8,4,4,8
22,4,moe,809,41,10773,6579,6579,3028,1086,0,80,0,611,8,6,2,8
22,5,moe,940,44,6189,2244,2244,2906,993,0,46,0,580,8,6,2,8
22,6,moe,849,35,11,0,0,0,0,0,11,0,720,8,8,0,8
22,7,moe,667,78,12,0,1,0,0,0,11,0,600,8,8,0,8
22,8,moe,746,35,5889,3110,3110,1631,1116,0,32,0,585,8,6,2,8
22,9,moe,741,38,11086,3819,3819,5160,2029,0,78,0,654,8,5,3,8
22,10,moe,823,39,11,0,0,0,0,0,11,0,587,8,8,0,8
22,11,moe,635,32,2637,1202,1202,857,528,0,50,0,582,8,7,1,8
22,12,moe,858,34,10,0,0,0,0,0,10,0,1252,8,8,0,8
22,13,moe,911,36,3169,1215,1217,1427,505,0,20,0,581,8,7,1,8
22,14,moe,851,35,3120,1203,1203,825,1072,0,20,0,1476,8,7,1,8
22,15,moe,598,30,3014,1297,1297,1056,616,0,45,0,1276,8,7,1,8
22,16,moe,674,33,3791,1201,1201,902,1602,1,85,0,616,8,7,1,8
22,17,moe,713,34,11,0,1,0,0,0,10,0,560,8,8,0,8
22,18,moe,667,32,3785,1263,1263,1859,611,0,52,0,647,8,7,1,8
22,19,moe,586,32,9,0,0,0,0,0,9,0,614,8,8,0,8
22,20,moe,679,35,8037,2958,2958,3091,1920,0,68,0,575,8,6,2,8
22,21,moe,726,37,3010,1272,1272,1071,619,0,48,0,780,8,7,1,8
22,22,moe,724,37,3316,1198,1198,1548,521,0,49,0,637,8,7,1,8
22,23,moe,623,31,9885,4523,4523,3503,1791,0,68,0,1276,8,6,2,8
22,24,moe,777,38,2917,1302,1302,927,663,0,25,0,696,8,7,1,8
22,25,moe,781,37,9,0,0,0,0,0,9,0,763,8,8,0,8
22,26,moe,632,31,10,0,0,0,0,0,10,0,696,8,8,0,8
22,-1,epi,0,0,0,0,0,0,0,0,5478,0,0,0,0,0,0
23,-2,pre,218,0,0,0,0,0,0,0,0,0,0,0,0,0,0
23,0,dense,1282,33,0,0,0,0,0,0,0,0,0,0,0,0,0
23,1,moe,1145,36,8402,2432,2432,1917,4022,0,31,0,658,8,6,2,8
23,2,moe,675,35,17419,7782,7782,4794,4788,0,55,0,663,8,3,5,8
23,3,moe,608,37,11556,4261,4261,5199,2049,0,47,0,658,8,5,3,8
23,4,moe,674,44,12,0,0,0,0,0,12,0,2175,8,8,0,8
23,5,moe,726,43,2647,1189,1189,888,508,0,62,0,564,8,7,1,8
23,6,moe,688,38,3091,1298,1298,1083,666,0,44,0,787,8,7,1,8
23,7,moe,602,36,5531,2501,2501,1744,1219,0,67,0,563,8,6,2,8
23,8,moe,821,34,2523,1137,1138,820,545,0,20,0,676,8,7,1,8
23,9,moe,900,42,11790,6978,6978,2973,1769,1,69,0,1362,8,5,3,8
23,10,moe,707,37,5158,1222,1222,1510,2342,0,84,0,650,8,7,1,8
23,11,moe,631,35,3229,1201,1201,1432,575,0,21,0,1197,8,7,1,8
23,12,moe,715,44,3746,1271,1271,1792,634,0,49,0,748,8,7,1,8
23,13,moe,779,41,10253,5285,5286,2981,1915,0,71,0,583,8,6,2,8
23,14,moe,705,39,9885,2198,2198,2855,4796,0,36,0,653,8,6,2,8
23,15,moe,663,79,5935,2769,2770,1933,1165,0,67,0,722,8,6,2,8
23,16,moe,709,42,12047,5707,5707,4357,1902,0,81,0,1243,8,5,3,8
23,17,moe,767,40,10,0,0,0,0,1,9,0,626,8,8,0,8
23,18,moe,701,35,9803,4838,4838,2877,2017,0,71,0,1278,8,5,3,8
23,19,moe,626,35,11,0,0,0,0,0,11,0,575,8,8,0,8
23,20,moe,709,52,3281,1139,1139,1512,573,0,57,0,1150,8,7,1,8
23,21,moe,774,38,15227,5532,5532,6774,2842,0,79,0,831,8,4,4,8
23,22,moe,781,38,2632,1146,1146,856,561,0,69,0,754,8,7,1,8
23,23,moe,657,38,6281,2816,2816,1934,1423,0,108,0,795,8,6,2,8
23,24,moe,778,37,11141,3609,3609,2771,4714,0,47,0,698,8,5,3,8
23,25,moe,782,38,5641,2483,2483,1840,1284,0,34,0,1266,8,6,2,8
23,26,moe,627,34,13622,3098,3098,1863,8626,0,35,0,1307,8,6,2,8
23,-1,epi,0,0,0,0,0,0,0,0,5371,0,0,0,0,0,0
24,-2,pre,219,0,0,0,0,0,0,0,0,0,0,0,0,0,0
24,0,dense,1370,35,0,0,0,0,0,0,0,0,0,0,0,0,0
24,1,moe,781,34,9734,4264,4264,2766,2662,0,42,0,1424,8,5,3,8
24,2,moe,1094,47,15040,3957,3957,2777,8261,0,45,0,837,8,5,3,8
24,3,moe,998,62,3256,1666,1666,923,614,0,53,0,804,8,7,1,8
24,4,moe,1095,41,8708,3786,3786,2487,2350,0,85,0,663,8,5,3,8
24,5,moe,770,34,3071,1114,1114,1432,499,0,26,0,1086,8,7,1,8
24,6,moe,709,33,4144,1236,1236,1346,1487,0,75,0,773,8,7,1,8
24,7,moe,659,43,10,0,0,0,0,0,10,0,575,8,8,0,8
24,8,moe,704,33,10,0,0,0,0,1,9,0,578,8,8,0,8
24,9,moe,773,32,8266,2473,2473,3332,2429,0,32,0,700,8,6,2,8
24,10,moe,709,35,10,0,0,0,0,0,10,0,1078,8,8,0,8
24,11,moe,615,28,3231,1172,1172,1506,495,0,58,0,591,8,7,1,8
24,12,moe,710,35,12843,6137,6137,2871,3764,0,71,0,769,8,5,3,8
24,13,moe,772,35,8735,2525,2526,1667,4430,0,112,0,724,8,6,2,8
24,14,moe,706,35,11,0,0,0,0,0,11,0,573,8,8,0,8
24,15,moe,613,30,5560,2429,2429,1933,1134,0,64,0,2258,8,6,2,8
24,16,moe,727,72,7924,2616,2616,1652,3557,0,99,0,587,8,6,2,8
24,17,moe,769,35,2518,1185,1185,785,525,0,23,0,1066,8,7,1,8
24,18,moe,709,33,5076,1304,1304,1048,2662,0,62,0,854,8,7,1,8
24,19,moe,664,55,7216,2827,2827,1667,2629,0,93,0,1090,8,6,2,8
24,20,moe,705,34,7028,2348,2348,2861,1786,0,33,0,640,8,6,2,8
24,21,moe,776,39,10,0,0,0,0,0,10,0,1349,8,8,0,8
24,22,moe,778,39,7300,3090,3090,1585,2592,0,33,0,582,8,6,2,8
24,23,moe,622,30,5780,2567,2567,1940,1210,0,63,0,2330,8,6,2,8
24,24,moe,813,53,6301,3187,3187,1838,1245,0,31,0,695,8,6,2,8
24,25,moe,840,35,10,0,0,0,0,0,10,0,2335,8,8,0,8
24,26,moe,637,41,15506,5490,5490,6683,3284,0,49,0,1045,8,4,4,8
24,-1,epi,0,0,0,0,0,0,0,0,5380,0,0,0,0,0,0
25,-2,pre,42,0,0,0,0,0,0,0,0,0,0,0,0,0,0
25,0,dense,1399,39,0,0,0,0,0,0,0,0,0,0,0,0,0
25,1,moe,783,35,10491,3821,3821,2775,3853,1,41,0,761,8,5,3,8
25,2,moe,707,35,10020,3594,3594,2760,3621,0,45,0,710,8,5,3,8
25,3,moe,633,37,17366,6267,6268,4602,6405,0,91,0,766,8,3,5,8
25,4,moe,705,39,8702,4132,4132,2445,2039,0,86,0,620,8,5,3,8
25,5,moe,1109,41,7343,3361,3361,2379,1562,0,41,0,797,8,5,3,8
25,6,moe,1027,39,3415,1296,1296,1235,816,0,68,0,1422,8,7,1,8
25,7,moe,856,36,3198,1156,1156,1492,502,0,48,0,578,8,7,1,8
25,8,moe,708,33,7199,2255,2255,2871,2044,0,29,0,584,8,6,2,8
25,9,moe,771,34,12,0,0,0,0,0,12,0,752,8,8,0,8
25,10,moe,706,32,3184,1219,1219,1428,516,0,21,0,572,8,7,1,8
25,11,moe,621,30,3875,1368,1368,789,1698,0,20,0,628,8,7,1,8
25,12,moe,749,57,13177,4033,4033,2891,6143,0,110,0,706,8,5,3,8
25,13,moe,770,41,7989,2360,2360,2293,3263,0,73,0,650,8,6,2,8
25,14,moe,753,34,8446,3381,3381,2367,2659,0,39,0,583,8,5,3,8
25,15,moe,631,39,9013,2760,2760,1975,4215,1,62,0,1300,8,6,2,8
25,16,moe,707,35,10174,4035,4035,4319,1731,0,89,0,602,8,5,3,8
25,17,moe,794,35,5040,2424,2425,1555,1027,0,33,0,1576,8,6,2,8
25,18,moe,717,42,14307,4104,4104,2840,7281,0,82,0,3095,8,5,3,8
25,19,moe,675,99,15063,8387,8388,3961,2614,0,100,0,631,8,3,5,8
25,20,moe,721,39,11383,3510,3510,4218,3604,0,51,0,658,8,5,3,8
25,21,moe,781,36,11525,4075,4075,2834,4533,1,82,0,722,8,5,3,8
25,22,moe,786,43,13368,3705,3705,3183,6372,0,108,0,596,8,4,4,8
25,23,moe,636,33,10942,3933,3933,5060,1874,0,75,0,731,8,5,3,8
25,24,moe,783,36,5544,2503,2503,1813,1196,0,32,0,911,8,6,2,8
25,25,moe,764,35,11888,5574,5574,3635,2630,0,49,0,1387,8,4,4,8
25,26,moe,660,39,16933,6994,6994,6572,3311,0,56,0,1746,8,4,4,8
25,-1,epi,0,0,0,0,0,0,0,0,5702,0,0,0,0,0,0
26,-2,pre,216,0,0,0,0,0,0,0,0,0,0,0,0,0,0
26,0,dense,1440,37,0,0,0,0,0,0,0,0,0,0,0,0,0
26,1,moe,821,41,3578,1335,1335,1640,575,0,28,0,776,8,7,1,8
26,2,moe,741,36,16294,6344,6344,6566,3339,0,45,0,734,8,4,4,8
26,3,moe,648,40,11942,4424,4424,4931,2539,1,47,0,849,8,5,3,8
26,4,moe,723,36,6269,2309,2309,2868,1027,0,65,0,662,8,6,2,8
26,5,moe,800,35,3480,1215,1215,784,1458,0,23,0,710,8,7,1,8
26,6,moe,751,36,5899,4204,4204,1026,613,0,56,0,1930,8,7,1,8
26,7,moe,635,36,10,0,0,0,0,0,10,0,1253,8,8,0,8
26,8,moe,1070,39,9234,3474,3474,2409,3267,0,84,0,727,8,5,3,8
26,9,moe,1132,40,11373,4078,4078,5038,2157,0,100,0,877,8,5,3,8
26,10,moe,1063,46,3315,1181,1181,1548,529,1,56,0,786,8,7,1,8
26,11,moe,824,55,3873,1290,1290,985,1577,0,21,0,668,8,7,1,8
26,12,moe,722,36,3792,1352,1352,1776,613,0,51,0,727,8,7,1,8
26,13,moe,800,37,2625,1168,1168,877,527,0,53,0,607,8,7,1,8
26,14,moe,734,40,10,0,0,0,0,0,10,0,614,8,8,0,8
26,15,moe,634,34,5345,1625,1625,1015,2654,1,50,0,736,8,7,1,8
26,16,moe,727,60,2724,1206,1206,861,599,1,57,0,838,8,7,1,8
26,17,moe,911,46,8816,3628,3628,2342,2806,0,40,0,646,8,5,3,8
26,18,moe,726,38,6470,2401,2401,1917,2073,0,79,0,2132,8,6,2,8
26,19,moe,659,39,8305,4194,4194,2386,1640,0,85,0,667,8,5,3,8
26,20,moe,721,44,15783,9331,9331,3181,3213,0,58,0,644,8,4,4,8
26,21,moe,801,48,8459,3740,3740,2797,1847,0,75,0,771,8,5,3,8
26,22,moe,813,41,7917,3408,3408,2435,1983,1,90,0,598,8,5,3,8
26,23,moe,626,40,2959,1225,1225,1054,634,0,46,0,1782,8,7,1,8
26,24,moe,804,79,5621,2508,2509,1844,1229,0,39,0,711,8,6,2,8
26,25,moe,776,40,2831,1277,1277,918,610,0,26,0,708,8,7,1,8
26,26,moe,631,36,3459,1428,1428,918,1082,0,31,0,1768,8,7,1,8
26,-1,epi,0,0,0,0,0,0,0,0,5471,0,0,0,0,0,0
27,-2,pre,221,0,0,0,0,0,0,0,0,0,0,0,0,0,0
27,0,dense,1403,40,0,0,0,0,0,0,0,0,0,0,0,0,0
27,1,moe,801,39,6085,2435,2435,1838,1779,0,33,0,709,8,6,2,8
27,2,moe,705,39,6693,2416,2417,1840,2403,0,33,0,709,8,6,2,8
27,3,moe,638,34,12964,4810,4810,3686,4416,0,52,0,2337,8,4,4,8
27,4,moe,714,42,19829,7097,7097,4039,8555,0,138,0,1089,8,3,5,8
27,5,moe,777,41,8310,3371,3371,2381,2513,0,45,0,1121,8,5,3,8
27,6,moe,715,39,6944,2786,2786,1986,2102,0,70,0,698,8,6,2,8
27,7,moe,620,37,2609,1143,1143,873,543,0,50,0,642,8,7,1,8
27,8,moe,702,37,14394,6967,6967,3982,3391,1,53,0,633,8,3,5,8
27,9,moe,782,41,8651,3732,3732,2865,1980,0,74,0,1363,8,5,3,8
27,10,moe,715,41,5347,2503,2503,1651,1110,0,83,0,704,8,6,2,8
27,11,moe,671,36,4929,2196,2196,1583,1116,0,34,0,727,8,6,2,8
27,12,moe,1109,62,5567,2400,2400,1925,1172,1,69,0,1327,8,6,2,8
27,13,moe,1089,44,12,0,0,0,0,0,12,0,644,8,8,0,8
27,14,moe,1043,41,13143,6270,6270,4025,2749,0,99,0,598,8,3,5,8
27,15,moe,627,37,14625,4898,4898,3794,5840,1,92,0,732,8,4,4,8
27,16,moe,851,43,11180,5737,5737,3231,2123,0,89,0,590,8,4,4,8
27,17,moe,767,42,10639,6429,6429,2373,1791,0,46,0,1574,8,5,3,8
27,18,moe,699,43,14523,6650,6651,4639,3139,1,93,0,1251,8,3,5,8
27,19,moe,639,43,16331,8278,8278,4719,3227,0,107,0,604,8,2,6,8
27,20,moe,711,41,9875,4606,4606,3095,2120,0,54,0,1096,8,4,4,8
27,21,moe,788,39,16476,8533,8534,3738,4112,0,92,0,723,8,4,4,8
27,22,moe,794,41,12952,6150,6151,3951,2753,0,97,0,602,8,3,5,8
27,23,moe,635,37,6116,2565,2565,1914,1572,0,65,0,740,8,6,2,8
27,24,moe,4133,49,8412,3522,3522,2726,2112,0,52,0,745,8,5,3,8
27,25,moe,819,40,5401,2422,2422,1806,1136,0,37,0,792,8,6,2,8
27,26,moe,774,36,4451,1541,1541,907,1978,0,25,0,2109,8,7,1,8
27,-1,epi,0,0,0,0,0,0,0,0,5774,0,0,0,0,0,0
28,-2,pre,251,0,0,0,0,0,0,0,0,0,0,0,0,0,0
28,0,dense,1500,47,0,0,0,0,0,0,0,0,0,0,0,0,0
28,1,moe,878,36,12471,5377,5377,3697,3342,0,55,0,1334,8,4,4,8
28,2,moe,774,41,11033,4921,4921,3678,2383,0,51,0,1440,8,4,4,8
28,3,moe,882,71,11328,5169,5169,3629,2477,0,53,0,789,8,4,4,8
28,4,moe,810,43,14040,9806,9807,1636,2521,0,76,0,677,8,6,2,8
28,5,moe,813,41,2461,1124,1124,779,529,0,29,0,651,8,7,1,8
28,6,moe,742,45,8704,3824,3824,2845,1953,0,82,0,739,8,5,3,8
28,7,moe,645,36,4939,2204,2204,1612,1060,1,62,0,709,8,6,2,8
28,8,moe,719,44,7898,3432,3432,2332,2094,0,40,0,657,8,5,3,8
28,9,moe,792,37,6407,2527,2527,1916,1895,0,69,0,1385,8,6,2,8
28,10,moe,723,42,9626,3450,3450,2425,3662,1,88,0,716,8,5,3,8
28,11,moe,653,41,4978,2363,2363,1554,1030,0,31,0,606,8,6,2,8
28,12,moe,720,36,15984,8291,8291,3739,3869,0,85,0,728,8,4,4,8
28,13,moe,787,44,4999,2239,2239,1631,1060,1,68,0,604,8,6,2,8
28,14,moe,719,39,13852,8547,8548,3099,2153,0,52,0,672,8,4,4,8
28,15,moe,834,38,24546,13142,13142,6419,4850,0,135,0,835,8,1,7,8
28,16,moe,1048,45,15397,7488,7490,4692,3103,0,112,0,1194,8,2,6,8
28,17,moe,1008,46,18590,9896,9897,3869,4766,0,58,0,653,8,3,5,8
28,18,moe,723,39,8988,4183,4183,2825,1888,0,92,0,725,8,5,3,8
28,19,moe,639,39,15066,6700,6700,3927,4299,0,140,0,606,8,3,5,8
28,20,moe,726,42,13724,7548,7548,3054,3075,0,47,0,657,8,4,4,8
28,21,moe,780,39,24723,13870,13870,6333,4394,0,126,0,1355,8,1,7,8
28,22,moe,790,50,15548,8853,8853,3899,2693,0,103,0,606,8,3,5,8
28,23,moe,639,38,24679,13197,13198,6352,5011,0,118,0,835,8,1,7,8
28,24,moe,853,98,22791,10713,10714,7091,4903,0,83,0,734,8,0,8,8
28,25,moe,802,41,22896,12237,12238,6237,4340,0,81,0,1268,8,1,7,8
28,26,moe,644,38,25881,15147,15147,6237,4425,0,72,0,722,8,1,7,8
28,-1,epi,0,0,0,0,0,0,0,0,5636,0,0,0,0,0,0
29,-2,pre,225,0,0,0,0,0,0,0,0,0,0,0,0,0,0
29,0,dense,1430,41,0,0,0,0,0,0,0,0,0,0,0,0,0
29,1,moe,805,38,8915,4363,4364,2665,1801,0,85,0,1695,8,5,3,8
29,2,moe,753,56,5689,2661,2661,1776,1217,0,35,0,1358,8,6,2,8
29,3,moe,711,34,21102,15125,15125,3558,2367,0,52,0,1349,8,4,4,8
29,4,moe,711,40,4945,2282,2282,1592,991,0,80,0,2058,8,6,2,8
29,5,moe,897,41,8198,3502,3503,2302,2341,0,52,0,1154,8,5,3,8
29,6,moe,774,38,12178,4998,4998,3716,3380,0,84,0,1549,8,4,4,8
29,7,moe,826,41,10345,4400,4400,3153,2672,1,119,0,618,8,4,4,8
29,8,moe,822,40,8163,3476,3476,2321,2318,0,48,0,660,8,5,3,8
29,9,moe,815,40,5524,2387,2387,1890,1176,0,71,0,1275,8,6,2,8
29,10,moe,720,43,6869,3497,3497,1603,1684,1,84,0,666,8,6,2,8
29,11,moe,645,41,8491,3337,3337,2295,2816,0,43,0,1121,8,5,3,8
29,12,moe,717,38,8436,3728,3728,2782,1843,0,83,0,800,8,5,3,8
29,13,moe,787,41,7887,3334,3334,2350,2117,0,86,0,1583,8,5,3,8
29,14,moe,725,38,6363,2208,2208,1533,2587,0,35,0,1147,8,6,2,8
29,15,moe,636,35,5606,2428,2428,1891,1217,0,70,0,2896,8,6,2,8
29,16,moe,744,44,10103,4620,4620,3104,2279,0,100,0,606,8,4,4,8
29,17,moe,1075,40,4825,2242,2242,1534,1013,0,36,0,674,8,6,2,8
29,18,moe,1084,44,10396,7069,7071,1863,1386,0,76,0,1311,8,6,2,8
29,19,moe,640,35,11630,4432,4432,3151,3951,0,96,0,1088,8,4,4,8
29,20,moe,727,39,9758,4552,4552,3045,2106,0,55,0,1188,8,4,4,8
29,21,moe,789,43,15145,9263,9263,3663,2126,0,93,0,777,8,4,4,8
29,22,moe,787,41,5069,2389,2389,1596,1014,1,69,0,2343,8,6,2,8
29,23,moe,679,80,27256,13142,13142,5482,8500,0,132,0,725,8,2,6,8
29,24,moe,789,41,15216,7390,7391,3568,4185,1,71,0,1347,8,4,4,8
29,25,moe,4705,43,11259,6699,6699,2675,1836,0,49,0,1841,8,5,3,8
29,26,moe,662,38,18279,8425,8425,3561,6219,0,74,0,1173,8,4,4,8
29,-1,epi,0,0,0,0,0,0,0,0,5663,0,0,0,0,0,0
30,-2,pre,198,0,0,0,0,0,0,0,0,0,0,0,0,0,0
30,0,dense,1426,38,0,0,0,0,0,0,0,0,0,0,0,0,0
30,1,moe,804,35,10156,3821,3821,2680,3611,1,43,0,729,8,5,3,8
30,2,moe,722,38,6989,3144,3144,1793,2010,0,42,0,1366,8,6,2,8
30,3,moe,653,42,12452,7882,7882,2679,1839,0,52,0,720,8,5,3,8
30,4,moe,719,34,4956,2254,2255,1587,1039,0,75,0,651,8,6,2,8
30,5,moe,808,33,8154,6781,6781,778,563,0,32,0,1211,8,7,1,8
30,6,moe,727,36,9211,2868,2868,1916,4344,0,83,0,740,8,6,2,8
30,7,moe,658,48,8910,3822,3822,1617,3372,0,99,0,614,8,6,2,8
30,8,moe,746,38,6843,2408,2408,1544,2850,0,41,0,606,8,6,2,8
30,9,moe,818,48,13132,3983,3983,2830,6201,1,117,0,819,8,5,3,8
30,10,moe,812,45,6374,3476,3476,1610,1186,0,102,0,2050,8,6,2,8
30,11,moe,861,34,7820,3372,3372,1547,2862,0,39,0,604,8,6,2,8
30,12,moe,805,39,9398,4302,4302,2791,2203,0,102,0,781,8,5,3,8
30,13,moe,855,40,5978,2198,2198,1622,2049,0,109,0,608,8,6,2,8
30,14,moe,733,33,2796,1175,1175,765,830,0,26,0,665,8,7,1,8
30,15,moe,662,51,11094,5081,5081,3707,2204,0,102,0,963,8,4,4,8
30,16,moe,766,36,5521,2147,2148,1598,1693,0,82,0,607,8,6,2,8
30,17,moe,788,36,2488,1150,1150,769,545,0,24,0,649,8,7,1,8
30,18,moe,820,33,11,0,0,0,0,0,11,0,716,8,8,0,8
30,19,moe,643,29,13423,6703,6703,3964,2702,1,53,0,647,8,3,5,8
30,20,moe,719,72,12600,4727,4727,3104,4713,0,56,0,725,8,4,4,8
30,21,moe,808,39,2783,1162,1162,992,575,0,54,0,895,8,7,1,8
30,22,moe,875,34,15093,4600,4602,3206,7183,0,102,0,632,8,4,4,8
30,23,moe,667,60,12533,5317,5317,3753,3339,0,124,0,732,8,4,4,8
30,24,moe,792,49,11859,5230,5230,3565,3006,0,58,0,730,8,4,4,8
30,25,moe,790,40,10201,3734,3734,2671,3745,0,51,0,779,8,5,3,8
30,26,moe,647,34,7789,2395,2395,1964,3394,0,36,0,926,8,6,2,8
30,-1,epi,0,0,0,0,0,0,0,0,7054,0,0,0,0,0,0
31,-2,pre,262,0,0,0,0,0,0,0,0,0,0,0,0,0,0
31,0,dense,1442,42,0,0,0,0,0,0,0,0,0,0,0,0,0
31,1,moe,806,36,8639,2607,2607,1793,4198,0,41,0,857,8,6,2,8
31,2,moe,740,41,2799,1305,1306,890,574,0,29,0,741,8,7,1,8
31,3,moe,658,37,7038,3977,3977,1783,1247,0,31,0,730,8,6,2,8
31,4,moe,726,36,2588,1134,1134,841,552,0,61,0,611,8,7,1,8
31,5,moe,791,35,9147,6495,6495,1535,1083,0,34,0,666,8,6,2,8
31,6,moe,723,35,10,0,0,0,0,0,10,0,782,8,8,0,8
31,7,moe,647,31,9,0,0,0,0,0,9,0,675,8,8,0,8
31,8,moe,735,35,2530,1231,1231,760,516,0,23,0,1098,8,7,1,8
31,9,moe,801,37,10,0,0,0,0,0,10,0,745,8,8,0,8
31,10,moe,737,34,6559,2318,2318,1529,2682,0,30,0,611,8,6,2,8
31,11,moe,648,30,10,0,0,0,0,0,10,0,607,8,8,0,8
31,12,moe,725,34,10,0,0,0,0,0,10,0,746,8,8,0,8
31,13,moe,808,31,5493,2425,2425,1524,1515,0,29,0,621,8,6,2,8
31,14,moe,764,35,2488,1188,1188,759,519,0,22,0,683,8,7,1,8
31,15,moe,643,34,6251,2528,2528,1915,1753,0,55,0,1400,8,6,2,8
31,16,moe,721,37,10,0,0,0,0,0,10,0,1109,8,8,0,8
31,17,moe,802,34,2580,1175,1175,822,527,0,56,0,1128,8,7,1,8
31,18,moe,721,34,2828,1246,1246,974,556,0,52,0,732,8,7,1,8
31,19,moe,644,32,2284,1157,1157,830,247,0,50,0,648,8,7,1,8
31,20,moe,753,85,14306,9324,9324,3054,1861,0,67,0,685,8,4,4,8
31,21,moe,791,39,3946,1349,1350,1001,1523,0,72,0,997,8,7,1,8
31,22,moe,848,82,3157,1757,1757,810,523,0,67,0,615,8,7,1,8
31,23,moe,642,35,5533,2442,2442,1858,1177,0,56,0,792,8,6,2,8
31,24,moe,791,39,6909,3265,3265,1793,1821,0,30,0,736,8,6,2,8
31,25,moe,790,36,11,0,1,0,0,0,10,0,724,8,8,0,8
31,26,moe,7330,32,5016,1190,1190,893,2911,0,22,0,1084,8,7,1,8
31,-1,epi,0,0,0,0,0,0,0,0,6392,0,0,0,0,0,0
32,-2,pre,1230,0,0,0,0,0,0,0,0,0,0,0,0,0,0
32,0,dense,9473,42,0,0,0,0,0,0,0,0,0,0,0,0,0
32,1,moe,6729,43,20008,13791,13791,3566,2601,1,49,0,798,8,4,4,8
32,2,moe,7523,41,9642,6587,6587,1788,1232,1,34,0,718,8,6,2,8
32,3,moe,11529,37,8222,4213,4213,2684,1285,0,40,0,1300,8,5,3,8
32,4,moe,7648,40,9794,3437,3438,2369,3878,0,109,0,607,8,5,3,8
32,5,moe,791,41,2564,1227,1227,765,535,0,37,0,605,8,7,1,8
32,6,moe,726,37,11,0,0,0,0,0,11,0,792,8,8,0,8
32,7,moe,647,36,10,0,0,0,0,0,10,0,1111,8,8,0,8
32,8,moe,717,39,9,0,0,0,0,0,9,0,623,8,8,0,8
32,9,moe,799,38,10,0,0,0,0,0,10,0,1311,8,8,0,8
32,10,moe,735,38,2480,1172,1172,762,527,0,19,0,622,8,7,1,8
32,11,moe,647,34,9,0,0,0,0,0,9,0,624,8,8,0,8
32,12,moe,750,35,3098,1316,1316,985,744,0,53,0,1349,8,7,1,8
32,13,moe,806,37,2648,1209,1209,850,537,0,52,0,1539,8,7,1,8
32,14,moe,786,37,10159,3433,3433,2298,4381,0,47,0,640,8,5,3,8
32,15,moe,648,35,9767,5743,5745,2765,1184,0,73,0,728,8,5,3,8
32,16,moe,797,36,5149,2240,2240,1587,1253,0,69,0,1233,8,6,2,8
32,17,moe,793,38,2523,1219,1219,761,521,0,22,0,658,8,7,1,8
32,18,moe,750,40,2959,1321,1321,1001,580,0,57,0,829,8,7,1,8
32,19,moe,638,34,2146,1084,1084,816,196,0,50,0,1057,8,7,1,8
32,20,moe,724,35,9,0,0,0,0,0,9,0,1103,8,8,0,8
32,21,moe,798,35,2848,1244,1244,972,583,1,48,0,733,8,7,1,8
32,22,moe,792,35,2518,1138,1138,822,501,0,57,0,621,8,7,1,8
32,23,moe,644,31,7543,4346,4346,1867,1262,0,68,0,742,8,6,2,8
32,24,moe,793,38,10,0,0,0,0,0,10,0,782,8,8,0,8
32,25,moe,796,35,10,0,0,0,0,0,10,0,1310,8,8,0,8
32,26,moe,653,34,10,0,0,0,0,0,10,0,1371,8,8,0,8
32,-1,epi,0,0,0,0,0,0,0,0,6753,0,0,0,0,0,0
33,-2,pre,43,0,0,0,0,0,0,0,0,0,0,0,0,0,0
33,0,dense,1486,41,0,0,0,0,0,0,0,0,0,0,0,0,0
33,1,moe,816,37,12484,5954,5954,2681,3810,0,39,0,850,8,5,3,8
33,2,moe,738,41,11591,6983,6983,2676,1888,0,44,0,801,8,5,3,8
33,3,moe,653,38,15454,8521,8521,4436,2443,0,54,0,746,8,3,5,8
33,4,moe,728,42,10405,4447,4447,3148,2707,1,102,0,669,8,4,4,8
33,5,moe,788,41,2449,1152,1152,764,510,0,23,0,1398,8,7,1,8
33,6,moe,723,38,5516,2393,2393,1864,1184,0,75,0,799,8,6,2,8
33,7,moe,646,35,10,0,0,0,0,0,10,0,707,8,8,0,8
33,8,moe,732,38,3244,1214,1215,830,1137,0,62,0,667,8,7,1,8
33,9,moe,804,43,6911,2611,2611,1905,2327,0,68,0,763,8,6,2,8
33,10,moe,723,45,13948,9719,9719,2361,1788,0,80,0,604,8,5,3,8
33,11,moe,642,39,2481,1180,1180,762,518,0,21,0,1137,8,7,1,8
33,12,moe,731,38,13371,6778,6778,3675,2828,0,90,0,741,8,4,4,8
33,13,moe,796,41,10602,3388,3388,2355,4740,0,119,0,2152,8,5,3,8
33,14,moe,722,40,13220,7985,7985,3061,2123,0,51,0,1094,8,4,4,8
33,15,moe,797,37,2707,1270,1270,1009,363,0,65,0,890,8,7,1,8
33,16,moe,832,37,15994,11037,11038,3180,1671,0,105,0,758,8,4,4,8
33,17,moe,904,45,8687,3561,3561,2300,2786,0,40,0,683,8,5,3,8
33,18,moe,805,48,16644,7339,7339,5478,3704,0,123,0,882,8,2,6,8
33,19,moe,640,41,9458,5159,5159,3113,1089,0,97,0,669,8,4,4,8
33,20,moe,723,35,13300,7692,7693,3806,1748,0,53,0,680,8,3,5,8
33,21,moe,786,40,12128,6532,6532,3674,1828,0,94,0,740,8,4,4,8
33,22,moe,789,38,11538,5931,5931,3893,1612,0,102,0,626,8,3,5,8
33,23,moe,645,37,11143,5292,5292,3712,2052,1,86,0,855,8,4,4,8
33,24,moe,800,40,21164,13315,13315,5309,2467,0,73,0,743,8,2,6,8
33,25,moe,787,40,11317,6816,6816,2664,1793,0,44,0,736,8,5,3,8
33,26,moe,639,37,17346,9149,9149,5350,2785,0,62,0,1842,8,2,6,8
33,-1,epi,0,0,0,0,0,0,0,0,5708,0,0,0,0,0,0
34,-2,pre,43,0,0,0,0,0,0,0,0,0,0,0,0,0,0
34,0,dense,1471,42,0,0,0,0,0,0,0,0,0,0,0,0,0
34,1,moe,822,46,18105,10401,10401,5314,2330,0,60,0,802,8,2,6,8
34,2,moe,722,45,22502,12275,12275,6257,3894,0,76,0,734,8,1,7,8
34,3,moe,648,39,12,0,0,0,0,0,12,0,788,8,8,0,8
34,4,moe,728,42,7047,2238,2238,1625,3086,0,98,0,628,8,6,2,8
34,5,moe,11786,40,2384,1069,1069,770,522,0,23,0,665,8,7,1,8
34,6,moe,7565,36,8411,3729,3729,2756,1844,0,82,0,1344,8,5,3,8
34,7,moe,14261,37,4851,2195,2195,1581,1004,0,71,0,649,8,6,2,8
34,8,moe,7852,40,2391,1082,1083,763,510,0,35,0,1129,8,7,1,8
34,9,moe,6490,46,3930,1215,1215,999,1658,0,58,0,2590,8,7,1,8
34,10,moe,4064,38,6003,2589,2589,1608,1726,0,80,0,1608,8,6,2,8
34,11,moe,10353,48,11,0,0,0,0,1,10,0,1079,8,8,0,8
34,12,moe,9002,40,8803,3589,3589,2743,2385,0,86,0,732,8,5,3,8
34,13,moe,6729,37,5945,2151,2151,1600,2124,0,70,0,2535,8,6,2,8
34,14,moe,729,38,11847,6608,6608,3063,2129,0,47,0,624,8,4,4,8
34,15,moe,639,37,9565,4884,4884,3655,933,0,93,0,795,8,4,4,8
34,16,moe,725,37,6572,3460,3461,2398,630,0,83,0,600,8,5,3,8
34,17,moe,786,40,14055,8672,8672,3065,2270,0,48,0,665,8,4,4,8
34,18,moe,713,41,10562,5901,5901,2753,1828,0,80,0,731,8,5,3,8
34,19,moe,979,39,10848,5719,5719,3847,1178,0,104,0,656,8,3,5,8
34,20,moe,766,38,13011,7688,7688,3054,2221,1,47,0,649,8,4,4,8
34,21,moe,848,55,12764,5457,5458,3645,3575,0,86,0,771,8,4,4,8
34,22,moe,782,44,6818,2245,2245,1598,2888,0,87,0,730,8,6,2,8
34,23,moe,641,36,14148,6923,6923,4573,2557,0,95,0,733,8,3,5,8
34,24,moe,788,41,5360,2912,2912,1776,636,0,36,0,839,8,6,2,8
34,25,moe,788,41,12,0,0,0,0,0,12,0,771,8,8,0,8
34,26,moe,645,36,4801,2459,2459,1783,529,0,30,0,1257,8,6,2,8
34,-1,epi,0,0,0,0,0,0,0,0,5740,0,0,0,0,0,0
35,-2,pre,2583,0,0,0,0,0,0,0,0,0,0,0,0,0,0
35,0,dense,1427,46,0,0,0,0,0,0,0,0,0,0,0,0,0
35,1,moe,805,42,16167,8902,8902,5422,1768,0,75,0,793,8,2,6,8
35,2,moe,762,53,11761,7024,7024,3559,1120,0,58,0,744,8,4,4,8
35,3,moe,655,48,11852,5590,5590,3556,2654,0,52,0,740,8,4,4,8
35,4,moe,727,40,24108,7981,7981,8343,7660,0,124,0,612,8,2,6,8
35,5,moe,804,45,12,0,0,0,0,0,12,0,3201,8,8,0,8
35,6,moe,745,39,12,0,0,0,0,0,12,0,2404,8,8,0,8
35,7,moe,650,38,2681,1268,1268,763,630,0,20,0,2471,8,7,1,8
35,8,moe,745,39,20,0,0,0,0,0,20,0,2118,8,8,0,8
35,9,moe,808,42,3960,1323,1323,1003,1574,1,59,0,2544,8,7,1,8
35,10,moe,735,39,2559,1168,1168,836,495,0,60,0,709,8,7,1,8
35,11,moe,646,36,8144,5134,5134,1530,1449,0,31,0,2781,8,6,2,8
35,12,moe,731,39,10720,4838,4838,3647,2144,0,91,0,1651,8,4,4,8
35,13,moe,802,42,15761,6660,6661,3906,5083,0,111,0,613,8,3,5,8
35,14,moe,6900,40,8636,3829,3829,2320,2445,0,42,0,671,8,5,3,8
35,15,moe,9894,37,11880,5398,5399,4950,1436,0,95,0,786,8,5,3,8
35,16,moe,9503,41,10593,5427,5428,3164,1901,0,100,0,613,8,4,4,8
35,17,moe,7638,84,4856,2258,2258,1530,1036,0,32,0,611,8,6,2,8
35,18,moe,7497,38,15244,4739,4739,6599,3813,0,93,0,1278,8,4,4,8
35,19,moe,636,36,9000,5278,5279,2368,1261,0,92,0,1080,8,5,3,8
35,20,moe,724,43,15759,10095,10095,3815,1794,1,54,0,616,8,3,5,8
35,21,moe,791,43,10289,5240,5240,3654,1297,0,98,0,736,8,4,4,8
35,22,moe,862,33,4319,2257,2257,1594,398,0,70,0,1126,8,6,2,8
35,23,moe,854,54,10290,4664,4665,3638,1897,0,90,0,737,8,4,4,8
35,24,moe,790,36,5814,3535,3535,1775,469,0,35,0,786,8,6,2,8
35,25,moe,787,35,6820,2406,2406,3227,1155,0,32,0,788,8,6,2,8
35,26,moe,694,33,6707,2403,2403,3228,1045,0,31,0,716,8,6,2,8
35,-1,epi,0,0,0,0,0,0,0,0,5706,0,0,0,0,0,0
36,-2,pre,220,0,0,0,0,0,0,0,0,0,0,0,0,0,0
36,0,dense,1426,33,0,0,0,0,0,0,0,0,0,0,0,0,0
36,1,moe,807,37,29524,22101,22101,5330,2021,0,72,0,738,8,2,6,8
36,2,moe,736,41,14069,7201,7202,5352,1445,0,70,0,792,8,2,6,8
36,3,moe,655,34,11547,5975,5975,4845,682,0,45,0,719,8,5,3,8
36,4,moe,722,38,12104,4525,4525,5607,1868,0,104,0,684,8,4,4,8
36,5,moe,845,61,16957,7454,7455,3832,5613,0,57,0,615,8,3,5,8
36,6,moe,723,36,12,0,0,0,0,0,12,0,2302,8,8,0,8
36,7,moe,646,38,2485,1214,1214,761,486,0,24,0,1461,8,7,1,8
36,8,moe,752,33,8092,3506,3506,2292,2257,0,37,0,664,8,5,3,8
36,9,moe,797,40,9393,3732,3732,2757,2826,0,78,0,1782,8,5,3,8
36,10,moe,721,36,6953,2769,2769,1618,2481,0,85,0,660,8,6,2,8
36,11,moe,641,36,10,0,0,0,0,0,10,0,3058,8,8,0,8
36,12,moe,733,32,11413,6666,6666,2827,1847,0,73,0,723,8,5,3,8
36,13,moe,787,37,10736,4907,4907,3127,2602,0,100,0,607,8,4,4,8
36,14,moe,721,37,16526,6254,6254,6896,3309,0,67,0,610,8,3,5,8
36,15,moe,643,34,11183,5201,5201,3666,2204,0,112,0,782,8,4,4,8
36,16,moe,723,34,8757,4474,4475,3146,1047,0,89,0,2802,8,4,4,8
36,17,moe,788,37,17090,6181,6181,3885,6962,1,61,0,907,8,3,5,8
36,18,moe,750,88,18421,5738,5738,5579,6978,0,126,0,855,8,4,4,8
36,19,moe,10161,34,13648,5973,5973,4734,2815,0,126,0,916,8,3,5,8
36,20,moe,9834,44,8215,3262,3262,3545,1362,0,46,0,1092,8,5,3,8
36,21,moe,8311,40,7451,3719,3719,2786,856,0,90,0,779,8,5,3,8
36,22,moe,7823,37,12546,4315,4316,5602,2522,0,106,0,662,8,4,4,8
36,23,moe,13432,34,8825,4200,4201,2988,1551,0,85,0,849,8,5,3,8
36,24,moe,792,37,7983,3717,3718,2710,1512,0,43,0,897,8,5,3,8
36,25,moe,793,39,7111,3057,3057,2025,1993,1,35,0,948,8,6,2,8
36,26,moe,3627,37,5267,2547,2548,1781,902,0,36,0,732,8,6,2,8
36,-1,epi,0,0,0,0,0,0,0,0,5920,0,0,0,0,0,0
37,-2,pre,53,0,0,0,0,0,0,0,0,0,0,0,0,0,0
37,0,dense,1454,35,0,0,0,0,0,0,0,0,0,0,0,0,0
37,1,moe,820,36,16335,8145,8145,6446,1692,0,52,0,724,8,4,4,8
37,2,moe,722,35,20619,9235,9236,8508,2804,0,71,0,1324,8,3,5,8
37,3,moe,647,35,10755,6845,6845,2655,1209,0,46,0,799,8,5,3,8
37,4,moe,717,36,5048,2327,2327,1591,1049,0,81,0,1059,8,6,2,8
37,5,moe,790,37,13089,6655,6655,3062,3317,0,55,0,1647,8,4,4,8
37,6,moe,729,42,8071,2615,2616,2087,3289,0,79,0,3146,8,6,2,8
37,7,moe,649,43,2641,1211,1211,849,522,0,59,0,2596,8,7,1,8
37,8,moe,729,39,13221,6425,6426,3944,2801,0,50,0,1078,8,5,3,8
37,9,moe,792,37,6166,2511,2511,1866,1720,0,69,0,2794,8,6,2,8
37,10,moe,737,37,7760,3720,3720,2369,1583,0,88,0,719,8,5,3,8
37,11,moe,639,34,7987,2287,2287,2570,3101,1,28,0,1143,8,6,2,8
37,12,moe,725,36,8796,3618,3618,2783,2311,0,84,0,786,8,5,3,8
37,13,moe,787,36,14278,6452,6452,5582,2160,0,84,0,1176,8,4,4,8
37,14,moe,715,36,9473,6489,6490,1528,1415,0,40,0,1118,8,6,2,8
37,15,moe,644,32,11464,6532,6532,3689,1156,0,87,0,729,8,4,4,8
37,16,moe,720,32,4271,2201,2201,1588,402,0,80,0,597,8,6,2,8
37,17,moe,794,35,7615,3742,3742,2297,1534,0,42,0,1074,8,5,3,8
37,18,moe,720,35,7994,3618,3619,2787,1506,0,82,0,727,8,5,3,8
37,19,moe,640,34,14548,9506,9507,3894,1036,0,111,0,660,8,3,5,8
37,20,moe,714,34,12855,8837,8837,3050,923,0,45,0,647,8,4,4,8
37,21,moe,1257,35,14753,6887,6887,6225,1545,0,96,0,716,8,4,4,8
37,22,moe,840,37,9474,5108,5108,3118,1155,0,93,0,588,8,4,4,8
37,23,moe,639,35,18911,8560,8561,5443,4785,0,122,0,727,8,2,6,8
37,24,moe,785,37,8345,2474,2474,2825,3012,0,34,0,744,8,6,2,8
37,25,moe,805,37,11843,3927,3928,4842,3029,0,44,0,715,8,5,3,8
37,26,moe,642,33,7398,3588,3588,2665,1104,0,41,0,713,8,5,3,8
37,-1,epi,0,0,0,0,0,0,0,0,5662,0,0,0,0,0,0
38,-2,pre,2419,0,0,0,0,0,0,0,0,0,0,0,0,0,0
38,0,dense,1424,40,0,0,0,0,0,0,0,0,0,0,0,0,0
38,1,moe,802,36,21962,11424,11425,9292,1177,0,68,0,806,8,2,6,8
38,2,moe,711,39,9755,5918,5918,2842,946,0,49,0,725,8,5,3,8
38,3,moe,654,45,10074,6662,6662,2665,703,0,44,0,725,8,5,3,8
38,4,moe,719,50,10664,5987,5987,3120,1457,0,100,0,612,8,4,4,8
38,5,moe,792,45,7415,4756,4756,1528,1097,0,34,0,661,8,6,2,8
38,6,moe,723,38,3727,1276,1276,1798,600,0,53,0,722,8,7,1,8
38,7,moe,631,34,7603,3265,3265,2815,1439,0,84,0,2308,8,6,2,8
38,8,moe,729,39,9845,3581,3581,4141,2079,0,44,0,653,8,5,3,8
38,9,moe,800,40,14,0,0,0,0,0,14,0,1549,8,8,0,8
38,10,moe,730,38,6358,2302,2302,2770,1255,1,30,0,608,8,6,2,8
38,11,moe,631,35,3585,1239,1239,762,1562,0,22,0,603,8,7,1,8
38,12,moe,739,37,7793,2699,2699,2957,2056,1,80,0,904,8,6,2,8
38,13,moe,831,49,5303,2363,2363,1637,1190,0,113,0,1951,8,6,2,8
38,14,moe,771,52,5184,2342,2342,1558,1238,0,46,0,695,8,6,2,8
38,15,moe,673,44,13,0,0,0,0,0,13,0,845,8,8,0,8
38,16,moe,736,47,2324,1250,1250,776,258,0,40,0,788,8,7,1,8
38,17,moe,812,42,7703,3429,3429,2342,1883,0,49,0,1252,8,5,3,8
38,18,moe,775,51,10395,3886,3887,4828,1559,1,120,0,795,8,5,3,8
38,19,moe,661,39,13446,4529,4529,3802,5012,0,103,0,687,8,4,4,8
38,20,moe,741,43,6578,3509,3509,2295,732,0,42,0,620,8,5,3,8
38,21,moe,793,38,7637,4050,4050,2766,735,0,86,0,736,8,5,3,8
38,22,moe,785,40,11371,7504,7505,3113,652,0,101,0,614,8,4,4,8
38,23,moe,651,37,6670,2632,2632,3314,659,1,64,0,726,8,6,2,8
38,24,moe,818,40,11125,5808,5808,3571,1692,0,54,0,754,8,4,4,8
38,25,moe,797,40,7504,2998,2998,3241,1228,0,37,0,1259,8,6,2,8
38,26,moe,641,36,10016,5440,5440,3569,956,0,51,0,731,8,4,4,8
38,-1,epi,0,0,0,0,0,0,0,0,5734,0,0,0,0,0,0
39,-2,pre,51,0,0,0,0,0,0,0,0,0,0,0,0,0,0
39,0,dense,1442,42,0,0,0,0,0,0,0,0,0,0,0,0,0
39,1,moe,816,42,2845,1336,1336,885,598,0,26,0,790,8,7,1,8
39,2,moe,735,35,4922,2503,2505,1778,612,0,27,0,728,8,6,2,8
39,3,moe,648,33,5391,2966,2966,1776,619,0,30,0,778,8,6,2,8
39,4,moe,724,37,10,0,0,0,0,0,10,0,607,8,8,0,8
39,5,moe,793,33,2569,1164,1164,836,514,0,55,0,667,8,7,1,8
39,6,moe,736,36,12,0,0,0,0,0,12,0,1363,8,8,0,8
39,7,moe,648,33,10,0,0,0,0,0,10,0,612,8,8,0,8
39,8,moe,800,62,6718,2351,2351,2566,1739,0,62,0,620,8,6,2,8
39,9,moe,813,38,9118,3663,3664,2798,2576,0,80,0,1373,8,5,3,8
39,10,moe,735,40,12,0,0,0,0,0,12,0,604,8,8,0,8
39,11,moe,648,41,2537,1113,1113,833,517,0,74,0,1111,8,7,1,8
39,12,moe,736,43,9465,4483,4483,2791,2117,0,74,0,775,8,5,3,8
39,13,moe,825,39,6932,2268,2268,2453,2129,0,82,0,612,8,6,2,8
39,14,moe,724,38,2148,1156,1156,774,197,0,21,0,660,8,7,1,8
39,15,moe,649,33,9,0,0,0,0,0,9,0,828,8,8,0,8
39,16,moe,730,34,4286,2291,2291,1522,445,1,27,0,1315,8,6,2,8
39,17,moe,802,37,3074,1161,1161,1373,517,0,23,0,616,8,7,1,8
39,18,moe,737,36,10,0,0,0,0,0,10,0,741,8,8,0,8
39,19,moe,653,36,5566,2290,2290,1526,1722,0,28,0,1172,8,6,2,8
39,20,moe,733,42,2472,1118,1119,766,564,0,23,0,609,8,7,1,8
39,21,moe,797,36,10,0,0,0,0,0,10,0,1485,8,8,0,8
39,22,moe,1251,38,2995,1230,1230,1383,360,0,22,0,1415,8,7,1,8
39,23,moe,831,36,4798,2377,2377,1891,462,0,68,0,837,8,6,2,8
39,24,moe,853,66,4841,2571,2571,1769,470,0,31,0,791,8,6,2,8
39,25,moe,799,34,4660,2127,2127,890,1622,1,20,0,733,8,7,1,8
39,26,moe,642,33,2499,1285,1285,886,301,0,27,0,725,8,7,1,8
39,-1,epi,0,0,0,0,0,0,0,0,5831,0,0,0,0,0,0
40,-2,pre,196,0,0,0,0,0,0,0,0,0,0,0,0,0,0
40,0,dense,1462,40,0,0,0,0,0,0,0,0,0,0,0,0,0
40,1,moe,816,35,3261,1237,1237,1615,386,0,23,0,2833,8,7,1,8
40,2,moe,734,35,11,0,0,0,0,0,11,0,798,8,8,0,8
40,3,moe,662,34,8411,2783,2783,1777,3822,0,29,0,841,8,6,2,8
40,4,moe,790,73,11,0,0,0,0,1,10,0,704,8,8,0,8
40,5,moe,803,36,2691,1230,1230,837,557,0,67,0,1114,8,7,1,8
40,6,moe,742,38,2935,1284,1284,1006,601,1,43,0,740,8,7,1,8
40,7,moe,658,34,3198,1133,1133,837,1174,0,54,0,606,8,7,1,8
40,8,moe,741,36,2623,1258,1258,770,575,0,20,0,1531,8,7,1,8
40,9,moe,822,37,8522,5149,5149,1912,1388,0,73,0,794,8,6,2,8
40,10,moe,725,37,10,0,0,0,0,0,10,0,1158,8,8,0,8
40,11,moe,643,33,5029,2334,2334,1587,1032,0,76,0,1102,8,6,2,8
40,12,moe,734,39,9939,5294,5294,3337,1240,0,68,0,1344,8,6,2,8
40,13,moe,802,42,2544,1132,1133,831,521,0,59,0,1236,8,7,1,8
40,14,moe,735,41,2486,1194,1194,762,508,0,22,0,659,8,7,1,8
40,15,moe,658,35,6778,4154,4154,1720,846,0,58,0,1472,8,7,1,8
40,16,moe,730,40,17603,10545,10546,3938,3007,0,112,0,2049,8,3,5,8
40,17,moe,826,67,3205,1135,1135,1418,602,0,50,0,610,8,7,1,8
40,18,moe,749,41,11209,7415,7416,2782,928,0,83,0,1378,8,5,3,8
40,19,moe,636,41,16970,10378,10378,5064,1404,0,124,0,663,8,4,4,8
40,20,moe,766,41,2655,1127,1127,1433,68,0,27,0,677,8,7,1,8
40,21,moe,848,41,5777,3239,3239,1915,544,0,79,0,786,8,6,2,8
40,22,moe,795,40,2920,1199,1199,1448,213,0,60,0,1554,8,7,1,8
40,23,moe,644,35,10329,3713,3713,3849,2660,0,107,0,906,8,5,3,8
40,24,moe,876,41,12518,4855,4856,3624,3967,1,70,0,1342,8,4,4,8
40,25,moe,842,50,2745,1224,1224,890,604,0,27,0,770,8,7,1,8
40,26,moe,697,225,17681,11401,11401,4890,1342,0,48,0,1052,8,5,3,8
40,-1,epi,0,0,0,0,0,0,0,0,5729,0,0,0,0,0,0
41,-2,pre,224,0,0,0,0,0,0,0,0,0,0,0,0,0,0
41,0,dense,1449,43,0,0,0,0,0,0,0,0,0,0,0,0,0
41,1,moe,822,40,8102,4010,4010,2658,1393,0,41,0,1002,8,5,3,8
41,2,moe,739,70,13334,5633,5633,3558,4090,0,53,0,945,8,4,4,8
41,3,moe,666,67,56,0,0,0,0,0,56,0,862,8,8,0,8
41,4,moe,790,94,10435,4506,4506,4227,1593,0,109,0,606,8,5,3,8
41,5,moe,803,39,6906,2226,2226,2766,1881,1,32,0,665,8,6,2,8
41,6,moe,725,43,3549,1193,1194,1715,590,0,50,0,779,8,7,1,8
41,7,moe,637,35,3209,1402,1402,852,899,0,56,0,607,8,7,1,8
41,8,moe,730,36,6465,2276,2276,1741,2416,0,32,0,660,8,6,2,8
41,9,moe,799,37,3055,1393,1393,1027,573,0,62,0,796,8,7,1,8
41,10,moe,737,40,2495,1074,1074,819,543,0,59,0,615,8,7,1,8
41,11,moe,642,37,10603,3354,3354,2292,4921,0,36,0,679,8,5,3,8
41,12,moe,725,45,3705,1304,1304,1763,577,0,61,0,730,8,7,1,8
41,13,moe,803,38,12816,4967,4968,5632,2118,0,98,0,614,8,4,4,8
41,14,moe,730,44,16152,5247,5247,4309,6544,0,52,0,721,8,4,4,8
41,15,moe,671,57,7989,3155,3156,1903,2825,0,105,0,735,8,6,2,8
41,16,moe,753,69,15417,6194,6194,5765,3304,0,154,0,979,8,3,5,8
41,17,moe,804,38,6172,2310,2311,2788,1038,0,35,0,600,8,6,2,8
41,18,moe,732,40,5024,2452,2452,1906,595,0,71,0,1434,8,6,2,8
41,19,moe,662,39,11090,4390,4390,5609,989,0,102,0,665,8,4,4,8
41,20,moe,722,37,6593,4221,4222,1542,790,0,39,0,715,8,6,2,8
41,21,moe,792,40,10185,4947,4948,3645,1502,0,90,0,782,8,4,4,8
41,22,moe,790,37,4695,2275,2275,1584,757,0,79,0,1033,8,6,2,8
41,23,moe,640,32,11313,5584,5584,3674,1964,0,91,0,1593,8,4,4,8
41,24,moe,1213,43,19952,7389,7389,9280,3209,0,74,0,1404,8,2,6,8
41,25,moe,1285,45,12,0,0,0,0,0,12,0,1591,8,8,0,8
41,26,moe,688,63,7240,3814,3814,2669,715,0,42,0,847,8,5,3,8
41,-1,epi,0,0,0,0,0,0,0,0,5733,0,0,0,0,0,0
42,-2,pre,220,0,0,0,0,0,0,0,0,0,0,0,0,0,0
42,0,dense,1432,33,0,0,0,0,0,0,0,0,0,0,0,0,0
42,1,moe,804,33,2193,1219,1219,885,66,0,23,0,734,8,7,1,8
42,2,moe,738,36,18026,7965,7965,8067,1940,0,54,0,735,8,3,5,8
42,3,moe,642,34,12,0,0,0,0,1,11,0,2114,8,8,0,8
42,4,moe,735,36,11,0,0,0,0,0,11,0,622,8,8,0,8
42,5,moe,810,33,10,0,0,0,0,0,10,0,1113,8,8,0,8
42,6,moe,738,31,2879,1366,1366,894,597,0,22,0,823,8,7,1,8
42,7,moe,656,32,8161,2380,2380,2867,2839,1,74,0,606,8,6,2,8
42,8,moe,733,33,4973,2391,2391,1529,1026,0,27,0,608,8,6,2,8
42,9,moe,812,34,3693,1316,1316,1746,572,0,59,0,727,8,7,1,8
42,10,moe,737,36,10,0,0,0,0,0,10,0,605,8,8,0,8
42,11,moe,656,29,8,0,0,0,0,0,8,0,3223,8,8,0,8
42,12,moe,757,31,2859,1346,1346,895,596,0,22,0,1308,8,7,1,8
42,13,moe,813,33,2592,1201,1201,830,505,0,56,0,617,8,7,1,8
42,14,moe,737,33,5355,2620,2620,1540,1158,0,37,0,623,8,6,2,8
42,15,moe,656,30,9,0,0,0,0,0,9,0,788,8,8,0,8
42,16,moe,730,29,2202,1186,1186,768,227,0,21,0,618,8,7,1,8
42,17,moe,799,32,10543,6470,6470,2769,1271,0,33,0,1122,8,6,2,8
42,18,moe,737,34,5143,2350,2350,1903,823,0,67,0,1499,8,6,2,8
42,19,moe,708,78,31,0,0,0,0,0,31,0,1006,8,8,0,8
42,20,moe,780,67,9026,4201,4201,4254,482,0,89,0,715,8,5,3,8
42,21,moe,801,32,3368,1302,1302,1779,233,0,54,0,1366,8,7,1,8
42,22,moe,792,32,3102,1114,1114,1445,487,0,56,0,757,8,7,1,8
42,23,moe,656,29,5969,2577,2577,2326,966,0,100,0,1336,8,6,2,8
42,24,moe,799,36,3068,1214,1214,1607,226,0,21,0,892,8,7,1,8
42,25,moe,796,33,6028,2978,2978,1772,1244,0,34,0,843,8,6,2,8
42,26,moe,844,34,4855,2545,2545,1772,509,0,29,0,969,8,6,2,8
42,-1,epi,0,0,0,0,0,0,0,0,5796,0,0,0,0,0,0
43,-2,pre,220,0,0,0,0,0,0,0,0,0,0,0,0,0,0
43,0,dense,1996,37,0,0,0,0,0,0,0,0,0,0,0,0,0
43,1,moe,945,30,6526,2484,2484,2056,1956,1,29,0,1529,8,6,2,8
43,2,moe,867,37,5925,2336,2336,1812,1737,1,39,0,845,8,6,2,8
43,3,moe,672,40,9525,3698,3698,4831,942,0,54,0,1321,8,5,3,8
43,4,moe,731,36,6300,3448,3448,1619,1158,0,75,0,639,8,6,2,8
43,5,moe,802,37,13,0,0,0,0,0,13,0,664,8,8,0,8
43,6,moe,732,34,9565,4804,4804,2771,1901,0,89,0,737,8,5,3,8
43,7,moe,650,34,3251,1240,1240,1444,504,0,63,0,1764,8,7,1,8
43,8,moe,734,35,12,0,0,0,0,0,12,0,1097,8,8,0,8
43,9,moe,811,33,10,0,0,0,0,0,10,0,1322,8,8,0,8
43,10,moe,875,33,10,0,0,0,0,0,10,0,672,8,8,0,8
43,11,moe,658,35,4877,2311,2311,1526,1011,0,29,0,1465,8,6,2,8
43,12,moe,937,37,3707,1319,1319,1737,562,0,89,0,785,8,7,1,8
43,13,moe,947,38,6053,2466,2466,2818,696,0,73,0,1547,8,6,2,8
43,14,moe,880,38,8310,3417,3417,2291,2565,0,37,0,669,8,5,3,8
43,15,moe,646,32,8222,2606,2607,3334,2191,0,90,0,739,8,6,2,8
43,16,moe,738,33,2697,1270,1270,846,523,0,58,0,612,8,7,1,8
43,17,moe,803,32,3782,1196,1196,763,1802,0,21,0,1163,8,7,1,8
43,18,moe,724,31,12125,6176,6176,4512,1340,1,96,0,741,8,3,5,8
43,19,moe,644,31,11158,6460,6460,3891,704,0,103,0,618,8,3,5,8
43,20,moe,728,35,11115,6088,6088,4180,803,0,44,0,604,8,5,3,8
43,21,moe,798,40,18190,7265,7265,8162,2654,0,109,0,731,8,3,5,8
43,22,moe,799,42,13545,6545,6545,5656,1240,0,104,0,1087,8,4,4,8
43,23,moe,657,251,19328,10571,10571,6543,2127,0,87,0,730,8,4,4,8
43,24,moe,797,40,10812,5100,5101,4931,736,0,44,0,723,8,5,3,8
43,25,moe,795,40,7533,2479,2479,1993,3033,0,28,0,778,8,6,2,8
43,26,moe,645,40,6361,2461,2461,1810,2062,0,28,0,845,8,6,2,8
43,-1,epi,0,0,0,0,0,0,0,0,5716,0,0,0,0,0,0
44,-2,pre,227,0,0,0,0,0,0,0,0,0,0,0,0,0,0
44,0,dense,1753,44,0,0,0,0,0,0,0,0,0,0,0,0,0
44,1,moe,1122,39,6470,2518,2518,2103,1818,0,31,0,732,8,6,2,8
44,2,moe,725,38,3869,1290,1290,1613,943,0,23,0,1479,8,7,1,8
44,3,moe,649,34,6527,2446,2446,3225,825,0,31,0,1636,8,6,2,8
44,4,moe,879,39,5757,2299,2299,1592,1790,0,76,0,652,8,6,2,8
44,5,moe,932,37,8411,3384,3384,2287,2703,0,37,0,2060,8,5,3,8
44,6,moe,1010,43,14,0,0,0,0,0,14,0,2788,8,8,0,8
44,7,moe,653,37,3181,1155,1155,1375,619,0,32,0,2962,8,7,1,8
44,8,moe,877,39,13097,4575,4575,5404,3061,0,57,0,1210,8,4,4,8
44,9,moe,928,44,19705,6090,6090,8101,5402,1,111,0,804,8,3,5,8
44,10,moe,742,46,13,0,0,0,0,0,13,0,3952,8,8,0,8
44,11,moe,676,46,15778,5535,5535,5687,4448,0,108,0,2397,8,4,4,8
44,12,moe,744,43,11709,5520,5520,3643,2436,0,110,0,1281,8,4,4,8
44,13,moe,803,40,12745,5756,5756,3934,2935,0,120,0,1309,8,3,5,8
44,14,moe,729,40,14951,5641,5641,6903,2346,0,61,0,622,8,3,5,8
44,15,moe,655,48,5818,2569,2569,1868,1318,0,63,0,850,8,6,2,8
44,16,moe,748,39,9223,4545,4549,3164,1392,0,118,0,663,8,4,4,8
44,17,moe,796,41,12480,4625,4625,5552,2243,0,60,0,1094,8,4,4,8
44,18,moe,760,43,11028,4799,4799,3743,2387,0,99,0,778,8,4,4,8
44,19,moe,710,39,7938,3363,3363,4286,184,0,105,0,713,8,5,3,8
44,20,moe,749,42,8612,4460,4460,3064,1039,0,49,0,630,8,4,4,8
44,21,moe,801,38,13923,3681,3681,5050,5103,0,89,0,767,8,5,3,8
44,22,moe,806,43,9132,3442,3442,4298,1289,0,103,0,1162,8,5,3,8
44,23,moe,673,42,18637,7315,7315,10129,1050,0,143,0,744,8,2,6,8
44,24,moe,816,44,9115,5163,5164,3626,274,0,51,0,775,8,4,4,8
44,25,moe,791,46,10601,3567,3567,5036,1950,1,47,0,1321,8,5,3,8
44,26,moe,664,39,13250,3653,3653,4912,4625,1,59,0,897,8,5,3,8
44,-1,epi,0,0,0,0,0,0,0,0,5668,0,0,0,0,0,0
45,-2,pre,238,0,0,0,0,0,0,0,0,0,0,0,0,0,0
45,0,dense,1469,51,0,0,0,0,0,0,0,0,0,0,0,0,0
45,1,moe,834,46,19543,6245,6245,8120,5120,0,58,0,945,8,3,5,8
45,2,moe,1202,48,6361,2375,2375,3296,648,0,42,0,2509,8,6,2,8
45,3,moe,846,40,13795,5084,5084,3639,5020,0,52,0,903,8,4,4,8
45,4,moe,1192,51,2635,1139,1139,840,568,0,88,0,2068,8,7,1,8
45,5,moe,1214,54,5165,2506,2506,1534,1087,0,38,0,1100,8,6,2,8
45,6,moe,741,38,2965,1317,1317,1005,576,0,67,0,4874,8,7,1,8
45,7,moe,665,41,12,0,0,0,0,0,12,0,4714,8,8,0,8
45,8,moe,760,44,6395,2254,2254,2864,1197,1,79,0,1410,8,6,2,8
45,9,moe,829,47,8651,3735,3735,2774,2040,0,102,0,1351,8,5,3,8
45,10,moe,746,42,11,0,0,0,0,0,11,0,3154,8,8,0,8
45,11,moe,630,39,3999,1101,1101,871,1949,0,78,0,2531,8,7,1,8
45,12,moe,764,43,7776,2464,2465,3877,1348,1,85,0,903,8,6,2,8
45,13,moe,828,46,8906,4510,4510,3145,1134,0,117,0,2438,8,4,4,8
45,14,moe,751,46,13,0,0,0,0,0,13,0,1562,8,8,0,8
45,15,moe,659,36,8325,3708,3708,2777,1756,1,83,0,2637,8,5,3,8
45,16,moe,742,44,10985,3338,3338,3210,4321,0,116,0,1268,8,5,3,8
45,17,moe,810,44,6162,2247,2247,2813,1060,0,42,0,2797,8,6,2,8
45,18,moe,774,51,16812,6133,6133,8159,2403,0,117,0,1301,8,3,5,8
45,19,moe,655,39,10179,5625,5625,3965,465,0,124,0,684,8,3,5,8
45,20,moe,745,45,10562,4377,4377,5571,565,0,49,0,739,8,4,4,8
45,21,moe,812,40,4931,2462,2465,1901,504,0,61,0,1660,8,6,2,8
45,22,moe,946,39,9568,3316,3316,4258,1888,0,106,0,700,8,5,3,8
45,23,moe,662,38,9108,4755,4755,3669,604,0,80,0,757,8,4,4,8
45,24,moe,6531,41,8922,4824,4824,3571,479,0,48,0,1768,8,4,4,8
45,25,moe,807,40,10248,3584,3584,4827,1793,1,43,0,813,8,5,3,8
45,26,moe,641,38,13082,5991,5991,4877,2154,0,60,0,757,8,3,5,8
45,-1,epi,0,0,0,0,0,0,0,0,5818,0,0,0,0,0,0
46,-2,pre,213,0,0,0,0,0,0,0,0,0,0,0,0,0,0
46,0,dense,1466,45,0,0,0,0,0,0,0,0,0,0,0,0,0
46,1,moe,837,44,6847,3721,3721,2670,414,0,42,0,804,8,5,3,8
46,2,moe,745,43,11028,5081,5081,4195,1700,0,52,0,1282,8,4,4,8
46,3,moe,661,40,10806,4836,4837,4848,1082,0,39,0,851,8,5,3,8
46,4,moe,735,44,15659,6081,6081,6591,2876,0,111,0,632,8,3,5,8
46,5,moe,924,48,5304,2375,2376,1535,1359,0,34,0,849,8,6,2,8
46,6,moe,797,43,3685,1354,1355,1711,551,0,68,0,1341,8,7,1,8
46,7,moe,663,38,3228,1212,1212,1458,499,0,59,0,678,8,7,1,8
46,8,moe,737,37,10341,4541,4541,3069,2683,1,47,0,1242,8,4,4,8
46,9,moe,816,41,10691,3680,3681,4642,2275,0,93,0,923,8,5,3,8
46,10,moe,732,40,18279,7185,7185,7889,3085,0,120,0,626,8,2,6,8
46,11,moe,644,40,10321,4522,4523,4208,1544,0,46,0,1168,8,5,3,8
46,12,moe,739,39,9669,3818,3818,2804,2967,0,80,0,2003,8,5,3,8
46,13,moe,796,44,10440,4586,4586,4244,1516,0,94,0,619,8,5,3,8
46,14,moe,735,46,3537,1155,1155,979,1376,0,27,0,1095,8,7,1,8
46,15,moe,654,36,6445,2580,2581,1914,1881,0,69,0,793,8,6,2,8
46,16,moe,724,40,6498,3487,3487,2357,556,0,98,0,694,8,5,3,8
46,17,moe,798,40,10315,3369,3369,4138,2769,0,39,0,1205,8,5,3,8
46,18,moe,747,64,10026,3805,3805,5010,1112,0,99,0,780,8,5,3,8
46,19,moe,700,36,4074,2239,2240,1635,113,0,86,0,736,8,6,2,8
46,20,moe,730,37,11,0,0,0,0,0,11,0,620,8,8,0,8
46,21,moe,875,35,8036,5546,5546,1888,527,0,75,0,823,8,6,2,8
46,22,moe,800,41,6712,3297,3298,2395,934,0,85,0,620,8,5,3,8
46,23,moe,651,39,16745,9545,9545,6643,447,0,110,0,737,8,4,4,8
46,24,moe,800,41,3176,1462,1462,1620,66,0,28,0,1221,8,7,1,8
46,25,moe,803,39,8289,2795,2795,3227,2232,0,35,0,787,8,6,2,8
46,26,moe,650,36,4428,2469,2469,1772,154,0,33,0,1321,8,6,2,8
46,-1,epi,0,0,0,0,0,0,0,0,5767,0,0,0,0,0,0
47,-2,pre,222,0,0,0,0,0,0,0,0,0,0,0,0,0,0
47,0,dense,1454,42,0,0,0,0,0,0,0,0,0,0,0,0,0
47,1,moe,824,36,7389,3790,3790,2654,909,0,36,0,748,8,5,3,8
47,2,moe,733,38,14862,5929,5929,8074,804,0,55,0,733,8,3,5,8
47,3,moe,652,39,17842,8195,8195,5349,4232,0,66,0,743,8,2,6,8
47,4,moe,743,42,6318,2385,2385,2825,1038,0,70,0,617,8,6,2,8
47,5,moe,810,48,11304,5543,5543,4139,1581,0,41,0,614,8,5,3,8
47,6,moe,1041,41,12210,4011,4011,4789,3323,0,87,0,878,8,5,3,8
47,7,moe,853,40,6121,2223,2223,2833,989,0,76,0,1224,8,6,2,8
47,8,moe,1091,52,6413,2431,2431,2760,1189,0,33,0,668,8,6,2,8
47,9,moe,808,41,6911,2362,2362,3357,1125,0,67,0,734,8,6,2,8
47,10,moe,734,37,4770,1158,1158,1463,2065,0,84,0,2205,8,7,1,8
47,11,moe,645,30,3055,1144,1144,1375,516,0,20,0,620,8,7,1,8
47,12,moe,738,33,3764,1331,1331,1782,593,0,58,0,1514,8,7,1,8
47,13,moe,843,66,3137,1757,1757,837,484,0,59,0,681,8,7,1,8
47,14,moe,724,33,10857,6494,6494,2764,1113,0,486,0,660,8,6,2,8
47,15,moe,653,37,8550,3874,3874,2755,1822,0,99,0,733,8,5,3,8
47,16,moe,734,39,12029,6959,6960,3879,1066,0,124,0,622,8,3,5,8
47,17,moe,814,34,11845,4454,4454,5509,1832,0,50,0,618,8,4,4,8
47,18,moe,735,37,15794,5990,5990,8160,1532,1,111,0,742,8,3,5,8
47,19,moe,641,35,24662,12833,12833,9797,1896,0,136,0,617,8,1,7,8
47,20,moe,741,40,16171,7204,7204,8271,623,0,73,0,611,8,2,6,8
47,21,moe,802,35,7460,3819,3819,2778,772,0,91,0,725,8,5,3,8
47,22,moe,788,34,2974,1180,1180,1519,211,0,64,0,654,8,7,1,8
47,23,moe,641,31,12336,4204,4204,6542,1495,0,95,0,740,8,4,4,8
47,24,moe,795,36,8640,4261,4261,3545,777,0,57,0,778,8,4,4,8
47,25,moe,858,34,14575,5640,5640,6447,2426,0,62,0,1343,8,4,4,8
47,26,moe,641,36,10218,5616,5616,3556,987,0,59,0,825,8,4,4,8
47,-1,epi,0,0,0,0,0,0,0,0,5718,0,0,0,0,0,0
48,-2,pre,223,0,0,0,0,0,0,0,0,0,0,0,0,0,0
48,0,dense,1429,35,0,0,0,0,0,0,0,0,0,0,0,0,0
48,1,moe,817,38,9334,3751,3751,4839,697,0,47,0,744,8,5,3,8
48,2,moe,723,34,10487,3790,3790,4825,1825,0,47,0,795,8,5,3,8
48,3,moe,641,49,7582,4076,4076,2661,799,0,46,0,785,8,5,3,8
48,4,moe,719,33,2601,1173,1173,834,520,0,74,0,608,8,7,1,8
48,5,moe,794,34,4513,1191,1191,1378,1920,0,24,0,739,8,7,1,8
48,6,moe,767,70,3683,1261,1261,1765,595,0,62,0,730,8,7,1,8
48,7,moe,643,30,7112,2219,2219,2818,1997,0,78,0,712,8,6,2,8
48,8,moe,744,33,3123,1153,1153,1386,556,0,28,0,669,8,7,1,8
48,9,moe,1118,36,6986,2441,2441,3329,1156,0,60,0,872,8,6,2,8
48,10,moe,1058,35,3366,1546,1546,845,899,0,76,0,825,8,7,1,8
48,11,moe,830,32,7855,2327,2327,2752,2743,0,33,0,2158,8,6,2,8
48,12,moe,725,56,4909,1559,1559,1195,2089,1,65,0,742,8,7,1,8
48,13,moe,817,77,7844,4774,4774,2355,620,0,95,0,1089,8,5,3,8
48,14,moe,722,32,7372,2748,2749,2766,1818,0,39,0,1145,8,6,2,8
48,15,moe,644,30,6868,2388,2388,3322,1080,0,78,0,1355,8,6,2,8
48,16,moe,897,40,5700,2243,2244,2857,495,0,104,0,671,8,6,2,8
48,17,moe,812,35,13996,5524,5525,6960,1439,0,72,0,628,8,3,5,8
48,18,moe,733,33,17961,9242,9243,6617,1994,0,107,0,746,8,4,4,8
48,19,moe,641,35,12163,4813,4813,5638,1596,0,116,0,618,8,4,4,8
48,20,moe,735,39,12963,4825,4826,5516,2561,0,60,0,1928,8,4,4,8
48,21,moe,812,37,10054,3939,3939,4966,1043,0,106,0,1815,8,5,3,8
48,22,moe,797,34,8948,3476,3476,4227,1088,1,156,0,1132,8,5,3,8
48,23,moe,641,31,3743,1299,1299,1785,603,0,56,0,786,8,7,1,8
48,24,moe,804,35,11461,4688,4688,4843,1881,0,49,0,1275,8,5,3,8
48,25,moe,6238,35,6139,2410,2410,3228,467,0,34,0,4858,8,6,2,8
48,26,moe,1521,38,12688,5227,5228,6459,946,0,55,0,1861,8,4,4,8
48,-1,epi,0,0,0,0,0,0,0,0,5693,0,0,0,0,0,0
49,-2,pre,213,0,0,0,0,0,0,0,0,0,0,0,0,0,0
49,0,dense,1479,36,0,0,0,0,0,0,0,0,0,0,0,0,0
49,1,moe,893,37,9775,3804,3805,4833,1090,0,47,0,788,8,5,3,8
49,2,moe,814,33,10594,3636,3636,4841,2074,0,43,0,801,8,5,3,8
49,3,moe,843,56,9352,3931,3932,4833,538,0,49,0,1273,8,5,3,8
49,4,moe,808,38,5624,1213,1213,1463,2846,0,102,0,1386,8,7,1,8
49,5,moe,800,42,3171,1234,1234,1384,531,0,22,0,1092,8,7,1,8
49,6,moe,747,31,3578,1246,1246,1695,573,0,64,0,737,8,7,1,8
49,7,moe,640,29,3332,1103,1103,1450,718,0,61,0,1572,8,7,1,8
49,8,moe,728,71,3016,1109,1109,1388,498,0,21,0,632,8,7,1,8
49,9,moe,809,36,4640,1306,1306,1732,1533,0,69,0,1764,8,7,1,8
49,10,moe,818,89,6352,2361,2361,2829,1076,0,86,0,671,8,6,2,8
49,11,moe,649,31,10,0,0,0,0,0,10,0,682,8,8,0,8
49,12,moe,1068,36,8405,3092,3092,3365,1867,0,81,0,831,8,6,2,8
49,13,moe,1140,36,11,0,0,0,0,0,11,0,1648,8,8,0,8
49,14,moe,1060,37,5964,2327,2327,2843,700,0,94,0,619,8,6,2,8
49,15,moe,654,31,3415,1352,1352,1741,269,0,53,0,2886,8,7,1,8
49,16,moe,959,2980,3201,1257,1257,1488,322,0,134,0,1034,8,7,1,8
49,17,moe,925,2912,3072,1367,1368,1377,300,0,27,0,682,8,7,1,8
49,18,moe,731,40,6043,3696,3696,1731,555,0,61,0,720,8,7,1,8
49,19,moe,642,36,7249,2748,2748,4227,166,0,108,0,1608,8,5,3,8
49,20,moe,734,41,4352,1447,1447,2761,107,0,37,0,1065,8,6,2,8
49,21,moe,821,37,3255,1252,1252,1711,232,0,60,0,1237,8,7,1,8
49,22,moe,803,42,11752,5389,5389,5583,685,0,95,0,615,8,4,4,8
49,23,moe,637,33,6291,2767,2767,3334,118,1,71,0,1350,8,6,2,8
49,24,moe,797,37,11541,3197,3197,6440,1857,0,47,0,732,8,4,4,8
49,25,moe,796,39,3157,1273,1273,1618,242,0,24,0,721,8,7,1,8
49,26,moe,641,40,8342,2945,2946,3221,2143,0,32,0,733,8,6,2,8
49,-1,epi,0,0,0,0,0,0,0,0,5707,0,0,0,0,0,0
50,-2,pre,174,0,0,0,0,0,0,0,0,0,0,0,0,0,0
50,0,dense,1445,41,0,0,0,0,0,0,0,0,0,0,0,0,0
50,1,moe,819,40,18468,10792,10792,6444,1180,0,52,0,730,8,4,4,8
50,2,moe,737,36,9602,3665,3666,4830,1061,0,45,0,723,8,5,3,8
50,3,moe,646,36,16830,7173,7174,8061,1533,0,62,0,737,8,3,5,8
50,4,moe,725,39,14776,3499,3500,4226,6920,1,129,0,839,8,5,3,8
50,5,moe,856,88,3155,1200,1200,1376,556,0,23,0,651,8,7,1,8
50,6,moe,751,44,9348,2832,2832,3342,3098,0,76,0,1888,8,6,2,8
50,7,moe,643,36,6127,2205,2205,2856,993,0,73,0,599,8,6,2,8
50,8,moe,730,37,12277,5758,5759,4154,2323,0,41,0,1094,8,5,3,8
50,9,moe,796,38,7916,2522,2522,3382,1934,0,78,0,722,8,6,2,8
50,10,moe,740,39,11804,3503,3503,4198,4018,0,85,0,600,8,5,3,8
50,11,moe,644,38,3194,1191,1191,1376,607,1,19,0,654,8,7,1,8
50,12,moe,735,35,7742,2516,2517,3314,1842,0,69,0,2587,8,6,2,8
50,13,moe,837,44,6848,2415,2415,2849,1495,0,89,0,649,8,6,2,8
50,14,moe,703,37,12567,4972,4972,5606,1932,0,57,0,1278,8,4,4,8
50,15,moe,824,38,10647,3752,3752,4976,1827,1,91,0,880,8,5,3,8
50,16,moe,1051,44,5744,2389,2389,2827,447,0,81,0,1120,8,6,2,8
50,17,moe,1117,87,5743,2245,2245,2770,695,1,32,0,772,8,6,2,8
50,18,moe,741,43,12542,5350,5350,6619,475,0,98,0,839,8,4,4,8
50,19,moe,644,39,9999,3552,3552,4243,2109,0,95,0,620,8,5,3,8
50,20,moe,744,39,2610,1157,1157,1379,48,0,26,0,608,8,7,1,8
50,21,moe,798,38,7508,3218,3218,3371,847,0,72,0,784,8,6,2,8
50,22,moe,804,41,12,0,0,0,0,0,12,0,1164,8,8,0,8
50,23,moe,644,41,9,0,0,0,0,0,9,0,788,8,8,0,8
50,24,moe,804,34,2944,1252,1253,1613,57,0,21,0,841,8,7,1,8
50,25,moe,816,40,3629,1507,1507,1610,492,0,20,0,962,8,7,1,8
50,26,moe,10534,87,11127,3683,3683,4857,2540,0,47,0,790,8,5,3,8
50,-1,epi,0,0,0,0,0,0,0,0,5710,0,0,0,0,0,0
51,-2,pre,214,0,0,0,0,0,0,0,0,0,0,0,0,0,0
51,0,dense,5374,43,0,0,0,0,0,0,0,0,0,0,0,0,0
51,1,moe,7564,39,8689,3580,3580,4856,208,1,44,0,725,8,5,3,8
51,2,moe,6166,37,17926,7293,7294,9679,888,0,65,0,724,8,2,6,8
51,3,moe,11726,36,5864,2501,2502,3211,117,0,34,0,725,8,6,2,8
51,4,moe,5461,37,15513,4873,4874,5596,4934,0,109,0,1093,8,4,4,8
51,5,moe,861,39,3105,1191,1191,1391,495,0,28,0,718,8,7,1,8
51,6,moe,809,41,8232,3368,3368,3370,1417,0,77,0,832,8,6,2,8
51,7,moe,783,38,3239,1154,1154,1499,522,0,64,0,1101,8,7,1,8
51,8,moe,783,36,7359,3485,3485,2766,1077,0,31,0,1149,8,6,2,8
51,9,moe,862,38,3569,1244,1244,1711,549,0,65,0,2483,8,7,1,8
51,10,moe,846,67,5384,3235,3235,1478,598,0,73,0,1176,8,7,1,8
51,11,moe,781,34,3055,1165,1165,1376,493,0,21,0,1122,8,7,1,8
51,12,moe,803,36,16996,7847,7847,6609,2442,0,98,0,795,8,4,4,8
51,13,moe,869,42,5727,2300,2301,2829,521,0,76,0,725,8,6,2,8
51,14,moe,740,34,11652,6367,6367,4150,1093,0,42,0,1090,8,5,3,8
51,15,moe,640,34,7720,3107,3107,3378,1158,0,77,0,739,8,6,2,8
51,16,moe,745,42,8996,3482,3482,4240,1181,0,93,0,598,8,5,3,8
51,17,moe,1089,39,6959,3509,3509,2765,655,0,30,0,1100,8,6,2,8
51,18,moe,735,35,10520,3671,3671,4970,1785,0,94,0,1298,8,5,3,8
51,19,moe,643,35,13336,6941,6941,5609,681,0,105,0,1073,8,4,4,8
51,20,moe,732,35,14728,6000,6000,6911,1759,0,58,0,665,8,3,5,8
51,21,moe,796,41,7804,2533,2533,3356,1830,0,85,0,1373,8,6,2,8
51,22,moe,797,37,2961,1194,1194,1495,207,0,65,0,1157,8,7,1,8
51,23,moe,640,34,9638,3852,3852,4977,732,0,77,0,845,8,5,3,8
51,24,moe,801,38,18538,7172,7173,9673,1624,0,68,0,732,8,2,6,8
51,25,moe,813,36,3025,1326,1327,1610,63,0,25,0,1717,8,7,1,8
51,26,moe,644,34,3168,1300,1300,1609,237,0,22,0,1247,8,7,1,8
51,-1,epi,0,0,0,0,0,0,0,0,5714,0,0,0,0,0,0
52,-2,pre,64,0,0,0,0,0,0,0,0,0,0,0,0,0,0
52,0,dense,1450,39,0,0,0,0,0,0,0,0,0,0,0,0,0
52,1,moe,817,40,6369,2709,2709,3211,417,1,31,0,889,8,6,2,8
52,2,moe,733,34,5775,2397,2397,3228,124,0,26,0,946,8,6,2,8
52,3,moe,643,34,2905,1215,1215,1613,57,0,20,0,774,8,7,1,8
52,4,moe,728,34,9497,3654,3654,4217,1522,0,104,0,1963,8,5,3,8
52,5,moe,850,111,42,0,0,0,0,0,42,0,2366,8,8,0,8
52,6,moe,777,36,10,0,0,0,0,0,10,0,795,8,8,0,8
52,7,moe,663,35,25,0,0,0,0,0,25,0,715,8,8,0,8
52,8,moe,746,35,3171,1225,1225,1378,543,0,25,0,1161,8,7,1,8
52,9,moe,815,40,3756,1417,1418,1706,566,0,66,0,735,8,7,1,8
52,10,moe,741,36,4961,1282,1283,1467,2117,0,94,0,2204,8,7,1,8
52,11,moe,642,33,3046,1107,1107,1378,541,0,20,0,660,8,7,1,8
52,12,moe,736,36,8578,2650,2650,3331,2520,0,77,0,787,8,6,2,8
52,13,moe,805,37,11,0,0,0,0,0,11,0,670,8,8,0,8
52,14,moe,846,58,9124,3814,3814,4252,966,1,91,0,1198,8,5,3,8
52,15,moe,776,222,7603,3576,3576,1740,2214,0,73,0,864,8,7,1,8
52,16,moe,846,44,3334,1401,1402,1503,365,0,64,0,1091,8,7,1,8
52,17,moe,876,37,9566,3649,3649,4156,1718,0,43,0,825,8,5,3,8
52,18,moe,1231,43,10616,3314,3314,6593,602,0,107,0,912,8,4,4,8
52,19,moe,665,40,9107,2972,2973,5604,425,0,105,0,662,8,4,4,8
52,20,moe,734,42,7728,2986,2986,4129,577,0,36,0,1418,8,5,3,8
52,21,moe,812,38,6059,2547,2547,3314,121,0,77,0,820,8,6,2,8
52,22,moe,796,36,7335,3634,3634,2893,723,0,85,0,658,8,6,2,8
52,23,moe,652,39,7736,2037,2038,4923,689,0,86,0,781,8,5,3,8
52,24,moe,789,35,10,0,0,0,0,0,10,0,731,8,8,0,8
52,25,moe,813,38,9,0,0,0,0,0,9,0,1629,8,8,0,8
52,26,moe,708,55,11,0,0,0,0,0,11,0,2758,8,8,0,8
52,-1,epi,0,0,0,0,0,0,0,0,5801,0,0,0,0,0,0
53,-2,pre,236,0,0,0,0,0,0,0,0,0,0,0,0,0,0
53,0,dense,1460,43,0,0,0,0,0,0,0,0,0,0,0,0,0
53,1,moe,840,47,9521,3603,3603,3237,2649,0,32,0,1864,8,6,2,8
53,2,moe,748,40,18118,8229,8229,8064,1771,0,54,0,755,8,3,5,8
53,3,moe,647,38,2944,1251,1251,1611,56,0,26,0,732,8,7,1,8
53,4,moe,738,114,9009,3714,3714,4206,995,0,94,0,1175,8,5,3,8
53,5,moe,7879,36,13,0,0,0,0,0,13,0,1618,8,8,0,8
53,6,moe,4093,35,9298,2415,2415,3347,3448,0,88,0,1477,8,6,2,8
53,7,moe,9555,36,3089,1041,1041,1463,513,0,72,0,1940,8,7,1,8
53,8,moe,5179,35,6052,2249,2249,2765,1006,0,32,0,667,8,6,2,8
53,9,moe,10968,37,10076,3757,3758,2991,3228,0,99,0,729,8,5,3,8
53,10,moe,7785,35,8351,4490,4492,1607,2166,1,85,0,1112,8,6,2,8
53,11,moe,12737,35,8889,3605,3605,2766,2487,0,31,0,710,8,6,2,8
53,12,moe,6702,36,7931,2510,2510,3325,2032,0,64,0,776,8,6,2,8
53,13,moe,9282,42,2230,1081,1081,851,220,0,78,0,709,8,7,1,8
53,14,moe,728,35,2175,1155,1155,765,233,0,22,0,649,8,7,1,8
53,15,moe,642,31,7851,4024,4024,2748,998,0,81,0,732,8,5,3,8
53,16,moe,732,36,6252,2775,2775,2852,520,0,105,0,2069,8,6,2,8
53,17,moe,803,42,6992,3472,3472,2749,737,0,34,0,1142,8,6,2,8
53,18,moe,763,33,9332,3041,3041,4945,1259,0,87,0,771,8,5,3,8
53,19,moe,642,35,15647,5597,5597,8305,1607,0,138,0,690,8,2,6,8
53,20,moe,728,37,7648,3306,3306,4135,168,0,39,0,717,8,5,3,8
53,21,moe,787,35,8926,3760,3760,2793,2287,1,85,0,728,8,5,3,8
53,22,moe,794,34,10590,3729,3729,4246,2524,0,91,0,611,8,5,3,8
53,23,moe,645,38,15663,6610,6610,8255,685,0,113,0,724,8,3,5,8
53,24,moe,790,35,6787,3809,3809,2658,280,0,40,0,775,8,5,3,8
53,25,moe,795,34,20445,8010,8010,6600,5767,0,68,0,1348,8,2,6,8
53,26,moe,634,39,3416,1204,1204,1606,582,0,24,0,1297,8,7,1,8
53,-1,epi,0,0,0,0,0,0,0,0,5704,0,0,0,0,0,0
54,-2,pre,69,0,0,0,0,0,0,0,0,0,0,0,0,0,0
54,0,dense,1431,33,0,0,0,0,0,0,0,0,0,0,0,0,0
54,1,moe,807,34,10270,4650,4650,4855,728,0,37,0,1349,8,5,3,8
54,2,moe,724,41,2294,1270,1271,934,61,0,28,0,732,8,7,1,8
54,3,moe,653,31,3131,1429,1429,1616,61,0,25,0,3985,8,7,1,8
54,4,moe,732,36,3447,1148,1148,852,1365,0,82,0,674,8,7,1,8
54,5,moe,791,33,2532,1222,1222,770,520,0,20,0,722,8,7,1,8
54,6,moe,726,34,10,0,1,0,0,0,9,0,1377,8,8,0,8
54,7,moe,657,34,8,0,0,0,0,0,8,0,635,8,8,0,8
54,8,moe,738,40,5421,2186,2186,769,2445,0,21,0,708,8,7,1,8
54,9,moe,870,64,3673,1281,1281,1739,583,0,70,0,1365,8,7,1,8
54,10,moe,741,32,3335,1279,1279,1454,539,0,63,0,613,8,7,1,8
54,11,moe,648,31,5309,4205,4205,769,315,0,20,0,1162,8,7,1,8
54,12,moe,740,38,3669,1294,1294,1729,588,0,58,0,830,8,7,1,8
54,13,moe,800,35,3300,1187,1188,1461,557,0,94,0,1212,8,7,1,8
54,14,moe,723,33,2818,1152,1152,1407,235,1,23,0,876,8,7,1,8
54,15,moe,657,34,2984,1192,1192,1419,284,0,89,0,2690,8,7,1,8
54,16,moe,755,37,12,0,0,0,0,0,12,0,893,8,8,0,8
54,17,moe,811,42,11,0,0,0,0,0,11,0,716,8,8,0,8
54,18,moe,718,35,9,0,0,0,0,0,9,0,1422,8,8,0,8
54,19,moe,645,33,2989,1327,1327,1512,54,0,96,0,706,8,7,1,8
54,20,moe,743,41,5136,2253,2253,2753,98,0,32,0,681,8,6,2,8
54,21,moe,806,34,3074,1215,1215,1739,58,0,62,0,886,8,7,1,8
54,22,moe,807,37,11,0,0,0,0,0,11,0,1586,8,8,0,8
54,23,moe,661,30,2743,1455,1455,889,381,0,18,0,790,8,7,1,8
54,24,moe,816,35,2859,1279,1279,890,665,0,25,0,1825,8,7,1,8
54,25,moe,811,37,2785,1301,1301,889,573,0,22,0,2537,8,7,1,8
54,26,moe,676,54,4297,1943,1943,890,1421,0,43,0,885,8,7,1,8
54,-1,epi,0,0,0,0,0,0,0,0,6059,0,0,0,0,0,0
55,-2,pre,221,0,0,0,0,0,0,0,0,0,0,0,0,0,0
55,0,dense,1470,35,0,0,0,0,0,0,0,0,0,0,0,0,0
55,1,moe,834,35,14411,8054,8056,4453,1852,0,50,0,738,8,3,5,8
55,2,moe,750,35,15440,6825,6825,8067,485,0,63,0,741,8,3,5,8
55,3,moe,646,33,10042,4394,4394,2672,2930,0,46,0,760,8,5,3,8
55,4,moe,769,66,4916,2527,2527,1589,709,0,91,0,662,8,6,2,8
55,5,moe,802,33,11266,3813,3813,4139,3270,0,44,0,1210,8,5,3,8
55,6,moe,744,35,8968,4198,4198,3359,1328,1,82,0,2684,8,6,2,8
55,7,moe,671,61,3309,1190,1190,1465,550,0,104,0,746,8,7,1,8
55,8,moe,730,35,13165,6958,6958,3828,2325,1,53,0,616,8,3,5,8
55,9,moe,803,39,13801,5533,5533,4712,3465,0,91,0,1304,8,4,4,8
55,10,moe,723,43,6918,2466,2466,2879,1491,0,82,0,656,8,6,2,8
55,11,moe,657,34,3098,1192,1192,1382,505,0,19,0,709,8,7,1,8
55,12,moe,729,403,12809,8837,8837,2796,1084,0,92,0,724,8,5,3,8
55,13,moe,798,38,3151,1279,1279,839,968,0,65,0,605,8,7,1,8
55,14,moe,4278,40,8522,5466,5466,2285,636,0,135,0,667,8,5,3,8
55,15,moe,9878,35,19374,6119,6120,8156,4933,0,165,0,726,8,3,5,8
55,16,moe,9215,40,14900,10337,10337,3886,561,0,116,0,1035,8,3,5,8
55,17,moe,7506,42,12,0,0,0,0,0,12,0,589,8,8,0,8
55,18,moe,7518,40,8259,5921,5921,1898,356,0,84,0,719,8,6,2,8
55,19,moe,782,38,10450,4354,4354,5619,376,0,101,0,1873,8,4,4,8
55,20,moe,731,42,2614,1144,1145,1388,54,0,27,0,1047,8,7,1,8
55,21,moe,796,35,10178,4382,4383,4995,712,0,88,0,730,8,5,3,8
55,22,moe,788,38,11398,6134,6134,4259,912,1,92,0,606,8,5,3,8
55,23,moe,646,35,9,0,1,0,0,0,8,0,774,8,8,0,8
55,24,moe,791,35,6582,2437,2437,3374,695,0,76,0,2074,8,6,2,8
55,25,moe,812,42,11,0,0,0,0,0,11,0,1371,8,8,0,8
55,26,moe,642,34,6454,2393,2393,3230,802,0,29,0,796,8,6,2,8
55,-1,epi,0,0,0,0,0,0,0,0,7809,0,0,0,0,0,0
56,-2,pre,277,0,0,0,0,0,0,0,0,0,0,0,0,0,0
56,0,dense,1449,48,0,0,0,0,0,0,0,0,0,0,0,0,0
56,1,moe,913,86,4493,2542,2542,1768,122,0,61,0,855,8,6,2,8
56,2,moe,769,66,4650,2739,2739,1770,112,1,28,0,746,8,6,2,8
56,3,moe,655,34,11,0,0,0,0,0,11,0,728,8,8,0,8
56,4,moe,728,34,9,0,0,0,0,0,9,0,628,8,8,0,8
56,5,moe,812,36,8174,3305,3305,2863,1920,1,85,0,619,8,6,2,8
56,6,moe,733,38,2899,1231,1231,1018,590,1,59,0,731,8,7,1,8
56,7,moe,642,34,3904,1163,1163,850,1811,0,80,0,1466,8,7,1,8
56,8,moe,759,37,6090,2285,2285,2759,1016,0,30,0,1109,8,6,2,8
56,9,moe,841,37,5795,2608,2608,1883,1225,1,78,0,803,8,6,2,8
56,10,moe,733,36,2507,1079,1079,843,517,0,68,0,664,8,7,1,8
56,11,moe,653,35,11,0,0,0,0,0,11,0,615,8,8,0,8
56,12,moe,736,36,5999,3585,3586,1888,456,0,69,0,809,8,6,2,8
56,13,moe,836,35,4411,2215,2215,1613,512,0,71,0,611,8,6,2,8
56,14,moe,737,36,8744,3499,3499,4133,1071,0,41,0,662,8,5,3,8
56,15,moe,649,36,8731,3683,3683,2762,2163,0,123,0,750,8,5,3,8
56,16,moe,738,36,4990,2271,2271,1631,1009,0,79,0,613,8,6,2,8
56,17,moe,804,41,5682,2445,2445,2765,441,0,31,0,619,8,6,2,8
56,18,moe,724,36,11185,3709,3709,3748,3620,0,108,0,809,8,5,3,8
56,19,moe,683,38,4963,2207,2207,1585,1078,0,93,0,2353,8,6,2,8
56,20,moe,858,48,6167,2302,2302,1542,2292,0,31,0,668,8,6,2,8
56,21,moe,856,40,4686,1303,1303,1747,1563,0,73,0,728,8,7,1,8
56,22,moe,866,38,4372,2173,2173,1622,500,1,76,0,639,8,6,2,8
56,23,moe,782,33,6636,4489,4489,1906,153,0,88,0,788,8,6,2,8
56,24,moe,820,38,9997,6441,6441,3227,290,0,39,0,739,8,6,2,8
56,25,moe,806,39,8343,3374,3374,3233,1703,0,33,0,746,8,6,2,8
56,26,moe,660,37,3037,1338,1338,1610,62,0,27,0,2065,8,7,1,8
56,-1,epi,0,0,0,0,0,0,0,0,6364,0,0,0,0,0,0
57,-2,pre,213,0,0,0,0,0,0,0,0,0,0,0,0,0,0
57,0,dense,1456,38,0,0,0,0,0,0,0,0,0,0,0,0,0
57,1,moe,827,36,5986,2603,2603,3221,126,1,35,0,1274,8,6,2,8
57,2,moe,735,39,5479,2281,2281,1793,1367,0,38,0,752,8,6,2,8
57,3,moe,651,34,6198,2473,2473,3227,463,0,35,0,1258,8,6,2,8
57,4,moe,742,37,9345,5045,5045,3349,859,0,92,0,1097,8,4,4,8
57,5,moe,817,38,6617,2243,2243,2874,1461,1,38,0,1132,8,6,2,8
57,6,moe,770,35,7972,2678,2678,3383,1831,0,80,0,734,8,6,2,8
57,7,moe,662,39,6393,2223,2223,2822,1270,0,78,0,610,8,6,2,8
57,8,moe,735,36,2871,1236,1236,1384,231,0,20,0,3148,8,7,1,8
57,9,moe,846,86,10563,4160,4160,4663,1648,0,92,0,737,8,5,3,8
57,10,moe,759,42,11,0,0,0,0,0,11,0,631,8,8,0,8
57,11,moe,651,40,2649,1173,1173,841,577,0,58,0,621,8,7,1,8
57,12,moe,754,39,6410,2587,2587,1897,1827,0,99,0,1322,8,6,2,8
57,13,moe,818,40,5539,2201,2202,2847,409,0,81,0,613,8,6,2,8
57,14,moe,740,37,6639,3595,3595,2762,247,0,35,0,1062,8,6,2,8
57,15,moe,601,36,7171,4374,4374,1890,824,0,83,0,1859,8,6,2,8
57,16,moe,748,39,9381,4717,4718,4228,338,0,97,0,1072,8,5,3,8
57,17,moe,791,38,5253,2196,2196,2768,255,0,34,0,1083,8,6,2,8
57,18,moe,745,39,4430,2562,2562,1745,56,0,67,0,949,8,7,1,8
57,19,moe,12473,35,13898,5604,5604,7023,1162,0,109,0,679,8,3,5,8
57,20,moe,10399,45,12389,4848,4848,5526,1952,0,63,0,611,8,4,4,8
57,21,moe,7206,39,11278,4906,4906,5012,1267,0,93,0,731,8,5,3,8
57,22,moe,7465,38,6697,3515,3515,2367,722,0,93,0,601,8,5,3,8
57,23,moe,7631,36,3002,1167,1167,1718,58,0,59,0,2479,8,7,1,8
57,24,moe,818,38,2939,1247,1247,1611,56,0,25,0,1241,8,7,1,8
57,25,moe,794,36,6948,3173,3173,3211,533,0,31,0,2372,8,6,2,8
57,26,moe,3592,36,2220,1163,1163,899,134,0,24,0,774,8,7,1,8
57,-1,epi,0,0,0,0,0,0,0,0,5943,0,0,0,0,0,0
58,-2,pre,206,0,0,0,0,0,0,0,0,0,0,0,0,0,0
58,0,dense,1506,93,0,0,0,0,0,0,0,0,0,0,0,0,0
58,1,moe,849,37,11503,3766,3767,4843,2849,1,43,0,734,8,5,3,8
58,2,moe,751,45,7500,2515,2515,3227,1722,1,35,0,1333,8,6,2,8
58,3,moe,650,35,2845,1294,1294,904,623,0,24,0,836,8,7,1,8
58,4,moe,741,37,9582,4614,4614,4260,610,0,98,0,623,8,5,3,8
58,5,moe,801,37,7386,2262,2262,2760,2334,0,30,0,613,8,6,2,8
58,6,moe,764,38,7028,2531,2531,1907,2517,0,73,0,729,8,6,2,8
58,7,moe,654,37,3940,1704,1704,836,1330,0,70,0,1101,8,7,1,8
58,8,moe,738,34,2790,1178,1178,1381,206,0,25,0,606,8,7,1,8
58,9,moe,800,36,10868,3783,3783,5025,1973,0,87,0,728,8,5,3,8
58,10,moe,792,36,9665,6259,6259,1612,1711,0,83,0,672,8,6,2,8
58,11,moe,637,34,7035,2263,2265,2756,1981,0,33,0,615,8,6,2,8
58,12,moe,729,34,2966,1265,1266,1023,600,0,77,0,725,8,7,1,8
58,13,moe,812,36,5821,3704,3704,1627,408,0,82,0,617,8,6,2,8
58,14,moe,736,37,9298,3818,3818,4142,1299,0,39,0,1740,8,5,3,8
58,15,moe,694,83,4543,2429,2429,1886,128,0,100,0,738,8,6,2,8
58,16,moe,745,39,2771,1175,1175,1481,49,0,66,0,612,8,7,1,8
58,17,moe,800,33,2919,1200,1200,1379,321,0,19,0,1691,8,7,1,8
58,18,moe,731,42,12,0,0,0,0,0,12,0,1290,8,8,0,8
58,19,moe,644,39,13777,5657,5657,6896,1175,0,49,0,606,8,3,5,8
58,20,moe,725,34,5524,2476,2476,2753,265,0,30,0,1100,8,6,2,8
58,21,moe,801,37,15118,6335,6335,8188,489,0,106,0,719,8,3,5,8
58,22,moe,791,34,9231,4462,4462,4275,370,0,124,0,1096,8,5,3,8
58,23,moe,634,34,3662,1242,1242,1763,601,0,56,0,1265,8,7,1,8
58,24,moe,799,37,6083,2481,2482,3215,356,1,29,0,817,8,6,2,8
58,25,moe,829,65,7296,2626,2626,2428,2205,1,36,0,932,8,6,2,8
58,26,moe,681,42,3003,1256,1256,1645,74,0,28,0,1271,8,7,1,8
58,-1,epi,0,0,0,0,0,0,0,0,5657,0,0,0,0,0,0
59,-2,pre,222,0,0,0,0,0,0,0,0,0,0,0,0,0,0
59,0,dense,1451,37,0,0,0,0,0,0,0,0,0,0,0,0,0
59,1,moe,827,39,15603,7787,7787,6251,1496,0,69,0,809,8,1,7,8
59,2,moe,730,36,11887,5140,5140,6442,252,0,53,0,731,8,4,4,8
59,3,moe,648,32,3304,1205,1205,1604,471,0,24,0,773,8,7,1,8
59,4,moe,734,34,2928,1175,1175,1480,192,0,81,0,957,8,7,1,8
59,5,moe,790,31,6062,2223,2223,2764,1031,0,44,0,1883,8,6,2,8
59,6,moe,723,34,8191,2428,2428,3310,2386,0,67,0,850,8,6,2,8
59,7,moe,661,35,13,0,0,0,0,0,13,0,611,8,8,0,8
59,8,moe,742,36,5823,2336,2336,2837,569,0,81,0,643,8,6,2,8
59,9,moe,881,63,3574,1562,1562,1724,225,0,63,0,1311,8,7,1,8
59,10,moe,736,45,10,0,0,0,0,0,10,0,1623,8,8,0,8
59,11,moe,635,32,6161,2274,2274,2831,978,0,78,0,1251,8,6,2,8
59,12,moe,783,53,6586,2646,2646,3325,530,0,85,0,726,8,6,2,8
59,13,moe,805,37,10,0,0,0,0,0,10,0,615,8,8,0,8
59,14,moe,745,31,14101,5928,5928,7029,1028,0,116,0,611,8,3,5,8
59,15,moe,647,30,15327,7235,7235,4781,3199,0,112,0,1253,8,3,5,8
59,16,moe,723,36,13171,5775,5775,7017,249,0,130,0,608,8,3,5,8
59,17,moe,795,40,11626,4785,4785,5520,1277,0,44,0,611,8,4,4,8
59,18,moe,724,33,11190,5750,5751,4970,366,0,103,0,726,8,5,3,8
59,19,moe,662,31,11136,4380,4380,5630,1019,0,107,0,608,8,4,4,8
59,20,moe,732,34,17350,9573,9574,6923,789,0,64,0,603,8,3,5,8
59,21,moe,784,36,19161,8678,8678,9507,849,0,127,0,788,8,2,6,8
59,22,moe,796,34,9006,4887,4888,3129,859,0,130,0,606,8,4,4,8
59,23,moe,645,31,18774,7758,7759,9798,1081,0,136,0,1271,8,2,6,8
59,24,moe,799,37,15259,8212,8212,5339,1641,0,67,0,791,8,2,6,8
59,25,moe,795,34,19804,8107,8107,8048,3555,0,94,0,796,8,3,5,8
59,26,moe,651,33,18863,9338,9338,6218,3227,0,80,0,754,8,1,7,8
59,-1,epi,0,0,0,0,0,0,0,0,5667,0,0,0,0,0,0
60,-2,pre,71,0,0,0,0,0,0,0,0,0,0,0,0,0,0
60,0,dense,1449,36,0,0,0,0,0,0,0,0,0,0,0,0,0
60,1,moe,812,34,9010,3764,3765,4835,372,0,38,0,731,8,5,3,8
60,2,moe,730,33,15012,6564,6565,8079,311,0,57,0,730,8,3,5,8
60,3,moe,640,33,12832,7355,7355,4461,953,0,63,0,739,8,3,5,8
60,4,moe,738,35,5718,2488,2488,2834,293,1,102,0,601,8,6,2,8
60,5,moe,790,35,9456,4384,4385,2305,2725,0,41,0,613,8,5,3,8
60,6,moe,724,35,5854,2699,2700,1870,1205,0,79,0,1858,8,6,2,8
60,7,moe,647,40,10,0,0,0,0,0,10,0,2206,8,8,0,8
60,8,moe,736,40,6648,2308,2308,2832,1406,0,102,0,638,8,6,2,8
60,9,moe,837,66,3394,1337,1337,1739,243,0,75,0,1283,8,7,1,8
60,10,moe,723,32,11464,8437,8438,1607,1337,0,82,0,1628,8,6,2,8
60,11,moe,639,32,3127,1196,1196,1380,529,0,22,0,1193,8,7,1,8
60,12,moe,729,32,9523,5937,5937,2791,699,0,96,0,1234,8,5,3,8
60,13,moe,789,33,4303,2197,2197,1627,400,0,79,0,606,8,6,2,8
60,14,moe,727,30,5483,2597,2597,2756,100,0,30,0,789,8,6,2,8
60,15,moe,639,31,5967,2442,2442,3325,121,0,79,0,3089,8,6,2,8
60,16,moe,775,65,7390,4528,4528,2356,368,0,138,0,666,8,5,3,8
60,17,moe,793,35,2133,1138,1138,769,202,0,24,0,660,8,7,1,8
60,18,moe,723,31,13723,8343,8343,4544,697,0,139,0,733,8,3,5,8
60,19,moe,646,31,15321,6165,6165,7005,2030,0,121,0,733,8,3,5,8
60,20,moe,1183,44,18186,7556,7557,8396,2150,0,83,0,615,8,2,6,8
60,21,moe,806,40,12366,7628,7628,3678,973,0,87,0,775,8,4,4,8
60,22,moe,792,34,14787,8238,8238,5687,746,0,116,0,608,8,4,4,8
60,23,moe,646,32,19915,8585,8587,9826,1367,0,135,0,737,8,2,6,8
60,24,moe,802,37,19696,10373,10373,8068,1199,0,56,0,791,8,3,5,8
60,25,moe,810,40,20478,9666,9669,5899,4850,1,59,0,818,8,3,5,8
60,26,moe,652,39,11493,6321,6321,4431,682,0,59,0,723,8,3,5,8
60,-1,epi,0,0,0,0,0,0,0,0,5736,0,0,0,0,0,0
61,-2,pre,102,0,0,0,0,0,0,0,0,0,0,0,0,0,0
61,0,dense,1479,103,0,0,0,0,0,0,0,0,0,0,0,0,0
61,1,moe,928,60,3223,1493,1493,1614,87,0,29,0,805,8,7,1,8
61,2,moe,730,35,6127,2736,2736,3236,121,0,34,0,884,8,6,2,8
61,3,moe,699,72,12487,7405,7405,4840,199,0,43,0,1794,8,5,3,8
61,4,moe,718,33,10,0,0,0,0,0,10,0,1783,8,8,0,8
61,5,moe,803,36,7648,2384,2384,2843,2318,0,103,0,657,8,6,2,8
61,6,moe,743,36,10,0,0,0,0,0,10,0,731,8,8,0,8
61,7,moe,728,35,9,0,0,0,0,0,9,0,622,8,8,0,8
61,8,moe,749,37,2713,1737,1737,760,194,0,22,0,610,8,7,1,8
61,9,moe,808,36,9280,3156,3156,1891,4170,1,62,0,781,8,6,2,8
61,10,moe,721,35,14709,4598,4598,5606,4398,0,107,0,609,8,4,4,8
61,11,moe,656,36,3091,1187,1187,1377,502,0,25,0,650,8,7,1,8
61,12,moe,731,40,11065,4680,4680,5009,1304,0,72,0,724,8,5,3,8
61,13,moe,787,43,6562,2316,2316,1605,2532,0,109,0,2386,8,6,2,8
61,14,moe,782,74,6086,3586,3586,2282,173,0,45,0,601,8,5,3,8
61,15,moe,672,55,5590,2728,2728,1897,885,0,80,0,729,8,6,2,8
61,16,moe,729,41,6224,2273,2273,2860,1011,0,80,0,656,8,6,2,8
61,17,moe,783,38,2766,1137,1137,1379,228,0,22,0,2003,8,7,1,8
61,18,moe,808,86,7978,4432,4433,3340,120,0,85,0,779,8,6,2,8
61,19,moe,643,41,5699,2189,2189,2854,574,0,82,0,660,8,6,2,8
61,20,moe,725,36,8071,3247,3248,4145,635,0,43,0,608,8,5,3,8
61,21,moe,787,39,6819,4167,4167,1893,679,0,80,0,1328,8,6,2,8
61,22,moe,790,36,6439,3650,3650,2375,310,0,104,0,659,8,5,3,8
61,23,moe,643,33,7367,3772,3772,3382,130,0,83,0,830,8,6,2,8
61,24,moe,801,43,7597,2372,2372,2813,2383,0,29,0,728,8,6,2,8
61,25,moe,798,38,11395,4101,4101,6433,812,0,49,0,733,8,4,4,8
61,26,moe,654,38,5797,2371,2371,3258,125,0,43,0,756,8,6,2,8
61,-1,epi,0,0,0,0,0,0,0,0,5728,0,0,0,0,0,0
62,-2,pre,199,0,0,0,0,0,0,0,0,0,0,0,0,0,0
62,0,dense,1438,43,0,0,0,0,0,0,0,0,0,0,0,0,0
62,1,moe,814,40,3172,1251,1251,1625,273,0,23,0,844,8,7,1,8
62,2,moe,769,91,2931,1229,1229,1612,60,0,30,0,1285,8,7,1,8
62,3,moe,656,33,7161,2641,2641,3232,1260,0,28,0,726,8,6,2,8
62,4,moe,723,36,5588,2239,2239,2848,410,0,91,0,634,8,6,2,8
62,5,moe,805,56,2496,1178,1178,768,528,0,22,0,1098,8,7,1,8
62,6,moe,734,35,10,0,0,0,0,0,10,0,725,8,8,0,8
62,7,moe,652,34,8,0,0,0,0,0,8,0,1218,8,8,0,8
62,8,moe,741,34,5647,2393,2393,2753,471,0,30,0,612,8,6,2,8
62,9,moe,797,42,3451,1263,1263,1765,357,0,66,0,731,8,7,1,8
62,10,moe,728,34,2388,1169,1169,855,274,0,90,0,679,8,7,1,8
62,11,moe,683,44,2585,1145,1145,761,656,0,23,0,660,8,7,1,8
62,12,moe,736,39,5570,2977,2977,1911,602,0,80,0,840,8,6,2,8
62,13,moe,794,39,9,0,0,0,0,0,9,0,606,8,8,0,8
62,14,moe,725,41,4245,2433,2433,1622,107,0,83,0,719,8,6,2,8
62,15,moe,656,41,9363,3581,3581,4949,742,0,91,0,1306,8,5,3,8
62,16,moe,729,43,2174,1209,1209,844,48,0,73,0,687,8,7,1,8
62,17,moe,797,40,5355,2154,2154,2761,408,0,32,0,612,8,6,2,8
62,18,moe,724,42,22,0,0,0,0,1,21,0,882,8,8,0,8
62,19,moe,650,63,2105,1246,1246,769,68,0,22,0,610,8,7,1,8
62,20,moe,724,37,2452,1159,1159,762,508,0,23,0,1508,8,7,1,8
62,21,moe,796,37,6322,2579,2579,3346,315,0,82,0,788,8,6,2,8
62,22,moe,806,40,9,0,0,0,0,0,9,0,770,8,8,0,8
62,23,moe,657,43,2955,1269,1269,1608,58,0,20,0,786,8,7,1,8
62,24,moe,805,35,8036,3560,3560,3248,1199,0,29,0,847,8,6,2,8
62,25,moe,803,38,2994,1299,1299,1613,59,1,22,0,729,8,7,1,8
62,26,moe,644,38,6013,2617,2617,3214,148,0,34,0,730,8,6,2,8
62,-1,epi,0,0,0,0,0,0,0,0,5771,0,0,0,0,0,0
63,-2,pre,201,0,0,0,0,0,0,0,0,0,0,0,0,0,0
63,0,dense,1444,41,0,0,0,0,0,0,0,0,0,0,0,0,0
63,1,moe,821,40,9969,3788,3788,4864,1279,0,38,0,838,8,5,3,8
63,2,moe,728,37,9633,3160,3160,5156,1280,0,37,0,796,8,5,3,8
63,3,moe,651,46,19236,9257,9257,8132,1785,0,62,0,786,8,3,5,8
63,4,moe,731,40,10018,3947,3947,4380,1586,0,105,0,613,8,5,3,8
63,5,moe,810,43,8067,2598,2598,2761,2675,0,33,0,1065,8,6,2,8
63,6,moe,728,37,7566,2558,2558,3316,1611,0,81,0,777,8,6,2,8
63,7,moe,659,35,9708,3771,3771,4232,1619,0,86,0,1098,8,5,3,8
63,8,moe,745,50,2879,1156,1157,1382,317,0,23,0,608,8,7,1,8
63,9,moe,801,42,9714,3830,3831,5011,779,0,93,0,724,8,5,3,8
63,10,moe,732,37,10,0,0,0,0,0,10,0,603,8,8,0,8
63,11,moe,645,34,12429,4826,4826,5630,1864,0,109,0,608,8,4,4,8
63,12,moe,732,38,10149,3618,3618,4965,1474,1,91,0,730,8,5,3,8
63,13,moe,790,38,2847,1117,1117,1443,220,0,67,0,748,8,7,1,8
63,14,moe,730,42,2698,1221,1221,1399,57,0,21,0,771,8,7,1,8
63,15,moe,646,34,3645,1252,1252,1711,625,0,57,0,792,8,7,1,8
63,16,moe,726,46,8366,3297,3297,4234,762,0,73,0,611,8,5,3,8
63,17,moe,797,36,9,0,0,0,0,0,9,0,660,8,8,0,8
63,18,moe,722,35,3151,1282,1282,1747,55,0,67,0,748,8,7,1,8
63,19,moe,654,32,5309,2266,2266,2842,128,0,73,0,702,8,6,2,8
63,20,moe,768,39,10,0,0,0,0,0,10,0,677,8,8,0,8
63,21,moe,939,38,6272,2685,2685,3342,126,1,118,0,885,8,6,2,8
63,22,moe,794,36,5503,2276,2277,2869,270,0,87,0,652,8,6,2,8
63,23,moe,649,33,9,0,0,0,0,0,9,0,836,8,8,0,8
63,24,moe,794,37,9667,5487,5487,3409,692,0,79,0,1466,8,6,2,8
63,25,moe,806,36,8827,5452,5452,3214,131,0,30,0,729,8,6,2,8
63,26,moe,636,35,2953,1265,1265,1601,65,0,22,0,776,8,7,1,8
63,-1,epi,0,0,0,0,0,0,0,0,5759,0,0,0,0,0,0
64,-2,pre,40,0,0,0,0,0,0,0,0,0,0,0,0,0,0
64,0,dense,1485,39,0,0,0,0,0,0,0,0,0,0,0,0,0
64,1,moe,816,39,4289,2590,2590,1611,65,0,23,0,1363,8,7,1,8
64,2,moe,750,34,10,0,1,0,0,0,9,0,886,8,8,0,8
64,3,moe,653,32,2946,1247,1247,1620,60,0,19,0,1235,8,7,1,8
64,4,moe,795,35,9,0,0,0,0,0,9,0,1639,8,8,0,8
64,5,moe,806,41,10,0,0,0,0,0,10,0,1293,8,8,0,8
64,6,moe,738,34,3745,1495,1495,1603,623,0,24,0,6087,8,7,1,8
64,7,moe,651,39,11,0,0,0,0,0,11,0,1222,8,8,0,8
64,8,moe,736,35,3018,1207,1207,1529,218,0,64,0,3143,8,7,1,8
64,9,moe,831,38,3373,1304,1304,1733,264,0,72,0,1328,8,7,1,8
64,10,moe,730,38,3216,1131,1131,1512,507,0,66,0,1360,8,7,1,8
64,11,moe,673,51,9,0,0,0,0,0,9,0,1138,8,8,0,8
64,12,moe,744,43,6661,2509,2509,3393,677,0,82,0,1882,8,6,2,8
64,13,moe,800,38,3203,1160,1160,1459,519,0,65,0,1157,8,7,1,8
64,14,moe,732,36,16595,6864,6865,8291,1374,0,65,0,614,8,2,6,8
64,15,moe,649,34,20724,8329,8330,11484,775,0,135,0,1272,8,1,7,8
64,16,moe,736,40,19414,8789,8789,9793,701,0,131,0,1054,8,1,7,8
64,17,moe,796,37,5493,2292,2292,2757,412,0,32,0,658,8,6,2,8
64,18,moe,731,34,11479,4007,4007,6661,683,0,128,0,790,8,4,4,8
64,19,moe,642,42,17441,5712,5713,9729,1880,1,118,0,606,8,1,7,8
64,20,moe,733,38,12439,3345,3345,6891,2146,0,57,0,1170,8,3,5,8
64,21,moe,1118,47,14646,5894,5894,8179,485,0,88,0,722,8,3,5,8
64,22,moe,790,36,7669,4110,4111,2853,612,0,93,0,603,8,6,2,8
64,23,moe,639,39,3295,1237,1237,1773,226,0,59,0,715,8,7,1,8
64,24,moe,787,36,6070,2408,2408,3221,411,1,29,0,770,8,6,2,8
64,25,moe,830,36,2944,1260,1260,1607,57,0,20,0,733,8,7,1,8
64,26,moe,642,34,10,0,0,0,0,0,10,0,825,8,8,0,8
64,-1,epi,0,0,0,0,0,0,0,0,5769,0,0,0,0,0,0
65,-2,pre,44,0,0,0,0,0,0,0,0,0,0,0,0,0,0
65,0,dense,1441,33,0,0,0,0,0,0,0,0,0,0,0,0,0
65,1,moe,819,34,9,0,0,0,0,0,9,0,807,8,8,0,8
65,2,moe,749,31,4268,1342,1342,1617,1286,0,23,0,744,8,7,1,8
65,3,moe,667,29,8686,3626,3626,4830,191,0,39,0,833,8,5,3,8
65,4,moe,738,29,7683,4342,4343,2839,400,0,101,0,659,8,6,2,8
65,5,moe,790,31,2938,1096,1096,1378,442,0,22,0,600,8,7,1,8
65,6,moe,733,31,3703,1222,1223,1775,637,1,67,0,727,8,7,1,8
65,7,moe,650,35,9,0,0,0,0,0,9,0,611,8,8,0,8
65,8,moe,747,33,2933,1142,1142,1508,212,0,71,0,613,8,7,1,8
65,9,moe,802,32,5308,3167,3167,1733,339,0,69,0,731,8,7,1,8
65,10,moe,730,31,10,0,0,0,0,0,10,0,610,8,8,0,8
65,11,moe,653,29,5559,2232,2232,2863,383,0,81,0,606,8,6,2,8
65,12,moe,736,34,10,0,0,0,0,0,10,0,726,8,8,0,8
65,13,moe,798,30,9,0,0,0,0,0,9,0,615,8,8,0,8
65,14,moe,725,28,8093,3757,3758,4138,156,0,41,0,607,8,5,3,8
65,15,moe,649,34,6059,2458,2458,3418,121,0,62,0,728,8,6,2,8
65,16,moe,724,31,10,0,0,0,0,0,10,0,716,8,8,0,8
65,17,moe,791,32,9,0,0,0,0,0,9,0,2110,8,8,0,8
65,18,moe,777,77,3127,1348,1348,1672,85,0,22,0,789,8,7,1,8
65,19,moe,804,37,11,0,0,0,0,0,11,0,632,8,8,0,8
65,20,moe,751,42,2743,1153,1153,1462,57,0,71,0,678,8,7,1,8
65,21,moe,815,34,10,0,0,0,0,0,10,0,1416,8,8,0,8
65,22,moe,810,37,3030,1252,1252,1402,352,0,24,0,634,8,7,1,8
65,23,moe,662,31,3565,1154,1154,1725,634,0,52,0,1800,8,7,1,8
65,24,moe,810,35,6084,2447,2447,1787,1810,0,40,0,753,8,6,2,8
65,25,moe,831,38,2259,1270,1270,894,66,0,29,0,792,8,7,1,8
65,26,moe,654,33,9655,5631,5631,3554,421,0,49,0,745,8,4,4,8
65,-1,epi,0,0,0,0,0,0,0,0,5849,0,0,0,0,0,0
66,-2,pre,47,0,0,0,0,0,0,0,0,0,0,0,0,0,0
66,0,dense,1463,36,0,0,0,0,0,0,0,0,0,0,0,0,0
66,1,moe,825,34,2936,1242,1242,1607,63,0,24,0,798,8,7,1,8
66,2,moe,779,37,3454,1234,1234,1603,591,0,26,0,743,8,7,1,8
66,3,moe,654,37,5941,2547,2547,3238,126,1,29,0,737,8,6,2,8
66,4,moe,742,31,8399,3336,3337,4209,766,0,87,0,615,8,5,3,8
66,5,moe,796,32,10,0,0,0,0,0,10,0,678,8,8,0,8
66,6,moe,740,32,5407,2071,2071,1765,1495,0,76,0,906,8,7,1,8
66,7,moe,658,27,11,0,0,0,0,0,11,0,615,8,8,0,8
66,8,moe,733,31,11,0,0,0,0,0,11,0,675,8,8,0,8
66,9,moe,820,35,3329,1309,1309,1619,380,0,21,0,789,8,7,1,8
66,10,moe,740,32,6781,2986,2986,2873,835,0,87,0,671,8,6,2,8
66,11,moe,649,30,6582,3413,3413,2297,827,0,45,0,676,8,5,3,8
66,12,moe,734,32,2643,1324,1324,1010,238,0,71,0,790,8,7,1,8
66,13,moe,799,32,11676,6403,6403,4261,912,1,99,0,728,8,5,3,8
66,14,moe,729,31,7978,3437,3437,4145,356,0,40,0,660,8,5,3,8
66,15,moe,652,29,7266,3846,3846,2780,540,0,100,0,750,8,5,3,8
66,16,moe,729,33,5411,2366,2366,2864,99,0,82,0,765,8,6,2,8
66,17,moe,795,30,3493,1209,1209,1395,870,0,19,0,773,8,7,1,8
66,18,moe,732,32,3075,1202,1202,1727,72,0,74,0,1288,8,7,1,8
66,19,moe,640,27,9556,4702,4703,3142,1623,1,87,0,653,8,4,4,8
66,20,moe,737,35,12,0,0,0,0,0,12,0,612,8,8,0,8
66,21,moe,792,32,9,0,0,0,0,0,9,0,742,8,8,0,8
66,22,moe,801,30,5210,2305,2305,2757,116,0,32,0,667,8,6,2,8
66,23,moe,652,30,7943,3227,3227,3400,1213,0,103,0,928,8,6,2,8
66,24,moe,802,34,7648,3719,3719,3231,666,0,32,0,783,8,6,2,8
66,25,moe,800,33,5839,2454,2454,3234,120,0,31,0,854,8,6,2,8
66,26,moe,646,30,11,0,0,0,0,0,11,0,778,8,8,0,8
66,-1,epi,0,0,0,0,0,0,0,0,5872,0,0,0,0,0,0
67,-2,pre,221,0,0,0,0,0,0,0,0,0,0,0,0,0,0
67,0,dense,1456,40,0,0,0,0,0,0,0,0,0,0,0,0,0
67,1,moe,818,263,4622,3650,3650,885,59,0,28,0,740,8,7,1,8
67,2,moe,746,37,10177,5075,5075,4862,199,0,41,0,778,8,5,3,8
67,3,moe,653,35,5838,2464,2464,3226,116,0,32,0,728,8,6,2,8
67,4,moe,737,41,7305,4271,4271,2841,105,0,88,0,619,8,6,2,8
67,5,moe,794,38,5959,2170,2170,2778,983,0,28,0,665,8,6,2,8
67,6,moe,736,35,9,0,0,0,0,0,9,0,736,8,8,0,8
67,7,moe,658,40,10,0,0,0,0,0,10,0,1109,8,8,0,8
67,8,moe,739,36,2169,1173,1173,772,203,0,21,0,631,8,7,1,8
67,9,moe,814,36,10,0,0,0,0,0,10,0,739,8,8,0,8
67,10,moe,739,33,9,0,0,0,0,0,9,0,632,8,8,0,8
67,11,moe,668,33,9,0,0,0,0,0,9,0,631,8,8,0,8
67,12,moe,747,37,9,0,0,0,0,0,9,0,757,8,8,0,8
67,13,moe,811,34,9,0,0,0,0,0,9,0,645,8,8,0,8
67,14,moe,747,35,2152,1151,1151,769,212,0,20,0,629,8,7,1,8
67,15,moe,663,33,9275,7004,7004,1896,291,0,84,0,737,8,6,2,8
67,16,moe,729,35,10526,7702,7702,2413,310,0,101,0,622,8,5,3,8
67,17,moe,798,36,9,0,0,0,0,0,9,0,612,8,8,0,8
67,18,moe,742,93,4587,3280,3280,1006,230,0,71,0,855,8,7,1,8
67,19,moe,651,33,9749,6343,6343,2374,936,0,96,0,617,8,5,3,8
67,20,moe,730,37,1989,1151,1151,766,53,0,19,0,628,8,7,1,8
67,21,moe,792,35,2934,1267,1267,1015,589,0,63,0,934,8,7,1,8
67,22,moe,1256,39,2792,1182,1182,1452,53,0,105,0,722,8,7,1,8
67,23,moe,644,33,3760,1305,1305,1784,615,0,56,0,782,8,7,1,8
67,24,moe,803,42,5785,4792,4792,895,70,0,28,0,841,8,7,1,8
67,25,moe,801,38,9,0,0,0,0,0,9,0,847,8,8,0,8
67,26,moe,655,32,3164,1229,1229,892,1023,0,20,0,777,8,7,1,8
67,-1,epi,0,0,0,0,0,0,0,0,5891,0,0,0,0,0,0
68,-2,pre,206,0,0,0,0,0,0,0,0,0,0,0,0,0,0
68,0,dense,1463,43,0,0,0,0,0,0,0,0,0,0,0,0,0
68,1,moe,825,36,6975,3697,3697,2663,570,0,45,0,1478,8,5,3,8
68,2,moe,734,36,9163,5127,5127,3559,424,0,53,0,741,8,4,4,8
68,3,moe,678,38,13098,5029,5030,6440,1579,0,49,0,740,8,4,4,8
68,4,moe,730,38,16188,8167,8167,7001,902,1,117,0,608,8,3,5,8
68,5,moe,795,39,12401,8770,8770,2795,804,0,32,0,601,8,6,2,8
68,6,moe,724,39,3522,1385,1385,1015,1042,0,80,0,753,8,7,1,8
68,7,moe,736,43,4530,2484,2484,1459,515,0,72,0,611,8,7,1,8
68,8,moe,738,45,10275,5683,5683,3044,1499,0,49,0,612,8,4,4,8
68,9,moe,793,37,5054,2437,2437,1887,646,0,84,0,726,8,6,2,8
68,10,moe,727,36,6263,3537,3537,1600,1039,0,87,0,1104,8,6,2,8
68,11,moe,651,33,14188,7660,7660,5538,942,0,48,0,606,8,4,4,8
68,12,moe,720,35,8839,5542,5542,2748,443,0,106,0,730,8,5,3,8
68,13,moe,793,39,6246,2894,2894,2825,437,0,90,0,606,8,6,2,8
68,14,moe,721,39,15597,6771,6773,8288,461,0,75,0,603,8,2,6,8
68,15,moe,648,34,9,0,0,0,0,0,9,0,820,8,8,0,8
68,16,moe,718,44,12858,6488,6488,5605,703,0,62,0,746,8,4,4,8
68,17,moe,820,43,6464,2492,2493,2765,1168,0,38,0,607,8,6,2,8
68,18,moe,736,39,3090,1227,1227,1727,62,0,74,0,1802,8,7,1,8
68,19,moe,652,34,9013,3534,3534,4237,1141,0,101,0,690,8,5,3,8
68,20,moe,737,37,13,0,0,0,0,1,12,0,1194,8,8,0,8
68,21,moe,801,37,7595,2784,2784,3591,1111,0,109,0,792,8,5,3,8
68,22,moe,833,39,4614,2348,2348,1595,592,0,79,0,1130,8,6,2,8
68,23,moe,843,36,11445,7804,7804,2789,752,0,100,0,783,8,5,3,8
68,24,moe,7467,39,2920,1343,1343,890,660,0,27,0,2103,8,7,1,8
68,25,moe,794,40,4367,2416,2416,1787,129,0,35,0,1273,8,6,2,8
68,26,moe,650,35,3855,1290,1290,903,1641,0,21,0,814,8,7,1,8
68,-1,epi,0,0,0,0,0,0,0,0,5808,0,0,0,0,0,0
69,-2,pre,216,0,0,0,0,0,0,0,0,0,0,0,0,0,0
69,0,dense,1456,39,0,0,0,0,0,0,0,0,0,0,0,0,0
69,1,moe,820,37,10859,5687,5688,3564,1555,0,52,0,1289,8,4,4,8
69,2,moe,737,38,22479,11838,11838,9694,867,0,80,0,1299,8,2,6,8
69,3,moe,656,39,5901,2539,2539,3210,118,0,34,0,2181,8,6,2,8
69,4,moe,736,41,18488,11659,11660,5607,1099,0,122,0,599,8,4,4,8
69,5,moe,806,43,3071,1160,1160,1393,493,0,25,0,605,8,7,1,8
69,6,moe,736,34,10567,3701,3701,4922,1837,0,107,0,783,8,5,3,8
69,7,moe,643,36,6855,2228,2228,2219,2343,0,65,0,641,8,6,2,8
69,8,moe,733,38,7873,4018,4019,2293,1508,0,53,0,613,8,5,3,8
69,9,moe,800,41,18618,12165,12165,5460,856,0,137,0,738,8,2,6,8
69,10,moe,728,36,4773,2345,2346,1590,753,0,84,0,618,8,6,2,8
69,11,moe,649,34,2832,1206,1206,1379,222,0,25,0,659,8,7,1,8
69,12,moe,720,36,3088,1222,1222,1731,74,0,61,0,726,8,7,1,8
69,13,moe,797,35,3947,2088,2088,1463,326,0,70,0,605,8,7,1,8
69,14,moe,725,35,9627,3701,3701,4298,1577,0,51,0,626,8,4,4,8
69,15,moe,644,61,3725,1283,1283,1781,586,0,75,0,722,8,7,1,8
69,16,moe,730,36,6792,3850,3850,2359,492,0,91,0,659,8,5,3,8
69,17,moe,791,43,4305,2313,2313,1536,423,0,33,0,661,8,6,2,8
69,18,moe,739,36,6067,2467,2468,3393,122,0,84,0,721,8,6,2,8
69,19,moe,646,35,2901,1129,1129,1478,223,0,71,0,713,8,7,1,8
69,20,moe,732,36,8967,3600,3600,4163,1164,1,39,0,610,8,5,3,8
69,21,moe,799,37,12,0,0,0,0,0,12,0,1275,8,8,0,8
69,22,moe,802,37,5122,2233,2233,2754,98,0,37,0,657,8,6,2,8
69,23,moe,646,34,3585,1247,1247,1711,559,0,68,0,888,8,7,1,8
69,24,moe,1064,40,5482,3516,3517,1782,147,0,36,0,730,8,6,2,8
69,25,moe,800,35,10,0,0,0,0,0,10,0,725,8,8,0,8
69,26,moe,659,42,10,0,0,0,0,0,10,0,734,8,8,0,8
69,-1,epi,0,0,0,0,0,0,0,0,5846,0,0,0,0,0,0
70,-2,pre,1195,0,0,0,0,0,0,0,0,0,0,0,0,0,0
70,0,dense,1447,39,0,0,0,0,0,0,0,0,0,0,0,0,0
70,1,moe,821,35,11914,7873,7874,3568,420,0,52,0,1342,8,4,4,8
70,2,moe,763,70,5776,2392,2392,3230,118,0,36,0,1458,8,6,2,8
70,3,moe,650,34,10578,6662,6662,3234,651,0,31,0,876,8,6,2,8
70,4,moe,725,35,5346,2293,2293,2850,106,1,96,0,1137,8,6,2,8
70,5,moe,797,34,2769,1164,1164,1382,199,0,24,0,717,8,7,1,8
70,6,moe,749,33,9611,3706,3707,4966,847,0,91,0,781,8,5,3,8
70,7,moe,649,35,7400,3395,3396,2861,1056,0,87,0,669,8,6,2,8
70,8,moe,733,34,5198,2302,2302,2757,108,0,31,0,600,8,6,2,8
70,9,moe,798,34,6934,3137,3137,3433,281,0,83,0,723,8,6,2,8
70,10,moe,732,33,10,0,0,0,0,0,10,0,754,8,8,0,8
70,11,moe,651,32,9,0,0,0,0,0,9,0,657,8,8,0,8
70,12,moe,739,32,3385,1278,1278,1612,470,0,25,0,764,8,7,1,8
70,13,moe,808,37,2951,1157,1157,1501,202,0,91,0,1112,8,7,1,8
70,14,moe,735,35,2666,1210,1210,1384,49,0,23,0,661,8,7,1,8
70,15,moe,664,32,8069,4499,4500,3364,122,0,83,0,789,8,6,2,8
70,16,moe,730,35,10206,4649,4650,4210,1246,0,100,0,726,8,5,3,8
70,17,moe,809,47,8898,4355,4355,4137,362,1,43,0,705,8,5,3,8
70,18,moe,728,34,12570,6719,6719,4556,1178,0,117,0,735,8,3,5,8
70,19,moe,657,36,6435,1965,1965,3404,980,0,86,0,608,8,5,3,8
70,20,moe,728,73,10595,5124,5124,4140,1289,0,42,0,1106,8,5,3,8
70,21,moe,807,48,14330,7049,7050,6556,606,0,118,0,838,8,4,4,8
70,22,moe,800,36,13098,6613,6614,5646,697,1,140,0,691,8,4,4,8
70,23,moe,711,38,12597,6270,6270,4926,1293,1,107,0,799,8,5,3,8
70,24,moe,1041,37,12639,5106,5106,6462,1014,0,57,0,798,8,4,4,8
70,25,moe,801,35,10780,4958,4958,4832,942,1,47,0,795,8,5,3,8
70,26,moe,659,36,5809,2421,2422,3240,113,1,33,0,779,8,6,2,8
70,-1,epi,0,0,0,0,0,0,0,0,5725,0,0,0,0,0,0
71,-2,pre,191,0,0,0,0,0,0,0,0,0,0,0,0,0,0
71,0,dense,1476,66,0,0,0,0,0,0,0,0,0,0,0,0,0
71,1,moe,837,36,17130,7368,7368,6594,3098,0,70,0,751,8,2,6,8
71,2,moe,731,38,15923,6388,6388,8053,1411,0,71,0,847,8,3,5,8
71,3,moe,644,35,12404,4898,4898,6448,998,0,60,0,732,8,4,4,8
71,4,moe,721,34,11768,5758,5759,5633,203,0,173,0,614,8,4,4,8
71,5,moe,798,35,8491,3466,3467,4131,852,0,41,0,611,8,5,3,8
71,6,moe,748,34,5623,2940,2940,1893,724,0,66,0,1290,8,6,2,8
71,7,moe,647,30,11044,5127,5127,3117,2689,0,111,0,623,8,4,4,8
71,8,moe,735,38,2844,1203,1203,1390,224,0,27,0,653,8,7,1,8
71,9,moe,805,31,6020,2454,2454,3353,129,0,84,0,729,8,6,2,8
71,10,moe,738,35,3250,1207,1207,1460,513,0,70,0,607,8,7,1,8
71,11,moe,643,30,3011,1113,1113,1380,499,1,18,0,621,8,7,1,8
71,12,moe,729,33,9949,3667,3667,4969,1206,0,107,0,742,8,5,3,8
71,13,moe,809,37,18338,7483,7483,8391,2321,0,143,0,617,8,2,6,8
71,14,moe,735,34,6624,3537,3537,2286,753,0,48,0,666,8,5,3,8
71,15,moe,653,31,8896,3624,3624,2781,2384,0,107,0,741,8,5,3,8
71,16,moe,725,35,10581,4414,4414,5627,418,0,122,0,722,8,4,4,8
71,17,moe,798,35,8756,3346,3346,4156,1209,0,45,0,663,8,5,3,8
71,18,moe,735,36,11194,3698,3698,4964,2417,0,115,0,735,8,5,3,8
71,19,moe,635,32,3172,1133,1133,1465,505,0,69,0,608,8,7,1,8
71,20,moe,816,45,5717,2664,2664,2754,265,0,34,0,728,8,6,2,8
71,21,moe,796,30,6182,2518,2518,1899,1684,0,81,0,1295,8,6,2,8
71,22,moe,797,35,8699,3435,3435,4232,930,0,102,0,878,8,5,3,8
71,23,moe,639,33,7357,2746,2746,3366,1165,0,80,0,780,8,6,2,8
71,24,moe,790,33,3478,1243,1243,1607,605,0,23,0,786,8,7,1,8
71,25,moe,808,33,2938,1233,1233,1607,72,0,26,0,785,8,7,1,8
71,26,moe,643,30,9732,3926,3926,4858,906,0,42,0,828,8,5,3,8
71,-1,epi,0,0,0,0,0,0,0,0,5721,0,0,0,0,0,0
72,-2,pre,256,0,0,0,0,0,0,0,0,0,0,0,0,0,0
72,0,dense,1450,36,0,0,0,0,0,0,0,0,0,0,0,0,0
72,1,moe,817,34,4807,2696,2696,1776,299,0,36,0,2459,8,6,2,8
72,2,moe,754,35,20306,11697,11697,6504,2051,0,54,0,800,8,4,4,8
72,3,moe,657,36,5338,2534,2534,1785,974,0,45,0,2024,8,6,2,8
72,4,moe,739,35,9570,4932,4932,4227,317,0,94,0,612,8,5,3,8
72,5,moe,795,37,7747,3507,3507,2301,1891,0,48,0,617,8,5,3,8
72,6,moe,734,34,3275,1254,1254,1729,237,0,55,0,839,8,7,1,8
72,7,moe,651,30,3212,1216,1216,1435,487,0,74,0,611,8,7,1,8
72,8,moe,732,35,6778,2318,2318,2755,1672,0,33,0,721,8,6,2,8
72,9,moe,804,33,8964,2559,2559,3333,2960,0,112,0,847,8,6,2,8
72,10,moe,732,37,10,0,0,0,0,0,10,0,670,8,8,0,8
72,11,moe,669,32,2387,1269,1269,825,215,0,78,0,665,8,7,1,8
72,12,moe,735,33,11,0,0,0,0,0,11,0,801,8,8,0,8
72,13,moe,811,31,9,0,0,0,0,0,9,0,739,8,8,0,8
72,14,moe,749,31,4367,2325,2325,1525,482,0,35,0,623,8,6,2,8
72,15,moe,658,29,6973,2432,2432,3323,1136,0,82,0,1292,8,6,2,8
72,16,moe,742,33,6670,3619,3619,2839,111,0,101,0,677,8,6,2,8
72,17,moe,797,35,2574,1122,1123,1380,49,1,21,0,713,8,7,1,8
72,18,moe,739,33,2941,1258,1258,1018,596,1,68,0,740,8,7,1,8
72,19,moe,654,30,4324,2362,2362,1601,278,0,83,0,617,8,6,2,8
72,20,moe,732,30,6045,2255,2255,2759,991,0,40,0,622,8,6,2,8
72,21,moe,806,31,11,0,0,0,0,0,11,0,778,8,8,0,8
72,22,moe,800,29,11286,5064,5064,5525,648,0,49,0,617,8,4,4,8
72,23,moe,650,29,3185,1239,1239,1746,129,1,70,0,772,8,7,1,8
72,24,moe,828,32,6599,2588,2588,3221,752,0,38,0,1374,8,6,2,8
72,25,moe,7531,35,2889,1187,1187,1615,60,0,27,0,728,8,7,1,8
72,26,moe,976,30,10,0,0,0,0,0,10,0,1652,8,8,0,8
72,-1,epi,0,0,0,0,0,0,0,0,5769,0,0,0,0,0,0
73,-2,pre,61,0,0,0,0,0,0,0,0,0,0,0,0,0,0
73,0,dense,1454,41,0,0,0,0,0,0,0,0,0,0,0,0,0
73,1,moe,832,36,12,0,0,0,0,0,12,0,2119,8,8,0,8
73,2,moe,730,37,8023,3813,3814,3277,892,0,40,0,763,8,6,2,8
73,3,moe,663,34,6891,2461,2461,1990,2404,0,36,0,746,8,6,2,8
73,4,moe,734,39,1280,301,301,857,50,0,72,0,677,8,7,1,8
73,5,moe,805,39,7687,4411,4411,2291,939,0,46,0,1087,8,5,3,8
73,6,moe,748,45,3457,1342,1342,1797,240,0,78,0,850,8,7,1,8
73,7,moe,667,35,4013,1197,1197,1449,1295,0,72,0,735,8,7,1,8
73,8,moe,736,36,6367,2361,2361,2769,1200,1,36,0,669,8,6,2,8
73,9,moe,810,39,11,0,0,0,0,0,11,0,785,8,8,0,8
73,10,moe,743,34,2166,1157,1157,769,213,0,27,0,625,8,7,1,8
73,11,moe,661,33,4016,1152,1152,774,2068,0,22,0,3031,8,7,1,8
73,12,moe,794,59,12,0,0,0,0,0,12,0,1845,8,8,0,8
73,13,moe,808,39,6372,2350,2351,2747,1240,0,34,0,670,8,6,2,8
73,14,moe,795,81,23,0,0,0,0,0,23,0,658,8,8,0,8
73,15,moe,671,35,9,0,0,0,0,0,9,0,3113,8,8,0,8
73,16,moe,767,37,4383,1497,1498,2748,101,0,36,0,1127,8,6,2,8
73,17,moe,818,41,12,0,0,0,0,0,12,0,691,8,8,0,8
73,18,moe,748,39,10,0,0,0,0,0,10,0,811,8,8,0,8
73,19,moe,665,35,3251,1246,1246,1374,610,0,21,0,2345,8,7,1,8
73,20,moe,794,60,4283,3138,3138,766,332,0,47,0,759,8,7,1,8
73,21,moe,822,39,2941,1307,1307,976,583,1,74,0,780,8,7,1,8
73,22,moe,799,37,2786,1213,1213,1445,53,0,75,0,653,8,7,1,8
73,23,moe,663,34,3529,1185,1185,1699,591,0,54,0,731,8,7,1,8
73,24,moe,806,36,2958,1250,1250,1610,75,0,23,0,736,8,7,1,8
73,25,moe,817,36,6807,2695,2696,3219,857,0,35,0,831,8,6,2,8
73,26,moe,835,35,2871,1258,1258,900,688,0,25,0,780,8,7,1,8
73,-1,epi,0,0,0,0,0,0,0,0,5853,0,0,0,0,0,0
74,-2,pre,37,0,0,0,0,0,0,0,0,0,0,0,0,0,0
74,0,dense,1607,38,0,0,0,0,0,0,0,0,0,0,0,0,0
74,1,moe,946,36,6404,3027,3027,3217,125,0,35,0,815,8,6,2,8
74,2,moe,760,44,10,0,0,0,0,0,10,0,867,8,8,0,8
74,3,moe,673,36,3548,1336,1336,1610,579,0,23,0,2738,8,7,1,8
74,4,moe,741,37,10,0,0,0,0,0,10,0,631,8,8,0,8
74,5,moe,838,40,10,0,0,0,0,1,9,0,641,8,8,0,8
74,6,moe,759,34,9,0,0,0,0,0,9,0,750,8,8,0,8
74,7,moe,674,38,9,0,0,0,0,0,9,0,640,8,8,0,8
74,8,moe,766,38,3324,1236,1236,1472,529,0,87,0,656,8,7,1,8
74,9,moe,828,35,5152,1588,1588,1204,2288,0,72,0,740,8,7,1,8
74,10,moe,887,34,5668,2272,2272,2909,403,0,84,0,620,8,6,2,8
74,11,moe,663,33,8,0,0,0,0,0,8,0,672,8,8,0,8
74,12,moe,894,33,9,0,0,0,0,0,9,0,753,8,8,0,8
74,13,moe,982,36,4145,3304,3304,766,52,0,23,0,617,8,7,1,8
74,14,moe,883,36,2027,1177,1177,775,53,1,21,0,1086,8,7,1,8
74,15,moe,671,38,10,0,0,0,0,0,10,0,1861,8,8,0,8
74,16,moe,750,34,10,0,0,0,0,0,10,0,620,8,8,0,8
74,17,moe,821,34,9,0,0,0,0,0,9,0,626,8,8,0,8
74,18,moe,764,33,7109,3746,3746,1889,1387,0,87,0,1323,8,6,2,8
74,19,moe,652,34,9,0,0,0,0,0,9,0,678,8,8,0,8
74,20,moe,748,41,4243,1270,1270,1466,1445,0,62,0,722,8,7,1,8
74,21,moe,823,36,6382,2797,2797,3362,139,0,84,0,1387,8,6,2,8
74,22,moe,814,36,9983,3507,3507,4248,2120,0,108,0,621,8,5,3,8
74,23,moe,662,35,11492,5144,5144,4965,1287,0,96,0,741,8,5,3,8
74,24,moe,811,39,12,0,0,0,0,0,12,0,842,8,8,0,8
74,25,moe,810,35,4132,1242,1242,1611,1252,1,26,0,884,8,7,1,8
74,26,moe,679,33,2899,1377,1377,887,612,0,23,0,791,8,7,1,8
74,-1,epi,0,0,0,0,0,0,0,0,5864,0,0,0,0,0,0
75,-2,pre,197,0,0,0,0,0,0,0,0,0,0,0,0,0,0
75,0,dense,1927,42,0,0,0,0,0,0,0,0,0,0,0,0,0
75,1,moe,824,34,2434,1231,1231,887,292,0,24,0,803,8,7,1,8
75,2,moe,884,41,10,0,0,0,0,0,10,0,1483,8,8,0,8
75,3,moe,673,34,6896,2510,2510,3212,1143,0,31,0,795,8,6,2,8
75,4,moe,749,34,9,0,0,0,0,0,9,0,629,8,8,0,8
75,5,moe,842,42,5616,2777,2777,1596,1144,0,99,0,631,8,6,2,8
75,6,moe,765,36,2634,1295,1295,1027,240,0,72,0,746,8,7,1,8
75,7,moe,656,34,3766,1144,1144,846,1676,0,100,0,619,8,7,1,8
75,8,moe,744,34,10,0,0,0,0,0,10,0,672,8,8,0,8
75,9,moe,813,35,3142,1273,1273,1731,62,0,76,0,797,8,7,1,8
75,10,moe,749,34,10,0,0,0,0,0,10,0,623,8,8,0,8
75,11,moe,669,33,8,0,0,0,0,0,8,0,627,8,8,0,8
75,12,moe,757,36,9,0,0,0,0,0,9,0,814,8,8,0,8
75,13,moe,845,38,8,0,0,0,0,0,8,0,647,8,8,0,8
75,14,moe,783,31,2821,1217,1218,1468,49,0,86,0,724,8,7,1,8
75,15,moe,669,38,3337,1445,1445,1758,59,0,75,0,886,8,7,1,8
75,16,moe,762,38,3277,1195,1196,1475,535,0,71,0,673,8,7,1,8
75,17,moe,817,41,2627,1164,1164,1384,53,0,26,0,628,8,7,1,8
75,18,moe,738,33,8,0,0,0,0,0,8,0,802,8,8,0,8
75,19,moe,664,33,8,0,0,0,0,0,8,0,626,8,8,0,8
75,20,moe,748,34,3661,1127,1127,1399,1109,0,26,0,650,8,7,1,8
75,21,moe,826,41,6409,2609,2609,3404,306,0,90,0,735,8,6,2,8
75,22,moe,822,38,4319,3323,3323,850,58,1,87,0,680,8,7,1,8
75,23,moe,665,34,2670,1271,1271,1023,314,0,62,0,1021,8,7,1,8
75,24,moe,874,83,7383,2470,2470,1801,3069,1,42,0,791,8,6,2,8
75,25,moe,807,38,6121,2508,2508,3261,319,0,33,0,793,8,6,2,8
75,26,moe,11926,37,7516,2413,2413,2641,2429,0,33,0,851,8,6,2,8
75,-1,epi,0,0,0,0,0,0,0,0,5811,0,0,0,0,0,0
76,-2,pre,76,0,0,0,0,0,0,0,0,0,0,0,0,0,0
76,0,dense,10189,41,0,0,0,0,0,0,0,0,0,0,0,0,0
76,1,moe,8014,39,12,0,0,0,0,0,12,0,733,8,8,0,8
76,2,moe,5393,38,10,0,0,0,0,0,10,0,833,8,8,0,8
76,3,moe,656,40,6200,2394,2394,3271,498,0,37,0,794,8,6,2,8
76,4,moe,883,37,10,0,0,0,0,0,10,0,633,8,8,0,8
76,5,moe,957,34,8,0,0,0,0,0,8,0,666,8,8,0,8
76,6,moe,890,34,3183,1307,1307,1630,224,0,22,0,752,8,7,1,8
76,7,moe,666,32,10,0,0,0,0,0,10,0,623,8,8,0,8
76,8,moe,759,42,10,0,0,0,0,0,10,0,674,8,8,0,8
76,9,moe,815,34,9,0,0,0,0,0,9,0,1287,8,8,0,8
76,10,moe,749,44,9,0,0,0,0,0,9,0,692,8,8,0,8
76,11,moe,680,34,3077,1301,1301,1470,215,0,91,0,682,8,7,1,8
76,12,moe,767,36,3513,1349,1349,1866,234,0,64,0,806,8,7,1,8
76,13,moe,810,37,9,0,0,0,0,0,9,0,630,8,8,0,8
76,14,moe,735,35,2935,1150,1150,1504,197,0,84,0,630,8,7,1,8
76,15,moe,659,33,4060,1244,1244,1755,1006,0,55,0,743,8,7,1,8
76,16,moe,743,44,18,0,0,0,0,0,18,0,621,8,8,0,8
76,17,moe,806,36,9,0,0,0,0,0,9,0,632,8,8,0,8
76,18,moe,740,29,8,0,0,0,0,0,8,0,850,8,8,0,8
76,19,moe,672,29,2678,1227,1227,856,515,0,80,0,673,8,7,1,8
76,20,moe,748,33,9,0,0,0,0,0,9,0,657,8,8,0,8
76,21,moe,823,30,6913,2575,2575,3547,704,0,87,0,708,8,6,2,8
76,22,moe,783,33,2870,1210,1211,1532,54,0,73,0,590,8,7,1,8
76,23,moe,633,29,10467,3725,3725,5131,1504,0,107,0,773,8,5,3,8
76,24,moe,919,43,3625,1303,1303,1671,621,0,30,0,782,8,7,1,8
76,25,moe,776,34,3515,1218,1218,1669,603,0,25,0,775,8,7,1,8
76,26,moe,645,38,9458,2403,2403,3338,3680,0,37,0,709,8,6,2,8
76,-1,epi,0,0,0,0,0,0,0,0,5548,0,0,0,0,0,0
77,-2,pre,78,0,0,0,0,0,0,0,0,0,0,0,0,0,0
77,0,dense,1414,38,0,0,0,0,0,0,0,0,0,0,0,0,0
77,1,moe,895,35,10,0,0,0,0,0,10,0,728,8,8,0,8
77,2,moe,1947,31,3547,1239,1239,1667,617,0,24,0,712,8,7,1,8
77,3,moe,8877,31,9,0,0,0,0,0,9,0,703,8,8,0,8
77,4,moe,11189,38,2460,297,297,1507,564,0,92,0,639,8,7,1,8
77,5,moe,781,33,10,0,0,0,0,0,10,0,584,8,8,0,8
77,6,moe,724,31,10,0,0,0,0,0,10,0,771,8,8,0,8
77,7,moe,643,31,8,0,0,0,0,0,8,0,596,8,8,0,8
77,8,moe,862,31,3229,1188,1188,1482,534,0,25,0,586,8,7,1,8
77,9,moe,726,35,10,0,0,0,0,0,10,0,720,8,8,0,8
77,10,moe,695,31,9,0,0,0,0,0,9,0,563,8,8,0,8
77,11,moe,605,29,9,0,0,0,0,0,9,0,558,8,8,0,8
77,12,moe,701,30,4733,1343,1343,1870,1461,0,59,0,659,8,7,1,8
77,13,moe,752,38,9,0,0,0,0,0,9,0,623,8,8,0,8
77,14,moe,689,33,3368,1199,1199,1570,538,0,61,0,610,8,7,1,8
77,15,moe,609,32,3664,1253,1253,1898,446,0,67,0,2393,8,7,1,8
77,16,moe,674,34,10,0,0,0,0,0,10,0,623,8,8,0,8
77,17,moe,725,32,9,0,0,0,0,0,9,0,560,8,8,0,8
77,18,moe,680,33,3327,1304,1304,1736,262,0,25,0,661,8,7,1,8
77,19,moe,599,33,3522,1367,1367,1568,456,0,131,0,746,8,7,1,8
77,20,moe,698,37,2787,1213,1213,1487,64,0,23,0,564,8,7,1,8
77,21,moe,723,33,3905,1288,1288,1890,651,0,76,0,723,8,7,1,8
77,22,moe,722,35,10,0,0,0,0,0,10,0,621,8,8,0,8
77,23,moe,595,31,3036,1216,1216,1730,66,0,24,0,972,8,7,1,8
77,24,moe,722,34,10,0,0,0,0,0,10,0,649,8,8,0,8
77,25,moe,722,32,9,0,0,0,0,0,9,0,778,8,8,0,8
77,26,moe,588,30,10,0,0,0,0,0,10,0,652,8,8,0,8
77,-1,epi,0,0,0,0,0,0,0,0,4604,0,0,0,0,0,0
78,-2,pre,41,0,0,0,0,0,0,0,0,0,0,0,0,0,0
78,0,dense,1261,34,0,0,0,0,0,0,0,0,0,0,0,0,0
78,1,moe,745,32,9,0,0,0,0,0,9,0,703,8,8,0,8
78,2,moe,681,30,3751,1300,1300,1795,631,0,25,0,634,8,7,1,8
78,3,moe,590,32,11,0,0,0,0,0,11,0,770,8,8,0,8
78,4,moe,683,31,9,0,0,0,0,0,9,0,555,8,8,0,8
78,5,moe,711,33,9,0,0,0,0,0,9,0,684,8,8,0,8
78,6,moe,678,36,9451,6797,6797,1801,826,0,27,0,630,8,7,1,8
78,7,moe,582,31,3493,1232,1232,1634,538,0,89,0,554,8,7,1,8
78,8,moe,663,36,10,0,0,0,0,0,10,0,559,8,8,0,8
78,9,moe,817,33,10,0,0,0,0,0,10,0,757,8,8,0,8
78,10,moe,659,33,10146,5386,5386,3058,1663,0,39,0,630,8,6,2,8
78,11,moe,598,31,8,0,0,0,0,0,8,0,625,8,8,0,8
78,12,moe,689,32,9,0,0,0,0,0,9,0,648,8,8,0,8
78,13,moe,723,32,9,0,0,0,0,0,9,0,572,8,8,0,8
78,14,moe,693,32,10,0,0,0,0,0,10,0,631,8,8,0,8
78,15,moe,607,34,3317,1298,1298,1869,69,0,81,0,651,8,7,1,8
78,16,moe,699,35,9,0,0,0,0,0,9,0,679,8,8,0,8
78,17,moe,727,31,9,0,0,0,0,0,9,0,614,8,8,0,8
78,18,moe,739,35,4113,1379,1379,1794,914,0,26,0,704,8,7,1,8
78,19,moe,580,32,3453,1152,1152,1643,568,0,90,0,1075,8,7,1,8
78,20,moe,676,37,2938,1320,1320,1535,60,0,23,0,740,8,7,1,8
78,21,moe,699,33,12,0,0,0,0,0,12,0,617,8,8,0,8
78,22,moe,695,33,5535,2301,2301,3085,108,0,41,0,569,8,6,2,8
78,23,moe,602,30,9,0,0,0,0,0,9,0,615,8,8,0,8
78,24,moe,708,248,6096,3989,3989,1963,62,0,82,0,625,8,7,1,8
78,25,moe,710,36,10,0,0,0,0,0,10,0,2528,8,8,0,8
78,26,moe,599,42,3454,1550,1550,1804,73,0,27,0,705,8,7,1,8
78,-1,epi,0,0,0,0,0,0,0,0,3827,0,0,0,0,0,0
79,-2,pre,79,0,0,0,0,0,0,0,0,0,0,0,0,0,0
79,0,dense,1176,40,0,0,0,0,0,0,0,0,0,0,0,0,0
79,1,moe,711,39,4430,2529,2529,1802,71,0,28,0,695,8,7,1,8
79,2,moe,662,42,9,0,0,0,0,0,9,0,645,8,8,0,8
79,3,moe,603,39,9,0,0,0,0,0,9,0,692,8,8,0,8
79,4,moe,667,40,2990,1203,1203,1643,57,0,87,0,566,8,7,1,8
79,5,moe,692,37,2943,1324,1324,1536,62,0,21,0,559,8,7,1,8
79,6,moe,675,42,12994,6533,6533,5563,790,0,108,0,1540,8,5,3,8
79,7,moe,643,82,6776,2539,2539,3183,953,0,101,0,1575,8,6,2,8
79,8,moe,668,39,3060,1272,1273,1536,224,0,27,0,2722,8,7,1,8
79,9,moe,755,68,16032,5465,5465,8941,1482,1,143,0,1233,8,3,5,8
79,10,moe,705,46,10,0,0,0,0,0,10,0,1091,8,8,0,8
79,11,moe,599,40,9,0,0,0,0,0,9,0,2553,8,8,0,8
79,12,moe,689,41,6197,2558,2559,3462,136,1,39,0,3255,8,6,2,8
79,13,moe,751,93,2969,1221,1222,1581,74,0,92,0,1552,8,7,1,8
79,14,moe,684,43,2785,1222,1222,1483,55,0,25,0,561,8,7,1,8
79,15,moe,604,35,3383,1313,1313,1906,65,1,98,0,656,8,7,1,8
79,16,moe,685,37,10,0,0,0,0,0,10,0,556,8,8,0,8
79,17,moe,716,35,3017,1141,1141,1593,216,0,67,0,557,8,7,1,8
79,18,moe,671,36,4688,1284,1284,1945,1385,0,74,0,627,8,7,1,8
79,19,moe,589,37,9,0,0,0,0,1,8,0,555,8,8,0,8
79,20,moe,684,41,9,0,0,0,0,0,9,0,558,8,8,0,8
79,21,moe,712,40,3162,1250,1250,1799,71,0,42,0,698,8,7,1,8
79,22,moe,702,39,3004,1215,1215,1640,63,0,86,0,1052,8,7,1,8
79,23,moe,587,42,8506,3126,3126,3640,1649,0,91,0,653,8,6,2,8
79,24,moe,734,36,3670,1293,1293,1729,625,0,23,0,647,8,7,1,8
79,25,moe,735,36,3306,1276,1276,1730,278,1,21,0,710,8,7,1,8
79,26,moe,606,34,3080,1266,1266,1729,63,0,22,0,712,8,7,1,8
79,-1,epi,0,0,0,0,0,0,0,0,4475,0,0,0,0,0,0
80,-2,pre,278,0,0,0,0,0,0,0,0,0,0,0,0,0,0
80,0,dense,1287,65,0,0,0,0,0,0,0,0,0,0,0,0,0
80,1,moe,730,39,3473,1359,1359,1780,306,0,28,0,733,8,7,1,8
80,2,moe,1083,39,12,0,0,0,0,0,12,0,634,8,8,0,8
80,3,moe,599,36,8168,4003,4003,3597,530,0,38,0,640,8,6,2,8
80,4,moe,658,40,2994,1218,1218,1628,58,0,90,0,560,8,7,1,8
80,5,moe,713,37,2997,1204,1204,1538,231,0,24,0,560,8,7,1,8
80,6,moe,697,36,3290,1225,1225,1914,79,0,72,0,689,8,7,1,8
80,7,moe,591,38,10,0,0,0,0,0,10,0,610,8,8,0,8
80,8,moe,670,39,10,0,1,0,0,0,9,0,550,8,8,0,8
80,9,moe,690,42,9,0,0,0,0,0,9,0,616,8,8,0,8
80,10,moe,659,37,10,0,0,0,0,0,10,0,553,8,8,0,8
80,11,moe,583,38,3142,1227,1227,1603,224,0,88,0,551,8,7,1,8
80,12,moe,677,43,9,0,0,0,0,0,9,0,627,8,8,0,8
80,13,moe,699,45,9,0,0,0,0,0,9,0,557,8,8,0,8
80,14,moe,674,60,9,0,0,0,0,0,9,0,559,8,8,0,8
80,15,moe,582,84,3405,1378,1378,1893,62,0,72,0,624,8,7,1,8
80,16,moe,679,37,9,0,1,0,0,0,8,0,568,8,8,0,8
80,17,moe,695,42,3447,1202,1202,1632,534,0,79,0,604,8,7,1,8
80,18,moe,673,42,9,0,0,0,0,0,9,0,625,8,8,0,8
80,19,moe,597,35,4220,1536,1536,1537,1126,0,21,0,555,8,7,1,8
80,20,moe,662,40,6017,2294,2295,3076,609,0,37,0,616,8,6,2,8
80,21,moe,691,38,4358,1373,1373,1948,958,0,79,0,624,8,7,1,8
80,22,moe,700,42,3438,1178,1178,1656,524,0,80,0,554,8,7,1,8
80,23,moe,600,35,3299,1236,1236,1934,72,0,57,0,1574,8,7,1,8
80,24,moe,746,71,6733,2378,2378,3604,711,0,40,0,1701,8,6,2,8
80,25,moe,727,45,6389,2388,2388,3599,366,0,36,0,699,8,6,2,8
80,26,moe,598,47,3311,1209,1209,1797,283,0,22,0,764,8,7,1,8
80,-1,epi,0,0,0,0,0,0,0,0,3827,0,0,0,0,0,0
81,-2,pre,47,0,0,0,0,0,0,0,0,0,0,0,0,0,0
81,0,dense,1193,39,0,0,0,0,0,0,0,0,0,0,0,0,0
81,1,moe,706,40,10,0,0,0,0,0,10,0,1220,8,8,0,8
81,2,moe,678,34,10,0,0,0,0,0,10,0,863,8,8,0,8
81,3,moe,1175,69,7132,2397,2397,3718,982,0,35,0,944,8,6,2,8
81,4,moe,677,44,14,0,0,0,0,0,14,0,782,8,8,0,8
81,5,moe,719,42,6031,2267,2268,3149,504,0,110,0,572,8,6,2,8
81,6,moe,702,38,3327,1274,1274,1916,64,0,73,0,630,8,7,1,8
81,7,moe,602,40,10,0,0,0,0,0,10,0,555,8,8,0,8
81,8,moe,678,37,9,0,0,0,0,0,9,0,562,8,8,0,8
81,9,moe,710,38,9,0,0,0,0,0,9,0,691,8,8,0,8
81,10,moe,686,42,3388,1156,1156,1603,540,0,89,0,568,8,7,1,8
81,11,moe,588,36,4060,1297,1297,1541,1198,0,24,0,623,8,7,1,8
81,12,moe,666,39,10,0,0,0,0,0,10,0,701,8,8,0,8
81,13,moe,695,45,9,0,0,0,0,0,9,0,568,8,8,0,8
81,14,moe,668,44,10,0,0,0,0,0,10,0,678,8,8,0,8
81,15,moe,599,40,9,0,0,0,0,0,9,0,634,8,8,0,8
81,16,moe,692,36,2848,1232,1232,1538,56,0,22,0,567,8,7,1,8
81,17,moe,711,41,9,0,0,0,0,0,9,0,567,8,8,0,8
81,18,moe,663,36,9,0,0,0,0,0,9,0,710,8,8,0,8
81,19,moe,590,39,5532,2309,2309,3074,115,0,34,0,566,8,6,2,8
81,20,moe,683,40,4298,1590,1590,1536,1147,0,25,0,567,8,7,1,8
81,21,moe,690,39,10,0,0,0,0,0,10,0,702,8,8,0,8
81,22,moe,720,39,10,0,0,0,0,0,10,0,561,8,8,0,8
81,23,moe,593,36,4843,2759,2759,1937,68,0,79,0,633,8,7,1,8
81,24,moe,711,35,4246,1558,1558,1795,870,0,23,0,642,8,7,1,8
81,25,moe,718,35,3695,1252,1252,1792,621,0,30,0,634,8,7,1,8
81,26,moe,590,36,3678,1242,1242,1790,622,0,24,0,1893,8,7,1,8
81,-1,epi,0,0,0,0,0,0,0,0,3827,0,0,0,0,0,0
82,-2,pre,217,0,0,0,0,0,0,0,0,0,0,0,0,0,0
82,0,dense,1186,39,0,0,0,0,0,0,0,0,0,0,0,0,0
82,1,moe,692,37,10,0,0,0,0,0,10,0,628,8,8,0,8
82,2,moe,664,36,10,0,0,0,0,0,10,0,623,8,8,0,8
82,3,moe,637,39,7223,2446,2446,3599,1142,0,36,0,748,8,6,2,8
82,4,moe,748,37,9,0,0,0,0,0,9,0,627,8,8,0,8
82,5,moe,8555,38,3816,1097,1097,1619,1009,0,91,0,557,8,7,1,8
82,6,moe,7817,39,3221,1197,1197,1901,72,0,51,0,628,8,7,1,8
82,7,moe,12321,39,10,0,0,0,0,0,10,0,548,8,8,0,8
82,8,moe,9552,41,10,0,0,0,0,0,10,0,612,8,8,0,8
82,9,moe,5691,43,10,0,0,0,0,0,10,0,612,8,8,0,8
82,10,moe,7591,40,3061,1100,1100,1640,213,0,108,0,558,8,7,1,8
82,11,moe,11366,38,9,0,0,0,0,0,9,0,549,8,8,0,8
82,12,moe,658,30,9,0,0,0,0,0,9,0,618,8,8,0,8
82,13,moe,713,31,3598,1200,1200,1538,833,0,27,0,555,8,7,1,8
82,14,moe,660,33,10,0,0,0,0,0,10,0,550,8,8,0,8
82,15,moe,598,28,7407,2510,2511,3718,1081,0,97,0,633,8,6,2,8
82,16,moe,692,36,11,0,0,0,0,0,11,0,560,8,8,0,8
82,17,moe,688,32,3006,1179,1179,1677,57,0,93,0,553,8,7,1,8
82,18,moe,655,32,3878,1237,1237,1926,650,0,65,0,704,8,7,1,8
82,19,moe,599,35,3103,1289,1289,1648,66,1,99,0,614,8,7,1,8
82,20,moe,664,31,10,0,0,0,0,0,10,0,649,8,8,0,8
82,21,moe,694,31,11272,3892,3892,5505,1743,1,131,0,778,8,5,3,8
82,22,moe,723,33,22,0,0,0,0,0,22,0,552,8,8,0,8
82,23,moe,598,29,10,0,0,0,0,0,10,0,1308,8,8,0,8
82,24,moe,717,31,11,0,0,0,0,0,11,0,631,8,8,0,8
82,25,moe,690,34,5465,1687,1687,3594,144,0,40,0,714,8,6,2,8
82,26,moe,598,32,3292,1400,1400,1794,69,0,29,0,1529,8,7,1,8
82,-1,epi,0,0,0,0,0,0,0,0,3842,0,0,0,0,0,0
83,-2,pre,52,0,0,0,0,0,0,0,0,0,0,0,0,0,0
83,0,dense,1202,36,0,0,0,0,0,0,0,0,0,0,0,0,0
83,1,moe,715,34,11,0,0,0,0,0,11,0,832,8,8,0,8
83,2,moe,680,33,3151,1255,1255,1800,69,0,27,0,634,8,7,1,8
83,3,moe,593,31,10918,3784,3785,5395,1691,0,47,0,629,8,5,3,8
83,4,moe,1027,37,3127,1172,1172,1615,247,0,93,0,790,8,7,1,8
83,5,moe,1013,38,4553,1322,1322,1538,1669,0,24,0,733,8,7,1,8
83,6,moe,684,37,14,0,0,0,0,0,14,0,710,8,8,0,8
83,7,moe,603,30,9,0,0,0,0,0,9,0,671,8,8,0,8
83,8,moe,669,35,9,0,0,0,0,0,9,0,554,8,8,0,8
83,9,moe,692,32,3491,1239,1239,1904,267,0,81,0,693,8,7,1,8
83,10,moe,677,33,2957,1171,1171,1641,65,0,80,0,556,8,7,1,8
83,11,moe,1821,31,9,0,0,0,0,0,9,0,551,8,8,0,8
83,12,moe,9578,32,3255,1174,1174,1925,76,0,80,0,1284,8,7,1,8
83,13,moe,8030,55,9,0,0,0,0,0,9,0,608,8,8,0,8
83,14,moe,693,34,2967,1170,1170,1643,55,0,99,0,611,8,7,1,8
83,15,moe,596,31,9,0,0,0,0,0,9,0,688,8,8,0,8
83,16,moe,685,30,11980,6638,6638,4617,679,0,46,0,734,8,5,3,8
83,17,moe,714,38,8608,3712,3713,4626,215,0,54,0,630,8,5,3,8
83,18,moe,666,34,11,0,0,0,0,0,11,0,782,8,8,0,8
83,19,moe,578,29,9,0,0,0,0,0,9,0,547,8,8,0,8
83,20,moe,674,30,3052,1258,1258,1542,225,0,27,0,561,8,7,1,8
83,21,moe,705,35,11,0,0,0,0,0,11,0,706,8,8,0,8
83,22,moe,715,31,2850,1230,1230,1537,57,0,26,0,572,8,7,1,8
83,23,moe,601,34,11598,4082,4082,5480,1953,1,82,0,631,8,5,3,8
83,24,moe,693,38,12918,4446,4446,5391,3027,0,54,0,716,8,5,3,8
83,25,moe,690,36,12,0,0,0,0,0,12,0,693,8,8,0,8
83,26,moe,604,35,3610,1274,1274,1796,512,0,28,0,788,8,7,1,8
83,-1,epi,0,0,0,0,0,0,0,0,3829,0,0,0,0,0,0
84,-2,pre,52,0,0,0,0,0,0,0,0,0,0,0,0,0,0
84,0,dense,1198,33,0,0,0,0,0,0,0,0,0,0,0,0,0
84,1,moe,692,34,10,0,0,0,0,0,10,0,699,8,8,0,8
84,2,moe,667,31,10875,3905,3905,5403,1518,0,49,0,706,8,5,3,8
84,3,moe,598,31,8787,2594,2594,3596,2558,0,39,0,732,8,6,2,8
84,4,moe,701,78,33,0,0,0,0,0,33,0,649,8,8,0,8
84,5,moe,839,33,11,0,0,0,0,0,11,0,609,8,8,0,8
84,6,moe,664,33,3142,1229,1229,1795,87,0,31,0,628,8,7,1,8
84,7,moe,588,32,10,0,0,0,0,0,10,0,559,8,8,0,8
84,8,moe,683,36,10,0,0,0,0,0,10,0,557,8,8,0,8
84,9,moe,693,34,9,0,0,0,0,0,9,0,721,8,8,0,8
84,10,moe,658,31,8,0,0,0,0,0,8,0,610,8,8,0,8
84,11,moe,583,32,9,0,0,0,0,0,9,0,563,8,8,0,8
84,12,moe,662,30,8,0,0,0,0,0,8,0,751,8,8,0,8
84,13,moe,696,35,8,0,0,0,0,0,8,0,549,8,8,0,8
84,14,moe,687,35,9,0,0,0,0,0,9,0,1916,8,8,0,8
84,15,moe,647,36,3903,1444,1444,1792,639,0,28,0,624,8,7,1,8
84,16,moe,665,33,9,0,0,0,0,0,9,0,555,8,8,0,8
84,17,moe,691,31,9,0,0,0,0,0,9,0,632,8,8,0,8
84,18,moe,684,30,3259,1309,1309,1797,129,0,24,0,745,8,7,1,8
84,19,moe,671,43,6912,4148,4148,1620,1040,0,104,0,623,8,7,1,8
84,20,moe,671,40,10,0,0,0,0,0,10,0,610,8,8,0,8
84,21,moe,692,37,4091,1450,1450,1954,612,1,74,0,702,8,7,1,8
84,22,moe,695,42,6191,2792,2792,3163,114,1,121,0,640,8,6,2,8
84,23,moe,601,36,5016,2494,2494,2094,368,0,60,0,2767,8,6,2,8
84,24,moe,739,92,4363,1463,1464,1800,1068,0,31,0,1267,8,7,1,8
84,25,moe,695,39,3120,1219,1219,1804,69,0,28,0,697,8,7,1,8
84,26,moe,585,35,3786,1578,1578,1795,389,0,24,0,1250,8,7,1,8
84,-1,epi,0,0,0,0,0,0,0,0,3821,0,0,0,0,0,0
85,-2,pre,45,0,0,0,0,0,0,0,0,0,0,0,0,0,0
85,0,dense,1168,39,0,0,0,0,0,0,0,0,0,0,0,0,0
85,1,moe,693,41,3200,1292,1292,1806,78,0,24,0,731,8,7,1,8
85,2,moe,677,39,11,0,0,0,0,0,11,0,848,8,8,0,8
85,3,moe,622,42,5124,1391,1391,1572,2135,0,26,0,1250,8,7,1,8
85,4,moe,661,41,5678,2307,2307,3155,126,0,90,0,673,8,6,2,8
85,5,moe,697,40,11,0,0,0,0,0,11,0,599,8,8,0,8
85,6,moe,664,39,3345,1278,1278,1908,75,1,83,0,706,8,7,1,8
85,7,moe,587,38,11735,4481,4481,4714,2417,0,123,0,560,8,5,3,8
85,8,moe,663,40,3030,1247,1247,1543,212,0,28,0,637,8,7,1,8
85,9,moe,705,41,7134,2969,2969,3752,313,0,100,0,707,8,6,2,8
85,10,moe,663,38,10,0,1,0,0,0,9,0,612,8,8,0,8
85,11,moe,613,38,11,0,0,0,0,0,11,0,560,8,8,0,8
85,12,moe,680,36,10,0,0,0,0,0,10,0,622,8,8,0,8
85,13,moe,701,37,10,0,0,0,0,0,10,0,557,8,8,0,8
85,14,moe,666,44,2978,1214,1214,1607,58,0,99,0,553,8,7,1,8
85,15,moe,605,35,19,0,0,0,0,0,19,0,635,8,8,0,8
85,16,moe,665,39,10,0,0,0,0,0,10,0,551,8,8,0,8
85,17,moe,703,40,2687,1256,1256,849,559,0,23,0,619,8,7,1,8
85,18,moe,676,42,4596,1920,1920,1944,655,0,77,0,701,8,7,1,8
85,19,moe,603,35,2693,1153,1153,929,542,0,69,0,667,8,7,1,8
85,20,moe,669,36,2538,1131,1131,848,533,0,26,0,551,8,7,1,8
85,21,moe,698,45,4089,1314,1314,1705,1011,0,59,0,698,8,7,1,8
85,22,moe,710,37,6762,3371,3371,2637,653,0,101,0,615,8,5,3,8
85,23,moe,587,42,10,0,0,0,0,1,9,0,697,8,8,0,8
85,24,moe,713,34,3644,1545,1545,1927,73,0,99,0,716,8,7,1,8
85,25,moe,757,71,3334,1455,1455,1794,62,0,23,0,691,8,7,1,8
85,26,moe,603,40,2801,1266,1266,995,505,0,35,0,690,8,7,1,8
85,-1,epi,0,0,0,0,0,0,0,0,3815,0,0,0,0,0,0
86,-2,pre,64,0,0,0,0,0,0,0,0,0,0,0,0,0,0
86,0,dense,1184,41,0,0,0,0,0,0,0,0,0,0,0,0,0
86,1,moe,715,37,10375,4626,4626,5409,287,0,53,0,640,8,5,3,8
86,2,moe,663,45,12555,3727,3728,5411,3367,0,49,0,637,8,5,3,8
86,3,moe,597,41,3703,1282,1282,1794,601,0,26,0,759,8,7,1,8
86,4,moe,689,45,12,0,0,0,0,0,12,0,744,8,8,0,8
86,5,moe,694,41,3033,1217,1217,1666,55,0,95,0,781,8,7,1,8
86,6,moe,1073,38,3430,1357,1357,1928,70,0,75,0,716,8,7,1,8
86,7,moe,844,37,12,0,0,0,0,0,12,0,655,8,8,0,8
86,8,moe,657,36,10,0,0,0,0,0,10,0,543,8,8,0,8
86,9,moe,696,46,3677,1169,1170,1799,683,0,25,0,697,8,7,1,8
86,10,moe,674,39,3549,1216,1216,1641,592,0,100,0,571,8,7,1,8
86,11,moe,585,45,11947,6074,6074,4610,1214,0,49,0,556,8,5,3,8
86,12,moe,685,39,9,0,0,0,0,0,9,0,618,8,8,0,8
86,13,moe,704,37,8,0,0,0,0,0,8,0,608,8,8,0,8
86,14,moe,671,36,5947,2207,2207,3080,625,1,34,0,619,8,6,2,8
86,15,moe,594,42,10076,4225,4225,3088,2649,0,114,0,711,8,5,3,8
86,16,moe,667,37,2760,1203,1203,934,545,0,78,0,664,8,7,1,8
86,17,moe,699,42,3830,1662,1662,1540,592,0,36,0,676,8,7,1,8
86,18,moe,666,41,11,0,0,0,0,0,11,0,693,8,8,0,8
86,19,moe,613,41,11,0,0,0,0,0,11,0,761,8,8,0,8
86,20,moe,642,38,2923,1143,1143,1539,214,0,27,0,615,8,7,1,8
86,21,moe,694,42,9,0,0,0,0,0,9,0,707,8,8,0,8
86,22,moe,693,40,2640,1214,1214,854,549,0,23,0,561,8,7,1,8
86,23,moe,604,40,3229,1453,1453,1083,615,0,78,0,696,8,7,1,8
86,24,moe,688,37,8601,2454,2454,3602,2507,0,38,0,710,8,6,2,8
86,25,moe,691,44,3171,1265,1265,1801,80,0,25,0,626,8,7,1,8
86,26,moe,589,36,3484,1316,1316,1796,347,0,25,0,891,8,7,1,8
86,-1,epi,0,0,0,0,0,0,0,0,3851,0,0,0,0,0,0
87,-2,pre,78,0,0,0,0,0,0,0,0,0,0,0,0,0,0
87,0,dense,1170,46,0,0,0,0,0,0,0,0,0,0,0,0,0
87,1,moe,688,48,14868,7572,7572,5121,2105,0,70,0,706,8,3,5,8
87,2,moe,662,40,11689,5577,5577,3960,2092,0,60,0,637,8,4,4,8
87,3,moe,604,41,2393,1310,1310,986,71,0,26,0,698,8,7,1,8
87,4,moe,669,41,6785,3387,3387,2624,675,0,99,0,565,8,5,3,8
87,5,moe,691,38,11963,4802,4803,6156,944,0,60,0,573,8,4,4,8
87,6,moe,666,38,3944,1281,1281,1954,623,0,86,0,630,8,7,1,8
87,7,moe,592,37,6706,2758,2758,3176,648,0,124,0,680,8,6,2,8
87,8,moe,1073,45,5872,2216,2216,3074,542,0,40,0,652,8,6,2,8
87,9,moe,771,39,11,0,0,0,0,0,11,0,1252,8,8,0,8
87,10,moe,668,42,5186,3026,3026,1707,411,0,42,0,558,8,6,2,8
87,11,moe,581,39,2626,1199,1199,849,557,0,21,0,1074,8,7,1,8
87,12,moe,656,39,10995,5495,5496,4102,1271,0,126,0,638,8,4,4,8
87,13,moe,690,38,4863,2273,2273,1779,720,1,90,0,563,8,6,2,8
87,14,moe,7731,56,15234,6428,6428,7691,1014,1,100,0,1081,8,3,5,8
87,15,moe,10760,41,6953,2356,2356,3252,1244,0,101,0,632,8,6,2,8
87,16,moe,7593,224,15629,10276,10276,3499,1724,0,130,0,562,8,4,4,8
87,17,moe,6225,45,5480,2231,2231,3071,140,0,38,0,711,8,6,2,8
87,18,moe,7580,43,11,0,0,0,0,0,11,0,843,8,8,0,8
87,19,moe,592,38,3166,1188,1188,1539,416,0,23,0,580,8,7,1,8
87,20,moe,707,63,5851,2408,2408,3074,330,0,39,0,572,8,6,2,8
87,21,moe,689,37,5061,2470,2470,2101,392,0,98,0,1021,8,6,2,8
87,22,moe,739,114,14407,5520,5520,3938,4797,1,151,0,562,8,4,4,8
87,23,moe,600,37,6635,2532,2532,2078,1938,0,87,0,652,8,6,2,8
87,24,moe,743,112,12,0,0,0,0,0,12,0,638,8,8,0,8
87,25,moe,686,37,6975,2460,2461,3588,890,0,36,0,700,8,6,2,8
87,26,moe,606,39,10,0,0,0,0,0,10,0,615,8,8,0,8
87,-1,epi,0,0,0,0,0,0,0,0,3821,0,0,0,0,0,0
88,-2,pre,336,0,0,0,0,0,0,0,0,0,0,0,0,0,0
88,0,dense,1230,78,0,0,0,0,0,0,0,0,0,0,0,0,0
88,1,moe,737,65,3225,1318,1318,1802,75,0,30,0,998,8,7,1,8
88,2,moe,672,45,13,0,0,0,0,0,13,0,735,8,8,0,8
88,3,moe,609,41,6985,2416,2417,3600,931,0,37,0,669,8,6,2,8
88,4,moe,680,40,10,0,0,0,0,0,10,0,549,8,8,0,8
88,5,moe,691,44,7117,3840,3840,2622,536,0,119,0,565,8,5,3,8
88,6,moe,666,35,6127,3849,3849,1918,274,0,86,0,624,8,7,1,8
88,7,moe,592,32,3158,1232,1232,1639,213,0,74,0,554,8,7,1,8
88,8,moe,668,35,11,0,0,0,0,0,11,0,627,8,8,0,8
88,9,moe,1075,54,5463,3144,3144,2090,132,0,97,0,744,8,6,2,8
88,10,moe,1064,34,10,0,0,0,0,0,10,0,703,8,8,0,8
88,11,moe,689,30,9,0,0,0,0,0,9,0,618,8,8,0,8
88,12,moe,661,33,3355,1283,1283,1805,243,1,23,0,1184,8,7,1,8
88,13,moe,697,34,4043,1211,1211,1617,1120,0,95,0,582,8,7,1,8
88,14,moe,668,33,2261,643,643,1542,55,0,21,0,748,8,7,1,8
88,15,moe,595,31,3524,1239,1239,1939,270,0,76,0,628,8,7,1,8
88,16,moe,662,32,7507,4124,4124,3172,114,0,97,0,557,8,6,2,8
88,17,moe,686,33,2833,1198,1198,1538,71,0,26,0,550,8,7,1,8
88,18,moe,651,31,9,0,0,0,0,0,9,0,618,8,8,0,8
88,19,moe,580,30,3357,1222,1222,1538,575,0,22,0,2519,8,7,1,8
88,20,moe,679,60,3624,1501,1501,1541,556,0,26,0,562,8,7,1,8
88,21,moe,680,34,8311,2548,2549,3351,2291,0,120,0,633,8,6,2,8
88,22,moe,685,33,6070,2192,2193,3187,586,0,104,0,559,8,6,2,8
88,23,moe,588,31,8946,4433,4433,3713,702,0,98,0,625,8,6,2,8
88,24,moe,694,33,6307,2549,2549,3585,136,0,37,0,1377,8,6,2,8
88,25,moe,695,36,10,0,0,0,0,0,10,0,5719,8,8,0,8
88,26,moe,616,38,10,0,0,0,0,0,10,0,1221,8,8,0,8
88,-1,epi,0,0,0,0,0,0,0,0,3865,0,0,0,0,0,0
89,-2,pre,174,0,0,0,0,0,0,0,0,0,0,0,0,0,0
89,0,dense,1177,37,0,0,0,0,0,0,0,0,0,0,0,0,0
89,1,moe,751,38,10516,5045,5045,3991,1419,0,61,0,644,8,4,4,8
89,2,moe,672,38,22053,7937,7937,10812,3222,0,82,0,730,8,2,6,8
89,3,moe,596,39,6311,2575,2575,2338,1362,0,36,0,625,8,6,2,8
89,4,moe,765,213,13028,5263,5263,6240,1399,0,126,0,1332,8,4,4,8
89,5,moe,743,38,4296,2422,2422,1718,114,0,42,0,586,8,6,2,8
89,6,moe,699,36,11,0,1,0,0,0,10,0,685,8,8,0,8
89,7,moe,621,38,2239,1138,1138,856,218,0,27,0,587,8,7,1,8
89,8,moe,703,36,5791,2171,2171,3155,431,0,34,0,571,8,6,2,8
89,9,moe,712,41,2923,1217,1217,1556,63,0,87,0,761,8,7,1,8
89,10,moe,731,72,11,0,0,0,0,0,11,0,656,8,8,0,8
89,11,moe,738,32,2638,1106,1106,922,525,0,85,0,654,8,7,1,8
89,12,moe,685,37,3122,1651,1651,1094,305,0,72,0,653,8,7,1,8
89,13,moe,714,32,10349,3575,3575,4713,1909,0,152,0,1170,8,5,3,8
89,14,moe,663,38,11,0,0,0,0,0,11,0,552,8,8,0,8
89,15,moe,598,34,7654,2528,2528,3715,1316,0,95,0,811,8,6,2,8
89,16,moe,719,60,6170,2406,2406,3196,454,0,114,0,561,8,6,2,8
89,17,moe,693,42,3335,1466,1466,1540,305,0,24,0,556,8,7,1,8
89,18,moe,654,33,11,0,1,0,0,0,10,0,1844,8,8,0,8
89,19,moe,12276,33,7125,3279,3279,2546,1251,0,49,0,563,8,5,3,8
89,20,moe,7676,39,4828,2221,2221,1703,866,0,38,0,563,8,6,2,8
89,21,moe,4984,36,3791,1207,1207,1910,591,0,83,0,624,8,7,1,8
89,22,moe,8608,59,9941,3209,3209,4684,1906,1,141,0,631,8,5,3,8
89,23,moe,10427,42,7563,2453,2453,3733,1285,0,92,0,633,8,6,2,8
89,24,moe,688,38,6443,2482,2483,3588,332,0,40,0,713,8,6,2,8
89,25,moe,688,34,3273,1192,1192,1800,255,0,26,0,1250,8,7,1,8
89,26,moe,3566,32,10,0,0,0,0,0,10,0,619,8,8,0,8
89,-1,epi,0,0,0,0,0,0,0,0,3994,0,0,0,0,0,0
90,-2,pre,177,0,0,0,0,0,0,0,0,0,0,0,0,0,0
90,0,dense,1165,36,0,0,0,0,0,0,0,0,0,0,0,0,0
90,1,moe,687,33,1801,712,712,991,72,0,26,0,633,8,7,1,8
90,2,moe,668,34,6633,4465,4465,1980,139,0,49,0,646,8,6,2,8
90,3,moe,595,31,7138,3640,3640,3081,373,0,44,0,2027,8,5,3,8
90,4,moe,702,61,6210,2304,2304,3286,508,0,112,0,588,8,6,2,8
90,5,moe,696,39,5916,2313,2313,3275,292,0,36,0,623,8,6,2,8
90,6,moe,691,32,10,0,0,0,0,0,10,0,885,8,8,0,8
90,7,moe,588,67,10,0,0,0,0,0,10,0,2204,8,8,0,8
90,8,moe,674,34,10,0,0,0,0,0,10,0,1215,8,8,0,8
90,9,moe,718,39,10,0,0,0,0,0,10,0,647,8,8,0,8
90,10,moe,687,37,10,0,0,0,0,0,10,0,644,8,8,0,8
90,11,moe,604,29,6198,2379,2379,3189,594,0,36,0,557,8,6,2,8
90,12,moe,1072,36,16,0,1,0,0,0,15,0,826,8,8,0,8
90,13,moe,979,263,5126,3492,3492,1549,57,1,27,0,624,8,7,1,8
90,14,moe,679,40,10,0,0,0,0,0,10,0,1054,8,8,0,8
90,15,moe,595,36,7961,2695,2695,3880,1282,0,104,0,1360,8,6,2,8
90,16,moe,769,98,3705,1280,1280,1736,563,0,126,0,638,8,7,1,8
90,17,moe,711,43,10,0,0,0,0,0,10,0,638,8,8,0,8
90,18,moe,681,42,9,0,0,0,0,0,9,0,769,8,8,0,8
90,19,moe,613,42,3398,1210,1210,1617,547,0,24,0,624,8,7,1,8
90,20,moe,685,40,3544,1179,1179,1638,698,0,29,0,560,8,7,1,8
90,21,moe,728,75,5403,2434,2434,2163,685,1,120,0,714,8,6,2,8
90,22,moe,705,37,9177,4491,4491,3526,1034,0,126,0,680,8,4,4,8
90,23,moe,591,35,10,0,0,0,0,0,10,0,1208,8,8,0,8
90,24,moe,695,34,10,0,0,0,0,0,10,0,634,8,8,0,8
90,25,moe,691,43,11,0,0,0,0,0,11,0,621,8,8,0,8
90,26,moe,587,44,3971,1335,1335,1928,626,0,82,0,693,8,7,1,8
90,-1,epi,0,0,0,0,0,0,0,0,3817,0,0,0,0,0,0
91,-2,pre,237,0,0,0,0,0,0,0,0,0,0,0,0,0,0
91,0,dense,1173,39,0,0,0,0,0,0,0,0,0,0,0,0,0
91,1,moe,698,49,6414,2646,2646,3601,130,0,37,0,633,8,6,2,8
91,2,moe,674,38,3144,1245,1245,1810,65,0,24,0,633,8,7,1,8
91,3,moe,584,35,6219,2451,2451,3588,144,1,35,0,796,8,6,2,8
91,4,moe,654,43,3112,1161,1161,1596,249,0,106,0,784,8,7,1,8
91,5,moe,671,37,3007,1181,1181,1536,268,0,22,0,558,8,7,1,8
91,6,moe,667,43,6662,4062,4062,1931,573,0,96,0,629,8,7,1,8
91,7,moe,602,38,4665,2269,2269,1755,551,0,90,0,564,8,6,2,8
91,8,moe,658,38,11,0,0,0,0,0,11,0,682,8,8,0,8
91,9,moe,697,43,3353,1267,1267,1930,77,1,78,0,626,8,7,1,8
91,10,moe,666,41,9,0,0,0,0,1,8,0,550,8,8,0,8
91,11,moe,600,34,3126,1140,1140,1643,260,0,83,0,555,8,7,1,8
91,12,moe,658,42,10,0,0,0,0,0,10,0,690,8,8,0,8
91,13,moe,887,40,3618,1824,1824,852,910,1,31,0,1068,8,7,1,8
91,14,moe,656,38,10,0,0,0,0,0,10,0,607,8,8,0,8
91,15,moe,597,34,7872,2481,2481,3697,1597,0,97,0,1902,8,6,2,8
91,16,moe,808,42,3120,1175,1175,1645,214,0,86,0,559,8,7,1,8
91,17,moe,693,42,10,0,0,0,0,0,10,0,546,8,8,0,8
91,18,moe,651,36,10,0,0,0,0,0,10,0,622,8,8,0,8
91,19,moe,588,35,9,0,0,0,0,0,9,0,550,8,8,0,8
91,20,moe,663,36,9,0,0,0,0,0,9,0,564,8,8,0,8
91,21,moe,688,45,10,0,0,0,0,0,10,0,1145,8,8,0,8
91,22,moe,699,39,9,0,0,0,0,0,9,0,677,8,8,0,8
91,23,moe,586,36,3754,1655,1655,1916,66,0,117,0,634,8,7,1,8
91,24,moe,693,38,2621,1308,1308,995,295,0,23,0,628,8,7,1,8
91,25,moe,698,36,10,0,0,0,0,0,10,0,638,8,8,0,8
91,26,moe,605,43,10,0,0,0,0,0,10,0,763,8,8,0,8
91,-1,epi,0,0,0,0,0,0,0,0,3819,0,0,0,0,0,0
92,-2,pre,211,0,0,0,0,0,0,0,0,0,0,0,0,0,0
92,0,dense,1168,40,0,0,0,0,0,0,0,0,0,0,0,0,0
92,1,moe,684,37,4279,1856,1856,1983,402,0,38,0,633,8,6,2,8
92,2,moe,658,36,10,0,0,0,0,0,10,0,617,8,8,0,8
92,3,moe,600,40,9,0,0,0,0,0,9,0,613,8,8,0,8
92,4,moe,653,34,9,0,0,0,0,0,9,0,547,8,8,0,8
92,5,moe,678,35,9,0,0,0,0,0,9,0,542,8,8,0,8
92,6,moe,665,35,9,0,0,0,0,0,9,0,621,8,8,0,8
92,7,moe,598,40,9,0,0,0,0,0,9,0,654,8,8,0,8
92,8,moe,658,36,9,0,0,0,0,0,9,0,550,8,8,0,8
92,9,moe,695,38,10,0,0,0,0,0,10,0,1249,8,8,0,8
92,10,moe,659,39,2501,1251,1251,930,227,0,93,0,554,8,7,1,8
92,11,moe,577,35,9,0,0,0,0,0,9,0,631,8,8,0,8
92,12,moe,665,42,9,0,0,0,0,0,9,0,715,8,8,0,8
92,13,moe,688,37,9,0,0,0,0,0,9,0,752,8,8,0,8
92,14,moe,694,38,9,0,0,0,0,0,9,0,600,8,8,0,8
92,15,moe,578,43,8,0,0,0,0,0,8,0,689,8,8,0,8
92,16,moe,656,36,8,0,0,0,0,0,8,0,547,8,8,0,8
92,17,moe,687,35,8,0,0,0,0,0,8,0,545,8,8,0,8
92,18,moe,662,35,9,0,0,0,0,0,9,0,615,8,8,0,8
92,19,moe,581,43,9,0,0,0,0,0,9,0,554,8,8,0,8
92,20,moe,669,36,8,0,0,0,0,0,8,0,563,8,8,0,8
92,21,moe,686,41,3386,1292,1292,1939,66,0,89,0,635,8,7,1,8
92,22,moe,690,41,4945,1409,1410,3139,300,0,96,0,555,8,6,2,8
92,23,moe,588,37,10,0,0,0,0,0,10,0,618,8,8,0,8
92,24,moe,687,38,10,0,0,0,0,0,10,0,692,8,8,0,8
92,25,moe,686,34,9,0,0,0,0,0,9,0,696,8,8,0,8
92,26,moe,598,40,9,0,0,0,0,0,9,0,630,8,8,0,8
92,-1,epi,0,0,0,0,0,0,0,0,3829,0,0,0,0,0,0
93,-2,pre,47,0,0,0,0,0,0,0,0,0,0,0,0,0,0
93,0,dense,1174,42,0,0,0,0,0,0,0,0,0,0,0,0,0
93,1,moe,691,43,9,0,0,0,0,0,9,0,627,8,8,0,8
93,2,moe,674,42,3406,1316,1316,1935,71,0,84,0,677,8,7,1,8
93,3,moe,630,66,9,0,0,0,0,0,9,0,652,8,8,0,8
93,4,moe,670,40,10,0,0,0,0,0,10,0,559,8,8,0,8
93,5,moe,699,39,2956,1177,1177,1623,65,0,91,0,555,8,7,1,8
93,6,moe,671,38,3732,1378,1378,1099,1186,0,69,0,624,8,7,1,8
93,7,moe,594,34,2977,1196,1196,1651,57,0,73,0,554,8,7,1,8
93,8,moe,654,36,10,0,0,0,0,1,9,0,549,8,8,0,8
93,9,moe,692,35,9,0,0,0,0,0,9,0,628,8,8,0,8
93,10,moe,654,35,10,0,0,0,0,0,10,0,626,8,8,0,8
93,11,moe,617,37,6778,5013,5013,1536,206,0,23,0,563,8,7,1,8
93,12,moe,693,69,9,0,0,0,0,0,9,0,618,8,8,0,8
93,13,moe,688,37,2873,1247,1247,1540,61,1,24,0,616,8,7,1,8
93,14,moe,987,39,3284,1175,1176,1543,542,0,23,0,552,8,7,1,8
93,15,moe,599,41,2622,1325,1325,1107,65,0,125,0,635,8,7,1,8
93,16,moe,669,40,10,0,0,0,0,0,10,0,606,8,8,0,8
93,17,moe,693,39,5340,2299,2299,1774,1169,0,98,0,555,8,6,2,8
93,18,moe,653,38,9,0,0,0,0,0,9,0,615,8,8,0,8
93,19,moe,586,46,2771,1141,1141,1536,68,0,26,0,564,8,7,1,8
93,20,moe,661,36,10,0,0,0,0,0,10,0,659,8,8,0,8
93,21,moe,682,36,9,0,0,0,0,0,9,0,759,8,8,0,8
93,22,moe,687,34,10,0,0,0,0,0,10,0,548,8,8,0,8
93,23,moe,587,39,4098,1724,1724,2092,155,0,127,0,624,8,6,2,8
93,24,moe,700,40,1742,335,337,991,392,0,22,0,637,8,7,1,8
93,25,moe,699,38,9,0,0,0,0,0,9,0,709,8,8,0,8
93,26,moe,593,35,10,0,0,0,0,0,10,0,837,8,8,0,8
93,-1,epi,0,0,0,0,0,0,0,0,3821,0,0,0,0,0,0
94,-2,pre,42,0,0,0,0,0,0,0,0,0,0,0,0,0,0
94,0,dense,1175,35,0,0,0,0,0,0,0,0,0,0,0,0,0
94,1,moe,688,33,9,0,0,0,0,0,9,0,688,8,8,0,8
94,2,moe,658,33,3537,1357,1357,1879,275,0,26,0,708,8,7,1,8
94,3,moe,607,31,4796,670,670,3745,350,0,31,0,708,8,6,2,8
94,4,moe,663,31,3247,1370,1371,1691,61,0,124,0,641,8,7,1,8
94,5,moe,700,37,2124,1144,1144,892,66,0,22,0,558,8,7,1,8
94,6,moe,667,33,9,0,0,0,0,0,9,0,705,8,8,0,8
94,7,moe,591,31,6112,3376,3376,1779,922,1,34,0,620,8,6,2,8
94,8,moe,657,36,2324,1181,1182,887,230,0,25,0,658,8,7,1,8
94,9,moe,684,34,10,0,0,0,0,0,10,0,797,8,8,0,8
94,10,moe,659,33,9,0,0,0,0,0,9,0,736,8,8,0,8
94,11,moe,604,30,5670,2250,2250,1778,1608,0,34,0,564,8,6,2,8
94,12,moe,663,33,22,0,0,0,0,0,22,0,1466,8,8,0,8
94,13,moe,694,36,4943,2429,2429,1770,704,0,40,0,561,8,6,2,8
94,14,moe,770,36,12800,4523,4523,5692,2529,0,56,0,628,8,4,4,8
94,15,moe,586,31,2154,340,340,1095,635,0,84,0,1288,8,7,1,8
94,16,moe,665,34,3358,1325,1325,1639,308,0,86,0,646,8,7,1,8
94,17,moe,693,33,3070,1139,1139,1539,366,0,26,0,562,8,7,1,8
94,18,moe,660,31,10,0,0,0,0,1,9,0,619,8,8,0,8
94,19,moe,588,31,2586,1155,1156,854,553,0,23,0,561,8,7,1,8
94,20,moe,658,33,2602,1162,1162,850,564,1,25,0,558,8,7,1,8
94,21,moe,689,35,9,0,0,0,0,0,9,0,624,8,8,0,8
94,22,moe,685,32,3059,927,927,1745,351,0,36,0,563,8,6,2,8
94,23,moe,610,30,9,0,0,0,0,0,9,0,624,8,8,0,8
94,24,moe,691,31,9,0,0,0,0,0,9,0,622,8,8,0,8
94,25,moe,688,32,3558,1347,1347,2034,87,0,90,0,2895,8,7,1,8
94,26,moe,596,38,11,0,0,0,0,0,11,0,626,8,8,0,8
94,-1,epi,0,0,0,0,0,0,0,0,3824,0,0,0,0,0,0
95,-2,pre,70,0,0,0,0,0,0,0,0,0,0,0,0,0,0
95,0,dense,1170,36,0,0,0,0,0,0,0,0,0,0,0,0,0
95,1,moe,687,33,3313,1340,1340,1877,68,0,28,0,633,8,7,1,8
95,2,moe,657,33,10,0,0,0,0,0,10,0,626,8,8,0,8
95,3,moe,595,31,3281,1306,1306,1883,69,0,23,0,625,8,7,1,8
95,4,moe,658,34,3138,1270,1270,1711,59,0,98,0,550,8,7,1,8
95,5,moe,688,33,9,0,0,0,0,0,9,0,626,8,8,0,8
95,6,moe,661,32,3737,1258,1258,1987,417,0,75,0,624,8,7,1,8
95,7,moe,595,39,10,0,0,0,0,0,10,0,553,8,8,0,8
95,8,moe,655,32,9,0,0,0,0,0,9,0,548,8,8,0,8
95,9,moe,688,33,9,0,0,0,0,0,9,0,684,8,8,0,8
95,10,moe,658,39,9,0,0,0,0,0,9,0,546,8,8,0,8
95,11,moe,585,32,9,0,0,0,0,0,9,0,543,8,8,0,8
95,12,moe,664,39,9,0,0,0,0,1,8,0,659,8,8,0,8
95,13,moe,729,96,2768,1625,1625,972,71,0,100,0,561,8,7,1,8
95,14,moe,674,36,10,0,0,0,0,0,10,0,551,8,8,0,8
95,15,moe,584,32,8,0,0,0,0,0,8,0,623,8,8,0,8
95,16,moe,660,34,9,0,0,0,0,0,9,0,563,8,8,0,8
95,17,moe,685,34,9,0,0,0,0,0,9,0,548,8,8,0,8
95,18,moe,657,38,3199,1287,1287,1157,672,0,83,0,631,8,7,1,8
95,19,moe,609,46,3762,1198,1198,971,1525,0,68,0,551,8,7,1,8
95,20,moe,664,35,10,0,0,0,0,0,10,0,554,8,8,0,8
95,21,moe,689,33,9,0,0,0,0,0,9,0,624,8,8,0,8
95,22,moe,691,36,3041,1175,1175,1599,243,0,24,0,556,8,7,1,8
95,23,moe,612,31,3404,1197,1198,2010,96,1,99,0,793,8,7,1,8
95,24,moe,694,32,3926,1264,1264,1869,768,0,25,0,635,8,7,1,8
95,25,moe,695,33,20,0,0,0,0,0,20,0,688,8,8,0,8
95,26,moe,604,36,10,0,0,0,0,0,10,0,627,8,8,0,8
95,-1,epi,0,0,0,0,0,0,0,0,3831,0,0,0,0,0,0
96,-2,pre,92,0,0,0,0,0,0,0,0,0,0,0,0,0,0
96,0,dense,1180,39,0,0,0,0,0,0,0,0,0,0,0,0,0
96,1,moe,696,35,4186,1691,1691,2072,384,0,39,0,633,8,6,2,8
96,2,moe,664,39,11,0,0,0,0,0,11,0,1322,8,8,0,8
96,3,moe,599,38,2466,1336,1337,1035,68,0,26,0,632,8,7,1,8
96,4,moe,715,36,11,0,0,0,0,0,11,0,627,8,8,0,8
96,5,moe,756,37,11,0,0,0,0,0,11,0,603,8,8,0,8
96,6,moe,685,36,10,0,1,0,0,0,9,0,752,8,8,0,8
96,7,moe,663,35,2468,1138,1138,956,252,0,122,0,675,8,7,1,8
96,8,moe,753,52,12,0,0,0,0,0,12,0,635,8,8,0,8
96,9,moe,760,46,12,0,0,0,0,0,12,0,889,8,8,0,8
96,10,moe,718,45,12,0,0,0,0,0,12,0,667,8,8,0,8
96,11,moe,638,39,9,0,0,0,0,0,9,0,591,8,8,0,8
96,12,moe,677,42,8,0,0,0,0,0,8,0,699,8,8,0,8
96,13,moe,700,43,8,0,0,0,0,0,8,0,562,8,8,0,8
96,14,moe,669,36,2473,1504,1504,887,58,0,24,0,719,8,7,1,8
96,15,moe,698,37,9,0,0,0,0,0,9,0,691,8,8,0,8
96,16,moe,675,40,2133,301,301,1600,208,0,24,0,565,8,7,1,8
96,17,moe,703,38,10,0,0,0,0,0,10,0,573,8,8,0,8
96,18,moe,685,44,9,0,0,0,0,0,9,0,637,8,8,0,8
96,19,moe,605,42,9,0,0,0,0,0,9,0,618,8,8,0,8
96,20,moe,690,45,10,0,0,0,0,0,10,0,554,8,8,0,8
96,21,moe,716,39,9,0,0,0,0,0,9,0,1269,8,8,0,8
96,22,moe,706,42,2633,695,695,1696,216,0,26,0,569,8,7,1,8
96,23,moe,614,41,9,0,0,0,0,0,9,0,702,8,8,0,8
96,24,moe,702,38,9,0,0,0,0,0,9,0,623,8,8,0,8
96,25,moe,712,65,12168,3806,3808,6060,2176,0,124,0,759,8,5,3,8
96,26,moe,651,46,11,0,0,0,0,1,10,0,722,8,8,0,8
96,-1,epi,0,0,0,0,0,0,0,0,4261,0,0,0,0,0,0
97,-2,pre,63,0,0,0,0,0,0,0,0,0,0,0,0,0,0
97,0,dense,1328,53,0,0,0,0,0,0,0,0,0,0,0,0,0
97,1,moe,757,45,5326,2577,2577,2192,506,0,51,0,656,8,6,2,8
97,2,moe,689,45,13,0,0,0,0,0,13,0,749,8,8,0,8
97,3,moe,649,43,3348,1859,1859,1104,356,0,29,0,971,8,7,1,8
97,4,moe,821,51,2589,1170,1171,1021,269,0,128,0,1004,8,7,1,8
97,5,moe,828,53,4740,2305,2305,1890,498,1,46,0,750,8,6,2,8
97,6,moe,702,46,14,0,1,0,0,0,13,0,780,8,8,0,8
97,7,moe,659,46,11,0,0,0,0,0,11,0,576,8,8,0,8
97,8,moe,656,53,7729,3357,3358,2819,1497,0,55,0,676,8,5,3,8
97,9,moe,709,53,65,0,0,0,0,0,65,0,908,8,8,0,8
97,10,moe,874,70,7245,3353,3353,2873,963,1,55,0,672,8,5,3,8
97,11,moe,672,39,3574,1181,1181,1442,921,1,29,0,593,8,7,1,8
97,12,moe,706,44,3386,1171,1171,1198,942,0,75,0,693,8,7,1,8
97,13,moe,751,46,4597,2255,2255,1959,300,0,83,0,564,8,6,2,8
97,14,moe,686,43,6650,2338,2339,3399,865,0,47,0,1144,8,6,2,8
97,15,moe,793,47,11,0,0,0,0,0,11,0,1394,8,8,0,8
97,16,moe,678,47,12,0,0,0,0,0,12,0,552,8,8,0,8
97,17,moe,704,41,2274,1242,1243,936,65,0,30,0,559,8,7,1,8
97,18,moe,681,52,10,0,0,0,0,1,9,0,737,8,8,0,8
97,19,moe,688,96,3887,1850,1850,1870,130,1,36,0,559,8,6,2,8
97,20,moe,682,44,3570,1154,1154,940,1450,1,25,0,581,8,7,1,8
97,21,moe,711,42,11,0,0,0,0,0,11,0,706,8,8,0,8
97,22,moe,704,39,1329,308,308,937,61,0,23,0,570,8,7,1,8
97,23,moe,610,40,11,0,0,0,0,0,11,0,629,8,8,0,8
97,24,moe,707,41,10,0,0,0,0,0,10,0,636,8,8,0,8
97,25,moe,711,43,2912,1556,1556,1220,72,0,64,0,639,8,7,1,8
97,26,moe,637,43,2681,1310,1310,1094,252,0,25,0,631,8,7,1,8
97,-1,epi,0,0,0,0,0,0,0,0,3829,0,0,0,0,0,0
98,-2,pre,216,0,0,0,0,0,0,0,0,0,0,0,0,0,0
98,0,dense,1189,48,0,0,0,0,0,0,0,0,0,0,0,0,0
98,1,moe,702,40,1763,353,353,1094,290,0,26,0,705,8,7,1,8
98,2,moe,672,39,10,0,0,0,0,0,10,0,629,8,8,0,8
98,3,moe,618,43,8247,3362,3362,4238,606,0,41,0,727,8,6,2,8
98,4,moe,692,42,11,0,0,0,0,0,11,0,588,8,8,0,8
98,5,moe,722,45,10,0,0,0,0,0,10,0,566,8,8,0,8
98,6,moe,709,46,10,0,0,0,0,0,10,0,635,8,8,0,8
98,7,moe,654,42,11,0,0,0,0,0,11,0,555,8,8,0,8
98,8,moe,695,41,10,0,0,0,0,0,10,0,567,8,8,0,8
98,9,moe,722,42,10,0,0,0,0,1,9,0,638,8,8,0,8
98,10,moe,701,44,10,0,0,0,0,0,10,0,565,8,8,0,8
98,11,moe,652,39,10,0,0,0,0,0,10,0,575,8,8,0,8
98,12,moe,690,42,10,0,0,0,0,0,10,0,642,8,8,0,8
98,13,moe,725,46,9,0,0,0,0,0,9,0,571,8,8,0,8
98,14,moe,700,44,10,0,0,0,0,0,10,0,561,8,8,0,8
98,15,moe,633,45,4839,1339,1340,2111,1359,0,29,0,917,8,7,1,8
98,16,moe,822,47,1548,320,320,1089,64,0,75,0,639,8,7,1,8
98,17,moe,733,49,10,0,0,0,0,0,10,0,568,8,8,0,8
98,18,moe,713,49,10,0,0,0,0,0,10,0,639,8,8,0,8
98,19,moe,666,44,2805,1135,1135,1005,637,0,28,0,567,8,7,1,8
98,20,moe,703,48,10,0,0,0,0,0,10,0,1148,8,8,0,8
98,21,moe,725,45,10,0,0,0,0,0,10,0,640,8,8,0,8
98,22,moe,726,47,10,0,0,0,0,0,10,0,602,8,8,0,8
98,23,moe,684,45,10,0,0,0,0,0,10,0,634,8,8,0,8
98,24,moe,691,46,11,0,0,0,0,0,11,0,646,8,8,0,8
98,25,moe,731,44,11,0,0,0,0,1,10,0,736,8,8,0,8
98,26,moe,664,40,10,0,0,0,0,0,10,0,635,8,8,0,8
98,-1,epi,0,0,0,0,0,0,0,0,3856,0,0,0,0,0,0
99,-2,pre,64,0,0,0,0,0,0,0,0,0,0,0,0,0,0
99,0,dense,1222,52,0,0,0,0,0,0,0,0,0,0,0,0,0
99,1,moe,731,45,11,0,0,0,0,0,11,0,666,8,8,0,8
99,2,moe,725,49,12,0,0,0,0,0,12,0,696,8,8,0,8
99,3,moe,637,48,11,0,0,0,0,0,11,0,793,8,8,0,8
99,4,moe,732,46,10,0,0,0,0,0,10,0,601,8,8,0,8
99,5,moe,789,46,11,0,0,0,0,0,11,0,805,8,8,0,8
99,6,moe,683,43,10,0,0,0,0,0,10,0,733,8,8,0,8
99,7,moe,648,43,4470,2534,2534,1015,888,0,33,0,605,8,7,1,8
99,8,moe,677,60,5309,2374,2374,2002,888,0,45,0,629,8,6,2,8
99,9,moe,726,55,17,0,0,0,0,0,17,0,1353,8,8,0,8
99,10,moe,698,46,11,0,0,0,0,0,11,0,561,8,8,0,8
99,11,moe,630,42,8811,3899,3899,3001,1858,0,53,0,585,8,5,3,8
99,12,moe,687,51,13,0,0,0,0,0,13,0,1952,8,8,0,8
99,13,moe,716,51,5534,2316,2316,1997,1179,0,42,0,631,8,6,2,8
99,14,moe,697,47,1811,700,700,1002,79,0,30,0,636,8,7,1,8
99,15,moe,637,41,10,0,0,0,0,0,10,0,730,8,8,0,8
99,16,moe,1046,49,11,0,0,0,0,0,11,0,555,8,8,0,8
99,17,moe,716,46,2562,1283,1283,998,244,0,37,0,559,8,7,1,8
99,18,moe,702,46,11,0,0,0,0,0,11,0,639,8,8,0,8
99,19,moe,643,44,10,0,0,0,0,0,10,0,558,8,8,0,8
99,20,moe,681,43,2460,1367,1367,999,65,0,29,0,642,8,7,1,8
99,21,moe,784,79,14,0,0,0,0,0,14,0,628,8,8,0,8
99,22,moe,711,43,5942,2685,2685,3000,203,0,54,0,629,8,5,3,8
99,23,moe,660,42,2968,1308,1308,1303,289,0,68,0,721,8,7,1,8
99,24,moe,707,44,2248,362,362,1159,696,0,31,0,628,8,7,1,8
99,25,moe,716,43,12,0,0,0,0,0,12,0,634,8,8,0,8
99,26,moe,644,45,11,0,0,0,0,0,11,0,700,8,8,0,8
99,-1,epi,0,0,0,0,0,0,0,0,3848,0,0,0,0,0,0
100,-2,pre,71,0,0,0,0,0,0,0,0,0,0,0,0,0,0
100,0,dense,1194,41,0,0,0,0,0,0,0,0,0,0,0,0,0
100,1,moe,706,36,5335,2804,2804,2331,154,0,46,0,797,8,6,2,8
100,2,moe,687,38,11,0,0,0,0,0,11,0,712,8,8,0,8
100,3,moe,647,35,2464,1195,1195,1165,77,0,27,0,629,8,7,1,8
100,4,moe,693,34,10,0,0,0,0,0,10,0,559,8,8,0,8
100,5,moe,728,51,11,0,0,0,0,0,11,0,570,8,8,0,8
100,6,moe,687,47,10,0,0,0,0,0,10,0,619,8,8,0,8
100,7,moe,638,37,11,0,0,0,0,0,11,0,560,8,8,0,8
100,8,moe,696,41,11,0,0,0,0,0,11,0,555,8,8,0,8
100,9,moe,721,42,10,0,0,0,0,0,10,0,624,8,8,0,8
100,10,moe,687,40,10,0,0,0,0,0,10,0,630,8,8,0,8
100,11,moe,633,37,10,0,0,0,0,0,10,0,559,8,8,0,8
100,12,moe,684,37,10,0,0,0,0,0,10,0,627,8,8,0,8
100,13,moe,972,37,10,0,0,0,0,0,10,0,555,8,8,0,8
100,14,moe,690,40,10,0,0,0,0,0,10,0,629,8,8,0,8
100,15,moe,630,37,2626,1358,1358,1158,82,0,28,0,637,8,7,1,8
100,16,moe,690,39,10,0,0,0,0,0,10,0,1298,8,8,0,8
100,17,moe,726,39,12,0,0,0,0,1,11,0,621,8,8,0,8
100,18,moe,692,35,11,0,0,0,0,0,11,0,635,8,8,0,8
100,19,moe,642,40,11,0,0,0,0,0,11,0,564,8,8,0,8
100,20,moe,687,41,10,0,0,0,0,0,10,0,645,8,8,0,8
100,21,moe,720,36,9505,5092,5092,3489,871,0,53,0,645,8,5,3,8
100,22,moe,743,41,11,0,0,0,0,0,11,0,1249,8,8,0,8
100,23,moe,656,39,10,0,0,0,0,0,10,0,634,8,8,0,8
100,24,moe,710,38,11,0,0,0,0,0,11,0,630,8,8,0,8
100,25,moe,721,47,11,0,0,0,0,0,11,0,796,8,8,0,8
100,26,moe,661,41,11,0,0,0,0,0,11,0,1422,8,8,0,8
100,-1,epi,0,0,0,0,0,0,0,0,3838,0,0,0,0,0,0
101,-2,pre,78,0,0,0,0,0,0,0,0,0,0,0,0,0,0
101,0,dense,1203,39,0,0,0,0,0,0,0,0,0,0,0,0,0
101,1,moe,718,39,4548,1801,1801,2320,385,0,42,0,731,8,6,2,8
101,2,moe,738,66,4756,2224,2224,2333,154,0,45,0,861,8,6,2,8
101,3,moe,706,87,5478,2965,2965,2326,148,1,38,0,642,8,6,2,8
101,4,moe,686,38,2653,1214,1214,1083,278,0,78,0,713,8,7,1,8
101,5,moe,727,42,2630,1195,1195,1005,402,0,28,0,693,8,7,1,8
101,6,moe,743,75,18,0,0,0,0,0,18,0,765,8,8,0,8
101,7,moe,637,44,11,0,0,0,0,0,11,0,557,8,8,0,8
101,8,moe,697,39,11,0,0,0,0,0,11,0,553,8,8,0,8
101,9,moe,724,39,11,0,0,0,0,0,11,0,708,8,8,0,8
101,10,moe,674,36,12,0,0,0,0,0,12,0,557,8,8,0,8
101,11,moe,640,41,2958,1234,1234,1001,696,0,27,0,634,8,7,1,8
101,12,moe,695,41,3554,1321,1321,1315,852,0,66,0,671,8,7,1,8
101,13,moe,785,88,11,0,0,0,0,0,11,0,564,8,8,0,8
101,14,moe,687,36,11,0,0,0,0,1,10,0,701,8,8,0,8
101,15,moe,684,35,10,0,0,0,0,0,10,0,706,8,8,0,8
101,16,moe,686,35,9,0,1,0,0,0,8,0,762,8,8,0,8
101,17,moe,806,35,11,0,0,0,0,0,11,0,698,8,8,0,8
101,18,moe,688,39,10626,4188,4188,3500,2877,0,61,0,634,8,5,3,8
101,19,moe,632,36,6690,2360,2360,2086,2106,0,138,0,608,8,6,2,8
101,20,moe,730,82,2365,1250,1250,1009,75,0,31,0,568,8,7,1,8
101,21,moe,723,37,7823,3276,3276,2453,2007,0,87,0,650,8,6,2,8
101,22,moe,719,40,12,0,0,0,0,0,12,0,864,8,8,0,8
101,23,moe,641,36,5076,2524,2524,2329,183,0,40,0,639,8,6,2,8
101,24,moe,718,36,11,0,0,0,0,0,11,0,623,8,8,0,8
101,25,moe,724,44,3244,1306,1307,1166,743,0,28,0,633,8,7,1,8
101,26,moe,647,41,11,0,0,0,0,0,11,0,807,8,8,0,8
101,-1,epi,0,0,0,0,0,0,0,0,3831,0,0,0,0,0,0
102,-2,pre,56,0,0,0,0,0,0,0,0,0,0,0,0,0,0
102,0,dense,1203,39,0,0,0,0,0,0,0,0,0,0,0,0,0
102,1,moe,746,37,12,0,0,0,0,0,12,0,793,8,8,0,8
102,2,moe,686,465,13,0,0,0,0,0,13,0,676,8,8,0,8
102,3,moe,638,43,10992,6982,6982,3484,468,0,58,0,638,8,5,3,8
102,4,moe,679,43,2412,1180,1180,1089,64,0,79,0,559,8,7,1,8
102,5,moe,711,45,11,0,0,0,0,0,11,0,557,8,8,0,8
102,6,moe,698,48,3429,1398,1398,1315,622,0,94,0,1587,8,7,1,8
102,7,moe,651,46,2768,1229,1229,1084,393,0,62,0,574,8,7,1,8
102,8,moe,688,48,11,0,0,0,0,0,11,0,566,8,8,0,8
102,9,moe,719,42,10,0,1,0,0,0,9,0,632,8,8,0,8
102,10,moe,687,44,11,0,0,0,0,0,11,0,578,8,8,0,8
102,11,moe,652,41,11,0,0,0,0,0,11,0,701,8,8,0,8
102,12,moe,689,42,11,0,0,0,0,0,11,0,788,8,8,0,8
102,13,moe,726,55,10,0,0,0,0,0,10,0,571,8,8,0,8
102,14,moe,690,48,2372,1275,1275,1005,65,1,26,0,650,8,7,1,8
102,15,moe,636,40,10,0,0,0,0,0,10,0,635,8,8,0,8
102,16,moe,692,43,10,0,0,0,0,0,10,0,703,8,8,0,8
102,17,moe,909,48,11,0,0,0,0,0,11,0,635,8,8,0,8
102,18,moe,690,43,11,0,0,0,0,0,11,0,623,8,8,0,8
102,19,moe,636,48,12,0,0,0,0,0,12,0,559,8,8,0,8
102,20,moe,685,42,2321,1214,1214,1001,76,0,30,0,647,8,7,1,8
102,21,moe,726,49,11,0,0,0,0,0,11,0,632,8,8,0,8
102,22,moe,720,41,11,0,0,0,0,0,11,0,625,8,8,0,8
102,23,moe,634,38,9,0,0,0,0,0,9,0,720,8,8,0,8
102,24,moe,717,42,9,0,0,0,0,0,9,0,709,8,8,0,8
102,25,moe,716,40,7883,3187,3187,2453,2151,1,91,0,644,8,6,2,8
102,26,moe,650,41,29,0,0,0,0,0,29,0,720,8,8,0,8
102,-1,epi,0,0,0,0,0,0,0,0,3845,0,0,0,0,0,0
103,-2,pre,68,0,0,0,0,0,0,0,0,0,0,0,0,0,0
103,0,dense,1280,78,0,0,0,0,0,0,0,0,0,0,0,0,0
103,1,moe,718,43,11,0,0,0,0,0,11,0,787,8,8,0,8
103,2,moe,685,47,2603,1323,1324,1167,86,0,26,0,792,8,7,1,8
103,3,moe,659,50,13392,6877,6878,5827,610,0,77,0,793,8,3,5,8
103,4,moe,686,47,2817,1248,1248,1094,387,0,88,0,638,8,7,1,8
103,5,moe,725,44,11,0,0,0,0,0,11,0,695,8,8,0,8
103,6,moe,670,43,11,0,0,0,0,0,11,0,758,8,8,0,8
103,7,moe,667,44,12,0,0,0,0,0,12,0,575,8,8,0,8
103,8,moe,730,46,5399,2451,2451,1995,912,0,41,0,600,8,6,2,8
103,9,moe,718,43,3171,1343,1344,1277,481,0,69,0,871,8,7,1,8
103,10,moe,680,45,10,0,0,0,0,0,10,0,553,8,8,0,8
103,11,moe,643,40,3042,1185,1185,1080,668,0,109,0,640,8,7,1,8
103,12,moe,690,49,5301,1612,1612,1314,2284,0,91,0,636,8,7,1,8
103,13,moe,732,48,11,0,0,0,0,0,11,0,636,8,8,0,8
103,14,moe,697,48,11,0,0,0,0,0,11,0,773,8,8,0,8
103,15,moe,644,43,2640,1376,1376,1162,75,0,27,0,794,8,7,1,8
103,16,moe,695,44,9039,2514,2514,2096,4280,1,148,0,564,8,6,2,8
103,17,moe,1125,47,12,0,0,0,0,0,12,0,551,8,8,0,8
103,18,moe,669,41,2878,1297,1297,1219,268,0,94,0,1369,8,7,1,8
103,19,moe,639,42,2450,1300,1300,1013,75,0,62,0,1200,8,7,1,8
103,20,moe,667,39,2190,1160,1160,934,73,0,23,0,561,8,7,1,8
103,21,moe,702,43,7231,2694,2695,2332,2049,0,155,0,637,8,6,2,8
103,22,moe,708,44,6356,2232,2232,2921,588,0,615,0,599,8,5,3,8
103,23,moe,618,43,11,0,0,0,0,0,11,0,629,8,8,0,8
103,24,moe,699,40,12,0,0,0,0,0,12,0,626,8,8,0,8
103,25,moe,695,39,2983,1378,1378,1223,288,0,94,0,773,8,7,1,8
103,26,moe,708,70,10,0,0,0,0,0,10,0,1993,8,8,0,8
103,-1,epi,0,0,0,0,0,0,0,0,3826,0,0,0,0,0,0
104,-2,pre,46,0,0,0,0,0,0,0,0,0,0,0,0,0,0
104,0,dense,1186,48,0,0,0,0,0,0,0,0,0,0,0,0,0
104,1,moe,696,43,2718,1329,1329,1094,264,0,31,0,866,8,7,1,8
104,2,moe,670,43,2709,1521,1521,1092,71,0,25,0,767,8,7,1,8
104,3,moe,668,81,3646,2441,2441,1102,74,0,29,0,775,8,7,1,8
104,4,moe,663,39,10,0,0,0,0,0,10,0,1232,8,8,0,8
104,5,moe,690,40,2411,1224,1224,1019,65,0,103,0,622,8,7,1,8
104,6,moe,668,43,10,0,0,0,0,0,10,0,1215,8,8,0,8
104,7,moe,623,41,2444,1217,1217,945,258,0,24,0,688,8,7,1,8
104,8,moe,670,42,10,0,0,0,0,0,10,0,549,8,8,0,8
104,9,moe,702,47,5730,2726,2726,2315,584,0,105,0,628,8,6,2,8
104,10,moe,667,44,11,0,0,0,0,0,11,0,619,8,8,0,8
104,11,moe,620,45,2652,1288,1288,1027,247,0,90,0,556,8,7,1,8
104,12,moe,677,43,9,0,0,0,0,0,9,0,702,8,8,0,8
104,13,moe,704,45,4574,1360,1360,940,2244,0,30,0,611,8,7,1,8
104,14,moe,718,88,11,0,0,0,0,0,11,0,659,8,8,0,8
104,15,moe,661,71,30,0,0,0,0,0,30,0,660,8,8,0,8
104,16,moe,726,84,2799,1223,1224,937,609,0,29,0,738,8,7,1,8
104,17,moe,698,45,11,0,0,0,0,0,11,0,614,8,8,0,8
104,18,moe,669,39,9,0,0,0,0,1,8,0,702,8,8,0,8
104,19,moe,618,39,10,0,0,0,0,0,10,0,677,8,8,0,8
104,20,moe,673,41,9310,2976,2976,1887,4408,0,39,0,675,8,6,2,8
104,21,moe,702,45,11,0,0,0,0,1,10,0,630,8,8,0,8
104,22,moe,705,43,4965,2347,2347,1871,712,0,35,0,563,8,6,2,8
104,23,moe,608,41,7785,2778,2778,2293,2562,1,151,0,694,8,6,2,8
104,24,moe,741,93,3187,1404,1404,1089,669,0,25,0,772,8,7,1,8
104,25,moe,714,45,2618,1411,1411,1098,85,1,23,0,854,8,7,1,8
104,26,moe,622,39,6520,2516,2516,2192,1774,0,38,0,1769,8,6,2,8
104,-1,epi,0,0,0,0,0,0,0,0,3860,0,0,0,0,0,0
105,-2,pre,92,0,0,0,0,0,0,0,0,0,0,0,0,0,0
105,0,dense,1185,42,0,0,0,0,0,0,0,0,0,0,0,0,0
105,1,moe,691,40,3214,1816,1818,1093,272,0,31,0,717,8,7,1,8
105,2,moe,681,44,3292,738,738,2178,340,0,36,0,792,8,6,2,8
105,3,moe,626,40,3092,736,736,2175,139,0,42,0,708,8,6,2,8
105,4,moe,668,44,10,0,1,0,0,0,9,0,2009,8,8,0,8
105,5,moe,703,45,1523,327,327,1025,67,0,104,0,621,8,7,1,8
105,6,moe,678,43,10,0,0,0,0,0,10,0,623,8,8,0,8
105,7,moe,614,46,9,0,0,0,0,0,9,0,556,8,8,0,8
105,8,moe,671,47,10,0,0,0,0,0,10,0,558,8,8,0,8
105,9,moe,698,41,10,0,0,0,0,0,10,0,699,8,8,0,8
105,10,moe,663,40,9,0,0,0,0,0,9,0,610,8,8,0,8
105,11,moe,620,39,9,0,0,0,0,0,9,0,680,8,8,0,8
105,12,moe,671,42,9,0,0,0,0,0,9,0,795,8,8,0,8
105,13,moe,726,43,10,0,0,0,0,0,10,0,1129,8,8,0,8
105,14,moe,675,42,2607,1390,1390,937,254,0,26,0,692,8,7,1,8
105,15,moe,612,40,9,0,0,0,0,0,9,0,641,8,8,0,8
105,16,moe,671,42,2777,1231,1231,938,582,0,26,0,1090,8,7,1,8
105,17,moe,752,47,11,0,0,0,0,0,11,0,2244,8,8,0,8
105,18,moe,775,51,10,0,0,0,0,0,10,0,781,8,8,0,8
105,19,moe,625,42,10,0,0,0,0,0,10,0,1145,8,8,0,8
105,20,moe,677,42,10,0,0,0,0,0,10,0,550,8,8,0,8
105,21,moe,698,46,2986,1339,1339,1230,320,0,97,0,648,8,7,1,8
105,22,moe,711,46,2014,589,589,1087,242,0,96,0,606,8,7,1,8
105,23,moe,654,43,2747,1333,1333,1267,76,0,71,0,708,8,7,1,8
105,24,moe,725,47,10,0,0,0,0,0,10,0,743,8,8,0,8
105,25,moe,715,38,9,0,0,0,0,0,9,0,692,8,8,0,8
105,26,moe,630,35,10,0,0,0,0,0,10,0,616,8,8,0,8
105,-1,epi,0,0,0,0,0,0,0,0,3823,0,0,0,0,0,0
106,-2,pre,61,0,0,0,0,0,0,0,0,0,0,0,0,0,0
106,0,dense,1189,37,0,0,0,0,0,0,0,0,0,0,0,0,0
106,1,moe,705,53,2955,1485,1485,1160,282,0,28,0,791,8,7,1,8
106,2,moe,683,40,8177,3068,3068,3502,1556,0,51,0,788,8,5,3,8
106,3,moe,641,38,1623,364,365,1159,74,0,25,0,625,8,7,1,8
106,4,moe,678,36,10,0,0,0,0,0,10,0,1314,8,8,0,8
106,5,moe,714,40,3029,1268,1268,1089,594,0,78,0,1217,8,7,1,8
106,6,moe,702,38,11,0,0,0,0,0,11,0,715,8,8,0,8
106,7,moe,644,34,5934,2385,2385,2016,1495,0,38,0,694,8,6,2,8
106,8,moe,688,37,11,0,0,0,0,0,11,0,695,8,8,0,8
106,9,moe,732,40,11,0,0,0,0,0,11,0,628,8,8,0,8
106,10,moe,673,35,2698,1167,1167,937,568,0,26,0,627,8,7,1,8
106,11,moe,616,35,9,0,0,0,0,0,9,0,565,8,8,0,8
106,12,moe,667,36,9,0,0,0,0,0,9,0,695,8,8,0,8
106,13,moe,695,35,9,0,0,0,0,0,9,0,625,8,8,0,8
106,14,moe,668,33,10,0,0,0,0,0,10,0,672,8,8,0,8
106,15,moe,619,33,9,0,0,0,0,0,9,0,700,8,8,0,8
106,16,moe,673,39,10,0,0,0,0,0,10,0,611,8,8,0,8
106,17,moe,697,33,2459,1191,1191,997,246,0,25,0,636,8,7,1,8
106,18,moe,1097,38,10,0,0,0,0,0,10,0,875,8,8,0,8
106,19,moe,644,33,10,0,0,0,0,0,10,0,631,8,8,0,8
106,20,moe,690,35,7841,4506,4506,2012,1282,0,41,0,688,8,6,2,8
106,21,moe,717,39,10,0,1,0,0,0,9,0,1401,8,8,0,8
106,22,moe,718,36,11,0,0,0,0,0,11,0,628,8,8,0,8
106,23,moe,640,37,5593,1667,1667,2449,1373,0,104,0,852,8,6,2,8
106,24,moe,724,43,2477,1270,1270,1100,75,1,31,0,818,8,7,1,8
106,25,moe,714,38,11,0,0,0,0,0,11,0,631,8,8,0,8
106,26,moe,616,33,3739,1336,1336,1092,1286,0,25,0,681,8,7,1,8
106,-1,epi,0,0,0,0,0,0,0,0,3828,0,0,0,0,0,0
107,-2,pre,57,0,0,0,0,0,0,0,0,0,0,0,0,0,0
107,0,dense,1208,38,0,0,0,0,0,0,0,0,0,0,0,0,0
107,1,moe,746,355,1676,398,398,1170,74,0,34,0,734,8,7,1,8
107,2,moe,693,43,3624,2337,2337,1168,85,0,34,0,724,8,7,1,8
107,3,moe,657,39,5076,2544,2544,2338,148,0,46,0,634,8,6,2,8
107,4,moe,699,43,12,0,0,0,0,0,12,0,563,8,8,0,8
107,5,moe,723,36,10,0,0,0,0,0,10,0,627,8,8,0,8
107,6,moe,698,36,2721,1232,1232,1165,294,0,30,0,721,8,7,1,8
107,7,moe,632,38,11,0,0,0,0,0,11,0,559,8,8,0,8
107,8,moe,689,44,10,0,0,0,0,0,10,0,624,8,8,0,8
107,9,moe,714,35,11,0,0,0,0,0,11,0,1261,8,8,0,8
107,10,moe,688,34,10,0,0,0,0,0,10,0,633,8,8,0,8
107,11,moe,645,40,9,0,0,0,0,0,9,0,661,8,8,0,8
107,12,moe,680,36,2944,1282,1282,1162,473,0,27,0,721,8,7,1,8
107,13,moe,718,37,10,0,0,0,0,0,10,0,558,8,8,0,8
107,14,moe,679,36,10,0,0,0,0,0,10,0,633,8,8,0,8
107,15,moe,637,41,10,0,0,0,0,0,10,0,797,8,8,0,8
107,16,moe,693,36,11,0,0,0,0,0,11,0,561,8,8,0,8
107,17,moe,710,38,10,0,0,0,0,0,10,0,562,8,8,0,8
107,18,moe,778,41,2877,1334,1334,1167,347,0,29,0,638,8,7,1,8
107,19,moe,644,35,11,0,0,0,0,0,11,0,641,8,8,0,8
107,20,moe,689,36,10,0,0,0,0,0,10,0,557,8,8,0,8
107,21,moe,714,40,2795,1320,1320,1165,278,0,32,0,625,8,7,1,8
107,22,moe,714,36,10,0,0,0,0,0,10,0,557,8,8,0,8
107,23,moe,642,37,2721,1256,1256,1166,272,0,27,0,795,8,7,1,8
107,24,moe,707,35,10,0,0,0,0,0,10,0,628,8,8,0,8
107,25,moe,711,35,10,0,0,0,0,0,10,0,797,8,8,0,8
107,26,moe,655,40,11,0,0,0,0,0,11,0,832,8,8,0,8
107,-1,epi,0,0,0,0,0,0,0,0,3822,0,0,0,0,0,0
108,-2,pre,51,0,0,0,0,0,0,0,0,0,0,0,0,0,0
108,0,dense,1196,46,0,0,0,0,0,0,0,0,0,0,0,0,0
108,1,moe,711,46,10,0,0,0,0,0,10,0,638,8,8,0,8
108,2,moe,710,48,12,0,0,0,0,0,12,0,626,8,8,0,8
108,3,moe,643,43,10,0,0,0,0,0,10,0,633,8,8,0,8
108,4,moe,687,41,11,0,0,0,0,0,11,0,626,8,8,0,8
108,5,moe,715,44,10,0,0,0,0,0,10,0,698,8,8,0,8
108,6,moe,685,42,11,0,0,0,0,0,11,0,785,8,8,0,8
108,7,moe,648,41,10,0,0,0,0,0,10,0,712,8,8,0,8
108,8,moe,691,42,10,0,0,0,0,0,10,0,659,8,8,0,8
108,9,moe,716,45,10,0,0,0,0,0,10,0,794,8,8,0,8
108,10,moe,685,40,9,0,0,0,0,0,9,0,757,8,8,0,8
108,11,moe,628,45,9,0,0,0,0,0,9,0,630,8,8,0,8
108,12,moe,692,53,10,0,0,0,0,0,10,0,626,8,8,0,8
108,13,moe,725,46,10,0,0,0,0,0,10,0,559,8,8,0,8
108,14,moe,688,42,10,0,0,0,0,0,10,0,560,8,8,0,8
108,15,moe,628,43,6277,2891,2891,2331,1016,0,39,0,639,8,6,2,8
108,16,moe,692,46,10,0,0,0,0,0,10,0,562,8,8,0,8
108,17,moe,713,43,10,0,0,0,0,0,10,0,632,8,8,0,8
108,18,moe,700,45,10,0,0,0,0,0,10,0,633,8,8,0,8
108,19,moe,648,43,10,0,0,0,0,0,10,0,855,8,8,0,8
108,20,moe,697,48,3042,1233,1234,1094,609,0,105,0,746,8,7,1,8
108,21,moe,720,44,2806,1337,1337,1309,77,0,83,0,672,8,7,1,8
108,22,moe,756,106,11,0,0,0,0,0,11,0,674,8,8,0,8
108,23,moe,648,40,10,0,0,0,0,0,10,0,632,8,8,0,8
108,24,moe,716,46,11,0,0,0,0,0,11,0,625,8,8,0,8
108,25,moe,720,43,11,0,0,0,0,0,11,0,633,8,8,0,8
108,26,moe,664,50,2627,1341,1342,1164,91,0,30,0,647,8,7,1,8
108,-1,epi,0,0,0,0,0,0,0,0,3836,0,0,0,0,0,0
109,-2,pre,50,0,0,0,0,0,0,0,0,0,0,0,0,0,0
109,0,dense,1290,48,0,0,0,0,0,0,0,0,0,0,0,0,0
109,1,moe,723,46,11,0,0,0,0,0,11,0,649,8,8,0,8
109,2,moe,677,44,11,0,0,0,0,0,11,0,666,8,8,0,8
109,3,moe,663,41,11,0,0,0,0,1,10,0,742,8,8,0,8
109,4,moe,711,52,12,0,0,0,0,0,12,0,740,8,8,0,8
109,5,moe,745,48,4873,1675,1675,1626,1433,0,139,0,683,8,7,1,8
109,6,moe,721,45,13,0,0,0,0,0,13,0,803,8,8,0,8
109,7,moe,663,50,3653,1155,1155,1817,649,0,32,0,1173,8,7,1,8
109,8,moe,714,48,6084,2351,2351,1995,1698,0,40,0,573,8,6,2,8
109,9,moe,726,49,12,0,0,0,0,0,12,0,635,8,8,0,8
109,10,moe,693,42,8021,2351,2352,3622,2001,0,46,0,572,8,6,2,8
109,11,moe,643,43,11,0,0,0,0,0,11,0,572,8,8,0,8
109,12,moe,700,42,2805,1330,1330,1291,86,0,98,0,645,8,7,1,8
109,13,moe,747,72,3818,1218,1218,1918,619,0,63,0,625,8,7,1,8
109,14,moe,713,47,8758,2914,2914,5416,379,0,49,0,573,8,5,3,8
109,15,moe,643,44,15144,4766,4767,8485,1759,0,133,0,650,8,4,4,8
109,16,moe,705,47,9417,2852,2852,5526,935,0,104,0,573,8,5,3,8
109,17,moe,746,48,5533,2635,2635,2007,850,1,40,0,575,8,6,2,8
109,18,moe,714,41,17443,7084,7084,8028,2185,0,146,0,1378,8,4,4,8
109,19,moe,649,46,14294,8047,8047,4798,1276,0,173,0,1155,8,3,5,8
109,20,moe,677,46,11149,3829,3829,6789,464,0,67,0,577,8,4,4,8
109,21,moe,729,43,20719,9879,9879,8826,1864,0,150,0,722,8,3,5,8
109,22,moe,713,46,10715,4666,4666,3855,2083,0,111,0,576,8,4,4,8
109,23,moe,618,46,13405,6201,6201,5259,1828,1,116,0,805,8,3,5,8
109,24,moe,708,55,8861,3884,3884,3746,1181,0,50,0,652,8,6,2,8
109,25,moe,731,59,3499,1272,1272,1876,316,0,35,0,642,8,7,1,8
109,26,moe,617,54,3114,1337,1337,1035,702,0,40,0,630,8,7,1,8
109,-1,epi,0,0,0,0,0,0,0,0,3822,0,0,0,0,0,0
110,-2,pre,227,0,0,0,0,0,0,0,0,0,0,0,0,0,0
110,0,dense,1193,56,0,0,0,0,0,0,0,0,0,0,0,0,0
110,1,moe,711,55,12,0,0,0,0,0,12,0,718,8,8,0,8
110,2,moe,675,52,20,0,0,0,0,0,20,0,628,8,8,0,8
110,3,moe,599,49,3391,1407,1407,1876,76,0,32,0,891,8,7,1,8
110,4,moe,681,52,3350,1280,1280,1679,281,0,110,0,569,8,7,1,8
110,5,moe,707,51,11,0,0,0,0,0,11,0,559,8,8,0,8
110,6,moe,684,53,11,0,0,0,0,0,11,0,721,8,8,0,8
110,7,moe,609,56,9,0,0,0,0,0,9,0,556,8,8,0,8
110,8,moe,682,48,11,0,0,0,0,0,11,0,625,8,8,0,8
110,9,moe,710,49,3448,1288,1289,1986,68,0,105,0,729,8,7,1,8
110,10,moe,674,47,10,0,0,0,0,0,10,0,557,8,8,0,8
110,11,moe,589,47,10,0,0,0,0,0,10,0,610,8,8,0,8
110,12,moe,659,49,3389,1412,1413,1874,73,0,29,0,793,8,7,1,8
110,13,moe,702,49,9,0,0,0,0,0,9,0,549,8,8,0,8
110,14,moe,670,48,10,0,0,0,0,0,10,0,554,8,8,0,8
110,15,moe,595,46,9,0,0,0,0,0,9,0,620,8,8,0,8
110,16,moe,676,50,9,0,0,0,0,0,9,0,547,8,8,0,8
110,17,moe,700,51,9,0,0,0,0,0,9,0,551,8,8,0,8
110,18,moe,666,55,10,0,0,0,0,0,10,0,630,8,8,0,8
110,19,moe,597,51,9,0,0,0,0,0,9,0,561,8,8,0,8
110,20,moe,667,54,10,0,0,0,0,0,10,0,623,8,8,0,8
110,21,moe,707,55,3063,1319,1320,1039,674,0,30,0,706,8,7,1,8
110,22,moe,695,53,1416,315,315,959,64,0,78,0,625,8,7,1,8
110,23,moe,598,51,9,0,1,0,0,0,8,0,708,8,8,0,8
110,24,moe,706,48,10,0,0,0,0,0,10,0,704,8,8,0,8
110,25,moe,698,51,10,0,0,0,0,0,10,0,708,8,8,0,8
110,26,moe,594,48,10,0,0,0,0,0,10,0,645,8,8,0,8
110,-1,epi,0,0,0,0,0,0,0,0,3823,0,0,0,0,0,0
111,-2,pre,221,0,0,0,0,0,0,0,0,0,0,0,0,0,0
111,0,dense,1184,54,0,0,0,0,0,0,0,0,0,0,0,0,0
111,1,moe,715,53,2971,1380,1380,1169,321,0,101,0,735,8,7,1,8
111,2,moe,727,50,11,0,0,0,0,0,11,0,716,8,8,0,8
111,3,moe,628,53,4571,1947,1947,2195,386,0,43,0,641,8,6,2,8
111,4,moe,687,54,11,0,0,0,0,0,11,0,621,8,8,0,8
111,5,moe,710,52,10,0,0,0,0,0,10,0,554,8,8,0,8
111,6,moe,694,52,11,0,0,0,0,0,11,0,730,8,8,0,8
111,7,moe,637,48,10,0,0,0,0,0,10,0,589,8,8,0,8
111,8,moe,687,52,3353,1224,1224,1763,262,0,104,0,557,8,7,1,8
111,9,moe,873,4698,5031,1306,1306,1190,1778,0,757,0,624,8,7,1,8
111,10,moe,677,47,10,0,0,0,0,0,10,0,610,8,8,0,8
111,11,moe,589,39,9,0,0,0,0,0,9,0,625,8,8,0,8
111,12,moe,686,43,4707,2506,2506,1875,298,0,28,0,636,8,7,1,8
111,13,moe,698,43,2598,1298,1298,961,246,0,93,0,556,8,7,1,8
111,14,moe,660,40,10,0,0,0,0,0,10,0,554,8,8,0,8
111,15,moe,596,36,3299,710,711,2182,312,0,94,0,702,8,6,2,8
111,16,moe,682,43,3212,1185,1185,1711,238,0,78,0,613,8,7,1,8
111,17,moe,689,38,12695,4679,4679,6422,1537,0,57,0,569,8,4,4,8
111,18,moe,677,43,3647,1260,1260,2036,262,0,89,0,633,8,7,1,8
111,19,moe,599,32,11826,4615,4615,6511,575,0,125,0,644,8,4,4,8
111,20,moe,661,36,10,0,0,0,0,0,10,0,551,8,8,0,8
111,21,moe,709,71,3793,2429,2429,1157,75,0,132,0,705,8,7,1,8
111,22,moe,689,41,3076,1198,1198,1734,60,0,84,0,560,8,7,1,8
111,23,moe,595,36,2503,349,350,2014,66,0,73,0,631,8,7,1,8
111,24,moe,701,35,5050,2806,2806,2065,137,0,42,0,631,8,6,2,8
111,25,moe,696,35,11542,4112,4112,5623,1753,0,54,0,641,8,5,3,8
111,26,moe,614,35,11,0,0,0,0,0,11,0,657,8,8,0,8
111,-1,epi,0,0,0,0,0,0,0,0,3815,0,0,0,0,0,0
112,-2,pre,186,0,0,0,0,0,0,0,0,0,0,0,0,0,0
112,0,dense,1197,42,0,0,0,0,0,0,0,0,0,0,0,0,0
112,1,moe,703,35,12860,7087,7087,5174,533,0,66,0,638,8,3,5,8
112,2,moe,660,34,18609,7417,7417,10241,853,1,97,0,716,8,2,6,8
112,3,moe,600,34,9201,4517,4517,3955,672,0,57,0,634,8,4,4,8
112,4,moe,666,37,12058,4714,4715,6259,941,0,143,0,560,8,4,4,8
112,5,moe,698,36,7102,3561,3561,2562,925,0,54,0,626,8,5,3,8
112,6,moe,673,37,10589,5555,5555,4073,833,0,128,0,634,8,4,4,8
112,7,moe,598,32,2379,1105,1105,948,251,0,75,0,612,8,7,1,8
112,8,moe,665,36,17216,6740,6740,6050,4352,0,74,0,575,8,2,6,8
112,9,moe,687,44,20003,7194,7194,9101,3561,0,147,0,644,8,3,5,8
112,10,moe,671,42,3642,1232,1232,1615,689,0,106,0,1920,8,7,1,8
112,11,moe,609,41,6122,2900,2901,3070,116,0,35,0,697,8,6,2,8
112,12,moe,693,45,10976,3891,3892,5518,1444,0,122,0,2226,8,5,3,8
112,13,moe,740,45,10649,5374,5376,4722,407,0,144,0,604,8,5,3,8
112,14,moe,710,61,11622,4717,4717,6167,674,0,64,0,565,8,4,4,8
112,15,moe,600,35,21474,10519,10520,10187,598,0,169,0,719,8,2,6,8
112,16,moe,661,38,10776,5894,5894,4314,447,0,121,0,563,8,3,5,8
112,17,moe,696,36,15878,6765,6765,7694,1355,0,64,0,1157,8,3,5,8
112,18,moe,672,41,13404,6707,6708,5059,1528,0,109,0,717,8,3,5,8
112,19,moe,603,34,17553,8218,8219,7770,1411,1,152,0,1135,8,3,5,8
112,20,moe,679,43,14168,4785,4785,6163,3155,0,65,0,563,8,4,4,8
112,21,moe,785,47,9546,4904,4904,3645,882,0,115,0,723,8,6,2,8
112,22,moe,722,39,14145,6220,6220,7521,260,0,144,0,643,8,3,5,8
112,23,moe,596,36,17035,9438,9438,7043,439,0,115,0,650,8,4,4,8
112,24,moe,713,35,15558,6224,6224,8337,933,0,64,0,702,8,3,5,8
112,25,moe,771,46,9424,3649,3649,4999,728,0,48,0,700,8,5,3,8
112,26,moe,612,36,16768,8042,8043,8353,302,0,70,0,876,8,3,5,8
112,-1,epi,0,0,0,0,0,0,0,0,7943,0,0,0,0,0,0
113,-2,pre,229,0,0,0,0,0,0,0,0,0,0,0,0,0,0
113,0,dense,1345,45,0,0,0,0,0,0,0,0,0,0,0,0,0
113,1,moe,785,41,6850,3839,3839,2762,194,0,55,0,703,8,5,3,8
113,2,moe,708,38,3067,1302,1303,1671,68,0,25,0,744,8,7,1,8
113,3,moe,632,36,10292,4873,4873,5016,352,0,51,0,701,8,5,3,8
113,4,moe,701,37,11391,4578,4578,5815,887,0,111,0,668,8,4,4,8
113,5,moe,846,39,3105,1131,1131,1427,519,0,28,0,578,8,7,1,8
113,6,moe,707,41,11626,5002,5003,4006,2524,0,93,0,1002,8,4,4,8
113,7,moe,631,34,4303,2273,2273,1640,312,0,78,0,1075,8,6,2,8
113,8,moe,732,39,5312,2258,2258,1582,1436,0,36,0,586,8,6,2,8
113,9,moe,768,38,7414,3165,3165,3452,696,0,101,0,699,8,6,2,8
113,10,moe,703,37,6298,2380,2380,2509,1315,0,94,0,655,8,6,2,8
113,11,moe,626,35,7091,3450,3450,2367,1226,1,47,0,593,8,5,3,8
113,12,moe,705,46,3155,1252,1252,1785,61,0,57,0,749,8,7,1,8
113,13,moe,770,36,2812,1146,1146,1529,53,0,84,0,640,8,7,1,8
113,14,moe,700,36,6965,4203,4203,2385,331,0,46,0,585,8,5,3,8
113,15,moe,620,38,6483,2507,2507,3467,415,0,94,0,698,8,6,2,8
113,16,moe,710,35,2829,1157,1157,1540,51,0,81,0,637,8,7,1,8
113,17,moe,777,37,3312,1211,1211,1426,649,0,26,0,618,8,7,1,8
113,18,moe,745,69,9852,3699,3699,2888,3148,0,117,0,704,8,5,3,8
113,19,moe,627,43,8202,3379,3379,4404,312,0,107,0,589,8,5,3,8
113,20,moe,715,36,2863,1358,1358,1427,53,0,25,0,589,8,7,1,8
113,21,moe,763,37,6189,2523,2523,3440,138,0,88,0,696,8,6,2,8
113,22,moe,764,36,2205,1184,1184,867,54,0,100,0,600,8,7,1,8
113,23,moe,631,43,6101,2459,2459,3441,128,0,73,0,753,8,6,2,8
113,24,moe,769,36,4484,2471,2471,1837,143,0,33,0,696,8,6,2,8
113,25,moe,769,37,11,0,0,0,0,0,11,0,685,8,8,0,8
113,26,moe,628,33,9271,5662,5662,2757,811,0,41,0,767,8,5,3,8
113,-1,epi,0,0,0,0,0,0,0,0,5687,0,0,0,0,0,0
114,-2,pre,209,0,0,0,0,0,0,0,0,0,0,0,0,0,0
114,0,dense,1364,39,0,0,0,0,0,0,0,0,0,0,0,0,0
114,1,moe,781,45,10866,4513,4513,5523,764,0,66,0,707,8,2,6,8
114,2,moe,703,36,16080,9312,9312,5540,1152,0,76,0,702,8,2,6,8
114,3,moe,620,35,8331,4075,4075,3669,526,0,61,0,704,8,4,4,8
114,4,moe,703,40,4142,2274,2274,1657,102,0,109,0,597,8,6,2,8
114,5,moe,813,45,4496,2241,2242,1589,628,0,37,0,652,8,6,2,8
114,6,moe,714,42,10436,4412,4412,5115,788,0,121,0,706,8,5,3,8
114,7,moe,630,36,5075,1199,1199,1536,2254,0,86,0,727,8,7,1,8
114,8,moe,727,51,14377,5912,5913,7137,1263,0,64,0,594,8,3,5,8
114,9,moe,772,40,4651,1274,1274,1821,1436,0,120,0,1298,8,7,1,8
114,10,moe,713,36,7974,3577,3577,2459,1794,0,144,0,594,8,5,3,8
114,11,moe,614,36,2095,1223,1223,789,62,0,21,0,583,8,7,1,8
114,12,moe,712,36,14729,6356,6356,6790,1468,0,115,0,766,8,4,4,8
114,13,moe,784,44,3594,1512,1512,872,1122,0,88,0,647,8,7,1,8
114,14,moe,729,39,8445,4510,4510,3110,745,0,80,0,602,8,4,4,8
114,15,moe,654,32,4676,2387,2387,1911,293,0,85,0,770,8,6,2,8
114,16,moe,726,39,14389,5665,5665,7097,1483,0,144,0,603,8,3,5,8
114,17,moe,786,40,12027,5596,5597,5615,750,0,65,0,658,8,4,4,8
114,18,moe,724,39,14626,7413,7413,5547,1507,0,159,0,819,8,2,6,8
114,19,moe,817,39,19316,7694,7694,9918,1530,0,174,0,607,8,1,7,8
114,20,moe,715,38,18678,7562,7562,8438,2602,0,76,0,622,8,2,6,8
114,21,moe,790,44,15691,9057,9057,5529,962,0,143,0,771,8,2,6,8
114,22,moe,788,38,8944,4440,4441,3938,431,0,134,0,603,8,3,5,8
114,23,moe,644,34,24559,9580,9580,13207,1613,0,159,0,725,8,0,8,8
114,24,moe,6923,43,12582,4911,4911,6490,1122,0,59,0,722,8,4,4,8
114,25,moe,794,39,11893,4075,4075,6444,1316,0,58,0,725,8,4,4,8
114,26,moe,650,36,7321,2469,2469,3231,1583,0,38,0,716,8,6,2,8
114,-1,epi,0,0,0,0,0,0,0,0,5644,0,0,0,0,0,0
115,-2,pre,185,0,0,0,0,0,0,0,0,0,0,0,0,0,0
115,0,dense,1419,38,0,0,0,0,0,0,0,0,0,0,0,0,0
115,1,moe,804,36,17253,6664,6664,9806,715,0,68,0,824,8,2,6,8
115,2,moe,726,34,18426,7930,7930,9672,740,0,84,0,718,8,2,6,8
115,3,moe,641,33,11173,4078,4079,6440,608,0,46,0,718,8,4,4,8
115,4,moe,720,35,11730,5343,5344,5595,670,0,121,0,593,8,4,4,8
115,5,moe,788,37,7050,3398,3398,2293,1311,0,48,0,661,8,5,3,8
115,6,moe,726,34,11,0,0,0,0,0,11,0,924,8,8,0,8
115,7,moe,643,35,11523,4496,4496,5524,1439,1,63,0,661,8,4,4,8
115,8,moe,716,36,10655,5646,5646,3812,1136,0,61,0,612,8,3,5,8
115,9,moe,787,37,7457,2478,2478,3338,1565,0,76,0,2143,8,6,2,8
115,10,moe,744,120,9482,5198,5199,3470,592,0,221,0,714,8,6,2,8
115,11,moe,687,47,10850,5188,5188,3113,2492,0,57,0,664,8,4,4,8
115,12,moe,722,41,6705,2539,2539,3345,717,1,103,0,774,8,6,2,8
115,13,moe,792,46,7072,3546,3546,2363,1043,0,120,0,651,8,5,3,8
115,14,moe,721,36,10156,3489,3489,5516,1094,0,57,0,660,8,4,4,8
115,15,moe,651,35,8886,3609,3609,4985,175,0,117,0,776,8,5,3,8
115,16,moe,747,94,13254,5637,5637,7005,430,0,182,0,599,8,3,5,8
115,17,moe,786,39,12103,5794,5794,5502,728,0,79,0,669,8,4,4,8
115,18,moe,780,35,11662,7767,7768,3008,775,0,111,0,730,8,5,3,8
115,19,moe,641,34,16485,6788,6788,8424,1124,0,149,0,643,8,2,6,8
115,20,moe,719,40,7075,3444,3444,2333,1244,0,54,0,668,8,5,3,8
115,21,moe,792,41,7022,3725,3725,2810,377,0,110,0,772,8,5,3,8
115,22,moe,805,38,9577,6059,6059,2398,975,0,145,0,610,8,5,3,8
115,23,moe,657,38,9626,4332,4332,4994,187,0,113,0,778,8,5,3,8
115,24,moe,791,38,9950,3948,3948,4824,1130,0,48,0,724,8,5,3,8
115,25,moe,796,38,4969,2495,2495,1778,658,0,38,0,844,8,6,2,8
115,26,moe,649,37,10269,4956,4956,3543,1717,0,53,0,780,8,4,4,8
115,-1,epi,0,0,0,0,0,0,0,0,5706,0,0,0,0,0,0
116,-2,pre,225,0,0,0,0,0,0,0,0,0,0,0,0,0,0
116,0,dense,1445,43,0,0,0,0,0,0,0,0,0,0,0,0,0
116,1,moe,813,37,11084,6236,6236,4424,365,0,59,0,729,8,3,5,8
116,2,moe,724,39,4377,2450,2450,1768,124,0,35,0,726,8,6,2,8
116,3,moe,657,42,3101,1237,1237,1613,227,0,24,0,770,8,7,1,8
116,4,moe,731,35,13015,6862,6862,3911,2106,0,136,0,618,8,3,5,8
116,5,moe,796,38,11943,6699,6699,3815,1364,0,65,0,609,8,3,5,8
116,6,moe,723,37,12,0,1,0,0,0,11,0,780,8,8,0,8
116,7,moe,658,33,6121,3481,3481,2279,316,0,45,0,730,8,5,3,8
116,8,moe,724,36,3973,2302,2302,1529,103,0,39,0,661,8,6,2,8
116,9,moe,792,34,2487,1317,1317,1006,79,0,85,0,832,8,7,1,8
116,10,moe,722,34,7857,3376,3376,2376,2000,0,105,0,719,8,5,3,8
116,11,moe,652,41,3932,2239,2239,1535,107,0,51,0,658,8,6,2,8
116,12,moe,732,36,6169,2462,2462,1928,1710,1,68,0,726,8,6,2,8
116,13,moe,803,39,10877,5540,5540,3882,1351,0,104,0,616,8,3,5,8
116,14,moe,720,36,7612,4000,4000,3044,519,0,49,0,608,8,4,4,8
116,15,moe,655,41,9619,4904,4904,3673,928,0,114,0,836,8,4,4,8
116,16,moe,722,38,7540,3772,3772,3124,516,0,128,0,597,8,4,4,8
116,17,moe,787,35,5596,2036,2036,2280,1232,0,48,0,603,8,5,3,8
116,18,moe,717,36,9384,4802,4802,3685,780,0,117,0,773,8,4,4,8
116,19,moe,653,37,11256,6748,6748,3922,443,0,143,0,740,8,3,5,8
116,20,moe,1245,40,8317,4633,4633,3050,580,0,54,0,658,8,4,4,8
116,21,moe,805,41,5655,2529,2529,2537,448,0,141,0,722,8,6,2,8
116,22,moe,795,39,4165,2193,2198,1623,251,0,93,0,597,8,6,2,8
116,23,moe,650,34,4705,2400,2400,1880,346,0,79,0,836,8,6,2,8
116,24,moe,800,41,2838,1318,1318,896,601,0,23,0,845,8,7,1,8
116,25,moe,806,36,6751,2949,2949,3272,493,0,37,0,1081,8,6,2,8
116,26,moe,685,36,14,0,0,0,0,0,14,0,764,8,8,0,8
116,-1,epi,0,0,0,0,0,0,0,0,5229,0,0,0,0,0,0
117,-2,pre,79,0,0,0,0,0,0,0,0,0,0,0,0,0,0
117,0,dense,1400,46,0,0,0,0,0,0,0,0,0,0,0,0,0
117,1,moe,850,37,2219,1211,1211,904,77,0,27,0,865,8,7,1,8
117,2,moe,792,40,8978,6002,6003,2721,205,0,49,0,1218,8,5,3,8
117,3,moe,872,39,4503,2341,2341,1978,138,0,46,0,1008,8,6,2,8
117,4,moe,772,52,2323,1232,1232,883,60,0,148,0,732,8,7,1,8
117,5,moe,871,69,6145,2869,2869,2405,817,0,54,0,776,8,5,3,8
117,6,moe,875,53,6394,2738,2738,1941,1584,0,131,0,979,8,6,2,8
117,7,moe,969,68,15,0,0,0,0,0,15,0,1005,8,8,0,8
117,8,moe,1699,70,9007,6903,6903,1663,318,0,123,0,805,8,6,2,8
117,9,moe,913,42,6969,3102,3102,2019,1719,0,129,0,1003,8,6,2,8
117,10,moe,1496,134,3759,1403,1404,869,1333,0,153,0,2424,8,7,1,8
117,11,moe,818,40,15,0,0,0,0,0,15,0,816,8,8,0,8
117,12,moe,768,56,2825,1249,1250,1103,364,0,108,0,1119,8,7,1,8
117,13,moe,924,47,4349,2200,2201,1650,379,0,119,0,1046,8,6,2,8
117,14,moe,1018,44,7980,5281,5282,2428,200,0,70,0,714,8,5,3,8
117,15,moe,929,37,3197,1394,1395,1043,686,0,73,0,1091,8,7,1,8
117,16,moe,904,44,4440,2272,2272,1878,129,0,161,0,698,8,6,2,8
117,17,moe,871,68,28,0,0,0,0,0,28,0,975,8,8,0,8
117,18,moe,867,65,5289,3843,3844,1016,310,0,119,0,933,8,7,1,8
117,19,moe,980,78,2586,1249,1250,977,236,0,123,0,898,8,7,1,8
117,20,moe,814,37,5842,2293,2293,1749,1762,0,38,0,924,8,6,2,8
117,21,moe,1016,72,31,0,0,0,0,0,31,0,1279,8,8,0,8
117,22,moe,936,41,14,0,0,0,0,0,14,0,817,8,8,0,8
117,23,moe,768,33,3281,1853,1853,1019,327,0,82,0,809,8,7,1,8
117,24,moe,878,41,2453,1438,1438,912,77,0,26,0,1075,8,7,1,8
117,25,moe,7156,50,2585,1317,1318,907,324,0,36,0,892,8,7,1,8
117,26,moe,10840,46,15,0,0,0,0,0,15,0,911,8,8,0,8
117,-1,epi,0,0,0,0,0,0,0,0,6164,0,0,0,0,0,0
118,-2,pre,64,0,0,0,0,0,0,0,0,0,0,0,0,0,0
118,0,dense,5657,42,0,0,0,0,0,0,0,0,0,0,0,0,0
118,1,moe,3949,38,3384,2112,2113,922,318,0,31,0,823,8,7,1,8
118,2,moe,3412,36,7154,3802,3803,2767,532,0,52,0,717,8,5,3,8
118,3,moe,650,35,4428,1681,1681,1856,854,0,37,0,707,8,6,2,8
118,4,moe,718,36,5475,2372,2373,1669,1322,0,111,0,641,8,6,2,8
118,5,moe,778,36,6179,3469,3469,2351,308,0,51,0,593,8,5,3,8
118,6,moe,719,31,3010,1760,1760,1090,76,0,84,0,861,8,7,1,8
118,7,moe,653,31,4365,2192,2192,1639,450,0,84,0,831,8,6,2,8
118,8,moe,719,34,3288,1263,1263,793,1202,0,30,0,726,8,7,1,8
118,9,moe,784,35,8221,2541,2541,1977,3580,1,122,0,748,8,6,2,8
118,10,moe,712,58,7065,2779,2780,3067,1114,0,104,0,574,8,6,2,8
118,11,moe,612,35,6619,3497,3497,2379,693,0,50,0,600,8,5,3,8
118,12,moe,756,42,4843,2474,2474,1977,317,0,75,0,877,8,6,2,8
118,13,moe,777,34,5193,2660,2660,1663,789,0,81,0,702,8,6,2,8
118,14,moe,762,36,4028,2307,2308,1574,111,0,35,0,656,8,6,2,8
118,15,moe,639,254,15283,10204,10204,3782,1169,0,128,0,706,8,4,4,8
118,16,moe,706,39,5401,2252,2253,2938,101,0,109,0,588,8,6,2,8
118,17,moe,775,37,18725,8199,8199,8370,2081,0,75,0,600,8,2,6,8
118,18,moe,706,42,9999,5732,5732,3855,277,0,135,0,705,8,4,4,8
118,19,moe,638,40,2263,1233,1233,893,53,0,84,0,588,8,7,1,8
118,20,moe,706,36,2046,1173,1173,797,52,0,24,0,756,8,7,1,8
118,21,moe,1267,39,2420,1253,1253,1045,63,0,59,0,751,8,7,1,8
118,22,moe,826,85,3002,1513,1513,846,534,0,109,0,586,8,7,1,8
118,23,moe,635,33,7139,3281,3281,2846,905,0,107,0,703,8,5,3,8
118,24,moe,775,38,4599,2411,2411,1841,311,0,36,0,815,8,6,2,8
118,25,moe,785,45,3759,1381,1381,920,1432,0,26,0,701,8,7,1,8
118,26,moe,637,38,12357,7803,7803,3664,835,0,55,0,749,8,4,4,8
118,-1,epi,0,0,0,0,0,0,0,0,5453,0,0,0,0,0,0
119,-2,pre,227,0,0,0,0,0,0,0,0,0,0,0,0,0,0
119,0,dense,1378,42,0,0,0,0,0,0,0,0,0,0,0,0,0
119,1,moe,2917,37,4800,2447,2448,1840,474,0,38,0,826,8,6,2,8
119,2,moe,2652,37,4714,2718,2718,1835,119,0,42,0,878,8,6,2,8
119,3,moe,7520,38,13,0,0,0,0,1,12,0,754,8,8,0,8
119,4,moe,5099,36,7285,3564,3564,2453,1150,0,118,0,658,8,5,3,8
119,5,moe,774,43,12178,6052,6052,4757,1295,0,74,0,603,8,2,6,8
119,6,moe,722,38,7895,2440,2440,3261,2052,1,141,0,1334,8,6,2,8
119,7,moe,629,34,8417,3348,3348,2470,2447,0,152,0,750,8,5,3,8
119,8,moe,709,44,2680,1168,1168,1431,55,0,26,0,584,8,7,1,8
119,9,moe,772,38,8342,5305,5305,1945,990,0,102,0,1243,8,6,2,8
119,10,moe,708,38,3320,1198,1198,1494,543,0,85,0,589,8,7,1,8
119,11,moe,634,33,9974,5499,5499,3180,1243,0,52,0,595,8,4,4,8
119,12,moe,714,37,9738,3756,3757,5121,749,0,111,0,1395,8,5,3,8
119,13,moe,788,36,4292,2282,2282,1625,278,0,107,0,705,8,6,2,8
119,14,moe,776,68,4881,2977,2977,1555,304,1,44,0,660,8,6,2,8
119,15,moe,716,47,2670,1273,1273,1028,278,0,91,0,730,8,7,1,8
119,16,moe,722,35,8917,3613,3613,4311,837,0,156,0,612,8,5,3,8
119,17,moe,792,37,8793,4707,4707,3110,918,0,58,0,612,8,4,4,8
119,18,moe,733,38,8513,3878,3878,2846,1641,0,148,0,791,8,5,3,8
119,19,moe,657,35,1299,293,293,854,62,0,90,0,1158,8,7,1,8
119,20,moe,722,36,9759,4565,4565,3173,1966,0,55,0,618,8,4,4,8
119,21,moe,769,37,11774,7389,7389,3386,892,0,107,0,891,8,6,2,8
119,22,moe,1332,42,5781,2348,2348,2913,420,0,100,0,720,8,6,2,8
119,23,moe,660,33,2585,1248,1248,1032,235,0,70,0,777,8,7,1,8
119,24,moe,797,40,21338,13682,13683,5430,2156,0,69,0,845,8,2,6,8
119,25,moe,797,45,7229,4030,4030,2716,423,0,60,0,892,8,5,3,8
119,26,moe,653,37,6057,2439,2439,3295,288,0,35,0,834,8,6,2,8
119,-1,epi,0,0,0,0,0,0,0,0,5745,0,0,0,0,0,0
120,-2,pre,45,0,0,0,0,0,0,0,0,0,0,0,0,0,0
120,0,dense,1455,39,0,0,0,0,0,0,0,0,0,0,0,0,0
120,1,moe,813,43,3258,1537,1537,1639,59,0,23,0,1343,8,7,1,8
120,2,moe,782,103,15,0,0,0,0,0,15,0,1140,8,8,0,8
120,3,moe,688,35,6397,2539,2539,3315,509,0,34,0,759,8,6,2,8
120,4,moe,713,37,2618,1277,1277,878,346,0,117,0,3043,8,7,1,8
120,5,moe,13852,88,13,0,0,0,0,0,13,0,1332,8,8,0,8
120,6,moe,4118,39,2989,1189,1189,1059,652,0,89,0,706,8,7,1,8
120,7,moe,15662,73,2533,1309,1309,867,257,0,100,0,604,8,7,1,8
120,8,moe,7300,37,6904,2658,2658,1559,2653,0,34,0,630,8,6,2,8
120,9,moe,8434,41,16,0,0,0,0,0,16,0,774,8,8,0,8
120,10,moe,11869,47,3780,1101,1101,796,1854,0,29,0,699,8,7,1,8
120,11,moe,10979,38,10,0,0,0,0,1,9,0,638,8,8,0,8
120,12,moe,792,37,2794,1314,1314,1072,315,0,93,0,842,8,7,1,8
120,13,moe,907,40,13,0,0,0,0,0,13,0,1187,8,8,0,8
120,14,moe,708,38,2646,1144,1144,889,526,0,87,0,642,8,7,1,8
120,15,moe,633,35,5101,2596,2596,1955,433,0,117,0,2580,8,6,2,8
120,16,moe,735,47,11,0,0,0,0,0,11,0,1348,8,8,0,8
120,17,moe,776,39,10,0,0,0,0,0,10,0,1661,8,8,0,8
120,18,moe,716,43,2362,1350,1350,922,66,0,24,0,772,8,7,1,8
120,19,moe,638,33,2408,1173,1173,885,258,0,92,0,2942,8,7,1,8
120,20,moe,786,86,3047,1681,1681,789,550,0,27,0,1100,8,7,1,8
120,21,moe,786,48,13444,6838,6838,2875,3646,0,85,0,886,8,5,3,8
120,22,moe,792,39,2394,1220,1220,876,237,0,61,0,1200,8,7,1,8
120,23,moe,832,38,2671,1311,1311,1049,229,0,82,0,992,8,7,1,8
120,24,moe,779,40,10,0,0,0,0,0,10,0,865,8,8,0,8
120,25,moe,787,38,7675,3805,3806,1846,1987,0,36,0,2379,8,6,2,8
120,26,moe,634,34,10,0,0,0,0,0,10,0,951,8,8,0,8
120,-1,epi,0,0,0,0,0,0,0,0,5499,0,0,0,0,0,0
121,-2,pre,61,0,0,0,0,0,0,0,0,0,0,0,0,0,0
121,0,dense,1384,41,0,0,0,0,0,0,0,0,0,0,0,0,0
121,1,moe,789,38,10,0,0,0,0,0,10,0,776,8,8,0,8
121,2,moe,735,39,10,0,0,0,0,0,10,0,784,8,8,0,8
121,3,moe,661,37,2428,1246,1246,919,237,0,26,0,764,8,7,1,8
121,4,moe,674,37,9,0,0,0,0,0,9,0,1033,8,8,0,8
121,5,moe,732,40,3278,1331,1331,1351,458,0,138,0,1998,8,7,1,8
121,6,moe,691,39,3791,1237,1237,1859,616,0,79,0,706,8,7,1,8
121,7,moe,585,36,10,0,0,0,0,0,10,0,2804,8,8,0,8
121,8,moe,670,36,10,0,0,0,0,0,10,0,1622,8,8,0,8
121,9,moe,732,44,2879,1267,1267,954,633,0,25,0,712,8,7,1,8
121,10,moe,688,39,10,0,0,0,0,0,10,0,550,8,8,0,8
121,11,moe,2381,62,10,0,0,0,0,0,10,0,2023,8,8,0,8
121,12,moe,4274,209,4650,3599,3599,955,71,0,25,0,1245,8,7,1,8
121,13,moe,9254,74,3382,2315,2315,909,54,0,104,0,1531,8,7,1,8
121,14,moe,672,43,6741,3451,3451,2464,780,0,46,0,1138,8,5,3,8
121,15,moe,623,42,5056,2427,2427,2039,484,0,106,0,651,8,6,2,8
121,16,moe,669,39,4954,2653,2653,1728,397,1,175,0,780,8,6,2,8
121,17,moe,816,68,5877,3762,3762,1644,431,0,40,0,568,8,6,2,8
121,18,moe,677,42,6020,2852,2852,2041,998,0,129,0,905,8,6,2,8
121,19,moe,601,38,10,0,0,0,0,0,10,0,1077,8,8,0,8
121,20,moe,674,35,2734,1204,1204,908,528,0,94,0,560,8,7,1,8
121,21,moe,720,40,2663,1247,1247,1104,238,0,74,0,770,8,7,1,8
121,22,moe,721,38,9,0,0,0,0,0,9,0,619,8,8,0,8
121,23,moe,604,34,3201,1384,1384,1732,62,1,22,0,1105,8,7,1,8
121,24,moe,1054,42,2922,1306,1306,954,634,0,28,0,840,8,7,1,8
121,25,moe,729,41,4286,1321,1321,1730,1211,0,24,0,5884,8,7,1,8
121,26,moe,593,37,12,0,0,0,0,0,12,0,1371,8,8,0,8
121,-1,epi,0,0,0,0,0,0,0,0,4493,0,0,0,0,0,0
122,-2,pre,225,0,0,0,0,0,0,0,0,0,0,0,0,0,0
122,0,dense,1252,44,0,0,0,0,0,0,0,0,0,0,0,0,0
122,1,moe,732,40,11,0,0,0,0,0,11,0,785,8,8,0,8
122,2,moe,689,42,3425,1420,1420,1732,248,0,25,0,645,8,7,1,8
122,3,moe,586,36,9,0,0,0,0,0,9,0,704,8,8,0,8
122,4,moe,681,36,8,0,0,0,0,0,8,0,557,8,8,0,8
122,5,moe,746,40,10,0,0,0,0,0,10,0,1485,8,8,0,8
122,6,moe,678,42,9,0,0,0,0,0,9,0,620,8,8,0,8
122,7,moe,593,42,8,0,0,0,0,0,8,0,548,8,8,0,8
122,8,moe,659,40,2586,1438,1438,949,61,0,138,0,573,8,7,1,8
122,9,moe,762,67,13,0,0,0,0,0,13,0,913,8,8,0,8
122,10,moe,717,37,13,0,0,0,0,0,13,0,675,8,8,0,8
122,11,moe,601,34,9,0,0,0,0,0,9,0,537,8,8,0,8
122,12,moe,665,47,9,0,0,0,0,0,9,0,740,8,8,0,8
122,13,moe,728,104,4737,2710,2710,1704,285,0,38,0,615,8,6,2,8
122,14,moe,676,38,3688,1840,1840,1693,123,0,32,0,660,8,6,2,8
122,15,moe,626,75,12005,5167,5167,4110,2603,0,125,0,706,8,4,4,8
122,16,moe,724,69,8871,5012,5013,3484,228,0,146,0,553,8,4,4,8
122,17,moe,685,38,1220,293,294,851,54,0,21,0,561,8,7,1,8
122,18,moe,669,40,6358,2390,2390,3763,131,0,74,0,621,8,6,2,8
122,19,moe,593,37,2727,1194,1194,934,476,0,123,0,655,8,7,1,8
122,20,moe,699,78,5677,2661,2662,1704,1275,0,36,0,556,8,6,2,8
122,21,moe,690,47,8115,3738,3738,3085,1123,1,168,0,657,8,5,3,8
122,22,moe,717,40,13863,6599,6599,6031,1095,0,138,0,567,8,4,4,8
122,23,moe,592,35,2700,1269,1269,1079,278,0,74,0,773,8,7,1,8
122,24,moe,968,44,11304,8014,8014,2869,375,0,46,0,777,8,5,3,8
122,25,moe,717,36,7067,4438,4438,1906,690,0,33,0,780,8,6,2,8
122,26,moe,618,39,6816,5587,5587,956,248,0,25,0,704,8,7,1,8
122,-1,epi,0,0,0,0,0,0,0,0,4428,0,0,0,0,0,0
123,-2,pre,44,0,0,0,0,0,0,0,0,0,0,0,0,0,0
123,0,dense,1269,41,0,0,0,0,0,0,0,0,0,0,0,0,0
123,1,moe,740,40,2383,1336,1336,955,68,0,24,0,1261,8,7,1,8
123,2,moe,683,39,10,0,0,0,0,0,10,0,718,8,8,0,8
123,3,moe,609,36,6576,2504,2504,1913,2121,0,38,0,2012,8,6,2,8
123,4,moe,678,45,2806,1498,1498,923,308,0,77,0,556,8,7,1,8
123,5,moe,725,40,10,0,0,0,0,0,10,0,1106,8,8,0,8
123,6,moe,688,36,9,0,0,0,0,0,9,0,638,8,8,0,8
123,7,moe,615,35,10,0,0,0,0,0,10,0,1645,8,8,0,8
123,8,moe,674,34,10,0,0,0,0,0,10,0,1067,8,8,0,8
123,9,moe,700,38,9,0,0,0,0,0,9,0,612,8,8,0,8
123,10,moe,677,38,8,0,0,0,0,0,8,0,546,8,8,0,8
123,11,moe,592,32,8,0,0,0,0,0,8,0,1035,8,8,0,8
123,12,moe,668,34,9,0,0,0,0,0,9,0,1204,8,8,0,8
123,13,moe,692,32,2348,1218,1218,852,253,0,25,0,1023,8,7,1,8
123,14,moe,662,33,2143,1205,1205,852,60,0,26,0,615,8,7,1,8
123,15,moe,587,32,2774,1298,1298,1114,274,0,88,0,622,8,7,1,8
123,16,moe,674,32,9,0,0,0,0,0,9,0,1971,8,8,0,8
123,17,moe,738,98,8835,6457,6459,1813,445,0,118,0,1846,8,6,2,8
123,18,moe,673,35,7810,3927,3928,3096,677,0,109,0,621,8,5,3,8
123,19,moe,597,32,6290,2354,2354,1784,2020,0,132,0,547,8,6,2,8
123,20,moe,660,33,2994,1118,1118,1499,351,0,26,0,1123,8,7,1,8
123,21,moe,726,32,5365,3052,3052,2037,139,0,137,0,2489,8,6,2,8
123,22,moe,750,36,4731,2308,2308,1718,594,0,111,0,555,8,6,2,8
123,23,moe,604,31,2864,1337,1338,1066,385,0,75,0,671,8,7,1,8
123,24,moe,714,34,4737,1912,1912,1908,885,0,32,0,1776,8,6,2,8
123,25,moe,724,35,4741,2454,2455,1910,341,0,35,0,644,8,6,2,8
123,26,moe,599,32,6993,2969,2969,3483,502,0,39,0,795,8,6,2,8
123,-1,epi,0,0,0,0,0,0,0,0,4390,0,0,0,0,0,0
124,-2,pre,224,0,0,0,0,0,0,0,0,0,0,0,0,0,0
124,0,dense,1197,40,0,0,0,0,0,0,0,0,0,0,0,0,0
124,1,moe,714,42,2682,1325,1325,1025,303,0,29,0,2196,8,7,1,8
124,2,moe,710,56,2558,1392,1392,1071,66,0,29,0,722,8,7,1,8
124,3,moe,611,38,8183,4547,4547,2979,606,0,51,0,637,8,5,3,8
124,4,moe,665,35,4887,2222,2223,1793,754,0,117,0,562,8,6,2,8
124,5,moe,699,35,10,0,0,0,0,0,10,0,604,8,8,0,8
124,6,moe,667,31,10,0,0,0,0,0,10,0,1186,8,8,0,8
124,7,moe,597,31,9,0,0,0,0,0,9,0,1086,8,8,0,8
124,8,moe,672,37,11,0,0,0,0,0,11,0,603,8,8,0,8
124,9,moe,698,261,10,0,0,0,0,0,10,0,691,8,8,0,8
124,10,moe,670,37,11398,2908,2909,875,7586,0,28,0,592,8,7,1,8
124,11,moe,654,267,10,0,0,0,0,0,10,0,637,8,8,0,8
124,12,moe,823,53,7256,2759,2759,3742,680,0,75,0,630,8,6,2,8
124,13,moe,709,45,6415,2359,2360,1795,2185,0,75,0,562,8,6,2,8
124,14,moe,659,41,2096,1161,1161,851,59,0,25,0,564,8,7,1,8
124,15,moe,578,35,5463,2739,2739,2119,467,0,138,0,695,8,6,2,8
124,16,moe,660,38,3130,1176,1176,1597,262,0,95,0,733,8,7,1,8
124,17,moe,723,38,12310,5233,5233,6149,875,0,53,0,632,8,4,4,8
124,18,moe,682,38,3459,1271,1271,1852,242,0,94,0,716,8,7,1,8
124,19,moe,609,37,6887,3470,3470,3058,282,0,77,0,622,8,6,2,8
124,20,moe,684,41,8699,3723,3724,3501,1413,0,61,0,608,8,4,4,8
124,21,moe,731,47,10286,4940,4940,3934,1278,0,134,0,735,8,4,4,8
124,22,moe,722,37,8285,3566,3567,2568,2021,0,129,0,634,8,5,3,8
124,23,moe,601,41,6519,2492,2493,3626,302,1,97,0,783,8,6,2,8
124,24,moe,731,37,11,0,0,0,0,0,11,0,701,8,8,0,8
124,25,moe,723,35,7316,3444,3444,2865,958,0,49,0,725,8,5,3,8
124,26,moe,610,36,12964,7071,7071,5182,662,0,49,0,650,8,5,3,8
124,-1,epi,0,0,0,0,0,0,0,0,4408,0,0,0,0,0,0
125,-2,pre,72,0,0,0,0,0,0,0,0,0,0,0,0,0,0
125,0,dense,1241,42,0,0,0,0,0,0,0,0,0,0,0,0,0
125,1,moe,730,40,10813,6095,6095,3818,851,0,49,0,649,8,4,4,8
125,2,moe,674,35,19029,6897,6897,5231,6850,0,51,0,674,8,5,3,8
125,3,moe,613,40,4742,2395,2396,1912,399,0,35,0,679,8,6,2,8
125,4,moe,723,65,6743,3564,3565,2545,479,0,154,0,563,8,5,3,8
125,5,moe,721,38,6013,2740,2741,2971,265,0,36,0,629,8,6,2,8
125,6,moe,692,41,6603,2662,2662,2033,1795,1,112,0,2024,8,6,2,8
125,7,moe,625,37,6710,2879,2879,1725,1972,0,134,0,626,8,6,2,8
125,8,moe,708,45,3071,1213,1213,1481,349,0,28,0,573,8,7,1,8
125,9,moe,729,39,12,0,0,0,0,0,12,0,717,8,8,0,8
125,10,moe,693,36,3251,1221,1221,1481,526,0,23,0,1095,8,7,1,8
125,11,moe,607,40,3879,1408,1408,1479,969,0,23,0,779,8,7,1,8
125,12,moe,709,62,3563,1524,1524,1873,66,0,100,0,720,8,7,1,8
125,13,moe,724,36,14,0,0,0,0,1,13,0,745,8,8,0,8
125,14,moe,7482,37,2128,1053,1053,923,54,0,98,0,687,8,7,1,8
125,15,moe,11903,42,2301,319,319,1844,65,0,73,0,645,8,7,1,8
125,16,moe,9500,90,6579,2326,2326,1723,2370,0,160,0,1903,8,6,2,8
125,17,moe,7480,40,2346,1095,1095,796,429,0,26,0,716,8,7,1,8
125,18,moe,4269,36,6827,2905,2905,3453,336,0,133,0,698,8,6,2,8
125,19,moe,622,34,8584,3468,3469,4365,580,0,170,0,586,8,5,3,8
125,20,moe,716,36,4035,2316,2316,1581,105,0,33,0,1816,8,6,2,8
125,21,moe,793,81,10974,5126,5126,5159,565,0,124,0,696,8,5,3,8
125,22,moe,773,36,4961,2561,2561,1660,629,0,111,0,1117,8,6,2,8
125,23,moe,629,33,4798,2407,2407,1997,303,1,90,0,697,8,6,2,8
125,24,moe,831,87,3048,1504,1504,926,587,0,31,0,1138,8,7,1,8
125,25,moe,1639,74,6533,2482,2482,3353,655,0,43,0,801,8,6,2,8
125,26,moe,631,38,10439,6874,6874,2758,761,0,46,0,785,8,5,3,8
125,-1,epi,0,0,0,0,0,0,0,0,5376,0,0,0,0,0,0
126,-2,pre,204,0,0,0,0,0,0,0,0,0,0,0,0,0,0
126,0,dense,1359,45,0,0,0,0,0,0,0,0,0,0,0,0,0
126,1,moe,743,37,13425,5703,5703,6965,695,0,62,0,1264,8,4,4,8
126,2,moe,688,38,10651,5626,5626,3838,1132,1,54,0,824,8,4,4,8
126,3,moe,613,45,10789,2442,2442,7064,1226,0,57,0,729,8,4,4,8
126,4,moe,689,41,5468,2545,2545,1711,1095,0,117,0,1099,8,6,2,8
126,5,moe,722,39,5898,2376,2376,2964,521,0,37,0,769,8,6,2,8
126,6,moe,782,36,2652,1289,1289,1045,249,0,69,0,763,8,7,1,8
126,7,moe,627,36,2163,1172,1172,876,54,0,61,0,1759,8,7,1,8
126,8,moe,741,62,6738,3729,3729,2859,107,0,43,0,767,8,6,2,8
126,9,moe,779,37,6981,2510,2511,3482,880,0,108,0,697,8,6,2,8
126,10,moe,857,36,9,0,0,0,0,0,9,0,629,8,8,0,8
126,11,moe,618,35,7785,2679,2679,1728,3242,0,136,0,1135,8,6,2,8
126,12,moe,819,42,5470,2618,2618,2003,736,0,113,0,726,8,6,2,8
126,13,moe,889,40,5925,2175,2175,2929,696,0,125,0,852,8,6,2,8
126,14,moe,961,43,10502,5701,5701,3278,1460,0,63,0,574,8,4,4,8
126,15,moe,608,37,12194,5328,5328,3960,2760,0,146,0,726,8,4,4,8
126,16,moe,704,67,13427,4854,4854,6061,2396,0,116,0,579,8,4,4,8
126,17,moe,731,41,16722,7097,7099,7301,2251,0,71,0,663,8,2,6,8
126,18,moe,706,37,11171,5097,5097,5153,804,0,117,0,757,8,5,3,8
126,19,moe,12373,38,8188,4526,4526,2443,1127,0,92,0,649,8,5,3,8
126,20,moe,7575,106,12710,6611,6611,4731,1295,0,73,0,648,8,2,6,8
126,21,moe,7476,42,7770,3929,3929,2883,829,0,129,0,763,8,5,3,8
126,22,moe,4076,39,16807,8178,8178,7231,1250,0,148,0,601,8,3,5,8
126,23,moe,12930,43,12233,6303,6303,4716,1068,0,146,0,1248,8,3,5,8
126,24,moe,774,40,5806,3795,3795,1833,138,0,40,0,820,8,6,2,8
126,25,moe,771,38,7272,3972,3973,2750,507,0,42,0,797,8,5,3,8
126,26,moe,3769,36,7229,3730,3730,2752,705,0,42,0,705,8,5,3,8
126,-1,epi,0,0,0,0,0,0,0,0,5539,0,0,0,0,0,0
127,-2,pre,160,0,0,0,0,0,0,0,0,0,0,0,0,0,0
127,0,dense,2295,44,0,0,0,0,0,0,0,0,0,0,0,0,0
127,1,moe,1060,38,9992,5389,5390,3687,860,0,55,0,707,8,4,4,8
127,2,moe,839,38,9396,4956,4956,3676,710,0,54,0,1328,8,4,4,8
127,3,moe,625,38,16089,5376,5378,7719,2922,1,69,0,709,8,3,5,8
127,4,moe,891,40,13,0,1,0,0,0,12,0,1184,8,8,0,8
127,5,moe,915,43,5708,2261,2261,2945,392,0,110,0,1012,8,6,2,8
127,6,moe,866,35,3278,1354,1354,1789,57,0,78,0,1260,8,7,1,8
127,7,moe,678,36,10,0,0,0,0,0,10,0,1995,8,8,0,8
127,8,moe,719,40,6826,4399,4399,1740,595,0,92,0,582,8,6,2,8
127,9,moe,773,38,4904,2471,2471,1955,374,0,104,0,730,8,6,2,8
127,10,moe,728,37,12,0,0,0,0,0,12,0,1168,8,8,0,8
127,11,moe,632,38,9,0,0,0,0,0,9,0,580,8,8,0,8
127,12,moe,703,33,7508,3865,3865,3428,180,1,34,0,756,8,6,2,8
127,13,moe,769,36,5421,2258,2258,2945,109,0,109,0,644,8,6,2,8
127,14,moe,702,36,12393,5834,5834,5006,1490,1,62,0,600,8,3,5,8
127,15,moe,647,37,10272,4972,4972,3780,1393,1,126,0,708,8,4,4,8
127,16,moe,706,39,9738,3394,3394,3927,2321,0,96,0,587,8,5,3,8
127,17,moe,785,41,12034,4570,4570,5715,1692,0,57,0,703,8,4,4,8
127,18,moe,712,44,5821,2588,2588,2624,455,0,154,0,708,8,6,2,8
127,19,moe,633,38,6231,2569,2569,2452,1102,0,108,0,586,8,5,3,8
127,20,moe,705,36,13409,4295,4297,7138,1912,0,62,0,649,8,3,5,8
127,21,moe,763,37,10564,6197,6197,3807,429,0,131,0,696,8,4,4,8
127,22,moe,769,35,8737,4385,4386,3242,981,0,128,0,1030,8,4,4,8
127,23,moe,639,37,13410,5057,5057,6707,1522,0,124,0,787,8,4,4,8
127,24,moe,794,38,9147,4884,4884,2715,1504,1,43,0,1275,8,5,3,8
127,25,moe,791,39,9829,4876,4876,3624,1273,0,56,0,785,8,4,4,8
127,26,moe,659,36,7089,2818,2818,2714,1511,0,46,0,781,8,5,3,8
127,-1,epi,0,0,0,0,0,0,0,0,5547,0,0,0,0,0,0
128,-2,pre,228,0,0,0,0,0,0,0,0,0,0,0,0,0,0
128,0,dense,1371,47,0,0,0,0,0,0,0,0,0,0,0,0,0
128,1,moe,989,41,9199,5022,5022,3684,432,0,61,0,863,8,4,4,8
128,2,moe,950,38,13369,4479,4479,8337,488,0,65,0,703,8,3,5,8
128,3,moe,639,39,11993,3755,3755,5014,3173,0,51,0,776,8,5,3,8
128,4,moe,735,58,12131,4947,4950,4954,2102,0,125,0,694,8,4,4,8
128,5,moe,826,44,9068,5087,5087,2867,1075,1,38,0,581,8,6,2,8
128,6,moe,726,43,3745,1269,1269,1774,636,0,66,0,1010,8,7,1,8
128,7,moe,627,35,9775,3324,3324,4361,1947,0,143,0,593,8,5,3,8
128,8,moe,859,40,12,0,0,0,0,0,12,0,680,8,8,0,8
128,9,moe,934,37,5176,2500,2500,1932,642,0,102,0,696,8,6,2,8
128,10,moe,705,37,11,0,0,0,0,0,11,0,571,8,8,0,8
128,11,moe,652,35,9364,7194,7195,1658,389,0,122,0,583,8,6,2,8
128,12,moe,708,36,11,0,0,0,0,0,11,0,762,8,8,0,8
128,13,moe,812,42,7701,3414,3414,2408,1805,0,74,0,587,8,5,3,8
128,14,moe,705,41,2534,1188,1188,792,527,0,27,0,634,8,7,1,8
128,15,moe,624,35,13378,9190,9192,2910,1152,0,124,0,704,8,5,3,8
128,16,moe,701,39,5127,2326,2326,1656,1058,0,87,0,585,8,6,2,8
128,17,moe,784,42,6626,3343,3343,2371,824,0,88,0,1045,8,5,3,8
128,18,moe,701,64,4499,2316,2316,1946,123,0,114,0,2246,8,6,2,8
128,19,moe,670,66,10240,5784,5784,3251,1060,0,145,0,591,8,4,4,8
128,20,moe,704,39,13673,8738,8738,3964,910,0,61,0,590,8,3,5,8
128,21,moe,759,36,16742,11630,11631,3782,1190,0,139,0,723,8,4,4,8
128,22,moe,800,46,12655,5688,5689,3961,2853,1,151,0,605,8,3,5,8
128,23,moe,651,39,10773,5174,5174,3705,1766,0,128,0,729,8,4,4,8
128,24,moe,785,38,6944,2759,2759,2709,1430,0,46,0,1360,8,5,3,8
128,25,moe,792,44,10453,5661,5661,2728,2023,0,41,0,778,8,5,3,8
128,26,moe,652,35,25262,14311,14311,7238,3614,0,99,0,732,8,0,8,8
128,-1,epi,0,0,0,0,0,0,0,0,5695,0,0,0,0,0,0
129,-2,pre,233,0,0,0,0,0,0,0,0,0,0,0,0,0,0
129,0,dense,1429,43,0,0,0,0,0,0,0,0,0,0,0,0,0
129,1,moe,806,44,7715,3805,3805,2712,1155,0,43,0,728,8,5,3,8
129,2,moe,800,35,9606,4955,4955,3694,906,0,51,0,839,8,4,4,8
129,3,moe,955,33,15643,9964,9966,4634,948,1,94,0,793,8,3,5,8
129,4,moe,986,37,4601,2281,2282,1648,556,0,115,0,732,8,6,2,8
129,5,moe,1099,37,1684,629,630,793,238,0,23,0,682,8,7,1,8
129,6,moe,700,43,2580,1212,1213,1018,261,0,88,0,762,8,7,1,8
129,7,moe,685,34,7172,3621,3622,1654,1808,0,88,0,814,8,6,2,8
129,8,moe,769,42,6688,3416,3416,2373,851,0,48,0,596,8,5,3,8
129,9,moe,786,36,2515,1327,1327,1051,63,0,74,0,757,8,7,1,8
129,10,moe,705,34,10,0,0,0,0,0,10,0,708,8,8,0,8
129,11,moe,647,42,8460,2817,2817,1661,3892,1,89,0,640,8,6,2,8
129,12,moe,702,35,5284,2536,2536,1940,706,0,102,0,1285,8,6,2,8
129,13,moe,837,54,6988,3302,3302,1681,1869,0,136,0,647,8,6,2,8
129,14,moe,702,34,4396,2231,2231,1577,553,0,35,0,635,8,6,2,8
129,15,moe,621,30,7839,3548,3548,1965,2233,1,92,0,730,8,6,2,8
129,16,moe,751,56,7715,3403,3404,2446,1752,0,113,0,608,8,5,3,8
129,17,moe,827,69,5741,3991,3991,1576,135,0,39,0,619,8,6,2,8
129,18,moe,758,35,2686,1299,1299,1055,231,0,101,0,814,8,7,1,8
129,19,moe,633,31,4253,1306,1306,865,1983,0,99,0,608,8,7,1,8
129,20,moe,742,82,5166,2441,2441,1590,1094,0,41,0,585,8,6,2,8
129,21,moe,765,33,9664,3855,3855,2881,2801,0,127,0,747,8,5,3,8
129,22,moe,765,34,4571,2305,2306,1649,534,0,82,0,638,8,6,2,8
129,23,moe,627,34,7506,4193,4194,2873,351,0,88,0,700,8,5,3,8
129,24,moe,768,31,11435,6281,6281,2771,2335,0,48,0,700,8,5,3,8
129,25,moe,765,34,5395,2484,2484,1847,1029,0,35,0,807,8,6,2,8
129,26,moe,638,34,6898,2689,2689,1846,2325,0,38,0,695,8,6,2,8
129,-1,epi,0,0,0,0,0,0,0,0,5411,0,0,0,0,0,0
130,-2,pre,199,0,0,0,0,0,0,0,0,0,0,0,0,0,0
130,0,dense,1369,35,0,0,0,0,0,0,0,0,0,0,0,0,0
130,1,moe,788,34,16621,6740,6740,4796,5016,0,69,0,753,8,3,5,8
130,2,moe,674,37,9409,4109,4110,2872,2374,0,53,0,701,8,5,3,8
130,3,moe,628,34,7022,3811,3811,2749,409,0,53,0,752,8,5,3,8
130,4,moe,743,34,10308,7279,7279,2437,498,0,94,0,573,8,5,3,8
130,5,moe,763,38,2017,1149,1149,791,57,0,20,0,729,8,7,1,8
130,6,moe,776,36,16819,10106,10108,4746,1855,0,110,0,783,8,3,5,8
130,7,moe,638,47,4648,2186,2186,1663,665,0,134,0,832,8,6,2,8
130,8,moe,769,43,2882,1474,1474,793,589,0,26,0,735,8,7,1,8
130,9,moe,800,44,12,0,0,0,0,0,12,0,757,8,8,0,8
130,10,moe,715,37,11,0,0,0,0,0,11,0,611,8,8,0,8
130,11,moe,643,35,7172,2217,2217,1586,3330,0,39,0,589,8,6,2,8
130,12,moe,680,40,2630,1358,1359,1104,64,1,102,0,652,8,7,1,8
130,13,moe,725,42,4629,1463,1463,907,2136,0,123,0,3292,8,7,1,8
130,14,moe,701,216,2681,1218,1218,820,545,0,98,0,1177,8,7,1,8
130,15,moe,607,37,4054,1442,1442,1090,1423,0,99,0,715,8,7,1,8
130,16,moe,670,39,11539,4081,4081,3365,3944,0,149,0,577,8,4,4,8
130,17,moe,718,41,9146,3814,3815,3287,1989,0,55,0,570,8,4,4,8
130,18,moe,672,44,7715,3970,3970,2863,735,0,147,0,700,8,5,3,8
130,19,moe,623,37,11179,3405,3405,2446,5235,0,93,0,648,8,5,3,8
130,20,moe,700,41,4018,2278,2278,1588,116,0,36,0,672,8,6,2,8
130,21,moe,767,36,9685,4871,4871,3777,899,0,138,0,762,8,4,4,8
130,22,moe,767,37,10751,4528,4528,3223,2839,0,161,0,592,8,4,4,8
130,23,moe,642,34,9418,4911,4912,3767,618,0,121,0,1218,8,4,4,8
130,24,moe,768,42,11586,6263,6263,3699,1571,0,53,0,706,8,4,4,8
130,25,moe,771,44,9852,5138,5138,3668,989,0,57,0,718,8,4,4,8
130,26,moe,631,37,13369,6867,6867,4617,1809,0,76,0,771,8,3,5,8
130,-1,epi,0,0,0,0,0,0,0,0,5384,0,0,0,0,0,0
