step,il,kind,route_us,readback_us,load_wall_us,pread_us,pread_wall_us,repack_us,placement_us,sync_us,load_other_us,load_hidden_us,compute_us,lookups,hits,misses,n_slots
0,-2,pre,221,0,0,0,0,0,0,0,0,0,0,0,0,0,0
0,0,dense,7044,130,0,0,0,0,0,0,0,0,0,0,0,0,0
0,1,moe,4576,104,37681,54358,15245,22163,0,1,272,0,1337,0,0,0,16
0,2,moe,4119,59,24924,46917,16621,16718,4300,0,0,12715,1348,16,0,16,16
0,3,moe,11679,58,23908,56187,16356,14480,4494,0,0,11422,1372,15,0,15,15
0,4,moe,3966,49,27323,49361,19934,18813,3825,0,0,15249,1145,16,0,16,16
0,5,moe,8365,56,22143,51496,16752,13199,3887,1,0,11696,1217,16,0,16,16
0,6,moe,5939,65,24468,52308,16495,15874,4609,1,0,12511,1337,16,0,16,16
0,7,moe,12781,1768,21739,55762,16664,13464,3859,1,0,12249,1149,15,0,15,15
0,8,moe,7119,53,26057,48545,17732,16856,4182,0,0,12713,1153,16,0,16,16
0,9,moe,6016,52,22687,50341,15168,13917,4173,1,0,10572,1395,15,0,15,15
0,10,moe,8137,65,28529,47932,19757,20599,3656,1,0,15484,1238,16,0,16,16
0,11,moe,9696,47,19470,41720,14523,12202,3679,0,0,10934,1101,15,0,15,15
0,12,moe,6493,55,29336,59480,19094,19822,4295,1,0,13876,1365,16,0,16,16
0,13,moe,4717,49,25296,41019,17919,17592,3464,0,0,13679,1175,15,0,15,15
0,14,moe,7777,49,21517,45472,16200,13255,3720,0,0,11658,1159,16,0,16,16
0,15,moe,7077,50,22930,43146,15523,14933,4027,0,0,11553,1313,15,0,15,15
0,16,moe,6877,52,28940,45157,20271,21302,3507,0,0,16140,1172,16,0,16,16
0,17,moe,8433,60,27431,43738,21040,19966,3642,0,0,17217,1209,16,0,16,16
0,18,moe,8866,55,26496,46273,15834,18047,4405,1,0,11791,1349,15,0,15,15
0,19,moe,13114,44,22028,43274,16505,14511,4098,0,0,13086,1162,16,0,16,16
0,20,moe,1201,54,18066,10256,12581,13077,3939,0,0,11531,1195,16,0,16,16
0,21,moe,1432,65,27488,10759,13960,21541,4863,0,0,12876,1343,16,0,16,16
0,22,moe,1327,57,21808,9164,13537,17026,3717,0,0,12472,1160,16,0,16,16
0,23,moe,799,47,19726,9898,12070,14534,4222,0,0,11100,1391,15,0,15,15
0,24,moe,1375,58,27039,10763,13438,21192,4766,0,0,12357,1319,16,0,16,16
0,25,moe,1372,54,28208,10746,19326,22358,4795,0,0,18271,1635,16,0,16,16
0,26,moe,2360,80,11369,5769,7046,7539,2515,0,0,5731,811,8,0,8,8
0,-1,epi,0,0,0,0,0,0,0,0,5727,0,0,0,0,0,0
1,-2,pre,125,0,0,0,0,0,0,0,0,0,0,0,0,0,0
1,0,dense,2562,63,0,0,0,0,0,0,0,0,0,0,0,0,0
1,1,moe,1404,71,25431,40813,16203,17857,3685,0,0,12314,1405,12,0,12,12
1,2,moe,1246,54,21449,48091,14596,13406,4366,0,0,10919,1389,13,0,13,13
1,3,moe,730,52,28042,48837,17008,20030,4378,0,0,13374,1373,14,1,13,14
1,4,moe,1200,60,29465,47681,21420,19893,3788,0,0,15636,1262,15,1,14,15
1,5,moe,1350,58,24076,37391,17303,16846,3450,0,0,13523,1222,14,2,12,14
1,6,moe,1169,66,20038,38052,13642,12259,3896,0,0,9759,1420,14,2,12,14
1,7,moe,712,39,30505,53269,21228,21573,4579,0,0,16875,1194,16,0,16,16
1,8,moe,1207,41,17513,34105,13309,11365,3299,0,0,10460,1244,13,1,12,13
1,9,moe,1349,40,26730,41768,15569,18930,4120,0,0,11889,1415,15,2,13,15
1,10,moe,1218,39,24428,36687,17595,16896,3306,0,0,13369,1164,15,3,12,15
1,11,moe,724,43,26642,44663,20079,18472,3790,0,0,15699,1197,15,1,14,15
1,12,moe,1190,44,23168,44366,15669,14442,4879,0,0,11822,1407,16,2,14,16
1,13,moe,1321,49,27001,42444,19356,17957,4004,0,0,14316,1755,14,1,13,14
1,14,moe,1263,42,27635,44516,19807,19660,3972,1,0,15805,1755,16,2,14,16
1,15,moe,728,40,25536,50705,16798,17174,4779,0,0,13215,2008,15,2,13,15
1,16,moe,1167,53,26603,43550,18381,18828,4183,0,0,14789,1957,16,2,14,16
1,17,moe,1349,42,26375,75011,18984,14514,3713,0,0,10836,1865,14,1,13,14
1,18,moe,1211,37,40534,97973,27704,22438,5102,1,0,14711,2111,15,0,15,15
1,19,moe,760,42,22396,36346,17274,14712,4237,1,0,13828,2378,15,1,14,15
1,20,moe,13268,40,25595,63681,17658,15313,4212,0,0,11588,2078,15,1,14,15
1,21,moe,8711,39,26399,64447,17752,16376,3320,1,0,11050,2074,15,5,10,15
1,22,moe,1559,39,18833,25878,12567,14935,3105,0,0,11774,1870,15,4,11,15
1,23,moe,737,40,21191,8633,14053,15914,4249,1,0,13026,2292,16,3,13,16
1,24,moe,1376,79,14872,7803,8929,10518,3558,0,0,8133,1837,14,3,11,14
1,25,moe,1327,40,29779,9382,17549,24327,4451,0,0,16548,2378,16,2,14,16
1,26,moe,731,51,16530,5554,9657,13451,2482,0,0,9060,2135,8,0,8,8
1,-1,epi,0,0,0,0,0,0,0,0,5766,0,0,0,0,0,0
2,-2,pre,5269,0,0,0,0,0,0,0,0,0,0,0,0,0,0
2,0,dense,125460,121,0,0,0,0,0,0,0,0,0,0,0,0,0
2,1,moe,57290,191,687325,880311,220818,410164,52776,0,3567,0,165247,0,0,0,216
2,2,moe,50888,257,545528,696444,175293,325938,30365,0,13932,0,90493,0,0,0,224
2,3,moe,31205,240,562646,628622,158107,350692,50830,1,3016,0,167228,0,0,0,200
2,4,moe,50052,239,469905,463328,116811,320812,29318,0,2964,0,73647,0,0,0,185
2,5,moe,48701,228,352047,488866,123240,193717,32277,1,2812,0,74673,0,0,0,164
2,6,moe,46772,230,386947,442746,111573,234625,38050,1,2698,0,113207,0,0,0,171
2,7,moe,33162,247,359221,371484,93657,238961,23793,1,2809,0,75144,0,0,0,167
2,8,moe,61639,225,382857,429705,108369,239455,32175,0,2858,0,86211,0,0,0,179
2,9,moe,62762,298,444283,474478,119434,278047,44024,0,2778,0,108586,0,0,0,172
2,10,moe,50080,223,380017,451500,113699,238439,24868,1,3010,0,75163,0,0,0,189
2,11,moe,28298,183,379268,450419,113516,231835,31209,0,2708,0,89509,0,0,0,187
2,12,moe,49501,212,422560,484645,121935,259181,38710,0,2734,0,99544,0,0,0,178
2,13,moe,52786,199,377507,442951,111719,237482,25565,1,2740,0,74705,0,0,0,185
2,14,moe,49874,204,388838,435816,109919,247419,28813,0,2687,0,73169,0,0,0,181
2,15,moe,27494,180,459194,530318,133389,294660,28468,1,2676,0,104068,0,0,0,189
2,16,moe,50550,199,411405,455838,114686,268892,25070,0,2757,0,78099,0,0,0,190
2,17,moe,53133,199,437491,446396,112347,295591,26861,0,2692,0,84118,0,0,0,187
2,18,moe,52001,218,524838,529709,133352,358089,30503,0,2894,0,117985,0,0,0,192
2,19,moe,36450,189,415974,481638,121221,263948,27695,0,3110,0,82759,0,0,0,198
2,20,moe,50550,194,379287,467300,117637,233546,25358,1,2745,0,87590,0,0,0,192
2,21,moe,62890,219,448913,492335,124120,277673,44392,0,2728,0,118864,0,0,0,180
2,22,moe,65068,264,537265,496937,125087,368272,40711,1,3194,0,128230,0,0,0,193
2,23,moe,38512,189,460634,509216,128287,301888,27720,1,2738,0,112449,0,0,0,184
2,24,moe,56404,200,442056,543671,136739,261906,40589,0,2822,0,123460,0,0,0,193
2,25,moe,56966,205,401162,488956,123145,252592,22578,0,2847,0,98229,0,0,0,175
2,26,moe,33804,35,3,0,0,0,0,0,3,0,8,0,0,0,0
2,-1,epi,0,0,0,0,0,0,0,0,6,0,0,0,0,0,0
3,-2,pre,202,0,0,0,0,0,0,0,0,0,0,0,0,0,0
3,0,dense,14610,61,0,0,0,0,0,0,0,0,0,0,0,0,0
3,1,moe,9636,90,54122,65282,32635,32439,16085,1,0,27038,3774,26,3,23,26
3,2,moe,8853,47,42209,62052,27751,28256,8776,1,0,22575,3526,23,1,22,23
3,3,moe,10768,42,37161,57606,23570,22560,9879,0,0,18848,2824,22,1,21,22
3,4,moe,8293,48,31459,38786,24131,20713,7018,0,0,20403,2235,18,2,16,18
3,5,moe,7329,45,31266,45663,23056,18985,7717,0,0,18492,2102,20,1,19,20
3,6,moe,6000,115,45293,63618,24294,31321,8547,0,0,18869,1892,24,1,23,24
3,7,moe,9004,47,25904,42223,18606,15499,6345,0,0,14546,1590,19,1,18,19
3,8,moe,4901,50,30235,37947,23123,14546,11860,0,0,19294,1572,17,1,16,17
3,9,moe,7456,54,38915,58783,24726,23173,10796,0,0,19780,2020,23,2,21,23
3,10,moe,5042,52,38269,57547,28500,24553,8042,1,0,22827,1740,25,1,24,25
3,11,moe,15694,37,23951,35916,17118,12952,7431,0,0,13550,2331,19,4,15,19
3,12,moe,7854,39,38443,53625,25942,24906,9064,0,0,21469,1856,19,1,18,19
3,13,moe,9250,41,37614,56814,28089,19070,12623,1,0,22169,2103,22,0,22,22
3,14,moe,4938,56,33940,45933,25938,22623,6964,0,0,21585,1633,21,2,19,21
3,15,moe,14122,38,36798,58352,23697,22507,9444,0,0,18850,1916,21,0,21,21
3,16,moe,9784,41,31043,47828,22641,17885,8288,1,0,17772,1749,22,2,20,22
3,17,moe,6257,40,36331,56211,26866,22125,8978,0,0,21638,2050,25,2,23,25
3,18,moe,5233,43,43007,42440,29794,26693,11168,0,0,24648,2071,25,3,22,25
3,19,moe,1176,43,33908,13553,23963,22741,9462,0,0,22258,1677,24,0,24,24
3,20,moe,1197,40,31285,13670,22629,23542,6100,0,0,20986,1702,23,0,23,23
3,21,moe,1251,41,44709,15304,26612,29925,13205,0,0,25033,2069,24,2,22,24
3,22,moe,1301,42,29298,12982,20085,20227,7512,0,0,18526,1759,24,2,22,24
3,23,moe,1115,52,38479,15225,24432,22171,14805,0,0,22929,1961,22,1,21,22
3,24,moe,1254,49,48218,17634,33460,34762,11454,0,0,31458,2058,26,2,24,26
3,25,moe,1226,45,29326,22312,17844,24270,3271,0,0,16059,1924,24,1,23,24
3,26,moe,2542,36,6351,10837,4148,3997,1166,0,0,2960,2684,8,4,4,8
3,-1,epi,0,0,0,0,0,0,0,0,50525,0,0,0,0,0,0
4,-2,pre,85,0,0,0,0,0,0,0,0,0,0,0,0,0,0
4,0,dense,1237,56,0,0,0,0,0,0,0,0,0,0,0,0,0
4,1,moe,732,56,7514,11349,4779,4256,2051,0,0,3572,654,8,4,4,8
4,2,moe,680,40,3488,5546,2520,2068,140,1,0,1241,648,8,6,2,8
4,3,moe,509,45,6279,10501,4072,4230,891,0,0,2914,676,8,4,4,8
4,4,moe,712,42,4014,7244,2925,2757,193,0,0,1861,567,8,5,3,8
4,5,moe,721,38,3911,7337,2917,2693,183,1,0,1883,557,8,5,3,8
4,6,moe,685,52,7142,8312,4361,5884,211,0,0,3314,636,8,5,3,8
4,7,moe,499,40,5321,7698,3954,2965,1115,0,0,2713,590,8,5,3,8
4,8,moe,664,40,3917,6819,2984,2601,178,0,0,1846,588,8,5,3,8
4,9,moe,752,35,4542,8221,2976,3261,214,0,0,1909,677,8,5,3,8
4,10,moe,688,40,4997,9389,3613,3625,259,0,0,2500,558,8,4,4,8
4,11,moe,527,33,2380,2172,1791,1630,58,0,0,1099,559,8,7,1,8
4,12,moe,682,56,7132,13356,4641,5272,360,0,0,3141,659,8,3,5,8
4,13,moe,722,36,2971,4528,2213,1865,118,0,0,1225,570,8,6,2,8
4,14,moe,686,38,2844,4514,2202,1770,124,0,0,1252,561,8,6,2,8
4,15,moe,553,32,4458,8483,2908,3203,217,0,0,1870,643,8,5,3,8
4,16,moe,674,37,6323,7269,4377,4913,350,0,0,3317,561,8,5,3,8
4,17,moe,719,40,4056,7125,3053,2749,176,0,0,1922,1068,8,5,3,8
4,18,moe,670,37,7108,7794,4377,5823,209,0,0,3301,634,8,5,3,8
4,19,moe,496,34,3465,1586,2348,2928,178,0,0,1989,587,8,5,3,8
4,20,moe,731,40,2584,2254,1942,1774,117,0,0,1249,567,8,6,2,8
4,21,moe,734,36,6481,1798,3733,5977,204,0,0,3433,654,8,5,3,8
4,22,moe,753,51,3446,2209,2346,2788,172,0,0,1860,555,8,5,3,8
4,23,moe,505,42,3954,1818,2343,3440,211,0,0,2040,648,8,5,3,8
4,24,moe,744,40,6359,3242,3875,5501,355,0,0,3372,645,8,3,5,8
4,25,moe,730,47,7633,3783,4649,6715,430,0,0,4161,634,8,2,6,8
4,26,moe,509,36,8295,13536,5459,5233,1489,0,0,3886,685,8,3,5,8
4,-1,epi,0,0,0,0,0,0,0,0,4219,0,0,0,0,0,0
5,-2,pre,152,0,0,0,0,0,0,0,0,0,0,0,0,0,0
5,0,dense,1175,35,0,0,0,0,0,0,0,0,0,0,0,0,0
5,1,moe,716,43,11308,13732,7007,9470,355,1,0,5525,688,8,3,5,8
5,2,moe,686,45,13397,19324,8340,10360,1217,0,0,6520,801,8,1,7,8
5,3,moe,582,44,10659,19485,6924,7543,1134,0,0,4942,695,8,1,7,8
5,4,moe,719,48,7442,14231,5388,5433,374,0,0,3753,612,8,2,6,8
5,5,moe,743,43,6319,11880,4631,4595,361,0,0,3268,607,8,3,5,8
5,6,moe,716,41,5680,10465,3610,4369,289,0,0,2588,651,8,4,4,8
5,7,moe,510,38,4044,7439,2983,2779,185,0,0,1903,594,8,5,3,8
5,8,moe,694,43,3934,6980,2961,2673,182,0,0,1882,580,8,5,3,8
5,9,moe,726,37,8368,15999,5269,6436,428,0,0,3765,647,8,2,6,8
5,10,moe,692,37,3997,6822,2937,2731,186,0,0,1857,569,8,5,3,8
5,11,moe,520,44,8729,16880,6377,6356,442,0,0,4446,591,8,1,7,8
5,12,moe,676,37,8322,16169,5364,6309,430,0,0,3781,667,8,2,6,8
5,13,moe,749,36,6893,12124,5202,5282,296,0,0,3887,599,8,3,5,8
5,14,moe,686,34,4939,9475,3597,3682,256,0,0,2596,598,8,4,4,8
5,15,moe,530,34,7816,13855,5340,5962,352,0,0,3838,662,8,3,5,8
5,16,moe,689,35,7944,9247,5527,6650,239,0,0,4472,590,8,4,4,8
5,17,moe,728,38,7910,9533,5640,6482,239,0,0,4451,573,8,4,4,8
5,18,moe,712,46,14054,17576,9711,11583,480,0,0,7720,682,8,1,7,8
5,19,moe,513,39,4370,2228,2974,3807,228,0,0,2639,565,8,4,4,8
5,20,moe,663,35,5311,1624,3612,4840,170,0,0,3311,618,8,5,3,8
5,21,moe,764,40,6484,3044,3889,5630,348,0,0,3383,655,8,3,5,8
5,22,moe,754,39,3446,1621,2341,2939,186,0,0,2020,574,8,5,3,8
5,23,moe,515,36,4440,1091,2565,4044,134,0,0,2303,650,8,6,2,8
5,24,moe,722,39,5064,2604,3092,4480,278,0,0,2786,648,8,4,4,8
5,25,moe,727,40,5019,2558,3106,4426,278,0,0,2791,637,8,4,4,8
5,26,moe,495,50,4959,8366,3253,3102,891,0,0,2287,1203,8,5,3,8
5,-1,epi,0,0,0,0,0,0,0,0,4007,0,0,0,0,0,0
6,-2,pre,166,0,0,0,0,0,0,0,0,0,0,0,0,0,0
6,0,dense,1231,35,0,0,0,0,0,0,0,0,0,0,0,0,0
6,1,moe,750,45,7149,14184,4707,5359,362,0,0,3279,659,8,3,5,8
6,2,moe,714,38,5682,11116,3771,4147,291,0,0,2527,674,8,4,4,8
6,3,moe,517,35,6781,13245,4418,5166,365,0,0,3168,656,8,3,5,8
6,4,moe,693,40,9415,28647,7694,4539,300,0,0,3118,556,8,3,5,8
6,5,moe,709,39,6199,7374,4439,4944,185,0,0,3369,588,8,5,3,8
6,6,moe,696,57,3355,5332,2287,2162,141,0,0,1235,645,8,6,2,8
6,7,moe,502,33,4916,9526,3540,3626,255,0,0,2505,579,8,4,4,8
6,8,moe,690,37,5934,11676,4317,4453,320,0,0,3156,579,8,3,5,8
6,9,moe,706,37,5771,10634,3709,4369,285,0,0,2592,647,8,4,4,8
6,10,moe,701,37,10265,12016,7062,7937,810,0,0,5544,596,8,3,5,8
6,11,moe,519,43,3148,4870,2497,1773,122,0,0,1244,602,8,6,2,8
6,12,moe,695,40,4485,7810,2900,3228,225,0,0,1868,656,8,5,3,8
6,13,moe,714,37,4000,7301,2929,2795,183,0,0,1907,581,8,5,3,8
6,14,moe,671,44,3910,7072,2946,2707,186,0,0,1929,579,8,5,3,8
6,15,moe,524,36,7413,13439,4614,5380,609,0,0,3190,694,8,3,5,8
6,16,moe,706,47,7578,14756,5546,5481,366,0,0,3815,599,8,2,6,8
6,17,moe,741,36,6199,11705,4607,4480,310,0,0,3198,608,8,3,5,8
6,18,moe,715,38,2865,2239,1895,1977,66,0,0,1073,715,8,7,1,8
6,19,moe,543,39,5798,2841,3764,4656,627,0,0,3249,622,8,3,5,8
6,20,moe,711,43,4337,2326,2979,3775,246,0,0,2663,579,8,4,4,8
6,21,moe,789,42,2725,1107,1594,2297,138,0,0,1304,662,8,6,2,8
6,22,moe,734,42,3458,1625,2344,2923,176,0,0,1985,563,8,5,3,8
6,23,moe,502,38,3931,1823,2345,3376,215,0,0,2005,676,8,5,3,8
6,24,moe,760,38,6137,1825,3619,5659,198,0,0,3339,672,8,5,3,8
6,25,moe,734,52,3751,1812,2253,3253,220,0,0,1975,673,8,5,3,8
6,26,moe,552,43,6566,10839,4226,4270,1224,0,0,3154,1264,8,4,4,8
6,-1,epi,0,0,0,0,0,0,0,0,4329,0,0,0,0,0,0
7,-2,pre,164,0,0,0,0,0,0,0,0,0,0,0,0,0,0
7,0,dense,1186,40,0,0,0,0,0,0,0,0,0,0,0,0,0
7,1,moe,701,45,7569,13889,5005,5487,623,0,0,3546,669,8,3,5,8
7,2,moe,705,40,3258,4946,2294,2076,141,0,0,1253,651,8,6,2,8
7,3,moe,536,39,1985,2529,1501,1039,69,0,0,624,672,8,7,1,8
7,4,moe,695,35,3964,7496,2874,2800,176,0,0,1886,580,8,5,3,8
7,5,moe,722,77,3412,4684,2602,1783,631,0,0,1604,599,8,6,2,8
7,6,moe,717,36,2114,2381,1487,1161,69,0,0,603,633,8,7,1,8
7,7,moe,501,36,5502,9200,4115,4133,250,0,0,2996,573,8,4,4,8
7,8,moe,725,43,4893,9342,3603,3634,247,0,0,2591,592,8,4,4,8
7,9,moe,751,38,5297,5249,3408,3924,140,0,0,2175,658,8,6,2,8
7,10,moe,731,43,2496,2072,1818,1690,58,0,0,1070,580,8,7,1,8
7,11,moe,503,34,4409,4753,3230,3277,116,0,0,2214,562,8,6,2,8
7,12,moe,692,36,11282,13370,6780,9644,345,0,0,5487,657,8,3,5,8
7,13,moe,772,36,4223,8461,3158,2765,175,0,0,1875,580,8,5,3,8
7,14,moe,686,45,3995,7249,3008,2724,190,0,0,1927,557,8,5,3,8
7,15,moe,491,34,7387,16488,4869,5405,369,0,0,3256,664,8,3,5,8
7,16,moe,677,37,3054,4635,2311,1862,121,0,0,1240,590,8,6,2,8
7,17,moe,753,41,4178,6935,3212,2737,217,0,0,1988,589,8,5,3,8
7,18,moe,701,36,4489,8087,2922,3225,213,0,0,1871,724,8,5,3,8
7,19,moe,11197,38,3453,1782,2377,2731,182,0,0,1837,690,8,5,3,8
7,20,moe,756,47,2131,1055,1464,1780,125,0,0,1238,674,8,6,2,8
7,21,moe,739,37,5048,2286,3004,4317,284,0,0,2557,753,8,4,4,8
7,22,moe,747,55,4559,2194,3105,3950,246,0,0,2742,582,8,4,4,8
7,23,moe,525,40,2681,1138,1567,2265,141,0,0,1292,633,8,6,2,8
7,24,moe,763,47,2215,479,1323,1960,74,0,0,1142,689,8,7,1,8
7,25,moe,766,37,6502,2495,3861,5793,210,0,0,3362,661,8,5,3,8
7,26,moe,545,34,5352,5369,3479,3785,597,0,0,2509,710,8,6,2,8
7,-1,epi,0,0,0,0,0,0,0,0,4272,0,0,0,0,0,0
8,-2,pre,241,0,0,0,0,0,0,0,0,0,0,0,0,0,0
8,0,dense,1183,37,0,0,0,0,0,0,0,0,0,0,0,0,0
8,1,moe,704,40,4360,8000,2913,3147,210,0,0,1910,659,8,5,3,8
8,2,moe,663,38,3597,5451,2520,2080,416,0,0,1419,618,8,6,2,8
8,3,moe,488,34,9006,10660,5659,7494,287,0,0,4434,624,8,4,4,8
8,4,moe,661,38,3118,5088,2370,1846,123,0,0,1221,557,8,6,2,8
8,5,moe,728,38,6005,6761,4323,4852,174,0,0,3344,559,8,5,3,8
8,6,moe,680,45,8801,16164,5748,6622,445,0,0,4014,652,8,2,6,8
8,7,moe,526,35,3680,4664,2755,1862,823,0,0,1760,579,8,6,2,8
8,8,moe,664,36,2954,4948,2308,1772,127,0,0,1253,550,8,6,2,8
8,9,moe,690,38,4936,8021,3391,3233,215,0,0,1903,626,8,5,3,8
8,10,moe,659,35,4316,7862,3246,2741,184,0,0,1855,583,8,5,3,8
8,11,moe,509,35,8108,9163,5761,6612,239,0,0,4504,616,8,4,4,8
8,12,moe,687,38,4465,7943,2887,3232,221,0,0,1875,654,8,5,3,8
8,13,moe,773,35,4192,7203,3098,2788,184,0,0,1878,561,8,5,3,8
8,14,moe,694,34,3916,7490,2940,2717,184,0,0,1925,569,8,5,3,8
8,15,moe,511,35,3315,4723,2221,2186,141,0,0,1233,673,8,6,2,8
8,16,moe,687,35,5490,9446,4081,4016,248,0,0,2855,574,8,4,4,8
8,17,moe,743,41,3870,4503,2819,2943,184,0,0,2076,639,8,5,3,8
8,18,moe,731,39,5042,8069,3323,3474,258,0,0,2013,655,8,5,3,8
8,19,moe,521,34,2804,2604,2053,1851,112,0,0,1212,555,8,6,2,8
8,20,moe,680,36,2164,1046,1515,1784,122,0,0,1257,560,8,6,2,8
8,21,moe,725,42,2940,2527,1962,1986,67,0,0,1075,633,8,7,1,8
8,22,moe,732,59,2379,1025,1585,1960,131,0,0,1297,585,8,6,2,8
8,23,moe,561,37,8,0,0,0,0,0,8,0,680,8,8,0,8
8,24,moe,784,36,1555,512,893,1271,72,0,0,681,693,8,7,1,8
8,25,moe,825,39,5377,2594,3263,4757,297,0,0,2940,667,8,4,4,8
8,26,moe,520,53,8220,7250,5170,6124,935,0,0,4009,656,8,5,3,8
8,-1,epi,0,0,0,0,0,0,0,0,4317,0,0,0,0,0,0
9,-2,pre,152,0,0,0,0,0,0,0,0,0,0,0,0,0,0
9,0,dense,1195,275,0,0,0,0,0,0,0,0,0,0,0,0,0
9,1,moe,739,46,11522,37182,10005,3305,229,0,0,2017,638,8,5,3,8
9,2,moe,690,43,8871,23203,7354,3282,216,0,0,1981,631,8,5,3,8
9,3,moe,512,46,5276,14495,4320,2087,138,0,0,1269,626,8,6,2,8
9,4,moe,660,34,7777,20823,6697,2732,179,1,0,1832,553,8,5,3,8
9,5,moe,710,36,8646,19898,6404,5772,253,0,0,3783,553,8,4,4,8
9,6,moe,667,37,8,0,0,0,0,0,8,0,614,8,8,0,8
9,7,moe,486,35,8078,20742,6386,4838,175,0,0,3321,550,8,5,3,8
9,8,moe,682,50,5093,13018,4448,1778,119,0,0,1252,547,8,6,2,8
9,9,moe,691,38,7960,11898,5235,5827,198,0,0,3300,625,8,5,3,8
9,10,moe,665,36,8,0,0,0,0,0,8,0,567,8,8,0,8
9,11,moe,489,36,3323,6928,2881,978,60,0,0,596,547,8,7,1,8
9,12,moe,691,36,2285,530,1288,2005,65,0,0,1073,630,8,7,1,8
9,13,moe,697,36,3129,6030,2702,964,60,0,0,597,551,8,7,1,8
9,14,moe,671,37,2892,5761,2563,885,60,0,0,616,565,8,7,1,8
9,15,moe,510,34,2572,1147,1510,2153,139,0,0,1230,628,8,6,2,8
9,16,moe,671,40,6657,19231,5575,2772,180,0,0,1870,559,8,5,3,8
9,17,moe,688,34,3569,5112,2921,1778,116,0,0,1246,554,8,6,2,8
9,18,moe,664,36,4156,8272,3067,2184,135,0,0,1230,624,8,6,2,8
9,19,moe,498,34,2633,2986,2206,971,59,0,0,603,544,8,7,1,8
9,20,moe,707,35,1136,460,801,891,62,0,0,618,547,8,7,1,8
9,21,moe,704,43,2648,1129,1549,2208,135,0,0,1244,629,8,6,2,8
9,22,moe,710,38,5301,2842,3610,4530,284,0,0,3123,554,8,3,5,8
9,23,moe,506,36,1401,489,792,1144,68,0,0,603,624,8,7,1,8
9,24,moe,698,33,2502,1157,1539,2081,127,0,0,1245,623,8,6,2,8
9,25,moe,697,34,3714,1856,2272,3197,209,0,0,1964,622,8,5,3,8
9,26,moe,502,36,5031,11173,3744,2081,972,0,0,1766,679,8,6,2,8
9,-1,epi,0,0,0,0,0,0,0,0,3861,0,0,0,0,0,0
10,-2,pre,1113,0,0,0,0,0,0,0,0,0,0,0,0,0,0
10,0,dense,1173,37,0,0,0,0,0,0,0,0,0,0,0,0,0
10,1,moe,702,39,17612,52911,13779,8391,547,0,0,5105,624,8,0,8,8
10,2,moe,671,36,4454,10800,3498,2067,147,0,0,1258,624,8,6,2,8
10,3,moe,490,36,9279,27013,7384,6051,284,0,0,4440,629,8,4,4,8
10,4,moe,667,37,7829,23302,6409,3637,231,1,0,2449,561,8,4,4,8
10,5,moe,695,36,4337,10858,3685,1773,118,0,0,1239,553,8,6,2,8
10,6,moe,657,34,4156,7947,3061,2184,133,1,0,1223,618,8,6,2,8
10,7,moe,505,35,7887,19403,6069,4205,177,0,0,2564,558,8,5,3,8
10,8,moe,680,37,6301,18674,5342,2662,174,0,0,1877,549,8,5,3,8
10,9,moe,696,34,9760,26122,7264,5263,328,0,0,3095,645,8,3,5,8
10,10,moe,705,33,7867,23672,6494,3622,236,0,0,2485,573,8,4,4,8
10,11,moe,499,34,8756,27825,7155,4495,310,1,0,3205,553,8,3,5,8
10,12,moe,661,36,7670,16537,5629,4287,276,0,0,2522,646,8,4,4,8
10,13,moe,704,35,6812,17953,5749,3462,175,0,0,2574,561,8,5,3,8
10,14,moe,665,34,7220,22908,5930,3569,238,0,0,2517,559,8,4,4,8
10,15,moe,496,34,14250,38974,10819,7351,487,0,0,4407,624,8,1,7,8
10,16,moe,670,34,10219,29112,8191,5970,392,0,0,4334,654,8,2,6,8
10,17,moe,728,43,10261,30939,8350,5393,374,0,0,3856,586,8,2,6,8
10,18,moe,673,38,15686,37720,10471,10509,416,0,0,5710,670,8,2,6,8
10,19,moe,496,43,11589,36398,9566,5413,346,0,0,3736,564,8,2,6,8
10,20,moe,682,38,7642,4837,6032,4458,288,0,0,3136,562,8,3,5,8
10,21,moe,706,37,6318,3193,3788,5467,343,0,0,3280,650,8,3,5,8
10,22,moe,704,53,4336,2265,2955,3762,230,0,0,2611,582,8,4,4,8
10,23,moe,508,37,5032,2547,2987,4438,266,0,0,2659,641,8,4,4,8
10,24,moe,709,37,7330,3777,4470,6436,413,0,0,3989,638,8,2,6,8
10,25,moe,705,38,10590,5276,6392,9415,327,0,0,5544,645,8,3,5,8
10,26,moe,504,35,15408,34373,11088,8382,2905,0,0,6967,650,8,3,5,8
10,-1,epi,0,0,0,0,0,0,0,0,3841,0,0,0,0,0,0
11,-2,pre,1952,0,0,0,0,0,0,0,0,0,0,0,0,0,0
11,0,dense,1185,38,0,0,0,0,0,0,0,0,0,0,0,0,0
11,1,moe,687,36,3542,7776,3077,1003,66,1,0,605,635,8,7,1,8
11,2,moe,674,38,4323,10535,3369,2078,140,0,0,1264,630,8,6,2,8
11,3,moe,488,34,3897,8525,2946,2065,150,0,0,1264,631,8,6,2,8
11,4,moe,664,36,4261,10058,3497,1860,117,0,0,1213,555,8,6,2,8
11,5,moe,699,37,5495,14353,4845,1785,118,0,0,1253,559,8,6,2,8
11,6,moe,683,35,4889,12037,3831,2105,134,0,0,1181,629,8,6,2,8
11,7,moe,488,33,4212,10163,3502,1769,113,0,0,1172,551,8,6,2,8
11,8,moe,664,34,6068,14741,5143,2560,169,0,0,1804,561,8,5,3,8
11,9,moe,694,36,5041,9720,3543,3121,200,0,0,1823,638,8,5,3,8
11,10,moe,675,39,6886,20545,5851,2653,171,0,0,1789,569,8,5,3,8
11,11,moe,474,32,3306,8040,2687,1721,119,0,0,1221,556,8,6,2,8
11,12,moe,654,35,7397,20590,5453,4132,265,0,0,2453,636,8,4,4,8
11,13,moe,697,35,4458,11130,3743,1790,114,0,0,1189,556,8,6,2,8
11,14,moe,658,36,13035,35140,9801,6636,344,0,0,3746,561,8,2,6,8
11,15,moe,478,32,9050,26270,7068,5044,270,0,0,3332,630,8,4,4,8
11,16,moe,672,34,11484,33958,9522,5257,336,0,0,3631,571,8,2,6,8
11,17,moe,695,34,7477,16778,5935,4272,288,0,0,3018,559,8,3,5,8
11,18,moe,663,33,11709,24472,7478,6949,326,0,0,3044,631,8,3,5,8
11,19,moe,485,33,7078,19555,5732,4417,224,0,0,3295,567,8,4,4,8
11,20,moe,659,32,3497,6135,2877,1711,113,0,0,1204,553,8,6,2,8
11,21,moe,710,41,5651,4795,3698,4081,262,0,0,2390,629,8,4,4,8
11,22,moe,693,36,3253,1608,2181,2747,170,0,0,1845,557,8,5,3,8
11,23,moe,491,32,2509,1106,1449,2109,131,1,0,1181,632,8,6,2,8
11,24,moe,707,35,4735,2646,2902,4157,257,0,0,2581,633,8,4,4,8
11,25,moe,692,34,5939,3101,3657,5155,319,0,0,3192,625,8,3,5,8
11,26,moe,490,34,15066,38122,9992,8055,783,0,0,3764,627,8,2,6,8
11,-1,epi,0,0,0,0,0,0,0,0,3882,0,0,0,0,0,0
12,-2,pre,2041,0,0,0,0,0,0,0,0,0,0,0,0,0,0
12,0,dense,1183,49,0,0,0,0,0,0,0,0,0,0,0,0,0
12,1,moe,696,34,10588,33351,8685,5078,268,0,0,3443,647,8,4,4,8
12,2,moe,664,34,7131,17240,5754,3001,202,0,0,1826,806,8,5,3,8
12,3,moe,485,32,5217,12132,4303,1977,132,0,0,1195,630,8,6,2,8
12,4,moe,662,33,6360,15923,4600,3346,167,0,0,1753,559,8,5,3,8
12,5,moe,697,34,5556,12141,4564,2580,360,0,0,1948,557,8,5,3,8
12,6,moe,680,35,6053,15442,4995,3025,132,0,0,2099,633,8,6,2,8
12,7,moe,479,34,2451,3421,2054,919,57,0,0,579,551,8,7,1,8
12,8,moe,657,34,5273,8755,4192,3085,109,1,0,2114,554,8,6,2,8
12,9,moe,691,34,11615,32717,9211,5058,329,0,0,2983,644,8,3,5,8
12,10,moe,694,33,4979,9454,4243,1795,109,0,0,1168,557,8,6,2,8
12,11,moe,486,32,7569,23444,6284,3407,389,0,0,2511,560,8,4,4,8
12,12,moe,667,33,10450,26705,8012,5102,347,0,0,3011,634,8,3,5,8
12,13,moe,703,41,7352,21191,6030,4399,237,0,0,3314,565,8,4,4,8
12,14,moe,659,32,7212,16451,5606,4611,163,0,0,3168,568,8,5,3,8
12,15,moe,477,31,7817,22228,5857,4795,277,0,0,3112,630,8,4,4,8
12,16,moe,671,36,10767,31846,8821,5186,342,0,0,3582,630,8,2,6,8
12,17,moe,697,39,5057,9134,3823,3558,226,0,0,2550,634,8,4,4,8
12,18,moe,641,36,10082,26183,7660,5124,348,0,0,3050,627,8,3,5,8
12,19,moe,552,38,6468,16526,5430,2635,170,0,0,1767,591,8,5,3,8
12,20,moe,43032,39,3847,8445,3224,1706,115,0,0,1198,567,8,6,2,8
12,21,moe,689,36,3686,1814,2172,3167,202,0,0,1855,641,8,5,3,8
12,22,moe,696,37,3231,1626,2192,2707,181,0,0,1849,569,8,5,3,8
12,23,moe,487,34,8,0,0,0,0,0,8,0,627,8,8,0,8
12,24,moe,694,43,4852,2611,2913,4253,261,0,0,2575,641,8,4,4,8
12,25,moe,697,35,2397,1084,1470,2004,132,0,0,1209,640,8,6,2,8
12,26,moe,508,35,5463,12211,4095,2978,193,0,0,1803,638,8,5,3,8
12,-1,epi,0,0,0,0,0,0,0,0,3882,0,0,0,0,0,0
13,-2,pre,1638,0,0,0,0,0,0,0,0,0,0,0,0,0,0
13,0,dense,1177,38,0,0,0,0,0,0,0,0,0,0,0,0,0
13,1,moe,692,35,6311,11595,4479,4008,270,0,0,2446,648,8,4,4,8
13,2,moe,662,35,3988,7936,3528,990,65,0,0,595,633,8,7,1,8
13,3,moe,478,33,3028,5691,2570,989,66,0,0,597,628,8,7,1,8
13,4,moe,665,43,8,0,0,0,0,0,8,0,575,8,8,0,8
13,5,moe,690,34,1866,2515,1441,927,57,0,0,559,560,8,7,1,8
13,6,moe,649,34,3042,5339,2460,1104,64,0,0,586,646,8,7,1,8
13,7,moe,485,33,2540,5011,2144,931,56,0,0,591,559,8,7,1,8
13,8,moe,651,32,2410,4563,2089,852,57,0,0,588,552,8,7,1,8
13,9,moe,684,32,3513,6056,2907,1109,66,0,0,569,622,8,7,1,8
13,10,moe,652,34,2565,4504,2145,937,57,0,0,574,551,8,7,1,8
13,11,moe,500,31,3475,7959,2854,1711,116,0,0,1206,555,8,6,2,8
13,12,moe,653,34,2547,1134,1461,2120,134,0,0,1168,625,8,6,2,8
13,13,moe,691,49,2581,4519,2162,939,54,0,0,574,563,8,7,1,8
13,14,moe,656,33,3472,5111,2855,1705,108,0,0,1196,559,8,6,2,8
13,15,moe,492,31,6374,5593,3973,5087,319,0,0,3005,637,8,3,5,8
13,16,moe,651,34,6512,10757,4860,4382,276,0,0,3006,563,8,3,5,8
13,17,moe,691,32,4075,4963,3143,2576,166,0,0,1810,556,8,5,3,8
13,18,moe,666,34,5816,13787,3830,4148,270,0,0,2432,638,8,4,4,8
13,19,moe,482,33,8141,26454,6809,3465,229,1,0,2363,561,8,4,4,8
13,20,moe,668,35,2450,4761,2133,858,57,0,0,598,552,8,7,1,8
13,21,moe,688,33,2515,1116,1473,2081,129,0,0,1168,640,8,6,2,8
13,22,moe,723,32,2155,1013,1440,1777,113,0,0,1175,557,8,6,2,8
13,23,moe,482,34,7,0,0,0,0,0,7,0,620,8,8,0,8
13,24,moe,688,34,5055,2584,3020,4415,289,0,0,2669,631,8,4,4,8
13,25,moe,688,42,1281,495,800,1028,69,0,0,616,637,8,7,1,8
13,26,moe,490,34,2486,1082,1517,2073,154,0,0,1258,633,8,6,2,8
13,-1,epi,0,0,0,0,0,0,0,0,3849,0,0,0,0,0,0
14,-2,pre,76,0,0,0,0,0,0,0,0,0,0,0,0,0,0
14,0,dense,1197,36,0,0,0,0,0,0,0,0,0,0,0,0,0
14,1,moe,690,36,6136,3152,3775,5335,332,0,0,3306,633,8,3,5,8
14,2,moe,666,38,8,0,0,0,0,0,8,0,615,8,8,0,8
14,3,moe,490,34,7,0,0,0,0,0,7,0,646,8,8,0,8
14,4,moe,681,40,8,0,0,0,0,0,8,0,585,8,8,0,8
14,5,moe,715,34,2835,5377,2394,959,58,0,0,576,551,8,7,1,8
14,6,moe,672,38,3717,7353,3104,1146,70,0,0,603,623,8,7,1,8
14,7,moe,498,45,3274,6509,2841,975,57,0,0,599,553,8,7,1,8
14,8,moe,732,35,3029,6371,2698,891,60,0,0,620,554,8,7,1,8
14,9,moe,687,36,8,0,0,0,0,0,8,0,623,8,8,0,8
14,10,moe,661,36,8,0,0,0,0,1,7,0,559,8,8,0,8
14,11,moe,479,31,2202,3714,1876,885,58,0,0,617,554,8,7,1,8
14,12,moe,649,33,6278,6982,4227,4250,271,0,0,2470,634,8,4,4,8
14,13,moe,689,34,4298,8821,3524,1876,114,0,0,1216,558,8,6,2,8
14,14,moe,669,52,4176,11147,3517,1801,120,0,0,1262,556,8,6,2,8
14,15,moe,489,30,8473,9918,5506,6308,393,0,0,3734,647,8,2,6,8
14,16,moe,676,36,5210,4533,3813,3641,232,0,0,2476,560,8,4,4,8
14,17,moe,682,47,6374,3313,4440,5525,358,0,0,3949,556,8,2,6,8
14,18,moe,664,49,5042,7953,3025,4405,286,0,0,2674,632,8,4,4,8
14,19,moe,497,47,9355,29125,7657,4582,300,0,0,3184,556,8,3,5,8
14,20,moe,671,34,9,0,0,0,0,0,9,0,560,8,8,0,8
14,21,moe,677,34,3840,1803,2249,3293,212,0,0,1914,630,8,5,3,8
14,22,moe,692,39,4339,2242,2951,3766,232,0,0,2610,561,8,4,4,8
14,23,moe,505,32,1399,493,789,1145,65,0,0,600,623,8,7,1,8
14,24,moe,692,34,3686,1866,2260,3177,199,0,0,1950,629,8,5,3,8
14,25,moe,717,35,1279,480,794,1037,65,0,0,617,635,8,7,1,8
14,26,moe,522,35,5441,11255,3928,3112,403,0,0,2002,625,8,5,3,8
14,-1,epi,0,0,0,0,0,0,0,0,3848,0,0,0,0,0,0
15,-2,pre,1029,0,0,0,0,0,0,0,0,0,0,0,0,0,0
15,0,dense,1201,42,0,0,0,0,0,0,0,0,0,0,0,0,0
15,1,moe,694,42,8698,7588,5847,6218,409,0,0,3776,639,8,2,6,8
15,2,moe,664,44,9,0,0,0,0,0,9,0,624,8,8,0,8
15,3,moe,499,37,8,0,0,0,0,0,8,0,632,8,8,0,8
15,4,moe,657,40,8,0,0,0,0,0,8,0,551,8,8,0,8
15,5,moe,685,39,7,0,0,0,0,0,7,0,575,8,8,0,8
15,6,moe,693,42,5379,9532,4429,2068,136,0,0,1254,634,8,6,2,8
15,7,moe,498,45,2021,2760,1579,968,58,0,0,584,569,8,7,1,8
15,8,moe,695,40,2328,3996,2002,891,58,0,0,623,554,8,7,1,8
15,9,moe,687,47,2797,5171,2199,1131,68,0,0,601,628,8,7,1,8
15,10,moe,650,36,7,0,0,0,0,0,7,0,547,8,8,0,8
15,11,moe,485,32,6600,16049,5534,2736,178,0,0,1848,557,8,5,3,8
15,12,moe,649,33,4139,5808,3032,2196,139,0,0,1228,628,8,6,2,8
15,13,moe,699,39,2148,3188,1720,972,58,0,0,602,564,8,7,1,8
15,14,moe,656,32,2746,5362,2418,895,59,0,0,626,557,8,7,1,8
15,15,moe,488,34,6082,9434,4016,4273,284,0,0,2491,640,8,4,4,8
15,16,moe,654,33,3178,1557,2103,2755,178,0,0,1858,569,8,5,3,8
15,17,moe,717,34,8645,24659,6665,5343,553,0,0,3916,557,8,2,6,8
15,18,moe,660,34,8006,13176,5003,6338,419,0,0,3754,640,8,2,6,8
15,19,moe,492,33,6158,14673,5090,2737,172,0,0,1841,557,8,5,3,8
15,20,moe,673,35,6992,22383,5710,3604,241,0,0,2563,558,8,4,4,8
15,21,moe,693,35,3629,2034,2541,2176,130,0,0,1218,624,8,6,2,8
15,22,moe,697,39,4316,2275,2951,3741,234,0,0,2610,558,8,4,4,8
15,23,moe,485,37,2550,1138,1493,2166,134,0,0,1243,634,8,6,2,8
15,24,moe,697,35,4932,2586,2999,4348,286,0,0,2701,637,8,4,4,8
15,25,moe,696,38,1308,518,826,1043,66,0,0,627,634,8,7,1,8
15,26,moe,491,33,7939,22862,5957,4152,483,0,0,2653,641,8,4,4,8
15,-1,epi,0,0,0,0,0,0,0,0,3865,0,0,0,0,0,0
16,-2,pre,325,0,0,0,0,0,0,0,0,0,0,0,0,0,0
16,0,dense,1179,37,0,0,0,0,0,0,0,0,0,0,0,0,0
16,1,moe,690,59,10579,27372,8198,5182,334,0,0,3135,636,8,3,5,8
16,2,moe,665,35,7520,16971,5631,4159,268,0,0,2538,636,8,4,4,8
16,3,moe,484,33,6885,16652,4985,4134,272,0,0,2506,636,8,4,4,8
16,4,moe,656,36,7731,23237,6338,3652,241,0,0,2500,558,8,4,4,8
16,5,moe,700,36,9240,28359,7647,4433,300,0,0,3140,568,8,3,5,8
16,6,moe,654,35,6869,15324,5289,3244,215,1,0,1880,805,8,5,3,8
16,7,moe,550,44,4508,11328,3773,1825,116,0,0,1206,635,8,6,2,8
16,8,moe,708,39,5658,13465,4530,2256,119,0,0,1247,557,8,6,2,8
16,9,moe,706,38,6787,15446,5232,3196,202,0,0,1843,668,8,5,3,8
16,10,moe,668,36,9,0,0,0,0,0,9,0,552,8,8,0,8
16,11,moe,489,32,10323,24733,7377,8130,302,1,0,5487,571,8,3,5,8
16,12,moe,663,37,5889,11388,4296,3248,211,0,0,1866,638,8,5,3,8
16,13,moe,713,36,3835,7761,3395,979,57,0,0,596,551,8,7,1,8
16,14,moe,660,34,7310,13094,5065,5472,232,0,0,3459,568,8,4,4,8
16,15,moe,490,33,5738,8743,3684,4269,283,0,0,2498,640,8,4,4,8
16,16,moe,659,36,10265,23752,7324,7233,306,0,0,4598,576,8,3,5,8
16,17,moe,714,35,7278,20069,6317,2692,179,0,0,1910,565,8,5,3,8
16,18,moe,676,35,8143,22752,6116,4235,262,0,0,2470,656,8,4,4,8
16,19,moe,486,31,1868,2294,1441,966,57,0,0,596,555,8,7,1,8
16,20,moe,663,33,2410,2912,2081,895,57,0,0,623,559,8,7,1,8
16,21,moe,692,34,3018,5261,2397,1156,66,0,0,601,628,8,7,1,8
16,22,moe,705,34,1239,469,817,973,57,1,0,609,556,8,7,1,8
16,23,moe,496,44,1391,487,793,1136,65,0,0,603,654,8,7,1,8
16,24,moe,692,39,4148,1121,2449,3758,140,1,0,2200,626,8,6,2,8
16,25,moe,711,37,2485,1099,1524,2091,136,0,0,1266,633,8,6,2,8
16,26,moe,505,39,9,0,0,0,0,0,9,0,637,8,8,0,8
16,-1,epi,0,0,0,0,0,0,0,0,3884,0,0,0,0,0,0
17,-2,pre,47,0,0,0,0,0,0,0,0,0,0,0,0,0,0
17,0,dense,1187,36,0,0,0,0,0,0,0,0,0,0,0,0,0
17,1,moe,697,38,2768,4985,2284,1039,69,0,0,624,630,8,7,1,8
17,2,moe,667,34,3797,5529,2951,1872,68,0,0,1094,645,8,7,1,8
17,3,moe,486,33,3241,3101,2292,2055,135,0,0,1241,628,8,6,2,8
17,4,moe,672,34,5291,12402,4214,2758,178,0,0,1859,559,8,5,3,8
17,5,moe,701,34,8,0,0,0,0,0,8,0,546,8,8,0,8
17,6,moe,660,32,2974,4153,2318,1146,65,0,0,555,629,8,7,1,8
17,7,moe,492,33,2255,996,1514,1856,114,0,0,1229,551,8,6,2,8
17,8,moe,672,40,3945,9428,3300,1768,117,0,0,1240,553,8,6,2,8
17,9,moe,697,33,7,0,0,0,0,0,7,0,643,8,8,0,8
17,10,moe,652,33,4900,12682,4256,1774,118,0,0,1248,560,8,6,2,8
17,11,moe,484,34,6963,11451,5272,4833,176,0,0,3318,563,8,5,3,8
17,12,moe,659,38,6494,14510,4922,3244,200,0,0,1872,630,8,5,3,8
17,13,moe,690,35,3306,4045,2553,1853,111,0,0,1211,562,8,6,2,8
17,14,moe,663,38,8,0,0,0,0,0,8,0,560,8,8,0,8
17,15,moe,488,30,4698,10438,3608,2212,137,0,0,1259,624,8,6,2,8
17,16,moe,668,35,3839,8236,3074,1866,118,0,0,1219,569,8,6,2,8
17,17,moe,704,40,1129,460,805,889,60,0,0,625,563,8,7,1,8
17,18,moe,660,35,6269,10490,4406,3907,140,0,0,2184,631,8,6,2,8
17,19,moe,487,35,3483,6982,3042,983,59,0,0,601,552,8,7,1,8
17,20,moe,657,36,2798,5130,2469,894,58,0,0,623,555,8,7,1,8
17,21,moe,686,34,3879,5338,2788,2182,137,0,0,1228,629,8,6,2,8
17,22,moe,700,34,19,0,0,0,0,0,19,0,552,8,8,0,8
17,23,moe,495,31,1284,492,794,1040,68,0,0,618,633,8,7,1,8
17,24,moe,690,34,2473,1155,1515,2085,141,0,0,1268,629,8,6,2,8
17,25,moe,715,35,6137,1791,3586,5658,208,0,0,3315,641,8,5,3,8
17,26,moe,496,33,11,0,0,0,0,0,11,0,642,8,8,0,8
17,-1,epi,0,0,0,0,0,0,0,0,3905,0,0,0,0,0,0
18,-2,pre,2348,0,0,0,0,0,0,0,0,0,0,0,0,0,0
18,0,dense,1174,36,0,0,0,0,0,0,0,0,0,0,0,0,0
18,1,moe,696,39,8039,20464,6608,3109,201,0,0,1879,630,8,5,3,8
18,2,moe,671,35,4965,11725,4007,2061,137,0,0,1240,630,8,6,2,8
18,3,moe,493,34,11364,26491,7145,7289,345,0,0,3415,638,8,3,5,8
18,4,moe,656,33,7487,17473,5710,4877,178,0,0,3278,559,8,5,3,8
18,5,moe,706,40,3746,9439,3104,1779,116,0,0,1253,579,8,6,2,8
18,6,moe,660,35,5064,9557,3522,3188,198,0,0,1844,645,8,5,3,8
18,7,moe,499,38,5748,12913,4524,3296,118,0,0,2190,553,8,6,2,8
18,8,moe,678,36,3699,8947,3046,1788,130,0,0,1265,558,8,6,2,8
18,9,moe,702,36,5067,11616,3991,2168,130,0,0,1222,635,8,6,2,8
18,10,moe,687,37,6447,18660,5371,2747,175,0,0,1846,577,8,5,3,8
18,11,moe,484,32,7902,23895,6622,3550,228,0,0,2498,561,8,4,4,8
18,12,moe,704,34,4103,9680,3005,2180,145,0,0,1227,652,8,6,2,8
18,13,moe,702,34,2752,4878,2311,977,60,0,0,596,571,8,7,1,8
18,14,moe,689,35,7936,25506,6653,3551,228,0,0,2496,565,8,4,4,8
18,15,moe,507,33,12515,31350,9055,7401,484,0,0,4425,631,8,1,7,8
18,16,moe,671,34,8284,21827,5889,4948,238,0,0,2791,620,8,4,4,8
18,17,moe,740,34,11132,30667,9528,4451,294,0,0,3141,593,8,3,5,8
18,18,moe,665,35,10497,28236,8003,6425,342,0,0,4273,639,8,3,5,8
18,19,moe,502,38,8979,27108,7272,4575,292,0,0,3160,578,8,3,5,8
18,20,moe,686,40,8467,23433,6319,4322,216,0,0,2390,570,8,4,4,8
18,21,moe,689,34,9265,26585,7332,4054,262,0,0,2383,650,8,4,4,8
18,22,moe,686,32,7184,10188,5537,4394,287,0,0,3034,559,8,3,5,8
18,23,moe,487,37,4666,2535,2741,4094,270,0,0,2439,625,8,4,4,8
18,24,moe,696,38,7074,3786,4331,6187,400,0,0,3844,645,8,2,6,8
18,25,moe,702,40,11759,3720,6909,10879,402,0,0,6431,666,8,2,6,8
18,26,moe,487,33,18204,56964,14555,8007,533,0,0,4891,630,8,0,8,8
18,-1,epi,0,0,0,0,0,0,0,0,3832,0,0,0,0,0,0
19,-2,pre,855,0,0,0,0,0,0,0,0,0,0,0,0,0,0
19,0,dense,1178,37,0,0,0,0,0,0,0,0,0,0,0,0,0
19,1,moe,687,46,10632,29787,8353,4983,317,0,0,3021,631,8,3,5,8
19,2,moe,673,37,5094,9373,3466,3612,145,0,0,2129,640,8,6,2,8
19,3,moe,491,38,4883,11290,3955,2006,136,0,0,1214,789,8,6,2,8
19,4,moe,678,42,2960,5426,2545,926,57,0,0,568,608,8,7,1,8
19,5,moe,700,35,3855,9561,3206,1784,130,0,0,1265,562,8,6,2,8
19,6,moe,669,42,2313,469,1290,2029,65,0,0,1071,630,8,7,1,8
19,7,moe,501,33,2251,3720,1822,973,58,0,0,602,549,8,7,1,8
19,8,moe,667,36,6402,13254,4709,4117,176,0,0,2600,564,8,5,3,8
19,9,moe,700,41,3493,6336,2862,1162,65,0,0,596,626,8,7,1,8
19,10,moe,673,39,6977,10945,5173,4908,175,0,0,3279,560,8,5,3,8
19,11,moe,494,42,8262,17113,6072,6380,235,0,0,4425,565,8,4,4,8
19,12,moe,677,39,9005,20452,6426,5556,200,0,0,3177,635,8,5,3,8
19,13,moe,709,34,1898,463,1241,1628,56,0,0,1027,557,8,7,1,8
19,14,moe,672,32,3814,6150,3194,1704,115,0,0,1199,562,8,6,2,8
19,15,moe,494,32,4017,8792,2969,2106,134,0,0,1192,632,8,6,2,8
19,16,moe,657,33,4744,11488,3705,2752,183,1,0,1897,564,8,5,3,8
19,17,moe,696,34,5065,12916,4445,1705,112,0,0,1197,560,8,6,2,8
19,18,moe,657,34,4122,9851,3067,2127,139,0,0,1211,628,8,6,2,8
19,19,moe,481,32,7,0,0,0,0,0,7,0,565,8,8,0,8
19,20,moe,667,36,3895,8814,3461,948,57,0,0,571,554,8,7,1,8
19,21,moe,42358,36,8412,20708,5792,4225,198,0,0,1803,640,8,5,3,8
19,22,moe,701,35,3368,4740,2948,933,54,0,0,567,562,8,7,1,8
19,23,moe,480,32,1340,491,760,1092,65,0,0,577,634,8,7,1,8
19,24,moe,691,33,11,0,0,0,0,0,11,0,629,8,8,0,8
19,25,moe,684,30,3577,1872,2207,3060,204,1,0,1895,639,8,5,3,8
19,26,moe,495,40,1920,2481,1460,989,65,0,0,594,635,8,7,1,8
19,-1,epi,0,0,0,0,0,0,0,0,3889,0,0,0,0,0,0
20,-2,pre,1145,0,0,0,0,0,0,0,0,0,0,0,0,0,0
20,0,dense,1185,38,0,0,0,0,0,0,0,0,0,0,0,0,0
20,1,moe,699,37,3744,5277,2834,1979,126,0,0,1195,634,8,6,2,8
20,2,moe,674,34,8247,17398,5818,4028,195,0,0,1794,631,8,5,3,8
20,3,moe,491,33,5243,9992,3624,2680,128,0,0,1189,638,8,6,2,8
20,4,moe,667,33,2250,3326,1794,954,57,0,0,555,556,8,7,1,8
20,5,moe,706,34,7464,24120,6230,4358,227,0,0,3351,565,8,4,4,8
20,6,moe,666,36,3462,4200,2482,1939,66,0,0,1025,633,8,7,1,8
20,7,moe,486,32,3920,7692,3159,2707,112,0,0,2058,560,8,6,2,8
20,8,moe,666,34,3502,5453,2960,1540,54,0,0,1052,569,8,7,1,8
20,9,moe,692,33,8734,18712,6109,5567,199,0,0,3141,634,8,5,3,8
20,10,moe,676,35,2751,5043,2318,949,58,0,0,574,562,8,7,1,8
20,11,moe,477,32,8,0,0,0,0,0,8,0,551,8,8,0,8
20,12,moe,684,32,5015,8795,4012,1969,66,0,0,1032,621,8,7,1,8
20,13,moe,688,44,2509,4312,2087,940,60,0,0,578,551,8,7,1,8
20,14,moe,654,36,2778,5484,2467,852,56,0,0,597,557,8,7,1,8
20,15,moe,484,30,3422,4040,2358,2127,135,0,0,1198,622,8,6,2,8
20,16,moe,666,36,5370,14636,4629,1799,112,1,0,1171,562,8,6,2,8
20,17,moe,711,34,7636,17043,6022,4632,178,0,0,3196,559,8,5,3,8
20,18,moe,652,34,8392,13596,5813,5521,200,0,0,3142,639,8,5,3,8
20,19,moe,486,36,5674,13253,4638,2635,168,0,0,1767,555,8,5,3,8
20,20,moe,684,38,4686,12303,4060,1713,112,0,0,1199,552,8,6,2,8
20,21,moe,687,34,8555,18223,5948,4216,192,0,0,1801,628,8,5,3,8
20,22,moe,720,34,4982,10559,3966,2636,178,0,0,1798,555,8,5,3,8
20,23,moe,485,31,2501,1129,1462,2095,128,0,0,1184,620,8,6,2,8
20,24,moe,696,259,4694,2569,2874,4150,266,0,0,2596,628,8,4,4,8
20,25,moe,694,41,2379,1143,1462,1985,126,0,0,1194,644,8,6,2,8
20,26,moe,490,37,1909,2561,1445,992,66,0,0,594,628,8,7,1,8
20,-1,epi,0,0,0,0,0,0,0,0,3851,0,0,0,0,0,0
21,-2,pre,830,0,0,0,0,0,0,0,0,0,0,0,0,0,0
21,0,dense,1174,35,0,0,0,0,0,0,0,0,0,0,0,0,0
21,1,moe,695,36,12429,16708,8152,10314,398,0,0,6435,635,8,2,6,8
21,2,moe,678,36,8734,21592,6309,4041,198,0,0,1814,633,8,5,3,8
21,3,moe,496,35,10783,26038,6730,6899,325,0,0,3171,631,8,3,5,8
21,4,moe,667,33,4414,5541,3356,2667,164,0,0,1773,557,8,5,3,8
21,5,moe,703,37,4435,3621,3346,3087,108,0,0,2106,571,8,6,2,8
21,6,moe,659,33,9674,18343,6270,7361,270,0,0,4227,633,8,4,4,8
21,7,moe,486,34,5571,9676,4213,3504,231,0,0,2377,570,8,4,4,8
21,8,moe,682,35,5150,5846,4069,3080,110,0,0,2109,555,8,6,2,8
21,9,moe,701,35,3274,5236,2631,1152,66,0,0,575,630,8,7,1,8
21,10,moe,655,32,8190,9217,5900,6280,237,0,0,4227,563,8,4,4,8
21,11,moe,506,33,6791,17692,5870,3932,168,0,0,3179,555,8,5,3,8
21,12,moe,679,35,5639,12998,4100,3104,214,0,0,1779,649,8,5,3,8
21,13,moe,718,36,6020,9054,4264,4732,171,0,0,3147,565,8,5,3,8
21,14,moe,655,36,6850,17634,5627,3428,228,0,0,2433,569,8,4,4,8
21,15,moe,487,34,10373,21718,6918,6488,258,0,0,3291,627,8,4,4,8
21,16,moe,682,33,8023,23753,6686,3504,223,0,0,2390,564,8,4,4,8
21,17,moe,736,33,5290,12468,4363,2617,172,0,0,1862,553,8,5,3,8
21,18,moe,665,31,9271,16955,5877,6458,259,0,0,3323,639,8,4,4,8
21,19,moe,485,30,11024,28162,8201,7833,288,0,0,5298,576,8,3,5,8
21,20,moe,675,33,10003,31500,8480,4310,288,0,0,3075,567,8,3,5,8
21,21,moe,775,41,8032,23393,6047,4991,292,0,0,3298,817,8,4,4,8
21,22,moe,726,52,7334,20687,6016,4303,236,0,0,3221,565,8,4,4,8
21,23,moe,492,33,3198,2174,2133,2098,132,0,0,1165,633,8,6,2,8
21,24,moe,701,39,4633,2555,2812,4065,267,0,0,2511,631,8,4,4,8
21,25,moe,719,36,7831,2583,4543,7275,260,0,0,4247,656,8,4,4,8
21,26,moe,524,53,4306,5793,2888,3033,214,0,0,1829,647,8,5,3,8
21,-1,epi,0,0,0,0,0,0,0,0,4059,0,0,0,0,0,0
22,-2,pre,158,0,0,0,0,0,0,0,0,0,0,0,0,0,0
22,0,dense,1177,37,0,0,0,0,0,0,0,0,0,0,0,0,0
22,1,moe,712,41,4252,7385,2845,3039,206,0,0,1838,641,8,5,3,8
22,2,moe,669,40,2968,2587,2040,1997,126,0,0,1195,656,8,6,2,8
22,3,moe,535,31,8435,5079,5098,7409,263,0,0,4335,645,8,4,4,8
22,4,moe,695,36,7628,6984,5307,6306,230,0,0,4215,588,8,4,4,8
22,5,moe,738,36,5927,4678,4219,4804,165,0,0,3261,580,8,5,3,8
22,6,moe,689,52,8285,7713,4890,7082,270,0,0,3957,658,8,4,4,8
22,7,moe,490,70,9,0,0,0,0,0,9,0,555,8,8,0,8
22,8,moe,670,42,4938,9816,3552,3602,240,1,0,2457,576,8,4,4,8
22,9,moe,733,42,5944,10859,3906,4515,273,0,0,2750,636,8,4,4,8
22,10,moe,682,42,7993,10332,5735,6300,231,0,0,4273,601,8,4,4,8
22,11,moe,522,34,1790,472,1244,1540,56,0,0,1050,563,8,7,1,8
22,12,moe,699,38,6700,8533,4111,5442,205,0,0,3058,694,8,5,3,8
22,13,moe,747,33,3837,4667,2811,2633,169,0,0,1776,579,8,5,3,8
22,14,moe,677,34,2797,4392,2180,1710,115,0,0,1208,563,8,6,2,8
22,15,moe,523,40,2091,2535,1476,1119,65,0,0,569,623,8,7,1,8
22,16,moe,681,33,5657,2848,3878,4842,163,0,0,3226,590,8,5,3,8
22,17,moe,738,33,3957,7327,3043,2586,169,0,0,1841,567,8,5,3,8
22,18,moe,684,34,4737,3844,2982,3724,128,0,0,2097,638,8,6,2,8
22,19,moe,499,40,3926,7570,2871,2704,182,0,0,1831,579,8,5,3,8
22,20,moe,687,36,7,0,0,0,0,0,7,0,568,8,8,0,8
22,21,moe,734,39,4786,3438,3020,3743,127,0,0,2104,652,8,6,2,8
22,22,moe,720,34,4359,4548,3134,3192,114,0,0,2081,588,8,6,2,8
22,23,moe,531,35,7,0,0,0,0,0,7,0,658,8,8,0,8
22,24,moe,743,32,3685,1863,2174,3170,199,0,0,1858,652,8,5,3,8
22,25,moe,711,33,9,0,0,0,0,0,9,0,658,8,8,0,8
22,26,moe,537,37,8,0,0,0,0,0,8,0,662,8,8,0,8
22,-1,epi,0,0,0,0,0,0,0,0,4220,0,0,0,0,0,0
23,-2,pre,214,0,0,0,0,0,0,0,0,0,0,0,0,0,0
23,0,dense,1173,33,0,0,0,0,0,0,0,0,0,0,0,0,0
23,1,moe,713,38,11597,13300,7221,9666,335,1,0,5626,723,8,3,5,8
23,2,moe,707,42,4892,4917,3160,3821,134,0,0,2223,676,8,6,2,8
23,3,moe,640,38,6969,8551,4439,5664,216,0,0,3350,670,8,5,3,8
23,4,moe,678,35,1979,453,1283,1695,60,0,0,1059,568,8,7,1,8
23,5,moe,726,35,6168,7477,4540,4883,319,0,0,3574,575,8,3,5,8
23,6,moe,700,50,2040,2253,1421,1147,68,0,0,596,635,8,7,1,8
23,7,moe,686,39,3884,6720,2822,2735,180,0,0,1853,583,8,5,3,8
23,8,moe,702,36,7787,7399,5551,6433,229,0,0,4426,576,8,4,4,8
23,9,moe,739,34,3318,4867,2205,2219,134,0,0,1240,639,8,6,2,8
23,10,moe,683,35,7650,6966,5299,6296,236,0,0,4181,575,8,4,4,8
23,11,moe,694,37,7042,7085,4806,5857,237,0,0,3858,579,8,4,4,8
23,12,moe,683,34,4703,7623,3095,3333,216,0,0,1941,660,8,5,3,8
23,13,moe,720,44,6258,6983,4463,4974,183,0,0,3362,576,8,5,3,8
23,14,moe,680,36,6006,4870,4321,4890,178,1,0,3384,600,8,5,3,8
23,15,moe,665,34,8915,7936,5409,7620,276,0,0,4390,676,8,4,4,8
23,16,moe,704,37,11033,7113,7455,9616,351,0,0,6389,574,8,2,6,8
23,17,moe,732,40,2407,2121,1765,1782,120,0,0,1260,572,8,6,2,8
23,18,moe,703,36,5356,6190,3258,4350,268,0,0,2520,686,8,4,4,8
23,19,moe,637,38,3103,4740,2333,1868,125,0,0,1223,581,8,6,2,8
23,20,moe,719,34,1708,2183,1380,884,60,1,0,617,555,8,7,1,8
23,21,moe,727,266,6744,12888,4687,4267,274,0,0,2484,653,8,4,4,8
23,22,moe,699,40,4781,9579,3707,2931,199,0,0,2056,607,8,5,3,8
23,23,moe,648,44,4866,6187,3240,3398,207,0,0,1979,700,8,5,3,8
23,24,moe,737,48,10328,3162,6019,9518,330,0,0,5539,667,8,3,5,8
23,25,moe,737,38,6305,3136,3893,5486,344,0,0,3418,637,8,3,5,8
23,26,moe,640,51,5324,7673,3450,4080,279,0,0,2485,637,8,4,4,8
23,-1,epi,0,0,0,0,0,0,0,0,4098,0,0,0,0,0,0
24,-2,pre,147,0,0,0,0,0,0,0,0,0,0,0,0,0,0
24,0,dense,1172,34,0,0,0,0,0,0,0,0,0,0,0,0,0
24,1,moe,710,49,10788,10746,6581,9317,358,0,0,5468,654,8,3,5,8
24,2,moe,701,36,11023,13114,6846,9341,352,0,0,5516,678,8,3,5,8
24,3,moe,644,35,3022,2628,2054,2081,131,0,0,1244,636,8,6,2,8
24,4,moe,674,35,5262,9314,3848,3641,241,0,0,2468,592,8,4,4,8
24,5,moe,711,43,5532,3137,3843,4683,298,0,0,3292,617,8,3,5,8
24,6,moe,717,34,11730,4074,7365,10685,419,0,0,6739,681,8,2,6,8
24,7,moe,664,35,7597,2519,5141,6765,238,0,0,4547,574,8,4,4,8
24,8,moe,693,41,7679,4139,5339,6704,425,0,0,4789,593,8,1,7,8
24,9,moe,721,39,9209,7977,5723,7588,467,1,0,4570,641,8,1,7,8
24,10,moe,669,49,3562,2539,2530,2641,168,0,0,1777,595,8,5,3,8
24,11,moe,679,33,10783,6929,7565,9272,335,0,0,6389,583,8,2,6,8
24,12,moe,686,50,12465,16473,8096,10398,408,0,0,6437,648,8,2,6,8
24,13,moe,733,37,10503,3673,7022,9606,360,0,0,6485,639,8,2,6,8
24,14,moe,680,37,10396,9918,7147,8955,368,0,0,6074,701,8,2,6,8
24,15,moe,810,50,14816,10458,8805,13058,492,1,0,7540,667,8,1,7,8
24,16,moe,725,43,8731,7732,6039,7152,467,0,0,4927,574,8,0,8,8
24,17,moe,757,35,7258,2771,5007,6385,226,0,0,4360,591,8,4,4,8
24,18,moe,680,36,6542,10445,4107,5193,343,0,0,3101,662,8,3,5,8
24,19,moe,624,49,4878,8659,3478,3548,248,0,0,2396,570,8,4,4,8
24,20,moe,673,38,11826,14522,8440,9817,363,0,0,6794,583,8,2,6,8
24,21,moe,734,42,7243,9862,4756,5573,368,0,0,3454,653,8,3,5,8
24,22,moe,703,48,9604,9097,6653,8102,284,0,0,5435,576,8,3,5,8
24,23,moe,638,41,7057,8243,4548,5695,346,0,0,3532,650,8,3,5,8
24,24,moe,733,34,5072,2938,3154,4085,273,0,0,2440,649,8,4,4,8
24,25,moe,718,41,2491,1114,1523,2093,139,0,0,1264,654,8,6,2,8
24,26,moe,594,37,15095,16516,9199,12827,498,0,0,7429,645,8,1,7,8
24,-1,epi,0,0,0,0,0,0,0,0,3965,0,0,0,0,0,0
25,-2,pre,152,0,0,0,0,0,0,0,0,0,0,0,0,0,0
25,0,dense,1202,33,0,0,0,0,0,0,0,0,0,0,0,0,0
25,1,moe,692,32,9,0,0,0,0,0,9,0,696,8,8,0,8
25,2,moe,702,33,2151,482,1298,1903,65,0,0,1115,633,8,7,1,8
25,3,moe,632,42,4440,7551,3010,3078,213,0,0,1861,678,8,5,3,8
25,4,moe,716,37,2584,2174,1865,1711,56,0,0,1048,633,8,7,1,8
25,5,moe,761,36,8,0,0,0,0,0,8,0,600,8,8,0,8
25,6,moe,686,34,2920,2346,1910,2012,68,0,0,1070,654,8,7,1,8
25,7,moe,643,35,2382,1973,1701,1693,58,0,0,1070,555,8,7,1,8
25,8,moe,660,36,4042,2315,2903,3212,118,1,0,2192,571,8,6,2,8
25,9,moe,716,35,2299,483,1290,2005,67,0,0,1063,639,8,7,1,8
25,10,moe,695,39,6548,7781,4678,5048,180,0,0,3358,570,8,5,3,8
25,11,moe,628,37,8,0,0,0,0,1,7,0,570,8,8,0,8
25,12,moe,685,43,7,0,0,0,0,0,7,0,681,8,8,0,8
25,13,moe,746,41,2473,2247,1902,1610,60,0,0,1099,561,8,7,1,8
25,14,moe,707,43,2658,2291,2009,1772,118,0,0,1241,575,8,6,2,8
25,15,moe,617,36,6501,2449,3816,5757,203,0,0,3275,656,8,5,3,8
25,16,moe,713,40,2662,2228,1904,1852,118,0,0,1212,607,8,6,2,8
25,17,moe,786,38,6122,7323,4439,4873,182,0,0,3372,567,8,5,3,8
25,18,moe,702,35,5160,5014,3291,3942,142,0,0,2215,643,8,6,2,8
25,19,moe,639,39,6696,7199,4836,5047,179,0,0,3366,572,8,5,3,8
25,20,moe,689,37,1747,2180,1421,891,59,0,0,624,559,8,7,1,8
25,21,moe,735,35,4469,8133,2922,3200,222,1,0,1876,690,8,5,3,8
25,22,moe,752,38,2502,2050,1840,1666,59,1,0,1064,600,8,7,1,8
25,23,moe,675,32,2154,2458,1541,1148,69,0,0,604,626,8,7,1,8
25,24,moe,698,37,2863,1743,1882,2094,136,0,0,1249,676,8,6,2,8
25,25,moe,771,36,1296,492,808,1038,70,0,0,620,656,8,7,1,8
25,26,moe,631,36,1299,508,812,1038,72,0,0,623,641,8,7,1,8
25,-1,epi,0,0,0,0,0,0,0,0,4081,0,0,0,0,0,0
26,-2,pre,142,0,0,0,0,0,0,0,0,0,0,0,0,0,0
26,0,dense,1173,35,0,0,0,0,0,0,0,0,0,0,0,0,0
26,1,moe,746,36,6423,1864,3787,5893,215,0,0,3472,682,8,5,3,8
26,2,moe,691,52,7078,7429,4495,5823,205,0,0,3445,649,8,5,3,8
26,3,moe,663,41,4352,1115,2581,3952,138,0,0,2319,681,8,6,2,8
26,4,moe,712,35,2502,2124,1798,1699,58,0,0,1053,574,8,7,1,8
26,5,moe,757,55,9,0,0,0,0,0,9,0,578,8,8,0,8
26,6,moe,720,42,2068,2534,1445,1153,68,0,0,598,654,8,7,1,8
26,7,moe,646,36,8,0,0,0,0,0,8,0,595,8,8,0,8
26,8,moe,741,39,2561,2222,1864,1700,57,0,0,1060,586,8,7,1,8
26,9,moe,712,35,8,0,0,0,0,0,8,0,679,8,8,0,8
26,10,moe,705,34,4624,5413,3467,3241,114,0,0,2198,571,8,6,2,8
26,11,moe,620,34,4008,2226,2875,3215,116,0,0,2198,582,8,6,2,8
26,12,moe,692,35,3006,2536,1974,2030,66,0,0,1064,644,8,7,1,8
26,13,moe,730,38,2998,4705,2235,1869,117,0,0,1223,555,8,6,2,8
26,14,moe,668,36,6212,4930,4442,5019,176,0,0,3425,561,8,5,3,8
26,15,moe,648,33,6951,4766,4211,5851,201,0,0,3312,648,8,5,3,8
26,16,moe,694,49,5553,1627,3658,4987,182,0,0,3274,566,8,5,3,8
26,17,moe,714,40,2308,2151,1725,1627,63,0,0,1107,578,8,7,1,8
26,18,moe,707,38,6833,3097,4040,5973,203,0,0,3383,678,8,5,3,8
26,19,moe,691,37,7935,7955,5509,6626,236,0,0,4436,581,8,4,4,8
26,20,moe,701,40,4223,5531,3047,2932,116,0,0,1872,570,8,6,2,8
26,21,moe,777,47,5089,5007,3189,3973,142,0,0,2215,649,8,6,2,8
26,22,moe,739,45,3408,2146,2336,2732,179,0,0,1839,574,8,5,3,8
26,23,moe,607,39,7,0,0,0,0,0,7,0,650,8,8,0,8
26,24,moe,725,40,10630,4301,6255,9699,340,0,0,5664,649,8,3,5,8
26,25,moe,715,42,1346,493,841,1082,83,0,0,660,639,8,7,1,8
26,26,moe,625,46,6781,4975,4140,5785,219,0,0,3363,642,8,5,3,8
26,-1,epi,0,0,0,0,0,0,0,0,4154,0,0,0,0,0,0
27,-2,pre,148,0,0,0,0,0,0,0,0,0,0,0,0,0,0
27,0,dense,1184,56,0,0,0,0,0,0,0,0,0,0,0,0,0
27,1,moe,731,43,11260,10051,6937,9723,353,0,0,5753,649,8,3,5,8
27,2,moe,688,41,8783,8042,5349,7568,279,0,0,4413,649,8,4,4,8
27,3,moe,665,59,13692,13398,9505,11781,511,0,0,8105,659,8,1,7,8
27,4,moe,731,39,7675,4515,5253,6707,236,0,0,4521,578,8,4,4,8
27,5,moe,727,62,5159,7055,3807,3886,241,0,0,2775,581,8,4,4,8
27,6,moe,671,41,3412,4965,2307,2187,139,0,0,1221,658,8,6,2,8
27,7,moe,618,51,4479,4606,3201,3344,115,0,0,2181,599,8,6,2,8
27,8,moe,722,50,1688,2155,1359,898,59,0,0,628,565,8,7,1,8
27,9,moe,749,47,4788,7745,3157,3298,220,0,0,1887,652,8,5,3,8
27,10,moe,738,41,7838,7183,5486,6504,234,0,0,4386,569,8,4,4,8
27,11,moe,625,50,7644,7199,5400,6419,242,0,0,4417,591,8,4,4,8
27,12,moe,717,44,5125,2789,3216,3987,133,0,0,2211,651,8,6,2,8
27,13,moe,739,48,4800,7271,3409,3636,239,0,0,2484,571,8,4,4,8
27,14,moe,673,41,9604,10030,6711,8242,316,0,0,5665,663,8,3,5,8
27,15,moe,721,46,14568,11206,10081,12789,579,0,0,8881,693,8,0,8,8
27,16,moe,739,46,9769,7096,6743,8384,286,0,0,5644,587,8,3,5,8
27,17,moe,731,46,5598,2312,3862,4935,180,0,0,3379,577,8,5,3,8
27,18,moe,715,42,9469,10265,5834,7715,486,0,0,4566,655,8,1,7,8
27,19,moe,649,45,10032,9779,6996,8370,297,0,0,5631,568,8,3,5,8
27,20,moe,687,47,5619,9700,4250,3922,249,0,0,2802,578,8,4,4,8
27,21,moe,721,58,6066,10961,3936,4454,303,0,0,2627,647,8,4,4,8
27,22,moe,7320,42,4738,4635,3281,3735,249,0,0,2527,574,8,4,4,8
27,23,moe,877,39,4698,2751,2884,3856,139,0,0,2181,638,8,6,2,8
27,24,moe,718,51,12543,4440,7406,11402,417,0,0,6682,674,8,2,6,8
27,25,moe,781,40,10679,3185,6367,9720,339,0,0,5747,665,8,3,5,8
27,26,moe,650,51,11902,5393,7585,10788,424,0,0,6895,673,8,2,6,8
27,-1,epi,0,0,0,0,0,0,0,0,4239,0,0,0,0,0,0
28,-2,pre,146,0,0,0,0,0,0,0,0,0,0,0,0,0,0
28,0,dense,1188,42,0,0,0,0,0,0,0,0,0,0,0,0,0
28,1,moe,714,41,8893,13586,5918,7034,444,0,0,4503,647,8,2,6,8
28,2,moe,676,41,11213,10475,6812,9729,357,0,0,5685,666,8,3,5,8
28,3,moe,680,39,15147,11045,9246,13363,527,0,0,7989,656,8,1,7,8
28,4,moe,692,60,4538,4632,3244,3373,117,0,0,2196,567,8,6,2,8
28,5,moe,708,43,5502,9371,4213,4117,247,0,0,3075,607,8,4,4,8
28,6,moe,713,40,4379,4820,2838,3187,215,0,0,1861,645,8,5,3,8
28,7,moe,631,40,4804,6926,3381,3663,243,0,0,2483,573,8,4,4,8
28,8,moe,676,41,5884,4521,4105,4971,179,0,0,3371,597,8,5,3,8
28,9,moe,711,41,11123,12792,6794,9480,345,0,0,5496,664,8,3,5,8
28,10,moe,695,60,6315,11974,4594,4525,314,0,0,3118,609,8,3,5,8
28,11,moe,639,42,3287,2188,2318,2664,180,0,0,1875,584,8,5,3,8
28,12,moe,701,41,2930,2470,1920,2007,69,0,0,1066,645,8,7,1,8
28,13,moe,744,40,8260,7166,5796,6777,230,0,0,4543,578,8,4,4,8
28,14,moe,689,44,7399,4646,5152,6430,255,0,0,4438,592,8,4,4,8
28,15,moe,625,45,4219,7224,2695,3180,212,0,0,1868,704,8,5,3,8
28,16,moe,733,39,9207,9950,7155,5445,354,0,0,3747,589,8,2,6,8
28,17,moe,719,44,4890,9884,3601,3566,248,0,0,2525,579,8,4,4,8
28,18,moe,689,43,6782,3021,4117,5716,200,0,0,3251,648,8,5,3,8
28,19,moe,613,39,7172,9898,4743,5844,247,0,0,3662,577,8,4,4,8
28,20,moe,722,43,6457,7488,4739,4926,177,0,0,3385,569,8,5,3,8
28,21,moe,726,41,4433,5512,2852,3235,216,0,0,1870,668,8,5,3,8
28,22,moe,711,49,7631,7478,5271,6330,238,0,0,4208,582,8,4,4,8
28,23,moe,682,41,3570,5310,2474,2187,141,0,0,1232,653,8,6,2,8
28,24,moe,723,46,4404,7767,2966,3188,215,0,0,1965,640,8,5,3,8
28,25,moe,715,44,4352,4298,2862,3164,216,0,0,1890,645,8,5,3,8
28,26,moe,630,40,4392,8006,2961,3144,218,0,0,1931,642,8,5,3,8
28,-1,epi,0,0,0,0,0,0,0,0,4208,0,0,0,0,0,0
29,-2,pre,148,0,0,0,0,0,0,0,0,0,0,0,0,0,0
29,0,dense,1178,48,0,0,0,0,0,0,0,0,0,0,0,0,0
29,1,moe,711,60,5227,4948,3257,4249,270,0,0,2549,650,8,4,4,8
29,2,moe,682,49,6512,7596,4107,5295,360,0,0,3250,665,8,3,5,8
29,3,moe,663,49,5545,10707,3648,4180,285,0,0,2568,697,8,4,4,8
29,4,moe,690,47,6110,7119,4296,4908,181,0,0,3275,589,8,5,3,8
29,5,moe,711,46,3918,7313,2936,2721,184,0,0,1923,577,8,5,3,8
29,6,moe,678,45,8317,16482,5335,6314,430,0,0,3762,680,8,2,6,8
29,7,moe,682,41,4332,7133,3254,3123,176,0,0,2221,583,8,5,3,8
29,8,moe,684,41,6458,11670,4864,4479,303,0,0,3188,613,8,3,5,8
29,9,moe,733,45,3226,2605,2099,2215,131,0,0,1219,645,8,6,2,8
29,10,moe,698,43,3975,4944,2896,2751,181,0,0,1853,578,8,5,3,8
29,11,moe,605,45,3867,5008,2884,2705,172,0,0,1894,567,8,5,3,8
29,12,moe,695,63,1957,2338,1342,1147,67,0,0,599,642,8,7,1,8
29,13,moe,727,43,3946,4622,2841,2805,179,0,0,1879,581,8,5,3,8
29,14,moe,733,38,3306,1617,2337,2832,184,0,0,2047,600,8,5,3,8
29,15,moe,668,48,2969,2401,1884,2175,132,0,0,1222,668,8,6,2,8
29,16,moe,725,39,6772,5176,4977,4889,181,0,0,3275,577,8,5,3,8
29,17,moe,722,48,7598,4825,5309,6481,238,0,0,4430,571,8,4,4,8
29,18,moe,719,47,5530,5375,3426,4361,277,0,0,2534,642,8,4,4,8
29,19,moe,646,39,6005,6890,4201,4726,197,0,0,3119,602,8,5,3,8
29,20,moe,713,37,3912,7137,2944,2703,177,1,0,1913,567,8,5,3,8
29,21,moe,722,38,5673,7606,3556,4425,277,1,0,2586,653,8,4,4,8
29,22,moe,700,37,3028,4840,2275,1859,121,0,0,1227,576,8,6,2,8
29,23,moe,624,46,6910,10348,4402,5343,365,0,0,3200,657,8,3,5,8
29,24,moe,730,35,5500,7847,3550,4250,276,0,0,2576,640,8,4,4,8
29,25,moe,716,35,5386,7922,3436,4189,292,0,0,2531,660,8,4,4,8
29,26,moe,703,37,6821,7596,4337,5527,360,0,0,3403,646,8,3,5,8
29,-1,epi,0,0,0,0,0,0,0,0,3947,0,0,0,0,0,0
30,-2,pre,151,0,0,0,0,0,0,0,0,0,0,0,0,0,0
30,0,dense,1225,36,0,0,0,0,0,0,0,0,0,0,0,0,0
30,1,moe,757,52,8185,12067,5237,6554,481,0,0,4087,816,8,2,6,8
30,2,moe,728,43,4452,7879,3029,3135,223,0,0,1935,680,8,5,3,8
30,3,moe,662,40,8023,10559,5111,6350,425,0,0,3863,689,8,2,6,8
30,4,moe,701,38,7548,4942,5167,6450,263,0,0,4332,570,8,4,4,8
30,5,moe,724,39,3590,1021,2457,3211,117,0,0,2195,581,8,6,2,8
30,6,moe,676,38,2925,2374,1875,2046,71,0,0,1067,651,8,7,1,8
30,7,moe,620,49,6128,4687,4340,4874,178,0,0,3264,568,8,5,3,8
30,8,moe,695,60,2581,2180,1926,1787,116,0,0,1248,571,8,6,2,8
30,9,moe,727,52,6269,1887,3623,5722,210,0,0,3286,662,8,5,3,8
30,10,moe,712,46,6709,3660,4616,5806,342,0,0,4055,569,8,2,6,8
30,11,moe,644,39,6102,4660,4350,4951,183,0,0,3382,577,8,5,3,8
30,12,moe,687,36,7319,10206,4706,5743,348,0,0,3478,683,8,3,5,8
30,13,moe,740,35,4513,2630,3046,3759,231,0,0,2523,574,8,4,4,8
30,14,moe,679,37,8838,3145,6040,7987,298,0,0,5487,592,8,3,5,8
30,15,moe,634,36,8727,3057,5089,7852,288,0,0,4502,639,8,4,4,8
30,16,moe,689,41,7815,7136,5465,6576,243,0,0,4469,576,8,4,4,8
30,17,moe,729,37,5797,4852,4125,4622,299,0,0,3249,587,8,3,5,8
30,18,moe,684,36,12873,6950,8452,11648,469,0,0,7696,663,8,1,7,8
30,19,moe,658,34,11744,14208,8269,9635,364,0,0,6524,574,8,2,6,8
30,20,moe,684,38,8821,17165,6600,6217,418,0,0,4414,608,8,1,7,8
30,21,moe,756,35,10286,13756,5985,8531,358,0,0,4588,656,8,3,5,8
30,22,moe,743,40,11370,12179,7887,9385,371,1,0,6274,632,8,2,6,8
30,23,moe,646,36,7184,7960,4572,5672,352,0,0,3412,648,8,3,5,8
30,24,moe,710,37,9123,7861,5654,7645,482,1,0,4659,650,8,1,7,8
30,25,moe,711,39,6701,5527,4227,5491,334,0,0,3351,669,8,3,5,8
30,26,moe,631,38,9611,13954,6159,7585,494,1,0,4628,726,8,1,7,8
30,-1,epi,0,0,0,0,0,0,0,0,4256,0,0,0,0,0,0
31,-2,pre,210,0,0,0,0,0,0,0,0,0,0,0,0,0,0
31,0,dense,1181,36,0,0,0,0,0,0,0,0,0,0,0,0,0
31,1,moe,698,36,10118,16389,6827,8044,479,1,0,5233,687,8,1,7,8
31,2,moe,691,39,11861,16608,6830,9745,435,0,0,5149,636,8,2,6,8
31,3,moe,607,37,9661,14070,6370,7637,473,1,0,4820,631,8,1,7,8
31,4,moe,665,36,8057,7448,5710,6545,243,0,0,4441,586,8,4,4,8
31,5,moe,733,37,3395,2381,2427,2684,172,0,0,1888,565,8,5,3,8
31,6,moe,703,44,5628,7513,3568,4329,269,0,0,2538,631,8,4,4,8
31,7,moe,650,35,5285,7452,3862,3805,237,0,0,2619,589,8,4,4,8
31,8,moe,751,35,5190,9408,3914,3887,241,0,0,2852,558,8,4,4,8
31,9,moe,742,44,6616,4796,4014,5493,345,0,0,3236,670,8,3,5,8
31,10,moe,700,35,9720,6935,6794,8190,300,0,0,5564,572,8,3,5,8
31,11,moe,623,37,13079,7989,9158,11383,429,0,0,7891,603,8,1,7,8
31,12,moe,699,52,4699,8085,3081,3482,223,0,0,2087,665,8,5,3,8
31,13,moe,765,37,6545,9692,4744,4750,292,0,0,3241,572,8,3,5,8
31,14,moe,711,50,4652,4798,3303,3709,240,0,0,2600,568,8,4,4,8
31,15,moe,666,38,8471,13572,5366,6612,422,0,0,3929,697,8,2,6,8
31,16,moe,727,39,8711,4916,6017,7373,459,0,0,5138,582,8,0,8,8
31,17,moe,753,36,12923,12177,8875,11150,426,0,0,7528,578,8,1,7,8
31,18,moe,703,38,14583,8352,8419,13036,533,0,0,7405,648,8,1,7,8
31,19,moe,648,37,6878,5877,4762,5614,357,0,0,3855,570,8,2,6,8
31,20,moe,701,41,9428,8602,6630,8149,301,0,0,5652,596,8,3,5,8
31,21,moe,751,39,7860,10616,4374,6429,281,0,0,3224,695,8,4,4,8
31,22,moe,780,39,6525,12206,4753,4677,304,0,0,3209,593,8,3,5,8
31,23,moe,667,43,8442,12022,5351,6962,414,0,0,4285,643,8,2,6,8
31,24,moe,721,37,16535,6738,9654,15218,577,0,0,8914,648,8,0,8,8
31,25,moe,738,51,13436,10554,9051,11701,496,0,0,7812,674,8,1,7,8
31,26,moe,691,37,13016,7403,8696,11507,520,1,0,7708,651,8,1,7,8
31,-1,epi,0,0,0,0,0,0,0,0,4222,0,0,0,0,0,0
32,-2,pre,138,0,0,0,0,0,0,0,0,0,0,0,0,0,0
32,0,dense,1198,34,0,0,0,0,0,0,0,0,0,0,0,0,0
32,1,moe,755,44,10812,8441,6571,9448,360,0,0,5567,830,8,3,5,8
32,2,moe,708,45,6935,4955,4332,5729,223,0,0,3349,652,8,5,3,8
32,3,moe,644,39,12844,8056,7692,11351,411,0,0,6610,643,8,2,6,8
32,4,moe,676,46,8345,6316,5875,6751,239,0,0,4520,579,8,4,4,8
32,5,moe,719,55,5619,2220,3846,4984,181,0,0,3392,644,8,5,3,8
32,6,moe,680,38,4803,2801,2920,3964,133,0,0,2214,642,8,6,2,8
32,7,moe,637,51,4110,7232,3028,2782,178,0,0,1878,600,8,5,3,8
32,8,moe,702,37,6065,4982,4377,4820,177,0,0,3309,595,8,5,3,8
32,9,moe,743,45,4148,2858,2604,3198,198,0,0,1852,665,8,5,3,8
32,10,moe,681,38,7921,4972,5559,6743,243,0,0,4624,564,8,4,4,8
32,11,moe,635,47,9540,5052,6594,8358,294,0,0,5706,576,8,3,5,8
32,12,moe,704,43,8627,4948,5071,7658,285,0,0,4387,661,8,4,4,8
32,13,moe,774,42,7169,16022,5352,4209,173,0,0,2565,563,8,5,3,8
32,14,moe,684,39,3817,5131,2839,2683,172,0,0,1877,584,8,5,3,8
32,15,moe,627,41,8492,3314,4984,7650,272,0,0,4414,651,8,4,4,8
32,16,moe,697,42,9220,4858,6201,8153,298,0,0,5432,595,8,3,5,8
32,17,moe,740,51,9196,6013,6401,8186,306,0,0,5697,572,8,3,5,8
32,18,moe,718,41,7523,5960,4492,6315,422,1,0,3707,672,8,2,6,8
32,19,moe,638,47,12171,14544,8862,9808,350,0,0,6849,561,8,2,6,8
32,20,moe,698,42,3842,7114,2926,2589,172,0,0,1845,577,8,5,3,8
32,21,moe,709,41,9721,12385,5404,8241,398,0,0,4322,680,8,3,5,8
32,22,moe,731,48,11736,14474,8400,9524,356,0,0,6544,579,8,2,6,8
32,23,moe,12349,40,8747,11167,5255,7376,268,0,0,4152,642,8,4,4,8
32,24,moe,717,42,6967,3882,4244,6056,399,0,0,3732,681,8,2,6,8
32,25,moe,765,50,10719,5180,6509,9354,339,0,0,5483,659,8,3,5,8
32,26,moe,654,42,5528,7047,3627,4243,272,0,0,2614,649,8,4,4,8
32,-1,epi,0,0,0,0,0,0,0,0,4084,0,0,0,0,0,0
33,-2,pre,194,0,0,0,0,0,0,0,0,0,0,0,0,0,0
33,0,dense,1186,46,0,0,0,0,0,0,0,0,0,0,0,0,0
33,1,moe,760,48,10839,8068,6650,9369,339,0,0,5519,685,8,3,5,8
33,2,moe,741,44,5226,9815,3805,3791,207,0,0,2577,659,8,5,3,8
33,3,moe,653,39,3192,4849,2227,2076,137,0,0,1248,657,8,6,2,8
33,4,moe,680,48,3100,4782,2331,1851,118,0,0,1200,574,8,6,2,8
33,5,moe,715,56,3980,2146,2850,3208,117,0,0,2195,616,8,6,2,8
33,6,moe,719,39,7020,8570,4341,5737,211,0,0,3269,669,8,5,3,8
33,7,moe,664,39,1247,460,814,965,58,0,0,590,569,8,7,1,8
33,8,moe,683,41,5528,5450,3839,4390,184,0,0,2885,615,8,5,3,8
33,9,moe,727,39,4956,2471,3058,3942,131,0,0,2175,683,8,6,2,8
33,10,moe,681,44,7966,7348,5524,6693,239,0,0,4490,626,8,4,4,8
33,11,moe,636,42,3408,2311,2446,2665,170,0,0,1873,596,8,5,3,8
33,12,moe,688,59,5593,7914,3538,4262,275,0,0,2482,646,8,4,4,8
33,13,moe,729,40,2260,1030,1511,1844,117,0,0,1212,564,8,6,2,8
33,14,moe,690,50,7506,4488,5151,6581,251,0,0,4477,576,8,4,4,8
33,15,moe,627,44,8602,2600,4945,7958,288,0,0,4589,652,8,4,4,8
33,16,moe,691,45,5894,2538,3998,5057,173,0,0,3334,565,8,5,3,8
33,17,moe,733,42,7405,2533,5072,6653,226,0,0,4546,575,8,4,4,8
33,18,moe,678,45,3913,2335,2320,3247,204,0,0,1858,678,8,5,3,8
33,19,moe,630,59,5668,2183,3843,4995,176,0,0,3346,603,8,5,3,8
33,20,moe,724,46,12025,12391,8631,10040,411,0,0,7057,586,8,1,7,8
33,21,moe,714,56,6730,13182,4211,5185,345,0,0,3011,651,8,3,5,8
33,22,moe,758,40,6058,4776,4245,4815,177,1,0,3180,583,8,5,3,8
33,23,moe,631,42,5119,5015,3219,3962,142,0,0,2204,659,8,6,2,8
33,24,moe,735,43,2134,508,1283,1874,69,0,0,1092,645,8,7,1,8
33,25,moe,720,42,4739,3726,3124,3597,131,0,0,2113,639,8,6,2,8
33,26,moe,613,40,8,0,0,0,0,0,8,0,626,8,8,0,8
33,-1,epi,0,0,0,0,0,0,0,0,4099,0,0,0,0,0,0
34,-2,pre,169,0,0,0,0,0,0,0,0,0,0,0,0,0,0
34,0,dense,1178,41,0,0,0,0,0,0,0,0,0,0,0,0,0
34,1,moe,726,52,10504,4223,6114,9671,335,0,0,5616,661,8,3,5,8
34,2,moe,681,45,8549,2907,5018,7792,288,0,0,4549,641,8,4,4,8
34,3,moe,647,37,8477,3154,4986,7753,272,0,0,4534,643,8,4,4,8
34,4,moe,692,43,3393,2214,2324,2736,176,0,0,1843,579,8,5,3,8
34,5,moe,735,47,2935,4915,2294,1779,118,0,0,1256,573,8,6,2,8
34,6,moe,699,41,6467,2349,3832,5721,206,0,0,3292,669,8,5,3,8
34,7,moe,642,46,3464,2351,2410,2723,173,0,0,1842,591,8,5,3,8
34,8,moe,678,52,1151,458,821,894,58,0,0,622,573,8,7,1,8
34,9,moe,719,41,8,0,0,0,0,0,8,0,683,8,8,0,8
34,10,moe,700,41,2141,1052,1498,1772,115,0,0,1244,588,8,6,2,8
34,11,moe,687,38,7651,3561,5306,6653,236,0,0,4544,600,8,4,4,8
34,12,moe,705,45,10569,3263,6227,9621,360,1,0,5640,806,8,3,5,8
34,13,moe,758,51,1971,448,1282,1676,63,1,0,1051,682,8,7,1,8
34,14,moe,720,42,4723,4825,3416,3727,239,0,0,2659,599,8,4,4,8
34,15,moe,827,40,6579,2477,3841,5790,215,0,0,3267,663,8,5,3,8
34,16,moe,696,47,4752,5152,3367,3648,233,0,0,2496,619,8,4,4,8
34,17,moe,748,49,5824,7146,4185,4502,290,1,0,3154,566,8,3,5,8
34,18,moe,751,39,12553,9175,8054,9884,332,0,0,5717,670,8,3,5,8
34,19,moe,677,42,4447,3312,3015,3718,240,0,0,2526,607,8,4,4,8
34,20,moe,734,48,5846,4807,4162,4831,183,0,0,3330,584,8,5,3,8
34,21,moe,710,47,9012,10572,5510,7652,279,0,0,4429,648,8,4,4,8
34,22,moe,709,60,7842,9456,5484,6494,244,0,0,4380,588,8,4,4,8
34,23,moe,636,39,5126,5017,3242,3961,141,0,0,2218,645,8,6,2,8
34,24,moe,707,60,11053,5655,6725,9749,342,0,0,5763,658,8,3,5,8
34,25,moe,700,42,4063,4848,2571,3194,210,0,0,1912,648,8,5,3,8
34,26,moe,641,40,8443,4939,5063,7448,275,0,0,4343,648,8,4,4,8
34,-1,epi,0,0,0,0,0,0,0,0,4155,0,0,0,0,0,0
35,-2,pre,148,0,0,0,0,0,0,0,0,0,0,0,0,0,0
35,0,dense,1186,41,0,0,0,0,0,0,0,0,0,0,0,0,0
35,1,moe,749,43,6506,4933,4155,5405,340,0,0,3394,657,8,3,5,8
35,2,moe,743,44,5433,7826,3546,4174,276,0,0,2563,654,8,4,4,8
35,3,moe,632,47,6833,7488,4197,5521,210,0,0,3095,662,8,5,3,8
35,4,moe,686,46,6007,4546,4186,4893,179,0,0,3251,575,8,5,3,8
35,5,moe,716,64,3980,2214,2853,3215,121,0,0,2209,575,8,6,2,8
35,6,moe,691,41,2042,2240,1422,1137,66,0,0,583,637,8,7,1,8
35,7,moe,668,37,2251,1041,1502,1841,115,0,0,1207,567,8,6,2,8
35,8,moe,686,42,2194,1010,1526,1822,112,0,0,1266,573,8,6,2,8
35,9,moe,725,48,6974,4797,4181,5939,231,0,0,3377,649,8,5,3,8
35,10,moe,701,235,9130,26270,6750,6529,252,0,0,4401,575,8,4,4,8
35,11,moe,604,38,4822,6514,3642,3280,122,0,0,2222,601,8,6,2,8
35,12,moe,697,39,8473,2807,4971,7657,272,1,0,4428,703,8,4,4,8
35,13,moe,722,35,2689,2392,1947,1844,113,0,0,1215,586,8,6,2,8
35,14,moe,707,36,9143,4877,6348,8092,294,0,0,5591,592,8,3,5,8
35,15,moe,635,36,6613,2318,3836,5924,202,0,0,3349,655,8,5,3,8
35,16,moe,715,43,5998,4638,4191,4942,180,0,0,3315,577,8,5,3,8
35,17,moe,728,41,4457,4610,3193,3532,235,0,0,2503,578,8,4,4,8
35,18,moe,711,38,5185,3516,3149,4276,264,0,0,2504,695,8,4,4,8
35,19,moe,685,46,4802,7466,3436,3598,238,0,0,2470,582,8,4,4,8
35,20,moe,683,36,9188,4523,6389,8046,293,0,0,5540,588,8,3,5,8
35,21,moe,719,49,5208,4551,3289,3973,130,0,0,2184,656,8,6,2,8
35,22,moe,734,41,9409,10863,6507,7883,298,1,0,5280,584,8,3,5,8
35,23,moe,655,34,11474,13458,7118,9664,344,0,0,5652,638,8,3,5,8
35,24,moe,714,35,6746,8297,4217,5580,199,0,0,3250,636,8,5,3,8
35,25,moe,717,62,8314,7617,5065,7123,267,0,0,4141,660,8,4,4,8
35,26,moe,614,48,16947,15725,10341,14590,532,0,0,8516,648,8,0,8,8
35,-1,epi,0,0,0,0,0,0,0,0,4184,0,0,0,0,0,0
36,-2,pre,150,0,0,0,0,0,0,0,0,0,0,0,0,0,0
36,0,dense,1188,36,0,0,0,0,0,0,0,0,0,0,0,0,0
36,1,moe,706,37,13314,8139,8794,11527,489,0,0,7496,671,8,1,7,8
36,2,moe,709,38,1929,2439,1444,1034,69,0,0,618,676,8,7,1,8
36,3,moe,676,38,5981,7930,3997,4744,296,0,0,3056,652,8,4,4,8
36,4,moe,686,36,2760,2265,1980,1881,112,0,0,1213,569,8,6,2,8
36,5,moe,743,41,3050,5010,2398,1786,116,0,0,1250,567,8,6,2,8
36,6,moe,695,39,3153,2644,2042,2187,131,0,0,1207,646,8,6,2,8
36,7,moe,646,31,7385,4486,5022,6424,234,0,0,4295,576,8,4,4,8
36,8,moe,720,33,8,0,0,0,0,0,8,0,575,8,8,0,8
36,9,moe,739,40,5006,5049,3164,3884,143,0,0,2185,658,8,6,2,8
36,10,moe,732,38,2956,4668,2211,1841,117,0,0,1213,596,8,6,2,8
36,11,moe,641,35,1136,473,807,888,57,0,0,616,594,8,7,1,8
36,12,moe,725,32,9170,7757,5508,7959,292,0,0,4589,652,8,4,4,8
36,13,moe,732,37,4158,2124,2877,3357,117,0,0,2193,583,8,6,2,8
36,14,moe,695,38,6227,7229,4465,5015,177,1,0,3431,573,8,5,3,8
36,15,moe,630,33,6738,4986,4094,5724,207,0,0,3287,641,8,5,3,8
36,16,moe,674,37,5728,2136,3880,5014,181,0,0,3347,568,8,5,3,8
36,17,moe,715,35,5618,5079,4090,4356,277,0,0,3105,597,8,3,5,8
36,18,moe,699,36,6493,4872,3928,5516,200,0,0,3151,700,8,5,3,8
36,19,moe,619,33,4883,7255,3495,3632,240,1,0,2485,603,8,4,4,8
36,20,moe,703,32,7719,7128,5480,6454,241,0,0,4456,603,8,4,4,8
36,21,moe,726,40,5763,8105,3820,4596,304,0,0,2957,683,8,4,4,8
36,22,moe,747,35,9853,12685,6792,8201,294,0,0,5434,578,8,3,5,8
36,23,moe,635,33,5552,10598,3528,4230,279,0,0,2485,664,8,4,4,8
36,24,moe,4028,35,8280,10140,5056,6675,263,0,0,3714,650,8,4,4,8
36,25,moe,708,49,10685,10749,6526,9195,347,0,0,5383,713,8,3,5,8
36,26,moe,631,48,6443,3048,3934,5490,211,0,0,3192,803,8,5,3,8
36,-1,epi,0,0,0,0,0,0,0,0,4156,0,0,0,0,0,0
37,-2,pre,191,0,0,0,0,0,0,0,0,0,0,0,0,0,0
37,0,dense,1190,37,0,0,0,0,0,0,0,0,0,0,0,0,0
37,1,moe,843,41,8561,3070,5053,7760,287,0,0,4539,714,8,4,4,8
37,2,moe,734,44,6887,4721,4240,5847,213,0,0,3413,646,8,5,3,8
37,3,moe,661,37,7001,5393,4346,5799,205,0,0,3349,678,8,5,3,8
37,4,moe,738,34,7771,5310,5292,6767,245,0,0,4533,576,8,4,4,8
37,5,moe,733,50,6190,7356,4428,4953,188,0,0,3379,575,8,5,3,8
37,6,moe,683,38,9,0,0,0,0,0,9,0,645,8,8,0,8
37,7,moe,639,37,4392,4572,3215,3302,118,0,0,2243,576,8,6,2,8
37,8,moe,712,38,6031,6738,4345,4808,182,0,0,3304,626,8,5,3,8
37,9,moe,718,38,4690,2977,2858,3862,138,0,0,2168,657,8,6,2,8
37,10,moe,688,53,2599,2363,1899,1702,58,0,0,1060,561,8,7,1,8
37,11,moe,619,32,7511,4769,5275,6428,240,0,0,4432,579,8,4,4,8
37,12,moe,741,41,8584,4785,5061,7629,280,0,0,4386,660,8,4,4,8
37,13,moe,729,38,4179,2384,2965,3265,116,0,0,2167,567,8,6,2,8
37,14,moe,703,37,5729,4389,4043,4818,182,0,0,3314,604,8,5,3,8
37,15,moe,646,32,9077,5075,5598,7757,269,0,0,4547,677,8,4,4,8
37,16,moe,672,33,7563,7669,5304,6230,234,0,0,4205,595,8,4,4,8
37,17,moe,709,47,9331,9477,6645,7752,285,0,0,5351,578,8,3,5,8
37,18,moe,707,35,4782,2625,2982,3750,137,0,0,2087,654,8,6,2,8
37,19,moe,669,34,7160,4757,4896,6251,226,0,0,4213,597,8,4,4,8
37,20,moe,715,41,1791,470,1246,1543,58,0,0,1056,574,8,7,1,8
37,21,moe,734,33,4782,2794,2944,3815,131,0,0,2108,659,8,6,2,8
37,22,moe,751,32,6317,7360,4598,4742,175,0,0,3198,578,8,5,3,8
37,23,moe,649,48,8814,10730,5473,7345,261,0,0,4265,652,8,4,4,8
37,24,moe,721,33,13472,16488,8419,11232,421,0,0,6600,654,8,2,6,8
37,25,moe,730,35,10855,14423,6798,9174,340,0,0,5457,696,8,3,5,8
37,26,moe,688,34,12716,13023,7792,10889,399,1,0,6365,651,8,2,6,8
37,-1,epi,0,0,0,0,0,0,0,0,4212,0,0,0,0,0,0
38,-2,pre,150,0,0,0,0,0,0,0,0,0,0,0,0,0,0
38,0,dense,1190,36,0,0,0,0,0,0,0,0,0,0,0,0,0
38,1,moe,728,36,8630,7705,5264,7431,274,1,0,4340,707,8,4,4,8
38,2,moe,719,40,8,0,0,0,0,0,8,0,672,8,8,0,8
38,3,moe,693,33,6991,4923,4359,5851,207,0,0,3426,657,8,5,3,8
38,4,moe,713,42,2621,2119,1876,1719,58,0,0,1032,570,8,7,1,8
38,5,moe,748,36,2335,2167,1769,1606,57,0,0,1097,576,8,7,1,8
38,6,moe,683,37,2806,2205,1799,2011,65,0,0,1069,637,8,7,1,8
38,7,moe,641,258,7,0,0,0,0,0,7,0,647,8,8,0,8
38,8,moe,665,36,5684,6694,4369,3350,126,0,0,2161,578,8,6,2,8
38,9,moe,728,44,2263,510,1285,1977,69,0,0,1068,644,8,7,1,8
38,10,moe,678,40,2571,2378,1873,1701,60,0,0,1063,579,8,7,1,8
38,11,moe,619,41,6172,7022,4406,4952,176,1,0,3363,572,8,5,3,8
38,12,moe,687,41,8,0,0,0,0,0,8,0,667,8,8,0,8
38,13,moe,761,45,7,0,0,0,0,0,7,0,591,8,8,0,8
38,14,moe,717,49,2466,2187,1888,1618,57,0,0,1097,563,8,7,1,8
38,15,moe,676,43,7124,4912,4314,5933,207,0,0,3330,638,8,5,3,8
38,16,moe,690,55,7928,7233,5468,6689,240,1,0,4470,572,8,4,4,8
38,17,moe,725,39,7359,2577,5019,6633,237,0,0,4530,580,8,4,4,8
38,18,moe,696,39,7,0,0,0,0,0,7,0,675,8,8,0,8
38,19,moe,644,41,4308,4653,3182,3156,111,0,0,2141,593,8,6,2,8
38,20,moe,695,46,5806,5850,4117,4775,174,0,0,3260,559,8,5,3,8
38,21,moe,717,36,8572,8071,5188,7347,267,0,0,4230,660,8,4,4,8
38,22,moe,741,43,6401,6988,4615,4864,184,0,0,3262,588,8,5,3,8
38,23,moe,623,43,10991,11190,6727,9540,337,0,0,5613,640,8,3,5,8
38,24,moe,740,45,8876,9709,5526,7487,259,0,0,4396,647,8,4,4,8
38,25,moe,772,54,4538,2463,2857,3662,135,0,0,2116,651,8,6,2,8
38,26,moe,638,60,8543,10326,5300,7238,274,0,0,4269,646,8,4,4,8
38,-1,epi,0,0,0,0,0,0,0,0,4118,0,0,0,0,0,0
39,-2,pre,153,0,0,0,0,0,0,0,0,0,0,0,0,0,0
39,0,dense,1174,40,0,0,0,0,0,0,0,0,0,0,0,0,0
39,1,moe,709,43,5059,5382,3298,3854,146,0,0,2239,644,8,6,2,8
39,2,moe,732,44,8803,10420,5452,7522,283,0,0,4454,652,8,4,4,8
39,3,moe,659,37,8934,8087,5567,7650,291,0,0,4574,650,8,4,4,8
39,4,moe,674,44,8014,9389,5550,6713,245,0,0,4494,577,8,4,4,8
39,5,moe,733,40,1859,440,1286,1604,60,0,0,1091,578,8,7,1,8
39,6,moe,691,48,2372,517,1326,2078,67,0,0,1099,651,8,7,1,8
39,7,moe,641,42,6339,7322,4491,5038,185,0,0,3375,588,8,5,3,8
39,8,moe,672,42,6095,4619,4336,4982,182,0,0,3405,576,8,5,3,8
39,9,moe,755,39,11057,7736,6705,9616,349,0,0,5613,640,8,3,5,8
39,10,moe,675,38,4086,2291,2846,3217,118,0,0,2095,561,8,6,2,8
39,11,moe,619,38,7663,6786,5398,6398,230,0,0,4363,573,8,4,4,8
39,12,moe,674,56,8557,13867,5891,5673,199,0,0,3206,653,8,5,3,8
39,13,moe,729,48,5422,1643,3626,4912,171,0,0,3287,565,8,5,3,8
39,14,moe,709,41,2427,2253,1862,1558,55,0,0,1048,572,8,7,1,8
39,15,moe,647,52,13035,11178,7913,11367,441,0,0,6686,824,8,2,6,8
39,16,moe,707,45,5885,6970,4156,4724,182,0,0,3177,661,8,5,3,8
39,17,moe,730,41,7262,7105,5116,6162,233,1,0,4250,615,8,4,4,8
39,18,moe,700,41,8397,2520,4747,7796,270,1,0,4417,672,8,4,4,8
39,19,moe,637,67,9488,7303,6558,8182,297,0,0,5549,612,8,3,5,8
39,20,moe,694,44,7710,7835,5451,6398,245,0,0,4384,575,8,4,4,8
39,21,moe,719,42,11101,11824,6731,9511,336,0,0,5477,668,8,3,5,8
39,22,moe,700,40,9231,10009,6429,7832,289,1,0,5320,566,8,3,5,8
39,23,moe,617,43,13087,15799,8132,10946,411,0,0,6402,645,8,2,6,8
39,24,moe,715,40,13308,14422,8235,11242,427,0,0,6596,666,8,2,6,8
39,25,moe,713,40,14877,13824,9017,13086,504,0,0,7730,664,8,1,7,8
39,26,moe,687,43,8777,7749,5403,7485,265,0,0,4376,691,8,4,4,8
39,-1,epi,0,0,0,0,0,0,0,0,4131,0,0,0,0,0,0
40,-2,pre,153,0,0,0,0,0,0,0,0,0,0,0,0,0,0
40,0,dense,1165,42,0,0,0,0,0,0,0,0,0,0,0,0,0
40,1,moe,760,37,5008,5329,3308,3684,136,0,0,2120,658,8,6,2,8
40,2,moe,691,42,4981,5163,3293,3709,139,0,0,2160,651,8,6,2,8
40,3,moe,649,42,12673,13219,7833,10833,411,0,0,6404,658,8,2,6,8
40,4,moe,687,44,6076,7512,4267,4823,174,0,0,3188,584,8,5,3,8
40,5,moe,737,36,5386,2693,3768,4624,168,0,0,3174,582,8,5,3,8
40,6,moe,695,41,4714,2691,2877,3796,138,0,0,2097,666,8,6,2,8
40,7,moe,676,45,8221,7701,5875,6482,220,0,0,4356,560,8,4,4,8
40,8,moe,694,42,2407,2261,1861,1538,57,0,0,1049,577,8,7,1,8
40,9,moe,716,43,2837,2135,1841,1950,65,0,0,1019,643,8,7,1,8
40,10,moe,679,57,7580,6922,5312,6262,233,0,0,4227,564,8,4,4,8
40,11,moe,621,37,4303,5045,3187,3114,116,0,0,2114,576,8,6,2,8
40,12,moe,667,38,2836,2518,1861,1926,66,0,0,1017,637,8,7,1,8
40,13,moe,736,39,7705,9610,5347,6388,232,0,0,4262,559,8,4,4,8
40,14,moe,701,38,5817,7529,4197,4627,180,0,0,3187,570,8,5,3,8
40,15,moe,605,51,8635,7837,5254,7327,267,0,0,4213,684,8,4,4,8
40,16,moe,703,53,5642,2746,3837,4824,173,0,0,3192,580,8,5,3,8
40,17,moe,733,42,3915,2124,2767,3144,114,0,0,2110,599,8,6,2,8
40,18,moe,681,43,8813,7614,5424,7442,269,0,0,4322,654,8,4,4,8
40,19,moe,625,36,5809,4761,4079,4704,168,0,0,3142,580,8,5,3,8
40,20,moe,688,40,7787,9980,5529,6361,238,0,0,4341,564,8,4,4,8
40,21,moe,747,50,7008,7819,4335,5716,205,0,0,3248,643,8,5,3,8
40,22,moe,713,44,4447,4639,3214,3215,112,0,0,2094,581,8,6,2,8
40,23,moe,601,58,11390,15284,7044,9356,341,0,0,5351,677,8,3,5,8
40,24,moe,726,44,8783,10340,5400,7485,282,0,0,4384,646,8,4,4,8
40,25,moe,731,42,10334,5506,6318,9071,324,0,0,5379,684,8,3,5,8
40,26,moe,629,37,10562,5573,6383,9419,326,0,0,5566,643,8,3,5,8
40,-1,epi,0,0,0,0,0,0,0,0,4104,0,0,0,0,0,0
41,-2,pre,46,0,0,0,0,0,0,0,0,0,0,0,0,0,0
41,0,dense,1292,43,0,0,0,0,0,0,0,0,0,0,0,0,0
41,1,moe,756,49,6631,5211,4124,5539,203,0,0,3235,633,8,5,3,8
41,2,moe,675,44,8267,5050,5024,7304,259,0,0,4320,649,8,4,4,8
41,3,moe,628,40,6851,8719,4417,5527,217,0,0,3310,656,8,5,3,8
41,4,moe,684,50,3891,7283,2821,2647,170,0,0,1747,599,8,5,3,8
41,5,moe,725,38,6713,21264,5479,4265,224,0,0,3255,580,8,4,4,8
41,6,moe,684,42,6716,6060,4147,5505,199,0,0,3135,646,8,5,3,8
41,7,moe,606,55,7,0,0,0,0,0,7,0,551,8,8,0,8
41,8,moe,668,34,7,0,0,0,0,0,7,0,560,8,8,0,8
41,9,moe,712,44,2133,492,1284,1872,69,0,0,1092,644,8,7,1,8
41,10,moe,677,33,6187,4741,4312,5037,173,0,0,3335,596,8,5,3,8
41,11,moe,691,32,2627,2947,1972,1796,117,0,0,1258,587,8,6,2,8
41,12,moe,676,33,8,0,0,0,0,0,8,0,647,8,8,0,8
41,13,moe,738,32,2989,4787,2330,1795,127,0,0,1263,570,8,6,2,8
41,14,moe,699,35,5084,6773,3756,3927,252,0,0,2851,575,8,4,4,8
41,15,moe,631,45,1435,485,801,1148,68,0,0,582,675,8,7,1,8
41,16,moe,728,32,6323,7124,4463,5016,190,0,0,3346,586,8,5,3,8
41,17,moe,732,32,8,0,0,0,0,0,8,0,571,8,8,0,8
41,18,moe,680,33,1431,495,799,1148,68,0,0,584,639,8,7,1,8
41,19,moe,652,30,2662,2197,1904,1851,119,0,0,1212,562,8,6,2,8
41,20,moe,671,35,4401,4658,3273,3215,123,0,0,2210,585,8,6,2,8
41,21,moe,757,42,5056,4769,3161,3982,140,0,0,2227,654,8,6,2,8
41,22,moe,763,36,2382,1966,1693,1694,59,0,0,1064,580,8,7,1,8
41,23,moe,595,35,7614,9164,4859,5951,221,0,0,3417,652,8,5,3,8
41,24,moe,769,41,6549,7546,3900,5295,221,0,0,2867,645,8,5,3,8
41,25,moe,720,43,6547,5104,4020,5648,207,0,0,3328,653,8,5,3,8
41,26,moe,631,32,3280,4835,2314,2080,134,0,0,1248,641,8,6,2,8
41,-1,epi,0,0,0,0,0,0,0,0,4196,0,0,0,0,0,0
42,-2,pre,138,0,0,0,0,0,0,0,0,0,0,0,0,0,0
42,0,dense,1181,33,0,0,0,0,0,0,0,0,0,0,0,0,0
42,1,moe,755,32,8695,7787,5179,7482,287,0,0,4253,663,8,4,4,8
42,2,moe,687,34,8995,10507,5475,7717,298,0,0,4495,652,8,4,4,8
42,3,moe,663,48,4358,4880,2894,3189,231,0,0,1956,812,8,5,3,8
42,4,moe,720,39,9446,10206,6514,7975,322,0,0,5365,622,8,3,5,8
42,5,moe,760,35,6419,11593,4832,4860,299,0,0,3572,603,8,3,5,8
42,6,moe,696,39,3653,5855,2537,2184,135,0,0,1203,673,8,6,2,8
42,7,moe,675,33,5642,10031,4211,4158,235,0,0,2962,566,8,4,4,8
42,8,moe,676,37,7981,9540,5632,6569,243,0,0,4463,588,8,4,4,8
42,9,moe,722,37,5113,8606,3492,3800,215,0,0,2394,660,8,5,3,8
42,10,moe,694,33,5946,4513,4167,4921,180,1,0,3323,570,8,5,3,8
42,11,moe,632,39,6039,7419,4353,4850,174,0,0,3338,607,8,5,3,8
42,12,moe,733,34,7143,5135,4360,5930,217,0,0,3364,642,8,5,3,8
42,13,moe,740,35,4478,4669,3234,3287,124,0,0,2167,594,8,6,2,8
42,14,moe,691,50,7750,9281,5496,6424,241,0,0,4411,583,8,4,4,8
42,15,moe,628,45,9005,6063,5476,7699,276,0,0,4446,658,8,4,4,8
42,16,moe,675,39,4743,5314,3483,3313,114,0,0,2167,578,8,6,2,8
42,17,moe,720,45,7675,6903,5430,6350,239,0,0,4344,569,8,4,4,8
42,18,moe,688,35,7087,7935,4393,5806,209,0,0,3321,651,8,5,3,8
42,19,moe,653,37,7579,5322,5201,6543,245,0,0,4410,584,8,4,4,8
42,20,moe,696,38,2821,4478,2169,1788,118,0,0,1254,580,8,6,2,8
42,21,moe,726,33,3178,3122,2076,2179,131,0,0,1208,650,8,6,2,8
42,22,moe,728,51,4006,7066,2892,2780,180,0,0,1846,556,8,5,3,8
42,23,moe,602,34,5123,5199,3316,3843,143,0,0,2179,631,8,6,2,8
42,24,moe,694,32,1245,538,763,1036,67,0,0,621,674,8,7,1,8
42,25,moe,713,35,8888,5384,5392,7767,272,0,0,4543,655,8,4,4,8
42,26,moe,653,39,2549,1111,1563,2159,134,0,0,1307,683,8,6,2,8
42,-1,epi,0,0,0,0,0,0,0,0,4253,0,0,0,0,0,0
43,-2,pre,149,0,0,0,0,0,0,0,0,0,0,0,0,0,0
43,0,dense,1210,36,0,0,0,0,0,0,0,0,0,0,0,0,0
43,1,moe,755,40,7129,8134,4494,5783,209,0,0,3357,662,8,5,3,8
43,2,moe,705,41,1941,2431,1462,1036,66,1,0,624,635,8,7,1,8
43,3,moe,654,37,2785,2488,1942,1873,67,0,0,1097,648,8,7,1,8
43,4,moe,737,44,6125,4734,4246,5046,187,0,0,3354,593,8,5,3,8
43,5,moe,760,38,7,0,0,0,0,0,7,0,589,8,8,0,8
43,6,moe,703,34,7161,5665,4371,5922,206,0,0,3338,656,8,5,3,8
43,7,moe,633,31,6349,7278,4541,4898,180,0,0,3270,567,8,5,3,8
43,8,moe,704,37,2401,2195,1817,1622,57,0,0,1095,569,8,7,1,8
43,9,moe,720,38,5073,4757,3183,3950,140,0,0,2200,684,8,6,2,8
43,10,moe,735,35,4343,4568,3093,3288,120,0,0,2158,571,8,6,2,8
43,11,moe,626,38,2484,2166,1842,1777,115,0,0,1250,576,8,6,2,8
43,12,moe,671,34,9565,13876,6049,7285,285,0,0,4054,654,8,4,4,8
43,13,moe,735,47,1793,2187,1351,972,58,0,0,588,561,8,7,1,8
43,14,moe,693,49,1766,2194,1442,884,57,0,0,617,561,8,7,1,8
43,15,moe,646,38,4751,2537,2920,3859,137,0,0,2165,650,8,6,2,8
43,16,moe,713,32,6149,4739,4343,4900,173,0,0,3267,594,8,5,3,8
43,17,moe,753,33,7677,9620,5438,6436,247,0,0,4444,571,8,4,4,8
43,18,moe,695,40,7,0,0,0,0,0,7,0,630,8,8,0,8
43,19,moe,607,32,2643,2434,2000,1771,116,0,0,1244,587,8,6,2,8
43,20,moe,717,34,4065,2167,2886,3273,113,0,0,2207,566,8,6,2,8
43,21,moe,722,38,4858,3039,3011,3874,137,0,0,2164,657,8,6,2,8
43,22,moe,721,33,2499,2180,1810,1687,60,0,0,1058,584,8,7,1,8
43,23,moe,668,30,4890,7759,3281,3264,215,0,0,1870,676,8,5,3,8
43,24,moe,716,33,4538,7909,3115,3100,207,0,0,1884,661,8,5,3,8
43,25,moe,751,35,4818,5044,3130,3751,141,0,0,2204,681,8,6,2,8
43,26,moe,662,38,2740,2107,1894,1875,68,0,0,1097,637,8,7,1,8
43,-1,epi,0,0,0,0,0,0,0,0,4090,0,0,0,0,0,0
44,-2,pre,165,0,0,0,0,0,0,0,0,0,0,0,0,0,0
44,0,dense,1173,34,0,0,0,0,0,0,0,0,0,0,0,0,0
44,1,moe,734,34,1890,2530,1411,1030,68,0,0,619,626,8,7,1,8
44,2,moe,695,39,5001,3423,3308,3753,140,0,0,2200,631,8,6,2,8
44,3,moe,621,39,4720,9427,3297,3100,201,0,0,1878,658,8,5,3,8
44,4,moe,675,43,7533,9486,5155,6178,245,0,0,4045,612,8,4,4,8
44,5,moe,763,39,7790,6729,5439,6605,235,0,0,4489,601,8,4,4,8
44,6,moe,707,47,1966,2388,1320,1163,68,0,0,585,684,8,7,1,8
44,7,moe,655,38,3991,6910,2903,2747,176,0,0,1835,581,8,5,3,8
44,8,moe,729,49,2984,4592,2336,1780,119,0,0,1251,579,8,6,2,8
44,9,moe,723,39,2159,2667,1524,1152,67,0,0,584,662,8,7,1,8
44,10,moe,718,48,3844,4527,2734,2771,174,0,0,1835,567,8,5,3,8
44,11,moe,616,40,3835,7358,2882,2695,185,0,0,1927,576,8,5,3,8
44,12,moe,693,56,4681,8099,3102,3226,206,0,0,1853,650,8,5,3,8
44,13,moe,778,39,6266,7663,4447,4904,182,0,0,3267,585,8,5,3,8
44,14,moe,710,40,10138,10239,7247,8320,304,0,0,5733,573,8,3,5,8
44,15,moe,621,44,7153,5320,4371,5935,201,0,0,3354,670,8,5,3,8
44,16,moe,725,40,5775,2443,3969,4894,174,0,0,3262,666,8,5,3,8
44,17,moe,752,43,7508,2764,5218,6593,226,0,0,4529,622,8,4,4,8
44,18,moe,745,45,4995,2872,3103,3948,139,0,0,2195,662,8,6,2,8
44,19,moe,631,40,7852,9926,5478,6520,246,1,0,4393,580,8,4,4,8
44,20,moe,690,41,2455,2178,1888,1601,60,0,0,1094,574,8,7,1,8
44,21,moe,737,41,13476,13121,9124,11594,483,0,0,7725,662,8,1,7,8
44,22,moe,729,40,6055,9469,4282,4574,305,0,0,3106,580,8,3,5,8
44,23,moe,626,42,12628,14145,8179,10511,416,0,0,6478,678,8,2,6,8
44,24,moe,712,624,11321,19179,7963,7518,286,0,0,4446,716,8,4,4,8
44,25,moe,7364,58,10470,13817,6232,8787,374,0,0,4923,778,8,3,5,8
44,26,moe,759,48,11078,12995,6883,9432,344,0,0,5581,675,8,3,5,8
44,-1,epi,0,0,0,0,0,0,0,0,3970,0,0,0,0,0,0
45,-2,pre,166,0,0,0,0,0,0,0,0,0,0,0,0,0,0
45,0,dense,1193,54,0,0,0,0,0,0,0,0,0,0,0,0,0
45,1,moe,710,68,9,0,0,0,0,0,9,0,642,8,8,0,8
45,2,moe,684,75,4892,3762,3204,3757,129,0,0,2198,676,8,6,2,8
45,3,moe,660,52,2646,2383,1800,1873,67,0,0,1094,635,8,7,1,8
45,4,moe,694,56,4488,4529,3242,3287,117,0,0,2158,565,8,6,2,8
45,5,moe,707,56,4198,2732,3071,3205,117,0,0,2195,576,8,6,2,8
45,6,moe,678,50,5147,5514,3337,3849,140,0,0,2179,637,8,6,2,8
45,7,moe,605,46,1927,438,1262,1658,57,0,0,1050,554,8,7,1,8
45,8,moe,661,51,4167,2480,3042,3206,114,0,0,2195,558,8,6,2,8
45,9,moe,715,45,5013,4886,3191,3854,134,0,0,2166,631,8,6,2,8
45,10,moe,671,56,24,0,0,0,0,0,24,0,578,8,8,0,8
45,11,moe,603,48,4645,4856,3400,3290,120,0,0,2165,564,8,6,2,8
45,12,moe,684,48,8609,4854,5121,7635,264,0,0,4411,1119,8,4,4,8
45,13,moe,800,952,5549,9276,4296,3304,120,0,0,2171,563,8,6,2,8
45,14,moe,671,44,4558,5220,3424,3226,115,0,0,2207,555,8,6,2,8
45,15,moe,599,39,2744,2351,1742,1992,72,0,0,1062,626,8,7,1,8
45,16,moe,658,41,6113,5079,4330,4868,185,0,0,3270,558,8,5,3,8
45,17,moe,701,46,4357,4710,3228,3212,121,0,0,2204,573,8,6,2,8
45,18,moe,669,45,4875,2581,3061,3850,135,0,0,2171,629,8,6,2,8
45,19,moe,594,42,6270,4983,4502,4881,173,0,0,3286,554,8,5,3,8
45,20,moe,679,42,8228,10066,5986,6456,232,0,0,4446,560,8,4,4,8
45,21,moe,707,43,5013,4792,3206,3857,135,0,0,2185,627,8,6,2,8
45,22,moe,691,42,7402,2798,5045,6509,232,0,0,4384,560,8,4,4,8
45,23,moe,609,41,11222,13653,6880,9537,346,0,0,5541,636,8,3,5,8
45,24,moe,705,44,7186,8295,4655,5684,219,0,0,3372,627,8,5,3,8
45,25,moe,726,50,10746,7657,6559,9429,335,0,0,5577,633,8,3,5,8
45,26,moe,602,41,8877,7776,5524,7583,280,0,0,4510,631,8,4,4,8
45,-1,epi,0,0,0,0,0,0,0,0,4179,0,0,0,0,0,0
46,-2,pre,51,0,0,0,0,0,0,0,0,0,0,0,0,0,0
46,0,dense,1249,41,0,0,0,0,0,0,0,0,0,0,0,0,0
46,1,moe,697,41,5092,5408,3348,3819,142,0,0,2217,658,8,6,2,8
46,2,moe,701,44,9121,10537,5763,7592,292,0,0,4526,666,8,4,4,8
46,3,moe,632,41,5411,6263,3660,3848,138,0,0,2235,642,8,6,2,8
46,4,moe,674,42,9741,7511,6787,8176,308,0,0,5530,586,8,3,5,8
46,5,moe,718,61,6100,7645,4366,4868,181,0,0,3315,569,8,5,3,8
46,6,moe,676,40,6977,7455,4296,5746,208,1,0,3274,653,8,5,3,8
46,7,moe,643,50,2545,1993,1842,1696,57,0,0,1050,566,8,7,1,8
46,8,moe,692,39,8146,7681,5813,6612,233,0,0,4512,573,8,4,4,8
46,9,moe,717,46,8895,7843,5387,7747,280,0,0,4519,651,8,4,4,8
46,10,moe,684,42,6654,7095,4842,4959,181,0,0,3328,563,8,5,3,8
46,11,moe,609,38,6323,7291,4703,4826,178,0,0,3384,555,8,5,3,8
46,12,moe,657,38,4930,5158,3169,3704,137,0,0,2080,625,8,6,2,8
46,13,moe,686,41,5796,7562,4616,3132,114,0,0,2066,553,8,6,2,8
46,14,moe,664,40,5927,7253,4305,4665,173,0,0,3216,558,8,5,3,8
46,15,moe,596,41,5178,6287,3418,3705,136,0,0,2081,630,8,6,2,8
46,16,moe,655,44,5403,2329,3689,4689,171,0,0,3146,553,8,5,3,8
46,17,moe,687,53,4080,2530,2963,3154,119,0,0,2156,588,8,6,2,8
46,18,moe,673,44,2939,2489,1928,1960,64,0,0,1013,663,8,7,1,8
46,19,moe,646,45,8,0,0,0,0,0,8,0,587,8,8,0,8
46,20,moe,709,40,8,0,0,0,0,0,8,0,612,8,8,0,8
46,21,moe,757,46,7,0,0,0,0,0,7,0,665,8,8,0,8
46,22,moe,756,44,2476,2175,1784,1636,56,0,0,1000,585,8,7,1,8
46,23,moe,672,45,7060,6872,4371,5817,209,0,0,3337,676,8,5,3,8
46,24,moe,745,40,8,0,0,0,0,0,8,0,668,8,8,0,8
46,25,moe,720,39,2853,2555,1998,1880,70,0,0,1095,634,8,7,1,8
46,26,moe,633,43,7043,8068,4391,5825,209,0,0,3382,648,8,5,3,8
46,-1,epi,0,0,0,0,0,0,0,0,4098,0,0,0,0,0,0
47,-2,pre,206,0,0,0,0,0,0,0,0,0,0,0,0,0,0
47,0,dense,1172,42,0,0,0,0,0,0,0,0,0,0,0,0,0
47,1,moe,722,41,9026,8087,5509,7759,273,0,0,4515,658,8,4,4,8
47,2,moe,710,42,7018,8432,4444,5710,204,0,0,3340,666,8,5,3,8
47,3,moe,664,38,7023,8170,4508,5629,207,0,0,3321,676,8,5,3,8
47,4,moe,726,34,6284,7724,4390,5015,179,1,0,3301,586,8,5,3,8
47,5,moe,728,36,7789,4527,5508,6583,235,0,0,4537,575,8,4,4,8
47,6,moe,684,40,3015,2488,1979,2024,69,0,0,1057,655,8,7,1,8
47,7,moe,641,38,6280,6976,4399,5035,175,0,0,3329,570,8,5,3,8
47,8,moe,692,50,6257,7141,4486,4996,186,0,0,3411,578,8,5,3,8
47,9,moe,714,41,5013,4817,3155,3885,141,0,0,2168,667,8,6,2,8
47,10,moe,689,36,6245,6924,4432,4921,183,0,0,3291,577,8,5,3,8
47,11,moe,627,33,1842,462,1274,1603,59,0,0,1094,556,8,7,1,8
47,12,moe,685,41,7101,7702,4301,5906,209,0,0,3315,642,8,5,3,8
47,13,moe,723,36,2647,2404,1935,1703,58,0,0,1049,592,8,7,1,8
47,14,moe,687,40,7701,6979,5460,6509,242,0,0,4510,577,8,4,4,8
47,15,moe,633,33,6452,2364,3793,5736,197,0,0,3274,666,8,5,3,8
47,16,moe,703,35,6032,4979,4229,4923,176,0,0,3296,638,8,5,3,8
47,17,moe,713,36,5776,4799,4043,4913,174,0,0,3354,610,8,5,3,8
47,18,moe,724,36,2374,486,1338,2088,66,0,0,1118,645,8,7,1,8
47,19,moe,633,37,7852,7089,5503,6482,247,1,0,4381,704,8,4,4,8
47,20,moe,690,39,3859,4420,2884,2685,190,0,0,1900,640,8,5,3,8
47,21,moe,732,285,4702,4506,2867,3852,139,0,0,2156,716,8,6,2,8
47,22,moe,676,40,3992,6167,3230,1844,114,1,0,1197,588,8,6,2,8
47,23,moe,636,44,6887,8317,4349,5565,377,0,0,3404,686,8,3,5,8
47,24,moe,740,56,6881,7877,4358,5623,206,0,0,3306,673,8,5,3,8
47,25,moe,745,42,2727,2255,1881,1869,68,0,0,1091,674,8,7,1,8
47,26,moe,642,48,2467,1092,1502,2068,146,0,0,1249,699,8,6,2,8
47,-1,epi,0,0,0,0,0,0,0,0,4243,0,0,0,0,0,0
48,-2,pre,162,0,0,0,0,0,0,0,0,0,0,0,0,0,0
48,0,dense,1197,43,0,0,0,0,0,0,0,0,0,0,0,0,0
48,1,moe,730,50,1953,2465,1464,1031,72,0,0,614,641,8,7,1,8
48,2,moe,739,40,2212,487,1329,1973,69,0,0,1159,645,8,7,1,8
48,3,moe,609,47,3317,5067,2333,2112,147,0,0,1275,656,8,6,2,8
48,4,moe,697,49,6283,6878,4478,4879,182,0,0,3256,579,8,5,3,8
48,5,moe,718,43,2401,2237,1820,1613,60,0,0,1092,578,8,7,1,8
48,6,moe,681,52,2895,2272,1884,2003,68,0,0,1060,690,8,7,1,8
48,7,moe,658,37,3709,1009,2460,3280,122,0,0,2153,566,8,6,2,8
48,8,moe,679,44,1736,2203,1405,894,60,0,0,623,560,8,7,1,8
48,9,moe,695,42,5454,4081,3524,3994,130,0,0,2194,644,8,6,2,8
48,10,moe,686,47,6280,4853,4480,4957,175,0,0,3332,602,8,5,3,8
48,11,moe,647,45,4261,4502,3135,3213,122,0,0,2209,594,8,6,2,8
48,12,moe,718,40,2081,2255,1456,1140,69,0,0,584,637,8,7,1,8
48,13,moe,726,41,9,0,0,0,0,0,9,0,572,8,8,0,8
48,14,moe,670,41,1834,2182,1382,965,60,0,0,573,583,8,7,1,8
48,15,moe,663,44,3423,5028,2297,2204,139,0,0,1217,682,8,6,2,8
48,16,moe,699,41,2509,2195,1828,1674,60,0,0,1053,594,8,7,1,8
48,17,moe,750,39,2332,2032,1765,1605,58,0,0,1096,561,8,7,1,8
48,18,moe,689,40,2077,2249,1440,1157,72,0,0,592,651,8,7,1,8
48,19,moe,641,38,2711,2206,1923,1888,114,0,0,1214,571,8,6,2,8
48,20,moe,713,43,6213,7638,4447,4958,184,0,0,3376,602,8,5,3,8
48,21,moe,752,47,8,0,0,0,0,0,8,0,667,8,8,0,8
48,22,moe,745,47,7482,4926,5248,6401,239,1,0,4407,593,8,4,4,8
48,23,moe,644,41,3648,5509,2534,2179,143,0,0,1208,653,8,6,2,8
48,24,moe,732,47,3221,4933,2263,2070,142,0,0,1254,657,8,6,2,8
48,25,moe,696,53,3417,5068,2460,2073,140,0,0,1256,638,8,6,2,8
48,26,moe,618,38,9,0,0,0,0,0,9,0,674,8,8,0,8
48,-1,epi,0,0,0,0,0,0,0,0,4220,0,0,0,0,0,0
49,-2,pre,141,0,0,0,0,0,0,0,0,0,0,0,0,0,0
49,0,dense,1180,40,0,0,0,0,0,0,0,0,0,0,0,0,0
49,1,moe,730,50,4454,8037,3033,3098,209,0,0,1886,649,8,5,3,8
49,2,moe,678,41,1292,496,803,1044,71,0,0,626,631,8,7,1,8
49,3,moe,641,46,7311,8143,4534,6012,219,1,0,3455,669,8,5,3,8
49,4,moe,723,46,6604,7132,4608,5290,187,0,0,3481,576,8,5,3,8
49,5,moe,758,38,2975,4567,2317,1788,120,0,0,1250,567,8,6,2,8
49,6,moe,698,39,2906,2271,1882,2011,66,0,0,1053,631,8,7,1,8
49,7,moe,640,38,4061,2136,2797,3292,120,0,0,2148,586,8,6,2,8
49,8,moe,713,37,2328,1952,1763,1601,60,0,0,1096,589,8,7,1,8
49,9,moe,752,44,5728,10876,3618,4326,291,0,0,2507,645,8,4,4,8
49,10,moe,691,40,6574,7199,4579,5291,198,0,0,3494,578,8,5,3,8
49,11,moe,699,38,2448,1965,1840,1702,62,0,0,1156,583,8,7,1,8
49,12,moe,682,43,2230,2564,1574,1214,74,0,0,632,668,8,7,1,8
49,13,moe,750,40,4379,6789,3200,2956,193,0,0,1970,622,8,5,3,8
49,14,moe,717,46,4634,4460,3437,3408,126,0,0,2337,586,8,6,2,8
49,15,moe,641,41,4702,2279,2866,3924,139,0,0,2227,648,8,6,2,8
49,16,moe,684,41,2673,2232,1920,1850,121,1,0,1219,561,8,6,2,8
49,17,moe,715,44,7604,10353,5360,6279,244,0,0,4279,583,8,4,4,8
49,18,moe,681,42,2153,2386,1495,1177,68,0,0,587,667,8,7,1,8
49,19,moe,633,39,7963,11746,5851,6237,356,1,0,4482,575,8,2,6,8
49,20,moe,692,45,6140,4913,4387,4946,172,0,0,3365,581,8,5,3,8
49,21,moe,703,41,5558,5104,3506,4368,281,0,0,2597,672,8,4,4,8
49,22,moe,738,50,9515,4905,6562,8344,297,0,0,5688,565,8,3,5,8
49,23,moe,639,44,10539,3652,6081,9681,338,1,0,5562,695,8,3,5,8
49,24,moe,770,43,10908,5277,6495,9775,342,0,0,5704,664,8,3,5,8
49,25,moe,714,42,7729,9202,4886,6328,431,0,0,3916,660,8,2,6,8
49,26,moe,653,41,4937,2521,3033,4313,285,1,0,2695,676,8,4,4,8
49,-1,epi,0,0,0,0,0,0,0,0,4275,0,0,0,0,0,0
50,-2,pre,55,0,0,0,0,0,0,0,0,0,0,0,0,0,0
50,0,dense,1304,45,0,0,0,0,0,0,0,0,0,0,0,0,0
50,1,moe,761,41,4583,2583,2814,3853,141,0,0,2225,686,8,6,2,8
50,2,moe,700,47,7364,7802,4699,5914,207,0,0,3456,670,8,5,3,8
50,3,moe,675,39,1935,2325,1430,1094,71,0,0,660,625,8,7,1,8
50,4,moe,691,47,5777,1638,3876,5205,186,0,0,3490,594,8,5,3,8
50,5,moe,732,42,8232,5171,5763,7036,266,0,0,4833,588,8,4,4,8
50,6,moe,746,43,2100,2325,1444,1163,66,1,0,574,667,8,7,1,8
50,7,moe,663,46,10,0,0,0,0,0,10,0,604,8,8,0,8
50,8,moe,736,39,1313,442,849,1024,61,0,0,621,574,8,7,1,8
50,9,moe,743,42,2882,2314,1851,2024,72,0,0,1065,693,8,7,1,8
50,10,moe,696,42,1827,2071,1362,986,60,0,0,581,573,8,7,1,8
50,11,moe,663,43,1740,2236,1394,938,63,0,0,655,565,8,7,1,8
50,12,moe,730,40,2179,2167,1527,1201,73,0,0,622,656,8,7,1,8
50,13,moe,727,43,7,0,0,0,0,0,7,0,571,8,8,0,8
50,14,moe,742,44,8,0,0,0,0,0,8,0,615,8,8,0,8
50,15,moe,674,46,6654,2486,3979,5962,215,0,0,3502,654,8,5,3,8
50,16,moe,698,43,8434,6303,5806,7147,256,0,0,4775,582,8,4,4,8
50,17,moe,746,52,8044,7520,5621,6884,249,0,0,4710,608,8,4,4,8
50,18,moe,707,254,6621,14405,5021,3281,205,0,0,1886,687,8,5,3,8
50,19,moe,614,36,8,0,0,0,0,0,8,0,548,8,8,0,8
50,20,moe,691,48,4109,5533,3008,2740,181,0,0,1820,579,8,5,3,8
50,21,moe,764,39,9249,5572,5526,8069,289,0,0,4635,664,8,4,4,8
50,22,moe,757,44,3504,1692,2358,2942,188,0,0,1984,593,8,5,3,8
50,23,moe,689,44,9170,5708,5496,7892,275,0,0,4493,649,8,4,4,8
50,24,moe,745,41,5100,4607,3106,4353,279,0,0,2638,661,8,4,4,8
50,25,moe,733,48,3559,5543,2580,2102,138,0,0,1261,654,8,6,2,8
50,26,moe,8391,39,3119,5607,2160,2110,138,0,0,1289,647,8,6,2,8
50,-1,epi,0,0,0,0,0,0,0,0,4136,0,0,0,0,0,0
51,-2,pre,49,0,0,0,0,0,0,0,0,0,0,0,0,0,0
51,0,dense,4326,41,0,0,0,0,0,0,0,0,0,0,0,0,0
51,1,moe,4378,47,10,0,0,0,0,0,10,0,812,8,8,0,8
51,2,moe,665,50,2690,2353,1833,1880,72,0,0,1095,778,8,7,1,8
51,3,moe,656,53,2524,1132,1519,2144,148,0,0,1287,818,8,6,2,8
51,4,moe,717,50,7762,2630,5240,6903,255,1,0,4637,604,8,4,4,8
51,5,moe,772,51,10,0,0,0,0,0,10,0,608,8,8,0,8
51,6,moe,720,47,9498,10799,5813,8096,292,0,0,4703,687,8,4,4,8
51,7,moe,667,51,8739,10312,6242,6936,284,0,0,4723,605,8,4,4,8
51,8,moe,705,43,3023,4754,2341,1895,124,0,0,1337,581,8,6,2,8
51,9,moe,790,52,5197,4878,3247,4092,150,0,0,2292,684,8,6,2,8
51,10,moe,716,44,3136,4700,2326,1961,126,0,0,1277,576,8,6,2,8
51,11,moe,631,40,3109,4995,2429,1887,130,0,0,1337,663,8,6,2,8
51,12,moe,733,45,3402,4777,2250,2385,144,0,0,1377,673,8,6,2,8
51,13,moe,788,52,4163,6719,3001,2960,190,0,0,1988,599,8,5,3,8
51,14,moe,713,55,8,0,0,0,0,0,8,0,572,8,8,0,8
51,15,moe,668,40,2101,2435,1445,1218,70,0,0,632,658,8,7,1,8
51,16,moe,694,45,7097,11915,5214,4928,321,1,0,3367,667,8,3,5,8
51,17,moe,786,43,2987,4459,2305,1881,127,0,0,1326,622,8,6,2,8
51,18,moe,752,41,9743,11389,6016,8062,291,0,0,4626,676,8,4,4,8
51,19,moe,670,40,3026,2928,2233,1951,124,1,0,1283,606,8,6,2,8
51,20,moe,711,40,6392,9565,4697,4737,319,1,0,3362,592,8,3,5,8
51,21,moe,731,44,8858,13356,5685,6892,434,0,0,4153,698,8,2,6,8
51,22,moe,771,43,6067,7434,4088,4762,196,0,0,2979,585,8,5,3,8
51,23,moe,665,41,5108,8253,3449,3628,223,0,0,2192,679,8,5,3,8
51,24,moe,745,52,3656,5416,2602,2252,142,0,0,1340,656,8,6,2,8
51,25,moe,736,42,7335,13843,4766,5683,370,0,0,3484,664,8,3,5,8
51,26,moe,661,42,9376,8370,5744,8112,298,0,0,4778,669,8,4,4,8
51,-1,epi,0,0,0,0,0,0,0,0,4260,0,0,0,0,0,0
52,-2,pre,72,0,0,0,0,0,0,0,0,0,0,0,0,0,0
52,0,dense,1326,48,0,0,0,0,0,0,0,0,0,0,0,0,0
52,1,moe,781,41,2041,2412,1531,1095,73,0,0,658,672,8,7,1,8
52,2,moe,8179,45,2234,469,1334,1988,72,0,0,1160,653,8,7,1,8
52,3,moe,12679,41,5050,4777,3254,3976,142,0,0,2322,677,8,6,2,8
52,4,moe,5495,43,5182,7459,3645,3941,254,0,0,2658,590,8,4,4,8
52,5,moe,5835,42,9,0,0,0,0,0,9,0,558,8,8,0,8
52,6,moe,7747,40,2091,2355,1465,1138,69,0,0,581,638,8,7,1,8
52,7,moe,883,43,6408,7321,4594,4899,179,0,0,3264,574,8,5,3,8
52,8,moe,693,39,1720,2131,1395,888,57,0,0,620,584,8,7,1,8
52,9,moe,724,40,3301,4810,2179,2200,143,0,0,1221,669,8,6,2,8
52,10,moe,746,57,2013,2447,1556,975,60,0,0,578,561,8,7,1,8
52,11,moe,624,37,1688,2101,1363,889,58,0,0,622,560,8,7,1,8
52,12,moe,658,40,3490,6888,2839,1176,67,0,0,592,675,8,7,1,8
52,13,moe,751,38,3106,4515,2279,1947,121,0,0,1241,583,8,6,2,8
52,14,moe,722,57,9,0,0,0,0,0,9,0,581,8,8,0,8
52,15,moe,645,43,2135,2434,1451,1234,70,0,0,620,655,8,7,1,8
52,16,moe,708,42,4164,7583,3013,2927,205,0,0,1981,659,8,5,3,8
52,17,moe,765,53,4629,3069,3252,3854,258,0,0,2735,685,8,4,4,8
52,18,moe,677,45,8,0,0,0,0,0,8,0,737,8,8,0,8
52,19,moe,789,42,1768,2171,1423,942,64,0,0,661,585,8,7,1,8
52,20,moe,713,58,2261,1026,1580,1873,119,0,0,1311,618,8,6,2,8
52,21,moe,749,43,6964,9100,4337,5616,363,0,0,3352,680,8,3,5,8
52,22,moe,742,46,2359,1014,1563,1939,120,0,0,1263,606,8,6,2,8
52,23,moe,662,40,5540,2648,3281,4889,307,0,0,2937,670,8,4,4,8
52,24,moe,749,49,3256,2908,2199,2232,150,0,0,1325,653,8,6,2,8
52,25,moe,753,57,4467,5613,2913,3357,209,0,0,2012,660,8,5,3,8
52,26,moe,655,45,1383,518,861,1110,73,0,0,661,670,8,7,1,8
52,-1,epi,0,0,0,0,0,0,0,0,4283,0,0,0,0,0,0
53,-2,pre,165,0,0,0,0,0,0,0,0,0,0,0,0,0,0
53,0,dense,1193,37,0,0,0,0,0,0,0,0,0,0,0,0,0
53,1,moe,729,40,1974,2324,1463,1093,72,0,0,654,679,8,7,1,8
53,2,moe,697,36,10,0,0,0,0,0,10,0,653,8,8,0,8
53,3,moe,724,33,4535,7921,3016,3321,219,0,0,2021,688,8,5,3,8
53,4,moe,698,40,1301,444,846,1016,61,0,0,622,572,8,7,1,8
53,5,moe,748,37,1784,2304,1435,940,62,0,0,653,563,8,7,1,8
53,6,moe,700,36,8,0,0,0,0,0,8,0,640,8,8,0,8
53,7,moe,5991,36,1835,2404,1488,943,60,0,0,656,570,8,7,1,8
53,8,moe,678,37,3011,4396,2325,1886,126,0,0,1326,598,8,6,2,8
53,9,moe,737,36,4388,4909,2690,3449,218,0,0,1969,677,8,5,3,8
53,10,moe,722,41,3449,1640,2325,2932,185,0,0,1993,599,8,5,3,8
53,11,moe,636,34,19,0,0,0,0,0,19,0,593,8,8,0,8
53,12,moe,732,43,3490,5180,2313,2319,146,0,0,1288,663,8,6,2,8
53,13,moe,769,37,1919,2080,1454,1017,63,0,0,615,557,8,7,1,8
53,14,moe,695,49,4172,7012,3125,2898,190,0,0,2041,572,8,5,3,8
53,15,moe,635,40,8,0,0,0,0,0,8,0,646,8,8,0,8
53,16,moe,723,41,4119,7677,3105,2823,186,0,0,1995,599,8,5,3,8
53,17,moe,757,41,2295,1144,1615,1865,125,0,0,1310,596,8,6,2,8
53,18,moe,684,56,26,0,0,0,0,0,26,0,684,8,8,0,8
53,19,moe,698,38,1824,2395,1479,936,65,0,0,656,579,8,7,1,8
53,20,moe,689,54,2362,1077,1659,1967,128,0,0,1392,578,8,6,2,8
53,21,moe,732,43,4449,3239,2712,3452,213,0,0,1928,651,8,5,3,8
53,22,moe,747,41,1337,479,859,1024,62,0,0,608,596,8,7,1,8
53,23,moe,630,59,3218,2542,2028,2336,138,0,0,1284,708,8,6,2,8
53,24,moe,773,50,5212,3139,3217,4490,287,0,0,2782,668,8,4,4,8
53,25,moe,755,44,4593,5171,2990,3530,236,0,0,2163,709,8,5,3,8
53,26,moe,672,47,6020,8281,3877,4672,307,0,0,2836,682,8,4,4,8
53,-1,epi,0,0,0,0,0,0,0,0,4308,0,0,0,0,0,0
54,-2,pre,63,0,0,0,0,0,0,0,0,0,0,0,0,0,0
54,0,dense,1330,52,0,0,0,0,0,0,0,0,0,0,0,0,0
54,1,moe,773,48,10,0,0,0,0,0,10,0,715,8,8,0,8
54,2,moe,788,49,8,0,0,0,0,0,8,0,706,8,8,0,8
54,3,moe,697,44,4630,2846,2963,3550,232,0,0,2115,659,8,5,3,8
54,4,moe,750,52,5182,4686,3574,4178,261,0,0,2831,587,8,4,4,8
54,5,moe,753,44,3089,4394,2369,1993,132,0,0,1405,588,8,6,2,8
54,6,moe,709,51,1561,495,881,1274,78,0,0,672,673,8,7,1,8
54,7,moe,7579,44,5300,6924,3731,4082,279,0,0,2792,614,8,4,4,8
54,8,moe,752,53,1824,2085,1455,1004,66,0,0,701,566,8,7,1,8
54,9,moe,758,46,4838,5155,3012,3713,230,0,0,2117,724,8,5,3,8
54,10,moe,753,53,8,0,0,0,0,1,7,0,624,8,8,0,8
54,11,moe,751,42,1944,2207,1457,1075,66,0,0,654,595,8,7,1,8
54,12,moe,722,60,2233,2315,1514,1303,76,0,0,660,657,8,7,1,8
54,13,moe,749,43,4456,7184,3211,3151,212,0,0,2118,589,8,5,3,8
54,14,moe,749,46,3194,4560,2460,2010,134,0,0,1410,602,8,6,2,8
54,15,moe,671,43,2057,2276,1346,1312,76,0,0,677,648,8,7,1,8
54,16,moe,725,47,1436,463,922,1134,69,0,0,689,590,8,7,1,8
54,17,moe,786,48,1244,454,874,1011,71,0,0,712,637,8,7,1,8
54,18,moe,734,47,2210,2280,1504,1274,80,0,0,648,812,8,7,1,8
54,19,moe,712,47,1351,412,870,1069,67,0,0,655,655,8,7,1,8
54,20,moe,728,52,9,0,0,0,0,0,9,0,659,8,8,0,8
54,21,moe,777,55,5279,2275,3156,4397,160,0,0,2434,857,8,6,2,8
54,22,moe,825,56,4674,2290,3227,3773,131,0,0,2457,619,8,6,2,8
54,23,moe,755,49,6029,7881,3733,4817,317,0,0,2838,668,8,4,4,8
54,24,moe,756,46,7583,5453,4601,6467,239,0,0,3724,675,8,5,3,8
54,25,moe,778,54,5813,5550,3680,4680,310,0,0,2857,673,8,4,4,8
54,26,moe,675,44,5616,2599,3365,4957,325,0,0,3031,755,8,4,4,8
54,-1,epi,0,0,0,0,0,0,0,0,4333,0,0,0,0,0,0
55,-2,pre,164,0,0,0,0,0,0,0,0,0,0,0,0,0,0
55,0,dense,1221,50,0,0,0,0,0,0,0,0,0,0,0,0,0
55,1,moe,809,48,4788,1253,2809,4328,164,0,0,2513,704,8,6,2,8
55,2,moe,766,46,4661,5266,2977,3601,244,0,0,2161,690,8,5,3,8
55,3,moe,698,45,4882,9081,3213,3600,226,0,0,2157,666,8,5,3,8
55,4,moe,738,60,1399,460,885,1079,64,0,0,629,594,8,7,1,8
55,5,moe,791,47,5613,9036,4074,4187,267,0,0,2915,599,8,4,4,8
55,6,moe,728,45,3763,5007,2498,2494,153,0,0,1382,665,8,6,2,8
55,7,moe,707,58,7020,12144,5010,5230,344,0,0,3564,599,8,3,5,8
55,8,moe,7731,45,1944,2530,1578,1001,65,0,0,700,601,8,7,1,8
55,9,moe,4693,45,2248,2508,1563,1278,73,1,0,667,678,8,7,1,8
55,10,moe,2004,45,3377,4892,2516,2088,142,0,0,1369,590,8,6,2,8
55,11,moe,783,46,8360,5021,5713,7148,288,0,0,4789,597,8,4,4,8
55,12,moe,720,44,2211,2403,1532,1223,73,1,0,618,652,8,7,1,8
55,13,moe,741,55,8030,4882,5534,6966,255,0,0,4725,590,8,4,4,8
55,14,moe,726,50,3944,4561,2893,2878,180,0,0,2007,588,8,5,3,8
55,15,moe,665,42,7250,4658,4332,6194,228,0,0,3504,667,8,5,3,8
55,16,moe,722,61,4983,4714,3510,3841,249,0,0,2617,571,8,4,4,8
55,17,moe,730,44,5790,3458,4089,4789,315,0,0,3403,587,8,3,5,8
55,18,moe,703,61,3334,2491,2141,2339,137,0,0,1283,661,8,6,2,8
55,19,moe,649,58,4142,4447,2955,2996,191,0,0,2000,596,8,5,3,8
55,20,moe,719,44,3103,5110,2422,1907,120,0,0,1346,575,8,6,2,8
55,21,moe,814,40,4175,2409,2456,3461,212,0,0,1954,653,8,5,3,8
55,22,moe,726,59,7802,7359,5307,6468,252,0,0,4225,600,8,4,4,8
55,23,moe,682,41,4586,4920,2939,3386,212,0,0,1951,662,8,5,3,8
55,24,moe,741,43,6773,2614,4048,6077,218,0,0,3570,666,8,5,3,8
55,25,moe,743,47,3114,2802,2085,2211,138,0,0,1320,646,8,6,2,8
55,26,moe,707,48,7288,11274,4679,5714,362,0,0,3467,649,8,3,5,8
55,-1,epi,0,0,0,0,0,0,0,0,4127,0,0,0,0,0,0
56,-2,pre,130,0,0,0,0,0,0,0,0,0,0,0,0,0,0
56,0,dense,1194,45,0,0,0,0,0,0,0,0,0,0,0,0,0
56,1,moe,711,44,4610,7599,3050,3361,268,0,0,2069,705,8,5,3,8
56,2,moe,792,44,3602,5055,2525,2349,151,0,0,1423,692,8,6,2,8
56,3,moe,776,49,4917,8027,3306,3510,229,0,0,2128,672,8,5,3,8
56,4,moe,742,53,9,0,0,0,0,0,9,0,612,8,8,0,8
56,5,moe,787,44,1885,1981,1362,1099,69,1,0,646,640,8,7,1,8
56,6,moe,759,51,9,0,0,0,0,0,9,0,693,8,8,0,8
56,7,moe,702,46,1894,2304,1525,1006,69,0,0,706,574,8,7,1,8
56,8,moe,730,49,1832,2154,1463,999,66,0,0,696,571,8,7,1,8
56,9,moe,748,48,3040,1169,1751,2563,155,0,0,1429,687,8,6,2,8
56,10,moe,3500,45,3043,2348,2166,2097,133,0,0,1353,593,8,6,2,8
56,11,moe,4924,45,3135,4499,2404,2007,133,0,0,1409,585,8,6,2,8
56,12,moe,797,60,2291,2459,1582,1285,78,0,0,654,668,8,7,1,8
56,13,moe,778,44,4931,13018,4131,1994,125,0,0,1319,564,8,6,2,8
56,14,moe,710,44,3003,4281,2314,1886,132,0,0,1329,582,8,6,2,8
56,15,moe,672,39,3043,2459,1951,2136,71,0,0,1115,646,8,7,1,8
56,16,moe,700,43,2401,1039,1587,1969,129,0,0,1284,578,8,6,2,8
56,17,moe,780,42,1729,2140,1383,937,60,0,0,651,563,8,7,1,8
56,18,moe,715,50,2173,2391,1496,1222,69,1,0,615,673,8,7,1,8
56,19,moe,638,39,3876,2692,2610,3054,197,0,0,1985,628,8,5,3,8
56,20,moe,752,49,2850,2412,2112,2004,136,0,0,1402,570,8,6,2,8
56,21,moe,752,43,7216,1869,4066,6633,240,0,0,3723,665,8,5,3,8
56,22,moe,759,59,1979,2355,1485,1043,63,0,0,612,572,8,7,1,8
56,23,moe,668,47,4321,2781,2611,3449,229,0,0,1968,659,8,5,3,8
56,24,moe,720,45,6658,1901,3864,6106,228,0,0,3540,725,8,5,3,8
56,25,moe,752,45,7129,5446,4324,6033,222,0,0,3450,675,8,5,3,8
56,26,moe,731,47,6948,5571,4321,5811,355,0,0,3539,673,8,3,5,8
56,-1,epi,0,0,0,0,0,0,0,0,4375,0,0,0,0,0,0
57,-2,pre,60,0,0,0,0,0,0,0,0,0,0,0,0,0,0
57,0,dense,1212,49,0,0,0,0,0,0,0,0,0,0,0,0,0
57,1,moe,757,63,3324,2654,2205,2370,154,0,0,1405,662,8,6,2,8
57,2,moe,736,46,9,0,0,0,0,0,9,0,658,8,8,0,8
57,3,moe,733,46,5591,3012,3349,4812,307,0,0,2877,684,8,4,4,8
57,4,moe,750,57,8,0,0,0,0,0,8,0,629,8,8,0,8
57,5,moe,779,49,6443,2369,4322,5687,221,1,0,3788,605,8,5,3,8
57,6,moe,759,47,2307,2614,1604,1287,75,0,0,659,654,8,7,1,8
57,7,moe,699,41,4267,4345,3024,3132,193,0,0,2082,601,8,5,3,8
57,8,moe,721,44,1824,2134,1456,1002,69,0,0,703,575,8,7,1,8
57,9,moe,746,45,10,0,0,0,0,0,10,0,707,8,8,0,8
57,10,moe,765,52,8,0,0,0,0,0,8,0,609,8,8,0,8
57,11,moe,6542,43,4227,6885,3136,3008,203,0,0,2120,598,8,5,3,8
57,12,moe,728,44,8,0,0,0,0,0,8,0,648,8,8,0,8
57,13,moe,754,43,1833,2048,1466,1002,66,0,0,701,577,8,7,1,8
57,14,moe,685,40,2509,2155,1895,1703,68,0,0,1157,576,8,7,1,8
57,15,moe,719,50,3462,4993,2274,2323,150,0,0,1285,702,8,6,2,8
57,16,moe,734,43,1315,465,853,1008,63,0,0,609,644,8,7,1,8
57,17,moe,759,40,1216,471,851,962,63,0,0,660,607,8,7,1,8
57,18,moe,734,44,2216,2317,1517,1282,73,0,0,656,660,8,7,1,8
57,19,moe,675,45,1406,463,920,1115,65,0,0,694,589,8,7,1,8
57,20,moe,725,44,8,0,0,0,0,0,8,0,583,8,8,0,8
57,21,moe,775,48,3566,4962,2322,2472,159,0,0,1387,679,8,6,2,8
57,22,moe,760,49,2988,2750,2122,2071,133,0,0,1338,597,8,6,2,8
57,23,moe,723,41,3013,1125,1732,2566,153,1,0,1439,674,8,6,2,8
57,24,moe,812,53,3514,5143,2434,2361,152,0,0,1433,683,8,6,2,8
57,25,moe,788,54,2113,2467,1571,1168,76,0,0,702,646,8,7,1,8
57,26,moe,745,52,12506,3833,8160,11500,481,0,0,7635,708,8,2,6,8
57,-1,epi,0,0,0,0,0,0,0,0,4414,0,0,0,0,0,0
58,-2,pre,211,0,0,0,0,0,0,0,0,0,0,0,0,0,0
58,0,dense,1220,48,0,0,0,0,0,0,0,0,0,0,0,0,0
58,1,moe,801,51,2129,2533,1579,1170,77,0,0,697,661,8,7,1,8
58,2,moe,732,48,10,0,0,0,0,0,10,0,658,8,8,0,8
58,3,moe,685,50,4682,5845,3052,3600,237,0,0,2207,850,8,5,3,8
58,4,moe,687,49,6102,2198,4055,5325,208,0,0,3486,685,8,5,3,8
58,5,moe,782,60,1770,2102,1396,1003,67,0,0,696,672,8,7,1,8
58,6,moe,728,56,10,0,0,0,0,0,10,0,742,8,8,0,8
58,7,moe,701,48,2637,2204,1993,1812,70,0,0,1238,700,8,7,1,8
58,8,moe,742,58,1766,1963,1398,1008,63,0,0,703,572,8,7,1,8
58,9,moe,770,43,2345,2613,1638,1281,74,0,0,648,693,8,7,1,8
58,10,moe,757,44,9,0,0,0,0,0,9,0,599,8,8,0,8
58,11,moe,715,48,8,0,0,0,0,0,8,0,601,8,8,0,8
58,12,moe,7347,44,8,0,0,0,0,0,8,0,637,8,8,0,8
58,13,moe,737,48,2992,2281,2118,2091,127,0,0,1344,603,8,6,2,8
58,14,moe,738,47,8,0,0,0,0,0,8,0,584,8,8,0,8
58,15,moe,684,50,3598,5089,2369,2435,150,0,0,1356,705,8,6,2,8
58,16,moe,785,52,1963,2312,1488,1074,66,0,0,665,589,8,7,1,8
58,17,moe,810,45,1766,2105,1397,1002,64,0,0,697,581,8,7,1,8
58,18,moe,715,51,8,0,0,0,0,0,8,0,639,8,8,0,8
58,19,moe,655,63,4209,5039,3078,3074,193,0,0,2136,632,8,5,3,8
58,20,moe,792,47,1317,473,931,1058,65,0,0,737,601,8,7,1,8
58,21,moe,800,50,1661,502,927,1328,78,0,0,672,657,8,7,1,8
58,22,moe,773,49,3074,2374,2198,2105,133,0,0,1362,583,8,6,2,8
58,23,moe,692,50,4955,1136,2824,4465,166,0,0,2500,674,8,6,2,8
58,24,moe,788,63,2098,2347,1559,1162,74,0,0,697,644,8,7,1,8
58,25,moe,790,63,2749,1246,1643,2361,153,0,0,1408,667,8,6,2,8
58,26,moe,754,48,4285,2394,2623,3569,228,0,0,2135,679,8,5,3,8
58,-1,epi,0,0,0,0,0,0,0,0,4344,0,0,0,0,0,0
59,-2,pre,68,0,0,0,0,0,0,0,0,0,0,0,0,0,0
59,0,dense,1339,42,0,0,0,0,0,0,0,0,0,0,0,0,0
59,1,moe,798,46,10,0,0,0,0,0,10,0,730,8,8,0,8
59,2,moe,782,48,1928,2233,1387,1176,77,0,0,712,641,8,7,1,8
59,3,moe,690,40,2863,1186,1757,2416,157,0,0,1467,691,8,6,2,8
59,4,moe,773,45,8,0,0,0,0,0,8,0,623,8,8,0,8
59,5,moe,830,45,8,0,0,0,0,0,8,0,636,8,8,0,8
59,6,moe,779,55,2190,2800,1638,1171,79,0,0,698,668,8,7,1,8
59,7,moe,729,40,2834,2155,2019,1912,75,0,0,1172,603,8,7,1,8
59,8,moe,734,39,9,0,0,0,0,0,9,0,579,8,8,0,8
59,9,moe,777,44,1610,530,899,1293,75,0,0,657,664,8,7,1,8
59,10,moe,731,321,3048,5016,2565,1081,65,0,0,663,574,8,7,1,8
59,11,moe,648,42,1988,2727,1621,1000,65,0,0,698,572,8,7,1,8
59,12,moe,714,42,1578,432,878,1287,76,0,0,663,660,8,7,1,8
59,13,moe,7840,43,3288,4603,2415,2121,134,0,0,1382,596,8,6,2,8
59,14,moe,778,46,2824,2151,2066,2039,133,0,0,1414,581,8,6,2,8
59,15,moe,664,44,1579,516,894,1269,75,0,0,659,661,8,7,1,8
59,16,moe,720,59,2976,2312,2120,2102,133,0,0,1379,602,8,6,2,8
59,17,moe,767,54,1764,2090,1394,999,67,0,0,696,583,8,7,1,8
59,18,moe,719,44,2171,2346,1463,1297,75,0,0,664,662,8,7,1,8
59,19,moe,737,48,3279,4847,2416,2096,134,0,0,1367,592,8,6,2,8
59,20,moe,770,43,3903,2811,2816,3005,192,0,0,2110,627,8,5,3,8
59,21,moe,818,52,5629,2601,3358,4958,301,0,0,2988,701,8,4,4,8
59,22,moe,784,46,7880,5965,5483,6629,433,1,0,4666,600,8,2,6,8
59,23,moe,702,64,7159,3623,4291,6174,382,0,0,3688,664,8,3,5,8
59,24,moe,767,48,5701,4062,3539,4895,296,0,0,3029,698,8,4,4,8
59,25,moe,791,53,8526,5258,5244,7247,448,0,0,4413,670,8,2,6,8
59,26,moe,709,59,14005,4720,8344,12827,463,0,0,7629,680,8,2,6,8
59,-1,epi,0,0,0,0,0,0,0,0,4324,0,0,0,0,0,0
60,-2,pre,63,0,0,0,0,0,0,0,0,0,0,0,0,0,0
60,0,dense,1258,50,0,0,0,0,0,0,0,0,0,0,0,0,0
60,1,moe,737,48,3208,2681,2249,2116,78,0,0,1235,644,8,7,1,8
60,2,moe,720,47,2119,2600,1581,1156,74,0,0,692,662,8,7,1,8
60,3,moe,661,47,5895,5225,3748,4723,300,0,0,2876,656,8,4,4,8
60,4,moe,701,47,2935,2514,2115,1920,67,0,0,1167,569,8,7,1,8
60,5,moe,724,50,2726,2503,2078,1816,67,0,0,1235,586,8,7,1,8
60,6,moe,716,83,9,0,0,0,0,0,9,0,631,8,8,0,8
60,7,moe,635,47,9,0,0,0,0,0,9,0,580,8,8,0,8
60,8,moe,694,47,3291,4995,2558,2014,133,0,0,1414,575,8,6,2,8
60,9,moe,743,48,2294,2365,1572,1289,76,0,0,643,646,8,7,1,8
60,10,moe,698,47,2064,2477,1576,1074,63,0,0,649,585,8,7,1,8
60,11,moe,640,44,1267,458,891,1014,65,0,0,703,566,8,7,1,8
60,12,moe,705,47,1717,825,1016,1276,75,0,0,650,653,8,7,1,8
60,13,moe,746,51,8,0,0,0,0,0,8,0,565,8,8,0,8
60,14,moe,5551,45,2531,1022,1670,2082,130,0,0,1351,576,8,6,2,8
60,15,moe,631,48,4228,1857,2482,3651,222,0,0,2127,657,8,5,3,8
60,16,moe,721,50,9,0,0,0,0,0,9,0,566,8,8,0,8
60,17,moe,732,50,2096,2560,1592,1075,68,0,0,639,581,8,7,1,8
60,18,moe,698,59,9,0,0,0,0,0,9,0,658,8,8,0,8
60,19,moe,705,45,2827,2124,2096,2012,134,0,0,1415,573,8,6,2,8
60,20,moe,707,49,1945,2406,1575,1010,66,0,0,706,575,8,7,1,8
60,21,moe,740,47,4246,1884,2498,3655,228,0,0,2135,652,8,5,3,8
60,22,moe,724,48,2548,1287,1683,2096,136,0,0,1367,574,8,6,2,8
60,23,moe,649,45,5832,3481,3547,4762,309,0,0,2786,645,8,4,4,8
60,24,moe,725,45,5578,3008,3449,4649,309,1,0,2830,647,8,4,4,8
60,25,moe,732,47,2745,1165,1678,2328,150,0,0,1411,642,8,6,2,8
60,26,moe,663,47,2731,1132,1659,2326,148,0,0,1402,644,8,6,2,8
60,-1,epi,0,0,0,0,0,0,0,0,3947,0,0,0,0,0,0
61,-2,pre,49,0,0,0,0,0,0,0,0,0,0,0,0,0,0
61,0,dense,1263,55,0,0,0,0,0,0,0,0,0,0,0,0,0
61,1,moe,749,51,2870,2555,1909,2130,79,0,0,1248,648,8,7,1,8
61,2,moe,731,49,3631,5505,2560,2344,151,0,0,1424,640,8,6,2,8
61,3,moe,652,48,4084,1868,2478,3546,230,0,0,2170,664,8,5,3,8
61,4,moe,701,50,3075,2572,2207,2075,128,0,0,1335,586,8,6,2,8
61,5,moe,736,47,1899,2602,1532,998,65,0,0,696,573,8,7,1,8
61,6,moe,704,49,9,0,0,0,0,0,9,0,632,8,8,0,8
61,7,moe,637,45,2595,2431,1959,1808,68,0,0,1240,567,8,7,1,8
61,8,moe,703,47,9,0,0,0,0,0,9,0,569,8,8,0,8
61,9,moe,717,46,9,0,0,0,0,0,9,0,627,8,8,0,8
61,10,moe,688,49,8,0,0,0,0,0,8,0,573,8,8,0,8
61,11,moe,649,52,1800,2258,1433,1006,65,0,0,704,574,8,7,1,8
61,12,moe,697,48,9,0,0,0,0,0,9,0,635,8,8,0,8
61,13,moe,753,47,7,0,0,0,0,0,7,0,576,8,8,0,8
61,14,moe,697,49,1914,2346,1546,1001,64,0,0,697,582,8,7,1,8
61,15,moe,660,48,3183,2412,2046,2240,77,0,0,1180,646,8,7,1,8
61,16,moe,707,44,9,0,0,0,0,0,9,0,562,8,8,0,8
61,17,moe,746,47,3429,5326,2564,2081,136,0,0,1352,590,8,6,2,8
61,18,moe,698,49,5038,8316,3292,3589,231,0,0,2074,677,8,5,3,8
61,19,moe,661,47,4686,2513,3307,3677,131,0,0,2429,576,8,6,2,8
61,20,moe,716,45,8241,5382,5720,7004,269,0,0,4752,605,8,4,4,8
61,21,moe,757,53,9339,13436,5824,7405,467,0,0,4357,707,8,2,6,8
61,22,moe,800,54,5413,7134,3779,4167,291,0,0,2824,587,8,4,4,8
61,23,moe,674,44,6132,4920,3733,4969,314,0,0,2884,667,8,4,4,8
61,24,moe,756,47,9283,3746,5406,8369,322,0,0,4814,672,8,4,4,8
61,25,moe,752,53,11874,8505,7612,10250,383,1,0,6372,684,8,3,5,8
61,26,moe,700,46,8456,4813,5115,7241,462,0,0,4362,677,8,2,6,8
61,-1,epi,0,0,0,0,0,0,0,0,4236,0,0,0,0,0,0
62,-2,pre,57,0,0,0,0,0,0,0,0,0,0,0,0,0,0
62,0,dense,1388,47,0,0,0,0,0,0,0,0,0,0,0,0,0
62,1,moe,828,51,9,0,0,0,0,0,9,0,731,8,8,0,8
62,2,moe,761,53,9,0,0,0,0,0,9,0,708,8,8,0,8
62,3,moe,761,50,4642,3036,2952,3583,238,0,0,2131,665,8,5,3,8
62,4,moe,777,53,2229,474,1435,1892,69,0,0,1167,572,8,7,1,8
62,5,moe,752,46,9,0,0,0,0,0,9,0,583,8,8,0,8
62,6,moe,768,50,2205,2335,1486,1285,84,0,0,650,660,8,7,1,8
62,7,moe,683,260,9,0,0,0,0,0,9,0,665,8,8,0,8
62,8,moe,703,48,1399,477,896,1082,65,0,0,644,584,8,7,1,8
62,9,moe,806,47,8,0,0,0,0,0,8,0,655,8,8,0,8
62,10,moe,723,44,9,0,0,0,0,0,9,0,582,8,8,0,8
62,11,moe,700,57,2934,2443,2196,2018,142,0,0,1422,651,8,6,2,8
62,12,moe,775,56,2673,566,1487,2318,83,0,0,1215,842,8,7,1,8
62,13,moe,818,59,2302,476,1512,1967,73,0,0,1250,689,8,7,1,8
62,14,moe,774,47,1283,430,902,1028,73,0,0,720,648,8,7,1,8
62,15,moe,9328,46,9,0,0,0,0,0,9,0,636,8,8,0,8
62,16,moe,697,43,9,0,0,0,0,0,9,0,607,8,8,0,8
62,17,moe,770,44,8,0,0,0,0,0,8,0,609,8,8,0,8
62,18,moe,748,53,2301,2426,1592,1302,77,0,0,670,698,8,7,1,8
62,19,moe,662,46,3784,2178,2585,3056,195,0,0,2052,602,8,5,3,8
62,20,moe,760,45,1776,2052,1407,1000,66,0,0,697,573,8,7,1,8
62,21,moe,768,52,7048,1848,4037,6431,229,0,0,3649,657,8,5,3,8
62,22,moe,748,63,2641,1032,1764,2183,138,0,0,1444,587,8,6,2,8
62,23,moe,773,53,7348,1760,4224,6785,231,0,0,3892,671,8,5,3,8
62,24,moe,753,63,4731,5120,3055,3650,254,0,0,2228,655,8,5,3,8
62,25,moe,747,46,7182,1884,4221,6634,241,1,0,3915,664,8,5,3,8
62,26,moe,678,47,7298,2470,4317,6578,248,0,0,3845,663,8,5,3,8
62,-1,epi,0,0,0,0,0,0,0,0,4291,0,0,0,0,0,0
63,-2,pre,168,0,0,0,0,0,0,0,0,0,0,0,0,0,0
63,0,dense,1213,45,0,0,0,0,0,0,0,0,0,0,0,0,0
63,1,moe,738,47,2503,803,1538,2123,79,0,0,1237,664,8,7,1,8
63,2,moe,725,56,4619,4985,2950,3605,224,0,0,2160,682,8,5,3,8
63,3,moe,714,47,3683,5262,2598,2349,159,0,0,1423,653,8,6,2,8
63,4,moe,710,46,1390,459,882,1067,65,0,0,624,601,8,7,1,8
63,5,moe,808,44,2820,2227,2088,2003,133,0,0,1404,601,8,6,2,8
63,6,moe,776,45,8,0,0,0,0,0,8,0,730,8,8,0,8
63,7,moe,767,44,2827,2182,2087,2009,128,0,0,1397,591,8,6,2,8
63,8,moe,730,45,9,0,0,0,0,0,9,0,611,8,8,0,8
63,9,moe,768,44,2627,457,1447,2327,79,0,0,1226,704,8,7,1,8
63,10,moe,765,46,8,0,0,0,0,0,8,0,624,8,8,0,8
63,11,moe,745,49,9,0,0,0,0,0,9,0,637,8,8,0,8
63,12,moe,779,52,7589,8219,4730,6146,237,0,0,3524,664,8,5,3,8
63,13,moe,755,65,2300,461,1483,1978,69,0,0,1230,637,8,7,1,8
63,14,moe,753,59,3748,2392,2624,3046,194,0,0,2116,607,8,5,3,8
63,15,moe,3905,47,3563,3396,2292,2469,147,0,0,1345,664,8,6,2,8
63,16,moe,717,52,4284,1183,2817,3793,132,0,0,2458,591,8,6,2,8
63,17,moe,755,48,2853,2329,2117,2014,134,0,0,1412,594,8,6,2,8
63,18,moe,720,52,2236,2347,1528,1283,77,0,0,652,668,8,7,1,8
63,19,moe,665,52,4025,2318,2770,3155,195,0,0,2095,616,8,5,3,8
63,20,moe,766,54,1316,456,936,1059,65,0,0,744,592,8,7,1,8
63,21,moe,833,48,3423,2371,2155,2468,153,0,0,1353,692,8,6,2,8
63,22,moe,787,45,5258,4787,3626,4221,266,0,0,2855,598,8,4,4,8
63,23,moe,679,47,9,0,0,0,0,0,9,0,648,8,8,0,8
63,24,moe,760,51,7213,3777,4288,6110,380,0,0,3565,761,8,3,5,8
63,25,moe,828,49,6262,7877,4038,4946,315,0,0,3037,681,8,4,4,8
63,26,moe,688,44,3271,2669,2152,2373,156,0,0,1410,666,8,6,2,8
63,-1,epi,0,0,0,0,0,0,0,0,4373,0,0,0,0,0,0
64,-2,pre,75,0,0,0,0,0,0,0,0,0,0,0,0,0,0
64,0,dense,1366,55,0,0,0,0,0,0,0,0,0,0,0,0,0
64,1,moe,791,46,8,0,0,0,0,0,8,0,718,8,8,0,8
64,2,moe,773,52,9,0,0,0,0,0,9,0,721,8,8,0,8
64,3,moe,707,45,5702,3027,3494,4834,311,0,0,2937,698,8,4,4,8
64,4,moe,762,52,9,0,0,0,0,0,9,0,634,8,8,0,8
64,5,moe,784,44,1450,470,927,1126,69,0,0,672,576,8,7,1,8
64,6,moe,798,51,8,0,0,0,0,0,8,0,718,8,8,0,8
64,7,moe,705,41,2501,1009,1743,2109,135,0,0,1486,605,8,6,2,8
64,8,moe,724,46,3205,4528,2448,2039,137,0,0,1419,608,8,6,2,8
64,9,moe,785,46,7545,5030,4379,6591,240,0,0,3665,669,8,5,3,8
64,10,moe,728,51,8,0,0,0,0,0,8,0,585,8,8,0,8
64,11,moe,698,51,1438,458,921,1124,74,0,0,681,593,8,7,1,8
64,12,moe,768,47,2250,2355,1548,1285,72,0,0,655,674,8,7,1,8
64,13,moe,775,51,1408,450,902,1121,73,0,0,688,594,8,7,1,8
64,14,moe,764,48,2877,2840,2125,2022,128,0,0,1398,601,8,6,2,8
64,15,moe,691,44,8,0,0,0,0,0,8,0,675,8,8,0,8
64,16,moe,717,48,8,0,0,0,0,0,8,0,620,8,8,0,8
64,17,moe,804,44,2103,3182,1733,1006,68,0,0,704,570,8,7,1,8
64,18,moe,773,47,8,0,0,0,0,0,8,0,711,8,8,0,8
64,19,moe,706,49,2511,1040,1761,2118,128,0,0,1496,591,8,6,2,8
64,20,moe,730,40,11,0,0,0,0,0,11,0,572,8,8,0,8
64,21,moe,748,49,5813,3168,3380,4968,310,0,0,2845,672,8,4,4,8
64,22,moe,784,53,3855,1648,2596,3269,203,0,0,2213,617,8,5,3,8
64,23,moe,669,44,2600,467,1458,2315,79,0,0,1252,675,8,7,1,8
64,24,moe,769,43,4598,5315,2924,3606,230,0,0,2162,700,8,5,3,8
64,25,moe,805,42,3417,2664,2309,2362,151,0,0,1405,671,8,6,2,8
64,26,moe,671,37,5514,2580,3274,4917,311,0,0,2988,699,8,4,4,8
64,-1,epi,0,0,0,0,0,0,0,0,4424,0,0,0,0,0,0
65,-2,pre,153,0,0,0,0,0,0,0,0,0,0,0,0,0,0
65,0,dense,1225,51,0,0,0,0,0,0,0,0,0,0,0,0,0
65,1,moe,771,42,5093,7857,3430,3652,250,0,0,2239,705,8,5,3,8
65,2,moe,724,41,4860,8197,3243,3549,228,0,0,2160,740,8,5,3,8
65,3,moe,759,40,1537,830,998,1165,75,0,0,701,665,8,7,1,8
65,4,moe,714,39,3013,2372,2109,2111,133,0,0,1340,606,8,6,2,8
65,5,moe,779,47,8,0,0,0,0,0,8,0,579,8,8,0,8
65,6,moe,698,46,5235,11171,3968,2470,158,0,0,1361,696,8,6,2,8
65,7,moe,745,46,4850,4519,3455,3679,131,0,0,2415,609,8,6,2,8
65,8,moe,724,44,13,0,0,0,0,0,13,0,597,8,8,0,8
65,9,moe,774,48,9,0,0,0,0,0,9,0,668,8,8,0,8
65,10,moe,735,42,3171,4677,2436,2016,137,0,0,1418,594,8,6,2,8
65,11,moe,679,43,4495,6930,3404,3264,206,0,0,2379,604,8,5,3,8
65,12,moe,741,42,2353,3125,1627,1313,75,0,0,662,643,8,7,1,8
65,13,moe,765,43,1986,2098,1497,1068,67,0,0,646,589,8,7,1,8
65,14,moe,755,44,2847,2559,2110,2017,128,0,0,1408,594,8,6,2,8
65,15,moe,703,61,6208,5533,3829,4987,307,0,0,2915,670,8,4,4,8
65,16,moe,713,62,3247,4751,2388,2103,127,0,0,1371,586,8,6,2,8
65,17,moe,765,64,4335,4924,3195,3102,198,0,0,2160,596,8,5,3,8
65,18,moe,744,51,9371,8136,5235,8058,336,0,0,4258,696,8,4,4,8
65,19,moe,751,40,12622,6068,9249,11322,495,0,0,8444,604,8,1,7,8
65,20,moe,738,62,3201,4801,2467,2020,138,0,0,1424,580,8,6,2,8
65,21,moe,764,47,8060,8563,4916,6682,245,0,0,3783,699,8,5,3,8
65,22,moe,787,43,7512,10570,5341,5755,383,0,0,3967,605,8,2,6,8
65,23,moe,698,42,3891,5238,2700,2336,142,1,0,1288,717,8,6,2,8
65,24,moe,750,45,9294,5314,5568,8190,303,0,0,4767,689,8,4,4,8
65,25,moe,768,43,4891,7682,3329,3632,224,0,0,2294,666,8,5,3,8
65,26,moe,662,44,2079,2543,1562,1099,75,0,0,657,681,8,7,1,8
65,-1,epi,0,0,0,0,0,0,0,0,4376,0,0,0,0,0,0
66,-2,pre,78,0,0,0,0,0,0,0,0,0,0,0,0,0,0
66,0,dense,1345,50,0,0,0,0,0,0,0,0,0,0,0,0,0
66,1,moe,854,51,4736,5187,3128,3507,234,0,0,2133,702,8,5,3,8
66,2,moe,768,43,9,0,0,0,0,1,8,0,707,8,8,0,8
66,3,moe,727,45,3349,2510,2247,2361,146,0,0,1405,659,8,6,2,8
66,4,moe,771,51,2604,1127,1710,2097,131,0,0,1334,625,8,6,2,8
66,5,moe,816,48,8,0,0,0,0,0,8,0,656,8,8,0,8
66,6,moe,760,49,7,0,0,0,0,0,7,0,697,8,8,0,8
66,7,moe,722,43,8,0,0,0,0,0,8,0,611,8,8,0,8
66,8,moe,764,53,1862,2153,1493,998,66,0,0,695,575,8,7,1,8
66,9,moe,754,47,1645,509,919,1325,78,0,0,677,665,8,7,1,8
66,10,moe,733,50,8,0,0,0,0,0,8,0,586,8,8,0,8
66,11,moe,682,56,5031,3174,3427,4132,297,0,0,2825,675,8,4,4,8
66,12,moe,745,47,2577,513,1443,2241,82,0,0,1189,828,8,7,1,8
66,13,moe,764,60,1441,467,921,1128,67,0,0,675,691,8,7,1,8
66,14,moe,730,46,8,0,0,0,0,0,8,0,680,8,8,0,8
66,15,moe,683,45,3418,2530,2132,2489,152,0,0,1355,758,8,6,2,8
66,16,moe,5108,47,2499,1023,1652,2072,128,0,0,1353,609,8,6,2,8
66,17,moe,1090,45,2377,1018,1654,1995,127,0,0,1399,618,8,6,2,8
66,18,moe,748,44,2189,2340,1459,1305,78,0,0,653,638,8,7,1,8
66,19,moe,713,51,2508,1003,1672,2078,133,0,0,1375,594,8,6,2,8
66,20,moe,753,45,8,0,0,0,0,0,8,0,633,8,8,0,8
66,21,moe,803,63,4856,1152,2798,4390,151,0,0,2483,644,8,6,2,8
66,22,moe,776,45,2279,466,1488,1907,71,0,0,1187,610,8,7,1,8
66,23,moe,655,54,3283,2347,2054,2453,148,0,0,1372,644,8,6,2,8
66,24,moe,767,58,3358,2663,2245,2380,151,0,0,1418,733,8,6,2,8
66,25,moe,820,49,3376,2809,2254,2377,155,0,0,1410,665,8,6,2,8
66,26,moe,670,63,3290,2648,2215,2334,152,0,0,1411,701,8,6,2,8
66,-1,epi,0,0,0,0,0,0,0,0,4388,0,0,0,0,0,0
67,-2,pre,148,0,0,0,0,0,0,0,0,0,0,0,0,0,0
67,0,dense,1214,45,0,0,0,0,0,0,0,0,0,0,0,0,0
67,1,moe,728,57,5966,4768,3735,4863,310,0,0,2942,667,8,4,4,8
67,2,moe,720,55,3034,2361,2033,2159,76,0,0,1234,663,8,7,1,8
67,3,moe,675,61,6158,10353,4013,4812,322,0,0,2989,707,8,4,4,8
67,4,moe,719,51,4680,2152,3185,3810,134,1,0,2450,590,8,6,2,8
67,5,moe,749,46,4243,7059,3140,3074,199,0,0,2170,616,8,5,3,8
67,6,moe,768,46,9,0,0,0,0,0,9,0,713,8,8,0,8
67,7,moe,773,45,1773,2019,1407,1006,67,0,0,707,606,8,7,1,8
67,8,moe,771,51,3144,4531,2398,2048,129,0,0,1431,594,8,6,2,8
67,9,moe,782,55,9,0,0,0,0,0,9,0,641,8,8,0,8
67,10,moe,726,54,8712,7269,6047,7373,274,0,0,4982,607,8,4,4,8
67,11,moe,735,45,5140,4680,3698,4017,267,0,0,2842,602,8,4,4,8
67,12,moe,711,45,1628,524,902,1295,78,0,0,647,667,8,7,1,8
67,13,moe,810,51,5063,4796,3586,3792,134,0,0,2449,628,8,6,2,8
67,14,moe,780,44,1785,2207,1419,997,64,0,0,695,574,8,7,1,8
67,15,moe,677,43,6220,7488,3905,4923,308,0,0,2916,663,8,4,4,8
67,16,moe,734,53,2963,2308,2105,2072,134,0,0,1348,613,8,6,2,8
67,17,moe,7541,49,4065,4740,3035,2947,195,0,0,2112,583,8,5,3,8
67,18,moe,703,54,3038,2226,1956,2129,69,0,0,1116,665,8,7,1,8
67,19,moe,661,40,7744,2534,5259,6864,241,0,0,4620,611,8,4,4,8
67,20,moe,714,50,4480,4595,3292,3416,124,0,0,2352,585,8,6,2,8
67,21,moe,739,60,6951,5573,4187,5786,370,0,0,3392,651,8,3,5,8
67,22,moe,707,41,3960,2661,2764,2970,187,0,0,1961,591,8,5,3,8
67,23,moe,624,41,5579,5303,3416,4543,293,0,0,2673,670,8,4,4,8
67,24,moe,746,78,6794,4819,4186,5678,357,0,0,3427,655,8,3,5,8
67,25,moe,742,55,7645,7724,4976,6032,220,0,0,3583,675,8,5,3,8
67,26,moe,716,46,11443,10666,6991,9814,396,0,0,5758,663,8,3,5,8
67,-1,epi,0,0,0,0,0,0,0,0,4234,0,0,0,0,0,0
68,-2,pre,156,0,0,0,0,0,0,0,0,0,0,0,0,0,0
68,0,dense,1199,43,0,0,0,0,0,0,0,0,0,0,0,0,0
68,1,moe,713,41,8661,12091,6037,5871,374,0,0,3621,649,8,3,5,8
68,2,moe,778,46,6715,15449,4928,2957,140,0,0,1310,642,8,6,2,8
68,3,moe,651,42,5246,5321,3465,3962,147,0,0,2328,659,8,6,2,8
68,4,moe,724,46,5369,9442,3822,3943,260,0,0,2656,587,8,4,4,8
68,5,moe,745,53,9,0,0,0,0,0,9,0,573,8,8,0,8
68,6,moe,691,44,3109,2366,2034,2115,70,0,0,1110,648,8,7,1,8
68,7,moe,651,39,9,0,0,0,0,0,9,0,588,8,8,0,8
68,8,moe,711,46,8,0,0,0,0,0,8,0,597,8,8,0,8
68,9,moe,745,39,2085,2587,1575,1096,73,0,0,659,657,8,7,1,8
68,10,moe,708,42,2850,2279,2005,1987,119,0,0,1261,578,8,6,2,8
68,11,moe,638,53,5968,3172,4183,5138,181,0,0,3534,575,8,5,3,8
68,12,moe,711,41,2414,513,1347,2106,72,0,0,1111,649,8,7,1,8
68,13,moe,732,41,1921,2156,1429,1037,64,1,0,610,561,8,7,1,8
68,14,moe,702,43,1231,457,887,939,61,0,0,656,580,8,7,1,8
68,15,moe,654,44,3142,2315,1954,2320,145,0,0,1277,658,8,6,2,8
68,16,moe,702,42,8,0,0,0,0,0,8,0,563,8,8,0,8
68,17,moe,737,45,1447,715,944,1056,69,0,0,622,624,8,7,1,8
68,18,moe,8461,45,9,0,0,0,0,0,9,0,628,8,8,0,8
68,19,moe,1112,45,3623,2430,2570,2921,190,0,0,2058,588,8,5,3,8
68,20,moe,702,62,1205,478,857,944,63,0,0,659,577,8,7,1,8
68,21,moe,720,44,8,0,0,0,0,0,8,0,635,8,8,0,8
68,22,moe,726,42,3776,1053,2584,3395,125,0,0,2328,581,8,6,2,8
68,23,moe,648,42,1607,478,856,1310,77,0,0,636,663,8,7,1,8
68,24,moe,750,47,3990,5743,2868,2380,152,0,0,1410,667,8,6,2,8
68,25,moe,759,54,6981,2293,4204,6313,219,0,0,3755,674,8,5,3,8
68,26,moe,668,44,6737,2480,4028,6032,216,0,0,3539,726,8,5,3,8
68,-1,epi,0,0,0,0,0,0,0,0,4386,0,0,0,0,0,0
69,-2,pre,54,0,0,0,0,0,0,0,0,0,0,0,0,0,0
69,0,dense,1355,54,0,0,0,0,0,0,0,0,0,0,0,0,0
69,1,moe,822,55,5193,2624,3210,4338,159,0,0,2514,667,8,6,2,8
69,2,moe,739,48,9,0,0,0,0,0,9,0,659,8,8,0,8
69,3,moe,772,47,7564,4805,4607,6472,237,0,0,3752,693,8,5,3,8
69,4,moe,768,58,2799,2174,1994,1916,64,0,0,1175,586,8,7,1,8
69,5,moe,765,59,10,0,0,0,0,0,10,0,580,8,8,0,8
69,6,moe,788,50,8,0,0,0,0,0,8,0,707,8,8,0,8
69,7,moe,707,46,4876,4321,3556,3723,129,0,0,2532,586,8,6,2,8
69,8,moe,715,44,1266,452,897,1007,66,0,0,704,609,8,7,1,8
69,9,moe,750,45,9,0,0,0,0,0,9,0,670,8,8,0,8
69,10,moe,791,45,4743,4365,3491,3586,131,0,0,2465,603,8,6,2,8
69,11,moe,688,52,2625,2406,1938,1891,125,0,0,1329,583,8,6,2,8
69,12,moe,700,48,7,0,0,0,0,0,7,0,663,8,8,0,8
69,13,moe,746,44,8,0,0,0,0,0,8,0,625,8,8,0,8
69,14,moe,754,43,1262,472,898,991,68,0,0,695,579,8,7,1,8
69,15,moe,665,43,1694,718,943,1315,78,0,0,642,674,8,7,1,8
69,16,moe,743,46,8,0,0,0,0,0,8,0,644,8,8,0,8
69,17,moe,805,54,9,0,0,0,0,0,9,0,631,8,8,0,8
69,18,moe,767,53,8,0,0,0,0,1,7,0,722,8,8,0,8
69,19,moe,694,53,9,0,0,0,0,0,9,0,615,8,8,0,8
69,20,moe,758,50,2029,2360,1498,1105,66,0,0,640,566,8,7,1,8
69,21,moe,765,46,3241,2522,2089,2266,78,0,0,1192,672,8,7,1,8
69,22,moe,750,48,8,0,0,0,0,0,8,0,586,8,8,0,8
69,23,moe,686,52,8,0,0,0,0,0,8,0,673,8,8,0,8
69,24,moe,784,52,2474,500,1479,2214,77,0,0,1296,664,8,7,1,8
69,25,moe,777,47,2104,2434,1558,1167,76,0,0,697,636,8,7,1,8
69,26,moe,782,53,2043,2413,1504,1169,73,1,0,704,673,8,7,1,8
69,-1,epi,0,0,0,0,0,0,0,0,4460,0,0,0,0,0,0
70,-2,pre,67,0,0,0,0,0,0,0,0,0,0,0,0,0,0
70,0,dense,1346,51,0,0,0,0,0,0,0,0,0,0,0,0,0
70,1,moe,846,50,3441,2814,2297,2393,150,0,0,1399,684,8,6,2,8
70,2,moe,734,52,10,0,0,0,0,0,10,0,662,8,8,0,8
70,3,moe,698,47,4552,4966,2886,3579,233,0,0,2146,676,8,5,3,8
70,4,moe,719,47,1429,479,902,1093,66,0,0,632,599,8,7,1,8
70,5,moe,795,53,1738,2141,1367,1019,67,0,0,715,581,8,7,1,8
70,6,moe,761,42,9,0,0,0,0,0,9,0,715,8,8,0,8
70,7,moe,722,45,1713,2045,1348,1009,65,0,0,709,574,8,7,1,8
70,8,moe,713,45,1798,2038,1429,1005,63,0,0,699,617,8,7,1,8
70,9,moe,794,49,7,0,0,0,0,0,7,0,712,8,8,0,8
70,10,moe,752,61,3172,4476,2438,2004,136,0,0,1406,579,8,6,2,8
70,11,moe,722,41,2834,2249,2100,2002,134,0,0,1402,585,8,6,2,8
70,12,moe,733,45,3466,2741,2200,2464,152,0,0,1350,666,8,6,2,8
70,13,moe,764,43,4851,4631,3469,3694,130,0,0,2442,627,8,6,2,8
70,14,moe,755,36,1767,2093,1399,1060,70,0,0,762,608,8,7,1,8
70,15,moe,758,43,2540,535,1428,2213,78,1,0,1180,799,8,7,1,8
70,16,moe,716,45,8,0,0,0,0,0,8,0,596,8,8,0,8
70,17,moe,778,45,8,0,0,0,0,0,8,0,598,8,8,0,8
70,18,moe,723,42,1450,517,898,1168,82,0,0,698,791,8,7,1,8
70,19,moe,678,42,9,0,0,0,0,0,9,0,607,8,8,0,8
70,20,moe,730,49,1939,2159,1438,1068,70,0,0,637,649,8,7,1,8
70,21,moe,798,48,8,0,0,0,0,0,8,0,712,8,8,0,8
70,22,moe,805,46,2171,459,1507,1913,64,0,0,1313,604,8,7,1,8
70,23,moe,697,38,4487,5705,3273,2433,146,0,0,1365,689,8,6,2,8
70,24,moe,804,51,4863,1143,2876,4432,150,0,0,2595,689,8,6,2,8
70,25,moe,760,53,3541,4977,2465,2381,152,0,0,1457,699,8,6,2,8
70,26,moe,4659,37,1417,480,870,1168,75,0,0,696,695,8,7,1,8
70,-1,epi,0,0,0,0,0,0,0,0,4224,0,0,0,0,0,0
71,-2,pre,75,0,0,0,0,0,0,0,0,0,0,0,0,0,0
71,0,dense,1209,44,0,0,0,0,0,0,0,0,0,0,0,0,0
71,1,moe,718,44,8,0,0,0,0,0,8,0,654,8,8,0,8
71,2,moe,723,44,2429,505,1425,2172,74,0,0,1242,665,8,7,1,8
71,3,moe,680,64,3668,5499,2576,2370,151,0,0,1429,677,8,6,2,8
71,4,moe,793,45,8,0,0,0,0,0,8,0,620,8,8,0,8
71,5,moe,789,43,2866,2376,1991,2072,134,0,0,1331,593,8,6,2,8
71,6,moe,745,53,8,0,0,0,0,0,8,0,673,8,8,0,8
71,7,moe,695,48,2596,2122,1946,1821,66,0,0,1237,593,8,7,1,8
71,8,moe,708,44,8,0,0,0,0,0,8,0,591,8,8,0,8
71,9,moe,772,48,2553,526,1424,2231,77,0,0,1179,666,8,7,1,8
71,10,moe,751,42,2762,2233,1970,1911,67,0,0,1186,640,8,7,1,8
71,11,moe,738,54,2173,468,1499,1898,70,0,0,1294,598,8,7,1,8
71,12,moe,731,49,8,0,0,0,0,0,8,0,657,8,8,0,8
71,13,moe,799,50,2620,2194,1984,1806,67,1,0,1238,661,8,7,1,8
71,14,moe,763,50,6689,7235,4786,5408,323,0,0,3828,592,8,3,5,8
71,15,moe,691,58,2576,499,1428,2248,78,0,0,1178,658,8,7,1,8
71,16,moe,710,58,1957,2196,1443,1092,64,0,0,642,594,8,7,1,8
71,17,moe,779,48,2110,459,1469,1857,65,0,0,1281,613,8,7,1,8
71,18,moe,717,58,2237,2251,1505,1306,76,0,0,650,665,8,7,1,8
71,19,moe,695,43,1974,2166,1474,1088,66,0,0,654,578,8,7,1,8
71,20,moe,709,43,8,0,0,0,0,0,8,0,629,8,8,0,8
71,21,moe,810,42,9,0,0,0,0,0,9,0,687,8,8,0,8
71,22,moe,802,41,9,0,0,0,0,0,9,0,622,8,8,0,8
71,23,moe,713,44,7438,2506,4302,6646,218,0,0,3728,666,8,5,3,8
71,24,moe,789,48,2120,2525,1584,1156,75,0,0,695,653,8,7,1,8
71,25,moe,756,60,2823,1912,1826,2158,78,0,0,1239,721,8,7,1,8
71,26,moe,726,44,3351,4835,2277,2333,155,0,0,1414,662,8,6,2,8
71,-1,epi,0,0,0,0,0,0,0,0,4340,0,0,0,0,0,0
72,-2,pre,146,0,0,0,0,0,0,0,0,0,0,0,0,0,0
72,0,dense,1229,43,0,0,0,0,0,0,0,0,0,0,0,0,0
72,1,moe,790,49,5667,2955,3529,4778,304,0,0,2944,663,8,4,4,8
72,2,moe,745,48,4833,8053,3201,3563,230,0,0,2161,696,8,5,3,8
72,3,moe,689,49,4267,2742,2650,3525,230,0,0,2138,667,8,5,3,8
72,4,moe,709,59,2247,464,1448,1896,68,0,0,1165,591,8,7,1,8
72,5,moe,759,43,2165,792,1527,1806,68,0,0,1236,600,8,7,1,8
72,6,moe,731,45,2313,2614,1572,1303,80,0,0,642,662,8,7,1,8
72,7,moe,700,50,2759,2078,1963,1918,64,0,0,1186,635,8,7,1,8
72,8,moe,758,51,4773,4733,3501,3622,138,0,0,2488,607,8,6,2,8
72,9,moe,739,46,3756,5111,2492,2500,152,0,0,1388,668,8,6,2,8
72,10,moe,725,62,9,0,0,0,0,0,9,0,583,8,8,0,8
72,11,moe,684,42,6261,2288,4207,5523,192,0,0,3661,615,8,5,3,8
72,12,moe,724,44,5519,4919,3459,4343,154,0,0,2437,675,8,6,2,8
72,13,moe,750,62,2282,455,1474,1968,65,0,0,1225,592,8,7,1,8
72,14,moe,735,47,3073,2892,2334,2014,130,0,0,1405,596,8,6,2,8
72,15,moe,724,43,7531,2754,4360,6713,235,0,0,3777,665,8,5,3,8
72,16,moe,721,55,3410,4858,2538,2098,128,0,0,1354,607,8,6,2,8
72,17,moe,771,46,2648,2080,1979,1840,68,0,0,1239,610,8,7,1,8
72,18,moe,736,55,2331,2478,1610,1293,77,0,0,649,643,8,7,1,8
72,19,moe,747,43,2959,2300,2104,2098,131,0,0,1374,661,8,6,2,8
72,20,moe,754,42,2926,2423,2192,2016,139,0,0,1421,609,8,6,2,8
72,21,moe,792,41,4380,2379,2596,3640,231,0,0,2087,721,8,5,3,8
72,22,moe,807,50,1920,2069,1410,1098,66,0,0,654,592,8,7,1,8
72,23,moe,663,42,3054,1157,1787,2569,147,1,0,1450,675,8,6,2,8
72,24,moe,752,62,3321,2863,2220,2358,149,0,0,1406,659,8,6,2,8
72,25,moe,795,56,5968,5122,3723,4922,298,0,0,2975,662,8,4,4,8
72,26,moe,690,42,9683,4899,5693,8655,313,0,0,4978,685,8,4,4,8
72,-1,epi,0,0,0,0,0,0,0,0,4450,0,0,0,0,0,0
73,-2,pre,217,0,0,0,0,0,0,0,0,0,0,0,0,0,0
73,0,dense,1227,46,0,0,0,0,0,0,0,0,0,0,0,0,0
73,1,moe,751,47,10054,8336,6070,8802,328,0,0,5146,657,8,4,4,8
73,2,moe,726,49,4868,5006,3181,3615,239,0,0,2167,681,8,5,3,8
73,3,moe,719,43,4220,2471,2617,3485,229,1,0,2112,669,8,5,3,8
73,4,moe,756,42,2995,2269,2087,2104,133,0,0,1329,584,8,6,2,8
73,5,moe,767,47,9,0,0,0,0,0,9,0,617,8,8,0,8
73,6,moe,752,45,8,0,0,0,0,0,8,0,713,8,8,0,8
73,7,moe,749,47,1701,2088,1332,1005,67,1,0,704,586,8,7,1,8
73,8,moe,737,47,3181,4867,2451,2017,130,0,0,1417,597,8,6,2,8
73,9,moe,776,52,2329,2541,1606,1293,77,0,0,647,666,8,7,1,8
73,10,moe,722,42,4382,4625,3112,3164,200,0,0,2094,613,8,5,3,8
73,11,moe,685,44,4511,2331,3178,3696,139,1,0,2503,600,8,6,2,8
73,12,moe,711,61,2559,539,1435,2252,76,0,0,1204,676,8,7,1,8
73,13,moe,761,44,2843,2313,2055,1903,67,0,0,1182,627,8,7,1,8
73,14,moe,771,42,6371,7109,4470,5115,212,0,0,3426,588,8,5,3,8
73,15,moe,725,42,5275,2361,3159,4415,154,0,0,2453,727,8,6,2,8
73,16,moe,738,42,1952,2194,1430,1099,67,0,0,644,593,8,7,1,8
73,17,moe,796,51,8,0,0,0,0,0,8,0,628,8,8,0,8
73,18,moe,784,51,5189,6140,3397,3634,233,0,0,2075,655,8,5,3,8
73,19,moe,681,42,6356,2160,4299,5657,197,0,0,3797,625,8,5,3,8
73,20,moe,707,50,3147,5281,2463,1889,128,0,0,1333,591,8,6,2,8
73,21,moe,730,41,7526,7612,4674,6062,225,0,0,3435,672,8,5,3,8
73,22,moe,741,44,6230,5096,4309,5106,180,0,0,3365,588,8,5,3,8
73,23,moe,732,39,4804,8882,3115,3469,214,0,0,1994,650,8,5,3,8
73,24,moe,738,62,9311,8603,5779,7926,285,0,0,4679,675,8,4,4,8
73,25,moe,715,43,4272,5265,2733,3342,223,0,0,2026,670,8,5,3,8
73,26,moe,660,42,1361,491,849,1102,73,0,0,663,689,8,7,1,8
73,-1,epi,0,0,0,0,0,0,0,0,4381,0,0,0,0,0,0
74,-2,pre,101,0,0,0,0,0,0,0,0,0,0,0,0,0,0
74,0,dense,1203,42,0,0,0,0,0,0,0,0,0,0,0,0,0
74,1,moe,721,42,1443,491,881,1187,77,0,0,702,670,8,7,1,8
74,2,moe,694,41,1472,495,905,1218,80,0,0,731,670,8,7,1,8
74,3,moe,659,46,2193,2556,1651,1158,74,0,0,690,692,8,7,1,8
74,4,moe,789,51,3038,2374,2112,2119,131,0,0,1324,585,8,6,2,8
74,5,moe,799,48,8,0,0,0,0,0,8,0,602,8,8,0,8
74,6,moe,734,48,2145,2205,1416,1310,75,0,0,656,658,8,7,1,8
74,7,moe,658,56,9,0,0,0,0,0,9,0,577,8,8,0,8
74,8,moe,715,42,1934,2117,1431,1087,66,0,0,650,601,8,7,1,8
74,9,moe,763,41,2301,2431,1584,1298,83,0,0,664,656,8,7,1,8
74,10,moe,726,43,9,0,0,0,0,0,9,0,570,8,8,0,8
74,11,moe,694,40,8,0,0,0,0,0,8,0,624,8,8,0,8
74,12,moe,751,49,4682,1153,2736,4276,157,1,0,2488,685,8,6,2,8
74,13,moe,763,62,2840,2270,2026,1913,65,0,0,1164,610,8,7,1,8
74,14,moe,750,54,4105,4385,3012,3068,199,0,0,2174,613,8,5,3,8
74,15,moe,736,45,3389,2892,2114,2489,147,0,0,1361,681,8,6,2,8
74,16,moe,722,59,6346,3145,4285,5448,200,0,0,3587,609,8,5,3,8
74,17,moe,770,54,4539,2300,3228,3710,130,0,0,2529,636,8,6,2,8
74,18,moe,760,44,3634,5449,2475,2337,149,0,0,1327,810,8,6,2,8
74,19,moe,645,52,3800,4880,2648,2893,201,0,0,1942,655,8,5,3,8
74,20,moe,722,41,2621,2238,1939,1874,125,0,0,1317,602,8,6,2,8
74,21,moe,747,46,7216,2576,4212,6462,230,0,0,3688,706,8,5,3,8
74,22,moe,785,44,3931,2310,2670,3150,196,0,0,2085,602,8,5,3,8
74,23,moe,694,48,3617,4993,2405,2426,150,0,0,1364,687,8,6,2,8
74,24,moe,780,48,3176,2852,2100,2332,151,0,0,1407,702,8,6,2,8
74,25,moe,785,44,1422,507,878,1162,76,0,0,694,665,8,7,1,8
74,26,moe,719,42,2708,1114,1636,2325,152,0,0,1405,705,8,6,2,8
74,-1,epi,0,0,0,0,0,0,0,0,4444,0,0,0,0,0,0
75,-2,pre,55,0,0,0,0,0,0,0,0,0,0,0,0,0,0
75,0,dense,1343,54,0,0,0,0,0,0,0,0,0,0,0,0,0
75,1,moe,810,49,3251,2840,2147,2361,158,0,0,1415,706,8,6,2,8
75,2,moe,777,52,9,0,0,0,0,0,9,0,741,8,8,0,8
75,3,moe,688,49,8,0,0,0,0,0,8,0,741,8,8,0,8
75,4,moe,778,47,9,0,0,0,0,0,9,0,661,8,8,0,8
75,5,moe,816,50,1901,2165,1378,1093,64,0,0,634,564,8,7,1,8
75,6,moe,749,46,9,0,0,0,0,0,9,0,670,8,8,0,8
75,7,moe,665,41,1850,2147,1481,999,66,0,0,696,584,8,7,1,8
75,8,moe,714,49,1314,478,931,1046,70,0,0,733,599,8,7,1,8
75,9,moe,749,63,8,0,0,0,0,0,8,0,674,8,8,0,8
75,10,moe,716,66,8,0,0,0,0,0,8,0,668,8,8,0,8
75,11,moe,686,49,2863,2396,2120,2019,129,0,0,1405,591,8,6,2,8
75,12,moe,748,49,8,0,0,0,0,0,8,0,713,8,8,0,8
75,13,moe,819,55,4324,7453,3198,3091,200,1,0,2166,589,8,5,3,8
75,14,moe,732,47,7,0,0,0,0,0,7,0,605,8,8,0,8
75,15,moe,757,46,7,0,0,0,0,0,7,0,702,8,8,0,8
75,16,moe,768,43,4475,7058,3339,3106,197,0,0,2167,599,8,5,3,8
75,17,moe,764,43,4003,3134,2867,3142,197,0,0,2203,598,8,5,3,8
75,18,moe,733,61,2194,2294,1463,1295,77,0,0,641,651,8,7,1,8
75,19,moe,723,47,3834,2465,2571,3136,195,0,0,2068,613,8,5,3,8
75,20,moe,716,56,2683,2399,2031,1822,66,0,0,1236,592,8,7,1,8
75,21,moe,783,51,3488,2404,2237,2450,157,1,0,1357,691,8,6,2,8
75,22,moe,759,58,11,0,0,0,0,0,11,0,581,8,8,0,8
75,23,moe,698,44,3207,3024,2125,2332,158,0,0,1408,720,8,6,2,8
75,24,moe,784,48,2107,2382,1566,1165,77,0,0,701,665,8,7,1,8
75,25,moe,761,43,6069,11118,3924,4673,314,0,0,2842,711,8,4,4,8
75,26,moe,789,43,3100,2440,2028,2326,156,0,0,1410,681,8,6,2,8
75,-1,epi,0,0,0,0,0,0,0,0,4454,0,0,0,0,0,0
76,-2,pre,78,0,0,0,0,0,0,0,0,0,0,0,0,0,0
76,0,dense,1254,44,0,0,0,0,0,0,0,0,0,0,0,0,0
76,1,moe,781,50,8,0,0,0,0,0,8,0,694,8,8,0,8
76,2,moe,766,48,2113,2472,1562,1174,78,0,0,701,745,8,7,1,8
76,3,moe,764,47,9,0,0,0,0,0,9,0,735,8,8,0,8
76,4,moe,786,55,4585,2683,3135,3784,134,0,0,2468,600,8,6,2,8
76,5,moe,774,62,1792,2220,1423,1007,64,0,0,702,604,8,7,1,8
76,6,moe,766,50,8,0,0,0,0,0,8,0,697,8,8,0,8
76,7,moe,746,50,7,0,0,0,0,0,7,0,621,8,8,0,8
76,8,moe,781,64,8,0,0,0,0,0,8,0,646,8,8,0,8
76,9,moe,815,51,3737,4682,2445,2505,163,0,0,1376,664,8,6,2,8
76,10,moe,723,40,4479,2052,3071,3726,135,0,0,2453,581,8,6,2,8
76,11,moe,684,47,9,0,0,0,0,0,9,0,592,8,8,0,8
76,12,moe,751,46,9,0,0,0,0,0,9,0,701,8,8,0,8
76,13,moe,809,44,3250,4511,2527,2010,129,0,0,1416,608,8,6,2,8
76,14,moe,753,36,8,0,0,0,0,0,8,0,627,8,8,0,8
76,15,moe,727,49,3713,4686,2433,2503,150,0,0,1373,676,8,6,2,8
76,16,moe,720,38,3010,2323,2133,2091,135,0,0,1349,596,8,6,2,8
76,17,moe,758,37,2683,2081,2016,1838,66,0,0,1237,588,8,7,1,8
76,18,moe,719,50,8,0,0,0,0,0,8,0,686,8,8,0,8
76,19,moe,743,34,2877,2363,2144,2002,134,0,0,1403,573,8,6,2,8
76,20,moe,727,48,1256,462,885,1004,68,0,0,701,581,8,7,1,8
76,21,moe,750,57,9,0,0,0,0,0,9,0,658,8,8,0,8
76,22,moe,769,44,5007,5117,3664,3736,139,0,0,2532,594,8,6,2,8
76,23,moe,660,40,4749,5070,2966,3611,231,0,0,2059,665,8,5,3,8
76,24,moe,750,39,5669,5412,3532,4656,298,0,0,2817,658,8,4,4,8
76,25,moe,772,44,2750,1161,1668,2330,151,0,0,1399,714,8,6,2,8
76,26,moe,701,36,6014,7880,3807,4740,312,0,0,2845,660,8,4,4,8
76,-1,epi,0,0,0,0,0,0,0,0,4147,0,0,0,0,0,0
77,-2,pre,1238,0,0,0,0,0,0,0,0,0,0,0,0,0,0
77,0,dense,1216,46,0,0,0,0,0,0,0,0,0,0,0,0,0
77,1,moe,720,43,9,0,0,0,0,0,9,0,645,8,8,0,8
77,2,moe,730,44,2165,2581,1627,1163,74,0,0,699,655,8,7,1,8
77,3,moe,678,44,2135,2647,1599,1160,74,0,0,698,633,8,7,1,8
77,4,moe,754,45,8,0,0,0,0,0,8,0,623,8,8,0,8
77,5,moe,763,48,7,0,0,0,0,0,7,0,626,8,8,0,8
77,6,moe,755,48,1454,494,904,1171,77,0,0,698,672,8,7,1,8
77,7,moe,655,49,1913,2062,1388,1095,64,0,0,634,589,8,7,1,8
77,8,moe,707,45,4716,4753,3388,3692,134,0,0,2498,626,8,6,2,8
77,9,moe,790,44,3488,2475,2223,2467,154,0,0,1356,672,8,6,2,8
77,10,moe,782,46,2930,2142,2072,2073,134,0,0,1349,602,8,6,2,8
77,11,moe,692,41,3137,4547,2401,2005,134,0,0,1403,659,8,6,2,8
77,12,moe,783,55,3770,5263,2490,2512,153,0,0,1385,667,8,6,2,8
77,13,moe,807,49,4260,5839,3035,3081,202,0,0,2058,638,8,5,3,8
77,14,moe,764,50,3115,4528,2394,2022,130,0,0,1431,612,8,6,2,8
77,15,moe,744,47,4487,3124,2734,3583,225,0,0,2055,696,8,5,3,8
77,16,moe,770,49,4961,4427,3488,3803,140,1,0,2471,583,8,6,2,8
77,17,moe,738,46,1845,2210,1473,1002,67,0,0,697,592,8,7,1,8
77,18,moe,719,45,5988,5153,3607,4901,309,0,0,2829,683,8,4,4,8
77,19,moe,667,60,1383,451,881,1079,66,0,0,643,588,8,7,1,8
77,20,moe,770,43,1781,2108,1411,1002,67,0,0,699,573,8,7,1,8
77,21,moe,762,52,1662,514,937,1328,89,0,0,692,671,8,7,1,8
77,22,moe,765,59,1404,463,911,1087,66,0,0,660,592,8,7,1,8
77,23,moe,683,52,2272,2506,1563,1295,78,0,0,664,669,8,7,1,8
77,24,moe,774,44,5299,8111,3631,4036,242,0,0,2610,682,8,5,3,8
77,25,moe,763,66,4122,2020,2522,3562,231,0,0,2193,690,8,5,3,8
77,26,moe,784,55,1486,504,923,1231,75,0,0,743,665,8,7,1,8
77,-1,epi,0,0,0,0,0,0,0,0,4282,0,0,0,0,0,0
78,-2,pre,52,0,0,0,0,0,0,0,0,0,0,0,0,0,0
78,0,dense,1364,58,0,0,0,0,0,0,0,0,0,0,0,0,0
78,1,moe,814,55,2868,2312,1880,2152,85,0,0,1249,672,8,7,1,8
78,2,moe,771,48,10,0,0,0,0,1,9,0,742,8,8,0,8
78,3,moe,703,44,2475,530,1501,2200,78,0,0,1304,653,8,7,1,8
78,4,moe,721,62,3327,4624,2437,2110,136,0,0,1356,595,8,6,2,8
78,5,moe,778,50,3193,4686,2463,2016,138,0,0,1424,594,8,6,2,8
78,6,moe,745,51,7,0,0,0,0,0,7,0,713,8,8,0,8
78,7,moe,728,47,4397,2044,3088,3670,134,0,0,2495,585,8,6,2,8
78,8,moe,752,46,8,0,0,0,0,0,8,0,612,8,8,0,8
78,9,moe,808,48,8,0,0,0,0,0,8,0,703,8,8,0,8
78,10,moe,763,45,1848,2142,1478,1005,68,0,0,703,567,8,7,1,8
78,11,moe,655,41,8,0,0,0,0,0,8,0,598,8,8,0,8
78,12,moe,712,43,3263,2348,2099,2269,79,0,0,1184,660,8,7,1,8
78,13,moe,750,46,8,0,0,0,0,0,8,0,652,8,8,0,8
78,14,moe,755,46,1405,456,888,1089,68,0,0,640,624,8,7,1,8
78,15,moe,681,42,8,0,0,0,0,0,8,0,708,8,8,0,8
78,16,moe,733,44,8,0,0,0,0,0,8,0,635,8,8,0,8
78,17,moe,804,50,8,0,0,0,0,0,8,0,630,8,8,0,8
78,18,moe,748,40,2627,513,1473,2292,84,0,0,1222,645,8,7,1,8
78,19,moe,692,52,3310,4619,2465,2068,137,0,0,1360,574,8,6,2,8
78,20,moe,710,47,1917,2400,1549,1006,67,0,0,705,567,8,7,1,8
78,21,moe,718,42,1575,499,876,1276,78,0,0,655,777,8,7,1,8
78,22,moe,712,44,7011,9690,5073,5449,363,0,0,3874,626,8,3,5,8
78,23,moe,658,43,5630,2561,3301,4955,317,0,0,2943,681,8,4,4,8
78,24,moe,774,50,7572,5518,4730,6385,237,0,0,3780,817,8,5,3,8
78,25,moe,739,54,12,0,0,0,0,0,12,0,703,8,8,0,8
78,26,moe,695,49,2753,1157,1674,2360,154,0,0,1435,763,8,6,2,8
78,-1,epi,0,0,0,0,0,0,0,0,3841,0,0,0,0,0,0
79,-2,pre,100,0,0,0,0,0,0,0,0,0,0,0,0,0,0
79,0,dense,1223,69,0,0,0,0,0,0,0,0,0,0,0,0,0
79,1,moe,807,61,6028,2533,3601,5255,347,0,0,3175,650,8,4,4,8
79,2,moe,755,70,5186,7608,3407,3862,243,0,0,2326,662,8,5,3,8
79,3,moe,834,51,6310,5032,3985,5214,319,0,0,3208,678,8,4,4,8
79,4,moe,756,56,4113,1631,2760,3512,217,0,0,2376,583,8,5,3,8
79,5,moe,839,54,1354,583,960,1085,71,0,0,762,576,8,7,1,8
79,6,moe,750,55,2411,2685,1665,1378,85,0,0,717,676,8,7,1,8
79,7,moe,794,48,14,0,0,0,0,0,14,0,646,8,8,0,8
79,8,moe,785,53,3153,2413,2200,2272,147,0,0,1466,615,8,6,2,8
79,9,moe,785,66,5069,5213,3083,3994,262,0,0,2270,670,8,5,3,8
79,10,moe,763,51,2721,1327,1812,2252,149,0,0,1492,649,8,6,2,8
79,11,moe,765,55,1380,474,964,1115,72,0,0,771,701,8,7,1,8
79,12,moe,758,46,3433,3130,2131,2542,160,0,0,1400,851,8,6,2,8
79,13,moe,805,65,10,0,0,0,0,1,9,0,698,8,8,0,8
79,14,moe,721,45,4446,5091,3218,3096,208,0,0,2076,666,8,5,3,8
79,15,moe,672,48,5316,5621,3428,3856,254,0,0,2222,704,8,5,3,8
79,16,moe,752,49,6712,6074,4674,5434,346,0,0,3742,620,8,3,5,8
79,17,moe,790,51,6001,3019,4134,5236,321,0,0,3690,597,8,3,5,8
79,18,moe,738,52,7391,4935,4376,6237,384,0,0,3606,666,8,3,5,8
79,19,moe,712,52,7512,5111,5198,6251,404,0,0,4341,598,8,2,6,8
79,20,moe,740,51,6082,3244,4198,5237,335,0,0,3688,593,8,3,5,8
79,21,moe,759,61,7409,5099,4430,6221,376,0,0,3618,660,8,3,5,8
79,22,moe,814,45,6601,6833,4576,5263,346,0,0,3584,592,8,3,5,8
79,23,moe,744,54,8376,3838,4915,7346,453,1,0,4339,682,8,2,6,8
79,24,moe,787,55,7240,7328,4458,6083,444,0,0,3745,662,8,3,5,8
79,25,moe,756,45,10215,16019,6362,8295,534,0,0,4976,681,8,1,7,8
79,26,moe,698,44,8461,5855,5214,7134,475,0,0,4362,699,8,2,6,8
79,-1,epi,0,0,0,0,0,0,0,0,4433,0,0,0,0,0,0
80,-2,pre,69,0,0,0,0,0,0,0,0,0,0,0,0,0,0
80,0,dense,1259,49,0,0,0,0,0,0,0,0,0,0,0,0,0
80,1,moe,798,47,5479,2689,3302,4824,300,0,0,2947,730,8,4,4,8
80,2,moe,706,49,3420,3031,2338,2335,148,1,0,1402,673,8,6,2,8
80,3,moe,682,44,3306,2555,2209,2355,152,0,0,1410,671,8,6,2,8
80,4,moe,701,47,3401,4944,2521,2081,134,0,0,1335,571,8,6,2,8
80,5,moe,722,47,1275,447,906,1007,68,0,0,706,655,8,7,1,8
80,6,moe,894,52,2267,2532,1564,1292,78,0,0,667,682,8,7,1,8
80,7,moe,746,48,1443,464,935,1141,67,0,0,700,628,8,7,1,8
80,8,moe,771,56,9,0,0,0,0,0,9,0,607,8,8,0,8
80,9,moe,789,46,2983,1149,1720,2502,147,0,0,1386,675,8,6,2,8
80,10,moe,714,50,1402,483,900,1094,68,0,0,660,573,8,7,1,8
80,11,moe,663,49,2401,1054,1671,2014,130,0,0,1414,593,8,6,2,8
80,12,moe,697,60,2908,1129,1675,2460,156,0,0,1383,649,8,6,2,8
80,13,moe,746,48,2622,1209,1750,2097,134,0,0,1359,583,8,6,2,8
80,14,moe,693,53,3984,3392,2865,3080,198,0,0,2159,593,8,5,3,8
80,15,moe,653,45,5533,2834,3233,4800,311,0,0,2811,661,8,4,4,8
80,16,moe,702,49,2681,1309,1829,2067,128,0,0,1343,612,8,6,2,8
80,17,moe,817,56,4186,4711,3091,3003,199,0,0,2107,569,8,5,3,8
80,18,moe,701,48,3483,2797,2241,2434,149,0,0,1341,741,8,6,2,8
80,19,moe,649,118,5063,2874,3443,4102,264,0,0,2746,619,8,4,4,8
80,20,moe,738,54,1900,2371,1526,997,66,0,0,689,613,8,7,1,8
80,21,moe,804,84,6064,3749,3765,4764,301,0,0,2766,737,8,4,4,8
80,22,moe,839,112,1391,466,894,1071,65,0,0,639,636,8,7,1,8
80,23,moe,771,92,2889,1077,1657,2439,153,0,0,1360,726,8,6,2,8
80,24,moe,818,91,2765,1175,1685,2333,148,0,0,1401,709,8,6,2,8
80,25,moe,783,53,7210,4775,4556,5828,368,0,0,3542,675,8,3,5,8
80,26,moe,702,51,4080,1871,2472,3549,230,0,0,2171,714,8,5,3,8
80,-1,epi,0,0,0,0,0,0,0,0,4427,0,0,0,0,0,0
81,-2,pre,65,0,0,0,0,0,0,0,0,0,0,0,0,0,0
81,0,dense,1330,51,0,0,0,0,0,0,0,0,0,0,0,0,0
81,1,moe,780,48,4266,2658,2667,3492,223,0,0,2116,670,8,5,3,8
81,2,moe,772,53,4448,3134,2844,3486,225,0,0,2107,669,8,5,3,8
81,3,moe,749,46,6788,3133,4127,5934,367,0,0,3640,678,8,3,5,8
81,4,moe,710,46,3777,1653,2516,3217,195,0,0,2151,613,8,5,3,8
81,5,moe,784,47,1695,2047,1328,1003,68,0,0,704,566,8,7,1,8
81,6,moe,723,49,9,0,0,0,0,1,8,0,667,8,8,0,8
81,7,moe,693,41,8,0,0,0,0,0,8,0,576,8,8,0,8
81,8,moe,695,44,1288,477,907,1020,64,0,0,703,580,8,7,1,8
81,9,moe,747,49,1756,915,1047,1269,78,0,0,638,647,8,7,1,8
81,10,moe,701,47,2094,2352,1571,1148,73,0,0,698,583,8,7,1,8
81,11,moe,665,51,2705,1380,1915,2157,145,0,0,1512,584,8,6,2,8
81,12,moe,734,52,1680,497,935,1365,84,0,0,704,651,8,7,1,8
81,13,moe,749,53,4104,2659,2811,3312,216,0,0,2235,588,8,5,3,8
81,14,moe,749,50,2583,1032,1778,2181,143,0,0,1519,590,8,6,2,8
81,15,moe,669,51,5004,5698,3101,3985,236,1,0,2319,697,8,5,3,8
81,16,moe,759,52,3781,1872,2547,3105,199,0,0,2070,591,8,5,3,8
81,17,moe,743,56,3712,2772,2624,3026,205,0,0,2143,569,8,5,3,8
81,18,moe,701,59,4717,4855,2946,3672,233,0,0,2134,656,8,5,3,8
81,19,moe,658,47,5062,3104,3485,4085,263,0,0,2771,569,8,4,4,8
81,20,moe,701,48,6109,3276,4300,5035,329,0,0,3555,577,8,3,5,8
81,21,moe,744,49,4998,5500,3214,3647,227,0,0,2090,644,8,5,3,8
81,22,moe,720,48,5915,5281,4344,4087,258,0,0,2774,573,8,4,4,8
81,23,moe,656,41,7398,7851,4592,5970,376,0,0,3540,646,8,3,5,8
81,24,moe,718,45,5434,2667,3301,4805,306,0,0,2978,645,8,4,4,8
81,25,moe,747,48,6849,3268,4161,5975,376,0,0,3663,652,8,3,5,8
81,26,moe,660,50,6869,3193,4196,6006,379,0,0,3712,646,8,3,5,8
81,-1,epi,0,0,0,0,0,0,0,0,3869,0,0,0,0,0,0
82,-2,pre,90,0,0,0,0,0,0,0,0,0,0,0,0,0,0
82,0,dense,1233,52,0,0,0,0,0,0,0,0,0,0,0,0,0
82,1,moe,748,51,2845,1423,1757,2345,154,0,0,1411,646,8,6,2,8
82,2,moe,706,50,2902,1945,1829,2334,152,1,0,1414,651,8,6,2,8
82,3,moe,664,44,4372,3393,2767,3504,235,0,0,2134,650,8,5,3,8
82,4,moe,688,42,4870,2319,3258,4190,266,0,0,2844,588,8,4,4,8
82,5,moe,743,45,2384,1030,1660,1989,133,0,0,1398,576,8,6,2,8
82,6,moe,702,42,10,0,0,0,0,0,10,0,640,8,8,0,8
82,7,moe,658,43,1935,2405,1564,1003,68,0,0,700,572,8,7,1,8
82,8,moe,722,41,10,0,0,0,0,0,10,0,562,8,8,0,8
82,9,moe,725,41,9,0,0,0,0,0,9,0,641,8,8,0,8
82,10,moe,698,38,2416,1033,1674,2015,137,0,0,1410,590,8,6,2,8
82,11,moe,652,41,2998,2661,2266,2004,130,0,0,1402,576,8,6,2,8
82,12,moe,704,44,1594,511,883,1269,77,0,0,635,634,8,7,1,8
82,13,moe,724,41,2531,1039,1672,2076,133,0,0,1350,569,8,6,2,8
82,14,moe,700,44,1240,447,874,996,65,0,0,695,577,8,7,1,8
82,15,moe,657,39,5760,4360,3465,4815,299,0,0,2819,645,8,4,4,8
82,16,moe,685,46,2531,1041,1671,2071,134,0,0,1345,571,8,6,2,8
82,17,moe,729,49,6314,5092,4517,5053,329,0,0,3585,579,8,3,5,8
82,18,moe,699,44,2263,2666,1576,1256,75,0,0,644,645,8,7,1,8
82,19,moe,644,42,1353,436,870,1065,65,0,0,647,582,8,7,1,8
82,20,moe,699,44,1250,475,882,999,64,0,0,695,574,8,7,1,8
82,21,moe,726,44,4228,1862,2468,3646,229,0,0,2115,640,8,5,3,8
82,22,moe,727,296,3695,1818,2477,3131,201,0,0,2114,580,8,5,3,8
82,23,moe,645,50,2869,1116,1663,2419,147,0,0,1360,632,8,6,2,8
82,24,moe,734,50,1408,499,871,1158,75,0,0,696,642,8,7,1,8
82,25,moe,722,50,2728,1436,1663,2319,148,0,0,1402,639,8,6,2,8
82,26,moe,674,46,4077,1872,2476,3539,229,0,0,2167,636,8,5,3,8
82,-1,epi,0,0,0,0,0,0,0,0,3846,0,0,0,0,0,0
83,-2,pre,248,0,0,0,0,0,0,0,0,0,0,0,0,0,0
83,0,dense,1212,52,0,0,0,0,0,0,0,0,0,0,0,0,0
83,1,moe,727,49,3431,3412,2349,2337,156,0,0,1411,644,8,6,2,8
83,2,moe,699,52,2205,2551,1662,1165,76,0,0,698,823,8,7,1,8
83,3,moe,673,46,4360,3106,2742,3533,240,0,0,2155,829,8,5,3,8
83,4,moe,742,50,5653,7344,4054,4189,300,0,0,2890,610,8,4,4,8
83,5,moe,794,55,1759,2236,1391,1001,66,0,0,699,590,8,7,1,8
83,6,moe,795,50,3798,4963,2461,2618,162,0,0,1443,729,8,6,2,8
83,7,moe,707,46,5726,6908,4039,4404,279,0,0,2996,588,8,4,4,8
83,8,moe,713,49,1996,2522,1597,1079,73,0,0,753,577,8,7,1,8
83,9,moe,769,47,2372,2314,1603,1382,82,0,0,695,653,8,7,1,8
83,10,moe,718,47,2111,2451,1577,1149,71,0,0,686,578,8,7,1,8
83,11,moe,743,50,1863,2073,1468,1074,72,0,0,751,592,8,7,1,8
83,12,moe,724,52,3454,5342,2169,2485,159,0,0,1359,701,8,6,2,8
83,13,moe,770,47,1988,2105,1511,1074,65,0,0,662,571,8,7,1,8
83,14,moe,751,45,3851,2479,2772,2995,189,0,0,2105,608,8,5,3,8
83,15,moe,663,48,2930,1160,1679,2456,154,0,0,1359,654,8,6,2,8
83,16,moe,704,48,10,0,0,0,0,0,10,0,567,8,8,0,8
83,17,moe,719,62,3014,2333,2120,2123,129,0,0,1358,589,8,6,2,8
83,18,moe,698,51,3736,5375,2470,2459,163,0,0,1356,668,8,6,2,8
83,19,moe,12596,44,5189,4526,3545,4148,274,0,0,2778,584,8,4,4,8
83,20,moe,721,52,2792,2187,2053,2005,135,0,0,1401,582,8,6,2,8
83,21,moe,777,48,3048,1146,1754,2560,150,0,0,1416,685,8,6,2,8
83,22,moe,749,69,2535,1022,1665,2082,130,0,0,1342,595,8,6,2,8
83,23,moe,685,47,2000,2271,1298,1311,76,0,0,685,650,8,7,1,8
83,24,moe,799,52,4250,1870,2590,3715,233,0,0,2288,705,8,5,3,8
83,25,moe,789,45,1416,499,878,1161,76,0,0,699,654,8,7,1,8
83,26,moe,655,44,2830,1107,1711,2415,156,0,0,1452,649,8,6,2,8
83,-1,epi,0,0,0,0,0,0,0,0,3860,0,0,0,0,0,0
84,-2,pre,210,0,0,0,0,0,0,0,0,0,0,0,0,0,0
84,0,dense,1206,48,0,0,0,0,0,0,0,0,0,0,0,0,0
84,1,moe,721,48,1905,2361,1361,1165,78,0,0,699,632,8,7,1,8
84,2,moe,696,49,4082,8434,3543,1161,74,0,0,696,637,8,7,1,8
84,3,moe,663,45,3372,5130,2302,2343,156,0,0,1429,633,8,6,2,8
84,4,moe,684,43,4525,8442,3316,3076,201,0,0,2068,575,8,5,3,8
84,5,moe,715,42,1247,427,879,1001,67,0,0,700,563,8,7,1,8
84,6,moe,681,42,3817,5265,2623,2418,150,0,0,1374,638,8,6,2,8
84,7,moe,644,47,3300,4989,2446,2069,135,1,0,1351,570,8,6,2,8
84,8,moe,686,44,1850,2397,1482,1001,65,0,0,698,570,8,7,1,8
84,9,moe,747,48,3384,2878,2161,2416,150,0,0,1343,641,8,6,2,8
84,10,moe,721,44,4448,7315,3229,3070,205,0,0,2056,576,8,5,3,8
84,11,moe,646,44,2505,1288,1780,1996,134,1,0,1406,572,8,6,2,8
84,12,moe,708,50,2326,2756,1628,1265,76,0,0,643,639,8,7,1,8
84,13,moe,735,46,1369,454,871,1067,68,0,0,637,571,8,7,1,8
84,14,moe,688,43,4229,4718,3104,3039,196,0,0,2110,574,8,5,3,8
84,15,moe,651,45,2270,2329,1579,1262,79,0,0,650,639,8,7,1,8
84,16,moe,692,44,2064,2489,1575,1073,67,0,0,651,566,8,7,1,8
84,17,moe,720,44,1824,2398,1456,999,67,0,0,698,566,8,7,1,8
84,18,moe,694,50,3984,5826,2746,2442,152,0,0,1356,645,8,6,2,8
84,19,moe,662,48,5341,4799,3764,4063,266,0,0,2752,569,8,4,4,8
84,20,moe,692,46,2980,2612,2254,1996,134,0,0,1404,570,8,6,2,8
84,21,moe,715,45,7449,5911,4604,6023,412,0,0,3590,649,8,3,5,8
84,22,moe,724,46,2990,2406,2130,2069,129,0,0,1338,576,8,6,2,8
84,23,moe,647,41,3406,2899,2202,2425,153,0,0,1374,645,8,6,2,8
84,24,moe,724,43,5604,2958,3479,4656,300,0,0,2831,641,8,4,4,8
84,25,moe,716,45,4649,5613,3053,3505,224,0,0,2133,644,8,5,3,8
84,26,moe,633,43,3408,2925,2337,2323,154,0,0,1406,644,8,6,2,8
84,-1,epi,0,0,0,0,0,0,0,0,3843,0,0,0,0,0,0
85,-2,pre,86,0,0,0,0,0,0,0,0,0,0,0,0,0,0
85,0,dense,1216,53,0,0,0,0,0,0,0,0,0,0,0,0,0
85,1,moe,725,47,1882,2239,1339,1171,78,1,0,707,644,8,7,1,8
85,2,moe,696,45,3494,5076,2422,2330,159,0,0,1417,644,8,6,2,8
85,3,moe,656,43,4276,2852,2676,3481,233,0,0,2114,653,8,5,3,8
85,4,moe,695,43,5229,5199,3646,4069,257,0,0,2743,570,8,4,4,8
85,5,moe,726,44,1292,472,923,1002,66,1,0,700,569,8,7,1,8
85,6,moe,688,45,10,0,0,0,0,0,10,0,648,8,8,0,8
85,7,moe,631,45,1254,464,887,999,68,0,0,700,565,8,7,1,8
85,8,moe,689,45,1410,924,1041,1001,67,0,0,699,576,8,7,1,8
85,9,moe,728,46,9,0,0,0,0,0,9,0,638,8,8,0,8
85,10,moe,696,45,8,0,0,0,0,0,8,0,570,8,8,0,8
85,11,moe,651,43,8,0,0,0,0,0,8,0,565,8,8,0,8
85,12,moe,693,46,3488,2604,2192,2492,158,0,0,1354,637,8,6,2,8
85,13,moe,731,48,8,0,0,0,0,0,8,0,572,8,8,0,8
85,14,moe,704,45,3765,1840,2527,3069,198,0,0,2029,585,8,5,3,8
85,15,moe,663,42,1644,490,916,1346,79,0,0,697,637,8,7,1,8
85,16,moe,706,50,1439,438,918,1145,70,0,0,694,576,8,7,1,8
85,17,moe,743,50,10,0,0,0,0,0,10,0,577,8,8,0,8
85,18,moe,706,46,9,0,0,0,0,0,9,0,647,8,8,0,8
85,19,moe,666,254,1337,483,943,1074,71,0,0,751,576,8,7,1,8
85,20,moe,718,47,2317,3390,1920,1079,69,0,0,751,587,8,7,1,8
85,21,moe,744,49,3835,3120,2500,2612,168,0,0,1445,645,8,6,2,8
85,22,moe,736,57,2081,2254,1557,1139,69,0,0,684,578,8,7,1,8
85,23,moe,660,43,6834,17971,5600,2447,156,0,0,1369,637,8,6,2,8
85,24,moe,719,44,2166,2789,1626,1163,75,0,0,698,637,8,7,1,8
85,25,moe,727,43,2139,2700,1603,1157,73,0,0,694,656,8,7,1,8
85,26,moe,654,42,9,0,0,0,0,0,9,0,622,8,8,0,8
85,-1,epi,0,0,0,0,0,0,0,0,3832,0,0,0,0,0,0
86,-2,pre,55,0,0,0,0,0,0,0,0,0,0,0,0,0,0
86,0,dense,1204,50,0,0,0,0,0,0,0,0,0,0,0,0,0
86,1,moe,715,45,8,0,0,0,0,0,8,0,627,8,8,0,8
86,2,moe,679,46,2849,1233,1774,2326,151,0,0,1402,649,8,6,2,8
86,3,moe,655,44,9,0,0,0,0,0,9,0,640,8,8,0,8
86,4,moe,692,47,2657,1040,1754,2199,144,0,0,1440,585,8,6,2,8
86,5,moe,752,47,3773,1660,2617,3248,205,0,0,2297,582,8,5,3,8
86,6,moe,723,46,10,0,0,0,0,0,10,0,643,8,8,0,8
86,7,moe,663,47,1497,984,1102,1076,71,0,0,752,582,8,7,1,8
86,8,moe,716,49,8,0,0,0,0,0,8,0,573,8,8,0,8
86,9,moe,742,47,2358,2686,1601,1362,80,0,0,685,652,8,7,1,8
86,10,moe,721,50,9,0,0,0,0,0,9,0,580,8,8,0,8
86,11,moe,675,48,2195,2628,1665,1148,71,0,0,689,572,8,7,1,8
86,12,moe,738,48,9,0,0,0,0,0,9,0,646,8,8,0,8
86,13,moe,739,46,1491,928,1097,1076,71,0,0,753,574,8,7,1,8
86,14,moe,713,48,1940,2408,1545,1076,72,0,0,753,581,8,7,1,8
86,15,moe,675,44,1695,506,935,1371,82,0,0,693,641,8,7,1,8
86,16,moe,721,45,1461,460,935,1149,73,0,0,696,580,8,7,1,8
86,17,moe,743,51,8,0,0,0,0,0,8,0,566,8,8,0,8
86,18,moe,704,46,2326,2576,1576,1364,80,0,0,694,643,8,7,1,8
86,19,moe,675,45,4964,6005,3685,3275,205,0,0,2201,576,8,5,3,8
86,20,moe,713,43,2544,1029,1760,2140,138,0,0,1494,574,8,6,2,8
86,21,moe,731,43,8,0,0,0,0,0,8,0,624,8,8,0,8
86,22,moe,733,45,3116,2533,2341,2143,137,0,0,1505,586,8,6,2,8
86,23,moe,672,45,3824,5032,2508,2612,161,0,0,1457,648,8,6,2,8
86,24,moe,741,47,3546,2897,2392,2498,163,0,0,1507,654,8,6,2,8
86,25,moe,734,46,2156,2563,1575,1247,84,0,0,750,643,8,7,1,8
86,26,moe,677,43,2245,2676,1667,1251,79,0,0,752,641,8,7,1,8
86,-1,epi,0,0,0,0,0,0,0,0,3832,0,0,0,0,0,0
87,-2,pre,56,0,0,0,0,0,0,0,0,0,0,0,0,0,0
87,0,dense,1246,46,0,0,0,0,0,0,0,0,0,0,0,0,0
87,1,moe,737,44,9,0,0,0,0,0,9,0,632,8,8,0,8
87,2,moe,703,43,9,0,0,0,0,1,8,0,631,8,8,0,8
87,3,moe,718,43,1518,521,942,1251,79,0,0,754,649,8,7,1,8
87,4,moe,706,43,2180,2538,1637,1142,69,1,0,669,570,8,7,1,8
87,5,moe,751,52,1905,2221,1512,1071,69,0,0,747,581,8,7,1,8
87,6,moe,717,47,1665,495,923,1351,79,0,0,688,644,8,7,1,8
87,7,moe,656,45,9,0,0,0,0,0,9,0,564,8,8,0,8
87,8,moe,699,44,9,0,0,0,0,0,9,0,566,8,8,0,8
87,9,moe,742,46,2910,1140,1765,2496,159,0,0,1510,665,8,6,2,8
87,10,moe,720,47,8,0,0,0,0,0,8,0,573,8,8,0,8
87,11,moe,681,48,2196,2534,1637,1162,71,0,0,674,582,8,7,1,8
87,12,moe,714,45,9,0,0,0,0,0,9,0,645,8,8,0,8
87,13,moe,753,44,1320,452,929,1070,69,0,0,748,581,8,7,1,8
87,14,moe,718,43,8,0,0,0,0,0,8,0,590,8,8,0,8
87,15,moe,684,44,7,0,0,0,0,0,7,0,645,8,8,0,8
87,16,moe,709,43,1962,2309,1571,1069,70,0,0,748,583,8,7,1,8
87,17,moe,748,47,1328,468,934,1073,71,0,0,750,584,8,7,1,8
87,18,moe,715,48,1852,934,1093,1361,80,0,0,682,653,8,7,1,8
87,19,moe,680,48,3180,2390,2250,2233,142,1,0,1446,578,8,6,2,8
87,20,moe,729,50,1978,2358,1582,1072,73,0,0,749,577,8,7,1,8
87,21,moe,742,47,2433,2723,1684,1363,82,0,0,696,649,8,7,1,8
87,22,moe,735,46,8,0,0,0,0,0,8,0,563,8,8,0,8
87,23,moe,658,43,1507,503,930,1249,83,0,0,755,641,8,7,1,8
87,24,moe,735,44,5090,5282,3367,3760,249,0,0,2286,659,8,5,3,8
87,25,moe,737,50,2980,1181,1822,2509,177,0,0,1528,674,8,6,2,8
87,26,moe,760,48,2179,2962,1582,1254,84,1,0,742,826,8,7,1,8
87,-1,epi,0,0,0,0,0,0,0,0,4406,0,0,0,0,0,0
88,-2,pre,1203,0,0,0,0,0,0,0,0,0,0,0,0,0,0
88,0,dense,1296,42,0,0,0,0,0,0,0,0,0,0,0,0,0
88,1,moe,732,46,3799,5511,2637,2512,178,0,0,1528,686,8,6,2,8
88,2,moe,745,43,4959,5417,3234,3752,249,0,0,2276,649,8,5,3,8
88,3,moe,683,44,3638,3437,2488,2501,163,0,0,1514,649,8,6,2,8
88,4,moe,711,43,9,0,0,0,0,0,9,0,563,8,8,0,8
88,5,moe,740,42,3202,2600,2303,2215,138,0,0,1454,581,8,6,2,8
88,6,moe,720,52,2406,2663,1687,1355,81,0,0,717,653,8,7,1,8
88,7,moe,655,43,3187,3288,2275,2210,138,0,0,1436,582,8,6,2,8
88,8,moe,708,42,5699,7695,4154,4303,278,0,0,3036,577,8,4,4,8
88,9,moe,738,41,3871,5052,2563,2600,160,0,0,1452,646,8,6,2,8
88,10,moe,705,41,3196,2354,2289,2209,138,0,0,1440,571,8,6,2,8
88,11,moe,670,37,3378,4910,2605,2136,139,0,0,1502,582,8,6,2,8
88,12,moe,709,39,6533,8207,4071,5111,323,1,0,2973,646,8,4,4,8
88,13,moe,740,40,4545,4919,3252,3306,215,0,0,2228,584,8,5,3,8
88,14,moe,716,47,3142,2746,2354,2153,143,0,0,1508,586,8,6,2,8
88,15,moe,665,40,3752,2997,2432,2606,166,0,0,1452,644,8,6,2,8
88,16,moe,707,43,4803,5116,3505,3290,214,0,0,2206,584,8,5,3,8
88,17,moe,797,44,5239,14337,4454,2154,143,0,0,1512,581,8,6,2,8
88,18,moe,718,45,1868,1050,1119,1362,81,0,0,694,715,8,7,1,8
88,19,moe,779,44,2694,1050,1768,2232,139,0,0,1445,646,8,6,2,8
88,20,moe,744,56,5807,7642,4195,4398,280,0,0,3066,602,8,4,4,8
88,21,moe,773,51,3724,2711,2338,2676,170,0,0,1460,674,8,6,2,8
88,22,moe,766,61,3142,2314,2179,2265,142,0,0,1444,604,8,6,2,8
88,23,moe,737,48,6190,5035,3792,5107,338,0,0,3047,691,8,4,4,8
88,24,moe,794,48,1442,519,890,1168,77,0,0,693,726,8,7,1,8
88,25,moe,780,51,5742,3492,3531,4868,308,0,0,2965,684,8,4,4,8
88,26,moe,700,53,4805,5011,3124,3577,228,0,0,2124,723,8,5,3,8
88,-1,epi,0,0,0,0,0,0,0,0,4390,0,0,0,0,0,0
89,-2,pre,68,0,0,0,0,0,0,0,0,0,0,0,0,0,0
89,0,dense,1267,51,0,0,0,0,0,0,0,0,0,0,0,0,0
89,1,moe,755,54,4696,3305,2898,3775,251,0,0,2228,686,8,5,3,8
89,2,moe,757,55,3789,5124,2604,2560,164,1,0,1540,673,8,6,2,8
89,3,moe,765,52,4671,3386,2869,3849,248,0,0,2295,666,8,5,3,8
89,4,moe,752,50,4194,2231,2778,3383,224,0,0,2191,656,8,5,3,8
89,5,moe,832,45,4382,4634,3155,3287,206,0,0,2266,652,8,5,3,8
89,6,moe,767,49,9,0,0,0,0,0,9,0,704,8,8,0,8
89,7,moe,713,48,6272,4796,4377,5237,333,0,0,3675,602,8,3,5,8
89,8,moe,749,46,3197,4535,2448,2027,135,0,0,1413,582,8,6,2,8
89,9,moe,749,45,3502,2713,2195,2489,154,0,0,1336,665,8,6,2,8
89,10,moe,780,46,2918,2213,2040,2088,134,0,0,1344,597,8,6,2,8
89,11,moe,665,42,3728,2251,2638,3003,201,0,0,2114,582,8,5,3,8
89,12,moe,702,48,5691,3405,3385,4837,311,0,0,2842,647,8,4,4,8
89,13,moe,724,46,2529,1058,1669,2076,128,0,0,1344,582,8,6,2,8
89,14,moe,698,46,1251,466,883,1001,67,0,0,700,581,8,7,1,8
89,15,moe,638,44,3595,2936,2345,2447,155,0,0,1352,653,8,6,2,8
89,16,moe,698,46,5057,2896,3478,4092,265,1,0,2779,579,8,4,4,8
89,17,moe,721,45,1253,458,885,1006,64,0,0,702,565,8,7,1,8
89,18,moe,694,47,2929,1323,1713,2439,152,0,0,1375,644,8,6,2,8
89,19,moe,648,44,3665,1623,2446,3130,198,0,0,2109,569,8,5,3,8
89,20,moe,697,47,1858,2392,1487,1009,68,0,0,706,569,8,7,1,8
89,21,moe,722,44,4318,1863,2483,3720,231,0,0,2116,648,8,5,3,8
89,22,moe,730,50,2965,2866,2107,2080,127,0,0,1349,570,8,6,2,8
89,23,moe,681,45,1622,501,926,1307,75,0,0,686,646,8,7,1,8
89,24,moe,725,48,5607,3235,3475,4674,296,0,0,2838,645,8,4,4,8
89,25,moe,733,47,2856,1434,1782,2326,147,0,0,1399,644,8,6,2,8
89,26,moe,662,49,5575,3556,3450,4712,297,0,0,2884,640,8,4,4,8
89,-1,epi,0,0,0,0,0,0,0,0,3841,0,0,0,0,0,0
90,-2,pre,219,0,0,0,0,0,0,0,0,0,0,0,0,0,0
90,0,dense,1212,47,0,0,0,0,0,0,0,0,0,0,0,0,0
90,1,moe,721,43,4679,5622,3086,3555,223,0,0,2185,651,8,5,3,8
90,2,moe,707,43,2076,2552,1539,1159,75,0,0,697,647,8,7,1,8
90,3,moe,658,41,4333,2836,2713,3515,233,0,0,2128,642,8,5,3,8
90,4,moe,702,49,2035,2206,1489,1100,67,0,0,621,579,8,7,1,8
90,5,moe,731,49,9,0,0,0,0,0,9,0,575,8,8,0,8
90,6,moe,687,49,8,0,0,0,0,0,8,0,625,8,8,0,8
90,7,moe,626,47,4224,4993,3142,2999,205,0,0,2122,573,8,5,3,8
90,8,moe,688,44,1870,2343,1501,1002,66,0,0,699,566,8,7,1,8
90,9,moe,714,45,8,0,0,0,0,0,8,0,649,8,8,0,8
90,10,moe,685,42,3261,4739,2535,1996,135,0,0,1405,566,8,6,2,8
90,11,moe,623,44,5200,8402,3761,3994,272,0,0,2827,572,8,4,4,8
90,12,moe,683,45,5283,5936,3522,3585,222,0,0,2046,638,8,5,3,8
90,13,moe,737,50,1381,449,883,1076,68,0,0,646,568,8,7,1,8
90,14,moe,684,58,1858,2328,1489,998,67,0,0,696,563,8,7,1,8
90,15,moe,658,47,3815,5306,2575,2443,150,0,0,1353,651,8,6,2,8
90,16,moe,686,42,3587,5454,2733,2062,132,0,0,1340,569,8,6,2,8
90,17,moe,723,44,1895,2455,1526,998,68,0,0,697,574,8,7,1,8
90,18,moe,690,45,3559,2896,2324,2426,153,1,0,1345,646,8,6,2,8
90,19,moe,641,42,5180,3447,3613,4055,255,0,0,2743,580,8,4,4,8
90,20,moe,692,48,5494,5216,4032,4028,263,0,0,2829,567,8,4,4,8
90,21,moe,739,61,6484,8434,4175,4831,309,0,0,2831,644,8,4,4,8
90,22,moe,717,45,7839,9686,5542,6130,396,0,0,4229,578,8,2,6,8
90,23,moe,649,44,3502,3016,2276,2426,147,0,0,1347,644,8,6,2,8
90,24,moe,718,44,7164,14900,5556,3529,239,0,0,2160,652,8,5,3,8
90,25,moe,718,43,9,0,0,0,0,0,9,0,625,8,8,0,8
90,26,moe,649,46,8432,4471,5204,7067,467,0,0,4306,648,8,2,6,8
90,-1,epi,0,0,0,0,0,0,0,0,3871,0,0,0,0,0,0
91,-2,pre,51,0,0,0,0,0,0,0,0,0,0,0,0,0,0
91,0,dense,1208,47,0,0,0,0,0,0,0,0,0,0,0,0,0
91,1,moe,720,53,4289,2608,2678,3497,241,0,0,2127,648,8,5,3,8
91,2,moe,693,47,2775,1153,1694,2324,157,0,0,1400,637,8,6,2,8
91,3,moe,664,46,5991,8380,3859,4664,310,0,0,2842,646,8,4,4,8
91,4,moe,682,43,3765,1680,2512,3084,199,0,0,2030,576,8,5,3,8
91,5,moe,737,44,1253,466,885,1000,67,1,0,700,578,8,7,1,8
91,6,moe,694,45,8,0,0,0,0,0,8,0,644,8,8,0,8
91,7,moe,659,42,2838,2402,2116,1996,128,0,0,1402,567,8,6,2,8
91,8,moe,701,45,1249,442,880,999,67,0,0,697,576,8,7,1,8
91,9,moe,727,43,4887,6172,3045,3673,239,1,0,2071,655,8,5,3,8
91,10,moe,688,49,1390,458,893,1069,65,0,0,637,569,8,7,1,8
91,11,moe,651,45,3571,1681,2487,3056,200,0,0,2172,582,8,5,3,8
91,12,moe,703,50,9,0,0,0,0,0,9,0,640,8,8,0,8
91,13,moe,735,48,1254,457,885,1006,67,0,0,704,574,8,7,1,8
91,14,moe,736,61,1258,455,890,998,68,0,0,698,590,8,7,1,8
91,15,moe,644,42,2274,3065,1554,1279,76,0,0,635,646,8,7,1,8
91,16,moe,698,46,1429,467,912,1114,63,0,0,660,625,8,7,1,8
91,17,moe,745,45,2396,1046,1671,2009,128,0,0,1412,576,8,6,2,8
91,18,moe,696,57,8,0,0,0,0,1,7,0,638,8,8,0,8
91,19,moe,634,46,2950,2667,2225,1993,131,0,0,1399,573,8,6,2,8
91,20,moe,698,45,2401,1075,1677,1996,130,0,0,1402,568,8,6,2,8
91,21,moe,723,45,1587,498,872,1270,75,0,0,630,639,8,7,1,8
91,22,moe,724,44,8,0,0,0,0,0,8,0,562,8,8,0,8
91,23,moe,653,43,1413,501,873,1163,77,0,0,700,642,8,7,1,8
91,24,moe,721,45,4621,3130,3028,3478,221,0,0,2106,642,8,5,3,8
91,25,moe,737,45,9,0,0,0,0,0,9,0,630,8,8,0,8
91,26,moe,672,41,7523,4025,4643,6334,427,0,0,3881,805,8,3,5,8
91,-1,epi,0,0,0,0,0,0,0,0,4393,0,0,0,0,0,0
92,-2,pre,246,0,0,0,0,0,0,0,0,0,0,0,0,0,0
92,0,dense,1272,56,0,0,0,0,0,0,0,0,0,0,0,0,0
92,1,moe,784,48,4767,3005,3023,3770,260,0,0,2286,688,8,5,3,8
92,2,moe,717,49,3257,2677,2227,2272,80,0,0,1322,643,8,7,1,8
92,3,moe,682,46,10143,5970,6106,8914,316,0,0,5193,643,8,4,4,8
92,4,moe,707,48,2738,1021,1782,2226,148,0,0,1418,583,8,6,2,8
92,5,moe,760,47,10,0,0,0,0,0,10,0,576,8,8,0,8
92,6,moe,725,48,9,0,0,0,0,0,9,0,646,8,8,0,8
92,7,moe,670,47,3384,4833,2608,2149,142,0,0,1515,580,8,6,2,8
92,8,moe,730,48,10,0,0,0,0,0,10,0,590,8,8,0,8
92,9,moe,762,45,8,0,0,0,0,0,8,0,642,8,8,0,8
92,10,moe,723,47,3153,2686,2374,2143,143,0,0,1507,586,8,6,2,8
92,11,moe,669,42,5447,4681,3899,4315,284,0,0,3051,586,8,4,4,8
92,12,moe,720,47,5781,2992,3590,4653,159,0,0,2621,647,8,6,2,8
92,13,moe,749,49,1484,481,943,1149,72,0,0,680,579,8,7,1,8
92,14,moe,725,47,6994,7476,5015,5774,208,0,0,4003,576,8,5,3,8
92,15,moe,634,41,5168,5961,3392,3602,230,0,0,2056,648,8,5,3,8
92,16,moe,689,45,3276,4700,2440,2073,130,0,0,1367,577,8,6,2,8
92,17,moe,734,49,3200,4710,2474,1999,135,0,0,1408,571,8,6,2,8
92,18,moe,693,42,5003,6414,3227,3645,251,0,0,2120,643,8,5,3,8
92,19,moe,654,42,10531,9746,7239,8866,331,0,0,5905,573,8,3,5,8
92,20,moe,697,44,1882,2258,1516,996,64,0,0,694,573,8,7,1,8
92,21,moe,734,49,6033,5358,3767,4799,305,0,0,2838,645,8,4,4,8
92,22,moe,734,42,6544,4948,4520,5389,192,0,0,3557,569,8,5,3,8
92,23,moe,655,41,2508,487,1405,2213,76,0,0,1186,638,8,7,1,8
92,24,moe,724,41,4050,1886,2453,3539,221,0,0,2163,642,8,5,3,8
92,25,moe,728,44,1417,508,879,1157,77,0,0,696,646,8,7,1,8
92,26,moe,665,47,3315,2664,2246,2316,148,0,0,1395,645,8,6,2,8
92,-1,epi,0,0,0,0,0,0,0,0,3851,0,0,0,0,0,0
93,-2,pre,226,0,0,0,0,0,0,0,0,0,0,0,0,0,0
93,0,dense,1220,45,0,0,0,0,0,0,0,0,0,0,0,0,0
93,1,moe,732,48,1930,2413,1386,1164,79,0,0,699,643,8,7,1,8
93,2,moe,704,48,3137,2838,2178,2117,78,0,0,1236,643,8,7,1,8
93,3,moe,665,44,4847,7935,3255,3490,230,0,0,2128,645,8,5,3,8
93,4,moe,695,47,4676,2413,3254,3687,128,1,0,2394,576,8,6,2,8
93,5,moe,723,47,9,0,0,0,0,0,9,0,558,8,8,0,8
93,6,moe,698,41,8,0,0,0,0,0,8,0,632,8,8,0,8
93,7,moe,627,41,2752,2396,2027,1997,133,0,0,1405,568,8,6,2,8
93,8,moe,696,44,2660,2311,2024,1802,66,0,0,1232,572,8,7,1,8
93,9,moe,739,43,2252,2677,1538,1272,78,0,0,636,650,8,7,1,8
93,10,moe,695,45,9,0,0,0,0,0,9,0,563,8,8,0,8
93,11,moe,650,39,8,0,0,0,0,0,8,0,560,8,8,0,8
93,12,moe,691,43,5006,7859,3390,3502,236,0,0,2122,646,8,5,3,8
93,13,moe,727,44,1405,475,887,1078,68,0,0,628,575,8,7,1,8
93,14,moe,692,44,4080,5020,2995,3009,199,0,0,2123,583,8,5,3,8
93,15,moe,637,42,5540,5215,3479,4333,158,0,0,2430,638,8,6,2,8
93,16,moe,705,44,4227,4593,3012,3073,201,0,0,2059,572,8,5,3,8
93,17,moe,725,44,3999,1011,2736,3610,127,0,0,2474,571,8,6,2,8
93,18,moe,688,44,3791,5559,2556,2438,152,0,0,1355,636,8,6,2,8
93,19,moe,631,43,8494,4808,5850,7291,259,0,0,4906,566,8,4,4,8
93,20,moe,698,48,2338,1222,1612,2011,137,0,0,1422,569,8,6,2,8
93,21,moe,731,48,6152,5768,3844,4857,304,0,0,2853,646,8,4,4,8
93,22,moe,738,50,6679,5565,4737,5196,331,1,0,3586,573,8,3,5,8
93,23,moe,646,43,6304,8726,4002,4784,316,0,0,2798,649,8,4,4,8
93,24,moe,731,44,4269,2778,2676,3478,221,0,0,2106,641,8,5,3,8
93,25,moe,725,43,10256,19584,7415,5996,221,0,0,3376,644,8,5,3,8
93,26,moe,656,51,5556,2933,3404,4667,317,0,0,2832,639,8,4,4,8
93,-1,epi,0,0,0,0,0,0,0,0,3828,0,0,0,0,0,0
94,-2,pre,216,0,0,0,0,0,0,0,0,0,0,0,0,0,0
94,0,dense,1213,41,0,0,0,0,0,0,0,0,0,0,0,0,0
94,1,moe,734,37,12067,14072,7766,10164,377,0,0,6240,645,8,3,5,8
94,2,moe,704,41,7774,14321,5106,5886,440,0,0,3658,644,8,3,5,8
94,3,moe,657,36,5850,5888,3716,4671,308,0,0,2845,646,8,4,4,8
94,4,moe,690,36,5686,9980,4083,4140,273,0,0,2810,571,8,4,4,8
94,5,moe,725,37,6780,11807,4982,5011,337,0,0,3550,573,8,3,5,8
94,6,moe,697,36,1575,488,881,1278,79,1,0,664,636,8,7,1,8
94,7,moe,656,36,6039,9613,4495,4417,260,0,0,3133,584,8,4,4,8
94,8,moe,691,37,8375,7518,5863,7131,256,0,0,4875,569,8,4,4,8
94,9,moe,723,37,10287,10795,6354,8504,302,1,0,4874,647,8,4,4,8
94,10,moe,697,39,6958,7979,5010,5541,336,0,0,3929,572,8,3,5,8
94,11,moe,656,290,5687,14531,4599,2995,193,0,0,2100,574,8,5,3,8
94,12,moe,695,41,7072,14932,4892,4508,304,0,0,2632,649,8,4,4,8
94,13,moe,718,42,4205,7546,3082,2892,199,0,0,1968,570,8,5,3,8
94,14,moe,679,41,5235,7911,3883,3776,257,0,0,2681,567,8,4,4,8
94,15,moe,633,38,6166,9094,3984,4575,293,0,0,2686,637,8,4,4,8
94,16,moe,680,40,5252,9771,3775,3822,260,0,0,2605,564,8,4,4,8
94,17,moe,730,41,6473,10157,4793,4682,308,0,0,3310,569,8,3,5,8
94,18,moe,670,46,4712,8515,3075,3385,215,0,0,1963,632,8,5,3,8
94,19,moe,635,40,5127,7563,3645,3854,248,0,0,2620,566,8,4,4,8
94,20,moe,5101,47,1767,2249,1422,942,62,0,0,659,554,8,7,1,8
94,21,moe,705,49,8388,10310,5218,6735,440,0,0,4005,641,8,2,6,8
94,22,moe,706,41,9962,7033,6881,8515,309,0,0,5743,564,8,3,5,8
94,23,moe,630,39,8004,11132,5871,4451,280,0,0,2598,633,8,4,4,8
94,24,moe,725,40,7487,14073,5003,5605,359,0,0,3480,631,8,3,5,8
94,25,moe,704,39,5686,7865,3684,4386,347,0,0,2731,641,8,4,4,8
94,26,moe,627,40,7015,10641,4528,5451,359,0,0,3323,641,8,3,5,8
94,-1,epi,0,0,0,0,0,0,0,0,3849,0,0,0,0,0,0
95,-2,pre,217,0,0,0,0,0,0,0,0,0,0,0,0,0,0
95,0,dense,1185,44,0,0,0,0,0,0,0,0,0,0,0,0,0
95,1,moe,701,40,10058,13406,5603,8340,382,0,0,4267,819,8,3,5,8
95,2,moe,694,42,3619,5280,2544,2270,152,0,0,1347,725,8,6,2,8
95,3,moe,661,44,7490,11120,4815,5917,391,0,0,3633,642,8,3,5,8
95,4,moe,702,50,2525,984,1657,2065,128,0,0,1325,570,8,6,2,8
95,5,moe,727,43,4348,7352,3263,3003,199,0,0,2117,574,8,5,3,8
95,6,moe,691,45,3888,5426,2662,2430,149,1,0,1354,641,8,6,2,8
95,7,moe,637,43,3232,4730,2386,2064,130,0,0,1348,566,8,6,2,8
95,8,moe,691,42,3787,2374,2699,3011,198,0,0,2121,567,8,5,3,8
95,9,moe,721,43,7140,8272,4171,5855,225,0,0,3111,646,8,5,3,8
95,10,moe,693,44,6952,10893,4936,5225,338,3,0,3550,611,8,3,5,8
95,11,moe,719,41,2956,4461,2269,1880,134,0,0,1327,575,8,6,2,8
95,12,moe,735,52,3353,2444,2162,2306,142,0,0,1257,677,8,6,2,8
95,13,moe,799,53,3172,4529,2353,1955,128,0,0,1264,572,8,6,2,8
95,14,moe,694,48,5083,7006,3647,3893,253,0,0,2710,575,8,4,4,8
95,15,moe,663,55,4497,5060,2767,3470,215,1,0,1956,707,8,5,3,8
95,16,moe,762,51,5667,7740,4088,4289,270,0,0,2980,596,8,4,4,8
95,17,moe,743,50,4092,6998,3037,2849,190,0,0,1984,586,8,5,3,8
95,18,moe,714,46,9706,11178,5962,8115,294,0,0,4665,650,8,4,4,8
95,19,moe,639,55,4080,4608,2889,2923,189,0,0,1921,590,8,5,3,8
95,20,moe,692,57,1211,466,860,942,65,0,0,656,575,8,7,1,8
95,21,moe,726,41,4607,5015,2905,3423,224,0,0,1945,667,8,5,3,8
95,22,moe,751,41,3173,4622,2358,1966,122,0,0,1273,571,8,6,2,8
95,23,moe,640,41,8977,5998,5309,7840,284,0,0,4456,668,8,4,4,8
95,24,moe,734,47,6390,10758,4291,5045,310,0,0,3256,643,8,4,4,8
95,25,moe,728,42,9563,11594,5942,8039,290,0,0,4708,656,8,4,4,8
95,26,moe,675,45,7174,10530,4551,5651,373,0,0,3401,668,8,3,5,8
95,-1,epi,0,0,0,0,0,0,0,0,4343,0,0,0,0,0,0
96,-2,pre,172,0,0,0,0,0,0,0,0,0,0,0,0,0,0
96,0,dense,1220,46,0,0,0,0,0,0,0,0,0,0,0,0,0
96,1,moe,774,54,12518,13793,7908,10670,451,0,0,6511,648,8,2,6,8
96,2,moe,686,50,2690,1296,1640,2218,148,0,0,1316,652,8,6,2,8
96,3,moe,731,52,9306,5465,5584,8220,288,0,0,4786,670,8,4,4,8
96,4,moe,698,43,3665,2164,2450,2962,189,0,0,1936,639,8,5,3,8
96,5,moe,785,46,6535,9278,4832,4912,320,0,0,3529,582,8,3,5,8
96,6,moe,695,47,3413,2810,2226,2311,142,0,0,1266,656,8,6,2,8
96,7,moe,707,55,4652,3567,3162,3850,253,0,0,2613,587,8,4,4,8
96,8,moe,716,43,3069,4759,2387,1894,124,0,0,1336,593,8,6,2,8
96,9,moe,753,47,4803,7989,3047,3521,223,0,0,1988,677,8,5,3,8
96,10,moe,714,54,2216,749,1451,1801,61,0,0,1097,632,8,7,1,8
96,11,moe,692,40,6222,4933,4357,5242,197,0,0,3574,594,8,5,3,8
96,12,moe,694,42,10952,13500,6143,9099,369,0,0,4659,650,8,3,5,8
96,13,moe,749,41,8221,4670,5615,7088,244,0,0,4726,602,8,4,4,8
96,14,moe,722,60,2126,3238,1779,940,60,0,0,653,569,8,7,1,8
96,15,moe,643,58,5017,2335,2992,4213,152,0,0,2340,659,8,6,2,8
96,16,moe,714,41,9862,8039,6615,8528,315,0,0,5596,602,8,3,5,8
96,17,moe,745,46,5119,6936,3699,3824,252,0,0,2656,579,8,4,4,8
96,18,moe,735,40,3182,2592,1968,2349,139,0,0,1274,655,8,6,2,8
96,19,moe,687,53,3181,4840,2363,1955,127,0,0,1264,584,8,6,2,8
96,20,moe,703,56,3572,6315,2889,1886,126,0,0,1329,579,8,6,2,8
96,21,moe,732,42,6011,11004,3760,4564,310,0,0,2623,673,8,4,4,8
96,22,moe,763,40,1393,451,885,1085,64,0,0,641,615,8,7,1,8
96,23,moe,701,43,2170,2436,1518,1194,73,0,0,615,678,8,7,1,8
96,24,moe,783,44,3435,5253,2430,2204,147,0,0,1346,627,8,6,2,8
96,25,moe,710,42,3206,2835,2188,2186,150,0,0,1318,635,8,6,2,8
96,26,moe,652,40,4890,2821,3112,3969,138,0,0,2329,652,8,6,2,8
96,-1,epi,0,0,0,0,0,0,0,0,3980,0,0,0,0,0,0
97,-2,pre,232,0,0,0,0,0,0,0,0,0,0,0,0,0,0
97,0,dense,1190,44,0,0,0,0,0,0,0,0,0,0,0,0,0
97,1,moe,715,42,12292,9061,7852,10675,432,0,0,6667,708,8,2,6,8
97,2,moe,741,43,8938,11804,5315,7265,290,0,0,3932,704,8,4,4,8
97,3,moe,656,42,6647,4099,4104,5630,370,0,0,3457,731,8,3,5,8
97,4,moe,734,48,4829,3039,3236,3945,256,0,0,2608,601,8,4,4,8
97,5,moe,767,46,6255,4607,4431,5188,190,0,0,3554,569,8,5,3,8
97,6,moe,683,42,3987,6169,2763,2342,147,0,0,1265,663,8,6,2,8
97,7,moe,666,58,5314,4554,3744,3976,250,0,0,2656,579,8,4,4,8
97,8,moe,734,259,5332,11883,4292,3602,187,0,0,2749,579,8,5,3,8
97,9,moe,746,45,4424,3602,2720,3408,218,0,0,1922,743,8,5,3,8
97,10,moe,717,49,5118,7419,3570,3915,248,0,0,2615,608,8,4,4,8
97,11,moe,699,42,2642,2204,1945,1892,126,0,0,1321,629,8,6,2,8
97,12,moe,753,41,3377,2626,2194,2318,142,0,0,1277,665,8,6,2,8
97,13,moe,769,47,2878,2393,2006,1992,136,0,0,1256,579,8,6,2,8
97,14,moe,713,41,2674,2155,1987,1871,125,0,0,1309,568,8,6,2,8
97,15,moe,628,39,5734,3709,3519,4583,284,0,0,2652,649,8,4,4,8
97,16,moe,697,68,8045,7966,5532,6615,248,0,0,4350,611,8,4,4,8
97,17,moe,761,48,4682,3486,3241,3915,257,0,0,2731,582,8,4,4,8
97,18,moe,708,42,4717,7838,3032,3404,219,0,0,1938,647,8,5,3,8
97,19,moe,650,43,5958,3515,4043,5000,317,0,0,3402,626,8,3,5,8
97,20,moe,722,46,3920,4516,2893,2832,191,0,0,1996,584,8,5,3,8
97,21,moe,7085,68,4711,7609,3021,3416,226,0,0,1952,676,8,5,3,8
97,22,moe,769,41,2773,2136,1949,1963,121,0,0,1260,612,8,6,2,8
97,23,moe,643,43,1527,482,855,1229,71,0,0,628,656,8,7,1,8
97,24,moe,745,49,11133,7790,6683,9701,380,0,0,5631,826,8,3,5,8
97,25,moe,750,50,1379,499,858,1096,80,0,0,655,844,8,7,1,8
97,26,moe,712,46,9101,10588,5556,7708,314,1,0,4478,688,8,4,4,8
97,-1,epi,0,0,0,0,0,0,0,0,4395,0,0,0,0,0,0
98,-2,pre,164,0,0,0,0,0,0,0,0,0,0,0,0,0,0
98,0,dense,1200,53,0,0,0,0,0,0,0,0,0,0,0,0,0
98,1,moe,793,46,7594,14127,4967,5679,372,0,0,3424,672,8,3,5,8
98,2,moe,745,55,4365,4738,2826,3348,216,0,0,2025,694,8,5,3,8
98,3,moe,652,43,2612,1119,1581,2201,149,0,0,1319,645,8,6,2,8
98,4,moe,725,49,1972,2320,1450,1044,63,0,0,585,561,8,7,1,8
98,5,moe,756,58,1244,494,898,937,63,0,0,654,575,8,7,1,8
98,6,moe,700,44,2251,2451,1561,1213,72,0,0,595,666,8,7,1,8
98,7,moe,663,61,2839,2516,2002,1981,124,0,0,1268,574,8,6,2,8
98,8,moe,708,43,1696,2181,1350,937,63,0,0,654,562,8,7,1,8
98,9,moe,724,41,1535,512,852,1207,73,0,0,597,647,8,7,1,8
98,10,moe,710,49,3182,4502,2351,1968,127,0,0,1264,593,8,6,2,8
98,11,moe,666,42,1805,2155,1460,939,63,0,0,657,562,8,7,1,8
98,12,moe,691,41,6142,5944,3978,4476,288,0,0,2600,672,8,4,4,8
98,13,moe,744,44,6167,3573,4245,5189,180,0,0,3447,576,8,5,3,8
98,14,moe,715,41,5075,5077,3644,3963,253,0,0,2785,596,8,4,4,8
98,15,moe,641,80,5869,7822,3646,4525,302,0,0,2604,661,8,4,4,8
98,16,moe,712,42,6324,9775,4469,4854,322,0,0,3321,618,8,3,5,8
98,17,moe,768,41,10373,12715,7411,8428,303,0,0,5769,594,8,3,5,8
98,18,moe,705,46,8340,5494,5020,6974,435,0,0,4089,689,8,2,6,8
98,19,moe,679,46,5068,4968,3562,3920,248,0,0,2662,595,8,4,4,8
98,20,moe,758,45,5111,7172,3760,3764,245,0,0,2658,604,8,4,4,8
98,21,moe,804,46,9247,4867,5441,8120,289,0,0,4603,650,8,4,4,8
98,22,moe,724,53,2795,2226,1975,1960,122,0,0,1262,587,8,6,2,8
98,23,moe,675,45,3599,5159,2417,2329,147,0,0,1294,643,8,6,2,8
98,24,moe,736,48,5799,7599,3778,4485,291,0,0,2755,659,8,4,4,8
98,25,moe,734,49,4243,3035,2724,3291,212,0,0,1984,671,8,5,3,8
98,26,moe,742,51,7557,13431,5049,5664,387,0,0,3543,661,8,3,5,8
98,-1,epi,0,0,0,0,0,0,0,0,4313,0,0,0,0,0,0
99,-2,pre,44,0,0,0,0,0,0,0,0,0,0,0,0,0,0
99,0,dense,1328,46,0,0,0,0,0,0,0,0,0,0,0,0,0
99,1,moe,744,46,7313,13316,4799,5563,378,0,0,3427,671,8,3,5,8
99,2,moe,724,55,5530,5403,3463,4501,287,0,0,2721,671,8,4,4,8
99,3,moe,652,39,7581,5759,4918,6038,214,0,0,3589,644,8,5,3,8
99,4,moe,699,43,7631,12141,5441,5820,388,0,0,4018,593,8,2,6,8
99,5,moe,762,46,9945,9474,6914,8367,319,0,0,5655,595,8,3,5,8
99,6,moe,688,71,5383,4910,3352,4177,144,0,0,2290,666,8,6,2,8
99,7,moe,660,40,3191,4460,2371,1952,128,0,0,1260,576,8,6,2,8
99,8,moe,687,62,2697,2178,2008,1887,124,0,0,1322,614,8,6,2,8
99,9,moe,773,41,5663,4867,3479,4534,298,0,0,2648,653,8,4,4,8
99,10,moe,689,57,6885,12205,4984,4944,314,0,0,3357,580,8,3,5,8
99,11,moe,659,44,8155,9197,5685,6895,259,0,0,4684,614,8,4,4,8
99,12,moe,736,44,4829,7852,3099,3500,216,1,0,1987,657,8,5,3,8
99,13,moe,776,49,6685,11437,4778,4867,324,0,0,3284,583,8,3,5,8
99,14,moe,690,60,4991,7124,3627,3780,258,0,0,2674,598,8,4,4,8
99,15,moe,689,45,4753,8011,3039,3443,220,0,0,1949,668,8,5,3,8
99,16,moe,712,61,6155,7686,4314,4793,322,0,0,3274,602,8,3,5,8
99,17,moe,731,53,6317,9342,4539,4849,323,1,0,3395,606,8,3,5,8
99,18,moe,709,49,4736,5293,2989,3569,224,0,0,2046,660,8,5,3,8
99,19,moe,718,44,11084,5923,7574,9917,393,0,0,6800,567,8,2,6,8
99,20,moe,692,52,5375,10731,4084,4048,256,0,0,3013,563,8,4,4,8
99,21,moe,718,47,8731,5268,5062,7612,289,0,0,4232,673,8,4,4,8
99,22,moe,737,39,1829,2198,1360,977,58,0,0,566,557,8,7,1,8
99,23,moe,628,33,3043,2666,1933,2175,140,0,0,1205,669,8,6,2,8
99,24,moe,698,35,5469,8382,3556,4162,280,0,0,2529,654,8,4,4,8
99,25,moe,760,36,5365,7365,3453,4144,287,0,0,2519,688,8,4,4,8
99,26,moe,645,40,4410,5093,2919,3181,209,0,0,1899,661,8,5,3,8
99,-1,epi,0,0,0,0,0,0,0,0,4266,0,0,0,0,0,0
100,-2,pre,143,0,0,0,0,0,0,0,0,0,0,0,0,0,0
100,0,dense,1177,37,0,0,0,0,0,0,0,0,0,0,0,0,0
100,1,moe,705,41,9096,8006,5558,7839,275,0,0,4576,661,8,4,4,8
100,2,moe,714,37,8932,7623,5340,7653,290,0,0,4351,647,8,4,4,8
100,3,moe,643,36,7256,8262,4634,5877,385,0,0,3640,655,8,3,5,8
100,4,moe,716,40,4315,7582,3141,2927,183,0,0,1936,578,8,5,3,8
100,5,moe,716,263,4138,7718,3119,2818,186,0,0,1985,566,8,5,3,8
100,6,moe,689,40,6328,15595,4243,4351,294,0,0,2560,673,8,4,4,8
100,7,moe,617,37,11401,14596,7813,9144,352,0,0,5908,581,8,2,6,8
100,8,moe,701,44,1715,2130,1385,890,60,0,0,620,556,8,7,1,8
100,9,moe,743,38,6962,3039,4164,5923,204,0,0,3329,693,8,5,3,8
100,10,moe,703,39,5073,9219,3618,3722,256,0,0,2523,573,8,4,4,8
100,11,moe,632,55,4853,9623,3567,3554,255,0,0,2523,580,8,4,4,8
100,12,moe,723,39,5675,10424,3601,4250,283,1,0,2460,650,8,4,4,8
100,13,moe,739,58,3973,4781,2831,2801,180,0,0,1839,580,8,5,3,8
100,14,moe,695,39,6386,11914,4742,4506,304,0,0,3166,575,8,3,5,8
100,15,moe,603,45,4523,5003,2917,3228,205,0,0,1827,627,8,5,3,8
100,16,moe,721,46,8756,12248,6389,6677,416,0,0,4726,564,8,1,7,8
100,17,moe,691,45,3980,7742,3014,2723,186,0,0,1943,572,8,5,3,8
100,18,moe,730,42,8409,7751,4899,7190,314,0,0,3994,727,8,4,4,8
100,19,moe,658,47,12261,9707,8484,10482,390,0,0,7095,640,8,2,6,8
100,20,moe,685,53,12678,12779,9581,10875,445,0,0,8223,569,8,1,7,8
100,21,moe,770,48,7071,5044,4419,5910,208,0,0,3466,658,8,5,3,8
100,22,moe,713,55,9620,7559,6700,8142,285,0,0,5507,570,8,3,5,8
100,23,moe,623,40,6546,2664,3900,5689,194,1,0,3238,631,8,5,3,8
100,24,moe,705,40,10714,6186,6438,9372,368,0,0,5464,662,8,3,5,8
100,25,moe,723,50,11006,10609,6785,9449,352,0,0,5580,639,8,3,5,8
100,26,moe,615,43,8754,7590,5372,7429,278,0,0,4325,633,8,4,4,8
100,-1,epi,0,0,0,0,0,0,0,0,3844,0,0,0,0,0,0
101,-2,pre,52,0,0,0,0,0,0,0,0,0,0,0,0,0,0
101,0,dense,1242,42,0,0,0,0,0,0,0,0,0,0,0,0,0
101,1,moe,728,40,12225,10415,7895,10472,408,0,0,6550,632,8,2,6,8
101,2,moe,677,48,6977,8503,4453,5634,207,0,0,3317,630,8,5,3,8
101,3,moe,608,44,6755,10626,4386,5183,359,0,0,3173,627,8,3,5,8
101,4,moe,660,42,2878,2443,2090,1837,117,1,0,1167,557,8,6,2,8
101,5,moe,693,41,1236,804,908,889,61,0,0,622,553,8,7,1,8
101,6,moe,664,40,2978,2651,1984,1964,67,0,0,1037,628,8,7,1,8
101,7,moe,620,39,2696,2818,1932,1837,119,0,0,1192,551,8,6,2,8
101,8,moe,670,43,2454,2385,1888,1600,58,0,0,1092,551,8,7,1,8
101,9,moe,690,40,2254,472,1260,1965,68,0,0,1039,641,8,7,1,8
101,10,moe,676,37,7,0,0,0,0,0,7,0,543,8,8,0,8
101,11,moe,584,36,3585,2447,2489,2724,177,0,0,1805,561,8,5,3,8
101,12,moe,681,47,3308,5159,2228,2166,142,0,0,1228,652,8,6,2,8
101,13,moe,693,51,6096,4759,4291,4923,172,0,0,3290,558,8,5,3,8
101,14,moe,671,41,4864,9624,3578,3564,251,0,0,2529,565,8,4,4,8
101,15,moe,648,39,8560,3124,5003,7719,263,0,0,4425,631,8,4,4,8
101,16,moe,679,45,11055,5354,7632,9716,337,0,0,6630,562,8,2,6,8
101,17,moe,698,41,7269,3286,5035,6437,228,0,0,4431,563,8,4,4,8
101,18,moe,673,42,4578,8367,2994,3205,210,0,0,1831,630,8,5,3,8
101,19,moe,596,42,5045,9628,3636,3628,251,0,0,2470,558,8,4,4,8
101,20,moe,661,41,11045,7113,7692,9621,347,0,0,6615,559,8,2,6,8
101,21,moe,688,42,8951,6762,5449,7623,273,0,0,4394,634,8,4,4,8
101,22,moe,709,40,2577,2296,1893,1662,58,0,0,1036,548,8,7,1,8
101,23,moe,614,39,5237,5503,3419,3842,135,0,0,2159,624,8,6,2,8
101,24,moe,694,37,6774,5477,4266,5613,206,0,0,3311,635,8,5,3,8
101,25,moe,697,42,7231,13868,4826,5285,402,0,0,3282,639,8,3,5,8
101,26,moe,626,39,6528,5112,4099,5263,351,0,0,3185,646,8,3,5,8
101,-1,epi,0,0,0,0,0,0,0,0,3843,0,0,0,0,0,0
102,-2,pre,77,0,0,0,0,0,0,0,0,0,0,0,0,0,0
102,0,dense,1255,43,0,0,0,0,0,0,0,0,0,0,0,0,0
102,1,moe,746,49,6883,8343,4342,5669,212,0,0,3340,667,8,5,3,8
102,2,moe,668,42,7130,13745,4737,5384,365,0,0,3356,657,8,3,5,8
102,3,moe,600,42,11216,13608,7017,9453,354,0,0,5608,631,8,3,5,8
102,4,moe,666,42,8,0,0,0,0,0,8,0,545,8,8,0,8
102,5,moe,687,41,2548,2340,1841,1665,58,0,0,1016,549,8,7,1,8
102,6,moe,656,43,7668,9319,5013,5727,200,0,0,3272,629,8,5,3,8
102,7,moe,604,42,5677,2435,3873,4880,178,0,0,3254,554,8,5,3,8
102,8,moe,657,42,2463,2527,1896,1603,59,0,0,1095,560,8,7,1,8
102,9,moe,695,42,4584,8604,3014,3201,212,0,0,1843,631,8,5,3,8
102,10,moe,660,44,11623,10913,8211,9646,364,0,0,6598,557,8,2,6,8
102,11,moe,606,39,3733,4834,2774,2668,178,0,0,1887,555,8,5,3,8
102,12,moe,666,41,7098,8778,4428,5718,208,0,0,3256,628,8,5,3,8
102,13,moe,702,39,1956,458,1270,1669,56,0,0,1039,550,8,7,1,8
102,14,moe,676,42,5303,9425,4022,3947,247,0,0,2913,593,8,4,4,8
102,15,moe,627,41,5669,5646,3592,4285,291,0,0,2499,642,8,4,4,8
102,16,moe,667,43,6250,7467,4432,4897,174,0,0,3253,559,8,5,3,8
102,17,moe,710,40,8287,16018,6597,4822,177,0,0,3309,559,8,5,3,8
102,18,moe,674,43,7036,7791,4336,5637,207,0,0,3144,630,8,5,3,8
102,19,moe,600,43,7190,8038,4799,5934,251,0,0,3794,559,8,4,4,8
102,20,moe,690,43,4683,5181,3397,3709,248,0,0,2671,561,8,4,4,8
102,21,moe,708,45,8635,7980,5106,7373,290,0,0,4134,632,8,4,4,8
102,22,moe,7986,46,11302,9697,7865,9754,367,0,0,6684,561,8,2,6,8
102,23,moe,903,42,5167,5332,3353,3832,136,0,0,2154,626,8,6,2,8
102,24,moe,696,39,10940,11083,6759,9402,347,0,0,5568,696,8,3,5,8
102,25,moe,701,43,10459,5288,6288,9353,338,0,0,5520,641,8,3,5,8
102,26,moe,619,42,10163,5951,6000,9056,343,0,0,5236,635,8,3,5,8
102,-1,epi,0,0,0,0,0,0,0,0,3868,0,0,0,0,0,0
103,-2,pre,81,0,0,0,0,0,0,0,0,0,0,0,0,0,0
103,0,dense,1189,42,0,0,0,0,0,0,0,0,0,0,0,0,0
103,1,moe,704,43,5831,7882,3922,4479,301,0,0,2871,827,8,4,4,8
103,2,moe,690,41,3213,4631,2254,2138,146,0,0,1325,799,8,6,2,8
103,3,moe,661,46,9712,19112,6338,6478,270,0,0,3374,632,8,4,4,8
103,4,moe,671,46,6344,7388,4505,4913,186,1,0,3261,568,8,5,3,8
103,5,moe,701,42,3268,6230,2622,1774,115,0,0,1243,565,8,6,2,8
103,6,moe,676,45,2093,2410,1458,1149,71,0,0,585,632,8,7,1,8
103,7,moe,626,44,2275,1029,1502,1837,113,0,0,1177,567,8,6,2,8
103,8,moe,672,45,2559,2569,1993,1604,59,0,0,1097,557,8,7,1,8
103,9,moe,696,45,5073,5037,3237,3847,134,0,0,2145,637,8,6,2,8
103,10,moe,677,43,6319,4990,4517,4878,175,0,0,3251,553,8,5,3,8
103,11,moe,628,40,2980,4659,2335,1774,121,0,0,1250,556,8,6,2,8
103,12,moe,669,42,2190,2709,1565,1121,66,0,0,562,633,8,7,1,8
103,13,moe,690,40,3226,5014,2456,1839,120,0,0,1189,559,8,6,2,8
103,14,moe,674,39,2736,2562,2092,1769,118,0,0,1243,558,8,6,2,8
103,15,moe,605,40,3402,5055,2305,2156,147,0,0,1206,630,8,6,2,8
103,16,moe,670,41,2782,2443,2020,1834,121,0,0,1193,553,8,6,2,8
103,17,moe,706,39,8,0,0,0,0,0,8,0,548,8,8,0,8
103,18,moe,664,36,7,0,0,0,0,0,7,0,635,8,8,0,8
103,19,moe,600,41,1840,437,1275,1599,59,0,0,1093,552,8,7,1,8
103,20,moe,667,39,5000,6741,3880,3197,112,0,0,2189,570,8,6,2,8
103,21,moe,688,38,6866,5203,4168,5764,203,0,0,3269,632,8,5,3,8
103,22,moe,702,41,2749,2312,1969,1838,118,0,0,1176,574,8,6,2,8
103,23,moe,597,44,4173,5438,2594,3198,216,0,0,1835,634,8,5,3,8
103,24,moe,698,45,8338,2959,4965,7530,273,0,0,4430,630,8,4,4,8
103,25,moe,701,45,2840,2561,1984,1881,67,0,0,1092,629,8,7,1,8
103,26,moe,598,43,2727,2516,1769,2081,138,0,0,1261,642,8,6,2,8
103,-1,epi,0,0,0,0,0,0,0,0,3975,0,0,0,0,0,0
104,-2,pre,177,0,0,0,0,0,0,0,0,0,0,0,0,0,0
104,0,dense,1202,44,0,0,0,0,0,0,0,0,0,0,0,0,0
104,1,moe,706,58,5723,8283,3811,4497,282,0,0,2867,627,8,4,4,8
104,2,moe,660,40,4716,2930,3028,3745,135,0,0,2192,627,8,6,2,8
104,3,moe,598,42,5464,8306,3568,4138,286,0,0,2528,628,8,4,4,8
104,4,moe,682,41,1971,2343,1500,958,59,0,0,546,559,8,7,1,8
104,5,moe,691,43,5105,9796,3830,3577,247,0,0,2549,564,8,4,4,8
104,6,moe,666,44,3029,2626,2028,1967,65,0,0,1031,630,8,7,1,8
104,7,moe,603,39,4054,7784,2969,2726,176,0,0,1817,552,8,5,3,8
104,8,moe,660,39,4217,8168,3260,2661,181,0,0,1885,559,8,5,3,8
104,9,moe,692,41,4554,8831,2984,3191,214,0,0,1835,633,8,5,3,8
104,10,moe,657,41,3946,5183,2863,2730,177,0,0,1824,556,8,5,3,8
104,11,moe,585,38,4959,8067,3680,3621,250,0,0,2592,560,8,4,4,8
104,12,moe,674,39,7039,8076,4357,5720,207,0,0,3245,639,8,5,3,8
104,13,moe,692,46,6284,11673,4537,4560,306,0,0,3119,569,8,3,5,8
104,14,moe,670,44,5228,10094,3915,3645,247,0,0,2579,572,8,4,4,8
104,15,moe,598,39,3407,5097,2284,2196,136,0,0,1209,644,8,6,2,8
104,16,moe,669,44,10960,7517,7448,9516,399,0,0,6403,553,8,2,6,8
104,17,moe,709,44,5713,7783,4013,4471,184,0,0,2955,567,8,5,3,8
104,18,moe,660,44,3509,4959,2378,2191,145,0,0,1205,750,8,6,2,8
104,19,moe,607,38,3067,4813,2296,1849,123,0,0,1201,577,8,6,2,8
104,20,moe,670,45,2983,4901,2326,1777,123,0,0,1243,559,8,6,2,8
104,21,moe,703,46,3606,5611,2474,2208,141,0,0,1217,730,8,6,2,8
104,22,moe,711,47,5340,7269,3943,3704,246,0,0,2553,644,8,4,4,8
104,23,moe,624,39,5845,8594,3667,4478,308,0,0,2608,625,8,4,4,8
104,24,moe,700,46,10075,23603,7544,5508,374,0,0,3351,634,8,3,5,8
104,25,moe,696,44,4480,5372,2951,3295,222,0,0,1988,638,8,5,3,8
104,26,moe,619,48,5731,5275,3707,4402,289,0,0,2667,627,8,4,4,8
104,-1,epi,0,0,0,0,0,0,0,0,3944,0,0,0,0,0,0
105,-2,pre,156,0,0,0,0,0,0,0,0,0,0,0,0,0,0
105,0,dense,1192,45,0,0,0,0,0,0,0,0,0,0,0,0,0
105,1,moe,711,49,7036,10493,4534,5527,363,0,0,3388,631,8,3,5,8
105,2,moe,673,42,4644,7509,3105,3331,237,1,0,2030,633,8,5,3,8
105,3,moe,645,48,3479,5342,2465,2189,150,0,0,1325,624,8,6,2,8
105,4,moe,667,49,3866,2631,2690,2901,184,0,0,1909,554,8,5,3,8
105,5,moe,740,43,2654,2216,1975,1874,120,0,0,1315,553,8,6,2,8
105,6,moe,679,47,6023,8489,3852,4480,296,0,0,2605,628,8,4,4,8
105,7,moe,625,44,3888,5072,2742,2887,195,0,0,1936,554,8,5,3,8
105,8,moe,665,45,4117,5190,3099,2816,187,0,0,1985,557,8,5,3,8
105,9,moe,701,45,4632,5777,2958,3444,242,0,0,2012,625,8,5,3,8
105,10,moe,669,42,5390,9300,3890,3847,269,0,0,2616,570,8,4,4,8
105,11,moe,653,40,6008,7708,4326,4754,313,0,0,3385,567,8,3,5,8
105,12,moe,679,47,3587,4912,2416,2288,148,0,0,1265,625,8,6,2,8
105,13,moe,708,43,3159,4907,2342,1945,122,0,0,1250,554,8,6,2,8
105,14,moe,670,41,5098,9755,3751,3748,258,0,0,2659,560,8,4,4,8
105,15,moe,609,36,2164,2565,1498,1191,72,0,0,597,617,8,7,1,8
105,16,moe,667,47,4140,4948,2995,2879,190,0,0,1924,557,8,5,3,8
105,17,moe,699,37,4150,7846,3134,2816,200,0,0,2000,559,8,5,3,8
105,18,moe,670,37,4656,5325,3015,3384,213,0,0,1956,628,8,5,3,8
105,19,moe,624,36,3219,4881,2413,1938,129,0,0,1261,550,8,6,2,8
105,20,moe,683,35,3050,4678,2368,1877,125,0,0,1320,551,8,6,2,8
105,21,moe,695,36,3354,3146,2192,2279,137,0,0,1254,619,8,6,2,8
105,22,moe,697,35,1937,2137,1471,1002,63,0,0,599,550,8,7,1,8
105,23,moe,631,34,2144,2378,1498,1220,71,0,0,645,617,8,7,1,8
105,24,moe,700,37,5377,3304,3375,4449,288,0,0,2735,626,8,4,4,8
105,25,moe,696,38,3182,2743,2175,2180,143,0,0,1316,622,8,6,2,8
105,26,moe,606,35,3913,2029,2399,3288,212,0,0,1986,639,8,5,3,8
105,-1,epi,0,0,0,0,0,0,0,0,3862,0,0,0,0,0,0
106,-2,pre,1329,0,0,0,0,0,0,0,0,0,0,0,0,0,0
106,0,dense,1196,46,0,0,0,0,0,0,0,0,0,0,0,0,0
106,1,moe,704,45,4688,6203,3189,3308,213,0,0,2022,625,8,5,3,8
106,2,moe,671,48,6053,11152,4046,4435,299,0,0,2727,629,8,4,4,8
106,3,moe,623,41,6913,8065,4397,5515,370,0,0,3369,625,8,3,5,8
106,4,moe,667,41,4235,9104,3745,1005,60,0,0,575,548,8,7,1,8
106,5,moe,730,43,4065,7591,3054,2813,191,0,0,1993,555,8,5,3,8
106,6,moe,658,42,8,0,0,0,0,0,8,0,613,8,8,0,8
106,7,moe,615,38,4931,4730,3580,3785,250,0,0,2684,562,8,4,4,8
106,8,moe,674,40,3943,5122,2932,2810,180,0,0,1979,551,8,5,3,8
106,9,moe,702,46,4887,8787,3221,3378,216,0,0,1928,633,8,5,3,8
106,10,moe,668,41,5027,4666,3520,3847,257,0,0,2597,652,8,4,4,8
106,11,moe,644,45,5109,7328,3751,3790,277,0,0,2709,672,8,4,4,8
106,12,moe,693,53,2037,2585,1374,1204,78,1,0,620,684,8,7,1,8
106,13,moe,734,46,4067,4615,2904,2902,192,1,0,1932,578,8,5,3,8
106,14,moe,697,44,3767,3022,2688,2994,194,0,0,2109,563,8,5,3,8
106,15,moe,653,42,9143,10680,5881,7305,456,0,0,4499,648,8,2,6,8
106,16,moe,684,42,2525,1305,1707,1941,125,0,0,1248,562,8,6,2,8
106,17,moe,718,41,4085,7238,3067,2820,192,0,0,1994,567,8,5,3,8
106,18,moe,671,41,3502,2687,2290,2389,153,0,0,1330,625,8,6,2,8
106,19,moe,629,41,5174,5171,3594,4065,283,0,0,2768,559,8,4,4,8
106,20,moe,693,44,2884,2425,2161,1997,127,0,0,1401,557,8,6,2,8
106,21,moe,707,41,4504,3137,2837,3371,213,0,0,1917,636,8,5,3,8
106,22,moe,700,42,2859,2994,2052,1936,125,0,0,1254,556,8,6,2,8
106,23,moe,621,40,4191,2622,2544,3357,216,0,0,1926,624,8,5,3,8
106,24,moe,708,42,12352,10816,7809,10497,432,0,0,6386,632,8,2,6,8
106,25,moe,703,45,9128,5238,5577,7938,276,0,0,4663,661,8,4,4,8
106,26,moe,635,44,4036,2632,2537,3264,213,0,0,1978,632,8,5,3,8
106,-1,epi,0,0,0,0,0,0,0,0,3839,0,0,0,0,0,0
107,-2,pre,228,0,0,0,0,0,0,0,0,0,0,0,0,0,0
107,0,dense,1191,45,0,0,0,0,0,0,0,0,0,0,0,0,0
107,1,moe,712,42,8419,6033,5226,7052,486,0,0,4345,636,8,2,6,8
107,2,moe,696,47,5830,5194,3696,4659,309,1,0,2835,629,8,4,4,8
107,3,moe,662,42,3390,3436,2317,2325,152,0,0,1404,626,8,6,2,8
107,4,moe,696,43,6661,4729,4618,5485,192,0,0,3634,564,8,5,3,8
107,5,moe,722,40,1716,2190,1369,960,64,0,0,677,554,8,7,1,8
107,6,moe,675,47,3090,2558,2018,2091,69,0,0,1088,632,8,7,1,8
107,7,moe,631,40,9,0,0,0,0,0,9,0,540,8,8,0,8
107,8,moe,676,41,2078,462,1341,1766,61,0,0,1090,556,8,7,1,8
107,9,moe,702,42,4467,3030,2787,3382,217,0,0,1919,629,8,5,3,8
107,10,moe,684,43,2840,2394,2053,1942,124,0,0,1279,561,8,6,2,8
107,11,moe,623,40,5263,8069,3911,3776,259,0,0,2683,564,8,4,4,8
107,12,moe,681,44,3939,5859,2759,2298,150,0,0,1268,626,8,6,2,8
107,13,moe,715,41,1980,2440,1513,1005,61,0,0,599,554,8,7,1,8
107,14,moe,677,40,5628,9175,4200,4183,260,1,0,3016,567,8,4,4,8
107,15,moe,629,42,3368,2752,2130,2428,154,0,0,1344,625,8,6,2,8
107,16,moe,686,43,4238,3180,3023,3058,190,0,0,2033,559,8,5,3,8
107,17,moe,727,48,3655,2343,2643,2803,180,0,0,1971,555,8,5,3,8
107,18,moe,700,46,7350,11380,4691,5594,374,0,0,3309,634,8,3,5,8
107,19,moe,625,41,4097,4678,2949,2882,182,0,0,1916,554,8,5,3,8
107,20,moe,673,42,3485,5794,2804,1879,127,0,0,1325,552,8,6,2,8
107,21,moe,701,41,3372,2797,2205,2279,144,0,0,1256,628,8,6,2,8
107,22,moe,700,40,1906,2302,1446,1000,61,0,0,601,545,8,7,1,8
107,23,moe,629,39,2349,485,1324,2071,69,0,0,1115,616,8,7,1,8
107,24,moe,702,38,4593,5254,3087,3275,219,0,0,1988,642,8,5,3,8
107,25,moe,702,44,4613,1120,2723,4216,147,0,0,2473,626,8,6,2,8
107,26,moe,634,45,9,0,0,0,0,0,9,0,614,8,8,0,8
107,-1,epi,0,0,0,0,0,0,0,0,3832,0,0,0,0,0,0
108,-2,pre,230,0,0,0,0,0,0,0,0,0,0,0,0,0,0
108,0,dense,1212,45,0,0,0,0,0,0,0,0,0,0,0,0,0
108,1,moe,725,44,4565,5236,2969,3486,232,0,0,2122,630,8,5,3,8
108,2,moe,684,42,4917,9220,3314,3492,235,0,0,2124,632,8,5,3,8
108,3,moe,653,45,8675,11963,5484,7054,466,0,0,4329,650,8,2,6,8
108,4,moe,686,46,2119,2582,1592,1072,67,0,0,612,556,8,7,1,8
108,5,moe,724,44,3804,2446,2720,3007,191,0,0,2114,577,8,5,3,8
108,6,moe,688,45,9,0,0,0,0,0,9,0,616,8,8,0,8
108,7,moe,646,41,2817,2336,2093,1996,134,0,0,1406,559,8,6,2,8
108,8,moe,703,42,3216,4916,2489,2004,136,0,0,1413,564,8,6,2,8
108,9,moe,720,45,3541,3105,2286,2444,152,0,0,1341,631,8,6,2,8
108,10,moe,701,46,5547,7230,3961,4234,258,0,0,2906,558,8,4,4,8
108,11,moe,643,40,5358,7311,3919,4002,264,0,0,2827,559,8,4,4,8
108,12,moe,687,1611,5590,5242,3551,4320,149,0,0,2430,627,8,6,2,8
108,13,moe,720,45,7036,8187,5001,5482,198,0,0,3645,558,8,5,3,8
108,14,moe,690,49,4288,5220,3204,2998,202,0,0,2116,571,8,5,3,8
108,15,moe,614,41,5788,5571,3611,4501,294,0,0,2618,650,8,4,4,8
108,16,moe,671,42,2859,2506,2051,1934,122,0,0,1248,555,8,6,2,8
108,17,moe,708,40,10052,7042,6907,8721,326,0,0,5902,563,8,3,5,8
108,18,moe,689,43,4978,5691,3315,3527,212,0,0,2076,630,8,5,3,8
108,19,moe,639,42,5096,5107,3610,3816,244,0,0,2574,557,8,4,4,8
108,20,moe,687,41,3782,3450,2769,2861,182,0,0,2030,554,8,5,3,8
108,21,moe,700,45,7129,7835,4434,5589,363,0,0,3257,633,8,3,5,8
108,22,moe,702,42,4246,7807,3091,2910,198,0,0,1953,559,8,5,3,8
108,23,moe,8993,43,3458,4906,2298,2310,151,0,0,1301,619,8,6,2,8
108,24,moe,704,44,6935,10995,4436,5467,368,0,0,3336,635,8,3,5,8
108,25,moe,700,43,4563,5662,3051,3281,222,0,0,1991,654,8,5,3,8
108,26,moe,631,41,2671,1312,1669,2178,138,0,0,1314,631,8,6,2,8
108,-1,epi,0,0,0,0,0,0,0,0,3891,0,0,0,0,0,0
109,-2,pre,934,0,0,0,0,0,0,0,0,0,0,0,0,0,0
109,0,dense,1192,43,0,0,0,0,0,0,0,0,0,0,0,0,0
109,1,moe,695,41,10398,16976,6618,8204,547,0,0,4971,629,8,1,7,8
109,2,moe,694,47,7520,10836,4850,5832,392,0,0,3554,663,8,3,5,8
109,3,moe,638,45,8929,14080,5751,7051,446,1,0,4320,644,8,2,6,8
109,4,moe,686,48,7292,14486,5696,4071,270,0,0,2745,559,8,4,4,8
109,5,moe,725,49,5246,9336,3871,3810,261,0,0,2696,559,8,4,4,8
109,6,moe,683,42,3713,5300,2535,2290,146,0,0,1258,628,8,6,2,8
109,7,moe,622,40,5294,10042,3809,3824,260,0,0,2599,549,8,4,4,8
109,8,moe,669,43,3530,3363,2514,2836,187,0,0,2007,572,8,5,3,8
109,9,moe,736,41,11124,10766,6212,9344,376,0,0,4808,654,8,3,5,8
109,10,moe,700,46,6878,7186,4830,5501,193,0,0,3646,557,8,5,3,8
109,11,moe,621,41,9626,16821,7257,7189,489,0,0,5309,675,8,1,7,8
109,12,moe,702,46,8608,4511,5174,7265,469,0,0,4300,641,8,2,6,8
109,13,moe,718,47,5576,7192,3953,4100,271,0,0,2748,564,8,4,4,8
109,14,moe,695,49,11275,3701,7995,10263,382,0,0,7365,572,8,2,6,8
109,15,moe,619,45,8477,10548,5309,6808,440,0,0,4080,629,8,2,6,8
109,16,moe,683,44,9751,10985,6898,7714,518,1,0,5380,556,8,0,8,8
109,17,moe,709,46,7300,7285,5271,5747,369,0,0,4087,561,8,2,6,8
109,18,moe,678,44,9281,8023,5586,8040,296,0,0,4641,631,8,4,4,8
109,19,moe,630,41,8338,5954,5835,6799,435,0,0,4731,556,8,1,7,8
109,20,moe,684,45,11771,9680,8474,9968,372,0,0,7043,558,8,2,6,8
109,21,moe,716,58,12939,16310,8290,10585,443,0,0,6379,632,8,2,6,8
109,22,moe,708,43,10951,4277,7531,9911,363,1,0,6855,558,8,2,6,8
109,23,moe,638,39,9173,5611,5454,7989,273,0,0,4543,628,8,4,4,8
109,24,moe,717,46,10822,3653,6538,9744,349,0,0,5809,628,8,3,5,8
109,25,moe,711,44,12954,4635,8678,11914,497,0,0,8135,627,8,1,7,8
109,26,moe,630,43,12250,6163,7924,10857,415,0,0,6946,628,8,2,6,8
109,-1,epi,0,0,0,0,0,0,0,0,3848,0,0,0,0,0,0
110,-2,pre,215,0,0,0,0,0,0,0,0,0,0,0,0,0,0
110,0,dense,1201,45,0,0,0,0,0,0,0,0,0,0,0,0,0
110,1,moe,730,46,3895,1930,2394,3273,213,0,0,1985,629,8,5,3,8
110,2,moe,692,46,8714,3678,5173,7872,282,0,0,4613,625,8,4,4,8
110,3,moe,638,44,5710,5567,3708,4575,294,0,0,2867,624,8,4,4,8
110,4,moe,677,44,6069,3980,4197,4784,309,0,0,3221,593,8,3,5,8
110,5,moe,755,44,4299,2276,3056,3465,123,0,0,2345,560,8,6,2,8
110,6,moe,765,49,5593,5056,3514,4239,140,0,0,2300,645,8,6,2,8
110,7,moe,660,45,4744,7988,3556,3266,186,0,0,2264,579,8,5,3,8
110,8,moe,697,56,8321,7095,5835,7047,257,0,0,4818,578,8,4,4,8
110,9,moe,757,48,5866,7823,3716,4520,299,0,0,2669,664,8,4,4,8
110,10,moe,714,59,4155,4784,2947,2911,190,0,0,1893,569,8,5,3,8
110,11,moe,658,47,5835,4900,4133,4710,315,0,0,3323,629,8,3,5,8
110,12,moe,745,47,1603,520,893,1232,72,0,0,594,632,8,7,1,8
110,13,moe,746,48,4455,2254,3039,3594,121,0,0,2299,587,8,6,2,8
110,14,moe,779,43,1816,2164,1461,944,63,0,0,652,574,8,7,1,8
110,15,moe,665,53,5630,3934,3442,4728,289,0,0,2829,653,8,4,4,8
110,16,moe,718,47,2800,2161,1973,1976,129,0,0,1278,574,8,6,2,8
110,17,moe,744,45,2028,444,1404,1779,60,0,0,1215,628,8,7,1,8
110,18,moe,728,45,6965,2422,4016,6290,209,0,0,3550,677,8,5,3,8
110,19,moe,687,42,9066,11339,6411,7211,451,0,0,5007,565,8,1,7,8
110,20,moe,703,42,6411,9497,4715,4707,316,0,0,3327,573,8,3,5,8
110,21,moe,755,50,11200,7576,6687,9929,362,0,0,5778,637,8,3,5,8
110,22,moe,718,51,4789,4697,3364,3629,240,0,0,2444,568,8,4,4,8
110,23,moe,653,37,6972,5042,4241,5774,204,0,0,3247,721,8,5,3,8
110,24,moe,804,58,9667,12932,6246,7431,279,0,0,4289,769,8,4,4,8
110,25,moe,781,51,10643,17921,6853,8300,495,0,0,5005,1888,8,4,4,8
110,26,moe,1009,2325,13840,22286,10559,7741,1055,0,0,5515,1000,8,3,5,8
110,-1,epi,0,0,0,0,0,0,0,0,4480,0,0,0,0,0,0
111,-2,pre,64,0,0,0,0,0,0,0,0,0,0,0,0,0,0
111,0,dense,1468,54,0,0,0,0,0,0,0,0,0,0,0,0,0
111,1,moe,903,47,4110,1987,2527,3452,234,0,0,2103,923,8,5,3,8
111,2,moe,854,71,6618,11413,4572,4735,341,0,0,3030,893,8,4,4,8
111,3,moe,937,50,4486,2333,2799,3848,261,0,0,2422,1115,8,5,3,8
111,4,moe,1977,77,7376,17427,6677,1232,102,1,0,636,1371,8,7,1,8
111,5,moe,1674,87,13108,34789,12303,2141,150,0,0,1486,864,8,6,2,8
111,6,moe,1111,82,2520,2885,1677,1357,77,0,0,591,967,8,7,1,8
111,7,moe,934,48,3658,2363,2440,2737,204,0,0,1723,833,8,6,2,8
111,8,moe,984,120,1721,589,1313,1266,83,0,0,941,874,8,7,1,8
111,9,moe,1225,79,3958,5648,3010,1675,85,0,0,812,943,8,7,1,8
111,10,moe,918,53,5457,7579,4805,1158,82,1,0,589,733,8,7,1,8
111,11,moe,1273,130,9431,23488,8201,3297,221,0,0,2288,846,8,6,2,8
111,12,moe,1254,157,3253,2599,1864,1926,96,0,0,633,909,8,7,1,8
111,13,moe,1104,61,5564,8165,3989,3304,207,1,0,1937,894,8,6,2,8
111,14,moe,1017,44,1874,724,1362,1515,135,0,0,1138,917,8,7,1,8
111,15,moe,983,48,13,0,0,0,0,0,13,0,995,8,8,0,8
111,16,moe,1161,53,4153,5003,3213,2789,170,0,0,2019,795,8,6,2,8
111,17,moe,953,51,5171,6309,3884,3497,233,0,0,2443,819,8,5,3,8
111,18,moe,971,47,4218,5133,2870,2803,174,0,0,1629,855,8,6,2,8
111,19,moe,860,45,3732,5128,2745,2342,151,0,0,1506,699,8,6,2,8
111,20,moe,842,93,5632,5412,4040,4534,324,1,0,3267,661,8,4,4,8
111,21,moe,815,48,10708,8831,6505,8679,609,0,0,5085,925,8,4,4,8
111,22,moe,994,53,5083,5231,3493,3724,226,0,0,2360,941,8,5,3,8
111,23,moe,1029,51,5209,8621,3728,2870,202,0,0,1591,848,8,6,2,8
111,24,moe,7755,74,8787,11016,5637,7075,470,1,0,4396,790,8,3,5,8
111,25,moe,818,51,5205,5151,3311,4188,272,1,0,2567,797,8,5,3,8
111,26,moe,822,48,10242,5000,6257,8407,999,1,0,5422,847,8,2,6,8
111,-1,epi,0,0,0,0,0,0,0,0,4377,0,0,0,0,0,0
112,-2,pre,1258,0,0,0,0,0,0,0,0,0,0,0,0,0,0
112,0,dense,1319,60,0,0,0,0,0,0,0,0,0,0,0,0,0
112,1,moe,810,60,7573,13749,5050,5664,358,0,0,3499,798,8,4,4,8
112,2,moe,767,60,8747,10606,5603,7085,459,0,0,4400,790,8,3,5,8
112,3,moe,804,53,6806,5983,4288,5660,377,0,0,3519,805,8,4,4,8
112,4,moe,805,64,4930,5155,3476,3602,236,0,0,2384,663,8,5,3,8
112,5,moe,846,52,9126,4722,6870,7831,389,0,0,5964,638,8,4,4,8
112,6,moe,791,57,7485,11086,4699,5737,371,0,0,3322,788,8,4,4,8
112,7,moe,847,59,5039,5221,3611,3762,239,0,0,2573,665,8,5,3,8
112,8,moe,839,55,2079,2310,1644,1176,79,0,0,820,689,8,7,1,8
112,9,moe,877,55,7811,12472,5116,5844,384,1,0,3534,791,8,4,4,8
112,10,moe,850,57,4584,2724,3137,3673,230,1,0,2457,647,8,5,3,8
112,11,moe,832,52,4899,7387,3616,3650,233,0,0,2600,727,8,5,3,8
112,12,moe,797,52,4169,2901,2454,3136,183,0,0,1604,801,8,6,2,8
112,13,moe,876,53,5405,5407,3961,3616,238,0,0,2410,675,8,5,3,8
112,14,moe,766,57,5658,3254,3952,4800,316,1,0,3411,665,8,4,4,8
112,15,moe,756,58,8322,11428,5640,5652,372,0,0,3342,788,8,4,4,8
112,16,moe,789,56,9403,11085,6827,6285,417,0,0,4126,816,8,3,5,8
112,17,moe,1240,231,10780,11489,7585,8724,576,1,0,6106,864,8,2,6,8
112,18,moe,1102,110,8846,10553,5574,7021,446,0,0,4195,816,8,4,4,8
112,19,moe,970,74,7952,7710,5376,6222,401,0,0,4047,705,8,4,4,8
112,20,moe,833,72,6475,5063,4672,5115,293,0,0,3605,847,8,5,3,8
112,21,moe,1250,156,7905,8634,4743,5965,351,1,0,3155,1196,8,5,3,8
112,22,moe,1134,79,9176,11494,6415,6390,442,0,0,4071,1139,8,4,4,8
112,23,moe,1982,86,6993,8498,4612,5094,314,0,0,3027,787,8,5,3,8
112,24,moe,943,80,6149,5471,4026,4735,296,0,0,2908,835,8,5,3,8
112,25,moe,926,59,4959,6505,3225,3454,219,1,0,1940,862,8,6,2,8
112,26,moe,945,62,8038,5645,4971,6347,934,0,0,4214,1850,8,4,4,8
112,-1,epi,0,0,0,0,0,0,0,0,5667,0,0,0,0,0,0
113,-2,pre,219,0,0,0,0,0,0,0,0,0,0,0,0,0,0
113,0,dense,1610,134,0,0,0,0,0,0,0,0,0,0,0,0,0
113,1,moe,1068,142,8660,3941,5407,7528,495,0,0,4770,861,8,4,4,8
113,2,moe,883,62,4268,2495,2838,3255,205,0,0,2030,933,8,6,2,8
113,3,moe,884,61,4701,3063,3059,3587,247,0,0,2192,768,8,6,2,8
113,4,moe,892,101,2598,2197,1727,1629,93,0,0,851,832,8,7,1,8
113,5,moe,956,109,4535,5619,3413,2790,170,0,0,1838,731,8,6,2,8
113,6,moe,857,66,8336,10929,5128,6575,443,0,0,3810,844,8,4,4,8
113,7,moe,957,65,2807,2040,1804,1673,135,0,0,805,6860,8,7,1,8
113,8,moe,997,68,2512,2211,1989,1478,100,0,0,1055,697,8,7,1,8
113,9,moe,931,79,6343,8271,3996,4907,321,0,0,2881,782,8,5,3,8
113,10,moe,866,69,5211,2604,3556,4083,266,1,0,2695,685,8,5,3,8
113,11,moe,892,63,3090,1097,2109,2644,175,1,0,1839,717,8,6,2,8
113,12,moe,882,77,2656,2464,1744,1669,102,0,0,859,862,8,7,1,8
113,13,moe,937,64,3080,3117,2039,1410,90,0,0,459,706,8,7,1,8
113,14,moe,854,65,5515,5155,4071,4017,265,0,0,2838,688,8,5,3,8
113,15,moe,900,72,4228,2417,2599,3216,197,0,0,1784,831,8,6,2,8
113,16,moe,928,79,5750,4667,3736,4450,298,0,0,2734,715,8,5,3,8
113,17,moe,905,66,7770,10251,5850,5594,377,0,0,4051,727,8,4,4,8
113,18,moe,877,63,8297,10240,5276,6668,415,0,0,4062,804,8,4,4,8
113,19,moe,856,63,7997,7830,4884,6356,408,0,0,3651,765,8,4,4,8
113,20,moe,1069,107,8899,7286,6384,7275,453,1,0,5214,902,8,4,4,8
113,21,moe,1086,101,4749,3045,3005,3616,227,0,0,2099,839,8,6,2,8
113,22,moe,957,65,4265,5016,3100,2757,177,0,0,1769,730,8,6,2,8
113,23,moe,991,79,6250,9160,3820,4892,337,0,0,2799,880,8,5,3,8
113,24,moe,998,77,7489,3738,4516,6303,392,0,0,3722,839,8,4,4,8
113,25,moe,970,65,8868,11746,5317,6449,1096,0,0,3994,820,8,4,4,8
113,26,moe,1030,100,9315,8614,5937,4814,3185,0,0,4621,4917,8,5,3,8
113,-1,epi,0,0,0,0,0,0,0,0,6270,0,0,0,0,0,0
114,-2,pre,249,0,0,0,0,0,0,0,0,0,0,0,0,0,0
114,0,dense,1485,63,0,0,0,0,0,0,0,0,0,0,0,0,0
114,1,moe,900,60,8313,5406,5499,7129,407,0,0,4722,766,8,4,4,8
114,2,moe,886,61,4671,5690,3247,3073,206,0,0,1855,770,8,6,2,8
114,3,moe,835,58,3340,4936,2619,1541,97,0,0,917,756,8,7,1,8
114,4,moe,888,66,4327,5071,2947,2723,178,0,0,1521,676,8,6,2,8
114,5,moe,926,71,3810,4389,2852,2638,177,0,0,1857,708,8,6,2,8
114,6,moe,865,61,2674,2352,1771,1672,100,0,0,869,674,8,7,1,8
114,7,moe,895,63,2558,2160,1904,1612,90,1,0,1049,686,8,7,1,8
114,8,moe,823,62,3484,2253,2528,2675,173,0,0,1892,680,8,6,2,8
114,9,moe,930,68,5967,6235,3665,4834,306,0,0,2838,827,8,5,3,8
114,10,moe,852,68,1824,488,1157,1406,86,0,0,825,673,8,7,1,8
114,11,moe,933,62,7397,9479,5365,5667,428,0,0,4063,691,8,4,4,8
114,12,moe,913,74,7900,8136,4872,6452,408,0,0,3832,832,8,4,4,8
114,13,moe,921,68,2592,2680,1902,1406,90,1,0,807,742,8,7,1,8
114,14,moe,884,65,6474,4490,4574,5306,347,0,0,3753,705,8,4,4,8
114,15,moe,887,58,13407,7815,8040,11554,755,0,0,6942,867,8,1,7,8
114,16,moe,900,75,10287,7009,7004,8536,553,0,0,5806,753,8,2,6,8
114,17,moe,953,69,7029,7138,4998,5522,379,0,0,3870,944,8,4,4,8
114,18,moe,929,64,11595,8110,6930,9727,640,0,0,5702,843,8,2,6,8
114,19,moe,936,74,3798,2365,2583,2820,177,0,0,1782,780,8,6,2,8
114,20,moe,1005,78,6730,4669,4796,5546,348,0,0,3960,726,8,4,4,8
114,21,moe,928,61,7670,3346,4476,6525,405,0,0,3736,743,8,4,4,8
114,22,moe,880,59,4077,4902,2912,2755,177,0,0,1767,683,8,6,2,8
114,23,moe,884,67,2100,544,1181,1724,105,0,0,910,745,8,7,1,8
114,24,moe,900,65,7895,8219,4972,6368,426,0,0,3871,737,8,4,4,8
114,25,moe,922,77,7762,8090,4805,6439,393,1,0,3876,730,8,4,4,8
114,26,moe,847,54,8109,17462,5649,4633,1047,0,0,3220,939,8,5,3,8
114,-1,epi,0,0,0,0,0,0,0,0,4591,0,0,0,0,0,0
115,-2,pre,67,0,0,0,0,0,0,0,0,0,0,0,0,0,0
115,0,dense,1470,60,0,0,0,0,0,0,0,0,0,0,0,0,0
115,1,moe,932,63,7616,7722,4796,6287,395,0,0,3862,783,8,4,4,8
115,2,moe,894,62,7600,7564,4755,6226,411,0,0,3792,720,8,4,4,8
115,3,moe,804,57,11402,8721,7010,9749,641,0,0,5998,709,8,1,7,8
115,4,moe,809,70,3926,5098,2859,2490,155,0,0,1578,626,8,6,2,8
115,5,moe,828,72,5935,4536,4236,4717,313,0,0,3331,733,8,4,4,8
115,6,moe,837,53,5602,5840,3519,4226,262,0,0,2405,900,8,5,3,8
115,7,moe,884,50,3814,5365,2796,2463,156,0,0,1601,730,8,6,2,8
115,8,moe,823,57,1990,2270,1561,1176,76,0,0,823,741,8,7,1,8
115,9,moe,851,59,5585,5496,3529,4334,283,0,0,2561,893,8,5,3,8
115,10,moe,791,59,7113,8434,5251,4812,309,1,0,3260,702,8,4,4,8
115,11,moe,818,52,6064,5069,4302,4820,299,0,0,3357,633,8,4,4,8
115,12,moe,848,61,8600,7948,5277,7167,446,0,0,4290,717,8,3,5,8
115,13,moe,792,54,3474,2559,2464,2408,151,0,0,1549,662,8,6,2,8
115,14,moe,799,51,6246,7510,4501,4768,305,0,0,3328,699,8,4,4,8
115,15,moe,851,58,13669,13365,8362,11401,721,0,0,6815,727,8,0,8,8
115,16,moe,796,58,9254,9348,6458,7390,459,0,0,5053,665,8,2,6,8
115,17,moe,891,53,10309,7894,7193,8461,623,0,0,5968,655,8,1,7,8
115,18,moe,852,61,10692,17042,6801,8524,544,0,0,5177,774,8,2,6,8
115,19,moe,781,56,7191,9506,5075,5490,368,0,0,3742,656,8,3,5,8
115,20,moe,768,49,6304,10569,4658,4427,285,0,0,3066,659,8,4,4,8
115,21,moe,818,48,8179,10911,5091,6481,412,0,0,3805,750,8,3,5,8
115,22,moe,868,52,5327,3430,3586,4477,287,0,0,3023,627,8,4,4,8
115,23,moe,753,47,8380,13124,5318,6537,411,0,0,3886,707,8,3,5,8
115,24,moe,770,54,9804,14844,6373,7781,491,0,0,4841,692,8,2,6,8
115,25,moe,796,61,8845,5879,5409,7605,496,0,0,4665,681,8,2,6,8
115,26,moe,757,45,13501,7891,7782,9115,3557,0,0,6953,674,8,1,7,8
115,-1,epi,0,0,0,0,0,0,0,0,4088,0,0,0,0,0,0
116,-2,pre,242,0,0,0,0,0,0,0,0,0,0,0,0,0,0
116,0,dense,1248,51,0,0,0,0,0,0,0,0,0,0,0,0,0
116,1,moe,778,67,6350,8555,4046,5079,340,0,0,3115,775,8,4,4,8
116,2,moe,820,51,3651,3329,2503,2492,161,0,0,1505,758,8,6,2,8
116,3,moe,736,51,5143,5222,3351,3887,252,0,0,2347,777,8,5,3,8
116,4,moe,763,52,4624,4876,3232,3367,226,0,0,2201,619,8,5,3,8
116,5,moe,787,65,4202,3201,3026,3241,217,1,0,2283,656,8,5,3,8
116,6,moe,789,54,3990,4889,2568,2676,173,0,0,1427,692,8,6,2,8
116,7,moe,732,55,5808,4736,4050,4546,275,0,0,3063,625,8,4,4,8
116,8,moe,770,66,3384,4955,2599,2163,156,0,0,1534,706,8,6,2,8
116,9,moe,842,55,6327,10679,4360,3954,269,0,0,2256,839,8,5,3,8
116,10,moe,772,66,5507,4711,3735,4412,290,0,0,2930,657,8,4,4,8
116,11,moe,764,58,3246,4476,2466,2141,142,0,0,1503,648,8,6,2,8
116,12,moe,760,54,1732,539,950,1361,83,0,0,662,729,8,7,1,8
116,13,moe,814,53,3721,5176,2786,2218,137,0,0,1420,662,8,6,2,8
116,14,moe,798,53,5762,7245,4206,4302,291,0,0,3037,660,8,4,4,8
116,15,moe,729,50,5051,4961,3127,3877,246,0,0,2199,767,8,5,3,8
116,16,moe,805,49,2792,1106,1850,2291,142,0,0,1491,604,8,6,2,8
116,17,moe,764,69,5666,5151,4031,4504,280,0,0,3149,625,8,4,4,8
116,18,moe,774,48,6713,8459,4207,5241,363,0,0,3098,759,8,4,4,8
116,19,moe,730,50,5587,4607,3795,4519,283,0,0,3010,624,8,4,4,8
116,20,moe,763,48,3952,2493,2724,3284,216,0,0,2272,665,8,5,3,8
116,21,moe,851,56,6799,7601,4185,5326,327,0,0,3039,707,8,4,4,8
116,22,moe,817,46,5814,5395,4021,4514,274,1,0,2996,634,8,4,4,8
116,23,moe,775,46,5365,6587,3356,4004,263,0,0,2258,698,8,5,3,8
116,24,moe,796,49,7519,3944,4606,6390,405,0,0,3882,756,8,3,5,8
116,25,moe,833,58,7591,7771,4762,6311,401,0,0,3883,682,8,3,5,8
116,26,moe,678,61,9724,8149,6046,7350,1404,0,0,5076,742,8,2,6,8
116,-1,epi,0,0,0,0,0,0,0,0,4379,0,0,0,0,0,0
117,-2,pre,54,0,0,0,0,0,0,0,0,0,0,0,0,0,0
117,0,dense,1296,49,0,0,0,0,0,0,0,0,0,0,0,0,0
117,1,moe,765,49,8225,14536,5273,6165,399,0,0,3612,706,8,3,5,8
117,2,moe,802,56,6586,7684,4204,5305,326,0,0,3249,700,8,4,4,8
117,3,moe,721,64,7904,13762,5122,6129,392,0,0,3739,698,8,3,5,8
117,4,moe,739,38,6640,7009,4680,5113,333,0,0,3486,610,8,3,5,8
117,5,moe,754,41,3212,4848,2452,2035,130,0,0,1405,619,8,6,2,8
117,6,moe,727,39,3635,5108,2344,2458,158,0,0,1325,697,8,6,2,8
117,7,moe,715,39,3306,4518,2405,2103,140,0,0,1342,612,8,6,2,8
117,8,moe,710,55,3059,4742,2319,2015,130,0,0,1405,590,8,6,2,8
117,9,moe,749,55,7647,8548,4768,6075,396,0,0,3592,667,8,3,5,8
117,10,moe,790,62,4763,7165,3488,3147,198,1,0,2071,637,8,5,3,8
117,11,moe,754,35,6606,10241,4711,5216,334,0,0,3655,608,8,3,5,8
117,12,moe,719,49,5057,8631,3194,3750,226,0,0,2113,732,8,5,3,8
117,13,moe,791,48,5547,10013,3932,4108,267,0,0,2760,653,8,4,4,8
117,14,moe,758,38,4277,7381,3182,3031,200,0,0,2136,603,8,5,3,8
117,15,moe,664,38,6354,5592,3928,4899,299,0,0,2772,673,8,4,4,8
117,16,moe,766,41,6597,7089,4614,5099,332,0,0,3448,611,8,3,5,8
117,17,moe,756,51,3210,4625,2477,2062,139,0,0,1468,623,8,6,2,8
117,18,moe,745,53,9247,11097,5844,7192,483,0,0,4272,688,8,2,6,8
117,19,moe,667,40,4237,4711,2978,3101,199,0,0,2041,609,8,5,3,8
117,20,moe,703,40,3147,4708,2418,2004,135,1,0,1411,653,8,6,2,8
117,21,moe,781,44,3811,4974,2507,2471,158,0,0,1325,686,8,6,2,8
117,22,moe,804,41,4392,5487,3122,3235,208,0,0,2173,595,8,5,3,8
117,23,moe,688,322,7235,16034,5472,3630,230,0,0,2097,736,8,5,3,8
117,24,moe,748,48,8579,15862,5912,5947,384,0,0,3664,692,8,3,5,8
117,25,moe,774,45,5228,8193,3584,3626,232,0,0,2214,669,8,5,3,8
117,26,moe,714,58,8148,13859,5470,5843,412,0,0,3577,710,8,3,5,8
117,-1,epi,0,0,0,0,0,0,0,0,4410,0,0,0,0,0,0
118,-2,pre,184,0,0,0,0,0,0,0,0,0,0,0,0,0,0
118,0,dense,1215,45,0,0,0,0,0,0,0,0,0,0,0,0,0
118,1,moe,782,54,9413,13886,6057,7254,491,0,0,4389,663,8,2,6,8
118,2,moe,729,53,6146,8106,3914,4832,325,0,0,2925,672,8,4,4,8
118,3,moe,699,50,7568,8659,4752,6112,389,0,0,3685,701,8,3,5,8
118,4,moe,725,46,4338,5310,3018,3162,199,0,0,2041,607,8,5,3,8
118,5,moe,752,54,6767,9215,4890,5220,342,0,0,3685,614,8,3,5,8
118,6,moe,753,45,6203,8165,3860,4805,308,0,0,2770,681,8,4,4,8
118,7,moe,758,44,7929,9475,5498,6313,401,0,0,4283,604,8,2,6,8
118,8,moe,704,60,4659,7622,3519,3142,211,0,0,2213,594,8,5,3,8
118,9,moe,748,44,5769,3247,3450,4810,306,0,0,2797,711,8,4,4,8
118,10,moe,751,53,4492,7819,3225,3186,200,0,0,2119,643,8,5,3,8
118,11,moe,649,41,4231,5220,3162,2934,185,0,0,2050,588,8,5,3,8
118,12,moe,723,45,4024,6226,2805,2326,147,0,0,1254,680,8,6,2,8
118,13,moe,774,42,1866,2026,1376,1021,61,0,0,592,562,8,7,1,8
118,14,moe,731,42,4585,2883,3214,3819,261,0,0,2709,589,8,4,4,8
118,15,moe,758,46,7116,11114,4435,5597,368,0,0,3284,684,8,3,5,8
118,16,moe,722,43,9302,14377,6678,6931,443,0,0,4750,589,8,1,7,8
118,17,moe,742,41,7674,11035,5549,5864,381,0,0,4120,629,8,2,6,8
118,18,moe,710,46,5640,5468,3451,4487,295,0,0,2593,670,8,4,4,8
118,19,moe,653,41,5402,9672,3891,3864,252,0,0,2605,571,8,4,4,8
118,20,moe,724,41,3991,4798,2940,2877,186,0,0,2012,578,8,5,3,8
118,21,moe,733,41,3685,5312,2501,2298,148,0,0,1262,653,8,6,2,8
118,22,moe,730,43,4020,4707,2820,2926,183,0,0,1909,588,8,5,3,8
118,23,moe,643,60,7176,8304,4400,5768,363,0,0,3355,657,8,3,5,8
118,24,moe,737,49,4544,8382,3026,3293,221,0,0,1996,651,8,5,3,8
118,25,moe,4177,49,4366,5078,2830,3308,213,0,0,1985,655,8,5,3,8
118,26,moe,651,46,4381,3034,2801,3343,209,0,0,1972,653,8,5,3,8
118,-1,epi,0,0,0,0,0,0,0,0,4103,0,0,0,0,0,0
119,-2,pre,149,0,0,0,0,0,0,0,0,0,0,0,0,0,0
119,0,dense,1242,53,0,0,0,0,0,0,0,0,0,0,0,0,0
119,1,moe,750,52,5938,5414,3727,4827,322,0,0,2938,829,8,4,4,8
119,2,moe,760,59,7569,10578,4896,5959,399,0,0,3685,770,8,3,5,8
119,3,moe,697,48,9417,7906,5635,8019,322,0,0,4559,676,8,4,4,8
119,4,moe,735,48,3305,4707,2455,2069,143,0,0,1362,622,8,6,2,8
119,5,moe,808,45,4048,4396,2916,3116,205,0,0,2189,593,8,5,3,8
119,6,moe,723,49,2260,2373,1553,1288,78,1,0,660,675,8,7,1,8
119,7,moe,686,61,3713,1702,2483,3114,192,0,0,2076,621,8,5,3,8
119,8,moe,754,63,3231,4810,2505,1991,132,0,0,1397,598,8,6,2,8
119,9,moe,783,46,4885,5226,3222,3430,220,0,0,1987,646,8,5,3,8
119,10,moe,695,59,12711,12131,9348,10678,437,0,0,7752,636,8,1,7,8
119,11,moe,630,40,7805,16360,5681,5838,389,0,0,4103,620,8,2,6,8
119,12,moe,735,49,4630,5353,2939,3411,224,0,0,1944,682,8,5,3,8
119,13,moe,728,53,4049,2987,2865,2901,187,0,0,1904,579,8,5,3,8
119,14,moe,709,48,7753,4808,5373,6797,250,0,0,4667,586,8,4,4,8
119,15,moe,633,42,8844,7625,5106,7488,294,0,0,4044,656,8,4,4,8
119,16,moe,766,43,2099,476,1345,1768,64,0,0,1078,628,8,7,1,8
119,17,moe,769,51,4314,9635,3609,1918,131,0,0,1344,617,8,6,2,8
119,18,moe,754,47,4628,6370,2924,3499,242,0,0,2037,678,8,5,3,8
119,19,moe,639,41,3991,5027,2817,2900,191,0,0,1917,582,8,5,3,8
119,20,moe,695,44,5749,6631,3983,4907,312,0,0,3453,607,8,3,5,8
119,21,moe,748,43,4615,1152,2593,4124,151,1,0,2254,646,8,6,2,8
119,22,moe,759,51,2425,1118,1577,1986,132,0,0,1270,633,8,6,2,8
119,23,moe,676,43,2256,2743,1584,1206,73,1,0,608,676,8,7,1,8
119,24,moe,767,47,6569,2135,3790,5989,220,0,0,3430,723,8,5,3,8
119,25,moe,754,60,5500,5170,3409,4501,283,0,0,2693,707,8,4,4,8
119,26,moe,704,47,4808,5658,3242,3341,226,0,0,2001,653,8,5,3,8
119,-1,epi,0,0,0,0,0,0,0,0,4267,0,0,0,0,0,0
120,-2,pre,160,0,0,0,0,0,0,0,0,0,0,0,0,0,0
120,0,dense,1199,41,0,0,0,0,0,0,0,0,0,0,0,0,0
120,1,moe,711,53,2838,2435,1834,2193,145,0,0,1334,684,8,6,2,8
120,2,moe,728,51,9030,8312,5469,7853,296,0,0,4588,658,8,4,4,8
120,3,moe,722,48,7132,10398,4522,5738,374,0,0,3502,671,8,3,5,8
120,4,moe,728,47,2838,2511,1925,2000,122,0,0,1209,593,8,6,2,8
120,5,moe,779,53,4943,6740,3592,3813,254,0,0,2716,574,8,4,4,8
120,6,moe,703,42,6009,8391,3822,4482,287,0,0,2582,671,8,4,4,8
120,7,moe,658,60,3146,4644,2314,1998,124,0,0,1290,578,8,6,2,8
120,8,moe,698,42,5345,9361,3931,3823,246,0,0,2655,582,8,4,4,8
120,9,moe,726,42,8,0,0,0,0,0,8,0,643,8,8,0,8
120,10,moe,691,42,2736,2181,2050,1883,122,0,0,1319,588,8,6,2,8
120,11,moe,651,40,3919,4636,2901,2839,187,0,0,2008,571,8,5,3,8
120,12,moe,755,58,2215,2361,1537,1188,70,0,0,580,631,8,7,1,8
120,13,moe,749,46,4938,3716,3429,3828,249,0,0,2568,602,8,4,4,8
120,14,moe,710,52,1200,467,851,940,64,0,0,655,592,8,7,1,8
120,15,moe,671,42,5727,4908,3513,4612,284,0,0,2682,699,8,4,4,8
120,16,moe,711,51,5821,3401,3979,4863,315,0,0,3336,576,8,3,5,8
120,17,moe,708,45,3564,2480,2546,2815,188,0,0,1985,585,8,5,3,8
120,18,moe,696,48,10053,12358,6376,8266,509,0,0,5098,725,8,1,7,8
120,19,moe,641,42,8023,4789,5498,6849,250,0,0,4574,614,8,4,4,8
120,20,moe,745,245,4214,5300,3198,2819,182,0,0,1985,602,8,5,3,8
120,21,moe,764,48,4727,1149,2666,4229,151,0,0,2319,658,8,6,2,8
120,22,moe,732,46,7882,8577,5667,5952,392,0,0,4129,612,8,2,6,8
120,23,moe,684,46,5858,8293,3644,4543,305,0,0,2634,647,8,4,4,8
120,24,moe,777,43,5294,2963,3296,4425,280,0,0,2707,673,8,4,4,8
120,25,moe,748,43,5505,4825,3496,4417,300,0,0,2708,658,8,4,4,8
120,26,moe,697,41,3947,1950,2391,3332,218,1,0,1995,716,8,5,3,8
120,-1,epi,0,0,0,0,0,0,0,0,4312,0,0,0,0,0,0
121,-2,pre,147,0,0,0,0,0,0,0,0,0,0,0,0,0,0
121,0,dense,1207,44,0,0,0,0,0,0,0,0,0,0,0,0,0
121,1,moe,707,41,8279,10925,5268,6671,463,0,0,4123,662,8,2,6,8
121,2,moe,710,45,7202,5199,4567,5783,366,0,0,3514,661,8,3,5,8
121,3,moe,676,43,11367,16088,7367,9137,572,0,0,5709,659,8,0,8,8
121,4,moe,701,66,8091,2763,5449,7171,250,0,0,4779,627,8,4,4,8
121,5,moe,762,57,4326,2247,3073,3470,126,0,0,2343,614,8,6,2,8
121,6,moe,733,47,4920,8270,3173,3516,238,0,0,2007,655,8,5,3,8
121,7,moe,664,49,4925,4549,3380,3947,254,0,0,2656,585,8,4,4,8
121,8,moe,702,58,5119,7462,3754,3865,262,0,0,2762,576,8,4,4,8
121,9,moe,734,45,7232,4917,4400,6014,214,0,0,3396,687,8,5,3,8
121,10,moe,738,43,6309,5573,4472,4854,301,0,0,3318,602,8,3,5,8
121,11,moe,661,64,8249,5403,5882,6801,431,0,0,4865,591,8,1,7,8
121,12,moe,703,45,11378,7594,6925,9909,365,0,0,5821,669,8,3,5,8
121,13,moe,774,56,4179,4719,2963,2967,186,0,0,1937,593,8,5,3,8
121,14,moe,704,48,6279,7312,4583,4778,310,0,0,3392,576,8,3,5,8
121,15,moe,662,41,8719,10756,5431,6867,416,0,0,3995,657,8,2,6,8
121,16,moe,713,45,12494,5089,9229,11036,441,0,0,8212,613,8,1,7,8
121,17,moe,740,60,5436,6964,4003,4188,259,0,0,3014,589,8,4,4,8
121,18,moe,738,51,7128,5425,4322,5901,392,1,0,3488,662,8,3,5,8
121,19,moe,696,40,7361,6823,5159,5911,387,0,0,4096,636,8,2,6,8
121,20,moe,694,54,6715,5925,4800,5420,387,0,0,3892,680,8,2,6,8
121,21,moe,716,47,7157,5763,4422,5517,370,0,0,3152,686,8,3,5,8
121,22,moe,761,54,13001,11977,9720,11037,439,0,0,8195,591,8,1,7,8
121,23,moe,698,46,8681,11494,5527,6797,464,0,0,4107,649,8,2,6,8
121,24,moe,738,42,9755,11882,6286,7710,494,0,0,4735,652,8,1,7,8
121,25,moe,714,47,9480,14794,6157,7394,507,0,0,4578,641,8,1,7,8
121,26,moe,625,48,5457,5689,3489,4280,350,0,0,2662,657,8,4,4,8
121,-1,epi,0,0,0,0,0,0,0,0,4210,0,0,0,0,0,0
122,-2,pre,80,0,0,0,0,0,0,0,0,0,0,0,0,0,0
122,0,dense,1278,44,0,0,0,0,0,0,0,0,0,0,0,0,0
122,1,moe,751,41,6755,5340,4122,5575,369,0,0,3311,645,8,3,5,8
122,2,moe,706,48,5102,2806,3224,4066,151,0,0,2339,649,8,6,2,8
122,3,moe,663,60,7554,14549,4997,5553,377,0,0,3373,664,8,3,5,8
122,4,moe,699,44,7020,10377,5075,5386,304,0,0,3745,582,8,3,5,8
122,5,moe,745,42,4187,2223,2995,3400,124,0,0,2332,572,8,6,2,8
122,6,moe,693,43,2462,505,1346,2124,73,0,0,1081,657,8,7,1,8
122,7,moe,639,57,4162,6818,3005,2910,188,0,0,1941,628,8,5,3,8
122,8,moe,704,44,1819,2272,1470,947,63,0,0,661,580,8,7,1,8
122,9,moe,774,46,3388,2785,2184,2308,138,0,0,1242,657,8,6,2,8
122,10,moe,730,46,4152,4896,2977,2999,188,0,0,2012,575,8,5,3,8
122,11,moe,711,46,4950,4845,3598,3755,246,0,0,2649,589,8,4,4,8
122,12,moe,695,60,9,0,0,0,0,0,9,0,652,8,8,0,8
122,13,moe,787,50,1841,2193,1498,938,62,0,0,657,558,8,7,1,8
122,14,moe,696,42,5853,2209,4062,5093,185,0,0,3487,568,8,5,3,8
122,15,moe,642,51,2913,1131,1667,2413,149,0,0,1316,654,8,6,2,8
122,16,moe,694,45,2663,2078,1915,1772,63,0,0,1087,571,8,7,1,8
122,17,moe,722,42,7176,5005,4935,6224,243,0,0,4226,573,8,4,4,8
122,18,moe,730,44,2731,1123,1554,2259,139,0,0,1221,662,8,6,2,8
122,19,moe,693,45,3886,2506,2657,2957,180,0,0,1908,616,8,5,3,8
122,20,moe,752,55,5024,7364,3649,3853,262,0,0,2740,629,8,4,4,8
122,21,moe,764,43,5598,2980,3325,4651,285,0,0,2663,658,8,4,4,8
122,22,moe,738,58,10858,8817,7307,9426,376,0,0,6251,576,8,2,6,8
122,23,moe,628,55,3085,2606,1956,2206,134,0,0,1211,645,8,6,2,8
122,24,moe,763,44,7690,5666,4872,6273,429,1,0,3885,676,8,2,6,8
122,25,moe,736,46,6759,11619,4372,5188,351,0,0,3152,655,8,3,5,8
122,26,moe,625,54,5336,8286,3437,4131,281,0,0,2513,688,8,4,4,8
122,-1,epi,0,0,0,0,0,0,0,0,4207,0,0,0,0,0,0
123,-2,pre,155,0,0,0,0,0,0,0,0,0,0,0,0,0,0
123,0,dense,1182,37,0,0,0,0,0,0,0,0,0,0,0,0,0
123,1,moe,687,70,3352,5006,2336,2205,143,1,0,1333,651,8,6,2,8
123,2,moe,735,35,6829,7676,4329,5542,362,0,0,3404,706,8,3,5,8
123,3,moe,683,36,5633,5418,3546,4515,300,0,0,2728,662,8,4,4,8
123,4,moe,711,37,3837,4689,2644,2930,192,0,0,1929,577,8,5,3,8
123,5,moe,752,37,3831,4620,2807,2836,191,0,0,2003,575,8,5,3,8
123,6,moe,749,37,3375,2444,2127,2383,138,0,0,1273,702,8,6,2,8
123,7,moe,664,36,5371,9531,3848,3901,299,0,0,2677,592,8,4,4,8
123,8,moe,704,37,1761,2246,1410,944,61,0,0,654,576,8,7,1,8
123,9,moe,709,43,8,0,0,0,0,0,8,0,639,8,8,0,8
123,10,moe,689,38,2273,1041,1588,1888,122,0,0,1325,579,8,6,2,8
123,11,moe,646,43,6906,11879,5130,4781,317,0,0,3322,578,8,3,5,8
123,12,moe,706,43,4673,5360,2922,3603,221,0,0,2073,645,8,5,3,8
123,13,moe,728,38,4550,7019,3366,3196,192,0,0,2204,568,8,5,3,8
123,14,moe,700,43,2510,2152,1909,1701,68,0,0,1168,589,8,7,1,8
123,15,moe,663,38,4976,2435,3015,4085,143,0,0,2267,640,8,6,2,8
123,16,moe,686,51,2951,2566,2097,1975,126,0,0,1247,566,8,6,2,8
123,17,moe,724,38,7727,4556,5360,6790,248,0,0,4671,588,8,4,4,8
123,18,moe,700,41,5942,11181,3958,3084,140,1,0,1241,632,8,6,2,8
123,19,moe,637,42,3082,2584,2216,1996,120,0,0,1250,603,8,6,2,8
123,20,moe,724,40,5600,2813,3910,4834,179,0,0,3323,608,8,5,3,8
123,21,moe,743,41,1459,500,813,1134,66,0,0,554,693,8,7,1,8
123,22,moe,727,54,3143,4833,2349,1860,119,0,0,1185,574,8,6,2,8
123,23,moe,657,38,4568,5131,2940,3328,205,0,0,1905,637,8,5,3,8
123,24,moe,722,40,4167,5547,2736,3099,220,0,0,1888,650,8,5,3,8
123,25,moe,714,41,5950,8280,3870,4524,296,0,0,2740,656,8,4,4,8
123,26,moe,663,56,6756,3696,4158,5639,363,0,0,3404,653,8,3,5,8
123,-1,epi,0,0,0,0,0,0,0,0,4089,0,0,0,0,0,0
124,-2,pre,45,0,0,0,0,0,0,0,0,0,0,0,0,0,0
124,0,dense,1184,41,0,0,0,0,0,0,0,0,0,0,0,0,0
124,1,moe,714,45,4056,2906,2633,3094,202,0,0,1873,679,8,5,3,8
124,2,moe,727,51,6966,6156,4451,5811,365,1,0,3662,672,8,3,5,8
124,3,moe,678,42,7035,10846,4549,5483,360,0,0,3357,663,8,3,5,8
124,4,moe,697,44,2800,2299,1999,1935,120,0,0,1254,621,8,6,2,8
124,5,moe,769,42,3470,2238,2453,2802,184,0,0,1969,585,8,5,3,8
124,6,moe,726,51,3618,5633,2486,2268,143,0,0,1279,662,8,6,2,8
124,7,moe,655,40,4293,2328,2958,3460,123,0,0,2248,598,8,6,2,8
124,8,moe,719,41,4101,5273,3047,2850,189,0,0,1985,584,8,5,3,8
124,9,moe,733,48,7489,8332,4656,6030,228,0,0,3425,662,8,5,3,8
124,10,moe,706,62,5893,2214,3956,5175,188,0,0,3426,579,8,5,3,8
124,11,moe,641,42,4797,3249,3385,3877,244,0,0,2709,606,8,4,4,8
124,12,moe,703,40,4294,2906,2530,3473,220,0,0,1929,639,8,5,3,8
124,13,moe,765,48,4393,7162,3190,2926,188,0,0,1911,573,8,5,3,8
124,14,moe,708,46,4038,4848,3024,2824,184,0,0,1994,572,8,5,3,8
124,15,moe,646,39,4801,8278,3073,3433,227,0,0,1932,657,8,5,3,8
124,16,moe,697,53,5141,4821,3575,3908,250,0,0,2592,585,8,4,4,8
124,17,moe,724,58,5235,7423,3793,3916,247,0,0,2721,579,8,4,4,8
124,18,moe,687,53,7061,8080,4369,5595,362,0,0,3265,655,8,3,5,8
124,19,moe,687,46,5159,7187,3648,3904,281,0,0,2674,649,8,4,4,8
124,20,moe,696,50,5324,7079,3951,3772,263,0,0,2662,662,8,4,4,8
124,21,moe,730,46,5147,2769,3178,4055,153,0,0,2239,696,8,6,2,8
124,22,moe,743,49,4664,4630,3326,3456,128,0,0,2246,599,8,6,2,8
124,23,moe,654,44,11030,10334,6391,9525,365,0,0,5251,651,8,3,5,8
124,24,moe,741,50,5831,6432,3731,4543,302,0,0,2745,680,8,4,4,8
124,25,moe,744,41,4488,7972,2971,3291,235,0,0,2009,661,8,5,3,8
124,26,moe,10882,43,6699,7640,4327,5376,363,0,0,3367,656,8,3,5,8
124,-1,epi,0,0,0,0,0,0,0,0,4082,0,0,0,0,0,0
125,-2,pre,97,0,0,0,0,0,0,0,0,0,0,0,0,0,0
125,0,dense,3524,41,0,0,0,0,0,0,0,0,0,0,0,0,0
125,1,moe,8365,43,8937,8162,5261,7629,285,0,0,4238,649,8,4,4,8
125,2,moe,699,59,10777,13446,6585,8786,364,0,0,4958,649,8,3,5,8
125,3,moe,631,46,4822,3324,3074,3845,131,0,0,2228,666,8,6,2,8
125,4,moe,679,42,7798,6626,5383,6505,238,0,0,4328,563,8,4,4,8
125,5,moe,748,40,5473,7270,3791,4194,180,0,0,2692,583,8,5,3,8
125,6,moe,701,42,2169,2498,1531,1121,66,0,0,549,642,8,7,1,8
125,7,moe,646,39,3821,4933,2725,2761,181,0,0,1846,570,8,5,3,8
125,8,moe,693,40,6873,9459,4624,5602,245,0,0,3598,591,8,4,4,8
125,9,moe,698,60,5010,2843,3080,3949,130,0,0,2149,651,8,6,2,8
125,10,moe,705,46,4270,7021,3132,2972,181,0,0,2015,568,8,5,3,8
125,11,moe,636,37,3975,5066,2978,2696,174,0,0,1873,570,8,5,3,8
125,12,moe,675,40,3091,2634,1983,2146,134,0,0,1172,644,8,6,2,8
125,13,moe,744,39,3814,4527,2712,2770,179,0,0,1847,566,8,5,3,8
125,14,moe,673,44,7326,4535,5075,6319,236,0,0,4304,594,8,4,4,8
125,15,moe,631,40,3226,2750,2064,2219,131,0,0,1188,647,8,6,2,8
125,16,moe,674,43,3720,2477,2598,2752,174,0,0,1804,586,8,5,3,8
125,17,moe,723,47,7377,2918,5114,6451,230,0,0,4418,574,8,4,4,8
125,18,moe,673,43,6949,10494,4317,5415,348,0,0,3131,652,8,3,5,8
125,19,moe,620,41,2734,2253,1943,1855,120,0,0,1184,575,8,6,2,8
125,20,moe,679,44,7133,2316,4900,6564,237,0,0,4568,592,8,4,4,8
125,21,moe,749,40,4708,5833,3118,3461,201,1,0,2073,661,8,5,3,8
125,22,moe,795,50,6024,5418,4203,4890,185,0,0,3254,582,8,5,3,8
125,23,moe,621,48,6610,2904,3916,5730,204,1,0,3241,653,8,5,3,8
125,24,moe,756,55,8577,5073,5208,7587,277,0,0,4495,651,8,4,4,8
125,25,moe,746,41,8528,2899,5137,7682,260,0,0,4551,661,8,4,4,8
125,26,moe,640,40,2695,1711,1706,2096,137,0,0,1244,639,8,6,2,8
125,-1,epi,0,0,0,0,0,0,0,0,4126,0,0,0,0,0,0
126,-2,pre,202,0,0,0,0,0,0,0,0,0,0,0,0,0,0
126,0,dense,1194,44,0,0,0,0,0,0,0,0,0,0,0,0,0
126,1,moe,744,40,12269,11832,8017,10606,433,0,0,6787,655,8,2,6,8
126,2,moe,677,43,3279,5032,2316,2079,144,0,0,1260,644,8,6,2,8
126,3,moe,654,42,10140,8126,5935,8756,342,0,0,4893,649,8,3,5,8
126,4,moe,691,52,5290,9414,3809,3684,255,1,0,2459,604,8,4,4,8
126,5,moe,711,57,4776,5535,3487,3568,242,0,0,2521,573,8,4,4,8
126,6,moe,679,41,2146,2508,1479,1144,71,0,0,548,680,8,7,1,8
126,7,moe,661,43,7463,2731,4983,6606,236,0,0,4362,576,8,4,4,8
126,8,moe,676,54,5935,4719,4178,4930,173,1,0,3347,559,8,5,3,8
126,9,moe,710,40,8,0,0,0,0,0,8,0,643,8,8,0,8
126,10,moe,720,54,4455,4709,3283,3304,124,0,0,2256,567,8,6,2,8
126,11,moe,626,43,8145,8188,5818,6654,251,1,0,4579,572,8,4,4,8
126,12,moe,688,41,3076,2593,1938,2176,132,0,0,1170,658,8,6,2,8
126,13,moe,718,45,1812,2106,1335,970,58,0,0,551,551,8,7,1,8
126,14,moe,713,43,3913,7434,2951,2665,185,0,0,1888,576,8,5,3,8
126,15,moe,662,44,9289,25892,6762,5247,327,0,0,3047,650,8,3,5,8
126,16,moe,688,43,5047,9068,3628,3622,251,0,0,2454,590,8,4,4,8
126,17,moe,759,42,7227,9537,4895,5901,258,0,0,3827,581,8,4,4,8
126,18,moe,701,41,6937,7954,4284,5442,358,0,0,3147,647,8,3,5,8
126,19,moe,636,57,5005,7112,3528,3694,264,0,0,2481,577,8,4,4,8
126,20,moe,730,40,7715,7520,5470,6435,241,0,0,4431,586,8,4,4,8
126,21,moe,760,50,5776,11140,3615,4329,286,0,0,2454,643,8,4,4,8
126,22,moe,731,47,4193,6988,3060,2754,181,0,0,1802,581,8,5,3,8
126,23,moe,632,39,6069,11101,3926,4312,293,0,0,2462,641,8,4,4,8
126,24,moe,717,41,10438,7937,6073,9058,346,0,0,5039,653,8,3,5,8
126,25,moe,703,42,6504,8285,4116,5185,355,0,0,3152,650,8,3,5,8
126,26,moe,645,39,8514,13187,5563,6418,435,0,0,3902,641,8,2,6,8
126,-1,epi,0,0,0,0,0,0,0,0,3995,0,0,0,0,0,0
127,-2,pre,65,0,0,0,0,0,0,0,0,0,0,0,0,0,0
127,0,dense,1247,45,0,0,0,0,0,0,0,0,0,0,0,0,0
127,1,moe,753,40,12098,13722,7418,10264,427,0,0,6011,653,8,2,6,8
127,2,moe,8369,42,8349,13571,5502,6372,453,0,0,3978,659,8,2,6,8
127,3,moe,11043,40,8534,2849,5091,7752,268,0,0,4577,770,8,4,4,8
127,4,moe,9060,47,9859,11990,6913,8176,308,1,0,5539,606,8,3,5,8
127,5,moe,9512,41,3660,1031,2514,3284,119,0,0,2257,581,8,6,2,8
127,6,moe,7575,40,2993,2401,1983,1995,68,0,0,1053,644,8,7,1,8
127,7,moe,8376,41,4645,4627,3309,3351,116,0,0,2131,578,8,6,2,8
127,8,moe,696,41,8147,7065,5818,6706,234,0,0,4611,583,8,4,4,8
127,9,moe,717,51,2993,2548,1920,2025,71,0,0,1023,647,8,7,1,8
127,10,moe,698,46,6375,5177,4462,5040,179,0,0,3306,581,8,5,3,8
127,11,moe,626,41,2169,1036,1517,1788,113,0,0,1249,602,8,6,2,8
127,12,moe,694,51,4983,2590,3027,3966,145,0,0,2155,642,8,6,2,8
127,13,moe,736,43,2925,2755,2131,1860,116,0,0,1182,578,8,6,2,8
127,14,moe,696,42,9358,4736,6431,8387,291,1,0,5752,581,8,3,5,8
127,15,moe,610,55,7085,3699,4275,5895,200,0,0,3285,652,8,5,3,8
127,16,moe,704,40,3569,2505,2437,2781,174,0,0,1823,597,8,5,3,8
127,17,moe,709,43,5912,2626,4178,4953,177,1,0,3397,595,8,5,3,8
127,18,moe,666,41,10658,4974,6287,9498,347,0,0,5474,685,8,3,5,8
127,19,moe,660,45,8036,8227,5647,6612,247,0,0,4470,595,8,4,4,8
127,20,moe,685,41,7745,7053,5407,6604,236,1,0,4503,608,8,4,4,8
127,21,moe,722,40,10686,3808,6250,9704,358,0,0,5626,656,8,3,5,8
127,22,moe,730,56,3954,4444,2818,2783,173,1,0,1821,624,8,5,3,8
127,23,moe,599,40,7224,8577,4525,5799,210,0,0,3310,635,8,5,3,8
127,24,moe,709,51,8557,10287,5603,6956,416,0,0,4418,646,8,2,6,8
127,25,moe,721,44,6770,11119,4279,5346,351,0,0,3206,650,8,3,5,8
127,26,moe,640,39,12839,15803,7716,10757,429,0,0,6063,640,8,2,6,8
127,-1,epi,0,0,0,0,0,0,0,0,4125,0,0,0,0,0,0
128,-2,pre,200,0,0,0,0,0,0,0,0,0,0,0,0,0,0
128,0,dense,1172,43,0,0,0,0,0,0,0,0,0,0,0,0,0
128,1,moe,741,42,10878,7539,6639,9579,373,0,0,5713,674,8,3,5,8
128,2,moe,700,45,4509,5336,3027,3225,205,0,0,1948,654,8,5,3,8
128,3,moe,654,42,4821,3438,3132,3762,135,0,0,2208,659,8,6,2,8
128,4,moe,688,43,6766,7234,4844,5025,201,0,0,3304,568,8,5,3,8
128,5,moe,715,51,2448,2251,1872,1610,63,0,0,1097,558,8,7,1,8
128,6,moe,699,44,4806,2385,2943,3892,138,0,0,2167,637,8,6,2,8
128,7,moe,621,58,4519,3207,3239,3289,118,0,0,2127,572,8,6,2,8
128,8,moe,8330,40,4185,4413,3102,3084,116,0,0,2117,568,8,6,2,8
128,9,moe,8649,39,4627,7807,3078,3323,212,0,0,1986,644,8,5,3,8
128,10,moe,7461,39,1820,2185,1360,927,55,0,0,522,558,8,7,1,8
128,11,moe,7516,52,7392,4581,5234,6204,225,0,0,4271,597,8,4,4,8
128,12,moe,682,39,4723,2745,2913,3727,131,0,0,2048,648,8,6,2,8
128,13,moe,721,44,4008,2149,2772,3174,114,0,0,2052,574,8,6,2,8
128,14,moe,692,43,5210,9368,3974,3904,230,0,0,2898,580,8,4,4,8
128,15,moe,657,43,9120,9133,5552,7547,270,0,0,4249,642,8,4,4,8
128,16,moe,729,40,4898,7035,3476,3517,234,0,0,2329,562,8,4,4,8
128,17,moe,710,55,9029,7977,6333,7716,291,0,0,5311,567,8,3,5,8
128,18,moe,661,41,4539,2515,2735,3722,129,0,0,2047,652,8,6,2,8
128,19,moe,641,58,3927,4765,2834,2669,165,0,0,1741,561,8,5,3,8
128,20,moe,677,39,2505,2313,1888,1697,110,0,0,1190,581,8,6,2,8
128,21,moe,729,39,1383,501,765,1082,68,0,0,532,678,8,7,1,8
128,22,moe,716,46,4579,4726,3244,3363,117,0,0,2145,574,8,6,2,8
128,23,moe,609,48,4281,3494,2692,3272,196,0,0,1879,646,8,5,3,8
128,24,moe,726,47,2966,2303,1963,2101,140,0,0,1238,647,8,6,2,8
128,25,moe,697,39,6859,6411,4392,5610,362,0,0,3505,647,8,3,5,8
128,26,moe,612,54,5092,5104,3349,3831,134,0,0,2222,644,8,6,2,8
128,-1,epi,0,0,0,0,0,0,0,0,4077,0,0,0,0,0,0
129,-2,pre,226,0,0,0,0,0,0,0,0,0,0,0,0,0,0
129,0,dense,1175,34,0,0,0,0,0,0,0,0,0,0,0,0,0
129,1,moe,723,45,3815,1861,2332,3281,209,0,0,2007,648,8,5,3,8
129,2,moe,682,44,7727,4955,4776,6624,403,0,0,4076,641,8,2,6,8
129,3,moe,629,34,7238,8250,4615,5794,211,0,0,3382,635,8,5,3,8
129,4,moe,680,35,4259,5152,3083,2841,176,0,0,1841,569,8,5,3,8
129,5,moe,712,36,4046,2744,2873,3283,115,0,0,2225,588,8,6,2,8
129,6,moe,695,34,3024,2381,1950,2034,68,0,0,1028,643,8,7,1,8
129,7,moe,626,41,7541,3481,5044,6712,236,0,0,4451,577,8,4,4,8
129,8,moe,695,34,4340,4452,3203,3223,116,0,0,2202,588,8,6,2,8
129,9,moe,722,36,5499,8269,3377,4286,280,0,0,2444,660,8,4,4,8
129,10,moe,682,36,7585,2867,5110,6723,236,0,0,4484,572,8,4,4,8
129,11,moe,5614,34,3924,4930,2904,2713,177,0,0,1870,575,8,5,3,8
129,12,moe,10982,40,6737,7312,4110,5562,216,1,0,3152,804,8,5,3,8
129,13,moe,741,41,5478,9220,4041,4004,254,0,0,2821,658,8,4,4,8
129,14,moe,656,48,4043,2386,2881,3277,115,0,0,2230,575,8,6,2,8
129,15,moe,631,44,6929,5813,4299,5551,337,0,0,3258,656,8,3,5,8
129,16,moe,705,41,7340,2321,4887,6714,239,0,0,4500,611,8,4,4,8
129,17,moe,742,44,5501,1675,3742,5028,186,0,0,3455,577,8,5,3,8
129,18,moe,727,43,11246,8189,6687,9621,376,0,0,5438,657,8,3,5,8
129,19,moe,657,46,7854,5198,5398,6703,226,0,0,4473,572,8,4,4,8
129,20,moe,692,58,10848,5332,7477,9609,348,0,0,6586,584,8,2,6,8
129,21,moe,716,78,8708,5788,5206,7427,266,0,0,4191,647,8,4,4,8
129,22,moe,718,39,9364,4749,6395,8151,280,0,0,5462,561,8,3,5,8
129,23,moe,613,40,3844,2528,2269,3122,197,0,0,1744,641,8,5,3,8
129,24,moe,720,47,5163,5109,3275,4091,256,0,0,2459,646,8,4,4,8
129,25,moe,702,38,7539,5868,4703,6234,403,0,0,3801,664,8,2,6,8
129,26,moe,629,35,6490,7443,4110,5236,335,0,0,3191,641,8,3,5,8
129,-1,epi,0,0,0,0,0,0,0,0,3943,0,0,0,0,0,0
130,-2,pre,134,0,0,0,0,0,0,0,0,0,0,0,0,0,0
130,0,dense,1163,36,0,0,0,0,0,0,0,0,0,0,0,0,0
130,1,moe,689,51,6758,3472,4152,5730,200,1,0,3325,732,8,5,3,8
130,2,moe,703,41,9073,8241,5598,7752,278,0,0,4555,644,8,4,4,8
130,3,moe,630,39,5430,5199,3453,4352,261,0,0,2636,667,8,4,4,8
130,4,moe,720,38,9466,6790,6474,8125,299,0,0,5432,574,8,3,5,8
130,5,moe,716,48,6085,6688,4397,4822,178,0,0,3312,594,8,5,3,8
130,6,moe,711,40,3132,2683,2063,2022,68,0,0,1021,642,8,7,1,8
130,7,moe,630,39,2662,2430,1935,1693,60,0,0,1026,560,8,7,1,8
130,8,moe,681,40,4060,2330,2930,3215,118,0,0,2203,573,8,6,2,8
130,9,moe,707,43,6987,6031,4251,5778,206,0,0,3248,671,8,5,3,8
130,10,moe,679,40,6094,4793,4252,4904,180,0,0,3242,576,8,5,3,8
130,11,moe,633,43,5696,2347,3938,4967,176,0,0,3385,571,8,5,3,8
130,12,moe,706,47,7017,10365,4393,5666,202,0,0,3244,645,8,5,3,8
130,13,moe,5685,40,2528,2187,1837,1613,64,0,0,986,575,8,7,1,8
130,14,moe,5127,37,5757,4675,4135,4626,172,0,0,3176,572,8,5,3,8
130,15,moe,625,39,5423,5590,3420,4349,278,0,0,2624,641,8,4,4,8
130,16,moe,679,38,5706,5381,3927,4553,169,0,0,2943,565,8,5,3,8
130,17,moe,703,41,3883,2326,2794,3085,113,0,0,2109,581,8,6,2,8
130,18,moe,676,39,4384,5964,2803,3169,197,0,0,1785,640,8,5,3,8
130,19,moe,607,36,11583,10314,7943,9958,358,0,0,6676,580,8,2,6,8
130,20,moe,682,42,8900,7950,6214,7592,298,0,0,5204,606,8,3,5,8
130,21,moe,722,42,4474,5526,2889,3256,194,0,0,1865,639,8,5,3,8
130,22,moe,713,39,7330,4800,5020,6255,229,0,0,4174,570,8,4,4,8
130,23,moe,604,35,3960,2649,2382,3115,198,0,0,1735,639,8,5,3,8
130,24,moe,713,46,8745,8194,5411,7357,281,0,0,4304,647,8,4,4,8
130,25,moe,716,43,7017,11552,4754,5490,338,0,0,3565,668,8,3,5,8
130,26,moe,629,36,5509,8512,3702,4061,266,0,0,2520,652,8,4,4,8
130,-1,epi,0,0,0,0,0,0,0,0,4081,0,0,0,0,0,0
