step,il,kind,route_us,readback_us,load_wall_us,pread_us,pread_wall_us,repack_us,placement_us,sync_us,load_other_us,load_hidden_us,compute_us,lookups,hits,misses,n_slots
0,-2,pre,2898,0,0,0,0,0,0,0,0,0,0,0,0,0,0
0,0,dense,6434,136,0,0,0,0,0,0,0,0,0,0,0,0,0
0,1,moe,6977,136,36164,66397,17333,18572,0,1,258,0,1266,0,0,0,16
0,2,moe,3880,58,25438,49824,16664,16051,5671,1,0,12949,1480,16,0,16,16
0,3,moe,12471,52,24348,51375,16397,14577,5229,0,0,11855,1326,15,0,15,15
0,4,moe,3750,58,22492,48408,16603,13374,5132,1,0,12618,1147,16,0,16,16
0,5,moe,6886,55,22176,51059,16529,13235,4875,0,0,12463,1100,16,0,16,16
0,6,moe,7014,51,25659,55829,16990,14979,5570,0,0,11880,1289,16,0,16,16
0,7,moe,11359,48,20780,44840,15375,12134,4556,0,0,11285,1120,15,0,15,15
0,8,moe,4900,53,22288,49477,16491,12646,4780,0,0,11629,1201,16,0,16,16
0,9,moe,4391,54,25429,67107,17434,13653,4944,1,0,10603,1280,15,0,15,15
0,10,moe,8104,55,22400,54316,16687,13088,4678,1,0,12054,1091,16,0,16,16
0,11,moe,12568,51,21365,51860,15871,11976,4614,0,0,11096,1333,15,0,15,15
0,12,moe,6661,55,25079,65722,16783,15301,5339,1,0,12345,2036,16,0,16,16
0,13,moe,6465,61,23726,66634,18071,13107,4980,0,0,12432,2391,15,0,15,15
0,14,moe,4982,71,23567,67023,17787,13586,5037,1,0,12844,2764,16,0,16,16
0,15,moe,14878,57,24773,49557,16320,15162,5643,1,0,12353,2731,15,0,15,15
0,16,moe,4954,54,31888,74195,20245,18355,6004,0,0,12716,1718,16,0,16,16
0,17,moe,7929,54,22252,65155,16587,13009,5031,0,0,12375,2060,16,0,16,16
0,18,moe,7277,56,30418,81042,22314,14518,5227,0,0,11641,2343,15,0,15,15
0,19,moe,9214,49,36037,119457,30106,12926,4442,0,0,11437,2375,16,0,16,16
0,20,moe,5107,55,24076,59438,18217,14387,4623,1,0,13152,2073,16,0,16,16
0,21,moe,7564,53,25014,56107,16504,15625,5268,0,0,12383,2173,16,0,16,16
0,22,moe,3306,52,25743,79875,20157,12631,4278,0,0,11323,2733,16,0,16,16
0,23,moe,10199,52,19987,15974,12108,14261,4664,1,0,11047,2700,15,0,15,15
0,24,moe,1686,57,21222,10549,12864,15127,5047,0,0,11816,2205,16,0,16,16
0,25,moe,1677,58,21252,10272,12924,14993,5218,0,0,11883,2441,16,0,16,16
0,26,moe,1622,91,10659,5367,6515,7492,2586,0,0,5934,1165,8,0,8,8
0,-1,epi,0,0,0,0,0,0,0,0,5418,0,0,0,0,0,0
1,-2,pre,49,0,0,0,0,0,0,0,0,0,0,0,0,0,0
1,0,dense,2384,56,0,0,0,0,0,0,0,0,0,0,0,0,0
1,1,moe,1253,51,20195,48417,13998,11493,3951,0,0,9247,1759,12,0,12,12
1,2,moe,1122,58,21908,42421,15042,12176,4398,0,0,9708,2366,13,0,13,13
1,3,moe,749,93,20228,53179,13517,12128,4304,1,0,9722,3894,14,1,13,14
1,4,moe,1458,57,19675,57747,14614,11337,4152,0,0,10428,3450,15,1,14,15
1,5,moe,1594,59,19913,47200,15711,9667,3288,0,0,8753,3264,14,2,12,14
1,6,moe,1400,43,19909,41002,13502,11486,3720,0,0,8799,3651,14,2,12,14
1,7,moe,838,38,29894,95154,24096,12884,4452,0,0,11538,1754,16,0,16,16
1,8,moe,1445,42,18891,49506,14779,9888,3344,0,0,9120,2661,13,1,12,13
1,9,moe,4602,45,22378,46641,15535,12221,4192,0,0,9570,4845,15,2,13,15
1,10,moe,4262,51,17527,38070,13179,9908,3516,0,0,9076,5875,15,3,12,15
1,11,moe,2515,40,24965,77173,19988,11368,4014,1,0,10406,3022,15,1,14,15
1,12,moe,4864,50,26171,57193,18575,14379,4926,0,0,11709,7186,16,2,14,16
1,13,moe,11308,60,20983,49283,16372,11639,3780,0,0,10808,3010,14,1,13,14
1,14,moe,4572,53,19637,39083,14694,12296,3920,0,0,11273,2443,16,2,14,16
1,15,moe,2584,40,23542,58926,16781,13305,4252,0,0,10796,4424,15,2,13,15
1,16,moe,9490,57,25897,76894,20965,13124,4322,0,0,12514,6680,16,2,14,16
1,17,moe,12361,56,20071,43911,15435,11502,3885,0,0,10751,3891,14,1,13,14
1,18,moe,6107,58,27625,77779,19680,14721,4989,0,0,11765,6203,15,0,15,15
1,19,moe,3627,56,19859,36855,15122,12235,4014,0,0,11512,5428,15,1,14,15
1,20,moe,6838,66,20699,40612,15595,12333,4212,0,0,11441,4818,15,1,14,15
1,21,moe,6905,56,15918,28649,10783,10015,3040,0,0,7920,3294,15,5,10,15
1,22,moe,7012,41,16411,38796,12390,9676,3111,0,0,8766,3200,15,4,11,15
1,23,moe,3972,42,21099,41573,14350,13010,4019,1,0,10281,2339,16,3,13,16
1,24,moe,9264,36,16699,36698,11229,10618,3457,0,0,8605,2316,14,3,11,14
1,25,moe,1686,40,18695,29600,11574,13377,4356,0,0,10612,2127,16,2,14,16
1,26,moe,684,37,10458,5417,6431,7538,2371,0,0,5882,1025,8,0,8,8
1,-1,epi,0,0,0,0,0,0,0,0,52139,0,0,0,0,0,0
2,-2,pre,3726,0,0,0,0,0,0,0,0,0,0,0,0,0,0
2,0,dense,138029,52,0,0,0,0,0,0,0,0,0,0,0,0,0
2,1,moe,65704,158,576704,885567,223058,316498,33776,1,3371,0,164872,0,0,0,216
2,2,moe,62263,187,494442,724295,182136,272394,28142,0,11770,0,136099,0,0,0,224
2,3,moe,39655,153,412293,618188,155387,228687,25857,0,2362,0,143661,0,0,0,200
2,4,moe,67413,169,305812,414146,104269,179754,19506,1,2282,0,108505,0,0,0,185
2,5,moe,67627,155,310678,477826,120262,166709,21556,1,2150,0,107638,0,0,0,164
2,6,moe,67047,163,363190,509981,128211,196840,35659,0,2480,0,156321,0,0,0,171
2,7,moe,45389,166,289358,419288,105608,162007,19473,0,2270,0,108466,0,0,0,167
2,8,moe,64989,170,328329,476247,119911,175297,30406,0,2715,0,126485,0,0,0,179
2,9,moe,67452,301,364669,489878,123506,195542,43011,0,2610,0,152211,0,0,0,172
2,10,moe,66933,165,341516,487537,122779,184780,31489,0,2468,0,125551,0,0,0,189
2,11,moe,46330,164,325279,459832,115781,183311,23875,0,2312,0,136893,0,0,0,187
2,12,moe,68693,163,369787,506132,127432,202934,37155,1,2265,0,163608,0,0,0,178
2,13,moe,73670,158,326239,444979,112215,180002,31742,1,2279,0,129747,0,0,0,185
2,14,moe,68887,155,319755,441158,111046,175912,30527,1,2269,0,132342,0,0,0,181
2,15,moe,48348,159,388275,527542,132607,215066,38296,1,2305,0,152749,0,0,0,189
2,16,moe,62728,161,332963,484437,122023,183962,24690,1,2287,0,113498,0,0,0,190
2,17,moe,66109,152,335277,469390,118028,183770,31161,0,2318,0,118625,0,0,0,187
2,18,moe,62692,165,395577,547879,137714,215983,39402,0,2478,0,155366,0,0,0,192
2,19,moe,45911,159,347071,489170,123084,194211,27164,0,2612,0,109551,0,0,0,198
2,20,moe,65731,201,345577,490283,123283,188550,31371,0,2373,0,120017,0,0,0,192
2,21,moe,70876,232,376426,527207,132520,205382,36005,0,2519,0,148059,0,0,0,180
2,22,moe,69793,157,349320,500665,125908,188113,32739,0,2560,0,122677,0,0,0,193
2,23,moe,49951,156,393698,576234,145030,209858,36464,0,2346,0,154552,0,0,0,184
2,24,moe,65037,168,413670,571038,143753,224467,43126,1,2323,0,165777,0,0,0,193
2,25,moe,68880,151,367145,516156,130975,198095,35897,1,2177,0,141649,0,0,0,175
2,26,moe,44250,24,4,0,0,0,0,0,4,0,7,0,0,0,0
2,-1,epi,0,0,0,0,0,0,0,0,6,0,0,0,0,0,0
3,-2,pre,244,0,0,0,0,0,0,0,0,0,0,0,0,0,0
3,0,dense,12926,46,0,0,0,0,0,0,0,0,0,0,0,0,0
3,1,moe,9018,43,40458,63704,25801,21458,13811,0,0,20612,5141,26,3,23,26
3,2,moe,8497,41,38175,59532,24341,20126,13294,0,0,19586,3927,23,1,22,23
3,3,moe,11154,39,36602,57478,23191,19010,12946,1,0,18546,3971,22,1,21,22
3,4,moe,8558,39,24459,38391,17662,12441,8232,0,0,13876,3583,18,2,16,18
3,5,moe,8966,42,28596,45661,20736,14734,9570,0,0,16444,3212,20,1,19,20
3,6,moe,8817,40,34230,63535,22125,20814,8261,0,0,16970,3808,24,1,23,24
3,7,moe,10670,36,24149,44065,17700,14190,5823,0,0,13564,2896,19,1,18,19
3,8,moe,8411,44,23580,40448,17223,12586,7108,1,0,13338,2373,17,1,16,17
3,9,moe,8388,35,41552,59335,29305,18913,17665,1,0,24332,3141,23,2,21,23
3,10,moe,5596,47,34437,58653,25239,19204,9656,0,0,19662,2472,25,1,24,25
3,11,moe,16395,35,27027,36692,20524,11786,11639,0,0,16922,3235,19,4,15,19
3,12,moe,8071,49,32342,50805,22042,16758,11100,0,0,17558,2581,19,1,18,19
3,13,moe,6355,45,35721,53245,27058,17308,13266,0,0,21911,2015,22,0,22,22
3,14,moe,10059,34,29232,45393,22156,14852,9867,0,0,17643,2043,21,2,19,21
3,15,moe,15086,40,35588,56866,23951,19643,10966,0,0,18972,2444,21,0,21,21
3,16,moe,9318,36,30613,48038,22961,15879,10047,0,0,18274,1997,22,2,20,22
3,17,moe,6855,37,31546,56190,23331,18451,7717,0,0,17953,2033,25,2,23,25
3,18,moe,9541,38,36342,61181,24024,20281,10806,0,0,18769,3069,25,3,22,25
3,19,moe,10141,37,33223,58920,24849,19088,8739,0,0,19453,2000,24,0,24,24
3,20,moe,9774,36,32840,56762,24791,18368,9180,0,0,19499,2013,23,0,23,23
3,21,moe,9829,34,40565,40627,27053,20168,15274,0,0,21930,2468,24,2,22,24
3,22,moe,1471,35,28048,13027,19942,17614,8972,0,0,18480,3345,24,2,22,24
3,23,moe,1359,37,34065,14994,21489,19714,12840,0,0,19978,2442,22,1,21,22
3,24,moe,1471,34,36810,18004,24356,21900,13048,0,0,22494,2439,26,2,24,26
3,25,moe,1494,41,26626,19181,16500,21269,3613,0,0,14756,2440,24,1,23,24
3,26,moe,4151,33,6299,10874,4117,3915,1350,0,0,3083,6650,8,4,4,8
3,-1,epi,0,0,0,0,0,0,0,0,43400,0,0,0,0,0,0
4,-2,pre,45,0,0,0,0,0,0,0,0,0,0,0,0,0,0
4,0,dense,1414,48,0,0,0,0,0,0,0,0,0,0,0,0,0
4,1,moe,805,35,7420,11279,4840,3678,2504,0,0,3602,1279,8,4,4,8
4,2,moe,733,41,4066,5170,2819,1812,1173,0,0,1738,732,8,6,2,8
4,3,moe,556,30,7177,11086,4684,3599,2441,1,0,3548,739,8,4,4,8
4,4,moe,733,34,5330,7599,3910,2405,1684,0,0,2669,612,8,5,3,8
4,5,moe,798,33,4952,7170,3673,2316,1567,0,0,2604,617,8,5,3,8
4,6,moe,718,32,4678,7858,3083,2781,762,0,0,1948,956,8,5,3,8
4,7,moe,559,29,4994,7085,3725,2363,1288,1,0,2383,659,8,5,3,8
4,8,moe,724,32,3714,7568,2874,2315,170,0,0,1645,615,8,5,3,8
4,9,moe,795,33,4303,8305,2952,2807,200,0,0,1656,739,8,5,3,8
4,10,moe,727,30,4892,9838,3660,3137,624,0,0,2529,622,8,4,4,8
4,11,moe,553,39,1705,2352,1423,771,53,0,0,542,1070,8,7,1,8
4,12,moe,724,32,6407,14399,4240,4603,353,1,0,2790,736,8,3,5,8
4,13,moe,796,30,2762,4702,2129,1594,110,0,0,1071,616,8,6,2,8
4,14,moe,719,29,2760,4728,2192,1542,110,0,0,1084,609,8,6,2,8
4,15,moe,560,30,4054,8266,2689,2814,221,0,0,1670,757,8,5,3,8
4,16,moe,728,30,4123,6988,3078,2364,607,0,0,1926,622,8,5,3,8
4,17,moe,801,35,3530,7335,2703,2314,173,0,0,1660,1078,8,5,3,8
4,18,moe,734,33,4671,8829,3093,2819,722,0,0,1963,734,8,5,3,8
4,19,moe,560,30,3807,7599,2903,2398,164,0,0,1658,616,8,5,3,8
4,20,moe,723,30,2733,4727,2176,1563,108,0,0,1114,613,8,6,2,8
4,21,moe,793,31,4031,5433,2703,2784,177,0,0,1633,732,8,5,3,8
4,22,moe,795,31,3054,2360,2151,2357,156,0,0,1610,616,8,5,3,8
4,23,moe,560,28,3313,1835,1997,2812,178,0,0,1674,732,8,5,3,8
4,24,moe,790,31,5367,3163,3333,4609,295,0,0,2870,740,8,3,5,8
4,25,moe,807,34,6435,3821,3972,5573,365,0,0,3475,744,8,2,6,8
4,26,moe,595,31,8122,14242,5631,4673,1388,0,0,3570,1262,8,3,5,8
4,-1,epi,0,0,0,0,0,0,0,0,5815,0,0,0,0,0,0
5,-2,pre,223,0,0,0,0,0,0,0,0,0,0,0,0,0,0
5,0,dense,1449,35,0,0,0,0,0,0,0,0,0,0,0,0,0
5,1,moe,820,33,9151,13740,6064,4599,3079,0,0,4591,740,8,3,5,8
5,2,moe,737,42,12407,20307,8062,6350,4154,0,0,6159,741,8,1,7,8
5,3,moe,554,32,12307,18906,7965,6296,4129,0,0,6083,739,8,1,7,8
5,4,moe,725,33,9393,14457,6802,4712,3065,0,0,5186,616,8,2,6,8
5,5,moe,790,35,8016,12508,5921,3963,2579,0,0,4447,639,8,3,5,8
5,6,moe,722,34,7291,10965,4636,3724,2458,0,0,3527,784,8,4,4,8
5,7,moe,564,33,4439,7171,3348,2425,693,0,0,2027,661,8,5,3,8
5,8,moe,728,36,3764,7331,2931,2305,167,0,0,1639,616,8,5,3,8
5,9,moe,796,31,10510,16997,6712,5460,3475,0,0,5137,736,8,2,6,8
5,10,moe,728,32,4902,7358,3667,2371,1365,0,0,2501,630,8,5,3,8
5,11,moe,559,29,8397,17320,6335,5493,865,0,0,4296,615,8,1,7,8
5,12,moe,719,32,10586,17282,6811,5537,3402,0,0,5164,734,8,2,6,8
5,13,moe,795,34,5766,12102,4283,3930,295,0,0,2742,645,8,3,5,8
5,14,moe,723,31,4377,9348,3273,3078,235,0,0,2209,616,8,4,4,8
5,15,moe,553,30,6495,13510,4350,4633,327,0,0,2815,730,8,3,5,8
5,16,moe,720,31,4708,9824,3524,3174,228,0,0,2218,617,8,4,4,8
5,17,moe,793,32,4642,9866,3534,3097,218,0,0,2207,619,8,4,4,8
5,18,moe,724,31,8923,18549,5886,6577,484,0,0,4024,766,8,1,7,8
5,19,moe,580,34,4614,9970,3385,3206,254,0,0,2231,680,8,4,4,8
5,20,moe,748,31,3510,7373,2666,2324,183,0,0,1663,636,8,5,3,8
5,21,moe,822,38,6348,9584,4191,4649,323,0,0,2815,745,8,3,5,8
5,22,moe,795,32,4688,1618,3150,4230,155,0,0,2847,628,8,5,3,8
5,23,moe,562,29,2251,1092,1325,1872,115,0,0,1061,733,8,6,2,8
5,24,moe,798,32,4319,2632,2680,3758,234,0,0,2353,748,8,4,4,8
5,25,moe,810,32,4306,2632,2673,3750,239,0,0,2356,743,8,4,4,8
5,26,moe,570,277,6612,14658,5104,3321,840,0,0,2653,1246,8,5,3,8
5,-1,epi,0,0,0,0,0,0,0,0,5792,0,0,0,0,0,0
6,-2,pre,339,0,0,0,0,0,0,0,0,0,0,0,0,0,0
6,0,dense,1456,37,0,0,0,0,0,0,0,0,0,0,0,0,0
6,1,moe,815,33,8124,14456,5430,4621,2066,0,0,3993,744,8,3,5,8
6,2,moe,732,36,7061,10972,4583,3573,2399,0,0,3494,747,8,4,4,8
6,3,moe,562,32,12606,13953,7940,8099,2941,0,0,6374,743,8,3,5,8
6,4,moe,731,32,8024,11887,5746,3940,2697,0,0,4359,614,8,3,5,8
6,5,moe,795,41,5038,7650,3749,2312,1574,0,0,2597,624,8,5,3,8
6,6,moe,728,34,4573,5699,3221,1876,1133,0,0,1657,740,8,6,2,8
6,7,moe,563,35,8265,9777,5824,5608,1537,1,0,4705,618,8,4,4,8
6,8,moe,726,32,6126,12269,4545,3844,846,0,0,3109,621,8,3,5,8
6,9,moe,796,33,6341,11521,3922,3653,1523,1,0,2758,745,8,4,4,8
6,10,moe,724,32,9738,12394,6793,6395,1702,0,0,5152,615,8,3,5,8
6,11,moe,562,30,3640,4744,2774,1535,1058,0,0,1727,659,8,6,2,8
6,12,moe,735,31,5768,8221,3736,2775,1852,0,0,2595,736,8,5,3,8
6,13,moe,796,33,3608,7248,2664,2393,168,0,0,1617,686,8,5,3,8
6,14,moe,726,35,3603,7528,2776,2309,170,0,0,1652,615,8,5,3,8
6,15,moe,555,57,9006,13042,6321,4551,2961,0,0,4827,732,8,3,5,8
6,16,moe,726,34,6822,15145,5079,4696,364,0,0,3317,619,8,2,6,8
6,17,moe,795,36,5545,12474,4177,3872,290,0,0,2794,649,8,3,5,8
6,18,moe,733,36,2062,2650,1492,1022,76,0,0,528,794,8,7,1,8
6,19,moe,602,31,8266,12472,5565,5118,1136,0,0,3553,702,8,3,5,8
6,20,moe,746,42,4782,9741,3627,3372,280,0,0,2497,679,8,4,4,8
6,21,moe,803,36,3293,4989,2308,2018,141,1,0,1175,798,8,6,2,8
6,22,moe,819,38,2916,1601,1984,2430,157,0,0,1655,630,8,5,3,8
6,23,moe,558,32,5452,1828,3168,4968,180,0,0,2864,739,8,5,3,8
6,24,moe,814,39,3236,1886,2012,2738,178,0,0,1692,740,8,5,3,8
6,25,moe,810,36,3241,1863,2012,2746,184,0,0,1701,747,8,5,3,8
6,26,moe,566,30,6260,11474,4273,3780,1191,0,0,2984,1259,8,4,4,8
6,-1,epi,0,0,0,0,0,0,0,0,5855,0,0,0,0,0,0
7,-2,pre,222,0,0,0,0,0,0,0,0,0,0,0,0,0,0
7,0,dense,1458,34,0,0,0,0,0,0,0,0,0,0,0,0,0
7,1,moe,820,32,7451,13610,5274,5124,590,0,0,3537,877,8,3,5,8
7,2,moe,715,37,5678,5396,3731,3279,1317,0,0,2649,760,8,6,2,8
7,3,moe,577,32,2384,2601,1755,899,579,0,0,849,742,8,7,1,8
7,4,moe,738,32,5106,7628,3722,2361,1638,0,0,2615,628,8,5,3,8
7,5,moe,809,33,3640,4996,2788,1533,1023,0,0,1704,662,8,6,2,8
7,6,moe,731,32,2500,2403,1746,987,579,1,0,813,743,8,7,1,8
7,7,moe,564,30,6459,9644,4729,3156,2099,0,0,3525,631,8,4,4,8
7,8,moe,738,38,5907,10045,4326,3100,1482,0,0,3001,633,8,4,4,8
7,9,moe,801,33,5155,5400,3461,3417,555,0,0,2278,754,8,6,2,8
7,10,moe,735,32,2122,2177,1579,845,487,0,0,789,625,8,7,1,8
7,11,moe,559,29,4809,4728,3536,2767,964,0,0,2458,627,8,6,2,8
7,12,moe,734,31,8807,13818,5837,4620,2698,0,0,4348,763,8,3,5,8
7,13,moe,803,38,5498,7400,3947,4225,171,0,0,2845,616,8,5,3,8
7,14,moe,730,32,3648,7438,2804,2305,177,0,0,1638,622,8,5,3,8
7,15,moe,565,31,6856,13318,4224,4622,765,0,0,2755,748,8,3,5,8
7,16,moe,733,33,2875,4998,2235,1592,103,0,0,1055,614,8,6,2,8
7,17,moe,798,32,3556,7556,2731,2311,161,0,0,1647,622,8,5,3,8
7,18,moe,724,32,6291,8147,4002,4982,198,0,0,2891,740,8,5,3,8
7,19,moe,560,31,5638,7540,4056,4274,161,0,0,2853,622,8,5,3,8
7,20,moe,725,33,2753,4727,2191,1570,114,0,0,1122,622,8,6,2,8
7,21,moe,813,36,5305,11073,3538,3839,260,0,0,2332,736,8,4,4,8
7,22,moe,795,29,4591,5008,3375,3221,204,0,0,2209,617,8,4,4,8
7,23,moe,555,31,3694,1088,2143,3315,116,0,0,1880,731,8,6,2,8
7,24,moe,796,35,1135,486,718,893,57,0,0,533,736,8,7,1,8
7,25,moe,800,32,3547,2957,2329,2697,175,0,0,1654,745,8,5,3,8
7,26,moe,565,30,3449,5279,2405,1829,612,0,0,1397,738,8,6,2,8
7,-1,epi,0,0,0,0,0,0,0,0,5834,0,0,0,0,0,0
8,-2,pre,264,0,0,0,0,0,0,0,0,0,0,0,0,0,0
8,0,dense,1455,35,0,0,0,0,0,0,0,0,0,0,0,0,0
8,1,moe,822,33,4288,7597,3059,2738,196,0,0,1705,752,8,5,3,8
8,2,moe,749,33,3854,5413,2699,1803,893,0,0,1541,745,8,6,2,8
8,3,moe,570,30,5144,11235,3511,3587,265,0,0,2219,744,8,4,4,8
8,4,moe,735,30,4926,4919,3549,2846,1030,0,0,2499,620,8,6,2,8
8,5,moe,802,31,4871,7504,3601,2307,1531,0,0,2568,627,8,5,3,8
8,6,moe,731,33,10429,17457,7101,5644,3166,0,0,5482,749,8,2,6,8
8,7,moe,573,34,3698,4744,2839,1614,1012,0,0,1767,714,8,6,2,8
8,8,moe,736,38,3555,4757,2666,1545,954,1,0,1611,625,8,6,2,8
8,9,moe,803,31,4140,8426,2767,2842,195,0,0,1664,749,8,5,3,8
8,10,moe,728,31,4193,7405,3145,2408,640,0,0,2000,620,8,5,3,8
8,11,moe,576,30,8693,9542,6141,5551,2065,1,0,5065,623,8,4,4,8
8,12,moe,727,34,4299,8151,2905,2860,191,1,0,1658,745,8,5,3,8
8,13,moe,807,33,5506,7683,3943,4243,169,0,0,2849,617,8,5,3,8
8,14,moe,734,29,3548,7419,2714,2320,157,0,0,1643,623,8,5,3,8
8,15,moe,567,32,3205,5259,2250,1902,124,0,0,1071,735,8,6,2,8
8,16,moe,739,30,4471,10040,3267,3169,221,0,0,2186,622,8,4,4,8
8,17,moe,799,31,5262,5291,3795,4163,158,0,0,2854,620,8,5,3,8
8,18,moe,732,31,4523,8581,3043,2903,423,0,0,1846,735,8,5,3,8
8,19,moe,561,30,2795,4776,2135,1623,104,0,0,1067,616,8,6,2,8
8,20,moe,733,32,2764,4839,2203,1543,108,0,0,1090,617,8,6,2,8
8,21,moe,798,31,1982,2586,1439,1006,59,0,0,522,740,8,7,1,8
8,22,moe,7370,34,2565,1754,1838,1630,275,0,0,1178,613,8,6,2,8
8,23,moe,846,32,13,0,0,0,0,0,13,0,735,8,8,0,8
8,24,moe,819,47,1283,488,724,1013,60,0,0,514,747,8,7,1,8
8,25,moe,795,31,4357,2639,2728,3738,284,0,0,2393,740,8,4,4,8
8,26,moe,561,33,4959,9039,3453,2673,885,0,0,2052,757,8,5,3,8
8,-1,epi,0,0,0,0,0,0,0,0,5863,0,0,0,0,0,0
9,-2,pre,220,0,0,0,0,0,0,0,0,0,0,0,0,0,0
9,0,dense,1456,35,0,0,0,0,0,0,0,0,0,0,0,0,0
9,1,moe,816,32,4115,8431,2807,2685,390,0,0,1767,756,8,5,3,8
9,2,moe,740,35,4026,8200,2787,2700,192,0,0,1653,754,8,5,3,8
9,3,moe,575,29,2997,5068,2167,1814,119,0,0,1103,744,8,6,2,8
9,4,moe,731,30,4658,7609,3414,2366,1177,1,0,2300,625,8,5,3,8
9,5,moe,806,33,6307,10095,4775,3086,1858,0,0,3412,633,8,4,4,8
9,6,moe,733,40,13,0,0,0,0,0,13,0,787,8,8,0,8
9,7,moe,563,30,4787,7642,3768,2297,1402,0,0,2680,629,8,5,3,8
9,8,moe,736,31,3628,4828,2764,1547,1008,0,0,1691,625,8,6,2,8
9,9,moe,812,31,3949,5098,2552,2829,180,0,0,1612,752,8,5,3,8
9,10,moe,731,31,9,0,0,0,0,0,9,0,620,8,8,0,8
9,11,moe,563,29,2757,2518,2005,1464,386,0,0,1098,625,8,7,1,8
9,12,moe,730,31,1970,508,1128,1703,60,0,0,921,743,8,7,1,8
9,13,moe,806,32,1796,2399,1409,850,48,0,0,511,623,8,7,1,8
9,14,moe,645,29,2228,2164,1741,1380,52,0,0,945,622,8,7,1,8
9,15,moe,576,32,2298,1117,1320,1925,118,0,0,1065,746,8,6,2,8
9,16,moe,739,29,3777,7917,2845,2376,167,0,0,1611,631,8,5,3,8
9,17,moe,805,32,2429,2702,1872,1530,97,0,0,1070,627,8,6,2,8
9,18,moe,730,32,3175,5176,2219,1901,125,0,0,1070,751,8,6,2,8
9,19,moe,571,29,1096,456,725,843,52,0,0,524,631,8,7,1,8
9,20,moe,731,32,1644,2400,1357,770,51,0,0,534,637,8,7,1,8
9,21,moe,804,32,4427,3933,2821,3367,122,0,0,1883,740,8,6,2,8
9,22,moe,805,32,8807,11743,6246,7011,284,0,0,4734,618,8,3,5,8
9,23,moe,560,31,1255,485,710,1010,59,0,0,524,737,8,7,1,8
9,24,moe,803,32,2224,1153,1402,1822,116,0,0,1116,740,8,6,2,8
9,25,moe,805,35,5453,1908,3230,4931,240,0,0,2948,737,8,5,3,8
9,26,moe,567,32,5304,5458,3536,3277,902,0,0,2411,740,8,6,2,8
9,-1,epi,0,0,0,0,0,0,0,0,5852,0,0,0,0,0,0
10,-2,pre,215,0,0,0,0,0,0,0,0,0,0,0,0,0,0
10,0,dense,1463,36,0,0,0,0,0,0,0,0,0,0,0,0,0
10,1,moe,818,34,10717,21880,7367,7845,769,0,0,5264,751,8,0,8,8
10,2,moe,748,36,3077,4910,2259,1848,125,0,0,1155,742,8,6,2,8
10,3,moe,560,31,5402,10403,3698,3723,467,0,0,2486,740,8,4,4,8
10,4,moe,736,31,6229,10036,4154,4844,222,0,0,2991,619,8,4,4,8
10,5,moe,798,34,2733,5146,2176,1552,108,0,0,1103,622,8,6,2,8
10,6,moe,730,30,3139,5457,2199,1909,137,0,0,1106,792,8,6,2,8
10,7,moe,566,33,3993,7342,3003,2392,475,0,0,1877,623,8,5,3,8
10,8,moe,728,33,4860,7891,3821,2309,1433,1,0,2704,629,8,5,3,8
10,9,moe,806,34,9080,11037,5289,7416,327,0,0,3952,737,8,3,5,8
10,10,moe,726,32,4606,9970,3387,3170,229,0,0,2180,621,8,4,4,8
10,11,moe,563,30,5684,12060,4274,3854,453,0,0,2897,634,8,3,5,8
10,12,moe,732,33,5082,8629,3320,3686,253,0,0,2177,745,8,4,4,8
10,13,moe,801,31,3853,7751,2927,2592,174,0,0,1840,624,8,5,3,8
10,14,moe,724,29,6882,10136,4944,5559,224,0,0,3845,613,8,4,4,8
10,15,moe,558,30,8981,16062,6020,6461,440,0,0,3940,744,8,1,7,8
10,16,moe,739,32,6508,12563,4772,4717,332,1,0,3314,620,8,2,6,8
10,17,moe,798,31,9410,12143,6516,7694,338,0,0,5138,611,8,2,6,8
10,18,moe,727,36,7691,16220,5126,5512,384,0,0,3331,739,8,2,6,8
10,19,moe,567,32,7039,14049,5309,5157,329,0,0,3756,622,8,2,6,8
10,20,moe,726,32,5475,11951,4097,3916,294,0,0,2832,625,8,3,5,8
10,21,moe,795,34,6376,13939,4204,4593,314,0,0,2735,742,8,3,5,8
10,22,moe,793,31,4753,10237,3525,3206,230,0,0,2208,623,8,4,4,8
10,23,moe,564,29,8041,5714,4950,6661,236,0,0,3806,737,8,4,4,8
10,24,moe,798,32,10548,3800,6286,9665,365,0,0,5768,736,8,2,6,8
10,25,moe,799,37,8950,3666,5339,8087,296,0,0,4772,728,8,3,5,8
10,26,moe,564,32,9249,13870,6120,4670,3191,0,0,4732,736,8,3,5,8
10,-1,epi,0,0,0,0,0,0,0,0,5777,0,0,0,0,0,0
11,-2,pre,227,0,0,0,0,0,0,0,0,0,0,0,0,0,0
11,0,dense,1442,36,0,0,0,0,0,0,0,0,0,0,0,0,0
11,1,moe,812,34,2804,2739,1983,1609,261,0,0,1049,740,8,7,1,8
11,2,moe,741,34,3006,5157,2191,1813,118,0,0,1116,743,8,6,2,8
11,3,moe,568,31,2901,5346,2087,1796,129,0,0,1111,744,8,6,2,8
11,4,moe,732,32,3003,5121,2282,1620,275,0,0,1174,617,8,6,2,8
11,5,moe,811,30,2687,4548,2131,1537,108,0,0,1089,623,8,6,2,8
11,6,moe,733,29,3074,5048,2142,1880,147,0,0,1095,743,8,6,2,8
11,7,moe,563,31,3045,4601,2340,1610,302,0,0,1207,620,8,6,2,8
11,8,moe,728,30,3692,7318,2852,2318,169,0,0,1647,626,8,5,3,8
11,9,moe,805,37,4006,5539,2630,2802,185,0,0,1611,743,8,5,3,8
11,10,moe,730,31,5894,7439,4328,4245,157,0,0,2836,620,8,5,3,8
11,11,moe,557,31,2709,4862,2153,1553,102,0,0,1099,645,8,6,2,8
11,12,moe,740,30,5162,11392,3362,3736,272,0,0,2208,741,8,4,4,8
11,13,moe,797,32,2765,4729,2111,1632,106,0,0,1084,624,8,6,2,8
11,14,moe,731,35,6949,14699,5285,4762,388,0,0,3486,627,8,2,6,8
11,15,moe,566,35,5183,11531,3402,3772,272,0,0,2263,746,8,4,4,8
11,16,moe,728,33,6740,14798,5006,4767,345,0,0,3378,625,8,2,6,8
11,17,moe,796,31,5341,7730,3962,3963,273,0,0,2857,627,8,3,5,8
11,18,moe,729,31,6520,11869,4352,4583,314,0,0,2729,742,8,3,5,8
11,19,moe,565,29,7014,7684,4961,5602,212,0,0,3761,612,8,4,4,8
11,20,moe,732,30,3080,5753,2525,1542,110,0,0,1097,651,8,6,2,8
11,21,moe,837,34,7660,21065,5885,3732,264,0,0,2221,740,8,4,4,8
11,22,moe,795,29,3786,7370,2870,2536,163,0,0,1783,616,8,5,3,8
11,23,moe,12232,31,3083,4888,2116,1910,128,0,0,1071,733,8,6,2,8
11,24,moe,797,33,4314,2624,2684,3754,231,0,0,2355,735,8,4,4,8
11,25,moe,792,34,5368,3185,3340,4582,299,0,0,2853,738,8,3,5,8
11,26,moe,555,30,10542,17249,7317,5969,2697,0,0,5441,751,8,2,6,8
11,-1,epi,0,0,0,0,0,0,0,0,5836,0,0,0,0,0,0
12,-2,pre,222,0,0,0,0,0,0,0,0,0,0,0,0,0,0
12,0,dense,1449,37,0,0,0,0,0,0,0,0,0,0,0,0,0
12,1,moe,809,33,5326,11113,3687,3752,256,0,0,2369,755,8,4,4,8
12,2,moe,742,34,4109,8086,2877,2825,188,1,0,1782,776,8,5,3,8
12,3,moe,567,30,2806,5476,1991,1786,128,0,0,1099,753,8,6,2,8
12,4,moe,734,30,3688,7416,2744,2384,171,0,0,1611,625,8,5,3,8
12,5,moe,800,31,3630,4744,2744,2296,336,0,0,1746,621,8,5,3,8
12,6,moe,737,30,4488,5108,2891,3368,127,0,0,1898,738,8,6,2,8
12,7,moe,563,31,2494,2392,1824,1494,197,0,0,1021,612,8,7,1,8
12,8,moe,723,30,2883,4740,2259,1558,301,0,0,1235,620,8,6,2,8
12,9,moe,796,32,6721,14641,4487,4650,543,0,0,2959,741,8,3,5,8
12,10,moe,730,32,2590,2606,1949,1586,99,0,0,1044,620,8,6,2,8
12,11,moe,571,28,4627,9646,3457,3089,439,0,0,2358,633,8,4,4,8
12,12,moe,727,34,6458,13398,4271,4707,337,0,0,2857,748,8,3,5,8
12,13,moe,800,31,6680,7115,4567,5395,255,0,0,3537,623,8,4,4,8
12,14,moe,726,32,3744,7522,2915,2389,169,0,0,1729,616,8,5,3,8
12,15,moe,561,29,5208,11174,3419,3750,264,0,0,2225,741,8,4,4,8
12,16,moe,723,30,6516,12406,4756,4728,331,0,0,3299,627,8,2,6,8
12,17,moe,798,32,4062,5250,2964,3103,205,0,0,2210,620,8,4,4,8
12,18,moe,735,31,6715,13543,4548,4632,332,0,0,2797,735,8,3,5,8
12,19,moe,557,30,5430,4894,3890,4218,157,0,0,2835,637,8,5,3,8
12,20,moe,726,30,2309,2254,1754,1530,99,0,0,1074,616,8,6,2,8
12,21,moe,802,30,3780,6411,2425,2796,197,0,0,1638,743,8,5,3,8
12,22,moe,796,31,3695,7488,2768,2382,170,0,0,1625,625,8,5,3,8
12,23,moe,563,28,9,0,0,0,0,0,9,0,740,8,8,0,8
12,24,moe,799,29,4902,3644,3120,3706,221,0,0,2145,749,8,4,4,8
12,25,moe,796,30,2191,1146,1370,1783,115,0,0,1077,745,8,6,2,8
12,26,moe,560,31,3924,5567,2700,2775,182,0,0,1733,737,8,5,3,8
12,-1,epi,0,0,0,0,0,0,0,0,5875,0,0,0,0,0,0
13,-2,pre,207,0,0,0,0,0,0,0,0,0,0,0,0,0,0
13,0,dense,1475,36,0,0,0,0,0,0,0,0,0,0,0,0,0
13,1,moe,829,33,4810,5078,3183,3708,257,0,0,2338,756,8,4,4,8
13,2,moe,747,33,1772,2425,1359,899,59,0,0,545,751,8,7,1,8
13,3,moe,600,36,1816,2539,1392,910,58,0,0,544,737,8,7,1,8
13,4,moe,726,34,9,0,0,0,0,0,9,0,619,8,8,0,8
13,5,moe,802,37,1660,2307,1255,869,54,0,0,518,628,8,7,1,8
13,6,moe,759,31,2143,2624,1538,993,218,0,0,606,747,8,7,1,8
13,7,moe,566,31,1810,2390,1381,845,208,0,0,624,629,8,7,1,8
13,8,moe,736,29,2229,2399,1733,1387,51,0,0,942,627,8,7,1,8
13,9,moe,802,31,1994,2487,1436,1011,57,0,0,510,744,8,7,1,8
13,10,moe,730,30,2369,2506,1766,1477,51,0,0,925,627,8,7,1,8
13,11,moe,567,28,4239,5660,3268,2776,105,0,0,1910,620,8,6,2,8
13,12,moe,731,32,3814,1099,2163,3430,119,0,0,1898,747,8,6,2,8
13,13,moe,801,31,1782,2507,1393,847,53,0,0,511,623,8,7,1,8
13,14,moe,740,31,2411,2340,1851,1538,98,0,0,1076,627,8,6,2,8
13,15,moe,573,29,5625,3398,3413,4705,293,0,0,2786,744,8,3,5,8
13,16,moe,730,32,7967,5221,5430,6863,258,0,0,4584,622,8,3,5,8
13,17,moe,799,32,3078,2511,2247,2318,151,0,0,1638,623,8,5,3,8
13,18,moe,739,34,7742,4933,4737,6624,239,0,0,3858,735,8,4,4,8
13,19,moe,556,30,3844,2253,2648,3301,199,0,0,2304,629,8,4,4,8
13,20,moe,741,42,1802,2845,1512,778,55,0,0,543,648,8,7,1,8
13,21,moe,814,38,3236,5623,2269,1983,122,0,0,1138,735,8,6,2,8
13,22,moe,797,32,2828,4873,2183,1600,107,0,0,1062,621,8,6,2,8
13,23,moe,562,29,9,0,0,0,0,0,9,0,738,8,8,0,8
13,24,moe,805,32,4581,2591,2832,3685,228,0,0,2164,744,8,4,4,8
13,25,moe,799,32,1137,496,717,886,58,0,0,524,739,8,7,1,8
13,26,moe,579,37,2320,1103,1432,1776,293,0,0,1181,751,8,6,2,8
13,-1,epi,0,0,0,0,0,0,0,0,5927,0,0,0,0,0,0
14,-2,pre,41,0,0,0,0,0,0,0,0,0,0,0,0,0,0
14,0,dense,1487,36,0,0,0,0,0,0,0,0,0,0,0,0,0
14,1,moe,830,34,8869,3159,5262,8105,294,0,0,4792,749,8,3,5,8
14,2,moe,736,31,10,0,0,0,0,0,10,0,743,8,8,0,8
14,3,moe,571,30,13,0,0,0,0,0,13,0,744,8,8,0,8
14,4,moe,748,33,9,0,0,0,0,0,9,0,632,8,8,0,8
14,5,moe,809,31,1787,2541,1371,872,51,0,0,507,633,8,7,1,8
14,6,moe,738,33,2055,2731,1489,1020,58,0,0,512,741,8,7,1,8
14,7,moe,592,31,1754,2183,1304,881,207,0,0,638,623,8,7,1,8
14,8,moe,736,29,1559,2208,1275,776,50,0,0,542,625,8,7,1,8
14,9,moe,811,29,8,0,0,0,0,0,8,0,742,8,8,0,8
14,10,moe,741,29,12,0,0,0,0,0,12,0,636,8,8,0,8
14,11,moe,581,27,1625,2293,1342,772,51,0,0,540,636,8,7,1,8
14,12,moe,736,31,4529,3091,2788,3665,240,0,0,2164,748,8,4,4,8
14,13,moe,801,34,2773,4671,2133,1621,104,0,0,1085,624,8,6,2,8
14,14,moe,732,29,2758,4755,2192,1559,104,0,0,1097,643,8,6,2,8
14,15,moe,567,28,7088,6778,4504,5641,360,0,0,3417,750,8,2,6,8
14,16,moe,725,30,3912,2677,2713,3135,205,0,0,2141,634,8,4,4,8
14,17,moe,802,30,5565,3294,3912,4771,313,0,0,3431,646,8,2,6,8
14,18,moe,797,38,4418,2625,2657,3860,240,0,0,2339,744,8,4,4,8
14,19,moe,574,28,5010,3532,3550,3908,260,0,0,2708,648,8,3,5,8
14,20,moe,740,33,14,0,0,0,0,0,14,0,629,8,8,0,8
14,21,moe,838,32,3348,2178,1959,2840,188,0,0,1639,747,8,5,3,8
14,22,moe,808,33,4644,9137,3461,3229,236,0,0,2282,625,8,4,4,8
14,23,moe,572,28,1996,2692,1463,994,59,0,0,520,741,8,7,1,8
14,24,moe,795,30,3434,2145,2199,2668,182,0,0,1615,743,8,5,3,8
14,25,moe,802,31,1157,509,726,905,66,0,0,540,742,8,7,1,8
14,26,moe,573,29,3925,5688,2611,2722,386,0,0,1794,743,8,5,3,8
14,-1,epi,0,0,0,0,0,0,0,0,5947,0,0,0,0,0,0
15,-2,pre,209,0,0,0,0,0,0,0,0,0,0,0,0,0,0
15,0,dense,1468,33,0,0,0,0,0,0,0,0,0,0,0,0,0
15,1,moe,816,31,6646,4300,4186,5491,366,0,0,3397,750,8,2,6,8
15,2,moe,739,29,12,0,0,0,0,0,12,0,755,8,8,0,8
15,3,moe,580,29,13,0,0,0,0,0,13,0,762,8,8,0,8
15,4,moe,740,29,8,0,0,0,0,0,8,0,639,8,8,0,8
15,5,moe,815,31,8,0,0,0,0,0,8,0,640,8,8,0,8
15,6,moe,742,30,3275,3073,2295,1780,469,0,0,1269,755,8,6,2,8
15,7,moe,586,32,1837,2298,1381,869,204,1,0,618,640,8,7,1,8
15,8,moe,742,32,1698,2567,1414,765,49,0,0,530,632,8,7,1,8
15,9,moe,808,32,2047,2608,1489,1017,59,0,0,518,748,8,7,1,8
15,10,moe,730,28,9,0,0,0,0,0,9,0,627,8,8,0,8
15,11,moe,575,28,3825,7515,2850,2435,337,0,0,1797,633,8,5,3,8
15,12,moe,735,30,2914,2801,1955,1902,115,0,0,1058,751,8,6,2,8
15,13,moe,804,31,1775,2407,1390,852,51,0,0,518,632,8,7,1,8
15,14,moe,728,29,1632,2197,1347,774,50,0,0,539,629,8,7,1,8
15,15,moe,573,27,4893,5539,3125,3781,238,0,0,2251,752,8,4,4,8
15,16,moe,728,29,2925,1635,1993,2459,153,0,0,1680,626,8,5,3,8
15,17,moe,796,32,6233,9849,4532,4643,496,0,0,3438,630,8,2,6,8
15,18,moe,735,32,6858,5589,4259,5595,382,0,0,3378,750,8,2,6,8
15,19,moe,566,31,3608,4629,2684,2431,160,0,0,1667,663,8,5,3,8
15,20,moe,739,30,4430,9423,3330,3156,221,0,0,2277,628,8,4,4,8
15,21,moe,800,32,2852,2606,1894,1910,120,0,0,1072,744,8,6,2,8
15,22,moe,801,36,4631,9185,3426,3245,221,0,0,2261,636,8,4,4,8
15,23,moe,571,31,3019,4891,2072,1891,124,0,0,1068,764,8,6,2,8
15,24,moe,804,32,5069,7595,3439,3587,255,0,0,2212,756,8,4,4,8
15,25,moe,800,30,1159,506,726,922,57,0,0,546,746,8,7,1,8
15,26,moe,568,29,5304,11161,3588,3606,538,0,0,2428,753,8,4,4,8
15,-1,epi,0,0,0,0,0,0,0,0,5961,0,0,0,0,0,0
16,-2,pre,219,0,0,0,0,0,0,0,0,0,0,0,0,0,0
16,0,dense,1469,33,0,0,0,0,0,0,0,0,0,0,0,0,0
16,1,moe,819,31,6450,10717,4428,4595,328,0,0,2901,755,8,3,5,8
16,2,moe,734,31,4946,8095,3303,3613,261,0,0,2231,759,8,4,4,8
16,3,moe,574,31,4931,8632,3284,3675,256,0,0,2284,753,8,4,4,8
16,4,moe,733,30,4729,10046,3514,3264,232,0,0,2281,635,8,4,4,8
16,5,moe,808,31,5573,12301,4203,3850,280,0,0,2760,639,8,3,5,8
16,6,moe,729,30,4500,8455,2980,2839,572,0,0,1891,752,8,5,3,8
16,7,moe,573,30,2717,4861,2057,1612,114,0,0,1066,636,8,6,2,8
16,8,moe,729,29,2822,5308,2266,1573,107,0,0,1124,643,8,6,2,8
16,9,moe,807,32,4149,8634,2775,2812,198,0,0,1636,749,8,5,3,8
16,10,moe,729,31,8,0,0,0,0,0,8,0,632,8,8,0,8
16,11,moe,586,27,5732,9774,4165,3948,472,0,0,2853,634,8,3,5,8
16,12,moe,731,30,4032,5377,2670,2817,186,0,0,1641,776,8,5,3,8
16,13,moe,804,33,1742,2271,1349,852,49,0,0,508,626,8,7,1,8
16,14,moe,729,31,4422,7587,3313,3101,239,0,0,2231,634,8,4,4,8
16,15,moe,574,31,4753,5585,2948,3741,261,0,0,2197,751,8,4,4,8
16,16,moe,726,30,5476,9972,3992,3976,276,0,0,2768,636,8,3,5,8
16,17,moe,801,30,3526,7409,2701,2313,160,0,0,1648,635,8,5,3,8
16,18,moe,739,29,5081,7899,3311,3734,242,0,0,2206,745,8,4,4,8
16,19,moe,574,33,1539,2087,1150,870,52,0,0,533,624,8,7,1,8
16,20,moe,729,29,989,436,709,770,49,0,0,539,632,8,7,1,8
16,21,moe,801,34,1986,2668,1457,990,56,0,0,517,747,8,7,1,8
16,22,moe,801,31,1740,2344,1356,846,51,0,0,513,626,8,7,1,8
16,23,moe,579,33,1891,2459,1359,997,58,1,0,524,747,8,7,1,8
16,24,moe,810,32,2776,2847,1957,1777,117,0,0,1075,761,8,6,2,8
16,25,moe,807,44,2147,1112,1322,1792,121,0,0,1088,754,8,6,2,8
16,26,moe,575,29,8,0,0,0,0,0,8,0,751,8,8,0,8
16,-1,epi,0,0,0,0,0,0,0,0,6059,0,0,0,0,0,0
17,-2,pre,41,0,0,0,0,0,0,0,0,0,0,0,0,0,0
17,0,dense,1493,34,0,0,0,0,0,0,0,0,0,0,0,0,0
17,1,moe,832,32,1884,2658,1463,893,59,0,0,531,762,8,7,1,8
17,2,moe,750,31,1832,2649,1417,885,58,0,0,528,756,8,7,1,8
17,3,moe,585,29,2618,3010,1800,1804,116,0,0,1102,757,8,6,2,8
17,4,moe,735,32,3586,4909,2650,2364,154,0,0,1582,633,8,5,3,8
17,5,moe,814,29,8,0,0,0,0,0,8,0,633,8,8,0,8
17,6,moe,739,31,1908,2681,1335,1022,62,0,0,511,760,8,7,1,8
17,7,moe,578,30,2003,1009,1343,1611,104,0,0,1055,645,8,6,2,8
17,8,moe,737,32,2693,4796,2138,1539,110,0,0,1094,638,8,6,2,8
17,9,moe,814,34,12,0,0,0,0,0,12,0,749,8,8,0,8
17,10,moe,740,29,2722,4750,2159,1542,109,0,0,1088,639,8,6,2,8
17,11,moe,577,30,3403,4712,2577,2303,154,0,0,1631,643,8,5,3,8
17,12,moe,733,32,4187,8841,2792,2828,200,0,0,1633,754,8,5,3,8
17,13,moe,805,31,2558,2526,1879,1625,100,0,0,1046,636,8,6,2,8
17,14,moe,734,29,11,0,0,0,0,0,11,0,633,8,8,0,8
17,15,moe,577,236,3631,7041,2674,1890,114,0,0,1047,748,8,6,2,8
17,16,moe,730,38,3090,6249,2454,1600,107,1,0,1072,634,8,6,2,8
17,17,moe,809,33,1007,457,725,772,52,0,0,542,639,8,7,1,8
17,18,moe,732,32,3375,5764,2448,1871,122,0,0,1066,754,8,6,2,8
17,19,moe,577,32,1701,2228,1344,823,48,0,0,514,627,8,7,1,8
17,20,moe,734,33,1704,2505,1423,770,51,0,0,540,628,8,7,1,8
17,21,moe,803,29,3132,4572,2203,1894,114,0,0,1079,750,8,6,2,8
17,22,moe,803,29,9,0,0,0,0,0,9,0,628,8,8,0,8
17,23,moe,580,27,1862,2652,1442,900,59,0,0,539,758,8,7,1,8
17,24,moe,7489,33,2708,2693,1882,1797,116,0,0,1087,746,8,6,2,8
17,25,moe,809,30,3581,2381,2345,2678,172,0,0,1614,757,8,5,3,8
17,26,moe,571,28,9,0,0,0,0,0,9,0,751,8,8,0,8
17,-1,epi,0,0,0,0,0,0,0,0,6048,0,0,0,0,0,0
18,-2,pre,210,0,0,0,0,0,0,0,0,0,0,0,0,0,0
18,0,dense,1484,33,0,0,0,0,0,0,0,0,0,0,0,0,0
18,1,moe,840,31,4662,9166,3439,2771,182,0,0,1730,763,8,5,3,8
18,2,moe,743,33,2985,5227,2165,1840,119,0,0,1139,756,8,6,2,8
18,3,moe,587,35,6162,10634,4113,4604,322,0,0,2877,756,8,3,5,8
18,4,moe,736,35,3642,7136,2695,2399,161,0,0,1613,638,8,5,3,8
18,5,moe,809,34,2663,4582,2103,1544,108,1,0,1093,651,8,6,2,8
18,6,moe,735,32,3969,5222,2605,2800,184,0,0,1620,755,8,5,3,8
18,7,moe,574,31,3048,5279,2364,1607,105,0,0,1028,629,8,6,2,8
18,8,moe,738,35,2896,5318,2329,1586,109,0,0,1128,629,8,6,2,8
18,9,moe,815,32,3352,5661,2390,1900,121,0,0,1059,752,8,6,2,8
18,10,moe,728,30,3885,7378,2929,2425,161,0,0,1630,630,8,5,3,8
18,11,moe,572,30,4401,9804,3301,3089,230,0,0,2219,634,8,4,4,8
18,12,moe,734,31,3284,5236,2324,1906,118,0,0,1064,751,8,6,2,8
18,13,moe,805,34,1771,2364,1399,838,49,0,0,515,633,8,7,1,8
18,14,moe,735,30,4604,9465,3489,3151,235,0,0,2271,643,8,4,4,8
18,15,moe,575,29,8248,14825,5247,6423,445,0,0,3867,751,8,1,7,8
18,16,moe,727,31,4516,9688,3284,3187,226,0,0,2181,633,8,4,4,8
18,17,moe,805,32,5531,12242,4146,3871,293,0,0,2779,633,8,3,5,8
18,18,moe,734,32,6591,13324,4381,4693,323,0,0,2806,757,8,3,5,8
18,19,moe,578,33,5547,10785,4063,4047,278,0,0,2841,627,8,3,5,8
18,20,moe,728,34,4483,9971,3383,3090,225,0,0,2215,633,8,4,4,8
18,21,moe,804,35,5272,11269,3487,3715,253,0,0,2183,750,8,4,4,8
18,22,moe,801,32,6006,13025,4525,4039,278,0,0,2836,653,8,3,5,8
18,23,moe,572,33,4996,10158,3261,3681,264,0,0,2210,755,8,4,4,8
18,24,moe,800,30,7483,16270,5050,5499,435,0,0,3501,754,8,2,6,8
18,25,moe,798,39,7039,9500,4571,5540,394,1,0,3467,764,8,2,6,8
18,26,moe,577,31,10184,21891,6776,7195,1007,0,0,4794,751,8,0,8,8
18,-1,epi,0,0,0,0,0,0,0,0,5945,0,0,0,0,0,0
19,-2,pre,210,0,0,0,0,0,0,0,0,0,0,0,0,0,0
19,0,dense,1472,33,0,0,0,0,0,0,0,0,0,0,0,0,0
19,1,moe,823,33,6534,13777,4486,4687,337,0,0,2976,754,8,3,5,8
19,2,moe,737,30,3282,5890,2465,1784,122,0,0,1089,753,8,6,2,8
19,3,moe,574,29,2980,5609,2167,1822,157,0,0,1166,749,8,6,2,8
19,4,moe,729,31,1769,2454,1361,853,53,0,0,498,627,8,7,1,8
19,5,moe,812,33,2669,4924,2110,1538,113,0,0,1092,630,8,6,2,8
19,6,moe,739,30,1290,497,725,1023,59,0,0,517,754,8,7,1,8
19,7,moe,577,28,1687,2389,1301,849,51,0,0,514,633,8,7,1,8
19,8,moe,742,32,3683,7542,2854,2305,163,0,0,1639,638,8,5,3,8
19,9,moe,811,32,1907,2376,1368,996,60,0,0,517,750,8,7,1,8
19,10,moe,738,34,3530,4926,2592,2380,162,0,0,1604,637,8,5,3,8
19,11,moe,575,30,4422,7508,3321,3077,215,0,0,2191,635,8,4,4,8
19,12,moe,750,32,4254,8751,2891,2807,196,0,0,1640,754,8,5,3,8
19,13,moe,808,31,1089,440,698,845,52,0,0,506,676,8,7,1,8
19,14,moe,738,30,2404,2756,1845,1526,107,1,0,1075,637,8,6,2,8
19,15,moe,581,28,2984,4940,2029,1933,126,0,0,1104,745,8,6,2,8
19,16,moe,737,30,3585,7220,2637,2395,161,0,0,1608,657,8,5,3,8
19,17,moe,842,48,2574,4770,2009,1542,109,0,0,1086,630,8,6,2,8
19,18,moe,743,30,3101,4956,2138,1899,128,1,0,1065,754,8,6,2,8
19,19,moe,578,32,10,0,0,0,0,0,10,0,633,8,8,0,8
19,20,moe,734,31,1112,469,724,846,51,0,0,509,634,8,7,1,8
19,21,moe,807,33,4239,7619,2885,2853,207,0,0,1706,757,8,5,3,8
19,22,moe,808,33,1814,2606,1430,842,51,0,0,509,639,8,7,1,8
19,23,moe,575,27,1982,2473,1450,989,60,0,0,517,753,8,7,1,8
19,24,moe,810,31,9,0,0,0,0,0,9,0,752,8,8,0,8
19,25,moe,810,30,4056,5396,2828,2679,176,0,0,1627,751,8,5,3,8
19,26,moe,574,29,1644,2415,1192,901,65,0,0,514,751,8,7,1,8
19,-1,epi,0,0,0,0,0,0,0,0,6059,0,0,0,0,0,0
20,-2,pre,200,0,0,0,0,0,0,0,0,0,0,0,0,0,0
20,0,dense,1486,35,0,0,0,0,0,0,0,0,0,0,0,0,0
20,1,moe,824,29,3029,5451,2213,1829,133,0,0,1146,760,8,6,2,8
20,2,moe,746,30,4284,8217,3061,2785,244,0,0,1806,774,8,5,3,8
20,3,moe,594,32,2924,4898,2106,1787,122,0,0,1091,752,8,6,2,8
20,4,moe,733,32,1976,2296,1503,864,225,1,0,617,636,8,7,1,8
20,5,moe,810,33,4482,9756,3378,3160,227,0,0,2283,641,8,4,4,8
20,6,moe,737,30,1905,2467,1356,1008,60,0,0,519,756,8,7,1,8
20,7,moe,579,28,2874,4348,2215,1600,102,0,0,1043,634,8,6,2,8
20,8,moe,740,32,1631,2474,1347,773,50,0,0,539,633,8,7,1,8
20,9,moe,815,29,4141,7776,2799,2843,195,0,0,1696,753,8,5,3,8
20,10,moe,737,31,1737,2244,1373,831,50,0,0,517,665,8,7,1,8
20,11,moe,589,28,14,0,0,0,0,0,14,0,662,8,8,0,8
20,12,moe,752,242,1824,2329,1274,1009,60,0,0,519,755,8,7,1,8
20,13,moe,818,40,2509,4750,2125,847,50,0,0,513,640,8,7,1,8
20,14,moe,732,29,1768,2632,1480,769,52,0,0,533,638,8,7,1,8
20,15,moe,583,30,2840,2786,1888,1899,115,0,0,1062,753,8,6,2,8
20,16,moe,736,35,2921,5032,2255,1625,109,0,0,1068,634,8,6,2,8
20,17,moe,807,35,3581,7179,2753,2332,165,1,0,1670,636,8,5,3,8
20,18,moe,738,31,4141,5353,2785,2838,188,0,0,1670,747,8,5,3,8
20,19,moe,578,30,3533,4773,2607,2371,160,0,0,1605,633,8,5,3,8
20,20,moe,739,32,2395,2365,1841,1530,101,0,0,1077,635,8,6,2,8
20,21,moe,816,29,4426,9243,3048,2926,188,0,0,1736,754,8,5,3,8
20,22,moe,806,31,3670,6436,2742,2391,164,0,0,1627,630,8,5,3,8
20,23,moe,577,33,3128,5094,2179,1898,126,0,0,1075,752,8,6,2,8
20,24,moe,802,31,5019,10620,3374,3611,266,0,0,2232,763,8,4,4,8
20,25,moe,813,32,3168,5617,2342,1789,119,0,0,1082,759,8,6,2,8
20,26,moe,575,28,1879,2583,1465,898,58,0,0,542,752,8,7,1,8
20,-1,epi,0,0,0,0,0,0,0,0,6045,0,0,0,0,0,0
21,-2,pre,212,0,0,0,0,0,0,0,0,0,0,0,0,0,0
21,0,dense,1494,31,0,0,0,0,0,0,0,0,0,0,0,0,0
21,1,moe,823,32,6918,11127,4453,5460,389,0,0,3384,762,8,2,6,8
21,2,moe,737,32,4038,7969,2821,2677,188,0,0,1648,767,8,5,3,8
21,3,moe,581,31,6288,11714,4257,4516,322,0,0,2807,762,8,3,5,8
21,4,moe,735,34,3127,2380,2183,2378,154,0,0,1588,643,8,5,3,8
21,5,moe,819,30,2338,2390,1781,1533,104,0,0,1080,641,8,6,2,8
21,6,moe,739,29,5129,7890,3341,3784,249,0,0,2245,759,8,4,4,8
21,7,moe,578,30,4293,4717,3102,3178,208,0,0,2195,642,8,4,4,8
21,8,moe,737,33,2654,3180,2095,1531,102,0,0,1074,628,8,6,2,8
21,9,moe,810,32,2079,2628,1520,1018,59,0,0,518,757,8,7,1,8
21,10,moe,734,32,4447,5235,3229,3233,211,0,0,2226,642,8,4,4,8
21,11,moe,580,32,3599,7625,2759,2318,166,0,0,1644,646,8,5,3,8
21,12,moe,744,33,3796,5455,2412,2870,186,0,0,1672,757,8,5,3,8
21,13,moe,802,30,3622,5746,2694,2413,153,0,0,1638,639,8,5,3,8
21,14,moe,735,31,4339,7632,3239,3131,213,0,0,2244,643,8,4,4,8
21,15,moe,577,29,5071,8456,3301,3756,249,0,0,2235,748,8,4,4,8
21,16,moe,729,30,4504,9820,3313,3163,247,0,0,2219,633,8,4,4,8
21,17,moe,813,29,3207,4946,2371,2319,165,0,0,1648,628,8,5,3,8
21,18,moe,734,30,4959,7891,3187,3693,245,0,0,2166,755,8,4,4,8
21,19,moe,584,32,5844,12332,4363,3924,275,0,0,2718,633,8,3,5,8
21,20,moe,730,32,5403,10550,4007,3873,283,0,0,2760,640,8,3,5,8
21,21,moe,805,38,5314,11757,3544,3708,269,0,0,2207,782,8,4,4,8
21,22,moe,814,36,4729,10353,3539,3136,232,1,0,2179,636,8,4,4,8
21,23,moe,581,30,3288,5671,2337,1896,123,0,0,1068,750,8,6,2,8
21,24,moe,807,32,5151,11371,3514,3605,270,0,0,2238,757,8,4,4,8
21,25,moe,808,34,5268,10715,3639,3722,258,0,0,2351,759,8,4,4,8
21,26,moe,577,31,4118,5324,2813,2752,391,0,0,1838,903,8,5,3,8
21,-1,epi,0,0,0,0,0,0,0,0,6008,0,0,0,0,0,0
22,-2,pre,204,0,0,0,0,0,0,0,0,0,0,0,0,0,0
22,0,dense,1491,47,0,0,0,0,0,0,0,0,0,0,0,0,0
22,1,moe,832,30,4416,10116,3196,2792,200,0,0,1772,761,8,5,3,8
22,2,moe,745,32,3800,8396,2963,1853,122,0,0,1138,752,8,6,2,8
22,3,moe,585,33,5075,8048,3449,3651,264,0,0,2289,753,8,4,4,8
22,4,moe,734,32,4547,9701,3311,3179,230,0,0,2173,630,8,4,4,8
22,5,moe,804,33,3501,5099,2671,2295,160,0,0,1625,638,8,5,3,8
22,6,moe,733,31,5222,11101,3463,3846,256,0,0,2343,752,8,4,4,8
22,7,moe,580,37,9,0,0,0,0,0,9,0,626,8,8,0,8
22,8,moe,733,30,4597,9891,3376,3212,231,0,0,2222,639,8,4,4,8
22,9,moe,806,33,5276,10772,3506,3688,255,0,0,2173,751,8,4,4,8
22,10,moe,739,34,4537,10104,3347,3201,223,0,0,2234,633,8,4,4,8
22,11,moe,577,29,999,475,716,764,51,0,0,532,632,8,7,1,8
22,12,moe,760,37,4273,8304,2900,2882,213,0,0,1722,753,8,5,3,8
22,13,moe,806,31,3642,4943,2699,2388,157,0,0,1602,635,8,5,3,8
22,14,moe,733,31,2686,4755,2131,1540,109,0,0,1094,633,8,6,2,8
22,15,moe,582,31,1779,2327,1234,1014,58,1,0,528,749,8,7,1,8
22,16,moe,734,29,3418,3045,2482,2402,154,0,0,1620,640,8,5,3,8
22,17,moe,801,31,3832,7309,2995,2326,158,0,0,1647,642,8,5,3,8
22,18,moe,730,31,2853,2748,1897,1888,119,0,0,1051,748,8,6,2,8
22,19,moe,586,33,3721,7361,2776,2383,175,0,0,1613,649,8,5,3,8
22,20,moe,740,35,19,0,0,0,0,0,19,0,624,8,8,0,8
22,21,moe,801,30,3515,4693,2503,2126,113,0,0,1227,754,8,6,2,8
22,22,moe,816,30,2874,4963,2219,1606,108,1,0,1060,634,8,6,2,8
22,23,moe,578,30,9,0,0,0,0,0,9,0,750,8,8,0,8
22,24,moe,811,30,4275,8446,2889,2887,213,0,0,1714,760,8,5,3,8
22,25,moe,7493,33,13,0,0,0,0,0,13,0,759,8,8,0,8
22,26,moe,870,29,9,0,0,0,0,0,9,0,996,8,8,0,8
22,-1,epi,0,0,0,0,0,0,0,0,6066,0,0,0,0,0,0
23,-2,pre,203,0,0,0,0,0,0,0,0,0,0,0,0,0,0
23,0,dense,1499,35,0,0,0,0,0,0,0,0,0,0,0,0,0
23,1,moe,826,31,11225,33081,9157,4826,366,0,0,3124,781,8,3,5,8
23,2,moe,731,32,2959,5481,2134,1788,133,0,0,1096,757,8,6,2,8
23,3,moe,663,31,3997,8411,2776,2711,185,0,0,1675,756,8,5,3,8
23,4,moe,733,31,1756,2250,1369,833,51,0,0,497,628,8,7,1,8
23,5,moe,810,34,5420,10454,4054,3848,263,0,0,2745,643,8,3,5,8
23,6,moe,736,33,2358,3277,1800,1008,58,0,0,508,747,8,7,1,8
23,7,moe,659,33,3782,8104,2816,2440,172,0,0,1646,640,8,5,3,8
23,8,moe,738,36,4480,8451,3370,3159,234,0,0,2283,649,8,4,4,8
23,9,moe,805,34,3180,5485,2209,1906,125,0,0,1060,754,8,6,2,8
23,10,moe,793,35,7716,22029,6486,3162,207,0,0,2139,635,8,4,4,8
23,11,moe,657,30,4462,7824,3351,3094,212,0,0,2195,642,8,4,4,8
23,12,moe,732,32,4251,8104,2890,2843,201,0,0,1683,757,8,5,3,8
23,13,moe,811,31,4033,7281,3103,2443,165,0,0,1678,633,8,5,3,8
23,14,moe,734,32,3537,5033,2707,2307,157,0,0,1634,632,8,5,3,8
23,15,moe,661,29,5074,8396,3304,3764,256,0,0,2250,772,8,4,4,8
23,16,moe,737,32,6179,7344,4426,4680,320,0,0,3247,636,8,2,6,8
23,17,moe,795,31,2412,2894,1851,1546,102,0,0,1087,632,8,6,2,8
23,18,moe,744,37,4979,6870,3181,3776,258,0,0,2236,751,8,4,4,8
23,19,moe,647,35,2509,2455,1848,1630,101,0,0,1070,642,8,6,2,8
23,20,moe,767,33,1718,2499,1427,787,51,0,0,547,657,8,7,1,8
23,21,moe,810,35,4841,9047,3060,3705,262,0,0,2186,751,8,4,4,8
23,22,moe,829,32,3761,7453,2831,2455,162,0,0,1687,633,8,5,3,8
23,23,moe,650,35,4437,7696,3083,2870,190,0,0,1706,755,8,5,3,8
23,24,moe,809,37,6197,12729,4133,4634,341,0,0,2911,755,8,3,5,8
23,25,moe,852,48,8068,14081,5967,4530,310,1,0,2740,821,8,3,5,8
23,26,moe,669,70,5587,8133,3602,3626,1004,0,0,2645,841,8,4,4,8
23,-1,epi,0,0,0,0,0,0,0,0,6137,0,0,0,0,0,0
24,-2,pre,219,0,0,0,0,0,0,0,0,0,0,0,0,0,0
24,0,dense,1526,40,0,0,0,0,0,0,0,0,0,0,0,0,0
24,1,moe,857,40,6077,10908,3964,4700,329,0,0,2916,771,8,3,5,8
24,2,moe,758,35,6545,12970,4442,4704,328,0,0,2929,760,8,3,5,8
24,3,moe,672,31,2680,3048,1826,1828,122,1,0,1097,778,8,6,2,8
24,4,moe,760,33,4711,10033,3479,3233,213,0,0,2214,634,8,4,4,8
24,5,moe,808,34,5010,6800,3609,3893,269,0,0,2761,637,8,3,5,8
24,6,moe,749,34,7576,13471,4976,5584,391,0,0,3375,774,8,2,6,8
24,7,moe,674,38,4173,4763,2965,3154,224,0,0,2170,636,8,4,4,8
24,8,moe,734,33,7572,14567,5654,5423,392,0,0,3897,640,8,1,7,8
24,9,moe,801,35,8421,14386,5395,6433,454,0,0,3861,771,8,1,7,8
24,10,moe,767,37,3523,5004,2585,2413,162,0,0,1637,658,8,5,3,8
24,11,moe,662,33,6623,12001,4946,4711,355,0,0,3389,644,8,2,6,8
24,12,moe,757,37,7767,16746,5154,5623,401,0,0,3411,783,8,2,6,8
24,13,moe,849,40,6482,11967,4710,4754,343,0,0,3325,639,8,2,6,8
24,14,moe,797,38,6557,15430,4879,4754,364,0,0,3440,643,8,2,6,8
24,15,moe,662,31,9183,17467,6173,6500,479,0,0,3969,757,8,1,7,8
24,16,moe,730,37,8320,12084,6003,6382,447,0,0,4512,639,8,0,8,8
24,17,moe,818,38,4603,5851,3484,3183,211,0,0,2275,638,8,4,4,8
24,18,moe,755,37,7887,14914,5678,4672,324,0,0,2787,787,8,3,5,8
24,19,moe,671,35,4072,5456,2865,3160,216,1,0,2170,662,8,4,4,8
24,20,moe,745,35,5876,7674,4229,4629,320,0,0,3302,629,8,2,6,8
24,21,moe,816,37,5896,6614,3694,4740,310,0,0,2848,757,8,3,5,8
24,22,moe,810,35,5939,12537,4403,4068,287,0,0,2819,628,8,3,5,8
24,23,moe,650,31,6182,13809,3986,4631,337,0,0,2772,751,8,3,5,8
24,24,moe,818,36,5055,10617,3406,3640,250,0,0,2241,757,8,4,4,8
24,25,moe,881,32,3296,5662,2472,1785,123,0,0,1084,751,8,6,2,8
24,26,moe,668,32,9712,16445,6490,6356,1384,0,0,4518,755,8,1,7,8
24,-1,epi,0,0,0,0,0,0,0,0,5965,0,0,0,0,0,0
25,-2,pre,201,0,0,0,0,0,0,0,0,0,0,0,0,0,0
25,0,dense,1486,36,0,0,0,0,0,0,0,0,0,0,0,0,0
25,1,moe,825,32,13,0,0,0,0,0,13,0,778,8,8,0,8
25,2,moe,758,35,1129,499,716,894,56,0,0,537,762,8,7,1,8
25,3,moe,668,41,4165,8957,2942,2808,197,0,0,1782,764,8,5,3,8
25,4,moe,768,34,1736,2300,1346,832,51,0,0,493,632,8,7,1,8
25,5,moe,825,34,8,0,0,0,0,0,8,0,629,8,8,0,8
25,6,moe,736,30,1965,2558,1405,1012,59,0,0,511,765,8,7,1,8
25,7,moe,661,32,1550,2339,1178,837,59,0,0,524,633,8,7,1,8
25,8,moe,736,32,2446,2555,1889,1536,103,0,0,1082,659,8,6,2,8
25,9,moe,824,32,1815,2521,1290,988,63,0,0,526,752,8,7,1,8
25,10,moe,743,29,3698,7843,2757,2449,157,0,0,1665,635,8,5,3,8
25,11,moe,648,30,9,0,0,0,0,0,9,0,650,8,8,0,8
25,12,moe,756,30,9,0,0,0,0,0,9,0,758,8,8,0,8
25,13,moe,815,33,1553,2122,1267,779,51,0,0,544,647,8,7,1,8
25,14,moe,745,31,2701,4770,2144,1544,103,0,0,1090,641,8,6,2,8
25,15,moe,661,30,3600,2858,2212,2799,191,0,0,1602,758,8,5,3,8
25,16,moe,767,36,2405,2202,1741,1622,102,0,0,1060,634,8,6,2,8
25,17,moe,808,33,3676,7532,2840,2392,172,0,0,1728,641,8,5,3,8
25,18,moe,735,32,3262,5418,2284,1917,128,0,0,1067,758,8,6,2,8
25,19,moe,658,30,4175,7949,3243,2471,167,0,0,1706,634,8,5,3,8
25,20,moe,744,33,1596,2362,1313,779,53,0,0,549,639,8,7,1,8
25,21,moe,811,32,4235,9198,2837,2820,204,0,0,1626,764,8,5,3,8
25,22,moe,815,34,1731,2461,1352,839,52,0,0,512,637,8,7,1,8
25,23,moe,657,31,1985,2572,1423,1028,58,0,0,524,750,8,7,1,8
25,24,moe,814,30,3180,5453,2359,1791,121,0,0,1091,758,8,6,2,8
25,25,moe,817,31,1579,1547,1167,895,57,0,0,540,756,8,7,1,8
25,26,moe,655,29,1174,498,760,896,103,0,0,585,772,8,7,1,8
25,-1,epi,0,0,0,0,0,0,0,0,6126,0,0,0,0,0,0
26,-2,pre,197,0,0,0,0,0,0,0,0,0,0,0,0,0,0
26,0,dense,1503,33,0,0,0,0,0,0,0,0,0,0,0,0,0
26,1,moe,851,31,3248,1963,1997,2696,175,0,0,1620,778,8,5,3,8
26,2,moe,751,31,4095,8296,2870,2767,201,0,0,1743,766,8,5,3,8
26,3,moe,664,29,2166,1148,1339,1793,120,0,0,1086,769,8,6,2,8
26,4,moe,751,30,1839,2594,1451,822,51,0,0,485,638,8,7,1,8
26,5,moe,820,33,10,0,0,0,0,0,10,0,642,8,8,0,8
26,6,moe,751,33,1887,2511,1346,1001,58,0,0,518,815,8,7,1,8
26,7,moe,709,53,28,0,0,0,0,0,28,0,727,8,8,0,8
26,8,moe,789,59,2169,3464,1767,860,53,0,0,511,640,8,7,1,8
26,9,moe,809,34,9,0,0,0,0,0,9,0,759,8,8,0,8
26,10,moe,748,34,3363,6882,2746,1545,280,0,0,1208,640,8,6,2,8
26,11,moe,657,34,2403,2354,1847,1531,99,0,0,1074,640,8,6,2,8
26,12,moe,743,37,2474,3484,1897,1007,60,0,0,490,784,8,7,1,8
26,13,moe,813,52,3000,5382,2330,1622,107,0,0,1059,681,8,6,2,8
26,14,moe,783,677,5151,14117,4316,2323,155,0,0,1643,648,8,5,3,8
26,15,moe,716,163,4969,11345,3602,2867,204,1,0,1705,757,8,5,3,8
26,16,moe,740,36,2969,1615,2017,2479,163,0,0,1690,879,8,5,3,8
26,17,moe,826,38,1629,2422,1338,777,58,0,0,544,642,8,7,1,8
26,18,moe,759,39,3886,3472,2543,2800,175,0,0,1632,757,8,5,3,8
26,19,moe,658,35,4055,2760,2840,3155,205,0,0,2145,639,8,4,4,8
26,20,moe,748,36,2404,2396,1833,1550,100,0,0,1079,633,8,6,2,8
26,21,moe,860,38,3765,7701,2812,1899,125,0,0,1071,812,8,6,2,8
26,22,moe,811,102,3431,6150,2439,2386,170,0,0,1564,713,8,5,3,8
26,23,moe,905,94,48,0,0,0,0,0,48,0,790,8,8,0,8
26,24,moe,848,81,6959,15159,4739,4687,325,0,0,2792,785,8,3,5,8
26,25,moe,810,57,1654,2466,1233,915,65,0,0,559,755,8,7,1,8
26,26,moe,9143,35,3847,5028,2549,2709,389,0,0,1800,764,8,5,3,8
26,-1,epi,0,0,0,0,0,0,0,0,6015,0,0,0,0,0,0
27,-2,pre,192,0,0,0,0,0,0,0,0,0,0,0,0,0,0
27,0,dense,3507,38,0,0,0,0,0,0,0,0,0,0,0,0,0
27,1,moe,4703,36,10358,26830,8331,4501,335,0,0,2809,772,8,3,5,8
27,2,moe,8606,63,4942,7904,3309,3638,262,0,0,2267,752,8,4,4,8
27,3,moe,10338,37,8238,13312,5380,6375,446,0,0,3963,760,8,1,7,8
27,4,moe,7541,39,4621,5507,3383,3162,207,0,0,2131,632,8,4,4,8
27,5,moe,4026,36,4312,9199,3206,3097,233,1,0,2225,631,8,4,4,8
27,6,moe,5835,39,3218,5409,2234,1925,129,0,0,1070,750,8,6,2,8
27,7,moe,7711,37,3189,6468,2509,1632,103,0,0,1055,625,8,6,2,8
27,8,moe,4093,39,1813,2281,1466,782,213,0,0,648,821,8,7,1,8
27,9,moe,7236,42,6972,19509,5628,2777,180,1,0,1614,742,8,5,3,8
27,10,moe,732,38,4480,9916,3272,3147,220,0,0,2159,629,8,4,4,8
27,11,moe,645,35,4409,7417,3303,3088,214,0,0,2196,635,8,4,4,8
27,12,moe,738,38,2952,2775,1988,1900,114,0,0,1050,753,8,6,2,8
27,13,moe,803,35,4617,9481,3397,3185,224,0,0,2189,635,8,4,4,8
27,14,moe,732,35,5294,9626,3912,3869,291,0,0,2778,637,8,3,5,8
27,15,moe,656,33,9100,11020,5676,7404,511,0,0,4491,754,8,0,8,8
27,16,moe,734,34,5415,7608,3930,3979,262,0,0,2756,643,8,3,5,8
27,17,moe,808,34,3052,2457,2221,2296,161,0,0,1626,633,8,5,3,8
27,18,moe,730,34,8113,10739,5137,6475,438,0,0,3937,757,8,1,7,8
27,19,moe,654,36,5854,10735,4355,3938,291,0,0,2730,638,8,3,5,8
27,20,moe,736,36,4090,3444,2987,3071,211,0,0,2179,628,8,4,4,8
27,21,moe,799,33,4876,5238,3104,3733,254,0,0,2215,752,8,4,4,8
27,22,moe,802,37,4293,4917,3084,3172,211,0,0,2174,663,8,4,4,8
27,23,moe,654,32,3084,4180,2118,1917,128,0,0,1079,751,8,6,2,8
27,24,moe,804,32,7678,16877,5243,5455,388,0,0,3408,753,8,2,6,8
27,25,moe,802,35,6351,11717,4313,4479,356,0,0,2797,752,8,3,5,8
27,26,moe,654,34,6721,5283,4188,5428,546,0,0,3441,751,8,2,6,8
27,-1,epi,0,0,0,0,0,0,0,0,5968,0,0,0,0,0,0
28,-2,pre,158,0,0,0,0,0,0,0,0,0,0,0,0,0,0
28,0,dense,1474,38,0,0,0,0,0,0,0,0,0,0,0,0,0
28,1,moe,831,34,7684,16238,5222,5596,413,0,0,3547,761,8,2,6,8
28,2,moe,734,36,6193,11073,4160,4607,329,0,0,2903,756,8,3,5,8
28,3,moe,653,33,8446,16986,5615,6403,442,0,0,4014,756,8,1,7,8
28,4,moe,733,37,2973,5022,2287,1631,104,0,0,1049,629,8,6,2,8
28,5,moe,808,33,4760,9657,3659,3090,213,0,0,2202,633,8,4,4,8
28,6,moe,735,37,4064,5147,2690,2803,183,0,0,1612,750,8,5,3,8
28,7,moe,654,36,4770,7456,3562,3141,211,0,0,2144,630,8,4,4,8
28,8,moe,744,40,3638,5254,2756,2338,380,0,0,1836,684,8,5,3,8
28,9,moe,3621,39,6748,13676,4430,4662,694,0,0,3038,751,8,3,5,8
28,10,moe,7647,36,5601,12210,4101,3943,278,0,0,2721,627,8,3,5,8
28,11,moe,10734,35,3250,3533,2426,2291,153,0,0,1620,630,8,5,3,8
28,12,moe,729,35,1913,2461,1369,1005,58,0,0,519,751,8,7,1,8
28,13,moe,798,36,4620,9450,3399,3253,232,0,0,2264,627,8,4,4,8
28,14,moe,730,35,4483,5282,3384,3134,210,0,0,2245,625,8,4,4,8
28,15,moe,655,32,4159,7107,2793,2800,189,0,0,1623,746,8,5,3,8
28,16,moe,732,34,6476,11030,4721,4819,349,0,0,3413,627,8,2,6,8
28,17,moe,802,33,4403,9680,3303,3121,224,0,0,2245,629,8,4,4,8
28,18,moe,742,33,3799,2801,2427,2787,174,0,0,1589,745,8,5,3,8
28,19,moe,650,38,4671,9629,3469,3259,219,0,0,2276,633,8,4,4,8
28,20,moe,729,34,3563,7459,2737,2306,184,0,0,1664,636,8,5,3,8
28,21,moe,800,34,4121,5514,2746,2797,189,0,0,1611,750,8,5,3,8
28,22,moe,808,35,4533,7303,3345,3191,232,0,0,2235,630,8,4,4,8
28,23,moe,647,32,2935,5226,2000,1889,130,0,0,1084,746,8,6,2,8
28,24,moe,802,35,3981,7890,2754,2691,195,0,0,1659,749,8,5,3,8
28,25,moe,799,35,4114,8324,2892,2690,194,0,0,1662,747,8,5,3,8
28,26,moe,649,39,3991,8615,2769,2693,203,0,0,1674,750,8,5,3,8
28,-1,epi,0,0,0,0,0,0,0,0,5992,0,0,0,0,0,0
29,-2,pre,228,0,0,0,0,0,0,0,0,0,0,0,0,0,0
29,0,dense,1483,38,0,0,0,0,0,0,0,0,0,0,0,0,0
29,1,moe,832,35,4965,7976,3338,3672,262,0,0,2307,758,8,4,4,8
29,2,moe,751,34,6405,10983,4359,4536,323,0,0,2813,769,8,3,5,8
29,3,moe,652,32,5177,11004,3542,3745,270,0,0,2380,747,8,4,4,8
29,4,moe,797,33,6033,18023,5087,2381,162,0,0,1597,631,8,5,3,8
29,5,moe,804,35,3632,7580,2792,2313,179,0,0,1652,642,8,5,3,8
29,6,moe,737,36,7505,16354,4919,5514,401,0,0,3329,753,8,2,6,8
29,7,moe,652,37,3606,7453,2679,2378,164,0,0,1615,633,8,5,3,8
29,8,moe,737,36,5876,12260,4396,3858,623,0,0,3001,742,8,3,5,8
29,9,moe,804,38,2869,2893,1928,1868,134,0,0,1061,801,8,6,2,8
29,10,moe,744,35,3650,7315,2732,2403,168,0,0,1653,629,8,5,3,8
29,11,moe,649,33,3811,6062,2982,2304,158,0,0,1633,633,8,5,3,8
29,12,moe,7777,38,1922,2336,1349,1025,56,0,0,508,742,8,7,1,8
29,13,moe,5701,35,3639,7145,2706,2380,176,0,0,1623,628,8,5,3,8
29,14,moe,5234,37,2837,1609,2001,2378,156,0,0,1698,638,8,5,3,8
29,15,moe,638,35,2896,2870,1934,1889,117,0,0,1044,747,8,6,2,8
29,16,moe,728,35,3290,2476,2363,2352,153,0,0,1578,634,8,5,3,8
29,17,moe,817,38,4112,4746,3016,3075,209,0,0,2188,627,8,4,4,8
29,18,moe,731,29,4847,5442,3064,3737,252,0,0,2206,762,8,4,4,8
29,19,moe,647,31,3686,7786,2735,2404,169,0,0,1622,636,8,5,3,8
29,20,moe,735,31,3325,4941,2492,2334,170,0,0,1671,628,8,5,3,8
29,21,moe,806,30,4770,5582,3010,3717,268,0,0,2225,759,8,4,4,8
29,22,moe,804,31,2848,4817,2182,1619,111,0,0,1064,626,8,6,2,8
29,23,moe,646,27,6691,14147,4517,4700,326,0,0,2852,750,8,3,5,8
29,24,moe,805,31,4919,7826,3276,3589,258,0,0,2204,751,8,4,4,8
29,25,moe,804,31,5004,10626,3374,3593,266,0,0,2229,747,8,4,4,8
29,26,moe,657,33,5795,7831,3766,4467,318,0,0,2756,758,8,3,5,8
29,-1,epi,0,0,0,0,0,0,0,0,5957,0,0,0,0,0,0
30,-2,pre,210,0,0,0,0,0,0,0,0,0,0,0,0,0,0
30,0,dense,1470,33,0,0,0,0,0,0,0,0,0,0,0,0,0
30,1,moe,823,34,7500,14037,5046,5532,409,0,0,3487,762,8,2,6,8
30,2,moe,736,31,4077,8365,2847,2760,188,0,0,1718,752,8,5,3,8
30,3,moe,654,30,7070,11141,4639,5455,381,0,0,3405,797,8,2,6,8
30,4,moe,726,28,4531,7103,3287,3157,221,0,0,2134,635,8,4,4,8
30,5,moe,808,32,2328,2377,1773,1536,101,0,0,1082,673,8,6,2,8
30,6,moe,730,31,1955,2558,1398,1007,59,0,0,509,746,8,7,1,8
30,7,moe,654,30,3694,7369,2744,2394,159,0,0,1603,634,8,5,3,8
30,8,moe,745,33,2429,2404,1874,1531,111,0,0,1087,732,8,6,2,8
30,9,moe,807,29,3781,3175,2398,2783,180,0,0,1580,757,8,5,3,8
30,10,moe,739,30,6323,7532,4568,4713,318,0,0,3276,652,8,2,6,8
30,11,moe,653,31,3603,7713,2775,2361,167,0,0,1700,633,8,5,3,8
30,12,moe,737,32,6335,14215,4162,4677,319,0,0,2823,750,8,3,5,8
30,13,moe,800,30,4545,7396,3332,3158,222,0,0,2167,634,8,4,4,8
30,14,moe,3655,32,5320,9838,3937,3965,283,0,0,2865,632,8,3,5,8
30,15,moe,11491,30,4833,7613,3062,3704,245,0,0,2178,749,8,4,4,8
30,16,moe,731,30,4519,7821,3312,3148,216,0,0,2157,630,8,4,4,8
30,17,moe,801,32,5775,12669,4401,3869,283,0,0,2778,635,8,3,5,8
30,18,moe,736,31,8150,10811,5150,6486,457,0,0,3943,754,8,1,7,8
30,19,moe,658,30,6723,14639,4948,4795,331,0,0,3351,628,8,2,6,8
30,20,moe,726,30,7517,14378,5594,5445,395,0,0,3917,634,8,1,7,8
30,21,moe,800,31,6285,10854,4079,4621,336,0,0,2751,756,8,3,5,8
30,22,moe,808,31,6381,10996,4631,4690,333,0,0,3273,631,8,2,6,8
30,23,moe,648,32,6537,13773,4318,4645,342,0,0,2768,755,8,3,5,8
30,24,moe,816,33,8650,19003,5797,6402,513,0,0,4062,749,8,1,7,8
30,25,moe,804,34,6385,14707,4343,4627,391,0,0,2976,750,8,3,5,8
30,26,moe,653,32,8204,17084,5362,6341,459,0,0,3958,764,8,1,7,8
30,-1,epi,0,0,0,0,0,0,0,0,5966,0,0,0,0,0,0
31,-2,pre,225,0,0,0,0,0,0,0,0,0,0,0,0,0,0
31,0,dense,1476,34,0,0,0,0,0,0,0,0,0,0,0,0,0
31,1,moe,837,34,8911,19031,6062,6526,469,0,0,4146,759,8,1,7,8
31,2,moe,729,33,7523,16565,5086,5513,403,0,0,3479,755,8,2,6,8
31,3,moe,662,36,8849,18796,6007,6632,464,0,0,4254,744,8,1,7,8
31,4,moe,726,31,4540,10266,3326,3160,227,0,0,2173,637,8,4,4,8
31,5,moe,800,31,2960,2968,2134,2305,160,0,0,1639,638,8,5,3,8
31,6,moe,728,31,5339,10651,3583,3728,251,0,0,2223,754,8,4,4,8
31,7,moe,650,29,4714,9735,3509,3150,226,0,0,2171,636,8,4,4,8
31,8,moe,748,33,5071,9505,3817,3076,703,0,0,2525,636,8,4,4,8
31,9,moe,801,30,6601,8489,4244,4766,727,0,0,3136,747,8,3,5,8
31,10,moe,739,33,5747,11843,4264,4004,293,1,0,2815,636,8,3,5,8
31,11,moe,656,30,7774,17236,5849,5422,397,0,0,3894,628,8,1,7,8
31,12,moe,728,32,4051,8062,2695,2796,187,0,0,1627,751,8,5,3,8
31,13,moe,817,34,5838,12607,4368,3919,275,0,0,2724,632,8,3,5,8
31,14,moe,728,32,4283,7460,3177,3102,219,1,0,2216,632,8,4,4,8
31,15,moe,652,29,7716,16012,5089,5633,402,0,0,3408,749,8,2,6,8
31,16,moe,4002,31,7820,9213,5507,6317,456,0,0,4460,634,8,0,8,8
31,17,moe,7380,34,7119,12234,5197,5444,444,0,0,3966,634,8,1,7,8
31,18,moe,7686,34,8345,14290,5357,6406,463,0,0,3881,748,8,1,7,8
31,19,moe,651,33,6392,10748,4638,4736,341,0,0,3323,652,8,2,6,8
31,20,moe,725,31,5131,7431,3743,3855,282,0,0,2749,635,8,3,5,8
31,21,moe,800,32,5326,8482,3539,3729,261,0,0,2203,755,8,4,4,8
31,22,moe,798,32,5521,9682,4012,4016,336,0,0,2843,628,8,3,5,8
31,23,moe,642,29,7719,15024,5108,5534,373,0,0,3296,770,8,2,6,8
31,24,moe,799,32,9759,21969,6489,7201,546,0,0,4477,753,8,0,8,8
31,25,moe,801,32,8480,17120,5620,6399,466,0,0,4005,756,8,1,7,8
31,26,moe,656,31,8219,8721,5385,6477,439,0,0,4082,749,8,1,7,8
31,-1,epi,0,0,0,0,0,0,0,0,5906,0,0,0,0,0,0
32,-2,pre,188,0,0,0,0,0,0,0,0,0,0,0,0,0,0
32,0,dense,1464,33,0,0,0,0,0,0,0,0,0,0,0,0,0
32,1,moe,813,262,7273,20280,5214,4481,293,0,0,2715,749,8,3,5,8
32,2,moe,733,35,4206,9189,2969,2702,198,0,0,1663,753,8,5,3,8
32,3,moe,654,32,7439,16010,4973,5484,402,0,0,3420,766,8,2,6,8
32,4,moe,743,38,4356,5430,3107,3196,214,0,0,2161,643,8,4,4,8
32,5,moe,826,39,4297,7138,3448,2343,169,0,0,1663,647,8,5,3,8
32,6,moe,747,37,3606,6049,2625,1912,125,0,0,1056,809,8,6,2,8
32,7,moe,674,37,4067,8147,3105,2408,171,0,0,1617,649,8,5,3,8
32,8,moe,749,39,3635,4721,2728,2362,426,0,0,1881,666,8,5,3,8
32,9,moe,823,40,4333,7865,2848,2811,389,0,0,1715,928,8,5,3,8
32,10,moe,1742,52,6035,9407,4556,3446,880,0,0,2847,852,8,4,4,8
32,11,moe,941,62,5705,12782,4313,3914,314,0,0,2836,705,8,3,5,8
32,12,moe,738,37,5134,8591,3340,3738,249,0,0,2193,748,8,4,4,8
32,13,moe,805,41,3725,7231,2749,2407,165,0,0,1596,671,8,5,3,8
32,14,moe,733,39,3457,5439,2613,2359,160,0,0,1675,653,8,5,3,8
32,15,moe,676,35,6341,11214,4549,3731,259,0,0,2198,754,8,4,4,8
32,16,moe,740,40,5259,6386,3762,3924,271,0,0,2698,634,8,3,5,8
32,17,moe,822,39,5637,12388,4240,3941,295,0,0,2839,634,8,3,5,8
32,18,moe,741,39,7167,10520,4574,5527,380,0,0,3314,779,8,2,6,8
32,19,moe,9912,36,6866,14971,5083,4882,336,0,0,3435,642,8,2,6,8
32,20,moe,4552,39,3626,7502,2780,2368,168,0,0,1690,631,8,5,3,8
32,21,moe,4066,38,6494,13233,4335,4707,387,0,0,2935,752,8,3,5,8
32,22,moe,805,40,6705,13050,4894,4797,412,0,0,3398,628,8,2,6,8
32,23,moe,649,34,5353,10317,3578,3785,253,1,0,2264,747,8,4,4,8
32,24,moe,805,38,6603,6938,4153,5474,371,0,0,3395,753,8,2,6,8
32,25,moe,801,37,7540,15593,5511,4535,316,0,0,2822,748,8,3,5,8
32,26,moe,2387,37,5007,10586,3343,3594,311,0,0,2241,746,8,4,4,8
32,-1,epi,0,0,0,0,0,0,0,0,6109,0,0,0,0,0,0
33,-2,pre,215,0,0,0,0,0,0,0,0,0,0,0,0,0,0
33,0,dense,1469,41,0,0,0,0,0,0,0,0,0,0,0,0,0
33,1,moe,822,34,7652,18879,5597,4501,323,0,0,2769,762,8,3,5,8
33,2,moe,739,35,4275,8636,3034,2828,204,1,0,1792,762,8,5,3,8
33,3,moe,674,38,2979,4984,2147,1804,124,0,0,1096,753,8,6,2,8
33,4,moe,736,38,2937,5296,2243,1622,122,0,0,1050,628,8,6,2,8
33,5,moe,808,36,2719,4820,2164,1531,114,0,0,1090,630,8,6,2,8
33,6,moe,731,36,8221,24976,6843,2846,192,0,0,1660,748,8,5,3,8
33,7,moe,647,38,1140,459,729,863,56,0,0,508,627,8,7,1,8
33,8,moe,765,66,3728,7385,2862,2313,244,0,0,1691,632,8,5,3,8
33,9,moe,811,38,5138,7907,3962,1887,659,0,0,1370,1289,8,6,2,8
33,10,moe,733,38,6127,16307,4837,3174,471,0,0,2355,725,8,4,4,8
33,11,moe,639,33,3520,2804,2599,2292,454,0,0,1825,736,8,5,3,8
33,12,moe,1225,38,5500,11424,3621,3733,476,0,0,2330,861,8,4,4,8
33,13,moe,801,37,2872,4831,2227,1602,104,0,0,1061,624,8,6,2,8
33,14,moe,727,36,5163,11949,4062,3096,221,0,0,2216,626,8,4,4,8
33,15,moe,657,37,5166,8150,3361,3825,266,0,0,2286,751,8,4,4,8
33,16,moe,733,38,3616,5099,2636,2394,163,0,0,1577,622,8,5,3,8
33,17,moe,809,45,4383,7135,3284,3105,213,0,0,2219,627,8,4,4,8
33,18,moe,736,42,3779,5112,2435,2794,184,0,0,1634,744,8,5,3,8
33,19,moe,655,42,4244,10877,3292,2462,154,0,0,1664,630,8,5,3,8
33,20,moe,731,37,7670,17315,5727,5534,387,0,0,3978,646,8,1,7,8
33,21,moe,835,41,9668,23914,7450,4671,328,0,0,2781,754,8,3,5,8
33,22,moe,806,41,3346,3032,2387,2387,152,0,0,1580,630,8,5,3,8
33,23,moe,657,48,3202,5677,2251,1925,121,0,0,1095,739,8,6,2,8
33,24,moe,802,39,1131,502,712,892,63,0,0,536,754,8,7,1,8
33,25,moe,834,36,2993,5166,2159,1805,131,0,0,1102,770,8,6,2,8
33,26,moe,668,35,9,0,0,0,0,0,9,0,738,8,8,0,8
33,-1,epi,0,0,0,0,0,0,0,0,6049,0,0,0,0,0,0
34,-2,pre,207,0,0,0,0,0,0,0,0,0,0,0,0,0,0
34,0,dense,1498,65,0,0,0,0,0,0,0,0,0,0,0,0,0
34,1,moe,874,38,6554,16418,4456,4646,322,0,0,2870,774,8,3,5,8
34,2,moe,789,40,5128,9700,3451,3698,283,0,0,2304,757,8,4,4,8
34,3,moe,656,37,5610,10196,3916,3720,274,0,0,2300,790,8,4,4,8
34,4,moe,767,42,3347,4647,2375,2392,183,0,0,1603,654,8,5,3,8
34,5,moe,815,40,3068,6935,2484,1559,117,0,0,1092,666,8,6,2,8
34,6,moe,763,38,4113,8093,2725,2811,211,0,0,1634,778,8,5,3,8
34,7,moe,672,35,5131,13924,4190,2384,161,0,0,1604,643,8,5,3,8
34,8,moe,741,149,2142,2469,1678,772,568,0,0,876,628,8,7,1,8
34,9,moe,807,39,13,0,0,0,0,0,13,0,765,8,8,0,8
34,10,moe,747,38,4084,3985,3023,1542,1578,0,0,2059,643,8,6,2,8
34,11,moe,674,42,5672,7271,4130,3107,1579,0,0,3144,657,8,4,4,8
34,12,moe,739,39,6035,5761,3746,4651,556,0,0,2918,842,8,3,5,8
34,13,moe,1236,42,1288,924,899,845,64,0,0,520,671,8,7,1,8
34,14,moe,740,37,5847,14490,4742,3086,206,0,0,2187,630,8,4,4,8
34,15,moe,652,34,4128,8005,2754,2799,201,0,0,1626,749,8,5,3,8
34,16,moe,737,37,4454,7855,3243,3148,210,0,0,2147,626,8,4,4,8
34,17,moe,802,37,5170,7436,3793,3882,272,0,0,2777,633,8,3,5,8
34,18,moe,745,35,6184,7896,3989,4629,307,0,0,2741,745,8,3,5,8
34,19,moe,659,33,4515,7389,3326,3180,224,0,0,2215,627,8,4,4,8
34,20,moe,732,37,3398,4679,2570,2309,157,0,0,1638,627,8,5,3,8
34,21,moe,802,36,5138,10822,3337,3735,277,0,0,2211,753,8,4,4,8
34,22,moe,806,35,4777,9890,3568,3181,226,0,0,2198,628,8,4,4,8
34,23,moe,660,37,3120,5166,2157,1910,127,0,0,1074,747,8,6,2,8
34,24,moe,807,33,5836,7235,3789,4517,311,1,0,2782,749,8,3,5,8
34,25,moe,805,35,4098,8182,2866,2732,194,0,0,1694,747,8,5,3,8
34,26,moe,653,34,4916,8209,3275,3597,260,0,0,2216,762,8,4,4,8
34,-1,epi,0,0,0,0,0,0,0,0,6016,0,0,0,0,0,0
35,-2,pre,1043,0,0,0,0,0,0,0,0,0,0,0,0,0,0
35,0,dense,1473,43,0,0,0,0,0,0,0,0,0,0,0,0,0
35,1,moe,821,37,7326,18170,5292,4603,322,0,0,2891,760,8,3,5,8
35,2,moe,736,36,5377,11823,3746,3746,270,0,0,2385,752,8,4,4,8
35,3,moe,660,33,3978,8210,2759,2687,195,0,0,1663,748,8,5,3,8
35,4,moe,742,38,3693,7570,2759,2378,180,0,0,1624,647,8,5,3,8
35,5,moe,814,38,2256,2897,1701,1541,104,0,0,1090,641,8,6,2,8
35,6,moe,733,35,1940,2348,1389,995,59,0,0,503,758,8,7,1,8
35,7,moe,662,34,2543,2673,1875,1622,107,0,0,1061,632,8,6,2,8
35,8,moe,736,36,1963,1126,1384,1550,193,0,0,1164,640,8,6,2,8
35,9,moe,829,38,4781,8511,3197,2874,751,0,0,2041,1344,8,5,3,8
35,10,moe,750,36,5227,9897,3863,3213,720,0,0,2569,646,8,4,4,8
35,11,moe,652,34,2778,5008,2216,1531,126,0,0,1095,1496,8,6,2,8
35,12,moe,740,35,5195,8501,3358,3679,510,0,0,2352,751,8,4,4,8
35,13,moe,805,31,2543,2866,1884,1585,108,0,0,1034,671,8,6,2,8
35,14,moe,744,33,5697,9957,4305,3951,277,0,0,2836,637,8,3,5,8
35,15,moe,657,32,4221,7772,2842,2813,191,0,0,1625,745,8,5,3,8
35,16,moe,735,53,3933,7017,2965,2470,168,0,0,1670,628,8,5,3,8
35,17,moe,809,35,4488,9392,3384,3136,240,0,0,2272,633,8,4,4,8
35,18,moe,739,35,5325,10535,3517,3779,280,0,0,2251,749,8,4,4,8
35,19,moe,657,30,4528,9401,3297,3167,228,0,0,2164,633,8,4,4,8
35,20,moe,734,32,5249,9643,3876,3916,271,0,0,2814,630,8,3,5,8
35,21,moe,802,31,3200,4492,2216,1922,118,0,0,1056,746,8,6,2,8
35,22,moe,802,31,5464,7194,3969,3942,281,0,0,2728,629,8,3,5,8
35,23,moe,656,29,6366,10949,4198,4607,315,0,0,2754,749,8,3,5,8
35,24,moe,805,31,4046,8331,2824,2760,207,0,0,1745,744,8,5,3,8
35,25,moe,813,41,5050,10259,3399,3615,256,0,0,2220,758,8,4,4,8
35,26,moe,659,28,10837,19683,7566,7244,522,0,0,4495,749,8,0,8,8
35,-1,epi,0,0,0,0,0,0,0,0,5977,0,0,0,0,0,0
36,-2,pre,189,0,0,0,0,0,0,0,0,0,0,0,0,0,0
36,0,dense,1473,35,0,0,0,0,0,0,0,0,0,0,0,0,0
36,1,moe,818,30,8537,14252,5677,6492,460,0,0,4092,765,8,1,7,8
36,2,moe,745,32,1838,2569,1415,896,59,0,0,532,742,8,7,1,8
36,3,moe,661,28,5060,9437,3431,3800,280,0,0,2451,751,8,4,4,8
36,4,moe,732,29,2919,4858,2256,1620,120,0,0,1077,638,8,6,2,8
36,5,moe,807,29,2694,4800,2141,1549,114,0,0,1110,626,8,6,2,8
36,6,moe,730,30,2911,2895,1952,1881,114,0,0,1036,747,8,6,2,8
36,7,moe,660,27,4528,9850,3315,3166,227,0,0,2180,631,8,4,4,8
36,8,moe,733,29,10,0,0,0,0,0,10,0,619,8,8,0,8
36,9,moe,805,30,3664,5553,2501,1873,696,0,0,1406,1245,8,6,2,8
36,10,moe,736,31,3405,5239,2520,1592,629,0,0,1336,625,8,6,2,8
36,11,moe,661,29,1946,2415,1528,766,382,0,0,730,629,8,7,1,8
36,12,moe,735,29,5907,12467,3933,3805,676,0,0,2507,771,8,4,4,8
36,13,moe,807,32,3038,4775,2312,1614,269,0,0,1157,685,8,6,2,8
36,14,moe,738,31,3636,7714,2797,2324,163,0,0,1648,633,8,5,3,8
36,15,moe,663,27,4038,5282,2665,2850,199,0,0,1676,754,8,5,3,8
36,16,moe,734,29,3745,7513,2806,2445,153,0,0,1659,635,8,5,3,8
36,17,moe,814,28,5750,10859,4366,3907,278,0,0,2801,633,8,3,5,8
36,18,moe,734,32,4183,7966,2837,2795,187,0,0,1636,753,8,5,3,8
36,19,moe,678,29,4614,9847,3380,3237,229,0,0,2232,633,8,4,4,8
36,20,moe,737,30,4403,9236,3305,3080,221,0,0,2203,631,8,4,4,8
36,21,moe,807,32,5083,10959,3306,3751,259,0,0,2233,752,8,4,4,8
36,22,moe,4111,32,5631,12264,4135,3940,290,0,0,2734,636,8,3,5,8
36,23,moe,664,30,5203,10717,3428,3816,271,0,0,2312,747,8,4,4,8
36,24,moe,809,32,4993,12058,3354,3633,256,0,0,2250,754,8,4,4,8
36,25,moe,809,30,6003,11340,3957,4578,316,0,0,2848,757,8,3,5,8
36,26,moe,655,29,3811,5127,2586,2737,188,0,0,1700,748,8,5,3,8
36,-1,epi,0,0,0,0,0,0,0,0,6018,0,0,0,0,0,0
37,-2,pre,219,0,0,0,0,0,0,0,0,0,0,0,0,0,0
37,0,dense,1483,34,0,0,0,0,0,0,0,0,0,0,0,0,0
37,1,moe,840,32,4784,5087,3146,3662,232,0,0,2256,762,8,4,4,8
37,2,moe,757,31,4350,7545,3120,2743,182,0,0,1695,757,8,5,3,8
37,3,moe,680,34,9544,30704,8302,2739,225,0,0,1722,757,8,5,3,8
37,4,moe,766,48,6384,16316,5153,3189,256,0,0,2214,629,8,4,4,8
37,5,moe,856,35,6083,15497,5220,2344,198,0,0,1679,625,8,5,3,8
37,6,moe,734,34,11,0,0,0,0,0,11,0,751,8,8,0,8
37,7,moe,685,28,2519,4863,1959,1552,117,0,0,1109,634,8,6,2,8
37,8,moe,737,32,4019,7665,3171,2324,345,0,0,1821,670,8,5,3,8
37,9,moe,812,36,3221,5620,2137,1921,213,0,0,1050,2111,8,6,2,8
37,10,moe,739,37,1780,2312,1373,842,67,0,0,502,626,8,7,1,8
37,11,moe,669,28,8512,25505,7113,3123,2154,0,0,3878,631,8,4,4,8
37,12,moe,733,31,5905,11359,3914,3810,819,0,0,2638,753,8,4,4,8
37,13,moe,810,31,10723,11370,5472,1622,471,1,3157,0,661,8,6,2,8
37,14,moe,1241,2583,6865,7434,5909,2369,416,0,0,1829,744,8,5,3,8
37,15,moe,633,45,8552,24578,6776,3833,262,0,0,2319,730,8,4,4,8
37,16,moe,720,34,4713,8166,3469,3299,226,0,0,2281,617,8,4,4,8
37,17,moe,793,33,8151,23650,6770,3858,281,0,0,2758,626,8,3,5,8
37,18,moe,729,32,2937,2694,1968,1893,115,0,0,1039,731,8,6,2,8
37,19,moe,659,33,4356,5127,3127,3153,214,0,0,2138,626,8,4,4,8
37,20,moe,727,32,1642,2478,1353,772,51,0,0,534,622,8,7,1,8
37,21,moe,798,29,3111,5045,2146,1907,124,0,0,1066,742,8,6,2,8
37,22,moe,800,31,3853,7699,2887,2403,178,0,0,1615,625,8,5,3,8
37,23,moe,660,31,5243,10550,3442,3717,266,0,0,2182,747,8,4,4,8
37,24,moe,798,31,7842,16866,5377,5507,408,0,0,3450,776,8,2,6,8
37,25,moe,801,31,6466,13564,4401,4692,342,0,0,2969,746,8,3,5,8
37,26,moe,658,29,7289,13794,4800,5465,405,0,0,3381,751,8,2,6,8
37,-1,epi,0,0,0,0,0,0,0,0,5939,0,0,0,0,0,0
38,-2,pre,1263,0,0,0,0,0,0,0,0,0,0,0,0,0,0
38,0,dense,1457,41,0,0,0,0,0,0,0,0,0,0,0,0,0
38,1,moe,824,41,5330,9119,3687,3616,266,0,0,2239,753,8,4,4,8
38,2,moe,733,34,11,0,0,0,0,0,11,0,748,8,8,0,8
38,3,moe,667,35,3887,5638,2637,2688,212,0,0,1650,755,8,5,3,8
38,4,moe,734,36,1718,2361,1312,846,52,0,0,492,624,8,7,1,8
38,5,moe,812,39,1554,2251,1266,776,52,0,0,540,632,8,7,1,8
38,6,moe,748,34,1953,2783,1379,1026,60,0,0,512,750,8,7,1,8
38,7,moe,658,32,10,0,0,0,0,0,10,0,633,8,8,0,8
38,8,moe,738,33,2944,4971,2240,1645,123,0,0,1064,674,8,6,2,8
38,9,moe,784,36,1947,2335,1370,1010,87,0,0,520,768,8,7,1,8
38,10,moe,756,40,1746,2451,1354,843,68,0,0,519,660,8,7,1,8
38,11,moe,653,33,4582,8727,3580,2348,640,0,0,1986,653,8,5,3,8
38,12,moe,751,43,11,0,0,0,0,0,11,0,736,8,8,0,8
38,13,moe,798,37,10,0,0,0,0,0,10,0,713,8,8,0,8
38,14,moe,759,37,1912,2635,1562,781,220,0,0,651,1200,8,7,1,8
38,15,moe,894,37,4567,7948,3059,2894,289,0,0,1675,837,8,5,3,8
38,16,moe,732,41,4741,10068,3504,3307,243,1,0,2314,678,8,4,4,8
38,17,moe,788,71,4620,7555,3485,3160,240,0,0,2265,641,8,4,4,8
38,18,moe,721,39,10,0,0,0,0,0,10,0,757,8,8,0,8
38,19,moe,673,35,2688,4746,2132,1536,107,0,0,1087,644,8,6,2,8
38,20,moe,744,37,3623,7178,2793,2309,171,0,0,1650,644,8,5,3,8
38,21,moe,815,39,5147,8185,3377,3789,252,0,0,2271,763,8,4,4,8
38,22,moe,814,39,3871,7483,2932,2390,167,0,0,1618,636,8,5,3,8
38,23,moe,11587,36,6628,13817,4453,4573,305,1,0,2704,757,8,3,5,8
38,24,moe,810,38,4927,8969,3295,3622,248,0,0,2238,765,8,4,4,8
38,25,moe,804,38,3026,5315,2193,1808,136,1,0,1112,751,8,6,2,8
38,26,moe,677,38,5180,10844,3531,3643,260,0,0,2254,756,8,4,4,8
38,-1,epi,0,0,0,0,0,0,0,0,6048,0,0,0,0,0,0
39,-2,pre,212,0,0,0,0,0,0,0,0,0,0,0,0,0,0
39,0,dense,1496,45,0,0,0,0,0,0,0,0,0,0,0,0,0
39,1,moe,832,41,2822,5249,2003,1846,135,0,0,1162,762,8,6,2,8
39,2,moe,770,42,5448,11335,3800,3747,270,0,0,2369,763,8,4,4,8
39,3,moe,658,33,5048,11199,3414,3658,280,0,0,2304,754,8,4,4,8
39,4,moe,739,36,4597,9591,3386,3182,227,0,0,2198,643,8,4,4,8
39,5,moe,808,36,1584,2126,1299,773,51,1,0,540,631,8,7,1,8
39,6,moe,736,36,1962,2411,1409,997,57,0,0,501,747,8,7,1,8
39,7,moe,672,36,3679,7970,2756,2377,171,0,0,1625,635,8,5,3,8
39,8,moe,739,36,3709,7288,2874,2314,192,1,0,1672,635,8,5,3,8
39,9,moe,813,36,7400,10779,4764,4691,1259,0,0,3314,760,8,3,5,8
39,10,moe,740,39,3871,5496,2892,1601,1145,0,0,1767,634,8,6,2,8
39,11,moe,666,34,5217,11517,3931,3128,989,0,0,2831,639,8,4,4,8
39,12,moe,744,38,5200,8128,3533,2804,817,0,0,1954,750,8,5,3,8
39,13,moe,811,38,4205,8740,3185,2403,357,0,0,1740,1059,8,5,3,8
39,14,moe,740,36,1761,2214,1429,768,205,0,0,641,787,8,7,1,8
39,15,moe,660,33,10351,22905,7531,5667,1051,0,0,3898,750,8,2,6,8
39,16,moe,749,38,3969,7754,3042,2431,179,0,0,1683,630,8,5,3,8
39,17,moe,810,35,4662,9785,3565,3114,227,0,0,2244,631,8,4,4,8
39,18,moe,738,35,5014,8507,3239,3694,261,0,0,2180,761,8,4,4,8
39,19,moe,657,36,5221,7573,3729,3954,273,0,0,2735,628,8,3,5,8
39,20,moe,738,38,4494,10072,3375,3123,222,0,0,2226,630,8,4,4,8
39,21,moe,808,35,6372,11239,4193,4729,334,0,0,2884,750,8,3,5,8
39,22,moe,821,36,5320,10199,3831,3929,284,0,0,2724,640,8,3,5,8
39,23,moe,660,33,7959,16307,5342,5594,383,0,0,3360,754,8,2,6,8
39,24,moe,810,36,7503,14018,5025,5416,419,0,0,3357,748,8,2,6,8
39,25,moe,802,34,8660,17082,5778,6409,488,0,0,4015,749,8,1,7,8
39,26,moe,660,33,5115,11106,3464,3590,278,0,0,2217,761,8,4,4,8
39,-1,epi,0,0,0,0,0,0,0,0,6020,0,0,0,0,0,0
40,-2,pre,212,0,0,0,0,0,0,0,0,0,0,0,0,0,0
40,0,dense,1489,40,0,0,0,0,0,0,0,0,0,0,0,0,0
40,1,moe,832,35,3091,5553,2255,1821,131,0,0,1116,763,8,6,2,8
40,2,moe,747,35,3013,5115,2181,1834,131,0,0,1133,745,8,6,2,8
40,3,moe,661,33,7439,13080,4967,5507,419,0,0,3454,755,8,2,6,8
40,4,moe,736,35,3755,8239,2785,2401,194,0,0,1625,630,8,5,3,8
40,5,moe,809,37,3650,5014,2823,2304,164,0,0,1641,629,8,5,3,8
40,6,moe,735,35,2802,2667,1846,1885,119,0,0,1048,745,8,6,2,8
40,7,moe,651,35,4604,10109,3387,3239,259,0,0,2281,635,8,4,4,8
40,8,moe,734,34,1587,2392,1306,768,50,0,0,537,628,8,7,1,8
40,9,moe,808,34,2097,2666,1564,975,232,0,0,674,751,8,7,1,8
40,10,moe,735,34,5228,10091,3849,3139,903,0,0,2663,651,8,4,4,8
40,11,moe,668,37,2877,4917,2296,1538,126,0,0,1083,630,8,6,2,8
40,12,moe,740,36,2438,2620,1679,1003,582,0,0,826,970,8,7,1,8
40,13,moe,807,37,6354,9835,4658,3142,1991,0,0,3437,637,8,4,4,8
40,14,moe,735,36,3570,7460,2734,2310,178,0,0,1652,645,8,5,3,8
40,15,moe,662,33,5683,8516,3759,3740,733,0,0,2549,751,8,4,4,8
40,16,moe,731,34,3161,2430,2219,2369,155,0,0,1582,627,8,5,3,8
40,17,moe,812,34,2299,2719,1742,1536,100,0,0,1079,628,8,6,2,8
40,18,moe,733,34,5108,10385,3326,3730,262,0,0,2210,753,8,4,4,8
40,19,moe,666,36,3653,7274,2715,2380,171,0,0,1613,631,8,5,3,8
40,20,moe,736,32,4415,9593,3315,3094,228,0,0,2222,635,8,4,4,8
40,21,moe,804,34,4154,8150,2776,2843,204,0,0,1669,754,8,5,3,8
40,22,moe,804,34,2852,4710,2177,1621,108,0,0,1054,632,8,6,2,8
40,23,moe,665,34,6233,13224,4047,4603,326,0,0,2743,753,8,3,5,8
40,24,moe,805,34,4993,10800,3365,3657,268,0,0,2297,754,8,4,4,8
40,25,moe,808,36,5940,8434,3896,4501,297,0,0,2754,761,8,3,5,8
40,26,moe,666,38,6801,13966,4767,4503,323,0,0,2792,760,8,3,5,8
40,-1,epi,0,0,0,0,0,0,0,0,6018,0,0,0,0,0,0
41,-2,pre,50,0,0,0,0,0,0,0,0,0,0,0,0,0,0
41,0,dense,1519,46,0,0,0,0,0,0,0,0,0,0,0,0,0
41,1,moe,827,38,4860,10402,3625,2723,178,0,0,1666,752,8,5,3,8
41,2,moe,738,37,5252,11478,3620,3657,258,0,0,2283,763,8,4,4,8
41,3,moe,661,40,5030,9828,3805,2800,185,0,0,1760,750,8,5,3,8
41,4,moe,742,39,3746,7220,2783,2394,172,0,0,1603,660,8,5,3,8
41,5,moe,814,39,4673,10393,3559,3177,260,0,0,2323,635,8,4,4,8
41,6,moe,734,46,4586,9832,3219,2789,212,0,0,1634,766,8,5,3,8
41,7,moe,671,30,13,0,0,0,0,1,12,0,623,8,8,0,8
41,8,moe,737,29,12,0,0,0,0,0,12,0,635,8,8,0,8
41,9,moe,814,29,1324,492,894,892,243,0,0,705,759,8,7,1,8
41,10,moe,744,30,4696,8394,3428,2492,817,0,0,2041,639,8,5,3,8
41,11,moe,662,30,2901,4993,2317,1531,216,0,0,1163,634,8,6,2,8
41,12,moe,770,53,28,0,0,0,0,0,28,0,1503,8,8,0,8
41,13,moe,827,32,4210,4841,3082,1574,1567,0,0,2013,632,8,6,2,8
41,14,moe,794,72,7917,7475,6116,3120,3680,0,0,4999,635,8,4,4,8
41,15,moe,652,31,2175,2412,1552,977,243,0,0,597,979,8,7,1,8
41,16,moe,1117,34,4488,7692,3465,2351,468,0,0,1796,720,8,5,3,8
41,17,moe,804,33,9,0,0,0,0,0,9,0,615,8,8,0,8
41,18,moe,737,33,2014,2510,1469,981,60,0,0,496,747,8,7,1,8
41,19,moe,676,29,2768,4519,2096,1611,107,0,0,1046,638,8,6,2,8
41,20,moe,754,36,2668,4699,2101,1544,105,0,0,1082,638,8,6,2,8
41,21,moe,810,32,3271,5774,2279,1915,123,0,0,1046,751,8,6,2,8
41,22,moe,808,33,1707,2369,1319,836,52,0,0,500,631,8,7,1,8
41,23,moe,661,29,4145,9321,2747,2819,198,0,0,1619,760,8,5,3,8
41,24,moe,818,34,4154,8838,2915,2724,231,0,0,1716,763,8,5,3,8
41,25,moe,814,34,4063,8510,2822,2722,205,0,0,1686,768,8,5,3,8
41,26,moe,687,60,3025,5159,2193,1798,130,0,0,1096,755,8,6,2,8
41,-1,epi,0,0,0,0,0,0,0,0,6082,0,0,0,0,0,0
42,-2,pre,209,0,0,0,0,0,0,0,0,0,0,0,0,0,0
42,0,dense,1499,36,0,0,0,0,0,0,0,0,0,0,0,0,0
42,1,moe,842,34,4909,7991,3255,3611,277,0,0,2234,745,8,4,4,8
42,2,moe,720,32,5884,13272,4243,3688,262,0,0,2309,760,8,4,4,8
42,3,moe,659,29,3644,5529,2414,2684,194,0,0,1648,759,8,5,3,8
42,4,moe,741,32,5490,11264,3961,3966,297,0,0,2734,644,8,3,5,8
42,5,moe,814,34,5571,11912,4192,3920,304,0,0,2845,632,8,3,5,8
42,6,moe,733,30,3391,5552,2402,1922,159,0,0,1092,771,8,6,2,8
42,7,moe,673,28,4601,9847,3369,3165,237,0,0,2170,635,8,4,4,8
42,8,moe,736,30,4704,9843,3609,3128,227,0,0,2260,647,8,4,4,8
42,9,moe,855,65,6949,9180,3943,2815,2854,0,0,2663,762,8,5,3,8
42,10,moe,740,31,5158,7532,3401,2391,1300,0,0,1934,649,8,5,3,8
42,11,moe,702,30,3909,7543,3012,2322,326,0,0,1751,663,8,5,3,8
42,12,moe,745,32,5890,8450,3897,2777,1767,0,0,2551,755,8,5,3,8
42,13,moe,809,33,6073,4987,4590,1605,3266,0,0,3388,622,8,6,2,8
42,14,moe,727,32,6578,9718,5015,3158,2200,0,0,3795,633,8,4,4,8
42,15,moe,652,30,7143,13367,4913,3719,1601,0,0,3090,786,8,4,4,8
42,16,moe,736,36,3191,5206,2397,1624,423,0,0,1253,839,8,6,2,8
42,17,moe,1255,40,5565,10249,4285,3141,725,0,0,2586,796,8,4,4,8
42,18,moe,1202,37,4480,8603,3006,2863,445,0,0,1834,749,8,5,3,8
42,19,moe,663,33,4573,7794,3301,3237,273,0,0,2238,670,8,4,4,8
42,20,moe,768,96,2909,5386,2349,1549,103,0,0,1092,636,8,6,2,8
42,21,moe,801,33,3430,5682,2431,1895,127,0,0,1023,752,8,6,2,8
42,22,moe,810,33,3787,7629,2764,2417,168,0,0,1562,654,8,5,3,8
42,23,moe,699,60,3425,5568,2373,1969,124,0,0,1041,776,8,6,2,8
42,24,moe,8153,34,1150,489,725,899,60,0,0,534,748,8,7,1,8
42,25,moe,804,33,6681,15552,5027,3613,269,0,0,2228,750,8,4,4,8
42,26,moe,651,31,2928,5195,2101,1815,140,0,0,1128,751,8,6,2,8
42,-1,epi,0,0,0,0,0,0,0,0,6010,0,0,0,0,0,0
43,-2,pre,231,0,0,0,0,0,0,0,0,0,0,0,0,0,0
43,0,dense,1502,87,0,0,0,0,0,0,0,0,0,0,0,0,0
43,1,moe,834,32,5172,13284,3923,2699,184,0,0,1634,759,8,5,3,8
43,2,moe,744,31,1919,2818,1495,895,63,0,0,534,754,8,7,1,8
43,3,moe,663,41,1798,2521,1381,895,58,0,0,536,752,8,7,1,8
43,4,moe,736,30,3802,6618,2810,2550,166,0,0,1724,697,8,5,3,8
43,5,moe,840,45,12,0,0,0,0,0,12,0,640,8,8,0,8
43,6,moe,761,33,4020,5527,2659,2781,181,0,0,1601,799,8,5,3,8
43,7,moe,667,34,3853,6987,2873,2423,227,0,0,1670,650,8,5,3,8
43,8,moe,760,42,1720,2511,1430,778,50,0,0,538,631,8,7,1,8
43,9,moe,811,33,3330,5566,2292,1936,166,0,0,1064,790,8,6,2,8
43,10,moe,825,58,2955,5043,2273,1612,111,0,0,1041,639,8,6,2,8
43,11,moe,663,31,2689,4411,2131,1555,109,0,0,1106,645,8,6,2,8
43,12,moe,742,33,5782,11066,3778,3745,858,0,0,2599,759,8,4,4,8
43,13,moe,817,34,2217,2389,1690,849,491,0,0,813,634,8,7,1,8
43,14,moe,734,31,2413,2579,1963,773,710,0,0,1033,1106,8,7,1,8
43,15,moe,666,32,4786,5621,2893,1876,1702,0,0,1685,747,8,6,2,8
43,16,moe,741,31,5251,8080,3962,2386,1719,0,0,2816,638,8,5,3,8
43,17,moe,807,33,6953,16087,5490,3103,2526,0,0,4166,1342,8,4,4,8
43,18,moe,736,31,10,0,0,0,0,0,10,0,1212,8,8,0,8
43,19,moe,820,30,2712,2446,2016,1530,448,1,0,1283,923,8,6,2,8
43,20,moe,1173,34,2876,3769,2316,1538,101,0,0,1079,647,8,6,2,8
43,21,moe,810,32,2888,2724,1926,1876,125,1,0,1040,754,8,6,2,8
43,22,moe,836,56,2292,3401,1882,853,64,0,0,507,634,8,7,1,8
43,23,moe,674,30,4167,7901,2804,2832,205,0,0,1674,762,8,5,3,8
43,24,moe,821,267,6409,14767,5150,2687,197,0,0,1625,748,8,5,3,8
43,25,moe,9108,36,3404,7381,2585,1791,129,0,0,1101,752,8,6,2,8
43,26,moe,954,37,1893,2522,1478,897,58,0,0,540,741,8,7,1,8
43,-1,epi,0,0,0,0,0,0,0,0,6031,0,0,0,0,0,0
44,-2,pre,220,0,0,0,0,0,0,0,0,0,0,0,0,0,0
44,0,dense,1486,41,0,0,0,0,0,0,0,0,0,0,0,0,0
44,1,moe,831,36,1701,2415,1289,909,61,0,0,558,772,8,7,1,8
44,2,moe,749,36,3245,5486,2426,1792,120,0,0,1093,757,8,6,2,8
44,3,moe,670,34,4574,10390,3350,2844,194,0,0,1814,759,8,5,3,8
44,4,moe,740,35,4628,11035,3382,3188,233,0,0,2175,645,8,4,4,8
44,5,moe,816,38,4535,9937,3420,3166,229,0,0,2280,643,8,4,4,8
44,6,moe,739,34,2170,3164,1603,1005,58,0,0,496,751,8,7,1,8
44,7,moe,671,34,3925,9661,2957,2393,183,0,0,1608,638,8,5,3,8
44,8,moe,742,37,2849,4826,2275,1541,119,0,0,1086,685,8,6,2,8
44,9,moe,808,36,2207,2954,1639,1004,74,1,0,511,766,8,7,1,8
44,10,moe,747,38,3552,4744,2593,2496,160,0,0,1697,675,8,5,3,8
44,11,moe,653,35,3882,8947,3056,2407,159,0,0,1740,682,8,5,3,8
44,12,moe,767,91,4302,8124,2886,2811,205,0,0,1600,785,8,5,3,8
44,13,moe,811,36,5146,10619,3856,2457,1515,0,0,2682,634,8,5,3,8
44,14,moe,745,35,8624,13850,6575,3936,2721,0,0,4608,638,8,3,5,8
44,15,moe,657,35,6446,7870,4584,2853,2207,0,0,3198,749,8,5,3,8
44,16,moe,742,37,3876,7611,2934,2425,193,0,0,1676,1053,8,5,3,8
44,17,moe,802,38,11188,7675,7898,3138,6962,0,0,6810,2073,8,4,4,8
44,18,moe,922,38,3763,5269,2535,1924,714,0,0,1410,747,8,6,2,8
44,19,moe,661,36,6517,9716,4784,3162,2196,0,0,3625,1849,8,4,4,8
44,20,moe,763,80,1889,2373,1551,776,301,0,0,739,930,8,7,1,8
44,21,moe,1259,41,11036,22490,7481,6529,1442,0,0,4416,797,8,1,7,8
44,22,moe,849,41,5872,12183,4281,4113,319,0,0,2841,625,8,3,5,8
44,23,moe,655,41,7693,14365,5063,5769,431,0,0,3570,748,8,2,6,8
44,24,moe,804,50,5186,11959,3545,3649,264,0,0,2272,777,8,4,4,8
44,25,moe,816,57,6500,13859,4453,4607,332,0,0,2892,748,8,3,5,8
44,26,moe,662,35,6753,14682,4717,4484,323,0,0,2771,750,8,3,5,8
44,-1,epi,0,0,0,0,0,0,0,0,5986,0,0,0,0,0,0
45,-2,pre,212,0,0,0,0,0,0,0,0,0,0,0,0,0,0
45,0,dense,1480,42,0,0,0,0,0,0,0,0,0,0,0,0,0
45,1,moe,820,35,9,0,0,0,0,0,9,0,764,8,8,0,8
45,2,moe,761,39,3108,5464,2286,1821,130,0,0,1129,772,8,6,2,8
45,3,moe,698,50,1845,2714,1429,896,60,0,0,540,778,8,7,1,8
45,4,moe,772,88,2824,5163,2132,1656,106,0,0,1070,634,8,6,2,8
45,5,moe,811,37,2672,4708,2111,1539,104,0,0,1082,632,8,6,2,8
45,6,moe,734,34,3342,5547,2317,1917,128,0,0,1020,796,8,6,2,8
45,7,moe,705,36,1112,456,710,831,51,0,0,480,645,8,7,1,8
45,8,moe,741,39,6621,13988,6048,1553,103,0,0,1083,632,8,6,2,8
45,9,moe,808,39,3242,5413,2219,1920,132,0,0,1029,777,8,6,2,8
45,10,moe,764,48,10,0,0,0,0,0,10,0,630,8,8,0,8
45,11,moe,672,35,2901,5171,2204,1633,105,0,0,1041,631,8,6,2,8
45,12,moe,735,34,5368,11334,3619,3994,260,0,0,2505,753,8,4,4,8
45,13,moe,806,36,5052,5316,3939,1631,2355,0,0,2873,631,8,6,2,8
45,14,moe,738,75,3524,7524,2959,1526,117,0,0,1078,634,8,6,2,8
45,15,moe,662,40,2066,2509,1494,1017,68,0,0,513,747,8,7,1,8
45,16,moe,737,36,7853,7922,5619,2395,4114,1,0,4276,631,8,5,3,8
45,17,moe,819,39,4222,5050,3195,1545,1563,0,0,2081,686,8,6,2,8
45,18,moe,763,39,3388,5421,2381,1895,157,0,0,1045,752,8,6,2,8
45,19,moe,657,34,6898,5507,5466,2379,3579,0,0,4526,628,8,5,3,8
45,20,moe,729,36,8542,9816,6470,3090,4349,0,0,5367,664,8,4,4,8
45,21,moe,801,38,3536,5242,2399,1968,487,0,0,1318,1348,8,6,2,8
45,22,moe,1256,42,5896,7006,4021,3284,1646,0,0,3055,1083,8,4,4,8
45,23,moe,915,85,8051,15252,5154,4632,1650,0,0,3385,873,8,3,5,8
45,24,moe,1433,45,4061,8457,2816,2727,213,0,0,1695,1168,8,5,3,8
45,25,moe,803,41,6251,9531,4134,4694,432,0,0,3009,788,8,3,5,8
45,26,moe,703,74,5192,8619,3364,3583,452,0,0,2207,759,8,4,4,8
45,-1,epi,0,0,0,0,0,0,0,0,5986,0,0,0,0,0,0
46,-2,pre,43,0,0,0,0,0,0,0,0,0,0,0,0,0,0
46,0,dense,1483,41,0,0,0,0,0,0,0,0,0,0,0,0,0
46,1,moe,825,52,3035,5809,2213,1820,181,0,0,1179,788,8,6,2,8
46,2,moe,777,103,7056,13439,5393,3630,298,0,0,2265,797,8,4,4,8
46,3,moe,692,68,3142,6031,2298,1793,136,0,0,1085,772,8,6,2,8
46,4,moe,775,78,5288,7109,3808,3933,278,0,0,2731,639,8,3,5,8
46,5,moe,812,35,3668,8003,2836,2310,179,0,0,1657,657,8,5,3,8
46,6,moe,740,40,4246,8031,2893,2844,196,0,0,1687,750,8,5,3,8
46,7,moe,658,35,1770,2480,1373,842,49,1,0,495,624,8,7,1,8
46,8,moe,735,37,4598,9652,3495,3090,242,0,0,2229,641,8,4,4,8
46,9,moe,813,37,5417,11170,3602,3794,265,0,0,2244,754,8,4,4,8
46,10,moe,738,34,3717,7559,2745,2430,163,0,0,1621,636,8,5,3,8
46,11,moe,650,34,3741,7818,2911,2316,166,0,0,1652,635,8,5,3,8
46,12,moe,737,38,3108,5176,2103,1937,124,0,0,1056,751,8,6,2,8
46,13,moe,806,35,5105,12167,4295,1598,595,0,0,1383,625,8,6,2,8
46,14,moe,733,34,6882,18586,5737,2329,1782,0,0,2966,628,8,5,3,8
46,15,moe,658,33,4124,5178,2742,1903,1132,0,0,1653,748,8,6,2,8
46,16,moe,732,35,5259,7972,4020,2376,1042,0,0,2179,627,8,5,3,8
46,17,moe,801,39,3611,4430,2759,1532,988,0,0,1668,652,8,6,2,8
46,18,moe,743,37,7029,15377,6243,994,854,0,0,1062,733,8,7,1,8
46,19,moe,659,35,10,0,0,0,0,0,10,0,1100,8,8,0,8
46,20,moe,737,36,13,0,0,0,0,0,13,0,2396,8,8,0,8
46,21,moe,815,41,15,0,0,0,0,0,15,0,2827,8,8,0,8
46,22,moe,856,36,4096,8173,3564,834,475,0,0,777,2483,8,7,1,8
46,23,moe,649,35,7660,11336,5552,2809,3512,0,0,4213,1801,8,5,3,8
46,24,moe,805,41,12,0,0,0,0,0,12,0,1078,8,8,0,8
46,25,moe,1261,37,2148,2993,1663,888,224,0,0,627,1099,8,7,1,8
46,26,moe,11965,36,4118,8057,2889,2684,222,0,0,1677,749,8,5,3,8
46,-1,epi,0,0,0,0,0,0,0,0,5928,0,0,0,0,0,0
47,-2,pre,214,0,0,0,0,0,0,0,0,0,0,0,0,0,0
47,0,dense,4871,55,0,0,0,0,0,0,0,0,0,0,0,0,0
47,1,moe,13142,39,6856,16449,5159,4020,485,1,0,2809,835,8,4,4,8
47,2,moe,7576,38,4313,9560,3069,2751,226,0,0,1733,767,8,5,3,8
47,3,moe,12848,55,4090,8297,2851,2722,213,0,0,1696,752,8,5,3,8
47,4,moe,8991,35,3694,7056,2735,2426,177,0,0,1644,624,8,5,3,8
47,5,moe,9738,33,5041,11465,3934,3104,212,0,0,2209,629,8,4,4,8
47,6,moe,6806,32,2047,2554,1471,1024,59,0,0,507,737,8,7,1,8
47,7,moe,13516,34,6280,18111,5291,2503,176,0,0,1690,672,8,5,3,8
47,8,moe,7046,38,6040,17264,5207,2306,153,0,0,1626,641,8,5,3,8
47,9,moe,7340,36,4379,7756,3181,1909,554,0,0,1265,739,8,6,2,8
47,10,moe,731,35,3843,8306,2876,2441,167,0,0,1641,630,8,5,3,8
47,11,moe,671,34,2139,2386,1701,768,495,0,0,825,616,8,7,1,8
47,12,moe,733,32,4252,7942,2896,2814,191,0,0,1649,756,8,5,3,8
47,13,moe,801,34,3106,2424,2420,834,1335,0,0,1483,621,8,7,1,8
47,14,moe,745,33,7768,21600,6493,3088,981,0,0,2794,628,8,4,4,8
47,15,moe,650,34,4782,5663,3158,2816,785,0,0,1977,748,8,5,3,8
47,16,moe,731,36,4017,5159,2931,2359,662,0,0,1935,1075,8,5,3,8
47,17,moe,798,33,5054,5189,3756,2316,1627,0,0,2645,1089,8,5,3,8
47,18,moe,736,34,1802,503,1050,984,601,0,0,833,739,8,7,1,8
47,19,moe,659,31,6465,9659,4768,3186,2155,0,0,3644,631,8,4,4,8
47,20,moe,732,32,5295,5033,4139,2312,1956,0,0,3112,621,8,5,3,8
47,21,moe,801,35,5175,5174,3706,1916,2192,0,0,2639,744,8,6,2,8
47,22,moe,803,32,4435,4736,3443,1625,1761,0,0,2394,1546,8,6,2,8
47,23,moe,654,31,8247,11002,5338,4623,2406,0,0,4120,748,8,3,5,8
47,24,moe,807,31,6256,8289,4539,2693,2433,0,0,3409,1795,8,5,3,8
47,25,moe,818,35,2470,2554,1839,899,577,0,0,845,2265,8,7,1,8
47,26,moe,669,32,2158,1156,1329,1782,127,0,0,1080,746,8,6,2,8
47,-1,epi,0,0,0,0,0,0,0,0,5961,0,0,0,0,0,0
48,-2,pre,203,0,0,0,0,0,0,0,0,0,0,0,0,0,0
48,0,dense,1480,36,0,0,0,0,0,0,0,0,0,0,0,0,0
48,1,moe,859,31,1934,2551,1417,914,299,0,0,696,1007,8,7,1,8
48,2,moe,1035,32,2071,2831,1590,884,228,0,0,631,939,8,7,1,8
48,3,moe,830,34,5414,11148,4583,1821,129,0,0,1119,1440,8,6,2,8
48,4,moe,1220,35,3879,8103,2903,2394,285,0,0,1703,687,8,5,3,8
48,5,moe,835,55,2090,3722,1803,779,54,0,0,546,631,8,7,1,8
48,6,moe,734,32,2046,2587,1464,1025,60,0,0,503,744,8,7,1,8
48,7,moe,659,28,4891,8220,4240,1604,101,0,0,1054,623,8,6,2,8
48,8,moe,730,30,1692,2285,1410,771,50,0,0,539,632,8,7,1,8
48,9,moe,7438,33,3289,6183,2275,1917,134,0,0,1037,752,8,6,2,8
48,10,moe,772,32,3494,4670,2507,2402,168,0,0,1583,631,8,5,3,8
48,11,moe,826,32,2888,6717,2304,1561,111,0,0,1088,622,8,6,2,8
48,12,moe,737,30,2085,2500,1489,1034,60,0,0,498,746,8,7,1,8
48,13,moe,809,35,14,0,0,0,0,0,14,0,626,8,8,0,8
48,14,moe,738,30,1806,2262,1384,862,59,0,0,499,637,8,7,1,8
48,15,moe,662,29,4492,7631,3182,1907,970,0,0,1567,756,8,6,2,8
48,16,moe,735,31,2227,2370,1678,837,522,0,0,810,622,8,7,1,8
48,17,moe,808,30,1616,2289,1321,777,58,1,0,541,1063,8,7,1,8
48,18,moe,732,30,1943,2719,1386,1002,65,0,0,510,752,8,7,1,8
48,19,moe,656,29,2521,2483,1849,1613,138,0,0,1079,1065,8,6,2,8
48,20,moe,735,28,5138,7031,3827,2309,1521,0,0,2519,631,8,5,3,8
48,21,moe,812,32,14,0,0,0,0,0,14,0,1251,8,8,0,8
48,22,moe,808,31,5121,5319,3619,3100,1055,0,0,2653,1124,8,4,4,8
48,23,moe,660,30,5322,5630,3848,1949,1984,0,0,2459,746,8,6,2,8
48,24,moe,809,33,7248,9733,5980,1801,1718,0,0,2251,1214,8,6,2,8
48,25,moe,818,36,3536,4998,2490,1849,686,0,0,1489,4794,8,6,2,8
48,26,moe,662,31,12,0,0,0,0,0,12,0,730,8,8,0,8
48,-1,epi,0,0,0,0,0,0,0,0,5973,0,0,0,0,0,0
49,-2,pre,228,0,0,0,0,0,0,0,0,0,0,0,0,0,0
49,0,dense,1493,32,0,0,0,0,0,0,0,0,0,0,0,0,0
49,1,moe,835,30,5591,7941,3789,2783,1557,0,0,2538,754,8,5,3,8
49,2,moe,747,31,2712,2550,2175,887,964,0,0,1314,1872,8,7,1,8
49,3,moe,668,33,4564,8092,3045,2754,741,0,0,1976,838,8,5,3,8
49,4,moe,741,41,4032,7741,3055,2526,223,0,0,1772,859,8,5,3,8
49,5,moe,1310,43,2979,4764,2330,1565,333,0,0,1249,962,8,6,2,8
49,6,moe,1088,35,2017,2412,1456,998,63,0,0,500,821,8,7,1,8
49,7,moe,659,29,2329,2255,1675,1591,105,0,0,1042,634,8,6,2,8
49,8,moe,748,30,1569,2158,1285,772,51,0,0,539,634,8,7,1,8
49,9,moe,822,33,5533,11342,3585,3690,698,0,0,2440,760,8,4,4,8
49,10,moe,6758,33,3651,7643,2702,2387,179,0,0,1617,646,8,5,3,8
49,11,moe,11891,32,1611,2173,1329,768,50,1,0,537,623,8,7,1,8
49,12,moe,741,35,1940,2632,1351,1025,61,0,0,497,747,8,7,1,8
49,13,moe,804,30,6677,15209,5410,2419,1281,0,0,2433,656,8,5,3,8
49,14,moe,739,32,2967,5080,2408,1534,104,0,0,1079,628,8,6,2,8
49,15,moe,671,27,4633,5539,3407,1882,1397,0,0,2053,2191,8,6,2,8
49,16,moe,748,41,3628,2430,2547,1626,1233,0,0,1778,1889,8,6,2,8
49,17,moe,820,41,6140,9929,4609,3084,1649,0,0,3202,1107,8,4,4,8
49,18,moe,742,35,2479,2372,1700,987,619,0,0,827,1484,8,7,1,8
49,19,moe,677,41,10862,24278,8454,4700,2733,0,0,5025,631,8,2,6,8
49,20,moe,735,41,5156,5161,3982,2418,1757,0,0,3001,1562,8,5,3,8
49,21,moe,800,36,6714,11577,4405,3682,1827,0,0,3200,796,8,4,4,8
49,22,moe,806,38,7963,12610,5888,3969,2963,0,0,4857,1114,8,3,5,8
49,23,moe,701,36,7776,3474,4641,4634,2497,0,0,3996,752,8,3,5,8
49,24,moe,815,39,8797,5342,5821,4508,3462,0,0,4994,1268,8,3,5,8
49,25,moe,801,38,10452,17707,6919,5413,4012,0,0,5892,1247,8,2,6,8
49,26,moe,656,37,4391,2888,2756,3591,240,0,0,2196,760,8,4,4,8
49,-1,epi,0,0,0,0,0,0,0,0,5924,0,0,0,0,0,0
50,-2,pre,53,0,0,0,0,0,0,0,0,0,0,0,0,0,0
50,0,dense,1493,44,0,0,0,0,0,0,0,0,0,0,0,0,0
50,1,moe,819,36,3568,5190,2522,1818,650,0,0,1422,1772,8,6,2,8
50,2,moe,744,36,5687,8494,3825,2730,1863,0,0,2731,1775,8,5,3,8
50,3,moe,651,37,3271,2301,2277,896,1546,0,0,1448,2281,8,7,1,8
50,4,moe,737,35,3797,2630,2697,2383,622,0,0,1905,626,8,5,3,8
50,5,moe,802,37,4656,5264,3394,3065,715,0,0,2518,705,8,4,4,8
50,6,moe,730,35,2071,2583,1490,1017,63,0,0,499,1050,8,7,1,8
50,7,moe,823,34,10,0,0,0,0,0,10,0,765,8,8,0,8
50,8,moe,1041,40,1257,912,873,827,51,1,0,495,742,8,7,1,8
50,9,moe,816,36,1894,2371,1310,1017,59,0,0,492,865,8,7,1,8
50,10,moe,740,36,1902,2241,1466,843,205,0,0,612,775,8,7,1,8
50,11,moe,658,32,1612,2203,1330,772,52,0,0,542,730,8,7,1,8
50,12,moe,738,34,2387,3769,1825,1004,62,0,0,504,787,8,7,1,8
50,13,moe,812,38,10,0,0,0,0,0,10,0,630,8,8,0,8
50,14,moe,744,39,11,0,0,0,0,0,11,0,631,8,8,0,8
50,15,moe,671,36,4879,3655,3592,2698,1334,0,0,2745,784,8,5,3,8
50,16,moe,742,37,7052,7726,5332,3197,2735,0,0,4212,631,8,4,4,8
50,17,moe,801,37,6306,7591,4188,3103,2135,0,0,3120,1778,8,4,4,8
50,18,moe,738,37,6645,8938,4590,2778,2733,1,0,3457,753,8,5,3,8
50,19,moe,655,36,12,0,0,0,0,0,12,0,1547,8,8,0,8
50,20,moe,737,36,5705,7827,4294,2365,2141,0,0,3095,1584,8,5,3,8
50,21,moe,801,35,7342,6229,4631,3788,2551,0,0,3628,1299,8,4,4,8
50,22,moe,807,39,3980,1676,2701,2388,1130,0,0,2239,634,8,5,3,8
50,23,moe,669,36,4842,5574,3034,3737,302,0,0,2231,746,8,4,4,8
50,24,moe,802,34,4869,2774,2995,3628,813,0,0,2567,755,8,4,4,8
50,25,moe,802,35,6190,10489,4627,1795,2149,0,0,2381,1283,8,6,2,8
50,26,moe,658,35,2846,5509,2026,1820,137,0,0,1137,741,8,6,2,8
50,-1,epi,0,0,0,0,0,0,0,0,5971,0,0,0,0,0,0
51,-2,pre,71,0,0,0,0,0,0,0,0,0,0,0,0,0,0
51,0,dense,1495,37,0,0,0,0,0,0,0,0,0,0,0,0,0
51,1,moe,826,37,11,0,0,0,0,0,11,0,1743,8,8,0,8
51,2,moe,754,35,2450,2666,1824,891,567,0,0,832,757,8,7,1,8
51,3,moe,678,37,5130,6185,3861,1774,1412,0,0,1917,1275,8,6,2,8
51,4,moe,729,35,6769,4868,4964,3116,2759,0,0,4070,792,8,4,4,8
51,5,moe,799,37,12,0,0,0,0,0,12,0,1537,8,8,0,8
51,6,moe,734,36,5568,11536,3724,3921,284,0,0,2361,767,8,4,4,8
51,7,moe,671,34,4769,9478,3485,3166,416,0,0,2298,688,8,4,4,8
51,8,moe,737,35,3087,5045,2431,1540,411,0,0,1295,728,8,6,2,8
51,9,moe,807,36,3425,5455,2354,1905,325,0,0,1159,767,8,6,2,8
51,10,moe,747,37,2965,5483,2259,1631,135,0,0,1060,797,8,6,2,8
51,11,moe,664,40,2855,4829,2241,1551,281,0,0,1218,694,8,6,2,8
51,12,moe,7654,37,3496,7459,2546,1914,130,0,0,1094,878,8,6,2,8
51,13,moe,4112,40,4400,6960,3209,2409,970,0,0,2188,721,8,5,3,8
51,14,moe,5568,37,17,0,0,0,0,0,17,0,715,8,8,0,8
51,15,moe,660,34,2028,2282,1448,1020,66,0,0,506,978,8,7,1,8
51,16,moe,730,36,6005,12684,4431,4031,506,0,0,2963,765,8,3,5,8
51,17,moe,798,38,3019,5098,2401,1541,400,0,0,1323,690,8,6,2,8
51,18,moe,736,34,7186,11524,4727,3721,2093,0,0,3355,751,8,4,4,8
51,19,moe,674,40,4154,5471,3207,1612,1171,0,0,1836,634,8,6,2,8
51,20,moe,739,36,7471,10897,5584,3858,2299,0,0,4270,635,8,3,5,8
51,21,moe,805,40,12592,14663,8107,5539,5366,0,0,6420,752,8,2,6,8
51,22,moe,801,39,4664,7362,3376,2389,1105,1,0,2207,1697,8,5,3,8
51,23,moe,654,34,7755,18278,5796,2794,2864,0,0,3699,742,8,5,3,8
51,24,moe,809,41,6470,10114,5157,1808,1633,0,0,2128,741,8,6,2,8
51,25,moe,799,37,9381,11397,6229,4533,3685,0,0,5066,1268,8,3,5,8
51,26,moe,665,35,5008,10038,3375,3692,275,0,0,2334,752,8,4,4,8
51,-1,epi,0,0,0,0,0,0,0,0,5928,0,0,0,0,0,0
52,-2,pre,206,0,0,0,0,0,0,0,0,0,0,0,0,0,0
52,0,dense,1481,42,0,0,0,0,0,0,0,0,0,0,0,0,0
52,1,moe,827,37,2189,2563,1559,921,585,0,0,876,1271,8,7,1,8
52,2,moe,743,34,1674,492,1029,884,617,0,0,856,1858,8,7,1,8
52,3,moe,676,37,3762,6272,2726,1827,673,0,0,1464,1268,8,6,2,8
52,4,moe,737,36,6030,7927,4330,3160,1622,0,0,3082,1830,8,4,4,8
52,5,moe,805,36,21,0,0,0,0,0,21,0,2099,8,8,0,8
52,6,moe,759,34,2053,2568,1472,1017,65,0,0,501,1219,8,7,1,8
52,7,moe,658,33,5039,12294,4061,2409,164,0,0,1595,630,8,5,3,8
52,8,moe,737,34,1625,2283,1341,771,52,0,0,539,622,8,7,1,8
52,9,moe,807,35,3965,7680,2866,1911,453,0,0,1265,1236,8,6,2,8
52,10,moe,734,35,1746,2328,1314,854,52,1,0,475,680,8,7,1,8
52,11,moe,691,32,2506,2445,2174,770,912,1,0,1351,635,8,7,1,8
52,12,moe,734,38,2018,2369,1441,1015,59,0,0,497,854,8,7,1,8
52,13,moe,808,39,3185,6764,2364,1644,369,0,0,1192,708,8,6,2,8
52,14,moe,2980,38,13,0,0,0,0,0,13,0,623,8,8,0,8
52,15,moe,11916,37,8165,18769,6811,1019,839,0,0,504,843,8,7,1,8
52,16,moe,725,216,7580,21981,6418,2385,826,0,0,2049,622,8,5,3,8
52,17,moe,803,38,4333,5851,3171,3080,385,0,0,2303,641,8,4,4,8
52,18,moe,741,36,10,0,0,0,0,0,10,0,821,8,8,0,8
52,19,moe,653,33,2876,2394,2195,767,1255,0,0,1341,764,8,7,1,8
52,20,moe,743,40,2188,1035,1528,1530,391,0,0,1261,623,8,6,2,8
52,21,moe,804,35,7126,7866,4582,4640,1322,0,0,3418,801,8,3,5,8
52,22,moe,799,36,2968,2330,2157,1600,574,0,0,1363,762,8,6,2,8
52,23,moe,662,35,6043,2728,3595,3727,1836,1,0,3116,893,8,4,4,8
52,24,moe,799,36,4518,2716,2926,1782,1833,0,0,2023,793,8,6,2,8
52,25,moe,814,38,4224,2795,2747,2675,956,0,0,2154,753,8,5,3,8
52,26,moe,665,34,1152,514,726,896,59,0,0,529,760,8,7,1,8
52,-1,epi,0,0,0,0,0,0,0,0,5965,0,0,0,0,0,0
53,-2,pre,213,0,0,0,0,0,0,0,0,0,0,0,0,0,0
53,0,dense,1472,34,0,0,0,0,0,0,0,0,0,0,0,0,0
53,1,moe,829,34,2302,2594,1657,904,595,0,0,854,1747,8,7,1,8
53,2,moe,744,31,10,0,0,0,0,0,10,0,758,8,8,0,8
53,3,moe,674,30,6035,9050,4079,2756,2079,0,0,2879,765,8,5,3,8
53,4,moe,744,36,1146,456,720,850,51,0,0,475,632,8,7,1,8
53,5,moe,811,32,2121,2535,1686,764,507,0,0,836,1079,8,7,1,8
53,6,moe,739,30,10,0,0,0,0,0,10,0,765,8,8,0,8
53,7,moe,673,27,1659,2382,1374,778,52,0,0,545,632,8,7,1,8
53,8,moe,778,62,3429,5175,2715,1533,576,0,0,1395,1108,8,6,2,8
53,9,moe,813,30,4475,5267,2876,2825,797,0,0,2023,1257,8,5,3,8
53,10,moe,736,32,3425,1636,2323,2403,645,0,0,1946,632,8,5,3,8
53,11,moe,659,28,9,0,0,0,0,0,9,0,1104,8,8,0,8
53,12,moe,749,27,4227,5670,2831,1964,1209,0,0,1777,1779,8,6,2,8
53,13,moe,812,33,1790,2269,1379,841,50,0,0,480,627,8,7,1,8
53,14,moe,752,33,4364,7635,3333,2366,905,0,0,2240,652,8,5,3,8
53,15,moe,699,83,11,0,0,0,0,0,11,0,844,8,8,0,8
53,16,moe,739,32,3191,3003,2303,2313,333,0,0,1758,633,8,5,3,8
53,17,moe,811,30,1867,1044,1313,1530,103,0,0,1079,638,8,6,2,8
53,18,moe,745,31,9,0,0,0,0,1,8,0,840,8,8,0,8
53,19,moe,667,27,1556,2368,1273,776,53,0,0,546,652,8,7,1,8
53,20,moe,743,30,2472,2555,1917,1522,103,0,0,1070,638,8,6,2,8
53,21,moe,814,31,4608,3810,2968,2815,827,1,0,2003,810,8,5,3,8
53,22,moe,806,30,1135,459,719,861,52,0,0,497,634,8,7,1,8
53,23,moe,690,27,3078,2922,2035,1893,314,0,0,1164,782,8,6,2,8
53,24,moe,819,35,7084,4572,4677,3565,2736,0,0,3894,768,8,4,4,8
53,25,moe,809,37,4412,5624,3018,2710,581,0,0,1897,759,8,5,3,8
53,26,moe,652,31,5927,13794,4290,3628,239,0,0,2230,853,8,4,4,8
53,-1,epi,0,0,0,0,0,0,0,0,6350,0,0,0,0,0,0
54,-2,pre,39,0,0,0,0,0,0,0,0,0,0,0,0,0,0
54,0,dense,1480,32,0,0,0,0,0,0,0,0,0,0,0,0,0
54,1,moe,828,32,9,0,0,0,0,0,9,0,1266,8,8,0,8
54,2,moe,756,30,10,0,0,0,0,0,10,0,1906,8,8,0,8
54,3,moe,692,28,4178,3840,2706,2706,751,0,0,1985,764,8,5,3,8
54,4,moe,753,34,7259,13484,5415,3263,2880,0,0,4299,635,8,4,4,8
54,5,moe,815,30,2740,4856,2175,1551,131,1,0,1118,638,8,6,2,8
54,6,moe,742,28,3244,6592,2642,1033,63,0,0,494,2033,8,7,1,8
54,7,moe,661,28,4880,7430,3528,3143,700,0,0,2491,1093,8,4,4,8
54,8,moe,733,32,1985,2975,1696,767,54,0,0,532,657,8,7,1,8
54,9,moe,821,34,5252,5914,3448,2821,1232,0,0,2249,749,8,5,3,8
54,10,moe,734,35,11,0,0,0,0,1,10,0,625,8,8,0,8
54,11,moe,658,31,2243,2374,1708,843,493,0,0,801,636,8,7,1,8
54,12,moe,740,30,3168,2705,2369,999,1073,0,0,1273,751,8,7,1,8
54,13,moe,814,33,3668,7569,2691,2420,171,0,0,1614,3196,8,5,3,8
54,14,moe,741,36,2701,4766,2143,1542,107,0,0,1091,676,8,6,2,8
54,15,moe,691,48,2094,2664,1505,1000,58,0,0,469,754,8,7,1,8
54,16,moe,782,41,2480,506,1680,846,1360,0,0,1406,629,8,7,1,8
54,17,moe,823,31,1006,476,724,764,50,0,0,532,631,8,7,1,8
54,18,moe,749,35,2570,2561,1674,1002,683,0,0,789,751,8,7,1,8
54,19,moe,679,34,1406,617,895,849,318,0,0,656,661,8,7,1,8
54,20,moe,847,40,9,0,0,0,0,0,9,0,688,8,8,0,8
54,21,moe,875,42,3341,5136,2284,1948,303,0,0,1194,758,8,6,2,8
54,22,moe,834,34,2792,3097,1887,1655,450,0,0,1200,664,8,6,2,8
54,23,moe,694,28,5237,7881,3298,3730,485,0,0,2276,885,8,4,4,8
54,24,moe,842,34,4287,6070,2805,2737,659,0,0,1914,863,8,5,3,8
54,25,moe,818,32,4711,3933,3004,3563,449,0,0,2305,762,8,4,4,8
54,26,moe,656,29,4473,2635,2762,3743,404,0,0,2436,757,8,4,4,8
54,-1,epi,0,0,0,0,0,0,0,0,7179,0,0,0,0,0,0
55,-2,pre,211,0,0,0,0,0,0,0,0,0,0,0,0,0,0
55,0,dense,1488,39,0,0,0,0,0,0,0,0,0,0,0,0,0
55,1,moe,834,33,3809,2816,2558,1797,1169,0,0,1715,762,8,6,2,8
55,2,moe,766,35,7511,17710,6018,2759,792,0,0,2058,755,8,5,3,8
55,3,moe,668,34,5224,8213,3280,2685,1405,0,0,2146,768,8,5,3,8
55,4,moe,825,56,2031,2660,1583,856,51,0,0,459,1651,8,7,1,8
55,5,moe,814,33,5970,13096,4550,3162,1714,0,0,3456,1150,8,4,4,8
55,6,moe,732,31,3462,5407,2465,1892,153,0,0,1048,753,8,6,2,8
55,7,moe,657,29,10407,22185,7184,3978,4556,0,0,5311,644,8,3,5,8
55,8,moe,749,37,1697,2451,1407,775,53,0,0,538,628,8,7,1,8
55,9,moe,806,32,2023,2591,1410,1049,60,0,0,496,775,8,7,1,8
55,10,moe,786,54,2865,4953,2178,1604,111,0,0,1028,636,8,6,2,8
55,11,moe,670,33,9568,24865,8162,3096,1179,0,0,2869,657,8,4,4,8
55,12,moe,738,32,2223,2704,1555,1016,166,0,0,514,741,8,7,1,8
55,13,moe,803,250,4801,9995,3566,3148,210,0,0,2123,636,8,4,4,8
55,14,moe,749,36,5112,12142,3950,2330,1221,0,0,2389,636,8,5,3,8
55,15,moe,655,36,4988,7540,3280,2825,1328,0,0,2445,1317,8,5,3,8
55,16,moe,8279,36,4301,7294,3067,3147,220,0,0,2133,628,8,4,4,8
55,17,moe,8347,59,5463,7288,3973,3872,477,0,0,2859,628,8,3,5,8
55,18,moe,734,37,6537,10653,4921,1907,2412,0,0,2703,1290,8,6,2,8
55,19,moe,836,38,3725,7349,2752,2439,167,0,0,1633,1312,8,5,3,8
55,20,moe,731,36,4538,6927,3617,1536,1378,0,0,1993,625,8,6,2,8
55,21,moe,802,37,3827,2826,2328,2797,414,0,0,1712,739,8,5,3,8
55,22,moe,802,35,4851,8158,3538,3232,218,0,0,2137,1783,8,4,4,8
55,23,moe,661,36,6262,8956,4562,2801,1128,0,0,2229,1296,8,5,3,8
55,24,moe,803,37,3757,2791,2410,2721,458,0,0,1832,754,8,5,3,8
55,25,moe,813,35,2908,2532,2004,1776,312,0,0,1184,748,8,6,2,8
55,26,moe,662,34,6054,10759,4004,4494,321,0,0,2765,753,8,3,5,8
55,-1,epi,0,0,0,0,0,0,0,0,6779,0,0,0,0,0,0
56,-2,pre,219,0,0,0,0,0,0,0,0,0,0,0,0,0,0
56,0,dense,1478,60,0,0,0,0,0,0,0,0,0,0,0,0,0
56,1,moe,826,35,5930,11057,4173,2831,1863,0,0,2937,852,8,5,3,8
56,2,moe,737,42,3737,5388,2695,1776,655,0,0,1389,861,8,6,2,8
56,3,moe,660,35,7043,8983,4926,2687,3085,0,0,3655,915,8,5,3,8
56,4,moe,734,43,11,0,0,0,0,0,11,0,674,8,8,0,8
56,5,moe,803,34,1712,2225,1274,865,50,0,0,477,1135,8,7,1,8
56,6,moe,740,33,9,0,0,0,0,0,9,0,754,8,8,0,8
56,7,moe,669,40,1734,2526,1452,767,50,0,0,535,627,8,7,1,8
56,8,moe,735,36,1576,2271,1295,766,48,0,0,533,1073,8,7,1,8
56,9,moe,806,35,2775,2899,1799,1895,119,0,0,1038,752,8,6,2,8
56,10,moe,733,35,3880,2992,2859,1602,1530,0,0,2111,626,8,6,2,8
56,11,moe,659,33,6238,11611,5366,1571,1857,0,0,2556,621,8,6,2,8
56,12,moe,730,36,1974,2722,1403,1014,58,0,0,501,748,8,7,1,8
56,13,moe,805,35,2854,5660,2184,1679,107,0,0,1116,629,8,6,2,8
56,14,moe,731,36,3098,4797,2388,1536,568,0,0,1394,631,8,6,2,8
56,15,moe,659,34,2865,2496,2048,1027,924,0,0,1134,1272,8,7,1,8
56,16,moe,736,36,2524,1047,1690,1592,582,0,0,1340,665,8,6,2,8
56,17,moe,801,37,2114,2473,1682,780,523,0,0,871,1083,8,7,1,8
56,18,moe,7556,38,2203,2581,1537,1011,276,0,0,621,1396,8,7,1,8
56,19,moe,702,66,3812,5319,2783,2445,340,0,0,1756,624,8,5,3,8
56,20,moe,741,38,2810,2322,2088,1539,561,0,0,1378,630,8,6,2,8
56,21,moe,803,38,3865,1893,2289,2847,666,0,0,1937,750,8,5,3,8
56,22,moe,809,38,1997,2281,1526,829,296,0,0,654,1972,8,7,1,8
56,23,moe,662,34,4041,2705,2458,2787,674,0,0,1878,755,8,5,3,8
56,24,moe,806,38,3681,1876,2222,2728,638,0,0,1907,1308,8,5,3,8
56,25,moe,834,62,3925,5501,2695,2757,188,0,0,1715,756,8,5,3,8
56,26,moe,663,33,6117,7922,4000,4586,496,0,0,2965,751,8,3,5,8
56,-1,epi,0,0,0,0,0,0,0,0,5999,0,0,0,0,0,0
57,-2,pre,163,0,0,0,0,0,0,0,0,0,0,0,0,0,0
57,0,dense,1486,42,0,0,0,0,0,0,0,0,0,0,0,0,0
57,1,moe,832,36,3291,2744,2039,1797,880,1,0,1426,1492,8,6,2,8
57,2,moe,739,35,10,0,0,0,0,0,10,0,917,8,8,0,8
57,3,moe,669,33,4952,5275,3229,3628,441,0,0,2346,782,8,4,4,8
57,4,moe,742,35,10,0,0,0,0,0,10,0,1110,8,8,0,8
57,5,moe,810,36,4041,2584,2793,2369,1056,0,0,2177,686,8,5,3,8
57,6,moe,742,38,2458,2557,1727,983,540,0,0,792,1299,8,7,1,8
57,7,moe,658,33,4367,4880,3266,2368,988,0,0,2255,684,8,5,3,8
57,8,moe,743,38,2051,2350,1612,771,510,0,0,842,1082,8,7,1,8
57,9,moe,813,43,14,0,0,0,0,0,14,0,1781,8,8,0,8
57,10,moe,742,34,13,0,0,0,0,0,13,0,630,8,8,0,8
57,11,moe,678,37,5392,7712,4246,2292,1967,0,0,3113,639,8,5,3,8
57,12,moe,738,35,14,0,0,0,0,0,14,0,836,8,8,0,8
57,13,moe,811,34,1831,2386,1490,767,217,0,0,643,1071,8,7,1,8
57,14,moe,749,33,1657,2379,1369,762,52,0,0,526,634,8,7,1,8
57,15,moe,672,33,3903,5554,2719,1905,638,0,0,1359,752,8,6,2,8
57,16,moe,744,35,1762,988,1207,837,529,0,0,811,634,8,7,1,8
57,17,moe,817,35,1489,465,1036,767,529,0,0,843,786,8,7,1,8
57,18,moe,733,35,2509,2782,1746,1011,546,0,0,794,750,8,7,1,8
57,19,moe,663,32,1113,443,707,848,51,0,0,493,631,8,7,1,8
57,20,moe,746,39,15,0,0,0,0,0,15,0,634,8,8,0,8
57,21,moe,816,34,4703,5194,3294,1948,1657,0,0,2196,753,8,6,2,8
57,22,moe,810,36,2908,2521,2091,1609,527,0,0,1319,631,8,6,2,8
57,23,moe,657,33,2356,1170,1376,1920,135,0,0,1075,756,8,6,2,8
57,24,moe,811,36,2827,2689,1996,1788,131,0,0,1088,761,8,6,2,8
57,25,moe,823,37,1888,2585,1464,903,63,0,0,542,768,8,7,1,8
57,26,moe,667,35,8090,4213,4917,5499,2105,0,0,4431,786,8,2,6,8
57,-1,epi,0,0,0,0,0,0,0,0,6087,0,0,0,0,0,0
58,-2,pre,279,0,0,0,0,0,0,0,0,0,0,0,0,0,0
58,0,dense,1496,40,0,0,0,0,0,0,0,0,0,0,0,0,0
58,1,moe,849,39,2192,2470,1546,916,508,0,0,778,809,8,7,1,8
58,2,moe,751,36,10,0,0,0,0,0,10,0,829,8,8,0,8
58,3,moe,689,38,4235,5281,2840,2710,555,0,0,1870,806,8,5,3,8
58,4,moe,751,34,3304,2727,2291,2381,313,0,0,1681,735,8,5,3,8
58,5,moe,814,36,3042,2246,2269,773,1535,0,0,1535,649,8,7,1,8
58,6,moe,739,35,20,0,0,0,0,0,20,0,890,8,8,0,8
58,7,moe,670,32,1744,2481,1456,773,59,0,0,544,646,8,7,1,8
58,8,moe,743,33,1654,2380,1366,776,57,0,0,545,639,8,7,1,8
58,9,moe,811,33,2177,2747,1537,1006,224,0,0,590,1244,8,7,1,8
58,10,moe,742,34,8,0,0,0,0,0,8,0,678,8,8,0,8
58,11,moe,693,32,8,0,0,0,0,0,8,0,1521,8,8,0,8
58,12,moe,748,34,8,0,0,0,0,0,8,0,761,8,8,0,8
58,13,moe,824,37,4040,5789,3230,1595,569,0,0,1354,646,8,6,2,8
58,14,moe,741,35,9,0,0,0,0,0,9,0,636,8,8,0,8
58,15,moe,682,36,3267,5434,2297,1947,129,0,0,1106,834,8,6,2,8
58,16,moe,749,36,1988,2410,1478,862,255,0,0,607,662,8,7,1,8
58,17,moe,842,59,1847,2304,1510,765,215,0,0,643,637,8,7,1,8
58,18,moe,743,35,8,0,0,0,0,0,8,0,749,8,8,0,8
58,19,moe,684,36,5475,7202,4314,2305,2118,0,0,3262,641,8,5,3,8
58,20,moe,748,36,1012,473,724,769,52,0,0,533,642,8,7,1,8
58,21,moe,818,39,1490,510,818,1025,246,0,0,599,758,8,7,1,8
58,22,moe,815,33,3464,2450,2483,1616,1008,0,0,1643,637,8,6,2,8
58,23,moe,687,38,2460,1540,1482,1896,120,0,0,1038,751,8,6,2,8
58,24,moe,823,42,1856,2554,1428,900,73,0,0,545,759,8,7,1,8
58,25,moe,861,68,3618,1152,2282,1783,1589,0,0,2036,755,8,6,2,8
58,26,moe,685,33,3706,5114,2458,2755,204,0,0,1711,756,8,5,3,8
58,-1,epi,0,0,0,0,0,0,0,0,6102,0,0,0,0,0,0
59,-2,pre,42,0,0,0,0,0,0,0,0,0,0,0,0,0,0
59,0,dense,1534,34,0,0,0,0,0,0,0,0,0,0,0,0,0
59,1,moe,842,32,9,0,0,0,0,0,9,0,1022,8,8,0,8
59,2,moe,773,30,3245,2925,2417,890,1251,0,0,1313,759,8,7,1,8
59,3,moe,689,34,2927,3340,2076,1797,133,0,0,1079,801,8,6,2,8
59,4,moe,741,30,9,0,0,0,0,0,9,0,776,8,8,0,8
59,5,moe,825,34,8,0,0,0,0,0,8,0,827,8,8,0,8
59,6,moe,762,30,2015,2784,1578,890,79,0,0,532,845,8,7,1,8
59,7,moe,684,27,1801,2471,1377,851,49,0,0,476,697,8,7,1,8
59,8,moe,750,29,8,0,0,0,0,0,8,0,696,8,8,0,8
59,9,moe,817,30,1845,493,1035,1041,586,0,0,817,762,8,7,1,8
59,10,moe,754,30,1798,2556,1404,830,50,0,0,486,645,8,7,1,8
59,11,moe,678,28,2750,5890,2469,774,51,1,0,545,729,8,7,1,8
59,12,moe,752,30,1874,500,1055,1020,633,0,0,834,755,8,7,1,8
59,13,moe,820,30,3304,5252,2499,1612,578,0,0,1385,667,8,6,2,8
59,14,moe,752,33,3171,2732,2337,1546,959,0,0,1671,641,8,6,2,8
59,15,moe,670,29,1803,501,1004,1020,566,0,0,787,757,8,7,1,8
59,16,moe,742,30,2545,2507,1871,1602,100,0,0,1028,634,8,6,2,8
59,17,moe,809,29,1597,2441,1310,772,49,0,0,534,2192,8,7,1,8
59,18,moe,742,32,2645,2705,1829,1033,584,0,0,801,751,8,7,1,8
59,19,moe,11687,32,4649,4922,3235,1608,1938,0,0,2132,1321,8,6,2,8
59,20,moe,736,30,4544,5196,3527,2303,1107,0,0,2393,635,8,5,3,8
59,21,moe,810,32,5457,5730,3447,3679,832,0,0,2501,790,8,4,4,8
59,22,moe,809,30,7556,7894,5537,4761,1492,0,0,4234,638,8,2,6,8
59,23,moe,675,34,7283,5546,4436,4560,1863,0,0,3576,761,8,3,5,8
59,24,moe,812,31,6945,3749,4606,3570,2680,0,0,3911,761,8,4,4,8
59,25,moe,813,33,6830,5122,4300,5447,575,0,0,3492,755,8,2,6,8
59,26,moe,672,29,6663,4344,4223,5470,347,0,0,3377,753,8,2,6,8
59,-1,epi,0,0,0,0,0,0,0,0,5989,0,0,0,0,0,0
60,-2,pre,44,0,0,0,0,0,0,0,0,0,0,0,0,0,0
60,0,dense,1494,37,0,0,0,0,0,0,0,0,0,0,0,0,0
60,1,moe,836,36,1896,2700,1479,888,63,0,0,534,1843,8,7,1,8
60,2,moe,752,37,3556,2590,2342,896,1791,0,0,1473,770,8,7,1,8
60,3,moe,701,32,5384,5270,3455,3662,1002,0,0,2735,757,8,4,4,8
60,4,moe,737,31,3033,2573,2251,860,1210,0,0,1288,809,8,7,1,8
60,5,moe,807,33,1679,2272,1347,774,194,0,0,636,678,8,7,1,8
60,6,moe,735,29,10,0,0,0,0,0,10,0,742,8,8,0,8
60,7,moe,668,27,9,0,0,0,0,0,9,0,750,8,8,0,8
60,8,moe,738,29,4837,13633,4278,1565,113,1,0,1120,681,8,6,2,8
60,9,moe,813,31,2245,2468,1569,1044,228,0,0,596,802,8,7,1,8
60,10,moe,733,31,1795,2212,1391,845,52,0,0,493,630,8,7,1,8
60,11,moe,656,28,1639,2365,1346,773,50,0,0,530,769,8,7,1,8
60,12,moe,737,28,2292,2547,1598,1003,344,0,0,653,824,8,7,1,8
60,13,moe,814,32,10,0,0,0,0,0,10,0,638,8,8,0,8
60,14,moe,734,29,2051,1039,1334,1642,104,0,0,1029,633,8,6,2,8
60,15,moe,668,29,3408,1882,2013,2881,179,0,0,1665,782,8,5,3,8
60,16,moe,742,33,10,0,0,0,0,0,10,0,1617,8,8,0,8
60,17,moe,819,34,2282,2457,1723,841,531,0,0,813,633,8,7,1,8
60,18,moe,757,29,14,0,0,0,0,0,14,0,1359,8,8,0,8
60,19,moe,935,31,2909,4778,2279,1566,308,0,0,1244,631,8,6,2,8
60,20,moe,10153,34,5864,13624,5347,779,998,0,0,1260,622,8,7,1,8
60,21,moe,6194,42,4675,1863,2812,2874,1410,0,0,2421,759,8,5,3,8
60,22,moe,805,32,3437,2388,2441,1589,1060,0,0,1653,631,8,6,2,8
60,23,moe,660,30,7478,10396,5041,3721,1764,0,0,3048,759,8,4,4,8
60,24,moe,807,43,7211,18429,5348,3725,997,0,0,2859,754,8,4,4,8
60,25,moe,800,36,2172,1126,1348,1784,119,0,0,1079,752,8,6,2,8
60,26,moe,2659,32,2152,1127,1333,1783,119,0,0,1083,803,8,6,2,8
60,-1,epi,0,0,0,0,0,0,0,0,6230,0,0,0,0,0,0
61,-2,pre,50,0,0,0,0,0,0,0,0,0,0,0,0,0,0
61,0,dense,1494,36,0,0,0,0,0,0,0,0,0,0,0,0,0
61,1,moe,838,31,1928,2845,1508,893,58,0,0,531,1274,8,7,1,8
61,2,moe,777,34,4737,7856,3388,1823,1548,0,0,2022,755,8,6,2,8
61,3,moe,658,30,3588,1890,2210,2755,522,0,0,1899,1349,8,5,3,8
61,4,moe,750,31,2903,2802,2088,1653,397,0,0,1235,628,8,6,2,8
61,5,moe,824,32,1528,2359,1247,785,57,0,0,561,679,8,7,1,8
61,6,moe,746,31,9,0,0,0,0,0,9,0,752,8,8,0,8
61,7,moe,670,28,2052,2309,1665,769,356,0,0,738,690,8,7,1,8
61,8,moe,760,35,9,0,0,0,0,1,8,0,634,8,8,0,8
61,9,moe,814,37,9,0,0,0,0,0,9,0,766,8,8,0,8
61,10,moe,755,36,9,0,0,0,0,0,9,0,1161,8,8,0,8
61,11,moe,674,32,2313,3169,1887,773,488,0,0,835,688,8,7,1,8
61,12,moe,748,36,9,0,0,0,0,0,9,0,758,8,8,0,8
61,13,moe,818,48,8,0,0,0,0,0,8,0,642,8,8,0,8
61,14,moe,761,33,1712,2574,1429,763,56,0,0,536,639,8,7,1,8
61,15,moe,680,32,2059,2613,1437,1006,67,0,0,451,827,8,7,1,8
61,16,moe,997,37,11,0,0,0,0,0,11,0,688,8,8,0,8
61,17,moe,919,232,5219,9551,4044,1643,1037,0,0,1505,642,8,6,2,8
61,18,moe,736,37,8592,9302,6428,2796,4638,0,0,5270,757,8,5,3,8
61,19,moe,669,38,2519,3218,1822,1631,103,0,0,1037,1155,8,6,2,8
61,20,moe,739,40,6128,10586,4615,3169,1713,0,0,3369,639,8,4,4,8
61,21,moe,821,42,8872,14383,5642,5572,1550,0,0,3892,758,8,2,6,8
61,22,moe,810,38,4755,7415,3458,3153,451,0,0,2307,635,8,4,4,8
61,23,moe,666,34,5027,5868,3217,3781,245,0,0,2216,760,8,4,4,8
61,24,moe,822,46,4689,5938,3045,3649,269,0,0,2274,797,8,4,4,8
61,25,moe,811,39,6757,10771,4719,4663,311,0,0,2936,757,8,3,5,8
61,26,moe,665,37,7471,4328,4605,5506,1148,0,0,3788,763,8,2,6,8
61,-1,epi,0,0,0,0,0,0,0,0,6115,0,0,0,0,0,0
62,-2,pre,88,0,0,0,0,0,0,0,0,0,0,0,0,0,0
62,0,dense,1525,69,0,0,0,0,0,0,0,0,0,0,0,0,0
62,1,moe,860,54,11,0,0,0,0,0,11,0,779,8,8,0,8
62,2,moe,770,40,9,0,0,0,0,0,9,0,778,8,8,0,8
62,3,moe,694,33,5237,9077,3651,2780,1333,0,0,2527,765,8,5,3,8
62,4,moe,741,36,2279,2402,1708,849,519,0,0,797,1105,8,7,1,8
62,5,moe,810,38,10,0,0,0,0,0,10,0,1136,8,8,0,8
62,6,moe,749,38,2002,2398,1360,1001,241,0,0,600,793,8,7,1,8
62,7,moe,670,33,14,0,0,0,0,1,13,0,640,8,8,0,8
62,8,moe,748,34,1711,2432,1330,827,49,0,0,495,677,8,7,1,8
62,9,moe,814,34,13,0,0,0,0,0,13,0,4259,8,8,0,8
62,10,moe,862,45,53,0,0,0,0,0,53,0,790,8,8,0,8
62,11,moe,670,47,3506,2833,2589,1549,1202,0,0,1834,647,8,6,2,8
62,12,moe,764,37,1461,504,817,1001,230,0,0,587,1304,8,7,1,8
62,13,moe,822,36,1302,989,894,849,49,0,0,490,636,8,7,1,8
62,14,moe,752,40,997,451,712,762,51,0,0,528,642,8,7,1,8
62,15,moe,688,39,10,0,0,0,0,0,10,0,773,8,8,0,8
62,16,moe,760,37,9,0,0,0,0,0,9,0,651,8,8,0,8
62,17,moe,842,36,9,0,0,0,0,0,9,0,649,8,8,0,8
62,18,moe,766,36,2017,2661,1443,998,58,0,0,482,760,8,7,1,8
62,19,moe,684,34,3574,3085,2479,2398,463,0,0,1766,646,8,5,3,8
62,20,moe,754,40,1636,2174,1351,776,48,0,0,539,643,8,7,1,8
62,21,moe,841,33,4678,5539,3286,2788,185,0,0,1581,762,8,5,3,8
62,22,moe,817,36,2274,1084,1531,1601,269,0,0,1127,639,8,6,2,8
62,23,moe,680,38,3548,2563,2167,2810,186,0,0,1615,752,8,5,3,8
62,24,moe,834,38,3763,5427,2531,2750,197,0,0,1715,767,8,5,3,8
62,25,moe,817,35,3260,2116,2039,2675,176,0,0,1630,756,8,5,3,8
62,26,moe,692,35,3416,3493,2198,2697,178,0,0,1657,803,8,5,3,8
62,-1,epi,0,0,0,0,0,0,0,0,6107,0,0,0,0,0,0
63,-2,pre,226,0,0,0,0,0,0,0,0,0,0,0,0,0,0
63,0,dense,1526,40,0,0,0,0,0,0,0,0,0,0,0,0,0
63,1,moe,850,37,1743,2547,1328,901,59,0,0,545,799,8,7,1,8
63,2,moe,777,50,6434,11686,4498,2776,1915,0,0,2755,768,8,5,3,8
63,3,moe,671,35,5025,5987,3237,1799,2356,0,0,2367,1747,8,6,2,8
63,4,moe,758,114,3059,614,2020,853,1911,0,0,1725,661,8,7,1,8
63,5,moe,859,56,2745,3583,2102,1564,317,0,0,1238,706,8,6,2,8
63,6,moe,753,41,10,0,0,0,0,0,10,0,758,8,8,0,8
63,7,moe,684,37,2656,2759,2094,1540,205,0,0,1183,652,8,6,2,8
63,8,moe,783,36,10,0,0,0,0,0,10,0,662,8,8,0,8
63,9,moe,824,39,1841,511,1034,1009,603,0,0,805,759,8,7,1,8
63,10,moe,752,37,10,0,0,0,0,0,10,0,1611,8,8,0,8
63,11,moe,671,37,8,0,0,0,0,0,8,0,636,8,8,0,8
63,12,moe,764,38,4327,8237,3010,2752,428,0,0,1863,811,8,5,3,8
63,13,moe,828,44,1110,466,711,821,49,0,0,471,636,8,7,1,8
63,14,moe,747,39,3786,5756,2945,2333,161,0,0,1653,637,8,5,3,8
63,15,moe,665,34,3139,5166,2175,1910,124,0,0,1070,763,8,6,2,8
63,16,moe,744,36,2471,2318,1732,1606,291,0,0,1158,648,8,6,2,8
63,17,moe,862,36,2825,2553,2088,1555,585,0,0,1403,657,8,6,2,8
63,18,moe,754,39,2653,2217,1799,1005,921,0,0,1072,789,8,7,1,8
63,19,moe,697,37,3482,4472,2472,2369,351,0,0,1710,662,8,5,3,8
63,20,moe,751,40,1217,473,855,786,246,0,0,670,640,8,7,1,8
63,21,moe,840,36,2837,3394,1852,1921,128,0,0,1064,775,8,6,2,8
63,22,moe,823,37,4683,5541,3413,3152,396,0,0,2278,645,8,4,4,8
63,23,moe,672,35,9,0,0,0,0,0,9,0,759,8,8,0,8
63,24,moe,824,35,6003,3806,3723,4611,532,0,0,2863,761,8,3,5,8
63,25,moe,816,41,4991,8028,3346,3619,264,0,0,2238,780,8,4,4,8
63,26,moe,678,36,2812,2706,1894,1787,353,0,0,1222,755,8,6,2,8
63,-1,epi,0,0,0,0,0,0,0,0,6152,0,0,0,0,0,0
64,-2,pre,66,0,0,0,0,0,0,0,0,0,0,0,0,0,0
64,0,dense,1520,43,0,0,0,0,0,0,0,0,0,0,0,0,0
64,1,moe,839,38,10,0,0,0,0,0,10,0,1461,8,8,0,8
64,2,moe,770,38,9,0,0,0,0,0,9,0,840,8,8,0,8
64,3,moe,694,33,5064,3278,3173,3650,799,0,0,2558,781,8,4,4,8
64,4,moe,757,37,11,0,0,0,0,0,11,0,641,8,8,0,8
64,5,moe,882,36,1257,456,806,834,190,0,0,573,739,8,7,1,8
64,6,moe,750,34,10,0,0,0,0,0,10,0,1289,8,8,0,8
64,7,moe,681,32,2374,1491,1707,1534,404,0,0,1271,658,8,6,2,8
64,8,moe,759,38,3122,5842,2510,1552,287,0,0,1227,646,8,6,2,8
64,9,moe,819,37,4753,6105,2973,2806,953,0,0,1979,767,8,5,3,8
64,10,moe,749,37,21,0,0,0,0,0,21,0,644,8,8,0,8
64,11,moe,677,33,1154,459,728,860,59,0,0,493,657,8,7,1,8
64,12,moe,750,34,2596,2614,1806,1024,579,0,0,813,764,8,7,1,8
64,13,moe,827,36,1593,466,1038,835,536,0,0,816,648,8,7,1,8
64,14,moe,749,36,2397,2412,1842,1536,102,0,0,1083,648,8,6,2,8
64,15,moe,690,35,9,0,0,0,0,0,9,0,771,8,8,0,8
64,16,moe,757,34,8,0,0,0,0,0,8,0,665,8,8,0,8
64,17,moe,844,34,2291,2504,1367,764,698,0,0,538,640,8,7,1,8
64,18,moe,760,34,9,0,0,0,0,0,9,0,776,8,8,0,8
64,19,moe,696,28,2121,1047,1492,1530,292,0,0,1193,655,8,6,2,8
64,20,moe,756,30,8,0,0,0,0,0,8,0,662,8,8,0,8
64,21,moe,837,31,4653,3138,2798,3808,236,0,0,2189,726,8,4,4,8
64,22,moe,799,32,3263,1814,2251,2407,344,0,0,1739,644,8,5,3,8
64,23,moe,688,31,1272,497,720,993,63,0,0,504,764,8,7,1,8
64,24,moe,830,32,3799,5764,2538,2728,226,0,0,1693,668,8,5,3,8
64,25,moe,732,37,3058,2800,2069,1916,334,0,0,1261,752,8,6,2,8
64,26,moe,666,29,4556,2965,2794,3668,467,0,0,2373,757,8,4,4,8
64,-1,epi,0,0,0,0,0,0,0,0,6162,0,0,0,0,0,0
65,-2,pre,207,0,0,0,0,0,0,0,0,0,0,0,0,0,0
65,0,dense,1520,41,0,0,0,0,0,0,0,0,0,0,0,0,0
65,1,moe,844,32,4723,8794,3243,2768,800,0,0,2088,666,8,5,3,8
65,2,moe,678,34,5511,8764,3808,2766,1561,0,0,2624,761,8,5,3,8
65,3,moe,669,31,1162,509,726,906,69,0,0,539,754,8,7,1,8
65,4,moe,743,28,2993,5111,2293,1653,110,0,0,1063,639,8,6,2,8
65,5,moe,823,32,10,0,0,0,0,0,10,0,642,8,8,0,8
65,6,moe,750,36,5005,5188,2844,1914,1970,0,0,1723,755,8,6,2,8
65,7,moe,670,29,3524,5392,2797,1613,899,1,0,1786,638,8,6,2,8
65,8,moe,742,31,12,0,0,0,0,0,12,0,681,8,8,0,8
65,9,moe,819,30,12,0,0,0,0,0,12,0,777,8,8,0,8
65,10,moe,749,28,3211,4968,2498,1540,611,0,0,1438,1081,8,6,2,8
65,11,moe,680,28,3625,7579,2788,2368,196,0,0,1727,674,8,5,3,8
65,12,moe,752,33,3274,2706,2438,1031,1239,0,0,1434,957,8,7,1,8
65,13,moe,815,31,2215,2532,1666,837,530,0,0,818,640,8,7,1,8
65,14,moe,751,32,2463,3346,1911,1531,102,0,0,1081,641,8,6,2,8
65,15,moe,678,30,5633,7426,3746,3729,442,1,0,2285,763,8,4,4,8
65,16,moe,743,29,2951,4949,2268,1616,107,0,0,1040,638,8,6,2,8
65,17,moe,819,32,3831,7690,2936,2308,359,0,0,1772,649,8,5,3,8
65,18,moe,743,34,6507,10627,4279,3824,1557,0,0,3153,761,8,4,4,8
65,19,moe,673,31,7070,6767,5006,5488,434,0,0,3858,661,8,1,7,8
65,20,moe,762,32,3068,5162,2441,1554,295,0,0,1222,644,8,6,2,8
65,21,moe,820,30,4385,8648,3014,2813,189,0,0,1631,759,8,5,3,8
65,22,moe,815,31,6740,12388,4936,4767,518,1,0,3482,644,8,2,6,8
65,23,moe,676,29,3425,5417,2449,1903,119,0,0,1046,751,8,6,2,8
65,24,moe,811,34,4863,5938,3211,3685,376,0,0,2409,755,8,4,4,8
65,25,moe,811,29,4460,8432,3089,2773,561,0,0,1963,754,8,5,3,8
65,26,moe,681,30,2030,2645,1538,892,234,0,0,634,745,8,7,1,8
65,-1,epi,0,0,0,0,0,0,0,0,6120,0,0,0,0,0,0
66,-2,pre,42,0,0,0,0,0,0,0,0,0,0,0,0,0,0
66,0,dense,1529,35,0,0,0,0,0,0,0,0,0,0,0,0,0
66,1,moe,835,47,4150,8449,2924,2834,204,0,0,1812,1121,8,5,3,8
66,2,moe,738,30,9,0,0,0,0,1,8,0,758,8,8,0,8
66,3,moe,676,28,3676,5190,2636,1792,833,0,0,1585,760,8,6,2,8
66,4,moe,749,29,2578,2407,1828,1633,159,0,0,1042,1074,8,6,2,8
66,5,moe,821,29,9,0,0,0,0,0,9,0,638,8,8,0,8
66,6,moe,751,29,9,0,0,0,0,0,9,0,1191,8,8,0,8
66,7,moe,681,28,9,0,0,0,0,0,9,0,649,8,8,0,8
66,8,moe,759,29,2108,2418,1672,764,503,0,0,831,645,8,7,1,8
66,9,moe,841,33,2129,2698,1554,1001,62,0,0,488,763,8,7,1,8
66,10,moe,752,30,9,0,0,0,0,0,9,0,653,8,8,0,8
66,11,moe,692,30,4366,5492,3077,3200,379,0,0,2290,638,8,4,4,8
66,12,moe,746,33,1778,518,1043,983,572,0,0,820,748,8,7,1,8
66,13,moe,791,32,1124,471,735,848,51,0,0,510,608,8,7,1,8
66,14,moe,720,29,13,0,0,0,0,0,13,0,610,8,8,0,8
66,15,moe,652,33,3045,3077,1985,1937,198,0,0,1075,728,8,6,2,8
66,16,moe,738,31,2852,4763,2171,1657,107,1,0,1084,638,8,6,2,8
66,17,moe,820,28,2014,1457,1457,1533,99,0,0,1075,645,8,6,2,8
66,18,moe,740,30,1910,2482,1354,994,58,0,0,496,757,8,7,1,8
66,19,moe,679,29,2385,2275,1710,1649,106,0,0,1080,643,8,6,2,8
66,20,moe,750,30,8,0,0,0,0,0,8,0,642,8,8,0,8
66,21,moe,826,33,2296,1154,1323,1884,118,0,0,1029,771,8,6,2,8
66,22,moe,830,29,1137,452,719,859,51,0,0,492,643,8,7,1,8
66,23,moe,686,29,2814,2905,1827,1927,118,0,0,1058,759,8,6,2,8
66,24,moe,828,29,2776,2890,1958,1786,114,0,0,1082,760,8,6,2,8
66,25,moe,815,30,2961,3461,2067,1800,302,0,0,1208,765,8,6,2,8
66,26,moe,683,28,2776,2653,1873,1783,306,0,0,1186,759,8,6,2,8
66,-1,epi,0,0,0,0,0,0,0,0,6210,0,0,0,0,0,0
67,-2,pre,201,0,0,0,0,0,0,0,0,0,0,0,0,0,0
67,0,dense,1521,34,0,0,0,0,0,0,0,0,0,0,0,0,0
67,1,moe,861,34,5092,8449,3330,3812,314,0,0,2364,677,8,4,4,8
67,2,moe,691,256,1894,2501,1439,959,64,0,0,568,676,8,7,1,8
67,3,moe,687,32,6807,17732,5171,3649,261,0,0,2274,760,8,4,4,8
67,4,moe,749,32,3441,4927,2554,1601,750,0,0,1464,636,8,6,2,8
67,5,moe,809,34,4906,7634,3710,2309,1497,0,0,2610,649,8,5,3,8
67,6,moe,742,34,10,0,0,0,0,0,10,0,750,8,8,0,8
67,7,moe,676,33,1649,2197,1360,773,54,0,0,538,638,8,7,1,8
67,8,moe,746,34,3178,4582,2447,1548,573,0,0,1390,697,8,6,2,8
67,9,moe,821,39,9,0,0,0,0,0,9,0,760,8,8,0,8
67,10,moe,756,32,5785,7842,4170,3128,1666,0,0,3179,644,8,4,4,8
67,11,moe,675,32,4309,5576,3099,3078,510,0,0,2378,651,8,4,4,8
67,12,moe,753,35,1488,986,893,1022,61,0,0,488,762,8,7,1,8
67,13,moe,822,34,2968,5119,2274,1635,103,0,0,1044,641,8,6,2,8
67,14,moe,743,34,1675,2362,1382,781,51,0,0,539,644,8,7,1,8
67,15,moe,678,33,5302,8393,3304,3847,468,0,0,2317,660,8,4,4,8
67,16,moe,672,36,2574,2516,1902,1663,107,0,0,1098,634,8,6,2,8
67,17,moe,818,37,3547,5487,2713,2383,159,0,0,1708,642,8,5,3,8
67,18,moe,742,36,1903,2351,1353,991,58,0,0,499,755,8,7,1,8
67,19,moe,672,32,4262,3647,2990,3223,387,0,0,2338,637,8,4,4,8
67,20,moe,740,34,2683,4779,2122,1550,105,0,0,1094,640,8,6,2,8
67,21,moe,816,36,6162,5824,3983,4691,303,0,0,2815,762,8,3,5,8
67,22,moe,823,35,3888,7472,2873,2381,332,0,0,1698,636,8,5,3,8
67,23,moe,669,32,5522,9343,3715,3760,279,0,0,2232,794,8,4,4,8
67,24,moe,815,36,5600,5493,3561,4514,318,0,0,2793,758,8,3,5,8
67,25,moe,816,38,4122,8179,2897,2772,190,0,0,1737,805,8,5,3,8
67,26,moe,672,33,6266,10634,4122,4528,513,0,0,2897,758,8,3,5,8
67,-1,epi,0,0,0,0,0,0,0,0,6132,0,0,0,0,0,0
68,-2,pre,206,0,0,0,0,0,0,0,0,0,0,0,0,0,0
68,0,dense,1509,39,0,0,0,0,0,0,0,0,0,0,0,0,0
68,1,moe,842,33,6396,7789,4070,4785,653,0,0,3112,667,8,3,5,8
68,2,moe,675,37,4179,4974,2924,1828,1370,0,0,1943,1276,8,6,2,8
68,3,moe,671,36,2910,4993,2089,1792,136,0,0,1107,762,8,6,2,8
68,4,moe,738,55,5912,9729,4218,3294,1365,0,0,2965,572,8,4,4,8
68,5,moe,720,40,12,0,0,0,0,0,12,0,557,8,8,0,8
68,6,moe,674,35,2801,2685,1962,1025,783,0,0,969,753,8,7,1,8
68,7,moe,668,34,13,0,0,0,0,0,13,0,639,8,8,0,8
68,8,moe,744,34,10,0,0,0,0,0,10,0,640,8,8,0,8
68,9,moe,824,36,1959,2711,1542,888,61,0,0,532,765,8,7,1,8
68,10,moe,755,33,2761,3557,2081,1608,103,0,0,1031,645,8,6,2,8
68,11,moe,677,33,3024,2916,2197,2322,159,0,0,1654,638,8,5,3,8
68,12,moe,744,35,1273,516,725,994,56,0,0,502,759,8,7,1,8
68,13,moe,818,34,1831,2386,1412,856,52,0,0,489,658,8,7,1,8
68,14,moe,751,39,1646,2303,1357,766,57,0,0,534,634,8,7,1,8
68,15,moe,695,34,2821,2635,1854,1903,121,0,0,1057,756,8,6,2,8
68,16,moe,743,32,9,0,0,0,0,0,9,0,635,8,8,0,8
68,17,moe,825,35,1954,2679,1484,856,105,0,0,491,643,8,7,1,8
68,18,moe,752,34,9,0,0,0,0,0,9,0,769,8,8,0,8
68,19,moe,693,32,3194,2615,2363,2296,150,0,0,1615,651,8,5,3,8
68,20,moe,758,35,1642,2275,1354,777,52,0,0,541,641,8,7,1,8
68,21,moe,818,35,10,0,0,0,0,0,10,0,764,8,8,0,8
68,22,moe,956,39,1917,1010,1335,1595,109,0,0,1122,680,8,6,2,8
68,23,moe,685,35,1290,514,718,993,62,0,0,483,767,8,7,1,8
68,24,moe,824,39,3111,5589,2270,1822,142,0,0,1123,784,8,6,2,8
68,25,moe,801,44,3529,2662,2219,2746,209,0,0,1645,759,8,5,3,8
68,26,moe,628,37,3810,3404,2528,2829,193,0,0,1740,772,8,5,3,8
68,-1,epi,0,0,0,0,0,0,0,0,6084,0,0,0,0,0,0
69,-2,pre,72,0,0,0,0,0,0,0,0,0,0,0,0,0,0
69,0,dense,1463,42,0,0,0,0,0,0,0,0,0,0,0,0,0
69,1,moe,752,42,2861,2780,1980,1907,121,1,0,1148,673,8,6,2,8
69,2,moe,684,42,9,0,0,0,0,1,8,0,777,8,8,0,8
69,3,moe,697,33,4239,5382,2858,2743,400,0,0,1762,688,8,5,3,8
69,4,moe,683,37,1851,2340,1408,898,52,0,0,507,569,8,7,1,8
69,5,moe,834,39,10,0,0,0,0,0,10,0,647,8,8,0,8
69,6,moe,751,34,9,0,0,0,0,0,9,0,769,8,8,0,8
69,7,moe,702,37,2666,4688,2107,1542,103,0,0,1086,667,8,6,2,8
69,8,moe,754,33,999,451,713,769,50,0,0,533,651,8,7,1,8
69,9,moe,740,35,9,0,0,0,0,0,9,0,661,8,8,0,8
69,10,moe,677,33,3684,4770,2869,1601,998,0,0,1784,656,8,6,2,8
69,11,moe,676,48,2458,2444,1885,1552,103,0,0,1082,673,8,6,2,8
69,12,moe,758,36,9,0,0,0,0,0,9,0,769,8,8,0,8
69,13,moe,833,35,8,0,0,0,0,0,8,0,652,8,8,0,8
69,14,moe,759,34,1018,461,727,775,53,0,0,537,662,8,7,1,8
69,15,moe,698,36,1487,960,875,1034,60,0,0,482,781,8,7,1,8
69,16,moe,761,34,12,0,0,0,0,0,12,0,659,8,8,0,8
69,17,moe,840,34,13,0,0,0,0,0,13,0,669,8,8,0,8
69,18,moe,771,35,12,0,0,0,0,0,12,0,801,8,8,0,8
69,19,moe,606,35,9,0,0,0,0,0,9,0,563,8,8,0,8
69,20,moe,683,41,1915,2364,1446,928,53,0,0,512,585,8,7,1,8
69,21,moe,840,37,2041,2517,1472,1004,61,0,0,496,774,8,7,1,8
69,22,moe,834,36,9,0,0,0,0,0,9,0,671,8,8,0,8
69,23,moe,710,34,14,0,0,0,0,0,14,0,795,8,8,0,8
69,24,moe,845,33,1153,494,725,902,65,0,0,539,797,8,7,1,8
69,25,moe,734,36,1615,1574,1154,956,68,0,0,563,675,8,7,1,8
69,26,moe,609,37,1975,2752,1518,961,68,0,0,572,659,8,7,1,8
69,-1,epi,0,0,0,0,0,0,0,0,4801,0,0,0,0,0,0
70,-2,pre,83,0,0,0,0,0,0,0,0,0,0,0,0,0,0
70,0,dense,1273,42,0,0,0,0,0,0,0,0,0,0,0,0,0
70,1,moe,749,38,3327,3273,2262,1922,555,0,0,1412,669,8,6,2,8
70,2,moe,681,35,10,0,0,0,0,0,10,0,675,8,8,0,8
70,3,moe,685,33,3848,3611,2497,2716,407,0,0,1772,687,8,5,3,8
70,4,moe,670,36,1184,456,749,890,53,0,0,508,566,8,7,1,8
70,5,moe,729,42,2104,2439,1663,787,511,0,0,857,647,8,7,1,8
70,6,moe,758,38,9,0,0,0,0,0,9,0,777,8,8,0,8
70,7,moe,703,34,1879,2233,1453,802,501,0,0,877,680,8,7,1,8
70,8,moe,770,37,1622,2256,1334,776,50,0,0,538,628,8,7,1,8
70,9,moe,735,38,10,0,0,0,0,0,10,0,677,8,8,0,8
70,10,moe,687,39,2929,5352,2321,1664,116,0,0,1172,576,8,6,2,8
70,11,moe,611,41,2505,2401,1904,1653,109,0,0,1161,654,8,6,2,8
70,12,moe,795,39,3138,2588,2062,1890,327,0,0,1141,765,8,6,2,8
70,13,moe,822,34,2837,4700,2148,1625,109,0,0,1045,656,8,6,2,8
70,14,moe,732,34,1813,2717,1518,796,54,0,0,555,613,8,7,1,8
70,15,moe,642,32,1406,536,741,1069,72,0,0,476,840,8,7,1,8
70,16,moe,762,37,9,0,0,0,0,0,9,0,671,8,8,0,8
70,17,moe,841,34,9,0,0,0,0,0,9,0,635,8,8,0,8
70,18,moe,759,36,1857,494,1153,934,734,0,0,964,844,8,7,1,8
70,19,moe,815,36,11,0,0,0,0,0,11,0,623,8,8,0,8
70,20,moe,760,50,1899,2754,1455,904,61,0,0,521,643,8,7,1,8
70,21,moe,775,100,22,0,0,0,0,0,22,0,846,8,8,0,8
70,22,moe,839,39,1257,617,953,938,64,0,0,698,624,8,7,1,8
70,23,moe,704,34,3176,5796,2194,2005,132,0,0,1155,835,8,6,2,8
70,24,moe,827,70,2519,1521,1510,2040,172,0,0,1203,764,8,6,2,8
70,25,moe,831,40,3484,5885,2615,2098,145,0,0,1374,838,8,6,2,8
70,26,moe,874,37,1307,605,802,1044,73,0,0,612,748,8,7,1,8
70,-1,epi,0,0,0,0,0,0,0,0,4125,0,0,0,0,0,0
71,-2,pre,42,0,0,0,0,0,0,0,0,0,0,0,0,0,0
71,0,dense,1284,41,0,0,0,0,0,0,0,0,0,0,0,0,0
71,1,moe,782,35,17,0,0,0,0,0,17,0,671,8,8,0,8
71,2,moe,690,38,1403,1005,948,957,68,0,0,570,745,8,7,1,8
71,3,moe,663,33,3087,6023,2224,1855,123,0,0,1115,685,8,6,2,8
71,4,moe,678,34,11,0,0,0,0,0,11,0,594,8,8,0,8
71,5,moe,741,39,2687,2562,2001,1682,108,0,0,1104,647,8,6,2,8
71,6,moe,766,30,9,0,0,0,0,0,9,0,795,8,8,0,8
71,7,moe,697,28,1663,2430,1379,767,51,0,0,534,647,8,7,1,8
71,8,moe,759,32,10,0,0,0,0,0,10,0,654,8,8,0,8
71,9,moe,848,30,1976,506,912,1056,689,0,0,681,683,8,7,1,8
71,10,moe,676,35,2293,2521,1725,895,515,0,0,842,611,8,7,1,8
71,11,moe,682,27,1175,989,893,762,50,0,0,530,645,8,7,1,8
71,12,moe,763,32,10,0,0,0,0,0,10,0,775,8,8,0,8
71,13,moe,819,32,1654,2375,1359,794,55,0,0,554,614,8,7,1,8
71,14,moe,748,31,5300,7838,3916,3931,274,0,0,2821,675,8,3,5,8
71,15,moe,629,35,1361,499,756,1082,61,0,0,538,657,8,7,1,8
71,16,moe,688,30,1808,2357,1418,880,56,0,0,546,646,8,7,1,8
71,17,moe,824,31,1010,463,726,774,50,0,0,540,648,8,7,1,8
71,18,moe,759,29,2140,2654,1510,1070,59,0,0,499,727,8,7,1,8
71,19,moe,647,30,2092,2539,1621,869,229,0,0,627,641,8,7,1,8
71,20,moe,756,30,9,0,0,0,0,0,9,0,643,8,8,0,8
71,21,moe,830,31,9,0,0,0,0,0,9,0,773,8,8,0,8
71,22,moe,5519,33,14,0,0,0,0,0,14,0,653,8,8,0,8
71,23,moe,688,28,3536,2795,2158,2780,190,0,0,1592,659,8,5,3,8
71,24,moe,724,33,2655,4505,2203,956,61,1,0,566,661,8,7,1,8
71,25,moe,818,31,1895,2674,1479,895,58,0,0,537,822,8,7,1,8
71,26,moe,683,28,3294,5683,2473,1794,122,0,0,1095,765,8,6,2,8
71,-1,epi,0,0,0,0,0,0,0,0,5965,0,0,0,0,0,0
72,-2,pre,197,0,0,0,0,0,0,0,0,0,0,0,0,0,0
72,0,dense,1273,37,0,0,0,0,0,0,0,0,0,0,0,0,0
72,1,moe,734,34,5143,5326,3288,3867,494,0,0,2506,665,8,4,4,8
72,2,moe,683,30,4706,8277,3221,2751,784,0,0,2050,772,8,5,3,8
72,3,moe,649,35,3836,2670,2429,2865,419,0,0,1877,654,8,5,3,8
72,4,moe,740,30,1152,472,725,852,53,0,0,478,646,8,7,1,8
72,5,moe,819,33,1025,467,734,786,51,0,0,546,635,8,7,1,8
72,6,moe,742,38,2767,2486,1947,1024,800,0,0,1004,726,8,7,1,8
72,7,moe,675,33,1732,2455,1344,854,51,0,0,517,644,8,7,1,8
72,8,moe,757,35,3261,4991,2557,1569,562,0,0,1427,637,8,6,2,8
72,9,moe,820,33,3435,5214,2440,1926,364,0,0,1295,763,8,6,2,8
72,10,moe,751,37,8,0,0,0,0,0,8,0,647,8,8,0,8
72,11,moe,683,28,3352,2454,2360,2342,370,0,0,1720,640,8,5,3,8
72,12,moe,746,33,3522,5834,2547,1892,420,0,0,1337,1322,8,6,2,8
72,13,moe,819,35,1947,2872,1557,826,50,0,0,486,640,8,7,1,8
72,14,moe,742,32,2501,3459,1939,1535,103,0,0,1076,649,8,6,2,8
72,15,moe,676,30,4165,5284,2710,2806,425,0,0,1776,762,8,5,3,8
72,16,moe,745,31,2827,5191,2150,1610,106,0,0,1039,639,8,6,2,8
72,17,moe,818,34,1789,2295,1449,770,230,0,0,660,644,8,7,1,8
72,18,moe,757,31,2256,2764,1612,996,263,0,0,615,768,8,7,1,8
72,19,moe,676,30,3000,4863,2277,1603,285,0,0,1165,641,8,6,2,8
72,20,moe,744,29,2590,2370,1972,1550,278,0,0,1210,639,8,6,2,8
72,21,moe,825,31,3556,2761,2172,2785,187,0,0,1588,767,8,5,3,8
72,22,moe,820,31,1961,2334,1502,851,216,0,0,608,642,8,7,1,8
72,23,moe,676,28,2294,1211,1321,1903,121,0,0,1051,766,8,6,2,8
72,24,moe,824,34,2962,3156,2078,1858,121,0,0,1095,664,8,6,2,8
72,25,moe,723,30,5308,4917,3508,3716,734,1,0,2651,755,8,4,4,8
72,26,moe,674,28,4755,5111,3122,3649,241,0,0,2257,764,8,4,4,8
72,-1,epi,0,0,0,0,0,0,0,0,5874,0,0,0,0,0,0
73,-2,pre,2396,0,0,0,0,0,0,0,0,0,0,0,0,0,0
73,0,dense,1363,41,0,0,0,0,0,0,0,0,0,0,0,0,0
73,1,moe,833,36,7277,20101,5343,3599,871,0,0,2536,760,8,4,4,8
73,2,moe,741,34,4670,5534,3221,2670,878,0,0,2099,658,8,5,3,8
73,3,moe,619,41,3871,5070,2593,2835,187,0,0,1744,752,8,5,3,8
73,4,moe,740,38,2753,4756,2079,1597,102,0,0,1025,639,8,6,2,8
73,5,moe,811,35,9,0,0,0,0,0,9,0,632,8,8,0,8
73,6,moe,747,36,9,0,0,0,0,0,9,0,762,8,8,0,8
73,7,moe,684,32,1650,2409,1361,780,51,0,0,542,641,8,7,1,8
73,8,moe,750,35,3063,4872,2432,1547,412,0,0,1328,645,8,6,2,8
73,9,moe,827,33,2265,2549,1644,1000,295,0,0,674,780,8,7,1,8
73,10,moe,758,37,3538,5375,2512,2397,314,0,0,1685,617,8,5,3,8
73,11,moe,620,46,2878,4913,2261,1653,118,0,0,1154,613,8,6,2,8
73,12,moe,819,38,2638,2431,1832,1018,790,1,0,1003,769,8,7,1,8
73,13,moe,864,40,1730,2226,1321,865,51,0,0,507,640,8,7,1,8
73,14,moe,785,36,3745,7152,2875,2341,171,0,0,1642,654,8,5,3,8
73,15,moe,713,35,2695,2859,1718,1895,121,0,0,1039,792,8,6,2,8
73,16,moe,775,44,1735,2069,1327,856,52,0,0,500,649,8,7,1,8
73,17,moe,860,37,8,0,0,0,0,0,8,0,724,8,8,0,8
73,18,moe,803,34,4231,5007,2727,2843,413,0,0,1752,795,8,5,3,8
73,19,moe,694,39,3481,4416,2520,2450,156,0,0,1645,670,8,5,3,8
73,20,moe,755,35,2656,4828,2098,1541,107,0,0,1090,646,8,6,2,8
73,21,moe,871,36,4153,8429,2738,2869,188,0,0,1642,765,8,5,3,8
73,22,moe,839,36,3660,4553,2617,2397,334,0,0,1688,650,8,5,3,8
73,23,moe,674,34,4385,8865,2932,2900,192,0,0,1639,677,8,5,3,8
73,24,moe,720,42,5224,8979,3530,3775,253,0,0,2334,726,8,4,4,8
73,25,moe,786,38,3988,5695,2737,2750,174,0,0,1673,774,8,5,3,8
73,26,moe,673,34,1590,2242,1167,905,65,0,0,547,761,8,7,1,8
73,-1,epi,0,0,0,0,0,0,0,0,5647,0,0,0,0,0,0
74,-2,pre,44,0,0,0,0,0,0,0,0,0,0,0,0,0,0
74,0,dense,1290,42,0,0,0,0,0,0,0,0,0,0,0,0,0
74,1,moe,734,42,2012,2561,1491,926,261,0,0,666,733,8,7,1,8
74,2,moe,732,38,1145,511,716,916,58,0,0,545,732,8,7,1,8
74,3,moe,688,33,1877,2614,1462,897,58,0,0,540,767,8,7,1,8
74,4,moe,752,35,2891,4934,2197,1614,107,0,0,1027,653,8,6,2,8
74,5,moe,829,36,10,0,0,0,0,0,10,0,654,8,8,0,8
74,6,moe,679,37,2108,2349,1492,1080,72,0,0,536,659,8,7,1,8
74,7,moe,603,37,12,0,0,0,0,0,12,0,554,8,8,0,8
74,8,moe,748,34,1756,2241,1352,855,48,0,0,499,651,8,7,1,8
74,9,moe,831,37,2020,2599,1457,1001,60,0,0,498,765,8,7,1,8
74,10,moe,758,34,9,0,0,0,0,0,9,0,642,8,8,0,8
74,11,moe,696,37,8,0,0,0,0,0,8,0,653,8,8,0,8
74,12,moe,762,34,2321,1547,1489,1803,115,0,0,1086,775,8,6,2,8
74,13,moe,834,35,1817,2311,1389,861,51,0,0,484,642,8,7,1,8
74,14,moe,747,33,3436,4724,2599,2319,159,0,0,1641,646,8,5,3,8
74,15,moe,686,32,3218,5362,2230,1942,124,0,0,1078,763,8,6,2,8
74,16,moe,758,33,3558,5186,2610,2393,169,0,0,1614,646,8,5,3,8
74,17,moe,828,37,2746,4764,2188,1539,107,0,0,1088,646,8,6,2,8
74,18,moe,747,33,3148,5242,2180,1902,126,0,0,1060,768,8,6,2,8
74,19,moe,682,37,3763,7177,2821,2433,169,0,0,1660,645,8,5,3,8
74,20,moe,755,33,2385,2500,1813,1547,101,0,0,1076,642,8,6,2,8
74,21,moe,823,34,3684,2818,2239,2860,186,0,0,1601,666,8,5,3,8
74,22,moe,729,36,3995,5402,2999,2508,327,0,0,1839,637,8,5,3,8
74,23,moe,677,33,3396,5562,2431,1906,137,0,0,1078,762,8,6,2,8
74,24,moe,828,36,2881,3036,1920,1855,233,0,0,1127,662,8,6,2,8
74,25,moe,721,36,1203,512,756,958,63,1,0,575,655,8,7,1,8
74,26,moe,617,37,2325,1407,1479,1831,119,0,0,1104,724,8,6,2,8
74,-1,epi,0,0,0,0,0,0,0,0,6117,0,0,0,0,0,0
75,-2,pre,51,0,0,0,0,0,0,0,0,0,0,0,0,0,0
75,0,dense,1299,40,0,0,0,0,0,0,0,0,0,0,0,0,0
75,1,moe,732,35,3248,2934,2198,1925,531,0,0,1406,769,8,6,2,8
75,2,moe,756,35,9,0,0,0,0,0,9,0,784,8,8,0,8
75,3,moe,704,36,9,0,0,0,0,0,9,0,788,8,8,0,8
75,4,moe,725,35,8,0,0,0,0,0,8,0,558,8,8,0,8
75,5,moe,729,38,2002,2356,1465,936,235,0,0,634,574,8,7,1,8
75,6,moe,716,35,9,0,0,0,0,0,9,0,775,8,8,0,8
75,7,moe,696,35,1632,2394,1344,780,51,0,0,543,650,8,7,1,8
75,8,moe,762,37,1329,459,879,764,379,0,0,693,655,8,7,1,8
75,9,moe,839,39,9,0,0,0,0,0,9,0,785,8,8,0,8
75,10,moe,767,34,8,0,0,0,0,0,8,0,571,8,8,0,8
75,11,moe,618,34,2519,2900,1913,1649,111,0,0,1154,563,8,6,2,8
75,12,moe,683,37,13,0,0,0,0,0,13,0,657,8,8,0,8
75,13,moe,727,35,3773,7758,2898,2488,173,0,0,1786,654,8,5,3,8
75,14,moe,743,37,8,0,0,0,0,0,8,0,645,8,8,0,8
75,15,moe,689,34,8,0,0,0,0,0,8,0,771,8,8,0,8
75,16,moe,763,35,3934,7272,3000,2351,370,0,0,1787,1059,8,5,3,8
75,17,moe,731,42,3356,3213,2465,2462,166,0,0,1737,624,8,5,3,8
75,18,moe,749,36,2178,2674,1493,1018,272,0,0,605,774,8,7,1,8
75,19,moe,683,31,3376,2370,2354,2411,340,0,0,1729,638,8,5,3,8
75,20,moe,747,34,1655,2175,1364,786,51,0,0,546,642,8,7,1,8
75,21,moe,829,35,2973,2815,1943,1972,125,0,0,1067,662,8,6,2,8
75,22,moe,721,35,19,0,0,0,0,0,19,0,553,8,8,0,8
75,23,moe,603,32,2873,4850,2051,1794,123,0,0,1095,769,8,6,2,8
75,24,moe,823,34,1891,2793,1462,902,59,1,0,533,772,8,7,1,8
75,25,moe,823,34,5024,10898,3377,3657,258,0,0,2268,765,8,4,4,8
75,26,moe,680,34,2696,2701,1882,1776,118,0,0,1080,770,8,6,2,8
75,-1,epi,0,0,0,0,0,0,0,0,5340,0,0,0,0,0,0
76,-2,pre,41,0,0,0,0,0,0,0,0,0,0,0,0,0,0
76,0,dense,1308,41,0,0,0,0,0,0,0,0,0,0,0,0,0
76,1,moe,735,37,9,0,0,0,0,0,9,0,661,8,8,0,8
76,2,moe,681,36,2024,3101,1574,957,65,0,0,572,679,8,7,1,8
76,3,moe,665,35,8,0,0,0,0,0,8,0,741,8,8,0,8
76,4,moe,740,37,2686,2569,1956,1669,105,0,0,1044,563,8,6,2,8
76,5,moe,726,36,1718,2208,1357,823,211,0,0,673,568,8,7,1,8
76,6,moe,672,33,8,0,0,0,0,0,8,0,760,8,8,0,8
76,7,moe,689,44,8,0,0,0,0,0,8,0,646,8,8,0,8
76,8,moe,756,29,8,0,0,0,0,0,8,0,649,8,8,0,8
76,9,moe,840,34,3815,5204,2535,2018,552,0,0,1290,659,8,6,2,8
76,10,moe,712,31,2498,2271,1806,1624,103,0,0,1035,645,8,6,2,8
76,11,moe,680,28,8,0,0,0,0,0,8,0,647,8,8,0,8
76,12,moe,679,30,11,0,0,0,0,0,11,0,651,8,8,0,8
76,13,moe,724,32,3017,4989,2430,1634,106,0,0,1153,646,8,6,2,8
76,14,moe,745,28,9,0,0,0,0,0,9,0,653,8,8,0,8
76,15,moe,689,28,3229,5156,2182,1999,129,0,0,1081,660,8,6,2,8
76,16,moe,670,31,2709,2357,1971,1743,103,0,0,1108,559,8,6,2,8
76,17,moe,720,30,1739,2449,1432,822,56,0,0,571,566,8,7,1,8
76,18,moe,727,29,8,0,0,0,0,0,8,0,765,8,8,0,8
76,19,moe,692,27,2323,2238,1767,1533,99,0,0,1076,652,8,6,2,8
76,20,moe,751,32,1001,470,716,771,49,0,0,535,642,8,7,1,8
76,21,moe,822,30,12,0,0,0,0,0,12,0,766,8,8,0,8
76,22,moe,787,32,2858,5116,2260,1645,110,0,0,1157,559,8,6,2,8
76,23,moe,604,30,4019,4963,2605,2853,183,0,0,1622,766,8,5,3,8
76,24,moe,817,29,4892,5346,3127,3626,469,0,0,2330,665,8,4,4,8
76,25,moe,735,30,2320,1179,1432,1913,127,0,0,1152,658,8,6,2,8
76,26,moe,671,32,5255,8648,3553,3723,268,0,0,2289,663,8,4,4,8
76,-1,epi,0,0,0,0,0,0,0,0,4743,0,0,0,0,0,0
77,-2,pre,213,0,0,0,0,0,0,0,0,0,0,0,0,0,0
77,0,dense,1268,36,0,0,0,0,0,0,0,0,0,0,0,0,0
77,1,moe,723,33,12,0,0,0,0,0,12,0,659,8,8,0,8
77,2,moe,678,35,1787,2391,1326,967,61,0,0,567,659,8,7,1,8
77,3,moe,606,30,1940,2698,1524,905,60,0,0,549,768,8,7,1,8
77,4,moe,747,30,9,0,0,0,0,0,9,0,655,8,8,0,8
77,5,moe,834,33,9,0,0,0,0,0,9,0,656,8,8,0,8
77,6,moe,682,32,2519,2768,1854,955,609,0,0,899,658,8,7,1,8
77,7,moe,613,32,1781,2325,1351,880,57,0,0,507,560,8,7,1,8
77,8,moe,676,31,3002,4819,2424,1602,244,0,0,1268,640,8,6,2,8
77,9,moe,820,31,3071,3011,1967,1935,328,1,0,1160,661,8,6,2,8
77,10,moe,687,32,2855,2408,2069,1725,276,0,0,1215,638,8,6,2,8
77,11,moe,668,28,2792,4859,2235,1538,114,0,0,1095,642,8,6,2,8
77,12,moe,684,32,3256,5194,2227,2028,131,0,0,1130,665,8,6,2,8
77,13,moe,809,29,3992,6579,2954,2409,368,0,0,1739,599,8,5,3,8
77,14,moe,675,32,2909,4629,2309,1642,112,0,0,1154,563,8,6,2,8
77,15,moe,642,30,3845,5419,2463,2847,195,0,0,1660,756,8,5,3,8
77,16,moe,745,30,3266,6326,2577,1622,106,0,0,1039,643,8,6,2,8
77,17,moe,820,33,1626,2265,1336,779,52,0,0,541,635,8,7,1,8
77,18,moe,748,31,4835,5090,3049,3698,242,0,0,2154,765,8,4,4,8
77,19,moe,674,33,1163,451,731,884,54,0,0,506,610,8,7,1,8
77,20,moe,721,31,1790,2347,1437,796,238,0,0,681,636,8,7,1,8
77,21,moe,819,31,2128,2811,1557,1001,60,0,0,490,801,8,7,1,8
77,22,moe,805,34,1176,466,738,895,55,0,0,512,615,8,7,1,8
77,23,moe,655,29,2037,2639,1439,1058,66,0,0,526,652,8,7,1,8
77,24,moe,725,32,4406,8612,3153,2872,196,0,0,1815,762,8,5,3,8
77,25,moe,811,32,3530,2724,2210,2777,188,0,0,1645,663,8,5,3,8
77,26,moe,608,30,1970,2696,1527,958,61,0,0,576,732,8,7,1,8
77,-1,epi,0,0,0,0,0,0,0,0,5783,0,0,0,0,0,0
78,-2,pre,45,0,0,0,0,0,0,0,0,0,0,0,0,0,0
78,0,dense,1297,33,0,0,0,0,0,0,0,0,0,0,0,0,0
78,1,moe,727,31,1911,2591,1488,904,58,0,0,539,768,8,7,1,8
78,2,moe,760,32,9,0,0,0,0,0,9,0,774,8,8,0,8
78,3,moe,701,34,1154,513,730,911,61,0,0,548,769,8,7,1,8
78,4,moe,759,34,3022,4828,2266,1653,271,0,0,1168,558,8,6,2,8
78,5,moe,731,35,3019,5263,2416,1639,123,0,0,1159,563,8,6,2,8
78,6,moe,672,31,10,0,0,0,0,0,10,0,655,8,8,0,8
78,7,moe,614,32,2362,2290,1763,1641,110,1,0,1153,609,8,6,2,8
78,8,moe,721,31,8,0,0,0,0,0,8,0,609,8,8,0,8
78,9,moe,796,30,13,0,0,0,0,0,13,0,743,8,8,0,8
78,10,moe,730,29,1778,2275,1473,823,54,0,0,572,559,8,7,1,8
78,11,moe,589,29,9,0,0,0,0,0,9,0,557,8,8,0,8
78,12,moe,680,29,1969,2353,1383,1027,58,0,0,499,766,8,7,1,8
78,13,moe,819,36,9,0,0,0,0,0,9,0,645,8,8,0,8
78,14,moe,750,29,1810,2531,1386,860,52,0,0,488,654,8,7,1,8
78,15,moe,701,33,8,0,0,0,0,0,8,0,781,8,8,0,8
78,16,moe,763,28,9,0,0,0,0,0,9,0,657,8,8,0,8
78,17,moe,809,29,8,0,0,0,0,0,8,0,637,8,8,0,8
78,18,moe,736,31,1348,501,738,1048,59,0,0,497,744,8,7,1,8
78,19,moe,609,29,3138,5235,2430,1703,107,0,0,1102,557,8,6,2,8
78,20,moe,684,30,1594,2196,1300,794,51,0,0,551,633,8,7,1,8
78,21,moe,792,30,2116,2607,1536,1025,61,0,0,506,761,8,7,1,8
78,22,moe,817,30,6008,12501,4403,4188,289,0,0,2872,566,8,3,5,8
78,23,moe,602,30,5575,8616,3633,3828,515,0,0,2401,658,8,4,4,8
78,24,moe,723,34,4105,5295,2815,2892,194,0,0,1796,764,8,5,3,8
78,25,moe,814,235,9,0,0,0,0,0,9,0,802,8,8,0,8
78,26,moe,690,33,2216,1153,1364,1839,129,0,0,1116,728,8,6,2,8
78,-1,epi,0,0,0,0,0,0,0,0,5263,0,0,0,0,0,0
79,-2,pre,41,0,0,0,0,0,0,0,0,0,0,0,0,0,0
79,0,dense,1273,39,0,0,0,0,0,0,0,0,0,0,0,0,0
79,1,moe,739,36,4945,3718,3165,3850,260,0,0,2330,661,8,4,4,8
79,2,moe,675,37,4413,9282,3175,2869,392,0,0,2023,764,8,5,3,8
79,3,moe,684,33,5322,7860,3473,3810,488,0,0,2449,660,8,4,4,8
79,4,moe,685,35,3388,2426,2353,2545,159,0,0,1669,562,8,5,3,8
79,5,moe,719,35,1615,2428,1328,780,51,0,0,544,637,8,7,1,8
79,6,moe,737,35,2042,2620,1463,1002,66,0,0,489,762,8,7,1,8
79,7,moe,682,31,12,0,0,0,0,0,12,0,640,8,8,0,8
79,8,moe,747,34,2564,2545,1854,1615,104,0,0,1009,651,8,6,2,8
79,9,moe,824,35,4012,5538,2531,2930,193,0,0,1642,657,8,5,3,8
79,10,moe,675,36,2448,1398,1663,1726,297,0,0,1238,640,8,6,2,8
79,11,moe,685,33,1013,432,721,779,52,0,0,539,642,8,7,1,8
79,12,moe,751,34,3486,6097,2516,1903,121,0,0,1054,759,8,6,2,8
79,13,moe,815,35,9,0,0,0,0,0,9,0,658,8,8,0,8
79,14,moe,751,33,3787,7488,2823,2484,164,0,0,1684,561,8,5,3,8
79,15,moe,608,71,4407,8685,2986,2929,184,0,0,1692,756,8,5,3,8
79,16,moe,737,34,5550,7479,3949,4135,323,0,0,2857,563,8,3,5,8
79,17,moe,720,35,5046,5417,3663,3918,275,0,0,2810,625,8,3,5,8
79,18,moe,682,36,6281,10934,4087,4798,334,0,0,2938,758,8,3,5,8
79,19,moe,679,33,5935,4682,4148,4760,314,0,0,3287,585,8,2,6,8
79,20,moe,668,36,5362,7535,3925,4122,306,0,0,2991,607,8,3,5,8
79,21,moe,790,43,5742,5539,3546,4637,299,0,0,2740,754,8,3,5,8
79,22,moe,799,38,5588,9834,3989,4095,279,0,0,2775,564,8,3,5,8
79,23,moe,606,33,6736,4215,4128,5722,395,0,0,3509,755,8,2,6,8
79,24,moe,718,36,6541,14182,4509,4673,321,0,0,2962,757,8,3,5,8
79,25,moe,817,39,8387,13908,5532,6353,463,0,0,3961,756,8,1,7,8
79,26,moe,679,34,7115,11371,4557,5500,391,0,0,3333,664,8,2,6,8
79,-1,epi,0,0,0,0,0,0,0,0,5222,0,0,0,0,0,0
80,-2,pre,67,0,0,0,0,0,0,0,0,0,0,0,0,0,0
80,0,dense,1491,40,0,0,0,0,0,0,0,0,0,0,0,0,0
80,1,moe,843,36,4492,3581,2830,3702,244,0,0,2284,668,8,4,4,8
80,2,moe,690,40,3196,2842,2222,1911,335,0,0,1272,661,8,6,2,8
80,3,moe,619,39,2851,2571,1966,1911,125,0,0,1151,654,8,6,2,8
80,4,moe,728,34,2728,2905,1951,1640,270,0,0,1133,639,8,6,2,8
80,5,moe,811,36,1013,458,726,776,51,0,0,540,666,8,7,1,8
80,6,moe,736,34,1974,2588,1378,1031,76,0,0,511,758,8,7,1,8
80,7,moe,684,36,1759,2296,1352,857,55,0,0,505,639,8,7,1,8
80,8,moe,740,33,12,0,0,0,0,0,12,0,637,8,8,0,8
80,9,moe,819,33,2362,1149,1355,1924,121,0,0,1038,764,8,6,2,8
80,10,moe,749,38,1180,478,766,884,55,0,0,525,557,8,7,1,8
80,11,moe,612,35,2912,4967,2354,1638,110,0,0,1190,676,8,6,2,8
80,12,moe,763,36,2282,1150,1317,1877,119,0,0,1031,759,8,6,2,8
80,13,moe,820,34,2539,2570,1864,1608,99,0,0,1032,653,8,6,2,8
80,14,moe,746,35,4101,7631,3275,2345,165,0,0,1684,643,8,5,3,8
80,15,moe,680,32,4684,3369,2826,3804,250,0,0,2196,655,8,4,4,8
80,16,moe,676,42,2341,1032,1551,1725,297,0,0,1232,582,8,6,2,8
80,17,moe,810,36,3522,4955,2682,2304,152,0,0,1616,603,8,5,3,8
80,18,moe,673,36,3277,5334,2236,2020,129,0,0,1108,654,8,6,2,8
80,19,moe,678,36,4369,5698,3119,3177,207,0,0,2134,598,8,4,4,8
80,20,moe,714,36,1682,2376,1387,796,51,0,0,552,602,8,7,1,8
80,21,moe,785,37,4753,5835,2973,3735,245,0,0,2200,761,8,4,4,8
80,22,moe,811,35,1704,2131,1281,865,50,0,0,492,638,8,7,1,8
80,23,moe,2343,34,3279,5251,2297,1905,123,0,0,1046,758,8,6,2,8
80,24,moe,816,36,2186,1156,1337,1801,128,0,0,1080,761,8,6,2,8
80,25,moe,822,37,5708,6324,3579,4668,321,0,0,2860,656,8,3,5,8
80,26,moe,606,36,3424,2057,2158,2828,190,0,0,1752,754,8,5,3,8
80,-1,epi,0,0,0,0,0,0,0,0,6125,0,0,0,0,0,0
81,-2,pre,49,0,0,0,0,0,0,0,0,0,0,0,0,0,0
81,0,dense,1148,37,0,0,0,0,0,0,0,0,0,0,0,0,0
81,1,moe,762,37,4363,8106,3030,2986,203,0,0,1856,753,8,5,3,8
81,2,moe,750,34,3611,2666,2281,2691,399,0,0,1760,710,8,5,3,8
81,3,moe,606,37,6924,9723,4778,4615,411,0,0,2880,765,8,3,5,8
81,4,moe,739,34,3335,2586,2398,2366,151,0,0,1580,661,8,5,3,8
81,5,moe,794,37,1775,2200,1406,829,228,0,0,688,564,8,7,1,8
81,6,moe,668,35,8,0,0,0,0,0,8,0,646,8,8,0,8
81,7,moe,600,32,9,0,0,0,0,0,9,0,626,8,8,0,8
81,8,moe,752,37,1159,919,874,765,50,0,0,530,657,8,7,1,8
81,9,moe,827,35,1360,497,725,1058,62,0,0,485,653,8,7,1,8
81,10,moe,684,36,1890,2589,1466,892,55,0,0,523,559,8,7,1,8
81,11,moe,650,35,2382,2464,1819,1559,104,0,0,1100,647,8,6,2,8
81,12,moe,755,38,1334,501,733,1038,61,0,0,498,756,8,7,1,8
81,13,moe,831,37,3736,5654,2720,2472,348,0,0,1804,603,8,5,3,8
81,14,moe,716,35,2064,1376,1483,1586,101,0,0,1106,631,8,6,2,8
81,15,moe,680,31,4167,7882,2767,2894,207,0,0,1701,721,8,5,3,8
81,16,moe,719,35,3058,1664,2048,2542,167,0,0,1699,635,8,5,3,8
81,17,moe,808,37,3550,5246,2607,2346,386,0,0,1789,563,8,5,3,8
81,18,moe,673,39,4010,5510,2597,2916,191,0,0,1694,761,8,5,3,8
81,19,moe,671,36,4168,2663,2817,3254,225,0,0,2128,567,8,4,4,8
81,20,moe,676,36,5133,5509,3746,3905,295,0,0,2813,656,8,3,5,8
81,21,moe,807,37,4345,5446,2871,2966,188,0,0,1680,654,8,5,3,8
81,22,moe,799,36,4075,2776,2812,3182,211,0,0,2130,645,8,4,4,8
81,23,moe,11796,36,6031,10491,3810,4622,313,0,0,2714,752,8,3,5,8
81,24,moe,813,35,4620,3503,2984,3550,233,0,0,2147,658,8,4,4,8
81,25,moe,717,36,5548,3388,3500,4770,311,0,0,3033,751,8,3,5,8
81,26,moe,673,34,5496,4085,3466,4622,312,0,0,2904,751,8,3,5,8
81,-1,epi,0,0,0,0,0,0,0,0,6046,0,0,0,0,0,0
82,-2,pre,41,0,0,0,0,0,0,0,0,0,0,0,0,0,0
82,0,dense,1526,38,0,0,0,0,0,0,0,0,0,0,0,0,0
82,1,moe,837,35,2816,2829,1922,1793,252,0,0,1151,761,8,6,2,8
82,2,moe,752,29,2959,5122,2144,1825,119,0,0,1129,762,8,6,2,8
82,3,moe,681,29,3435,2682,2213,2690,177,0,0,1645,758,8,5,3,8
82,4,moe,742,29,4141,3445,2889,3213,206,0,0,2167,640,8,4,4,8
82,5,moe,810,31,2706,5001,2151,1540,107,0,0,1092,641,8,6,2,8
82,6,moe,742,30,9,0,0,0,0,0,9,0,758,8,8,0,8
82,7,moe,695,39,1542,2336,1255,782,53,0,0,548,643,8,7,1,8
82,8,moe,751,32,9,0,0,0,0,0,9,0,645,8,8,0,8
82,9,moe,821,31,13,0,0,0,0,0,13,0,770,8,8,0,8
82,10,moe,758,29,2463,2526,1903,1538,100,0,0,1078,643,8,6,2,8
82,11,moe,690,30,2370,2392,1816,1532,106,0,0,1084,647,8,6,2,8
82,12,moe,754,37,1302,496,727,994,60,0,0,479,770,8,7,1,8
82,13,moe,829,38,2109,1046,1355,1682,103,0,0,1031,656,8,6,2,8
82,14,moe,770,43,1016,456,728,778,53,0,0,543,650,8,7,1,8
82,15,moe,694,34,5894,10937,3536,4347,300,0,0,2289,775,8,4,4,8
82,16,moe,739,33,2648,2586,1960,1621,98,0,0,1031,639,8,6,2,8
82,17,moe,812,33,5569,12161,4142,3952,294,0,0,2819,615,8,3,5,8
82,18,moe,722,31,1935,2549,1355,1026,60,0,0,506,728,8,7,1,8
82,19,moe,676,31,1701,2289,1282,862,50,0,0,493,637,8,7,1,8
82,20,moe,750,34,1560,2150,1275,770,52,0,0,537,679,8,7,1,8
82,21,moe,812,31,3662,1964,2145,2845,385,0,0,1713,766,8,5,3,8
82,22,moe,817,32,3316,2578,2376,2378,150,0,0,1588,639,8,5,3,8
82,23,moe,687,30,2998,3174,2037,1881,119,0,0,1039,761,8,6,2,8
82,24,moe,819,30,1139,512,716,892,68,0,0,537,761,8,7,1,8
82,25,moe,828,30,3009,4929,2175,1831,148,0,0,1145,755,8,6,2,8
82,26,moe,686,31,3731,2922,2486,2691,190,0,0,1636,760,8,5,3,8
82,-1,epi,0,0,0,0,0,0,0,0,6014,0,0,0,0,0,0
83,-2,pre,214,0,0,0,0,0,0,0,0,0,0,0,0,0,0
83,0,dense,1267,32,0,0,0,0,0,0,0,0,0,0,0,0,0
83,1,moe,726,31,3111,5552,2115,1835,457,0,0,1296,770,8,6,2,8
83,2,moe,764,32,1807,2524,1370,907,68,0,0,538,656,8,7,1,8
83,3,moe,617,33,3975,5054,2667,2858,215,0,0,1765,765,8,5,3,8
83,4,moe,746,33,4941,9851,3545,3209,591,0,0,2404,602,8,4,4,8
83,5,moe,795,31,1540,2126,1250,802,53,0,0,565,640,8,7,1,8
83,6,moe,742,30,3628,5220,2517,1909,551,0,0,1349,659,8,6,2,8
83,7,moe,608,31,4822,7342,3521,3277,434,0,0,2410,643,8,4,4,8
83,8,moe,739,31,1610,2299,1328,771,49,0,0,538,636,8,7,1,8
83,9,moe,813,31,2023,2566,1467,998,57,0,0,499,763,8,7,1,8
83,10,moe,770,31,1855,2626,1443,856,51,0,0,495,640,8,7,1,8
83,11,moe,685,29,1652,2173,1362,783,51,0,0,544,641,8,7,1,8
83,12,moe,754,31,3309,5477,2318,1928,207,0,0,1144,756,8,6,2,8
83,13,moe,822,32,1761,2312,1354,848,52,0,0,493,638,8,7,1,8
83,14,moe,752,29,3591,5236,2746,2319,163,0,0,1637,641,8,5,3,8
83,15,moe,686,33,2425,1388,1446,1905,114,0,0,1040,762,8,6,2,8
83,16,moe,749,32,8,0,0,0,0,0,8,0,643,8,8,0,8
83,17,moe,826,32,2594,2454,1906,1603,99,0,0,1014,641,8,6,2,8
83,18,moe,757,35,3073,4930,2085,1906,129,0,0,1047,760,8,6,2,8
83,19,moe,679,29,4555,7321,3320,3194,220,1,0,2180,650,8,4,4,8
83,20,moe,744,31,2724,4839,2163,1573,108,0,0,1120,640,8,6,2,8
83,21,moe,836,29,2994,2741,1988,1930,117,0,0,1041,765,8,6,2,8
83,22,moe,819,32,2022,1153,1348,1602,108,0,0,1036,646,8,6,2,8
83,23,moe,688,28,2039,2372,1453,1040,61,0,0,515,728,8,7,1,8
83,24,moe,794,30,4296,5906,3071,2733,177,0,0,1685,760,8,5,3,8
83,25,moe,817,31,1148,502,728,902,60,0,0,542,775,8,7,1,8
83,26,moe,690,29,2148,1176,1335,1782,117,0,0,1086,766,8,6,2,8
83,-1,epi,0,0,0,0,0,0,0,0,6170,0,0,0,0,0,0
84,-2,pre,205,0,0,0,0,0,0,0,0,0,0,0,0,0,0
84,0,dense,1283,33,0,0,0,0,0,0,0,0,0,0,0,0,0
84,1,moe,735,35,1666,2328,1218,963,68,0,0,583,775,8,7,1,8
84,2,moe,764,31,1862,2740,1436,907,59,0,0,540,765,8,7,1,8
84,3,moe,716,34,3206,5177,2378,1815,126,0,0,1113,763,8,6,2,8
84,4,moe,752,31,3734,7583,2746,2403,164,0,0,1579,648,8,5,3,8
84,5,moe,825,31,1563,2331,1276,779,58,0,0,550,648,8,7,1,8
84,6,moe,748,29,3774,5131,2593,1879,681,0,0,1379,778,8,6,2,8
84,7,moe,688,30,3156,5137,2462,1613,99,1,0,1019,652,8,6,2,8
84,8,moe,749,29,1656,2253,1369,776,57,0,0,546,649,8,7,1,8
84,9,moe,835,32,3161,2868,2081,1888,344,0,0,1152,662,8,6,2,8
84,10,moe,672,32,4032,7821,3032,2556,168,0,0,1724,645,8,5,3,8
84,11,moe,682,31,2330,3078,1764,1549,106,0,0,1089,638,8,6,2,8
84,12,moe,747,30,1995,2459,1409,1023,60,0,0,497,763,8,7,1,8
84,13,moe,819,31,1780,2467,1369,851,52,0,0,492,642,8,7,1,8
84,14,moe,749,30,3548,4904,2721,2324,163,0,0,1660,665,8,5,3,8
84,15,moe,700,29,2010,2777,1443,1008,57,0,0,498,762,8,7,1,8
84,16,moe,752,36,1730,2301,1320,858,51,0,0,499,645,8,7,1,8
84,17,moe,828,32,1604,2250,1321,770,52,1,0,540,652,8,7,1,8
84,18,moe,750,34,3333,5359,2346,1901,121,0,0,1035,781,8,6,2,8
84,19,moe,685,30,4435,7696,3213,3138,218,0,0,2134,646,8,4,4,8
84,20,moe,782,35,3995,9478,3426,1554,101,0,0,1086,642,8,6,2,8
84,21,moe,813,33,6807,9201,4540,4705,317,0,0,2755,740,8,3,5,8
84,22,moe,793,37,2933,5020,2244,1654,110,0,0,1075,640,8,6,2,8
84,23,moe,686,33,3346,5410,2388,1948,119,0,0,1109,756,8,6,2,8
84,24,moe,827,37,4943,5664,3306,3605,253,0,0,2221,757,8,4,4,8
84,25,moe,812,34,3956,8402,2736,2682,194,0,0,1656,761,8,5,3,8
84,26,moe,678,33,2978,5180,2142,1810,124,0,0,1098,761,8,6,2,8
84,-1,epi,0,0,0,0,0,0,0,0,6021,0,0,0,0,0,0
85,-2,pre,222,0,0,0,0,0,0,0,0,0,0,0,0,0,0
85,0,dense,1267,41,0,0,0,0,0,0,0,0,0,0,0,0,0
85,1,moe,734,36,1715,2624,1272,964,68,0,0,589,785,8,7,1,8
85,2,moe,765,35,3013,5389,2188,1840,123,0,0,1138,671,8,6,2,8
85,3,moe,614,35,3916,5069,2608,2859,192,0,0,1743,763,8,5,3,8
85,4,moe,748,37,4869,8392,3566,3230,215,0,0,2142,606,8,4,4,8
85,5,moe,800,36,1181,933,890,791,51,0,0,551,636,8,7,1,8
85,6,moe,756,35,9,0,0,0,0,0,9,0,768,8,8,0,8
85,7,moe,696,33,1500,2186,1214,785,52,0,0,551,654,8,7,1,8
85,8,moe,756,40,1171,926,886,776,52,0,0,543,643,8,7,1,8
85,9,moe,826,34,12,0,0,0,0,0,12,0,770,8,8,0,8
85,10,moe,755,34,7,0,0,0,0,0,7,0,620,8,8,0,8
85,11,moe,665,34,8,0,0,0,0,0,8,0,640,8,8,0,8
85,12,moe,742,35,3348,5657,2369,1918,116,0,0,1055,773,8,6,2,8
85,13,moe,832,33,8,0,0,0,0,0,8,0,661,8,8,0,8
85,14,moe,756,34,3583,4694,2591,2428,166,0,0,1602,665,8,5,3,8
85,15,moe,674,35,2014,2514,1392,1083,64,0,0,525,658,8,7,1,8
85,16,moe,678,39,1724,2251,1307,881,53,0,0,517,645,8,7,1,8
85,17,moe,822,35,10,0,0,0,0,0,10,0,643,8,8,0,8
85,18,moe,759,34,9,0,0,0,0,0,9,0,769,8,8,0,8
85,19,moe,654,40,1658,2374,1353,826,52,0,0,573,558,8,7,1,8
85,20,moe,667,36,1671,2227,1372,817,54,0,0,572,650,8,7,1,8
85,21,moe,823,36,2813,2678,1818,1898,116,0,0,1019,768,8,6,2,8
85,22,moe,822,35,1714,2189,1286,864,53,0,0,489,646,8,7,1,8
85,23,moe,689,32,3161,5032,2159,1952,130,0,0,1080,728,8,6,2,8
85,24,moe,794,34,1936,2492,1521,892,57,0,0,534,777,8,7,1,8
85,25,moe,823,36,1809,2627,1387,902,59,0,0,539,770,8,7,1,8
85,26,moe,704,37,9,0,0,0,0,0,9,0,776,8,8,0,8
85,-1,epi,0,0,0,0,0,0,0,0,5428,0,0,0,0,0,0
86,-2,pre,37,0,0,0,0,0,0,0,0,0,0,0,0,0,0
86,0,dense,1282,42,0,0,0,0,0,0,0,0,0,0,0,0,0
86,1,moe,736,40,10,0,0,0,0,0,10,0,677,8,8,0,8
86,2,moe,682,36,3058,5018,2186,1933,124,0,0,1185,771,8,6,2,8
86,3,moe,697,34,8,0,0,0,0,0,8,0,776,8,8,0,8
86,4,moe,758,33,2577,2470,1885,1623,98,0,0,1029,654,8,6,2,8
86,5,moe,837,36,3045,2331,2145,2435,160,0,0,1695,563,8,5,3,8
86,6,moe,668,36,10,0,0,0,0,0,10,0,651,8,8,0,8
86,7,moe,602,37,1059,455,746,820,55,0,0,562,635,8,7,1,8
86,8,moe,762,37,9,0,0,0,0,0,9,0,662,8,8,0,8
86,9,moe,833,36,2185,2606,1491,1033,211,0,0,550,763,8,7,1,8
86,10,moe,754,36,12,0,0,0,0,0,12,0,659,8,8,0,8
86,11,moe,703,34,1753,2371,1337,853,50,0,0,487,652,8,7,1,8
86,12,moe,770,38,8,0,0,0,0,0,8,0,793,8,8,0,8
86,13,moe,836,35,1150,936,869,760,49,0,0,528,577,8,7,1,8
86,14,moe,694,40,1706,2456,1399,826,54,0,0,573,563,8,7,1,8
86,15,moe,605,36,2043,2676,1441,1016,59,0,0,473,768,8,7,1,8
86,16,moe,744,34,1718,2374,1308,848,49,0,0,487,589,8,7,1,8
86,17,moe,729,34,12,0,0,0,0,0,12,0,552,8,8,0,8
86,18,moe,680,35,2071,2620,1463,1067,61,0,0,520,758,8,7,1,8
86,19,moe,684,36,3543,4598,2558,2411,164,0,0,1590,589,8,5,3,8
86,20,moe,680,37,2126,1384,1530,1638,105,0,0,1147,564,8,6,2,8
86,21,moe,727,33,8,0,0,0,0,0,8,0,757,8,8,0,8
86,22,moe,839,37,2408,2901,1851,1529,99,0,0,1071,648,8,6,2,8
86,23,moe,662,34,3121,4859,2106,1951,134,0,0,1070,731,8,6,2,8
86,24,moe,798,36,3130,5649,2274,1853,130,0,0,1127,731,8,6,2,8
86,25,moe,811,38,1772,2560,1356,900,61,0,0,545,762,8,7,1,8
86,26,moe,693,33,1785,2475,1361,906,63,0,0,545,768,8,7,1,8
86,-1,epi,0,0,0,0,0,0,0,0,5655,0,0,0,0,0,0
87,-2,pre,37,0,0,0,0,0,0,0,0,0,0,0,0,0,0
87,0,dense,1273,40,0,0,0,0,0,0,0,0,0,0,0,0,0
87,1,moe,732,37,12,0,0,0,0,0,12,0,666,8,8,0,8
87,2,moe,676,35,10,0,0,0,0,0,10,0,655,8,8,0,8
87,3,moe,601,41,1221,506,773,960,62,0,0,574,660,8,7,1,8
87,4,moe,671,35,1903,2350,1445,904,55,0,0,501,559,8,7,1,8
87,5,moe,736,37,1618,2423,1332,795,52,0,0,561,647,8,7,1,8
87,6,moe,754,35,2024,2606,1448,1003,60,0,0,487,778,8,7,1,8
87,7,moe,608,34,13,0,0,0,0,0,13,0,550,8,8,0,8
87,8,moe,675,35,12,0,0,0,0,0,12,0,551,8,8,0,8
87,9,moe,730,39,2816,2919,1972,1850,121,0,0,1127,779,8,6,2,8
87,10,moe,778,36,9,0,0,0,0,0,9,0,657,8,8,0,8
87,11,moe,696,32,1909,2589,1471,893,56,0,0,511,562,8,7,1,8
87,12,moe,678,34,12,0,0,0,0,0,12,0,658,8,8,0,8
87,13,moe,740,35,1030,470,741,787,52,0,0,550,654,8,7,1,8
87,14,moe,767,40,9,0,0,0,0,0,9,0,671,8,8,0,8
87,15,moe,703,32,8,0,0,0,0,0,8,0,798,8,8,0,8
87,16,moe,696,35,1720,2459,1414,828,54,0,0,576,561,8,7,1,8
87,17,moe,726,246,1568,2130,1282,793,51,0,0,558,648,8,7,1,8
87,18,moe,758,35,1291,491,700,1009,56,0,0,474,775,8,7,1,8
87,19,moe,710,34,3571,5275,2858,1663,106,0,0,1056,614,8,6,2,8
87,20,moe,732,36,1692,2199,1388,823,53,0,0,572,557,8,7,1,8
87,21,moe,735,39,2024,2544,1418,1069,58,0,0,521,772,8,7,1,8
87,22,moe,815,33,8,0,0,0,0,0,8,0,650,8,8,0,8
87,23,moe,699,32,1885,2578,1463,907,58,0,0,543,770,8,7,1,8
87,24,moe,833,35,3988,5292,2667,2877,203,0,0,1759,662,8,5,3,8
87,25,moe,720,36,2313,1155,1421,1928,127,0,0,1163,669,8,6,2,8
87,26,moe,601,34,1814,2594,1368,957,64,0,0,575,656,8,7,1,8
87,-1,epi,0,0,0,0,0,0,0,0,5967,0,0,0,0,0,0
88,-2,pre,208,0,0,0,0,0,0,0,0,0,0,0,0,0,0
88,0,dense,1277,34,0,0,0,0,0,0,0,0,0,0,0,0,0
88,1,moe,734,36,3173,5212,2286,1937,131,0,0,1181,659,8,6,2,8
88,2,moe,676,32,4136,7871,2882,2809,191,0,0,1746,778,8,5,3,8
88,3,moe,685,29,2834,3611,1956,1876,124,0,0,1122,654,8,6,2,8
88,4,moe,665,32,12,0,0,0,0,0,12,0,549,8,8,0,8
88,5,moe,724,31,2651,2650,1898,1623,287,0,0,1157,647,8,6,2,8
88,6,moe,752,33,2086,2644,1507,1015,66,0,0,502,759,8,7,1,8
88,7,moe,681,28,2856,5088,2161,1632,103,0,0,1040,557,8,6,2,8
88,8,moe,679,31,4537,7731,3356,3288,224,0,0,2331,565,8,4,4,8
88,9,moe,728,33,4371,10112,3391,1907,125,0,0,1052,761,8,6,2,8
88,10,moe,741,32,2787,2423,2026,1647,278,0,0,1164,614,8,6,2,8
88,11,moe,649,30,2962,5014,2399,1578,105,0,0,1120,662,8,6,2,8
88,12,moe,744,31,5414,11033,3419,3840,470,0,0,2315,657,8,4,4,8
88,13,moe,727,33,3751,4779,2721,2404,336,0,0,1710,637,8,5,3,8
88,14,moe,738,31,2484,2410,1885,1644,107,0,0,1152,588,8,6,2,8
88,15,moe,608,31,3212,4998,2219,1970,132,0,0,1109,760,8,6,2,8
88,16,moe,736,31,3694,4905,2727,2400,160,0,0,1593,647,8,5,3,8
88,17,moe,817,35,2700,4618,2144,1539,105,0,0,1088,669,8,6,2,8
88,18,moe,746,34,2015,2652,1432,1016,57,0,0,490,760,8,7,1,8
88,19,moe,692,33,2885,4701,2201,1639,106,0,0,1061,636,8,6,2,8
88,20,moe,748,36,4504,9714,3343,3154,227,0,0,2220,559,8,4,4,8
88,21,moe,726,35,3702,6229,2643,2037,131,0,0,1109,659,8,6,2,8
88,22,moe,735,37,3077,4460,2382,1677,109,0,0,1091,637,8,6,2,8
88,23,moe,678,31,5525,7002,3612,3887,270,0,0,2244,661,8,4,4,8
88,24,moe,722,34,1198,503,755,952,60,0,0,569,758,8,7,1,8
88,25,moe,808,32,5028,5907,3266,3840,248,0,0,2326,659,8,4,4,8
88,26,moe,629,32,4194,8239,2955,2878,191,0,0,1830,760,8,5,3,8
88,-1,epi,0,0,0,0,0,0,0,0,6162,0,0,0,0,0,0
89,-2,pre,65,0,0,0,0,0,0,0,0,0,0,0,0,0,0
89,0,dense,1268,37,0,0,0,0,0,0,0,0,0,0,0,0,0
89,1,moe,729,35,4091,7966,2858,2877,187,0,0,1831,776,8,5,3,8
89,2,moe,757,31,3027,5267,2184,1879,130,0,0,1166,769,8,6,2,8
89,3,moe,680,30,3617,2876,2284,2798,183,0,0,1648,665,8,5,3,8
89,4,moe,670,33,3317,2365,2280,2526,169,0,0,1658,562,8,5,3,8
89,5,moe,723,34,4031,8051,3139,2398,349,1,0,1856,650,8,5,3,8
89,6,moe,740,33,9,0,0,0,0,0,9,0,760,8,8,0,8
89,7,moe,675,31,5332,7581,3922,3947,271,0,0,2808,574,8,3,5,8
89,8,moe,674,35,3018,4854,2410,1656,110,0,0,1158,587,8,6,2,8
89,9,moe,821,39,2987,2687,1973,1922,118,0,0,1026,762,8,6,2,8
89,10,moe,673,36,3921,8453,3151,1776,107,0,0,1113,609,8,6,2,8
89,11,moe,677,32,3791,7739,2943,2362,169,0,0,1683,578,8,5,3,8
89,12,moe,685,32,5285,8554,3463,3956,263,0,0,2397,759,8,4,4,8
89,13,moe,813,31,2582,2440,1874,1642,104,0,0,1038,636,8,6,2,8
89,14,moe,740,31,1014,461,728,774,52,0,0,540,642,8,7,1,8
89,15,moe,682,27,3584,6155,2588,1923,120,0,0,1047,764,8,6,2,8
89,16,moe,711,34,5238,7257,3887,3454,231,0,0,2334,569,8,4,4,8
89,17,moe,716,34,1059,466,755,821,55,0,0,572,562,8,7,1,8
89,18,moe,678,35,2995,2748,1942,2022,127,0,0,1096,655,8,6,2,8
89,19,moe,608,32,3243,2424,2275,2410,154,0,0,1596,643,8,5,3,8
89,20,moe,736,31,1623,2330,1333,780,50,0,0,540,642,8,7,1,8
89,21,moe,823,34,3503,1873,2022,2956,185,0,0,1660,657,8,5,3,8
89,22,moe,722,33,2880,2932,2142,1727,110,0,0,1099,629,8,6,2,8
89,23,moe,681,29,1270,501,711,996,58,0,0,495,761,8,7,1,8
89,24,moe,824,33,4632,3659,2987,3618,234,0,0,2207,757,8,4,4,8
89,25,moe,816,31,2627,3496,1802,1801,127,0,0,1103,760,8,6,2,8
89,26,moe,683,31,4720,4975,3091,3684,246,0,0,2301,690,8,4,4,8
89,-1,epi,0,0,0,0,0,0,0,0,4717,0,0,0,0,0,0
90,-2,pre,200,0,0,0,0,0,0,0,0,0,0,0,0,0,0
90,0,dense,1265,37,0,0,0,0,0,0,0,0,0,0,0,0,0
90,1,moe,731,35,3874,5196,2654,2768,185,1,0,1734,778,8,5,3,8
90,2,moe,741,31,1880,2660,1454,906,60,0,0,540,763,8,7,1,8
90,3,moe,686,28,3395,2650,2126,2719,179,1,0,1630,656,8,5,3,8
90,4,moe,667,32,1883,2496,1450,884,54,0,0,505,559,8,7,1,8
90,5,moe,768,32,8,0,0,0,0,0,8,0,639,8,8,0,8
90,6,moe,741,30,9,0,0,0,0,0,9,0,788,8,8,0,8
90,7,moe,694,29,3424,5011,2593,2327,158,0,0,1654,659,8,5,3,8
90,8,moe,747,31,1879,2554,1530,786,225,0,0,662,646,8,7,1,8
90,9,moe,821,30,8,0,0,0,0,0,8,0,782,8,8,0,8
90,10,moe,755,28,2975,5593,2423,1529,103,0,0,1080,649,8,6,2,8
90,11,moe,688,30,4412,7496,3253,3077,393,0,0,2311,648,8,4,4,8
90,12,moe,767,34,4362,6176,2926,2842,179,0,0,1585,768,8,5,3,8
90,13,moe,773,32,1823,2292,1377,906,56,0,0,516,553,8,7,1,8
90,14,moe,667,257,1531,2120,1237,810,53,1,0,570,642,8,7,1,8
90,15,moe,681,33,4681,10646,3715,1907,119,0,0,1060,756,8,6,2,8
90,16,moe,741,35,3019,5293,2317,1648,104,0,0,1050,644,8,6,2,8
90,17,moe,812,36,1593,2217,1309,785,50,0,0,551,640,8,7,1,8
90,18,moe,742,34,3123,5200,2164,1884,125,0,0,1050,762,8,6,2,8
90,19,moe,688,36,4305,3693,3081,3145,202,0,0,2123,557,8,4,4,8
90,20,moe,668,38,4650,9918,3527,3271,235,0,0,2383,641,8,4,4,8
90,21,moe,811,38,5036,8373,3237,3713,259,0,0,2173,762,8,4,4,8
90,22,moe,813,36,6394,9684,4523,4780,329,0,0,3238,561,8,2,6,8
90,23,moe,609,46,2819,2758,1783,2014,128,0,0,1106,766,8,6,2,8
90,24,moe,813,37,4025,5232,2725,2760,192,0,0,1652,667,8,5,3,8
90,25,moe,719,37,9,0,0,0,0,0,9,0,649,8,8,0,8
90,26,moe,611,34,7569,11474,5005,5725,408,0,0,3569,657,8,2,6,8
90,-1,epi,0,0,0,0,0,0,0,0,5303,0,0,0,0,0,0
91,-2,pre,35,0,0,0,0,0,0,0,0,0,0,0,0,0,0
91,0,dense,1528,40,0,0,0,0,0,0,0,0,0,0,0,0,0
91,1,moe,769,38,4131,7836,2805,2908,198,0,0,1780,665,8,5,3,8
91,2,moe,677,40,3171,5318,2285,1919,132,0,0,1165,655,8,6,2,8
91,3,moe,678,34,4868,7720,3176,3655,255,0,0,2218,671,8,4,4,8
91,4,moe,678,37,3746,4904,2760,2495,160,0,0,1669,638,8,5,3,8
91,5,moe,811,36,1017,451,733,774,52,0,0,542,644,8,7,1,8
91,6,moe,746,36,9,0,0,0,0,0,9,0,764,8,8,0,8
91,7,moe,692,33,2297,2311,1724,1550,105,0,0,1082,658,8,6,2,8
91,8,moe,682,45,1677,2322,1371,822,54,0,0,570,556,8,7,1,8
91,9,moe,721,36,4677,8319,3250,2839,189,0,0,1601,766,8,5,3,8
91,10,moe,747,35,1157,463,721,871,49,0,0,484,638,8,7,1,8
91,11,moe,674,32,3062,2476,2220,2330,157,0,0,1645,639,8,5,3,8
91,12,moe,747,34,8,0,0,0,0,0,8,0,761,8,8,0,8
91,13,moe,825,37,1632,2375,1350,772,50,0,0,540,648,8,7,1,8
91,14,moe,749,32,1650,2167,1370,769,49,1,0,539,650,8,7,1,8
91,15,moe,693,31,1840,2469,1283,1005,61,0,0,509,761,8,7,1,8
91,16,moe,749,40,1683,2284,1277,843,51,0,0,488,646,8,7,1,8
91,17,moe,828,41,1901,1049,1345,1540,99,0,0,1083,626,8,6,2,8
91,18,moe,669,36,9,0,0,0,0,0,9,0,652,8,8,0,8
91,19,moe,608,35,2498,2396,1898,1641,106,0,0,1147,644,8,6,2,8
91,20,moe,747,34,2370,2321,1801,1557,104,0,0,1092,643,8,6,2,8
91,21,moe,828,41,1979,2560,1385,1051,62,0,0,519,764,8,7,1,8
91,22,moe,825,35,9,0,0,0,0,0,9,0,661,8,8,0,8
91,23,moe,659,34,1864,2450,1425,918,69,0,0,548,740,8,7,1,8
91,24,moe,796,34,4017,5975,2779,2780,197,0,0,1739,766,8,5,3,8
91,25,moe,822,34,8,0,0,0,0,0,8,0,730,8,8,0,8
91,26,moe,669,33,6306,8286,4102,4896,347,0,0,3039,660,8,3,5,8
91,-1,epi,0,0,0,0,0,0,0,0,5574,0,0,0,0,0,0
92,-2,pre,216,0,0,0,0,0,0,0,0,0,0,0,0,0,0
92,0,dense,1279,42,0,0,0,0,0,0,0,0,0,0,0,0,0
92,1,moe,725,38,3840,5523,2502,2909,206,0,0,1777,663,8,5,3,8
92,2,moe,682,37,1941,2662,1485,954,71,0,0,569,699,8,7,1,8
92,3,moe,692,34,5159,8311,3413,3816,296,0,0,2366,670,8,4,4,8
92,4,moe,676,37,2167,1025,1414,1720,114,0,0,1081,561,8,6,2,8
92,5,moe,725,35,13,0,0,0,0,0,13,0,553,8,8,0,8
92,6,moe,669,35,9,0,0,0,0,0,9,0,649,8,8,0,8
92,7,moe,606,47,2720,4802,2157,1538,111,0,0,1086,649,8,6,2,8
92,8,moe,742,36,8,0,0,0,0,0,8,0,639,8,8,0,8
92,9,moe,791,36,9,0,0,0,0,0,9,0,653,8,8,0,8
92,10,moe,666,35,2638,3049,2037,1640,112,0,0,1151,564,8,6,2,8
92,11,moe,613,37,4593,7841,3366,3415,252,0,0,2440,562,8,4,4,8
92,12,moe,680,41,3239,5050,2187,2026,131,0,0,1105,759,8,6,2,8
92,13,moe,811,34,1119,473,719,829,51,0,0,480,638,8,7,1,8
92,14,moe,747,32,3731,7340,2882,2339,167,0,0,1657,655,8,5,3,8
92,15,moe,691,36,4312,5329,2842,2961,192,0,0,1683,658,8,5,3,8
92,16,moe,732,33,2936,4686,2250,1615,106,0,0,1035,635,8,6,2,8
92,17,moe,797,35,2989,5067,2387,1655,109,0,0,1162,562,8,6,2,8
92,18,moe,668,36,3968,5491,2577,2802,184,0,0,1595,757,8,5,3,8
92,19,moe,668,34,5816,9459,4238,4164,282,0,0,2868,633,8,3,5,8
92,20,moe,739,38,1659,2291,1372,778,51,0,0,542,635,8,7,1,8
92,21,moe,815,37,4912,5843,3057,3797,251,0,0,2193,655,8,4,4,8
92,22,moe,719,44,3898,5035,2922,2482,166,0,0,1672,635,8,5,3,8
92,23,moe,671,33,1241,493,708,973,58,0,0,498,752,8,7,1,8
92,24,moe,815,33,3269,1887,2028,2764,180,0,0,1703,760,8,5,3,8
92,25,moe,740,44,1389,976,938,963,62,1,0,575,656,8,7,1,8
92,26,moe,610,34,2687,2829,1860,1846,123,0,0,1142,757,8,6,2,8
92,-1,epi,0,0,0,0,0,0,0,0,5433,0,0,0,0,0,0
93,-2,pre,209,0,0,0,0,0,0,0,0,0,0,0,0,0,0
93,0,dense,1276,41,0,0,0,0,0,0,0,0,0,0,0,0,0
93,1,moe,731,38,1200,508,755,957,62,0,0,574,664,8,7,1,8
93,2,moe,685,37,2136,2630,1612,953,263,1,0,693,759,8,7,1,8
93,3,moe,692,35,4297,8630,2977,2926,196,0,0,1802,660,8,5,3,8
93,4,moe,673,38,2302,1265,1539,1731,107,1,0,1076,642,8,6,2,8
93,5,moe,811,37,10,0,0,0,0,0,10,0,642,8,8,0,8
93,6,moe,751,44,8,0,0,0,0,0,8,0,776,8,8,0,8
93,7,moe,695,31,2702,4903,2113,1620,104,0,0,1135,624,8,6,2,8
93,8,moe,724,34,1606,2322,1320,781,49,0,0,544,650,8,7,1,8
93,9,moe,819,34,2117,2662,1515,1023,57,0,0,478,762,8,7,1,8
93,10,moe,756,32,8,0,0,0,0,0,8,0,645,8,8,0,8
93,11,moe,688,33,9,0,0,0,0,0,9,0,658,8,8,0,8
93,12,moe,802,36,5858,14951,4603,2715,194,0,0,1654,758,8,5,3,8
93,13,moe,812,35,1138,458,715,844,49,0,0,470,642,8,7,1,8
93,14,moe,744,31,3662,5736,2825,2320,171,0,0,1654,644,8,5,3,8
93,15,moe,683,33,3325,5703,2303,1959,127,0,0,1064,725,8,6,2,8
93,16,moe,723,34,3718,4879,2699,2380,348,0,0,1709,642,8,5,3,8
93,17,moe,797,34,2894,4816,2290,1647,112,0,0,1155,556,8,6,2,8
93,18,moe,676,34,3352,5590,2375,1894,122,0,0,1039,759,8,6,2,8
93,19,moe,679,44,4968,10062,3738,3160,209,1,0,2140,623,8,4,4,8
93,20,moe,678,41,2025,1048,1417,1651,110,0,0,1153,572,8,6,2,8
93,21,moe,718,39,4957,5329,3141,3797,261,0,0,2242,737,8,4,4,8
93,22,moe,721,37,5661,7883,4104,4152,277,0,0,2872,632,8,3,5,8
93,23,moe,678,34,5260,8020,3399,3783,253,0,0,2175,808,8,4,4,8
93,24,moe,792,35,3730,3023,2419,2862,182,0,0,1733,653,8,5,3,8
93,25,moe,795,39,4606,10442,3373,2711,178,0,0,1656,753,8,5,3,8
93,26,moe,679,29,4821,6151,3073,3718,258,0,0,2228,708,8,4,4,8
93,-1,epi,0,0,0,0,0,0,0,0,5631,0,0,0,0,0,0
94,-2,pre,221,0,0,0,0,0,0,0,0,0,0,0,0,0,0
94,0,dense,1453,35,0,0,0,0,0,0,0,0,0,0,0,0,0
94,1,moe,810,32,7698,17974,5657,4612,322,0,0,2893,687,8,3,5,8
94,2,moe,678,32,6424,13501,4383,4704,326,0,0,2989,761,8,3,5,8
94,3,moe,682,29,5079,10477,3444,3697,266,0,0,2328,764,8,4,4,8
94,4,moe,747,33,4948,10251,3608,3291,229,0,0,2180,568,8,4,4,8
94,5,moe,719,35,5724,12152,4282,3986,292,1,0,2837,670,8,3,5,8
94,6,moe,771,33,2094,2583,1489,1061,61,0,0,517,657,8,7,1,8
94,7,moe,629,32,4670,9997,3412,3195,225,0,0,2162,639,8,4,4,8
94,8,moe,740,32,4449,7433,3335,3107,228,0,0,2221,640,8,4,4,8
94,9,moe,810,33,5835,11707,3842,3802,702,0,0,2511,758,8,4,4,8
94,10,moe,739,32,5268,7874,3759,3992,273,0,0,2756,635,8,3,5,8
94,11,moe,682,28,3823,7543,2998,2345,158,0,0,1678,637,8,5,3,8
94,12,moe,740,31,5275,10622,3396,3836,265,0,0,2222,655,8,4,4,8
94,13,moe,720,32,3796,5164,2829,2487,165,0,0,1685,636,8,5,3,8
94,14,moe,735,31,4707,9466,3599,3166,226,0,0,2284,641,8,4,4,8
94,15,moe,682,29,5166,10594,3378,3746,267,0,0,2225,755,8,4,4,8
94,16,moe,746,30,4630,7295,3369,3251,226,0,0,2216,560,8,4,4,8
94,17,moe,717,32,5671,10541,4286,3967,274,1,0,2857,641,8,3,5,8
94,18,moe,736,32,4207,7780,2806,2817,196,0,0,1612,757,8,5,3,8
94,19,moe,689,30,4767,7785,3501,3289,240,0,0,2263,615,8,4,4,8
94,20,moe,742,30,1642,2240,1356,774,49,0,0,537,632,8,7,1,8
94,21,moe,812,29,7573,14402,4809,5660,391,0,0,3287,653,8,2,6,8
94,22,moe,724,30,5412,9901,3903,3965,273,0,0,2729,637,8,3,5,8
94,23,moe,672,29,4960,5500,3106,3810,261,0,0,2217,756,8,4,4,8
94,24,moe,813,31,6465,13110,4413,4592,326,0,0,2866,761,8,3,5,8
94,25,moe,800,31,5062,8192,3376,3695,277,1,0,2287,760,8,4,4,8
94,26,moe,682,28,6108,10861,4052,4584,322,0,0,2850,757,8,3,5,8
94,-1,epi,0,0,0,0,0,0,0,0,6123,0,0,0,0,0,0
95,-2,pre,207,0,0,0,0,0,0,0,0,0,0,0,0,0,0
95,0,dense,1268,36,0,0,0,0,0,0,0,0,0,0,0,0,0
95,1,moe,726,32,6228,13195,4188,4556,333,0,0,2849,772,8,3,5,8
95,2,moe,723,33,3645,7551,2791,1845,124,0,0,1115,733,8,6,2,8
95,3,moe,688,29,6311,15360,4240,4800,320,0,0,3049,765,8,3,5,8
95,4,moe,741,29,3040,5063,2313,1637,107,0,0,1017,639,8,6,2,8
95,5,moe,819,32,4033,10658,3196,2351,164,0,0,1678,643,8,5,3,8
95,6,moe,743,31,3737,6077,2632,1889,352,1,0,1137,794,8,6,2,8
95,7,moe,678,28,2769,4837,2095,1600,105,0,0,1031,665,8,6,2,8
95,8,moe,800,58,3912,6682,3058,2312,159,0,0,1617,642,8,5,3,8
95,9,moe,817,31,3923,6954,2490,2859,183,0,0,1609,759,8,5,3,8
95,10,moe,747,29,6317,15809,4775,4032,273,0,0,2763,656,8,3,5,8
95,11,moe,707,28,2481,2552,1923,1538,105,0,0,1085,653,8,6,2,8
95,12,moe,740,32,3253,5338,2184,1893,121,0,0,945,761,8,6,2,8
95,13,moe,818,30,2979,5439,2256,1618,104,0,0,999,609,8,6,2,8
95,14,moe,718,30,4333,7862,3229,3191,227,0,0,2314,648,8,4,4,8
95,15,moe,683,30,3824,5698,2420,2863,190,0,0,1649,758,8,5,3,8
95,16,moe,741,29,4574,8301,3313,3240,225,0,0,2204,668,8,4,4,8
95,17,moe,875,53,4214,9116,3381,2426,185,0,0,1778,647,8,5,3,8
95,18,moe,748,32,5507,11063,3499,3961,278,0,0,2231,925,8,4,4,8
95,19,moe,960,54,4478,9396,3498,2412,177,0,0,1609,682,8,5,3,8
95,20,moe,767,30,1034,449,724,795,57,0,0,542,642,8,7,1,8
95,21,moe,787,33,4711,6302,3242,3018,203,0,0,1752,760,8,5,3,8
95,22,moe,773,34,3173,5290,2439,1738,112,0,0,1116,665,8,6,2,8
95,23,moe,615,32,5102,8428,3246,3820,285,0,0,2249,817,8,4,4,8
95,24,moe,7251,33,5340,10716,3541,3651,587,0,0,2439,793,8,4,4,8
95,25,moe,857,74,5914,14825,4230,3611,248,0,0,2175,764,8,4,4,8
95,26,moe,663,32,6954,10995,4313,4975,796,1,0,3131,787,8,3,5,8
95,-1,epi,0,0,0,0,0,0,0,0,6134,0,0,0,0,0,0
96,-2,pre,207,0,0,0,0,0,0,0,0,0,0,0,0,0,0
96,0,dense,1273,36,0,0,0,0,0,0,0,0,0,0,0,0,0
96,1,moe,734,38,7565,14703,5083,5545,387,0,0,3450,663,8,2,6,8
96,2,moe,689,35,2888,3005,1996,1913,127,0,0,1148,760,8,6,2,8
96,3,moe,680,30,6305,14496,4675,3636,244,0,0,2250,763,8,4,4,8
96,4,moe,747,31,3459,5431,2491,2389,160,0,0,1581,644,8,5,3,8
96,5,moe,813,31,5833,11346,4429,4097,277,0,0,2970,640,8,3,5,8
96,6,moe,746,30,3334,5376,2276,1918,310,0,0,1170,2214,8,6,2,8
96,7,moe,738,51,4745,4938,3300,3184,817,0,0,2556,727,8,4,4,8
96,8,moe,739,29,2777,5003,2222,1535,109,0,0,1089,641,8,6,2,8
96,9,moe,843,34,7153,20275,5738,2789,179,0,0,1553,765,8,5,3,8
96,10,moe,743,34,1143,460,712,855,51,0,0,475,640,8,7,1,8
96,11,moe,680,35,3728,7896,2885,2345,162,0,0,1664,646,8,5,3,8
96,12,moe,789,59,6596,14400,4273,4760,339,0,0,2776,813,8,3,5,8
96,13,moe,876,65,5462,10593,4137,3237,226,0,0,2138,631,8,4,4,8
96,14,moe,690,39,1070,470,759,824,56,0,0,569,560,8,7,1,8
96,15,moe,599,35,2990,3035,1996,1913,117,0,0,1036,755,8,6,2,8
96,16,moe,750,38,6152,10894,4540,4116,305,0,0,2809,572,8,3,5,8
96,17,moe,732,41,4663,8464,3555,3272,252,0,0,2416,645,8,4,4,8
96,18,moe,743,36,3036,3066,2026,1909,121,0,0,1020,754,8,6,2,8
96,19,moe,684,36,2538,3295,1860,1605,115,0,0,1042,637,8,6,2,8
96,20,moe,743,35,2608,4748,2051,1570,103,0,0,1116,634,8,6,2,8
96,21,moe,816,38,5228,11356,3444,3714,266,0,0,2196,761,8,4,4,8
96,22,moe,812,36,1139,454,729,840,54,0,0,484,638,8,7,1,8
96,23,moe,681,34,1960,2321,1401,994,57,0,0,492,819,8,7,1,8
96,24,moe,883,50,3093,5694,2234,1796,130,0,0,1067,802,8,6,2,8
96,25,moe,11516,86,5078,12262,4252,1788,312,0,0,1274,752,8,6,2,8
96,26,moe,2365,94,3154,5604,2267,1808,302,0,0,1223,834,8,6,2,8
96,-1,epi,0,0,0,0,0,0,0,0,6096,0,0,0,0,0,0
97,-2,pre,207,0,0,0,0,0,0,0,0,0,0,0,0,0,0
97,0,dense,1508,41,0,0,0,0,0,0,0,0,0,0,0,0,0
97,1,moe,842,37,7267,6707,4806,5446,365,0,0,3350,710,8,2,6,8
97,2,moe,687,41,5197,10851,3532,3816,277,0,0,2428,771,8,4,4,8
97,3,moe,698,38,5994,9529,3945,4666,317,0,0,2934,771,8,3,5,8
97,4,moe,748,41,4685,8004,3374,3186,226,0,0,2101,648,8,4,4,8
97,5,moe,822,36,3558,7272,2719,2317,176,0,0,1654,644,8,5,3,8
97,6,moe,742,37,4052,5606,2861,1887,638,0,0,1334,1294,8,6,2,8
97,7,moe,684,35,5742,9735,4164,3156,1384,0,0,2962,654,8,4,4,8
97,8,moe,747,37,4262,7802,3273,2375,674,0,0,2060,755,8,5,3,8
97,9,moe,1290,43,4284,5739,2815,2790,388,0,0,1709,926,8,5,3,8
97,10,moe,1218,38,4997,7713,3625,3211,532,0,0,2371,754,8,4,4,8
97,11,moe,842,34,2675,4844,2121,1538,108,0,0,1092,684,8,6,2,8
97,12,moe,752,35,3137,2736,1958,1904,512,0,0,1237,763,8,6,2,8
97,13,moe,822,34,2589,2674,1893,1611,102,1,0,1018,649,8,6,2,8
97,14,moe,749,33,2389,2260,1787,1544,129,0,0,1071,640,8,6,2,8
97,15,moe,685,31,4485,2604,2699,3836,261,0,0,2311,764,8,4,4,8
97,16,moe,745,37,5317,11689,4057,3214,237,0,0,2191,644,8,4,4,8
97,17,moe,814,37,4170,5149,3066,3110,230,0,0,2236,662,8,4,4,8
97,18,moe,771,102,4269,8634,2812,2877,227,0,0,1647,804,8,5,3,8
97,19,moe,672,35,4933,3192,3424,3927,252,0,0,2670,638,8,3,5,8
97,20,moe,740,37,4006,7063,3171,2319,205,0,0,1689,653,8,5,3,8
97,21,moe,847,62,5735,14152,4310,2812,179,1,0,1567,773,8,5,3,8
97,22,moe,812,36,4056,6691,3328,1638,112,0,0,1022,639,8,6,2,8
97,23,moe,683,33,1955,2392,1336,1048,82,0,0,511,757,8,7,1,8
97,24,moe,832,35,6137,8806,4085,4598,394,0,0,2940,760,8,3,5,8
97,25,moe,839,35,1884,2494,1460,893,76,0,0,545,758,8,7,1,8
97,26,moe,683,33,7951,14390,5572,3657,3066,0,0,4344,1319,8,4,4,8
97,-1,epi,0,0,0,0,0,0,0,0,6114,0,0,0,0,0,0
98,-2,pre,145,0,0,0,0,0,0,0,0,0,0,0,0,0,0
98,0,dense,1514,42,0,0,0,0,0,0,0,0,0,0,0,0,0
98,1,moe,846,38,6111,11309,4050,4549,371,0,0,2859,795,8,3,5,8
98,2,moe,756,35,3856,5415,2541,2699,413,0,0,1797,769,8,5,3,8
98,3,moe,686,38,2149,1125,1331,1778,117,0,0,1077,767,8,6,2,8
98,4,moe,750,66,1893,2431,1399,889,52,0,0,447,650,8,7,1,8
98,5,moe,820,37,1569,2241,1278,774,50,0,0,533,642,8,7,1,8
98,6,moe,749,35,2492,2731,1706,1007,560,0,0,781,952,8,7,1,8
98,7,moe,689,34,6959,19000,6087,1624,605,0,0,1357,1122,8,6,2,8
98,8,moe,738,34,2072,2286,1632,771,508,0,0,839,1113,8,7,1,8
98,9,moe,814,34,1980,2587,1368,1028,69,0,0,485,3577,8,7,1,8
98,10,moe,742,37,2900,5140,2202,1616,107,0,0,1025,734,8,6,2,8
98,11,moe,680,34,997,461,717,767,50,0,0,537,739,8,7,1,8
98,12,moe,1183,36,5488,8383,3590,3835,481,0,0,2418,867,8,4,4,8
98,13,moe,822,35,3522,5333,2561,2407,185,0,0,1631,641,8,5,3,8
98,14,moe,749,33,4500,7429,3403,3147,223,0,0,2273,640,8,4,4,8
98,15,moe,681,34,5319,9322,3514,3803,329,0,0,2327,759,8,4,4,8
98,16,moe,747,37,6103,12542,4598,3912,286,0,0,2693,645,8,3,5,8
98,17,moe,811,39,5604,10143,4224,3989,301,0,0,2910,642,8,3,5,8
98,18,moe,752,40,7479,8915,4784,5660,589,0,0,3554,761,8,2,6,8
98,19,moe,682,33,4498,5261,3271,3156,246,0,0,2175,645,8,4,4,8
98,20,moe,743,38,4349,7342,3243,3135,233,0,0,2262,644,8,4,4,8
98,21,moe,815,35,5522,10725,3599,3741,525,0,0,2343,765,8,4,4,8
98,22,moe,815,38,2556,2553,1893,1593,99,0,0,1029,637,8,6,2,8
98,23,moe,750,37,3119,4773,2116,1945,153,0,0,1095,754,8,6,2,8
98,24,moe,819,36,5125,11350,3492,3640,272,0,0,2279,764,8,4,4,8
98,25,moe,815,35,3982,5351,2754,2734,193,0,0,1699,765,8,5,3,8
98,26,moe,7491,36,7537,13952,5247,4551,1376,0,0,3637,764,8,3,5,8
98,-1,epi,0,0,0,0,0,0,0,0,6109,0,0,0,0,0,0
99,-2,pre,203,0,0,0,0,0,0,0,0,0,0,0,0,0,0
99,0,dense,3839,38,0,0,0,0,0,0,0,0,0,0,0,0,0
99,1,moe,9239,41,6265,15977,4226,4608,323,1,0,2893,768,8,3,5,8
99,2,moe,9959,37,4634,5633,2988,3602,279,0,0,2235,760,8,4,4,8
99,3,moe,14360,35,5856,12369,4624,2681,177,0,0,1626,757,8,5,3,8
99,4,moe,7604,38,6921,12439,5091,4825,369,0,0,3364,629,8,2,6,8
99,5,moe,4063,39,5721,10381,4276,3960,559,0,0,3074,652,8,3,5,8
99,6,moe,9767,39,4444,5110,2740,1905,1527,0,0,1728,768,8,6,2,8
99,7,moe,11486,36,4632,6230,3714,1625,1424,0,0,2131,1126,8,6,2,8
99,8,moe,6460,44,3900,2376,2437,1531,1601,0,0,1669,762,8,6,2,8
99,9,moe,3396,39,5379,8184,3393,3704,578,1,0,2297,779,8,4,4,8
99,10,moe,762,39,11098,33919,9465,3977,527,0,0,2871,638,8,3,5,8
99,11,moe,675,35,5279,10262,4060,3130,939,0,0,2850,692,8,4,4,8
99,12,moe,737,36,6906,18326,5374,2826,407,0,0,1701,900,8,5,3,8
99,13,moe,1242,40,5919,12158,4389,4033,401,0,0,2904,682,8,3,5,8
99,14,moe,748,38,4468,9448,3330,3242,310,0,0,2414,637,8,4,4,8
99,15,moe,674,34,4379,8989,2907,2798,239,0,0,1565,766,8,5,3,8
99,16,moe,736,36,5573,12141,4005,3983,315,0,0,2730,643,8,3,5,8
99,17,moe,829,37,5834,9799,4287,3983,731,0,0,3167,643,8,3,5,8
99,18,moe,737,38,4262,7622,2806,2832,199,1,0,1576,756,8,5,3,8
99,19,moe,675,48,6213,5834,4414,4826,326,0,0,3353,660,8,2,6,8
99,20,moe,735,33,4504,10138,3387,3098,220,0,0,2201,645,8,4,4,8
99,21,moe,810,36,5286,7798,3461,3852,307,0,0,2334,753,8,4,4,8
99,22,moe,808,32,1805,2519,1395,839,56,1,0,486,630,8,7,1,8
99,23,moe,674,32,2868,2886,1893,1893,120,1,0,1039,753,8,6,2,8
99,24,moe,813,32,4809,7890,3147,3613,296,1,0,2248,755,8,4,4,8
99,25,moe,814,32,5623,12588,3826,3668,825,0,0,2696,768,8,4,4,8
99,26,moe,682,31,5792,8258,4031,2719,1949,0,0,2907,763,8,5,3,8
99,-1,epi,0,0,0,0,0,0,0,0,6090,0,0,0,0,0,0
100,-2,pre,198,0,0,0,0,0,0,0,0,0,0,0,0,0,0
100,0,dense,1504,34,0,0,0,0,0,0,0,0,0,0,0,0,0
100,1,moe,853,31,4853,7974,3207,3653,252,0,0,2259,768,8,4,4,8
100,2,moe,758,29,5371,11383,3657,3722,502,0,0,2510,763,8,4,4,8
100,3,moe,678,30,7847,20211,5793,4539,378,0,0,2863,772,8,3,5,8
100,4,moe,743,34,3784,7445,2799,2381,169,0,0,1565,640,8,5,3,8
100,5,moe,817,34,3691,7071,2805,2312,354,0,0,1780,642,8,5,3,8
100,6,moe,748,29,7726,12166,5260,3759,2771,0,0,4064,776,8,4,4,8
100,7,moe,678,32,8593,19678,6197,4866,2092,0,0,4562,649,8,2,6,8
100,8,moe,774,35,2979,2051,2108,779,1487,0,0,1395,642,8,7,1,8
100,9,moe,2210,33,4111,2789,2564,2783,508,0,0,1744,3132,8,5,3,8
100,10,moe,3976,33,6634,12412,4916,3151,2153,0,0,3586,688,8,4,4,8
100,11,moe,7437,33,4817,9779,3558,3098,607,0,0,2446,641,8,4,4,8
100,12,moe,739,33,5483,10840,3532,3691,536,0,0,2276,821,8,4,4,8
100,13,moe,812,32,3969,4911,2947,2365,323,0,0,1666,751,8,5,3,8
100,14,moe,1186,35,5669,11804,4282,3909,313,0,0,2835,642,8,3,5,8
100,15,moe,680,31,4163,8726,2774,2805,227,0,0,1643,755,8,5,3,8
100,16,moe,738,30,7822,14653,5774,5594,398,0,0,3944,637,8,1,7,8
100,17,moe,803,31,4160,9143,3311,2316,195,0,0,1662,631,8,5,3,8
100,18,moe,750,35,5443,10751,3613,3824,328,0,0,2322,761,8,4,4,8
100,19,moe,677,30,7080,17008,5274,5042,390,0,0,3626,635,8,2,6,8
100,20,moe,731,32,7829,13736,5714,5511,981,0,0,4377,651,8,1,7,8
100,21,moe,809,34,4223,5761,2754,2830,212,0,0,1573,775,8,5,3,8
100,22,moe,843,32,6727,10673,5131,4306,298,0,0,3008,665,8,3,5,8
100,23,moe,686,40,5870,5866,3712,4286,288,0,0,2416,799,8,5,3,8
100,24,moe,830,36,6404,12222,4358,4760,336,0,0,3050,773,8,3,5,8
100,25,moe,819,34,7383,13812,4965,4487,1440,0,0,3509,779,8,3,5,8
100,26,moe,699,31,10008,10809,7034,3587,5337,0,0,5950,760,8,4,4,8
100,-1,epi,0,0,0,0,0,0,0,0,6032,0,0,0,0,0,0
101,-2,pre,64,0,0,0,0,0,0,0,0,0,0,0,0,0,0
101,0,dense,1499,36,0,0,0,0,0,0,0,0,0,0,0,0,0
101,1,moe,839,33,7166,11692,4689,5580,428,0,0,3531,775,8,2,6,8
101,2,moe,746,34,4293,8852,3057,2719,369,0,0,1852,772,8,5,3,8
101,3,moe,680,30,6366,13535,4261,4568,320,0,0,2783,746,8,3,5,8
101,4,moe,727,35,2647,2370,1903,1690,106,0,0,1052,620,8,6,2,8
101,5,moe,828,31,1572,2309,1277,794,50,0,0,549,632,8,7,1,8
101,6,moe,750,31,2237,2489,1571,998,277,0,0,609,757,8,7,1,8
101,7,moe,683,28,3117,4819,2170,1616,373,0,0,1042,635,8,6,2,8
101,8,moe,743,29,2255,2733,1820,769,523,0,0,857,1058,8,7,1,8
101,9,moe,818,30,1423,491,878,982,229,0,0,666,1238,8,7,1,8
101,10,moe,745,29,10,0,0,0,0,0,10,0,664,8,8,0,8
101,11,moe,690,29,3737,5370,2758,2406,184,0,0,1611,644,8,5,3,8
101,12,moe,7571,34,3984,5375,2725,1946,928,0,0,1615,1360,8,6,2,8
101,13,moe,7530,36,4752,11619,3773,2383,186,0,0,1590,637,8,5,3,8
101,14,moe,5601,32,4960,9559,3686,3083,725,0,0,2534,753,8,4,4,8
101,15,moe,885,30,5955,8399,4052,3717,465,0,0,2279,836,8,4,4,8
101,16,moe,743,31,7104,15444,5289,4785,347,0,0,3317,650,8,2,6,8
101,17,moe,812,32,4463,7901,3357,3099,230,0,0,2223,639,8,4,4,8
101,18,moe,737,32,4281,9851,2823,2840,215,0,0,1597,758,8,5,3,8
101,19,moe,675,32,4701,7501,3423,3195,237,0,0,2154,637,8,4,4,8
101,20,moe,746,32,6365,8397,4702,4777,338,0,0,3452,645,8,2,6,8
101,21,moe,823,46,5117,9809,3290,3763,284,0,0,2220,780,8,4,4,8
101,22,moe,818,35,1765,2431,1363,833,55,0,0,486,642,8,7,1,8
101,23,moe,678,29,3101,5799,2134,1885,135,0,0,1053,760,8,6,2,8
101,24,moe,812,31,3775,5401,2540,2724,217,0,0,1706,761,8,5,3,8
101,25,moe,825,31,6359,13185,4293,4583,340,0,0,2857,763,8,3,5,8
101,26,moe,684,29,7637,10937,5090,4548,1863,0,0,3864,1302,8,3,5,8
101,-1,epi,0,0,0,0,0,0,0,0,6108,0,0,0,0,0,0
102,-2,pre,214,0,0,0,0,0,0,0,0,0,0,0,0,0,0
102,0,dense,1506,34,0,0,0,0,0,0,0,0,0,0,0,0,0
102,1,moe,835,31,4238,8153,2992,2774,242,0,0,1770,778,8,5,3,8
102,2,moe,760,32,6356,13596,4322,4500,533,1,0,3000,764,8,3,5,8
102,3,moe,683,245,10010,29073,7955,4475,296,0,0,2716,759,8,3,5,8
102,4,moe,740,45,10,0,0,0,0,0,10,0,628,8,8,0,8
102,5,moe,815,33,1904,2838,1471,852,52,0,0,471,639,8,7,1,8
102,6,moe,745,34,4896,8373,3049,2798,981,0,0,1932,765,8,5,3,8
102,7,moe,690,41,3710,5018,2724,2423,182,0,0,1619,637,8,5,3,8
102,8,moe,744,34,2101,2375,1654,768,552,0,0,873,654,8,7,1,8
102,9,moe,816,37,4690,8647,3071,2864,705,0,0,1950,1273,8,5,3,8
102,10,moe,739,37,9536,15520,7261,4724,3133,0,0,5582,644,8,2,6,8
102,11,moe,681,35,4930,5285,3628,2301,1557,0,0,2556,646,8,5,3,8
102,12,moe,747,36,4325,8194,2896,2869,322,0,0,1762,767,8,5,3,8
102,13,moe,818,36,1308,480,827,837,223,0,0,579,726,8,7,1,8
102,14,moe,734,35,4874,10536,3592,3089,677,0,0,2484,773,8,4,4,8
102,15,moe,681,35,5432,8254,3428,3705,677,0,0,2378,972,8,4,4,8
102,16,moe,1712,46,6012,14884,5010,2378,168,0,0,1544,638,8,5,3,8
102,17,moe,811,38,3539,7277,2708,2320,160,0,0,1649,650,8,5,3,8
102,18,moe,748,39,5266,12859,3858,2834,192,0,0,1618,755,8,5,3,8
102,19,moe,669,34,4828,9456,3556,3291,259,0,0,2278,648,8,4,4,8
102,20,moe,740,35,4116,5112,2992,3072,230,0,0,2178,643,8,4,4,8
102,21,moe,813,40,5287,8319,3374,3736,488,0,0,2311,756,8,4,4,8
102,22,moe,810,35,6517,12358,4680,4781,372,0,0,3316,639,8,2,6,8
102,23,moe,681,34,3168,5056,2166,1925,132,0,0,1055,752,8,6,2,8
102,24,moe,819,36,6177,11394,4136,4521,354,0,0,2834,763,8,3,5,8
102,25,moe,809,36,6285,12811,4253,4541,325,0,0,2834,757,8,3,5,8
102,26,moe,677,33,8008,11898,5320,4500,2203,0,0,4015,779,8,3,5,8
102,-1,epi,0,0,0,0,0,0,0,0,6094,0,0,0,0,0,0
103,-2,pre,68,0,0,0,0,0,0,0,0,0,0,0,0,0,0
103,0,dense,1515,42,0,0,0,0,0,0,0,0,0,0,0,0,0
103,1,moe,843,36,5927,12263,4285,3666,275,0,0,2299,766,8,4,4,8
103,2,moe,835,69,3115,5435,2292,1810,119,0,0,1106,768,8,6,2,8
103,3,moe,678,36,5020,8371,3370,3645,272,0,0,2267,765,8,4,4,8
103,4,moe,741,38,4122,7986,3116,2405,179,0,0,1578,651,8,5,3,8
103,5,moe,822,37,2885,4952,2264,1571,282,0,0,1232,638,8,6,2,8
103,6,moe,744,37,2236,2559,1569,999,262,3,0,597,754,8,7,1,8
103,7,moe,681,33,2469,1045,1641,1598,559,0,0,1329,636,8,6,2,8
103,8,moe,744,39,1675,2245,1385,768,62,0,0,540,643,8,7,1,8
103,9,moe,821,37,3678,5218,2473,1900,684,0,0,1379,784,8,6,2,8
103,10,moe,748,36,4757,8813,3609,2362,694,0,0,1908,1166,8,5,3,8
103,11,moe,685,41,3703,7344,3135,1532,119,1,0,1084,633,8,6,2,8
103,12,moe,755,38,2087,2257,1439,989,248,0,0,589,757,8,7,1,8
103,13,moe,814,38,3067,5046,2358,1622,130,0,0,1043,689,8,6,2,8
103,14,moe,3568,37,2467,2180,1858,1529,262,0,0,1182,689,8,6,2,8
103,15,moe,11837,35,3625,7179,2628,1915,158,0,0,1076,853,8,6,2,8
103,16,moe,740,36,2903,2498,2110,1595,454,0,0,1256,742,8,6,2,8
103,17,moe,806,34,9,0,0,0,0,0,9,0,650,8,8,0,8
103,18,moe,749,33,22,0,0,0,0,0,22,0,754,8,8,0,8
103,19,moe,683,31,1004,468,721,767,51,0,0,535,647,8,7,1,8
103,20,moe,747,34,2809,4889,2253,1554,102,0,0,1100,646,8,6,2,8
103,21,moe,813,34,3859,5246,2430,2822,187,0,0,1580,759,8,5,3,8
103,22,moe,818,34,2777,4800,2076,1619,130,0,0,1048,639,8,6,2,8
103,23,moe,691,39,3823,5341,2446,2795,199,0,0,1617,768,8,5,3,8
103,24,moe,816,35,4529,4195,2893,3621,260,0,0,2245,773,8,4,4,8
103,25,moe,811,36,1908,2608,1496,892,59,0,0,539,759,8,7,1,8
103,26,moe,681,35,3151,5876,2336,1784,119,0,0,1088,766,8,6,2,8
103,-1,epi,0,0,0,0,0,0,0,0,6178,0,0,0,0,0,0
104,-2,pre,201,0,0,0,0,0,0,0,0,0,0,0,0,0,0
104,0,dense,1526,36,0,0,0,0,0,0,0,0,0,0,0,0,0
104,1,moe,841,34,4892,5544,3219,3679,262,0,0,2268,690,8,4,4,8
104,2,moe,712,39,3088,5071,2205,1926,125,0,0,1168,706,8,6,2,8
104,3,moe,700,33,5366,12389,3703,3699,308,0,0,2344,761,8,4,4,8
104,4,moe,742,38,1837,2400,1408,841,51,0,0,463,644,8,7,1,8
104,5,moe,823,36,4538,9968,3431,3161,231,0,0,2285,647,8,4,4,8
104,6,moe,767,38,2493,2333,1699,1018,558,0,0,782,757,8,7,1,8
104,7,moe,691,34,3703,7794,2729,2435,175,0,0,1636,641,8,5,3,8
104,8,moe,749,41,4699,7121,3494,2311,1476,0,0,2582,651,8,5,3,8
104,9,moe,834,39,5294,8334,3550,2878,1427,0,0,2561,762,8,5,3,8
104,10,moe,743,38,3629,5781,2633,2397,177,0,0,1578,637,8,5,3,8
104,11,moe,687,35,6752,13877,5335,3108,1183,0,0,2874,646,8,4,4,8
104,12,moe,747,38,5837,11833,4105,2823,921,1,0,2013,813,8,5,3,8
104,13,moe,815,40,7683,12884,5606,3948,2275,0,0,4146,1896,8,3,5,8
104,14,moe,771,38,4867,9551,3606,3135,601,0,0,2475,709,8,4,4,8
104,15,moe,688,38,3289,5856,2301,1904,129,0,0,1045,832,8,6,2,8
104,16,moe,770,36,6588,10308,4617,4859,512,0,0,3400,745,8,2,6,8
104,17,moe,1300,39,3587,5077,2747,2325,171,0,0,1656,637,8,5,3,8
104,18,moe,743,38,3208,5116,2209,1902,137,0,0,1040,790,8,6,2,8
104,19,moe,691,35,2505,2825,1805,1617,100,0,0,1017,642,8,6,2,8
104,20,moe,739,35,2624,4699,2068,1544,111,0,0,1099,646,8,6,2,8
104,21,moe,824,38,3105,5049,2098,1910,122,0,0,1025,762,8,6,2,8
104,22,moe,828,41,4787,7227,3514,3220,226,0,0,2173,639,8,4,4,8
104,23,moe,681,32,5091,8247,3263,3719,292,0,0,2183,768,8,4,4,8
104,24,moe,818,36,6356,8611,3779,5035,377,0,0,2835,730,8,3,5,8
104,25,moe,740,43,4101,8250,2860,2788,218,0,0,1765,763,8,5,3,8
104,26,moe,683,33,4882,8427,3251,3592,275,0,0,2236,767,8,4,4,8
104,-1,epi,0,0,0,0,0,0,0,0,6158,0,0,0,0,0,0
105,-2,pre,49,0,0,0,0,0,0,0,0,0,0,0,0,0,0
105,0,dense,1525,43,0,0,0,0,0,0,0,0,0,0,0,0,0
105,1,moe,855,38,6333,15997,4268,4538,338,0,0,2811,788,8,3,5,8
105,2,moe,766,34,4190,7850,2853,2707,404,0,0,1774,768,8,5,3,8
105,3,moe,698,37,3055,5426,2228,1793,128,0,0,1094,761,8,6,2,8
105,4,moe,743,33,3627,4913,2624,2407,166,0,0,1570,646,8,5,3,8
105,5,moe,826,43,2814,4986,2256,1535,110,0,0,1087,590,8,6,2,8
105,6,moe,671,36,5476,8381,3590,3829,437,0,0,2380,766,8,4,4,8
105,7,moe,675,36,4737,7791,3358,2395,902,0,0,1918,638,8,5,3,8
105,8,moe,744,37,4315,7847,3320,2320,878,0,0,2203,650,8,5,3,8
105,9,moe,824,37,4462,5273,2846,2773,753,0,0,1910,759,8,5,3,8
105,10,moe,742,37,5565,8432,4145,3177,1040,0,0,2797,644,8,4,4,8
105,11,moe,681,34,6999,9856,5103,3884,1990,0,0,3978,647,8,3,5,8
105,12,moe,750,37,5375,9896,4038,1899,1018,0,0,1580,765,8,6,2,8
105,13,moe,813,61,3363,4796,2516,1623,574,0,0,1350,841,8,6,2,8
105,14,moe,739,31,4859,10012,3692,3147,603,0,0,2583,672,8,4,4,8
105,15,moe,687,31,2087,2635,1509,996,59,0,0,477,801,8,7,1,8
105,16,moe,7339,31,5024,12331,3874,2402,453,0,0,1705,641,8,5,3,8
105,17,moe,4159,37,3679,7204,2838,2316,183,0,0,1658,792,8,5,3,8
105,18,moe,8286,58,4137,8209,2693,2846,184,0,0,1586,751,8,5,3,8
105,19,moe,668,31,2823,4597,2131,1614,114,0,0,1036,636,8,6,2,8
105,20,moe,738,31,2944,5099,2332,1550,283,0,0,1221,634,8,6,2,8
105,21,moe,815,32,3015,2867,2020,1885,131,0,0,1021,753,8,6,2,8
105,22,moe,817,35,1782,2288,1351,866,51,0,0,486,632,8,7,1,8
105,23,moe,686,29,2050,2666,1485,996,59,0,0,490,758,8,7,1,8
105,24,moe,815,32,4638,5160,2966,3603,268,0,0,2199,775,8,4,4,8
105,25,moe,815,33,2887,3274,2050,1807,122,0,0,1092,759,8,6,2,8
105,26,moe,687,29,3726,3157,2483,2685,178,0,0,1620,763,8,5,3,8
105,-1,epi,0,0,0,0,0,0,0,0,6154,0,0,0,0,0,0
106,-2,pre,216,0,0,0,0,0,0,0,0,0,0,0,0,0,0
106,0,dense,1517,44,0,0,0,0,0,0,0,0,0,0,0,0,0
106,1,moe,846,31,4202,7841,2963,2815,192,0,0,1768,768,8,5,3,8
106,2,moe,759,30,5052,11043,3403,3656,279,0,0,2286,760,8,4,4,8
106,3,moe,684,30,5996,10642,3958,4569,337,0,0,2868,765,8,3,5,8
106,4,moe,723,30,1896,2396,1444,879,50,0,0,477,603,8,7,1,8
106,5,moe,795,33,3549,7544,2706,2324,188,0,0,1669,666,8,5,3,8
106,6,moe,745,30,13,0,0,0,0,0,13,0,757,8,8,0,8
106,7,moe,694,28,4247,5775,3120,3103,233,0,0,2209,650,8,4,4,8
106,8,moe,747,30,3541,7503,2681,2316,214,0,0,1670,652,8,5,3,8
106,9,moe,820,31,4928,8258,3284,2803,882,0,0,2041,1455,8,5,3,8
106,10,moe,741,33,4710,4958,3404,3176,231,0,0,2101,626,8,4,4,8
106,11,moe,602,32,4802,8173,3642,3290,250,0,0,2380,641,8,4,4,8
106,12,moe,744,35,2047,2775,1461,1010,72,0,0,496,754,8,7,1,8
106,13,moe,813,33,5162,7908,3812,2393,1272,0,0,2315,641,8,5,3,8
106,14,moe,745,33,5241,4812,3854,2376,1896,0,0,2885,644,8,5,3,8
106,15,moe,681,30,8105,16541,5483,5591,436,0,0,3405,760,8,2,6,8
106,16,moe,740,36,2889,2643,2096,1601,400,0,0,1208,679,8,6,2,8
106,17,moe,817,34,3801,5499,2919,2357,333,0,0,1808,695,8,5,3,8
106,18,moe,1232,40,2714,2625,1703,1918,142,0,0,1049,966,8,6,2,8
106,19,moe,14645,40,4608,9299,3362,3151,218,0,0,2123,642,8,4,4,8
106,20,moe,6937,35,2391,2400,1827,1547,108,0,0,1091,643,8,6,2,8
106,21,moe,6636,35,3536,3306,2140,2779,181,0,0,1564,757,8,5,3,8
106,22,moe,813,34,2437,2426,1746,1599,106,0,0,1014,637,8,6,2,8
106,23,moe,678,31,4600,9379,3217,2784,187,0,0,1588,757,8,5,3,8
106,24,moe,813,32,7389,11319,4950,5423,436,1,0,3421,765,8,2,6,8
106,25,moe,810,35,5137,8590,3500,3591,254,0,0,2208,765,8,4,4,8
106,26,moe,3887,57,3720,5469,2476,2689,185,0,0,1630,757,8,5,3,8
106,-1,epi,0,0,0,0,0,0,0,0,6301,0,0,0,0,0,0
107,-2,pre,264,0,0,0,0,0,0,0,0,0,0,0,0,0,0
107,0,dense,1525,35,0,0,0,0,0,0,0,0,0,0,0,0,0
107,1,moe,843,32,7201,8797,4746,5575,400,0,0,3520,770,8,2,6,8
107,2,moe,758,31,5070,8337,3421,3629,249,0,0,2229,768,8,4,4,8
107,3,moe,688,31,2767,2860,1938,1792,122,0,0,1085,762,8,6,2,8
107,4,moe,792,32,3771,7487,2765,2471,184,0,0,1649,674,8,5,3,8
107,5,moe,818,32,1533,2266,1242,784,53,0,0,546,645,8,7,1,8
107,6,moe,746,34,2549,2370,1773,992,577,0,0,793,765,8,7,1,8
107,7,moe,688,30,9,0,0,0,0,0,9,0,639,8,8,0,8
107,8,moe,753,32,2007,2398,1410,859,225,0,0,487,643,8,7,1,8
107,9,moe,825,33,4202,5650,2732,2858,372,0,0,1760,771,8,5,3,8
107,10,moe,762,35,2933,5091,2235,1621,108,0,0,1031,647,8,6,2,8
107,11,moe,705,34,4717,10022,3610,3086,221,0,0,2200,641,8,4,4,8
107,12,moe,753,30,3496,5797,2485,1908,207,0,0,1104,762,8,6,2,8
107,13,moe,818,31,2260,2335,1709,842,500,0,0,791,641,8,7,1,8
107,14,moe,744,31,5933,10025,4318,3099,1799,0,0,3283,705,8,4,4,8
107,15,moe,688,31,3771,5394,2681,1906,534,0,0,1350,815,8,6,2,8
107,16,moe,755,34,3396,2579,2400,2387,161,0,0,1552,699,8,5,3,8
107,17,moe,816,32,3262,2655,2422,2315,164,0,0,1639,695,8,5,3,8
107,18,moe,747,33,6261,11527,4008,4631,315,0,0,2693,916,8,3,5,8
107,19,moe,836,36,3648,4975,2681,2374,154,0,0,1561,643,8,5,3,8
107,20,moe,766,38,2735,4767,2176,1544,110,0,0,1095,639,8,6,2,8
107,21,moe,826,36,2870,3415,1897,1873,121,0,0,1021,764,8,6,2,8
107,22,moe,821,34,2005,2940,1603,830,51,0,0,479,640,8,7,1,8
107,23,moe,690,38,2245,3289,1683,997,59,0,0,494,763,8,7,1,8
107,24,moe,821,34,4338,7758,2961,2830,213,0,0,1666,680,8,5,3,8
107,25,moe,748,32,3079,3739,2218,1897,122,0,0,1158,764,8,6,2,8
107,26,moe,686,29,8,0,0,0,0,0,8,0,768,8,8,0,8
107,-1,epi,0,0,0,0,0,0,0,0,6259,0,0,0,0,0,0
108,-2,pre,1129,0,0,0,0,0,0,0,0,0,0,0,0,0,0
108,0,dense,1525,39,0,0,0,0,0,0,0,0,0,0,0,0,0
108,1,moe,840,35,4402,6407,3174,2685,179,0,0,1636,773,8,5,3,8
108,2,moe,765,36,4531,10125,3307,2691,188,0,0,1655,789,8,5,3,8
108,3,moe,698,34,7673,16769,5231,5444,400,0,0,3402,769,8,2,6,8
108,4,moe,748,35,1794,2241,1369,830,62,0,0,467,647,8,7,1,8
108,5,moe,825,36,3023,2573,2196,2298,169,0,0,1640,651,8,5,3,8
108,6,moe,740,34,9,0,0,0,0,0,9,0,768,8,8,0,8
108,7,moe,691,32,2993,4957,2377,1534,280,0,0,1198,652,8,6,2,8
108,8,moe,743,34,3187,4937,2471,1533,588,0,0,1405,652,8,6,2,8
108,9,moe,820,36,3443,6584,2454,1885,132,0,0,1028,776,8,6,2,8
108,10,moe,751,36,5356,9737,3948,3160,713,0,0,2465,664,8,4,4,8
108,11,moe,689,34,4675,10406,3564,3161,223,0,0,2273,644,8,4,4,8
108,12,moe,747,35,3389,5454,2394,1894,187,1,0,1087,766,8,6,2,8
108,13,moe,829,36,3675,7032,2710,2386,182,0,0,1603,642,8,5,3,8
108,14,moe,751,35,4500,5041,3349,2377,1087,0,0,2313,643,8,5,3,8
108,15,moe,688,36,5686,9284,3841,3702,656,0,0,2513,773,8,4,4,8
108,16,moe,746,36,2612,2476,1893,1625,103,0,0,1009,639,8,6,2,8
108,17,moe,818,37,5392,9974,3880,3984,310,0,0,2782,599,8,3,5,8
108,18,moe,683,38,4469,5234,2970,2858,391,0,0,1750,779,8,5,3,8
108,19,moe,685,34,4578,9855,3303,3261,240,0,0,2226,694,8,4,4,8
108,20,moe,753,35,3553,4962,2727,2305,160,0,0,1639,644,8,5,3,8
108,21,moe,815,37,6427,8370,4186,4605,315,0,0,2679,764,8,3,5,8
108,22,moe,811,39,3632,7484,2658,2398,162,0,0,1586,658,8,5,3,8
108,23,moe,694,35,3140,5384,2162,1900,122,1,0,1045,760,8,6,2,8
108,24,moe,817,37,6386,14568,4335,4599,323,0,0,2871,765,8,3,5,8
108,25,moe,815,36,3761,6001,2525,2730,189,0,0,1683,760,8,5,3,8
108,26,moe,704,37,2766,2448,1925,1797,121,0,0,1077,761,8,6,2,8
108,-1,epi,0,0,0,0,0,0,0,0,6196,0,0,0,0,0,0
109,-2,pre,45,0,0,0,0,0,0,0,0,0,0,0,0,0,0
109,0,dense,1533,38,0,0,0,0,0,0,0,0,0,0,0,0,0
109,1,moe,840,35,8887,16471,5836,6694,470,0,0,4113,760,8,1,7,8
109,2,moe,750,35,6495,13485,4443,4740,335,0,0,3023,761,8,3,5,8
109,3,moe,693,36,7531,16347,5071,5431,386,0,0,3357,763,8,2,6,8
109,4,moe,748,36,4567,7119,3343,3171,268,0,0,2215,640,8,4,4,8
109,5,moe,814,36,4638,9938,3532,3146,230,0,0,2270,645,8,4,4,8
109,6,moe,743,34,3609,4979,2438,1885,658,1,0,1373,769,8,6,2,8
109,7,moe,698,35,4901,11377,3624,3194,220,0,0,2137,645,8,4,4,8
109,8,moe,746,35,4130,5223,3036,2325,819,0,0,2050,646,8,5,3,8
109,9,moe,821,38,6603,10687,4265,4715,586,0,0,2963,773,8,3,5,8
109,10,moe,672,39,4331,8657,3312,2516,177,0,0,1674,635,8,5,3,8
109,11,moe,687,34,7654,14829,5730,5517,404,0,0,3997,652,8,1,7,8
109,12,moe,739,37,7161,5491,4348,5609,658,0,0,3454,759,8,2,6,8
109,13,moe,817,47,4918,10637,3675,3165,236,0,0,2158,575,8,4,4,8
109,14,moe,673,37,6497,7723,4758,4812,537,0,0,3610,636,8,2,6,8
109,15,moe,679,33,9053,13272,6057,5676,1709,0,0,4389,726,8,2,6,8
109,16,moe,720,37,10609,18550,7823,6266,2530,0,0,6010,608,8,0,8,8
109,17,moe,785,39,8042,12671,6150,4645,998,1,0,3752,570,8,2,6,8
109,18,moe,673,39,5546,7510,3623,3967,458,0,0,2502,806,8,4,4,8
109,19,moe,698,35,7956,11753,5748,5590,745,0,0,4127,644,8,1,7,8
109,20,moe,739,37,6718,14260,5046,4684,348,0,0,3360,636,8,2,6,8
109,21,moe,811,37,8000,16845,5376,5552,396,0,0,3324,699,8,2,6,8
109,22,moe,730,41,6977,13820,5190,4849,343,0,0,3405,636,8,2,6,8
109,23,moe,673,33,5096,7749,3299,3757,298,0,0,2258,755,8,4,4,8
109,24,moe,809,35,5881,8137,3823,4537,322,0,0,2801,757,8,3,5,8
109,25,moe,814,36,8437,11854,5367,6585,532,0,0,4047,666,8,1,7,8
109,26,moe,606,37,7113,6531,4549,5476,606,0,0,3518,755,8,2,6,8
109,-1,epi,0,0,0,0,0,0,0,0,6072,0,0,0,0,0,0
110,-2,pre,219,0,0,0,0,0,0,0,0,0,0,0,0,0,0
110,0,dense,1502,42,0,0,0,0,0,0,0,0,0,0,0,0,0
110,1,moe,837,35,3568,2834,2301,2756,186,0,0,1675,666,8,5,3,8
110,2,moe,686,37,5468,9156,3704,3906,267,0,0,2409,660,8,4,4,8
110,3,moe,604,35,5152,8643,3517,3663,250,0,0,2278,762,8,4,4,8
110,4,moe,743,34,5606,9719,4049,4055,282,0,0,2780,644,8,3,5,8
110,5,moe,811,36,2712,4967,2142,1557,104,0,0,1091,637,8,6,2,8
110,6,moe,733,35,3244,5070,2259,1910,118,0,0,1043,757,8,6,2,8
110,7,moe,688,44,3705,7525,2742,2393,159,1,0,1590,635,8,5,3,8
110,8,moe,740,34,4597,7878,3425,3094,421,0,0,2343,637,8,4,4,8
110,9,moe,815,39,5379,8489,3507,3720,465,0,0,2313,756,8,4,4,8
110,10,moe,741,33,3588,4846,2624,2411,157,0,0,1604,639,8,5,3,8
110,11,moe,684,36,4975,5037,3577,3859,265,0,0,2726,603,8,3,5,8
110,12,moe,720,35,1333,523,741,1024,60,1,0,493,724,8,7,1,8
110,13,moe,788,36,2579,2462,1863,1639,115,0,0,1038,637,8,6,2,8
110,14,moe,742,48,1721,2346,1434,767,51,0,0,531,659,8,7,1,8
110,15,moe,729,80,5153,6318,3292,3816,467,0,0,2422,756,8,4,4,8
110,16,moe,735,35,2430,2757,1773,1594,103,0,0,1040,636,8,6,2,8
110,17,moe,814,36,995,457,712,765,55,0,0,537,695,8,7,1,8
110,18,moe,759,42,3638,2831,2234,2815,192,0,0,1603,764,8,5,3,8
110,19,moe,690,35,7431,10436,5259,5660,568,0,0,4056,664,8,1,7,8
110,20,moe,832,36,5551,9599,4083,4010,320,0,0,2862,563,8,3,5,8
110,21,moe,717,37,6100,9254,3884,4669,390,0,0,2843,777,8,3,5,8
110,22,moe,828,35,4566,7312,3323,3190,232,0,0,2179,597,8,4,4,8
110,23,moe,618,37,4531,8436,3007,2952,410,1,0,1839,755,8,5,3,8
110,24,moe,813,40,4960,9058,3310,3613,286,1,0,2250,766,8,4,4,8
110,25,moe,813,46,5064,11801,3410,3671,292,0,0,2309,760,8,4,4,8
110,26,moe,681,38,6167,13306,4072,4543,368,0,0,2816,762,8,3,5,8
110,-1,epi,0,0,0,0,0,0,0,0,6140,0,0,0,0,0,0
111,-2,pre,62,0,0,0,0,0,0,0,0,0,0,0,0,0,0
111,0,dense,1456,39,0,0,0,0,0,0,0,0,0,0,0,0,0
111,1,moe,810,40,3404,1892,2067,2886,207,0,0,1756,671,8,5,3,8
111,2,moe,683,42,5336,11312,3665,3732,275,0,0,2336,761,8,4,4,8
111,3,moe,689,36,3891,3858,2654,2667,187,0,0,1617,761,8,5,3,8
111,4,moe,741,35,1825,2484,1411,848,51,0,0,485,639,8,7,1,8
111,5,moe,814,34,2904,5303,2341,1538,114,0,0,1089,642,8,6,2,8
111,6,moe,745,36,2011,2481,1419,1006,57,0,0,471,757,8,7,1,8
111,7,moe,693,35,2368,2366,1684,1621,104,0,0,1041,642,8,6,2,8
111,8,moe,741,43,995,419,710,766,58,0,0,539,643,8,7,1,8
111,9,moe,826,28,1966,2622,1405,982,60,0,0,481,767,8,7,1,8
111,10,moe,748,31,1122,465,721,827,61,0,0,487,642,8,7,1,8
111,11,moe,696,29,2800,4938,2223,1566,107,0,0,1096,647,8,6,2,8
111,12,moe,749,34,1964,2422,1385,1006,63,0,0,490,769,8,7,1,8
111,13,moe,827,30,3085,4856,2316,1638,279,0,0,1148,607,8,6,2,8
111,14,moe,723,30,1026,470,734,791,55,0,0,554,612,8,7,1,8
111,15,moe,671,27,9,0,0,0,0,0,9,0,748,8,8,0,8
111,16,moe,732,33,2824,5230,2241,1585,110,0,0,1112,620,8,6,2,8
111,17,moe,765,33,3663,4984,2762,2475,166,0,0,1740,558,8,5,3,8
111,18,moe,742,33,3108,5208,2109,1902,134,0,0,1037,760,8,6,2,8
111,19,moe,690,28,3130,4816,2340,1612,426,0,0,1248,640,8,6,2,8
111,20,moe,880,37,4426,8276,3303,3182,229,0,0,2288,610,8,4,4,8
111,21,moe,725,37,5292,6953,3373,4003,295,0,0,2379,660,8,4,4,8
111,22,moe,718,32,3512,5158,2526,2479,192,0,0,1685,637,8,5,3,8
111,23,moe,996,35,3254,5248,2284,1904,137,0,0,1071,758,8,6,2,8
111,24,moe,812,32,6108,10949,4076,4496,316,0,0,2780,750,8,3,5,8
111,25,moe,726,32,3963,5132,2637,2879,195,0,0,1748,756,8,5,3,8
111,26,moe,685,31,7080,7644,4546,5548,377,0,0,3391,724,8,2,6,8
111,-1,epi,0,0,0,0,0,0,0,0,5967,0,0,0,0,0,0
112,-2,pre,205,0,0,0,0,0,0,0,0,0,0,0,0,0,0
112,0,dense,1268,36,0,0,0,0,0,0,0,0,0,0,0,0,0
112,1,moe,732,34,5284,10824,3645,3728,263,0,0,2352,768,8,4,4,8
112,2,moe,713,32,6353,10865,4286,4788,329,0,0,3050,767,8,3,5,8
112,3,moe,686,29,4988,8251,3330,3671,257,0,0,2270,758,8,4,4,8
112,4,moe,742,32,3728,5109,2744,2386,155,0,0,1557,638,8,5,3,8
112,5,moe,822,32,4064,4897,2955,3083,212,0,0,2186,644,8,4,4,8
112,6,moe,674,32,5544,10965,3503,3967,370,0,0,2296,660,8,4,4,8
112,7,moe,616,33,3910,5113,2959,2419,151,0,0,1619,640,8,5,3,8
112,8,moe,755,29,1625,2337,1339,768,55,0,0,537,633,8,7,1,8
112,9,moe,810,30,5378,11087,3571,3782,282,0,0,2257,760,8,4,4,8
112,10,moe,740,29,3133,2448,2168,2368,165,0,0,1568,642,8,5,3,8
112,11,moe,685,29,3599,7489,2765,2313,165,0,0,1644,639,8,5,3,8
112,12,moe,743,30,2941,2841,1919,1941,119,0,0,1038,763,8,6,2,8
112,13,moe,817,34,3757,5116,2771,2415,177,1,0,1607,639,8,5,3,8
112,14,moe,751,30,4281,5461,3092,3243,232,0,0,2286,593,8,4,4,8
112,15,moe,613,30,5141,10736,3338,3785,274,0,0,2256,761,8,4,4,8
112,16,moe,741,32,5949,12316,4292,4088,293,0,0,2724,568,8,3,5,8
112,17,moe,736,35,6907,11074,5031,5022,701,0,0,3847,635,8,2,6,8
112,18,moe,737,32,5609,10546,3662,3688,703,0,0,2444,760,8,4,4,8
112,19,moe,684,31,4735,7199,3429,3237,405,0,0,2336,639,8,4,4,8
112,20,moe,923,35,3573,7225,2726,2335,173,0,0,1661,636,8,5,3,8
112,21,moe,825,33,4225,5682,2790,2868,187,0,0,1620,670,8,5,3,8
112,22,moe,7305,32,4534,8053,3276,3216,230,0,0,2188,633,8,4,4,8
112,23,moe,681,28,4245,8011,2822,2929,200,0,0,1706,751,8,5,3,8
112,24,moe,816,31,3999,5377,2768,2697,185,0,0,1651,757,8,5,3,8
112,25,moe,813,30,3037,5199,2201,1803,131,0,0,1098,764,8,6,2,8
112,26,moe,688,30,4901,5486,3162,3626,521,0,0,2408,721,8,4,4,8
112,-1,epi,0,0,0,0,0,0,0,0,5883,0,0,0,0,0,0
113,-2,pre,203,0,0,0,0,0,0,0,0,0,0,0,0,0,0
113,0,dense,1513,33,0,0,0,0,0,0,0,0,0,0,0,0,0
113,1,moe,855,31,5096,3434,2845,4293,267,0,0,2309,627,8,4,4,8
113,2,moe,662,32,3290,5604,2368,2001,139,0,0,1218,751,8,6,2,8
113,3,moe,689,29,2700,2740,1876,1784,124,0,0,1084,757,8,6,2,8
113,4,moe,752,34,1796,2340,1351,859,52,0,0,466,637,8,7,1,8
113,5,moe,816,30,2861,4899,2286,1567,116,1,0,1109,644,8,6,2,8
113,6,moe,748,31,5577,10651,3692,3785,488,0,0,2388,728,8,4,4,8
113,7,moe,617,31,1767,2165,1333,889,52,0,0,507,559,8,7,1,8
113,8,moe,672,32,1580,2299,1287,781,55,0,0,543,640,8,7,1,8
113,9,moe,816,30,4559,8928,3067,2919,206,0,0,1633,658,8,5,3,8
113,10,moe,670,32,3986,6367,3002,2406,156,0,0,1578,637,8,5,3,8
113,11,moe,683,30,2082,1252,1487,1611,107,0,0,1123,563,8,6,2,8
113,12,moe,677,33,2069,2594,1449,1079,60,0,0,519,674,8,7,1,8
113,13,moe,809,31,1825,2466,1425,835,49,0,0,484,633,8,7,1,8
113,14,moe,745,30,3411,4559,2586,2297,156,0,0,1628,691,8,5,3,8
113,15,moe,693,28,3140,5416,2158,1894,128,0,0,1040,752,8,6,2,8
113,16,moe,743,28,3863,7867,2890,2400,165,0,0,1592,645,8,5,3,8
113,17,moe,820,29,4417,7740,3298,3134,216,0,0,2231,664,8,4,4,8
113,18,moe,740,31,5448,10905,3495,3773,476,0,0,2296,724,8,4,4,8
113,19,moe,659,30,4897,9937,3611,3240,389,0,0,2343,688,8,4,4,8
113,20,moe,784,31,4582,7983,3458,3100,219,0,0,2195,661,8,4,4,8
113,21,moe,745,33,3330,5335,2275,2049,133,0,0,1127,653,8,6,2,8
113,22,moe,784,31,2832,4917,2137,1615,110,0,0,1030,642,8,6,2,8
113,23,moe,689,34,3955,5374,2567,2790,183,0,0,1585,761,8,5,3,8
113,24,moe,815,32,4396,3051,2753,3629,232,0,0,2218,670,8,4,4,8
113,25,moe,716,32,5257,11104,3626,3743,273,0,0,2385,758,8,4,4,8
113,26,moe,681,246,6607,15849,5366,2704,173,0,0,1636,758,8,5,3,8
113,-1,epi,0,0,0,0,0,0,0,0,6115,0,0,0,0,0,0
114,-2,pre,289,0,0,0,0,0,0,0,0,0,0,0,0,0,0
114,0,dense,1516,39,0,0,0,0,0,0,0,0,0,0,0,0,0
114,1,moe,839,37,5060,8458,3354,3746,264,0,0,2304,670,8,4,4,8
114,2,moe,670,36,3286,5556,2383,1930,133,0,0,1160,656,8,6,2,8
114,3,moe,613,34,1972,2614,1522,958,65,0,0,573,656,8,7,1,8
114,4,moe,701,36,3052,5001,2326,1649,108,1,0,1032,610,8,6,2,8
114,5,moe,801,34,2817,4833,2216,1643,114,0,0,1156,564,8,6,2,8
114,6,moe,673,37,1944,2624,1348,1011,63,0,0,478,758,8,7,1,8
114,7,moe,683,33,1686,2280,1281,843,48,0,0,486,641,8,7,1,8
114,8,moe,756,35,2919,4964,2364,1548,105,0,0,1098,640,8,6,2,8
114,9,moe,815,35,4233,8380,2844,2839,196,0,0,1646,760,8,5,3,8
114,10,moe,750,35,1290,911,870,847,53,0,0,480,642,8,7,1,8
114,11,moe,693,66,4416,9846,3301,3092,229,0,0,2206,664,8,4,4,8
114,12,moe,717,36,5509,8700,3509,3932,495,0,0,2427,763,8,4,4,8
114,13,moe,812,34,1916,2223,1459,834,203,0,0,580,635,8,7,1,8
114,14,moe,744,38,5061,10136,3820,3232,402,0,0,2393,571,8,4,4,8
114,15,moe,609,36,8722,9822,5475,6596,801,0,0,4150,658,8,1,7,8
114,16,moe,671,38,6613,11879,4764,4836,479,0,0,3466,636,8,2,6,8
114,17,moe,786,39,4690,7700,3489,3191,375,0,0,2365,634,8,4,4,8
114,18,moe,735,36,7318,10530,4679,5555,402,0,0,3318,733,8,2,6,8
114,19,moe,614,36,2875,2683,2073,1726,258,0,0,1182,561,8,6,2,8
114,20,moe,726,37,3820,2797,2716,3074,207,0,0,2177,652,8,4,4,8
114,21,moe,810,39,4911,5707,3086,3786,250,0,0,2211,751,8,4,4,8
114,22,moe,814,38,2851,4868,2143,1636,105,0,0,1033,641,8,6,2,8
114,23,moe,687,33,2174,3237,1591,1018,59,0,0,494,751,8,7,1,8
114,24,moe,815,35,4941,9251,3300,3712,261,0,0,2332,757,8,4,4,8
114,25,moe,804,36,4872,8637,3249,3650,254,0,0,2281,761,8,4,4,8
114,26,moe,688,33,4034,8167,2813,2717,221,0,0,1717,766,8,5,3,8
114,-1,epi,0,0,0,0,0,0,0,0,4990,0,0,0,0,0,0
115,-2,pre,207,0,0,0,0,0,0,0,0,0,0,0,0,0,0
115,0,dense,1406,39,0,0,0,0,0,0,0,0,0,0,0,0,0
115,1,moe,804,36,5326,11616,3669,3753,250,0,0,2346,766,8,4,4,8
115,2,moe,749,38,5032,8773,3391,3590,255,0,0,2204,767,8,4,4,8
115,3,moe,692,37,9107,11293,5606,7053,554,0,0,4106,784,8,1,7,8
115,4,moe,692,60,3142,5019,2380,1723,111,0,0,1072,566,8,6,2,8
115,5,moe,724,43,4961,10341,3841,3238,233,0,0,2351,688,8,4,4,8
115,6,moe,933,45,4073,6007,2585,2885,189,0,0,1586,806,8,5,3,8
115,7,moe,758,39,4134,9101,3392,1621,106,0,0,985,659,8,6,2,8
115,8,moe,787,43,1636,2231,1351,769,51,0,0,535,667,8,7,1,8
115,9,moe,849,42,4452,6280,2932,2886,407,0,0,1773,826,8,5,3,8
115,10,moe,831,43,4568,7752,3284,3178,245,0,0,2139,785,8,4,4,8
115,11,moe,781,41,10408,29648,9252,3110,209,0,0,2163,766,8,4,4,8
115,12,moe,789,41,8620,24259,6328,4914,395,0,0,3017,835,8,3,5,8
115,13,moe,854,40,2942,3530,2165,1613,283,0,0,1119,636,8,6,2,8
115,14,moe,883,38,5610,8020,4314,3258,1322,0,0,3284,735,8,4,4,8
115,15,moe,687,51,9781,17349,6228,7592,552,0,0,4591,797,8,0,8,8
115,16,moe,826,37,6463,9704,4553,4939,330,0,0,3359,719,8,2,6,8
115,17,moe,934,39,7333,9722,5268,5514,578,1,0,4028,694,8,1,7,8
115,18,moe,789,48,7747,13932,5051,5672,393,0,0,3369,781,8,2,6,8
115,19,moe,726,35,6281,12848,4630,4088,625,1,0,3063,614,8,3,5,8
115,20,moe,736,37,4716,9243,3538,3181,417,0,0,2420,733,8,4,4,8
115,21,moe,1275,39,6526,11067,4194,4623,523,0,0,2814,863,8,3,5,8
115,22,moe,1362,46,4514,5117,3257,3247,219,0,0,2209,808,8,4,4,8
115,23,moe,12822,38,6909,14793,4637,4682,358,0,0,2768,826,8,3,5,8
115,24,moe,808,40,7354,15028,4857,5529,400,0,0,3432,768,8,2,6,8
115,25,moe,817,41,6816,6779,4373,5477,416,0,0,3450,760,8,2,6,8
115,26,moe,680,45,7930,9747,5087,6351,474,0,0,3982,762,8,1,7,8
115,-1,epi,0,0,0,0,0,0,0,0,6085,0,0,0,0,0,0
116,-2,pre,276,0,0,0,0,0,0,0,0,0,0,0,0,0,0
116,0,dense,1513,40,0,0,0,0,0,0,0,0,0,0,0,0,0
116,1,moe,845,39,5101,11328,3455,3736,267,0,0,2357,770,8,4,4,8
116,2,moe,743,35,2901,5010,2069,1803,126,0,0,1097,766,8,6,2,8
116,3,moe,697,33,4094,5499,2794,2782,192,0,0,1674,665,8,5,3,8
116,4,moe,669,37,3736,5097,2756,2532,163,0,0,1715,642,8,5,3,8
116,5,moe,820,38,3623,4761,2769,2341,161,0,0,1648,655,8,5,3,8
116,6,moe,737,33,3293,5205,2291,1921,125,1,0,1045,759,8,6,2,8
116,7,moe,689,32,4550,7404,3293,3184,216,0,0,2143,650,8,4,4,8
116,8,moe,746,35,2811,5063,2251,1554,117,0,0,1111,642,8,6,2,8
116,9,moe,818,35,4469,8246,2966,2827,433,0,0,1757,775,8,5,3,8
116,10,moe,746,34,4983,7177,3252,3648,259,0,0,2176,735,8,4,4,8
116,11,moe,808,47,2978,4784,2379,1642,110,0,0,1153,558,8,6,2,8
116,12,moe,740,39,2074,2727,1494,1002,61,1,0,484,757,8,7,1,8
116,13,moe,809,35,3072,5301,2343,1642,105,0,0,1018,634,8,6,2,8
116,14,moe,744,41,4401,9269,3297,3094,238,0,0,2228,650,8,4,4,8
116,15,moe,690,34,4098,5226,2680,2819,190,0,0,1591,764,8,5,3,8
116,16,moe,744,37,2046,1038,1336,1628,98,0,0,1016,645,8,6,2,8
116,17,moe,820,35,4434,7979,3313,3108,223,0,0,2210,661,8,4,4,8
116,18,moe,740,36,5304,7800,3325,3962,282,0,0,2265,673,8,4,4,8
116,19,moe,649,39,4777,5754,3436,3228,607,0,0,2494,639,8,4,4,8
116,20,moe,735,37,3661,7473,2833,2372,171,0,0,1715,650,8,5,3,8
116,21,moe,816,38,5512,8091,3508,3819,687,0,0,2502,757,8,4,4,8
116,22,moe,822,37,4799,6148,3472,3200,401,0,0,2274,638,8,4,4,8
116,23,moe,676,37,4170,5578,2763,2842,193,0,0,1628,757,8,5,3,8
116,24,moe,845,37,7128,13678,5062,4501,315,2,0,2752,759,8,3,5,8
116,25,moe,815,37,6377,12654,4322,4498,328,0,0,2771,763,8,3,5,8
116,26,moe,688,36,6876,8169,4413,5507,386,0,0,3430,764,8,2,6,8
116,-1,epi,0,0,0,0,0,0,0,0,6112,0,0,0,0,0,0
117,-2,pre,212,0,0,0,0,0,0,0,0,0,0,0,0,0,0
117,0,dense,1505,48,0,0,0,0,0,0,0,0,0,0,0,0,0
117,1,moe,843,37,6371,13417,4340,4658,341,0,0,2968,772,8,3,5,8
117,2,moe,762,34,4928,8028,3235,3662,255,0,0,2224,668,8,4,4,8
117,3,moe,620,37,6288,13450,4236,4585,332,0,0,2865,762,8,3,5,8
117,4,moe,752,38,5510,7194,3910,3996,267,0,0,2663,569,8,3,5,8
117,5,moe,730,36,2837,4818,2238,1642,113,0,0,1156,613,8,6,2,8
117,6,moe,718,33,3509,5558,2441,1980,136,0,0,1048,659,8,6,2,8
117,7,moe,609,32,2922,4968,2164,1726,112,0,0,1080,560,8,6,2,8
117,8,moe,741,32,2717,4831,2152,1563,103,0,0,1101,638,8,6,2,8
117,9,moe,817,34,6355,11056,4094,4735,327,0,0,2801,762,8,3,5,8
117,10,moe,742,33,3766,7430,2805,2377,169,0,0,1585,641,8,5,3,8
117,11,moe,688,33,5332,10557,3958,3878,264,0,0,2768,637,8,3,5,8
117,12,moe,748,35,4149,8269,2772,2828,200,0,0,1651,761,8,5,3,8
117,13,moe,822,30,4730,9411,3474,3210,235,0,0,2189,635,8,4,4,8
117,14,moe,760,34,3581,7334,2748,2339,199,0,0,1705,640,8,5,3,8
117,15,moe,685,30,4925,7957,3115,3695,253,0,0,2138,759,8,4,4,8
117,16,moe,743,33,5740,12058,4224,3992,283,0,0,2759,637,8,3,5,8
117,17,moe,812,31,2863,4920,2292,1564,109,0,0,1102,645,8,6,2,8
117,18,moe,750,31,7255,10984,4600,5541,395,0,0,3281,756,8,2,6,8
117,19,moe,707,30,4021,7290,3035,2408,165,0,0,1587,634,8,5,3,8
117,20,moe,746,32,2731,4904,2165,1558,116,0,0,1108,641,8,6,2,8
117,21,moe,817,29,3396,5062,2330,1892,304,0,0,1130,835,8,6,2,8
117,22,moe,816,31,3813,4936,2799,2385,313,0,0,1684,680,8,5,3,8
117,23,moe,684,29,4265,7788,2865,2837,191,0,0,1628,760,8,5,3,8
117,24,moe,788,31,6751,13246,4720,4625,314,0,0,2908,762,8,3,5,8
117,25,moe,808,30,4042,8517,2822,2731,196,0,0,1707,757,8,5,3,8
117,26,moe,692,33,6523,13853,4405,4585,329,0,0,2796,743,8,3,5,8
117,-1,epi,0,0,0,0,0,0,0,0,6020,0,0,0,0,0,0
118,-2,pre,210,0,0,0,0,0,0,0,0,0,0,0,0,0,0
118,0,dense,1518,34,0,0,0,0,0,0,0,0,0,0,0,0,0
118,1,moe,847,32,7680,14652,5244,5636,398,0,0,3598,683,8,2,6,8
118,2,moe,675,32,5097,8384,3443,3733,272,0,0,2351,758,8,4,4,8
118,3,moe,684,32,5919,9282,3892,4525,311,0,0,2809,756,8,3,5,8
118,4,moe,752,30,3717,5093,2727,2390,159,0,0,1559,643,8,5,3,8
118,5,moe,823,32,5726,11537,4316,3897,280,0,0,2767,642,8,3,5,8
118,6,moe,745,31,5430,11056,3529,3782,275,0,0,2156,798,8,4,4,8
118,7,moe,649,31,7352,14316,5442,5058,365,0,0,3513,563,8,2,6,8
118,8,moe,672,32,3666,7451,2825,2317,161,0,0,1637,642,8,5,3,8
118,9,moe,812,31,5271,7649,3467,3768,249,0,0,2213,766,8,4,4,8
118,10,moe,739,33,4300,8258,3307,2401,162,0,0,1570,637,8,5,3,8
118,11,moe,685,29,3602,7558,2773,2354,168,0,0,1693,639,8,5,3,8
118,12,moe,740,31,3337,5487,2338,1915,123,0,0,1039,759,8,6,2,8
118,13,moe,812,35,1990,2353,1492,866,221,0,0,589,639,8,7,1,8
118,14,moe,746,31,4517,9532,3360,3138,243,0,0,2224,561,8,4,4,8
118,15,moe,605,32,6842,13641,4591,4741,346,0,0,2836,763,8,3,5,8
118,16,moe,739,33,8382,16919,6279,5594,383,0,0,3874,635,8,1,7,8
118,17,moe,830,37,7065,14951,5412,4699,338,0,0,3384,645,8,2,6,8
118,18,moe,771,48,5120,8078,3265,3725,255,0,0,2125,764,8,4,4,8
118,19,moe,680,31,4855,10175,3543,3221,404,0,0,2313,636,8,4,4,8
118,20,moe,738,33,3531,5058,2690,2301,164,0,0,1624,685,8,5,3,8
118,21,moe,818,30,3208,5396,2213,1919,134,0,0,1058,782,8,6,2,8
118,22,moe,810,32,4266,7973,3238,2417,343,0,0,1732,643,8,5,3,8
118,23,moe,690,36,6146,11557,3902,4626,341,0,0,2723,765,8,3,5,8
118,24,moe,723,35,4322,8208,3004,2862,194,0,0,1738,768,8,5,3,8
118,25,moe,811,35,3979,5467,2732,2717,194,0,0,1664,757,8,5,3,8
118,26,moe,681,31,4593,7910,3370,2682,185,0,0,1644,757,8,5,3,8
118,-1,epi,0,0,0,0,0,0,0,0,6141,0,0,0,0,0,0
119,-2,pre,204,0,0,0,0,0,0,0,0,0,0,0,0,0,0
119,0,dense,1509,36,0,0,0,0,0,0,0,0,0,0,0,0,0
119,1,moe,869,37,4997,8467,3362,3680,253,0,0,2298,791,8,4,4,8
119,2,moe,784,40,6304,11151,4160,4622,355,0,0,2833,680,8,3,5,8
119,3,moe,652,35,4894,5930,3191,3907,272,0,0,2476,736,8,4,4,8
119,4,moe,719,34,2857,4787,2150,1613,104,0,0,1010,640,8,6,2,8
119,5,moe,847,36,3253,4548,2410,2317,170,0,0,1644,640,8,5,3,8
119,6,moe,771,34,2000,2302,1407,1016,58,0,0,481,781,8,7,1,8
119,7,moe,703,32,3023,1654,2026,2501,161,0,0,1665,642,8,5,3,8
119,8,moe,747,37,2757,4875,2178,1561,116,0,0,1098,644,8,6,2,8
119,9,moe,823,39,4059,5240,2646,2828,189,0,0,1604,705,8,5,3,8
119,10,moe,668,35,7895,14736,5831,5706,388,0,0,4030,644,8,1,7,8
119,11,moe,622,31,6707,14202,5054,4867,348,0,0,3562,634,8,2,6,8
119,12,moe,742,32,4250,5321,2833,2818,176,0,0,1577,787,8,5,3,8
119,13,moe,846,36,3131,2540,2131,2442,165,0,0,1607,656,8,5,3,8
119,14,moe,772,34,4725,8643,3593,3219,222,0,0,2309,660,8,4,4,8
119,15,moe,725,32,5256,11032,3352,3800,264,0,0,2160,736,8,4,4,8
119,16,moe,757,35,1175,467,739,860,55,0,0,479,619,8,7,1,8
119,17,moe,820,35,2868,5362,2303,1554,105,0,0,1094,694,8,6,2,8
119,18,moe,762,33,4162,8323,2709,2838,195,0,0,1580,804,8,5,3,8
119,19,moe,704,51,3431,4756,2461,2386,163,0,0,1579,648,8,5,3,8
119,20,moe,726,37,5244,3893,3653,4038,650,0,0,3097,598,8,3,5,8
119,21,moe,777,42,5209,12782,4122,1918,298,0,0,1129,770,8,6,2,8
119,22,moe,828,40,2079,1024,1364,1629,110,0,0,1024,647,8,6,2,8
119,23,moe,691,36,2141,2885,1558,1024,65,0,0,506,884,8,7,1,8
119,24,moe,1300,42,3740,4915,2497,2749,189,0,0,1695,799,8,5,3,8
119,25,moe,887,78,4719,5946,3065,3711,275,0,0,2332,830,8,4,4,8
119,26,moe,713,49,3958,7706,2728,2686,201,0,0,1657,794,8,5,3,8
119,-1,epi,0,0,0,0,0,0,0,0,6067,0,0,0,0,0,0
120,-2,pre,185,0,0,0,0,0,0,0,0,0,0,0,0,0,0
120,0,dense,1279,43,0,0,0,0,0,0,0,0,0,0,0,0,0
120,1,moe,780,41,3130,5415,2243,1920,134,0,0,1167,666,8,6,2,8
120,2,moe,710,43,4945,10567,3287,3652,258,0,0,2252,761,8,4,4,8
120,3,moe,694,36,6387,13888,4314,4654,320,0,0,2901,767,8,3,5,8
120,4,moe,751,37,2862,4891,2111,1642,112,0,0,1003,649,8,6,2,8
120,5,moe,833,38,4863,12137,3757,3093,231,0,0,2218,654,8,4,4,8
120,6,moe,752,40,5184,11132,3347,3712,257,0,0,2132,713,8,4,4,8
120,7,moe,610,40,3054,5098,2291,1733,112,0,0,1082,558,8,6,2,8
120,8,moe,741,38,4864,9867,3658,3147,425,0,0,2366,566,8,4,4,8
120,9,moe,727,38,10,0,0,0,0,0,10,0,644,8,8,0,8
120,10,moe,672,36,2418,2921,1863,1593,109,0,0,1147,644,8,6,2,8
120,11,moe,703,35,3592,5326,2756,2329,160,0,0,1653,643,8,5,3,8
120,12,moe,771,36,1979,2627,1359,1028,61,0,0,469,762,8,7,1,8
120,13,moe,818,36,5492,9854,3871,3225,1081,0,0,2685,618,8,4,4,8
120,14,moe,731,37,1029,465,731,793,54,0,0,549,591,8,7,1,8
120,15,moe,613,35,5039,5547,3145,3926,257,0,0,2289,770,8,4,4,8
120,16,moe,750,45,5302,6426,3745,3965,280,0,0,2688,649,8,3,5,8
120,17,moe,817,39,3097,2936,2254,2300,157,0,0,1614,649,8,5,3,8
120,18,moe,744,36,8745,13227,5654,6677,461,1,0,4048,763,8,1,7,8
120,19,moe,681,35,4916,7336,3500,3159,714,0,0,2457,596,8,4,4,8
120,20,moe,681,38,4197,3102,3125,2468,1128,0,0,2524,744,8,5,3,8
120,21,moe,815,39,2511,1510,1450,1928,130,0,0,997,715,8,6,2,8
120,22,moe,730,38,6792,7266,4849,4925,667,0,0,3649,644,8,2,6,8
120,23,moe,682,34,5271,8495,3419,3806,263,0,0,2217,712,8,4,4,8
120,24,moe,825,64,4802,5781,3149,3748,283,0,0,2378,899,8,4,4,8
120,25,moe,1263,37,4630,5443,2980,3632,259,0,0,2241,1181,8,4,4,8
120,26,moe,803,93,3355,2375,2126,2748,177,0,0,1696,757,8,5,3,8
120,-1,epi,0,0,0,0,0,0,0,0,6196,0,0,0,0,0,0
121,-2,pre,204,0,0,0,0,0,0,0,0,0,0,0,0,0,0
121,0,dense,1521,45,0,0,0,0,0,0,0,0,0,0,0,0,0
121,1,moe,849,46,8250,7945,4538,6765,471,0,0,3524,821,8,2,6,8
121,2,moe,796,64,6297,11448,4153,4744,346,0,0,2946,787,8,3,5,8
121,3,moe,706,41,9305,14259,5899,7432,518,0,0,4544,671,8,0,8,8
121,4,moe,857,44,4496,5336,3220,3165,233,0,0,2122,639,8,4,4,8
121,5,moe,953,41,2434,2384,1866,1550,105,0,0,1087,643,8,6,2,8
121,6,moe,923,38,4273,7911,2793,2859,202,0,0,1581,772,8,5,3,8
121,7,moe,699,36,4204,5077,2954,3136,214,0,0,2100,642,8,4,4,8
121,8,moe,878,37,6986,15581,5873,3074,208,0,0,2169,645,8,4,4,8
121,9,moe,818,40,4265,5431,2737,2811,391,0,0,1674,764,8,5,3,8
121,10,moe,742,37,5375,5235,3595,4191,288,0,0,2699,582,8,3,5,8
121,11,moe,607,39,7183,6406,5068,5753,414,0,0,4052,616,8,1,7,8
121,12,moe,682,42,6646,13190,4373,4926,383,0,0,3036,762,8,3,5,8
121,13,moe,818,38,3717,5128,2687,2469,169,0,0,1608,671,8,5,3,8
121,14,moe,718,37,6727,16819,5343,3930,279,0,0,2825,668,8,3,5,8
121,15,moe,687,35,7412,8710,4527,5939,383,0,0,3437,764,8,2,6,8
121,16,moe,736,39,7421,6495,5105,5611,908,0,0,4203,620,8,1,7,8
121,17,moe,724,37,4430,4611,3232,3288,218,0,0,2308,570,8,4,4,8
121,18,moe,672,37,6432,9140,4174,4933,329,0,0,3004,763,8,3,5,8
121,19,moe,682,36,6591,8420,4559,4897,555,0,0,3420,1099,8,2,6,8
121,20,moe,678,38,9885,5291,7271,4650,4329,0,0,6365,659,8,2,6,8
121,21,moe,803,40,8044,8297,4485,4656,2194,0,0,3291,750,8,3,5,8
121,22,moe,821,41,8990,16115,6495,5657,2097,0,0,5259,634,8,1,7,8
121,23,moe,677,37,8171,9689,5194,5659,1288,0,0,3970,1303,8,2,6,8
121,24,moe,7965,41,12258,21219,8879,6361,2433,0,0,5415,1341,8,1,7,8
121,25,moe,5666,42,8761,11910,5806,6359,673,0,0,4077,751,8,1,7,8
121,26,moe,842,36,4888,6429,3258,3726,241,0,0,2337,759,8,4,4,8
121,-1,epi,0,0,0,0,0,0,0,0,6024,0,0,0,0,0,0
122,-2,pre,219,0,0,0,0,0,0,0,0,0,0,0,0,0,0
122,0,dense,2328,44,0,0,0,0,0,0,0,0,0,0,0,0,0
122,1,moe,1053,38,6544,12478,4515,4700,357,1,0,3029,768,8,3,5,8
122,2,moe,885,38,2873,2787,2042,1788,117,0,0,1074,757,8,6,2,8
122,3,moe,690,35,6070,11105,4011,4553,333,0,0,2827,763,8,3,5,8
122,4,moe,737,36,8262,23123,6716,3939,277,0,0,2670,664,8,3,5,8
122,5,moe,815,42,2327,2322,1767,1541,107,0,0,1088,635,8,6,2,8
122,6,moe,763,83,1444,530,807,1099,60,0,0,522,757,8,7,1,8
122,7,moe,714,35,4057,8562,3036,2467,164,0,0,1610,650,8,5,3,8
122,8,moe,743,38,1657,2515,1372,777,53,0,0,545,644,8,7,1,8
122,9,moe,822,36,3873,6834,2826,1935,126,0,0,1014,750,8,6,2,8
122,10,moe,742,36,3632,5025,2644,2386,161,0,0,1559,642,8,5,3,8
122,11,moe,693,34,4758,9255,3640,3148,224,0,0,2254,656,8,4,4,8
122,12,moe,741,38,9,0,0,0,0,0,9,0,766,8,8,0,8
122,13,moe,827,40,1647,2337,1363,778,51,0,0,545,642,8,7,1,8
122,14,moe,744,36,3684,7994,2852,2313,164,0,0,1645,644,8,5,3,8
122,15,moe,693,35,3222,5775,2184,1943,122,0,0,1027,763,8,6,2,8
122,16,moe,743,36,1743,2210,1321,846,51,0,0,475,637,8,7,1,8
122,17,moe,820,40,4541,5862,3378,3145,377,0,0,2359,643,8,4,4,8
122,18,moe,742,209,4354,7877,3135,1905,655,0,0,1341,755,8,6,2,8
122,19,moe,694,35,5668,13307,4675,2387,160,0,0,1554,639,8,5,3,8
122,20,moe,743,36,4806,7206,3522,3114,765,0,0,2595,668,8,4,4,8
122,21,moe,819,39,6247,6207,3944,3719,1613,0,0,3029,819,8,4,4,8
122,22,moe,816,38,7012,11346,4994,4882,864,0,0,3728,659,8,2,6,8
122,23,moe,697,40,3320,2425,2092,1911,655,1,0,1339,812,8,6,2,8
122,24,moe,815,38,8678,11685,5747,5425,1492,0,0,3986,823,8,2,6,8
122,25,moe,821,39,8308,24454,6200,4603,455,0,0,2950,766,8,3,5,8
122,26,moe,689,38,4755,8043,3124,3583,255,0,0,2207,761,8,4,4,8
122,-1,epi,0,0,0,0,0,0,0,0,6130,0,0,0,0,0,0
123,-2,pre,240,0,0,0,0,0,0,0,0,0,0,0,0,0,0
123,0,dense,1514,39,0,0,0,0,0,0,0,0,0,0,0,0,0
123,1,moe,1057,38,3707,7714,2810,1799,373,0,0,1275,926,8,6,2,8
123,2,moe,800,33,6733,13406,4526,4669,335,0,0,2797,807,8,3,5,8
123,3,moe,727,35,4761,5573,3133,3603,241,0,0,2216,766,8,4,4,8
123,4,moe,750,33,3565,5423,2553,2403,164,0,0,1555,646,8,5,3,8
123,5,moe,820,36,3399,5128,2571,2301,173,0,0,1646,663,8,5,3,8
123,6,moe,747,33,3219,3614,2184,1913,114,0,0,992,766,8,6,2,8
123,7,moe,695,31,4750,11123,3457,3283,223,0,0,2213,647,8,4,4,8
123,8,moe,750,32,1694,2503,1406,773,51,0,0,536,647,8,7,1,8
123,9,moe,819,30,13,0,0,0,0,0,13,0,762,8,8,0,8
123,10,moe,755,32,3069,5648,2495,1557,107,0,0,1090,574,8,6,2,8
123,11,moe,618,30,5781,12344,4397,4060,281,0,0,2957,666,8,3,5,8
123,12,moe,747,29,4486,7950,3093,2807,193,0,0,1607,768,8,5,3,8
123,13,moe,823,35,4416,9705,3350,2501,253,0,0,1688,646,8,5,3,8
123,14,moe,750,33,1641,2221,1358,773,51,0,0,541,644,8,7,1,8
123,15,moe,690,31,3272,5512,2264,1917,128,0,0,1037,802,8,6,2,8
123,16,moe,745,33,2559,2455,1846,1624,103,0,0,1014,640,8,6,2,8
123,17,moe,821,32,5479,9021,4205,3103,1249,0,0,3078,645,8,4,4,8
123,18,moe,752,36,3137,5321,2119,1900,124,0,0,1006,763,8,6,2,8
123,19,moe,688,30,3496,2630,2619,1627,1053,0,0,1803,1107,8,6,2,8
123,20,moe,740,32,3600,7669,2766,2370,166,0,0,1702,643,8,5,3,8
123,21,moe,823,34,1340,498,709,1031,60,0,0,460,764,8,7,1,8
123,22,moe,825,32,3046,6715,2292,1640,114,0,0,1000,1244,8,6,2,8
123,23,moe,693,34,4710,5431,3007,2791,903,0,0,1991,763,8,5,3,8
123,24,moe,817,36,4297,8852,3037,2855,205,0,0,1800,800,8,5,3,8
123,25,moe,822,34,6244,11108,4175,3619,1341,0,0,2891,774,8,4,4,8
123,26,moe,6554,35,6072,10832,4037,4584,332,0,0,2881,795,8,3,5,8
123,-1,epi,0,0,0,0,0,0,0,0,6152,0,0,0,0,0,0
124,-2,pre,38,0,0,0,0,0,0,0,0,0,0,0,0,0,0
124,0,dense,5456,34,0,0,0,0,0,0,0,0,0,0,0,0,0
124,1,moe,7777,80,3906,3386,2591,2686,413,0,0,1784,765,8,5,3,8
124,2,moe,7813,36,6001,6976,3871,4699,463,0,0,3032,797,8,3,5,8
124,3,moe,9972,31,5983,10840,3937,4597,338,0,0,2889,764,8,3,5,8
124,4,moe,7466,34,3532,7013,2805,1655,114,0,0,1042,634,8,6,2,8
124,5,moe,7635,34,3622,7436,2778,2406,174,0,0,1736,640,8,5,3,8
124,6,moe,4596,37,3442,5480,2411,1932,116,1,0,1018,753,8,6,2,8
124,7,moe,12474,34,2354,2691,1646,1625,104,0,0,1021,653,8,6,2,8
124,8,moe,5497,34,3315,4960,2480,2340,171,0,0,1676,636,8,5,3,8
124,9,moe,6813,35,4285,8775,2833,2816,197,1,0,1562,755,8,5,3,8
124,10,moe,742,35,3802,7207,2801,2444,167,0,0,1610,671,8,5,3,8
124,11,moe,726,81,3895,3248,2789,3115,213,0,0,2222,646,8,4,4,8
124,12,moe,744,34,3936,5592,2498,2822,210,0,0,1594,765,8,5,3,8
124,13,moe,814,36,3901,7914,2857,2423,201,0,0,1580,641,8,5,3,8
124,14,moe,742,35,5254,7346,3762,2318,1847,0,0,2673,658,8,5,3,8
124,15,moe,717,32,5275,9382,3575,2825,1197,1,0,2323,760,8,5,3,8
124,16,moe,744,43,6788,5667,5135,3172,2717,0,0,4236,698,8,4,4,8
124,17,moe,812,34,5518,7522,4046,3093,1320,0,0,2941,740,8,4,4,8
124,18,moe,737,33,6471,11046,4204,4902,357,0,0,2992,760,8,3,5,8
124,19,moe,685,33,5089,7577,3746,3302,413,0,0,2372,638,8,4,4,8
124,20,moe,739,34,7556,12816,6228,3069,3274,0,0,5015,656,8,4,4,8
124,21,moe,810,34,3526,2598,2267,1929,673,0,0,1343,804,8,6,2,8
124,22,moe,808,34,2800,4777,2111,1601,104,0,0,1016,638,8,6,2,8
124,23,moe,684,29,10341,19203,7334,4713,3163,0,0,4869,804,8,3,5,8
124,24,moe,815,36,6258,9001,4272,3581,1453,0,0,3048,770,8,4,4,8
124,25,moe,810,34,4812,8565,3106,2768,987,0,0,2049,751,8,5,3,8
124,26,moe,687,32,5909,8606,3858,4557,326,0,0,2832,779,8,3,5,8
124,-1,epi,0,0,0,0,0,0,0,0,6097,0,0,0,0,0,0
125,-2,pre,200,0,0,0,0,0,0,0,0,0,0,0,0,0,0
125,0,dense,1509,33,0,0,0,0,0,0,0,0,0,0,0,0,0
125,1,moe,851,37,5629,12291,3978,3729,319,0,0,2397,797,8,4,4,8
125,2,moe,750,36,6785,13288,4597,4507,710,0,0,3029,971,8,3,5,8
125,3,moe,855,32,2692,3326,1872,1794,122,0,0,1096,972,8,6,2,8
125,4,moe,1060,35,5967,8011,4669,3143,211,0,0,2056,689,8,4,4,8
125,5,moe,817,34,3573,7427,2727,2323,180,1,0,1658,674,8,5,3,8
125,6,moe,741,33,2074,2602,1472,1007,57,0,0,462,754,8,7,1,8
125,7,moe,683,31,4166,7296,3188,2408,155,0,0,1585,636,8,5,3,8
125,8,moe,748,32,4408,10511,3298,3085,222,0,0,2197,648,8,4,4,8
125,9,moe,3632,34,2875,3464,1847,1926,124,0,0,1022,752,8,6,2,8
125,10,moe,7085,32,3694,7340,2709,2388,181,0,0,1584,646,8,5,3,8
125,11,moe,15132,36,3488,5006,2651,2303,159,0,0,1625,634,8,5,3,8
125,12,moe,784,77,3470,5224,2417,1934,122,0,0,1003,756,8,6,2,8
125,13,moe,807,32,3665,5010,2661,2426,164,0,0,1586,1071,8,5,3,8
125,14,moe,757,32,4581,4683,3292,3095,717,0,0,2523,644,8,4,4,8
125,15,moe,686,256,3635,3762,2407,1898,641,0,0,1311,760,8,6,2,8
125,16,moe,739,36,4764,7642,3762,2388,157,0,0,1543,644,8,5,3,8
125,17,moe,819,37,4551,5823,3432,3089,215,0,0,2185,640,8,4,4,8
125,18,moe,738,37,6487,8088,4072,4612,722,0,0,2919,756,8,3,5,8
125,19,moe,685,35,2548,2414,1853,1596,110,0,0,1011,641,8,6,2,8
125,20,moe,738,35,4670,3786,3363,3121,851,0,0,2665,638,8,4,4,8
125,21,moe,810,39,4052,5793,2611,2844,201,0,0,1604,756,8,5,3,8
125,22,moe,807,37,5023,9742,3973,2447,317,0,0,1714,1085,8,5,3,8
125,23,moe,679,35,4576,5091,2859,2804,924,0,0,2011,758,8,5,3,8
125,24,moe,811,37,6429,8218,4202,3607,1861,0,0,3241,762,8,4,4,8
125,25,moe,820,42,5830,3204,3603,3611,1572,0,0,2956,816,8,4,4,8
125,26,moe,689,36,2174,1139,1347,1788,118,0,0,1079,760,8,6,2,8
125,-1,epi,0,0,0,0,0,0,0,0,6114,0,0,0,0,0,0
126,-2,pre,196,0,0,0,0,0,0,0,0,0,0,0,0,0,0
126,0,dense,1506,41,0,0,0,0,0,0,0,0,0,0,0,0,0
126,1,moe,840,36,9319,13950,6337,5556,2179,0,0,4753,767,8,2,6,8
126,2,moe,752,44,3993,9060,3167,1819,135,1,0,1129,805,8,6,2,8
126,3,moe,691,40,8279,11584,6069,4604,2493,0,0,4887,764,8,3,5,8
126,4,moe,741,37,4751,9163,3408,3172,388,0,0,2217,707,8,4,4,8
126,5,moe,1129,41,4827,9462,3703,3144,248,0,0,2268,784,8,4,4,8
126,6,moe,764,38,2095,2520,1461,1040,57,0,0,463,758,8,7,1,8
126,7,moe,697,35,4468,7072,3167,3194,246,0,0,2139,661,8,4,4,8
126,8,moe,743,37,3733,5371,2887,2321,158,0,0,1633,642,8,5,3,8
126,9,moe,816,39,10,0,0,0,0,0,10,0,760,8,8,0,8
126,10,moe,749,35,2979,5598,2426,1542,106,0,0,1095,640,8,6,2,8
126,11,moe,700,33,4853,8438,3756,3195,215,0,0,2313,650,8,4,4,8
126,12,moe,4005,35,2771,2932,1692,1969,120,0,0,1010,757,8,6,2,8
126,13,moe,9199,44,1744,2261,1301,840,52,0,0,449,629,8,7,1,8
126,14,moe,5623,36,3823,9308,2988,2387,164,0,0,1716,637,8,5,3,8
126,15,moe,686,40,7045,11773,4559,4718,1084,0,0,3316,759,8,3,5,8
126,16,moe,741,37,6649,11386,5045,3187,1974,0,0,3557,648,8,4,4,8
126,17,moe,813,38,5596,10524,4170,3175,1307,0,0,3056,645,8,4,4,8
126,18,moe,742,37,6268,9258,4000,4660,331,0,0,2723,757,8,3,5,8
126,19,moe,680,36,4506,7129,3237,3153,233,0,0,2117,645,8,4,4,8
126,20,moe,741,39,4593,9631,3482,3076,230,0,0,2195,679,8,4,4,8
126,21,moe,818,39,5983,10912,3892,3797,970,0,0,2676,765,8,4,4,8
126,22,moe,828,38,3877,7854,2889,2441,184,0,0,1637,640,8,5,3,8
126,23,moe,685,34,6391,11661,4145,3725,1394,0,0,2873,760,8,4,4,8
126,24,moe,821,36,8507,10848,5732,4550,2757,0,0,4532,764,8,3,5,8
126,25,moe,820,39,6645,9278,4322,4514,1127,0,0,3318,764,8,3,5,8
126,26,moe,685,36,7957,18494,5461,5558,400,0,0,3462,769,8,2,6,8
126,-1,epi,0,0,0,0,0,0,0,0,6099,0,0,0,0,0,0
127,-2,pre,41,0,0,0,0,0,0,0,0,0,0,0,0,0,0
127,0,dense,1511,39,0,0,0,0,0,0,0,0,0,0,0,0,0
127,1,moe,839,41,8377,15831,5796,5614,1444,0,0,4477,744,8,2,6,8
127,2,moe,726,38,9021,22712,6493,5395,718,0,0,3585,764,8,2,6,8
127,3,moe,685,33,4475,3536,2827,3634,280,0,0,2266,763,8,4,4,8
127,4,moe,748,37,5977,12025,4304,4039,327,0,0,2693,623,8,3,5,8
127,5,moe,740,39,2190,1068,1526,1656,281,0,0,1273,710,8,6,2,8
127,6,moe,1091,40,2049,2563,1445,1008,62,0,0,466,813,8,7,1,8
127,7,moe,686,42,2870,4779,2152,1635,104,0,0,1021,635,8,6,2,8
127,8,moe,736,35,4430,7353,3319,3110,217,0,0,2216,643,8,4,4,8
127,9,moe,810,37,2020,2408,1445,1008,58,0,0,491,757,8,7,1,8
127,10,moe,739,31,4202,9616,3200,2444,170,0,0,1612,649,8,5,3,8
127,11,moe,691,35,1888,1046,1335,1529,100,0,0,1076,638,8,6,2,8
127,12,moe,741,36,2962,3009,1979,1875,115,0,0,1007,757,8,6,2,8
127,13,moe,820,40,2536,2412,1838,1597,102,0,0,1001,657,8,6,2,8
127,14,moe,2375,35,5151,7486,3761,3909,296,0,0,2815,645,8,3,5,8
127,15,moe,8022,35,4278,2608,2668,2772,694,0,0,1856,757,8,5,3,8
127,16,moe,742,35,4873,2622,3495,2378,1671,0,0,2671,643,8,5,3,8
127,17,moe,809,39,3327,4822,2493,2298,173,0,0,1637,642,8,5,3,8
127,18,moe,745,36,6078,6767,3793,4668,314,0,0,2697,763,8,3,5,8
127,19,moe,695,39,4758,4835,3352,3153,716,0,0,2463,639,8,4,4,8
127,20,moe,742,37,6355,9229,4764,3081,1633,0,0,3123,713,8,4,4,8
127,21,moe,816,39,7424,7210,4768,4832,1347,0,0,3523,785,8,3,5,8
127,22,moe,814,41,3801,4995,2663,2363,666,0,0,1891,1536,8,5,3,8
127,23,moe,734,66,4227,8225,2729,2842,198,0,0,1542,767,8,5,3,8
127,24,moe,817,38,8285,13376,5464,5469,1237,0,0,3885,765,8,2,6,8
127,25,moe,816,38,6402,10786,4269,4539,683,0,0,3089,812,8,3,5,8
127,26,moe,689,37,7926,17807,5443,5427,458,0,0,3402,768,8,2,6,8
127,-1,epi,0,0,0,0,0,0,0,0,6112,0,0,0,0,0,0
128,-2,pre,191,0,0,0,0,0,0,0,0,0,0,0,0,0,0
128,0,dense,1512,42,0,0,0,0,0,0,0,0,0,0,0,0,0
128,1,moe,843,36,6652,10678,4485,4588,524,0,0,2945,764,8,3,5,8
128,2,moe,747,40,3859,6239,2620,2748,219,0,0,1728,805,8,5,3,8
128,3,moe,690,38,2844,3643,2005,1802,135,0,0,1098,857,8,6,2,8
128,4,moe,744,35,3979,8139,2962,2413,171,0,0,1567,646,8,5,3,8
128,5,moe,814,36,1726,2313,1388,777,211,0,0,650,640,8,7,1,8
128,6,moe,746,33,2818,2432,1806,1903,122,0,0,1013,936,8,6,2,8
128,7,moe,690,34,2351,2205,1664,1597,107,0,0,1017,643,8,6,2,8
128,8,moe,753,38,2695,4687,2136,1542,108,0,0,1091,662,8,6,2,8
128,9,moe,830,35,4767,8735,3263,2901,196,0,0,1593,771,8,5,3,8
128,10,moe,758,50,1841,2429,1375,862,51,0,0,447,645,8,7,1,8
128,11,moe,700,34,4700,7385,3589,3068,218,0,0,2175,645,8,4,4,8
128,12,moe,756,36,3003,2934,1983,1916,118,0,0,1014,783,8,6,2,8
128,13,moe,865,38,4344,6166,3459,1616,590,0,0,1321,637,8,6,2,8
128,14,moe,746,40,5080,10485,3970,3126,223,0,0,2239,683,8,4,4,8
128,15,moe,704,39,5987,11885,3935,3818,872,1,0,2639,764,8,4,4,8
128,16,moe,8645,40,5768,7403,3755,3153,1394,0,0,2534,665,8,4,4,8
128,17,moe,7398,39,7092,8225,5361,3918,1882,0,0,4069,652,8,3,5,8
128,18,moe,7547,39,3457,5674,2367,1948,310,0,0,1168,749,8,6,2,8
128,19,moe,9788,37,3533,4873,2524,2406,173,0,0,1570,665,8,5,3,8
128,20,moe,4261,39,2929,5125,2361,1544,121,0,0,1097,783,8,6,2,8
128,21,moe,7609,40,1842,2331,1198,1046,64,0,0,466,858,8,7,1,8
128,22,moe,802,38,3965,4866,3049,1607,1226,0,0,1917,681,8,6,2,8
128,23,moe,687,38,3771,2903,2343,2798,199,1,0,1570,865,8,5,3,8
128,24,moe,808,36,3043,3403,2060,1783,446,0,0,1246,940,8,6,2,8
128,25,moe,810,39,8849,13964,6065,4558,3156,0,0,4930,779,8,3,5,8
128,26,moe,2541,34,2968,4815,2135,1785,124,0,0,1076,781,8,6,2,8
128,-1,epi,0,0,0,0,0,0,0,0,6270,0,0,0,0,0,0
129,-2,pre,261,0,0,0,0,0,0,0,0,0,0,0,0,0,0
129,0,dense,1512,35,0,0,0,0,0,0,0,0,0,0,0,0,0
129,1,moe,835,34,5022,2090,3050,2699,1904,0,0,2631,783,8,5,3,8
129,2,moe,753,34,8773,8064,5771,5440,2281,0,0,4719,766,8,2,6,8
129,3,moe,692,32,6872,14521,5365,2766,1988,0,0,3247,757,8,5,3,8
129,4,moe,742,32,3882,5001,2816,2410,343,0,0,1687,632,8,5,3,8
129,5,moe,810,32,2849,5250,2285,1543,105,0,0,1084,633,8,6,2,8
129,6,moe,765,31,2106,2560,1454,1054,59,0,0,461,803,8,7,1,8
129,7,moe,848,28,4623,7401,3303,3179,461,0,0,2320,749,8,4,4,8
129,8,moe,1032,38,2857,5141,2243,1562,261,0,0,1209,734,8,6,2,8
129,9,moe,815,32,5708,11915,3840,3823,295,0,0,2250,817,8,4,4,8
129,10,moe,743,36,4673,7278,3382,3278,234,0,0,2221,690,8,4,4,8
129,11,moe,692,32,3700,4964,2790,2340,338,0,0,1768,665,8,5,3,8
129,12,moe,747,32,4562,8326,3096,2907,191,0,0,1632,764,8,5,3,8
129,13,moe,818,35,5019,9913,3657,3279,404,0,0,2321,642,8,4,4,8
129,14,moe,747,34,3169,4689,2461,1538,595,0,0,1425,659,8,6,2,8
129,15,moe,689,31,6423,11122,4198,4656,326,0,0,2757,762,8,3,5,8
129,16,moe,742,33,5440,5482,3841,3187,1221,0,0,2809,574,8,4,4,8
129,17,moe,731,35,3844,3099,2719,2456,744,0,0,2075,639,8,5,3,8
129,18,moe,735,35,8464,12144,5056,4718,2243,0,0,3553,1300,8,3,5,8
129,19,moe,709,36,5854,7534,4233,3267,1368,0,0,3014,1616,8,4,4,8
129,20,moe,744,34,8436,7213,6048,4644,2624,0,0,4880,687,8,2,6,8
129,21,moe,809,34,5318,8490,3368,3736,360,0,0,2146,759,8,4,4,8
129,22,moe,810,35,7470,12544,5248,3935,2087,0,0,3800,651,8,3,5,8
129,23,moe,698,36,4926,5690,3173,2838,894,0,0,1979,794,8,5,3,8
129,24,moe,885,60,6288,11864,4033,3652,1383,0,0,2780,778,8,4,4,8
129,25,moe,816,36,9424,13677,6137,5424,2578,0,0,4715,828,8,2,6,8
129,26,moe,682,33,6329,14090,4301,4622,341,0,0,2935,764,8,3,5,8
129,-1,epi,0,0,0,0,0,0,0,0,6105,0,0,0,0,0,0
130,-2,pre,248,0,0,0,0,0,0,0,0,0,0,0,0,0,0
130,0,dense,1519,38,0,0,0,0,0,0,0,0,0,0,0,0,0
130,1,moe,846,36,5878,6013,3689,2721,2085,0,0,2617,865,8,5,3,8
130,2,moe,757,36,5826,10648,3911,3658,1049,0,0,2792,771,8,4,4,8
130,3,moe,700,36,5204,8666,3551,3633,256,0,0,2236,1835,8,4,4,8
130,4,moe,740,36,8654,19739,6537,3970,3089,0,0,4942,696,8,3,5,8
130,5,moe,812,35,3843,8199,3006,2397,169,0,0,1729,689,8,5,3,8
130,6,moe,752,35,2101,2586,1474,1022,65,1,0,461,1304,8,7,1,8
130,7,moe,687,34,1739,2245,1303,859,50,0,0,473,636,8,7,1,8
130,8,moe,772,33,3914,5018,2725,1537,1133,0,0,1481,761,8,6,2,8
130,9,moe,838,37,5442,8173,3703,2872,1211,0,0,2344,792,8,5,3,8
130,10,moe,749,37,4510,9505,3439,2488,813,0,0,2230,640,8,5,3,8
130,11,moe,692,36,3605,5427,2763,2316,165,0,0,1639,641,8,5,3,8
130,12,moe,739,32,5607,13434,4200,2847,183,0,0,1623,765,8,5,3,8
130,13,moe,813,36,1792,2294,1368,834,52,0,0,462,648,8,7,1,8
130,14,moe,743,32,7663,23563,6775,2370,327,0,0,1809,631,8,5,3,8
130,15,moe,693,33,5259,5956,3302,3738,537,0,0,2318,852,8,4,4,8
130,16,moe,744,34,3745,8016,2758,2404,166,0,0,1583,1263,8,5,3,8
130,17,moe,808,36,4244,7986,3687,1538,102,0,0,1083,700,8,6,2,8
130,18,moe,739,33,4984,5286,3109,2818,1066,0,0,2009,758,8,5,3,8
130,19,moe,695,32,7179,10034,5195,4815,1010,0,0,3841,641,8,2,6,8
130,20,moe,746,32,7387,16009,5655,3851,2398,0,0,4517,646,8,3,5,8
130,21,moe,815,36,7214,13465,5377,2807,1228,0,0,2198,801,8,5,3,8
130,22,moe,814,36,8422,16931,6834,3181,1235,0,0,2828,647,8,4,4,8
130,23,moe,676,34,6337,12013,4683,2840,720,0,0,1906,748,8,5,3,8
130,24,moe,810,34,5854,10759,3894,3657,1238,0,0,2935,758,8,4,4,8
130,25,moe,807,34,7326,11214,4889,4551,1557,0,0,3671,1324,8,3,5,8
130,26,moe,712,35,4957,8597,3312,3587,264,0,0,2206,759,8,4,4,8
130,-1,epi,0,0,0,0,0,0,0,0,6068,0,0,0,0,0,0
