step,il,kind,route_us,readback_us,load_wall_us,pread_us,pread_wall_us,repack_us,placement_us,sync_us,load_other_us,load_hidden_us,compute_us,lookups,hits,misses,n_slots
0,-2,pre,266,0,0,0,0,0,0,0,0,0,0,0,0,0,0
0,0,dense,4795,144,0,0,0,0,0,0,0,0,0,0,0,0,0
0,1,moe,8938,189,40680,34593,17700,22727,0,0,253,0,2433,0,0,0,16
0,2,moe,5054,68,37055,28783,14692,22138,0,0,225,0,1899,0,0,0,16
0,3,moe,7799,58,30179,25102,12857,17150,0,0,172,0,1668,0,0,0,15
0,4,moe,3892,54,31769,22691,12271,19325,0,0,173,0,1624,0,0,0,16
0,5,moe,4138,57,35418,26617,13671,21600,0,0,147,0,1662,0,0,0,16
0,6,moe,3791,55,35597,32156,16384,19050,0,0,163,0,2214,0,0,0,16
0,7,moe,8200,50,30522,24018,12496,17882,0,0,144,0,1378,0,0,0,15
0,8,moe,4039,51,28429,23466,12089,16187,0,0,153,0,1537,0,0,0,16
0,9,moe,4296,51,34206,25506,13097,20971,0,0,138,0,1660,0,0,0,15
0,10,moe,4333,52,29010,24977,12810,16046,0,0,154,0,1541,0,0,0,16
0,11,moe,7298,48,31550,24653,12964,18445,0,0,141,0,1561,0,0,0,15
0,12,moe,4187,52,36544,26949,13844,22541,0,0,159,0,1775,0,0,0,16
0,13,moe,4066,53,27140,23275,12056,14940,0,0,144,0,1415,0,0,0,15
0,14,moe,3769,51,32723,24809,12808,19764,0,0,151,0,1522,0,0,0,16
0,15,moe,6942,52,42459,27345,14017,22516,0,0,5926,0,1704,0,0,0,15
0,16,moe,4209,55,29897,26523,13587,16145,0,0,165,0,1525,0,0,0,16
0,17,moe,4601,52,36303,25321,12917,23236,0,0,150,0,1615,0,0,0,16
0,18,moe,3864,58,34207,25914,13271,20781,0,0,155,0,1725,0,0,0,15
0,19,moe,7328,51,32185,24824,12769,19263,0,0,153,0,1968,0,0,0,16
0,20,moe,3661,62,27624,22496,11565,15877,0,1,181,0,1660,0,0,0,16
0,21,moe,1761,71,23088,8182,4187,18722,0,0,179,0,1859,0,0,0,16
0,22,moe,1748,72,18909,5483,2834,15894,0,0,181,0,1343,0,0,0,16
0,23,moe,1003,50,20908,6250,3315,17403,0,0,190,0,1521,0,0,0,15
0,24,moe,1756,70,22354,6703,3437,18719,0,0,198,0,1470,0,0,0,16
0,25,moe,1787,61,21706,6638,3396,18119,0,0,191,0,1823,0,0,0,16
0,26,moe,960,60,10789,3310,1736,8933,0,0,120,0,906,0,0,0,8
0,-1,epi,0,0,0,0,0,0,0,0,5615,0,0,0,0,0,0
1,-2,pre,48,0,0,0,0,0,0,0,0,0,0,0,0,0,0
1,0,dense,2468,57,0,0,0,0,0,0,0,0,0,0,0,0,0
1,1,moe,1297,73,23105,17340,8834,14141,0,1,129,0,1669,0,0,0,12
1,2,moe,1159,40,26212,20677,10616,15462,0,0,134,0,2194,0,0,0,13
1,3,moe,722,47,29250,25214,13073,16037,0,0,140,0,2107,0,0,0,14
1,4,moe,1157,39,25679,19966,10311,15218,0,0,150,0,1855,0,0,0,15
1,5,moe,1309,46,24684,20859,10946,13596,0,0,142,0,1743,0,0,0,14
1,6,moe,1151,43,27471,21152,10967,16340,0,0,164,0,1894,0,0,0,14
1,7,moe,714,36,29867,26417,13478,16240,0,1,148,0,1425,0,0,0,16
1,8,moe,1138,42,23463,19936,10287,13041,0,0,135,0,1268,0,0,0,13
1,9,moe,1298,41,30409,25826,13141,17089,0,0,179,0,1717,0,0,0,15
1,10,moe,1205,55,24383,18131,9353,14800,0,0,230,0,1441,0,0,0,15
1,11,moe,702,83,26078,21627,11173,14697,0,0,208,0,1508,0,0,0,15
1,12,moe,1156,53,32246,26854,13707,18327,0,0,212,0,1668,0,0,0,16
1,13,moe,1331,60,28992,29011,14844,13942,0,0,206,0,1500,0,0,0,14
1,14,moe,1466,48,27950,22414,11758,16028,0,0,164,0,1550,0,0,0,16
1,15,moe,872,52,29954,24245,12450,17360,0,0,144,0,1657,0,0,0,15
1,16,moe,1460,53,27895,22948,11819,15918,0,0,158,0,1611,0,0,0,16
1,17,moe,1494,52,23643,18816,9642,13868,0,0,133,0,1410,0,0,0,14
1,18,moe,1484,38,30754,25677,13170,17436,0,0,148,0,1750,0,0,0,15
1,19,moe,883,34,26992,22809,11669,15188,0,0,135,0,1376,0,0,0,15
1,20,moe,2849,39,26166,21873,11216,14814,0,0,136,0,1366,0,0,0,15
1,21,moe,1529,34,30947,26605,13758,17050,0,0,139,0,1527,0,0,0,15
1,22,moe,1319,40,18608,6576,3502,14945,0,0,161,0,1734,0,0,0,15
1,23,moe,711,41,21606,6539,3338,18094,0,0,174,0,1423,0,0,0,16
1,24,moe,1367,55,18967,5907,3012,15776,0,0,179,0,1394,0,0,0,14
1,25,moe,1298,37,21060,6563,3343,17545,0,0,172,0,2402,0,0,0,16
1,26,moe,680,34,14604,3253,1673,12813,0,1,117,0,816,0,0,0,8
1,-1,epi,0,0,0,0,0,0,0,0,5563,0,0,0,0,0,0
2,-2,pre,3934,0,0,0,0,0,0,0,0,0,0,0,0,0,0
2,0,dense,120880,54,0,0,0,0,0,0,0,0,0,0,0,0,0
2,1,moe,59016,182,641615,526113,263824,374186,0,7,3598,0,166137,0,0,0,216
2,2,moe,49298,209,580867,346916,174214,393799,0,0,12854,0,101120,0,0,0,224
2,3,moe,29087,213,483256,324413,162806,317621,0,0,2829,0,159780,0,0,0,200
2,4,moe,46810,216,406069,265716,133513,269807,0,0,2749,0,76827,0,0,0,185
2,5,moe,49376,226,369671,226343,113866,253230,0,0,2575,0,80322,0,0,0,164
2,6,moe,46184,199,389263,276106,138814,247893,0,0,2556,0,93868,0,0,0,171
2,7,moe,26835,227,350372,246866,124013,223903,0,0,2456,0,83359,0,0,0,167
2,8,moe,43427,183,376214,254733,127924,245660,0,0,2630,0,83048,0,0,0,179
2,9,moe,44359,222,380739,237592,119517,258673,0,0,2549,0,98936,0,0,0,172
2,10,moe,44825,228,343109,237220,119245,221081,0,0,2783,0,79014,0,0,0,189
2,11,moe,26985,196,326780,248261,124737,199457,0,0,2586,0,75959,0,0,0,187
2,12,moe,45512,209,387854,283615,142489,242646,0,1,2718,0,113256,0,0,0,178
2,13,moe,56976,233,384242,231339,116518,264703,0,1,3020,0,75853,0,0,0,185
2,14,moe,53186,221,380214,223130,112249,265087,0,1,2877,0,71586,0,0,0,181
2,15,moe,30737,216,493942,275479,138386,352742,0,1,2813,0,130820,0,0,0,189
2,16,moe,47767,209,421669,245509,123420,295441,0,0,2808,0,70979,0,0,0,190
2,17,moe,50857,229,458752,238328,119808,336139,0,0,2805,0,71921,0,0,0,187
2,18,moe,49338,237,539377,274723,137993,398280,0,0,3104,0,105161,0,0,0,192
2,19,moe,26548,188,469775,246105,123682,342890,0,1,3202,0,71329,0,0,0,198
2,20,moe,44538,295,407195,240226,120750,283499,0,0,2946,0,73994,0,0,0,192
2,21,moe,54969,221,451918,266692,134056,314958,0,0,2904,0,87176,0,0,0,180
2,22,moe,58366,224,410487,239274,120311,287230,0,0,2946,0,72095,0,0,0,193
2,23,moe,36871,212,407735,270196,135812,269133,0,0,2790,0,99811,0,0,0,184
2,24,moe,56009,234,470587,270757,136071,331515,0,0,3001,0,91323,0,0,0,193
2,25,moe,59276,208,361490,248550,124994,233747,0,0,2749,0,87238,0,0,0,175
2,26,moe,32901,35,6,0,0,0,0,0,6,0,8,0,0,0,0
2,-1,epi,0,0,0,0,0,0,0,0,6,0,0,0,0,0,0
3,-2,pre,182,0,0,0,0,0,0,0,0,0,0,0,0,0,0
3,0,dense,17084,75,0,0,0,0,0,0,0,0,0,0,0,0,0
3,1,moe,9940,68,64107,37916,19390,44401,0,1,315,0,2229,0,0,0,26
3,2,moe,4636,54,51855,31988,16404,35190,0,0,261,0,1937,0,0,0,23
3,3,moe,8849,47,45327,31849,16286,28793,0,0,248,0,1930,0,0,0,22
3,4,moe,4819,48,36050,23828,12155,23689,0,0,206,0,1555,0,0,0,18
3,5,moe,4585,37,38736,25895,13262,25268,0,0,206,0,1618,0,0,0,20
3,6,moe,4443,41,49583,34163,17433,31914,0,0,236,0,1989,0,0,0,24
3,7,moe,9880,39,36405,24244,12372,23833,0,0,200,0,1600,0,0,0,19
3,8,moe,4520,35,31426,26672,13627,17608,0,0,191,0,1584,0,0,0,17
3,9,moe,4611,37,53134,38138,19427,33473,0,0,234,0,2197,0,0,0,23
3,10,moe,4913,42,43143,32985,16807,26095,0,0,241,0,2046,0,0,0,25
3,11,moe,8469,39,36829,24137,12488,24136,0,0,205,0,1679,0,0,0,19
3,12,moe,4461,38,44294,28153,14514,29586,0,0,194,0,1961,0,0,0,19
3,13,moe,4743,39,37894,29149,14896,22712,0,0,286,0,1875,0,0,0,22
3,14,moe,4635,39,39709,27078,13864,25593,0,0,252,0,1686,0,0,0,21
3,15,moe,8047,36,48120,30222,15502,32368,0,0,250,0,2213,0,0,0,21
3,16,moe,4803,37,35910,25306,12939,22716,0,0,255,0,2042,0,0,0,22
3,17,moe,4096,43,32187,11278,5758,26138,0,0,291,0,2303,0,0,0,25
3,18,moe,3806,39,41448,10741,5559,35600,0,0,289,0,2699,0,0,0,25
3,19,moe,8645,37,32555,8231,4201,28055,0,0,299,0,1873,0,0,0,24
3,20,moe,4749,35,28132,8855,4574,23285,0,0,273,0,1932,0,0,0,23
3,21,moe,1595,40,35974,11152,5704,29985,0,0,285,0,4520,0,0,0,24
3,22,moe,1384,45,43651,9257,4760,38578,0,0,313,0,2043,0,0,0,24
3,23,moe,1077,40,36072,10068,5200,30602,0,0,270,0,2211,0,0,0,22
3,24,moe,1428,194,42171,12987,7098,34753,0,0,320,0,2582,0,0,0,26
3,25,moe,1259,51,43699,13798,7059,36339,0,0,301,0,2399,0,0,0,24
3,26,moe,2576,41,16460,13253,7032,9309,0,0,119,0,650,0,0,0,8
3,-1,epi,0,0,0,0,0,0,0,0,38573,0,0,0,0,0,0
4,-2,pre,58,0,0,0,0,0,0,0,0,0,0,0,0,0,0
4,0,dense,1197,48,0,0,0,0,0,0,0,0,0,0,0,0,0
4,1,moe,710,40,14771,9490,5067,9585,0,0,119,0,623,0,0,0,8
4,2,moe,664,38,12242,4527,2524,9599,0,0,119,0,621,0,0,0,8
4,3,moe,477,34,13602,7019,3955,9532,0,0,115,0,622,0,0,0,8
4,4,moe,658,40,15578,7034,4002,11440,0,0,136,0,545,0,0,0,8
4,5,moe,721,37,12621,5211,2846,9665,0,0,110,0,555,0,0,0,8
4,6,moe,665,35,13028,6336,3742,9176,0,0,110,0,655,0,0,0,8
4,7,moe,491,33,11306,5790,3324,7869,0,0,113,0,562,0,0,0,8
4,8,moe,696,42,14493,5408,3010,11370,0,0,113,0,542,0,0,0,8
4,9,moe,712,37,12622,5821,3360,9153,0,0,109,0,647,0,0,0,8
4,10,moe,664,45,11194,5970,3246,7845,0,0,103,0,538,0,0,0,8
4,11,moe,483,35,14003,4570,2568,11328,0,0,107,0,541,0,0,0,8
4,12,moe,671,35,14549,9780,5271,9179,0,0,99,0,645,0,0,0,8
4,13,moe,708,35,10665,4933,2603,7974,0,0,88,0,523,0,0,0,8
4,14,moe,656,34,13042,5719,2996,9955,0,0,91,0,530,0,0,0,8
4,15,moe,483,161,13660,8073,4455,9111,0,0,94,0,655,0,0,0,8
4,16,moe,672,41,11364,6707,3469,7805,0,0,90,0,542,0,0,0,8
4,17,moe,710,43,11905,3548,1887,9915,0,0,103,0,527,0,0,0,8
4,18,moe,662,44,10931,3161,1630,9204,0,0,97,0,647,0,0,0,8
4,19,moe,492,42,9675,2773,1426,8138,0,0,111,0,590,0,0,0,8
4,20,moe,681,48,12286,3714,2169,10014,0,0,103,0,530,0,0,0,8
4,21,moe,699,37,12993,3138,1614,11277,0,0,102,0,622,0,0,0,8
4,22,moe,689,36,10643,3623,2365,8183,0,0,95,0,534,0,0,0,8
4,23,moe,483,31,11144,3172,1625,9418,0,0,101,0,618,0,0,0,8
4,24,moe,692,38,11238,3251,1674,9465,0,0,99,0,621,0,0,0,8
4,25,moe,702,43,15905,3187,1636,14164,0,1,104,0,623,0,0,0,8
4,26,moe,488,33,14592,9469,4898,9593,0,0,101,0,626,0,0,0,8
4,-1,epi,0,0,0,0,0,0,0,0,3827,0,0,0,0,0,0
5,-2,pre,217,0,0,0,0,0,0,0,0,0,0,0,0,0,0
5,0,dense,1170,38,0,0,0,0,0,0,0,0,0,0,0,0,0
5,1,moe,684,43,14392,8588,4634,9659,0,0,99,0,618,0,0,0,8
5,2,moe,658,37,17259,10734,5808,11359,0,0,92,0,620,0,0,0,8
5,3,moe,482,33,15641,11453,5943,9603,0,1,94,0,648,0,0,0,8
5,4,moe,660,38,14656,8247,4472,10082,0,0,102,0,602,0,0,0,8
5,5,moe,717,40,18185,7878,4028,14033,0,0,124,0,554,0,0,0,8
5,6,moe,673,40,13883,7538,3941,9841,0,0,101,0,658,0,0,0,8
5,7,moe,479,35,15185,5252,3114,11968,0,0,103,0,563,0,0,0,8
5,8,moe,687,39,11373,5248,3060,8200,0,0,113,0,541,0,0,0,8
5,9,moe,698,62,17138,10751,5620,11415,0,0,103,0,658,0,0,0,8
5,10,moe,667,39,15026,5648,2952,11973,0,0,101,0,540,0,0,0,8
5,11,moe,504,45,15657,10262,5555,10009,0,0,93,0,535,0,0,0,8
5,12,moe,668,39,14847,9730,5203,9546,0,0,98,0,631,0,0,0,8
5,13,moe,687,39,16355,7871,4385,11862,0,0,108,0,540,0,0,0,8
5,14,moe,664,37,17557,6399,3674,13787,0,1,95,0,557,0,0,0,8
5,15,moe,510,40,17009,9694,5161,11748,0,0,100,0,638,0,0,0,8
5,16,moe,670,39,14773,12230,6372,8304,0,0,97,0,579,0,0,0,8
5,17,moe,691,39,12995,4599,2745,10137,0,0,113,0,540,0,0,0,8
5,18,moe,662,38,11405,3196,1643,9657,0,0,105,0,632,0,0,0,8
5,19,moe,485,37,9790,2729,1407,8274,0,0,109,0,523,0,0,0,8
5,20,moe,658,40,9847,2789,1436,8308,0,0,103,0,531,0,0,0,8
5,21,moe,691,37,11257,3212,1658,9493,0,0,106,0,613,0,0,0,8
5,22,moe,687,37,9607,2701,1392,8119,0,0,96,0,525,0,0,0,8
5,23,moe,487,32,11268,3214,1649,9522,0,0,97,0,614,0,0,0,8
5,24,moe,688,38,11394,3277,1680,9617,0,0,97,0,617,0,0,0,8
5,25,moe,691,37,11345,3225,1668,9574,0,0,103,0,615,0,0,0,8
5,26,moe,477,32,13792,7490,4167,9534,0,0,91,0,616,0,0,0,8
5,-1,epi,0,0,0,0,0,0,0,0,3840,0,0,0,0,0,0
6,-2,pre,276,0,0,0,0,0,0,0,0,0,0,0,0,0,0
6,0,dense,1153,39,0,0,0,0,0,0,0,0,0,0,0,0,0
6,1,moe,694,40,13955,8399,4277,9572,0,0,106,0,611,0,0,0,8
6,2,moe,659,36,13384,6653,3665,9613,0,0,106,0,663,0,0,0,8
6,3,moe,518,38,15710,7456,4224,11387,0,0,99,0,622,0,0,0,8
6,4,moe,693,38,12062,6702,3713,8255,0,0,94,0,569,0,0,0,8
6,5,moe,727,41,13311,5354,3169,10044,0,0,98,0,537,0,0,0,8
6,6,moe,658,36,12355,4597,2871,9386,0,0,98,0,623,0,0,0,8
6,7,moe,479,34,13541,6138,3447,9997,0,0,97,0,530,0,0,0,8
6,8,moe,658,39,12552,8122,4205,8255,0,0,92,0,532,0,0,0,8
6,9,moe,700,39,13210,6547,3552,9569,0,0,89,0,616,0,0,0,8
6,10,moe,653,37,16654,8855,4643,11916,0,0,95,0,525,0,0,0,8
6,11,moe,474,31,11640,6475,3465,8083,0,0,92,0,615,0,0,0,8
6,12,moe,661,75,16027,6397,3303,12624,0,0,100,0,629,0,0,0,8
6,13,moe,704,46,13524,5728,3085,10338,0,0,101,0,523,0,0,0,8
6,14,moe,660,41,11592,5744,3213,8286,0,0,93,0,524,0,0,0,8
6,15,moe,477,35,14307,8939,4604,9607,0,0,96,0,622,0,0,0,8
6,16,moe,658,40,15203,9227,4957,10151,0,0,95,0,522,0,0,0,8
6,17,moe,688,40,13286,5347,3089,10100,0,0,97,0,525,0,0,0,8
6,18,moe,660,40,11285,3176,1628,9555,0,0,102,0,609,0,0,0,8
6,19,moe,483,37,11947,2699,1391,10453,0,0,103,0,566,0,0,0,8
6,20,moe,689,46,11548,2785,1430,10014,0,0,104,0,566,0,0,0,8
6,21,moe,780,38,11242,3189,1638,9495,0,0,109,0,666,0,0,0,8
6,22,moe,782,41,11592,2718,1406,10088,0,0,98,0,559,0,0,0,8
6,23,moe,526,38,11292,3225,1662,9525,0,0,105,0,637,0,0,0,8
6,24,moe,746,48,14787,3207,1654,12437,0,0,696,0,612,0,0,0,8
6,25,moe,704,49,11465,3159,1622,9727,0,0,116,0,611,0,0,0,8
6,26,moe,483,38,13948,8242,4193,9590,0,0,165,0,629,0,0,0,8
6,-1,epi,0,0,0,0,0,0,0,0,4141,0,0,0,0,0,0
7,-2,pre,167,0,0,0,0,0,0,0,0,0,0,0,0,0,0
7,0,dense,1168,37,0,0,0,0,0,0,0,0,0,0,0,0,0
7,1,moe,723,37,16299,8039,4361,11843,0,0,95,0,678,0,0,0,8
7,2,moe,720,50,14232,4581,2365,11769,0,0,98,0,668,0,0,0,8
7,3,moe,531,37,11747,3753,1981,9671,0,0,95,0,691,0,0,0,8
7,4,moe,696,47,11547,6159,3331,8123,0,0,93,0,560,0,0,0,8
7,5,moe,756,41,12743,4061,2541,10108,0,0,94,0,548,0,0,0,8
7,6,moe,681,43,18418,3718,2276,16050,0,0,92,0,671,0,0,0,8
7,7,moe,528,41,11727,6631,3446,8194,0,0,87,0,559,0,0,0,8
7,8,moe,711,38,11622,5918,3321,8205,0,0,96,0,561,0,0,0,8
7,9,moe,730,44,12553,4824,2789,9672,0,0,92,0,797,0,0,0,8
7,10,moe,676,49,10522,3466,1851,8569,0,0,102,0,574,0,0,0,8
7,11,moe,567,41,10979,4314,2233,8645,0,0,101,0,525,0,0,0,8
7,12,moe,662,42,18443,12023,6424,11923,0,0,96,0,675,0,0,0,8
7,13,moe,699,44,15382,9320,5126,10157,0,0,99,0,556,0,0,0,8
7,14,moe,729,46,13338,5330,3182,10066,0,0,90,0,554,0,0,0,8
7,15,moe,519,38,14380,8353,4671,9620,0,0,89,0,666,0,0,0,8
7,16,moe,695,47,12423,4388,2331,9996,0,0,96,0,556,0,0,0,8
7,17,moe,719,51,12970,4680,2700,10180,0,0,90,0,570,0,0,0,8
7,18,moe,724,38,11353,3214,1656,9598,0,0,99,0,679,0,0,0,8
7,19,moe,515,43,13467,2706,1398,11969,0,0,100,0,576,0,0,0,8
7,20,moe,717,38,9854,2832,1463,8285,0,0,106,0,575,0,0,0,8
7,21,moe,785,39,11370,3243,1662,9597,0,0,111,0,664,0,0,0,8
7,22,moe,725,44,10168,2764,1423,8618,0,0,127,0,584,0,0,0,8
7,23,moe,552,42,13781,3252,1680,11989,0,0,112,0,613,0,0,0,8
7,24,moe,705,43,13654,3223,1659,11876,0,0,119,0,607,0,0,0,8
7,25,moe,702,44,15034,6472,4958,9976,0,0,100,0,612,0,0,0,8
7,26,moe,491,41,15757,5446,2979,12677,0,0,101,0,672,0,0,0,8
7,-1,epi,0,0,0,0,0,0,0,0,4153,0,0,0,0,0,0
8,-2,pre,149,0,0,0,0,0,0,0,0,0,0,0,0,0,0
8,0,dense,1193,35,0,0,0,0,0,0,0,0,0,0,0,0,0
8,1,moe,760,36,15210,5464,3087,12027,0,0,96,0,641,0,0,0,8
8,2,moe,685,44,13178,5957,3105,9967,0,0,106,0,625,0,0,0,8
8,3,moe,487,43,14386,7392,4238,10053,0,0,95,0,611,0,0,0,8
8,4,moe,664,42,13239,4255,2676,10468,0,0,95,0,524,0,0,0,8
8,5,moe,688,41,13649,5699,3049,10501,0,0,99,0,534,0,0,0,8
8,6,moe,684,46,14991,9282,4797,10090,0,0,104,0,617,0,0,0,8
8,7,moe,489,37,13269,4636,2587,10582,0,0,100,0,524,0,0,0,8
8,8,moe,666,48,13190,5056,2658,10435,0,0,97,0,520,0,0,0,8
8,9,moe,699,42,13277,6139,3193,9993,0,0,91,0,608,0,0,0,8
8,10,moe,661,41,11727,5080,3105,8525,0,0,97,0,525,0,0,0,8
8,11,moe,478,40,18570,12462,6572,11906,0,0,92,0,526,0,0,0,8
8,12,moe,660,40,13090,6091,3341,9658,0,0,91,0,623,0,0,0,8
8,13,moe,688,40,15698,5381,3188,12419,0,0,91,0,523,0,0,0,8
8,14,moe,663,43,11765,5997,3380,8283,0,0,102,0,524,0,0,0,8
8,15,moe,478,41,12506,4942,2816,9594,0,0,96,0,621,0,0,0,8
8,16,moe,660,42,15992,6251,3597,12299,0,0,96,0,540,0,0,0,8
8,17,moe,690,43,11334,5268,2804,8436,0,0,94,0,631,0,0,0,8
8,18,moe,681,48,16647,3149,1641,14886,0,0,120,0,621,0,0,0,8
8,19,moe,491,39,10273,2730,1411,8756,0,0,106,0,537,0,0,0,8
8,20,moe,672,41,12136,2880,1487,10540,0,0,109,0,676,0,0,0,8
8,21,moe,713,65,12315,4229,2260,9951,0,0,104,0,616,0,0,0,8
8,22,moe,696,46,15736,2718,1411,14208,0,1,116,0,536,0,0,0,8
8,23,moe,492,39,15483,3248,1674,13700,0,0,109,0,621,0,0,0,8
8,24,moe,711,43,11810,3216,1681,10024,0,0,105,0,630,0,0,0,8
8,25,moe,701,42,13588,3167,1617,11859,0,0,112,0,621,0,0,0,8
8,26,moe,489,42,18840,6861,3987,14750,0,0,103,0,625,0,0,0,8
8,-1,epi,0,0,0,0,0,0,0,0,3840,0,0,0,0,0,0
9,-2,pre,214,0,0,0,0,0,0,0,0,0,0,0,0,0,0
9,0,dense,1189,42,0,0,0,0,0,0,0,0,0,0,0,0,0
9,1,moe,710,44,15249,6162,3158,11988,0,0,103,0,619,0,0,0,8
9,2,moe,668,47,16151,5873,3181,12869,0,0,101,0,618,0,0,0,8
9,3,moe,484,39,14855,5137,2844,11916,0,0,95,0,614,0,0,0,8
9,4,moe,669,46,15755,5800,3235,12417,0,0,103,0,532,0,0,0,8
9,5,moe,700,46,14746,7688,4143,10506,0,0,97,0,535,0,0,0,8
9,6,moe,657,44,13554,3136,1636,11811,0,0,107,0,613,0,0,0,8
9,7,moe,484,37,13679,6209,3213,10376,0,0,90,0,530,0,0,0,8
9,8,moe,661,43,13000,4213,2568,10340,0,0,92,0,538,0,0,0,8
9,9,moe,701,41,17689,5637,2930,14664,0,0,95,0,618,0,0,0,8
9,10,moe,676,52,12036,2855,1478,10452,0,0,106,0,539,0,0,0,8
9,11,moe,488,39,13382,4268,2937,10347,0,0,98,0,548,0,0,0,8
9,12,moe,666,38,16497,3300,1694,14695,0,0,108,0,614,0,0,0,8
9,13,moe,697,42,10783,3743,2439,8251,0,0,93,0,540,0,0,0,8
9,14,moe,672,42,12663,3572,2264,10303,0,0,96,0,585,0,0,0,8
9,15,moe,549,37,15994,3116,1595,14290,0,0,109,0,699,0,0,0,8
9,16,moe,695,43,15088,5390,3219,11776,0,0,93,0,587,0,0,0,8
9,17,moe,758,40,10436,3515,2180,8168,0,0,88,0,607,0,0,0,8
9,18,moe,693,37,14269,3443,1897,12278,0,0,94,0,687,0,0,0,8
9,19,moe,547,37,11484,2703,1403,9980,0,0,101,0,576,0,0,0,8
9,20,moe,700,41,11559,2741,1420,10032,0,0,107,0,556,0,0,0,8
9,21,moe,744,40,13546,3258,1682,11763,0,0,101,0,658,0,0,0,8
9,22,moe,705,39,13404,2759,1425,11876,0,1,102,0,566,0,0,0,8
9,23,moe,507,35,13243,3243,1671,11463,0,0,109,0,626,0,0,0,8
9,24,moe,695,45,17795,3268,1678,16008,0,0,109,0,796,0,0,0,8
9,25,moe,787,52,15990,3235,1670,14215,0,0,105,0,655,0,0,0,8
9,26,moe,527,38,15158,4963,2774,12289,0,0,95,0,624,0,0,0,8
9,-1,epi,0,0,0,0,0,0,0,0,4018,0,0,0,0,0,0
10,-2,pre,205,0,0,0,0,0,0,0,0,0,0,0,0,0,0
10,0,dense,1180,41,0,0,0,0,0,0,0,0,0,0,0,0,0
10,1,moe,700,40,22989,12161,6395,16479,0,0,115,0,632,0,0,0,8
10,2,moe,679,56,12035,4485,2445,9493,0,0,97,0,639,0,0,0,8
10,3,moe,483,38,18442,7255,3794,14549,0,0,99,0,636,0,0,0,8
10,4,moe,659,43,17001,6262,3199,13708,0,0,94,0,530,0,0,0,8
10,5,moe,704,43,14138,4108,2284,11765,0,0,89,0,569,0,0,0,8
10,6,moe,708,44,14366,5838,3001,11268,0,0,97,0,645,0,0,0,8
10,7,moe,499,43,16692,5362,2921,13659,0,0,112,0,541,0,0,0,8
10,8,moe,667,45,14826,5241,2887,11844,0,0,95,0,540,0,0,0,8
10,9,moe,694,40,17851,7219,3691,14067,0,0,93,0,625,0,0,0,8
10,10,moe,700,41,15896,11149,5833,9969,0,0,94,0,542,0,0,0,8
10,11,moe,493,42,15715,7277,3929,11700,0,0,86,0,559,0,0,0,8
10,12,moe,694,48,19142,6188,3230,15817,0,0,95,0,635,0,0,0,8
10,13,moe,705,45,13633,6417,3650,9891,0,0,92,0,556,0,0,0,8
10,14,moe,677,53,16405,8163,4527,11786,0,0,92,0,560,0,0,0,8
10,15,moe,496,37,17088,10793,5700,11301,0,0,87,0,648,0,0,0,8
10,16,moe,681,38,17615,7205,3866,13652,0,0,97,0,556,0,0,0,8
10,17,moe,1924,43,18479,8892,4637,13742,0,0,100,0,539,0,0,0,8
10,18,moe,674,41,18573,8204,4284,14196,0,0,93,0,633,0,0,0,8
10,19,moe,482,36,11471,2679,1387,9983,0,0,101,0,542,0,0,0,8
10,20,moe,664,41,13366,2803,1444,11823,0,0,99,0,538,0,0,0,8
10,21,moe,694,40,17754,3232,1669,15986,0,0,99,0,623,0,0,0,8
10,22,moe,708,41,11554,2737,1412,10050,0,0,92,0,535,0,0,0,8
10,23,moe,485,37,17707,3193,1652,15960,0,0,95,0,623,0,0,0,8
10,24,moe,690,37,15837,3235,1665,14075,0,0,97,0,624,0,0,0,8
10,25,moe,692,38,14696,4156,2379,12222,0,0,95,0,630,0,0,0,8
10,26,moe,481,37,16507,9230,5117,11306,0,1,83,0,631,0,0,0,8
10,-1,epi,0,0,0,0,0,0,0,0,3949,0,0,0,0,0,0
11,-2,pre,909,0,0,0,0,0,0,0,0,0,0,0,0,0,0
11,0,dense,1176,38,0,0,0,0,0,0,0,0,0,0,0,0,0
11,1,moe,698,37,18419,4164,2205,16091,0,0,123,0,699,0,0,0,8
11,2,moe,674,40,14165,4628,2653,11408,0,0,104,0,628,0,0,0,8
11,3,moe,490,41,14454,5069,2831,11430,0,0,193,0,635,0,0,0,8
11,4,moe,667,42,19027,9703,5279,13657,0,0,91,0,561,0,0,0,8
11,5,moe,728,168,16930,5950,3088,13745,0,0,97,0,538,0,0,0,8
11,6,moe,670,40,15298,5682,2899,12306,0,0,93,0,625,0,0,0,8
11,7,moe,476,35,16394,4214,2626,13656,0,0,112,0,546,0,0,0,8
11,8,moe,665,41,13082,5855,2994,9996,0,0,92,0,532,0,0,0,8
11,9,moe,694,40,17108,5259,2918,14097,0,0,93,0,627,0,0,0,8
11,10,moe,672,43,17404,6471,3620,13694,0,0,90,0,543,0,0,0,8
11,11,moe,484,38,12417,4631,2362,9959,0,0,96,0,552,0,0,0,8
11,12,moe,662,45,15964,8724,4478,11395,0,0,91,0,630,0,0,0,8
11,13,moe,694,39,16795,5947,3030,13674,0,1,90,0,531,0,0,0,8
11,14,moe,663,42,16308,8006,4320,11895,0,0,93,0,532,0,0,0,8
11,15,moe,477,34,13148,6963,3549,9511,0,0,88,0,624,0,0,0,8
11,16,moe,653,37,21222,13575,7347,13786,0,0,89,0,537,0,0,0,8
11,17,moe,705,43,17361,6811,3531,13732,0,0,98,0,532,0,0,0,8
11,18,moe,665,45,18440,7610,4197,14146,0,0,97,0,628,0,0,0,8
11,19,moe,479,35,11538,2695,1388,10047,0,0,103,0,539,0,0,0,8
11,20,moe,662,36,13461,2798,1438,11923,0,0,100,0,541,0,0,0,8
11,21,moe,717,43,11779,3970,2210,9481,0,0,88,0,629,0,0,0,8
11,22,moe,699,39,13328,2737,1408,11824,0,0,96,0,533,0,0,0,8
11,23,moe,484,38,17721,3210,1656,15959,0,0,106,0,630,0,0,0,8
11,24,moe,696,37,17691,3172,1626,15964,0,0,101,0,622,0,0,0,8
11,25,moe,693,36,17697,3140,1617,15989,0,0,91,0,628,0,0,0,8
11,26,moe,479,36,20371,13421,7005,13275,0,0,91,0,627,0,0,0,8
11,-1,epi,0,0,0,0,0,0,0,0,3849,0,0,0,0,0,0
12,-2,pre,237,0,0,0,0,0,0,0,0,0,0,0,0,0,0
12,0,dense,1173,36,0,0,0,0,0,0,0,0,0,0,0,0,0
12,1,moe,684,36,18942,8108,4617,14228,0,0,97,0,628,0,0,0,8
12,2,moe,667,39,14765,6353,3358,11319,0,0,88,0,625,0,0,0,8
12,3,moe,482,34,18629,4735,2604,15931,0,0,94,0,623,0,0,0,8
12,4,moe,667,40,17666,6448,3805,13750,0,0,111,0,572,0,0,0,8
12,5,moe,702,39,16179,4482,2365,13707,0,1,106,0,535,0,0,0,8
12,6,moe,656,39,19510,5773,3371,16043,0,0,96,0,626,0,0,0,8
12,7,moe,481,38,15564,3436,1802,13669,0,0,93,0,521,0,0,0,8
12,8,moe,665,38,16674,5612,2933,13647,0,0,94,0,527,0,0,0,8
12,9,moe,693,41,21057,8897,4876,16084,0,0,97,0,617,0,0,0,8
12,10,moe,668,40,15673,3545,1906,13674,0,0,93,0,580,0,0,0,8
12,11,moe,535,39,17074,6156,3288,13698,0,0,88,0,589,0,0,0,8
12,12,moe,702,45,20732,8889,4595,16047,0,0,90,0,680,0,0,0,8
12,13,moe,741,45,16590,4827,2861,13627,0,0,102,0,574,0,0,0,8
12,14,moe,741,43,16834,5870,3038,13708,0,0,88,0,589,0,0,0,8
12,15,moe,521,43,19836,6826,3700,16045,0,0,91,0,666,0,0,0,8
12,16,moe,704,42,18285,8319,4480,13709,0,0,96,0,598,0,0,0,8
12,17,moe,752,41,16423,5112,2675,13645,0,0,103,0,569,0,0,0,8
12,18,moe,745,39,20125,6936,4028,15988,0,0,109,0,661,0,0,0,8
12,19,moe,527,42,15562,3531,1828,13633,0,0,101,0,583,0,0,0,8
12,20,moe,715,42,15192,2796,1440,13645,0,0,107,0,580,0,0,0,8
12,21,moe,758,40,17673,3173,1637,15934,0,0,102,0,683,0,0,0,8
12,22,moe,761,42,15254,2733,1415,13721,0,0,118,0,549,0,0,0,8
12,23,moe,490,39,17667,3176,1631,15933,0,0,103,0,704,0,0,0,8
12,24,moe,783,45,17116,3177,1626,15390,0,0,100,0,646,0,0,0,8
12,25,moe,709,41,17037,3117,1606,15327,0,0,104,0,640,0,0,0,8
12,26,moe,495,36,18119,5201,2661,15363,0,0,95,0,718,0,0,0,8
12,-1,epi,0,0,0,0,0,0,0,0,4698,0,0,0,0,0,0
13,-2,pre,180,0,0,0,0,0,0,0,0,0,0,0,0,0,0
13,0,dense,1230,36,0,0,0,0,0,0,0,0,0,0,0,0,0
13,1,moe,736,37,15767,4680,2398,13276,0,0,93,0,684,0,0,0,8
13,2,moe,749,35,16047,3781,2307,13650,0,0,90,0,701,0,0,0,8
13,3,moe,530,42,13318,3839,2359,10868,0,0,91,0,647,0,0,0,8
13,4,moe,701,46,12991,2695,1394,11491,0,0,106,0,603,0,0,0,8
13,5,moe,762,43,15086,3315,1778,13218,0,0,90,0,678,0,0,0,8
13,6,moe,722,42,14109,4186,2778,11231,0,0,100,0,703,0,0,0,8
13,7,moe,504,40,15079,4703,3448,11530,0,0,101,0,580,0,0,0,8
13,8,moe,730,45,13617,3432,2175,11352,0,0,90,0,573,0,0,0,8
13,9,moe,765,43,15187,3847,2381,12718,0,0,88,0,704,0,0,0,8
13,10,moe,726,49,15116,3381,1800,13229,0,0,87,0,595,0,0,0,8
13,11,moe,553,43,12107,4176,2407,9611,0,0,89,0,602,0,0,0,8
13,12,moe,728,49,15482,3190,1658,13732,0,0,92,0,645,0,0,0,8
13,13,moe,755,41,12120,3489,2174,9849,0,0,97,0,577,0,0,0,8
13,14,moe,714,50,14735,4293,2758,11515,0,0,462,0,591,0,0,0,8
13,15,moe,528,34,17424,3771,1972,15358,0,0,94,0,703,0,0,0,8
13,16,moe,727,40,11610,3361,1802,9716,0,0,92,0,582,0,0,0,8
13,17,moe,763,41,9784,3455,1799,7896,0,0,89,0,586,0,0,0,8
13,18,moe,720,42,18576,5913,3080,15402,0,0,94,0,707,0,0,0,8
13,19,moe,538,36,14403,2724,1436,12867,0,0,100,0,624,0,0,0,8
13,20,moe,758,46,10834,2729,1418,9320,0,0,96,0,613,0,0,0,8
13,21,moe,821,40,12678,3156,1638,10945,0,0,95,0,699,0,0,0,8
13,22,moe,770,43,14739,2702,1390,13240,0,0,109,0,584,0,0,0,8
13,23,moe,537,38,16570,3177,1631,14843,0,0,96,0,741,0,0,0,8
13,24,moe,825,38,14872,3154,1628,13151,0,0,93,0,684,0,0,0,8
13,25,moe,763,42,13157,3118,1597,11457,0,0,103,0,687,0,0,0,8
13,26,moe,527,33,15127,3183,1636,13396,0,0,95,0,647,0,0,0,8
13,-1,epi,0,0,0,0,0,0,0,0,4345,0,0,0,0,0,0
14,-2,pre,42,0,0,0,0,0,0,0,0,0,0,0,0,0,0
14,0,dense,1245,39,0,0,0,0,0,0,0,0,0,0,0,0,0
14,1,moe,727,37,15419,3181,1634,13691,0,0,94,0,648,0,0,0,8
14,2,moe,685,40,12632,3144,1623,10916,0,0,93,0,644,0,0,0,8
14,3,moe,496,34,17083,3158,1623,15361,0,0,99,0,646,0,0,0,8
14,4,moe,673,47,14616,2701,1395,13121,0,0,100,0,541,0,0,0,8
14,5,moe,717,40,10741,4067,2787,7843,0,0,111,0,571,0,0,0,8
14,6,moe,725,39,17720,3775,2350,15260,0,0,110,0,712,0,0,0,8
14,7,moe,528,33,11173,3176,1762,9285,0,0,126,0,598,0,0,0,8
14,8,moe,708,36,13114,3310,2057,10955,0,0,102,0,607,0,0,0,8
14,9,moe,790,42,16546,3077,1580,14849,0,0,117,0,686,0,0,0,8
14,10,moe,715,37,12889,2738,1411,11361,0,0,117,0,540,0,0,0,8
14,11,moe,502,43,10114,3614,2285,7724,0,0,105,0,576,0,0,0,8
14,12,moe,701,35,17525,4114,2229,15188,0,0,108,0,777,0,0,0,8
14,13,moe,703,38,14490,5529,2867,11503,0,0,120,0,561,0,0,0,8
14,14,moe,679,40,15849,4726,2460,13282,0,0,107,0,550,0,0,0,8
14,15,moe,496,39,11868,4620,2656,9113,0,0,99,0,651,0,0,0,8
14,16,moe,675,40,15312,3589,1998,13197,0,0,117,0,542,0,0,0,8
14,17,moe,735,39,13188,3089,1595,11474,0,0,119,0,587,0,0,0,8
14,18,moe,695,37,14212,3160,1627,12458,0,0,127,0,745,0,0,0,8
14,19,moe,578,36,13297,3133,1855,11334,0,0,108,0,545,0,0,0,8
14,20,moe,703,38,14233,2770,1423,12700,0,0,110,0,578,0,0,0,8
14,21,moe,791,38,15081,3178,1633,13338,0,0,110,0,671,0,0,0,8
14,22,moe,756,42,12997,2718,1400,11476,0,1,120,0,570,0,0,0,8
14,23,moe,528,41,14144,3193,1630,12399,0,0,115,0,743,0,0,0,8
14,24,moe,805,38,12602,3143,1636,10853,0,0,113,0,647,0,0,0,8
14,25,moe,719,40,17064,3168,1625,15323,0,0,116,0,692,0,0,0,8
14,26,moe,532,38,15816,6289,3296,12415,0,0,105,0,698,0,0,0,8
14,-1,epi,0,0,0,0,0,0,0,0,5287,0,0,0,0,0,0
15,-2,pre,345,0,0,0,0,0,0,0,0,0,0,0,0,0,0
15,0,dense,1338,39,0,0,0,0,0,0,0,0,0,0,0,0,0
15,1,moe,775,36,16575,4241,2724,13739,0,0,112,0,678,0,0,0,8
15,2,moe,695,45,15404,3160,1620,13657,0,0,127,0,657,0,0,0,8
15,3,moe,497,40,17166,3122,1613,15434,0,0,119,0,652,0,0,0,8
15,4,moe,684,41,14742,2784,1457,13174,0,0,111,0,545,0,0,0,8
15,5,moe,723,40,12963,2751,1427,11416,0,0,120,0,541,0,0,0,8
15,6,moe,678,48,13103,3844,2029,10964,0,0,110,0,648,0,0,0,8
15,7,moe,490,33,10205,3568,2302,7811,0,0,92,0,547,0,0,0,8
15,8,moe,677,40,15571,3557,2296,13173,0,0,102,0,565,0,0,0,8
15,9,moe,750,41,15750,3788,2001,13639,0,0,110,0,673,0,0,0,8
15,10,moe,681,42,11290,2821,1458,9711,0,0,121,0,542,0,0,0,8
15,11,moe,494,35,14936,5813,3290,11544,0,0,102,0,537,0,0,0,8
15,12,moe,677,43,15918,3919,2176,13634,0,0,108,0,651,0,0,0,8
15,13,moe,727,42,13838,3560,2251,11483,0,0,104,0,544,0,0,0,8
15,14,moe,682,39,13974,3622,2317,11547,0,0,110,0,551,0,0,0,8
15,15,moe,497,35,17208,6246,3341,13758,0,0,109,0,650,0,0,0,8
15,16,moe,689,41,13158,2819,1455,11579,0,0,124,0,544,0,0,0,8
15,17,moe,725,42,13549,6699,3625,9821,0,0,103,0,543,0,0,0,8
15,18,moe,673,36,13738,4733,2547,11082,0,0,109,0,770,0,0,0,8
15,19,moe,544,39,16082,4155,2601,13364,0,0,117,0,563,0,0,0,8
15,20,moe,681,43,15302,3448,1898,13285,0,0,119,0,554,0,0,0,8
15,21,moe,720,41,14510,3182,1636,12755,0,0,119,0,648,0,0,0,8
15,22,moe,737,41,13042,2767,1423,11501,0,0,118,0,544,0,0,0,8
15,23,moe,528,41,15480,3202,1647,13720,0,0,113,0,646,0,0,0,8
15,24,moe,737,43,15387,3145,1618,13649,0,0,120,0,645,0,0,0,8
15,25,moe,720,39,17166,3156,1621,15448,0,0,97,0,645,0,0,0,8
15,26,moe,500,37,16559,7919,4564,11903,0,0,92,0,653,0,0,0,8
15,-1,epi,0,0,0,0,0,0,0,0,4564,0,0,0,0,0,0
16,-2,pre,160,0,0,0,0,0,0,0,0,0,0,0,0,0,0
16,0,dense,1236,38,0,0,0,0,0,0,0,0,0,0,0,0,0
16,1,moe,756,40,17632,7197,3752,13787,0,0,93,0,648,0,0,0,8
16,2,moe,702,38,15139,5424,3104,11943,0,0,92,0,657,0,0,0,8
16,3,moe,513,35,16100,6008,3257,12751,0,0,92,0,650,0,0,0,8
16,4,moe,668,411,19196,10821,5850,13250,0,0,96,0,540,0,0,0,8
16,5,moe,717,42,16035,7885,4442,11500,0,0,93,0,553,0,0,0,8
16,6,moe,707,48,14387,6412,3279,11021,0,0,87,0,676,0,0,0,8
16,7,moe,508,45,16109,5574,2842,13180,0,0,87,0,557,0,0,0,8
16,8,moe,697,47,13941,4065,2390,11454,0,0,97,0,542,0,0,0,8
16,9,moe,719,58,14491,6331,3358,11044,0,0,89,0,645,0,0,0,8
16,10,moe,675,35,14869,2820,1458,13311,0,0,100,0,551,0,0,0,8
16,11,moe,493,37,15042,6058,3574,11377,0,0,91,0,540,0,0,0,8
16,12,moe,690,37,16664,4749,2925,13642,0,0,97,0,658,0,0,0,8
16,13,moe,722,43,13442,3456,1832,11512,0,0,98,0,544,0,0,0,8
16,14,moe,683,41,14594,5265,3036,11464,0,0,94,0,641,0,0,0,8
16,15,moe,492,35,17505,7138,4683,12711,0,0,111,0,687,0,0,0,8
16,16,moe,701,39,15143,7118,4051,11005,0,0,87,0,584,0,0,0,8
16,17,moe,787,42,15953,5983,3120,12739,0,0,94,0,587,0,0,0,8
16,18,moe,712,41,14353,5992,3344,10921,0,0,88,0,664,0,0,0,8
16,19,moe,489,35,13704,3399,2134,11470,0,0,100,0,543,0,0,0,8
16,20,moe,687,43,14256,2800,1445,12709,0,0,102,0,573,0,0,0,8
16,21,moe,763,44,12221,3121,1601,10523,0,0,97,0,664,0,0,0,8
16,22,moe,725,42,14718,2700,1399,13224,0,0,95,0,543,0,0,0,8
16,23,moe,528,43,17189,3197,1642,15421,0,0,126,0,651,0,0,0,8
16,24,moe,721,39,15485,3211,1672,13707,0,0,106,0,648,0,0,0,8
16,25,moe,719,42,12820,3173,1626,11089,0,0,105,0,647,0,0,0,8
16,26,moe,497,43,17176,3196,1656,15418,0,0,102,0,655,0,0,0,8
16,-1,epi,0,0,0,0,0,0,0,0,4346,0,0,0,0,0,0
17,-2,pre,54,0,0,0,0,0,0,0,0,0,0,0,0,0,0
17,0,dense,1233,38,0,0,0,0,0,0,0,0,0,0,0,0,0
17,1,moe,723,40,13873,4263,2733,11043,0,0,97,0,648,0,0,0,8
17,2,moe,688,44,18049,4052,2580,15375,0,0,94,0,649,0,0,0,8
17,3,moe,494,39,15395,4013,2542,12760,0,0,93,0,659,0,0,0,8
17,4,moe,677,40,16293,5626,2945,13251,0,0,97,0,543,0,0,0,8
17,5,moe,718,44,9432,2780,1443,7886,0,0,103,0,548,0,0,0,8
17,6,moe,684,40,17616,3796,2109,15406,0,0,101,0,646,0,0,0,8
17,7,moe,492,35,11025,2662,1371,9562,0,0,92,0,538,0,0,0,8
17,8,moe,675,38,16213,5471,2942,13180,0,0,91,0,543,0,0,0,8
17,9,moe,718,42,17161,3209,1648,15405,0,0,108,0,642,0,0,0,8
17,10,moe,666,36,16540,10040,5070,11380,0,0,90,0,549,0,0,0,8
17,11,moe,495,34,12367,4789,2632,9639,0,0,96,0,539,0,0,0,8
17,12,moe,682,43,17464,6592,3722,13653,0,0,89,0,649,0,0,0,8
17,13,moe,722,40,14626,4362,3080,11437,0,0,109,0,539,0,0,0,8
17,14,moe,676,37,14862,2809,1446,13318,0,0,98,0,539,0,0,0,8
17,15,moe,497,37,18104,4762,2626,15391,0,0,87,0,643,0,0,0,8
17,16,moe,676,39,10595,4686,2624,7883,0,0,88,0,563,0,0,0,8
17,17,moe,707,70,14953,2919,1519,13334,0,0,100,0,537,0,0,0,8
17,18,moe,668,38,16625,4815,2951,13583,0,0,91,0,642,0,0,0,8
17,19,moe,495,39,10187,3530,2264,7839,0,0,84,0,540,0,0,0,8
17,20,moe,673,39,11421,3074,1744,9589,0,0,88,0,543,0,0,0,8
17,21,moe,716,37,17233,3125,1611,15521,0,0,101,0,649,0,0,0,8
17,22,moe,720,37,14733,2695,1393,13246,0,0,94,0,538,0,0,0,8
17,23,moe,494,36,12639,3178,1632,10916,0,0,91,0,647,0,0,0,8
17,24,moe,718,36,17258,3150,1627,15535,0,0,96,0,646,0,0,0,8
17,25,moe,720,42,17040,3105,1591,15339,0,0,110,0,647,0,0,0,8
17,26,moe,492,34,14555,3207,1648,12817,0,0,90,0,641,0,0,0,8
17,-1,epi,0,0,0,0,0,0,0,0,4357,0,0,0,0,0,0
18,-2,pre,1426,0,0,0,0,0,0,0,0,0,0,0,0,0,0
18,0,dense,1248,37,0,0,0,0,0,0,0,0,0,0,0,0,0
18,1,moe,753,36,16160,6362,3726,12345,0,0,89,0,771,0,0,0,8
18,2,moe,700,46,18645,4428,2315,16228,0,1,101,0,666,0,0,0,8
18,3,moe,547,47,19737,6677,3697,15940,0,0,100,0,671,0,0,0,8
18,4,moe,713,41,11121,5639,2923,8109,0,0,89,0,559,0,0,0,8
18,5,moe,729,45,16216,3977,2338,13786,0,0,92,0,589,0,0,0,8
18,6,moe,722,44,18621,4432,2790,15738,0,0,93,0,684,0,0,0,8
18,7,moe,549,36,10488,4083,2581,7819,0,0,88,0,552,0,0,0,8
18,8,moe,686,35,14105,5067,2643,11371,0,0,91,0,536,0,0,0,8
18,9,moe,718,37,14540,5246,2682,11774,0,0,84,0,644,0,0,0,8
18,10,moe,666,37,16622,6033,3408,13124,0,0,90,0,542,0,0,0,8
18,11,moe,485,34,16795,6979,3584,13106,0,0,105,0,546,0,0,0,8
18,12,moe,699,39,15447,5187,2669,12686,0,0,92,0,648,0,0,0,8
18,13,moe,712,36,12001,3462,2005,9911,0,0,85,0,527,0,0,0,8
18,14,moe,656,38,18269,9494,4873,13311,0,0,85,0,547,0,0,0,8
18,15,moe,494,35,17215,8473,4311,12810,0,0,94,0,649,0,0,0,8
18,16,moe,670,38,14943,6291,3281,11574,0,0,88,0,531,0,0,0,8
18,17,moe,698,39,16505,8510,4747,11668,0,0,90,0,550,0,0,0,8
18,18,moe,667,38,18004,8934,4576,13338,0,0,90,0,650,0,0,0,8
18,19,moe,497,47,17787,11529,6018,11663,0,0,106,0,532,0,0,0,8
18,20,moe,663,41,11648,5966,3334,8222,0,0,92,0,526,0,0,0,8
18,21,moe,690,40,17749,3166,1631,16010,0,0,108,0,620,0,0,0,8
18,22,moe,720,40,14807,2750,1420,13209,0,0,178,0,556,0,0,0,8
18,23,moe,519,43,12725,3204,1641,10980,0,0,104,0,701,0,0,0,8
18,24,moe,765,48,17270,3219,1658,15501,0,0,111,0,649,0,0,0,8
18,25,moe,717,43,17211,3172,1632,15476,0,0,103,0,649,0,0,0,8
18,26,moe,497,39,20985,14162,8075,12808,0,0,102,0,645,0,0,0,8
18,-1,epi,0,0,0,0,0,0,0,0,4339,0,0,0,0,0,0
19,-2,pre,216,0,0,0,0,0,0,0,0,0,0,0,0,0,0
19,0,dense,1230,38,0,0,0,0,0,0,0,0,0,0,0,0,0
19,1,moe,713,243,20496,14026,8111,12290,0,0,95,0,617,0,0,0,8
19,2,moe,658,44,18597,4929,2515,15988,0,0,94,0,614,0,0,0,8
19,3,moe,487,42,17241,4822,3014,14127,0,0,100,0,615,0,0,0,8
19,4,moe,657,43,11636,4506,3222,8316,0,0,98,0,542,0,0,0,8
19,5,moe,707,45,16678,4320,2631,13943,0,0,104,0,527,0,0,0,8
19,6,moe,669,44,17757,3096,1609,16041,0,0,107,0,617,0,0,0,8
19,7,moe,486,35,16067,3581,2333,13641,0,0,93,0,535,0,0,0,8
19,8,moe,660,38,17191,6426,3282,13818,0,0,91,0,527,0,0,0,8
19,9,moe,695,39,18175,3985,2126,15953,0,0,96,0,636,0,0,0,8
19,10,moe,662,43,16175,4182,2265,13819,0,0,91,0,518,0,0,0,8
19,11,moe,482,36,17058,5801,3289,13683,0,0,86,0,531,0,0,0,8
19,12,moe,666,38,19104,5977,3119,15884,0,0,101,0,642,0,0,0,8
19,13,moe,726,38,15106,2799,1445,13564,0,0,97,0,532,0,0,0,8
19,14,moe,669,42,15745,3515,1990,13664,0,0,91,0,545,0,0,0,8
19,15,moe,493,35,18475,4807,2820,15564,0,0,91,0,649,0,0,0,8
19,16,moe,684,41,16210,5640,2897,13217,0,0,96,0,542,0,0,0,8
19,17,moe,720,39,15669,4233,2366,13215,0,0,88,0,541,0,0,0,8
19,18,moe,684,35,18733,6239,3233,15408,0,0,92,0,652,0,0,0,8
19,19,moe,496,41,14660,2680,1382,13187,0,0,91,0,536,0,0,0,8
19,20,moe,675,37,14736,2791,1444,13190,0,0,102,0,541,0,0,0,8
19,21,moe,721,39,17103,3187,1636,15374,0,0,93,0,644,0,0,0,8
19,22,moe,720,38,14634,2707,1397,13146,0,0,91,0,534,0,0,0,8
19,23,moe,498,35,17145,3173,1628,15426,0,1,90,0,643,0,0,0,8
19,24,moe,715,52,17138,3181,1630,15393,0,0,115,0,644,0,0,0,8
19,25,moe,712,37,10921,3141,1611,9210,0,0,100,0,648,0,0,0,8
19,26,moe,494,39,20866,7187,5433,15344,0,0,89,0,640,0,0,0,8
19,-1,epi,0,0,0,0,0,0,0,0,4327,0,0,0,0,0,0
20,-2,pre,236,0,0,0,0,0,0,0,0,0,0,0,0,0,0
20,0,dense,1244,41,0,0,0,0,0,0,0,0,0,0,0,0,0
20,1,moe,716,39,18072,3964,2082,15888,0,0,102,0,615,0,0,0,8
20,2,moe,664,38,12888,5732,3202,9586,0,0,100,0,618,0,0,0,8
20,3,moe,484,35,16789,4663,2560,14142,0,0,87,0,647,0,0,0,8
20,4,moe,663,41,16115,3592,2330,13686,0,1,98,0,559,0,0,0,8
20,5,moe,692,44,13518,6620,3389,10038,0,0,91,0,524,0,0,0,8
20,6,moe,663,43,14550,3835,2068,12383,0,0,99,0,617,0,0,0,8
20,7,moe,551,37,16126,4511,2344,13690,0,0,92,0,677,0,0,0,8
20,8,moe,648,42,15450,4575,3270,12080,0,0,100,0,579,0,0,0,8
20,9,moe,736,40,17996,6682,3625,14273,0,0,98,0,621,0,0,0,8
20,10,moe,722,42,12048,3501,1894,10044,0,0,110,0,574,0,0,0,8
20,11,moe,529,35,11565,2807,1440,10025,0,0,100,0,588,0,0,0,8
20,12,moe,714,38,18371,3868,2337,15942,0,0,92,0,715,0,0,0,8
20,13,moe,743,38,15057,3333,1787,13179,0,0,91,0,596,0,0,0,8
20,14,moe,703,42,15054,3309,1765,13195,0,0,94,0,580,0,0,0,8
20,15,moe,537,37,13064,3736,1962,11009,0,0,93,0,697,0,0,0,8
20,16,moe,695,40,10704,4237,2646,7971,0,0,87,0,560,0,0,0,8
20,17,moe,716,40,18445,9143,5070,13282,0,0,93,0,544,0,0,0,8
20,18,moe,676,43,15550,4688,2700,12750,0,0,100,0,643,0,0,0,8
20,19,moe,493,38,14125,4860,2512,11516,0,0,97,0,554,0,0,0,8
20,20,moe,676,43,15153,3506,1863,13194,0,0,96,0,550,0,0,0,8
20,21,moe,714,40,17910,4411,2414,15392,0,0,104,0,645,0,0,0,8
20,22,moe,720,47,11237,2704,1397,9735,0,0,105,0,540,0,0,0,8
20,23,moe,494,40,12683,3158,1630,10958,0,0,95,0,645,0,0,0,8
20,24,moe,719,46,13614,3155,1617,11894,0,0,103,0,642,0,0,0,8
20,25,moe,717,41,17161,3149,1618,15431,0,0,112,0,648,0,0,0,8
20,26,moe,498,40,17559,4085,2148,15316,0,0,95,0,644,0,0,0,8
20,-1,epi,0,0,0,0,0,0,0,0,4518,0,0,0,0,0,0
21,-2,pre,208,0,0,0,0,0,0,0,0,0,0,0,0,0,0
21,0,dense,1236,44,0,0,0,0,0,0,0,0,0,0,0,0,0
21,1,moe,733,40,16510,6286,3276,13140,0,0,94,0,631,0,0,0,8
21,2,moe,698,43,15657,6363,3290,12278,0,0,89,0,631,0,0,0,8
21,3,moe,483,38,14780,6511,3324,11362,0,0,94,0,617,0,0,0,8
21,4,moe,649,39,14153,3580,2309,11750,0,0,94,0,533,0,0,0,8
21,5,moe,701,41,15188,2765,1420,13665,0,0,103,0,529,0,0,0,8
21,6,moe,668,43,19475,5892,3447,15925,0,0,103,0,615,0,0,0,8
21,7,moe,498,39,10679,4343,2450,8132,0,0,97,0,586,0,0,0,8
21,8,moe,715,45,13464,3387,1781,11581,0,0,102,0,573,0,0,0,8
21,9,moe,718,42,17548,3901,2044,15407,0,0,97,0,644,0,0,0,8
21,10,moe,682,41,12420,4196,2602,9728,0,0,90,0,555,0,0,0,8
21,11,moe,530,40,13263,6103,3537,9638,0,0,88,0,538,0,0,0,8
21,12,moe,666,43,14030,5634,2892,11040,0,0,98,0,646,0,0,0,8
21,13,moe,721,45,11003,5524,2859,8044,0,0,100,0,634,0,0,0,8
21,14,moe,670,46,12090,6459,3719,8272,0,1,98,0,528,0,0,0,8
21,15,moe,487,37,13254,6431,3599,9558,0,0,97,0,657,0,0,0,8
21,16,moe,653,43,12107,6901,3719,8280,0,0,108,0,532,0,0,0,8
21,17,moe,699,43,10696,4592,2369,8222,0,0,105,0,521,0,0,0,8
21,18,moe,664,37,13020,5980,3288,9645,0,0,87,0,615,0,0,0,8
21,19,moe,485,42,12631,7695,4356,8183,0,0,92,0,525,0,0,0,8
21,20,moe,655,42,12076,6500,3690,8283,0,0,103,0,525,0,0,0,8
21,21,moe,689,45,13065,6357,3357,9607,0,0,101,0,623,0,0,0,8
21,22,moe,686,46,10169,3486,1850,8220,0,0,99,0,527,0,0,0,8
21,23,moe,492,36,11159,3144,1616,9455,0,0,88,0,618,0,0,0,8
21,24,moe,690,39,11214,3109,1609,9502,0,0,103,0,625,0,0,0,8
21,25,moe,691,45,11282,3161,1633,9545,0,0,104,0,625,0,0,0,8
21,26,moe,489,35,12479,5397,2782,9604,0,0,93,0,620,0,0,0,8
21,-1,epi,0,0,0,0,0,0,0,0,3809,0,0,0,0,0,0
22,-2,pre,1064,0,0,0,0,0,0,0,0,0,0,0,0,0,0
22,0,dense,1176,43,0,0,0,0,0,0,0,0,0,0,0,0,0
22,1,moe,700,43,13349,6779,3523,9724,0,0,102,0,622,0,0,0,8
22,2,moe,656,45,12310,4097,2622,9592,0,0,96,0,621,0,0,0,8
22,3,moe,487,43,12467,4729,2706,9672,0,0,89,0,615,0,0,0,8
22,4,moe,666,37,11049,4814,2637,8320,0,0,92,0,527,0,0,0,8
22,5,moe,684,39,10777,4719,2457,8230,0,0,90,0,527,0,0,0,8
22,6,moe,654,38,13038,5700,3313,9630,0,0,95,0,617,0,0,0,8
22,7,moe,478,36,9726,2733,1418,8205,0,1,102,0,539,0,0,0,8
22,8,moe,666,40,12164,6770,3741,8330,0,0,93,0,534,0,0,0,8
22,9,moe,696,45,13665,7925,4076,9496,0,0,93,0,620,0,0,0,8
22,10,moe,653,40,12090,7391,3840,8152,0,0,98,0,524,0,0,0,8
22,11,moe,486,39,9678,2841,1459,8118,0,0,101,0,529,0,0,0,8
22,12,moe,659,42,13356,6733,3776,9487,0,0,93,0,612,0,0,0,8
22,13,moe,685,39,11194,5186,2675,8418,0,0,101,0,525,0,0,0,8
22,14,moe,659,42,10790,4189,2359,8332,0,0,99,0,531,0,0,0,8
22,15,moe,487,41,12301,4111,2632,9575,0,0,94,0,617,0,0,0,8
22,16,moe,663,43,10670,4107,2423,8153,0,0,94,0,521,0,0,0,8
22,17,moe,690,42,11629,5990,3371,8159,0,0,99,0,530,0,0,0,8
22,18,moe,659,42,11821,4049,2201,9524,0,0,96,0,621,0,0,0,8
22,19,moe,491,45,11651,5733,3370,8190,0,0,91,0,528,0,0,0,8
22,20,moe,658,40,9647,2807,1447,8106,0,0,94,0,525,0,0,0,8
22,21,moe,691,40,12137,4057,2556,9483,0,0,98,0,615,0,0,0,8
22,22,moe,698,44,9892,3004,1610,8180,0,0,102,0,525,0,0,0,8
22,23,moe,487,41,11185,3186,1637,9451,0,0,97,0,619,0,0,0,8
22,24,moe,692,39,11221,3215,1656,9460,0,0,105,0,619,0,0,0,8
22,25,moe,698,43,11227,3179,1637,9480,0,0,110,0,615,0,0,0,8
22,26,moe,488,38,11741,3322,1717,9914,0,0,110,0,699,0,0,0,8
22,-1,epi,0,0,0,0,0,0,0,0,3821,0,0,0,0,0,0
23,-2,pre,234,0,0,0,0,0,0,0,0,0,0,0,0,0,0
23,0,dense,1193,38,0,0,0,0,0,0,0,0,0,0,0,0,0
23,1,moe,715,43,14730,9412,5000,9628,0,1,101,0,618,0,0,0,8
23,2,moe,678,46,15478,4899,2994,12382,0,1,101,0,617,0,0,0,8
23,3,moe,605,42,13324,6489,3691,9534,0,0,99,0,618,0,0,0,8
23,4,moe,665,41,9732,2769,1426,8200,0,0,106,0,528,0,0,0,8
23,5,moe,689,41,13890,6806,3828,9967,0,0,95,0,526,0,0,0,8
23,6,moe,658,41,16275,3824,2066,14111,0,0,98,0,621,0,0,0,8
23,7,moe,602,46,11611,5539,3274,8241,0,0,96,0,517,0,0,0,8
23,8,moe,660,40,11335,5872,3059,8183,0,0,93,0,527,0,0,0,8
23,9,moe,690,43,12924,6371,3281,9542,0,0,101,0,613,0,0,0,8
23,10,moe,656,40,13296,5770,3242,9959,0,0,95,0,523,0,0,0,8
23,11,moe,593,35,13394,5996,3371,9928,0,0,95,0,526,0,0,0,8
23,12,moe,653,37,13899,7334,4301,9498,0,0,100,0,619,0,0,0,8
23,13,moe,688,41,11618,5689,3192,8337,0,0,89,0,528,0,0,0,8
23,14,moe,655,36,11114,5517,2828,8195,0,0,91,0,523,0,0,0,8
23,15,moe,594,36,14339,5701,2913,11333,0,0,93,0,618,0,0,0,8
23,16,moe,669,40,13119,5553,3068,9956,0,0,95,0,520,0,0,0,8
23,17,moe,691,38,10513,3780,2051,8373,0,0,89,0,527,0,0,0,8
23,18,moe,686,40,15337,5643,2916,12330,0,0,91,0,619,0,0,0,8
23,19,moe,595,37,15550,3355,1863,13596,0,0,91,0,520,0,0,0,8
23,20,moe,684,37,12842,6367,4646,8104,0,0,92,0,528,0,0,0,8
23,21,moe,699,41,12483,4715,2634,9757,0,0,92,0,615,0,0,0,8
23,22,moe,688,42,10690,4403,2372,8231,0,0,87,0,527,0,0,0,8
23,23,moe,611,38,13489,3175,1640,11749,0,1,99,0,606,0,0,0,8
23,24,moe,712,39,11786,3196,1644,10044,0,0,98,0,607,0,0,0,8
23,25,moe,699,41,11685,3240,1661,9923,0,0,101,0,605,0,0,0,8
23,26,moe,606,38,14168,7204,4151,9927,0,0,90,0,602,0,0,0,8
23,-1,epi,0,0,0,0,0,0,0,0,3814,0,0,0,0,0,0
24,-2,pre,211,0,0,0,0,0,0,0,0,0,0,0,0,0,0
24,0,dense,1169,38,0,0,0,0,0,0,0,0,0,0,0,0,0
24,1,moe,713,40,15580,6761,3617,11862,0,0,101,0,618,0,0,0,8
24,2,moe,665,41,16838,9552,4953,11796,0,0,89,0,635,0,0,0,8
24,3,moe,649,38,12261,3782,1997,10170,0,0,94,0,666,0,0,0,8
24,4,moe,684,46,14506,7963,4037,10377,0,0,92,0,522,0,0,0,8
24,5,moe,685,40,12814,3719,2388,10326,0,0,100,0,525,0,0,0,8
24,6,moe,663,39,12040,3869,2048,9896,0,0,96,0,608,0,0,0,8
24,7,moe,608,41,12321,5247,3756,8469,0,0,96,0,532,0,0,0,8
24,8,moe,671,39,14607,3520,1885,12628,0,0,94,0,648,0,0,0,8
24,9,moe,720,45,13556,5985,3405,10037,0,0,114,0,612,0,0,0,8
24,10,moe,798,45,10881,3663,1964,8807,0,1,109,0,669,0,0,0,8
24,11,moe,722,44,11797,5668,2930,8764,0,0,103,0,675,0,0,0,8
24,12,moe,763,48,15639,9712,5155,10374,0,0,110,0,850,0,0,0,8
24,13,moe,845,53,11230,3441,1831,9281,0,0,118,0,712,0,0,0,8
24,14,moe,816,43,12043,5352,2741,9196,0,0,106,0,714,0,0,0,8
24,15,moe,883,41,14895,7378,4199,10587,0,0,109,0,664,0,0,0,8
24,16,moe,768,46,12419,5714,3346,8981,0,0,92,0,590,0,0,0,8
24,17,moe,773,42,11779,4346,2572,9081,0,0,126,0,596,0,0,0,8
24,18,moe,725,47,13741,5772,3050,10583,0,0,108,0,673,0,0,0,8
24,19,moe,686,38,11493,4058,2363,9021,0,0,109,0,584,0,0,0,8
24,20,moe,725,48,12069,5622,2949,9011,0,0,109,0,517,0,0,0,8
24,21,moe,705,43,16169,10930,5554,10503,0,0,112,0,619,0,0,0,8
24,22,moe,707,47,12931,6522,3827,8998,0,0,106,0,518,0,0,0,8
24,23,moe,624,38,12419,3465,1841,10474,0,0,104,0,602,0,0,0,8
24,24,moe,810,135,12334,3259,1686,10527,0,0,121,0,601,0,0,0,8
24,25,moe,713,44,12283,3246,1668,10505,0,0,110,0,599,0,0,0,8
24,26,moe,628,41,16810,11936,6257,10447,0,0,106,0,655,0,0,0,8
24,-1,epi,0,0,0,0,0,0,0,0,4059,0,0,0,0,0,0
25,-2,pre,1072,0,0,0,0,0,0,0,0,0,0,0,0,0,0
25,0,dense,1171,50,0,0,0,0,0,0,0,0,0,0,0,0,0
25,1,moe,691,48,12425,3242,1665,10649,0,0,111,0,588,0,0,0,8
25,2,moe,669,48,12162,3177,1635,10409,0,0,118,0,611,0,0,0,8
25,3,moe,689,55,14620,7184,4155,10366,0,0,99,0,642,0,0,0,8
25,4,moe,714,47,11040,3521,1958,8978,0,0,104,0,546,0,0,0,8
25,5,moe,701,47,10537,2798,1449,8984,0,0,104,0,519,0,0,0,8
25,6,moe,670,50,13000,3945,2505,10390,0,0,105,0,595,0,0,0,8
25,7,moe,637,43,10991,3504,2010,8879,0,0,102,0,515,0,0,0,8
25,8,moe,675,48,13286,5598,4267,8917,0,0,102,0,523,0,0,0,8
25,9,moe,700,46,12289,3259,1683,10496,0,0,110,0,633,0,0,0,8
25,10,moe,713,57,12056,5312,2937,9012,0,0,107,0,516,0,0,0,8
25,11,moe,616,41,10425,2811,1454,8872,0,0,99,0,517,0,0,0,8
25,12,moe,665,46,12124,3275,1689,10329,0,0,106,0,594,0,0,0,8
25,13,moe,698,43,11408,3703,2397,8919,0,0,92,0,522,0,0,0,8
25,14,moe,667,49,11066,3570,2039,8932,0,0,95,0,516,0,0,0,8
25,15,moe,625,43,13048,4080,2556,10392,0,0,100,0,589,0,0,0,8
25,16,moe,668,48,11113,3638,2046,8963,0,0,104,0,515,0,0,0,8
25,17,moe,704,50,12446,6093,3410,8937,0,0,99,0,516,0,0,0,8
25,18,moe,671,49,13699,5752,3002,10576,0,0,121,0,757,0,0,0,8
25,19,moe,639,53,11443,3608,2324,9010,0,0,109,0,526,0,0,0,8
25,20,moe,679,50,11431,3695,2363,8960,0,0,108,0,527,0,0,0,8
25,21,moe,709,44,18806,6003,3170,15529,0,0,107,0,596,0,0,0,8
25,22,moe,710,49,11479,4445,2398,8965,0,0,116,0,523,0,0,0,8
25,23,moe,632,42,15744,3581,1929,13717,0,0,98,0,593,0,0,0,8
25,24,moe,714,45,12175,3255,1686,10382,0,0,107,0,596,0,0,0,8
25,25,moe,715,45,14182,3185,1640,12431,0,0,111,0,592,0,0,0,8
25,26,moe,630,44,12176,3273,1687,10367,0,0,122,0,599,0,0,0,8
25,-1,epi,0,0,0,0,0,0,0,0,3824,0,0,0,0,0,0
26,-2,pre,209,0,0,0,0,0,0,0,0,0,0,0,0,0,0
26,0,dense,1189,45,0,0,0,0,0,0,0,0,0,0,0,0,0
26,1,moe,700,43,12955,3308,1691,11146,0,0,118,0,605,0,0,0,8
26,2,moe,694,53,21882,11117,6148,15634,0,0,100,0,595,0,0,0,8
26,3,moe,625,47,12306,3203,1653,10539,0,0,114,0,590,0,0,0,8
26,4,moe,670,46,10978,3594,1922,8946,0,0,110,0,528,0,0,0,8
26,5,moe,716,47,12519,2838,1456,10959,0,0,104,0,520,0,0,0,8
26,6,moe,679,42,12743,3941,2219,10424,0,0,100,0,588,0,0,0,8
26,7,moe,628,42,10472,2749,1425,8946,0,0,101,0,515,0,0,0,8
26,8,moe,669,43,10890,3538,1891,8902,0,0,97,0,540,0,0,0,8
26,9,moe,709,47,14327,3249,1674,12516,0,0,137,0,651,0,0,0,8
26,10,moe,669,45,13982,5500,2811,11057,0,0,114,0,600,0,0,0,8
26,11,moe,662,48,11214,3497,2154,8942,0,0,118,0,569,0,0,0,8
26,12,moe,735,48,15708,3911,2081,13501,0,0,126,0,653,0,0,0,8
26,13,moe,764,53,11957,5486,2850,8992,0,0,115,0,515,0,0,0,8
26,14,moe,688,51,11437,4252,2386,8923,0,0,128,0,523,0,0,0,8
26,15,moe,625,41,17088,4651,2479,14499,0,0,110,0,588,0,0,0,8
26,16,moe,675,49,10655,2893,1495,9028,0,0,132,0,519,0,0,0,8
26,17,moe,721,47,11659,3909,2568,8973,0,0,118,0,529,0,0,0,8
26,18,moe,682,46,12821,4078,2243,10461,0,0,117,0,602,0,0,0,8
26,19,moe,630,45,17217,3643,2121,14990,0,0,106,0,524,0,0,0,8
26,20,moe,679,43,11136,3612,2017,8996,0,0,123,0,518,0,0,0,8
26,21,moe,707,49,12780,4062,2275,10390,0,0,115,0,592,0,0,0,8
26,22,moe,705,47,11092,3490,1949,9029,0,0,114,0,524,0,0,0,8
26,23,moe,632,44,12268,3241,1676,10473,0,0,119,0,590,0,0,0,8
26,24,moe,711,46,17411,3230,1664,15622,0,0,125,0,658,0,0,0,8
26,25,moe,780,57,12286,3251,1665,10496,0,0,125,0,659,0,0,0,8
26,26,moe,736,43,13625,6142,3199,10310,0,0,116,0,729,0,0,0,8
26,-1,epi,0,0,0,0,0,0,0,0,3980,0,0,0,0,0,0
27,-2,pre,156,0,0,0,0,0,0,0,0,0,0,0,0,0,0
27,0,dense,1161,47,0,0,0,0,0,0,0,0,0,0,0,0,0
27,1,moe,772,44,16706,6972,4041,12544,0,0,121,0,669,0,0,0,8
27,2,moe,721,54,16763,5962,3168,13467,0,0,128,0,684,0,0,0,8
27,3,moe,686,43,18144,8179,4418,13611,0,0,115,0,668,0,0,0,8
27,4,moe,748,54,13633,4528,2445,11069,0,0,119,0,588,0,0,0,8
27,5,moe,777,47,13639,4938,2526,10998,0,0,115,0,586,0,0,0,8
27,6,moe,732,44,14610,4635,2635,11861,0,0,114,0,665,0,0,0,8
27,7,moe,684,51,15094,5155,2656,12326,0,0,112,0,559,0,0,0,8
27,8,moe,712,51,10332,3295,1767,8454,0,0,111,0,580,0,0,0,8
27,9,moe,751,43,18813,6633,3866,14839,0,0,108,0,683,0,0,0,8
27,10,moe,727,48,15427,5016,2976,12339,0,0,112,0,573,0,0,0,8
27,11,moe,634,42,13283,5359,2817,10353,0,0,113,0,576,0,0,0,8
27,12,moe,698,52,15363,3884,2352,12894,0,0,117,0,671,0,0,0,8
27,13,moe,788,54,11545,5097,2877,8559,0,0,109,0,579,0,0,0,8
27,14,moe,702,51,14140,6746,3640,10383,0,0,117,0,551,0,0,0,8
27,15,moe,809,96,19670,9253,4715,14840,0,0,115,0,668,0,0,0,8
27,16,moe,701,45,13485,5447,2950,10423,0,0,112,0,592,0,0,0,8
27,17,moe,836,64,12508,3437,1926,10458,0,0,124,0,580,0,0,0,8
27,18,moe,700,54,18749,6623,3887,14744,0,0,118,0,665,0,0,0,8
27,19,moe,680,41,11748,5951,3102,8537,0,0,109,0,578,0,0,0,8
27,20,moe,660,46,10715,3568,2218,8384,0,0,113,0,570,0,0,0,8
27,21,moe,795,46,16192,4569,2814,13263,0,0,115,0,688,0,0,0,8
27,22,moe,743,54,12417,3938,2332,9977,0,0,108,0,580,0,0,0,8
27,23,moe,640,47,14321,3778,1999,12214,0,0,108,0,662,0,0,0,8
27,24,moe,745,50,11607,3803,1991,9506,0,0,110,0,679,0,0,0,8
27,25,moe,758,53,15794,3172,1630,14045,0,0,119,0,677,0,0,0,8
27,26,moe,631,40,16178,4649,2885,13190,0,0,103,0,703,0,0,0,8
27,-1,epi,0,0,0,0,0,0,0,0,4276,0,0,0,0,0,0
28,-2,pre,1336,0,0,0,0,0,0,0,0,0,0,0,0,0,0
28,0,dense,1177,41,0,0,0,0,0,0,0,0,0,0,0,0,0
28,1,moe,686,41,19178,9176,4878,14193,0,0,107,0,656,0,0,0,8
28,2,moe,692,49,13388,7201,3712,9570,0,0,106,0,660,0,0,0,8
28,3,moe,679,47,13000,6316,3422,9471,0,0,107,0,665,0,0,0,8
28,4,moe,697,50,14435,4556,2413,11916,0,0,106,0,565,0,0,0,8
28,5,moe,748,51,13694,6781,3530,10059,0,0,105,0,640,0,0,0,8
28,6,moe,674,51,12230,4444,2282,9824,0,0,124,0,690,0,0,0,8
28,7,moe,669,42,13527,5716,2927,10470,0,1,129,0,584,0,0,0,8
28,8,moe,711,50,12944,4608,2413,10417,0,0,114,0,579,0,0,0,8
28,9,moe,767,45,16251,8001,4396,11746,0,0,109,0,696,0,0,0,8
28,10,moe,725,44,12884,8539,4613,8158,0,0,113,0,563,0,0,0,8
28,11,moe,628,45,10409,3436,2122,8174,0,0,113,0,568,0,0,0,8
28,12,moe,707,44,14443,3815,2067,12268,0,0,108,0,665,0,0,0,8
28,13,moe,754,52,12266,6454,3978,8182,0,0,106,0,554,0,0,0,8
28,14,moe,709,42,10806,4079,2534,8164,0,0,108,0,575,0,0,0,8
28,15,moe,621,49,13297,6500,3666,9524,0,0,107,0,684,0,0,0,8
28,16,moe,691,43,13765,7089,3656,10005,0,0,104,0,565,0,0,0,8
28,17,moe,749,42,11640,6068,3382,8155,0,0,103,0,557,0,0,0,8
28,18,moe,709,43,13421,3783,1967,11351,0,0,103,0,694,0,0,0,8
28,19,moe,647,42,11786,6946,3549,8131,0,0,106,0,566,0,0,0,8
28,20,moe,698,49,14634,5383,2761,11768,0,0,105,0,581,0,0,0,8
28,21,moe,731,42,12055,4415,2413,9534,0,0,108,0,667,0,0,0,8
28,22,moe,711,43,10044,3292,1759,8174,0,0,111,0,576,0,0,0,8
28,23,moe,636,44,12449,4744,2884,9459,0,0,106,0,679,0,0,0,8
28,24,moe,724,52,16895,4637,2671,14122,0,0,102,0,665,0,0,0,8
28,25,moe,733,52,11295,3175,1639,9526,0,0,130,0,686,0,0,0,8
28,26,moe,664,43,12963,6327,3372,9487,0,0,104,0,667,0,0,0,8
28,-1,epi,0,0,0,0,0,0,0,0,4268,0,0,0,0,0,0
29,-2,pre,155,0,0,0,0,0,0,0,0,0,0,0,0,0,0
29,0,dense,1177,44,0,0,0,0,0,0,0,0,0,0,0,0,0
29,1,moe,701,40,13963,4518,2333,11515,0,0,115,0,682,0,0,0,8
29,2,moe,735,44,13307,6550,3676,9529,0,0,102,0,654,0,0,0,8
29,3,moe,642,47,16864,6604,3605,13153,0,0,106,0,668,0,0,0,8
29,4,moe,683,44,11571,5593,3295,8168,0,0,108,0,552,0,0,0,8
29,5,moe,749,45,11114,5364,2873,8128,0,0,113,0,567,0,0,0,8
29,6,moe,720,44,18362,9565,5028,13227,0,0,107,0,663,0,0,0,8
29,7,moe,675,38,11955,6340,3661,8185,0,0,109,0,584,0,0,0,8
29,8,moe,710,42,12030,6866,3706,8212,0,0,112,0,568,0,0,0,8
29,9,moe,733,44,11650,3820,2003,9530,0,0,117,0,674,0,0,0,8
29,10,moe,648,54,10744,4312,2493,8144,0,0,107,0,580,0,0,0,8
29,11,moe,628,44,10500,3992,2242,8152,0,1,105,0,571,0,0,0,8
29,12,moe,704,42,11644,3841,2027,9508,0,0,109,0,702,0,0,0,8
29,13,moe,723,45,10472,3994,2200,8160,0,0,112,0,600,0,0,0,8
29,14,moe,685,42,9681,2805,1434,8128,0,0,119,0,582,0,0,0,8
29,15,moe,638,40,11651,3830,2017,9523,0,0,111,0,715,0,0,0,8
29,16,moe,700,50,10344,3522,1870,8333,0,0,141,0,609,0,0,0,8
29,17,moe,691,51,11217,5356,2744,8347,0,0,126,0,539,0,0,0,8
29,18,moe,673,47,12358,4917,2543,9701,0,0,114,0,629,0,0,0,8
29,19,moe,601,44,11303,5402,2938,8250,0,0,115,0,550,0,0,0,8
29,20,moe,683,49,11196,5367,2843,8245,0,0,108,0,526,0,0,0,8
29,21,moe,679,46,12695,5622,2891,9688,0,0,116,0,619,0,0,0,8
29,22,moe,695,47,13077,9246,4909,8069,0,0,99,0,528,0,0,0,8
29,23,moe,602,44,13980,8103,4331,9544,0,0,105,0,613,0,0,0,8
29,24,moe,702,73,13223,6520,3351,9757,0,0,115,0,618,0,0,0,8
29,25,moe,690,47,11263,3202,1640,9501,0,0,122,0,617,0,0,0,8
29,26,moe,606,45,13225,6829,3524,9600,0,0,101,0,621,0,0,0,8
29,-1,epi,0,0,0,0,0,0,0,0,3966,0,0,0,0,0,0
30,-2,pre,144,0,0,0,0,0,0,0,0,0,0,0,0,0,0
30,0,dense,1188,40,0,0,0,0,0,0,0,0,0,0,0,0,0
30,1,moe,701,41,13078,6186,3232,9736,0,0,110,0,624,0,0,0,8
30,2,moe,657,41,12757,5231,2841,9811,0,0,105,0,627,0,0,0,8
30,3,moe,636,33,14126,7640,4363,9649,0,0,114,0,611,0,0,0,8
30,4,moe,657,38,10465,4069,2269,8088,0,0,108,0,520,0,0,0,8
30,5,moe,683,38,9705,2737,1407,8180,0,0,118,0,524,0,0,0,8
30,6,moe,654,40,11667,3896,2091,9461,0,0,115,0,609,0,0,0,8
30,7,moe,602,39,10744,4864,2504,8135,0,0,105,0,525,0,0,0,8
30,8,moe,657,38,10070,3441,1841,8122,0,0,107,0,527,0,0,0,8
30,9,moe,684,39,11361,3272,1685,9553,0,0,123,0,617,0,0,0,8
30,10,moe,662,41,9789,2795,1447,8223,0,1,118,0,538,0,0,0,8
30,11,moe,610,35,10759,4559,2527,8128,0,0,104,0,528,0,0,0,8
30,12,moe,658,39,14224,8112,4432,9689,0,0,103,0,613,0,0,0,8
30,13,moe,674,39,10134,3378,1809,8199,0,0,126,0,524,0,0,0,8
30,14,moe,686,39,10307,3533,1905,8290,0,0,112,0,518,0,0,0,8
30,15,moe,604,36,11662,3935,2131,9422,0,0,109,0,608,0,0,0,8
30,16,moe,654,39,11247,5694,3255,7890,0,0,102,0,534,0,0,0,8
30,17,moe,698,37,11018,5668,3052,7858,0,0,108,0,525,0,0,0,8
30,18,moe,660,36,11835,4121,2607,9131,0,0,97,0,640,0,0,0,8
30,19,moe,603,33,10914,5776,3020,7793,0,0,101,0,534,0,0,0,8
30,20,moe,663,34,11121,5714,3187,7832,0,0,102,0,536,0,0,0,8
30,21,moe,700,37,11997,4737,2792,9108,0,0,97,0,639,0,0,0,8
30,22,moe,702,37,10705,5291,2773,7824,0,0,108,0,529,0,0,0,8
30,23,moe,598,33,13254,7039,3964,9190,0,0,100,0,636,0,0,0,8
30,24,moe,701,38,12459,5607,3205,9149,0,0,105,0,648,0,0,0,8
30,25,moe,704,41,12844,6943,3572,9166,0,0,106,0,663,0,0,0,8
30,26,moe,616,47,12908,6275,3517,9285,0,0,106,0,673,0,0,0,8
30,-1,epi,0,0,0,0,0,0,0,0,4513,0,0,0,0,0,0
31,-2,pre,148,0,0,0,0,0,0,0,0,0,0,0,0,0,0
31,0,dense,1235,41,0,0,0,0,0,0,0,0,0,0,0,0,0
31,1,moe,713,41,14065,7757,4275,9680,0,0,110,0,717,0,0,0,8
31,2,moe,683,42,14946,10077,5388,9437,0,0,121,0,730,0,0,0,8
31,3,moe,633,42,13849,8108,4421,9305,0,0,123,0,698,0,0,0,8
31,4,moe,730,45,12048,6129,3779,8159,0,0,110,0,660,0,0,0,8
31,5,moe,731,50,10817,3587,2254,8446,0,0,117,0,547,0,0,0,8
31,6,moe,683,47,12578,5374,2882,9577,0,0,119,0,674,0,0,0,8
31,7,moe,650,47,11057,5220,2872,8082,0,0,103,0,555,0,0,0,8
31,8,moe,682,43,10658,4678,2505,8042,0,0,111,0,554,0,0,0,8
31,9,moe,742,49,11570,3958,2043,9415,0,0,112,0,655,0,0,0,8
31,10,moe,700,46,11435,5407,3187,8146,0,0,102,0,552,0,0,0,8
31,11,moe,644,38,10719,4113,2598,8019,0,0,102,0,536,0,0,0,8
31,12,moe,686,43,11865,4746,2620,9135,0,0,110,0,656,0,0,0,8
31,13,moe,707,43,11456,6004,3520,7834,0,0,102,0,533,0,0,0,8
31,14,moe,663,40,10138,4322,2214,7817,0,0,107,0,540,0,0,0,8
31,15,moe,601,38,14359,9218,5125,9131,0,0,103,0,658,0,0,0,8
31,16,moe,659,40,10260,3628,2302,7856,0,0,102,0,544,0,0,0,8
31,17,moe,711,43,11971,7980,4053,7817,0,0,101,0,545,0,0,0,8
31,18,moe,665,41,12627,6136,3358,9173,0,0,96,0,641,0,0,0,8
31,19,moe,596,37,10274,4534,2357,7815,0,0,102,0,538,0,0,0,8
31,20,moe,690,45,10970,5427,2828,8020,0,0,122,0,540,0,0,0,8
31,21,moe,705,43,12048,4706,2810,9117,0,0,121,0,688,0,0,0,8
31,22,moe,764,49,10675,5703,2934,7628,0,0,113,0,579,0,0,0,8
31,23,moe,627,41,12433,6513,3378,8956,0,0,99,0,687,0,0,0,8
31,24,moe,750,59,11211,4486,2306,8803,0,0,102,0,687,0,0,0,8
31,25,moe,756,41,12482,6730,3524,8852,0,0,106,0,688,0,0,0,8
31,26,moe,615,39,12113,6188,3257,8762,0,0,94,0,688,0,0,0,8
31,-1,epi,0,0,0,0,0,0,0,0,5295,0,0,0,0,0,0
32,-2,pre,205,0,0,0,0,0,0,0,0,0,0,0,0,0,0
32,0,dense,1336,44,0,0,0,0,0,0,0,0,0,0,0,0,0
32,1,moe,775,41,12456,5978,3113,9243,0,0,100,0,659,0,0,0,8
32,2,moe,667,40,12864,6996,3597,9160,0,0,107,0,636,0,0,0,8
32,3,moe,599,37,12741,6778,3530,9111,0,0,100,0,639,0,0,0,8
32,4,moe,668,40,10721,4133,2593,8027,0,0,101,0,545,0,0,0,8
32,5,moe,723,49,9537,2743,1420,8002,0,0,115,0,538,0,0,0,8
32,6,moe,680,43,11816,3876,2043,9643,0,0,130,0,671,0,0,0,8
32,7,moe,598,37,10537,4203,2218,8218,0,0,101,0,595,0,0,0,8
32,8,moe,692,39,10330,4989,2586,7640,0,0,104,0,566,0,0,0,8
32,9,moe,757,42,10582,3231,1662,8817,0,0,103,0,685,0,0,0,8
32,10,moe,698,43,10626,4674,2951,7568,0,0,107,0,573,0,0,0,8
32,11,moe,619,38,10535,4281,2632,7807,0,0,96,0,538,0,0,0,8
32,12,moe,660,39,11933,4859,3039,8803,0,0,91,0,683,0,0,0,8
32,13,moe,747,39,10039,4172,2363,7578,0,0,98,0,567,0,0,0,8
32,14,moe,698,38,9961,4547,2395,7469,0,0,97,0,607,0,0,0,8
32,15,moe,634,40,11302,3924,2101,9078,0,0,123,0,687,0,0,0,8
32,16,moe,685,41,10511,4595,2390,8007,0,1,113,0,581,0,0,0,8
32,17,moe,729,51,10885,5417,2807,7973,0,0,105,0,571,0,0,0,8
32,18,moe,682,40,13949,5187,2718,11115,0,0,116,0,715,0,0,0,8
32,19,moe,637,56,11732,7623,3888,7747,0,0,97,0,607,0,0,0,8
32,20,moe,714,43,12477,5381,2814,9560,0,0,103,0,597,0,0,0,8
32,21,moe,789,40,14533,7152,3748,10685,0,0,100,0,708,0,0,0,8
32,22,moe,790,42,11543,6684,3501,7937,0,0,105,0,613,0,0,0,8
32,23,moe,658,39,13621,7878,4294,9231,0,0,96,0,723,0,0,0,8
32,24,moe,786,48,13741,3204,1672,11944,0,0,125,0,659,0,0,0,8
32,25,moe,746,44,12368,4739,2995,9267,0,0,106,0,704,0,0,0,8
32,26,moe,644,52,12447,6068,3102,9245,0,0,100,0,707,0,0,0,8
32,-1,epi,0,0,0,0,0,0,0,0,5470,0,0,0,0,0,0
33,-2,pre,138,0,0,0,0,0,0,0,0,0,0,0,0,0,0
33,0,dense,1365,41,0,0,0,0,0,0,0,0,0,0,0,0,0
33,1,moe,827,48,14957,6753,3544,11303,0,0,110,0,656,0,0,0,8
33,2,moe,687,40,12649,5301,3051,9499,0,0,99,0,684,0,0,0,8
33,3,moe,656,45,17157,4597,2851,14202,0,0,104,0,702,0,0,0,8
33,4,moe,713,40,12615,6182,3142,9374,0,0,99,0,578,0,0,0,8
33,5,moe,782,52,9260,2763,1430,7702,0,0,128,0,591,0,0,0,8
33,6,moe,714,41,12516,5718,3187,9228,0,0,101,0,707,0,0,0,8
33,7,moe,636,44,9348,2679,1400,7841,0,0,107,0,588,0,0,0,8
33,8,moe,706,42,10459,4208,2674,7672,0,0,113,0,602,0,0,0,8
33,9,moe,782,40,15254,3247,1677,13469,0,0,108,0,692,0,0,0,8
33,10,moe,706,41,10785,5083,2960,7717,0,0,108,0,570,0,0,0,8
33,11,moe,622,40,9598,3507,1882,7615,0,0,101,0,579,0,0,0,8
33,12,moe,702,43,12303,6336,3273,8926,0,0,104,0,700,0,0,0,8
33,13,moe,760,40,10813,2781,1441,9269,0,0,103,0,580,0,0,0,8
33,14,moe,705,42,12312,5471,2889,9329,0,0,94,0,571,0,0,0,8
33,15,moe,623,35,10621,3120,1601,8919,0,0,101,0,694,0,0,0,8
33,16,moe,704,43,11310,3465,1943,9272,0,0,95,0,569,0,0,0,8
33,17,moe,762,40,10039,3650,2358,7587,0,0,94,0,570,0,0,0,8
33,18,moe,699,42,13788,3942,2207,11483,0,0,98,0,686,0,0,0,8
33,19,moe,626,38,9513,3402,1799,7611,0,0,103,0,577,0,0,0,8
33,20,moe,703,42,13581,4322,2389,11095,0,0,97,0,571,0,0,0,8
33,21,moe,785,44,13497,4014,2537,10858,0,0,102,0,695,0,0,0,8
33,22,moe,802,38,12610,2695,1389,11117,0,0,104,0,591,0,0,0,8
33,23,moe,651,38,14364,4996,2615,11641,0,0,108,0,700,0,0,0,8
33,24,moe,782,44,10750,3159,1629,9007,0,0,114,0,687,0,0,0,8
33,25,moe,766,43,11515,4080,2621,8783,0,0,111,0,692,0,0,0,8
33,26,moe,628,41,15081,3293,1696,13256,0,0,129,0,735,0,0,0,8
33,-1,epi,0,0,0,0,0,0,0,0,5334,0,0,0,0,0,0
34,-2,pre,252,0,0,0,0,0,0,0,0,0,0,0,0,0,0
34,0,dense,1357,45,0,0,0,0,0,0,0,0,0,0,0,0,0
34,1,moe,784,41,11787,4128,2246,9427,0,0,114,0,683,0,0,0,8
34,2,moe,683,42,14661,4031,2551,11995,0,0,115,0,694,0,0,0,8
34,3,moe,630,39,10628,3180,1630,8885,0,0,113,0,696,0,0,0,8
34,4,moe,678,42,9961,3536,2048,7811,0,0,102,0,542,0,0,0,8
34,5,moe,731,41,13257,3496,1994,11153,0,0,110,0,582,0,0,0,8
34,6,moe,709,44,11621,3977,2506,8995,0,0,120,0,698,0,0,0,8
34,7,moe,618,42,9675,3314,1790,7742,0,0,143,0,585,0,0,0,8
34,8,moe,721,40,9256,2775,1420,7724,0,0,112,0,585,0,0,0,8
34,9,moe,785,47,10884,3296,1678,9072,0,0,134,0,720,0,0,0,8
34,10,moe,752,47,9441,2785,1442,7874,0,0,125,0,608,0,0,0,8
34,11,moe,649,38,9284,2817,1460,7704,0,0,120,0,615,0,0,0,8
34,12,moe,739,48,12538,3244,1667,10749,0,0,122,0,691,0,0,0,8
34,13,moe,762,42,10832,2783,1435,9286,0,0,111,0,573,0,0,0,8
34,14,moe,705,43,10268,4203,2610,7559,0,0,99,0,571,0,0,0,8
34,15,moe,630,39,10559,3118,1602,8840,0,0,117,0,690,0,0,0,8
34,16,moe,704,42,13057,9926,5374,7586,0,0,97,0,574,0,0,0,8
34,17,moe,778,43,11907,4354,2364,9436,0,0,107,0,580,0,0,0,8
34,18,moe,705,42,13677,4024,2105,11465,0,0,107,0,695,0,0,0,8
34,19,moe,627,40,9957,3553,2275,7583,0,0,99,0,588,0,0,0,8
34,20,moe,711,41,9569,3446,1903,7569,0,0,97,0,582,0,0,0,8
34,21,moe,772,41,11865,4676,2854,8911,0,0,100,0,690,0,0,0,8
34,22,moe,761,40,10415,4097,2538,7781,0,1,95,0,570,0,0,0,8
34,23,moe,621,39,15006,4067,2589,12309,0,0,108,0,689,0,0,0,8
34,24,moe,764,45,12176,4725,2950,9129,0,0,97,0,698,0,0,0,8
34,25,moe,768,55,11958,4891,2808,9045,0,0,105,0,684,0,0,0,8
34,26,moe,622,35,16446,6324,3250,13089,0,0,107,0,684,0,0,0,8
34,-1,epi,0,0,0,0,0,0,0,0,5285,0,0,0,0,0,0
35,-2,pre,212,0,0,0,0,0,0,0,0,0,0,0,0,0,0
35,0,dense,1340,40,0,0,0,0,0,0,0,0,0,0,0,0,0
35,1,moe,772,40,12208,4712,2906,9200,0,0,102,0,646,0,0,0,8
35,2,moe,665,39,11823,4577,2516,9209,0,0,98,0,653,0,0,0,8
35,3,moe,597,36,15931,9673,4913,10912,0,0,106,0,674,0,0,0,8
35,4,moe,672,41,12067,4673,2618,9352,0,0,97,0,573,0,0,0,8
35,5,moe,758,38,9645,3450,1970,7585,0,0,90,0,579,0,0,0,8
35,6,moe,699,38,11511,4053,2531,8866,0,0,114,0,713,0,0,0,8
35,7,moe,636,37,10801,2683,1387,9304,0,0,110,0,578,0,0,0,8
35,8,moe,703,41,12483,2687,1389,10986,0,1,107,0,588,0,0,0,8
35,9,moe,767,44,10608,3215,1650,8843,0,0,115,0,693,0,0,0,8
35,10,moe,701,42,9667,3582,2010,7555,0,0,102,0,579,0,0,0,8
35,11,moe,616,37,9124,2809,1448,7572,0,0,104,0,615,0,0,0,8
35,12,moe,725,42,10806,3239,1672,9020,0,0,114,0,673,0,0,0,8
35,13,moe,713,40,11278,2799,1438,9720,0,0,120,0,541,0,0,0,8
35,14,moe,675,42,11598,3482,1875,9598,0,0,125,0,587,0,0,0,8
35,15,moe,608,40,12967,3122,1608,11233,0,0,126,0,699,0,0,0,8
35,16,moe,707,44,9737,3536,2012,7624,0,0,101,0,572,0,0,0,8
35,17,moe,767,46,12316,3934,2331,9873,0,0,112,0,554,0,0,0,8
35,18,moe,706,43,10704,3333,1718,8878,0,0,108,0,695,0,0,0,8
35,19,moe,627,40,15306,6728,5459,9737,0,0,110,0,574,0,0,0,8
35,20,moe,701,37,9998,3600,2332,7569,0,0,97,0,570,0,0,0,8
35,21,moe,759,44,10667,3127,1612,8953,0,0,102,0,693,0,0,0,8
35,22,moe,771,35,9966,3555,2295,7578,0,0,93,0,572,0,0,0,8
35,23,moe,614,33,15082,4057,2592,12390,0,0,100,0,695,0,0,0,8
35,24,moe,761,37,11529,4042,2608,8824,0,0,97,0,693,0,0,0,8
35,25,moe,762,51,14750,3922,2086,12558,0,0,106,0,706,0,0,0,8
35,26,moe,626,32,11995,4694,2933,8960,0,0,102,0,698,0,0,0,8
35,-1,epi,0,0,0,0,0,0,0,0,5290,0,0,0,0,0,0
36,-2,pre,205,0,0,0,0,0,0,0,0,0,0,0,0,0,0
36,0,dense,1347,39,0,0,0,0,0,0,0,0,0,0,0,0,0
36,1,moe,775,39,13096,6076,3361,9621,0,0,114,0,646,0,0,0,8
36,2,moe,685,39,11402,3836,2041,9255,0,0,106,0,652,0,0,0,8
36,3,moe,606,33,16252,4011,2529,13618,0,0,105,0,651,0,0,0,8
36,4,moe,675,38,10272,3623,2338,7831,0,0,103,0,572,0,0,0,8
36,5,moe,767,34,9884,3538,2257,7527,0,0,100,0,574,0,0,0,8
36,6,moe,706,33,13124,3919,2164,10858,0,0,102,0,723,0,0,0,8
36,7,moe,603,35,10743,4953,2585,8035,0,0,123,0,638,0,0,0,8
36,8,moe,657,34,9561,2738,1411,8022,0,0,128,0,612,0,0,0,8
36,9,moe,801,42,11616,4049,2176,9309,0,0,131,0,648,0,0,0,8
36,10,moe,675,41,10679,5257,2738,7819,0,0,122,0,538,0,0,0,8
36,11,moe,606,44,9365,2775,1436,7804,0,0,125,0,531,0,0,0,8
36,12,moe,667,39,12861,6887,3597,9155,0,0,109,0,672,0,0,0,8
36,13,moe,697,36,9410,2798,1439,7853,0,0,118,0,536,0,0,0,8
36,14,moe,670,35,10556,5025,2616,7834,0,0,106,0,532,0,0,0,8
36,15,moe,597,33,11759,4053,2592,9063,0,0,104,0,642,0,0,0,8
36,16,moe,664,35,9327,2762,1430,7783,0,0,114,0,533,0,0,0,8
36,17,moe,738,39,11275,6335,3277,7893,0,0,105,0,524,0,0,0,8
36,18,moe,655,37,12667,6472,3358,9199,0,0,110,0,639,0,0,0,8
36,19,moe,610,235,9314,2753,1419,7782,0,0,113,0,530,0,0,0,8
36,20,moe,669,44,10501,3908,2571,7819,0,0,111,0,531,0,0,0,8
36,21,moe,708,40,12269,5843,3019,9146,0,0,104,0,633,0,0,0,8
36,22,moe,711,41,14580,12981,6631,7843,0,0,106,0,529,0,0,0,8
36,23,moe,601,38,12700,6443,3726,8876,0,0,98,0,688,0,0,0,8
36,24,moe,755,39,12695,6391,3513,9076,0,0,106,0,826,0,0,0,8
36,25,moe,707,46,13850,8240,4373,9360,0,0,117,0,643,0,0,0,8
36,26,moe,608,39,11424,3972,2113,9197,0,0,114,0,654,0,0,0,8
36,-1,epi,0,0,0,0,0,0,0,0,4401,0,0,0,0,0,0
37,-2,pre,213,0,0,0,0,0,0,0,0,0,0,0,0,0,0
37,0,dense,1232,46,0,0,0,0,0,0,0,0,0,0,0,0,0
37,1,moe,719,38,12171,4166,2668,9388,0,0,115,0,639,0,0,0,8
37,2,moe,677,47,12112,4909,2777,9216,0,0,119,0,639,0,0,0,8
37,3,moe,605,38,12163,4757,2907,9157,0,0,99,0,642,0,0,0,8
37,4,moe,667,40,10890,5657,2902,7886,0,0,102,0,531,0,0,0,8
37,5,moe,704,42,10284,4200,2277,7906,0,0,101,0,528,0,0,0,8
37,6,moe,659,40,10853,3105,1602,9140,0,0,111,0,637,0,0,0,8
37,7,moe,606,41,9939,3424,1987,7833,0,0,119,0,539,0,0,0,8
37,8,moe,670,58,10008,3592,1906,7958,0,0,144,0,535,0,0,0,8
37,9,moe,715,58,11118,3245,1674,9302,0,0,142,0,645,0,0,0,8
37,10,moe,673,50,11368,4505,3156,8065,0,0,147,0,539,0,0,0,8
37,11,moe,606,55,10495,4726,2462,7904,0,0,129,0,563,0,0,0,8
37,12,moe,675,54,11525,3988,2144,9258,0,0,123,0,641,0,0,0,8
37,13,moe,707,48,10119,3603,2039,7950,0,0,130,0,542,0,0,0,8
37,14,moe,679,50,10785,5133,2657,8001,0,0,127,0,534,0,0,0,8
37,15,moe,603,49,11950,4603,2582,9243,0,0,125,0,644,0,0,0,8
37,16,moe,690,47,13020,6020,3229,8024,0,1,1766,0,542,0,0,0,8
37,17,moe,720,1462,11362,6523,3576,7673,0,1,112,0,568,0,0,0,8
37,18,moe,699,43,14745,7169,5644,8986,0,0,115,0,686,0,0,0,8
37,19,moe,628,42,10037,4602,2396,7545,0,0,96,0,566,0,0,0,8
37,20,moe,694,39,9076,2778,1436,7540,0,0,100,0,569,0,0,0,8
37,21,moe,753,41,11438,4027,2539,8802,0,0,97,0,684,0,0,0,8
37,22,moe,761,39,10241,4914,2557,7578,0,0,106,0,568,0,0,0,8
37,23,moe,619,36,12163,5890,3267,8805,0,0,91,0,681,0,0,0,8
37,24,moe,760,42,12780,7092,3668,9011,0,0,101,0,636,0,0,0,8
37,25,moe,703,45,13479,7939,4185,9193,0,0,101,0,634,0,0,0,8
37,26,moe,601,38,12662,7137,3678,8884,0,0,100,0,681,0,0,0,8
37,-1,epi,0,0,0,0,0,0,0,0,4719,0,0,0,0,0,0
38,-2,pre,201,0,0,0,0,0,0,0,0,0,0,0,0,0,0
38,0,dense,1224,42,0,0,0,0,0,0,0,0,0,0,0,0,0
38,1,moe,712,39,12345,4750,2946,9299,0,0,100,0,635,0,0,0,8
38,2,moe,666,41,10841,3080,1599,9133,0,0,109,0,641,0,0,0,8
38,3,moe,596,39,11731,4674,2542,9093,0,0,96,0,633,0,0,0,8
38,4,moe,675,41,10228,3566,2289,7838,0,0,101,0,535,0,0,0,8
38,5,moe,705,40,9824,3449,1949,7778,0,0,97,0,540,0,0,0,8
38,6,moe,666,41,14199,6422,4967,9137,0,0,95,0,642,0,0,0,8
38,7,moe,601,36,9281,2708,1407,7778,0,0,96,0,529,0,0,0,8
38,8,moe,659,41,10348,3730,2438,7808,0,0,102,0,532,0,0,0,8
38,9,moe,708,39,10884,3222,1661,9116,0,0,107,0,634,0,0,0,8
38,10,moe,662,41,10182,3656,2325,7760,0,0,97,0,530,0,0,0,8
38,11,moe,603,40,11789,6499,3787,7899,0,1,102,0,667,0,0,0,8
38,12,moe,678,46,11138,3240,1671,9337,0,0,130,0,664,0,0,0,8
38,13,moe,721,44,9452,2769,1431,7911,0,0,110,0,543,0,0,0,8
38,14,moe,670,41,9989,3567,2064,7823,0,0,102,0,540,0,0,0,8
38,15,moe,603,39,12162,5538,2928,9134,0,0,100,0,644,0,0,0,8
38,16,moe,669,40,11601,6306,3558,7936,0,0,107,0,611,0,0,0,8
38,17,moe,752,43,9667,2854,1481,8070,0,0,116,0,543,0,0,0,8
38,18,moe,674,43,10872,3207,1655,9111,0,0,106,0,655,0,0,0,8
38,19,moe,595,37,10120,4103,2176,7847,0,0,97,0,535,0,0,0,8
38,20,moe,671,38,10255,4437,2301,7853,0,0,101,0,539,0,0,0,8
38,21,moe,713,40,12034,5124,2836,9095,0,0,103,0,709,0,0,0,8
38,22,moe,755,40,9461,3362,1794,7574,0,0,93,0,541,0,0,0,8
38,23,moe,610,40,12983,6477,3676,9206,0,0,101,0,653,0,0,0,8
38,24,moe,713,42,12971,6538,3711,9155,0,0,105,0,697,0,0,0,8
38,25,moe,755,41,10694,3132,1606,8984,0,0,104,0,649,0,0,0,8
38,26,moe,605,39,12698,6701,3509,9092,0,0,97,0,685,0,0,0,8
38,-1,epi,0,0,0,0,0,0,0,0,5266,0,0,0,0,0,0
39,-2,pre,139,0,0,0,0,0,0,0,0,0,0,0,0,0,0
39,0,dense,1335,40,0,0,0,0,0,0,0,0,0,0,0,0,0
39,1,moe,772,43,12340,5705,2940,9289,0,0,111,0,648,0,0,0,8
39,2,moe,669,41,12433,5718,3159,9174,0,0,100,0,662,0,0,0,8
39,3,moe,604,36,12784,6400,3592,9093,0,0,99,0,644,0,0,0,8
39,4,moe,675,41,10896,5265,2872,7926,0,0,98,0,536,0,0,0,8
39,5,moe,705,41,9406,2765,1421,7881,0,0,104,0,542,0,0,0,8
39,6,moe,668,42,10814,3038,1593,9117,0,0,104,0,649,0,0,0,8
39,7,moe,609,36,10720,5316,2738,7881,0,0,101,0,543,0,0,0,8
39,8,moe,669,40,10423,4648,2417,7906,0,0,100,0,536,0,0,0,8
39,9,moe,718,40,12713,6187,3394,9221,0,0,98,0,643,0,0,0,8
39,10,moe,660,43,10271,3632,2312,7859,0,0,100,0,557,0,0,0,8
39,11,moe,606,38,10896,5858,2967,7830,0,0,99,0,537,0,0,0,8
39,12,moe,668,39,12319,5844,3016,9206,0,0,97,0,636,0,0,0,8
39,13,moe,699,38,9369,2750,1418,7841,0,0,110,0,541,0,0,0,8
39,14,moe,677,41,9750,3502,1852,7799,0,0,99,0,542,0,0,0,8
39,15,moe,605,42,13575,7758,4334,9148,0,0,93,0,640,0,0,0,8
39,16,moe,675,39,10935,5098,2948,7890,0,0,97,0,535,0,0,0,8
39,17,moe,703,40,10549,5049,2621,7828,0,0,100,0,532,0,0,0,8
39,18,moe,674,39,10803,3156,1648,9057,0,0,98,0,644,0,0,0,8
39,19,moe,606,39,10567,5282,2745,7730,0,0,92,0,569,0,0,0,8
39,20,moe,692,38,10773,4962,3079,7593,0,0,101,0,573,0,0,0,8
39,21,moe,726,40,13124,6498,3811,9216,0,0,97,0,641,0,0,0,8
39,22,moe,704,40,9290,2694,1389,7800,0,0,101,0,544,0,0,0,8
39,23,moe,586,38,14822,9848,5250,9467,0,0,105,0,660,0,0,0,8
39,24,moe,804,50,11728,4472,2630,8996,0,0,102,0,721,0,0,0,8
39,25,moe,760,52,13195,7408,3765,9305,0,0,125,0,747,0,0,0,8
39,26,moe,685,47,13863,4494,2320,11416,0,0,127,0,664,0,0,0,8
39,-1,epi,0,0,0,0,0,0,0,0,4537,0,0,0,0,0,0
40,-2,pre,148,0,0,0,0,0,0,0,0,0,0,0,0,0,0
40,0,dense,1273,44,0,0,0,0,0,0,0,0,0,0,0,0,0
40,1,moe,778,48,14613,5810,3041,11462,0,0,110,0,678,0,0,0,8
40,2,moe,699,43,17222,5877,3034,14082,0,0,106,0,642,0,0,0,8
40,3,moe,610,42,14520,4605,2639,11776,0,0,105,0,647,0,0,0,8
40,4,moe,680,44,12157,4590,2422,9628,0,0,107,0,537,0,0,0,8
40,5,moe,727,41,13408,5253,3717,9581,0,0,110,0,539,0,0,0,8
40,6,moe,678,40,13398,4071,2607,10691,0,0,100,0,694,0,0,0,8
40,7,moe,609,38,12485,5308,2796,9578,0,0,111,0,584,0,0,0,8
40,8,moe,701,41,13367,3574,2307,10962,0,0,98,0,571,0,0,0,8
40,9,moe,772,42,12917,3964,2257,10564,0,0,96,0,689,0,0,0,8
40,10,moe,700,41,12776,5970,3433,9250,0,0,93,0,569,0,0,0,8
40,11,moe,613,35,11625,3599,2297,9228,0,0,100,0,570,0,0,0,8
40,12,moe,708,41,17063,3928,2168,14796,0,0,99,0,701,0,0,0,8
40,13,moe,764,39,10898,5934,3235,7568,0,0,95,0,570,0,0,0,8
40,14,moe,708,39,13912,5312,2845,10974,0,0,93,0,568,0,0,0,8
40,15,moe,613,35,12771,6881,3813,8864,0,0,94,0,691,0,0,0,8
40,16,moe,696,38,10785,2792,1443,9242,0,0,100,0,573,0,0,0,8
40,17,moe,767,39,14973,3919,2213,12662,0,0,98,0,573,0,0,0,8
40,18,moe,708,41,12422,6602,3451,8877,0,0,94,0,689,0,0,0,8
40,19,moe,618,36,12195,5454,2807,9291,0,0,97,0,575,0,0,0,8
40,20,moe,709,39,14123,5920,3048,10978,0,0,97,0,572,0,0,0,8
40,21,moe,766,38,16371,6901,3910,12363,0,0,98,0,687,0,0,0,8
40,22,moe,771,46,10363,5172,2667,7600,0,0,96,0,577,0,0,0,8
40,23,moe,625,37,14824,5698,3318,11406,0,0,100,0,691,0,0,0,8
40,24,moe,768,41,18770,6935,3822,14850,0,0,98,0,685,0,0,0,8
40,25,moe,765,42,11854,4721,2943,8806,0,0,105,0,710,0,0,0,8
40,26,moe,619,37,12005,6082,3106,8798,0,0,101,0,687,0,0,0,8
40,-1,epi,0,0,0,0,0,0,0,0,5270,0,0,0,0,0,0
41,-2,pre,66,0,0,0,0,0,0,0,0,0,0,0,0,0,0
41,0,dense,1247,42,0,0,0,0,0,0,0,0,0,0,0,0,0
41,1,moe,727,41,15467,6575,3392,11957,0,0,118,0,642,0,0,0,8
41,2,moe,675,39,15802,6309,3206,12499,0,0,97,0,693,0,0,0,8
41,3,moe,625,40,15210,6411,3665,11452,0,0,93,0,684,0,0,0,8
41,4,moe,697,39,12250,4665,2827,9327,0,0,96,0,571,0,0,0,8
41,5,moe,758,42,12616,6049,3230,9288,0,0,98,0,574,0,0,0,8
41,6,moe,693,40,13717,3797,2110,11499,0,0,108,0,803,0,0,0,8
41,7,moe,635,41,11240,2705,1422,9702,0,0,116,0,556,0,0,0,8
41,8,moe,675,44,9475,2718,1401,7960,0,0,114,0,546,0,0,0,8
41,9,moe,720,45,15359,3232,1659,13586,0,0,114,0,646,0,0,0,8
41,10,moe,679,42,9967,3533,1986,7882,0,0,99,0,543,0,0,0,8
41,11,moe,603,36,11743,3616,2306,9337,0,0,100,0,575,0,0,0,8
41,12,moe,700,38,15133,3473,1973,13060,0,0,100,0,690,0,0,0,8
41,13,moe,776,40,11749,4157,2262,9385,0,0,102,0,575,0,0,0,8
41,14,moe,705,41,14773,6560,3706,10974,0,0,93,0,573,0,0,0,8
41,15,moe,604,35,10519,3104,1597,8812,0,0,110,0,695,0,0,0,8
41,16,moe,697,34,11298,6438,3707,7495,0,0,96,0,573,0,0,0,8
41,17,moe,757,35,14256,2801,1448,12698,0,0,110,0,574,0,0,0,8
41,18,moe,698,35,16599,3211,1652,14849,0,0,98,0,685,0,0,0,8
41,19,moe,623,35,11371,3469,2013,9256,0,0,102,0,576,0,0,0,8
41,20,moe,709,34,13921,5351,2786,11043,0,0,92,0,572,0,0,0,8
41,21,moe,769,44,13614,5578,2916,10585,0,0,113,0,691,0,0,0,8
41,22,moe,756,41,9586,3338,1844,7631,0,0,111,0,572,0,0,0,8
41,23,moe,627,36,11801,4693,2892,8803,0,0,106,0,687,0,0,0,8
41,24,moe,763,37,14230,4920,2550,11572,0,0,108,0,702,0,0,0,8
41,25,moe,782,39,15844,6045,3123,12619,0,0,102,0,708,0,0,0,8
41,26,moe,620,37,14536,5332,2973,11453,0,0,110,0,687,0,0,0,8
41,-1,epi,0,0,0,0,0,0,0,0,4947,0,0,0,0,0,0
42,-2,pre,205,0,0,0,0,0,0,0,0,0,0,0,0,0,0
42,0,dense,1241,42,0,0,0,0,0,0,0,0,0,0,0,0,0
42,1,moe,722,38,14495,6261,3297,11090,0,0,108,0,644,0,0,0,8
42,2,moe,665,36,13359,6930,4071,9186,0,0,102,0,645,0,0,0,8
42,3,moe,603,33,16619,4775,2970,13546,0,0,103,0,646,0,0,0,8
42,4,moe,678,37,11444,7357,3766,7577,0,0,101,0,571,0,0,0,8
42,5,moe,752,34,13418,7499,4014,9304,0,0,100,0,572,0,0,0,8
42,6,moe,690,34,15702,6455,3394,12201,0,0,107,0,687,0,0,0,8
42,7,moe,619,33,12103,5349,2783,9225,0,0,95,0,577,0,0,0,8
42,8,moe,703,37,14158,5566,3074,10983,0,0,101,0,573,0,0,0,8
42,9,moe,757,38,15299,3933,2083,13107,0,0,109,0,688,0,0,0,8
42,10,moe,698,35,10307,4289,2671,7535,0,0,101,0,568,0,0,0,8
42,11,moe,615,31,10484,5271,2864,7529,0,0,91,0,571,0,0,0,8
42,12,moe,690,36,15818,4639,2597,13127,0,0,94,0,687,0,0,0,8
42,13,moe,761,36,11917,4882,2557,9265,0,0,95,0,576,0,0,0,8
42,14,moe,693,34,11985,4814,2632,9254,0,0,99,0,586,0,0,0,8
42,15,moe,613,31,17222,3962,2217,14897,0,0,108,0,776,0,0,0,8
42,16,moe,705,37,10544,5143,2631,7804,0,0,109,0,539,0,0,0,8
42,17,moe,717,37,11546,6336,3587,7856,0,0,103,0,540,0,0,0,8
42,18,moe,667,40,18465,5766,3290,15065,0,0,110,0,694,0,0,0,8
42,19,moe,626,33,9466,3411,1786,7552,0,0,128,0,578,0,0,0,8
42,20,moe,725,37,14060,4293,2712,11247,0,0,101,0,598,0,0,0,8
42,21,moe,820,39,11620,3936,2394,9113,0,0,113,0,719,0,0,0,8
42,22,moe,790,46,15009,6174,3580,11322,0,0,107,0,591,0,0,0,8
42,23,moe,674,31,12081,4787,2746,9240,0,0,95,0,707,0,0,0,8
42,24,moe,781,38,11030,3223,1665,9260,0,0,105,0,719,0,0,0,8
42,25,moe,783,46,13573,4619,2681,10793,0,0,99,0,695,0,0,0,8
42,26,moe,635,36,17273,3262,1689,15453,0,0,131,0,716,0,0,0,8
42,-1,epi,0,0,0,0,0,0,0,0,5399,0,0,0,0,0,0
43,-2,pre,134,0,0,0,0,0,0,0,0,0,0,0,0,0,0
43,0,dense,1342,37,0,0,0,0,0,0,0,0,0,0,0,0,0
43,1,moe,795,37,12931,5440,3189,9627,0,0,115,0,689,0,0,0,8
43,2,moe,717,46,13461,5380,3912,9441,0,0,108,0,656,0,0,0,8
43,3,moe,611,40,11457,3784,1965,9380,0,0,112,0,673,0,0,0,8
43,4,moe,695,45,15483,3456,2132,13248,0,0,103,0,595,0,0,0,8
43,5,moe,786,42,9488,2792,1443,7927,0,0,118,0,583,0,0,0,8
43,6,moe,749,42,11945,4765,2717,9127,0,0,101,0,698,0,0,0,8
43,7,moe,662,37,12448,4718,2754,9595,0,0,99,0,584,0,0,0,8
43,8,moe,733,38,11641,3328,1806,9731,0,0,104,0,601,0,0,0,8
43,9,moe,789,50,11710,4031,2491,9121,0,0,98,0,718,0,0,0,8
43,10,moe,755,44,10258,4205,2169,7984,0,0,105,0,580,0,0,0,8
43,11,moe,652,48,15630,3530,2179,13344,0,0,107,0,634,0,0,0,8
43,12,moe,724,42,12738,6445,3561,9076,0,0,101,0,693,0,0,0,8
43,13,moe,782,41,9936,3432,1881,7957,0,0,98,0,625,0,0,0,8
43,14,moe,749,49,10152,3521,2176,7885,0,0,91,0,600,0,0,0,8
43,15,moe,676,51,12950,3757,2002,10850,0,0,98,0,699,0,0,0,8
43,16,moe,732,45,10099,4137,2428,7566,0,0,105,0,628,0,0,0,8
43,17,moe,789,39,11095,6149,3193,7798,0,0,104,0,544,0,0,0,8
43,18,moe,691,50,12782,3213,1668,11006,0,0,108,0,678,0,0,0,8
43,19,moe,700,37,13410,3301,1734,11566,0,0,110,0,602,0,0,0,8
43,20,moe,725,48,9760,3408,1849,7796,0,0,115,0,605,0,0,0,8
43,21,moe,791,44,11827,3984,2476,9252,0,0,99,0,706,0,0,0,8
43,22,moe,823,41,9997,3429,2129,7771,0,0,97,0,586,0,0,0,8
43,23,moe,714,45,12010,4845,2788,9125,0,0,97,0,663,0,0,0,8
43,24,moe,741,42,16169,5924,3075,12984,0,0,110,0,714,0,0,0,8
43,25,moe,792,43,11619,4032,2520,8999,0,0,100,0,766,0,0,0,8
43,26,moe,651,44,15154,3838,2040,12993,0,0,121,0,668,0,0,0,8
43,-1,epi,0,0,0,0,0,0,0,0,4550,0,0,0,0,0,0
44,-2,pre,151,0,0,0,0,0,0,0,0,0,0,0,0,0,0
44,0,dense,1262,43,0,0,0,0,0,0,0,0,0,0,0,0,0
44,1,moe,788,38,13865,4008,2439,11316,0,0,110,0,673,0,0,0,8
44,2,moe,695,56,11530,3764,2022,9367,0,0,141,0,660,0,0,0,8
44,3,moe,621,50,13359,6273,3695,9554,0,0,110,0,704,0,0,0,8
44,4,moe,695,46,12993,5242,2693,10192,0,0,108,0,549,0,0,0,8
44,5,moe,743,43,11835,3349,1788,9941,0,0,106,0,589,0,0,0,8
44,6,moe,714,40,11336,3122,1624,9585,0,0,127,0,663,0,0,0,8
44,7,moe,621,39,12040,3327,1737,10199,0,0,104,0,551,0,0,0,8
44,8,moe,710,53,10708,4357,2431,8171,0,0,106,0,547,0,0,0,8
44,9,moe,757,43,14315,3955,2452,11766,0,0,97,0,711,0,0,0,8
44,10,moe,729,40,9796,3451,1821,7872,0,0,103,0,594,0,0,0,8
44,11,moe,643,37,10739,5472,2814,7823,0,0,102,0,575,0,0,0,8
44,12,moe,727,49,14443,4725,2440,11905,0,0,98,0,691,0,0,0,8
44,13,moe,818,41,11706,6278,3597,8010,0,0,99,0,587,0,0,0,8
44,14,moe,725,44,12345,4717,2470,9772,0,0,103,0,604,0,0,0,8
44,15,moe,683,35,11959,4650,2715,9140,0,1,103,0,704,0,0,0,8
44,16,moe,709,43,10025,3403,1795,8124,0,0,106,0,556,0,0,0,8
44,17,moe,744,44,10082,3424,1859,8118,0,0,105,0,550,0,0,0,8
44,18,moe,703,54,11332,3939,2063,9160,0,0,109,0,697,0,0,0,8
44,19,moe,649,58,15034,5983,3381,11553,0,0,100,0,586,0,0,0,8
44,20,moe,744,48,10299,3580,2226,7973,0,0,100,0,593,0,0,0,8
44,21,moe,780,41,18535,9077,4873,13562,0,0,100,0,704,0,0,0,8
44,22,moe,783,54,11027,5681,2958,7972,0,0,97,0,590,0,0,0,8
44,23,moe,651,39,13345,7721,4041,9201,0,0,103,0,732,0,0,0,8
44,24,moe,797,45,12934,6215,3546,9291,0,0,97,0,657,0,0,0,8
44,25,moe,738,44,12619,5252,3097,9412,0,0,110,0,710,0,0,0,8
44,26,moe,649,80,17132,8319,4378,12654,0,0,100,0,712,0,0,0,8
44,-1,epi,0,0,0,0,0,0,0,0,4739,0,0,0,0,0,0
45,-2,pre,128,0,0,0,0,0,0,0,0,0,0,0,0,0,0
45,0,dense,1248,41,0,0,0,0,0,0,0,0,0,0,0,0,0
45,1,moe,761,43,18064,3289,1696,16260,0,0,108,0,671,0,0,0,8
45,2,moe,699,56,11476,3176,1632,9708,0,0,136,0,691,0,0,0,8
45,3,moe,650,48,11621,3863,2042,9464,0,0,115,0,658,0,0,0,8
45,4,moe,697,57,10666,4295,2398,8157,0,0,111,0,608,0,0,0,8
45,5,moe,732,49,10629,3535,2224,8299,0,0,106,0,554,0,0,0,8
45,6,moe,695,45,14447,5945,3051,11285,0,0,111,0,709,0,0,0,8
45,7,moe,632,38,9438,2722,1423,7891,0,0,124,0,589,0,0,0,8
45,8,moe,765,45,10117,3511,2224,7795,0,0,98,0,604,0,0,0,8
45,9,moe,809,40,12216,4727,2917,9198,0,0,101,0,818,0,0,0,8
45,10,moe,676,47,11451,2909,1490,9834,0,0,127,0,579,0,0,0,8
45,11,moe,635,43,14530,4245,2672,11746,0,0,112,0,558,0,0,0,8
45,12,moe,711,47,14573,4009,2122,12336,0,0,115,0,715,0,0,0,8
45,13,moe,782,42,10533,4127,2548,7883,0,0,102,0,600,0,0,0,8
45,14,moe,735,39,11963,4155,2380,9482,0,0,101,0,601,0,0,0,8
45,15,moe,644,43,15766,3887,2386,13270,0,0,110,0,715,0,0,0,8
45,16,moe,738,39,10096,3933,2159,7836,0,0,101,0,605,0,0,0,8
45,17,moe,788,39,11985,3529,2220,9664,0,0,101,0,587,0,0,0,8
45,18,moe,735,40,13057,3930,2073,10887,0,0,97,0,718,0,0,0,8
45,19,moe,632,36,15974,5140,2671,13189,0,0,114,0,581,0,0,0,8
45,20,moe,720,42,11130,5948,3226,7804,0,0,100,0,602,0,0,0,8
45,21,moe,787,40,14173,4984,3045,11025,0,0,103,0,718,0,0,0,8
45,22,moe,795,40,13213,3336,1771,11343,0,0,99,0,590,0,0,0,8
45,23,moe,672,35,14957,7751,4049,10805,0,0,103,0,716,0,0,0,8
45,24,moe,782,39,16097,4464,2288,13711,0,0,98,0,707,0,0,0,8
45,25,moe,784,53,19035,6212,3397,15543,0,0,95,0,711,0,0,0,8
45,26,moe,691,42,14479,6383,3481,10902,0,0,96,0,702,0,0,0,8
45,-1,epi,0,0,0,0,0,0,0,0,5412,0,0,0,0,0,0
46,-2,pre,51,0,0,0,0,0,0,0,0,0,0,0,0,0,0
46,0,dense,1363,40,0,0,0,0,0,0,0,0,0,0,0,0,0
46,1,moe,775,36,16778,7390,3784,12883,0,0,111,0,706,0,0,0,8
46,2,moe,711,40,13474,7894,4061,9313,0,0,100,0,713,0,0,0,8
46,3,moe,634,38,11948,4582,2825,9025,0,0,98,0,710,0,0,0,8
46,4,moe,722,38,15851,5546,2840,12916,0,0,95,0,580,0,0,0,8
46,5,moe,789,41,11200,5497,3283,7816,0,0,101,0,597,0,0,0,8
46,6,moe,720,41,12909,6615,3667,9147,0,0,95,0,665,0,0,0,8
46,7,moe,649,37,11798,3355,1783,9906,0,0,109,0,582,0,0,0,8
46,8,moe,706,39,12153,4232,2423,9622,0,0,108,0,593,0,0,0,8
46,9,moe,799,55,14689,6093,3683,10904,0,0,102,0,713,0,0,0,8
46,10,moe,722,40,14472,5362,3030,11347,0,0,95,0,600,0,0,0,8
46,11,moe,714,44,10726,5045,2651,7972,0,0,103,0,583,0,0,0,8
46,12,moe,715,41,11972,5254,2784,9097,0,0,91,0,712,0,0,0,8
46,13,moe,782,50,13462,3469,2164,11195,0,0,103,0,595,0,0,0,8
46,14,moe,738,42,14389,5305,2878,11399,0,0,112,0,574,0,0,0,8
46,15,moe,641,40,15932,5862,3041,12788,0,0,103,0,694,0,0,0,8
46,16,moe,702,40,11325,3421,1837,9390,0,0,98,0,591,0,0,0,8
46,17,moe,796,51,11741,4293,2256,9370,0,1,114,0,663,0,0,0,8
46,18,moe,714,50,16479,3947,2388,13973,0,0,118,0,656,0,0,0,8
46,19,moe,652,48,15218,2775,1436,13663,0,0,119,0,598,0,0,0,8
46,20,moe,722,42,9654,2845,1477,8061,0,0,116,0,596,0,0,0,8
46,21,moe,787,41,17208,3210,1669,15430,0,0,109,0,699,0,0,0,8
46,22,moe,792,44,11366,3374,1815,9445,0,0,106,0,579,0,0,0,8
46,23,moe,652,58,18592,6066,3082,15409,0,0,101,0,698,0,0,0,8
46,24,moe,782,46,11081,3251,1687,9264,0,0,130,0,692,0,0,0,8
46,25,moe,786,44,11449,3967,2456,8890,0,0,103,0,694,0,0,0,8
46,26,moe,631,42,13020,6741,3932,8992,0,0,96,0,684,0,0,0,8
46,-1,epi,0,0,0,0,0,0,0,0,5283,0,0,0,0,0,0
47,-2,pre,208,0,0,0,0,0,0,0,0,0,0,0,0,0,0
47,0,dense,1340,42,0,0,0,0,0,0,0,0,0,0,0,0,0
47,1,moe,768,37,12276,5584,2880,9294,0,0,102,0,658,0,0,0,8
47,2,moe,672,43,18328,4820,2718,15504,0,0,106,0,649,0,0,0,8
47,3,moe,611,38,13235,3884,2112,11009,0,0,114,0,706,0,0,0,8
47,4,moe,703,41,15351,4356,2451,12799,0,0,101,0,569,0,0,0,8
47,5,moe,768,43,12030,4474,2489,9443,0,0,98,0,568,0,0,0,8
47,6,moe,703,44,10687,3086,1615,8952,0,0,120,0,681,0,0,0,8
47,7,moe,629,37,10637,5185,2907,7628,0,0,102,0,569,0,0,0,8
47,8,moe,694,43,15120,3559,2334,12679,0,0,107,0,568,0,0,0,8
47,9,moe,768,46,16606,6699,3445,13057,0,0,104,0,682,0,0,0,8
47,10,moe,700,34,10475,4435,2714,7660,0,0,101,0,569,0,0,0,8
47,11,moe,619,31,9129,2778,1435,7586,0,0,108,0,585,0,0,0,8
47,12,moe,713,39,11793,4645,2582,9113,0,0,98,0,695,0,0,0,8
47,13,moe,770,38,12796,2830,1453,11215,0,0,128,0,578,0,0,0,8
47,14,moe,699,35,10971,5585,3123,7752,0,0,96,0,577,0,0,0,8
47,15,moe,631,36,13381,3931,2452,10818,0,0,111,0,695,0,0,0,8
47,16,moe,741,39,14381,5571,2887,11385,0,0,109,0,587,0,0,0,8
47,17,moe,782,39,11870,3652,2347,9427,0,0,96,0,574,0,0,0,8
47,18,moe,703,34,10900,3262,1685,9089,0,0,126,0,697,0,0,0,8
47,19,moe,635,36,14682,6178,3519,11063,0,0,100,0,584,0,0,0,8
47,20,moe,713,45,11822,4022,2310,9410,0,0,102,0,573,0,0,0,8
47,21,moe,755,37,14908,4010,2520,12285,0,0,103,0,686,0,0,0,8
47,22,moe,762,42,11200,3400,1799,9292,0,0,109,0,570,0,0,0,8
47,23,moe,617,31,11809,4967,2883,8834,0,0,92,0,681,0,0,0,8
47,24,moe,756,38,13273,4791,2664,10509,0,0,100,0,680,0,0,0,8
47,25,moe,770,36,17518,4102,2617,14807,0,0,94,0,687,0,0,0,8
47,26,moe,626,35,12398,3211,1658,10614,0,0,126,0,783,0,0,0,8
47,-1,epi,0,0,0,0,0,0,0,0,5322,0,0,0,0,0,0
48,-2,pre,221,0,0,0,0,0,0,0,0,0,0,0,0,0,0
48,0,dense,1360,40,0,0,0,0,0,0,0,0,0,0,0,0,0
48,1,moe,736,40,12239,4082,2549,9572,0,0,118,0,669,0,0,0,8
48,2,moe,709,40,13028,3174,1631,11272,0,0,125,0,665,0,0,0,8
48,3,moe,611,38,14389,6081,3103,11180,0,0,106,0,653,0,0,0,8
48,4,moe,700,40,16043,4242,2478,13453,0,0,112,0,581,0,0,0,8
48,5,moe,740,37,12710,4077,2769,9839,0,1,101,0,588,0,0,0,8
48,6,moe,714,34,13150,3737,2350,10701,0,0,99,0,709,0,0,0,8
48,7,moe,624,32,11219,2708,1402,9698,0,0,119,0,591,0,0,0,8
48,8,moe,713,50,12045,3432,2133,9811,0,0,101,0,592,0,0,0,8
48,9,moe,808,35,11692,3986,2447,9147,0,0,98,0,713,0,0,0,8
48,10,moe,719,38,15843,4298,2450,13292,0,0,101,0,584,0,0,0,8
48,11,moe,635,31,12070,4290,2462,9500,0,0,108,0,577,0,0,0,8
48,12,moe,725,41,14477,4043,2538,11828,0,0,111,0,688,0,0,0,8
48,13,moe,763,40,9270,2770,1426,7740,0,0,104,0,580,0,0,0,8
48,14,moe,705,41,12890,3414,1840,10948,0,0,102,0,568,0,0,0,8
48,15,moe,613,36,15163,4930,2815,12252,0,0,96,0,685,0,0,0,8
48,16,moe,698,36,11746,3665,2356,9293,0,0,97,0,578,0,0,0,8
48,17,moe,762,35,9630,3532,2012,7522,0,1,95,0,576,0,0,0,8
48,18,moe,703,36,15346,3998,2216,13036,0,0,94,0,690,0,0,0,8
48,19,moe,626,36,11270,3445,1961,9214,0,0,95,0,576,0,0,0,8
48,20,moe,701,36,12521,5765,2974,9448,0,0,99,0,572,0,0,0,8
48,21,moe,757,38,12403,3163,1626,10655,0,0,122,0,695,0,0,0,8
48,22,moe,786,42,14342,5603,2876,11328,0,0,138,0,585,0,0,0,8
48,23,moe,638,34,18356,6297,3263,14993,0,0,100,0,691,0,0,0,8
48,24,moe,777,34,11625,3968,2455,9064,0,0,106,0,698,0,0,0,8
48,25,moe,769,37,11563,3926,2410,9050,0,0,103,0,699,0,0,0,8
48,26,moe,626,44,13305,3203,1647,11540,0,0,118,0,688,0,0,0,8
48,-1,epi,0,0,0,0,0,0,0,0,5346,0,0,0,0,0,0
49,-2,pre,1088,0,0,0,0,0,0,0,0,0,0,0,0,0,0
49,0,dense,1349,44,0,0,0,0,0,0,0,0,0,0,0,0,0
49,1,moe,779,42,17197,8249,4552,12533,0,0,112,0,710,0,0,0,8
49,2,moe,708,49,14927,3133,1614,13189,0,0,124,0,712,0,0,0,8
49,3,moe,671,42,14129,6427,3328,10694,0,0,107,0,716,0,0,0,8
49,4,moe,705,45,10806,5346,2903,7800,0,0,103,0,610,0,0,0,8
49,5,moe,753,42,14241,4459,2513,11608,0,0,120,0,551,0,0,0,8
49,6,moe,711,43,15661,4023,2569,12944,0,0,148,0,669,0,0,0,8
49,7,moe,641,41,10403,3488,2226,8069,0,0,108,0,579,0,0,0,8
49,8,moe,687,53,11134,3484,2186,8819,0,0,129,0,663,0,0,0,8
49,9,moe,753,48,16187,8803,4754,11319,0,0,114,0,748,0,0,0,8
49,10,moe,716,42,11686,6068,3347,8225,0,0,114,0,643,0,0,0,8
49,11,moe,699,37,10641,3689,2336,8187,0,0,118,0,641,0,0,0,8
49,12,moe,744,46,11707,3965,2088,9512,0,0,107,0,697,0,0,0,8
49,13,moe,822,42,11164,5535,2869,8187,0,0,108,0,582,0,0,0,8
49,14,moe,695,43,10936,4702,2848,7981,0,0,107,0,557,0,0,0,8
49,15,moe,652,53,12442,4224,2699,9621,0,0,122,0,678,0,0,0,8
49,16,moe,686,44,10518,3681,2052,8347,0,0,119,0,579,0,0,0,8
49,17,moe,764,42,11272,5418,3078,8074,0,0,120,0,627,0,0,0,8
49,18,moe,749,41,12527,4017,2482,9921,0,0,124,0,714,0,0,0,8
49,19,moe,664,40,12675,7604,4063,8500,0,0,112,0,531,0,0,0,8
49,20,moe,661,48,10846,4182,2341,8395,0,0,110,0,517,0,0,0,8
49,21,moe,695,47,12324,4612,2798,9422,0,0,104,0,635,0,0,0,8
49,22,moe,714,41,10196,3965,2033,8045,0,0,118,0,552,0,0,0,8
49,23,moe,620,42,11045,3167,1639,9287,0,0,119,0,639,0,0,0,8
49,24,moe,721,49,12203,4824,2771,9326,0,0,106,0,683,0,0,0,8
49,25,moe,732,43,12150,5385,2840,9207,0,0,103,0,643,0,0,0,8
49,26,moe,606,39,10913,3205,1645,9149,0,0,119,0,642,0,0,0,8
49,-1,epi,0,0,0,0,0,0,0,0,4382,0,0,0,0,0,0
50,-2,pre,40,0,0,0,0,0,0,0,0,0,0,0,0,0,0
50,0,dense,1265,46,0,0,0,0,0,0,0,0,0,0,0,0,0
50,1,moe,731,47,11762,4002,2124,9522,0,0,116,0,614,0,0,0,8
50,2,moe,660,45,12872,6437,3334,9431,0,0,107,0,615,0,0,0,8
50,3,moe,611,43,12008,4041,2498,9396,0,0,114,0,608,0,0,0,8
50,4,moe,652,43,9458,2741,1422,7917,0,0,119,0,537,0,0,0,8
50,5,moe,710,39,9845,3474,1954,7788,0,0,103,0,531,0,0,0,8
50,6,moe,664,39,11704,3905,2527,9077,0,0,100,0,639,0,0,0,8
50,7,moe,594,39,9231,2710,1406,7724,0,0,101,0,530,0,0,0,8
50,8,moe,671,41,9329,2753,1419,7804,0,0,106,0,534,0,0,0,8
50,9,moe,714,44,11796,4121,2625,9069,0,0,102,0,641,0,0,0,8
50,10,moe,663,41,10191,3640,2303,7790,0,0,98,0,540,0,0,0,8
50,11,moe,605,39,10248,3586,2270,7872,0,0,106,0,538,0,0,0,8
50,12,moe,673,57,11927,4022,2500,9316,0,0,111,0,641,0,0,0,8
50,13,moe,718,44,9563,2787,1444,7992,0,0,127,0,536,0,0,0,8
50,14,moe,681,45,9594,2779,1455,8002,0,0,137,0,540,0,0,0,8
50,15,moe,636,42,11816,4037,2544,9167,0,0,105,0,639,0,0,0,8
50,16,moe,670,46,11144,6014,3155,7879,0,0,110,0,531,0,0,0,8
50,17,moe,704,46,11322,6046,3331,7888,0,0,103,0,535,0,0,0,8
50,18,moe,674,41,15638,6427,3620,9156,0,0,2862,0,644,0,0,0,8
50,19,moe,664,3161,11532,2732,1404,7816,0,0,2312,0,532,0,0,0,8
50,20,moe,670,44,10426,3748,2430,7884,0,0,112,0,536,0,0,0,8
50,21,moe,708,46,12313,5698,2938,9270,0,0,105,0,701,0,0,0,8
50,22,moe,741,49,9716,2809,1493,8092,0,0,131,0,655,0,0,0,8
50,23,moe,614,45,17031,5758,3012,13898,0,0,121,0,652,0,0,0,8
50,24,moe,723,48,10947,3179,1631,9190,0,0,126,0,648,0,0,0,8
50,25,moe,724,47,13879,5578,2901,10870,0,0,108,0,652,0,0,0,8
50,26,moe,607,38,10848,3170,1647,9092,0,0,109,0,653,0,0,0,8
50,-1,epi,0,0,0,0,0,0,0,0,4373,0,0,0,0,0,0
51,-2,pre,90,0,0,0,0,0,0,0,0,0,0,0,0,0,0
51,0,dense,1243,44,0,0,0,0,0,0,0,0,0,0,0,0,0
51,1,moe,738,45,11084,3195,1652,9317,0,0,115,0,648,0,0,0,8
51,2,moe,679,41,11602,3912,2224,9270,0,0,108,0,645,0,0,0,8
51,3,moe,609,39,12957,3698,1930,10916,0,0,111,0,646,0,0,0,8
51,4,moe,677,48,10092,3570,2018,7961,0,0,113,0,552,0,0,0,8
51,5,moe,717,46,11245,2747,1427,9695,0,0,123,0,549,0,0,0,8
51,6,moe,704,51,15347,7050,4224,11011,0,0,112,0,646,0,0,0,8
51,7,moe,601,39,11282,5759,3260,7916,0,0,106,0,537,0,0,0,8
51,8,moe,691,44,12068,4225,2270,9692,0,0,106,0,547,0,0,0,8
51,9,moe,711,42,14939,5144,2856,11968,0,0,115,0,711,0,0,0,8
51,10,moe,686,42,10697,4225,2603,7987,0,0,107,0,548,0,0,0,8
51,11,moe,601,42,10422,4102,2352,7967,0,0,103,0,551,0,0,0,8
51,12,moe,667,49,12476,4881,3027,9334,0,0,115,0,650,0,0,0,8
51,13,moe,721,45,10925,5718,2944,7871,0,0,110,0,541,0,0,0,8
51,14,moe,672,41,9349,2735,1410,7831,0,1,107,0,542,0,0,0,8
51,15,moe,604,37,11325,3880,2061,9162,0,0,102,0,664,0,0,0,8
51,16,moe,719,47,12481,7875,4104,8262,0,0,115,0,557,0,0,0,8
51,17,moe,704,43,10823,5084,2645,8069,0,0,109,0,544,0,0,0,8
51,18,moe,668,41,13756,8380,4475,9180,0,0,101,0,647,0,0,0,8
51,19,moe,605,37,10221,3543,2280,7846,0,0,95,0,548,0,0,0,8
51,20,moe,683,39,11144,6158,3170,7862,0,0,112,0,554,0,0,0,8
51,21,moe,704,45,13808,7943,4277,9423,0,0,108,0,646,0,0,0,8
51,22,moe,713,47,11079,5253,2933,8034,0,0,112,0,542,0,0,0,8
51,23,moe,602,42,11361,3955,2088,9168,0,0,105,0,645,0,0,0,8
51,24,moe,718,42,11871,5084,2633,9133,0,0,105,0,644,0,0,0,8
51,25,moe,715,42,12485,5896,3178,9198,0,0,109,0,647,0,0,0,8
51,26,moe,604,42,12778,6463,3588,9094,0,0,96,0,644,0,0,0,8
51,-1,epi,0,0,0,0,0,0,0,0,4356,0,0,0,0,0,0
52,-2,pre,43,0,0,0,0,0,0,0,0,0,0,0,0,0,0
52,0,dense,1263,49,0,0,0,0,0,0,0,0,0,0,0,0,0
52,1,moe,746,41,12374,4365,2868,9386,0,0,120,0,656,0,0,0,8
52,2,moe,678,45,10916,3106,1598,9201,0,0,117,0,651,0,0,0,8
52,3,moe,608,43,12145,5140,2872,9164,0,0,109,0,646,0,0,0,8
52,4,moe,663,41,11109,5808,3195,7812,0,0,102,0,543,0,0,0,8
52,5,moe,719,39,9356,2731,1418,7837,0,0,101,0,541,0,0,0,8
52,6,moe,667,41,11507,3923,2228,9177,0,0,102,0,657,0,0,0,8
52,7,moe,604,44,11094,5257,2895,8075,0,0,124,0,569,0,0,0,8
52,8,moe,667,45,10078,3520,1970,7983,0,0,125,0,548,0,0,0,8
52,9,moe,721,43,11973,4775,2631,9234,0,0,108,0,649,0,0,0,8
52,10,moe,678,47,10017,3527,1952,7952,0,0,113,0,543,0,0,0,8
52,11,moe,621,51,9916,3446,1862,7942,0,0,112,0,545,0,0,0,8
52,12,moe,698,51,11488,3934,2110,9276,0,0,102,0,651,0,0,0,8
52,13,moe,705,43,10567,4758,2622,7839,0,0,106,0,541,0,0,0,8
52,14,moe,665,43,9366,2747,1414,7841,0,0,111,0,542,0,0,0,8
52,15,moe,605,38,11468,3923,2183,9173,0,0,112,0,651,0,0,0,8
52,16,moe,673,43,11077,5292,2884,8093,0,0,100,0,539,0,0,0,8
52,17,moe,712,43,10323,3819,2401,7826,0,0,96,0,543,0,0,0,8
52,18,moe,680,42,10869,3168,1626,9138,0,0,105,0,645,0,0,0,8
52,19,moe,607,41,9870,3437,1959,7805,0,0,106,0,543,0,0,0,8
52,20,moe,666,40,9347,2755,1426,7817,0,0,104,0,540,0,0,0,8
52,21,moe,712,40,12453,5900,3163,9192,0,0,98,0,641,0,0,0,8
52,22,moe,711,57,9367,2708,1408,7844,0,0,115,0,547,0,0,0,8
52,23,moe,620,43,10868,3146,1627,9122,0,0,119,0,651,0,0,0,8
52,24,moe,715,41,11639,4136,2363,9168,0,0,108,0,644,0,0,0,8
52,25,moe,714,45,11960,4191,2708,9139,0,0,113,0,682,0,0,0,8
52,26,moe,628,39,11383,3260,1697,9547,0,0,139,0,656,0,0,0,8
52,-1,epi,0,0,0,0,0,0,0,0,4551,0,0,0,0,0,0
53,-2,pre,142,0,0,0,0,0,0,0,0,0,0,0,0,0,0
53,0,dense,1237,59,0,0,0,0,0,0,0,0,0,0,0,0,0
53,1,moe,735,44,11352,3247,1678,9555,0,0,119,0,667,0,0,0,8
53,2,moe,697,41,11285,3217,1647,9510,0,0,128,0,663,0,0,0,8
53,3,moe,622,40,12682,5953,3137,9437,0,0,108,0,651,0,0,0,8
53,4,moe,681,54,9630,2807,1446,8065,0,0,119,0,545,0,0,0,8
53,5,moe,712,48,9781,3543,1858,7815,0,0,108,0,543,0,0,0,8
53,6,moe,664,34,10841,3064,1572,9164,0,0,105,0,646,0,0,0,8
53,7,moe,600,35,9907,3450,1931,7878,0,0,98,0,561,0,0,0,8
53,8,moe,689,61,11199,5422,2769,8323,0,0,107,0,543,0,0,0,8
53,9,moe,721,35,12533,6295,3256,9171,0,0,106,0,674,0,0,0,8
53,10,moe,681,41,9443,2831,1457,7875,0,0,111,0,544,0,0,0,8
53,11,moe,601,35,9368,2792,1432,7812,0,0,124,0,540,0,0,0,8
53,12,moe,687,42,12463,4987,3150,9204,0,0,109,0,649,0,0,0,8
53,13,moe,716,40,9931,3482,1958,7858,0,0,115,0,547,0,0,0,8
53,14,moe,668,44,11172,5589,3259,7811,0,0,102,0,539,0,0,0,8
53,15,moe,582,33,10842,3127,1603,9135,0,0,104,0,650,0,0,0,8
53,16,moe,667,35,9967,3565,2048,7814,0,0,105,0,547,0,0,0,8
53,17,moe,718,37,9471,2992,1579,7780,0,0,112,0,542,0,0,0,8
53,18,moe,681,36,10957,3211,1684,9172,0,0,101,0,642,0,0,0,8
53,19,moe,607,37,9861,3499,1990,7773,0,0,98,0,545,0,0,0,8
53,20,moe,670,38,9633,2779,1439,8083,0,0,111,0,542,0,0,0,8
53,21,moe,713,35,11247,3942,2071,9080,0,0,96,0,651,0,0,0,8
53,22,moe,712,38,9380,2714,1404,7859,0,0,117,0,543,0,0,0,8
53,23,moe,734,38,12023,4104,2586,9317,0,0,120,0,676,0,0,0,8
53,24,moe,710,44,11612,4021,2218,9267,0,0,127,0,655,0,0,0,8
53,25,moe,726,40,12348,5053,2882,9358,0,0,108,0,647,0,0,0,8
53,26,moe,600,35,13389,7056,4024,9263,0,0,102,0,662,0,0,0,8
53,-1,epi,0,0,0,0,0,0,0,0,4375,0,0,0,0,0,0
54,-2,pre,57,0,0,0,0,0,0,0,0,0,0,0,0,0,0
54,0,dense,1223,37,0,0,0,0,0,0,0,0,0,0,0,0,0
54,1,moe,718,36,11053,3193,1639,9303,0,0,111,0,653,0,0,0,8
54,2,moe,669,35,10782,3126,1595,9070,0,0,117,0,647,0,0,0,8
54,3,moe,609,35,11195,3941,2102,8991,0,0,102,0,646,0,0,0,8
54,4,moe,679,36,10800,5501,2903,7798,0,0,99,0,544,0,0,0,8
54,5,moe,721,38,10788,4944,2682,7994,0,0,112,0,543,0,0,0,8
54,6,moe,663,40,10884,3018,1589,9176,0,0,119,0,656,0,0,0,8
54,7,moe,601,37,10807,5346,2952,7751,0,0,104,0,538,0,0,0,8
54,8,moe,660,38,10251,3596,2318,7824,0,0,109,0,547,0,0,0,8
54,9,moe,713,42,12196,5561,2917,9172,0,0,107,0,644,0,0,0,8
54,10,moe,658,38,9391,2803,1449,7833,0,0,109,0,537,0,0,0,8
54,11,moe,605,34,10144,3586,2277,7772,0,0,95,0,549,0,0,0,8
54,12,moe,682,34,11813,4168,2688,9026,0,0,99,0,672,0,0,0,8
54,13,moe,712,48,11555,6311,3623,7832,0,0,100,0,539,0,0,0,8
54,14,moe,668,34,10519,4856,2553,7859,0,0,107,0,537,0,0,0,8
54,15,moe,585,35,11840,4010,2548,9183,0,0,109,0,649,0,0,0,8
54,16,moe,673,39,9427,2812,1446,7865,0,0,116,0,541,0,0,0,8
54,17,moe,714,39,9312,2777,1433,7768,0,0,111,0,540,0,0,0,8
54,18,moe,677,38,11776,4055,2575,9094,0,0,107,0,643,0,0,0,8
54,19,moe,607,34,9330,2715,1400,7815,0,0,115,0,546,0,0,0,8
54,20,moe,672,40,9336,2785,1436,7788,0,0,112,0,536,0,0,0,8
54,21,moe,714,40,11996,4273,2763,9127,0,0,106,0,690,0,0,0,8
54,22,moe,758,38,9801,3443,2184,7511,0,0,106,0,572,0,0,0,8
54,23,moe,616,31,12997,6900,3755,9142,0,0,100,0,641,0,0,0,8
54,24,moe,766,36,12184,6483,3298,8788,0,0,98,0,684,0,0,0,8
54,25,moe,756,403,12746,7287,3775,8876,0,0,95,0,689,0,0,0,8
54,26,moe,626,41,10566,3171,1646,8812,0,0,108,0,710,0,0,0,8
54,-1,epi,0,0,0,0,0,0,0,0,4395,0,0,0,0,0,0
55,-2,pre,213,0,0,0,0,0,0,0,0,0,0,0,0,0,0
55,0,dense,1238,45,0,0,0,0,0,0,0,0,0,0,0,0,0
55,1,moe,721,43,11377,3522,1866,9402,0,0,109,0,646,0,0,0,8
55,2,moe,682,43,12184,5662,2911,9169,0,0,104,0,643,0,0,0,8
55,3,moe,600,38,12922,6752,3692,9133,0,0,97,0,648,0,0,0,8
55,4,moe,673,42,9379,2735,1412,7862,0,0,105,0,538,0,0,0,8
55,5,moe,716,42,11658,7006,3683,7875,0,0,100,0,540,0,0,0,8
55,6,moe,662,42,12151,5572,2875,9178,0,0,98,0,644,0,0,0,8
55,7,moe,593,39,12163,7622,4217,7843,0,0,103,0,536,0,0,0,8
55,8,moe,673,38,9957,3427,1945,7906,0,0,106,0,539,0,0,0,8
55,9,moe,719,42,11547,4022,2232,9212,0,0,103,0,639,0,0,0,8
55,10,moe,673,42,10604,5147,2663,7842,0,0,99,0,540,0,0,0,8
55,11,moe,595,37,10891,4621,2612,8167,0,0,112,0,608,0,0,0,8
55,12,moe,675,46,12069,4128,2607,9347,0,0,115,0,650,0,0,0,8
55,13,moe,713,43,10129,3601,1914,8115,0,0,100,0,539,0,0,0,8
55,14,moe,674,45,10330,4541,2400,7828,0,0,102,0,541,0,0,0,8
55,15,moe,606,39,11595,3842,2186,9310,0,0,99,0,648,0,0,0,8
55,16,moe,666,41,10744,5222,2674,7961,0,0,109,0,532,0,0,0,8
55,17,moe,710,42,10347,3944,2417,7834,0,0,96,0,536,0,0,0,8
55,18,moe,671,40,11131,3182,1647,9383,0,0,101,0,650,0,0,0,8
55,19,moe,609,41,10454,4130,2578,7781,0,0,95,0,536,0,0,0,8
55,20,moe,677,39,10495,4637,2598,7799,0,0,98,0,531,0,0,0,8
55,21,moe,701,39,12406,4448,2950,9360,0,0,96,0,638,0,0,0,8
55,22,moe,709,39,11306,5717,3376,7836,0,0,94,0,536,0,0,0,8
55,23,moe,599,37,12223,4737,2915,9210,0,0,98,0,691,0,0,0,8
55,24,moe,750,40,11043,3911,2159,8781,0,0,103,0,690,0,0,0,8
55,25,moe,722,42,11989,4041,2545,9346,0,0,98,0,698,0,0,0,8
55,26,moe,630,38,13315,7905,4284,8939,0,0,92,0,641,0,0,0,8
55,-1,epi,0,0,0,0,0,0,0,0,4364,0,0,0,0,0,0
56,-2,pre,218,0,0,0,0,0,0,0,0,0,0,0,0,0,0
56,0,dense,1269,46,0,0,0,0,0,0,0,0,0,0,0,0,0
56,1,moe,715,44,13380,6518,3855,9423,0,0,102,0,653,0,0,0,8
56,2,moe,671,42,12516,6171,3180,9230,0,0,106,0,664,0,0,0,8
56,3,moe,610,41,12149,5168,2896,9152,0,0,101,0,644,0,0,0,8
56,4,moe,671,44,9601,2724,1398,8099,0,0,104,0,536,0,0,0,8
56,5,moe,709,41,9896,3461,1940,7857,0,0,99,0,533,0,0,0,8
56,6,moe,674,42,11158,3409,1973,9080,0,0,105,0,649,0,0,0,8
56,7,moe,606,38,10344,3633,2385,7860,0,0,99,0,544,0,0,0,8
56,8,moe,668,39,10109,3451,1937,8067,0,0,105,0,541,0,0,0,8
56,9,moe,716,40,10856,3227,1656,9097,0,0,103,0,647,0,0,0,8
56,10,moe,667,39,10250,3660,2346,7803,0,0,101,0,578,0,0,0,8
56,11,moe,619,40,10618,5539,2987,7532,0,0,99,0,571,0,0,0,8
56,12,moe,696,39,11594,3888,2074,9419,0,0,101,0,651,0,0,0,8
56,13,moe,714,41,10558,4680,2614,7842,0,0,102,0,585,0,0,0,8
56,14,moe,695,42,10566,5619,2857,7609,0,0,100,0,581,0,0,0,8
56,15,moe,622,37,11434,3949,2196,9139,0,0,99,0,642,0,0,0,8
56,16,moe,670,43,9620,2816,1440,8075,0,0,105,0,544,0,0,0,8
56,17,moe,720,42,10082,3677,2392,7595,0,0,95,0,573,0,0,0,8
56,18,moe,690,37,11331,4010,2251,8980,0,0,100,0,676,0,0,0,8
56,19,moe,623,37,9899,3416,1928,7871,0,0,100,0,531,0,0,0,8
56,20,moe,672,41,10166,3605,2309,7754,0,0,103,0,569,0,0,0,8
56,21,moe,753,41,10534,3174,1623,8803,0,0,108,0,678,0,0,0,8
56,22,moe,761,41,9549,3457,1949,7505,0,0,95,0,569,0,0,0,8
56,23,moe,622,37,11721,4065,2567,9059,0,0,95,0,640,0,0,0,8
56,24,moe,729,42,10927,3163,1627,9192,0,0,108,0,637,0,0,0,8
56,25,moe,719,41,12138,5549,2872,9161,0,0,105,0,702,0,0,0,8
56,26,moe,618,41,12802,5744,3414,9270,0,0,118,0,647,0,0,0,8
56,-1,epi,0,0,0,0,0,0,0,0,4397,0,0,0,0,0,0
57,-2,pre,43,0,0,0,0,0,0,0,0,0,0,0,0,0,0
57,0,dense,1271,46,0,0,0,0,0,0,0,0,0,0,0,0,0
57,1,moe,721,43,12099,4089,2606,9385,0,0,108,0,652,0,0,0,8
57,2,moe,673,42,10822,3140,1607,9105,0,0,110,0,650,0,0,0,8
57,3,moe,610,38,11819,4121,2643,9070,0,0,106,0,650,0,0,0,8
57,4,moe,676,40,9471,2858,1525,7845,0,0,101,0,544,0,0,0,8
57,5,moe,708,40,10432,3908,2488,7847,0,0,97,0,542,0,0,0,8
57,6,moe,667,41,11832,4102,2615,9115,0,0,102,0,659,0,0,0,8
57,7,moe,593,42,10467,4487,2529,7835,0,0,103,0,543,0,0,0,8
57,8,moe,664,40,9345,2695,1403,7840,0,0,102,0,543,0,0,0,8
57,9,moe,724,40,10822,3180,1636,9082,0,0,104,0,648,0,0,0,8
57,10,moe,665,38,9354,2814,1451,7802,0,0,101,0,539,0,0,0,8
57,11,moe,587,38,11202,5938,3276,7826,0,0,100,0,606,0,0,0,8
57,12,moe,667,41,10837,3183,1624,9107,0,0,106,0,670,0,0,0,8
57,13,moe,721,40,10381,3666,2362,7920,0,0,99,0,544,0,0,0,8
57,14,moe,676,45,10244,3622,2324,7823,0,0,97,0,547,0,0,0,8
57,15,moe,590,38,12126,5549,2909,9111,0,0,106,0,642,0,0,0,8
57,16,moe,675,39,9439,2807,1449,7890,0,0,100,0,546,0,0,0,8
57,17,moe,712,43,9484,2924,1514,7864,0,0,106,0,534,0,0,0,8
57,18,moe,664,40,11521,4062,2308,9116,0,0,97,0,645,0,0,0,8
57,19,moe,604,39,9265,2658,1375,7782,0,0,108,0,536,0,0,0,8
57,20,moe,671,39,9539,2774,1428,8012,0,0,99,0,541,0,0,0,8
57,21,moe,721,41,12177,5315,2938,9142,0,0,97,0,642,0,0,0,8
57,22,moe,710,195,11285,4920,3620,7570,0,0,95,0,577,0,0,0,8
57,23,moe,619,38,10704,3152,1623,8972,0,0,109,0,683,0,0,0,8
57,24,moe,758,41,11352,3988,2145,9103,0,0,104,0,645,0,0,0,8
57,25,moe,713,41,11662,4103,2585,8977,0,0,100,0,694,0,0,0,8
57,26,moe,630,40,10598,3128,1605,8889,0,0,104,0,649,0,0,0,8
57,-1,epi,0,0,0,0,0,0,0,0,4378,0,0,0,0,0,0
58,-2,pre,223,0,0,0,0,0,0,0,0,0,0,0,0,0,0
58,0,dense,1247,42,0,0,0,0,0,0,0,0,0,0,0,0,0
58,1,moe,716,36,12004,4135,2643,9255,0,0,106,0,652,0,0,0,8
58,2,moe,668,38,10840,3113,1603,9129,0,0,108,0,639,0,0,0,8
58,3,moe,601,38,12542,6205,3206,9239,0,0,97,0,648,0,0,0,8
58,4,moe,677,40,9684,3399,1805,7781,0,0,98,0,550,0,0,0,8
58,5,moe,730,46,9944,3403,1800,8030,0,0,114,0,559,0,0,0,8
58,6,moe,711,42,11752,3177,1655,9959,0,0,138,0,654,0,0,0,8
58,7,moe,621,39,10151,3318,1789,8257,0,0,105,0,550,0,0,0,8
58,8,moe,685,41,10321,3484,2223,7992,0,0,106,0,556,0,0,0,8
58,9,moe,786,48,12213,4020,2507,9604,0,0,102,0,692,0,0,0,8
58,10,moe,705,43,9991,2875,1481,8400,0,0,110,0,547,0,0,0,8
58,11,moe,634,53,9721,2803,1454,8161,0,0,106,0,599,0,0,0,8
58,12,moe,702,55,11640,3224,1650,9866,0,0,124,0,705,0,0,0,8
58,13,moe,736,46,10042,2837,1465,8458,0,0,119,0,566,0,0,0,8
58,14,moe,713,44,9624,2788,1446,8062,0,0,116,0,664,0,0,0,8
58,15,moe,618,41,12336,5419,2825,9391,0,0,120,0,692,0,0,0,8
58,16,moe,691,43,10595,3567,2221,8259,0,0,115,0,573,0,0,0,8
58,17,moe,753,42,10397,3653,2274,8011,0,0,112,0,553,0,0,0,8
58,18,moe,739,55,11193,3267,1678,9384,0,0,131,0,652,0,0,0,8
58,19,moe,605,43,10800,5471,2841,7855,0,0,104,0,558,0,0,0,8
58,20,moe,662,42,9487,2810,1448,7933,0,0,106,0,541,0,0,0,8
58,21,moe,712,44,10908,3160,1634,9161,0,0,113,0,645,0,0,0,8
58,22,moe,708,42,10082,3611,2119,7862,0,0,101,0,548,0,0,0,8
58,23,moe,607,40,10843,3177,1639,9101,0,0,103,0,645,0,0,0,8
58,24,moe,715,41,11378,3975,2202,9079,0,0,97,0,641,0,0,0,8
58,25,moe,701,39,10756,3238,1663,8981,0,0,112,0,688,0,0,0,8
58,26,moe,615,39,11540,4140,2651,8797,0,0,92,0,643,0,0,0,8
58,-1,epi,0,0,0,0,0,0,0,0,4375,0,0,0,0,0,0
59,-2,pre,88,0,0,0,0,0,0,0,0,0,0,0,0,0,0
59,0,dense,1234,34,0,0,0,0,0,0,0,0,0,0,0,0,0
59,1,moe,714,76,11070,3187,1638,9308,0,0,124,0,651,0,0,0,8
59,2,moe,671,35,11768,4002,2554,9114,0,0,100,0,649,0,0,0,8
59,3,moe,609,31,10781,3173,1635,9034,0,0,112,0,643,0,0,0,8
59,4,moe,673,34,9341,2731,1405,7830,0,0,106,0,541,0,0,0,8
59,5,moe,707,34,9375,2732,1407,7864,0,0,104,0,539,0,0,0,8
59,6,moe,668,33,11775,4033,2597,9082,0,0,96,0,661,0,0,0,8
59,7,moe,596,34,10216,3571,2306,7810,0,0,100,0,546,0,0,0,8
59,8,moe,664,35,9337,2686,1385,7853,0,0,99,0,542,0,0,0,8
59,9,moe,713,36,10967,3178,1645,9219,0,0,103,0,641,0,0,0,8
59,10,moe,663,40,10237,3591,2279,7855,0,0,103,0,540,0,0,0,8
59,11,moe,601,35,10180,3604,2306,7769,0,0,105,0,540,0,0,0,8
59,12,moe,674,36,11007,3175,1637,9256,0,0,114,0,647,0,0,0,8
59,13,moe,711,37,10292,4614,2373,7815,0,0,104,0,550,0,0,0,8
59,14,moe,670,34,10244,3594,2290,7857,0,0,97,0,548,0,0,0,8
59,15,moe,606,37,10850,3142,1619,9120,0,0,111,0,656,0,0,0,8
59,16,moe,671,36,9392,2809,1450,7839,0,0,103,0,568,0,0,0,8
59,17,moe,755,36,10302,3642,2302,7896,0,0,104,0,544,0,0,0,8
59,18,moe,669,35,11802,4096,2561,9138,0,0,103,0,649,0,0,0,8
59,19,moe,597,34,10316,4940,2585,7628,0,0,103,0,577,0,0,0,8
59,20,moe,695,34,9709,3470,1929,7687,0,0,93,0,601,0,0,0,8
59,21,moe,753,35,10700,3139,1610,8990,0,0,100,0,642,0,0,0,8
59,22,moe,710,36,10503,5098,2616,7786,0,0,101,0,575,0,0,0,8
59,23,moe,627,31,11025,3921,2166,8760,0,0,99,0,653,0,0,0,8
59,24,moe,712,37,11426,3953,2083,9245,0,0,98,0,647,0,0,0,8
59,25,moe,706,34,11887,4083,2584,9203,0,0,100,0,640,0,0,0,8
59,26,moe,602,32,10532,3158,1631,8793,0,0,108,0,693,0,0,0,8
59,-1,epi,0,0,0,0,0,0,0,0,4789,0,0,0,0,0,0
60,-2,pre,87,0,0,0,0,0,0,0,0,0,0,0,0,0,0
60,0,dense,1233,33,0,0,0,0,0,0,0,0,0,0,0,0,0
60,1,moe,716,35,12126,4186,2704,9319,0,0,103,0,650,0,0,0,8
60,2,moe,666,36,11838,4014,2575,9160,0,0,103,0,648,0,0,0,8
60,3,moe,613,32,12490,6121,3205,9182,0,0,103,0,643,0,0,0,8
60,4,moe,659,35,10326,3600,2315,7899,0,0,112,0,662,0,0,0,8
60,5,moe,713,38,10425,3651,2349,7966,0,0,110,0,551,0,0,0,8
60,6,moe,684,42,10870,3014,1573,9185,0,0,112,0,652,0,0,0,8
60,7,moe,604,36,9239,2733,1411,7724,0,0,104,0,546,0,0,0,8
60,8,moe,684,34,10454,4536,2527,7822,0,0,105,0,542,0,0,0,8
60,9,moe,722,35,11489,3980,2174,9210,0,0,105,0,643,0,0,0,8
60,10,moe,674,38,10317,3737,2401,7812,0,0,104,0,538,0,0,0,8
60,11,moe,593,35,9447,2786,1443,7900,0,0,104,0,541,0,0,0,8
60,12,moe,665,35,11049,3465,1855,9089,0,0,105,0,658,0,0,0,8
60,13,moe,723,36,9467,2817,1445,7914,0,0,108,0,540,0,0,0,8
60,14,moe,669,37,9436,2771,1431,7901,0,0,104,0,540,0,0,0,8
60,15,moe,596,32,10875,3127,1612,9153,0,0,110,0,651,0,0,0,8
60,16,moe,678,36,9386,2804,1447,7830,0,0,109,0,538,0,0,0,8
60,17,moe,714,37,10333,3707,2386,7850,0,0,97,0,544,0,0,0,8
60,18,moe,659,34,10922,3181,1648,9169,0,0,105,0,648,0,0,0,8
60,19,moe,607,34,9852,3402,1952,7804,0,0,96,0,538,0,0,0,8
60,20,moe,710,38,12116,5509,4221,7795,0,0,100,0,546,0,0,0,8
60,21,moe,710,42,10806,3126,1607,9100,0,0,99,0,643,0,0,0,8
60,22,moe,717,38,9394,2770,1419,7878,0,0,97,0,552,0,0,0,8
60,23,moe,629,44,11927,4007,2454,9370,0,0,103,0,670,0,0,0,8
60,24,moe,747,45,12080,4029,2515,9458,0,0,107,0,652,0,0,0,8
60,25,moe,721,41,10968,3161,1627,9194,0,0,147,0,666,0,0,0,8
60,26,moe,626,43,11029,3168,1638,9274,0,0,117,0,652,0,0,0,8
60,-1,epi,0,0,0,0,0,0,0,0,4366,0,0,0,0,0,0
61,-2,pre,72,0,0,0,0,0,0,0,0,0,0,0,0,0,0
61,0,dense,1236,45,0,0,0,0,0,0,0,0,0,0,0,0,0
61,1,moe,724,39,12113,4148,2661,9349,0,0,103,0,645,0,0,0,8
61,2,moe,681,43,12269,5796,2999,9162,0,0,108,0,642,0,0,0,8
61,3,moe,602,38,10818,3193,1650,9059,0,0,109,0,651,0,0,0,8
61,4,moe,671,44,10251,3666,2389,7765,0,0,97,0,540,0,0,0,8
61,5,moe,716,41,9711,3483,1845,7767,0,0,99,0,539,0,0,0,8
61,6,moe,678,39,10719,3012,1550,9062,0,0,107,0,643,0,0,0,8
61,7,moe,601,36,10217,3615,2359,7764,0,0,94,0,550,0,0,0,8
61,8,moe,673,40,9254,2666,1380,7770,0,0,104,0,539,0,0,0,8
61,9,moe,715,41,10842,3187,1636,9102,0,0,104,0,644,0,0,0,8
61,10,moe,665,41,9338,2795,1440,7794,0,0,104,0,537,0,0,0,8
61,11,moe,602,39,9862,3590,2008,7757,0,0,97,0,541,0,0,0,8
61,12,moe,677,40,10784,3185,1636,9043,0,0,105,0,641,0,0,0,8
61,13,moe,706,39,9398,2775,1427,7867,0,0,104,0,537,0,0,0,8
61,14,moe,679,39,9791,3464,1857,7832,0,0,102,0,539,0,0,0,8
61,15,moe,601,42,11807,4080,2615,9097,0,0,95,0,681,0,0,0,8
61,16,moe,670,39,9424,2816,1448,7873,0,0,103,0,540,0,0,0,8
61,17,moe,713,40,10970,5903,3098,7777,0,0,95,0,538,0,0,0,8
61,18,moe,672,40,13304,7063,4078,9128,0,0,98,0,642,0,0,0,8
61,19,moe,595,36,9969,3506,2254,7613,0,0,102,0,574,0,0,0,8
61,20,moe,703,38,10849,5387,3082,7672,0,0,95,0,666,0,0,0,8
61,21,moe,787,43,13798,8673,4443,9243,0,0,112,0,653,0,0,0,8
61,22,moe,732,45,12055,4468,2322,9624,0,0,109,0,546,0,0,0,8
61,23,moe,596,38,13903,4892,2940,10862,0,0,101,0,646,0,0,0,8
61,24,moe,715,41,12551,3176,1633,10812,0,0,106,0,646,0,0,0,8
61,25,moe,719,42,13276,7148,4070,9102,0,0,104,0,642,0,0,0,8
61,26,moe,599,40,11820,4142,2657,9059,0,0,104,0,648,0,0,0,8
61,-1,epi,0,0,0,0,0,0,0,0,4372,0,0,0,0,0,0
62,-2,pre,49,0,0,0,0,0,0,0,0,0,0,0,0,0,0
62,0,dense,1252,44,0,0,0,0,0,0,0,0,0,0,0,0,0
62,1,moe,720,40,11129,3190,1639,9382,0,0,108,0,654,0,0,0,8
62,2,moe,676,41,12666,3092,1595,10969,0,0,102,0,647,0,0,0,8
62,3,moe,598,37,13274,3915,2105,11063,0,0,106,0,646,0,0,0,8
62,4,moe,670,41,11169,2772,1425,9637,0,1,106,0,546,0,0,0,8
62,5,moe,710,39,9374,2737,1431,7841,0,0,102,0,541,0,0,0,8
62,6,moe,682,40,13919,3589,1984,11833,0,0,102,0,641,0,0,0,8
62,7,moe,599,38,9316,2749,1400,7814,0,0,102,0,544,0,0,0,8
62,8,moe,680,39,9348,2711,1400,7839,0,0,109,0,536,0,0,0,8
62,9,moe,727,41,10900,3229,1649,9144,0,0,107,0,648,0,0,0,8
62,10,moe,680,40,11119,2791,1447,9564,0,0,108,0,536,0,0,0,8
62,11,moe,593,40,11719,3523,2013,9610,0,0,96,0,542,0,0,0,8
62,12,moe,675,40,11049,3181,1637,9120,0,0,292,0,645,0,0,0,8
62,13,moe,714,42,11235,2768,1426,9705,0,1,103,0,533,0,0,0,8
62,14,moe,681,39,9138,2751,1417,7621,0,1,99,0,572,0,0,0,8
62,15,moe,616,37,10651,3109,1593,8961,0,0,97,0,641,0,0,0,8
62,16,moe,683,41,11064,2802,1444,9515,0,0,105,0,572,0,0,0,8
62,17,moe,759,39,10852,2791,1433,9321,0,0,98,0,572,0,0,0,8
62,18,moe,696,37,14724,7270,5805,8825,0,0,94,0,684,0,0,0,8
62,19,moe,617,38,13308,3521,2296,10922,0,0,90,0,571,0,0,0,8
62,20,moe,708,42,9969,3554,2278,7594,0,1,96,0,571,0,0,0,8
62,21,moe,764,41,10642,3116,1605,8928,0,0,109,0,685,0,0,0,8
62,22,moe,771,40,9050,2684,1392,7562,0,0,96,0,571,0,0,0,8
62,23,moe,620,38,10507,3116,1594,8814,0,0,99,0,646,0,0,0,8
62,24,moe,719,38,17449,3992,2250,15103,0,0,96,0,692,0,0,0,8
62,25,moe,766,42,10522,3189,1627,8797,0,0,98,0,690,0,0,0,8
62,26,moe,623,37,11493,4089,2593,8808,0,0,92,0,683,0,0,0,8
62,-1,epi,0,0,0,0,0,0,0,0,5280,0,0,0,0,0,0
63,-2,pre,216,0,0,0,0,0,0,0,0,0,0,0,0,0,0
63,0,dense,1345,43,0,0,0,0,0,0,0,0,0,0,0,0,0
63,1,moe,784,37,11532,3527,2042,9389,0,0,101,0,650,0,0,0,8
63,2,moe,679,39,14496,3973,2541,11854,0,0,101,0,640,0,0,0,8
63,3,moe,600,42,12055,5042,2808,9151,0,0,96,0,649,0,0,0,8
63,4,moe,664,39,9366,2733,1419,7844,0,0,103,0,543,0,0,0,8
63,5,moe,713,42,11685,3496,1945,9633,0,0,107,0,547,0,0,0,8
63,6,moe,675,40,12688,2983,1594,10993,0,0,101,0,791,0,0,0,8
63,7,moe,606,41,9595,2796,1449,8027,0,0,119,0,585,0,0,0,8
63,8,moe,676,44,9470,2708,1401,7949,0,0,120,0,552,0,0,0,8
63,9,moe,729,42,10934,3179,1637,9178,0,0,119,0,647,0,0,0,8
63,10,moe,689,41,9492,2820,1451,7897,0,0,144,0,540,0,0,0,8
63,11,moe,604,42,9408,2787,1432,7862,0,0,114,0,535,0,0,0,8
63,12,moe,684,42,17081,6700,3414,13568,0,0,99,0,642,0,0,0,8
63,13,moe,725,43,9467,2796,1444,7906,0,0,117,0,539,0,0,0,8
63,14,moe,668,40,10221,3608,2324,7799,0,0,98,0,542,0,0,0,8
63,15,moe,605,40,13327,3942,2237,10993,0,0,97,0,643,0,0,0,8
63,16,moe,670,41,9448,2815,1451,7852,0,0,145,0,536,0,0,0,8
63,17,moe,726,39,13415,5462,3658,9651,0,0,106,0,540,0,0,0,8
63,18,moe,683,39,13477,4042,2550,10831,0,0,96,0,685,0,0,0,8
63,19,moe,622,39,13217,3428,2163,10956,0,0,98,0,578,0,0,0,8
63,20,moe,696,40,9078,2771,1425,7555,0,0,98,0,576,0,0,0,8
63,21,moe,771,41,11503,4089,2620,8781,0,0,102,0,690,0,0,0,8
63,22,moe,766,39,10078,3614,2357,7631,0,0,90,0,576,0,0,0,8
63,23,moe,608,38,10990,3156,1639,9250,0,0,101,0,650,0,0,0,8
63,24,moe,723,41,12049,4159,2681,9260,0,0,108,0,651,0,0,0,8
63,25,moe,726,43,15612,4693,2870,12639,0,1,102,0,686,0,0,0,8
63,26,moe,618,37,11599,4093,2612,8887,0,0,100,0,691,0,0,0,8
63,-1,epi,0,0,0,0,0,0,0,0,5269,0,0,0,0,0,0
64,-2,pre,51,0,0,0,0,0,0,0,0,0,0,0,0,0,0
64,0,dense,1377,41,0,0,0,0,0,0,0,0,0,0,0,0,0
64,1,moe,783,41,13624,3190,1632,11885,0,0,107,0,644,0,0,0,8
64,2,moe,680,41,13566,3123,1599,11859,0,0,108,0,643,0,0,0,8
64,3,moe,607,37,10834,3176,1631,9096,0,0,107,0,645,0,0,0,8
64,4,moe,674,43,9391,2761,1427,7853,0,0,111,0,539,0,0,0,8
64,5,moe,722,40,14640,2743,1412,13132,0,0,96,0,548,0,0,0,8
64,6,moe,674,39,12549,3024,1569,10878,0,0,102,0,639,0,0,0,8
64,7,moe,603,39,11090,2753,1418,9571,0,0,101,0,541,0,0,0,8
64,8,moe,678,42,16943,11444,5815,11030,0,0,98,0,572,0,0,0,8
64,9,moe,767,41,11921,4850,2983,8844,0,0,94,0,691,0,0,0,8
64,10,moe,696,40,9132,2790,1439,7593,0,0,100,0,579,0,0,0,8
64,11,moe,609,38,10846,2760,1433,9307,0,0,106,0,574,0,0,0,8
64,12,moe,707,38,11135,3943,2190,8851,0,0,94,0,691,0,0,0,8
64,13,moe,763,42,10844,2733,1406,9341,0,0,97,0,576,0,0,0,8
64,14,moe,708,40,9095,2727,1415,7581,0,0,99,0,576,0,0,0,8
64,15,moe,627,35,16493,3183,1663,14735,0,0,95,0,691,0,0,0,8
64,16,moe,709,39,9112,2774,1426,7583,0,0,103,0,577,0,0,0,8
64,17,moe,765,41,10519,3820,2435,7980,0,0,104,0,553,0,0,0,8
64,18,moe,702,47,23604,3420,1766,21713,0,0,125,0,1547,0,0,0,8
64,19,moe,986,171,15439,4368,2407,12714,0,0,318,0,666,0,0,0,8
64,20,moe,777,59,10637,2960,1626,8869,0,1,141,0,683,0,0,0,8
64,21,moe,782,46,12485,3910,2417,9943,0,0,125,0,711,0,0,0,8
64,22,moe,881,56,13298,3439,1806,11297,0,0,195,0,714,0,0,0,8
64,23,moe,849,57,12794,3399,1785,10863,0,0,146,0,789,0,0,0,8
64,24,moe,860,81,16590,5397,2836,13623,0,0,131,0,708,0,0,0,8
64,25,moe,740,45,12331,4077,2521,9693,0,0,117,0,801,0,0,0,8
64,26,moe,907,64,11565,3180,1647,9786,0,0,132,0,702,0,0,0,8
64,-1,epi,0,0,0,0,0,0,0,0,3937,0,0,0,0,0,0
65,-2,pre,224,0,0,0,0,0,0,0,0,0,0,0,0,0,0
65,0,dense,1165,39,0,0,0,0,0,0,0,0,0,0,0,0,0
65,1,moe,748,38,12866,5798,3051,9697,0,0,118,0,646,0,0,0,8
65,2,moe,701,39,13037,6215,3299,9623,0,0,115,0,667,0,0,0,8
65,3,moe,651,33,11544,3357,1845,9596,0,0,103,0,647,0,0,0,8
65,4,moe,698,37,9827,2768,1431,8281,0,0,115,0,522,0,0,0,8
65,5,moe,720,37,9752,2773,1435,8200,0,0,117,0,522,0,0,0,8
65,6,moe,657,45,12171,3977,2560,9500,0,0,111,0,630,0,0,0,8
65,7,moe,606,35,10502,3516,2240,8152,0,0,110,0,531,0,0,0,8
65,8,moe,666,43,9681,2747,1414,8148,0,0,119,0,514,0,0,0,8
65,9,moe,692,37,11230,3212,1646,9461,0,0,123,0,625,0,0,0,8
65,10,moe,658,39,10781,4554,2392,8281,0,0,108,0,539,0,0,0,8
65,11,moe,604,38,11288,5512,3034,8152,0,0,102,0,577,0,0,0,8
65,12,moe,686,37,11893,4002,2153,9618,0,0,122,0,670,0,0,0,8
65,13,moe,690,42,10281,3571,1991,8168,0,0,122,0,540,0,0,0,8
65,14,moe,655,40,10630,3631,2322,8202,0,0,106,0,523,0,0,0,8
65,15,moe,602,36,12951,6427,3354,9491,0,0,106,0,611,0,0,0,8
65,16,moe,652,47,10895,5101,2602,8199,0,0,94,0,526,0,0,0,8
65,17,moe,675,38,10796,4840,2564,8127,0,0,105,0,518,0,0,0,8
65,18,moe,662,34,13068,6587,3426,9528,0,0,114,0,612,0,0,0,8
65,19,moe,594,35,11105,5774,2941,8060,0,0,104,0,520,0,0,0,8
65,20,moe,650,35,10943,5087,2695,8140,0,0,108,0,518,0,0,0,8
65,21,moe,675,35,13032,6320,3495,9437,0,0,100,0,623,0,0,0,8
65,22,moe,681,36,11800,6848,3592,8108,0,0,100,0,517,0,0,0,8
65,23,moe,593,35,12232,4526,2654,9476,0,0,102,0,675,0,0,0,8
65,24,moe,724,50,12354,4580,2482,9748,0,0,124,0,621,0,0,0,8
65,25,moe,737,43,13411,6238,3434,9867,0,0,110,0,622,0,0,0,8
65,26,moe,624,36,12586,3989,2475,9997,0,0,114,0,675,0,0,0,8
65,-1,epi,0,0,0,0,0,0,0,0,4179,0,0,0,0,0,0
66,-2,pre,56,0,0,0,0,0,0,0,0,0,0,0,0,0,0
66,0,dense,1249,52,0,0,0,0,0,0,0,0,0,0,0,0,0
66,1,moe,737,37,13006,5496,2834,10062,0,0,110,0,631,0,0,0,8
66,2,moe,683,36,11754,3209,1672,9951,0,0,131,0,631,0,0,0,8
66,3,moe,665,44,11889,3912,2096,9684,0,0,109,0,668,0,0,0,8
66,4,moe,691,43,10059,2805,1447,8481,0,1,130,0,676,0,0,0,8
66,5,moe,754,46,10198,2880,1489,8558,0,0,151,0,597,0,0,0,8
66,6,moe,726,51,11755,3212,1661,9960,0,0,134,0,661,0,0,0,8
66,7,moe,649,34,10074,2821,1457,8482,0,0,135,0,526,0,0,0,8
66,8,moe,674,53,10645,3632,2335,8209,0,0,101,0,549,0,0,0,8
66,9,moe,727,51,11667,3247,1685,9869,0,0,113,0,625,0,0,0,8
66,10,moe,676,47,10153,2877,1499,8537,0,0,117,0,542,0,0,0,8
66,11,moe,643,42,10701,3579,2248,8349,0,0,104,0,527,0,0,0,8
66,12,moe,662,49,11734,3275,1683,9926,0,0,125,0,635,0,0,0,8
66,13,moe,719,44,10061,2865,1491,8449,0,0,121,0,526,0,0,0,8
66,14,moe,676,40,9970,2808,1463,8377,0,0,130,0,536,0,0,0,8
66,15,moe,632,40,12470,4004,2504,9864,0,0,102,0,630,0,0,0,8
66,16,moe,697,40,9847,2845,1471,8249,0,0,127,0,557,0,0,0,8
66,17,moe,763,47,10366,3191,1729,8523,0,0,114,0,543,0,0,0,8
66,18,moe,717,46,11947,3859,2003,9836,0,0,108,0,661,0,0,0,8
66,19,moe,642,56,10025,2770,1419,8482,0,0,124,0,522,0,0,0,8
66,20,moe,685,41,10171,2851,1483,8570,0,0,118,0,535,0,0,0,8
66,21,moe,705,60,11729,3237,1667,9921,0,0,141,0,638,0,0,0,8
66,22,moe,715,50,10036,2774,1443,8473,0,0,120,0,528,0,0,0,8
66,23,moe,602,42,12457,4002,2495,9858,0,0,104,0,623,0,0,0,8
66,24,moe,713,41,12333,3986,2469,9758,0,0,106,0,622,0,0,0,8
66,25,moe,722,46,12274,4031,2508,9665,0,0,101,0,623,0,0,0,8
66,26,moe,654,45,12402,3989,2479,9819,0,0,104,0,697,0,0,0,8
66,-1,epi,0,0,0,0,0,0,0,0,4560,0,0,0,0,0,0
67,-2,pre,137,0,0,0,0,0,0,0,0,0,0,0,0,0,0
67,0,dense,1242,40,0,0,0,0,0,0,0,0,0,0,0,0,0
67,1,moe,742,43,12903,4892,2789,10013,0,0,101,0,624,0,0,0,8
67,2,moe,677,50,11965,3832,2036,9818,0,0,111,0,614,0,0,0,8
67,3,moe,633,47,14456,8324,4310,10045,0,0,101,0,621,0,0,0,8
67,4,moe,696,40,10333,3407,1817,8380,0,0,136,0,536,0,0,0,8
67,5,moe,739,45,12118,6114,3450,8570,0,0,98,0,537,0,0,0,8
67,6,moe,694,41,11196,3070,1596,9473,0,0,127,0,648,0,0,0,8
67,7,moe,668,38,9874,2764,1420,8343,0,0,111,0,543,0,0,0,8
67,8,moe,675,58,11217,5605,2941,8168,0,0,108,0,537,0,0,0,8
67,9,moe,756,46,11440,3205,1675,9624,0,0,141,0,665,0,0,0,8
67,10,moe,674,41,11390,5791,3073,8207,0,0,110,0,541,0,0,0,8
67,11,moe,613,47,10621,4061,2539,7978,0,0,104,0,576,0,0,0,8
67,12,moe,712,47,10975,3191,1642,9222,0,0,111,0,669,0,0,0,8
67,13,moe,750,40,10569,4168,2618,7854,0,0,97,0,563,0,0,0,8
67,14,moe,696,47,10122,3421,2146,7880,0,0,96,0,578,0,0,0,8
67,15,moe,685,39,11935,4454,2581,9215,0,0,139,0,715,0,0,0,8
67,16,moe,721,45,9814,3395,1807,7890,0,0,117,0,559,0,0,0,8
67,17,moe,737,62,10653,5118,2652,7891,0,0,110,0,573,0,0,0,8
67,18,moe,715,47,11710,4303,2444,9170,0,0,96,0,836,0,0,0,8
67,19,moe,722,42,10663,4157,2179,8386,0,0,98,0,548,0,0,0,8
67,20,moe,674,56,10633,4147,2174,8345,0,1,113,0,594,0,0,0,8
67,21,moe,727,43,11996,3933,2053,9848,0,0,95,0,632,0,0,0,8
67,22,moe,717,48,10274,3376,1770,8410,0,0,94,0,560,0,0,0,8
67,23,moe,660,45,12017,4805,2510,9420,0,0,87,0,650,0,0,0,8
67,24,moe,772,46,12088,4672,2696,9299,0,0,93,0,669,0,0,0,8
67,25,moe,764,41,12421,5726,3005,9328,0,0,88,0,676,0,0,0,8
67,26,moe,614,52,13635,7533,4036,9510,0,0,89,0,655,0,0,0,8
67,-1,epi,0,0,0,0,0,0,0,0,4593,0,0,0,0,0,0
68,-2,pre,162,0,0,0,0,0,0,0,0,0,0,0,0,0,0
68,0,dense,1256,44,0,0,0,0,0,0,0,0,0,0,0,0,0
68,1,moe,776,48,13286,6018,3164,10029,0,0,93,0,633,0,0,0,8
68,2,moe,710,40,12353,3951,2434,9826,0,0,93,0,645,0,0,0,8
68,3,moe,650,42,12836,5795,3002,9734,0,0,100,0,655,0,0,0,8
68,4,moe,690,42,12505,7929,4170,8247,0,0,88,0,594,0,0,0,8
68,5,moe,734,42,9649,2828,1459,8075,0,0,115,0,555,0,0,0,8
68,6,moe,691,57,11915,3854,2369,9449,0,0,97,0,697,0,0,0,8
68,7,moe,630,40,9743,2789,1439,8198,0,0,106,0,545,0,0,0,8
68,8,moe,705,45,9680,2785,1449,8124,0,1,106,0,560,0,0,0,8
68,9,moe,722,47,12086,4032,2518,9479,0,0,89,0,654,0,0,0,8
68,10,moe,682,42,9916,3436,1818,8001,0,0,97,0,565,0,0,0,8
68,11,moe,635,43,9878,3491,1841,7951,0,0,86,0,565,0,0,0,8
68,12,moe,698,42,11341,3249,1681,9560,0,0,100,0,662,0,0,0,8
68,13,moe,745,48,10419,3575,2252,8082,0,0,85,0,554,0,0,0,8
68,14,moe,711,40,9717,2853,1473,8145,0,0,99,0,553,0,0,0,8
68,15,moe,632,43,11439,3865,2032,9303,0,0,104,0,672,0,0,0,8
68,16,moe,679,41,9875,2888,1488,8286,0,0,101,0,549,0,0,0,8
68,17,moe,754,47,9853,2920,1558,8188,0,0,107,0,577,0,0,0,8
68,18,moe,689,41,11399,3304,1705,9593,0,0,101,0,661,0,0,0,8
68,19,moe,617,40,10156,3466,2162,7909,0,0,85,0,584,0,0,0,8
68,20,moe,718,50,9824,2822,1468,8254,0,0,102,0,550,0,0,0,8
68,21,moe,734,45,11342,3271,1675,9546,0,0,121,0,666,0,0,0,8
68,22,moe,740,49,9845,2793,1445,8292,0,0,108,0,551,0,0,0,8
68,23,moe,613,43,11177,3241,1672,9400,0,0,105,0,688,0,0,0,8
68,24,moe,760,52,12314,5207,2741,9474,0,0,99,0,669,0,0,0,8
68,25,moe,740,52,11391,3303,1719,9556,0,0,116,0,677,0,0,0,8
68,26,moe,637,41,11882,3985,2406,9384,0,0,92,0,646,0,0,0,8
68,-1,epi,0,0,0,0,0,0,0,0,4595,0,0,0,0,0,0
69,-2,pre,43,0,0,0,0,0,0,0,0,0,0,0,0,0,0
69,0,dense,1298,40,0,0,0,0,0,0,0,0,0,0,0,0,0
69,1,moe,760,44,12118,4003,2438,9581,0,0,99,0,657,0,0,0,8
69,2,moe,722,52,11387,3177,1642,9645,0,0,100,0,645,0,0,0,8
69,3,moe,612,51,12235,4646,2761,9382,0,0,92,0,666,0,0,0,8
69,4,moe,715,49,9632,2896,1529,7995,0,0,108,0,541,0,0,0,8
69,5,moe,730,44,9740,2834,1466,8180,0,0,94,0,630,0,0,0,8
69,6,moe,704,46,11426,3197,1699,9601,0,0,126,0,729,0,0,0,8
69,7,moe,679,46,10894,4152,2590,8200,0,0,104,0,575,0,0,0,8
69,8,moe,725,51,9766,2806,1457,8215,0,0,94,0,551,0,0,0,8
69,9,moe,749,41,11508,3255,1676,9730,0,0,102,0,672,0,0,0,8
69,10,moe,698,43,12751,5456,2840,9825,0,0,86,0,554,0,0,0,8
69,11,moe,612,216,11360,4763,3182,8078,0,0,100,0,568,0,0,0,8
69,12,moe,693,46,13166,3277,1692,11376,0,0,98,0,671,0,0,0,8
69,13,moe,747,40,11381,2824,1454,9807,0,0,120,0,559,0,0,0,8
69,14,moe,712,50,9792,2814,1457,8212,0,0,123,0,572,0,0,0,8
69,15,moe,606,42,11301,3199,1663,9541,0,0,97,0,662,0,0,0,8
69,16,moe,680,45,9857,2862,1484,8273,0,0,100,0,590,0,0,0,8
69,17,moe,737,42,13220,2994,1563,11563,0,0,94,0,546,0,0,0,8
69,18,moe,683,48,13762,3226,1669,11990,0,0,103,0,652,0,0,0,8
69,19,moe,610,38,9386,2708,1400,7889,0,0,97,0,544,0,0,0,8
69,20,moe,686,44,10357,3658,2356,7915,0,0,86,0,551,0,0,0,8
69,21,moe,743,40,11409,3953,2111,9214,0,0,84,0,639,0,0,0,8
69,22,moe,714,38,11470,2726,1415,9957,0,0,98,0,560,0,0,0,8
69,23,moe,625,40,11246,3260,1687,9440,0,0,119,0,654,0,0,0,8
69,24,moe,741,56,11371,3250,1687,9583,0,0,101,0,663,0,0,0,8
69,25,moe,741,48,14110,3250,1668,12338,0,0,104,0,723,0,0,0,8
69,26,moe,678,41,11601,4028,2536,8980,0,0,85,0,692,0,0,0,8
69,-1,epi,0,0,0,0,0,0,0,0,5257,0,0,0,0,0,0
70,-2,pre,95,0,0,0,0,0,0,0,0,0,0,0,0,0,0
70,0,dense,1350,40,0,0,0,0,0,0,0,0,0,0,0,0,0
70,1,moe,808,43,13904,4117,2595,11218,0,0,91,0,670,0,0,0,8
70,2,moe,684,43,12642,3083,1596,10943,0,0,103,0,668,0,0,0,8
70,3,moe,612,43,11870,4056,2553,9222,0,0,95,0,651,0,0,0,8
70,4,moe,673,43,9345,2715,1403,7846,0,0,96,0,553,0,0,0,8
70,5,moe,731,46,14280,3663,2319,11862,0,0,99,0,600,0,0,0,8
70,6,moe,767,42,11037,3089,1604,9338,0,0,95,0,655,0,0,0,8
70,7,moe,618,47,13819,3527,2243,11485,0,0,91,0,550,0,0,0,8
70,8,moe,684,45,9701,3352,1781,7829,0,0,91,0,584,0,0,0,8
70,9,moe,779,42,10898,3229,1664,9132,0,0,102,0,653,0,0,0,8
70,10,moe,669,47,10626,4851,2484,8047,0,1,94,0,551,0,0,0,8
70,11,moe,609,47,12159,3606,2028,10034,0,0,97,0,583,0,0,0,8
70,12,moe,708,46,13139,4027,2165,10874,0,0,100,0,706,0,0,0,8
70,13,moe,769,45,12491,5621,2914,9474,0,0,103,0,580,0,0,0,8
70,14,moe,705,41,11783,3688,2377,9316,0,0,90,0,588,0,0,0,8
70,15,moe,625,42,10659,3136,1610,8956,0,0,93,0,716,0,0,0,8
70,16,moe,731,52,9555,2928,1509,7936,0,0,110,0,554,0,0,0,8
70,17,moe,732,44,11141,2801,1439,9592,0,0,110,0,583,0,0,0,8
70,18,moe,708,39,15008,3254,1685,13226,0,0,97,0,809,0,0,0,8
70,19,moe,653,48,9452,2717,1411,7924,0,0,117,0,548,0,0,0,8
70,20,moe,688,47,10365,3669,2366,7901,0,0,98,0,553,0,0,0,8
70,21,moe,733,47,10847,3128,1623,9123,0,0,101,0,654,0,0,0,8
70,22,moe,727,52,11108,2705,1391,9620,0,0,97,0,597,0,0,0,8
70,23,moe,628,36,11813,3968,2489,9232,0,0,92,0,651,0,0,0,8
70,24,moe,717,34,13487,3175,1637,11759,0,0,91,0,650,0,0,0,8
70,25,moe,715,36,13570,4081,2611,10867,0,0,92,0,649,0,0,0,8
70,26,moe,613,36,10900,3197,1648,9165,0,0,87,0,650,0,0,0,8
70,-1,epi,0,0,0,0,0,0,0,0,4366,0,0,0,0,0,0
71,-2,pre,42,0,0,0,0,0,0,0,0,0,0,0,0,0,0
71,0,dense,1274,37,0,0,0,0,0,0,0,0,0,0,0,0,0
71,1,moe,720,36,12859,3222,1662,11088,0,0,109,0,653,0,0,0,8
71,2,moe,671,37,10800,3157,1613,9081,0,0,106,0,666,0,0,0,8
71,3,moe,668,34,12048,4609,2874,9083,0,0,91,0,665,0,0,0,8
71,4,moe,702,36,12959,2853,1495,11368,0,0,96,0,573,0,0,0,8
71,5,moe,775,35,9784,3366,1835,7863,0,0,86,0,568,0,0,0,8
71,6,moe,736,43,13519,3072,1588,11822,0,0,109,0,661,0,0,0,8
71,7,moe,613,34,11812,3445,2153,9571,0,0,88,0,570,0,0,0,8
71,8,moe,706,39,11110,2734,1416,9605,0,0,89,0,558,0,0,0,8
71,9,moe,738,38,10856,3193,1644,9119,0,0,93,0,662,0,0,0,8
71,10,moe,682,35,9944,3669,2347,7510,0,0,87,0,570,0,0,0,8
71,11,moe,611,35,9178,2760,1423,7659,0,0,96,0,545,0,0,0,8
71,12,moe,699,38,10960,3236,1656,9209,0,0,95,0,695,0,0,0,8
71,13,moe,770,39,11891,3708,2386,9419,0,0,86,0,548,0,0,0,8
71,14,moe,677,35,12933,5915,3310,9534,0,0,89,0,576,0,0,0,8
71,15,moe,615,32,12227,3159,1621,10516,0,0,90,0,696,0,0,0,8
71,16,moe,702,36,9571,3602,1908,7577,0,0,86,0,579,0,0,0,8
71,17,moe,772,37,9065,2779,1438,7540,0,0,87,0,580,0,0,0,8
71,18,moe,676,36,13520,4093,2599,10829,0,0,92,0,693,0,0,0,8
71,19,moe,621,34,11102,3302,1769,9245,0,0,88,0,579,0,0,0,8
71,20,moe,708,40,9083,2792,1433,7547,0,0,103,0,578,0,0,0,8
71,21,moe,774,52,13652,3165,1631,11918,0,0,103,0,647,0,0,0,8
71,22,moe,769,41,10750,2691,1383,9266,0,0,101,0,579,0,0,0,8
71,23,moe,625,31,11808,4049,2571,9154,0,0,83,0,677,0,0,0,8
71,24,moe,774,39,11041,3920,2104,8849,0,0,88,0,697,0,0,0,8
71,25,moe,777,38,10838,3192,1641,9107,0,0,90,0,650,0,0,0,8
71,26,moe,609,36,13688,4120,2617,10981,0,0,90,0,651,0,0,0,8
71,-1,epi,0,0,0,0,0,0,0,0,4430,0,0,0,0,0,0
72,-2,pre,150,0,0,0,0,0,0,0,0,0,0,0,0,0,0
72,0,dense,1230,37,0,0,0,0,0,0,0,0,0,0,0,0,0
72,1,moe,733,50,13347,3836,2052,11201,0,0,94,0,690,0,0,0,8
72,2,moe,692,47,12640,6205,3337,9215,0,0,88,0,658,0,0,0,8
72,3,moe,617,34,13622,3200,1652,11876,0,0,94,0,645,0,0,0,8
72,4,moe,689,43,13032,2780,1440,11490,0,0,102,0,673,0,0,0,8
72,5,moe,745,47,10029,3232,1838,8081,0,0,110,0,583,0,0,0,8
72,6,moe,685,41,11458,3861,2174,9186,0,0,98,0,668,0,0,0,8
72,7,moe,595,37,13291,3511,1841,11360,0,0,90,0,577,0,0,0,8
72,8,moe,675,233,16380,6683,4816,11464,0,0,100,0,585,0,0,0,8
72,9,moe,769,43,14806,5885,3083,11630,0,0,93,0,657,0,0,0,8
72,10,moe,679,44,11157,2810,1450,9617,0,0,90,0,587,0,0,0,8
72,11,moe,626,37,11692,3637,2325,9282,0,0,85,0,585,0,0,0,8
72,12,moe,718,45,11769,4868,2768,8903,0,0,98,0,730,0,0,0,8
72,13,moe,770,49,14466,2861,1479,12873,0,0,114,0,594,0,0,0,8
72,14,moe,714,42,14878,3395,1812,12977,0,0,89,0,591,0,0,0,8
72,15,moe,629,42,11510,3926,2454,8963,0,0,93,0,703,0,0,0,8
72,16,moe,702,42,13304,4126,2213,10997,0,0,94,0,582,0,0,0,8
72,17,moe,768,44,10309,3602,2299,7915,0,0,95,0,588,0,0,0,8
72,18,moe,704,42,13204,4087,2600,10514,0,0,90,0,698,0,0,0,8
72,19,moe,621,40,11420,3482,1998,9338,0,0,84,0,587,0,0,0,8
72,20,moe,705,37,11382,3487,1990,9309,0,0,83,0,588,0,0,0,8
72,21,moe,760,40,15747,4129,2629,13038,0,0,80,0,699,0,0,0,8
72,22,moe,793,40,11650,3562,2302,9259,0,0,89,0,589,0,0,0,8
72,23,moe,626,38,12242,3136,1612,10536,0,0,94,0,708,0,0,0,8
72,24,moe,774,44,11730,4037,2567,9069,0,0,94,0,704,0,0,0,8
72,25,moe,759,43,15260,3852,2020,13151,0,0,89,0,700,0,0,0,8
72,26,moe,627,37,17640,5145,2846,14709,0,0,85,0,696,0,0,0,8
72,-1,epi,0,0,0,0,0,0,0,0,5256,0,0,0,0,0,0
73,-2,pre,199,0,0,0,0,0,0,0,0,0,0,0,0,0,0
73,0,dense,1262,41,0,0,0,0,0,0,0,0,0,0,0,0,0
73,1,moe,723,44,14563,6482,3350,11121,0,0,92,0,654,0,0,0,8
73,2,moe,673,43,11532,4428,2367,9076,0,0,89,0,708,0,0,0,8
73,3,moe,615,36,14217,4067,2584,11548,0,0,85,0,656,0,0,0,8
73,4,moe,675,42,11844,3598,2303,9453,0,0,88,0,582,0,0,0,8
73,5,moe,760,40,12610,2724,1404,11119,0,0,87,0,584,0,0,0,8
73,6,moe,710,44,16570,3087,1597,14873,0,0,100,0,698,0,0,0,8
73,7,moe,618,43,13293,3573,2304,10906,0,0,83,0,586,0,0,0,8
73,8,moe,704,43,12296,5753,2930,9281,0,0,85,0,571,0,0,0,8
73,9,moe,757,42,11059,3912,2157,8817,0,0,85,0,693,0,0,0,8
73,10,moe,710,77,12144,5052,2815,9241,0,0,88,0,580,0,0,0,8
73,11,moe,618,37,9565,3468,1832,7648,0,0,85,0,571,0,0,0,8
73,12,moe,704,39,14829,3207,1645,13096,0,0,88,0,689,0,0,0,8
73,13,moe,758,42,11695,3688,2358,9252,0,0,85,0,637,0,0,0,8
73,14,moe,719,41,12816,5782,3192,9525,0,0,99,0,593,0,0,0,8
73,15,moe,622,39,15529,3160,1627,13794,0,0,108,0,702,0,0,0,8
73,16,moe,703,44,9564,3487,1894,7581,0,0,89,0,581,0,0,0,8
73,17,moe,766,44,10874,2768,1429,9352,0,0,93,0,575,0,0,0,8
73,18,moe,701,45,14735,5583,2924,11721,0,0,90,0,690,0,0,0,8
73,19,moe,622,39,12885,3406,1900,10904,0,0,81,0,585,0,0,0,8
73,20,moe,702,40,10616,5582,2977,7552,0,0,87,0,578,0,0,0,8
73,21,moe,759,40,14401,6432,3586,10731,0,0,84,0,691,0,0,0,8
73,22,moe,762,43,13954,5540,2875,10988,0,0,91,0,598,0,0,0,8
73,23,moe,624,37,16159,4678,2897,13177,0,0,85,0,685,0,0,0,8
73,24,moe,781,42,12734,7161,3672,8974,0,0,88,0,690,0,0,0,8
73,25,moe,765,44,14560,5681,2922,11545,0,0,93,0,692,0,0,0,8
73,26,moe,625,36,15087,3154,1628,13368,0,0,91,0,693,0,0,0,8
73,-1,epi,0,0,0,0,0,0,0,0,5267,0,0,0,0,0,0
74,-2,pre,50,0,0,0,0,0,0,0,0,0,0,0,0,0,0
74,0,dense,1377,43,0,0,0,0,0,0,0,0,0,0,0,0,0
74,1,moe,784,40,17173,3196,1636,15445,0,0,92,0,673,0,0,0,8
74,2,moe,683,45,11037,3143,1615,9319,0,0,103,0,652,0,0,0,8
74,3,moe,609,42,11390,3949,2196,9098,0,1,95,0,689,0,0,0,8
74,4,moe,701,38,15097,3587,2316,12696,0,0,85,0,577,0,0,0,8
74,5,moe,763,39,10906,2761,1433,9389,0,0,84,0,575,0,0,0,8
74,6,moe,701,37,13958,3921,2488,11389,0,0,81,0,684,0,0,0,8
74,7,moe,622,38,10732,2734,1413,9233,0,0,86,0,572,0,0,0,8
74,8,moe,705,37,13306,3554,2305,10917,0,0,84,0,574,0,0,0,8
74,9,moe,777,44,11187,3976,2105,9000,0,0,82,0,685,0,0,0,8
74,10,moe,695,40,12612,2794,1437,11086,0,0,89,0,577,0,0,0,8
74,11,moe,619,42,10949,2772,1422,9421,0,0,106,0,579,0,0,0,8
74,12,moe,727,38,15035,3236,1667,13255,0,0,113,0,705,0,0,0,8
74,13,moe,773,49,10032,3580,2273,7670,0,0,89,0,580,0,0,0,8
74,14,moe,734,40,10029,4011,2325,7624,0,0,80,0,584,0,0,0,8
74,15,moe,627,41,13466,3947,2482,10890,0,0,94,0,703,0,0,0,8
74,16,moe,707,40,13119,3468,1833,11192,0,0,94,0,587,0,0,0,8
74,17,moe,762,44,13027,3541,1994,10947,0,0,86,0,590,0,0,0,8
74,18,moe,709,45,14670,5613,2922,11657,0,0,91,0,708,0,0,0,8
74,19,moe,638,45,12070,4873,2484,9488,0,0,98,0,579,0,0,0,8
74,20,moe,709,46,9259,2801,1436,7712,0,0,111,0,578,0,0,0,8
74,21,moe,777,45,13140,4044,2563,10495,0,0,82,0,690,0,0,0,8
74,22,moe,766,43,13314,3558,2306,10930,0,0,78,0,574,0,0,0,8
74,23,moe,641,41,15246,5046,2830,12313,0,0,103,0,694,0,0,0,8
74,24,moe,772,49,11063,3236,1667,9297,0,0,99,0,655,0,0,0,8
74,25,moe,725,45,10907,3213,1669,9137,0,0,101,0,648,0,0,0,8
74,26,moe,603,41,15538,3163,1631,13811,0,0,96,0,684,0,0,0,8
74,-1,epi,0,0,0,0,0,0,0,0,5313,0,0,0,0,0,0
75,-2,pre,54,0,0,0,0,0,0,0,0,0,0,0,0,0,0
75,0,dense,1395,49,0,0,0,0,0,0,0,0,0,0,0,0,0
75,1,moe,809,47,11940,4027,2487,9362,0,0,91,0,663,0,0,0,8
75,2,moe,701,49,14502,3119,1598,12801,0,0,103,0,648,0,0,0,8
75,3,moe,603,38,15201,3187,1644,13470,0,0,87,0,647,0,0,0,8
75,4,moe,679,44,9265,2732,1408,7759,0,0,98,0,542,0,0,0,8
75,5,moe,715,46,13451,3600,2052,11304,0,0,95,0,544,0,0,0,8
75,6,moe,700,41,10782,3027,1579,9107,0,0,96,0,650,0,0,0,8
75,7,moe,605,41,10186,3756,2508,7594,0,0,84,0,575,0,0,0,8
75,8,moe,703,38,10705,2727,1395,9223,0,0,87,0,574,0,0,0,8
75,9,moe,765,39,10513,3176,1647,8776,0,0,90,0,694,0,0,0,8
75,10,moe,700,41,9020,2762,1429,7504,0,0,87,0,540,0,0,0,8
75,11,moe,605,38,10161,3596,2290,7786,0,0,85,0,544,0,0,0,8
75,12,moe,675,46,12706,3217,1670,10935,0,0,101,0,648,0,0,0,8
75,13,moe,713,44,11210,6002,3438,7684,0,0,88,0,599,0,0,0,8
75,14,moe,709,40,9173,2792,1444,7637,0,0,92,0,582,0,0,0,8
75,15,moe,626,36,10802,3199,1636,9070,0,0,96,0,644,0,0,0,8
75,16,moe,667,44,12515,5981,3083,9347,0,0,85,0,569,0,0,0,8
75,17,moe,756,43,11202,3486,1859,9248,0,0,95,0,571,0,0,0,8
75,18,moe,706,43,11538,4145,2686,8763,0,0,89,0,692,0,0,0,8
75,19,moe,617,42,10008,3820,2440,7488,0,1,79,0,575,0,0,0,8
75,20,moe,702,37,11337,3593,2056,9200,0,0,81,0,577,0,0,0,8
75,21,moe,760,39,11475,4097,2632,8756,0,0,87,0,689,0,0,0,8
75,22,moe,765,39,8996,2662,1376,7533,0,0,87,0,544,0,0,0,8
75,23,moe,598,41,13974,3939,2203,11685,0,0,86,0,690,0,0,0,8
75,24,moe,760,41,10441,3200,1642,8711,0,0,88,0,657,0,0,0,8
75,25,moe,712,42,14812,7224,3967,10759,0,0,86,0,691,0,0,0,8
75,26,moe,621,35,12904,4066,2261,10561,0,0,82,0,690,0,0,0,8
75,-1,epi,0,0,0,0,0,0,0,0,5317,0,0,0,0,0,0
76,-2,pre,44,0,0,0,0,0,0,0,0,0,0,0,0,0,0
76,0,dense,1378,48,0,0,0,0,0,0,0,0,0,0,0,0,0
76,1,moe,741,45,11167,3231,1661,9390,0,1,115,0,652,0,0,0,8
76,2,moe,676,40,11807,3930,2456,9253,0,0,98,0,650,0,0,0,8
76,3,moe,609,41,11147,3207,1644,9401,0,0,102,0,652,0,0,0,8
76,4,moe,673,44,13636,3726,2159,11388,0,0,89,0,547,0,0,0,8
76,5,moe,718,43,11128,2741,1412,9620,0,0,96,0,540,0,0,0,8
76,6,moe,674,40,10792,3058,1603,9104,0,0,85,0,648,0,0,0,8
76,7,moe,603,39,11088,2739,1411,9588,0,0,89,0,539,0,0,0,8
76,8,moe,674,40,9707,2833,1458,8159,0,0,90,0,660,0,0,0,8
76,9,moe,701,43,12370,5094,2906,9368,0,0,96,0,652,0,0,0,8
76,10,moe,680,50,13955,3625,2320,11538,0,0,97,0,553,0,0,0,8
76,11,moe,606,44,9563,2810,1457,8002,0,0,104,0,543,0,0,0,8
76,12,moe,670,43,12701,3229,1658,10937,0,0,106,0,647,0,0,0,8
76,13,moe,714,47,14066,5193,2651,11321,0,0,94,0,545,0,0,0,8
76,14,moe,691,43,9207,2767,1424,7687,0,0,96,0,575,0,0,0,8
76,15,moe,617,37,13554,5408,2790,10680,0,0,84,0,648,0,0,0,8
76,16,moe,675,56,9586,3493,1867,7634,0,0,85,0,574,0,0,0,8
76,17,moe,778,34,9980,3657,2330,7566,0,0,84,0,578,0,0,0,8
76,18,moe,725,36,10719,3148,1643,8991,0,0,85,0,656,0,0,0,8
76,19,moe,611,38,13299,3541,1916,11293,0,0,90,0,574,0,0,0,8
76,20,moe,702,37,10808,2766,1423,9294,0,0,91,0,572,0,0,0,8
76,21,moe,765,39,10469,3151,1609,8768,0,0,92,0,688,0,0,0,8
76,22,moe,764,40,10504,5607,2853,7558,0,0,93,0,576,0,0,0,8
76,23,moe,627,35,12121,5031,2828,9207,0,0,86,0,666,0,0,0,8
76,24,moe,725,40,15274,4665,2557,12629,0,0,88,0,685,0,0,0,8
76,25,moe,758,37,10587,3135,1618,8882,0,0,87,0,693,0,0,0,8
76,26,moe,623,33,12417,6509,3405,8926,0,0,86,0,686,0,0,0,8
76,-1,epi,0,0,0,0,0,0,0,0,5285,0,0,0,0,0,0
77,-2,pre,201,0,0,0,0,0,0,0,0,0,0,0,0,0,0
77,0,dense,1344,35,0,0,0,0,0,0,0,0,0,0,0,0,0
77,1,moe,775,35,13742,3148,1607,12040,0,0,95,0,647,0,0,0,8
77,2,moe,682,37,11919,4037,2590,9244,0,0,85,0,655,0,0,0,8
77,3,moe,609,35,15996,3956,2181,13730,0,0,85,0,642,0,0,0,8
77,4,moe,687,37,9328,2718,1401,7835,0,0,92,0,567,0,0,0,8
77,5,moe,739,33,9332,2724,1415,7830,0,0,87,0,541,0,0,0,8
77,6,moe,671,33,10934,3079,1589,9257,0,0,88,0,641,0,0,0,8
77,7,moe,589,34,10165,3528,2285,7800,0,0,80,0,541,0,0,0,8
77,8,moe,668,36,13932,4148,2458,11393,0,0,81,0,539,0,0,0,8
77,9,moe,736,37,11883,4147,2657,9144,0,0,82,0,690,0,0,0,8
77,10,moe,715,38,9995,3660,2365,7537,0,0,93,0,575,0,0,0,8
77,11,moe,617,30,12008,5268,2688,9243,0,0,77,0,603,0,0,0,8
77,12,moe,704,35,11703,4063,2584,9021,0,0,98,0,646,0,0,0,8
77,13,moe,730,37,9773,3455,1848,7842,0,0,83,0,544,0,0,0,8
77,14,moe,675,37,10459,4201,2616,7762,0,0,81,0,576,0,0,0,8
77,15,moe,622,33,14808,4041,2560,12170,0,0,78,0,686,0,0,0,8
77,16,moe,700,34,10536,5402,2826,7596,0,0,114,0,573,0,0,0,8
77,17,moe,760,33,11293,3479,1945,9267,0,0,81,0,569,0,0,0,8
77,18,moe,701,31,12793,3978,2236,10478,0,0,79,0,686,0,0,0,8
77,19,moe,620,40,10956,2683,1384,9488,0,0,84,0,547,0,0,0,8
77,20,moe,678,36,12122,3702,2360,9671,0,0,91,0,667,0,0,0,8
77,21,moe,714,37,11638,4025,2227,9319,0,0,92,0,665,0,0,0,8
77,22,moe,725,42,9436,2713,1400,7935,0,0,101,0,548,0,0,0,8
77,23,moe,606,35,11969,4210,2700,9182,0,0,87,0,645,0,0,0,8
77,24,moe,715,36,12785,6512,3591,9108,0,0,86,0,650,0,0,0,8
77,25,moe,724,37,12661,3186,1636,10933,0,0,92,0,658,0,0,0,8
77,26,moe,605,34,12586,3146,1627,10873,0,0,86,0,647,0,0,0,8
77,-1,epi,0,0,0,0,0,0,0,0,4369,0,0,0,0,0,0
78,-2,pre,45,0,0,0,0,0,0,0,0,0,0,0,0,0,0
78,0,dense,1243,38,0,0,0,0,0,0,0,0,0,0,0,0,0
78,1,moe,729,34,11990,4068,2547,9356,0,0,87,0,645,0,0,0,8
78,2,moe,681,37,10826,3098,1589,9140,0,0,97,0,696,0,0,0,8
78,3,moe,734,43,13138,5361,3663,9375,0,0,100,0,764,0,0,0,8
78,4,moe,674,45,11097,5474,2853,8130,0,0,114,0,653,0,0,0,8
78,5,moe,728,51,11190,5876,3039,8044,0,0,107,0,525,0,0,0,8
78,6,moe,652,43,11165,3072,1600,9454,0,0,111,0,616,0,0,0,8
78,7,moe,605,38,10202,3412,1796,8313,0,0,93,0,517,0,0,0,8
78,8,moe,656,43,9614,2739,1417,8103,0,0,94,0,518,0,0,0,8
78,9,moe,692,42,10890,3211,1647,9149,0,0,94,0,644,0,0,0,8
78,10,moe,660,39,10435,3811,2492,7849,0,0,94,0,536,0,0,0,8
78,11,moe,598,37,9531,2740,1413,8028,0,0,90,0,528,0,0,0,8
78,12,moe,668,40,11775,4069,2569,9123,0,0,83,0,635,0,0,0,8
78,13,moe,712,40,9373,2813,1449,7837,0,0,87,0,534,0,0,0,8
78,14,moe,662,40,9351,2723,1428,7828,0,0,95,0,537,0,0,0,8
78,15,moe,587,36,11117,3130,1627,9401,0,0,89,0,635,0,0,0,8
78,16,moe,668,40,9369,2798,1441,7845,0,0,83,0,535,0,0,0,8
78,17,moe,704,36,9342,2786,1437,7817,0,0,88,0,535,0,0,0,8
78,18,moe,678,40,10840,3188,1643,9105,0,0,92,0,637,0,0,0,8
78,19,moe,605,36,13136,6563,5094,7957,0,0,85,0,537,0,0,0,8
78,20,moe,666,39,9906,3532,2010,7816,0,0,80,0,537,0,0,0,8
78,21,moe,702,39,10820,3177,1632,9097,0,0,91,0,638,0,0,0,8
78,22,moe,711,40,11491,5777,3377,8031,0,0,83,0,541,0,0,0,8
78,23,moe,622,38,10854,3192,1633,9131,0,0,90,0,655,0,0,0,8
78,24,moe,719,43,12039,4753,2587,9361,0,0,91,0,645,0,0,0,8
78,25,moe,711,44,11149,3222,1658,9396,0,0,95,0,645,0,0,0,8
78,26,moe,611,40,11085,3182,1634,9351,0,1,99,0,637,0,0,0,8
78,-1,epi,0,0,0,0,0,0,0,0,4368,0,0,0,0,0,0
79,-2,pre,52,0,0,0,0,0,0,0,0,0,0,0,0,0,0
79,0,dense,1247,43,0,0,0,0,0,0,0,0,0,0,0,0,0
79,1,moe,713,44,11258,3235,1664,9497,0,1,96,0,639,0,0,0,8
79,2,moe,667,39,12890,6565,3599,9207,0,0,84,0,634,0,0,0,8
79,3,moe,601,38,12672,6391,3307,9277,0,0,88,0,638,0,0,0,8
79,4,moe,669,41,9564,2741,1411,8055,0,0,98,0,543,0,0,0,8
79,5,moe,714,44,9491,2778,1433,7971,0,0,87,0,535,0,0,0,8
79,6,moe,671,40,11602,3813,2109,9404,0,0,89,0,637,0,0,0,8
79,7,moe,604,40,9470,2695,1391,7986,0,0,93,0,533,0,0,0,8
79,8,moe,669,40,10150,3621,2089,7964,0,0,97,0,684,0,0,0,8
79,9,moe,719,44,12897,6396,3282,9514,0,0,101,0,653,0,0,0,8
79,10,moe,675,43,9573,2820,1454,8026,0,0,93,0,549,0,0,0,8
79,11,moe,610,41,9406,2775,1432,7876,0,0,98,0,544,0,0,0,8
79,12,moe,665,40,11802,4132,2611,9101,0,0,90,0,643,0,0,0,8
79,13,moe,715,40,9575,2789,1438,8042,0,0,95,0,540,0,0,0,8
79,14,moe,667,43,10390,3574,2280,8024,0,0,86,0,557,0,0,0,8
79,15,moe,610,40,12483,5962,3102,9293,0,0,88,0,641,0,0,0,8
79,16,moe,657,39,10407,4657,2454,7865,0,0,88,0,536,0,0,0,8
79,17,moe,709,41,9566,2843,1465,8014,0,0,87,0,538,0,0,0,8
79,18,moe,675,40,12159,4153,2676,9390,0,0,93,0,646,0,0,0,8
79,19,moe,603,39,10472,4481,2501,7885,0,0,86,0,541,0,0,0,8
79,20,moe,662,40,10214,3618,2295,7830,0,0,89,0,598,0,0,0,8
79,21,moe,714,43,12762,6527,3341,9332,0,0,89,0,643,0,0,0,8
79,22,moe,710,43,11380,5796,3286,8008,0,0,86,0,539,0,0,0,8
79,23,moe,598,38,11089,3180,1633,9360,0,0,96,0,643,0,0,0,8
79,24,moe,708,42,12656,6191,3229,9338,0,0,89,0,644,0,0,0,8
79,25,moe,713,40,11895,4095,2596,9212,0,0,87,0,644,0,0,0,8
79,26,moe,603,38,11504,3987,2103,9312,0,0,89,0,646,0,0,0,8
79,-1,epi,0,0,0,0,0,0,0,0,4358,0,0,0,0,0,0
80,-2,pre,44,0,0,0,0,0,0,0,0,0,0,0,0,0,0
80,0,dense,1226,45,0,0,0,0,0,0,0,0,0,0,0,0,0
80,1,moe,717,43,11062,3166,1629,9332,0,0,101,0,652,0,0,0,8
80,2,moe,672,42,12072,4061,2606,9373,0,0,93,0,649,0,0,0,8
80,3,moe,610,42,12139,4116,2618,9421,0,0,100,0,652,0,0,0,8
80,4,moe,678,46,9821,3061,1747,7977,0,0,97,0,541,0,0,0,8
80,5,moe,710,42,9879,2801,1448,8321,0,0,110,0,537,0,0,0,8
80,6,moe,660,47,12417,4080,2610,9707,0,0,100,0,622,0,0,0,8
80,7,moe,598,41,9934,2769,1429,8405,0,0,100,0,529,0,0,0,8
80,8,moe,659,48,9856,2761,1426,8329,0,0,101,0,531,0,0,0,8
80,9,moe,691,44,11341,3263,1678,9557,0,0,106,0,648,0,0,0,8
80,10,moe,670,44,9609,2842,1463,8053,0,0,93,0,543,0,0,0,8
80,11,moe,597,40,9490,2796,1438,7960,0,0,92,0,538,0,0,0,8
80,12,moe,676,43,11037,3180,1631,9311,0,0,95,0,650,0,0,0,8
80,13,moe,705,40,9522,2777,1436,7986,0,0,100,0,537,0,0,0,8
80,14,moe,666,38,9350,2780,1429,7831,0,0,90,0,534,0,0,0,8
80,15,moe,607,35,10991,3144,1617,9287,0,0,87,0,647,0,0,0,8
80,16,moe,670,40,9527,2829,1459,7976,0,0,92,0,556,0,0,0,8
80,17,moe,725,43,13977,11425,5781,8102,0,0,94,0,547,0,0,0,8
80,18,moe,679,42,12074,4166,2659,9328,0,0,87,0,650,0,0,0,8
80,19,moe,601,39,9378,2681,1393,7896,0,0,89,0,541,0,0,0,8
80,20,moe,684,39,10419,3637,2344,7992,0,0,83,0,549,0,0,0,8
80,21,moe,709,42,12050,4131,2661,9299,0,0,90,0,647,0,0,0,8
80,22,moe,713,44,9524,2707,1402,8030,0,0,92,0,543,0,0,0,8
80,23,moe,606,39,11002,3225,1666,9245,0,0,91,0,831,0,0,0,8
80,24,moe,746,44,11170,3203,1652,9417,0,0,101,0,660,0,0,0,8
80,25,moe,742,45,11130,3194,1644,9387,0,0,99,0,663,0,0,0,8
80,26,moe,608,42,11036,3178,1639,9295,0,0,102,0,657,0,0,0,8
80,-1,epi,0,0,0,0,0,0,0,0,4392,0,0,0,0,0,0
81,-2,pre,38,0,0,0,0,0,0,0,0,0,0,0,0,0,0
81,0,dense,1253,41,0,0,0,0,0,0,0,0,0,0,0,0,0
81,1,moe,711,40,11580,3230,1663,9819,0,0,98,0,633,0,0,0,8
81,2,moe,666,47,12733,4278,2800,9842,0,0,91,0,629,0,0,0,8
81,3,moe,600,42,11320,3163,1619,9599,0,0,102,0,628,0,0,0,8
81,4,moe,665,39,9357,2734,1411,7857,0,0,89,0,540,0,0,0,8
81,5,moe,706,39,9921,3562,2032,7806,0,0,83,0,543,0,0,0,8
81,6,moe,672,40,11045,3046,1592,9362,0,0,91,0,659,0,0,0,8
81,7,moe,595,39,9473,2713,1405,7973,0,0,95,0,555,0,0,0,8
81,8,moe,668,41,9667,2661,1398,8180,0,0,89,0,551,0,0,0,8
81,9,moe,716,42,11034,3178,1641,9303,0,0,90,0,649,0,0,0,8
81,10,moe,670,43,14133,7334,6002,8039,0,0,92,0,548,0,0,0,8
81,11,moe,607,40,9552,2832,1458,7996,0,0,98,0,548,0,0,0,8
81,12,moe,669,42,11070,3209,1655,9324,0,0,91,0,654,0,0,0,8
81,13,moe,717,42,10376,3649,2371,7920,0,0,85,0,547,0,0,0,8
81,14,moe,670,40,9334,2736,1413,7833,0,0,88,0,549,0,0,0,8
81,15,moe,582,37,11430,3865,2162,9180,0,0,88,0,657,0,0,0,8
81,16,moe,686,47,9585,2812,1460,8028,0,0,97,0,551,0,0,0,8
81,17,moe,713,43,10302,3947,2175,8037,0,0,90,0,544,0,0,0,8
81,18,moe,670,43,12410,5552,3048,9273,0,0,89,0,651,0,0,0,8
81,19,moe,607,40,10044,3453,1976,7974,0,0,94,0,553,0,0,0,8
81,20,moe,692,42,10638,3676,2361,8189,0,0,88,0,566,0,0,0,8
81,21,moe,713,50,12193,5129,2663,9392,0,0,138,0,652,0,0,0,8
81,22,moe,713,43,10595,3606,2348,8148,0,0,99,0,548,0,0,0,8
81,23,moe,594,37,12891,6472,3647,9140,0,0,104,0,653,0,0,0,8
81,24,moe,713,43,11128,3222,1660,9360,0,0,108,0,659,0,0,0,8
81,25,moe,715,42,11096,3177,1633,9356,0,0,107,0,653,0,0,0,8
81,26,moe,610,39,11207,3214,1646,9460,0,0,101,0,658,0,0,0,8
81,-1,epi,0,0,0,0,0,0,0,0,4356,0,0,0,0,0,0
82,-2,pre,72,0,0,0,0,0,0,0,0,0,0,0,0,0,0
82,0,dense,1232,46,0,0,0,0,0,0,0,0,0,0,0,0,0
82,1,moe,718,42,11258,3219,1650,9491,0,0,117,0,656,0,0,0,8
82,2,moe,680,42,11065,3136,1623,9333,0,0,109,0,656,0,0,0,8
82,3,moe,610,40,10974,3171,1630,9241,0,0,103,0,656,0,0,0,8
82,4,moe,670,41,9584,2792,1436,8041,0,0,107,0,551,0,0,0,8
82,5,moe,722,42,9558,2745,1425,8026,0,0,107,0,547,0,0,0,8
82,6,moe,676,40,11006,3097,1601,9301,0,0,104,0,648,0,0,0,8
82,7,moe,607,39,13622,6819,5518,8003,0,0,101,0,555,0,0,0,8
82,8,moe,679,40,9519,2740,1414,7994,0,0,111,0,556,0,0,0,8
82,9,moe,720,42,11033,3201,1645,9276,0,0,112,0,660,0,0,0,8
82,10,moe,674,42,9545,2817,1442,7997,0,0,106,0,547,0,0,0,8
82,11,moe,607,35,10495,3760,2455,7942,0,0,98,0,544,0,0,0,8
82,12,moe,690,38,11151,3305,1698,9338,0,0,115,0,737,0,0,0,8
82,13,moe,732,41,11489,2793,1446,9910,0,0,133,0,557,0,0,0,8
82,14,moe,682,43,9589,2799,1449,8026,0,0,114,0,553,0,0,0,8
82,15,moe,606,35,10991,3136,1608,9274,0,0,109,0,657,0,0,0,8
82,16,moe,684,39,11307,2823,1462,9739,0,0,106,0,548,0,0,0,8
82,17,moe,719,36,11726,3570,2021,9603,0,0,102,0,548,0,0,0,8
82,18,moe,674,37,12083,4131,2657,9322,0,0,104,0,656,0,0,0,8
82,19,moe,610,36,9411,2688,1385,7922,0,0,104,0,552,0,0,0,8
82,20,moe,681,38,12993,2762,1416,11470,0,0,107,0,543,0,0,0,8
82,21,moe,730,36,10816,3164,1620,9098,0,0,98,0,648,0,0,0,8
82,22,moe,719,34,9285,2660,1371,7815,0,0,99,0,548,0,0,0,8
82,23,moe,600,34,10993,3151,1619,9267,0,0,107,0,653,0,0,0,8
82,24,moe,722,36,12846,3180,1644,11091,0,0,111,0,663,0,0,0,8
82,25,moe,735,37,12633,3179,1627,10900,0,0,106,0,663,0,0,0,8
82,26,moe,605,35,10811,3164,1639,9066,0,0,106,0,655,0,0,0,8
82,-1,epi,0,0,0,0,0,0,0,0,4353,0,0,0,0,0,0
83,-2,pre,233,0,0,0,0,0,0,0,0,0,0,0,0,0,0
83,0,dense,1234,38,0,0,0,0,0,0,0,0,0,0,0,0,0
83,1,moe,727,40,15267,4496,2961,12198,0,1,107,0,651,0,0,0,8
83,2,moe,676,35,12040,4067,2645,9292,0,1,102,0,650,0,0,0,8
83,3,moe,608,33,11755,4070,2579,9086,0,0,90,0,649,0,0,0,8
83,4,moe,670,36,13396,5498,3265,10029,0,1,101,0,547,0,0,0,8
83,5,moe,716,37,10584,3621,2327,8159,0,0,98,0,553,0,0,0,8
83,6,moe,677,40,15403,6154,3277,12023,0,0,103,0,696,0,0,0,8
83,7,moe,620,33,10595,4582,2585,7909,0,0,101,0,581,0,0,0,8
83,8,moe,700,37,10121,3568,2298,7727,0,0,96,0,581,0,0,0,8
83,9,moe,746,38,11188,3182,1639,9444,0,0,105,0,651,0,0,0,8
83,10,moe,673,35,11974,3600,2051,9818,0,0,105,0,548,0,0,0,8
83,11,moe,603,34,12534,2766,1426,11005,0,0,103,0,578,0,0,0,8
83,12,moe,702,34,13725,5135,2929,10705,0,0,91,0,689,0,0,0,8
83,13,moe,757,33,10289,3681,2400,7794,0,0,95,0,591,0,0,0,8
83,14,moe,725,37,9588,2757,1425,8051,0,0,112,0,581,0,0,0,8
83,15,moe,642,34,11169,3184,1649,9404,0,0,116,0,690,0,0,0,8
83,16,moe,675,35,11344,2834,1463,9759,0,0,122,0,583,0,0,0,8
83,17,moe,779,48,11653,3435,1882,9665,0,0,106,0,591,0,0,0,8
83,18,moe,748,37,13662,3909,2385,11169,0,0,108,0,744,0,0,0,8
83,19,moe,657,34,10396,4179,2378,7916,0,0,102,0,634,0,0,0,8
83,20,moe,749,35,9756,2800,1448,8196,0,0,112,0,564,0,0,0,8
83,21,moe,751,39,13145,3205,1654,11360,0,0,131,0,701,0,0,0,8
83,22,moe,773,37,11164,2732,1407,9647,0,0,110,0,579,0,0,0,8
83,23,moe,626,35,11437,3909,2166,9176,0,0,95,0,700,0,0,0,8
83,24,moe,768,38,12548,3199,1644,10801,0,0,103,0,734,0,0,0,8
83,25,moe,773,41,12874,3330,1707,11036,0,0,131,0,650,0,0,0,8
83,26,moe,607,35,10952,3172,1629,9206,0,0,117,0,655,0,0,0,8
83,-1,epi,0,0,0,0,0,0,0,0,4397,0,0,0,0,0,0
84,-2,pre,1252,0,0,0,0,0,0,0,0,0,0,0,0,0,0
84,0,dense,1239,46,0,0,0,0,0,0,0,0,0,0,0,0,0
84,1,moe,723,42,16055,4390,2856,13088,0,0,111,0,649,0,0,0,8
84,2,moe,676,42,12162,4108,2645,9412,0,0,105,0,653,0,0,0,8
84,3,moe,607,39,12764,6194,3285,9377,0,0,102,0,655,0,0,0,8
84,4,moe,676,41,10693,4672,2429,8157,0,0,107,0,536,0,0,0,8
84,5,moe,713,44,13190,2796,1443,11639,0,0,108,0,553,0,0,0,8
84,6,moe,690,43,13487,3779,2089,11296,0,0,102,0,644,0,0,0,8
84,7,moe,610,38,11117,5793,2999,8017,0,0,101,0,544,0,0,0,8
84,8,moe,684,41,10476,3615,2332,8041,0,0,103,0,538,0,0,0,8
84,9,moe,716,42,12228,4201,2668,9459,0,0,101,0,648,0,0,0,8
84,10,moe,673,43,13832,4329,2309,11422,0,0,101,0,578,0,0,0,8
84,11,moe,619,40,11592,3134,1836,9654,0,0,102,0,575,0,0,0,8
84,12,moe,704,38,11662,4060,2562,8998,0,0,102,0,692,0,0,0,8
84,13,moe,759,42,9255,2782,1442,7711,0,0,102,0,576,0,0,0,8
84,14,moe,704,39,11959,4709,2609,9256,0,0,94,0,570,0,0,0,8
84,15,moe,607,36,13029,3961,2181,10747,0,0,101,0,692,0,0,0,8
84,16,moe,707,41,9770,3518,1897,7764,0,0,109,0,573,0,0,0,8
84,17,moe,724,41,10420,3660,2353,7965,0,0,102,0,546,0,0,0,8
84,18,moe,680,43,17000,4796,2935,13967,0,0,98,0,700,0,0,0,8
84,19,moe,619,38,10466,4298,2506,7859,0,0,101,0,583,0,0,0,8
84,20,moe,708,41,9251,2785,1428,7690,0,0,133,0,571,0,0,0,8
84,21,moe,763,41,14352,5093,2654,11603,0,0,95,0,683,0,0,0,8
84,22,moe,763,40,9963,3448,1931,7929,0,0,103,0,573,0,0,0,8
84,23,moe,616,38,11352,3950,2225,9031,0,0,96,0,721,0,0,0,8
84,24,moe,764,41,13278,4073,2594,10584,0,0,100,0,692,0,0,0,8
84,25,moe,764,38,12457,6401,3316,9047,0,0,94,0,690,0,0,0,8
84,26,moe,622,37,13369,4071,2577,10692,0,0,100,0,684,0,0,0,8
84,-1,epi,0,0,0,0,0,0,0,0,5260,0,0,0,0,0,0
85,-2,pre,75,0,0,0,0,0,0,0,0,0,0,0,0,0,0
85,0,dense,1340,43,0,0,0,0,0,0,0,0,0,0,0,0,0
85,1,moe,777,40,16256,4644,3174,12967,0,0,115,0,642,0,0,0,8
85,2,moe,676,41,12557,6179,3185,9267,0,0,105,0,648,0,0,0,8
85,3,moe,605,40,12186,4175,2658,9422,0,0,106,0,653,0,0,0,8
85,4,moe,677,44,12803,5499,2937,9767,0,1,98,0,539,0,0,0,8
85,5,moe,706,44,9464,2761,1417,7941,0,0,106,0,534,0,0,0,8
85,6,moe,669,39,10931,3060,1600,9227,0,0,104,0,655,0,0,0,8
85,7,moe,612,40,11287,2697,1397,9782,0,0,108,0,532,0,0,0,8
85,8,moe,675,41,9642,3090,1787,7760,0,0,95,0,572,0,0,0,8
85,9,moe,773,41,15172,3202,1642,13419,0,0,111,0,808,0,0,0,8
85,10,moe,719,42,13221,2823,1452,11646,0,0,123,0,553,0,0,0,8
85,11,moe,608,40,9608,2757,1425,8070,0,0,113,0,553,0,0,0,8
85,12,moe,678,43,16212,3997,2262,13835,0,0,115,0,655,0,0,0,8
85,13,moe,748,39,10774,2754,1422,9252,0,0,100,0,576,0,0,0,8
85,14,moe,708,35,9225,2733,1415,7706,0,0,104,0,581,0,0,0,8
85,15,moe,590,38,14584,3137,1618,12858,0,0,108,0,699,0,0,0,8
85,16,moe,712,41,9278,2794,1445,7730,0,0,103,0,586,0,0,0,8
85,17,moe,764,41,13141,2851,1470,11565,0,0,106,0,544,0,0,0,8
85,18,moe,713,42,16791,3205,1657,15025,0,0,109,0,698,0,0,0,8
85,19,moe,616,37,10950,2680,1391,9452,0,0,107,0,588,0,0,0,8
85,20,moe,704,40,12742,2776,1426,11212,0,0,104,0,580,0,0,0,8
85,21,moe,763,41,14714,7158,5712,8903,0,0,99,0,694,0,0,0,8
85,22,moe,761,38,10127,3625,2375,7658,0,0,94,0,579,0,0,0,8
85,23,moe,627,38,16381,5258,2923,13360,0,0,98,0,698,0,0,0,8
85,24,moe,766,42,13059,3971,2220,10739,0,0,100,0,697,0,0,0,8
85,25,moe,773,43,13326,3988,2502,10721,0,0,103,0,695,0,0,0,8
85,26,moe,624,37,16694,3166,1622,14968,0,0,104,0,696,0,0,0,8
85,-1,epi,0,0,0,0,0,0,0,0,5257,0,0,0,0,0,0
86,-2,pre,69,0,0,0,0,0,0,0,0,0,0,0,0,0,0
86,0,dense,1351,42,0,0,0,0,0,0,0,0,0,0,0,0,0
86,1,moe,788,43,13810,3200,1651,12052,0,0,107,0,695,0,0,0,8
86,2,moe,673,43,10855,3113,1605,9138,0,0,112,0,694,0,0,0,8
86,3,moe,625,37,16700,3133,1613,14981,0,0,106,0,698,0,0,0,8
86,4,moe,707,45,12894,2747,1421,11361,0,0,112,0,587,0,0,0,8
86,5,moe,764,42,11513,3750,1917,9500,0,0,96,0,628,0,0,0,8
86,6,moe,709,42,12443,3038,1593,10745,0,0,105,0,696,0,0,0,8
86,7,moe,625,40,9472,3036,1797,7578,0,0,97,0,577,0,0,0,8
86,8,moe,702,39,9149,2673,1393,7659,0,0,97,0,600,0,0,0,8
86,9,moe,777,43,12498,3201,1648,10744,0,0,106,0,697,0,0,0,8
86,10,moe,706,42,12804,2772,1423,11277,0,0,104,0,587,0,0,0,8
86,11,moe,617,38,12008,3704,2407,9501,0,0,100,0,579,0,0,0,8
86,12,moe,713,42,12511,3228,1656,10752,0,0,103,0,700,0,0,0,8
86,13,moe,759,43,9499,3079,1796,7612,0,0,91,0,578,0,0,0,8
86,14,moe,711,40,9618,3482,1852,7675,0,0,91,0,584,0,0,0,8
86,15,moe,609,36,16778,3161,1620,15047,0,0,111,0,708,0,0,0,8
86,16,moe,710,41,10931,2837,1451,9373,0,0,107,0,582,0,0,0,8
86,17,moe,765,41,12472,2763,1434,10941,0,0,97,0,580,0,0,0,8
86,18,moe,708,38,10481,3124,1616,8767,0,0,98,0,700,0,0,0,8
86,19,moe,630,38,16948,11085,5612,11220,0,0,116,0,711,0,0,0,8
86,20,moe,710,45,11449,2826,1454,9868,0,0,127,0,552,0,0,0,8
86,21,moe,723,42,15526,3153,1629,13786,0,0,111,0,700,0,0,0,8
86,22,moe,771,46,14811,3457,1830,12869,0,0,112,0,585,0,0,0,8
86,23,moe,629,42,11983,5288,2880,8993,0,0,110,0,699,0,0,0,8
86,24,moe,768,40,13626,3939,2179,11351,0,0,96,0,694,0,0,0,8
86,25,moe,762,38,11156,3952,2220,8838,0,0,98,0,695,0,0,0,8
86,26,moe,623,39,13362,4088,2590,10674,0,0,98,0,694,0,0,0,8
86,-1,epi,0,0,0,0,0,0,0,0,5270,0,0,0,0,0,0
87,-2,pre,55,0,0,0,0,0,0,0,0,0,0,0,0,0,0
87,0,dense,1375,43,0,0,0,0,0,0,0,0,0,0,0,0,0
87,1,moe,782,39,15147,3213,1648,13386,0,0,113,0,660,0,0,0,8
87,2,moe,684,40,15521,3116,1613,13798,0,0,110,0,653,0,0,0,8
87,3,moe,612,43,11047,3144,1624,9315,0,0,108,0,653,0,0,0,8
87,4,moe,679,47,11662,3653,1891,9663,0,0,108,0,593,0,0,0,8
87,5,moe,767,43,15190,3634,2325,12758,0,0,107,0,580,0,0,0,8
87,6,moe,707,41,13173,3087,1600,11473,0,0,100,0,702,0,0,0,8
87,7,moe,622,39,10938,2743,1407,9424,0,0,107,0,581,0,0,0,8
87,8,moe,702,44,11003,2722,1400,9497,0,0,106,0,642,0,0,0,8
87,9,moe,859,44,10882,3229,1660,9097,0,0,125,0,709,0,0,0,8
87,10,moe,737,58,12735,2796,1437,11177,0,0,121,0,584,0,0,0,8
87,11,moe,630,40,13734,3756,2453,11176,0,0,105,0,579,0,0,0,8
87,12,moe,705,41,12511,3186,1635,10768,0,1,107,0,724,0,0,0,8
87,13,moe,759,74,14216,2753,1418,12688,0,0,110,0,580,0,0,0,8
87,14,moe,709,40,10956,2754,1420,9426,0,0,110,0,583,0,0,0,8
87,15,moe,618,39,15026,3138,1619,13301,0,0,106,0,696,0,0,0,8
87,16,moe,711,40,12700,2808,1440,11155,0,0,105,0,615,0,0,0,8
87,17,moe,769,41,9322,2810,1445,7768,0,0,109,0,580,0,0,0,8
87,18,moe,700,41,14928,3181,1633,13192,0,0,103,0,694,0,0,0,8
87,19,moe,622,38,9718,3541,1918,7697,0,0,103,0,607,0,0,0,8
87,20,moe,719,44,9764,3428,1843,7822,0,0,99,0,587,0,0,0,8
87,21,moe,773,45,13075,3851,1995,10962,0,0,118,0,760,0,0,0,8
87,22,moe,805,38,9773,2776,1457,8210,0,0,106,0,614,0,0,0,8
87,23,moe,661,46,13947,3192,1664,12172,0,0,111,0,724,0,0,0,8
87,24,moe,800,42,16872,5366,2859,13900,0,0,113,0,737,0,0,0,8
87,25,moe,833,44,13329,3311,1730,11475,0,0,124,0,739,0,0,0,8
87,26,moe,718,49,14007,3972,2412,11498,0,0,97,0,730,0,0,0,8
87,-1,epi,0,0,0,0,0,0,0,0,5414,0,0,0,0,0,0
88,-2,pre,133,0,0,0,0,0,0,0,0,0,0,0,0,0,0
88,0,dense,1396,50,0,0,0,0,0,0,0,0,0,0,0,0,0
88,1,moe,818,40,18341,4625,2376,15849,0,0,116,0,834,0,0,0,8
88,2,moe,718,48,12159,4499,2563,9480,0,0,116,0,715,0,0,0,8
88,3,moe,666,40,16465,3833,2033,14317,0,0,115,0,678,0,0,0,8
88,4,moe,726,59,9823,2788,1437,8256,0,0,130,0,560,0,0,0,8
88,5,moe,758,57,13614,3415,1836,11671,0,0,107,0,622,0,0,0,8
88,6,moe,731,39,11510,3741,1973,9427,0,0,110,0,669,0,0,0,8
88,7,moe,637,36,9875,3390,1832,7933,0,0,110,0,596,0,0,0,8
88,8,moe,755,37,16155,5562,3081,12963,0,0,111,0,600,0,0,0,8
88,9,moe,792,39,11994,5123,2671,9224,0,0,99,0,706,0,0,0,8
88,10,moe,724,37,13675,3518,2200,11374,0,0,101,0,584,0,0,0,8
88,11,moe,632,45,11967,3544,2225,9635,0,0,107,0,592,0,0,0,8
88,12,moe,724,34,14600,6285,3674,10824,0,0,102,0,705,0,0,0,8
88,13,moe,795,42,14044,4108,2567,11376,0,0,101,0,610,0,0,0,8
88,14,moe,737,39,13255,3343,1774,11381,0,0,100,0,587,0,0,0,8
88,15,moe,646,36,14232,3884,2388,11740,0,0,104,0,705,0,0,0,8
88,16,moe,724,43,10755,5208,2764,7895,0,0,96,0,582,0,0,0,8
88,17,moe,787,40,12383,4126,2529,9757,0,0,97,0,589,0,0,0,8
88,18,moe,725,44,17291,3226,1648,15531,0,0,112,0,691,0,0,0,8
88,19,moe,636,47,11194,2746,1418,9661,0,0,115,0,580,0,0,0,8
88,20,moe,743,47,12369,4688,2411,9859,0,0,99,0,574,0,0,0,8
88,21,moe,776,48,15741,3835,1996,13647,0,0,98,0,737,0,0,0,8
88,22,moe,816,40,11617,3389,2120,9397,0,0,100,0,582,0,0,0,8
88,23,moe,649,34,16133,4462,2400,13634,0,0,99,0,705,0,0,0,8
88,24,moe,788,46,11349,3251,1680,9559,0,0,110,0,715,0,0,0,8
88,25,moe,779,37,10994,3208,1656,9228,0,0,110,0,699,0,0,0,8
88,26,moe,635,45,13796,5213,2758,10930,0,0,108,0,710,0,0,0,8
88,-1,epi,0,0,0,0,0,0,0,0,5405,0,0,0,0,0,0
89,-2,pre,44,0,0,0,0,0,0,0,0,0,0,0,0,0,0
89,0,dense,1421,43,0,0,0,0,0,0,0,0,0,0,0,0,0
89,1,moe,828,38,11863,3920,2062,9698,0,0,103,0,679,0,0,0,8
89,2,moe,698,39,18047,3789,1993,15947,0,0,107,0,697,0,0,0,8
89,3,moe,658,44,14216,3949,2441,11672,0,0,103,0,702,0,0,0,8
89,4,moe,748,37,11512,3417,1795,9610,0,0,107,0,586,0,0,0,8
89,5,moe,780,41,9614,3406,1811,7698,0,1,104,0,625,0,0,0,8
89,6,moe,743,43,10886,3024,1562,9222,0,0,102,0,721,0,0,0,8
89,7,moe,652,36,10412,4880,2524,7793,0,0,95,0,576,0,0,0,8
89,8,moe,709,38,11931,3562,2244,9583,0,0,104,0,597,0,0,0,8
89,9,moe,786,45,16131,3888,2394,13637,0,0,100,0,694,0,0,0,8
89,10,moe,741,39,13761,3550,2211,11447,0,0,103,0,683,0,0,0,8
89,11,moe,783,40,13750,3418,1854,11782,0,0,114,0,557,0,0,0,8
89,12,moe,736,45,11846,4109,2530,9207,0,0,109,0,703,0,0,0,8
89,13,moe,785,36,11376,2845,1470,9789,0,0,117,0,595,0,0,0,8
89,14,moe,734,38,11323,2847,1479,9736,0,0,108,0,592,0,0,0,8
89,15,moe,633,35,10971,3224,1646,9220,0,0,105,0,729,0,0,0,8
89,16,moe,741,39,15385,3573,2233,13041,0,0,111,0,599,0,0,0,8
89,17,moe,811,34,11320,2852,1493,9723,0,0,104,0,604,0,0,0,8
89,18,moe,748,34,17392,3301,1716,15558,0,0,118,0,701,0,0,0,8
89,19,moe,660,33,9378,2754,1428,7834,0,0,116,0,592,0,0,0,8
89,20,moe,792,34,11914,3556,2260,9550,0,0,104,0,587,0,0,0,8
89,21,moe,790,36,15376,3183,1628,13612,0,0,136,0,712,0,0,0,8
89,22,moe,794,41,11432,3305,1782,9538,0,1,111,0,614,0,0,0,8
89,23,moe,624,34,13740,3199,1637,11972,0,0,131,0,737,0,0,0,8
89,24,moe,835,37,14006,3900,2041,11846,0,0,119,0,707,0,0,0,8
89,25,moe,802,46,11041,3224,1680,9240,0,0,121,0,705,0,0,0,8
89,26,moe,636,247,14350,5316,3462,10783,0,0,105,0,738,0,0,0,8
89,-1,epi,0,0,0,0,0,0,0,0,5405,0,0,0,0,0,0
90,-2,pre,142,0,0,0,0,0,0,0,0,0,0,0,0,0,0
90,0,dense,1351,42,0,0,0,0,0,0,0,0,0,0,0,0,0
90,1,moe,791,43,16597,4593,2366,14131,0,0,100,0,650,0,0,0,8
90,2,moe,695,58,13929,3911,2423,11395,0,0,111,0,651,0,0,0,8
90,3,moe,626,43,15905,3841,2016,13781,0,0,108,0,727,0,0,0,8
90,4,moe,765,47,11446,2790,1449,9883,0,0,114,0,589,0,0,0,8
90,5,moe,817,45,9448,2796,1453,7886,0,0,109,0,594,0,0,0,8
90,6,moe,750,49,15602,3111,1607,13871,0,0,124,0,720,0,0,0,8
90,7,moe,647,46,10463,4179,2437,7924,0,0,102,0,595,0,0,0,8
90,8,moe,715,39,9793,3428,1821,7870,0,0,102,0,593,0,0,0,8
90,9,moe,793,46,17382,3329,1724,15526,0,0,132,0,693,0,0,0,8
90,10,moe,746,49,14308,4277,2710,11485,0,0,113,0,607,0,0,0,8
90,11,moe,621,39,10786,5774,2958,7733,0,0,95,0,596,0,0,0,8
90,12,moe,742,47,16373,4602,2718,13550,0,0,105,0,717,0,0,0,8
90,13,moe,792,43,9593,2827,1455,8018,0,0,120,0,588,0,0,0,8
90,14,moe,722,53,11855,3550,2206,9546,0,0,103,0,579,0,0,0,8
90,15,moe,653,43,14543,5166,2703,11739,0,0,101,0,694,0,0,0,8
90,16,moe,721,44,11981,4213,2180,9703,0,0,98,0,598,0,0,0,8
90,17,moe,775,45,13871,3567,2260,11515,0,0,96,0,604,0,0,0,8
90,18,moe,723,40,16202,3957,2453,13649,0,0,100,0,700,0,0,0,8
90,19,moe,642,49,9672,3401,1825,7750,0,0,97,0,655,0,0,0,8
90,20,moe,732,49,13689,4297,2262,11313,0,1,113,0,621,0,0,0,8
90,21,moe,802,41,16981,5782,3096,13772,0,0,113,0,722,0,0,0,8
90,22,moe,795,41,11564,6351,3651,7808,0,0,105,0,601,0,0,0,8
90,23,moe,660,44,14409,3925,2427,11884,0,0,98,0,712,0,0,0,8
90,24,moe,804,43,13755,4654,2743,10918,0,0,94,0,710,0,0,0,8
90,25,moe,783,41,11127,3245,1666,9348,0,0,113,0,715,0,0,0,8
90,26,moe,657,40,16083,4084,2561,13419,0,0,103,0,710,0,0,0,8
90,-1,epi,0,0,0,0,0,0,0,0,5246,0,0,0,0,0,0
91,-2,pre,52,0,0,0,0,0,0,0,0,0,0,0,0,0,0
91,0,dense,1313,49,0,0,0,0,0,0,0,0,0,0,0,0,0
91,1,moe,754,44,14079,4030,2501,11472,0,0,106,0,671,0,0,0,8
91,2,moe,721,47,11447,3201,1646,9691,0,0,110,0,667,0,0,0,8
91,3,moe,622,39,19769,6755,3800,15867,0,0,102,0,673,0,0,0,8
91,4,moe,696,41,11209,2805,1448,9607,0,0,154,0,590,0,0,0,8
91,5,moe,786,56,9483,2829,1466,7906,0,0,111,0,588,0,0,0,8
91,6,moe,738,55,15672,3146,1662,13876,0,0,134,0,712,0,0,0,8
91,7,moe,655,40,12034,3516,2227,9708,0,0,99,0,579,0,0,0,8
91,8,moe,720,44,13085,2791,1430,11538,0,0,117,0,586,0,0,0,8
91,9,moe,806,43,12103,4963,2857,9147,0,0,99,0,694,0,0,0,8
91,10,moe,720,62,9588,2834,1470,7998,0,0,120,0,588,0,0,0,8
91,11,moe,636,41,11275,2838,1471,9689,0,0,115,0,589,0,0,0,8
91,12,moe,728,40,17054,3252,1672,15261,0,0,121,0,691,0,0,0,8
91,13,moe,773,43,10998,2744,1417,9478,0,0,103,0,579,0,0,0,8
91,14,moe,727,42,11033,2781,1431,9496,0,0,106,0,608,0,0,0,8
91,15,moe,637,41,13031,3877,2123,10810,0,0,98,0,706,0,0,0,8
91,16,moe,707,40,9365,2826,1456,7802,0,0,107,0,575,0,0,0,8
91,17,moe,774,42,12717,2757,1429,11180,0,0,108,0,577,0,0,0,8
91,18,moe,721,39,12516,3205,1653,10753,0,0,110,0,696,0,0,0,8
91,19,moe,629,39,14877,3432,1927,12844,0,0,106,0,580,0,0,0,8
91,20,moe,710,41,12747,2760,1426,11217,0,0,104,0,577,0,0,0,8
91,21,moe,773,41,10837,3130,1615,9119,0,0,103,0,693,0,0,0,8
91,22,moe,772,41,12606,2708,1399,11102,0,0,105,0,568,0,0,0,8
91,23,moe,627,34,10663,3181,1634,8926,0,1,102,0,708,0,0,0,8
91,24,moe,779,38,14740,3952,2171,12472,0,0,97,0,687,0,0,0,8
91,25,moe,770,39,12361,3168,1626,10632,0,0,103,0,690,0,0,0,8
91,26,moe,624,41,14974,3163,1636,13238,0,0,100,0,687,0,0,0,8
91,-1,epi,0,0,0,0,0,0,0,0,5280,0,0,0,0,0,0
92,-2,pre,165,0,0,0,0,0,0,0,0,0,0,0,0,0,0
92,0,dense,1352,44,0,0,0,0,0,0,0,0,0,0,0,0,0
92,1,moe,788,45,12306,4222,2719,9478,0,0,109,0,644,0,0,0,8
92,2,moe,678,43,16376,3991,2251,14010,0,0,115,0,669,0,0,0,8
92,3,moe,614,41,12289,4764,2672,9495,0,0,122,0,679,0,0,0,8
92,4,moe,717,46,13294,2741,1413,11756,0,0,125,0,545,0,0,0,8
92,5,moe,723,44,14918,2759,1426,13374,0,0,118,0,548,0,0,0,8
92,6,moe,702,43,12522,3057,1573,10839,0,0,110,0,692,0,0,0,8
92,7,moe,627,39,10718,5706,2908,7709,0,0,101,0,605,0,0,0,8
92,8,moe,702,42,14466,2758,1412,12944,0,0,110,0,594,0,0,0,8
92,9,moe,772,43,12427,3174,1631,10685,0,0,111,0,692,0,0,0,8
92,10,moe,713,39,9711,3605,1862,7754,0,0,95,0,584,0,0,0,8
92,11,moe,626,40,12105,4585,2588,9416,0,0,101,0,578,0,0,0,8
92,12,moe,703,41,14741,3997,2217,12425,0,0,99,0,689,0,0,0,8
92,13,moe,777,43,9243,2767,1426,7708,0,0,109,0,578,0,0,0,8
92,14,moe,709,40,12748,5434,3220,9425,0,0,103,0,582,0,0,0,8
92,15,moe,617,37,14368,4638,2533,11738,0,0,97,0,698,0,0,0,8
92,16,moe,702,42,14365,5875,3064,11199,0,0,102,0,582,0,0,0,8
92,17,moe,777,45,10804,5607,2998,7705,0,0,101,0,572,0,0,0,8
92,18,moe,698,39,13843,4967,2991,10752,0,0,100,0,691,0,0,0,8
92,19,moe,621,38,14450,5874,3212,11132,0,0,106,0,578,0,0,0,8
92,20,moe,712,42,15505,3709,2413,12986,0,0,106,0,576,0,0,0,8
92,21,moe,775,56,11836,5063,2587,9143,0,0,106,0,688,0,0,0,8
92,22,moe,759,41,10430,4597,2541,7794,0,0,95,0,572,0,0,0,8
92,23,moe,629,196,15157,3283,1683,13364,0,0,110,0,692,0,0,0,8
92,24,moe,775,40,13450,3223,1665,11679,0,0,106,0,691,0,0,0,8
92,25,moe,775,43,10863,3214,1652,9092,0,0,119,0,688,0,0,0,8
92,26,moe,625,40,17540,4092,2308,15129,0,0,103,0,688,0,0,0,8
92,-1,epi,0,0,0,0,0,0,0,0,5274,0,0,0,0,0,0
93,-2,pre,242,0,0,0,0,0,0,0,0,0,0,0,0,0,0
93,0,dense,1345,45,0,0,0,0,0,0,0,0,0,0,0,0,0
93,1,moe,784,37,12802,3209,1648,11045,0,0,109,0,645,0,0,0,8
93,2,moe,670,41,12067,4084,2604,9359,0,0,104,0,641,0,0,0,8
93,3,moe,610,39,15655,5586,2890,12656,0,0,109,0,697,0,0,0,8
93,4,moe,708,40,14535,2723,1413,13016,0,0,106,0,575,0,0,0,8
93,5,moe,778,44,10995,2749,1414,9475,0,0,106,0,576,0,0,0,8
93,6,moe,712,42,10711,3096,1605,9003,0,0,103,0,687,0,0,0,8
93,7,moe,618,40,13523,3575,2291,11129,0,0,103,0,624,0,0,0,8
93,8,moe,714,38,13560,3632,2362,11098,0,0,100,0,571,0,0,0,8
93,9,moe,777,43,10766,3205,1650,9008,0,0,108,0,687,0,0,0,8
93,10,moe,702,42,10920,2764,1428,9385,0,0,107,0,573,0,0,0,8
93,11,moe,623,35,10962,2763,1424,9423,0,0,115,0,674,0,0,0,8
93,12,moe,769,42,16115,4064,2220,13778,0,0,117,0,646,0,0,0,8
93,13,moe,731,43,11429,2783,1441,9862,0,0,126,0,549,0,0,0,8
93,14,moe,680,46,11375,2807,1442,9823,0,1,109,0,541,0,0,0,8
93,15,moe,608,40,13373,4028,2558,10710,0,0,105,0,691,0,0,0,8
93,16,moe,710,41,13763,3647,2349,11306,0,0,108,0,573,0,0,0,8
93,17,moe,761,41,12748,2784,1436,11208,0,0,104,0,571,0,0,0,8
93,18,moe,714,40,12484,6380,3294,9087,0,0,103,0,690,0,0,0,8
93,19,moe,627,38,13667,4962,2566,10996,0,0,105,0,576,0,0,0,8
93,20,moe,711,39,9088,2772,1429,7560,0,0,99,0,577,0,0,0,8
93,21,moe,771,42,11384,3963,2200,9084,0,0,100,0,737,0,0,0,8
93,22,moe,781,44,10169,3567,2308,7755,0,0,106,0,576,0,0,0,8
93,23,moe,632,41,12370,6213,3238,9023,0,0,109,0,691,0,0,0,8
93,24,moe,765,43,10865,3171,1633,9087,0,0,145,0,691,0,0,0,8
93,25,moe,775,42,13779,5800,2971,10710,0,0,98,0,693,0,0,0,8
93,26,moe,626,38,12460,3157,1617,10735,0,0,108,0,694,0,0,0,8
93,-1,epi,0,0,0,0,0,0,0,0,5291,0,0,0,0,0,0
94,-2,pre,234,0,0,0,0,0,0,0,0,0,0,0,0,0,0
94,0,dense,1358,37,0,0,0,0,0,0,0,0,0,0,0,0,0
94,1,moe,791,34,15207,6389,3747,11347,0,1,112,0,653,0,0,0,8
94,2,moe,708,37,16483,8378,4268,12111,0,0,104,0,646,0,0,0,8
94,3,moe,608,35,11706,3986,2189,9407,0,0,110,0,652,0,0,0,8
94,4,moe,676,38,11230,5607,3068,8050,0,0,112,0,542,0,0,0,8
94,5,moe,728,37,11584,5959,3405,8071,0,0,108,0,544,0,0,0,8
94,6,moe,671,35,13017,3112,1650,11251,0,0,116,0,805,0,0,0,8
94,7,moe,629,33,12254,4393,2285,9853,0,0,116,0,575,0,0,0,8
94,8,moe,689,44,10108,3527,1880,8111,0,0,117,0,548,0,0,0,8
94,9,moe,720,39,12152,4873,2763,9271,0,0,118,0,689,0,0,0,8
94,10,moe,743,35,11057,5487,2813,8129,0,0,115,0,550,0,0,0,8
94,11,moe,616,34,10718,4983,2670,7941,0,0,107,0,549,0,0,0,8
94,12,moe,671,46,12617,5545,3231,9282,0,0,104,0,657,0,0,0,8
94,13,moe,717,55,9852,3394,1838,7906,0,0,108,0,560,0,0,0,8
94,14,moe,714,44,10826,5334,2714,8000,0,0,112,0,547,0,0,0,8
94,15,moe,619,35,13223,6489,3872,9241,0,0,110,0,653,0,0,0,8
94,16,moe,699,42,10779,5370,2738,7938,0,0,103,0,548,0,0,0,8
94,17,moe,761,36,11829,6661,3678,8045,0,0,106,0,562,0,0,0,8
94,18,moe,689,38,11658,4585,2362,9197,0,0,99,0,658,0,0,0,8
94,19,moe,646,36,10945,5290,2977,7872,0,0,96,0,552,0,0,0,8
94,20,moe,674,39,10211,3462,2132,7965,0,1,113,0,567,0,0,0,8
94,21,moe,748,38,13242,7169,3917,9225,0,0,100,0,660,0,0,0,8
94,22,moe,747,37,11124,5412,2922,8102,0,0,100,0,582,0,0,0,8
94,23,moe,625,34,14505,4184,2239,12141,0,0,125,0,659,0,0,0,8
94,24,moe,732,40,14532,8859,4861,9554,0,0,117,0,660,0,0,0,8
94,25,moe,731,38,13170,6484,3625,9438,0,1,106,0,667,0,0,0,8
94,26,moe,614,37,16120,6718,3942,12067,0,0,111,0,658,0,0,0,8
94,-1,epi,0,0,0,0,0,0,0,0,4367,0,0,0,0,0,0
95,-2,pre,214,0,0,0,0,0,0,0,0,0,0,0,0,0,0
95,0,dense,1239,38,0,0,0,0,0,0,0,0,0,0,0,0,0
95,1,moe,710,38,15577,10291,5740,9723,0,0,114,0,655,0,0,0,8
95,2,moe,676,37,12392,5564,2860,9419,0,0,113,0,654,0,0,0,8
95,3,moe,611,36,13176,6997,3579,9480,0,0,117,0,655,0,0,0,8
95,4,moe,668,38,9510,2730,1411,7989,0,0,110,0,541,0,0,0,8
95,5,moe,710,38,10598,5016,2608,7889,0,0,101,0,539,0,0,0,8
95,6,moe,671,39,12457,4673,2938,9405,0,0,114,0,654,0,0,0,8
95,7,moe,601,34,10128,3449,1954,8065,0,0,109,0,575,0,0,0,8
95,8,moe,708,36,10583,3684,2390,8086,0,0,107,0,551,0,0,0,8
95,9,moe,726,37,13078,6645,3438,9527,0,0,113,0,685,0,0,0,8
95,10,moe,690,40,11847,6416,3597,8128,0,0,122,0,558,0,0,0,8
95,11,moe,598,36,10657,3854,2481,8061,0,0,115,0,545,0,0,0,8
95,12,moe,672,38,12123,4234,2648,9360,0,0,115,0,659,0,0,0,8
95,13,moe,732,38,10437,4232,2252,8070,0,0,115,0,541,0,0,0,8
95,14,moe,667,35,10757,4273,2653,7997,0,0,107,0,553,0,0,0,8
95,15,moe,589,36,12346,5588,2869,9372,0,0,105,0,643,0,0,0,8
95,16,moe,682,33,11338,6139,3188,8047,0,0,103,0,544,0,0,0,8
95,17,moe,713,37,11318,5820,3123,8089,0,0,106,0,586,0,0,0,8
95,18,moe,655,35,13535,7077,4051,9373,0,0,111,0,654,0,0,0,8
95,19,moe,607,34,10587,4571,2356,8113,0,0,118,0,534,0,0,0,8
95,20,moe,655,38,9911,2824,1450,8341,0,0,120,0,532,0,0,0,8
95,21,moe,704,44,14052,8290,4240,9702,0,0,110,0,793,0,0,0,8
95,22,moe,707,40,10503,4064,2365,8028,0,0,110,0,609,0,0,0,8
95,23,moe,654,39,12532,5398,2848,9574,0,0,110,0,664,0,0,0,8
95,24,moe,741,42,13601,7339,3903,9590,0,0,108,0,628,0,0,0,8
95,25,moe,695,47,13976,7893,4237,9629,0,0,110,0,617,0,0,0,8
95,26,moe,591,44,13620,6231,3672,9809,0,0,139,0,618,0,0,0,8
95,-1,epi,0,0,0,0,0,0,0,0,3836,0,0,0,0,0,0
96,-2,pre,64,0,0,0,0,0,0,0,0,0,0,0,0,0,0
96,0,dense,1184,47,0,0,0,0,0,0,0,0,0,0,0,0,0
96,1,moe,698,44,14542,8281,4631,9790,0,1,120,0,669,0,0,0,8
96,2,moe,698,46,11530,3168,1627,9789,0,0,114,0,697,0,0,0,8
96,3,moe,627,46,12300,3985,2478,9708,0,0,114,0,843,0,0,0,8
96,4,moe,768,46,10252,3370,1865,8271,0,0,116,0,550,0,0,0,8
96,5,moe,725,52,11582,5915,3094,8373,0,0,115,0,561,0,0,0,8
96,6,moe,669,44,12514,4091,2616,9777,0,0,121,0,642,0,0,0,8
96,7,moe,605,42,9965,2740,1434,8398,0,1,132,0,676,0,0,0,8
96,8,moe,706,48,11196,4626,2589,8481,0,0,126,0,710,0,0,0,8
96,9,moe,713,49,12806,4974,2831,9855,0,0,120,0,771,0,0,0,8
96,10,moe,707,45,10012,2833,1461,8423,0,0,128,0,575,0,0,0,8
96,11,moe,638,49,11104,4566,2600,8390,0,0,114,0,724,0,0,0,8
96,12,moe,778,46,13663,6459,3770,9767,0,0,126,0,787,0,0,0,8
96,13,moe,717,49,10985,3782,2440,8420,0,0,125,0,629,0,0,0,8
96,14,moe,677,45,10468,2903,1490,8823,0,0,155,0,645,0,0,0,8
96,15,moe,647,48,12045,3219,1663,10252,0,0,130,0,881,0,0,0,8
96,16,moe,733,46,12599,6603,3692,8784,0,0,123,0,636,0,0,0,8
96,17,moe,740,53,11519,5345,2753,8648,0,0,118,0,691,0,0,0,8
96,18,moe,2004,45,12308,3965,2149,10036,0,0,123,0,779,0,0,0,8
96,19,moe,674,50,10834,3446,1886,8825,0,0,123,0,637,0,0,0,8
96,20,moe,701,56,11665,5432,2805,8730,0,0,130,0,525,0,0,0,8
96,21,moe,711,48,13996,6435,3596,10285,0,0,115,0,604,0,0,0,8
96,22,moe,710,43,10272,2777,1430,8716,0,0,126,0,520,0,0,0,8
96,23,moe,610,43,12541,3907,2081,10342,0,0,118,0,616,0,0,0,8
96,24,moe,700,48,13235,5258,2931,10190,0,0,114,0,601,0,0,0,8
96,25,moe,702,41,12309,3942,2105,10092,0,0,112,0,602,0,0,0,8
96,26,moe,643,44,12696,3952,2413,10174,0,0,109,0,611,0,0,0,8
96,-1,epi,0,0,0,0,0,0,0,0,4148,0,0,0,0,0,0
97,-2,pre,53,0,0,0,0,0,0,0,0,0,0,0,0,0,0
97,0,dense,1181,43,0,0,0,0,0,0,0,0,0,0,0,0,0
97,1,moe,707,46,13335,4778,2841,10389,0,0,105,0,610,0,0,0,8
97,2,moe,692,43,13453,6387,3452,9892,0,0,109,0,597,0,0,0,8
97,3,moe,603,40,12420,4020,2211,10099,0,0,110,0,606,0,0,0,8
97,4,moe,658,47,11211,3650,2361,8737,0,0,113,0,522,0,0,0,8
97,5,moe,694,43,10255,3566,1870,8284,0,0,101,0,521,0,0,0,8
97,6,moe,653,44,12140,3837,2048,9977,0,0,115,0,612,0,0,0,8
97,7,moe,602,41,9855,2710,1408,8334,0,0,113,0,522,0,0,0,8
97,8,moe,655,43,10816,4276,2364,8344,0,0,108,0,518,0,0,0,8
97,9,moe,691,44,11518,3319,1702,9697,0,0,119,0,615,0,0,0,8
97,10,moe,660,45,10904,4354,2435,8360,0,0,109,0,518,0,0,0,8
97,11,moe,604,41,10595,3804,2203,8293,0,0,99,0,551,0,0,0,8
97,12,moe,657,46,12097,4082,2199,9777,0,0,121,0,636,0,0,0,8
97,13,moe,686,47,10929,3747,2424,8383,0,0,122,0,547,0,0,0,8
97,14,moe,663,47,10383,3544,1920,8327,0,0,136,0,528,0,0,0,8
97,15,moe,605,42,11787,3548,1952,9722,0,0,113,0,618,0,0,0,8
97,16,moe,667,52,11305,5314,2752,8424,0,0,129,0,555,0,0,0,8
97,17,moe,728,46,10447,3669,1974,8349,0,0,124,0,559,0,0,0,8
97,18,moe,730,45,13480,6331,3761,9616,0,0,103,0,614,0,0,0,8
97,19,moe,629,53,10273,3478,1850,8303,0,0,120,0,678,0,0,0,8
97,20,moe,649,51,10714,4327,2230,8367,0,0,117,0,540,0,0,0,8
97,21,moe,690,44,12691,5648,2957,9618,0,0,116,0,620,0,0,0,8
97,22,moe,685,42,10504,3558,2288,8110,0,0,106,0,569,0,0,0,8
97,23,moe,659,38,11436,3210,1660,9659,0,0,117,0,658,0,0,0,8
97,24,moe,690,43,13544,6947,3862,9579,0,0,103,0,627,0,0,0,8
97,25,moe,707,45,11410,3193,1660,9627,0,0,123,0,632,0,0,0,8
97,26,moe,604,43,13686,7472,4022,9560,0,0,104,0,628,0,0,0,8
97,-1,epi,0,0,0,0,0,0,0,0,3907,0,0,0,0,0,0
98,-2,pre,46,0,0,0,0,0,0,0,0,0,0,0,0,0,0
98,0,dense,1199,47,0,0,0,0,0,0,0,0,0,0,0,0,0
98,1,moe,697,41,13184,5483,3305,9767,0,1,111,0,637,0,0,0,8
98,2,moe,674,49,12509,4825,2742,9656,0,0,111,0,627,0,0,0,8
98,3,moe,619,45,11420,3186,1668,9633,0,0,119,0,636,0,0,0,8
98,4,moe,687,62,10374,3410,1871,8393,0,0,110,0,538,0,0,0,8
98,5,moe,704,47,9951,2768,1436,8390,0,0,125,0,543,0,0,0,8
98,6,moe,671,45,11982,3845,2113,9759,0,0,110,0,625,0,0,0,8
98,7,moe,595,40,10388,3403,1933,8340,0,0,115,0,521,0,0,0,8
98,8,moe,652,44,10349,3457,1955,8292,0,0,102,0,534,0,0,0,8
98,9,moe,691,42,11439,3246,1674,9655,0,0,110,0,615,0,0,0,8
98,10,moe,653,43,10264,3574,1917,8236,0,0,111,0,521,0,0,0,8
98,11,moe,582,39,9792,2795,1431,8242,0,0,119,0,528,0,0,0,8
98,12,moe,651,44,12643,4454,2916,9623,0,0,104,0,618,0,0,0,8
98,13,moe,701,52,10344,3552,1910,8330,0,0,104,0,532,0,0,0,8
98,14,moe,663,45,11085,4997,2654,8325,0,0,106,0,522,0,0,0,8
98,15,moe,604,43,13018,5947,3274,9638,0,0,106,0,615,0,0,0,8
98,16,moe,651,43,11837,6158,3358,8374,0,1,104,0,533,0,0,0,8
98,17,moe,696,43,11868,6162,3414,8336,0,0,118,0,528,0,0,0,8
98,18,moe,681,39,16494,11098,6487,9900,0,0,107,0,643,0,0,0,8
98,19,moe,596,38,11596,5639,2945,8529,0,1,121,0,526,0,0,0,8
98,20,moe,677,40,11804,5485,3201,8501,0,0,102,0,528,0,0,0,8
98,21,moe,700,44,12059,4576,2339,9622,0,0,98,0,611,0,0,0,8
98,22,moe,677,40,10070,3384,1797,8177,0,0,96,0,522,0,0,0,8
98,23,moe,622,41,12761,5118,2887,9767,0,0,107,0,621,0,0,0,8
98,24,moe,689,42,13088,6297,3245,9735,0,0,108,0,614,0,0,0,8
98,25,moe,680,43,11912,3962,2120,9690,0,0,102,0,616,0,0,0,8
98,26,moe,608,40,13779,6758,3923,9752,0,0,104,0,616,0,0,0,8
98,-1,epi,0,0,0,0,0,0,0,0,3817,0,0,0,0,0,0
99,-2,pre,46,0,0,0,0,0,0,0,0,0,0,0,0,0,0
99,0,dense,1187,45,0,0,0,0,0,0,0,0,0,0,0,0,0
99,1,moe,684,42,15258,9879,5088,10059,0,0,111,0,620,0,0,0,8
99,2,moe,679,40,12678,5270,2721,9846,0,0,111,0,616,0,0,0,8
99,3,moe,598,40,12186,4716,2505,9573,0,0,108,0,618,0,0,0,8
99,4,moe,648,43,13458,8668,4831,8507,0,1,119,0,706,0,0,0,8
99,5,moe,681,47,12617,7798,4107,8388,0,0,122,0,533,0,0,0,8
99,6,moe,664,45,12707,5047,2848,9744,0,0,115,0,619,0,0,0,8
99,7,moe,598,46,10798,4562,2344,8344,0,0,110,0,527,0,0,0,8
99,8,moe,651,42,10052,3478,1834,8118,0,0,100,0,596,0,0,0,8
99,9,moe,702,44,12883,5118,2893,9879,0,0,111,0,618,0,0,0,8
99,10,moe,661,45,12712,7799,4288,8318,0,0,106,0,526,0,0,0,8
99,11,moe,600,41,11998,6428,3572,8317,0,0,109,0,529,0,0,0,8
99,12,moe,654,42,14176,7161,4254,9811,0,0,111,0,622,0,0,0,8
99,13,moe,687,42,12707,8222,4267,8330,0,0,110,0,525,0,0,0,8
99,14,moe,665,42,11885,6186,3379,8398,0,0,108,0,527,0,0,0,8
99,15,moe,596,41,12437,4682,2677,9647,0,0,113,0,618,0,0,0,8
99,16,moe,651,42,11323,5484,2880,8336,0,0,107,0,523,0,0,0,8
99,17,moe,684,43,11082,5369,2739,8234,0,0,109,0,520,0,0,0,8
99,18,moe,666,41,12935,6043,3127,9706,0,0,102,0,628,0,0,0,8
99,19,moe,593,42,10793,4523,2364,8328,0,0,101,0,526,0,0,0,8
99,20,moe,668,43,11514,5821,3055,8354,0,0,105,0,535,0,0,0,8
99,21,moe,723,44,11858,3910,2079,9664,0,0,115,0,651,0,0,0,8
99,22,moe,693,45,10151,3477,1840,8206,0,0,105,0,524,0,0,0,8
99,23,moe,593,40,11916,3960,2199,9612,0,0,105,0,638,0,0,0,8
99,24,moe,687,42,12963,5986,3195,9664,0,0,104,0,614,0,0,0,8
99,25,moe,683,44,13072,5816,3169,9796,0,0,107,0,628,0,0,0,8
99,26,moe,599,40,12677,5543,2886,9685,0,0,106,0,615,0,0,0,8
99,-1,epi,0,0,0,0,0,0,0,0,3826,0,0,0,0,0,0
100,-2,pre,214,0,0,0,0,0,0,0,0,0,0,0,0,0,0
100,0,dense,1172,39,0,0,0,0,0,0,0,0,0,0,0,0,0
100,1,moe,689,35,13507,6433,3658,9737,0,0,112,0,615,0,0,0,8
100,2,moe,661,38,13419,6870,3561,9745,0,0,113,0,615,0,0,0,8
100,3,moe,597,35,13084,6490,3312,9660,0,0,112,0,624,0,0,0,8
100,4,moe,660,37,11400,5098,2953,8345,0,0,102,0,526,0,0,0,8
100,5,moe,686,36,10706,4102,2264,8339,0,0,103,0,525,0,0,0,8
100,6,moe,668,36,13738,7728,4017,9614,0,0,107,0,627,0,0,0,8
100,7,moe,597,37,12979,8721,4544,8323,0,0,112,0,540,0,0,0,8
100,8,moe,665,36,10029,3530,1878,8048,0,0,103,0,541,0,0,0,8
100,9,moe,724,38,11570,3956,2105,9353,0,0,112,0,658,0,0,0,8
100,10,moe,667,37,12396,8245,4266,8020,0,0,110,0,556,0,0,0,8
100,11,moe,616,33,12016,7706,3922,7983,0,0,111,0,552,0,0,0,8
100,12,moe,677,37,14003,8773,4515,9376,0,1,111,0,649,0,0,0,8
100,13,moe,712,38,10852,4235,2634,8107,0,0,111,0,547,0,0,0,8
100,14,moe,668,37,12434,7725,4207,8117,0,0,110,0,546,0,0,0,8
100,15,moe,601,36,11975,4663,2551,9310,0,0,114,0,821,0,0,0,8
100,16,moe,677,39,14149,7805,3994,10036,0,0,119,0,547,0,0,0,8
100,17,moe,693,39,11320,5598,3111,8090,0,0,119,0,551,0,0,0,8
100,18,moe,685,68,12882,6099,3424,9352,0,0,106,0,653,0,0,0,8
100,19,moe,643,50,11837,7206,3744,7988,0,0,105,0,559,0,0,0,8
100,20,moe,702,42,15722,7952,4099,11516,0,0,107,0,623,0,0,0,8
100,21,moe,753,38,12209,4687,2692,9408,0,0,109,0,683,0,0,0,8
100,22,moe,730,45,10551,4776,2545,7897,0,0,109,0,555,0,0,0,8
100,23,moe,609,34,14689,3891,2368,12212,0,0,109,0,669,0,0,0,8
100,24,moe,749,44,15388,3906,2052,13229,0,0,107,0,664,0,0,0,8
100,25,moe,732,40,13453,7493,3944,9404,0,0,105,0,662,0,0,0,8
100,26,moe,633,33,12554,5793,3004,9434,0,0,116,0,703,0,0,0,8
100,-1,epi,0,0,0,0,0,0,0,0,4578,0,0,0,0,0,0
101,-2,pre,55,0,0,0,0,0,0,0,0,0,0,0,0,0,0
101,0,dense,1313,45,0,0,0,0,0,0,0,0,0,0,0,0,0
101,1,moe,752,40,13804,7434,4016,9686,0,0,102,0,692,0,0,0,8
101,2,moe,717,37,16167,6827,3902,12154,0,0,111,0,660,0,0,0,8
101,3,moe,624,34,13028,5573,3263,9655,0,0,110,0,716,0,0,0,8
101,4,moe,695,40,9757,2867,1480,8160,0,0,117,0,572,0,0,0,8
101,5,moe,779,36,11672,2829,1478,10077,0,0,117,0,542,0,0,0,8
101,6,moe,676,36,14012,3959,2496,11417,0,0,99,0,678,0,0,0,8
101,7,moe,666,39,9837,2788,1449,8285,0,0,103,0,562,0,0,0,8
101,8,moe,722,35,10609,3514,2263,8243,0,0,103,0,548,0,0,0,8
101,9,moe,738,34,13259,3250,1662,11484,0,0,113,0,682,0,0,0,8
101,10,moe,694,46,13224,2813,1456,11647,0,0,121,0,540,0,0,0,8
101,11,moe,604,35,9524,2782,1430,7986,0,0,108,0,540,0,0,0,8
101,12,moe,671,38,12838,3227,1653,11069,0,0,116,0,687,0,0,0,8
101,13,moe,759,39,10521,5268,2721,7701,0,0,99,0,569,0,0,0,8
101,14,moe,697,35,10393,5000,2584,7707,0,0,102,0,571,0,0,0,8
101,15,moe,635,38,13709,5728,4231,9375,0,0,103,0,647,0,0,0,8
101,16,moe,696,38,12003,3700,2394,9505,0,0,104,0,574,0,0,0,8
101,17,moe,765,40,13603,3672,2295,11210,0,0,98,0,578,0,0,0,8
101,18,moe,704,42,12516,5879,3412,9003,0,0,101,0,688,0,0,0,8
101,19,moe,615,37,10764,5445,2908,7758,0,0,98,0,572,0,0,0,8
101,20,moe,699,40,10887,5820,3008,7775,0,0,104,0,574,0,0,0,8
101,21,moe,755,42,14279,4063,2550,11632,0,0,97,0,689,0,0,0,8
101,22,moe,759,42,11601,3482,1992,9507,0,0,102,0,573,0,0,0,8
101,23,moe,620,37,11439,4610,2522,8825,0,0,92,0,684,0,0,0,8
101,24,moe,760,39,11655,5000,2589,8963,0,0,103,0,692,0,0,0,8
101,25,moe,761,42,15398,8011,4558,10740,0,0,100,0,804,0,0,0,8
101,26,moe,656,45,14159,4861,3038,11001,0,0,120,0,656,0,0,0,8
101,-1,epi,0,0,0,0,0,0,0,0,4401,0,0,0,0,0,0
102,-2,pre,211,0,0,0,0,0,0,0,0,0,0,0,0,0,0
102,0,dense,1235,42,0,0,0,0,0,0,0,0,0,0,0,0,0
102,1,moe,720,40,13033,6151,3378,9547,0,0,108,0,651,0,0,0,8
102,2,moe,683,45,17134,8970,4788,12236,0,0,110,0,649,0,0,0,8
102,3,moe,609,40,14665,9163,5158,9402,0,0,105,0,651,0,0,0,8
102,4,moe,681,86,11346,2745,1419,9807,0,0,120,0,548,0,0,0,8
102,5,moe,722,44,9929,3503,1877,7947,0,0,105,0,543,0,0,0,8
102,6,moe,675,43,13425,7305,3927,9390,0,0,108,0,654,0,0,0,8
102,7,moe,603,39,11244,2730,1420,9717,0,0,107,0,580,0,0,0,8
102,8,moe,705,43,10145,3576,2313,7732,0,0,100,0,574,0,0,0,8
102,9,moe,771,42,14140,5870,3277,10767,0,0,96,0,692,0,0,0,8
102,10,moe,702,40,15165,7224,3930,11128,0,0,107,0,576,0,0,0,8
102,11,moe,622,37,10328,4547,2347,7880,0,0,101,0,587,0,0,0,8
102,12,moe,699,40,12405,5447,3339,8969,0,0,97,0,687,0,0,0,8
102,13,moe,760,37,9286,2794,1442,7747,0,0,97,0,580,0,0,0,8
102,14,moe,718,59,11725,6379,3732,7885,0,0,108,0,587,0,0,0,8
102,15,moe,626,38,18384,5387,3128,15157,0,0,99,0,697,0,0,0,8
102,16,moe,714,40,10446,4078,2516,7829,0,0,101,0,596,0,0,0,8
102,17,moe,810,42,10537,4923,2578,7857,0,0,102,0,581,0,0,0,8
102,18,moe,710,43,13621,7462,4313,9206,0,0,102,0,704,0,0,0,8
102,19,moe,627,37,12579,5479,2963,9520,0,0,96,0,582,0,0,0,8
102,20,moe,708,46,12236,4519,2408,9727,0,0,101,0,580,0,0,0,8
102,21,moe,764,45,13086,6884,3773,9220,0,0,93,0,732,0,0,0,8
102,22,moe,775,38,11431,6009,3232,8095,0,0,104,0,544,0,0,0,8
102,23,moe,614,37,16532,5213,2755,13680,0,0,97,0,711,0,0,0,8
102,24,moe,807,41,12916,7045,3804,9012,0,0,100,0,704,0,0,0,8
102,25,moe,807,42,11965,4475,2589,9273,0,0,103,0,707,0,0,0,8
102,26,moe,693,39,11466,4580,2360,9007,0,0,99,0,680,0,0,0,8
102,-1,epi,0,0,0,0,0,0,0,0,4615,0,0,0,0,0,0
103,-2,pre,44,0,0,0,0,0,0,0,0,0,0,0,0,0,0
103,0,dense,1297,47,0,0,0,0,0,0,0,0,0,0,0,0,0
103,1,moe,775,43,12856,5892,3081,9667,0,0,108,0,659,0,0,0,8
103,2,moe,728,40,16910,5241,2735,14065,0,0,110,0,690,0,0,0,8
103,3,moe,646,45,14552,5909,3090,11362,0,0,100,0,670,0,0,0,8
103,4,moe,684,40,11883,6104,3637,8142,0,0,104,0,580,0,0,0,8
103,5,moe,767,41,10561,4624,2392,8066,0,0,103,0,606,0,0,0,8
103,6,moe,852,39,11988,4195,2692,9199,0,0,97,0,708,0,0,0,8
103,7,moe,637,37,9499,2748,1438,7927,0,0,134,0,604,0,0,0,8
103,8,moe,750,40,13226,3338,1761,11355,0,0,110,0,626,0,0,0,8
103,9,moe,798,41,12009,4947,2592,9289,0,0,128,0,741,0,0,0,8
103,10,moe,728,52,10456,4192,2162,8182,0,0,112,0,575,0,0,0,8
103,11,moe,627,44,10727,4729,2526,8091,0,0,110,0,552,0,0,0,8
103,12,moe,738,46,11416,3818,2002,9302,0,0,112,0,679,0,0,0,8
103,13,moe,752,44,12459,4084,2382,9975,0,0,102,0,548,0,0,0,8
103,14,moe,716,40,12224,3524,2207,9915,0,0,102,0,593,0,0,0,8
103,15,moe,644,39,11701,4786,2477,9120,0,0,104,0,710,0,0,0,8
103,16,moe,738,45,11555,3364,1792,9654,0,0,109,0,591,0,0,0,8
103,17,moe,781,56,9498,2853,1475,7918,0,0,105,0,588,0,0,0,8
103,18,moe,733,39,11121,3478,1808,9200,0,0,113,0,713,0,0,0,8
103,19,moe,643,40,9600,2750,1414,8075,0,0,111,0,569,0,0,0,8
103,20,moe,702,48,10594,4160,2428,8064,0,0,102,0,573,0,0,0,8
103,21,moe,769,58,12393,6062,3156,9131,0,0,106,0,740,0,0,0,8
103,22,moe,819,45,10696,4107,2580,8019,0,0,97,0,587,0,0,0,8
103,23,moe,649,39,12024,5404,2832,9085,0,0,107,0,699,0,0,0,8
103,24,moe,776,42,11904,3933,2083,9711,0,0,110,0,676,0,0,0,8
103,25,moe,739,42,11086,3778,1967,9012,0,0,107,0,713,0,0,0,8
103,26,moe,657,55,11818,3968,2447,9270,0,0,101,0,709,0,0,0,8
103,-1,epi,0,0,0,0,0,0,0,0,5015,0,0,0,0,0,0
104,-2,pre,139,0,0,0,0,0,0,0,0,0,0,0,0,0,0
104,0,dense,1236,42,0,0,0,0,0,0,0,0,0,0,0,0,0
104,1,moe,744,46,12700,5404,2780,9805,0,0,115,0,683,0,0,0,8
104,2,moe,705,40,12212,3979,2480,9628,0,0,104,0,663,0,0,0,8
104,3,moe,625,41,12844,6096,3254,9488,0,0,102,0,673,0,0,0,8
104,4,moe,690,40,10569,3480,2167,8300,0,0,102,0,553,0,0,0,8
104,5,moe,743,40,11201,4909,2933,8159,0,0,109,0,558,0,0,0,8
104,6,moe,747,39,11498,3854,2035,9356,0,0,107,0,709,0,0,0,8
104,7,moe,666,36,10391,3987,2349,7938,0,0,104,0,617,0,0,0,8
104,8,moe,725,46,10987,5429,3057,7830,0,0,100,0,616,0,0,0,8
104,9,moe,794,40,12446,5382,3154,9183,0,0,109,0,661,0,0,0,8
104,10,moe,730,46,10405,4172,2171,8137,0,0,97,0,557,0,0,0,8
104,11,moe,619,39,11320,5866,3084,8139,0,0,97,0,598,0,0,0,8
104,12,moe,726,225,13786,9185,4711,8974,0,0,101,0,720,0,0,0,8
104,13,moe,804,41,11266,6070,3408,7751,0,0,107,0,560,0,0,0,8
104,14,moe,710,41,11698,6793,3581,8017,0,0,100,0,585,0,0,0,8
104,15,moe,654,41,12083,4654,2658,9326,0,0,99,0,659,0,0,0,8
104,16,moe,692,41,11607,5982,3387,8120,0,0,100,0,586,0,0,0,8
104,17,moe,772,40,10992,5406,2828,8057,0,0,107,0,551,0,0,0,8
104,18,moe,675,46,11957,4378,2463,9388,0,0,106,0,716,0,0,0,8
104,19,moe,628,54,9847,3398,1803,7944,0,0,100,0,587,0,0,0,8
104,20,moe,725,43,10867,4924,2591,8169,0,0,107,0,556,0,0,0,8
104,21,moe,732,42,12590,6037,3086,9389,0,0,115,0,806,0,0,0,8
104,22,moe,829,46,10908,5030,2695,8101,0,1,111,0,588,0,0,0,8
104,23,moe,653,44,13678,6780,3851,9720,0,0,107,0,698,0,0,0,8
104,24,moe,742,46,12494,5612,3013,9376,0,0,105,0,664,0,0,0,8
104,25,moe,740,47,14042,4565,2482,11442,0,0,118,0,661,0,0,0,8
104,26,moe,619,41,12199,4043,2514,9586,0,0,99,0,744,0,0,0,8
104,-1,epi,0,0,0,0,0,0,0,0,5438,0,0,0,0,0,0
105,-2,pre,42,0,0,0,0,0,0,0,0,0,0,0,0,0,0
105,0,dense,1426,51,0,0,0,0,0,0,0,0,0,0,0,0,0
105,1,moe,819,40,13987,8265,4211,9675,0,0,101,0,684,0,0,0,8
105,2,moe,687,41,13555,6665,3998,9453,0,0,104,0,670,0,0,0,8
105,3,moe,657,42,16238,6028,3105,13025,0,0,108,0,668,0,0,0,8
105,4,moe,715,39,12011,3373,1813,10096,0,0,102,0,578,0,0,0,8
105,5,moe,774,45,10090,3439,1859,8120,0,0,111,0,597,0,0,0,8
105,6,moe,713,45,11959,4639,2385,9475,0,0,99,0,707,0,0,0,8
105,7,moe,645,37,14483,4147,2466,11917,0,0,100,0,576,0,0,0,8
105,8,moe,729,39,10220,3982,2196,7926,0,0,98,0,595,0,0,0,8
105,9,moe,791,41,11551,4465,2396,9061,0,0,94,0,706,0,0,0,8
105,10,moe,730,39,13783,4326,2279,11392,0,0,112,0,570,0,0,0,8
105,11,moe,631,48,13358,5867,3402,9853,0,0,103,0,597,0,0,0,8
105,12,moe,726,51,11623,4562,2353,9171,0,0,99,0,714,0,0,0,8
105,13,moe,797,51,10316,3507,2188,8028,0,0,100,0,569,0,0,0,8
105,14,moe,731,48,11669,6167,3386,8182,0,0,101,0,621,0,0,0,8
105,15,moe,651,35,16625,4239,2728,13794,0,0,103,0,721,0,0,0,8
105,16,moe,715,41,12002,4193,2153,9742,0,0,107,0,626,0,0,0,8
105,17,moe,806,43,10830,5302,2871,7862,0,0,97,0,589,0,0,0,8
105,18,moe,726,39,12205,5077,2996,9114,0,0,95,0,719,0,0,0,8
105,19,moe,655,52,10674,4101,2588,7983,0,1,102,0,612,0,0,0,8
105,20,moe,734,39,12160,4080,2400,9660,0,0,100,0,661,0,0,0,8
105,21,moe,801,39,13830,3366,1804,11912,0,0,114,0,713,0,0,0,8
105,22,moe,783,45,9731,3335,1764,7863,0,0,104,0,628,0,0,0,8
105,23,moe,641,35,10993,3223,1654,9227,0,0,112,0,722,0,0,0,8
105,24,moe,782,40,11743,3938,2402,9240,0,0,101,0,736,0,0,0,8
105,25,moe,783,36,14476,3967,2438,11942,0,0,96,0,709,0,0,0,8
105,26,moe,660,34,14570,3280,1687,12784,0,0,99,0,713,0,0,0,8
105,-1,epi,0,0,0,0,0,0,0,0,5438,0,0,0,0,0,0
106,-2,pre,145,0,0,0,0,0,0,0,0,0,0,0,0,0,0
106,0,dense,1246,35,0,0,0,0,0,0,0,0,0,0,0,0,0
106,1,moe,783,47,13278,5881,3075,10074,0,0,129,0,672,0,0,0,8
106,2,moe,714,48,12272,4654,2698,9476,0,0,98,0,670,0,0,0,8
106,3,moe,626,47,11867,4610,2374,9391,0,0,102,0,692,0,0,0,8
106,4,moe,693,43,12465,3513,2203,10164,0,0,98,0,562,0,0,0,8
106,5,moe,742,36,11157,5474,3033,8014,0,0,110,0,653,0,0,0,8
106,6,moe,722,48,11394,3150,1630,9633,0,0,131,0,695,0,0,0,8
106,7,moe,613,36,10128,3385,1839,8173,0,0,116,0,564,0,0,0,8
106,8,moe,716,39,10763,4415,2627,8028,0,0,108,0,582,0,0,0,8
106,9,moe,752,38,14556,5997,3299,11144,0,0,113,0,692,0,0,0,8
106,10,moe,687,36,14374,4321,2418,11848,0,0,108,0,570,0,0,0,8
106,11,moe,628,37,10645,4140,2452,8096,0,0,97,0,615,0,0,0,8
106,12,moe,747,40,11081,3306,1716,9255,0,0,110,0,720,0,0,0,8
106,13,moe,790,40,10390,4557,2501,7790,0,0,99,0,563,0,0,0,8
106,14,moe,682,39,12260,3603,2281,9877,0,0,102,0,582,0,0,0,8
106,15,moe,638,36,15223,4595,2478,12635,0,0,110,0,700,0,0,0,8
106,16,moe,703,38,9422,2827,1450,7859,0,0,113,0,624,0,0,0,8
106,17,moe,769,37,10538,4498,2518,7922,0,0,98,0,587,0,0,0,8
106,18,moe,716,35,11637,4250,2281,9257,0,0,99,0,713,0,0,0,8
106,19,moe,619,33,11228,3178,1732,9396,0,0,100,0,580,0,0,0,8
106,20,moe,708,37,10947,2825,1450,9390,0,0,107,0,585,0,0,0,8
106,21,moe,765,45,13082,4029,2106,10878,0,0,98,0,701,0,0,0,8
106,22,moe,771,37,9538,2731,1411,8009,0,0,118,0,590,0,0,0,8
106,23,moe,629,35,11604,3945,2162,9348,0,0,94,0,701,0,0,0,8
106,24,moe,769,38,15011,5565,3300,11606,0,0,105,0,706,0,0,0,8
106,25,moe,760,37,12083,5263,2748,9242,0,0,93,0,706,0,0,0,8
106,26,moe,622,34,11784,4035,2506,9172,0,0,106,0,709,0,0,0,8
106,-1,epi,0,0,0,0,0,0,0,0,5331,0,0,0,0,0,0
107,-2,pre,163,0,0,0,0,0,0,0,0,0,0,0,0,0,0
107,0,dense,1346,38,0,0,0,0,0,0,0,0,0,0,0,0,0
107,1,moe,788,37,14983,4598,2473,12405,0,0,105,0,658,0,0,0,8
107,2,moe,690,37,16884,5825,3088,13695,0,0,101,0,665,0,0,0,8
107,3,moe,620,37,11983,4111,2607,9276,0,0,100,0,653,0,0,0,8
107,4,moe,680,37,10509,4587,2365,8044,0,0,100,0,556,0,0,0,8
107,5,moe,719,36,10416,3666,2382,7937,0,0,97,0,607,0,0,0,8
107,6,moe,707,38,11606,3944,2537,8966,0,0,103,0,699,0,0,0,8
107,7,moe,626,35,11284,2734,1412,9767,0,0,105,0,548,0,0,0,8
107,8,moe,677,39,11146,2704,1395,9648,0,0,103,0,586,0,0,0,8
107,9,moe,772,253,17063,6544,4545,12419,0,0,99,0,700,0,0,0,8
107,10,moe,697,38,10972,5819,3064,7777,0,0,131,0,583,0,0,0,8
107,11,moe,612,38,11068,5736,3213,7760,0,0,95,0,584,0,0,0,8
107,12,moe,701,42,11755,4152,2629,9031,0,0,95,0,700,0,0,0,8
107,13,moe,764,40,11371,3504,1877,9384,0,0,110,0,584,0,0,0,8
107,14,moe,714,45,11053,5892,3033,7914,0,0,106,0,585,0,0,0,8
107,15,moe,621,37,12357,5366,2786,9468,0,0,103,0,655,0,0,0,8
107,16,moe,685,41,13202,3472,1864,11234,0,0,104,0,584,0,0,0,8
107,17,moe,806,42,11376,2944,1516,9724,0,0,136,0,618,0,0,0,8
107,18,moe,716,45,17607,6842,3533,13961,0,0,113,0,662,0,0,0,8
107,19,moe,610,42,10454,3601,2336,8008,0,0,110,0,585,0,0,0,8
107,20,moe,712,42,12130,5130,2655,9373,0,0,102,0,587,0,0,0,8
107,21,moe,796,42,16545,3989,2230,14216,0,0,99,0,725,0,0,0,8
107,22,moe,771,41,9848,3934,2028,7718,0,0,102,0,582,0,0,0,8
107,23,moe,619,39,12309,3180,1637,10568,0,0,104,0,701,0,0,0,8
107,24,moe,773,45,12157,5884,3020,9038,0,0,99,0,707,0,0,0,8
107,25,moe,764,41,17518,3948,2159,15256,0,0,103,0,700,0,0,0,8
107,26,moe,625,42,16950,3282,1684,15151,0,0,115,0,708,0,0,0,8
107,-1,epi,0,0,0,0,0,0,0,0,5314,0,0,0,0,0,0
108,-2,pre,157,0,0,0,0,0,0,0,0,0,0,0,0,0,0
108,0,dense,1363,41,0,0,0,0,0,0,0,0,0,0,0,0,0
108,1,moe,816,42,12381,4890,2782,9493,0,0,106,0,660,0,0,0,8
108,2,moe,684,43,12565,5476,2867,9598,0,0,100,0,657,0,0,0,8
108,3,moe,612,36,12654,6238,3193,9363,0,0,98,0,662,0,0,0,8
108,4,moe,681,41,14041,3543,2270,11653,0,0,118,0,547,0,0,0,8
108,5,moe,723,41,13030,2794,1432,11483,0,1,114,0,608,0,0,0,8
108,6,moe,725,45,13424,3092,1607,11713,0,0,104,0,696,0,0,0,8
108,7,moe,628,38,13210,3394,1886,11227,0,0,97,0,643,0,0,0,8
108,8,moe,717,45,10300,4308,2456,7737,0,0,107,0,588,0,0,0,8
108,9,moe,794,42,11435,3945,2110,9223,0,0,102,0,705,0,0,0,8
108,10,moe,702,43,16987,7147,3856,13035,0,0,96,0,597,0,0,0,8
108,11,moe,634,39,12799,5396,2873,9829,0,0,97,0,591,0,0,0,8
108,12,moe,707,42,14612,5365,2764,11735,0,0,113,0,698,0,0,0,8
108,13,moe,785,41,12085,4646,2552,9437,0,0,96,0,581,0,0,0,8
108,14,moe,721,42,13686,4671,2450,11136,0,0,100,0,583,0,0,0,8
108,15,moe,622,39,14076,5401,3188,10786,0,0,102,0,699,0,0,0,8
108,16,moe,704,40,11583,3556,1900,9579,0,0,104,0,581,0,0,0,8
108,17,moe,798,42,12753,5863,3197,9460,0,0,96,0,628,0,0,0,8
108,18,moe,697,42,12700,6063,3505,9093,0,0,102,0,718,0,0,0,8
108,19,moe,628,40,11951,4554,2332,9516,0,0,103,0,591,0,0,0,8
108,20,moe,714,41,15607,4302,2703,12798,0,0,106,0,587,0,0,0,8
108,21,moe,800,44,13429,4843,2489,10838,0,0,102,0,698,0,0,0,8
108,22,moe,770,45,11525,6439,3725,7700,0,0,100,0,590,0,0,0,8
108,23,moe,629,39,13884,3987,2117,11664,0,0,103,0,714,0,0,0,8
108,24,moe,773,45,14837,7457,3800,10934,0,0,103,0,702,0,0,0,8
108,25,moe,766,43,12094,5005,2812,9180,0,0,102,0,829,0,0,0,8
108,26,moe,658,44,16747,3189,1641,14989,0,0,117,0,703,0,0,0,8
108,-1,epi,0,0,0,0,0,0,0,0,5298,0,0,0,0,0,0
109,-2,pre,158,0,0,0,0,0,0,0,0,0,0,0,0,0,0
109,0,dense,1354,46,0,0,0,0,0,0,0,0,0,0,0,0,0
109,1,moe,802,44,12541,4844,2971,9460,0,0,110,0,670,0,0,0,8
109,2,moe,680,42,16600,7982,4374,12121,0,0,105,0,654,0,0,0,8
109,3,moe,609,41,18757,8828,4788,13865,0,0,104,0,654,0,0,0,8
109,4,moe,675,43,13104,6476,3357,9642,0,0,105,0,585,0,0,0,8
109,5,moe,768,40,14544,6024,3197,11239,0,0,108,0,588,0,0,0,8
109,6,moe,712,42,15938,5042,2631,13203,0,0,104,0,701,0,0,0,8
109,7,moe,649,40,11018,5745,3201,7722,0,0,95,0,583,0,0,0,8
109,8,moe,705,42,11518,3414,1904,9509,0,0,105,0,589,0,0,0,8
109,9,moe,773,45,14358,6415,3270,10989,0,0,99,0,703,0,0,0,8
109,10,moe,710,42,13965,5066,2604,11255,0,0,106,0,582,0,0,0,8
109,11,moe,624,37,12273,7258,4133,8039,0,0,101,0,588,0,0,0,8
109,12,moe,702,41,13468,4097,2569,10798,0,0,101,0,715,0,0,0,8
109,13,moe,800,45,14429,5281,2798,11526,0,0,105,0,584,0,0,0,8
109,14,moe,708,41,11417,3455,1837,9480,0,0,100,0,586,0,0,0,8
109,15,moe,620,39,13794,4710,2747,10951,0,0,96,0,696,0,0,0,8
109,16,moe,701,41,14395,5322,2857,11445,0,0,93,0,587,0,0,0,8
109,17,moe,778,42,12966,5975,3088,9766,0,0,112,0,590,0,0,0,8
109,18,moe,714,49,13826,5093,2795,10937,0,0,94,0,710,0,0,0,8
109,19,moe,648,38,14700,5733,3293,11308,0,0,99,0,583,0,0,0,8
109,20,moe,695,51,12898,5612,3134,9668,0,0,96,0,598,0,0,0,8
109,21,moe,767,43,12265,5631,3021,9133,0,0,111,0,703,0,0,0,8
109,22,moe,764,43,13235,3457,1984,11152,0,0,99,0,581,0,0,0,8
109,23,moe,623,39,17602,3999,2523,14978,0,0,101,0,701,0,0,0,8
109,24,moe,772,43,10734,3201,1640,8981,0,0,113,0,709,0,0,0,8
109,25,moe,763,44,12566,3157,1618,10834,0,0,114,0,715,0,0,0,8
109,26,moe,626,41,11625,4052,2554,8970,0,0,101,0,698,0,0,0,8
109,-1,epi,0,0,0,0,0,0,0,0,5275,0,0,0,0,0,0
110,-2,pre,219,0,0,0,0,0,0,0,0,0,0,0,0,0,0
110,0,dense,1346,43,0,0,0,0,0,0,0,0,0,0,0,0,0
110,1,moe,791,45,16951,3196,1646,15195,0,0,110,0,704,0,0,0,8
110,2,moe,726,47,15959,4023,2567,13291,0,0,101,0,703,0,0,0,8
110,3,moe,623,39,11169,3864,2050,9023,0,0,96,0,720,0,0,0,8
110,4,moe,754,38,11783,3452,2137,9546,0,0,100,0,594,0,0,0,8
110,5,moe,790,56,9860,3402,1795,7963,0,0,102,0,598,0,0,0,8
110,6,moe,746,52,16112,4405,2588,13423,0,0,101,0,818,0,0,0,8
110,7,moe,660,41,16241,10415,6353,9760,0,0,128,0,585,0,0,0,8
110,8,moe,718,43,14377,5313,2868,11408,0,0,101,0,584,0,0,0,8
110,9,moe,795,45,14492,6518,3530,10849,0,0,113,0,709,0,0,0,8
110,10,moe,722,42,12012,4333,2237,9669,0,0,106,0,588,0,0,0,8
110,11,moe,616,38,10360,4581,2495,7754,0,0,111,0,584,0,0,0,8
110,12,moe,700,42,16906,3215,1649,15146,0,0,111,0,740,0,0,0,8
110,13,moe,797,47,14795,2846,1469,13205,0,0,121,0,592,0,0,0,8
110,14,moe,783,39,10117,3611,2321,7697,0,0,99,0,584,0,0,0,8
110,15,moe,629,40,11755,4030,2542,9110,0,0,103,0,697,0,0,0,8
110,16,moe,705,41,14858,3518,1884,12880,0,0,94,0,585,0,0,0,8
110,17,moe,782,44,11027,2821,1452,9471,0,0,104,0,583,0,0,0,8
110,18,moe,714,40,13576,5188,2737,10742,0,0,97,0,696,0,0,0,8
110,19,moe,625,38,14519,6493,3374,11047,0,0,98,0,579,0,0,0,8
110,20,moe,703,40,11926,7387,3979,7848,0,0,99,0,585,0,0,0,8
110,21,moe,760,40,15512,6829,3776,11636,0,0,100,0,697,0,0,0,8
110,22,moe,780,40,12463,4774,2891,9475,0,0,97,0,583,0,0,0,8
110,23,moe,630,39,12223,6222,3172,8949,0,0,102,0,695,0,0,0,8
110,24,moe,759,40,15097,6442,3321,11678,0,0,98,0,698,0,0,0,8
110,25,moe,781,41,16415,5684,3022,13297,0,0,96,0,697,0,0,0,8
110,26,moe,625,39,13124,7171,3993,9030,0,0,101,0,699,0,0,0,8
110,-1,epi,0,0,0,0,0,0,0,0,5290,0,0,0,0,0,0
111,-2,pre,44,0,0,0,0,0,0,0,0,0,0,0,0,0,0
111,0,dense,1382,44,0,0,0,0,0,0,0,0,0,0,0,0,0
111,1,moe,742,42,15520,3198,1647,13760,0,0,113,0,702,0,0,0,8
111,2,moe,713,42,13996,5871,3074,10817,0,0,105,0,700,0,0,0,8
111,3,moe,619,38,15083,3188,1629,13341,0,0,113,0,709,0,0,0,8
111,4,moe,715,41,9815,3523,1984,7730,0,0,101,0,590,0,0,0,8
111,5,moe,781,41,14062,4582,2540,11418,0,0,104,0,596,0,0,0,8
111,6,moe,723,43,15591,3772,2150,13343,0,1,97,0,696,0,0,0,8
111,7,moe,616,40,10292,3662,2371,7825,0,0,96,0,587,0,0,0,8
111,8,moe,701,42,11196,2813,1448,9636,0,0,112,0,589,0,0,0,8
111,9,moe,776,42,13317,4140,2649,10566,0,0,102,0,698,0,0,0,8
111,10,moe,704,40,11062,2827,1453,9502,0,0,107,0,592,0,0,0,8
111,11,moe,630,40,11160,2800,1443,9609,0,0,108,0,592,0,0,0,8
111,12,moe,721,46,16154,4127,2588,13467,0,0,99,0,706,0,0,0,8
111,13,moe,796,43,10648,4301,2740,7797,0,0,111,0,589,0,0,0,8
111,14,moe,711,41,9321,2762,1427,7792,0,0,102,0,613,0,0,0,8
111,15,moe,824,45,12838,3287,1721,10988,0,1,128,0,692,0,0,0,8
111,16,moe,716,49,11091,4412,2763,8213,0,0,115,0,581,0,0,0,8
111,17,moe,721,58,15750,4224,2203,13433,0,0,114,0,576,0,0,0,8
111,18,moe,716,38,13643,4800,2747,10797,0,0,99,0,694,0,0,0,8
111,19,moe,623,42,10642,4222,2695,7843,0,0,104,0,578,0,0,0,8
111,20,moe,720,37,15743,4644,2398,13246,0,0,99,0,581,0,0,0,8
111,21,moe,782,37,13686,4481,2619,10962,0,0,105,0,701,0,0,0,8
111,22,moe,793,38,10646,5428,2792,7754,0,0,100,0,572,0,0,0,8
111,23,moe,615,33,16613,6199,3234,13281,0,0,98,0,701,0,0,0,8
111,24,moe,772,36,17266,7403,3869,13294,0,0,103,0,687,0,0,0,8
111,25,moe,785,36,11697,5080,2659,8938,0,1,99,0,690,0,0,0,8
111,26,moe,621,34,15075,4068,2591,12380,0,0,104,0,691,0,0,0,8
111,-1,epi,0,0,0,0,0,0,0,0,5179,0,0,0,0,0,0
112,-2,pre,224,0,0,0,0,0,0,0,0,0,0,0,0,0,0
112,0,dense,1250,38,0,0,0,0,0,0,0,0,0,0,0,0,0
112,1,moe,733,36,14809,6081,3370,11331,0,0,108,0,646,0,0,0,8
112,2,moe,678,36,15379,8063,4285,10989,0,0,105,0,690,0,0,0,8
112,3,moe,619,34,16110,4746,2629,13381,0,0,100,0,686,0,0,0,8
112,4,moe,707,36,14862,3495,1829,12933,0,0,100,0,574,0,0,0,8
112,5,moe,782,39,10573,4327,2708,7770,0,0,95,0,588,0,0,0,8
112,6,moe,709,43,12976,7505,3975,8905,0,0,96,0,688,0,0,0,8
112,7,moe,616,32,13359,4434,2249,11010,0,0,100,0,572,0,0,0,8
112,8,moe,696,36,14413,2797,1437,12870,0,0,106,0,575,0,0,0,8
112,9,moe,777,37,13678,8766,4531,9047,0,0,100,0,688,0,0,0,8
112,10,moe,707,34,13366,3966,2038,11223,0,0,105,0,774,0,0,0,8
112,11,moe,673,49,14121,6804,4468,9534,0,0,119,0,577,0,0,0,8
112,12,moe,704,40,11315,4070,2150,9055,0,0,110,0,694,0,0,0,8
112,13,moe,769,39,13555,4159,2264,11192,0,0,99,0,577,0,0,0,8
112,14,moe,711,38,11525,3503,1959,9457,0,0,109,0,577,0,0,0,8
112,15,moe,624,37,15936,5939,3323,12513,0,0,100,0,687,0,0,0,8
112,16,moe,709,38,13763,7941,4177,9488,0,0,98,0,575,0,0,0,8
112,17,moe,770,38,11032,6269,3199,7731,0,0,102,0,572,0,0,0,8
112,18,moe,700,36,16594,7865,4053,12435,0,0,106,0,686,0,0,0,8
112,19,moe,617,33,14052,5513,2822,11137,0,0,93,0,571,0,0,0,8
112,20,moe,707,44,12142,4786,2524,9516,0,0,102,0,571,0,0,0,8
112,21,moe,786,39,14289,4545,2481,11710,0,0,98,0,812,0,0,0,8
112,22,moe,758,41,10658,5026,2751,7788,0,1,118,0,622,0,0,0,8
112,23,moe,626,36,13631,4540,2460,11056,0,0,115,0,692,0,0,0,8
112,24,moe,773,41,13986,5845,3022,10842,0,0,122,0,704,0,0,0,8
112,25,moe,789,40,15517,5532,2857,12559,0,0,101,0,691,0,0,0,8
112,26,moe,623,32,18342,5930,3057,15180,0,0,105,0,695,0,0,0,8
112,-1,epi,0,0,0,0,0,0,0,0,5282,0,0,0,0,0,0
113,-2,pre,40,0,0,0,0,0,0,0,0,0,0,0,0,0,0
113,0,dense,1387,37,0,0,0,0,0,0,0,0,0,0,0,0,0
113,1,moe,789,39,13952,4177,2685,11147,0,0,120,0,654,0,0,0,8
113,2,moe,676,38,14270,3918,2190,11973,0,0,107,0,643,0,0,0,8
113,3,moe,619,39,14193,3941,2094,11989,0,0,110,0,738,0,0,0,8
113,4,moe,694,43,11715,4762,3452,8149,0,0,114,0,695,0,0,0,8
113,5,moe,790,54,10890,4320,2436,8340,0,0,114,0,752,0,0,0,8
113,6,moe,748,43,13079,6281,3348,9611,0,0,120,0,913,0,0,0,8
113,7,moe,787,45,9827,2813,1449,8259,0,0,119,0,760,0,0,0,8
113,8,moe,764,50,10600,3579,1904,8579,0,0,117,0,766,0,0,0,8
113,9,moe,797,47,13740,6188,3649,9968,0,0,123,0,842,0,0,0,8
113,10,moe,789,51,10668,3532,1899,8643,0,1,125,0,713,0,0,0,8
113,11,moe,803,45,10769,2900,1489,9137,0,0,143,0,715,0,0,0,8
113,12,moe,2172,56,12429,4118,2497,9804,0,0,128,0,672,0,0,0,8
113,13,moe,751,44,10438,3425,1810,8522,0,0,106,0,620,0,0,0,8
113,14,moe,709,48,10970,4069,2512,8353,0,0,105,0,599,0,0,0,8
113,15,moe,674,40,13218,6581,3359,9746,0,0,113,0,635,0,0,0,8
113,16,moe,693,44,11348,5693,2929,8296,0,0,123,0,529,0,0,0,8
113,17,moe,712,47,11269,5351,2784,8373,0,0,112,0,522,0,0,0,8
113,18,moe,656,79,14472,8804,4641,9735,0,0,96,0,623,0,0,0,8
113,19,moe,611,42,11255,5457,2815,8346,0,0,94,0,530,0,0,0,8
113,20,moe,677,45,11747,5689,3331,8321,0,0,95,0,528,0,0,0,8
113,21,moe,697,46,12052,4076,2241,9708,0,0,103,0,619,0,0,0,8
113,22,moe,717,48,11154,4247,2674,8386,0,0,94,0,545,0,0,0,8
113,23,moe,625,42,12778,4696,2906,9776,0,0,96,0,619,0,0,0,8
113,24,moe,729,42,12011,3977,2090,9822,0,0,99,0,660,0,0,0,8
113,25,moe,723,53,13300,6150,3464,9749,0,0,87,0,685,0,0,0,8
113,26,moe,624,45,12978,5867,3039,9845,0,0,94,0,627,0,0,0,8
113,-1,epi,0,0,0,0,0,0,0,0,4172,0,0,0,0,0,0
114,-2,pre,139,0,0,0,0,0,0,0,0,0,0,0,0,0,0
114,0,dense,1174,41,0,0,0,0,0,0,0,0,0,0,0,0,0
114,1,moe,713,41,13359,6104,3125,10143,0,1,90,0,660,0,0,0,8
114,2,moe,694,42,12264,3870,2111,10057,0,0,96,0,622,0,0,0,8
114,3,moe,607,41,11964,3927,2069,9803,0,0,92,0,620,0,0,0,8
114,4,moe,687,50,10598,4034,2093,8403,0,0,102,0,538,0,0,0,8
114,5,moe,704,45,11071,4775,2459,8515,0,0,97,0,681,0,0,0,8
114,6,moe,682,45,11911,3814,2058,9743,0,0,110,0,660,0,0,0,8
114,7,moe,641,50,10293,3410,1822,8379,0,0,92,0,545,0,0,0,8
114,8,moe,682,46,10367,3443,1837,8434,0,0,96,0,565,0,0,0,8
114,9,moe,750,52,12428,4079,2493,9844,0,0,91,0,637,0,0,0,8
114,10,moe,679,59,10181,2869,1482,8594,0,0,105,0,537,0,0,0,8
114,11,moe,622,40,11410,5693,2970,8349,0,0,91,0,534,0,0,0,8
114,12,moe,675,42,13432,6313,3485,9859,0,0,88,0,671,0,0,0,8
114,13,moe,714,61,10610,3540,2200,8324,0,0,86,0,532,0,0,0,8
114,14,moe,662,41,10887,4422,2520,8274,0,0,93,0,523,0,0,0,8
114,15,moe,597,40,12298,4078,2572,9639,0,0,87,0,615,0,0,0,8
114,16,moe,659,43,11272,5642,2913,8266,0,0,93,0,521,0,0,0,8
114,17,moe,686,43,11156,5441,3001,8070,0,0,85,0,536,0,0,0,8
114,18,moe,663,41,12076,5017,2629,9359,0,0,88,0,646,0,0,0,8
114,19,moe,606,39,9548,2757,1420,8035,0,0,93,0,545,0,0,0,8
114,20,moe,666,43,10353,3613,2309,7956,0,0,88,0,540,0,0,0,8
114,21,moe,714,43,11086,3164,1624,9367,0,0,95,0,650,0,0,0,8
114,22,moe,715,43,10316,3629,2296,7937,0,0,83,0,541,0,0,0,8
114,23,moe,597,42,11123,3191,1643,9385,0,0,95,0,650,0,0,0,8
114,24,moe,710,45,12186,4812,2793,9306,0,0,87,0,647,0,0,0,8
114,25,moe,708,44,11686,3942,2197,9396,0,0,93,0,642,0,0,0,8
114,26,moe,611,38,12416,4775,2974,9355,0,0,87,0,665,0,0,0,8
114,-1,epi,0,0,0,0,0,0,0,0,4358,0,0,0,0,0,0
115,-2,pre,45,0,0,0,0,0,0,0,0,0,0,0,0,0,0
115,0,dense,1227,42,0,0,0,0,0,0,0,0,0,0,0,0,0
115,1,moe,717,39,12594,5432,2965,9544,0,0,85,0,615,0,0,0,8
115,2,moe,653,40,11872,3906,2193,9588,0,0,91,0,614,0,0,0,8
115,3,moe,607,40,13757,7604,4224,9440,0,0,93,0,646,0,0,0,8
115,4,moe,674,44,10822,4246,2682,8054,0,0,86,0,540,0,0,0,8
115,5,moe,712,43,10596,4218,2481,8031,0,0,84,0,537,0,0,0,8
115,6,moe,666,41,11980,4674,2552,9338,0,0,90,0,647,0,0,0,8
115,7,moe,607,40,10674,4286,2543,8038,0,0,93,0,542,0,0,0,8
115,8,moe,670,42,10110,3610,2045,7975,0,0,90,0,550,0,0,0,8
115,9,moe,719,43,12829,6160,3201,9543,0,0,85,0,652,0,0,0,8
115,10,moe,665,41,10150,3592,2061,8006,0,0,83,0,537,0,0,0,8
115,11,moe,611,38,10496,4180,2439,7974,0,0,83,0,544,0,0,0,8
115,12,moe,671,43,12894,6604,3438,9366,0,0,90,0,652,0,0,0,8
115,13,moe,705,43,10426,3668,2336,8005,0,0,85,0,542,0,0,0,8
115,14,moe,671,42,11480,5699,3386,8011,0,0,83,0,541,0,0,0,8
115,15,moe,604,40,13652,8035,4149,9417,0,0,86,0,702,0,0,0,8
115,16,moe,671,42,11250,6021,3127,8029,0,0,94,0,538,0,0,0,8
115,17,moe,712,43,11501,5915,3334,8079,0,0,88,0,541,0,0,0,8
115,18,moe,667,43,14684,10211,5280,9314,0,0,90,0,821,0,0,0,8
115,19,moe,614,40,11685,6638,3510,8072,0,0,103,0,560,0,0,0,8
115,20,moe,699,48,11752,6419,3471,8181,0,0,100,0,581,0,0,0,8
115,21,moe,737,58,14122,8099,4458,9570,0,1,93,0,656,0,0,0,8
115,22,moe,721,59,9739,2761,1430,8210,0,0,99,0,579,0,0,0,8
115,23,moe,637,41,14032,8402,4468,9475,0,0,89,0,671,0,0,0,8
115,24,moe,735,43,14204,8867,4705,9407,0,0,92,0,673,0,0,0,8
115,25,moe,731,45,12387,4833,2823,9471,0,0,93,0,662,0,0,0,8
115,26,moe,622,39,12064,5070,2656,9318,0,0,90,0,686,0,0,0,8
115,-1,epi,0,0,0,0,0,0,0,0,4586,0,0,0,0,0,0
116,-2,pre,162,0,0,0,0,0,0,0,0,0,0,0,0,0,0
116,0,dense,1228,43,0,0,0,0,0,0,0,0,0,0,0,0,0
116,1,moe,751,223,15810,10623,6312,9405,0,0,93,0,719,0,0,0,8
116,2,moe,714,42,11493,3990,2113,9293,0,0,87,0,678,0,0,0,8
116,3,moe,628,44,12182,5291,2768,9314,0,0,100,0,661,0,0,0,8
116,4,moe,697,42,10433,3955,2207,8137,0,0,89,0,559,0,0,0,8
116,5,moe,740,43,10360,3433,2136,8130,0,0,94,0,578,0,0,0,8
116,6,moe,721,43,11694,3836,2350,9254,0,0,90,0,682,0,0,0,8
116,7,moe,686,49,10828,4018,2502,8236,0,0,90,0,557,0,0,0,8
116,8,moe,694,44,9623,2785,1447,8080,0,0,96,0,539,0,0,0,8
116,9,moe,735,46,13248,6369,3579,9572,0,0,97,0,660,0,0,0,8
116,10,moe,668,41,11036,5567,2844,8100,0,0,92,0,552,0,0,0,8
116,11,moe,600,41,11016,5370,2798,8121,0,0,97,0,549,0,0,0,8
116,12,moe,679,40,11142,3230,1661,9390,0,0,91,0,644,0,0,0,8
116,13,moe,748,45,10653,4660,2452,8100,0,0,101,0,545,0,0,0,8
116,14,moe,677,45,11512,5395,3190,8228,0,0,94,0,545,0,0,0,8
116,15,moe,641,38,12375,5449,2861,9413,0,0,101,0,648,0,0,0,8
116,16,moe,663,43,9590,2857,1465,8033,0,0,92,0,546,0,0,0,8
116,17,moe,711,43,10956,4310,2705,8126,0,0,125,0,544,0,0,0,8
116,18,moe,669,42,13128,5624,3411,9632,0,0,85,0,685,0,0,0,8
116,19,moe,624,41,10708,4216,2427,8186,0,1,94,0,557,0,0,0,8
116,20,moe,714,51,10383,3524,2166,8134,0,0,83,0,562,0,0,0,8
116,21,moe,720,49,13004,6452,3431,9475,0,0,98,0,658,0,0,0,8
116,22,moe,739,42,10569,3980,2294,8187,0,0,88,0,549,0,0,0,8
116,23,moe,615,40,12413,5180,2754,9572,0,0,87,0,661,0,0,0,8
116,24,moe,724,53,12231,4094,2576,9562,0,0,93,0,658,0,0,0,8
116,25,moe,726,42,12082,4809,2510,9481,0,0,91,0,694,0,0,0,8
116,26,moe,636,55,12819,6384,3500,9237,0,0,82,0,715,0,0,0,8
116,-1,epi,0,0,0,0,0,0,0,0,5382,0,0,0,0,0,0
117,-2,pre,52,0,0,0,0,0,0,0,0,0,0,0,0,0,0
117,0,dense,1320,46,0,0,0,0,0,0,0,0,0,0,0,0,0
117,1,moe,729,52,13744,6911,3914,9741,0,0,89,0,686,0,0,0,8
117,2,moe,732,41,12700,5835,2995,9620,0,0,85,0,672,0,0,0,8
117,3,moe,655,36,13920,8669,4408,9404,0,0,108,0,810,0,0,0,8
117,4,moe,684,47,11173,4967,2990,8084,0,0,99,0,565,0,0,0,8
117,5,moe,725,47,10442,4117,2257,8087,0,0,98,0,543,0,0,0,8
117,6,moe,732,51,12300,4503,2668,9538,0,0,94,0,676,0,0,0,8
117,7,moe,651,38,10433,4377,2301,8034,0,0,98,0,581,0,0,0,8
117,8,moe,701,43,10400,4175,2182,8067,0,0,151,0,555,0,0,0,8
117,9,moe,743,44,12660,5801,3229,9333,0,0,98,0,668,0,0,0,8
117,10,moe,693,41,11322,5514,3212,8023,0,0,87,0,558,0,0,0,8
117,11,moe,644,37,11754,6962,3654,8001,0,0,99,0,564,0,0,0,8
117,12,moe,697,42,12907,5948,3308,9507,0,0,92,0,683,0,0,0,8
117,13,moe,747,41,11756,6261,3649,8023,0,0,84,0,798,0,0,0,8
117,14,moe,719,38,12283,7569,3992,8185,0,0,106,0,567,0,0,0,8
117,15,moe,628,36,12051,5321,2756,9193,0,0,102,0,658,0,0,0,8
117,16,moe,701,39,11213,5831,3024,8093,0,0,96,0,549,0,0,0,8
117,17,moe,718,41,10610,4220,2445,8076,0,0,89,0,543,0,0,0,8
117,18,moe,704,37,13448,7151,3955,9401,0,0,92,0,654,0,0,0,8
117,19,moe,603,36,10782,5238,2706,7982,0,0,94,0,539,0,0,0,8
117,20,moe,673,36,11013,5697,2899,8022,0,0,92,0,540,0,0,0,8
117,21,moe,716,37,12115,4632,2666,9363,0,0,86,0,645,0,0,0,8
117,22,moe,710,38,10281,4044,2163,8023,0,0,95,0,536,0,0,0,8
117,23,moe,591,34,13215,6352,3746,9377,0,0,92,0,663,0,0,0,8
117,24,moe,728,38,13561,7961,4089,9385,0,0,87,0,644,0,0,0,8
117,25,moe,710,40,13278,6542,3878,9315,0,0,85,0,652,0,0,0,8
117,26,moe,599,36,14047,8607,4667,9289,0,0,91,0,649,0,0,0,8
117,-1,epi,0,0,0,0,0,0,0,0,4362,0,0,0,0,0,0
118,-2,pre,41,0,0,0,0,0,0,0,0,0,0,0,0,0,0
118,0,dense,1235,38,0,0,0,0,0,0,0,0,0,0,0,0,0
118,1,moe,722,36,13991,8053,4417,9487,0,0,87,0,648,0,0,0,8
118,2,moe,693,37,13023,7064,3631,9297,0,0,95,0,672,0,0,0,8
118,3,moe,614,38,12921,6730,3494,9339,0,0,88,0,646,0,0,0,8
118,4,moe,673,37,11196,5185,3104,7999,0,0,93,0,543,0,0,0,8
118,5,moe,733,38,12302,8101,4120,8095,0,0,87,0,542,0,0,0,8
118,6,moe,691,37,12555,5731,3113,9355,0,0,87,0,642,0,0,0,8
118,7,moe,608,33,11958,7031,3866,8006,0,0,86,0,544,0,0,0,8
118,8,moe,669,38,10713,4674,2565,8052,0,0,96,0,551,0,0,0,8
118,9,moe,709,36,11533,4030,2163,9282,0,0,88,0,642,0,0,0,8
118,10,moe,666,36,11323,6566,3467,7771,0,0,85,0,574,0,0,0,8
118,11,moe,617,33,10051,4192,2296,7672,0,0,83,0,575,0,0,0,8
118,12,moe,693,36,12139,4873,2805,9227,0,0,107,0,731,0,0,0,8
118,13,moe,729,39,10036,3491,1896,8030,0,0,110,0,674,0,0,0,8
118,14,moe,686,46,10273,3528,1958,8187,0,0,128,0,553,0,0,0,8
118,15,moe,664,38,13808,7463,3988,9699,0,0,121,0,646,0,0,0,8
118,16,moe,669,43,12898,8340,4322,8462,0,0,114,0,526,0,0,0,8
118,17,moe,698,56,11768,6472,3323,8347,0,0,98,0,528,0,0,0,8
118,18,moe,661,40,12708,5520,2884,9718,0,0,106,0,665,0,0,0,8
118,19,moe,620,36,11694,6317,3507,8091,0,0,96,0,550,0,0,0,8
118,20,moe,707,36,10625,5067,2576,7957,0,0,92,0,557,0,0,0,8
118,21,moe,732,39,12433,4631,2910,9429,0,0,94,0,685,0,0,0,8
118,22,moe,739,44,10493,4059,2402,8003,0,0,88,0,547,0,0,0,8
118,23,moe,614,34,12191,4588,2658,9437,0,0,96,0,702,0,0,0,8
118,24,moe,749,39,12589,5712,2976,9516,0,0,97,0,662,0,0,0,8
118,25,moe,750,43,11646,3894,2066,9491,0,0,89,0,677,0,0,0,8
118,26,moe,659,34,11537,3933,2043,9405,0,0,89,0,686,0,0,0,8
118,-1,epi,0,0,0,0,0,0,0,0,4567,0,0,0,0,0,0
119,-2,pre,82,0,0,0,0,0,0,0,0,0,0,0,0,0,0
119,0,dense,1246,44,0,0,0,0,0,0,0,0,0,0,0,0,0
119,1,moe,683,40,13699,7253,3716,9888,0,0,95,0,684,0,0,0,8
119,2,moe,701,40,12664,5332,3109,9460,0,0,95,0,651,0,0,0,8
119,3,moe,634,40,12231,4677,2694,9445,0,0,92,0,656,0,0,0,8
119,4,moe,680,46,10740,4197,2620,8029,0,0,91,0,535,0,0,0,8
119,5,moe,713,41,9568,2786,1439,8037,0,0,92,0,535,0,0,0,8
119,6,moe,744,55,12166,4102,2652,9356,0,0,158,0,646,0,0,0,8
119,7,moe,602,54,9596,2780,1434,8025,0,0,137,0,540,0,0,0,8
119,8,moe,675,49,10711,4734,2474,8105,0,0,132,0,541,0,0,0,8
119,9,moe,716,60,12348,5136,2836,9380,0,0,132,0,642,0,0,0,8
119,10,moe,671,54,11233,5675,3002,8099,0,0,132,0,567,0,0,0,8
119,11,moe,602,49,12287,7336,3817,8342,0,1,127,0,557,0,0,0,8
119,12,moe,705,54,12263,5333,2795,9344,0,0,124,0,822,0,0,0,8
119,13,moe,751,50,10619,3902,2029,8315,0,1,274,0,659,0,0,0,8
119,14,moe,759,942,15221,6769,3669,8445,0,0,3107,0,665,0,0,0,8
119,15,moe,699,52,13307,5673,3286,9900,0,0,121,0,648,0,0,0,8
119,16,moe,672,50,10099,2894,1500,8476,0,1,122,0,528,0,0,0,8
119,17,moe,733,44,11451,5197,2882,8451,0,0,118,0,540,0,0,0,8
119,18,moe,667,43,12821,5008,2855,9853,0,0,113,0,636,0,0,0,8
119,19,moe,618,40,9877,3377,1817,7953,0,0,107,0,535,0,0,0,8
119,20,moe,679,39,10279,3528,1929,8248,0,0,102,0,536,0,0,0,8
119,21,moe,705,43,11192,3176,1634,9449,0,0,109,0,640,0,0,0,8
119,22,moe,711,41,9509,2724,1402,7991,0,0,116,0,529,0,0,0,8
119,23,moe,596,40,11099,3243,1658,9331,0,0,110,0,639,0,0,0,8
119,24,moe,708,42,11319,3506,1863,9348,0,0,108,0,635,0,0,0,8
119,25,moe,707,38,11883,3997,2497,9285,0,0,101,0,637,0,0,0,8
119,26,moe,612,38,12432,5874,3013,9310,0,0,109,0,635,0,0,0,8
119,-1,epi,0,0,0,0,0,0,0,0,4593,0,0,0,0,0,0
120,-2,pre,60,0,0,0,0,0,0,0,0,0,0,0,0,0,0
120,0,dense,1204,49,0,0,0,0,0,0,0,0,0,0,0,0,0
120,1,moe,745,48,11855,4077,2185,9540,0,0,130,0,709,0,0,0,8
120,2,moe,662,54,13667,6463,3786,9764,0,0,117,0,619,0,0,0,8
120,3,moe,604,44,13637,7127,3858,9660,0,0,119,0,626,0,0,0,8
120,4,moe,670,44,10335,3489,1875,8341,0,0,119,0,528,0,0,0,8
120,5,moe,689,44,10577,4265,2224,8248,0,0,105,0,544,0,0,0,8
120,6,moe,669,42,12382,5939,3023,9258,0,0,101,0,645,0,0,0,8
120,7,moe,597,38,10739,4991,2588,8047,0,0,104,0,541,0,0,0,8
120,8,moe,673,46,11637,6044,3159,8358,0,0,120,0,550,0,0,0,8
120,9,moe,714,43,11484,3412,1882,9491,0,0,111,0,670,0,0,0,8
120,10,moe,670,44,10056,3533,1971,7971,0,0,114,0,551,0,0,0,8
120,11,moe,610,41,10688,4928,2552,8034,0,0,102,0,548,0,0,0,8
120,12,moe,683,43,11608,3915,2079,9415,0,0,114,0,664,0,0,0,8
120,13,moe,746,47,10096,3478,1886,8104,0,0,106,0,545,0,0,0,8
120,14,moe,674,44,9721,2835,1460,8145,0,0,116,0,542,0,0,0,8
120,15,moe,610,41,12518,5434,2838,9578,0,0,102,0,665,0,0,0,8
120,16,moe,679,44,10209,3538,1956,8142,0,0,111,0,559,0,0,0,8
120,17,moe,736,45,10026,3491,1858,8067,0,0,101,0,536,0,0,0,8
120,18,moe,671,42,13598,7160,3953,9537,0,0,108,0,653,0,0,0,8
120,19,moe,602,40,10891,5139,2645,8139,0,0,107,0,543,0,0,0,8
120,20,moe,666,42,10182,3534,1909,8166,0,0,107,0,540,0,0,0,8
120,21,moe,709,44,11220,3225,1660,9452,0,0,108,0,655,0,0,0,8
120,22,moe,740,47,11700,5936,3423,8164,0,0,113,0,549,0,0,0,8
120,23,moe,607,53,13023,6153,3477,9443,0,0,103,0,678,0,0,0,8
120,24,moe,721,45,11753,3996,2169,9482,0,0,102,0,643,0,0,0,8
120,25,moe,711,51,12378,4727,2740,9534,0,0,104,0,644,0,0,0,8
120,26,moe,623,40,11280,3260,1672,9478,0,0,130,0,657,0,0,0,8
120,-1,epi,0,0,0,0,0,0,0,0,4412,0,0,0,0,0,0
121,-2,pre,144,0,0,0,0,0,0,0,0,0,0,0,0,0,0
121,0,dense,1226,39,0,0,0,0,0,0,0,0,0,0,0,0,0
121,1,moe,738,46,13457,5973,3579,9769,0,0,109,0,678,0,0,0,8
121,2,moe,674,43,12258,4700,2927,9232,0,0,99,0,666,0,0,0,8
121,3,moe,599,40,12947,6787,3540,9303,0,0,104,0,648,0,0,0,8
121,4,moe,669,43,10086,3499,1878,8102,0,0,106,0,542,0,0,0,8
121,5,moe,726,44,10443,3620,2291,8046,0,0,106,0,547,0,0,0,8
121,6,moe,664,42,12784,5820,3291,9394,0,0,99,0,645,0,0,0,8
121,7,moe,605,39,10479,4154,2249,8129,0,0,101,0,538,0,0,0,8
121,8,moe,670,42,10279,4158,2172,8005,0,0,102,0,564,0,0,0,8
121,9,moe,717,42,12026,4714,2510,9407,0,0,109,0,642,0,0,0,8
121,10,moe,670,40,10731,4265,2643,7986,0,0,102,0,540,0,0,0,8
121,11,moe,603,38,10804,4612,2571,8134,0,0,99,0,541,0,0,0,8
121,12,moe,671,42,13050,6956,3559,9387,0,0,104,0,646,0,0,0,8
121,13,moe,715,43,10824,4224,2624,8092,0,0,108,0,540,0,0,0,8
121,14,moe,669,44,11585,6222,3345,8122,0,0,118,0,681,0,0,0,8
121,15,moe,612,48,12188,4108,2605,9469,0,0,114,0,666,0,0,0,8
121,16,moe,670,44,9998,3182,1839,8048,0,0,111,0,545,0,0,0,8
121,17,moe,719,43,10500,3734,2433,7953,0,0,114,0,545,0,0,0,8
121,18,moe,670,43,12890,6425,3340,9445,0,0,105,0,645,0,0,0,8
121,19,moe,609,41,11676,6338,3533,8038,0,0,105,0,548,0,0,0,8
121,20,moe,669,41,10205,3778,2074,8029,0,0,102,0,537,0,0,0,8
121,21,moe,715,44,12679,6011,3069,9499,0,0,111,0,642,0,0,0,8
121,22,moe,715,43,10526,4154,2446,7978,0,1,101,0,542,0,0,0,8
121,23,moe,600,41,11683,3952,2180,9401,0,0,102,0,644,0,0,0,8
121,24,moe,708,42,12325,5685,2913,9305,0,0,107,0,647,0,0,0,8
121,25,moe,716,43,12548,5848,3069,9374,0,1,104,0,688,0,0,0,8
121,26,moe,622,38,10867,3244,1673,9090,0,0,104,0,643,0,0,0,8
121,-1,epi,0,0,0,0,0,0,0,0,4371,0,0,0,0,0,0
122,-2,pre,54,0,0,0,0,0,0,0,0,0,0,0,0,0,0
122,0,dense,1254,42,0,0,0,0,0,0,0,0,0,0,0,0,0
122,1,moe,719,41,11699,4064,2127,9465,0,0,107,0,647,0,0,0,8
122,2,moe,670,44,12154,4075,2601,9448,0,0,105,0,650,0,0,0,8
122,3,moe,611,210,17468,13540,7900,9455,0,0,113,0,645,0,0,0,8
122,4,moe,670,43,11913,7118,3702,8105,0,0,106,0,540,0,0,0,8
122,5,moe,727,45,10522,3685,2365,8050,0,1,106,0,535,0,0,0,8
122,6,moe,671,43,11207,3221,1679,9423,0,0,105,0,643,0,0,0,8
122,7,moe,611,42,11817,5837,3672,8040,0,0,105,0,556,0,0,0,8
122,8,moe,667,52,9608,2801,1443,8051,0,0,114,0,535,0,0,0,8
122,9,moe,711,43,11909,4102,2584,9219,0,0,106,0,684,0,0,0,8
122,10,moe,697,42,10525,5014,2630,7796,0,0,99,0,574,0,0,0,8
122,11,moe,623,40,9692,3497,1873,7716,0,0,103,0,573,0,0,0,8
122,12,moe,703,43,10904,3270,1668,9135,0,0,101,0,635,0,0,0,8
122,13,moe,706,41,10120,3572,2023,7995,0,0,102,0,531,0,0,0,8
122,14,moe,664,41,9449,2803,1447,7897,0,0,105,0,570,0,0,0,8
122,15,moe,623,38,10693,3178,1631,8959,0,0,103,0,699,0,0,0,8
122,16,moe,692,39,9451,2824,1453,7894,0,0,104,0,535,0,0,0,8
122,17,moe,711,42,11295,6297,3213,7982,0,0,100,0,565,0,0,0,8
122,18,moe,694,40,10698,3213,1647,8947,0,0,104,0,687,0,0,0,8
122,19,moe,614,38,9646,3523,1861,7684,0,0,101,0,530,0,0,0,8
122,20,moe,671,44,11473,5742,3373,8004,0,0,96,0,533,0,0,0,8
122,21,moe,703,40,11758,4000,2516,9145,0,0,97,0,643,0,0,0,8
122,22,moe,708,41,10270,5027,2575,7603,0,0,92,0,588,0,0,0,8
122,23,moe,626,35,11756,4089,2610,9045,0,0,101,0,632,0,0,0,8
122,24,moe,704,41,11130,3978,2102,8928,0,0,100,0,677,0,0,0,8
122,25,moe,760,40,12108,5936,3162,8848,0,0,98,0,684,0,0,0,8
122,26,moe,621,36,12615,6389,3287,9225,0,0,103,0,642,0,0,0,8
122,-1,epi,0,0,0,0,0,0,0,0,4390,0,0,0,0,0,0
123,-2,pre,204,0,0,0,0,0,0,0,0,0,0,0,0,0,0
123,0,dense,1231,42,0,0,0,0,0,0,0,0,0,0,0,0,0
123,1,moe,713,43,12255,4786,2761,9384,0,0,110,0,788,0,0,0,8
123,2,moe,676,45,13158,6329,3518,9522,0,1,117,0,651,0,0,0,8
123,3,moe,646,41,11963,4689,2623,9236,0,0,104,0,647,0,0,0,8
123,4,moe,666,42,10634,4194,2583,7952,0,1,98,0,541,0,0,0,8
123,5,moe,709,44,10572,4650,2384,8068,0,0,120,0,549,0,0,0,8
123,6,moe,663,55,11433,3975,2126,9204,0,0,103,0,646,0,0,0,8
123,7,moe,597,33,11434,5991,3412,7918,0,0,104,0,547,0,0,0,8
123,8,moe,668,40,9910,3531,1873,7929,0,0,108,0,539,0,0,0,8
123,9,moe,715,37,10958,3220,1657,9190,0,0,111,0,654,0,0,0,8
123,10,moe,670,36,9492,2766,1430,7957,0,0,105,0,542,0,0,0,8
123,11,moe,605,32,11948,7506,3817,8031,0,0,100,0,563,0,0,0,8
123,12,moe,666,37,11668,3990,2193,9369,0,0,106,0,645,0,0,0,8
123,13,moe,705,38,11541,5835,3395,8034,0,0,112,0,548,0,0,0,8
123,14,moe,669,39,10508,3644,2348,8051,0,0,109,0,545,0,0,0,8
123,15,moe,612,37,11299,3222,1645,9548,0,0,106,0,688,0,0,0,8
123,16,moe,713,38,10670,3632,2289,8284,0,0,97,0,562,0,0,0,8
123,17,moe,759,38,10445,3603,2276,8066,0,0,103,0,556,0,0,0,8
123,18,moe,691,45,12249,5083,2852,9297,0,0,100,0,643,0,0,0,8
123,19,moe,604,33,10400,3583,2328,7975,0,0,97,0,547,0,0,0,8
123,20,moe,661,32,10071,3653,2333,7642,0,0,96,0,572,0,0,0,8
123,21,moe,767,39,11234,3151,1633,9502,0,0,99,0,692,0,0,0,8
123,22,moe,747,38,10854,5228,2673,8077,0,0,104,0,582,0,0,0,8
123,23,moe,636,34,11584,3948,2439,9048,0,0,97,0,699,0,0,0,8
123,24,moe,771,39,11532,3892,2071,9359,0,0,102,0,693,0,0,0,8
123,25,moe,762,37,12860,5848,3458,9293,0,0,109,0,640,0,0,0,8
123,26,moe,603,33,11111,3281,1681,9318,0,0,112,0,694,0,0,0,8
123,-1,epi,0,0,0,0,0,0,0,0,5340,0,0,0,0,0,0
124,-2,pre,73,0,0,0,0,0,0,0,0,0,0,0,0,0,0
124,0,dense,1303,33,0,0,0,0,0,0,0,0,0,0,0,0,0
124,1,moe,742,37,11848,3977,2165,9576,0,0,107,0,653,0,0,0,8
124,2,moe,675,36,13084,6860,3563,9410,0,0,111,0,644,0,0,0,8
124,3,moe,603,32,13316,7436,3988,9230,0,0,98,0,641,0,0,0,8
124,4,moe,659,36,10102,3485,1862,8137,0,0,103,0,544,0,0,0,8
124,5,moe,714,37,10415,3542,2227,8086,0,0,102,0,547,0,0,0,8
124,6,moe,668,36,12240,4596,2645,9488,0,0,107,0,645,0,0,0,8
124,7,moe,605,33,10608,3836,2422,8085,0,0,101,0,546,0,0,0,8
124,8,moe,671,35,11038,5603,2871,8066,0,0,101,0,535,0,0,0,8
124,9,moe,709,36,12274,5690,3000,9172,0,0,102,0,641,0,0,0,8
124,10,moe,666,37,10362,3656,2337,7916,0,0,109,0,539,0,0,0,8
124,11,moe,598,36,10367,3662,2349,7918,0,0,100,0,577,0,0,0,8
124,12,moe,701,37,11440,4007,2120,9224,0,0,96,0,644,0,0,0,8
124,13,moe,713,38,11515,5967,3498,7919,0,0,98,0,568,0,0,0,8
124,14,moe,691,33,9905,4090,2178,7632,0,0,95,0,535,0,0,0,8
124,15,moe,594,31,12334,4848,3019,9218,0,0,97,0,810,0,0,0,8
124,16,moe,673,46,10725,4265,2395,8206,0,0,124,0,544,0,0,0,8
124,17,moe,719,41,11217,5762,2996,8114,0,0,107,0,542,0,0,0,8
124,18,moe,673,40,12335,5777,3010,9216,0,0,109,0,646,0,0,0,8
124,19,moe,597,36,11178,5858,3061,8017,0,0,100,0,541,0,0,0,8
124,20,moe,671,40,10811,5068,2627,8077,0,0,107,0,542,0,0,0,8
124,21,moe,709,43,11561,3940,2097,9341,0,0,123,0,657,0,0,0,8
124,22,moe,711,40,10763,4215,2690,7953,0,0,120,0,544,0,0,0,8
124,23,moe,608,36,13389,6722,3868,9409,0,0,112,0,665,0,0,0,8
124,24,moe,738,44,12131,4855,2522,9495,0,0,114,0,688,0,0,0,8
124,25,moe,757,44,12397,4748,2976,9301,0,0,120,0,644,0,0,0,8
124,26,moe,610,37,12522,4815,2977,9429,0,0,116,0,647,0,0,0,8
124,-1,epi,0,0,0,0,0,0,0,0,4373,0,0,0,0,0,0
125,-2,pre,72,0,0,0,0,0,0,0,0,0,0,0,0,0,0
125,0,dense,1232,44,0,0,0,0,0,0,0,0,0,0,0,0,0
125,1,moe,722,40,13601,7118,3854,9635,0,0,112,0,657,0,0,0,8
125,2,moe,675,42,11910,4490,2491,9314,0,0,105,0,648,0,0,0,8
125,3,moe,598,41,12263,4938,2634,9518,0,0,111,0,646,0,0,0,8
125,4,moe,670,42,10876,4270,2706,8062,0,1,107,0,553,0,0,0,8
125,5,moe,744,41,9885,3402,1883,7899,0,0,103,0,547,0,0,0,8
125,6,moe,674,40,10787,3037,1566,9117,0,0,104,0,642,0,0,0,8
125,7,moe,604,39,9296,2719,1403,7790,0,0,103,0,533,0,0,0,8
125,8,moe,667,41,10853,5165,2761,7987,0,0,105,0,546,0,0,0,8
125,9,moe,730,43,12078,4191,2686,9288,0,0,104,0,650,0,0,0,8
125,10,moe,672,44,10201,3581,2028,8071,0,0,102,0,536,0,0,0,8
125,11,moe,606,41,10036,3576,1893,8041,0,0,102,0,538,0,0,0,8
125,12,moe,667,41,12135,4152,2669,9356,0,0,110,0,648,0,0,0,8
125,13,moe,713,43,10474,3664,2336,8038,0,1,99,0,543,0,0,0,8
125,14,moe,667,43,10561,4267,2657,7808,0,0,96,0,574,0,0,0,8
125,15,moe,610,37,10991,3231,1655,9225,0,0,111,0,645,0,0,0,8
125,16,moe,671,46,9743,3440,1848,7790,0,0,105,0,569,0,0,0,8
125,17,moe,762,40,9032,2778,1428,7509,0,0,95,0,565,0,0,0,8
125,18,moe,671,39,11869,4168,2674,9099,0,0,96,0,648,0,0,0,8
125,19,moe,608,39,10367,3568,2270,7999,0,0,98,0,547,0,0,0,8
125,20,moe,700,42,9268,2820,1457,7704,0,0,107,0,575,0,0,0,8
125,21,moe,729,43,11515,3935,2091,9320,0,0,104,0,648,0,0,0,8
125,22,moe,715,44,10423,4156,2303,8021,0,0,99,0,537,0,0,0,8
125,23,moe,610,42,11620,4065,2521,9003,0,0,96,0,689,0,0,0,8
125,24,moe,758,41,11677,4656,2588,8987,0,0,102,0,684,0,0,0,8
125,25,moe,757,41,12010,4121,2602,9308,0,0,100,0,644,0,0,0,8
125,26,moe,610,40,10655,3197,1634,8919,0,0,102,0,685,0,0,0,8
125,-1,epi,0,0,0,0,0,0,0,0,5269,0,0,0,0,0,0
126,-2,pre,192,0,0,0,0,0,0,0,0,0,0,0,0,0,0
126,0,dense,1236,38,0,0,0,0,0,0,0,0,0,0,0,0,0
126,1,moe,718,42,13196,7181,3679,9416,0,0,101,0,645,0,0,0,8
126,2,moe,669,42,12341,4679,2748,9489,0,0,104,0,770,0,0,0,8
126,3,moe,611,41,12721,6015,3221,9385,0,0,115,0,652,0,0,0,8
126,4,moe,675,42,11450,5812,3363,7983,0,0,104,0,534,0,0,0,8
126,5,moe,709,42,10903,4308,2664,8135,0,0,104,0,542,0,0,0,8
126,6,moe,668,44,11570,3818,2022,9432,0,0,116,0,655,0,0,0,8
126,7,moe,606,40,10067,3493,1858,8106,0,0,103,0,538,0,0,0,8
126,8,moe,669,43,10354,4188,2367,7893,0,0,94,0,546,0,0,0,8
126,9,moe,706,40,10963,3190,1630,9228,0,0,105,0,649,0,0,0,8
126,10,moe,672,39,10308,4153,2285,7917,0,0,106,0,548,0,0,0,8
126,11,moe,606,40,11208,5707,3100,8007,0,0,101,0,538,0,0,0,8
126,12,moe,666,42,12183,4148,2643,9433,0,0,107,0,641,0,0,0,8
126,13,moe,719,44,10099,3552,1889,8104,0,0,106,0,537,0,0,0,8
126,14,moe,678,41,11251,5645,2893,8251,0,0,107,0,541,0,0,0,8
126,15,moe,600,38,13708,7714,4204,9404,0,0,100,0,641,0,0,0,8
126,16,moe,665,43,10582,4211,2435,8043,0,0,104,0,537,0,0,0,8
126,17,moe,704,44,12008,6849,3729,8170,0,0,109,0,542,0,0,0,8
126,18,moe,679,43,13845,7260,4227,9515,0,0,103,0,649,0,0,0,8
126,19,moe,1150,41,11777,6485,3615,8058,0,0,104,0,541,0,0,0,8
126,20,moe,677,40,11296,6211,3196,7995,0,0,105,0,538,0,0,0,8
126,21,moe,715,49,13330,6822,3860,9359,0,0,111,0,647,0,0,0,8
126,22,moe,724,45,11165,4789,2905,8160,0,0,100,0,540,0,0,0,8
126,23,moe,601,37,13070,7536,4049,8930,0,0,91,0,685,0,0,0,8
126,24,moe,757,40,13076,6925,3553,9420,0,0,103,0,638,0,0,0,8
126,25,moe,705,41,11920,5088,2633,9186,0,0,101,0,687,0,0,0,8
126,26,moe,628,38,14406,9555,5027,9284,0,0,95,0,643,0,0,0,8
126,-1,epi,0,0,0,0,0,0,0,0,4372,0,0,0,0,0,0
127,-2,pre,217,0,0,0,0,0,0,0,0,0,0,0,0,0,0
127,0,dense,1231,46,0,0,0,0,0,0,0,0,0,0,0,0,0
127,1,moe,729,44,14927,9725,5372,9452,0,0,103,0,645,0,0,0,8
127,2,moe,677,41,13579,7607,4249,9231,0,0,99,0,646,0,0,0,8
127,3,moe,595,37,11499,3963,2212,9184,0,0,103,0,647,0,0,0,8
127,4,moe,677,41,12326,8065,4258,7968,0,1,99,0,547,0,0,0,8
127,5,moe,711,43,9444,2773,1435,7909,0,1,99,0,539,0,0,0,8
127,6,moe,686,43,10873,3077,1582,9188,0,0,103,0,648,0,0,0,8
127,7,moe,603,39,10647,4951,2593,7950,0,0,104,0,542,0,0,0,8
127,8,moe,679,40,9909,3483,1959,7852,0,0,98,0,550,0,0,0,8
127,9,moe,717,41,11438,3910,2169,9172,0,0,97,0,646,0,0,0,8
127,10,moe,678,42,10389,4626,2435,7850,0,0,104,0,571,0,0,0,8
127,11,moe,621,40,9294,2763,1437,7751,0,0,106,0,550,0,0,0,8
127,12,moe,680,41,11972,4159,2675,9199,0,0,98,0,687,0,0,0,8
127,13,moe,766,41,9724,3528,1896,7731,0,0,97,0,559,0,0,0,8
127,14,moe,670,43,10261,4157,2282,7882,0,0,97,0,538,0,0,0,8
127,15,moe,578,37,11342,3967,2095,9144,0,0,103,0,654,0,0,0,8
127,16,moe,676,42,10219,3572,2009,8086,0,0,124,0,588,0,0,0,8
127,17,moe,729,46,10151,3550,1928,8105,0,0,118,0,553,0,0,0,8
127,18,moe,693,45,12898,6455,3374,9419,0,0,105,0,651,0,0,0,8
127,19,moe,617,45,10814,4592,2685,8021,0,0,108,0,545,0,0,0,8
127,20,moe,685,40,11001,5771,2938,7965,0,0,98,0,541,0,0,0,8
127,21,moe,714,43,11681,3992,2234,9341,0,0,106,0,650,0,0,0,8
127,22,moe,711,40,10389,4046,2301,7985,0,0,103,0,547,0,0,0,8
127,23,moe,606,40,12999,5928,3495,9400,0,0,104,0,690,0,0,0,8
127,24,moe,780,84,12809,6691,3542,9166,0,0,101,0,643,0,0,0,8
127,25,moe,709,44,13312,7221,4110,9101,0,0,101,0,694,0,0,0,8
127,26,moe,625,38,15225,10797,5741,9377,0,0,107,0,703,0,0,0,8
127,-1,epi,0,0,0,0,0,0,0,0,5276,0,0,0,0,0,0
128,-2,pre,1198,0,0,0,0,0,0,0,0,0,0,0,0,0,0
128,0,dense,1327,43,0,0,0,0,0,0,0,0,0,0,0,0,0
128,1,moe,770,43,13234,7164,3697,9427,0,0,110,0,644,0,0,0,8
128,2,moe,672,42,11846,4510,2454,9292,0,0,100,0,648,0,0,0,8
128,3,moe,608,41,11992,4080,2568,9319,0,0,105,0,652,0,0,0,8
128,4,moe,672,44,10892,5280,2760,8029,0,1,102,0,542,0,0,0,8
128,5,moe,729,41,10089,3477,1973,8010,0,1,105,0,537,0,0,0,8
128,6,moe,662,38,11590,3843,2166,9323,0,0,101,0,654,0,0,0,8
128,7,moe,607,41,10445,3686,2386,7963,0,0,96,0,540,0,0,0,8
128,8,moe,670,40,10572,4599,2592,7884,0,0,96,0,535,0,0,0,8
128,9,moe,714,41,12975,6387,3589,9285,0,0,101,0,640,0,0,0,8
128,10,moe,662,42,10510,3659,2363,8041,0,0,106,0,538,0,0,0,8
128,11,moe,606,38,10505,4561,2586,7824,0,0,95,0,567,0,0,0,8
128,12,moe,720,40,10789,3227,1654,9031,0,0,104,0,646,0,0,0,8
128,13,moe,719,44,9996,3588,2036,7858,0,0,102,0,538,0,0,0,8
128,14,moe,673,40,9758,3474,1843,7821,0,0,94,0,534,0,0,0,8
128,15,moe,603,36,12713,5995,3327,9288,0,0,98,0,646,0,0,0,8
128,16,moe,671,42,10549,5291,2754,7701,0,0,94,0,577,0,0,0,8
128,17,moe,756,38,10709,4834,2501,8108,0,0,100,0,541,0,0,0,8
128,18,moe,711,42,11149,3958,2085,8967,0,0,97,0,687,0,0,0,8
128,19,moe,623,37,10220,4227,2202,7916,0,0,102,0,545,0,0,0,8
128,20,moe,689,47,10245,3604,2272,7880,0,0,93,0,543,0,0,0,8
128,21,moe,713,44,10885,3155,1626,9150,0,0,109,0,695,0,0,0,8
128,22,moe,761,42,10703,5568,2885,7721,0,0,97,0,571,0,0,0,8
128,23,moe,634,40,11429,4012,2225,9110,0,0,94,0,641,0,0,0,8
128,24,moe,715,43,11406,3983,2132,9178,0,0,96,0,690,0,0,0,8
128,25,moe,758,40,10953,3887,2054,8801,0,0,98,0,690,0,0,0,8
128,26,moe,628,39,12053,5725,2916,9039,0,0,98,0,644,0,0,0,8
128,-1,epi,0,0,0,0,0,0,0,0,4405,0,0,0,0,0,0
129,-2,pre,220,0,0,0,0,0,0,0,0,0,0,0,0,0,0
129,0,dense,1233,50,0,0,0,0,0,0,0,0,0,0,0,0,0
129,1,moe,724,39,11224,3181,1630,9488,0,0,106,0,650,0,0,0,8
129,2,moe,686,37,12062,4109,2619,9331,0,0,112,0,844,0,0,0,8
129,3,moe,621,43,11292,3305,1704,9458,0,0,130,0,662,0,0,0,8
129,4,moe,677,42,10574,3694,2402,8058,0,0,114,0,545,0,0,0,8
129,5,moe,738,39,10422,3623,2323,7994,0,0,105,0,546,0,0,0,8
129,6,moe,685,44,11581,3860,2083,9397,0,0,101,0,648,0,0,0,8
129,7,moe,601,32,10188,4076,2180,7904,0,0,104,0,542,0,0,0,8
129,8,moe,686,34,14404,5405,2777,11516,0,0,111,0,546,0,0,0,8
129,9,moe,740,42,15169,5903,3025,12036,0,0,108,0,646,0,0,0,8
129,10,moe,679,40,11788,3497,1886,9794,0,0,108,0,535,0,0,0,8
129,11,moe,604,35,12307,4507,2566,9640,0,0,101,0,535,0,0,0,8
129,12,moe,670,37,16187,6326,3279,12804,0,0,104,0,684,0,0,0,8
129,13,moe,765,35,10399,5334,2726,7582,0,0,91,0,573,0,0,0,8
129,14,moe,709,33,9114,2766,1426,7584,0,0,104,0,572,0,0,0,8
129,15,moe,631,34,11991,5168,2656,9231,0,0,104,0,643,0,0,0,8
129,16,moe,663,34,9203,2787,1440,7659,0,0,104,0,573,0,0,0,8
129,17,moe,778,36,9335,2806,1448,7780,0,0,107,0,537,0,0,0,8
129,18,moe,684,37,15078,6354,3250,11727,0,0,101,0,686,0,0,0,8
129,19,moe,619,33,11975,4493,2636,9250,0,0,89,0,587,0,0,0,8
129,20,moe,693,36,10226,4158,2381,7750,0,0,95,0,573,0,0,0,8
129,21,moe,770,37,11895,4804,2465,9332,0,0,98,0,645,0,0,0,8
129,22,moe,716,38,12601,5139,2668,9829,0,0,104,0,533,0,0,0,8
129,23,moe,609,35,13790,4002,2135,11557,0,0,98,0,687,0,0,0,8
129,24,moe,759,35,12158,6131,3229,8832,0,0,97,0,690,0,0,0,8
129,25,moe,754,33,11627,4066,2592,8935,0,0,100,0,691,0,0,0,8
129,26,moe,622,34,14846,5638,3141,11601,0,0,104,0,686,0,0,0,8
129,-1,epi,0,0,0,0,0,0,0,0,5264,0,0,0,0,0,0
130,-2,pre,42,0,0,0,0,0,0,0,0,0,0,0,0,0,0
130,0,dense,1368,36,0,0,0,0,0,0,0,0,0,0,0,0,0
130,1,moe,777,47,15112,3917,2088,12924,0,0,100,0,649,0,0,0,8
130,2,moe,687,35,12416,5729,3064,9250,0,0,102,0,658,0,0,0,8
130,3,moe,604,34,12561,4919,3111,9349,0,0,101,0,643,0,0,0,8
130,4,moe,674,37,10488,3676,2373,8011,0,0,104,0,541,0,0,0,8
130,5,moe,715,35,10890,4285,2701,8090,0,1,98,0,545,0,0,0,8
130,6,moe,666,37,11934,4017,2527,9304,0,0,103,0,645,0,0,0,8
130,7,moe,609,39,12151,3562,2293,9759,0,0,99,0,570,0,0,0,8
130,8,moe,701,35,13102,3535,1868,11124,0,0,110,0,577,0,0,0,8
130,9,moe,762,36,11243,3969,2159,8985,0,0,99,0,693,0,0,0,8
130,10,moe,704,36,10518,4341,2736,7685,0,0,97,0,580,0,0,0,8
130,11,moe,619,31,9574,3459,1853,7630,0,0,91,0,575,0,0,0,8
130,12,moe,719,36,15002,6963,3848,11052,0,0,102,0,690,0,0,0,8
130,13,moe,769,38,11462,3517,1893,9471,0,0,98,0,576,0,0,0,8
130,14,moe,705,35,10595,5111,2682,7809,0,0,104,0,691,0,0,0,8
130,15,moe,620,42,12439,4871,2979,9354,0,0,106,0,663,0,0,0,8
130,16,moe,675,40,10645,4288,2485,8053,0,0,107,0,548,0,0,0,8
130,17,moe,721,37,9935,3516,1901,7931,0,0,103,0,543,0,0,0,8
130,18,moe,674,37,13995,5543,2896,10996,0,0,103,0,643,0,0,0,8
130,19,moe,614,33,11853,6990,3755,7997,0,0,101,0,537,0,0,0,8
130,20,moe,665,37,14709,5646,3098,11504,0,1,106,0,572,0,0,0,8
130,21,moe,754,36,13856,5561,2910,10847,0,0,99,0,645,0,0,0,8
130,22,moe,714,40,12079,4557,2354,9615,0,0,110,0,573,0,0,0,8
130,23,moe,627,35,11654,4669,2478,9077,0,0,99,0,704,0,0,0,8
130,24,moe,776,37,12304,5882,3108,9092,0,0,104,0,646,0,0,0,8
130,25,moe,711,39,13135,6922,3892,9142,0,0,101,0,689,0,0,0,8
130,26,moe,622,32,12370,5959,3086,9189,0,0,95,0,646,0,0,0,8
130,-1,epi,0,0,0,0,0,0,0,0,4378,0,0,0,0,0,0
