step,il,kind,route_us,readback_us,load_wall_us,pread_us,pread_wall_us,repack_us,placement_us,sync_us,load_other_us,load_hidden_us,compute_us,lookups,hits,misses,n_slots
0,-2,pre,423,0,0,0,0,0,0,0,0,0,0,0,0,0,0
0,0,dense,4279,137,0,0,0,0,0,0,0,0,0,0,0,0,0
0,1,moe,5511,130,37534,68250,18442,18752,0,1,339,0,1293,0,0,0,16
0,2,moe,3799,59,24768,48964,15962,15484,5499,0,0,12177,1477,16,0,16,16
0,3,moe,10865,51,23482,57033,15674,14251,5338,1,0,11782,1281,15,0,15,15
0,4,moe,6669,54,21696,50917,16085,12948,4514,1,0,11852,1137,16,0,16,16
0,5,moe,4157,65,23814,52919,18157,12634,4603,1,0,11581,1093,16,0,16,16
0,6,moe,4495,68,26257,68607,17760,14831,5745,0,0,12079,1292,16,0,16,16
0,7,moe,12578,47,21799,58036,16367,12229,4478,0,0,11275,1100,15,0,15,15
0,8,moe,8589,54,23538,53093,17909,12893,4532,0,0,11796,1091,16,0,16,16
0,9,moe,8022,54,23609,53195,15552,14234,5039,1,0,11217,1340,15,0,15,15
0,10,moe,6848,55,23027,60687,17331,13046,4653,1,0,12004,1109,16,0,16,16
0,11,moe,11772,52,20149,46650,14969,12244,4401,0,0,11465,1114,15,0,15,15
0,12,moe,7302,56,28000,70996,19708,15264,5349,1,0,12322,1304,16,0,16,16
0,13,moe,5809,56,21086,51616,15797,12040,4346,0,0,11097,1108,15,0,15,15
0,14,moe,6567,57,22790,53605,16979,12851,5011,0,0,12051,1111,16,0,16,16
0,15,moe,11671,52,25199,58949,17194,14217,5203,0,0,11415,1301,15,0,15,15
0,16,moe,7588,55,22112,60708,16293,12803,5062,0,0,12046,1106,16,0,16,16
0,17,moe,6070,54,23085,61547,17376,13023,5005,1,0,12320,1117,16,0,16,16
0,18,moe,4908,54,23817,57253,15851,14065,5134,0,0,11233,1299,15,0,15,15
0,19,moe,10826,49,25070,67611,19216,12713,4801,0,0,11660,1111,16,0,16,16
0,20,moe,7856,55,22673,48685,17082,12911,4669,0,0,11989,1135,16,0,16,16
0,21,moe,3174,55,24925,53924,16396,15144,5608,0,0,12223,1311,16,0,16,16
0,22,moe,1331,54,18733,9630,13078,12951,4695,1,0,11992,1115,16,0,16,16
0,23,moe,820,48,19893,9615,12096,14128,4769,0,0,11100,1304,15,0,15,15
0,24,moe,1332,56,20988,10617,12903,15060,4884,0,0,11859,1305,16,0,16,16
0,25,moe,1331,54,21022,10312,12774,15061,4912,0,0,11725,1303,16,0,16,16
0,26,moe,813,51,10657,5083,6476,7493,2591,1,0,5904,739,8,0,8,8
0,-1,epi,0,0,0,0,0,0,0,0,5504,0,0,0,0,0,0
1,-2,pre,48,0,0,0,0,0,0,0,0,0,0,0,0,0,0
1,0,dense,2451,60,0,0,0,0,0,0,0,0,0,0,0,0,0
1,1,moe,1300,58,21314,46911,15212,11343,3762,0,0,9003,1288,12,0,12,12
1,2,moe,1141,58,20490,50118,13822,12243,4235,0,0,9810,1291,13,0,13,13
1,3,moe,676,48,19912,43738,13244,12280,4275,0,0,9887,1702,14,1,13,14
1,4,moe,1168,52,19333,43624,14249,11394,3892,0,0,10202,1131,15,1,14,15
1,5,moe,1279,60,16210,37215,12053,9504,3179,0,0,8526,1104,14,2,12,14
1,6,moe,1146,54,18838,44251,12484,11215,3932,0,0,8793,1320,14,2,12,14
1,7,moe,689,49,21713,53718,16136,12743,4407,0,0,11573,1202,16,0,16,16
1,8,moe,1144,54,16778,40280,12564,9491,3477,0,0,8754,1506,13,1,12,13
1,9,moe,1272,52,19996,46965,13151,12202,4086,0,0,9443,1640,15,2,13,15
1,10,moe,1134,37,17295,44716,12806,9784,3313,0,0,8608,1632,15,3,12,15
1,11,moe,684,34,19920,50581,14939,11454,3866,0,0,10339,1753,15,1,14,15
1,12,moe,1148,61,21650,52354,14217,13176,4492,0,0,10235,2078,16,2,14,16
1,13,moe,1273,41,19340,57255,14759,10602,3529,0,0,9550,1595,14,1,13,14
1,14,moe,1150,44,19105,34853,14144,11281,4046,0,0,10366,1959,16,2,14,16
1,15,moe,688,35,21481,51140,14703,12209,4106,0,0,9537,1961,15,2,13,15
1,16,moe,1131,40,19659,40259,14560,11299,3982,0,0,10182,1856,16,2,14,16
1,17,moe,1275,41,24919,75105,20236,10504,3702,1,0,9524,2607,14,1,13,14
1,18,moe,1147,47,22770,45885,15101,14589,4556,1,0,11477,2308,15,0,15,15
1,19,moe,684,32,18925,36949,13961,11747,3793,0,0,10576,1776,15,1,14,15
1,20,moe,1137,44,19809,39006,14935,11504,3614,0,0,10244,2599,15,1,14,15
1,21,moe,3432,37,14904,27002,9642,9400,2985,0,0,7123,1547,15,5,10,15
1,22,moe,8859,40,14626,29438,10586,8841,3026,0,0,7827,2574,15,4,11,15
1,23,moe,12504,35,24576,66272,17587,12411,4228,0,0,9650,2268,16,3,13,16
1,24,moe,1628,37,17130,24646,8835,10172,6040,0,0,7917,3124,14,3,11,14
1,25,moe,1271,47,18797,8849,11315,13332,4477,1,0,10328,4524,16,2,14,16
1,26,moe,731,35,10833,4847,6488,7710,2501,0,0,5866,1839,8,0,8,8
1,-1,epi,0,0,0,0,0,0,0,0,5730,0,0,0,0,0,0
2,-2,pre,8555,0,0,0,0,0,0,0,0,0,0,0,0,0,0
2,0,dense,117474,57,0,0,0,0,0,0,0,0,0,0,0,0,0
2,1,moe,62067,167,613656,886643,224346,347432,38245,1,3632,0,171867,0,0,0,216
2,2,moe,61436,178,529143,731962,185019,309259,24446,0,10419,0,138576,0,0,0,224
2,3,moe,40358,157,425298,513253,129237,253048,40628,0,2385,0,161948,0,0,0,200
2,4,moe,65234,172,336141,437041,110169,200782,22880,0,2310,0,107621,0,0,0,185
2,5,moe,72297,150,283024,391637,98743,160122,22044,0,2115,0,104338,0,0,0,164
2,6,moe,70741,163,380556,506442,127372,216900,34067,1,2216,0,160406,0,0,0,171
2,7,moe,49166,150,294417,428471,107933,163206,21122,0,2156,0,104962,0,0,0,167
2,8,moe,70240,160,346453,460036,115820,195648,32817,1,2167,0,125468,0,0,0,179
2,9,moe,75848,147,382551,504824,127075,224806,28517,0,2153,0,145135,0,0,0,172
2,10,moe,63685,151,358971,533529,134234,191164,31032,0,2541,0,140084,0,0,0,189
2,11,moe,46141,331,333717,478815,120540,183628,27229,0,2320,0,106955,0,0,0,187
2,12,moe,63317,208,381414,507355,127711,212463,38934,1,2305,0,153590,0,0,0,178
2,13,moe,68943,149,310309,447342,112798,180071,15162,1,2277,0,105326,0,0,0,185
2,14,moe,65038,149,313340,427872,107706,184166,19203,0,2265,0,134618,0,0,0,181
2,15,moe,45468,148,440479,577877,145255,258282,34535,1,2406,0,169574,0,0,0,189
2,16,moe,60200,159,352740,492808,124144,192474,33546,0,2576,0,127485,0,0,0,190
2,17,moe,64765,172,342865,486333,122318,184486,33767,1,2293,0,134069,0,0,0,187
2,18,moe,62978,169,426396,615358,154810,234073,35189,0,2324,0,166091,0,0,0,192
2,19,moe,48390,160,395429,494588,124590,235968,32408,0,2463,0,125906,0,0,0,198
2,20,moe,66616,200,400537,523063,131609,239663,26858,1,2406,0,104494,0,0,0,192
2,21,moe,66813,161,421079,548551,137916,224831,56079,1,2252,0,164596,0,0,0,180
2,22,moe,67477,170,366875,483390,121586,207942,35022,1,2324,0,128918,0,0,0,193
2,23,moe,48807,166,386948,544783,136992,210575,37074,1,2306,0,159185,0,0,0,184
2,24,moe,62267,166,421013,531670,133963,249845,34856,0,2349,0,145318,0,0,0,193
2,25,moe,63130,172,369573,492779,124170,215522,27712,0,2169,0,134049,0,0,0,175
2,26,moe,38983,26,6,0,0,0,0,0,6,0,6,0,0,0,0
2,-1,epi,0,0,0,0,0,0,0,0,6,0,0,0,0,0,0
3,-2,pre,257,0,0,0,0,0,0,0,0,0,0,0,0,0,0
3,0,dense,13050,48,0,0,0,0,0,0,0,0,0,0,0,0,0
3,1,moe,8683,44,41853,63682,26341,21669,14904,0,0,21061,5028,26,3,23,26
3,2,moe,8351,38,38426,59553,24473,19924,13504,0,0,19475,4121,23,1,22,23
3,3,moe,11229,38,39621,57545,26528,22156,12842,0,0,21905,3833,22,1,21,22
3,4,moe,8620,42,27854,38353,19687,15723,8354,0,0,15910,3578,18,2,16,18
3,5,moe,8995,44,28632,45718,20722,14720,9634,0,0,16444,3199,20,1,19,20
3,6,moe,8840,104,42038,62978,25324,23018,13858,0,0,20162,3909,24,1,23,24
3,7,moe,11439,43,28974,43754,19728,15689,9199,0,0,15642,3125,19,1,18,19
3,8,moe,8647,46,26002,39330,18984,12780,9336,0,0,15098,5294,17,1,16,17
3,9,moe,12211,47,47682,64221,32189,25923,15515,0,0,25945,4378,23,2,21,23
3,10,moe,8883,47,42525,79280,31800,18687,17892,0,0,25854,3181,25,1,24,25
3,11,moe,17434,41,29722,60752,22670,11754,13214,1,0,17917,5305,19,4,15,19
3,12,moe,10564,66,36021,56806,23858,16796,13772,0,0,18405,6448,19,1,18,19
3,13,moe,13990,47,37574,64977,27775,17663,14407,1,0,22272,2684,22,0,22,22
3,14,moe,10743,41,36653,62250,27054,15329,15769,0,0,21499,4382,21,2,19,21
3,15,moe,11325,41,40183,65294,27652,19232,14932,0,0,21633,2549,21,0,21,21
3,16,moe,5717,38,30122,55694,21684,15823,8555,0,0,15940,2006,22,2,20,22
3,17,moe,5275,37,32735,66428,24352,18167,8777,0,0,18561,2006,25,2,23,25
3,18,moe,8984,35,33283,60941,21457,20230,8104,0,0,16508,3024,25,3,22,25
3,19,moe,14189,35,33595,60357,25561,19193,8856,0,0,20015,1995,24,0,24,24
3,20,moe,5464,35,29810,60362,22219,18012,5501,1,0,15923,2003,23,0,23,23
3,21,moe,8846,37,41253,86649,29030,20082,10205,0,0,18064,2453,24,2,22,24
3,22,moe,8952,36,31250,34839,23354,17292,6633,0,0,16029,2520,24,2,22,24
3,23,moe,1514,36,36133,15199,22263,23249,11490,1,0,20870,2420,22,1,21,22
3,24,moe,1524,39,32966,17508,20808,21884,9171,1,0,18898,2475,26,2,24,26
3,25,moe,1462,36,38173,18993,21985,28663,7695,0,0,20170,2455,24,1,23,24
3,26,moe,5326,35,11263,28125,9149,3610,1339,0,0,2835,6112,8,4,4,8
3,-1,epi,0,0,0,0,0,0,0,0,40226,0,0,0,0,0,0
4,-2,pre,67,0,0,0,0,0,0,0,0,0,0,0,0,0,0
4,0,dense,1453,51,0,0,0,0,0,0,0,0,0,0,0,0,0
4,1,moe,814,37,10175,11199,6421,6635,2324,1,0,5206,1257,8,4,4,8
4,2,moe,734,36,4100,5146,2850,1819,1161,1,0,1731,737,8,6,2,8
4,3,moe,571,34,7202,11180,4715,3655,2394,0,0,3562,739,8,4,4,8
4,4,moe,723,33,5176,7368,3804,2372,1550,0,0,2550,640,8,5,3,8
4,5,moe,799,33,4931,7077,3643,2309,1568,0,0,2589,628,8,5,3,8
4,6,moe,734,32,5726,7737,3754,2767,1752,1,0,2548,741,8,5,3,8
4,7,moe,560,34,4943,7800,3624,2350,1491,0,0,2522,620,8,5,3,8
4,8,moe,726,32,5135,7708,3859,2302,1527,1,0,2554,626,8,5,3,8
4,9,moe,800,34,5726,8593,3772,2756,1754,0,0,2556,745,8,5,3,8
4,10,moe,727,35,6480,9743,4708,3129,2077,0,0,3434,645,8,4,4,8
4,11,moe,560,31,2151,2381,1696,770,490,0,0,805,1102,8,7,1,8
4,12,moe,736,35,8853,13889,5642,4595,2928,0,0,4312,753,8,3,5,8
4,13,moe,805,33,3664,4846,2728,1610,982,0,0,1656,624,8,6,2,8
4,14,moe,731,31,3633,4790,2779,1537,1026,0,0,1709,620,8,6,2,8
4,15,moe,558,34,7595,8159,4832,4962,1574,0,0,3773,737,8,5,3,8
4,16,moe,740,33,4439,7262,3270,2340,977,0,0,2148,768,8,5,3,8
4,17,moe,1254,34,4041,7690,3048,2317,674,0,0,1998,1306,8,5,3,8
4,18,moe,1170,34,4642,7890,3112,2766,723,0,0,1959,737,8,5,3,8
4,19,moe,561,28,3705,7945,2795,2363,173,0,0,1626,624,8,5,3,8
4,20,moe,740,30,2709,4740,2147,1541,111,0,0,1090,630,8,6,2,8
4,21,moe,799,30,4078,8450,2740,2793,193,0,0,1648,746,8,5,3,8
4,22,moe,800,31,3818,5087,2916,2358,153,0,0,1609,620,8,5,3,8
4,23,moe,563,29,3336,1832,2008,2832,180,0,0,1684,743,8,5,3,8
4,24,moe,797,31,8922,3118,5309,8131,303,0,0,4821,748,8,3,5,8
4,25,moe,813,33,10568,3810,6314,9662,378,0,0,5786,740,8,2,6,8
4,26,moe,560,31,7959,14269,5504,4592,1422,1,0,3560,1243,8,3,5,8
4,-1,epi,0,0,0,0,0,0,0,0,5835,0,0,0,0,0,0
5,-2,pre,225,0,0,0,0,0,0,0,0,0,0,0,0,0,0
5,0,dense,1492,35,0,0,0,0,0,0,0,0,0,0,0,0,0
5,1,moe,814,32,9131,13793,5987,4592,3108,0,0,4556,753,8,3,5,8
5,2,moe,739,33,12436,20008,8105,6283,4153,0,0,6105,754,8,1,7,8
5,3,moe,561,32,12402,19224,8027,6313,4165,0,0,6103,772,8,1,7,8
5,4,moe,729,34,9433,14361,6852,4670,3107,0,0,5196,623,8,2,6,8
5,5,moe,801,33,7847,12488,5774,3848,2517,0,0,4292,630,8,3,5,8
5,6,moe,731,40,7113,10774,4563,3659,2333,0,0,3442,750,8,4,4,8
5,7,moe,560,32,5070,7784,3739,2398,1502,0,0,2569,628,8,5,3,8
5,8,moe,733,31,5031,7379,3774,2319,1473,0,0,2535,632,8,5,3,8
5,9,moe,805,32,13987,16831,9391,8724,3525,0,0,7653,737,8,2,6,8
5,10,moe,727,33,6984,7710,5021,4221,1529,0,0,3787,617,8,5,3,8
5,11,moe,558,31,11183,17312,8243,5521,3624,0,0,6205,633,8,1,7,8
5,12,moe,738,32,11018,17432,7126,5474,3940,0,0,5522,749,8,2,6,8
5,13,moe,809,35,8397,11858,6047,3954,3012,0,0,4616,679,8,3,5,8
5,14,moe,719,37,8526,9589,5948,5001,2319,0,0,4742,647,8,4,4,8
5,15,moe,571,33,9626,13780,6370,4638,3203,0,0,4585,756,8,3,5,8
5,16,moe,735,35,5341,9949,3933,3137,902,0,0,2631,735,8,4,4,8
5,17,moe,816,32,5328,9962,3988,3091,914,0,0,2665,678,8,4,4,8
5,18,moe,737,33,12039,18532,6967,9649,466,0,0,5043,736,8,1,7,8
5,19,moe,559,29,6750,10251,4735,5348,240,0,0,3573,617,8,4,4,8
5,20,moe,735,30,3677,7715,2846,2356,167,0,0,1692,622,8,5,3,8
5,21,moe,807,30,9989,13961,6273,8221,326,0,0,4831,738,8,3,5,8
5,22,moe,808,34,5563,4638,4033,4209,160,0,0,2839,622,8,5,3,8
5,23,moe,553,31,3684,1099,2147,3300,125,0,0,1888,733,8,6,2,8
5,24,moe,795,33,7053,2616,4178,6483,247,0,0,3855,737,8,4,4,8
5,25,moe,803,48,4335,2607,2699,3767,253,0,0,2384,742,8,4,4,8
5,26,moe,567,32,4700,7943,3220,2720,855,0,0,2095,1265,8,5,3,8
5,-1,epi,0,0,0,0,0,0,0,0,5842,0,0,0,0,0,0
6,-2,pre,224,0,0,0,0,0,0,0,0,0,0,0,0,0,0
6,0,dense,1458,38,0,0,0,0,0,0,0,0,0,0,0,0,0
6,1,moe,824,33,8215,14111,5496,4652,1997,0,0,3930,764,8,3,5,8
6,2,moe,736,32,7075,11100,4591,3599,2390,0,0,3505,757,8,4,4,8
6,3,moe,564,30,8870,13779,5790,4493,2930,0,0,4343,758,8,3,5,8
6,4,moe,758,37,10863,27908,8710,3900,2520,0,0,4267,633,8,3,5,8
6,5,moe,800,38,6794,7698,4925,4204,1445,0,0,3780,633,8,5,3,8
6,6,moe,729,37,5600,5324,3634,3324,1128,0,0,2486,747,8,6,2,8
6,7,moe,562,38,6157,9537,4449,3123,1943,0,0,3358,667,8,4,4,8
6,8,moe,730,34,10801,12242,7721,6940,2381,0,0,6241,631,8,3,5,8
6,9,moe,806,44,10217,11518,6375,6673,2379,0,0,5210,743,8,4,4,8
6,10,moe,727,32,9454,15231,6952,3952,3877,0,0,5327,623,8,3,5,8
6,11,moe,558,32,5676,4804,4154,2352,2258,0,0,3088,618,8,6,2,8
6,12,moe,728,59,8610,12630,6317,3012,3359,0,0,4078,739,8,5,3,8
6,13,moe,819,41,7313,7488,5173,4243,1961,0,0,4064,618,8,5,3,8
6,14,moe,733,39,6007,7531,4543,2365,2127,0,0,3028,694,8,5,3,8
6,15,moe,602,38,10593,14614,6845,4792,4000,0,0,5044,830,8,3,5,8
6,16,moe,756,45,7880,14823,5832,4838,1411,0,0,4201,639,8,2,6,8
6,17,moe,810,35,6936,12934,5303,3964,1188,0,0,3519,687,8,3,5,8
6,18,moe,731,33,2000,2630,1451,998,65,0,0,514,745,8,7,1,8
6,19,moe,565,33,6495,12772,4845,4023,1127,0,0,3500,685,8,3,5,8
6,20,moe,740,31,4477,9576,3357,3124,248,0,0,2252,651,8,4,4,8
6,21,moe,802,33,3623,6412,2640,1968,140,0,0,1125,855,8,6,2,8
6,22,moe,823,40,3930,5737,2963,2422,183,0,0,1638,665,8,5,3,8
6,23,moe,588,36,3351,1683,1989,2886,200,0,0,1724,767,8,5,3,8
6,24,moe,805,35,3255,1816,2005,2774,199,0,0,1723,762,8,5,3,8
6,25,moe,807,34,3265,1881,2029,2751,198,0,0,1713,766,8,5,3,8
6,26,moe,578,33,6227,12101,4189,3721,1258,0,0,2941,1288,8,4,4,8
6,-1,epi,0,0,0,0,0,0,0,0,5935,0,0,0,0,0,0
7,-2,pre,215,0,0,0,0,0,0,0,0,0,0,0,0,0,0
7,0,dense,1479,35,0,0,0,0,0,0,0,0,0,0,0,0,0
7,1,moe,831,33,6531,13728,4410,4659,562,0,0,3100,764,8,3,5,8
7,2,moe,738,33,4018,5357,2776,1800,1162,0,0,1720,756,8,6,2,8
7,3,moe,581,34,2370,2632,1755,891,577,0,0,853,751,8,7,1,8
7,4,moe,733,31,5158,7327,3796,2410,1717,0,0,2765,639,8,5,3,8
7,5,moe,806,34,3837,5044,2972,1535,1008,0,0,1678,640,8,6,2,8
7,6,moe,733,31,2534,2601,1793,979,591,0,0,829,751,8,7,1,8
7,7,moe,564,29,6415,9469,4662,3163,2037,0,0,3447,641,8,4,4,8
7,8,moe,737,32,6334,10998,4647,3130,2073,0,0,3516,635,8,4,4,8
7,9,moe,824,33,4314,5353,2882,1915,1258,0,0,1741,799,8,6,2,8
7,10,moe,743,34,2418,2310,1884,834,710,0,0,1010,696,8,7,1,8
7,11,moe,565,28,3673,4700,2795,1577,1052,0,0,1751,672,8,6,2,8
7,12,moe,750,31,9687,13973,6087,4650,3604,0,0,4654,783,8,3,5,8
7,13,moe,792,38,5546,7332,3816,2414,2006,1,0,2691,636,8,5,3,8
7,14,moe,756,34,5289,7907,3919,2368,1748,0,0,2746,715,8,5,3,8
7,15,moe,621,34,8692,13179,5557,4697,2686,0,0,4248,788,8,3,5,8
7,16,moe,730,34,3224,4704,2449,1612,530,0,0,1367,634,8,6,2,8
7,17,moe,836,44,3569,7329,2729,2335,179,0,0,1674,643,8,5,3,8
7,18,moe,738,33,4283,8894,2914,2890,205,0,0,1726,763,8,5,3,8
7,19,moe,573,33,4021,9080,3102,2408,197,0,0,1686,635,8,5,3,8
7,20,moe,741,36,2891,5434,2323,1571,114,0,0,1117,636,8,6,2,8
7,21,moe,807,34,5141,10447,3360,3727,266,0,0,2212,757,8,4,4,8
7,22,moe,814,32,4718,10056,3510,3252,221,0,0,2265,636,8,4,4,8
7,23,moe,9714,32,2627,1552,1666,1900,123,0,0,1062,747,8,6,2,8
7,24,moe,806,33,1145,494,718,907,61,0,0,541,746,8,7,1,8
7,25,moe,806,35,3467,3416,2246,2697,186,0,0,1662,757,8,5,3,8
7,26,moe,568,31,3560,5422,2540,1783,609,0,0,1372,762,8,6,2,8
7,-1,epi,0,0,0,0,0,0,0,0,6020,0,0,0,0,0,0
8,-2,pre,260,0,0,0,0,0,0,0,0,0,0,0,0,0,0
8,0,dense,1429,40,0,0,0,0,0,0,0,0,0,0,0,0,0
8,1,moe,838,43,4254,8443,2994,2811,207,0,0,1758,815,8,5,3,8
8,2,moe,737,33,3771,5205,2568,1813,919,0,0,1529,784,8,6,2,8
8,3,moe,582,36,7053,11387,4150,5585,261,0,0,2943,764,8,4,4,8
8,4,moe,744,34,3726,4677,2751,1617,1059,0,0,1701,648,8,6,2,8
8,5,moe,816,35,4915,7117,3639,2330,1594,0,0,2648,648,8,5,3,8
8,6,moe,749,34,10913,16869,7236,5577,3407,0,0,5307,767,8,2,6,8
8,7,moe,576,31,3915,4841,2946,1618,1247,0,0,1896,637,8,6,2,8
8,8,moe,743,34,3963,4963,3099,1527,1261,0,0,1924,650,8,6,2,8
8,9,moe,814,33,7053,8636,4489,5022,901,0,0,3359,755,8,5,3,8
8,10,moe,746,31,6074,7560,4343,4261,648,1,0,3179,633,8,5,3,8
8,11,moe,574,38,6462,10411,4782,3097,2280,0,0,3697,644,8,4,4,8
8,12,moe,740,33,4809,7996,3191,2821,866,0,0,2069,755,8,5,3,8
8,13,moe,812,34,5524,8342,4154,2419,1534,0,0,2583,634,8,5,3,8
8,14,moe,739,35,5207,7300,3870,2309,1717,0,0,2689,638,8,5,3,8
8,15,moe,574,32,3185,5093,2199,1930,131,0,0,1075,747,8,6,2,8
8,16,moe,738,33,4766,9730,3517,3243,395,0,0,2389,631,8,4,4,8
8,17,moe,806,33,3642,5010,2763,2299,338,0,0,1758,687,8,5,3,8
8,18,moe,735,31,6711,8761,4249,5070,408,0,0,3016,744,8,5,3,8
8,19,moe,571,30,4155,4768,3004,2933,103,0,0,1885,626,8,6,2,8
8,20,moe,734,30,4250,5085,3268,2788,108,0,0,1914,624,8,6,2,8
8,21,moe,800,31,2767,2607,1846,1795,57,0,0,931,751,8,7,1,8
8,22,moe,817,30,2931,4824,2204,1635,280,0,0,1188,646,8,6,2,8
8,23,moe,3339,32,9,0,0,0,0,0,9,0,733,8,8,0,8
8,24,moe,805,30,2041,491,1125,1786,59,0,0,929,750,8,7,1,8
8,25,moe,810,32,4320,2623,2698,3768,235,0,0,2381,751,8,4,4,8
8,26,moe,571,32,4834,8687,3329,2686,922,0,0,2103,767,8,5,3,8
8,-1,epi,0,0,0,0,0,0,0,0,6006,0,0,0,0,0,0
9,-2,pre,220,0,0,0,0,0,0,0,0,0,0,0,0,0,0
9,0,dense,1501,255,0,0,0,0,0,0,0,0,0,0,0,0,0
9,1,moe,856,37,7164,20349,5841,2682,391,0,0,1750,753,8,5,3,8
9,2,moe,738,39,4142,8934,2905,2708,197,0,0,1668,764,8,5,3,8
9,3,moe,578,33,3035,5338,2208,1794,124,0,0,1091,759,8,6,2,8
9,4,moe,740,36,4948,8014,3728,2400,1177,0,0,2357,636,8,5,3,8
9,5,moe,813,42,8564,10042,6189,5549,1597,0,0,4771,638,8,4,4,8
9,6,moe,740,38,10,0,0,0,0,0,10,0,743,8,8,0,8
9,7,moe,575,34,4888,7931,3621,2307,1556,0,0,2596,642,8,5,3,8
9,8,moe,740,33,3793,4952,2953,1554,1139,0,0,1853,627,8,6,2,8
9,9,moe,811,37,3831,5294,2475,2792,191,0,0,1627,752,8,5,3,8
9,10,moe,739,32,9,0,0,0,0,0,9,0,628,8,8,0,8
9,11,moe,581,28,2232,2503,1715,844,494,0,0,821,636,8,7,1,8
9,12,moe,744,31,1268,523,727,998,60,0,0,517,760,8,7,1,8
9,13,moe,810,30,2308,2512,1772,845,526,0,0,835,636,8,7,1,8
9,14,moe,739,30,2097,2361,1658,771,540,0,0,872,641,8,7,1,8
9,15,moe,577,28,2338,1145,1371,1903,119,0,0,1055,755,8,6,2,8
9,16,moe,744,33,6082,7466,4396,4288,647,0,0,3249,1233,8,5,3,8
9,17,moe,806,36,2591,2681,1979,1528,262,0,0,1178,854,8,6,2,8
9,18,moe,732,34,3169,5102,2211,1920,141,0,0,1103,750,8,6,2,8
9,19,moe,572,35,1112,453,715,859,51,0,0,513,635,8,7,1,8
9,20,moe,737,30,1650,2265,1360,786,53,0,0,549,626,8,7,1,8
9,21,moe,812,37,2919,2599,1971,1898,119,0,0,1069,757,8,6,2,8
9,22,moe,825,40,5738,12671,4266,4045,285,1,0,2859,638,8,3,5,8
9,23,moe,572,34,1884,2457,1361,986,63,0,0,526,751,8,7,1,8
9,24,moe,813,35,2185,1131,1354,1813,126,0,0,1108,770,8,6,2,8
9,25,moe,819,39,3262,1885,2026,2794,189,0,0,1747,766,8,5,3,8
9,26,moe,588,33,3791,5210,2621,1847,899,0,0,1576,774,8,6,2,8
9,-1,epi,0,0,0,0,0,0,0,0,6077,0,0,0,0,0,0
10,-2,pre,226,0,0,0,0,0,0,0,0,0,0,0,0,0,0
10,0,dense,1511,38,0,0,0,0,0,0,0,0,0,0,0,0,0
10,1,moe,862,40,11224,21686,7230,8228,842,1,0,5077,719,8,0,8,8
10,2,moe,682,40,3343,5898,2500,1873,119,0,0,1149,809,8,6,2,8
10,3,moe,594,39,5320,10268,3575,3733,481,0,0,2469,773,8,4,4,8
10,4,moe,767,36,4761,9679,3539,3226,238,0,0,2242,640,8,4,4,8
10,5,moe,821,35,2578,4491,2022,1552,106,0,0,1102,653,8,6,2,8
10,6,moe,792,35,2885,5096,1905,1959,127,0,0,1106,762,8,6,2,8
10,7,moe,586,33,6003,6774,4287,4264,653,0,0,3201,637,8,5,3,8
10,8,moe,755,33,5220,8300,3910,2365,1603,0,0,2658,638,8,5,3,8
10,9,moe,820,36,6503,10365,4196,4717,576,0,0,2986,763,8,3,5,8
10,10,moe,741,33,7209,9780,5161,5654,219,0,0,3825,627,8,4,4,8
10,11,moe,570,31,7239,12436,5517,4267,1550,0,0,4095,635,8,3,5,8
10,12,moe,766,40,5077,8612,3293,3726,253,0,0,2195,760,8,4,4,8
10,13,moe,838,31,5487,7666,3956,4231,163,0,0,2863,625,8,5,3,8
10,14,moe,735,33,5785,10025,4352,3076,1649,0,0,3292,637,8,4,4,8
10,15,moe,566,32,9906,16737,6908,7072,463,0,0,4537,759,8,1,7,8
10,16,moe,735,36,9277,13054,6748,4771,3019,0,0,5261,634,8,2,6,8
10,17,moe,810,41,7111,12905,5374,4687,506,0,0,3456,639,8,2,6,8
10,18,moe,734,34,10856,16584,7845,8697,376,0,0,6062,949,8,2,6,8
10,19,moe,579,75,7685,16330,5915,5048,333,0,0,3611,639,8,2,6,8
10,20,moe,763,35,5743,12503,4369,3952,309,0,0,2887,635,8,3,5,8
10,21,moe,805,32,6643,14498,4475,4701,327,0,0,2860,754,8,3,5,8
10,22,moe,804,36,4733,10312,3528,3157,237,0,0,2189,639,8,4,4,8
10,23,moe,566,31,5784,10972,4026,4379,272,0,0,2893,752,8,4,4,8
10,24,moe,7351,33,10586,3816,6304,9700,357,0,0,5775,740,8,2,6,8
10,25,moe,802,38,5581,3524,3429,4705,333,0,0,2886,780,8,3,5,8
10,26,moe,573,31,10197,13525,6801,4935,3875,0,0,5414,845,8,3,5,8
10,-1,epi,0,0,0,0,0,0,0,0,5941,0,0,0,0,0,0
11,-2,pre,221,0,0,0,0,0,0,0,0,0,0,0,0,0,0
11,0,dense,1487,40,0,0,0,0,0,0,0,0,0,0,0,0,0
11,1,moe,841,37,2085,2700,1579,887,268,0,0,649,773,8,7,1,8
11,2,moe,750,32,3181,5856,2362,1844,124,0,0,1149,762,8,6,2,8
11,3,moe,584,30,3146,5395,2329,1788,128,0,0,1099,760,8,6,2,8
11,4,moe,738,34,3001,4680,2270,1627,280,0,0,1176,640,8,6,2,8
11,5,moe,808,32,2899,5106,2346,1534,103,0,0,1084,639,8,6,2,8
11,6,moe,738,32,3146,5233,2178,1921,129,0,0,1082,759,8,6,2,8
11,7,moe,574,29,2938,4745,2254,1586,283,1,0,1186,638,8,6,2,8
11,8,moe,736,31,3818,7948,2994,2313,169,0,0,1658,641,8,5,3,8
11,9,moe,815,36,3978,5614,2635,2782,188,0,0,1627,761,8,5,3,8
11,10,moe,741,32,3868,7737,2940,2426,168,0,0,1666,644,8,5,3,8
11,11,moe,575,34,2806,4944,2237,1567,113,0,0,1111,640,8,6,2,8
11,12,moe,737,30,5240,11331,3459,3767,253,0,0,2239,764,8,4,4,8
11,13,moe,810,36,2814,4795,2172,1604,107,0,0,1069,647,8,6,2,8
11,14,moe,740,31,7321,15187,5572,4860,664,0,0,3775,637,8,2,6,8
11,15,moe,583,32,5261,11654,3476,3775,278,0,0,2268,787,8,4,4,8
11,16,moe,732,35,6932,15157,5141,4863,373,0,0,3445,706,8,2,6,8
11,17,moe,819,36,5406,7455,3985,4032,291,1,0,2903,668,8,3,5,8
11,18,moe,717,36,6342,10815,4150,4726,318,0,0,2852,767,8,3,5,8
11,19,moe,576,34,4587,8279,3382,3192,220,0,0,2207,646,8,4,4,8
11,20,moe,743,35,3061,5300,2505,1547,101,0,0,1092,642,8,6,2,8
11,21,moe,825,35,5099,11048,3320,3728,262,0,0,2211,764,8,4,4,8
11,22,moe,812,34,3714,7314,2762,2414,185,0,0,1647,640,8,5,3,8
11,23,moe,579,31,3294,5282,2318,1935,140,0,0,1099,755,8,6,2,8
11,24,moe,2941,33,4970,6673,3331,3665,257,0,0,2283,760,8,4,4,8
11,25,moe,807,32,5412,3197,3376,4617,299,0,0,2880,770,8,3,5,8
11,26,moe,578,30,9987,16115,6638,5399,2881,0,0,4931,833,8,2,6,8
11,-1,epi,0,0,0,0,0,0,0,0,6045,0,0,0,0,0,0
12,-2,pre,1105,0,0,0,0,0,0,0,0,0,0,0,0,0,0
12,0,dense,1494,42,0,0,0,0,0,0,0,0,0,0,0,0,0
12,1,moe,838,36,6628,16172,4990,3787,273,0,0,2422,767,8,4,4,8
12,2,moe,740,38,3941,8051,2693,2705,205,0,0,1662,762,8,5,3,8
12,3,moe,583,36,3035,5394,2217,1793,118,0,0,1093,758,8,6,2,8
12,4,moe,753,28,3664,7330,2748,2411,171,0,0,1666,644,8,5,3,8
12,5,moe,814,34,3541,4721,2613,2345,370,0,0,1787,683,8,5,3,8
12,6,moe,742,35,3113,5128,2167,1906,124,0,0,1084,759,8,6,2,8
12,7,moe,576,31,1740,2381,1347,852,49,0,0,508,631,8,7,1,8
12,8,moe,735,32,2867,4565,2246,1555,288,0,0,1222,636,8,6,2,8
12,9,moe,812,32,6703,14157,4427,4718,575,0,0,3017,761,8,3,5,8
12,10,moe,736,31,2787,3152,2139,1596,101,0,0,1049,646,8,6,2,8
12,11,moe,590,29,4890,9940,3648,3171,621,0,0,2550,647,8,4,4,8
12,12,moe,758,35,6445,14192,4242,4651,320,0,0,2768,776,8,3,5,8
12,13,moe,808,31,4456,7186,3259,3237,217,0,0,2257,649,8,4,4,8
12,14,moe,740,30,3906,7127,3072,2364,168,0,0,1698,647,8,5,3,8
12,15,moe,581,29,5313,11420,3553,3705,251,0,0,2196,755,8,4,4,8
12,16,moe,738,39,6498,12573,4747,4719,331,0,0,3299,647,8,2,6,8
12,17,moe,808,35,4058,5269,2945,3100,206,0,0,2193,638,8,4,4,8
12,18,moe,742,35,6223,12938,4075,4603,318,0,0,2773,760,8,3,5,8
12,19,moe,578,30,3569,4644,2643,2402,154,0,0,1630,629,8,5,3,8
12,20,moe,735,30,2357,2310,1801,1533,103,0,0,1080,648,8,6,2,8
12,21,moe,811,33,3840,5193,2494,2855,188,0,0,1697,756,8,5,3,8
12,22,moe,810,32,3858,7088,2932,2371,167,0,0,1612,633,8,5,3,8
12,23,moe,576,29,8,0,0,0,0,0,8,0,757,8,8,0,8
12,24,moe,817,30,5378,10129,3617,3847,256,0,0,2342,752,8,4,4,8
12,25,moe,809,31,2154,1129,1327,1795,118,0,0,1086,756,8,6,2,8
12,26,moe,580,32,4356,5576,2931,2675,690,0,0,1940,893,8,5,3,8
12,-1,epi,0,0,0,0,0,0,0,0,6079,0,0,0,0,0,0
13,-2,pre,215,0,0,0,0,0,0,0,0,0,0,0,0,0,0
13,0,dense,1506,33,0,0,0,0,0,0,0,0,0,0,0,0,0
13,1,moe,841,31,4719,4941,3083,3638,241,0,0,2243,770,8,4,4,8
13,2,moe,751,32,1783,2621,1366,898,67,0,0,548,769,8,7,1,8
13,3,moe,591,32,1872,2725,1458,890,60,0,0,536,760,8,7,1,8
13,4,moe,747,30,9,0,0,0,0,0,9,0,642,8,8,0,8
13,5,moe,822,28,1717,2376,1331,843,51,0,0,508,647,8,7,1,8
13,6,moe,750,29,1999,2644,1446,1011,59,0,0,517,765,8,7,1,8
13,7,moe,584,34,1834,2389,1453,848,51,0,0,518,638,8,7,1,8
13,8,moe,744,30,1615,2426,1331,779,52,0,0,547,643,8,7,1,8
13,9,moe,830,30,1959,2543,1409,1009,58,0,0,517,760,8,7,1,8
13,10,moe,747,29,1752,2518,1383,835,52,0,0,518,646,8,7,1,8
13,11,moe,584,30,2840,5141,2286,1536,106,0,0,1088,645,8,6,2,8
13,12,moe,743,30,2309,1123,1355,1918,118,0,0,1082,764,8,6,2,8
13,13,moe,816,32,1695,2322,1333,826,51,0,0,515,648,8,7,1,8
13,14,moe,742,30,2311,2407,1754,1534,106,0,0,1083,646,8,6,2,8
13,15,moe,582,29,5550,3460,3388,4667,320,0,0,2825,763,8,3,5,8
13,16,moe,739,31,5067,5114,3582,3928,274,0,0,2717,643,8,3,5,8
13,17,moe,809,33,3213,3146,2378,2298,150,0,0,1613,678,8,5,3,8
13,18,moe,764,58,4759,5791,3009,3702,246,0,0,2198,766,8,4,4,8
13,19,moe,575,46,3852,2271,2658,3298,205,0,0,2309,637,8,4,4,8
13,20,moe,744,38,1689,2607,1408,762,51,0,0,532,933,8,7,1,8
13,21,moe,876,59,3370,6189,2404,1969,125,0,0,1128,758,8,6,2,8
13,22,moe,811,33,2898,4904,2229,1623,106,0,0,1060,639,8,6,2,8
13,23,moe,579,32,9,0,0,0,0,0,9,0,761,8,8,0,8
13,24,moe,815,32,5319,9076,3566,3706,250,0,0,2203,762,8,4,4,8
13,25,moe,812,32,1235,527,817,897,59,0,0,538,768,8,7,1,8
13,26,moe,583,30,2526,1099,1560,1791,486,0,0,1311,766,8,6,2,8
13,-1,epi,0,0,0,0,0,0,0,0,6166,0,0,0,0,0,0
14,-2,pre,43,0,0,0,0,0,0,0,0,0,0,0,0,0,0
14,0,dense,1553,32,0,0,0,0,0,0,0,0,0,0,0,0,0
14,1,moe,854,35,5390,3174,3356,4602,301,0,0,2869,802,8,3,5,8
14,2,moe,751,34,10,0,0,0,0,0,10,0,766,8,8,0,8
14,3,moe,605,33,8,0,0,0,0,0,8,0,775,8,8,0,8
14,4,moe,770,35,8,0,0,0,0,0,8,0,660,8,8,0,8
14,5,moe,840,34,1779,2481,1381,841,50,0,0,493,655,8,7,1,8
14,6,moe,761,30,2055,2709,1497,1017,57,0,0,516,772,8,7,1,8
14,7,moe,595,33,1571,2135,1183,877,52,0,0,541,642,8,7,1,8
14,8,moe,759,33,1600,2228,1316,790,55,0,0,561,644,8,7,1,8
14,9,moe,828,34,9,0,0,0,0,0,9,0,770,8,8,0,8
14,10,moe,755,34,9,0,0,0,0,0,9,0,659,8,8,0,8
14,11,moe,595,28,1635,2360,1352,772,51,0,0,540,653,8,7,1,8
14,12,moe,759,34,5602,3385,2994,4487,302,0,0,2181,784,8,4,4,8
14,13,moe,758,39,2936,5221,2252,1703,112,0,0,1131,641,8,6,2,8
14,14,moe,741,30,2733,4804,2171,1549,106,0,0,1093,662,8,6,2,8
14,15,moe,601,29,7017,6616,4452,5524,362,1,0,3322,765,8,2,6,8
14,16,moe,745,34,4029,2766,2793,3165,217,0,0,2146,666,8,4,4,8
14,17,moe,798,34,5735,3441,4042,4934,327,0,0,3568,688,8,2,6,8
14,18,moe,735,34,4446,2535,2627,3775,267,0,0,2223,753,8,4,4,8
14,19,moe,584,32,7988,3047,5463,7026,249,0,0,4750,647,8,3,5,8
14,20,moe,755,38,10,0,0,0,0,0,10,0,636,8,8,0,8
14,21,moe,826,34,3390,1868,2020,2840,177,1,0,1648,765,8,5,3,8
14,22,moe,826,34,4447,5642,3242,3201,221,0,0,2217,640,8,4,4,8
14,23,moe,581,30,2065,2781,1501,1024,60,0,0,520,759,8,7,1,8
14,24,moe,813,33,4340,8861,3111,2848,203,0,0,1822,761,8,5,3,8
14,25,moe,822,33,1415,700,1003,894,57,0,0,539,765,8,7,1,8
14,26,moe,579,30,4260,5268,2831,2720,730,0,0,2021,805,8,5,3,8
14,-1,epi,0,0,0,0,0,0,0,0,6145,0,0,0,0,0,0
15,-2,pre,1252,0,0,0,0,0,0,0,0,0,0,0,0,0,0
15,0,dense,1499,40,0,0,0,0,0,0,0,0,0,0,0,0,0
15,1,moe,852,35,6943,4540,4364,5523,357,0,0,3301,668,8,2,6,8
15,2,moe,688,36,9,0,0,0,0,0,9,0,660,8,8,0,8
15,3,moe,499,31,9,0,0,0,0,0,9,0,663,8,8,0,8
15,4,moe,753,30,9,0,0,0,0,0,9,0,670,8,8,0,8
15,5,moe,837,35,8,0,0,0,0,0,8,0,661,8,8,0,8
15,6,moe,765,31,2954,2927,2137,1774,117,0,0,1074,776,8,6,2,8
15,7,moe,597,31,1704,2284,1313,852,50,0,0,511,646,8,7,1,8
15,8,moe,768,38,1697,2567,1407,768,52,0,0,530,637,8,7,1,8
15,9,moe,818,31,2041,2699,1498,1002,57,0,0,516,763,8,7,1,8
15,10,moe,745,30,9,0,0,0,0,0,9,0,652,8,8,0,8
15,11,moe,599,28,5758,7757,4102,4239,339,0,0,2922,639,8,5,3,8
15,12,moe,741,30,2881,2576,1908,1918,118,0,0,1063,760,8,6,2,8
15,13,moe,819,30,1712,2255,1333,845,49,0,0,515,641,8,7,1,8
15,14,moe,765,31,1620,2263,1340,768,49,0,0,537,642,8,7,1,8
15,15,moe,585,28,4753,5251,2986,3748,253,1,0,2235,762,8,4,4,8
15,16,moe,740,32,2821,1630,1892,2380,153,0,0,1604,648,8,5,3,8
15,17,moe,815,31,9436,11130,6489,7650,511,0,0,5214,633,8,2,6,8
15,18,moe,743,34,7168,6326,4574,5652,358,0,0,3416,763,8,2,6,8
15,19,moe,591,34,5562,4906,3990,4270,150,0,0,2848,642,8,5,3,8
15,20,moe,744,33,4681,9818,3582,3233,222,0,0,2356,633,8,4,4,8
15,21,moe,809,32,2797,2562,1857,1884,120,0,0,1064,787,8,6,2,8
15,22,moe,809,34,4636,6559,3429,3478,220,0,0,2491,640,8,4,4,8
15,23,moe,580,29,3098,5290,2128,1921,125,0,0,1076,780,8,6,2,8
15,24,moe,816,32,8396,26614,6733,3583,247,0,0,2167,758,8,4,4,8
15,25,moe,805,31,1606,1290,1192,893,60,0,0,539,751,8,7,1,8
15,26,moe,576,34,5843,11394,3915,3607,1017,0,0,2696,765,8,4,4,8
15,-1,epi,0,0,0,0,0,0,0,0,6088,0,0,0,0,0,0
16,-2,pre,222,0,0,0,0,0,0,0,0,0,0,0,0,0,0
16,0,dense,1502,35,0,0,0,0,0,0,0,0,0,0,0,0,0
16,1,moe,848,35,6207,11567,4175,4640,324,0,0,2932,764,8,3,5,8
16,2,moe,745,36,4913,8261,3265,3616,262,0,0,2230,800,8,4,4,8
16,3,moe,503,32,5318,9017,3644,3839,250,0,0,2415,760,8,4,4,8
16,4,moe,746,37,4761,10693,3530,3292,220,0,0,2281,640,8,4,4,8
16,5,moe,823,36,8634,12250,6227,6989,274,0,0,4856,631,8,3,5,8
16,6,moe,738,34,4421,8676,2947,2848,418,0,0,1792,754,8,5,3,8
16,7,moe,576,31,3007,4934,2330,1643,98,0,0,1064,632,8,6,2,8
16,8,moe,744,32,2641,4769,2078,1571,104,0,0,1112,639,8,6,2,8
16,9,moe,814,31,4266,8786,2905,2808,195,0,0,1642,759,8,5,3,8
16,10,moe,741,33,9,0,0,0,0,0,9,0,641,8,8,0,8
16,11,moe,588,30,6008,10445,4448,4010,471,0,0,2921,644,8,3,5,8
16,12,moe,742,32,4221,5356,2791,2812,408,0,0,1790,759,8,5,3,8
16,13,moe,817,32,1787,2429,1398,853,51,0,0,515,642,8,7,1,8
16,14,moe,739,32,4278,7280,3176,3089,226,0,0,2213,644,8,4,4,8
16,15,moe,581,28,4808,5496,3022,3745,247,0,0,2206,757,8,4,4,8
16,16,moe,743,34,8605,9807,5991,7016,445,0,0,4847,637,8,3,5,8
16,17,moe,811,33,3731,7003,2903,2427,164,0,0,1763,638,8,5,3,8
16,18,moe,737,31,5018,8166,3227,3831,251,0,0,2291,765,8,4,4,8
16,19,moe,580,32,1518,2173,1138,847,54,0,0,521,636,8,7,1,8
16,20,moe,739,30,1015,445,730,781,52,0,0,548,641,8,7,1,8
16,21,moe,823,31,4990,9303,4055,1791,58,0,0,914,749,8,7,1,8
16,22,moe,815,30,1332,1330,943,856,54,0,0,521,630,8,7,1,8
16,23,moe,575,29,1944,2580,1400,1010,59,0,0,525,759,8,7,1,8
16,24,moe,816,30,3272,5624,2452,1799,134,0,0,1113,752,8,6,2,8
16,25,moe,7651,33,2869,4304,2053,1786,118,0,0,1088,751,8,6,2,8
16,26,moe,739,32,9,0,0,0,0,0,9,0,742,8,8,0,8
16,-1,epi,0,0,0,0,0,0,0,0,6127,0,0,0,0,0,0
17,-2,pre,44,0,0,0,0,0,0,0,0,0,0,0,0,0,0
17,0,dense,1543,35,0,0,0,0,0,0,0,0,0,0,0,0,0
17,1,moe,846,33,1738,2506,1324,915,60,0,0,561,769,8,7,1,8
17,2,moe,764,31,1838,2685,1425,889,59,0,0,535,769,8,7,1,8
17,3,moe,589,30,3572,5198,2734,1800,126,0,0,1088,762,8,6,2,8
17,4,moe,742,31,3574,4838,2627,2390,160,0,0,1603,649,8,5,3,8
17,5,moe,819,30,8,0,0,0,0,0,8,0,640,8,8,0,8
17,6,moe,748,30,1991,2454,1466,986,59,0,0,520,762,8,7,1,8
17,7,moe,585,30,1992,1016,1352,1599,101,0,0,1060,615,8,6,2,8
17,8,moe,675,32,2946,5842,2348,1646,116,0,0,1164,561,8,6,2,8
17,9,moe,796,35,8,0,0,0,0,0,8,0,755,8,8,0,8
17,10,moe,755,35,3288,6923,2713,1598,108,0,0,1131,653,8,6,2,8
17,11,moe,590,42,3563,4859,2709,2378,161,0,0,1685,648,8,5,3,8
17,12,moe,749,32,4603,8824,3229,3202,190,0,0,2018,765,8,5,3,8
17,13,moe,820,37,2516,2307,1867,1605,99,0,0,1055,639,8,6,2,8
17,14,moe,751,34,9,0,0,0,0,0,9,0,632,8,8,0,8
17,15,moe,586,27,5574,9550,3969,3377,117,0,0,1889,757,8,6,2,8
17,16,moe,742,30,2792,4960,2142,1613,104,0,0,1067,647,8,6,2,8
17,17,moe,816,32,1006,461,723,770,52,0,0,539,642,8,7,1,8
17,18,moe,744,30,3053,5079,2102,1906,128,0,0,1083,768,8,6,2,8
17,19,moe,588,28,1730,2279,1336,857,49,0,0,512,639,8,7,1,8
17,20,moe,743,35,2333,2560,1847,1387,50,0,0,951,634,8,7,1,8
17,21,moe,813,33,2917,2708,1972,1886,116,0,0,1057,761,8,6,2,8
17,22,moe,814,30,9,0,0,0,0,0,9,0,652,8,8,0,8
17,23,moe,587,26,1846,2645,1433,896,59,0,0,542,819,8,7,1,8
17,24,moe,843,81,4516,5467,3045,3238,125,0,0,1892,854,8,6,2,8
17,25,moe,860,90,5726,8396,3547,4470,183,0,0,2474,751,8,5,3,8
17,26,moe,579,31,9,0,0,0,0,0,9,0,752,8,8,0,8
17,-1,epi,0,0,0,0,0,0,0,0,6216,0,0,0,0,0,0
18,-2,pre,354,0,0,0,0,0,0,0,0,0,0,0,0,0,0
18,0,dense,1513,35,0,0,0,0,0,0,0,0,0,0,0,0,0
18,1,moe,844,32,4436,8926,3209,2741,198,0,0,1712,774,8,5,3,8
18,2,moe,770,31,3037,5287,2218,1822,138,0,0,1141,763,8,6,2,8
18,3,moe,583,29,6402,10756,4330,4515,316,0,0,2759,768,8,3,5,8
18,4,moe,744,36,3811,6847,2826,2442,178,0,0,1635,665,8,5,3,8
18,5,moe,832,35,2633,4467,2071,1552,109,0,0,1099,648,8,6,2,8
18,6,moe,749,34,3930,5218,2588,2805,190,0,0,1653,776,8,5,3,8
18,7,moe,587,29,2875,5173,2206,1630,103,0,0,1064,646,8,6,2,8
18,8,moe,749,34,2731,4982,2171,1550,112,0,0,1102,644,8,6,2,8
18,9,moe,819,32,3189,5478,2242,1904,125,0,0,1082,764,8,6,2,8
18,10,moe,756,32,4151,7205,3197,2516,176,0,0,1738,691,8,5,3,8
18,11,moe,597,35,4969,9689,3765,3159,460,0,0,2415,676,8,4,4,8
18,12,moe,726,38,3148,5148,2199,1895,135,0,0,1081,777,8,6,2,8
18,13,moe,834,35,1806,2429,1409,857,52,0,0,512,657,8,7,1,8
18,14,moe,752,33,4805,9644,3639,3107,440,0,0,2381,655,8,4,4,8
18,15,moe,592,31,11826,14604,6972,9953,456,0,0,5555,760,8,1,7,8
18,16,moe,755,35,4631,10200,3408,3293,228,1,0,2299,644,8,4,4,8
18,17,moe,827,34,5581,12044,4201,3902,282,0,0,2804,654,8,3,5,8
18,18,moe,745,35,7584,17687,5403,5571,320,0,0,3710,768,8,3,5,8
18,19,moe,579,32,5409,10956,3928,3935,288,0,0,2742,659,8,3,5,8
18,20,moe,747,33,4526,9892,3427,3144,225,1,0,2271,644,8,4,4,8
18,21,moe,821,32,5723,11594,3937,4119,273,0,0,2606,759,8,4,4,8
18,22,moe,815,32,6131,12713,4649,3938,268,0,0,2724,643,8,3,5,8
18,23,moe,579,35,7963,10160,4932,6624,245,0,0,3838,756,8,4,4,8
18,24,moe,814,33,7532,16440,5080,5479,393,0,0,3420,760,8,2,6,8
18,25,moe,823,37,7670,14041,5227,5636,372,0,0,3565,762,8,2,6,8
18,26,moe,579,31,10570,22322,7052,7283,1194,0,0,4959,788,8,0,8,8
18,-1,epi,0,0,0,0,0,0,0,0,6093,0,0,0,0,0,0
19,-2,pre,273,0,0,0,0,0,0,0,0,0,0,0,0,0,0
19,0,dense,1511,32,0,0,0,0,0,0,0,0,0,0,0,0,0
19,1,moe,846,33,6481,13802,4445,4684,316,0,0,2964,767,8,3,5,8
19,2,moe,754,37,3075,5326,2255,1807,128,0,0,1115,772,8,6,2,8
19,3,moe,599,28,2970,5184,2150,1792,128,0,0,1100,770,8,6,2,8
19,4,moe,747,30,1789,2286,1399,843,51,0,0,504,642,8,7,1,8
19,5,moe,815,30,3967,4916,2990,2782,102,0,0,1907,638,8,6,2,8
19,6,moe,743,29,1962,471,1115,1711,58,0,0,922,767,8,7,1,8
19,7,moe,581,32,1939,2995,1567,832,52,0,0,512,647,8,7,1,8
19,8,moe,764,35,3739,7999,2907,2352,167,0,0,1687,648,8,5,3,8
19,9,moe,823,33,2769,2508,1859,1774,57,0,0,921,758,8,7,1,8
19,10,moe,745,33,5419,5182,3851,4244,159,0,0,2835,652,8,5,3,8
19,11,moe,582,31,6867,7631,4935,5576,206,0,0,3850,636,8,4,4,8
19,12,moe,748,35,6797,10143,4444,5032,186,0,0,2865,755,8,5,3,8
19,13,moe,810,36,1696,438,1114,1452,49,0,0,919,633,8,7,1,8
19,14,moe,751,39,2323,2258,1765,1540,104,0,0,1086,641,8,6,2,8
19,15,moe,582,30,4445,5223,2860,3159,118,0,0,1692,760,8,6,2,8
19,16,moe,744,32,3516,4772,2568,2407,164,0,0,1623,663,8,5,3,8
19,17,moe,817,31,2609,4759,2048,1548,110,0,0,1097,640,8,6,2,8
19,18,moe,741,31,3222,5068,2240,1937,126,0,0,1081,759,8,6,2,8
19,19,moe,590,31,9,0,0,0,0,0,9,0,630,8,8,0,8
19,20,moe,752,34,1128,466,720,862,57,0,0,511,639,8,7,1,8
19,21,moe,826,34,4142,8020,2770,2864,195,0,0,1687,759,8,5,3,8
19,22,moe,818,33,2414,2500,1830,1456,50,0,0,922,645,8,7,1,8
19,23,moe,578,30,1985,2425,1441,1007,60,0,0,523,762,8,7,1,8
19,24,moe,817,31,10,0,0,0,0,0,10,0,760,8,8,0,8
19,25,moe,830,29,4153,6845,2923,2765,204,0,0,1739,769,8,5,3,8
19,26,moe,590,31,1853,2661,1437,899,59,0,0,542,765,8,7,1,8
19,-1,epi,0,0,0,0,0,0,0,0,6213,0,0,0,0,0,0
20,-2,pre,202,0,0,0,0,0,0,0,0,0,0,0,0,0,0
20,0,dense,1519,33,0,0,0,0,0,0,0,0,0,0,0,0,0
20,1,moe,857,31,3005,5008,2185,1844,127,0,0,1151,777,8,6,2,8
20,2,moe,738,31,4162,7701,2901,2798,192,0,0,1729,774,8,5,3,8
20,3,moe,590,32,2972,5075,2148,1794,127,0,0,1097,769,8,6,2,8
20,4,moe,748,30,1978,2427,1521,856,233,0,0,632,642,8,7,1,8
20,5,moe,824,31,4384,9891,3274,3107,226,0,0,2223,653,8,4,4,8
20,6,moe,751,30,2054,2574,1468,1050,58,0,0,522,766,8,7,1,8
20,7,moe,588,28,2683,4846,2026,1635,111,0,0,1089,648,8,6,2,8
20,8,moe,752,31,1664,2540,1381,774,53,0,0,544,644,8,7,1,8
20,9,moe,842,31,4148,7584,2747,2850,196,0,0,1645,772,8,5,3,8
20,10,moe,750,30,1770,2217,1387,848,52,0,0,517,594,8,7,1,8
20,11,moe,514,30,9,0,0,0,0,0,9,0,555,8,8,0,8
20,12,moe,683,35,1766,2272,1195,1061,69,0,0,559,663,8,7,1,8
20,13,moe,822,30,1760,2396,1374,846,52,0,0,512,652,8,7,1,8
20,14,moe,749,31,1657,2288,1375,774,50,0,0,542,661,8,7,1,8
20,15,moe,592,30,3456,2777,1934,2214,367,0,0,1059,693,8,6,2,8
20,16,moe,676,32,3142,5177,2452,1721,106,0,0,1137,650,8,6,2,8
20,17,moe,813,35,3594,7244,2721,2359,165,0,0,1651,561,8,5,3,8
20,18,moe,677,32,4497,5996,3109,2912,186,0,0,1710,758,8,5,3,8
20,19,moe,581,33,3570,4897,2643,2408,156,0,0,1637,646,8,5,3,8
20,20,moe,743,31,2415,2415,1853,1548,99,0,0,1085,641,8,6,2,8
20,21,moe,831,34,4359,8332,3006,2792,199,0,0,1638,765,8,5,3,8
20,22,moe,831,32,3564,4661,2628,2390,163,0,0,1617,650,8,5,3,8
20,23,moe,588,29,2990,5077,2037,1912,125,0,0,1084,762,8,6,2,8
20,24,moe,819,235,7078,20428,5435,3592,235,0,0,2184,763,8,4,4,8
20,25,moe,815,35,4658,8176,3199,3273,125,0,0,1939,751,8,6,2,8
20,26,moe,576,34,1840,2603,1423,904,60,0,0,547,762,8,7,1,8
20,-1,epi,0,0,0,0,0,0,0,0,6170,0,0,0,0,0,0
21,-2,pre,204,0,0,0,0,0,0,0,0,0,0,0,0,0,0
21,0,dense,1521,35,0,0,0,0,0,0,0,0,0,0,0,0,0
21,1,moe,840,33,7611,11301,4983,6128,409,0,0,3909,686,8,2,6,8
21,2,moe,681,36,4140,8097,2896,2810,188,0,0,1754,768,8,5,3,8
21,3,moe,586,32,6040,11207,3941,4560,324,0,0,2785,664,8,3,5,8
21,4,moe,680,35,3371,2504,2370,2548,158,0,0,1705,638,8,5,3,8
21,5,moe,813,32,2391,2934,1823,1550,99,0,0,1081,644,8,6,2,8
21,6,moe,746,30,5104,8049,3310,3772,262,0,0,2240,763,8,4,4,8
21,7,moe,584,31,4413,7466,3196,3178,213,0,0,2174,643,8,4,4,8
21,8,moe,747,36,3589,2488,2612,2778,103,0,0,1904,636,8,6,2,8
21,9,moe,821,32,1963,2535,1384,1035,62,0,0,518,763,8,7,1,8
21,10,moe,744,32,6895,6396,4833,5651,213,0,0,3802,638,8,4,4,8
21,11,moe,582,29,5635,7329,4172,4166,162,3,0,2868,635,8,5,3,8
21,12,moe,741,35,5735,5841,3349,4725,184,0,0,2523,766,8,5,3,8
21,13,moe,807,32,3461,5126,2530,2382,164,0,0,1615,637,8,5,3,8
21,14,moe,767,32,4529,7063,3409,3315,219,0,0,2414,651,8,4,4,8
21,15,moe,587,31,5022,7940,3160,3794,261,0,0,2193,662,8,4,4,8
21,16,moe,676,36,4922,9685,3690,3458,222,0,0,2448,646,8,4,4,8
21,17,moe,820,36,3396,5110,2569,2303,163,0,0,1639,644,8,5,3,8
21,18,moe,745,31,7623,8077,4561,6331,244,0,0,3513,754,8,4,4,8
21,19,moe,579,32,5850,12197,4340,3968,287,0,0,2745,644,8,3,5,8
21,20,moe,739,35,5544,9742,4150,4070,292,0,0,2968,681,8,3,5,8
21,21,moe,802,40,6094,12322,4285,4590,292,0,0,3073,791,8,4,4,8
21,22,moe,824,36,4626,8468,3385,3293,217,0,0,2269,656,8,4,4,8
21,23,moe,601,31,4540,5238,2927,3386,122,0,0,1895,755,8,6,2,8
21,24,moe,816,35,5971,15843,4331,3774,273,0,0,2407,774,8,4,4,8
21,25,moe,818,34,5751,13576,4109,3916,297,0,0,2571,775,8,4,4,8
21,26,moe,8620,32,5707,12117,4393,2722,382,0,0,1790,760,8,5,3,8
21,-1,epi,0,0,0,0,0,0,0,0,6086,0,0,0,0,0,0
22,-2,pre,204,0,0,0,0,0,0,0,0,0,0,0,0,0,0
22,0,dense,3527,35,0,0,0,0,0,0,0,0,0,0,0,0,0
22,1,moe,8777,37,4114,8789,2875,2748,212,0,0,1721,763,8,5,3,8
22,2,moe,7262,36,3054,5227,2217,1808,130,1,0,1102,763,8,6,2,8
22,3,moe,13535,46,7208,8419,4270,5913,257,0,0,3232,773,8,4,4,8
22,4,moe,7610,36,4946,10030,3699,3626,229,0,0,2608,638,8,4,4,8
22,5,moe,5266,34,6166,16350,5326,2349,169,0,0,1678,635,8,5,3,8
22,6,moe,7959,36,5207,11015,3439,3879,253,1,0,2365,768,8,4,4,8
22,7,moe,10023,34,12,0,0,0,0,0,12,0,624,8,8,0,8
22,8,moe,754,47,4789,9865,3542,3322,221,0,0,2296,643,8,4,4,8
22,9,moe,4249,36,7469,10551,4475,6065,267,0,0,3338,756,8,4,4,8
22,10,moe,4084,36,6964,9347,4908,5697,212,0,0,3853,629,8,4,4,8
22,11,moe,12336,36,2243,2772,1754,1391,49,0,0,951,621,8,7,1,8
22,12,moe,737,33,4266,8343,2896,2908,194,0,0,1732,759,8,5,3,8
22,13,moe,812,32,5256,8610,3667,4005,157,0,0,2573,623,8,5,3,8
22,14,moe,745,36,2772,4739,2211,1560,101,0,0,1100,628,8,6,2,8
22,15,moe,579,34,2600,3443,2041,1011,60,0,0,512,745,8,7,1,8
22,16,moe,740,31,5261,3400,3726,4225,149,0,0,2839,630,8,5,3,8
22,17,moe,815,33,5687,7205,4243,4153,156,0,0,2865,629,8,5,3,8
22,18,moe,733,36,3181,2606,2072,1915,470,0,0,1276,945,8,6,2,8
22,19,moe,737,35,3789,7284,2846,2398,168,0,0,1623,681,8,5,3,8
22,20,moe,740,35,11,0,0,0,0,0,11,0,628,8,8,0,8
22,21,moe,816,34,2952,2838,2006,1899,114,0,0,1067,755,8,6,2,8
22,22,moe,815,31,2869,4912,2192,1629,108,0,0,1060,639,8,6,2,8
22,23,moe,581,30,8,0,0,0,0,0,8,0,752,8,8,0,8
22,24,moe,816,31,4364,8520,2986,2935,181,0,0,1738,757,8,5,3,8
22,25,moe,816,32,10,0,0,0,0,0,10,0,756,8,8,0,8
22,26,moe,589,32,9,0,0,0,0,0,9,0,766,8,8,0,8
22,-1,epi,0,0,0,0,0,0,0,0,6212,0,0,0,0,0,0
23,-2,pre,224,0,0,0,0,0,0,0,0,0,0,0,0,0,0
23,0,dense,1522,34,0,0,0,0,0,0,0,0,0,0,0,0,0
23,1,moe,856,30,7091,14312,5018,5307,316,0,0,3550,790,8,3,5,8
23,2,moe,754,34,3021,5550,2199,1794,127,0,0,1099,770,8,6,2,8
23,3,moe,671,32,4268,8059,3032,2772,209,0,0,1745,779,8,5,3,8
23,4,moe,758,33,1806,2440,1393,854,56,0,0,497,659,8,7,1,8
23,5,moe,832,33,6772,13621,5384,4165,274,0,0,3051,658,8,3,5,8
23,6,moe,748,36,1984,2510,1397,1030,60,0,0,503,764,8,7,1,8
23,7,moe,1784,34,3972,7581,3004,2452,158,0,0,1642,655,8,5,3,8
23,8,moe,6966,34,4581,9698,3475,3091,213,0,0,2198,646,8,4,4,8
23,9,moe,1637,34,3120,5199,2093,1982,133,0,0,1088,760,8,6,2,8
23,10,moe,748,31,4691,9902,3481,3239,237,0,0,2266,643,8,4,4,8
23,11,moe,659,30,4361,7282,3262,3128,219,0,0,2248,639,8,4,4,8
23,12,moe,8991,32,5555,8840,3204,4199,199,0,0,2047,764,8,5,3,8
23,13,moe,4554,35,3717,7896,2719,2395,169,1,0,1567,637,8,5,3,8
23,14,moe,4299,37,5555,8366,4102,4158,161,0,0,2866,637,8,5,3,8
23,15,moe,16625,35,9189,17843,6079,5848,244,0,0,2982,742,8,4,4,8
23,16,moe,738,40,6422,8211,4645,4881,315,0,0,3419,635,8,2,6,8
23,17,moe,814,38,2498,2657,1940,1537,101,0,0,1080,629,8,6,2,8
23,18,moe,737,34,9023,5944,5324,6382,1772,0,0,4455,826,8,4,4,8
23,19,moe,659,36,2837,2513,2072,1610,389,0,0,1234,963,8,6,2,8
23,20,moe,1179,34,1711,2474,1425,769,51,0,0,534,628,8,7,1,8
23,21,moe,809,237,5332,9794,3546,3717,246,0,0,2177,757,8,4,4,8
23,22,moe,807,36,9808,29834,8823,2437,161,0,0,1613,624,8,5,3,8
23,23,moe,648,32,4552,10677,3185,2869,191,0,0,1693,779,8,5,3,8
23,24,moe,808,42,5976,9625,3929,4491,314,0,0,2758,792,8,3,5,8
23,25,moe,803,37,9004,14680,5401,7101,317,0,0,3815,750,8,3,5,8
23,26,moe,669,40,5193,8839,3563,3700,258,0,0,2328,763,8,4,4,8
23,-1,epi,0,0,0,0,0,0,0,0,5999,0,0,0,0,0,0
24,-2,pre,188,0,0,0,0,0,0,0,0,0,0,0,0,0,0
24,0,dense,1492,35,0,0,0,0,0,0,0,0,0,0,0,0,0
24,1,moe,840,36,6133,12568,4091,4712,342,0,0,3012,767,8,3,5,8
24,2,moe,741,33,9712,14673,6026,7977,368,0,0,4659,800,8,3,5,8
24,3,moe,672,32,2858,3381,2013,1846,127,0,0,1128,755,8,6,2,8
24,4,moe,762,37,5044,10537,3758,3522,273,0,0,2509,710,8,4,4,8
24,5,moe,839,37,8616,8532,6199,7019,281,0,0,4883,640,8,3,5,8
24,6,moe,740,36,7963,15473,5320,5569,445,0,0,3371,762,8,2,6,8
24,7,moe,655,35,6771,4985,4691,5679,214,0,0,3813,631,8,4,4,8
24,8,moe,739,34,8177,15390,6225,5694,435,0,0,4177,645,8,1,7,8
24,9,moe,816,39,12170,15002,7464,10181,474,0,0,5949,822,8,1,7,8
24,10,moe,764,59,3629,5427,2671,2392,175,0,0,1609,640,8,5,3,8
24,11,moe,644,33,7034,11915,5372,5057,343,0,0,3738,727,8,2,6,8
24,12,moe,779,73,8482,19738,5863,5524,396,0,0,3301,767,8,2,6,8
24,13,moe,812,36,7435,14022,5641,5151,323,0,0,3680,642,8,2,6,8
24,14,moe,742,35,6687,14504,5016,4668,334,0,0,3331,648,8,2,6,8
24,15,moe,656,34,12224,18741,7064,9806,456,0,0,5102,757,8,1,7,8
24,16,moe,7854,35,11023,22030,8678,6613,428,0,0,4696,647,8,0,8,8
24,17,moe,9751,35,4927,9779,3819,3166,229,0,0,2287,636,8,4,4,8
24,18,moe,4141,34,11559,14581,8406,5507,4701,0,0,7055,1310,8,3,5,8
24,19,moe,9448,37,10549,20621,8202,5690,1166,0,0,4509,1543,8,4,4,8
24,20,moe,13036,39,11021,14461,7825,7987,1406,0,0,6197,1249,8,2,6,8
24,21,moe,10596,42,7248,8615,4356,4641,1692,0,0,3441,898,8,3,5,8
24,22,moe,5593,39,8403,12018,5849,6728,327,0,0,4501,624,8,3,5,8
24,23,moe,646,33,6113,9815,3864,4780,313,0,0,2844,853,8,3,5,8
24,24,moe,840,64,6871,13696,3961,4975,294,0,0,2359,791,8,4,4,8
24,25,moe,845,58,3339,5876,2483,1822,139,0,0,1105,779,8,6,2,8
24,26,moe,3683,66,12370,16568,7822,10215,476,1,0,6144,743,8,1,7,8
24,-1,epi,0,0,0,0,0,0,0,0,6094,0,0,0,0,0,0
25,-2,pre,217,0,0,0,0,0,0,0,0,0,0,0,0,0,0
25,0,dense,1478,37,0,0,0,0,0,0,0,0,0,0,0,0,0
25,1,moe,833,33,11,0,0,0,0,1,10,0,774,8,8,0,8
25,2,moe,762,34,1109,470,693,886,59,0,0,529,773,8,7,1,8
25,3,moe,659,29,5989,12797,4752,2750,190,0,0,1703,759,8,5,3,8
25,4,moe,754,31,5482,13544,5071,849,48,0,0,486,628,8,7,1,8
25,5,moe,814,37,9,0,0,0,0,0,9,0,636,8,8,0,8
25,6,moe,736,32,1971,2525,1401,1022,60,0,0,512,751,8,7,1,8
25,7,moe,653,34,1881,2548,1485,859,63,0,0,526,746,8,7,1,8
25,8,moe,785,56,2477,2613,1916,1533,116,0,0,1088,646,8,6,2,8
25,9,moe,821,32,1849,2365,1269,1020,77,0,0,517,759,8,7,1,8
25,10,moe,750,29,5667,7549,4100,4245,163,0,0,2841,628,8,5,3,8
25,11,moe,650,30,10,0,0,0,0,0,10,0,627,8,8,0,8
25,12,moe,737,31,9,0,0,0,0,0,9,0,756,8,8,0,8
25,13,moe,812,32,1666,2237,1378,788,51,0,0,551,638,8,7,1,8
25,14,moe,751,32,2693,4926,2137,1541,105,1,0,1091,658,8,6,2,8
25,15,moe,668,30,4186,5746,2799,2824,181,0,0,1618,765,8,5,3,8
25,16,moe,758,38,2769,4841,2092,1627,111,0,0,1061,688,8,6,2,8
25,17,moe,878,59,3566,7488,2737,2323,166,0,0,1660,647,8,5,3,8
25,18,moe,748,35,6545,6577,4746,1902,3406,0,0,3509,1360,8,6,2,8
25,19,moe,643,30,6432,12997,5124,2384,2831,0,0,3907,1116,8,5,3,8
25,20,moe,739,37,2032,2404,1605,772,481,0,0,826,2919,8,7,1,8
25,21,moe,813,34,4439,9029,3025,2840,214,0,0,1640,849,8,5,3,8
25,22,moe,1138,35,2534,2247,1852,1501,191,0,0,1010,889,8,7,1,8
25,23,moe,808,32,1945,2396,1397,1007,61,0,0,520,793,8,7,1,8
25,24,moe,850,34,2978,5151,2152,1806,130,0,0,1110,765,8,6,2,8
25,25,moe,818,33,1886,2739,1471,900,59,0,0,544,754,8,7,1,8
25,26,moe,664,29,1147,486,719,908,62,0,0,542,755,8,7,1,8
25,-1,epi,0,0,0,0,0,0,0,0,6157,0,0,0,0,0,0
26,-2,pre,205,0,0,0,0,0,0,0,0,0,0,0,0,0,0
26,0,dense,1516,34,0,0,0,0,0,0,0,0,0,0,0,0,0
26,1,moe,857,35,5398,2267,3238,4823,183,0,0,2846,778,8,5,3,8
26,2,moe,759,30,4055,8308,2834,2748,201,0,0,1728,756,8,5,3,8
26,3,moe,661,31,3755,1498,2301,3237,120,0,0,1903,757,8,6,2,8
26,4,moe,752,34,2433,2516,1818,1464,49,0,0,898,648,8,7,1,8
26,5,moe,822,33,8,0,0,0,0,1,7,0,649,8,8,0,8
26,6,moe,758,34,1988,2586,1406,1028,65,0,0,511,763,8,7,1,8
26,7,moe,662,29,8,0,0,0,0,0,8,0,641,8,8,0,8
26,8,moe,748,29,1792,2350,1371,878,52,0,0,509,650,8,7,1,8
26,9,moe,831,29,9,0,0,0,0,0,9,0,774,8,8,0,8
26,10,moe,758,29,3011,4842,2395,1565,296,0,0,1245,637,8,6,2,8
26,11,moe,665,42,2456,2382,1894,1534,101,0,0,1073,645,8,6,2,8
26,12,moe,759,32,1913,2522,1335,1043,59,0,0,524,755,8,7,1,8
26,13,moe,822,31,2953,5263,2289,1624,110,0,0,1070,642,8,6,2,8
26,14,moe,740,31,3339,5400,2510,2311,162,0,0,1644,647,8,5,3,8
26,15,moe,657,28,4042,5401,2678,2811,189,0,0,1636,762,8,5,3,8
26,16,moe,743,30,2995,1840,2041,2404,157,0,0,1607,666,8,5,3,8
26,17,moe,828,31,1626,2323,1336,787,51,0,0,548,644,8,7,1,8
26,18,moe,749,29,7328,2751,4404,4975,1673,0,0,3724,2381,8,5,3,8
26,19,moe,702,39,7117,13312,5568,3165,1217,0,0,2833,1594,8,4,4,8
26,20,moe,748,43,3686,2843,2768,1556,1166,0,0,1804,3720,8,6,2,8
26,21,moe,825,47,4090,6234,2953,1975,376,0,0,1214,1949,8,6,2,8
26,22,moe,798,39,5425,2389,3719,4232,620,0,0,3146,728,8,5,3,8
26,23,moe,652,37,9,0,0,0,0,0,9,0,748,8,8,0,8
26,24,moe,815,38,6514,8770,4280,4992,318,0,0,3076,774,8,3,5,8
26,25,moe,820,39,1931,2825,1512,897,58,0,0,536,758,8,7,1,8
26,26,moe,658,34,3671,5104,2444,2694,186,0,0,1653,766,8,5,3,8
26,-1,epi,0,0,0,0,0,0,0,0,6134,0,0,0,0,0,0
27,-2,pre,203,0,0,0,0,0,0,0,0,0,0,0,0,0,0
27,0,dense,1513,42,0,0,0,0,0,0,0,0,0,0,0,0,0
27,1,moe,838,37,6143,11577,4106,4640,312,0,0,2915,770,8,3,5,8
27,2,moe,754,35,7756,8181,4869,6533,249,0,0,3895,756,8,4,4,8
27,3,moe,662,34,12058,14031,7377,10051,482,0,0,5852,754,8,1,7,8
27,4,moe,738,36,4349,4712,3135,3185,226,0,0,2197,638,8,4,4,8
27,5,moe,814,38,4476,9332,3374,3106,236,0,0,2240,649,8,4,4,8
27,6,moe,740,34,7226,15042,5600,3418,123,0,0,1915,751,8,6,2,8
27,7,moe,656,34,2949,5307,2262,1625,156,0,0,1094,630,8,6,2,8
27,8,moe,735,37,1709,2373,1423,774,52,0,0,540,643,8,7,1,8
27,9,moe,815,38,6472,8074,4145,5006,181,0,0,2860,745,8,5,3,8
27,10,moe,741,39,4586,8373,3347,3196,226,0,0,2183,636,8,4,4,8
27,11,moe,646,35,5406,13087,4294,3141,229,0,0,2258,644,8,4,4,8
27,12,moe,736,38,2743,2882,1756,1923,127,0,0,1063,789,8,6,2,8
27,13,moe,819,39,6749,10291,4689,5264,221,0,0,3425,654,8,4,4,8
27,14,moe,779,48,6309,11040,4921,4368,262,0,0,3242,650,8,3,5,8
27,15,moe,658,35,9359,15308,5898,7561,518,0,0,4618,771,8,0,8,8
27,16,moe,741,37,5494,7891,3995,4009,268,0,0,2778,648,8,3,5,8
27,17,moe,819,38,3076,2494,2239,2305,155,0,0,1623,634,8,5,3,8
27,18,moe,748,35,11224,10764,6762,6486,3530,0,0,5554,762,8,1,7,8
27,19,moe,656,36,9241,15825,7082,4204,3601,0,0,5646,1121,8,3,5,8
27,20,moe,735,40,6889,2895,4792,5545,745,0,0,4193,631,8,4,4,8
27,21,moe,816,37,8828,13394,6350,3716,1851,1,0,3090,779,8,4,4,8
27,22,moe,807,40,5975,7048,4348,3179,1337,0,0,2889,1153,8,4,4,8
27,23,moe,668,37,2828,2608,1874,1890,120,0,0,1056,1070,8,6,2,8
27,24,moe,1300,40,12207,16685,7953,9540,733,1,0,6020,859,8,2,6,8
27,25,moe,800,36,7100,11979,5054,5121,309,0,0,3384,753,8,3,5,8
27,26,moe,650,35,6739,5627,4287,5559,388,0,0,3495,759,8,2,6,8
27,-1,epi,0,0,0,0,0,0,0,0,5985,0,0,0,0,0,0
28,-2,pre,211,0,0,0,0,0,0,0,0,0,0,0,0,0,0
28,0,dense,1504,41,0,0,0,0,0,0,0,0,0,0,0,0,0
28,1,moe,836,35,8046,17037,5594,5678,400,0,0,3626,764,8,2,6,8
28,2,moe,739,35,6304,11726,4266,4500,327,0,0,2789,760,8,3,5,8
28,3,moe,657,35,12796,31276,9883,6487,519,0,0,4093,758,8,1,7,8
28,4,moe,744,36,3044,5115,2332,1646,136,0,0,1070,634,8,6,2,8
28,5,moe,813,40,7119,9562,5186,5556,241,0,0,3864,630,8,4,4,8
28,6,moe,741,35,4187,5198,2770,2839,283,0,0,1705,823,8,5,3,8
28,7,moe,666,37,4458,6869,3207,3223,263,0,0,2235,642,8,4,4,8
28,8,moe,747,39,9308,28332,8474,2334,182,0,0,1682,633,8,5,3,8
28,9,moe,822,40,7516,16221,5299,5236,353,0,0,3372,753,8,3,5,8
28,10,moe,735,38,7823,22239,6293,5001,285,0,0,3756,638,8,3,5,8
28,11,moe,656,38,5923,14700,5090,2321,167,0,0,1655,634,8,5,3,8
28,12,moe,739,38,1814,2363,1232,1028,63,0,0,509,761,8,7,1,8
28,13,moe,833,45,4542,9645,3320,3194,227,0,0,2199,637,8,4,4,8
28,14,moe,736,41,4412,5449,3303,3153,218,0,0,2262,645,8,4,4,8
28,15,moe,642,35,4307,7244,2908,2832,186,0,0,1619,755,8,5,3,8
28,16,moe,740,36,7117,13125,5368,5196,329,0,0,3776,633,8,2,6,8
28,17,moe,803,35,4438,9986,3331,3108,232,0,0,2233,636,8,4,4,8
28,18,moe,745,40,6229,5802,3911,4911,192,0,0,2785,750,8,5,3,8
28,19,moe,649,36,6443,9625,4748,3151,2128,0,0,3584,1205,8,4,4,8
28,20,moe,740,41,4798,7572,3628,2344,1274,0,0,2448,636,8,5,3,8
28,21,moe,818,38,4942,5851,3117,2800,1270,0,0,2245,1317,8,5,3,8
28,22,moe,821,85,7975,8175,5632,5617,1108,0,0,4382,636,8,4,4,8
28,23,moe,655,36,4313,5358,2963,1899,1191,0,0,1740,2015,8,6,2,8
28,24,moe,856,46,4633,7975,3170,2789,768,0,0,2094,912,8,5,3,8
28,25,moe,1259,42,5535,13189,4141,2703,633,0,0,1942,901,8,5,3,8
28,26,moe,672,39,4412,10914,3173,2744,206,0,0,1711,750,8,5,3,8
28,-1,epi,0,0,0,0,0,0,0,0,6024,0,0,0,0,0,0
29,-2,pre,222,0,0,0,0,0,0,0,0,0,0,0,0,0,0
29,0,dense,1500,44,0,0,0,0,0,0,0,0,0,0,0,0,0
29,1,moe,850,39,8032,8256,5122,6573,251,0,0,3914,758,8,4,4,8
29,2,moe,751,40,8743,17742,5133,6549,320,0,0,3259,751,8,3,5,8
29,3,moe,656,35,8058,10852,5167,6655,264,0,0,4028,754,8,4,4,8
29,4,moe,733,37,3948,8782,3009,2476,184,0,0,1721,630,8,5,3,8
29,5,moe,819,35,3592,7563,2750,2315,177,0,0,1650,635,8,5,3,8
29,6,moe,740,37,7860,16161,5176,5652,495,0,0,3463,782,8,2,6,8
29,7,moe,658,34,3816,8216,2846,2475,217,0,0,1722,678,8,5,3,8
29,8,moe,749,40,8176,12248,5719,6347,322,0,0,4212,646,8,3,5,8
29,9,moe,825,42,2937,2794,1968,1904,118,0,0,1053,764,8,6,2,8
29,10,moe,747,38,3817,7406,2882,2399,198,0,0,1662,657,8,5,3,8
29,11,moe,656,33,3788,5733,2944,2307,169,0,0,1632,644,8,5,3,8
29,12,moe,741,39,2803,2563,1887,1776,57,0,0,917,760,8,7,1,8
29,13,moe,815,35,4477,10754,3541,2441,194,1,0,1700,649,8,5,3,8
29,14,moe,746,37,4652,1660,3196,4197,156,0,0,2897,633,8,5,3,8
29,15,moe,660,38,4453,2826,2847,3365,116,0,0,1875,754,8,6,2,8
29,16,moe,823,37,5484,8902,4539,2370,152,0,0,1577,639,8,5,3,8
29,17,moe,810,40,6541,8492,4603,5069,221,0,0,3352,652,8,4,4,8
29,18,moe,740,37,7515,8268,4503,6211,244,0,0,3443,800,8,4,4,8
29,19,moe,688,97,5397,11555,4285,2412,672,0,0,1972,642,8,5,3,8
29,20,moe,738,38,10413,29731,9411,2521,758,0,0,2277,638,8,5,3,8
29,21,moe,809,38,7418,6753,4902,3707,2660,0,0,3851,757,8,4,4,8
29,22,moe,806,36,3353,5945,2548,1603,584,0,0,1382,1085,8,6,2,8
29,23,moe,653,32,11002,23058,7970,4822,3366,0,0,5156,1394,8,3,5,8
29,24,moe,857,67,6509,9007,4540,4019,1425,0,0,3475,856,8,4,4,8
29,25,moe,819,39,5439,11062,3677,3659,569,0,0,2466,1183,8,4,4,8
29,26,moe,1017,61,5840,8104,3757,4490,316,0,0,2723,777,8,3,5,8
29,-1,epi,0,0,0,0,0,0,0,0,6020,0,0,0,0,0,0
30,-2,pre,47,0,0,0,0,0,0,0,0,0,0,0,0,0,0
30,0,dense,1766,39,0,0,0,0,0,0,0,0,0,0,0,0,0
30,1,moe,984,36,7614,14934,5156,5640,387,0,0,3569,778,8,2,6,8
30,2,moe,889,37,6667,18646,5425,2774,184,0,0,1716,762,8,5,3,8
30,3,moe,660,32,10718,14479,6386,8744,434,0,0,4846,766,8,2,6,8
30,4,moe,910,38,4663,7059,3412,3275,237,0,0,2261,630,8,4,4,8
30,5,moe,959,32,3651,2550,2684,2760,108,0,0,1901,634,8,6,2,8
30,6,moe,881,33,1913,2520,1368,990,58,0,0,503,754,8,7,1,8
30,7,moe,656,30,3750,7200,2815,2450,193,0,0,1708,637,8,5,3,8
30,8,moe,888,33,2510,2485,1943,1544,100,0,0,1077,636,8,6,2,8
30,9,moe,963,33,4135,5765,2750,2817,213,0,0,1645,769,8,5,3,8
30,10,moe,892,34,6364,7700,4591,4734,336,0,0,3297,635,8,2,6,8
30,11,moe,650,30,3654,7109,2821,2418,170,0,0,1755,639,8,5,3,8
30,12,moe,878,30,6586,14038,4364,4781,357,0,0,2916,775,8,3,5,8
30,13,moe,960,34,4791,8185,3574,3295,252,0,0,2330,638,8,4,4,8
30,14,moe,876,33,5628,9450,4245,4007,265,0,0,2889,638,8,3,5,8
30,15,moe,656,30,5165,7718,3397,3886,258,0,0,2376,763,8,4,4,8
30,16,moe,745,32,4735,8593,3524,3168,210,0,0,2167,638,8,4,4,8
30,17,moe,809,34,5536,12261,4159,3878,291,0,0,2792,644,8,3,5,8
30,18,moe,738,33,8482,10749,5337,6458,722,0,0,4035,761,8,1,7,8
30,19,moe,652,32,9857,14929,6723,7399,745,0,0,5010,628,8,2,6,8
30,20,moe,732,42,11769,27592,9025,5484,4705,0,0,7445,639,8,1,7,8
30,21,moe,806,35,10230,19632,7185,4654,3051,0,0,4660,754,8,3,5,8
30,22,moe,812,36,9654,10884,7082,4907,3211,0,0,5546,639,8,2,6,8
30,23,moe,651,32,10375,24151,7446,5224,3537,1,0,5833,1280,8,3,5,8
30,24,moe,811,38,12802,18934,8742,6582,4393,0,0,6915,1286,8,1,7,8
30,25,moe,808,37,8789,23180,6320,4827,2525,0,0,4883,862,8,3,5,8
30,26,moe,645,32,8676,13297,5763,6845,477,0,0,4409,755,8,1,7,8
30,-1,epi,0,0,0,0,0,0,0,0,5986,0,0,0,0,0,0
31,-2,pre,224,0,0,0,0,0,0,0,0,0,0,0,0,0,0
31,0,dense,2045,40,0,0,0,0,0,0,0,0,0,0,0,0,0
31,1,moe,1133,39,9428,16380,6326,6501,1170,0,0,4569,767,8,1,7,8
31,2,moe,743,34,12803,21046,8487,9398,382,1,0,5465,761,8,2,6,8
31,3,moe,657,32,12216,13441,7760,10315,446,0,0,6305,755,8,1,7,8
31,4,moe,735,34,5931,10541,3873,4459,257,0,0,2658,632,8,4,4,8
31,5,moe,808,32,3138,2890,2288,2333,174,0,0,1657,635,8,5,3,8
31,6,moe,759,34,5224,10542,3428,3771,284,0,0,2259,755,8,4,4,8
31,7,moe,651,29,9455,17867,7342,5792,234,0,0,3913,624,8,4,4,8
31,8,moe,736,34,4783,10260,3661,3161,253,1,0,2293,631,8,4,4,8
31,9,moe,820,31,5915,6483,3641,4721,338,0,0,2785,766,8,3,5,8
31,10,moe,734,34,5678,10953,4169,4124,313,0,0,2928,636,8,3,5,8
31,11,moe,656,31,11992,16713,8620,9331,409,0,0,6368,660,8,1,7,8
31,12,moe,737,31,4694,9178,3324,3357,222,0,0,2209,755,8,5,3,8
31,13,moe,804,32,8452,12704,5872,6695,320,0,0,4435,628,8,3,5,8
31,14,moe,733,34,4336,7439,3228,3123,220,0,0,2235,630,8,4,4,8
31,15,moe,645,30,8042,16990,5383,5771,423,1,0,3536,836,8,2,6,8
31,16,moe,725,37,8574,10255,6210,6751,491,0,0,4878,651,8,0,8,8
31,17,moe,830,37,11036,14911,7644,8980,391,0,0,5979,686,8,1,7,8
31,18,moe,770,54,12818,14844,8207,10368,894,1,0,6652,764,8,1,7,8
31,19,moe,670,31,10279,12474,7213,8186,496,0,0,5616,637,8,2,6,8
31,20,moe,737,32,6109,9893,4720,4080,262,0,0,2953,646,8,3,5,8
31,21,moe,820,76,5281,6115,3421,4034,270,0,0,2444,766,8,4,4,8
31,22,moe,822,36,13521,8848,9403,3955,8291,1,0,8129,766,8,3,5,8
31,23,moe,17272,36,10581,13749,6833,5626,3600,0,0,5478,758,8,2,6,8
31,24,moe,807,38,16739,18644,12049,7873,7174,0,0,10357,764,8,0,8,8
31,25,moe,819,40,16530,16066,10366,11272,3235,1,0,8344,758,8,1,7,8
31,26,moe,656,39,12269,10343,7945,10613,483,0,0,6772,749,8,1,7,8
31,-1,epi,0,0,0,0,0,0,0,0,5840,0,0,0,0,0,0
32,-2,pre,221,0,0,0,0,0,0,0,0,0,0,0,0,0,0
32,0,dense,1465,35,0,0,0,0,0,0,0,0,0,0,0,0,0
32,1,moe,826,34,11376,9678,7235,8049,2315,0,0,6223,1704,8,3,5,8
32,2,moe,4257,47,8235,8370,6791,2706,4373,0,0,5635,3935,8,5,3,8
32,3,moe,970,38,10049,16361,6273,7035,1312,0,0,4571,1141,8,2,6,8
32,4,moe,1358,52,7424,5213,5187,5677,662,0,0,4102,994,8,4,4,8
32,5,moe,1358,44,3795,5574,2835,2362,505,0,0,1907,935,8,5,3,8
32,6,moe,1008,37,4837,5508,3243,3352,224,0,0,1982,847,8,6,2,8
32,7,moe,645,32,5563,7410,4006,4211,197,0,0,2851,630,8,5,3,8
32,8,moe,747,32,3555,4943,2722,2407,218,0,0,1792,644,8,5,3,8
32,9,moe,814,55,5818,5983,3464,4642,214,0,0,2502,756,8,5,3,8
32,10,moe,739,31,7225,10304,5164,5650,222,0,0,3811,636,8,4,4,8
32,11,moe,661,33,5461,10450,4075,3874,283,0,0,2771,653,8,3,5,8
32,12,moe,749,30,8251,8543,5150,6724,260,1,0,3884,757,8,4,4,8
32,13,moe,849,38,5668,15516,4701,2400,187,0,0,1620,634,8,5,3,8
32,14,moe,752,34,3540,5716,2702,2340,158,0,0,1660,640,8,5,3,8
32,15,moe,660,45,4954,5690,3167,3719,239,0,0,2171,762,8,4,4,8
32,16,moe,746,35,5486,7816,4019,4036,274,1,0,2844,642,8,3,5,8
32,17,moe,813,40,8584,10708,6158,7047,273,0,0,4894,643,8,3,5,8
32,18,moe,751,40,7277,9449,4578,5517,611,0,0,3429,785,8,2,6,8
32,19,moe,653,38,10685,15823,7675,8070,326,0,0,5386,639,8,2,6,8
32,20,moe,734,39,5469,8499,3890,3750,569,0,0,2740,631,8,5,3,8
32,21,moe,817,40,7815,18672,5605,4628,326,0,0,2744,762,8,3,5,8
32,22,moe,813,38,10214,12484,7152,8444,326,0,0,5708,637,8,2,6,8
32,23,moe,640,35,9402,10558,5896,6712,1424,1,0,4631,1288,8,4,4,8
32,24,moe,7366,40,9596,5097,6403,5819,3091,0,0,5717,763,8,2,6,8
32,25,moe,802,56,16765,10387,13587,4456,11148,0,0,12426,770,8,3,5,8
32,26,moe,654,46,7768,10650,4877,6349,261,0,0,3719,749,8,4,4,8
32,-1,epi,0,0,0,0,0,0,0,0,5895,0,0,0,0,0,0
33,-2,pre,225,0,0,0,0,0,0,0,0,0,0,0,0,0,0
33,0,dense,1476,52,0,0,0,0,0,0,0,0,0,0,0,0,0
33,1,moe,886,49,8675,14075,5868,4787,2466,0,0,4446,2676,8,3,5,8
33,2,moe,775,52,7382,8105,5274,3117,3071,0,0,4080,826,8,5,3,8
33,3,moe,728,49,4345,5445,3017,1885,1322,0,0,1879,2723,8,6,2,8
33,4,moe,772,61,6052,5188,4308,3787,1054,0,0,3097,1162,8,6,2,8
33,5,moe,825,51,4746,4987,3542,2821,815,0,0,2432,2035,8,6,2,8
33,6,moe,747,47,9822,8511,7614,3817,4123,0,0,5732,1168,8,5,3,8
33,7,moe,994,127,1120,465,727,833,68,0,0,508,989,8,7,1,8
33,8,moe,1188,46,5737,7726,4149,3477,639,0,0,2528,998,8,5,3,8
33,9,moe,1202,43,4679,3044,3002,3340,389,0,0,2052,907,8,6,2,8
33,10,moe,759,37,6837,11461,4752,5011,223,0,0,3149,699,8,4,4,8
33,11,moe,678,41,5271,2864,3782,4232,181,1,0,2925,680,8,5,3,8
33,12,moe,737,38,5805,11579,3979,4242,303,0,0,2719,767,8,4,4,8
33,13,moe,823,39,2983,5120,2337,1607,127,0,0,1088,650,8,6,2,8
33,14,moe,780,43,4600,10664,3489,3116,234,0,0,2239,660,8,4,4,8
33,15,moe,667,35,7691,5521,4678,6598,239,0,0,3824,757,8,4,4,8
33,16,moe,738,39,5312,5335,3731,4051,169,0,0,2639,637,8,5,3,8
33,17,moe,825,43,4687,8207,3566,3287,223,0,0,2389,648,8,4,4,8
33,18,moe,740,37,3784,5561,2385,2814,195,0,0,1610,764,8,5,3,8
33,19,moe,675,60,3475,4954,2525,2382,162,0,0,1594,650,8,5,3,8
33,20,moe,750,38,12145,12220,8530,9774,979,0,0,7138,641,8,1,7,8
33,21,moe,825,41,7799,17371,5586,4766,328,1,0,2882,764,8,3,5,8
33,22,moe,873,41,5115,2659,3562,4219,152,0,0,2818,643,8,5,3,8
33,23,moe,653,42,4574,5510,2909,3425,128,0,0,1888,754,8,6,2,8
33,24,moe,2924,40,1864,501,1124,1620,63,0,0,943,759,8,7,1,8
33,25,moe,821,37,4999,8022,3698,1799,2147,0,0,2645,757,8,6,2,8
33,26,moe,659,36,11,0,0,0,0,0,11,0,755,8,8,0,8
33,-1,epi,0,0,0,0,0,0,0,0,6062,0,0,0,0,0,0
34,-2,pre,218,0,0,0,0,0,0,0,0,0,0,0,0,0,0
34,0,dense,1498,42,0,0,0,0,0,0,0,0,0,0,0,0,0
34,1,moe,845,38,9668,8032,6621,4527,4079,0,0,5559,777,8,3,5,8
34,2,moe,747,38,6573,5553,4054,3627,2072,0,0,3180,1981,8,4,4,8
34,3,moe,673,36,6811,11352,4514,3714,1934,0,0,3351,765,8,4,4,8
34,4,moe,743,40,4902,7988,3652,2455,1179,0,0,2384,648,8,5,3,8
34,5,moe,814,40,3969,5051,2999,2778,106,0,0,1914,632,8,6,2,8
34,6,moe,751,36,11420,8948,8313,4935,5368,0,0,7196,1261,8,5,3,8
34,7,moe,651,35,5124,5632,3630,2351,1832,0,0,2689,1479,8,5,3,8
34,8,moe,750,39,1712,2538,1414,781,53,0,0,536,1222,8,7,1,8
34,9,moe,838,39,11,0,0,0,0,0,11,0,1591,8,8,0,8
34,10,moe,1221,48,4293,5101,3253,2771,323,0,0,2054,993,8,6,2,8
34,11,moe,821,43,7434,11807,5395,5616,597,0,0,4174,893,8,4,4,8
34,12,moe,841,39,6203,8824,3998,4839,314,0,0,2948,768,8,3,5,8
34,13,moe,817,38,2373,2278,1728,1508,50,0,0,913,633,8,7,1,8
34,14,moe,742,35,4467,10269,3360,3098,233,0,0,2224,654,8,4,4,8
34,15,moe,676,33,6313,8070,3967,5055,177,0,0,2886,761,8,5,3,8
34,16,moe,750,34,8487,16101,6442,5707,218,0,0,3880,639,8,4,4,8
34,17,moe,820,40,5132,7637,3758,3837,279,0,0,2742,650,8,3,5,8
34,18,moe,746,37,6685,11817,4468,5017,327,0,0,3127,823,8,3,5,8
34,19,moe,689,99,5323,7639,3994,3569,496,0,0,2736,673,8,4,4,8
34,20,moe,747,38,3578,4697,2690,2320,335,0,0,1767,654,8,5,3,8
34,21,moe,821,40,8011,10882,4938,6616,257,0,0,3800,761,8,4,4,8
34,22,moe,807,39,4879,10177,3619,3164,397,0,0,2301,641,8,4,4,8
34,23,moe,649,33,3137,5754,2175,1906,130,0,0,1074,763,8,6,2,8
34,24,moe,820,42,5671,5475,3623,4484,321,0,0,2757,771,8,3,5,8
34,25,moe,817,35,6028,9858,4248,2798,1517,0,0,2535,767,8,5,3,8
34,26,moe,653,38,7089,17724,5450,4425,249,0,0,3035,774,8,4,4,8
34,-1,epi,0,0,0,0,0,0,0,0,6046,0,0,0,0,0,0
35,-2,pre,224,0,0,0,0,0,0,0,0,0,0,0,0,0,0
35,0,dense,1507,43,0,0,0,0,0,0,0,0,0,0,0,0,0
35,1,moe,858,40,12430,13810,8008,8226,2584,0,0,6388,1354,8,3,5,8
35,2,moe,790,63,14790,10869,12266,4220,9293,0,0,10989,752,8,4,4,8
35,3,moe,662,40,7472,8599,4786,4900,1465,0,0,3679,1301,8,5,3,8
35,4,moe,752,42,6937,7794,4974,4261,1320,0,0,3618,668,8,5,3,8
35,5,moe,821,46,4530,4998,3406,2793,576,0,0,2245,1066,8,6,2,8
35,6,moe,752,39,3102,2462,2054,1693,556,0,0,1201,987,8,7,1,8
35,7,moe,648,34,3442,2674,2480,1612,1016,0,0,1666,1097,8,6,2,8
35,8,moe,742,38,2402,1032,1673,1537,609,0,0,1417,1123,8,6,2,8
35,9,moe,819,39,11003,12263,8352,3015,6807,0,0,7171,780,8,5,3,8
35,10,moe,754,43,9245,10191,6622,5531,2504,0,0,5412,1265,8,4,4,8
35,11,moe,728,39,3420,4815,2614,1668,708,0,0,1570,1282,8,6,2,8
35,12,moe,944,42,7956,8166,4759,6452,510,0,0,3765,1329,8,4,4,8
35,13,moe,1271,49,3915,2613,2783,2922,128,0,0,1918,1602,8,6,2,8
35,14,moe,1233,44,8171,7206,5605,6235,970,0,0,4639,773,8,3,5,8
35,15,moe,815,39,4332,5471,2871,2972,406,0,0,1917,946,8,5,3,8
35,16,moe,745,33,5871,7665,4246,4325,366,0,0,3066,781,8,5,3,8
35,17,moe,823,34,6926,7894,5004,5602,218,0,0,3898,638,8,4,4,8
35,18,moe,751,33,5205,7826,3405,3748,270,0,0,2218,771,8,4,4,8
35,19,moe,656,30,7334,7850,5207,5711,375,0,0,3959,643,8,4,4,8
35,20,moe,753,35,5460,5755,3969,3936,727,0,0,3172,651,8,3,5,8
35,21,moe,827,39,3011,3063,2049,1882,116,0,0,1036,763,8,6,2,8
35,22,moe,853,37,7629,19521,6119,3961,268,0,0,2719,651,8,3,5,8
35,23,moe,653,35,10547,10643,6587,8280,740,0,0,5060,871,8,3,5,8
35,24,moe,767,36,5495,8110,3267,4250,213,0,0,2235,809,8,5,3,8
35,25,moe,871,62,7106,10760,4924,4259,1690,0,0,3767,768,8,4,4,8
35,26,moe,665,36,13498,20408,8955,11070,521,0,0,7048,773,8,0,8,8
35,-1,epi,0,0,0,0,0,0,0,0,6014,0,0,0,0,0,0
36,-2,pre,214,0,0,0,0,0,0,0,0,0,0,0,0,0,0
36,0,dense,1519,44,0,0,0,0,0,0,0,0,0,0,0,0,0
36,1,moe,855,40,26621,57645,20249,10494,9339,0,0,13461,758,8,1,7,8
36,2,moe,756,42,2358,2591,1730,891,572,0,0,835,745,8,7,1,8
36,3,moe,665,34,10306,13019,7226,3655,5657,0,0,6232,755,8,4,4,8
36,4,moe,750,36,4041,4944,2939,2871,120,0,0,1889,675,8,6,2,8
36,5,moe,828,36,6355,4653,4687,3325,1931,0,0,3588,690,8,6,2,8
36,6,moe,764,36,5118,2929,3220,3375,789,0,0,2266,831,8,6,2,8
36,7,moe,677,41,9823,13253,6901,4237,4426,0,0,5741,685,8,4,4,8
36,8,moe,776,44,13,0,0,0,0,0,13,0,643,8,8,0,8
36,9,moe,827,37,6002,6118,4060,3578,1283,0,0,2919,773,8,6,2,8
36,10,moe,673,39,4883,5470,3602,2966,609,0,0,2294,1663,8,6,2,8
36,11,moe,732,41,2364,2613,1851,1397,70,1,0,955,689,8,7,1,8
36,12,moe,764,40,13018,11006,9001,6475,5033,0,0,7491,818,8,4,4,8
36,13,moe,866,41,4796,6552,3881,2461,835,0,0,2381,2657,8,6,2,8
36,14,moe,850,46,6017,7988,4364,4088,845,0,0,3280,769,8,5,3,8
36,15,moe,669,36,3833,5348,2448,2806,197,0,0,1618,875,8,5,3,8
36,16,moe,754,39,5785,5288,4162,4256,317,0,0,2950,648,8,5,3,8
36,17,moe,828,39,5451,9938,4078,3873,285,0,0,2785,746,8,3,5,8
36,18,moe,756,40,4104,8503,2751,2788,198,0,0,1633,802,8,5,3,8
36,19,moe,648,38,6766,10284,4627,4868,666,1,0,3396,667,8,4,4,8
36,20,moe,793,38,6982,9746,4740,5240,618,0,0,3616,833,8,4,4,8
36,21,moe,849,43,7377,19349,5377,3757,807,0,0,2564,815,8,4,4,8
36,22,moe,847,43,6050,12336,4518,4241,300,0,0,3009,673,8,3,5,8
36,23,moe,676,37,5369,10698,3555,3912,273,0,0,2371,810,8,4,4,8
36,24,moe,850,47,7489,11042,4565,6038,283,0,0,3397,770,8,4,4,8
36,25,moe,7722,40,9526,10232,5885,8057,330,0,0,4746,1055,8,3,5,8
36,26,moe,660,36,5937,5395,3770,4858,178,0,0,2869,755,8,5,3,8
36,-1,epi,0,0,0,0,0,0,0,0,6015,0,0,0,0,0,0
37,-2,pre,233,0,0,0,0,0,0,0,0,0,0,0,0,0,0
37,0,dense,1502,45,0,0,0,0,0,0,0,0,0,0,0,0,0
37,1,moe,848,40,8256,5565,5142,6539,849,0,0,4274,774,8,4,4,8
37,2,moe,774,41,5985,4974,2995,2814,2328,0,0,2152,956,8,5,3,8
37,3,moe,744,43,4575,8636,3294,3177,218,0,0,2114,774,8,5,3,8
37,4,moe,748,42,7190,9586,4976,5208,780,0,0,3774,664,8,4,4,8
37,5,moe,856,51,5401,8623,4055,2320,1966,0,0,2940,1173,8,5,3,8
37,6,moe,771,54,11,0,0,0,0,0,11,0,1783,8,8,0,8
37,7,moe,691,50,3273,4801,2535,1538,621,0,0,1421,656,8,6,2,8
37,8,moe,848,113,6346,8121,4737,3818,1370,0,0,3579,692,8,5,3,8
37,9,moe,862,49,7170,5306,5687,1896,1981,0,0,2394,1372,8,6,2,8
37,10,moe,756,41,2309,2302,1732,826,615,0,0,864,2108,8,7,1,8
37,11,moe,699,38,5429,9864,4140,3506,790,1,0,3008,651,8,4,4,8
37,12,moe,789,38,10127,12317,6350,6178,2733,0,0,5134,762,8,4,4,8
37,13,moe,865,45,2366,2415,1706,1595,116,0,0,1051,637,8,6,2,8
37,14,moe,746,39,5785,7360,3549,2976,1697,0,0,2437,642,8,5,3,8
37,15,moe,667,38,7269,12754,4846,3759,2372,1,0,3709,792,8,4,4,8
37,16,moe,757,40,4595,7351,3390,3139,227,0,0,2161,653,8,4,4,8
37,17,moe,821,39,8785,15013,6149,6441,867,0,0,4672,1120,8,3,5,8
37,18,moe,739,38,3542,2841,2254,1897,750,0,0,1359,814,8,6,2,8
37,19,moe,665,35,4860,5083,3484,3148,704,0,0,2476,1065,8,4,4,8
37,20,moe,757,38,1006,469,720,765,51,0,0,530,662,8,7,1,8
37,21,moe,830,35,4066,8174,3087,1913,123,0,0,1057,943,8,6,2,8
37,22,moe,822,38,6001,7395,4371,4267,308,0,0,2945,835,8,5,3,8
37,23,moe,663,34,5800,10525,3909,4162,436,0,0,2707,866,8,4,4,8
37,24,moe,838,36,12255,16896,7725,9800,752,0,0,6022,758,8,2,6,8
37,25,moe,817,37,6470,13813,4318,4522,539,0,0,2909,874,8,3,5,8
37,26,moe,667,36,10508,13895,6091,8425,574,0,0,4582,853,8,2,6,8
37,-1,epi,0,0,0,0,0,0,0,0,6483,0,0,0,0,0,0
38,-2,pre,217,0,0,0,0,0,0,0,0,0,0,0,0,0,0
38,0,dense,1513,41,0,0,0,0,0,0,0,0,0,0,0,0,0
38,1,moe,849,37,8173,8102,5043,6561,492,0,0,3923,760,8,4,4,8
38,2,moe,745,37,11,0,0,0,0,0,11,0,763,8,8,0,8
38,3,moe,670,34,6941,11337,4986,2692,3096,0,0,3833,772,8,5,3,8
38,4,moe,750,37,2841,2375,2056,1484,501,0,0,1200,641,8,7,1,8
38,5,moe,824,35,1546,2239,1262,770,52,0,0,538,646,8,7,1,8
38,6,moe,758,36,3889,2749,2802,1696,1188,0,0,1797,760,8,7,1,8
38,7,moe,659,34,9,0,0,0,0,0,9,0,632,8,8,0,8
38,8,moe,749,41,2884,4851,2175,1646,129,0,0,1066,849,8,6,2,8
38,9,moe,833,55,4277,2439,2882,1453,1860,1,0,1919,1121,8,7,1,8
38,10,moe,787,74,2765,2425,2042,851,1023,0,0,1151,728,8,7,1,8
38,11,moe,667,35,7281,14238,5668,3379,1183,0,0,2949,693,8,5,3,8
38,12,moe,770,48,12,0,0,0,0,0,12,0,799,8,8,0,8
38,13,moe,846,48,14,0,0,0,0,0,14,0,659,8,8,0,8
38,14,moe,765,37,1828,2852,1543,770,52,0,0,537,653,8,7,1,8
38,15,moe,676,34,7074,8300,4604,4977,551,0,0,3058,765,8,5,3,8
38,16,moe,752,37,6717,12929,5102,3223,1692,0,0,3300,661,8,4,4,8
38,17,moe,820,39,4618,7510,3487,3169,223,0,0,2261,659,8,4,4,8
38,18,moe,751,39,11,0,0,0,0,0,11,0,1752,8,8,0,8
38,19,moe,699,39,6421,16107,5448,1763,1525,0,0,2315,645,8,6,2,8
38,20,moe,748,38,5520,7945,4057,4178,169,0,0,2884,642,8,5,3,8
38,21,moe,830,40,6015,11067,3998,3986,815,0,0,2784,1500,8,4,4,8
38,22,moe,815,38,7656,14419,5894,4305,643,1,0,3187,1096,8,5,3,8
38,23,moe,654,35,11574,14903,7504,7855,1220,0,0,5005,766,8,3,5,8
38,24,moe,819,40,7074,8110,4755,3605,2453,0,0,3739,1296,8,4,4,8
38,25,moe,818,39,4802,5092,3647,2028,1707,0,0,2580,767,8,6,2,8
38,26,moe,659,37,8220,16964,5288,6669,260,0,0,3997,753,8,4,4,8
38,-1,epi,0,0,0,0,0,0,0,0,7616,0,0,0,0,0,0
39,-2,pre,215,0,0,0,0,0,0,0,0,0,0,0,0,0,0
39,0,dense,1494,44,0,0,0,0,0,0,0,0,0,0,0,0,0
39,1,moe,841,43,4170,5198,2715,3167,129,0,0,1841,770,8,6,2,8
39,2,moe,756,37,6960,11189,4845,4095,1731,0,0,3711,769,8,4,4,8
39,3,moe,663,35,7180,10475,4795,3972,2073,0,0,3660,777,8,4,4,8
39,4,moe,742,38,7586,9780,5369,5691,707,0,0,4181,636,8,4,4,8
39,5,moe,835,39,1503,2131,1216,773,53,0,0,539,643,8,7,1,8
39,6,moe,742,35,2629,2498,1756,993,688,0,0,808,1382,8,7,1,8
39,7,moe,655,34,5920,7788,4170,3833,842,0,0,2925,1111,8,5,3,8
39,8,moe,755,39,4719,8608,3567,2324,1307,0,0,2479,656,8,5,3,8
39,9,moe,822,40,8039,11102,5177,4584,2198,0,0,3920,777,8,3,5,8
39,10,moe,743,39,4941,5092,3338,2887,884,0,0,2168,1114,8,6,2,8
39,11,moe,659,35,5791,9764,4365,3429,1198,1,0,3202,644,8,4,4,8
39,12,moe,744,36,7972,8750,5213,4963,1742,0,0,3946,760,8,5,3,8
39,13,moe,817,38,6731,7760,4800,4251,1386,0,0,3706,1142,8,5,3,8
39,14,moe,743,34,2251,2692,1813,770,506,0,0,838,633,8,7,1,8
39,15,moe,661,33,11403,16231,7886,6122,3510,0,0,6115,765,8,2,6,8
39,16,moe,746,39,3689,7610,2715,2415,161,0,0,1602,1127,8,5,3,8
39,17,moe,817,37,7025,10215,5047,5602,369,0,0,3993,1079,8,4,4,8
39,18,moe,743,34,5854,8374,3823,3712,1032,0,0,2713,818,8,4,4,8
39,19,moe,666,37,7956,7669,5276,5775,1152,0,0,4247,637,8,3,5,8
39,20,moe,739,40,6926,9593,4979,5565,220,0,0,3838,638,8,4,4,8
39,21,moe,813,36,6895,11378,4485,4621,983,0,0,3194,767,8,3,5,8
39,22,moe,819,40,5466,10153,3938,3991,294,0,0,2757,1133,8,3,5,8
39,23,moe,660,34,10967,15776,6693,8085,1167,0,0,4978,787,8,2,6,8
39,24,moe,811,36,12534,16556,7925,9189,1381,0,0,5961,763,8,2,6,8
39,25,moe,803,35,9319,17122,6247,6321,1211,0,0,4460,766,8,1,7,8
39,26,moe,661,34,8065,11114,5152,6522,256,0,0,3865,756,8,4,4,8
39,-1,epi,0,0,0,0,0,0,0,0,6348,0,0,0,0,0,0
40,-2,pre,212,0,0,0,0,0,0,0,0,0,0,0,0,0,0
40,0,dense,1486,40,0,0,0,0,0,0,0,0,0,0,0,0,0
40,1,moe,842,33,3281,5150,2360,1799,377,0,0,1255,998,8,6,2,8
40,2,moe,760,38,3541,5104,2495,1799,691,0,0,1444,879,8,6,2,8
40,3,moe,662,33,12211,15073,7851,9259,1010,0,0,5909,754,8,2,6,8
40,4,moe,744,36,4218,7589,3149,2396,461,0,0,1788,740,8,5,3,8
40,5,moe,825,35,4235,8099,3181,2310,771,0,0,2027,658,8,5,3,8
40,6,moe,746,36,4843,2627,2957,3405,665,0,0,2184,757,8,6,2,8
40,7,moe,657,32,6840,9892,5409,4913,645,0,0,4127,715,8,4,4,8
40,8,moe,829,75,1910,2613,1570,775,280,0,0,715,644,8,7,1,8
40,9,moe,819,36,1982,2508,1402,1026,62,0,0,508,801,8,7,1,8
40,10,moe,744,32,8285,15923,6629,3800,2610,0,0,4754,645,8,4,4,8
40,11,moe,649,34,4820,5293,3486,2781,771,0,0,2218,841,8,6,2,8
40,12,moe,809,65,2977,2888,1895,1366,496,0,0,780,956,8,7,1,8
40,13,moe,846,61,9362,12610,6497,3156,4600,0,0,4891,2512,8,4,4,8
40,14,moe,802,46,8030,10700,6081,3779,2790,0,0,4620,638,8,5,3,8
40,15,moe,663,33,8024,8153,5754,4630,2084,0,0,4444,1238,8,4,4,8
40,16,moe,739,39,4172,4899,3031,2376,1035,0,0,2270,649,8,5,3,8
40,17,moe,813,49,3730,2727,2851,1536,1534,0,0,2191,645,8,6,2,8
40,18,moe,743,36,7752,8217,4712,6209,249,0,0,3418,758,8,4,4,8
40,19,moe,653,33,7348,12549,5477,3831,2319,0,0,4279,632,8,5,3,8
40,20,moe,760,37,7101,20313,5983,3092,218,0,0,2192,643,8,4,4,8
40,21,moe,857,39,9684,10422,5708,4688,3739,0,0,4451,831,8,5,3,8
40,22,moe,793,44,4238,4631,2895,1637,1474,0,0,1768,837,8,6,2,8
40,23,moe,707,46,13989,13777,7635,7125,5355,1,0,6127,797,8,3,5,8
40,24,moe,867,45,11366,13505,6839,5702,4553,0,0,5728,818,8,4,4,8
40,25,moe,861,82,10767,9147,6927,8072,872,0,0,5104,753,8,3,5,8
40,26,moe,8302,39,7211,14650,5052,4955,635,0,0,3431,1408,8,3,5,8
40,-1,epi,0,0,0,0,0,0,0,0,6015,0,0,0,0,0,0
41,-2,pre,221,0,0,0,0,0,0,0,0,0,0,0,0,0,0
41,0,dense,5375,41,0,0,0,0,0,0,0,0,0,0,0,0,0
41,1,moe,7505,39,8306,9596,4923,4378,2698,0,0,3693,1313,8,5,3,8
41,2,moe,4123,41,11191,15418,7199,6352,3421,0,0,5781,756,8,4,4,8
41,3,moe,9951,46,8628,17413,6132,4887,1837,0,0,4228,754,8,5,3,8
41,4,moe,6486,40,5609,7229,4170,2385,1920,0,0,2866,693,8,5,3,8
41,5,moe,7250,38,7916,13249,5682,4732,1840,0,0,4338,692,8,4,4,8
41,6,moe,7672,39,6977,9177,5101,2807,1263,0,0,2194,760,8,5,3,8
41,7,moe,15443,36,13,0,0,0,0,0,13,0,1204,8,8,0,8
41,8,moe,726,37,11,0,0,0,0,0,11,0,764,8,8,0,8
41,9,moe,4063,38,1743,501,1077,893,665,0,0,892,1326,8,7,1,8
41,10,moe,7730,43,11342,25555,9890,2418,2716,0,0,3682,628,8,5,3,8
41,11,moe,9427,33,6560,4906,4866,1539,3859,0,0,3704,891,8,6,2,8
41,12,moe,733,35,11,0,0,0,0,0,11,0,1318,8,8,0,8
41,13,moe,801,34,3672,4793,2793,1530,1098,0,0,1749,629,8,6,2,8
41,14,moe,739,35,8794,15912,6569,5388,2040,0,0,5203,635,8,4,4,8
41,15,moe,644,29,2285,2450,1511,988,614,0,0,828,1519,8,7,1,8
41,16,moe,1266,47,6238,15703,5027,2376,1034,0,0,2199,741,8,5,3,8
41,17,moe,810,39,12,0,0,0,0,0,12,0,632,8,8,0,8
41,18,moe,739,35,3394,3040,2316,1738,572,0,0,1232,764,8,7,1,8
41,19,moe,654,33,5237,7964,3925,2839,698,0,0,2225,629,8,6,2,8
41,20,moe,745,35,4098,5002,3127,2768,104,0,0,1901,641,8,6,2,8
41,21,moe,808,35,10259,6735,6622,2555,6184,0,0,5102,782,8,6,2,8
41,22,moe,859,74,1814,2609,1382,841,53,0,0,462,631,8,7,1,8
41,23,moe,659,32,4698,8513,3236,2992,436,0,0,1966,759,8,5,3,8
41,24,moe,811,37,5186,9184,3689,2787,1307,0,0,2597,762,8,5,3,8
41,25,moe,825,41,5262,9234,3777,2731,1434,0,0,2680,1315,8,5,3,8
41,26,moe,660,33,4741,5770,3284,3231,126,1,0,1901,1298,8,6,2,8
41,-1,epi,0,0,0,0,0,0,0,0,5964,0,0,0,0,0,0
42,-2,pre,207,0,0,0,0,0,0,0,0,0,0,0,0,0,0
42,0,dense,1490,38,0,0,0,0,0,0,0,0,0,0,0,0,0
42,1,moe,840,38,7797,8805,4831,6294,481,0,0,3809,768,8,4,4,8
42,2,moe,761,39,12477,12159,8300,5238,6093,0,0,7154,757,8,4,4,8
42,3,moe,660,35,6378,5344,4123,4931,389,0,0,3065,756,8,5,3,8
42,4,moe,749,35,10445,13122,7397,6863,2264,0,0,6079,688,8,3,5,8
42,5,moe,819,42,9167,16085,7164,3890,2187,0,0,4074,1143,8,3,5,8
42,6,moe,732,39,5213,6281,3775,2133,1496,0,0,2191,808,8,6,2,8
42,7,moe,657,35,8342,10143,5847,5220,1910,0,0,4635,631,8,4,4,8
42,8,moe,4198,37,7263,11692,5683,3438,2500,0,0,4358,643,8,4,4,8
42,9,moe,2884,37,7156,9581,5223,2882,2991,0,0,3940,754,8,5,3,8
42,10,moe,750,35,5355,7608,3958,2373,1561,0,0,2537,1134,8,5,3,8
42,11,moe,651,34,10547,21736,8741,4261,1222,0,0,3677,623,8,5,3,8
42,12,moe,9711,40,13125,31117,9527,4557,3999,0,0,4958,803,8,5,3,8
42,13,moe,13813,42,3446,5334,2461,1625,703,0,0,1343,2228,8,6,2,8
42,14,moe,9564,39,9034,9817,6472,5363,2571,0,0,5372,685,8,4,4,8
42,15,moe,10266,42,10779,16644,6939,6838,2762,0,0,5760,825,8,4,4,8
42,16,moe,748,36,4477,4744,3292,2842,417,0,0,2074,849,8,6,2,8
42,17,moe,953,74,9448,20355,7353,4989,748,0,0,3642,652,8,4,4,8
42,18,moe,735,75,9618,18995,7068,5017,790,0,0,3257,741,8,5,3,8
42,19,moe,659,40,9547,12164,7299,5625,903,0,0,4280,623,8,4,4,8
42,20,moe,742,38,4547,4888,3642,1551,1805,1,0,2452,626,8,6,2,8
42,21,moe,801,38,7595,5671,4383,2340,4054,0,0,3182,813,8,6,2,8
42,22,moe,806,37,6226,7303,4454,4338,666,1,0,3233,628,8,5,3,8
42,23,moe,656,33,5338,9140,3860,1956,1531,0,0,2009,747,8,6,2,8
42,24,moe,802,38,1139,499,720,896,60,0,0,537,762,8,7,1,8
42,25,moe,821,35,7987,10726,5063,6633,256,0,0,3965,755,8,4,4,8
42,26,moe,649,34,5478,5184,3492,3256,1154,1,0,2425,786,8,6,2,8
42,-1,epi,0,0,0,0,0,0,0,0,5888,0,0,0,0,0,0
43,-2,pre,216,0,0,0,0,0,0,0,0,0,0,0,0,0,0
43,0,dense,1488,40,0,0,0,0,0,0,0,0,0,0,0,0,0
43,1,moe,837,41,7511,8491,4852,4694,1671,0,0,3706,759,8,5,3,8
43,2,moe,750,37,3258,2931,2307,1612,598,0,0,1259,753,8,7,1,8
43,3,moe,645,34,3248,2576,2297,1610,711,0,0,1370,1779,8,7,1,8
43,4,moe,733,37,6225,5966,4389,3935,1288,0,0,3387,637,8,5,3,8
43,5,moe,817,36,11,0,0,0,0,0,11,0,1110,8,8,0,8
43,6,moe,742,33,6262,8261,4048,3025,2262,0,0,3073,806,8,5,3,8
43,7,moe,666,43,7047,7258,5028,4140,1640,0,0,3761,641,8,5,3,8
43,8,moe,750,36,2760,2322,2103,1391,512,0,0,1246,1149,8,7,1,8
43,9,moe,820,38,4264,5422,2843,1943,1172,0,0,1694,1295,8,6,2,8
43,10,moe,735,35,5158,4966,3780,2837,1079,0,0,2538,1101,8,6,2,8
43,11,moe,647,33,3010,2431,2254,1524,693,0,0,1461,632,8,6,2,8
43,12,moe,737,35,10094,10899,6116,6296,2680,0,0,4998,753,8,4,4,8
43,13,moe,822,42,2853,2494,2131,1435,488,0,0,1201,627,8,7,1,8
43,14,moe,737,35,2763,2396,2128,1384,501,0,0,1250,1122,8,7,1,8
43,15,moe,651,33,5742,5424,3680,3386,1194,0,0,2518,752,8,6,2,8
43,16,moe,6192,39,6792,6897,4843,4222,1412,0,0,3685,628,8,5,3,8
43,17,moe,4381,39,7969,10346,5763,5538,1183,0,0,4515,636,8,4,4,8
43,18,moe,6530,39,12,0,0,0,0,0,12,0,734,8,8,0,8
43,19,moe,12223,35,3567,2458,2593,2767,108,0,0,1901,635,8,6,2,8
43,20,moe,744,36,2893,2398,2182,1543,565,0,0,1397,636,8,6,2,8
43,21,moe,810,37,3046,2763,1976,1902,320,0,0,1152,755,8,6,2,8
43,22,moe,811,36,2447,2269,1834,1469,52,0,0,908,625,8,7,1,8
43,23,moe,655,37,6846,7956,4240,5054,730,0,0,3178,759,8,5,3,8
43,24,moe,809,37,6979,8708,4587,4860,764,0,0,3232,749,8,5,3,8
43,25,moe,807,37,4441,5047,2988,3257,125,0,0,1929,1400,8,6,2,8
43,26,moe,645,33,2087,2684,1595,895,231,0,0,634,795,8,7,1,8
43,-1,epi,0,0,0,0,0,0,0,0,5957,0,0,0,0,0,0
44,-2,pre,218,0,0,0,0,0,0,0,0,0,0,0,0,0,0
44,0,dense,1483,39,0,0,0,0,0,0,0,0,0,0,0,0,0
44,1,moe,839,38,2029,2626,1531,896,260,0,0,658,763,8,7,1,8
44,2,moe,762,36,4075,5219,2801,1803,1243,0,0,1772,1287,8,6,2,8
44,3,moe,651,34,6694,7751,4288,4734,735,0,0,3063,757,8,5,3,8
44,4,moe,755,39,6594,11086,5017,3621,1787,0,0,3831,644,8,4,4,8
44,5,moe,812,35,6735,9865,4627,4851,764,0,0,3507,639,8,4,4,8
44,6,moe,735,36,2823,2705,2006,1011,821,0,0,1015,1743,8,7,1,8
44,7,moe,655,32,7421,8374,5391,4241,1992,0,0,4203,684,8,5,3,8
44,8,moe,734,36,4923,4846,3679,2766,1006,0,0,2528,638,8,6,2,8
44,9,moe,806,37,5095,2430,3078,1749,2353,0,0,2085,785,8,7,1,8
44,10,moe,743,35,7832,5438,5778,4211,2383,0,0,4540,633,8,5,3,8
44,11,moe,649,46,6319,7341,4942,2401,2723,0,0,3747,2150,8,5,3,8
44,12,moe,737,42,7959,8107,4811,4944,1940,0,0,3736,761,8,5,3,8
44,13,moe,807,219,7388,14275,5330,4283,1595,0,0,3820,635,8,5,3,8
44,14,moe,744,39,8277,13617,6178,3833,2787,0,0,4521,637,8,3,5,8
44,15,moe,641,35,5865,8606,3826,2766,1821,0,0,2548,757,8,5,3,8
44,16,moe,740,37,6205,8088,4423,4244,800,0,0,3262,691,8,5,3,8
44,17,moe,826,37,7425,4798,5290,5535,967,0,0,4367,664,8,4,4,8
44,18,moe,746,39,4072,5225,2709,1992,903,0,0,1532,782,8,6,2,8
44,19,moe,657,39,7022,9666,4961,5652,225,0,0,3816,637,8,4,4,8
44,20,moe,6775,48,2199,2028,1679,1407,82,0,0,969,748,8,7,1,8
44,21,moe,5838,48,11427,13625,7454,7029,2822,0,0,5878,813,8,1,7,8
44,22,moe,4690,43,12032,11654,9073,7110,3451,0,0,7602,723,8,3,5,8
44,23,moe,733,38,13630,14101,8738,10216,1976,0,0,7300,832,8,2,6,8
44,24,moe,801,51,8949,11934,5729,6755,931,0,0,4466,802,8,4,4,8
44,25,moe,806,43,10119,13722,6417,8350,377,0,0,5025,784,8,3,5,8
44,26,moe,3303,41,11158,13157,6982,8158,1565,1,0,5548,864,8,3,5,8
44,-1,epi,0,0,0,0,0,0,0,0,6195,0,0,0,0,0,0
45,-2,pre,210,0,0,0,0,0,0,0,0,0,0,0,0,0,0
45,0,dense,1512,44,0,0,0,0,0,0,0,0,0,0,0,0,0
45,1,moe,854,37,10,0,0,0,0,0,10,0,790,8,8,0,8
45,2,moe,777,39,5057,5070,3359,3295,688,0,0,2285,761,8,6,2,8
45,3,moe,674,33,2624,2314,1806,1641,243,0,0,1066,1254,8,7,1,8
45,4,moe,747,35,4517,4633,3278,2834,568,0,0,2163,641,8,6,2,8
45,5,moe,822,36,3935,4808,2962,2780,110,0,0,1917,672,8,6,2,8
45,6,moe,760,33,6058,5456,4040,3336,1267,0,0,2585,761,8,6,2,8
45,7,moe,664,32,2211,475,1468,1441,538,0,0,1236,640,8,7,1,8
45,8,moe,751,34,4914,4817,3663,2813,1009,0,0,2571,1154,8,6,2,8
45,9,moe,823,34,4708,5141,3121,3389,128,0,0,1930,757,8,6,2,8
45,10,moe,739,36,9,0,0,0,0,0,9,0,1200,8,8,0,8
45,11,moe,654,31,4579,5080,3344,2876,560,0,0,2201,633,8,6,2,8
45,12,moe,742,36,10054,10775,6163,6568,2337,0,0,5014,759,8,4,4,8
45,13,moe,829,41,5084,5042,3677,2864,1047,0,0,2504,630,8,6,2,8
45,14,moe,744,34,4794,4863,3536,2762,973,0,0,2477,632,8,6,2,8
45,15,moe,651,33,2766,2506,1902,1709,65,0,0,910,2008,8,7,1,8
45,16,moe,747,40,6503,7214,4677,4288,804,0,0,3266,630,8,5,3,8
45,17,moe,811,37,4468,4886,3331,2800,566,0,0,2229,661,8,6,2,8
45,18,moe,743,43,5747,5341,3681,3356,1299,0,0,2589,752,8,6,2,8
45,19,moe,645,34,5698,7576,4124,4239,178,0,0,2843,628,8,5,3,8
45,20,moe,740,34,8019,10063,5734,5633,1003,0,0,4351,638,8,4,4,8
45,21,moe,815,38,4623,5182,2964,3427,123,0,0,1891,750,8,6,2,8
45,22,moe,806,35,6822,5081,4718,5726,202,0,0,3824,637,8,4,4,8
45,23,moe,657,32,10011,13754,6192,8271,323,0,0,4775,753,8,3,5,8
45,24,moe,813,34,6633,8650,4444,5019,212,0,0,3042,750,8,5,3,8
45,25,moe,804,35,9662,7720,6029,8230,338,1,0,4936,749,8,3,5,8
45,26,moe,651,35,7892,8138,4995,6607,255,0,0,3965,751,8,4,4,8
45,-1,epi,0,0,0,0,0,0,0,0,5916,0,0,0,0,0,0
46,-2,pre,42,0,0,0,0,0,0,0,0,0,0,0,0,0,0
46,0,dense,1512,41,0,0,0,0,0,0,0,0,0,0,0,0,0
46,1,moe,833,37,5344,6142,3678,3286,640,0,0,2260,759,8,6,2,8
46,2,moe,754,38,9665,11519,6268,6584,1579,0,0,4766,757,8,4,4,8
46,3,moe,655,36,7047,5862,5345,3243,2446,0,0,3987,746,8,6,2,8
46,4,moe,736,35,10559,7524,7349,7106,2306,0,0,6202,626,8,3,5,8
46,5,moe,804,38,7185,7963,5248,4209,1794,0,0,4066,635,8,5,3,8
46,6,moe,736,36,6991,7829,4443,5060,760,0,0,3272,748,8,5,3,8
46,7,moe,644,36,2499,2735,1890,1463,51,0,0,905,624,8,7,1,8
46,8,moe,737,35,9088,9853,6489,5622,2147,0,0,5170,629,8,4,4,8
46,9,moe,809,41,9538,11793,6008,6761,1550,0,0,4781,748,8,4,4,8
46,10,moe,751,35,6202,7482,4467,4336,641,0,0,3242,626,8,5,3,8
46,11,moe,639,34,5981,7378,4372,4178,669,0,0,3238,626,8,5,3,8
46,12,moe,735,36,5797,5566,3760,3319,1264,0,0,2546,747,8,6,2,8
46,13,moe,808,38,5032,4940,3646,2821,1045,0,0,2480,1109,8,6,2,8
46,14,moe,735,35,8296,15062,6521,4217,1243,0,0,3685,1133,8,5,3,8
46,15,moe,644,33,5227,5417,3351,3417,688,0,0,2229,745,8,6,2,8
46,16,moe,735,39,7049,7620,5192,4266,1669,0,0,4078,626,8,5,3,8
46,17,moe,801,38,4148,4872,3131,2808,257,0,0,2048,676,8,6,2,8
46,18,moe,731,36,2963,2759,2029,1698,270,0,0,1034,745,8,7,1,8
46,19,moe,658,32,9,0,0,0,0,0,9,0,628,8,8,0,8
46,20,moe,736,34,10,0,0,0,0,0,10,0,632,8,8,0,8
46,21,moe,812,35,9,0,0,0,0,0,9,0,748,8,8,0,8
46,22,moe,811,35,2368,2196,1730,1491,50,0,0,903,631,8,7,1,8
46,23,moe,663,32,6363,8049,4001,5104,197,0,0,2939,751,8,5,3,8
46,24,moe,828,48,10,0,0,0,0,0,10,0,762,8,8,0,8
46,25,moe,805,33,2681,3007,1942,1626,59,0,0,946,753,8,7,1,8
46,26,moe,657,32,6560,8338,4317,4921,358,0,0,3036,980,8,5,3,8
46,-1,epi,0,0,0,0,0,0,0,0,5971,0,0,0,0,0,0
47,-2,pre,212,0,0,0,0,0,0,0,0,0,0,0,0,0,0
47,0,dense,1498,41,0,0,0,0,0,0,0,0,0,0,0,0,0
47,1,moe,836,38,8889,10744,5749,6578,997,0,0,4435,766,8,4,4,8
47,2,moe,752,38,6874,8062,4460,5009,759,0,0,3354,753,8,5,3,8
47,3,moe,658,33,8559,13397,5975,4962,1233,0,0,3611,765,8,5,3,8
47,4,moe,742,37,6761,8041,4869,4219,1102,0,0,3429,636,8,5,3,8
47,5,moe,829,30,7566,8009,5452,5574,707,0,0,4167,639,8,4,4,8
47,6,moe,748,31,2832,2456,1876,1792,61,0,0,897,740,8,7,1,8
47,7,moe,645,28,5662,7504,4081,4288,168,0,0,2875,622,8,5,3,8
47,8,moe,735,32,7753,7619,6094,4187,2530,0,0,5058,632,8,5,3,8
47,9,moe,805,32,5586,5098,3583,3332,1168,0,0,2497,751,8,6,2,8
47,10,moe,740,240,7690,19719,6052,4248,335,0,0,2945,637,8,5,3,8
47,11,moe,652,34,2982,3129,2346,1381,510,0,0,1255,626,8,7,1,8
47,12,moe,731,37,7508,8404,4697,4975,1340,0,0,3504,827,8,5,3,8
47,13,moe,823,45,3067,2393,2294,1462,752,0,0,1441,683,8,7,1,8
47,14,moe,727,40,8017,9897,5734,5629,1208,0,0,4554,650,8,4,4,8
47,15,moe,667,36,6766,5340,4234,4984,719,0,0,3171,758,8,5,3,8
47,16,moe,750,42,6326,7986,4600,4267,909,0,0,3450,1080,8,5,3,8
47,17,moe,816,41,5564,5000,4051,4215,350,0,0,3052,687,8,5,3,8
47,18,moe,739,35,2011,502,1137,1717,59,0,0,902,753,8,7,1,8
47,19,moe,663,39,7246,9668,5061,5740,380,0,0,3935,625,8,4,4,8
47,20,moe,739,36,5392,4928,3940,4186,157,0,0,2891,635,8,5,3,8
47,21,moe,814,35,4629,5307,3025,3398,133,0,0,1927,746,8,6,2,8
47,22,moe,805,35,4148,5232,3048,2881,113,0,0,1894,625,8,6,2,8
47,23,moe,659,31,10351,13369,6538,8361,313,0,0,4861,751,8,3,5,8
47,24,moe,815,35,6120,8147,3944,4907,183,0,0,2914,745,8,5,3,8
47,25,moe,803,35,2504,2706,1779,1617,59,0,0,951,750,8,7,1,8
47,26,moe,658,32,3843,1121,2300,3243,310,0,0,2010,757,8,6,2,8
47,-1,epi,0,0,0,0,0,0,0,0,5970,0,0,0,0,0,0
48,-2,pre,220,0,0,0,0,0,0,0,0,0,0,0,0,0,0
48,0,dense,1491,41,0,0,0,0,0,0,0,0,0,0,0,0,0
48,1,moe,847,36,2573,2577,1842,1634,58,0,0,961,771,8,7,1,8
48,2,moe,752,37,2653,2873,1922,1625,56,0,0,950,763,8,7,1,8
48,3,moe,668,34,5705,5258,3825,3290,1372,0,0,2782,750,8,6,2,8
48,4,moe,749,39,6980,11063,5226,4320,674,0,0,3240,629,8,5,3,8
48,5,moe,807,35,2270,2088,1720,1386,237,0,0,1073,1047,8,7,1,8
48,6,moe,744,35,2791,2493,1894,1723,60,0,0,886,755,8,7,1,8
48,7,moe,653,33,4814,3751,3523,2834,751,0,0,2294,635,8,6,2,8
48,8,moe,739,34,2326,2587,1833,1386,57,0,0,950,1090,8,7,1,8
48,9,moe,829,39,6667,5286,4577,3354,2248,0,0,3512,760,8,6,2,8
48,10,moe,742,39,5608,4686,3963,4228,356,0,0,2939,1080,8,5,3,8
48,11,moe,652,32,5390,5061,3840,2799,1504,0,0,2753,663,8,6,2,8
48,12,moe,740,36,2745,2593,1847,1745,58,0,0,905,1282,8,7,1,8
48,13,moe,809,36,11,0,0,0,0,0,11,0,629,8,8,0,8
48,14,moe,746,35,2921,2341,2158,1471,535,0,0,1243,629,8,7,1,8
48,15,moe,661,32,5811,7307,3949,3397,922,0,0,2457,754,8,6,2,8
48,16,moe,742,38,2919,2498,2131,1492,535,0,0,1239,635,8,7,1,8
48,17,moe,814,35,2219,2288,1726,1386,50,0,0,943,681,8,7,1,8
48,18,moe,744,37,5768,10160,4679,1709,612,0,0,1232,746,8,7,1,8
48,19,moe,644,32,3738,2513,2661,2827,102,0,0,1852,629,8,6,2,8
48,20,moe,742,35,5563,7119,4113,4160,158,0,0,2868,633,8,5,3,8
48,21,moe,818,37,10,0,0,0,0,0,10,0,741,8,8,0,8
48,22,moe,806,33,6769,5066,4840,5562,214,0,0,3847,634,8,4,4,8
48,23,moe,652,33,4685,5153,3034,3375,123,0,0,1847,743,8,6,2,8
48,24,moe,818,36,4596,5018,3062,3237,325,0,0,2028,747,8,6,2,8
48,25,moe,818,35,4443,5060,2974,3318,127,0,0,1976,746,8,6,2,8
48,26,moe,648,35,47,0,0,0,0,0,47,0,746,8,8,0,8
48,-1,epi,0,0,0,0,0,0,0,0,6017,0,0,0,0,0,0
49,-2,pre,174,0,0,0,0,0,0,0,0,0,0,0,0,0,0
49,0,dense,1494,40,0,0,0,0,0,0,0,0,0,0,0,0,0
49,1,moe,843,40,6956,8038,4557,4956,758,0,0,3315,1244,8,5,3,8
49,2,moe,740,35,2814,2875,1994,1617,257,0,0,1054,751,8,7,1,8
49,3,moe,656,33,6947,8172,4523,4898,958,0,0,3432,762,8,5,3,8
49,4,moe,745,37,7225,7830,5289,4278,1763,0,0,4105,656,8,5,3,8
49,5,moe,879,36,4595,4937,3421,2788,719,0,0,2333,629,8,6,2,8
49,6,moe,767,34,2563,2454,1654,1757,62,0,0,910,811,8,7,1,8
49,7,moe,689,38,4115,2320,2849,2861,573,0,0,2168,634,8,6,2,8
49,8,moe,758,34,2637,2174,1993,1386,511,0,0,1253,632,8,7,1,8
49,9,moe,815,35,9719,12003,6212,6606,1791,0,0,4890,755,8,4,4,8
49,10,moe,746,40,5645,7650,4030,4302,176,0,0,2863,626,8,5,3,8
49,11,moe,652,34,2269,2352,1782,1393,50,0,0,956,1812,8,7,1,8
49,12,moe,735,35,3217,2440,2123,1745,578,1,0,1230,756,8,7,1,8
49,13,moe,810,34,7329,7348,5302,4290,1555,0,0,3818,641,8,5,3,8
49,14,moe,735,35,5829,4676,4529,2805,1945,0,0,3450,631,8,6,2,8
49,15,moe,654,34,4848,5561,3190,3445,125,0,0,1912,748,8,6,2,8
49,16,moe,737,35,4603,2975,3187,2882,1026,0,0,2492,1529,8,6,2,8
49,17,moe,819,37,8153,11262,6060,5632,1059,0,0,4598,795,8,4,4,8
49,18,moe,1184,40,2708,2390,1808,1747,58,0,0,905,747,8,7,1,8
49,19,moe,663,33,10766,12035,7658,8544,562,0,0,5998,632,8,2,6,8
49,20,moe,743,36,5322,4956,3873,4169,154,0,0,2874,642,8,5,3,8
49,21,moe,815,37,8282,11115,5173,6645,455,0,0,3991,746,8,4,4,8
49,22,moe,799,34,8425,7652,5815,7023,457,0,0,4870,623,8,3,5,8
49,23,moe,651,34,9067,4174,5342,8196,297,0,0,4768,747,8,3,5,8
49,24,moe,813,36,9305,5340,5697,8178,299,0,0,4869,752,8,3,5,8
49,25,moe,809,37,11643,9602,7263,9893,381,0,0,5894,751,8,2,6,8
49,26,moe,654,36,8546,3837,5293,6543,1061,0,0,4351,864,8,4,4,8
49,-1,epi,0,0,0,0,0,0,0,0,5867,0,0,0,0,0,0
50,-2,pre,43,0,0,0,0,0,0,0,0,0,0,0,0,0,0
50,0,dense,1499,42,0,0,0,0,0,0,0,0,0,0,0,0,0
50,1,moe,822,35,5179,5149,3498,3271,789,0,0,2379,752,8,6,2,8
50,2,moe,757,36,7065,8269,4571,4930,995,0,0,3431,749,8,5,3,8
50,3,moe,665,34,2465,2254,1731,1643,58,0,0,967,1708,8,7,1,8
50,4,moe,749,36,6135,4458,4378,4228,611,0,0,3082,1153,8,5,3,8
50,5,moe,814,41,7502,5078,5366,5621,846,0,0,4331,631,8,4,4,8
50,6,moe,741,35,3395,2673,2254,1730,771,0,0,1360,794,8,7,1,8
50,7,moe,651,40,10,0,0,0,0,0,10,0,1114,8,8,0,8
50,8,moe,861,35,3819,5079,3039,1458,576,1,0,1255,1251,8,7,1,8
50,9,moe,782,36,3406,3072,2316,1756,586,0,0,1252,807,8,7,1,8
50,10,moe,721,35,2380,2477,1785,1452,52,0,0,909,643,8,7,1,8
50,11,moe,660,32,2729,2433,2086,1390,534,0,0,1281,2548,8,7,1,8
50,12,moe,744,42,3446,2475,2264,1716,785,0,0,1319,789,8,7,1,8
50,13,moe,856,64,10,0,0,0,0,0,10,0,657,8,8,0,8
50,14,moe,745,34,11,0,0,0,0,0,11,0,1621,8,8,0,8
50,15,moe,656,32,6483,2774,3904,5044,860,0,0,3325,767,8,5,3,8
50,16,moe,748,38,8793,7938,6272,5640,2029,0,0,5148,668,8,4,4,8
50,17,moe,822,37,7275,7359,5226,5589,565,0,0,4105,807,8,4,4,8
50,18,moe,746,40,6977,10681,4621,5052,209,0,0,2905,757,8,5,3,8
50,19,moe,654,33,9,0,0,0,0,0,9,0,635,8,8,0,8
50,20,moe,739,34,5762,7841,4110,4338,192,0,0,2878,643,8,5,3,8
50,21,moe,806,35,8223,8213,5139,6712,257,0,0,3885,761,8,4,4,8
50,22,moe,804,34,5277,2546,3603,4264,341,0,0,2931,626,8,5,3,8
50,23,moe,659,31,7634,5898,4569,6637,239,0,0,3811,750,8,4,4,8
50,24,moe,808,34,7349,3109,4453,6490,241,0,0,3835,754,8,4,4,8
50,25,moe,815,37,4512,5634,3054,3297,142,0,0,1981,754,8,6,2,8
50,26,moe,661,35,4721,8662,3172,3264,309,3,0,2027,756,8,6,2,8
50,-1,epi,0,0,0,0,0,0,0,0,5929,0,0,0,0,0,0
51,-2,pre,41,0,0,0,0,0,0,0,0,0,0,0,0,0,0
51,0,dense,1502,38,0,0,0,0,0,0,0,0,0,0,0,0,0
51,1,moe,826,35,9,0,0,0,0,1,8,0,789,8,8,0,8
51,2,moe,760,33,2690,2707,1951,1620,71,0,0,952,771,8,7,1,8
51,3,moe,671,32,4228,2658,2764,3241,112,0,0,1889,754,8,6,2,8
51,4,moe,740,32,7348,7895,5256,5721,210,0,0,3839,637,8,4,4,8
51,5,moe,826,36,9,0,0,0,0,0,9,0,1128,8,8,0,8
51,6,moe,739,34,9812,10770,6207,6706,1764,0,0,4865,763,8,4,4,8
51,7,moe,658,37,8599,11514,6268,5725,1137,0,0,4531,647,8,4,4,8
51,8,moe,735,36,7966,19677,6915,2793,282,0,0,2024,635,8,6,2,8
51,9,moe,811,37,4623,5338,3034,3326,131,0,0,1868,750,8,6,2,8
51,10,moe,746,36,5209,7759,3939,2878,562,0,0,2170,635,8,6,2,8
51,11,moe,645,33,5205,4993,3761,2770,1381,0,0,2707,657,8,6,2,8
51,12,moe,801,39,4529,4967,2908,3358,125,0,0,1862,754,8,6,2,8
51,13,moe,809,35,6476,7442,4638,4234,1168,0,0,3564,637,8,5,3,8
51,14,moe,742,35,10,0,0,0,0,0,10,0,635,8,8,0,8
51,15,moe,664,36,3231,2692,2154,1734,541,0,0,1198,760,8,7,1,8
51,16,moe,751,36,8699,12328,6168,6999,297,0,0,4765,640,8,3,5,8
51,17,moe,805,35,4179,5022,3146,2800,269,0,0,2036,633,8,6,2,8
51,18,moe,742,44,8376,10308,5216,6775,452,0,0,4067,753,8,4,4,8
51,19,moe,653,32,4361,5190,3276,2838,112,0,0,1865,674,8,6,2,8
51,20,moe,745,34,7726,9694,5301,6228,311,0,0,4114,635,8,3,5,8
51,21,moe,810,35,11154,14082,6607,9323,413,0,0,5189,759,8,2,6,8
51,22,moe,806,37,5656,7419,4068,4360,159,0,0,2931,634,8,5,3,8
51,23,moe,659,37,4196,8122,2813,2833,191,1,0,1642,762,8,5,3,8
51,24,moe,809,37,4420,5017,2964,3247,132,0,0,1923,759,8,6,2,8
51,25,moe,804,35,5930,10443,3902,4503,347,0,0,2822,763,8,3,5,8
51,26,moe,664,34,8924,8138,5482,6537,1392,0,0,4487,885,8,4,4,8
51,-1,epi,0,0,0,0,0,0,0,0,5928,0,0,0,0,0,0
52,-2,pre,47,0,0,0,0,0,0,0,0,0,0,0,0,0,0
52,0,dense,1507,39,0,0,0,0,0,0,0,0,0,0,0,0,0
52,1,moe,834,35,2679,2913,1945,1615,57,0,0,938,766,8,7,1,8
52,2,moe,748,38,2043,488,1234,1606,269,0,0,1066,772,8,7,1,8
52,3,moe,666,32,4394,5460,2942,3279,128,0,0,1955,762,8,6,2,8
52,4,moe,750,36,7243,7849,5111,5778,214,0,0,3860,636,8,4,4,8
52,5,moe,806,34,9,0,0,0,0,0,9,0,632,8,8,0,8
52,6,moe,738,33,2496,2538,1745,1000,564,0,0,813,766,8,7,1,8
52,7,moe,660,32,6897,7526,4983,4262,1270,0,0,3618,640,8,5,3,8
52,8,moe,739,35,2607,2294,2153,980,826,0,0,1352,645,8,7,1,8
52,9,moe,814,34,5571,5114,3514,3388,1160,0,0,2491,762,8,6,2,8
52,10,moe,744,36,2390,2242,1768,1482,52,0,0,912,683,8,7,1,8
52,11,moe,659,32,2435,2412,1878,1382,258,0,0,1083,641,8,7,1,8
52,12,moe,750,34,2628,2516,1772,1718,61,0,0,923,755,8,7,1,8
52,13,moe,815,35,3050,5267,2320,1615,303,0,0,1188,671,8,6,2,8
52,14,moe,753,39,10,0,0,0,0,0,10,0,1143,8,8,0,8
52,15,moe,661,36,1987,2616,1449,984,63,0,0,509,765,8,7,1,8
52,16,moe,749,36,5782,8164,4167,4322,164,0,0,2871,651,8,5,3,8
52,17,moe,819,37,6946,7073,4752,5190,1046,0,0,4042,700,8,4,4,8
52,18,moe,740,39,10,0,0,0,0,0,10,0,762,8,8,0,8
52,19,moe,656,32,2259,2360,1767,1384,58,0,0,950,648,8,7,1,8
52,20,moe,748,36,2445,2485,1885,1526,102,0,0,1068,648,8,6,2,8
52,21,moe,813,36,9670,8499,5864,8296,312,0,0,4802,764,8,3,5,8
52,22,moe,823,35,2911,3601,2219,1627,98,0,0,1033,648,8,6,2,8
52,23,moe,657,31,4545,2698,2737,3817,240,0,0,2249,772,8,4,4,8
52,24,moe,830,37,2792,2773,1964,1799,120,0,0,1091,770,8,6,2,8
52,25,moe,820,42,3524,3433,2297,2771,172,0,0,1716,766,8,5,3,8
52,26,moe,674,33,1334,513,839,905,236,0,0,646,860,8,7,1,8
52,-1,epi,0,0,0,0,0,0,0,0,6056,0,0,0,0,0,0
53,-2,pre,220,0,0,0,0,0,0,0,0,0,0,0,0,0,0
53,0,dense,1504,52,0,0,0,0,0,0,0,0,0,0,0,0,0
53,1,moe,866,29,2349,2380,1619,1643,59,0,0,972,770,8,7,1,8
53,2,moe,760,34,10,0,0,0,0,1,9,0,786,8,8,0,8
53,3,moe,687,31,6383,9068,4186,4974,183,0,0,2960,776,8,5,3,8
53,4,moe,743,31,1761,462,1142,1464,51,0,0,896,649,8,7,1,8
53,5,moe,853,35,4139,8204,3649,1390,50,0,0,950,644,8,7,1,8
53,6,moe,741,33,8,0,0,0,0,0,8,0,761,8,8,0,8
53,7,moe,667,38,2970,2719,2343,1409,766,1,0,1549,639,8,7,1,8
53,8,moe,740,37,4432,4924,3316,2809,552,0,0,2245,655,8,6,2,8
53,9,moe,811,37,6132,5225,3727,4987,382,0,0,2964,762,8,5,3,8
53,10,moe,751,37,4790,1640,3195,4277,163,0,0,2845,643,8,5,3,8
53,11,moe,663,32,19,0,0,0,0,0,19,0,640,8,8,0,8
53,12,moe,740,34,3221,5519,2215,1946,142,0,0,1082,795,8,6,2,8
53,13,moe,890,41,2254,2227,1634,1434,60,0,0,874,674,8,7,1,8
53,14,moe,724,37,5386,7355,3899,4087,182,0,0,2782,680,8,5,3,8
53,15,moe,678,36,11,0,0,0,0,0,11,0,757,8,8,0,8
53,16,moe,754,38,4851,2862,3396,4185,157,0,0,2887,653,8,5,3,8
53,17,moe,829,38,2625,2503,2015,1537,255,0,0,1182,651,8,6,2,8
53,18,moe,750,39,10,0,0,0,0,0,10,0,768,8,8,0,8
53,19,moe,683,32,1479,2157,1196,786,56,0,0,559,662,8,7,1,8
53,20,moe,767,40,3523,2643,2537,2803,101,1,0,1919,651,8,6,2,8
53,21,moe,924,41,3815,3120,2444,2785,168,0,0,1582,780,8,5,3,8
53,22,moe,822,38,1138,475,731,847,53,0,0,493,678,8,7,1,8
53,23,moe,11280,37,4295,2356,2684,3373,121,0,0,1883,1029,8,6,2,8
53,24,moe,932,46,7366,3047,4408,6589,240,0,0,3871,767,8,4,4,8
53,25,moe,823,39,7255,13720,5076,5043,190,0,0,3054,759,8,5,3,8
53,26,moe,659,36,5923,8243,4027,3904,966,0,0,2974,812,8,4,4,8
53,-1,epi,0,0,0,0,0,0,0,0,5994,0,0,0,0,0,0
54,-2,pre,61,0,0,0,0,0,0,0,0,0,0,0,0,0,0
54,0,dense,1552,40,0,0,0,0,0,0,0,0,0,0,0,0,0
54,1,moe,838,36,10,0,0,0,0,0,10,0,794,8,8,0,8
54,2,moe,767,34,8,0,0,0,0,0,8,0,788,8,8,0,8
54,3,moe,702,39,6100,3919,3809,4892,396,0,0,2997,764,8,5,3,8
54,4,moe,752,35,4425,7845,3172,3179,215,0,0,2141,666,8,4,4,8
54,5,moe,819,36,4584,5045,3453,2763,746,0,0,2378,645,8,6,2,8
54,6,moe,741,37,2784,2606,1989,999,810,0,0,1014,773,8,7,1,8
54,7,moe,659,33,5199,9751,3736,3211,898,0,0,2646,656,8,4,4,8
54,8,moe,759,42,2770,2373,2131,1390,512,0,0,1263,650,8,7,1,8
54,9,moe,819,37,8415,12640,5954,5004,390,0,0,2933,768,8,5,3,8
54,10,moe,740,34,9,0,0,0,0,0,9,0,642,8,8,0,8
54,11,moe,656,33,2411,2291,1791,1475,51,0,0,906,661,8,7,1,8
54,12,moe,753,40,2754,2625,1809,1800,57,0,0,912,763,8,7,1,8
54,13,moe,832,37,6366,7474,4493,4161,1085,0,0,3373,645,8,5,3,8
54,14,moe,755,45,4665,4909,3519,2769,668,0,0,2291,637,8,6,2,8
54,15,moe,654,37,2020,2534,1455,1000,58,0,0,493,764,8,7,1,8
54,16,moe,738,34,1098,472,719,825,50,0,0,496,641,8,7,1,8
54,17,moe,812,34,1141,465,811,768,197,0,0,635,650,8,7,1,8
54,18,moe,738,33,1926,2546,1400,965,63,0,0,502,762,8,7,1,8
54,19,moe,672,37,1697,450,1113,1439,50,0,0,905,649,8,7,1,8
54,20,moe,756,38,9,0,0,0,0,0,9,0,658,8,8,0,8
54,21,moe,834,36,4762,5284,3129,3432,123,1,0,1923,766,8,6,2,8
54,22,moe,818,35,2475,2417,1809,1594,103,0,0,1031,650,8,6,2,8
54,23,moe,671,33,8027,7978,4945,6645,248,0,0,3811,771,8,4,4,8
54,24,moe,820,35,5905,5650,3719,4895,182,0,0,2891,767,8,5,3,8
54,25,moe,815,35,7520,6354,4538,6279,500,0,0,3797,772,8,4,4,8
54,26,moe,667,34,7088,2677,4207,6430,231,0,0,3780,799,8,4,4,8
54,-1,epi,0,0,0,0,0,0,0,0,6008,0,0,0,0,0,0
55,-2,pre,193,0,0,0,0,0,0,0,0,0,0,0,0,0,0
55,0,dense,1509,42,0,0,0,0,0,0,0,0,0,0,0,0,0
55,1,moe,844,36,2764,2779,1944,1788,114,0,0,1082,791,8,6,2,8
55,2,moe,758,37,7044,5550,4417,4909,1289,0,0,3571,770,8,5,3,8
55,3,moe,658,35,6439,8357,4187,4863,397,0,0,3008,763,8,5,3,8
55,4,moe,737,35,2476,2449,1806,1508,51,0,0,889,656,8,7,1,8
55,5,moe,816,36,6652,9497,4728,5206,213,0,0,3495,668,8,4,4,8
55,6,moe,742,35,5440,5548,3561,3410,648,0,0,2179,766,8,6,2,8
55,7,moe,659,33,9063,12303,6429,7144,460,0,0,4970,644,8,3,5,8
55,8,moe,737,35,2087,2466,1666,768,509,0,0,856,636,8,7,1,8
55,9,moe,814,33,2085,2725,1492,1027,58,0,0,492,760,8,7,1,8
55,10,moe,739,33,4287,4852,3104,2891,296,0,0,2004,642,8,6,2,8
55,11,moe,651,35,7097,5561,4990,5502,771,0,0,4166,647,8,4,4,8
55,12,moe,741,39,2615,2817,1847,982,590,0,0,804,757,8,7,1,8
55,13,moe,813,37,5078,5536,3726,3275,649,0,0,2572,649,8,4,4,8
55,14,moe,748,35,5710,7693,4202,4180,343,0,0,3015,649,8,5,3,8
55,15,moe,658,34,4152,8341,2769,2809,202,0,0,1628,768,8,5,3,8
55,16,moe,740,36,4428,7815,3206,3157,225,0,0,2160,651,8,4,4,8
55,17,moe,815,36,8747,7584,6168,6938,707,0,0,5066,649,8,3,5,8
55,18,moe,739,36,4562,5168,2980,3345,128,0,0,1891,771,8,6,2,8
55,19,moe,665,35,5612,7497,4031,4319,166,0,0,2904,639,8,5,3,8
55,20,moe,736,35,4309,5617,3331,2799,109,1,0,1931,654,8,6,2,8
55,21,moe,823,37,3550,2679,2195,2769,181,0,0,1595,760,8,5,3,8
55,22,moe,811,34,6951,7350,4928,5436,224,0,0,3637,646,8,4,4,8
55,23,moe,655,32,6601,6998,4297,4952,183,0,0,2831,758,8,5,3,8
55,24,moe,7611,35,5487,2490,3306,4853,182,0,0,2854,764,8,5,3,8
55,25,moe,808,36,4298,3007,2832,3244,115,0,0,1893,762,8,6,2,8
55,26,moe,680,39,9549,11055,5771,7504,778,0,0,4504,767,8,3,5,8
55,-1,epi,0,0,0,0,0,0,0,0,5970,0,0,0,0,0,0
56,-2,pre,207,0,0,0,0,0,0,0,0,0,0,0,0,0,0
56,0,dense,1493,40,0,0,0,0,0,0,0,0,0,0,0,0,0
56,1,moe,844,40,4349,8270,3029,2757,428,0,0,1865,780,8,5,3,8
56,2,moe,749,210,5164,7593,3477,3268,881,1,0,2463,764,8,6,2,8
56,3,moe,669,34,6412,8930,4229,4876,188,0,0,2881,765,8,5,3,8
56,4,moe,746,35,9,0,0,0,0,0,9,0,635,8,8,0,8
56,5,moe,812,34,1699,2290,1267,868,50,0,0,486,647,8,7,1,8
56,6,moe,744,34,8,0,0,0,0,0,8,0,769,8,8,0,8
56,7,moe,669,37,1708,2431,1426,766,50,0,0,534,659,8,7,1,8
56,8,moe,751,33,2059,2258,1625,770,521,0,0,857,657,8,7,1,8
56,9,moe,819,34,2781,2996,1782,1916,123,0,0,1040,795,8,6,2,8
56,10,moe,745,38,2649,2531,1927,1593,283,0,0,1154,650,8,6,2,8
56,11,moe,660,32,3987,4699,3007,2778,106,0,0,1904,647,8,6,2,8
56,12,moe,743,34,1724,2321,1153,1020,63,0,0,512,770,8,7,1,8
56,13,moe,816,38,4165,4564,2989,2879,277,0,0,1980,645,8,6,2,8
56,14,moe,742,34,3966,4983,2996,2795,104,0,0,1929,647,8,6,2,8
56,15,moe,658,32,2718,2473,1799,1778,55,0,0,914,761,8,7,1,8
56,16,moe,740,35,3269,1038,2148,2883,99,0,0,1861,651,8,6,2,8
56,17,moe,814,33,2228,2428,1732,1385,55,0,0,944,644,8,7,1,8
56,18,moe,745,36,2053,2582,1475,1004,67,0,0,493,824,8,7,1,8
56,19,moe,669,33,5424,4747,3823,4323,149,0,0,2871,650,8,5,3,8
56,20,moe,745,34,3770,2461,2717,2885,122,0,0,1954,682,8,6,2,8
56,21,moe,824,41,5782,2255,3343,5053,290,0,0,2904,801,8,5,3,8
56,22,moe,828,39,2391,2322,1769,1477,56,0,0,911,666,8,7,1,8
56,23,moe,753,41,3586,2782,2232,2801,186,0,0,1633,783,8,5,3,8
56,24,moe,824,38,5366,1869,3188,4883,184,0,0,2889,764,8,5,3,8
56,25,moe,824,37,3943,5644,2716,2758,178,0,0,1709,766,8,5,3,8
56,26,moe,669,33,9647,8249,6008,8246,304,0,0,4911,768,8,3,5,8
56,-1,epi,0,0,0,0,0,0,0,0,6012,0,0,0,0,0,0
57,-2,pre,44,0,0,0,0,0,0,0,0,0,0,0,0,0,0
57,0,dense,1526,42,0,0,0,0,0,0,0,0,0,0,0,0,0
57,1,moe,839,82,2634,2788,1817,1795,119,0,0,1097,775,8,6,2,8
57,2,moe,760,42,11,0,0,0,0,0,11,0,784,8,8,0,8
57,3,moe,680,33,4918,5585,3269,3799,240,0,0,2390,778,8,4,4,8
57,4,moe,753,37,9,0,0,0,0,0,9,0,665,8,8,0,8
57,5,moe,826,36,5157,2521,3557,4279,145,0,0,2824,655,8,5,3,8
57,6,moe,740,36,2806,2586,1872,1780,58,0,0,904,767,8,7,1,8
57,7,moe,660,32,5380,4817,3800,4237,162,0,0,2819,651,8,5,3,8
57,8,moe,750,36,1552,2130,1270,770,49,0,0,537,690,8,7,1,8
57,9,moe,842,40,10,0,0,0,0,0,10,0,784,8,8,0,8
57,10,moe,778,50,9,0,0,0,0,0,9,0,658,8,8,0,8
57,11,moe,671,48,3765,7479,2918,2324,158,0,0,1635,659,8,5,3,8
57,12,moe,749,36,9,0,0,0,0,0,9,0,774,8,8,0,8
57,13,moe,834,41,1860,2402,1510,768,231,0,0,649,658,8,7,1,8
57,14,moe,754,68,1716,2467,1422,779,50,0,0,535,647,8,7,1,8
57,15,moe,671,33,4520,5302,2900,3366,129,0,0,1875,770,8,6,2,8
57,16,moe,759,37,1111,456,724,831,50,1,0,495,653,8,7,1,8
57,17,moe,827,34,1009,460,720,773,59,0,0,543,651,8,7,1,8
57,18,moe,759,36,2987,2756,2011,1752,233,0,0,1009,775,8,7,1,8
57,19,moe,671,36,1772,454,1142,1498,51,0,0,919,652,8,7,1,8
57,20,moe,761,34,9,0,0,0,0,0,9,0,663,8,8,0,8
57,21,moe,834,33,3128,5172,2158,1939,123,0,0,1092,777,8,6,2,8
57,22,moe,831,34,3801,2442,2679,2912,105,0,0,1895,653,8,6,2,8
57,23,moe,662,31,2276,1142,1337,1873,114,0,0,1048,773,8,6,2,8
57,24,moe,825,34,4434,4975,2968,3279,132,0,0,1945,783,8,6,2,8
57,25,moe,818,34,2588,2493,1860,1619,60,0,0,951,766,8,7,1,8
57,26,moe,663,32,10685,4215,6331,9811,359,0,0,5816,764,8,2,6,8
57,-1,epi,0,0,0,0,0,0,0,0,6054,0,0,0,0,0,0
58,-2,pre,276,0,0,0,0,0,0,0,0,0,0,0,0,0,0
58,0,dense,1518,40,0,0,0,0,0,0,0,0,0,0,0,0,0
58,1,moe,849,43,2528,2550,1801,1609,56,0,0,938,783,8,7,1,8
58,2,moe,763,41,10,0,0,0,0,0,10,0,785,8,8,0,8
58,3,moe,694,35,4189,5401,2853,2742,413,0,0,1819,775,8,5,3,8
58,4,moe,754,35,5360,5045,3759,4320,154,0,0,2873,650,8,5,3,8
58,5,moe,816,36,2164,2263,1675,1387,52,0,0,950,659,8,7,1,8
58,6,moe,748,36,10,0,0,0,0,0,10,0,770,8,8,0,8
58,7,moe,690,36,1663,2467,1378,773,48,0,0,536,661,8,7,1,8
58,8,moe,750,34,2300,2436,1799,1395,57,0,0,951,656,8,7,1,8
58,9,moe,826,35,1993,2692,1437,986,56,0,0,486,774,8,7,1,8
58,10,moe,775,37,10,0,0,0,0,0,10,0,657,8,8,0,8
58,11,moe,684,31,9,0,0,0,0,0,9,0,667,8,8,0,8
58,12,moe,759,34,9,0,0,0,0,0,9,0,790,8,8,0,8
58,13,moe,836,34,3783,2573,2670,2856,100,0,0,1843,667,8,6,2,8
58,14,moe,768,37,9,0,0,0,0,0,9,0,676,8,8,0,8
58,15,moe,684,37,3130,5131,2154,1960,129,0,0,1113,782,8,6,2,8
58,16,moe,755,37,2534,2209,1846,1498,211,0,0,1021,658,8,7,1,8
58,17,moe,825,34,2422,2285,1880,1401,204,1,0,1064,666,8,7,1,8
58,18,moe,747,34,9,0,0,0,0,0,9,0,773,8,8,0,8
58,19,moe,693,31,5362,7227,3903,4163,163,0,0,2867,660,8,5,3,8
58,20,moe,752,35,1004,461,721,773,49,0,0,539,655,8,7,1,8
58,21,moe,833,33,1297,509,729,1010,64,0,0,506,783,8,7,1,8
58,22,moe,825,34,3923,2731,2819,2851,97,0,0,1844,646,8,6,2,8
58,23,moe,680,36,4436,2769,2813,3360,116,0,0,1853,772,8,6,2,8
58,24,moe,818,36,2374,2425,1641,1665,63,0,0,995,773,8,7,1,8
58,25,moe,829,37,3620,1157,2170,3239,116,0,0,1905,767,8,6,2,8
58,26,moe,688,36,5992,5374,3788,4999,181,0,0,2976,775,8,5,3,8
58,-1,epi,0,0,0,0,0,0,0,0,6119,0,0,0,0,0,0
59,-2,pre,94,0,0,0,0,0,0,0,0,0,0,0,0,0,0
59,0,dense,1525,39,0,0,0,0,0,0,0,0,0,0,0,0,0
59,1,moe,862,37,10,0,0,0,0,0,10,0,800,8,8,0,8
59,2,moe,788,33,2826,5432,2401,896,60,0,0,531,780,8,7,1,8
59,3,moe,680,32,2775,2695,1936,1815,120,1,0,1097,778,8,6,2,8
59,4,moe,761,33,9,0,0,0,0,0,9,0,668,8,8,0,8
59,5,moe,834,33,8,0,0,0,0,0,8,0,663,8,8,0,8
59,6,moe,761,34,3242,2957,2303,1620,623,0,0,1304,786,8,7,1,8
59,7,moe,675,38,2441,2305,1797,1484,52,0,0,892,653,8,7,1,8
59,8,moe,749,33,9,0,0,0,0,0,9,0,670,8,8,0,8
59,9,moe,833,34,2063,514,1129,1778,57,0,0,901,783,8,7,1,8
59,10,moe,755,35,2610,2328,1944,1477,230,0,0,1041,665,8,7,1,8
59,11,moe,688,34,1658,2308,1374,767,50,0,0,533,654,8,7,1,8
59,12,moe,756,41,2039,506,1129,1765,58,0,0,913,770,8,7,1,8
59,13,moe,832,35,4123,4776,3006,2915,105,0,0,1903,652,8,6,2,8
59,14,moe,748,34,2736,4841,2180,1543,115,0,0,1102,656,8,6,2,8
59,15,moe,682,30,1288,507,723,1018,59,0,0,512,776,8,7,1,8
59,16,moe,756,32,2514,2455,1844,1604,101,0,0,1035,665,8,6,2,8
59,17,moe,841,34,1543,2330,1260,774,53,0,0,544,660,8,7,1,8
59,18,moe,753,33,2816,2677,1930,1746,64,0,0,924,824,8,7,1,8
59,19,moe,695,38,2962,5316,2286,1616,105,0,0,1045,675,8,6,2,8
59,20,moe,764,37,5575,5530,4109,4232,176,0,0,2942,660,8,5,3,8
59,21,moe,825,38,7916,5905,4890,6593,233,0,0,3800,1145,8,4,4,8
59,22,moe,818,39,10250,10407,7199,8004,321,0,0,5274,654,8,2,6,8
59,23,moe,660,34,9512,6094,5754,8316,330,0,0,4888,767,8,3,5,8
59,24,moe,3119,37,4398,3416,2744,3604,237,0,0,2187,773,8,4,4,8
59,25,moe,814,37,6705,5234,4237,5509,368,0,0,3409,790,8,2,6,8
59,26,moe,669,39,6867,4392,4217,5674,371,0,0,3395,679,8,2,6,8
59,-1,epi,0,0,0,0,0,0,0,0,5555,0,0,0,0,0,0
60,-2,pre,43,0,0,0,0,0,0,0,0,0,0,0,0,0,0
60,0,dense,1535,42,0,0,0,0,0,0,0,0,0,0,0,0,0
60,1,moe,850,38,1712,2546,1294,925,62,0,0,569,785,8,7,1,8
60,2,moe,765,34,2436,2557,1699,1641,60,0,0,964,772,8,7,1,8
60,3,moe,682,36,4605,5009,2963,3606,247,0,0,2211,778,8,4,4,8
60,4,moe,777,35,1833,2552,1412,857,50,0,0,486,675,8,7,1,8
60,5,moe,824,35,1567,2352,1282,783,54,0,0,552,659,8,7,1,8
60,6,moe,753,36,9,0,0,0,0,0,9,0,781,8,8,0,8
60,7,moe,696,33,9,0,0,0,0,0,9,0,667,8,8,0,8
60,8,moe,775,36,2669,4878,2104,1551,108,0,0,1094,661,8,6,2,8
60,9,moe,833,35,2036,2490,1449,1020,57,0,0,490,777,8,7,1,8
60,10,moe,754,35,1796,2407,1396,845,51,0,0,496,663,8,7,1,8
60,11,moe,686,30,2268,2332,1779,1394,52,0,0,957,657,8,7,1,8
60,12,moe,756,35,2649,2499,1702,1797,62,0,0,912,779,8,7,1,8
60,13,moe,830,36,9,0,0,0,0,0,9,0,661,8,8,0,8
60,14,moe,761,33,3317,1038,2163,2903,101,0,0,1850,659,8,6,2,8
60,15,moe,678,33,5496,1847,3188,4958,175,0,0,2825,772,8,5,3,8
60,16,moe,757,35,8,0,0,0,0,0,8,0,664,8,8,0,8
60,17,moe,834,38,1814,2356,1411,857,51,0,0,505,654,8,7,1,8
60,18,moe,759,35,9,0,0,0,0,0,9,0,878,8,8,0,8
60,19,moe,685,37,4013,5096,3046,2814,103,0,0,1950,648,8,6,2,8
60,20,moe,745,38,1663,2393,1382,771,50,0,0,540,660,8,7,1,8
60,21,moe,829,36,5540,1890,3184,5000,175,0,0,2819,769,8,5,3,8
60,22,moe,829,38,3817,2476,2667,2899,101,0,0,1850,645,8,6,2,8
60,23,moe,678,33,7933,5716,4902,6627,239,0,0,3835,761,8,4,4,8
60,24,moe,823,38,4624,4902,2887,3774,271,0,0,2308,813,8,4,4,8
60,25,moe,817,39,3633,1172,2163,3264,130,0,0,1924,806,8,6,2,8
60,26,moe,692,37,3713,1129,2205,3331,131,0,0,1954,810,8,6,2,8
60,-1,epi,0,0,0,0,0,0,0,0,6144,0,0,0,0,0,0
61,-2,pre,78,0,0,0,0,0,0,0,0,0,0,0,0,0,0
61,0,dense,1546,52,0,0,0,0,0,0,0,0,0,0,0,0,0
61,1,moe,869,61,2371,2495,1628,1648,62,0,0,967,795,8,7,1,8
61,2,moe,779,40,4974,9561,3529,3286,124,0,0,1965,776,8,6,2,8
61,3,moe,673,52,5554,1860,3302,4868,384,0,0,3000,779,8,5,3,8
61,4,moe,778,74,3822,2569,2712,2840,99,0,0,1829,661,8,6,2,8
61,5,moe,832,43,2315,2508,1823,1413,49,0,0,970,664,8,7,1,8
61,6,moe,759,38,9,0,0,0,0,0,9,0,781,8,8,0,8
61,7,moe,683,37,1529,2422,1243,797,56,0,0,567,658,8,7,1,8
61,8,moe,755,37,9,0,0,0,0,0,9,0,653,8,8,0,8
61,9,moe,834,40,10,0,0,0,0,0,10,0,801,8,8,0,8
61,10,moe,761,35,8,0,0,0,0,0,8,0,669,8,8,0,8
61,11,moe,704,37,1663,2282,1380,778,52,0,0,547,675,8,7,1,8
61,12,moe,764,37,9,0,0,0,0,0,9,0,812,8,8,0,8
61,13,moe,851,37,8,0,0,0,0,0,8,0,685,8,8,0,8
61,14,moe,779,36,4558,6891,4061,1388,49,1,0,941,652,8,7,1,8
61,15,moe,672,34,2743,2690,1867,1706,59,0,0,889,771,8,7,1,8
61,16,moe,753,35,9,0,0,0,0,0,9,0,653,8,8,0,8
61,17,moe,823,35,2947,5115,2275,1617,106,1,0,1052,657,8,6,2,8
61,18,moe,760,34,6211,8249,3867,4808,209,0,0,2673,779,8,5,3,8
61,19,moe,673,31,2707,3513,2046,1602,103,0,0,1044,654,8,6,2,8
61,20,moe,761,34,4424,7574,3306,3090,221,0,0,2193,666,8,4,4,8
61,21,moe,830,39,11969,13994,7429,9984,369,0,0,5813,768,8,2,6,8
61,22,moe,816,36,6983,7689,4875,5697,210,0,0,3799,650,8,4,4,8
61,23,moe,671,34,7956,5137,4857,6749,238,0,0,3888,764,8,4,4,8
61,24,moe,825,38,7422,5594,4519,6402,245,0,0,3744,771,8,4,4,8
61,25,moe,823,36,9258,8132,5668,7850,312,0,0,4572,767,8,3,5,8
61,26,moe,662,34,10823,4313,6527,9687,348,0,0,5739,764,8,2,6,8
61,-1,epi,0,0,0,0,0,0,0,0,6001,0,0,0,0,0,0
62,-2,pre,63,0,0,0,0,0,0,0,0,0,0,0,0,0,0
62,0,dense,1513,38,0,0,0,0,0,0,0,0,0,0,0,0,0
62,1,moe,849,39,9,0,0,0,0,0,9,0,789,8,8,0,8
62,2,moe,763,34,10,0,0,0,0,0,10,0,798,8,8,0,8
62,3,moe,704,32,6540,8904,4362,4970,190,0,0,2982,771,8,5,3,8
62,4,moe,760,34,2409,2177,1760,1493,51,0,0,895,655,8,7,1,8
62,5,moe,827,34,8,0,0,0,0,0,8,0,653,8,8,0,8
62,6,moe,751,33,3220,2397,2104,1755,587,1,0,1227,800,8,7,1,8
62,7,moe,664,32,9,0,0,0,0,0,9,0,644,8,8,0,8
62,8,moe,754,35,1771,2448,1347,874,53,0,0,503,659,8,7,1,8
62,9,moe,828,35,8,0,0,0,0,0,8,0,780,8,8,0,8
62,10,moe,761,37,9,0,0,0,0,0,9,0,666,8,8,0,8
62,11,moe,691,33,3775,3280,2808,2781,100,0,0,1914,659,8,6,2,8
62,12,moe,763,34,2050,524,1139,1738,71,0,0,898,781,8,7,1,8
62,13,moe,845,35,1282,940,882,841,50,0,0,491,657,8,7,1,8
62,14,moe,769,38,1606,454,1116,1377,48,0,0,935,656,8,7,1,8
62,15,moe,678,32,10,0,0,0,0,0,10,0,795,8,8,0,8
62,16,moe,764,33,8,0,0,0,0,0,8,0,667,8,8,0,8
62,17,moe,854,37,9,0,0,0,0,0,9,0,682,8,8,0,8
62,18,moe,779,37,2990,2748,1988,1751,240,0,0,989,786,8,7,1,8
62,19,moe,741,75,3683,3852,2729,2371,149,0,0,1566,663,8,5,3,8
62,20,moe,761,38,2204,2339,1708,1384,49,0,0,937,658,8,7,1,8
62,21,moe,822,34,3541,2571,2138,2817,184,0,0,1598,779,8,5,3,8
62,22,moe,828,33,2059,1049,1339,1658,103,0,0,1041,670,8,6,2,8
62,23,moe,660,39,5900,3632,3572,5098,182,0,0,2952,773,8,5,3,8
62,24,moe,826,35,5959,5475,3793,4920,191,0,0,2945,780,8,5,3,8
62,25,moe,835,42,3250,1900,2013,2766,183,0,0,1712,783,8,5,3,8
62,26,moe,669,34,5623,2892,3434,4912,177,0,0,2900,779,8,5,3,8
62,-1,epi,0,0,0,0,0,0,0,0,6124,0,0,0,0,0,0
63,-2,pre,216,0,0,0,0,0,0,0,0,0,0,0,0,0,0
63,0,dense,1525,43,0,0,0,0,0,0,0,0,0,0,0,0,0
63,1,moe,853,37,2499,2543,1767,1635,58,0,0,961,783,8,7,1,8
63,2,moe,765,34,5973,9447,3750,4288,202,0,0,2267,772,8,5,3,8
63,3,moe,675,34,4386,5149,2936,3236,124,0,0,1910,767,8,6,2,8
63,4,moe,752,36,1768,462,1127,1487,49,0,0,895,652,8,7,1,8
63,5,moe,825,35,2470,2477,1903,1557,102,0,0,1092,666,8,6,2,8
63,6,moe,748,35,8,0,0,0,0,0,8,0,778,8,8,0,8
63,7,moe,694,36,3692,6349,3131,1536,100,0,0,1075,663,8,6,2,8
63,8,moe,752,35,8,0,0,0,0,0,8,0,656,8,8,0,8
63,9,moe,842,36,2027,493,1116,1753,56,0,0,898,774,8,7,1,8
63,10,moe,761,38,9,0,0,0,0,0,9,0,671,8,8,0,8
63,11,moe,700,36,8,0,0,0,0,0,8,0,672,8,8,0,8
63,12,moe,773,33,6355,7993,4191,4987,186,0,0,3009,769,8,5,3,8
63,13,moe,817,35,1785,458,1119,1497,50,0,0,881,651,8,7,1,8
63,14,moe,745,35,6288,7228,4729,4162,536,0,0,3139,651,8,5,3,8
63,15,moe,674,34,4813,6671,3235,3376,122,0,0,1920,765,8,6,2,8
63,16,moe,740,36,2227,1062,1505,1599,280,0,0,1157,656,8,6,2,8
63,17,moe,831,37,3678,2636,2705,2786,102,0,0,1915,655,8,6,2,8
63,18,moe,754,37,1929,2478,1369,1002,62,0,0,504,777,8,7,1,8
63,19,moe,678,34,3441,4602,2496,2395,164,0,0,1614,662,8,5,3,8
63,20,moe,752,37,1617,459,1130,1385,50,1,0,949,655,8,7,1,8
63,21,moe,827,38,5250,6913,3664,3328,119,0,0,1861,772,8,6,2,8
63,22,moe,820,36,7070,5516,4964,5691,209,0,0,3794,658,8,4,4,8
63,23,moe,668,34,8,0,0,0,0,0,8,0,764,8,8,0,8
63,24,moe,825,35,9363,5284,5529,8253,292,0,0,4711,766,8,3,5,8
63,25,moe,819,50,5685,11143,4048,3661,265,0,0,2289,772,8,4,4,8
63,26,moe,667,36,5203,7719,4382,1787,117,0,0,1083,763,8,6,2,8
63,-1,epi,0,0,0,0,0,0,0,0,6081,0,0,0,0,0,0
64,-2,pre,43,0,0,0,0,0,0,0,0,0,0,0,0,0,0
64,0,dense,1562,41,0,0,0,0,0,0,0,0,0,0,0,0,0
64,1,moe,846,36,9,0,0,0,0,1,8,0,803,8,8,0,8
64,2,moe,774,34,10,0,0,0,0,0,10,0,805,8,8,0,8
64,3,moe,711,33,7647,5711,4749,6567,232,0,0,3901,773,8,4,4,8
64,4,moe,754,35,9,0,0,0,0,0,9,0,655,8,8,0,8
64,5,moe,836,91,1202,525,733,846,51,0,0,428,691,8,7,1,8
64,6,moe,768,36,10,0,0,0,0,0,10,0,788,8,8,0,8
64,7,moe,691,35,3250,1345,2281,2752,101,0,0,1884,661,8,6,2,8
64,8,moe,762,35,4609,7723,3634,2806,113,0,0,1944,651,8,6,2,8
64,9,moe,829,38,6540,8528,4147,5133,179,0,0,2919,766,8,5,3,8
64,10,moe,775,91,9,0,0,0,0,0,9,0,690,8,8,0,8
64,11,moe,692,39,1717,460,1126,1436,51,0,0,896,664,8,7,1,8
64,12,moe,766,37,2748,2732,1870,1721,60,0,0,903,792,8,7,1,8
64,13,moe,889,38,1737,461,1135,1457,53,0,0,908,657,8,7,1,8
64,14,moe,767,39,2395,2383,1836,1525,101,0,0,1067,655,8,6,2,8
64,15,moe,678,37,8,0,0,0,0,0,8,0,780,8,8,0,8
64,16,moe,763,39,18,0,0,0,0,0,18,0,672,8,8,0,8
64,17,moe,870,38,1577,2126,1290,774,51,0,0,538,672,8,7,1,8
64,18,moe,771,41,9,0,0,0,0,0,9,0,902,8,8,0,8
64,19,moe,873,40,1938,1035,1359,1570,101,0,0,1092,761,8,6,2,8
64,20,moe,777,38,10,0,0,0,0,0,10,0,720,8,8,0,8
64,21,moe,861,38,7456,5980,4344,6310,240,0,0,3438,787,8,4,4,8
64,22,moe,851,39,4862,1821,3284,4267,155,0,0,2844,671,8,5,3,8
64,23,moe,677,38,1277,480,701,1017,59,0,0,500,800,8,7,1,8
64,24,moe,863,34,6134,5438,3877,5064,185,0,0,2992,779,8,5,3,8
64,25,moe,844,36,4262,2872,2779,3271,125,0,0,1913,770,8,6,2,8
64,26,moe,659,34,7437,3318,4497,6618,250,0,0,3928,789,8,4,4,8
64,-1,epi,0,0,0,0,0,0,0,0,5758,0,0,0,0,0,0
65,-2,pre,1126,0,0,0,0,0,0,0,0,0,0,0,0,0,0
65,0,dense,1501,46,0,0,0,0,0,0,0,0,0,0,0,0,0
65,1,moe,862,43,5338,11980,4094,3225,181,0,0,2162,823,8,5,3,8
65,2,moe,782,44,6299,7672,4029,4882,416,0,0,3028,792,8,5,3,8
65,3,moe,690,36,1878,505,1139,1633,60,0,0,954,813,8,7,1,8
65,4,moe,788,41,4283,5146,3096,2997,109,0,0,1919,667,8,6,2,8
65,5,moe,853,39,8,0,0,0,0,0,8,0,672,8,8,0,8
65,6,moe,770,37,5285,5500,3376,3379,763,0,0,2233,785,8,6,2,8
65,7,moe,679,36,2623,4634,1946,1611,115,0,0,1049,659,8,6,2,8
65,8,moe,757,39,9,0,0,0,0,0,9,0,656,8,8,0,8
65,9,moe,831,36,9,0,0,0,0,0,9,0,779,8,8,0,8
65,10,moe,766,35,2731,4945,2175,1549,104,0,0,1097,669,8,6,2,8
65,11,moe,688,33,5420,7058,3965,4163,163,0,0,2871,684,8,5,3,8
65,12,moe,750,36,2782,2514,1876,1751,55,0,0,900,772,8,7,1,8
65,13,moe,821,37,2387,2273,1769,1467,51,0,0,900,658,8,7,1,8
65,14,moe,753,36,3996,5185,3014,2783,105,1,0,1907,703,8,6,2,8
65,15,moe,697,33,6694,5439,4717,5370,517,0,0,3910,790,8,4,4,8
65,16,moe,746,36,2865,4940,2171,1639,105,0,0,1050,703,8,6,2,8
65,17,moe,885,88,3657,7783,2812,2330,166,0,0,1651,662,8,5,3,8
65,18,moe,751,39,8423,10618,5195,6671,604,0,0,4047,771,8,4,4,8
65,19,moe,668,33,11600,8925,8238,9579,845,0,0,7062,698,8,1,7,8
65,20,moe,1182,41,2821,4930,2259,1538,115,0,0,1091,759,8,6,2,8
65,21,moe,815,36,6728,9705,4395,5009,205,0,0,2881,766,8,5,3,8
65,22,moe,811,39,7517,14961,5735,4734,334,0,0,3286,666,8,2,6,8
65,23,moe,664,35,4737,5221,3134,3386,119,0,0,1902,772,8,6,2,8
65,24,moe,822,35,4669,6368,3027,3611,249,0,0,2218,776,8,4,4,8
65,25,moe,4095,39,6217,8296,4035,4717,181,0,0,2716,778,8,5,3,8
65,26,moe,673,34,2604,2687,1876,1617,59,0,0,948,773,8,7,1,8
65,-1,epi,0,0,0,0,0,0,0,0,6138,0,0,0,0,0,0
66,-2,pre,81,0,0,0,0,0,0,0,0,0,0,0,0,0,0
66,0,dense,1515,41,0,0,0,0,0,0,0,0,0,0,0,0,0
66,1,moe,848,36,4315,7757,3040,2930,197,0,0,1852,783,8,5,3,8
66,2,moe,757,36,10,0,0,0,0,0,10,0,779,8,8,0,8
66,3,moe,699,37,4629,5525,3177,3306,116,0,0,1970,770,8,6,2,8
66,4,moe,756,33,3783,2381,2652,2870,103,0,0,1842,652,8,6,2,8
66,5,moe,824,33,9,0,0,0,0,0,9,0,659,8,8,0,8
66,6,moe,775,35,8,0,0,0,0,0,8,0,788,8,8,0,8
66,7,moe,701,37,9,0,0,0,0,0,9,0,670,8,8,0,8
66,8,moe,775,35,2241,2431,1747,1393,49,0,0,948,659,8,7,1,8
66,9,moe,862,36,2841,2842,1929,1749,59,0,0,896,780,8,7,1,8
66,10,moe,752,33,8,0,0,0,0,0,8,0,652,8,8,0,8
66,11,moe,686,37,6688,5022,4631,5669,201,0,0,3813,654,8,4,4,8
66,12,moe,746,38,2020,512,1128,1737,57,0,0,902,774,8,7,1,8
66,13,moe,829,34,1738,480,1129,1463,49,0,0,903,655,8,7,1,8
66,14,moe,752,35,8,0,0,0,0,0,8,0,669,8,8,0,8
66,15,moe,682,32,4238,2578,2664,3347,115,0,0,1888,780,8,6,2,8
66,16,moe,754,34,3745,2433,2659,2844,101,0,0,1859,656,8,6,2,8
66,17,moe,832,38,3174,1035,2202,2774,99,0,0,1901,647,8,6,2,8
66,18,moe,760,39,2844,2483,1881,1737,246,0,0,1020,898,8,7,1,8
66,19,moe,673,35,2723,2356,1970,1618,416,0,0,1281,748,8,6,2,8
66,20,moe,757,37,9,0,0,0,0,0,9,0,697,8,8,0,8
66,21,moe,825,36,3812,1150,2197,3352,117,0,0,1854,775,8,6,2,8
66,22,moe,830,41,1775,466,1130,1502,49,0,0,906,656,8,7,1,8
66,23,moe,680,35,2767,2898,1829,1885,119,0,0,1066,784,8,6,2,8
66,24,moe,832,36,2667,2709,1848,1798,117,0,0,1096,785,8,6,2,8
66,25,moe,829,36,4249,2987,2799,3224,117,0,0,1891,771,8,6,2,8
66,26,moe,688,32,5423,7283,3962,3253,113,0,0,1905,760,8,6,2,8
66,-1,epi,0,0,0,0,0,0,0,0,6150,0,0,0,0,0,0
67,-2,pre,213,0,0,0,0,0,0,0,0,0,0,0,0,0,0
67,0,dense,1530,42,0,0,0,0,0,0,0,0,0,0,0,0,0
67,1,moe,864,37,7776,8504,4856,6566,253,0,0,3899,794,8,4,4,8
67,2,moe,762,37,2597,2659,1865,1615,62,0,0,945,775,8,7,1,8
67,3,moe,684,37,5414,13480,3770,4030,255,0,0,2641,785,8,4,4,8
67,4,moe,754,38,2884,4779,2210,1594,108,0,0,1028,662,8,6,2,8
67,5,moe,823,37,5391,7243,3927,4180,174,0,0,2890,656,8,5,3,8
67,6,moe,748,35,11,0,0,0,0,0,11,0,770,8,8,0,8
67,7,moe,680,32,2229,2226,1726,1392,57,0,0,946,654,8,7,1,8
67,8,moe,761,37,2906,5048,2341,1546,109,0,0,1090,673,8,6,2,8
67,9,moe,858,39,9,0,0,0,0,0,9,0,774,8,8,0,8
67,10,moe,756,34,4269,7620,3127,3118,225,0,0,2201,642,8,4,4,8
67,11,moe,662,40,4751,6710,3563,3485,234,0,0,2531,644,8,4,4,8
67,12,moe,734,35,2226,980,1321,1763,58,0,0,916,774,8,7,1,8
67,13,moe,836,37,2982,5191,2276,1678,107,0,0,1079,660,8,6,2,8
67,14,moe,756,35,1663,2349,1371,782,51,0,0,541,659,8,7,1,8
67,15,moe,682,32,7388,8774,4322,6147,250,0,0,3331,767,8,4,4,8
67,16,moe,746,34,2548,3210,1870,1605,101,1,0,1029,664,8,6,2,8
67,17,moe,825,36,3446,5023,2613,2313,166,0,0,1646,655,8,5,3,8
67,18,moe,751,35,2817,2406,1837,1819,61,0,0,900,774,8,7,1,8
67,19,moe,684,33,7130,5295,4988,5704,370,0,0,3932,691,8,4,4,8
67,20,moe,758,37,3942,4904,2960,2782,111,0,0,1911,698,8,6,2,8
67,21,moe,819,35,9895,8888,6045,8426,317,0,0,4893,764,8,3,5,8
67,22,moe,811,36,5706,7960,4120,4347,170,0,0,2931,649,8,5,3,8
67,23,moe,664,34,5411,8221,3600,4124,252,0,0,2565,775,8,4,4,8
67,24,moe,826,35,9363,6518,5717,8233,303,0,0,4890,769,8,3,5,8
67,25,moe,819,213,6968,13462,4779,4892,182,0,0,2885,764,8,5,3,8
67,26,moe,665,38,10608,15456,6819,8288,332,0,0,4831,765,8,3,5,8
67,-1,epi,0,0,0,0,0,0,0,0,6040,0,0,0,0,0,0
68,-2,pre,203,0,0,0,0,0,0,0,0,0,0,0,0,0,0
68,0,dense,1507,42,0,0,0,0,0,0,0,0,0,0,0,0,0
68,1,moe,856,40,9826,8310,6106,8211,525,0,0,5016,770,8,3,5,8
68,2,moe,741,36,4988,6298,3534,3252,116,0,0,1914,768,8,6,2,8
68,3,moe,673,33,3048,5231,2218,1841,123,0,0,1134,771,8,6,2,8
68,4,moe,761,35,6683,9608,4617,5317,223,0,0,3474,649,8,4,4,8
68,5,moe,814,36,8,0,0,0,0,0,8,0,651,8,8,0,8
68,6,moe,749,33,1998,2565,1426,1006,59,0,0,493,771,8,7,1,8
68,7,moe,669,38,9,0,0,0,0,0,9,0,651,8,8,0,8
68,8,moe,753,33,8,0,0,0,0,0,8,0,660,8,8,0,8
68,9,moe,829,34,2667,2605,1937,1610,57,0,0,937,769,8,7,1,8
68,10,moe,772,38,3884,2396,2760,2951,123,0,0,1950,690,8,6,2,8
68,11,moe,683,34,3538,4631,2688,2335,173,0,0,1658,708,8,5,3,8
68,12,moe,734,37,2062,485,1150,1746,72,0,0,906,759,8,7,1,8
68,13,moe,834,39,1814,2413,1401,845,56,0,0,488,663,8,7,1,8
68,14,moe,786,43,2343,2706,1853,1381,50,0,0,941,655,8,7,1,8
68,15,moe,679,47,4717,5228,3037,3428,122,0,0,1870,772,8,6,2,8
68,16,moe,751,37,9,0,0,0,0,0,9,0,656,8,8,0,8
68,17,moe,824,37,1788,2350,1351,873,52,0,0,488,667,8,7,1,8
68,18,moe,755,34,9,0,0,0,0,0,9,0,785,8,8,0,8
68,19,moe,689,33,3175,2571,2331,2306,151,0,0,1613,674,8,5,3,8
68,20,moe,754,34,1657,2221,1371,772,59,0,0,545,664,8,7,1,8
68,21,moe,832,37,10,0,0,0,0,0,10,0,782,8,8,0,8
68,22,moe,837,35,1914,1024,1345,1558,104,0,0,1093,700,8,6,2,8
68,23,moe,695,36,1291,496,711,1002,60,0,0,482,798,8,7,1,8
68,24,moe,844,38,4501,5273,3042,3303,121,0,0,1965,779,8,6,2,8
68,25,moe,834,35,5652,2673,3469,4878,175,0,0,2870,781,8,5,3,8
68,26,moe,675,37,5600,2734,3417,4878,175,0,0,2870,774,8,5,3,8
68,-1,epi,0,0,0,0,0,0,0,0,6167,0,0,0,0,0,0
69,-2,pre,44,0,0,0,0,0,0,0,0,0,0,0,0,0,0
69,0,dense,1550,40,0,0,0,0,0,0,0,0,0,0,0,0,0
69,1,moe,832,41,4335,3108,2840,3339,116,0,0,1960,785,8,6,2,8
69,2,moe,765,37,8,0,0,0,0,0,8,0,786,8,8,0,8
69,3,moe,714,36,6146,5300,3981,4907,183,0,0,2925,772,8,5,3,8
69,4,moe,760,36,1828,2477,1386,861,57,0,0,476,654,8,7,1,8
69,5,moe,831,41,8,0,0,0,0,0,8,0,657,8,8,0,8
69,6,moe,759,36,8,0,0,0,0,0,8,0,785,8,8,0,8
69,7,moe,696,33,3977,4997,3006,2813,103,0,0,1945,655,8,6,2,8
69,8,moe,757,35,1336,907,995,776,224,0,0,659,661,8,7,1,8
69,9,moe,835,35,9,0,0,0,0,0,9,0,789,8,8,0,8
69,10,moe,765,33,4050,4783,3081,2794,102,0,0,1927,661,8,6,2,8
69,11,moe,675,32,2446,2527,1893,1531,102,0,0,1080,666,8,6,2,8
69,12,moe,758,35,9,0,0,0,0,1,8,0,781,8,8,0,8
69,13,moe,839,33,8,0,0,0,0,0,8,0,667,8,8,0,8
69,14,moe,763,38,1614,465,1128,1382,50,0,0,946,663,8,7,1,8
69,15,moe,682,33,2178,903,1297,1746,61,0,0,926,782,8,7,1,8
69,16,moe,768,34,8,0,0,0,0,0,8,0,667,8,8,0,8
69,17,moe,849,35,8,0,0,0,0,0,8,0,686,8,8,0,8
69,18,moe,772,34,8,0,0,0,0,0,8,0,814,8,8,0,8
69,19,moe,713,38,9,0,0,0,0,0,9,0,687,8,8,0,8
69,20,moe,782,34,2508,2557,1825,1507,59,0,0,883,663,8,7,1,8
69,21,moe,849,35,2021,2593,1467,989,59,0,0,494,783,8,7,1,8
69,22,moe,843,36,9,0,0,0,0,0,9,0,687,8,8,0,8
69,23,moe,704,32,8,0,0,0,0,0,8,0,809,8,8,0,8
69,24,moe,859,33,1132,491,716,890,59,0,0,533,798,8,7,1,8
69,25,moe,855,33,1170,524,744,914,64,1,0,553,808,8,7,1,8
69,26,moe,709,37,2659,2836,1924,1630,58,0,0,953,793,8,7,1,8
69,-1,epi,0,0,0,0,0,0,0,0,6374,0,0,0,0,0,0
70,-2,pre,49,0,0,0,0,0,0,0,0,0,0,0,0,0,0
70,0,dense,1601,39,0,0,0,0,0,0,0,0,0,0,0,0,0
70,1,moe,892,37,4738,5202,3189,3472,126,0,0,2049,774,8,6,2,8
70,2,moe,769,32,10,0,0,0,0,0,10,0,791,8,8,0,8
70,3,moe,700,32,6177,5073,3996,4861,182,0,0,2862,782,8,5,3,8
70,4,moe,758,34,1781,456,1140,1485,51,0,0,895,667,8,7,1,8
70,5,moe,842,34,2191,2341,1696,1407,52,0,0,964,662,8,7,1,8
70,6,moe,765,34,9,0,0,0,0,0,9,0,790,8,8,0,8
70,7,moe,707,31,1620,2318,1313,833,62,0,0,588,584,8,7,1,8
70,8,moe,687,35,1683,2445,1378,824,57,0,0,576,622,8,7,1,8
70,9,moe,840,33,9,0,0,0,0,0,9,0,793,8,8,0,8
70,10,moe,766,34,3996,5229,3014,2795,110,0,0,1923,663,8,6,2,8
70,11,moe,687,32,2585,2430,1954,1563,276,0,0,1208,674,8,6,2,8
70,12,moe,763,34,5078,5992,3390,3435,121,0,0,1868,790,8,6,2,8
70,13,moe,831,34,4370,5198,3238,2918,102,0,0,1888,660,8,6,2,8
70,14,moe,704,36,2010,2627,1640,822,245,0,0,697,582,8,7,1,8
70,15,moe,605,39,2091,493,1186,1810,61,0,0,966,781,8,7,1,8
70,16,moe,749,38,8,0,0,0,0,0,8,0,659,8,8,0,8
70,17,moe,829,34,11,0,0,0,0,0,11,0,667,8,8,0,8
70,18,moe,753,32,1917,508,1158,1666,65,0,0,972,760,8,7,1,8
70,19,moe,663,32,10,0,0,0,0,0,10,0,645,8,8,0,8
70,20,moe,695,34,2543,2495,1878,1563,57,0,0,955,573,8,7,1,8
70,21,moe,748,36,9,0,0,0,0,0,9,0,751,8,8,0,8
70,22,moe,844,30,1006,473,720,766,51,0,0,531,673,8,7,1,8
70,23,moe,710,34,5275,13880,4302,1948,132,0,0,1107,753,8,6,2,8
70,24,moe,755,38,3871,1162,2306,3475,123,0,0,2033,775,8,6,2,8
70,25,moe,831,40,3055,5188,2229,1856,129,0,0,1159,780,8,6,2,8
70,26,moe,695,34,1150,502,724,906,62,0,0,542,780,8,7,1,8
70,-1,epi,0,0,0,0,0,0,0,0,6284,0,0,0,0,0,0
71,-2,pre,47,0,0,0,0,0,0,0,0,0,0,0,0,0,0
71,0,dense,1298,45,0,0,0,0,0,0,0,0,0,0,0,0,0
71,1,moe,755,41,10,0,0,0,0,0,10,0,683,8,8,0,8
71,2,moe,707,39,2081,982,1349,1665,58,0,0,991,788,8,7,1,8
71,3,moe,705,35,3167,4883,2249,1821,342,0,0,1245,790,8,6,2,8
71,4,moe,762,34,9,0,0,0,0,0,9,0,683,8,8,0,8
71,5,moe,842,33,3861,2679,2758,2858,97,0,0,1852,653,8,6,2,8
71,6,moe,763,34,9,0,0,0,0,0,9,0,787,8,8,0,8
71,7,moe,694,34,2251,2345,1753,1406,50,0,0,958,655,8,7,1,8
71,8,moe,763,35,9,0,0,0,0,0,9,0,672,8,8,0,8
71,9,moe,851,35,2006,508,1121,1715,59,0,0,889,794,8,7,1,8
71,10,moe,769,34,1795,2413,1376,853,51,0,0,485,658,8,7,1,8
71,11,moe,694,36,1813,956,1321,1397,48,0,0,953,666,8,7,1,8
71,12,moe,770,35,8,0,0,0,0,0,8,0,799,8,8,0,8
71,13,moe,842,34,2231,2219,1744,1389,49,1,0,952,665,8,7,1,8
71,14,moe,767,34,8588,7823,6069,7189,267,0,0,4937,576,8,3,5,8
71,15,moe,598,34,2294,892,1334,1854,60,1,0,955,781,8,7,1,8
71,16,moe,753,34,2410,2478,1769,1483,50,0,0,892,658,8,7,1,8
71,17,moe,832,35,1621,473,1131,1380,49,0,0,939,655,8,7,1,8
71,18,moe,755,33,2308,2928,1653,1019,231,0,0,595,777,8,7,1,8
71,19,moe,686,37,1823,2363,1369,854,234,0,0,634,654,8,7,1,8
71,20,moe,762,38,9,0,0,0,0,0,9,0,669,8,8,0,8
71,21,moe,836,35,8,0,0,0,0,0,8,0,794,8,8,0,8
71,22,moe,842,34,9,0,0,0,0,0,9,0,666,8,8,0,8
71,23,moe,708,38,5851,2852,3467,5093,174,0,0,2883,779,8,5,3,8
71,24,moe,837,44,2464,2441,1731,1627,64,0,0,958,774,8,7,1,8
71,25,moe,832,35,1933,2773,1505,903,61,0,0,536,789,8,7,1,8
71,26,moe,687,32,4292,5466,2838,3322,123,0,0,1991,772,8,6,2,8
71,-1,epi,0,0,0,0,0,0,0,0,6220,0,0,0,0,0,0
72,-2,pre,207,0,0,0,0,0,0,0,0,0,0,0,0,0,0
72,0,dense,1506,38,0,0,0,0,0,0,0,0,0,0,0,0,0
72,1,moe,763,40,7889,5653,4887,6828,247,0,0,4073,755,8,4,4,8
72,2,moe,744,36,6380,8469,4184,5054,197,0,0,3055,762,8,5,3,8
72,3,moe,669,32,3431,2690,2197,2692,189,0,0,1647,786,8,5,3,8
72,4,moe,758,35,1772,467,1138,1477,51,0,0,894,654,8,7,1,8
72,5,moe,821,34,1629,474,1140,1386,49,0,0,946,660,8,7,1,8
72,6,moe,767,37,2260,2714,1601,1012,268,0,0,621,785,8,7,1,8
72,7,moe,681,32,1770,2311,1370,845,52,0,0,497,657,8,7,1,8
72,8,moe,761,34,4085,5006,3107,2805,101,0,0,1928,659,8,6,2,8
72,9,moe,826,35,3407,5517,2432,1901,120,0,0,1046,776,8,6,2,8
72,10,moe,751,35,8,0,0,0,0,0,8,0,661,8,8,0,8
72,11,moe,687,32,5133,2461,3509,4311,156,0,0,2843,586,8,5,3,8
72,12,moe,685,34,3267,5333,2231,2059,138,0,0,1161,733,8,6,2,8
72,13,moe,828,34,2382,2196,1780,1447,51,0,0,896,648,8,7,1,8
72,14,moe,751,33,3727,2588,2745,2792,102,0,0,1912,652,8,6,2,8
72,15,moe,637,39,6484,5626,4095,5325,183,0,0,3119,778,8,5,3,8
72,16,moe,744,35,4058,4971,2972,2865,104,1,0,1884,652,8,6,2,8
72,17,moe,816,36,1852,2284,1485,780,272,0,0,685,667,8,7,1,8
72,18,moe,746,36,2225,2648,1592,999,232,0,0,598,774,8,7,1,8
72,19,moe,677,33,2873,4840,2197,1620,108,2,0,1054,661,8,6,2,8
72,20,moe,751,35,3845,2376,2805,2796,287,0,0,2043,710,8,6,2,8
72,21,moe,1030,35,5824,2794,3425,5041,176,0,0,2818,769,8,5,3,8
72,22,moe,820,34,2016,2941,1606,846,51,0,0,487,659,8,7,1,8
72,23,moe,674,32,3766,1142,2158,3351,114,0,0,1857,768,8,6,2,8
72,24,moe,819,34,2870,3121,2044,1793,117,0,0,1084,781,8,6,2,8
72,25,moe,823,34,4901,5128,3201,3753,255,0,0,2308,758,8,4,4,8
72,26,moe,655,34,7943,6081,5039,6517,235,0,0,3848,787,8,4,4,8
72,-1,epi,0,0,0,0,0,0,0,0,5986,0,0,0,0,0,0
73,-2,pre,211,0,0,0,0,0,0,0,0,0,0,0,0,0,0
73,0,dense,1542,43,0,0,0,0,0,0,0,0,0,0,0,0,0
73,1,moe,822,46,6205,13247,4508,3737,299,1,0,2340,813,8,4,4,8
73,2,moe,815,43,6500,6206,4288,4977,198,0,0,2963,783,8,5,3,8
73,3,moe,679,37,5906,5074,3722,4927,183,0,0,2926,892,8,5,3,8
73,4,moe,754,37,4112,4848,2954,2946,103,0,0,1891,658,8,6,2,8
73,5,moe,822,40,9,0,0,0,0,0,9,0,652,8,8,0,8
73,6,moe,754,34,9,0,0,0,0,0,9,0,779,8,8,0,8
73,7,moe,685,34,2380,2500,1861,1430,51,0,0,962,626,8,7,1,8
73,8,moe,732,36,2752,4856,2193,1567,106,0,0,1114,671,8,6,2,8
73,9,moe,838,40,2068,2614,1467,1037,60,0,0,496,789,8,7,1,8
73,10,moe,761,35,3648,5226,2573,2435,352,0,0,1712,579,8,5,3,8
73,11,moe,620,34,3305,5687,2640,1641,315,0,0,1291,632,8,6,2,8
73,12,moe,736,35,1983,2530,1384,1053,62,0,0,516,748,8,7,1,8
73,13,moe,805,41,1786,2252,1378,861,53,1,0,507,624,8,7,1,8
73,14,moe,727,37,3609,7015,2782,2315,172,0,0,1660,664,8,5,3,8
73,15,moe,677,35,4252,3259,2672,3320,118,0,0,1858,777,8,6,2,8
73,16,moe,751,36,1705,2425,1320,827,53,0,0,495,656,8,7,1,8
73,17,moe,824,38,9,0,0,0,0,0,9,0,655,8,8,0,8
73,18,moe,756,34,4092,6116,2717,2856,218,0,0,1699,789,8,5,3,8
73,19,moe,617,35,3717,4824,2713,2534,177,0,0,1707,583,8,5,3,8
73,20,moe,794,34,5097,13378,4478,1538,296,0,0,1215,658,8,6,2,8
73,21,moe,1082,39,4193,8354,2813,2801,203,0,0,1624,781,8,5,3,8
73,22,moe,824,39,3545,4714,2594,2385,159,0,0,1593,674,8,5,3,8
73,23,moe,676,35,4985,7824,2741,3654,224,0,0,1634,838,8,5,3,8
73,24,moe,772,45,6251,12761,4617,3831,271,0,0,2468,784,8,4,4,8
73,25,moe,829,37,5929,5354,3726,4892,177,0,0,2866,777,8,5,3,8
73,26,moe,670,37,1816,2584,1400,898,61,0,0,543,779,8,7,1,8
73,-1,epi,0,0,0,0,0,0,0,0,6159,0,0,0,0,0,0
74,-2,pre,68,0,0,0,0,0,0,0,0,0,0,0,0,0,0
74,0,dense,1283,44,0,0,0,0,0,0,0,0,0,0,0,0,0
74,1,moe,749,37,2749,2865,2012,1686,61,0,0,1010,815,8,7,1,8
74,2,moe,756,37,1871,502,1121,1642,61,0,0,953,788,8,7,1,8
74,3,moe,695,33,2632,2680,1893,1635,57,0,0,953,780,8,7,1,8
74,4,moe,765,32,2865,4833,2164,1636,106,0,0,1041,661,8,6,2,8
74,5,moe,830,35,9,0,0,0,0,0,9,0,642,8,8,0,8
74,6,moe,736,33,2072,2532,1467,1043,60,0,0,498,748,8,7,1,8
74,7,moe,671,33,9,0,0,0,0,0,9,0,663,8,8,0,8
74,8,moe,762,32,2427,2494,1788,1485,49,0,0,895,662,8,7,1,8
74,9,moe,839,34,2047,2543,1460,1025,63,0,0,501,791,8,7,1,8
74,10,moe,758,35,8,0,0,0,0,0,8,0,677,8,8,0,8
74,11,moe,608,40,8,0,0,0,0,0,8,0,568,8,8,0,8
74,12,moe,688,33,4124,1585,2564,3401,317,0,0,2158,804,8,6,2,8
74,13,moe,839,33,1800,2393,1380,849,52,0,0,481,667,8,7,1,8
74,14,moe,769,34,5413,4863,3952,4233,153,0,0,2925,657,8,5,3,8
74,15,moe,679,37,3180,5298,2209,1895,122,0,0,1046,788,8,6,2,8
74,16,moe,757,33,5541,5061,3944,4265,158,0,0,2826,655,8,5,3,8
74,17,moe,823,35,2867,5018,2306,1536,109,0,0,1084,676,8,6,2,8
74,18,moe,754,33,5255,5588,3420,3474,482,0,0,2121,872,8,6,2,8
74,19,moe,676,32,4230,7287,3057,2445,767,0,0,2039,576,8,5,3,8
74,20,moe,689,47,3684,2909,2712,2898,104,0,0,2030,749,8,6,2,8
74,21,moe,818,35,3940,2868,2380,2907,378,0,0,1725,751,8,5,3,8
74,22,moe,744,37,5852,6072,4247,4271,154,0,0,2820,653,8,5,3,8
74,23,moe,665,30,4725,5380,3110,3405,121,0,0,1911,775,8,6,2,8
74,24,moe,820,34,2776,3493,1943,1797,116,0,0,1080,786,8,6,2,8
74,25,moe,825,34,1894,517,1136,1657,58,0,0,957,769,8,7,1,8
74,26,moe,673,33,2306,1909,1485,1788,121,0,0,1088,781,8,6,2,8
74,-1,epi,0,0,0,0,0,0,0,0,6240,0,0,0,0,0,0
75,-2,pre,44,0,0,0,0,0,0,0,0,0,0,0,0,0,0
75,0,dense,1298,49,0,0,0,0,0,0,0,0,0,0,0,0,0
75,1,moe,766,39,2983,3190,2106,1906,124,0,0,1153,753,8,6,2,8
75,2,moe,746,39,11,0,0,0,0,0,11,0,759,8,8,0,8
75,3,moe,673,38,9,0,0,0,0,0,9,0,766,8,8,0,8
75,4,moe,758,35,11,0,0,0,0,0,11,0,649,8,8,0,8
75,5,moe,823,36,2529,2793,1879,1514,53,0,0,917,642,8,7,1,8
75,6,moe,778,37,8,0,0,0,0,0,8,0,797,8,8,0,8
75,7,moe,705,35,2264,2422,1768,1389,57,0,0,950,721,8,7,1,8
75,8,moe,768,39,1611,460,1120,1375,53,0,0,937,661,8,7,1,8
75,9,moe,845,41,9,0,0,0,0,0,9,0,761,8,8,0,8
75,10,moe,750,40,10,0,0,0,0,0,10,0,646,8,8,0,8
75,11,moe,668,34,2482,2842,1871,1611,110,0,0,1110,580,8,6,2,8
75,12,moe,693,38,9,0,0,0,0,0,9,0,675,8,8,0,8
75,13,moe,742,37,5548,7810,4093,4291,165,0,0,3001,662,8,5,3,8
75,14,moe,774,43,10,0,0,0,0,0,10,0,663,8,8,0,8
75,15,moe,695,36,7,0,0,0,0,0,7,0,792,8,8,0,8
75,16,moe,772,37,5618,7380,4147,4282,162,0,0,2973,657,8,5,3,8
75,17,moe,826,36,3244,3365,2400,2334,169,0,0,1659,676,8,5,3,8
75,18,moe,758,36,2151,2673,1532,1046,88,0,0,515,1268,8,7,1,8
75,19,moe,684,35,3502,2413,2442,2388,484,0,0,1812,674,8,5,3,8
75,20,moe,745,35,2251,2147,1743,1429,56,0,0,977,675,8,7,1,8
75,21,moe,806,37,2960,2926,1960,1907,127,0,0,1034,1077,8,6,2,8
75,22,moe,971,44,8,0,0,0,0,0,8,0,657,8,8,0,8
75,23,moe,691,33,3045,5149,2187,1813,127,0,0,1082,809,8,6,2,8
75,24,moe,758,36,1840,2453,1389,955,63,0,0,567,682,8,7,1,8
75,25,moe,750,39,6086,15675,4436,3629,255,0,0,2234,754,8,4,4,8
75,26,moe,651,36,2655,2642,1801,1845,125,0,0,1116,755,8,6,2,8
75,-1,epi,0,0,0,0,0,0,0,0,4802,0,0,0,0,0,0
76,-2,pre,97,0,0,0,0,0,0,0,0,0,0,0,0,0,0
76,0,dense,1291,42,0,0,0,0,0,0,0,0,0,0,0,0,0
76,1,moe,750,38,9,0,0,0,0,0,9,0,688,8,8,0,8
76,2,moe,700,39,1773,2518,1349,903,60,0,0,539,791,8,7,1,8
76,3,moe,706,36,9,0,0,0,0,0,9,0,804,8,8,0,8
76,4,moe,778,35,4088,2533,2896,3054,126,0,0,1988,575,8,6,2,8
76,5,moe,746,36,2204,2362,1710,1403,52,0,0,961,661,8,7,1,8
76,6,moe,764,36,9,0,0,0,0,0,9,0,832,8,8,0,8
76,7,moe,717,54,29,0,0,0,0,0,29,0,694,8,8,0,8
76,8,moe,770,34,8,0,0,0,0,0,8,0,684,8,8,0,8
76,9,moe,851,35,4316,5394,2937,2831,123,0,0,1575,831,8,6,2,8
76,10,moe,810,62,4170,5166,3063,2905,103,0,0,1901,658,8,6,2,8
76,11,moe,681,43,8,0,0,0,0,1,7,0,665,8,8,0,8
76,12,moe,761,29,8,0,0,0,0,0,8,0,786,8,8,0,8
76,13,moe,843,43,4241,5173,3176,2804,328,0,0,2067,701,8,6,2,8
76,14,moe,790,54,33,0,0,0,0,0,33,0,690,8,8,0,8
76,15,moe,706,29,3723,5502,2507,1971,506,0,0,1261,750,8,6,2,8
76,16,moe,755,91,2899,3088,2080,1722,116,0,0,1019,596,8,6,2,8
76,17,moe,784,38,2989,6099,2675,832,55,0,0,573,656,8,7,1,8
76,18,moe,748,35,9,0,0,0,0,0,9,0,819,8,8,0,8
76,19,moe,688,32,2711,2940,2105,1604,186,0,0,1184,1581,8,6,2,8
76,20,moe,693,37,1064,465,756,826,58,0,0,576,2327,8,7,1,8
76,21,moe,864,75,12,0,0,0,0,0,12,0,2019,8,8,0,8
76,22,moe,1230,39,3507,7298,2895,1568,275,0,0,1231,715,8,6,2,8
76,23,moe,839,38,4211,4997,2690,3016,194,2,0,1691,700,8,5,3,8
76,24,moe,738,36,7988,5606,5077,6624,242,0,0,3955,770,8,4,4,8
76,25,moe,822,39,3617,1137,2154,3241,114,0,0,1892,777,8,6,2,8
76,26,moe,676,37,5227,8311,3586,3913,263,0,0,2535,785,8,4,4,8
76,-1,epi,0,0,0,0,0,0,0,0,5089,0,0,0,0,0,0
77,-2,pre,218,0,0,0,0,0,0,0,0,0,0,0,0,0,0
77,0,dense,1432,42,0,0,0,0,0,0,0,0,0,0,0,0,0
77,1,moe,850,36,9,0,0,0,0,0,9,0,819,8,8,0,8
77,2,moe,783,44,1829,2654,1385,923,63,0,0,542,773,8,7,1,8
77,3,moe,610,60,2019,2773,1569,960,65,0,0,575,705,8,7,1,8
77,4,moe,693,37,9,0,0,0,0,0,9,0,577,8,8,0,8
77,5,moe,741,37,9,0,0,0,0,0,9,0,586,8,8,0,8
77,6,moe,696,35,2577,2603,1844,1666,59,0,0,992,780,8,7,1,8
77,7,moe,690,32,1783,2091,1356,849,52,0,0,474,624,8,7,1,8
77,8,moe,685,38,4227,5014,3194,2964,110,0,0,2041,658,8,6,2,8
77,9,moe,828,36,4352,2970,2716,3371,117,0,0,1852,784,8,6,2,8
77,10,moe,761,39,3839,2480,2746,2844,97,0,0,1848,656,8,6,2,8
77,11,moe,682,33,3887,6543,3316,1555,107,0,0,1091,683,8,6,2,8
77,12,moe,739,36,5138,6580,3501,3371,131,0,0,1865,802,8,6,2,8
77,13,moe,824,39,5369,5672,3748,4164,171,0,0,2714,636,8,5,3,8
77,14,moe,755,43,2848,4593,2245,1610,108,1,0,1116,623,8,6,2,8
77,15,moe,634,49,6199,5366,3855,5125,184,0,0,2965,788,8,5,3,8
77,16,moe,756,45,4167,4894,3044,2864,106,0,0,1847,658,8,6,2,8
77,17,moe,838,42,1648,2302,1359,775,51,0,0,537,657,8,7,1,8
77,18,moe,751,38,8408,5171,5066,6667,832,0,0,4157,872,8,4,4,8
77,19,moe,667,35,2271,449,1483,1468,561,0,0,1241,650,8,7,1,8
77,20,moe,757,37,2050,2352,1613,785,508,0,0,856,661,8,7,1,8
77,21,moe,833,37,3263,2745,2172,1723,580,0,0,1212,775,8,7,1,8
77,22,moe,821,34,1888,477,1230,1457,200,0,0,999,708,8,7,1,8
77,23,moe,681,37,2059,2685,1473,1030,63,0,0,507,829,8,7,1,8
77,24,moe,835,35,4755,9668,3526,3266,198,0,0,2235,782,8,5,3,8
77,25,moe,817,39,3564,2691,2266,2791,200,0,0,1693,767,8,5,3,8
77,26,moe,5935,34,2608,2593,1865,1629,59,1,0,946,766,8,7,1,8
77,-1,epi,0,0,0,0,0,0,0,0,6057,0,0,0,0,0,0
78,-2,pre,96,0,0,0,0,0,0,0,0,0,0,0,0,0,0
78,0,dense,1302,40,0,0,0,0,0,0,0,0,0,0,0,0,0
78,1,moe,742,37,2673,2645,1941,1677,61,0,0,1006,784,8,7,1,8
78,2,moe,766,36,9,0,0,0,0,0,9,0,794,8,8,0,8
78,3,moe,691,33,1885,508,1149,1639,61,0,0,964,796,8,7,1,8
78,4,moe,766,35,3015,4724,2318,1778,137,0,0,1218,659,8,6,2,8
78,5,moe,833,36,4046,5088,3069,2791,112,1,0,1927,659,8,6,2,8
78,6,moe,764,35,9,0,0,0,0,0,9,0,788,8,8,0,8
78,7,moe,691,33,3603,2334,2618,2801,114,0,0,1930,652,8,6,2,8
78,8,moe,759,35,9,0,0,0,0,0,9,0,598,8,8,0,8
78,9,moe,744,36,10,0,0,0,0,0,10,0,668,8,8,0,8
78,10,moe,702,35,1674,2160,1364,829,59,0,0,578,637,8,7,1,8
78,11,moe,695,32,8,0,0,0,0,0,8,0,683,8,8,0,8
78,12,moe,776,36,1974,2582,1406,995,60,0,0,487,723,8,7,1,8
78,13,moe,748,37,9,0,0,0,0,0,9,0,569,8,8,0,8
78,14,moe,689,48,2502,2228,1853,1549,54,0,0,954,666,8,7,1,8
78,15,moe,691,35,9,0,0,0,0,0,9,0,783,8,8,0,8
78,16,moe,772,34,8,0,0,0,0,0,8,0,692,8,8,0,8
78,17,moe,850,36,9,0,0,0,0,0,9,0,577,8,8,0,8
78,18,moe,697,36,1376,513,761,1070,67,0,0,522,751,8,7,1,8
78,19,moe,603,34,3025,4947,2312,1677,109,0,0,1073,929,8,6,2,8
78,20,moe,779,39,2239,2200,1740,1404,53,0,0,958,1130,8,7,1,8
78,21,moe,854,35,3373,2649,2262,1749,571,0,0,1209,835,8,7,1,8
78,22,moe,840,34,8600,14050,5798,6100,466,0,0,3764,646,8,3,5,8
78,23,moe,612,39,5124,5371,3242,3718,457,0,0,2293,903,8,4,4,8
78,24,moe,825,40,4158,5249,2806,2899,199,0,0,1746,696,8,5,3,8
78,25,moe,735,42,9,0,0,0,0,0,9,0,669,8,8,0,8
78,26,moe,610,35,3750,1152,2285,3349,120,0,0,2004,778,8,6,2,8
78,-1,epi,0,0,0,0,0,0,0,0,5280,0,0,0,0,0,0
79,-2,pre,41,0,0,0,0,0,0,0,0,0,0,0,0,0,0
79,0,dense,3757,38,0,0,0,0,0,0,0,0,0,0,0,0,0
79,1,moe,7658,37,4527,3817,2828,3774,257,0,0,2332,743,8,4,4,8
79,2,moe,6878,38,4105,8180,2864,2902,197,0,0,1858,791,8,5,3,8
79,3,moe,7639,38,8011,7837,5113,6663,262,0,0,4027,768,8,4,4,8
79,4,moe,7225,38,5038,2275,3441,4221,163,0,0,2787,647,8,5,3,8
79,5,moe,8436,45,2125,2331,1636,1387,55,0,0,953,646,8,7,1,8
79,6,moe,4106,40,2725,2497,1821,1732,63,0,0,891,806,8,7,1,8
79,7,moe,9370,39,11,0,0,0,0,1,10,0,634,8,8,0,8
79,8,moe,747,35,3824,2545,2696,2865,115,0,0,1852,653,8,6,2,8
79,9,moe,6954,41,6090,4749,3721,5026,197,0,0,2854,767,8,5,3,8
79,10,moe,741,37,4310,5238,3184,2835,159,0,0,1868,644,8,6,2,8
79,11,moe,829,33,1630,429,1139,1396,54,0,0,959,646,8,7,1,8
79,12,moe,751,34,3285,6415,2305,1946,128,0,0,1094,772,8,6,2,8
79,13,moe,836,35,9,0,0,0,0,0,9,0,663,8,8,0,8
79,14,moe,759,215,6435,13942,4808,3665,153,0,0,2191,648,8,5,3,8
79,15,moe,671,34,5209,11805,3786,2828,199,0,0,1604,816,8,5,3,8
79,16,moe,810,68,8828,11370,6226,7121,264,0,0,4783,659,8,3,5,8
79,17,moe,816,39,5251,5732,3860,4105,274,0,0,2988,670,8,3,5,8
79,18,moe,758,39,10630,11191,6534,8310,1122,0,0,5336,776,8,3,5,8
79,19,moe,669,37,9948,7940,6724,7975,836,0,0,5587,666,8,2,6,8
79,20,moe,743,36,7412,11573,5409,3845,2629,0,0,4471,696,8,3,5,8
79,21,moe,822,38,11524,8277,7123,8254,2097,0,0,5950,796,8,3,5,8
79,22,moe,816,37,10184,10508,7237,7049,1772,0,0,5874,1106,8,3,5,8
79,23,moe,675,38,11422,5161,6926,9655,792,0,0,5951,769,8,2,6,8
79,24,moe,1220,39,8913,24105,6854,4632,346,0,0,2919,867,8,3,5,8
79,25,moe,1273,42,13704,21580,8640,11601,431,0,0,6968,824,8,1,7,8
79,26,moe,686,36,11770,14050,7384,9933,391,0,0,5938,785,8,2,6,8
79,-1,epi,0,0,0,0,0,0,0,0,5996,0,0,0,0,0,0
80,-2,pre,153,0,0,0,0,0,0,0,0,0,0,0,0,0,0
80,0,dense,1496,40,0,0,0,0,0,0,0,0,0,0,0,0,0
80,1,moe,848,36,7324,4311,4416,6494,235,0,0,3821,782,8,4,4,8
80,2,moe,745,36,4232,3094,2777,3237,115,0,0,1897,764,8,6,2,8
80,3,moe,676,33,3006,5025,2184,1824,128,0,0,1130,771,8,6,2,8
80,4,moe,744,34,3872,2822,2748,2838,99,0,0,1813,656,8,6,2,8
80,5,moe,816,36,1023,459,735,775,51,0,0,538,665,8,7,1,8
80,6,moe,770,37,2060,2561,1465,1017,77,0,0,499,776,8,7,1,8
80,7,moe,673,36,1756,2340,1361,827,64,0,0,496,653,8,7,1,8
80,8,moe,7642,85,12,0,0,0,0,0,12,0,720,8,8,0,8
80,9,moe,3579,59,2433,1646,1404,1956,135,0,0,1062,794,8,6,2,8
80,10,moe,4508,43,1794,478,1162,1458,63,0,0,889,684,8,7,1,8
80,11,moe,10978,36,4727,8432,3748,2828,118,0,0,1967,661,8,6,2,8
80,12,moe,6595,41,2831,2742,1849,1881,119,0,0,1018,774,8,6,2,8
80,13,moe,5671,42,3806,2347,2673,2889,104,0,0,1860,716,8,6,2,8
80,14,moe,4193,38,5460,8026,3999,4274,161,0,0,2974,648,8,5,3,8
80,15,moe,7425,37,4984,5851,3151,3874,256,0,0,2297,784,8,4,4,8
80,16,moe,756,43,3314,1050,2167,2882,110,0,0,1845,646,8,6,2,8
80,17,moe,817,39,5660,7145,4190,4246,156,0,0,2932,658,8,5,3,8
80,18,moe,746,42,5152,5436,3352,3374,624,0,0,2198,766,8,6,2,8
80,19,moe,672,34,7184,6442,5437,3367,2791,0,0,4411,656,8,4,4,8
80,20,moe,750,38,2309,2603,1818,1382,51,0,0,942,663,8,7,1,8
80,21,moe,827,38,10366,20549,7013,6637,1868,0,0,5152,769,8,4,4,8
80,22,moe,812,39,2350,2200,1711,1466,73,0,0,900,812,8,7,1,8
80,23,moe,671,32,3497,5400,2295,1912,708,1,0,1419,2451,8,6,2,8
80,24,moe,820,39,4462,3236,2919,3252,306,0,0,2015,1996,8,6,2,8
80,25,moe,826,43,7339,13209,5120,4911,728,1,0,3421,887,8,3,5,8
80,26,moe,845,36,5812,3451,3632,4862,173,0,0,2855,771,8,5,3,8
80,-1,epi,0,0,0,0,0,0,0,0,6080,0,0,0,0,0,0
81,-2,pre,217,0,0,0,0,0,0,0,0,0,0,0,0,0,0
81,0,dense,1980,42,0,0,0,0,0,0,0,0,0,0,0,0,0
81,1,moe,983,38,6319,9637,4146,4966,174,0,0,2967,782,8,5,3,8
81,2,moe,902,35,5641,2789,3476,4913,178,0,0,2926,791,8,5,3,8
81,3,moe,676,36,9109,5573,5496,7987,315,0,0,4689,764,8,3,5,8
81,4,moe,884,34,4844,1647,3207,4263,167,0,0,2793,648,8,5,3,8
81,5,moe,970,40,2195,2166,1696,1380,56,0,0,937,649,8,7,1,8
81,6,moe,888,36,9,0,0,0,0,0,9,0,778,8,8,0,8
81,7,moe,675,35,9,0,0,0,0,0,9,0,662,8,8,0,8
81,8,moe,893,35,1810,988,1320,1382,62,0,0,954,655,8,7,1,8
81,9,moe,981,37,2069,509,1134,1744,71,0,0,880,777,8,7,1,8
81,10,moe,918,36,2480,2567,1834,1490,49,0,0,893,662,8,7,1,8
81,11,moe,676,32,2618,2539,1999,1540,310,1,0,1232,665,8,6,2,8
81,12,moe,907,37,2013,535,1139,1717,60,0,0,903,774,8,7,1,8
81,13,moe,972,42,5405,5366,3815,4257,161,0,0,2828,693,8,5,3,8
81,14,moe,900,41,2054,1439,1492,1538,101,0,0,1077,657,8,6,2,8
81,15,moe,680,38,6438,10164,4108,4778,195,0,0,2643,778,8,5,3,8
81,16,moe,6983,39,3038,1825,2082,2381,154,0,0,1579,654,8,5,3,8
81,17,moe,7607,40,5036,5210,3581,4185,162,0,0,2892,659,8,5,3,8
81,18,moe,743,50,4366,5218,2754,2804,718,0,0,1910,774,8,5,3,8
81,19,moe,10980,38,7648,4931,5261,5616,1163,0,0,4392,648,8,4,4,8
81,20,moe,742,36,10124,5137,7155,7033,2167,0,0,6231,651,8,3,5,8
81,21,moe,822,42,7338,5192,4582,4985,1256,0,0,3485,776,8,5,3,8
81,22,moe,822,43,9974,15844,7618,5707,1179,0,0,4530,647,8,4,4,8
81,23,moe,657,33,10883,14065,7609,5552,3125,0,0,5403,764,8,3,5,8
81,24,moe,816,39,8605,3236,5206,6602,1396,0,0,4599,1324,8,4,4,8
81,25,moe,821,38,10128,8675,6290,8184,942,0,0,5288,818,8,3,5,8
81,26,moe,657,35,6315,11261,4212,4801,348,1,0,3047,776,8,3,5,8
81,-1,epi,0,0,0,0,0,0,0,0,6020,0,0,0,0,0,0
82,-2,pre,216,0,0,0,0,0,0,0,0,0,0,0,0,0,0
82,0,dense,1901,44,0,0,0,0,0,0,0,0,0,0,0,0,0
82,1,moe,1130,39,2682,3005,1858,1808,119,0,0,1103,858,8,6,2,8
82,2,moe,760,35,4485,5299,3031,3302,126,0,0,1974,766,8,6,2,8
82,3,moe,682,36,3562,2794,2302,2689,310,0,0,1739,783,8,5,3,8
82,4,moe,752,37,5743,5366,4423,4399,281,0,0,3360,739,8,4,4,8
82,5,moe,844,84,3833,6944,3244,1547,160,0,0,1118,701,8,6,2,8
82,6,moe,750,31,11,0,0,0,0,0,11,0,767,8,8,0,8
82,7,moe,691,33,1720,2543,1432,773,51,0,0,536,654,8,7,1,8
82,8,moe,759,32,9,0,0,0,0,0,9,0,660,8,8,0,8
82,9,moe,825,31,9,0,0,0,0,0,9,0,774,8,8,0,8
82,10,moe,753,30,2636,2546,2017,1538,282,0,0,1201,667,8,6,2,8
82,11,moe,727,235,5846,13803,5277,1566,127,0,0,1124,647,8,6,2,8
82,12,moe,743,37,1307,498,721,1001,59,0,0,474,775,8,7,1,8
82,13,moe,821,35,2267,1654,1571,1611,112,0,0,1027,664,8,6,2,8
82,14,moe,759,38,2013,3510,1727,764,52,0,0,530,773,8,7,1,8
82,15,moe,735,66,5528,11554,3723,3913,282,0,0,2390,783,8,4,4,8
82,16,moe,748,37,3138,5627,2426,1612,103,0,0,1003,653,8,6,2,8
82,17,moe,823,39,5668,12434,4249,3950,287,0,0,2818,672,8,3,5,8
82,18,moe,7567,37,1960,2339,1385,1000,60,0,0,485,775,8,7,1,8
82,19,moe,2049,36,2640,1944,2066,832,1173,0,0,1431,657,8,7,1,8
82,20,moe,751,37,2253,2359,1755,1391,78,0,0,971,646,8,7,1,8
82,21,moe,817,36,6616,5386,4049,4972,761,0,0,3166,776,8,5,3,8
82,22,moe,817,37,4927,5038,3589,2453,1270,0,0,2385,713,8,5,3,8
82,23,moe,675,33,5725,6102,3770,3406,843,0,0,2294,817,8,6,2,8
82,24,moe,821,37,2317,2420,1678,897,585,0,0,843,872,8,7,1,8
82,25,moe,823,37,5885,5197,4180,3262,1545,0,0,3102,1377,8,6,2,8
82,26,moe,670,33,4075,5398,2843,2672,181,0,0,1621,773,8,5,3,8
82,-1,epi,0,0,0,0,0,0,0,0,6123,0,0,0,0,0,0
83,-2,pre,151,0,0,0,0,0,0,0,0,0,0,0,0,0,0
83,0,dense,1525,40,0,0,0,0,0,0,0,0,0,0,0,0,0
83,1,moe,856,37,4509,5380,2996,3369,149,0,0,2005,965,8,6,2,8
83,2,moe,1193,50,2565,2417,1814,1646,69,0,0,964,1032,8,7,1,8
83,3,moe,826,37,5781,2688,3518,5035,218,0,0,2990,885,8,5,3,8
83,4,moe,1027,44,7286,9964,5151,5656,435,0,0,3956,769,8,4,4,8
83,5,moe,993,44,1765,2301,1420,774,226,0,0,655,664,8,7,1,8
83,6,moe,759,42,4625,5331,2959,3397,136,0,0,1867,784,8,6,2,8
83,7,moe,677,35,7220,7937,5167,5660,267,0,0,3874,646,8,4,4,8
83,8,moe,770,74,2199,2187,1705,1390,57,0,0,953,656,8,7,1,8
83,9,moe,820,37,2035,2502,1467,998,71,0,0,501,811,8,7,1,8
83,10,moe,747,37,1853,2551,1410,835,50,0,0,442,658,8,7,1,8
83,11,moe,679,33,1606,2259,1323,764,55,0,0,536,664,8,7,1,8
83,12,moe,750,35,6391,11625,4764,3379,117,0,0,1869,772,8,6,2,8
83,13,moe,817,36,2384,2306,1776,1457,67,0,0,916,659,8,7,1,8
83,14,moe,751,44,5374,5016,3911,4162,160,0,0,2859,675,8,5,3,8
83,15,moe,668,41,7324,12627,5692,3357,117,0,0,1842,803,8,6,2,8
83,16,moe,778,39,13,0,0,0,0,0,13,0,645,8,8,0,8
83,17,moe,823,46,2639,2667,1953,1586,100,0,0,1000,649,8,6,2,8
83,18,moe,743,34,4222,4833,2576,3098,130,0,0,1582,971,8,6,2,8
83,19,moe,795,48,6973,8271,4741,3364,2335,0,0,3467,790,8,4,4,8
83,20,moe,13530,49,4597,5534,3399,1551,1956,0,0,2309,1455,8,6,2,8
83,21,moe,3974,43,3433,2515,2209,1899,647,0,0,1322,768,8,6,2,8
83,22,moe,7788,41,4542,4539,3516,1589,1828,0,0,2391,653,8,6,2,8
83,23,moe,991,38,2498,2760,1740,989,555,0,0,786,1293,8,7,1,8
83,24,moe,813,39,4793,6777,3275,2700,835,0,0,2017,1369,8,5,3,8
83,25,moe,814,41,1158,516,735,899,59,0,0,535,2081,8,7,1,8
83,26,moe,2284,38,2226,1135,1342,1788,175,0,0,1079,764,8,6,2,8
83,-1,epi,0,0,0,0,0,0,0,0,6158,0,0,0,0,0,0
84,-2,pre,209,0,0,0,0,0,0,0,0,0,0,0,0,0,0
84,0,dense,1524,41,0,0,0,0,0,0,0,0,0,0,0,0,0
84,1,moe,856,36,1803,2563,1384,903,79,0,0,563,818,8,7,1,8
84,2,moe,765,34,1832,2660,1413,895,68,0,0,544,822,8,7,1,8
84,3,moe,708,35,3589,5052,2533,1803,653,0,0,1400,822,8,6,2,8
84,4,moe,754,40,4992,8500,3963,2403,216,0,0,1590,2353,8,5,3,8
84,5,moe,965,41,1794,2404,1420,782,277,0,0,685,775,8,7,1,8
84,6,moe,1097,41,3295,5516,2275,1949,186,0,0,1115,996,8,6,2,8
84,7,moe,919,53,11526,30561,10758,1645,116,0,0,993,817,8,6,2,8
84,8,moe,1473,121,2032,3166,1741,765,113,0,0,587,835,8,7,1,8
84,9,moe,1371,47,3195,2945,2110,1905,310,0,0,1130,999,8,6,2,8
84,10,moe,959,40,3912,7443,2928,2408,188,0,0,1612,647,8,5,3,8
84,11,moe,670,34,2380,2341,1815,1531,110,0,0,1076,644,8,6,2,8
84,12,moe,754,41,2607,3489,2028,1005,59,0,0,485,769,8,7,1,8
84,13,moe,820,36,1798,2241,1389,838,57,0,0,486,646,8,7,1,8
84,14,moe,743,32,3496,5300,2668,2303,169,0,0,1644,654,8,5,3,8
84,15,moe,685,34,2102,2750,1517,1006,61,0,0,482,770,8,7,1,8
84,16,moe,752,35,1750,2296,1333,849,51,0,0,483,650,8,7,1,8
84,17,moe,821,36,1638,2389,1352,780,54,0,0,548,683,8,7,1,8
84,18,moe,757,38,3089,5051,2081,1915,124,0,0,1031,770,8,6,2,8
84,19,moe,679,34,4761,8532,3362,3186,528,0,0,2315,657,8,4,4,8
84,20,moe,744,37,4685,5115,3771,1550,1954,0,0,2590,647,8,6,2,8
84,21,moe,820,37,7345,5752,4665,4728,1656,0,0,3704,780,8,3,5,8
84,22,moe,813,37,3482,5102,2641,1599,691,0,0,1449,1125,8,6,2,8
84,23,moe,679,37,4985,7606,3514,1909,1970,0,0,2408,1836,8,6,2,8
84,24,moe,818,41,6808,5377,4088,3623,2289,1,0,3193,1294,8,4,4,8
84,25,moe,824,35,5393,8124,3741,2705,1241,0,0,2294,1328,8,5,3,8
84,26,moe,670,32,3093,5376,2266,1788,128,0,0,1089,767,8,6,2,8
84,-1,epi,0,0,0,0,0,0,0,0,6376,0,0,0,0,0,0
85,-2,pre,42,0,0,0,0,0,0,0,0,0,0,0,0,0,0
85,0,dense,1547,37,0,0,0,0,0,0,0,0,0,0,0,0,0
85,1,moe,854,35,2503,2713,1846,891,627,0,0,861,792,8,7,1,8
85,2,moe,776,38,3187,5223,2356,1821,125,0,0,1115,779,8,6,2,8
85,3,moe,697,33,4509,5298,2869,2721,948,0,0,2029,1998,8,5,3,8
85,4,moe,751,36,4702,8109,3403,3186,292,0,0,2179,1371,8,4,4,8
85,5,moe,838,47,1170,935,885,771,51,0,0,537,1596,8,7,1,8
85,6,moe,758,36,9,0,0,0,0,0,9,0,791,8,8,0,8
85,7,moe,696,34,4751,5834,4459,777,89,0,0,574,690,8,7,1,8
85,8,moe,742,34,1009,464,724,768,58,1,0,542,648,8,7,1,8
85,9,moe,880,36,8,0,0,0,0,0,8,0,829,8,8,0,8
85,10,moe,851,35,8,0,0,0,0,0,8,0,816,8,8,0,8
85,11,moe,795,32,8,0,0,0,0,0,8,0,659,8,8,0,8
85,12,moe,775,32,3548,6700,2558,1965,126,0,0,1101,771,8,6,2,8
85,13,moe,831,37,9,0,0,0,0,0,9,0,663,8,8,0,8
85,14,moe,753,34,3823,5545,2814,2404,162,0,0,1557,669,8,5,3,8
85,15,moe,689,35,1780,2468,1223,1000,65,0,0,508,775,8,7,1,8
85,16,moe,771,40,1782,2297,1364,859,52,0,0,493,664,8,7,1,8
85,17,moe,831,39,18,0,0,0,0,0,18,0,651,8,8,0,8
85,18,moe,770,39,9,0,0,0,0,0,9,0,781,8,8,0,8
85,19,moe,703,30,1655,2383,1369,777,50,0,0,541,751,8,7,1,8
85,20,moe,862,85,2225,2293,1766,777,613,0,0,931,656,8,7,1,8
85,21,moe,834,38,3459,2808,2218,1915,660,0,0,1334,779,8,6,2,8
85,22,moe,832,37,4316,5452,3519,854,1683,0,0,1740,662,8,7,1,8
85,23,moe,681,31,5257,5095,2854,1904,2253,0,0,1754,810,8,6,2,8
85,24,moe,853,38,3294,3024,2499,889,1530,0,0,1624,766,8,7,1,8
85,25,moe,828,39,2363,2658,1738,905,574,0,0,854,2314,8,7,1,8
85,26,moe,680,34,10,0,0,0,0,0,10,0,766,8,8,0,8
85,-1,epi,0,0,0,0,0,0,0,0,6319,0,0,0,0,0,0
86,-2,pre,46,0,0,0,0,0,0,0,0,0,0,0,0,0,0
86,0,dense,1586,40,0,0,0,0,0,0,0,0,0,0,0,0,0
86,1,moe,892,36,10,0,0,0,0,1,9,0,1025,8,8,0,8
86,2,moe,778,38,3085,5357,2202,1820,167,0,0,1104,841,8,6,2,8
86,3,moe,771,90,15,0,0,0,0,0,15,0,3554,8,8,0,8
86,4,moe,768,36,3041,2618,2174,1617,577,0,0,1327,656,8,6,2,8
86,5,moe,845,39,2981,2284,2142,2349,188,0,0,1698,1170,8,5,3,8
86,6,moe,767,42,10,0,0,0,0,0,10,0,1633,8,8,0,8
86,7,moe,692,36,1011,471,727,762,57,0,0,535,1121,8,7,1,8
86,8,moe,767,39,8,0,0,0,0,0,8,0,1190,8,8,0,8
86,9,moe,844,37,2179,2815,1548,1032,59,0,0,460,841,8,7,1,8
86,10,moe,798,84,11,0,0,0,0,0,11,0,708,8,8,0,8
86,11,moe,755,35,1875,2417,1403,854,202,0,0,584,789,8,7,1,8
86,12,moe,1078,40,9,0,0,0,0,0,9,0,794,8,8,0,8
86,13,moe,843,33,1168,948,881,772,51,0,0,536,672,8,7,1,8
86,14,moe,778,39,1697,2396,1408,779,50,0,0,540,670,8,7,1,8
86,15,moe,705,32,2038,2334,1440,1022,60,0,0,484,806,8,7,1,8
86,16,moe,821,69,2759,5444,2333,849,50,0,0,473,654,8,7,1,8
86,17,moe,845,33,10,0,0,0,0,0,10,0,661,8,8,0,8
86,18,moe,759,32,2200,2451,1538,1014,251,0,0,603,779,8,7,1,8
86,19,moe,702,31,4626,7293,3158,2407,909,0,0,1848,871,8,5,3,8
86,20,moe,1170,252,2311,2409,1743,1539,110,0,0,1081,655,8,6,2,8
86,21,moe,838,37,20,0,0,0,0,0,20,0,782,8,8,0,8
86,22,moe,773,35,4394,4730,2898,1619,1703,0,0,1826,724,8,6,2,8
86,23,moe,702,40,4089,5070,2830,1905,1093,0,0,1739,794,8,6,2,8
86,24,moe,832,37,5002,3169,3639,1820,2081,0,0,2538,804,8,6,2,8
86,25,moe,811,35,2420,2662,1781,907,573,0,0,841,1781,8,7,1,8
86,26,moe,698,35,1884,2396,1468,893,58,0,0,535,784,8,7,1,8
86,-1,epi,0,0,0,0,0,0,0,0,6374,0,0,0,0,0,0
87,-2,pre,51,0,0,0,0,0,0,0,0,0,0,0,0,0,0
87,0,dense,1366,56,0,0,0,0,0,0,0,0,0,0,0,0,0
87,1,moe,804,47,13,0,0,0,0,0,13,0,702,8,8,0,8
87,2,moe,721,41,11,0,0,0,0,0,11,0,3062,8,8,0,8
87,3,moe,705,64,1177,539,750,893,72,0,0,538,785,8,7,1,8
87,4,moe,770,34,1845,2499,1432,829,49,0,0,465,1133,8,7,1,8
87,5,moe,842,35,2106,2339,1640,786,533,0,0,853,1663,8,7,1,8
87,6,moe,766,37,2043,2572,1446,1010,64,0,0,477,915,8,7,1,8
87,7,moe,708,34,8,0,0,0,0,0,8,0,661,8,8,0,8
87,8,moe,761,33,9,0,0,0,0,0,9,0,664,8,8,0,8
87,9,moe,841,34,3150,3014,2115,1921,318,0,0,1204,804,8,6,2,8
87,10,moe,789,36,9,0,0,0,0,0,9,0,718,8,8,0,8
87,11,moe,713,33,1925,2552,1446,903,56,0,0,480,628,8,7,1,8
87,12,moe,764,38,9,0,0,0,0,0,9,0,786,8,8,0,8
87,13,moe,1145,37,1665,2295,1377,782,61,0,0,555,716,8,7,1,8
87,14,moe,782,36,8,0,0,0,0,0,8,0,669,8,8,0,8
87,15,moe,650,33,8,0,0,0,0,0,8,0,675,8,8,0,8
87,16,moe,690,38,1723,2423,1418,821,57,0,0,573,574,8,7,1,8
87,17,moe,768,36,1626,2369,1339,776,53,0,0,542,679,8,7,1,8
87,18,moe,780,35,1310,497,722,1010,62,0,0,484,694,8,7,1,8
87,19,moe,603,34,3066,4924,2301,1710,127,0,0,1072,571,8,6,2,8
87,20,moe,757,34,1791,2345,1448,777,215,0,0,649,663,8,7,1,8
87,21,moe,839,42,2579,2548,1747,1062,618,0,0,848,743,8,7,1,8
87,22,moe,813,34,9,0,0,0,0,0,9,0,630,8,8,0,8
87,23,moe,677,32,2512,2536,1822,957,644,0,0,911,663,8,7,1,8
87,24,moe,733,40,6271,6352,4510,2708,2502,0,0,3449,742,8,5,3,8
87,25,moe,809,36,3582,2922,2395,1866,855,0,0,1534,672,8,6,2,8
87,26,moe,614,35,1857,2551,1409,954,63,0,0,569,672,8,7,1,8
87,-1,epi,0,0,0,0,0,0,0,0,6021,0,0,0,0,0,0
88,-2,pre,213,0,0,0,0,0,0,0,0,0,0,0,0,0,0
88,0,dense,1284,35,0,0,0,0,0,0,0,0,0,0,0,0,0
88,1,moe,744,33,7088,12656,5884,1814,1071,0,0,1681,672,8,6,2,8
88,2,moe,692,37,5931,7859,3935,2774,2026,0,0,2804,772,8,5,3,8
88,3,moe,685,28,3177,2782,2117,1810,686,0,0,1436,1821,8,6,2,8
88,4,moe,772,36,10,0,0,0,0,0,10,0,666,8,8,0,8
88,5,moe,831,32,4463,5941,3726,1620,164,0,0,1047,647,8,6,2,8
88,6,moe,801,37,4011,8614,3439,1004,60,0,0,492,764,8,7,1,8
88,7,moe,681,35,3968,8719,3235,1608,278,0,0,1153,645,8,6,2,8
88,8,moe,743,32,4465,7512,3365,3092,238,0,0,2230,654,8,4,4,8
88,9,moe,825,35,4008,5376,2302,1928,493,0,0,715,858,8,6,2,8
88,10,moe,818,64,2781,3173,2005,1634,110,0,0,968,709,8,6,2,8
88,11,moe,678,33,2977,5602,2414,1544,128,0,0,1109,655,8,6,2,8
88,12,moe,699,41,14131,35727,12280,3698,263,0,0,2110,824,8,4,4,8
88,13,moe,816,41,3746,5199,2738,2449,171,0,0,1612,718,8,5,3,8
88,14,moe,1074,45,2501,2408,1903,1656,108,0,0,1166,617,8,6,2,8
88,15,moe,682,39,4736,11725,3756,1894,121,0,0,1035,767,8,6,2,8
88,16,moe,761,40,3865,8445,2881,2427,163,0,0,1606,654,8,5,3,8
88,17,moe,830,36,2720,5011,2153,1550,111,0,0,1094,667,8,6,2,8
88,18,moe,764,41,2230,2984,1558,1015,60,0,0,403,823,8,7,1,8
88,19,moe,742,73,4127,7263,3156,1626,646,0,0,1301,661,8,6,2,8
88,20,moe,748,36,11020,22338,8104,3270,4809,0,0,5163,679,8,4,4,8
88,21,moe,865,48,7168,12835,5393,1925,2038,1,0,2189,796,8,6,2,8
88,22,moe,901,73,3019,5449,2285,1635,116,0,0,1017,643,8,6,2,8
88,23,moe,679,33,6946,8383,4603,3725,2114,0,0,3496,790,8,4,4,8
88,24,moe,831,37,2422,2605,1785,906,594,0,0,863,763,8,7,1,8
88,25,moe,818,41,7435,5575,5514,3641,3033,0,0,4753,1331,8,4,4,8
88,26,moe,694,39,4196,8369,2959,2703,192,0,0,1658,831,8,5,3,8
88,-1,epi,0,0,0,0,0,0,0,0,6210,0,0,0,0,0,0
89,-2,pre,218,0,0,0,0,0,0,0,0,0,0,0,0,0,0
89,0,dense,1530,45,0,0,0,0,0,0,0,0,0,0,0,0,0
89,1,moe,821,40,5065,11441,3822,3090,187,1,0,2035,785,8,5,3,8
89,2,moe,774,37,5242,5285,3891,1809,2335,0,0,2793,767,8,6,2,8
89,3,moe,687,40,3801,5235,2550,2698,218,0,0,1665,781,8,5,3,8
89,4,moe,750,37,4603,5024,3442,2409,1267,0,0,2515,649,8,5,3,8
89,5,moe,834,36,6451,7937,4506,2317,3090,0,0,3462,797,8,5,3,8
89,6,moe,752,39,11,0,0,0,0,0,11,0,808,8,8,0,8
89,7,moe,693,33,6627,16343,5066,4019,1034,0,0,3492,709,8,3,5,8
89,8,moe,755,37,2850,4760,2276,1536,125,0,0,1087,695,8,6,2,8
89,9,moe,828,35,4692,4649,3464,1897,801,0,0,1470,1311,8,6,2,8
89,10,moe,753,37,2849,4730,2149,1614,123,0,0,1037,750,8,6,2,8
89,11,moe,678,33,6204,13652,5186,2330,696,0,0,2008,647,8,5,3,8
89,12,moe,751,43,6465,8504,4191,3813,1464,0,0,3003,825,8,4,4,8
89,13,moe,829,39,2618,2632,1909,1620,112,0,0,1023,1104,8,6,2,8
89,14,moe,750,35,1675,2202,1374,792,52,1,0,544,806,8,7,1,8
89,15,moe,865,35,5261,12573,4030,1906,570,0,0,1245,830,8,6,2,8
89,16,moe,747,36,4531,7714,3211,3201,231,0,0,2112,653,8,4,4,8
89,17,moe,825,38,1601,2438,1299,792,59,0,0,549,698,8,7,1,8
89,18,moe,749,36,2911,2857,1924,1897,134,0,0,1044,815,8,6,2,8
89,19,moe,714,34,3698,4896,2730,2388,171,0,0,1591,652,8,5,3,8
89,20,moe,796,34,1646,2411,1357,773,52,0,0,536,650,8,7,1,8
89,21,moe,830,36,3432,1817,2032,2925,179,0,0,1704,791,8,5,3,8
89,22,moe,825,39,2901,5162,2197,1631,110,0,0,1037,644,8,6,2,8
89,23,moe,685,34,1418,903,866,993,60,0,0,501,771,8,7,1,8
89,24,moe,843,35,7161,6442,5027,3631,2537,0,0,4034,774,8,4,4,8
89,25,moe,834,37,2772,2671,1925,1789,132,1,0,1075,767,8,6,2,8
89,26,moe,688,37,5054,5923,3384,3699,255,0,0,2284,744,8,4,4,8
89,-1,epi,0,0,0,0,0,0,0,0,6003,0,0,0,0,0,0
90,-2,pre,199,0,0,0,0,0,0,0,0,0,0,0,0,0,0
90,0,dense,1527,41,0,0,0,0,0,0,0,0,0,0,0,0,0
90,1,moe,845,38,5678,7021,3858,2918,1364,0,0,2462,672,8,5,3,8
90,2,moe,690,49,2032,2701,1573,956,72,0,0,569,746,8,7,1,8
90,3,moe,717,36,5041,2767,3463,2717,1800,0,0,2939,767,8,5,3,8
90,4,moe,749,34,1847,2470,1417,841,52,0,0,463,666,8,7,1,8
90,5,moe,823,36,9,0,0,0,0,0,9,0,648,8,8,0,8
90,6,moe,759,34,23,0,0,0,0,0,23,0,787,8,8,0,8
90,7,moe,704,33,5195,5237,4017,2367,1883,0,0,3072,662,8,5,3,8
90,8,moe,755,37,1716,2504,1416,775,66,0,0,541,648,8,7,1,8
90,9,moe,834,34,10,0,0,0,0,0,10,0,841,8,8,0,8
90,10,moe,769,36,3696,6209,2952,1582,760,0,0,1598,1139,8,6,2,8
90,11,moe,692,34,5187,7571,3884,3092,1050,0,0,2839,691,8,4,4,8
90,12,moe,753,36,4193,5380,2739,2813,249,0,0,1608,837,8,5,3,8
90,13,moe,837,33,2516,2293,1892,848,740,0,0,964,1234,8,7,1,8
90,14,moe,764,80,1591,2188,1290,785,54,0,0,538,699,8,7,1,8
90,15,moe,673,64,3711,5340,2436,1997,728,0,0,1450,820,8,6,2,8
90,16,moe,734,45,3960,8721,3248,1618,113,0,0,1019,650,8,6,2,8
90,17,moe,856,37,1513,2188,1207,796,65,0,0,555,630,8,7,1,8
90,18,moe,733,37,4728,5207,3120,3388,122,0,0,1902,779,8,6,2,8
90,19,moe,690,34,4432,5256,3119,3163,385,0,0,2235,672,8,4,4,8
90,20,moe,763,36,5679,10262,4311,3176,935,0,0,2743,580,8,4,4,8
90,21,moe,741,44,10373,20486,7301,6606,259,0,0,3793,838,8,4,4,8
90,22,moe,837,38,7499,10934,5263,4825,1384,0,0,3973,641,8,2,6,8
90,23,moe,610,37,3127,5067,2126,1970,152,0,0,1121,830,8,6,2,8
90,24,moe,828,36,5430,8813,3921,2754,1523,0,0,2768,846,8,5,3,8
90,25,moe,829,38,11,0,0,0,0,0,11,0,869,8,8,0,8
90,26,moe,701,45,8143,11659,5212,6004,436,0,0,3509,806,8,2,6,8
90,-1,epi,0,0,0,0,0,0,0,0,4824,0,0,0,0,0,0
91,-2,pre,103,0,0,0,0,0,0,0,0,0,0,0,0,0,0
91,0,dense,1286,47,0,0,0,0,0,0,0,0,0,0,0,0,0
91,1,moe,741,52,6427,8609,4691,2786,2533,0,0,3583,675,8,5,3,8
91,2,moe,695,38,4464,5900,3175,1904,1205,0,0,1820,771,8,6,2,8
91,3,moe,679,229,10690,25941,7117,4914,2677,0,0,4018,1307,8,4,4,8
91,4,moe,753,42,8736,17384,7133,4255,168,0,0,2820,646,8,5,3,8
91,5,moe,822,37,1554,2440,1269,775,54,0,0,544,1085,8,7,1,8
91,6,moe,750,35,9,0,0,0,0,0,9,0,1775,8,8,0,8
91,7,moe,680,33,5194,12276,4431,1540,779,0,0,1556,645,8,6,2,8
91,8,moe,745,35,1632,2217,1341,778,52,0,0,539,648,8,7,1,8
91,9,moe,823,36,4511,8726,3093,2992,221,0,0,1795,783,8,5,3,8
91,10,moe,759,34,1305,451,829,849,211,0,0,584,659,8,7,1,8
91,11,moe,688,31,4587,5153,3430,2334,1131,0,0,2308,658,8,5,3,8
91,12,moe,754,35,11,0,0,0,0,0,11,0,768,8,8,0,8
91,13,moe,829,34,1829,2710,1520,777,81,0,0,549,701,8,7,1,8
91,14,moe,769,37,1686,2270,1394,772,50,1,0,531,672,8,7,1,8
91,15,moe,684,32,2394,2704,1631,997,376,0,0,610,827,8,7,1,8
91,16,moe,764,36,1308,902,876,855,64,0,0,487,1139,8,7,1,8
91,17,moe,845,34,2583,3146,1966,1556,252,0,0,1191,657,8,6,2,8
91,18,moe,762,39,10,0,0,0,0,0,10,0,779,8,8,0,8
91,19,moe,699,33,2739,5063,2181,1540,113,0,0,1095,658,8,6,2,8
91,20,moe,760,34,4046,4953,3076,2787,99,0,0,1916,649,8,6,2,8
91,21,moe,838,36,1353,507,732,1036,61,0,0,476,785,8,7,1,8
91,22,moe,831,34,9,0,0,0,0,0,9,0,654,8,8,0,8
91,23,moe,711,32,1312,923,880,902,70,0,0,540,831,8,7,1,8
91,24,moe,844,35,4950,6059,3381,2755,1000,1,0,2187,836,8,5,3,8
91,25,moe,837,36,11,0,0,0,0,0,11,0,826,8,8,0,8
91,26,moe,673,37,6198,12441,4118,4591,431,0,0,2942,926,8,3,5,8
91,-1,epi,0,0,0,0,0,0,0,0,6514,0,0,0,0,0,0
92,-2,pre,222,0,0,0,0,0,0,0,0,0,0,0,0,0,0
92,0,dense,1306,43,0,0,0,0,0,0,0,0,0,0,0,0,0
92,1,moe,752,40,7493,5967,5678,2740,4000,0,0,4925,1226,8,5,3,8
92,2,moe,693,41,2830,2645,2022,1751,85,0,0,1028,856,8,7,1,8
92,3,moe,705,35,6788,11448,4554,3652,2101,0,0,3519,779,8,4,4,8
92,4,moe,756,37,2649,2458,1890,1675,127,0,0,1043,632,8,6,2,8
92,5,moe,835,34,9,0,0,0,0,0,9,0,628,8,8,0,8
92,6,moe,756,34,9,0,0,0,0,0,9,0,798,8,8,0,8
92,7,moe,700,38,4955,11256,4222,1549,632,0,0,1448,664,8,6,2,8
92,8,moe,756,37,10,0,0,0,0,0,10,0,687,8,8,0,8
92,9,moe,763,36,9,0,0,0,0,0,9,0,673,8,8,0,8
92,10,moe,698,39,4325,2550,3193,2909,592,0,0,2369,2589,8,6,2,8
92,11,moe,710,55,4676,10527,3517,3220,448,0,0,2509,616,8,4,4,8
92,12,moe,684,36,3318,5137,2246,2022,152,0,0,1102,1294,8,6,2,8
92,13,moe,824,35,1609,468,1035,846,526,0,0,798,651,8,7,1,8
92,14,moe,757,33,7414,7441,5782,4279,1943,0,0,4590,1147,8,5,3,8
92,15,moe,674,33,4213,5220,2733,2799,391,0,0,1710,779,8,5,3,8
92,16,moe,767,37,3191,5194,2470,1613,104,0,0,996,711,8,6,2,8
92,17,moe,841,95,4247,6004,3264,2789,115,0,0,1921,656,8,6,2,8
92,18,moe,751,36,4420,6217,2916,3088,242,0,0,1826,774,8,5,3,8
92,19,moe,699,109,5979,9548,4304,4157,292,0,0,2774,578,8,3,5,8
92,20,moe,684,40,2230,2494,1772,792,536,0,0,870,614,8,7,1,8
92,21,moe,811,38,5378,8866,3522,3834,320,0,0,2298,794,8,4,4,8
92,22,moe,836,37,5024,7706,3718,2402,1453,0,0,2549,655,8,5,3,8
92,23,moe,688,33,1334,499,733,1035,88,0,0,522,774,8,7,1,8
92,24,moe,834,37,4513,6276,3183,2742,844,1,0,2257,755,8,5,3,8
92,25,moe,737,63,1407,516,876,955,264,0,0,688,671,8,7,1,8
92,26,moe,623,37,3141,5499,2319,1833,125,1,0,1137,765,8,6,2,8
92,-1,epi,0,0,0,0,0,0,0,0,6882,0,0,0,0,0,0
93,-2,pre,222,0,0,0,0,0,0,0,0,0,0,0,0,0,0
93,0,dense,1291,41,0,0,0,0,0,0,0,0,0,0,0,0,0
93,1,moe,740,37,1778,514,1110,959,621,0,0,912,6541,8,7,1,8
93,2,moe,763,38,1900,2715,1476,896,58,0,0,530,768,8,7,1,8
93,3,moe,689,34,4643,8430,3217,2791,646,0,0,2011,672,8,5,3,8
93,4,moe,676,37,4995,2627,3701,2933,1109,1,0,2749,649,8,6,2,8
93,5,moe,824,35,9,0,0,0,0,0,9,0,679,8,8,0,8
93,6,moe,768,36,9,0,0,0,0,0,9,0,781,8,8,0,8
93,7,moe,706,36,2708,2156,1989,1567,597,0,0,1445,699,8,6,2,8
93,8,moe,742,38,1653,2387,1354,796,55,0,0,552,651,8,7,1,8
93,9,moe,826,36,3603,2660,2203,1013,1639,1,0,1253,1061,8,7,1,8
93,10,moe,827,70,31,0,0,0,0,0,31,0,708,8,8,0,8
93,11,moe,698,33,11,0,0,0,0,0,11,0,1203,8,8,0,8
93,12,moe,771,41,7245,5502,4786,4888,1137,0,0,3566,772,8,5,3,8
93,13,moe,837,47,1158,460,730,838,68,0,0,478,1139,8,7,1,8
93,14,moe,760,37,4018,5374,3022,2345,655,0,0,2004,655,8,5,3,8
93,15,moe,686,34,3565,5925,2494,2186,304,0,0,1419,1354,8,6,2,8
93,16,moe,755,36,3925,4928,2804,2384,639,0,0,1902,703,8,5,3,8
93,17,moe,837,38,4558,4869,3409,2785,626,0,0,2262,648,8,6,2,8
93,18,moe,771,43,5225,13863,4150,1935,178,1,0,1039,2764,8,6,2,8
93,19,moe,733,63,8399,7753,6567,3270,2866,0,0,4304,649,8,4,4,8
93,20,moe,834,82,4412,1594,3083,3678,340,0,0,2689,2611,8,6,2,8
93,21,moe,2015,330,13876,5794,8002,6899,5798,0,0,6823,3325,8,4,4,8
93,22,moe,884,58,9128,9201,6586,4632,2719,0,0,4809,850,8,3,5,8
93,23,moe,753,45,7312,11779,4945,4611,1267,1,0,3512,1915,8,4,4,8
93,24,moe,817,43,3680,2847,2301,2854,229,1,0,1705,1222,8,5,3,8
93,25,moe,741,46,5618,8769,3449,2919,1526,0,0,2276,1787,8,5,3,8
93,26,moe,777,46,5170,5381,3351,3861,283,0,0,2325,712,8,4,4,8
93,-1,epi,0,0,0,0,0,0,0,0,7661,0,0,0,0,0,0
94,-2,pre,1076,0,0,0,0,0,0,0,0,0,0,0,0,0,0
94,0,dense,1494,49,0,0,0,0,0,0,0,0,0,0,0,0,0
94,1,moe,831,45,11285,24482,7990,4657,3472,0,0,4834,909,8,3,5,8
94,2,moe,786,125,9323,16516,6586,4557,2400,0,0,4220,821,8,3,5,8
94,3,moe,697,37,5399,8354,3551,3844,524,0,0,2520,832,8,4,4,8
94,4,moe,764,42,8326,13934,6006,3179,2876,0,0,3735,733,8,4,4,8
94,5,moe,815,39,6607,12486,5006,3963,924,0,0,3286,654,8,3,5,8
94,6,moe,824,47,2169,2692,1560,1046,71,0,0,508,3184,8,7,1,8
94,7,moe,721,40,6595,11241,4971,3505,1661,0,0,3542,642,8,4,4,8
94,8,moe,733,39,5919,8070,4355,3184,1714,0,0,3334,564,8,4,4,8
94,9,moe,697,42,7991,8857,5453,3843,3019,0,0,4324,682,8,4,4,8
94,10,moe,681,42,8748,10049,6706,4104,3561,0,0,5623,583,8,3,5,8
94,11,moe,612,37,4231,7716,3231,2425,675,0,0,2100,653,8,5,3,8
94,12,moe,745,36,7648,12047,5294,3844,2089,0,0,3579,794,8,4,4,8
94,13,moe,824,73,7507,5440,5529,2430,3868,1,0,4321,789,8,5,3,8
94,14,moe,792,106,11927,32320,10748,3233,332,0,0,2386,646,8,4,4,8
94,15,moe,674,36,7366,11889,4759,3774,2371,0,0,3538,901,8,4,4,8
94,16,moe,778,40,5025,7432,3636,3188,687,0,0,2486,691,8,4,4,8
94,17,moe,826,38,8570,20564,7011,3917,828,0,0,3186,654,8,3,5,8
94,18,moe,760,41,4927,8490,3260,2802,927,0,0,2062,1374,8,5,3,8
94,19,moe,681,40,4580,9561,3321,3174,222,0,0,2137,702,8,4,4,8
94,20,moe,778,93,1728,2479,1418,775,57,0,0,522,649,8,7,1,8
94,21,moe,822,40,7749,14308,4929,5629,646,0,0,3455,692,8,2,6,8
94,22,moe,731,39,5909,11013,4213,4037,650,0,0,2991,658,8,3,5,8
94,23,moe,9068,36,5631,5872,3523,3742,992,0,0,2626,770,8,4,4,8
94,24,moe,6391,41,9058,19993,6994,4501,310,0,0,2747,1605,8,3,5,8
94,25,moe,874,64,6246,12140,4288,3730,1390,0,0,3162,824,8,4,4,8
94,26,moe,679,34,7301,20596,5214,4498,396,0,0,2807,772,8,3,5,8
94,-1,epi,0,0,0,0,0,0,0,0,6152,0,0,0,0,0,0
95,-2,pre,204,0,0,0,0,0,0,0,0,0,0,0,0,0,0
95,0,dense,1533,44,0,0,0,0,0,0,0,0,0,0,0,0,0
95,1,moe,857,36,9381,14189,6680,4612,3262,0,0,5173,775,8,3,5,8
95,2,moe,759,36,3772,5194,2606,1830,894,0,0,1558,879,8,6,2,8
95,3,moe,691,37,8983,22565,6899,4623,477,0,0,3016,1330,8,3,5,8
95,4,moe,744,40,3869,6829,3153,1610,152,0,0,1046,651,8,6,2,8
95,5,moe,816,40,4411,7559,3298,2337,1000,0,0,2224,699,8,5,3,8
95,6,moe,746,37,3788,5246,2531,1899,762,0,0,1404,829,8,6,2,8
95,7,moe,672,36,4141,9748,3426,1623,119,0,0,1027,667,8,6,2,8
95,8,moe,758,40,4636,4806,3530,2379,1356,0,0,2629,662,8,5,3,8
95,9,moe,857,47,5518,6481,3795,2851,1601,0,0,2729,1039,8,5,3,8
95,10,moe,811,40,12499,30610,9640,4003,5125,0,0,6269,740,8,3,5,8
95,11,moe,714,36,2973,2689,2195,1549,726,0,0,1497,714,8,6,2,8
95,12,moe,948,38,8292,14615,6371,1932,2385,1,0,2397,802,8,6,2,8
95,13,moe,792,36,3360,4834,2480,1633,616,1,0,1370,676,8,6,2,8
95,14,moe,749,41,12941,24732,11597,3137,1296,0,0,3089,886,8,4,4,8
95,15,moe,741,40,5546,5173,3085,2938,1705,0,0,2182,854,8,5,3,8
95,16,moe,1328,46,6494,12521,4781,3218,1885,0,0,3390,686,8,4,4,8
95,17,moe,848,40,3543,7575,2688,2391,179,0,0,1715,714,8,5,3,8
95,18,moe,763,40,6225,11714,4113,3820,1177,0,0,2885,767,8,4,4,8
95,19,moe,740,39,4411,5076,3241,2404,808,0,0,2042,661,8,5,3,8
95,20,moe,756,39,1197,460,845,774,229,0,0,651,650,8,7,1,8
95,21,moe,840,36,4352,5393,2903,2777,376,0,0,1704,777,8,5,3,8
95,22,moe,832,38,4284,5057,3430,1596,1492,0,0,2234,652,8,6,2,8
95,23,moe,686,44,5584,11081,3678,3798,591,0,0,2483,788,8,4,4,8
95,24,moe,823,38,6542,12308,4537,3739,1589,0,0,3323,784,8,4,4,8
95,25,moe,830,40,7005,16121,5142,3641,720,0,0,2498,783,8,4,4,8
95,26,moe,686,39,8816,15779,5653,4513,1891,0,0,3241,776,8,3,5,8
95,-1,epi,0,0,0,0,0,0,0,0,6189,0,0,0,0,0,0
96,-2,pre,226,0,0,0,0,0,0,0,0,0,0,0,0,0,0
96,0,dense,1530,43,0,0,0,0,0,0,0,0,0,0,0,0,0
96,1,moe,858,42,9595,16991,6640,5493,2596,0,0,5134,829,8,2,6,8
96,2,moe,734,40,3351,3046,2247,1846,697,0,0,1439,1849,8,6,2,8
96,3,moe,699,35,7497,15038,5594,3605,1019,0,0,2721,780,8,4,4,8
96,4,moe,748,37,4800,7477,3533,2475,1094,0,0,2302,1167,8,5,3,8
96,5,moe,827,38,7924,16902,6251,3884,1119,0,0,3330,654,8,3,5,8
96,6,moe,747,37,3606,6270,2457,2043,181,1,0,1076,785,8,6,2,8
96,7,moe,694,42,5875,4824,4373,3252,1691,0,0,3441,756,8,4,4,8
96,8,moe,719,37,5879,11137,4692,2825,1405,0,0,3043,776,8,6,2,8
96,9,moe,830,40,4484,8203,2900,2812,477,0,0,1705,1094,8,5,3,8
96,10,moe,757,38,1619,460,1056,824,539,0,0,800,693,8,7,1,8
96,11,moe,687,32,5573,7768,4099,4212,174,0,0,2912,656,8,5,3,8
96,12,moe,757,37,7043,11738,4482,4733,1132,0,0,3304,1321,8,3,5,8
96,13,moe,825,40,7132,12529,5475,3207,2733,0,0,4283,1134,8,4,4,8
96,14,moe,752,39,1506,465,1059,768,548,0,0,869,648,8,7,1,8
96,15,moe,683,32,3456,2647,2262,1885,633,0,0,1324,772,8,6,2,8
96,16,moe,753,37,7030,13630,5422,4388,724,0,0,3504,655,8,3,5,8
96,17,moe,820,39,4728,7772,3532,3126,422,0,0,2352,655,8,4,4,8
96,18,moe,753,38,3063,3057,2013,1924,117,0,0,991,774,8,6,2,8
96,19,moe,698,35,3377,5180,2554,1598,592,0,0,1367,681,8,6,2,8
96,20,moe,781,49,3407,4860,2673,1550,787,0,0,1603,667,8,6,2,8
96,21,moe,827,37,10655,31399,8606,3692,911,0,0,2554,770,8,4,4,8
96,22,moe,866,88,2630,475,1822,1437,916,0,0,1545,648,8,7,1,8
96,23,moe,683,35,2901,2453,1915,1732,292,0,0,1038,847,8,7,1,8
96,24,moe,3681,40,4135,4870,2915,1937,1143,0,0,1860,767,8,6,2,8
96,25,moe,826,37,4990,2659,3223,3244,850,0,0,2327,763,8,6,2,8
96,26,moe,685,35,3814,5300,2715,1804,826,0,0,1531,779,8,6,2,8
96,-1,epi,0,0,0,0,0,0,0,0,6202,0,0,0,0,0,0
97,-2,pre,1045,0,0,0,0,0,0,0,0,0,0,0,0,0,0
97,0,dense,1455,49,0,0,0,0,0,0,0,0,0,0,0,0,0
97,1,moe,827,41,9247,13364,6197,5487,1933,0,0,4370,751,8,2,6,8
97,2,moe,731,37,11680,34327,9692,3641,1163,0,0,2816,776,8,4,4,8
97,3,moe,686,34,8396,6909,5590,4555,2962,0,0,4711,817,8,3,5,8
97,4,moe,745,37,8463,8701,6846,3453,3736,0,0,5572,642,8,4,4,8
97,5,moe,815,37,6946,7414,4549,2327,3526,0,0,3456,714,8,5,3,8
97,6,moe,757,42,3627,5133,2437,1923,514,0,0,1247,1089,8,6,2,8
97,7,moe,684,34,7674,12912,5805,3223,2897,0,0,4251,700,8,4,4,8
97,8,moe,743,38,5858,15991,4765,2329,1635,0,0,2871,1142,8,5,3,8
97,9,moe,813,37,5158,5909,3290,2846,1274,0,0,2252,772,8,5,3,8
97,10,moe,744,37,8000,8600,6182,3202,3522,0,0,4906,1146,8,4,4,8
97,11,moe,674,37,3175,4838,2455,1538,587,0,0,1405,740,8,6,2,8
97,12,moe,744,37,7317,3204,5253,1907,4531,0,0,4374,766,8,6,2,8
97,13,moe,815,38,3058,2489,2180,1606,603,0,0,1331,712,8,6,2,8
97,14,moe,751,35,2798,2288,2082,1550,557,0,0,1391,741,8,6,2,8
97,15,moe,673,33,9993,4043,7245,3757,5566,0,0,6575,818,8,4,4,8
97,16,moe,741,37,6420,8003,4572,3168,1718,1,0,3039,1156,8,4,4,8
97,17,moe,818,38,5814,8978,4470,3102,1867,0,0,3625,652,8,4,4,8
97,18,moe,746,35,5092,8344,3472,2775,1042,0,0,2197,763,8,5,3,8
97,19,moe,677,36,5940,3284,4114,3968,1202,1,0,3345,653,8,3,5,8
97,20,moe,746,40,6111,4788,4433,2342,2745,0,0,3409,657,8,5,3,8
97,21,moe,809,40,4684,9445,2980,2839,610,0,0,1745,992,8,5,3,8
97,22,moe,894,72,4496,9665,3613,1622,582,0,0,1321,691,8,6,2,8
97,23,moe,683,35,1937,2314,1361,1001,60,0,0,485,1252,8,7,1,8
97,24,moe,818,40,6874,11816,4816,4696,321,0,0,2959,776,8,3,5,8
97,25,moe,819,39,1865,2506,1445,891,60,0,0,531,766,8,7,1,8
97,26,moe,694,34,5172,10785,3536,3738,265,0,0,2367,775,8,4,4,8
97,-1,epi,0,0,0,0,0,0,0,0,6208,0,0,0,0,0,0
98,-2,pre,205,0,0,0,0,0,0,0,0,0,0,0,0,0,0
98,0,dense,1522,44,0,0,0,0,0,0,0,0,0,0,0,0,0
98,1,moe,854,37,9157,11154,5912,4558,3382,0,0,4695,837,8,3,5,8
98,2,moe,780,52,5054,5552,3287,2714,1497,0,0,2444,775,8,5,3,8
98,3,moe,687,41,2863,3175,2036,1782,122,0,0,1077,842,8,6,2,8
98,4,moe,772,111,1944,2551,1459,844,51,0,0,410,1326,8,7,1,8
98,5,moe,819,38,1624,2372,1334,772,62,0,0,544,1088,8,7,1,8
98,6,moe,751,34,2600,2555,1798,1008,597,1,0,804,2271,8,7,1,8
98,7,moe,729,75,5082,5131,3559,1609,2297,0,0,2383,2458,8,6,2,8
98,8,moe,770,48,3746,2744,2821,768,2018,0,0,1861,821,8,7,1,8
98,9,moe,863,37,2013,2786,1388,995,62,0,0,432,767,8,7,1,8
98,10,moe,748,35,3551,2422,2515,1617,1100,0,0,1681,1096,8,6,2,8
98,11,moe,684,33,1680,2350,1373,773,82,0,0,548,1356,8,7,1,8
98,12,moe,751,36,7301,8810,4673,3728,2523,0,0,3623,826,8,4,4,8
98,13,moe,822,39,4041,5073,2905,2374,659,0,0,1897,1101,8,5,3,8
98,14,moe,751,39,6292,12096,4854,3176,1856,0,0,3594,759,8,4,4,8
98,15,moe,696,35,14097,14008,8581,3737,9118,0,0,7339,821,8,4,4,8
98,16,moe,776,43,9776,21157,7757,3998,1959,0,0,3938,676,8,3,5,8
98,17,moe,815,39,7960,10463,6245,3879,2676,0,0,4840,652,8,3,5,8
98,18,moe,736,40,9353,8501,6217,5528,2640,0,0,5032,772,8,2,6,8
98,19,moe,671,37,5545,12891,4296,3203,204,0,0,2158,641,8,4,4,8
98,20,moe,741,38,5722,7371,4255,3180,1599,0,0,3312,642,8,4,4,8
98,21,moe,830,39,5757,12582,3901,3786,285,0,0,2215,795,8,4,4,8
98,22,moe,828,45,2923,5076,2162,1635,119,0,0,993,769,8,6,2,8
98,23,moe,700,41,3312,5243,2323,1927,128,0,0,1066,2018,8,6,2,8
98,24,moe,962,132,8322,11550,5439,3759,3226,1,0,4103,814,8,4,4,8
98,25,moe,806,41,3682,3423,2410,2733,203,0,0,1664,957,8,5,3,8
98,26,moe,789,85,8115,14407,5419,4844,1328,0,0,3476,873,8,3,5,8
98,-1,epi,0,0,0,0,0,0,0,0,6415,0,0,0,0,0,0
99,-2,pre,223,0,0,0,0,0,0,0,0,0,0,0,0,0,0
99,0,dense,1298,46,0,0,0,0,0,0,0,0,0,0,0,0,0
99,1,moe,754,41,9092,22669,6901,4608,563,0,0,2980,799,8,3,5,8
99,2,moe,746,40,6224,5805,3900,3751,1616,0,0,3043,1792,8,4,4,8
99,3,moe,644,58,5158,6012,3104,2717,1508,3,0,2174,1399,8,5,3,8
99,4,moe,678,39,11812,32706,9516,4811,4025,0,0,6540,657,8,2,6,8
99,5,moe,823,38,11422,31701,9759,3952,2605,0,0,4894,684,8,3,5,8
99,6,moe,746,39,5333,7066,3426,1930,2283,0,0,2306,2671,8,6,2,8
99,7,moe,701,66,6310,5837,5172,1611,3341,0,0,3814,643,8,6,2,8
99,8,moe,740,39,4978,4802,3880,1539,2406,0,0,2847,694,8,6,2,8
99,9,moe,816,40,7719,8735,5432,3701,2893,0,0,4307,1334,8,4,4,8
99,10,moe,752,36,8943,15958,6919,4101,3298,0,0,5375,650,8,3,5,8
99,11,moe,681,35,5859,9804,4429,3163,1518,0,0,3251,750,8,4,4,8
99,12,moe,743,39,5681,8371,3812,2939,1499,0,0,2569,1291,8,5,3,8
99,13,moe,816,37,9112,14959,6923,4047,3662,0,0,5520,717,8,3,5,8
99,14,moe,744,36,5781,7043,4225,3116,1644,0,0,3204,653,8,4,4,8
99,15,moe,673,34,9931,26732,8258,2822,1298,0,0,2447,1543,8,5,3,8
99,16,moe,836,80,7832,10305,5633,3917,2547,0,0,4265,1519,8,3,5,8
99,17,moe,5481,51,6656,17516,5109,3956,1571,0,0,3980,649,8,3,5,8
99,18,moe,747,38,6821,17189,5195,2795,1232,0,0,2401,766,8,5,3,8
99,19,moe,677,37,7910,18685,6085,4876,390,0,0,3441,651,8,2,6,8
99,20,moe,742,36,7738,23725,6599,3110,281,0,0,2252,646,8,4,4,8
99,21,moe,814,38,6559,12695,4517,3721,912,0,0,2591,1264,8,4,4,8
99,22,moe,819,39,1801,2246,1341,860,54,0,0,454,2693,8,7,1,8
99,23,moe,678,33,2943,2929,1938,1894,140,0,0,1029,769,8,6,2,8
99,24,moe,820,33,9046,20707,6785,3830,1931,0,0,3500,763,8,4,4,8
99,25,moe,7223,34,7501,15367,5337,3610,2499,0,0,3945,804,8,4,4,8
99,26,moe,864,34,9836,28255,8245,2799,877,0,0,2085,1267,8,5,3,8
99,-1,epi,0,0,0,0,0,0,0,0,6071,0,0,0,0,0,0
100,-2,pre,2050,0,0,0,0,0,0,0,0,0,0,0,0,0,0
100,0,dense,1495,41,0,0,0,0,0,0,0,0,0,0,0,0,0
100,1,moe,847,41,7252,15686,5426,3578,778,0,0,2530,774,8,4,4,8
100,2,moe,758,38,6191,11410,4238,3742,1240,1,0,3030,773,8,4,4,8
100,3,moe,688,40,10945,30040,8579,4562,2446,0,0,4642,1297,8,3,5,8
100,4,moe,739,37,8319,22345,6854,2375,3561,0,0,4471,1123,8,5,3,8
100,5,moe,811,36,3763,7104,2878,2346,330,0,0,1791,1745,8,5,3,8
100,6,moe,757,43,7274,11014,4734,3765,2153,0,0,3378,816,8,4,4,8
100,7,moe,677,38,10890,27170,8812,4770,1860,0,0,4552,1064,8,2,6,8
100,8,moe,743,36,5673,12936,5215,774,544,0,0,860,1117,8,7,1,8
100,9,moe,816,41,11466,6394,8479,2819,7544,1,0,7377,2119,8,5,3,8
100,10,moe,747,41,19317,64506,17523,3226,10499,0,0,11931,1760,8,4,4,8
100,11,moe,663,36,10001,14121,5414,3186,5420,0,0,4019,667,8,4,4,8
100,12,moe,783,84,9179,14035,5826,3696,3873,0,0,4216,779,8,4,4,8
100,13,moe,814,51,4387,5204,3220,2366,825,0,0,2024,647,8,5,3,8
100,14,moe,738,35,10074,15862,7472,3875,4353,0,0,5626,1420,8,3,5,8
100,15,moe,667,56,10087,28715,8220,2852,3901,1,0,4887,1648,8,5,3,8
100,16,moe,733,38,10921,12320,7536,5483,3530,0,0,5628,655,8,1,7,8
100,17,moe,808,37,4568,9024,3537,2347,786,0,0,2102,1116,8,5,3,8
100,18,moe,736,37,6431,10847,4221,3736,1496,0,0,3022,761,8,4,4,8
100,19,moe,671,36,10245,22841,7695,4828,1724,0,0,4002,638,8,2,6,8
100,20,moe,741,39,7597,14273,5652,5433,438,0,0,3926,646,8,1,7,8
100,21,moe,813,38,4819,5651,3210,2779,915,0,0,2085,763,8,5,3,8
100,22,moe,816,40,6422,10221,4714,3991,1160,0,0,3443,657,8,3,5,8
100,23,moe,679,34,4190,6221,2715,2912,251,0,0,1688,1689,8,5,3,8
100,24,moe,812,44,7771,15808,5408,4758,1031,0,0,3426,759,8,3,5,8
100,25,moe,833,39,6676,13599,4433,4553,844,0,0,3154,792,8,3,5,8
100,26,moe,687,37,6051,8704,4113,3708,1356,0,0,3126,1764,8,4,4,8
100,-1,epi,0,0,0,0,0,0,0,0,6163,0,0,0,0,0,0
101,-2,pre,46,0,0,0,0,0,0,0,0,0,0,0,0,0,0
101,0,dense,1550,43,0,0,0,0,0,0,0,0,0,0,0,0,0
101,1,moe,854,38,8499,10897,5199,6044,1273,0,0,4017,724,8,2,6,8
101,2,moe,703,41,5016,8287,3511,2791,1080,0,0,2366,1327,8,5,3,8
101,3,moe,681,36,6408,11447,4273,4577,637,0,0,3079,772,8,3,5,8
101,4,moe,745,36,5444,2685,2694,1606,2877,0,0,1733,649,8,6,2,8
101,5,moe,814,35,2040,2335,1606,781,515,0,0,862,1225,8,7,1,8
101,6,moe,752,36,2519,2659,1752,974,592,1,0,800,1193,8,7,1,8
101,7,moe,704,62,3497,5266,2546,1607,817,0,0,1473,1242,8,6,2,8
101,8,moe,751,37,2105,2259,1667,773,510,0,0,845,1204,8,7,1,8
101,9,moe,824,36,2034,519,1135,973,808,0,0,882,1343,8,7,1,8
101,10,moe,741,36,10,0,0,0,0,0,10,0,1249,8,8,0,8
101,11,moe,693,37,4686,5221,3434,2440,1041,0,0,2229,658,8,5,3,8
101,12,moe,764,36,4644,6134,2987,1943,1626,0,0,1912,1467,8,6,2,8
101,13,moe,819,40,4873,8634,3657,2449,965,0,0,2198,647,8,5,3,8
101,14,moe,747,38,5938,10073,4338,3127,1705,0,0,3232,1182,8,4,4,8
101,15,moe,677,35,7940,12485,5146,3676,3055,0,0,3937,765,8,4,4,8
101,16,moe,745,40,9964,14472,7133,4690,3511,0,0,5370,669,8,2,6,8
101,17,moe,836,42,5154,8868,3801,3197,896,0,0,2740,1296,8,4,4,8
101,18,moe,753,49,5147,8163,3418,2976,895,0,0,2142,822,8,5,3,8
101,19,moe,710,43,4860,10249,3553,3327,306,0,0,2326,691,8,4,4,8
101,20,moe,743,40,6879,9734,5059,4830,718,0,0,3728,706,8,2,6,8
101,21,moe,827,50,5529,10805,3647,3753,529,0,0,2400,803,8,4,4,8
101,22,moe,838,39,1734,2377,1333,831,51,0,0,481,654,8,7,1,8
101,23,moe,691,35,5326,5374,3424,1912,2056,0,0,2066,885,8,6,2,8
101,24,moe,832,39,4483,8738,3108,2852,452,0,0,1929,781,8,5,3,8
101,25,moe,824,39,7545,13094,5139,5080,859,0,0,3533,1031,8,3,5,8
101,26,moe,1030,41,7582,5481,4795,4784,1858,0,0,3855,824,8,3,5,8
101,-1,epi,0,0,0,0,0,0,0,0,5590,0,0,0,0,0,0
102,-2,pre,94,0,0,0,0,0,0,0,0,0,0,0,0,0,0
102,0,dense,1284,44,0,0,0,0,0,0,0,0,0,0,0,0,0
102,1,moe,739,40,4218,7970,2983,2792,224,0,0,1781,813,8,5,3,8
102,2,moe,772,38,9739,13580,5800,4548,3689,0,0,4298,899,8,3,5,8
102,3,moe,733,38,19356,16585,10259,12432,4558,0,0,7893,1167,8,3,5,8
102,4,moe,786,46,12,0,0,0,0,0,12,0,608,8,8,0,8
102,5,moe,733,44,2093,2348,1541,860,301,0,0,609,1285,8,7,1,8
102,6,moe,765,42,5816,8561,3913,2936,1502,1,0,2536,1319,8,5,3,8
102,7,moe,695,37,4711,7572,3407,2423,1088,0,0,2207,631,8,5,3,8
102,8,moe,678,42,2100,2570,1730,822,409,1,0,862,813,8,7,1,8
102,9,moe,844,41,5901,7995,4098,2849,1922,0,0,2968,804,8,5,3,8
102,10,moe,801,42,9496,17319,7159,5226,1682,0,0,4571,746,8,2,6,8
102,11,moe,730,42,5329,5937,3953,2648,1536,0,0,2808,676,8,5,3,8
102,12,moe,707,49,4799,8336,3180,2858,753,0,0,1992,3402,8,5,3,8
102,13,moe,846,45,3165,478,1968,844,2042,0,0,1689,865,8,7,1,8
102,14,moe,783,39,7724,9934,5930,4404,2015,0,0,4625,1281,8,4,4,8
102,15,moe,780,42,11507,8011,7546,6401,3905,0,0,6345,795,8,4,4,8
102,16,moe,684,43,4734,7419,3551,2435,912,0,0,2164,651,8,5,3,8
102,17,moe,822,39,3765,7774,2923,2416,166,0,0,1740,955,8,5,3,8
102,18,moe,1091,44,7348,8457,4797,2893,3137,3,0,3482,824,8,5,3,8
102,19,moe,750,41,6218,12892,4798,4000,255,0,0,2835,565,8,4,4,8
102,20,moe,726,41,5021,5123,3605,3164,1119,0,0,2867,703,8,4,4,8
102,21,moe,769,40,6867,8298,4768,4219,1628,0,0,3748,808,8,4,4,8
102,22,moe,850,39,7373,12941,5356,5529,402,0,0,3914,730,8,2,6,8
102,23,moe,854,56,4527,5167,3047,2128,1247,0,0,1895,1558,8,6,2,8
102,24,moe,744,52,6805,10854,4585,5199,361,0,0,3340,679,8,3,5,8
102,25,moe,727,53,6619,13052,4418,4626,468,0,0,2893,874,8,3,5,8
102,26,moe,636,231,8109,16672,5227,4811,2123,0,0,4052,823,8,3,5,8
102,-1,epi,0,0,0,0,0,0,0,0,4762,0,0,0,0,0,0
103,-2,pre,64,0,0,0,0,0,0,0,0,0,0,0,0,0,0
103,0,dense,1292,42,0,0,0,0,0,0,0,0,0,0,0,0,0
103,1,moe,742,40,6661,11975,4100,4316,912,0,0,2667,705,8,4,4,8
103,2,moe,667,40,3262,5437,2375,1970,131,0,0,1214,771,8,6,2,8
103,3,moe,690,35,6763,8522,4284,3792,1952,0,0,3265,674,8,4,4,8
103,4,moe,680,37,4921,9474,3703,2539,1108,0,0,2429,597,8,5,3,8
103,5,moe,882,83,3334,4702,2588,1643,587,0,0,1484,1046,8,6,2,8
103,6,moe,675,39,2661,2668,1835,1051,591,0,0,816,749,8,7,1,8
103,7,moe,680,31,2562,1155,1717,1584,601,0,0,1340,649,8,6,2,8
103,8,moe,691,36,2300,2507,1825,825,610,0,0,960,583,8,7,1,8
103,9,moe,742,40,4439,5723,2946,2014,1233,0,0,1754,670,8,6,2,8
103,10,moe,706,37,4582,7649,3411,2649,770,0,0,2248,581,8,5,3,8
103,11,moe,606,35,4224,6026,3440,1692,1332,0,0,2240,647,8,6,2,8
103,12,moe,781,36,2550,2381,1733,1023,587,0,0,793,772,8,7,1,8
103,13,moe,819,40,3982,4992,2945,1659,1019,0,0,1641,2389,8,6,2,8
103,14,moe,784,37,3435,3217,2509,1624,1118,0,0,1816,664,8,6,2,8
103,15,moe,672,40,5050,10379,3795,1930,772,1,0,1448,787,8,6,2,8
103,16,moe,751,40,3039,2898,2176,1639,640,0,0,1416,648,8,6,2,8
103,17,moe,838,39,11,0,0,0,0,0,11,0,611,8,8,0,8
103,18,moe,766,43,10,0,0,0,0,0,10,0,891,8,8,0,8
103,19,moe,609,36,1717,462,1192,1481,53,0,0,1009,656,8,7,1,8
103,20,moe,771,40,5562,11151,4574,2855,118,0,0,1985,655,8,6,2,8
103,21,moe,841,39,5995,5294,3655,4966,199,0,0,2825,741,8,5,3,8
103,22,moe,795,36,3703,8666,2978,1656,115,0,0,1046,651,8,6,2,8
103,23,moe,694,84,5278,5991,3337,2981,1349,0,0,2389,707,8,5,3,8
103,24,moe,746,43,7738,5462,4777,6675,263,0,0,3977,767,8,4,4,8
103,25,moe,827,38,3171,3322,2425,1633,74,0,0,961,762,8,7,1,8
103,26,moe,5998,37,2986,5299,2145,1801,145,0,0,1105,2355,8,6,2,8
103,-1,epi,0,0,0,0,0,0,0,0,6180,0,0,0,0,0,0
104,-2,pre,208,0,0,0,0,0,0,0,0,0,0,0,0,0,0
104,0,dense,1312,47,0,0,0,0,0,0,0,0,0,0,0,0,0
104,1,moe,741,41,7845,5967,4901,6669,256,0,0,3981,737,8,4,4,8
104,2,moe,727,37,4540,5104,3075,3290,133,0,0,1958,769,8,6,2,8
104,3,moe,678,35,8638,10714,5486,6513,929,0,0,4290,1298,8,4,4,8
104,4,moe,751,38,2322,2470,1736,857,504,0,0,775,647,8,7,1,8
104,5,moe,821,36,7935,14552,5947,3558,3237,0,0,4807,585,8,4,4,8
104,6,moe,681,38,3085,2501,2069,1821,261,0,0,1066,1251,8,7,1,8
104,7,moe,677,34,7407,7527,5300,4072,2256,0,0,4221,648,8,5,3,8
104,8,moe,743,38,7217,7621,5217,3542,2547,1,0,4090,676,8,5,3,8
104,9,moe,818,37,7244,8401,4589,5011,1124,0,0,3480,761,8,5,3,8
104,10,moe,744,38,5523,5064,3918,4256,157,0,0,2808,643,8,5,3,8
104,11,moe,669,34,8734,10221,6866,3657,3638,0,0,5427,663,8,4,4,8
104,12,moe,758,42,5928,8863,4052,3118,1569,0,0,2811,766,8,5,3,8
104,13,moe,841,44,7714,13177,5699,4160,2113,0,0,4258,1109,8,3,5,8
104,14,moe,755,38,9638,13385,7214,5301,2170,1,0,5048,650,8,4,4,8
104,15,moe,676,35,3676,5386,2472,1916,655,0,0,1367,761,8,6,2,8
104,16,moe,747,38,8697,10121,6158,4802,2484,0,0,4747,657,8,2,6,8
104,17,moe,797,39,7669,7380,5728,4204,2246,0,0,4509,656,8,5,3,8
104,18,moe,747,36,3465,5039,2301,1943,370,0,0,1149,1050,8,6,2,8
104,19,moe,926,36,4010,2575,2813,2850,257,0,0,1910,857,8,6,2,8
104,20,moe,1222,41,6157,12547,5181,2779,119,1,0,1923,701,8,6,2,8
104,21,moe,811,35,3268,5190,2260,1950,230,0,0,1172,766,8,6,2,8
104,22,moe,824,35,4652,9616,3389,3197,221,0,0,2155,659,8,4,4,8
104,23,moe,681,34,5099,8029,3230,3739,279,0,0,2149,780,8,4,4,8
104,24,moe,822,35,6661,14230,4602,5163,356,0,0,3460,779,8,3,5,8
104,25,moe,823,38,4310,8481,3081,3036,187,0,0,1994,772,8,5,3,8
104,26,moe,680,34,9465,11082,5918,6524,1723,0,0,4700,1377,8,4,4,8
104,-1,epi,0,0,0,0,0,0,0,0,6107,0,0,0,0,0,0
105,-2,pre,42,0,0,0,0,0,0,0,0,0,0,0,0,0,0
105,0,dense,6276,38,0,0,0,0,0,0,0,0,0,0,0,0,0
105,1,moe,8664,74,15026,39836,12433,4600,3309,1,0,5317,776,8,3,5,8
105,2,moe,5369,39,6379,7860,4099,4890,400,0,0,3010,767,8,5,3,8
105,3,moe,8977,36,5251,4877,3533,3241,1024,0,0,2547,754,8,6,2,8
105,4,moe,6336,36,5758,2340,3938,4223,813,0,0,3216,641,8,5,3,8
105,5,moe,7541,38,4756,3725,3875,1532,1745,0,0,2396,643,8,6,2,8
105,6,moe,7504,36,11085,9072,7235,6464,3633,0,0,6247,1303,8,4,4,8
105,7,moe,9893,39,6537,5035,5224,2636,2878,0,0,4201,638,8,5,3,8
105,8,moe,3088,37,8412,7351,5796,4174,3317,0,0,4875,638,8,5,3,8
105,9,moe,3560,38,4007,5094,2575,2811,184,0,0,1563,755,8,5,3,8
105,10,moe,913,35,6920,7026,4821,5665,210,0,0,3776,637,8,4,4,8
105,11,moe,680,34,6964,9582,5231,3899,1344,0,0,3510,648,8,3,5,8
105,12,moe,741,39,4625,5370,3010,3351,125,0,0,1861,755,8,6,2,8
105,13,moe,813,40,4117,6397,3123,1614,1058,0,0,1678,638,8,6,2,8
105,14,moe,742,36,7254,10440,5156,5149,804,1,0,3856,647,8,4,4,8
105,15,moe,858,34,2159,2589,1538,1020,67,0,0,466,755,8,7,1,8
105,16,moe,740,37,5429,9098,3780,3673,166,0,0,2190,640,8,5,3,8
105,17,moe,818,39,5233,8934,4089,2682,1115,0,0,2653,1503,8,5,3,8
105,18,moe,741,33,7334,8215,4652,4980,1127,0,0,3425,869,8,5,3,8
105,19,moe,671,31,3143,5315,2338,1616,397,0,0,1208,1201,8,6,2,8
105,20,moe,745,35,2902,4775,2289,1548,289,0,0,1224,810,8,6,2,8
105,21,moe,1287,34,4795,3811,3134,3388,143,0,0,1870,1094,8,6,2,8
105,22,moe,798,34,1783,2305,1336,844,54,0,0,451,687,8,7,1,8
105,23,moe,727,33,2889,2356,1896,1755,290,0,0,1052,762,8,7,1,8
105,24,moe,828,43,6704,14272,5042,4428,251,0,0,3017,823,8,4,4,8
105,25,moe,870,98,4636,3446,3082,3265,341,1,0,2053,760,8,6,2,8
105,26,moe,681,36,5715,3124,3532,4856,189,0,0,2862,1656,8,5,3,8
105,-1,epi,0,0,0,0,0,0,0,0,6121,0,0,0,0,0,0
106,-2,pre,215,0,0,0,0,0,0,0,0,0,0,0,0,0,0
106,0,dense,1531,44,0,0,0,0,0,0,0,0,0,0,0,0,0
106,1,moe,861,40,8691,14287,6284,4944,750,0,0,3287,768,8,5,3,8
106,2,moe,748,38,7671,11419,4217,3590,2573,0,0,2709,1191,8,4,4,8
106,3,moe,682,36,9720,11264,5930,7747,748,0,0,4705,765,8,3,5,8
106,4,moe,755,39,2523,2408,1832,1508,50,0,0,867,650,8,7,1,8
106,5,moe,822,37,5150,8479,3698,3718,167,0,0,2433,644,8,5,3,8
106,6,moe,746,34,10,0,0,0,0,0,10,0,752,8,8,0,8
106,7,moe,681,31,6709,4858,4782,5542,208,0,0,3823,644,8,4,4,8
106,8,moe,3136,37,6469,7425,4725,4157,1263,0,0,3676,646,8,5,3,8
106,9,moe,2895,39,5506,8596,4029,4073,195,0,0,2791,1382,8,5,3,8
106,10,moe,7503,37,4904,4659,3473,3157,598,0,0,2324,669,8,4,4,8
106,11,moe,11685,38,7000,14487,5738,3165,682,0,0,2585,646,8,4,4,8
106,12,moe,7833,81,2705,2966,1858,996,606,0,0,755,764,8,7,1,8
106,13,moe,7458,38,5950,7557,4214,4233,465,0,0,2962,1136,8,5,3,8
106,14,moe,3962,39,8101,4654,5718,4189,3013,0,0,4819,637,8,5,3,8
106,15,moe,11080,37,13597,19471,8523,9998,2390,0,0,7314,758,8,2,6,8
106,16,moe,10869,41,3771,2219,2621,2862,100,0,0,1812,634,8,6,2,8
106,17,moe,4145,39,7667,11179,5859,4164,1210,0,0,3566,640,8,5,3,8
106,18,moe,928,43,4858,2987,2956,3394,661,0,0,2153,4840,8,6,2,8
106,19,moe,10558,38,5989,9409,4666,3160,613,0,0,2450,697,8,4,4,8
106,20,moe,739,36,3117,2848,2213,1553,877,0,0,1526,750,8,6,2,8
106,21,moe,875,72,5861,3737,3469,4994,213,0,0,2815,826,8,5,3,8
106,22,moe,1276,41,2187,1386,1477,1615,113,0,0,1018,767,8,6,2,8
106,23,moe,851,37,7043,10283,4448,4609,1262,0,0,3276,756,8,5,3,8
106,24,moe,823,41,11175,14168,6839,9388,391,0,0,5443,760,8,2,6,8
106,25,moe,865,102,8223,13452,5312,6595,308,0,0,3992,761,8,4,4,8
106,26,moe,676,36,10615,20329,7702,4514,2183,0,0,3784,757,8,5,3,8
106,-1,epi,0,0,0,0,0,0,0,0,5997,0,0,0,0,0,0
107,-2,pre,303,0,0,0,0,0,0,0,0,0,0,0,0,0,0
107,0,dense,1488,42,0,0,0,0,0,0,0,0,0,0,0,0,0
107,1,moe,836,36,8101,12295,5659,6029,373,0,0,3960,774,8,2,6,8
107,2,moe,744,37,9585,9110,6158,6507,1975,1,0,5056,842,8,4,4,8
107,3,moe,675,35,4975,5782,3433,3244,334,0,0,2036,755,8,6,2,8
107,4,moe,740,38,6315,7445,4446,4225,938,0,0,3294,640,8,5,3,8
107,5,moe,811,38,1466,2227,1180,781,59,0,0,554,642,8,7,1,8
107,6,moe,776,45,3620,3770,2514,1716,557,0,0,1167,757,8,7,1,8
107,7,moe,672,34,10,0,0,0,0,0,10,0,638,8,8,0,8
107,8,moe,747,36,2577,2186,1955,840,858,0,0,1076,683,8,7,1,8
107,9,moe,823,38,5156,9028,3529,3275,735,0,0,2383,772,8,5,3,8
107,10,moe,746,36,4646,4693,3350,2894,533,0,0,2131,644,8,6,2,8
107,11,moe,668,33,6426,10646,4492,5074,226,0,0,3366,644,8,4,4,8
107,12,moe,740,35,5362,6506,3437,3409,804,0,0,2288,1311,8,6,2,8
107,13,moe,813,37,1791,2324,1365,833,53,0,0,460,645,8,7,1,8
107,14,moe,753,34,7323,9841,5328,5624,408,0,0,4037,650,8,4,4,8
107,15,moe,674,33,3048,5234,2056,1905,132,0,0,1045,765,8,6,2,8
107,16,moe,746,37,5444,2563,3774,4249,341,0,0,2920,644,8,5,3,8
107,17,moe,808,35,6454,3112,4754,3745,1926,0,0,3971,644,8,5,3,8
107,18,moe,5543,37,10906,7967,6529,8217,1688,0,0,5528,1471,8,3,5,8
107,19,moe,2120,38,3858,4848,2713,2379,726,0,0,1960,2158,8,5,3,8
107,20,moe,4228,37,4170,4999,3424,1756,1400,0,0,2410,1573,8,6,2,8
107,21,moe,4034,38,4884,6933,3370,2152,1379,0,0,2017,825,8,6,2,8
107,22,moe,4186,39,2408,2265,1767,1466,50,0,0,875,642,8,7,1,8
107,23,moe,669,31,2047,518,1147,1742,73,0,0,915,948,8,7,1,8
107,24,moe,1281,41,7151,9005,4974,4854,182,0,0,2859,954,8,5,3,8
107,25,moe,1022,41,6196,11033,4704,3345,132,0,0,1985,977,8,6,2,8
107,26,moe,11049,53,14,0,0,0,0,0,14,0,1741,8,8,0,8
107,-1,epi,0,0,0,0,0,0,0,0,6039,0,0,0,0,0,0
108,-2,pre,259,0,0,0,0,0,0,0,0,0,0,0,0,0,0
108,0,dense,1514,46,0,0,0,0,0,0,0,0,0,0,0,0,0
108,1,moe,854,40,6435,5736,4247,4937,173,0,0,2922,774,8,5,3,8
108,2,moe,784,45,4646,11122,3412,3262,199,0,0,2227,774,8,5,3,8
108,3,moe,689,37,12154,23070,7589,8620,755,0,0,4810,773,8,2,6,8
108,4,moe,754,38,2973,2489,2158,1470,550,0,0,1205,638,8,7,1,8
108,5,moe,822,39,4463,4830,3331,2302,1103,0,0,2273,649,8,5,3,8
108,6,moe,761,37,12,0,0,0,0,0,12,0,767,8,8,0,8
108,7,moe,691,35,4275,5226,3213,2781,366,0,0,2085,659,8,6,2,8
108,8,moe,952,51,4602,5533,3464,2780,592,0,0,2234,643,8,6,2,8
108,9,moe,965,40,3440,5387,2384,1975,129,0,0,1048,829,8,6,2,8
108,10,moe,1025,93,5198,10770,3872,3620,234,0,0,2528,748,8,4,4,8
108,11,moe,749,58,6792,7471,4857,5484,224,0,0,3773,726,8,4,4,8
108,12,moe,1008,103,5123,5200,3224,3365,685,0,0,2151,797,8,6,2,8
108,13,moe,961,40,6441,9785,4820,4586,160,0,0,3125,645,8,5,3,8
108,14,moe,883,40,5490,7304,4034,4215,162,0,0,2921,643,8,5,3,8
108,15,moe,685,35,6432,12475,4592,4145,251,0,0,2556,775,8,4,4,8
108,16,moe,751,48,2506,2683,1814,1608,105,0,0,1021,653,8,6,2,8
108,17,moe,820,37,8801,10102,6172,6459,1195,0,0,5025,649,8,3,5,8
108,18,moe,747,37,5815,5286,3920,2826,1733,0,0,2664,1809,8,5,3,8
108,19,moe,687,40,8289,5123,4321,3562,3741,0,0,3335,679,8,4,4,8
108,20,moe,744,38,6859,4899,4881,4175,1593,0,0,3790,650,8,5,3,8
108,21,moe,5855,36,14274,18024,9876,8266,3630,0,0,7498,781,8,3,5,8
108,22,moe,813,40,7137,7503,4685,4313,1637,0,0,3498,4402,8,5,3,8
108,23,moe,896,35,6235,5271,4017,1962,3080,0,0,2824,900,8,6,2,8
108,24,moe,815,41,10056,14333,6154,7618,969,0,0,4685,763,8,3,5,8
108,25,moe,2911,45,11508,28315,9224,4922,417,0,0,3055,1143,8,5,3,8
108,26,moe,846,35,3411,2808,2350,1791,735,0,0,1465,755,8,6,2,8
108,-1,epi,0,0,0,0,0,0,0,0,6179,0,0,0,0,0,0
109,-2,pre,145,0,0,0,0,0,0,0,0,0,0,0,0,0,0
109,0,dense,2367,43,0,0,0,0,0,0,0,0,0,0,0,0,0
109,1,moe,1277,42,13086,17555,7979,10313,539,1,0,5746,856,8,1,7,8
109,2,moe,1168,38,6704,13763,4639,4846,372,0,0,3153,954,8,3,5,8
109,3,moe,888,35,7942,16740,5286,5581,455,0,0,3380,754,8,2,6,8
109,4,moe,850,35,8542,9775,6012,5659,1596,0,0,4725,641,8,4,4,8
109,5,moe,960,40,7074,9864,5140,5624,209,1,0,3900,640,8,4,4,8
109,6,moe,869,36,4631,5149,2999,3361,145,0,0,1874,757,8,6,2,8
109,7,moe,668,37,7192,10083,5095,5713,224,0,0,3840,639,8,4,4,8
109,8,moe,737,33,6373,5922,4610,4116,1083,0,0,3436,638,8,5,3,8
109,9,moe,819,35,10218,11845,6280,8297,605,0,0,4964,755,8,3,5,8
109,10,moe,737,39,5818,8524,4131,4276,350,0,0,2939,643,8,5,3,8
109,11,moe,679,36,11995,15779,8690,9554,624,0,0,6873,644,8,1,7,8
109,12,moe,734,36,11123,9873,6613,9621,370,0,0,5481,752,8,2,6,8
109,13,moe,802,35,7341,10328,5215,5681,412,0,0,3967,637,8,4,4,8
109,14,moe,737,37,10227,8252,7268,8332,523,0,0,5896,641,8,2,6,8
109,15,moe,673,34,10577,14291,6014,8789,382,0,0,4608,762,8,2,6,8
109,16,moe,744,39,10983,17685,8516,8436,443,0,0,6412,663,8,0,8,8
109,17,moe,815,97,11964,13164,8661,8380,1885,0,0,6962,641,8,2,6,8
109,18,moe,739,38,8617,9918,5293,6255,1219,0,0,4150,753,8,4,4,8
109,19,moe,673,34,13892,16082,10787,6044,5998,0,0,8937,642,8,1,7,8
109,20,moe,745,39,15349,26091,11826,8425,2275,0,0,7177,1114,8,2,6,8
109,21,moe,802,41,13882,17114,8452,9236,2997,0,0,6803,778,8,2,6,8
109,22,moe,814,42,12118,14326,8553,8827,1733,0,0,6995,634,8,2,6,8
109,23,moe,671,39,9342,9149,5878,6692,1628,0,0,4856,773,8,4,4,8
109,24,moe,814,44,11416,16270,7471,8099,1922,0,0,6076,771,8,3,5,8
109,25,moe,801,40,15196,17533,10169,10879,1724,0,0,7576,800,8,1,7,8
109,26,moe,681,37,8767,12140,6044,6111,1401,0,0,4789,772,8,2,6,8
109,-1,epi,0,0,0,0,0,0,0,0,6003,0,0,0,0,0,0
110,-2,pre,233,0,0,0,0,0,0,0,0,0,0,0,0,0,0
110,0,dense,1511,42,0,0,0,0,0,0,0,0,0,0,0,0,0
110,1,moe,839,37,3550,3074,2279,2802,215,0,0,1746,778,8,5,3,8
110,2,moe,755,36,5962,13266,4316,4368,354,0,0,3076,776,8,4,4,8
110,3,moe,695,37,8379,11530,5486,6519,275,0,0,3901,865,8,4,4,8
110,4,moe,1058,42,5621,7128,4050,4275,313,0,0,3017,699,8,3,5,8
110,5,moe,1158,41,3937,4795,2961,2784,104,0,0,1912,696,8,6,2,8
110,6,moe,1069,40,6281,8518,4413,3383,656,0,0,2171,788,8,6,2,8
110,7,moe,677,34,5736,7919,4106,4251,277,0,0,2898,642,8,5,3,8
110,8,moe,744,36,7473,8411,5384,5555,724,0,0,4190,639,8,4,4,8
110,9,moe,813,38,8091,8435,4939,6601,438,0,0,3887,759,8,4,4,8
110,10,moe,740,38,5645,4852,3967,4252,355,0,0,2929,638,8,5,3,8
110,11,moe,674,33,8565,13209,6156,7093,280,0,0,4964,640,8,3,5,8
110,12,moe,743,37,2056,513,1133,1748,58,0,0,883,752,8,7,1,8
110,13,moe,810,36,2570,2494,1872,1619,102,0,0,1023,636,8,6,2,8
110,14,moe,753,38,1600,2187,1311,779,52,0,0,542,640,8,7,1,8
110,15,moe,684,33,7982,6205,4869,6769,264,0,0,3920,753,8,4,4,8
110,16,moe,744,36,2504,2356,1815,1604,100,0,0,1015,636,8,6,2,8
110,17,moe,825,39,2057,458,1411,1376,502,0,0,1232,637,8,7,1,8
110,18,moe,750,39,3623,2994,2220,2774,212,0,0,1583,760,8,5,3,8
110,19,moe,686,34,13258,14099,9442,9880,1422,0,0,7486,639,8,1,7,8
110,20,moe,744,35,9913,9466,7032,6810,1804,0,0,5733,640,8,3,5,8
110,21,moe,820,37,11128,10939,6786,8288,1662,0,0,5608,818,8,3,5,8
110,22,moe,813,38,7378,7578,5498,3571,2604,0,0,4295,668,8,4,4,8
110,23,moe,669,35,5505,8465,3557,3806,502,0,0,2360,765,8,5,3,8
110,24,moe,812,38,7825,9312,5460,3796,2956,0,0,4387,816,8,4,4,8
110,25,moe,818,36,9456,11377,5483,6493,1794,0,0,4314,1431,8,4,4,8
110,26,moe,682,36,10233,13802,6621,8158,317,0,0,4863,756,8,3,5,8
110,-1,epi,0,0,0,0,0,0,0,0,5970,0,0,0,0,0,0
111,-2,pre,45,0,0,0,0,0,0,0,0,0,0,0,0,0,0
111,0,dense,1522,40,0,0,0,0,0,0,0,0,0,0,0,0,0
111,1,moe,842,37,4551,2311,3284,2938,1233,0,0,2904,799,8,5,3,8
111,2,moe,774,53,8368,10819,5381,6627,494,0,0,4134,759,8,4,4,8
111,3,moe,678,34,8579,11185,6405,4833,194,0,0,2853,804,8,5,3,8
111,4,moe,744,39,2499,2587,1858,1458,60,0,0,877,631,8,7,1,8
111,5,moe,841,36,2778,4941,2215,1577,134,0,0,1148,676,8,6,2,8
111,6,moe,746,36,3295,2526,2169,1728,590,0,0,1192,883,8,7,1,8
111,7,moe,870,35,3767,2429,2600,2839,283,0,0,1955,693,8,6,2,8
111,8,moe,1066,34,1639,468,1148,1400,50,0,0,959,653,8,7,1,8
111,9,moe,810,35,2027,2528,1442,1003,60,0,0,478,760,8,7,1,8
111,10,moe,761,33,1301,472,845,822,238,0,0,604,654,8,7,1,8
111,11,moe,689,37,2884,5056,2319,1576,118,0,0,1129,641,8,6,2,8
111,12,moe,748,46,2319,3585,1704,1029,74,0,0,488,783,8,7,1,8
111,13,moe,821,30,2871,4824,2170,1618,103,0,0,1020,660,8,6,2,8
111,14,moe,748,28,1011,461,726,771,51,0,0,537,646,8,7,1,8
111,15,moe,679,27,8,0,0,0,0,0,8,0,761,8,8,0,8
111,16,moe,756,31,4140,5279,3164,2780,99,0,0,1903,637,8,6,2,8
111,17,moe,838,93,3809,7514,2968,2384,199,0,0,1742,660,8,5,3,8
111,18,moe,781,35,4811,10466,3792,1901,134,1,0,1017,765,8,6,2,8
111,19,moe,688,36,4371,9453,3523,1614,562,0,0,1328,645,8,6,2,8
111,20,moe,741,34,4961,7380,3592,3100,802,0,0,2533,684,8,4,4,8
111,21,moe,859,65,9837,6206,6009,6646,1981,1,0,4800,830,8,4,4,8
111,22,moe,832,41,6431,4713,4442,4293,1342,0,0,3646,1183,8,5,3,8
111,23,moe,698,48,4761,5549,3440,2135,1335,0,0,2149,806,8,6,2,8
111,24,moe,825,38,8354,14226,5773,4685,2559,0,0,4663,780,8,3,5,8
111,25,moe,845,39,4641,5058,3086,2703,951,0,0,2099,818,8,5,3,8
111,26,moe,687,34,11247,9132,6795,9327,758,0,0,5633,754,8,2,6,8
111,-1,epi,0,0,0,0,0,0,0,0,6017,0,0,0,0,0,0
112,-2,pre,205,0,0,0,0,0,0,0,0,0,0,0,0,0,0
112,0,dense,1503,39,0,0,0,0,0,0,0,0,0,0,0,0,0
112,1,moe,848,35,9314,18979,7662,3561,247,0,0,2156,775,8,4,4,8
112,2,moe,762,36,6390,10701,4120,4814,392,0,0,2936,829,8,3,5,8
112,3,moe,707,57,7925,8452,4994,6631,236,0,0,3936,757,8,4,4,8
112,4,moe,762,35,4254,5570,3110,2384,623,0,0,1863,640,8,5,3,8
112,5,moe,820,34,4421,4975,3252,3060,629,0,0,2520,647,8,4,4,8
112,6,moe,744,34,8454,13550,5449,4026,2745,0,0,3766,1018,8,4,4,8
112,7,moe,678,39,3586,4713,2601,2419,181,0,0,1615,649,8,5,3,8
112,8,moe,750,37,1815,2248,1457,772,246,0,0,660,808,8,7,1,8
112,9,moe,1427,44,8304,17075,5323,4772,582,0,0,2373,873,8,4,4,8
112,10,moe,1037,44,3190,2810,2208,2375,151,0,0,1544,666,8,5,3,8
112,11,moe,684,33,3691,7763,2858,2400,175,0,0,1742,650,8,5,3,8
112,12,moe,750,36,2921,2807,1894,1917,144,0,0,1034,771,8,6,2,8
112,13,moe,825,35,6434,14500,5345,2407,361,0,0,1679,645,8,5,3,8
112,14,moe,751,43,4506,5141,3294,3191,420,0,0,2399,716,8,4,4,8
112,15,moe,750,76,5810,11197,3790,3882,612,1,0,2475,965,8,4,4,8
112,16,moe,785,50,9082,22653,7523,4740,289,0,0,3470,847,8,3,5,8
112,17,moe,856,50,11554,16277,8387,8132,942,0,0,5907,732,8,2,6,8
112,18,moe,798,93,11022,12894,7587,6654,959,0,0,4178,756,8,4,4,8
112,19,moe,678,45,6665,12617,5202,3310,2122,0,0,3969,649,8,4,4,8
112,20,moe,746,38,5063,7128,3906,2365,1564,0,0,2772,1118,8,5,3,8
112,21,moe,817,39,6718,6305,4744,2822,2825,0,0,3673,766,8,5,3,8
112,22,moe,814,39,6072,7782,4316,3164,1677,0,0,3085,1116,8,4,4,8
112,23,moe,690,38,5100,7999,3204,2813,1010,0,0,1927,2343,8,5,3,8
112,24,moe,822,40,5758,5595,3790,2690,1947,0,0,2669,1762,8,5,3,8
112,25,moe,832,38,4129,5157,2868,1806,1249,0,0,1794,1838,8,6,2,8
112,26,moe,678,34,4931,5958,3196,3641,548,0,0,2454,766,8,4,4,8
112,-1,epi,0,0,0,0,0,0,0,0,6099,0,0,0,0,0,0
113,-2,pre,214,0,0,0,0,0,0,0,0,0,0,0,0,0,0
113,0,dense,1517,42,0,0,0,0,0,0,0,0,0,0,0,0,0
113,1,moe,850,37,8333,5762,5187,6465,930,0,0,4249,824,8,4,4,8
113,2,moe,753,42,5363,5140,3530,3318,965,0,0,2450,832,8,6,2,8
113,3,moe,723,40,2764,3342,1889,1856,192,0,0,1173,1514,8,6,2,8
113,4,moe,751,43,1927,2556,1455,856,72,0,0,456,809,8,7,1,8
113,5,moe,834,46,3113,4994,2462,1587,374,0,0,1310,705,8,6,2,8
113,6,moe,750,38,7656,10631,5510,5160,1133,0,0,4147,767,8,4,4,8
113,7,moe,603,37,1690,2207,1278,842,61,0,0,491,650,8,7,1,8
113,8,moe,761,36,1595,2245,1302,784,60,0,0,551,4196,8,7,1,8
113,9,moe,876,43,6291,9048,4510,3094,1991,0,0,3304,1582,8,5,3,8
113,10,moe,1042,39,3782,5173,2793,2390,176,0,0,1577,1750,8,5,3,8
113,11,moe,2702,43,1925,1065,1367,1532,126,0,0,1100,897,8,6,2,8
113,12,moe,1057,39,2031,2664,1449,989,59,0,0,466,893,8,7,1,8
113,13,moe,1099,40,1811,2413,1406,822,50,0,0,467,692,8,7,1,8
113,14,moe,1023,37,3851,6132,3017,2308,169,0,0,1643,660,8,5,3,8
113,15,moe,691,36,4900,6703,3244,3004,125,0,0,1473,762,8,6,2,8
113,16,moe,745,35,3731,7704,2744,2391,177,0,0,1581,647,8,5,3,8
113,17,moe,828,36,4569,7287,3437,3103,224,0,0,2195,648,8,4,4,8
113,18,moe,750,39,5666,10883,3537,3877,487,0,0,2235,776,8,4,4,8
113,19,moe,692,36,5916,10393,4304,3207,1385,0,0,2980,658,8,4,4,8
113,20,moe,750,38,5516,7945,4175,3124,1108,0,0,2891,669,8,4,4,8
113,21,moe,829,36,3491,5781,2479,2136,132,0,0,1256,817,8,6,2,8
113,22,moe,832,38,3858,6444,2998,1612,558,0,0,1310,1097,8,6,2,8
113,23,moe,696,42,5480,5243,3578,2796,1678,0,0,2572,1331,8,5,3,8
113,24,moe,826,38,4675,3527,2941,3641,488,0,0,2395,776,8,4,4,8
113,25,moe,843,41,6559,10971,4447,3674,1677,0,0,3239,1562,8,4,4,8
113,26,moe,683,38,6321,8238,4149,4918,303,0,0,3049,754,8,5,3,8
113,-1,epi,0,0,0,0,0,0,0,0,6159,0,0,0,0,0,0
114,-2,pre,220,0,0,0,0,0,0,0,0,0,0,0,0,0,0
114,0,dense,1526,41,0,0,0,0,0,0,0,0,0,0,0,0,0
114,1,moe,862,45,5334,7894,3590,3832,483,1,0,2572,796,8,4,4,8
114,2,moe,737,39,3268,5732,2401,1836,235,0,0,1204,772,8,6,2,8
114,3,moe,690,34,1895,2716,1462,907,82,1,0,557,768,8,7,1,8
114,4,moe,769,35,4363,9202,3525,1605,586,0,0,1353,1061,8,6,2,8
114,5,moe,800,39,4052,5258,3078,2834,114,0,0,1974,2138,8,6,2,8
114,6,moe,753,38,1963,2322,1371,997,76,0,0,481,774,8,7,1,8
114,7,moe,691,32,1715,2321,1303,843,52,0,0,483,670,8,7,1,8
114,8,moe,783,90,2809,3057,2185,1535,295,0,0,1206,655,8,6,2,8
114,9,moe,825,35,3967,5707,2527,2866,230,0,0,1656,763,8,5,3,8
114,10,moe,734,35,1376,951,924,872,74,0,0,494,622,8,7,1,8
114,11,moe,667,34,5160,13041,4049,3099,252,0,0,2240,657,8,4,4,8
114,12,moe,764,33,5315,8392,3396,3735,460,0,0,2276,768,8,4,4,8
114,13,moe,832,34,2489,2421,1805,1523,51,0,0,890,705,8,7,1,8
114,14,moe,753,34,4698,9678,3565,3159,232,0,0,2258,716,8,4,4,8
114,15,moe,890,206,10210,22327,7095,6418,638,0,0,3941,842,8,1,7,8
114,16,moe,750,36,6717,11301,4812,4785,564,1,0,3445,657,8,2,6,8
114,17,moe,820,35,5106,7535,3424,3691,287,0,0,2296,676,8,4,4,8
114,18,moe,700,36,8499,10703,5404,6076,1086,0,0,4067,670,8,2,6,8
114,19,moe,650,34,2511,2524,1806,1642,102,0,0,1039,607,8,6,2,8
114,20,moe,724,36,7157,4698,5101,5598,540,0,0,4082,639,8,4,4,8
114,21,moe,817,39,5199,4041,3196,3743,819,0,0,2559,772,8,4,4,8
114,22,moe,826,49,2877,4892,2164,1627,121,1,0,1036,655,8,6,2,8
114,23,moe,684,33,3172,3693,2220,1779,84,0,0,911,1251,8,7,1,8
114,24,moe,819,41,6841,9170,4439,3689,2140,0,0,3427,821,8,4,4,8
114,25,moe,822,40,6268,7845,4179,3693,1548,0,0,3152,1296,8,4,4,8
114,26,moe,685,36,5737,13720,4302,2709,689,0,0,1963,761,8,5,3,8
114,-1,epi,0,0,0,0,0,0,0,0,6151,0,0,0,0,0,0
115,-2,pre,222,0,0,0,0,0,0,0,0,0,0,0,0,0,0
115,0,dense,1451,41,0,0,0,0,0,0,0,0,0,0,0,0,0
115,1,moe,816,37,5950,11425,4284,4224,313,0,0,2871,785,8,4,4,8
115,2,moe,760,39,5921,8339,3949,3742,1158,0,0,2928,742,8,4,4,8
115,3,moe,657,38,10310,13877,6575,6638,2250,0,0,5153,678,8,1,7,8
115,4,moe,688,43,3123,5403,2364,1677,116,0,0,1034,1155,8,6,2,8
115,5,moe,821,36,7250,8047,5203,5577,583,0,0,4113,649,8,4,4,8
115,6,moe,748,48,3899,5962,2462,2817,212,0,0,1592,765,8,5,3,8
115,7,moe,682,34,4303,5738,3186,2876,122,0,0,1881,1102,8,6,2,8
115,8,moe,743,35,2284,2358,1791,1406,55,0,0,968,1163,8,7,1,8
115,9,moe,838,46,4136,5827,2650,2790,437,0,0,1741,1278,8,5,3,8
115,10,moe,747,36,5217,7184,3775,3286,799,0,0,2643,770,8,4,4,8
115,11,moe,694,36,4634,6957,3445,3169,440,0,0,2420,1316,8,4,4,8
115,12,moe,742,38,6876,11183,4344,4820,848,0,0,3136,680,8,3,5,8
115,13,moe,733,38,2580,2435,1900,1621,109,0,0,1050,669,8,6,2,8
115,14,moe,749,35,4555,8213,3430,3138,230,0,0,2243,657,8,4,4,8
115,15,moe,693,35,9899,14155,6167,7771,570,0,0,4609,673,8,0,8,8
115,16,moe,724,42,9750,9875,6700,8070,316,0,0,5336,649,8,2,6,8
115,17,moe,827,37,10873,10290,7471,9271,423,0,0,6292,644,8,1,7,8
115,18,moe,753,35,7716,13267,4984,5606,667,0,0,3541,766,8,2,6,8
115,19,moe,681,34,7800,18161,6059,3983,1418,0,0,3660,645,8,3,5,8
115,20,moe,747,38,5474,9760,3831,3083,1234,0,0,2674,650,8,4,4,8
115,21,moe,830,37,6907,11480,4418,4678,914,0,0,3103,773,8,3,5,8
115,22,moe,826,39,5502,7368,4033,3158,885,0,0,2574,665,8,4,4,8
115,23,moe,9146,58,9682,13769,6526,4601,3259,0,0,4704,771,8,3,5,8
115,24,moe,5968,45,10443,17129,7040,5488,3473,0,0,5558,778,8,2,6,8
115,25,moe,816,40,10526,6018,6796,5574,3997,0,0,5841,778,8,2,6,8
115,26,moe,689,37,8701,11257,5832,6878,433,0,0,4442,774,8,1,7,8
115,-1,epi,0,0,0,0,0,0,0,0,6089,0,0,0,0,0,0
116,-2,pre,219,0,0,0,0,0,0,0,0,0,0,0,0,0,0
116,0,dense,1518,43,0,0,0,0,0,0,0,0,0,0,0,0,0
116,1,moe,847,38,5877,8702,4006,3648,1096,0,0,2873,1321,8,4,4,8
116,2,moe,732,39,3012,4915,2162,1836,155,0,0,1141,873,8,6,2,8
116,3,moe,711,95,4550,5687,3074,2706,770,0,0,2000,775,8,5,3,8
116,4,moe,768,39,4142,5462,2984,2388,687,0,0,1917,659,8,5,3,8
116,5,moe,835,38,3540,5483,2702,2449,178,0,0,1789,715,8,5,3,8
116,6,moe,761,35,5279,12189,4167,1883,533,0,0,1304,816,8,6,2,8
116,7,moe,693,35,6564,7325,4982,3166,2140,0,0,3724,730,8,4,4,8
116,8,moe,757,37,2961,5358,2393,1544,148,0,0,1124,650,8,6,2,8
116,9,moe,822,37,4844,10464,3381,2817,217,0,0,1571,775,8,5,3,8
116,10,moe,758,38,7810,10004,5532,5692,776,0,0,4190,655,8,4,4,8
116,11,moe,680,34,3305,5248,2666,1533,387,0,0,1281,695,8,6,2,8
116,12,moe,766,37,2165,2893,1537,1023,71,0,0,466,764,8,7,1,8
116,13,moe,822,36,2874,4772,2179,1603,119,0,0,1027,705,8,6,2,8
116,14,moe,757,35,5630,13553,4516,3117,247,0,0,2250,667,8,4,4,8
116,15,moe,690,37,4638,6545,3186,2810,201,0,0,1559,683,8,5,3,8
116,16,moe,694,38,2324,1861,1560,1737,106,0,0,1079,639,8,6,2,8
116,17,moe,817,37,4190,4942,3086,3062,215,0,0,2173,653,8,4,4,8
116,18,moe,746,36,5498,8895,3585,3719,506,0,0,2312,776,8,4,4,8
116,19,moe,716,39,4700,7381,3431,3225,231,0,0,2187,654,8,4,4,8
116,20,moe,747,35,4074,7247,3072,2313,665,0,0,1976,660,8,5,3,8
116,21,moe,829,43,5070,8932,3204,3738,276,0,0,2148,795,8,4,4,8
116,22,moe,801,36,7487,5607,5163,5460,986,0,0,4122,675,8,4,4,8
116,23,moe,757,99,4776,5488,3100,2789,828,0,0,1941,1384,8,5,3,8
116,24,moe,2958,39,12435,5740,8202,7883,3754,0,0,7404,1429,8,3,5,8
116,25,moe,812,39,7691,8195,5057,4493,2089,0,0,3948,787,8,3,5,8
116,26,moe,693,36,11012,8036,6675,9573,407,0,0,5643,847,8,2,6,8
116,-1,epi,0,0,0,0,0,0,0,0,6143,0,0,0,0,0,0
117,-2,pre,208,0,0,0,0,0,0,0,0,0,0,0,0,0,0
117,0,dense,1514,40,0,0,0,0,0,0,0,0,0,0,0,0,0
117,1,moe,846,37,7166,14080,5097,5260,416,0,0,3607,778,8,3,5,8
117,2,moe,751,36,6561,11082,4537,3733,1824,0,0,3533,1426,8,4,4,8
117,3,moe,687,34,9324,13712,6272,4678,3095,0,0,4721,813,8,3,5,8
117,4,moe,776,38,7390,7122,4879,4536,1432,0,0,3457,608,8,3,5,8
117,5,moe,751,40,4898,6834,3492,1549,2048,0,0,2191,662,8,6,2,8
117,6,moe,748,39,4126,5930,2773,1918,748,0,0,1313,823,8,6,2,8
117,7,moe,739,55,3160,5120,2377,1617,219,0,0,1053,2342,8,6,2,8
117,8,moe,750,40,5395,15410,4830,1569,138,0,0,1142,647,8,6,2,8
117,9,moe,818,38,7130,10637,4637,4659,1067,0,0,3233,772,8,3,5,8
117,10,moe,747,36,5802,7784,4263,2380,2198,0,0,3039,646,8,5,3,8
117,11,moe,680,30,7133,13760,5365,3900,2024,0,0,4156,651,8,3,5,8
117,12,moe,744,258,7740,15598,5957,2809,1406,0,0,2432,765,8,5,3,8
117,13,moe,816,41,5533,11987,4275,3280,268,0,0,2290,651,8,4,4,8
117,14,moe,750,37,4506,10116,3659,2418,168,0,0,1739,642,8,5,3,8
117,15,moe,688,32,4953,5731,3127,3758,256,0,0,2188,771,8,4,4,8
117,16,moe,744,36,9100,24933,7454,4054,540,0,0,2948,683,8,3,5,8
117,17,moe,812,39,4385,11711,3822,1548,107,0,0,1092,656,8,6,2,8
117,18,moe,743,38,7559,11041,4799,5581,629,0,0,3450,771,8,2,6,8
117,19,moe,686,37,3726,7542,2738,2400,163,0,0,1575,663,8,5,3,8
117,20,moe,742,37,3064,5965,2492,1607,123,0,0,1158,659,8,6,2,8
117,21,moe,829,37,3192,5089,2162,1907,146,0,0,1023,791,8,6,2,8
117,22,moe,798,39,3765,5089,2754,2399,180,0,0,1568,689,8,5,3,8
117,23,moe,695,36,7337,14072,4758,2833,1968,0,0,2222,802,8,5,3,8
117,24,moe,826,40,6911,14718,4592,4629,908,0,0,3218,805,8,3,5,8
117,25,moe,843,39,5477,10722,3982,2744,842,0,0,2091,782,8,5,3,8
117,26,moe,697,38,11158,36044,9088,4642,336,0,0,2908,792,8,3,5,8
117,-1,epi,0,0,0,0,0,0,0,0,6405,0,0,0,0,0,0
118,-2,pre,211,0,0,0,0,0,0,0,0,0,0,0,0,0,0
118,0,dense,1525,44,0,0,0,0,0,0,0,0,0,0,0,0,0
118,1,moe,858,43,9975,16462,6708,5641,1876,0,0,4250,785,8,2,6,8
118,2,moe,748,38,8318,16299,6149,3660,3079,0,0,4570,766,8,4,4,8
118,3,moe,688,38,7160,8506,4576,4540,1517,0,0,3473,761,8,3,5,8
118,4,moe,739,43,3830,5205,2798,2455,171,0,0,1594,657,8,5,3,8
118,5,moe,825,40,6259,11595,4719,3942,815,0,0,3217,663,8,3,5,8
118,6,moe,776,36,6167,11876,4149,3764,909,0,0,2655,794,8,4,4,8
118,7,moe,694,40,10021,28180,8004,4789,1651,0,0,4423,651,8,2,6,8
118,8,moe,740,36,4351,8629,3330,2345,881,0,0,2205,650,8,5,3,8
118,9,moe,821,40,9042,5731,5646,3855,4227,0,0,4686,895,8,4,4,8
118,10,moe,769,43,9234,23058,7887,2414,2061,0,0,3128,777,8,5,3,8
118,11,moe,933,43,3698,7517,2847,2378,164,0,0,1691,855,8,5,3,8
118,12,moe,852,40,3092,5046,2067,1940,159,0,0,1074,881,8,6,2,8
118,13,moe,922,106,5987,14219,5440,855,273,1,0,582,2161,8,7,1,8
118,14,moe,810,85,4774,9644,3611,3271,266,0,0,2374,811,8,4,4,8
118,15,moe,880,48,8683,16878,5419,4764,2130,0,0,3630,852,8,3,5,8
118,16,moe,859,48,9018,15696,6689,6198,487,0,0,4356,800,8,1,7,8
118,17,moe,1082,65,9060,17136,6675,5256,1962,1,0,4834,740,8,2,6,8
118,18,moe,835,42,7370,17821,5496,3763,280,0,0,2169,848,8,4,4,8
118,19,moe,773,35,6398,16399,5093,3198,229,0,0,2122,753,8,4,4,8
118,20,moe,1074,51,4892,6330,3661,2395,1255,0,0,2419,730,8,5,3,8
118,21,moe,885,40,3750,5183,2521,1905,680,0,0,1356,870,8,6,2,8
118,22,moe,905,39,3795,7238,2768,2448,263,0,0,1684,1203,8,5,3,8
118,23,moe,765,37,8238,10337,4951,4879,2065,0,0,3657,840,8,3,5,8
118,24,moe,819,47,4751,7605,3248,2785,797,1,0,2080,845,8,5,3,8
118,25,moe,9090,42,5410,5358,3802,2824,1541,0,0,2757,932,8,5,3,8
118,26,moe,810,38,4251,2948,2720,2730,793,0,0,1992,863,8,5,3,8
118,-1,epi,0,0,0,0,0,0,0,0,6974,0,0,0,0,0,0
119,-2,pre,157,0,0,0,0,0,0,0,0,0,0,0,0,0,0
119,0,dense,1682,44,0,0,0,0,0,0,0,0,0,0,0,0,0
119,1,moe,884,37,6029,10902,3757,3741,1164,0,0,2633,783,8,4,4,8
119,2,moe,713,39,8279,14866,5861,4702,908,0,0,3192,764,8,3,5,8
119,3,moe,710,35,6626,5379,4430,3773,2084,0,0,3661,788,8,4,4,8
119,4,moe,767,37,3503,4615,2564,1786,648,0,0,1495,724,8,6,2,8
119,5,moe,908,39,4770,5215,3520,2410,1543,0,0,2703,742,8,5,3,8
119,6,moe,830,40,2052,2296,1411,1043,74,0,0,476,732,8,7,1,8
119,7,moe,652,38,3608,1658,2373,2556,708,0,0,2029,1100,8,5,3,8
119,8,moe,679,40,2990,5924,2430,1603,183,0,0,1226,720,8,6,2,8
119,9,moe,879,116,5340,5363,3390,2897,1336,0,0,2283,778,8,5,3,8
119,10,moe,757,38,11426,16916,8427,5719,3522,0,0,6242,656,8,1,7,8
119,11,moe,694,41,6782,14543,5097,4844,363,0,0,3522,664,8,2,6,8
119,12,moe,692,44,4436,5533,2894,3085,220,1,0,1764,820,8,5,3,8
119,13,moe,849,37,3780,2919,2548,2435,686,0,0,1889,603,8,5,3,8
119,14,moe,756,89,7236,5080,5725,3170,3141,0,0,4800,570,8,4,4,8
119,15,moe,608,37,6268,12592,4238,3897,1117,0,0,2984,769,8,4,4,8
119,16,moe,747,36,1845,2544,1390,831,86,0,0,462,716,8,7,1,8
119,17,moe,884,40,3021,5821,2454,1554,108,1,0,1096,654,8,6,2,8
119,18,moe,744,36,4304,8078,2764,2873,290,0,0,1623,783,8,5,3,8
119,19,moe,669,36,4960,4803,3306,2394,1521,1,0,2262,678,8,5,3,8
119,20,moe,808,114,4849,4189,3407,3937,293,0,0,2788,574,8,3,5,8
119,21,moe,726,39,3921,5091,2598,2031,746,0,0,1454,763,8,6,2,8
119,22,moe,818,38,4491,2907,3152,1615,2023,1,0,2300,1500,8,6,2,8
119,23,moe,706,38,2130,2683,1514,1019,79,0,0,482,759,8,7,1,8
119,24,moe,819,36,3538,2732,2316,2746,184,0,0,1708,774,8,5,3,8
119,25,moe,823,37,6192,6171,4199,3722,1848,0,0,3577,742,8,4,4,8
119,26,moe,616,39,4203,8204,2908,2842,197,0,0,1744,832,8,5,3,8
119,-1,epi,0,0,0,0,0,0,0,0,7189,0,0,0,0,0,0
120,-2,pre,222,0,0,0,0,0,0,0,0,0,0,0,0,0,0
120,0,dense,1415,52,0,0,0,0,0,0,0,0,0,0,0,0,0
120,1,moe,855,44,3364,5399,2328,1849,526,0,0,1339,3023,8,6,2,8
120,2,moe,774,94,7158,11063,4880,3709,2206,0,0,3637,664,8,4,4,8
120,3,moe,610,43,7725,14344,5377,4572,1967,0,0,4191,768,8,3,5,8
120,4,moe,753,43,2966,5057,2205,1657,107,0,0,1003,650,8,6,2,8
120,5,moe,823,37,5314,10020,3929,3243,817,1,0,2676,627,8,4,4,8
120,6,moe,683,41,7013,16215,4708,3754,1295,0,0,2744,793,8,4,4,8
120,7,moe,702,45,5317,5158,4250,1624,2502,0,0,3059,690,8,6,2,8
120,8,moe,739,42,6942,10388,5072,3294,2446,0,0,3870,750,8,4,4,8
120,9,moe,827,38,12,0,0,0,0,0,12,0,726,8,8,0,8
120,10,moe,776,38,4712,7791,3982,1562,625,0,0,1457,1100,8,6,2,8
120,11,moe,621,44,3947,6005,3050,2480,196,0,0,1779,652,8,5,3,8
120,12,moe,750,37,2171,2775,1513,1033,78,0,0,453,780,8,7,1,8
120,13,moe,828,38,6115,10495,4496,3222,1690,0,0,3293,723,8,4,4,8
120,14,moe,746,37,1571,469,1095,797,587,0,0,908,645,8,7,1,8
120,15,moe,690,34,5131,5402,3186,3849,243,0,0,2147,1436,8,4,4,8
120,16,moe,921,40,7163,6015,4931,3988,2254,0,0,4010,864,8,3,5,8
120,17,moe,824,40,3528,3339,2530,2310,661,1,0,1974,645,8,5,3,8
120,18,moe,747,36,8767,14263,5522,6693,544,1,0,3993,680,8,1,7,8
120,19,moe,614,36,4928,7395,3522,3159,726,0,0,2479,1158,8,4,4,8
120,20,moe,787,39,3106,3182,2261,2326,157,0,0,1638,657,8,5,3,8
120,21,moe,830,37,3001,1155,1739,1912,718,0,0,1368,775,8,6,2,8
120,22,moe,829,37,13156,23907,10981,4719,3432,0,0,5976,667,8,2,6,8
120,23,moe,685,46,5637,8241,3575,3770,713,0,0,2421,787,8,4,4,8
120,24,moe,851,42,5791,3197,3481,3819,1438,0,0,2947,691,8,4,4,8
120,25,moe,721,44,9253,10427,7037,3577,2635,0,0,3996,1284,8,4,4,8
120,26,moe,703,41,3505,2777,2259,2729,198,0,0,1681,735,8,5,3,8
120,-1,epi,0,0,0,0,0,0,0,0,6014,0,0,0,0,0,0
121,-2,pre,160,0,0,0,0,0,0,0,0,0,0,0,0,0,0
121,0,dense,1523,42,0,0,0,0,0,0,0,0,0,0,0,0,0
121,1,moe,855,42,9145,9232,5947,5680,2516,1,0,4999,1810,8,2,6,8
121,2,moe,750,41,11677,19866,8559,4546,6072,0,0,7500,815,8,3,5,8
121,3,moe,694,42,11884,16415,7839,7539,2827,0,0,6321,684,8,0,8,8
121,4,moe,682,40,4222,3280,2869,3357,236,0,0,2240,1912,8,4,4,8
121,5,moe,913,112,3411,2655,2498,1559,1078,1,0,1725,729,8,6,2,8
121,6,moe,815,38,5344,11001,3665,2860,1005,0,0,2186,765,8,5,3,8
121,7,moe,705,35,4799,5077,3352,3214,696,0,0,2463,1377,8,4,4,8
121,8,moe,790,38,4518,8147,3336,3213,258,0,0,2289,752,8,4,4,8
121,9,moe,860,37,5171,5414,3296,2820,1306,0,0,2251,2482,8,5,3,8
121,10,moe,769,38,6526,5207,4439,3981,1660,0,0,3554,649,8,3,5,8
121,11,moe,716,38,10249,8723,7729,5498,3759,0,0,6737,650,8,1,7,8
121,12,moe,743,39,7091,11010,4317,4749,876,0,0,2851,2950,8,3,5,8
121,13,moe,822,92,3759,4841,2722,2433,204,0,0,1600,664,8,5,3,8
121,14,moe,681,38,7610,19521,6062,3962,1555,0,0,3969,722,8,3,5,8
121,15,moe,685,42,9863,9614,6301,5525,3081,1,0,5045,835,8,2,6,8
121,16,moe,1086,40,7561,6095,5294,5623,863,0,0,4219,677,8,1,7,8
121,17,moe,724,39,4466,5316,3356,3302,237,0,0,2429,651,8,4,4,8
121,18,moe,746,37,6202,11465,3952,4777,324,0,0,2851,772,8,3,5,8
121,19,moe,693,36,6362,8101,4397,4922,336,0,0,3293,574,8,2,6,8
121,20,moe,676,38,5810,5020,4156,4698,329,0,0,3373,645,8,2,6,8
121,21,moe,816,36,6864,8973,4313,4841,916,0,0,3206,726,8,3,5,8
121,22,moe,793,34,8471,9281,6120,5505,1534,0,0,4688,647,8,1,7,8
121,23,moe,683,45,7526,8865,4738,5825,598,1,0,3636,1267,8,2,6,8
121,24,moe,724,39,9385,8764,5926,6496,1938,0,0,4975,770,8,1,7,8
121,25,moe,820,39,9541,6365,5318,6612,2148,0,0,4537,802,8,1,7,8
121,26,moe,716,39,4640,3599,2965,3598,255,0,0,2178,834,8,4,4,8
121,-1,epi,0,0,0,0,0,0,0,0,6131,0,0,0,0,0,0
122,-2,pre,234,0,0,0,0,0,0,0,0,0,0,0,0,0,0
122,0,dense,1513,53,0,0,0,0,0,0,0,0,0,0,0,0,0
122,1,moe,851,51,9481,11447,6245,4593,3671,0,0,5028,663,8,3,5,8
122,2,moe,680,40,2984,2788,2108,1907,120,0,0,1151,797,8,6,2,8
122,3,moe,754,59,9016,11790,6364,4653,3206,0,0,5207,769,8,3,5,8
122,4,moe,805,38,6783,13605,5103,3963,629,0,0,2912,598,8,3,5,8
122,5,moe,728,39,2536,3261,1938,1651,112,0,0,1165,621,8,6,2,8
122,6,moe,712,37,1316,510,721,1001,59,0,0,465,809,8,7,1,8
122,7,moe,692,34,3977,7032,2941,2417,392,0,0,1773,642,8,5,3,8
122,8,moe,743,39,1596,2350,1309,775,50,0,0,538,2457,8,7,1,8
122,9,moe,823,35,3802,5203,2604,1891,715,0,0,1408,822,8,6,2,8
122,10,moe,747,34,6089,11522,4904,2425,776,0,0,2016,655,8,5,3,8
122,11,moe,691,35,4366,7670,3240,3099,252,0,0,2225,649,8,4,4,8
122,12,moe,743,38,10,0,0,0,0,0,10,0,2245,8,8,0,8
122,13,moe,821,38,2740,2289,1899,773,1122,0,0,1054,703,8,7,1,8
122,14,moe,752,36,5719,10006,4614,2327,1774,0,0,2996,651,8,5,3,8
122,15,moe,686,34,4133,5688,2898,1914,1115,0,0,1794,766,8,6,2,8
122,16,moe,743,38,1726,2159,1287,860,50,0,0,471,643,8,7,1,8
122,17,moe,818,36,5066,5928,3749,3190,901,0,0,2774,705,8,4,4,8
122,18,moe,750,37,3601,6935,2570,1929,126,0,0,1024,772,8,6,2,8
122,19,moe,694,38,3694,4796,2729,2362,152,0,0,1549,647,8,5,3,8
122,20,moe,745,37,4291,7445,3173,3128,230,0,0,2240,655,8,4,4,8
122,21,moe,821,37,5341,5738,3286,3728,843,0,0,2516,783,8,4,4,8
122,22,moe,828,38,7727,12892,5674,4789,1295,0,0,4031,598,8,2,6,8
122,23,moe,613,35,3956,2463,2196,2007,1176,0,0,1423,933,8,6,2,8
122,24,moe,804,38,8165,11758,5285,5572,1304,0,0,3996,720,8,2,6,8
122,25,moe,725,43,6243,10990,4163,4648,334,0,0,2902,808,8,3,5,8
122,26,moe,698,37,4991,7997,3287,3708,270,0,0,2274,1216,8,4,4,8
122,-1,epi,0,0,0,0,0,0,0,0,4997,0,0,0,0,0,0
123,-2,pre,227,0,0,0,0,0,0,0,0,0,0,0,0,0,0
123,0,dense,1522,45,0,0,0,0,0,0,0,0,0,0,0,0,0
123,1,moe,863,40,3829,5206,2690,1847,876,0,0,1584,820,8,6,2,8
123,2,moe,770,32,10133,23021,7616,4641,1718,0,0,3842,738,8,3,5,8
123,3,moe,655,33,4901,5719,3154,3770,254,0,0,2277,670,8,4,4,8
123,4,moe,681,33,4817,5243,3484,2430,1503,0,0,2600,651,8,5,3,8
123,5,moe,820,32,5179,7733,4074,2298,1269,0,0,2462,653,8,5,3,8
123,6,moe,745,31,2947,2660,1923,1900,128,0,0,1004,1501,8,6,2,8
123,7,moe,740,34,7934,23386,6620,3167,407,0,0,2260,651,8,4,4,8
123,8,moe,743,36,1759,2637,1463,772,75,0,0,551,664,8,7,1,8
123,9,moe,822,36,10,0,0,0,0,0,10,0,1307,8,8,0,8
123,10,moe,747,35,2960,4908,2346,1564,295,0,0,1245,650,8,6,2,8
123,11,moe,694,32,6370,12414,4768,3883,956,1,0,3238,664,8,3,5,8
123,12,moe,756,36,5058,8080,3386,2807,808,0,0,1943,842,8,5,3,8
123,13,moe,833,43,4446,7127,3145,2485,767,0,0,1951,682,8,5,3,8
123,14,moe,735,121,1701,2353,1386,855,68,0,0,608,827,8,7,1,8
123,15,moe,691,59,4404,6665,3013,1942,1258,0,0,1809,1018,8,6,2,8
123,16,moe,795,64,2696,2852,1976,1602,111,0,0,993,582,8,6,2,8
123,17,moe,742,40,4347,4825,3209,3237,231,1,0,2331,674,8,4,4,8
123,18,moe,757,38,3159,5353,2160,1886,123,0,0,1010,1396,8,6,2,8
123,19,moe,693,35,2435,2922,1731,1604,106,0,0,1006,650,8,6,2,8
123,20,moe,752,38,3645,7868,2762,2373,179,0,0,1669,578,8,5,3,8
123,21,moe,738,42,2165,2847,1538,1061,60,1,0,495,665,8,7,1,8
123,22,moe,822,39,4219,6503,3184,1601,1091,0,0,1657,574,8,6,2,8
123,23,moe,594,34,4754,5549,3093,2923,736,0,0,1998,819,8,5,3,8
123,24,moe,848,43,4768,8601,3305,2730,921,0,0,2188,778,8,5,3,8
123,25,moe,834,37,5254,11187,3616,3600,260,0,0,2222,705,8,4,4,8
123,26,moe,8428,36,6833,12494,4470,4638,927,0,0,3202,677,8,3,5,8
123,-1,epi,0,0,0,0,0,0,0,0,5131,0,0,0,0,0,0
124,-2,pre,76,0,0,0,0,0,0,0,0,0,0,0,0,0,0
124,0,dense,1520,46,0,0,0,0,0,0,0,0,0,0,0,0,0
124,1,moe,847,38,5557,4000,3745,2874,1516,0,0,2578,776,8,5,3,8
124,2,moe,761,36,6879,7866,4463,4593,1339,0,0,3516,779,8,3,5,8
124,3,moe,699,35,7249,13650,4789,4819,971,0,0,3330,1329,8,3,5,8
124,4,moe,686,38,3014,5163,2285,1631,102,0,0,1004,1172,8,6,2,8
124,5,moe,825,37,3643,7498,2800,2327,320,0,0,1804,714,8,5,3,8
124,6,moe,762,40,3477,5247,2368,1926,305,0,0,1122,772,8,6,2,8
124,7,moe,696,34,2475,3087,1772,1609,116,0,0,1022,651,8,6,2,8
124,8,moe,755,34,3890,5334,2892,2315,638,0,0,1955,661,8,5,3,8
124,9,moe,833,42,4374,8511,2917,2828,222,0,0,1593,795,8,5,3,8
124,10,moe,684,40,5152,7317,3889,2473,1026,0,0,2236,1183,8,5,3,8
124,11,moe,691,39,4051,3084,2877,3113,393,0,0,2332,653,8,4,4,8
124,12,moe,751,35,4376,6119,2927,2847,207,0,0,1605,826,8,5,3,8
124,13,moe,822,39,4173,7627,3011,2401,590,0,0,1829,1979,8,5,3,8
124,14,moe,727,38,4255,8933,3278,2417,731,0,0,2171,1729,8,5,3,8
124,15,moe,699,40,4981,9963,3331,2873,851,0,0,2074,824,8,5,3,8
124,16,moe,758,41,4797,5438,3369,3212,691,0,0,2475,1087,8,4,4,8
124,17,moe,821,36,4573,7468,3439,3164,225,0,0,2255,665,8,4,4,8
124,18,moe,748,36,7350,15342,4771,4635,1462,0,0,3518,777,8,3,5,8
124,19,moe,691,34,4551,7653,3192,3322,241,0,0,2204,579,8,4,4,8
124,20,moe,675,38,4536,9801,3435,3123,229,0,0,2251,663,8,4,4,8
124,21,moe,841,37,3042,2888,1968,1872,315,0,0,1113,1330,8,6,2,8
124,22,moe,872,41,2813,4925,2111,1611,104,0,0,1013,704,8,6,2,8
124,23,moe,697,34,7119,15706,4894,4886,314,0,0,2975,784,8,3,5,8
124,24,moe,827,44,5268,8975,3570,3653,488,0,0,2443,730,8,4,4,8
124,25,moe,726,38,5538,10797,3997,2847,1090,0,0,2396,776,8,5,3,8
124,26,moe,698,35,6390,10798,4341,4705,357,0,0,3013,702,8,3,5,8
124,-1,epi,0,0,0,0,0,0,0,0,4756,0,0,0,0,0,0
125,-2,pre,208,0,0,0,0,0,0,0,0,0,0,0,0,0,0
125,0,dense,5357,39,0,0,0,0,0,0,0,0,0,0,0,0,0
125,1,moe,7540,39,6119,10360,4016,3603,1496,0,0,2996,1665,8,4,4,8
125,2,moe,7537,39,7452,13018,4942,4621,1375,0,0,3486,1827,8,3,5,8
125,3,moe,10557,37,2637,3009,1808,1787,118,0,0,1076,780,8,6,2,8
125,4,moe,8169,40,5833,7410,4205,3153,1426,0,0,2951,1605,8,4,4,8
125,5,moe,4049,40,5635,10408,4459,2320,2201,1,0,3346,1152,8,5,3,8
125,6,moe,4187,42,1819,2363,1201,1036,69,0,0,487,1324,8,7,1,8
125,7,moe,16429,40,4853,7056,3629,2392,808,0,0,1976,694,8,5,3,8
125,8,moe,3058,39,6327,9901,4938,3127,2138,0,0,3876,1637,8,4,4,8
125,9,moe,6412,38,3936,3026,2490,1888,1163,0,0,1605,763,8,6,2,8
125,10,moe,910,40,3943,8006,2871,2486,183,0,0,1597,667,8,5,3,8
125,11,moe,726,44,3905,4955,2982,2349,393,0,0,1819,730,8,5,3,8
125,12,moe,756,43,3772,5029,2520,1906,697,0,0,1351,1430,8,6,2,8
125,13,moe,843,41,6188,5606,4930,2467,2531,0,0,3740,1200,8,5,3,8
125,14,moe,925,39,5457,4777,3515,3183,1488,0,0,2729,728,8,4,4,8
125,15,moe,939,37,3243,2593,2052,1909,389,0,0,1107,833,8,6,2,8
125,16,moe,787,39,3243,2831,2235,2373,186,0,0,1551,776,8,5,3,8
125,17,moe,1325,43,6129,5114,4679,3235,2080,1,0,3866,654,8,4,4,8
125,18,moe,753,38,6458,10916,4150,4641,346,0,0,2679,996,8,3,5,8
125,19,moe,751,40,3507,2555,2441,1599,1083,0,0,1616,1141,8,6,2,8
125,20,moe,764,39,3976,3464,2865,3090,233,0,0,2212,650,8,4,4,8
125,21,moe,819,37,4234,5411,2818,2799,180,0,0,1563,770,8,5,3,8
125,22,moe,818,39,6366,14205,5243,2379,508,0,0,1764,642,8,5,3,8
125,23,moe,685,35,4130,5242,2636,2861,412,0,0,1779,767,8,5,3,8
125,24,moe,823,35,6751,10791,5071,3668,273,1,0,2262,835,8,4,4,8
125,25,moe,836,38,4478,3427,2843,3600,242,0,0,2207,1280,8,4,4,8
125,26,moe,703,40,2371,1583,1505,1800,159,0,0,1093,771,8,6,2,8
125,-1,epi,0,0,0,0,0,0,0,0,6219,0,0,0,0,0,0
126,-2,pre,204,0,0,0,0,0,0,0,0,0,0,0,0,0,0
126,0,dense,1543,40,0,0,0,0,0,0,0,0,0,0,0,0,0
126,1,moe,860,37,10020,21777,6928,5771,2450,0,0,5129,696,8,2,6,8
126,2,moe,681,40,4848,5446,3604,1841,1844,0,0,2441,770,8,6,2,8
126,3,moe,693,39,7118,12046,4627,4689,1172,0,0,3370,677,8,3,5,8
126,4,moe,772,38,9261,27628,7901,3445,504,0,0,2589,644,8,4,4,8
126,5,moe,821,44,4690,8603,3543,3122,357,0,0,2332,811,8,4,4,8
126,6,moe,747,42,1977,2580,1356,1021,66,0,0,466,782,8,7,1,8
126,7,moe,733,62,4906,6011,3562,3149,429,0,0,2234,650,8,4,4,8
126,8,moe,3229,37,4406,8528,3537,2339,198,0,0,1668,1076,8,5,3,8
126,9,moe,1878,39,12,0,0,0,0,0,12,0,807,8,8,0,8
126,10,moe,4315,38,4713,11946,3973,1551,1434,0,0,2245,691,8,6,2,8
126,11,moe,9700,41,5188,7378,3848,3243,880,0,0,2783,700,8,4,4,8
126,12,moe,4395,41,3506,3220,2254,1897,682,0,0,1327,1320,8,6,2,8
126,13,moe,10178,42,1924,2377,1435,852,202,0,0,565,638,8,7,1,8
126,14,moe,4682,40,3595,7127,2741,2345,217,0,0,1708,645,8,5,3,8
126,15,moe,16042,38,11963,16987,7258,4686,5630,0,0,5611,865,8,3,5,8
126,16,moe,7638,42,10203,10732,5775,3170,5698,0,0,4440,771,8,4,4,8
126,17,moe,9328,39,4586,9677,3397,3093,448,0,0,2352,676,8,4,4,8
126,18,moe,932,39,6818,8144,4331,4635,890,0,0,3038,3241,8,3,5,8
126,19,moe,9269,39,5613,8869,4164,3165,1193,0,0,2909,640,8,4,4,8
126,20,moe,739,37,6523,10285,4699,3110,2260,0,0,3546,704,8,4,4,8
126,21,moe,836,101,14765,30773,12637,3707,824,0,0,2403,856,8,4,4,8
126,22,moe,817,45,3987,7408,2996,2472,163,0,0,1644,635,8,5,3,8
126,23,moe,681,33,10951,30921,8933,3782,809,0,0,2573,763,8,4,4,8
126,24,moe,806,40,7351,13931,5075,4543,1099,0,0,3366,766,8,3,5,8
126,25,moe,815,36,6252,11785,4007,4546,711,0,0,3012,774,8,3,5,8
126,26,moe,684,37,8376,21405,5750,5556,676,0,0,3606,776,8,2,6,8
126,-1,epi,0,0,0,0,0,0,0,0,6104,0,0,0,0,0,0
127,-2,pre,45,0,0,0,0,0,0,0,0,0,0,0,0,0,0
127,0,dense,1542,43,0,0,0,0,0,0,0,0,0,0,0,0,0
127,1,moe,838,39,10667,26752,8065,5431,660,0,0,3489,823,8,2,6,8
127,2,moe,795,92,13138,17165,8312,5428,5689,0,0,6291,796,8,2,6,8
127,3,moe,715,61,7064,7294,4705,3766,1947,0,0,3354,822,8,4,4,8
127,4,moe,747,39,13255,12526,10824,3928,7675,0,0,9172,637,8,3,5,8
127,5,moe,813,38,2453,1060,1716,1552,628,0,0,1443,645,8,6,2,8
127,6,moe,749,40,1836,2447,1231,1034,89,0,0,518,816,8,7,1,8
127,7,moe,692,34,5009,4860,3571,1627,2182,0,0,2371,1928,8,6,2,8
127,8,moe,739,37,7117,7752,5494,3101,2951,0,0,4429,645,8,4,4,8
127,9,moe,816,38,2104,2360,1459,1037,74,0,0,466,811,8,7,1,8
127,10,moe,738,36,7188,16318,6022,2405,647,0,0,1886,684,8,5,3,8
127,11,moe,677,34,3406,2530,2510,1541,1086,0,0,1731,641,8,6,2,8
127,12,moe,739,38,4137,2818,2560,1900,1310,0,0,1633,772,8,6,2,8
127,13,moe,848,46,3296,2882,2323,1602,827,0,0,1456,654,8,6,2,8
127,14,moe,740,37,8038,9861,5576,3856,3086,0,0,4480,1822,8,3,5,8
127,15,moe,682,36,7396,3325,3582,2942,3550,1,0,2679,908,8,5,3,8
127,16,moe,738,46,7336,2566,4977,2465,4097,0,0,4203,2204,8,5,3,8
127,17,moe,812,40,3618,4834,2751,2435,193,0,0,1761,651,8,5,3,8
127,18,moe,7854,40,7246,10139,4754,4683,1312,0,0,3503,774,8,3,5,8
127,19,moe,1339,38,5048,5027,3492,3203,1026,1,0,2674,809,8,4,4,8
127,20,moe,4463,37,4482,6858,3313,3096,374,0,0,2301,1097,8,4,4,8
127,21,moe,6108,39,5903,5632,3657,4776,332,0,0,2862,768,8,3,5,8
127,22,moe,7326,44,3795,7340,2737,2450,166,0,0,1558,645,8,5,3,8
127,23,moe,685,38,6154,12906,4286,2820,2163,1,0,3116,1368,8,5,3,8
127,24,moe,818,36,14031,21204,11219,5425,1958,0,0,4571,761,8,2,6,8
127,25,moe,821,42,6456,13014,4313,4645,655,0,0,3157,766,8,3,5,8
127,26,moe,4775,37,11585,29487,8384,5568,3302,0,0,5669,770,8,2,6,8
127,-1,epi,0,0,0,0,0,0,0,0,6042,0,0,0,0,0,0
128,-2,pre,214,0,0,0,0,0,0,0,0,0,0,0,0,0,0
128,0,dense,1496,41,0,0,0,0,0,0,0,0,0,0,0,0,0
128,1,moe,849,38,8173,19643,6066,4553,390,0,0,2836,773,8,3,5,8
128,2,moe,743,36,4749,6057,3215,2741,1126,0,0,2333,766,8,5,3,8
128,3,moe,687,36,6436,17978,5600,1788,136,0,0,1088,758,8,6,2,8
128,4,moe,743,37,4241,7140,3097,2376,680,0,0,1912,1097,8,5,3,8
128,5,moe,815,38,1525,2248,1239,776,53,0,0,543,640,8,7,1,8
128,6,moe,746,36,3765,3233,2460,1901,817,0,0,1413,814,8,6,2,8
128,7,moe,680,33,3360,2254,2318,1595,1107,0,0,1660,642,8,6,2,8
128,8,moe,742,37,4600,5301,3739,1537,1951,0,0,2627,702,8,6,2,8
128,9,moe,811,40,5509,8154,3689,2772,1266,0,0,2218,829,8,5,3,8
128,10,moe,805,37,4539,7552,3913,842,1044,0,0,1260,1573,8,7,1,8
128,11,moe,698,36,6953,7391,5419,3119,2423,0,0,4008,675,8,4,4,8
128,12,moe,743,38,3677,2946,2420,1873,832,0,0,1448,2319,8,6,2,8
128,13,moe,817,38,2866,2603,2107,1610,302,0,0,1153,698,8,6,2,8
128,14,moe,748,39,6708,7455,4929,3117,2463,0,0,3801,646,8,4,4,8
128,15,moe,685,40,7789,16373,5338,3811,2642,0,0,4002,765,8,4,4,8
128,16,moe,744,38,7639,8491,5697,3190,3412,0,0,4660,648,8,4,4,8
128,17,moe,817,40,7115,15776,5440,3880,2045,0,0,4250,802,8,3,5,8
128,18,moe,1194,41,3255,5403,2252,1882,130,0,0,1009,2466,8,6,2,8
128,19,moe,695,39,3408,3147,2383,2445,152,0,0,1572,642,8,5,3,8
128,20,moe,744,35,4512,10660,3922,1572,148,0,0,1130,649,8,6,2,8
128,21,moe,2554,38,2419,2256,1646,980,562,0,0,769,760,8,7,1,8
128,22,moe,823,47,2904,4834,2198,1613,118,0,0,1025,649,8,6,2,8
128,23,moe,990,34,4166,3661,2657,2778,403,0,0,1672,765,8,5,3,8
128,24,moe,823,37,2847,3384,1931,1786,349,0,0,1219,768,8,6,2,8
128,25,moe,819,38,6879,12998,4609,4513,1163,0,0,3406,787,8,3,5,8
128,26,moe,703,50,4258,5538,2960,1815,1202,0,0,1719,1380,8,6,2,8
128,-1,epi,0,0,0,0,0,0,0,0,6348,0,0,0,0,0,0
129,-2,pre,285,0,0,0,0,0,0,0,0,0,0,0,0,0,0
129,0,dense,1528,36,0,0,0,0,0,0,0,0,0,0,0,0,0
129,1,moe,857,254,5285,12035,3957,2701,391,0,0,1764,771,8,5,3,8
129,2,moe,763,35,9557,13870,6684,5475,1452,0,0,4054,774,8,2,6,8
129,3,moe,690,35,4392,8644,3164,2777,184,0,0,1733,1231,8,5,3,8
129,4,moe,748,38,11708,36334,10383,2449,2370,0,0,3494,640,8,5,3,8
129,5,moe,813,39,5676,4876,4149,1582,3047,0,0,3102,643,8,6,2,8
129,6,moe,740,38,2649,2641,1805,1007,632,0,0,795,1945,8,7,1,8
129,7,moe,704,51,7097,7386,5281,3197,2853,0,0,4234,644,8,4,4,8
129,8,moe,742,37,4889,10745,4142,1554,1208,1,0,2016,637,8,6,2,8
129,9,moe,851,38,9203,12939,6363,3727,3733,0,0,4620,761,8,4,4,8
129,10,moe,750,39,10902,7602,7435,3162,6532,0,0,6227,694,8,4,4,8
129,11,moe,695,55,3970,4640,2921,2323,711,0,0,1985,683,8,5,3,8
129,12,moe,758,44,8944,8132,6023,2797,4776,0,0,4652,806,8,5,3,8
129,13,moe,834,37,6497,10325,4741,3222,2056,0,0,3522,660,8,4,4,8
129,14,moe,740,36,2929,4741,2311,1542,281,0,0,1205,2258,8,6,2,8
129,15,moe,721,55,9037,13064,6056,4628,3217,0,0,4864,758,8,3,5,8
129,16,moe,746,43,5833,6416,4061,3218,1698,0,0,3144,642,8,4,4,8
129,17,moe,817,37,3770,3028,2708,2366,819,0,0,2123,1625,8,5,3,8
129,18,moe,754,36,6692,10803,4446,4801,340,0,0,2895,930,8,3,5,8
129,19,moe,859,35,4970,9970,3634,3242,468,0,0,2374,755,8,4,4,8
129,20,moe,871,37,7087,8435,5235,4690,1150,0,0,3988,662,8,2,6,8
129,21,moe,813,36,9530,8201,5893,3715,4574,0,0,4652,794,8,4,4,8
129,22,moe,811,37,6420,13085,4856,4049,279,0,0,2764,649,8,3,5,8
129,23,moe,682,39,6876,12192,4771,2878,1183,0,0,1956,780,8,5,3,8
129,24,moe,808,38,5129,11778,3489,3637,262,0,0,2259,772,8,4,4,8
129,25,moe,816,37,7827,16287,5308,5657,473,0,0,3611,808,8,2,6,8
129,26,moe,731,34,8270,14215,5393,4635,2280,0,0,4038,1371,8,3,5,8
129,-1,epi,0,0,0,0,0,0,0,0,6209,0,0,0,0,0,0
130,-2,pre,98,0,0,0,0,0,0,0,0,0,0,0,0,0,0
130,0,dense,1536,47,0,0,0,0,0,0,0,0,0,0,0,0,0
130,1,moe,862,39,3883,5753,2618,2765,183,0,0,1683,805,8,5,3,8
130,2,moe,737,36,6168,11877,4279,3634,911,0,0,2656,802,8,4,4,8
130,3,moe,706,35,7603,11972,5240,3581,2388,1,0,3607,805,8,4,4,8
130,4,moe,775,38,8113,19377,6185,4076,1694,0,0,3842,617,8,3,5,8
130,5,moe,794,39,5456,7113,4275,2301,1793,0,0,2913,649,8,5,3,8
130,6,moe,751,36,2282,2493,1558,1047,245,0,0,568,1361,8,7,1,8
130,7,moe,706,51,1891,2698,1414,853,54,0,0,430,2144,8,7,1,8
130,8,moe,748,36,4306,5162,3575,1544,1659,0,0,2472,1157,8,6,2,8
130,9,moe,833,38,6829,8380,4877,2812,2676,0,0,3536,791,8,5,3,8
130,10,moe,770,40,4703,8186,3448,2362,1129,0,0,2236,654,8,5,3,8
130,11,moe,693,34,6154,8381,4845,2299,1583,0,0,2573,650,8,5,3,8
130,12,moe,752,36,7319,8277,5010,2857,3158,0,0,3706,1344,8,5,3,8
130,13,moe,815,41,2245,2268,1629,852,554,0,0,790,1127,8,7,1,8
130,14,moe,742,35,6364,12059,5131,2319,1835,0,0,2921,1171,8,5,3,8
130,15,moe,685,35,5618,7929,3559,3745,831,0,0,2517,771,8,4,4,8
130,16,moe,742,37,5548,7979,4208,2413,1690,0,0,2763,1582,8,5,3,8
130,17,moe,818,39,2484,2625,1907,1546,110,0,0,1079,1080,8,6,2,8
130,18,moe,743,34,7124,9128,5428,2851,2587,0,0,3742,811,8,5,3,8
130,19,moe,690,36,7610,10016,5494,4791,1235,0,0,3910,655,8,2,6,8
130,20,moe,1104,41,6798,10737,5107,3868,1330,0,0,3507,761,8,3,5,8
130,21,moe,1270,42,6147,16026,4703,2874,219,0,0,1649,819,8,5,3,8
130,22,moe,833,36,4576,5297,3287,3217,215,1,0,2144,649,8,4,4,8
130,23,moe,682,36,4476,5227,2843,2790,750,0,0,1907,768,8,5,3,8
130,24,moe,824,45,5061,8779,3404,3608,281,0,0,2232,771,8,4,4,8
130,25,moe,833,38,7096,17402,5014,4544,363,0,0,2825,775,8,3,5,8
130,26,moe,696,36,7794,8668,5119,3606,3157,0,0,4088,1392,8,4,4,8
130,-1,epi,0,0,0,0,0,0,0,0,6191,0,0,0,0,0,0
