step,il,kind,route_us,readback_us,load_wall_us,pread_us,pread_wall_us,repack_us,placement_us,sync_us,load_other_us,load_hidden_us,compute_us,lookups,hits,misses,n_slots
0,-2,pre,2483,0,0,0,0,0,0,0,0,0,0,0,0,0,0
0,0,dense,6207,129,0,0,0,0,0,0,0,0,0,0,0,0,0
0,1,moe,8209,128,51339,26143,26143,24979,0,0,217,0,1254,0,0,0,16
0,2,moe,4206,52,37199,17988,17989,14691,4328,0,191,0,1307,16,0,16,16
0,3,moe,9324,56,49944,21780,21780,24084,3934,0,146,0,1277,15,0,15,15
0,4,moe,8960,56,39019,18858,18858,16124,3863,0,174,0,1091,16,0,16,16
0,5,moe,7960,54,40610,20249,20249,16166,4061,0,134,0,1141,16,0,16,16
0,6,moe,3977,55,52727,22591,22591,25726,4247,0,163,0,1282,16,0,16,16
0,7,moe,14012,52,38825,19715,19715,15297,3657,0,156,0,1084,15,0,15,15
0,8,moe,7938,52,46812,20774,20776,21999,3896,0,141,0,1096,16,0,16,16
0,9,moe,8192,55,43497,21059,21060,18156,4105,0,176,0,1266,15,0,15,15
0,10,moe,8158,107,39838,19644,19644,16117,3866,0,211,0,1109,16,0,16,16
0,11,moe,9461,51,43510,19108,19108,20667,3607,0,128,0,1084,15,0,15,15
0,12,moe,7727,52,42737,23640,23642,14468,4458,0,169,0,1641,16,0,16,16
0,13,moe,5572,55,45613,20983,20983,20766,3688,0,176,0,1096,15,0,15,15
0,14,moe,8688,55,39650,19542,19544,16040,3938,0,128,0,1095,16,0,16,16
0,15,moe,12694,55,42594,20933,20934,17207,4264,0,189,0,1298,15,0,15,15
0,16,moe,5171,52,41097,21078,21078,16059,3793,1,166,0,1097,16,0,16,16
0,17,moe,10505,56,40443,20374,20374,15989,3944,0,136,0,1089,16,0,16,16
0,18,moe,9074,54,43166,21666,21666,17295,4050,0,155,0,1271,15,0,15,15
0,19,moe,12179,52,30568,10482,10484,16112,3809,1,162,0,1124,16,0,16,16
0,20,moe,1365,43,31742,8083,8083,19784,3745,0,130,0,1098,16,0,16,16
0,21,moe,1299,39,25215,6199,6201,14362,4467,0,185,0,1340,16,0,16,16
0,22,moe,1294,38,22380,4447,4447,13835,3899,0,199,0,1090,16,0,16,16
0,23,moe,803,37,28100,4839,4839,18786,4330,0,145,0,1283,15,0,15,15
0,24,moe,1301,44,25279,5233,5234,15468,4434,0,143,0,1320,16,0,16,16
0,25,moe,1293,39,32926,5174,5174,23495,4121,0,136,0,1305,16,0,16,16
0,26,moe,801,38,14519,2629,2630,9563,2226,0,100,0,724,8,0,8,8
0,-1,epi,0,0,0,0,0,0,0,0,5263,0,0,0,0,0,0
1,-2,pre,49,0,0,0,0,0,0,0,0,0,0,0,0,0,0
1,0,dense,2353,39,0,0,0,0,0,0,0,0,0,0,0,0,0
1,1,moe,1252,35,27336,12937,12939,10712,3578,0,107,0,1256,12,0,12,12
1,2,moe,1119,41,34372,19033,19035,11592,3623,0,122,0,1271,13,0,13,13
1,3,moe,667,44,34460,19010,19011,11560,3772,1,116,0,1260,14,1,13,14
1,4,moe,1105,45,33153,18861,18862,10784,3351,0,156,0,1089,15,1,14,15
1,5,moe,1224,42,29537,17068,17068,9343,3022,0,104,0,1125,14,2,12,14
1,6,moe,1130,43,31592,17529,17529,10804,3109,0,150,0,1292,14,2,12,14
1,7,moe,667,42,37584,21164,21165,12310,3945,0,164,0,1121,16,0,16,16
1,8,moe,1099,43,28273,16280,16280,9165,2716,0,112,0,1099,13,1,12,13
1,9,moe,1216,42,33352,18190,18191,11671,3314,1,175,0,1274,15,2,13,15
1,10,moe,1097,37,27676,15381,15381,9283,2884,0,128,0,1082,15,3,12,15
1,11,moe,672,37,33026,18376,18379,10737,3786,0,124,0,1101,15,1,14,15
1,12,moe,1100,42,39198,21752,21753,12585,4691,0,169,0,1312,16,2,14,16
1,13,moe,1249,45,30728,17416,17416,9971,3161,1,179,0,1079,14,1,13,14
1,14,moe,1094,38,33303,18584,18584,10844,3732,0,143,0,1375,16,2,14,16
1,15,moe,733,42,33587,18308,18308,11634,3497,0,148,0,1318,15,2,13,15
1,16,moe,1127,44,33366,18536,18538,10796,3841,0,191,0,1123,16,2,14,16
1,17,moe,1218,41,31177,17473,17473,9955,3635,0,114,0,1093,14,1,13,14
1,18,moe,1897,37,40546,22156,22157,13476,4752,0,161,0,1313,15,0,15,15
1,19,moe,2564,35,32635,17767,17767,10797,3916,0,155,0,1114,15,1,14,15
1,20,moe,1465,47,33236,18485,18485,10733,3892,0,126,0,1103,15,1,14,15
1,21,moe,1228,40,26102,13715,13715,9022,3220,0,145,0,1269,15,5,10,15
1,22,moe,1218,41,17589,5879,5881,8477,3061,0,170,0,1118,15,4,11,15
1,23,moe,666,40,22594,6519,6520,11690,4216,0,168,0,1276,16,3,13,16
1,24,moe,1233,41,17172,3875,3875,9803,3384,1,109,0,1262,14,3,11,14
1,25,moe,1226,37,21708,4604,4604,12514,4473,0,117,0,1278,16,2,14,16
1,26,moe,662,40,12358,2588,2588,7125,2568,0,77,0,731,8,0,8,8
1,-1,epi,0,0,0,0,0,0,0,0,5255,0,0,0,0,0,0
2,-2,pre,4889,0,0,0,0,0,0,0,0,0,0,0,0,0,0
2,0,dense,111005,51,0,0,0,0,0,0,0,0,0,0,0,0,0
2,1,moe,58584,161,724909,376707,376711,308927,36085,0,3186,0,161409,0,0,0,216
2,2,moe,58001,173,660522,308710,308720,322866,11677,1,17258,0,131140,0,0,0,224
2,3,moe,37058,164,566880,245151,245167,293157,26150,0,2406,0,149129,0,0,0,200
2,4,moe,57481,168,445538,212783,212791,210914,19487,1,2345,0,104139,0,0,0,185
2,5,moe,59856,174,413454,193858,193865,193406,23933,0,2250,0,109525,0,0,0,164
2,6,moe,58061,198,503236,205297,205308,266194,29555,0,2179,0,145518,0,0,0,171
2,7,moe,34757,151,370465,170375,170384,180521,17267,0,2293,0,104331,0,0,0,167
2,8,moe,58516,161,421891,190422,190431,197692,31288,1,2479,0,107637,0,0,0,179
2,9,moe,61547,170,466757,210558,210569,217025,36680,1,2482,0,139311,0,0,0,172
2,10,moe,58953,177,428281,210540,210548,185968,29190,1,2574,0,115287,0,0,0,189
2,11,moe,35828,231,425677,212748,212753,180413,30233,1,2277,0,111612,0,0,0,187
2,12,moe,59362,179,464581,215540,215549,201320,45508,0,2204,0,141570,0,0,0,178
2,13,moe,62014,172,419799,205792,205806,181742,29980,0,2271,0,110061,0,0,0,185
2,14,moe,61188,163,422884,197922,197931,198359,24352,1,2241,0,117026,0,0,0,181
2,15,moe,35857,177,516573,225868,225874,250730,37631,0,2338,0,141622,0,0,0,189
2,16,moe,61397,168,442023,210333,210340,201703,27314,0,2666,0,108638,0,0,0,190
2,17,moe,63922,165,446117,203802,203810,206699,33223,0,2385,0,110578,0,0,0,187
2,18,moe,61620,168,511948,234273,234280,241418,33925,1,2324,0,143679,0,0,0,192
2,19,moe,36165,164,490610,223943,223961,242133,22164,0,2352,0,105124,0,0,0,198
2,20,moe,67374,200,491274,214656,214669,243356,30871,1,2377,0,109490,0,0,0,192
2,21,moe,69900,162,582147,217921,217929,327669,34265,0,2284,0,139694,0,0,0,180
2,22,moe,70702,179,445021,212424,212431,195831,30346,1,6412,0,106806,0,0,0,193
2,23,moe,47625,166,501606,220228,220237,247008,31820,1,2540,0,150852,0,0,0,184
2,24,moe,70095,186,513781,227831,227836,247782,35635,0,2528,0,140022,0,0,0,193
2,25,moe,70205,167,492635,212896,212905,247503,29894,0,2333,0,140645,0,0,0,175
2,26,moe,43208,28,5,0,0,0,0,0,5,0,6,0,0,0,0
2,-1,epi,0,0,0,0,0,0,0,0,5,0,0,0,0,0,0
3,-2,pre,236,0,0,0,0,0,0,0,0,0,0,0,0,0,0
3,0,dense,12922,62,0,0,0,0,0,0,0,0,0,0,0,0,0
3,1,moe,9106,49,70834,26687,26688,30786,13141,0,219,0,4851,26,3,23,26
3,2,moe,8745,41,68022,26709,26711,28145,12965,0,201,0,3931,23,1,22,23
3,3,moe,11605,38,57896,24207,24207,21968,11541,0,180,0,3233,22,1,21,22
3,4,moe,8352,40,40757,17101,17101,15611,7849,1,195,0,2533,18,2,16,18
3,5,moe,9011,41,46345,20855,20860,16335,8981,1,168,0,2983,20,1,19,20
3,6,moe,7164,46,69922,26646,26646,30553,12468,0,255,0,3834,24,1,23,24
3,7,moe,4036,38,44665,19523,19525,19520,5418,0,202,0,2496,19,1,18,19
3,8,moe,6218,44,41699,17340,17340,12217,11994,0,148,0,2589,17,1,16,17
3,9,moe,8120,53,58258,25587,25588,23265,9159,0,246,0,3304,23,2,21,23
3,10,moe,8369,41,56010,26645,26646,20387,8714,1,262,0,2691,25,1,24,25
3,11,moe,4282,40,42847,16526,16527,14157,12013,0,150,0,3156,19,4,15,19
3,12,moe,6582,39,50409,21955,21959,19591,8644,1,214,0,3620,19,1,18,19
3,13,moe,2989,47,62219,27784,27784,25336,8849,1,249,0,1899,22,0,22,22
3,14,moe,2813,35,52729,20412,20413,24150,7974,0,192,0,1877,21,2,19,21
3,15,moe,2176,43,51586,24868,24871,18770,7724,0,221,0,2307,21,0,21,21
3,16,moe,1888,36,48378,21640,21640,19162,7335,0,241,0,1871,22,2,20,22
3,17,moe,1404,39,51175,26153,26154,17696,7112,0,213,0,1899,25,2,23,25
3,18,moe,1366,34,62587,24522,24523,30640,7194,0,230,0,4918,25,3,22,25
3,19,moe,1362,39,36465,6516,6516,23208,6498,0,243,0,1895,24,0,24,24
3,20,moe,1376,40,37238,10693,10696,21107,5246,0,189,0,1876,23,0,23,23
3,21,moe,1397,41,47063,7984,7984,30477,8387,0,215,0,2306,24,2,22,24
3,22,moe,1400,40,38795,7029,7032,24807,6722,0,234,0,2515,24,2,22,24
3,23,moe,1362,33,41695,8878,8878,23433,9153,0,231,0,2294,22,1,21,22
3,24,moe,1408,35,45876,10939,10942,27219,7516,0,199,0,2313,26,2,24,26
3,25,moe,1398,34,47160,12844,12846,30923,3201,0,190,0,2306,24,1,23,24
3,26,moe,5385,34,10167,5221,5221,3671,1225,0,50,0,4443,8,4,4,8
3,-1,epi,0,0,0,0,0,0,0,0,59409,0,0,0,0,0,0
4,-2,pre,48,0,0,0,0,0,0,0,0,0,0,0,0,0,0
4,0,dense,1381,47,0,0,0,0,0,0,0,0,0,0,0,0,0
4,1,moe,785,38,14268,5463,5463,6477,2275,0,53,0,1219,8,4,4,8
4,2,moe,723,42,5588,2601,2601,1778,1175,0,34,0,705,8,6,2,8
4,3,moe,543,37,11148,5196,5196,3570,2330,0,52,0,710,8,4,4,8
4,4,moe,709,42,7272,3396,3397,2358,1444,0,73,0,588,8,5,3,8
4,5,moe,774,33,7180,3383,3383,2286,1468,0,43,0,600,8,5,3,8
4,6,moe,2544,34,8086,3555,3555,2775,1688,1,67,0,707,8,5,3,8
4,7,moe,6787,32,8587,3241,3241,4205,1075,0,66,0,594,8,5,3,8
4,8,moe,3155,33,5744,3260,3260,2295,146,0,43,0,591,8,5,3,8
4,9,moe,3223,33,6474,3513,3513,2732,168,0,61,0,699,8,5,3,8
4,10,moe,3003,31,10072,4226,4226,5575,195,0,76,0,588,8,4,4,8
4,11,moe,6546,30,1913,1080,1080,763,51,0,19,0,579,8,7,1,8
4,12,moe,722,29,10944,6047,6047,4530,280,1,86,0,702,8,3,5,8
4,13,moe,780,30,3931,2214,2214,1573,98,0,46,0,579,8,6,2,8
4,14,moe,715,34,3852,2196,2196,1522,100,0,34,0,581,8,6,2,8
4,15,moe,529,31,7434,4465,4465,2744,169,0,56,0,707,8,5,3,8
4,16,moe,706,31,6330,3323,3323,2333,621,0,53,0,584,8,5,3,8
4,17,moe,787,34,5687,3205,3205,2294,152,0,36,0,1074,8,5,3,8
4,18,moe,709,29,7053,3549,3550,2735,717,0,51,0,701,8,5,3,8
4,19,moe,529,29,3334,797,797,2331,147,0,59,0,585,8,5,3,8
4,20,moe,717,30,3149,1502,1502,1523,100,0,24,0,584,8,6,2,8
4,21,moe,793,34,6040,905,905,4909,168,0,58,0,714,8,5,3,8
4,22,moe,783,34,6377,1968,1968,4194,150,0,65,0,577,8,5,3,8
4,23,moe,538,30,6011,880,880,4907,169,0,55,0,696,8,5,3,8
4,24,moe,773,29,9972,1563,1563,8071,283,0,55,0,701,8,3,5,8
4,25,moe,788,32,11940,1862,1862,9676,345,0,57,0,702,8,2,6,8
4,26,moe,535,29,11916,6221,6221,4424,1210,0,61,0,1204,8,3,5,8
4,-1,epi,0,0,0,0,0,0,0,0,5387,0,0,0,0,0,0
5,-2,pre,232,0,0,0,0,0,0,0,0,0,0,0,0,0,0
5,0,dense,1371,36,0,0,0,0,0,0,0,0,0,0,0,0,0
5,1,moe,790,34,13772,6480,6480,4435,2804,0,53,0,709,8,3,5,8
5,2,moe,715,33,18927,8325,8326,6331,4186,0,84,0,708,8,1,7,8
5,3,moe,545,40,17147,8444,8446,6208,2418,0,75,0,717,8,1,7,8
5,4,moe,713,33,14047,6452,6452,4640,2862,0,93,0,592,8,2,6,8
5,5,moe,786,35,14738,5742,5742,6903,2031,0,62,0,594,8,3,5,8
5,6,moe,711,35,9197,4775,4777,3619,726,0,75,0,708,8,4,4,8
5,7,moe,531,38,5891,3336,3336,2337,154,0,64,0,588,8,5,3,8
5,8,moe,719,31,5706,3243,3243,2281,147,0,35,0,589,8,5,3,8
5,9,moe,783,30,12825,7005,7006,5392,340,0,87,0,703,8,2,6,8
5,10,moe,709,30,5773,3214,3214,2351,146,0,62,0,586,8,5,3,8
5,11,moe,534,28,13325,7569,7570,5339,347,0,69,0,589,8,1,7,8
5,12,moe,711,34,13050,7244,7246,5384,338,0,82,0,705,8,2,6,8
5,13,moe,778,29,9566,5359,5359,3882,246,0,79,0,581,8,3,5,8
5,14,moe,710,29,7549,4270,4270,3038,195,0,46,0,588,8,4,4,8
5,15,moe,530,28,10760,5886,5886,4527,277,0,70,0,696,8,3,5,8
5,16,moe,712,29,7719,4360,4360,3098,194,0,67,0,582,8,4,4,8
5,17,moe,777,29,7687,4415,4415,3033,199,0,40,0,582,8,4,4,8
5,18,moe,711,30,14974,8228,8228,6270,391,0,85,0,701,8,1,7,8
5,19,moe,529,38,6945,1088,1088,5579,202,0,76,0,585,8,4,4,8
5,20,moe,702,31,3301,829,829,2282,149,0,41,0,582,8,5,3,8
5,21,moe,777,30,10011,1533,1533,8122,283,0,73,0,701,8,3,5,8
5,22,moe,782,33,3378,801,801,2362,151,0,64,0,583,8,5,3,8
5,23,moe,537,28,4035,575,575,3305,113,0,42,0,697,8,6,2,8
5,24,moe,778,31,5065,1263,1263,3536,224,0,42,0,698,8,4,4,8
5,25,moe,789,33,7986,1254,1254,6456,229,0,47,0,697,8,4,4,8
5,26,moe,537,29,7261,3766,3766,2678,782,0,35,0,1232,8,5,3,8
5,-1,epi,0,0,0,0,0,0,0,0,5394,0,0,0,0,0,0
6,-2,pre,46,0,0,0,0,0,0,0,0,0,0,0,0,0,0
6,0,dense,1394,36,0,0,0,0,0,0,0,0,0,0,0,0,0
6,1,moe,788,39,14176,7770,7771,4452,1895,0,58,0,708,8,3,5,8
6,2,moe,712,39,10623,4606,4607,3592,2372,0,52,0,705,8,4,4,8
6,3,moe,531,37,10736,5963,5963,4424,291,0,58,0,703,8,3,5,8
6,4,moe,712,36,9547,5355,5355,3860,250,0,82,0,583,8,3,5,8
6,5,moe,773,48,5945,3485,3485,2278,147,0,35,0,591,8,5,3,8
6,6,moe,713,34,4488,2475,2475,1853,113,0,47,0,702,8,6,2,8
6,7,moe,535,36,7705,4333,4333,3107,195,0,70,0,582,8,4,4,8
6,8,moe,721,34,9545,5440,5441,3808,244,0,52,0,598,8,3,5,8
6,9,moe,774,35,8776,4815,4816,3656,234,0,70,0,697,8,4,4,8
6,10,moe,707,35,10138,5461,5461,3877,721,0,79,0,591,8,3,5,8
6,11,moe,535,31,3835,2190,2190,1519,99,0,27,0,581,8,6,2,8
6,12,moe,716,29,6476,3513,3513,2736,171,0,56,0,694,8,5,3,8
6,13,moe,778,30,5754,3203,3203,2338,146,0,67,0,582,8,5,3,8
6,14,moe,714,33,5778,3316,3316,2278,149,0,35,0,584,8,5,3,8
6,15,moe,535,27,11223,5840,5840,4508,806,0,69,0,705,8,3,5,8
6,16,moe,727,32,15905,6612,6612,8359,300,0,634,0,585,8,2,6,8
6,17,moe,777,37,9588,5460,5460,3798,246,0,84,0,585,8,3,5,8
6,18,moe,708,58,2281,1205,1205,979,58,0,39,0,691,8,7,1,8
6,19,moe,542,30,8162,1336,1336,5752,984,0,90,0,674,8,3,5,8
6,20,moe,747,40,7094,1255,1256,5555,224,0,59,0,606,8,4,4,8
6,21,moe,793,37,4117,637,637,3304,114,0,62,0,697,8,6,2,8
6,22,moe,795,39,3386,812,812,2348,154,0,72,0,579,8,5,3,8
6,23,moe,539,36,3879,904,904,2744,171,0,60,0,697,8,5,3,8
6,24,moe,793,33,5934,904,904,4819,171,0,40,0,700,8,5,3,8
6,25,moe,784,36,6007,927,927,4862,175,0,43,0,695,8,5,3,8
6,26,moe,539,30,9866,5151,5151,3559,1104,0,52,0,1356,8,4,4,8
6,-1,epi,0,0,0,0,0,0,0,0,5400,0,0,0,0,0,0
7,-2,pre,201,0,0,0,0,0,0,0,0,0,0,0,0,0,0
7,0,dense,1309,35,0,0,0,0,0,0,0,0,0,0,0,0,0
7,1,moe,801,43,14734,5932,5932,8180,549,0,73,0,717,8,3,5,8
7,2,moe,721,39,7017,2627,2627,3231,1119,0,40,0,702,8,6,2,8
7,3,moe,546,31,2242,1278,1278,883,58,0,23,0,706,8,7,1,8
7,4,moe,713,32,8371,3914,3914,4228,150,0,79,0,582,8,5,3,8
7,5,moe,770,33,5665,2214,2214,2776,641,0,34,0,578,8,6,2,8
7,6,moe,710,37,3088,1205,1205,1775,56,0,52,0,705,8,7,1,8
7,7,moe,532,30,7748,4354,4354,3116,193,0,85,0,584,8,4,4,8
7,8,moe,725,31,7832,4539,4539,3047,195,0,51,0,583,8,4,4,8
7,9,moe,773,37,4519,2486,2486,1866,112,0,55,0,693,8,6,2,8
7,10,moe,708,31,2096,1155,1155,849,50,0,42,0,583,8,7,1,8
7,11,moe,3277,32,3798,2137,2137,1530,100,0,31,0,581,8,6,2,8
7,12,moe,6149,34,10756,5843,5843,4538,280,0,95,0,704,8,3,5,8
7,13,moe,6014,33,7708,3254,3254,4235,149,0,70,0,581,8,5,3,8
7,14,moe,709,34,7725,3402,3402,4130,150,0,43,0,584,8,5,3,8
7,15,moe,526,30,10725,5821,5821,4537,283,0,84,0,699,8,3,5,8
7,16,moe,719,28,3974,2230,2231,1588,99,0,56,0,595,8,6,2,8
7,17,moe,777,32,5714,3242,3242,2283,147,0,42,0,584,8,5,3,8
7,18,moe,717,38,6576,3552,3552,2782,171,0,71,0,700,8,5,3,8
7,19,moe,534,30,4178,1631,1631,2342,144,0,61,0,581,8,5,3,8
7,20,moe,724,35,3459,561,561,2763,102,0,33,0,582,8,6,2,8
7,21,moe,774,31,8158,1257,1257,6601,229,0,71,0,707,8,4,4,8
7,22,moe,775,31,7075,1208,1209,5584,198,0,84,0,585,8,4,4,8
7,23,moe,537,29,4075,599,599,3317,114,0,45,0,698,8,6,2,8
7,24,moe,779,34,2011,322,322,1607,59,0,23,0,695,8,7,1,8
7,25,moe,775,31,7126,2091,2091,4822,174,0,39,0,705,8,5,3,8
7,26,moe,541,33,6235,2437,2437,3225,540,0,33,0,715,8,6,2,8
7,-1,epi,0,0,0,0,0,0,0,0,5426,0,0,0,0,0,0
8,-2,pre,194,0,0,0,0,0,0,0,0,0,0,0,0,0,0
8,0,dense,1361,36,0,0,0,0,0,0,0,0,0,0,0,0,0
8,1,moe,775,33,6302,3436,3436,2654,169,0,43,0,713,8,5,3,8
8,2,moe,726,35,6652,2555,2555,3225,832,0,40,0,700,8,6,2,8
8,3,moe,574,30,11526,4786,4786,6465,225,0,50,0,694,8,4,4,8
8,4,moe,701,32,5175,2179,2182,2837,96,0,60,0,588,8,6,2,8
8,5,moe,772,32,5778,3285,3285,2300,147,0,46,0,591,8,5,3,8
8,6,moe,714,31,13142,7291,7291,5424,337,0,90,0,697,8,2,6,8
8,7,moe,532,31,5973,2301,2301,2875,742,0,55,0,585,8,6,2,8
8,8,moe,706,36,5176,2284,2284,2759,101,0,32,0,586,8,6,2,8
8,9,moe,776,46,8804,3645,3645,4923,174,0,62,0,706,8,5,3,8
8,10,moe,703,34,7745,3324,3324,4202,147,0,72,0,583,8,5,3,8
8,11,moe,546,32,10189,4434,4434,5503,205,0,47,0,583,8,4,4,8
8,12,moe,704,30,8781,3609,3609,4938,168,0,66,0,697,8,5,3,8
8,13,moe,1858,31,7506,3067,3067,4236,147,0,56,0,581,8,5,3,8
8,14,moe,7013,34,5776,3295,3295,2283,150,0,48,0,591,8,5,3,8
8,15,moe,6270,32,4372,2313,2314,1893,116,0,49,0,696,8,6,2,8
8,16,moe,713,31,7782,4385,4386,3121,197,0,78,0,581,8,4,4,8
8,17,moe,782,39,6851,2524,2524,4133,154,0,40,0,579,8,5,3,8
8,18,moe,719,32,9187,3731,3731,5014,379,0,63,0,694,8,5,3,8
8,19,moe,533,33,3642,1908,1908,1582,98,0,54,0,573,8,6,2,8
8,20,moe,708,30,2184,539,539,1517,99,0,29,0,577,8,6,2,8
8,21,moe,780,31,2331,1243,1243,990,57,0,41,0,698,8,7,1,8
8,22,moe,790,36,3687,535,535,2837,264,0,51,0,588,8,6,2,8
8,23,moe,543,29,7,0,0,0,0,0,7,0,693,8,8,0,8
8,24,moe,771,30,2162,304,304,1761,56,0,41,0,694,8,7,1,8
8,25,moe,774,31,7957,1242,1242,6432,230,0,53,0,706,8,4,4,8
8,26,moe,586,40,12845,7207,7207,4830,769,0,39,0,694,8,5,3,8
8,-1,epi,0,0,0,0,0,0,0,0,5393,0,0,0,0,0,0
9,-2,pre,232,0,0,0,0,0,0,0,0,0,0,0,0,0,0
9,0,dense,1370,32,0,0,0,0,0,0,0,0,0,0,0,0,0
9,1,moe,781,33,9042,3795,3795,4827,372,0,48,0,700,8,5,3,8
9,2,moe,704,31,6568,3701,3701,2656,169,0,42,0,699,8,5,3,8
9,3,moe,533,30,4284,2357,2357,1782,114,0,31,0,697,8,6,2,8
9,4,moe,721,28,5819,3234,3234,2360,148,0,77,0,579,8,5,3,8
9,5,moe,781,30,8238,4467,4468,3051,671,0,48,0,599,8,4,4,8
9,6,moe,708,31,10,0,0,0,0,0,10,0,684,8,8,0,8
9,7,moe,531,28,5859,3387,3388,2279,146,0,46,0,587,8,5,3,8
9,8,moe,715,29,4105,2448,2448,1526,97,0,34,0,580,8,6,2,8
9,9,moe,782,32,5672,2667,2667,2761,178,0,66,0,697,8,5,3,8
9,10,moe,716,35,10,0,0,0,0,0,10,0,649,8,8,0,8
9,11,moe,538,28,2702,1123,1123,1475,56,0,48,0,639,8,7,1,8
9,12,moe,706,37,1412,321,321,981,69,0,41,0,733,8,7,1,8
9,13,moe,789,34,2698,1136,1136,1451,55,0,56,0,668,8,7,1,8
9,14,moe,716,34,2617,1132,1132,1405,57,0,23,0,659,8,7,1,8
9,15,moe,3684,30,4093,592,592,3327,116,0,58,0,704,8,6,2,8
9,16,moe,9161,35,7778,3285,3286,4251,148,0,93,0,587,8,5,3,8
9,17,moe,785,37,4341,1440,1440,2765,102,0,34,0,594,8,6,2,8
9,18,moe,715,32,6045,2554,2554,3319,116,0,56,0,704,8,6,2,8
9,19,moe,537,30,1857,272,273,1490,51,0,43,0,588,8,7,1,8
9,20,moe,725,39,1728,281,281,1376,51,0,20,0,580,8,7,1,8
9,21,moe,778,33,4185,621,621,3393,116,0,55,0,698,8,6,2,8
9,22,moe,787,38,8604,1313,1314,6957,245,0,88,0,592,8,3,5,8
9,23,moe,537,30,2100,301,302,1701,60,0,37,0,696,8,7,1,8
9,24,moe,775,35,4005,646,646,3213,115,0,31,0,694,8,6,2,8
9,25,moe,783,30,5981,944,945,4824,175,0,37,0,721,8,5,3,8
9,26,moe,540,31,6673,2521,2521,3223,897,0,32,0,722,8,6,2,8
9,-1,epi,0,0,0,0,0,0,0,0,5425,0,0,0,0,0,0
10,-2,pre,220,0,0,0,0,0,0,0,0,0,0,0,0,0,0
10,0,dense,1369,34,0,0,0,0,0,0,0,0,0,0,0,0,0
10,1,moe,786,32,23367,9658,9658,12951,661,0,97,0,706,8,0,8,8
10,2,moe,698,42,5764,2391,2391,3223,113,0,37,0,706,8,6,2,8
10,3,moe,541,30,11980,5231,5231,6474,226,0,49,0,692,8,4,4,8
10,4,moe,701,31,10325,4434,4434,5611,197,0,83,0,583,8,4,4,8
10,5,moe,773,31,5134,2243,2243,2759,99,0,33,0,584,8,6,2,8
10,6,moe,707,30,5950,2449,2450,3335,111,0,54,0,689,8,6,2,8
10,7,moe,538,33,7890,3397,3397,4276,147,0,70,0,585,8,5,3,8
10,8,moe,706,31,7670,3334,3334,4149,147,0,40,0,581,8,5,3,8
10,9,moe,768,32,13700,5104,5104,8232,281,0,83,0,701,8,3,5,8
10,10,moe,701,32,10267,4344,4344,5645,195,0,83,0,585,8,4,4,8
10,11,moe,537,34,13014,5800,5800,6905,247,0,62,0,588,8,3,5,8
10,12,moe,704,32,10940,4021,4021,6617,224,0,78,0,699,8,4,4,8
10,13,moe,767,30,7848,3332,3332,4286,149,0,81,0,583,8,5,3,8
10,14,moe,704,32,10108,4346,4346,5515,196,0,51,0,591,8,4,4,8
10,15,moe,530,30,19317,7358,7358,11460,397,0,102,0,694,8,1,7,8
10,16,moe,2829,33,14585,5804,5804,8391,293,0,97,0,581,8,2,6,8
10,17,moe,6361,33,14324,5672,5672,8287,292,0,73,0,587,8,2,6,8
10,18,moe,9198,32,17377,7192,7192,9744,345,0,96,0,702,8,2,6,8
10,19,moe,12133,31,15061,6263,6264,8398,294,0,105,0,582,8,2,6,8
10,20,moe,1222,32,11249,4044,4045,6892,244,0,68,0,583,8,3,5,8
10,21,moe,767,34,10137,1560,1561,8212,283,0,81,0,698,8,3,5,8
10,22,moe,772,33,6896,1045,1045,5572,196,0,83,0,588,8,4,4,8
10,23,moe,535,30,7983,1168,1168,6522,224,0,69,0,699,8,4,4,8
10,24,moe,776,31,11931,1846,1846,9671,345,0,69,0,704,8,2,6,8
10,25,moe,773,31,11365,2970,2970,8039,293,0,63,0,710,8,3,5,8
10,26,moe,537,31,17298,6369,6369,8050,2822,0,57,0,703,8,3,5,8
10,-1,epi,0,0,0,0,0,0,0,0,5341,0,0,0,0,0,0
11,-2,pre,224,0,0,0,0,0,0,0,0,0,0,0,0,0,0
11,0,dense,1357,37,0,0,0,0,0,0,0,0,0,0,0,0,0
11,1,moe,778,50,3201,1319,1319,1607,248,0,27,0,711,8,7,1,8
11,2,moe,720,34,5877,2508,2508,3215,119,0,35,0,710,8,6,2,8
11,3,moe,530,30,6035,2660,2660,3226,117,1,31,0,698,8,6,2,8
11,4,moe,703,33,5263,2233,2234,2862,101,0,66,0,586,8,6,2,8
11,5,moe,768,31,5089,2202,2203,2756,100,0,30,0,582,8,6,2,8
11,6,moe,703,31,5885,2337,2337,3363,125,0,60,0,699,8,6,2,8
11,7,moe,554,29,5345,2332,2332,2848,105,0,60,0,674,8,6,2,8
11,8,moe,736,33,7640,3274,3274,4162,152,0,52,0,583,8,5,3,8
11,9,moe,784,34,7926,2755,2756,4922,171,0,77,0,697,8,5,3,8
11,10,moe,702,33,7958,3494,3494,4243,150,0,71,0,582,8,5,3,8
11,11,moe,537,38,5266,2372,2372,2759,105,0,30,0,587,8,6,2,8
11,12,moe,700,32,11938,5055,5055,6581,226,0,76,0,698,8,4,4,8
11,13,moe,767,32,5266,2257,2258,2854,98,0,56,0,579,8,6,2,8
11,14,moe,702,35,15118,6461,6463,8281,295,0,79,0,587,8,2,6,8
11,15,moe,536,31,11735,4819,4819,6605,230,0,81,0,699,8,4,4,8
11,16,moe,698,32,16650,7886,7886,8372,294,0,98,0,581,8,2,6,8
11,17,moe,760,32,8256,4126,4127,3825,248,0,56,0,585,8,3,5,8
11,18,moe,720,32,10869,5898,5898,4581,295,0,95,0,700,8,3,5,8
11,19,moe,529,30,9810,3933,3933,5603,196,0,78,0,584,8,4,4,8
11,20,moe,703,37,5208,2281,2281,2801,97,0,29,0,579,8,6,2,8
11,21,moe,768,33,9340,2419,2419,6606,230,0,85,0,697,8,4,4,8
11,22,moe,775,35,5229,788,788,4230,146,0,65,0,578,8,5,3,8
11,23,moe,586,34,4081,578,578,3341,117,0,45,0,694,8,6,2,8
11,24,moe,777,38,7972,1247,1248,6438,240,1,45,0,697,8,4,4,8
11,25,moe,780,44,9921,1520,1521,8045,300,0,55,0,697,8,3,5,8
11,26,moe,543,35,15334,7807,7807,5337,2122,0,68,0,704,8,2,6,8
11,-1,epi,0,0,0,0,0,0,0,0,5358,0,0,0,0,0,0
12,-2,pre,221,0,0,0,0,0,0,0,0,0,0,0,0,0,0
12,0,dense,1360,36,0,0,0,0,0,0,0,0,0,0,0,0,0
12,1,moe,779,33,11543,4789,4790,6456,244,0,53,0,698,8,4,4,8
12,2,moe,708,34,6709,3791,3791,2673,202,0,43,0,708,8,5,3,8
12,3,moe,538,38,4442,2509,2509,1768,135,0,30,0,697,8,6,2,8
12,4,moe,709,30,5836,3262,3263,2343,151,0,79,0,587,8,5,3,8
12,5,moe,774,36,7216,2677,2678,4151,343,0,44,0,583,8,5,3,8
12,6,moe,701,31,5878,2351,2351,3355,113,0,59,0,695,8,6,2,8
12,7,moe,534,35,2776,1172,1173,1510,48,0,45,0,576,8,7,1,8
12,8,moe,708,31,5145,2261,2261,2754,98,0,32,0,580,8,6,2,8
12,9,moe,769,31,14665,6048,6048,8246,281,0,90,0,694,8,3,5,8
12,10,moe,704,32,6930,3862,3862,2904,99,0,65,0,586,8,6,2,8
12,11,moe,539,30,10292,4363,4363,5514,367,0,48,0,582,8,4,4,8
12,12,moe,699,29,14769,6169,6170,8218,286,0,95,0,701,8,3,5,8
12,13,moe,772,31,9603,3746,3746,5584,197,0,76,0,574,8,4,4,8
12,14,moe,704,29,7697,3377,3377,4130,148,0,42,0,584,8,5,3,8
12,15,moe,532,28,11668,4745,4746,6619,224,0,79,0,702,8,4,4,8
12,16,moe,697,33,14555,5789,5790,8369,297,0,99,0,581,8,2,6,8
12,17,moe,767,31,8774,3014,3014,5514,197,0,49,0,590,8,4,4,8
12,18,moe,719,37,14760,6245,6246,8152,282,0,80,0,696,8,3,5,8
12,19,moe,529,31,5245,2623,2623,2363,151,0,108,0,590,8,5,3,8
12,20,moe,717,34,3119,1461,1461,1530,100,0,28,0,576,8,6,2,8
12,21,moe,770,33,7067,1865,1865,4960,173,0,69,0,702,8,5,3,8
12,22,moe,775,34,5206,790,790,4200,148,0,68,0,580,8,5,3,8
12,23,moe,542,30,10,0,0,0,0,0,10,0,697,8,8,0,8
12,24,moe,773,33,8131,1263,1263,6546,231,0,91,0,700,8,4,4,8
12,25,moe,782,38,3969,616,616,3215,113,0,25,0,693,8,6,2,8
12,26,moe,541,30,7853,2834,2834,4816,170,0,33,0,691,8,5,3,8
12,-1,epi,0,0,0,0,0,0,0,0,5362,0,0,0,0,0,0
13,-2,pre,221,0,0,0,0,0,0,0,0,0,0,0,0,0,0
13,0,dense,1354,38,0,0,0,0,0,0,0,0,0,0,0,0,0
13,1,moe,782,30,7133,3296,3296,3567,229,0,41,0,701,8,4,4,8
13,2,moe,706,29,2889,1197,1197,1610,58,0,24,0,694,8,7,1,8
13,3,moe,532,31,2896,1209,1209,1610,57,1,19,0,707,8,7,1,8
13,4,moe,708,31,9,0,0,0,0,0,9,0,570,8,8,0,8
13,5,moe,767,31,2798,1162,1162,1531,49,0,56,0,576,8,7,1,8
13,6,moe,702,35,3074,1225,1225,1754,56,0,39,0,701,8,7,1,8
13,7,moe,537,29,4269,3350,3350,827,51,0,41,0,577,8,7,1,8
13,8,moe,714,38,2086,1251,1251,764,51,0,20,0,582,8,7,1,8
13,9,moe,790,31,3049,1171,1171,1779,55,0,44,0,689,8,7,1,8
13,10,moe,711,30,2745,1175,1175,1482,49,0,39,0,576,8,7,1,8
13,11,moe,535,32,5100,2212,2212,2763,98,0,27,0,580,8,6,2,8
13,12,moe,723,30,4188,651,651,3356,136,0,45,0,802,8,6,2,8
13,13,moe,801,45,2066,1130,1130,832,56,0,48,0,666,8,7,1,8
13,14,moe,726,34,3147,1423,1424,1581,109,0,33,0,612,8,6,2,8
13,15,moe,564,35,11236,2653,2654,8211,283,1,87,0,709,8,3,5,8
13,16,moe,711,36,7470,3255,3255,3878,247,0,90,0,597,8,3,5,8
13,17,moe,783,35,6060,1735,1735,4136,151,0,38,0,587,8,5,3,8
13,18,moe,707,32,7112,3122,3122,3680,233,0,77,0,704,8,4,4,8
13,19,moe,538,30,5357,1962,1962,3115,201,0,79,0,581,8,4,4,8
13,20,moe,704,33,2757,1307,1307,1378,48,0,24,0,582,8,7,1,8
13,21,moe,785,34,5294,1808,1808,3318,116,0,52,0,704,8,6,2,8
13,22,moe,782,31,3550,550,550,2841,100,0,59,0,584,8,6,2,8
13,23,moe,538,34,8,0,0,0,0,0,8,0,687,8,8,0,8
13,24,moe,772,34,5232,1267,1267,3664,231,0,70,0,710,8,4,4,8
13,25,moe,792,33,1983,301,301,1609,55,0,18,0,727,8,7,1,8
13,26,moe,543,30,4128,586,586,3211,307,0,24,0,699,8,6,2,8
13,-1,epi,0,0,0,0,0,0,0,0,5442,0,0,0,0,0,0
14,-2,pre,248,0,0,0,0,0,0,0,0,0,0,0,0,0,0
14,0,dense,1376,32,0,0,0,0,0,0,0,0,0,0,0,0,0
14,1,moe,786,32,6384,1612,1613,4434,283,0,54,0,717,8,3,5,8
14,2,moe,719,34,24,0,0,0,0,0,24,0,705,8,8,0,8
14,3,moe,554,29,9,0,0,0,0,0,9,0,700,8,8,0,8
14,4,moe,720,33,10,0,0,0,0,0,10,0,589,8,8,0,8
14,5,moe,789,33,2765,1218,1218,1440,50,0,57,0,604,8,7,1,8
14,6,moe,710,29,3083,1289,1289,1697,58,0,39,0,701,8,7,1,8
14,7,moe,557,29,2685,1131,1131,1459,53,0,42,0,588,8,7,1,8
14,8,moe,731,34,2638,1194,1194,1376,50,0,18,0,584,8,7,1,8
14,9,moe,785,29,8,0,0,0,0,0,8,0,686,8,8,0,8
14,10,moe,703,32,8,0,0,0,0,0,8,0,601,8,8,0,8
14,11,moe,547,29,2640,1195,1195,1376,50,0,19,0,583,8,7,1,8
14,12,moe,725,35,9368,2469,2470,6604,224,0,70,0,697,8,4,4,8
14,13,moe,787,32,5345,2358,2358,2835,101,0,51,0,621,8,6,2,8
14,14,moe,791,34,5092,2133,2133,2818,104,0,37,0,613,8,6,2,8
14,15,moe,566,31,14183,3669,3670,10087,341,0,85,0,716,8,2,6,8
14,16,moe,722,34,7929,1878,1878,5763,202,0,86,0,601,8,4,4,8
14,17,moe,795,47,10406,1700,1701,8331,303,0,71,0,594,8,2,6,8
14,18,moe,745,36,6005,2032,2034,3670,231,0,70,0,703,8,4,4,8
14,19,moe,543,32,9891,2569,2569,6988,251,0,83,0,583,8,3,5,8
14,20,moe,704,248,8,0,0,0,0,0,8,0,632,8,8,0,8
14,21,moe,782,35,6148,928,928,4980,173,0,67,0,704,8,5,3,8
14,22,moe,779,40,4449,1057,1057,3120,198,0,74,0,577,8,4,4,8
14,23,moe,548,36,2078,304,304,1681,58,0,35,0,692,8,7,1,8
14,24,moe,773,40,5953,925,925,4827,166,0,35,0,702,8,5,3,8
14,25,moe,788,34,1990,307,307,1607,58,0,18,0,695,8,7,1,8
14,26,moe,542,29,6209,3144,3144,2662,368,0,35,0,700,8,5,3,8
14,-1,epi,0,0,0,0,0,0,0,0,5420,0,0,0,0,0,0
15,-2,pre,218,0,0,0,0,0,0,0,0,0,0,0,0,0,0
15,0,dense,1379,35,0,0,0,0,0,0,0,0,0,0,0,0,0
15,1,moe,791,30,13254,3137,3137,9717,336,0,64,0,705,8,2,6,8
15,2,moe,727,34,9,0,0,0,0,0,9,0,708,8,8,0,8
15,3,moe,554,31,8,0,0,0,0,0,8,0,707,8,8,0,8
15,4,moe,716,30,8,0,0,0,0,0,8,0,581,8,8,0,8
15,5,moe,791,30,8,0,0,0,0,0,8,0,586,8,8,0,8
15,6,moe,710,31,3654,1738,1738,1769,114,0,33,0,713,8,6,2,8
15,7,moe,550,34,2786,1231,1231,1449,51,0,55,0,583,8,7,1,8
15,8,moe,712,32,2663,1219,1219,1375,51,0,18,0,583,8,7,1,8
15,9,moe,776,31,3166,1318,1318,1748,57,0,43,0,700,8,7,1,8
15,10,moe,710,28,8,0,0,0,0,0,8,0,570,8,8,0,8
15,11,moe,536,27,7793,3321,3321,4259,145,0,68,0,584,8,5,3,8
15,12,moe,705,31,5100,1543,1543,3392,116,0,49,0,695,8,6,2,8
15,13,moe,771,34,2717,1116,1116,1499,53,0,49,0,577,8,7,1,8
15,14,moe,705,30,2598,1135,1135,1391,50,0,22,0,584,8,7,1,8
15,15,moe,555,29,10115,3227,3227,6585,229,0,74,0,700,8,4,4,8
15,16,moe,712,36,3371,797,797,2360,151,0,63,0,589,8,5,3,8
15,17,moe,793,35,14166,5378,5378,8276,457,0,55,0,579,8,2,6,8
15,18,moe,705,36,10172,4279,4280,5465,345,0,82,0,710,8,2,6,8
15,19,moe,542,30,7527,3127,3127,4190,147,0,63,0,580,8,5,3,8
15,20,moe,702,33,7733,4422,4422,3063,201,0,47,0,589,8,4,4,8
15,21,moe,774,34,5112,1557,1557,3388,112,0,55,0,693,8,6,2,8
15,22,moe,776,34,6903,1056,1056,5577,193,0,77,0,579,8,4,4,8
15,23,moe,548,32,3246,593,593,2489,117,0,47,0,695,8,6,2,8
15,24,moe,775,31,5072,1254,1254,3538,233,0,47,0,703,8,4,4,8
15,25,moe,777,29,1281,314,314,887,59,0,21,0,699,8,7,1,8
15,26,moe,557,33,11854,4917,4917,6459,437,0,41,0,700,8,4,4,8
15,-1,epi,0,0,0,0,0,0,0,0,5409,0,0,0,0,0,0
16,-2,pre,253,0,0,0,0,0,0,0,0,0,0,0,0,0,0
16,0,dense,1378,31,0,0,0,0,0,0,0,0,0,0,0,0,0
16,1,moe,782,32,13931,5529,5529,8065,287,0,50,0,705,8,3,5,8
16,2,moe,709,33,10854,4154,4154,6427,228,0,45,0,695,8,4,4,8
16,3,moe,530,30,8242,4403,4403,3568,230,0,41,0,697,8,4,4,8
16,4,moe,704,32,13673,7722,7723,5670,198,0,82,0,579,8,4,4,8
16,5,moe,780,32,12682,5475,5476,6904,244,0,58,0,581,8,3,5,8
16,6,moe,705,32,9019,3607,3607,4978,369,0,65,0,700,8,5,3,8
16,7,moe,531,30,5265,2187,2187,2900,120,0,58,0,664,8,6,2,8
16,8,moe,727,38,5431,2485,2485,2805,107,0,34,0,660,8,6,2,8
16,9,moe,761,35,8839,3652,3652,4943,170,0,74,0,707,8,5,3,8
16,10,moe,728,32,11,0,0,0,0,0,11,0,590,8,8,0,8
16,11,moe,535,29,12160,4797,4797,7023,254,0,86,0,600,8,3,5,8
16,12,moe,711,36,8066,2850,2850,4981,172,0,63,0,704,8,5,3,8
16,13,moe,778,35,2768,1208,1208,1463,51,0,46,0,584,8,7,1,8
16,14,moe,713,34,9518,3745,3745,5524,200,0,49,0,592,8,4,4,8
16,15,moe,540,29,9826,2943,2943,6584,225,0,74,0,701,8,4,4,8
16,16,moe,712,34,12092,4738,4738,7028,249,0,77,0,600,8,3,5,8
16,17,moe,787,35,9526,3810,3810,5318,354,0,44,0,778,8,5,3,8
16,18,moe,758,58,11802,4744,4744,6665,294,0,99,0,794,8,4,4,8
16,19,moe,557,37,2729,1147,1148,1459,60,0,62,0,680,8,7,1,8
16,20,moe,737,36,1753,276,276,1394,63,0,20,0,656,8,7,1,8
16,21,moe,794,38,3103,1276,1276,1717,61,0,49,0,773,8,7,1,8
16,22,moe,795,35,1888,279,279,1491,63,0,55,0,687,8,7,1,8
16,23,moe,603,37,2196,267,267,1830,62,0,37,0,769,8,7,1,8
16,24,moe,779,37,2561,634,634,1784,115,0,28,0,733,8,6,2,8
16,25,moe,783,31,3989,633,634,3215,111,0,29,0,703,8,6,2,8
16,26,moe,552,39,10,0,0,0,0,0,10,0,700,8,8,0,8
16,-1,epi,0,0,0,0,0,0,0,0,5500,0,0,0,0,0,0
17,-2,pre,54,0,0,0,0,0,0,0,0,0,0,0,0,0,0
17,0,dense,1395,32,0,0,0,0,0,0,0,0,0,0,0,0,0
17,1,moe,802,31,2269,1299,1299,889,59,0,22,0,707,8,7,1,8
17,2,moe,723,37,4449,3477,3477,887,59,0,26,0,704,8,7,1,8
17,3,moe,553,30,3548,1638,1638,1766,117,0,27,0,706,8,6,2,8
17,4,moe,736,32,7184,2707,2707,4259,152,0,66,0,590,8,5,3,8
17,5,moe,772,31,9,0,0,0,0,0,9,0,588,8,8,0,8
17,6,moe,713,31,2399,1269,1269,1025,57,0,48,0,705,8,7,1,8
17,7,moe,537,30,2277,522,522,1604,98,0,53,0,582,8,6,2,8
17,8,moe,717,30,5158,2268,2268,2759,103,0,28,0,579,8,6,2,8
17,9,moe,773,31,9,0,0,0,0,0,9,0,693,8,8,0,8
17,10,moe,706,29,3892,2215,2215,1546,100,0,31,0,581,8,6,2,8
17,11,moe,537,29,5104,2617,2617,2301,147,0,39,0,585,8,5,3,8
17,12,moe,722,32,9006,3724,3724,5044,172,0,66,0,703,8,5,3,8
17,13,moe,776,31,3201,1427,1427,1619,103,0,52,0,580,8,6,2,8
17,14,moe,737,31,9,0,0,0,0,0,9,0,578,8,8,0,8
17,15,moe,548,31,4504,2458,2458,1883,113,0,50,0,702,8,6,2,8
17,16,moe,705,30,3913,2169,2169,1591,97,0,56,0,578,8,6,2,8
17,17,moe,768,230,1131,291,291,769,51,0,20,0,579,8,7,1,8
17,18,moe,708,34,6278,4215,4215,1894,119,0,50,0,699,8,6,2,8
17,19,moe,544,41,2867,1272,1272,1499,51,0,45,0,579,8,7,1,8
17,20,moe,703,34,2612,1152,1152,1383,50,1,26,0,587,8,7,1,8
17,21,moe,780,47,3672,1601,1601,1901,116,0,54,0,708,8,6,2,8
17,22,moe,771,31,8,0,0,0,0,0,8,0,577,8,8,0,8
17,23,moe,543,28,1991,308,308,1606,58,0,19,0,710,8,7,1,8
17,24,moe,779,35,3994,640,640,3211,115,0,28,0,702,8,6,2,8
17,25,moe,781,31,5958,927,927,4823,173,0,35,0,702,8,5,3,8
17,26,moe,590,40,18,0,0,0,0,0,18,0,701,8,8,0,8
17,-1,epi,0,0,0,0,0,0,0,0,5514,0,0,0,0,0,0
18,-2,pre,227,0,0,0,0,0,0,0,0,0,0,0,0,0,0
18,0,dense,1392,33,0,0,0,0,0,0,0,0,0,0,0,0,0
18,1,moe,789,30,6652,3790,3790,2653,168,0,41,0,700,8,5,3,8
18,2,moe,718,32,4591,2682,2683,1768,112,0,28,0,701,8,6,2,8
18,3,moe,541,31,9726,4938,4940,4455,280,0,51,0,704,8,3,5,8
18,4,moe,701,31,8003,3559,3559,4224,145,0,75,0,580,8,5,3,8
18,5,moe,767,32,5151,2269,2269,2757,97,0,28,0,582,8,6,2,8
18,6,moe,703,32,7998,2795,2795,4965,170,0,68,0,703,8,5,3,8
18,7,moe,535,32,5506,2508,2509,2844,98,0,55,0,577,8,6,2,8
18,8,moe,707,32,5105,2217,2217,2758,99,0,31,0,577,8,6,2,8
18,9,moe,771,30,6076,2551,2552,3355,112,0,57,0,701,8,6,2,8
18,10,moe,708,36,8823,6254,6254,2359,149,0,61,0,580,8,5,3,8
18,11,moe,542,29,10346,4595,4595,5509,196,0,46,0,584,8,4,4,8
18,12,moe,701,34,4477,2423,2423,1891,115,0,48,0,700,8,6,2,8
18,13,moe,770,29,2703,1158,1158,1451,49,0,45,0,578,8,7,1,8
18,14,moe,696,31,10209,4456,4456,5514,192,0,47,0,586,8,4,4,8
18,15,moe,536,34,17574,6627,6628,10451,397,0,98,0,700,8,1,7,8
18,16,moe,703,32,10466,4584,4584,5604,196,0,82,0,579,8,4,4,8
18,17,moe,769,33,9799,5683,5683,3810,250,0,56,0,585,8,3,5,8
18,18,moe,699,32,11164,6232,6233,4560,288,0,83,0,696,8,3,5,8
18,19,moe,534,30,9358,5132,5132,3890,255,0,81,0,586,8,3,5,8
18,20,moe,703,30,10208,4440,4440,5527,195,0,46,0,582,8,4,4,8
18,21,moe,772,30,11654,4791,4791,6567,225,0,71,0,694,8,4,4,8
18,22,moe,773,33,9495,5286,5286,3885,245,0,79,0,589,8,3,5,8
18,23,moe,539,28,6285,2337,2337,3650,228,0,70,0,699,8,4,4,8
18,24,moe,767,31,7613,1885,1885,5322,346,0,60,0,703,8,2,6,8
18,25,moe,794,36,12231,1903,1903,9887,382,0,59,0,792,8,2,6,8
18,26,moe,588,36,17556,9489,9489,7089,898,0,80,0,713,8,0,8,8
18,-1,epi,0,0,0,0,0,0,0,0,5424,0,0,0,0,0,0
19,-2,pre,2362,0,0,0,0,0,0,0,0,0,0,0,0,0,0
19,0,dense,1363,37,0,0,0,0,0,0,0,0,0,0,0,0,0
19,1,moe,789,37,14794,6384,6385,8062,291,0,56,0,712,8,3,5,8
19,2,moe,704,33,5822,2446,2446,3226,113,0,37,0,714,8,6,2,8
19,3,moe,545,29,4570,2646,2646,1779,117,0,28,0,702,8,6,2,8
19,4,moe,710,30,2753,1156,1156,1488,49,0,60,0,585,8,7,1,8
19,5,moe,769,32,5120,2236,2236,2755,100,0,29,0,588,8,6,2,8
19,6,moe,708,30,2145,297,297,1754,56,0,38,0,702,8,7,1,8
19,7,moe,537,28,2069,1137,1137,843,49,0,40,0,593,8,7,1,8
19,8,moe,715,30,5974,3515,3515,2276,148,0,35,0,586,8,5,3,8
19,9,moe,782,34,2305,1196,1196,1014,57,0,38,0,702,8,7,1,8
19,10,moe,702,32,6928,2488,2488,4224,147,0,69,0,591,8,5,3,8
19,11,moe,536,35,9437,3673,3673,5520,195,0,49,0,588,8,4,4,8
19,12,moe,699,31,7854,2693,2694,4933,169,0,58,0,699,8,5,3,8
19,13,moe,774,35,1827,287,287,1444,49,0,47,0,588,8,7,1,8
19,14,moe,715,33,3122,1451,1451,1542,102,0,27,0,590,8,6,2,8
19,15,moe,541,33,6025,2512,2512,3345,118,0,50,0,696,8,6,2,8
19,16,moe,699,31,6880,2455,2455,4204,150,0,71,0,588,8,5,3,8
19,17,moe,771,31,5306,2396,2396,2781,99,0,30,0,587,8,6,2,8
19,18,moe,703,31,4549,2495,2495,1886,116,0,52,0,702,8,6,2,8
19,19,moe,540,30,9,0,0,0,0,0,9,0,580,8,8,0,8
19,20,moe,702,31,1228,293,293,834,51,1,49,0,583,8,7,1,8
19,21,moe,771,32,6626,3593,3593,2793,172,0,68,0,705,8,5,3,8
19,22,moe,790,34,2700,1119,1119,1486,50,0,45,0,582,8,7,1,8
19,23,moe,540,27,2789,962,962,1735,58,0,34,0,694,8,7,1,8
19,24,moe,773,29,9,0,0,0,0,0,9,0,691,8,8,0,8
19,25,moe,789,33,5943,920,920,4817,170,0,36,0,712,8,5,3,8
19,26,moe,558,29,2277,1310,1310,889,59,0,19,0,702,8,7,1,8
19,-1,epi,0,0,0,0,0,0,0,0,5463,0,0,0,0,0,0
20,-2,pre,221,0,0,0,0,0,0,0,0,0,0,0,0,0,0
20,0,dense,1402,35,0,0,0,0,0,0,0,0,0,0,0,0,0
20,1,moe,795,33,4881,1513,1513,3224,115,0,29,0,705,8,6,2,8
20,2,moe,719,32,6573,3708,3708,2659,172,0,34,0,704,8,5,3,8
20,3,moe,539,30,5747,2371,2371,3231,117,0,28,0,706,8,6,2,8
20,4,moe,699,30,2643,1079,1079,1462,52,0,50,0,583,8,7,1,8
20,5,moe,773,31,10115,4349,4350,5522,202,0,41,0,595,8,4,4,8
20,6,moe,704,29,3096,1214,1214,1778,59,0,45,0,703,8,7,1,8
20,7,moe,540,33,5208,2202,2203,2839,101,0,65,0,585,8,6,2,8
20,8,moe,706,31,2641,1189,1189,1385,49,0,18,0,594,8,7,1,8
20,9,moe,776,32,8808,3580,3580,4978,171,0,79,0,699,8,5,3,8
20,10,moe,705,29,2707,1112,1112,1498,48,0,49,0,580,8,7,1,8
20,11,moe,539,31,8,0,0,0,0,0,8,0,578,8,8,0,8
20,12,moe,701,29,3033,1177,1177,1752,59,0,45,0,702,8,7,1,8
20,13,moe,771,31,2831,1274,1274,1455,48,0,54,0,581,8,7,1,8
20,14,moe,718,41,2556,1094,1094,1392,49,0,21,0,582,8,7,1,8
20,15,moe,585,33,7864,4361,4361,3335,114,0,54,0,702,8,6,2,8
20,16,moe,703,39,4183,2425,2425,1598,99,0,61,0,588,8,6,2,8
20,17,moe,766,37,5759,3272,3272,2299,148,0,40,0,592,8,5,3,8
20,18,moe,704,38,5761,2753,2753,2770,168,0,70,0,705,8,5,3,8
20,19,moe,541,32,5228,2665,2665,2350,149,0,64,0,586,8,5,3,8
20,20,moe,703,32,3035,1389,1389,1520,99,0,27,0,590,8,6,2,8
20,21,moe,779,37,8807,3661,3661,4912,170,0,64,0,703,8,5,3,8
20,22,moe,767,33,7125,2699,2699,4204,147,0,75,0,595,8,5,3,8
20,23,moe,550,33,4627,2554,2554,1910,116,0,47,0,702,8,6,2,8
20,24,moe,770,33,5055,1228,1229,3551,229,0,46,0,714,8,4,4,8
20,25,moe,780,32,2580,659,659,1779,115,0,27,0,714,8,6,2,8
20,26,moe,551,33,2282,1317,1317,885,61,0,19,0,709,8,7,1,8
20,-1,epi,0,0,0,0,0,0,0,0,5474,0,0,0,0,0,0
21,-2,pre,220,0,0,0,0,0,0,0,0,0,0,0,0,0,0
21,0,dense,1377,36,0,0,0,0,0,0,0,0,0,0,0,0,0
21,1,moe,791,36,10486,4751,4751,5332,342,0,61,0,718,8,2,6,8
21,2,moe,718,31,6499,3621,3621,2672,169,0,37,0,706,8,5,3,8
21,3,moe,547,33,13692,5285,5285,8075,284,0,48,0,705,8,3,5,8
21,4,moe,711,38,4403,1796,1796,2391,149,0,67,0,587,8,5,3,8
21,5,moe,782,34,3057,1409,1409,1521,101,0,26,0,587,8,6,2,8
21,6,moe,704,31,7802,3844,3844,3646,231,0,81,0,717,8,4,4,8
21,7,moe,542,34,8769,2846,2846,5646,202,0,75,0,587,8,4,4,8
21,8,moe,708,31,4334,1440,1440,2766,98,0,30,0,589,8,6,2,8
21,9,moe,781,36,3172,1284,1284,1789,56,0,43,0,699,8,7,1,8
21,10,moe,702,30,8781,2856,2856,5652,199,0,74,0,580,8,4,4,8
21,11,moe,552,29,7525,3201,3201,4143,148,0,33,0,587,8,5,3,8
21,12,moe,715,31,7899,2698,2698,4966,169,0,66,0,705,8,5,3,8
21,13,moe,767,31,6802,2342,2342,4242,149,0,69,0,585,8,5,3,8
21,14,moe,704,30,9270,3525,3525,5510,195,0,40,0,593,8,4,4,8
21,15,moe,538,28,10955,4043,4043,6608,224,0,80,0,702,8,4,4,8
21,16,moe,702,31,10290,4381,4383,5644,193,0,70,0,586,8,4,4,8
21,17,moe,767,30,6876,2474,2474,4203,165,0,34,0,636,8,5,3,8
21,18,moe,721,34,10923,3922,3922,6652,262,0,87,0,710,8,4,4,8
21,19,moe,555,38,9976,5735,5735,3902,251,0,88,0,597,8,3,5,8
21,20,moe,708,34,8873,4749,4749,3819,249,0,56,0,591,8,3,5,8
21,21,moe,779,35,11674,4793,4794,6569,227,0,84,0,715,8,4,4,8
21,22,moe,771,34,9475,3588,3588,5603,194,0,90,0,587,8,4,4,8
21,23,moe,539,30,5977,2450,2450,3360,113,0,54,0,701,8,6,2,8
21,24,moe,767,32,9337,2600,2600,6469,223,0,45,0,706,8,4,4,8
21,25,moe,770,35,7962,1244,1244,6448,222,0,48,0,713,8,4,4,8
21,26,moe,547,33,8038,2772,2773,4839,386,0,40,0,712,8,5,3,8
21,-1,epi,0,0,0,0,0,0,0,0,5396,0,0,0,0,0,0
22,-2,pre,1069,0,0,0,0,0,0,0,0,0,0,0,0,0,0
22,0,dense,1365,35,0,0,0,0,0,0,0,0,0,0,0,0,0
22,1,moe,790,36,8850,3787,3787,4856,171,0,36,0,715,8,5,3,8
22,2,moe,715,32,3526,1602,1602,1782,116,0,26,0,708,8,6,2,8
22,3,moe,543,30,6953,3123,3123,3558,228,0,44,0,710,8,4,4,8
22,4,moe,713,34,9524,3594,3594,5652,200,0,78,0,584,8,4,4,8
22,5,moe,774,32,6887,2572,2572,4123,147,0,45,0,602,8,5,3,8
22,6,moe,702,36,7930,3933,3934,3689,233,0,74,0,711,8,4,4,8
22,7,moe,542,35,9,0,0,0,0,0,9,0,575,8,8,0,8
22,8,moe,701,31,10288,4372,4372,5646,195,0,75,0,589,8,4,4,8
22,9,moe,783,36,8882,4902,4902,3673,231,0,76,0,701,8,4,4,8
22,10,moe,706,31,10651,4761,4761,5621,197,0,72,0,591,8,4,4,8
22,11,moe,537,29,1707,264,264,1376,48,0,19,0,584,8,7,1,8
22,12,moe,698,30,8976,3744,3744,4998,173,0,61,0,708,8,5,3,8
22,13,moe,772,29,8777,4306,4306,4257,152,0,62,0,583,8,5,3,8
22,14,moe,710,35,3854,2197,2197,1529,100,0,28,0,586,8,6,2,8
22,15,moe,538,30,3137,1254,1254,1783,58,0,42,0,695,8,7,1,8
22,16,moe,706,32,4294,1717,1717,2354,152,0,71,0,588,8,5,3,8
22,17,moe,775,33,5735,3258,3258,2290,150,0,37,0,591,8,5,3,8
22,18,moe,701,32,5138,1591,1592,3380,115,0,51,0,698,8,6,2,8
22,19,moe,534,31,7937,3501,3501,4212,149,0,75,0,589,8,5,3,8
22,20,moe,702,33,8,0,0,0,0,0,8,0,581,8,8,0,8
22,21,moe,769,35,4989,1488,1488,3321,113,0,67,0,699,8,6,2,8
22,22,moe,780,31,5337,2350,2350,2825,100,0,62,0,580,8,6,2,8
22,23,moe,547,28,8,0,0,0,0,0,8,0,696,8,8,0,8
22,24,moe,773,31,7886,2681,2682,4966,172,0,66,0,705,8,5,3,8
22,25,moe,768,34,9,0,0,0,0,0,9,0,692,8,8,0,8
22,26,moe,537,29,8,0,0,0,0,0,8,0,695,8,8,0,8
22,-1,epi,0,0,0,0,0,0,0,0,5478,0,0,0,0,0,0
23,-2,pre,216,0,0,0,0,0,0,0,0,0,0,0,0,0,0
23,0,dense,1379,37,0,0,0,0,0,0,0,0,0,0,0,0,0
23,1,moe,792,34,11003,6217,6217,4450,287,0,49,0,706,8,3,5,8
23,2,moe,707,31,4331,2398,2398,1788,117,0,28,0,731,8,6,2,8
23,3,moe,627,35,8654,3602,3602,4840,176,0,36,0,703,8,5,3,8
23,4,moe,706,34,1920,281,281,1529,50,0,60,0,582,8,7,1,8
23,5,moe,782,33,11120,3912,3912,6903,249,0,56,0,592,8,3,5,8
23,6,moe,702,31,2365,1246,1246,1009,59,0,51,0,728,8,7,1,8
23,7,moe,628,31,7889,3407,3407,4268,149,0,65,0,589,8,5,3,8
23,8,moe,703,31,7024,3723,3723,3057,200,0,44,0,596,8,4,4,8
23,9,moe,778,32,4580,2530,2532,1878,114,0,56,0,706,8,6,2,8
23,10,moe,704,31,9485,3628,3628,5583,201,0,73,0,588,8,4,4,8
23,11,moe,639,30,6991,3687,3687,3056,206,0,42,0,589,8,4,4,8
23,12,moe,751,39,12492,7309,7309,4949,169,0,65,0,705,8,5,3,8
23,13,moe,769,36,8828,4379,4379,4239,145,1,64,0,586,8,5,3,8
23,14,moe,702,35,6969,2647,2647,4134,148,0,40,0,587,8,5,3,8
23,15,moe,629,33,10661,3785,3787,6577,226,0,71,0,702,8,4,4,8
23,16,moe,702,29,13095,4334,4334,8358,301,0,102,0,587,8,2,6,8
23,17,moe,774,32,4369,1485,1485,2758,96,0,30,0,579,8,6,2,8
23,18,moe,711,30,7081,3123,3123,3658,231,0,69,0,699,8,4,4,8
23,19,moe,613,30,4866,1886,1886,2828,96,0,56,0,573,8,6,2,8
23,20,moe,697,30,2617,1169,1169,1380,49,0,19,0,574,8,7,1,8
23,21,moe,771,30,10160,3232,3233,6625,225,0,77,0,695,8,4,4,8
23,22,moe,764,31,5910,3324,3324,2369,148,0,69,0,579,8,5,3,8
23,23,moe,621,31,8916,3728,3729,4949,170,0,68,0,697,8,5,3,8
23,24,moe,766,30,9104,4324,4324,4441,289,0,50,0,701,8,3,5,8
23,25,moe,770,31,10116,1697,1697,8080,287,0,52,0,704,8,3,5,8
23,26,moe,647,36,10746,3893,3893,6556,250,0,47,0,775,8,4,4,8
23,-1,epi,0,0,0,0,0,0,0,0,5426,0,0,0,0,0,0
24,-2,pre,202,0,0,0,0,0,0,0,0,0,0,0,0,0,0
24,0,dense,1348,42,0,0,0,0,0,0,0,0,0,0,0,0,0
24,1,moe,789,36,10126,5336,5337,4443,290,0,56,0,721,8,3,5,8
24,2,moe,707,35,14394,5990,5992,8058,283,0,61,0,707,8,3,5,8
24,3,moe,622,32,4895,1518,1518,3235,114,0,28,0,708,8,6,2,8
24,4,moe,700,34,10369,4472,4472,5620,195,0,82,0,589,8,4,4,8
24,5,moe,776,36,9754,2527,2527,6916,252,0,59,0,591,8,3,5,8
24,6,moe,707,34,8778,2891,2891,5458,339,0,90,0,707,8,2,6,8
24,7,moe,607,30,5524,2111,2111,3140,199,0,74,0,582,8,4,4,8
24,8,moe,713,31,12928,2852,2852,9663,345,0,68,0,605,8,1,7,8
24,9,moe,776,32,17199,5284,5284,11417,398,0,100,0,702,8,1,7,8
24,10,moe,716,33,6315,1854,1854,4241,152,0,68,0,581,8,5,3,8
24,11,moe,651,30,13023,4394,4394,8277,297,0,55,0,594,8,2,6,8
24,12,moe,711,33,13356,7457,7457,5465,345,0,89,0,706,8,2,6,8
24,13,moe,774,35,11561,2769,2769,8394,297,1,100,0,592,8,2,6,8
24,14,moe,724,37,10021,5066,5066,4598,300,0,57,0,604,8,2,6,8
24,15,moe,639,39,17895,5964,5965,11427,396,0,107,0,716,8,1,7,8
24,16,moe,717,38,15840,4880,4880,10453,400,0,107,0,591,8,0,8,8
24,17,moe,778,39,7939,2123,2123,5576,197,0,43,0,601,8,4,4,8
24,18,moe,729,37,9809,4874,4874,4566,287,0,82,0,703,8,3,5,8
24,19,moe,625,35,7897,4459,4460,3153,203,0,81,0,588,8,4,4,8
24,20,moe,7568,32,12856,4188,4188,8307,292,0,69,0,590,8,2,6,8
24,21,moe,768,36,13715,5195,5195,8154,287,0,79,0,702,8,3,5,8
24,22,moe,771,51,12186,4888,4888,6959,244,0,95,0,589,8,3,5,8
24,23,moe,621,39,12748,4141,4142,8237,282,0,87,0,706,8,3,5,8
24,24,moe,770,33,10637,3910,3910,6458,225,0,44,0,702,8,4,4,8
24,25,moe,766,30,5463,2096,2096,3216,113,0,38,0,698,8,6,2,8
24,26,moe,622,30,18858,7881,7881,10506,396,0,75,0,709,8,1,7,8
24,-1,epi,0,0,0,0,0,0,0,0,5348,0,0,0,0,0,0
25,-2,pre,213,0,0,0,0,0,0,0,0,0,0,0,0,0,0
25,0,dense,1359,49,0,0,0,0,0,0,0,0,0,0,0,0,0
25,1,moe,782,36,11,0,0,0,0,0,11,0,705,8,8,0,8
25,2,moe,718,32,1280,314,314,887,59,0,20,0,719,8,7,1,8
25,3,moe,630,30,6696,3836,3836,2652,174,0,34,0,708,8,5,3,8
25,4,moe,712,31,4857,3910,3910,836,50,0,61,0,590,8,7,1,8
25,5,moe,785,34,9,0,1,0,0,0,8,0,583,8,8,0,8
25,6,moe,714,33,3145,1287,1287,1747,58,0,53,0,703,8,7,1,8
25,7,moe,625,29,2679,1099,1099,1488,49,0,43,0,582,8,7,1,8
25,8,moe,704,31,4416,1536,1536,2753,99,0,28,0,595,8,6,2,8
25,9,moe,774,32,2161,313,313,1745,58,0,45,0,703,8,7,1,8
25,10,moe,709,30,6103,3528,3528,2359,150,0,66,0,587,8,5,3,8
25,11,moe,618,30,8,0,0,0,0,0,8,0,576,8,8,0,8
25,12,moe,707,29,8,0,0,0,0,0,8,0,699,8,8,0,8
25,13,moe,769,30,2709,1255,1255,1378,51,0,25,0,599,8,7,1,8
25,14,moe,720,35,4466,1582,1582,2755,100,0,29,0,589,8,6,2,8
25,15,moe,624,30,7189,2023,2023,4926,170,0,70,0,700,8,5,3,8
25,16,moe,702,33,4536,1551,1551,2830,97,0,58,0,586,8,6,2,8
25,17,moe,775,32,7619,3293,3293,4139,147,0,40,0,590,8,5,3,8
25,18,moe,706,37,5945,2432,2433,3338,113,0,61,0,699,8,6,2,8
25,19,moe,614,30,7806,3328,3328,4251,148,0,79,0,588,8,5,3,8
25,20,moe,1644,30,2522,1073,1073,1382,48,0,19,0,593,8,7,1,8
25,21,moe,775,34,8900,3692,3692,4974,168,0,66,0,697,8,5,3,8
25,22,moe,766,36,2707,1152,1152,1458,50,0,47,0,579,8,7,1,8
25,23,moe,605,33,3055,1265,1265,1701,56,0,33,0,702,8,7,1,8
25,24,moe,766,30,4964,1605,1605,3220,112,0,27,0,699,8,6,2,8
25,25,moe,768,31,2013,315,315,1624,57,0,17,0,708,8,7,1,8
25,26,moe,635,34,1278,316,316,886,59,0,17,0,706,8,7,1,8
25,-1,epi,0,0,0,0,0,0,0,0,5449,0,0,0,0,0,0
26,-2,pre,216,0,0,0,0,0,0,0,0,0,0,0,0,0,0
26,0,dense,1369,32,0,0,0,0,0,0,0,0,0,0,0,0,0
26,1,moe,789,33,6402,1368,1368,4821,174,0,39,0,701,8,5,3,8
26,2,moe,711,31,8946,3845,3845,4878,187,0,36,0,715,8,5,3,8
26,3,moe,630,32,4076,649,649,3265,131,1,30,0,801,8,6,2,8
26,4,moe,713,45,2117,1129,1129,858,55,0,75,0,626,8,7,1,8
26,5,moe,766,36,10,0,0,0,0,0,10,0,592,8,8,0,8
26,6,moe,697,33,2398,1275,1275,1010,60,0,53,0,703,8,7,1,8
26,7,moe,634,30,9,0,0,0,0,0,9,0,579,8,8,0,8
26,8,moe,708,32,2725,1157,1157,1455,52,0,61,0,587,8,7,1,8
26,9,moe,841,36,10,0,0,0,0,0,10,0,699,8,8,0,8
26,10,moe,711,35,7047,4157,4158,2759,99,0,31,0,584,8,6,2,8
26,11,moe,624,33,4350,1425,1425,2799,97,0,29,0,580,8,6,2,8
26,12,moe,703,39,3078,1231,1231,1740,57,0,50,0,696,8,7,1,8
26,13,moe,770,36,5252,2217,2217,2875,100,0,60,0,581,8,6,2,8
26,14,moe,717,40,9070,4712,4712,4167,150,0,41,0,585,8,5,3,8
26,15,moe,611,35,5852,2844,2844,2771,172,0,65,0,705,8,5,3,8
26,16,moe,706,36,5270,831,831,4215,151,0,73,0,582,8,5,3,8
26,17,moe,776,36,1997,1161,1161,764,53,0,19,0,582,8,7,1,8
26,18,moe,715,41,5106,2094,2094,2767,172,0,73,0,704,8,5,3,8
26,19,moe,615,35,6307,2922,2922,3114,196,0,75,0,590,8,4,4,8
26,20,moe,708,41,4365,1474,1474,2764,97,0,30,0,582,8,6,2,8
26,21,moe,767,37,5170,1645,1645,3356,113,0,56,0,699,8,6,2,8
26,22,moe,767,35,6065,1629,1630,4218,147,0,70,0,577,8,5,3,8
26,23,moe,614,33,8,0,0,0,0,0,8,0,684,8,8,0,8
26,24,moe,771,34,11297,2787,2787,8143,286,0,81,0,707,8,3,5,8
26,25,moe,773,36,2892,1198,1198,1613,60,0,21,0,695,8,7,1,8
26,26,moe,656,43,7785,2741,2741,4833,172,0,39,0,700,8,5,3,8
26,-1,epi,0,0,0,0,0,0,0,0,5412,0,0,0,0,0,0
27,-2,pre,201,0,0,0,0,0,0,0,0,0,0,0,0,0,0
27,0,dense,1388,39,0,0,0,0,0,0,0,0,0,0,0,0,0
27,1,moe,786,38,9908,5113,5115,4440,297,0,56,0,707,8,3,5,8
27,2,moe,705,35,10601,3867,3868,6451,234,0,48,0,702,8,4,4,8
27,3,moe,624,34,13409,6723,6723,6212,409,0,65,0,706,8,1,7,8
27,4,moe,709,33,8686,2823,2823,5591,195,0,77,0,595,8,4,4,8
27,5,moe,783,40,9338,3569,3569,5522,196,0,51,0,584,8,4,4,8
27,6,moe,705,33,5996,2427,2427,3393,118,0,58,0,704,8,6,2,8
27,7,moe,624,34,5265,2274,2274,2834,98,0,59,0,577,8,6,2,8
27,8,moe,716,35,2612,1158,1158,1386,49,0,19,0,580,8,7,1,8
27,9,moe,772,35,8690,3492,3493,4952,171,0,74,0,706,8,5,3,8
27,10,moe,699,34,9603,3766,3766,5572,194,0,71,0,577,8,4,4,8
27,11,moe,618,33,9254,3491,3491,5522,197,0,44,0,587,8,4,4,8
27,12,moe,701,36,5058,1546,1546,3337,114,0,61,0,700,8,6,2,8
27,13,moe,771,36,9479,3601,3602,5606,194,0,77,0,583,8,4,4,8
27,14,moe,707,33,11757,4556,4556,6898,243,0,60,0,582,8,3,5,8
27,15,moe,621,34,20384,6785,6785,13025,462,0,112,0,697,8,0,8,8
27,16,moe,713,38,11181,3880,3880,6972,245,0,84,0,585,8,3,5,8
27,17,moe,765,36,6070,1753,1753,4133,148,0,36,0,586,8,5,3,8
27,18,moe,717,41,17276,6205,6205,10572,397,0,102,0,697,8,1,7,8
27,19,moe,629,35,11936,7701,7701,3907,249,0,79,0,578,8,3,5,8
27,20,moe,702,35,8317,2552,2553,5517,199,0,48,0,582,8,4,4,8
27,21,moe,789,45,7015,3051,3051,3661,231,0,72,0,697,8,4,4,8
27,22,moe,775,40,8637,2761,2761,5599,199,0,78,0,580,8,4,4,8
27,23,moe,632,39,3747,1709,1709,1866,115,0,57,0,690,8,6,2,8
27,24,moe,778,36,13053,2971,2971,9681,343,0,58,0,705,8,2,6,8
27,25,moe,776,40,12414,4007,4007,8067,285,0,55,0,695,8,3,5,8
27,26,moe,631,35,13913,3861,3862,9643,340,0,68,0,700,8,2,6,8
27,-1,epi,0,0,0,0,0,0,0,0,5373,0,0,0,0,0,0
28,-2,pre,208,0,0,0,0,0,0,0,0,0,0,0,0,0,0
28,0,dense,1373,39,0,0,0,0,0,0,0,0,0,0,0,0,0
28,1,moe,776,36,12266,6531,6531,5338,337,0,60,0,707,8,2,6,8
28,2,moe,718,39,13689,5294,5294,8061,278,0,56,0,695,8,3,5,8
28,3,moe,618,33,18258,6476,6476,11320,392,0,70,0,707,8,1,7,8
28,4,moe,707,39,5337,2323,2323,2838,102,0,74,0,578,8,6,2,8
28,5,moe,777,39,10179,4409,4410,5528,196,0,45,0,579,8,4,4,8
28,6,moe,696,34,5703,2666,2666,2793,173,0,71,0,699,8,5,3,8
28,7,moe,624,36,10000,4002,4002,5690,211,0,97,0,644,8,4,4,8
28,8,moe,736,41,6827,2460,2460,4174,154,0,39,0,595,8,5,3,8
28,9,moe,774,38,15020,6412,6414,8210,293,0,103,0,699,8,3,5,8
28,10,moe,713,68,13151,5786,5786,7025,244,0,96,0,583,8,3,5,8
28,11,moe,623,33,6116,1775,1775,4155,150,0,36,0,586,8,5,3,8
28,12,moe,699,37,3197,1364,1364,1718,59,0,56,0,702,8,7,1,8
28,13,moe,785,38,9349,3468,3468,5603,195,0,83,0,587,8,4,4,8
28,14,moe,703,40,8682,2907,2907,5534,196,0,45,0,580,8,4,4,8
28,15,moe,605,35,8883,3680,3680,4969,170,1,63,0,695,8,5,3,8
28,16,moe,700,36,10054,4990,4991,4668,294,0,101,0,591,8,2,6,8
28,17,moe,775,37,10091,4329,4329,5511,200,0,51,0,586,8,4,4,8
28,18,moe,704,38,4878,1855,1855,2786,171,0,66,0,697,8,5,3,8
28,19,moe,626,33,10556,4678,4678,5594,202,0,82,0,585,8,4,4,8
28,20,moe,708,41,5801,3326,3326,2284,148,0,43,0,592,8,5,3,8
28,21,moe,775,36,8020,2789,2789,4993,169,0,69,0,694,8,5,3,8
28,22,moe,768,39,8636,2784,2784,5573,197,0,82,0,581,8,4,4,8
28,23,moe,621,34,5830,2382,2382,3288,112,0,48,0,688,8,6,2,8
28,24,moe,763,34,8654,3490,3490,4924,199,0,41,0,935,8,5,3,8
28,25,moe,882,81,5855,2908,2908,2709,183,0,55,0,711,8,5,3,8
28,26,moe,632,36,6562,3666,3666,2673,176,0,47,0,738,8,5,3,8
28,-1,epi,0,0,0,0,0,0,0,0,5412,0,0,0,0,0,0
29,-2,pre,217,0,0,0,0,0,0,0,0,0,0,0,0,0,0
29,0,dense,1381,42,0,0,0,0,0,0,0,0,0,0,0,0,0
29,1,moe,787,36,7319,3420,3420,3563,229,0,107,0,708,8,4,4,8
29,2,moe,707,61,9964,5188,5189,4428,282,0,65,0,703,8,3,5,8
29,3,moe,625,42,11456,7611,7611,3568,230,0,47,0,701,8,4,4,8
29,4,moe,697,38,5922,3326,3326,2353,151,0,92,0,589,8,5,3,8
29,5,moe,774,38,5862,3365,3365,2297,151,0,49,0,606,8,5,3,8
29,6,moe,697,210,19146,13257,13258,5436,341,0,111,0,708,8,2,6,8
29,7,moe,614,33,5979,3390,3390,2371,146,0,72,0,579,8,5,3,8
29,8,moe,702,35,9593,5476,5476,3817,244,0,56,0,588,8,3,5,8
29,9,moe,764,37,3597,1548,1548,1874,114,0,61,0,698,8,6,2,8
29,10,moe,696,33,4983,2386,2386,2362,148,0,87,0,587,8,5,3,8
29,11,moe,626,37,4933,2453,2453,2292,147,0,41,0,583,8,5,3,8
29,12,moe,698,36,2500,1430,1430,976,56,0,38,0,698,8,7,1,8
29,13,moe,770,34,5028,2448,2449,2366,146,0,67,0,579,8,5,3,8
29,14,moe,696,34,3277,811,811,2280,149,0,37,0,588,8,5,3,8
29,15,moe,627,38,3626,1604,1604,1858,111,0,53,0,699,8,6,2,8
29,16,moe,703,39,4181,1635,1636,2331,148,0,66,0,601,8,5,3,8
29,17,moe,764,36,5945,2636,2636,3063,202,0,44,0,590,8,4,4,8
29,18,moe,698,35,7025,3061,3061,3661,223,0,80,0,700,8,4,4,8
29,19,moe,622,34,6048,3477,3477,2355,147,0,69,0,594,8,5,3,8
29,20,moe,699,35,5434,2953,2953,2296,149,0,36,0,587,8,5,3,8
29,21,moe,764,39,7284,3338,3338,3638,226,0,82,0,701,8,4,4,8
29,22,moe,777,36,3957,2201,2201,1591,97,0,68,0,577,8,6,2,8
29,23,moe,625,33,10205,5261,5262,4577,283,0,83,0,702,8,3,5,8
29,24,moe,767,34,7855,4042,4043,3539,229,0,44,0,701,8,4,4,8
29,25,moe,767,36,7826,4018,4018,3533,230,0,45,0,705,8,4,4,8
29,26,moe,623,33,9067,4302,4302,4428,284,0,53,0,706,8,3,5,8
29,-1,epi,0,0,0,0,0,0,0,0,5409,0,0,0,0,0,0
30,-2,pre,172,0,0,0,0,0,0,0,0,0,0,0,0,0,0
30,0,dense,1360,37,0,0,0,0,0,0,0,0,0,0,0,0,0
30,1,moe,784,34,11470,5743,5744,5321,341,0,64,0,708,8,2,6,8
30,2,moe,698,30,6618,3720,3720,2679,178,0,41,0,703,8,5,3,8
30,3,moe,609,30,11421,5671,5671,5339,345,0,66,0,703,8,2,6,8
30,4,moe,706,31,7132,3690,3691,3146,199,1,95,0,587,8,4,4,8
30,5,moe,764,33,2247,591,591,1528,103,0,25,0,581,8,6,2,8
30,6,moe,704,33,2349,1258,1258,980,59,0,52,0,707,8,7,1,8
30,7,moe,630,30,6092,3535,3535,2349,147,0,61,0,590,8,5,3,8
30,8,moe,703,31,3204,1547,1547,1532,101,0,24,0,586,8,6,2,8
30,9,moe,769,33,4929,1931,1931,2750,173,0,75,0,703,8,5,3,8
30,10,moe,697,31,9614,4564,4564,4645,299,0,106,0,584,8,2,6,8
30,11,moe,630,31,5994,3516,3516,2294,149,0,35,0,583,8,5,3,8
30,12,moe,699,32,11217,6172,6172,4626,312,0,107,0,773,8,3,5,8
30,13,moe,800,43,6258,2766,2766,3191,209,1,91,0,593,8,4,4,8
30,14,moe,702,34,8782,4668,4668,3813,244,0,57,0,596,8,3,5,8
30,15,moe,628,32,6921,2956,2956,3653,224,0,88,0,697,8,4,4,8
30,16,moe,698,34,6992,3569,3569,3107,198,0,118,0,583,8,4,4,8
30,17,moe,765,35,8715,4616,4616,3803,243,0,53,0,585,8,3,5,8
30,18,moe,700,32,12630,5828,5828,6289,395,1,117,0,705,8,1,7,8
30,19,moe,619,33,11526,6471,6471,4664,293,0,98,0,588,8,2,6,8
30,20,moe,701,36,14240,8388,8389,5433,344,0,74,0,585,8,1,7,8
30,21,moe,783,36,10122,5187,5187,4560,280,0,95,0,711,8,3,5,8
30,22,moe,790,39,10213,5109,5109,4702,296,0,106,0,584,8,2,6,8
30,23,moe,628,37,9495,4565,4565,4556,290,0,84,0,700,8,3,5,8
30,24,moe,767,35,12039,5316,5317,6244,406,0,72,0,735,8,1,7,8
30,25,moe,793,37,8343,3473,3473,4506,289,0,75,0,714,8,3,5,8
30,26,moe,658,48,14208,6660,6660,6395,1082,0,71,0,713,8,1,7,8
30,-1,epi,0,0,0,0,0,0,0,0,5503,0,0,0,0,0,0
31,-2,pre,177,0,0,0,0,0,0,0,0,0,0,0,0,0,0
31,0,dense,1368,39,0,0,0,0,0,0,0,0,0,0,0,0,0
31,1,moe,809,40,14583,7696,7697,6365,449,0,72,0,792,8,1,7,8
31,2,moe,716,36,12834,6969,6970,5420,375,0,69,0,725,8,2,6,8
31,3,moe,671,45,14768,6912,6913,7372,394,0,89,0,719,8,1,7,8
31,4,moe,706,38,7275,3781,3781,3186,205,0,103,0,590,8,4,4,8
31,5,moe,769,35,4495,2003,2003,2293,153,0,46,0,606,8,5,3,8
31,6,moe,704,36,8424,4358,4358,3764,231,0,71,0,706,8,4,4,8
31,7,moe,617,32,7017,3608,3609,3134,201,0,73,0,586,8,4,4,8
31,8,moe,700,33,7982,4665,4666,3077,198,0,41,0,581,8,4,4,8
31,9,moe,768,32,8412,3474,3474,4558,290,0,90,0,704,8,3,5,8
31,10,moe,707,34,8359,4072,4072,3935,259,0,93,0,660,8,3,5,8
31,11,moe,664,31,12028,6232,6232,5372,351,0,73,0,600,8,1,7,8
31,12,moe,707,36,9426,6386,6386,2761,172,0,107,0,710,8,5,3,8
31,13,moe,832,49,9593,5340,5340,3901,246,0,106,0,583,8,3,5,8
31,14,moe,726,35,6261,2954,2955,3056,200,0,50,0,592,8,4,4,8
31,15,moe,622,31,12531,6614,6614,5468,343,1,105,0,705,8,2,6,8
31,16,moe,701,32,10711,4005,4006,6191,396,0,118,0,591,8,0,8,8
31,17,moe,783,40,12117,6371,6371,5330,347,0,69,0,588,8,1,7,8
31,18,moe,703,33,12960,6080,6081,6368,391,0,120,0,713,8,1,7,8
31,19,moe,622,32,9166,4104,4105,4653,292,0,116,0,588,8,2,6,8
31,20,moe,709,32,8148,4056,4056,3799,245,0,48,0,584,8,3,5,8
31,21,moe,13387,37,7274,3299,3300,3661,227,0,86,0,719,8,4,4,8
31,22,moe,781,35,8112,3884,3884,3883,248,0,97,0,590,8,3,5,8
31,23,moe,623,31,12215,6322,6323,5452,341,0,99,0,709,8,2,6,8
31,24,moe,766,32,13933,6316,6316,7081,449,0,87,0,706,8,0,8,8
31,25,moe,782,32,13080,6388,6390,6229,394,0,67,0,719,8,1,7,8
31,26,moe,612,31,12479,5172,5172,6250,987,0,70,0,702,8,1,7,8
31,-1,epi,0,0,0,0,0,0,0,0,5391,0,0,0,0,0,0
32,-2,pre,218,0,0,0,0,0,0,0,0,0,0,0,0,0,0
32,0,dense,1362,39,0,0,0,0,0,0,0,0,0,0,0,0,0
32,1,moe,781,34,9534,4766,4766,4430,278,0,60,0,704,8,3,5,8
32,2,moe,708,33,5831,2961,2961,2668,167,0,35,0,723,8,5,3,8
32,3,moe,625,239,17627,11747,11747,5420,379,0,81,0,736,8,2,6,8
32,4,moe,707,39,6628,3056,3056,3267,207,0,98,0,607,8,4,4,8
32,5,moe,801,47,4115,1611,1611,2317,150,0,37,0,605,8,5,3,8
32,6,moe,769,48,3922,1786,1786,1954,117,0,65,0,707,8,6,2,8
32,7,moe,625,36,6091,3479,3479,2376,151,0,85,0,591,8,5,3,8
32,8,moe,716,39,5053,2546,2546,2300,154,0,53,0,593,8,5,3,8
32,9,moe,770,41,4971,1934,1934,2792,168,0,77,0,704,8,5,3,8
32,10,moe,701,40,6278,2831,2831,3162,194,0,91,0,589,8,4,4,8
32,11,moe,625,34,7217,3107,3107,3809,246,0,55,0,591,8,3,5,8
32,12,moe,701,38,7125,3152,3153,3671,225,0,76,0,707,8,4,4,8
32,13,moe,769,41,8764,6185,6186,2362,146,0,70,0,598,8,5,3,8
32,14,moe,705,35,4938,2457,2457,2295,147,0,39,0,592,8,5,3,8
32,15,moe,616,34,6969,2974,2974,3669,229,0,97,0,704,8,4,4,8
32,16,moe,704,40,7305,3091,3092,3877,250,0,86,0,591,8,3,5,8
32,17,moe,776,35,7294,3160,3160,3825,262,0,47,0,593,8,3,5,8
32,18,moe,706,36,10783,4921,4924,5428,335,0,96,0,704,8,2,6,8
32,19,moe,611,35,11598,6592,6593,4621,290,0,94,0,593,8,2,6,8
32,20,moe,700,38,5839,3373,3373,2281,147,0,38,0,591,8,5,3,8
32,21,moe,764,37,10666,5744,5744,4540,286,0,96,0,703,8,3,5,8
32,22,moe,764,37,10774,5724,5724,4656,294,0,100,0,586,8,2,6,8
32,23,moe,622,37,8815,4839,4839,3672,226,0,78,0,708,8,4,4,8
32,24,moe,762,36,9468,3735,3736,5320,347,0,65,0,718,8,2,6,8
32,25,moe,770,36,8973,4215,4215,4430,281,0,47,0,706,8,3,5,8
32,26,moe,625,38,8718,4739,4739,3539,397,0,43,0,754,8,4,4,8
32,-1,epi,0,0,0,0,0,0,0,0,5400,0,0,0,0,0,0
33,-2,pre,212,0,0,0,0,0,0,0,0,0,0,0,0,0,0
33,0,dense,1374,37,0,0,0,0,0,0,0,0,0,0,0,0,0
33,1,moe,803,36,10677,5882,5882,4463,281,0,51,0,705,8,3,5,8
33,2,moe,702,36,6451,3587,3587,2654,166,0,44,0,708,8,5,3,8
33,3,moe,623,34,4715,2796,2796,1774,114,0,31,0,696,8,6,2,8
33,4,moe,699,34,3968,2216,2216,1577,99,0,76,0,592,8,6,2,8
33,5,moe,774,40,3895,2232,2232,1535,100,0,28,0,598,8,6,2,8
33,6,moe,699,34,6665,3638,3639,2771,173,0,82,0,706,8,5,3,8
33,7,moe,619,33,1200,268,268,831,51,0,50,0,595,8,7,1,8
33,8,moe,704,34,7674,5199,5199,2290,147,0,38,0,590,8,5,3,8
33,9,moe,778,40,3636,1598,1598,1874,116,0,48,0,709,8,6,2,8
33,10,moe,699,37,6983,3573,3573,3125,194,0,91,0,590,8,4,4,8
33,11,moe,613,33,4133,1668,1668,2279,149,0,37,0,592,8,5,3,8
33,12,moe,704,38,8847,4886,4887,3655,225,0,80,0,706,8,4,4,8
33,13,moe,773,35,3158,1391,1391,1601,101,0,65,0,586,8,6,2,8
33,14,moe,703,35,6206,2920,2920,3048,193,0,45,0,588,8,4,4,8
33,15,moe,623,34,5172,1221,1222,3648,223,0,79,0,705,8,4,4,8
33,16,moe,709,37,4450,1878,1878,2353,147,0,72,0,594,8,5,3,8
33,17,moe,776,38,5402,2109,2109,3048,202,0,43,0,589,8,4,4,8
33,18,moe,698,36,5123,2111,2111,2771,170,0,71,0,707,8,5,3,8
33,19,moe,608,33,4782,2201,2201,2358,151,0,72,0,591,8,5,3,8
33,20,moe,699,46,11903,6133,6133,5344,344,0,82,0,592,8,1,7,8
33,21,moe,767,34,10582,5680,5680,4528,283,0,91,0,701,8,3,5,8
33,22,moe,768,35,4375,1814,1815,2340,150,0,70,0,586,8,5,3,8
33,23,moe,611,32,4436,2397,2397,1868,112,0,59,0,700,8,6,2,8
33,24,moe,765,37,1294,319,320,899,58,0,17,0,704,8,7,1,8
33,25,moe,764,34,4308,2399,2399,1771,113,0,25,0,702,8,6,2,8
33,26,moe,620,33,8,0,0,0,0,0,8,0,802,8,8,0,8
33,-1,epi,0,0,0,0,0,0,0,0,5475,0,0,0,0,0,0
34,-2,pre,214,0,0,0,0,0,0,0,0,0,0,0,0,0,0
34,0,dense,1376,38,0,0,0,0,0,0,0,0,0,0,0,0,0
34,1,moe,784,38,7666,2823,2823,4505,286,1,51,0,713,8,3,5,8
34,2,moe,710,36,6055,2234,2235,3547,229,0,44,0,703,8,4,4,8
34,3,moe,626,36,7249,3417,3417,3556,231,0,45,0,705,8,4,4,8
34,4,moe,696,37,4574,1971,1971,2370,151,0,82,0,588,8,5,3,8
34,5,moe,775,33,4032,2385,2385,1522,99,0,26,0,581,8,6,2,8
34,6,moe,700,35,4961,1947,1947,2766,171,0,77,0,697,8,5,3,8
34,7,moe,615,32,4410,1841,1841,2354,147,0,68,0,581,8,5,3,8
34,8,moe,716,38,1110,273,273,767,51,0,19,0,584,8,7,1,8
34,9,moe,774,40,19,0,0,0,0,0,19,0,694,8,8,0,8
34,10,moe,706,32,2197,544,544,1519,103,0,31,0,590,8,6,2,8
34,11,moe,633,33,6718,3437,3437,3043,197,0,41,0,586,8,4,4,8
34,12,moe,705,33,6903,1990,1990,4544,283,0,86,0,703,8,3,5,8
34,13,moe,770,34,1138,217,217,821,49,0,51,0,581,8,7,1,8
34,14,moe,713,37,6081,2782,2782,3053,199,0,47,0,586,8,4,4,8
34,15,moe,641,37,5109,2130,2130,2745,172,0,62,0,710,8,5,3,8
34,16,moe,713,37,6540,3118,3119,3141,196,0,84,0,584,8,4,4,8
34,17,moe,768,35,7931,3750,3751,3846,283,0,51,0,577,8,3,5,8
34,18,moe,697,36,9533,4448,4449,4654,318,0,112,0,732,8,3,5,8
34,19,moe,626,36,8486,2622,2622,5578,201,0,85,0,586,8,4,4,8
34,20,moe,705,42,5405,2903,2903,2308,150,0,44,0,589,8,5,3,8
34,21,moe,777,38,8309,4301,4301,3686,230,0,92,0,704,8,4,4,8
34,22,moe,776,38,6118,2708,2708,3127,200,0,83,0,585,8,4,4,8
34,23,moe,628,34,4430,2370,2370,1891,112,0,57,0,698,8,6,2,8
34,24,moe,777,37,10144,5379,5379,4422,289,0,54,0,704,8,3,5,8
34,25,moe,775,35,5669,2772,2772,2690,169,0,38,0,700,8,5,3,8
34,26,moe,617,34,7271,3302,3302,3544,377,0,48,0,804,8,4,4,8
34,-1,epi,0,0,0,0,0,0,0,0,5429,0,0,0,0,0,0
35,-2,pre,210,0,0,0,0,0,0,0,0,0,0,0,0,0,0
35,0,dense,1379,228,0,0,0,0,0,0,0,0,0,0,0,0,0
35,1,moe,818,35,12889,8123,8124,4435,280,0,50,0,710,8,3,5,8
35,2,moe,713,33,10981,4238,4238,6461,235,0,47,0,701,8,4,4,8
35,3,moe,628,32,6575,3716,3716,2656,169,0,34,0,701,8,5,3,8
35,4,moe,698,33,5270,2680,2680,2363,146,0,81,0,586,8,5,3,8
35,5,moe,770,37,3154,1490,1490,1538,100,0,26,0,581,8,6,2,8
35,6,moe,709,35,2301,1207,1207,984,57,0,53,0,693,8,7,1,8
35,7,moe,618,34,2304,546,546,1599,97,0,62,0,585,8,6,2,8
35,8,moe,702,46,2224,564,564,1530,100,0,30,0,584,8,6,2,8
35,9,moe,781,38,5764,2774,2774,2748,174,0,68,0,697,8,5,3,8
35,10,moe,700,37,8929,5499,5499,3121,199,0,110,0,582,8,4,4,8
35,11,moe,618,34,4009,2354,2354,1524,101,0,30,0,588,8,6,2,8
35,12,moe,707,37,9181,2337,2338,6528,229,0,86,0,701,8,4,4,8
35,13,moe,773,35,3187,1419,1419,1606,99,0,63,0,592,8,6,2,8
35,14,moe,710,38,7368,3278,3278,3797,244,0,49,0,581,8,3,5,8
35,15,moe,623,34,4843,1858,1858,2744,169,0,72,0,698,8,5,3,8
35,16,moe,702,32,5095,2519,2519,2360,148,0,68,0,581,8,5,3,8
35,17,moe,762,47,6018,2744,2745,3038,194,1,40,0,584,8,4,4,8
35,18,moe,715,35,6357,2411,2412,3638,223,0,84,0,701,8,4,4,8
35,19,moe,618,29,6920,3544,3544,3098,197,0,81,0,585,8,4,4,8
35,20,moe,705,31,8673,4581,4583,3799,240,0,51,0,583,8,3,5,8
35,21,moe,769,29,4369,2285,2285,1902,116,0,66,0,700,8,6,2,8
35,22,moe,768,33,7195,2994,2994,3865,250,0,86,0,585,8,3,5,8
35,23,moe,620,29,15824,7224,7224,8227,288,0,85,0,696,8,3,5,8
35,24,moe,768,29,8617,3574,3574,4831,175,0,37,0,699,8,5,3,8
35,25,moe,766,36,7641,3823,3824,3541,228,0,48,0,699,8,4,4,8
35,26,moe,631,30,15872,7627,7628,7078,1091,0,75,0,701,8,0,8,8
35,-1,epi,0,0,0,0,0,0,0,0,5399,0,0,0,0,0,0
36,-2,pre,200,0,0,0,0,0,0,0,0,0,0,0,0,0,0
36,0,dense,1369,35,0,0,0,0,0,0,0,0,0,0,0,0,0
36,1,moe,782,30,12149,5469,5469,6220,396,0,64,0,702,8,1,7,8
36,2,moe,708,29,2277,1306,1306,894,56,1,20,0,700,8,7,1,8
36,3,moe,632,27,7888,4053,4054,3553,232,0,49,0,701,8,4,4,8
36,4,moe,699,29,3337,1562,1562,1604,101,0,70,0,580,8,6,2,8
36,5,moe,779,29,3806,2156,2156,1524,100,0,26,0,582,8,6,2,8
36,6,moe,707,29,3551,1479,1480,1898,115,0,58,0,704,8,6,2,8
36,7,moe,631,30,6170,2788,2788,3100,197,0,85,0,582,8,4,4,8
36,8,moe,706,28,9,0,0,0,0,0,9,0,568,8,8,0,8
36,9,moe,765,29,4535,2488,2488,1870,114,0,63,0,706,8,6,2,8
36,10,moe,712,29,4106,2347,2347,1587,100,0,72,0,592,8,6,2,8
36,11,moe,617,28,1107,278,278,762,49,0,18,0,589,8,7,1,8
36,12,moe,702,28,8016,4047,4047,3670,225,0,74,0,705,8,4,4,8
36,13,moe,770,30,4046,2302,2302,1584,98,0,62,0,579,8,6,2,8
36,14,moe,711,31,7732,3407,3407,4136,152,0,37,0,582,8,5,3,8
36,15,moe,625,28,5575,2609,2609,2735,170,0,61,0,705,8,5,3,8
36,16,moe,711,32,4429,1848,1848,2358,149,0,74,0,588,8,5,3,8
36,17,moe,772,30,7981,3852,3852,3819,249,0,61,0,590,8,3,5,8
36,18,moe,713,31,5872,2854,2854,2770,172,0,76,0,699,8,5,3,8
36,19,moe,619,29,7706,4267,4267,3132,214,0,93,0,586,8,4,4,8
36,20,moe,723,33,7630,4339,4339,3047,197,0,47,0,589,8,4,4,8
36,21,moe,780,33,8820,4845,4845,3668,225,0,82,0,708,8,4,4,8
36,22,moe,767,31,9750,5528,5528,3887,245,0,90,0,583,8,3,5,8
36,23,moe,622,29,8741,4788,4788,3649,226,0,78,0,703,8,4,4,8
36,24,moe,774,34,7855,4022,4022,3552,233,0,48,0,700,8,4,4,8
36,25,moe,771,29,10080,5300,5300,4429,291,0,60,0,711,8,3,5,8
36,26,moe,621,28,4673,1819,1819,2652,167,0,35,0,696,8,5,3,8
36,-1,epi,0,0,0,0,0,0,0,0,5422,0,0,0,0,0,0
37,-2,pre,212,0,0,0,0,0,0,0,0,0,0,0,0,0,0
37,0,dense,1370,35,0,0,0,0,0,0,0,0,0,0,0,0,0
37,1,moe,782,30,9301,2335,2336,6659,262,0,44,0,796,8,4,4,8
37,2,moe,715,34,7816,2613,2614,4972,187,0,43,0,717,8,5,3,8
37,3,moe,634,29,7802,2755,2755,4837,168,0,42,0,710,8,5,3,8
37,4,moe,722,32,10994,5141,5141,5577,197,0,79,0,590,8,4,4,8
37,5,moe,779,32,7763,3437,3437,4142,148,0,36,0,592,8,5,3,8
37,6,moe,726,35,11,0,0,0,0,0,11,0,700,8,8,0,8
37,7,moe,615,28,5086,2183,2183,2769,99,0,35,0,592,8,6,2,8
37,8,moe,721,34,7780,3452,3453,4140,151,0,36,0,589,8,5,3,8
37,9,moe,781,35,6030,2472,2472,3381,113,0,64,0,704,8,6,2,8
37,10,moe,710,30,2755,1150,1150,1501,51,0,53,0,585,8,7,1,8
37,11,moe,628,31,8434,2674,2674,5513,195,0,52,0,588,8,4,4,8
37,12,moe,723,30,8255,4301,4301,3644,226,0,84,0,709,8,4,4,8
37,13,moe,767,31,4460,1431,1431,2858,101,0,70,0,587,8,6,2,8
37,14,moe,702,29,6786,2469,2469,4135,149,0,33,0,593,8,5,3,8
37,15,moe,626,28,7936,3961,3961,3663,225,0,87,0,707,8,4,4,8
37,16,moe,702,28,9723,3849,3849,5584,197,0,93,0,597,8,4,4,8
37,17,moe,771,35,12677,5462,5462,6910,249,0,56,0,591,8,3,5,8
37,18,moe,709,43,5046,1526,1527,3342,116,0,61,0,700,8,6,2,8
37,19,moe,626,28,6565,3153,3153,3116,199,0,97,0,596,8,4,4,8
37,20,moe,699,31,1990,1155,1155,766,51,0,18,0,581,8,7,1,8
37,21,moe,769,30,3638,1555,1555,1914,113,0,56,0,705,8,6,2,8
37,22,moe,7324,29,5046,2446,2446,2369,147,0,84,0,595,8,5,3,8
37,23,moe,923,27,11890,4996,4997,6590,224,0,79,0,705,8,4,4,8
37,24,moe,780,30,17258,7237,7237,9619,341,0,61,0,715,8,2,6,8
37,25,moe,773,32,14544,6165,6166,8038,287,0,53,0,707,8,3,5,8
37,26,moe,624,27,16769,6727,6727,9632,341,0,69,0,704,8,2,6,8
37,-1,epi,0,0,0,0,0,0,0,0,5372,0,0,0,0,0,0
38,-2,pre,985,0,0,0,0,0,0,0,0,0,0,0,0,0,0
38,0,dense,1368,39,0,0,0,0,0,0,0,0,0,0,0,0,0
38,1,moe,777,36,12345,5612,5613,6459,227,0,46,0,707,8,4,4,8
38,2,moe,700,34,10,0,0,0,0,0,10,0,687,8,8,0,8
38,3,moe,626,34,7786,2738,2738,4843,168,0,37,0,706,8,5,3,8
38,4,moe,701,34,2104,1147,1147,845,51,0,61,0,579,8,7,1,8
38,5,moe,770,35,2543,1087,1087,1385,49,0,22,0,592,8,7,1,8
38,6,moe,714,39,2293,1181,1181,1000,58,0,54,0,721,8,7,1,8
38,7,moe,619,34,9,0,0,0,0,0,9,0,581,8,8,0,8
38,8,moe,728,42,4573,1533,1534,2868,98,0,73,0,590,8,6,2,8
38,9,moe,770,34,3085,1199,1199,1778,59,0,49,0,706,8,7,1,8
38,10,moe,707,34,2094,1150,1150,840,52,0,52,0,584,8,7,1,8
38,11,moe,623,34,6011,3513,3513,2312,151,0,35,0,590,8,5,3,8
38,12,moe,710,34,9,0,0,0,0,0,9,0,699,8,8,0,8
38,13,moe,782,35,8,0,0,0,0,0,8,0,581,8,8,0,8
38,14,moe,704,38,2037,1193,1193,769,52,0,23,0,590,8,7,1,8
38,15,moe,614,31,6005,2967,2967,2789,175,0,74,0,705,8,5,3,8
38,16,moe,705,33,6984,3571,3571,3130,201,0,82,0,603,8,4,4,8
38,17,moe,772,34,6243,2935,2936,3058,201,0,48,0,597,8,4,4,8
38,18,moe,706,33,8,0,0,0,0,0,8,0,698,8,8,0,8
38,19,moe,628,37,3872,2209,2209,1532,102,0,29,0,590,8,6,2,8
38,20,moe,712,33,7733,3411,3411,4141,146,0,35,0,587,8,5,3,8
38,21,moe,785,38,10901,3979,3979,6611,232,0,79,0,704,8,4,4,8
38,22,moe,1561,33,7801,3366,3366,4210,146,0,79,0,589,8,5,3,8
38,23,moe,620,36,13626,5047,5047,8221,280,0,78,0,704,8,3,5,8
38,24,moe,777,34,10643,3871,3871,6483,245,0,44,0,708,8,4,4,8
38,25,moe,785,39,3984,2060,2060,1779,116,0,29,0,706,8,6,2,8
38,26,moe,643,39,8951,5147,5147,3538,224,0,42,0,703,8,4,4,8
38,-1,epi,0,0,0,0,0,0,0,0,5405,0,0,0,0,0,0
39,-2,pre,216,0,0,0,0,0,0,0,0,0,0,0,0,0,0
39,0,dense,1371,36,0,0,0,0,0,0,0,0,0,0,0,0,0
39,1,moe,784,51,4379,2466,2466,1766,115,0,32,0,710,8,6,2,8
39,2,moe,707,32,8537,4694,4695,3562,232,0,48,0,713,8,4,4,8
39,3,moe,624,33,7753,3928,3929,3553,227,0,44,0,710,8,4,4,8
39,4,moe,697,34,8033,4589,4589,3144,201,1,98,0,587,8,4,4,8
39,5,moe,774,36,1162,296,296,789,58,0,19,0,593,8,7,1,8
39,6,moe,706,37,1378,287,287,986,60,0,45,0,707,8,7,1,8
39,7,moe,624,31,6199,3614,3615,2360,146,0,78,0,592,8,5,3,8
39,8,moe,703,42,5704,3240,3241,2278,150,0,35,0,588,8,5,3,8
39,9,moe,766,44,9267,4328,4328,4556,292,0,91,0,715,8,3,5,8
39,10,moe,701,36,3977,2221,2221,1588,101,0,67,0,586,8,6,2,8
39,11,moe,620,31,6882,3574,3575,3057,201,0,49,0,588,8,4,4,8
39,12,moe,693,36,6772,3784,3784,2757,168,0,63,0,706,8,5,3,8
39,13,moe,766,38,3525,881,881,2399,163,0,82,0,656,8,5,3,8
39,14,moe,709,36,2109,1254,1254,774,56,0,25,0,664,8,7,1,8
39,15,moe,675,33,15841,5694,5694,9697,338,0,112,0,713,8,2,6,8
39,16,moe,722,40,6050,3459,3460,2363,145,0,82,0,592,8,5,3,8
39,17,moe,782,36,6856,3545,3545,3070,196,0,45,0,594,8,4,4,8
39,18,moe,707,35,5399,1416,1416,3662,229,0,92,0,710,8,4,4,8
39,19,moe,622,35,8230,3986,3986,3897,251,0,96,0,595,8,3,5,8
39,20,moe,705,37,7793,4484,4484,3061,203,0,45,0,593,8,4,4,8
39,21,moe,777,40,10150,5228,5228,4542,287,0,93,0,706,8,3,5,8
39,22,moe,771,37,8324,4103,4104,3879,245,0,96,0,591,8,3,5,8
39,23,moe,625,34,12773,6937,6937,5409,339,0,88,0,706,8,2,6,8
39,24,moe,776,37,12387,6667,6667,5312,340,0,68,0,716,8,2,6,8
39,25,moe,772,35,13406,6728,6728,6218,393,0,67,0,707,8,1,7,8
39,26,moe,627,34,8741,4929,4929,3540,227,0,45,0,706,8,4,4,8
39,-1,epi,0,0,0,0,0,0,0,0,5403,0,0,0,0,0,0
40,-2,pre,186,0,0,0,0,0,0,0,0,0,0,0,0,0,0
40,0,dense,1362,37,0,0,0,0,0,0,0,0,0,0,0,0,0
40,1,moe,793,45,4418,2496,2496,1771,116,0,35,0,708,8,6,2,8
40,2,moe,703,33,5654,2292,2292,3218,112,0,32,0,707,8,6,2,8
40,3,moe,626,32,16202,6168,6168,9631,341,0,62,0,697,8,2,6,8
40,4,moe,724,34,6147,3562,3562,2355,149,0,81,0,584,8,5,3,8
40,5,moe,773,36,4297,1828,1828,2281,156,0,32,0,590,8,5,3,8
40,6,moe,721,33,3580,1521,1522,1877,114,0,67,0,708,8,6,2,8
40,7,moe,622,33,8786,5405,5405,3098,199,0,84,0,597,8,4,4,8
40,8,moe,709,37,1933,1098,1099,767,49,0,18,0,586,8,7,1,8
40,9,moe,767,34,2385,1261,1261,1012,61,0,51,0,715,8,7,1,8
40,10,moe,707,36,7165,3769,3769,3121,193,0,82,0,588,8,4,4,8
40,11,moe,630,34,3844,2177,2177,1531,98,0,38,0,593,8,6,2,8
40,12,moe,709,40,2371,1271,1271,995,57,0,48,0,701,8,7,1,8
40,13,moe,770,33,7697,4294,4294,3128,197,0,78,0,593,8,4,4,8
40,14,moe,709,34,5861,3400,3400,2276,150,0,35,0,591,8,5,3,8
40,15,moe,614,35,7850,3912,3912,3639,226,0,73,0,708,8,4,4,8
40,16,moe,704,33,4358,1767,1767,2369,145,0,77,0,593,8,5,3,8
40,17,moe,771,35,3091,1437,1437,1520,100,0,34,0,592,8,6,2,8
40,18,moe,711,34,8017,4092,4092,3618,226,0,81,0,711,8,4,4,8
40,19,moe,627,31,5022,2455,2455,2351,149,0,67,0,592,8,5,3,8
40,20,moe,704,36,7828,4534,4535,3050,196,0,47,0,591,8,4,4,8
40,21,moe,768,34,6809,3785,3785,2785,167,0,72,0,711,8,5,3,8
40,22,moe,769,39,3930,2169,2169,1597,98,0,66,0,590,8,6,2,8
40,23,moe,623,32,10866,5955,5955,4543,278,0,90,0,707,8,3,5,8
40,24,moe,767,34,8649,4849,4849,3532,227,0,41,0,710,8,4,4,8
40,25,moe,766,34,8329,3571,3571,4423,283,0,52,0,702,8,3,5,8
40,26,moe,623,34,8893,4120,4121,4439,282,0,51,0,711,8,3,5,8
40,-1,epi,0,0,0,0,0,0,0,0,5421,0,0,0,0,0,0
41,-2,pre,44,0,0,0,0,0,0,0,0,0,0,0,0,0,0
41,0,dense,1383,39,0,0,0,0,0,0,0,0,0,0,0,0,0
41,1,moe,786,36,8082,5191,5191,2668,180,0,43,0,709,8,5,3,8
41,2,moe,700,37,7741,3898,3898,3562,231,0,50,0,707,8,4,4,8
41,3,moe,633,41,6543,3671,3672,2657,174,0,40,0,704,8,5,3,8
41,4,moe,701,36,5975,3370,3370,2370,151,0,84,0,591,8,5,3,8
41,5,moe,767,37,7744,4443,4443,3055,197,0,49,0,588,8,4,4,8
41,6,moe,705,34,6124,3130,3130,2764,170,0,60,0,714,8,5,3,8
41,7,moe,628,36,10,0,0,0,0,0,10,0,575,8,8,0,8
41,8,moe,705,33,17,0,0,0,0,0,17,0,579,8,8,0,8
41,9,moe,778,36,2011,326,326,1609,57,0,19,0,700,8,7,1,8
41,10,moe,709,35,5445,2832,2832,2377,151,0,85,0,587,8,5,3,8
41,11,moe,617,33,4638,1755,1755,2755,101,0,27,0,592,8,6,2,8
41,12,moe,707,29,9,0,0,0,0,0,9,0,689,8,8,0,8
41,13,moe,771,30,3927,2258,2258,1538,99,0,32,0,587,8,6,2,8
41,14,moe,704,30,9547,3785,3785,5518,198,0,46,0,599,8,4,4,8
41,15,moe,608,28,2297,1184,1184,994,58,0,61,0,702,8,7,1,8
41,16,moe,713,30,6021,3370,3370,2404,162,0,85,0,588,8,5,3,8
41,17,moe,775,30,8,0,0,0,0,0,8,0,576,8,8,0,8
41,18,moe,703,28,1425,318,318,991,58,0,58,0,713,8,7,1,8
41,19,moe,632,28,3169,1403,1403,1603,102,0,61,0,583,8,6,2,8
41,20,moe,715,30,3892,2247,2247,1520,99,0,26,0,590,8,6,2,8
41,21,moe,774,30,6226,2693,2693,3356,112,0,65,0,701,8,6,2,8
41,22,moe,772,29,2735,1158,1158,1471,50,0,56,0,583,8,7,1,8
41,23,moe,616,29,6745,3716,3716,2783,167,0,79,0,707,8,5,3,8
41,24,moe,774,28,5649,2753,2753,2689,168,0,39,0,704,8,5,3,8
41,25,moe,769,29,5612,2740,2740,2660,169,1,42,0,705,8,5,3,8
41,26,moe,630,28,4251,2328,2328,1784,114,0,25,0,703,8,6,2,8
41,-1,epi,0,0,0,0,0,0,0,0,5459,0,0,0,0,0,0
42,-2,pre,210,0,0,0,0,0,0,0,0,0,0,0,0,0,0
42,0,dense,1377,31,0,0,0,0,0,0,0,0,0,0,0,0,0
42,1,moe,807,34,8003,4087,4088,3610,255,0,50,0,790,8,4,4,8
42,2,moe,734,33,8606,4747,4750,3575,229,1,51,0,718,8,4,4,8
42,3,moe,626,30,7832,2749,2749,4873,170,0,40,0,711,8,5,3,8
42,4,moe,723,32,12480,5158,5160,6961,250,0,109,0,594,8,3,5,8
42,5,moe,773,43,9747,5645,5645,3803,248,0,51,0,599,8,3,5,8
42,6,moe,701,32,4582,2528,2528,1872,115,0,67,0,710,8,6,2,8
42,7,moe,625,31,7987,4538,4538,3157,196,0,96,0,593,8,4,4,8
42,8,moe,702,31,9451,6174,6174,3041,194,0,42,0,591,8,4,4,8
42,9,moe,770,32,6935,3923,3924,2758,168,0,85,0,708,8,5,3,8
42,10,moe,711,31,5200,2620,2621,2358,147,0,74,0,590,8,5,3,8
42,11,moe,611,28,5736,3271,3271,2283,146,0,36,0,591,8,5,3,8
42,12,moe,712,28,6780,3759,3759,2780,169,0,72,0,708,8,5,3,8
42,13,moe,769,29,4003,2237,2237,1602,98,0,66,0,598,8,6,2,8
42,14,moe,713,29,7728,4431,4431,3052,198,0,47,0,592,8,4,4,8
42,15,moe,623,33,7178,3206,3206,3653,232,1,86,0,709,8,4,4,8
42,16,moe,703,29,5386,2351,2352,2863,99,0,72,0,589,8,6,2,8
42,17,moe,771,30,10225,4455,4455,5516,203,0,51,0,600,8,4,4,8
42,18,moe,701,37,8819,3610,3610,4965,169,0,75,0,708,8,5,3,8
42,19,moe,631,28,6193,2796,2796,3121,197,0,79,0,591,8,4,4,8
42,20,moe,699,28,3971,2308,2308,1536,101,0,26,0,600,8,6,2,8
42,21,moe,784,29,3577,1542,1542,1858,113,0,64,0,702,8,6,2,8
42,22,moe,766,29,5871,3282,3282,2357,148,0,84,0,585,8,5,3,8
42,23,moe,624,34,4512,2442,2442,1900,115,0,55,0,703,8,6,2,8
42,24,moe,777,38,1273,296,296,895,60,0,22,0,705,8,7,1,8
42,25,moe,768,29,10763,4042,4042,6455,223,0,43,0,705,8,4,4,8
42,26,moe,623,28,3958,613,613,3207,113,0,25,0,698,8,6,2,8
42,-1,epi,0,0,0,0,0,0,0,0,5451,0,0,0,0,0,0
43,-2,pre,224,0,0,0,0,0,0,0,0,0,0,0,0,0,0
43,0,dense,1368,32,0,0,0,0,0,0,0,0,0,0,0,0,0
43,1,moe,789,38,6638,3758,3758,2655,174,0,51,0,709,8,5,3,8
43,2,moe,708,32,2855,1157,1158,1620,57,0,20,0,706,8,7,1,8
43,3,moe,633,29,2915,1221,1221,1618,56,0,20,0,701,8,7,1,8
43,4,moe,711,31,5497,2893,2893,2375,145,0,84,0,590,8,5,3,8
43,5,moe,772,29,9,0,0,0,0,0,9,0,584,8,8,0,8
43,6,moe,703,28,5956,2952,2952,2758,169,0,77,0,712,8,5,3,8
43,7,moe,616,27,5945,3363,3363,2359,148,0,75,0,583,8,5,3,8
43,8,moe,703,29,1957,1123,1123,765,49,0,20,0,592,8,7,1,8
43,9,moe,771,30,4478,2414,2414,1886,113,0,65,0,706,8,6,2,8
43,10,moe,705,29,7959,4926,4926,2863,104,0,66,0,584,8,6,2,8
43,11,moe,626,28,4281,1387,1387,2762,103,0,29,0,589,8,6,2,8
43,12,moe,703,32,11677,4765,4765,6600,231,0,81,0,704,8,4,4,8
43,13,moe,780,29,2717,1135,1135,1474,51,0,57,0,583,8,7,1,8
43,14,moe,703,29,2630,1172,1172,1386,50,0,22,0,590,8,7,1,8
43,15,moe,625,28,5901,2356,2356,3363,118,0,64,0,703,8,6,2,8
43,16,moe,702,29,5939,3291,3291,2408,152,0,88,0,586,8,5,3,8
43,17,moe,780,36,7763,4474,4474,3049,196,0,44,0,605,8,4,4,8
43,18,moe,708,32,9,0,0,0,0,0,9,0,700,8,8,0,8
43,19,moe,624,27,3138,1484,1484,1528,98,0,28,0,591,8,6,2,8
43,20,moe,710,27,3046,1405,1405,1517,100,0,24,0,588,8,6,2,8
43,21,moe,771,30,3735,1640,1640,1915,114,0,66,0,697,8,6,2,8
43,22,moe,777,29,2095,1173,1173,818,52,0,52,0,585,8,7,1,8
43,23,moe,11963,29,6627,3609,3610,2784,169,0,64,0,703,8,5,3,8
43,24,moe,769,29,5542,2690,2690,2654,166,0,32,0,709,8,5,3,8
43,25,moe,769,30,4282,2367,2367,1775,114,0,26,0,710,8,6,2,8
43,26,moe,623,28,2172,1203,1203,890,58,0,21,0,709,8,7,1,8
43,-1,epi,0,0,0,0,0,0,0,0,5502,0,0,0,0,0,0
44,-2,pre,264,0,0,0,0,0,0,0,0,0,0,0,0,0,0
44,0,dense,1377,39,0,0,0,0,0,0,0,0,0,0,0,0,0
44,1,moe,784,34,3069,1369,1369,1623,57,0,20,0,710,8,7,1,8
44,2,moe,704,35,4901,1525,1525,3237,113,0,26,0,706,8,6,2,8
44,3,moe,637,36,6613,3723,3724,2683,169,0,37,0,710,8,5,3,8
44,4,moe,702,34,7917,4476,4477,3140,200,0,100,0,593,8,4,4,8
44,5,moe,771,35,6913,3607,3607,3058,200,0,48,0,594,8,4,4,8
44,6,moe,704,34,2323,1204,1204,1000,58,0,61,0,705,8,7,1,8
44,7,moe,620,34,6019,3445,3445,2351,145,0,78,0,613,8,5,3,8
44,8,moe,711,35,3897,2251,2252,1518,97,0,30,0,601,8,6,2,8
44,9,moe,773,35,2495,1388,1388,992,58,0,57,0,704,8,7,1,8
44,10,moe,709,37,7018,2562,2562,4230,150,0,76,0,604,8,5,3,8
44,11,moe,613,32,7686,3360,3360,4143,150,0,33,0,588,8,5,3,8
44,12,moe,701,34,9133,6107,6108,2788,173,0,64,0,706,8,5,3,8
44,13,moe,769,35,5901,3318,3318,2352,152,0,79,0,586,8,5,3,8
44,14,moe,705,35,8676,4553,4553,3822,246,0,55,0,597,8,3,5,8
44,15,moe,623,32,5824,2829,2830,2749,170,0,75,0,703,8,5,3,8
44,16,moe,703,35,5117,2512,2512,2387,152,0,66,0,587,8,5,3,8
44,17,moe,774,34,5444,2144,2144,3057,200,0,43,0,592,8,4,4,8
44,18,moe,714,35,4522,2405,2405,1915,139,0,63,0,744,8,6,2,8
44,19,moe,660,39,7804,4311,4311,3174,211,0,108,0,588,8,4,4,8
44,20,moe,706,36,1998,1150,1150,772,54,0,22,0,587,8,7,1,8
44,21,moe,785,36,14766,7918,7920,6333,398,0,115,0,718,8,1,7,8
44,22,moe,774,39,9740,5493,5493,3896,245,0,106,0,593,8,3,5,8
44,23,moe,2777,35,12230,6363,6364,5432,337,0,97,0,712,8,2,6,8
44,24,moe,773,35,8627,4825,4825,3532,227,0,43,0,709,8,4,4,8
44,25,moe,767,34,10974,6200,6201,4438,285,0,50,0,710,8,3,5,8
44,26,moe,632,33,10811,6028,6028,4444,287,0,52,0,713,8,3,5,8
44,-1,epi,0,0,0,0,0,0,0,0,5421,0,0,0,0,0,0
45,-2,pre,205,0,0,0,0,0,0,0,0,0,0,0,0,0,0
45,0,dense,1387,41,0,0,0,0,0,0,0,0,0,0,0,0,0
45,1,moe,798,46,10,0,0,0,0,0,10,0,720,8,8,0,8
45,2,moe,738,38,3432,1526,1526,1766,112,0,28,0,711,8,6,2,8
45,3,moe,658,33,2162,1199,1199,884,57,0,22,0,706,8,7,1,8
45,4,moe,716,36,5463,2419,2419,2873,98,0,73,0,591,8,6,2,8
45,5,moe,773,36,3836,2176,2176,1535,99,0,26,0,594,8,6,2,8
45,6,moe,713,41,4476,2422,2422,1868,113,0,73,0,724,8,6,2,8
45,7,moe,628,34,1197,273,273,822,50,0,52,0,582,8,7,1,8
45,8,moe,704,33,3907,2259,2259,1524,99,0,25,0,595,8,6,2,8
45,9,moe,776,34,4523,2465,2465,1881,114,0,63,0,700,8,6,2,8
45,10,moe,719,34,9,0,0,0,0,0,9,0,582,8,8,0,8
45,11,moe,625,36,7258,5497,5497,1589,99,0,73,0,588,8,6,2,8
45,12,moe,706,34,8709,4732,4733,3658,231,0,87,0,713,8,4,4,8
45,13,moe,770,35,4042,2288,2288,1592,96,0,66,0,588,8,6,2,8
45,14,moe,722,42,3865,2222,2222,1519,97,0,27,0,607,8,6,2,8
45,15,moe,627,43,2365,1268,1268,991,56,1,49,0,700,8,7,1,8
45,16,moe,701,33,5902,3335,3335,2343,150,0,74,0,590,8,5,3,8
45,17,moe,774,33,3783,2138,2138,1519,97,0,29,0,589,8,6,2,8
45,18,moe,707,46,3592,1532,1532,1875,113,0,72,0,711,8,6,2,8
45,19,moe,622,32,5100,2540,2540,2345,147,0,68,0,590,8,5,3,8
45,20,moe,701,32,7612,4328,4328,3038,197,0,49,0,626,8,4,4,8
45,21,moe,795,38,4454,2403,2403,1875,113,0,63,0,709,8,6,2,8
45,22,moe,770,33,6115,2729,2729,3107,194,0,85,0,602,8,4,4,8
45,23,moe,627,35,10752,5871,5871,4518,280,0,83,0,705,8,3,5,8
45,24,moe,785,36,6499,3638,3638,2653,167,0,41,0,708,8,5,3,8
45,25,moe,780,40,9062,4310,4310,4423,279,0,50,0,708,8,3,5,8
45,26,moe,632,37,7670,3850,3850,3553,223,0,44,0,702,8,4,4,8
45,-1,epi,0,0,0,0,0,0,0,0,5447,0,0,0,0,0,0
46,-2,pre,77,0,0,0,0,0,0,0,0,0,0,0,0,0,0
46,0,dense,1373,39,0,0,0,0,0,0,0,0,0,0,0,0,0
46,1,moe,789,37,5843,2464,2465,3232,114,0,32,0,705,8,6,2,8
46,2,moe,707,35,11462,4750,4750,6432,228,0,52,0,714,8,4,4,8
46,3,moe,624,36,4290,2373,2373,1776,113,0,28,0,700,8,6,2,8
46,4,moe,703,32,8452,4213,4214,3891,244,0,103,0,590,8,3,5,8
46,5,moe,778,38,7564,3238,3238,4143,147,0,36,0,597,8,5,3,8
46,6,moe,711,33,6670,3667,3668,2766,171,0,65,0,700,8,5,3,8
46,7,moe,628,36,2137,1207,1207,829,49,0,52,0,588,8,7,1,8
46,8,moe,707,32,7679,4384,4385,3054,197,0,43,0,592,8,4,4,8
46,9,moe,783,41,8812,4837,4837,3668,227,0,80,0,702,8,4,4,8
46,10,moe,703,37,7978,3498,3498,4247,150,0,83,0,594,8,5,3,8
46,11,moe,619,33,7651,3295,3295,4159,153,0,44,0,593,8,5,3,8
46,12,moe,704,35,6006,2480,2480,3346,115,0,65,0,700,8,6,2,8
46,13,moe,778,35,5268,2221,2221,2882,102,0,63,0,589,8,6,2,8
46,14,moe,706,35,7706,3362,3362,4154,152,0,38,0,597,8,5,3,8
46,15,moe,622,34,4501,2443,2443,1880,114,0,64,0,702,8,6,2,8
46,16,moe,729,40,4383,1803,1804,2354,148,0,77,0,589,8,5,3,8
46,17,moe,771,34,3069,1405,1406,1535,100,0,28,0,589,8,6,2,8
46,18,moe,706,37,2335,1202,1202,1020,57,0,56,0,700,8,7,1,8
46,19,moe,624,32,10,0,0,0,0,0,10,0,573,8,8,0,8
46,20,moe,702,33,9,0,0,0,0,0,9,0,573,8,8,0,8
46,21,moe,768,34,8,0,0,0,0,0,8,0,708,8,8,0,8
46,22,moe,790,39,2125,1162,1162,839,49,0,75,0,592,8,7,1,8
46,23,moe,633,33,6795,3793,3793,2759,173,0,70,0,703,8,5,3,8
46,24,moe,12038,36,9,0,0,0,0,0,9,0,702,8,8,0,8
46,25,moe,767,38,2924,1234,1234,1609,62,0,19,0,707,8,7,1,8
46,26,moe,626,39,6697,3786,3786,2685,183,0,43,0,710,8,5,3,8
46,-1,epi,0,0,0,0,0,0,0,0,5457,0,0,0,0,0,0
47,-2,pre,217,0,0,0,0,0,0,0,0,0,0,0,0,0,0
47,0,dense,1371,50,0,0,0,0,0,0,0,0,0,0,0,0,0
47,1,moe,782,35,8078,4245,4245,3551,239,0,43,0,717,8,4,4,8
47,2,moe,706,34,6513,3629,3629,2659,180,0,45,0,710,8,5,3,8
47,3,moe,625,36,6498,3630,3630,2653,180,0,35,0,712,8,5,3,8
47,4,moe,705,34,5947,3338,3338,2368,149,0,92,0,590,8,5,3,8
47,5,moe,778,33,6809,3527,3527,3043,196,0,43,0,591,8,4,4,8
47,6,moe,712,45,2354,1223,1223,1019,58,0,54,0,707,8,7,1,8
47,7,moe,618,30,7926,3434,3435,4262,150,0,79,0,596,8,5,3,8
47,8,moe,714,29,6054,3539,3539,2319,156,0,40,0,690,8,5,3,8
47,9,moe,812,34,5847,2283,2283,3354,130,0,80,0,788,8,6,2,8
47,10,moe,716,34,7874,3373,3373,4251,161,0,89,0,593,8,5,3,8
47,11,moe,639,28,1715,271,271,1372,54,0,18,0,588,8,7,1,8
47,12,moe,711,30,11732,6483,6483,4996,177,0,76,0,712,8,5,3,8
47,13,moe,851,34,4244,1072,1072,1470,51,0,1651,0,604,8,7,1,8
47,14,moe,756,38,9462,3668,3668,5546,194,0,54,0,598,8,4,4,8
47,15,moe,627,32,5029,2046,2046,2743,175,0,65,0,707,8,5,3,8
47,16,moe,738,33,6985,2499,2499,4249,154,0,83,0,596,8,5,3,8
47,17,moe,828,35,6927,2546,2546,4183,158,0,40,0,592,8,5,3,8
47,18,moe,754,32,2293,457,457,1712,58,0,66,0,715,8,7,1,8
47,19,moe,656,36,9658,3720,3720,5649,199,0,90,0,593,8,4,4,8
47,20,moe,713,30,6793,2459,2459,4148,148,0,38,0,604,8,5,3,8
47,21,moe,783,32,5523,1971,1972,3369,118,0,64,0,700,8,6,2,8
47,22,moe,779,29,3993,2238,2238,1588,99,0,68,0,582,8,6,2,8
47,23,moe,621,29,9384,4492,4493,4523,279,0,89,0,716,8,3,5,8
47,24,moe,770,30,5890,3015,3015,2659,176,0,40,0,705,8,5,3,8
47,25,moe,769,30,2971,1290,1290,1605,57,0,19,0,698,8,7,1,8
47,26,moe,639,28,3980,624,624,3218,113,0,25,0,704,8,6,2,8
47,-1,epi,0,0,0,0,0,0,0,0,5448,0,0,0,0,0,0
48,-2,pre,217,0,0,0,0,0,0,0,0,0,0,0,0,0,0
48,0,dense,1389,39,0,0,0,0,0,0,0,0,0,0,0,0,0
48,1,moe,788,29,3091,1400,1400,1610,57,0,24,0,712,8,7,1,8
48,2,moe,714,29,2000,318,318,1603,58,0,21,0,712,8,7,1,8
48,3,moe,643,33,5789,2409,2409,3240,113,0,27,0,703,8,6,2,8
48,4,moe,704,30,6001,3407,3407,2356,146,0,92,0,596,8,5,3,8
48,5,moe,776,33,1994,1158,1158,767,49,0,20,0,596,8,7,1,8
48,6,moe,704,29,2291,1181,1181,997,56,1,56,0,705,8,7,1,8
48,7,moe,613,28,2266,540,540,1571,98,0,57,0,583,8,6,2,8
48,8,moe,713,33,1988,1157,1157,763,50,0,18,0,598,8,7,1,8
48,9,moe,771,29,3577,1525,1525,1877,112,0,63,0,702,8,6,2,8
48,10,moe,712,28,5236,2636,2636,2363,153,0,84,0,590,8,5,3,8
48,11,moe,616,28,5093,2208,2208,2756,101,0,28,0,590,8,6,2,8
48,12,moe,709,29,2387,1260,1260,1013,59,0,55,0,706,8,7,1,8
48,13,moe,775,29,9,0,0,0,0,0,9,0,574,8,8,0,8
48,14,moe,711,33,2717,1115,1115,1484,51,0,67,0,593,8,7,1,8
48,15,moe,623,29,4378,2310,2310,1878,115,0,75,0,706,8,6,2,8
48,16,moe,727,29,2175,1217,1217,850,51,0,57,0,589,8,7,1,8
48,17,moe,769,30,1962,1124,1124,766,52,0,20,0,584,8,7,1,8
48,18,moe,716,29,2388,1272,1272,1003,59,0,54,0,721,8,7,1,8
48,19,moe,615,28,4417,1398,1398,2856,102,0,61,0,588,8,6,2,8
48,20,moe,709,30,7624,3300,3300,4139,151,0,34,0,593,8,5,3,8
48,21,moe,770,30,9,0,0,0,0,0,9,0,697,8,8,0,8
48,22,moe,772,28,6858,3574,3574,3038,196,0,50,0,616,8,4,4,8
48,23,moe,614,27,4400,2345,2345,1872,113,0,70,0,710,8,6,2,8
48,24,moe,775,28,4211,2299,2299,1769,113,0,30,0,710,8,6,2,8
48,25,moe,776,30,4356,2439,2439,1777,115,0,25,0,703,8,6,2,8
48,26,moe,627,30,9,0,0,0,0,0,9,0,695,8,8,0,8
48,-1,epi,0,0,0,0,0,0,0,0,5512,0,0,0,0,0,0
49,-2,pre,224,0,0,0,0,0,0,0,0,0,0,0,0,0,0
49,0,dense,1389,33,0,0,0,0,0,0,0,0,0,0,0,0,0
49,1,moe,796,33,6730,3865,3865,2655,172,0,38,0,706,8,5,3,8
49,2,moe,720,31,2013,314,314,1625,57,0,17,0,701,8,7,1,8
49,3,moe,632,30,6525,3658,3658,2662,168,0,37,0,703,8,5,3,8
49,4,moe,711,32,6130,3546,3546,2357,146,0,81,0,589,8,5,3,8
49,5,moe,788,31,3837,2184,2185,1523,97,0,32,0,608,8,6,2,8
49,6,moe,712,33,2323,1202,1202,1006,58,0,57,0,710,8,7,1,8
49,7,moe,637,28,3358,1589,1590,1606,96,0,66,0,588,8,6,2,8
49,8,moe,704,27,1976,1142,1142,767,48,0,19,0,586,8,7,1,8
49,9,moe,775,31,8721,4777,4777,3636,226,0,82,0,712,8,4,4,8
49,10,moe,706,28,5876,3308,3308,2352,147,0,69,0,590,8,5,3,8
49,11,moe,622,28,1947,1113,1113,765,49,0,20,0,588,8,7,1,8
49,12,moe,703,29,2414,1301,1301,1002,57,0,54,0,708,8,7,1,8
49,13,moe,770,29,5830,3252,3252,2359,147,0,72,0,592,8,5,3,8
49,14,moe,721,32,5249,2358,2358,2763,99,0,29,0,603,8,6,2,8
49,15,moe,623,28,3633,1531,1531,1910,121,0,71,0,707,8,6,2,8
49,16,moe,712,30,4491,1455,1456,2871,99,0,65,0,589,8,6,2,8
49,17,moe,772,28,7653,4348,4349,3060,201,0,43,0,591,8,4,4,8
49,18,moe,713,30,2391,1225,1225,1044,59,0,63,0,708,8,7,1,8
49,19,moe,621,29,10864,5833,5834,4628,295,0,107,0,593,8,2,6,8
49,20,moe,700,30,5044,2551,2552,2304,148,0,40,0,595,8,5,3,8
49,21,moe,788,244,12744,8750,8750,3680,227,0,87,0,706,8,4,4,8
49,22,moe,771,42,8918,4707,4708,3874,245,0,91,0,591,8,3,5,8
49,23,moe,637,35,11426,2878,2878,8173,288,0,87,0,706,8,3,5,8
49,24,moe,775,34,8296,3533,3533,4436,281,0,46,0,705,8,3,5,8
49,25,moe,779,36,15047,5009,5010,9632,343,0,62,0,715,8,2,6,8
49,26,moe,629,39,5042,1217,1217,3557,228,0,40,0,707,8,4,4,8
49,-1,epi,0,0,0,0,0,0,0,0,5430,0,0,0,0,0,0
50,-2,pre,47,0,0,0,0,0,0,0,0,0,0,0,0,0,0
50,0,dense,1396,42,0,0,0,0,0,0,0,0,0,0,0,0,0
50,1,moe,788,34,3525,1610,1610,1769,118,0,28,0,704,8,6,2,8
50,2,moe,749,43,6570,3686,3686,2679,172,0,33,0,709,8,5,3,8
50,3,moe,630,32,2985,1296,1296,1612,58,1,18,0,700,8,7,1,8
50,4,moe,701,33,5281,831,831,4209,145,0,96,0,585,8,5,3,8
50,5,moe,770,35,6091,2820,2820,3033,199,0,39,0,594,8,4,4,8
50,6,moe,703,35,2420,1301,1301,996,62,0,61,0,701,8,7,1,8
50,7,moe,645,37,10,0,0,0,0,0,10,0,631,8,8,0,8
50,8,moe,725,40,1236,267,267,833,54,0,82,0,662,8,7,1,8
50,9,moe,804,40,2323,1210,1210,988,62,0,63,0,748,8,7,1,8
50,10,moe,715,34,2811,1195,1195,1490,55,0,71,0,596,8,7,1,8
50,11,moe,651,33,2587,1129,1129,1382,53,0,23,0,597,8,7,1,8
50,12,moe,708,37,3111,1232,1233,1757,59,1,61,0,714,8,7,1,8
50,13,moe,788,36,11,0,0,0,0,0,11,0,578,8,8,0,8
50,14,moe,720,34,9,0,0,0,0,0,9,0,579,8,8,0,8
50,15,moe,628,38,4761,1879,1882,2665,172,0,42,0,713,8,5,3,8
50,16,moe,714,41,9906,3974,3974,5625,208,0,99,0,591,8,4,4,8
50,17,moe,784,36,6970,3653,3653,3064,208,0,45,0,595,8,4,4,8
50,18,moe,707,35,8964,3683,3683,5029,172,0,80,0,707,8,5,3,8
50,19,moe,628,33,10,0,0,0,0,0,10,0,575,8,8,0,8
50,20,moe,715,33,7210,2747,2747,4228,150,0,85,0,591,8,5,3,8
50,21,moe,786,33,10134,3207,3207,6613,228,0,86,0,706,8,4,4,8
50,22,moe,777,34,4541,1968,1968,2351,149,0,73,0,589,8,5,3,8
50,23,moe,616,32,7100,3134,3134,3664,225,0,77,0,705,8,4,4,8
50,24,moe,781,36,8097,4283,4283,3537,226,0,51,0,707,8,4,4,8
50,25,moe,772,36,5964,2590,2590,3229,117,1,27,0,704,8,6,2,8
50,26,moe,625,36,4321,2409,2409,1774,112,0,26,0,705,8,6,2,8
50,-1,epi,0,0,0,0,0,0,0,0,5461,0,0,0,0,0,0
51,-2,pre,97,0,0,0,0,0,0,0,0,0,0,0,0,0,0
51,0,dense,1387,35,0,0,0,0,0,0,0,0,0,0,0,0,0
51,1,moe,789,34,9,0,0,0,0,0,9,0,720,8,8,0,8
51,2,moe,723,33,3027,1334,1334,1609,59,0,25,0,717,8,7,1,8
51,3,moe,633,33,4972,1609,1609,3221,115,0,27,0,709,8,6,2,8
51,4,moe,704,32,8715,2776,2776,5636,203,0,100,0,593,8,4,4,8
51,5,moe,771,34,9,0,0,0,0,0,9,0,581,8,8,0,8
51,6,moe,713,39,9179,5221,5221,3655,226,0,77,0,712,8,4,4,8
51,7,moe,628,31,7924,4509,4509,3126,198,0,91,0,587,8,4,4,8
51,8,moe,705,34,5205,2306,2306,2771,101,0,27,0,597,8,6,2,8
51,9,moe,781,34,5983,2411,2411,3389,116,0,67,0,703,8,6,2,8
51,10,moe,703,33,5248,2203,2203,2871,101,0,73,0,588,8,6,2,8
51,11,moe,631,32,5093,2212,2212,2753,101,0,27,0,590,8,6,2,8
51,12,moe,719,55,4534,2474,2474,1874,114,0,72,0,705,8,6,2,8
51,13,moe,772,34,5862,3269,3270,2369,147,0,76,0,588,8,5,3,8
51,14,moe,707,35,9,0,0,0,0,0,9,0,579,8,8,0,8
51,15,moe,631,33,2392,1305,1305,970,58,0,59,0,706,8,7,1,8
51,16,moe,705,39,9979,5757,5758,3865,247,0,109,0,593,8,3,5,8
51,17,moe,770,41,3776,2117,2117,1529,102,0,28,0,587,8,6,2,8
51,18,moe,708,37,8587,4575,4575,3692,227,1,92,0,713,8,4,4,8
51,19,moe,621,38,5247,2250,2250,2817,102,0,78,0,593,8,6,2,8
51,20,moe,715,37,11749,4546,4547,6900,248,0,54,0,594,8,3,5,8
51,21,moe,781,40,16619,6377,6379,9785,345,0,110,0,710,8,2,6,8
51,22,moe,792,42,6309,3590,3590,2467,155,0,97,0,666,8,5,3,8
51,23,moe,644,35,12552,7252,7252,5026,184,0,90,0,742,8,5,3,8
51,24,moe,781,45,4689,2709,2709,1815,128,0,37,0,712,8,6,2,8
51,25,moe,808,40,9892,5083,5083,4461,283,0,65,0,717,8,3,5,8
51,26,moe,636,36,7804,3973,3973,3557,225,0,49,0,705,8,4,4,8
51,-1,epi,0,0,0,0,0,0,0,0,5458,0,0,0,0,0,0
52,-2,pre,44,0,0,0,0,0,0,0,0,0,0,0,0,0,0
52,0,dense,1405,39,0,0,0,0,0,0,0,0,0,0,0,0,0
52,1,moe,783,35,2157,1194,1194,886,56,0,21,0,708,8,7,1,8
52,2,moe,704,33,1247,280,280,882,56,0,29,0,707,8,7,1,8
52,3,moe,644,42,4441,2516,2516,1781,116,0,28,0,704,8,6,2,8
52,4,moe,702,39,7036,3618,3618,3123,197,0,98,0,584,8,4,4,8
52,5,moe,767,41,9,0,0,0,0,0,9,0,577,8,8,0,8
52,6,moe,705,33,2387,1231,1231,1037,61,0,58,0,702,8,7,1,8
52,7,moe,626,32,6170,3577,3577,2352,149,0,92,0,583,8,5,3,8
52,8,moe,705,34,1984,1147,1147,769,51,0,17,0,589,8,7,1,8
52,9,moe,773,35,4471,2421,2421,1868,114,0,68,0,703,8,6,2,8
52,10,moe,699,32,2150,1207,1207,837,50,0,56,0,585,8,7,1,8
52,11,moe,622,32,1921,1088,1088,768,48,0,17,0,581,8,7,1,8
52,12,moe,699,35,2467,1357,1357,1000,57,0,53,0,698,8,7,1,8
52,13,moe,785,35,3953,2172,2172,1620,100,0,61,0,587,8,6,2,8
52,14,moe,702,55,16,0,0,0,0,0,16,0,584,8,8,0,8
52,15,moe,618,31,2462,1379,1379,972,56,0,55,0,700,8,7,1,8
52,16,moe,704,32,5833,3248,3248,2357,149,0,79,0,587,8,5,3,8
52,17,moe,772,33,5671,2389,2389,3048,193,0,41,0,591,8,4,4,8
52,18,moe,700,220,9,0,0,0,0,0,9,0,734,8,8,0,8
52,19,moe,631,38,3745,2905,2905,770,48,0,22,0,596,8,7,1,8
52,20,moe,705,38,2222,544,544,1548,101,0,29,0,583,8,6,2,8
52,21,moe,776,35,9688,4768,4768,4544,282,0,94,0,704,8,3,5,8
52,22,moe,765,33,2689,907,907,1616,98,0,68,0,577,8,6,2,8
52,23,moe,633,38,6093,2141,2141,3655,230,0,67,0,702,8,4,4,8
52,24,moe,770,35,3494,1579,1579,1774,113,0,28,0,697,8,6,2,8
52,25,moe,764,35,4898,2038,2038,2658,170,0,32,0,697,8,5,3,8
52,26,moe,624,33,1266,303,303,890,57,0,16,0,699,8,7,1,8
52,-1,epi,0,0,0,0,0,0,0,0,5534,0,0,0,0,0,0
53,-2,pre,210,0,0,0,0,0,0,0,0,0,0,0,0,0,0
53,0,dense,1386,51,0,0,0,0,0,0,0,0,0,0,0,0,0
53,1,moe,789,35,2692,1351,1351,929,60,0,352,0,706,8,7,1,8
53,2,moe,722,34,10,0,0,0,0,0,10,0,708,8,8,0,8
53,3,moe,647,33,6680,3804,3804,2660,175,0,41,0,700,8,5,3,8
53,4,moe,701,33,1193,272,272,817,49,0,55,0,578,8,7,1,8
53,5,moe,770,41,2472,1631,1631,766,51,0,24,0,580,8,7,1,8
53,6,moe,709,74,8,0,0,0,0,0,8,0,701,8,8,0,8
53,7,moe,627,28,2095,1254,1254,768,51,0,22,0,582,8,7,1,8
53,8,moe,704,33,4105,2442,2442,1532,100,0,31,0,587,8,6,2,8
53,9,moe,776,33,5901,2819,2819,2820,172,0,90,0,708,8,5,3,8
53,10,moe,702,33,3426,833,833,2359,152,0,82,0,586,8,5,3,8
53,11,moe,631,31,12,0,0,0,0,0,12,0,576,8,8,0,8
53,12,moe,717,31,4758,2642,2642,1913,123,1,79,0,773,8,6,2,8
53,13,moe,797,40,2093,1113,1113,847,56,0,77,0,669,8,7,1,8
53,14,moe,729,38,5828,3293,3293,2331,160,0,44,0,591,8,5,3,8
53,15,moe,629,30,9,0,0,0,0,0,9,0,706,8,8,0,8
53,16,moe,711,29,4406,1921,1921,2290,150,0,45,0,595,8,5,3,8
53,17,moe,790,33,2194,541,541,1523,101,0,29,0,598,8,6,2,8
53,18,moe,713,32,8,0,0,0,0,0,8,0,719,8,8,0,8
53,19,moe,624,30,2047,1215,1215,759,49,0,24,0,597,8,7,1,8
53,20,moe,719,34,2223,574,574,1518,102,0,29,0,598,8,6,2,8
53,21,moe,804,36,4955,1911,1911,2781,172,0,91,0,717,8,5,3,8
53,22,moe,779,32,1234,286,286,836,51,0,61,0,589,8,7,1,8
53,23,moe,647,35,3596,1531,1531,1895,112,0,58,0,710,8,6,2,8
53,24,moe,789,45,6178,2331,2331,3561,232,0,54,0,716,8,4,4,8
53,25,moe,772,31,5592,2702,2702,2670,177,0,43,0,714,8,5,3,8
53,26,moe,635,35,7774,3927,3927,3560,230,0,57,0,720,8,4,4,8
53,-1,epi,0,0,0,0,0,0,0,0,5534,0,0,0,0,0,0
54,-2,pre,46,0,0,0,0,0,0,0,0,0,0,0,0,0,0
54,0,dense,1442,34,0,0,0,0,0,0,0,0,0,0,0,0,0
54,1,moe,794,32,9,0,0,0,0,0,9,0,735,8,8,0,8
54,2,moe,742,31,9,0,0,0,0,0,9,0,734,8,8,0,8
54,3,moe,648,29,5086,2219,2219,2657,170,0,40,0,718,8,5,3,8
54,4,moe,728,33,6194,2781,2781,3120,197,0,96,0,587,8,4,4,8
54,5,moe,781,32,4204,2528,2528,1541,100,0,35,0,598,8,6,2,8
54,6,moe,713,32,1504,343,343,1041,57,0,63,0,709,8,7,1,8
54,7,moe,635,30,6972,3552,3553,3136,195,0,88,0,590,8,4,4,8
54,8,moe,711,35,1986,1148,1148,765,50,0,23,0,592,8,7,1,8
54,9,moe,785,33,5847,2826,2827,2762,169,0,89,0,739,8,5,3,8
54,10,moe,707,32,9,0,0,0,0,0,9,0,577,8,8,0,8
54,11,moe,627,29,2114,1157,1157,841,49,0,67,0,590,8,7,1,8
54,12,moe,719,34,2537,1415,1415,1009,59,0,54,0,713,8,7,1,8
54,13,moe,782,31,5883,3281,3281,2373,146,0,83,0,587,8,5,3,8
54,14,moe,700,31,3862,2201,2201,1529,99,0,33,0,592,8,6,2,8
54,15,moe,624,28,2340,1229,1229,996,57,0,58,0,705,8,7,1,8
54,16,moe,711,35,1227,268,268,852,51,0,56,0,588,8,7,1,8
54,17,moe,776,33,1108,281,281,757,51,0,19,0,588,8,7,1,8
54,18,moe,717,29,2274,1169,1169,991,58,0,56,0,710,8,7,1,8
54,19,moe,629,32,1203,261,261,837,51,0,54,0,595,8,7,1,8
54,20,moe,705,29,9,0,0,0,0,0,9,0,589,8,8,0,8
54,21,moe,776,30,3756,1695,1696,1867,117,0,76,0,712,8,6,2,8
54,22,moe,774,33,3993,2219,2219,1600,98,0,76,0,589,8,6,2,8
54,23,moe,622,34,7851,3860,3860,3661,240,0,90,0,717,8,4,4,8
54,24,moe,769,34,5806,2912,2912,2674,179,0,41,0,716,8,5,3,8
54,25,moe,775,29,6457,2626,2627,3549,234,0,47,0,713,8,4,4,8
54,26,moe,634,30,5055,1204,1205,3558,236,0,56,0,718,8,4,4,8
54,-1,epi,0,0,0,0,0,0,0,0,5538,0,0,0,0,0,0
55,-2,pre,213,0,0,0,0,0,0,0,0,0,0,0,0,0,0
55,0,dense,1402,36,0,0,0,0,0,0,0,0,0,0,0,0,0
55,1,moe,796,36,3713,1794,1794,1770,117,0,32,0,714,8,6,2,8
55,2,moe,725,34,5635,2735,2735,2682,175,0,43,0,711,8,5,3,8
55,3,moe,629,29,6513,3624,3624,2671,176,0,42,0,716,8,5,3,8
55,4,moe,719,28,1238,276,277,841,49,0,71,0,597,8,7,1,8
55,5,moe,776,35,7617,4307,4307,3062,198,0,50,0,596,8,4,4,8
55,6,moe,708,38,4492,2418,2418,1882,114,0,78,0,712,8,6,2,8
55,7,moe,632,29,9674,5449,5449,3879,243,0,103,0,589,8,3,5,8
55,8,moe,711,29,1891,1058,1058,764,50,0,19,0,584,8,7,1,8
55,9,moe,771,30,3271,2127,2127,1025,60,0,59,0,703,8,7,1,8
55,10,moe,706,30,3976,2194,2194,1612,99,0,71,0,592,8,6,2,8
55,11,moe,624,30,5976,2678,2678,3052,200,0,46,0,589,8,4,4,8
55,12,moe,702,31,2381,1235,1235,1024,61,0,61,0,707,8,7,1,8
55,13,moe,774,34,6393,2977,2977,3115,198,0,103,0,590,8,4,4,8
55,14,moe,709,31,4896,2426,2426,2287,145,0,38,0,594,8,5,3,8
55,15,moe,629,235,9389,6354,6354,2785,173,0,77,0,698,8,5,3,8
55,16,moe,714,33,6393,2970,2970,3128,197,0,98,0,608,8,4,4,8
55,17,moe,770,35,6870,2750,2750,3812,245,0,63,0,591,8,3,5,8
55,18,moe,714,39,3659,1599,1599,1875,113,0,72,0,707,8,6,2,8
55,19,moe,630,38,5205,2594,2594,2380,150,0,81,0,582,8,5,3,8
55,20,moe,708,32,3925,2270,2270,1521,102,0,32,0,586,8,6,2,8
55,21,moe,775,33,5007,1944,1944,2810,173,0,80,0,703,8,5,3,8
55,22,moe,769,33,7232,3833,3833,3101,201,0,97,0,589,8,4,4,8
55,23,moe,633,36,5696,2718,2718,2743,170,0,65,0,703,8,5,3,8
55,24,moe,776,35,7757,4870,4871,2668,174,0,44,0,708,8,5,3,8
55,25,moe,4844,36,3665,1754,1754,1767,115,0,29,0,704,8,6,2,8
55,26,moe,635,40,9911,5111,5111,4444,285,0,71,0,706,8,3,5,8
55,-1,epi,0,0,0,0,0,0,0,0,5480,0,0,0,0,0,0
56,-2,pre,207,0,0,0,0,0,0,0,0,0,0,0,0,0,0
56,0,dense,1370,37,0,0,0,0,0,0,0,0,0,0,0,0,0
56,1,moe,781,35,6547,3676,3676,2656,174,0,41,0,717,8,5,3,8
56,2,moe,717,36,4420,2500,2500,1770,116,0,34,0,708,8,6,2,8
56,3,moe,645,36,6678,3800,3800,2665,175,0,38,0,709,8,5,3,8
56,4,moe,703,34,8,0,0,0,0,0,8,0,576,8,8,0,8
56,5,moe,768,33,2126,1171,1171,845,52,0,58,0,587,8,7,1,8
56,6,moe,705,33,8,0,0,0,0,0,8,0,701,8,8,0,8
56,7,moe,636,31,2046,1207,1207,766,52,0,21,0,593,8,7,1,8
56,8,moe,705,34,2002,1164,1164,769,48,0,21,0,592,8,7,1,8
56,9,moe,773,33,2696,636,636,1874,112,0,74,0,710,8,6,2,8
56,10,moe,708,37,3203,1427,1427,1596,100,0,80,0,586,8,6,2,8
56,11,moe,621,35,3918,2273,2274,1519,97,0,28,0,586,8,6,2,8
56,12,moe,707,45,2317,1213,1213,983,57,0,64,0,705,8,7,1,8
56,13,moe,771,32,4101,2305,2305,1619,99,0,78,0,587,8,6,2,8
56,14,moe,714,42,3827,2174,2174,1521,102,0,30,0,590,8,6,2,8
56,15,moe,626,33,2374,1239,1239,1022,56,0,57,0,703,8,7,1,8
56,16,moe,701,34,2311,538,538,1603,100,0,70,0,593,8,6,2,8
56,17,moe,781,34,1952,1112,1112,771,51,0,18,0,588,8,7,1,8
56,18,moe,706,36,2618,1490,1490,1008,58,0,62,0,710,8,7,1,8
56,19,moe,640,34,4294,1698,1698,2370,146,0,80,0,588,8,5,3,8
56,20,moe,706,33,3104,1439,1439,1538,99,0,28,0,588,8,6,2,8
56,21,moe,775,34,3991,958,958,2785,168,0,80,0,707,8,5,3,8
56,22,moe,772,33,2099,1160,1160,830,50,0,59,0,584,8,7,1,8
56,23,moe,636,32,5215,2223,2223,2755,168,0,69,0,703,8,5,3,8
56,24,moe,770,36,3946,1009,1009,2703,193,0,41,0,776,8,5,3,8
56,25,moe,777,38,8196,3008,3008,4934,204,0,50,0,746,8,5,3,8
56,26,moe,643,36,12812,4391,4391,8072,285,0,64,0,714,8,3,5,8
56,-1,epi,0,0,0,0,0,0,0,0,5519,0,0,0,0,0,0
57,-2,pre,50,0,0,0,0,0,0,0,0,0,0,0,0,0,0
57,0,dense,1397,40,0,0,0,0,0,0,0,0,0,0,0,0,0
57,1,moe,800,40,3548,1618,1618,1778,118,0,34,0,718,8,6,2,8
57,2,moe,725,40,10,0,0,0,0,0,10,0,720,8,8,0,8
57,3,moe,643,36,6962,3137,3139,3548,225,0,50,0,711,8,4,4,8
57,4,moe,707,35,9,0,0,0,0,0,9,0,581,8,8,0,8
57,5,moe,783,38,6637,4027,4027,2363,150,0,97,0,592,8,5,3,8
57,6,moe,719,37,3242,1372,1372,1758,55,0,57,0,703,8,7,1,8
57,7,moe,634,35,5300,2713,2713,2351,150,0,86,0,592,8,5,3,8
57,8,moe,710,40,1993,1158,1159,763,52,0,19,0,595,8,7,1,8
57,9,moe,786,39,9,0,0,0,0,0,9,0,702,8,8,0,8
57,10,moe,711,33,8,0,0,0,0,0,8,0,589,8,8,0,8
57,11,moe,637,32,5852,3386,3386,2281,147,0,38,0,591,8,5,3,8
57,12,moe,707,832,13,0,0,0,0,0,13,0,956,8,8,0,8
57,13,moe,790,47,3615,2163,2163,1378,48,0,26,0,594,8,7,1,8
57,14,moe,718,37,2779,1333,1333,1375,50,0,21,0,593,8,7,1,8
57,15,moe,624,33,5939,2362,2362,3379,117,1,80,0,703,8,6,2,8
57,16,moe,714,36,1829,277,277,1436,51,0,65,0,585,8,7,1,8
57,17,moe,786,35,1759,290,290,1397,51,0,21,0,594,8,7,1,8
57,18,moe,717,34,3113,1300,1300,1700,58,0,55,0,706,8,7,1,8
57,19,moe,639,36,1836,268,268,1467,50,0,51,0,598,8,7,1,8
57,20,moe,716,35,9,0,0,0,0,0,9,0,592,8,8,0,8
57,21,moe,798,36,6013,2453,2453,3372,115,0,73,0,711,8,6,2,8
57,22,moe,791,36,3222,1451,1451,1597,102,0,72,0,589,8,6,2,8
57,23,moe,630,32,4148,612,612,3363,113,0,60,0,705,8,6,2,8
57,24,moe,788,37,3655,1720,1720,1782,121,0,32,0,725,8,6,2,8
57,25,moe,796,33,2290,1318,1318,887,64,0,21,0,705,8,7,1,8
57,26,moe,621,35,10778,1870,1870,8495,343,0,70,0,708,8,2,6,8
57,-1,epi,0,0,0,0,0,0,0,0,5510,0,0,0,0,0,0
58,-2,pre,281,0,0,0,0,0,0,0,0,0,0,0,0,0,0
58,0,dense,1401,37,0,0,0,0,0,0,0,0,0,0,0,0,0
58,1,moe,811,37,2225,1253,1253,887,63,1,21,0,712,8,7,1,8
58,2,moe,730,34,8,0,0,0,0,0,8,0,719,8,8,0,8
58,3,moe,650,40,8186,3116,3117,4848,177,0,44,0,713,8,5,3,8
58,4,moe,717,35,6303,1814,1814,4247,150,0,92,0,598,8,5,3,8
58,5,moe,785,37,1959,1124,1124,760,54,0,21,0,590,8,7,1,8
58,6,moe,712,39,8,0,0,0,0,0,8,0,715,8,8,0,8
58,7,moe,641,32,1972,1136,1136,761,55,0,20,0,602,8,7,1,8
58,8,moe,730,47,2597,1123,1123,1401,54,0,19,0,586,8,7,1,8
58,9,moe,784,34,3089,1214,1214,1753,58,0,64,0,705,8,7,1,8
58,10,moe,729,33,11,0,0,0,0,0,11,0,585,8,8,0,8
58,11,moe,627,31,9,0,0,0,0,0,9,0,591,8,8,0,8
58,12,moe,735,33,8,0,0,0,0,0,8,0,703,8,8,0,8
58,13,moe,849,32,5278,3488,3488,1618,101,0,71,0,599,8,6,2,8
58,14,moe,711,37,9,0,0,0,0,0,9,0,588,8,8,0,8
58,15,moe,637,33,4616,2550,2550,1875,112,0,79,0,715,8,6,2,8
58,16,moe,722,39,2730,1133,1133,1496,51,0,50,0,585,8,7,1,8
58,17,moe,789,33,2559,1106,1106,1381,51,0,21,0,588,8,7,1,8
58,18,moe,724,33,11,0,0,0,0,0,11,0,709,8,8,0,8
58,19,moe,627,37,5844,3371,3371,2284,148,0,41,0,592,8,5,3,8
58,20,moe,709,33,1129,299,299,761,50,0,19,0,587,8,7,1,8
58,21,moe,776,33,1429,314,314,1007,57,0,51,0,709,8,7,1,8
58,22,moe,789,38,5617,3872,3872,1583,101,0,61,0,585,8,6,2,8
58,23,moe,635,42,3004,914,915,1904,116,1,68,0,705,8,6,2,8
58,24,moe,788,35,2946,1256,1257,1611,57,0,21,0,703,8,7,1,8
58,25,moe,786,39,2565,652,652,1768,113,0,32,0,707,8,6,2,8
58,26,moe,637,37,4923,2043,2043,2666,172,0,42,0,711,8,5,3,8
58,-1,epi,0,0,0,0,0,0,0,0,5551,0,0,0,0,0,0
59,-2,pre,45,0,0,0,0,0,0,0,0,0,0,0,0,0,0
59,0,dense,1417,36,0,0,0,0,0,0,0,0,0,0,0,0,0
59,1,moe,800,34,9,0,0,0,0,0,9,0,731,8,8,0,8
59,2,moe,734,31,2976,1281,1281,1618,55,0,22,0,711,8,7,1,8
59,3,moe,657,35,2543,630,630,1771,115,0,27,0,731,8,6,2,8
59,4,moe,719,32,8,0,0,0,0,0,8,0,605,8,8,0,8
59,5,moe,788,30,9,0,0,0,0,0,9,0,611,8,8,0,8
59,6,moe,723,29,3019,1331,1331,1607,57,0,24,0,718,8,7,1,8
59,7,moe,645,28,2816,1250,1250,1459,49,0,58,0,595,8,7,1,8
59,8,moe,728,30,9,0,0,0,0,0,9,0,600,8,8,0,8
59,9,moe,781,30,1440,315,315,1003,56,0,66,0,710,8,7,1,8
59,10,moe,709,31,2090,1153,1153,823,51,0,63,0,609,8,7,1,8
59,11,moe,647,30,2652,1205,1205,1377,51,0,19,0,596,8,7,1,8
59,12,moe,709,29,2165,295,295,1755,58,0,57,0,717,8,7,1,8
59,13,moe,794,35,4072,2277,2277,1625,99,0,71,0,589,8,6,2,8
59,14,moe,713,30,4312,1401,1401,2774,103,0,34,0,595,8,6,2,8
59,15,moe,622,28,2136,320,320,1702,58,0,56,0,713,8,7,1,8
59,16,moe,723,35,4506,1467,1467,2871,100,0,68,0,587,8,6,2,8
59,17,moe,792,30,2601,1123,1123,1405,53,0,20,0,589,8,7,1,8
59,18,moe,716,43,3089,1190,1190,1773,58,0,68,0,708,8,7,1,8
59,19,moe,624,33,4036,2274,2274,1586,98,0,78,0,585,8,6,2,8
59,20,moe,709,35,6174,1843,1843,4139,148,0,44,0,591,8,5,3,8
59,21,moe,791,30,6296,2303,2303,3676,223,0,94,0,709,8,4,4,8
59,22,moe,775,30,8860,3805,3805,4648,297,0,110,0,590,8,2,6,8
59,23,moe,628,28,11270,2680,2680,8211,282,0,97,0,707,8,3,5,8
59,24,moe,789,35,6302,2486,2486,3538,232,0,46,0,713,8,4,4,8
59,25,moe,785,33,9536,3783,3783,5345,346,0,62,0,711,8,2,6,8
59,26,moe,639,28,13023,2921,2921,9689,346,0,67,0,709,8,2,6,8
59,-1,epi,0,0,0,0,0,0,0,0,5484,0,0,0,0,0,0
60,-2,pre,88,0,0,0,0,0,0,0,0,0,0,0,0,0,0
60,0,dense,1389,30,0,0,0,0,0,0,0,0,0,0,0,0,0
60,1,moe,787,30,3024,1329,1329,1611,59,0,25,0,710,8,7,1,8
60,2,moe,720,30,2923,1237,1237,1607,57,0,22,0,704,8,7,1,8
60,3,moe,639,31,7303,3494,3495,3533,226,0,49,0,710,8,4,4,8
60,4,moe,701,32,2157,1200,1200,835,49,0,73,0,587,8,7,1,8
60,5,moe,772,31,2585,1128,1128,1381,51,0,25,0,586,8,7,1,8
60,6,moe,716,32,9,0,0,0,0,0,9,0,702,8,8,0,8
60,7,moe,636,32,7,0,0,0,0,0,7,0,579,8,8,0,8
60,8,moe,712,29,5604,2697,2697,2764,100,0,43,0,593,8,6,2,8
60,9,moe,775,31,2359,1232,1232,1006,57,0,64,0,712,8,7,1,8
60,10,moe,721,32,3243,1644,1644,1487,50,0,62,0,581,8,7,1,8
60,11,moe,616,30,2600,1142,1142,1389,49,0,20,0,588,8,7,1,8
60,12,moe,710,32,2533,641,641,1776,57,1,58,0,702,8,7,1,8
60,13,moe,781,29,8,0,0,0,0,0,8,0,580,8,8,0,8
60,14,moe,711,29,3543,542,542,2820,98,0,83,0,597,8,6,2,8
60,15,moe,632,32,3934,939,939,2741,173,0,81,0,717,8,5,3,8
60,16,moe,722,32,8,0,0,0,0,0,8,0,594,8,8,0,8
60,17,moe,804,31,2171,1224,1224,829,49,0,69,0,589,8,7,1,8
60,18,moe,719,32,8,0,0,0,0,0,8,0,713,8,8,0,8
60,19,moe,649,31,3137,1483,1484,1520,101,0,32,0,619,8,6,2,8
60,20,moe,716,30,2003,1162,1162,767,51,0,23,0,589,8,7,1,8
60,21,moe,782,31,6675,1402,1402,4984,190,0,99,0,794,8,5,3,8
60,22,moe,802,38,3232,1390,1390,1629,111,0,102,0,612,8,6,2,8
60,23,moe,647,32,9257,2344,2344,6578,227,0,108,0,712,8,4,4,8
60,24,moe,781,33,6888,3067,3067,3541,227,0,53,0,718,8,4,4,8
60,25,moe,795,33,6694,3309,3309,3234,117,0,34,0,705,8,6,2,8
60,26,moe,631,34,4011,634,634,3226,112,0,39,0,703,8,6,2,8
60,-1,epi,0,0,0,0,0,0,0,0,5526,0,0,0,0,0,0
61,-2,pre,50,0,0,0,0,0,0,0,0,0,0,0,0,0,0
61,0,dense,1421,32,0,0,0,0,0,0,0,0,0,0,0,0,0
61,1,moe,806,35,2399,1435,1435,882,58,0,24,0,729,8,7,1,8
61,2,moe,724,30,4398,2471,2471,1785,112,0,30,0,715,8,6,2,8
61,3,moe,633,28,3818,927,927,2682,168,0,41,0,711,8,5,3,8
61,4,moe,709,30,4538,1459,1459,2905,100,0,74,0,586,8,6,2,8
61,5,moe,774,31,2606,1135,1135,1399,51,0,21,0,601,8,7,1,8
61,6,moe,708,30,8,0,0,0,0,0,8,0,700,8,8,0,8
61,7,moe,632,33,2590,1135,1135,1385,51,0,19,0,586,8,7,1,8
61,8,moe,720,29,8,0,0,0,0,0,8,0,581,8,8,0,8
61,9,moe,784,28,9,0,0,0,0,0,9,0,708,8,8,0,8
61,10,moe,755,36,9,0,0,0,0,0,9,0,603,8,8,0,8
61,11,moe,658,36,3378,1929,1929,1377,51,0,21,0,592,8,7,1,8
61,12,moe,727,35,8,0,0,0,0,0,8,0,719,8,8,0,8
61,13,moe,793,36,9,0,0,0,0,0,9,0,603,8,8,0,8
61,14,moe,725,35,2802,1354,1354,1375,52,0,21,0,592,8,7,1,8
61,15,moe,643,33,3201,1291,1291,1778,59,0,73,0,709,8,7,1,8
61,16,moe,713,35,9,0,0,0,0,0,9,0,599,8,8,0,8
61,17,moe,792,34,5317,2280,2280,2846,99,0,92,0,593,8,6,2,8
61,18,moe,712,35,6831,3818,3818,2756,172,0,85,0,711,8,5,3,8
61,19,moe,629,32,3132,1360,1360,1601,98,0,73,0,587,8,6,2,8
61,20,moe,707,34,8847,3052,3053,5540,198,0,56,0,592,8,4,4,8
61,21,moe,778,36,16677,6404,6404,9824,343,0,106,0,705,8,2,6,8
61,22,moe,781,39,10116,4195,4195,5629,199,0,93,0,591,8,4,4,8
61,23,moe,634,32,10208,3301,3301,6595,226,0,86,0,707,8,4,4,8
61,24,moe,772,34,10236,3518,3518,6436,225,0,57,0,704,8,4,4,8
61,25,moe,769,34,9415,4626,4627,4448,281,0,59,0,713,8,3,5,8
61,26,moe,639,41,8695,2972,2972,5321,339,0,63,0,708,8,2,6,8
61,-1,epi,0,0,0,0,0,0,0,0,5486,0,0,0,0,0,0
62,-2,pre,44,0,0,0,0,0,0,0,0,0,0,0,0,0,0
62,0,dense,1388,40,0,0,0,0,0,0,0,0,0,0,0,0,0
62,1,moe,803,43,10,0,0,0,0,0,10,0,728,8,8,0,8
62,2,moe,721,40,9,0,0,0,0,0,9,0,727,8,8,0,8
62,3,moe,652,32,7070,2029,2029,4828,173,0,40,0,716,8,5,3,8
62,4,moe,714,34,1908,276,276,1504,49,0,79,0,586,8,7,1,8
62,5,moe,794,40,9,0,0,0,0,0,9,0,592,8,8,0,8
62,6,moe,716,52,3325,1470,1470,1734,57,0,64,0,720,8,7,1,8
62,7,moe,636,36,9,0,0,0,0,0,9,0,596,8,8,0,8
62,8,moe,725,37,1841,272,272,1450,51,0,68,0,594,8,7,1,8
62,9,moe,792,39,8,0,0,0,0,0,8,0,712,8,8,0,8
62,10,moe,721,37,9,0,0,0,0,0,9,0,601,8,8,0,8
62,11,moe,640,32,4435,1539,1539,2763,102,0,31,0,596,8,6,2,8
62,12,moe,722,36,2205,317,317,1764,59,0,65,0,708,8,7,1,8
62,13,moe,797,38,1200,268,268,818,53,0,61,0,596,8,7,1,8
62,14,moe,714,36,1080,254,254,757,51,0,18,0,596,8,7,1,8
62,15,moe,643,46,8,0,0,0,0,0,8,0,725,8,8,0,8
62,16,moe,732,35,7,0,0,0,0,0,7,0,598,8,8,0,8
62,17,moe,789,34,9,0,0,0,0,0,9,0,604,8,8,0,8
62,18,moe,740,33,3221,1330,1330,1767,57,0,67,0,706,8,7,1,8
62,19,moe,639,43,4381,1799,1799,2340,151,0,91,0,591,8,5,3,8
62,20,moe,720,35,2030,1197,1197,762,50,0,21,0,594,8,7,1,8
62,21,moe,787,40,6165,940,940,4953,175,0,97,0,711,8,5,3,8
62,22,moe,775,34,4220,1217,1217,2829,96,0,78,0,611,8,6,2,8
62,23,moe,642,31,4088,1082,1082,2756,171,0,79,0,712,8,5,3,8
62,24,moe,784,34,5702,2825,2825,2663,172,0,42,0,716,8,5,3,8
62,25,moe,782,34,7104,2073,2073,4820,170,0,41,0,711,8,5,3,8
62,26,moe,651,35,4862,2000,2000,2652,172,0,38,0,711,8,5,3,8
62,-1,epi,0,0,0,0,0,0,0,0,5541,0,0,0,0,0,0
63,-2,pre,222,0,0,0,0,0,0,0,0,0,0,0,0,0,0
63,0,dense,1396,38,0,0,0,0,0,0,0,0,0,0,0,0,0
63,1,moe,797,34,2984,1292,1292,1606,58,0,28,0,718,8,7,1,8
63,2,moe,732,36,7714,2654,2654,4848,171,0,41,0,715,8,5,3,8
63,3,moe,630,32,5811,2444,2445,3221,116,0,29,0,707,8,6,2,8
63,4,moe,711,36,1240,267,267,859,49,0,65,0,593,8,7,1,8
63,5,moe,773,34,4469,1559,1559,2776,104,0,30,0,593,8,6,2,8
63,6,moe,716,37,8,0,0,0,0,0,8,0,697,8,8,0,8
63,7,moe,629,36,3046,1388,1388,1533,98,0,27,0,589,8,6,2,8
63,8,moe,714,34,8,0,0,0,0,0,8,0,590,8,8,0,8
63,9,moe,780,36,2197,306,306,1762,59,0,70,0,714,8,7,1,8
63,10,moe,725,35,10,0,0,0,0,0,10,0,598,8,8,0,8
63,11,moe,643,31,7,0,1,0,0,0,6,0,596,8,8,0,8
63,12,moe,719,33,6615,3726,3728,2673,172,0,42,0,719,8,5,3,8
63,13,moe,781,35,1232,268,268,842,48,0,74,0,586,8,7,1,8
63,14,moe,707,33,4195,1718,1718,2282,151,0,44,0,595,8,5,3,8
63,15,moe,623,34,3661,1571,1572,1903,116,0,70,0,713,8,6,2,8
63,16,moe,709,34,3916,901,901,2850,98,0,67,0,584,8,6,2,8
63,17,moe,788,38,3123,1469,1470,1525,97,0,31,0,586,8,6,2,8
63,18,moe,718,39,3150,1273,1273,1759,57,0,61,0,709,8,7,1,8
63,19,moe,624,31,6249,1773,1773,4239,155,0,82,0,600,8,5,3,8
63,20,moe,717,36,1717,273,273,1375,50,0,19,0,588,8,7,1,8
63,21,moe,791,36,3701,1663,1663,1854,115,0,69,0,713,8,6,2,8
63,22,moe,783,38,12000,6119,6119,5585,198,0,98,0,586,8,4,4,8
63,23,moe,628,36,8,0,0,0,0,0,8,0,692,8,8,0,8
63,24,moe,776,38,11396,2857,2857,8141,287,0,111,0,711,8,3,5,8
63,25,moe,780,36,10803,4058,4058,6465,227,0,53,0,714,8,4,4,8
63,26,moe,633,35,3383,1461,1461,1779,114,0,29,0,700,8,6,2,8
63,-1,epi,0,0,0,0,0,0,0,0,5498,0,0,0,0,0,0
64,-2,pre,45,0,0,0,0,0,0,0,0,0,0,0,0,0,0
64,0,dense,1388,44,0,0,0,0,0,0,0,0,0,0,0,0,0
64,1,moe,798,37,10,0,0,0,0,1,9,0,721,8,8,0,8
64,2,moe,729,33,9,0,0,0,0,0,9,0,724,8,8,0,8
64,3,moe,643,32,6563,2726,2726,3557,229,0,51,0,712,8,4,4,8
64,4,moe,713,36,9,0,0,0,0,0,9,0,587,8,8,0,8
64,5,moe,782,37,1908,271,271,1501,51,0,85,0,618,8,7,1,8
64,6,moe,719,36,8,0,0,0,0,0,8,0,716,8,8,0,8
64,7,moe,636,217,2237,578,578,1529,98,0,32,0,600,8,6,2,8
64,8,moe,728,33,5312,3659,3659,1523,102,0,28,0,594,8,6,2,8
64,9,moe,779,33,6069,3036,3037,2770,173,0,89,0,706,8,5,3,8
64,10,moe,706,33,8,0,0,0,0,0,8,0,579,8,8,0,8
64,11,moe,627,32,1217,279,279,826,50,0,62,0,597,8,7,1,8
64,12,moe,703,32,2378,1227,1227,1025,68,0,58,0,740,8,7,1,8
64,13,moe,797,36,1260,281,281,851,60,0,68,0,653,8,7,1,8
64,14,moe,713,36,3132,1443,1443,1542,111,0,36,0,658,8,6,2,8
64,15,moe,682,39,9,0,0,0,0,0,9,0,711,8,8,0,8
64,16,moe,719,39,9,0,0,0,0,0,9,0,611,8,8,0,8
64,17,moe,797,37,2629,1126,1126,1421,58,0,24,0,597,8,7,1,8
64,18,moe,726,36,10,0,0,0,0,0,10,0,736,8,8,0,8
64,19,moe,643,36,3462,571,571,2756,104,0,31,0,599,8,6,2,8
64,20,moe,733,38,9,0,0,0,0,0,9,0,605,8,8,0,8
64,21,moe,797,39,9499,2627,2627,6544,227,0,101,0,711,8,4,4,8
64,22,moe,794,39,3585,992,992,2351,148,0,94,0,592,8,5,3,8
64,23,moe,631,34,1526,445,445,970,59,0,52,0,708,8,7,1,8
64,24,moe,788,30,5733,2861,2862,2658,169,0,44,0,721,8,5,3,8
64,25,moe,786,30,3524,1608,1608,1770,116,0,30,0,717,8,6,2,8
64,26,moe,643,28,4996,1173,1173,3547,225,0,51,0,715,8,4,4,8
64,-1,epi,0,0,0,0,0,0,0,0,5565,0,0,0,0,0,0
65,-2,pre,212,0,0,0,0,0,0,0,0,0,0,0,0,0,0
65,0,dense,1413,32,0,0,0,0,0,0,0,0,0,0,0,0,0
65,1,moe,797,31,8757,3702,3702,4843,173,0,39,0,717,8,5,3,8
65,2,moe,727,32,6457,3583,3583,2663,172,0,39,0,715,8,5,3,8
65,3,moe,661,28,1631,664,664,888,57,0,22,0,707,8,7,1,8
65,4,moe,706,29,3242,1464,1464,1595,98,0,85,0,592,8,6,2,8
65,5,moe,782,30,9,0,0,0,0,0,9,0,600,8,8,0,8
65,6,moe,708,29,4721,2667,2667,1865,113,0,76,0,712,8,6,2,8
65,7,moe,634,32,6591,4818,4818,1597,99,0,77,0,591,8,6,2,8
65,8,moe,714,30,9,0,0,0,0,0,9,0,589,8,8,0,8
65,9,moe,779,32,8,0,0,0,0,0,8,0,702,8,8,0,8
65,10,moe,712,28,5157,2276,2276,2752,98,0,31,0,594,8,6,2,8
65,11,moe,629,26,7953,3610,3610,4145,150,0,48,0,593,8,5,3,8
65,12,moe,707,31,3121,1229,1229,1765,59,0,68,0,714,8,7,1,8
65,13,moe,780,31,2064,1104,1104,840,54,0,66,0,595,8,7,1,8
65,14,moe,708,29,3220,1557,1557,1529,101,0,33,0,591,8,6,2,8
65,15,moe,622,28,7102,3120,3121,3662,231,0,88,0,717,8,4,4,8
65,16,moe,708,29,4019,2251,2252,1594,100,0,73,0,587,8,6,2,8
65,17,moe,779,32,5161,2692,2692,2281,147,0,41,0,590,8,5,3,8
65,18,moe,714,30,7883,3910,3910,3654,227,0,92,0,709,8,4,4,8
65,19,moe,632,29,9817,3916,3917,5430,342,0,128,0,593,8,1,7,8
65,20,moe,721,33,4139,2483,2483,1527,99,0,30,0,589,8,6,2,8
65,21,moe,778,29,6808,3785,3785,2766,170,0,87,0,708,8,5,3,8
65,22,moe,775,29,10321,5248,5248,4659,293,0,121,0,597,8,2,6,8
65,23,moe,633,28,4486,2405,2405,1898,114,0,69,0,704,8,6,2,8
65,24,moe,779,29,7390,3548,3548,3569,227,0,46,0,716,8,4,4,8
65,25,moe,777,31,6654,3781,3782,2662,169,0,41,0,712,8,5,3,8
65,26,moe,9159,31,2896,1179,1179,1637,60,0,20,0,702,8,7,1,8
65,-1,epi,0,0,0,0,0,0,0,0,5504,0,0,0,0,0,0
66,-2,pre,73,0,0,0,0,0,0,0,0,0,0,0,0,0,0
66,0,dense,3577,33,0,0,0,0,0,0,0,0,0,0,0,0,0
66,1,moe,5622,34,5679,2791,2792,2671,169,0,47,0,714,8,5,3,8
66,2,moe,7601,33,11,0,0,0,0,0,11,0,700,8,8,0,8
66,3,moe,2567,30,4953,1570,1570,3232,118,0,33,0,715,8,6,2,8
66,4,moe,713,33,2366,537,537,1639,100,0,90,0,612,8,6,2,8
66,5,moe,783,30,9,0,0,0,0,0,9,0,582,8,8,0,8
66,6,moe,708,30,9,0,0,0,0,0,9,0,703,8,8,0,8
66,7,moe,637,30,8,0,0,0,0,0,8,0,594,8,8,0,8
66,8,moe,723,30,2623,1162,1162,1386,52,0,23,0,589,8,7,1,8
66,9,moe,786,37,1455,323,323,991,69,1,71,0,723,8,7,1,8
66,10,moe,717,30,8,0,0,0,0,0,8,0,600,8,8,0,8
66,11,moe,643,31,10788,4891,4891,5589,195,0,113,0,589,8,4,4,8
66,12,moe,714,29,2196,338,338,1744,57,0,57,0,702,8,7,1,8
66,13,moe,786,31,1236,285,285,841,49,0,61,0,595,8,7,1,8
66,14,moe,720,30,8,0,0,0,0,0,8,0,606,8,8,0,8
66,15,moe,654,33,5105,1596,1596,3325,115,0,69,0,706,8,6,2,8
66,16,moe,709,29,3553,556,556,2829,99,0,69,0,596,8,6,2,8
66,17,moe,790,31,3426,531,532,2764,99,0,31,0,595,8,6,2,8
66,18,moe,720,29,2409,1297,1298,995,61,0,55,0,706,8,7,1,8
66,19,moe,627,31,3543,545,545,2828,102,0,68,0,590,8,6,2,8
66,20,moe,711,30,9,0,0,0,0,0,9,0,594,8,8,0,8
66,21,moe,800,31,4137,617,617,3329,116,0,75,0,730,8,6,2,8
66,22,moe,781,28,1815,258,259,1447,50,0,59,0,585,8,7,1,8
66,23,moe,636,31,3696,1600,1600,1922,116,0,58,0,705,8,6,2,8
66,24,moe,787,29,4524,2602,2602,1778,116,0,28,0,708,8,6,2,8
66,25,moe,785,29,3560,1624,1624,1788,118,0,30,0,714,8,6,2,8
66,26,moe,630,33,3457,1539,1539,1775,112,0,31,0,713,8,6,2,8
66,-1,epi,0,0,0,0,0,0,0,0,5557,0,0,0,0,0,0
67,-2,pre,230,0,0,0,0,0,0,0,0,0,0,0,0,0,0
67,0,dense,1400,32,0,0,0,0,0,0,0,0,0,0,0,0,0
67,1,moe,794,31,7112,3281,3281,3547,232,0,52,0,730,8,4,4,8
67,2,moe,706,30,2203,1219,1219,899,58,0,27,0,711,8,7,1,8
67,3,moe,5476,30,11411,4681,4681,6453,225,0,52,0,710,8,4,4,8
67,4,moe,705,243,6897,3851,3851,2871,102,0,73,0,593,8,6,2,8
67,5,moe,776,40,6095,3612,3613,2290,152,0,40,0,589,8,5,3,8
67,6,moe,720,34,8,0,0,0,0,0,8,0,696,8,8,0,8
67,7,moe,626,33,2058,1210,1210,772,56,0,20,0,588,8,7,1,8
67,8,moe,710,34,5212,2311,2311,2763,104,0,34,0,599,8,6,2,8
67,9,moe,774,36,8,0,0,0,0,0,8,0,698,8,8,0,8
67,10,moe,707,33,9471,3691,3691,5522,203,0,55,0,592,8,4,4,8
67,11,moe,639,35,6049,2741,2741,3058,202,0,48,0,590,8,4,4,8
67,12,moe,707,35,1449,316,316,1002,59,0,72,0,713,8,7,1,8
67,13,moe,791,35,5463,2417,2418,2866,98,0,81,0,596,8,6,2,8
67,14,moe,724,34,1937,1089,1089,777,51,0,20,0,592,8,7,1,8
67,15,moe,623,35,7138,3137,3137,3662,222,0,117,0,723,8,4,4,8
67,16,moe,707,31,3164,1398,1398,1588,98,0,80,0,589,8,6,2,8
67,17,moe,771,34,7711,3392,3392,4134,146,0,39,0,591,8,5,3,8
67,18,moe,702,38,5765,3893,3893,1743,60,0,69,0,734,8,7,1,8
67,19,moe,628,31,8054,2156,2156,5615,192,0,91,0,587,8,4,4,8
67,20,moe,713,34,5387,2345,2346,2894,115,0,32,0,673,8,6,2,8
67,21,moe,793,41,12491,3802,3803,8258,303,0,127,0,710,8,3,5,8
67,22,moe,793,45,4716,2102,2102,2380,150,1,83,0,599,8,5,3,8
67,23,moe,634,39,7664,3687,3687,3666,231,0,80,0,713,8,4,4,8
67,24,moe,777,37,8513,3711,3711,4454,287,1,60,0,710,8,3,5,8
67,25,moe,783,38,8867,3814,3815,4832,174,0,46,0,708,8,5,3,8
67,26,moe,634,39,13767,5354,5355,8066,283,0,63,0,706,8,3,5,8
67,-1,epi,0,0,0,0,0,0,0,0,5462,0,0,0,0,0,0
68,-2,pre,210,0,0,0,0,0,0,0,0,0,0,0,0,0,0
68,0,dense,1383,40,0,0,0,0,0,0,0,0,0,0,0,0,0
68,1,moe,792,35,12994,4578,4578,8066,290,0,60,0,722,8,3,5,8
68,2,moe,709,42,4297,2373,2373,1772,115,0,37,0,710,8,6,2,8
68,3,moe,4821,35,4336,2415,2415,1775,116,0,30,0,707,8,6,2,8
68,4,moe,3259,36,7561,4127,4127,3121,202,0,111,0,590,8,4,4,8
68,5,moe,775,40,10,0,0,0,0,0,10,0,576,8,8,0,8
68,6,moe,704,34,3066,1214,1216,1726,57,0,67,0,708,8,7,1,8
68,7,moe,625,31,9,0,0,0,0,0,9,0,588,8,8,0,8
68,8,moe,710,32,9,0,0,0,0,0,9,0,586,8,8,0,8
68,9,moe,784,32,2981,1288,1288,1613,57,0,23,0,729,8,7,1,8
68,10,moe,714,34,4473,1418,1418,2870,99,1,85,0,590,8,6,2,8
68,11,moe,628,34,5890,1550,1550,4140,151,0,49,0,594,8,5,3,8
68,12,moe,710,37,2218,325,325,1771,59,0,63,0,712,8,7,1,8
68,13,moe,781,39,2743,1123,1123,1497,52,0,71,0,590,8,7,1,8
68,14,moe,719,35,1736,291,291,1373,52,0,20,0,621,8,7,1,8
68,15,moe,640,33,5376,1792,1792,3390,119,0,75,0,705,8,6,2,8
68,16,moe,712,35,9,0,0,0,0,0,9,0,596,8,8,0,8
68,17,moe,784,36,1858,291,291,1448,48,0,71,0,589,8,7,1,8
68,18,moe,716,41,9,0,0,0,0,0,9,0,711,8,8,0,8
68,19,moe,648,35,6098,1764,1764,4142,149,0,43,0,598,8,5,3,8
68,20,moe,719,38,1113,282,282,764,49,0,18,0,591,8,7,1,8
68,21,moe,791,36,10,0,0,0,0,0,10,0,706,8,8,0,8
68,22,moe,781,34,2235,545,546,1553,99,0,37,0,594,8,6,2,8
68,23,moe,641,33,1434,300,300,1003,58,0,73,0,716,8,7,1,8
68,24,moe,788,41,8238,4857,4857,3231,118,0,32,0,750,8,6,2,8
68,25,moe,801,42,6041,987,987,4837,175,0,42,0,711,8,5,3,8
68,26,moe,639,33,5126,2242,2242,2668,171,0,45,0,717,8,5,3,8
68,-1,epi,0,0,0,0,0,0,0,0,5523,0,0,0,0,0,0
69,-2,pre,45,0,0,0,0,0,0,0,0,0,0,0,0,0,0
69,0,dense,1406,38,0,0,0,0,0,0,0,0,0,0,0,0,0
69,1,moe,794,36,3583,1664,1664,1769,117,0,33,0,716,8,6,2,8
69,2,moe,716,33,9,0,0,0,0,0,9,0,720,8,8,0,8
69,3,moe,637,31,5795,2906,2906,2672,176,0,41,0,707,8,5,3,8
69,4,moe,3574,33,2042,1088,1088,839,52,0,63,0,600,8,7,1,8
69,5,moe,796,37,10,0,0,0,0,0,10,0,592,8,8,0,8
69,6,moe,715,33,9,0,0,0,0,0,9,0,709,8,8,0,8
69,7,moe,631,38,5051,2141,2141,2773,105,0,32,0,600,8,6,2,8
69,8,moe,714,33,1723,260,260,1391,52,0,20,0,593,8,7,1,8
69,9,moe,784,34,9,0,0,0,0,0,9,0,708,8,8,0,8
69,10,moe,711,34,5163,2243,2243,2777,101,0,42,0,594,8,6,2,8
69,11,moe,623,38,4291,1405,1405,2758,98,0,30,0,595,8,6,2,8
69,12,moe,710,33,9,0,0,0,0,0,9,0,703,8,8,0,8
69,13,moe,811,36,9,0,0,0,0,0,9,0,603,8,8,0,8
69,14,moe,730,34,1723,274,274,1380,49,0,20,0,591,8,7,1,8
69,15,moe,629,33,2186,308,308,1751,57,0,70,0,705,8,7,1,8
69,16,moe,720,31,8,0,0,0,0,0,8,0,614,8,8,0,8
69,17,moe,829,47,21,0,0,0,0,0,21,0,609,8,8,0,8
69,18,moe,720,37,8,0,0,0,0,0,8,0,725,8,8,0,8
69,19,moe,655,33,8,0,0,0,0,0,8,0,612,8,8,0,8
69,20,moe,731,33,2760,1197,1198,1434,50,0,78,0,598,8,7,1,8
69,21,moe,789,35,3213,1344,1344,1750,57,0,62,0,710,8,7,1,8
69,22,moe,792,36,9,0,0,0,0,1,8,0,595,8,8,0,8
69,23,moe,651,32,8,0,0,0,0,0,8,0,720,8,8,0,8
69,24,moe,790,33,1292,326,326,887,59,0,20,0,718,8,7,1,8
69,25,moe,792,35,3033,1342,1342,1611,57,0,23,0,716,8,7,1,8
69,26,moe,637,37,2965,1274,1274,1612,58,0,21,0,711,8,7,1,8
69,-1,epi,0,0,0,0,0,0,0,0,5622,0,0,0,0,0,0
70,-2,pre,43,0,0,0,0,0,0,0,0,0,0,0,0,0,0
70,0,dense,1410,37,0,0,0,0,0,0,0,0,0,0,0,0,0
70,1,moe,796,34,5020,1644,1644,3231,112,0,33,0,717,8,6,2,8
70,2,moe,795,34,9,0,0,0,0,0,9,0,720,8,8,0,8
70,3,moe,629,32,9545,4478,4479,4853,172,0,41,0,717,8,5,3,8
70,4,moe,714,39,1907,301,301,1471,49,0,86,0,590,8,7,1,8
70,5,moe,782,38,2615,1171,1171,1373,50,0,21,0,591,8,7,1,8
70,6,moe,724,37,9,0,0,0,0,0,9,0,712,8,8,0,8
70,7,moe,637,32,2568,1106,1106,1390,50,0,22,0,591,8,7,1,8
70,8,moe,715,34,2610,1162,1162,1379,49,1,19,0,590,8,7,1,8
70,9,moe,787,35,9,0,0,0,0,0,9,0,708,8,8,0,8
70,10,moe,707,34,5214,2315,2315,2767,99,0,33,0,593,8,6,2,8
70,11,moe,629,33,4327,1426,1426,2765,100,0,36,0,591,8,6,2,8
70,12,moe,711,40,5181,1644,1644,3341,112,0,84,0,706,8,6,2,8
70,13,moe,774,35,5273,2265,2265,2827,98,1,82,0,594,8,6,2,8
70,14,moe,707,34,3346,1897,1897,1376,50,0,23,0,589,8,7,1,8
70,15,moe,623,32,2473,647,648,1692,56,0,77,0,708,8,7,1,8
70,16,moe,712,34,8,0,0,0,0,0,8,0,587,8,8,0,8
70,17,moe,793,45,9,0,0,0,0,0,9,0,607,8,8,0,8
70,18,moe,726,44,2005,318,318,1609,56,0,22,0,719,8,7,1,8
70,19,moe,642,35,8,0,0,0,0,0,8,0,600,8,8,0,8
70,20,moe,722,30,2152,1194,1194,828,51,0,79,0,598,8,7,1,8
70,21,moe,793,33,9,0,0,0,0,0,9,0,712,8,8,0,8
70,22,moe,790,32,1720,277,277,1372,51,0,20,0,595,8,7,1,8
70,23,moe,640,28,5808,2238,2238,3381,113,0,76,0,704,8,6,2,8
70,24,moe,777,30,3961,605,605,3210,114,0,32,0,718,8,6,2,8
70,25,moe,784,31,4603,2692,2692,1765,118,0,28,0,707,8,6,2,8
70,26,moe,651,29,1268,305,305,885,61,0,17,0,713,8,7,1,8
70,-1,epi,0,0,0,0,0,0,0,0,5585,0,0,0,0,0,0
71,-2,pre,69,0,0,0,0,0,0,0,0,0,0,0,0,0,0
71,0,dense,1401,35,0,0,0,0,0,0,0,0,0,0,0,0,0
71,1,moe,796,30,8,0,0,0,0,0,8,0,743,8,8,0,8
71,2,moe,729,31,1263,297,297,886,59,0,21,0,725,8,7,1,8
71,3,moe,650,31,5883,2504,2504,3233,117,0,29,0,715,8,6,2,8
71,4,moe,719,29,8,0,0,0,0,0,8,0,604,8,8,0,8
71,5,moe,790,30,4504,1494,1494,2821,99,0,90,0,597,8,6,2,8
71,6,moe,724,34,8,0,0,0,0,0,8,0,716,8,8,0,8
71,7,moe,638,30,2024,1191,1191,761,51,0,21,0,605,8,7,1,8
71,8,moe,737,30,8,0,0,0,0,0,8,0,603,8,8,0,8
71,9,moe,794,33,2202,312,313,1768,57,0,64,0,718,8,7,1,8
71,10,moe,718,28,2755,1157,1157,1495,50,0,53,0,597,8,7,1,8
71,11,moe,635,29,1724,273,273,1383,49,0,19,0,594,8,7,1,8
71,12,moe,707,29,7,0,0,0,0,0,7,0,709,8,8,0,8
71,13,moe,784,29,1948,1104,1104,768,53,0,23,0,600,8,7,1,8
71,14,moe,721,30,11153,3935,3935,6907,251,0,60,0,590,8,3,5,8
71,15,moe,630,29,2196,303,303,1768,58,0,67,0,707,8,7,1,8
71,16,moe,752,40,2736,1171,1171,1449,50,0,66,0,594,8,7,1,8
71,17,moe,789,32,1719,272,272,1378,51,0,18,0,592,8,7,1,8
71,18,moe,725,30,3196,1323,1323,1754,57,0,62,0,705,8,7,1,8
71,19,moe,634,28,2120,1180,1180,827,52,0,61,0,594,8,7,1,8
71,20,moe,716,29,9,0,0,0,0,0,9,0,598,8,8,0,8
71,21,moe,792,29,8,0,0,0,0,0,8,0,709,8,8,0,8
71,22,moe,781,30,7,0,0,0,0,0,7,0,596,8,8,0,8
71,23,moe,648,32,7124,1887,1887,4974,167,0,96,0,712,8,5,3,8
71,24,moe,838,37,3132,1395,1395,1637,67,0,33,0,794,8,7,1,8
71,25,moe,786,33,2039,313,313,1634,68,0,24,0,795,8,7,1,8
71,26,moe,666,30,5809,2351,2351,3288,136,0,34,0,715,8,6,2,8
71,-1,epi,0,0,0,0,0,0,0,0,5631,0,0,0,0,0,0
72,-2,pre,225,0,0,0,0,0,0,0,0,0,0,0,0,0,0
72,0,dense,1423,36,0,0,0,0,0,0,0,0,0,0,0,0,0
72,1,moe,804,33,9270,2524,2525,6461,228,0,56,0,727,8,4,4,8
72,2,moe,737,36,8882,3831,3831,4838,170,0,43,0,709,8,5,3,8
72,3,moe,625,28,7370,2305,2305,4855,169,0,41,0,710,8,5,3,8
72,4,moe,719,31,1889,285,285,1475,52,0,77,0,593,8,7,1,8
72,5,moe,6082,32,1995,544,544,1381,49,0,21,0,587,8,7,1,8
72,6,moe,711,29,3035,1201,1201,1716,56,0,62,0,704,8,7,1,8
72,7,moe,631,29,2914,1337,1337,1467,50,0,60,0,588,8,7,1,8
72,8,moe,720,34,5238,2340,2340,2765,99,0,34,0,593,8,6,2,8
72,9,moe,778,31,6074,2518,2518,3368,113,0,75,0,707,8,6,2,8
72,10,moe,711,33,10,0,0,0,0,0,10,0,584,8,8,0,8
72,11,moe,638,28,6372,1881,1881,4254,148,0,89,0,587,8,5,3,8
72,12,moe,713,34,5942,2435,2435,3319,117,0,71,0,708,8,6,2,8
72,13,moe,775,30,1901,284,284,1504,51,0,62,0,598,8,7,1,8
72,14,moe,709,32,4298,1399,1400,2766,103,0,29,0,592,8,6,2,8
72,15,moe,631,28,7956,2720,2720,4989,169,0,78,0,708,8,5,3,8
72,16,moe,718,33,5318,2284,2284,2857,98,0,79,0,590,8,6,2,8
72,17,moe,780,31,2608,1156,1158,1378,51,0,21,0,592,8,7,1,8
72,18,moe,721,32,3250,1393,1393,1749,60,0,48,0,711,8,7,1,8
72,19,moe,632,28,4483,1420,1420,2884,99,0,80,0,586,8,6,2,8
72,20,moe,712,29,4288,1398,1398,2761,99,0,30,0,587,8,6,2,8
72,21,moe,777,29,7245,2034,2035,4947,173,0,90,0,728,8,5,3,8
72,22,moe,773,30,2761,1160,1160,1478,50,0,73,0,595,8,7,1,8
72,23,moe,629,28,4417,877,877,3358,113,0,69,0,708,8,6,2,8
72,24,moe,788,39,5007,1617,1617,3232,116,0,42,0,718,8,6,2,8
72,25,moe,791,32,10049,3294,3294,6473,231,0,51,0,722,8,4,4,8
72,26,moe,626,32,9808,3027,3027,6496,230,0,55,0,707,8,4,4,8
72,-1,epi,0,0,0,0,0,0,0,0,5508,0,0,0,0,0,0
73,-2,pre,2569,0,0,0,0,0,0,0,0,0,0,0,0,0,0
73,0,dense,1381,43,0,0,0,0,0,0,0,0,0,0,0,0,0
73,1,moe,789,33,12108,5385,5385,6443,231,0,49,0,710,8,4,4,8
73,2,moe,721,31,7713,2662,2662,4841,172,0,38,0,712,8,5,3,8
73,3,moe,629,35,7044,1986,1986,4848,169,0,41,0,712,8,5,3,8
73,4,moe,714,36,4594,1528,1528,2880,98,0,88,0,584,8,6,2,8
73,5,moe,2069,37,9,0,0,0,0,0,9,0,584,8,8,0,8
73,6,moe,3685,40,9,0,0,0,0,0,9,0,699,8,8,0,8
73,7,moe,621,35,2582,1127,1127,1380,51,0,24,0,603,8,7,1,8
73,8,moe,722,35,5064,2184,2184,2751,100,0,29,0,592,8,6,2,8
73,9,moe,785,37,3129,1223,1223,1772,57,0,77,0,703,8,7,1,8
73,10,moe,707,34,7099,2628,2628,4223,151,0,97,0,593,8,5,3,8
73,11,moe,617,34,4360,1467,1467,2765,99,0,29,0,588,8,6,2,8
73,12,moe,708,38,3158,1332,1332,1704,59,0,63,0,705,8,7,1,8
73,13,moe,781,36,2747,1199,1199,1436,51,0,61,0,592,8,7,1,8
73,14,moe,707,35,7715,3355,3356,4172,146,0,41,0,601,8,5,3,8
73,15,moe,632,35,4980,1445,1446,3335,116,0,83,0,713,8,6,2,8
73,16,moe,710,37,2726,1168,1168,1437,52,0,69,0,589,8,7,1,8
73,17,moe,790,38,10,0,0,0,0,0,10,0,610,8,8,0,8
73,18,moe,769,36,8038,2810,2810,4950,175,0,103,0,718,8,5,3,8
73,19,moe,633,37,6137,1703,1703,4198,151,0,85,0,590,8,5,3,8
73,20,moe,718,37,5549,2651,2651,2763,102,0,33,0,586,8,6,2,8
73,21,moe,784,38,8954,3718,3718,4972,174,0,90,0,742,8,5,3,8
73,22,moe,816,49,8477,4027,4027,4202,145,0,103,0,586,8,5,3,8
73,23,moe,627,34,8891,3665,3665,4975,169,0,82,0,700,8,5,3,8
73,24,moe,769,36,10986,4170,4170,6540,224,0,52,0,709,8,4,4,8
73,25,moe,770,37,7812,2735,2736,4869,169,0,38,0,707,8,5,3,8
73,26,moe,687,43,2028,328,328,1614,60,0,26,0,718,8,7,1,8
73,-1,epi,0,0,0,0,0,0,0,0,5536,0,0,0,0,0,0
74,-2,pre,50,0,0,0,0,0,0,0,0,0,0,0,0,0,0
74,0,dense,1442,42,0,0,0,0,0,0,0,0,0,0,0,0,0
74,1,moe,796,41,1999,314,314,1602,57,0,26,0,710,8,7,1,8
74,2,moe,724,40,1993,308,308,1604,58,0,23,0,708,8,7,1,8
74,3,moe,642,34,2938,1246,1246,1614,56,0,22,0,705,8,7,1,8
74,4,moe,714,34,5362,2352,2352,2821,99,0,90,0,582,8,6,2,8
74,5,moe,783,37,9,0,0,0,0,0,9,0,578,8,8,0,8
74,6,moe,709,40,3037,1212,1212,1698,56,0,71,0,708,8,7,1,8
74,7,moe,1431,38,9,0,0,0,0,0,9,0,589,8,8,0,8
74,8,moe,2337,38,2640,1060,1060,1457,51,0,72,0,599,8,7,1,8
74,9,moe,2375,41,3035,1194,1194,1716,59,0,66,0,710,8,7,1,8
74,10,moe,719,38,9,0,0,0,0,0,9,0,604,8,8,0,8
74,11,moe,656,40,8,0,0,0,0,0,8,0,595,8,8,0,8
74,12,moe,725,37,4088,647,647,3291,117,0,33,0,721,8,6,2,8
74,13,moe,802,38,3428,1836,1836,1463,50,0,79,0,629,8,7,1,8
74,14,moe,761,40,6960,2509,2509,4260,150,0,41,0,621,8,5,3,8
74,15,moe,641,33,5057,1510,1510,3357,115,0,75,0,714,8,6,2,8
74,16,moe,777,50,6186,1681,1681,4263,149,0,93,0,591,8,5,3,8
74,17,moe,830,48,4283,1365,1365,2781,103,0,34,0,591,8,6,2,8
74,18,moe,713,36,6040,2512,2512,3339,115,0,74,0,703,8,6,2,8
74,19,moe,647,34,6993,2492,2492,4252,157,0,92,0,594,8,5,3,8
74,20,moe,724,35,4369,1426,1426,2804,102,0,37,0,594,8,6,2,8
74,21,moe,789,38,7173,1874,1874,5025,181,0,93,0,720,8,5,3,8
74,22,moe,794,48,6135,1582,1582,4294,161,0,98,0,590,8,5,3,8
74,23,moe,686,55,6022,2421,2421,3385,131,0,85,0,819,8,6,2,8
74,24,moe,787,39,5236,1782,1782,3289,129,0,36,0,725,8,6,2,8
74,25,moe,808,43,2055,325,325,1642,64,0,24,0,720,8,7,1,8
74,26,moe,644,73,4045,617,617,3252,113,0,63,0,717,8,6,2,8
74,-1,epi,0,0,0,0,0,0,0,0,5593,0,0,0,0,0,0
75,-2,pre,42,0,0,0,0,0,0,0,0,0,0,0,0,0,0
75,0,dense,1457,63,0,0,0,0,0,0,0,0,0,0,0,0,0
75,1,moe,802,39,5052,1660,1661,3241,114,0,36,0,727,8,6,2,8
75,2,moe,742,62,9,0,0,0,0,0,9,0,731,8,8,0,8
75,3,moe,645,80,9,0,0,0,0,0,9,0,725,8,8,0,8
75,4,moe,733,53,8,0,0,0,0,0,8,0,614,8,8,0,8
75,5,moe,806,60,2923,1343,1343,1447,51,0,82,0,596,8,7,1,8
75,6,moe,726,47,8,0,0,0,0,0,8,0,717,8,8,0,8
75,7,moe,634,37,2623,1172,1172,1377,51,0,23,0,608,8,7,1,8
75,8,moe,747,58,1742,283,283,1387,51,0,21,0,600,8,7,1,8
75,9,moe,798,35,9,0,0,0,0,0,9,0,724,8,8,0,8
75,10,moe,2727,42,8,0,0,0,0,0,8,0,599,8,8,0,8
75,11,moe,1427,33,4375,1473,1473,2770,102,0,30,0,599,8,6,2,8
75,12,moe,716,38,9,0,0,0,0,0,9,0,707,8,8,0,8
75,13,moe,788,53,7729,3366,3366,4163,148,0,52,0,590,8,5,3,8
75,14,moe,735,35,8,0,0,0,0,0,8,0,603,8,8,0,8
75,15,moe,640,39,7,0,0,0,0,0,7,0,717,8,8,0,8
75,16,moe,718,36,7754,3383,3383,4174,153,0,44,0,593,8,5,3,8
75,17,moe,794,60,6434,2056,2056,4191,146,0,41,0,598,8,5,3,8
75,18,moe,722,62,3151,1296,1296,1717,59,0,79,0,712,8,7,1,8
75,19,moe,648,45,6262,1787,1788,4228,154,0,92,0,592,8,5,3,8
75,20,moe,707,38,2748,1290,1290,1380,52,0,26,0,610,8,7,1,8
75,21,moe,777,38,5073,1554,1554,3322,116,0,81,0,701,8,6,2,8
75,22,moe,792,40,9,0,0,0,0,0,9,0,579,8,8,0,8
75,23,moe,649,66,5136,1765,1766,3229,111,0,30,0,733,8,6,2,8
75,24,moe,808,37,3077,1375,1375,1619,58,0,25,0,707,8,7,1,8
75,25,moe,811,47,11477,4716,4716,6479,227,0,55,0,710,8,4,4,8
75,26,moe,619,40,4849,1462,1462,3241,113,0,33,0,709,8,6,2,8
75,-1,epi,0,0,0,0,0,0,0,0,5542,0,0,0,0,0,0
76,-2,pre,38,0,0,0,0,0,0,0,0,0,0,0,0,0,0
76,0,dense,1428,39,0,0,0,0,0,0,0,0,0,0,0,0,0
76,1,moe,799,36,21,0,0,0,0,0,21,0,750,8,8,0,8
76,2,moe,739,42,3248,1548,1548,1615,59,0,26,0,724,8,7,1,8
76,3,moe,633,78,8,0,0,0,0,0,8,0,704,8,8,0,8
76,4,moe,717,54,4813,1792,1792,2822,102,0,97,0,595,8,6,2,8
76,5,moe,796,53,2631,1163,1163,1392,50,0,26,0,593,8,7,1,8
76,6,moe,711,61,8,0,0,0,0,0,8,0,706,8,8,0,8
76,7,moe,648,40,9,0,0,0,0,0,9,0,606,8,8,0,8
76,8,moe,719,40,9,0,0,0,0,0,9,0,592,8,8,0,8
76,9,moe,788,66,6045,2517,2517,3349,112,0,67,0,712,8,6,2,8
76,10,moe,716,46,4424,1406,1406,2836,96,0,86,0,593,8,6,2,8
76,11,moe,637,34,8,0,0,0,0,0,8,0,597,8,8,0,8
76,12,moe,2427,40,10,0,0,0,0,0,10,0,706,8,8,0,8
76,13,moe,783,49,5174,2255,2256,2781,101,0,36,0,592,8,6,2,8
76,14,moe,729,34,9,0,0,0,0,0,9,0,582,8,8,0,8
76,15,moe,651,39,5984,2469,2469,3310,117,0,88,0,714,8,6,2,8
76,16,moe,728,36,4482,1452,1452,2822,101,0,107,0,602,8,6,2,8
76,17,moe,812,34,2563,1106,1106,1378,51,0,28,0,602,8,7,1,8
76,18,moe,750,46,8,0,0,0,0,0,8,0,735,8,8,0,8
76,19,moe,635,48,4288,1388,1388,2768,100,0,32,0,593,8,6,2,8
76,20,moe,708,51,1735,271,271,1392,49,0,23,0,592,8,7,1,8
76,21,moe,788,32,8,0,1,0,0,0,7,0,710,8,8,0,8
76,22,moe,812,42,5269,2373,2373,2764,100,0,32,0,604,8,6,2,8
76,23,moe,630,32,7859,2615,2615,4974,173,0,97,0,705,8,5,3,8
76,24,moe,783,47,9812,3050,3050,6485,224,0,53,0,704,8,4,4,8
76,25,moe,784,36,4445,1044,1044,3239,112,0,50,0,704,8,6,2,8
76,26,moe,633,34,10823,3995,3996,6538,229,0,60,0,708,8,4,4,8
76,-1,epi,0,0,0,0,0,0,0,0,5576,0,0,0,0,0,0
77,-2,pre,174,0,0,0,0,0,0,0,0,0,0,0,0,0,0
77,0,dense,1402,32,0,0,0,0,0,0,0,0,0,0,0,0,0
77,1,moe,820,45,8,0,0,0,0,0,8,0,732,8,8,0,8
77,2,moe,737,45,2983,1293,1293,1608,58,0,24,0,714,8,7,1,8
77,3,moe,648,31,2930,1224,1224,1624,57,0,25,0,724,8,7,1,8
77,4,moe,729,38,8,0,0,0,0,0,8,0,617,8,8,0,8
77,5,moe,795,35,8,0,0,0,0,0,8,0,605,8,8,0,8
77,6,moe,770,32,5800,4107,4107,1612,58,0,23,0,708,8,7,1,8
77,7,moe,645,44,2811,1202,1202,1474,53,0,82,0,586,8,7,1,8
77,8,moe,714,41,5198,2273,2273,2793,103,0,29,0,589,8,6,2,8
77,9,moe,772,42,5141,1620,1620,3326,116,0,79,0,706,8,6,2,8
77,10,moe,713,53,4535,1516,1516,2836,98,0,85,0,602,8,6,2,8
77,11,moe,632,33,5217,2298,2298,2782,102,0,35,0,580,8,6,2,8
77,12,moe,726,33,5876,2367,2367,3319,114,0,76,0,720,8,6,2,8
77,13,moe,2185,33,7136,2655,2655,4237,150,0,94,0,590,8,5,3,8
77,14,moe,719,36,5202,2292,2292,2775,103,0,32,0,587,8,6,2,8
77,15,moe,635,42,7370,2205,2205,4906,174,0,85,0,730,8,5,3,8
77,16,moe,713,32,5211,2214,2214,2818,98,0,81,0,590,8,6,2,8
77,17,moe,794,52,2626,1165,1165,1385,51,0,25,0,593,8,7,1,8
77,18,moe,730,36,9287,2308,2308,6643,235,0,101,0,721,8,4,4,8
77,19,moe,634,37,1834,265,265,1455,51,0,63,0,590,8,7,1,8
77,20,moe,717,57,2657,1203,1203,1381,51,0,22,0,584,8,7,1,8
77,21,moe,784,47,3181,1315,1315,1741,56,0,69,0,698,8,7,1,8
77,22,moe,771,33,1853,261,261,1480,49,0,63,0,580,8,7,1,8
77,23,moe,625,36,3095,1270,1270,1714,56,0,55,0,700,8,7,1,8
77,24,moe,792,40,8756,3671,3671,4874,168,0,43,0,730,8,5,3,8
77,25,moe,793,34,6432,1318,1319,4888,178,0,47,0,719,8,5,3,8
77,26,moe,646,34,2014,314,314,1617,59,0,24,0,703,8,7,1,8
77,-1,epi,0,0,0,0,0,0,0,0,5531,0,0,0,0,0,0
78,-2,pre,47,0,0,0,0,0,0,0,0,0,0,0,0,0,0
78,0,dense,1412,32,0,0,0,0,0,0,0,0,0,0,0,0,0
78,1,moe,811,42,2885,1188,1188,1613,59,0,25,0,723,8,7,1,8
78,2,moe,733,32,8,0,0,0,0,0,8,0,716,8,8,0,8
78,3,moe,651,30,2119,401,402,1638,59,0,20,0,726,8,7,1,8
78,4,moe,722,32,5232,2206,2206,2831,103,0,92,0,588,8,6,2,8
78,5,moe,815,33,5268,2339,2339,2794,102,0,33,0,582,8,6,2,8
78,6,moe,708,32,9,0,0,0,0,0,9,0,713,8,8,0,8
78,7,moe,632,33,4299,1381,1382,2786,101,0,30,0,604,8,6,2,8
78,8,moe,720,32,9,0,0,0,0,0,9,0,596,8,8,0,8
78,9,moe,784,33,8,0,0,0,0,0,8,0,708,8,8,0,8
78,10,moe,720,44,2615,1158,1158,1382,50,0,25,0,601,8,7,1,8
78,11,moe,646,30,8,0,0,0,0,0,8,0,609,8,8,0,8
78,12,moe,737,42,3226,1264,1264,1826,59,0,77,0,724,8,7,1,8
78,13,moe,792,45,9,0,0,0,0,0,9,0,603,8,8,0,8
78,14,moe,719,31,2783,1157,1157,1489,53,0,84,0,594,8,7,1,8
78,15,moe,645,46,8,0,0,0,0,0,8,0,723,8,8,0,8
78,16,moe,731,32,8,0,0,0,0,0,8,0,610,8,8,0,8
78,17,moe,791,30,8,0,0,0,0,0,8,0,606,8,8,0,8
78,18,moe,755,32,2208,345,345,1723,60,0,80,0,712,8,7,1,8
78,19,moe,650,39,5421,2422,2422,2826,99,0,74,0,603,8,6,2,8
78,20,moe,732,45,2618,1146,1146,1395,50,0,27,0,595,8,7,1,8
78,21,moe,796,35,3066,1229,1229,1720,65,0,52,0,719,8,7,1,8
78,22,moe,791,37,13196,5744,5744,7064,263,0,125,0,602,8,3,5,8
78,23,moe,642,43,8155,1220,1220,6587,230,0,118,0,711,8,4,4,8
78,24,moe,801,49,7864,2747,2748,4889,180,0,47,0,711,8,5,3,8
78,25,moe,775,39,10,0,0,0,0,0,10,0,715,8,8,0,8
78,26,moe,650,47,4035,612,612,3272,118,0,33,0,722,8,6,2,8
78,-1,epi,0,0,0,0,0,0,0,0,5614,0,0,0,0,0,0
79,-2,pre,63,0,0,0,0,0,0,0,0,0,0,0,0,0,0
79,0,dense,1414,40,0,0,0,0,0,0,0,0,0,0,0,0,0
79,1,moe,797,37,10378,3594,3594,6493,234,1,56,0,710,8,4,4,8
79,2,moe,718,36,8877,3766,3766,4895,173,0,43,0,709,8,5,3,8
79,3,moe,650,35,10014,3277,3277,6447,236,0,54,0,708,8,4,4,8
79,4,moe,701,34,6285,1828,1828,4201,150,1,105,0,591,8,5,3,8
79,5,moe,787,36,1723,273,273,1383,48,1,18,0,588,8,7,1,8
79,6,moe,711,35,2975,1164,1164,1688,56,0,67,0,707,8,7,1,8
79,7,moe,625,42,9,0,0,0,0,0,9,0,593,8,8,0,8
79,8,moe,730,33,4581,1584,1584,2814,102,0,81,0,594,8,6,2,8
79,9,moe,796,37,7834,2675,2676,4905,168,0,85,0,706,8,5,3,8
79,10,moe,708,35,4120,1128,1128,2808,100,0,84,0,590,8,6,2,8
79,11,moe,640,34,1698,254,254,1378,49,0,17,0,585,8,7,1,8
79,12,moe,725,36,5957,2467,2467,3297,116,0,77,0,702,8,6,2,8
79,13,moe,774,35,8,0,0,0,0,0,8,0,579,8,8,0,8
79,14,moe,1953,36,6903,2410,2410,4232,152,0,109,0,600,8,5,3,8
79,15,moe,641,56,8119,2857,2857,4996,173,0,93,0,719,8,5,3,8
79,16,moe,730,40,10635,3280,3280,6988,248,0,119,0,594,8,3,5,8
79,17,moe,797,44,9718,2505,2505,6900,248,0,65,0,595,8,3,5,8
79,18,moe,728,39,12303,3655,3655,8254,283,0,111,0,707,8,3,5,8
79,19,moe,626,34,12375,3590,3592,8369,295,0,119,0,595,8,2,6,8
79,20,moe,724,38,10218,2987,2987,6922,250,0,59,0,593,8,3,5,8
79,21,moe,792,37,12304,3739,3740,8165,290,0,109,0,705,8,3,5,8
79,22,moe,780,36,11477,4124,4124,6992,250,0,111,0,588,8,3,5,8
79,23,moe,627,34,12240,1904,1904,9877,341,0,118,0,712,8,2,6,8
79,24,moe,784,40,13188,4801,4801,8044,285,0,58,0,708,8,3,5,8
79,25,moe,785,36,15755,3968,3968,11310,396,0,81,0,702,8,1,7,8
79,26,moe,636,33,13965,3905,3905,9657,336,0,67,0,710,8,2,6,8
79,-1,epi,0,0,0,0,0,0,0,0,5437,0,0,0,0,0,0
80,-2,pre,51,0,0,0,0,0,0,0,0,0,0,0,0,0,0
80,0,dense,1455,41,0,0,0,0,0,0,0,0,0,0,0,0,0
80,1,moe,785,35,9319,2594,2594,6440,234,0,51,0,713,8,4,4,8
80,2,moe,721,36,4929,1556,1556,3226,113,0,34,0,710,8,6,2,8
80,3,moe,641,39,5012,1643,1643,3227,114,0,28,0,712,8,6,2,8
80,4,moe,711,41,5411,2388,2388,2827,99,0,97,0,590,8,6,2,8
80,5,moe,774,33,1732,281,281,1382,50,0,19,0,594,8,7,1,8
80,6,moe,710,37,3193,1298,1298,1769,57,0,69,0,713,8,7,1,8
80,7,moe,645,37,1890,270,270,1505,52,0,63,0,582,8,7,1,8
80,8,moe,722,34,9,0,0,0,0,0,9,0,586,8,8,0,8
80,9,moe,795,38,4129,640,640,3297,114,0,78,0,710,8,6,2,8
80,10,moe,723,35,1855,282,282,1449,51,0,73,0,594,8,7,1,8
80,11,moe,629,34,4446,1559,1559,2759,101,0,27,0,602,8,6,2,8
80,12,moe,719,35,4181,630,630,3362,115,0,74,0,702,8,6,2,8
80,13,moe,785,37,3773,741,741,2850,100,0,82,0,587,8,6,2,8
80,14,moe,716,35,6866,2534,2534,4141,151,0,40,0,606,8,5,3,8
80,15,moe,1359,41,9422,2504,2504,6596,230,0,92,0,704,8,4,4,8
80,16,moe,722,37,3598,569,569,2853,100,0,76,0,586,8,6,2,8
80,17,moe,783,45,7005,2694,2694,4127,147,0,37,0,600,8,5,3,8
80,18,moe,701,34,5042,1498,1498,3354,114,0,76,0,703,8,6,2,8
80,19,moe,619,38,8011,2101,2102,5616,194,0,99,0,597,8,4,4,8
80,20,moe,714,48,2603,1149,1149,1381,51,0,22,0,583,8,7,1,8
80,21,moe,798,35,9395,2461,2461,6605,234,0,95,0,706,8,4,4,8
80,22,moe,788,36,2212,642,642,1447,52,0,71,0,598,8,7,1,8
80,23,moe,630,33,4563,1019,1019,3362,117,0,65,0,700,8,6,2,8
80,24,moe,781,36,4020,642,642,3229,115,0,34,0,714,8,6,2,8
80,25,moe,798,38,10144,1723,1723,8079,287,0,55,0,709,8,3,5,8
80,26,moe,633,34,5956,918,918,4829,172,0,37,0,702,8,5,3,8
80,-1,epi,0,0,0,0,0,0,0,0,5467,0,0,0,0,0,0
81,-2,pre,76,0,0,0,0,0,0,0,0,0,0,0,0,0,0
81,0,dense,1394,41,0,0,0,0,0,0,0,0,0,0,0,0,0
81,1,moe,790,36,8339,3292,3292,4835,171,0,41,0,706,8,5,3,8
81,2,moe,720,34,7203,2150,2150,4836,175,0,42,0,711,8,5,3,8
81,3,moe,643,39,10055,1609,1609,8102,292,0,52,0,804,8,3,5,8
81,4,moe,728,37,5507,879,879,4342,170,0,116,0,662,8,5,3,8
81,5,moe,792,42,2688,1193,1193,1412,54,0,29,0,681,8,7,1,8
81,6,moe,728,37,10,0,0,0,0,0,10,0,709,8,8,0,8
81,7,moe,648,39,9,0,0,0,0,0,9,0,592,8,8,0,8
81,8,moe,741,41,1788,279,279,1430,54,0,25,0,593,8,7,1,8
81,9,moe,791,38,2173,325,325,1711,58,1,78,0,708,8,7,1,8
81,10,moe,715,36,2816,1228,1228,1456,50,0,82,0,591,8,7,1,8
81,11,moe,638,34,3828,943,943,2754,101,0,30,0,587,8,6,2,8
81,12,moe,717,37,2139,322,322,1692,59,0,66,0,714,8,7,1,8
81,13,moe,790,39,6497,2078,2078,4195,150,0,74,0,598,8,5,3,8
81,14,moe,719,36,3426,548,548,2750,100,0,28,0,592,8,6,2,8
81,15,moe,640,33,5943,2918,2918,2770,168,0,87,0,705,8,5,3,8
81,16,moe,723,34,3446,875,875,2328,149,0,94,0,589,8,5,3,8
81,17,moe,793,35,6399,2062,2062,4147,149,0,41,0,588,8,5,3,8
81,18,moe,720,36,8129,2906,2906,4967,172,0,84,0,707,8,5,3,8
81,19,moe,628,35,8016,2141,2141,5581,193,0,101,0,594,8,4,4,8
81,20,moe,714,34,6499,2401,2401,3805,242,0,51,0,595,8,3,5,8
81,21,moe,795,39,8059,2807,2808,5002,173,0,76,0,713,8,5,3,8
81,22,moe,771,36,5575,2164,2165,3118,195,0,97,0,588,8,4,4,8
81,23,moe,630,33,12989,4377,4377,8216,290,0,106,0,704,8,3,5,8
81,24,moe,771,36,7978,1258,1258,6438,232,0,50,0,714,8,4,4,8
81,25,moe,825,34,13778,5379,5380,8051,285,0,62,0,717,8,3,5,8
81,26,moe,636,35,9999,1562,1562,8066,298,0,73,0,708,8,3,5,8
81,-1,epi,0,0,0,0,0,0,0,0,5452,0,0,0,0,0,0
82,-2,pre,45,0,0,0,0,0,0,0,0,0,0,0,0,0,0
82,0,dense,1406,38,0,0,0,0,0,0,0,0,0,0,0,0,0
82,1,moe,786,36,2727,806,806,1778,112,0,31,0,718,8,6,2,8
82,2,moe,713,33,2915,1000,1000,1775,112,0,28,0,712,8,6,2,8
82,3,moe,638,35,6849,3983,3983,2655,168,0,43,0,708,8,5,3,8
82,4,moe,712,34,7006,1082,1082,5615,198,0,111,0,588,8,4,4,8
82,5,moe,791,35,3442,547,547,2764,101,0,30,0,593,8,6,2,8
82,6,moe,722,36,9,0,0,0,0,0,9,0,719,8,8,0,8
82,7,moe,632,42,2168,1338,1339,761,49,0,19,0,597,8,7,1,8
82,8,moe,728,32,8,0,0,0,0,0,8,0,594,8,8,0,8
82,9,moe,789,36,9,0,1,0,0,0,8,0,717,8,8,0,8
82,10,moe,724,31,3423,540,540,2751,101,0,31,0,597,8,6,2,8
82,11,moe,642,27,3195,1550,1550,1513,100,0,32,0,600,8,6,2,8
82,12,moe,718,30,2208,324,324,1747,59,0,78,0,703,8,7,1,8
82,13,moe,776,34,3551,556,556,2814,99,0,82,0,590,8,6,2,8
82,14,moe,717,30,1713,263,263,1381,49,0,20,0,596,8,7,1,8
82,15,moe,640,31,8603,1708,1709,6572,228,0,94,0,709,8,4,4,8
82,16,moe,748,34,3552,556,556,2817,103,0,76,0,595,8,6,2,8
82,17,moe,787,33,6861,2752,2752,3807,245,0,57,0,594,8,3,5,8
82,18,moe,724,33,2382,1279,1279,997,59,0,47,0,704,8,7,1,8
82,19,moe,638,30,1856,270,270,1471,50,0,65,0,589,8,7,1,8
82,20,moe,719,36,1735,288,288,1378,51,0,18,0,596,8,7,1,8
82,21,moe,789,31,6158,952,952,4948,174,0,84,0,720,8,5,3,8
82,22,moe,799,32,5214,792,792,4189,146,0,87,0,590,8,5,3,8
82,23,moe,634,33,4083,604,604,3299,114,0,66,0,704,8,6,2,8
82,24,moe,782,31,1995,309,309,1609,57,0,20,0,709,8,7,1,8
82,25,moe,782,30,4010,644,644,3217,117,0,32,0,707,8,6,2,8
82,26,moe,633,29,5959,921,921,4823,174,0,41,0,707,8,5,3,8
82,-1,epi,0,0,0,0,0,0,0,0,5511,0,0,0,0,0,0
83,-2,pre,236,0,0,0,0,0,0,0,0,0,0,0,0,0,0
83,0,dense,1394,34,0,0,0,0,0,0,0,0,0,0,0,0,0
83,1,moe,791,33,3603,1645,1645,1774,112,0,72,0,716,8,6,2,8
83,2,moe,721,32,2169,1206,1206,887,56,0,20,0,707,8,7,1,8
83,3,moe,639,32,5026,2164,2164,2650,172,0,40,0,708,8,5,3,8
83,4,moe,729,34,9506,3576,3576,5622,196,0,112,0,598,8,4,4,8
83,5,moe,782,32,2552,1104,1104,1379,48,0,21,0,586,8,7,1,8
83,6,moe,705,28,6006,2465,2465,3348,114,0,79,0,708,8,6,2,8
83,7,moe,618,28,9544,3643,3643,5604,194,0,103,0,588,8,4,4,8
83,8,moe,704,30,2614,1155,1155,1388,49,1,21,0,584,8,7,1,8
83,9,moe,778,30,3109,1226,1226,1758,57,0,68,0,699,8,7,1,8
83,10,moe,715,32,2794,1208,1209,1468,50,0,67,0,589,8,7,1,8
83,11,moe,626,34,2591,1138,1138,1382,51,0,20,0,585,8,7,1,8
83,12,moe,712,30,7184,3623,3624,3365,113,0,82,0,709,8,6,2,8
83,13,moe,789,32,2745,1151,1151,1477,49,0,68,0,586,8,7,1,8
83,14,moe,713,39,6191,1839,1839,4164,147,1,40,0,585,8,5,3,8
83,15,moe,616,30,4152,599,599,3370,112,0,71,0,706,8,6,2,8
83,16,moe,718,32,8,0,0,0,0,0,8,0,594,8,8,0,8
83,17,moe,781,30,3197,1429,1429,1587,97,0,84,0,596,8,6,2,8
83,18,moe,716,30,6038,2496,2496,3357,112,0,73,0,709,8,6,2,8
83,19,moe,627,28,8592,2681,2681,5622,198,0,91,0,596,8,4,4,8
83,20,moe,719,32,4298,1392,1392,2774,103,0,29,0,588,8,6,2,8
83,21,moe,776,30,4172,629,629,3348,116,0,79,0,700,8,6,2,8
83,22,moe,782,31,3573,548,548,2847,98,0,80,0,589,8,6,2,8
83,23,moe,638,27,3032,1209,1209,1714,56,0,53,0,706,8,7,1,8
83,24,moe,780,31,5984,955,957,4818,173,0,36,0,714,8,5,3,8
83,25,moe,790,30,1286,324,324,887,57,0,18,0,707,8,7,1,8
83,26,moe,644,29,3941,560,560,3231,121,1,28,0,702,8,6,2,8
83,-1,epi,0,0,0,0,0,0,0,0,5539,0,0,0,0,0,0
84,-2,pre,221,0,0,0,0,0,0,0,0,0,0,0,0,0,0
84,0,dense,1389,33,0,0,0,0,0,0,0,0,0,0,0,0,0
84,1,moe,795,30,2172,1204,1204,888,58,0,22,0,717,8,7,1,8
84,2,moe,728,30,2283,1306,1306,900,58,0,19,0,714,8,7,1,8
84,3,moe,630,28,4389,2482,2482,1766,115,0,26,0,707,8,6,2,8
84,4,moe,718,33,6996,2480,2480,4260,148,0,108,0,591,8,5,3,8
84,5,moe,769,29,1714,270,270,1376,49,0,19,0,585,8,7,1,8
84,6,moe,708,28,5872,2314,2314,3368,113,0,77,0,714,8,6,2,8
84,7,moe,643,27,4050,2278,2278,1596,100,0,76,0,595,8,6,2,8
84,8,moe,720,30,2676,1220,1220,1383,50,0,23,0,591,8,7,1,8
84,9,moe,772,32,5126,1572,1572,3359,115,0,80,0,710,8,6,2,8
84,10,moe,715,29,7963,3457,3457,4256,168,0,82,0,662,8,5,3,8
84,11,moe,657,35,3817,876,876,2796,112,0,33,0,640,8,6,2,8
84,12,moe,730,33,3131,1217,1217,1757,74,0,83,0,739,8,7,1,8
84,13,moe,789,34,1851,278,278,1446,49,0,78,0,592,8,7,1,8
84,14,moe,714,32,6866,2521,2521,4154,148,0,43,0,593,8,5,3,8
84,15,moe,622,29,3032,1181,1181,1724,56,0,71,0,707,8,7,1,8
84,16,moe,1069,37,2707,1104,1104,1480,52,0,71,0,594,8,7,1,8
84,17,moe,774,32,2549,1095,1095,1385,48,0,21,0,589,8,7,1,8
84,18,moe,711,47,5979,2377,2377,3397,113,0,92,0,705,8,6,2,8
84,19,moe,630,30,8715,2780,2780,5640,195,0,100,0,603,8,4,4,8
84,20,moe,737,53,6761,3857,3857,2770,97,0,37,0,598,8,6,2,8
84,21,moe,790,32,11983,3399,3399,8173,281,0,130,0,718,8,3,5,8
84,22,moe,812,38,5942,4150,4150,1611,98,0,83,0,587,8,6,2,8
84,23,moe,636,40,5262,1754,1754,3322,115,0,71,0,707,8,6,2,8
84,24,moe,779,38,9118,2400,2400,6439,225,0,54,0,708,8,4,4,8
84,25,moe,770,33,8944,3898,3898,4832,168,0,46,0,710,8,5,3,8
84,26,moe,633,33,4869,1517,1517,3210,114,0,28,0,721,8,6,2,8
84,-1,epi,0,0,0,0,0,0,0,0,5472,0,0,0,0,0,0
85,-2,pre,77,0,0,0,0,0,0,0,0,0,0,0,0,0,0
85,0,dense,1380,40,0,0,0,0,0,0,0,0,0,0,0,0,0
85,1,moe,790,36,2281,1311,1311,892,57,0,21,0,711,8,7,1,8
85,2,moe,718,36,4410,2494,2494,1773,115,0,28,0,716,8,6,2,8
85,3,moe,647,32,7064,1968,1969,4876,176,0,43,0,716,8,5,3,8
85,4,moe,706,34,6239,2781,2782,3141,195,0,121,0,586,8,4,4,8
85,5,moe,787,44,1747,298,298,1379,51,0,19,0,587,8,7,1,8
85,6,moe,723,38,10,0,0,0,0,0,10,0,705,8,8,0,8
85,7,moe,626,32,1730,286,286,1376,51,0,17,0,586,8,7,1,8
85,8,moe,718,37,2115,661,661,1379,55,0,20,0,587,8,7,1,8
85,9,moe,788,35,8,0,0,0,0,0,8,0,716,8,8,0,8
85,10,moe,720,36,8,0,0,0,0,0,8,0,602,8,8,0,8
85,11,moe,650,37,12,0,0,0,0,0,12,0,608,8,8,0,8
85,12,moe,731,37,5262,1704,1704,3353,118,0,87,0,714,8,6,2,8
85,13,moe,783,40,9,0,0,0,0,0,9,0,595,8,8,0,8
85,14,moe,721,33,4674,2064,2064,2357,148,0,105,0,595,8,5,3,8
85,15,moe,641,36,2155,303,303,1731,59,0,62,0,703,8,7,1,8
85,16,moe,726,36,1821,262,262,1446,49,0,64,0,591,8,7,1,8
85,17,moe,799,38,8,0,0,0,0,0,8,0,597,8,8,0,8
85,18,moe,734,37,8,0,0,0,0,0,8,0,715,8,8,0,8
85,19,moe,649,32,1715,264,264,1378,53,0,20,0,603,8,7,1,8
85,20,moe,727,42,2710,1259,1259,1378,53,0,20,0,594,8,7,1,8
85,21,moe,790,34,3802,1716,1716,1890,112,0,84,0,710,8,6,2,8
85,22,moe,784,34,2807,1242,1242,1439,51,0,75,0,591,8,7,1,8
85,23,moe,632,36,4642,2596,2598,1853,115,0,76,0,704,8,6,2,8
85,24,moe,788,36,2160,1188,1188,892,60,0,20,0,712,8,7,1,8
85,25,moe,784,34,2957,1257,1257,1615,60,0,25,0,709,8,7,1,8
85,26,moe,618,34,10,0,0,0,0,0,10,0,704,8,8,0,8
85,-1,epi,0,0,0,0,0,0,0,0,5599,0,0,0,0,0,0
86,-2,pre,97,0,0,0,0,0,0,0,0,0,0,0,0,0,0
86,0,dense,1412,37,0,0,0,0,0,0,0,0,0,0,0,0,0
86,1,moe,799,40,10,0,0,0,0,0,10,0,742,8,8,0,8
86,2,moe,738,34,3969,595,595,3225,118,0,31,0,715,8,6,2,8
86,3,moe,649,38,8,0,1,0,0,0,7,0,724,8,8,0,8
86,4,moe,745,36,3579,559,559,2826,100,0,94,0,599,8,6,2,8
86,5,moe,792,37,5149,829,829,4132,149,0,39,0,601,8,5,3,8
86,6,moe,720,33,10,0,0,0,0,0,10,0,720,8,8,0,8
86,7,moe,638,32,1098,267,267,759,50,0,22,0,593,8,7,1,8
86,8,moe,728,38,9,0,0,0,0,0,9,0,602,8,8,0,8
86,9,moe,798,34,2166,322,322,1711,58,0,75,0,724,8,7,1,8
86,10,moe,718,33,8,0,0,0,0,0,8,0,602,8,8,0,8
86,11,moe,652,31,3005,1413,1413,1463,51,0,78,0,601,8,7,1,8
86,12,moe,717,82,10,0,0,0,0,0,10,0,721,8,8,0,8
86,13,moe,791,37,1481,650,650,760,49,0,22,0,605,8,7,1,8
86,14,moe,727,34,2052,1219,1219,763,48,0,22,0,596,8,7,1,8
86,15,moe,647,33,1466,326,326,1008,58,0,74,0,709,8,7,1,8
86,16,moe,711,34,1234,269,269,828,53,0,84,0,608,8,7,1,8
86,17,moe,791,35,9,0,0,0,0,0,9,0,596,8,8,0,8
86,18,moe,733,37,2454,1320,1321,1003,62,1,67,0,714,8,7,1,8
86,19,moe,640,35,5185,2569,2570,2384,150,0,81,0,598,8,5,3,8
86,20,moe,714,33,2268,595,595,1540,100,0,33,0,596,8,6,2,8
86,21,moe,781,35,8,0,0,0,0,0,8,0,710,8,8,0,8
86,22,moe,790,36,4326,1432,1433,2759,102,0,32,0,595,8,6,2,8
86,23,moe,654,33,6047,2442,2442,3403,118,0,84,0,712,8,6,2,8
86,24,moe,790,33,3558,1630,1631,1771,120,0,36,0,715,8,6,2,8
86,25,moe,784,32,2252,1286,1286,884,62,0,20,0,710,8,7,1,8
86,26,moe,647,33,2334,1357,1357,896,61,0,20,0,711,8,7,1,8
86,-1,epi,0,0,0,0,0,0,0,0,5595,0,0,0,0,0,0
87,-2,pre,37,0,0,0,0,0,0,0,0,0,0,0,0,0,0
87,0,dense,1403,36,0,0,0,0,0,0,0,0,0,0,0,0,0
87,1,moe,803,34,9,0,0,0,0,0,9,0,732,8,8,0,8
87,2,moe,730,38,10,0,0,0,0,0,10,0,749,8,8,0,8
87,3,moe,655,31,1996,304,304,1611,61,0,20,0,728,8,7,1,8
87,4,moe,743,36,2190,1175,1175,862,51,0,102,0,601,8,7,1,8
87,5,moe,807,42,2007,1173,1173,761,52,0,21,0,601,8,7,1,8
87,6,moe,721,34,1427,291,291,1028,58,0,50,0,719,8,7,1,8
87,7,moe,634,33,9,0,0,0,0,0,9,0,603,8,8,0,8
87,8,moe,723,35,8,0,0,0,0,0,8,0,609,8,8,0,8
87,9,moe,791,33,2532,623,623,1766,113,0,30,0,726,8,6,2,8
87,10,moe,738,34,9,0,0,0,0,1,8,0,611,8,8,0,8
87,11,moe,657,30,2322,1339,1339,846,53,0,84,0,603,8,7,1,8
87,12,moe,727,33,9,0,0,0,0,0,9,0,727,8,8,0,8
87,13,moe,815,33,1108,271,271,765,52,0,20,0,616,8,7,1,8
87,14,moe,730,33,8,0,0,0,0,0,8,0,617,8,8,0,8
87,15,moe,652,35,8,0,0,0,0,0,8,0,729,8,8,0,8
87,16,moe,729,32,2040,1207,1207,761,51,0,21,0,615,8,7,1,8
87,17,moe,818,35,1114,280,280,765,51,0,18,0,610,8,7,1,8
87,18,moe,719,34,1420,309,309,976,58,0,77,0,725,8,7,1,8
87,19,moe,649,218,7018,4006,4007,2823,102,0,86,0,590,8,6,2,8
87,20,moe,720,33,2807,1357,1357,1379,51,0,20,0,597,8,7,1,8
87,21,moe,790,35,2364,1248,1248,988,58,0,70,0,716,8,7,1,8
87,22,moe,781,33,8,0,0,0,0,0,8,0,598,8,8,0,8
87,23,moe,645,32,1292,327,327,888,58,0,19,0,725,8,7,1,8
87,24,moe,789,34,5868,2985,2985,2670,169,0,44,0,718,8,5,3,8
87,25,moe,782,34,2548,628,628,1775,114,0,31,0,710,8,6,2,8
87,26,moe,632,33,2187,1223,1223,887,56,0,21,0,708,8,7,1,8
87,-1,epi,0,0,0,0,0,0,0,0,5652,0,0,0,0,0,0
88,-2,pre,222,0,0,0,0,0,0,0,0,0,0,0,0,0,0
88,0,dense,1417,37,0,0,0,0,0,0,0,0,0,0,0,0,0
88,1,moe,798,44,6001,2627,2627,3224,116,0,34,0,722,8,6,2,8
88,2,moe,721,29,7732,2690,2690,4821,173,0,48,0,723,8,5,3,8
88,3,moe,627,28,5177,1813,1813,3217,117,0,30,0,715,8,6,2,8
88,4,moe,720,31,8,0,0,0,0,1,7,0,592,8,8,0,8
88,5,moe,776,31,4674,1643,1643,2834,96,0,101,0,597,8,6,2,8
88,6,moe,732,28,3126,1256,1256,1745,59,0,66,0,719,8,7,1,8
88,7,moe,636,29,4913,1900,1900,2836,99,0,78,0,602,8,6,2,8
88,8,moe,715,29,9399,3650,3650,5503,199,0,47,0,597,8,4,4,8
88,9,moe,774,30,5936,2375,2375,3370,114,0,77,0,712,8,6,2,8
88,10,moe,705,29,4459,1410,1410,2867,101,0,81,0,589,8,6,2,8
88,11,moe,631,27,4584,1700,1700,2760,96,0,28,0,600,8,6,2,8
88,12,moe,707,30,8143,4183,4183,3637,227,0,96,0,706,8,4,4,8
88,13,moe,777,29,5104,2428,2428,2400,176,0,100,0,596,8,5,3,8
88,14,moe,710,33,3079,1391,1391,1546,107,1,34,0,678,8,6,2,8
88,15,moe,662,35,5147,1553,1553,3358,131,0,105,0,763,8,6,2,8
88,16,moe,696,37,5180,2559,2559,2343,151,0,127,0,602,8,5,3,8
88,17,moe,783,34,3887,2207,2207,1541,105,0,34,0,604,8,6,2,8
88,18,moe,717,31,1795,658,658,1005,58,0,74,0,712,8,7,1,8
88,19,moe,627,30,2312,544,544,1583,101,0,84,0,593,8,6,2,8
88,20,moe,726,38,9535,3770,3770,5516,196,0,53,0,599,8,4,4,8
88,21,moe,790,32,5900,2326,2326,3373,115,0,86,0,707,8,6,2,8
88,22,moe,786,35,4487,1466,1466,2834,100,0,87,0,586,8,6,2,8
88,23,moe,639,29,9837,2921,2921,6589,225,0,102,0,712,8,4,4,8
88,24,moe,775,32,2025,342,342,1605,57,0,21,0,709,8,7,1,8
88,25,moe,774,31,9963,3268,3268,6426,224,0,45,0,705,8,4,4,8
88,26,moe,641,32,5688,2827,2827,2650,170,0,41,0,709,8,5,3,8
88,-1,epi,0,0,0,0,0,0,0,0,5523,0,0,0,0,0,0
89,-2,pre,70,0,0,0,0,0,0,0,0,0,0,0,0,0,0
89,0,dense,1399,32,0,0,0,0,0,0,0,0,0,0,0,0,0
89,1,moe,799,31,5316,2446,2446,2653,167,0,50,0,716,8,5,3,8
89,2,moe,709,30,4267,2343,2343,1777,114,1,32,0,710,8,6,2,8
89,3,moe,644,29,4900,2021,2025,2669,169,0,37,0,712,8,5,3,8
89,4,moe,710,30,6318,1846,1846,4216,147,0,109,0,590,8,5,3,8
89,5,moe,773,31,7068,2726,2726,4156,147,0,39,0,594,8,5,3,8
89,6,moe,707,31,9,0,0,0,0,0,9,0,696,8,8,0,8
89,7,moe,623,29,10551,6427,6427,3813,249,0,62,0,591,8,3,5,8
89,8,moe,710,32,5188,2282,2283,2771,103,0,31,0,589,8,6,2,8
89,9,moe,786,37,5226,1647,1647,3401,118,0,60,0,711,8,6,2,8
89,10,moe,722,31,4510,1447,1448,2871,101,0,90,0,587,8,6,2,8
89,11,moe,621,29,6126,1782,1782,4158,146,0,40,0,602,8,5,3,8
89,12,moe,712,30,10535,3605,3605,6597,223,0,110,0,710,8,4,4,8
89,13,moe,775,30,3578,564,564,2824,98,0,92,0,587,8,6,2,8
89,14,moe,715,31,1721,277,277,1374,50,0,20,0,594,8,7,1,8
89,15,moe,635,31,3037,995,995,1851,117,0,74,0,705,8,6,2,8
89,16,moe,714,30,6298,2909,2909,3091,197,0,101,0,589,8,4,4,8
89,17,moe,783,31,1114,288,288,757,50,0,19,0,593,8,7,1,8
89,18,moe,732,37,2754,677,677,1887,117,0,73,0,709,8,6,2,8
89,19,moe,628,32,5258,824,824,4189,150,0,95,0,591,8,5,3,8
89,20,moe,736,35,1992,1159,1159,761,51,0,21,0,605,8,7,1,8
89,21,moe,801,36,6197,965,965,4967,173,0,92,0,709,8,5,3,8
89,22,moe,818,38,3152,1380,1380,1583,103,0,86,0,598,8,6,2,8
89,23,moe,671,34,1413,308,308,987,57,0,61,0,709,8,7,1,8
89,24,moe,825,41,6195,2271,2271,3634,236,0,54,0,754,8,4,4,8
89,25,moe,811,34,2837,905,905,1781,116,0,35,0,747,8,6,2,8
89,26,moe,4518,31,9279,2463,2463,6541,224,0,51,0,710,8,4,4,8
89,-1,epi,0,0,0,0,0,0,0,0,5469,0,0,0,0,0,0
90,-2,pre,128,0,0,0,0,0,0,0,0,0,0,0,0,0,0
90,0,dense,1400,35,0,0,0,0,0,0,0,0,0,0,0,0,0
90,1,moe,814,35,5763,2865,2865,2679,173,0,46,0,715,8,5,3,8
90,2,moe,724,34,2187,1214,1214,894,58,0,21,0,720,8,7,1,8
90,3,moe,658,29,7002,1949,1949,4841,170,0,42,0,704,8,5,3,8
90,4,moe,774,37,2111,1123,1123,837,54,0,97,0,597,8,7,1,8
90,5,moe,827,32,10,0,0,0,0,0,10,0,597,8,8,0,8
90,6,moe,4727,32,9,0,0,0,0,0,9,0,702,8,8,0,8
90,7,moe,929,33,5225,2710,2710,2317,153,0,45,0,631,8,5,3,8
90,8,moe,715,43,1966,1124,1124,766,51,0,25,0,610,8,7,1,8
90,9,moe,807,33,9,0,0,0,0,0,9,0,739,8,8,0,8
90,10,moe,746,37,3953,2302,2302,1517,102,0,32,0,612,8,6,2,8
90,11,moe,691,28,9369,3510,3511,5594,200,0,64,0,598,8,4,4,8
90,12,moe,730,33,7990,2713,2713,4986,177,0,114,0,715,8,5,3,8
90,13,moe,812,34,1885,297,297,1457,51,0,80,0,586,8,7,1,8
90,14,moe,738,47,1997,1163,1163,760,50,0,24,0,594,8,7,1,8
90,15,moe,635,32,4649,2577,2577,1879,116,0,77,0,713,8,6,2,8
90,16,moe,724,242,7853,6082,6082,1603,96,0,72,0,615,8,6,2,8
90,17,moe,790,40,2201,1363,1363,764,48,0,26,0,599,8,7,1,8
90,18,moe,702,34,3594,1497,1497,1899,113,0,85,0,720,8,6,2,8
90,19,moe,635,32,5549,2121,2121,3126,196,0,106,0,593,8,4,4,8
90,20,moe,721,38,6343,3049,3049,3050,195,0,49,0,587,8,4,4,8
90,21,moe,777,35,8044,4058,4058,3664,224,0,98,0,710,8,4,4,8
90,22,moe,780,40,10032,4955,4955,4652,293,0,132,0,593,8,2,6,8
90,23,moe,632,31,3658,1596,1596,1882,112,0,68,0,711,8,6,2,8
90,24,moe,771,33,5916,3043,3043,2667,168,0,38,0,719,8,5,3,8
90,25,moe,776,33,9,0,0,0,0,0,9,0,713,8,8,0,8
90,26,moe,633,40,8626,2897,2897,5313,334,0,82,0,708,8,2,6,8
90,-1,epi,0,0,0,0,0,0,0,0,5518,0,0,0,0,0,0
91,-2,pre,44,0,0,0,0,0,0,0,0,0,0,0,0,0,0
91,0,dense,1415,36,0,0,0,0,0,0,0,0,0,0,0,0,0
91,1,moe,797,36,5009,2116,2116,2679,171,0,43,0,718,8,5,3,8
91,2,moe,728,39,2533,627,628,1763,113,0,29,0,712,8,6,2,8
91,3,moe,652,43,7832,4011,4011,3543,229,0,49,0,719,8,4,4,8
91,4,moe,708,42,3435,808,808,2364,149,0,114,0,592,8,5,3,8
91,5,moe,788,39,1115,281,281,764,50,0,20,0,589,8,7,1,8
91,6,moe,729,32,9,0,0,0,0,0,9,0,729,8,8,0,8
91,7,moe,13032,34,4203,1305,1305,2766,102,0,30,0,596,8,6,2,8
91,8,moe,2713,34,1091,261,262,760,50,0,19,0,594,8,7,1,8
91,9,moe,781,34,5887,2827,2827,2789,170,0,101,0,710,8,5,3,8
91,10,moe,704,33,1242,271,271,846,50,0,75,0,593,8,7,1,8
91,11,moe,633,32,3285,804,804,2296,146,0,39,0,591,8,5,3,8
91,12,moe,706,35,9,0,0,0,0,0,9,0,702,8,8,0,8
91,13,moe,776,33,1087,260,260,757,51,0,19,0,592,8,7,1,8
91,14,moe,709,34,1120,275,275,773,48,0,24,0,603,8,7,1,8
91,15,moe,637,40,3257,1288,1288,1807,77,0,85,0,742,8,7,1,8
91,16,moe,745,40,1253,275,275,835,53,1,89,0,673,8,7,1,8
91,17,moe,795,38,2216,541,541,1537,106,0,32,0,660,8,6,2,8
91,18,moe,734,38,9,0,0,0,0,0,9,0,735,8,8,0,8
91,19,moe,680,35,3111,1377,1377,1585,118,0,31,0,605,8,6,2,8
91,20,moe,736,52,3456,566,566,2758,99,0,33,0,596,8,6,2,8
91,21,moe,789,39,1445,321,321,977,58,0,89,0,719,8,7,1,8
91,22,moe,788,36,9,0,0,0,0,0,9,0,600,8,8,0,8
91,23,moe,657,40,2014,330,330,1602,60,0,22,0,714,8,7,1,8
91,24,moe,795,36,6023,3141,3141,2668,173,0,41,0,721,8,5,3,8
91,25,moe,784,37,9,0,0,0,0,0,9,0,707,8,8,0,8
91,26,moe,650,37,7486,2689,2689,4451,287,1,58,0,716,8,3,5,8
91,-1,epi,0,0,0,0,0,0,0,0,5596,0,0,0,0,0,0
92,-2,pre,218,0,0,0,0,0,0,0,0,0,0,0,0,0,0
92,0,dense,1416,41,0,0,0,0,0,0,0,0,0,0,0,0,0
92,1,moe,809,36,7345,2280,2280,4850,172,0,43,0,718,8,5,3,8
92,2,moe,711,35,2220,1248,1248,891,57,0,24,0,715,8,7,1,8
92,3,moe,630,31,7714,3884,3884,3552,224,0,54,0,713,8,4,4,8
92,4,moe,706,34,2351,555,555,1597,99,0,100,0,595,8,6,2,8
92,5,moe,784,34,9,0,0,0,0,0,9,0,592,8,8,0,8
92,6,moe,722,32,8,0,0,0,0,0,8,0,707,8,8,0,8
92,7,moe,632,32,5306,2414,2414,2754,100,0,38,0,592,8,6,2,8
92,8,moe,726,35,8,0,0,0,0,0,8,0,599,8,8,0,8
92,9,moe,804,38,8,0,0,0,0,0,8,0,717,8,8,0,8
92,10,moe,727,36,4721,1836,1836,2754,101,0,30,0,594,8,6,2,8
92,11,moe,1132,31,7052,3677,3677,3122,204,0,49,0,605,8,4,4,8
92,12,moe,730,35,3842,1605,1605,2015,124,0,98,0,712,8,6,2,8
92,13,moe,783,40,1430,430,430,855,52,0,93,0,593,8,7,1,8
92,14,moe,729,42,6154,3545,3545,2411,158,0,40,0,598,8,5,3,8
92,15,moe,646,31,5995,2758,2758,2958,182,0,97,0,732,8,5,3,8
92,16,moe,739,37,4073,2264,2264,1613,102,0,94,0,593,8,6,2,8
92,17,moe,790,37,3899,2184,2184,1567,98,0,50,0,588,8,6,2,8
92,18,moe,712,36,6154,3115,3116,2774,168,0,96,0,701,8,5,3,8
92,19,moe,636,41,12021,4650,4650,7003,245,0,123,0,595,8,3,5,8
92,20,moe,708,32,2616,1161,1161,1381,49,0,25,0,585,8,7,1,8
92,21,moe,775,36,10078,3117,3117,6629,222,0,110,0,706,8,4,4,8
92,22,moe,771,34,5124,2531,2531,2359,155,0,79,0,599,8,5,3,8
92,23,moe,637,30,2119,290,290,1708,58,0,63,0,703,8,7,1,8
92,24,moe,778,33,6001,942,942,4840,173,0,46,0,706,8,5,3,8
92,25,moe,784,36,2003,320,320,1606,57,1,19,0,710,8,7,1,8
92,26,moe,649,33,3481,1562,1562,1773,114,0,32,0,708,8,6,2,8
92,-1,epi,0,0,0,0,0,0,0,0,5549,0,0,0,0,0,0
93,-2,pre,210,0,0,0,0,0,0,0,0,0,0,0,0,0,0
93,0,dense,1402,40,0,0,0,0,0,0,0,0,0,0,0,0,0
93,1,moe,804,35,2010,324,324,1610,56,0,20,0,720,8,7,1,8
93,2,moe,749,37,2386,1417,1417,886,58,0,25,0,717,8,7,1,8
93,3,moe,641,33,6792,3918,3918,2666,170,0,38,0,710,8,5,3,8
93,4,moe,716,34,2362,557,558,1597,102,0,105,0,611,8,6,2,8
93,5,moe,793,39,9,0,0,0,0,0,9,0,602,8,8,0,8
93,6,moe,734,41,8,0,0,0,0,0,8,0,717,8,8,0,8
93,7,moe,659,34,3072,1419,1420,1518,104,0,30,0,597,8,6,2,8
93,8,moe,2421,34,2026,1185,1185,763,56,0,22,0,605,8,7,1,8
93,9,moe,4404,34,2311,1184,1184,989,59,0,79,0,708,8,7,1,8
93,10,moe,5979,41,8,0,0,0,0,0,8,0,588,8,8,0,8
93,11,moe,11443,34,8,0,0,0,0,1,7,0,587,8,8,0,8
93,12,moe,705,34,5675,2784,2784,2669,173,0,49,0,715,8,5,3,8
93,13,moe,788,39,1903,299,299,1466,50,0,88,0,590,8,7,1,8
93,14,moe,792,34,11056,6703,6703,4158,153,0,42,0,599,8,5,3,8
93,15,moe,638,40,4606,2504,2504,1903,116,0,83,0,729,8,6,2,8
93,16,moe,707,32,5444,2838,2838,2354,151,0,101,0,592,8,5,3,8
93,17,moe,777,36,2221,569,569,1520,100,0,32,0,597,8,6,2,8
93,18,moe,711,35,8567,4946,4946,3420,117,0,84,0,708,8,6,2,8
93,19,moe,627,35,6160,2746,2746,3108,196,0,110,0,596,8,4,4,8
93,20,moe,709,32,2201,553,553,1520,100,0,28,0,592,8,6,2,8
93,21,moe,779,33,7006,3037,3038,3639,222,0,107,0,714,8,4,4,8
93,22,moe,774,33,10591,3217,3217,7012,251,0,111,0,588,8,3,5,8
93,23,moe,642,35,8005,4042,4042,3652,229,0,82,0,704,8,4,4,8
93,24,moe,776,34,7110,2079,2079,4825,167,0,39,0,712,8,5,3,8
93,25,moe,779,33,6492,3622,3622,2656,175,0,39,0,707,8,5,3,8
93,26,moe,641,38,9140,2381,2381,6471,228,0,60,0,705,8,4,4,8
93,-1,epi,0,0,0,0,0,0,0,0,5498,0,0,0,0,0,0
94,-2,pre,196,0,0,0,0,0,0,0,0,0,0,0,0,0,0
94,0,dense,1394,33,0,0,0,0,0,0,0,0,0,0,0,0,0
94,1,moe,792,44,13480,5055,5055,8087,280,0,58,0,711,8,3,5,8
94,2,moe,717,28,11059,6267,6267,4456,277,0,59,0,711,8,3,5,8
94,3,moe,632,30,6819,2975,2975,3557,228,0,59,0,708,8,4,4,8
94,4,moe,708,51,10179,4262,4262,5595,198,0,124,0,592,8,4,4,8
94,5,moe,775,30,12722,5482,5482,6929,255,0,56,0,593,8,3,5,8
94,6,moe,715,30,2160,293,293,1755,59,0,53,0,708,8,7,1,8
94,7,moe,635,30,7948,4530,4531,3119,195,0,103,0,597,8,4,4,8
94,8,moe,714,31,9456,3688,3688,5520,198,0,50,0,594,8,4,4,8
94,9,moe,773,29,7993,4016,4016,3647,221,0,109,0,704,8,4,4,8
94,10,moe,719,29,8049,3814,3814,3882,244,0,109,0,596,8,3,5,8
94,11,moe,786,34,5903,3415,3415,2292,152,0,44,0,592,8,5,3,8
94,12,moe,706,31,14482,7447,7447,6654,257,0,124,0,781,8,4,4,8
94,13,moe,786,33,5144,2548,2549,2334,147,0,114,0,595,8,5,3,8
94,14,moe,721,31,7136,3818,3818,3063,198,0,57,0,601,8,4,4,8
94,15,moe,646,30,7925,3945,3946,3633,228,0,118,0,711,8,4,4,8
94,16,moe,726,31,7203,3787,3787,3114,198,0,104,0,598,8,4,4,8
94,17,moe,809,32,9129,5002,5003,3821,247,0,58,0,596,8,3,5,8
94,18,moe,713,29,6629,3611,3612,2753,170,0,94,0,713,8,5,3,8
94,19,moe,640,32,6909,3476,3476,3117,199,0,117,0,594,8,4,4,8
94,20,moe,726,31,1969,1128,1128,765,52,0,24,0,587,8,7,1,8
94,21,moe,793,31,11494,5525,5527,5492,341,0,134,0,713,8,2,6,8
94,22,moe,777,29,8059,3831,3831,3869,246,0,113,0,600,8,3,5,8
94,23,moe,669,31,6312,2343,2343,3638,222,1,108,0,709,8,4,4,8
94,24,moe,774,30,10969,6200,6200,4428,282,0,59,0,711,8,3,5,8
94,25,moe,774,29,7640,3807,3807,3558,223,0,52,0,705,8,4,4,8
94,26,moe,642,27,9883,5105,5106,4437,279,0,61,0,704,8,3,5,8
94,-1,epi,0,0,0,0,0,0,0,0,5473,0,0,0,0,0,0
95,-2,pre,202,0,0,0,0,0,0,0,0,0,0,0,0,0,0
95,0,dense,1378,34,0,0,0,0,0,0,0,0,0,0,0,0,0
95,1,moe,793,30,14823,6430,6431,8051,285,0,56,0,708,8,3,5,8
95,2,moe,705,29,4495,2573,2573,1770,116,1,35,0,707,8,6,2,8
95,3,moe,635,27,10119,5337,5337,4438,284,0,60,0,709,8,3,5,8
95,4,moe,716,29,3199,1413,1413,1594,97,0,95,0,592,8,6,2,8
95,5,moe,784,32,5731,3262,3262,2282,145,0,42,0,588,8,5,3,8
95,6,moe,704,29,5690,3647,3647,1849,113,0,81,0,702,8,6,2,8
95,7,moe,621,28,4045,2270,2270,1593,97,0,85,0,597,8,6,2,8
95,8,moe,704,29,4372,1893,1893,2290,148,0,41,0,598,8,5,3,8
95,9,moe,779,29,5886,2850,2850,2767,169,0,100,0,704,8,5,3,8
95,10,moe,718,34,8941,4676,4676,3896,244,0,125,0,596,8,3,5,8
95,11,moe,624,28,3141,1494,1494,1517,101,0,29,0,592,8,6,2,8
95,12,moe,710,27,4569,2469,2469,1902,115,0,83,0,707,8,6,2,8
95,13,moe,779,28,4084,2313,2313,1587,99,0,85,0,593,8,6,2,8
95,14,moe,723,36,6266,2971,2972,3049,194,0,51,0,601,8,4,4,8
95,15,moe,626,31,6136,3105,3105,2768,169,0,94,0,709,8,5,3,8
95,16,moe,719,31,7369,3955,3955,3109,197,0,108,0,600,8,4,4,8
95,17,moe,783,30,5852,3382,3382,2286,145,0,39,0,585,8,5,3,8
95,18,moe,705,29,11609,4686,4686,6583,226,0,114,0,707,8,4,4,8
95,19,moe,622,27,5030,2444,2445,2344,147,0,94,0,592,8,5,3,8
95,20,moe,704,28,1117,280,280,767,51,0,19,0,591,8,7,1,8
95,21,moe,778,29,6260,3206,3206,2785,171,0,98,0,709,8,5,3,8
95,22,moe,791,30,4174,2399,2400,1594,99,0,81,0,595,8,6,2,8
95,23,moe,634,30,7083,3081,3082,3683,224,0,94,0,707,8,4,4,8
95,24,moe,778,28,8731,4896,4896,3556,228,0,51,0,708,8,4,4,8
95,25,moe,789,30,8738,4900,4900,3557,230,0,51,0,706,8,4,4,8
95,26,moe,628,30,10080,5318,5319,4422,284,0,55,0,706,8,3,5,8
95,-1,epi,0,0,0,0,0,0,0,0,5476,0,0,0,0,0,0
96,-2,pre,64,0,0,0,0,0,0,0,0,0,0,0,0,0,0
96,0,dense,1381,33,0,0,0,0,0,0,0,0,0,0,0,0,0
96,1,moe,788,32,16609,6507,6508,9686,341,0,74,0,718,8,2,6,8
96,2,moe,708,31,2874,955,955,1772,116,0,31,0,716,8,6,2,8
96,3,moe,635,28,7876,4041,4041,3563,227,0,45,0,711,8,4,4,8
96,4,moe,710,28,4481,1864,1864,2354,154,0,109,0,590,8,5,3,8
96,5,moe,782,30,9051,4930,4930,3816,245,0,60,0,590,8,3,5,8
96,6,moe,710,33,4502,2406,2406,1889,113,0,94,0,708,8,6,2,8
96,7,moe,635,27,6273,2829,2829,3129,208,0,107,0,591,8,4,4,8
96,8,moe,704,30,3962,2294,2295,1535,100,0,32,0,589,8,6,2,8
96,9,moe,798,33,6757,3704,3704,2786,169,0,98,0,705,8,5,3,8
96,10,moe,708,31,2279,651,651,1484,53,0,91,0,591,8,7,1,8
96,11,moe,699,38,9386,6900,6901,2292,151,0,42,0,597,8,5,3,8
96,12,moe,713,34,10260,5294,5294,4559,292,0,115,0,707,8,3,5,8
96,13,moe,792,39,6560,3124,3124,3133,194,0,109,0,590,8,4,4,8
96,14,moe,717,48,1999,1151,1151,769,49,0,30,0,590,8,7,1,8
96,15,moe,622,31,3936,1860,1863,1880,114,0,79,0,705,8,6,2,8
96,16,moe,715,37,8153,3918,3918,3872,244,0,119,0,594,8,3,5,8
96,17,moe,772,33,8002,4677,4678,3078,195,0,51,0,602,8,4,4,8
96,18,moe,714,35,4233,2157,2157,1878,114,0,84,0,713,8,6,2,8
96,19,moe,625,32,3206,1441,1441,1587,100,0,78,0,590,8,6,2,8
96,20,moe,706,37,4060,2349,2349,1555,119,0,37,0,590,8,6,2,8
96,21,moe,781,40,9113,5015,5015,3723,253,0,122,0,718,8,4,4,8
96,22,moe,788,41,1266,290,290,840,54,0,82,0,596,8,7,1,8
96,23,moe,649,34,2401,1315,1315,963,57,0,66,0,712,8,7,1,8
96,24,moe,795,37,4463,2548,2548,1770,112,0,33,0,715,8,6,2,8
96,25,moe,778,35,3646,1695,1695,1800,118,0,33,0,716,8,6,2,8
96,26,moe,637,35,3497,1561,1561,1785,114,0,37,0,712,8,6,2,8
96,-1,epi,0,0,0,0,0,0,0,0,5543,0,0,0,0,0,0
97,-2,pre,82,0,0,0,0,0,0,0,0,0,0,0,0,0,0
97,0,dense,1388,40,0,0,0,0,0,0,0,0,0,0,0,0,0
97,1,moe,796,38,14645,4657,4657,9573,348,0,67,0,714,8,2,6,8
97,2,moe,716,38,8687,4850,4852,3556,230,0,49,0,712,8,4,4,8
97,3,moe,632,34,7668,2894,2894,4441,282,0,51,0,712,8,3,5,8
97,4,moe,708,32,9576,6115,6115,3135,198,0,128,0,590,8,4,4,8
97,5,moe,774,35,5987,3526,3526,2279,146,0,36,0,591,8,5,3,8
97,6,moe,707,33,4501,2421,2421,1878,112,0,90,0,707,8,6,2,8
97,7,moe,630,42,6184,2711,2713,3146,199,0,126,0,591,8,4,4,8
97,8,moe,710,34,6051,3577,3578,2285,150,0,38,0,589,8,5,3,8
97,9,moe,773,35,3972,946,946,2767,169,0,90,0,707,8,5,3,8
97,10,moe,707,32,7255,3820,3820,3135,198,0,102,0,592,8,4,4,8
97,11,moe,3049,34,2972,1321,1321,1522,98,0,31,0,591,8,6,2,8
97,12,moe,6106,35,3584,1527,1527,1857,113,0,87,0,706,8,6,2,8
97,13,moe,6107,35,3197,1364,1364,1639,99,0,95,0,592,8,6,2,8
97,14,moe,705,44,3137,1479,1479,1527,98,0,33,0,594,8,6,2,8
97,15,moe,641,32,5651,1692,1692,3629,224,0,106,0,711,8,4,4,8
97,16,moe,701,33,7217,3796,3796,3118,197,0,106,0,583,8,4,4,8
97,17,moe,773,34,5676,2393,2393,3039,193,0,51,0,596,8,4,4,8
97,18,moe,712,38,6579,3583,3583,2753,171,0,72,0,710,8,5,3,8
97,19,moe,633,35,6791,2522,2523,3906,243,0,119,0,592,8,3,5,8
97,20,moe,697,34,4850,2372,2372,2291,149,0,38,0,591,8,5,3,8
97,21,moe,771,34,6736,3697,3697,2772,176,0,91,0,707,8,5,3,8
97,22,moe,768,34,4053,2258,2258,1610,99,0,86,0,587,8,6,2,8
97,23,moe,652,35,1447,301,301,1022,57,0,67,0,725,8,7,1,8
97,24,moe,793,35,9204,4421,4421,4430,291,0,62,0,716,8,3,5,8
97,25,moe,776,35,1281,311,311,889,62,0,19,0,709,8,7,1,8
97,26,moe,632,33,8688,4848,4848,3555,236,0,49,0,710,8,4,4,8
97,-1,epi,0,0,0,0,0,0,0,0,5502,0,0,0,0,0,0
98,-2,pre,44,0,0,0,0,0,0,0,0,0,0,0,0,0,0
98,0,dense,1414,50,0,0,0,0,0,0,0,0,0,0,0,0,0
98,1,moe,791,35,11160,6348,6348,4463,295,0,54,0,726,8,3,5,8
98,2,moe,699,34,5721,2818,2818,2680,180,0,43,0,712,8,5,3,8
98,3,moe,647,40,2556,637,637,1769,119,0,31,0,705,8,6,2,8
98,4,moe,708,35,2265,1243,1243,877,52,0,93,0,596,8,7,1,8
98,5,moe,781,35,1117,283,283,763,52,0,19,0,595,8,7,1,8
98,6,moe,716,37,2392,1261,1261,996,57,0,78,0,712,8,7,1,8
98,7,moe,631,33,3509,1706,1706,1621,98,0,84,0,605,8,6,2,8
98,8,moe,709,34,1992,1157,1157,766,50,0,19,0,588,8,7,1,8
98,9,moe,779,34,1444,322,323,992,57,0,72,0,723,8,7,1,8
98,10,moe,712,35,3190,1418,1418,1588,99,0,85,0,590,8,6,2,8
98,11,moe,631,31,1115,288,288,757,49,0,21,0,593,8,7,1,8
98,12,moe,707,33,7453,3426,3427,3686,231,0,109,0,714,8,4,4,8
98,13,moe,790,35,4812,2177,2177,2397,146,0,92,0,592,8,5,3,8
98,14,moe,718,33,6206,2907,2907,3053,196,0,50,0,597,8,4,4,8
98,15,moe,635,35,7890,3893,3893,3670,225,0,102,0,705,8,4,4,8
98,16,moe,703,34,9006,4754,4756,3890,250,0,110,0,597,8,3,5,8
98,17,moe,772,34,9717,5606,5606,3803,248,0,60,0,597,8,3,5,8
98,18,moe,717,38,11381,5453,5453,5447,343,1,137,0,715,8,2,6,8
98,19,moe,638,34,6147,2718,2718,3125,195,0,109,0,599,8,4,4,8
98,20,moe,702,33,6872,3575,3575,3056,193,0,48,0,591,8,4,4,8
98,21,moe,773,33,7089,3100,3100,3665,221,0,103,0,711,8,4,4,8
98,22,moe,771,33,3153,1377,1377,1589,99,0,88,0,591,8,6,2,8
98,23,moe,621,32,4426,2338,2338,1901,114,0,73,0,703,8,6,2,8
98,24,moe,775,33,7771,3933,3933,3562,226,0,50,0,724,8,4,4,8
98,25,moe,778,34,4681,1807,1807,2665,168,0,41,0,720,8,5,3,8
98,26,moe,635,34,9926,5143,5143,4440,282,0,61,0,708,8,3,5,8
98,-1,epi,0,0,0,0,0,0,0,0,5489,0,0,0,0,0,0
99,-2,pre,70,0,0,0,0,0,0,0,0,0,0,0,0,0,0
99,0,dense,1393,34,0,0,0,0,0,0,0,0,0,0,0,0,0
99,1,moe,797,36,11121,6312,6314,4466,284,0,57,0,710,8,3,5,8
99,2,moe,708,37,6818,2998,2998,3547,226,0,47,0,708,8,4,4,8
99,3,moe,630,35,5746,2873,2873,2660,176,0,37,0,709,8,5,3,8
99,4,moe,714,36,12847,7768,7768,4645,294,0,140,0,598,8,2,6,8
99,5,moe,785,36,8995,4877,4877,3819,245,0,54,0,598,8,3,5,8
99,6,moe,707,32,4438,2345,2345,1893,113,0,87,0,704,8,6,2,8
99,7,moe,636,36,4035,2245,2246,1597,97,0,95,0,587,8,6,2,8
99,8,moe,703,230,5588,3934,3934,1518,100,0,36,0,591,8,6,2,8
99,9,moe,770,34,8394,4365,4365,3692,247,0,90,0,794,8,4,4,8
99,10,moe,744,38,13025,5620,5620,7019,245,0,141,0,600,8,3,5,8
99,11,moe,635,35,10287,4524,4524,5514,195,0,54,0,596,8,4,4,8
99,12,moe,720,36,8959,3688,3688,4996,169,0,106,0,739,8,5,3,8
99,13,moe,1756,35,12863,5458,5459,7019,255,0,130,0,598,8,3,5,8
99,14,moe,6155,35,9488,3700,3701,5542,198,0,47,0,599,8,4,4,8
99,15,moe,4232,35,8814,3555,3555,4987,169,0,103,0,708,8,5,3,8
99,16,moe,715,33,12196,4809,4809,7024,246,0,117,0,595,8,3,5,8
99,17,moe,791,46,8912,4788,4789,3810,257,0,56,0,593,8,3,5,8
99,18,moe,713,35,6620,3571,3572,2775,175,0,98,0,709,8,5,3,8
99,19,moe,628,33,8442,3347,3348,4677,293,0,124,0,598,8,2,6,8
99,20,moe,707,36,7605,4302,4303,3052,200,1,49,0,599,8,4,4,8
99,21,moe,788,37,7088,3078,3078,3677,224,0,109,0,708,8,4,4,8
99,22,moe,783,36,2109,1157,1157,816,52,0,84,0,585,8,7,1,8
99,23,moe,629,34,6605,4526,4527,1885,115,0,78,0,755,8,6,2,8
99,24,moe,783,37,7848,4011,4011,3552,232,0,53,0,714,8,4,4,8
99,25,moe,781,34,10684,3955,3955,6452,223,0,54,0,711,8,4,4,8
99,26,moe,631,30,7876,2853,2853,4815,167,0,41,0,707,8,5,3,8
99,-1,epi,0,0,0,0,0,0,0,0,5459,0,0,0,0,0,0
100,-2,pre,224,0,0,0,0,0,0,0,0,0,0,0,0,0,0
100,0,dense,1403,34,0,0,0,0,0,0,0,0,0,0,0,0,0
100,1,moe,799,32,8048,4216,4217,3552,229,0,50,0,713,8,4,4,8
100,2,moe,723,29,8044,4190,4190,3574,232,0,48,0,706,8,4,4,8
100,3,moe,633,28,9190,4405,4406,4436,288,0,60,0,712,8,3,5,8
100,4,moe,711,28,5983,3382,3382,2357,153,0,91,0,587,8,5,3,8
100,5,moe,782,31,5206,2718,2718,2303,148,0,37,0,590,8,5,3,8
100,6,moe,720,31,11715,4777,4777,6603,224,0,111,0,713,8,4,4,8
100,7,moe,618,28,15537,6705,6705,8417,291,0,124,0,592,8,2,6,8
100,8,moe,726,32,2580,1129,1129,1381,50,0,20,0,587,8,7,1,8
100,9,moe,779,29,7366,2100,2100,4998,172,0,96,0,705,8,5,3,8
100,10,moe,720,30,10351,4447,4447,5603,195,0,106,0,592,8,4,4,8
100,11,moe,638,32,7790,4486,4486,3055,200,0,49,0,590,8,4,4,8
100,12,moe,715,31,8915,4904,4904,3680,226,0,105,0,713,8,4,4,8
100,13,moe,774,30,7026,2443,2443,4334,150,0,99,0,587,8,5,3,8
100,14,moe,714,31,12655,5448,5448,6906,243,0,58,0,596,8,3,5,8
100,15,moe,3569,30,8049,2835,2835,4950,171,0,93,0,694,8,5,3,8
100,16,moe,5900,30,12098,6194,6194,5421,344,0,139,0,593,8,1,7,8
100,17,moe,3324,41,7586,3256,3256,4141,150,0,39,0,592,8,5,3,8
100,18,moe,1191,29,10910,3947,3947,6619,232,0,112,0,706,8,4,4,8
100,19,moe,624,30,10258,5198,5199,4633,295,0,131,0,596,8,2,6,8
100,20,moe,707,30,11799,6040,6040,5339,350,0,70,0,591,8,1,7,8
100,21,moe,779,32,8176,2897,2897,5008,169,0,102,0,704,8,5,3,8
100,22,moe,785,30,11287,3958,3958,6972,243,0,114,0,590,8,3,5,8
100,23,moe,620,27,7174,1966,1966,4954,168,0,86,0,707,8,5,3,8
100,24,moe,788,29,8272,3487,3488,4444,283,0,57,0,712,8,3,5,8
100,25,moe,784,32,9936,5166,5166,4427,281,0,62,0,718,8,3,5,8
100,26,moe,632,34,9943,3178,3179,6485,225,0,54,0,708,8,4,4,8
100,-1,epi,0,0,0,0,0,0,0,0,5433,0,0,0,0,0,0
101,-2,pre,74,0,0,0,0,0,0,0,0,0,0,0,0,0,0
101,0,dense,1373,35,0,0,0,0,0,0,0,0,0,0,0,0,0
101,1,moe,799,35,11598,5853,5853,5331,349,0,65,0,712,8,2,6,8
101,2,moe,714,29,8547,3498,3500,4837,168,0,42,0,706,8,5,3,8
101,3,moe,635,29,9243,4376,4376,4497,310,0,60,0,783,8,3,5,8
101,4,moe,721,35,3206,1383,1383,1614,103,0,106,0,667,8,6,2,8
101,5,moe,771,32,1907,421,421,1404,57,0,25,0,643,8,7,1,8
101,6,moe,726,29,2409,1284,1284,982,60,0,83,0,709,8,7,1,8
101,7,moe,641,29,3232,1455,1456,1586,103,0,87,0,590,8,6,2,8
101,8,moe,722,31,2772,1308,1308,1389,51,0,24,0,602,8,7,1,8
101,9,moe,779,32,2145,329,329,1687,57,0,72,0,701,8,7,1,8
101,10,moe,713,30,10,0,0,0,0,0,10,0,584,8,8,0,8
101,11,moe,634,28,3478,866,866,2353,148,0,111,0,589,8,5,3,8
101,12,moe,736,36,6402,2852,2852,3354,115,0,81,0,713,8,6,2,8
101,13,moe,791,31,5345,2712,2712,2389,149,0,95,0,594,8,5,3,8
101,14,moe,717,30,7655,4351,4351,3053,196,0,55,0,595,8,4,4,8
101,15,moe,639,28,10123,3207,3207,6586,224,0,106,0,707,8,4,4,8
101,16,moe,712,30,12822,4016,4017,8382,294,0,129,0,589,8,2,6,8
101,17,moe,1691,30,5490,2172,2172,3069,202,0,47,0,592,8,4,4,8
101,18,moe,7831,29,6671,3611,3611,2784,169,0,107,0,714,8,5,3,8
101,19,moe,8816,29,7173,3717,3717,3127,201,1,127,0,593,8,4,4,8
101,20,moe,1241,30,9965,5030,5031,4576,292,0,66,0,590,8,2,6,8
101,21,moe,771,31,9912,2980,2980,6593,226,0,113,0,707,8,4,4,8
101,22,moe,781,33,2750,1144,1144,1480,50,0,76,0,585,8,7,1,8
101,23,moe,625,33,6002,2434,2434,3370,116,0,82,0,701,8,6,2,8
101,24,moe,778,28,8024,2981,2981,4824,177,0,42,0,708,8,5,3,8
101,25,moe,787,33,14688,6254,6254,8078,297,0,59,0,707,8,3,5,8
101,26,moe,632,27,8467,3653,3653,4443,311,0,60,0,707,8,3,5,8
101,-1,epi,0,0,0,0,0,0,0,0,5433,0,0,0,0,0,0
102,-2,pre,210,0,0,0,0,0,0,0,0,0,0,0,0,0,0
102,0,dense,1389,31,0,0,0,0,0,0,0,0,0,0,0,0,0
102,1,moe,800,36,6742,3848,3848,2659,193,0,42,0,715,8,5,3,8
102,2,moe,716,32,14361,5935,5937,8067,297,0,60,0,706,8,3,5,8
102,3,moe,622,30,13470,8643,8645,4456,313,0,56,0,701,8,3,5,8
102,4,moe,712,29,9,0,0,0,0,0,9,0,586,8,8,0,8
102,5,moe,778,242,5414,3757,3757,1507,50,0,100,0,586,8,7,1,8
102,6,moe,711,32,10255,5025,5026,4962,169,0,98,0,710,8,5,3,8
102,7,moe,616,37,4565,1896,1896,2439,149,0,81,0,598,8,5,3,8
102,8,moe,722,40,1895,1050,1050,770,52,0,23,0,600,8,7,1,8
102,9,moe,828,36,6745,3661,3661,2801,174,0,109,0,703,8,5,3,8
102,10,moe,716,39,14688,5844,5844,8413,292,0,139,0,591,8,2,6,8
102,11,moe,621,34,6795,2481,2482,4131,147,0,35,0,590,8,5,3,8
102,12,moe,713,34,7950,2710,2710,4973,169,0,98,0,701,8,5,3,8
102,13,moe,777,33,1902,271,271,1510,48,0,73,0,586,8,7,1,8
102,14,moe,718,33,10443,4663,4663,5526,200,0,54,0,600,8,4,4,8
102,15,moe,630,36,7968,3960,3960,3674,226,0,108,0,704,8,4,4,8
102,16,moe,705,34,5786,3166,3166,2368,150,0,102,0,586,8,5,3,8
102,17,moe,780,34,5679,3195,3195,2297,149,0,38,0,591,8,5,3,8
102,18,moe,719,35,6658,3615,3615,2795,172,0,76,0,700,8,5,3,8
102,19,moe,626,33,7777,4357,4357,3112,200,0,108,0,596,8,4,4,8
102,20,moe,716,35,6256,2952,2952,3055,196,0,53,0,592,8,4,4,8
102,21,moe,780,33,11077,4118,4118,6627,224,0,108,0,702,8,4,4,8
102,22,moe,774,37,14480,5676,5676,8375,294,0,135,0,588,8,2,6,8
102,23,moe,635,33,4615,2543,2543,1876,118,0,78,0,700,8,6,2,8
102,24,moe,773,33,13518,5132,5132,8046,282,0,58,0,709,8,3,5,8
102,25,moe,780,33,10793,6024,6024,4426,284,0,59,0,704,8,3,5,8
102,26,moe,628,32,8448,3683,3683,4425,283,0,57,0,701,8,3,5,8
102,-1,epi,0,0,0,0,0,0,0,0,5420,0,0,0,0,0,0
103,-2,pre,41,0,0,0,0,0,0,0,0,0,0,0,0,0,0
103,0,dense,1372,35,0,0,0,0,0,0,0,0,0,0,0,0,0
103,1,moe,792,34,8295,4457,4458,3548,231,0,58,0,715,8,4,4,8
103,2,moe,714,32,4469,2536,2536,1781,118,0,34,0,709,8,6,2,8
103,3,moe,626,32,10604,3889,3889,6441,225,0,49,0,706,8,4,4,8
103,4,moe,711,33,7936,3404,3404,4270,146,0,116,0,585,8,5,3,8
103,5,moe,781,34,5062,2180,2180,2753,98,0,31,0,592,8,6,2,8
103,6,moe,713,33,3163,1254,1254,1776,56,0,77,0,707,8,7,1,8
103,7,moe,616,36,3536,540,540,2810,97,0,89,0,585,8,6,2,8
103,8,moe,714,33,2538,1086,1086,1381,49,0,22,0,597,8,7,1,8
103,9,moe,794,40,4898,2771,2771,1911,135,0,81,0,717,8,6,2,8
103,10,moe,713,34,5316,2673,2673,2394,158,0,91,0,670,8,5,3,8
103,11,moe,685,35,3886,2202,2202,1546,105,0,33,0,643,8,6,2,8
103,12,moe,712,37,2317,1190,1190,981,57,0,89,0,709,8,7,1,8
103,13,moe,777,38,4011,2211,2211,1606,99,0,95,0,594,8,6,2,8
103,14,moe,709,34,4311,1412,1412,2760,99,0,40,0,596,8,6,2,8
103,15,moe,631,38,4539,2437,2438,1892,117,0,92,0,705,8,6,2,8
103,16,moe,720,35,3250,1458,1458,1596,101,0,95,0,592,8,6,2,8
103,17,moe,820,36,11,0,0,0,0,0,11,0,582,8,8,0,8
103,18,moe,721,33,9,0,0,0,0,0,9,0,703,8,8,0,8
103,19,moe,634,38,1112,280,280,762,49,0,21,0,593,8,7,1,8
103,20,moe,718,35,5133,2228,2229,2775,100,0,29,0,587,8,6,2,8
103,21,moe,782,35,5884,2847,2847,2757,175,0,105,0,716,8,5,3,8
103,22,moe,788,34,4058,2227,2227,1633,104,0,94,0,592,8,6,2,8
103,23,moe,657,35,5769,2716,2716,2778,175,0,100,0,709,8,5,3,8
103,24,moe,781,34,6395,2540,2540,3568,237,0,50,0,716,8,4,4,8
103,25,moe,779,35,2441,1460,1460,896,62,0,23,0,714,8,7,1,8
103,26,moe,636,34,3516,1575,1575,1790,120,0,31,0,707,8,6,2,8
103,-1,epi,0,0,0,0,0,0,0,0,5523,0,0,0,0,0,0
104,-2,pre,211,0,0,0,0,0,0,0,0,0,0,0,0,0,0
104,0,dense,1402,38,0,0,0,0,0,0,0,0,0,0,0,0,0
104,1,moe,796,34,7215,3362,3362,3560,240,0,53,0,713,8,4,4,8
104,2,moe,728,33,4711,2775,2775,1789,119,0,28,0,708,8,6,2,8
104,3,moe,643,34,8039,4208,4209,3547,233,0,50,0,709,8,4,4,8
104,4,moe,712,36,2164,1165,1165,852,49,0,98,0,589,8,7,1,8
104,5,moe,782,41,7780,4480,4480,3047,198,0,55,0,592,8,4,4,8
104,6,moe,712,45,2554,1364,1364,1045,60,0,85,0,706,8,7,1,8
104,7,moe,628,33,7856,3387,3387,4217,149,0,103,0,596,8,5,3,8
104,8,moe,714,35,5828,3336,3336,2297,155,0,40,0,592,8,5,3,8
104,9,moe,782,36,7173,4131,4131,2770,173,0,99,0,709,8,5,3,8
104,10,moe,713,34,5162,2578,2578,2354,150,0,80,0,592,8,5,3,8
104,11,moe,627,38,6803,3511,3511,3040,200,0,52,0,601,8,4,4,8
104,12,moe,722,36,9126,3859,3859,4990,171,0,106,0,705,8,5,3,8
104,13,moe,784,33,12864,5503,5504,6985,246,0,129,0,587,8,3,5,8
104,14,moe,712,35,10262,4496,4496,5523,195,0,48,0,597,8,4,4,8
104,15,moe,633,36,6024,2443,2443,3376,117,0,88,0,697,8,6,2,8
104,16,moe,714,33,13139,4308,4308,8411,291,0,129,0,591,8,2,6,8
104,17,moe,801,37,6992,2670,2670,4138,146,0,38,0,599,8,5,3,8
104,18,moe,734,34,4518,2449,2449,1872,116,0,81,0,698,8,6,2,8
104,19,moe,621,33,3448,1639,1639,1624,99,0,86,0,596,8,6,2,8
104,20,moe,713,36,3951,2285,2285,1536,99,0,31,0,594,8,6,2,8
104,21,moe,775,35,4500,2421,2421,1875,115,0,89,0,712,8,6,2,8
104,22,moe,777,34,7117,3677,3677,3122,203,0,115,0,593,8,4,4,8
104,23,moe,646,36,8143,4139,4139,3676,229,0,99,0,712,8,4,4,8
104,24,moe,778,35,12665,4240,4240,8079,284,0,62,0,716,8,3,5,8
104,25,moe,788,34,9589,4536,4536,4844,167,0,42,0,710,8,5,3,8
104,26,moe,620,32,9229,2483,2483,6462,225,0,59,0,712,8,4,4,8
104,-1,epi,0,0,0,0,0,0,0,0,5448,0,0,0,0,0,0
105,-2,pre,45,0,0,0,0,0,0,0,0,0,0,0,0,0,0
105,0,dense,1380,38,0,0,0,0,0,0,0,0,0,0,0,0,0
105,1,moe,810,37,15306,6870,6870,8100,280,0,56,0,703,8,3,5,8
105,2,moe,714,34,6651,3757,3757,2678,173,0,43,0,703,8,5,3,8
105,3,moe,690,36,9030,7108,7108,1774,118,0,30,0,703,8,6,2,8
105,4,moe,719,55,4561,1913,1913,2365,153,0,130,0,588,8,5,3,8
105,5,moe,780,39,3172,1516,1516,1523,102,0,31,0,592,8,6,2,8
105,6,moe,714,35,10946,4029,4029,6574,227,0,116,0,704,8,4,4,8
105,7,moe,631,34,7012,2537,2537,4228,148,0,99,0,590,8,5,3,8
105,8,moe,712,37,5993,3504,3504,2304,146,0,39,0,588,8,5,3,8
105,9,moe,771,34,5777,2722,2722,2780,174,0,101,0,705,8,5,3,8
105,10,moe,727,32,7119,3676,3676,3119,202,0,122,0,595,8,4,4,8
105,11,moe,635,32,11983,4775,4775,6901,248,0,59,0,593,8,3,5,8
105,12,moe,714,36,6017,2461,2461,3347,113,0,96,0,703,8,6,2,8
105,13,moe,784,39,4156,2360,2360,1606,98,0,92,0,587,8,6,2,8
105,14,moe,707,42,7687,4359,4361,3073,201,0,52,0,598,8,4,4,8
105,15,moe,627,34,2513,1350,1350,1034,58,0,71,0,702,8,7,1,8
105,16,moe,704,34,7029,2525,2525,4257,146,0,101,0,587,8,5,3,8
105,17,moe,782,36,7636,3282,3282,4167,148,0,39,0,589,8,5,3,8
105,18,moe,710,33,8220,2987,2988,4958,173,0,101,0,710,8,5,3,8
105,19,moe,632,40,5266,2247,2247,2836,100,0,83,0,588,8,6,2,8
105,20,moe,716,29,3955,2259,2259,1560,102,0,34,0,588,8,6,2,8
105,21,moe,780,29,2722,632,632,1884,117,0,89,0,707,8,6,2,8
105,22,moe,778,28,3986,3009,3009,849,51,0,77,0,588,8,7,1,8
105,23,moe,642,32,2303,1212,1212,973,58,0,60,0,701,8,7,1,8
105,24,moe,781,31,6352,2413,2413,3624,263,0,52,0,784,8,4,4,8
105,25,moe,798,36,3596,1610,1612,1809,130,0,45,0,739,8,6,2,8
105,26,moe,677,30,4407,1395,1395,2770,193,0,49,0,711,8,5,3,8
105,-1,epi,0,0,0,0,0,0,0,0,5545,0,0,0,0,0,0
106,-2,pre,229,0,0,0,0,0,0,0,0,0,0,0,0,0,0
106,0,dense,1403,37,0,0,0,0,0,0,0,0,0,0,0,0,0
106,1,moe,802,35,5808,2934,2934,2655,174,0,45,0,717,8,5,3,8
106,2,moe,725,32,7885,4041,4041,3568,225,1,50,0,711,8,4,4,8
106,3,moe,627,31,9085,4300,4301,4449,281,0,54,0,710,8,3,5,8
106,4,moe,721,28,2134,1162,1163,826,50,0,95,0,591,8,7,1,8
106,5,moe,780,29,5810,3333,3333,2287,150,0,40,0,594,8,5,3,8
106,6,moe,717,31,10,0,0,0,0,0,10,0,694,8,8,0,8
106,7,moe,638,28,6429,3101,3101,3076,202,0,50,0,626,8,4,4,8
106,8,moe,735,33,7118,2791,2791,4136,148,0,43,0,593,8,5,3,8
106,9,moe,781,31,9439,4267,4267,4925,166,0,81,0,703,8,5,3,8
106,10,moe,710,28,9220,3314,3314,5612,198,0,96,0,591,8,4,4,8
106,11,moe,623,32,9440,3661,3661,5528,196,0,55,0,597,8,4,4,8
106,12,moe,707,31,1475,328,328,1008,58,0,81,0,703,8,7,1,8
106,13,moe,787,33,7852,3400,3400,4207,145,0,100,0,587,8,5,3,8
106,14,moe,721,29,6043,1716,1716,4141,148,0,38,0,594,8,5,3,8
106,15,moe,615,28,15048,4858,4858,9715,343,0,132,0,708,8,2,6,8
106,16,moe,712,29,3933,877,878,2868,98,0,89,0,590,8,6,2,8
106,17,moe,791,31,6892,2556,2556,4144,151,0,41,0,601,8,5,3,8
106,18,moe,721,29,3654,1567,1567,1877,116,0,94,0,710,8,6,2,8
106,19,moe,634,29,8742,2795,2795,5639,196,0,112,0,601,8,4,4,8
106,20,moe,713,30,4297,1401,1401,2763,98,0,35,0,595,8,6,2,8
106,21,moe,784,31,7769,4707,4707,2782,176,0,104,0,710,8,5,3,8
106,22,moe,782,31,2674,908,908,1580,97,0,89,0,590,8,6,2,8
106,23,moe,642,35,5568,2526,2526,2776,173,0,93,0,714,8,5,3,8
106,24,moe,788,29,11364,5619,5619,5332,342,0,71,0,718,8,2,6,8
106,25,moe,781,28,7814,3967,3967,3566,230,0,51,0,713,8,4,4,8
106,26,moe,632,27,4895,2012,2012,2668,174,0,41,0,708,8,5,3,8
106,-1,epi,0,0,0,0,0,0,0,0,5468,0,0,0,0,0,0
107,-2,pre,263,0,0,0,0,0,0,0,0,0,0,0,0,0,0
107,0,dense,1394,31,0,0,0,0,0,0,0,0,0,0,0,0,0
107,1,moe,801,30,9945,4204,4204,5340,333,0,68,0,707,8,2,6,8
107,2,moe,708,31,7906,4086,4086,3548,224,0,48,0,714,8,4,4,8
107,3,moe,639,29,3504,1572,1572,1776,127,0,29,0,737,8,6,2,8
107,4,moe,719,31,6037,3397,3397,2371,151,0,118,0,590,8,5,3,8
107,5,moe,783,30,2033,1188,1188,772,51,0,22,0,602,8,7,1,8
107,6,moe,713,28,2353,1212,1213,1000,61,0,79,0,703,8,7,1,8
107,7,moe,636,30,8,0,0,0,0,0,8,0,585,8,8,0,8
107,8,moe,719,27,1239,275,275,830,51,0,83,0,593,8,7,1,8
107,9,moe,788,29,8072,2876,2876,4933,169,1,93,0,704,8,5,3,8
107,10,moe,725,31,4043,2258,2258,1594,100,0,91,0,590,8,6,2,8
107,11,moe,627,28,6905,3619,3619,3042,196,0,48,0,595,8,4,4,8
107,12,moe,709,31,6044,2481,2481,3363,114,0,86,0,702,8,6,2,8
107,13,moe,785,29,2222,1236,1236,848,54,0,84,0,593,8,7,1,8
107,14,moe,720,36,10097,4293,4293,5541,214,0,49,0,591,8,4,4,8
107,15,moe,625,28,6223,2641,2641,3388,114,0,80,0,705,8,6,2,8
107,16,moe,713,28,6202,1726,1726,4226,147,1,102,0,598,8,5,3,8
107,17,moe,781,29,4685,2202,2202,2286,150,0,47,0,598,8,5,3,8
107,18,moe,716,30,9329,4380,4380,4554,285,0,110,0,713,8,3,5,8
107,19,moe,638,36,5170,2546,2546,2374,150,0,100,0,583,8,5,3,8
107,20,moe,714,28,3866,2216,2216,1518,101,0,31,0,596,8,6,2,8
107,21,moe,785,30,3834,1738,1738,1895,114,0,87,0,709,8,6,2,8
107,22,moe,777,29,4277,3319,3320,829,51,0,77,0,592,8,7,1,8
107,23,moe,624,26,1403,319,319,972,56,0,56,0,704,8,7,1,8
107,24,moe,782,28,5810,2922,2922,2665,177,0,46,0,711,8,5,3,8
107,25,moe,784,28,3613,1673,1673,1783,117,1,39,0,705,8,6,2,8
107,26,moe,659,27,10,0,0,0,0,0,10,0,696,8,8,0,8
107,-1,epi,0,0,0,0,0,0,0,0,5530,0,0,0,0,0,0
108,-2,pre,1126,0,0,0,0,0,0,0,0,0,0,0,0,0,0
108,0,dense,1400,42,0,0,0,0,0,0,0,0,0,0,0,0,0
108,1,moe,812,32,7058,4173,4174,2666,179,0,39,0,727,8,5,3,8
108,2,moe,720,33,6383,3494,3494,2669,176,0,44,0,709,8,5,3,8
108,3,moe,633,37,11142,5408,5409,5323,343,0,67,0,712,8,2,6,8
108,4,moe,715,37,2774,1150,1150,1479,50,0,95,0,590,8,7,1,8
108,5,moe,773,34,5959,1635,1636,4135,148,0,40,0,590,8,5,3,8
108,6,moe,719,37,9,0,0,0,0,1,8,0,703,8,8,0,8
108,7,moe,645,32,3062,1404,1404,1527,102,0,29,0,592,8,6,2,8
108,8,moe,728,37,5224,2337,2337,2760,98,0,29,0,596,8,6,2,8
108,9,moe,787,36,5126,1574,1574,3340,113,0,99,0,704,8,6,2,8
108,10,moe,741,37,10656,4739,4739,5609,196,0,112,0,591,8,4,4,8
108,11,moe,626,32,7083,3756,3756,3068,207,0,52,0,594,8,4,4,8
108,12,moe,726,34,4539,2405,2405,1926,114,0,94,0,715,8,6,2,8
108,13,moe,802,36,6473,3871,3871,2346,150,0,106,0,589,8,5,3,8
108,14,moe,711,33,4973,2497,2497,2289,145,0,42,0,606,8,5,3,8
108,15,moe,619,33,8025,3980,3980,3686,249,0,110,0,776,8,4,4,8
108,16,moe,686,34,4476,1372,1373,2894,106,0,103,0,661,8,6,2,8
108,17,moe,816,41,8082,3851,3852,3900,263,0,67,0,618,8,3,5,8
108,18,moe,724,36,8003,2775,2775,4942,169,0,117,0,726,8,5,3,8
108,19,moe,636,33,9112,3182,3182,5608,194,0,128,0,603,8,4,4,8
108,20,moe,714,48,5125,2624,2624,2301,160,0,40,0,594,8,5,3,8
108,21,moe,787,38,8580,3615,3615,4550,291,0,124,0,716,8,3,5,8
108,22,moe,777,37,7869,3411,3411,4205,145,1,107,0,588,8,5,3,8
108,23,moe,637,33,5992,2461,2461,3339,115,0,77,0,702,8,6,2,8
108,24,moe,783,37,10194,5381,5381,4429,285,0,99,0,715,8,3,5,8
108,25,moe,771,37,5697,2837,2837,2650,167,0,43,0,709,8,5,3,8
108,26,moe,634,37,3970,606,606,3220,114,0,30,0,704,8,6,2,8
108,-1,epi,0,0,0,0,0,0,0,0,5463,0,0,0,0,0,0
109,-2,pre,216,0,0,0,0,0,0,0,0,0,0,0,0,0,0
109,0,dense,1395,40,0,0,0,0,0,0,0,0,0,0,0,0,0
109,1,moe,791,40,12874,6171,6172,6228,399,0,75,0,715,8,1,7,8
109,2,moe,710,34,13770,5360,5360,8072,278,0,60,0,714,8,3,5,8
109,3,moe,632,33,16317,6298,6299,9614,341,0,63,0,716,8,2,6,8
109,4,moe,725,36,7403,3973,3973,3107,200,0,123,0,597,8,4,4,8
109,5,moe,776,35,10767,7468,7468,3042,198,0,59,0,592,8,4,4,8
109,6,moe,706,33,4514,2422,2423,1884,117,0,90,0,705,8,6,2,8
109,7,moe,635,32,8055,4591,4591,3148,200,0,116,0,593,8,4,4,8
109,8,moe,713,33,4560,2095,2096,2277,149,0,38,0,592,8,5,3,8
109,9,moe,769,35,10261,5335,5336,4540,287,0,98,0,706,8,3,5,8
109,10,moe,705,33,5923,3317,3317,2356,146,0,104,0,597,8,5,3,8
109,11,moe,622,32,17176,7137,7137,9610,342,0,87,0,585,8,1,7,8
109,12,moe,720,38,9002,3094,3094,5432,344,0,132,0,719,8,2,6,8
109,13,moe,786,34,7157,3749,3749,3102,196,0,110,0,586,8,4,4,8
109,14,moe,712,33,8409,3454,3457,4587,298,0,67,0,593,8,2,6,8
109,15,moe,625,32,11473,5552,5553,5445,342,0,133,0,708,8,2,6,8
109,16,moe,711,34,14032,7315,7315,6164,396,0,157,0,595,8,0,8,8
109,17,moe,777,36,12738,4105,4105,8270,295,0,68,0,592,8,2,6,8
109,18,moe,708,32,11195,4254,4254,6608,227,0,106,0,718,8,4,4,8
109,19,moe,619,33,14587,4450,4450,9651,344,0,142,0,596,8,1,7,8
109,20,moe,702,37,10132,5193,5193,4581,296,0,62,0,592,8,2,6,8
109,21,moe,782,40,16595,6465,6466,9658,338,0,133,0,707,8,2,6,8
109,22,moe,773,35,11608,2842,2842,8346,294,0,126,0,590,8,2,6,8
109,23,moe,636,33,6439,2441,2442,3662,229,0,106,0,707,8,4,4,8
109,24,moe,770,33,7531,2742,2742,4445,285,0,59,0,716,8,3,5,8
109,25,moe,796,35,12217,2211,2211,9545,391,0,70,0,711,8,1,7,8
109,26,moe,636,33,9673,3957,3958,5311,339,0,65,0,702,8,2,6,8
109,-1,epi,0,0,0,0,0,0,0,0,5416,0,0,0,0,0,0
110,-2,pre,321,0,0,0,0,0,0,0,0,0,0,0,0,0,0
110,0,dense,1369,42,0,0,0,0,0,0,0,0,0,0,0,0,0
110,1,moe,795,41,7017,1969,1969,4833,169,0,46,0,707,8,5,3,8
110,2,moe,723,36,6265,2428,2428,3556,232,0,49,0,707,8,4,4,8
110,3,moe,622,32,7744,3912,3913,3555,231,0,45,0,709,8,4,4,8
110,4,moe,714,32,6714,2435,2435,3917,252,0,110,0,596,8,3,5,8
110,5,moe,808,37,4268,1378,1378,2763,97,0,30,0,590,8,6,2,8
110,6,moe,710,33,4532,2416,2416,1900,123,0,93,0,706,8,6,2,8
110,7,moe,664,63,6617,4010,4010,2349,149,0,109,0,591,8,5,3,8
110,8,moe,709,37,6952,3659,3659,3053,194,0,46,0,598,8,4,4,8
110,9,moe,778,35,11028,4144,4144,6545,226,0,113,0,705,8,4,4,8
110,10,moe,714,33,7028,2529,2530,4247,148,0,103,0,595,8,5,3,8
110,11,moe,629,35,7308,3192,3193,3809,247,0,59,0,602,8,3,5,8
110,12,moe,717,37,1461,313,314,1000,67,0,80,0,753,8,7,1,8
110,13,moe,789,45,3270,1435,1435,1620,108,0,107,0,675,8,6,2,8
110,14,moe,727,40,1961,1098,1098,775,56,0,32,0,656,8,7,1,8
110,15,moe,654,33,6735,2604,2604,3759,243,0,129,0,707,8,4,4,8
110,16,moe,710,36,3214,1413,1414,1598,102,0,100,0,595,8,6,2,8
110,17,moe,779,36,1110,272,272,764,51,0,23,0,605,8,7,1,8
110,18,moe,729,39,5173,2049,2049,2845,173,0,106,0,714,8,5,3,8
110,19,moe,643,44,12192,6295,6296,5407,350,0,139,0,1020,8,1,7,8
110,20,moe,725,39,12149,4947,4948,6895,246,0,60,0,596,8,3,5,8
110,21,moe,782,36,9389,4417,4418,4540,287,0,144,0,711,8,3,5,8
110,22,moe,772,70,9499,3530,3531,5642,199,0,127,0,595,8,4,4,8
110,23,moe,631,36,5772,2715,2716,2786,175,0,95,0,706,8,5,3,8
110,24,moe,774,37,7825,3989,3989,3558,226,0,52,0,712,8,4,4,8
110,25,moe,768,36,7779,3941,3941,3555,231,0,52,0,721,8,4,4,8
110,26,moe,643,39,9944,5152,5152,4448,285,0,59,0,710,8,3,5,8
110,-1,epi,0,0,0,0,0,0,0,0,5449,0,0,0,0,0,0
111,-2,pre,68,0,0,0,0,0,0,0,0,0,0,0,0,0,0
111,0,dense,1367,39,0,0,0,0,0,0,0,0,0,0,0,0,0
111,1,moe,783,37,4392,1501,1501,2668,172,0,51,0,713,8,5,3,8
111,2,moe,725,39,8892,5051,5051,3559,234,0,48,0,707,8,4,4,8
111,3,moe,626,34,4719,1838,1838,2663,174,0,44,0,713,8,5,3,8
111,4,moe,702,33,2186,1160,1160,868,52,0,106,0,587,8,7,1,8
111,5,moe,772,35,3975,2319,2319,1523,100,0,33,0,588,8,6,2,8
111,6,moe,723,36,2388,1233,1233,1010,62,0,83,0,703,8,7,1,8
111,7,moe,633,34,3239,1431,1431,1614,102,0,92,0,588,8,6,2,8
111,8,moe,702,34,1097,261,261,765,50,0,21,0,596,8,7,1,8
111,9,moe,775,32,2442,1267,1267,1024,60,0,91,0,706,8,7,1,8
111,10,moe,709,34,1280,285,285,866,51,0,78,0,592,8,7,1,8
111,11,moe,645,32,5318,2424,2425,2757,99,0,37,0,600,8,6,2,8
111,12,moe,706,34,3097,1202,1202,1766,57,0,72,0,704,8,7,1,8
111,13,moe,779,34,5425,2386,2386,2853,97,0,89,0,585,8,6,2,8
111,14,moe,715,30,1725,275,275,1378,49,0,23,0,590,8,7,1,8
111,15,moe,625,28,9,0,0,0,0,0,9,0,692,8,8,0,8
111,16,moe,716,28,5190,2305,2305,2755,99,0,31,0,591,8,6,2,8
111,17,moe,785,28,6809,2487,2488,4132,148,0,41,0,589,8,5,3,8
111,18,moe,715,29,6033,2411,2411,3411,112,0,99,0,704,8,6,2,8
111,19,moe,626,29,5289,2231,2232,2868,99,0,90,0,596,8,6,2,8
111,20,moe,7038,31,8750,2991,2991,5516,195,0,48,0,586,8,4,4,8
111,21,moe,783,30,7248,3216,3216,3684,229,0,119,0,707,8,4,4,8
111,22,moe,771,31,5398,2764,2765,2387,146,0,100,0,583,8,5,3,8
111,23,moe,630,28,4445,2372,2373,1885,112,0,75,0,706,8,6,2,8
111,24,moe,771,28,13643,5256,5256,8051,278,0,58,0,750,8,3,5,8
111,25,moe,778,30,5836,2967,2967,2657,175,0,37,0,714,8,5,3,8
111,26,moe,630,28,10971,5229,5229,5326,343,0,73,0,701,8,2,6,8
111,-1,epi,0,0,0,0,0,0,0,0,5454,0,0,0,0,0,0
112,-2,pre,202,0,0,0,0,0,0,0,0,0,0,0,0,0,0
112,0,dense,1391,39,0,0,0,0,0,0,0,0,0,0,0,0,0
112,1,moe,788,31,8173,4343,4343,3552,230,0,48,0,708,8,4,4,8
112,2,moe,703,31,9808,5002,5002,4455,286,0,65,0,705,8,3,5,8
112,3,moe,630,30,7743,3920,3920,3549,227,0,47,0,722,8,4,4,8
112,4,moe,707,40,4459,1783,1783,2402,150,0,124,0,596,8,5,3,8
112,5,moe,769,31,6229,2915,2916,3065,201,0,47,0,592,8,4,4,8
112,6,moe,719,30,9113,5103,5103,3668,232,0,110,0,708,8,4,4,8
112,7,moe,634,33,5080,2454,2454,2370,156,0,100,0,590,8,5,3,8
112,8,moe,711,30,2099,1261,1261,767,51,0,20,0,591,8,7,1,8
112,9,moe,785,34,8825,4825,4825,3680,230,1,89,0,704,8,4,4,8
112,10,moe,714,31,4569,1921,1921,2393,149,0,106,0,594,8,5,3,8
112,11,moe,637,28,5931,3453,3453,2286,148,0,44,0,584,8,5,3,8
112,12,moe,706,29,5259,1656,1656,3399,115,0,89,0,708,8,6,2,8
112,13,moe,779,30,5131,2499,2499,2380,149,0,103,0,599,8,5,3,8
112,14,moe,713,28,5477,2143,2143,3085,200,0,49,0,611,8,4,4,8
112,15,moe,623,28,7844,3820,3820,3686,226,0,112,0,704,8,4,4,8
112,16,moe,713,30,8907,4610,4610,3927,248,0,122,0,593,8,3,5,8
112,17,moe,775,32,15990,7321,7321,8304,296,0,69,0,590,8,2,6,8
112,18,moe,715,39,8962,4955,4955,3656,236,0,115,0,699,8,4,4,8
112,19,moe,634,29,9540,3624,3624,5607,196,0,113,0,613,8,4,4,8
112,20,moe,3084,30,4934,2457,2457,2293,145,0,39,0,593,8,5,3,8
112,21,moe,788,32,5934,2866,2866,2792,172,0,104,0,707,8,5,3,8
112,22,moe,781,34,7178,3713,3715,3147,195,0,121,0,588,8,4,4,8
112,23,moe,628,30,6589,3500,3500,2821,172,0,96,0,709,8,5,3,8
112,24,moe,780,31,5669,2798,2799,2661,171,0,38,0,712,8,5,3,8
112,25,moe,783,30,5946,2513,2513,3272,128,0,33,0,795,8,6,2,8
112,26,moe,628,33,10094,3227,3227,6559,248,1,59,0,716,8,4,4,8
112,-1,epi,0,0,0,0,0,0,0,0,5436,0,0,0,0,0,0
113,-2,pre,79,0,0,0,0,0,0,0,0,0,0,0,0,0,0
113,0,dense,1360,46,0,0,0,0,0,0,0,0,0,0,0,0,0
113,1,moe,801,37,6651,2673,2674,3662,258,0,57,0,711,8,4,4,8
113,2,moe,730,38,5151,1665,1665,3317,128,0,41,0,743,8,6,2,8
113,3,moe,764,32,4889,1445,1445,3283,127,0,34,0,749,8,6,2,8
113,4,moe,691,34,2186,1178,1178,850,52,0,106,0,615,8,7,1,8
113,5,moe,747,38,3938,2238,2239,1560,104,0,35,0,601,8,6,2,8
113,6,moe,718,32,9083,5024,5024,3694,236,0,129,0,724,8,4,4,8
113,7,moe,642,38,2054,1060,1060,853,51,0,90,0,595,8,7,1,8
113,8,moe,718,35,2023,1168,1169,772,51,0,31,0,589,8,7,1,8
113,9,moe,778,33,6599,3548,3549,2791,175,0,84,0,709,8,5,3,8
113,10,moe,715,36,4594,1960,1960,2375,148,0,111,0,583,8,5,3,8
113,11,moe,633,33,3393,510,510,2753,99,0,31,0,588,8,6,2,8
113,12,moe,708,30,3117,1221,1221,1750,64,0,82,0,700,8,7,1,8
113,13,moe,791,39,2127,1135,1136,861,49,0,81,0,579,8,7,1,8
113,14,moe,706,30,4908,2431,2431,2288,148,0,41,0,586,8,5,3,8
113,15,moe,635,34,4498,2362,2363,1909,113,0,113,0,702,8,6,2,8
113,16,moe,711,34,6247,3646,3646,2349,146,0,106,0,593,8,5,3,8
113,17,moe,779,30,6917,3626,3626,3045,194,0,52,0,590,8,4,4,8
113,18,moe,707,30,8973,4953,4953,3676,225,0,119,0,715,8,4,4,8
113,19,moe,633,33,6947,3518,3518,3119,197,1,112,0,596,8,4,4,8
113,20,moe,713,36,6995,3715,3715,3039,196,0,45,0,581,8,4,4,8
113,21,moe,789,29,3666,1582,1582,1884,113,0,87,0,694,8,6,2,8
113,22,moe,801,32,5383,2350,2350,2838,101,0,94,0,578,8,6,2,8
113,23,moe,641,31,5827,2782,2783,2779,172,0,93,0,703,8,5,3,8
113,24,moe,773,30,6149,2319,2320,3543,225,0,61,0,702,8,4,4,8
113,25,moe,772,35,11659,4938,4938,6444,230,0,47,0,701,8,4,4,8
113,26,moe,631,27,6771,3895,3896,2660,175,0,40,0,703,8,5,3,8
113,-1,epi,0,0,0,0,0,0,0,0,5479,0,0,0,0,0,0
114,-2,pre,1143,0,0,0,0,0,0,0,0,0,0,0,0,0,0
114,0,dense,1377,37,0,0,0,0,0,0,0,0,0,0,0,0,0
114,1,moe,792,39,9705,5875,5876,3553,227,0,49,0,704,8,4,4,8
114,2,moe,705,34,4353,2431,2431,1776,114,0,32,0,701,8,6,2,8
114,3,moe,645,32,2320,1346,1346,896,58,0,20,0,697,8,7,1,8
114,4,moe,710,38,4067,2247,2247,1613,98,0,109,0,585,8,6,2,8
114,5,moe,777,33,3844,2185,2185,1530,98,0,31,0,579,8,6,2,8
114,6,moe,705,33,2425,1261,1261,1022,59,0,83,0,696,8,7,1,8
114,7,moe,640,32,2073,1121,1121,835,49,0,68,0,579,8,7,1,8
114,8,moe,721,37,3134,1479,1479,1525,98,0,32,0,586,8,6,2,8
114,9,moe,769,36,5918,2890,2890,2763,168,0,97,0,708,8,5,3,8
114,10,moe,707,33,1226,271,271,836,48,0,71,0,588,8,7,1,8
114,11,moe,646,32,7746,4430,4430,3060,202,0,54,0,597,8,4,4,8
114,12,moe,707,33,7978,3983,3983,3678,228,0,89,0,703,8,4,4,8
114,13,moe,769,34,2090,1124,1124,836,51,0,79,0,585,8,7,1,8
114,14,moe,713,34,6242,2944,2944,3045,197,0,56,0,583,8,4,4,8
114,15,moe,625,32,16584,4584,4584,11481,402,0,117,0,705,8,1,7,8
114,16,moe,714,36,9596,4497,4497,4671,296,0,132,0,579,8,2,6,8
114,17,moe,769,33,6823,3521,3521,3054,198,0,50,0,589,8,4,4,8
114,18,moe,706,34,11000,5019,5019,5493,344,0,144,0,700,8,2,6,8
114,19,moe,632,39,3181,1362,1362,1631,99,0,89,0,580,8,6,2,8
114,20,moe,698,39,5648,2363,2363,3040,198,0,47,0,585,8,4,4,8
114,21,moe,773,35,5302,1268,1268,3686,232,0,116,0,703,8,4,4,8
114,22,moe,774,34,4104,2293,2293,1620,100,0,91,0,583,8,6,2,8
114,23,moe,634,31,1419,304,304,993,57,0,65,0,697,8,7,1,8
114,24,moe,768,35,7213,3380,3380,3552,233,0,48,0,702,8,4,4,8
114,25,moe,771,34,7698,3871,3872,3556,225,0,45,0,701,8,4,4,8
114,26,moe,645,32,6633,3755,3755,2665,170,0,43,0,703,8,5,3,8
114,-1,epi,0,0,0,0,0,0,0,0,5484,0,0,0,0,0,0
115,-2,pre,199,0,0,0,0,0,0,0,0,0,0,0,0,0,0
115,0,dense,1375,39,0,0,0,0,0,0,0,0,0,0,0,0,0
115,1,moe,797,34,7808,3989,3989,3540,227,0,52,0,709,8,4,4,8
115,2,moe,705,37,10807,4072,4072,6448,230,0,57,0,710,8,4,4,8
115,3,moe,628,32,12356,5686,5686,6196,400,0,74,0,703,8,1,7,8
115,4,moe,700,33,4071,2261,2261,1600,97,0,113,0,583,8,6,2,8
115,5,moe,769,35,6280,2969,2969,3062,199,0,50,0,587,8,4,4,8
115,6,moe,709,38,5876,2824,2824,2771,169,0,112,0,706,8,5,3,8
115,7,moe,629,34,4070,2285,2285,1595,98,0,92,0,578,8,6,2,8
115,8,moe,719,40,2029,1189,1189,768,51,0,21,0,579,8,7,1,8
115,9,moe,777,38,5842,2773,2773,2782,172,0,115,0,701,8,5,3,8
115,10,moe,703,37,6263,2796,2796,3149,199,0,119,0,585,8,4,4,8
115,11,moe,627,33,6192,2884,2884,3056,196,0,56,0,591,8,4,4,8
115,12,moe,711,38,9348,4381,4381,4544,281,0,142,0,703,8,3,5,8
115,13,moe,769,34,3281,1491,1491,1597,98,0,95,0,584,8,6,2,8
115,14,moe,713,35,10502,7127,7127,3106,218,0,51,0,668,8,4,4,8
115,15,moe,670,40,14917,7030,7030,7259,462,0,166,0,722,8,0,8,8
115,16,moe,709,38,10763,5667,5669,4651,292,0,151,0,586,8,2,6,8
115,17,moe,782,38,10597,4825,4825,5349,342,0,81,0,586,8,1,7,8
115,18,moe,704,36,12134,6233,6233,5425,339,0,137,0,714,8,2,6,8
115,19,moe,630,40,8912,4625,4627,3910,243,0,132,0,596,8,3,5,8
115,20,moe,703,34,10152,4389,4389,5509,200,0,54,0,583,8,4,4,8
115,21,moe,4269,35,10444,5444,5444,4574,285,0,141,0,705,8,3,5,8
115,22,moe,771,41,5689,2242,2242,3128,199,0,120,0,583,8,4,4,8
115,23,moe,631,38,9979,5037,5037,4540,285,0,117,0,704,8,3,5,8
115,24,moe,778,40,12087,6341,6341,5334,341,0,71,0,709,8,2,6,8
115,25,moe,771,35,9905,4140,4140,5355,340,0,70,0,709,8,2,6,8
115,26,moe,631,34,11879,5207,5209,6195,394,0,81,0,701,8,1,7,8
115,-1,epi,0,0,0,0,0,0,0,0,5451,0,0,0,0,0,0
116,-2,pre,277,0,0,0,0,0,0,0,0,0,0,0,0,0,0
116,0,dense,1379,40,0,0,0,0,0,0,0,0,0,0,0,0,0
116,1,moe,789,36,7956,4141,4141,3541,226,0,48,0,704,8,4,4,8
116,2,moe,703,35,3443,1518,1518,1770,122,0,33,0,705,8,6,2,8
116,3,moe,646,36,5714,2845,2845,2664,167,0,38,0,697,8,5,3,8
116,4,moe,705,34,5217,2582,2582,2365,147,0,123,0,582,8,5,3,8
116,5,moe,782,36,4207,1735,1735,2280,149,0,43,0,594,8,5,3,8
116,6,moe,705,34,4563,2468,2468,1882,114,0,99,0,704,8,6,2,8
116,7,moe,625,32,6295,2870,2870,3107,197,0,121,0,585,8,4,4,8
116,8,moe,713,37,3931,2279,2279,1523,99,0,30,0,584,8,6,2,8
116,9,moe,774,34,6624,3588,3588,2766,169,0,101,0,701,8,5,3,8
116,10,moe,709,32,7228,3800,3800,3115,196,0,117,0,580,8,4,4,8
116,11,moe,632,33,3920,2269,2270,1517,104,0,29,0,582,8,6,2,8
116,12,moe,701,34,1478,323,323,1017,60,0,78,0,699,8,7,1,8
116,13,moe,782,38,4232,2432,2433,1606,99,0,94,0,576,8,6,2,8
116,14,moe,705,34,6802,3517,3517,3038,198,0,49,0,591,8,4,4,8
116,15,moe,625,33,5676,2628,2628,2779,169,0,100,0,698,8,5,3,8
116,16,moe,703,33,2366,562,562,1612,100,0,92,0,588,8,6,2,8
116,17,moe,771,34,6189,2887,2887,3057,197,0,48,0,589,8,4,4,8
116,18,moe,707,32,7986,3961,3961,3689,223,0,113,0,702,8,4,4,8
116,19,moe,643,35,6764,3339,3339,3120,196,0,109,0,594,8,4,4,8
116,20,moe,709,34,6722,2407,2407,4127,150,0,38,0,588,8,5,3,8
116,21,moe,776,38,8023,4042,4042,3647,223,0,111,0,705,8,4,4,8
116,22,moe,777,35,9033,3144,3144,5582,198,0,109,0,582,8,4,4,8
116,23,moe,633,37,6145,3107,3107,2769,175,0,94,0,699,8,5,3,8
116,24,moe,766,34,7588,2823,2823,4426,287,0,52,0,711,8,3,5,8
116,25,moe,774,33,9459,4671,4671,4437,289,0,62,0,719,8,3,5,8
116,26,moe,670,35,13996,8269,8269,5321,337,0,69,0,697,8,2,6,8
116,-1,epi,0,0,0,0,0,0,0,0,5443,0,0,0,0,0,0
117,-2,pre,194,0,0,0,0,0,0,0,0,0,0,0,0,0,0
117,0,dense,1379,37,0,0,0,0,0,0,0,0,0,0,0,0,0
117,1,moe,796,38,10902,6121,6122,4436,282,0,62,0,700,8,3,5,8
117,2,moe,721,36,8554,4731,4731,3539,233,0,51,0,701,8,4,4,8
117,3,moe,626,32,14114,9346,9346,4431,281,1,55,0,709,8,3,5,8
117,4,moe,703,33,8268,3975,3975,3905,244,0,144,0,597,8,3,5,8
117,5,moe,765,36,3855,2190,2190,1535,98,0,32,0,581,8,6,2,8
117,6,moe,705,38,4615,2479,2479,1925,113,1,97,0,704,8,6,2,8
117,7,moe,624,33,4069,2260,2261,1617,98,0,93,0,586,8,6,2,8
117,8,moe,703,32,3830,2172,2172,1527,102,0,29,0,581,8,6,2,8
117,9,moe,771,30,9460,4484,4484,4561,281,0,134,0,711,8,3,5,8
117,10,moe,714,33,5899,3271,3271,2369,148,0,111,0,588,8,5,3,8
117,11,moe,633,28,8737,4631,4631,3801,246,0,59,0,584,8,3,5,8
117,12,moe,711,31,6609,3577,3577,2762,168,0,102,0,700,8,5,3,8
117,13,moe,776,28,7892,4449,4449,3127,198,0,118,0,590,8,4,4,8
117,14,moe,708,29,5736,3266,3266,2284,149,0,37,0,583,8,5,3,8
117,15,moe,628,28,7045,3019,3019,3686,225,0,115,0,706,8,4,4,8
117,16,moe,705,40,8926,4673,4673,3877,246,0,130,0,584,8,3,5,8
117,17,moe,770,35,3987,2335,2335,1524,99,0,29,0,585,8,6,2,8
117,18,moe,716,39,11585,5528,5528,5525,377,0,155,0,758,8,2,6,8
117,19,moe,671,33,5075,2440,2440,2363,154,0,118,0,593,8,5,3,8
117,20,moe,725,36,3937,2272,2272,1525,104,0,36,0,585,8,6,2,8
117,21,moe,777,31,4461,2357,2357,1892,115,0,97,0,701,8,6,2,8
117,22,moe,781,35,5336,2716,2716,2352,149,0,119,0,591,8,5,3,8
117,23,moe,635,28,6512,3456,3457,2784,168,0,103,0,701,8,5,3,8
117,24,moe,774,29,11035,6264,6264,4425,287,0,59,0,713,8,3,5,8
117,25,moe,811,34,6455,3565,3565,2666,172,0,52,0,702,8,5,3,8
117,26,moe,633,38,14572,6165,6165,8054,289,1,63,0,702,8,3,5,8
117,-1,epi,0,0,0,0,0,0,0,0,5444,0,0,0,0,0,0
118,-2,pre,216,0,0,0,0,0,0,0,0,0,0,0,0,0,0
118,0,dense,1386,34,0,0,0,0,0,0,0,0,0,0,0,0,0
118,1,moe,786,31,12530,6797,6798,5322,346,0,64,0,702,8,2,6,8
118,2,moe,699,29,7784,3942,3942,3552,242,0,48,0,704,8,4,4,8
118,3,moe,624,29,9573,4787,4788,4440,293,0,52,0,697,8,3,5,8
118,4,moe,699,32,5501,2873,2873,2356,150,0,122,0,586,8,5,3,8
118,5,moe,769,30,12461,5246,5246,6908,246,0,61,0,585,8,3,5,8
118,6,moe,699,31,7975,3961,3961,3675,223,0,116,0,703,8,4,4,8
118,7,moe,631,41,10054,4983,4983,4640,294,0,137,0,586,8,2,6,8
118,8,moe,707,34,7723,3384,3384,4150,151,0,38,0,592,8,5,3,8
118,9,moe,769,31,8705,4688,4688,3672,226,0,119,0,700,8,4,4,8
118,10,moe,705,30,6236,3609,3610,2368,154,0,104,0,589,8,5,3,8
118,11,moe,623,27,5027,2549,2549,2290,148,0,40,0,586,8,5,3,8
118,12,moe,728,34,4653,2581,2581,1856,114,0,102,0,701,8,6,2,8
118,13,moe,769,30,2047,1090,1091,825,50,0,81,0,584,8,7,1,8
118,14,moe,705,31,5432,2118,2118,3060,197,0,57,0,596,8,4,4,8
118,15,moe,630,29,10873,5919,5919,4550,285,0,119,0,700,8,3,5,8
118,16,moe,700,31,12914,7018,7019,5407,343,0,145,0,584,8,1,7,8
118,17,moe,787,29,10731,5786,5787,4584,296,0,64,0,584,8,2,6,8
118,18,moe,707,31,7962,3949,3949,3657,233,0,123,0,707,8,4,4,8
118,19,moe,625,28,7898,4458,4459,3118,196,0,125,0,583,8,4,4,8
118,20,moe,705,29,6810,2476,2476,4129,152,0,53,0,584,8,5,3,8
118,21,moe,771,30,5963,2394,2394,3386,116,0,67,0,696,8,6,2,8
118,22,moe,779,28,7010,2516,2516,4228,151,0,115,0,596,8,5,3,8
118,23,moe,635,30,9141,4177,4178,4559,280,0,124,0,702,8,3,5,8
118,24,moe,769,33,6518,3649,3649,2658,170,0,41,0,706,8,5,3,8
118,25,moe,768,31,5644,2781,2781,2656,168,0,39,0,697,8,5,3,8
118,26,moe,641,29,5611,2733,2733,2667,170,0,41,0,697,8,5,3,8
118,-1,epi,0,0,0,0,0,0,0,0,5470,0,0,0,0,0,0
119,-2,pre,209,0,0,0,0,0,0,0,0,0,0,0,0,0,0
119,0,dense,1373,33,0,0,0,0,0,0,0,0,0,0,0,0,0
119,1,moe,783,33,6903,3093,3093,3537,225,0,48,0,707,8,4,4,8
119,2,moe,712,33,10123,5340,5340,4436,281,0,66,0,708,8,3,5,8
119,3,moe,636,28,7009,3195,3195,3541,226,0,47,0,701,8,4,4,8
119,4,moe,718,30,3986,2158,2158,1619,100,0,109,0,581,8,6,2,8
119,5,moe,769,31,4419,1934,1934,2293,148,0,44,0,584,8,5,3,8
119,6,moe,704,29,2320,1203,1203,996,56,0,65,0,706,8,7,1,8
119,7,moe,634,32,5298,817,817,4222,152,0,107,0,590,8,5,3,8
119,8,moe,705,29,3954,2284,2284,1536,101,0,33,0,581,8,6,2,8
119,9,moe,771,30,5872,2805,2806,2787,172,0,107,0,701,8,5,3,8
119,10,moe,711,32,12134,6229,6230,5409,347,0,148,0,586,8,1,7,8
119,11,moe,626,30,10659,5734,5734,4561,293,0,71,0,589,8,2,6,8
119,12,moe,706,29,5905,2854,2854,2773,170,0,108,0,699,8,5,3,8
119,13,moe,776,29,4706,2084,2084,2360,152,0,110,0,583,8,5,3,8
119,14,moe,713,34,6505,3207,3208,3048,197,0,52,0,587,8,4,4,8
119,15,moe,631,28,10854,3930,3930,6576,231,0,117,0,699,8,4,4,8
119,16,moe,699,30,1906,297,297,1472,52,0,85,0,587,8,7,1,8
119,17,moe,768,30,3893,2236,2236,1524,101,0,32,0,578,8,6,2,8
119,18,moe,718,32,9191,6154,6155,2765,170,0,101,0,699,8,5,3,8
119,19,moe,624,28,5484,2869,2869,2367,148,0,100,0,584,8,5,3,8
119,20,moe,715,33,6533,2412,2412,3813,246,0,62,0,587,8,3,5,8
119,21,moe,770,30,2699,625,626,1867,113,0,93,0,694,8,6,2,8
119,22,moe,766,28,2455,640,640,1618,101,0,96,0,587,8,6,2,8
119,23,moe,664,33,5351,4237,4237,990,57,0,67,0,701,8,7,1,8
119,24,moe,787,41,6517,1447,1448,4851,177,0,41,0,726,8,5,3,8
119,25,moe,772,36,6443,2497,2497,3604,277,0,65,0,696,8,4,4,8
119,26,moe,632,35,5816,2859,2859,2707,195,0,55,0,782,8,5,3,8
119,-1,epi,0,0,0,0,0,0,0,0,5463,0,0,0,0,0,0
120,-2,pre,206,0,0,0,0,0,0,0,0,0,0,0,0,0,0
120,0,dense,1360,39,0,0,0,0,0,0,0,0,0,0,0,0,0
120,1,moe,791,44,3569,1640,1640,1772,117,0,40,0,711,8,6,2,8
120,2,moe,722,37,8141,4319,4319,3540,230,0,52,0,709,8,4,4,8
120,3,moe,638,35,13718,5251,5251,8113,289,0,65,0,713,8,3,5,8
120,4,moe,718,37,3390,1600,1600,1599,99,0,92,0,583,8,6,2,8
120,5,moe,792,44,7049,3756,3756,3046,201,0,46,0,584,8,4,4,8
120,6,moe,706,35,8034,4006,4006,3670,226,0,132,0,709,8,4,4,8
120,7,moe,639,38,3920,2124,2124,1602,97,0,97,0,580,8,6,2,8
120,8,moe,739,35,7638,4332,4332,3058,195,0,53,0,580,8,4,4,8
120,9,moe,792,36,10,0,0,0,0,0,10,0,688,8,8,0,8
120,10,moe,702,33,3160,1507,1507,1518,100,0,35,0,585,8,6,2,8
120,11,moe,632,32,4935,2467,2467,2281,148,0,39,0,588,8,5,3,8
120,12,moe,704,35,2448,1281,1281,1017,57,0,93,0,696,8,7,1,8
120,13,moe,780,34,5512,2065,2065,3126,198,0,123,0,586,8,4,4,8
120,14,moe,716,35,1109,281,281,760,48,0,20,0,587,8,7,1,8
120,15,moe,644,33,7339,3321,3321,3669,225,0,124,0,702,8,4,4,8
120,16,moe,734,40,7072,2815,2815,3887,243,0,127,0,611,8,3,5,8
120,17,moe,786,41,4173,1702,1702,2283,149,0,39,0,584,8,5,3,8
120,18,moe,728,44,17488,6369,6369,10573,402,0,144,0,702,8,1,7,8
120,19,moe,642,36,6539,3096,3096,3128,203,0,112,0,581,8,4,4,8
120,20,moe,714,33,4327,1851,1852,2282,147,0,46,0,584,8,5,3,8
120,21,moe,777,37,2746,638,638,1903,112,0,93,0,700,8,6,2,8
120,22,moe,790,34,9303,4235,4235,4646,296,0,126,0,584,8,2,6,8
120,23,moe,631,33,7946,3952,3952,3656,226,0,112,0,701,8,4,4,8
120,24,moe,780,36,6468,2595,2595,3589,232,0,52,0,705,8,4,4,8
120,25,moe,772,34,7036,3198,3198,3560,233,1,44,0,707,8,4,4,8
120,26,moe,641,33,4218,1336,1336,2670,174,0,38,0,699,8,5,3,8
120,-1,epi,0,0,0,0,0,0,0,0,5483,0,0,0,0,0,0
121,-2,pre,141,0,0,0,0,0,0,0,0,0,0,0,0,0,0
121,0,dense,1382,39,0,0,0,0,0,0,0,0,0,0,0,0,0
121,1,moe,813,41,14866,4701,4701,9756,339,0,70,0,705,8,2,6,8
121,2,moe,714,40,8513,3743,3743,4427,282,0,61,0,707,8,3,5,8
121,3,moe,626,35,15123,7491,7491,7097,447,0,88,0,706,8,0,8,8
121,4,moe,703,34,5570,2117,2117,3118,195,0,140,0,584,8,4,4,8
121,5,moe,776,35,3136,1483,1483,1524,100,0,29,0,585,8,6,2,8
121,6,moe,721,35,6746,3734,3734,2765,170,0,77,0,706,8,5,3,8
121,7,moe,631,37,6367,2948,2948,3124,203,0,92,0,578,8,4,4,8
121,8,moe,709,33,9517,3719,3719,5544,203,0,51,0,589,8,4,4,8
121,9,moe,775,38,5931,2883,2883,2794,174,0,80,0,698,8,5,3,8
121,10,moe,706,35,7382,3115,3115,3876,245,0,146,0,589,8,3,5,8
121,11,moe,632,35,9615,3855,3855,5343,346,0,71,0,582,8,1,7,8
121,12,moe,706,34,9352,4370,4370,4569,284,0,129,0,700,8,3,5,8
121,13,moe,770,34,5255,2624,2624,2370,145,0,116,0,579,8,5,3,8
121,14,moe,710,34,7986,3872,3872,3813,245,0,56,0,585,8,3,5,8
121,15,moe,633,36,10713,4758,4758,5472,339,0,144,0,702,8,2,6,8
121,16,moe,717,35,13493,3241,3241,9755,346,0,151,0,592,8,1,7,8
121,17,moe,770,34,6151,2868,2868,3039,197,0,47,0,598,8,4,4,8
121,18,moe,728,34,8596,3637,3637,4550,285,0,124,0,697,8,3,5,8
121,19,moe,636,32,9663,4583,4584,4649,297,0,133,0,582,8,2,6,8
121,20,moe,707,35,8069,3106,3106,4600,300,0,63,0,579,8,2,6,8
121,21,moe,769,39,8610,3652,3652,4544,282,0,132,0,706,8,3,5,8
121,22,moe,778,35,10401,4536,4536,5380,345,0,140,0,595,8,1,7,8
121,23,moe,634,38,17143,6987,6987,9686,343,0,127,0,696,8,2,6,8
121,24,moe,775,35,12681,5996,5997,6210,394,0,80,0,709,8,1,7,8
121,25,moe,777,38,12826,6151,6151,6191,397,0,87,0,704,8,1,7,8
121,26,moe,628,35,6053,2243,2243,3534,224,0,52,0,703,8,4,4,8
121,-1,epi,0,0,0,0,0,0,0,0,5435,0,0,0,0,0,0
122,-2,pre,96,0,0,0,0,0,0,0,0,0,0,0,0,0,0
122,0,dense,1382,38,0,0,0,0,0,0,0,0,0,0,0,0,0
122,1,moe,793,35,7967,3188,3188,4430,288,0,61,0,708,8,3,5,8
122,2,moe,722,34,3573,1555,1555,1855,130,0,33,0,792,8,6,2,8
122,3,moe,663,39,9954,5035,5035,4536,317,0,66,0,705,8,3,5,8
122,4,moe,734,43,8997,4702,4702,3885,251,0,159,0,594,8,3,5,8
122,5,moe,778,38,3081,1423,1423,1522,100,0,36,0,587,8,6,2,8
122,6,moe,722,35,1476,327,327,1003,57,0,89,0,709,8,7,1,8
122,7,moe,646,33,5931,3316,3316,2358,146,0,111,0,589,8,5,3,8
122,8,moe,721,39,1929,1092,1092,766,50,0,21,0,580,8,7,1,8
122,9,moe,784,37,3640,1519,1520,1903,116,0,101,0,703,8,6,2,8
122,10,moe,720,34,5295,2673,2673,2367,148,0,107,0,588,8,5,3,8
122,11,moe,639,33,6111,2796,2796,3065,198,0,52,0,585,8,4,4,8
122,12,moe,726,35,9,0,0,0,0,0,9,0,687,8,8,0,8
122,13,moe,781,35,1958,1120,1120,767,51,0,20,0,584,8,7,1,8
122,14,moe,716,40,4239,1749,1749,2298,150,0,42,0,588,8,5,3,8
122,15,moe,638,37,2753,632,632,1906,114,0,101,0,702,8,6,2,8
122,16,moe,709,34,2854,1245,1245,1472,51,0,86,0,582,8,7,1,8
122,17,moe,786,43,6302,2995,2995,3055,198,0,54,0,595,8,4,4,8
122,18,moe,715,35,2873,767,767,1899,114,0,93,0,708,8,6,2,8
122,19,moe,650,34,6300,1851,1851,4226,149,0,74,0,580,8,5,3,8
122,20,moe,711,222,14993,9226,9226,5512,198,0,57,0,582,8,4,4,8
122,21,moe,771,34,6384,2405,2406,3636,226,0,116,0,706,8,4,4,8
122,22,moe,774,34,9530,4463,4463,4636,299,0,132,0,594,8,2,6,8
122,23,moe,636,32,3662,1592,1592,1869,117,0,84,0,694,8,6,2,8
122,24,moe,775,34,9727,3990,3990,5327,345,1,64,0,702,8,2,6,8
122,25,moe,773,41,10126,5353,5354,4431,284,0,57,0,703,8,3,5,8
122,26,moe,631,33,7096,3280,3280,3542,223,0,51,0,699,8,4,4,8
122,-1,epi,0,0,0,0,0,0,0,0,5448,0,0,0,0,0,0
123,-2,pre,207,0,0,0,0,0,0,0,0,0,0,0,0,0,0
123,0,dense,1381,37,0,0,0,0,0,0,0,0,0,0,0,0,0
123,1,moe,786,35,4505,2591,2591,1764,114,0,36,0,708,8,6,2,8
123,2,moe,729,53,9181,4428,4428,4419,282,0,52,0,704,8,3,5,8
123,3,moe,625,28,7068,3247,3248,3547,223,0,50,0,703,8,4,4,8
123,4,moe,712,30,7425,2898,2898,4236,162,0,129,0,580,8,5,3,8
123,5,moe,769,35,5276,2797,2797,2288,151,0,40,0,589,8,5,3,8
123,6,moe,708,30,8418,4878,4878,3323,115,0,102,0,701,8,6,2,8
123,7,moe,628,29,7898,4462,4462,3112,200,0,124,0,581,8,4,4,8
123,8,moe,709,30,1979,1144,1144,763,50,0,22,0,585,8,7,1,8
123,9,moe,777,37,9,0,0,0,0,0,9,0,695,8,8,0,8
123,10,moe,716,29,3715,806,806,2774,101,0,34,0,581,8,6,2,8
123,11,moe,633,29,9751,5643,5643,3806,243,0,59,0,588,8,3,5,8
123,12,moe,702,33,5806,2743,2744,2773,174,0,115,0,702,8,5,3,8
123,13,moe,769,32,5968,3341,3341,2364,151,0,112,0,584,8,5,3,8
123,14,moe,710,33,2602,1142,1142,1384,51,0,25,0,582,8,7,1,8
123,15,moe,644,29,6184,2580,2580,3394,117,0,93,0,697,8,6,2,8
123,16,moe,705,30,3314,1511,1511,1606,97,0,100,0,581,8,6,2,8
123,17,moe,783,35,6106,2800,2800,3062,198,0,46,0,578,8,4,4,8
123,18,moe,727,30,4618,2490,2490,1913,114,0,101,0,694,8,6,2,8
123,19,moe,634,30,3506,1710,1710,1601,99,0,96,0,587,8,6,2,8
123,20,moe,713,31,4247,1764,1764,2293,147,0,43,0,578,8,5,3,8
123,21,moe,784,31,1426,308,308,974,58,0,86,0,705,8,7,1,8
123,22,moe,7445,32,5373,2294,2294,2871,101,0,107,0,578,8,6,2,8
123,23,moe,936,31,5790,2744,2744,2781,170,0,95,0,699,8,5,3,8
123,24,moe,802,32,4764,1876,1879,2667,169,0,49,0,704,8,5,3,8
123,25,moe,776,32,7753,3915,3915,3560,228,0,50,0,706,8,4,4,8
123,26,moe,630,29,7629,2838,2838,4447,288,0,56,0,698,8,3,5,8
123,-1,epi,0,0,0,0,0,0,0,0,5486,0,0,0,0,0,0
124,-2,pre,109,0,0,0,0,0,0,0,0,0,0,0,0,0,0
124,0,dense,1396,33,0,0,0,0,0,0,0,0,0,0,0,0,0
124,1,moe,794,34,4826,1959,1959,2658,168,0,41,0,705,8,5,3,8
124,2,moe,739,38,8627,3851,3851,4441,280,0,55,0,704,8,3,5,8
124,3,moe,632,35,13661,5238,5238,8078,281,0,64,0,705,8,3,5,8
124,4,moe,705,34,4202,2365,2365,1621,103,0,113,0,583,8,6,2,8
124,5,moe,783,33,4157,1670,1671,2290,150,0,46,0,582,8,5,3,8
124,6,moe,716,31,5108,2992,2992,1898,112,0,106,0,704,8,6,2,8
124,7,moe,629,29,3290,1472,1472,1620,99,0,99,0,579,8,6,2,8
124,8,moe,715,32,5263,2779,2779,2298,147,0,39,0,588,8,5,3,8
124,9,moe,777,32,6844,3781,3781,2781,170,0,112,0,698,8,5,3,8
124,10,moe,715,31,4340,1731,1731,2350,147,0,112,0,583,8,5,3,8
124,11,moe,632,32,5452,2166,2166,3038,198,1,49,0,592,8,4,4,8
124,12,moe,707,31,5146,2072,2072,2792,170,0,112,0,701,8,5,3,8
124,13,moe,785,34,5919,3299,3299,2360,147,0,113,0,582,8,5,3,8
124,14,moe,709,31,4933,2468,2468,2280,148,0,37,0,586,8,5,3,8
124,15,moe,637,29,6495,3460,3461,2755,169,0,110,0,699,8,5,3,8
124,16,moe,714,30,6469,3035,3035,3114,197,0,123,0,585,8,4,4,8
124,17,moe,783,34,6864,3574,3575,3045,196,0,48,0,583,8,4,4,8
124,18,moe,715,29,9132,4151,4152,4568,283,0,129,0,700,8,3,5,8
124,19,moe,632,30,7167,3720,3720,3133,197,0,117,0,599,8,4,4,8
124,20,moe,727,35,10174,6793,6793,3115,210,0,56,0,660,8,4,4,8
124,21,moe,757,35,3683,1528,1528,1910,122,0,123,0,705,8,6,2,8
124,22,moe,800,32,3997,2178,2179,1609,100,0,109,0,585,8,6,2,8
124,23,moe,633,29,10377,5436,5436,4534,279,0,128,0,708,8,3,5,8
124,24,moe,783,33,7489,3662,3662,3545,228,0,54,0,706,8,4,4,8
124,25,moe,784,32,6417,3548,3548,2662,167,0,40,0,715,8,5,3,8
124,26,moe,641,31,9402,4613,4613,4441,282,0,66,0,711,8,3,5,8
124,-1,epi,0,0,0,0,0,0,0,0,5475,0,0,0,0,0,0
125,-2,pre,203,0,0,0,0,0,0,0,0,0,0,0,0,0,0
125,0,dense,1385,33,0,0,0,0,0,0,0,0,0,0,0,0,0
125,1,moe,796,37,7783,3958,3958,3545,225,0,55,0,705,8,4,4,8
125,2,moe,726,31,10708,5930,5931,4439,281,0,57,0,706,8,3,5,8
125,3,moe,632,29,5213,1849,1849,3217,115,0,32,0,703,8,6,2,8
125,4,moe,707,35,9750,3810,3810,5609,199,0,132,0,588,8,4,4,8
125,5,moe,775,37,4931,2455,2455,2281,150,0,45,0,591,8,5,3,8
125,6,moe,708,30,2385,1240,1240,1004,56,0,85,0,700,8,7,1,8
125,7,moe,629,29,5412,2787,2787,2368,146,0,111,0,583,8,5,3,8
125,8,moe,716,30,7931,4642,4642,3048,194,1,46,0,584,8,4,4,8
125,9,moe,783,30,3700,1607,1607,1878,116,0,99,0,742,8,6,2,8
125,10,moe,713,31,6294,3670,3670,2367,146,0,111,0,591,8,5,3,8
125,11,moe,640,28,4908,2428,2430,2292,147,0,39,0,583,8,5,3,8
125,12,moe,716,30,3633,1511,1511,1909,114,0,99,0,697,8,6,2,8
125,13,moe,787,34,5365,2747,2748,2363,146,0,108,0,583,8,5,3,8
125,14,moe,715,31,6120,2834,2834,3043,194,0,49,0,586,8,4,4,8
125,15,moe,630,32,3566,1468,1468,1893,112,0,93,0,700,8,6,2,8
125,16,moe,711,30,4371,1740,1740,2372,148,0,111,0,583,8,5,3,8
125,17,moe,779,237,7530,4227,4227,3053,204,0,46,0,590,8,4,4,8
125,18,moe,711,35,9655,4677,4677,4564,283,0,131,0,703,8,3,5,8
125,19,moe,644,32,3221,1429,1431,1598,98,0,94,0,590,8,6,2,8
125,20,moe,710,38,4458,1139,1139,3069,199,0,51,0,587,8,4,4,8
125,21,moe,787,38,6019,2959,2960,2775,174,0,110,0,699,8,5,3,8
125,22,moe,779,35,5444,2796,2797,2384,149,1,113,0,582,8,5,3,8
125,23,moe,633,34,7209,2001,2001,4949,175,1,83,0,706,8,5,3,8
125,24,moe,775,39,10081,3328,3329,6464,235,0,53,0,707,8,4,4,8
125,25,moe,801,37,6585,2734,2734,3554,241,0,56,0,703,8,4,4,8
125,26,moe,634,38,2564,627,627,1782,122,0,33,0,704,8,6,2,8
125,-1,epi,0,0,0,0,0,0,0,0,5484,0,0,0,0,0,0
126,-2,pre,193,0,0,0,0,0,0,0,0,0,0,0,0,0,0
126,0,dense,1396,43,0,0,0,0,0,0,0,0,0,0,0,0,0
126,1,moe,797,40,11687,5920,5920,5343,360,0,64,0,707,8,2,6,8
126,2,moe,707,35,4389,2440,2440,1793,121,0,35,0,702,8,6,2,8
126,3,moe,633,34,9384,4560,4560,4465,299,0,60,0,702,8,3,5,8
126,4,moe,710,33,10816,7334,7334,3142,198,0,142,0,589,8,4,4,8
126,5,moe,772,38,7035,3695,3695,3086,205,0,49,0,581,8,4,4,8
126,6,moe,704,35,2325,1181,1181,989,58,0,97,0,701,8,7,1,8
126,7,moe,626,32,8138,2164,2164,5639,200,0,135,0,582,8,4,4,8
126,8,moe,709,38,6863,2510,2510,4157,150,0,46,0,588,8,5,3,8
126,9,moe,781,33,9,0,0,0,0,0,9,0,693,8,8,0,8
126,10,moe,717,39,3997,2343,2343,1527,100,0,27,0,577,8,6,2,8
126,11,moe,633,32,6958,3671,3671,3047,193,0,47,0,585,8,4,4,8
126,12,moe,712,47,3746,1622,1622,1905,115,0,104,0,703,8,6,2,8
126,13,moe,781,34,2143,1155,1155,847,48,0,93,0,578,8,7,1,8
126,14,moe,717,34,5843,3369,3369,2285,147,0,42,0,583,8,5,3,8
126,15,moe,638,32,10111,5148,5149,4555,282,0,125,0,707,8,3,5,8
126,16,moe,713,41,7942,4503,4503,3116,202,0,121,0,588,8,4,4,8
126,17,moe,777,35,8211,4888,4888,3057,195,0,71,0,591,8,4,4,8
126,18,moe,704,35,9429,4434,4434,4571,284,0,140,0,707,8,3,5,8
126,19,moe,630,34,7071,3614,3616,3130,198,0,127,0,587,8,4,4,8
126,20,moe,712,34,6948,3663,3663,3040,199,0,46,0,580,8,4,4,8
126,21,moe,780,39,11746,4812,4813,6572,228,0,133,0,703,8,4,4,8
126,22,moe,1208,38,5779,3162,3162,2351,148,0,118,0,582,8,5,3,8
126,23,moe,627,33,8738,4722,4722,3672,230,0,114,0,710,8,4,4,8
126,24,moe,771,41,9024,4233,4233,4448,283,0,60,0,708,8,3,5,8
126,25,moe,777,32,12764,4372,4372,8045,286,0,61,0,705,8,3,5,8
126,26,moe,646,34,13763,8056,8056,5303,337,0,67,0,701,8,2,6,8
126,-1,epi,0,0,0,0,0,0,0,0,5440,0,0,0,0,0,0
127,-2,pre,72,0,0,0,0,0,0,0,0,0,0,0,0,0,0
127,0,dense,1373,39,0,0,0,0,0,0,0,0,0,0,0,0,0
127,1,moe,788,35,12211,6419,6419,5361,368,0,63,0,742,8,2,6,8
127,2,moe,700,35,13573,7727,7727,5410,358,0,78,0,720,8,2,6,8
127,3,moe,649,40,6300,2458,2458,3552,230,0,60,0,719,8,4,4,8
127,4,moe,708,37,9806,5509,5509,3895,245,0,157,0,608,8,3,5,8
127,5,moe,777,37,2259,597,597,1531,100,0,31,0,593,8,6,2,8
127,6,moe,711,35,2476,1324,1324,1006,58,0,88,0,703,8,7,1,8
127,7,moe,638,35,4037,2275,2275,1598,99,0,65,0,591,8,6,2,8
127,8,moe,714,37,6831,3539,3539,3041,197,0,54,0,589,8,4,4,8
127,9,moe,772,35,2421,1282,1282,990,59,0,90,0,700,8,7,1,8
127,10,moe,714,35,5111,2480,2480,2368,147,0,116,0,593,8,5,3,8
127,11,moe,651,34,2213,556,556,1531,97,0,29,0,595,8,6,2,8
127,12,moe,720,34,3827,1734,1734,1885,112,1,95,0,715,8,6,2,8
127,13,moe,787,34,3214,1432,1432,1586,98,0,98,0,596,8,6,2,8
127,14,moe,721,32,7332,3218,3219,3810,244,0,59,0,599,8,3,5,8
127,15,moe,625,40,5014,1944,1944,2788,176,0,106,0,722,8,5,3,8
127,16,moe,715,34,4465,1836,1836,2374,146,0,109,0,596,8,5,3,8
127,17,moe,788,34,4196,1734,1734,2276,145,0,41,0,587,8,5,3,8
127,18,moe,716,37,8463,3514,3514,4535,284,0,130,0,707,8,3,5,8
127,19,moe,636,33,6277,2846,2846,3121,195,0,115,0,594,8,4,4,8
127,20,moe,710,33,6847,3559,3559,3044,197,0,47,0,598,8,4,4,8
127,21,moe,780,33,8044,3096,3096,4537,282,0,129,0,708,8,3,5,8
127,22,moe,781,35,5192,2559,2559,2371,148,0,114,0,596,8,5,3,8
127,23,moe,625,32,6620,3587,3587,2761,169,0,103,0,711,8,5,3,8
127,24,moe,788,33,11363,5642,5642,5318,335,0,68,0,714,8,2,6,8
127,25,moe,782,32,9899,5115,5116,4437,284,0,62,0,716,8,3,5,8
127,26,moe,635,39,12861,7136,7136,5320,340,0,65,0,713,8,2,6,8
127,-1,epi,0,0,0,0,0,0,0,0,5461,0,0,0,0,0,0
128,-2,pre,221,0,0,0,0,0,0,0,0,0,0,0,0,0,0
128,0,dense,1383,39,0,0,0,0,0,0,0,0,0,0,0,0,0
128,1,moe,792,35,9335,4563,4563,4436,281,1,54,0,722,8,3,5,8
128,2,moe,702,36,5544,2660,2660,2668,170,0,46,0,704,8,5,3,8
128,3,moe,635,34,3772,1848,1848,1774,116,0,34,0,710,8,6,2,8
128,4,moe,710,34,5919,3261,3261,2383,148,0,127,0,588,8,5,3,8
128,5,moe,779,36,1903,1065,1065,766,53,0,19,0,593,8,7,1,8
128,6,moe,716,34,3667,1563,1563,1889,115,0,100,0,711,8,6,2,8
128,7,moe,624,31,3251,1478,1478,1582,97,0,94,0,590,8,6,2,8
128,8,moe,721,34,3932,2279,2279,1526,99,0,28,0,585,8,6,2,8
128,9,moe,784,33,6654,3586,3586,2788,168,0,112,0,705,8,5,3,8
128,10,moe,715,34,2110,1136,1136,839,50,1,84,0,594,8,7,1,8
128,11,moe,637,43,6054,2740,2740,3063,199,0,52,0,597,8,4,4,8
128,12,moe,730,34,3880,1811,1811,1860,117,0,92,0,709,8,6,2,8
128,13,moe,786,37,3311,1491,1491,1624,104,0,92,0,592,8,6,2,8
128,14,moe,706,34,7066,3771,3772,3045,198,0,51,0,593,8,4,4,8
128,15,moe,693,36,12375,8343,8343,3688,228,0,116,0,710,8,4,4,8
128,16,moe,727,34,6269,2805,2806,3147,193,0,123,0,589,8,4,4,8
128,17,moe,780,35,8506,4367,4367,3837,247,0,55,0,592,8,3,5,8
128,18,moe,713,34,3713,1612,1612,1886,112,0,103,0,702,8,6,2,8
128,19,moe,640,32,4321,1705,1705,2363,145,0,108,0,585,8,5,3,8
128,20,moe,716,35,3026,1343,1343,1554,99,0,30,0,587,8,6,2,8
128,21,moe,785,34,1452,323,323,986,56,0,87,0,708,8,7,1,8
128,22,moe,777,34,4065,2277,2277,1594,99,0,95,0,591,8,6,2,8
128,23,moe,640,33,5013,1944,1944,2806,167,0,96,0,703,8,5,3,8
128,24,moe,782,35,3584,1642,1643,1793,114,0,34,0,713,8,6,2,8
128,25,moe,779,36,8279,3484,3484,4459,278,0,58,0,713,8,3,5,8
128,26,moe,631,32,7385,5471,5471,1770,112,0,32,0,706,8,6,2,8
128,-1,epi,0,0,0,0,0,0,0,0,5481,0,0,0,0,0,0
129,-2,pre,236,0,0,0,0,0,0,0,0,0,0,0,0,0,0
129,0,dense,1384,31,0,0,0,0,0,0,0,0,0,0,0,0,0
129,1,moe,790,31,3813,938,938,2665,170,0,40,0,718,8,5,3,8
129,2,moe,736,30,14005,3966,3966,9632,342,0,65,0,707,8,2,6,8
129,3,moe,635,33,5596,2718,2718,2671,168,0,39,0,704,8,5,3,8
129,4,moe,723,34,5314,2662,2662,2378,152,1,121,0,595,8,5,3,8
129,5,moe,786,36,3116,1455,1455,1520,109,0,32,0,594,8,6,2,8
129,6,moe,707,37,2390,1210,1210,1031,58,0,91,0,714,8,7,1,8
129,7,moe,636,31,5899,2464,2465,3114,201,0,119,0,596,8,4,4,8
129,8,moe,707,30,4032,2371,2371,1527,98,0,36,0,597,8,6,2,8
129,9,moe,778,32,7993,4018,4018,3629,228,0,118,0,708,8,4,4,8
129,10,moe,707,31,5578,2133,2133,3127,197,0,121,0,588,8,4,4,8
129,11,moe,635,30,4940,2478,2479,2279,145,0,37,0,593,8,5,3,8
129,12,moe,707,29,6085,3017,3017,2791,173,0,104,0,713,8,5,3,8
129,13,moe,768,30,8025,4575,4575,3135,199,0,116,0,588,8,4,4,8
129,14,moe,706,32,3143,1491,1491,1524,100,0,28,0,589,8,6,2,8
129,15,moe,626,28,9402,4448,4449,4550,280,0,123,0,705,8,3,5,8
129,16,moe,718,29,4539,1100,1100,3129,194,0,116,0,595,8,4,4,8
129,17,moe,780,32,3279,816,816,2277,147,0,39,0,594,8,5,3,8
129,18,moe,723,35,9407,4414,4415,4618,284,0,90,0,705,8,3,5,8
129,19,moe,631,29,6651,3107,3108,3213,210,0,120,0,653,8,4,4,8
129,20,moe,715,34,8845,3805,3805,4655,312,0,73,0,594,8,2,6,8
129,21,moe,802,33,10053,3086,3086,6597,229,0,141,0,713,8,4,4,8
129,22,moe,790,34,7729,3421,3421,3907,255,0,146,0,590,8,3,5,8
129,23,moe,645,30,7241,2016,2016,4949,173,0,103,0,706,8,5,3,8
129,24,moe,777,39,8981,5139,5139,3555,238,0,49,0,722,8,4,4,8
129,25,moe,782,30,9770,4023,4023,5338,338,0,71,0,714,8,2,6,8
129,26,moe,633,30,9098,4305,4305,4449,282,0,62,0,717,8,3,5,8
129,-1,epi,0,0,0,0,0,0,0,0,5468,0,0,0,0,0,0
130,-2,pre,194,0,0,0,0,0,0,0,0,0,0,0,0,0,0
130,0,dense,1381,35,0,0,0,0,0,0,0,0,0,0,0,0,0
130,1,moe,792,33,4769,1898,1898,2654,175,0,42,0,718,8,5,3,8
130,2,moe,725,36,7807,3979,3979,3546,231,0,51,0,711,8,4,4,8
130,3,moe,642,30,7158,3339,3339,3543,225,0,51,0,706,8,4,4,8
130,4,moe,716,35,8429,4119,4119,3917,245,0,148,0,593,8,3,5,8
130,5,moe,776,33,5774,3296,3296,2295,147,1,35,0,595,8,5,3,8
130,6,moe,704,30,2430,1250,1250,1029,60,0,91,0,709,8,7,1,8
130,7,moe,631,29,2146,1162,1162,846,53,0,85,0,587,8,7,1,8
130,8,moe,713,34,3187,1524,1524,1536,98,0,29,0,588,8,6,2,8
130,9,moe,779,41,6099,3063,3063,2759,171,0,106,0,706,8,5,3,8
130,10,moe,708,30,5282,2659,2659,2361,147,0,115,0,600,8,5,3,8
130,11,moe,636,47,4090,1616,1616,2289,146,0,39,0,607,8,5,3,8
130,12,moe,703,31,7069,4031,4031,2787,169,0,82,0,707,8,5,3,8
130,13,moe,779,34,2149,1166,1166,845,50,0,88,0,584,8,7,1,8
130,14,moe,708,29,5093,2621,2621,2284,146,0,42,0,596,8,5,3,8
130,15,moe,634,29,7168,3140,3141,3678,225,0,124,0,709,8,4,4,8
130,16,moe,705,31,5156,2536,2536,2354,147,0,119,0,593,8,5,3,8
130,17,moe,776,32,3236,1588,1589,1520,98,0,29,0,590,8,6,2,8
130,18,moe,705,30,5855,2786,2786,2790,170,0,109,0,725,8,5,3,8
130,19,moe,635,29,11631,6544,6544,4653,292,0,142,0,595,8,2,6,8
130,20,moe,702,29,8272,4149,4149,3815,248,0,60,0,591,8,3,5,8
130,21,moe,779,37,5752,2669,2670,2800,168,0,114,0,702,8,5,3,8
130,22,moe,772,31,6191,2769,2769,3104,198,0,120,0,588,8,4,4,8
130,23,moe,628,29,6970,3906,3906,2796,171,0,97,0,706,8,5,3,8
130,24,moe,787,33,10994,4250,4250,6465,232,0,47,0,718,8,4,4,8
130,25,moe,770,31,11083,6269,6270,4473,284,0,56,0,712,8,3,5,8
130,26,moe,631,33,7928,4097,4097,3557,224,0,50,0,709,8,4,4,8
130,-1,epi,0,0,0,0,0,0,0,0,5457,0,0,0,0,0,0
