step,il,kind,route_us,readback_us,load_wall_us,pread_us,pread_wall_us,repack_us,placement_us,sync_us,load_other_us,load_hidden_us,compute_us,lookups,hits,misses,n_slots
0,-2,pre,269,0,0,0,0,0,0,0,0,0,0,0,0,0,0
0,0,dense,7264,136,0,0,0,0,0,0,0,0,0,0,0,0,0
0,1,moe,7954,123,52569,29189,29191,23170,0,0,208,0,1282,0,0,0,16
0,2,moe,4284,66,43495,19319,19320,18940,5031,1,203,0,1293,16,0,16,16
0,3,moe,9875,50,44401,22679,22680,17067,4502,0,152,0,1280,15,0,15,15
0,4,moe,3668,54,40753,20527,20528,16072,3972,1,180,0,1093,16,0,16,16
0,5,moe,8902,55,40540,20328,20329,15983,4104,0,124,0,1097,16,0,16,16
0,6,moe,4097,58,48779,23031,23031,20652,4904,0,192,0,1286,16,0,16,16
0,7,moe,11304,49,38540,19344,19345,15018,4020,1,156,0,1086,15,0,15,15
0,8,moe,8533,58,40252,20331,20331,15716,4066,1,138,0,1117,16,0,16,16
0,9,moe,5211,53,40984,23037,23037,13599,4174,1,173,0,1348,15,0,15,15
0,10,moe,4045,56,41206,20826,20829,16273,3930,0,174,0,1090,16,0,16,16
0,11,moe,9759,56,37898,18770,18773,15229,3768,0,128,0,1098,15,0,15,15
0,12,moe,5065,51,48322,23438,23438,20020,4662,0,202,0,1339,16,0,16,16
0,13,moe,5424,54,34984,19497,19498,11565,3734,0,187,0,1094,15,0,15,15
0,14,moe,8405,51,36635,19900,19900,12267,4339,0,129,0,1092,16,0,16,16
0,15,moe,12385,50,40827,22712,22712,13463,4474,0,178,0,1279,15,0,15,15
0,16,moe,9163,50,37040,20496,20498,12292,4082,0,168,0,1094,16,0,16,16
0,17,moe,9628,51,38055,21636,21636,12245,4037,0,137,0,1106,16,0,16,16
0,18,moe,1525,55,30958,12454,12457,13798,4546,0,157,0,1449,15,0,15,15
0,19,moe,1117,55,22156,5745,5746,12513,3734,0,163,0,1112,16,0,16,16
0,20,moe,1192,58,20559,4265,4265,12255,3890,0,149,0,1111,16,0,16,16
0,21,moe,1341,61,24041,4795,4797,14376,4701,0,167,0,1316,16,0,16,16
0,22,moe,1437,54,22767,4560,4562,14173,3851,1,180,0,1107,16,0,16,16
0,23,moe,832,48,24684,4948,4949,15330,4240,0,165,0,1314,15,0,15,15
0,24,moe,1341,41,24318,5303,5304,14211,4657,1,145,0,1311,16,0,16,16
0,25,moe,1335,40,31879,5242,5243,22080,4426,0,130,0,1339,16,0,16,16
0,26,moe,854,35,12137,2648,2649,7112,2281,0,95,0,724,8,0,8,8
0,-1,epi,0,0,0,0,0,0,0,0,5519,0,0,0,0,0,0
1,-2,pre,46,0,0,0,0,0,0,0,0,0,0,0,0,0,0
1,0,dense,2426,40,0,0,0,0,0,0,0,0,0,0,0,0,0
1,1,moe,1282,38,33923,17097,17098,13270,3442,0,113,0,1294,12,0,12,12
1,2,moe,1158,39,33689,18337,18337,11589,3628,0,135,0,1316,13,0,13,13
1,3,moe,683,35,37804,18730,18730,15316,3641,1,116,0,1355,14,1,13,14
1,4,moe,1140,43,32537,18189,18189,10848,3317,0,183,0,1132,15,1,14,15
1,5,moe,1271,43,29516,17184,17185,9308,2913,0,110,0,1210,14,2,12,14
1,6,moe,1135,39,31344,17006,17006,10807,3389,0,142,0,1321,14,2,12,14
1,7,moe,694,42,38357,21621,21622,12290,4257,0,188,0,1113,16,0,16,16
1,8,moe,1133,44,28351,15968,15970,9337,2927,0,117,0,1283,13,1,12,13
1,9,moe,1365,74,44526,29248,29249,11826,3299,0,152,0,1324,15,2,13,15
1,10,moe,1146,42,27879,15634,15637,9410,2667,0,165,0,1593,15,3,12,15
1,11,moe,826,44,31992,17768,17768,10911,3193,0,120,0,1380,15,1,14,15
1,12,moe,1223,42,35056,18361,18361,12767,3772,0,156,0,1491,16,2,14,16
1,13,moe,1485,46,29486,16110,16110,10146,3030,0,200,0,1174,14,1,13,14
1,14,moe,1226,44,32031,17641,17642,10843,3418,0,128,0,1130,16,2,14,16
1,15,moe,710,46,33385,17461,17462,11890,3882,0,151,0,1564,15,2,13,15
1,16,moe,1263,43,33554,18564,18564,11165,3671,0,154,0,1273,16,2,14,16
1,17,moe,1376,56,31014,17672,17672,10091,3134,1,116,0,1267,14,1,13,14
1,18,moe,5354,39,39861,21487,21488,13615,4593,0,165,0,1370,15,0,15,15
1,19,moe,10391,43,31720,17442,17442,10768,3357,0,153,0,1120,15,1,14,15
1,20,moe,1167,51,32717,18456,18459,10741,3393,0,124,0,1105,15,1,14,15
1,21,moe,1272,51,19431,7571,7572,9022,2711,0,126,0,1304,15,5,10,15
1,22,moe,1270,38,15471,4305,4307,8517,2505,0,142,0,1115,15,4,11,15
1,23,moe,691,34,19450,4260,4260,11666,3379,0,145,0,1328,16,3,13,16
1,24,moe,1264,37,16357,3610,3611,9777,2868,0,101,0,1354,14,3,11,14
1,25,moe,1266,38,20840,4634,4636,12420,3664,1,119,0,1354,16,2,14,16
1,26,moe,684,39,12086,2658,2659,7141,2209,0,77,0,751,8,0,8,8
1,-1,epi,0,0,0,0,0,0,0,0,5554,0,0,0,0,0,0
2,-2,pre,4786,0,0,0,0,0,0,0,0,0,0,0,0,0,0
2,0,dense,119317,101,0,0,0,0,0,0,0,0,0,0,0,0,0
2,1,moe,55772,174,796244,421660,421671,318542,52451,1,3579,0,169058,0,0,0,216
2,2,moe,59432,198,663656,309703,309713,324250,10743,0,18950,0,135614,0,0,0,224
2,3,moe,35253,197,588580,270005,270014,287650,28434,0,2482,0,157954,0,0,0,200
2,4,moe,52440,172,454567,218109,218120,216653,17480,0,2314,0,107477,0,0,0,185
2,5,moe,55644,203,386529,192889,192896,168460,23065,0,2108,0,105968,0,0,0,164
2,6,moe,46637,197,451126,214137,214142,203531,31165,1,2287,0,128633,0,0,0,171
2,7,moe,28076,174,404880,188309,188321,190953,23163,0,2443,0,94707,0,0,0,167
2,8,moe,41771,356,420221,190318,190324,209363,17881,0,2653,0,91494,0,0,0,179
2,9,moe,44995,191,457928,201565,201572,224864,28843,0,2649,0,119371,0,0,0,172
2,10,moe,40136,195,457144,217731,217748,218487,18237,1,2671,0,97678,0,0,0,189
2,11,moe,27098,181,449817,211050,211054,212341,24021,0,2401,0,106044,0,0,0,187
2,12,moe,44518,193,492641,216880,216888,240272,33139,0,2342,0,137145,0,0,0,178
2,13,moe,46347,200,455944,205404,205412,224902,23241,0,2389,0,106374,0,0,0,185
2,14,moe,46911,177,485042,202830,202842,255650,24229,1,2320,0,114964,0,0,0,181
2,15,moe,30727,172,577786,235258,235271,307173,32876,0,2466,0,148003,0,0,0,189
2,16,moe,53985,188,480534,212349,212355,240589,25164,0,2426,0,106895,0,0,0,190
2,17,moe,56692,187,442188,209934,209946,209383,20301,0,2558,0,108132,0,0,0,187
2,18,moe,52122,264,568351,230017,230027,299128,36734,0,2462,0,144089,0,0,0,192
2,19,moe,29317,180,487045,221866,221883,241250,21735,0,2177,0,105997,0,0,0,198
2,20,moe,55285,177,481759,213194,213201,240707,26215,0,1636,0,120678,0,0,0,192
2,21,moe,57879,160,473707,215746,215755,222360,34043,0,1549,0,136883,0,0,0,180
2,22,moe,55974,202,441995,216105,216113,196843,27322,0,1717,0,98232,0,0,0,193
2,23,moe,40679,162,470353,221958,221968,213847,32853,0,1685,0,145389,0,0,0,184
2,24,moe,51802,182,513559,234888,234901,239345,37368,0,1945,0,122219,0,0,0,193
2,25,moe,51844,176,496084,217662,217671,246847,29652,1,1913,0,118172,0,0,0,175
2,26,moe,40625,31,6,0,0,0,0,0,6,0,7,0,0,0,0
2,-1,epi,0,0,0,0,0,0,0,0,5,0,0,0,0,0,0
3,-2,pre,244,0,0,0,0,0,0,0,0,0,0,0,0,0,0
3,0,dense,12840,59,0,0,0,0,0,0,0,0,0,0,0,0,0
3,1,moe,8689,74,73279,27192,27192,32326,13602,0,159,0,4692,26,3,23,26
3,2,moe,13309,48,65693,26001,26004,27278,12273,0,138,0,3748,23,1,22,23
3,3,moe,11178,47,58668,24400,24400,22379,11758,1,130,0,3295,22,1,21,22
3,4,moe,8333,59,47140,17061,17062,22466,7472,0,140,0,2573,18,2,16,18
3,5,moe,8511,40,45851,20293,20295,16436,8989,0,131,0,2984,20,1,19,20
3,6,moe,8550,42,63998,27305,27306,23747,12793,0,152,0,3941,24,1,23,24
3,7,moe,11758,39,45077,19075,19078,17103,8757,0,139,0,2848,19,1,18,19
3,8,moe,9007,43,42977,16829,16830,17267,8792,0,88,0,2628,17,1,16,17
3,9,moe,9983,42,74704,24831,24831,31195,18561,0,117,0,4347,23,2,21,23
3,10,moe,14249,55,53277,26009,26010,18450,8643,0,174,0,2612,25,1,24,25
3,11,moe,9841,35,43107,15933,15936,20305,6783,0,83,0,3074,19,4,15,19
3,12,moe,6267,41,47376,21645,21648,18577,7026,1,124,0,3556,19,1,18,19
3,13,moe,7181,48,54213,24049,24050,20603,9403,0,157,0,2637,22,0,22,22
3,14,moe,6093,52,48987,21132,21132,18849,8885,0,121,0,2706,21,2,19,21
3,15,moe,4040,45,62523,25849,25849,27776,8752,0,146,0,3381,21,0,21,21
3,16,moe,8814,61,55625,22082,22082,26675,6710,0,158,0,2700,22,2,20,22
3,17,moe,4978,47,62530,25300,25303,27076,10026,1,124,0,2816,25,2,23,25
3,18,moe,3413,46,52106,13126,13130,24337,14480,0,159,0,2969,25,3,22,25
3,19,moe,1301,40,45020,6347,6347,33239,5245,0,189,0,1959,24,0,24,24
3,20,moe,1421,35,39282,10525,10525,20624,7991,0,142,0,1973,23,0,23,23
3,21,moe,1456,36,47313,8147,8151,29935,9062,1,164,0,2399,24,2,22,24
3,22,moe,1451,36,44386,7014,7015,30474,6737,0,160,0,2424,24,2,22,24
3,23,moe,1286,35,48962,8878,8880,26475,13460,0,147,0,2391,22,1,21,22
3,24,moe,1453,44,49382,11137,11139,28599,9510,0,134,0,2424,26,2,24,26
3,25,moe,1442,36,40665,12989,12989,24275,3264,0,137,0,2394,24,1,23,24
3,26,moe,4459,37,12333,4688,4688,6458,1149,0,38,0,4069,8,4,4,8
3,-1,epi,0,0,0,0,0,0,0,0,36951,0,0,0,0,0,0
4,-2,pre,57,0,0,0,0,0,0,0,0,0,0,0,0,0,0
4,0,dense,1416,48,0,0,0,0,0,0,0,0,0,0,0,0,0
4,1,moe,796,40,11175,5245,5245,3685,2204,0,41,0,1242,8,4,4,8
4,2,moe,750,41,5285,2377,2377,1783,1096,0,29,0,727,8,6,2,8
4,3,moe,543,32,10729,4863,4863,3540,2284,0,42,0,731,8,4,4,8
4,4,moe,728,41,9095,3330,3330,4212,1485,1,67,0,608,8,5,3,8
4,5,moe,792,40,9006,3403,3403,4129,1447,0,27,0,598,8,5,3,8
4,6,moe,721,35,10308,3640,3640,4938,1677,0,53,0,727,8,5,3,8
4,7,moe,544,34,8976,3254,3254,4200,1469,0,53,0,593,8,5,3,8
4,8,moe,717,31,8951,3277,3278,4148,1493,0,32,0,605,8,5,3,8
4,9,moe,786,35,10277,3589,3589,4923,1707,0,58,0,734,8,5,3,8
4,10,moe,715,35,10253,4268,4268,5580,349,0,56,0,602,8,4,4,8
4,11,moe,1826,33,2493,1043,1043,1378,49,0,23,0,593,8,7,1,8
4,12,moe,3230,33,14329,5859,5859,8129,278,0,63,0,722,8,3,5,8
4,13,moe,3039,33,3819,2079,2079,1599,99,0,42,0,589,8,6,2,8
4,14,moe,3215,32,4978,2084,2085,2765,103,0,25,0,595,8,6,2,8
4,15,moe,4528,30,6501,3456,3456,2801,195,0,49,0,729,8,5,3,8
4,16,moe,821,34,6342,3248,3248,2385,651,0,58,0,690,8,5,3,8
4,17,moe,786,35,5767,3255,3255,2324,152,0,36,0,1209,8,5,3,8
4,18,moe,702,37,5372,1726,1727,2836,744,0,65,0,743,8,5,3,8
4,19,moe,567,48,3405,757,758,2414,160,0,73,0,638,8,5,3,8
4,20,moe,713,45,3182,1438,1438,1599,117,0,28,0,639,8,6,2,8
4,21,moe,827,36,3901,900,900,2764,169,0,68,0,737,8,5,3,8
4,22,moe,793,38,4465,1920,1921,2342,148,0,54,0,604,8,5,3,8
4,23,moe,559,31,3889,882,882,2782,169,0,56,0,734,8,5,3,8
4,24,moe,804,41,6336,1556,1556,4447,285,0,48,0,730,8,3,5,8
4,25,moe,796,34,7551,1836,1836,5318,347,0,50,0,739,8,2,6,8
4,26,moe,562,33,11901,6139,6139,4458,1271,0,33,0,1312,8,3,5,8
4,-1,epi,0,0,0,0,0,0,0,0,5710,0,0,0,0,0,0
5,-2,pre,218,0,0,0,0,0,0,0,0,0,0,0,0,0,0
5,0,dense,1432,35,0,0,0,0,0,0,0,0,0,0,0,0,0
5,1,moe,812,34,13349,6011,6011,4445,2859,0,34,0,730,8,3,5,8
5,2,moe,715,38,18229,8079,8079,6242,3848,0,60,0,719,8,1,7,8
5,3,moe,554,36,17507,8481,8482,6194,2780,0,51,0,719,8,1,7,8
5,4,moe,712,37,14390,6524,6524,4687,3103,1,75,0,665,8,2,6,8
5,5,moe,804,39,11695,5502,5502,3940,2201,0,52,0,615,8,3,5,8
5,6,moe,739,40,9339,4865,4866,3643,770,0,60,0,723,8,4,4,8
5,7,moe,547,34,7168,3279,3279,2351,1475,1,62,0,610,8,5,3,8
5,8,moe,719,39,7152,3359,3360,2287,1472,0,33,0,598,8,5,3,8
5,9,moe,782,35,12880,7059,7059,5388,346,0,87,0,724,8,2,6,8
5,10,moe,713,32,5922,3365,3365,2345,151,0,61,0,594,8,5,3,8
5,11,moe,546,29,13379,7649,7650,5334,348,0,47,0,599,8,1,7,8
5,12,moe,711,33,12817,6971,6971,5439,341,0,66,0,720,8,2,6,8
5,13,moe,790,30,9939,5777,5777,3858,244,0,60,0,597,8,3,5,8
5,14,moe,719,30,7695,4405,4405,3053,199,0,38,0,603,8,4,4,8
5,15,moe,539,200,16026,11179,11179,4509,283,0,55,0,721,8,3,5,8
5,16,moe,713,37,7647,4299,4299,3090,196,0,62,0,592,8,4,4,8
5,17,moe,776,35,7674,4408,4409,3035,195,0,35,0,596,8,4,4,8
5,18,moe,703,35,11211,4447,4448,6283,397,0,83,0,724,8,1,7,8
5,19,moe,540,33,4375,1020,1020,3097,196,0,62,0,601,8,4,4,8
5,20,moe,725,40,3297,827,827,2287,149,0,34,0,597,8,5,3,8
5,21,moe,786,36,6414,1547,1548,4517,287,0,62,0,722,8,3,5,8
5,22,moe,805,39,3338,794,794,2341,148,0,55,0,609,8,5,3,8
5,23,moe,556,42,2580,583,583,1843,112,0,42,0,720,8,6,2,8
5,24,moe,800,34,5077,1268,1268,3545,229,1,34,0,727,8,4,4,8
5,25,moe,783,31,5108,1259,1260,3572,228,0,48,0,730,8,4,4,8
5,26,moe,556,30,7062,3616,3616,2660,758,0,28,0,1310,8,5,3,8
5,-1,epi,0,0,0,0,0,0,0,0,5694,0,0,0,0,0,0
6,-2,pre,45,0,0,0,0,0,0,0,0,0,0,0,0,0,0
6,0,dense,1431,32,0,0,0,0,0,0,0,0,0,0,0,0,0
6,1,moe,803,31,12526,6093,6093,4461,1934,0,38,0,729,8,3,5,8
6,2,moe,715,34,10880,4968,4968,3561,2311,0,40,0,725,8,4,4,8
6,3,moe,549,35,10945,5968,5969,4441,486,0,49,0,734,8,3,5,8
6,4,moe,719,34,9606,5380,5380,3908,246,0,72,0,602,8,3,5,8
6,5,moe,780,33,5656,3192,3192,2292,145,0,27,0,606,8,5,3,8
6,6,moe,715,31,4303,2301,2303,1848,114,0,38,0,730,8,6,2,8
6,7,moe,548,29,8585,4253,4253,3118,1156,0,58,0,606,8,4,4,8
6,8,moe,709,34,11205,5338,5339,3819,2009,0,38,0,610,8,3,5,8
6,9,moe,785,35,9163,4681,4682,3622,796,0,63,0,721,8,4,4,8
6,10,moe,713,33,10301,5354,5354,3879,990,0,78,0,604,8,3,5,8
6,11,moe,551,31,3829,2176,2176,1530,99,0,24,0,602,8,6,2,8
6,12,moe,720,35,6497,3520,3520,2747,173,3,54,0,723,8,5,3,8
6,13,moe,785,32,5921,3367,3367,2355,145,0,54,0,594,8,5,3,8
6,14,moe,714,36,5720,3244,3245,2298,148,0,29,0,599,8,5,3,8
6,15,moe,551,28,11339,5951,5951,4515,811,0,62,0,727,8,3,5,8
6,16,moe,711,42,11456,6473,6474,4615,293,0,74,0,600,8,2,6,8
6,17,moe,774,32,9422,5338,5338,3798,245,0,41,0,626,8,3,5,8
6,18,moe,723,36,1703,623,623,986,58,0,36,0,720,8,7,1,8
6,19,moe,546,30,6076,1289,1290,3873,843,0,70,0,610,8,3,5,8
6,20,moe,728,35,4358,1075,1075,3049,195,1,38,0,603,8,4,4,8
6,21,moe,796,38,2709,669,669,1875,119,0,46,0,728,8,6,2,8
6,22,moe,798,35,3427,862,863,2350,154,0,60,0,640,8,5,3,8
6,23,moe,586,36,3958,947,947,2768,177,0,66,0,741,8,5,3,8
6,24,moe,801,32,3780,919,919,2664,168,0,29,0,732,8,5,3,8
6,25,moe,812,34,3798,925,925,2662,182,0,29,0,727,8,5,3,8
6,26,moe,565,33,9562,4947,4947,3555,1015,0,45,0,1239,8,4,4,8
6,-1,epi,0,0,0,0,0,0,0,0,5700,0,0,0,0,0,0
7,-2,pre,220,0,0,0,0,0,0,0,0,0,0,0,0,0,0
7,0,dense,1428,34,0,0,0,0,0,0,0,0,0,0,0,0,0
7,1,moe,819,30,10985,6026,6026,4437,483,0,39,0,729,8,3,5,8
7,2,moe,712,31,5298,2329,2329,1785,1159,0,25,0,728,8,6,2,8
7,3,moe,552,31,2340,1366,1366,891,62,0,21,0,725,8,7,1,8
7,4,moe,717,32,6264,3675,3675,2369,152,0,68,0,604,8,5,3,8
7,5,moe,792,36,4383,2289,2289,1527,543,0,24,0,609,8,6,2,8
7,6,moe,722,30,2300,1218,1218,989,58,0,35,0,726,8,7,1,8
7,7,moe,551,29,7678,4321,4321,3096,196,0,65,0,608,8,4,4,8
7,8,moe,729,35,8259,4279,4279,3084,861,0,35,0,619,8,4,4,8
7,9,moe,796,37,4773,2712,2712,1882,126,0,53,0,794,8,6,2,8
7,10,moe,706,36,2077,1146,1146,827,55,1,48,0,630,8,7,1,8
7,11,moe,558,31,3816,2141,2141,1549,103,0,23,0,623,8,6,2,8
7,12,moe,730,34,14530,5925,5925,8256,281,0,68,0,726,8,3,5,8
7,13,moe,788,34,5982,3410,3410,2364,150,0,58,0,604,8,5,3,8
7,14,moe,723,31,5859,3399,3400,2280,149,0,30,0,603,8,5,3,8
7,15,moe,4681,33,10616,5704,5704,4562,286,0,64,0,728,8,3,5,8
7,16,moe,1070,31,3891,2117,2117,1615,100,0,59,0,601,8,6,2,8
7,17,moe,791,36,5716,3240,3241,2288,153,0,34,0,603,8,5,3,8
7,18,moe,715,33,6626,3597,3597,2805,175,0,49,0,726,8,5,3,8
7,19,moe,546,31,3342,778,778,2358,149,0,57,0,610,8,5,3,8
7,20,moe,723,34,3437,551,551,2764,96,0,26,0,605,8,6,2,8
7,21,moe,800,33,5127,1204,1204,3641,225,0,57,0,733,8,4,4,8
7,22,moe,805,32,4452,1061,1061,3127,201,0,63,0,620,8,4,4,8
7,23,moe,555,30,2658,627,628,1871,116,0,43,0,729,8,6,2,8
7,24,moe,795,31,1270,312,312,883,59,0,16,0,732,8,7,1,8
7,25,moe,804,32,4868,2013,2013,2656,172,0,27,0,741,8,5,3,8
7,26,moe,569,30,6262,2492,2493,3226,524,0,19,0,714,8,6,2,8
7,-1,epi,0,0,0,0,0,0,0,0,5729,0,0,0,0,0,0
8,-2,pre,196,0,0,0,0,0,0,0,0,0,0,0,0,0,0
8,0,dense,1429,34,0,0,0,0,0,0,0,0,0,0,0,0,0
8,1,moe,811,30,6678,3821,3821,2656,172,0,29,0,740,8,5,3,8
8,2,moe,737,31,6669,2584,2584,3227,838,0,20,0,733,8,6,2,8
8,3,moe,561,30,8599,4790,4791,3546,228,0,34,0,736,8,4,4,8
8,4,moe,721,32,5158,2161,2161,2845,97,0,55,0,606,8,6,2,8
8,5,moe,782,31,7588,3272,3273,4135,146,0,34,0,602,8,5,3,8
8,6,moe,719,30,13047,7178,7179,5457,339,0,72,0,731,8,2,6,8
8,7,moe,551,33,4475,2267,2267,1578,587,0,43,0,605,8,6,2,8
8,8,moe,722,35,4041,2395,2395,1521,102,0,23,0,601,8,6,2,8
8,9,moe,799,32,7069,3528,3529,2770,723,0,47,0,726,8,5,3,8
8,10,moe,723,32,5857,3299,3299,2355,147,0,56,0,606,8,5,3,8
8,11,moe,556,28,7438,4161,4161,3049,195,0,33,0,610,8,4,4,8
8,12,moe,721,29,6535,3559,3559,2760,170,0,46,0,721,8,5,3,8
8,13,moe,828,33,9980,7423,7423,2352,150,0,55,0,599,8,5,3,8
8,14,moe,711,35,5692,3223,3223,2291,145,0,33,0,599,8,5,3,8
8,15,moe,552,39,4573,2502,2502,1915,116,0,40,0,722,8,6,2,8
8,16,moe,7116,35,7785,4385,4385,3146,195,0,59,0,606,8,4,4,8
8,17,moe,7466,36,5116,2662,2662,2280,144,0,30,0,600,8,5,3,8
8,18,moe,6272,39,6785,3564,3565,2790,381,0,49,0,719,8,5,3,8
8,19,moe,10941,35,3487,497,497,2849,97,0,44,0,594,8,6,2,8
8,20,moe,713,34,3439,550,550,2770,97,0,22,0,594,8,6,2,8
8,21,moe,784,32,2375,1288,1288,988,60,0,39,0,730,8,7,1,8
8,22,moe,784,30,2462,534,534,1599,277,0,52,0,604,8,6,2,8
8,23,moe,563,29,8,0,0,0,0,0,8,0,736,8,8,0,8
8,24,moe,800,31,1418,311,311,1010,60,0,37,0,724,8,7,1,8
8,25,moe,798,30,5079,1269,1269,3540,229,0,41,0,736,8,4,4,8
8,26,moe,567,29,7244,3740,3740,2668,811,0,25,0,730,8,5,3,8
8,-1,epi,0,0,0,0,0,0,0,0,5725,0,0,0,0,0,0
9,-2,pre,212,0,0,0,0,0,0,0,0,0,0,0,0,0,0
9,0,dense,1428,30,0,0,0,0,0,0,0,0,0,0,0,0,0
9,1,moe,815,35,6726,3658,3658,2658,373,0,37,0,740,8,5,3,8
9,2,moe,729,29,6695,3843,3843,2654,173,0,25,0,734,8,5,3,8
9,3,moe,557,28,4342,2429,2429,1776,112,0,25,0,733,8,6,2,8
9,4,moe,722,34,5907,3295,3295,2396,153,0,63,0,612,8,5,3,8
9,5,moe,791,30,8042,4287,4288,3040,680,0,34,0,622,8,4,4,8
9,6,moe,723,35,10,0,0,0,0,0,10,0,725,8,8,0,8
9,7,moe,562,28,7753,3432,3432,4149,144,1,27,0,607,8,5,3,8
9,8,moe,717,29,5016,2130,2131,2763,100,0,22,0,600,8,6,2,8
9,9,moe,790,34,5690,2692,2692,2769,174,0,55,0,725,8,5,3,8
9,10,moe,721,31,9,0,0,0,0,0,9,0,600,8,8,0,8
9,11,moe,561,35,2084,1148,1148,836,51,0,49,0,617,8,7,1,8
9,12,moe,722,31,1432,321,321,1016,59,0,36,0,739,8,7,1,8
9,13,moe,796,33,2055,1117,1117,849,51,0,38,0,617,8,7,1,8
9,14,moe,724,30,2014,1174,1174,773,52,0,15,0,615,8,7,1,8
9,15,moe,562,30,4173,652,653,3364,114,0,42,0,724,8,6,2,8
9,16,moe,731,29,6049,3494,3494,2357,145,0,53,0,601,8,5,3,8
9,17,moe,788,28,3190,1540,1540,1525,101,0,24,0,612,8,6,2,8
9,18,moe,731,33,4592,2569,2569,1868,115,0,40,0,727,8,6,2,8
9,19,moe,553,28,1174,265,265,825,49,0,35,0,610,8,7,1,8
9,20,moe,719,29,1080,252,252,760,51,0,17,0,613,8,7,1,8
9,21,moe,793,29,2650,631,632,1863,113,0,42,0,737,8,6,2,8
9,22,moe,807,33,5583,1342,1342,3920,251,0,70,0,622,8,3,5,8
9,23,moe,564,29,2060,299,299,1674,55,0,32,0,726,8,7,1,8
9,24,moe,817,33,2548,635,635,1774,117,0,22,0,743,8,6,2,8
9,25,moe,805,31,3812,950,950,2659,172,0,31,0,741,8,5,3,8
9,26,moe,570,31,5135,2486,2486,1781,849,0,19,0,827,8,6,2,8
9,-1,epi,0,0,0,0,0,0,0,0,5798,0,0,0,0,0,0
10,-2,pre,206,0,0,0,0,0,0,0,0,0,0,0,0,0,0
10,0,dense,1451,34,0,0,0,0,0,0,0,0,0,0,0,0,0
10,1,moe,819,34,17820,9812,9812,7223,730,0,55,0,779,8,0,8,8
10,2,moe,720,43,4281,2306,2306,1810,130,0,35,0,759,8,6,2,8
10,3,moe,602,36,11413,4697,4697,6458,223,0,35,0,744,8,4,4,8
10,4,moe,734,35,10232,4308,4308,5642,194,1,87,0,608,8,4,4,8
10,5,moe,787,35,3978,2322,2322,1522,99,0,35,0,613,8,6,2,8
10,6,moe,737,33,4469,2417,2417,1889,117,0,46,0,727,8,6,2,8
10,7,moe,551,32,5720,3160,3160,2354,152,0,54,0,609,8,5,3,8
10,8,moe,721,32,7543,3234,3234,4133,146,0,30,0,626,8,5,3,8
10,9,moe,790,31,10512,5377,5377,4560,509,0,66,0,728,8,3,5,8
10,10,moe,716,31,7790,4421,4421,3112,200,0,57,0,608,8,4,4,8
10,11,moe,550,31,12508,5330,5330,6893,245,0,40,0,602,8,3,5,8
10,12,moe,710,39,10808,3930,3930,6597,223,0,58,0,717,8,4,4,8
10,13,moe,783,31,7665,3229,3229,4232,147,0,57,0,595,8,5,3,8
10,14,moe,718,30,10041,4299,4299,5521,192,0,29,0,599,8,4,4,8
10,15,moe,545,34,18377,7325,7326,10572,398,1,80,0,715,8,1,7,8
10,16,moe,712,33,14602,5893,5893,8354,294,0,61,0,598,8,2,6,8
10,17,moe,779,31,10674,5740,5740,4584,298,0,52,0,599,8,2,6,8
10,18,moe,713,32,17188,7098,7098,9686,340,0,64,0,713,8,2,6,8
10,19,moe,546,30,10249,5242,5242,4635,297,0,75,0,600,8,2,6,8
10,20,moe,712,29,5461,1369,1369,3798,250,0,44,0,603,8,3,5,8
10,21,moe,794,33,10026,1524,1524,8149,283,0,70,0,713,8,3,5,8
10,22,moe,786,31,4488,1075,1075,3150,194,0,69,0,607,8,4,4,8
10,23,moe,552,29,5170,1186,1186,3691,234,0,59,0,747,8,4,4,8
10,24,moe,826,36,7694,1962,1962,5330,346,0,56,0,726,8,2,6,8
10,25,moe,793,35,7499,2747,2748,4420,285,0,46,0,721,8,3,5,8
10,26,moe,579,34,13581,6186,6186,4435,2927,0,33,0,725,8,3,5,8
10,-1,epi,0,0,0,0,0,0,0,0,5671,0,0,0,0,0,0
11,-2,pre,221,0,0,0,0,0,0,0,0,0,0,0,0,0,0
11,0,dense,1427,35,0,0,0,0,0,0,0,0,0,0,0,0,0
11,1,moe,818,36,3129,1254,1254,1606,250,0,19,0,730,8,7,1,8
11,2,moe,738,33,4366,2448,2448,1779,118,0,21,0,731,8,6,2,8
11,3,moe,551,31,4415,2494,2495,1776,118,0,26,0,729,8,6,2,8
11,4,moe,727,32,3982,2233,2233,1585,101,0,63,0,610,8,6,2,8
11,5,moe,793,35,3850,2200,2200,1525,101,0,24,0,611,8,6,2,8
11,6,moe,719,31,4390,2355,2355,1875,114,0,46,0,728,8,6,2,8
11,7,moe,559,30,3920,2174,2174,1602,97,0,47,0,608,8,6,2,8
11,8,moe,722,34,5840,3353,3353,2301,154,0,32,0,609,8,5,3,8
11,9,moe,786,31,5793,2795,2795,2776,173,0,49,0,729,8,5,3,8
11,10,moe,769,32,10284,7717,7717,2365,152,0,50,0,609,8,5,3,8
11,11,moe,549,35,5212,2336,2336,2750,98,0,28,0,600,8,6,2,8
11,12,moe,714,35,8699,4758,4758,3661,225,0,55,0,725,8,4,4,8
11,13,moe,783,38,4062,2317,2317,1595,100,0,50,0,603,8,6,2,8
11,14,moe,721,37,11546,6622,6622,4577,298,0,49,0,615,8,2,6,8
11,15,moe,552,35,8729,4768,4768,3669,227,0,65,0,725,8,4,4,8
11,16,moe,717,34,11683,6638,6639,4662,299,0,83,0,610,8,2,6,8
11,17,moe,791,34,7995,3893,3893,3817,243,0,42,0,603,8,3,5,8
11,18,moe,717,30,10045,5168,5169,4525,283,0,68,0,728,8,3,5,8
11,19,moe,547,30,6916,3551,3551,3109,197,0,59,0,598,8,4,4,8
11,20,moe,717,38,2940,1294,1294,1521,98,0,27,0,602,8,6,2,8
11,21,moe,787,30,6228,2278,2278,3660,229,0,61,0,725,8,4,4,8
11,22,moe,786,29,3381,823,823,2349,148,0,61,0,603,8,5,3,8
11,23,moe,556,30,2665,599,600,1901,118,0,46,0,726,8,6,2,8
11,24,moe,796,35,5062,1263,1263,3534,229,0,36,0,728,8,4,4,8
11,25,moe,796,35,6294,1543,1543,4422,285,0,44,0,729,8,3,5,8
11,26,moe,562,28,15125,7609,7610,5339,2130,0,46,0,727,8,2,6,8
11,-1,epi,0,0,0,0,0,0,0,0,5700,0,0,0,0,0,0
12,-2,pre,220,0,0,0,0,0,0,0,0,0,0,0,0,0,0
12,0,dense,1444,36,0,0,0,0,0,0,0,0,0,0,0,0,0
12,1,moe,816,33,8876,5066,5066,3546,229,0,35,0,738,8,4,4,8
12,2,moe,721,32,6595,3722,3722,2668,173,0,32,0,729,8,5,3,8
12,3,moe,565,29,4344,2424,2424,1777,115,0,28,0,727,8,6,2,8
12,4,moe,725,32,5934,3316,3316,2394,164,0,60,0,630,8,5,3,8
12,5,moe,806,34,5371,2675,2675,2315,344,0,37,0,675,8,5,3,8
12,6,moe,733,38,4490,2415,2415,1896,124,0,55,0,755,8,6,2,8
12,7,moe,556,30,2078,1137,1137,841,56,0,44,0,611,8,7,1,8
12,8,moe,727,33,3855,2208,2208,1524,100,0,23,0,615,8,6,2,8
12,9,moe,797,31,16712,5962,5962,8245,282,0,2223,0,724,8,3,5,8
12,10,moe,729,35,3232,1472,1472,1605,102,0,53,0,603,8,6,2,8
12,11,moe,559,32,8024,4561,4561,3061,367,0,35,0,620,8,4,4,8
12,12,moe,718,32,14583,6066,6066,8167,281,0,69,0,723,8,3,5,8
12,13,moe,783,33,9542,3676,3676,5610,196,0,60,0,607,8,4,4,8
12,14,moe,716,30,7583,3266,3266,4135,149,0,33,0,599,8,5,3,8
12,15,moe,542,28,8941,4974,4975,3687,229,0,50,0,723,8,4,4,8
12,16,moe,718,29,10706,5675,5675,4649,302,0,80,0,601,8,2,6,8
12,17,moe,780,31,8548,2800,2800,5522,194,0,32,0,607,8,4,4,8
12,18,moe,711,31,14414,5853,5853,8219,283,0,59,0,716,8,3,5,8
12,19,moe,545,33,7054,2612,2612,4240,147,0,55,0,596,8,5,3,8
12,20,moe,714,29,4155,1275,1275,2753,102,0,25,0,589,8,6,2,8
12,21,moe,783,33,6114,916,917,4975,171,0,51,0,717,8,5,3,8
12,22,moe,794,33,3365,787,787,2370,149,0,59,0,600,8,5,3,8
12,23,moe,556,28,9,0,0,0,0,0,9,0,730,8,8,0,8
12,24,moe,793,29,8105,1247,1247,6560,228,0,70,0,715,8,4,4,8
12,25,moe,793,31,2528,612,612,1772,122,0,22,0,741,8,6,2,8
12,26,moe,558,29,7962,2935,2935,4825,175,0,27,0,716,8,5,3,8
12,-1,epi,0,0,0,0,0,0,0,0,5714,0,0,0,0,0,0
13,-2,pre,218,0,0,0,0,0,0,0,0,0,0,0,0,0,0
13,0,dense,1432,32,0,0,0,0,0,0,0,0,0,0,0,0,0
13,1,moe,806,29,7247,3382,3382,3591,240,0,34,0,739,8,4,4,8
13,2,moe,736,31,2976,1289,1289,1610,60,0,17,0,726,8,7,1,8
13,3,moe,568,30,2901,1224,1224,1602,59,0,16,0,728,8,7,1,8
13,4,moe,728,29,9,0,1,0,0,0,8,0,615,8,8,0,8
13,5,moe,794,29,2753,1150,1151,1498,48,0,56,0,611,8,7,1,8
13,6,moe,730,33,3095,1238,1238,1760,57,0,40,0,724,8,7,1,8
13,7,moe,555,28,2903,1334,1334,1482,50,0,37,0,613,8,7,1,8
13,8,moe,717,29,2583,1132,1132,1383,51,0,17,0,605,8,7,1,8
13,9,moe,793,30,3109,1207,1207,1804,58,0,40,0,728,8,7,1,8
13,10,moe,725,33,2150,1195,1195,858,52,0,45,0,615,8,7,1,8
13,11,moe,553,28,3895,2247,2247,1524,102,0,22,0,612,8,6,2,8
13,12,moe,728,37,2661,627,627,1863,118,0,53,0,731,8,6,2,8
13,13,moe,797,31,2028,1112,1112,823,51,0,42,0,616,8,7,1,8
13,14,moe,723,30,3201,1550,1550,1526,100,0,25,0,617,8,6,2,8
13,15,moe,555,30,7880,2747,2747,4545,285,0,303,0,736,8,3,5,8
13,16,moe,723,34,10543,3231,3231,6982,246,0,84,0,612,8,3,5,8
13,17,moe,804,37,6062,1733,1733,4147,148,0,34,0,602,8,5,3,8
13,18,moe,721,31,10820,3955,3955,6579,223,0,63,0,726,8,4,4,8
13,19,moe,556,29,4445,1014,1015,3111,203,0,116,0,610,8,4,4,8
13,20,moe,728,31,2686,1241,1241,1375,49,0,21,0,605,8,7,1,8
13,21,moe,804,32,4139,602,602,3378,113,0,46,0,728,8,6,2,8
13,22,moe,788,34,2262,524,524,1587,101,0,50,0,608,8,6,2,8
13,23,moe,565,31,9,0,0,0,0,0,9,0,736,8,8,0,8
13,24,moe,801,35,5223,1246,1246,3676,231,1,69,0,731,8,4,4,8
13,25,moe,799,30,1282,317,317,886,59,0,20,0,732,8,7,1,8
13,26,moe,564,29,2677,587,587,1766,300,0,24,0,735,8,6,2,8
13,-1,epi,0,0,0,0,0,0,0,0,5810,0,0,0,0,0,0
14,-2,pre,221,0,0,0,0,0,0,0,0,0,0,0,0,0,0
14,0,dense,1448,32,0,0,0,0,0,0,0,0,0,0,0,0,0
14,1,moe,815,30,10114,1725,1726,8058,279,0,51,0,746,8,3,5,8
14,2,moe,729,29,9,0,0,0,0,0,9,0,733,8,8,0,8
14,3,moe,566,28,9,0,0,0,0,0,9,0,745,8,8,0,8
14,4,moe,733,28,8,0,0,0,0,0,8,0,624,8,8,0,8
14,5,moe,814,29,2776,1205,1205,1466,50,0,55,0,620,8,7,1,8
14,6,moe,734,30,2396,1301,1301,998,59,0,38,0,733,8,7,1,8
14,7,moe,610,32,6203,4629,4629,1491,50,0,33,0,601,8,7,1,8
14,8,moe,722,32,2706,1257,1257,1382,50,0,17,0,604,8,7,1,8
14,9,moe,811,35,9,0,0,0,0,0,9,0,728,8,8,0,8
14,10,moe,725,47,8,0,0,0,0,1,7,0,617,8,8,0,8
14,11,moe,575,33,2630,1178,1178,1385,49,0,18,0,618,8,7,1,8
14,12,moe,721,33,9186,2294,2294,6598,224,0,70,0,735,8,4,4,8
14,13,moe,809,34,4105,2363,2363,1590,100,0,52,0,615,8,6,2,8
14,14,moe,731,32,3928,2274,2274,1525,99,0,30,0,613,8,6,2,8
14,15,moe,553,33,13969,3872,3873,9676,342,0,78,0,715,8,2,6,8
14,16,moe,715,30,5433,2053,2053,3109,201,0,70,0,610,8,4,4,8
14,17,moe,795,30,6536,1564,1564,4613,306,0,53,0,616,8,2,6,8
14,18,moe,724,31,6971,3022,3022,3655,230,0,64,0,725,8,4,4,8
14,19,moe,558,33,6460,2259,2259,3879,250,0,72,0,610,8,3,5,8
14,20,moe,718,33,10,0,0,0,0,0,10,0,605,8,8,0,8
14,21,moe,797,36,3884,909,909,2739,172,0,64,0,727,8,5,3,8
14,22,moe,794,35,6910,1074,1074,5565,198,1,72,0,606,8,4,4,8
14,23,moe,565,27,2080,309,309,1671,57,0,43,0,726,8,7,1,8
14,24,moe,806,31,3791,925,926,2659,170,0,36,0,729,8,5,3,8
14,25,moe,798,29,1256,291,291,888,60,0,17,0,732,8,7,1,8
14,26,moe,567,45,5934,2846,2846,2669,382,0,37,0,737,8,5,3,8
14,-1,epi,0,0,0,0,0,0,0,0,5791,0,0,0,0,0,0
15,-2,pre,217,0,0,0,0,0,0,0,0,0,0,0,0,0,0
15,0,dense,1447,32,0,0,0,0,0,0,0,0,0,0,0,0,0
15,1,moe,811,32,8937,3212,3212,5327,340,0,58,0,747,8,2,6,8
15,2,moe,733,29,9,0,0,0,0,0,9,0,740,8,8,0,8
15,3,moe,585,32,10,0,0,0,0,0,10,0,743,8,8,0,8
15,4,moe,743,30,8,0,0,0,0,0,8,0,640,8,8,0,8
15,5,moe,807,30,9,0,0,0,0,0,9,0,638,8,8,0,8
15,6,moe,737,30,4997,1629,1629,3226,116,0,26,0,787,8,6,2,8
15,7,moe,584,32,2781,1164,1164,1507,56,0,54,0,671,8,7,1,8
15,8,moe,731,33,2589,1117,1117,1396,57,0,19,0,677,8,7,1,8
15,9,moe,805,33,2330,1244,1244,980,63,0,43,0,810,8,7,1,8
15,10,moe,740,32,9,0,0,0,0,0,9,0,628,8,8,0,8
15,11,moe,567,28,7597,3176,3176,4207,148,0,66,0,627,8,5,3,8
15,12,moe,730,33,3585,1528,1528,1885,118,0,54,0,745,8,6,2,8
15,13,moe,800,33,2030,1083,1083,841,51,0,55,0,626,8,7,1,8
15,14,moe,731,35,1969,1123,1123,772,52,0,22,0,627,8,7,1,8
15,15,moe,568,30,7164,3151,3151,3684,236,0,93,0,745,8,4,4,8
15,16,moe,731,31,3398,805,805,2369,158,0,66,0,630,8,5,3,8
15,17,moe,828,34,10311,5193,5193,4592,471,0,55,0,623,8,2,6,8
15,18,moe,724,34,10249,4365,4368,5454,341,0,86,0,742,8,2,6,8
15,19,moe,559,29,5048,2433,2434,2401,154,0,59,0,623,8,5,3,8
15,20,moe,725,30,7704,4391,4392,3072,199,0,41,0,617,8,4,4,8
15,21,moe,790,31,3030,951,951,1902,117,0,60,0,740,8,6,2,8
15,22,moe,801,30,4475,1075,1075,3130,201,0,69,0,632,8,4,4,8
15,23,moe,566,28,4322,596,596,3544,127,0,55,0,763,8,6,2,8
15,24,moe,774,32,5114,1273,1273,3560,233,0,48,0,752,8,4,4,8
15,25,moe,822,31,1284,320,320,887,59,1,17,0,737,8,7,1,8
15,26,moe,577,32,11760,4887,4887,6427,411,1,34,0,722,8,4,4,8
15,-1,epi,0,0,0,0,0,0,0,0,5770,0,0,0,0,0,0
16,-2,pre,208,0,0,0,0,0,0,0,0,0,0,0,0,0,0
16,0,dense,1445,32,0,0,0,0,0,0,0,0,0,0,0,0,0
16,1,moe,813,32,13560,5161,5161,8076,281,0,42,0,725,8,3,5,8
16,2,moe,720,29,7843,4033,4033,3545,228,1,36,0,738,8,4,4,8
16,3,moe,573,30,7951,4123,4123,3556,228,0,44,0,732,8,4,4,8
16,4,moe,725,33,10290,4408,4408,5610,194,0,78,0,604,8,4,4,8
16,5,moe,797,31,12701,5515,5516,6897,243,0,45,0,621,8,3,5,8
16,6,moe,716,32,6729,3530,3530,2771,370,0,58,0,726,8,5,3,8
16,7,moe,552,28,4098,2350,2350,1596,100,0,52,0,612,8,6,2,8
16,8,moe,726,29,3979,2333,2333,1522,99,0,25,0,605,8,6,2,8
16,9,moe,786,35,6554,3534,3534,2793,169,0,58,0,736,8,5,3,8
16,10,moe,717,29,8,0,0,0,0,0,8,0,604,8,8,0,8
16,11,moe,565,28,8631,4448,4448,3863,247,0,73,0,609,8,3,5,8
16,12,moe,720,30,5727,2724,2724,2774,170,3,56,0,731,8,5,3,8
16,13,moe,790,29,2093,1170,1170,831,51,0,41,0,602,8,7,1,8
16,14,moe,730,36,6816,3518,3519,3052,198,0,47,0,614,8,4,4,8
16,15,moe,554,29,7086,3139,3140,3656,226,1,63,0,734,8,4,4,8
16,16,moe,724,34,8771,4560,4560,3888,246,0,77,0,614,8,3,5,8
16,17,moe,785,31,5690,3216,3216,2293,148,0,33,0,607,8,5,3,8
16,18,moe,723,33,8236,4286,4287,3652,231,0,66,0,728,8,4,4,8
16,19,moe,552,28,2019,1095,1095,830,51,0,43,0,616,8,7,1,8
16,20,moe,724,33,1705,266,266,1374,50,0,15,0,610,8,7,1,8
16,21,moe,784,30,2770,909,909,1769,56,0,36,0,720,8,7,1,8
16,22,moe,792,31,1190,262,263,837,49,0,41,0,617,8,7,1,8
16,23,moe,572,28,1366,290,290,982,58,0,36,0,729,8,7,1,8
16,24,moe,800,29,2531,621,621,1768,117,0,25,0,747,8,6,2,8
16,25,moe,798,29,2523,618,618,1767,112,0,26,0,737,8,6,2,8
16,26,moe,578,29,8,0,0,0,0,0,8,0,747,8,8,0,8
16,-1,epi,0,0,0,0,0,0,0,0,5878,0,0,0,0,0,0
17,-2,pre,37,0,0,0,0,0,0,0,0,0,0,0,0,0,0
17,0,dense,1494,32,0,0,0,0,0,0,0,0,0,0,0,0,0
17,1,moe,822,32,2289,1326,1326,884,59,0,20,0,749,8,7,1,8
17,2,moe,742,29,2440,1474,1474,886,59,0,21,0,746,8,7,1,8
17,3,moe,579,31,3414,1491,1491,1783,116,0,24,0,746,8,6,2,8
17,4,moe,734,250,9109,6538,6538,2353,149,0,69,0,614,8,5,3,8
17,5,moe,802,33,9,0,0,0,0,0,9,0,614,8,8,0,8
17,6,moe,727,32,2328,1237,1237,986,60,0,45,0,736,8,7,1,8
17,7,moe,568,33,2280,543,543,1588,100,0,49,0,622,8,6,2,8
17,8,moe,733,33,3916,2252,2252,1534,101,0,29,0,624,8,6,2,8
17,9,moe,797,37,9,0,0,0,0,0,9,0,743,8,8,0,8
17,10,moe,740,33,3812,2156,2156,1525,101,0,30,0,631,8,6,2,8
17,11,moe,564,30,5165,2682,2682,2294,151,0,38,0,622,8,5,3,8
17,12,moe,726,42,6794,3775,3775,2790,168,0,61,0,732,8,5,3,8
17,13,moe,793,30,3389,1618,1619,1616,98,0,56,0,622,8,6,2,8
17,14,moe,726,30,9,0,0,0,0,1,8,0,615,8,8,0,8
17,15,moe,562,28,4484,2441,2441,1875,113,0,55,0,735,8,6,2,8
17,16,moe,733,28,4024,2263,2263,1608,98,0,55,0,619,8,6,2,8
17,17,moe,797,29,1122,281,281,774,50,0,17,0,622,8,7,1,8
17,18,moe,722,29,4572,2536,2536,1869,115,0,52,0,742,8,6,2,8
17,19,moe,563,28,2780,1190,1190,1496,49,0,45,0,607,8,7,1,8
17,20,moe,726,35,2627,1167,1167,1385,50,0,25,0,623,8,7,1,8
17,21,moe,797,28,5117,1565,1566,3384,116,0,51,0,739,8,6,2,8
17,22,moe,793,32,9,0,0,0,0,0,9,0,614,8,8,0,8
17,23,moe,574,31,1273,305,305,889,59,0,20,0,743,8,7,1,8
17,24,moe,798,31,2568,642,642,1772,125,0,29,0,748,8,6,2,8
17,25,moe,808,31,3779,928,928,2647,170,0,34,0,745,8,5,3,8
17,26,moe,570,27,9,0,0,0,0,0,9,0,739,8,8,0,8
17,-1,epi,0,0,0,0,0,0,0,0,5947,0,0,0,0,0,0
18,-2,pre,224,0,0,0,0,0,0,0,0,0,0,0,0,0,0
18,0,dense,1469,33,0,0,0,0,0,0,0,0,0,0,0,0,0
18,1,moe,827,33,6614,3750,3750,2659,173,0,32,0,749,8,5,3,8
18,2,moe,745,29,4488,2566,2566,1773,119,0,30,0,738,8,6,2,8
18,3,moe,575,28,9788,5024,5025,4431,286,1,45,0,749,8,3,5,8
18,4,moe,731,28,5863,3290,3290,2348,153,0,72,0,638,8,5,3,8
18,5,moe,806,29,3981,2305,2305,1549,100,0,27,0,619,8,6,2,8
18,6,moe,733,28,5689,2714,2715,2749,168,0,57,0,743,8,5,3,8
18,7,moe,564,28,3969,2229,2229,1591,99,0,50,0,610,8,6,2,8
18,8,moe,722,29,3819,2162,2162,1529,98,0,30,0,618,8,6,2,8
18,9,moe,804,36,6077,2484,2484,3428,113,0,52,0,739,8,6,2,8
18,10,moe,724,28,5867,3220,3220,2415,167,0,65,0,622,8,5,3,8
18,11,moe,591,28,7772,4418,4419,3098,209,0,46,0,658,8,4,4,8
18,12,moe,743,39,4438,2353,2353,1900,130,0,55,0,740,8,6,2,8
18,13,moe,802,32,2773,1220,1220,1448,52,1,52,0,631,8,7,1,8
18,14,moe,728,32,7652,4342,4342,3067,201,0,42,0,641,8,4,4,8
18,15,moe,565,33,17578,6624,6624,10472,394,0,88,0,742,8,1,7,8
18,16,moe,730,32,7926,4520,4520,3134,204,0,68,0,610,8,4,4,8
18,17,moe,791,31,9675,5557,5559,3809,246,0,61,0,616,8,3,5,8
18,18,moe,727,35,10806,5905,5905,4540,286,0,75,0,740,8,3,5,8
18,19,moe,556,29,8873,4659,4659,3879,252,0,83,0,617,8,3,5,8
18,20,moe,726,33,7696,4387,4388,3069,199,0,40,0,615,8,4,4,8
18,21,moe,792,30,8836,4863,4863,3670,231,1,71,0,729,8,4,4,8
18,22,moe,793,29,6122,1907,1907,3886,243,0,86,0,610,8,3,5,8
18,23,moe,560,28,5163,1211,1211,3656,223,0,73,0,730,8,4,4,8
18,24,moe,810,36,11953,1862,1864,9695,340,0,54,0,750,8,2,6,8
18,25,moe,790,30,7611,1883,1883,5323,346,0,59,0,742,8,2,6,8
18,26,moe,563,31,17848,9814,9814,7137,838,0,59,0,735,8,0,8,8
18,-1,epi,0,0,0,0,0,0,0,0,5718,0,0,0,0,0,0
19,-2,pre,294,0,0,0,0,0,0,0,0,0,0,0,0,0,0
19,0,dense,1442,32,0,0,0,0,0,0,0,0,0,0,0,0,0
19,1,moe,810,32,10943,6152,6152,4453,289,0,49,0,739,8,3,5,8
19,2,moe,729,29,4304,2380,2380,1776,117,0,31,0,738,8,6,2,8
19,3,moe,565,28,5763,2402,2402,3221,114,0,26,0,724,8,6,2,8
19,4,moe,729,30,2736,1170,1170,1466,50,0,50,0,625,8,7,1,8
19,5,moe,796,31,3950,2302,2302,1522,100,0,26,0,613,8,6,2,8
19,6,moe,722,34,1357,258,258,998,57,0,44,0,728,8,7,1,8
19,7,moe,563,28,2018,1098,1098,827,50,0,43,0,675,8,7,1,8
19,8,moe,734,31,5781,3308,3309,2289,147,1,35,0,615,8,5,3,8
19,9,moe,791,33,3130,1278,1278,1749,57,0,46,0,731,8,7,1,8
19,10,moe,720,57,6863,2386,2387,4251,145,0,80,0,614,8,5,3,8
19,11,moe,552,30,6751,3458,3458,3053,197,0,43,0,615,8,4,4,8
19,12,moe,723,32,7976,2717,2718,5029,170,0,59,0,724,8,5,3,8
19,13,moe,783,31,1846,268,268,1485,49,0,44,0,611,8,7,1,8
19,14,moe,720,28,3190,1539,1539,1524,100,0,27,0,613,8,6,2,8
19,15,moe,557,29,4458,2431,2431,1870,111,0,46,0,729,8,6,2,8
19,16,moe,727,33,5137,2564,2565,2358,146,0,68,0,614,8,5,3,8
19,17,moe,790,30,3870,2209,2209,1537,100,0,24,0,618,8,6,2,8
19,18,moe,765,46,4533,2463,2463,1901,114,0,55,0,729,8,6,2,8
19,19,moe,561,27,8,0,0,0,0,1,7,0,619,8,8,0,8
19,20,moe,726,29,1230,275,275,853,50,0,52,0,620,8,7,1,8
19,21,moe,791,29,6633,3644,3644,2758,169,0,62,0,733,8,5,3,8
19,22,moe,795,29,1792,870,870,830,50,0,42,0,615,8,7,1,8
19,23,moe,559,28,1405,309,309,1007,58,0,31,0,734,8,7,1,8
19,24,moe,797,30,8,0,0,0,0,0,8,0,737,8,8,0,8
19,25,moe,798,28,3794,928,928,2659,173,0,34,0,741,8,5,3,8
19,26,moe,567,30,2414,1447,1448,887,60,1,18,0,736,8,7,1,8
19,-1,epi,0,0,0,0,0,0,0,0,5888,0,0,0,0,0,0
20,-2,pre,187,0,0,0,0,0,0,0,0,0,0,0,0,0,0
20,0,dense,1463,31,0,0,0,0,0,0,0,0,0,0,0,0,0
20,1,moe,819,247,7310,3910,3910,3246,116,0,38,0,737,8,6,2,8
20,2,moe,724,34,6655,3765,3767,2675,177,0,36,0,740,8,5,3,8
20,3,moe,571,33,4285,2363,2363,1779,119,0,24,0,741,8,6,2,8
20,4,moe,727,34,2115,1149,1149,856,51,1,58,0,618,8,7,1,8
20,5,moe,806,41,7670,4340,4340,3088,196,0,46,0,617,8,4,4,8
20,6,moe,724,33,2328,1216,1216,1008,57,0,47,0,733,8,7,1,8
20,7,moe,567,32,3879,2141,2141,1584,98,0,56,0,622,8,6,2,8
20,8,moe,724,36,2018,1180,1180,769,51,0,18,0,616,8,7,1,8
20,9,moe,797,33,6711,3685,3685,2800,173,0,53,0,734,8,5,3,8
20,10,moe,727,28,2130,1187,1188,849,49,0,44,0,621,8,7,1,8
20,11,moe,569,30,9,0,0,0,0,0,9,0,616,8,8,0,8
20,12,moe,736,29,2261,1161,1161,999,57,0,44,0,736,8,7,1,8
20,13,moe,795,27,2085,1148,1148,847,50,0,40,0,625,8,7,1,8
20,14,moe,733,27,2620,1159,1159,1393,50,0,18,0,617,8,7,1,8
20,15,moe,561,28,3535,1495,1495,1875,119,0,46,0,736,8,6,2,8
20,16,moe,725,30,4017,2267,2268,1594,98,0,57,0,617,8,6,2,8
20,17,moe,793,30,5680,3200,3200,2299,147,0,34,0,619,8,5,3,8
20,18,moe,731,33,5739,2692,2692,2815,169,0,63,0,737,8,5,3,8
20,19,moe,567,31,5128,2526,2527,2385,150,0,66,0,622,8,5,3,8
20,20,moe,730,30,3110,1456,1457,1528,97,0,28,0,623,8,6,2,8
20,21,moe,798,32,6621,3563,3564,2826,169,2,60,0,734,8,5,3,8
20,22,moe,797,33,5121,2490,2490,2412,147,0,72,0,623,8,5,3,8
20,23,moe,567,28,4123,610,610,3353,115,0,45,0,722,8,6,2,8
20,24,moe,804,30,5080,1225,1225,3583,234,0,38,0,738,8,4,4,8
20,25,moe,803,34,2593,637,637,1799,127,0,30,0,735,8,6,2,8
20,26,moe,567,29,2234,1253,1253,898,64,0,19,0,734,8,7,1,8
20,-1,epi,0,0,0,0,0,0,0,0,5860,0,0,0,0,0,0
21,-2,pre,217,0,0,0,0,0,0,0,0,0,0,0,0,0,0
21,0,dense,1460,32,0,0,0,0,0,0,0,0,0,0,0,0,0
21,1,moe,817,30,10695,4860,4861,5421,356,0,57,0,755,8,2,6,8
21,2,moe,733,31,6720,3831,3831,2684,173,0,32,0,731,8,5,3,8
21,3,moe,566,32,9727,4917,4917,4477,287,0,46,0,740,8,3,5,8
21,4,moe,726,29,6143,1608,1609,4317,144,0,73,0,605,8,5,3,8
21,5,moe,802,31,3012,1349,1350,1537,99,0,26,0,620,8,6,2,8
21,6,moe,729,28,7886,3825,3825,3727,252,0,82,0,787,8,4,4,8
21,7,moe,590,34,6271,2803,2804,3167,214,0,86,0,663,8,4,4,8
21,8,moe,719,37,4471,1546,1547,2791,102,0,31,0,624,8,6,2,8
21,9,moe,801,33,2357,1240,1240,1005,62,0,50,0,741,8,7,1,8
21,10,moe,730,32,6367,2896,2897,3184,207,0,79,0,624,8,4,4,8
21,11,moe,569,29,5822,3308,3308,2324,151,0,39,0,624,8,5,3,8
21,12,moe,734,32,5887,2836,2836,2812,172,0,67,0,734,8,5,3,8
21,13,moe,798,31,5131,2512,2512,2406,147,0,66,0,619,8,5,3,8
21,14,moe,726,32,7121,3787,3787,3100,197,0,37,0,615,8,4,4,8
21,15,moe,562,28,7954,3941,3941,3708,228,0,77,0,734,8,4,4,8
21,16,moe,727,35,7865,4387,4387,3208,196,0,74,0,620,8,4,4,8
21,17,moe,800,32,5051,2539,2539,2330,149,0,33,0,615,8,5,3,8
21,18,moe,732,29,7876,3861,3861,3721,225,0,69,0,738,8,4,4,8
21,19,moe,561,32,9880,5603,5604,3953,245,0,78,0,613,8,3,5,8
21,20,moe,724,35,8882,4690,4690,3891,250,0,51,0,617,8,3,5,8
21,21,moe,794,33,8831,4793,4793,3744,226,0,68,0,727,8,4,4,8
21,22,moe,796,34,9813,3766,3766,5773,198,0,76,0,605,8,4,4,8
21,23,moe,562,33,4869,1225,1225,3479,115,0,50,0,717,8,6,2,8
21,24,moe,815,35,5135,1236,1236,3618,225,0,56,0,728,8,4,4,8
21,25,moe,796,40,5137,1240,1240,3615,234,0,48,0,729,8,4,4,8
21,26,moe,572,34,5881,2754,2754,2710,384,0,33,0,737,8,5,3,8
21,-1,epi,0,0,0,0,0,0,0,0,5784,0,0,0,0,0,0
22,-2,pre,200,0,0,0,0,0,0,0,0,0,0,0,0,0,0
22,0,dense,1444,33,0,0,0,0,0,0,0,0,0,0,0,0,0
22,1,moe,818,32,8827,3701,3701,4914,176,0,36,0,735,8,5,3,8
22,2,moe,729,31,3624,1637,1638,1841,117,0,28,0,697,8,6,2,8
22,3,moe,540,33,10104,3151,3151,6662,239,0,52,0,726,8,4,4,8
22,4,moe,721,31,7071,3603,3603,3185,200,0,83,0,610,8,4,4,8
22,5,moe,787,30,4983,2468,2468,2324,149,0,42,0,610,8,5,3,8
22,6,moe,722,30,8036,4022,4023,3717,227,0,69,0,728,8,4,4,8
22,7,moe,560,31,9,0,0,0,0,0,9,0,610,8,8,0,8
22,8,moe,720,29,7917,4405,4405,3240,196,0,76,0,583,8,4,4,8
22,9,moe,772,36,11830,4709,4709,6824,230,0,67,0,701,8,4,4,8
22,10,moe,695,30,7963,4501,4501,3199,197,0,66,0,606,8,4,4,8
22,11,moe,562,29,1117,274,274,779,49,0,15,0,606,8,7,1,8
22,12,moe,732,33,6749,3714,3714,2813,172,0,50,0,728,8,5,3,8
22,13,moe,786,30,5209,2606,2607,2390,149,0,63,0,611,8,5,3,8
22,14,moe,725,34,5001,2069,2069,2810,101,0,21,0,610,8,6,2,8
22,15,moe,563,30,2454,1311,1311,1044,59,0,40,0,695,8,7,1,8
22,16,moe,701,30,4410,1741,1741,2454,151,3,61,0,583,8,5,3,8
22,17,moe,777,30,5905,3363,3363,2363,149,0,30,0,585,8,5,3,8
22,18,moe,710,31,4296,2139,2139,1984,123,0,50,0,695,8,6,2,8
22,19,moe,535,29,7971,3368,3368,4386,159,0,58,0,590,8,5,3,8
22,20,moe,703,33,8,0,0,0,0,0,8,0,575,8,8,0,8
22,21,moe,779,31,5150,1494,1494,3483,120,0,53,0,694,8,6,2,8
22,22,moe,771,29,4053,2255,2256,1644,103,0,50,0,583,8,6,2,8
22,23,moe,558,30,8,0,0,0,0,0,8,0,691,8,8,0,8
22,24,moe,776,29,6319,943,943,5136,181,0,59,0,698,8,5,3,8
22,25,moe,773,28,9,0,0,0,0,0,9,0,687,8,8,0,8
22,26,moe,553,32,9,0,0,0,0,0,9,0,702,8,8,0,8
22,-1,epi,0,0,0,0,0,0,0,0,5537,0,0,0,0,0,0
23,-2,pre,2082,0,0,0,0,0,0,0,0,0,0,0,0,0,0
23,0,dense,1377,39,0,0,0,0,0,0,0,0,0,0,0,0,0
23,1,moe,788,34,12686,7568,7569,4770,306,0,41,0,652,8,3,5,8
23,2,moe,671,40,6063,2446,2446,3467,125,0,25,0,654,8,6,2,8
23,3,moe,605,35,6808,3718,3718,2875,186,0,29,0,650,8,5,3,8
23,4,moe,697,35,1208,258,258,852,51,0,47,0,594,8,7,1,8
23,5,moe,765,36,8134,3894,3894,3941,248,0,51,0,594,8,3,5,8
23,6,moe,702,34,2334,1158,1158,1075,62,0,39,0,653,8,7,1,8
23,7,moe,611,29,5993,3238,3238,2540,155,0,60,0,566,8,5,3,8
23,8,moe,680,34,7035,3627,3627,3167,202,0,39,0,585,8,4,4,8
23,9,moe,768,31,4483,2366,2366,1956,117,0,44,0,692,8,6,2,8
23,10,moe,700,30,7405,3764,3764,3364,208,0,69,0,562,8,4,4,8
23,11,moe,597,33,7114,3597,3598,3274,208,0,34,0,562,8,4,4,8
23,12,moe,660,30,6956,3829,3829,2883,179,0,65,0,698,8,5,3,8
23,13,moe,762,30,5959,3274,3274,2469,151,0,65,0,577,8,5,3,8
23,14,moe,700,30,4969,2419,2419,2365,149,0,36,0,577,8,5,3,8
23,15,moe,628,30,7909,3846,3846,3766,229,0,68,0,698,8,4,4,8
23,16,moe,701,30,9442,4256,4256,4807,296,1,82,0,587,8,2,6,8
23,17,moe,771,31,3202,1434,1434,1637,103,3,25,0,560,8,6,2,8
23,18,moe,675,32,8270,4053,4053,3918,237,0,62,0,651,8,4,4,8
23,19,moe,611,32,3374,1549,1549,1654,105,0,66,0,587,8,6,2,8
23,20,moe,700,29,2638,1144,1144,1426,51,0,17,0,580,8,7,1,8
23,21,moe,780,30,10347,3001,3001,7043,236,0,67,0,652,8,4,4,8
23,22,moe,717,31,6148,3349,3349,2565,163,0,71,0,601,8,5,3,8
23,23,moe,619,30,6307,3207,3207,2846,185,0,69,0,784,8,5,3,8
23,24,moe,789,40,6687,1598,1598,4712,322,0,55,0,686,8,3,5,8
23,25,moe,716,36,6817,1665,1665,4795,307,0,50,0,659,8,3,5,8
23,26,moe,607,33,8051,3942,3942,3823,247,0,39,0,657,8,4,4,8
23,-1,epi,0,0,0,0,0,0,0,0,4473,0,0,0,0,0,0
24,-2,pre,211,0,0,0,0,0,0,0,0,0,0,0,0,0,0
24,0,dense,1266,37,0,0,0,0,0,0,0,0,0,0,0,0,0
24,1,moe,731,33,10435,5299,5299,4785,308,0,43,0,653,8,3,5,8
24,2,moe,677,33,11158,6032,6033,4775,308,0,42,0,654,8,3,5,8
24,3,moe,600,36,5201,1598,1598,3458,119,0,26,0,653,8,6,2,8
24,4,moe,681,33,8207,4563,4563,3353,206,0,85,0,567,8,4,4,8
24,5,moe,730,33,6828,2420,2420,4105,258,0,45,0,566,8,3,5,8
24,6,moe,678,32,9201,2913,2913,5844,365,0,79,0,659,8,2,6,8
24,7,moe,599,32,8461,2147,2148,6042,208,0,63,0,572,8,4,4,8
24,8,moe,686,33,13251,2977,2977,9860,361,0,53,0,582,8,1,7,8
24,9,moe,759,34,12457,5419,5419,6540,414,0,84,0,708,8,1,7,8
24,10,moe,701,32,4547,1883,1883,2445,155,0,64,0,582,8,5,3,8
24,11,moe,631,33,9408,4334,4334,4726,298,0,50,0,582,8,2,6,8
24,12,moe,703,34,13241,7186,7186,5638,344,0,73,0,696,8,2,6,8
24,13,moe,757,31,7917,2701,2701,4822,310,0,84,0,579,8,2,6,8
24,14,moe,706,29,10108,5007,5007,4743,306,0,52,0,594,8,2,6,8
24,15,moe,622,30,13057,5996,5996,6558,414,0,89,0,706,8,1,7,8
24,16,moe,698,31,11916,5009,5009,6395,411,0,101,0,586,8,0,8,8
24,17,moe,762,33,5538,2142,2142,3152,202,0,42,0,582,8,4,4,8
24,18,moe,711,33,14572,5700,5700,8529,286,0,57,0,695,8,3,5,8
24,19,moe,621,30,6896,3409,3409,3223,200,0,64,0,588,8,4,4,8
24,20,moe,699,36,9287,4188,4188,4732,310,0,57,0,579,8,2,6,8
24,21,moe,761,32,8478,3369,3369,4735,298,0,76,0,698,8,3,5,8
24,22,moe,768,34,9437,5081,5081,4030,258,0,68,0,588,8,3,5,8
24,23,moe,622,30,12909,4069,4072,8479,290,0,68,0,697,8,3,5,8
24,24,moe,759,31,6748,2820,2820,3659,234,0,35,0,702,8,4,4,8
24,25,moe,766,32,2597,628,628,1829,116,0,24,0,727,8,6,2,8
24,26,moe,621,29,14383,7517,7517,6412,397,0,57,0,696,8,1,7,8
24,-1,epi,0,0,0,0,0,0,0,0,5356,0,0,0,0,0,0
25,-2,pre,204,0,0,0,0,0,0,0,0,0,0,0,0,0,0
25,0,dense,1258,34,0,0,0,0,0,0,0,0,0,0,0,0,0
25,1,moe,724,30,9,0,0,0,0,0,9,0,650,8,8,0,8
25,2,moe,668,30,2127,319,319,1728,60,0,20,0,653,8,7,1,8
25,3,moe,596,44,7054,3977,3977,2870,178,0,29,0,653,8,5,3,8
25,4,moe,672,32,2168,1140,1140,916,54,0,58,0,560,8,7,1,8
25,5,moe,719,32,10,0,0,0,0,0,10,0,557,8,8,0,8
25,6,moe,679,36,2388,1216,1216,1062,62,0,48,0,650,8,7,1,8
25,7,moe,598,30,2095,1122,1122,876,54,0,43,0,561,8,7,1,8
25,8,moe,671,32,3178,1401,1401,1640,110,0,27,0,563,8,6,2,8
25,9,moe,717,33,1513,340,340,1056,66,0,51,0,648,8,7,1,8
25,10,moe,675,31,6064,3284,3284,2557,159,0,64,0,569,8,5,3,8
25,11,moe,586,34,9,0,0,0,0,0,9,0,555,8,8,0,8
25,12,moe,670,30,10,0,0,0,0,0,10,0,642,8,8,0,8
25,13,moe,716,31,2079,1179,1179,824,54,3,19,0,568,8,7,1,8
25,14,moe,667,31,3238,1471,1471,1637,104,0,26,0,565,8,6,2,8
25,15,moe,620,31,5149,1923,1923,2986,180,0,60,0,646,8,5,3,8
25,16,moe,669,31,3467,1598,1598,1702,108,0,59,0,562,8,6,2,8
25,17,moe,732,37,5872,3233,3233,2454,156,0,29,0,566,8,5,3,8
25,18,moe,679,34,4583,2376,2376,2031,119,0,57,0,650,8,6,2,8
25,19,moe,581,30,4931,2180,2180,2536,156,0,59,0,573,8,5,3,8
25,20,moe,680,31,1993,1103,1103,816,54,0,20,0,558,8,7,1,8
25,21,moe,719,31,6895,3686,3686,2966,182,0,61,0,649,8,5,3,8
25,22,moe,710,31,2081,1090,1090,894,53,0,44,0,558,8,7,1,8
25,23,moe,599,30,2390,1236,1236,1052,61,0,41,0,653,8,7,1,8
25,24,moe,719,31,3266,1223,1223,1898,122,0,23,0,650,8,6,2,8
25,25,moe,714,31,1355,325,325,950,60,0,20,0,648,8,7,1,8
25,26,moe,592,31,1351,322,322,952,61,0,16,0,650,8,7,1,8
25,-1,epi,0,0,0,0,0,0,0,0,4475,0,0,0,0,0,0
26,-2,pre,1150,0,0,0,0,0,0,0,0,0,0,0,0,0,0
26,0,dense,1233,39,0,0,0,0,0,0,0,0,0,0,0,0,0
26,1,moe,727,41,4023,942,942,2862,186,0,33,0,657,8,5,3,8
26,2,moe,663,44,7214,4016,4017,2971,194,0,32,0,621,8,5,3,8
26,3,moe,591,35,2789,657,657,1976,131,0,25,0,629,8,6,2,8
26,4,moe,646,36,2301,1255,1255,931,55,0,60,0,559,8,7,1,8
26,5,moe,680,36,9,0,0,0,0,0,9,0,555,8,8,0,8
26,6,moe,657,36,2511,1295,1295,1102,65,0,49,0,626,8,7,1,8
26,7,moe,584,34,9,0,0,0,0,0,9,0,552,8,8,0,8
26,8,moe,660,35,2187,1153,1153,925,55,0,54,0,563,8,7,1,8
26,9,moe,688,46,10,0,0,0,0,0,10,0,614,8,8,0,8
26,10,moe,646,36,4238,2403,2403,1698,108,1,28,0,560,8,6,2,8
26,11,moe,587,40,3287,1442,1442,1703,112,0,30,0,560,8,6,2,8
26,12,moe,650,36,2500,1272,1272,1109,67,0,52,0,623,8,7,1,8
26,13,moe,675,36,4333,2397,2397,1767,109,0,60,0,564,8,6,2,8
26,14,moe,645,37,5427,2682,2682,2549,159,0,37,0,555,8,5,3,8
26,15,moe,591,39,6192,2859,2859,3075,196,0,62,0,638,8,5,3,8
26,16,moe,647,36,3751,845,845,2653,186,0,67,0,673,8,5,3,8
26,17,moe,704,42,2062,1129,1129,852,61,0,20,0,652,8,7,1,8
26,18,moe,662,44,5251,1902,1902,3071,199,0,79,0,732,8,5,3,8
26,19,moe,654,38,6546,2760,2760,3486,219,0,81,0,566,8,4,4,8
26,20,moe,671,38,3321,1493,1493,1692,110,0,26,0,554,8,6,2,8
26,21,moe,688,39,3905,1632,1632,2076,131,0,66,0,629,8,6,2,8
26,22,moe,716,39,4584,1722,1723,2622,163,0,76,0,554,8,5,3,8
26,23,moe,601,37,8,0,0,0,0,0,8,0,616,8,8,0,8
26,24,moe,691,37,8311,2823,2823,5074,320,0,94,0,633,8,3,5,8
26,25,moe,686,37,1391,317,317,988,67,0,19,0,635,8,7,1,8
26,26,moe,588,35,8430,2809,2810,5395,187,0,38,0,636,8,5,3,8
26,-1,epi,0,0,0,0,0,0,0,0,3822,0,0,0,0,0,0
27,-2,pre,222,0,0,0,0,0,0,0,0,0,0,0,0,0,0
27,0,dense,1174,44,0,0,0,0,0,0,0,0,0,0,0,0,0
27,1,moe,688,38,10560,5217,5218,4977,321,0,44,0,630,8,3,5,8
27,2,moe,660,35,11478,4008,4008,7181,251,0,38,0,631,8,4,4,8
27,3,moe,599,41,14216,6764,6764,6939,457,0,56,0,628,8,1,7,8
27,4,moe,659,36,6578,2816,2816,3470,213,0,79,0,557,8,4,4,8
27,5,moe,679,37,7487,3837,3837,3389,216,0,45,0,560,8,4,4,8
27,6,moe,650,38,4641,2381,2381,2075,124,0,61,0,634,8,6,2,8
27,7,moe,599,35,4231,2282,2282,1781,110,0,58,0,561,8,6,2,8
27,8,moe,673,39,2084,1161,1161,850,54,0,19,0,554,8,7,1,8
27,9,moe,690,36,6967,3655,3655,3064,188,0,60,0,634,8,5,3,8
27,10,moe,672,38,7308,3684,3685,3344,208,0,71,0,566,8,4,4,8
27,11,moe,593,40,7138,3618,3619,3272,207,0,40,0,557,8,4,4,8
27,12,moe,676,42,3796,1591,1591,2020,126,0,59,0,652,8,6,2,8
27,13,moe,720,35,7398,3766,3766,3349,216,0,67,0,565,8,4,4,8
27,14,moe,682,38,9087,4687,4687,4096,257,0,47,0,566,8,3,5,8
27,15,moe,584,34,14862,6562,6562,7727,474,0,99,0,647,8,0,8,8
27,16,moe,666,35,11745,3885,3886,7530,260,0,69,0,564,8,3,5,8
27,17,moe,722,37,4383,1740,1740,2454,156,0,33,0,564,8,5,3,8
27,18,moe,677,40,13249,5960,5960,6781,423,0,85,0,648,8,1,7,8
27,19,moe,601,40,9302,4804,4804,4166,258,0,74,0,568,8,3,5,8
27,20,moe,666,37,5543,2021,2021,3271,206,0,45,0,568,8,4,4,8
27,21,moe,718,44,7619,3345,3346,3958,250,0,65,0,650,8,4,4,8
27,22,moe,710,35,6475,2837,2837,3351,216,0,71,0,560,8,4,4,8
27,23,moe,590,37,5333,1586,1586,3586,120,0,41,0,645,8,6,2,8
27,24,moe,715,35,13422,3018,3019,9997,359,0,47,0,650,8,2,6,8
27,25,moe,710,37,7759,2714,2714,4698,303,0,44,0,696,8,3,5,8
27,26,moe,605,34,9945,4038,4039,5502,343,0,61,0,691,8,2,6,8
27,-1,epi,0,0,0,0,0,0,0,0,5318,0,0,0,0,0,0
28,-2,pre,215,0,0,0,0,0,0,0,0,0,0,0,0,0,0
28,0,dense,1349,40,0,0,0,0,0,0,0,0,0,0,0,0,0
28,1,moe,767,34,12686,6559,6559,5719,356,0,52,0,651,8,2,6,8
28,2,moe,674,36,10284,5181,5182,4757,302,0,43,0,652,8,3,5,8
28,3,moe,592,35,12905,5767,5768,6667,415,0,55,0,651,8,1,7,8
28,4,moe,670,36,4142,2253,2253,1712,105,0,72,0,560,8,6,2,8
28,5,moe,713,36,7853,4340,4340,3264,211,0,38,0,561,8,4,4,8
28,6,moe,666,38,6017,2771,2771,3008,180,0,58,0,656,8,5,3,8
28,7,moe,593,50,9914,3609,3609,6023,208,0,74,0,568,8,4,4,8
28,8,moe,672,36,5162,2615,2615,2365,152,0,30,0,578,8,5,3,8
28,9,moe,756,35,11044,5977,5977,4700,298,0,69,0,696,8,3,5,8
28,10,moe,691,35,9809,5462,5462,4024,245,0,78,0,586,8,3,5,8
28,11,moe,616,37,4204,1652,1652,2369,153,0,30,0,584,8,5,3,8
28,12,moe,695,36,3180,1243,1243,1833,59,0,45,0,691,8,7,1,8
28,13,moe,757,34,7253,3592,3592,3355,208,0,98,0,567,8,4,4,8
28,14,moe,665,35,6424,2929,2929,3250,205,0,40,0,584,8,4,4,8
28,15,moe,614,35,6832,3748,3748,2851,172,0,61,0,699,8,5,3,8
28,16,moe,696,36,10284,5091,5091,4809,300,0,84,0,582,8,2,6,8
28,17,moe,762,33,7814,4427,4427,3152,200,0,35,0,585,8,4,4,8
28,18,moe,700,37,5473,2370,2370,2866,174,0,63,0,692,8,5,3,8
28,19,moe,626,37,7876,4369,4369,3238,198,0,71,0,577,8,4,4,8
28,20,moe,693,35,5893,3356,3357,2358,150,0,28,0,577,8,5,3,8
28,21,moe,764,37,5853,2753,2753,2865,173,0,62,0,692,8,5,3,8
28,22,moe,759,34,6396,2901,2901,3225,198,0,72,0,581,8,4,4,8
28,23,moe,604,34,4476,2345,2345,1954,128,0,49,0,799,8,6,2,8
28,24,moe,736,36,9159,3849,3849,5084,189,0,37,0,737,8,5,3,8
28,25,moe,737,42,8231,2792,2792,5207,188,0,44,0,696,8,5,3,8
28,26,moe,601,38,9172,3752,3752,5203,182,0,35,0,648,8,5,3,8
28,-1,epi,0,0,0,0,0,0,0,0,4422,0,0,0,0,0,0
29,-2,pre,1239,0,0,0,0,0,0,0,0,0,0,0,0,0,0
29,0,dense,1241,42,0,0,0,0,0,0,0,0,0,0,0,0,0
29,1,moe,727,40,9618,5497,5497,3831,247,0,43,0,654,8,4,4,8
29,2,moe,680,39,13332,4342,4342,8650,299,0,41,0,660,8,3,5,8
29,3,moe,601,38,12179,4981,4981,6916,243,0,39,0,675,8,4,4,8
29,4,moe,695,35,7868,3264,3264,4379,152,0,73,0,578,8,5,3,8
29,5,moe,762,37,7820,3353,3353,4283,149,0,35,0,579,8,5,3,8
29,6,moe,704,34,17518,7215,7215,9883,342,1,77,0,694,8,2,6,8
29,7,moe,606,33,7848,3263,3264,4373,149,0,62,0,581,8,5,3,8
29,8,moe,699,35,9608,5354,5354,3954,257,0,43,0,589,8,3,5,8
29,9,moe,756,36,3627,1501,1501,1949,122,1,54,0,695,8,6,2,8
29,10,moe,705,36,5193,2511,2511,2461,157,0,64,0,582,8,5,3,8
29,11,moe,629,33,5058,2493,2493,2371,159,0,35,0,578,8,5,3,8
29,12,moe,717,36,2368,1219,1219,1042,61,0,46,0,693,8,7,1,8
29,13,moe,774,37,7087,2486,2486,4385,150,0,66,0,585,8,5,3,8
29,14,moe,694,35,5280,816,816,4279,151,0,34,0,577,8,5,3,8
29,15,moe,618,33,5242,1626,1626,3448,118,0,50,0,689,8,6,2,8
29,16,moe,702,34,6488,1906,1906,4375,151,0,56,0,613,8,5,3,8
29,17,moe,804,41,6372,2943,2943,3186,205,0,38,0,584,8,4,4,8
29,18,moe,705,39,7538,3485,3485,3750,237,0,66,0,691,8,4,4,8
29,19,moe,605,35,5875,3211,3211,2442,158,0,64,0,583,8,5,3,8
29,20,moe,701,35,5056,2504,2504,2364,155,0,33,0,582,8,5,3,8
29,21,moe,757,38,7024,2923,2924,3802,238,0,60,0,694,8,4,4,8
29,22,moe,763,34,4041,2222,2222,1656,108,0,55,0,580,8,6,2,8
29,23,moe,613,33,10193,5112,5112,4708,295,0,78,0,699,8,3,5,8
29,24,moe,762,45,10985,4043,4043,6674,228,0,40,0,697,8,4,4,8
29,25,moe,756,34,10917,3985,3986,6666,229,0,36,0,699,8,4,4,8
29,26,moe,610,42,13056,4405,4405,8322,292,0,37,0,710,8,3,5,8
29,-1,epi,0,0,0,0,0,0,0,0,5344,0,0,0,0,0,0
30,-2,pre,197,0,0,0,0,0,0,0,0,0,0,0,0,0,0
30,0,dense,1355,34,0,0,0,0,0,0,0,0,0,0,0,0,0
30,1,moe,776,30,11533,5616,5616,5517,355,0,45,0,697,8,2,6,8
30,2,moe,702,36,6571,3592,3592,2769,180,0,30,0,689,8,5,3,8
30,3,moe,624,28,11428,5518,5518,5506,344,0,60,0,700,8,2,6,8
30,4,moe,703,36,7222,3703,3704,3233,198,0,87,0,583,8,4,4,8
30,5,moe,758,32,2270,563,563,1580,100,0,27,0,586,8,6,2,8
30,6,moe,702,32,2353,1205,1205,1044,58,0,46,0,692,8,7,1,8
30,7,moe,627,28,5107,2448,2448,2444,148,0,67,0,602,8,5,3,8
30,8,moe,699,33,3141,1370,1370,1639,108,0,24,0,563,8,6,2,8
30,9,moe,717,32,4175,949,949,2979,186,0,61,0,651,8,5,3,8
30,10,moe,681,30,8222,2811,2812,4998,319,0,93,0,565,8,2,6,8
30,11,moe,601,35,5199,2546,2546,2463,160,0,30,0,561,8,5,3,8
30,12,moe,675,34,10361,5085,5085,4881,309,1,85,0,651,8,3,5,8
30,13,moe,708,32,5675,2158,2158,3247,200,0,70,0,585,8,4,4,8
30,14,moe,692,40,6624,2394,2395,3934,251,0,44,0,604,8,3,5,8
30,15,moe,618,32,6484,2403,2403,3775,242,0,64,0,689,8,4,4,8
30,16,moe,701,44,7211,3736,3736,3214,200,0,61,0,578,8,4,4,8
30,17,moe,760,31,7431,3181,3181,3939,259,0,52,0,585,8,3,5,8
30,18,moe,693,30,12107,5051,5052,6548,420,0,87,0,700,8,1,7,8
30,19,moe,623,28,11281,6100,6101,4802,299,0,79,0,584,8,2,6,8
30,20,moe,696,31,10447,4529,4531,5512,347,0,57,0,580,8,1,7,8
30,21,moe,753,32,8803,3744,3744,4697,287,0,75,0,700,8,3,5,8
30,22,moe,759,30,9450,4247,4247,4800,310,0,93,0,583,8,2,6,8
30,23,moe,630,32,9403,4333,4333,4711,286,0,73,0,693,8,3,5,8
30,24,moe,756,32,11948,5084,5084,6416,395,0,53,0,697,8,1,7,8
30,25,moe,757,33,8726,3790,3790,4593,298,0,45,0,698,8,3,5,8
30,26,moe,609,30,13771,6839,6840,6443,434,1,53,0,791,8,1,7,8
30,-1,epi,0,0,0,0,0,0,0,0,5348,0,0,0,0,0,0
31,-2,pre,223,0,0,0,0,0,0,0,0,0,0,0,0,0,0
31,0,dense,1368,37,0,0,0,0,0,0,0,0,0,0,0,0,0
31,1,moe,776,35,15201,8219,8220,6466,417,1,97,0,711,8,1,7,8
31,2,moe,698,35,13269,7356,7356,5505,342,0,66,0,704,8,2,6,8
31,3,moe,623,32,13635,6754,6755,6423,403,0,54,0,700,8,1,7,8
31,4,moe,694,32,7161,3656,3657,3217,202,0,85,0,580,8,4,4,8
31,5,moe,767,31,4333,1786,1786,2360,155,3,29,0,580,8,5,3,8
31,6,moe,701,34,8184,4092,4092,3787,229,0,76,0,696,8,4,4,8
31,7,moe,620,32,7079,3570,3571,3233,200,0,75,0,582,8,4,4,8
31,8,moe,694,32,7796,4413,4413,3150,199,0,34,0,579,8,4,4,8
31,9,moe,762,30,8813,3731,3731,4713,287,0,82,0,697,8,3,5,8
31,10,moe,697,32,8152,3817,3817,4014,243,0,78,0,584,8,3,5,8
31,11,moe,616,35,11478,5558,5558,5521,346,0,53,0,619,8,1,7,8
31,12,moe,689,32,6616,3517,3517,2855,174,0,70,0,700,8,5,3,8
31,13,moe,757,31,8991,4644,4644,4010,248,1,88,0,583,8,3,5,8
31,14,moe,701,30,6223,2832,2832,3150,200,0,41,0,581,8,4,4,8
31,15,moe,621,30,12399,6377,6378,5601,342,0,78,0,693,8,2,6,8
31,16,moe,697,30,10038,3164,3165,6375,396,0,102,0,583,8,0,8,8
31,17,moe,759,32,12345,6433,6433,5516,347,0,49,0,582,8,1,7,8
31,18,moe,711,31,12829,5807,5807,6528,402,0,92,0,696,8,1,7,8
31,19,moe,614,31,9470,4254,4256,4814,306,0,94,0,586,8,2,6,8
31,20,moe,693,31,7733,3484,3484,3950,254,0,45,0,604,8,3,5,8
31,21,moe,774,35,6336,2264,2265,3768,229,0,74,0,707,8,4,4,8
31,22,moe,763,30,7693,3346,3346,4011,265,0,71,0,589,8,3,5,8
31,23,moe,620,30,11628,5551,5551,5635,356,0,86,0,699,8,2,6,8
31,24,moe,769,31,12503,4646,4648,7326,460,0,69,0,697,8,0,8,8
31,25,moe,798,33,17017,10266,10266,6309,396,0,46,0,722,8,1,7,8
31,26,moe,636,36,12112,5350,5350,6315,394,0,53,0,719,8,1,7,8
31,-1,epi,0,0,0,0,0,0,0,0,5658,0,0,0,0,0,0
32,-2,pre,193,0,0,0,0,0,0,0,0,0,0,0,0,0,0
32,0,dense,1421,39,0,0,0,0,0,0,0,0,0,0,0,0,0
32,1,moe,796,35,9453,4517,4517,4594,297,0,45,0,700,8,3,5,8
32,2,moe,703,34,5895,2933,2933,2750,179,0,33,0,699,8,5,3,8
32,3,moe,623,33,10974,5054,5054,5516,342,0,62,0,696,8,2,6,8
32,4,moe,692,34,6380,2856,2857,3239,207,0,77,0,582,8,4,4,8
32,5,moe,759,36,4228,1684,1684,2363,150,0,31,0,576,8,5,3,8
32,6,moe,697,34,3926,1801,1802,1947,117,0,60,0,694,8,6,2,8
32,7,moe,621,34,6185,3528,3528,2438,151,0,68,0,589,8,5,3,8
32,8,moe,698,40,5060,2505,2505,2371,149,0,35,0,581,8,5,3,8
32,9,moe,762,34,4923,1835,1835,2846,174,0,68,0,691,8,5,3,8
32,10,moe,697,39,6320,2816,2816,3229,202,0,73,0,581,8,4,4,8
32,11,moe,622,32,7242,3002,3002,3941,249,0,50,0,584,8,3,5,8
32,12,moe,692,35,7318,3216,3216,3797,238,0,67,0,697,8,4,4,8
32,13,moe,768,36,6219,3561,3562,2435,157,0,65,0,579,8,5,3,8
32,14,moe,703,36,5164,2610,2611,2368,156,0,29,0,583,8,5,3,8
32,15,moe,621,34,7612,3517,3517,3791,233,0,71,0,695,8,4,4,8
32,16,moe,694,33,7590,3214,3214,4029,259,0,88,0,586,8,3,5,8
32,17,moe,758,37,7448,3201,3201,3957,251,0,39,0,585,8,3,5,8
32,18,moe,695,35,10788,4831,4831,5528,340,0,89,0,714,8,2,6,8
32,19,moe,631,35,11958,6844,6844,4735,293,0,86,0,598,8,2,6,8
32,20,moe,7470,35,5787,3282,3282,2324,151,0,30,0,594,8,5,3,8
32,21,moe,788,35,10061,5099,5099,4604,283,0,75,0,722,8,3,5,8
32,22,moe,779,33,10122,4996,4996,4738,294,0,94,0,601,8,2,6,8
32,23,moe,648,35,9045,4989,4989,3722,244,0,90,0,779,8,4,4,8
32,24,moe,808,43,11359,1962,1962,8975,361,0,61,0,716,8,2,6,8
32,25,moe,785,42,8505,3555,3555,4595,297,0,58,0,699,8,3,5,8
32,26,moe,624,36,8138,4231,4231,3631,236,0,40,0,722,8,4,4,8
32,-1,epi,0,0,0,0,0,0,0,0,5706,0,0,0,0,0,0
33,-2,pre,221,0,0,0,0,0,0,0,0,0,0,0,0,0,0
33,0,dense,1435,42,0,0,0,0,0,0,0,0,0,0,0,0,0
33,1,moe,803,36,9402,4478,4478,4595,284,0,45,0,711,8,3,5,8
33,2,moe,699,35,6590,3633,3633,2750,175,0,32,0,695,8,5,3,8
33,3,moe,621,34,4417,2438,2438,1834,115,0,30,0,699,8,6,2,8
33,4,moe,702,36,4381,2459,2459,1749,99,0,74,0,587,8,6,2,8
33,5,moe,783,36,3207,1419,1419,1656,108,0,24,0,599,8,6,2,8
33,6,moe,713,36,7063,3787,3787,3014,176,0,86,0,697,8,5,3,8
33,7,moe,623,33,1270,272,272,890,60,0,48,0,588,8,7,1,8
33,8,moe,706,34,5266,2573,2573,2495,161,0,37,0,589,8,5,3,8
33,9,moe,784,39,5613,1825,1825,3613,122,0,53,0,710,8,6,2,8
33,10,moe,706,42,10142,3787,3787,6074,215,0,66,0,594,8,4,4,8
33,11,moe,623,33,4436,1889,1889,2366,150,0,31,0,582,8,5,3,8
33,12,moe,717,37,8292,4033,4033,3953,232,0,74,0,703,8,4,4,8
33,13,moe,787,37,2375,558,558,1655,102,0,60,0,594,8,6,2,8
33,14,moe,730,35,6725,3052,3052,3406,233,0,34,0,598,8,4,4,8
33,15,moe,651,33,5801,1410,1411,4072,248,0,70,0,707,8,4,4,8
33,16,moe,718,44,4653,1783,1784,2633,164,0,72,0,594,8,5,3,8
33,17,moe,783,35,8554,2213,2213,6094,212,0,35,0,589,8,4,4,8
33,18,moe,706,43,5625,2518,2518,2864,180,3,60,0,694,8,5,3,8
33,19,moe,622,33,5311,2659,2659,2430,156,0,66,0,582,8,5,3,8
33,20,moe,698,34,15328,5117,5118,9799,356,0,55,0,586,8,1,7,8
33,21,moe,763,35,8813,3717,3717,4725,286,0,85,0,692,8,3,5,8
33,22,moe,758,33,3444,792,793,2433,149,0,69,0,582,8,5,3,8
33,23,moe,620,33,4537,2417,2418,1943,116,0,60,0,693,8,6,2,8
33,24,moe,764,35,1313,324,324,914,59,0,16,0,695,8,7,1,8
33,25,moe,771,37,3635,1663,1663,1828,118,0,26,0,695,8,6,2,8
33,26,moe,612,33,10,0,0,0,0,0,10,0,687,8,8,0,8
33,-1,epi,0,0,0,0,0,0,0,0,5435,0,0,0,0,0,0
34,-2,pre,215,0,0,0,0,0,0,0,0,0,0,0,0,0,0
34,0,dense,1365,38,0,0,0,0,0,0,0,0,0,0,0,0,0
34,1,moe,781,36,7503,2578,2578,4590,289,0,46,0,706,8,3,5,8
34,2,moe,712,42,6238,2277,2277,3689,230,0,42,0,700,8,4,4,8
34,3,moe,625,35,6484,2539,2539,3673,230,0,42,0,717,8,4,4,8
34,4,moe,704,38,4620,1952,1952,2430,157,0,81,0,587,8,5,3,8
34,5,moe,768,38,5226,2238,2238,2854,108,0,26,0,596,8,6,2,8
34,6,moe,704,35,5028,1938,1938,2853,174,0,63,0,697,8,5,3,8
34,7,moe,625,32,4391,1714,1714,2455,150,0,72,0,587,8,5,3,8
34,8,moe,712,37,1770,273,273,1427,51,0,19,0,576,8,7,1,8
34,9,moe,771,37,10,0,0,0,0,0,10,0,702,8,8,0,8
34,10,moe,714,43,2262,534,534,1576,109,0,43,0,587,8,6,2,8
34,11,moe,602,35,5714,2180,2180,3282,214,0,38,0,571,8,4,4,8
34,12,moe,679,36,7212,2045,2045,4776,301,0,90,0,699,8,3,5,8
34,13,moe,766,34,1251,270,270,873,51,0,57,0,578,8,7,1,8
34,14,moe,709,33,6537,3139,3139,3158,201,0,39,0,582,8,4,4,8
34,15,moe,620,33,4949,1861,1861,2852,172,0,64,0,701,8,5,3,8
34,16,moe,702,34,6655,3024,3024,3350,207,0,74,0,570,8,4,4,8
34,17,moe,710,35,8294,3902,3902,4091,258,0,43,0,580,8,3,5,8
34,18,moe,696,35,7780,2741,2741,4672,287,0,80,0,693,8,3,5,8
34,19,moe,618,34,7311,3805,3805,3231,201,0,74,0,584,8,4,4,8
34,20,moe,698,35,7126,2640,2640,4289,155,0,42,0,579,8,5,3,8
34,21,moe,762,38,7201,3116,3116,3783,231,0,71,0,698,8,4,4,8
34,22,moe,799,35,10052,6529,6529,3249,199,0,75,0,584,8,4,4,8
34,23,moe,621,32,4499,2384,2384,1949,115,0,51,0,698,8,6,2,8
34,24,moe,769,39,8547,3630,3630,4580,285,0,52,0,694,8,3,5,8
34,25,moe,757,34,5779,2821,2821,2757,175,0,26,0,698,8,5,3,8
34,26,moe,619,34,7075,3145,3145,3657,231,0,42,0,701,8,4,4,8
34,-1,epi,0,0,0,0,0,0,0,0,5382,0,0,0,0,0,0
35,-2,pre,215,0,0,0,0,0,0,0,0,0,0,0,0,0,0
35,0,dense,1365,39,0,0,0,0,0,0,0,0,0,0,0,0,0
35,1,moe,774,35,8534,3613,3613,4591,289,0,41,0,758,8,3,5,8
35,2,moe,713,36,8536,4418,4418,3823,250,0,45,0,658,8,4,4,8
35,3,moe,613,36,9029,3805,3805,5019,179,0,26,0,692,8,5,3,8
35,4,moe,703,34,5288,2604,2604,2446,151,0,87,0,585,8,5,3,8
35,5,moe,764,35,3210,1502,1502,1573,105,0,30,0,588,8,6,2,8
35,6,moe,705,35,2416,1276,1276,1030,62,0,48,0,690,8,7,1,8
35,7,moe,622,33,2363,541,541,1659,104,0,59,0,585,8,6,2,8
35,8,moe,702,35,2221,512,512,1576,106,0,27,0,569,8,6,2,8
35,9,moe,713,35,5972,2748,2749,2977,179,0,67,0,650,8,5,3,8
35,10,moe,673,38,10721,4590,4590,5848,209,0,74,0,582,8,4,4,8
35,11,moe,616,32,3925,2216,2216,1582,100,0,27,0,581,8,6,2,8
35,12,moe,701,35,6452,2314,2315,3817,239,0,81,0,823,8,4,4,8
35,13,moe,792,43,3164,1338,1338,1648,107,0,71,0,643,8,6,2,8
35,14,moe,715,41,10909,3144,3145,7427,285,0,52,0,576,8,3,5,8
35,15,moe,610,36,5399,2164,2164,2974,178,0,83,0,650,8,5,3,8
35,16,moe,681,46,7323,2517,2517,4572,161,0,73,0,565,8,5,3,8
35,17,moe,716,38,6348,2954,2954,3155,201,0,38,0,586,8,4,4,8
35,18,moe,697,38,9944,2846,2846,6777,239,0,82,0,705,8,4,4,8
35,19,moe,619,35,10233,4099,4100,5852,207,0,74,0,590,8,4,4,8
35,20,moe,701,45,11050,3592,3592,7149,258,0,51,0,580,8,3,5,8
35,21,moe,771,34,4236,608,608,3447,121,0,60,0,703,8,6,2,8
35,22,moe,764,33,7415,3061,3061,4026,250,0,78,0,581,8,3,5,8
35,23,moe,622,31,10057,5010,5010,4684,289,0,74,0,691,8,3,5,8
35,24,moe,761,31,6549,3597,3597,2747,176,0,29,0,700,8,5,3,8
35,25,moe,776,36,7786,3835,3836,3680,228,0,42,0,695,8,4,4,8
35,26,moe,621,34,15872,8014,8014,7341,458,0,59,0,694,8,0,8,8
35,-1,epi,0,0,0,0,0,0,0,0,5347,0,0,0,0,0,0
36,-2,pre,222,0,0,0,0,0,0,0,0,0,0,0,0,0,0
36,0,dense,1350,31,0,0,0,0,0,0,0,0,0,0,0,0,0
36,1,moe,776,31,12125,5217,5217,6442,407,0,59,0,703,8,1,7,8
36,2,moe,723,32,2976,1223,1223,1672,62,0,19,0,695,8,7,1,8
36,3,moe,636,31,11063,4116,4116,6676,237,0,34,0,700,8,4,4,8
36,4,moe,701,28,4817,1705,1705,2937,106,0,69,0,586,8,6,2,8
36,5,moe,770,30,4077,2372,2372,1577,101,0,27,0,586,8,6,2,8
36,6,moe,696,30,3584,1471,1471,1946,116,0,51,0,694,8,6,2,8
36,7,moe,621,28,6176,2660,2661,3225,199,0,91,0,581,8,4,4,8
36,8,moe,695,30,8,0,0,0,0,0,8,0,574,8,8,0,8
36,9,moe,765,31,4532,2398,2398,1957,118,0,59,0,701,8,6,2,8
36,10,moe,715,29,5296,2187,2187,2945,104,0,60,0,603,8,6,2,8
36,11,moe,620,27,1770,275,275,1426,53,0,16,0,584,8,7,1,8
36,12,moe,699,30,8025,3922,3923,3791,228,0,83,0,696,8,4,4,8
36,13,moe,775,30,3177,1352,1352,1660,101,0,64,0,581,8,6,2,8
36,14,moe,700,29,5913,3363,3363,2370,150,0,30,0,582,8,5,3,8
36,15,moe,611,27,5810,2706,2706,2867,174,0,63,0,697,8,5,3,8
36,16,moe,706,32,4506,1833,1833,2453,151,0,69,0,600,8,5,3,8
36,17,moe,780,28,7268,3025,3027,3941,251,0,49,0,581,8,3,5,8
36,18,moe,699,29,5795,2709,2709,2847,173,0,66,0,696,8,5,3,8
36,19,moe,617,33,7924,4418,4418,3234,201,0,71,0,583,8,4,4,8
36,20,moe,699,38,7285,3899,3899,3152,200,0,34,0,577,8,4,4,8
36,21,moe,763,30,7264,3169,3169,3786,229,0,80,0,696,8,4,4,8
36,22,moe,767,28,9749,5401,5401,4009,252,0,87,0,587,8,3,5,8
36,23,moe,632,28,8864,4778,4779,3786,232,1,66,0,694,8,4,4,8
36,24,moe,760,30,7912,3978,3978,3664,231,0,39,0,702,8,4,4,8
36,25,moe,775,34,10332,5412,5413,4585,285,0,49,0,700,8,3,5,8
36,26,moe,615,33,4820,1868,1868,2748,170,0,34,0,695,8,5,3,8
36,-1,epi,0,0,0,0,0,0,0,0,5379,0,0,0,0,0,0
37,-2,pre,219,0,0,0,0,0,0,0,0,0,0,0,0,0,0
37,0,dense,1373,35,0,0,0,0,0,0,0,0,0,0,0,0,0
37,1,moe,790,29,6350,2409,2409,3669,227,0,45,0,699,8,4,4,8
37,2,moe,712,31,8201,2785,2785,5200,184,0,32,0,653,8,5,3,8
37,3,moe,609,27,5754,2684,2684,2857,179,0,34,0,679,8,5,3,8
37,4,moe,704,28,8972,2882,2883,5802,206,0,81,0,587,8,4,4,8
37,5,moe,768,29,7885,3418,3418,4283,156,0,28,0,589,8,5,3,8
37,6,moe,700,28,10,0,0,0,0,0,10,0,688,8,8,0,8
37,7,moe,614,32,3945,2233,2233,1584,102,0,26,0,580,8,6,2,8
37,8,moe,708,33,5759,3211,3211,2363,153,0,32,0,581,8,5,3,8
37,9,moe,761,29,3925,1808,1808,1939,118,0,60,0,707,8,6,2,8
37,10,moe,707,30,2126,1152,1152,869,52,0,53,0,574,8,7,1,8
37,11,moe,613,28,6040,2627,2627,3163,207,0,43,0,588,8,4,4,8
37,12,moe,697,30,7605,3518,3519,3787,232,0,67,0,699,8,4,4,8
37,13,moe,760,29,3180,1370,1370,1647,100,0,63,0,578,8,6,2,8
37,14,moe,697,28,5006,2466,2466,2362,149,0,29,0,582,8,5,3,8
37,15,moe,628,27,7062,3002,3002,3758,231,0,71,0,700,8,4,4,8
37,16,moe,706,32,7241,3744,3745,3219,201,0,76,0,582,8,4,4,8
37,17,moe,770,33,8860,4622,4622,3940,250,0,48,0,582,8,3,5,8
37,18,moe,701,29,3726,1593,1593,1952,119,0,62,0,699,8,6,2,8
37,19,moe,639,250,10144,6639,6639,3234,200,0,71,0,587,8,4,4,8
37,20,moe,697,34,1979,1120,1120,791,51,0,17,0,580,8,7,1,8
37,21,moe,761,34,3740,1616,1616,1947,118,0,59,0,700,8,6,2,8
37,22,moe,773,32,5118,2461,2461,2443,152,0,62,0,581,8,5,3,8
37,23,moe,628,37,8146,4045,4045,3802,233,0,66,0,695,8,4,4,8
37,24,moe,791,35,13119,7160,7160,5521,382,0,56,0,706,8,2,6,8
37,25,moe,794,43,15080,5937,5938,8786,302,0,54,0,686,8,3,5,8
37,26,moe,718,42,12819,6312,6312,6034,363,0,110,0,716,8,2,6,8
37,-1,epi,0,0,0,0,0,0,0,0,5410,0,0,0,0,0,0
38,-2,pre,174,0,0,0,0,0,0,0,0,0,0,0,0,0,0
38,0,dense,1413,40,0,0,0,0,0,0,0,0,0,0,0,0,0
38,1,moe,783,44,11059,3954,3954,6812,245,0,48,0,663,8,4,4,8
38,2,moe,682,37,11,0,0,0,0,0,11,0,644,8,8,0,8
38,3,moe,608,38,5938,2846,2846,2869,181,0,42,0,648,8,5,3,8
38,4,moe,672,37,2225,1208,1208,899,53,0,65,0,571,8,7,1,8
38,5,moe,716,36,2033,1142,1142,816,53,0,22,0,561,8,7,1,8
38,6,moe,669,36,2321,1142,1142,1069,61,0,49,0,647,8,7,1,8
38,7,moe,598,33,9,0,0,0,0,0,9,0,566,8,8,0,8
38,8,moe,678,34,3347,1455,1455,1714,105,0,73,0,559,8,6,2,8
38,9,moe,719,35,1484,321,322,1051,62,0,49,0,649,8,7,1,8
38,10,moe,672,36,2203,1174,1174,924,53,0,52,0,562,8,7,1,8
38,11,moe,610,36,5998,3340,3340,2465,158,0,35,0,567,8,5,3,8
38,12,moe,667,35,9,0,0,0,0,0,9,0,639,8,8,0,8
38,13,moe,719,34,8,0,0,0,0,0,8,0,557,8,8,0,8
38,14,moe,681,36,2040,1149,1149,817,53,0,21,0,560,8,7,1,8
38,15,moe,603,35,5934,2728,2728,2958,176,0,72,0,653,8,5,3,8
38,16,moe,671,35,7142,3508,3508,3334,209,0,91,0,573,8,4,4,8
38,17,moe,720,34,5578,2036,2036,3285,208,0,49,0,573,8,4,4,8
38,18,moe,669,39,9,0,0,0,0,0,9,0,643,8,8,0,8
38,19,moe,592,34,3995,2227,2227,1635,106,0,27,0,558,8,6,2,8
38,20,moe,675,37,5796,3140,3141,2460,158,0,37,0,571,8,5,3,8
38,21,moe,718,33,8185,3948,3948,3910,237,0,90,0,650,8,4,4,8
38,22,moe,731,35,4383,1617,1617,2527,155,0,84,0,566,8,5,3,8
38,23,moe,602,33,10385,5197,5198,4810,293,0,84,0,703,8,3,5,8
38,24,moe,764,38,7921,3943,3945,3690,240,0,46,0,700,8,4,4,8
38,25,moe,764,33,5232,1599,1599,3476,129,0,28,0,652,8,6,2,8
38,26,moe,597,34,10996,3911,3911,6797,244,0,44,0,689,8,4,4,8
38,-1,epi,0,0,0,0,0,0,0,0,5346,0,0,0,0,0,0
39,-2,pre,218,0,0,0,0,0,0,0,0,0,0,0,0,0,0
39,0,dense,1361,41,0,0,0,0,0,0,0,0,0,0,0,0,0
39,1,moe,779,39,6120,2493,2493,3472,121,1,33,0,648,8,6,2,8
39,2,moe,675,35,8897,4765,4765,3837,249,0,46,0,658,8,4,4,8
39,3,moe,596,34,8116,4001,4005,3820,245,0,46,0,650,8,4,4,8
39,4,moe,673,35,8185,4548,4548,3338,206,0,93,0,563,8,4,4,8
39,5,moe,711,38,1182,275,275,832,53,0,22,0,571,8,7,1,8
39,6,moe,671,34,2328,322,322,1892,62,0,52,0,646,8,7,1,8
39,7,moe,598,35,8360,3568,3568,4554,162,0,76,0,563,8,5,3,8
39,8,moe,667,34,6962,2462,2462,4313,152,0,35,0,586,8,5,3,8
39,9,moe,759,36,13374,4501,4502,8489,297,1,85,0,694,8,3,5,8
39,10,moe,698,34,4609,1491,1491,2955,100,0,63,0,584,8,6,2,8
39,11,moe,629,37,7043,3633,3633,3161,198,0,51,0,584,8,4,4,8
39,12,moe,693,33,6936,3842,3842,2846,173,0,75,0,694,8,5,3,8
39,13,moe,767,36,3516,821,821,2462,156,0,77,0,589,8,5,3,8
39,14,moe,701,32,2000,1141,1141,786,50,0,23,0,580,8,7,1,8
39,15,moe,615,32,11862,5800,5800,5624,343,0,95,0,700,8,2,6,8
39,16,moe,699,37,6011,3348,3348,2441,150,0,72,0,582,8,5,3,8
39,17,moe,759,35,7097,3697,3697,3152,202,0,46,0,586,8,4,4,8
39,18,moe,693,33,6123,2000,2000,3810,228,0,85,0,694,8,4,4,8
39,19,moe,617,36,8695,4325,4325,4021,249,0,100,0,589,8,3,5,8
39,20,moe,700,36,7482,4091,4091,3145,202,0,44,0,588,8,4,4,8
39,21,moe,763,35,9361,4259,4259,4698,286,0,118,0,695,8,3,5,8
39,22,moe,766,38,8144,3793,3794,4008,249,0,93,0,585,8,3,5,8
39,23,moe,623,34,17606,7300,7300,9873,344,0,89,0,691,8,2,6,8
39,24,moe,760,36,11509,5570,5571,5515,362,0,61,0,701,8,2,6,8
39,25,moe,765,35,13369,6595,6596,6312,396,0,65,0,722,8,1,7,8
39,26,moe,635,32,7955,4085,4085,3600,232,0,38,0,717,8,4,4,8
39,-1,epi,0,0,0,0,0,0,0,0,5667,0,0,0,0,0,0
40,-2,pre,220,0,0,0,0,0,0,0,0,0,0,0,0,0,0
40,0,dense,1452,45,0,0,0,0,0,0,0,0,0,0,0,0,0
40,1,moe,803,37,6108,2614,2614,3343,122,0,29,0,695,8,6,2,8
40,2,moe,707,35,4435,2450,2450,1837,117,0,31,0,691,8,6,2,8
40,3,moe,622,33,12164,6244,6244,5516,344,0,60,0,704,8,2,6,8
40,4,moe,709,35,5978,3299,3299,2440,156,0,83,0,588,8,5,3,8
40,5,moe,762,35,6291,1811,1811,4284,158,0,38,0,584,8,5,3,8
40,6,moe,696,35,5194,1514,1515,3490,121,0,68,0,692,8,6,2,8
40,7,moe,631,35,7213,3663,3663,3248,206,0,96,0,587,8,4,4,8
40,8,moe,697,38,2104,1221,1221,797,65,0,21,0,623,8,7,1,8
40,9,moe,747,38,2370,1231,1231,1012,66,0,61,0,789,8,7,1,8
40,10,moe,693,36,7308,3748,3749,3230,223,0,106,0,602,8,4,4,8
40,11,moe,612,37,5150,2151,2152,2862,104,0,32,0,584,8,6,2,8
40,12,moe,712,36,3132,1219,1219,1792,60,0,61,0,697,8,7,1,8
40,13,moe,770,37,10442,4330,4330,5807,207,0,98,0,587,8,4,4,8
40,14,moe,703,41,5969,3412,3413,2370,151,0,35,0,582,8,5,3,8
40,15,moe,623,39,7964,3871,3872,3779,225,0,88,0,700,8,4,4,8
40,16,moe,698,207,6838,4150,4151,2463,151,0,73,0,583,8,5,3,8
40,17,moe,762,43,3303,1591,1591,1574,101,0,37,0,580,8,6,2,8
40,18,moe,698,35,8063,3961,3961,3795,228,1,78,0,696,8,4,4,8
40,19,moe,624,32,5243,2585,2585,2435,150,0,73,0,592,8,5,3,8
40,20,moe,697,34,7924,4523,4523,3162,200,0,39,0,585,8,4,4,8
40,21,moe,761,34,6724,3626,3626,2839,175,0,84,0,697,8,5,3,8
40,22,moe,767,33,4061,2229,2229,1667,100,1,64,0,589,8,6,2,8
40,23,moe,618,33,11135,6018,6018,4733,297,1,86,0,696,8,3,5,8
40,24,moe,764,34,8663,4724,4724,3667,229,0,43,0,695,8,4,4,8
40,25,moe,760,35,8572,3639,3639,4589,284,0,60,0,700,8,3,5,8
40,26,moe,624,35,8552,3626,3626,4590,285,0,51,0,699,8,3,5,8
40,-1,epi,0,0,0,0,0,0,0,0,5370,0,0,0,0,0,0
41,-2,pre,110,0,0,0,0,0,0,0,0,0,0,0,0,0,0
41,0,dense,1362,40,0,0,0,0,0,0,0,0,0,0,0,0,0
41,1,moe,786,38,8031,2828,2829,4994,172,0,36,0,699,8,5,3,8
41,2,moe,705,35,10250,3282,3283,6695,233,0,39,0,698,8,4,4,8
41,3,moe,610,33,6797,3822,3822,2764,179,0,32,0,700,8,5,3,8
41,4,moe,698,34,8011,3378,3378,4390,157,0,86,0,581,8,5,3,8
41,5,moe,761,35,9935,3974,3974,5714,203,0,44,0,599,8,4,4,8
41,6,moe,700,33,8282,2876,2876,5157,179,0,70,0,694,8,5,3,8
41,7,moe,629,36,10,0,0,0,0,0,10,0,581,8,8,0,8
41,8,moe,709,36,9,0,0,0,0,0,9,0,585,8,8,0,8
41,9,moe,776,34,1312,308,308,921,61,0,22,0,697,8,7,1,8
41,10,moe,714,36,5333,2667,2667,2434,151,0,81,0,586,8,5,3,8
41,11,moe,625,34,3399,1690,1690,1575,106,0,28,0,576,8,6,2,8
41,12,moe,710,36,8,0,0,0,0,0,8,0,698,8,8,0,8
41,13,moe,767,34,5219,2228,2228,2861,101,0,29,0,583,8,6,2,8
41,14,moe,706,34,7104,3697,3697,3160,203,0,44,0,586,8,4,4,8
41,15,moe,617,34,1476,328,328,1029,62,0,57,0,698,8,7,1,8
41,16,moe,696,30,5972,3314,3314,2429,155,0,74,0,581,8,5,3,8
41,17,moe,765,31,9,0,0,0,0,0,9,0,575,8,8,0,8
41,18,moe,699,26,1474,319,319,1047,58,0,50,0,697,8,7,1,8
41,19,moe,616,27,3227,1403,1403,1659,100,0,65,0,585,8,6,2,8
41,20,moe,724,28,3994,2293,2293,1573,103,0,25,0,584,8,6,2,8
41,21,moe,7217,32,4360,2251,2251,1930,115,0,64,0,695,8,6,2,8
41,22,moe,766,29,2076,1108,1108,865,51,0,52,0,578,8,7,1,8
41,23,moe,621,28,6757,3645,3645,2870,174,0,68,0,697,8,5,3,8
41,24,moe,762,30,5858,2777,2777,2860,183,0,38,0,653,8,5,3,8
41,25,moe,732,32,5771,2689,2689,2860,180,0,42,0,647,8,5,3,8
41,26,moe,592,28,4456,2399,2400,1907,120,0,29,0,649,8,6,2,8
41,-1,epi,0,0,0,0,0,0,0,0,4458,0,0,0,0,0,0
42,-2,pre,202,0,0,0,0,0,0,0,0,0,0,0,0,0,0
42,0,dense,1235,32,0,0,0,0,0,0,0,0,0,0,0,0,0
42,1,moe,721,32,7993,3892,3892,3814,239,0,48,0,653,8,4,4,8
42,2,moe,672,29,8880,4775,4775,3823,239,0,43,0,650,8,4,4,8
42,3,moe,599,29,8227,2796,2796,5215,180,0,36,0,649,8,5,3,8
42,4,moe,665,29,9723,5122,5122,4219,270,0,112,0,564,8,3,5,8
42,5,moe,713,29,13048,5597,5598,7141,260,0,49,0,578,8,3,5,8
42,6,moe,701,30,6070,2418,2418,3469,118,0,65,0,691,8,6,2,8
42,7,moe,617,29,10548,4449,4449,5821,198,0,80,0,581,8,4,4,8
42,8,moe,695,29,10409,4437,4438,5723,206,0,42,0,583,8,4,4,8
42,9,moe,762,30,9061,3660,3660,5151,179,0,71,0,695,8,5,3,8
42,10,moe,697,30,5119,2456,2457,2431,152,0,79,0,576,8,5,3,8
42,11,moe,604,28,5761,3209,3209,2367,149,0,36,0,583,8,5,3,8
42,12,moe,703,31,6002,2871,2871,2883,174,0,74,0,699,8,5,3,8
42,13,moe,770,27,4111,2295,2295,1652,102,0,62,0,585,8,6,2,8
42,14,moe,715,28,10316,4341,4341,5720,207,0,48,0,585,8,4,4,8
42,15,moe,605,27,7067,2989,2990,3770,232,0,75,0,692,8,4,4,8
42,16,moe,695,30,3975,2157,2157,1654,101,0,63,0,577,8,6,2,8
42,17,moe,762,30,6893,3493,3493,3152,201,0,47,0,579,8,4,4,8
42,18,moe,698,29,6606,3533,3533,2838,173,0,62,0,690,8,5,3,8
42,19,moe,616,28,6819,3324,3324,3222,201,0,72,0,581,8,4,4,8
42,20,moe,692,31,3898,2194,2194,1575,102,0,27,0,581,8,6,2,8
42,21,moe,1605,32,5110,1472,1472,3465,119,0,54,0,692,8,6,2,8
42,22,moe,758,29,8514,3905,3905,4360,168,0,81,0,665,8,5,3,8
42,23,moe,644,65,5958,2340,2340,3412,133,1,72,0,802,8,6,2,8
42,24,moe,774,36,2073,330,330,1662,61,0,20,0,722,8,7,1,8
42,25,moe,782,40,7252,3288,3288,3683,239,0,42,0,709,8,4,4,8
42,26,moe,621,32,2607,618,618,1837,122,0,30,0,707,8,6,2,8
42,-1,epi,0,0,0,0,0,0,0,0,5243,0,0,0,0,0,0
43,-2,pre,198,0,0,0,0,0,0,0,0,0,0,0,0,0,0
43,0,dense,1257,35,0,0,0,0,0,0,0,0,0,0,0,0,0
43,1,moe,727,34,9101,3692,3692,5190,179,0,40,0,663,8,5,3,8
43,2,moe,695,33,3084,1278,1278,1727,61,0,18,0,651,8,7,1,8
43,3,moe,602,31,3108,1293,1293,1733,62,0,20,0,662,8,7,1,8
43,4,moe,687,30,5540,2792,2792,2501,161,0,86,0,592,8,5,3,8
43,5,moe,767,33,10,0,0,0,0,0,10,0,586,8,8,0,8
43,6,moe,703,28,8487,3065,3065,5179,173,0,70,0,707,8,5,3,8
43,7,moe,617,33,8020,3286,3286,4518,157,0,59,0,576,8,5,3,8
43,8,moe,695,35,2668,1107,1107,1487,53,0,21,0,580,8,7,1,8
43,9,moe,720,37,6108,2496,2496,3433,117,0,62,0,702,8,6,2,8
43,10,moe,707,34,4059,2178,2179,1697,105,0,78,0,592,8,6,2,8
43,11,moe,610,32,3096,1379,1379,1582,106,0,29,0,599,8,6,2,8
43,12,moe,749,34,11896,4808,4808,6778,233,0,77,0,701,8,4,4,8
43,13,moe,767,235,5500,3882,3882,1507,51,0,60,0,596,8,7,1,8
43,14,moe,698,35,2841,1345,1345,1427,51,0,18,0,593,8,7,1,8
43,15,moe,607,35,5200,1576,1576,3448,118,0,58,0,721,8,6,2,8
43,16,moe,749,42,7480,2787,2787,4468,149,0,76,0,584,8,5,3,8
43,17,moe,765,37,10616,4549,4549,5825,201,0,41,0,610,8,4,4,8
43,18,moe,727,36,9,0,0,0,0,0,9,0,711,8,8,0,8
43,19,moe,621,33,4460,1482,1483,2854,101,0,22,0,605,8,6,2,8
43,20,moe,706,37,4385,1396,1396,2860,100,0,29,0,596,8,6,2,8
43,21,moe,765,38,5206,1583,1583,3435,116,0,72,0,705,8,6,2,8
43,22,moe,766,37,2737,1123,1123,1513,50,0,51,0,603,8,7,1,8
43,23,moe,635,35,9107,3722,3722,5140,173,0,72,0,704,8,5,3,8
43,24,moe,764,41,7930,2721,2721,5001,173,0,35,0,700,8,5,3,8
43,25,moe,762,36,3550,1557,1557,1845,121,0,27,0,706,8,6,2,8
43,26,moe,617,36,2957,1212,1212,1666,59,0,20,0,708,8,7,1,8
43,-1,epi,0,0,0,0,0,0,0,0,5404,0,0,0,0,0,0
44,-2,pre,208,0,0,0,0,0,0,0,0,0,0,0,0,0,0
44,0,dense,1364,41,0,0,0,0,0,0,0,0,0,0,0,0,0
44,1,moe,784,36,2256,1253,1254,920,62,0,20,0,697,8,7,1,8
44,2,moe,678,35,3671,1613,1613,1909,125,0,24,0,660,8,6,2,8
44,3,moe,600,35,9116,3714,3715,5187,181,0,33,0,657,8,5,3,8
44,4,moe,677,39,10795,4466,4466,6031,207,0,91,0,591,8,4,4,8
44,5,moe,768,35,9565,3617,3617,5713,199,0,36,0,594,8,4,4,8
44,6,moe,699,34,2436,1248,1248,1070,61,0,57,0,709,8,7,1,8
44,7,moe,630,33,7984,3363,3364,4399,154,0,67,0,593,8,5,3,8
44,8,moe,701,35,5222,2240,2240,2849,107,0,26,0,589,8,6,2,8
44,9,moe,762,35,3199,1255,1255,1831,58,0,55,0,708,8,7,1,8
44,10,moe,702,34,7022,2432,2432,4373,151,0,66,0,587,8,5,3,8
44,11,moe,616,33,7757,3291,3291,4285,151,0,30,0,591,8,5,3,8
44,12,moe,706,35,8988,3631,3631,5120,175,0,62,0,702,8,5,3,8
44,13,moe,768,35,8051,3459,3460,4370,152,0,69,0,595,8,5,3,8
44,14,moe,697,35,12093,4662,4662,7136,248,0,47,0,589,8,3,5,8
44,15,moe,618,32,8109,2707,2707,5161,173,0,68,0,698,8,5,3,8
44,16,moe,707,38,6342,1742,1743,4381,149,0,69,0,584,8,5,3,8
44,17,moe,763,35,8094,2154,2155,5706,200,0,33,0,595,8,4,4,8
44,18,moe,704,34,3667,1538,1538,1947,120,0,62,0,698,8,6,2,8
44,19,moe,623,34,10592,4521,4521,5802,201,0,68,0,595,8,4,4,8
44,20,moe,695,36,2011,1150,1150,790,53,0,18,0,587,8,7,1,8
44,21,moe,768,36,18531,7221,7221,10802,421,0,87,0,701,8,1,7,8
44,22,moe,760,36,9055,4720,4720,3985,260,0,90,0,617,8,3,5,8
44,23,moe,634,32,15737,5499,5499,9813,340,0,85,0,722,8,2,6,8
44,24,moe,782,36,8009,4123,4123,3610,238,0,38,0,726,8,4,4,8
44,25,moe,784,35,14679,6144,6144,8198,292,0,45,0,723,8,3,5,8
44,26,moe,637,32,14639,6128,6128,8185,283,0,43,0,720,8,3,5,8
44,-1,epi,0,0,0,0,0,0,0,0,5636,0,0,0,0,0,0
45,-2,pre,201,0,0,0,0,0,0,0,0,0,0,0,0,0,0
45,0,dense,1421,38,0,0,0,0,0,0,0,0,0,0,0,0,0
45,1,moe,799,35,10,0,0,0,0,0,10,0,747,8,8,0,8
45,2,moe,732,33,3569,1614,1614,1806,120,0,29,0,736,8,6,2,8
45,3,moe,651,34,2214,1229,1229,907,61,0,17,0,736,8,7,1,8
45,4,moe,729,36,4085,2285,2285,1619,103,0,78,0,600,8,6,2,8
45,5,moe,773,35,4367,1381,1381,2857,104,0,25,0,586,8,6,2,8
45,6,moe,707,44,6066,2392,2392,3489,121,0,64,0,707,8,6,2,8
45,7,moe,610,33,1911,269,269,1541,51,0,50,0,591,8,7,1,8
45,8,moe,708,33,3271,1543,1543,1589,112,0,27,0,596,8,6,2,8
45,9,moe,775,40,6108,2428,2428,3480,125,0,75,0,799,8,6,2,8
45,10,moe,703,43,19,0,1,0,0,0,18,0,612,8,8,0,8
45,11,moe,644,33,5345,2218,2218,2933,105,0,89,0,595,8,6,2,8
45,12,moe,713,37,10036,2948,2949,6770,230,0,87,0,710,8,4,4,8
45,13,moe,772,37,5521,2399,2400,2954,101,0,66,0,588,8,6,2,8
45,14,moe,702,35,3944,2230,2230,1583,104,0,27,0,594,8,6,2,8
45,15,moe,624,35,2523,1382,1382,1030,60,0,51,0,708,8,7,1,8
45,16,moe,705,34,5212,2539,2539,2442,157,3,71,0,599,8,5,3,8
45,17,moe,773,36,5129,2143,2143,2860,103,0,23,0,588,8,6,2,8
45,18,moe,703,35,5188,1540,1541,3471,116,0,60,0,703,8,6,2,8
45,19,moe,625,33,6183,1600,1600,4367,149,0,67,0,591,8,5,3,8
45,20,moe,701,36,9782,3832,3834,5710,199,0,39,0,592,8,4,4,8
45,21,moe,763,40,6052,2459,2459,3412,121,0,60,0,700,8,6,2,8
45,22,moe,764,36,8302,2240,2240,5781,199,0,82,0,591,8,4,4,8
45,23,moe,613,33,14819,5963,5964,8494,287,0,74,0,703,8,3,5,8
45,24,moe,789,34,8035,2906,2906,4920,175,0,34,0,728,8,5,3,8
45,25,moe,785,35,9566,4680,4680,4540,305,1,40,0,724,8,3,5,8
45,26,moe,635,34,7837,3947,3948,3610,243,0,36,0,729,8,4,4,8
45,-1,epi,0,0,0,0,0,0,0,0,5695,0,0,0,0,0,0
46,-2,pre,63,0,0,0,0,0,0,0,0,0,0,0,0,0,0
46,0,dense,1431,41,0,0,0,0,0,0,0,0,0,0,0,0,0
46,1,moe,807,35,6086,2604,2604,3334,122,0,26,0,708,8,6,2,8
46,2,moe,710,34,12035,5069,5069,6684,241,0,41,0,704,8,4,4,8
46,3,moe,625,37,5916,2427,2427,3345,119,0,25,0,706,8,6,2,8
46,4,moe,699,33,11624,4019,4019,7260,249,0,96,0,591,8,3,5,8
46,5,moe,764,35,7739,3336,3337,4222,146,0,34,0,604,8,5,3,8
46,6,moe,729,42,9032,3699,3700,5101,169,0,62,0,729,8,5,3,8
46,7,moe,633,39,2054,1097,1097,860,52,0,45,0,615,8,7,1,8
46,8,moe,719,35,9501,3657,3657,5616,196,0,32,0,608,8,4,4,8
46,9,moe,782,33,10972,3975,3975,6699,224,0,74,0,723,8,4,4,8
46,10,moe,714,33,7920,3390,3390,4309,148,0,73,0,602,8,5,3,8
46,11,moe,703,36,11712,7315,7315,4210,153,0,34,0,602,8,5,3,8
46,12,moe,724,37,6029,2422,2422,3422,119,0,66,0,729,8,6,2,8
46,13,moe,786,33,4481,1411,1411,2906,99,0,65,0,597,8,6,2,8
46,14,moe,717,31,7719,3325,3325,4218,148,0,28,0,607,8,5,3,8
46,15,moe,625,31,5892,2317,2317,3407,115,0,53,0,717,8,6,2,8
46,16,moe,726,40,4377,1759,1759,2397,154,0,67,0,614,8,5,3,8
46,17,moe,795,37,4411,1481,1481,2808,100,0,22,0,613,8,6,2,8
46,18,moe,727,33,3151,1276,1276,1770,58,0,47,0,722,8,7,1,8
46,19,moe,634,33,9,0,0,0,0,0,9,0,627,8,8,0,8
46,20,moe,720,36,8,0,0,0,0,0,8,0,627,8,8,0,8
46,21,moe,788,33,9,0,0,0,0,0,9,0,743,8,8,0,8
46,22,moe,802,33,2853,1212,1212,1524,51,0,66,0,621,8,7,1,8
46,23,moe,651,37,6088,3011,3011,2836,177,0,64,0,731,8,5,3,8
46,24,moe,794,44,10,0,0,0,0,0,10,0,730,8,8,0,8
46,25,moe,799,37,2326,1341,1341,904,62,0,19,0,743,8,7,1,8
46,26,moe,639,32,6640,3716,3716,2716,179,0,29,0,727,8,5,3,8
46,-1,epi,0,0,0,0,0,0,0,0,5750,0,0,0,0,0,0
47,-2,pre,208,0,0,0,0,0,0,0,0,0,0,0,0,0,0
47,0,dense,1444,40,0,0,0,0,0,0,0,0,0,0,0,0,0
47,1,moe,816,38,11025,4078,4078,6682,231,0,34,0,713,8,4,4,8
47,2,moe,703,35,8793,3587,3587,4990,175,0,41,0,704,8,5,3,8
47,3,moe,610,32,8165,2955,2955,5007,174,0,29,0,708,8,5,3,8
47,4,moe,697,33,7978,3353,3353,4393,150,0,82,0,590,8,5,3,8
47,5,moe,761,35,8674,2731,2731,5710,198,0,35,0,598,8,4,4,8
47,6,moe,706,32,3185,1258,1258,1811,58,0,58,0,705,8,7,1,8
47,7,moe,613,35,8157,3531,3531,4403,152,0,71,0,594,8,5,3,8
47,8,moe,697,34,7725,3321,3321,4227,150,0,27,0,608,8,5,3,8
47,9,moe,786,36,6068,2468,2469,3423,113,0,63,0,727,8,6,2,8
47,10,moe,717,34,5922,3302,3302,2398,152,0,70,0,594,8,5,3,8
47,11,moe,630,32,1735,265,265,1404,49,0,17,0,599,8,7,1,8
47,12,moe,730,30,9026,3757,3757,5035,171,0,63,0,719,8,5,3,8
47,13,moe,791,31,2785,1183,1183,1497,50,0,55,0,596,8,7,1,8
47,14,moe,728,29,9424,3575,3575,5613,198,0,38,0,602,8,4,4,8
47,15,moe,632,39,7332,2043,2043,5057,172,0,60,0,720,8,5,3,8
47,16,moe,724,49,7117,2513,2513,4353,151,0,100,0,596,8,5,3,8
47,17,moe,794,31,6980,2588,2588,4209,153,0,30,0,590,8,5,3,8
47,18,moe,716,31,2184,319,319,1756,59,0,50,0,718,8,7,1,8
47,19,moe,635,30,10210,4230,4230,5720,197,0,63,0,592,8,4,4,8
47,20,moe,712,33,6947,2542,2542,4210,165,0,30,0,674,8,5,3,8
47,21,moe,784,35,6039,2430,2430,3406,126,0,77,0,771,8,6,2,8
47,22,moe,780,36,4449,1402,1402,2872,106,1,68,0,604,8,6,2,8
47,23,moe,638,32,12257,3596,3596,8294,283,0,84,0,718,8,3,5,8
47,24,moe,791,32,8049,2923,2923,4917,177,0,32,0,717,8,5,3,8
47,25,moe,796,34,2950,1231,1231,1637,61,0,21,0,721,8,7,1,8
47,26,moe,645,32,4061,634,635,3282,118,0,26,0,726,8,6,2,8
47,-1,epi,0,0,0,0,0,0,0,0,5744,0,0,0,0,0,0
48,-2,pre,220,0,0,0,0,0,0,0,0,0,0,0,0,0,0
48,0,dense,1433,34,0,0,0,0,0,0,0,0,0,0,0,0,0
48,1,moe,794,32,2989,1213,1213,1693,61,0,22,0,714,8,7,1,8
48,2,moe,716,30,2051,309,309,1662,60,0,20,0,696,8,7,1,8
48,3,moe,626,34,5886,2417,2417,3328,116,0,25,0,702,8,6,2,8
48,4,moe,698,30,7990,3366,3366,4393,149,0,82,0,584,8,5,3,8
48,5,moe,763,29,2686,1187,1187,1431,50,0,18,0,574,8,7,1,8
48,6,moe,700,30,3139,1198,1198,1823,61,0,57,0,696,8,7,1,8
48,7,moe,621,32,3631,539,539,2931,101,0,60,0,585,8,6,2,8
48,8,moe,706,35,2607,1108,1108,1428,53,0,18,0,580,8,7,1,8
48,9,moe,773,35,5266,1597,1597,3494,117,0,58,0,693,8,6,2,8
48,10,moe,699,30,7172,2593,2593,4351,156,0,72,0,578,8,5,3,8
48,11,moe,610,30,5192,2194,2194,2868,106,0,24,0,575,8,6,2,8
48,12,moe,699,35,3078,1214,1214,1756,60,0,48,0,689,8,7,1,8
48,13,moe,775,37,10,0,0,0,0,0,10,0,574,8,8,0,8
48,14,moe,716,32,2781,1122,1122,1539,50,0,70,0,576,8,7,1,8
48,15,moe,628,30,6019,2394,2394,3441,117,0,67,0,703,8,6,2,8
48,16,moe,701,32,2754,1131,1132,1514,51,0,57,0,574,8,7,1,8
48,17,moe,777,29,2604,1111,1111,1424,51,0,18,0,583,8,7,1,8
48,18,moe,702,31,3116,1206,1207,1802,57,1,49,0,699,8,7,1,8
48,19,moe,623,31,4537,1398,1398,2976,102,0,61,0,581,8,6,2,8
48,20,moe,698,32,7796,3331,3331,4280,149,0,36,0,589,8,5,3,8
48,21,moe,762,30,10,0,0,0,0,0,10,0,691,8,8,0,8
48,22,moe,763,28,8868,2923,2923,5704,199,0,42,0,581,8,4,4,8
48,23,moe,613,29,6339,2659,2659,3504,114,0,62,0,696,8,6,2,8
48,24,moe,762,32,5891,2420,2420,3332,117,0,22,0,696,8,6,2,8
48,25,moe,763,35,5087,1608,1608,3335,122,0,22,0,694,8,6,2,8
48,26,moe,616,30,10,0,0,0,0,0,10,0,687,8,8,0,8
48,-1,epi,0,0,0,0,0,0,0,0,5439,0,0,0,0,0,0
49,-2,pre,208,0,0,0,0,0,0,0,0,0,0,0,0,0,0
49,0,dense,1373,35,0,0,0,0,0,0,0,0,0,0,0,0,0
49,1,moe,785,33,9147,3941,3941,5003,172,0,31,0,696,8,5,3,8
49,2,moe,702,29,2061,319,319,1666,57,0,19,0,692,8,7,1,8
49,3,moe,623,33,8984,3790,3790,4993,174,0,27,0,695,8,5,3,8
49,4,moe,693,29,8109,3454,3454,4422,152,0,81,0,585,8,5,3,8
49,5,moe,791,33,5253,2270,2271,2850,101,0,31,0,586,8,6,2,8
49,6,moe,703,45,3168,1234,1234,1819,58,0,57,0,702,8,7,1,8
49,7,moe,624,30,4523,1425,1425,2938,101,0,59,0,579,8,6,2,8
49,8,moe,762,33,5592,4091,4091,1430,53,0,18,0,577,8,7,1,8
49,9,moe,771,35,12044,4913,4913,6826,231,0,74,0,690,8,4,4,8
49,10,moe,704,39,8117,3500,3500,4397,151,0,69,0,582,8,5,3,8
49,11,moe,630,35,2692,1197,1197,1425,51,0,19,0,580,8,7,1,8
49,12,moe,699,35,3221,1292,1292,1814,61,0,54,0,692,8,7,1,8
49,13,moe,770,37,7869,3249,3249,4395,151,0,74,0,579,8,5,3,8
49,14,moe,697,34,5165,2187,2187,2855,101,0,22,0,577,8,6,2,8
49,15,moe,608,34,5150,1490,1490,3488,115,1,56,0,692,8,6,2,8
49,16,moe,698,34,4578,1447,1447,2968,108,0,55,0,580,8,6,2,8
49,17,moe,773,33,10472,4507,4507,5720,206,0,39,0,581,8,4,4,8
49,18,moe,694,35,3248,1322,1322,1813,60,0,53,0,693,8,7,1,8
49,19,moe,614,35,14807,5726,5727,8677,306,0,97,0,582,8,2,6,8
49,20,moe,697,34,7769,3303,3303,4283,152,0,31,0,578,8,5,3,8
49,21,moe,755,35,11081,3964,3965,6816,228,0,72,0,691,8,4,4,8
49,22,moe,756,35,10484,2985,2986,7164,246,0,88,0,616,8,3,5,8
49,23,moe,628,34,11319,2626,2627,8331,282,0,79,0,712,8,3,5,8
49,24,moe,792,37,12173,3635,3635,8204,290,1,43,0,713,8,3,5,8
49,25,moe,777,34,14245,3969,3970,9866,349,0,60,0,713,8,2,6,8
49,26,moe,635,35,8032,1210,1210,6554,233,0,35,0,716,8,4,4,8
49,-1,epi,0,0,0,0,0,0,0,0,5682,0,0,0,0,0,0
50,-2,pre,47,0,0,0,0,0,0,0,0,0,0,0,0,0,0
50,0,dense,1471,41,0,0,0,0,0,0,0,0,0,0,0,0,0
50,1,moe,802,37,5039,1622,1622,3273,114,0,30,0,724,8,6,2,8
50,2,moe,735,33,8805,3694,3694,4911,169,0,31,0,717,8,5,3,8
50,3,moe,644,33,3145,1432,1432,1639,57,0,17,0,720,8,7,1,8
50,4,moe,730,33,5364,806,806,4326,147,1,84,0,600,8,5,3,8
50,5,moe,795,36,8868,3008,3008,5624,201,0,35,0,592,8,4,4,8
50,6,moe,712,34,3086,1193,1193,1784,57,0,52,0,712,8,7,1,8
50,7,moe,647,32,9,0,0,0,0,0,9,0,602,8,8,0,8
50,8,moe,719,33,1876,270,270,1494,52,0,60,0,607,8,7,1,8
50,9,moe,794,33,3192,1279,1279,1801,60,0,52,0,719,8,7,1,8
50,10,moe,738,34,2770,1159,1159,1508,50,0,53,0,603,8,7,1,8
50,11,moe,631,33,2624,1157,1157,1402,50,0,15,0,602,8,7,1,8
50,12,moe,726,32,3063,1193,1193,1761,58,0,51,0,721,8,7,1,8
50,13,moe,798,34,8,0,0,0,0,0,8,0,642,8,8,0,8
50,14,moe,686,33,9,0,0,0,0,0,9,0,621,8,8,0,8
50,15,moe,650,34,7074,1827,1827,5007,195,0,45,0,771,8,5,3,8
50,16,moe,745,45,9013,2892,2892,5818,206,0,97,0,597,8,4,4,8
50,17,moe,791,42,9798,3838,3838,5711,207,0,42,0,589,8,4,4,8
50,18,moe,706,38,9231,3816,3816,5167,174,0,74,0,695,8,5,3,8
50,19,moe,621,37,10,0,0,0,0,0,10,0,573,8,8,0,8
50,20,moe,709,35,8105,3491,3491,4386,150,0,78,0,582,8,5,3,8
50,21,moe,773,36,11342,4199,4199,6827,233,0,83,0,697,8,4,4,8
50,22,moe,6533,38,5437,800,800,4404,155,0,78,0,587,8,5,3,8
50,23,moe,799,33,10299,3178,3178,6826,229,0,66,0,690,8,4,4,8
50,24,moe,770,34,8216,1262,1262,6678,230,0,46,0,703,8,4,4,8
50,25,moe,774,35,6027,2542,2542,3339,122,0,24,0,694,8,6,2,8
50,26,moe,615,34,6052,2623,2623,3285,117,0,27,0,708,8,6,2,8
50,-1,epi,0,0,0,0,0,0,0,0,5692,0,0,0,0,0,0
51,-2,pre,67,0,0,0,0,0,0,0,0,0,0,0,0,0,0
51,0,dense,1464,41,0,0,0,0,0,0,0,0,0,0,0,0,0
51,1,moe,793,36,10,0,0,0,0,0,10,0,712,8,8,0,8
51,2,moe,720,38,3023,1269,1269,1671,64,0,19,0,716,8,7,1,8
51,3,moe,636,38,4159,669,669,3342,124,0,24,0,700,8,6,2,8
51,4,moe,713,35,8305,2202,2203,5826,200,0,76,0,584,8,4,4,8
51,5,moe,768,36,10,0,0,0,0,0,10,0,580,8,8,0,8
51,6,moe,707,35,11964,4789,4790,6785,228,0,161,0,693,8,4,4,8
51,7,moe,618,36,10494,4367,4368,5836,202,0,88,0,580,8,4,4,8
51,8,moe,697,37,5263,2269,2269,2853,103,0,38,0,580,8,6,2,8
51,9,moe,774,37,5987,2337,2337,3469,116,0,65,0,700,8,6,2,8
51,10,moe,708,36,5353,2192,2192,2993,101,0,67,0,585,8,6,2,8
51,11,moe,625,33,5121,2137,2137,2862,101,0,21,0,581,8,6,2,8
51,12,moe,710,37,6110,2445,2446,3486,116,0,62,0,694,8,6,2,8
51,13,moe,771,36,7988,3398,3398,4369,149,0,72,0,579,8,5,3,8
51,14,moe,706,35,9,0,0,0,0,0,9,0,583,8,8,0,8
51,15,moe,624,36,3139,1220,1220,1807,59,0,53,0,695,8,7,1,8
51,16,moe,707,34,13121,5540,5540,7241,247,0,93,0,585,8,3,5,8
51,17,moe,772,34,5118,2144,2144,2850,102,0,22,0,574,8,6,2,8
51,18,moe,710,32,12122,4979,4980,6832,234,0,76,0,699,8,4,4,8
51,19,moe,617,33,4488,1404,1404,2916,104,0,64,0,590,8,6,2,8
51,20,moe,723,35,12052,4733,4734,7026,246,0,46,0,602,8,3,5,8
51,21,moe,794,36,17011,6592,6592,9978,339,0,102,0,718,8,2,6,8
51,22,moe,791,35,7931,3408,3408,4298,153,0,72,0,594,8,5,3,8
51,23,moe,650,33,8934,3655,3655,5038,176,0,65,0,714,8,5,3,8
51,24,moe,785,34,5961,2538,2538,3280,119,0,24,0,719,8,6,2,8
51,25,moe,780,33,13853,5332,5332,8202,281,0,38,0,711,8,3,5,8
51,26,moe,646,33,10623,3806,3806,6545,228,0,44,0,710,8,4,4,8
51,-1,epi,0,0,0,0,0,0,0,0,5655,0,0,0,0,0,0
52,-2,pre,89,0,0,0,0,0,0,0,0,0,0,0,0,0,0
52,0,dense,1427,38,0,0,0,0,0,0,0,0,0,0,0,0,0
52,1,moe,805,34,3057,1339,1339,1643,57,1,17,0,724,8,7,1,8
52,2,moe,722,32,2001,287,287,1639,58,0,17,0,722,8,7,1,8
52,3,moe,673,37,5914,2496,2496,3275,118,0,25,0,717,8,6,2,8
52,4,moe,721,33,9581,3580,3580,5700,205,0,96,0,606,8,4,4,8
52,5,moe,786,213,11,0,0,0,0,0,11,0,641,8,8,0,8
52,6,moe,725,33,5372,3471,3471,1794,58,0,49,0,716,8,7,1,8
52,7,moe,630,31,8025,3484,3484,4309,153,0,79,0,594,8,5,3,8
52,8,moe,716,35,2583,1109,1109,1404,51,0,19,0,609,8,7,1,8
52,9,moe,788,35,6012,2390,2391,3434,119,0,68,0,713,8,6,2,8
52,10,moe,717,33,2738,1151,1151,1477,50,0,60,0,607,8,7,1,8
52,11,moe,641,31,2633,1166,1167,1402,49,0,15,0,600,8,7,1,8
52,12,moe,725,32,3279,1376,1376,1798,57,0,48,0,724,8,7,1,8
52,13,moe,790,34,5248,2179,2179,2908,102,0,59,0,605,8,6,2,8
52,14,moe,719,33,9,0,0,0,0,0,9,0,606,8,8,0,8
52,15,moe,634,31,2207,304,304,1794,60,0,49,0,723,8,7,1,8
52,16,moe,730,37,7848,3325,3325,4304,148,0,71,0,598,8,5,3,8
52,17,moe,787,34,7966,2121,2121,5609,199,0,37,0,600,8,4,4,8
52,18,moe,715,33,9,0,0,0,0,0,9,0,716,8,8,0,8
52,19,moe,633,32,2664,1195,1195,1401,51,0,17,0,605,8,7,1,8
52,20,moe,718,33,3880,903,904,2853,101,0,22,0,581,8,6,2,8
52,21,moe,774,35,13359,4588,4588,8395,290,0,86,0,717,8,3,5,8
52,22,moe,792,32,3922,856,856,2905,100,0,61,0,602,8,6,2,8
52,23,moe,643,34,8297,1238,1238,6751,225,0,83,0,712,8,4,4,8
52,24,moe,793,35,5052,1628,1628,3280,118,0,26,0,718,8,6,2,8
52,25,moe,793,37,7104,1984,1984,4913,171,0,36,0,714,8,5,3,8
52,26,moe,630,35,2041,321,321,1639,64,0,17,0,753,8,7,1,8
52,-1,epi,0,0,0,0,0,0,0,0,5509,0,0,0,0,0,0
53,-2,pre,221,0,0,0,0,0,0,0,0,0,0,0,0,0,0
53,0,dense,1411,47,0,0,0,0,0,0,0,0,0,0,0,0,0
53,1,moe,795,38,2985,1222,1222,1669,68,0,26,0,744,8,7,1,8
53,2,moe,734,40,10,0,0,0,0,0,10,0,711,8,8,0,8
53,3,moe,655,38,8778,3554,3555,5010,180,0,33,0,707,8,5,3,8
53,4,moe,715,32,1955,275,275,1548,53,0,79,0,580,8,7,1,8
53,5,moe,772,34,2678,1177,1177,1428,53,0,20,0,586,8,7,1,8
53,6,moe,721,33,11,0,0,0,0,0,11,0,706,8,8,0,8
53,7,moe,635,35,2723,1220,1220,1430,55,0,18,0,592,8,7,1,8
53,8,moe,715,31,5328,2344,2344,2860,100,0,24,0,582,8,6,2,8
53,9,moe,780,36,8204,2787,2787,5161,173,0,83,0,696,8,5,3,8
53,10,moe,699,30,5434,809,809,4394,149,0,82,0,581,8,5,3,8
53,11,moe,617,34,9,0,0,0,0,0,9,0,588,8,8,0,8
53,12,moe,705,31,6065,2414,2414,3478,122,1,50,0,697,8,6,2,8
53,13,moe,762,33,2809,1192,1192,1503,52,0,62,0,586,8,7,1,8
53,14,moe,713,33,7736,3257,3257,4292,155,0,32,0,587,8,5,3,8
53,15,moe,639,31,9,0,0,0,0,0,9,0,689,8,8,0,8
53,16,moe,702,31,6335,1865,1865,4279,152,0,39,0,587,8,5,3,8
53,17,moe,769,31,3888,900,900,2852,106,0,30,0,588,8,6,2,8
53,18,moe,707,33,10,0,0,0,0,0,10,0,691,8,8,0,8
53,19,moe,638,32,2656,1155,1155,1429,53,0,19,0,594,8,7,1,8
53,20,moe,711,33,3526,553,553,2851,98,0,24,0,587,8,6,2,8
53,21,moe,778,31,7606,2176,2176,5164,181,0,85,0,705,8,5,3,8
53,22,moe,776,34,1917,269,269,1534,51,0,63,0,588,8,7,1,8
53,23,moe,619,30,5416,1793,1793,3453,116,0,54,0,691,8,6,2,8
53,24,moe,770,32,9245,2292,2292,6672,240,0,41,0,706,8,4,4,8
53,25,moe,771,35,8189,2972,2972,5009,181,0,27,0,692,8,5,3,8
53,26,moe,616,32,10900,3964,3964,6671,232,0,33,0,693,8,4,4,8
53,-1,epi,0,0,0,0,0,0,0,0,5369,0,0,0,0,0,0
54,-2,pre,43,0,0,0,0,0,0,0,0,0,0,0,0,0,0
54,0,dense,1388,32,0,0,0,0,0,0,0,0,0,0,0,0,0
54,1,moe,783,33,10,0,0,0,0,0,10,0,692,8,8,0,8
54,2,moe,676,43,9,0,0,0,0,0,9,0,648,8,8,0,8
54,3,moe,595,29,7556,2148,2148,5197,177,0,34,0,660,8,5,3,8
54,4,moe,675,32,9304,2970,2971,6021,216,0,96,0,565,8,4,4,8
54,5,moe,716,34,5734,2630,2630,2970,104,0,30,0,581,8,6,2,8
54,6,moe,703,32,2200,313,313,1772,59,0,56,0,706,8,7,1,8
54,7,moe,627,32,9755,3651,3651,5827,201,0,76,0,607,8,4,4,8
54,8,moe,702,35,2759,1253,1253,1430,53,0,23,0,595,8,7,1,8
54,9,moe,773,36,8135,2776,2776,5104,180,0,75,0,698,8,5,3,8
54,10,moe,722,32,9,0,0,0,0,0,9,0,595,8,8,0,8
54,11,moe,624,29,2698,1033,1033,1545,50,0,70,0,581,8,7,1,8
54,12,moe,732,34,3033,1153,1153,1768,61,0,51,0,691,8,7,1,8
54,13,moe,765,33,7864,3304,3304,4337,151,0,72,0,582,8,5,3,8
54,14,moe,698,32,5082,2100,2100,2856,102,0,24,0,589,8,6,2,8
54,15,moe,661,31,3026,1165,1165,1751,59,0,51,0,713,8,7,1,8
54,16,moe,722,33,1888,289,289,1488,52,0,59,0,585,8,7,1,8
54,17,moe,781,37,1775,275,275,1427,53,0,20,0,577,8,7,1,8
54,18,moe,708,33,3132,1224,1224,1793,63,0,52,0,654,8,7,1,8
54,19,moe,592,38,1906,249,249,1544,53,0,60,0,569,8,7,1,8
54,20,moe,680,37,8,0,0,0,0,0,8,0,564,8,8,0,8
54,21,moe,721,38,5574,1823,1823,3549,125,0,77,0,647,8,6,2,8
54,22,moe,713,35,4903,1697,1697,3034,104,0,68,0,561,8,6,2,8
54,23,moe,589,30,11233,3848,3849,7069,236,0,79,0,654,8,4,4,8
54,24,moe,714,33,8143,2732,2732,5199,177,0,35,0,696,8,5,3,8
54,25,moe,771,37,9662,2698,2698,6684,239,0,41,0,716,8,4,4,8
54,26,moe,630,31,8153,1219,1219,6664,232,0,38,0,699,8,4,4,8
54,-1,epi,0,0,0,0,0,0,0,0,5365,0,0,0,0,0,0
55,-2,pre,217,0,0,0,0,0,0,0,0,0,0,0,0,0,0
55,0,dense,1259,34,0,0,0,0,0,0,0,0,0,0,0,0,0
55,1,moe,715,32,4630,1004,1004,3469,125,0,32,0,650,8,6,2,8
55,2,moe,672,260,12104,6891,6891,5004,177,0,32,0,692,8,5,3,8
55,3,moe,624,38,8809,3606,3606,5000,171,0,32,0,692,8,5,3,8
55,4,moe,696,33,1949,277,277,1551,52,0,69,0,580,8,7,1,8
55,5,moe,765,35,10463,4511,4511,5716,201,0,35,0,576,8,4,4,8
55,6,moe,698,34,6164,2490,2491,3485,115,0,73,0,689,8,6,2,8
55,7,moe,612,35,13133,5544,5544,7256,249,0,84,0,583,8,3,5,8
55,8,moe,691,33,2662,1164,1164,1431,51,0,16,0,580,8,7,1,8
55,9,moe,763,35,3219,1266,1266,1844,58,0,51,0,692,8,7,1,8
55,10,moe,702,44,5348,2208,2208,2967,106,0,67,0,583,8,6,2,8
55,11,moe,605,32,8715,2764,2764,5714,200,0,37,0,582,8,4,4,8
55,12,moe,702,35,3177,1265,1265,1797,59,0,56,0,696,8,7,1,8
55,13,moe,767,37,8565,2451,2451,5835,199,0,80,0,585,8,4,4,8
55,14,moe,704,36,7042,2561,2561,4297,155,0,29,0,581,8,5,3,8
55,15,moe,625,34,8133,2735,2735,5148,180,0,70,0,689,8,5,3,8
55,16,moe,702,37,8956,2869,2869,5800,208,0,79,0,579,8,4,4,8
55,17,moe,767,34,10008,2585,2586,7126,250,0,46,0,579,8,3,5,8
55,18,moe,701,37,5229,1579,1579,3474,116,0,60,0,690,8,6,2,8
55,19,moe,628,33,7032,2422,2422,4376,156,0,78,0,588,8,5,3,8
55,20,moe,720,35,5432,2498,2498,2805,104,0,25,0,590,8,6,2,8
55,21,moe,778,34,7419,2124,2124,5042,179,1,73,0,713,8,5,3,8
55,22,moe,779,34,9883,3879,3879,5716,205,0,83,0,596,8,4,4,8
55,23,moe,649,37,8280,2978,2978,5030,187,0,85,0,786,8,5,3,8
55,24,moe,807,39,7170,1935,1936,5008,189,0,37,0,711,8,5,3,8
55,25,moe,792,40,3567,1579,1579,1837,119,0,32,0,705,8,6,2,8
55,26,moe,635,43,13964,5287,5287,8337,286,0,54,0,702,8,3,5,8
55,-1,epi,0,0,0,0,0,0,0,0,5368,0,0,0,0,0,0
56,-2,pre,212,0,0,0,0,0,0,0,0,0,0,0,0,0,0
56,0,dense,1357,41,0,0,0,0,0,0,0,0,0,0,0,0,0
56,1,moe,787,42,6601,3637,3637,2754,177,0,33,0,704,8,5,3,8
56,2,moe,712,38,5850,2368,2368,3333,122,1,26,0,699,8,6,2,8
56,3,moe,623,35,8821,3606,3606,5000,181,0,34,0,696,8,5,3,8
56,4,moe,708,38,10,0,0,0,0,0,10,0,574,8,8,0,8
56,5,moe,767,34,2734,1091,1091,1512,53,0,78,0,580,8,7,1,8
56,6,moe,716,38,11,0,0,0,0,0,11,0,695,8,8,0,8
56,7,moe,621,34,2711,1207,1207,1432,53,0,19,0,587,8,7,1,8
56,8,moe,725,37,2655,1150,1150,1433,53,0,19,0,577,8,7,1,8
56,9,moe,776,35,4326,639,639,3492,123,0,72,0,694,8,6,2,8
56,10,moe,721,36,4564,1468,1468,2921,105,0,70,0,579,8,6,2,8
56,11,moe,628,34,3923,2227,2227,1572,102,0,22,0,579,8,6,2,8
56,12,moe,698,34,3218,1297,1297,1805,58,0,58,0,691,8,7,1,8
56,13,moe,762,36,5466,2350,2350,2947,101,0,68,0,580,8,6,2,8
56,14,moe,699,36,5149,2163,2163,2856,102,0,28,0,584,8,6,2,8
56,15,moe,610,31,3204,1286,1286,1805,59,0,54,0,696,8,7,1,8
56,16,moe,701,37,3700,547,547,2980,101,0,72,0,575,8,6,2,8
56,17,moe,769,36,2609,1111,1111,1428,52,0,18,0,576,8,7,1,8
56,18,moe,701,34,2523,1375,1375,1028,59,0,61,0,699,8,7,1,8
56,19,moe,613,36,6329,1726,1726,4380,152,0,71,0,578,8,5,3,8
56,20,moe,704,33,4329,1352,1352,2854,100,0,23,0,580,8,6,2,8
56,21,moe,773,37,6371,949,949,5169,178,0,75,0,695,8,5,3,8
56,22,moe,796,41,2215,1239,1239,869,52,0,55,0,584,8,7,1,8
56,23,moe,627,33,5181,2073,2073,2871,173,0,64,0,695,8,5,3,8
56,24,moe,763,35,3891,933,933,2749,174,0,35,0,699,8,5,3,8
56,25,moe,769,36,8031,2810,2810,5012,178,0,31,0,693,8,5,3,8
56,26,moe,625,32,12611,3946,3946,8334,294,0,37,0,694,8,3,5,8
56,-1,epi,0,0,0,0,0,0,0,0,5377,0,0,0,0,0,0
57,-2,pre,66,0,0,0,0,0,0,0,0,0,0,0,0,0,0
57,0,dense,1361,44,0,0,0,0,0,0,0,0,0,0,0,0,0
57,1,moe,786,33,3528,1553,1553,1831,118,0,26,0,699,8,6,2,8
57,2,moe,709,40,10,0,0,0,0,0,10,0,703,8,8,0,8
57,3,moe,625,36,6503,2401,2401,3812,242,0,48,0,653,8,4,4,8
57,4,moe,678,38,10,0,0,0,0,0,10,0,560,8,8,0,8
57,5,moe,725,36,6582,1763,1763,4562,163,0,94,0,568,8,5,3,8
57,6,moe,685,37,3294,1266,1266,1906,63,0,59,0,649,8,7,1,8
57,7,moe,604,37,7531,2754,2755,4538,161,0,77,0,566,8,5,3,8
57,8,moe,668,36,2678,1120,1120,1480,57,0,21,0,562,8,7,1,8
57,9,moe,723,38,10,0,0,0,0,0,10,0,640,8,8,0,8
57,10,moe,678,40,8,0,0,0,0,0,8,0,560,8,8,0,8
57,11,moe,594,34,7952,3319,3319,4441,158,0,34,0,563,8,5,3,8
57,12,moe,666,35,9,0,0,0,0,0,9,0,646,8,8,0,8
57,13,moe,718,37,2720,1160,1160,1486,53,0,21,0,556,8,7,1,8
57,14,moe,665,33,2669,1112,1112,1483,55,0,19,0,564,8,7,1,8
57,15,moe,600,33,4689,2471,2471,2024,120,0,74,0,651,8,6,2,8
57,16,moe,672,34,1284,273,273,893,53,0,65,0,554,8,7,1,8
57,17,moe,709,35,1163,276,276,818,52,0,17,0,560,8,7,1,8
57,18,moe,686,36,2390,1201,1201,1076,60,0,53,0,646,8,7,1,8
57,19,moe,602,37,1962,274,274,1586,52,0,50,0,564,8,7,1,8
57,20,moe,681,35,9,0,0,0,0,0,9,0,564,8,8,0,8
57,21,moe,722,35,4741,2528,2528,2022,121,0,70,0,657,8,6,2,8
57,22,moe,733,37,4640,1404,1404,3056,107,0,73,0,569,8,6,2,8
57,23,moe,586,33,4436,632,632,3620,125,0,59,0,649,8,6,2,8
57,24,moe,719,34,5157,1542,1542,3464,125,0,26,0,655,8,6,2,8
57,25,moe,712,34,3113,1297,1297,1732,64,0,20,0,647,8,7,1,8
57,26,moe,592,34,8011,1878,1878,5712,359,0,62,0,651,8,2,6,8
57,-1,epi,0,0,0,0,0,0,0,0,4460,0,0,0,0,0,0
58,-2,pre,2861,0,0,0,0,0,0,0,0,0,0,0,0,0,0
58,0,dense,1247,42,0,0,0,0,0,0,0,0,0,0,0,0,0
58,1,moe,733,36,4360,2538,2538,1739,63,0,20,0,646,8,7,1,8
58,2,moe,685,38,9,0,0,0,0,0,9,0,646,8,8,0,8
58,3,moe,588,35,8577,3157,3157,5206,180,0,34,0,648,8,5,3,8
58,4,moe,663,34,6532,1721,1721,4567,158,0,86,0,561,8,5,3,8
58,5,moe,711,39,2737,1186,1186,1480,54,0,17,0,561,8,7,1,8
58,6,moe,672,35,9,0,0,0,0,0,9,0,657,8,8,0,8
58,7,moe,604,36,2675,1119,1119,1482,56,0,18,0,564,8,7,1,8
58,8,moe,679,35,2704,1146,1146,1482,54,0,22,0,575,8,7,1,8
58,9,moe,727,35,3222,1232,1232,1860,64,0,66,0,658,8,7,1,8
58,10,moe,677,38,9,0,1,0,0,0,8,0,557,8,8,0,8
58,11,moe,578,34,8,0,1,0,0,0,7,0,556,8,8,0,8
58,12,moe,680,38,9,0,0,0,0,0,9,0,653,8,8,0,8
58,13,moe,726,39,4617,1345,1345,3082,109,0,81,0,557,8,6,2,8
58,14,moe,684,38,9,0,0,0,0,0,9,0,564,8,8,0,8
58,15,moe,597,34,4845,2621,2621,2030,122,0,72,0,654,8,6,2,8
58,16,moe,678,35,2165,1161,1161,888,54,0,62,0,556,8,7,1,8
58,17,moe,719,41,2663,1104,1104,1485,55,0,19,0,575,8,7,1,8
58,18,moe,667,34,9,0,0,0,0,0,9,0,642,8,8,0,8
58,19,moe,597,35,7276,2628,2628,4449,163,0,36,0,565,8,5,3,8
58,20,moe,676,37,1837,280,280,1483,56,0,18,0,558,8,7,1,8
58,21,moe,722,36,2333,314,314,1890,63,0,66,0,651,8,7,1,8
58,22,moe,714,35,4777,1539,1539,3050,109,0,79,0,560,8,6,2,8
58,23,moe,588,33,4429,634,634,3601,124,0,70,0,653,8,6,2,8
58,24,moe,726,35,2291,1253,1253,957,62,0,19,0,653,8,7,1,8
58,25,moe,726,36,4259,649,649,3459,127,0,24,0,654,8,6,2,8
58,26,moe,597,34,5099,2033,2033,2857,179,0,30,0,660,8,5,3,8
58,-1,epi,0,0,0,0,0,0,0,0,4457,0,0,0,0,0,0
59,-2,pre,68,0,0,0,0,0,0,0,0,0,0,0,0,0,0
59,0,dense,1240,32,0,0,0,0,0,0,0,0,0,0,0,0,0
59,1,moe,719,32,10,0,0,0,0,0,10,0,653,8,8,0,8
59,2,moe,681,32,2425,1390,1390,956,60,0,19,0,653,8,7,1,8
59,3,moe,583,44,4399,652,652,3592,129,0,26,0,630,8,6,2,8
59,4,moe,670,34,9,0,0,0,0,0,9,0,543,8,8,0,8
59,5,moe,689,32,9,0,0,0,0,0,9,0,557,8,8,0,8
59,6,moe,662,35,3196,1307,1307,1803,62,0,24,0,633,8,7,1,8
59,7,moe,597,31,2375,1293,1293,955,54,0,73,0,556,8,7,1,8
59,8,moe,679,34,25,0,0,0,0,0,25,0,560,8,8,0,8
59,9,moe,702,32,2390,313,313,1939,75,0,63,0,626,8,7,1,8
59,10,moe,671,34,2192,1151,1151,928,55,0,58,0,553,8,7,1,8
59,11,moe,585,29,2239,1316,1316,847,56,0,20,0,566,8,7,1,8
59,12,moe,656,33,2333,268,268,1945,63,0,57,0,636,8,7,1,8
59,13,moe,690,32,4299,2364,2364,1758,108,0,69,0,556,8,6,2,8
59,14,moe,660,37,3312,1477,1477,1696,109,0,30,0,554,8,6,2,8
59,15,moe,597,30,1548,311,311,1125,62,0,50,0,631,8,7,1,8
59,16,moe,663,33,4812,1478,1478,3159,109,0,66,0,548,8,6,2,8
59,17,moe,680,30,2687,1118,1118,1498,53,0,18,0,566,8,7,1,8
59,18,moe,674,57,3184,1234,1234,1821,71,0,58,0,668,8,7,1,8
59,19,moe,605,37,5562,2331,2331,3031,113,0,87,0,668,8,6,2,8
59,20,moe,673,37,6596,1754,1754,4625,177,0,40,0,558,8,5,3,8
59,21,moe,701,39,7632,3212,3212,4064,254,0,102,0,642,8,4,4,8
59,22,moe,703,36,9472,3831,3831,5193,331,1,116,0,563,8,2,6,8
59,23,moe,595,37,12138,2578,2578,9152,310,0,98,0,640,8,3,5,8
59,24,moe,704,37,9706,2495,2495,6931,240,0,40,0,659,8,4,4,8
59,25,moe,714,32,9218,3096,3096,5713,357,0,52,0,652,8,2,6,8
59,26,moe,596,31,13838,2993,2993,10413,373,0,59,0,651,8,2,6,8
59,-1,epi,0,0,0,0,0,0,0,0,4399,0,0,0,0,0,0
60,-2,pre,50,0,0,0,0,0,0,0,0,0,0,0,0,0,0
60,0,dense,1239,36,0,0,0,0,0,0,0,0,0,0,0,0,0
60,1,moe,720,33,2590,1546,1546,958,63,0,23,0,651,8,7,1,8
60,2,moe,688,30,2270,1233,1233,954,64,0,19,0,646,8,7,1,8
60,3,moe,605,30,7399,3283,3284,3827,248,0,40,0,650,8,4,4,8
60,4,moe,668,32,2195,1168,1168,897,54,0,76,0,574,8,7,1,8
60,5,moe,717,37,2705,1146,1146,1487,53,0,19,0,561,8,7,1,8
60,6,moe,677,32,10,0,0,0,0,0,10,0,655,8,8,0,8
60,7,moe,589,30,8,0,0,0,0,0,8,0,575,8,8,0,8
60,8,moe,706,33,5425,2331,2332,2963,103,0,27,0,562,8,6,2,8
60,9,moe,713,32,2436,1212,1212,1094,61,0,69,0,648,8,7,1,8
60,10,moe,666,32,2196,1169,1169,909,55,0,63,0,568,8,7,1,8
60,11,moe,602,34,1828,273,273,1481,56,0,18,0,557,8,7,1,8
60,12,moe,685,32,1827,669,669,1041,61,0,56,0,650,8,7,1,8
60,13,moe,728,34,8,0,0,0,0,0,8,0,575,8,8,0,8
60,14,moe,668,32,2434,541,542,1705,107,0,80,0,560,8,6,2,8
60,15,moe,592,35,6464,910,910,5293,186,0,75,0,650,8,5,3,8
60,16,moe,674,31,9,0,0,0,0,0,9,0,560,8,8,0,8
60,17,moe,738,32,2227,1223,1223,886,53,0,65,0,557,8,7,1,8
60,18,moe,682,31,8,0,0,0,0,0,8,0,654,8,8,0,8
60,19,moe,592,32,3248,1417,1417,1693,110,0,28,0,562,8,6,2,8
60,20,moe,669,32,2138,1210,1210,851,57,0,20,0,553,8,7,1,8
60,21,moe,685,32,4320,956,956,3084,193,0,87,0,637,8,5,3,8
60,22,moe,691,36,3300,1413,1414,1709,108,0,69,0,568,8,6,2,8
60,23,moe,608,30,9715,2356,2357,7032,249,0,77,0,659,8,4,4,8
60,24,moe,722,33,9757,2550,2550,6930,240,0,37,0,654,8,4,4,8
60,25,moe,720,45,2691,626,626,1916,124,0,25,0,650,8,6,2,8
60,26,moe,601,32,2657,600,600,1906,126,0,25,0,652,8,6,2,8
60,-1,epi,0,0,0,0,0,0,0,0,4457,0,0,0,0,0,0
61,-2,pre,80,0,0,0,0,0,0,0,0,0,0,0,0,0,0
61,0,dense,1249,38,0,0,0,0,0,0,0,0,0,0,0,0,0
61,1,moe,723,36,3555,2485,2486,988,63,0,18,0,626,8,7,1,8
61,2,moe,672,39,4967,2835,2835,1979,127,0,26,0,620,8,6,2,8
61,3,moe,597,39,4181,981,982,2965,196,0,38,0,656,8,5,3,8
61,4,moe,651,37,4844,1465,1466,3185,108,0,85,0,559,8,6,2,8
61,5,moe,706,37,2137,1215,1215,847,57,0,18,0,559,8,7,1,8
61,6,moe,671,38,11,0,0,0,0,0,11,0,624,8,8,0,8
61,7,moe,600,38,2058,1139,1139,848,55,0,16,0,556,8,7,1,8
61,8,moe,658,34,11,0,0,0,0,1,10,0,554,8,8,0,8
61,9,moe,689,38,9,0,0,0,0,0,9,0,620,8,8,0,8
61,10,moe,652,36,9,0,0,0,0,0,9,0,558,8,8,0,8
61,11,moe,597,34,2906,1285,1286,1543,54,0,23,0,561,8,7,1,8
61,12,moe,653,37,10,0,0,0,0,0,10,0,616,8,8,0,8
61,13,moe,704,36,9,0,0,0,0,0,9,0,548,8,8,0,8
61,14,moe,669,41,2772,1153,1153,1540,54,0,25,0,558,8,7,1,8
61,15,moe,581,35,2594,1351,1351,1106,65,0,72,0,628,8,7,1,8
61,16,moe,670,37,10,0,0,0,0,0,10,0,563,8,8,0,8
61,17,moe,699,35,5554,2187,2187,3182,113,0,72,0,550,8,6,2,8
61,18,moe,655,36,9518,3749,3749,5507,188,0,74,0,629,8,5,3,8
61,19,moe,582,35,4759,1405,1405,3183,106,0,65,0,556,8,6,2,8
61,20,moe,660,36,9570,3256,3256,6064,212,0,38,0,564,8,4,4,8
61,21,moe,708,37,12677,6389,6389,5835,357,0,96,0,651,8,2,6,8
61,22,moe,727,36,10065,3770,3770,6006,208,1,80,0,562,8,4,4,8
61,23,moe,584,39,10376,2987,2988,7075,241,0,72,0,646,8,4,4,8
61,24,moe,722,34,8461,1264,1264,6915,239,0,43,0,658,8,4,4,8
61,25,moe,734,37,13459,4420,4420,8675,316,0,48,0,648,8,3,5,8
61,26,moe,602,37,13559,3151,3152,9996,360,0,51,0,646,8,2,6,8
61,-1,epi,0,0,0,0,0,0,0,0,4391,0,0,0,0,0,0
62,-2,pre,39,0,0,0,0,0,0,0,0,0,0,0,0,0,0
62,0,dense,1258,56,0,0,0,0,0,0,0,0,0,0,0,0,0
62,1,moe,719,40,9,0,0,0,0,0,9,0,652,8,8,0,8
62,2,moe,673,34,10,0,0,0,0,0,10,0,645,8,8,0,8
62,3,moe,599,33,5280,2198,2198,2862,186,0,34,0,654,8,5,3,8
62,4,moe,672,36,2001,291,291,1582,54,0,74,0,560,8,7,1,8
62,5,moe,727,39,10,0,0,0,0,0,10,0,559,8,8,0,8
62,6,moe,674,35,2278,322,322,1836,61,0,59,0,645,8,7,1,8
62,7,moe,603,42,9,0,0,0,0,0,9,0,558,8,8,0,8
62,8,moe,686,37,1982,290,290,1575,54,0,63,0,568,8,7,1,8
62,9,moe,733,44,25,0,0,0,0,0,25,0,653,8,8,0,8
62,10,moe,678,36,8,0,0,0,0,0,8,0,561,8,8,0,8
62,11,moe,596,35,3208,1435,1435,1642,107,0,24,0,560,8,6,2,8
62,12,moe,695,36,1523,325,325,1073,61,0,64,0,656,8,7,1,8
62,13,moe,725,37,1310,270,270,922,56,0,62,0,571,8,7,1,8
62,14,moe,674,40,1808,251,251,1482,56,0,19,0,560,8,7,1,8
62,15,moe,590,36,9,0,0,0,0,0,9,0,643,8,8,0,8
62,16,moe,676,34,8,0,0,0,0,0,8,0,556,8,8,0,8
62,17,moe,717,35,9,0,0,0,0,0,9,0,563,8,8,0,8
62,18,moe,679,36,2474,1275,1276,1069,64,0,65,0,650,8,7,1,8
62,19,moe,607,40,4473,1720,1720,2518,159,0,76,0,558,8,5,3,8
62,20,moe,679,35,2104,1211,1212,819,54,0,19,0,570,8,7,1,8
62,21,moe,717,36,5277,2027,2027,2973,186,0,91,0,654,8,5,3,8
62,22,moe,713,34,3316,1401,1401,1730,111,1,73,0,559,8,6,2,8
62,23,moe,588,37,6705,946,946,5498,186,0,75,0,625,8,5,3,8
62,24,moe,697,35,8039,2608,2608,5218,181,0,32,0,655,8,5,3,8
62,25,moe,713,35,6376,966,966,5199,179,0,32,0,649,8,5,3,8
62,26,moe,599,34,7630,2208,2208,5199,188,0,35,0,648,8,5,3,8
62,-1,epi,0,0,0,0,0,0,0,0,4430,0,0,0,0,0,0
63,-2,pre,242,0,0,0,0,0,0,0,0,0,0,0,0,0,0
63,0,dense,1218,40,0,0,0,0,0,0,0,0,0,0,0,0,0
63,1,moe,683,36,1754,676,676,992,63,0,23,0,627,8,7,1,8
63,2,moe,667,38,5892,2708,2709,2966,185,0,32,0,626,8,5,3,8
63,3,moe,607,38,6166,2570,2570,3455,119,0,22,0,643,8,6,2,8
63,4,moe,675,37,1285,260,260,890,54,0,81,0,556,8,7,1,8
63,5,moe,716,36,4585,1490,1490,2966,105,0,24,0,559,8,6,2,8
63,6,moe,672,34,10,0,0,0,0,0,10,0,656,8,8,0,8
63,7,moe,621,38,4508,1384,1384,2973,118,0,33,0,643,8,6,2,8
63,8,moe,682,39,12,0,0,0,0,0,12,0,606,8,8,0,8
63,9,moe,719,38,2291,318,318,1829,67,0,77,0,766,8,7,1,8
63,10,moe,712,44,10,0,0,0,0,0,10,0,594,8,8,0,8
63,11,moe,606,39,9,0,0,0,0,0,9,0,546,8,8,0,8
63,12,moe,679,39,6859,3638,3638,2982,194,0,45,0,636,8,5,3,8
63,13,moe,709,43,2044,304,304,1607,56,0,77,0,559,8,7,1,8
63,14,moe,654,45,4610,1852,1852,2552,167,0,39,0,566,8,5,3,8
63,15,moe,598,35,3977,1685,1685,2089,128,0,75,0,629,8,6,2,8
63,16,moe,660,38,2872,923,923,1777,111,0,61,0,563,8,6,2,8
63,17,moe,704,38,4851,1635,1635,3078,112,0,26,0,555,8,6,2,8
63,18,moe,666,39,3227,1197,1197,1921,62,0,47,0,632,8,7,1,8
63,19,moe,580,34,6816,1836,1836,4726,168,0,86,0,558,8,5,3,8
63,20,moe,676,38,2211,594,594,1541,57,0,19,0,554,8,7,1,8
63,21,moe,707,40,5553,1628,1628,3734,125,0,66,0,635,8,6,2,8
63,22,moe,705,37,7561,3784,3784,3477,217,0,83,0,563,8,4,4,8
63,23,moe,589,36,8,0,0,0,0,0,8,0,616,8,8,0,8
63,24,moe,693,37,8278,2977,2977,4891,308,0,102,0,661,8,3,5,8
63,25,moe,732,40,11131,3918,3918,6930,240,0,43,0,661,8,4,4,8
63,26,moe,602,41,5133,1523,1523,3461,124,0,25,0,646,8,6,2,8
63,-1,epi,0,0,0,0,0,0,0,0,4416,0,0,0,0,0,0
64,-2,pre,48,0,0,0,0,0,0,0,0,0,0,0,0,0,0
64,0,dense,1283,38,0,0,0,0,0,0,0,0,0,0,0,0,0
64,1,moe,730,36,9,0,0,0,0,0,9,0,650,8,8,0,8
64,2,moe,679,34,10,0,0,0,0,0,10,0,648,8,8,0,8
64,3,moe,585,37,8754,1273,1273,7188,248,1,44,0,626,8,4,4,8
64,4,moe,658,35,10,0,0,0,0,0,10,0,555,8,8,0,8
64,5,moe,695,35,1383,286,286,956,57,0,84,0,572,8,7,1,8
64,6,moe,664,40,10,0,0,0,0,0,10,0,632,8,8,0,8
64,7,moe,588,39,3778,556,556,3082,112,0,28,0,558,8,6,2,8
64,8,moe,671,38,4508,2668,2668,1699,115,0,26,0,559,8,6,2,8
64,9,moe,688,38,6198,2856,2856,3066,195,0,81,0,623,8,5,3,8
64,10,moe,662,36,9,0,0,0,0,0,9,0,545,8,8,0,8
64,11,moe,596,35,1330,276,276,931,56,0,67,0,565,8,7,1,8
64,12,moe,652,34,3382,1364,1364,1895,65,0,58,0,644,8,7,1,8
64,13,moe,698,38,2044,286,286,1643,56,0,59,0,561,8,7,1,8
64,14,moe,667,39,2813,975,975,1698,111,0,29,0,556,8,6,2,8
64,15,moe,600,36,9,0,0,0,0,0,9,0,621,8,8,0,8
64,16,moe,661,35,8,0,0,0,0,0,8,0,552,8,8,0,8
64,17,moe,688,38,3017,1402,1402,1540,58,0,17,0,563,8,7,1,8
64,18,moe,662,39,8,0,1,0,0,0,7,0,625,8,8,0,8
64,19,moe,580,51,3795,583,583,3074,111,0,27,0,553,8,6,2,8
64,20,moe,680,40,9,0,0,0,0,0,9,0,562,8,8,0,8
64,21,moe,695,40,7450,3003,3003,4093,257,0,97,0,632,8,4,4,8
64,22,moe,687,39,5935,982,982,4701,162,0,90,0,551,8,5,3,8
64,23,moe,2929,34,2241,297,297,1834,62,0,48,0,644,8,7,1,8
64,24,moe,719,35,8421,2997,2997,5204,186,0,34,0,656,8,5,3,8
64,25,moe,721,35,5236,1607,1607,3476,122,0,31,0,654,8,6,2,8
64,26,moe,602,34,8457,1252,1252,6924,239,0,42,0,647,8,4,4,8
64,-1,epi,0,0,0,0,0,0,0,0,4448,0,0,0,0,0,0
65,-2,pre,207,0,0,0,0,0,0,0,0,0,0,0,0,0,0
65,0,dense,1235,35,0,0,0,0,0,0,0,0,0,0,0,0,0
65,1,moe,716,33,6923,3733,3733,2965,193,0,32,0,624,8,5,3,8
65,2,moe,662,32,8362,2732,2733,5402,195,0,32,0,632,8,5,3,8
65,3,moe,588,28,1688,655,655,953,62,0,18,0,661,8,7,1,8
65,4,moe,668,30,3400,1481,1481,1723,109,0,87,0,563,8,6,2,8
65,5,moe,729,33,9,0,0,0,0,0,9,0,556,8,8,0,8
65,6,moe,686,32,4963,2748,2748,2014,121,0,80,0,650,8,6,2,8
65,7,moe,596,31,4080,2200,2200,1704,105,0,71,0,561,8,6,2,8
65,8,moe,678,31,9,0,1,0,0,0,8,0,554,8,8,0,8
65,9,moe,712,30,8,0,0,0,0,0,8,0,652,8,8,0,8
65,10,moe,672,30,4073,2261,2261,1679,106,0,27,0,555,8,6,2,8
65,11,moe,594,29,6169,3415,3415,2554,160,0,40,0,562,8,5,3,8
65,12,moe,664,33,2423,1196,1196,1093,62,0,72,0,624,8,7,1,8
65,13,moe,690,30,2175,1136,1136,921,57,0,61,0,559,8,7,1,8
65,14,moe,651,31,3219,1391,1391,1693,108,0,27,0,560,8,6,2,8
65,15,moe,596,30,7488,3146,3146,4006,244,0,92,0,644,8,4,4,8
65,16,moe,667,32,4113,2234,2234,1703,104,0,72,0,558,8,6,2,8
65,17,moe,721,35,5188,2546,2546,2456,154,0,32,0,564,8,5,3,8
65,18,moe,673,38,8234,3929,3929,3961,247,0,97,0,651,8,4,4,8
65,19,moe,600,31,14684,4133,4134,10047,378,0,125,0,566,8,1,7,8
65,20,moe,675,35,4042,2262,2262,1641,111,0,28,0,562,8,6,2,8
65,21,moe,715,32,9265,3648,3648,5351,181,0,85,0,647,8,5,3,8
65,22,moe,713,32,11172,5746,5747,4993,319,0,113,0,570,8,2,6,8
65,23,moe,10027,34,6094,2312,2312,3591,121,0,70,0,651,8,6,2,8
65,24,moe,708,31,10312,3085,3085,6930,249,0,48,0,656,8,4,4,8
65,25,moe,726,32,8990,3568,3568,5202,185,0,35,0,645,8,5,3,8
65,26,moe,604,34,3027,1236,1236,1711,61,0,19,0,695,8,7,1,8
65,-1,epi,0,0,0,0,0,0,0,0,5328,0,0,0,0,0,0
66,-2,pre,37,0,0,0,0,0,0,0,0,0,0,0,0,0,0
66,0,dense,1380,31,0,0,0,0,0,0,0,0,0,0,0,0,0
66,1,moe,783,34,5813,2775,2777,2815,183,0,38,0,655,8,5,3,8
66,2,moe,681,34,11,0,0,0,0,0,11,0,653,8,8,0,8
66,3,moe,608,31,5416,1784,1784,3481,122,0,29,0,647,8,6,2,8
66,4,moe,667,30,2493,571,571,1730,104,0,88,0,569,8,6,2,8
66,5,moe,732,31,9,0,0,0,0,0,9,0,568,8,8,0,8
66,6,moe,682,33,9,0,0,0,0,0,9,0,647,8,8,0,8
66,7,moe,602,29,9,0,0,0,0,0,9,0,559,8,8,0,8
66,8,moe,673,31,2733,1173,1173,1484,54,0,22,0,569,8,7,1,8
66,9,moe,722,34,2347,318,318,1895,64,0,70,0,649,8,7,1,8
66,10,moe,684,31,8,0,0,0,0,0,8,0,562,8,8,0,8
66,11,moe,591,29,5861,2163,2163,3378,215,0,105,0,565,8,4,4,8
66,12,moe,695,33,1507,323,323,1064,59,0,61,0,655,8,7,1,8
66,13,moe,717,32,1963,277,277,1572,53,0,61,0,560,8,7,1,8
66,14,moe,674,33,10,0,0,0,0,0,10,0,559,8,8,0,8
66,15,moe,585,28,3816,1611,1611,2013,126,0,66,0,645,8,6,2,8
66,16,moe,681,33,3731,542,542,3014,106,0,69,0,563,8,6,2,8
66,17,moe,732,32,2324,545,545,1647,104,0,28,0,573,8,6,2,8
66,18,moe,674,35,3207,1252,1252,1835,61,0,59,0,653,8,7,1,8
66,19,moe,594,32,2437,555,555,1701,109,0,72,0,561,8,6,2,8
66,20,moe,694,32,9,0,0,0,0,0,9,0,559,8,8,0,8
66,21,moe,726,34,2827,640,641,1993,118,0,75,0,659,8,6,2,8
66,22,moe,721,30,1657,652,652,883,56,0,66,0,557,8,7,1,8
66,23,moe,597,30,3702,1516,1516,2001,126,1,58,0,649,8,6,2,8
66,24,moe,715,32,3649,1569,1569,1927,126,0,27,0,631,8,6,2,8
66,25,moe,696,32,3829,1654,1654,1990,155,0,30,0,646,8,6,2,8
66,26,moe,632,36,6827,4676,4676,1979,136,0,36,0,683,8,6,2,8
66,-1,epi,0,0,0,0,0,0,0,0,4085,0,0,0,0,0,0
67,-2,pre,295,0,0,0,0,0,0,0,0,0,0,0,0,0,0
67,0,dense,1215,43,0,0,0,0,0,0,0,0,0,0,0,0,0
67,1,moe,690,40,7567,3289,3289,3974,246,0,58,0,635,8,4,4,8
67,2,moe,670,44,2576,1486,1486,994,66,0,30,0,630,8,7,1,8
67,3,moe,593,37,9199,4929,4929,3964,254,0,52,0,629,8,4,4,8
67,4,moe,652,37,3474,1479,1479,1792,113,0,90,0,562,8,6,2,8
67,5,moe,687,38,8189,3363,3363,4621,165,0,40,0,557,8,5,3,8
67,6,moe,666,38,10,0,0,0,0,0,10,0,616,8,8,0,8
67,7,moe,589,38,2089,1158,1158,853,55,0,23,0,559,8,7,1,8
67,8,moe,670,40,4215,2371,2371,1702,112,0,30,0,559,8,6,2,8
67,9,moe,690,37,10,0,0,0,0,0,10,0,613,8,8,0,8
67,10,moe,663,37,9815,3542,3542,6005,217,0,51,0,577,8,4,4,8
67,11,moe,606,34,6258,2707,2707,3294,206,0,51,0,567,8,4,4,8
67,12,moe,665,34,1497,307,307,1059,61,0,70,0,654,8,7,1,8
67,13,moe,721,37,4236,2344,2344,1708,105,0,79,0,569,8,6,2,8
67,14,moe,681,37,1998,1098,1098,823,54,0,23,0,570,8,7,1,8
67,15,moe,582,34,7325,3074,3074,3915,238,0,98,0,651,8,4,4,8
67,16,moe,676,34,3297,1406,1406,1711,103,1,76,0,562,8,6,2,8
67,17,moe,715,43,5126,2465,2465,2461,161,1,38,0,565,8,5,3,8
67,18,moe,664,36,2358,1170,1170,1061,63,0,64,0,648,8,7,1,8
67,19,moe,600,39,5711,2034,2034,3366,215,0,96,0,570,8,4,4,8
67,20,moe,678,35,4219,2426,2426,1654,109,0,30,0,575,8,6,2,8
67,21,moe,716,45,12609,3413,3413,8788,305,0,103,0,648,8,3,5,8
67,22,moe,719,36,5162,2364,2364,2553,157,0,88,0,565,8,5,3,8
67,23,moe,602,36,7610,3373,3373,3911,239,0,87,0,649,8,4,4,8
67,24,moe,716,37,8499,3390,3390,4755,299,0,55,0,658,8,3,5,8
67,25,moe,725,38,6646,3550,3550,2867,186,1,42,0,654,8,5,3,8
67,26,moe,604,33,10397,5270,5271,4774,295,0,57,0,654,8,3,5,8
67,-1,epi,0,0,0,0,0,0,0,0,4420,0,0,0,0,0,0
68,-2,pre,210,0,0,0,0,0,0,0,0,0,0,0,0,0,0
68,0,dense,1243,38,0,0,0,0,0,0,0,0,0,0,0,0,0
68,1,moe,714,35,8942,3815,3815,4770,298,0,59,0,656,8,3,5,8
68,2,moe,675,35,4608,2550,2550,1908,120,0,30,0,650,8,6,2,8
68,3,moe,600,33,4407,2345,2345,1912,120,0,30,0,654,8,6,2,8
68,4,moe,659,35,8002,4355,4355,3341,206,0,100,0,564,8,4,4,8
68,5,moe,713,45,9,0,0,0,0,0,9,0,548,8,8,0,8
68,6,moe,664,34,2427,1245,1245,1057,62,0,63,0,647,8,7,1,8
68,7,moe,581,33,9,0,0,0,0,0,9,0,552,8,8,0,8
68,8,moe,672,33,8,0,0,0,0,0,8,0,567,8,8,0,8
68,9,moe,722,35,2283,1243,1244,956,62,0,21,0,643,8,7,1,8
68,10,moe,668,34,3308,1407,1407,1709,105,0,87,0,567,8,6,2,8
68,11,moe,595,43,4254,1603,1603,2455,158,0,38,0,572,8,5,3,8
68,12,moe,682,47,1689,460,460,1094,59,0,76,0,654,8,7,1,8
68,13,moe,721,39,2179,1173,1173,883,54,0,69,0,562,8,7,1,8
68,14,moe,678,35,1181,284,284,822,54,0,21,0,561,8,7,1,8
68,15,moe,599,37,3804,1599,1599,2019,121,0,65,0,648,8,6,2,8
68,16,moe,670,36,8,0,0,0,0,0,8,0,555,8,8,0,8
68,17,moe,707,35,1305,267,267,919,52,0,67,0,559,8,7,1,8
68,18,moe,662,35,9,0,0,0,0,0,9,0,644,8,8,0,8
68,19,moe,587,33,6402,1746,1747,4452,162,0,41,0,585,8,5,3,8
68,20,moe,677,34,1210,282,282,852,56,0,20,0,551,8,7,1,8
68,21,moe,689,36,9,0,0,0,0,0,9,0,619,8,8,0,8
68,22,moe,692,39,3772,556,557,3073,111,0,31,0,563,8,6,2,8
68,23,moe,601,38,1535,309,309,1096,63,0,67,0,629,8,7,1,8
68,24,moe,705,37,4866,2738,2739,1974,125,0,28,0,628,8,6,2,8
68,25,moe,695,39,4151,960,960,2965,185,0,41,0,624,8,5,3,8
68,26,moe,601,39,5283,2095,2096,2962,187,0,38,0,634,8,5,3,8
68,-1,epi,0,0,0,0,0,0,0,0,3829,0,0,0,0,0,0
69,-2,pre,47,0,0,0,0,0,0,0,0,0,0,0,0,0,0
69,0,dense,1210,39,0,0,0,0,0,0,0,0,0,0,0,0,0
69,1,moe,693,37,3770,1625,1625,1983,129,1,32,0,626,8,6,2,8
69,2,moe,662,40,10,0,0,0,0,0,10,0,617,8,8,0,8
69,3,moe,580,33,6028,2834,2834,2966,187,0,41,0,626,8,5,3,8
69,4,moe,650,40,2214,1151,1151,922,57,0,84,0,554,8,7,1,8
69,5,moe,688,36,8,0,0,0,0,0,8,0,549,8,8,0,8
69,6,moe,659,35,9,0,0,0,0,0,9,0,619,8,8,0,8
69,7,moe,577,34,3962,2111,2111,1707,113,0,31,0,562,8,6,2,8
69,8,moe,651,35,1192,265,265,850,58,0,19,0,558,8,7,1,8
69,9,moe,686,45,10,0,0,0,0,0,10,0,615,8,8,0,8
69,10,moe,664,36,5552,2328,2328,3073,114,0,37,0,557,8,6,2,8
69,11,moe,590,34,3269,1430,1430,1696,114,0,29,0,558,8,6,2,8
69,12,moe,656,36,9,0,0,0,0,0,9,0,616,8,8,0,8
69,13,moe,685,35,8,0,0,0,0,0,8,0,552,8,8,0,8
69,14,moe,664,37,1896,283,283,1534,58,0,21,0,557,8,7,1,8
69,15,moe,594,34,1558,302,302,1120,64,0,72,0,621,8,7,1,8
69,16,moe,664,38,10,0,0,0,0,0,10,0,549,8,8,0,8
69,17,moe,699,36,9,0,0,0,0,0,9,0,547,8,8,0,8
69,18,moe,671,39,8,0,0,0,0,0,8,0,629,8,8,0,8
69,19,moe,597,39,9,0,0,0,0,0,9,0,553,8,8,0,8
69,20,moe,667,35,2968,1218,1218,1613,57,0,80,0,558,8,7,1,8
69,21,moe,711,37,2551,1305,1305,1125,63,0,58,0,626,8,7,1,8
69,22,moe,689,35,9,0,0,0,0,0,9,0,551,8,8,0,8
69,23,moe,684,35,9,0,0,0,0,0,9,0,624,8,8,0,8
69,24,moe,689,35,1380,306,306,990,65,0,19,0,634,8,7,1,8
69,25,moe,691,38,1402,317,317,991,73,0,21,0,635,8,7,1,8
69,26,moe,590,35,2742,1669,1669,988,65,0,20,0,620,8,7,1,8
69,-1,epi,0,0,0,0,0,0,0,0,3820,0,0,0,0,0,0
70,-2,pre,44,0,0,0,0,0,0,0,0,0,0,0,0,0,0
70,0,dense,1173,38,0,0,0,0,0,0,0,0,0,0,0,0,0
70,1,moe,687,35,3870,1712,1712,1989,131,0,38,0,632,8,6,2,8
70,2,moe,656,35,9,0,0,0,0,0,9,0,634,8,8,0,8
70,3,moe,585,36,5188,1968,1968,2979,198,0,43,0,630,8,5,3,8
70,4,moe,662,36,2056,292,292,1627,57,0,80,0,555,8,7,1,8
70,5,moe,684,36,2337,1407,1407,853,56,0,21,0,555,8,7,1,8
70,6,moe,669,36,12,0,0,0,0,0,12,0,623,8,8,0,8
70,7,moe,583,34,2132,1209,1210,849,55,0,18,0,554,8,7,1,8
70,8,moe,658,40,2762,1141,1141,1540,58,0,23,0,552,8,7,1,8
70,9,moe,699,37,10,0,0,0,0,0,10,0,616,8,8,0,8
70,10,moe,659,36,5492,2262,2262,3082,112,0,36,0,559,8,6,2,8
70,11,moe,593,36,3239,1389,1389,1695,109,0,46,0,567,8,6,2,8
70,12,moe,655,36,3862,1561,1561,2087,131,0,83,0,630,8,6,2,8
70,13,moe,715,37,4158,2184,2184,1781,109,0,84,0,554,8,6,2,8
70,14,moe,663,35,2053,1128,1128,852,55,0,18,0,568,8,7,1,8
70,15,moe,594,34,1577,325,325,1113,67,0,72,0,620,8,7,1,8
70,16,moe,651,37,8,0,0,0,0,0,8,0,542,8,8,0,8
70,17,moe,681,36,9,0,0,0,0,0,9,0,539,8,8,0,8
70,18,moe,651,40,1401,328,328,988,65,0,20,0,624,8,7,1,8
70,19,moe,583,40,10,0,0,0,0,0,10,0,546,8,8,0,8
70,20,moe,669,36,2190,1131,1131,925,54,0,80,0,563,8,7,1,8
70,21,moe,685,36,10,0,0,0,0,0,10,0,625,8,8,0,8
70,22,moe,692,30,1224,297,298,850,57,0,19,0,556,8,7,1,8
70,23,moe,585,30,3877,1621,1621,2054,125,0,77,0,627,8,6,2,8
70,24,moe,707,30,4386,636,636,3588,129,0,33,0,636,8,6,2,8
70,25,moe,699,32,3675,1536,1537,1976,131,0,31,0,632,8,6,2,8
70,26,moe,601,33,2206,329,329,1791,67,0,19,0,623,8,7,1,8
70,-1,epi,0,0,0,0,0,0,0,0,3834,0,0,0,0,0,0
71,-2,pre,41,0,0,0,0,0,0,0,0,0,0,0,0,0,0
71,0,dense,1210,30,0,0,0,0,0,0,0,0,0,0,0,0,0
71,1,moe,691,32,9,0,0,0,0,0,9,0,618,8,8,0,8
71,2,moe,665,30,1392,318,318,988,65,0,21,0,622,8,7,1,8
71,3,moe,600,30,6309,2542,2542,3605,132,0,30,0,627,8,6,2,8
71,4,moe,665,33,9,0,0,0,0,0,9,0,555,8,8,0,8
71,5,moe,693,31,3521,1544,1544,1773,113,1,90,0,556,8,6,2,8
71,6,moe,669,36,9,0,0,0,0,0,9,0,623,8,8,0,8
71,7,moe,599,30,2119,1184,1184,853,57,0,25,0,561,8,7,1,8
71,8,moe,658,32,9,0,0,0,0,0,9,0,556,8,8,0,8
71,9,moe,689,31,1557,318,318,1088,69,0,82,0,814,8,7,1,8
71,10,moe,640,31,2212,1160,1160,917,61,0,74,0,656,8,7,1,8
71,11,moe,603,31,1209,268,268,859,58,0,24,0,658,8,7,1,8
71,12,moe,661,44,10,0,0,0,0,0,10,0,744,8,8,0,8
71,13,moe,709,33,2053,1124,1124,848,58,0,23,0,619,8,7,1,8
71,14,moe,670,32,8394,3819,3819,4243,271,0,61,0,567,8,3,5,8
71,15,moe,603,40,2365,313,313,1928,66,0,58,0,630,8,7,1,8
71,16,moe,663,33,2860,1108,1108,1618,58,0,76,0,554,8,7,1,8
71,17,moe,705,32,1883,269,269,1536,58,0,20,0,563,8,7,1,8
71,18,moe,664,33,3324,1306,1306,1883,66,0,69,0,627,8,7,1,8
71,19,moe,585,30,2189,1143,1143,932,56,0,58,0,555,8,7,1,8
71,20,moe,685,32,9,0,0,0,0,0,9,0,561,8,8,0,8
71,21,moe,694,38,10,0,0,0,0,0,10,0,627,8,8,0,8
71,22,moe,707,31,9,0,0,0,0,0,9,0,547,8,8,0,8
71,23,moe,585,29,5546,2178,2178,3081,187,0,100,0,631,8,5,3,8
71,24,moe,698,36,2301,1219,1219,992,63,3,24,0,623,8,7,1,8
71,25,moe,691,40,2222,340,340,1795,65,0,22,0,631,8,7,1,8
71,26,moe,599,35,6126,2356,2359,3607,129,0,31,0,628,8,6,2,8
71,-1,epi,0,0,0,0,0,0,0,0,3816,0,0,0,0,0,0
72,-2,pre,211,0,0,0,0,0,0,0,0,0,0,0,0,0,0
72,0,dense,1172,33,0,0,0,0,0,0,0,0,0,0,0,0,0
72,1,moe,681,33,6761,2501,2501,3961,246,0,53,0,638,8,4,4,8
72,2,moe,664,33,6892,3697,3697,2969,186,0,40,0,629,8,5,3,8
72,3,moe,593,33,4469,1275,1275,2964,184,0,46,0,637,8,5,3,8
72,4,moe,658,32,1342,275,275,932,54,0,81,0,554,8,7,1,8
72,5,moe,685,31,2289,666,666,1541,57,1,24,0,553,8,7,1,8
72,6,moe,673,35,3334,1254,1254,1939,66,0,75,0,628,8,7,1,8
72,7,moe,598,31,2233,1173,1173,942,55,0,63,0,553,8,7,1,8
72,8,moe,667,32,4168,2325,2325,1705,110,0,28,0,552,8,6,2,8
72,9,moe,686,32,4838,2555,2556,2080,124,0,78,0,625,8,6,2,8
72,10,moe,658,36,10,0,0,0,0,0,10,0,542,8,8,0,8
72,11,moe,598,34,6670,1699,1699,4705,168,0,98,0,558,8,5,3,8
72,12,moe,671,33,6280,2358,2358,3733,130,0,59,0,624,8,6,2,8
72,13,moe,686,31,2002,274,274,1606,57,0,65,0,558,8,7,1,8
72,14,moe,670,32,3271,1433,1433,1700,108,0,30,0,564,8,6,2,8
72,15,moe,595,29,7743,2008,2008,5460,194,0,81,0,621,8,5,3,8
72,16,moe,656,33,5752,2366,2366,3198,112,0,76,0,575,8,6,2,8
72,17,moe,698,31,2010,1083,1083,850,55,0,22,0,560,8,7,1,8
72,18,moe,657,34,2513,1288,1288,1105,65,0,55,0,626,8,7,1,8
72,19,moe,587,34,4779,1422,1422,3173,114,0,70,0,553,8,6,2,8
72,20,moe,746,36,6591,4752,4752,1700,109,0,30,0,560,8,6,2,8
72,21,moe,689,36,7983,2194,2194,5512,191,0,86,0,624,8,5,3,8
72,22,moe,710,37,2923,1173,1173,1629,58,0,63,0,554,8,7,1,8
72,23,moe,602,36,5906,1963,1963,3749,129,0,65,0,630,8,6,2,8
72,24,moe,689,35,3709,1579,1580,1975,124,0,30,0,628,8,6,2,8
72,25,moe,687,35,7384,3105,3106,3983,249,0,46,0,621,8,4,4,8
72,26,moe,589,39,7367,3105,3105,3962,246,0,54,0,623,8,4,4,8
72,-1,epi,0,0,0,0,0,0,0,0,3819,0,0,0,0,0,0
73,-2,pre,274,0,0,0,0,0,0,0,0,0,0,0,0,0,0
73,0,dense,1170,38,0,0,0,0,0,0,0,0,0,0,0,0,0
73,1,moe,692,40,11621,4113,4113,7206,257,0,45,0,626,8,4,4,8
73,2,moe,659,36,5807,2615,2617,2967,184,0,39,0,622,8,5,3,8
73,3,moe,595,49,5193,1982,1982,2969,187,0,55,0,634,8,5,3,8
73,4,moe,659,36,3395,1430,1430,1763,109,0,93,0,550,8,6,2,8
73,5,moe,684,38,9,0,0,0,0,0,9,0,550,8,8,0,8
73,6,moe,652,38,9,0,0,0,0,0,9,0,624,8,8,0,8
73,7,moe,588,35,2125,1196,1196,853,54,0,22,0,556,8,7,1,8
73,8,moe,664,39,4017,2182,2183,1695,109,0,30,0,555,8,6,2,8
73,9,moe,691,36,2642,1404,1404,1091,63,0,84,0,636,8,7,1,8
73,10,moe,661,68,5597,2734,2734,2610,164,0,89,0,555,8,5,3,8
73,11,moe,582,40,3238,1400,1401,1699,108,0,30,0,553,8,6,2,8
73,12,moe,657,35,1583,325,325,1129,63,0,66,0,623,8,7,1,8
73,13,moe,686,37,2157,1110,1111,926,55,0,65,0,549,8,7,1,8
73,14,moe,663,37,6126,3379,3379,2546,163,0,38,0,560,8,5,3,8
73,15,moe,581,35,3845,1566,1566,2077,124,0,78,0,627,8,6,2,8
73,16,moe,654,37,2186,1146,1146,923,55,0,62,0,548,8,7,1,8
73,17,moe,680,35,9,0,0,0,0,0,9,0,542,8,8,0,8
73,18,moe,657,35,6209,2851,2852,3085,185,0,87,0,636,8,5,3,8
73,19,moe,589,36,4733,1859,1859,2625,162,0,87,0,559,8,5,3,8
73,20,moe,662,41,5464,2246,2246,3073,114,0,31,0,560,8,6,2,8
73,21,moe,692,37,9571,3743,3743,5547,195,0,86,0,635,8,5,3,8
73,22,moe,684,37,5404,2538,2538,2617,161,0,88,0,550,8,5,3,8
73,23,moe,583,35,6918,3594,3595,3062,186,0,75,0,632,8,5,3,8
73,24,moe,8070,38,11595,4065,4066,7223,255,0,51,0,636,8,4,4,8
73,25,moe,702,36,8458,2826,2826,5398,192,0,42,0,626,8,5,3,8
73,26,moe,590,38,2203,321,321,1795,65,0,22,0,623,8,7,1,8
73,-1,epi,0,0,0,0,0,0,0,0,3832,0,0,0,0,0,0
74,-2,pre,44,0,0,0,0,0,0,0,0,0,0,0,0,0,0
74,0,dense,1196,39,0,0,0,0,0,0,0,0,0,0,0,0,0
74,1,moe,684,37,2216,319,319,1801,66,0,30,0,626,8,7,1,8
74,2,moe,676,44,2221,336,336,1802,65,0,18,0,621,8,7,1,8
74,3,moe,582,36,2360,1288,1288,987,63,0,22,0,638,8,7,1,8
74,4,moe,656,39,3605,1629,1629,1778,108,0,90,0,558,8,6,2,8
74,5,moe,688,35,9,0,0,0,0,0,9,0,547,8,8,0,8
74,6,moe,666,35,3288,1197,1197,1955,71,0,65,0,623,8,7,1,8
74,7,moe,592,36,9,0,1,0,0,0,8,0,545,8,8,0,8
74,8,moe,663,34,2230,1176,1176,918,55,0,81,0,552,8,7,1,8
74,9,moe,690,41,2503,1262,1262,1112,63,0,66,0,621,8,7,1,8
74,10,moe,653,38,9,0,0,0,0,0,9,0,544,8,8,0,8
74,11,moe,585,36,9,0,0,0,0,0,9,0,549,8,8,0,8
74,12,moe,662,40,2776,640,640,1974,128,0,34,0,628,8,6,2,8
74,13,moe,688,38,2172,1126,1126,912,56,0,78,0,554,8,7,1,8
74,14,moe,649,36,5231,2476,2476,2552,162,0,41,0,557,8,5,3,8
74,15,moe,593,35,4091,1804,1804,2084,128,0,75,0,632,8,6,2,8
74,16,moe,663,34,3723,858,858,2617,163,0,85,0,556,8,5,3,8
74,17,moe,689,37,3242,1407,1407,1695,110,0,30,0,550,8,6,2,8
74,18,moe,668,39,4764,2465,2465,2106,123,1,69,0,624,8,6,2,8
74,19,moe,593,34,5575,2703,2703,2625,163,0,84,0,554,8,5,3,8
74,20,moe,658,36,3238,1398,1398,1699,110,0,31,0,556,8,6,2,8
74,21,moe,681,37,5314,1961,1961,3073,186,0,94,0,626,8,5,3,8
74,22,moe,684,35,4747,1873,1873,2629,162,0,83,0,553,8,5,3,8
74,23,moe,585,34,4698,2409,2409,2100,126,0,63,0,629,8,6,2,8
74,24,moe,696,41,4044,1908,1908,1982,127,0,27,0,632,8,6,2,8
74,25,moe,684,35,1398,328,328,987,65,0,18,0,632,8,7,1,8
74,26,moe,605,35,2755,621,621,1977,126,0,31,0,628,8,6,2,8
74,-1,epi,0,0,0,0,0,0,0,0,3820,0,0,0,0,0,0
75,-2,pre,51,0,0,0,0,0,0,0,0,0,0,0,0,0,0
75,0,dense,1202,41,0,0,0,0,0,0,0,0,0,0,0,0,0
75,1,moe,696,37,5431,1650,1650,3607,142,0,32,0,653,8,6,2,8
75,2,moe,672,47,10,0,0,0,0,0,10,0,635,8,8,0,8
75,3,moe,580,37,9,0,0,0,0,0,9,0,745,8,8,0,8
75,4,moe,660,42,10,0,0,0,0,0,10,0,606,8,8,0,8
75,5,moe,710,43,2999,1260,1260,1607,64,1,67,0,655,8,7,1,8
75,6,moe,670,41,10,0,0,0,0,0,10,0,656,8,8,0,8
75,7,moe,614,42,2746,1122,1122,1539,61,0,24,0,623,8,7,1,8
75,8,moe,660,37,1891,275,275,1534,62,0,20,0,566,8,7,1,8
75,9,moe,699,38,10,0,0,0,0,0,10,0,625,8,8,0,8
75,10,moe,662,37,8,0,0,0,0,0,8,0,570,8,8,0,8
75,11,moe,589,38,4729,1491,1491,3092,112,0,34,0,577,8,6,2,8
75,12,moe,674,65,9,0,0,0,0,0,9,0,633,8,8,0,8
75,13,moe,705,40,8404,3575,3575,4621,167,0,41,0,573,8,5,3,8
75,14,moe,666,39,10,0,0,0,0,0,10,0,562,8,8,0,8
75,15,moe,583,37,9,0,0,0,0,0,9,0,637,8,8,0,8
75,16,moe,664,39,8545,3707,3708,4629,168,0,40,0,567,8,5,3,8
75,17,moe,691,215,8905,4073,4073,4625,167,0,40,0,570,8,5,3,8
75,18,moe,668,43,3610,1514,1515,1956,68,0,71,0,645,8,7,1,8
75,19,moe,591,35,5003,2121,2121,2626,162,0,94,0,580,8,5,3,8
75,20,moe,670,39,2096,1172,1172,847,54,0,23,0,573,8,7,1,8
75,21,moe,694,37,3861,1537,1537,2122,124,0,78,0,637,8,6,2,8
75,22,moe,697,37,10,0,0,0,0,0,10,0,551,8,8,0,8
75,23,moe,596,38,5501,1756,1756,3586,131,0,28,0,636,8,6,2,8
75,24,moe,709,39,3311,1425,1425,1799,64,0,23,0,636,8,7,1,8
75,25,moe,696,40,9253,4996,4996,3957,248,0,52,0,646,8,4,4,8
75,26,moe,598,37,5296,1536,1537,3598,130,0,31,0,635,8,6,2,8
75,-1,epi,0,0,0,0,0,0,0,0,3818,0,0,0,0,0,0
76,-2,pre,64,0,0,0,0,0,0,0,0,0,0,0,0,0,0
76,0,dense,1171,39,0,0,0,0,0,0,0,0,0,0,0,0,0
76,1,moe,684,36,10,0,0,0,0,0,10,0,624,8,8,0,8
76,2,moe,660,67,2318,1240,1240,993,65,0,20,0,634,8,7,1,8
76,3,moe,587,36,9,0,0,0,0,0,9,0,627,8,8,0,8
76,4,moe,660,36,3458,1461,1462,1797,110,0,89,0,564,8,6,2,8
76,5,moe,709,43,2868,1238,1238,1537,56,0,37,0,570,8,7,1,8
76,6,moe,665,42,10,0,0,0,0,0,10,0,631,8,8,0,8
76,7,moe,588,39,8,0,0,0,0,0,8,0,557,8,8,0,8
76,8,moe,655,35,8,0,0,0,0,0,8,0,560,8,8,0,8
76,9,moe,688,36,6380,2443,2443,3716,130,0,91,0,633,8,6,2,8
76,10,moe,658,39,3389,1430,1430,1772,110,0,77,0,564,8,6,2,8
76,11,moe,574,35,8,0,0,0,0,0,8,0,557,8,8,0,8
76,12,moe,660,36,9,0,0,0,0,0,9,0,637,8,8,0,8
76,13,moe,695,36,5538,2306,2306,3089,112,0,31,0,563,8,6,2,8
76,14,moe,689,39,9,0,1,0,0,0,8,0,549,8,8,0,8
76,15,moe,578,38,4921,2624,2624,2089,126,0,82,0,632,8,6,2,8
76,16,moe,653,38,4805,1442,1442,3160,113,0,90,0,562,8,6,2,8
76,17,moe,689,32,2097,1165,1165,847,56,3,26,0,567,8,7,1,8
76,18,moe,657,33,9,0,0,0,0,0,9,0,625,8,8,0,8
76,19,moe,599,33,4684,1463,1463,3076,112,0,33,0,567,8,6,2,8
76,20,moe,676,33,1903,288,288,1536,57,0,22,0,564,8,7,1,8
76,21,moe,696,31,9,0,0,0,0,0,9,0,639,8,8,0,8
76,22,moe,699,32,5414,2168,2170,3077,113,0,54,0,562,8,6,2,8
76,23,moe,605,35,8768,2961,2961,5514,192,0,101,0,635,8,5,3,8
76,24,moe,700,35,7367,3111,3111,3956,253,0,47,0,644,8,4,4,8
76,25,moe,693,32,2779,638,638,1984,127,0,30,0,637,8,6,2,8
76,26,moe,595,31,8408,4142,4142,3963,252,0,51,0,633,8,4,4,8
76,-1,epi,0,0,0,0,0,0,0,0,3811,0,0,0,0,0,0
77,-2,pre,203,0,0,0,0,0,0,0,0,0,0,0,0,0,0
77,0,dense,1184,37,0,0,0,0,0,0,0,0,0,0,0,0,0
77,1,moe,694,34,10,0,0,0,0,0,10,0,631,8,8,0,8
77,2,moe,660,32,2370,1290,1290,992,65,0,23,0,635,8,7,1,8
77,3,moe,598,33,3318,1429,1429,1800,67,0,22,0,632,8,7,1,8
77,4,moe,663,31,9,0,0,0,0,0,9,0,563,8,8,0,8
77,5,moe,690,30,8,0,0,0,0,0,8,0,568,8,8,0,8
77,6,moe,663,32,1406,331,331,990,64,0,21,0,634,8,7,1,8
77,7,moe,598,35,2967,1163,1163,1663,58,0,83,0,561,8,7,1,8
77,8,moe,677,33,5697,2470,2470,3084,113,0,30,0,564,8,6,2,8
77,9,moe,685,32,3884,1589,1589,2091,125,0,79,0,632,8,6,2,8
77,10,moe,664,31,4829,1432,1432,3199,114,0,84,0,569,8,6,2,8
77,11,moe,579,33,4002,2154,2154,1704,111,0,33,0,572,8,6,2,8
77,12,moe,656,32,6511,2577,2577,3730,128,0,76,0,641,8,6,2,8
77,13,moe,687,31,4842,1956,1956,2631,161,0,94,0,561,8,5,3,8
77,14,moe,657,31,4107,2264,2264,1701,108,0,34,0,571,8,6,2,8
77,15,moe,583,29,7865,2011,2011,5574,191,0,89,0,640,8,5,3,8
77,16,moe,680,33,5769,2367,2367,3213,112,1,76,0,564,8,6,2,8
77,17,moe,696,32,2737,1122,1122,1537,57,0,21,0,562,8,7,1,8
77,18,moe,657,35,6799,2379,2380,4070,248,0,101,0,639,8,4,4,8
77,19,moe,593,32,1314,272,272,922,56,0,64,0,563,8,7,1,8
77,20,moe,670,32,2808,1187,1187,1542,57,0,22,0,559,8,7,1,8
77,21,moe,697,34,3383,1327,1327,1929,66,0,61,0,631,8,7,1,8
77,22,moe,696,34,1327,273,273,937,55,0,62,0,565,8,7,1,8
77,23,moe,592,30,3459,1387,1387,1953,66,0,53,0,638,8,7,1,8
77,24,moe,704,33,9480,3834,3835,5410,196,0,39,0,637,8,5,3,8
77,25,moe,689,30,6590,958,958,5383,202,0,47,0,635,8,5,3,8
77,26,moe,597,32,1426,328,328,1010,68,0,20,0,629,8,7,1,8
77,-1,epi,0,0,0,0,0,0,0,0,3827,0,0,0,0,0,0
78,-2,pre,47,0,0,0,0,0,0,0,0,0,0,0,0,0,0
78,0,dense,1207,32,0,0,0,0,0,0,0,0,0,0,0,0,0
78,1,moe,699,33,3347,1460,1460,1798,68,0,21,0,637,8,7,1,8
78,2,moe,666,32,9,0,1,0,0,0,8,0,635,8,8,0,8
78,3,moe,591,33,2588,702,702,1798,68,0,20,0,632,8,7,1,8
78,4,moe,673,31,4433,2444,2444,1777,109,0,103,0,567,8,6,2,8
78,5,moe,686,32,4102,2262,2262,1703,109,0,28,0,568,8,6,2,8
78,6,moe,660,30,10,0,0,0,0,0,10,0,625,8,8,0,8
78,7,moe,577,30,3258,1426,1426,1695,109,0,28,0,564,8,6,2,8
78,8,moe,659,30,10,0,0,0,0,0,10,0,557,8,8,0,8
78,9,moe,683,31,8,0,0,0,0,0,8,0,621,8,8,0,8
78,10,moe,650,30,2509,887,887,1543,57,0,22,0,559,8,7,1,8
78,11,moe,593,29,8,0,0,0,0,0,8,0,557,8,8,0,8
78,12,moe,665,31,3373,1293,1293,1940,66,0,74,0,631,8,7,1,8
78,13,moe,704,31,8,0,0,0,0,0,8,0,557,8,8,0,8
78,14,moe,655,254,1362,309,309,923,56,0,74,0,574,8,7,1,8
78,15,moe,589,34,9,0,0,0,0,0,9,0,628,8,8,0,8
78,16,moe,658,35,8,0,0,0,0,0,8,0,556,8,8,0,8
78,17,moe,687,36,9,0,1,0,0,0,8,0,559,8,8,0,8
78,18,moe,674,40,1539,305,305,1093,64,0,77,0,639,8,7,1,8
78,19,moe,584,36,5587,3644,3644,1759,108,0,76,0,565,8,6,2,8
78,20,moe,665,37,2808,1191,1191,1541,57,0,19,0,559,8,7,1,8
78,21,moe,698,36,2348,330,330,1892,65,0,61,0,635,8,7,1,8
78,22,moe,705,38,10795,6092,6093,4320,272,0,110,0,564,8,3,5,8
78,23,moe,583,36,9326,1599,1599,7375,256,0,96,0,644,8,4,4,8
78,24,moe,698,39,8821,3185,3185,5401,196,0,39,0,643,8,5,3,8
78,25,moe,691,37,8,0,0,0,0,0,8,0,630,8,8,0,8
78,26,moe,583,45,4398,646,646,3593,129,0,30,0,648,8,6,2,8
78,-1,epi,0,0,0,0,0,0,0,0,3851,0,0,0,0,0,0
79,-2,pre,102,0,0,0,0,0,0,0,0,0,0,0,0,0,0
79,0,dense,1174,41,0,0,0,0,0,0,0,0,0,0,0,0,0
79,1,moe,686,53,5545,1290,1290,3958,249,0,48,0,641,8,4,4,8
79,2,moe,655,36,9487,3845,3845,5410,195,0,37,0,636,8,5,3,8
79,3,moe,608,34,11175,3675,3676,7191,263,0,45,0,645,8,4,4,8
79,4,moe,657,37,5820,826,826,4725,166,1,102,0,574,8,5,3,8
79,5,moe,691,37,1237,297,297,851,70,0,19,0,598,8,7,1,8
79,6,moe,666,42,2461,1204,1204,1110,67,0,80,0,795,8,7,1,8
79,7,moe,615,39,9,0,0,0,0,0,9,0,613,8,8,0,8
79,8,moe,654,45,3405,1417,1417,1762,119,0,107,0,652,8,6,2,8
79,9,moe,687,39,6048,2697,2697,3062,192,0,97,0,642,8,5,3,8
79,10,moe,667,39,2860,887,887,1777,109,0,87,0,572,8,6,2,8
79,11,moe,605,41,1164,243,243,848,54,0,19,0,568,8,7,1,8
79,12,moe,668,41,5511,1606,1606,3701,129,0,75,0,644,8,6,2,8
79,13,moe,702,40,10,0,0,0,0,0,10,0,572,8,8,0,8
79,14,moe,673,36,7631,2626,2626,4731,169,0,105,0,563,8,5,3,8
79,15,moe,582,37,6077,2715,2715,3086,186,0,90,0,639,8,5,3,8
79,16,moe,668,35,11465,3262,3262,7805,278,0,120,0,572,8,3,5,8
79,17,moe,694,37,9867,1830,1830,7697,278,0,62,0,567,8,3,5,8
79,18,moe,654,39,13126,3537,3538,9164,323,0,101,0,638,8,3,5,8
79,19,moe,605,37,9089,3575,3576,5077,315,0,121,0,577,8,2,6,8
79,20,moe,679,37,6834,2418,2418,4091,260,0,65,0,579,8,3,5,8
79,21,moe,733,43,8977,3675,3675,4891,306,1,104,0,658,8,3,5,8
79,22,moe,713,39,12056,4133,4133,7550,265,0,108,0,582,8,3,5,8
79,23,moe,608,39,9293,2949,2949,5880,357,0,107,0,655,8,2,6,8
79,24,moe,724,39,13350,4264,4264,8724,309,0,53,0,661,8,3,5,8
79,25,moe,711,35,14733,3322,3322,10910,427,0,74,0,662,8,1,7,8
79,26,moe,606,35,9915,3966,3966,5541,350,0,58,0,706,8,2,6,8
79,-1,epi,0,0,0,0,0,0,0,0,5287,0,0,0,0,0,0
80,-2,pre,40,0,0,0,0,0,0,0,0,0,0,0,0,0,0
80,0,dense,1381,39,0,0,0,0,0,0,0,0,0,0,0,0,0
80,1,moe,774,35,5345,1241,1241,3813,243,0,48,0,660,8,4,4,8
80,2,moe,688,39,5167,1540,1541,3471,125,0,30,0,658,8,6,2,8
80,3,moe,602,34,5255,1625,1625,3478,125,0,27,0,656,8,6,2,8
80,4,moe,670,35,4621,1362,1363,3061,108,0,89,0,566,8,6,2,8
80,5,moe,722,37,1834,275,275,1485,55,0,19,0,573,8,7,1,8
80,6,moe,684,36,3361,1349,1349,1882,62,0,68,0,656,8,7,1,8
80,7,moe,603,33,1267,275,275,879,53,0,60,0,569,8,7,1,8
80,8,moe,676,38,8,0,0,0,0,0,8,0,567,8,8,0,8
80,9,moe,729,37,2851,624,624,2027,120,0,80,0,661,8,6,2,8
80,10,moe,680,34,1311,280,280,899,53,0,79,0,578,8,7,1,8
80,11,moe,591,34,2317,549,549,1639,103,0,26,0,573,8,6,2,8
80,12,moe,678,36,4427,639,639,3590,125,0,73,0,659,8,6,2,8
80,13,moe,717,34,2439,539,539,1717,105,0,78,0,569,8,6,2,8
80,14,moe,676,35,6714,2054,2054,4457,162,0,41,0,570,8,5,3,8
80,15,moe,592,36,9525,2077,2077,7115,248,0,85,0,653,8,4,4,8
80,16,moe,674,37,3795,573,573,3032,109,0,81,0,565,8,6,2,8
80,17,moe,736,39,7179,2528,2528,4452,164,0,35,0,574,8,5,3,8
80,18,moe,667,42,3797,1560,1560,2044,121,0,72,0,658,8,6,2,8
80,19,moe,624,42,5780,2116,2116,3367,206,0,91,0,572,8,4,4,8
80,20,moe,669,35,2050,1157,1157,820,54,0,19,0,575,8,7,1,8
80,21,moe,720,35,6567,2312,2312,3917,238,0,100,0,668,8,4,4,8
80,22,moe,721,35,2319,1301,1301,904,53,0,61,0,570,8,7,1,8
80,23,moe,600,35,4569,783,783,3579,125,0,82,0,661,8,6,2,8
80,24,moe,733,38,4514,893,893,3460,125,0,36,0,669,8,6,2,8
80,25,moe,712,37,10286,1625,1625,8303,302,0,56,0,719,8,3,5,8
80,26,moe,629,36,6115,897,897,4999,180,0,39,0,700,8,5,3,8
80,-1,epi,0,0,0,0,0,0,0,0,4704,0,0,0,0,0,0
81,-2,pre,39,0,0,0,0,0,0,0,0,0,0,0,0,0,0
81,0,dense,1265,40,0,0,0,0,0,0,0,0,0,0,0,0,0
81,1,moe,732,39,6373,935,935,5210,186,0,42,0,663,8,5,3,8
81,2,moe,685,35,5023,1946,1946,2860,180,0,37,0,655,8,5,3,8
81,3,moe,608,38,10341,1569,1570,8406,309,1,55,0,661,8,3,5,8
81,4,moe,675,39,3595,821,821,2513,159,0,102,0,580,8,5,3,8
81,5,moe,728,40,2059,1162,1162,823,53,0,21,0,567,8,7,1,8
81,6,moe,678,36,10,0,0,0,0,0,10,0,668,8,8,0,8
81,7,moe,606,36,9,0,0,0,0,1,8,0,589,8,8,0,8
81,8,moe,674,35,1844,283,283,1484,55,0,22,0,569,8,7,1,8
81,9,moe,718,36,2286,309,309,1835,65,0,77,0,773,8,7,1,8
81,10,moe,688,39,2232,1188,1188,920,52,0,72,0,577,8,7,1,8
81,11,moe,595,51,3685,579,579,2963,108,0,35,0,572,8,6,2,8
81,12,moe,745,37,2336,315,315,1884,63,0,74,0,662,8,7,1,8
81,13,moe,725,37,5844,3051,3052,2538,157,0,97,0,573,8,5,3,8
81,14,moe,668,35,2335,543,543,1655,109,0,28,0,574,8,6,2,8
81,15,moe,584,36,6030,2789,2789,2980,177,0,84,0,659,8,5,3,8
81,16,moe,683,36,3663,872,872,2540,157,0,94,0,578,8,5,3,8
81,17,moe,726,40,4790,2143,2143,2450,160,0,37,0,571,8,5,3,8
81,18,moe,673,37,8669,3037,3037,5358,183,0,91,0,654,8,5,3,8
81,19,moe,603,35,5773,2110,2110,3355,208,0,100,0,574,8,4,4,8
81,20,moe,679,38,6465,2058,2059,4087,266,0,53,0,574,8,3,5,8
81,21,moe,718,39,6163,3006,3006,2892,174,0,91,0,702,8,5,3,8
81,22,moe,759,36,5595,2068,2068,3233,200,0,94,0,590,8,4,4,8
81,23,moe,620,33,10121,5046,5046,4688,285,0,102,0,700,8,3,5,8
81,24,moe,767,33,6014,2064,2064,3674,228,0,48,0,707,8,4,4,8
81,25,moe,769,34,6491,1566,1566,4583,287,0,55,0,704,8,3,5,8
81,26,moe,628,36,9979,1540,1540,8093,296,0,50,0,717,8,3,5,8
81,-1,epi,0,0,0,0,0,0,0,0,5321,0,0,0,0,0,0
82,-2,pre,45,0,0,0,0,0,0,0,0,0,0,0,0,0,0
82,0,dense,1296,46,0,0,0,0,0,0,0,0,0,0,0,0,0
82,1,moe,735,42,4661,1002,1002,3483,141,0,35,0,793,8,6,2,8
82,2,moe,671,44,2704,610,610,1922,133,0,39,0,842,8,6,2,8
82,3,moe,629,45,4445,1326,1326,2876,196,0,47,0,743,8,5,3,8
82,4,moe,656,39,7447,1124,1124,6010,214,0,99,0,570,8,4,4,8
82,5,moe,729,38,3665,557,557,2967,111,0,30,0,576,8,6,2,8
82,6,moe,682,40,10,0,0,0,0,0,10,0,662,8,8,0,8
82,7,moe,604,38,2796,1230,1230,1483,56,0,27,0,570,8,7,1,8
82,8,moe,709,38,10,0,0,0,0,0,10,0,570,8,8,0,8
82,9,moe,724,41,9,0,0,0,0,0,9,0,654,8,8,0,8
82,10,moe,677,36,2311,540,540,1634,104,0,33,0,620,8,6,2,8
82,11,moe,594,36,4489,1382,1382,2965,113,1,28,0,572,8,6,2,8
82,12,moe,692,33,2296,326,326,1830,63,0,77,0,660,8,7,1,8
82,13,moe,718,33,2440,550,550,1690,104,0,96,0,572,8,6,2,8
82,14,moe,674,34,1819,265,265,1480,55,0,19,0,578,8,7,1,8
82,15,moe,589,31,8682,1284,1284,7054,246,0,98,0,663,8,4,4,8
82,16,moe,677,33,2458,560,560,1713,104,0,81,0,576,8,6,2,8
82,17,moe,730,36,6945,2542,2542,4087,263,0,53,0,575,8,3,5,8
82,18,moe,678,37,2473,1311,1311,1034,62,0,66,0,658,8,7,1,8
82,19,moe,594,33,1256,258,258,880,52,0,66,0,575,8,7,1,8
82,20,moe,678,35,1832,274,274,1482,55,0,21,0,575,8,7,1,8
82,21,moe,734,38,4147,934,934,2946,181,0,86,0,660,8,5,3,8
82,22,moe,734,34,4423,1645,1645,2529,157,0,92,0,573,8,5,3,8
82,23,moe,603,31,4596,824,824,3577,127,0,68,0,661,8,6,2,8
82,24,moe,720,33,1395,355,355,950,62,0,28,0,655,8,7,1,8
82,25,moe,724,31,2718,664,665,1904,122,0,27,0,666,8,6,2,8
82,26,moe,604,31,6373,948,948,5198,186,0,41,0,666,8,5,3,8
82,-1,epi,0,0,0,0,0,0,0,0,4444,0,0,0,0,0,0
83,-2,pre,209,0,0,0,0,0,0,0,0,0,0,0,0,0,0
83,0,dense,1247,35,0,0,0,0,0,0,0,0,0,0,0,0,0
83,1,moe,718,31,3707,1638,1638,1907,122,0,40,0,668,8,6,2,8
83,2,moe,685,33,2285,1250,1250,952,62,0,21,0,657,8,7,1,8
83,3,moe,612,31,5233,2149,2149,2864,181,0,39,0,665,8,5,3,8
83,4,moe,680,32,7564,3889,3890,3345,209,0,120,0,571,8,4,4,8
83,5,moe,710,33,2044,1149,1149,824,52,0,19,0,563,8,7,1,8
83,6,moe,669,30,4568,2342,2342,2018,121,3,84,0,660,8,6,2,8
83,7,moe,603,30,7339,3688,3688,3335,209,0,107,0,573,8,4,4,8
83,8,moe,672,30,2038,1149,1149,818,53,0,18,0,570,8,7,1,8
83,9,moe,711,32,2373,1177,1177,1069,60,0,67,0,661,8,7,1,8
83,10,moe,671,29,2144,1136,1136,887,54,0,67,0,579,8,7,1,8
83,11,moe,598,30,2012,1120,1120,822,53,0,17,0,572,8,7,1,8
83,12,moe,667,29,4748,2495,2495,2027,120,0,106,0,659,8,6,2,8
83,13,moe,713,32,2164,1150,1150,896,52,0,66,0,579,8,7,1,8
83,14,moe,677,35,5487,842,843,4444,161,0,39,0,576,8,5,3,8
83,15,moe,587,35,4408,622,622,3604,123,0,59,0,660,8,6,2,8
83,16,moe,680,30,8,0,0,0,0,0,8,0,560,8,8,0,8
83,17,moe,714,32,3384,1458,1458,1724,106,0,96,0,572,8,6,2,8
83,18,moe,675,30,3893,1675,1675,2025,120,0,73,0,657,8,6,2,8
83,19,moe,612,30,6371,2732,2732,3335,207,0,97,0,580,8,4,4,8
83,20,moe,669,32,3254,1480,1480,1640,104,0,30,0,574,8,6,2,8
83,21,moe,724,32,2836,618,618,2024,118,0,76,0,661,8,6,2,8
83,22,moe,728,33,2438,539,539,1706,104,0,89,0,572,8,6,2,8
83,23,moe,587,31,3252,1276,1276,1854,63,0,59,0,656,8,7,1,8
83,24,moe,744,34,4334,1253,1253,2856,181,0,44,0,657,8,5,3,8
83,25,moe,722,33,1354,318,318,956,61,1,18,0,662,8,7,1,8
83,26,moe,587,32,4266,635,636,3475,127,0,28,0,656,8,6,2,8
83,-1,epi,0,0,0,0,0,0,0,0,4261,0,0,0,0,0,0
84,-2,pre,213,0,0,0,0,0,0,0,0,0,0,0,0,0,0
84,0,dense,1173,46,0,0,0,0,0,0,0,0,0,0,0,0,0
84,1,moe,692,36,3153,1266,1266,1798,66,0,23,0,636,8,7,1,8
84,2,moe,660,32,3159,1275,1275,1797,66,0,21,0,631,8,7,1,8
84,3,moe,599,30,4725,2590,2590,1983,124,0,28,0,640,8,6,2,8
84,4,moe,651,30,5354,2462,2462,2626,160,0,106,0,560,8,5,3,8
84,5,moe,683,31,1189,266,266,846,56,0,21,0,574,8,7,1,8
84,6,moe,662,32,5451,1504,1504,3730,129,0,88,0,641,8,6,2,8
84,7,moe,593,30,4580,2600,2600,1786,108,0,86,0,562,8,6,2,8
84,8,moe,661,33,2187,1248,1248,849,55,0,35,0,564,8,7,1,8
84,9,moe,754,42,6394,4067,4067,2122,124,0,81,0,632,8,6,2,8
84,10,moe,656,36,6239,3444,3444,2542,156,0,97,0,571,8,5,3,8
84,11,moe,588,35,2656,890,890,1634,104,1,27,0,577,8,6,2,8
84,12,moe,672,34,3310,1317,1317,1862,64,0,67,0,660,8,7,1,8
84,13,moe,729,38,1999,288,288,1584,56,0,71,0,569,8,7,1,8
84,14,moe,676,34,7167,2509,2509,4460,162,0,36,0,574,8,5,3,8
84,15,moe,590,35,3150,1211,1211,1818,63,0,58,0,658,8,7,1,8
84,16,moe,678,37,2251,1256,1256,879,53,0,63,0,566,8,7,1,8
84,17,moe,721,35,1999,1101,1102,824,54,0,19,0,564,8,7,1,8
84,18,moe,664,34,4511,2290,2290,2022,123,0,76,0,654,8,6,2,8
84,19,moe,587,33,6600,2940,2941,3355,206,0,98,0,580,8,4,4,8
84,20,moe,686,37,3224,1452,1452,1639,104,0,29,0,571,8,6,2,8
84,21,moe,715,37,8682,3383,3383,4892,297,0,110,0,663,8,3,5,8
84,22,moe,710,35,3469,1577,1577,1709,103,0,80,0,578,8,6,2,8
84,23,moe,602,35,5432,1636,1636,3603,125,0,68,0,658,8,6,2,8
84,24,moe,716,36,10530,3307,3307,6923,252,0,48,0,663,8,4,4,8
84,25,moe,716,34,5991,2901,2901,2866,177,0,47,0,651,8,5,3,8
84,26,moe,597,34,3598,1542,1542,1903,120,0,33,0,659,8,6,2,8
84,-1,epi,0,0,0,0,0,0,0,0,4420,0,0,0,0,0,0
85,-2,pre,46,0,0,0,0,0,0,0,0,0,0,0,0,0,0
85,0,dense,1244,41,0,0,0,0,0,0,0,0,0,0,0,0,0
85,1,moe,721,36,2305,1267,1267,955,62,0,21,0,662,8,7,1,8
85,2,moe,693,37,6137,2509,2509,3471,126,0,31,0,656,8,6,2,8
85,3,moe,586,35,7434,1997,1997,5215,184,0,38,0,657,8,5,3,8
85,4,moe,681,36,6587,2913,2914,3358,207,0,108,0,570,8,4,4,8
85,5,moe,706,36,1172,280,280,817,52,0,23,0,572,8,7,1,8
85,6,moe,694,37,9,0,0,0,0,0,9,0,663,8,8,0,8
85,7,moe,604,33,1162,270,270,821,54,0,17,0,572,8,7,1,8
85,8,moe,685,39,1531,638,638,820,52,0,21,0,570,8,7,1,8
85,9,moe,720,35,9,0,0,0,0,0,9,0,653,8,8,0,8
85,10,moe,674,34,8,0,0,0,0,0,8,0,573,8,8,0,8
85,11,moe,605,35,7,0,0,0,0,0,7,0,573,8,8,0,8
85,12,moe,676,35,5402,1604,1604,3584,125,0,89,0,659,8,6,2,8
85,13,moe,718,34,8,0,0,0,0,0,8,0,573,8,8,0,8
85,14,moe,672,35,5628,819,819,4546,161,0,102,0,579,8,5,3,8
85,15,moe,594,38,1507,276,276,1107,62,0,62,0,654,8,7,1,8
85,16,moe,679,34,1244,257,258,869,53,0,64,0,569,8,7,1,8
85,17,moe,735,36,8,0,0,0,0,0,8,0,560,8,8,0,8
85,18,moe,681,39,8,0,0,0,0,0,8,0,660,8,8,0,8
85,19,moe,595,34,1825,258,258,1481,54,0,32,0,569,8,7,1,8
85,20,moe,684,35,2236,1340,1340,823,52,0,21,0,582,8,7,1,8
85,21,moe,716,34,3864,1609,1609,2047,124,0,84,0,640,8,6,2,8
85,22,moe,700,40,2258,1213,1213,921,55,0,69,0,564,8,7,1,8
85,23,moe,580,37,4830,2544,2544,2086,125,0,75,0,634,8,6,2,8
85,24,moe,692,35,2346,1271,1272,986,68,0,20,0,769,8,7,1,8
85,25,moe,718,39,3173,1282,1282,1797,71,0,23,0,802,8,7,1,8
85,26,moe,614,42,12,0,0,0,0,0,12,0,749,8,8,0,8
85,-1,epi,0,0,0,0,0,0,0,0,4262,0,0,0,0,0,0
86,-2,pre,57,0,0,0,0,0,0,0,0,0,0,0,0,0,0
86,0,dense,1166,44,0,0,0,0,0,0,0,0,0,0,0,0,0
86,1,moe,673,39,10,0,0,0,0,0,10,0,631,8,8,0,8
86,2,moe,643,39,4388,625,626,3596,134,0,32,0,637,8,6,2,8
86,3,moe,598,42,11,0,0,0,0,0,11,0,631,8,8,0,8
86,4,moe,668,37,2531,554,554,1764,108,0,105,0,572,8,6,2,8
86,5,moe,705,40,6121,1288,1288,4620,169,0,44,0,572,8,5,3,8
86,6,moe,670,36,9,0,0,0,0,0,9,0,642,8,8,0,8
86,7,moe,593,36,2273,655,655,1542,56,0,20,0,581,8,7,1,8
86,8,moe,682,41,11,0,0,0,0,0,11,0,564,8,8,0,8
86,9,moe,696,40,2353,316,316,1890,65,0,82,0,640,8,7,1,8
86,10,moe,672,36,10,0,0,0,0,0,10,0,568,8,8,0,8
86,11,moe,594,36,2961,1226,1226,1601,57,0,77,0,565,8,7,1,8
86,12,moe,669,41,9,0,0,0,0,0,9,0,630,8,8,0,8
86,13,moe,712,39,2296,677,677,1537,57,0,25,0,564,8,7,1,8
86,14,moe,674,39,2105,1178,1178,852,54,0,21,0,567,8,7,1,8
86,15,moe,595,36,1548,325,325,1088,62,0,73,0,642,8,7,1,8
86,16,moe,698,35,1330,287,287,917,55,0,71,0,571,8,7,1,8
86,17,moe,701,37,9,0,0,0,0,0,9,0,574,8,8,0,8
86,18,moe,669,39,2779,709,709,1932,67,0,71,0,637,8,7,1,8
86,19,moe,589,36,5451,2591,2591,2606,161,0,93,0,566,8,5,3,8
86,20,moe,671,36,2403,567,567,1701,107,0,28,0,575,8,6,2,8
86,21,moe,692,38,9,0,0,0,0,0,9,0,636,8,8,0,8
86,22,moe,698,45,4691,1476,1476,3074,112,0,29,0,585,8,6,2,8
86,23,moe,604,36,6520,2544,2544,3760,131,0,85,0,637,8,6,2,8
86,24,moe,699,36,3777,1638,1639,1977,127,1,33,0,638,8,6,2,8
86,25,moe,690,36,2303,1230,1230,987,65,0,21,0,641,8,7,1,8
86,26,moe,584,35,2366,1293,1293,988,64,0,21,0,633,8,7,1,8
86,-1,epi,0,0,0,0,0,0,0,0,3823,0,0,0,0,0,0
87,-2,pre,41,0,0,0,0,0,0,0,0,0,0,0,0,0,0
87,0,dense,1198,38,0,0,0,0,0,0,0,0,0,0,0,0,0
87,1,moe,687,36,10,0,0,0,0,0,10,0,625,8,8,0,8
87,2,moe,659,36,9,0,0,0,0,0,9,0,630,8,8,0,8
87,3,moe,593,41,1394,316,316,993,64,0,21,0,634,8,7,1,8
87,4,moe,659,33,3000,1199,1200,1651,57,1,91,0,562,8,7,1,8
87,5,moe,710,38,2095,1165,1165,852,56,0,22,0,570,8,7,1,8
87,6,moe,674,226,1595,346,346,1117,62,0,70,0,642,8,7,1,8
87,7,moe,610,35,8,0,0,0,0,0,8,0,556,8,8,0,8
87,8,moe,657,35,8,0,0,0,0,0,8,0,554,8,8,0,8
87,9,moe,689,34,2763,635,636,1971,125,0,31,0,634,8,6,2,8
87,10,moe,661,36,8,0,0,0,0,0,8,0,559,8,8,0,8
87,11,moe,591,44,3243,1448,1448,1654,57,0,84,0,562,8,7,1,8
87,12,moe,657,36,9,0,0,0,0,0,9,0,631,8,8,0,8
87,13,moe,687,36,1200,277,277,848,54,0,21,0,572,8,7,1,8
87,14,moe,674,35,9,0,0,0,0,0,9,0,567,8,8,0,8
87,15,moe,581,35,7,0,0,0,0,0,7,0,638,8,8,0,8
87,16,moe,671,36,2163,1234,1234,850,56,0,23,0,559,8,7,1,8
87,17,moe,690,37,1220,292,293,853,54,0,20,0,584,8,7,1,8
87,18,moe,665,46,2410,311,311,1958,65,0,76,0,643,8,7,1,8
87,19,moe,581,35,4921,1520,1520,3204,111,0,86,0,570,8,6,2,8
87,20,moe,658,35,2752,1132,1132,1542,57,0,21,0,569,8,7,1,8
87,21,moe,744,37,3330,1266,1266,1923,65,0,76,0,640,8,7,1,8
87,22,moe,686,36,9,0,0,0,0,0,9,0,554,8,8,0,8
87,23,moe,586,36,2215,337,337,1791,66,0,21,0,635,8,7,1,8
87,24,moe,710,43,6330,3095,3095,2981,213,0,41,0,698,8,5,3,8
87,25,moe,690,39,2825,656,656,1988,146,0,35,0,738,8,6,2,8
87,26,moe,599,37,2303,1212,1213,991,73,1,25,0,759,8,7,1,8
87,-1,epi,0,0,0,0,0,0,0,0,3852,0,0,0,0,0,0
88,-2,pre,219,0,0,0,0,0,0,0,0,0,0,0,0,0,0
88,0,dense,1187,42,0,0,0,0,0,0,0,0,0,0,0,0,0
88,1,moe,696,39,4481,2315,2315,1993,139,0,34,0,710,8,6,2,8
88,2,moe,680,46,5935,2699,2699,2983,201,0,52,0,678,8,5,3,8
88,3,moe,599,44,3924,1751,1751,1987,149,0,37,0,771,8,6,2,8
88,4,moe,659,42,11,0,0,0,0,0,11,0,542,8,8,0,8
88,5,moe,687,34,3486,1466,1467,1793,114,1,111,0,557,8,6,2,8
88,6,moe,657,36,2460,1222,1222,1094,64,0,80,0,623,8,7,1,8
88,7,moe,595,35,3370,1411,1411,1780,112,0,67,0,556,8,6,2,8
88,8,moe,656,36,7525,3847,3847,3411,213,0,54,0,548,8,4,4,8
88,9,moe,684,38,4775,2488,2488,2088,131,0,68,0,620,8,6,2,8
88,10,moe,647,34,3507,1535,1535,1765,115,0,92,0,550,8,6,2,8
88,11,moe,597,31,3222,1376,1376,1700,115,0,31,0,550,8,6,2,8
88,12,moe,660,32,8414,3998,3998,4079,257,0,80,0,617,8,4,4,8
88,13,moe,680,35,5480,2615,2615,2610,162,0,93,0,548,8,5,3,8
88,14,moe,650,34,3246,1378,1378,1720,108,0,40,0,551,8,6,2,8
88,15,moe,580,30,3796,1500,1500,2093,126,0,77,0,621,8,6,2,8
88,16,moe,651,31,5427,2536,2536,2625,167,0,99,0,552,8,5,3,8
88,17,moe,692,35,4080,2228,2228,1707,113,0,32,0,550,8,6,2,8
88,18,moe,647,33,1874,647,647,1094,64,0,69,0,619,8,7,1,8
88,19,moe,584,31,2451,525,525,1757,107,0,62,0,543,8,6,2,8
88,20,moe,678,35,7399,3731,3731,3401,223,0,44,0,550,8,4,4,8
88,21,moe,681,33,3824,1544,1544,2078,126,0,76,0,625,8,6,2,8
88,22,moe,678,33,3616,1649,1649,1763,114,0,90,0,546,8,6,2,8
88,23,moe,577,30,7416,3016,3016,4051,256,0,93,0,618,8,4,4,8
88,24,moe,681,34,1637,561,561,989,67,0,20,0,621,8,7,1,8
88,25,moe,687,33,6779,2482,2482,3975,270,0,52,0,621,8,4,4,8
88,26,moe,590,34,6041,2836,2836,2970,194,0,41,0,622,8,5,3,8
88,-1,epi,0,0,0,0,0,0,0,0,3815,0,0,0,0,0,0
89,-2,pre,52,0,0,0,0,0,0,0,0,0,0,0,0,0,0
89,0,dense,1195,34,0,0,0,0,0,0,0,0,0,0,0,0,0
89,1,moe,677,33,5232,2037,2037,2963,186,0,46,0,619,8,5,3,8
89,2,moe,660,36,4701,2549,2550,1990,130,0,31,0,615,8,6,2,8
89,3,moe,589,30,5220,2017,2017,2971,194,0,38,0,622,8,5,3,8
89,4,moe,652,31,4704,1795,1795,2629,162,0,118,0,545,8,5,3,8
89,5,moe,672,34,4551,1798,1798,2548,162,0,43,0,554,8,5,3,8
89,6,moe,665,35,10,0,1,0,0,0,9,0,605,8,8,0,8
89,7,moe,588,30,7822,3262,3263,4237,266,0,56,0,565,8,3,5,8
89,8,moe,660,34,4145,2300,2300,1700,113,0,32,0,551,8,6,2,8
89,9,moe,681,33,3919,1634,1634,2085,128,0,72,0,619,8,6,2,8
89,10,moe,657,32,3402,1428,1428,1775,109,0,90,0,557,8,6,2,8
89,11,moe,593,31,4512,1751,1751,2552,168,0,41,0,555,8,5,3,8
89,12,moe,649,32,6725,2303,2303,4058,255,0,109,0,619,8,4,4,8
89,13,moe,675,32,2531,550,550,1785,110,0,86,0,547,8,6,2,8
89,14,moe,653,32,1210,286,286,848,57,0,19,0,547,8,7,1,8
89,15,moe,594,30,2917,642,642,2066,131,0,78,0,616,8,6,2,8
89,16,moe,652,32,6144,2349,2349,3480,215,0,100,0,542,8,4,4,8
89,17,moe,680,31,1197,274,274,846,57,0,20,0,541,8,7,1,8
89,18,moe,644,32,2941,654,654,2079,125,0,83,0,619,8,6,2,8
89,19,moe,599,31,3647,779,779,2616,161,0,91,0,556,8,5,3,8
89,20,moe,666,44,2046,1116,1116,853,58,0,19,0,548,8,7,1,8
89,21,moe,681,34,4329,975,976,3079,186,0,88,0,622,8,5,3,8
89,22,moe,693,32,3423,1475,1475,1764,108,0,76,0,554,8,6,2,8
89,23,moe,593,34,1689,476,476,1094,63,0,56,0,617,8,7,1,8
89,24,moe,686,31,7297,3045,3046,3950,253,0,48,0,625,8,4,4,8
89,25,moe,2005,33,3106,966,966,1981,123,0,36,0,618,8,6,2,8
89,26,moe,595,32,6603,2356,2356,3949,249,0,49,0,621,8,4,4,8
89,-1,epi,0,0,0,0,0,0,0,0,3813,0,0,0,0,0,0
90,-2,pre,198,0,0,0,0,0,0,0,0,0,0,0,0,0,0
90,0,dense,1162,33,0,0,0,0,0,0,0,0,0,0,0,0,0
90,1,moe,677,31,6120,2923,2923,2965,184,0,48,0,616,8,5,3,8
90,2,moe,651,33,2294,1225,1225,987,62,0,20,0,620,8,7,1,8
90,3,moe,609,260,8475,5244,5244,2980,206,0,45,0,781,8,5,3,8
90,4,moe,658,48,1367,285,285,917,62,0,103,0,651,8,7,1,8
90,5,moe,715,44,11,0,0,0,0,0,11,0,597,8,8,0,8
90,6,moe,635,35,10,0,0,0,0,0,10,0,622,8,8,0,8
90,7,moe,629,42,5484,2705,2705,2562,175,0,42,0,565,8,5,3,8
90,8,moe,668,39,2124,1193,1193,851,56,0,24,0,557,8,7,1,8
90,9,moe,690,38,10,0,0,0,0,0,10,0,616,8,8,0,8
90,10,moe,647,36,4117,2256,2256,1710,113,0,38,0,564,8,6,2,8
90,11,moe,580,36,7395,3711,3711,3411,223,0,50,0,563,8,4,4,8
90,12,moe,647,38,6219,2868,2868,3084,186,0,81,0,635,8,5,3,8
90,13,moe,682,38,1359,289,289,930,54,0,86,0,551,8,7,1,8
90,14,moe,661,47,2109,1179,1179,851,55,0,24,0,558,8,7,1,8
90,15,moe,582,34,4705,2414,2414,2100,124,0,67,0,626,8,6,2,8
90,16,moe,653,35,4189,2175,2175,1804,114,1,95,0,557,8,6,2,8
90,17,moe,684,37,2073,1142,1142,854,57,0,20,0,557,8,7,1,8
90,18,moe,650,36,3876,1539,1540,2123,128,1,84,0,631,8,6,2,8
90,19,moe,584,35,5974,2153,2153,3494,223,0,104,0,556,8,4,4,8
90,20,moe,654,36,6562,2876,2876,3415,220,0,51,0,565,8,4,4,8
90,21,moe,688,37,8477,4038,4038,4083,256,0,100,0,640,8,4,4,8
90,22,moe,684,39,10874,5212,5213,5211,324,0,126,0,557,8,2,6,8
90,23,moe,606,38,3838,1544,1544,2101,124,0,69,0,628,8,6,2,8
90,24,moe,687,34,6731,3536,3536,2969,187,0,39,0,630,8,5,3,8
90,25,moe,6270,38,10,0,0,0,0,0,10,0,619,8,8,0,8
90,26,moe,869,36,9239,2878,2878,5920,370,0,71,0,631,8,2,6,8
90,-1,epi,0,0,0,0,0,0,0,0,3825,0,0,0,0,0,0
91,-2,pre,40,0,0,0,0,0,0,0,0,0,0,0,0,0,0
91,0,dense,1166,40,0,0,0,0,0,0,0,0,0,0,0,0,0
91,1,moe,685,37,5246,2047,2047,2973,188,0,38,0,627,8,5,3,8
91,2,moe,658,41,2771,643,643,1974,124,0,30,0,624,8,6,2,8
91,3,moe,596,35,8468,4207,4207,3957,256,0,48,0,623,8,4,4,8
91,4,moe,649,36,3736,836,836,2621,167,0,112,0,558,8,5,3,8
91,5,moe,682,40,1224,299,299,849,57,0,19,0,561,8,7,1,8
91,6,moe,653,36,10,0,0,0,0,0,10,0,631,8,8,0,8
91,7,moe,600,35,3353,1520,1521,1694,110,0,28,0,556,8,6,2,8
91,8,moe,655,45,1196,267,268,852,57,0,19,0,569,8,7,1,8
91,9,moe,684,37,6236,2859,2860,3087,194,0,95,0,630,8,5,3,8
91,10,moe,659,39,1354,280,280,940,56,0,78,0,556,8,7,1,8
91,11,moe,581,37,3607,859,859,2551,159,0,38,0,557,8,5,3,8
91,12,moe,642,38,10,0,0,0,0,0,10,0,618,8,8,0,8
91,13,moe,677,34,1213,282,282,852,55,0,24,0,563,8,7,1,8
91,14,moe,660,37,1212,286,286,848,54,0,24,0,563,8,7,1,8
91,15,moe,599,35,2613,1347,1347,1125,65,0,76,0,618,8,7,1,8
91,16,moe,652,36,1345,282,282,938,55,0,70,0,555,8,7,1,8
91,17,moe,680,36,2389,545,545,1705,110,0,29,0,562,8,6,2,8
91,18,moe,656,35,8,0,0,0,0,0,8,0,629,8,8,0,8
91,19,moe,581,35,3303,1472,1472,1695,109,0,27,0,569,8,6,2,8
91,20,moe,668,38,2461,613,613,1697,108,0,43,0,565,8,6,2,8
91,21,moe,677,35,1562,316,316,1104,64,0,78,0,638,8,7,1,8
91,22,moe,683,37,9,0,0,0,0,0,9,0,553,8,8,0,8
91,23,moe,587,37,1564,486,486,990,67,0,21,0,629,8,7,1,8
91,24,moe,694,36,5290,2101,2101,2961,188,0,40,0,634,8,5,3,8
91,25,moe,695,39,10,0,0,0,0,1,9,0,626,8,8,0,8
91,26,moe,600,35,6893,1587,1587,4940,308,0,58,0,631,8,3,5,8
91,-1,epi,0,0,0,0,0,0,0,0,3823,0,0,0,0,0,0
92,-2,pre,214,0,0,0,0,0,0,0,0,0,0,0,0,0,0
92,0,dense,1172,39,0,0,0,0,0,0,0,0,0,0,0,0,0
92,1,moe,682,38,5472,2271,2271,2966,195,0,40,0,627,8,5,3,8
92,2,moe,652,34,2490,1409,1409,993,66,0,22,0,652,8,7,1,8
92,3,moe,609,34,7610,3340,3341,3949,262,0,58,0,631,8,4,4,8
92,4,moe,648,36,2542,550,550,1779,114,0,99,0,558,8,6,2,8
92,5,moe,687,35,9,0,0,0,0,0,9,0,547,8,8,0,8
92,6,moe,651,34,10,0,0,0,0,0,10,0,615,8,8,0,8
92,7,moe,587,35,4255,2403,2403,1702,111,0,39,0,553,8,6,2,8
92,8,moe,666,37,9,0,0,0,0,0,9,0,554,8,8,0,8
92,9,moe,684,41,9,0,0,0,0,0,9,0,622,8,8,0,8
92,10,moe,649,35,3631,1787,1787,1701,113,0,30,0,556,8,6,2,8
92,11,moe,600,36,6482,2824,2824,3395,216,0,47,0,558,8,4,4,8
92,12,moe,644,34,3881,1581,1581,2083,124,0,93,0,622,8,6,2,8
92,13,moe,674,35,1320,279,279,913,55,0,73,0,557,8,7,1,8
92,14,moe,647,38,6096,3354,3354,2543,163,1,35,0,558,8,5,3,8
92,15,moe,618,37,6248,2904,2904,3076,185,0,83,0,627,8,5,3,8
92,16,moe,649,34,4257,2292,2292,1777,109,0,79,0,556,8,6,2,8
92,17,moe,684,36,4178,2347,2347,1694,110,0,27,0,556,8,6,2,8
92,18,moe,642,35,6404,3045,3045,3077,187,0,95,0,631,8,5,3,8
92,19,moe,601,45,9394,4663,4663,4330,277,0,124,0,565,8,3,5,8
92,20,moe,646,36,2213,1281,1281,851,58,0,23,0,555,8,7,1,8
92,21,moe,684,36,7629,3203,3203,4083,246,0,97,0,628,8,4,4,8
92,22,moe,681,33,5374,2507,2507,2612,164,0,91,0,566,8,5,3,8
92,23,moe,591,38,1549,308,308,1119,64,0,58,0,628,8,7,1,8
92,24,moe,694,36,4315,1130,1130,2962,186,0,37,0,624,8,5,3,8
92,25,moe,686,57,1406,329,329,993,65,0,19,0,628,8,7,1,8
92,26,moe,582,34,3718,1587,1587,1975,124,0,32,0,631,8,6,2,8
92,-1,epi,0,0,0,0,0,0,0,0,3827,0,0,0,0,0,0
93,-2,pre,221,0,0,0,0,0,0,0,0,0,0,0,0,0,0
93,0,dense,1159,236,0,0,0,0,0,0,0,0,0,0,0,0,0
93,1,moe,727,37,1390,321,321,986,64,0,19,0,621,8,7,1,8
93,2,moe,654,39,2671,1595,1595,991,66,0,19,0,625,8,7,1,8
93,3,moe,597,35,6040,2830,2830,2979,190,0,41,0,635,8,5,3,8
93,4,moe,641,35,2577,559,559,1802,112,0,104,0,563,8,6,2,8
93,5,moe,684,39,9,0,0,0,0,0,9,0,568,8,8,0,8
93,6,moe,651,37,9,0,0,0,0,0,9,0,621,8,8,0,8
93,7,moe,588,35,3326,1479,1479,1706,111,0,30,0,570,8,6,2,8
93,8,moe,657,37,2094,1165,1165,851,57,0,21,0,557,8,7,1,8
93,9,moe,687,37,2590,1314,1314,1133,65,0,78,0,624,8,7,1,8
93,10,moe,649,36,9,0,0,0,0,0,9,0,550,8,8,0,8
93,11,moe,601,33,9,0,0,0,0,0,9,0,552,8,8,0,8
93,12,moe,649,39,5959,2762,2762,2965,188,0,44,0,629,8,5,3,8
93,13,moe,679,43,1351,290,290,920,54,0,87,0,553,8,7,1,8
93,14,moe,648,34,4583,1836,1837,2543,164,0,39,0,556,8,5,3,8
93,15,moe,596,34,4690,2407,2408,2074,126,0,82,0,625,8,6,2,8
93,16,moe,646,35,5436,2538,2538,2634,162,0,102,0,554,8,5,3,8
93,17,moe,679,34,2364,528,529,1698,108,0,29,0,552,8,6,2,8
93,18,moe,656,39,4772,2507,2507,2078,124,0,63,0,636,8,6,2,8
93,19,moe,600,47,6575,2810,2810,3468,214,0,83,0,552,8,4,4,8
93,20,moe,657,36,2401,567,567,1696,107,0,31,0,562,8,6,2,8
93,21,moe,685,34,7486,3047,3047,4087,247,0,105,0,636,8,4,4,8
93,22,moe,687,39,7204,2458,2458,4353,280,0,113,0,560,8,3,5,8
93,23,moe,597,36,7685,3228,3228,4099,257,0,101,0,646,8,4,4,8
93,24,moe,680,40,5158,1960,1960,2969,183,0,46,0,633,8,5,3,8
93,25,moe,682,35,6070,2855,2855,2970,205,0,40,0,779,8,5,3,8
93,26,moe,620,37,6517,2235,2235,3958,269,0,55,0,744,8,4,4,8
93,-1,epi,0,0,0,0,0,0,0,0,4008,0,0,0,0,0,0
94,-2,pre,203,0,0,0,0,0,0,0,0,0,0,0,0,0,0
94,0,dense,1172,34,0,0,0,0,0,0,0,0,0,0,0,0,0
94,1,moe,682,39,10765,5426,5426,4958,313,0,68,0,635,8,3,5,8
94,2,moe,651,35,11642,6333,6333,4938,308,0,63,0,631,8,3,5,8
94,3,moe,596,31,7216,2968,2968,3947,247,0,54,0,624,8,4,4,8
94,4,moe,655,33,8275,4434,4434,3486,226,0,129,0,558,8,4,4,8
94,5,moe,685,34,10101,5494,5495,4266,278,0,62,0,560,8,3,5,8
94,6,moe,658,33,1560,314,314,1100,65,0,81,0,632,8,7,1,8
94,7,moe,596,30,8497,4683,4683,3483,220,0,111,0,570,8,4,4,8
94,8,moe,644,32,7223,3557,3557,3402,217,0,47,0,558,8,4,4,8
94,9,moe,689,39,8637,4182,4182,4094,261,0,100,0,652,8,4,4,8
94,10,moe,648,33,8628,3895,3897,4336,276,1,118,0,553,8,3,5,8
94,11,moe,596,31,5945,3193,3193,2550,160,0,42,0,555,8,5,3,8
94,12,moe,647,32,9310,4894,4894,4055,250,0,111,0,629,8,4,4,8
94,13,moe,675,33,5332,2461,2462,2614,162,0,94,0,559,8,5,3,8
94,14,moe,655,32,7257,3604,3604,3385,217,0,51,0,559,8,4,4,8
94,15,moe,604,30,8435,4013,4014,4074,248,0,99,0,634,8,4,4,8
94,16,moe,643,31,7283,3495,3496,3463,217,0,107,0,566,8,4,4,8
94,17,moe,706,31,9305,4884,4884,4103,263,0,55,0,562,8,3,5,8
94,18,moe,665,30,6880,3635,3635,2971,178,0,96,0,652,8,5,3,8
94,19,moe,608,32,7507,3817,3818,3352,208,0,129,0,562,8,4,4,8
94,20,moe,670,30,2021,1124,1125,821,53,0,22,0,557,8,7,1,8
94,21,moe,712,30,11830,5551,5551,5811,356,0,112,0,649,8,2,6,8
94,22,moe,707,28,8652,4072,4072,4185,271,0,124,0,571,8,3,5,8
94,23,moe,588,29,6724,2428,2428,3958,246,0,92,0,654,8,4,4,8
94,24,moe,716,29,11405,6249,6249,4800,301,0,55,0,671,8,3,5,8
94,25,moe,697,29,8047,3943,3943,3816,238,0,50,0,649,8,4,4,8
94,26,moe,605,32,10341,5213,5214,4767,298,0,62,0,651,8,3,5,8
94,-1,epi,0,0,0,0,0,0,0,0,4394,0,0,0,0,0,0
95,-2,pre,207,0,0,0,0,0,0,0,0,0,0,0,0,0,0
95,0,dense,1232,35,0,0,0,0,0,0,0,0,0,0,0,0,0
95,1,moe,709,31,11571,6437,6437,4772,308,0,54,0,649,8,3,5,8
95,2,moe,659,30,4398,2339,2339,1908,119,0,32,0,647,8,6,2,8
95,3,moe,598,29,10205,5093,5093,4762,297,0,53,0,650,8,3,5,8
95,4,moe,660,30,2500,583,583,1711,105,0,101,0,556,8,6,2,8
95,5,moe,699,31,5368,2690,2690,2464,161,0,53,0,561,8,5,3,8
95,6,moe,661,32,4677,2448,2448,2016,125,0,88,0,649,8,6,2,8
95,7,moe,599,31,3285,1370,1370,1717,110,0,88,0,564,8,6,2,8
95,8,moe,663,30,4435,1775,1775,2457,164,0,39,0,565,8,5,3,8
95,9,moe,708,31,5910,2683,2684,2972,180,0,74,0,651,8,5,3,8
95,10,moe,663,30,9178,4656,4656,4164,260,0,98,0,565,8,3,5,8
95,11,moe,588,29,3143,1374,1374,1634,104,0,31,0,564,8,6,2,8
95,12,moe,671,33,3782,1540,1540,2038,121,0,83,0,651,8,6,2,8
95,13,moe,709,29,4112,2207,2207,1703,105,0,97,0,578,8,6,2,8
95,14,moe,666,29,6242,2711,2711,3277,209,0,45,0,565,8,4,4,8
95,15,moe,599,28,6310,3079,3079,2964,181,0,86,0,692,8,5,3,8
95,16,moe,687,27,7021,3496,3496,3220,201,0,104,0,579,8,4,4,8
95,17,moe,764,29,5945,3392,3392,2368,147,0,38,0,578,8,5,3,8
95,18,moe,693,28,8755,4632,4632,3795,231,0,97,0,697,8,4,4,8
95,19,moe,621,28,5348,2658,2658,2443,149,0,98,0,584,8,5,3,8
95,20,moe,693,28,1132,274,274,787,51,0,20,0,584,8,7,1,8
95,21,moe,752,29,5985,2832,2832,2884,179,0,90,0,690,8,5,3,8
95,22,moe,763,28,3981,2147,2147,1644,108,0,82,0,579,8,6,2,8
95,23,moe,629,27,7313,3155,3155,3833,232,0,93,0,653,8,4,4,8
95,24,moe,711,31,8779,4667,4668,3824,239,0,48,0,651,8,4,4,8
95,25,moe,706,30,8823,4879,4879,3673,227,0,44,0,698,8,4,4,8
95,26,moe,615,29,10146,5213,5213,4592,287,0,54,0,696,8,3,5,8
95,-1,epi,0,0,0,0,0,0,0,0,5333,0,0,0,0,0,0
96,-2,pre,89,0,0,0,0,0,0,0,0,0,0,0,0,0,0
96,0,dense,1325,42,0,0,0,0,0,0,0,0,0,0,0,0,0
96,1,moe,710,36,14562,8354,8355,5780,358,0,69,0,659,8,2,6,8
96,2,moe,661,36,2706,628,628,1927,121,0,30,0,647,8,6,2,8
96,3,moe,598,34,6481,2347,2347,3849,238,0,47,0,651,8,4,4,8
96,4,moe,656,35,4544,1698,1698,2557,156,0,133,0,565,8,5,3,8
96,5,moe,701,35,7560,3126,3126,4120,257,0,57,0,566,8,3,5,8
96,6,moe,674,39,3828,1583,1583,2023,135,0,87,0,714,8,6,2,8
96,7,moe,603,45,4810,1103,1103,3351,225,0,131,0,658,8,4,4,8
96,8,moe,652,38,4065,2271,2271,1643,117,0,34,0,573,8,6,2,8
96,9,moe,736,41,9166,3586,3586,5293,180,0,107,0,652,8,5,3,8
96,10,moe,680,37,2360,649,649,1579,53,0,79,0,569,8,7,1,8
96,11,moe,608,39,5200,2532,2533,2462,162,0,43,0,561,8,5,3,8
96,12,moe,671,40,9449,4140,4141,4887,297,0,124,0,660,8,3,5,8
96,13,moe,715,38,6689,3011,3011,3347,217,0,114,0,578,8,4,4,8
96,14,moe,674,37,1167,274,274,820,53,0,20,0,564,8,7,1,8
96,15,moe,607,34,4412,620,621,3593,119,0,79,0,643,8,6,2,8
96,16,moe,673,35,8637,4092,4092,4157,269,0,119,0,567,8,3,5,8
96,17,moe,720,34,7152,3663,3663,3226,212,0,51,0,581,8,4,4,8
96,18,moe,698,33,3761,1580,1580,1980,120,0,81,0,699,8,6,2,8
96,19,moe,616,33,3283,1420,1420,1671,106,0,86,0,587,8,6,2,8
96,20,moe,700,34,3841,2130,2130,1578,100,0,33,0,578,8,6,2,8
96,21,moe,769,35,8855,4771,4771,3766,232,0,86,0,698,8,4,4,8
96,22,moe,768,33,1266,274,274,861,51,3,77,0,578,8,7,1,8
96,23,moe,614,38,2386,1236,1236,1030,61,0,59,0,686,8,7,1,8
96,24,moe,770,35,6092,2598,2599,3343,118,0,32,0,698,8,6,2,8
96,25,moe,763,35,5020,1522,1522,3354,114,0,30,0,692,8,6,2,8
96,26,moe,626,32,5130,1658,1658,3328,116,0,28,0,680,8,6,2,8
96,-1,epi,0,0,0,0,0,0,0,0,4447,0,0,0,0,0,0
97,-2,pre,72,0,0,0,0,0,0,0,0,0,0,0,0,0,0
97,0,dense,1244,39,0,0,0,0,0,0,0,0,0,0,0,0,0
97,1,moe,723,34,14237,3882,3883,9923,357,0,74,0,649,8,2,6,8
97,2,moe,670,36,8211,4090,4090,3828,249,0,44,0,644,8,4,4,8
97,3,moe,602,36,11499,2739,2740,8422,286,0,51,0,689,8,3,5,8
97,4,moe,697,34,8201,2098,2098,5810,197,0,96,0,578,8,4,4,8
97,5,moe,757,32,4485,1921,1922,2371,155,0,37,0,582,8,5,3,8
97,6,moe,703,34,4619,2451,2451,1958,122,0,88,0,694,8,6,2,8
97,7,moe,611,33,4996,1454,1454,3228,203,0,111,0,577,8,4,4,8
97,8,moe,704,34,5489,2916,2916,2379,157,0,37,0,579,8,5,3,8
97,9,moe,761,34,4078,934,934,2862,183,0,99,0,691,8,5,3,8
97,10,moe,696,33,9148,3056,3056,5790,200,0,102,0,573,8,4,4,8
97,11,moe,620,33,3457,1751,1751,1575,101,0,30,0,577,8,6,2,8
97,12,moe,709,36,3682,1526,1526,1955,121,0,80,0,691,8,6,2,8
97,13,moe,759,32,3228,1391,1391,1647,107,0,83,0,580,8,6,2,8
97,14,moe,695,32,3139,1424,1424,1577,106,0,32,0,587,8,6,2,8
97,15,moe,630,35,5763,1638,1638,3780,235,0,110,0,696,8,4,4,8
97,16,moe,711,34,6516,2992,2993,3220,208,0,95,0,577,8,4,4,8
97,17,moe,759,35,5716,2220,2220,3236,215,0,45,0,565,8,4,4,8
97,18,moe,674,36,9198,3634,3635,5281,177,0,105,0,698,8,5,3,8
97,19,moe,610,35,7006,2622,2623,4016,252,0,115,0,587,8,3,5,8
97,20,moe,705,33,5114,2563,2563,2364,152,0,35,0,580,8,5,3,8
97,21,moe,763,33,5932,2781,2781,2883,174,0,94,0,702,8,5,3,8
97,22,moe,762,37,4805,1645,1645,2978,102,0,80,0,574,8,6,2,8
97,23,moe,636,35,1463,320,320,1012,61,0,70,0,695,8,7,1,8
97,24,moe,765,36,9744,4790,4790,4600,299,0,55,0,698,8,3,5,8
97,25,moe,770,37,2052,312,312,1662,59,0,19,0,693,8,7,1,8
97,26,moe,9810,34,9006,5048,5048,3679,235,0,44,0,695,8,4,4,8
97,-1,epi,0,0,0,0,0,0,0,0,5363,0,0,0,0,0,0
98,-2,pre,41,0,0,0,0,0,0,0,0,0,0,0,0,0,0
98,0,dense,3412,36,0,0,0,0,0,0,0,0,0,0,0,0,0
98,1,moe,7314,39,10853,5711,5711,4770,312,0,60,0,648,8,3,5,8
98,2,moe,7775,38,5708,2685,2685,2801,182,0,40,0,698,8,5,3,8
98,3,moe,7169,37,2590,606,606,1833,120,0,31,0,694,8,6,2,8
98,4,moe,698,34,2158,1137,1137,878,53,0,90,0,585,8,7,1,8
98,5,moe,765,33,1768,271,271,1424,51,0,22,0,577,8,7,1,8
98,6,moe,705,32,2237,301,301,1803,59,0,74,0,702,8,7,1,8
98,7,moe,623,31,4508,1313,1313,3010,103,0,82,0,555,8,6,2,8
98,8,moe,666,37,2766,1209,1209,1484,54,0,19,0,567,8,7,1,8
98,9,moe,706,36,2325,318,318,1873,60,0,74,0,647,8,7,1,8
98,10,moe,687,43,3420,1494,1494,1735,107,0,84,0,566,8,6,2,8
98,11,moe,601,35,1828,272,272,1480,54,0,22,0,559,8,7,1,8
98,12,moe,672,42,7519,3242,3242,3942,238,0,97,0,656,8,4,4,8
98,13,moe,724,39,5137,2345,2346,2552,161,0,78,0,564,8,5,3,8
98,14,moe,676,37,6517,2962,2962,3295,209,0,51,0,586,8,4,4,8
98,15,moe,617,32,8198,4055,4055,3798,239,0,106,0,696,8,4,4,8
98,16,moe,701,33,8949,4527,4527,4045,260,0,117,0,583,8,3,5,8
98,17,moe,763,37,8170,3905,3906,3954,260,0,50,0,585,8,3,5,8
98,18,moe,702,37,14192,3959,3959,9756,349,0,128,0,688,8,2,6,8
98,19,moe,617,32,8985,2884,2884,5805,202,0,94,0,585,8,4,4,8
98,20,moe,696,34,7210,3818,3818,3150,199,0,43,0,582,8,4,4,8
98,21,moe,758,34,7267,3126,3127,3769,270,0,101,0,784,8,4,4,8
98,22,moe,783,42,3263,1397,1397,1638,111,0,117,0,655,8,6,2,8
98,23,moe,657,35,4599,2431,2431,1933,135,0,100,0,745,8,6,2,8
98,24,moe,760,37,8139,4164,4164,3685,241,0,49,0,709,8,4,4,8
98,25,moe,786,38,5220,2118,2118,2869,188,0,45,0,654,8,5,3,8
98,26,moe,602,36,10318,5164,5164,4779,309,0,66,0,702,8,3,5,8
98,-1,epi,0,0,0,0,0,0,0,0,5403,0,0,0,0,0,0
99,-2,pre,45,0,0,0,0,0,0,0,0,0,0,0,0,0,0
99,0,dense,1402,40,0,0,0,0,0,0,0,0,0,0,0,0,0
99,1,moe,786,35,12594,7473,7473,4767,297,0,57,0,661,8,3,5,8
99,2,moe,666,34,7618,3494,3494,3827,248,0,49,0,657,8,4,4,8
99,3,moe,3950,41,5913,2825,2825,2863,182,0,43,0,653,8,5,3,8
99,4,moe,6892,38,10990,5761,5761,4813,301,0,115,0,584,8,2,6,8
99,5,moe,761,35,9017,4754,4754,3953,255,0,55,0,598,8,3,5,8
99,6,moe,698,34,4503,2370,2370,1946,120,0,67,0,700,8,6,2,8
99,7,moe,625,33,3967,2115,2115,1650,107,1,94,0,583,8,6,2,8
99,8,moe,704,33,4358,1370,1370,2854,101,0,33,0,585,8,6,2,8
99,9,moe,766,34,10282,3141,3141,6809,227,0,105,0,701,8,4,4,8
99,10,moe,699,33,13166,5553,5553,7250,249,0,114,0,579,8,3,5,8
99,11,moe,609,32,10205,4260,4260,5701,198,0,46,0,584,8,4,4,8
99,12,moe,701,32,9157,3794,3794,5097,173,0,93,0,701,8,5,3,8
99,13,moe,758,33,12986,5426,5427,7202,245,1,111,0,582,8,3,5,8
99,14,moe,702,51,9542,3576,3576,5707,201,0,58,0,589,8,4,4,8
99,15,moe,620,47,8377,3009,3010,5077,174,0,116,0,693,8,5,3,8
99,16,moe,702,50,11888,4312,4312,7198,248,0,130,0,583,8,3,5,8
99,17,moe,760,44,11337,3878,3878,7142,248,0,69,0,593,8,3,5,8
99,18,moe,707,55,5897,2769,2769,2835,180,0,113,0,718,8,5,3,8
99,19,moe,642,49,8596,3435,3435,4715,301,0,145,0,602,8,2,6,8
99,20,moe,714,44,10406,7047,7048,3099,195,1,63,0,600,8,4,4,8
99,21,moe,788,43,7091,3051,3051,3693,226,0,121,0,723,8,4,4,8
99,22,moe,785,46,2100,1131,1131,833,49,0,87,0,591,8,7,1,8
99,23,moe,638,41,3609,1525,1525,1891,115,0,78,0,717,8,6,2,8
99,24,moe,787,50,10763,3860,3860,6612,228,0,63,0,731,8,4,4,8
99,25,moe,804,39,11809,4981,4981,6552,225,0,51,0,714,8,4,4,8
99,26,moe,658,40,5732,2797,2797,2721,173,0,41,0,726,8,5,3,8
99,-1,epi,0,0,0,0,0,0,0,0,5692,0,0,0,0,0,0
100,-2,pre,219,0,0,0,0,0,0,0,0,0,0,0,0,0,0
100,0,dense,1430,34,0,0,0,0,0,0,0,0,0,0,0,0,0
100,1,moe,784,32,7943,3970,3970,3689,238,0,46,0,696,8,4,4,8
100,2,moe,705,35,7869,3905,3905,3679,239,0,46,0,698,8,4,4,8
100,3,moe,627,28,9107,4159,4160,4594,296,0,57,0,704,8,3,5,8
100,4,moe,1837,31,7902,3245,3245,4391,152,0,114,0,581,8,5,3,8
100,5,moe,4984,30,6814,2335,2335,4289,152,0,38,0,583,8,5,3,8
100,6,moe,7511,33,8979,4818,4818,3811,237,0,113,0,698,8,4,4,8
100,7,moe,3639,29,15551,6567,6568,8572,294,0,117,0,596,8,2,6,8
100,8,moe,726,31,2615,1140,1140,1402,51,0,22,0,592,8,7,1,8
100,9,moe,783,31,7234,1864,1864,5101,169,0,100,0,717,8,5,3,8
100,10,moe,719,30,10614,4571,4571,5744,196,0,103,0,592,8,4,4,8
100,11,moe,633,30,10287,4434,4434,5611,198,0,44,0,597,8,4,4,8
100,12,moe,710,29,12061,5014,5014,6715,229,0,103,0,713,8,4,4,8
100,13,moe,779,31,7024,2457,2457,4321,146,0,100,0,589,8,5,3,8
100,14,moe,715,32,13027,5696,5696,7034,245,0,52,0,595,8,3,5,8
100,15,moe,632,32,8129,2778,2780,5089,168,0,92,0,717,8,5,3,8
100,16,moe,722,35,11370,5378,5378,5510,357,0,125,0,606,8,1,7,8
100,17,moe,790,32,7748,3364,3364,4193,148,0,43,0,651,8,5,3,8
100,18,moe,688,29,8129,4062,4063,3721,251,0,94,0,777,8,4,4,8
100,19,moe,697,35,10409,5213,5213,4737,312,1,146,0,608,8,2,6,8
100,20,moe,726,33,16153,6066,6066,9668,341,0,78,0,605,8,1,7,8
100,21,moe,797,35,5955,2862,2862,2817,172,0,104,0,718,8,5,3,8
100,22,moe,792,33,8098,3791,3792,3936,246,0,124,0,605,8,3,5,8
100,23,moe,645,29,7243,1944,1944,5037,168,0,94,0,715,8,5,3,8
100,24,moe,791,36,8767,3927,3927,4494,294,0,52,0,739,8,3,5,8
100,25,moe,795,33,10579,5735,5735,4500,288,0,56,0,724,8,3,5,8
100,26,moe,646,28,7139,3261,3262,3599,234,0,44,0,719,8,4,4,8
100,-1,epi,0,0,0,0,0,0,0,0,5689,0,0,0,0,0,0
101,-2,pre,37,0,0,0,0,0,0,0,0,0,0,0,0,0,0
101,0,dense,1435,34,0,0,0,0,0,0,0,0,0,0,0,0,0
101,1,moe,805,32,11519,5701,5701,5416,342,0,60,0,731,8,2,6,8
101,2,moe,717,30,6663,3739,3740,2708,175,0,40,0,720,8,5,3,8
101,3,moe,652,29,8412,3555,3555,4522,283,0,52,0,726,8,3,5,8
101,4,moe,719,29,2384,562,562,1623,99,0,100,0,611,8,6,2,8
101,5,moe,795,35,1733,260,260,1402,49,0,22,0,609,8,7,1,8
101,6,moe,734,32,2461,1318,1318,1011,59,0,73,0,721,8,7,1,8
101,7,moe,9349,31,2331,533,533,1616,99,0,83,0,594,8,6,2,8
101,8,moe,7884,31,1942,1092,1092,778,52,0,20,0,601,8,7,1,8
101,9,moe,5514,32,2303,1156,1156,1015,59,0,73,0,723,8,7,1,8
101,10,moe,7339,32,10,0,0,0,0,0,10,0,604,8,8,0,8
101,11,moe,4315,32,5339,789,789,4288,148,1,113,0,604,8,5,3,8
101,12,moe,717,33,4716,2601,2601,1913,118,1,83,0,720,8,6,2,8
101,13,moe,790,37,5326,2659,2659,2409,154,0,104,0,612,8,5,3,8
101,14,moe,721,30,7816,4452,4452,3113,206,0,45,0,614,8,4,4,8
101,15,moe,647,28,9254,2241,2241,6695,225,0,93,0,734,8,4,4,8
101,16,moe,721,32,12505,3538,3538,8548,299,0,120,0,599,8,2,6,8
101,17,moe,787,30,7978,2129,2129,5607,196,0,46,0,593,8,4,4,8
101,18,moe,720,31,6879,3802,3802,2811,177,0,89,0,721,8,5,3,8
101,19,moe,641,30,7175,3718,3718,3160,197,0,100,0,597,8,4,4,8
101,20,moe,708,29,9375,4371,4371,4641,304,0,59,0,601,8,2,6,8
101,21,moe,800,32,7197,3147,3147,3708,234,0,108,0,724,8,4,4,8
101,22,moe,784,29,2081,1108,1108,848,51,0,74,0,599,8,7,1,8
101,23,moe,643,28,4553,2459,2459,1905,116,0,73,0,719,8,6,2,8
101,24,moe,796,33,5791,2884,2885,2695,174,0,37,0,723,8,5,3,8
101,25,moe,790,29,14523,6036,6036,8154,281,0,52,0,723,8,3,5,8
101,26,moe,640,29,11985,3490,3490,8162,277,0,56,0,721,8,3,5,8
101,-1,epi,0,0,0,0,0,0,0,0,5682,0,0,0,0,0,0
102,-2,pre,185,0,0,0,0,0,0,0,0,0,0,0,0,0,0
102,0,dense,1427,33,0,0,0,0,0,0,0,0,0,0,0,0,0
102,1,moe,803,30,6587,3665,3665,2702,177,0,43,0,729,8,5,3,8
102,2,moe,725,29,10769,5907,5907,4525,284,0,53,0,717,8,3,5,8
102,3,moe,650,38,14412,5919,5919,8154,282,0,57,0,721,8,3,5,8
102,4,moe,722,28,9,0,0,0,0,0,9,0,608,8,8,0,8
102,5,moe,791,31,2827,1225,1225,1489,49,0,64,0,605,8,7,1,8
102,6,moe,722,29,9082,3740,3740,5076,170,0,96,0,716,8,5,3,8
102,7,moe,644,32,6219,1670,1670,4304,146,0,99,0,596,8,5,3,8
102,8,moe,718,30,2674,1214,1214,1392,50,0,18,0,599,8,7,1,8
102,9,moe,780,31,6854,3749,3749,2831,177,0,97,0,720,8,5,3,8
102,10,moe,727,28,10243,5105,5105,4701,304,0,133,0,599,8,2,6,8
102,11,moe,11702,35,5037,2521,2521,2329,152,0,35,0,598,8,5,3,8
102,12,moe,1946,35,8031,2770,2770,4991,170,0,100,0,710,8,5,3,8
102,13,moe,2591,35,1254,274,274,856,51,0,73,0,603,8,7,1,8
102,14,moe,1920,35,10123,4291,4291,5592,195,0,45,0,594,8,4,4,8
102,15,moe,1337,34,7363,3338,3338,3693,231,0,101,0,719,8,4,4,8
102,16,moe,715,33,7015,2458,2458,4313,148,0,96,0,602,8,5,3,8
102,17,moe,794,35,7581,3206,3206,4189,150,0,36,0,594,8,5,3,8
102,18,moe,715,49,9032,3733,3733,5026,171,0,102,0,713,8,5,3,8
102,19,moe,637,32,9585,3607,3607,5669,205,0,104,0,596,8,4,4,8
102,20,moe,705,35,6340,2959,2959,3105,213,0,63,0,684,8,4,4,8
102,21,moe,787,39,10922,3899,3899,6669,233,0,121,0,739,8,4,4,8
102,22,moe,804,38,10383,5241,5241,4704,302,0,136,0,610,8,2,6,8
102,23,moe,647,37,6069,2430,2431,3441,114,0,83,0,714,8,6,2,8
102,24,moe,792,35,9978,5142,5143,4493,282,0,60,0,730,8,3,5,8
102,25,moe,797,37,9737,4906,4907,4492,282,0,56,0,718,8,3,5,8
102,26,moe,3068,34,8305,3475,3475,4493,281,0,56,0,727,8,3,5,8
102,-1,epi,0,0,0,0,0,0,0,0,5872,0,0,0,0,0,0
103,-2,pre,51,0,0,0,0,0,0,0,0,0,0,0,0,0,0
103,0,dense,1462,38,0,0,0,0,0,0,0,0,0,0,0,0,0
103,1,moe,815,38,7860,3969,3969,3615,230,0,46,0,731,8,4,4,8
103,2,moe,722,36,4381,2436,2437,1799,118,1,26,0,728,8,6,2,8
103,3,moe,654,33,8044,4145,4145,3623,234,0,42,0,730,8,4,4,8
103,4,moe,723,38,6152,3491,3492,2400,147,0,113,0,603,8,5,3,8
103,5,moe,788,33,3948,2278,2278,1540,101,0,29,0,601,8,6,2,8
103,6,moe,721,35,2420,1273,1273,1012,57,0,78,0,730,8,7,1,8
103,7,moe,640,32,2373,552,552,1638,97,0,86,0,610,8,6,2,8
103,8,moe,721,37,2040,1190,1190,779,50,0,21,0,615,8,7,1,8
103,9,moe,793,35,4525,2434,2434,1893,113,0,85,0,727,8,6,2,8
103,10,moe,729,33,5140,2513,2513,2374,147,0,106,0,611,8,5,3,8
103,11,moe,3477,32,3767,2102,2102,1539,100,0,26,0,605,8,6,2,8
103,12,moe,716,33,2325,1203,1203,992,57,0,73,0,730,8,7,1,8
103,13,moe,792,34,4153,2332,2332,1629,101,0,91,0,612,8,6,2,8
103,14,moe,721,34,3056,1392,1393,1539,97,0,27,0,610,8,6,2,8
103,15,moe,647,37,4506,2429,2429,1886,112,0,79,0,732,8,6,2,8
103,16,moe,725,37,3323,1534,1534,1604,99,0,86,0,610,8,6,2,8
103,17,moe,797,35,8,0,0,0,0,0,8,0,617,8,8,0,8
103,18,moe,718,32,9,0,0,0,0,0,9,0,728,8,8,0,8
103,19,moe,654,32,1110,267,267,773,49,0,21,0,621,8,7,1,8
103,20,moe,725,32,3961,2283,2283,1548,101,0,29,0,613,8,6,2,8
103,21,moe,802,36,5876,2796,2796,2810,168,0,102,0,738,8,5,3,8
103,22,moe,792,41,3259,1429,1429,1630,99,0,101,0,610,8,6,2,8
103,23,moe,643,36,5789,2718,2718,2804,169,0,98,0,728,8,5,3,8
103,24,moe,790,38,6439,2547,2547,3614,228,0,50,0,734,8,4,4,8
103,25,moe,788,38,2156,1167,1168,906,58,0,24,0,742,8,7,1,8
103,26,moe,657,35,3537,1576,1576,1818,114,0,29,0,736,8,6,2,8
103,-1,epi,0,0,0,0,0,0,0,0,5865,0,0,0,0,0,0
104,-2,pre,189,0,0,0,0,0,0,0,0,0,0,0,0,0,0
104,0,dense,1458,37,0,0,0,0,0,0,0,0,0,0,0,0,0
104,1,moe,814,38,7305,3302,3303,3719,232,0,51,0,725,8,4,4,8
104,2,moe,744,46,3557,1543,1544,1858,122,1,32,0,721,8,6,2,8
104,3,moe,657,34,8009,4033,4033,3688,236,0,52,0,744,8,4,4,8
104,4,moe,756,37,2167,1147,1147,870,50,2,98,0,578,8,7,1,8
104,5,moe,773,36,7905,4437,4437,3219,200,0,49,0,602,8,4,4,8
104,6,moe,718,51,2318,1138,1138,1037,60,0,83,0,700,8,7,1,8
104,7,moe,682,34,6003,3297,3297,2445,155,0,106,0,587,8,5,3,8
104,8,moe,722,38,5839,3254,3254,2386,151,0,48,0,592,8,5,3,8
104,9,moe,794,36,6785,3635,3635,2861,174,0,115,0,701,8,5,3,8
104,10,moe,705,37,5288,2592,2592,2438,149,0,109,0,588,8,5,3,8
104,11,moe,859,34,6859,3448,3448,3156,199,0,56,0,586,8,4,4,8
104,12,moe,6475,36,6880,3738,3738,2868,174,0,100,0,697,8,5,3,8
104,13,moe,4305,35,9651,5253,5253,4027,249,0,122,0,582,8,3,5,8
104,14,moe,6410,38,7711,4315,4315,3149,198,0,49,0,580,8,4,4,8
104,15,moe,7157,35,4606,2484,2484,1923,113,0,86,0,728,8,6,2,8
104,16,moe,717,34,9535,4393,4393,4723,295,0,124,0,605,8,2,6,8
104,17,moe,787,32,5014,2504,2504,2326,146,0,38,0,607,8,5,3,8
104,18,moe,718,33,4557,2420,2420,1936,115,0,86,0,718,8,6,2,8
104,19,moe,655,32,3237,1446,1446,1606,102,0,83,0,605,8,6,2,8
104,20,moe,716,35,3906,2229,2229,1547,101,0,29,0,611,8,6,2,8
104,21,moe,786,34,4445,2337,2337,1907,116,0,85,0,730,8,6,2,8
104,22,moe,789,34,7042,3563,3564,3170,197,0,111,0,608,8,4,4,8
104,23,moe,644,32,7963,3945,3946,3693,229,0,95,0,724,8,4,4,8
104,24,moe,785,34,9539,4602,4602,4598,287,0,52,0,702,8,3,5,8
104,25,moe,766,32,6093,3166,3166,2710,178,0,39,0,725,8,5,3,8
104,26,moe,648,33,6185,2293,2293,3615,233,0,44,0,726,8,4,4,8
104,-1,epi,0,0,0,0,0,0,0,0,5755,0,0,0,0,0,0
105,-2,pre,40,0,0,0,0,0,0,0,0,0,0,0,0,0,0
105,0,dense,1460,37,0,0,0,0,0,0,0,0,0,0,0,0,0
105,1,moe,803,34,10199,5268,5268,4592,283,0,56,0,701,8,3,5,8
105,2,moe,697,34,6556,3571,3572,2769,172,0,43,0,698,8,5,3,8
105,3,moe,622,33,4462,2488,2488,1832,113,0,29,0,694,8,6,2,8
105,4,moe,703,33,4623,1920,1920,2440,149,0,114,0,580,8,5,3,8
105,5,moe,767,34,3101,1397,1397,1574,102,0,28,0,585,8,6,2,8
105,6,moe,693,34,7165,3041,3042,3786,229,0,108,0,705,8,4,4,8
105,7,moe,620,37,5211,2507,2508,2441,152,0,110,0,578,8,5,3,8
105,8,moe,776,32,7599,5035,5036,2374,153,0,36,0,585,8,5,3,8
105,9,moe,761,33,6151,2994,2995,2856,187,0,113,0,801,8,5,3,8
105,10,moe,719,38,7148,3591,3592,3216,214,0,126,0,632,8,4,4,8
105,11,moe,636,33,8904,4640,4640,3943,260,0,61,0,591,8,3,5,8
105,12,moe,699,39,4699,2527,2527,1947,121,0,104,0,699,8,6,2,8
105,13,moe,769,38,3234,1396,1396,1639,101,0,98,0,580,8,6,2,8
105,14,moe,702,36,7771,4370,4370,3155,197,0,49,0,587,8,4,4,8
105,15,moe,627,38,2433,1269,1269,1033,60,0,71,0,695,8,7,1,8
105,16,moe,697,36,5215,2543,2543,2425,151,0,96,0,586,8,5,3,8
105,17,moe,760,37,5817,3261,3261,2364,150,0,42,0,585,8,5,3,8
105,18,moe,694,35,5999,2857,2858,2874,172,0,95,0,701,8,5,3,8
105,19,moe,624,33,4075,2230,2230,1660,101,0,84,0,579,8,6,2,8
105,20,moe,699,37,3984,2281,2281,1571,101,0,31,0,591,8,6,2,8
105,21,moe,767,37,3115,968,968,1941,121,0,85,0,692,8,6,2,8
105,22,moe,764,35,2112,1120,1120,870,50,0,72,0,578,8,7,1,8
105,23,moe,622,28,2381,1237,1237,1021,61,0,62,0,700,8,7,1,8
105,24,moe,771,30,6458,2484,2484,3677,245,0,52,0,701,8,4,4,8
105,25,moe,771,30,3532,1541,1541,1842,118,0,31,0,698,8,6,2,8
105,26,moe,628,29,4370,1280,1280,2861,188,0,41,0,656,8,5,3,8
105,-1,epi,0,0,0,0,0,0,0,0,4502,0,0,0,0,0,0
106,-2,pre,216,0,0,0,0,0,0,0,0,0,0,0,0,0,0
106,0,dense,1244,34,0,0,0,0,0,0,0,0,0,0,0,0,0
106,1,moe,727,32,6301,3210,3210,2860,189,0,42,0,656,8,5,3,8
106,2,moe,671,33,8051,3937,3937,3821,244,0,49,0,651,8,4,4,8
106,3,moe,598,29,9762,4608,4608,4782,316,0,56,0,652,8,3,5,8
106,4,moe,662,31,2194,1176,1176,900,54,0,64,0,562,8,7,1,8
106,5,moe,711,33,6020,3373,3373,2455,156,0,36,0,570,8,5,3,8
106,6,moe,665,31,10,0,0,0,0,0,10,0,648,8,8,0,8
106,7,moe,591,28,6668,3133,3133,3276,206,0,53,0,564,8,4,4,8
106,8,moe,667,33,5554,2904,2904,2455,156,0,39,0,566,8,5,3,8
106,9,moe,715,30,6943,3684,3684,2970,178,0,111,0,658,8,5,3,8
106,10,moe,668,34,6511,2831,2832,3352,209,0,118,0,563,8,4,4,8
106,11,moe,584,29,6969,3571,3571,3153,201,0,44,0,592,8,4,4,8
106,12,moe,693,29,1464,312,312,1019,58,0,75,0,694,8,7,1,8
106,13,moe,764,28,5318,2533,2533,2529,156,0,100,0,563,8,5,3,8
106,14,moe,670,34,5320,2676,2676,2451,156,0,37,0,586,8,5,3,8
106,15,moe,634,29,10038,3956,3956,5619,342,0,121,0,702,8,2,6,8
106,16,moe,692,30,2705,863,864,1653,104,0,84,0,596,8,6,2,8
106,17,moe,772,31,5135,2573,2573,2367,156,0,39,0,581,8,5,3,8
106,18,moe,706,33,3770,1622,1623,1959,121,0,67,0,693,8,6,2,8
106,19,moe,613,29,5584,2038,2038,3244,203,0,99,0,587,8,4,4,8
106,20,moe,695,29,3173,1471,1471,1572,100,0,30,0,572,8,6,2,8
106,21,moe,709,31,5299,2030,2030,2993,181,0,95,0,657,8,5,3,8
106,22,moe,706,31,2632,695,695,1735,110,0,92,0,561,8,6,2,8
106,23,moe,603,33,5278,2084,2084,2926,182,0,86,0,700,8,5,3,8
106,24,moe,767,30,11604,5662,5662,5525,356,0,61,0,724,8,2,6,8
106,25,moe,766,32,7066,3120,3120,3672,229,0,45,0,698,8,4,4,8
106,26,moe,620,30,5037,2057,2058,2769,172,3,35,0,700,8,5,3,8
106,-1,epi,0,0,0,0,0,0,0,0,5407,0,0,0,0,0,0
107,-2,pre,257,0,0,0,0,0,0,0,0,0,0,0,0,0,0
107,0,dense,1362,35,0,0,0,0,0,0,0,0,0,0,0,0,0
107,1,moe,778,30,10368,4183,4183,5752,369,0,64,0,657,8,2,6,8
107,2,moe,661,31,7171,3070,3070,3810,241,0,50,0,652,8,4,4,8
107,3,moe,596,29,3586,1529,1529,1904,124,0,29,0,648,8,6,2,8
107,4,moe,665,30,5065,2262,2262,2528,158,0,117,0,569,8,5,3,8
107,5,moe,706,30,2072,1181,1181,820,53,0,18,0,561,8,7,1,8
107,6,moe,671,30,2539,1284,1284,1115,62,0,78,0,653,8,7,1,8
107,7,moe,600,28,9,0,0,0,0,0,9,0,556,8,8,0,8
107,8,moe,666,30,1295,267,267,888,53,0,87,0,574,8,7,1,8
107,9,moe,711,31,5230,1965,1965,2984,177,0,104,0,651,8,5,3,8
107,10,moe,674,34,3326,1422,1422,1711,106,0,87,0,557,8,6,2,8
107,11,moe,596,35,6212,2658,2658,3289,215,1,49,0,567,8,4,4,8
107,12,moe,669,30,4576,2352,2352,2015,124,0,85,0,652,8,6,2,8
107,13,moe,705,30,2166,1153,1153,879,53,0,81,0,566,8,7,1,8
107,14,moe,665,30,7241,3700,3700,3286,208,0,47,0,564,8,4,4,8
107,15,moe,592,31,3925,1694,1694,2029,120,0,82,0,648,8,6,2,8
107,16,moe,662,29,4465,1670,1670,2535,158,0,102,0,561,8,5,3,8
107,17,moe,708,30,4305,1648,1650,2463,157,0,35,0,562,8,5,3,8
107,18,moe,662,29,9638,4335,4335,4890,299,0,114,0,657,8,3,5,8
107,19,moe,599,29,5227,2448,2448,2528,157,0,94,0,572,8,5,3,8
107,20,moe,712,29,3924,2152,2152,1638,105,0,29,0,561,8,6,2,8
107,21,moe,709,30,3791,1558,1558,2029,121,0,83,0,653,8,6,2,8
107,22,moe,716,29,2213,1180,1180,904,54,0,75,0,562,8,7,1,8
107,23,moe,605,28,1537,325,325,1091,62,0,59,0,645,8,7,1,8
107,24,moe,711,29,5899,2818,2818,2856,181,0,44,0,651,8,5,3,8
107,25,moe,705,29,3628,1556,1556,1913,125,0,34,0,650,8,6,2,8
107,26,moe,603,28,11,0,0,0,0,1,10,0,640,8,8,0,8
107,-1,epi,0,0,0,0,0,0,0,0,4471,0,0,0,0,0,0
108,-2,pre,211,0,0,0,0,0,0,0,0,0,0,0,0,0,0
108,0,dense,1238,33,0,0,0,0,0,0,0,0,0,0,0,0,0
108,1,moe,713,31,5833,2748,2749,2860,181,0,43,0,657,8,5,3,8
108,2,moe,672,38,6789,3702,3702,2868,180,0,39,0,657,8,5,3,8
108,3,moe,609,30,11736,5582,5583,5730,355,0,68,0,654,8,2,6,8
108,4,moe,669,33,2242,1196,1196,895,54,0,97,0,563,8,7,1,8
108,5,moe,709,254,7582,4917,4917,2470,156,0,39,0,562,8,5,3,8
108,6,moe,667,35,9,0,1,0,0,0,8,0,646,8,8,0,8
108,7,moe,591,32,3351,1586,1586,1633,104,0,28,0,563,8,6,2,8
108,8,moe,670,36,4113,2334,2334,1641,108,0,30,0,564,8,6,2,8
108,9,moe,711,37,4055,1794,1794,2031,126,0,104,0,655,8,6,2,8
108,10,moe,663,34,7567,3871,3871,3360,216,0,120,0,649,8,4,4,8
108,11,moe,614,42,7065,3488,3488,3294,224,0,59,0,584,8,4,4,8
108,12,moe,672,41,4668,2418,2418,2030,120,0,100,0,666,8,6,2,8
108,13,moe,723,39,6374,3573,3573,2533,160,0,108,0,574,8,5,3,8
108,14,moe,706,36,5066,2398,2400,2465,157,3,41,0,569,8,5,3,8
108,15,moe,621,39,7393,3113,3113,3924,238,0,118,0,657,8,4,4,8
108,16,moe,684,36,3291,1367,1367,1727,104,1,92,0,559,8,6,2,8
108,17,moe,711,35,8508,4064,4064,4116,267,0,61,0,588,8,3,5,8
108,18,moe,677,44,6166,2904,2904,3001,187,0,74,0,654,8,5,3,8
108,19,moe,592,34,6382,2683,2683,3368,207,1,123,0,568,8,4,4,8
108,20,moe,673,37,4610,1957,1957,2458,153,0,42,0,573,8,5,3,8
108,21,moe,708,35,9054,3731,3732,4906,298,0,118,0,650,8,3,5,8
108,22,moe,706,35,6066,3294,3294,2513,157,0,102,0,561,8,5,3,8
108,23,moe,603,37,4630,2373,2373,2049,122,0,86,0,645,8,6,2,8
108,24,moe,709,37,10148,5011,5011,4775,295,0,67,0,652,8,3,5,8
108,25,moe,714,34,5896,2818,2818,2858,180,1,39,0,650,8,5,3,8
108,26,moe,603,40,2698,623,624,1919,125,0,30,0,652,8,6,2,8
108,-1,epi,0,0,0,0,0,0,0,0,4441,0,0,0,0,0,0
109,-2,pre,214,0,0,0,0,0,0,0,0,0,0,0,0,0,0
109,0,dense,1240,43,0,0,0,0,0,0,0,0,0,0,0,0,0
109,1,moe,723,39,18429,5743,5743,12174,433,0,79,0,657,8,1,7,8
109,2,moe,679,41,10527,5393,5395,4768,309,0,55,0,651,8,3,5,8
109,3,moe,589,36,12327,6174,6175,5724,360,0,68,0,653,8,2,6,8
109,4,moe,665,36,7423,3680,3680,3405,206,0,132,0,567,8,4,4,8
109,5,moe,706,35,8027,4604,4605,3176,203,0,43,0,595,8,4,4,8
109,6,moe,698,39,4544,2405,2406,1947,126,0,65,0,692,8,6,2,8
109,7,moe,614,33,8156,4574,4574,3263,200,0,119,0,578,8,4,4,8
109,8,moe,697,35,4527,1958,1958,2377,148,0,44,0,581,8,5,3,8
109,9,moe,765,36,10506,5203,5203,4878,296,0,129,0,652,8,3,5,8
109,10,moe,675,41,6036,3343,3344,2441,151,0,100,0,583,8,5,3,8
109,11,moe,622,33,13066,7127,7127,5519,350,0,70,0,582,8,1,7,8
109,12,moe,695,34,9326,3224,3224,5629,344,0,129,0,701,8,2,6,8
109,13,moe,764,35,7585,4052,4052,3225,201,0,107,0,592,8,4,4,8
109,14,moe,699,41,7790,2680,2680,4739,300,0,71,0,594,8,2,6,8
109,15,moe,643,32,10957,4830,4830,5647,355,0,125,0,697,8,2,6,8
109,16,moe,699,32,12901,5964,5965,6397,393,0,146,0,580,8,0,8,8
109,17,moe,772,33,9138,4058,4058,4721,294,0,65,0,585,8,2,6,8
109,18,moe,705,39,7392,3269,3269,3785,229,0,109,0,720,8,4,4,8
109,19,moe,625,32,9655,3578,3579,5591,347,0,138,0,591,8,1,7,8
109,20,moe,699,35,10354,5265,5265,4728,301,0,60,0,590,8,2,6,8
109,21,moe,760,36,15825,5513,5513,9819,353,1,139,0,705,8,2,6,8
109,22,moe,759,35,7961,2713,2713,4836,305,0,107,0,584,8,2,6,8
109,23,moe,615,33,6601,2470,2470,3797,233,0,101,0,699,8,4,4,8
109,24,moe,766,35,7767,2803,2803,4597,306,0,61,0,702,8,3,5,8
109,25,moe,760,34,14945,3717,3717,10741,415,0,72,0,695,8,1,7,8
109,26,moe,620,35,8833,2917,2918,5502,351,0,62,0,698,8,2,6,8
109,-1,epi,0,0,0,0,0,0,0,0,5351,0,0,0,0,0,0
110,-2,pre,211,0,0,0,0,0,0,0,0,0,0,0,0,0,0
110,0,dense,1352,40,0,0,0,0,0,0,0,0,0,0,0,0,0
110,1,moe,782,38,4357,1371,1371,2765,183,0,38,0,717,8,5,3,8
110,2,moe,711,36,6464,2475,2475,3703,242,0,44,0,703,8,4,4,8
110,3,moe,626,37,9475,2508,2508,6681,239,0,47,0,695,8,4,4,8
110,4,moe,701,36,7698,3303,3303,4006,252,0,137,0,583,8,3,5,8
110,5,moe,761,34,3144,1424,1424,1588,102,0,30,0,579,8,6,2,8
110,6,moe,704,33,4536,2381,2382,1946,118,0,90,0,696,8,6,2,8
110,7,moe,613,33,6005,3310,3310,2435,152,0,108,0,593,8,5,3,8
110,8,moe,697,34,6954,3565,3565,3143,202,0,44,0,586,8,4,4,8
110,9,moe,766,34,8105,3986,3986,3778,230,0,111,0,690,8,4,4,8
110,10,moe,697,61,5099,2417,2417,2426,153,0,103,0,585,8,5,3,8
110,11,moe,623,32,7290,3052,3052,3934,250,0,54,0,580,8,3,5,8
110,12,moe,696,34,1470,317,317,1021,58,0,74,0,695,8,7,1,8
110,13,moe,765,34,2368,537,537,1645,102,0,84,0,582,8,6,2,8
110,14,moe,697,32,2110,1242,1242,788,56,0,24,0,590,8,7,1,8
110,15,moe,660,33,6795,2628,2628,3791,253,0,123,0,787,8,4,4,8
110,16,moe,718,45,4645,1396,1396,3009,119,0,121,0,598,8,6,2,8
110,17,moe,739,49,1179,280,280,818,54,0,27,0,573,8,7,1,8
110,18,moe,683,44,5436,2146,2146,2991,188,0,111,0,663,8,5,3,8
110,19,moe,614,42,12354,6001,6001,5825,379,0,149,0,566,8,1,7,8
110,20,moe,684,39,12622,4862,4863,7430,270,1,58,0,566,8,3,5,8
110,21,moe,738,37,9670,4573,4573,4690,286,0,121,0,699,8,3,5,8
110,22,moe,763,35,6589,3028,3028,3239,200,0,122,0,582,8,4,4,8
110,23,moe,629,37,5852,2719,2719,2870,172,0,91,0,697,8,5,3,8
110,24,moe,765,34,8098,4143,4143,3676,232,0,47,0,697,8,4,4,8
110,25,moe,767,35,7937,3988,3989,3670,234,1,43,0,700,8,4,4,8
110,26,moe,622,35,9215,4281,4281,4589,293,0,52,0,695,8,3,5,8
110,-1,epi,0,0,0,0,0,0,0,0,5370,0,0,0,0,0,0
111,-2,pre,49,0,0,0,0,0,0,0,0,0,0,0,0,0,0
111,0,dense,1420,47,0,0,0,0,0,0,0,0,0,0,0,0,0
111,1,moe,782,40,4292,1316,1316,2760,176,0,40,0,703,8,5,3,8
111,2,moe,682,219,12718,8598,8599,3824,242,0,53,0,695,8,4,4,8
111,3,moe,623,33,3875,900,900,2757,178,0,40,0,690,8,5,3,8
111,4,moe,704,37,2160,1149,1149,861,51,0,99,0,588,8,7,1,8
111,5,moe,771,34,4158,2429,2429,1599,102,0,28,0,564,8,6,2,8
111,6,moe,676,36,2410,1206,1206,1065,60,0,79,0,652,8,7,1,8
111,7,moe,577,34,3437,1537,1537,1704,106,0,90,0,574,8,6,2,8
111,8,moe,689,36,1161,266,266,819,56,0,20,0,555,8,7,1,8
111,9,moe,716,36,3339,1291,1291,1907,65,0,76,0,647,8,7,1,8
111,10,moe,671,36,2002,300,300,1570,55,0,77,0,568,8,7,1,8
111,11,moe,602,33,4592,1487,1487,2963,110,0,32,0,568,8,6,2,8
111,12,moe,670,37,2447,1254,1254,1064,61,0,68,0,653,8,7,1,8
111,13,moe,719,37,4272,2357,2357,1719,109,0,87,0,562,8,6,2,8
111,14,moe,671,35,1335,440,440,820,54,1,20,0,562,8,7,1,8
111,15,moe,4543,33,9,0,0,0,0,0,9,0,642,8,8,0,8
111,16,moe,669,35,4097,2317,2317,1638,111,0,31,0,560,8,6,2,8
111,17,moe,714,43,5164,2509,2509,2456,160,0,39,0,567,8,5,3,8
111,18,moe,669,31,4670,2422,2422,2028,118,1,101,0,651,8,6,2,8
111,19,moe,595,30,4369,2461,2461,1718,107,0,83,0,560,8,6,2,8
111,20,moe,673,30,9254,3062,3063,5929,211,0,51,0,565,8,4,4,8
111,21,moe,708,32,7231,3036,3036,3843,239,0,113,0,700,8,4,4,8
111,22,moe,762,30,5267,2569,2569,2448,151,0,99,0,587,8,5,3,8
111,23,moe,624,28,4552,2348,2348,1996,120,0,88,0,653,8,6,2,8
111,24,moe,716,29,10267,5145,5146,4765,301,0,55,0,656,8,3,5,8
111,25,moe,761,29,8018,2781,2781,5017,181,0,39,0,710,8,5,3,8
111,26,moe,634,30,10265,4349,4350,5507,345,0,63,0,697,8,2,6,8
111,-1,epi,0,0,0,0,0,0,0,0,5369,0,0,0,0,0,0
112,-2,pre,199,0,0,0,0,0,0,0,0,0,0,0,0,0,0
112,0,dense,1244,32,0,0,0,0,0,0,0,0,0,0,0,0,0
112,1,moe,719,32,8524,4359,4359,3866,248,0,51,0,655,8,4,4,8
112,2,moe,678,31,10210,5045,5045,4794,307,0,64,0,655,8,3,5,8
112,3,moe,596,29,7551,3435,3437,3827,239,0,48,0,653,8,4,4,8
112,4,moe,677,49,6717,1869,1869,4565,163,0,120,0,561,8,5,3,8
112,5,moe,716,31,8992,3032,3032,5712,207,0,41,0,577,8,4,4,8
112,6,moe,700,30,9059,4923,4923,3800,231,0,105,0,694,8,4,4,8
112,7,moe,623,32,5099,2421,2421,2427,151,0,100,0,581,8,5,3,8
112,8,moe,704,31,1962,1099,1099,788,51,0,24,0,601,8,7,1,8
112,9,moe,773,30,8853,4735,4735,3781,228,0,109,0,697,8,4,4,8
112,10,moe,699,29,4369,1689,1689,2427,150,0,103,0,581,8,5,3,8
112,11,moe,611,29,5821,3259,3259,2374,147,0,41,0,584,8,5,3,8
112,12,moe,702,29,3628,1476,1476,1950,115,0,87,0,695,8,6,2,8
112,13,moe,760,30,5157,2475,2475,2437,150,0,95,0,575,8,5,3,8
112,14,moe,698,28,5498,2100,2100,3153,200,1,44,0,585,8,4,4,8
112,15,moe,620,28,8166,4044,4044,3781,230,0,111,0,693,8,4,4,8
112,16,moe,1132,29,9135,4558,4558,4190,257,0,130,0,574,8,3,5,8
112,17,moe,717,32,10067,4974,4975,4735,299,0,58,0,585,8,2,6,8
112,18,moe,704,30,9059,4948,4948,3762,232,0,117,0,696,8,4,4,8
112,19,moe,628,29,7300,3777,3777,3220,195,0,108,0,578,8,4,4,8
112,20,moe,690,30,5186,2632,2632,2365,150,0,39,0,586,8,5,3,8
112,21,moe,765,31,5904,2786,2786,2849,172,0,97,0,693,8,5,3,8
112,22,moe,764,29,7221,3683,3683,3222,202,0,114,0,586,8,4,4,8
112,23,moe,629,34,5907,2789,2789,2854,173,0,91,0,695,8,5,3,8
112,24,moe,768,31,5792,2818,2818,2763,176,0,35,0,700,8,5,3,8
112,25,moe,766,29,4515,2537,2537,1833,116,0,29,0,693,8,6,2,8
112,26,moe,618,29,7075,3132,3132,3666,231,0,46,0,699,8,4,4,8
112,-1,epi,0,0,0,0,0,0,0,0,5391,0,0,0,0,0,0
113,-2,pre,42,0,0,0,0,0,0,0,0,0,0,0,0,0,0
113,0,dense,1314,33,0,0,0,0,0,0,0,0,0,0,0,0,0
113,1,moe,728,32,7827,3668,3668,3836,269,1,53,0,780,8,4,4,8
113,2,moe,656,42,3683,1589,1591,1919,133,0,40,0,792,8,6,2,8
113,3,moe,612,32,3597,1517,1517,1909,137,1,33,0,680,8,6,2,8
113,4,moe,679,35,2240,1192,1192,887,56,0,105,0,571,8,7,1,8
113,5,moe,717,36,4083,2294,2294,1644,109,0,36,0,574,8,6,2,8
113,6,moe,677,34,9494,5193,5193,3929,248,0,124,0,668,8,4,4,8
113,7,moe,601,31,2319,1288,1288,890,56,0,85,0,571,8,7,1,8
113,8,moe,672,32,1995,1104,1104,819,52,0,20,0,571,8,7,1,8
113,9,moe,724,32,9360,3703,3704,5368,178,0,110,0,664,8,5,3,8
113,10,moe,670,33,6773,1952,1952,4561,157,1,102,0,571,8,5,3,8
113,11,moe,590,29,3950,848,848,2970,104,0,28,0,577,8,6,2,8
113,12,moe,681,35,3447,1430,1430,1876,61,0,80,0,658,8,7,1,8
113,13,moe,726,35,2224,1201,1201,887,55,0,81,0,571,8,7,1,8
113,14,moe,681,32,7161,2506,2506,4460,156,0,39,0,577,8,5,3,8
113,15,moe,602,40,4728,2514,2514,1998,127,0,89,0,656,8,6,2,8
113,16,moe,6042,32,5209,2394,2394,2539,160,0,116,0,575,8,5,3,8
113,17,moe,4175,32,9908,3723,3723,5933,207,0,45,0,566,8,4,4,8
113,18,moe,5037,34,9131,4828,4828,3939,246,0,118,0,654,8,4,4,8
113,19,moe,777,33,7298,3571,3571,3399,214,0,114,0,568,8,4,4,8
113,20,moe,670,30,6975,3557,3557,3162,207,0,49,0,579,8,4,4,8
113,21,moe,763,30,3717,1561,1561,1949,120,0,87,0,699,8,6,2,8
113,22,moe,760,29,4256,2335,2335,1714,110,0,97,0,565,8,6,2,8
113,23,moe,603,30,5989,2718,2718,2982,188,0,101,0,650,8,5,3,8
113,24,moe,712,31,9541,2311,2312,6937,237,0,55,0,649,8,4,4,8
113,25,moe,716,32,8925,4948,4948,3693,235,0,49,0,694,8,4,4,8
113,26,moe,624,29,5680,2686,2686,2765,181,0,48,0,693,8,5,3,8
113,-1,epi,0,0,0,0,0,0,0,0,4908,0,0,0,0,0,0
114,-2,pre,1019,0,0,0,0,0,0,0,0,0,0,0,0,0,0
114,0,dense,1233,39,0,0,0,0,0,0,0,0,0,0,0,0,0
114,1,moe,724,40,9392,5261,5263,3830,250,0,49,0,653,8,4,4,8
114,2,moe,683,38,4511,2438,2438,1912,126,0,35,0,649,8,6,2,8
114,3,moe,600,37,3135,1315,1315,1736,60,0,24,0,648,8,7,1,8
114,4,moe,670,35,5689,2400,2400,3074,105,0,110,0,563,8,6,2,8
114,5,moe,714,36,3990,2202,2202,1648,109,0,31,0,559,8,6,2,8
114,6,moe,675,36,2619,1421,1422,1077,63,0,57,0,646,8,7,1,8
114,7,moe,592,34,2170,1132,1132,898,55,0,85,0,554,8,7,1,8
114,8,moe,670,35,3192,1413,1414,1639,110,0,29,0,562,8,6,2,8
114,9,moe,712,36,5957,2688,2688,2976,188,0,105,0,646,8,5,3,8
114,10,moe,669,38,1330,277,278,916,54,1,81,0,572,8,7,1,8
114,11,moe,606,35,7265,3714,3715,3278,216,0,56,0,563,8,4,4,8
114,12,moe,669,35,8265,3978,3978,3932,246,0,109,0,650,8,4,4,8
114,13,moe,720,36,2162,1132,1132,894,55,0,81,0,569,8,7,1,8
114,14,moe,663,36,9099,2912,2912,5932,209,0,46,0,564,8,4,4,8
114,15,moe,594,34,17158,5472,5472,11119,422,0,145,0,697,8,1,7,8
114,16,moe,706,36,9559,4317,4317,4815,301,0,126,0,588,8,2,6,8
114,17,moe,761,35,9768,3793,3793,5723,202,0,50,0,590,8,4,4,8
114,18,moe,1939,35,15542,5164,5164,9905,349,1,123,0,691,8,2,6,8
114,19,moe,12722,54,2546,660,660,1677,103,0,106,0,583,8,6,2,8
114,20,moe,703,39,5571,2161,2161,3159,201,0,50,0,588,8,4,4,8
114,21,moe,759,38,5414,1279,1279,3783,240,0,112,0,699,8,4,4,8
114,22,moe,766,33,4097,2223,2223,1678,101,0,95,0,580,8,6,2,8
114,23,moe,637,38,2266,319,319,1818,60,0,69,0,697,8,7,1,8
114,24,moe,776,34,9973,3012,3012,6681,230,1,49,0,698,8,4,4,8
114,25,moe,769,40,11001,4013,4013,6718,226,0,44,0,690,8,4,4,8
114,26,moe,617,37,6749,3783,3783,2749,173,0,44,0,693,8,5,3,8
114,-1,epi,0,0,0,0,0,0,0,0,5352,0,0,0,0,0,0
115,-2,pre,71,0,0,0,0,0,0,0,0,0,0,0,0,0,0
115,0,dense,1356,40,0,0,0,0,0,0,0,0,0,0,0,0,0
115,1,moe,774,35,7971,4017,4017,3676,228,0,50,0,703,8,4,4,8
115,2,moe,698,34,7086,3135,3135,3677,227,0,47,0,701,8,4,4,8
115,3,moe,620,34,17949,6739,6739,10721,419,0,70,0,696,8,1,7,8
115,4,moe,702,33,4218,2352,2353,1649,105,0,111,0,582,8,6,2,8
115,5,moe,767,35,8931,2968,2968,5718,201,0,44,0,573,8,4,4,8
115,6,moe,700,35,5933,2774,2774,2871,183,0,105,0,700,8,5,3,8
115,7,moe,620,37,4107,2250,2250,1660,105,0,92,0,582,8,6,2,8
115,8,moe,696,33,2001,1129,1129,796,52,0,24,0,577,8,7,1,8
115,9,moe,766,34,5900,2758,2758,2860,175,0,107,0,698,8,5,3,8
115,10,moe,696,35,7127,3555,3556,3244,209,0,118,0,582,8,4,4,8
115,11,moe,613,35,6402,3001,3001,3157,200,1,43,0,585,8,4,4,8
115,12,moe,714,35,9598,4473,4473,4685,305,0,135,0,799,8,3,5,8
115,13,moe,790,46,4595,1447,1447,2919,118,0,111,0,630,8,6,2,8
115,14,moe,717,41,9727,3763,3763,5710,205,0,49,0,589,8,4,4,8
115,15,moe,618,37,19303,7028,7028,11651,462,0,162,0,706,8,0,8,8
115,16,moe,715,40,14347,5247,5248,8651,304,0,144,0,581,8,2,6,8
115,17,moe,771,39,10823,4891,4891,5513,348,0,71,0,583,8,1,7,8
115,18,moe,700,35,16650,6289,6289,9887,346,0,128,0,700,8,2,6,8
115,19,moe,617,36,11839,4300,4300,7173,249,0,117,0,594,8,3,5,8
115,20,moe,712,36,10229,4362,4363,5615,198,0,53,0,597,8,4,4,8
115,21,moe,786,36,14234,5455,5455,8373,282,0,124,0,713,8,3,5,8
115,22,moe,778,37,7082,1077,1077,5700,194,0,111,0,593,8,4,4,8
115,23,moe,649,38,10270,5243,5243,4632,291,0,104,0,712,8,3,5,8
115,24,moe,781,35,16190,6050,6051,9725,353,0,61,0,712,8,2,6,8
115,25,moe,786,34,10085,4248,4249,5425,348,0,63,0,721,8,2,6,8
115,26,moe,649,34,10959,4177,4177,6308,398,0,76,0,715,8,1,7,8
115,-1,epi,0,0,0,0,0,0,0,0,5665,0,0,0,0,0,0
116,-2,pre,206,0,0,0,0,0,0,0,0,0,0,0,0,0,0
116,0,dense,1422,38,0,0,0,0,0,0,0,0,0,0,0,0,0
116,1,moe,801,35,11867,5043,5044,6555,227,0,41,0,713,8,4,4,8
116,2,moe,726,39,5090,1656,1656,3278,123,0,33,0,714,8,6,2,8
116,3,moe,645,33,5691,2743,2743,2725,180,0,43,0,724,8,5,3,8
116,4,moe,738,33,5195,2506,2506,2411,154,0,124,0,603,8,5,3,8
116,5,moe,788,35,4116,1603,1603,2325,148,0,40,0,602,8,5,3,8
116,6,moe,725,34,6160,2520,2520,3425,117,0,98,0,718,8,6,2,8
116,7,moe,647,32,6242,2713,2713,3207,203,0,119,0,609,8,4,4,8
116,8,moe,723,34,3925,2216,2217,1574,105,1,28,0,603,8,6,2,8
116,9,moe,795,35,5875,2754,2755,2842,174,0,104,0,700,8,5,3,8
116,10,moe,699,48,8894,2781,2781,5788,207,0,118,0,597,8,4,4,8
116,11,moe,642,33,5015,2077,2078,2802,110,0,25,0,601,8,6,2,8
116,12,moe,728,34,1642,472,472,1034,57,3,76,0,715,8,7,1,8
116,13,moe,788,34,5467,2315,2315,2952,102,0,98,0,582,8,6,2,8
116,14,moe,697,34,9567,3623,3623,5701,199,0,44,0,607,8,4,4,8
116,15,moe,655,35,5835,2734,2734,2827,177,0,97,0,718,8,5,3,8
116,16,moe,721,32,2885,1063,1063,1631,99,1,91,0,598,8,6,2,8
116,17,moe,780,34,7407,4010,4011,3152,202,0,42,0,580,8,4,4,8
116,18,moe,697,34,8090,3968,3969,3756,236,0,129,0,727,8,4,4,8
116,19,moe,652,31,6314,2822,2823,3179,203,0,109,0,606,8,4,4,8
116,20,moe,714,38,4472,1907,1907,2369,157,0,39,0,586,8,5,3,8
116,21,moe,770,35,11296,4172,4173,6776,235,1,111,0,716,8,4,4,8
116,22,moe,812,33,6248,2757,2757,3180,197,0,114,0,599,8,4,4,8
116,23,moe,653,32,6070,2949,2949,2849,177,0,95,0,720,8,5,3,8
116,24,moe,788,35,7547,2693,2693,4517,283,0,54,0,722,8,3,5,8
116,25,moe,784,34,12038,3458,3458,8233,291,0,56,0,721,8,3,5,8
116,26,moe,647,40,14651,4589,4589,9652,344,0,66,0,717,8,2,6,8
116,-1,epi,0,0,0,0,0,0,0,0,5686,0,0,0,0,0,0
117,-2,pre,62,0,0,0,0,0,0,0,0,0,0,0,0,0,0
117,0,dense,1455,37,0,0,0,0,0,0,0,0,0,0,0,0,0
117,1,moe,804,39,15577,6860,6860,8371,283,0,63,0,695,8,3,5,8
117,2,moe,694,34,10894,3921,3921,6691,230,0,52,0,696,8,4,4,8
117,3,moe,651,38,10897,6048,6048,4514,283,0,52,0,718,8,3,5,8
117,4,moe,720,34,8195,3858,3859,3948,247,0,141,0,602,8,3,5,8
117,5,moe,779,35,3965,2281,2281,1556,100,0,28,0,597,8,6,2,8
117,6,moe,719,33,6341,2649,2649,3480,116,0,96,0,699,8,6,2,8
117,7,moe,619,34,5327,2180,2180,2955,100,0,92,0,581,8,6,2,8
117,8,moe,711,34,5140,2209,2209,2805,99,0,27,0,591,8,6,2,8
117,9,moe,787,35,13095,4328,4328,8364,281,0,122,0,716,8,3,5,8
117,10,moe,744,36,5970,3317,3317,2408,164,0,81,0,672,8,5,3,8
117,11,moe,679,34,12057,4696,4697,7037,262,0,61,0,596,8,3,5,8
117,12,moe,718,33,9107,3653,3653,5153,177,1,123,0,701,8,5,3,8
117,13,moe,787,33,10488,4402,4402,5768,199,0,119,0,582,8,4,4,8
117,14,moe,698,32,7933,3519,3519,4228,149,1,36,0,591,8,5,3,8
117,15,moe,648,29,10187,3165,3165,6676,227,0,119,0,716,8,4,4,8
117,16,moe,716,30,8790,4450,4451,3953,256,0,130,0,597,8,3,5,8
117,17,moe,791,32,4016,2327,2327,1556,104,0,29,0,600,8,6,2,8
117,18,moe,719,32,15895,5672,5673,9749,346,0,127,0,718,8,2,6,8
117,19,moe,663,32,5244,2560,2560,2421,155,0,108,0,596,8,5,3,8
117,20,moe,732,32,3943,2263,2264,1547,101,0,31,0,602,8,6,2,8
117,21,moe,797,29,6110,2470,2471,3425,119,0,95,0,714,8,6,2,8
117,22,moe,798,29,7375,2800,2801,4312,151,0,111,0,601,8,5,3,8
117,23,moe,652,30,6715,3620,3621,2820,176,1,97,0,724,8,5,3,8
117,24,moe,785,31,13759,5185,5185,8231,285,0,58,0,721,8,3,5,8
117,25,moe,782,30,8709,3564,3564,4928,169,0,48,0,711,8,5,3,8
117,26,moe,653,31,14565,6002,6002,8225,286,0,52,0,715,8,3,5,8
117,-1,epi,0,0,0,0,0,0,0,0,5668,0,0,0,0,0,0
118,-2,pre,37,0,0,0,0,0,0,0,0,0,0,0,0,0,0
118,0,dense,1463,31,0,0,0,0,0,0,0,0,0,0,0,0,0
118,1,moe,804,35,11462,5641,5641,5414,347,0,60,0,729,8,2,6,8
118,2,moe,725,29,7903,3980,3980,3633,237,0,53,0,720,8,4,4,8
118,3,moe,658,29,9319,4464,4464,4511,286,0,58,0,720,8,3,5,8
118,4,moe,729,29,7405,2832,2832,4302,153,0,118,0,600,8,5,3,8
118,5,moe,794,31,13035,5692,5692,7034,253,0,56,0,600,8,3,5,8
118,6,moe,728,30,11070,4021,4021,6695,230,0,124,0,717,8,4,4,8
118,7,moe,651,29,10489,5324,5325,4728,305,0,131,0,601,8,2,6,8
118,8,moe,713,32,5832,3310,3310,2334,148,0,40,0,598,8,5,3,8
118,9,moe,800,29,6364,2285,2285,3727,237,0,115,0,723,8,4,4,8
118,10,moe,718,29,5454,2791,2791,2406,154,0,103,0,602,8,5,3,8
118,11,moe,646,28,6864,2460,2460,4214,150,0,40,0,594,8,5,3,8
118,12,moe,715,32,5272,1657,1657,3436,115,0,64,0,713,8,6,2,8
118,13,moe,803,33,2172,1182,1183,855,50,0,84,0,598,8,7,1,8
118,14,moe,730,31,5529,2172,2172,3108,197,1,51,0,606,8,4,4,8
118,15,moe,649,29,13342,4599,4599,8338,296,0,109,0,719,8,3,5,8
118,16,moe,728,29,17286,7074,7074,9730,348,0,134,0,596,8,1,7,8
118,17,moe,783,31,9995,4962,4962,4660,311,0,62,0,596,8,2,6,8
118,18,moe,709,32,10350,3339,3340,6666,225,0,119,0,714,8,4,4,8
118,19,moe,643,28,10343,4366,4366,5675,195,0,107,0,594,8,4,4,8
118,20,moe,716,29,7112,2742,2742,4183,145,0,42,0,595,8,5,3,8
118,21,moe,788,34,6216,2581,2581,3421,118,0,96,0,715,8,6,2,8
118,22,moe,791,32,7192,2593,2593,4340,148,0,111,0,596,8,5,3,8
118,23,moe,640,35,13010,4265,4265,8320,280,0,145,0,713,8,3,5,8
118,24,moe,788,31,8879,3782,3782,4890,170,0,37,0,713,8,5,3,8
118,25,moe,793,31,8125,3034,3034,4891,166,0,34,0,717,8,5,3,8
118,26,moe,644,29,6943,1850,1850,4886,168,0,39,0,711,8,5,3,8
118,-1,epi,0,0,0,0,0,0,0,0,5674,0,0,0,0,0,0
119,-2,pre,34,0,0,0,0,0,0,0,0,0,0,0,0,0,0
119,0,dense,1451,29,0,0,0,0,0,0,0,0,0,0,0,0,0
119,1,moe,809,34,7175,3305,3306,3591,229,0,49,0,725,8,4,4,8
119,2,moe,732,31,9916,5049,5049,4498,288,0,81,0,725,8,3,5,8
119,3,moe,659,29,6853,2966,2966,3606,227,0,54,0,725,8,4,4,8
119,4,moe,726,30,4061,2237,2237,1616,99,0,109,0,601,8,6,2,8
119,5,moe,796,31,6313,1934,1934,4194,151,0,34,0,603,8,5,3,8
119,6,moe,718,28,3140,1236,1236,1762,58,0,84,0,721,8,7,1,8
119,7,moe,651,28,5332,812,812,4263,147,0,110,0,602,8,5,3,8
119,8,moe,724,28,5356,2429,2429,2796,104,1,26,0,595,8,6,2,8
119,9,moe,797,29,7983,2671,2671,5013,193,0,106,0,755,8,5,3,8
119,10,moe,716,36,16407,6126,6126,9741,368,0,172,0,625,8,1,7,8
119,11,moe,658,32,11759,6700,6701,4681,305,0,72,0,615,8,2,6,8
119,12,moe,723,33,8151,2801,2801,5064,169,0,117,0,722,8,5,3,8
119,13,moe,792,33,4445,1791,1792,2399,145,0,109,0,601,8,5,3,8
119,14,moe,742,33,8655,2810,2811,5591,206,0,47,0,598,8,4,4,8
119,15,moe,653,30,11101,4094,4094,6673,225,0,109,0,715,8,4,4,8
119,16,moe,713,30,2012,422,422,1458,50,0,82,0,598,8,7,1,8
119,17,moe,788,28,4006,2339,2340,1537,101,0,28,0,615,8,6,2,8
119,18,moe,719,30,6002,2937,2937,2798,172,0,95,0,720,8,5,3,8
119,19,moe,649,28,5138,2491,2491,2396,153,0,98,0,601,8,5,3,8
119,20,moe,720,31,6611,2436,2436,3861,254,0,60,0,607,8,3,5,8
119,21,moe,797,32,2703,609,609,1885,114,0,95,0,731,8,6,2,8
119,22,moe,807,32,3760,644,645,2922,104,0,89,0,600,8,6,2,8
119,23,moe,656,31,3463,1545,1545,1792,61,0,65,0,717,8,7,1,8
119,24,moe,808,28,6524,1404,1404,4906,178,0,36,0,724,8,5,3,8
119,25,moe,803,31,9262,2450,2450,6536,232,0,44,0,717,8,4,4,8
119,26,moe,645,27,5966,3058,3058,2694,177,0,37,0,713,8,5,3,8
119,-1,epi,0,0,0,0,0,0,0,0,5712,0,0,0,0,0,0
120,-2,pre,93,0,0,0,0,0,0,0,0,0,0,0,0,0,0
120,0,dense,1458,38,0,0,0,0,0,0,0,0,0,0,0,0,0
120,1,moe,805,35,3955,2008,2008,1794,122,0,31,0,735,8,6,2,8
120,2,moe,732,36,8009,4101,4101,3623,239,0,46,0,730,8,4,4,8
120,3,moe,650,30,10199,5317,5320,4529,297,0,53,0,725,8,3,5,8
120,4,moe,716,34,4815,1681,1682,2915,98,1,119,0,600,8,6,2,8
120,5,moe,783,33,9428,3539,3539,5638,203,0,48,0,600,8,4,4,8
120,6,moe,733,37,10949,3933,3933,6685,225,0,106,0,720,8,4,4,8
120,7,moe,644,33,4097,2281,2283,1617,101,0,96,0,598,8,6,2,8
120,8,moe,734,34,10213,4352,4353,5621,196,0,43,0,597,8,4,4,8
120,9,moe,783,33,9,0,0,0,0,0,9,0,719,8,8,0,8
120,10,moe,723,33,3124,1441,1441,1553,98,0,32,0,600,8,6,2,8
120,11,moe,664,33,6883,2481,2481,4208,153,0,41,0,599,8,5,3,8
120,12,moe,731,35,2364,1201,1201,1016,58,0,89,0,719,8,7,1,8
120,13,moe,800,33,5646,2121,2121,3205,201,0,119,0,605,8,4,4,8
120,14,moe,718,34,1130,283,283,776,52,0,19,0,612,8,7,1,8
120,15,moe,652,34,7273,3224,3224,3709,226,0,114,0,729,8,4,4,8
120,16,moe,726,33,6952,2617,2617,3961,254,0,120,0,612,8,3,5,8
120,17,moe,800,36,6307,1904,1904,4210,153,0,40,0,607,8,5,3,8
120,18,moe,728,33,16586,5399,5399,10644,404,0,139,0,717,8,1,7,8
120,19,moe,656,31,6496,3012,3013,3178,197,0,108,0,611,8,4,4,8
120,20,moe,718,35,4317,1795,1795,2330,155,0,37,0,607,8,5,3,8
120,21,moe,797,36,4272,613,613,3456,114,0,89,0,740,8,6,2,8
120,22,moe,801,32,9268,4096,4098,4737,302,0,131,0,603,8,2,6,8
120,23,moe,654,37,10912,3880,3880,6702,226,0,104,0,718,8,4,4,8
120,24,moe,792,37,9226,2395,2395,6563,226,0,42,0,722,8,4,4,8
120,25,moe,794,35,7001,3126,3126,3609,224,0,42,0,722,8,4,4,8
120,26,moe,652,34,4241,1324,1324,2711,170,0,36,0,721,8,5,3,8
120,-1,epi,0,0,0,0,0,0,0,0,5741,0,0,0,0,0,0
121,-2,pre,200,0,0,0,0,0,0,0,0,0,0,0,0,0,0
121,0,dense,1433,37,0,0,0,0,0,0,0,0,0,0,0,0,0
121,1,moe,804,35,14896,4737,4737,9748,348,0,63,0,724,8,2,6,8
121,2,moe,734,35,12348,3815,3815,8196,285,0,52,0,716,8,3,5,8
121,3,moe,646,34,14419,6621,6621,7246,466,0,86,0,728,8,0,8,8
121,4,moe,730,34,8962,2906,2906,5720,199,0,137,0,595,8,4,4,8
121,5,moe,788,34,4340,1393,1393,2807,108,0,32,0,593,8,6,2,8
121,6,moe,722,32,8934,3591,3591,5070,169,0,104,0,715,8,5,3,8
121,7,moe,645,32,8952,2965,2966,5679,199,0,108,0,598,8,4,4,8
121,8,moe,732,39,9714,3875,3875,5598,201,0,40,0,623,8,4,4,8
121,9,moe,779,35,6027,2932,2932,2819,171,0,105,0,717,8,5,3,8
121,10,moe,733,34,7463,3172,3172,3920,245,0,126,0,601,8,3,5,8
121,11,moe,652,41,9578,3766,3766,5401,341,0,70,0,615,8,1,7,8
121,12,moe,721,35,9256,4231,4231,4612,288,0,125,0,721,8,3,5,8
121,13,moe,783,35,5115,2463,2464,2396,152,0,103,0,603,8,5,3,8
121,14,moe,715,37,11198,3846,3846,7022,275,0,55,0,679,8,3,5,8
121,15,moe,671,41,8977,2950,2950,5529,351,0,147,0,736,8,2,6,8
121,16,moe,732,39,13196,2783,2783,9901,359,0,153,0,609,8,1,7,8
121,17,moe,809,40,5484,2122,2122,3107,201,0,54,0,608,8,4,4,8
121,18,moe,729,41,9261,4245,4245,4596,290,0,130,0,721,8,3,5,8
121,19,moe,643,34,12974,4054,4054,8496,293,0,131,0,602,8,2,6,8
121,20,moe,718,35,11840,3098,3098,8384,295,0,63,0,596,8,2,6,8
121,21,moe,790,39,12441,3691,3691,8329,294,0,127,0,712,8,3,5,8
121,22,moe,800,36,9873,3889,3889,5491,350,0,143,0,643,8,1,7,8
121,23,moe,652,37,13513,3327,3328,9713,335,0,137,0,721,8,2,6,8
121,24,moe,791,37,15226,4271,4271,10484,399,0,72,0,718,8,1,7,8
121,25,moe,793,35,16078,4255,4255,11351,396,0,76,0,718,8,1,7,8
121,26,moe,657,36,6127,2291,2291,3551,229,0,56,0,721,8,4,4,8
121,-1,epi,0,0,0,0,0,0,0,0,5678,0,0,0,0,0,0
122,-2,pre,51,0,0,0,0,0,0,0,0,0,0,0,0,0,0
122,0,dense,1469,36,0,0,0,0,0,0,0,0,0,0,0,0,0
122,1,moe,809,37,7597,2759,2759,4495,279,0,64,0,736,8,3,5,8
122,2,moe,730,33,5227,1805,1805,3275,116,0,31,0,721,8,6,2,8
122,3,moe,659,31,12940,4447,4447,8147,292,0,54,0,720,8,3,5,8
122,4,moe,725,33,9037,4716,4716,3924,254,0,143,0,603,8,3,5,8
122,5,moe,787,36,3101,1427,1428,1545,99,0,29,0,600,8,6,2,8
122,6,moe,728,53,1461,322,322,996,59,0,84,0,764,8,7,1,8
122,7,moe,659,31,5839,3172,3172,2409,150,0,108,0,605,8,5,3,8
122,8,moe,731,34,1142,287,287,784,49,0,22,0,604,8,7,1,8
122,9,moe,801,35,5131,1554,1554,3351,115,0,111,0,718,8,6,2,8
122,10,moe,729,34,7152,2609,2609,4293,148,0,102,0,598,8,5,3,8
122,11,moe,653,32,8533,2698,2698,5591,197,0,47,0,601,8,4,4,8
122,12,moe,713,35,9,0,0,0,0,1,8,0,715,8,8,0,8
122,13,moe,784,33,2693,1229,1229,1395,49,0,20,0,605,8,7,1,8
122,14,moe,729,38,3749,1238,1238,2318,150,0,43,0,604,8,5,3,8
122,15,moe,663,33,2749,626,626,1909,117,0,97,0,735,8,6,2,8
122,16,moe,725,33,1259,262,262,864,52,0,81,0,609,8,7,1,8
122,17,moe,808,35,6321,2975,2976,3094,202,0,49,0,616,8,4,4,8
122,18,moe,727,37,4241,596,596,3438,116,0,91,0,726,8,6,2,8
122,19,moe,657,33,6442,1901,1901,4287,153,0,101,0,599,8,5,3,8
122,20,moe,731,33,6865,3529,3530,3088,197,0,50,0,605,8,4,4,8
122,21,moe,801,36,9318,2319,2319,6659,233,0,107,0,722,8,4,4,8
122,22,moe,800,33,9847,4713,4714,4699,299,0,135,0,604,8,2,6,8
122,23,moe,662,34,5207,1600,1600,3406,112,0,89,0,718,8,6,2,8
122,24,moe,788,33,13787,3871,3871,9511,341,0,64,0,721,8,2,6,8
122,25,moe,782,34,10387,5535,5535,4505,288,0,59,0,727,8,3,5,8
122,26,moe,706,34,14794,7980,7980,6536,237,0,41,0,715,8,4,4,8
122,-1,epi,0,0,0,0,0,0,0,0,5665,0,0,0,0,0,0
123,-2,pre,210,0,0,0,0,0,0,0,0,0,0,0,0,0,0
123,0,dense,1435,38,0,0,0,0,0,0,0,0,0,0,0,0,0
123,1,moe,806,35,4487,2540,2540,1798,114,0,35,0,733,8,6,2,8
123,2,moe,728,34,9119,4275,4275,4500,292,0,52,0,722,8,3,5,8
123,3,moe,649,33,9800,3003,3003,6526,225,0,46,0,716,8,4,4,8
123,4,moe,731,35,5309,2659,2659,2384,150,0,116,0,600,8,5,3,8
123,5,moe,799,35,5094,2600,2600,2310,148,0,36,0,597,8,5,3,8
123,6,moe,728,29,5154,1558,1558,3406,117,0,73,0,733,8,6,2,8
123,7,moe,658,32,7889,4380,4380,3184,203,0,122,0,605,8,4,4,8
123,8,moe,716,32,1975,1123,1123,779,52,0,21,0,601,8,7,1,8
123,9,moe,797,31,10,0,0,0,0,0,10,0,725,8,8,0,8
123,10,moe,734,30,2570,891,892,1546,103,0,29,0,614,8,6,2,8
123,11,moe,663,30,9947,5756,5756,3872,254,0,65,0,610,8,3,5,8
123,12,moe,726,35,5864,2742,2742,2834,170,0,118,0,725,8,5,3,8
123,13,moe,798,34,5932,3267,3269,2401,150,0,112,0,606,8,5,3,8
123,14,moe,733,34,1971,1121,1121,775,52,0,23,0,606,8,7,1,8
123,15,moe,649,29,3725,1633,1633,1886,114,0,92,0,732,8,6,2,8
123,16,moe,732,31,3246,1433,1433,1609,103,0,101,0,607,8,6,2,8
123,17,moe,806,32,6232,2895,2895,3084,205,0,48,0,610,8,4,4,8
123,18,moe,718,33,4549,2423,2423,1904,117,0,105,0,728,8,6,2,8
123,19,moe,658,31,4573,1502,1502,2859,98,1,113,0,604,8,6,2,8
123,20,moe,719,30,6071,1681,1682,4202,147,0,40,0,604,8,5,3,8
123,21,moe,784,32,2163,310,310,1716,58,1,78,0,725,8,7,1,8
123,22,moe,787,33,4162,2311,2311,1636,108,1,106,0,612,8,6,2,8
123,23,moe,670,29,8016,2709,2709,4983,188,0,136,0,773,8,5,3,8
123,24,moe,806,40,4790,1840,1840,2710,187,0,53,0,739,8,5,3,8
123,25,moe,816,38,10754,3928,3928,6549,227,0,50,0,740,8,4,4,8
123,26,moe,655,31,11598,3065,3065,8190,284,0,59,0,724,8,3,5,8
123,-1,epi,0,0,0,0,0,0,0,0,5752,0,0,0,0,0,0
124,-2,pre,66,0,0,0,0,0,0,0,0,0,0,0,0,0,0
124,0,dense,1457,32,0,0,0,0,0,0,0,0,0,0,0,0,0
124,1,moe,817,33,4859,1937,1937,2707,172,3,40,0,737,8,5,3,8
124,2,moe,733,33,8687,3815,3816,4520,298,0,53,0,741,8,3,5,8
124,3,moe,666,31,10080,5230,5230,4507,286,0,57,0,732,8,3,5,8
124,4,moe,737,28,3259,1447,1447,1629,102,0,81,0,606,8,6,2,8
124,5,moe,794,31,4232,1700,1700,2332,155,0,45,0,624,8,5,3,8
124,6,moe,735,28,4564,2442,2442,1899,118,1,104,0,731,8,6,2,8
124,7,moe,656,33,3311,1475,1475,1635,103,0,98,0,604,8,6,2,8
124,8,moe,736,30,4991,2478,2479,2330,146,0,36,0,612,8,5,3,8
124,9,moe,802,33,6198,3106,3106,2807,176,0,109,0,728,8,5,3,8
124,10,moe,728,34,4410,1726,1726,2424,150,0,110,0,610,8,5,3,8
124,11,moe,669,28,5915,2563,2563,3104,201,0,47,0,616,8,4,4,8
124,12,moe,724,32,5098,1997,1998,2817,178,0,105,0,732,8,5,3,8
124,13,moe,802,42,7915,3329,3329,4340,148,0,98,0,612,8,5,3,8
124,14,moe,732,28,6849,2443,2443,4221,149,0,36,0,604,8,5,3,8
124,15,moe,650,27,8919,3635,3635,5015,170,0,99,0,718,8,5,3,8
124,16,moe,723,29,8889,2865,2865,5713,195,0,116,0,601,8,4,4,8
124,17,moe,786,29,9387,3522,3522,5623,196,0,46,0,600,8,4,4,8
124,18,moe,717,45,12994,4265,4265,8320,283,0,126,0,713,8,3,5,8
124,19,moe,685,37,7311,3835,3836,3161,198,0,116,0,604,8,4,4,8
124,20,moe,727,31,6204,2864,2865,3099,197,0,43,0,599,8,4,4,8
124,21,moe,797,32,5154,1515,1515,3428,116,0,95,0,714,8,6,2,8
124,22,moe,783,29,5271,2201,2201,2884,97,0,89,0,605,8,6,2,8
124,23,moe,646,27,13951,5218,5218,8327,286,0,120,0,717,8,3,5,8
124,24,moe,787,30,10124,3299,3299,6551,226,0,48,0,725,8,4,4,8
124,25,moe,784,29,6771,3847,3847,2710,177,0,37,0,720,8,5,3,8
124,26,moe,655,29,9293,4421,4421,4519,293,0,60,0,722,8,3,5,8
124,-1,epi,0,0,0,0,0,0,0,0,5718,0,0,0,0,0,0
125,-2,pre,214,0,0,0,0,0,0,0,0,0,0,0,0,0,0
125,0,dense,1441,32,0,0,0,0,0,0,0,0,0,0,0,0,0
125,1,moe,815,30,7478,3542,3542,3646,240,0,50,0,733,8,4,4,8
125,2,moe,734,30,9449,4587,4587,4518,290,0,54,0,733,8,3,5,8
125,3,moe,666,32,5231,1803,1803,3285,114,0,29,0,722,8,6,2,8
125,4,moe,719,29,9710,3659,3659,5727,197,0,127,0,605,8,4,4,8
125,5,moe,790,30,6283,1885,1885,4211,148,0,39,0,602,8,5,3,8
125,6,moe,721,31,2231,307,307,1775,58,0,91,0,730,8,7,1,8
125,7,moe,659,28,4347,1692,1692,2402,149,0,104,0,599,8,5,3,8
125,8,moe,739,36,5589,2231,2231,3101,205,0,52,0,609,8,4,4,8
125,9,moe,792,35,3777,1658,1658,1906,114,0,99,0,719,8,6,2,8
125,10,moe,726,32,5262,2570,2570,2436,149,0,107,0,604,8,5,3,8
125,11,moe,653,29,5048,2522,2522,2330,154,0,42,0,615,8,5,3,8
125,12,moe,724,30,3769,1640,1640,1921,114,0,94,0,730,8,6,2,8
125,13,moe,788,31,5096,2444,2445,2396,153,0,102,0,612,8,5,3,8
125,14,moe,729,31,6247,2881,2882,3115,205,0,45,0,592,8,4,4,8
125,15,moe,627,33,3072,937,937,1947,119,0,69,0,705,8,6,2,8
125,16,moe,725,34,4677,1949,1949,2462,161,0,105,0,578,8,5,3,8
125,17,moe,773,30,5593,2182,2183,3159,207,0,44,0,585,8,4,4,8
125,18,moe,707,31,11959,3024,3024,8514,287,0,134,0,696,8,3,5,8
125,19,moe,627,29,3273,1427,1427,1650,102,0,94,0,583,8,6,2,8
125,20,moe,717,30,4506,1103,1104,3154,202,0,46,0,588,8,4,4,8
125,21,moe,778,30,5221,2091,2091,2854,174,0,102,0,695,8,5,3,8
125,22,moe,779,30,7511,2890,2890,4367,148,0,106,0,579,8,5,3,8
125,23,moe,657,36,7759,4616,4616,2855,180,0,108,0,698,8,5,3,8
125,24,moe,782,34,7310,3400,3400,3623,236,0,51,0,727,8,4,4,8
125,25,moe,795,35,6303,2401,2401,3620,235,0,47,0,728,8,4,4,8
125,26,moe,655,34,2560,607,607,1808,117,0,28,0,722,8,6,2,8
125,-1,epi,0,0,0,0,0,0,0,0,5776,0,0,0,0,0,0
126,-2,pre,192,0,0,0,0,0,0,0,0,0,0,0,0,0,0
126,0,dense,1443,39,0,0,0,0,0,0,0,0,0,0,0,0,0
126,1,moe,798,36,11754,5818,5818,5528,341,0,67,0,699,8,2,6,8
126,2,moe,719,35,4507,2508,2508,1846,119,0,34,0,699,8,6,2,8
126,3,moe,625,35,9122,4193,4193,4588,285,0,56,0,697,8,3,5,8
126,4,moe,706,34,10501,4342,4342,5825,197,0,137,0,581,8,4,4,8
126,5,moe,769,37,8903,2920,2920,5709,222,0,52,0,659,8,4,4,8
126,6,moe,718,43,2391,1199,1199,1013,65,0,114,0,781,8,7,1,8
126,7,moe,657,35,8190,2068,2069,5777,211,0,133,0,595,8,4,4,8
126,8,moe,715,43,5243,2669,2669,2374,157,1,42,0,585,8,5,3,8
126,9,moe,776,39,11,0,0,0,0,0,11,0,689,8,8,0,8
126,10,moe,711,39,3913,2197,2197,1575,106,0,35,0,588,8,6,2,8
126,11,moe,629,34,9503,3530,3530,5726,198,0,49,0,586,8,4,4,8
126,12,moe,703,39,3739,1551,1551,1960,121,0,107,0,698,8,6,2,8
126,13,moe,770,37,2156,1154,1154,856,54,0,92,0,580,8,7,1,8
126,14,moe,703,37,7722,3250,3250,4280,151,0,41,0,582,8,5,3,8
126,15,moe,627,34,14147,5256,5256,8477,288,0,126,0,697,8,3,5,8
126,16,moe,699,35,9268,3142,3142,5814,201,0,111,0,582,8,4,4,8
126,17,moe,769,33,10499,4536,4536,5713,202,0,48,0,575,8,4,4,8
126,18,moe,698,35,13226,4327,4327,8490,286,0,123,0,694,8,3,5,8
126,19,moe,619,33,7355,3798,3798,3243,204,0,110,0,581,8,4,4,8
126,20,moe,705,34,9662,3694,3694,5716,207,0,45,0,582,8,4,4,8
126,21,moe,771,36,11286,4106,4107,6830,238,0,111,0,698,8,4,4,8
126,22,moe,771,34,7909,3250,3250,4391,156,0,112,0,589,8,5,3,8
126,23,moe,631,33,9051,5016,5017,3708,226,0,100,0,716,8,4,4,8
126,24,moe,789,34,7485,2632,2632,4507,284,0,62,0,719,8,3,5,8
126,25,moe,800,34,12829,4268,4268,8215,285,0,61,0,716,8,3,5,8
126,26,moe,654,31,16558,6485,6485,9672,339,0,62,0,716,8,2,6,8
126,-1,epi,0,0,0,0,0,0,0,0,5681,0,0,0,0,0,0
127,-2,pre,204,0,0,0,0,0,0,0,0,0,0,0,0,0,0
127,0,dense,1399,41,0,0,0,0,0,0,0,0,0,0,0,0,0
127,1,moe,789,40,17021,6823,6824,9790,346,0,61,0,706,8,2,6,8
127,2,moe,709,36,11720,5834,5834,5468,349,0,69,0,719,8,2,6,8
127,3,moe,654,34,6276,2390,2390,3611,227,0,48,0,718,8,4,4,8
127,4,moe,724,37,10202,5812,5812,3991,256,0,143,0,606,8,3,5,8
127,5,moe,787,37,2233,557,558,1546,98,0,31,0,604,8,6,2,8
127,6,moe,727,35,3372,1405,1406,1814,60,0,92,0,715,8,7,1,8
127,7,moe,655,37,4038,2175,2175,1654,105,0,104,0,578,8,6,2,8
127,8,moe,703,34,6915,3510,3510,3154,200,0,51,0,597,8,4,4,8
127,9,moe,773,37,3225,1268,1268,1812,61,0,84,0,699,8,7,1,8
127,10,moe,697,34,7871,3236,3236,4360,156,0,119,0,584,8,5,3,8
127,11,moe,621,37,4401,1414,1414,2855,103,0,29,0,584,8,6,2,8
127,12,moe,704,35,3977,1814,1814,1944,122,0,97,0,701,8,6,2,8
127,13,moe,773,35,3297,1436,1436,1649,105,0,107,0,583,8,6,2,8
127,14,moe,700,35,7616,3357,3358,3946,248,0,64,0,588,8,3,5,8
127,15,moe,628,37,5015,1854,1854,2888,173,0,100,0,698,8,5,3,8
127,16,moe,709,35,6434,1821,1821,4358,149,0,106,0,577,8,5,3,8
127,17,moe,762,35,6252,1776,1776,4286,151,0,39,0,589,8,5,3,8
127,18,moe,703,36,8676,3537,3539,4714,294,0,129,0,695,8,3,5,8
127,19,moe,623,33,9211,3063,3063,5829,206,0,113,0,584,8,4,4,8
127,20,moe,701,35,7078,3660,3660,3163,198,0,57,0,585,8,4,4,8
127,21,moe,770,35,8152,3045,3045,4700,286,0,121,0,696,8,3,5,8
127,22,moe,774,32,7473,2798,2798,4405,158,0,112,0,583,8,5,3,8
127,23,moe,620,34,6826,3690,3690,2861,179,0,96,0,715,8,5,3,8
127,24,moe,787,34,15090,4928,4928,9750,348,0,64,0,712,8,2,6,8
127,25,moe,781,35,10476,5582,5582,4530,309,0,55,0,720,8,3,5,8
127,26,moe,652,33,13241,7410,7411,5410,362,0,58,0,721,8,2,6,8
127,-1,epi,0,0,0,0,0,0,0,0,5687,0,0,0,0,0,0
128,-2,pre,201,0,0,0,0,0,0,0,0,0,0,0,0,0,0
128,0,dense,1418,38,0,0,0,0,0,0,0,0,0,0,0,0,0
128,1,moe,797,34,13079,4371,4371,8354,300,1,53,0,702,8,3,5,8
128,2,moe,710,33,5904,2915,2915,2760,188,0,41,0,698,8,5,3,8
128,3,moe,632,35,3661,1659,1659,1840,134,0,28,0,690,8,6,2,8
128,4,moe,701,35,6203,3482,3482,2442,157,0,122,0,593,8,5,3,8
128,5,moe,765,34,2053,1192,1192,788,51,0,22,0,576,8,7,1,8
128,6,moe,713,36,5294,1624,1624,3458,114,0,98,0,697,8,6,2,8
128,7,moe,617,33,4490,1357,1357,2939,101,0,93,0,576,8,6,2,8
128,8,moe,705,34,5132,2151,2151,2850,103,0,28,0,585,8,6,2,8
128,9,moe,745,40,6775,3595,3595,2852,189,0,139,0,780,8,5,3,8
128,10,moe,704,39,2138,1134,1134,847,52,0,105,0,664,8,7,1,8
128,11,moe,641,35,8937,2981,2981,5707,200,0,49,0,594,8,4,4,8
128,12,moe,704,39,5439,1722,1722,3496,118,0,103,0,697,8,6,2,8
128,13,moe,781,38,4553,1396,1396,2950,103,0,104,0,579,8,6,2,8
128,14,moe,726,36,9055,3079,3079,5711,207,0,58,0,591,8,4,4,8
128,15,moe,630,34,11053,3878,3878,6841,238,0,96,0,701,8,4,4,8
128,16,moe,708,36,10009,3821,3821,5866,201,0,121,0,582,8,4,4,8
128,17,moe,764,35,11563,4117,4118,7142,246,0,57,0,585,8,3,5,8
128,18,moe,700,35,3930,1712,1712,1989,122,0,107,0,703,8,6,2,8
128,19,moe,622,33,3491,778,778,2443,158,0,112,0,585,8,5,3,8
128,20,moe,738,42,7368,4387,4387,2851,102,0,28,0,578,8,6,2,8
128,21,moe,773,36,2245,312,312,1790,60,0,83,0,695,8,7,1,8
128,22,moe,770,36,4467,2580,2580,1689,107,0,91,0,583,8,6,2,8
128,23,moe,633,34,7190,1769,1769,5142,180,0,99,0,698,8,5,3,8
128,24,moe,770,35,5037,1557,1557,3331,115,0,34,0,701,8,6,2,8
128,25,moe,780,38,8633,3681,3682,4597,297,0,57,0,699,8,3,5,8
128,26,moe,622,34,6124,2632,2632,3340,122,0,30,0,697,8,6,2,8
128,-1,epi,0,0,0,0,0,0,0,0,5375,0,0,0,0,0,0
129,-2,pre,208,0,0,0,0,0,0,0,0,0,0,0,0,0,0
129,0,dense,1357,34,0,0,0,0,0,0,0,0,0,0,0,0,0
129,1,moe,781,32,3906,930,930,2757,179,0,40,0,707,8,5,3,8
129,2,moe,723,35,14743,4275,4275,10052,357,0,59,0,691,8,2,6,8
129,3,moe,626,30,7918,2690,2690,5016,174,0,38,0,689,8,5,3,8
129,4,moe,699,31,7177,2500,2500,4399,156,0,122,0,589,8,5,3,8
129,5,moe,769,34,4535,1551,1551,2854,102,0,28,0,577,8,6,2,8
129,6,moe,712,30,3204,1228,1228,1830,59,0,87,0,703,8,7,1,8
129,7,moe,632,28,8457,2323,2323,5818,199,0,117,0,578,8,4,4,8
129,8,moe,710,30,4022,2302,2302,1579,107,0,34,0,580,8,6,2,8
129,9,moe,765,30,11045,3883,3884,6816,231,0,114,0,698,8,4,4,8
129,10,moe,695,31,8189,2057,2058,5810,201,0,120,0,584,8,4,4,8
129,11,moe,630,33,5123,2557,2557,2370,156,0,40,0,583,8,5,3,8
129,12,moe,716,31,6382,3208,3208,2890,180,0,104,0,700,8,5,3,8
129,13,moe,762,30,10449,4285,4285,5856,197,0,111,0,582,8,4,4,8
129,14,moe,699,30,4383,1402,1402,2851,102,0,28,0,579,8,6,2,8
129,15,moe,628,27,13274,4372,4372,8487,288,0,127,0,694,8,3,5,8
129,16,moe,696,30,7714,1564,1564,5840,207,0,103,0,578,8,4,4,8
129,17,moe,772,31,5301,827,827,4287,151,0,36,0,586,8,5,3,8
129,18,moe,702,31,10045,4912,4912,4701,299,0,133,0,697,8,3,5,8
129,19,moe,632,34,9269,3227,3227,5732,198,0,112,0,589,8,4,4,8
129,20,moe,728,31,12554,3776,3776,8423,292,0,63,0,598,8,2,6,8
129,21,moe,788,33,10143,3112,3112,6712,236,0,83,0,713,8,4,4,8
129,22,moe,787,29,10680,3195,3195,7107,246,0,132,0,591,8,3,5,8
129,23,moe,662,31,5335,2242,2242,2822,175,0,96,0,714,8,5,3,8
129,24,moe,791,29,9978,3161,3161,6542,228,0,47,0,712,8,4,4,8
129,25,moe,786,29,9839,3976,3976,5448,354,0,61,0,724,8,2,6,8
129,26,moe,653,30,13004,4473,4473,8194,283,0,54,0,716,8,3,5,8
129,-1,epi,0,0,0,0,0,0,0,0,5668,0,0,0,0,0,0
130,-2,pre,44,0,0,0,0,0,0,0,0,0,0,0,0,0,0
130,0,dense,1425,31,0,0,0,0,0,0,0,0,0,0,0,0,0
130,1,moe,804,34,7092,1952,1952,4926,177,0,37,0,724,8,5,3,8
130,2,moe,730,35,10862,4001,4001,6584,233,0,44,0,722,8,4,4,8
130,3,moe,656,33,10218,3399,3399,6542,228,0,49,0,717,8,4,4,8
130,4,moe,712,30,10013,2464,2467,7148,247,0,151,0,600,8,3,5,8
130,5,moe,795,33,5926,3403,3403,2334,153,1,35,0,599,8,5,3,8
130,6,moe,721,33,3184,1231,1232,1805,58,0,89,0,717,8,7,1,8
130,7,moe,653,32,2744,1104,1104,1504,50,0,86,0,591,8,7,1,8
130,8,moe,716,29,4365,1431,1432,2803,100,0,30,0,603,8,6,2,8
130,9,moe,785,30,8379,3048,3048,5056,171,0,104,0,713,8,5,3,8
130,10,moe,715,28,7139,2552,2552,4331,146,0,110,0,611,8,5,3,8
130,11,moe,658,31,4409,1875,1875,2344,155,0,35,0,608,8,5,3,8
130,12,moe,729,34,8972,3649,3649,5037,177,0,109,0,715,8,5,3,8
130,13,moe,792,31,2924,1299,1299,1478,61,0,86,0,617,8,7,1,8
130,14,moe,789,32,6855,2409,2410,4221,174,0,50,0,678,8,5,3,8
130,15,moe,702,31,10359,3244,3245,6731,240,0,143,0,707,8,4,4,8
130,16,moe,722,34,7195,2556,2556,4370,149,0,120,0,586,8,5,3,8
130,17,moe,772,32,3258,1533,1534,1579,105,2,38,0,600,8,6,2,8
130,18,moe,711,34,8327,2916,2916,5114,179,0,118,0,694,8,5,3,8
130,19,moe,627,30,14574,5471,5471,8650,307,0,146,0,599,8,2,6,8
130,20,moe,712,30,11594,4271,4272,7019,247,0,56,0,594,8,3,5,8
130,21,moe,793,36,8097,2733,2733,5077,171,0,116,0,716,8,5,3,8
130,22,moe,787,31,8134,2081,2081,5731,196,0,126,0,601,8,4,4,8
130,23,moe,645,30,6220,944,944,5001,170,0,105,0,715,8,5,3,8
130,24,moe,787,31,7917,4008,4008,3633,230,0,46,0,726,8,4,4,8
130,25,moe,794,31,13308,4746,4746,8226,282,0,54,0,721,8,3,5,8
130,26,moe,651,34,10960,4126,4127,6563,225,0,45,0,712,8,4,4,8
130,-1,epi,0,0,0,0,0,0,0,0,5679,0,0,0,0,0,0
