step,il,kind,route_us,readback_us,load_wall_us,pread_us,pread_wall_us,repack_us,placement_us,sync_us,load_other_us,load_hidden_us,compute_us,lookups,hits,misses,n_slots
0,-2,pre,3232,0,0,0,0,0,0,0,0,0,0,0,0,0,0
0,0,dense,8134,137,0,0,0,0,0,0,0,0,0,0,0,0,0
0,1,moe,9445,118,49775,27235,27237,22327,0,0,211,0,1292,0,0,0,16
0,2,moe,3973,55,38347,19127,19127,14527,4503,1,189,0,1298,16,0,16,16
0,3,moe,8328,49,44456,21960,21961,18256,4096,0,143,0,1315,15,0,15,15
0,4,moe,8124,51,37313,20797,20799,12352,3973,0,189,0,1093,16,0,16,16
0,5,moe,4248,56,41061,20099,20099,16883,3950,0,129,0,1092,16,0,16,16
0,6,moe,4016,48,41555,22495,22497,14366,4501,0,191,0,1292,16,0,16,16
0,7,moe,10570,53,38206,19549,19550,14854,3645,0,157,0,1188,15,0,15,15
0,8,moe,6431,50,43542,19625,19626,19839,3930,1,146,0,1124,16,0,16,16
0,9,moe,8586,52,39359,21466,21466,13507,4237,0,149,0,1330,15,0,15,15
0,10,moe,7857,51,40909,20481,20481,16248,4008,1,171,0,1157,16,0,16,16
0,11,moe,9174,48,38538,20236,20236,14624,3524,0,154,0,1117,15,0,15,15
0,12,moe,5324,58,49860,23276,23277,21968,4452,0,163,0,1319,16,0,16,16
0,13,moe,7776,54,39100,19853,19854,15316,3751,0,179,0,1117,15,0,15,15
0,14,moe,7288,51,44758,20870,20871,19832,3927,0,128,0,1129,16,0,16,16
0,15,moe,8498,50,39361,21207,21207,13496,4473,0,185,0,1292,15,0,15,15
0,16,moe,9066,53,46997,20870,20870,22231,3709,0,187,0,1119,16,0,16,16
0,17,moe,6576,54,36469,20111,20113,12262,3961,0,133,0,1109,16,0,16,16
0,18,moe,1836,51,38780,17067,17068,17391,4161,0,160,0,1292,15,0,15,15
0,19,moe,1395,61,28757,8399,8401,16281,3908,0,167,0,1108,16,0,16,16
0,20,moe,1356,55,34304,8246,8246,22093,3826,0,139,0,1115,16,0,16,16
0,21,moe,1328,61,25625,5170,5170,15619,4649,0,187,0,1309,16,0,16,16
0,22,moe,1327,40,20792,4418,4420,12296,3901,0,175,0,1119,16,0,16,16
0,23,moe,815,36,30618,4802,4803,21742,3918,0,155,0,1288,15,0,15,15
0,24,moe,1325,40,29765,5319,5320,19811,4488,1,145,0,1312,16,0,16,16
0,25,moe,1340,39,24036,5288,5289,14203,4408,0,136,0,1308,16,0,16,16
0,26,moe,809,35,15943,2570,2570,11041,2239,0,93,0,729,8,0,8,8
0,-1,epi,0,0,0,0,0,0,0,0,5502,0,0,0,0,0,0
1,-2,pre,56,0,0,0,0,0,0,0,0,0,0,0,0,0,0
1,0,dense,2455,38,0,0,0,0,0,0,0,0,0,0,0,0,0
1,1,moe,1290,36,39089,18866,18866,16705,3412,0,106,0,1283,12,0,12,12
1,2,moe,1144,41,38495,19420,19420,15337,3615,1,122,0,1321,13,0,13,13
1,3,moe,690,44,37219,18558,18558,14960,3584,0,117,0,1288,14,1,13,14
1,4,moe,1124,39,35360,18367,18367,13481,3356,0,156,0,1098,15,1,14,15
1,5,moe,1275,43,33467,17567,17567,12962,2832,0,106,0,1103,14,2,12,14
1,6,moe,1137,40,31428,17111,17112,10828,3341,0,147,0,1308,14,2,12,14
1,7,moe,677,35,36598,20310,20310,12488,3645,0,155,0,1101,16,0,16,16
1,8,moe,1157,35,30834,17427,17427,10526,2764,1,116,0,1137,13,1,12,13
1,9,moe,1264,42,35282,20272,20273,11630,3234,0,145,0,1290,15,2,13,15
1,10,moe,1143,44,30205,16752,16753,10580,2730,0,142,0,1103,15,3,12,15
1,11,moe,692,36,33028,19071,19071,10699,3145,1,112,0,1100,15,1,14,15
1,12,moe,1138,39,38693,22170,22172,12796,3576,0,149,0,1367,16,2,14,16
1,13,moe,1277,56,29935,16834,16834,10033,2923,0,145,0,1121,14,1,13,14
1,14,moe,1128,42,32091,18042,18042,10732,3196,0,121,0,1132,16,2,14,16
1,15,moe,680,36,34805,18966,18967,11725,3940,0,173,0,1291,15,2,13,15
1,16,moe,1120,43,33142,18600,18600,10789,3563,0,190,0,1106,16,2,14,16
1,17,moe,1249,43,30721,16782,16783,9983,3845,0,110,0,1108,14,1,13,14
1,18,moe,7492,37,41311,22632,22634,13467,5033,1,176,0,1327,15,0,15,15
1,19,moe,13493,37,32945,18007,18007,10835,3933,0,170,0,1088,15,1,14,15
1,20,moe,1124,48,33593,18704,18704,10704,4046,0,139,0,1099,15,1,14,15
1,21,moe,1261,47,22796,10362,10362,9183,3108,0,143,0,1443,15,5,10,15
1,22,moe,1296,38,17787,6170,6171,8524,2954,0,138,0,1092,15,4,11,15
1,23,moe,697,39,22260,6124,6124,11697,4251,1,187,0,1330,16,3,13,16
1,24,moe,1251,38,17172,3600,3602,9797,3665,0,108,0,1346,14,3,11,14
1,25,moe,1257,42,21544,4565,4565,12514,4334,0,131,0,1320,16,2,14,16
1,26,moe,678,36,12382,2632,2632,7149,2524,0,77,0,758,8,0,8,8
1,-1,epi,0,0,0,0,0,0,0,0,5526,0,0,0,0,0,0
2,-2,pre,4851,0,0,0,0,0,0,0,0,0,0,0,0,0,0
2,0,dense,116231,58,0,0,0,0,0,0,0,0,0,0,0,0,0
2,1,moe,62376,163,921010,433878,433888,428900,55078,1,3143,0,170690,0,0,0,216
2,2,moe,60771,179,671599,297466,297476,344826,10383,1,18913,0,135919,0,0,0,224
2,3,moe,44069,166,564424,250301,250317,283773,27749,1,2584,0,164665,0,0,0,200
2,4,moe,54713,217,466576,208785,208794,234466,20966,1,2349,0,108002,0,0,0,185
2,5,moe,56831,194,448483,187836,187843,232915,25553,1,2171,0,112908,0,0,0,164
2,6,moe,52951,176,528435,215409,215417,281383,29433,1,2201,0,148589,0,0,0,171
2,7,moe,34334,206,397253,175918,175930,203805,15297,0,2221,0,106366,0,0,0,167
2,8,moe,54714,177,431160,188553,188558,223072,17052,0,2478,0,109980,0,0,0,179
2,9,moe,58963,187,446135,199404,199413,216517,27690,1,2514,0,140004,0,0,0,172
2,10,moe,52783,187,453444,211244,211253,224852,14767,0,2572,0,114699,0,0,0,189
2,11,moe,36020,174,433595,212044,212050,200607,18630,0,2308,0,107879,0,0,0,187
2,12,moe,53129,206,476578,218426,218430,222908,32984,0,2256,0,136494,0,0,0,178
2,13,moe,54505,204,431254,205963,205972,200581,22319,0,2382,0,106973,0,0,0,185
2,14,moe,52581,202,440009,207872,207887,202230,27597,1,2294,0,109404,0,0,0,181
2,15,moe,33446,173,517807,234891,234900,250420,30182,0,2305,0,140370,0,0,0,189
2,16,moe,51418,381,445392,213788,213794,206917,22279,1,2401,0,104499,0,0,0,190
2,17,moe,57317,183,447097,212118,212130,209923,22639,0,2405,0,110221,0,0,0,187
2,18,moe,85819,194,484175,233983,233994,216131,31443,1,2606,0,146412,0,0,0,192
2,19,moe,32261,171,450756,224101,224115,196078,27901,0,2662,0,112685,0,0,0,198
2,20,moe,61877,163,431747,214426,214430,185452,29429,0,2436,0,114548,0,0,0,192
2,21,moe,64963,152,453753,216914,216924,200890,33658,1,2280,0,157864,0,0,0,180
2,22,moe,62969,179,429197,211936,211944,187193,27737,1,2322,0,112671,0,0,0,193
2,23,moe,43153,165,468221,225480,225490,209037,31399,0,2295,0,145947,0,0,0,184
2,24,moe,63811,177,493744,236765,236766,219131,35500,1,2346,0,146476,0,0,0,193
2,25,moe,61070,190,439512,211637,211649,196695,28850,0,2318,0,142923,0,0,0,175
2,26,moe,41550,24,5,0,0,0,0,0,5,0,7,0,0,0,0
2,-1,epi,0,0,0,0,0,0,0,0,5,0,0,0,0,0,0
3,-2,pre,314,0,0,0,0,0,0,0,0,0,0,0,0,0,0
3,0,dense,12657,50,0,0,0,0,0,0,0,0,0,0,0,0,0
3,1,moe,8469,46,60848,27095,27096,21077,12450,0,225,0,4953,26,3,23,26
3,2,moe,8294,45,60483,25705,25707,22910,11641,0,225,0,3970,23,1,22,23
3,3,moe,11075,39,58199,24258,24259,21996,11744,1,199,0,4001,22,1,21,22
3,4,moe,8147,42,36951,17175,17176,12204,7362,1,208,0,2605,18,2,16,18
3,5,moe,8786,43,51272,20891,20891,21192,9002,0,187,0,3350,20,1,19,20
3,6,moe,8927,44,59914,26910,26912,20502,12266,1,233,0,3912,24,1,23,24
3,7,moe,11276,39,47366,18887,18887,19941,8347,1,190,0,2629,19,1,18,19
3,8,moe,8701,41,37873,16897,16898,12440,8394,0,141,0,2671,17,1,16,17
3,9,moe,10311,46,71876,33781,33781,20127,17726,0,242,0,4017,23,2,21,23
3,10,moe,8730,39,62651,26526,26527,18797,17086,0,241,0,2767,25,1,24,25
3,11,moe,16202,39,41097,16357,16357,15855,8749,0,136,0,4178,19,4,15,19
3,12,moe,11505,40,46959,21959,21962,16153,8662,0,182,0,3370,19,1,18,19
3,13,moe,10293,41,59110,24207,24209,24821,9846,0,234,0,2720,22,0,22,22
3,14,moe,8831,45,44698,20766,20766,16515,7249,0,168,0,2745,21,2,19,21
3,15,moe,13754,47,56164,25528,25531,21667,8752,0,214,0,3499,21,0,21,21
3,16,moe,10496,45,50248,21385,21387,21051,7585,0,225,0,2856,22,2,20,22
3,17,moe,10262,45,53334,24852,24853,19912,8377,0,192,0,2741,25,2,23,25
3,18,moe,8417,46,59264,21518,21519,29948,7576,0,221,0,3984,25,3,22,25
3,19,moe,12156,41,38993,6389,6390,24566,7796,0,241,0,2722,24,0,24,24
3,20,moe,1570,41,44626,7426,7426,31805,5212,0,183,0,1972,23,0,23,23
3,21,moe,1458,41,45632,8219,8221,25233,11961,0,217,0,2435,24,2,22,24
3,22,moe,1471,40,44155,7054,7054,30437,6449,0,215,0,2456,24,2,22,24
3,23,moe,1308,38,52148,8917,8918,30615,12409,0,206,0,2418,22,1,21,22
3,24,moe,1467,42,52141,10950,10953,32993,8002,0,193,0,2431,26,2,24,26
3,25,moe,1465,40,53399,14122,14122,31195,7901,0,181,0,2437,24,1,23,24
3,26,moe,2813,39,12351,4794,4794,6456,1053,1,47,0,4875,8,4,4,8
3,-1,epi,0,0,0,0,0,0,0,0,37686,0,0,0,0,0,0
4,-2,pre,87,0,0,0,0,0,0,0,0,0,0,0,0,0,0
4,0,dense,1440,45,0,0,0,0,0,0,0,0,0,0,0,0,0
4,1,moe,823,41,11335,5406,5406,3556,2321,0,52,0,1242,8,4,4,8
4,2,moe,749,41,5384,2461,2461,1777,1111,0,35,0,731,8,6,2,8
4,3,moe,559,33,10859,4949,4949,3559,2297,0,54,0,736,8,4,4,8
4,4,moe,738,37,7257,3387,3387,2355,1443,0,72,0,615,8,5,3,8
4,5,moe,808,36,7149,3387,3387,2298,1424,0,40,0,620,8,5,3,8
4,6,moe,743,44,10211,3606,3607,4930,1598,0,76,0,731,8,5,3,8
4,7,moe,562,33,9006,3343,3343,4203,1402,0,58,0,608,8,5,3,8
4,8,moe,743,34,8868,3229,3229,4149,1452,0,38,0,615,8,5,3,8
4,9,moe,812,34,10175,3545,3545,4918,1650,0,62,0,731,8,5,3,8
4,10,moe,728,35,11608,4335,4335,5590,1602,0,81,0,613,8,4,4,8
4,11,moe,554,37,2443,1132,1132,766,524,0,21,0,641,8,7,1,8
4,12,moe,736,30,11043,5985,5985,4531,446,0,81,0,741,8,3,5,8
4,13,moe,805,32,3927,2202,2202,1575,98,0,52,0,616,8,6,2,8
4,14,moe,736,37,3766,2101,2101,1541,99,0,25,0,611,8,6,2,8
4,15,moe,550,29,6509,3520,3520,2760,168,0,61,0,727,8,5,3,8
4,16,moe,735,29,6314,3315,3315,2342,602,0,55,0,612,8,5,3,8
4,17,moe,805,33,5707,3225,3225,2291,153,1,37,0,1078,8,5,3,8
4,18,moe,731,32,7068,3576,3577,2739,697,0,55,0,737,8,5,3,8
4,19,moe,558,31,5227,790,791,4216,149,0,71,0,605,8,5,3,8
4,20,moe,730,33,3103,1443,1443,1527,100,1,32,0,612,8,6,2,8
4,21,moe,807,36,3897,925,925,2742,169,0,61,0,732,8,5,3,8
4,22,moe,830,38,4417,1878,1878,2324,156,0,59,0,617,8,5,3,8
4,23,moe,565,29,3904,937,937,2740,172,0,55,0,732,8,5,3,8
4,24,moe,807,32,6367,1588,1588,4443,280,0,56,0,734,8,3,5,8
4,25,moe,818,33,7670,1936,1936,5328,347,0,59,0,741,8,2,6,8
4,26,moe,559,29,15525,6178,6178,8057,1240,0,50,0,1280,8,3,5,8
4,-1,epi,0,0,0,0,0,0,0,0,5730,0,0,0,0,0,0
5,-2,pre,216,0,0,0,0,0,0,0,0,0,0,0,0,0,0
5,0,dense,1440,34,0,0,0,0,0,0,0,0,0,0,0,0,0
5,1,moe,817,32,13445,5983,5983,4464,2945,0,53,0,748,8,3,5,8
5,2,moe,725,37,18443,8102,8104,6264,3990,0,85,0,739,8,1,7,8
5,3,moe,558,39,18970,8584,8584,6241,4075,0,70,0,755,8,1,7,8
5,4,moe,730,39,14427,6764,6764,4638,2923,0,102,0,616,8,2,6,8
5,5,moe,804,40,11573,5618,5618,3836,2063,0,56,0,613,8,3,5,8
5,6,moe,728,37,9203,4729,4729,3639,755,0,80,0,730,8,4,4,8
5,7,moe,552,33,7166,3279,3279,2335,1490,0,62,0,618,8,5,3,8
5,8,moe,730,36,7135,3215,3215,2291,1588,0,41,0,616,8,5,3,8
5,9,moe,800,38,12854,6984,6984,5432,340,0,98,0,741,8,2,6,8
5,10,moe,721,31,5781,3236,3237,2337,149,0,58,0,603,8,5,3,8
5,11,moe,553,30,15614,7521,7521,5341,2685,0,67,0,615,8,1,7,8
5,12,moe,724,36,13062,7188,7188,5442,344,0,88,0,734,8,2,6,8
5,13,moe,787,34,9702,5501,5501,3874,242,1,84,0,606,8,3,5,8
5,14,moe,721,32,7706,4409,4409,3048,198,0,51,0,614,8,4,4,8
5,15,moe,550,31,10940,5951,5951,4596,319,0,74,0,776,8,3,5,8
5,16,moe,739,35,7822,4364,4364,3168,214,0,76,0,618,8,4,4,8
5,17,moe,806,34,7733,4435,4435,3050,198,0,50,0,625,8,4,4,8
5,18,moe,736,35,19891,8013,8013,11382,400,0,96,0,730,8,1,7,8
5,19,moe,549,32,6884,1027,1027,5581,198,0,78,0,601,8,4,4,8
5,20,moe,732,32,5146,809,809,4139,150,0,48,0,605,8,5,3,8
5,21,moe,797,31,9646,1552,1553,7734,288,0,71,0,734,8,3,5,8
5,22,moe,804,31,3349,794,794,2337,149,0,69,0,609,8,5,3,8
5,23,moe,558,227,2647,642,642,1845,117,0,43,0,728,8,6,2,8
5,24,moe,802,33,5085,1251,1251,3557,232,0,45,0,735,8,4,4,8
5,25,moe,834,35,5084,1259,1260,3550,228,0,46,0,739,8,4,4,8
5,26,moe,568,41,7340,3914,3914,2653,740,0,33,0,1329,8,5,3,8
5,-1,epi,0,0,0,0,0,0,0,0,5735,0,0,0,0,0,0
6,-2,pre,222,0,0,0,0,0,0,0,0,0,0,0,0,0,0
6,0,dense,1474,35,0,0,0,0,0,0,0,0,0,0,0,0,0
6,1,moe,823,34,12524,6139,6139,4467,1868,0,50,0,748,8,3,5,8
6,2,moe,738,38,10821,4934,4935,3553,2276,0,57,0,748,8,4,4,8
6,3,moe,565,35,13329,5921,5922,4476,2871,0,60,0,742,8,3,5,8
6,4,moe,730,37,9686,5471,5471,3884,244,0,87,0,610,8,3,5,8
6,5,moe,799,35,5811,3334,3334,2295,148,0,34,0,615,8,5,3,8
6,6,moe,733,32,4428,2417,2417,1845,115,0,51,0,745,8,6,2,8
6,7,moe,555,28,8600,4319,4319,3096,1115,0,70,0,616,8,4,4,8
6,8,moe,760,38,11262,5341,5341,3806,2060,0,55,0,625,8,3,5,8
6,9,moe,818,40,9168,4698,4699,3615,778,0,76,0,726,8,4,4,8
6,10,moe,730,36,10968,5594,5594,3859,1432,0,83,0,613,8,3,5,8
6,11,moe,556,32,3875,2217,2217,1524,99,0,35,0,607,8,6,2,8
6,12,moe,736,31,6531,3549,3549,2750,169,0,63,0,730,8,5,3,8
6,13,moe,800,33,5789,3225,3225,2342,147,0,75,0,605,8,5,3,8
6,14,moe,733,31,5737,3273,3274,2273,150,0,40,0,609,8,5,3,8
6,15,moe,552,28,11285,5867,5867,4508,836,0,74,0,734,8,3,5,8
6,16,moe,737,33,11529,6531,6531,4614,294,0,90,0,612,8,2,6,8
6,17,moe,801,32,9625,5516,5516,3808,246,0,55,0,616,8,3,5,8
6,18,moe,726,32,2325,1245,1245,982,60,0,38,0,721,8,7,1,8
6,19,moe,551,29,6039,1284,1284,3866,811,0,78,0,613,8,3,5,8
6,20,moe,747,37,4370,1076,1076,3042,198,0,54,0,619,8,4,4,8
6,21,moe,810,33,2687,649,649,1874,117,0,47,0,732,8,6,2,8
6,22,moe,832,37,3458,859,859,2376,162,0,61,0,683,8,5,3,8
6,23,moe,588,34,4000,985,985,2775,174,0,66,0,745,8,5,3,8
6,24,moe,808,33,3821,950,950,2666,169,0,36,0,740,8,5,3,8
6,25,moe,813,35,3807,930,930,2671,169,0,37,0,732,8,5,3,8
6,26,moe,566,31,12507,4904,4904,6446,1108,0,49,0,1256,8,4,4,8
6,-1,epi,0,0,0,0,0,0,0,0,5742,0,0,0,0,0,0
7,-2,pre,223,0,0,0,0,0,0,0,0,0,0,0,0,0,0
7,0,dense,1468,36,0,0,0,0,0,0,0,0,0,0,0,0,0
7,1,moe,830,34,14937,6330,6330,8049,507,0,51,0,731,8,3,5,8
7,2,moe,727,32,5389,2434,2434,1771,1156,0,28,0,735,8,6,2,8
7,3,moe,565,34,2708,1234,1234,887,566,0,21,0,728,8,7,1,8
7,4,moe,735,31,6348,3736,3736,2392,146,0,74,0,617,8,5,3,8
7,5,moe,799,32,4416,2285,2285,1550,553,0,28,0,610,8,6,2,8
7,6,moe,735,30,2316,1214,1216,1005,57,0,38,0,727,8,7,1,8
7,7,moe,561,34,7786,4416,4417,3099,196,0,74,0,616,8,4,4,8
7,8,moe,741,30,8249,4316,4316,3060,834,0,39,0,613,8,4,4,8
7,9,moe,801,43,4470,2394,2395,1906,115,0,54,0,732,8,6,2,8
7,10,moe,745,28,2053,1126,1126,836,51,0,40,0,616,8,7,1,8
7,11,moe,558,28,3838,2158,2158,1548,106,0,26,0,613,8,6,2,8
7,12,moe,735,29,10835,5930,5930,4543,285,0,77,0,731,8,3,5,8
7,13,moe,803,29,5909,3320,3321,2363,148,0,77,0,611,8,5,3,8
7,14,moe,735,31,5849,3376,3376,2287,149,0,37,0,625,8,5,3,8
7,15,moe,555,29,10824,5932,5932,4538,281,0,73,0,732,8,3,5,8
7,16,moe,735,34,5220,2172,2172,2891,101,0,56,0,612,8,6,2,8
7,17,moe,805,31,5661,3194,3194,2286,149,0,32,0,613,8,5,3,8
7,18,moe,735,34,8903,3727,3727,4945,173,0,58,0,717,8,5,3,8
7,19,moe,556,30,5916,1478,1478,4226,154,0,58,0,609,8,5,3,8
7,20,moe,732,30,3427,547,547,2747,101,0,32,0,608,8,6,2,8
7,21,moe,799,30,8079,1240,1240,6544,230,0,65,0,730,8,4,4,8
7,22,moe,798,30,7090,1061,1061,5737,226,0,66,0,682,8,4,4,8
7,23,moe,599,32,2708,629,629,1895,131,0,53,0,826,8,6,2,8
7,24,moe,817,35,2060,308,308,1660,69,0,23,0,740,8,7,1,8
7,25,moe,836,39,4774,1862,1862,2701,173,0,38,0,754,8,5,3,8
7,26,moe,576,36,6257,2478,2478,3232,516,0,31,0,734,8,6,2,8
7,-1,epi,0,0,0,0,0,0,0,0,5799,0,0,0,0,0,0
8,-2,pre,272,0,0,0,0,0,0,0,0,0,0,0,0,0,0
8,0,dense,1468,37,0,0,0,0,0,0,0,0,0,0,0,0,0
8,1,moe,825,32,8858,3810,3810,4837,173,0,38,0,741,8,5,3,8
8,2,moe,742,39,5278,2632,2632,1777,839,0,30,0,735,8,6,2,8
8,3,moe,561,29,11561,4807,4807,6479,230,0,45,0,733,8,4,4,8
8,4,moe,736,32,5210,2220,2220,2829,104,0,57,0,610,8,6,2,8
8,5,moe,806,33,7590,3258,3259,4144,148,0,39,0,612,8,5,3,8
8,6,moe,738,34,13251,7388,7389,5441,333,0,88,0,741,8,2,6,8
8,7,moe,566,28,4348,2153,2153,1599,544,0,52,0,619,8,6,2,8
8,8,moe,738,35,5112,2229,2229,2755,101,0,27,0,610,8,6,2,8
8,9,moe,800,34,7168,3668,3669,2745,695,0,59,0,737,8,5,3,8
8,10,moe,736,30,5835,3257,3257,2365,147,0,66,0,613,8,5,3,8
8,11,moe,558,32,9980,4213,4213,5527,198,0,42,0,610,8,4,4,8
8,12,moe,722,32,8924,3530,3531,4999,339,0,55,0,734,8,5,3,8
8,13,moe,797,31,5884,3329,3329,2348,149,0,58,0,610,8,5,3,8
8,14,moe,738,31,5663,3191,3191,2289,146,0,37,0,611,8,5,3,8
8,15,moe,556,28,4364,2319,2319,1885,113,0,47,0,732,8,6,2,8
8,16,moe,737,33,10169,4315,4315,5586,199,0,69,0,610,8,4,4,8
8,17,moe,811,34,4976,2496,2496,2295,147,0,38,0,619,8,5,3,8
8,18,moe,734,29,6780,3576,3577,2776,372,0,55,0,729,8,5,3,8
8,19,moe,554,33,4827,1800,1800,2876,103,0,48,0,608,8,6,2,8
8,20,moe,727,32,3443,559,559,2754,100,0,30,0,614,8,6,2,8
8,21,moe,835,32,5566,4491,4491,977,57,0,41,0,722,8,7,1,8
8,22,moe,809,38,3684,543,543,2813,276,0,52,0,609,8,6,2,8
8,23,moe,564,32,8,0,0,0,0,0,8,0,735,8,8,0,8
8,24,moe,817,38,1389,317,317,976,58,0,38,0,740,8,7,1,8
8,25,moe,816,34,7935,1222,1222,6442,227,0,44,0,727,8,4,4,8
8,26,moe,578,34,7303,3846,3846,2656,767,0,34,0,725,8,5,3,8
8,-1,epi,0,0,0,0,0,0,0,0,5748,0,0,0,0,0,0
9,-2,pre,219,0,0,0,0,0,0,0,0,0,0,0,0,0,0
9,0,dense,1458,33,0,0,0,0,0,0,0,0,0,0,0,0,0
9,1,moe,831,35,6788,3719,3721,2658,363,0,46,0,741,8,5,3,8
9,2,moe,742,32,6531,3666,3666,2656,172,0,37,0,736,8,5,3,8
9,3,moe,567,29,5754,2392,2393,3215,122,0,24,0,736,8,6,2,8
9,4,moe,744,32,5998,3411,3411,2362,154,0,71,0,616,8,5,3,8
9,5,moe,804,30,8058,4286,4286,3050,677,0,45,0,618,8,4,4,8
9,6,moe,738,32,10,0,0,0,0,0,10,0,726,8,8,0,8
9,7,moe,558,28,5845,3366,3366,2292,150,0,37,0,619,8,5,3,8
9,8,moe,739,29,4062,2399,2399,1536,101,0,26,0,609,8,6,2,8
9,9,moe,815,37,5721,2720,2720,2766,169,0,66,0,760,8,5,3,8
9,10,moe,739,29,9,0,1,0,0,0,8,0,613,8,8,0,8
9,11,moe,563,28,2081,1146,1146,838,50,0,47,0,615,8,7,1,8
9,12,moe,748,30,1402,311,311,995,57,0,39,0,745,8,7,1,8
9,13,moe,811,29,2062,1131,1131,843,49,0,39,0,621,8,7,1,8
9,14,moe,740,38,1961,1114,1115,778,49,0,19,0,629,8,7,1,8
9,15,moe,563,27,2655,624,624,1872,114,0,45,0,739,8,6,2,8
9,16,moe,739,29,6186,3625,3625,2350,148,0,63,0,619,8,5,3,8
9,17,moe,812,34,4277,1378,1379,2765,103,0,30,0,613,8,6,2,8
9,18,moe,741,30,4562,2480,2480,1919,114,0,49,0,737,8,6,2,8
9,19,moe,554,29,1320,397,397,836,50,0,37,0,619,8,7,1,8
9,20,moe,736,30,1090,256,256,766,51,0,17,0,628,8,7,1,8
9,21,moe,816,30,2601,588,588,1859,114,0,40,0,741,8,6,2,8
9,22,moe,819,35,5562,1330,1330,3907,245,0,80,0,637,8,3,5,8
9,23,moe,571,29,1365,316,316,959,57,0,33,0,748,8,7,1,8
9,24,moe,814,33,3998,628,628,3226,115,0,29,0,740,8,6,2,8
9,25,moe,821,29,3774,924,924,2649,167,0,34,0,744,8,5,3,8
9,26,moe,567,28,5203,2542,2542,1779,850,0,32,0,782,8,6,2,8
9,-1,epi,0,0,0,0,0,0,0,0,5840,0,0,0,0,0,0
10,-2,pre,217,0,0,0,0,0,0,0,0,0,0,0,0,0,0
10,0,dense,1463,36,0,0,0,0,0,0,0,0,0,0,0,0,0
10,1,moe,833,29,17812,9987,9988,7091,653,0,80,0,748,8,0,8,8
10,2,moe,733,29,4514,2596,2596,1763,114,0,41,0,730,8,6,2,8
10,3,moe,556,29,8897,4864,4864,3559,425,0,49,0,740,8,4,4,8
10,4,moe,737,29,7815,4431,4431,3110,197,0,77,0,620,8,4,4,8
10,5,moe,804,31,4041,2393,2393,1525,99,0,24,0,612,8,6,2,8
10,6,moe,749,31,4509,2440,2440,1897,116,0,56,0,731,8,6,2,8
10,7,moe,561,28,5902,3341,3341,2355,148,0,58,0,618,8,5,3,8
10,8,moe,739,33,5803,3326,3326,2289,154,0,34,0,624,8,5,3,8
10,9,moe,805,31,10371,5256,5257,4552,479,0,83,0,737,8,3,5,8
10,10,moe,731,30,7733,4327,4328,3138,196,0,71,0,616,8,4,4,8
10,11,moe,559,28,9715,5600,5600,3815,244,0,56,0,620,8,3,5,8
10,12,moe,732,31,7796,3875,3875,3633,223,0,65,0,734,8,4,4,8
10,13,moe,805,34,5816,3264,3264,2341,146,0,65,0,617,8,5,3,8
10,14,moe,735,30,7695,4404,4405,3053,195,0,42,0,608,8,4,4,8
10,15,moe,579,30,18788,7645,7645,10620,418,0,105,0,740,8,1,7,8
10,16,moe,747,33,11155,6097,6097,4668,295,0,95,0,614,8,2,6,8
10,17,moe,804,34,10942,6010,6010,4573,293,0,66,0,617,8,2,6,8
10,18,moe,733,34,13149,7281,7281,5442,336,0,90,0,735,8,2,6,8
10,19,moe,556,30,11686,6676,6676,4633,290,0,87,0,615,8,2,6,8
10,20,moe,729,31,6867,2763,2764,3810,247,0,46,0,620,8,3,5,8
10,21,moe,816,35,6440,1546,1546,4531,281,1,81,0,736,8,3,5,8
10,22,moe,814,32,4482,1079,1079,3130,196,0,77,0,625,8,4,4,8
10,23,moe,582,29,8063,1222,1222,6550,230,1,60,0,730,8,4,4,8
10,24,moe,818,35,11955,1890,1890,9662,338,0,65,0,734,8,2,6,8
10,25,moe,808,30,11104,2699,2700,8070,289,0,45,0,728,8,3,5,8
10,26,moe,565,30,13426,6089,6089,4438,2852,0,47,0,731,8,3,5,8
10,-1,epi,0,0,0,0,0,0,0,0,5715,0,0,0,0,0,0
11,-2,pre,217,0,0,0,0,0,0,0,0,0,0,0,0,0,0
11,0,dense,1453,37,0,0,0,0,0,0,0,0,0,0,0,0,0
11,1,moe,829,35,2424,1263,1263,883,257,0,21,0,751,8,7,1,8
11,2,moe,745,33,4518,2607,2607,1771,113,0,27,0,735,8,6,2,8
11,3,moe,562,29,5840,2462,2462,3232,116,0,30,0,729,8,6,2,8
11,4,moe,731,33,5313,2318,2318,2819,101,0,75,0,609,8,6,2,8
11,5,moe,803,32,4077,2414,2414,1536,101,0,26,0,616,8,6,2,8
11,6,moe,755,940,7866,5826,5826,1870,113,0,57,0,720,8,6,2,8
11,7,moe,557,33,5196,2170,2170,2858,106,0,62,0,610,8,6,2,8
11,8,moe,721,35,7674,3348,3348,4140,150,0,36,0,612,8,5,3,8
11,9,moe,793,34,5868,2867,2868,2763,169,0,68,0,734,8,5,3,8
11,10,moe,732,31,7710,3287,3287,4207,155,0,61,0,601,8,5,3,8
11,11,moe,557,30,3910,2250,2250,1526,108,0,26,0,609,8,6,2,8
11,12,moe,727,33,8719,4767,4767,3666,225,0,61,0,729,8,4,4,8
11,13,moe,810,36,5170,2143,2143,2867,102,0,58,0,605,8,6,2,8
11,14,moe,722,31,15383,6741,6741,8282,296,1,63,0,613,8,2,6,8
11,15,moe,550,28,8676,4720,4720,3657,229,0,70,0,735,8,4,4,8
11,16,moe,732,34,11634,6613,6613,4640,295,0,86,0,633,8,2,6,8
11,17,moe,793,31,7956,3861,3862,3796,248,0,50,0,612,8,3,5,8
11,18,moe,781,33,14563,9646,9649,4546,296,0,72,0,735,8,3,5,8
11,19,moe,558,37,9826,3955,3956,5603,201,0,66,0,600,8,4,4,8
11,20,moe,717,33,4016,2355,2355,1524,99,0,38,0,605,8,6,2,8
11,21,moe,797,35,6244,2288,2289,3662,226,0,67,0,730,8,4,4,8
11,22,moe,803,37,5209,791,791,4202,150,0,66,0,602,8,5,3,8
11,23,moe,557,32,3804,615,615,3029,118,0,42,0,722,8,6,2,8
11,24,moe,806,34,5028,1224,1224,3534,229,0,41,0,737,8,4,4,8
11,25,moe,801,34,9757,1552,1552,7858,301,0,46,0,743,8,3,5,8
11,26,moe,575,36,15180,7559,7559,5437,2121,0,63,0,740,8,2,6,8
11,-1,epi,0,0,0,0,0,0,0,0,5792,0,0,0,0,0,0
12,-2,pre,225,0,0,0,0,0,0,0,0,0,0,0,0,0,0
12,0,dense,1458,39,0,0,0,0,0,0,0,0,0,0,0,0,0
12,1,moe,812,33,12061,5130,5130,6647,232,0,52,0,736,8,4,4,8
12,2,moe,738,41,8578,3505,3505,4857,175,0,41,0,723,8,5,3,8
12,3,moe,555,32,4685,2651,2651,1891,115,0,28,0,730,8,6,2,8
12,4,moe,742,31,6097,3362,3362,2514,146,0,75,0,610,8,5,3,8
12,5,moe,832,32,5365,2495,2495,2477,360,0,33,0,628,8,5,3,8
12,6,moe,758,31,4551,2387,2387,2001,112,0,51,0,725,8,6,2,8
12,7,moe,563,33,2318,1340,1340,884,48,0,46,0,617,8,7,1,8
12,8,moe,747,32,4095,2324,2324,1636,110,0,25,0,616,8,6,2,8
12,9,moe,812,40,10948,6056,6056,4538,279,0,75,0,740,8,3,5,8
12,10,moe,738,30,3168,1421,1421,1597,97,0,53,0,613,8,6,2,8
12,11,moe,556,27,7899,4323,4323,3042,491,0,43,0,614,8,4,4,8
12,12,moe,732,30,10845,5964,5964,4519,280,0,82,0,734,8,3,5,8
12,13,moe,799,30,6997,3607,3607,3115,194,0,81,0,608,8,4,4,8
12,14,moe,730,30,5875,3389,3389,2298,151,0,37,0,612,8,5,3,8
12,15,moe,556,31,8783,4739,4739,3717,261,0,66,0,790,8,4,4,8
12,16,moe,733,43,11006,5889,5891,4715,308,0,92,0,643,8,2,6,8
12,17,moe,822,37,6323,3024,3024,3054,198,0,47,0,630,8,4,4,8
12,18,moe,742,31,14540,6034,6034,8139,288,1,78,0,751,8,3,5,8
12,19,moe,556,32,5701,3125,3125,2355,145,0,76,0,619,8,5,3,8
12,20,moe,736,31,3096,1451,1451,1518,98,0,29,0,621,8,6,2,8
12,21,moe,803,31,4571,1563,1563,2772,168,0,68,0,743,8,5,3,8
12,22,moe,809,31,3357,800,800,2348,147,0,62,0,622,8,5,3,8
12,23,moe,558,38,8,0,0,0,0,0,8,0,738,8,8,0,8
12,24,moe,819,34,8094,1242,1242,6543,232,0,77,0,745,8,4,4,8
12,25,moe,822,33,3984,617,618,3222,114,0,30,0,739,8,6,2,8
12,26,moe,571,35,5687,2817,2817,2665,172,0,33,0,742,8,5,3,8
12,-1,epi,0,0,0,0,0,0,0,0,5782,0,0,0,0,0,0
13,-2,pre,222,0,0,0,0,0,0,0,0,0,0,0,0,0,0
13,0,dense,1454,33,0,0,0,0,0,0,0,0,0,0,0,0,0
13,1,moe,824,33,7102,3299,3299,3533,227,0,43,0,751,8,4,4,8
13,2,moe,750,32,2268,1298,1298,889,60,0,21,0,746,8,7,1,8
13,3,moe,580,30,2164,1197,1197,891,58,0,18,0,746,8,7,1,8
13,4,moe,728,31,10,0,0,0,0,0,10,0,652,8,8,0,8
13,5,moe,815,28,2132,1181,1181,845,51,0,55,0,630,8,7,1,8
13,6,moe,743,31,2478,1358,1358,1015,59,0,46,0,753,8,7,1,8
13,7,moe,567,31,2105,1168,1168,846,51,0,40,0,646,8,7,1,8
13,8,moe,747,29,1990,1152,1152,768,50,0,20,0,634,8,7,1,8
13,9,moe,817,31,2325,1207,1207,1007,61,0,50,0,751,8,7,1,8
13,10,moe,736,34,2060,1137,1138,830,51,0,41,0,629,8,7,1,8
13,11,moe,566,27,3839,2191,2191,1523,98,0,27,0,632,8,6,2,8
13,12,moe,740,29,2676,631,631,1883,113,0,49,0,746,8,6,2,8
13,13,moe,811,29,2002,1102,1102,812,50,0,38,0,633,8,7,1,8
13,14,moe,742,30,3126,1484,1484,1521,98,0,23,0,635,8,6,2,8
13,15,moe,565,28,7544,2595,2596,4597,277,0,74,0,751,8,3,5,8
13,16,moe,741,29,7341,3126,3126,3891,248,0,76,0,635,8,3,5,8
13,17,moe,805,32,4161,1698,1698,2276,152,0,35,0,650,8,5,3,8
13,18,moe,752,35,7201,3239,3239,3672,225,0,65,0,743,8,4,4,8
13,19,moe,562,29,6516,3144,3144,3104,199,0,69,0,642,8,4,4,8
13,20,moe,740,30,2648,1198,1198,1377,51,0,22,0,620,8,7,1,8
13,21,moe,826,31,3564,1529,1529,1875,113,0,47,0,744,8,6,2,8
13,22,moe,804,31,2303,544,544,1607,98,0,54,0,633,8,6,2,8
13,23,moe,567,29,8,0,0,0,0,0,8,0,736,8,8,0,8
13,24,moe,823,31,5142,1227,1227,3622,227,0,66,0,762,8,4,4,8
13,25,moe,813,30,1993,309,309,1607,59,0,18,0,748,8,7,1,8
13,26,moe,571,30,2703,597,597,1766,314,0,26,0,750,8,6,2,8
13,-1,epi,0,0,0,0,0,0,0,0,5897,0,0,0,0,0,0
14,-2,pre,59,0,0,0,0,0,0,0,0,0,0,0,0,0,0
14,0,dense,1473,33,0,0,0,0,0,0,0,0,0,0,0,0,0
14,1,moe,842,37,6352,1575,1575,4445,282,0,50,0,764,8,3,5,8
14,2,moe,758,33,9,0,0,0,0,0,9,0,756,8,8,0,8
14,3,moe,592,31,9,0,0,0,0,0,9,0,764,8,8,0,8
14,4,moe,764,29,9,0,0,0,0,0,9,0,656,8,8,0,8
14,5,moe,835,29,2773,1218,1218,1452,51,0,52,0,643,8,7,1,8
14,6,moe,745,29,3192,1346,1346,1750,59,0,37,0,759,8,7,1,8
14,7,moe,582,29,2046,1131,1131,830,51,0,34,0,649,8,7,1,8
14,8,moe,760,30,2026,1192,1192,768,49,0,17,0,643,8,7,1,8
14,9,moe,816,30,8,0,0,0,0,0,8,0,764,8,8,0,8
14,10,moe,752,29,8,0,0,0,0,0,8,0,639,8,8,0,8
14,11,moe,584,31,2607,1151,1151,1384,51,0,21,0,641,8,7,1,8
14,12,moe,744,30,6359,2367,2367,3697,223,0,72,0,759,8,4,4,8
14,13,moe,819,28,5158,2140,2140,2866,100,0,52,0,637,8,6,2,8
14,14,moe,736,30,3893,2222,2222,1533,102,0,36,0,632,8,6,2,8
14,15,moe,638,31,12907,7029,7029,5451,344,0,83,0,754,8,2,6,8
14,16,moe,734,32,5454,2065,2065,3116,201,0,72,0,641,8,4,4,8
14,17,moe,813,36,6467,1551,1553,4566,294,0,54,0,649,8,2,6,8
14,18,moe,755,37,6225,2244,2244,3689,226,0,66,0,743,8,4,4,8
14,19,moe,570,33,8143,3869,3869,3951,248,0,75,0,623,8,3,5,8
14,20,moe,749,40,9,0,0,0,0,0,9,0,641,8,8,0,8
14,21,moe,813,37,6212,918,918,5000,179,0,115,0,740,8,5,3,8
14,22,moe,810,37,4449,1055,1055,3131,195,0,68,0,632,8,4,4,8
14,23,moe,583,36,1392,312,312,987,59,0,34,0,756,8,7,1,8
14,24,moe,814,32,3782,929,929,2648,168,0,37,0,751,8,5,3,8
14,25,moe,826,35,1270,307,307,887,59,0,17,0,749,8,7,1,8
14,26,moe,580,39,8088,2852,2852,4837,364,0,35,0,743,8,5,3,8
14,-1,epi,0,0,0,0,0,0,0,0,5836,0,0,0,0,0,0
15,-2,pre,213,0,0,0,0,0,0,0,0,0,0,0,0,0,0
15,0,dense,1467,34,0,0,0,0,0,0,0,0,0,0,0,0,0
15,1,moe,833,71,8843,3128,3128,5315,343,0,57,0,759,8,2,6,8
15,2,moe,735,29,9,0,0,0,0,0,9,0,767,8,8,0,8
15,3,moe,577,29,8,0,0,0,0,0,8,0,768,8,8,0,8
15,4,moe,757,33,8,0,0,0,0,0,8,0,646,8,8,0,8
15,5,moe,825,31,12,0,0,0,0,0,12,0,666,8,8,0,8
15,6,moe,758,32,3573,1660,1660,1768,115,0,30,0,764,8,6,2,8
15,7,moe,591,28,2178,1192,1192,881,53,0,52,0,644,8,7,1,8
15,8,moe,748,29,2041,1196,1196,774,52,0,19,0,638,8,7,1,8
15,9,moe,815,28,2399,1270,1270,1023,65,0,41,0,756,8,7,1,8
15,10,moe,740,27,8,0,0,0,0,0,8,0,656,8,8,0,8
15,11,moe,585,27,5946,3343,3343,2380,155,0,68,0,643,8,5,3,8
15,12,moe,745,30,3629,1573,1573,1889,112,0,55,0,760,8,6,2,8
15,13,moe,820,28,2008,1069,1069,832,50,0,57,0,636,8,7,1,8
15,14,moe,747,29,1952,1117,1117,767,49,0,19,0,636,8,7,1,8
15,15,moe,566,27,7162,3167,3167,3690,229,0,76,0,759,8,4,4,8
15,16,moe,744,29,3351,789,789,2341,146,0,75,0,646,8,5,3,8
15,17,moe,822,29,10212,5115,5116,4580,464,0,52,0,637,8,2,6,8
15,18,moe,739,30,10088,4227,4227,5441,340,0,80,0,760,8,2,6,8
15,19,moe,564,28,5124,2542,2542,2372,147,0,63,0,633,8,5,3,8
15,20,moe,741,29,10296,4530,4530,5526,202,0,38,0,617,8,4,4,8
15,21,moe,813,28,4719,1207,1207,3345,115,0,52,0,743,8,6,2,8
15,22,moe,807,30,6982,1070,1070,5640,201,0,71,0,625,8,4,4,8
15,23,moe,575,31,2656,634,634,1856,112,0,54,0,749,8,6,2,8
15,24,moe,823,32,5100,1280,1280,3551,229,0,40,0,750,8,4,4,8
15,25,moe,814,31,1274,315,315,884,58,0,17,0,751,8,7,1,8
15,26,moe,572,29,9115,4909,4909,3699,467,0,40,0,792,8,4,4,8
15,-1,epi,0,0,0,0,0,0,0,0,5500,0,0,0,0,0,0
16,-2,pre,232,0,0,0,0,0,0,0,0,0,0,0,0,0,0
16,0,dense,1453,33,0,0,0,0,0,0,0,0,0,0,0,0,0
16,1,moe,815,34,10090,5317,5317,4433,281,0,59,0,763,8,3,5,8
16,2,moe,770,40,7872,4051,4052,3546,226,0,48,0,761,8,4,4,8
16,3,moe,564,51,7869,4037,4038,3563,224,0,44,0,755,8,4,4,8
16,4,moe,752,39,8132,4740,4740,3119,195,0,78,0,631,8,4,4,8
16,5,moe,811,32,9787,5660,5660,3820,256,0,51,0,636,8,3,5,8
16,6,moe,737,34,8982,3608,3608,4928,379,0,67,0,742,8,5,3,8
16,7,moe,559,30,3888,2131,2132,1590,100,0,66,0,628,8,6,2,8
16,8,moe,739,31,4103,2457,2457,1516,100,0,30,0,627,8,6,2,8
16,9,moe,808,31,6590,3597,3597,2761,168,0,64,0,755,8,5,3,8
16,10,moe,745,28,9,0,0,0,0,0,9,0,626,8,8,0,8
16,11,moe,580,27,8953,4701,4701,3905,249,0,98,0,633,8,3,5,8
16,12,moe,746,32,6068,3068,3068,2761,176,0,63,0,752,8,5,3,8
16,13,moe,807,30,2123,1174,1174,846,51,0,52,0,626,8,7,1,8
16,14,moe,738,30,7329,4044,4044,3039,200,0,46,0,632,8,4,4,8
16,15,moe,570,31,7119,3162,3162,3663,224,0,70,0,749,8,4,4,8
16,16,moe,748,28,8852,4664,4664,3864,244,0,80,0,633,8,3,5,8
16,17,moe,803,30,5837,3377,3377,2275,148,0,37,0,637,8,5,3,8
16,18,moe,739,30,8134,4216,4216,3623,229,0,66,0,742,8,4,4,8
16,19,moe,565,34,2730,1150,1150,1484,51,0,45,0,625,8,7,1,8
16,20,moe,733,34,1714,269,269,1376,52,0,17,0,631,8,7,1,8
16,21,moe,799,31,2356,1270,1271,980,58,0,47,0,755,8,7,1,8
16,22,moe,809,31,1195,271,271,828,52,0,44,0,634,8,7,1,8
16,23,moe,580,30,1397,299,299,1008,58,0,32,0,750,8,7,1,8
16,24,moe,827,33,2542,629,629,1771,116,0,26,0,755,8,6,2,8
16,25,moe,821,31,2541,618,618,1779,116,0,28,0,759,8,6,2,8
16,26,moe,579,29,10,0,0,0,0,0,10,0,751,8,8,0,8
16,-1,epi,0,0,0,0,0,0,0,0,5953,0,0,0,0,0,0
17,-2,pre,73,0,0,0,0,0,0,0,0,0,0,0,0,0,0
17,0,dense,1485,33,0,0,0,0,0,0,0,0,0,0,0,0,0
17,1,moe,837,36,2344,1382,1382,885,56,0,21,0,761,8,7,1,8
17,2,moe,764,30,2202,1232,1232,890,57,0,23,0,760,8,7,1,8
17,3,moe,586,30,4949,1584,1584,3217,116,0,32,0,752,8,6,2,8
17,4,moe,736,29,5129,2543,2543,2364,149,0,73,0,641,8,5,3,8
17,5,moe,814,31,8,0,0,0,0,0,8,0,636,8,8,0,8
17,6,moe,744,29,2339,1253,1253,978,57,0,51,0,754,8,7,1,8
17,7,moe,578,33,2311,537,537,1623,98,0,53,0,646,8,6,2,8
17,8,moe,738,30,3896,2250,2250,1520,100,0,26,0,642,8,6,2,8
17,9,moe,826,29,9,0,0,0,0,0,9,0,759,8,8,0,8
17,10,moe,747,32,3856,2198,2198,1530,99,0,29,0,642,8,6,2,8
17,11,moe,573,28,4964,2488,2488,2288,146,0,42,0,642,8,5,3,8
17,12,moe,743,265,15219,10010,10010,4971,172,0,66,0,740,8,5,3,8
17,13,moe,801,34,3162,1398,1398,1603,98,0,63,0,629,8,6,2,8
17,14,moe,737,32,8,0,0,0,0,0,8,0,626,8,8,0,8
17,15,moe,569,31,4580,2529,2530,1883,112,0,55,0,749,8,6,2,8
17,16,moe,746,35,5220,2210,2210,2852,102,0,56,0,646,8,6,2,8
17,17,moe,813,35,1116,282,282,765,51,0,18,0,636,8,7,1,8
17,18,moe,786,33,4583,2516,2516,1897,115,0,55,0,760,8,6,2,8
17,19,moe,591,36,2171,1222,1222,848,52,0,49,0,630,8,7,1,8
17,20,moe,757,38,2001,1148,1148,775,52,0,26,0,653,8,7,1,8
17,21,moe,843,35,3851,1740,1740,1905,116,0,90,0,839,8,6,2,8
17,22,moe,853,45,12,0,0,0,0,0,12,0,719,8,8,0,8
17,23,moe,626,46,1327,332,332,908,58,0,29,0,819,8,7,1,8
17,24,moe,881,36,3527,788,789,2466,231,0,41,0,1251,8,6,2,8
17,25,moe,1274,55,4821,1073,1074,3409,280,0,58,0,887,8,5,3,8
17,26,moe,657,34,11,0,0,0,0,0,11,0,784,8,8,0,8
17,-1,epi,0,0,0,0,0,0,0,0,6404,0,0,0,0,0,0
18,-2,pre,176,0,0,0,0,0,0,0,0,0,0,0,0,0,0
18,0,dense,2052,39,0,0,0,0,0,0,0,0,0,0,0,0,0
18,1,moe,1512,37,6803,3657,3657,2848,244,0,54,0,919,8,5,3,8
18,2,moe,928,38,4678,2656,2656,1828,144,1,49,0,1016,8,6,2,8
18,3,moe,757,37,10180,5156,5156,4600,357,0,67,0,876,8,3,5,8
18,4,moe,956,37,5955,3305,3305,2397,166,0,87,0,882,8,5,3,8
18,5,moe,1057,38,4002,2205,2205,1646,112,0,39,0,795,8,6,2,8
18,6,moe,974,34,6331,2661,2661,3382,223,0,65,0,924,8,5,3,8
18,7,moe,678,33,3971,2197,2197,1611,105,0,58,0,978,8,6,2,8
18,8,moe,869,32,4166,2370,2370,1642,115,0,39,0,784,8,6,2,8
18,9,moe,790,34,4706,2496,2496,2020,134,0,56,0,843,8,6,2,8
18,10,moe,835,38,6026,3228,3228,2548,171,0,79,0,784,8,5,3,8
18,11,moe,642,30,8066,4457,4457,3142,405,0,62,0,711,8,4,4,8
18,12,moe,778,43,4525,2281,2281,2038,131,0,75,0,798,8,6,2,8
18,13,moe,719,37,2111,1095,1095,895,63,0,58,0,672,8,7,1,8
18,14,moe,765,43,8433,4563,4563,3580,227,0,63,0,692,8,4,4,8
18,15,moe,659,36,14585,7060,7060,6896,495,0,134,0,831,8,1,7,8
18,16,moe,784,44,9306,5237,5237,3721,244,1,103,0,688,8,4,4,8
18,17,moe,744,38,10476,5953,5957,4144,302,0,73,0,648,8,3,5,8
18,18,moe,712,36,11793,6285,6285,5065,339,0,104,0,805,8,3,5,8
18,19,moe,648,49,10970,5345,5345,5167,357,0,101,0,646,8,3,5,8
18,20,moe,717,38,8277,4468,4469,3508,235,0,65,0,658,8,4,4,8
18,21,moe,757,40,9509,4888,4888,4240,288,0,93,0,811,8,4,4,8
18,22,moe,3400,54,10213,5432,5432,4346,315,1,119,0,676,8,3,5,8
18,23,moe,589,135,7503,2023,2024,4927,430,0,122,0,788,8,4,4,8
18,24,moe,1003,48,9864,2063,2064,7159,537,0,104,0,783,8,2,6,8
18,25,moe,715,70,10107,1962,1962,7426,632,1,86,0,768,8,2,6,8
18,26,moe,1162,88,21238,9833,9834,10009,1197,1,197,0,772,8,0,8,8
18,-1,epi,0,0,0,0,0,0,0,0,5008,0,0,0,0,0,0
19,-2,pre,245,0,0,0,0,0,0,0,0,0,0,0,0,0,0
19,0,dense,1462,54,0,0,0,0,0,0,0,0,0,0,0,0,0
19,1,moe,940,51,12276,6094,6095,5725,377,0,79,0,803,8,3,5,8
19,2,moe,723,38,4556,2359,2359,1999,149,0,49,0,950,8,6,2,8
19,3,moe,545,52,6319,3833,3833,2205,214,0,67,0,821,8,6,2,8
19,4,moe,926,44,2384,1079,1079,1146,63,0,96,0,647,8,7,1,8
19,5,moe,769,40,4064,2202,2202,1704,117,1,40,0,649,8,6,2,8
19,6,moe,687,38,1572,320,320,1114,83,0,55,0,769,8,7,1,8
19,7,moe,561,38,2202,1135,1135,938,74,0,55,0,665,8,7,1,8
19,8,moe,683,35,8551,3329,3329,4876,295,1,50,0,692,8,5,3,8
19,9,moe,737,45,2937,1705,1705,1102,71,0,59,0,858,8,7,1,8
19,10,moe,916,46,5414,2499,2500,2650,167,0,97,0,644,8,5,3,8
19,11,moe,541,37,8128,3804,3804,3971,294,0,59,0,718,8,4,4,8
19,12,moe,758,76,6661,3317,3317,3016,191,0,137,0,768,8,5,3,8
19,13,moe,802,45,1324,283,285,915,56,0,68,0,637,8,7,1,8
19,14,moe,669,35,3276,1412,1412,1702,115,0,47,0,647,8,6,2,8
19,15,moe,552,33,4642,2344,2344,2094,131,0,73,0,753,8,6,2,8
19,16,moe,661,35,5502,2493,2493,2742,173,0,94,0,647,8,5,3,8
19,17,moe,726,45,4515,2295,2295,2035,144,0,41,0,618,8,6,2,8
19,18,moe,672,40,4932,2420,2421,2294,152,0,65,0,776,8,6,2,8
19,19,moe,553,40,14,0,0,0,0,0,14,0,581,8,8,0,8
19,20,moe,4269,40,1603,539,539,940,57,0,67,0,647,8,7,1,8
19,21,moe,714,39,7030,3650,3651,3096,207,0,76,0,788,8,5,3,8
19,22,moe,746,41,2204,1146,1146,930,59,0,69,0,623,8,7,1,8
19,23,moe,661,125,2808,1483,1483,1174,85,0,66,0,764,8,7,1,8
19,24,moe,724,40,12,0,0,0,0,0,12,0,732,8,8,0,8
19,25,moe,704,36,4265,962,962,3047,210,0,46,0,801,8,5,3,8
19,26,moe,523,41,2559,1371,1371,1081,76,0,31,0,791,8,7,1,8
19,-1,epi,0,0,0,0,0,0,0,0,4189,0,0,0,0,0,0
20,-2,pre,230,0,0,0,0,0,0,0,0,0,0,0,0,0,0
20,0,dense,4000,107,0,0,0,0,0,0,0,0,0,0,0,0,0
20,1,moe,3894,68,5002,2462,2462,2276,173,0,91,0,1525,8,6,2,8
20,2,moe,1025,132,7065,3827,3827,2984,193,0,61,0,729,8,5,3,8
20,3,moe,528,37,4535,2444,2444,1926,121,0,44,0,683,8,6,2,8
20,4,moe,706,41,2217,1184,1184,910,56,0,67,0,640,8,7,1,8
20,5,moe,789,42,8398,4664,4664,3432,240,0,62,0,639,8,4,4,8
20,6,moe,680,47,2460,1243,1243,1094,68,0,55,0,784,8,7,1,8
20,7,moe,552,42,4239,2249,2249,1779,124,0,87,0,690,8,6,2,8
20,8,moe,728,51,2108,1156,1156,850,67,0,35,0,678,8,7,1,8
20,9,moe,725,270,12376,9092,9092,3016,181,0,87,0,777,8,5,3,8
20,10,moe,702,42,2212,1174,1174,917,62,0,59,0,632,8,7,1,8
20,11,moe,571,46,15,0,0,0,0,0,15,0,593,8,8,0,8
20,12,moe,673,39,2396,1194,1194,1087,71,0,44,0,765,8,7,1,8
20,13,moe,742,52,2226,1186,1186,897,82,0,61,0,655,8,7,1,8
20,14,moe,699,43,2090,1164,1165,829,66,0,30,0,674,8,7,1,8
20,15,moe,562,37,3795,1502,1503,2089,134,0,69,0,783,8,6,2,8
20,16,moe,668,43,4264,2334,2334,1751,110,0,69,0,568,8,6,2,8
20,17,moe,742,39,5966,3300,3301,2461,159,0,45,0,575,8,5,3,8
20,18,moe,675,39,6092,2761,2761,3072,191,0,68,0,662,8,5,3,8
20,19,moe,502,34,6054,3463,3463,2370,152,0,69,0,622,8,5,3,8
20,20,moe,726,37,3352,1464,1466,1743,112,0,31,0,552,8,6,2,8
20,21,moe,693,33,6843,3578,3579,3004,187,0,73,0,660,8,5,3,8
20,22,moe,731,35,5111,2516,2516,2368,148,0,79,0,623,8,5,3,8
20,23,moe,579,30,4641,2547,2547,1925,115,0,54,0,741,8,6,2,8
20,24,moe,724,32,6342,2201,2202,3840,251,0,49,0,661,8,4,4,8
20,25,moe,718,35,2877,639,639,2068,139,0,31,0,779,8,6,2,8
20,26,moe,546,31,2339,1276,1277,966,66,0,30,0,779,8,7,1,8
20,-1,epi,0,0,0,0,0,0,0,0,4527,0,0,0,0,0,0
21,-2,pre,160,0,0,0,0,0,0,0,0,0,0,0,0,0,0
21,0,dense,1272,37,0,0,0,0,0,0,0,0,0,0,0,0,0
21,1,moe,718,33,11211,4961,4962,5766,404,1,78,0,725,8,2,6,8
21,2,moe,699,40,7266,4227,4227,2747,229,0,63,0,803,8,5,3,8
21,3,moe,566,41,10489,5142,5142,4938,336,0,73,0,767,8,3,5,8
21,4,moe,709,37,4548,1731,1731,2545,176,0,96,0,639,8,5,3,8
21,5,moe,759,36,3158,1348,1348,1648,123,0,39,0,640,8,6,2,8
21,6,moe,711,42,8411,4033,4033,3999,273,0,106,0,766,8,4,4,8
21,7,moe,579,39,7038,2797,2797,3872,280,0,89,0,641,8,4,4,8
21,8,moe,721,37,3197,1399,1399,1647,115,0,36,0,654,8,6,2,8
21,9,moe,742,41,2460,1282,1283,1058,68,0,51,0,765,8,7,1,8
21,10,moe,781,36,6818,3059,3059,3361,294,0,104,0,681,8,4,4,8
21,11,moe,561,45,5953,3259,3259,2479,163,0,52,0,635,8,5,3,8
21,12,moe,666,43,5950,2864,2864,2833,175,0,78,0,764,8,5,3,8
21,13,moe,795,38,5182,2430,2430,2515,162,0,75,0,563,8,5,3,8
21,14,moe,674,35,6969,3649,3650,3071,199,1,48,0,668,8,4,4,8
21,15,moe,586,31,8573,4399,4399,3829,257,0,88,0,782,8,4,4,8
21,16,moe,832,45,7821,4353,4353,3175,203,0,90,0,648,8,4,4,8
21,17,moe,832,43,5159,2491,2491,2458,156,0,54,0,630,8,5,3,8
21,18,moe,741,37,7827,3843,3845,3675,228,0,79,0,756,8,4,4,8
21,19,moe,538,36,9670,5399,5399,3930,246,0,95,0,566,8,3,5,8
21,20,moe,674,35,9105,4968,4968,3829,248,0,60,0,645,8,3,5,8
21,21,moe,803,36,8608,4644,4644,3656,235,0,73,0,748,8,4,4,8
21,22,moe,804,31,7141,3699,3699,3150,200,0,92,0,569,8,4,4,8
21,23,moe,510,30,4573,2421,2421,1977,123,0,52,0,740,8,6,2,8
21,24,moe,819,29,7707,3873,3873,3559,223,0,52,0,798,8,4,4,8
21,25,moe,810,33,5095,1242,1242,3576,229,0,48,0,752,8,4,4,8
21,26,moe,589,29,5996,2934,2934,2675,350,0,37,0,746,8,5,3,8
21,-1,epi,0,0,0,0,0,0,0,0,5948,0,0,0,0,0,0
22,-2,pre,205,0,0,0,0,0,0,0,0,0,0,0,0,0,0
22,0,dense,1483,34,0,0,0,0,0,0,0,0,0,0,0,0,0
22,1,moe,835,31,6616,3697,3697,2702,176,0,41,0,763,8,5,3,8
22,2,moe,749,29,3614,1672,1673,1792,114,0,35,0,751,8,6,2,8
22,3,moe,580,29,6861,3041,3041,3541,231,0,48,0,672,8,4,4,8
22,4,moe,680,31,7031,3619,3619,3134,200,0,78,0,626,8,4,4,8
22,5,moe,807,31,5094,2583,2583,2310,144,0,57,0,632,8,5,3,8
22,6,moe,731,33,7796,3829,3829,3664,231,0,72,0,758,8,4,4,8
22,7,moe,580,34,10,0,0,0,0,0,10,0,625,8,8,0,8
22,8,moe,740,30,7860,4464,4464,3109,202,0,85,0,627,8,4,4,8
22,9,moe,816,31,8715,4718,4720,3691,230,0,74,0,743,8,4,4,8
22,10,moe,733,34,7917,4479,4479,3162,198,0,78,0,627,8,4,4,8
22,11,moe,573,30,1100,272,272,762,49,0,17,0,624,8,7,1,8
22,12,moe,726,29,6783,3771,3772,2775,172,0,64,0,746,8,5,3,8
22,13,moe,804,30,5130,2528,2528,2380,150,0,72,0,642,8,5,3,8
22,14,moe,740,31,3741,2104,2104,1510,98,0,29,0,629,8,6,2,8
22,15,moe,572,32,2341,1213,1214,1023,57,0,47,0,739,8,7,1,8
22,16,moe,739,29,4291,1706,1706,2362,151,0,72,0,632,8,5,3,8
22,17,moe,805,31,5766,3291,3291,2286,152,0,37,0,630,8,5,3,8
22,18,moe,726,30,3914,1862,1863,1879,118,0,54,0,754,8,6,2,8
22,19,moe,578,32,5830,3228,3228,2378,152,0,72,0,632,8,5,3,8
22,20,moe,730,31,13,0,0,0,0,0,13,0,624,8,8,0,8
22,21,moe,805,29,3854,1791,1791,1885,117,0,61,0,756,8,6,2,8
22,22,moe,807,30,4099,2323,2324,1616,100,0,59,0,629,8,6,2,8
22,23,moe,578,29,8,0,0,0,0,0,8,0,743,8,8,0,8
22,24,moe,806,29,6686,3672,3672,2780,170,0,64,0,766,8,5,3,8
22,25,moe,880,2905,11,0,0,0,0,0,11,0,805,8,8,0,8
22,26,moe,630,3318,11,0,1,0,0,0,10,0,778,8,8,0,8
22,-1,epi,0,0,0,0,0,0,0,0,5897,0,0,0,0,0,0
23,-2,pre,261,0,0,0,0,0,0,0,0,0,0,0,0,0,0
23,0,dense,1480,37,0,0,0,0,0,0,0,0,0,0,0,0,0
23,1,moe,837,35,11179,6403,6403,4442,281,0,53,0,761,8,3,5,8
23,2,moe,741,37,4409,2500,2500,1770,112,0,27,0,746,8,6,2,8
23,3,moe,651,31,6602,3739,3739,2660,168,1,34,0,743,8,5,3,8
23,4,moe,728,32,1248,286,286,861,51,0,50,0,622,8,7,1,8
23,5,moe,805,38,8187,4072,4073,3817,245,0,52,0,639,8,3,5,8
23,6,moe,739,34,2362,1231,1231,1028,60,0,43,0,738,8,7,1,8
23,7,moe,707,35,9678,7071,7071,2392,146,0,69,0,621,8,5,3,8
23,8,moe,734,35,6904,3600,3601,3061,200,0,42,0,623,8,4,4,8
23,9,moe,798,34,4461,2385,2385,1908,114,0,54,0,744,8,6,2,8
23,10,moe,738,34,7046,3650,3650,3127,196,0,73,0,627,8,4,4,8
23,11,moe,655,32,6935,3636,3636,3057,198,0,44,0,638,8,4,4,8
23,12,moe,732,34,6590,3584,3584,2771,172,0,63,0,746,8,5,3,8
23,13,moe,800,35,5851,3276,3276,2355,153,0,67,0,622,8,5,3,8
23,14,moe,740,48,5041,2576,2576,2275,145,0,45,0,621,8,5,3,8
23,15,moe,661,31,7796,3869,3869,3632,227,0,68,0,744,8,4,4,8
23,16,moe,724,32,9151,4121,4123,4645,294,0,89,0,623,8,2,6,8
23,17,moe,816,34,3100,1452,1452,1523,100,0,25,0,627,8,6,2,8
23,18,moe,730,30,7290,3332,3332,3667,225,0,66,0,743,8,4,4,8
23,19,moe,649,33,3913,2178,2178,1580,99,0,56,0,622,8,6,2,8
23,20,moe,729,28,2013,1181,1181,765,50,0,17,0,625,8,7,1,8
23,21,moe,801,31,6927,2978,2979,3654,226,0,68,0,745,8,4,4,8
23,22,moe,798,31,5741,3193,3193,2335,150,0,63,0,621,8,5,3,8
23,23,moe,651,28,6520,3535,3536,2748,170,0,66,0,738,8,5,3,8
23,24,moe,803,35,8970,4189,4189,4447,283,0,51,0,742,8,3,5,8
23,25,moe,804,32,7305,2530,2530,4448,278,0,49,0,752,8,3,5,8
23,26,moe,639,30,7863,4041,4041,3557,224,0,41,0,744,8,4,4,8
23,-1,epi,0,0,0,0,0,0,0,0,5879,0,0,0,0,0,0
24,-2,pre,221,0,0,0,0,0,0,0,0,0,0,0,0,0,0
24,0,dense,1473,32,0,0,0,0,0,0,0,0,0,0,0,0,0
24,1,moe,826,34,10058,5276,5276,4444,286,1,51,0,757,8,3,5,8
24,2,moe,737,30,10823,6056,6056,4436,281,0,50,0,746,8,3,5,8
24,3,moe,649,29,3538,1564,1564,1808,128,0,38,0,785,8,6,2,8
24,4,moe,721,40,7865,4400,4400,3158,217,0,90,0,637,8,4,4,8
24,5,moe,835,34,6402,2296,2297,3810,245,0,50,0,645,8,3,5,8
24,6,moe,735,34,8844,3007,3007,5404,339,0,94,0,773,8,2,6,8
24,7,moe,664,37,5568,2171,2171,3128,196,0,73,0,634,8,4,4,8
24,8,moe,738,31,8799,3035,3035,5351,349,0,64,0,641,8,1,7,8
24,9,moe,819,34,12102,5264,5265,6323,406,0,108,0,752,8,1,7,8
24,10,moe,734,33,4367,1789,1789,2361,147,0,70,0,628,8,5,3,8
24,11,moe,659,31,9191,4262,4262,4575,297,0,57,0,625,8,2,6,8
24,12,moe,732,32,13033,7181,7181,5422,338,0,92,0,747,8,2,6,8
24,13,moe,797,31,7852,2799,2799,4676,291,0,86,0,629,8,2,6,8
24,14,moe,733,36,9956,5030,5030,4577,294,0,55,0,632,8,2,6,8
24,15,moe,642,36,12681,5855,5856,6324,397,0,104,0,745,8,1,7,8
24,16,moe,722,32,11350,4715,4716,6145,390,0,99,0,628,8,0,8,8
24,17,moe,799,30,5301,2015,2015,3042,203,0,41,0,633,8,4,4,8
24,18,moe,734,33,10023,5125,5125,4538,283,0,77,0,737,8,3,5,8
24,19,moe,652,34,7857,4469,4470,3119,196,0,72,0,619,8,4,4,8
24,20,moe,746,39,10173,5230,5230,4583,290,0,70,0,623,8,2,6,8
24,21,moe,795,31,8209,3309,3310,4540,281,0,78,0,747,8,3,5,8
24,22,moe,806,33,8854,4624,4624,3905,251,0,74,0,623,8,3,5,8
24,23,moe,648,33,9126,4220,4220,4541,286,0,79,0,741,8,3,5,8
24,24,moe,795,30,7810,3958,3958,3569,243,0,40,0,741,8,4,4,8
24,25,moe,824,30,4330,2400,2400,1780,122,0,28,0,745,8,6,2,8
24,26,moe,647,35,14449,7732,7732,6219,426,0,72,0,743,8,1,7,8
24,-1,epi,0,0,0,0,0,0,0,0,5826,0,0,0,0,0,0
25,-2,pre,220,0,0,0,0,0,0,0,0,0,0,0,0,0,0
25,0,dense,1460,36,0,0,0,0,0,0,0,0,0,0,0,0,0
25,1,moe,817,35,9,0,0,0,0,0,9,0,768,8,8,0,8
25,2,moe,745,29,1280,310,310,884,66,0,20,0,763,8,7,1,8
25,3,moe,665,28,6594,3704,3704,2666,186,0,38,0,753,8,5,3,8
25,4,moe,749,30,2156,1207,1207,844,49,0,56,0,625,8,7,1,8
25,5,moe,809,31,8,0,0,0,0,0,8,0,640,8,8,0,8
25,6,moe,746,30,2391,1271,1271,1018,57,0,45,0,751,8,7,1,8
25,7,moe,641,32,2040,1115,1115,826,49,0,50,0,628,8,7,1,8
25,8,moe,740,33,3023,1372,1372,1523,98,0,30,0,638,8,6,2,8
25,9,moe,814,32,1437,319,319,1017,59,0,42,0,748,8,7,1,8
25,10,moe,735,32,5821,3265,3266,2348,148,0,59,0,634,8,5,3,8
25,11,moe,656,27,14,0,0,0,0,0,14,0,640,8,8,0,8
25,12,moe,734,28,8,0,0,0,0,0,8,0,749,8,8,0,8
25,13,moe,815,30,1964,1126,1126,769,51,0,18,0,639,8,7,1,8
25,14,moe,745,28,3093,1437,1437,1528,98,0,30,0,636,8,6,2,8
25,15,moe,653,33,5052,2020,2020,2782,170,0,80,0,747,8,5,3,8
25,16,moe,736,30,3115,1369,1369,1594,97,0,55,0,634,8,6,2,8
25,17,moe,806,30,5731,3261,3262,2286,148,0,35,0,631,8,5,3,8
25,18,moe,729,29,4437,2369,2369,1897,111,0,60,0,749,8,6,2,8
25,19,moe,645,27,5792,3241,3241,2343,147,0,61,0,641,8,5,3,8
25,20,moe,748,31,1986,1134,1134,776,51,0,25,0,624,8,7,1,8
25,21,moe,804,31,6631,3617,3617,2779,172,0,63,0,755,8,5,3,8
25,22,moe,812,32,2035,1106,1106,823,51,0,55,0,629,8,7,1,8
25,23,moe,650,29,2289,1198,1198,984,59,0,48,0,753,8,7,1,8
25,24,moe,806,29,3512,1587,1587,1783,117,0,25,0,765,8,6,2,8
25,25,moe,810,33,1295,322,322,884,58,0,31,0,753,8,7,1,8
25,26,moe,651,30,1281,318,318,884,58,0,21,0,754,8,7,1,8
25,-1,epi,0,0,0,0,0,0,0,0,6036,0,0,0,0,0,0
26,-2,pre,215,0,0,0,0,0,0,0,0,0,0,0,0,0,0
26,0,dense,1494,32,0,0,0,0,0,0,0,0,0,0,0,0,0
26,1,moe,838,32,4244,1359,1359,2674,172,0,39,0,765,8,5,3,8
26,2,moe,754,32,6683,3815,3815,2662,168,0,38,0,755,8,5,3,8
26,3,moe,654,34,2571,665,665,1764,115,0,27,0,751,8,6,2,8
26,4,moe,775,34,5633,4689,4689,833,51,0,60,0,625,8,7,1,8
26,5,moe,812,35,9,0,0,0,0,0,9,0,632,8,8,0,8
26,6,moe,749,32,2407,1298,1298,997,61,0,51,0,774,8,7,1,8
26,7,moe,657,34,9,0,0,0,0,0,9,0,631,8,8,0,8
26,8,moe,737,33,2055,1126,1126,830,49,0,50,0,643,8,7,1,8
26,9,moe,810,33,9,0,0,0,0,0,9,0,753,8,8,0,8
26,10,moe,748,33,3823,2162,2162,1534,99,0,28,0,637,8,6,2,8
26,11,moe,648,33,3016,1356,1356,1535,97,0,28,0,631,8,6,2,8
26,12,moe,731,34,2290,1209,1209,978,58,0,45,0,751,8,7,1,8
26,13,moe,814,35,3946,2223,2223,1570,98,0,55,0,635,8,6,2,8
26,14,moe,732,34,4932,2458,2458,2291,148,0,35,0,636,8,5,3,8
26,15,moe,651,31,5844,2852,2852,2762,170,0,60,0,753,8,5,3,8
26,16,moe,739,32,3375,816,816,2347,148,0,64,0,633,8,5,3,8
26,17,moe,819,36,1988,1151,1151,765,53,0,19,0,628,8,7,1,8
26,18,moe,750,38,4897,1904,1904,2760,173,0,60,0,756,8,5,3,8
26,19,moe,665,31,6108,2681,2682,3153,200,0,73,0,637,8,4,4,8
26,20,moe,743,31,3616,1963,1963,1526,102,0,25,0,635,8,6,2,8
26,21,moe,820,34,3600,1539,1539,1889,115,0,57,0,755,8,6,2,8
26,22,moe,818,40,4224,1650,1650,2359,146,0,69,0,636,8,5,3,8
26,23,moe,654,33,8,0,0,0,0,0,8,0,746,8,8,0,8
26,24,moe,810,31,7661,2761,2761,4522,286,0,92,0,754,8,3,5,8
26,25,moe,809,36,2157,1189,1189,890,58,0,20,0,750,8,7,1,8
26,26,moe,660,33,5541,2684,2684,2657,168,0,32,0,755,8,5,3,8
26,-1,epi,0,0,0,0,0,0,0,0,5989,0,0,0,0,0,0
27,-2,pre,278,0,0,0,0,0,0,0,0,0,0,0,0,0,0
27,0,dense,1481,39,0,0,0,0,0,0,0,0,0,0,0,0,0
27,1,moe,828,33,10044,5192,5193,4475,330,0,46,0,767,8,3,5,8
27,2,moe,808,39,11018,4143,4144,6569,256,1,48,0,782,8,4,4,8
27,3,moe,800,39,13629,6900,6900,6256,401,0,72,0,766,8,1,7,8
27,4,moe,761,39,8932,3047,3047,5597,197,0,91,0,632,8,4,4,8
27,5,moe,822,44,10177,4402,4403,5527,198,0,49,0,629,8,4,4,8
27,6,moe,738,37,5850,2328,2328,3345,115,0,62,0,739,8,6,2,8
27,7,moe,644,44,5229,2201,2201,2872,98,0,58,0,622,8,6,2,8
27,8,moe,733,36,2596,1151,1151,1378,50,0,17,0,622,8,7,1,8
27,9,moe,807,38,8722,3561,3561,4925,171,0,65,0,743,8,5,3,8
27,10,moe,732,35,9598,3712,3712,5619,196,0,71,0,621,8,4,4,8
27,11,moe,644,32,9267,3522,3522,5507,195,0,43,0,629,8,4,4,8
27,12,moe,737,38,3590,1520,1521,1902,115,0,52,0,743,8,6,2,8
27,13,moe,811,34,7147,3740,3740,3123,200,0,84,0,638,8,4,4,8
27,14,moe,755,46,11964,4758,4758,6896,243,0,67,0,625,8,3,5,8
27,15,moe,653,36,14206,6422,6422,7219,458,0,107,0,745,8,0,8,8
27,16,moe,733,36,8015,3757,3757,3919,248,0,91,0,628,8,3,5,8
27,17,moe,812,35,6003,1673,1674,4143,153,0,33,0,622,8,5,3,8
27,18,moe,732,34,17202,6187,6189,10525,392,0,96,0,740,8,1,7,8
27,19,moe,673,35,9135,4922,4922,3883,249,0,81,0,611,8,3,5,8
27,20,moe,731,35,6383,3105,3105,3038,196,0,44,0,619,8,4,4,8
27,21,moe,800,34,7116,3143,3143,3654,231,0,88,0,749,8,4,4,8
27,22,moe,800,38,6276,2903,2903,3098,200,0,75,0,616,8,4,4,8
27,23,moe,644,32,3656,1604,1604,1887,117,0,48,0,738,8,6,2,8
27,24,moe,799,37,8689,2953,2953,5329,353,0,54,0,749,8,2,6,8
27,25,moe,804,33,8620,3830,3830,4446,296,0,48,0,746,8,3,5,8
27,26,moe,656,33,13896,3886,3886,9602,346,0,62,0,733,8,2,6,8
27,-1,epi,0,0,0,0,0,0,0,0,5799,0,0,0,0,0,0
28,-2,pre,219,0,0,0,0,0,0,0,0,0,0,0,0,0,0
28,0,dense,1460,42,0,0,0,0,0,0,0,0,0,0,0,0,0
28,1,moe,821,35,12528,6773,6773,5346,354,0,55,0,743,8,2,6,8
28,2,moe,727,33,10029,5221,5221,4457,299,0,52,0,771,8,3,5,8
28,3,moe,647,34,13373,6661,6662,6237,408,0,66,0,740,8,1,7,8
28,4,moe,732,35,3967,2192,2192,1602,99,0,74,0,620,8,6,2,8
28,5,moe,800,34,10187,4433,4433,5512,197,0,45,0,615,8,4,4,8
28,6,moe,740,39,7903,2713,2713,4955,172,0,63,0,740,8,5,3,8
28,7,moe,651,37,9576,3668,3668,5631,198,0,79,0,612,8,4,4,8
28,8,moe,728,33,5259,2786,2786,2285,151,0,37,0,625,8,5,3,8
28,9,moe,807,37,10975,6049,6049,4559,286,0,81,0,744,8,3,5,8
28,10,moe,734,35,13208,5866,5866,7008,249,0,85,0,612,8,3,5,8
28,11,moe,645,37,5946,1619,1619,4143,149,0,35,0,615,8,5,3,8
28,12,moe,727,33,2369,1292,1292,978,59,0,40,0,737,8,7,1,8
28,13,moe,802,35,7193,3831,3831,3098,199,0,65,0,613,8,4,4,8
28,14,moe,727,36,6092,2789,2790,3056,202,0,44,0,623,8,4,4,8
28,15,moe,644,35,6758,3727,3727,2781,178,0,72,0,741,8,5,3,8
28,16,moe,737,36,13737,5006,5006,8341,293,0,97,0,615,8,2,6,8
28,17,moe,789,35,7921,4607,4607,3049,195,0,70,0,613,8,4,4,8
28,18,moe,738,35,5144,2142,2142,2760,170,0,72,0,741,8,5,3,8
28,19,moe,639,33,10370,4477,4478,5621,195,0,76,0,619,8,4,4,8
28,20,moe,720,34,7570,3250,3251,4139,146,0,34,0,613,8,5,3,8
28,21,moe,792,34,8004,2758,2759,5009,168,0,68,0,730,8,5,3,8
28,22,moe,806,37,6445,3030,3030,3139,196,0,80,0,614,8,4,4,8
28,23,moe,638,34,4618,2566,2566,1879,121,0,52,0,728,8,6,2,8
28,24,moe,800,34,6502,3624,3624,2665,175,0,38,0,737,8,5,3,8
28,25,moe,803,35,5750,2888,2888,2654,171,0,37,0,739,8,5,3,8
28,26,moe,651,33,6384,3521,3521,2654,171,0,38,0,734,8,5,3,8
28,-1,epi,0,0,0,0,0,0,0,0,5815,0,0,0,0,0,0
29,-2,pre,212,0,0,0,0,0,0,0,0,0,0,0,0,0,0
29,0,dense,1441,54,0,0,0,0,0,0,0,0,0,0,0,0,0
29,1,moe,811,215,13846,6965,6966,6572,251,0,57,0,775,8,4,4,8
29,2,moe,747,41,10067,5273,5273,4449,293,0,52,0,758,8,3,5,8
29,3,moe,653,36,8858,5043,5043,3545,224,0,46,0,746,8,4,4,8
29,4,moe,739,36,7725,3239,3239,4250,150,0,86,0,619,8,5,3,8
29,5,moe,808,38,5971,3478,3479,2297,149,0,46,0,626,8,5,3,8
29,6,moe,729,37,13159,7234,7234,5482,345,0,98,0,752,8,2,6,8
29,7,moe,644,34,7791,3295,3295,4272,151,0,73,0,613,8,5,3,8
29,8,moe,731,38,10683,6540,6541,3830,251,1,60,0,622,8,3,5,8
29,9,moe,800,37,3589,1523,1523,1883,117,0,66,0,741,8,6,2,8
29,10,moe,748,36,7497,3040,3040,4212,148,0,97,0,626,8,5,3,8
29,11,moe,649,35,4967,2503,2503,2277,148,0,39,0,618,8,5,3,8
29,12,moe,731,36,2320,1223,1223,1000,55,0,42,0,739,8,7,1,8
29,13,moe,805,34,6923,2475,2477,4222,149,0,75,0,626,8,5,3,8
29,14,moe,750,36,3300,818,818,2289,151,0,42,0,620,8,5,3,8
29,15,moe,657,37,3626,1578,1578,1880,116,0,52,0,742,8,6,2,8
29,16,moe,767,62,4468,1886,1887,2370,145,0,66,0,620,8,5,3,8
29,17,moe,819,37,5991,2710,2710,3038,198,0,45,0,626,8,4,4,8
29,18,moe,757,88,7472,3492,3492,3653,234,0,93,0,749,8,4,4,8
29,19,moe,651,41,6041,3473,3473,2347,147,0,74,0,627,8,5,3,8
29,20,moe,737,38,6382,3817,3817,2366,160,0,39,0,643,8,5,3,8
29,21,moe,5455,42,10167,3280,3280,6581,229,0,77,0,738,8,4,4,8
29,22,moe,844,61,6030,2998,2998,2835,102,0,95,0,652,8,6,2,8
29,23,moe,690,60,14229,5732,5732,8125,283,0,89,0,738,8,3,5,8
29,24,moe,799,37,7746,3936,3936,3539,224,0,47,0,741,8,4,4,8
29,25,moe,800,34,7835,3980,3980,3578,228,0,49,0,736,8,4,4,8
29,26,moe,640,37,9409,4356,4356,4499,497,0,57,0,793,8,3,5,8
29,-1,epi,0,0,0,0,0,0,0,0,5877,0,0,0,0,0,0
30,-2,pre,194,0,0,0,0,0,0,0,0,0,0,0,0,0,0
30,0,dense,1468,36,0,0,0,0,0,0,0,0,0,0,0,0,0
30,1,moe,836,33,13431,7633,7634,5387,353,0,57,0,766,8,2,6,8
30,2,moe,755,51,9468,4351,4351,4896,180,0,41,0,776,8,5,3,8
30,3,moe,662,74,16039,10078,10078,5539,339,0,83,0,763,8,2,6,8
30,4,moe,733,35,9635,3734,3734,5612,204,1,84,0,621,8,4,4,8
30,5,moe,803,43,3498,620,620,2750,99,0,29,0,625,8,6,2,8
30,6,moe,739,32,2345,1240,1240,999,58,0,48,0,745,8,7,1,8
30,7,moe,660,33,7833,3421,3422,4206,147,0,58,0,614,8,5,3,8
30,8,moe,728,31,4535,1646,1646,2759,101,0,29,0,620,8,6,2,8
30,9,moe,798,30,7135,1936,1936,4956,169,0,74,0,739,8,5,3,8
30,10,moe,726,33,13035,4290,4290,8352,294,0,99,0,616,8,2,6,8
30,11,moe,640,29,7600,3279,3279,4142,146,0,33,0,618,8,5,3,8
30,12,moe,730,30,14996,6500,6500,8127,282,1,86,0,763,8,3,5,8
30,13,moe,811,38,8766,2906,2906,5572,202,0,86,0,612,8,4,4,8
30,14,moe,743,33,10106,5990,5991,3819,248,0,48,0,616,8,3,5,8
30,15,moe,647,34,7332,3347,3347,3675,230,0,80,0,737,8,4,4,8
30,16,moe,735,32,7124,3731,3731,3119,198,0,76,0,636,8,4,4,8
30,17,moe,794,31,9182,5066,5066,3823,245,1,47,0,623,8,3,5,8
30,18,moe,729,31,17755,5773,5774,11460,412,0,109,0,730,8,1,7,8
30,19,moe,658,33,16223,7480,7480,8335,303,0,105,0,610,8,2,6,8
30,20,moe,733,33,19701,9655,9655,9629,349,0,68,0,611,8,1,7,8
30,21,moe,792,33,11004,6076,6076,4547,286,0,95,0,732,8,3,5,8
30,22,moe,794,32,10992,5925,5925,4662,301,0,104,0,610,8,2,6,8
30,23,moe,647,35,10684,5665,5665,4608,311,0,100,0,793,8,3,5,8
30,24,moe,789,36,11665,4960,4960,6227,404,0,74,0,754,8,1,7,8
30,25,moe,803,36,12116,3713,3713,8062,283,0,58,0,734,8,3,5,8
30,26,moe,649,35,19229,7749,7750,10323,1082,1,73,0,750,8,1,7,8
30,-1,epi,0,0,0,0,0,0,0,0,5742,0,0,0,0,0,0
31,-2,pre,213,0,0,0,0,0,0,0,0,0,0,0,0,0,0
31,0,dense,1449,34,0,0,0,0,0,0,0,0,0,0,0,0,0
31,1,moe,821,36,15301,8630,8630,6212,398,0,61,0,745,8,1,7,8
31,2,moe,725,33,13076,7353,7354,5314,343,0,65,0,740,8,2,6,8
31,3,moe,670,34,15544,8854,8854,6224,397,0,69,0,740,8,1,7,8
31,4,moe,723,33,10472,4567,4567,5618,200,0,87,0,619,8,4,4,8
31,5,moe,802,32,6136,1811,1811,4144,148,0,33,0,616,8,5,3,8
31,6,moe,730,30,10973,4079,4079,6579,231,0,84,0,737,8,4,4,8
31,7,moe,642,29,7585,4198,4198,3121,194,0,72,0,611,8,4,4,8
31,8,moe,728,31,7985,4685,4685,3066,194,0,40,0,606,8,4,4,8
31,9,moe,796,34,12365,3814,3814,8169,283,0,99,0,730,8,3,5,8
31,10,moe,737,36,9644,5394,5394,3906,249,0,95,0,607,8,3,5,8
31,11,moe,660,31,12274,6509,6509,5340,350,0,75,0,664,8,1,7,8
31,12,moe,748,33,8930,3729,3730,4949,174,0,77,0,726,8,5,3,8
31,13,moe,794,34,9848,5601,5603,3883,251,0,111,0,659,8,3,5,8
31,14,moe,774,55,8480,5162,5162,3042,206,0,70,0,612,8,4,4,8
31,15,moe,646,30,16496,6322,6323,9724,345,0,104,0,725,8,2,6,8
31,16,moe,733,31,10911,4213,4213,6192,397,0,109,0,616,8,0,8,8
31,17,moe,798,31,11939,6181,6181,5348,342,0,68,0,611,8,1,7,8
31,18,moe,716,31,16043,5031,5031,10499,403,0,110,0,727,8,1,7,8
31,19,moe,649,32,9083,4051,4051,4642,295,0,95,0,611,8,2,6,8
31,20,moe,729,32,8453,4327,4328,3825,249,0,51,0,610,8,3,5,8
31,21,moe,789,32,7979,4025,4025,3640,229,0,85,0,731,8,4,4,8
31,22,moe,796,31,11299,3986,3986,6984,244,0,85,0,615,8,3,5,8
31,23,moe,656,30,16274,6136,6136,9710,340,0,88,0,725,8,2,6,8
31,24,moe,800,34,13993,6387,6387,7080,454,0,72,0,735,8,0,8,8
31,25,moe,792,31,18068,6269,6269,11337,394,0,68,0,734,8,1,7,8
31,26,moe,655,31,16629,5301,5302,10363,901,0,63,0,729,8,1,7,8
31,-1,epi,0,0,0,0,0,0,0,0,5709,0,0,0,0,0,0
32,-2,pre,1398,0,0,0,0,0,0,0,0,0,0,0,0,0,0
32,0,dense,1428,41,0,0,0,0,0,0,0,0,0,0,0,0,0
32,1,moe,812,34,10767,5956,5956,4467,290,0,54,0,734,8,3,5,8
32,2,moe,732,35,5962,3096,3096,2657,173,0,36,0,740,8,5,3,8
32,3,moe,647,34,16347,6315,6317,9620,341,0,69,0,727,8,2,6,8
32,4,moe,724,34,6284,2883,2883,3125,196,0,80,0,603,8,4,4,8
32,5,moe,792,35,5933,1595,1595,4155,147,0,36,0,606,8,5,3,8
32,6,moe,722,46,5386,1850,1850,3364,113,0,59,0,724,8,6,2,8
32,7,moe,641,32,7710,3248,3248,4243,150,0,69,0,608,8,5,3,8
32,8,moe,727,35,6877,2554,2554,4141,146,0,36,0,604,8,5,3,8
32,9,moe,793,34,7145,1951,1951,4963,168,0,63,0,727,8,5,3,8
32,10,moe,721,35,8677,2759,2760,5636,199,0,82,0,601,8,4,4,8
32,11,moe,639,34,10402,3118,3118,6962,267,0,55,0,674,8,3,5,8
32,12,moe,713,36,9998,3001,3003,6654,253,0,88,0,752,8,4,4,8
32,13,moe,808,39,7949,3477,3477,4241,149,0,82,0,610,8,5,3,8
32,14,moe,739,36,6993,2660,2660,4148,150,0,35,0,607,8,5,3,8
32,15,moe,636,34,10068,3181,3181,6590,223,0,74,0,723,8,4,4,8
32,16,moe,729,35,7391,3176,3176,3879,245,0,91,0,617,8,3,5,8
32,17,moe,791,36,7190,3087,3087,3804,246,0,53,0,622,8,3,5,8
32,18,moe,729,43,15107,4854,4854,9806,344,1,102,0,737,8,2,6,8
32,19,moe,643,36,15548,6782,6782,8380,297,0,89,0,604,8,2,6,8
32,20,moe,720,34,7771,3425,3425,4161,151,0,34,0,598,8,5,3,8
32,21,moe,787,38,14591,6017,6017,8199,284,0,91,0,727,8,3,5,8
32,22,moe,787,36,14701,5959,5959,8355,296,0,91,0,598,8,2,6,8
32,23,moe,635,35,8778,4829,4829,3651,224,0,74,0,734,8,4,4,8
32,24,moe,797,36,13973,3856,3857,9708,342,0,66,0,729,8,2,6,8
32,25,moe,794,37,12658,4259,4259,8064,286,0,49,0,721,8,3,5,8
32,26,moe,639,33,11648,4795,4795,6438,372,0,43,0,771,8,4,4,8
32,-1,epi,0,0,0,0,0,0,0,0,5696,0,0,0,0,0,0
33,-2,pre,221,0,0,0,0,0,0,0,0,0,0,0,0,0,0
33,0,dense,1440,39,0,0,0,0,0,0,0,0,0,0,0,0,0
33,1,moe,810,34,13627,5227,5227,8066,284,0,50,0,740,8,3,5,8
33,2,moe,722,35,8686,3633,3633,4840,173,0,40,0,721,8,5,3,8
33,3,moe,639,39,5779,2419,2419,3220,114,0,26,0,728,8,6,2,8
33,4,moe,726,33,5309,2255,2255,2886,97,0,71,0,610,8,6,2,8
33,5,moe,791,35,5078,2192,2192,2760,99,0,27,0,608,8,6,2,8
33,6,moe,718,33,8810,3583,3583,4975,168,0,84,0,735,8,5,3,8
33,7,moe,642,31,1842,262,262,1483,49,0,48,0,606,8,7,1,8
33,8,moe,722,33,5010,2536,2536,2290,147,0,37,0,605,8,5,3,8
33,9,moe,799,34,3656,1604,1604,1886,112,0,54,0,732,8,6,2,8
33,10,moe,729,32,7066,3677,3677,3107,197,0,85,0,609,8,4,4,8
33,11,moe,642,35,5920,1602,1602,4128,149,0,41,0,611,8,5,3,8
33,12,moe,721,35,11794,4899,4899,6588,229,0,78,0,724,8,4,4,8
33,13,moe,790,37,4464,1437,1437,2861,104,0,62,0,613,8,6,2,8
33,14,moe,733,37,8505,2724,2724,5525,200,0,56,0,612,8,4,4,8
33,15,moe,637,34,8141,1231,1231,6607,230,0,73,0,727,8,4,4,8
33,16,moe,728,34,6284,1858,1858,4205,148,1,72,0,612,8,5,3,8
33,17,moe,802,36,5310,2025,2025,3045,196,0,44,0,612,8,4,4,8
33,18,moe,729,37,5718,2725,2726,2759,169,0,64,0,732,8,5,3,8
33,19,moe,644,35,6386,1923,1923,4243,150,0,70,0,614,8,5,3,8
33,20,moe,725,35,16315,6298,6299,9599,355,1,61,0,602,8,1,7,8
33,21,moe,795,36,15003,6395,6395,8237,280,0,91,0,720,8,3,5,8
33,22,moe,5002,35,6079,1620,1620,4239,150,0,70,0,608,8,5,3,8
33,23,moe,651,37,5879,2332,2332,3368,117,0,62,0,728,8,6,2,8
33,24,moe,789,36,2001,315,315,1606,59,0,21,0,728,8,7,1,8
33,25,moe,795,39,4445,2539,2539,1767,114,0,25,0,734,8,6,2,8
33,26,moe,635,35,9,0,0,0,0,0,9,0,828,8,8,0,8
33,-1,epi,0,0,0,0,0,0,0,0,5795,0,0,0,0,0,0
34,-2,pre,219,0,0,0,0,0,0,0,0,0,0,0,0,0,0
34,0,dense,1442,38,0,0,0,0,0,0,0,0,0,0,0,0,0
34,1,moe,821,38,7367,2612,2612,4427,283,0,45,0,744,8,3,5,8
34,2,moe,741,36,9264,2541,2542,6451,228,0,43,0,740,8,4,4,8
34,3,moe,655,34,7423,3615,3616,3545,225,0,37,0,732,8,4,4,8
34,4,moe,721,33,6130,1655,1655,4252,153,0,70,0,610,8,5,3,8
34,5,moe,800,39,3899,2246,2246,1529,97,0,27,0,625,8,6,2,8
34,6,moe,725,34,4973,1916,1917,2809,182,0,65,0,737,8,5,3,8
34,7,moe,658,34,4280,1682,1682,2373,155,1,69,0,642,8,5,3,8
34,8,moe,729,38,1741,260,260,1400,63,0,18,0,644,8,7,1,8
34,9,moe,777,40,9,0,0,0,0,1,8,0,739,8,8,0,8
34,10,moe,708,37,2406,683,683,1573,110,0,40,0,655,8,6,2,8
34,11,moe,761,52,5868,2238,2238,3353,218,0,59,0,650,8,4,4,8
34,12,moe,751,42,6917,1904,1904,4625,307,0,81,0,729,8,3,5,8
34,13,moe,826,42,1210,263,263,830,59,0,58,0,625,8,7,1,8
34,14,moe,737,42,6000,2714,2716,3043,194,0,47,0,634,8,4,4,8
34,15,moe,649,36,5087,2034,2035,2794,190,0,68,0,743,8,5,3,8
34,16,moe,736,43,8989,2986,2986,5680,222,0,101,0,626,8,4,4,8
34,17,moe,794,38,8018,3908,3908,3807,245,0,58,0,642,8,3,5,8
34,18,moe,743,40,7644,2695,2695,4556,284,0,109,0,757,8,3,5,8
34,19,moe,656,35,6345,2942,2944,3117,200,0,84,0,630,8,4,4,8
34,20,moe,735,38,7268,2932,2932,4151,147,0,38,0,616,8,5,3,8
34,21,moe,798,36,11652,4740,4740,6604,223,0,85,0,736,8,4,4,8
34,22,moe,802,36,9109,3251,3251,5575,197,0,86,0,608,8,4,4,8
34,23,moe,655,35,5964,2455,2455,3344,111,0,54,0,748,8,6,2,8
34,24,moe,801,36,12353,3946,3946,8073,281,0,53,0,736,8,3,5,8
34,25,moe,795,35,7776,2725,2725,4840,170,0,41,0,733,8,5,3,8
34,26,moe,656,34,8169,4165,4165,3555,404,0,45,0,734,8,4,4,8
34,-1,epi,0,0,0,0,0,0,0,0,5777,0,0,0,0,0,0
35,-2,pre,1395,0,0,0,0,0,0,0,0,0,0,0,0,0,0
35,0,dense,1450,39,0,0,0,0,0,0,0,0,0,0,0,0,0
35,1,moe,808,34,10560,5779,5779,4445,287,0,49,0,744,8,3,5,8
35,2,moe,727,34,8037,4183,4183,3570,233,0,51,0,742,8,4,4,8
35,3,moe,650,31,6359,3489,3489,2666,170,0,34,0,742,8,5,3,8
35,4,moe,726,34,6922,2507,2507,4190,150,0,75,0,614,8,5,3,8
35,5,moe,792,36,3086,1423,1423,1532,105,1,25,0,615,8,6,2,8
35,6,moe,728,35,3038,1199,1199,1739,59,0,41,0,734,8,7,1,8
35,7,moe,652,34,3564,571,571,2838,103,0,52,0,612,8,6,2,8
35,8,moe,738,35,3404,528,528,2748,103,0,25,0,621,8,6,2,8
35,9,moe,807,36,5885,2852,2853,2805,174,0,53,0,736,8,5,3,8
35,10,moe,741,35,10338,4441,4441,5611,194,0,92,0,613,8,4,4,8
35,11,moe,638,33,5123,2230,2230,2770,98,0,25,0,611,8,6,2,8
35,12,moe,734,36,10032,3159,3159,6563,225,1,84,0,731,8,4,4,8
35,13,moe,792,34,3148,1400,1400,1595,98,0,55,0,613,8,6,2,8
35,14,moe,741,37,7302,3197,3197,3806,245,0,54,0,621,8,3,5,8
35,15,moe,636,34,4865,1843,1843,2776,174,0,72,0,730,8,5,3,8
35,16,moe,725,34,5252,2689,2689,2345,151,0,67,0,615,8,5,3,8
35,17,moe,798,38,6305,3001,3001,3061,198,0,45,0,619,8,4,4,8
35,18,moe,725,35,9257,2346,2346,6596,229,0,86,0,734,8,4,4,8
35,19,moe,646,41,7018,3604,3604,3136,201,0,77,0,611,8,4,4,8
35,20,moe,723,30,8272,4173,4173,3802,245,0,52,0,616,8,3,5,8
35,21,moe,793,33,4603,2560,2560,1870,116,0,57,0,732,8,6,2,8
35,22,moe,793,30,11245,3891,3891,7005,249,0,100,0,606,8,3,5,8
35,23,moe,645,30,10025,5147,5147,4516,285,0,77,0,742,8,3,5,8
35,24,moe,794,32,6567,3688,3688,2671,171,0,37,0,737,8,5,3,8
35,25,moe,800,46,7788,3968,3968,3543,226,0,51,0,735,8,4,4,8
35,26,moe,647,29,16221,7993,7993,7099,1059,0,70,0,735,8,0,8,8
35,-1,epi,0,0,0,0,0,0,0,0,5757,0,0,0,0,0,0
36,-2,pre,225,0,0,0,0,0,0,0,0,0,0,0,0,0,0
36,0,dense,1441,34,0,0,0,0,0,0,0,0,0,0,0,0,0
36,1,moe,816,31,12841,6175,6175,6207,396,0,63,0,746,8,1,7,8
36,2,moe,744,33,2929,1242,1242,1609,59,0,19,0,730,8,7,1,8
36,3,moe,663,31,10627,3902,3903,6451,233,0,40,0,729,8,4,4,8
36,4,moe,725,29,5186,2150,2150,2860,102,0,74,0,612,8,6,2,8
36,5,moe,802,30,4031,2375,2375,1530,99,0,27,0,620,8,6,2,8
36,6,moe,734,29,3583,1527,1527,1878,116,0,62,0,734,8,6,2,8
36,7,moe,654,30,6126,2733,2733,3107,196,0,90,0,618,8,4,4,8
36,8,moe,728,28,9,0,1,0,0,0,8,0,611,8,8,0,8
36,9,moe,806,32,4463,2421,2421,1864,114,1,63,0,735,8,6,2,8
36,10,moe,734,27,3944,2183,2183,1596,97,0,68,0,613,8,6,2,8
36,11,moe,642,28,1100,273,273,758,49,0,20,0,628,8,7,1,8
36,12,moe,730,28,7862,3925,3925,3643,222,0,72,0,736,8,4,4,8
36,13,moe,817,30,3924,2173,2173,1588,97,0,66,0,618,8,6,2,8
36,14,moe,727,29,5862,3402,3402,2280,147,0,33,0,618,8,5,3,8
36,15,moe,647,30,5651,2668,2668,2752,170,0,61,0,733,8,5,3,8
36,16,moe,729,28,4310,1716,1716,2365,148,0,81,0,630,8,5,3,8
36,17,moe,818,30,8034,3900,3900,3826,260,0,48,0,649,8,3,5,8
36,18,moe,726,28,5685,2670,2670,2769,171,0,75,0,744,8,5,3,8
36,19,moe,647,27,7339,3934,3935,3122,200,0,82,0,617,8,4,4,8
36,20,moe,726,29,7442,4158,4158,3049,195,0,40,0,615,8,4,4,8
36,21,moe,792,31,8889,4919,4919,3661,230,0,79,0,735,8,4,4,8
36,22,moe,798,28,9706,5476,5476,3886,246,0,98,0,623,8,3,5,8
36,23,moe,644,29,8748,4699,4699,3726,257,0,66,0,747,8,4,4,8
36,24,moe,790,38,7776,3862,3863,3614,251,0,48,0,742,8,4,4,8
36,25,moe,794,36,13583,5164,5165,8067,289,0,62,0,734,8,3,5,8
36,26,moe,649,44,4892,2012,2012,2667,171,0,42,0,743,8,5,3,8
36,-1,epi,0,0,0,0,0,0,0,0,5811,0,0,0,0,0,0
37,-2,pre,232,0,0,0,0,0,0,0,0,0,0,0,0,0,0
37,0,dense,1460,33,0,0,0,0,0,0,0,0,0,0,0,0,0
37,1,moe,820,30,6259,2455,2457,3534,226,0,42,0,751,8,4,4,8
37,2,moe,731,29,5664,2797,2798,2658,169,0,39,0,747,8,5,3,8
37,3,moe,651,28,5601,2745,2745,2653,168,0,35,0,736,8,5,3,8
37,4,moe,731,30,6189,2796,2796,3098,199,0,96,0,627,8,4,4,8
37,5,moe,798,29,5827,3364,3365,2277,149,0,36,0,615,8,5,3,8
37,6,moe,727,30,9,0,0,0,0,0,9,0,732,8,8,0,8
37,7,moe,659,30,3782,2136,2136,1522,98,0,26,0,618,8,6,2,8
37,8,moe,731,29,5767,3311,3312,2275,146,0,34,0,638,8,5,3,8
37,9,moe,822,33,4394,2328,2328,1888,115,0,63,0,730,8,6,2,8
37,10,moe,729,35,2091,1145,1145,839,51,0,56,0,621,8,7,1,8
37,11,moe,659,50,5851,2551,2551,3056,194,0,50,0,617,8,4,4,8
37,12,moe,736,35,8211,4237,4237,3665,226,1,82,0,743,8,4,4,8
37,13,moe,799,30,3214,1428,1428,1626,98,0,62,0,616,8,6,2,8
37,14,moe,729,30,5047,2588,2588,2282,145,0,32,0,621,8,5,3,8
37,15,moe,651,27,7966,3965,3965,3698,223,0,80,0,735,8,4,4,8
37,16,moe,726,29,7194,3806,3806,3108,198,1,81,0,620,8,4,4,8
37,17,moe,800,29,8804,4707,4707,3809,244,0,44,0,621,8,3,5,8
37,18,moe,735,36,3647,1595,1595,1864,112,0,76,0,734,8,6,2,8
37,19,moe,657,28,6120,2730,2731,3107,196,0,86,0,624,8,4,4,8
37,20,moe,733,34,1462,631,631,762,49,0,20,0,611,8,7,1,8
37,21,moe,799,30,3729,1666,1666,1890,115,0,58,0,736,8,6,2,8
37,22,moe,798,30,7401,2953,2953,4219,151,0,78,0,613,8,5,3,8
37,23,moe,657,30,8688,4759,4760,3629,225,0,74,0,737,8,4,4,8
37,24,moe,812,29,13187,7470,7470,5324,335,0,58,0,732,8,2,6,8
37,25,moe,808,33,10786,6008,6008,4446,282,0,50,0,741,8,3,5,8
37,26,moe,661,28,12141,6431,6431,5309,339,1,61,0,730,8,2,6,8
37,-1,epi,0,0,0,0,0,0,0,0,5782,0,0,0,0,0,0
38,-2,pre,1130,0,0,0,0,0,0,0,0,0,0,0,0,0,0
38,0,dense,1449,44,0,0,0,0,0,0,0,0,0,0,0,0,0
38,1,moe,822,33,9760,5924,5924,3564,229,0,43,0,738,8,4,4,8
38,2,moe,731,33,9,0,0,0,0,0,9,0,730,8,8,0,8
38,3,moe,646,31,5681,2804,2804,2673,169,0,35,0,745,8,5,3,8
38,4,moe,745,39,2136,1172,1172,849,50,0,65,0,619,8,7,1,8
38,5,moe,808,34,2614,1152,1152,1393,51,0,18,0,618,8,7,1,8
38,6,moe,737,38,3045,1158,1158,1779,59,0,49,0,740,8,7,1,8
38,7,moe,649,33,9,0,0,0,0,0,9,0,628,8,8,0,8
38,8,moe,750,36,4558,1526,1526,2864,100,0,68,0,628,8,6,2,8
38,9,moe,809,34,2428,1304,1304,1016,57,0,51,0,730,8,7,1,8
38,10,moe,725,33,2216,1275,1275,841,50,0,50,0,615,8,7,1,8
38,11,moe,645,32,5702,3230,3230,2291,145,0,36,0,628,8,5,3,8
38,12,moe,739,36,9,0,0,0,0,0,9,0,738,8,8,0,8
38,13,moe,803,34,9,0,0,0,0,0,9,0,622,8,8,0,8
38,14,moe,737,33,2611,1161,1161,1378,51,0,21,0,626,8,7,1,8
38,15,moe,656,33,5769,2747,2747,2776,169,0,77,0,746,8,5,3,8
38,16,moe,740,36,7023,3628,3628,3117,197,0,81,0,621,8,4,4,8
38,17,moe,797,34,6105,2809,2809,3049,196,0,51,0,624,8,4,4,8
38,18,moe,731,34,8,0,0,0,0,0,8,0,733,8,8,0,8
38,19,moe,645,31,3853,2200,2201,1526,100,0,26,0,631,8,6,2,8
38,20,moe,730,33,5717,3258,3258,2280,145,0,34,0,624,8,5,3,8
38,21,moe,812,34,7844,3834,3835,3694,225,0,90,0,738,8,4,4,8
38,22,moe,799,33,5886,3321,3321,2342,147,0,76,0,614,8,5,3,8
38,23,moe,663,32,10075,5189,5189,4514,284,0,88,0,738,8,3,5,8
38,24,moe,797,35,7757,3932,3932,3556,224,0,45,0,743,8,4,4,8
38,25,moe,804,32,4026,2101,2101,1780,117,0,28,0,737,8,6,2,8
38,26,moe,654,32,11728,5014,5014,6439,232,0,43,0,731,8,4,4,8
38,-1,epi,0,0,0,0,0,0,0,0,5838,0,0,0,0,0,0
39,-2,pre,200,0,0,0,0,0,0,0,0,0,0,0,0,0,0
39,0,dense,1458,44,0,0,0,0,0,0,0,0,0,0,0,0,0
39,1,moe,869,40,5897,2484,2484,3261,116,0,36,0,743,8,6,2,8
39,2,moe,740,42,12077,5298,5298,6498,236,0,45,0,729,8,4,4,8
39,3,moe,643,34,7871,4032,4032,3568,226,0,45,0,734,8,4,4,8
39,4,moe,733,35,8111,4664,4664,3163,200,0,84,0,612,8,4,4,8
39,5,moe,826,36,1199,313,313,810,56,0,20,0,639,8,7,1,8
39,6,moe,740,35,1401,304,304,980,66,0,51,0,781,8,7,1,8
39,7,moe,709,36,7935,3432,3432,4275,154,0,74,0,630,8,5,3,8
39,8,moe,751,37,7729,3355,3355,4186,153,0,35,0,611,8,5,3,8
39,9,moe,805,36,9293,4297,4299,4613,290,0,91,0,742,8,3,5,8
39,10,moe,728,37,4172,2433,2433,1571,99,0,69,0,609,8,6,2,8
39,11,moe,649,43,6770,3474,3475,3044,201,0,50,0,619,8,4,4,8
39,12,moe,733,38,6748,3747,3747,2759,169,0,73,0,727,8,5,3,8
39,13,moe,793,35,3400,825,825,2356,146,0,73,0,616,8,5,3,8
39,14,moe,734,32,2669,1177,1177,1412,61,0,19,0,708,8,7,1,8
39,15,moe,657,42,11780,5776,5777,5516,374,0,113,0,859,8,2,6,8
39,16,moe,713,40,7720,3235,3235,4243,152,0,90,0,621,8,5,3,8
39,17,moe,817,38,9388,3620,3621,5520,201,1,45,0,618,8,4,4,8
39,18,moe,727,38,8291,1429,1429,6555,231,0,76,0,738,8,4,4,8
39,19,moe,649,38,11252,3969,3969,6961,243,0,79,0,610,8,3,5,8
39,20,moe,733,34,10171,4389,4389,5537,199,0,46,0,607,8,4,4,8
39,21,moe,799,36,13673,5068,5068,8189,285,0,131,0,729,8,3,5,8
39,22,moe,791,39,11797,4433,4433,7008,245,0,111,0,609,8,3,5,8
39,23,moe,646,35,17341,7200,7200,9688,344,0,109,0,724,8,2,6,8
39,24,moe,801,37,12293,6578,6579,5310,340,0,64,0,724,8,2,6,8
39,25,moe,795,36,13204,6515,6515,6219,392,0,78,0,740,8,1,7,8
39,26,moe,642,35,11599,4859,4859,6463,228,0,49,0,724,8,4,4,8
39,-1,epi,0,0,0,0,0,0,0,0,5744,0,0,0,0,0,0
40,-2,pre,212,0,0,0,0,0,0,0,0,0,0,0,0,0,0
40,0,dense,1439,39,0,0,0,0,0,0,0,0,0,0,0,0,0
40,1,moe,805,36,6006,2629,2629,3223,118,0,36,0,741,8,6,2,8
40,2,moe,739,36,5853,2483,2483,3226,116,0,28,0,729,8,6,2,8
40,3,moe,639,32,16359,6241,6241,9712,341,0,65,0,721,8,2,6,8
40,4,moe,729,36,6047,3427,3427,2372,149,0,99,0,607,8,5,3,8
40,5,moe,795,35,6145,1814,1814,4137,150,0,44,0,605,8,5,3,8
40,6,moe,726,37,5067,1524,1524,3367,113,0,63,0,723,8,6,2,8
40,7,moe,650,36,9695,3800,3800,5612,196,0,87,0,603,8,4,4,8
40,8,moe,730,37,2014,1179,1179,766,50,0,19,0,602,8,7,1,8
40,9,moe,812,35,3155,1273,1273,1774,59,0,49,0,731,8,7,1,8
40,10,moe,729,34,9545,3643,3645,5610,198,0,92,0,611,8,4,4,8
40,11,moe,637,33,5052,2145,2145,2779,101,1,26,0,607,8,6,2,8
40,12,moe,718,34,3016,1210,1210,1705,58,0,43,0,726,8,7,1,8
40,13,moe,794,35,10295,4352,4352,5649,200,0,94,0,611,8,4,4,8
40,14,moe,730,34,7592,3261,3261,4137,150,0,44,0,610,8,5,3,8
40,15,moe,638,35,10761,3892,3892,6555,227,0,87,0,722,8,4,4,8
40,16,moe,733,37,6174,1690,1690,4261,147,0,76,0,602,8,5,3,8
40,17,moe,802,34,3131,1479,1479,1523,98,0,31,0,610,8,6,2,8
40,18,moe,749,35,10947,4040,4040,6603,224,0,80,0,736,8,4,4,8
40,19,moe,641,31,7123,2617,2617,4274,149,0,83,0,594,8,5,3,8
40,20,moe,728,34,10398,4616,4616,5541,197,0,44,0,599,8,4,4,8
40,21,moe,787,33,8871,3662,3662,4964,167,0,78,0,716,8,5,3,8
40,22,moe,804,37,5224,2211,2211,2844,99,0,70,0,596,8,6,2,8
40,23,moe,647,36,14717,6190,6190,8154,280,0,93,0,727,8,3,5,8
40,24,moe,795,204,17712,10979,10979,6458,224,0,51,0,713,8,4,4,8
40,25,moe,787,35,12231,3815,3815,8076,281,0,59,0,719,8,3,5,8
40,26,moe,656,32,12620,4240,4240,8043,282,1,54,0,719,8,3,5,8
40,-1,epi,0,0,0,0,0,0,0,0,5705,0,0,0,0,0,0
41,-2,pre,50,0,0,0,0,0,0,0,0,0,0,0,0,0,0
41,0,dense,1474,38,0,0,0,0,0,0,0,0,0,0,0,0,0
41,1,moe,818,38,6785,3918,3919,2659,169,0,38,0,732,8,5,3,8
41,2,moe,727,35,10771,4054,4054,6441,224,0,52,0,724,8,4,4,8
41,3,moe,657,34,8740,3587,3587,4931,170,0,52,0,783,8,5,3,8
41,4,moe,727,39,7828,3338,3339,4263,145,0,81,0,611,8,5,3,8
41,5,moe,803,37,10434,4664,4664,5527,195,0,48,0,604,8,4,4,8
41,6,moe,714,35,8103,2915,2916,4942,167,0,78,0,719,8,5,3,8
41,7,moe,647,33,9,0,0,0,0,0,9,0,608,8,8,0,8
41,8,moe,736,38,9,0,0,0,0,0,9,0,611,8,8,0,8
41,9,moe,805,34,2027,340,340,1608,58,0,21,0,729,8,7,1,8
41,10,moe,734,34,7234,2747,2747,4243,150,0,94,0,603,8,5,3,8
41,11,moe,642,32,4488,1594,1594,2761,98,0,35,0,603,8,6,2,8
41,12,moe,719,34,15,0,0,0,0,0,15,0,723,8,8,0,8
41,13,moe,805,37,3966,2313,2313,1522,98,0,33,0,612,8,6,2,8
41,14,moe,726,31,9440,3568,3570,5597,220,0,53,0,682,8,4,4,8
41,15,moe,672,33,3100,1236,1236,1721,66,0,77,0,756,8,7,1,8
41,16,moe,736,32,6021,3427,3427,2370,146,0,78,0,621,8,5,3,8
41,17,moe,803,34,20,0,0,0,0,0,20,0,617,8,8,0,8
41,18,moe,728,30,1425,304,304,1006,57,0,58,0,746,8,7,1,8
41,19,moe,647,31,3208,1414,1414,1623,101,0,70,0,615,8,6,2,8
41,20,moe,741,36,5096,2205,2205,2759,99,0,33,0,610,8,6,2,8
41,21,moe,795,32,5952,2387,2387,3387,111,0,67,0,730,8,6,2,8
41,22,moe,800,32,2702,1133,1133,1462,50,0,57,0,647,8,7,1,8
41,23,moe,7144,32,8722,3529,3529,4947,167,0,79,0,729,8,5,3,8
41,24,moe,800,30,7796,2748,2749,4835,169,0,43,0,725,8,5,3,8
41,25,moe,799,31,7723,2679,2679,4826,171,0,47,0,724,8,5,3,8
41,26,moe,642,29,5791,2420,2420,3228,112,0,31,0,724,8,6,2,8
41,-1,epi,0,0,0,0,0,0,0,0,5799,0,0,0,0,0,0
42,-2,pre,151,0,0,0,0,0,0,0,0,0,0,0,0,0,0
42,0,dense,1461,35,0,0,0,0,0,0,0,0,0,0,0,0,0
42,1,moe,814,30,10809,4072,4072,6460,230,0,47,0,745,8,4,4,8
42,2,moe,727,33,11680,4978,4978,6433,224,0,45,0,729,8,4,4,8
42,3,moe,649,33,7770,2732,2733,4831,171,0,35,0,719,8,5,3,8
42,4,moe,727,32,12614,5241,5241,7013,247,0,113,0,608,8,3,5,8
42,5,moe,795,30,12697,5509,5509,6887,249,0,52,0,598,8,3,5,8
42,6,moe,731,29,5973,2417,2417,3380,113,0,63,0,722,8,6,2,8
42,7,moe,649,30,10330,4388,4388,5656,193,0,93,0,602,8,4,4,8
42,8,moe,733,35,10254,4486,4487,5529,193,0,45,0,597,8,4,4,8
42,9,moe,793,29,8928,3659,3660,5020,167,0,81,0,718,8,5,3,8
42,10,moe,721,30,6969,2507,2507,4225,152,0,85,0,602,8,5,3,8
42,11,moe,648,31,7831,3496,3496,4137,162,1,35,0,607,8,5,3,8
42,12,moe,729,30,9041,3752,3752,5031,172,0,86,0,718,8,5,3,8
42,13,moe,793,30,5407,2374,2374,2861,102,0,70,0,599,8,6,2,8
42,14,moe,725,32,7698,4398,4398,3054,198,0,48,0,611,8,4,4,8
42,15,moe,642,29,10172,3254,3254,6586,229,0,103,0,725,8,4,4,8
42,16,moe,726,30,4157,2406,2406,1590,98,0,63,0,627,8,6,2,8
42,17,moe,792,31,10725,4968,4968,5512,198,0,47,0,624,8,4,4,8
42,18,moe,719,32,8915,3667,3667,4997,169,0,82,0,721,8,5,3,8
42,19,moe,626,30,8766,2864,2864,5622,195,0,85,0,596,8,4,4,8
42,20,moe,722,32,3968,2309,2309,1534,100,0,25,0,602,8,6,2,8
42,21,moe,790,29,5237,1706,1706,3351,114,0,66,0,716,8,6,2,8
42,22,moe,796,29,7921,3430,3430,4273,149,0,69,0,600,8,5,3,8
42,23,moe,2136,32,5932,2358,2358,3400,115,0,59,0,723,8,6,2,8
42,24,moe,787,31,2013,299,299,1630,59,0,25,0,723,8,7,1,8
42,25,moe,793,31,10732,4031,4031,6431,226,0,44,0,720,8,4,4,8
42,26,moe,649,31,3959,607,607,3210,118,0,24,0,722,8,6,2,8
42,-1,epi,0,0,0,0,0,0,0,0,5777,0,0,0,0,0,0
43,-2,pre,249,0,0,0,0,0,0,0,0,0,0,0,0,0,0
43,0,dense,1444,31,0,0,0,0,0,0,0,0,0,0,0,0,0
43,1,moe,821,34,6744,3881,3881,2655,170,0,38,0,737,8,5,3,8
43,2,moe,739,33,2335,1374,1374,883,58,0,20,0,731,8,7,1,8
43,3,moe,655,29,2185,1225,1225,887,56,0,17,0,734,8,7,1,8
43,4,moe,735,29,5470,2886,2886,2361,147,0,76,0,610,8,5,3,8
43,5,moe,795,32,9,0,0,0,0,0,9,0,623,8,8,0,8
43,6,moe,732,28,5985,2964,2964,2777,170,0,74,0,732,8,5,3,8
43,7,moe,651,28,5783,3189,3190,2371,146,0,76,0,622,8,5,3,8
43,8,moe,730,30,2063,1226,1226,771,48,0,18,0,620,8,7,1,8
43,9,moe,804,30,4498,2447,2447,1875,115,0,61,0,737,8,6,2,8
43,10,moe,730,32,5171,2140,2140,2869,97,0,65,0,611,8,6,2,8
43,11,moe,642,27,4393,1490,1490,2777,102,0,24,0,604,8,6,2,8
43,12,moe,725,31,11725,4814,4815,6596,228,0,86,0,728,8,4,4,8
43,13,moe,792,31,2741,1176,1176,1456,51,0,58,0,610,8,7,1,8
43,14,moe,737,33,2649,1197,1197,1377,52,0,23,0,610,8,7,1,8
43,15,moe,637,29,5935,2396,2396,3361,116,0,62,0,727,8,6,2,8
43,16,moe,725,31,7987,3453,3453,4292,153,0,89,0,601,8,5,3,8
43,17,moe,792,30,10327,4558,4558,5524,202,0,43,0,605,8,4,4,8
43,18,moe,724,30,9,0,0,0,0,0,9,0,726,8,8,0,8
43,19,moe,652,29,4345,1451,1451,2768,97,0,29,0,616,8,6,2,8
43,20,moe,727,30,3076,1426,1426,1521,100,0,29,0,612,8,6,2,8
43,21,moe,798,29,5112,1601,1601,3323,118,0,70,0,726,8,6,2,8
43,22,moe,824,35,6186,4600,4600,1479,50,0,57,0,599,8,7,1,8
43,23,moe,646,31,9051,3827,3827,4981,169,0,74,0,728,8,5,3,8
43,24,moe,787,34,7921,2887,2887,4825,172,0,37,0,719,8,5,3,8
43,25,moe,799,35,4392,2408,2409,1814,141,0,28,0,787,8,6,2,8
43,26,moe,671,40,2964,1227,1227,1643,72,0,22,0,786,8,7,1,8
43,-1,epi,0,0,0,0,0,0,0,0,5813,0,0,0,0,0,0
44,-2,pre,275,0,0,0,0,0,0,0,0,0,0,0,0,0,0
44,0,dense,1463,46,0,0,0,0,0,0,0,0,0,0,0,0,0
44,1,moe,826,38,2950,1260,1260,1605,59,0,26,0,743,8,7,1,8
44,2,moe,739,36,4996,1626,1627,3222,118,0,29,0,743,8,6,2,8
44,3,moe,657,41,8653,3604,3604,4835,174,0,40,0,733,8,5,3,8
44,4,moe,737,37,10517,4650,4650,5584,193,0,90,0,608,8,4,4,8
44,5,moe,792,37,9457,3702,3702,5510,199,0,46,0,608,8,4,4,8
44,6,moe,728,35,3044,1194,1194,1728,57,0,65,0,745,8,7,1,8
44,7,moe,661,34,7969,3510,3510,4244,146,0,69,0,607,8,5,3,8
44,8,moe,728,34,5190,2306,2306,2753,103,0,28,0,607,8,6,2,8
44,9,moe,806,38,3127,1253,1253,1756,60,0,58,0,730,8,7,1,8
44,10,moe,734,35,7176,2726,2726,4218,149,0,83,0,605,8,5,3,8
44,11,moe,647,32,7647,3313,3313,4147,151,0,36,0,617,8,5,3,8
44,12,moe,720,37,6732,3720,3720,2770,170,0,72,0,728,8,5,3,8
44,13,moe,796,33,5890,3302,3302,2359,147,0,82,0,611,8,5,3,8
44,14,moe,726,35,11964,4756,4756,6904,250,0,54,0,604,8,3,5,8
44,15,moe,648,33,8132,2875,2875,5017,171,0,69,0,716,8,5,3,8
44,16,moe,723,33,7058,2564,2564,4266,147,0,81,0,604,8,5,3,8
44,17,moe,791,33,7923,2172,2172,5505,201,0,45,0,612,8,4,4,8
44,18,moe,722,34,4449,2383,2383,1889,112,0,65,0,723,8,6,2,8
44,19,moe,642,37,7908,4499,4499,3132,199,0,78,0,610,8,4,4,8
44,20,moe,735,35,1973,1130,1130,770,53,0,20,0,612,8,7,1,8
44,21,moe,795,35,18604,7522,7523,10583,398,0,100,0,725,8,1,7,8
44,22,moe,791,35,12675,5375,5376,6957,246,0,96,0,594,8,3,5,8
44,23,moe,640,32,16478,6191,6193,9851,337,0,97,0,730,8,2,6,8
44,24,moe,8141,37,11467,4748,4748,6447,224,0,48,0,715,8,4,4,8
44,25,moe,800,35,14461,6061,6061,8064,282,0,54,0,723,8,3,5,8
44,26,moe,658,36,11065,6304,6304,4433,281,0,47,0,721,8,3,5,8
44,-1,epi,0,0,0,0,0,0,0,0,5727,0,0,0,0,0,0
45,-2,pre,213,0,0,0,0,0,0,0,0,0,0,0,0,0,0
45,0,dense,1445,40,0,0,0,0,0,0,0,0,0,0,0,0,0
45,1,moe,834,34,9,0,0,0,0,0,9,0,748,8,8,0,8
45,2,moe,739,33,3524,1595,1595,1789,113,0,27,0,740,8,6,2,8
45,3,moe,666,36,2263,1292,1292,888,58,0,25,0,736,8,7,1,8
45,4,moe,740,33,4137,2339,2339,1623,100,0,75,0,620,8,6,2,8
45,5,moe,796,37,5064,2175,2175,2764,99,0,26,0,615,8,6,2,8
45,6,moe,738,34,6035,2430,2430,3417,118,0,70,0,725,8,6,2,8
45,7,moe,661,36,1218,266,266,846,51,0,55,0,612,8,7,1,8
45,8,moe,734,33,5165,2277,2277,2755,101,0,32,0,604,8,6,2,8
45,9,moe,808,35,5933,2386,2386,3372,115,0,60,0,729,8,6,2,8
45,10,moe,739,32,9,0,0,0,0,0,9,0,608,8,8,0,8
45,11,moe,656,32,3959,2190,2190,1596,102,0,71,0,611,8,6,2,8
45,12,moe,727,37,8610,4638,4638,3653,230,0,89,0,741,8,4,4,8
45,13,moe,795,34,4002,2230,2230,1608,100,0,64,0,616,8,6,2,8
45,14,moe,739,37,5175,2291,2291,2757,98,0,29,0,618,8,6,2,8
45,15,moe,653,35,3110,1246,1246,1758,57,0,49,0,724,8,7,1,8
45,16,moe,725,33,7767,3282,3282,4258,148,0,79,0,605,8,5,3,8
45,17,moe,791,35,5005,2114,2114,2766,100,0,25,0,602,8,6,2,8
45,18,moe,728,35,5054,1501,1501,3380,113,0,60,0,721,8,6,2,8
45,19,moe,644,31,6818,2358,2358,4234,154,0,72,0,600,8,5,3,8
45,20,moe,735,33,10148,4399,4399,5506,195,0,48,0,598,8,4,4,8
45,21,moe,788,34,5849,2356,2356,3314,114,0,65,0,722,8,6,2,8
45,22,moe,796,32,6072,2683,2683,3114,196,0,79,0,605,8,4,4,8
45,23,moe,646,33,14423,5811,5812,8242,286,0,83,0,716,8,3,5,8
45,24,moe,800,35,8930,3904,3904,4820,169,0,37,0,723,8,5,3,8
45,25,moe,799,34,12699,4307,4307,8064,282,0,46,0,715,8,3,5,8
45,26,moe,645,33,10713,3970,3971,6470,225,0,47,0,716,8,4,4,8
45,-1,epi,0,0,0,0,0,0,0,0,5743,0,0,0,0,0,0
46,-2,pre,48,0,0,0,0,0,0,0,0,0,0,0,0,0,0
46,0,dense,1466,39,0,0,0,0,0,0,0,0,0,0,0,0,0
46,1,moe,811,35,4476,2564,2564,1773,112,0,27,0,741,8,6,2,8
46,2,moe,736,38,8829,4987,4987,3564,228,0,50,0,729,8,4,4,8
46,3,moe,649,36,4286,2367,2367,1778,116,0,25,0,725,8,6,2,8
46,4,moe,729,33,8500,4276,4276,3874,247,0,103,0,612,8,3,5,8
46,5,moe,827,41,7732,3328,3329,4199,165,0,39,0,676,8,5,3,8
46,6,moe,734,40,9030,3772,3772,4991,180,0,87,0,745,8,5,3,8
46,7,moe,654,40,2096,1141,1142,841,52,0,61,0,613,8,7,1,8
46,8,moe,736,37,10084,4317,4317,5523,201,0,43,0,622,8,4,4,8
46,9,moe,799,37,7975,4001,4001,3663,234,0,77,0,735,8,4,4,8
46,10,moe,733,36,5960,3397,3397,2347,148,0,68,0,626,8,5,3,8
46,11,moe,650,38,7628,3309,3309,4130,145,0,44,0,623,8,5,3,8
46,12,moe,726,36,5898,2379,2379,3345,120,0,54,0,733,8,6,2,8
46,13,moe,801,37,5264,2235,2235,2857,100,0,72,0,611,8,6,2,8
46,14,moe,735,35,7696,3385,3386,4122,150,0,38,0,610,8,5,3,8
46,15,moe,642,33,6109,2578,2578,3362,113,0,56,0,728,8,6,2,8
46,16,moe,734,36,6150,1657,1657,4267,149,0,77,0,611,8,5,3,8
46,17,moe,795,35,4313,1434,1434,2756,96,0,27,0,607,8,6,2,8
46,18,moe,725,33,3133,1260,1261,1767,57,0,48,0,731,8,7,1,8
46,19,moe,709,36,18,0,0,0,0,0,18,0,606,8,8,0,8
46,20,moe,742,33,9,0,0,0,0,0,9,0,611,8,8,0,8
46,21,moe,798,35,8,0,0,0,0,0,8,0,749,8,8,0,8
46,22,moe,814,34,2370,1433,1433,830,49,0,58,0,624,8,7,1,8
46,23,moe,656,32,8777,3585,3585,4951,169,0,72,0,730,8,5,3,8
46,24,moe,800,33,9,0,0,0,0,0,9,0,726,8,8,0,8
46,25,moe,798,32,3006,1317,1317,1613,56,0,20,0,736,8,7,1,8
46,26,moe,648,32,8655,3622,3623,4829,166,0,37,0,741,8,5,3,8
46,-1,epi,0,0,0,0,0,0,0,0,5821,0,0,0,0,0,0
47,-2,pre,208,0,0,0,0,0,0,0,0,0,0,0,0,0,0
47,0,dense,1461,37,0,0,0,0,0,0,0,0,0,0,0,0,0
47,1,moe,820,36,10693,3963,3963,6455,231,0,44,0,738,8,4,4,8
47,2,moe,724,33,8711,3646,3646,4852,168,0,45,0,742,8,5,3,8
47,3,moe,652,32,8658,3627,3627,4825,169,0,37,0,730,8,5,3,8
47,4,moe,727,33,7844,3411,3411,4203,147,0,83,0,613,8,5,3,8
47,5,moe,798,35,9465,3687,3687,5539,195,0,44,0,624,8,4,4,8
47,6,moe,724,33,3135,1232,1232,1785,57,0,61,0,737,8,7,1,8
47,7,moe,673,35,7925,3447,3447,4261,147,0,70,0,610,8,5,3,8
47,8,moe,727,43,7665,3335,3335,4149,147,0,34,0,615,8,5,3,8
47,9,moe,809,34,6018,2477,2477,3364,114,0,63,0,733,8,6,2,8
47,10,moe,721,30,7760,3283,3284,4250,146,0,80,0,607,8,5,3,8
47,11,moe,642,32,1729,283,283,1377,51,0,18,0,608,8,7,1,8
47,12,moe,726,31,8844,3639,3639,4957,172,0,76,0,732,8,5,3,8
47,13,moe,794,30,2786,1155,1155,1520,51,0,60,0,615,8,7,1,8
47,14,moe,725,31,6856,3546,3546,3051,209,0,50,0,618,8,4,4,8
47,15,moe,647,28,4889,1904,1904,2743,172,0,70,0,733,8,5,3,8
47,16,moe,728,30,5138,2547,2547,2366,150,0,75,0,613,8,5,3,8
47,17,moe,796,32,4957,2477,2477,2291,153,0,36,0,632,8,5,3,8
47,18,moe,735,30,1735,619,620,1006,57,0,52,0,746,8,7,1,8
47,19,moe,660,29,7126,3737,3737,3118,196,0,75,0,622,8,4,4,8
47,20,moe,729,30,7040,2717,2717,4138,147,0,38,0,613,8,5,3,8
47,21,moe,802,30,5118,1601,1601,3345,113,0,59,0,733,8,6,2,8
47,22,moe,790,31,5362,2339,2340,2864,99,0,59,0,613,8,6,2,8
47,23,moe,651,28,13064,4481,4481,8202,283,1,97,0,737,8,3,5,8
47,24,moe,797,30,8198,3173,3173,4825,167,0,33,0,728,8,5,3,8
47,25,moe,800,29,2135,1172,1172,886,57,0,20,0,724,8,7,1,8
47,26,moe,634,28,2526,605,605,1783,115,0,23,0,740,8,6,2,8
47,-1,epi,0,0,0,0,0,0,0,0,5834,0,0,0,0,0,0
48,-2,pre,214,0,0,0,0,0,0,0,0,0,0,0,0,0,0
48,0,dense,1448,34,0,0,0,0,0,0,0,0,0,0,0,0,0
48,1,moe,825,31,2934,1237,1237,1614,57,0,26,0,740,8,7,1,8
48,2,moe,743,28,1993,314,314,1606,56,0,17,0,747,8,7,1,8
48,3,moe,663,30,5781,2421,2422,3221,113,0,25,0,734,8,6,2,8
48,4,moe,749,32,6032,3445,3445,2357,150,0,80,0,617,8,5,3,8
48,5,moe,807,30,2627,1181,1181,1377,50,0,19,0,625,8,7,1,8
48,6,moe,724,34,3067,1200,1200,1759,57,0,51,0,737,8,7,1,8
48,7,moe,649,27,3544,535,535,2852,98,0,59,0,622,8,6,2,8
48,8,moe,735,29,2556,1109,1109,1379,48,0,20,0,615,8,7,1,8
48,9,moe,822,34,3655,1589,1589,1888,118,0,60,0,741,8,6,2,8
48,10,moe,743,30,7002,2506,2506,4277,146,0,73,0,624,8,5,3,8
48,11,moe,651,29,5166,2272,2273,2765,97,0,31,0,612,8,6,2,8
48,12,moe,732,31,2400,1291,1291,1007,59,0,43,0,742,8,7,1,8
48,13,moe,806,28,18,0,0,0,0,0,18,0,621,8,8,0,8
48,14,moe,740,27,2068,1121,1121,832,50,0,65,0,623,8,7,1,8
48,15,moe,650,29,4456,2442,2442,1845,114,0,55,0,733,8,6,2,8
48,16,moe,729,30,2116,1160,1160,848,51,0,57,0,625,8,7,1,8
48,17,moe,798,29,1948,1108,1108,767,50,0,23,0,624,8,7,1,8
48,18,moe,727,29,2336,1245,1245,975,58,0,58,0,745,8,7,1,8
48,19,moe,647,33,4424,1401,1401,2864,98,0,61,0,623,8,6,2,8
48,20,moe,730,28,7605,3280,3280,4138,148,0,39,0,619,8,5,3,8
48,21,moe,795,30,9,0,0,0,0,0,9,0,737,8,8,0,8
48,22,moe,801,30,9011,3241,3241,5529,198,0,43,0,622,8,4,4,8
48,23,moe,650,30,6064,2508,2508,3378,112,0,66,0,733,8,6,2,8
48,24,moe,796,31,5886,2530,2531,3213,116,0,26,0,739,8,6,2,8
48,25,moe,796,31,5794,2425,2426,3226,115,0,27,0,731,8,6,2,8
48,26,moe,648,29,9,0,0,0,0,0,9,0,734,8,8,0,8
48,-1,epi,0,0,0,0,0,0,0,0,5874,0,0,0,0,0,0
49,-2,pre,199,0,0,0,0,0,0,0,0,0,0,0,0,0,0
49,0,dense,1470,34,0,0,0,0,0,0,0,0,0,0,0,0,0
49,1,moe,836,38,6689,3820,3820,2658,177,0,34,0,749,8,5,3,8
49,2,moe,734,32,1334,329,329,912,70,0,23,0,801,8,7,1,8
49,3,moe,657,32,8913,3767,3767,4913,191,0,42,0,797,8,5,3,8
49,4,moe,713,38,6034,3461,3461,2334,147,0,92,0,630,8,5,3,8
49,5,moe,807,34,5159,2269,2269,2755,100,0,35,0,627,8,6,2,8
49,6,moe,739,32,3020,1183,1183,1733,58,1,45,0,743,8,7,1,8
49,7,moe,660,30,4450,1409,1409,2872,100,0,69,0,620,8,6,2,8
49,8,moe,748,37,2549,1089,1089,1379,50,0,31,0,625,8,7,1,8
49,9,moe,817,36,11884,4952,4952,6620,223,0,89,0,744,8,4,4,8
49,10,moe,731,32,7929,3469,3469,4231,148,0,81,0,618,8,5,3,8
49,11,moe,660,33,1971,1138,1138,766,50,0,17,0,614,8,7,1,8
49,12,moe,736,36,3151,1300,1300,1738,57,0,56,0,736,8,7,1,8
49,13,moe,806,30,5973,3387,3387,2360,147,0,79,0,629,8,5,3,8
49,14,moe,734,30,3945,2292,2292,1526,100,0,27,0,627,8,6,2,8
49,15,moe,648,30,5050,1523,1523,3350,112,0,65,0,736,8,6,2,8
49,16,moe,788,34,8108,5080,5081,2863,97,0,67,0,610,8,6,2,8
49,17,moe,793,34,10170,4390,4391,5543,194,0,42,0,622,8,4,4,8
49,18,moe,730,33,3047,1220,1221,1717,56,0,53,0,726,8,7,1,8
49,19,moe,657,38,10941,5887,5888,4641,303,1,108,0,633,8,2,6,8
49,20,moe,730,33,6916,2587,2587,4144,152,0,33,0,617,8,5,3,8
49,21,moe,792,35,10379,3529,3529,6539,224,0,87,0,729,8,4,4,8
49,22,moe,790,34,10547,3227,3228,6968,243,0,108,0,613,8,3,5,8
49,23,moe,635,32,11213,2658,2658,8187,283,0,85,0,732,8,3,5,8
49,24,moe,799,33,11921,3540,3540,8046,285,0,50,0,734,8,3,5,8
49,25,moe,808,37,10872,5138,5138,5323,350,0,61,0,733,8,2,6,8
49,26,moe,655,31,5060,1229,1229,3555,229,0,47,0,743,8,4,4,8
49,-1,epi,0,0,0,0,0,0,0,0,5806,0,0,0,0,0,0
50,-2,pre,72,0,0,0,0,0,0,0,0,0,0,0,0,0,0
50,0,dense,1462,43,0,0,0,0,0,0,0,0,0,0,0,0,0
50,1,moe,822,39,3580,1670,1670,1767,114,0,29,0,752,8,6,2,8
50,2,moe,737,34,9020,3976,3976,4840,171,0,33,0,740,8,5,3,8
50,3,moe,654,35,2925,1233,1233,1610,59,0,23,0,736,8,7,1,8
50,4,moe,735,32,5298,836,836,4241,148,0,73,0,622,8,5,3,8
50,5,moe,808,36,8699,2918,2918,5540,198,0,43,0,611,8,4,4,8
50,6,moe,740,36,2334,1234,1234,985,56,0,59,0,731,8,7,1,8
50,7,moe,650,37,9,0,0,0,0,0,9,0,626,8,8,0,8
50,8,moe,738,34,1238,274,274,845,51,0,68,0,624,8,7,1,8
50,9,moe,808,35,3103,1271,1271,1721,55,0,56,0,738,8,7,1,8
50,10,moe,737,33,2129,1190,1190,837,50,0,52,0,627,8,7,1,8
50,11,moe,656,32,2567,1119,1119,1382,49,0,17,0,623,8,7,1,8
50,12,moe,730,33,3075,1211,1211,1755,57,0,52,0,734,8,7,1,8
50,13,moe,813,34,14,0,0,0,0,0,14,0,623,8,8,0,8
50,14,moe,745,33,9,0,0,0,0,0,9,0,624,8,8,0,8
50,15,moe,660,37,7061,2007,2007,4839,170,0,45,0,743,8,5,3,8
50,16,moe,781,39,9711,3747,3747,5674,199,0,91,0,616,8,4,4,8
50,17,moe,794,36,9370,3586,3588,5546,196,0,40,0,615,8,4,4,8
50,18,moe,724,35,8969,3727,3728,4990,169,0,82,0,731,8,5,3,8
50,19,moe,651,33,8,0,0,0,0,0,8,0,618,8,8,0,8
50,20,moe,734,33,6918,2476,2476,4215,146,0,81,0,624,8,5,3,8
50,21,moe,807,36,7313,3341,3341,3670,224,0,78,0,735,8,4,4,8
50,22,moe,802,33,4473,1906,1906,2344,150,0,73,0,621,8,5,3,8
50,23,moe,659,35,10138,3285,3285,6553,225,0,75,0,729,8,4,4,8
50,24,moe,797,33,10068,3359,3359,6434,224,0,51,0,732,8,4,4,8
50,25,moe,811,36,4494,2580,2580,1772,116,0,26,0,737,8,6,2,8
50,26,moe,656,33,4321,2383,2383,1789,123,0,26,0,733,8,6,2,8
50,-1,epi,0,0,0,0,0,0,0,0,5802,0,0,0,0,0,0
51,-2,pre,52,0,0,0,0,0,0,0,0,0,0,0,0,0,0
51,0,dense,1454,41,0,0,0,0,0,0,0,0,0,0,0,0,0
51,1,moe,822,36,9,0,0,0,0,0,9,0,760,8,8,0,8
51,2,moe,759,35,2996,1295,1295,1620,60,0,21,0,753,8,7,1,8
51,3,moe,668,32,5000,1637,1637,3218,118,0,27,0,744,8,6,2,8
51,4,moe,735,33,6218,2808,2808,3126,195,0,89,0,628,8,4,4,8
51,5,moe,802,33,9,0,0,0,0,0,9,0,621,8,8,0,8
51,6,moe,741,33,8934,4953,4953,3662,234,0,85,0,747,8,4,4,8
51,7,moe,658,32,7758,4359,4360,3125,200,0,73,0,630,8,4,4,8
51,8,moe,730,33,5100,2204,2204,2771,100,0,25,0,616,8,6,2,8
51,9,moe,799,33,4583,2516,2516,1890,113,0,64,0,735,8,6,2,8
51,10,moe,726,33,3984,2216,2216,1602,99,0,67,0,617,8,6,2,8
51,11,moe,660,32,3801,2136,2137,1536,99,0,29,0,636,8,6,2,8
51,12,moe,724,35,4410,2332,2332,1890,114,0,74,0,743,8,6,2,8
51,13,moe,802,33,7689,3255,3256,4202,146,0,85,0,627,8,5,3,8
51,14,moe,729,34,9,0,0,0,0,0,9,0,619,8,8,0,8
51,15,moe,658,35,3112,1271,1271,1733,56,0,52,0,742,8,7,1,8
51,16,moe,730,35,12878,5533,5533,7000,246,0,99,0,612,8,3,5,8
51,17,moe,793,33,5042,2139,2139,2771,102,0,30,0,620,8,6,2,8
51,18,moe,726,32,11773,4878,4878,6587,227,0,81,0,739,8,4,4,8
51,19,moe,665,32,5182,2176,2176,2846,97,0,63,0,609,8,6,2,8
51,20,moe,727,32,12057,4728,4728,7001,280,0,48,0,673,8,3,5,8
51,21,moe,800,39,12117,6199,6199,5458,342,0,118,0,758,8,2,6,8
51,22,moe,817,39,7872,3419,3420,4216,146,0,90,0,616,8,5,3,8
51,23,moe,657,34,8849,3644,3644,4951,172,0,82,0,733,8,5,3,8
51,24,moe,803,38,5767,2401,2401,3220,113,0,33,0,730,8,6,2,8
51,25,moe,802,35,13607,5224,5224,8048,284,0,51,0,732,8,3,5,8
51,26,moe,667,37,7679,3866,3867,3540,226,0,46,0,765,8,4,4,8
51,-1,epi,0,0,0,0,0,0,0,0,5777,0,0,0,0,0,0
52,-2,pre,40,0,0,0,0,0,0,0,0,0,0,0,0,0,0
52,0,dense,1474,37,0,0,0,0,0,0,0,0,0,0,0,0,0
52,1,moe,810,35,2355,1388,1388,887,57,0,23,0,745,8,7,1,8
52,2,moe,738,33,1241,278,278,888,57,0,18,0,748,8,7,1,8
52,3,moe,665,35,5858,2487,2487,3224,118,0,29,0,742,8,6,2,8
52,4,moe,734,33,7159,3729,3729,3140,197,0,93,0,616,8,4,4,8
52,5,moe,806,33,9,0,0,0,0,0,9,0,617,8,8,0,8
52,6,moe,733,34,2379,1253,1253,1005,60,0,61,0,747,8,7,1,8
52,7,moe,661,34,8061,3587,3587,4232,152,0,90,0,618,8,5,3,8
52,8,moe,772,34,1934,1101,1101,764,49,0,20,0,618,8,7,1,8
52,9,moe,799,34,4439,2379,2379,1879,116,1,64,0,732,8,6,2,8
52,10,moe,738,34,2068,1146,1146,814,51,0,57,0,618,8,7,1,8
52,11,moe,660,41,2059,1223,1223,765,51,0,20,0,619,8,7,1,8
52,12,moe,731,34,2334,1252,1252,973,58,0,51,0,747,8,7,1,8
52,13,moe,808,203,9440,6450,6450,2818,102,0,70,0,610,8,6,2,8
52,14,moe,725,35,9,0,0,0,0,0,9,0,610,8,8,0,8
52,15,moe,652,32,3170,1282,1282,1777,59,0,52,0,734,8,7,1,8
52,16,moe,731,32,5886,3298,3298,2363,149,0,76,0,626,8,5,3,8
52,17,moe,802,33,5666,2380,2380,3043,196,0,47,0,642,8,4,4,8
52,18,moe,730,34,9,0,0,0,0,0,9,0,740,8,8,0,8
52,19,moe,659,32,1994,1162,1162,759,50,0,23,0,622,8,7,1,8
52,20,moe,734,32,2208,543,544,1535,98,0,31,0,629,8,6,2,8
52,21,moe,802,33,9526,4605,4606,4542,283,0,95,0,770,8,3,5,8
52,22,moe,839,41,2652,882,882,1591,101,0,78,0,629,8,6,2,8
52,23,moe,665,36,8782,1930,1931,6534,233,0,84,0,733,8,4,4,8
52,24,moe,800,36,3502,1573,1574,1774,121,0,33,0,741,8,6,2,8
52,25,moe,812,37,4916,2046,2046,2655,177,0,38,0,745,8,5,3,8
52,26,moe,641,33,1296,328,328,885,63,0,20,0,738,8,7,1,8
52,-1,epi,0,0,0,0,0,0,0,0,5887,0,0,0,0,0,0
53,-2,pre,218,0,0,0,0,0,0,0,0,0,0,0,0,0,0
53,0,dense,1487,36,0,0,0,0,0,0,0,0,0,0,0,0,0
53,1,moe,830,36,2319,1336,1336,891,72,0,20,0,842,8,7,1,8
53,2,moe,755,46,10,0,0,0,0,0,10,0,741,8,8,0,8
53,3,moe,669,31,6555,3606,3606,2711,198,0,40,0,768,8,5,3,8
53,4,moe,750,36,1205,275,275,822,53,0,55,0,649,8,7,1,8
53,5,moe,844,39,2131,1275,1275,778,57,0,21,0,655,8,7,1,8
53,6,moe,723,33,9,0,0,0,0,0,9,0,715,8,8,0,8
53,7,moe,652,29,2013,1163,1163,776,52,0,22,0,622,8,7,1,8
53,8,moe,751,33,3886,2200,2200,1555,102,0,29,0,656,8,6,2,8
53,9,moe,817,33,5774,2722,2722,2790,174,0,88,0,761,8,5,3,8
53,10,moe,751,35,3430,831,831,2375,150,0,74,0,639,8,5,3,8
53,11,moe,664,34,17,0,0,0,0,0,17,0,628,8,8,0,8
53,12,moe,740,30,4435,2361,2361,1899,116,0,59,0,751,8,6,2,8
53,13,moe,822,33,2117,1170,1170,834,50,0,63,0,633,8,7,1,8
53,14,moe,744,34,5648,3187,3187,2278,150,0,33,0,639,8,5,3,8
53,15,moe,661,35,9,0,0,0,0,0,9,0,743,8,8,0,8
53,16,moe,741,33,4567,2075,2075,2298,152,0,42,0,667,8,5,3,8
53,17,moe,807,32,2187,542,542,1519,98,0,28,0,626,8,6,2,8
53,18,moe,736,29,8,0,0,0,0,0,8,0,744,8,8,0,8
53,19,moe,666,28,2033,1202,1202,762,51,0,18,0,632,8,7,1,8
53,20,moe,750,33,2216,566,566,1519,102,0,29,0,632,8,6,2,8
53,21,moe,837,35,4953,1933,1933,2771,172,0,77,0,753,8,5,3,8
53,22,moe,809,30,1194,264,264,832,51,0,47,0,632,8,7,1,8
53,23,moe,671,32,3748,1732,1732,1840,116,0,60,0,747,8,6,2,8
53,24,moe,812,32,6185,2357,2357,3558,229,0,41,0,754,8,4,4,8
53,25,moe,811,31,5888,3022,3022,2661,172,0,33,0,749,8,5,3,8
53,26,moe,655,33,7690,3867,3867,3550,232,0,41,0,744,8,4,4,8
53,-1,epi,0,0,0,0,0,0,0,0,5950,0,0,0,0,0,0
54,-2,pre,43,0,0,0,0,0,0,0,0,0,0,0,0,0,0
54,0,dense,1508,31,0,0,0,0,0,0,0,0,0,0,0,0,0
54,1,moe,835,34,21,0,0,0,0,0,21,0,787,8,8,0,8
54,2,moe,757,33,9,0,0,0,0,0,9,0,772,8,8,0,8
54,3,moe,686,28,4948,2064,2064,2671,172,0,41,0,754,8,5,3,8
54,4,moe,747,31,6283,2887,2887,3098,196,0,102,0,627,8,4,4,8
54,5,moe,808,31,4201,2539,2539,1531,99,0,32,0,629,8,6,2,8
54,6,moe,737,29,1454,321,321,1016,58,0,59,0,746,8,7,1,8
54,7,moe,679,33,7025,3608,3608,3136,197,0,84,0,624,8,4,4,8
54,8,moe,733,30,1921,1088,1088,765,51,0,17,0,627,8,7,1,8
54,9,moe,808,30,5698,2664,2664,2772,171,0,91,0,746,8,5,3,8
54,10,moe,731,29,8,0,0,0,0,0,8,0,625,8,8,0,8
54,11,moe,663,28,2036,1090,1090,838,50,0,58,0,624,8,7,1,8
54,12,moe,733,28,2290,1182,1183,998,60,0,49,0,745,8,7,1,8
54,13,moe,806,31,5879,3299,3299,2356,146,0,78,0,625,8,5,3,8
54,14,moe,729,29,3829,2174,2174,1527,102,0,26,0,635,8,6,2,8
54,15,moe,656,28,2395,1268,1268,1018,59,0,50,0,759,8,7,1,8
54,16,moe,735,31,1214,283,283,823,49,0,59,0,627,8,7,1,8
54,17,moe,808,29,1128,301,302,758,49,0,19,0,641,8,7,1,8
54,18,moe,732,32,2308,1215,1215,985,60,0,48,0,747,8,7,1,8
54,19,moe,657,30,1195,264,264,826,51,0,54,0,639,8,7,1,8
54,20,moe,741,30,9,0,0,0,0,0,9,0,640,8,8,0,8
54,21,moe,842,32,3722,1657,1658,1882,113,0,69,0,757,8,6,2,8
54,22,moe,816,34,3961,2201,2201,1584,103,0,73,0,626,8,6,2,8
54,23,moe,659,29,7850,3857,3857,3677,234,0,82,0,752,8,4,4,8
54,24,moe,806,31,5824,2929,2929,2688,173,0,34,0,749,8,5,3,8
54,25,moe,803,30,6315,2491,2491,3551,228,0,45,0,752,8,4,4,8
54,26,moe,667,30,5084,1249,1249,3563,229,0,43,0,762,8,4,4,8
54,-1,epi,0,0,0,0,0,0,0,0,6001,0,0,0,0,0,0
55,-2,pre,221,0,0,0,0,0,0,0,0,0,0,0,0,0,0
55,0,dense,1491,34,0,0,0,0,0,0,0,0,0,0,0,0,0
55,1,moe,838,31,3572,1645,1645,1769,113,0,45,0,761,8,6,2,8
55,2,moe,742,30,5697,2833,2833,2661,169,0,34,0,750,8,5,3,8
55,3,moe,659,28,6793,3920,3920,2667,168,1,37,0,749,8,5,3,8
55,4,moe,750,32,1245,297,298,833,57,1,56,0,637,8,7,1,8
55,5,moe,817,35,7873,4495,4496,3097,230,0,50,0,674,8,4,4,8
55,6,moe,744,35,6161,2624,2624,3323,115,0,99,0,754,8,6,2,8
55,7,moe,664,33,9748,5486,5486,3907,251,0,104,0,637,8,3,5,8
55,8,moe,741,32,1976,1141,1141,764,51,0,20,0,633,8,7,1,8
55,9,moe,819,31,2355,1246,1246,991,57,0,61,0,754,8,7,1,8
55,10,moe,749,225,15066,13272,13272,1622,98,0,74,0,617,8,6,2,8
55,11,moe,646,32,6195,2894,2895,3064,194,0,42,0,627,8,4,4,8
55,12,moe,747,34,2389,1274,1274,1000,58,0,57,0,741,8,7,1,8
55,13,moe,803,36,6559,3143,3144,3125,200,0,90,0,632,8,4,4,8
55,14,moe,737,38,5038,2580,2580,2275,149,0,34,0,626,8,5,3,8
55,15,moe,651,33,5767,2762,2762,2765,170,0,70,0,740,8,5,3,8
55,16,moe,735,33,6168,2779,2780,3107,195,0,86,0,626,8,4,4,8
55,17,moe,819,34,6697,2577,2578,3818,247,1,53,0,632,8,3,5,8
55,18,moe,729,34,3544,1475,1475,1886,114,0,69,0,742,8,6,2,8
55,19,moe,650,33,5077,2513,2513,2343,146,0,75,0,627,8,5,3,8
55,20,moe,737,35,4023,2367,2367,1525,102,0,29,0,632,8,6,2,8
55,21,moe,805,41,5069,2043,2043,2764,173,0,89,0,775,8,5,3,8
55,22,moe,813,37,7086,3661,3661,3132,205,0,88,0,626,8,4,4,8
55,23,moe,677,34,5718,2704,2704,2770,172,0,72,0,746,8,5,3,8
55,24,moe,804,33,5029,2160,2161,2658,176,0,34,0,742,8,5,3,8
55,25,moe,7415,37,3348,1418,1418,1784,118,0,28,0,739,8,6,2,8
55,26,moe,951,34,10065,5275,5276,4443,289,0,57,0,744,8,3,5,8
55,-1,epi,0,0,0,0,0,0,0,0,5882,0,0,0,0,0,0
56,-2,pre,212,0,0,0,0,0,0,0,0,0,0,0,0,0,0
56,0,dense,1469,41,0,0,0,0,0,0,0,0,0,0,0,0,0
56,1,moe,829,36,6581,3708,3708,2658,179,0,36,0,754,8,5,3,8
56,2,moe,742,34,5905,2531,2531,3228,116,0,30,0,747,8,6,2,8
56,3,moe,663,39,8679,3611,3611,4862,171,0,35,0,746,8,5,3,8
56,4,moe,730,33,9,0,0,0,0,0,9,0,617,8,8,0,8
56,5,moe,803,33,2040,1073,1073,846,50,0,71,0,636,8,7,1,8
56,6,moe,755,34,9,0,0,0,0,0,9,0,759,8,8,0,8
56,7,moe,709,32,2131,1293,1293,764,52,0,22,0,627,8,7,1,8
56,8,moe,744,34,2031,1197,1197,764,52,0,18,0,634,8,7,1,8
56,9,moe,809,35,2732,650,651,1895,116,0,70,0,751,8,6,2,8
56,10,moe,750,35,3253,1471,1471,1612,99,0,71,0,629,8,6,2,8
56,11,moe,670,35,3960,2310,2310,1523,101,0,26,0,630,8,6,2,8
56,12,moe,733,35,2376,1278,1279,985,58,0,54,0,740,8,7,1,8
56,13,moe,806,34,3956,2198,2198,1593,97,0,68,0,639,8,6,2,8
56,14,moe,738,34,3779,2128,2128,1528,98,0,25,0,629,8,6,2,8
56,15,moe,655,31,2384,1277,1277,996,58,0,53,0,749,8,7,1,8
56,16,moe,737,33,2290,547,547,1577,97,0,69,0,635,8,6,2,8
56,17,moe,816,31,1952,1120,1120,765,50,0,17,0,636,8,7,1,8
56,18,moe,735,33,2442,1306,1306,1022,56,0,58,0,751,8,7,1,8
56,19,moe,664,31,4240,1635,1635,2382,145,0,78,0,631,8,5,3,8
56,20,moe,751,40,3026,1369,1369,1532,99,0,26,0,631,8,6,2,8
56,21,moe,812,39,6121,911,911,4964,169,0,77,0,749,8,5,3,8
56,22,moe,819,32,2772,1191,1191,1469,49,0,63,0,632,8,7,1,8
56,23,moe,663,33,5120,2103,2103,2786,168,0,63,0,746,8,5,3,8
56,24,moe,809,35,5967,937,937,4827,172,0,31,0,753,8,5,3,8
56,25,moe,813,35,5780,2915,2915,2657,174,0,34,0,744,8,5,3,8
56,26,moe,659,34,8479,3704,3704,4437,288,0,50,0,749,8,3,5,8
56,-1,epi,0,0,0,0,0,0,0,0,5926,0,0,0,0,0,0
57,-2,pre,47,0,0,0,0,0,0,0,0,0,0,0,0,0,0
57,0,dense,1478,38,0,0,0,0,0,0,0,0,0,0,0,0,0
57,1,moe,863,49,3375,1469,1469,1764,113,0,29,0,762,8,6,2,8
57,2,moe,764,36,10,0,0,0,0,0,10,0,767,8,8,0,8
57,3,moe,685,31,7232,3398,3399,3556,230,0,47,0,777,8,4,4,8
57,4,moe,747,36,9,0,0,0,0,0,9,0,631,8,8,0,8
57,5,moe,834,34,4491,1890,1890,2356,147,0,98,0,657,8,5,3,8
57,6,moe,741,38,2348,1221,1221,1015,56,0,56,0,756,8,7,1,8
57,7,moe,665,34,5068,2489,2489,2357,147,0,75,0,635,8,5,3,8
57,8,moe,744,34,1936,1101,1101,767,50,0,18,0,636,8,7,1,8
57,9,moe,811,33,9,0,0,0,0,0,9,0,757,8,8,0,8
57,10,moe,741,32,10,0,0,0,0,0,10,0,646,8,8,0,8
57,11,moe,669,36,7737,3409,3410,4141,150,0,36,0,640,8,5,3,8
57,12,moe,735,35,9,0,0,0,0,0,9,0,770,8,8,0,8
57,13,moe,811,34,1975,1143,1143,761,50,0,21,0,632,8,7,1,8
57,14,moe,752,36,1996,1152,1152,767,51,0,26,0,636,8,7,1,8
57,15,moe,656,32,4470,2400,2400,1896,118,0,56,0,760,8,6,2,8
57,16,moe,742,36,1246,284,284,851,49,0,62,0,637,8,7,1,8
57,17,moe,813,35,1115,287,287,762,51,0,15,0,642,8,7,1,8
57,18,moe,741,36,2315,1217,1218,981,58,0,58,0,756,8,7,1,8
57,19,moe,673,34,1847,280,280,1460,50,0,57,0,636,8,7,1,8
57,20,moe,745,33,9,0,0,0,0,0,9,0,636,8,8,0,8
57,21,moe,813,33,4494,2428,2428,1877,118,0,71,0,755,8,6,2,8
57,22,moe,811,33,3310,1545,1545,1597,98,0,70,0,632,8,6,2,8
57,23,moe,667,32,3006,931,931,1895,118,0,62,0,759,8,6,2,8
57,24,moe,825,35,3654,1735,1735,1772,117,0,30,0,749,8,6,2,8
57,25,moe,817,33,2246,1271,1271,896,59,0,20,0,754,8,7,1,8
57,26,moe,670,33,7657,1897,1897,5353,347,0,60,0,776,8,2,6,8
57,-1,epi,0,0,0,0,0,0,0,0,6029,0,0,0,0,0,0
58,-2,pre,221,0,0,0,0,0,0,0,0,0,0,0,0,0,0
58,0,dense,1496,45,0,0,0,0,0,0,0,0,0,0,0,0,0
58,1,moe,835,35,2257,1288,1289,888,60,0,20,0,763,8,7,1,8
58,2,moe,760,33,10,0,0,0,0,0,10,0,774,8,8,0,8
58,3,moe,689,34,5983,3112,3112,2658,177,0,36,0,759,8,5,3,8
58,4,moe,741,34,4223,1625,1625,2349,150,0,99,0,640,8,5,3,8
58,5,moe,816,37,1989,1149,1149,765,51,0,24,0,642,8,7,1,8
58,6,moe,754,33,8,0,0,0,0,0,8,0,754,8,8,0,8
58,7,moe,681,31,1959,1121,1121,768,50,0,20,0,643,8,7,1,8
58,8,moe,794,34,4776,3942,3942,767,48,0,19,0,629,8,7,1,8
58,9,moe,823,34,2552,1419,1419,1006,59,0,68,0,751,8,7,1,8
58,10,moe,736,36,8,0,0,0,0,0,8,0,635,8,8,0,8
58,11,moe,674,34,8,0,0,0,0,0,8,0,634,8,8,0,8
58,12,moe,753,37,9,0,0,0,0,0,9,0,769,8,8,0,8
58,13,moe,821,34,3181,1392,1392,1602,98,0,89,0,640,8,6,2,8
58,14,moe,762,39,9,0,0,0,0,0,9,0,650,8,8,0,8
58,15,moe,681,32,5996,2477,2477,3333,114,0,72,0,748,8,6,2,8
58,16,moe,752,34,2768,1184,1184,1475,50,0,59,0,629,8,7,1,8
58,17,moe,857,35,2039,1205,1205,764,51,0,19,0,630,8,7,1,8
58,18,moe,748,33,8,0,0,0,0,0,8,0,761,8,8,0,8
58,19,moe,675,34,5986,3470,3470,2319,163,0,34,0,678,8,5,3,8
58,20,moe,743,36,1130,281,281,772,57,0,20,0,678,8,7,1,8
58,21,moe,814,36,2159,301,302,1713,67,0,77,0,797,8,7,1,8
58,22,moe,816,41,3239,1407,1408,1639,109,0,83,0,647,8,6,2,8
58,23,moe,674,35,2889,787,787,1910,122,0,70,0,769,8,6,2,8
58,24,moe,840,40,2247,1271,1271,896,59,0,21,0,758,8,7,1,8
58,25,moe,834,37,2559,642,642,1777,112,0,28,0,767,8,6,2,8
58,26,moe,678,60,5039,2159,2159,2672,172,0,36,0,776,8,5,3,8
58,-1,epi,0,0,0,0,0,0,0,0,6075,0,0,0,0,0,0
59,-2,pre,53,0,0,0,0,0,0,0,0,0,0,0,0,0,0
59,0,dense,1528,34,0,0,0,0,0,0,0,0,0,0,0,0,0
59,1,moe,861,33,10,0,0,0,0,0,10,0,787,8,8,0,8
59,2,moe,778,29,2948,1267,1267,1603,57,0,21,0,764,8,7,1,8
59,3,moe,688,35,2527,624,624,1767,111,0,25,0,768,8,6,2,8
59,4,moe,757,29,8,0,0,0,0,0,8,0,661,8,8,0,8
59,5,moe,837,31,10,0,0,0,0,0,10,0,668,8,8,0,8
59,6,moe,764,29,3048,1348,1348,1612,58,1,29,0,765,8,7,1,8
59,7,moe,685,32,2792,1186,1186,1475,51,0,80,0,638,8,7,1,8
59,8,moe,758,35,8,0,0,0,0,0,8,0,666,8,8,0,8
59,9,moe,829,33,2146,326,326,1703,58,0,59,0,768,8,7,1,8
59,10,moe,753,32,2781,1206,1206,1464,51,0,60,0,648,8,7,1,8
59,11,moe,678,28,2660,1211,1211,1379,51,0,19,0,635,8,7,1,8
59,12,moe,750,32,1425,308,308,1003,56,0,58,0,769,8,7,1,8
59,13,moe,821,31,5246,2216,2216,2869,96,0,65,0,637,8,6,2,8
59,14,moe,751,29,4381,1497,1497,2754,102,0,28,0,634,8,6,2,8
59,15,moe,663,27,2231,348,348,1771,58,0,54,0,757,8,7,1,8
59,16,moe,741,29,3247,1489,1489,1592,103,0,63,0,637,8,6,2,8
59,17,moe,831,31,2148,1316,1316,763,52,0,17,0,644,8,7,1,8
59,18,moe,755,30,3043,1186,1186,1745,56,0,56,0,756,8,7,1,8
59,19,moe,670,34,5241,2216,2216,2846,101,0,78,0,643,8,6,2,8
59,20,moe,735,31,4277,1807,1807,2283,145,0,42,0,637,8,5,3,8
59,21,moe,811,30,5610,1647,1648,3657,227,0,78,0,759,8,4,4,8
59,22,moe,822,35,8960,3922,3922,4646,301,0,91,0,637,8,2,6,8
59,23,moe,668,33,7605,2686,2687,4538,292,0,88,0,756,8,3,5,8
59,24,moe,812,32,9199,2475,2475,6446,228,0,50,0,742,8,4,4,8
59,25,moe,807,31,8991,3279,3279,5317,338,0,57,0,755,8,2,6,8
59,26,moe,668,32,13119,3053,3053,9667,337,0,62,0,744,8,2,6,8
59,-1,epi,0,0,0,0,0,0,0,0,5891,0,0,0,0,0,0
60,-2,pre,46,0,0,0,0,0,0,0,0,0,0,0,0,0,0
60,0,dense,1503,30,0,0,0,0,0,0,0,0,0,0,0,0,0
60,1,moe,852,36,2348,1381,1381,887,59,0,21,0,777,8,7,1,8
60,2,moe,766,32,3500,1810,1810,1612,59,0,19,0,759,8,7,1,8
60,3,moe,683,30,7100,3279,3279,3547,230,0,44,0,753,8,4,4,8
60,4,moe,746,30,2146,1187,1187,835,51,0,73,0,633,8,7,1,8
60,5,moe,818,32,2008,1169,1169,768,51,0,20,0,638,8,7,1,8
60,6,moe,751,36,10,0,0,0,0,0,10,0,743,8,8,0,8
60,7,moe,666,29,8,0,0,0,0,0,8,0,640,8,8,0,8
60,8,moe,753,32,5135,2246,2246,2761,101,0,27,0,632,8,6,2,8
60,9,moe,820,32,3063,1240,1240,1718,56,0,49,0,750,8,7,1,8
60,10,moe,743,31,2758,1137,1137,1509,51,0,61,0,641,8,7,1,8
60,11,moe,666,29,2554,1105,1105,1381,49,0,19,0,628,8,7,1,8
60,12,moe,746,30,2451,627,627,1712,58,0,54,0,756,8,7,1,8
60,13,moe,821,33,7,0,0,0,0,0,7,0,641,8,8,0,8
60,14,moe,760,33,3531,542,542,2811,98,1,79,0,634,8,6,2,8
60,15,moe,667,29,6095,922,922,4920,172,0,81,0,750,8,5,3,8
60,16,moe,745,34,9,0,0,0,0,0,9,0,652,8,8,0,8
60,17,moe,829,32,2202,1265,1266,818,53,0,65,0,635,8,7,1,8
60,18,moe,750,30,8,0,0,0,0,0,8,0,767,8,8,0,8
60,19,moe,671,28,4504,1623,1623,2756,98,0,27,0,631,8,6,2,8
60,20,moe,748,29,2050,1218,1218,761,52,0,19,0,635,8,7,1,8
60,21,moe,815,31,4373,1342,1342,2772,175,0,84,0,756,8,5,3,8
60,22,moe,833,31,4485,1434,1435,2882,98,0,70,0,639,8,6,2,8
60,23,moe,673,27,6352,2375,2375,3659,229,0,89,0,752,8,4,4,8
60,24,moe,806,42,6403,2559,2559,3569,236,0,39,0,762,8,4,4,8
60,25,moe,815,31,2838,896,896,1798,119,0,25,0,775,8,6,2,8
60,26,moe,667,30,3944,593,593,3215,112,0,24,0,745,8,6,2,8
60,-1,epi,0,0,0,0,0,0,0,0,5986,0,0,0,0,0,0
61,-2,pre,57,0,0,0,0,0,0,0,0,0,0,0,0,0,0
61,0,dense,1503,34,0,0,0,0,0,0,0,0,0,0,0,0,0
61,1,moe,852,31,2995,1304,1304,1611,60,0,20,0,759,8,7,1,8
61,2,moe,747,31,6010,2636,2636,3229,118,0,27,0,752,8,6,2,8
61,3,moe,672,28,5971,933,933,4826,176,0,36,0,754,8,5,3,8
61,4,moe,747,33,4456,1446,1446,2833,97,0,80,0,630,8,6,2,8
61,5,moe,849,42,5429,3976,3976,1383,49,0,21,0,627,8,7,1,8
61,6,moe,752,34,14,0,0,0,0,0,14,0,739,8,8,0,8
61,7,moe,656,32,2751,1299,1299,1384,49,0,19,0,634,8,7,1,8
61,8,moe,748,40,8,0,0,0,0,0,8,0,630,8,8,0,8
61,9,moe,811,34,8,0,0,0,0,0,8,0,760,8,8,0,8
61,10,moe,754,36,8,0,0,0,0,0,8,0,641,8,8,0,8
61,11,moe,681,35,2776,1329,1329,1377,50,0,20,0,633,8,7,1,8
61,12,moe,755,34,9,0,0,0,0,0,9,0,776,8,8,0,8
61,13,moe,834,34,7,0,0,0,0,0,7,0,653,8,8,0,8
61,14,moe,761,33,2677,1231,1231,1377,49,0,20,0,658,8,7,1,8
61,15,moe,665,33,2559,1417,1417,1016,59,0,67,0,752,8,7,1,8
61,16,moe,744,34,13,0,0,0,0,0,13,0,633,8,8,0,8
61,17,moe,826,33,5285,2253,2253,2846,101,0,85,0,638,8,6,2,8
61,18,moe,751,36,8978,3720,3720,5001,176,0,81,0,752,8,5,3,8
61,19,moe,666,41,4430,1424,1424,2834,99,0,73,0,627,8,6,2,8
61,20,moe,745,31,6304,2992,2992,3068,199,0,45,0,633,8,4,4,8
61,21,moe,809,35,12978,7092,7092,5438,337,1,110,0,753,8,2,6,8
61,22,moe,803,35,7078,3665,3666,3120,203,0,89,0,627,8,4,4,8
61,23,moe,675,35,10338,3428,3428,6608,225,0,77,0,737,8,4,4,8
61,24,moe,813,34,10357,3645,3645,6432,229,0,51,0,734,8,4,4,8
61,25,moe,799,47,9938,5177,5177,4427,281,0,53,0,751,8,3,5,8
61,26,moe,679,79,9010,3273,3273,5319,338,0,80,0,753,8,2,6,8
61,-1,epi,0,0,0,0,0,0,0,0,5885,0,0,0,0,0,0
62,-2,pre,107,0,0,0,0,0,0,0,0,0,0,0,0,0,0
62,0,dense,1485,37,0,0,0,0,0,0,0,0,0,0,0,0,0
62,1,moe,845,36,9,0,0,0,0,0,9,0,764,8,8,0,8
62,2,moe,757,32,9,0,0,0,0,0,9,0,771,8,8,0,8
62,3,moe,691,31,4939,2067,2067,2657,174,0,41,0,758,8,5,3,8
62,4,moe,750,33,1252,275,275,848,50,0,79,0,647,8,7,1,8
62,5,moe,815,34,9,0,0,0,0,0,9,0,634,8,8,0,8
62,6,moe,758,34,2274,1172,1172,979,60,0,63,0,764,8,7,1,8
62,7,moe,667,36,9,0,0,0,0,0,9,0,644,8,8,0,8
62,8,moe,760,40,1831,268,268,1439,51,0,73,0,641,8,7,1,8
62,9,moe,832,38,9,0,0,0,0,0,9,0,766,8,8,0,8
62,10,moe,759,35,8,0,0,0,0,0,8,0,651,8,8,0,8
62,11,moe,687,32,4347,1437,1437,2777,105,0,28,0,668,8,6,2,8
62,12,moe,730,38,2225,315,315,1779,67,0,64,0,782,8,7,1,8
62,13,moe,819,36,1895,293,293,1465,57,0,80,0,670,8,7,1,8
62,14,moe,747,35,1750,270,270,1401,58,0,21,0,683,8,7,1,8
62,15,moe,688,36,11,0,0,0,0,0,11,0,752,8,8,0,8
62,16,moe,774,33,9,0,0,0,0,0,9,0,647,8,8,0,8
62,17,moe,869,42,10,0,0,0,0,0,10,0,646,8,8,0,8
62,18,moe,726,38,3064,1243,1243,1691,59,0,71,0,766,8,7,1,8
62,19,moe,681,38,4316,1724,1724,2352,151,0,89,0,652,8,5,3,8
62,20,moe,761,38,2649,1200,1200,1377,51,0,21,0,640,8,7,1,8
62,21,moe,828,36,6121,933,933,4926,166,0,96,0,760,8,5,3,8
62,22,moe,825,36,2698,922,922,1597,99,0,80,0,644,8,6,2,8
62,23,moe,676,36,6098,926,926,4921,175,0,76,0,757,8,5,3,8
62,24,moe,840,37,5694,2821,2822,2662,175,0,35,0,759,8,5,3,8
62,25,moe,821,39,4945,2069,2069,2665,172,0,39,0,753,8,5,3,8
62,26,moe,668,35,7003,1947,1947,4849,172,0,35,0,748,8,5,3,8
62,-1,epi,0,0,0,0,0,0,0,0,5989,0,0,0,0,0,0
63,-2,pre,223,0,0,0,0,0,0,0,0,0,0,0,0,0,0
63,0,dense,1522,41,0,0,0,0,0,0,0,0,0,0,0,0,0
63,1,moe,847,38,2264,1298,1298,886,57,0,23,0,764,8,7,1,8
63,2,moe,761,34,5757,2879,2879,2667,174,0,37,0,759,8,5,3,8
63,3,moe,658,34,5904,2527,2527,3237,113,0,27,0,752,8,6,2,8
63,4,moe,758,44,1873,268,268,1482,48,0,75,0,637,8,7,1,8
63,5,moe,823,34,4271,1383,1383,2762,100,0,26,0,639,8,6,2,8
63,6,moe,770,37,9,0,0,0,0,0,9,0,755,8,8,0,8
63,7,moe,675,32,4340,1456,1456,2755,102,0,27,0,629,8,6,2,8
63,8,moe,748,34,10,0,0,0,0,0,10,0,635,8,8,0,8
63,9,moe,819,34,2168,298,298,1760,58,0,52,0,760,8,7,1,8
63,10,moe,746,34,8,0,0,0,0,0,8,0,654,8,8,0,8
63,11,moe,690,36,8,0,0,0,0,0,8,0,651,8,8,0,8
63,12,moe,777,33,8780,3714,3714,4855,173,0,38,0,763,8,5,3,8
63,13,moe,817,34,1875,286,286,1461,51,0,77,0,641,8,7,1,8
63,14,moe,755,38,4174,1706,1706,2285,147,0,36,0,645,8,5,3,8
63,15,moe,671,33,3742,1697,1697,1880,114,0,51,0,756,8,6,2,8
63,16,moe,756,33,2716,934,934,1605,103,0,74,0,640,8,6,2,8
63,17,moe,851,34,3256,1592,1592,1522,101,0,41,0,640,8,6,2,8
63,18,moe,755,37,3082,1222,1222,1746,57,0,57,0,750,8,7,1,8
63,19,moe,679,35,6135,1697,1697,4212,145,0,81,0,633,8,5,3,8
63,20,moe,746,31,1713,268,268,1379,49,0,17,0,632,8,7,1,8
63,21,moe,820,33,3570,1512,1513,1877,112,0,68,0,758,8,6,2,8
63,22,moe,819,34,6272,2869,2869,3116,197,0,90,0,632,8,4,4,8
63,23,moe,659,33,8,0,0,0,0,0,8,0,750,8,8,0,8
63,24,moe,814,34,7935,2950,2950,4591,292,0,102,0,758,8,3,5,8
63,25,moe,818,35,10212,3495,3496,6438,230,0,48,0,747,8,4,4,8
63,26,moe,660,34,4855,1473,1473,3240,113,0,29,0,746,8,6,2,8
63,-1,epi,0,0,0,0,0,0,0,0,5987,0,0,0,0,0,0
64,-2,pre,70,0,0,0,0,0,0,0,0,0,0,0,0,0,0
64,0,dense,1500,40,0,0,0,0,0,0,0,0,0,0,0,0,0
64,1,moe,860,39,10,0,0,0,0,0,10,0,776,8,8,0,8
64,2,moe,830,36,14,0,0,0,0,0,14,0,781,8,8,0,8
64,3,moe,710,37,8077,4226,4226,3575,231,0,45,0,765,8,4,4,8
64,4,moe,739,35,8,0,0,0,0,0,8,0,630,8,8,0,8
64,5,moe,835,35,1248,261,261,860,51,0,76,0,654,8,7,1,8
64,6,moe,769,35,8,0,0,0,0,0,8,0,762,8,8,0,8
64,7,moe,690,34,3411,532,532,2750,97,0,32,0,644,8,6,2,8
64,8,moe,759,33,5285,2399,2400,2759,99,0,27,0,632,8,6,2,8
64,9,moe,829,37,8068,2842,2842,4953,177,0,96,0,749,8,5,3,8
64,10,moe,745,34,9,0,0,0,0,0,9,0,632,8,8,0,8
64,11,moe,667,33,1918,285,285,1508,51,0,74,0,633,8,7,1,8
64,12,moe,740,35,3405,1552,1552,1735,58,0,60,0,753,8,7,1,8
64,13,moe,823,36,1865,297,297,1453,51,1,63,0,639,8,7,1,8
64,14,moe,771,34,3192,1536,1536,1525,101,0,30,0,640,8,6,2,8
64,15,moe,664,35,8,0,0,0,0,0,8,0,759,8,8,0,8
64,16,moe,761,37,9,0,0,0,0,0,9,0,637,8,8,0,8
64,17,moe,833,34,2618,1159,1159,1383,50,0,26,0,656,8,7,1,8
64,18,moe,761,52,8,0,0,0,0,0,8,0,767,8,8,0,8
64,19,moe,677,32,3425,550,550,2750,99,0,26,0,652,8,6,2,8
64,20,moe,748,36,13,0,1,0,0,0,12,0,651,8,8,0,8
64,21,moe,852,38,6602,2609,2610,3661,231,0,100,0,767,8,4,4,8
64,22,moe,811,36,3455,848,848,2367,152,0,88,0,647,8,5,3,8
64,23,moe,689,35,1394,294,294,991,58,0,51,0,782,8,7,1,8
64,24,moe,845,35,7958,2889,2889,4864,172,0,33,0,757,8,5,3,8
64,25,moe,829,32,4959,1603,1603,3213,116,1,26,0,753,8,6,2,8
64,26,moe,667,29,7951,1234,1234,6441,225,0,51,0,747,8,4,4,8
64,-1,epi,0,0,0,0,0,0,0,0,5968,0,0,0,0,0,0
65,-2,pre,216,0,0,0,0,0,0,0,0,0,0,0,0,0,0
65,0,dense,1498,31,0,0,0,0,0,0,0,0,0,0,0,0,0
65,1,moe,849,35,6556,3668,3668,2663,182,0,43,0,765,8,5,3,8
65,2,moe,769,30,6757,3876,3876,2671,173,0,37,0,756,8,5,3,8
65,3,moe,671,30,1617,646,646,896,58,0,17,0,756,8,7,1,8
65,4,moe,741,31,3431,1637,1638,1608,102,0,83,0,649,8,6,2,8
65,5,moe,836,30,9,0,0,0,0,0,9,0,634,8,8,0,8
65,6,moe,753,39,4535,2467,2467,1894,117,0,57,0,756,8,6,2,8
65,7,moe,674,32,3983,2221,2221,1590,99,0,73,0,632,8,6,2,8
65,8,moe,770,29,8,0,0,0,0,0,8,0,634,8,8,0,8
65,9,moe,831,29,8,0,0,0,0,0,8,0,758,8,8,0,8
65,10,moe,753,28,5105,2223,2223,2756,100,0,26,0,636,8,6,2,8
65,11,moe,666,29,7630,3305,3306,4130,148,0,46,0,632,8,5,3,8
65,12,moe,745,54,3012,1144,1145,1739,59,0,69,0,753,8,7,1,8
65,13,moe,816,31,2701,1119,1119,1465,51,1,65,0,632,8,7,1,8
65,14,moe,744,32,4301,1384,1384,2784,106,0,27,0,639,8,6,2,8
65,15,moe,681,31,10105,3177,3177,6610,232,0,86,0,745,8,4,4,8
65,16,moe,755,35,4088,2283,2283,1625,103,0,77,0,636,8,6,2,8
65,17,moe,820,30,5171,2682,2682,2307,149,0,33,0,639,8,5,3,8
65,18,moe,734,31,10770,3877,3877,6577,225,0,91,0,754,8,4,4,8
65,19,moe,673,32,9900,4027,4027,5409,347,0,117,0,633,8,1,7,8
65,20,moe,747,29,3854,2198,2198,1529,98,0,29,0,632,8,6,2,8
65,21,moe,812,28,6649,3626,3626,2764,169,0,90,0,744,8,5,3,8
65,22,moe,823,30,10302,5247,5248,4651,295,0,108,0,631,8,2,6,8
65,23,moe,667,31,5896,2357,2357,3358,115,0,66,0,738,8,6,2,8
65,24,moe,809,29,7011,3202,3202,3542,226,1,40,0,751,8,4,4,8
65,25,moe,825,34,7195,4284,4284,2686,190,0,35,0,821,8,5,3,8
65,26,moe,9070,40,2209,1223,1223,896,63,0,27,0,844,8,7,1,8
65,-1,epi,0,0,0,0,0,0,0,0,6027,0,0,0,0,0,0
66,-2,pre,49,0,0,0,0,0,0,0,0,0,0,0,0,0,0
66,0,dense,5248,33,0,0,0,0,0,0,0,0,0,0,0,0,0
66,1,moe,4343,39,6125,3256,3256,2658,170,0,41,0,755,8,5,3,8
66,2,moe,1418,36,10,0,0,0,0,0,10,0,750,8,8,0,8
66,3,moe,670,30,3499,1573,1574,1781,115,0,29,0,769,8,6,2,8
66,4,moe,756,31,2307,536,536,1596,100,0,75,0,641,8,6,2,8
66,5,moe,828,33,10,0,0,0,0,0,10,0,646,8,8,0,8
66,6,moe,753,34,10,0,0,0,0,0,10,0,765,8,8,0,8
66,7,moe,683,30,9,0,0,0,0,0,9,0,647,8,8,0,8
66,8,moe,752,31,2627,1173,1173,1381,50,0,23,0,639,8,7,1,8
66,9,moe,831,34,2147,316,316,1706,58,0,67,0,763,8,7,1,8
66,10,moe,740,31,9,0,0,0,0,0,9,0,645,8,8,0,8
66,11,moe,677,28,8161,2281,2281,5590,197,0,93,0,638,8,4,4,8
66,12,moe,755,31,2173,338,338,1715,56,0,64,0,757,8,7,1,8
66,13,moe,824,33,1833,282,282,1436,51,0,64,0,644,8,7,1,8
66,14,moe,813,29,9,0,0,0,0,1,8,0,654,8,8,0,8
66,15,moe,714,33,3596,1541,1541,1876,112,0,67,0,773,8,6,2,8
66,16,moe,799,34,3519,528,529,2812,99,0,79,0,651,8,6,2,8
66,17,moe,824,33,2212,555,555,1525,102,0,30,0,644,8,6,2,8
66,18,moe,749,30,2415,1297,1297,997,59,0,62,0,755,8,7,1,8
66,19,moe,670,30,2299,543,544,1588,100,0,67,0,640,8,6,2,8
66,20,moe,754,33,8,0,0,0,0,0,8,0,640,8,8,0,8
66,21,moe,826,37,2670,621,621,1864,112,0,73,0,755,8,6,2,8
66,22,moe,830,32,1820,272,272,1440,49,0,59,0,638,8,7,1,8
66,23,moe,676,32,3580,1555,1555,1852,112,0,61,0,763,8,6,2,8
66,24,moe,818,31,4339,2418,2418,1774,117,0,30,0,756,8,6,2,8
66,25,moe,819,30,3645,1728,1728,1772,117,0,28,0,751,8,6,2,8
66,26,moe,668,27,3430,1510,1510,1776,117,0,27,0,756,8,6,2,8
66,-1,epi,0,0,0,0,0,0,0,0,6067,0,0,0,0,0,0
67,-2,pre,1078,0,0,0,0,0,0,0,0,0,0,0,0,0,0
67,0,dense,1497,38,0,0,0,0,0,0,0,0,0,0,0,0,0
67,1,moe,5996,37,7027,3212,3212,3545,223,0,47,0,761,8,4,4,8
67,2,moe,740,32,3600,1910,1910,1606,59,0,25,0,754,8,7,1,8
67,3,moe,840,33,11740,5013,5013,6457,224,0,46,0,750,8,4,4,8
67,4,moe,737,34,3246,1465,1465,1599,97,0,85,0,629,8,6,2,8
67,5,moe,828,33,6524,4062,4062,2281,147,0,34,0,632,8,5,3,8
67,6,moe,747,37,9,0,0,0,0,0,9,0,750,8,8,0,8
67,7,moe,664,32,2071,1235,1236,765,51,0,19,0,631,8,7,1,8
67,8,moe,737,36,3962,2304,2304,1529,103,0,26,0,637,8,6,2,8
67,9,moe,815,37,9,0,0,0,0,0,9,0,749,8,8,0,8
67,10,moe,744,33,9427,3672,3672,5512,198,0,45,0,631,8,4,4,8
67,11,moe,660,31,8595,2833,2833,5525,196,0,41,0,642,8,4,4,8
67,12,moe,749,34,1424,305,305,993,59,0,67,0,751,8,7,1,8
67,13,moe,814,33,4209,2446,2446,1585,100,0,78,0,634,8,6,2,8
67,14,moe,750,36,4554,3099,3100,1382,49,0,23,0,621,8,7,1,8
67,15,moe,669,34,10153,3261,3261,6578,228,0,86,0,751,8,4,4,8
67,16,moe,739,33,3266,1483,1484,1609,100,0,73,0,625,8,6,2,8
67,17,moe,810,40,5165,2698,2698,2280,152,0,35,0,630,8,5,3,8
67,18,moe,746,37,3096,1212,1212,1770,57,0,57,0,744,8,7,1,8
67,19,moe,656,32,5605,2197,2197,3126,194,0,88,0,628,8,4,4,8
67,20,moe,732,33,3906,2253,2253,1528,100,0,25,0,631,8,6,2,8
67,21,moe,835,42,8701,3759,3759,4552,291,0,99,0,749,8,3,5,8
67,22,moe,813,37,4776,2208,2209,2339,147,0,81,0,629,8,5,3,8
67,23,moe,663,32,7921,3932,3934,3677,224,0,86,0,748,8,4,4,8
67,24,moe,803,33,8269,3512,3512,4427,283,0,47,0,745,8,3,5,8
67,25,moe,806,33,7265,4385,4385,2662,173,0,45,0,751,8,5,3,8
67,26,moe,660,32,13911,5502,5502,8063,290,0,56,0,750,8,3,5,8
67,-1,epi,0,0,0,0,0,0,0,0,5890,0,0,0,0,0,0
68,-2,pre,227,0,0,0,0,0,0,0,0,0,0,0,0,0,0
68,0,dense,1475,39,0,0,0,0,0,0,0,0,0,0,0,0,0
68,1,moe,838,37,13420,5038,5038,8049,286,0,47,0,750,8,3,5,8
68,2,moe,4926,35,4296,2351,2351,1794,121,0,30,0,767,8,6,2,8
68,3,moe,9535,37,4685,2755,2755,1771,113,0,46,0,743,8,6,2,8
68,4,moe,7289,39,9258,5832,5832,3114,197,0,115,0,626,8,4,4,8
68,5,moe,9770,83,10,0,0,0,0,0,10,0,646,8,8,0,8
68,6,moe,4063,37,3089,1162,1162,1795,59,0,73,0,738,8,7,1,8
68,7,moe,12356,35,8,0,0,0,0,0,8,0,614,8,8,0,8
68,8,moe,731,35,9,0,0,0,0,0,9,0,632,8,8,0,8
68,9,moe,807,35,2914,1213,1213,1611,59,0,31,0,748,8,7,1,8
68,10,moe,734,35,4821,1764,1765,2867,101,0,88,0,630,8,6,2,8
68,11,moe,667,38,4114,1641,1641,2284,146,0,43,0,631,8,5,3,8
68,12,moe,737,37,2193,308,308,1756,59,0,70,0,749,8,7,1,8
68,13,moe,809,36,2094,1116,1116,857,51,0,70,0,627,8,7,1,8
68,14,moe,741,35,1118,290,290,760,49,0,19,0,635,8,7,1,8
68,15,moe,662,38,3647,1599,1599,1867,115,0,66,0,753,8,6,2,8
68,16,moe,743,34,8,0,0,0,0,0,8,0,636,8,8,0,8
68,17,moe,823,33,1838,266,266,1448,52,0,72,0,643,8,7,1,8
68,18,moe,749,36,8,0,1,0,0,0,7,0,764,8,8,0,8
68,19,moe,670,30,4256,1774,1774,2286,154,0,42,0,632,8,5,3,8
68,20,moe,751,33,1111,279,279,763,51,0,18,0,636,8,7,1,8
68,21,moe,814,50,9,0,0,0,0,0,9,0,812,8,8,0,8
68,22,moe,826,38,3446,538,538,2761,101,0,46,0,636,8,6,2,8
68,23,moe,673,37,2163,322,322,1716,57,0,68,0,753,8,7,1,8
68,24,moe,821,34,4482,2558,2558,1780,116,0,28,0,762,8,6,2,8
68,25,moe,816,36,6161,1094,1094,4853,170,0,44,0,748,8,5,3,8
68,26,moe,678,37,7247,2083,2083,4932,192,0,40,0,765,8,5,3,8
68,-1,epi,0,0,0,0,0,0,0,0,5953,0,0,0,0,0,0
69,-2,pre,59,0,0,0,0,0,0,0,0,0,0,0,0,0,0
69,0,dense,1445,48,0,0,0,0,0,0,0,0,0,0,0,0,0
69,1,moe,809,44,3566,1569,1571,1825,133,0,37,0,772,8,6,2,8
69,2,moe,778,37,11,0,0,0,0,0,11,0,770,8,8,0,8
69,3,moe,686,32,6106,3247,3247,2651,169,0,39,0,761,8,5,3,8
69,4,moe,742,37,2054,1114,1114,817,51,0,72,0,635,8,7,1,8
69,5,moe,825,41,9,0,0,0,0,0,9,0,632,8,8,0,8
69,6,moe,750,35,9,0,0,0,0,0,9,0,759,8,8,0,8
69,7,moe,684,38,5100,2212,2212,2753,101,0,34,0,640,8,6,2,8
69,8,moe,6888,34,1732,274,274,1386,51,0,21,0,646,8,7,1,8
69,9,moe,815,37,9,0,0,0,0,0,9,0,759,8,8,0,8
69,10,moe,749,34,5340,2440,2440,2759,102,0,39,0,640,8,6,2,8
69,11,moe,668,35,4330,1422,1422,2776,101,0,31,0,636,8,6,2,8
69,12,moe,749,34,10,0,0,0,0,0,10,0,747,8,8,0,8
69,13,moe,833,37,9,0,0,0,0,0,9,0,651,8,8,0,8
69,14,moe,776,34,1735,286,286,1378,51,0,20,0,647,8,7,1,8
69,15,moe,680,34,1418,324,325,968,57,0,68,0,775,8,7,1,8
69,16,moe,759,37,9,0,0,0,0,0,9,0,653,8,8,0,8
69,17,moe,838,34,8,0,0,0,0,0,8,0,655,8,8,0,8
69,18,moe,763,35,9,0,0,0,0,0,9,0,787,8,8,0,8
69,19,moe,697,33,13,0,0,0,0,0,13,0,664,8,8,0,8
69,20,moe,783,34,2840,1229,1230,1480,50,0,80,0,649,8,7,1,8
69,21,moe,827,36,3144,1247,1247,1778,56,0,63,0,756,8,7,1,8
69,22,moe,828,43,8,0,0,0,0,0,8,0,645,8,8,0,8
69,23,moe,688,35,8,0,0,0,0,0,8,0,778,8,8,0,8
69,24,moe,852,33,2024,331,331,1609,59,0,25,0,778,8,7,1,8
69,25,moe,839,37,4825,1959,1959,1699,56,0,1111,0,756,8,7,1,8
69,26,moe,683,37,3136,1444,1444,1611,58,0,23,0,752,8,7,1,8
69,-1,epi,0,0,0,0,0,0,0,0,6089,0,0,0,0,0,0
70,-2,pre,49,0,0,0,0,0,0,0,0,0,0,0,0,0,0
70,0,dense,1537,43,0,0,0,0,0,0,0,0,0,0,0,0,0
70,1,moe,846,37,5124,1753,1753,3228,111,0,32,0,770,8,6,2,8
70,2,moe,755,36,10,0,0,0,0,0,10,0,765,8,8,0,8
70,3,moe,681,34,7947,2882,2882,4846,172,0,47,0,760,8,5,3,8
70,4,moe,747,35,1843,292,292,1436,51,0,64,0,641,8,7,1,8
70,5,moe,817,37,2607,1154,1154,1381,50,0,22,0,640,8,7,1,8
70,6,moe,758,37,8,0,1,0,0,0,7,0,771,8,8,0,8
70,7,moe,684,35,2684,1233,1233,1378,54,0,19,0,636,8,7,1,8
70,8,moe,3607,35,2493,1042,1042,1380,51,0,20,0,644,8,7,1,8
70,9,moe,810,35,13,0,0,0,0,0,13,0,757,8,8,0,8
70,10,moe,754,36,5115,2209,2210,2772,99,0,34,0,637,8,6,2,8
70,11,moe,675,33,4293,1402,1402,2764,100,0,27,0,640,8,6,2,8
70,12,moe,747,33,4972,1485,1485,3304,118,0,65,0,756,8,6,2,8
70,13,moe,813,33,5471,2394,2394,2896,100,0,81,0,637,8,6,2,8
70,14,moe,738,36,2578,1121,1121,1381,51,0,25,0,635,8,7,1,8
70,15,moe,672,33,1807,643,643,1019,60,0,85,0,761,8,7,1,8
70,16,moe,747,35,8,0,0,0,0,0,8,0,651,8,8,0,8
70,17,moe,829,35,8,0,0,0,0,0,8,0,643,8,8,0,8
70,18,moe,764,37,2009,320,320,1608,61,0,20,0,759,8,7,1,8
70,19,moe,680,37,13,0,0,0,0,0,13,0,662,8,8,0,8
70,20,moe,760,43,2740,1134,1134,1476,50,0,80,0,635,8,7,1,8
70,21,moe,825,33,14,0,0,0,0,0,14,0,760,8,8,0,8
70,22,moe,833,29,1720,272,272,1380,48,0,20,0,644,8,7,1,8
70,23,moe,689,28,3789,1724,1724,1870,115,0,80,0,760,8,6,2,8
70,24,moe,849,31,4052,672,672,3233,118,0,29,0,764,8,6,2,8
70,25,moe,828,34,5916,2535,2536,3234,117,0,29,0,754,8,6,2,8
70,26,moe,663,29,1997,307,307,1610,61,0,19,0,756,8,7,1,8
70,-1,epi,0,0,0,0,0,0,0,0,6093,0,0,0,0,0,0
71,-2,pre,79,0,0,0,0,0,0,0,0,0,0,0,0,0,0
71,0,dense,1514,32,0,0,0,0,0,0,0,0,0,0,0,0,0
71,1,moe,855,36,9,0,0,0,0,0,9,0,788,8,8,0,8
71,2,moe,774,29,1988,300,301,1605,59,0,23,0,773,8,7,1,8
71,3,moe,690,33,4494,2570,2570,1771,123,0,30,0,758,8,6,2,8
71,4,moe,754,33,9,0,0,0,0,0,9,0,653,8,8,0,8
71,5,moe,837,29,3279,1494,1494,1592,102,0,91,0,651,8,6,2,8
71,6,moe,759,30,8,0,1,0,0,0,7,0,770,8,8,0,8
71,7,moe,691,30,1992,1165,1165,758,50,0,19,0,653,8,7,1,8
71,8,moe,754,28,8,0,0,0,0,0,8,0,650,8,8,0,8
71,9,moe,3511,31,1423,302,302,996,57,0,68,0,768,8,7,1,8
71,10,moe,750,27,2820,1220,1220,1483,52,0,65,0,641,8,7,1,8
71,11,moe,674,30,1739,282,282,1384,51,0,22,0,649,8,7,1,8
71,12,moe,754,30,8,0,0,0,0,0,8,0,762,8,8,0,8
71,13,moe,830,30,2613,1162,1162,1377,51,0,23,0,647,8,7,1,8
71,14,moe,764,32,8224,4093,4093,3829,245,0,57,0,645,8,3,5,8
71,15,moe,665,27,1423,303,303,993,57,0,70,0,757,8,7,1,8
71,16,moe,742,30,2134,1195,1195,826,49,0,64,0,650,8,7,1,8
71,17,moe,832,34,1715,271,271,1373,51,0,20,0,654,8,7,1,8
71,18,moe,766,31,2377,1260,1260,992,58,0,67,0,758,8,7,1,8
71,19,moe,671,40,2159,1223,1223,820,52,0,64,0,642,8,7,1,8
71,20,moe,753,30,8,0,0,0,0,0,8,0,638,8,8,0,8
71,21,moe,823,31,9,0,0,0,0,0,9,0,767,8,8,0,8
71,22,moe,841,34,9,0,0,0,0,0,9,0,653,8,8,0,8
71,23,moe,702,34,5193,2143,2143,2787,173,0,90,0,778,8,5,3,8
71,24,moe,831,32,2982,1279,1279,1620,58,0,25,0,758,8,7,1,8
71,25,moe,827,30,1275,314,314,887,57,0,17,0,760,8,7,1,8
71,26,moe,711,26,5754,2380,2380,3232,111,0,31,0,762,8,6,2,8
71,-1,epi,0,0,0,0,0,0,0,0,6107,0,0,0,0,0,0
72,-2,pre,214,0,0,0,0,0,0,0,0,0,0,0,0,0,0
72,0,dense,1521,35,0,0,0,0,0,0,0,0,0,0,0,0,0
72,1,moe,847,30,9272,2541,2542,6456,227,0,47,0,766,8,4,4,8
72,2,moe,751,31,6578,3697,3697,2665,173,0,43,0,763,8,5,3,8
72,3,moe,665,32,7170,2102,2102,4855,172,0,41,0,758,8,5,3,8
72,4,moe,747,31,1912,291,291,1482,51,0,88,0,636,8,7,1,8
72,5,moe,822,34,1512,676,676,762,53,1,20,0,636,8,7,1,8
72,6,moe,764,32,3142,1260,1261,1759,58,0,64,0,757,8,7,1,8
72,7,moe,675,32,2175,1224,1224,838,49,0,64,0,639,8,7,1,8
72,8,moe,750,34,3883,2226,2226,1527,99,0,31,0,639,8,6,2,8
72,9,moe,3675,32,4411,2336,2336,1892,112,0,71,0,760,8,6,2,8
72,10,moe,743,28,8,0,0,0,0,0,8,0,634,8,8,0,8
72,11,moe,676,28,4410,1796,1796,2372,147,0,95,0,655,8,5,3,8
72,12,moe,745,29,5920,2382,2382,3367,113,0,58,0,754,8,6,2,8
72,13,moe,815,27,1861,285,285,1463,50,0,63,0,639,8,7,1,8
72,14,moe,743,28,3028,1375,1375,1524,99,0,30,0,638,8,6,2,8
72,15,moe,671,27,5745,2736,2736,2755,169,0,85,0,761,8,5,3,8
72,16,moe,744,28,3991,2239,2239,1576,98,0,78,0,635,8,6,2,8
72,17,moe,811,29,1966,1129,1129,767,51,0,19,0,637,8,7,1,8
72,18,moe,740,30,2358,1255,1255,988,57,0,58,0,765,8,7,1,8
72,19,moe,673,28,3196,1425,1425,1596,97,0,78,0,640,8,6,2,8
72,20,moe,743,27,3080,1423,1423,1525,103,0,29,0,649,8,6,2,8
72,21,moe,829,39,4866,1805,1805,2771,168,0,122,0,770,8,5,3,8
72,22,moe,820,35,2094,1141,1141,832,49,0,72,0,642,8,7,1,8
72,23,moe,680,28,2664,626,626,1845,114,0,79,0,762,8,6,2,8
72,24,moe,813,31,3494,1566,1566,1777,118,0,33,0,766,8,6,2,8
72,25,moe,831,34,7056,3196,3196,3577,233,0,50,0,764,8,4,4,8
72,26,moe,674,31,6970,3095,3095,3594,232,0,49,0,754,8,4,4,8
72,-1,epi,0,0,0,0,0,0,0,0,6023,0,0,0,0,0,0
73,-2,pre,2136,0,0,0,0,0,0,0,0,0,0,0,0,0,0
73,0,dense,1470,40,0,0,0,0,0,0,0,0,0,0,0,0,0
73,1,moe,838,36,11475,4756,4756,6446,226,0,47,0,758,8,4,4,8
73,2,moe,749,36,7899,2832,2833,4856,173,0,37,0,746,8,5,3,8
73,3,moe,669,38,7152,1992,1993,4917,196,0,46,0,801,8,5,3,8
73,4,moe,732,41,4566,1440,1440,2909,113,0,104,0,663,8,6,2,8
73,5,moe,837,43,10,0,0,0,0,0,10,0,652,8,8,0,8
73,6,moe,761,37,10,0,0,0,0,0,10,0,767,8,8,0,8
73,7,moe,676,34,2006,1165,1166,766,52,0,22,0,639,8,7,1,8
73,8,moe,761,41,3894,2229,2229,1532,102,0,31,0,641,8,6,2,8
73,9,moe,818,37,2552,1422,1422,996,59,0,75,0,768,8,7,1,8
73,10,moe,6179,36,7130,2636,2636,4244,146,0,104,0,633,8,5,3,8
73,11,moe,975,43,4262,1368,1368,2758,97,0,39,0,645,8,6,2,8
73,12,moe,747,36,3065,1215,1215,1725,56,0,69,0,752,8,7,1,8
73,13,moe,811,36,2702,1099,1100,1491,50,0,61,0,630,8,7,1,8
73,14,moe,743,35,7625,3293,3293,4143,146,0,43,0,629,8,5,3,8
73,15,moe,659,39,5122,1531,1532,3395,116,0,79,0,753,8,6,2,8
73,16,moe,732,35,2116,1130,1130,865,52,0,69,0,639,8,7,1,8
73,17,moe,814,35,9,0,0,0,0,0,9,0,631,8,8,0,8
73,18,moe,742,32,7960,2786,2786,4913,168,0,93,0,752,8,5,3,8
73,19,moe,671,36,6181,1698,1698,4249,145,0,89,0,628,8,5,3,8
73,20,moe,746,35,5326,2435,2435,2759,100,0,32,0,630,8,6,2,8
73,21,moe,804,34,8945,3723,3723,4967,169,0,86,0,743,8,5,3,8
73,22,moe,806,34,5062,2470,2470,2350,149,0,93,0,629,8,5,3,8
73,23,moe,665,33,8845,3631,3632,4962,168,0,83,0,745,8,5,3,8
73,24,moe,804,42,10852,4117,4117,6446,225,0,64,0,752,8,4,4,8
73,25,moe,807,36,7778,2723,2723,4845,171,0,39,0,745,8,5,3,8
73,26,moe,659,33,1984,297,297,1607,56,0,24,0,741,8,7,1,8
73,-1,epi,0,0,0,0,0,0,0,0,5942,0,0,0,0,0,0
74,-2,pre,47,0,0,0,0,0,0,0,0,0,0,0,0,0,0
74,0,dense,1486,42,0,0,0,0,0,0,0,0,0,0,0,0,0
74,1,moe,836,37,2013,319,319,1609,60,0,25,0,766,8,7,1,8
74,2,moe,750,35,2028,330,330,1618,60,0,20,0,759,8,7,1,8
74,3,moe,677,34,2469,1504,1504,886,59,0,20,0,755,8,7,1,8
74,4,moe,750,36,5384,2365,2365,2853,100,0,66,0,634,8,6,2,8
74,5,moe,816,34,9,0,0,0,0,0,9,0,630,8,8,0,8
74,6,moe,740,36,3073,1194,1194,1752,56,0,71,0,751,8,7,1,8
74,7,moe,663,32,9,0,0,0,0,0,9,0,645,8,8,0,8
74,8,moe,752,31,2305,1328,1328,852,52,0,73,0,645,8,7,1,8
74,9,moe,818,33,2384,1274,1274,983,59,0,68,0,755,8,7,1,8
74,10,moe,3682,35,8,0,0,0,0,0,8,0,633,8,8,0,8
74,11,moe,11201,34,8,0,0,0,0,0,8,0,623,8,8,0,8
74,12,moe,737,34,4046,658,658,3228,116,0,44,0,760,8,6,2,8
74,13,moe,816,34,2763,1137,1137,1501,51,0,74,0,635,8,7,1,8
74,14,moe,742,32,6801,2468,2468,4140,151,0,42,0,636,8,5,3,8
74,15,moe,663,31,3586,1503,1503,1892,115,0,76,0,752,8,6,2,8
74,16,moe,742,36,4276,1647,1648,2382,157,0,89,0,648,8,5,3,8
74,17,moe,812,33,3029,1357,1357,1539,103,0,30,0,641,8,6,2,8
74,18,moe,747,34,6163,2600,2600,3366,113,0,84,0,747,8,6,2,8
74,19,moe,664,31,7114,2614,2615,4270,147,0,82,0,627,8,5,3,8
74,20,moe,740,34,4293,1398,1398,2769,97,0,29,0,629,8,6,2,8
74,21,moe,804,35,7024,1839,1839,4924,170,0,91,0,745,8,5,3,8
74,22,moe,803,35,6329,1858,1858,4223,147,0,101,0,633,8,5,3,8
74,23,moe,654,33,5931,2368,2368,3384,111,0,68,0,745,8,6,2,8
74,24,moe,809,34,5180,1803,1803,3232,113,0,32,0,748,8,6,2,8
74,25,moe,808,40,1290,322,322,885,59,0,24,0,764,8,7,1,8
74,26,moe,672,31,3976,622,622,3209,114,0,31,0,747,8,6,2,8
74,-1,epi,0,0,0,0,0,0,0,0,5980,0,0,0,0,0,0
75,-2,pre,89,0,0,0,0,0,0,0,0,0,0,0,0,0,0
75,0,dense,1487,38,0,0,0,0,0,0,0,0,0,0,0,0,0
75,1,moe,836,34,5103,1730,1730,3230,113,0,30,0,752,8,6,2,8
75,2,moe,751,37,9,0,0,0,0,0,9,0,765,8,8,0,8
75,3,moe,685,34,9,0,0,0,0,0,9,0,763,8,8,0,8
75,4,moe,764,34,21,0,0,0,0,0,21,0,656,8,8,0,8
75,5,moe,838,33,2164,1205,1205,822,51,0,86,0,646,8,7,1,8
75,6,moe,753,35,13,0,0,0,0,0,13,0,780,8,8,0,8
75,7,moe,685,33,2594,1138,1138,1386,49,0,21,0,645,8,7,1,8
75,8,moe,745,31,1728,285,285,1376,48,0,19,0,638,8,7,1,8
75,9,moe,841,37,8,0,0,0,0,0,8,0,765,8,8,0,8
75,10,moe,754,32,7,0,0,0,0,0,7,0,659,8,8,0,8
75,11,moe,700,32,3138,1480,1480,1526,102,0,30,0,652,8,6,2,8
75,12,moe,6878,34,8,0,0,0,0,0,8,0,749,8,8,0,8
75,13,moe,814,36,7757,3429,3429,4137,150,0,41,0,638,8,5,3,8
75,14,moe,743,33,8,0,0,0,0,0,8,0,640,8,8,0,8
75,15,moe,666,33,7,0,0,0,0,0,7,0,761,8,8,0,8
75,16,moe,746,33,7818,3492,3492,4139,147,0,40,0,645,8,5,3,8
75,17,moe,819,36,4607,2130,2130,2292,148,0,37,0,633,8,5,3,8
75,18,moe,745,33,2435,1291,1291,1010,60,0,74,0,751,8,7,1,8
75,19,moe,673,33,6144,1685,1685,4217,151,0,91,0,636,8,5,3,8
75,20,moe,734,31,2645,1198,1198,1378,49,0,20,0,627,8,7,1,8
75,21,moe,816,33,3627,1544,1544,1885,117,0,81,0,757,8,6,2,8
75,22,moe,811,34,9,0,0,0,0,0,9,0,637,8,8,0,8
75,23,moe,675,34,3480,1554,1554,1781,116,1,28,0,764,8,6,2,8
75,24,moe,813,34,2195,1222,1222,892,60,0,21,0,764,8,7,1,8
75,25,moe,825,206,16490,9701,9701,6509,226,0,54,0,779,8,4,4,8
75,26,moe,662,36,4893,1531,1531,3216,115,0,31,0,745,8,6,2,8
75,-1,epi,0,0,0,0,0,0,0,0,5954,0,0,0,0,0,0
76,-2,pre,81,0,0,0,0,0,0,0,0,0,0,0,0,0,0
76,0,dense,1470,40,0,0,0,0,0,0,0,0,0,0,0,0,0
76,1,moe,840,35,9,0,0,0,0,0,9,0,779,8,8,0,8
76,2,moe,763,40,2223,1251,1251,889,59,0,24,0,763,8,7,1,8
76,3,moe,686,32,9,0,0,0,0,1,8,0,771,8,8,0,8
76,4,moe,763,33,3712,1923,1923,1590,102,0,97,0,653,8,6,2,8
76,5,moe,829,34,2018,1187,1187,761,52,0,18,0,642,8,7,1,8
76,6,moe,758,36,9,0,0,0,0,0,9,0,767,8,8,0,8
76,7,moe,682,32,8,0,0,0,0,0,8,0,646,8,8,0,8
76,8,moe,754,33,8,0,0,0,0,0,8,0,652,8,8,0,8
76,9,moe,839,32,4500,2408,2408,1892,117,0,83,0,767,8,6,2,8
76,10,moe,761,33,4405,1402,1402,2823,97,0,83,0,629,8,6,2,8
76,11,moe,663,31,8,0,0,0,0,0,8,0,632,8,8,0,8
76,12,moe,749,32,8,0,0,0,0,0,8,0,765,8,8,0,8
76,13,moe,3715,37,5202,2318,2319,2753,98,0,32,0,637,8,6,2,8
76,14,moe,747,35,9,0,0,0,0,0,9,0,637,8,8,0,8
76,15,moe,671,28,5953,2377,2377,3376,114,0,86,0,756,8,6,2,8
76,16,moe,749,29,4486,1469,1469,2832,100,0,85,0,634,8,6,2,8
76,17,moe,815,28,2609,1120,1120,1405,57,0,27,0,677,8,7,1,8
76,18,moe,736,37,10,0,0,0,0,0,10,0,744,8,8,0,8
76,19,moe,671,29,3085,1391,1391,1547,110,0,37,0,693,8,6,2,8
76,20,moe,730,31,1128,270,270,776,60,0,22,0,687,8,7,1,8
76,21,moe,802,32,9,0,0,0,0,0,9,0,772,8,8,0,8
76,22,moe,855,38,3845,2183,2183,1524,100,0,38,0,677,8,6,2,8
76,23,moe,687,34,5920,2868,2868,2782,176,0,94,0,767,8,5,3,8
76,24,moe,819,36,6960,3116,3116,3563,228,0,53,0,762,8,4,4,8
76,25,moe,823,33,4441,1063,1063,3227,116,0,35,0,761,8,6,2,8
76,26,moe,674,30,10660,3960,3960,6432,223,0,45,0,752,8,4,4,8
76,-1,epi,0,0,0,0,0,0,0,0,5993,0,0,0,0,0,0
77,-2,pre,199,0,0,0,0,0,0,0,0,0,0,0,0,0,0
77,0,dense,1511,32,0,0,0,0,0,0,0,0,0,0,0,0,0
77,1,moe,855,32,9,0,0,0,0,0,9,0,782,8,8,0,8
77,2,moe,789,34,2247,1277,1277,889,58,0,23,0,769,8,7,1,8
77,3,moe,694,28,3000,1312,1312,1611,57,0,20,0,756,8,7,1,8
77,4,moe,765,35,9,0,0,0,0,0,9,0,652,8,8,0,8
77,5,moe,837,33,8,0,0,0,0,0,8,0,654,8,8,0,8
77,6,moe,767,28,2855,1166,1166,1612,56,0,21,0,772,8,7,1,8
77,7,moe,682,30,2747,1124,1124,1486,49,0,88,0,641,8,7,1,8
77,8,moe,746,32,5118,2213,2213,2773,100,0,32,0,643,8,6,2,8
77,9,moe,819,31,5200,1609,1610,3413,113,0,64,0,755,8,6,2,8
77,10,moe,757,29,4424,1395,1395,2849,100,0,80,0,631,8,6,2,8
77,11,moe,669,30,5045,2143,2143,2770,101,0,31,0,633,8,6,2,8
77,12,moe,752,30,6038,2457,2457,3386,115,0,80,0,752,8,6,2,8
77,13,moe,2027,30,7168,2687,2687,4239,150,0,92,0,634,8,5,3,8
77,14,moe,745,31,5153,2252,2252,2771,100,0,30,0,631,8,6,2,8
77,15,moe,666,40,5129,2089,2089,2778,172,0,90,0,758,8,5,3,8
77,16,moe,739,31,4026,2255,2255,1590,103,0,78,0,634,8,6,2,8
77,17,moe,817,31,1995,1156,1156,766,51,0,22,0,641,8,7,1,8
77,18,moe,737,32,9200,2331,2331,6549,223,0,97,0,749,8,4,4,8
77,19,moe,671,31,1225,277,277,836,53,0,59,0,639,8,7,1,8
77,20,moe,768,33,2015,1177,1178,764,52,0,21,0,631,8,7,1,8
77,21,moe,828,31,3169,1338,1338,1714,57,0,60,0,753,8,7,1,8
77,22,moe,817,31,1230,275,275,841,51,0,63,0,633,8,7,1,8
77,23,moe,667,27,2592,1486,1486,987,59,0,60,0,757,8,7,1,8
77,24,moe,820,30,6471,3595,3595,2665,172,0,39,0,763,8,5,3,8
77,25,moe,810,29,4211,1323,1323,2668,174,0,46,0,758,8,5,3,8
77,26,moe,677,28,1990,310,310,1604,56,0,20,0,749,8,7,1,8
77,-1,epi,0,0,0,0,0,0,0,0,6072,0,0,0,0,0,0
78,-2,pre,42,0,0,0,0,0,0,0,0,0,0,0,0,0,0
78,0,dense,1530,31,0,0,0,0,0,0,0,0,0,0,0,0,0
78,1,moe,848,30,2296,1330,1330,887,59,0,20,0,773,8,7,1,8
78,2,moe,769,32,10,0,1,0,0,0,9,0,774,8,8,0,8
78,3,moe,706,30,1669,700,700,889,59,0,21,0,781,8,7,1,8
78,4,moe,759,50,4077,2274,2274,1610,103,0,90,0,649,8,6,2,8
78,5,moe,828,33,4084,2427,2427,1529,101,0,27,0,640,8,6,2,8
78,6,moe,765,30,17,0,0,0,0,0,17,0,762,8,8,0,8
78,7,moe,675,29,4265,1381,1381,2753,100,0,31,0,636,8,6,2,8
78,8,moe,750,33,9,0,0,0,0,0,9,0,639,8,8,0,8
78,9,moe,822,30,8,0,0,0,0,0,8,0,760,8,8,0,8
78,10,moe,755,31,1989,1148,1148,767,51,0,23,0,669,8,7,1,8
78,11,moe,681,29,9,0,0,0,0,0,9,0,655,8,8,0,8
78,12,moe,771,33,2424,1275,1275,1017,60,0,72,0,764,8,7,1,8
78,13,moe,825,29,8,0,0,0,0,0,8,0,646,8,8,0,8
78,14,moe,757,29,2100,1154,1155,832,51,0,62,0,655,8,7,1,8
78,15,moe,684,29,7,0,0,0,0,0,7,0,775,8,8,0,8
78,16,moe,767,32,9,0,0,0,0,0,9,0,664,8,8,0,8
78,17,moe,850,32,8,0,0,0,0,0,8,0,672,8,8,0,8
78,18,moe,783,30,1465,331,331,1003,59,0,72,0,781,8,7,1,8
78,19,moe,701,28,4063,2264,2264,1619,105,0,75,0,644,8,6,2,8
78,20,moe,757,30,2169,1329,1329,764,50,0,26,0,645,8,7,1,8
78,21,moe,843,30,2397,1289,1289,986,60,0,62,0,766,8,7,1,8
78,22,moe,832,29,9390,5115,5115,3906,250,0,119,0,656,8,3,5,8
78,23,moe,747,33,8122,1208,1208,6594,226,0,94,0,754,8,4,4,8
78,24,moe,830,38,6064,3189,3189,2665,170,0,40,0,764,8,5,3,8
78,25,moe,825,34,8,0,0,0,0,0,8,0,766,8,8,0,8
78,26,moe,671,33,4012,651,651,3219,112,0,30,0,755,8,6,2,8
78,-1,epi,0,0,0,0,0,0,0,0,6088,0,0,0,0,0,0
79,-2,pre,82,0,0,0,0,0,0,0,0,0,0,0,0,0,0
79,0,dense,1530,42,0,0,0,0,0,0,0,0,0,0,0,0,0
79,1,moe,846,36,8346,1615,1615,6455,225,0,51,0,765,8,4,4,8
79,2,moe,753,32,8792,3766,3766,4817,169,0,40,0,752,8,5,3,8
79,3,moe,682,32,7224,3395,3395,3554,229,0,46,0,762,8,4,4,8
79,4,moe,746,35,3440,837,837,2353,150,0,100,0,642,8,5,3,8
79,5,moe,819,35,1090,258,258,761,54,0,17,0,660,8,7,1,8
79,6,moe,755,37,2409,1264,1264,1020,59,0,66,0,761,8,7,1,8
79,7,moe,680,34,8,0,0,0,0,0,8,0,654,8,8,0,8
79,8,moe,766,34,3278,1473,1473,1613,103,0,89,0,647,8,6,2,8
79,9,moe,823,36,5825,2758,2758,2807,173,0,87,0,758,8,5,3,8
79,10,moe,743,33,2964,1145,1145,1638,102,0,79,0,643,8,6,2,8
79,11,moe,668,33,1073,242,242,760,53,0,18,0,652,8,7,1,8
79,12,moe,756,32,5194,1580,1580,3420,115,0,79,0,752,8,6,2,8
79,13,moe,835,36,8,0,0,0,0,0,8,0,643,8,8,0,8
79,14,moe,755,35,5252,2636,2636,2360,153,0,103,0,641,8,5,3,8
79,15,moe,679,36,7998,2784,2785,4960,167,0,86,0,749,8,5,3,8
79,16,moe,739,38,10569,3206,3206,7006,244,0,113,0,634,8,3,5,8
79,17,moe,811,33,6616,2486,2486,3827,245,0,58,0,642,8,3,5,8
79,18,moe,751,34,8611,3585,3586,4607,305,0,113,0,758,8,3,5,8
79,19,moe,671,32,12239,3413,3414,8409,299,0,117,0,642,8,2,6,8
79,20,moe,747,38,7009,2864,2864,3828,251,0,66,0,640,8,3,5,8
79,21,moe,807,36,12078,3449,3449,8227,287,0,115,0,749,8,3,5,8
79,22,moe,802,36,11154,3844,3844,6963,242,0,105,0,629,8,3,5,8
79,23,moe,667,34,11000,1918,1918,8626,340,0,116,0,755,8,2,6,8
79,24,moe,809,37,9634,4847,4848,4438,286,0,62,0,752,8,3,5,8
79,25,moe,807,36,10565,3852,3852,6231,399,0,83,0,751,8,1,7,8
79,26,moe,685,34,10191,4222,4222,5531,368,0,70,0,798,8,2,6,8
79,-1,epi,0,0,0,0,0,0,0,0,5787,0,0,0,0,0,0
80,-2,pre,54,0,0,0,0,0,0,0,0,0,0,0,0,0,0
80,0,dense,1487,45,0,0,0,0,0,0,0,0,0,0,0,0,0
80,1,moe,948,38,6248,2355,2355,3598,235,0,60,0,776,8,4,4,8
80,2,moe,763,40,3460,1521,1521,1788,116,0,35,0,762,8,6,2,8
80,3,moe,674,35,3535,1600,1600,1787,116,0,32,0,764,8,6,2,8
80,4,moe,745,37,4058,2254,2254,1599,101,0,104,0,643,8,6,2,8
80,5,moe,825,38,1745,297,297,1378,50,0,20,0,644,8,7,1,8
80,6,moe,752,51,2429,1272,1272,1022,59,0,76,0,764,8,7,1,8
80,7,moe,676,37,1201,266,266,821,51,0,63,0,660,8,7,1,8
80,8,moe,741,34,8,0,0,0,0,0,8,0,636,8,8,0,8
80,9,moe,818,36,2700,626,627,1867,117,0,89,0,767,8,6,2,8
80,10,moe,750,35,1242,288,288,839,51,0,64,0,645,8,7,1,8
80,11,moe,697,33,3449,1802,1802,1519,99,0,29,0,644,8,6,2,8
80,12,moe,747,35,2656,622,622,1844,113,0,77,0,757,8,6,2,8
80,13,moe,817,48,2291,542,542,1568,98,0,83,0,650,8,6,2,8
80,14,moe,2842,38,4569,2090,2090,2293,145,0,41,0,632,8,5,3,8
80,15,moe,666,33,6596,2611,2611,3662,231,0,92,0,755,8,4,4,8
80,16,moe,746,48,2334,572,572,1589,100,0,73,0,638,8,6,2,8
80,17,moe,820,37,5067,2599,2599,2282,149,0,37,0,650,8,5,3,8
80,18,moe,744,33,3682,1613,1613,1880,115,0,74,0,746,8,6,2,8
80,19,moe,675,32,5423,1988,1988,3138,201,0,96,0,640,8,4,4,8
80,20,moe,739,34,2067,1225,1225,768,55,0,19,0,639,8,7,1,8
80,21,moe,813,34,6248,2295,2295,3628,226,0,99,0,753,8,4,4,8
80,22,moe,820,37,1421,450,450,851,53,0,67,0,638,8,7,1,8
80,23,moe,676,33,2639,609,609,1851,113,0,66,0,753,8,6,2,8
80,24,moe,818,35,2560,632,632,1770,113,0,45,0,757,8,6,2,8
80,25,moe,819,33,6519,1737,1738,4435,289,0,57,0,766,8,3,5,8
80,26,moe,682,33,3796,916,916,2661,176,0,43,0,760,8,5,3,8
80,-1,epi,0,0,0,0,0,0,0,0,6059,0,0,0,0,0,0
81,-2,pre,45,0,0,0,0,0,0,0,0,0,0,0,0,0,0
81,0,dense,1507,36,0,0,0,0,0,0,0,0,0,0,0,0,0
81,1,moe,840,35,5293,2403,2404,2672,173,0,44,0,766,8,5,3,8
81,2,moe,757,36,4853,1955,1955,2680,176,0,42,0,774,8,5,3,8
81,3,moe,672,34,6336,1552,1553,4444,286,0,53,0,762,8,3,5,8
81,4,moe,742,35,3437,804,804,2382,150,0,101,0,634,8,5,3,8
81,5,moe,816,33,1999,1150,1151,771,52,0,25,0,664,8,7,1,8
81,6,moe,743,38,9,0,0,0,0,0,9,0,772,8,8,0,8
81,7,moe,678,32,8,0,0,0,0,0,8,0,648,8,8,0,8
81,8,moe,760,32,1103,269,269,762,49,0,23,0,655,8,7,1,8
81,9,moe,840,38,1427,321,321,973,58,0,75,0,765,8,7,1,8
81,10,moe,756,35,2200,1193,1193,863,60,0,84,0,672,8,7,1,8
81,11,moe,722,33,2647,882,882,1621,114,1,29,0,688,8,6,2,8
81,12,moe,747,35,1429,296,296,991,71,0,71,0,768,8,7,1,8
81,13,moe,858,34,4532,1909,1909,2366,154,0,103,0,703,8,5,3,8
81,14,moe,1152,43,2298,596,596,1555,114,0,33,0,679,8,6,2,8
81,15,moe,748,39,5922,2828,2828,2819,179,1,95,0,787,8,5,3,8
81,16,moe,751,36,3537,815,815,2456,164,0,102,0,590,8,5,3,8
81,17,moe,752,45,4670,2070,2070,2401,156,0,43,0,645,8,5,3,8
81,18,moe,754,37,7626,4568,4568,2786,177,0,95,0,768,8,5,3,8
81,19,moe,674,34,6683,3217,3217,3119,199,0,148,0,644,8,4,4,8
81,20,moe,806,35,8160,4040,4040,3806,250,0,64,0,661,8,3,5,8
81,21,moe,818,37,6037,2975,2975,2782,172,0,108,0,755,8,5,3,8
81,22,moe,822,36,5546,2125,2125,3115,196,0,110,0,634,8,4,4,8
81,23,moe,673,35,9579,4627,4627,4572,289,0,91,0,766,8,3,5,8
81,24,moe,814,36,5139,1281,1281,3574,231,0,53,0,765,8,4,4,8
81,25,moe,822,36,7860,3084,3084,4421,283,0,72,0,771,8,3,5,8
81,26,moe,679,34,6309,1549,1549,4422,281,0,57,0,755,8,3,5,8
81,-1,epi,0,0,0,0,0,0,0,0,6035,0,0,0,0,0,0
82,-2,pre,44,0,0,0,0,0,0,0,0,0,0,0,0,0,0
82,0,dense,1551,41,0,0,0,0,0,0,0,0,0,0,0,0,0
82,1,moe,855,38,2740,818,818,1771,116,0,35,0,767,8,6,2,8
82,2,moe,757,35,2914,997,997,1775,115,0,27,0,767,8,6,2,8
82,3,moe,688,33,4292,1374,1374,2691,178,0,49,0,786,8,5,3,8
82,4,moe,764,33,4481,1094,1095,3093,202,0,91,0,636,8,4,4,8
82,5,moe,830,38,2187,537,537,1526,98,0,26,0,645,8,6,2,8
82,6,moe,754,35,10,0,0,0,0,0,10,0,780,8,8,0,8
82,7,moe,690,33,2070,1236,1236,763,52,0,19,0,637,8,7,1,8
82,8,moe,749,33,13,0,0,0,0,0,13,0,652,8,8,0,8
82,9,moe,836,50,8,0,0,0,0,0,8,0,772,8,8,0,8
82,10,moe,761,33,2202,549,549,1525,97,0,31,0,645,8,6,2,8
82,11,moe,687,32,3084,1427,1427,1521,101,0,35,0,646,8,6,2,8
82,12,moe,750,29,1427,322,322,992,57,0,56,0,766,8,7,1,8
82,13,moe,841,34,2401,583,583,1580,101,0,137,0,641,8,6,2,8
82,14,moe,6155,33,1116,264,264,776,57,0,19,0,654,8,7,1,8
82,15,moe,985,28,5655,1632,1633,3685,228,1,108,0,781,8,4,4,8
82,16,moe,750,32,2333,562,562,1589,101,0,81,0,905,8,6,2,8
82,17,moe,836,37,6783,2657,2657,3820,249,0,57,0,650,8,3,5,8
82,18,moe,743,33,2728,1579,1579,1014,59,0,76,0,758,8,7,1,8
82,19,moe,681,31,1229,276,276,828,52,0,73,0,640,8,7,1,8
82,20,moe,752,30,1132,289,289,773,51,0,19,0,642,8,7,1,8
82,21,moe,820,29,4551,966,966,2999,465,0,121,0,789,8,5,3,8
82,22,moe,837,32,3783,804,804,2708,180,0,91,0,623,8,5,3,8
82,23,moe,725,31,2712,606,606,1928,114,0,64,0,754,8,6,2,8
82,24,moe,829,33,1282,319,319,886,59,0,18,0,761,8,7,1,8
82,25,moe,835,33,2717,803,803,1775,113,0,26,0,759,8,6,2,8
82,26,moe,688,30,3802,939,939,2651,171,0,41,0,759,8,5,3,8
82,-1,epi,0,0,0,0,0,0,0,0,6136,0,0,0,0,0,0
83,-2,pre,215,0,0,0,0,0,0,0,0,0,0,0,0,0,0
83,0,dense,1517,34,0,0,0,0,0,0,0,0,0,0,0,0,0
83,1,moe,854,35,3779,1853,1853,1777,117,0,32,0,773,8,6,2,8
83,2,moe,758,33,2165,1205,1205,882,58,0,20,0,765,8,7,1,8
83,3,moe,701,29,4880,1993,1993,2681,167,0,39,0,758,8,5,3,8
83,4,moe,747,31,7434,3977,3977,3130,194,0,133,0,637,8,4,4,8
83,5,moe,817,32,1992,1154,1155,768,49,0,20,0,646,8,7,1,8
83,6,moe,737,30,4471,2416,2416,1858,115,0,82,0,763,8,6,2,8
83,7,moe,673,30,6970,3534,3534,3135,195,0,106,0,638,8,4,4,8
83,8,moe,734,31,1964,1126,1126,768,51,0,19,0,632,8,7,1,8
83,9,moe,815,31,2330,1199,1199,1010,58,0,63,0,752,8,7,1,8
83,10,moe,738,30,2229,1279,1279,837,52,1,60,0,637,8,7,1,8
83,11,moe,681,28,1957,1117,1117,760,60,0,20,0,629,8,7,1,8
83,12,moe,740,29,4582,2506,2506,1888,113,0,75,0,759,8,6,2,8
83,13,moe,817,35,2093,1134,1134,845,50,0,64,0,636,8,7,1,8
83,14,moe,743,29,4244,1763,1763,2289,149,0,43,0,646,8,5,3,8
83,15,moe,13031,37,2773,660,660,1891,123,0,99,0,806,8,6,2,8
83,16,moe,766,34,10,0,0,0,0,0,10,0,622,8,8,0,8
83,17,moe,834,32,4460,1426,1426,2838,101,0,95,0,645,8,6,2,8
83,18,moe,759,33,4503,2427,2427,1869,117,0,90,0,759,8,6,2,8
83,19,moe,685,33,6168,2726,2726,3139,197,0,106,0,643,8,4,4,8
83,20,moe,757,33,3162,1498,1498,1526,101,0,37,0,643,8,6,2,8
83,21,moe,835,37,2686,623,623,1883,116,0,64,0,759,8,6,2,8
83,22,moe,828,33,2332,526,526,1617,100,0,89,0,649,8,6,2,8
83,23,moe,677,31,2367,1274,1274,977,57,0,59,0,752,8,7,1,8
83,24,moe,836,32,6019,976,976,4833,169,0,41,0,759,8,5,3,8
83,25,moe,823,35,2017,331,331,1609,57,0,20,0,753,8,7,1,8
83,26,moe,677,31,3978,617,617,3215,112,0,34,0,746,8,6,2,8
83,-1,epi,0,0,0,0,0,0,0,0,6099,0,0,0,0,0,0
84,-2,pre,44,0,0,0,0,0,0,0,0,0,0,0,0,0,0
84,0,dense,1490,35,0,0,0,0,0,0,0,0,0,0,0,0,0
84,1,moe,853,34,2286,1263,1263,926,68,0,29,0,797,8,7,1,8
84,2,moe,757,33,2281,1296,1296,899,62,1,23,0,813,8,7,1,8
84,3,moe,710,40,4369,2398,2398,1809,127,0,35,0,783,8,6,2,8
84,4,moe,792,33,5115,2452,2453,2399,156,1,106,0,659,8,5,3,8
84,5,moe,860,40,1134,277,277,773,62,0,22,0,659,8,7,1,8
84,6,moe,765,32,4404,2346,2346,1886,114,0,58,0,778,8,6,2,8
84,7,moe,683,31,3997,2214,2214,1593,103,0,87,0,652,8,6,2,8
84,8,moe,761,32,2006,1164,1164,767,52,0,23,0,647,8,7,1,8
84,9,moe,878,36,3679,1556,1556,1905,119,0,99,0,744,8,6,2,8
84,10,moe,732,36,6091,3471,3471,2366,152,0,102,0,642,8,5,3,8
84,11,moe,685,31,2564,906,906,1526,102,0,30,0,648,8,6,2,8
84,12,moe,747,31,2394,1271,1271,995,59,0,69,0,760,8,7,1,8
84,13,moe,825,28,1208,269,269,822,49,0,68,0,647,8,7,1,8
84,14,moe,749,31,5021,2541,2541,2289,146,0,45,0,644,8,5,3,8
84,15,moe,672,29,2329,1183,1183,1022,57,0,67,0,766,8,7,1,8
84,16,moe,746,30,2105,1139,1139,847,50,0,69,0,646,8,7,1,8
84,17,moe,877,33,4677,3824,3824,774,54,0,25,0,639,8,7,1,8
84,18,moe,757,36,4549,2418,2418,1915,127,0,89,0,776,8,6,2,8
84,19,moe,780,38,6235,2745,2745,3171,212,0,107,0,682,8,4,4,8
84,20,moe,812,36,3070,1384,1384,1550,104,0,32,0,696,8,6,2,8
84,21,moe,863,39,9284,3462,3462,5372,338,0,112,0,841,8,3,5,8
84,22,moe,783,39,3237,1364,1364,1683,106,0,84,0,674,8,6,2,8
84,23,moe,736,36,3589,1503,1503,1892,120,0,74,0,785,8,6,2,8
84,24,moe,876,38,6006,2117,2119,3600,238,0,49,0,801,8,4,4,8
84,25,moe,856,35,6579,3665,3666,2692,174,0,47,0,847,8,5,3,8
84,26,moe,687,34,3513,1572,1572,1794,116,0,31,0,782,8,6,2,8
84,-1,epi,0,0,0,0,0,0,0,0,6244,0,0,0,0,0,0
85,-2,pre,54,0,0,0,0,0,0,0,0,0,0,0,0,0,0
85,0,dense,1537,42,0,0,0,0,0,0,0,0,0,0,0,0,0
85,1,moe,876,45,2273,1270,1270,915,64,0,24,0,805,8,7,1,8
85,2,moe,776,44,4401,2430,2430,1814,123,0,34,0,750,8,6,2,8
85,3,moe,672,34,4977,2037,2037,2720,179,0,41,0,774,8,5,3,8
85,4,moe,757,36,6269,2797,2798,3170,207,0,94,0,581,8,4,4,8
85,5,moe,728,41,1181,282,282,819,56,0,24,0,581,8,7,1,8
85,6,moe,690,40,10,0,0,0,0,0,10,0,670,8,8,0,8
85,7,moe,693,37,1128,267,267,788,52,0,21,0,667,8,7,1,8
85,8,moe,772,40,1499,618,619,796,53,0,31,0,658,8,7,1,8
85,9,moe,863,41,9,0,0,0,0,0,9,0,791,8,8,0,8
85,10,moe,776,34,10,0,0,0,0,0,10,0,669,8,8,0,8
85,11,moe,724,38,9,0,0,0,0,0,9,0,669,8,8,0,8
85,12,moe,780,37,3729,1568,1568,1956,118,0,87,0,798,8,6,2,8
85,13,moe,870,48,9,0,0,0,0,0,9,0,680,8,8,0,8
85,14,moe,843,38,4542,1890,1890,2392,159,0,101,0,683,8,5,3,8
85,15,moe,718,36,1449,315,315,1005,67,0,62,0,758,8,7,1,8
85,16,moe,753,36,1228,263,263,845,55,0,65,0,666,8,7,1,8
85,17,moe,777,38,9,0,0,0,0,0,9,0,587,8,8,0,8
85,18,moe,715,39,9,0,0,0,0,0,9,0,688,8,8,0,8
85,19,moe,696,34,1146,258,258,813,53,0,22,0,686,8,7,1,8
85,20,moe,756,40,2075,1224,1224,778,52,0,21,0,688,8,7,1,8
85,21,moe,825,41,3684,1478,1478,1995,121,0,90,0,723,8,6,2,8
85,22,moe,872,38,2713,1747,1747,838,52,0,76,0,804,8,7,1,8
85,23,moe,850,35,4357,2281,2281,1883,118,0,75,0,741,8,6,2,8
85,24,moe,779,39,2307,1247,1247,970,68,0,22,0,782,8,7,1,8
85,25,moe,918,38,2197,1215,1215,900,61,0,21,0,909,8,7,1,8
85,26,moe,761,37,8,0,0,0,0,0,8,0,830,8,8,0,8
85,-1,epi,0,0,0,0,0,0,0,0,6031,0,0,0,0,0,0
86,-2,pre,53,0,0,0,0,0,0,0,0,0,0,0,0,0,0
86,0,dense,1328,42,0,0,0,0,0,0,0,0,0,0,0,0,0
86,1,moe,774,40,10,0,0,0,0,0,10,0,732,8,8,0,8
86,2,moe,716,49,3734,691,691,2809,192,0,42,0,787,8,6,2,8
86,3,moe,715,43,10,0,0,0,0,0,10,0,729,8,8,0,8
86,4,moe,721,39,2455,550,551,1715,111,0,78,0,656,8,6,2,8
86,5,moe,778,39,3514,855,855,2458,159,0,42,0,587,8,5,3,8
86,6,moe,693,39,9,0,0,0,0,0,9,0,667,8,8,0,8
86,7,moe,623,37,1165,267,267,821,54,0,23,0,579,8,7,1,8
86,8,moe,701,44,11,0,0,0,0,0,11,0,590,8,8,0,8
86,9,moe,756,38,1533,335,335,1052,64,0,82,0,779,8,7,1,8
86,10,moe,726,39,9,0,0,0,0,0,9,0,606,8,8,0,8
86,11,moe,663,42,2856,1803,1803,891,54,0,108,0,569,8,7,1,8
86,12,moe,703,39,9,0,0,0,0,0,9,0,666,8,8,0,8
86,13,moe,739,40,1517,614,615,822,54,0,26,0,583,8,7,1,8
86,14,moe,691,40,2069,1165,1166,827,54,0,22,0,566,8,7,1,8
86,15,moe,606,36,1494,322,322,1046,70,0,56,0,663,8,7,1,8
86,16,moe,3104,37,1266,265,265,862,51,0,88,0,659,8,7,1,8
86,17,moe,835,37,9,0,0,0,0,0,9,0,656,8,8,0,8
86,18,moe,763,34,2426,1249,1249,1037,62,0,78,0,661,8,7,1,8
86,19,moe,633,35,5237,2594,2594,2415,152,0,76,0,634,8,5,3,8
86,20,moe,691,39,2349,579,579,1634,105,0,31,0,569,8,6,2,8
86,21,moe,735,38,10,0,0,0,0,0,10,0,655,8,8,0,8
86,22,moe,741,38,3226,1448,1448,1640,107,0,31,0,566,8,6,2,8
86,23,moe,604,34,4526,2304,2304,2007,126,0,89,0,666,8,6,2,8
86,24,moe,740,38,3634,1566,1566,1906,123,0,39,0,671,8,6,2,8
86,25,moe,726,37,2234,1187,1187,956,67,0,24,0,707,8,7,1,8
86,26,moe,668,37,2237,1230,1230,918,67,0,22,0,754,8,7,1,8
86,-1,epi,0,0,0,0,0,0,0,0,5314,0,0,0,0,0,0
87,-2,pre,71,0,0,0,0,0,0,0,0,0,0,0,0,0,0
87,0,dense,1333,40,0,0,0,0,0,0,0,0,0,0,0,0,0
87,1,moe,787,44,14,0,0,0,0,0,14,0,694,8,8,0,8
87,2,moe,705,36,10,0,0,0,0,0,10,0,730,8,8,0,8
87,3,moe,625,42,1358,302,302,963,70,0,23,0,760,8,7,1,8
87,4,moe,705,44,2231,1178,1178,906,54,0,93,0,626,8,7,1,8
87,5,moe,798,38,2117,1195,1195,838,54,1,29,0,623,8,7,1,8
87,6,moe,707,39,1537,319,319,1079,65,0,74,0,706,8,7,1,8
87,7,moe,651,42,10,0,0,0,0,0,10,0,597,8,8,0,8
87,8,moe,650,38,9,0,0,0,0,0,9,0,612,8,8,0,8
87,9,moe,782,41,2758,665,665,1924,131,0,38,0,774,8,6,2,8
87,10,moe,664,38,11,0,0,0,0,0,11,0,594,8,8,0,8
87,11,moe,752,46,2972,1172,1172,1589,105,0,106,0,870,8,7,1,8
87,12,moe,916,41,9,0,0,0,0,0,9,0,1167,8,8,0,8
87,13,moe,789,39,1241,302,302,856,57,0,26,0,1066,8,7,1,8
87,14,moe,715,222,10,0,0,0,0,0,10,0,815,8,8,0,8
87,15,moe,783,35,9,0,0,0,0,0,9,0,714,8,8,0,8
87,16,moe,4393,38,2026,1106,1106,824,60,0,36,0,602,8,7,1,8
87,17,moe,762,39,1181,279,279,821,58,0,23,0,648,8,7,1,8
87,18,moe,688,37,1517,324,324,1061,71,0,61,0,738,8,7,1,8
87,19,moe,637,36,3399,1405,1405,1789,113,0,92,0,627,8,6,2,8
87,20,moe,670,44,2677,1773,1773,820,57,0,27,0,601,8,7,1,8
87,21,moe,790,39,2473,1207,1207,1113,65,0,88,0,680,8,7,1,8
87,22,moe,728,39,10,0,0,0,0,0,10,0,574,8,8,0,8
87,23,moe,602,36,1377,322,322,968,66,0,21,0,714,8,7,1,8
87,24,moe,787,44,6155,3041,3041,2870,196,0,48,0,804,8,5,3,8
87,25,moe,835,42,2712,626,626,1923,125,0,38,0,784,8,6,2,8
87,26,moe,665,38,2284,1218,1218,974,67,0,25,0,755,8,7,1,8
87,-1,epi,0,0,0,0,0,0,0,0,4700,0,0,0,0,0,0
88,-2,pre,239,0,0,0,0,0,0,0,0,0,0,0,0,0,0
88,0,dense,1250,44,0,0,0,0,0,0,0,0,0,0,0,0,0
88,1,moe,731,41,4470,2287,2287,1994,155,0,34,0,850,8,6,2,8
88,2,moe,746,42,6149,2903,2903,2981,207,0,58,0,809,8,5,3,8
88,3,moe,805,56,4195,2024,2024,1989,141,0,41,0,819,8,6,2,8
88,4,moe,700,36,11,0,0,0,0,0,11,0,639,8,8,0,8
88,5,moe,755,37,3471,1474,1475,1795,114,0,87,0,586,8,6,2,8
88,6,moe,675,37,2502,1261,1261,1094,68,0,79,0,776,8,7,1,8
88,7,moe,618,32,3632,1642,1642,1774,120,0,96,0,644,8,6,2,8
88,8,moe,653,40,7362,3679,3679,3408,217,0,58,0,606,8,4,4,8
88,9,moe,734,36,4620,2404,2404,2018,128,0,70,0,709,8,6,2,8
88,10,moe,671,37,3419,1450,1450,1764,114,0,91,0,565,8,6,2,8
88,11,moe,606,33,3497,1651,1651,1701,113,0,32,0,556,8,6,2,8
88,12,moe,659,34,8111,4045,4045,3726,226,0,114,0,774,8,4,4,8
88,13,moe,741,35,5370,2567,2567,2529,162,0,112,0,576,8,5,3,8
88,14,moe,684,34,3167,1376,1376,1651,103,0,37,0,567,8,6,2,8
88,15,moe,609,31,3933,1702,1702,2051,119,0,61,0,660,8,6,2,8
88,16,moe,676,31,5237,2560,2560,2399,154,0,124,0,639,8,5,3,8
88,17,moe,6773,32,3942,2291,2292,1521,101,0,28,0,637,8,6,2,8
88,18,moe,691,33,1857,640,640,1074,64,0,79,0,652,8,7,1,8
88,19,moe,620,36,2410,570,570,1658,102,0,80,0,642,8,6,2,8
88,20,moe,754,30,6877,3565,3565,3061,205,1,45,0,594,8,4,4,8
88,21,moe,701,34,4624,2418,2418,2003,123,0,80,0,751,8,6,2,8
88,22,moe,815,30,3193,1398,1398,1608,100,0,87,0,636,8,6,2,8
88,23,moe,675,29,7022,3028,3028,3668,225,0,101,0,765,8,4,4,8
88,24,moe,725,33,1370,335,335,950,62,0,23,0,655,8,7,1,8
88,25,moe,720,32,7465,3517,3518,3663,229,0,55,0,662,8,4,4,8
88,26,moe,619,33,5596,2734,2735,2654,168,0,39,0,759,8,5,3,8
88,-1,epi,0,0,0,0,0,0,0,0,4878,0,0,0,0,0,0
89,-2,pre,42,0,0,0,0,0,0,0,0,0,0,0,0,0,0
89,0,dense,1298,33,0,0,0,0,0,0,0,0,0,0,0,0,0
89,1,moe,740,31,5228,2195,2195,2811,174,0,48,0,724,8,5,3,8
89,2,moe,726,33,4390,2442,2442,1801,115,0,32,0,754,8,6,2,8
89,3,moe,674,30,5137,2041,2041,2866,186,0,44,0,654,8,5,3,8
89,4,moe,688,33,4550,1789,1789,2482,161,0,118,0,631,8,5,3,8
89,5,moe,819,29,5054,2552,2552,2311,152,0,39,0,645,8,5,3,8
89,6,moe,747,33,9,0,0,0,0,0,9,0,754,8,8,0,8
89,7,moe,664,31,7465,3227,3227,3924,252,0,62,0,642,8,3,5,8
89,8,moe,746,34,4047,2265,2266,1644,104,1,32,0,564,8,6,2,8
89,9,moe,734,32,3662,1549,1549,1907,115,0,91,0,756,8,6,2,8
89,10,moe,745,32,3251,1411,1411,1642,104,0,94,0,636,8,6,2,8
89,11,moe,699,47,4540,1848,1848,2478,164,1,49,0,569,8,5,3,8
89,12,moe,677,33,7620,3547,3547,3726,231,0,116,0,758,8,4,4,8
89,13,moe,811,30,2353,558,558,1611,103,0,81,0,643,8,6,2,8
89,14,moe,742,38,1143,289,289,780,50,0,24,0,638,8,7,1,8
89,15,moe,678,32,2974,940,940,1856,120,0,58,0,721,8,6,2,8
89,16,moe,737,35,5785,2324,2324,3152,197,0,112,0,633,8,4,4,8
89,17,moe,815,29,1133,273,273,785,51,1,23,0,564,8,7,1,8
89,18,moe,8128,30,2704,645,645,1861,115,0,83,0,753,8,6,2,8
89,19,moe,982,31,3384,780,780,2365,147,0,92,0,636,8,5,3,8
89,20,moe,746,29,2048,1198,1198,769,52,0,29,0,635,8,7,1,8
89,21,moe,813,36,4120,969,969,2878,180,0,93,0,655,8,5,3,8
89,22,moe,730,36,3318,1461,1461,1671,104,0,82,0,642,8,6,2,8
89,23,moe,682,29,1398,307,307,982,57,0,52,0,756,8,7,1,8
89,24,moe,816,29,6560,2720,2722,3556,230,0,52,0,761,8,4,4,8
89,25,moe,816,36,2942,1011,1011,1785,114,0,32,0,755,8,6,2,8
89,26,moe,688,30,6245,2407,2407,3560,230,0,48,0,675,8,4,4,8
89,-1,epi,0,0,0,0,0,0,0,0,4757,0,0,0,0,0,0
90,-2,pre,204,0,0,0,0,0,0,0,0,0,0,0,0,0,0
90,0,dense,1493,34,0,0,0,0,0,0,0,0,0,0,0,0,0
90,1,moe,832,32,5793,2911,2911,2671,172,0,39,0,762,8,5,3,8
90,2,moe,746,29,2163,1187,1187,897,59,0,20,0,760,8,7,1,8
90,3,moe,682,33,4951,2067,2068,2668,170,0,45,0,702,8,5,3,8
90,4,moe,679,32,2157,1129,1130,906,56,0,65,0,559,8,7,1,8
90,5,moe,723,33,20,0,0,0,0,0,20,0,629,8,8,0,8
90,6,moe,744,32,9,0,0,0,0,0,9,0,761,8,8,0,8
90,7,moe,690,29,5092,2615,2615,2286,152,0,39,0,650,8,5,3,8
90,8,moe,745,31,2177,1334,1334,771,52,0,20,0,643,8,7,1,8
90,9,moe,820,30,9,0,0,0,0,0,9,0,757,8,8,0,8
90,10,moe,750,31,3832,2176,2177,1526,100,0,29,0,646,8,6,2,8
90,11,moe,648,251,12720,9412,9412,3058,197,0,53,0,643,8,4,4,8
90,12,moe,732,34,6075,3011,3011,2792,168,0,104,0,755,8,5,3,8
90,13,moe,817,33,1244,283,284,838,50,0,72,0,655,8,7,1,8
90,14,moe,742,40,2113,1276,1277,766,51,0,19,0,635,8,7,1,8
90,15,moe,687,34,4587,2539,2539,1859,115,0,74,0,751,8,6,2,8
90,16,moe,745,34,4244,2466,2466,1587,103,0,88,0,634,8,6,2,8
90,17,moe,816,35,1959,1122,1122,764,51,0,22,0,635,8,7,1,8
90,18,moe,739,35,3697,1618,1618,1881,112,0,86,0,755,8,6,2,8
90,19,moe,3410,34,5779,2336,2336,3132,195,0,116,0,641,8,4,4,8
90,20,moe,740,35,6415,3108,3109,3061,198,0,47,0,642,8,4,4,8
90,21,moe,814,34,8019,4007,4007,3674,227,0,111,0,755,8,4,4,8
90,22,moe,812,35,9924,4835,4835,4658,295,0,136,0,648,8,2,6,8
90,23,moe,674,33,3594,1526,1526,1876,113,0,79,0,756,8,6,2,8
90,24,moe,807,33,5536,2663,2664,2665,167,0,40,0,748,8,5,3,8
90,25,moe,805,35,8,0,0,0,0,0,8,0,745,8,8,0,8
90,26,moe,682,43,8598,2879,2879,5313,340,0,66,0,761,8,2,6,8
90,-1,epi,0,0,0,0,0,0,0,0,6064,0,0,0,0,0,0
91,-2,pre,68,0,0,0,0,0,0,0,0,0,0,0,0,0,0
91,0,dense,1515,40,0,0,0,0,0,0,0,0,0,0,0,0,0
91,1,moe,839,36,5190,2292,2292,2679,169,0,50,0,767,8,5,3,8
91,2,moe,753,34,2542,626,626,1774,113,0,29,0,759,8,6,2,8
91,3,moe,683,33,7853,4014,4014,3569,225,0,45,0,762,8,4,4,8
91,4,moe,735,33,3499,816,817,2426,147,0,109,0,641,8,5,3,8
91,5,moe,823,34,1110,273,273,768,51,0,18,0,636,8,7,1,8
91,6,moe,758,33,8,0,0,0,0,0,8,0,766,8,8,0,8
91,7,moe,691,38,3148,1488,1488,1530,102,0,28,0,641,8,6,2,8
91,8,moe,751,35,1102,271,271,760,52,0,19,0,654,8,7,1,8
91,9,moe,833,37,5985,2884,2884,2818,190,0,93,0,805,8,5,3,8
91,10,moe,743,45,1276,299,299,832,60,0,85,0,674,8,7,1,8
91,11,moe,705,34,3345,812,812,2315,176,0,42,0,676,8,5,3,8
91,12,moe,757,37,10,0,0,0,0,0,10,0,809,8,8,0,8
91,13,moe,871,38,1153,275,275,796,59,0,23,0,659,8,7,1,8
91,14,moe,737,41,1793,290,290,1412,65,0,26,0,659,8,7,1,8
91,15,moe,710,36,2464,1340,1340,989,58,0,77,0,764,8,7,1,8
91,16,moe,771,39,1831,287,287,1438,51,0,55,0,665,8,7,1,8
91,17,moe,844,40,2213,539,539,1541,102,0,31,0,653,8,6,2,8
91,18,moe,771,36,10,0,0,0,0,0,10,0,793,8,8,0,8
91,19,moe,5551,33,3069,1411,1411,1524,100,0,34,0,638,8,6,2,8
91,20,moe,747,33,2236,580,580,1527,98,0,31,0,646,8,6,2,8
91,21,moe,822,35,1434,312,312,981,58,0,83,0,764,8,7,1,8
91,22,moe,823,35,9,0,0,0,0,0,9,0,653,8,8,0,8
91,23,moe,690,35,1285,312,312,895,60,0,18,0,781,8,7,1,8
91,24,moe,842,34,5386,2520,2520,2656,170,0,40,0,770,8,5,3,8
91,25,moe,833,36,8,0,0,0,0,0,8,0,769,8,8,0,8
91,26,moe,701,36,7509,2703,2703,4467,282,0,57,0,776,8,3,5,8
91,-1,epi,0,0,0,0,0,0,0,0,6112,0,0,0,0,0,0
92,-2,pre,212,0,0,0,0,0,0,0,0,0,0,0,0,0,0
92,0,dense,1286,40,0,0,0,0,0,0,0,0,0,0,0,0,0
92,1,moe,760,40,7640,2234,2234,5159,188,0,59,0,767,8,5,3,8
92,2,moe,767,38,2172,1212,1212,882,58,0,20,0,778,8,7,1,8
92,3,moe,688,36,7973,4142,4142,3548,230,0,53,0,768,8,4,4,8
92,4,moe,752,36,2403,594,594,1600,101,0,108,0,659,8,6,2,8
92,5,moe,829,36,9,0,0,0,0,0,9,0,643,8,8,0,8
92,6,moe,766,34,9,0,0,0,0,0,9,0,771,8,8,0,8
92,7,moe,697,33,4198,2539,2539,1521,101,0,37,0,661,8,6,2,8
92,8,moe,760,38,9,0,0,0,0,0,9,0,660,8,8,0,8
92,9,moe,832,36,9,0,0,0,0,0,9,0,775,8,8,0,8
92,10,moe,772,42,3388,1715,1715,1540,99,0,34,0,655,8,6,2,8
92,11,moe,691,36,9504,3718,3719,5533,197,0,55,0,646,8,4,4,8
92,12,moe,737,35,5188,1580,1580,3398,115,0,95,0,760,8,6,2,8
92,13,moe,817,37,1874,288,288,1444,54,1,87,0,649,8,7,1,8
92,14,moe,753,35,6041,3556,3556,2297,147,0,41,0,641,8,5,3,8
92,15,moe,669,33,5758,2718,2718,2800,169,0,71,0,756,8,5,3,8
92,16,moe,746,33,4059,2272,2272,1602,97,0,88,0,648,8,6,2,8
92,17,moe,829,35,3832,2183,2183,1522,96,0,31,0,641,8,6,2,8
92,18,moe,750,33,6211,3179,3179,2768,169,0,95,0,760,8,5,3,8
92,19,moe,5842,37,9118,4867,4867,3881,247,0,123,0,651,8,3,5,8
92,20,moe,891,40,1911,1068,1068,771,51,0,21,0,635,8,7,1,8
92,21,moe,816,33,7095,3107,3108,3657,229,0,101,0,764,8,4,4,8
92,22,moe,826,33,5025,2424,2424,2359,145,0,97,0,650,8,5,3,8
92,23,moe,680,38,2163,302,302,1743,59,0,59,0,753,8,7,1,8
92,24,moe,816,33,6004,949,949,4845,172,0,38,0,758,8,5,3,8
92,25,moe,823,36,1278,317,317,884,58,0,19,0,753,8,7,1,8
92,26,moe,4657,34,3425,1503,1504,1772,113,0,36,0,758,8,6,2,8
92,-1,epi,0,0,0,0,0,0,0,0,6241,0,0,0,0,0,0
93,-2,pre,212,0,0,0,0,0,0,0,0,0,0,0,0,0,0
93,0,dense,1510,39,0,0,0,0,0,0,0,0,0,0,0,0,0
93,1,moe,851,36,1264,294,294,892,57,0,21,0,778,8,7,1,8
93,2,moe,773,39,2364,1395,1395,886,61,0,22,0,775,8,7,1,8
93,3,moe,699,33,6646,3776,3776,2663,168,0,39,0,767,8,5,3,8
93,4,moe,742,35,2357,539,539,1621,101,0,96,0,646,8,6,2,8
93,5,moe,820,34,15,0,0,0,0,0,15,0,641,8,8,0,8
93,6,moe,752,33,14,0,0,0,0,0,14,0,776,8,8,0,8
93,7,moe,703,35,3038,1379,1379,1525,102,0,32,0,654,8,6,2,8
93,8,moe,766,36,1998,1164,1164,765,50,0,19,0,650,8,7,1,8
93,9,moe,868,34,6228,5110,5110,985,57,0,76,0,758,8,7,1,8
93,10,moe,741,31,8,0,0,0,0,1,7,0,645,8,8,0,8
93,11,moe,700,30,8,0,0,0,0,0,8,0,653,8,8,0,8
93,12,moe,758,34,5869,2855,2855,2704,178,0,132,0,774,8,5,3,8
93,13,moe,828,34,1272,284,284,847,54,0,87,0,646,8,7,1,8
93,14,moe,763,37,5393,2887,2887,2311,154,0,41,0,646,8,5,3,8
93,15,moe,679,32,4544,2466,2466,1886,112,0,80,0,760,8,6,2,8
93,16,moe,744,34,5335,2734,2734,2354,153,0,94,0,649,8,5,3,8
93,17,moe,819,34,2193,542,542,1520,101,0,30,0,648,8,6,2,8
93,18,moe,755,33,4559,2477,2477,1879,116,0,87,0,758,8,6,2,8
93,19,moe,655,33,6265,2794,2794,3161,200,0,110,0,641,8,4,4,8
93,20,moe,744,32,2207,558,558,1524,97,0,28,0,641,8,6,2,8
93,21,moe,816,38,10042,3097,3097,6622,231,0,92,0,761,8,4,4,8
93,22,moe,813,34,7460,3237,3238,3857,244,0,121,0,637,8,3,5,8
93,23,moe,665,36,8028,4044,4045,3655,229,0,99,0,755,8,4,4,8
93,24,moe,820,40,4903,2035,2035,2657,171,0,40,0,749,8,5,3,8
93,25,moe,828,37,6553,3686,3686,2662,169,0,36,0,754,8,5,3,8
93,26,moe,666,34,6134,2290,2292,3560,227,0,55,0,763,8,4,4,8
93,-1,epi,0,0,0,0,0,0,0,0,6036,0,0,0,0,0,0
94,-2,pre,207,0,0,0,0,0,0,0,0,0,0,0,0,0,0
94,0,dense,1515,34,0,0,0,0,0,0,0,0,0,0,0,0,0
94,1,moe,846,31,9995,5219,5220,4435,284,0,56,0,763,8,3,5,8
94,2,moe,746,29,14493,6085,6085,8061,286,0,61,0,761,8,3,5,8
94,3,moe,676,29,7107,3284,3284,3549,225,0,49,0,765,8,4,4,8
94,4,moe,746,30,8073,4643,4643,3112,197,0,121,0,628,8,4,4,8
94,5,moe,808,28,9696,5568,5568,3825,247,0,56,0,641,8,3,5,8
94,6,moe,733,40,1414,311,311,978,56,0,69,0,759,8,7,1,8
94,7,moe,674,27,7883,4452,4454,3129,196,0,104,0,642,8,4,4,8
94,8,moe,739,28,6851,3560,3560,3046,196,0,49,0,633,8,4,4,8
94,9,moe,810,31,8405,4436,4436,3639,225,1,104,0,764,8,4,4,8
94,10,moe,742,28,8102,3867,3867,3873,247,0,115,0,637,8,3,5,8
94,11,moe,670,29,5913,3453,3453,2280,146,0,34,0,635,8,5,3,8
94,12,moe,742,33,8661,4693,4693,3639,226,0,103,0,752,8,4,4,8
94,13,moe,816,28,5022,2389,2389,2382,155,0,96,0,697,8,5,3,8
94,14,moe,699,33,7426,4056,4056,3106,208,0,56,0,685,8,4,4,8
94,15,moe,685,30,10937,3965,3966,6614,232,0,125,0,765,8,4,4,8
94,16,moe,765,33,7318,3838,3839,3152,203,0,124,0,639,8,4,4,8
94,17,moe,815,32,8895,4753,4753,3833,247,1,61,0,650,8,3,5,8
94,18,moe,741,33,6610,3578,3578,2764,168,0,100,0,761,8,5,3,8
94,19,moe,674,30,7158,3739,3739,3107,195,0,117,0,635,8,4,4,8
94,20,moe,734,30,1987,1149,1149,769,49,0,20,0,629,8,7,1,8
94,21,moe,810,32,11485,5604,5605,5420,336,0,124,0,752,8,2,6,8
94,22,moe,817,30,8308,4086,4086,3882,244,0,96,0,633,8,3,5,8
94,23,moe,670,28,6287,2304,2304,3654,225,0,104,0,763,8,4,4,8
94,24,moe,811,29,14607,6210,6210,8054,286,0,57,0,747,8,3,5,8
94,25,moe,831,30,7882,4069,4069,3537,229,0,47,0,749,8,4,4,8
94,26,moe,671,27,9872,5080,5080,4441,285,0,66,0,747,8,3,5,8
94,-1,epi,0,0,0,0,0,0,0,0,5929,0,0,0,0,0,0
95,-2,pre,215,0,0,0,0,0,0,0,0,0,0,0,0,0,0
95,0,dense,1488,32,0,0,0,0,0,0,0,0,0,0,0,0,0
95,1,moe,833,31,10951,6189,6190,4422,282,0,57,0,758,8,3,5,8
95,2,moe,742,31,4435,2487,2487,1783,117,0,48,0,760,8,6,2,8
95,3,moe,670,29,9958,5163,5163,4451,288,0,56,0,764,8,3,5,8
95,4,moe,743,32,4532,1456,1456,2862,109,0,105,0,628,8,6,2,8
95,5,moe,823,33,5791,3317,3317,2283,146,1,44,0,634,8,5,3,8
95,6,moe,734,30,4412,2363,2363,1850,113,0,86,0,749,8,6,2,8
95,7,moe,676,33,4006,2217,2218,1608,100,0,80,0,626,8,6,2,8
95,8,moe,744,29,4249,1786,1786,2274,147,0,42,0,634,8,5,3,8
95,9,moe,808,30,5789,2733,2733,2796,169,0,91,0,752,8,5,3,8
95,10,moe,744,28,8845,4609,4610,3869,245,0,121,0,638,8,3,5,8
95,11,moe,669,41,3050,1388,1388,1526,100,0,36,0,655,8,6,2,8
95,12,moe,746,35,4684,2603,2603,1885,112,0,84,0,744,8,6,2,8
95,13,moe,813,28,3958,2157,2157,1613,98,0,90,0,636,8,6,2,8
95,14,moe,746,33,6470,3161,3161,3059,196,0,54,0,634,8,4,4,8
95,15,moe,669,32,6013,2956,2956,2789,170,0,98,0,753,8,5,3,8
95,16,moe,741,29,7411,3973,3973,3137,194,0,107,0,631,8,4,4,8
95,17,moe,803,30,5779,3306,3306,2290,146,0,37,0,633,8,5,3,8
95,18,moe,741,29,8626,4656,4656,3638,225,0,107,0,754,8,4,4,8
95,19,moe,670,31,5159,2558,2558,2351,148,0,102,0,633,8,5,3,8
95,20,moe,743,31,1130,285,285,776,50,0,19,0,636,8,7,1,8
95,21,moe,814,29,5806,2777,2777,2765,174,0,90,0,747,8,5,3,8
95,22,moe,804,29,4131,2317,2317,1631,97,0,86,0,627,8,6,2,8
95,23,moe,667,28,7061,3058,3059,3678,224,0,100,0,763,8,4,4,8
95,24,moe,807,30,8593,4765,4766,3550,227,0,50,0,758,8,4,4,8
95,25,moe,807,29,8637,4823,4823,3544,225,0,45,0,752,8,4,4,8
95,26,moe,671,27,9845,5085,5085,4425,278,0,57,0,751,8,3,5,8
95,-1,epi,0,0,0,0,0,0,0,0,5948,0,0,0,0,0,0
96,-2,pre,50,0,0,0,0,0,0,0,0,0,0,0,0,0,0
96,0,dense,1517,33,0,0,0,0,0,0,0,0,0,0,0,0,0
96,1,moe,853,35,16660,6633,6633,9611,343,0,73,0,754,8,2,6,8
96,2,moe,743,33,2938,1003,1003,1786,115,0,34,0,760,8,6,2,8
96,3,moe,668,28,7872,4046,4047,3549,230,0,46,0,757,8,4,4,8
96,4,moe,739,29,4457,1856,1856,2340,147,0,114,0,634,8,5,3,8
96,5,moe,814,30,9017,4899,4900,3810,243,0,64,0,636,8,3,5,8
96,6,moe,779,33,8504,6404,6404,1903,112,1,84,0,740,8,6,2,8
96,7,moe,676,31,6319,2893,2894,3119,194,0,112,0,639,8,4,4,8
96,8,moe,740,33,4030,2368,2368,1526,98,0,38,0,629,8,6,2,8
96,9,moe,810,51,6727,3683,3683,2777,169,0,98,0,785,8,5,3,8
96,10,moe,749,37,1580,629,629,830,48,0,73,0,629,8,7,1,8
96,11,moe,664,33,4907,2430,2430,2290,149,0,38,0,638,8,5,3,8
96,12,moe,734,33,9882,4966,4967,4520,283,1,111,0,752,8,3,5,8
96,13,moe,812,32,6524,3111,3111,3117,198,0,98,0,634,8,4,4,8
96,14,moe,735,32,2046,1185,1185,792,48,0,21,0,627,8,7,1,8
96,15,moe,678,37,4019,1951,1951,1870,114,0,84,0,746,8,6,2,8
96,16,moe,740,34,8268,4023,4023,3875,245,0,125,0,643,8,3,5,8
96,17,moe,804,33,6912,3606,3606,3059,199,0,48,0,630,8,4,4,8
96,18,moe,739,33,3655,1547,1547,1909,114,0,85,0,751,8,6,2,8
96,19,moe,663,33,3206,1426,1427,1606,99,0,74,0,627,8,6,2,8
96,20,moe,736,33,5078,2175,2175,2768,99,0,36,0,632,8,6,2,8
96,21,moe,813,34,8948,4952,4952,3682,233,0,81,0,778,8,4,4,8
96,22,moe,803,36,1230,270,270,828,54,0,78,0,626,8,7,1,8
96,23,moe,674,33,2463,1340,1340,990,70,0,63,0,755,8,7,1,8
96,24,moe,816,39,4369,2395,2395,1806,131,0,37,0,799,8,6,2,8
96,25,moe,814,41,3493,1529,1529,1801,128,0,35,0,766,8,6,2,8
96,26,moe,687,35,4851,1477,1478,3220,115,0,38,0,762,8,6,2,8
96,-1,epi,0,0,0,0,0,0,0,0,6058,0,0,0,0,0,0
97,-2,pre,213,0,0,0,0,0,0,0,0,0,0,0,0,0,0
97,0,dense,1513,44,0,0,0,0,0,0,0,0,0,0,0,0,0
97,1,moe,854,38,10775,5043,5043,5325,337,0,70,0,764,8,2,6,8
97,2,moe,757,39,11710,4971,4972,6462,228,0,48,0,756,8,4,4,8
97,3,moe,675,37,7650,2872,2872,4440,281,0,57,0,764,8,3,5,8
97,4,moe,745,36,6360,2965,2966,3100,200,0,94,0,639,8,4,4,8
97,5,moe,813,36,5807,3339,3339,2281,147,0,40,0,632,8,5,3,8
97,6,moe,734,35,4527,2442,2442,1884,113,0,88,0,752,8,6,2,8
97,7,moe,675,34,6381,2924,2924,3143,204,0,110,0,636,8,4,4,8
97,8,moe,736,38,5852,3354,3354,2304,153,0,41,0,638,8,5,3,8
97,9,moe,810,34,4078,1077,1077,2741,170,0,90,0,752,8,5,3,8
97,10,moe,747,37,9533,3634,3634,5617,197,0,85,0,631,8,4,4,8
97,11,moe,678,36,3106,1455,1455,1523,101,0,27,0,636,8,6,2,8
97,12,moe,747,39,3710,1643,1643,1868,116,0,83,0,753,8,6,2,8
97,13,moe,811,36,3218,1421,1421,1606,100,0,91,0,638,8,6,2,8
97,14,moe,740,33,3114,1446,1447,1530,104,0,33,0,638,8,6,2,8
97,15,moe,673,34,8578,1707,1708,6526,238,0,106,0,745,8,4,4,8
97,16,moe,757,37,7106,3704,3704,3104,196,0,102,0,628,8,4,4,8
97,17,moe,807,33,5895,2606,2606,3044,195,0,50,0,640,8,4,4,8
97,18,moe,733,33,6757,3697,3697,2789,173,0,98,0,748,8,5,3,8
97,19,moe,677,35,6833,2606,2606,3870,243,0,114,0,640,8,3,5,8
97,20,moe,738,34,4978,2504,2504,2286,151,0,37,0,670,8,5,3,8
97,21,moe,820,39,8859,3600,3600,4971,175,0,113,0,754,8,5,3,8
97,22,moe,809,77,4072,2300,2300,1584,102,0,86,0,633,8,6,2,8
97,23,moe,677,39,2170,305,305,1742,60,0,63,0,744,8,7,1,8
97,24,moe,816,36,9210,4435,4435,4433,282,0,60,0,757,8,3,5,8
97,25,moe,811,34,1281,319,319,886,57,0,19,0,754,8,7,1,8
97,26,moe,676,33,8611,4783,4783,3540,224,0,64,0,760,8,4,4,8
97,-1,epi,0,0,0,0,0,0,0,0,5960,0,0,0,0,0,0
98,-2,pre,41,0,0,0,0,0,0,0,0,0,0,0,0,0,0
98,0,dense,1524,35,0,0,0,0,0,0,0,0,0,0,0,0,0
98,1,moe,845,41,11329,6468,6468,4515,282,0,64,0,755,8,3,5,8
98,2,moe,753,39,5694,2805,2805,2676,172,0,41,0,763,8,5,3,8
98,3,moe,669,37,2555,645,645,1766,114,0,30,0,751,8,6,2,8
98,4,moe,751,39,2246,1265,1265,839,50,0,92,0,647,8,7,1,8
98,5,moe,819,39,1275,441,441,761,50,0,23,0,639,8,7,1,8
98,6,moe,756,36,3181,1304,1304,1745,58,0,74,0,748,8,7,1,8
98,7,moe,668,33,4380,1327,1327,2870,101,0,82,0,630,8,6,2,8
98,8,moe,770,35,2578,1121,1121,1382,51,0,24,0,641,8,7,1,8
98,9,moe,812,34,1436,317,317,987,57,0,75,0,768,8,7,1,8
98,10,moe,756,33,3252,1495,1495,1578,99,0,80,0,640,8,6,2,8
98,11,moe,685,33,1282,447,447,761,49,0,25,0,637,8,7,1,8
98,12,moe,754,35,7441,3445,3445,3669,231,0,96,0,751,8,4,4,8
98,13,moe,824,40,4943,2329,2329,2369,151,0,94,0,643,8,5,3,8
98,14,moe,746,36,6271,2957,2957,3067,197,1,49,0,639,8,4,4,8
98,15,moe,674,34,7910,3947,3948,3633,230,0,99,0,751,8,4,4,8
98,16,moe,736,34,9225,4992,4992,3863,244,0,126,0,636,8,3,5,8
98,17,moe,809,34,12767,5572,5572,6885,248,0,62,0,638,8,3,5,8
98,18,moe,734,36,10943,5041,5041,5431,336,0,135,0,754,8,2,6,8
98,19,moe,661,32,6237,2826,2826,3110,195,0,106,0,629,8,4,4,8
98,20,moe,736,34,6801,3515,3516,3039,195,0,51,0,636,8,4,4,8
98,21,moe,804,33,7028,3033,3033,3662,228,0,105,0,751,8,4,4,8
98,22,moe,808,33,3151,1381,1381,1585,99,0,86,0,636,8,6,2,8
98,23,moe,668,33,4508,2427,2427,1892,113,0,76,0,749,8,6,2,8
98,24,moe,816,38,7841,4024,4024,3547,225,0,45,0,751,8,4,4,8
98,25,moe,815,38,4754,1888,1888,2661,167,0,38,0,757,8,5,3,8
98,26,moe,683,34,10095,5322,5323,4429,282,0,61,0,751,8,3,5,8
98,-1,epi,0,0,0,0,0,0,0,0,5943,0,0,0,0,0,0
99,-2,pre,47,0,0,0,0,0,0,0,0,0,0,0,0,0,0
99,0,dense,1521,36,0,0,0,0,0,0,0,0,0,0,0,0,0
99,1,moe,831,35,11445,6670,6670,4436,280,0,59,0,756,8,3,5,8
99,2,moe,735,34,6898,3059,3059,3560,228,0,51,0,752,8,4,4,8
99,3,moe,734,31,8786,5915,5915,2662,171,0,38,0,749,8,5,3,8
99,4,moe,738,32,10870,5792,5792,4649,294,0,135,0,640,8,2,6,8
99,5,moe,816,38,8780,4672,4673,3803,244,0,60,0,637,8,3,5,8
99,6,moe,739,33,4429,2340,2340,1894,112,0,83,0,741,8,6,2,8
99,7,moe,692,35,3919,2142,2143,1584,108,0,84,0,648,8,6,2,8
99,8,moe,737,34,4301,1385,1385,2779,102,0,35,0,631,8,6,2,8
99,9,moe,808,33,7145,3156,3156,3678,229,0,82,0,756,8,4,4,8
99,10,moe,734,35,10231,5881,5882,3943,262,0,144,0,682,8,3,5,8
99,11,moe,680,36,10185,4397,4398,5532,201,0,54,0,641,8,4,4,8
99,12,moe,752,37,6883,3831,3831,2773,173,1,105,0,754,8,5,3,8
99,13,moe,840,43,9710,5390,5390,3943,248,0,129,0,631,8,3,5,8
99,14,moe,739,38,6836,3528,3529,3056,199,0,52,0,632,8,4,4,8
99,15,moe,669,39,6454,3407,3407,2770,173,1,103,0,758,8,5,3,8
99,16,moe,772,37,9185,4919,4919,3892,255,0,119,0,629,8,3,5,8
99,17,moe,810,38,8834,4679,4679,3851,247,0,57,0,631,8,3,5,8
99,18,moe,732,49,6573,3513,3513,2787,169,0,104,0,742,8,5,3,8
99,19,moe,667,34,8462,3317,3318,4714,293,1,136,0,650,8,2,6,8
99,20,moe,774,44,7850,4485,4485,3119,195,0,51,0,627,8,4,4,8
99,21,moe,806,37,7231,3138,3138,3743,236,0,114,0,786,8,4,4,8
99,22,moe,833,44,2071,1084,1084,848,49,0,90,0,642,8,7,1,8
99,23,moe,702,33,3618,1508,1508,1913,117,0,80,0,754,8,6,2,8
99,24,moe,827,41,10700,3892,3892,6519,234,0,55,0,749,8,4,4,8
99,25,moe,817,40,8094,4252,4253,3546,237,0,58,0,748,8,4,4,8
99,26,moe,673,38,5629,2749,2749,2664,174,0,42,0,742,8,5,3,8
99,-1,epi,0,0,0,0,0,0,0,0,5932,0,0,0,0,0,0
100,-2,pre,222,0,0,0,0,0,0,0,0,0,0,0,0,0,0
100,0,dense,1484,34,0,0,0,0,0,0,0,0,0,0,0,0,0
100,1,moe,832,36,7951,4120,4120,3544,234,0,53,0,752,8,4,4,8
100,2,moe,741,31,7756,3929,3930,3545,233,0,48,0,753,8,4,4,8
100,3,moe,674,33,9224,4444,4444,4430,291,0,59,0,749,8,3,5,8
100,4,moe,737,29,6039,3367,3367,2408,148,0,116,0,632,8,5,3,8
100,5,moe,815,34,5107,2623,2624,2299,145,0,39,0,628,8,5,3,8
100,6,moe,737,31,8718,4713,4713,3661,226,0,118,0,755,8,4,4,8
100,7,moe,663,30,15314,6515,6515,8368,299,0,132,0,631,8,2,6,8
100,8,moe,733,34,1995,1155,1156,768,49,0,22,0,657,8,7,1,8
100,9,moe,811,30,4878,1876,1876,2759,171,0,72,0,747,8,5,3,8
100,10,moe,738,32,7749,4344,4344,3114,198,0,93,0,639,8,4,4,8
100,11,moe,662,28,7745,4452,4453,3046,195,0,51,0,633,8,4,4,8
100,12,moe,742,30,8774,4809,4809,3630,223,0,112,0,744,8,4,4,8
100,13,moe,817,29,5121,2522,2522,2350,148,0,101,0,624,8,5,3,8
100,14,moe,736,30,9707,5591,5591,3811,246,0,59,0,641,8,3,5,8
100,15,moe,663,28,5860,2830,2830,2763,171,0,96,0,739,8,5,3,8
100,16,moe,736,29,11191,5284,5284,5419,346,0,142,0,632,8,1,7,8
100,17,moe,812,37,5711,3235,3235,2287,147,0,42,0,629,8,5,3,8
100,18,moe,747,29,8062,4070,4070,3646,231,0,115,0,748,8,4,4,8
100,19,moe,661,29,13782,4914,4914,8437,294,1,136,0,627,8,2,6,8
100,20,moe,741,33,11756,6013,6013,5326,343,1,73,0,630,8,1,7,8
100,21,moe,821,35,5703,2663,2663,2770,171,0,99,0,744,8,5,3,8
100,22,moe,805,34,8061,3805,3807,3892,247,0,115,0,624,8,3,5,8
100,23,moe,662,28,4878,1827,1827,2784,174,0,93,0,745,8,5,3,8
100,24,moe,813,30,8504,3714,3714,4447,289,0,54,0,746,8,3,5,8
100,25,moe,801,32,9827,5039,5039,4441,280,0,67,0,750,8,3,5,8
100,26,moe,659,31,6912,3096,3096,3540,227,0,49,0,748,8,4,4,8
100,-1,epi,0,0,0,0,0,0,0,0,5901,0,0,0,0,0,0
101,-2,pre,52,0,0,0,0,0,0,0,0,0,0,0,0,0,0
101,0,dense,1498,35,0,0,0,0,0,0,0,0,0,0,0,0,0
101,1,moe,848,35,11308,5587,5587,5319,338,0,64,0,754,8,2,6,8
101,2,moe,736,30,6525,3667,3667,2651,169,0,38,0,748,8,5,3,8
101,3,moe,658,31,9002,4236,4236,4427,280,0,59,0,757,8,3,5,8
101,4,moe,732,29,3212,1433,1433,1582,99,0,98,0,635,8,6,2,8
101,5,moe,805,30,1895,435,435,1384,52,0,24,0,624,8,7,1,8
101,6,moe,754,30,2437,1292,1292,1010,56,0,79,0,750,8,7,1,8
101,7,moe,669,29,4428,1451,1451,2812,100,0,65,0,630,8,6,2,8
101,8,moe,739,29,1948,1109,1109,766,51,0,22,0,627,8,7,1,8
101,9,moe,809,31,1426,304,304,988,57,0,77,0,760,8,7,1,8
101,10,moe,737,30,9,0,0,0,0,0,9,0,635,8,8,0,8
101,11,moe,680,30,5763,1255,1256,4246,152,0,109,0,631,8,5,3,8
101,12,moe,738,33,4499,2435,2435,1870,114,0,80,0,741,8,6,2,8
101,13,moe,818,31,5280,2642,2642,2389,150,0,99,0,629,8,5,3,8
101,14,moe,737,32,7735,4441,4441,3048,200,0,46,0,631,8,4,4,8
101,15,moe,665,30,7024,3036,3036,3654,227,0,107,0,747,8,4,4,8
101,16,moe,739,29,8978,3898,3898,4658,294,0,128,0,635,8,2,6,8
101,17,moe,804,29,8086,2170,2170,5644,221,0,51,0,682,8,4,4,8
101,18,moe,711,37,8911,3659,3660,4956,180,0,115,0,765,8,5,3,8
101,19,moe,685,34,9630,3702,3702,5607,198,0,123,0,629,8,4,4,8
101,20,moe,752,33,13221,4571,4571,8283,295,0,72,0,641,8,2,6,8
101,21,moe,826,35,7089,3087,3087,3664,229,0,109,0,745,8,4,4,8
101,22,moe,814,33,2146,1179,1179,840,50,0,77,0,626,8,7,1,8
101,23,moe,677,32,4544,2457,2457,1896,117,0,74,0,744,8,6,2,8
101,24,moe,811,31,7968,2899,2899,4858,170,0,41,0,738,8,5,3,8
101,25,moe,819,30,14435,6047,6047,8051,278,0,59,0,748,8,3,5,8
101,26,moe,662,29,11984,3594,3594,8045,283,0,62,0,737,8,3,5,8
101,-1,epi,0,0,0,0,0,0,0,0,5865,0,0,0,0,0,0
102,-2,pre,1193,0,0,0,0,0,0,0,0,0,0,0,0,0,0
102,0,dense,1465,41,0,0,0,0,0,0,0,0,0,0,0,0,0
102,1,moe,841,38,9898,4836,4836,4846,170,0,46,0,744,8,5,3,8
102,2,moe,757,33,14373,5948,5948,8082,283,0,60,0,740,8,3,5,8
102,3,moe,664,32,14591,6171,6171,8078,281,0,61,0,740,8,3,5,8
102,4,moe,751,38,9,0,0,0,0,0,9,0,631,8,8,0,8
102,5,moe,808,35,2844,1244,1245,1485,50,0,64,0,619,8,7,1,8
102,6,moe,771,39,6986,3958,3959,2756,170,0,101,0,740,8,5,3,8
102,7,moe,659,34,6259,1797,1797,4207,152,0,103,0,630,8,5,3,8
102,8,moe,781,34,1990,1146,1146,769,52,0,23,0,636,8,7,1,8
102,9,moe,824,37,8842,3571,3572,4993,174,0,103,0,746,8,5,3,8
102,10,moe,747,50,10901,5796,5796,4658,299,0,148,0,627,8,2,6,8
102,11,moe,663,34,5213,2740,2740,2285,148,0,40,0,623,8,5,3,8
102,12,moe,729,34,8021,2776,2776,4981,167,0,97,0,738,8,5,3,8
102,13,moe,817,35,1883,278,278,1480,50,0,75,0,620,8,7,1,8
102,14,moe,753,34,10358,4578,4578,5532,198,0,50,0,623,8,4,4,8
102,15,moe,660,36,8448,4445,4445,3673,228,0,102,0,733,8,4,4,8
102,16,moe,744,33,5970,3354,3354,2373,148,0,95,0,624,8,5,3,8
102,17,moe,803,35,7874,3542,3542,4133,155,0,44,0,626,8,5,3,8
102,18,moe,751,35,6733,3668,3668,2789,173,0,103,0,744,8,5,3,8
102,19,moe,671,42,10493,4602,4602,5574,203,0,114,0,630,8,4,4,8
102,20,moe,734,35,8789,3004,3005,5534,198,0,52,0,630,8,4,4,8
102,21,moe,814,39,7961,3969,3969,3646,236,0,110,0,746,8,4,4,8
102,22,moe,804,38,11505,6420,6421,4652,292,0,140,0,627,8,2,6,8
102,23,moe,669,32,4493,2394,2394,1904,114,0,81,0,738,8,6,2,8
102,24,moe,808,37,13802,5397,5397,8064,284,0,57,0,738,8,3,5,8
102,25,moe,878,52,9284,4479,4479,4448,300,0,57,0,740,8,3,5,8
102,26,moe,658,34,8595,3782,3782,4439,308,0,66,0,746,8,3,5,8
102,-1,epi,0,0,0,0,0,0,0,0,5851,0,0,0,0,0,0
103,-2,pre,52,0,0,0,0,0,0,0,0,0,0,0,0,0,0
103,0,dense,1466,39,0,0,0,0,0,0,0,0,0,0,0,0,0
103,1,moe,835,35,11468,4717,4717,6466,234,0,51,0,747,8,4,4,8
103,2,moe,748,37,4253,2331,2331,1765,122,0,35,0,767,8,6,2,8
103,3,moe,694,34,8395,4572,4573,3537,237,0,48,0,753,8,4,4,8
103,4,moe,735,35,6717,4107,4107,2367,150,0,93,0,631,8,5,3,8
103,5,moe,806,35,3887,2225,2225,1534,101,0,27,0,630,8,6,2,8
103,6,moe,765,36,2408,1263,1263,998,60,0,87,0,743,8,7,1,8
103,7,moe,668,37,3627,569,570,2866,100,0,91,0,630,8,6,2,8
103,8,moe,759,36,2033,1200,1200,762,50,0,21,0,628,8,7,1,8
103,9,moe,805,34,6064,2455,2456,3406,115,0,87,0,741,8,6,2,8
103,10,moe,743,34,7046,2569,2569,4228,151,0,98,0,624,8,5,3,8
103,11,moe,667,33,5091,2208,2209,2754,99,0,29,0,613,8,6,2,8
103,12,moe,757,35,3064,1175,1175,1756,59,0,74,0,736,8,7,1,8
103,13,moe,822,34,5296,2272,2272,2834,98,0,92,0,619,8,6,2,8
103,14,moe,760,39,3060,1407,1407,1526,98,0,29,0,622,8,6,2,8
103,15,moe,662,34,4589,2508,2508,1883,116,0,82,0,747,8,6,2,8
103,16,moe,739,35,4407,2620,2620,1599,96,0,92,0,625,8,6,2,8
103,17,moe,834,33,9,0,0,0,0,0,9,0,620,8,8,0,8
103,18,moe,759,32,8,0,0,0,0,0,8,0,738,8,8,0,8
103,19,moe,683,42,1107,277,277,759,49,0,22,0,639,8,7,1,8
103,20,moe,740,34,3987,2321,2321,1536,100,0,30,0,646,8,6,2,8
103,21,moe,819,32,5760,2703,2704,2775,174,0,107,0,741,8,5,3,8
103,22,moe,814,36,4037,2225,2225,1612,98,0,102,0,631,8,6,2,8
103,23,moe,662,33,8097,2827,2827,4999,174,0,97,0,741,8,5,3,8
103,24,moe,811,36,6341,2509,2509,3556,225,0,51,0,745,8,4,4,8
103,25,moe,807,35,2315,1351,1351,884,60,0,20,0,741,8,7,1,8
103,26,moe,689,35,5057,1591,1591,3293,144,0,29,0,784,8,6,2,8
103,-1,epi,0,0,0,0,0,0,0,0,5793,0,0,0,0,0,0
104,-2,pre,238,0,0,0,0,0,0,0,0,0,0,0,0,0,0
104,0,dense,1531,42,0,0,0,0,0,0,0,0,0,0,0,0,0
104,1,moe,847,46,7038,3105,3106,3640,235,0,57,0,767,8,4,4,8
104,2,moe,763,39,3507,1582,1582,1775,116,0,34,0,761,8,6,2,8
104,3,moe,688,39,8036,4085,4086,3663,227,0,60,0,750,8,4,4,8
104,4,moe,738,37,2157,1171,1171,838,52,0,96,0,631,8,7,1,8
104,5,moe,816,38,9884,6540,6540,3091,196,0,57,0,638,8,4,4,8
104,6,moe,737,36,2340,1203,1203,995,56,0,86,0,748,8,7,1,8
104,7,moe,666,33,5992,3406,3406,2353,148,0,85,0,632,8,5,3,8
104,8,moe,740,35,5897,3419,3420,2286,150,0,41,0,638,8,5,3,8
104,9,moe,834,38,6691,3654,3654,2758,178,0,101,0,764,8,5,3,8
104,10,moe,739,35,7654,3193,3193,4208,148,0,105,0,623,8,5,3,8
104,11,moe,661,33,7284,3969,3969,3058,204,0,53,0,630,8,4,4,8
104,12,moe,733,36,7610,4563,4563,2769,172,0,106,0,745,8,5,3,8
104,13,moe,810,34,13003,5629,5629,6997,247,0,130,0,623,8,3,5,8
104,14,moe,750,35,10193,4424,4424,5526,195,0,48,0,620,8,4,4,8
104,15,moe,659,39,4540,2447,2447,1894,115,0,84,0,738,8,6,2,8
104,16,moe,733,35,9144,4037,4037,4669,300,0,138,0,629,8,2,6,8
104,17,moe,808,38,5280,2792,2793,2300,150,0,37,0,630,8,5,3,8
104,18,moe,734,35,6095,2514,2514,3381,111,0,89,0,737,8,6,2,8
104,19,moe,664,34,4709,1664,1664,2862,98,1,84,0,628,8,6,2,8
104,20,moe,7367,36,5265,2375,2375,2755,98,0,37,0,618,8,6,2,8
104,21,moe,826,35,5990,2435,2436,3354,113,0,87,0,746,8,6,2,8
104,22,moe,819,34,7196,3781,3781,3114,197,0,104,0,622,8,4,4,8
104,23,moe,656,33,8171,4173,4173,3665,239,0,94,0,738,8,4,4,8
104,24,moe,809,34,9312,4531,4531,4438,290,0,53,0,791,8,3,5,8
104,25,moe,814,33,6660,3786,3786,2658,171,0,45,0,742,8,5,3,8
104,26,moe,667,32,6303,2465,2465,3559,231,0,48,0,744,8,4,4,8
104,-1,epi,0,0,0,0,0,0,0,0,5896,0,0,0,0,0,0
105,-2,pre,77,0,0,0,0,0,0,0,0,0,0,0,0,0,0
105,0,dense,1489,38,0,0,0,0,0,0,0,0,0,0,0,0,0
105,1,moe,849,34,15012,6594,6594,8078,279,0,61,0,749,8,3,5,8
105,2,moe,743,33,6896,4028,4028,2651,172,0,45,0,747,8,5,3,8
105,3,moe,670,35,4643,2732,2732,1767,114,0,30,0,741,8,6,2,8
105,4,moe,738,33,4296,1636,1636,2381,154,0,125,0,627,8,5,3,8
105,5,moe,808,36,3126,1462,1462,1525,112,0,27,0,632,8,6,2,8
105,6,moe,748,39,8069,4071,4071,3656,225,0,117,0,748,8,4,4,8
105,7,moe,672,34,5231,2602,2602,2375,147,0,107,0,625,8,5,3,8
105,8,moe,736,34,5165,2677,2677,2302,150,0,36,0,632,8,5,3,8
105,9,moe,805,35,6081,3068,3068,2768,172,0,73,0,746,8,5,3,8
105,10,moe,736,33,8002,4557,4557,3123,201,0,121,0,628,8,4,4,8
105,11,moe,667,36,8877,4765,4765,3811,243,0,58,0,626,8,3,5,8
105,12,moe,725,34,4773,2680,2680,1884,118,0,91,0,744,8,6,2,8
105,13,moe,808,36,4130,2339,2339,1597,100,0,94,0,622,8,6,2,8
105,14,moe,765,35,8223,4931,4932,3052,196,0,43,0,627,8,4,4,8
105,15,moe,667,32,2334,1206,1206,992,59,0,77,0,748,8,7,1,8
105,16,moe,734,34,5621,2999,2999,2364,150,0,108,0,633,8,5,3,8
105,17,moe,810,35,8476,4148,4148,4135,150,0,43,0,618,8,5,3,8
105,18,moe,771,32,8305,3026,3026,5009,172,0,98,0,833,8,5,3,8
105,19,moe,713,61,5351,2233,2233,2925,99,0,94,0,655,8,6,2,8
105,20,moe,803,43,3866,2175,2175,1552,106,0,33,0,702,8,6,2,8
105,21,moe,911,61,2778,660,660,1878,117,0,123,0,746,8,6,2,8
105,22,moe,810,34,2136,1178,1178,849,50,0,59,0,625,8,7,1,8
105,23,moe,668,29,2772,1651,1651,987,59,0,75,0,743,8,7,1,8
105,24,moe,809,33,6291,2471,2471,3541,227,0,52,0,749,8,4,4,8
105,25,moe,810,32,3626,1697,1697,1779,117,0,33,0,757,8,6,2,8
105,26,moe,692,64,4688,1787,1787,2662,175,0,64,0,752,8,5,3,8
105,-1,epi,0,0,0,0,0,0,0,0,5963,0,0,0,0,0,0
106,-2,pre,200,0,0,0,0,0,0,0,0,0,0,0,0,0,0
106,0,dense,1490,34,0,0,0,0,0,0,0,0,0,0,0,0,0
106,1,moe,863,35,5738,2863,2863,2664,171,0,40,0,760,8,5,3,8
106,2,moe,750,32,10907,7074,7074,3553,227,0,53,0,757,8,4,4,8
106,3,moe,672,31,9233,4441,4441,4441,287,0,64,0,751,8,3,5,8
106,4,moe,742,30,2729,1689,1689,849,52,0,139,0,627,8,7,1,8
106,5,moe,811,32,5904,3406,3406,2298,154,0,46,0,668,8,5,3,8
106,6,moe,817,56,35,0,0,0,0,0,35,0,739,8,8,0,8
106,7,moe,668,29,6214,2901,2901,3064,198,0,51,0,637,8,4,4,8
106,8,moe,757,28,5602,3112,3112,2294,152,0,44,0,675,8,5,3,8
106,9,moe,810,31,7001,3926,3926,2764,171,0,140,0,768,8,5,3,8
106,10,moe,735,31,6285,2839,2840,3126,200,0,119,0,629,8,4,4,8
106,11,moe,663,30,6863,3543,3543,3068,203,0,49,0,655,8,4,4,8
106,12,moe,746,36,1617,476,476,992,65,0,84,0,775,8,7,1,8
106,13,moe,842,37,6438,3738,3738,2402,161,0,137,0,680,8,5,3,8
106,14,moe,714,33,4412,1849,1849,2359,158,0,46,0,644,8,5,3,8
106,15,moe,702,34,11586,5701,5701,5438,339,0,108,0,755,8,2,6,8
106,16,moe,745,36,2691,913,913,1578,99,0,101,0,627,8,6,2,8
106,17,moe,816,35,7839,3502,3502,4151,146,0,40,0,623,8,5,3,8
106,18,moe,756,29,5210,1675,1675,3314,117,0,104,0,759,8,6,2,8
106,19,moe,665,30,8851,2922,2922,5617,201,0,111,0,622,8,4,4,8
106,20,moe,740,32,3124,1464,1465,1528,101,0,30,0,628,8,6,2,8
106,21,moe,3486,31,7442,2178,2178,5000,168,0,96,0,738,8,5,3,8
106,22,moe,819,31,3996,930,930,2875,101,0,90,0,638,8,6,2,8
106,23,moe,675,30,5269,2243,2244,2774,169,0,82,0,742,8,5,3,8
106,24,moe,801,30,11347,5634,5634,5309,336,0,68,0,754,8,2,6,8
106,25,moe,805,34,9811,3088,3089,6451,224,0,47,0,734,8,4,4,8
106,26,moe,681,30,4976,2103,2103,2658,174,0,41,0,740,8,5,3,8
106,-1,epi,0,0,0,0,0,0,0,0,5887,0,0,0,0,0,0
107,-2,pre,265,0,0,0,0,0,0,0,0,0,0,0,0,0,0
107,0,dense,1467,32,0,0,0,0,0,0,0,0,0,0,0,0,0
107,1,moe,831,29,14267,4304,4304,9542,349,0,72,0,749,8,2,6,8
107,2,moe,760,31,10137,3412,3412,6451,227,1,46,0,734,8,4,4,8
107,3,moe,662,29,4944,1574,1574,3229,113,0,28,0,738,8,6,2,8
107,4,moe,764,32,5171,2552,2553,2354,150,0,114,0,623,8,5,3,8
107,5,moe,805,29,2044,1205,1205,767,50,0,22,0,621,8,7,1,8
107,6,moe,748,29,2339,1220,1220,985,56,0,78,0,748,8,7,1,8
107,7,moe,661,28,8,0,0,0,0,0,8,0,625,8,8,0,8
107,8,moe,742,36,1897,252,252,1504,52,0,89,0,627,8,7,1,8
107,9,moe,815,32,5889,2836,2836,2782,170,0,101,0,753,8,5,3,8
107,10,moe,734,28,4018,2242,2242,1604,101,0,71,0,636,8,6,2,8
107,11,moe,676,30,6810,3524,3524,3046,196,0,44,0,636,8,4,4,8
107,12,moe,747,31,4412,2334,2334,1875,115,0,88,0,750,8,6,2,8
107,13,moe,813,29,2795,1157,1157,1506,50,0,82,0,622,8,7,1,8
107,14,moe,757,28,9543,3773,3773,5524,199,0,47,0,624,8,4,4,8
107,15,moe,671,28,5041,1533,1533,3305,115,0,88,0,739,8,6,2,8
107,16,moe,756,34,4513,1898,1898,2368,150,0,97,0,623,8,5,3,8
107,17,moe,819,34,6223,1879,1880,4151,150,0,42,0,630,8,5,3,8
107,18,moe,764,32,10575,5604,5604,4553,287,0,131,0,755,8,3,5,8
107,19,moe,671,30,7041,2537,2538,4242,153,0,108,0,627,8,5,3,8
107,20,moe,761,32,5162,2269,2269,2761,102,1,29,0,631,8,6,2,8
107,21,moe,5148,32,5004,1456,1456,3345,113,1,89,0,737,8,6,2,8
107,22,moe,818,29,2719,1116,1116,1475,50,0,78,0,618,8,7,1,8
107,23,moe,678,30,1438,314,314,1005,60,0,59,0,740,8,7,1,8
107,24,moe,807,29,7803,2727,2728,4856,170,0,49,0,735,8,5,3,8
107,25,moe,832,33,5323,1949,1949,3231,114,0,29,0,739,8,6,2,8
107,26,moe,680,28,9,0,1,0,0,0,8,0,741,8,8,0,8
107,-1,epi,0,0,0,0,0,0,0,0,5963,0,0,0,0,0,0
108,-2,pre,1217,0,0,0,0,0,0,0,0,0,0,0,0,0,0
108,0,dense,1487,36,0,0,0,0,0,0,0,0,0,0,0,0,0
108,1,moe,841,34,6963,4094,4095,2658,168,0,42,0,760,8,5,3,8
108,2,moe,751,34,6585,3707,3707,2667,171,0,40,0,757,8,5,3,8
108,3,moe,677,34,15853,5864,5865,9580,342,0,66,0,738,8,2,6,8
108,4,moe,733,36,2150,1174,1174,830,51,0,95,0,615,8,7,1,8
108,5,moe,818,35,4434,1970,1970,2277,150,0,37,0,627,8,5,3,8
108,6,moe,762,32,9,0,0,0,0,0,9,0,748,8,8,0,8
108,7,moe,675,36,3136,1482,1483,1522,102,0,29,0,630,8,6,2,8
108,8,moe,741,34,4062,2398,2398,1534,101,0,29,0,630,8,6,2,8
108,9,moe,810,35,3710,1587,1587,1912,114,0,97,0,749,8,6,2,8
108,10,moe,731,34,7048,3606,3606,3133,198,0,111,0,631,8,4,4,8
108,11,moe,676,41,9385,3618,3620,5514,200,0,51,0,631,8,4,4,8
108,12,moe,737,32,4473,2394,2394,1883,111,0,85,0,743,8,6,2,8
108,13,moe,804,35,8301,3816,3817,4221,146,0,117,0,625,8,5,3,8
108,14,moe,748,34,6794,2464,2464,4143,150,0,37,0,619,8,5,3,8
108,15,moe,667,33,9921,3003,3004,6581,226,0,110,0,732,8,4,4,8
108,16,moe,752,33,4403,1395,1395,2823,100,0,85,0,618,8,6,2,8
108,17,moe,819,34,11007,3810,3811,6896,248,0,52,0,613,8,3,5,8
108,18,moe,749,34,8004,2764,2764,4970,168,0,102,0,739,8,5,3,8
108,19,moe,684,35,9589,3687,3687,5599,199,0,104,0,637,8,4,4,8
108,20,moe,733,32,4609,2134,2134,2286,150,0,39,0,615,8,5,3,8
108,21,moe,803,34,8606,3655,3655,4551,287,0,113,0,744,8,3,5,8
108,22,moe,815,33,7810,3332,3332,4228,151,0,99,0,613,8,5,3,8
108,23,moe,670,33,5938,2362,2362,3384,113,0,79,0,729,8,6,2,8
108,24,moe,813,34,13571,5185,5185,8050,280,0,56,0,733,8,3,5,8
108,25,moe,820,43,5747,2801,2801,2713,187,0,46,0,797,8,5,3,8
108,26,moe,687,37,4411,971,971,3272,131,0,37,0,777,8,6,2,8
108,-1,epi,0,0,0,0,0,0,0,0,5711,0,0,0,0,0,0
109,-2,pre,168,0,0,0,0,0,0,0,0,0,0,0,0,0,0
109,0,dense,1506,46,0,0,0,0,0,0,0,0,0,0,0,0,0
109,1,moe,839,42,12889,6175,6175,6222,404,0,88,0,760,8,1,7,8
109,2,moe,738,37,9984,5198,5198,4435,285,0,66,0,744,8,3,5,8
109,3,moe,665,36,16391,6263,6263,9713,344,0,71,0,752,8,2,6,8
109,4,moe,739,35,8018,4524,4525,3125,199,0,169,0,620,8,4,4,8
109,5,moe,805,40,7901,4584,4584,3069,199,0,49,0,623,8,4,4,8
109,6,moe,730,38,5950,2390,2391,3354,113,0,92,0,734,8,6,2,8
109,7,moe,665,33,10583,4658,4658,5635,197,0,93,0,611,8,4,4,8
109,8,moe,748,38,6318,1989,1989,4141,148,0,40,0,611,8,5,3,8
109,9,moe,816,35,14118,5461,5462,8249,284,0,123,0,731,8,3,5,8
109,10,moe,745,39,7926,3401,3401,4269,149,0,107,0,607,8,5,3,8
109,11,moe,657,34,17110,7051,7052,9637,348,0,73,0,607,8,1,7,8
109,12,moe,727,35,8804,2926,2927,5430,340,0,107,0,736,8,2,6,8
109,13,moe,801,34,9776,3811,3811,5649,200,0,116,0,614,8,4,4,8
109,14,moe,737,43,8472,3541,3541,4567,297,0,67,0,618,8,2,6,8
109,15,moe,663,36,12308,6430,6431,5413,337,0,127,0,735,8,2,6,8
109,16,moe,731,37,13355,6598,6599,6197,400,0,159,0,615,8,0,8,8
109,17,moe,804,37,12850,4194,4194,8286,300,0,70,0,607,8,2,6,8
109,18,moe,729,36,11040,4102,4103,6597,227,0,113,0,735,8,4,4,8
109,19,moe,656,33,14070,3881,3881,9701,343,0,145,0,606,8,1,7,8
109,20,moe,737,36,14104,5468,5469,8277,296,0,62,0,609,8,2,6,8
109,21,moe,817,39,12168,6297,6297,5404,336,0,131,0,726,8,2,6,8
109,22,moe,795,34,11555,2734,2734,8402,292,0,127,0,606,8,2,6,8
109,23,moe,658,34,9262,2405,2405,6534,223,0,100,0,727,8,4,4,8
109,24,moe,828,42,7483,2711,2711,4424,288,0,60,0,728,8,3,5,8
109,25,moe,796,36,8932,2251,2252,6203,401,0,76,0,741,8,1,7,8
109,26,moe,669,37,13945,3855,3856,9685,343,0,61,0,728,8,2,6,8
109,-1,epi,0,0,0,0,0,0,0,0,5789,0,0,0,0,0,0
110,-2,pre,213,0,0,0,0,0,0,0,0,0,0,0,0,0,0
110,0,dense,1460,40,0,0,0,0,0,0,0,0,0,0,0,0,0
110,1,moe,819,36,7150,2111,2111,4829,169,0,41,0,741,8,5,3,8
110,2,moe,779,40,6177,2365,2365,3545,225,0,42,0,735,8,4,4,8
110,3,moe,666,33,10461,3732,3733,6458,225,0,45,0,728,8,4,4,8
110,4,moe,751,39,6799,2519,2520,3897,244,0,138,0,618,8,3,5,8
110,5,moe,804,35,3049,1383,1383,1536,100,0,30,0,617,8,6,2,8
110,6,moe,739,36,4601,2495,2495,1898,116,0,92,0,731,8,6,2,8
110,7,moe,672,39,7891,3319,3319,4319,146,0,107,0,606,8,5,3,8
110,8,moe,737,34,9354,3582,3582,5528,197,0,47,0,610,8,4,4,8
110,9,moe,799,34,11080,4106,4106,6637,224,0,113,0,739,8,4,4,8
110,10,moe,738,33,6920,2442,2442,4226,145,0,107,0,612,8,5,3,8
110,11,moe,675,37,10365,3166,3167,6897,247,0,54,0,611,8,3,5,8
110,12,moe,739,37,2365,465,465,1763,59,0,78,0,727,8,7,1,8
110,13,moe,806,34,4499,1417,1417,2899,99,0,84,0,604,8,6,2,8
110,14,moe,740,35,2711,1251,1251,1377,49,0,34,0,619,8,7,1,8
110,15,moe,673,36,6647,2669,2669,3646,231,0,101,0,733,8,4,4,8
110,16,moe,732,36,3206,1407,1407,1607,98,0,94,0,616,8,6,2,8
110,17,moe,798,35,1091,259,259,761,48,0,23,0,622,8,7,1,8
110,18,moe,737,36,5073,2045,2045,2756,173,0,99,0,735,8,5,3,8
110,19,moe,676,34,15994,5858,5859,9679,347,0,109,0,599,8,1,7,8
110,20,moe,726,37,12026,4728,4728,6984,261,0,53,0,672,8,3,5,8
110,21,moe,798,42,13174,4505,4505,8228,301,0,140,0,748,8,3,5,8
110,22,moe,834,42,6359,2900,2900,3119,206,0,134,0,624,8,4,4,8
110,23,moe,672,38,5887,2846,2846,2763,172,0,106,0,744,8,5,3,8
110,24,moe,817,34,8132,4291,4291,3560,231,0,50,0,755,8,4,4,8
110,25,moe,815,40,7857,4015,4016,3558,231,0,52,0,745,8,4,4,8
110,26,moe,668,212,17484,9070,9071,8070,282,0,61,0,734,8,3,5,8
110,-1,epi,0,0,0,0,0,0,0,0,5779,0,0,0,0,0,0
111,-2,pre,50,0,0,0,0,0,0,0,0,0,0,0,0,0,0
111,0,dense,1456,39,0,0,0,0,0,0,0,0,0,0,0,0,0
111,1,moe,833,38,4266,1405,1405,2649,170,0,42,0,747,8,5,3,8
111,2,moe,744,41,8772,4931,4932,3562,224,0,54,0,745,8,4,4,8
111,3,moe,680,37,6066,1001,1001,4857,169,0,39,0,751,8,5,3,8
111,4,moe,741,37,2274,1290,1290,838,50,0,96,0,626,8,7,1,8
111,5,moe,818,44,3972,2317,2317,1526,100,0,29,0,621,8,6,2,8
111,6,moe,730,36,3142,1222,1222,1807,57,0,56,0,743,8,7,1,8
111,7,moe,658,34,3237,1440,1440,1594,102,0,101,0,637,8,6,2,8
111,8,moe,735,34,1101,268,268,762,51,0,20,0,628,8,7,1,8
111,9,moe,815,39,2468,1311,1311,1019,59,0,79,0,752,8,7,1,8
111,10,moe,753,36,1234,282,283,818,52,0,81,0,634,8,7,1,8
111,11,moe,667,34,3392,1740,1740,1527,98,0,27,0,632,8,6,2,8
111,12,moe,749,35,2412,1279,1279,1001,60,0,72,0,744,8,7,1,8
111,13,moe,805,36,4202,2396,2396,1614,102,0,90,0,627,8,6,2,8
111,14,moe,735,34,1123,289,289,761,51,0,22,0,638,8,7,1,8
111,15,moe,664,32,8,0,0,0,0,0,8,0,749,8,8,0,8
111,16,moe,748,31,3984,2331,2331,1523,98,0,32,0,630,8,6,2,8
111,17,moe,815,29,4947,2456,2456,2301,150,0,40,0,629,8,5,3,8
111,18,moe,736,32,6059,2462,2462,3382,114,0,101,0,743,8,6,2,8
111,19,moe,662,28,5246,2245,2245,2810,101,0,90,0,622,8,6,2,8
111,20,moe,740,30,8815,3046,3046,5524,199,0,46,0,621,8,4,4,8
111,21,moe,810,37,10829,3869,3869,6608,224,0,128,0,739,8,4,4,8
111,22,moe,812,31,5313,2680,2680,2372,151,0,110,0,622,8,5,3,8
111,23,moe,667,29,5995,2444,2444,3340,115,0,96,0,736,8,6,2,8
111,24,moe,808,30,13691,5283,5283,8048,299,0,61,0,738,8,3,5,8
111,25,moe,809,30,5770,2864,2864,2664,198,0,44,0,746,8,5,3,8
111,26,moe,671,29,10180,4380,4381,5342,383,0,74,0,755,8,2,6,8
111,-1,epi,0,0,0,0,0,0,0,0,5874,0,0,0,0,0,0
112,-2,pre,220,0,0,0,0,0,0,0,0,0,0,0,0,0,0
112,0,dense,1480,34,0,0,0,0,0,0,0,0,0,0,0,0,0
112,1,moe,837,31,11206,4466,4466,6455,237,0,48,0,745,8,4,4,8
112,2,moe,756,33,10046,5231,5231,4436,320,0,59,0,744,8,3,5,8
112,3,moe,670,30,7414,3547,3547,3562,259,0,46,0,745,8,4,4,8
112,4,moe,737,30,5422,2792,2792,2365,147,0,118,0,621,8,5,3,8
112,5,moe,816,32,6261,2948,2948,3066,202,0,45,0,624,8,4,4,8
112,6,moe,735,29,11685,4733,4733,6604,225,0,123,0,739,8,4,4,8
112,7,moe,662,32,5176,2535,2535,2384,150,0,107,0,623,8,5,3,8
112,8,moe,734,30,1959,1117,1117,768,54,0,20,0,632,8,7,1,8
112,9,moe,799,31,8738,4757,4758,3646,224,0,110,0,745,8,4,4,8
112,10,moe,730,28,4306,1668,1668,2380,152,0,106,0,633,8,5,3,8
112,11,moe,667,28,5678,3202,3202,2287,148,0,41,0,635,8,5,3,8
112,12,moe,757,34,5057,1484,1484,3369,114,0,90,0,735,8,6,2,8
112,13,moe,815,29,6965,2469,2469,4249,146,0,101,0,613,8,5,3,8
112,14,moe,734,29,7760,1993,1993,5519,196,0,52,0,623,8,4,4,8
112,15,moe,660,30,10848,3889,3889,6617,226,0,116,0,736,8,4,4,8
112,16,moe,735,30,8944,4673,4673,3892,250,0,129,0,626,8,3,5,8
112,17,moe,800,31,10165,5216,5216,4580,306,0,63,0,639,8,2,6,8
112,18,moe,736,32,9203,5176,5176,3674,232,0,121,0,741,8,4,4,8
112,19,moe,658,31,7196,3737,3737,3133,202,0,124,0,623,8,4,4,8
112,20,moe,737,29,6808,2460,2460,4160,151,0,37,0,623,8,5,3,8
112,21,moe,814,34,8042,2768,2768,5006,168,1,99,0,735,8,5,3,8
112,22,moe,802,30,9665,3695,3695,5660,194,0,116,0,613,8,4,4,8
112,23,moe,661,28,8889,3601,3601,5031,168,0,89,0,733,8,5,3,8
112,24,moe,807,30,7913,2846,2846,4856,171,0,40,0,728,8,5,3,8
112,25,moe,811,30,5791,2388,2388,3258,113,0,32,0,734,8,6,2,8
112,26,moe,662,28,10051,3326,3327,6446,226,0,52,0,740,8,4,4,8
112,-1,epi,0,0,0,0,0,0,0,0,5832,0,0,0,0,0,0
113,-2,pre,52,0,0,0,0,0,0,0,0,0,0,0,0,0,0
113,0,dense,1461,36,0,0,0,0,0,0,0,0,0,0,0,0,0
113,1,moe,844,31,6268,2440,2440,3546,229,0,53,0,759,8,4,4,8
113,2,moe,746,30,3835,1855,1855,1818,132,0,30,0,864,8,6,2,8
113,3,moe,672,37,4995,1560,1561,3273,127,0,34,0,800,8,6,2,8
113,4,moe,723,33,2810,1140,1141,1478,57,0,134,0,633,8,7,1,8
113,5,moe,831,38,4029,2351,2352,1543,99,0,35,0,630,8,6,2,8
113,6,moe,738,33,11743,4874,4874,6524,227,0,118,0,755,8,4,4,8
113,7,moe,681,30,2725,1144,1144,1448,48,0,85,0,633,8,7,1,8
113,8,moe,749,36,2639,1189,1189,1376,51,0,23,0,620,8,7,1,8
113,9,moe,821,31,6702,3653,3653,2775,169,0,105,0,749,8,5,3,8
113,10,moe,735,31,4566,1951,1951,2363,147,0,105,0,632,8,5,3,8
113,11,moe,664,28,3430,529,529,2774,99,0,28,0,620,8,6,2,8
113,12,moe,743,29,3137,1240,1240,1763,57,0,77,0,743,8,7,1,8
113,13,moe,814,30,2739,1156,1156,1457,50,0,76,0,625,8,7,1,8
113,14,moe,738,33,5062,2573,2573,2293,152,0,44,0,633,8,5,3,8
113,15,moe,672,33,5967,2422,2422,3344,113,0,88,0,748,8,6,2,8
113,16,moe,740,28,7129,2619,2619,4263,147,0,100,0,625,8,5,3,8
113,17,moe,823,35,9373,3547,3547,5568,204,0,54,0,626,8,4,4,8
113,18,moe,732,35,9237,5207,5207,3681,230,0,119,0,744,8,4,4,8
113,19,moe,664,32,9450,3517,3517,5629,193,1,110,0,613,8,4,4,8
113,20,moe,744,38,9339,3560,3560,5535,198,0,46,0,631,8,4,4,8
113,21,moe,800,33,5145,1619,1619,3336,118,0,72,0,739,8,6,2,8
113,22,moe,7257,31,5176,2093,2093,2882,101,0,100,0,621,8,6,2,8
113,23,moe,830,235,11538,6361,6361,4914,169,1,93,0,736,8,5,3,8
113,24,moe,800,35,6342,2492,2492,3557,237,0,56,0,740,8,4,4,8
113,25,moe,803,36,8635,4804,4805,3545,233,0,52,0,744,8,4,4,8
113,26,moe,683,34,6535,3641,3641,2679,176,0,39,0,741,8,5,3,8
113,-1,epi,0,0,0,0,0,0,0,0,5837,0,0,0,0,0,0
114,-2,pre,200,0,0,0,0,0,0,0,0,0,0,0,0,0,0
114,0,dense,1469,38,0,0,0,0,0,0,0,0,0,0,0,0,0
114,1,moe,830,35,8539,4694,4695,3557,236,0,51,0,760,8,4,4,8
114,2,moe,731,36,4323,2391,2391,1787,116,0,29,0,746,8,6,2,8
114,3,moe,667,32,3091,1397,1397,1613,60,0,21,0,742,8,7,1,8
114,4,moe,739,34,3990,2200,2200,1584,98,0,108,0,626,8,6,2,8
114,5,moe,812,34,3853,2205,2205,1520,98,0,30,0,625,8,6,2,8
114,6,moe,733,34,2393,1255,1255,996,57,0,85,0,745,8,7,1,8
114,7,moe,672,31,2083,1125,1125,832,50,0,76,0,629,8,7,1,8
114,8,moe,750,36,4330,1437,1437,2764,99,0,30,0,624,8,6,2,8
114,9,moe,811,35,7970,2737,2738,4968,166,1,97,0,741,8,5,3,8
114,10,moe,747,37,1224,269,269,826,49,0,80,0,644,8,7,1,8
114,11,moe,680,32,7714,4423,4423,3038,198,0,55,0,628,8,4,4,8
114,12,moe,730,32,10900,3976,3976,6594,225,0,105,0,742,8,4,4,8
114,13,moe,805,33,2755,1139,1139,1493,49,0,74,0,631,8,7,1,8
114,14,moe,739,33,8718,2913,2913,5557,197,0,51,0,637,8,4,4,8
114,15,moe,673,34,15634,4568,4568,10531,400,0,135,0,734,8,1,7,8
114,16,moe,740,36,12935,4198,4199,8320,292,0,124,0,613,8,2,6,8
114,17,moe,802,33,9318,3553,3553,5521,196,0,48,0,618,8,4,4,8
114,18,moe,739,36,15037,4859,4860,9689,355,0,133,0,734,8,2,6,8
114,19,moe,658,38,4368,1329,1329,2839,100,0,100,0,611,8,6,2,8
114,20,moe,740,37,5580,2279,2280,3051,198,0,51,0,618,8,4,4,8
114,21,moe,804,41,5867,1926,1927,3624,231,0,85,0,738,8,4,4,8
114,22,moe,1263,36,3916,2159,2159,1571,98,0,88,0,615,8,6,2,8
114,23,moe,658,33,1413,319,319,971,56,0,67,0,733,8,7,1,8
114,24,moe,795,34,10162,3406,3407,6482,226,0,47,0,735,8,4,4,8
114,25,moe,819,38,7878,3998,3998,3594,241,0,45,0,743,8,4,4,8
114,26,moe,666,34,6808,3922,3922,2673,172,0,41,0,738,8,5,3,8
114,-1,epi,0,0,0,0,0,0,0,0,5840,0,0,0,0,0,0
115,-2,pre,203,0,0,0,0,0,0,0,0,0,0,0,0,0,0
115,0,dense,1459,43,0,0,0,0,0,0,0,0,0,0,0,0,0
115,1,moe,819,36,7791,3963,3964,3547,231,0,49,0,755,8,4,4,8
115,2,moe,731,35,10656,3917,3917,6460,231,0,48,0,738,8,4,4,8
115,3,moe,666,36,16086,5114,5114,10499,402,0,71,0,745,8,1,7,8
115,4,moe,740,37,4064,2272,2272,1590,100,0,102,0,616,8,6,2,8
115,5,moe,821,38,6302,3001,3001,3062,193,0,46,0,622,8,4,4,8
115,6,moe,735,37,5789,2788,2788,2725,170,0,106,0,742,8,5,3,8
115,7,moe,661,34,3985,2214,2214,1585,99,0,87,0,618,8,6,2,8
115,8,moe,729,35,2118,1276,1276,768,51,0,23,0,621,8,7,1,8
115,9,moe,805,35,7903,2742,2743,4911,168,0,81,0,735,8,5,3,8
115,10,moe,732,34,8732,2891,2891,5563,195,0,83,0,618,8,4,4,8
115,11,moe,655,32,8558,2815,2815,5507,194,0,42,0,616,8,4,4,8
115,12,moe,731,44,12873,4151,4151,8259,317,0,146,0,784,8,3,5,8
115,13,moe,886,45,4658,1582,1582,2857,102,0,117,0,631,8,6,2,8
115,14,moe,742,36,9511,3724,3725,5540,197,0,49,0,623,8,4,4,8
115,15,moe,665,37,19059,7058,7058,11377,456,0,168,0,748,8,0,8,8
115,16,moe,748,38,10946,5830,5830,4641,292,0,183,0,625,8,2,6,8
115,17,moe,801,35,10578,4842,4842,5321,343,0,72,0,631,8,1,7,8
115,18,moe,734,34,16936,6624,6624,9839,338,0,135,0,737,8,2,6,8
115,19,moe,666,34,12187,4828,4828,7003,243,0,113,0,616,8,3,5,8
115,20,moe,731,34,10083,4306,4306,5517,195,0,65,0,610,8,4,4,8
115,21,moe,800,34,13747,5192,5192,8149,283,0,123,0,731,8,3,5,8
115,22,moe,807,36,8039,2148,2149,5576,194,0,120,0,608,8,4,4,8
115,23,moe,658,32,14335,5707,5707,8220,291,0,117,0,725,8,3,5,8
115,24,moe,793,36,16842,6730,6731,9695,353,0,63,0,728,8,2,6,8
115,25,moe,808,36,14344,4302,4303,9630,347,0,64,0,732,8,2,6,8
115,26,moe,656,38,12387,5691,5691,6195,422,1,78,0,731,8,1,7,8
115,-1,epi,0,0,0,0,0,0,0,0,5755,0,0,0,0,0,0
116,-2,pre,295,0,0,0,0,0,0,0,0,0,0,0,0,0,0
116,0,dense,1471,39,0,0,0,0,0,0,0,0,0,0,0,0,0
116,1,moe,820,36,10894,4129,4129,6461,236,0,68,0,740,8,4,4,8
116,2,moe,743,34,5008,1624,1624,3233,118,0,33,0,736,8,6,2,8
116,3,moe,671,36,8005,2903,2903,4877,177,0,48,0,732,8,5,3,8
116,4,moe,729,36,5339,2715,2715,2353,150,0,121,0,620,8,5,3,8
116,5,moe,811,33,6239,1892,1892,4157,151,0,39,0,619,8,5,3,8
116,6,moe,731,37,4633,2553,2554,1862,116,0,101,0,751,8,6,2,8
116,7,moe,662,34,8656,2705,2706,5641,200,0,109,0,617,8,4,4,8
116,8,moe,739,41,4274,2597,2597,1545,101,0,31,0,624,8,6,2,8
116,9,moe,846,39,6684,3616,3616,2787,169,0,112,0,740,8,5,3,8
116,10,moe,734,37,9548,3639,3640,5586,198,0,124,0,614,8,4,4,8
116,11,moe,659,36,5041,2155,2155,2755,100,0,31,0,618,8,6,2,8
116,12,moe,742,35,2227,316,316,1772,59,0,80,0,740,8,7,1,8
116,13,moe,816,34,4168,2336,2336,1635,104,1,92,0,649,8,6,2,8
116,14,moe,766,39,7084,3719,3719,3104,209,0,52,0,650,8,4,4,8
116,15,moe,658,35,8285,2949,2951,5027,186,1,120,0,746,8,5,3,8
116,16,moe,732,42,2387,558,558,1633,106,0,90,0,662,8,6,2,8
116,17,moe,751,47,6289,2833,2835,3189,211,0,54,0,634,8,4,4,8
116,18,moe,749,42,7993,3945,3947,3683,226,0,137,0,750,8,4,4,8
116,19,moe,670,36,6182,2751,2751,3130,196,0,105,0,640,8,4,4,8
116,20,moe,732,37,4178,1706,1706,2282,148,0,42,0,627,8,5,3,8
116,21,moe,870,38,11150,7144,7144,3662,226,0,118,0,742,8,4,4,8
116,22,moe,800,47,6415,2941,2941,3156,196,0,122,0,624,8,4,4,8
116,23,moe,665,34,6023,2969,2970,2782,172,0,99,0,741,8,5,3,8
116,24,moe,804,34,7402,2615,2615,4428,301,0,58,0,747,8,3,5,8
116,25,moe,804,36,9177,4364,4365,4452,297,0,63,0,751,8,3,5,8
116,26,moe,666,34,14828,4688,4690,9714,348,0,76,0,755,8,2,6,8
116,-1,epi,0,0,0,0,0,0,0,0,5827,0,0,0,0,0,0
117,-2,pre,217,0,0,0,0,0,0,0,0,0,0,0,0,0,0
117,0,dense,1469,39,0,0,0,0,0,0,0,0,0,0,0,0,0
117,1,moe,831,40,11231,6321,6321,4555,295,0,60,0,754,8,3,5,8
117,2,moe,759,47,8039,3956,3956,3796,240,0,47,0,744,8,4,4,8
117,3,moe,670,37,11649,6608,6608,4671,313,0,57,0,756,8,3,5,8
117,4,moe,731,34,8588,4147,4147,4083,259,0,99,0,631,8,3,5,8
117,5,moe,809,36,4200,2449,2449,1618,104,0,29,0,626,8,6,2,8
117,6,moe,744,36,4571,2488,2488,1871,115,0,97,0,763,8,6,2,8
117,7,moe,679,34,4082,2242,2242,1642,105,0,93,0,636,8,6,2,8
117,8,moe,749,36,4070,2295,2295,1629,100,0,46,0,632,8,6,2,8
117,9,moe,818,36,9471,4301,4301,4717,307,0,146,0,815,8,3,5,8
117,10,moe,740,33,5950,3278,3278,2387,158,0,127,0,665,8,5,3,8
117,11,moe,658,31,8794,4683,4683,3810,243,0,58,0,637,8,3,5,8
117,12,moe,749,32,6710,3662,3662,2765,169,0,114,0,746,8,5,3,8
117,13,moe,816,32,7867,4414,4415,3127,196,0,129,0,630,8,4,4,8
117,14,moe,758,38,5953,3463,3463,2295,146,0,49,0,633,8,5,3,8
117,15,moe,673,30,10180,3232,3232,6599,228,0,121,0,751,8,4,4,8
117,16,moe,749,39,8953,4669,4669,3908,242,0,134,0,637,8,3,5,8
117,17,moe,806,34,5172,2284,2284,2758,100,0,30,0,624,8,6,2,8
117,18,moe,742,41,11767,5858,5858,5429,339,0,141,0,750,8,2,6,8
117,19,moe,672,37,5179,2549,2550,2375,148,0,106,0,624,8,5,3,8
117,20,moe,729,33,3885,2233,2233,1523,99,0,30,0,622,8,6,2,8
117,21,moe,811,32,4364,2310,2310,1851,113,0,90,0,746,8,6,2,8
117,22,moe,807,32,5320,2723,2723,2347,147,0,103,0,627,8,5,3,8
117,23,moe,660,29,6664,3605,3606,2792,169,0,97,0,747,8,5,3,8
117,24,moe,818,33,10909,6117,6117,4448,282,0,62,0,756,8,3,5,8
117,25,moe,814,31,6450,3582,3583,2653,170,0,44,0,742,8,5,3,8
117,26,moe,669,29,10941,6137,6137,4461,280,0,63,0,753,8,3,5,8
117,-1,epi,0,0,0,0,0,0,0,0,5861,0,0,0,0,0,0
118,-2,pre,233,0,0,0,0,0,0,0,0,0,0,0,0,0,0
118,0,dense,1462,33,0,0,0,0,0,0,0,0,0,0,0,0,0
118,1,moe,821,35,12225,6470,6470,5344,340,0,71,0,754,8,2,6,8
118,2,moe,750,31,7987,4173,4173,3542,225,0,47,0,744,8,4,4,8
118,3,moe,673,36,9443,4653,4653,4443,287,0,60,0,753,8,3,5,8
118,4,moe,728,31,5494,2894,2894,2363,148,0,89,0,626,8,5,3,8
118,5,moe,814,30,9050,4950,4950,3792,244,0,64,0,631,8,3,5,8
118,6,moe,749,33,8000,3975,3975,3680,227,0,118,0,750,8,4,4,8
118,7,moe,665,29,10372,5309,5309,4640,293,0,130,0,626,8,2,6,8
118,8,moe,731,30,6079,3612,3612,2281,146,0,40,0,619,8,5,3,8
118,9,moe,809,30,6345,2355,2356,3651,225,1,112,0,750,8,4,4,8
118,10,moe,740,29,5915,3305,3305,2357,148,0,105,0,625,8,5,3,8
118,11,moe,662,28,6857,2517,2518,4145,152,0,42,0,616,8,5,3,8
118,12,moe,733,30,4629,2545,2545,1873,116,0,95,0,746,8,6,2,8
118,13,moe,804,33,2701,1082,1082,1487,51,0,81,0,619,8,7,1,8
118,14,moe,746,31,7908,2135,2135,5515,198,0,60,0,619,8,4,4,8
118,15,moe,665,32,10010,5064,5064,4535,280,0,131,0,742,8,3,5,8
118,16,moe,736,30,12988,7086,7086,5403,341,0,158,0,631,8,1,7,8
118,17,moe,798,31,10004,5080,5081,4566,292,0,65,0,629,8,2,6,8
118,18,moe,742,31,7294,3278,3278,3667,232,0,117,0,739,8,4,4,8
118,19,moe,662,29,8002,4582,4582,3109,196,0,115,0,631,8,4,4,8
118,20,moe,743,33,4973,2490,2490,2292,147,0,44,0,629,8,5,3,8
118,21,moe,813,34,4654,2552,2552,1895,114,0,93,0,747,8,6,2,8
118,22,moe,800,30,5373,2762,2762,2350,150,0,111,0,617,8,5,3,8
118,23,moe,664,29,9100,4160,4160,4537,288,0,115,0,745,8,3,5,8
118,24,moe,810,31,6564,3684,3684,2668,173,0,39,0,751,8,5,3,8
118,25,moe,808,31,5701,2834,2834,2661,169,0,37,0,743,8,5,3,8
118,26,moe,671,30,5779,2913,2914,2654,169,0,42,0,738,8,5,3,8
118,-1,epi,0,0,0,0,0,0,0,0,5858,0,0,0,0,0,0
119,-2,pre,207,0,0,0,0,0,0,0,0,0,0,0,0,0,0
119,0,dense,1480,30,0,0,0,0,0,0,0,0,0,0,0,0,0
119,1,moe,833,33,9860,3105,3106,6474,233,0,47,0,746,8,4,4,8
119,2,moe,740,30,10012,5223,5224,4442,285,0,61,0,764,8,3,5,8
119,3,moe,667,30,7099,3258,3259,3565,224,0,51,0,751,8,4,4,8
119,4,moe,732,31,4019,2263,2263,1582,99,0,75,0,633,8,6,2,8
119,5,moe,812,34,4311,1830,1830,2291,148,0,42,0,630,8,5,3,8
119,6,moe,739,33,2534,1348,1348,1026,58,0,102,0,749,8,7,1,8
119,7,moe,678,33,3455,836,837,2356,150,0,112,0,633,8,5,3,8
119,8,moe,738,31,3908,2243,2243,1534,101,0,30,0,624,8,6,2,8
119,9,moe,818,30,5884,2839,2839,2771,169,0,105,0,743,8,5,3,8
119,10,moe,743,34,12248,6355,6355,5402,342,0,149,0,632,8,1,7,8
119,11,moe,668,50,10708,5757,5757,4579,300,0,72,0,633,8,2,6,8
119,12,moe,730,31,5991,2960,2960,2761,169,0,101,0,747,8,5,3,8
119,13,moe,811,29,4313,1680,1680,2376,147,0,110,0,621,8,5,3,8
119,14,moe,743,28,6200,2917,2918,3043,196,0,43,0,633,8,4,4,8
119,15,moe,660,29,8189,4116,4116,3701,244,0,128,0,798,8,4,4,8
119,16,moe,733,35,1279,281,281,832,54,0,112,0,656,8,7,1,8
119,17,moe,824,38,3974,2279,2279,1553,108,0,34,0,657,8,6,2,8
119,18,moe,769,37,8204,5148,5148,2768,168,0,120,0,756,8,5,3,8
119,19,moe,669,49,5283,2670,2671,2348,148,1,115,0,626,8,5,3,8
119,20,moe,744,38,9947,2727,2728,6904,248,0,67,0,628,8,3,5,8
119,21,moe,808,39,4225,627,627,3383,115,0,100,0,742,8,6,2,8
119,22,moe,827,40,2478,655,655,1627,102,0,94,0,622,8,6,2,8
119,23,moe,679,32,2461,1346,1346,987,59,0,69,0,746,8,7,1,8
119,24,moe,820,38,4265,1388,1388,2663,173,1,40,0,746,8,5,3,8
119,25,moe,818,34,6439,2609,2609,3552,233,0,45,0,746,8,4,4,8
119,26,moe,680,36,5858,2993,2993,2652,170,0,43,0,741,8,5,3,8
119,-1,epi,0,0,0,0,0,0,0,0,5873,0,0,0,0,0,0
120,-2,pre,209,0,0,0,0,0,0,0,0,0,0,0,0,0,0
120,0,dense,1484,42,0,0,0,0,0,0,0,0,0,0,0,0,0
120,1,moe,851,38,3506,1596,1596,1762,115,0,33,0,758,8,6,2,8
120,2,moe,805,36,8150,4340,4340,3538,226,0,46,0,749,8,4,4,8
120,3,moe,674,35,10345,5554,5554,4450,279,0,62,0,756,8,3,5,8
120,4,moe,740,37,3324,1540,1540,1598,98,0,88,0,628,8,6,2,8
120,5,moe,823,40,6854,3514,3514,3095,196,0,49,0,633,8,4,4,8
120,6,moe,747,38,7930,3893,3893,3679,227,0,131,0,752,8,4,4,8
120,7,moe,660,34,3955,2169,2169,1588,99,0,99,0,641,8,6,2,8
120,8,moe,744,37,7781,4492,4492,3040,195,0,54,0,629,8,4,4,8
120,9,moe,829,37,9,0,0,0,0,0,9,0,746,8,8,0,8
120,10,moe,735,40,3103,1453,1453,1520,97,0,33,0,631,8,6,2,8
120,11,moe,674,32,7107,2770,2770,4134,152,0,51,0,627,8,5,3,8
120,12,moe,753,35,3118,1234,1234,1732,59,0,93,0,745,8,7,1,8
120,13,moe,812,35,8078,2121,2121,5629,197,0,131,0,626,8,4,4,8
120,14,moe,743,34,1749,287,287,1391,51,0,20,0,625,8,7,1,8
120,15,moe,675,34,7558,3550,3550,3658,234,0,116,0,743,8,4,4,8
120,16,moe,737,36,6972,2701,2701,3896,248,0,127,0,627,8,3,5,8
120,17,moe,802,34,4365,1896,1896,2285,146,0,38,0,625,8,5,3,8
120,18,moe,735,34,13261,6364,6365,6358,391,0,147,0,745,8,1,7,8
120,19,moe,661,36,6482,3049,3050,3128,195,0,109,0,627,8,4,4,8
120,20,moe,728,34,4310,1835,1835,2290,145,0,40,0,624,8,5,3,8
120,21,moe,809,39,4194,623,623,3363,118,0,90,0,735,8,6,2,8
120,22,moe,813,35,9320,4270,4270,4625,293,0,132,0,628,8,2,6,8
120,23,moe,664,36,7891,3905,3905,3657,226,0,103,0,749,8,4,4,8
120,24,moe,807,33,6433,2603,2603,3554,225,0,51,0,746,8,4,4,8
120,25,moe,809,35,7142,3329,3330,3538,226,0,48,0,742,8,4,4,8
120,26,moe,675,33,3824,955,955,2665,169,0,35,0,746,8,5,3,8
120,-1,epi,0,0,0,0,0,0,0,0,5895,0,0,0,0,0,0
121,-2,pre,232,0,0,0,0,0,0,0,0,0,0,0,0,0,0
121,0,dense,1481,39,0,0,0,0,0,0,0,0,0,0,0,0,0
121,1,moe,841,37,11336,5589,5589,5338,343,0,66,0,757,8,2,6,8
121,2,moe,747,37,8390,3585,3585,4458,291,0,56,0,751,8,3,5,8
121,3,moe,678,33,14966,7335,7335,7102,451,0,78,0,763,8,0,8,8
121,4,moe,740,34,5497,2044,2045,3123,195,0,134,0,630,8,4,4,8
121,5,moe,823,44,3021,1371,1371,1523,98,0,29,0,622,8,6,2,8
121,6,moe,742,35,8944,3679,3680,4977,172,0,115,0,740,8,5,3,8
121,7,moe,673,35,6185,2740,2740,3129,197,0,119,0,626,8,4,4,8
121,8,moe,733,35,6897,3589,3590,3063,198,0,46,0,627,8,4,4,8
121,9,moe,812,35,5823,2700,2700,2842,168,0,113,0,747,8,5,3,8
121,10,moe,732,36,7445,3176,3176,3895,245,0,129,0,630,8,3,5,8
121,11,moe,672,33,9413,3660,3660,5335,343,0,75,0,633,8,1,7,8
121,12,moe,745,34,13231,4571,4571,8250,285,0,125,0,746,8,3,5,8
121,13,moe,809,37,5108,2506,2506,2347,150,0,105,0,622,8,5,3,8
121,14,moe,761,37,8248,4139,4140,3807,248,0,53,0,634,8,3,5,8
121,15,moe,665,33,10649,4740,4741,5434,336,0,138,0,740,8,2,6,8
121,16,moe,738,34,8897,2969,2969,5426,349,0,153,0,631,8,1,7,8
121,17,moe,806,34,6027,2744,2744,3038,198,0,47,0,621,8,4,4,8
121,18,moe,737,34,12068,3476,3477,8182,286,0,123,0,735,8,3,5,8
121,19,moe,664,32,9320,4234,4236,4655,294,0,135,0,619,8,2,6,8
121,20,moe,737,37,7895,2958,2958,4567,302,0,68,0,629,8,2,6,8
121,21,moe,813,36,8573,3588,3588,4573,285,0,127,0,734,8,3,5,8
121,22,moe,796,35,11283,5366,5366,5412,353,0,152,0,636,8,1,7,8
121,23,moe,724,144,16876,10819,10819,5517,371,0,169,0,778,8,2,6,8
121,24,moe,823,48,12498,5791,5791,6207,393,0,107,0,759,8,1,7,8
121,25,moe,824,55,13543,6824,6824,6210,390,0,119,0,755,8,1,7,8
121,26,moe,672,43,6337,2493,2493,3543,224,0,77,0,750,8,4,4,8
121,-1,epi,0,0,0,0,0,0,0,0,5847,0,0,0,0,0,0
122,-2,pre,48,0,0,0,0,0,0,0,0,0,0,0,0,0,0
122,0,dense,1504,57,0,0,0,0,0,0,0,0,0,0,0,0,0
122,1,moe,837,44,11626,3177,3177,8078,294,0,77,0,865,8,3,5,8
122,2,moe,758,51,4957,1580,1580,3223,117,0,37,0,742,8,6,2,8
122,3,moe,674,47,10349,5541,5541,4452,284,0,72,0,753,8,3,5,8
122,4,moe,741,46,9121,4850,4850,3871,248,0,152,0,634,8,3,5,8
122,5,moe,801,47,4390,1497,1497,2755,101,0,37,0,624,8,6,2,8
122,6,moe,741,46,2183,321,321,1709,58,0,95,0,737,8,7,1,8
122,7,moe,680,49,7962,3439,3439,4255,151,0,117,0,953,8,5,3,8
122,8,moe,750,38,2129,1292,1292,765,50,0,22,0,614,8,7,1,8
122,9,moe,802,43,3665,1562,1563,1879,116,0,107,0,737,8,6,2,8
122,10,moe,741,36,5162,2541,2541,2359,148,1,113,0,620,8,5,3,8
122,11,moe,664,33,6090,2789,2789,3055,196,0,50,0,622,8,4,4,8
122,12,moe,740,36,10,0,0,0,0,0,10,0,735,8,8,0,8
122,13,moe,814,36,2064,1232,1232,760,50,0,22,0,619,8,7,1,8
122,14,moe,743,34,4183,1720,1720,2271,148,0,44,0,626,8,5,3,8
122,15,moe,670,33,2756,654,654,1890,114,0,98,0,742,8,6,2,8
122,16,moe,740,34,2146,1174,1174,842,50,0,80,0,619,8,7,1,8
122,17,moe,838,39,6192,2899,2899,3050,196,0,47,0,637,8,4,4,8
122,18,moe,744,36,2743,626,626,1904,114,0,99,0,740,8,6,2,8
122,19,moe,667,34,4351,1730,1730,2369,147,0,105,0,616,8,5,3,8
122,20,moe,754,38,6953,3631,3632,3055,196,0,70,0,629,8,4,4,8
122,21,moe,815,34,6409,2391,2391,3678,229,0,111,0,747,8,4,4,8
122,22,moe,816,36,9538,4462,4463,4633,299,0,143,0,625,8,2,6,8
122,23,moe,672,37,3683,1617,1617,1871,113,0,82,0,736,8,6,2,8
122,24,moe,810,42,9679,3942,3943,5333,338,0,65,0,746,8,2,6,8
122,25,moe,813,33,13752,5304,5304,8097,285,1,65,0,732,8,3,5,8
122,26,moe,667,34,6975,3165,3165,3537,223,0,50,0,738,8,4,4,8
122,-1,epi,0,0,0,0,0,0,0,0,5855,0,0,0,0,0,0
123,-2,pre,209,0,0,0,0,0,0,0,0,0,0,0,0,0,0
123,0,dense,1463,42,0,0,0,0,0,0,0,0,0,0,0,0,0
123,1,moe,820,35,4545,2619,2619,1772,116,0,38,0,744,8,6,2,8
123,2,moe,747,35,9107,4346,4346,4422,280,0,59,0,744,8,3,5,8
123,3,moe,668,34,6976,3143,3143,3559,226,0,48,0,754,8,4,4,8
123,4,moe,730,45,5094,2437,2439,2386,148,0,121,0,630,8,5,3,8
123,5,moe,820,29,5067,2596,2596,2282,148,0,41,0,619,8,5,3,8
123,6,moe,747,30,3646,1547,1547,1885,113,0,101,0,746,8,6,2,8
123,7,moe,681,30,10425,4449,4450,5656,201,0,118,0,624,8,4,4,8
123,8,moe,742,33,1968,1133,1133,763,52,0,20,0,624,8,7,1,8
123,9,moe,810,28,8,0,0,0,0,0,8,0,741,8,8,0,8
123,10,moe,745,29,2186,540,540,1516,100,0,30,0,632,8,6,2,8
123,11,moe,689,27,9752,5616,5616,3830,246,0,60,0,620,8,3,5,8
123,12,moe,749,29,5733,2682,2682,2768,169,0,114,0,746,8,5,3,8
123,13,moe,815,31,5989,3340,3340,2380,151,0,118,0,622,8,5,3,8
123,14,moe,733,31,1966,1131,1131,767,48,0,20,0,623,8,7,1,8
123,15,moe,675,29,3613,1532,1532,1877,115,0,89,0,736,8,6,2,8
123,16,moe,747,29,3216,1417,1417,1608,100,0,91,0,628,8,6,2,8
123,17,moe,813,29,6148,2826,2826,3066,195,0,61,0,627,8,4,4,8
123,18,moe,750,30,4495,2389,2389,1900,113,0,93,0,740,8,6,2,8
123,19,moe,670,34,3252,1480,1481,1580,100,0,91,0,628,8,6,2,8
123,20,moe,745,30,4151,1671,1673,2292,145,0,41,0,629,8,5,3,8
123,21,moe,814,29,1464,316,316,1012,57,0,79,0,747,8,7,1,8
123,22,moe,814,28,4090,2290,2290,1602,101,0,97,0,628,8,6,2,8
123,23,moe,686,28,5800,2767,2767,2760,170,0,103,0,750,8,5,3,8
123,24,moe,809,29,7050,2001,2001,4828,175,1,45,0,736,8,5,3,8
123,25,moe,818,31,7754,3902,3902,3574,233,0,45,0,738,8,4,4,8
123,26,moe,675,29,7729,2966,2966,4421,286,0,56,0,742,8,3,5,8
123,-1,epi,0,0,0,0,0,0,0,0,5903,0,0,0,0,0,0
124,-2,pre,57,0,0,0,0,0,0,0,0,0,0,0,0,0,0
124,0,dense,1480,34,0,0,0,0,0,0,0,0,0,0,0,0,0
124,1,moe,835,32,7053,2002,2003,4835,174,0,41,0,742,8,5,3,8
124,2,moe,749,30,12449,4053,4053,8049,287,0,60,0,744,8,3,5,8
124,3,moe,669,35,10111,5319,5319,4446,283,0,63,0,748,8,3,5,8
124,4,moe,741,31,3276,1467,1467,1599,97,0,113,0,622,8,6,2,8
124,5,moe,812,29,4125,1653,1653,2277,148,0,47,0,623,8,5,3,8
124,6,moe,743,28,4472,2394,2394,1865,114,0,99,0,789,8,6,2,8
124,7,moe,675,35,3292,1502,1502,1591,97,0,102,0,628,8,6,2,8
124,8,moe,742,31,5268,2787,2787,2287,149,0,45,0,626,8,5,3,8
124,9,moe,816,34,6630,3598,3598,2777,170,0,85,0,740,8,5,3,8
124,10,moe,736,37,4323,1718,1718,2347,147,0,111,0,630,8,5,3,8
124,11,moe,666,31,5443,2122,2122,3071,196,0,54,0,628,8,4,4,8
124,12,moe,738,30,7324,1995,1995,5014,191,0,124,0,791,8,5,3,8
124,13,moe,815,39,6081,3385,3386,2404,161,0,130,0,633,8,5,3,8
124,14,moe,742,35,4929,2442,2442,2291,150,0,46,0,632,8,5,3,8
124,15,moe,680,34,6567,3494,3494,2782,171,0,120,0,754,8,5,3,8
124,16,moe,747,31,6394,2976,2976,3102,195,1,120,0,632,8,4,4,8
124,17,moe,813,34,9375,3572,3572,5545,207,0,51,0,627,8,4,4,8
124,18,moe,744,33,9443,4485,4485,4538,282,0,138,0,747,8,3,5,8
124,19,moe,667,32,6976,3545,3546,3110,195,1,124,0,634,8,4,4,8
124,20,moe,740,248,11665,8363,8364,3056,197,0,48,0,619,8,4,4,8
124,21,moe,798,38,3822,1706,1707,1898,113,1,103,0,739,8,6,2,8
124,22,moe,812,36,3973,2175,2175,1602,99,0,97,0,620,8,6,2,8
124,23,moe,668,33,10346,5416,5416,4513,284,0,133,0,743,8,3,5,8
124,24,moe,809,34,7096,3288,3288,3533,229,0,46,0,747,8,4,4,8
124,25,moe,819,39,6401,3523,3524,2666,172,0,39,0,736,8,5,3,8
124,26,moe,668,36,9334,4547,4547,4442,287,0,58,0,740,8,3,5,8
124,-1,epi,0,0,0,0,0,0,0,0,5875,0,0,0,0,0,0
125,-2,pre,145,0,0,0,0,0,0,0,0,0,0,0,0,0,0
125,0,dense,1476,37,0,0,0,0,0,0,0,0,0,0,0,0,0
125,1,moe,837,44,8080,4227,4227,3577,230,0,46,0,745,8,4,4,8
125,2,moe,736,37,11006,6205,6205,4463,283,0,55,0,748,8,3,5,8
125,3,moe,683,35,5314,1920,1920,3246,117,0,31,0,731,8,6,2,8
125,4,moe,743,34,7366,3894,3894,3140,194,0,138,0,625,8,4,4,8
125,5,moe,805,39,6789,2432,2432,4162,150,0,45,0,619,8,5,3,8
125,6,moe,738,35,2598,1453,1454,1021,61,0,62,0,743,8,7,1,8
125,7,moe,683,34,5580,2949,2949,2364,153,0,114,0,621,8,5,3,8
125,8,moe,730,34,7831,4543,4543,3040,200,0,48,0,622,8,4,4,8
125,9,moe,811,34,3747,1637,1638,1900,116,0,93,0,743,8,6,2,8
125,10,moe,746,32,5937,3310,3311,2372,146,0,108,0,624,8,5,3,8
125,11,moe,679,34,5003,2528,2528,2288,147,0,40,0,630,8,5,3,8
125,12,moe,735,34,3617,1529,1529,1884,113,0,91,0,745,8,6,2,8
125,13,moe,811,32,5060,2450,2450,2356,148,1,105,0,626,8,5,3,8
125,14,moe,751,34,6066,2774,2774,3050,193,0,49,0,645,8,4,4,8
125,15,moe,678,33,3561,1471,1471,1883,113,0,94,0,739,8,6,2,8
125,16,moe,736,33,4339,1726,1726,2355,150,0,108,0,622,8,5,3,8
125,17,moe,805,33,5416,2115,2115,3053,195,0,53,0,629,8,4,4,8
125,18,moe,747,34,9296,4358,4358,4536,284,0,118,0,747,8,3,5,8
125,19,moe,691,35,3212,1420,1420,1606,97,0,89,0,617,8,6,2,8
125,20,moe,745,34,4388,1103,1103,3043,196,0,46,0,634,8,4,4,8
125,21,moe,827,36,5709,2675,2675,2759,169,0,106,0,739,8,5,3,8
125,22,moe,816,34,5450,2821,2821,2377,148,0,104,0,629,8,5,3,8
125,23,moe,669,34,4919,1867,1867,2783,167,0,102,0,738,8,5,3,8
125,24,moe,823,33,7193,3357,3357,3563,224,0,49,0,747,8,4,4,8
125,25,moe,815,43,6309,2477,2477,3558,228,0,46,0,743,8,4,4,8
125,26,moe,679,37,2560,640,640,1775,112,0,33,0,745,8,6,2,8
125,-1,epi,0,0,0,0,0,0,0,0,5926,0,0,0,0,0,0
126,-2,pre,194,0,0,0,0,0,0,0,0,0,0,0,0,0,0
126,0,dense,1475,46,0,0,0,0,0,0,0,0,0,0,0,0,0
126,1,moe,829,34,11712,5962,5962,5340,343,0,67,0,750,8,2,6,8
126,2,moe,740,35,4632,2704,2704,1783,113,0,32,0,739,8,6,2,8
126,3,moe,670,34,12892,4461,4461,8080,286,0,65,0,740,8,3,5,8
126,4,moe,745,34,7905,4448,4448,3123,197,0,137,0,619,8,4,4,8
126,5,moe,812,35,6164,2866,2866,3050,198,0,50,0,629,8,4,4,8
126,6,moe,743,34,2328,1184,1184,1027,57,0,60,0,739,8,7,1,8
126,7,moe,675,34,5538,2097,2097,3116,200,0,125,0,629,8,4,4,8
126,8,moe,746,35,5090,2618,2618,2284,150,0,38,0,622,8,5,3,8
126,9,moe,801,34,9,0,0,0,0,0,9,0,744,8,8,0,8
126,10,moe,736,33,5179,2283,2283,2762,101,0,33,0,621,8,6,2,8
126,11,moe,668,33,9297,3528,3528,5517,201,0,51,0,620,8,4,4,8
126,12,moe,738,35,3862,1709,1709,1927,119,0,107,0,744,8,6,2,8
126,13,moe,826,37,2141,1144,1144,840,50,0,107,0,626,8,7,1,8
126,14,moe,759,36,5729,3249,3250,2294,147,0,38,0,624,8,5,3,8
126,15,moe,662,33,10154,5209,5209,4540,283,0,122,0,743,8,3,5,8
126,16,moe,741,33,7954,4516,4517,3121,199,0,117,0,624,8,4,4,8
126,17,moe,814,33,7659,4348,4349,3061,196,0,53,0,621,8,4,4,8
126,18,moe,742,33,9374,4391,4391,4570,283,0,130,0,740,8,3,5,8
126,19,moe,674,38,6991,3536,3536,3145,195,0,115,0,630,8,4,4,8
126,20,moe,736,34,6925,3640,3640,3042,197,0,46,0,620,8,4,4,8
126,21,moe,806,35,8896,4878,4878,3675,227,0,116,0,745,8,4,4,8
126,22,moe,808,35,6045,3373,3374,2400,160,0,111,0,629,8,5,3,8
126,23,moe,679,35,8955,4803,4803,3755,253,0,144,0,752,8,4,4,8
126,24,moe,814,37,9199,4400,4400,4448,283,0,68,0,756,8,3,5,8
126,25,moe,821,45,12684,4282,4282,8053,280,0,69,0,750,8,3,5,8
126,26,moe,689,35,16635,6653,6653,9571,344,0,67,0,732,8,2,6,8
126,-1,epi,0,0,0,0,0,0,0,0,5817,0,0,0,0,0,0
127,-2,pre,60,0,0,0,0,0,0,0,0,0,0,0,0,0,0
127,0,dense,1486,41,0,0,0,0,0,0,0,0,0,0,0,0,0
127,1,moe,839,38,16477,6425,6425,9641,342,0,69,0,738,8,2,6,8
127,2,moe,731,35,16442,6390,6390,9641,343,0,68,0,730,8,2,6,8
127,3,moe,656,33,6220,2400,2400,3539,225,0,56,0,739,8,4,4,8
127,4,moe,735,38,9843,5611,5611,3878,243,0,111,0,627,8,3,5,8
127,5,moe,804,34,2203,550,550,1528,99,0,26,0,633,8,6,2,8
127,6,moe,746,33,3167,1292,1292,1722,58,0,95,0,745,8,7,1,8
127,7,moe,669,33,5378,2314,2314,2868,100,0,96,0,617,8,6,2,8
127,8,moe,746,37,9399,3630,3630,5519,201,0,49,0,625,8,4,4,8
127,9,moe,809,38,3106,1222,1222,1736,59,0,89,0,743,8,7,1,8
127,10,moe,739,35,6968,2475,2475,4229,146,0,118,0,632,8,5,3,8
127,11,moe,658,33,2199,551,551,1518,98,0,32,0,620,8,6,2,8
127,12,moe,735,33,3813,1688,1689,1914,115,0,95,0,749,8,6,2,8
127,13,moe,799,34,3263,1438,1438,1618,103,0,104,0,624,8,6,2,8
127,14,moe,735,42,10329,3121,3121,6897,245,0,66,0,620,8,3,5,8
127,15,moe,663,34,7039,1802,1802,4965,167,0,105,0,747,8,5,3,8
127,16,moe,747,32,4269,1663,1663,2345,151,0,110,0,631,8,5,3,8
127,17,moe,813,207,8374,4035,4035,4150,148,0,41,0,618,8,5,3,8
127,18,moe,736,36,8917,3936,3936,4561,291,0,129,0,739,8,3,5,8
127,19,moe,667,37,6543,3094,3094,3135,202,0,112,0,614,8,4,4,8
127,20,moe,736,34,9488,3734,3734,5513,197,0,44,0,611,8,4,4,8
127,21,moe,815,34,11459,2849,2849,8194,287,0,129,0,729,8,3,5,8
127,22,moe,809,33,6972,2471,2471,4238,150,0,113,0,608,8,5,3,8
127,23,moe,668,33,6799,3767,3768,2768,172,0,91,0,731,8,5,3,8
127,24,moe,798,33,11439,5724,5724,5311,336,0,68,0,732,8,2,6,8
127,25,moe,798,52,10244,5466,5466,4438,283,0,57,0,730,8,3,5,8
127,26,moe,670,33,12980,7218,7219,5347,345,0,69,0,742,8,2,6,8
127,-1,epi,0,0,0,0,0,0,0,0,5815,0,0,0,0,0,0
128,-2,pre,211,0,0,0,0,0,0,0,0,0,0,0,0,0,0
128,0,dense,1455,38,0,0,0,0,0,0,0,0,0,0,0,0,0
128,1,moe,827,37,12850,4428,4428,8077,285,0,60,0,754,8,3,5,8
128,2,moe,731,35,6021,3095,3095,2712,173,0,41,0,839,8,5,3,8
128,3,moe,720,40,6187,2804,2804,3228,117,0,38,0,740,8,6,2,8
128,4,moe,740,36,8492,3999,4000,4194,147,0,151,0,612,8,5,3,8
128,5,moe,809,37,2600,1148,1148,1378,53,0,21,0,613,8,7,1,8
128,6,moe,740,34,5193,1603,1603,3381,113,0,96,0,729,8,6,2,8
128,7,moe,667,33,4442,1406,1406,2843,98,0,95,0,614,8,6,2,8
128,8,moe,744,35,5094,2215,2215,2751,98,0,30,0,610,8,6,2,8
128,9,moe,804,35,8856,3571,3571,4995,172,0,118,0,738,8,5,3,8
128,10,moe,727,33,2130,1188,1188,832,50,0,60,0,612,8,7,1,8
128,11,moe,670,32,8494,2728,2728,5524,199,0,43,0,613,8,4,4,8
128,12,moe,723,34,3816,1737,1737,1898,115,0,66,0,727,8,6,2,8
128,13,moe,816,38,3191,1394,1394,1599,99,0,99,0,612,8,6,2,8
128,14,moe,736,33,7159,3824,3824,3074,203,0,58,0,628,8,4,4,8
128,15,moe,674,32,8032,3971,3971,3701,236,0,124,0,736,8,4,4,8
128,16,moe,734,34,8837,2872,2872,5646,199,0,120,0,620,8,4,4,8
128,17,moe,806,41,11472,4228,4228,6936,244,0,64,0,612,8,3,5,8
128,18,moe,737,37,3761,1632,1632,1909,116,1,103,0,732,8,6,2,8
128,19,moe,676,35,6337,1826,1826,4259,147,0,105,0,615,8,5,3,8
128,20,moe,732,33,4267,1386,1386,2753,99,0,29,0,616,8,6,2,8
128,21,moe,809,37,1477,317,317,1019,60,0,81,0,737,8,7,1,8
128,22,moe,814,36,4044,2256,2256,1592,102,0,94,0,625,8,6,2,8
128,23,moe,662,33,4845,1810,1810,2772,171,0,92,0,736,8,5,3,8
128,24,moe,798,35,4924,1550,1550,3224,115,0,35,0,731,8,6,2,8
128,25,moe,821,37,8490,3711,3711,4438,286,0,55,0,738,8,3,5,8
128,26,moe,670,33,4367,2429,2429,1782,114,0,42,0,733,8,6,2,8
128,-1,epi,0,0,0,0,0,0,0,0,5858,0,0,0,0,0,0
129,-2,pre,272,0,0,0,0,0,0,0,0,0,0,0,0,0,0
129,0,dense,1483,34,0,0,0,0,0,0,0,0,0,0,0,0,0
129,1,moe,815,33,6212,938,938,5035,200,0,39,0,779,8,5,3,8
129,2,moe,734,32,9193,3244,3245,5485,384,0,79,0,814,8,2,6,8
129,3,moe,702,33,5766,2897,2897,2654,167,0,48,0,756,8,5,3,8
129,4,moe,769,36,5220,2580,2580,2361,152,0,127,0,635,8,5,3,8
129,5,moe,822,31,4338,1439,1439,2761,100,0,38,0,635,8,6,2,8
129,6,moe,750,30,3083,1184,1184,1746,59,0,94,0,746,8,7,1,8
129,7,moe,675,30,5932,2513,2513,3121,197,0,101,0,630,8,4,4,8
129,8,moe,753,34,3914,2240,2240,1536,99,0,39,0,632,8,6,2,8
129,9,moe,814,34,7972,3954,3955,3654,233,0,130,0,749,8,4,4,8
129,10,moe,744,31,5525,2083,2083,3114,202,0,126,0,641,8,4,4,8
129,11,moe,670,30,5215,2731,2731,2289,151,0,44,0,642,8,5,3,8
129,12,moe,755,30,5893,2812,2812,2793,174,0,114,0,756,8,5,3,8
129,13,moe,811,32,7787,4348,4348,3111,199,0,129,0,627,8,4,4,8
129,14,moe,734,31,3110,1457,1457,1521,103,0,29,0,634,8,6,2,8
129,15,moe,681,32,12161,3553,3553,8195,282,0,131,0,743,8,3,5,8
129,16,moe,745,32,4579,1109,1109,3149,197,0,124,0,623,8,4,4,8
129,17,moe,835,34,5161,833,833,4138,147,0,43,0,625,8,5,3,8
129,18,moe,746,31,13423,4781,4781,8233,288,0,121,0,739,8,3,5,8
129,19,moe,675,28,9063,3113,3113,5640,194,0,116,0,619,8,4,4,8
129,20,moe,754,34,12481,3826,3826,8290,301,0,64,0,622,8,2,6,8
129,21,moe,804,31,7207,3225,3225,3641,227,0,114,0,744,8,4,4,8
129,22,moe,806,30,7596,3321,3322,3890,246,0,138,0,628,8,3,5,8
129,23,moe,672,27,7370,2097,2097,4997,168,0,108,0,733,8,5,3,8
129,24,moe,812,29,7045,3218,3221,3547,228,0,49,0,740,8,4,4,8
129,25,moe,807,31,9701,3961,3961,5332,345,0,63,0,748,8,2,6,8
129,26,moe,671,28,12784,4405,4405,8042,279,0,58,0,735,8,3,5,8
129,-1,epi,0,0,0,0,0,0,0,0,5818,0,0,0,0,0,0
130,-2,pre,209,0,0,0,0,0,0,0,0,0,0,0,0,0,0
130,0,dense,1469,32,0,0,0,0,0,0,0,0,0,0,0,0,0
130,1,moe,834,30,7060,2029,2029,4819,169,0,43,0,753,8,5,3,8
130,2,moe,741,30,10909,4202,4202,6435,226,0,46,0,742,8,4,4,8
130,3,moe,686,30,10270,3559,3559,6437,229,0,45,0,732,8,4,4,8
130,4,moe,728,31,7928,3662,3662,3868,250,0,148,0,621,8,3,5,8
130,5,moe,801,32,5924,3427,3427,2292,156,0,49,0,619,8,5,3,8
130,6,moe,731,31,2425,1266,1267,1010,57,0,91,0,740,8,7,1,8
130,7,moe,675,34,2086,1118,1118,837,49,0,82,0,618,8,7,1,8
130,8,moe,732,31,3365,1717,1717,1519,100,0,29,0,621,8,6,2,8
130,9,moe,806,30,8476,3212,3212,4972,175,0,117,0,731,8,5,3,8
130,10,moe,729,31,5235,2589,2590,2382,146,0,117,0,623,8,5,3,8
130,11,moe,667,27,4246,1771,1771,2283,150,0,42,0,638,8,5,3,8
130,12,moe,727,31,6833,3773,3773,2782,176,0,102,0,738,8,5,3,8
130,13,moe,804,32,2103,1133,1134,833,50,0,86,0,631,8,7,1,8
130,14,moe,745,30,4947,2456,2456,2295,149,0,47,0,624,8,5,3,8
130,15,moe,730,35,10535,6536,6537,3658,227,0,113,0,741,8,4,4,8
130,16,moe,740,33,7368,2895,2896,4213,148,0,111,0,618,8,5,3,8
130,17,moe,795,36,3082,1421,1421,1525,100,0,36,0,630,8,6,2,8
130,18,moe,741,36,5942,2867,2867,2782,176,0,117,0,743,8,5,3,8
130,19,moe,663,34,10016,4928,4928,4650,294,0,144,0,628,8,2,6,8
130,20,moe,732,37,11391,4177,4178,6900,252,0,61,0,621,8,3,5,8
130,21,moe,806,36,7971,2714,2714,4976,169,0,112,0,738,8,5,3,8
130,22,moe,812,38,8849,2912,2912,5615,198,0,124,0,612,8,4,4,8
130,23,moe,12615,34,4880,1835,1835,2760,173,0,112,0,738,8,5,3,8
130,24,moe,807,35,10685,3963,3963,6447,226,0,49,0,735,8,4,4,8
130,25,moe,806,34,13239,4848,4849,8048,282,1,59,0,731,8,3,5,8
130,26,moe,664,34,10821,4083,4083,6462,225,0,51,0,728,8,4,4,8
130,-1,epi,0,0,0,0,0,0,0,0,5783,0,0,0,0,0,0
